{
	"format_version": "1.10.0",
	"geometry.model": {
		"texturewidth": 64,
		"textureheight": 64,
		"visible_bounds_width": 2,
		"visible_bounds_height": 2,
		"visible_bounds_offset": [0, 1, 0],
		"bones": [
			{
				"name": "head",
				"pivot": [0, 14, 0],
				"cubes": [
					{"origin": [-7, 14, -2], "size": [14, 8, 5], "uv": [0, 0]},
					{"origin": [2, 22, -1], "size": [3, 3, 2], "uv": [54, 19]},
					{"origin": [-5, 22, -1], "size": [3, 3, 2], "uv": [54, 13]}
				]
			},
			{
				"name": "blink",
				"parent": "head",
				"pivot": [0, 18, 0]
			},
			{
				"name": "armRight",
				"pivot": [-3.5, 14.5, 0],
				"rotation": [0, 0, 25],
				"cubes": [
					{"origin": [-4.46946, 7.61762, -1], "size": [2, 7, 2], "uv": [35, 49]}
				]
			},
			{
				"name": "armRightPositioningBone",
				"parent": "armRight",
				"pivot": [-3.20315, 8.28869, 0]
			},
			{
				"name": "armLeft",
				"pivot": [3.4, 14.5, 0],
				"rotation": [0, 0, -25],
				"cubes": [
					{"origin": [2.4601, 7.57536, -1], "size": [2, 7, 2], "uv": [53, 49]}
				]
			},
			{
				"name": "armLeftPositioningBone",
				"parent": "armLeft",
				"pivot": [3.28748, 8.66905, 0]
			},
			{
				"name": "body",
				"pivot": [0, 10.5, 0],
				"cubes": [
					{"origin": [-3, 5.999, -1], "size": [6, 9, 3], "uv": [44, 34]}
				]
			},
			{
				"name": "legLeft",
				"pivot": [1.5, 6.5, 0],
				"cubes": [
					{"origin": [0.499, 0, -0.5], "size": [2, 7, 2], "uv": [23, 42]}
				]
			},
			{
				"name": "legRight",
				"pivot": [-1.5, 6.5, 0],
				"cubes": [
					{"origin": [-2.499, 0, -0.5], "size": [2, 7, 2], "uv": [8, 39]}
				]
			},
			{
				"name": "tail",
				"pivot": [0, 9.25, 1]
			},
			{
				"name": "tailinner",
				"parent": "tail",
				"pivot": [-0.5, 9.32893, 1.01631],
				"rotation": [-25, 0, 0],
				"cubes": [
					{"origin": [-0.5, 8.96077, 0.6003], "size": [1, 1, 5], "uv": [28, 26]}
				]
			},
			{
				"name": "backpackPositioningBone",
				"pivot": [0, 14, 0.5]
			}
		]
	}
}