{
	"format_version": "1.10.0",
	"geometry.model": {
		"texturewidth": 128,
		"textureheight": 128,
		"visible_bounds_width": 2,
		"visible_bounds_height": 2,
		"visible_bounds_offset": [0, 1, 0],
		"bones": [
			{
				"name": "head",
				"pivot": [0, 6.7, 0.25],
				"cubes": [
					{"origin": [-5.2215, 7.49, -4.11], "size": [10.5315, 6.49, 9.44], "uv": [9, 65]},
					{"origin": [-4.13, 6.9, -3.52], "size": [8.26, 7.08, 8.26], "uv": [0, 10]},
					{"origin": [-5.015, 13.98, -3.815], "size": [10.325, 1.18, 9.145], "uv": [90, 7]},
					{"origin": [-3.835, 15.16, -2.635], "size": [7.965, 0.885, 6.785], "uv": [89, 18]},
					{"origin": [-5.3395, 8.08, -4.582], "size": [10.797, 5.9, 1.416], "uv": [95, 114]},
					{"origin": [-5.2215, 7.58, 3.844], "size": [10.5315, 6.518, 2.43], "uv": [89, 11]},
					{"origin": [-5.4465, 7.08, 0.369], "size": [11.1565, 1.518, 5.405], "uv": [92, 44]},
					{"origin": [4.602, 8.08, -3.992], "size": [1.68, 5.9, 9.44], "uv": [91, 2]},
					{"origin": [-6.048, 8.08, -3.992], "size": [1.505, 6.018, 9.44], "uv": [89, 9]}
				]
			},
			{
				"name": "helmet",
				"parent": "head",
				"pivot": [0, 9.2, -0.25],
				"cubes": [
					{"origin": [-5.25, 9.925, -4.7], "size": [11, 0.6, 0.375], "uv": [56, 63]},
					{"origin": [-5.5, 10.05, -4.625], "size": [0.4, 0.475, 7.375], "uv": [56, 63]},
					{"origin": [5.5, 10.05, -4.625], "size": [0.4, 0.475, 7.375], "uv": [56, 63]},
					{"origin": [-4.25, 8.55, -4.875], "size": [4, 2.45, 0.375], "uv": [62, 55]},
					{"origin": [1, 8.05, -4.875], "size": [3, 0.7, 0.375], "uv": [56, 63]},
					{"origin": [-3.75, 8.05, -4.875], "size": [3, 0.7, 0.375], "uv": [56, 63]},
					{"origin": [0.5, 8.55, -4.875], "size": [4, 2.45, 0.375], "uv": [57, 69]}
				]
			},
			{
				"name": "x",
				"parent": "helmet",
				"pivot": [-2, 10.2, -5.25],
				"rotation": [0, 0, -35],
				"cubes": [
					{"origin": [-2.11807, 8.31017, -4.925], "size": [0.5, 0.95, 0], "uv": [56, 40]},
					{"origin": [-3.63358, 8.76096, -4.925], "size": [0.5, 0.95, 0], "uv": [56, 40]},
					{"origin": [1.91896, 5.62732, -4.925], "size": [0.5, 0.95, 0], "uv": [56, 40]},
					{"origin": [0.40345, 6.07811, -4.925], "size": [0.5, 0.95, 0], "uv": [56, 40]}
				]
			},
			{
				"name": "f",
				"parent": "head",
				"pivot": [-0.4, 13.04, 0.43],
				"rotation": [0, 0, 10],
				"cubes": [
					{"origin": [-5.948, 8.055, -2.992], "size": [0.955, 4.443, 7.69], "uv": [92, 8]},
					{"origin": [-5.8205, 10.05865, -4.392], "size": [2.705, 2.868, 0.915], "uv": [84, 17]}
				]
			},
			{
				"name": "f2",
				"parent": "f",
				"pivot": [-0.4, 13.04, 0.43],
				"rotation": [0, 0, -20]
			},
			{
				"name": "tail2",
				"parent": "f2",
				"pivot": [-0.4, 13.04, 0.43],
				"cubes": [
					{"origin": [-1.92492, 7.40118, 6.008], "size": [4.355, 6.943, 0.94], "uv": [104, 16]},
					{"origin": [5.23101, 7.65421, -2.992], "size": [0.955, 4.443, 7.69], "uv": [93, 11]},
					{"origin": [4.50601, 8.65421, -4.692], "size": [1.68, 3.443, 1.015], "uv": [94, 10]},
					{"origin": [-0.98608, 11.05964, -4.992], "size": [2.605, 4.443, 2.69], "uv": [93, 12]}
				]
			},
			{
				"name": "tail",
				"parent": "head",
				"pivot": [0, 15.64, -0.57],
				"cubes": [
					{"origin": [-0.4, 15.9, 1.65], "size": [0.75, 2, 0], "uv": [97, 14]}
				]
			},
			{
				"name": "Beg",
				"parent": "head",
				"pivot": [3.658, 15.22, 1.003],
				"rotation": [0, 0, 20],
				"locators": {
					"locator": [5.46715, -0.47803, 0]
				}
			},
			{
				"name": "tail3",
				"parent": "Beg",
				"pivot": [2.63194, 14.97908, 1.318]
			},
			{
				"name": "tail4",
				"parent": "head",
				"pivot": [-3.54, 15.22, -0.885],
				"rotation": [0, 0, -20]
			},
			{
				"name": "body",
				"pivot": [0, 1.5, 0]
			},
			{
				"name": "bodym",
				"parent": "body",
				"pivot": [0, 1.5, 0],
				"cubes": [
					{"origin": [-3, 2, -2], "size": [6, 5, 4], "uv": [32, 109]}
				]
			},
			{
				"name": "pifeng",
				"parent": "bodym",
				"pivot": [0, 7.4, 2],
				"rotation": [15, 0, 0]
			},
			{
				"name": "armRight",
				"pivot": [-3, 5.5, 1],
				"rotation": [0, 0, 15],
				"cubes": [
					{"origin": [-3.48701, 1.94919, 0.1], "size": [0.75, 5, 1], "uv": [61, 61]}
				]
			},
			{
				"name": "armRightPositioningBone",
				"parent": "armRight",
				"pivot": [-2.84701, 2.62518, 0]
			},
			{
				"name": "armLeft",
				"pivot": [3, 6.5, 1],
				"rotation": [0, 0, -15],
				"cubes": [
					{"origin": [2.3816, 2.00915, 0.1], "size": [0.75, 5, 1], "uv": [64, 60]}
				]
			},
			{
				"name": "armLeftPositioningBone2",
				"parent": "armLeft",
				"pivot": [2.58819, 2.65926, 0]
			},
			{
				"name": "legRight",
				"pivot": [-2, 2, 1],
				"cubes": [
					{"origin": [-2.9, 0, 0], "size": [1, 2, 1], "uv": [66, 56]}
				]
			},
			{
				"name": "legLeft",
				"pivot": [2, 2, 0],
				"cubes": [
					{"origin": [1.9, 0, 0], "size": [1, 2, 1], "uv": [66, 56]}
				]
			},
			{
				"name": "sinFloat",
				"pivot": [0, 2, 1],
				"rotation": [15, 0, 0]
			},
			{
				"name": "body1",
				"parent": "sinFloat",
				"pivot": [0, 5.67183, 2.08845],
				"rotation": [0, 145, 0]
			},
			{
				"name": "backpackPositioningBone",
				"pivot": [0, 6, 2]
			}
		]
	}
}