{
	"format_version": "1.10.0",
	"geometry.model": {
		"texturewidth": 176,
		"textureheight": 176,
		"visible_bounds_width": 4,
		"visible_bounds_height": 2,
		"visible_bounds_offset": [0, 0, 0],
		"bones": [
			{
				"name": "bed",
				"pivot": [0, 0, 0]
			},
			{
				"name": "tui",
				"parent": "bed",
				"pivot": [0, 0, 0]
			},
			{
				"name": "bone2",
				"parent": "tui",
				"pivot": [0, 0, 0]
			},
			{
				"name": "bone",
				"parent": "bone2",
				"pivot": [0, 20, 0],
				"cubes": [
					{"origin": [-10, 16, 18], "size": [20, 2, 2], "uv": [90, 12]}
				]
			},
			{
				"name": "bone20",
				"parent": "bone",
				"pivot": [11, 15, 6],
				"rotation": [90, 0, 0]
			},
			{
				"name": "bone21",
				"parent": "bone20",
				"pivot": [11, 15, 6]
			},
			{
				"name": "bone22",
				"parent": "bone20",
				"pivot": [11, 15, 6],
				"rotation": [0, 22.5, 0],
				"cubes": [
					{"origin": [8.91761, 0.999, 6.40057], "size": [2, 2, 2], "uv": [14, 80]}
				]
			},
			{
				"name": "bone23",
				"parent": "bone20",
				"pivot": [11, 15, 6],
				"rotation": [0, 45, 0],
				"cubes": [
					{"origin": [10, 1, 6.18527], "size": [2, 2, 2], "uv": [75, 78]}
				]
			},
			{
				"name": "bone24",
				"parent": "bone20",
				"pivot": [11, 15, 6],
				"rotation": [0, 67.5, 0],
				"cubes": [
					{"origin": [11.08239, 0.999, 6.40057], "size": [2, 2, 2], "uv": [8, 78]}
				]
			},
			{
				"name": "bone25",
				"parent": "bone20",
				"pivot": [11, 15, 6],
				"rotation": [0, 90, 0],
				"cubes": [
					{"origin": [12, 1, 7.0137], "size": [6, 2, 2], "uv": [20, 51]}
				]
			},
			{
				"name": "bone26",
				"parent": "bone20",
				"pivot": [11, 15, 6],
				"rotation": [0, 112.5, 0]
			},
			{
				"name": "bone27",
				"parent": "bone20",
				"pivot": [11, 15, 6],
				"rotation": [0, 135, 0]
			},
			{
				"name": "bone28",
				"parent": "bone20",
				"pivot": [11, 15, 6],
				"rotation": [0, 157.5, 0]
			},
			{
				"name": "bone29",
				"parent": "bone20",
				"pivot": [11, 15, 6],
				"rotation": [0, 180, 0]
			},
			{
				"name": "bone30",
				"parent": "bone20",
				"pivot": [11, 15, 6],
				"rotation": [0, 202.5, 0]
			},
			{
				"name": "bone31",
				"parent": "bone20",
				"pivot": [11, 15, 6],
				"rotation": [0, 225, 0]
			},
			{
				"name": "bone32",
				"parent": "bone20",
				"pivot": [11, 15, 6],
				"rotation": [0, 247.5, 0]
			},
			{
				"name": "bone33",
				"parent": "bone20",
				"pivot": [11, 15, 6],
				"rotation": [0, 270, 0]
			},
			{
				"name": "bone34",
				"parent": "bone20",
				"pivot": [11, 15, 6],
				"rotation": [0, 292.5, 0]
			},
			{
				"name": "bone35",
				"parent": "bone20",
				"pivot": [11, 15, 6],
				"rotation": [0, 315, 0]
			},
			{
				"name": "bone36",
				"parent": "bone20",
				"pivot": [11, 15, 6],
				"rotation": [0, 337.5, 0]
			},
			{
				"name": "bone37",
				"parent": "bone",
				"pivot": [-11, 15, 6],
				"rotation": [90, 0, 0]
			},
			{
				"name": "bone38",
				"parent": "bone37",
				"pivot": [-11, 15, 6]
			},
			{
				"name": "bone39",
				"parent": "bone37",
				"pivot": [-11, 15, 6],
				"rotation": [0, -22.5, 0],
				"cubes": [
					{"origin": [-10.91761, 0.999, 6.40057], "size": [2, 2, 2], "uv": [0, 78]}
				]
			},
			{
				"name": "bone40",
				"parent": "bone37",
				"pivot": [-11, 15, 6],
				"rotation": [0, -45, 0],
				"cubes": [
					{"origin": [-12, 1, 6.18527], "size": [2, 2, 2], "uv": [24, 71]}
				]
			},
			{
				"name": "bone41",
				"parent": "bone37",
				"pivot": [-11, 15, 6],
				"rotation": [0, -67.5, 0],
				"cubes": [
					{"origin": [-13.08239, 0.999, 6.40057], "size": [2, 2, 2], "uv": [16, 71]}
				]
			},
			{
				"name": "bone42",
				"parent": "bone37",
				"pivot": [-11, 15, 6],
				"rotation": [0, -90, 0],
				"cubes": [
					{"origin": [-18, 1, 7.0137], "size": [6, 2, 2], "uv": [20, 47]}
				]
			},
			{
				"name": "bone43",
				"parent": "bone37",
				"pivot": [-11, 15, 6],
				"rotation": [0, -112.5, 0]
			},
			{
				"name": "bone44",
				"parent": "bone37",
				"pivot": [-11, 15, 6],
				"rotation": [0, -135, 0]
			},
			{
				"name": "bone45",
				"parent": "bone37",
				"pivot": [-11, 15, 6],
				"rotation": [0, -157.5, 0]
			},
			{
				"name": "bone46",
				"parent": "bone37",
				"pivot": [-11, 15, 6],
				"rotation": [0, -180, 0]
			},
			{
				"name": "bone47",
				"parent": "bone37",
				"pivot": [-11, 15, 6],
				"rotation": [0, -202.5, 0]
			},
			{
				"name": "bone48",
				"parent": "bone37",
				"pivot": [-11, 15, 6],
				"rotation": [0, -225, 0]
			},
			{
				"name": "bone49",
				"parent": "bone37",
				"pivot": [-11, 15, 6],
				"rotation": [0, -247.5, 0]
			},
			{
				"name": "bone50",
				"parent": "bone37",
				"pivot": [-11, 15, 6],
				"rotation": [0, -270, 0]
			},
			{
				"name": "bone51",
				"parent": "bone37",
				"pivot": [-11, 15, 6],
				"rotation": [0, -292.5, 0]
			},
			{
				"name": "bone52",
				"parent": "bone37",
				"pivot": [-11, 15, 6],
				"rotation": [0, -315, 0]
			},
			{
				"name": "bone53",
				"parent": "bone37",
				"pivot": [-11, 15, 6],
				"rotation": [0, -337.5, 0]
			},
			{
				"name": "bone89",
				"parent": "bone",
				"pivot": [0, 20, 0],
				"rotation": [90, 0, 0]
			},
			{
				"name": "bone90",
				"parent": "bone89",
				"pivot": [7, 14, -5],
				"rotation": [0, 90, 0],
				"cubes": [
					{"origin": [6, 0, -4.9863], "size": [8, 2, 2], "uv": [0, 58]}
				]
			},
			{
				"name": "bone91",
				"parent": "bone89",
				"pivot": [7, 14, -5],
				"rotation": [0, 90, 0],
				"cubes": [
					{"origin": [6, 0, -9.9863], "size": [8, 2, 2], "uv": [0, 34]}
				]
			},
			{
				"name": "bone92",
				"parent": "bone89",
				"pivot": [7, 14, -5],
				"rotation": [0, 90, 0]
			},
			{
				"name": "bone93",
				"parent": "bone89",
				"pivot": [7, 14, -5],
				"rotation": [0, 90, 0],
				"cubes": [
					{"origin": [6, 0, -20.9863], "size": [8, 2, 2], "uv": [18, 32]}
				]
			},
			{
				"name": "bone94",
				"parent": "bone89",
				"pivot": [7, 14, -5],
				"rotation": [0, 90, 0],
				"cubes": [
					{"origin": [6, 0, -15.9863], "size": [8, 2, 2], "uv": [0, 30]}
				]
			},
			{
				"name": "bone54",
				"parent": "bone2",
				"pivot": [0, 0, 0],
				"cubes": [
					{"origin": [-10, 0, 18], "size": [20, 2, 2], "uv": [90, 8]},
					{"origin": [-12, 6, 18], "size": [24, 2, 2], "uv": [75, 89]}
				]
			},
			{
				"name": "bone55",
				"parent": "bone54",
				"pivot": [11, 5, 6],
				"rotation": [-90, 0, 0]
			},
			{
				"name": "bone56",
				"parent": "bone55",
				"pivot": [11, 5, 6]
			},
			{
				"name": "bone57",
				"parent": "bone55",
				"pivot": [11, 5, 6],
				"rotation": [0, 22.5, 0],
				"cubes": [
					{"origin": [8.15224, 17.001, 8.24833], "size": [2, 2, 2], "uv": [8, 70]}
				]
			},
			{
				"name": "bone58",
				"parent": "bone55",
				"pivot": [11, 5, 6],
				"rotation": [0, 45, 0],
				"cubes": [
					{"origin": [8.58579, 17, 7.59949], "size": [2, 2, 2], "uv": [0, 70]}
				]
			},
			{
				"name": "bone59",
				"parent": "bone55",
				"pivot": [11, 5, 6],
				"rotation": [0, 67.5, 0],
				"cubes": [
					{"origin": [9.23463, 17.001, 7.16594], "size": [2, 2, 2], "uv": [24, 67]}
				]
			},
			{
				"name": "bone60",
				"parent": "bone55",
				"pivot": [11, 5, 6],
				"rotation": [0, 90, 0],
				"cubes": [
					{"origin": [10, 17, 7.0137], "size": [4, 2, 2], "uv": [24, 16]}
				]
			},
			{
				"name": "bone61",
				"parent": "bone55",
				"pivot": [11, 5, 6],
				"rotation": [0, 112.5, 0]
			},
			{
				"name": "bone62",
				"parent": "bone55",
				"pivot": [11, 5, 6],
				"rotation": [0, 135, 0]
			},
			{
				"name": "bone63",
				"parent": "bone55",
				"pivot": [11, 5, 6],
				"rotation": [0, 157.5, 0]
			},
			{
				"name": "bone64",
				"parent": "bone55",
				"pivot": [11, 5, 6],
				"rotation": [0, 180, 0]
			},
			{
				"name": "bone65",
				"parent": "bone55",
				"pivot": [11, 5, 6],
				"rotation": [0, 202.5, 0]
			},
			{
				"name": "bone66",
				"parent": "bone55",
				"pivot": [11, 5, 6],
				"rotation": [0, 225, 0]
			},
			{
				"name": "bone67",
				"parent": "bone55",
				"pivot": [11, 5, 6],
				"rotation": [0, 247.5, 0]
			},
			{
				"name": "bone68",
				"parent": "bone55",
				"pivot": [11, 5, 6],
				"rotation": [0, 270, 0]
			},
			{
				"name": "bone69",
				"parent": "bone55",
				"pivot": [11, 5, 6],
				"rotation": [0, 292.5, 0]
			},
			{
				"name": "bone70",
				"parent": "bone55",
				"pivot": [11, 5, 6],
				"rotation": [0, 315, 0]
			},
			{
				"name": "bone71",
				"parent": "bone55",
				"pivot": [11, 5, 6],
				"rotation": [0, 337.5, 0]
			},
			{
				"name": "bone72",
				"parent": "bone54",
				"pivot": [-11, 5, 6],
				"rotation": [-90, 0, 0]
			},
			{
				"name": "bone73",
				"parent": "bone72",
				"pivot": [-11, 5, 6]
			},
			{
				"name": "bone74",
				"parent": "bone72",
				"pivot": [-11, 5, 6],
				"rotation": [0, -22.5, 0],
				"cubes": [
					{"origin": [-10.15224, 17.001, 8.24833], "size": [2, 2, 2], "uv": [16, 67]}
				]
			},
			{
				"name": "bone75",
				"parent": "bone72",
				"pivot": [-11, 5, 6],
				"rotation": [0, -45, 0],
				"cubes": [
					{"origin": [-10.58579, 17, 7.59949], "size": [2, 2, 2], "uv": [8, 66]}
				]
			},
			{
				"name": "bone76",
				"parent": "bone72",
				"pivot": [-11, 5, 6],
				"rotation": [0, -67.5, 0],
				"cubes": [
					{"origin": [-11.23463, 17.001, 7.16594], "size": [2, 2, 2], "uv": [0, 66]}
				]
			},
			{
				"name": "bone77",
				"parent": "bone72",
				"pivot": [-11, 5, 6],
				"rotation": [0, -90, 0],
				"cubes": [
					{"origin": [-14, 17, 7.0137], "size": [4, 2, 2], "uv": [24, 12]}
				]
			},
			{
				"name": "bone78",
				"parent": "bone72",
				"pivot": [-11, 5, 6],
				"rotation": [0, -112.5, 0]
			},
			{
				"name": "bone79",
				"parent": "bone72",
				"pivot": [-11, 5, 6],
				"rotation": [0, -135, 0]
			},
			{
				"name": "bone80",
				"parent": "bone72",
				"pivot": [-11, 5, 6],
				"rotation": [0, -157.5, 0]
			},
			{
				"name": "bone81",
				"parent": "bone72",
				"pivot": [-11, 5, 6],
				"rotation": [0, -180, 0]
			},
			{
				"name": "bone82",
				"parent": "bone72",
				"pivot": [-11, 5, 6],
				"rotation": [0, -202.5, 0]
			},
			{
				"name": "bone83",
				"parent": "bone72",
				"pivot": [-11, 5, 6],
				"rotation": [0, -225, 0]
			},
			{
				"name": "bone84",
				"parent": "bone72",
				"pivot": [-11, 5, 6],
				"rotation": [0, -247.5, 0]
			},
			{
				"name": "bone85",
				"parent": "bone72",
				"pivot": [-11, 5, 6],
				"rotation": [0, -270, 0]
			},
			{
				"name": "bone86",
				"parent": "bone72",
				"pivot": [-11, 5, 6],
				"rotation": [0, -292.5, 0]
			},
			{
				"name": "bone87",
				"parent": "bone72",
				"pivot": [-11, 5, 6],
				"rotation": [0, -315, 0]
			},
			{
				"name": "bone88",
				"parent": "bone72",
				"pivot": [-11, 5, 6],
				"rotation": [0, -337.5, 0]
			},
			{
				"name": "bone96",
				"parent": "tui",
				"pivot": [0, 0, -38]
			},
			{
				"name": "bone97",
				"parent": "bone96",
				"pivot": [0, 20, -38],
				"cubes": [
					{"origin": [-10, 16, -20], "size": [20, 2, 2], "uv": [90, 4]}
				]
			},
			{
				"name": "bone98",
				"parent": "bone97",
				"pivot": [11, 15, -32],
				"rotation": [90, 0, 0]
			},
			{
				"name": "bone99",
				"parent": "bone98",
				"pivot": [11, 15, -32]
			},
			{
				"name": "bone100",
				"parent": "bone98",
				"pivot": [11, 15, -32],
				"rotation": [0, 22.5, 0],
				"cubes": [
					{"origin": [8.91761, 0.999, -31.59943], "size": [2, 2, 2], "uv": [24, 63]}
				]
			},
			{
				"name": "bone101",
				"parent": "bone98",
				"pivot": [11, 15, -32],
				"rotation": [0, 45, 0],
				"cubes": [
					{"origin": [10, 1, -31.81473], "size": [2, 2, 2], "uv": [16, 63]}
				]
			},
			{
				"name": "bone102",
				"parent": "bone98",
				"pivot": [11, 15, -32],
				"rotation": [0, 67.5, 0],
				"cubes": [
					{"origin": [11.08239, 0.999, -31.59943], "size": [2, 2, 2], "uv": [8, 62]}
				]
			},
			{
				"name": "bone103",
				"parent": "bone98",
				"pivot": [11, 15, -32],
				"rotation": [0, 90, 0],
				"cubes": [
					{"origin": [12, 1, -30.9863], "size": [6, 2, 2], "uv": [20, 43]}
				]
			},
			{
				"name": "bone104",
				"parent": "bone98",
				"pivot": [11, 15, -32],
				"rotation": [0, 112.5, 0]
			},
			{
				"name": "bone105",
				"parent": "bone98",
				"pivot": [11, 15, -32],
				"rotation": [0, 135, 0]
			},
			{
				"name": "bone106",
				"parent": "bone98",
				"pivot": [11, 15, -32],
				"rotation": [0, 157.5, 0]
			},
			{
				"name": "bone107",
				"parent": "bone98",
				"pivot": [11, 15, -32],
				"rotation": [0, 180, 0]
			},
			{
				"name": "bone108",
				"parent": "bone98",
				"pivot": [11, 15, -32],
				"rotation": [0, 202.5, 0]
			},
			{
				"name": "bone109",
				"parent": "bone98",
				"pivot": [11, 15, -32],
				"rotation": [0, 225, 0]
			},
			{
				"name": "bone110",
				"parent": "bone98",
				"pivot": [11, 15, -32],
				"rotation": [0, 247.5, 0]
			},
			{
				"name": "bone111",
				"parent": "bone98",
				"pivot": [11, 15, -32],
				"rotation": [0, 270, 0]
			},
			{
				"name": "bone112",
				"parent": "bone98",
				"pivot": [11, 15, -32],
				"rotation": [0, 292.5, 0]
			},
			{
				"name": "bone113",
				"parent": "bone98",
				"pivot": [11, 15, -32],
				"rotation": [0, 315, 0]
			},
			{
				"name": "bone114",
				"parent": "bone98",
				"pivot": [11, 15, -32],
				"rotation": [0, 337.5, 0]
			},
			{
				"name": "bone115",
				"parent": "bone97",
				"pivot": [-11, 15, -32],
				"rotation": [90, 0, 0]
			},
			{
				"name": "bone116",
				"parent": "bone115",
				"pivot": [-11, 15, -32]
			},
			{
				"name": "bone117",
				"parent": "bone115",
				"pivot": [-11, 15, -32],
				"rotation": [0, -22.5, 0],
				"cubes": [
					{"origin": [-10.91761, 0.999, -31.59943], "size": [2, 2, 2], "uv": [0, 62]}
				]
			},
			{
				"name": "bone118",
				"parent": "bone115",
				"pivot": [-11, 15, -32],
				"rotation": [0, -45, 0],
				"cubes": [
					{"origin": [-12, 1, -31.81473], "size": [2, 2, 2], "uv": [28, 59]}
				]
			},
			{
				"name": "bone119",
				"parent": "bone115",
				"pivot": [-11, 15, -32],
				"rotation": [0, -67.5, 0],
				"cubes": [
					{"origin": [-13.08239, 0.999, -31.59943], "size": [2, 2, 2], "uv": [20, 59]}
				]
			},
			{
				"name": "bone120",
				"parent": "bone115",
				"pivot": [-11, 15, -32],
				"rotation": [0, -90, 0],
				"cubes": [
					{"origin": [-18, 1, -30.9863], "size": [6, 2, 2], "uv": [20, 39]}
				]
			},
			{
				"name": "bone121",
				"parent": "bone115",
				"pivot": [-11, 15, -32],
				"rotation": [0, -112.5, 0]
			},
			{
				"name": "bone122",
				"parent": "bone115",
				"pivot": [-11, 15, -32],
				"rotation": [0, -135, 0]
			},
			{
				"name": "bone123",
				"parent": "bone115",
				"pivot": [-11, 15, -32],
				"rotation": [0, -157.5, 0]
			},
			{
				"name": "bone124",
				"parent": "bone115",
				"pivot": [-11, 15, -32],
				"rotation": [0, -180, 0]
			},
			{
				"name": "bone125",
				"parent": "bone115",
				"pivot": [-11, 15, -32],
				"rotation": [0, -202.5, 0]
			},
			{
				"name": "bone126",
				"parent": "bone115",
				"pivot": [-11, 15, -32],
				"rotation": [0, -225, 0]
			},
			{
				"name": "bone127",
				"parent": "bone115",
				"pivot": [-11, 15, -32],
				"rotation": [0, -247.5, 0]
			},
			{
				"name": "bone128",
				"parent": "bone115",
				"pivot": [-11, 15, -32],
				"rotation": [0, -270, 0]
			},
			{
				"name": "bone129",
				"parent": "bone115",
				"pivot": [-11, 15, -32],
				"rotation": [0, -292.5, 0]
			},
			{
				"name": "bone130",
				"parent": "bone115",
				"pivot": [-11, 15, -32],
				"rotation": [0, -315, 0]
			},
			{
				"name": "bone131",
				"parent": "bone115",
				"pivot": [-11, 15, -32],
				"rotation": [0, -337.5, 0]
			},
			{
				"name": "bone132",
				"parent": "bone97",
				"pivot": [0, 20, -38],
				"rotation": [90, 0, 0]
			},
			{
				"name": "bone133",
				"parent": "bone132",
				"pivot": [7, 14, -43],
				"rotation": [0, 90, 0],
				"cubes": [
					{"origin": [6, 0, -42.9863], "size": [8, 2, 2], "uv": [18, 28]}
				]
			},
			{
				"name": "bone134",
				"parent": "bone132",
				"pivot": [7, 14, -43],
				"rotation": [0, 90, 0],
				"cubes": [
					{"origin": [6, 0, -47.9863], "size": [8, 2, 2], "uv": [0, 26]}
				]
			},
			{
				"name": "bone135",
				"parent": "bone132",
				"pivot": [7, 14, -43],
				"rotation": [0, 90, 0]
			},
			{
				"name": "bone136",
				"parent": "bone132",
				"pivot": [7, 14, -43],
				"rotation": [0, 90, 0],
				"cubes": [
					{"origin": [6, 0, -58.9863], "size": [8, 2, 2], "uv": [18, 24]}
				]
			},
			{
				"name": "bone137",
				"parent": "bone132",
				"pivot": [7, 14, -43],
				"rotation": [0, 90, 0],
				"cubes": [
					{"origin": [6, 0, -53.9863], "size": [8, 2, 2], "uv": [0, 22]}
				]
			},
			{
				"name": "bone138",
				"parent": "bone96",
				"pivot": [0, 0, -38],
				"cubes": [
					{"origin": [-10, 0, -20], "size": [20, 2, 2], "uv": [90, 0]},
					{"origin": [-12, 6, -20], "size": [24, 2, 2], "uv": [84, 71]}
				]
			},
			{
				"name": "bone139",
				"parent": "bone138",
				"pivot": [11, 5, -32],
				"rotation": [-90, 0, 0]
			},
			{
				"name": "bone140",
				"parent": "bone139",
				"pivot": [11, 5, -32]
			},
			{
				"name": "bone141",
				"parent": "bone139",
				"pivot": [11, 5, -32],
				"rotation": [0, 22.5, 0],
				"cubes": [
					{"origin": [8.15224, 17.001, -29.75167], "size": [2, 2, 2], "uv": [28, 55]}
				]
			},
			{
				"name": "bone142",
				"parent": "bone139",
				"pivot": [11, 5, -32],
				"rotation": [0, 45, 0],
				"cubes": [
					{"origin": [8.58579, 17, -30.40051], "size": [2, 2, 2], "uv": [20, 55]}
				]
			},
			{
				"name": "bone143",
				"parent": "bone139",
				"pivot": [11, 5, -32],
				"rotation": [0, 67.5, 0],
				"cubes": [
					{"origin": [9.23463, 17.001, -30.83406], "size": [2, 2, 2], "uv": [30, 20]}
				]
			},
			{
				"name": "bone144",
				"parent": "bone139",
				"pivot": [11, 5, -32],
				"rotation": [0, 90, 0],
				"cubes": [
					{"origin": [10, 17, -30.9863], "size": [4, 2, 2], "uv": [24, 4]}
				]
			},
			{
				"name": "bone145",
				"parent": "bone139",
				"pivot": [11, 5, -32],
				"rotation": [0, 112.5, 0]
			},
			{
				"name": "bone146",
				"parent": "bone139",
				"pivot": [11, 5, -32],
				"rotation": [0, 135, 0]
			},
			{
				"name": "bone147",
				"parent": "bone139",
				"pivot": [11, 5, -32],
				"rotation": [0, 157.5, 0]
			},
			{
				"name": "bone148",
				"parent": "bone139",
				"pivot": [11, 5, -32],
				"rotation": [0, 180, 0]
			},
			{
				"name": "bone149",
				"parent": "bone139",
				"pivot": [11, 5, -32],
				"rotation": [0, 202.5, 0]
			},
			{
				"name": "bone150",
				"parent": "bone139",
				"pivot": [11, 5, -32],
				"rotation": [0, 225, 0]
			},
			{
				"name": "bone151",
				"parent": "bone139",
				"pivot": [11, 5, -32],
				"rotation": [0, 247.5, 0]
			},
			{
				"name": "bone152",
				"parent": "bone139",
				"pivot": [11, 5, -32],
				"rotation": [0, 270, 0]
			},
			{
				"name": "bone153",
				"parent": "bone139",
				"pivot": [11, 5, -32],
				"rotation": [0, 292.5, 0]
			},
			{
				"name": "bone154",
				"parent": "bone139",
				"pivot": [11, 5, -32],
				"rotation": [0, 315, 0]
			},
			{
				"name": "bone155",
				"parent": "bone139",
				"pivot": [11, 5, -32],
				"rotation": [0, 337.5, 0]
			},
			{
				"name": "bone156",
				"parent": "bone138",
				"pivot": [-11, 5, -32],
				"rotation": [-90, 0, 0]
			},
			{
				"name": "bone157",
				"parent": "bone156",
				"pivot": [-11, 5, -32]
			},
			{
				"name": "bone158",
				"parent": "bone156",
				"pivot": [-11, 5, -32],
				"rotation": [0, -22.5, 0],
				"cubes": [
					{"origin": [-10.15224, 17.001, -29.75167], "size": [2, 2, 2], "uv": [0, 14]}
				]
			},
			{
				"name": "bone159",
				"parent": "bone156",
				"pivot": [-11, 5, -32],
				"rotation": [0, -45, 0],
				"cubes": [
					{"origin": [-10.58579, 17, -30.40051], "size": [2, 2, 2], "uv": [12, 4]}
				]
			},
			{
				"name": "bone160",
				"parent": "bone156",
				"pivot": [-11, 5, -32],
				"rotation": [0, -67.5, 0],
				"cubes": [
					{"origin": [-11.23463, 17.001, -30.83406], "size": [2, 2, 2], "uv": [12, 0]}
				]
			},
			{
				"name": "bone161",
				"parent": "bone156",
				"pivot": [-11, 5, -32],
				"rotation": [0, -90, 0],
				"cubes": [
					{"origin": [-14, 17, -30.9863], "size": [4, 2, 2], "uv": [24, 0]}
				]
			},
			{
				"name": "bone162",
				"parent": "bone156",
				"pivot": [-11, 5, -32],
				"rotation": [0, -112.5, 0]
			},
			{
				"name": "bone163",
				"parent": "bone156",
				"pivot": [-11, 5, -32],
				"rotation": [0, -135, 0]
			},
			{
				"name": "bone164",
				"parent": "bone156",
				"pivot": [-11, 5, -32],
				"rotation": [0, -157.5, 0]
			},
			{
				"name": "bone165",
				"parent": "bone156",
				"pivot": [-11, 5, -32],
				"rotation": [0, -180, 0]
			},
			{
				"name": "bone166",
				"parent": "bone156",
				"pivot": [-11, 5, -32],
				"rotation": [0, -202.5, 0]
			},
			{
				"name": "bone167",
				"parent": "bone156",
				"pivot": [-11, 5, -32],
				"rotation": [0, -225, 0]
			},
			{
				"name": "bone168",
				"parent": "bone156",
				"pivot": [-11, 5, -32],
				"rotation": [0, -247.5, 0]
			},
			{
				"name": "bone169",
				"parent": "bone156",
				"pivot": [-11, 5, -32],
				"rotation": [0, -270, 0]
			},
			{
				"name": "bone170",
				"parent": "bone156",
				"pivot": [-11, 5, -32],
				"rotation": [0, -292.5, 0]
			},
			{
				"name": "bone171",
				"parent": "bone156",
				"pivot": [-11, 5, -32],
				"rotation": [0, -315, 0]
			},
			{
				"name": "bone172",
				"parent": "bone156",
				"pivot": [-11, 5, -32],
				"rotation": [0, -337.5, 0]
			},
			{
				"name": "chuang",
				"parent": "bed",
				"pivot": [0, 8.75, -12],
				"cubes": [
					{"origin": [-12, 8, -18], "size": [24, 3, 36], "uv": [0, 39]},
					{"origin": [-13, 7.5, -19], "size": [26, 1, 38], "uv": [0, 0]}
				]
			},
			{
				"name": "zhentou",
				"parent": "chuang",
				"pivot": [0, 10.75, 4],
				"cubes": [
					{"origin": [-9, 10.4, 9], "size": [18, 3, 8], "uv": [84, 46]},
					{"origin": [-8, 11.95, 9.5], "size": [16, 3, 7], "uv": [84, 61], "inflate": -0.5}
				]
			},
			{
				"name": "beizi",
				"parent": "chuang",
				"pivot": [0, 10, -19.5],
				"cubes": [
					{"origin": [-13, 8, -19], "size": [26, 4, 23], "uv": [0, 78], "inflate": -0.5},
					{"origin": [-13, 8, 1.5], "size": [26, 4, 3], "uv": [84, 39], "inflate": -0.001}
				]
			},
			{
				"name": "zhuoban",
				"parent": "chuang",
				"pivot": [0, 17.25, -21],
				"cubes": [
					{"origin": [-17, 16.75, -14], "size": [34, 1, 10], "uv": [75, 78]}
				]
			},
			{
				"name": "dinggujia",
				"parent": "zhuoban",
				"pivot": [0, 17.25, -21],
				"cubes": [
					{"origin": [-14, 16.25, -7], "size": [28, 1, 1], "uv": [84, 59]},
					{"origin": [-14, 16.25, -12], "size": [28, 1, 1], "uv": [84, 57]}
				]
			},
			{
				"name": "zhuotui1",
				"parent": "zhuoban",
				"pivot": [-14.5, 16.6, -21],
				"cubes": [
					{"origin": [-15.5, 15.6, -13], "size": [2, 2, 8], "uv": [12, 2], "inflate": -0.25},
					{"origin": [-15.5, 0.6, -10.5], "size": [2, 16, 3], "uv": [10, 39], "inflate": -0.5},
					{"origin": [-15.5, 0.25, -13], "size": [2, 2, 8], "uv": [12, 12], "inflate": -0.25},
					{"origin": [-15.5, -0.375, -8], "size": [2, 2, 2], "uv": [12, 12], "inflate": -0.375},
					{"origin": [-15.5, -0.375, -12], "size": [2, 2, 2], "uv": [0, 10], "inflate": -0.375}
				]
			},
			{
				"name": "zhuotui2",
				"parent": "zhuoban",
				"pivot": [14.5, 16.6, -21],
				"cubes": [
					{"origin": [13.5, 15.6, -13], "size": [2, 2, 8], "uv": [0, 10], "inflate": -0.25},
					{"origin": [13.5, 0.6, -10.5], "size": [2, 16, 3], "uv": [0, 39], "inflate": -0.5},
					{"origin": [13.5, 0.25, -13], "size": [2, 2, 8], "uv": [0, 0], "inflate": -0.25},
					{"origin": [13.5, -0.375, -8], "size": [2, 2, 2], "uv": [0, 4], "inflate": -0.375},
					{"origin": [13.5, -0.375, -12], "size": [2, 2, 2], "uv": [0, 0], "inflate": -0.375}
				]
			}
		]
	}
}