{
	"format_version": "1.10.0",
	"geometry.model": {
		"texturewidth": 256,
		"textureheight": 256,
		"visible_bounds_width": 4,
		"visible_bounds_height": 2,
		"visible_bounds_offset": [0, 0, 0],
		"bones": [
			{
				"name": "bed",
				"pivot": [0, 0, 0]
			},
			{
				"name": "tui",
				"parent": "bed",
				"pivot": [0, 0, 0]
			},
			{
				"name": "bone96",
				"parent": "tui",
				"pivot": [0, 0, -38],
				"cubes": [
					{"origin": [-14, 1.75, -20], "size": [28, 1, 2], "uv": [84, 49], "inflate": 0.25},
					{"origin": [-12.5, -0.375, -20], "size": [4, 3, 2], "uv": [96, 67], "inflate": -0.375},
					{"origin": [8.5, -0.375, -20], "size": [4, 3, 2], "uv": [10, 94], "inflate": -0.375}
				]
			},
			{
				"name": "bone97",
				"parent": "bone96",
				"pivot": [0, 20, -38],
				"cubes": [
					{"origin": [-10, 3, -20], "size": [20, 15, 2], "uv": [90, 17]}
				]
			},
			{
				"name": "bone98",
				"parent": "bone97",
				"pivot": [11, 15, -32],
				"rotation": [90, 0, 0]
			},
			{
				"name": "bone99",
				"parent": "bone98",
				"pivot": [11, 15, -32]
			},
			{
				"name": "bone100",
				"parent": "bone98",
				"pivot": [11, 15, -32],
				"rotation": [0, 22.5, 0],
				"cubes": [
					{"origin": [8.91761, 0.999, -33.59943], "size": [2, 2, 4], "uv": [84, 67]}
				]
			},
			{
				"name": "bone101",
				"parent": "bone98",
				"pivot": [11, 15, -32],
				"rotation": [0, 45, 0],
				"cubes": [
					{"origin": [10, 1.0001, -33.81473], "size": [2, 2, 4], "uv": [0, 84]}
				]
			},
			{
				"name": "bone102",
				"parent": "bone98",
				"pivot": [11, 15, -32],
				"rotation": [0, 67.5, 0],
				"cubes": [
					{"origin": [11.08239, 0.999, -33.59943], "size": [2, 2, 4], "uv": [8, 80]}
				]
			},
			{
				"name": "bone103",
				"parent": "bone98",
				"pivot": [11, 15, -32],
				"rotation": [0, 90, 0],
				"cubes": [
					{"origin": [12, 1, -32.9863], "size": [11, 2, 4], "uv": [0, 18]}
				]
			},
			{
				"name": "bone104",
				"parent": "bone98",
				"pivot": [11, 15, -32],
				"rotation": [0, 112.5, 0]
			},
			{
				"name": "bone105",
				"parent": "bone98",
				"pivot": [11, 15, -32],
				"rotation": [0, 135, 0]
			},
			{
				"name": "bone106",
				"parent": "bone98",
				"pivot": [11, 15, -32],
				"rotation": [0, 157.5, 0]
			},
			{
				"name": "bone107",
				"parent": "bone98",
				"pivot": [11, 15, -32],
				"rotation": [0, 180, 0]
			},
			{
				"name": "bone108",
				"parent": "bone98",
				"pivot": [11, 15, -32],
				"rotation": [0, 202.5, 0]
			},
			{
				"name": "bone109",
				"parent": "bone98",
				"pivot": [11, 15, -32],
				"rotation": [0, 225, 0]
			},
			{
				"name": "bone110",
				"parent": "bone98",
				"pivot": [11, 15, -32],
				"rotation": [0, 247.5, 0]
			},
			{
				"name": "bone111",
				"parent": "bone98",
				"pivot": [11, 15, -32],
				"rotation": [0, 270, 0]
			},
			{
				"name": "bone112",
				"parent": "bone98",
				"pivot": [11, 15, -32],
				"rotation": [0, 292.5, 0]
			},
			{
				"name": "bone113",
				"parent": "bone98",
				"pivot": [11, 15, -32],
				"rotation": [0, 315, 0]
			},
			{
				"name": "bone114",
				"parent": "bone98",
				"pivot": [11, 15, -32],
				"rotation": [0, 337.5, 0]
			},
			{
				"name": "bone115",
				"parent": "bone97",
				"pivot": [-11, 15, -32],
				"rotation": [90, 0, 0]
			},
			{
				"name": "bone116",
				"parent": "bone115",
				"pivot": [-11, 15, -32]
			},
			{
				"name": "bone117",
				"parent": "bone115",
				"pivot": [-11, 15, -32],
				"rotation": [0, -22.5, 0],
				"cubes": [
					{"origin": [-10.91761, 0.999, -33.59943], "size": [2, 2, 4], "uv": [0, 78]}
				]
			},
			{
				"name": "bone118",
				"parent": "bone115",
				"pivot": [-11, 15, -32],
				"rotation": [0, -45, 0],
				"cubes": [
					{"origin": [-12, 1.0001, -33.81473], "size": [2, 2, 4], "uv": [20, 69]}
				]
			},
			{
				"name": "bone119",
				"parent": "bone115",
				"pivot": [-11, 15, -32],
				"rotation": [0, -67.5, 0],
				"cubes": [
					{"origin": [-13.08239, 0.999, -33.59943], "size": [2, 2, 4], "uv": [8, 69]}
				]
			},
			{
				"name": "bone120",
				"parent": "bone115",
				"pivot": [-11, 15, -32],
				"rotation": [0, -90, 0],
				"cubes": [
					{"origin": [-23, 1, -32.9863], "size": [11, 2, 4], "uv": [0, 12]}
				]
			},
			{
				"name": "bone121",
				"parent": "bone115",
				"pivot": [-11, 15, -32],
				"rotation": [0, -112.5, 0]
			},
			{
				"name": "bone122",
				"parent": "bone115",
				"pivot": [-11, 15, -32],
				"rotation": [0, -135, 0]
			},
			{
				"name": "bone123",
				"parent": "bone115",
				"pivot": [-11, 15, -32],
				"rotation": [0, -157.5, 0]
			},
			{
				"name": "bone124",
				"parent": "bone115",
				"pivot": [-11, 15, -32],
				"rotation": [0, -180, 0]
			},
			{
				"name": "bone125",
				"parent": "bone115",
				"pivot": [-11, 15, -32],
				"rotation": [0, -202.5, 0]
			},
			{
				"name": "bone126",
				"parent": "bone115",
				"pivot": [-11, 15, -32],
				"rotation": [0, -225, 0]
			},
			{
				"name": "bone127",
				"parent": "bone115",
				"pivot": [-11, 15, -32],
				"rotation": [0, -247.5, 0]
			},
			{
				"name": "bone128",
				"parent": "bone115",
				"pivot": [-11, 15, -32],
				"rotation": [0, -270, 0]
			},
			{
				"name": "bone129",
				"parent": "bone115",
				"pivot": [-11, 15, -32],
				"rotation": [0, -292.5, 0]
			},
			{
				"name": "bone130",
				"parent": "bone115",
				"pivot": [-11, 15, -32],
				"rotation": [0, -315, 0]
			},
			{
				"name": "bone131",
				"parent": "bone115",
				"pivot": [-11, 15, -32],
				"rotation": [0, -337.5, 0]
			},
			{
				"name": "bone132",
				"parent": "bone97",
				"pivot": [0, 20, -38],
				"rotation": [90, 0, 0]
			},
			{
				"name": "bone133",
				"parent": "bone132",
				"pivot": [7, 14, -43],
				"rotation": [0, 90, 0]
			},
			{
				"name": "bone134",
				"parent": "bone132",
				"pivot": [7, 14, -43],
				"rotation": [0, 90, 0]
			},
			{
				"name": "bone135",
				"parent": "bone132",
				"pivot": [7, 14, -43],
				"rotation": [0, 90, 0]
			},
			{
				"name": "bone136",
				"parent": "bone132",
				"pivot": [7, 14, -43],
				"rotation": [0, 90, 0]
			},
			{
				"name": "bone137",
				"parent": "bone132",
				"pivot": [7, 14, -43],
				"rotation": [0, 90, 0]
			},
			{
				"name": "bone138",
				"parent": "bone96",
				"pivot": [0, 0, -38]
			},
			{
				"name": "bone139",
				"parent": "bone138",
				"pivot": [11, 5, -32],
				"rotation": [-90, 0, 0]
			},
			{
				"name": "bone140",
				"parent": "bone139",
				"pivot": [11, 5, -32]
			},
			{
				"name": "bone141",
				"parent": "bone139",
				"pivot": [11, 5, -32],
				"rotation": [0, 22.5, 0]
			},
			{
				"name": "bone142",
				"parent": "bone139",
				"pivot": [11, 5, -32],
				"rotation": [0, 45, 0]
			},
			{
				"name": "bone143",
				"parent": "bone139",
				"pivot": [11, 5, -32],
				"rotation": [0, 67.5, 0]
			},
			{
				"name": "bone144",
				"parent": "bone139",
				"pivot": [11, 5, -32],
				"rotation": [0, 90, 0]
			},
			{
				"name": "bone145",
				"parent": "bone139",
				"pivot": [11, 5, -32],
				"rotation": [0, 112.5, 0]
			},
			{
				"name": "bone146",
				"parent": "bone139",
				"pivot": [11, 5, -32],
				"rotation": [0, 135, 0]
			},
			{
				"name": "bone147",
				"parent": "bone139",
				"pivot": [11, 5, -32],
				"rotation": [0, 157.5, 0]
			},
			{
				"name": "bone148",
				"parent": "bone139",
				"pivot": [11, 5, -32],
				"rotation": [0, 180, 0]
			},
			{
				"name": "bone149",
				"parent": "bone139",
				"pivot": [11, 5, -32],
				"rotation": [0, 202.5, 0]
			},
			{
				"name": "bone150",
				"parent": "bone139",
				"pivot": [11, 5, -32],
				"rotation": [0, 225, 0]
			},
			{
				"name": "bone151",
				"parent": "bone139",
				"pivot": [11, 5, -32],
				"rotation": [0, 247.5, 0]
			},
			{
				"name": "bone152",
				"parent": "bone139",
				"pivot": [11, 5, -32],
				"rotation": [0, 270, 0]
			},
			{
				"name": "bone153",
				"parent": "bone139",
				"pivot": [11, 5, -32],
				"rotation": [0, 292.5, 0]
			},
			{
				"name": "bone154",
				"parent": "bone139",
				"pivot": [11, 5, -32],
				"rotation": [0, 315, 0]
			},
			{
				"name": "bone155",
				"parent": "bone139",
				"pivot": [11, 5, -32],
				"rotation": [0, 337.5, 0]
			},
			{
				"name": "bone156",
				"parent": "bone138",
				"pivot": [-11, 5, -32],
				"rotation": [-90, 0, 0]
			},
			{
				"name": "bone157",
				"parent": "bone156",
				"pivot": [-11, 5, -32]
			},
			{
				"name": "bone158",
				"parent": "bone156",
				"pivot": [-11, 5, -32],
				"rotation": [0, -22.5, 0]
			},
			{
				"name": "bone159",
				"parent": "bone156",
				"pivot": [-11, 5, -32],
				"rotation": [0, -45, 0]
			},
			{
				"name": "bone160",
				"parent": "bone156",
				"pivot": [-11, 5, -32],
				"rotation": [0, -67.5, 0]
			},
			{
				"name": "bone161",
				"parent": "bone156",
				"pivot": [-11, 5, -32],
				"rotation": [0, -90, 0]
			},
			{
				"name": "bone162",
				"parent": "bone156",
				"pivot": [-11, 5, -32],
				"rotation": [0, -112.5, 0]
			},
			{
				"name": "bone163",
				"parent": "bone156",
				"pivot": [-11, 5, -32],
				"rotation": [0, -135, 0]
			},
			{
				"name": "bone164",
				"parent": "bone156",
				"pivot": [-11, 5, -32],
				"rotation": [0, -157.5, 0]
			},
			{
				"name": "bone165",
				"parent": "bone156",
				"pivot": [-11, 5, -32],
				"rotation": [0, -180, 0]
			},
			{
				"name": "bone166",
				"parent": "bone156",
				"pivot": [-11, 5, -32],
				"rotation": [0, -202.5, 0]
			},
			{
				"name": "bone167",
				"parent": "bone156",
				"pivot": [-11, 5, -32],
				"rotation": [0, -225, 0]
			},
			{
				"name": "bone168",
				"parent": "bone156",
				"pivot": [-11, 5, -32],
				"rotation": [0, -247.5, 0]
			},
			{
				"name": "bone169",
				"parent": "bone156",
				"pivot": [-11, 5, -32],
				"rotation": [0, -270, 0]
			},
			{
				"name": "bone170",
				"parent": "bone156",
				"pivot": [-11, 5, -32],
				"rotation": [0, -292.5, 0]
			},
			{
				"name": "bone171",
				"parent": "bone156",
				"pivot": [-11, 5, -32],
				"rotation": [0, -315, 0]
			},
			{
				"name": "bone172",
				"parent": "bone156",
				"pivot": [-11, 5, -32],
				"rotation": [0, -337.5, 0]
			},
			{
				"name": "bone3",
				"parent": "tui",
				"pivot": [0, 0, 0],
				"cubes": [
					{"origin": [-14, 1.75, 18], "size": [28, 1, 2], "uv": [84, 46], "inflate": 0.25},
					{"origin": [-12.5, -0.375, 18], "size": [4, 3, 2], "uv": [0, 91], "inflate": -0.375},
					{"origin": [8.5, -0.375, 18], "size": [4, 3, 2], "uv": [10, 88], "inflate": -0.375}
				]
			},
			{
				"name": "bone4",
				"parent": "bone3",
				"pivot": [0, 20, 0],
				"cubes": [
					{"origin": [-10, 3, 18], "size": [20, 15, 2], "uv": [90, 0]}
				]
			},
			{
				"name": "bone5",
				"parent": "bone4",
				"pivot": [11, 15, 6],
				"rotation": [90, 0, 0]
			},
			{
				"name": "bone6",
				"parent": "bone5",
				"pivot": [11, 15, 6]
			},
			{
				"name": "bone7",
				"parent": "bone5",
				"pivot": [11, 15, 6],
				"rotation": [0, 22.5, 0],
				"cubes": [
					{"origin": [8.91761, 0.999, 4.40057], "size": [2, 2, 4], "uv": [0, 67]}
				]
			},
			{
				"name": "bone8",
				"parent": "bone5",
				"pivot": [11, 15, 6],
				"rotation": [0, 45, 0],
				"cubes": [
					{"origin": [10, 1.0001, 4.18527], "size": [2, 2, 4], "uv": [24, 63]}
				]
			},
			{
				"name": "bone9",
				"parent": "bone5",
				"pivot": [11, 15, 6],
				"rotation": [0, 67.5, 0],
				"cubes": [
					{"origin": [11.08239, 0.999, 4.40057], "size": [2, 2, 4], "uv": [24, 57]}
				]
			},
			{
				"name": "bone10",
				"parent": "bone5",
				"pivot": [11, 15, 6],
				"rotation": [0, 90, 0],
				"cubes": [
					{"origin": [12, 1, 5.0137], "size": [11, 2, 4], "uv": [0, 6]}
				]
			},
			{
				"name": "bone11",
				"parent": "bone5",
				"pivot": [11, 15, 6],
				"rotation": [0, 112.5, 0]
			},
			{
				"name": "bone12",
				"parent": "bone5",
				"pivot": [11, 15, 6],
				"rotation": [0, 135, 0]
			},
			{
				"name": "bone13",
				"parent": "bone5",
				"pivot": [11, 15, 6],
				"rotation": [0, 157.5, 0]
			},
			{
				"name": "bone14",
				"parent": "bone5",
				"pivot": [11, 15, 6],
				"rotation": [0, 180, 0]
			},
			{
				"name": "bone15",
				"parent": "bone5",
				"pivot": [11, 15, 6],
				"rotation": [0, 202.5, 0]
			},
			{
				"name": "bone16",
				"parent": "bone5",
				"pivot": [11, 15, 6],
				"rotation": [0, 225, 0]
			},
			{
				"name": "bone17",
				"parent": "bone5",
				"pivot": [11, 15, 6],
				"rotation": [0, 247.5, 0]
			},
			{
				"name": "bone18",
				"parent": "bone5",
				"pivot": [11, 15, 6],
				"rotation": [0, 270, 0]
			},
			{
				"name": "bone19",
				"parent": "bone5",
				"pivot": [11, 15, 6],
				"rotation": [0, 292.5, 0]
			},
			{
				"name": "bone95",
				"parent": "bone5",
				"pivot": [11, 15, 6],
				"rotation": [0, 315, 0]
			},
			{
				"name": "bone173",
				"parent": "bone5",
				"pivot": [11, 15, 6],
				"rotation": [0, 337.5, 0]
			},
			{
				"name": "bone174",
				"parent": "bone4",
				"pivot": [-11, 15, 6],
				"rotation": [90, 0, 0]
			},
			{
				"name": "bone175",
				"parent": "bone174",
				"pivot": [-11, 15, 6]
			},
			{
				"name": "bone176",
				"parent": "bone174",
				"pivot": [-11, 15, 6],
				"rotation": [0, -22.5, 0],
				"cubes": [
					{"origin": [-10.91761, 0.999, 4.40057], "size": [2, 2, 4], "uv": [24, 51]}
				]
			},
			{
				"name": "bone177",
				"parent": "bone174",
				"pivot": [-11, 15, 6],
				"rotation": [0, -45, 0],
				"cubes": [
					{"origin": [-12, 1.0001, 4.18527], "size": [2, 2, 4], "uv": [24, 39]}
				]
			},
			{
				"name": "bone178",
				"parent": "bone174",
				"pivot": [-11, 15, 6],
				"rotation": [0, -67.5, 0],
				"cubes": [
					{"origin": [-13.08239, 0.999, 4.40057], "size": [2, 2, 4], "uv": [24, 24]}
				]
			},
			{
				"name": "bone179",
				"parent": "bone174",
				"pivot": [-11, 15, 6],
				"rotation": [0, -90, 0],
				"cubes": [
					{"origin": [-23, 1, 5.0137], "size": [11, 2, 4], "uv": [0, 0]}
				]
			},
			{
				"name": "bone180",
				"parent": "bone174",
				"pivot": [-11, 15, 6],
				"rotation": [0, -112.5, 0]
			},
			{
				"name": "bone181",
				"parent": "bone174",
				"pivot": [-11, 15, 6],
				"rotation": [0, -135, 0]
			},
			{
				"name": "bone182",
				"parent": "bone174",
				"pivot": [-11, 15, 6],
				"rotation": [0, -157.5, 0]
			},
			{
				"name": "bone183",
				"parent": "bone174",
				"pivot": [-11, 15, 6],
				"rotation": [0, -180, 0]
			},
			{
				"name": "bone184",
				"parent": "bone174",
				"pivot": [-11, 15, 6],
				"rotation": [0, -202.5, 0]
			},
			{
				"name": "bone185",
				"parent": "bone174",
				"pivot": [-11, 15, 6],
				"rotation": [0, -225, 0]
			},
			{
				"name": "bone186",
				"parent": "bone174",
				"pivot": [-11, 15, 6],
				"rotation": [0, -247.5, 0]
			},
			{
				"name": "bone187",
				"parent": "bone174",
				"pivot": [-11, 15, 6],
				"rotation": [0, -270, 0]
			},
			{
				"name": "bone188",
				"parent": "bone174",
				"pivot": [-11, 15, 6],
				"rotation": [0, -292.5, 0]
			},
			{
				"name": "bone189",
				"parent": "bone174",
				"pivot": [-11, 15, 6],
				"rotation": [0, -315, 0]
			},
			{
				"name": "bone190",
				"parent": "bone174",
				"pivot": [-11, 15, 6],
				"rotation": [0, -337.5, 0]
			},
			{
				"name": "bone191",
				"parent": "bone4",
				"pivot": [0, 20, 0],
				"rotation": [90, 0, 0]
			},
			{
				"name": "bone192",
				"parent": "bone191",
				"pivot": [7, 14, -5],
				"rotation": [0, 90, 0]
			},
			{
				"name": "bone193",
				"parent": "bone191",
				"pivot": [7, 14, -5],
				"rotation": [0, 90, 0]
			},
			{
				"name": "bone194",
				"parent": "bone191",
				"pivot": [7, 14, -5],
				"rotation": [0, 90, 0]
			},
			{
				"name": "bone195",
				"parent": "bone191",
				"pivot": [7, 14, -5],
				"rotation": [0, 90, 0]
			},
			{
				"name": "bone196",
				"parent": "bone191",
				"pivot": [7, 14, -5],
				"rotation": [0, 90, 0]
			},
			{
				"name": "bone197",
				"parent": "bone3",
				"pivot": [0, 0, 0]
			},
			{
				"name": "bone198",
				"parent": "bone197",
				"pivot": [11, 5, 6],
				"rotation": [-90, 0, 0]
			},
			{
				"name": "bone199",
				"parent": "bone198",
				"pivot": [11, 5, 6]
			},
			{
				"name": "bone200",
				"parent": "bone198",
				"pivot": [11, 5, 6],
				"rotation": [0, 22.5, 0]
			},
			{
				"name": "bone201",
				"parent": "bone198",
				"pivot": [11, 5, 6],
				"rotation": [0, 45, 0]
			},
			{
				"name": "bone202",
				"parent": "bone198",
				"pivot": [11, 5, 6],
				"rotation": [0, 67.5, 0]
			},
			{
				"name": "bone203",
				"parent": "bone198",
				"pivot": [11, 5, 6],
				"rotation": [0, 90, 0]
			},
			{
				"name": "bone204",
				"parent": "bone198",
				"pivot": [11, 5, 6],
				"rotation": [0, 112.5, 0]
			},
			{
				"name": "bone205",
				"parent": "bone198",
				"pivot": [11, 5, 6],
				"rotation": [0, 135, 0]
			},
			{
				"name": "bone206",
				"parent": "bone198",
				"pivot": [11, 5, 6],
				"rotation": [0, 157.5, 0]
			},
			{
				"name": "bone207",
				"parent": "bone198",
				"pivot": [11, 5, 6],
				"rotation": [0, 180, 0]
			},
			{
				"name": "bone208",
				"parent": "bone198",
				"pivot": [11, 5, 6],
				"rotation": [0, 202.5, 0]
			},
			{
				"name": "bone209",
				"parent": "bone198",
				"pivot": [11, 5, 6],
				"rotation": [0, 225, 0]
			},
			{
				"name": "bone210",
				"parent": "bone198",
				"pivot": [11, 5, 6],
				"rotation": [0, 247.5, 0]
			},
			{
				"name": "bone211",
				"parent": "bone198",
				"pivot": [11, 5, 6],
				"rotation": [0, 270, 0]
			},
			{
				"name": "bone212",
				"parent": "bone198",
				"pivot": [11, 5, 6],
				"rotation": [0, 292.5, 0]
			},
			{
				"name": "bone213",
				"parent": "bone198",
				"pivot": [11, 5, 6],
				"rotation": [0, 315, 0]
			},
			{
				"name": "bone214",
				"parent": "bone198",
				"pivot": [11, 5, 6],
				"rotation": [0, 337.5, 0]
			},
			{
				"name": "bone215",
				"parent": "bone197",
				"pivot": [-11, 5, 6],
				"rotation": [-90, 0, 0]
			},
			{
				"name": "bone216",
				"parent": "bone215",
				"pivot": [-11, 5, 6]
			},
			{
				"name": "bone217",
				"parent": "bone215",
				"pivot": [-11, 5, 6],
				"rotation": [0, -22.5, 0]
			},
			{
				"name": "bone218",
				"parent": "bone215",
				"pivot": [-11, 5, 6],
				"rotation": [0, -45, 0]
			},
			{
				"name": "bone219",
				"parent": "bone215",
				"pivot": [-11, 5, 6],
				"rotation": [0, -67.5, 0]
			},
			{
				"name": "bone220",
				"parent": "bone215",
				"pivot": [-11, 5, 6],
				"rotation": [0, -90, 0]
			},
			{
				"name": "bone221",
				"parent": "bone215",
				"pivot": [-11, 5, 6],
				"rotation": [0, -112.5, 0]
			},
			{
				"name": "bone222",
				"parent": "bone215",
				"pivot": [-11, 5, 6],
				"rotation": [0, -135, 0]
			},
			{
				"name": "bone223",
				"parent": "bone215",
				"pivot": [-11, 5, 6],
				"rotation": [0, -157.5, 0]
			},
			{
				"name": "bone224",
				"parent": "bone215",
				"pivot": [-11, 5, 6],
				"rotation": [0, -180, 0]
			},
			{
				"name": "bone225",
				"parent": "bone215",
				"pivot": [-11, 5, 6],
				"rotation": [0, -202.5, 0]
			},
			{
				"name": "bone226",
				"parent": "bone215",
				"pivot": [-11, 5, 6],
				"rotation": [0, -225, 0]
			},
			{
				"name": "bone227",
				"parent": "bone215",
				"pivot": [-11, 5, 6],
				"rotation": [0, -247.5, 0]
			},
			{
				"name": "bone228",
				"parent": "bone215",
				"pivot": [-11, 5, 6],
				"rotation": [0, -270, 0]
			},
			{
				"name": "bone229",
				"parent": "bone215",
				"pivot": [-11, 5, 6],
				"rotation": [0, -292.5, 0]
			},
			{
				"name": "bone230",
				"parent": "bone215",
				"pivot": [-11, 5, 6],
				"rotation": [0, -315, 0]
			},
			{
				"name": "bone231",
				"parent": "bone215",
				"pivot": [-11, 5, 6],
				"rotation": [0, -337.5, 0]
			},
			{
				"name": "chuang",
				"parent": "bed",
				"pivot": [0, 8.75, -12],
				"cubes": [
					{"origin": [-12, 8, -18], "size": [24, 3, 36], "uv": [0, 39]},
					{"origin": [-13, 7.5, -19], "size": [26, 1, 38], "uv": [0, 0]}
				]
			},
			{
				"name": "zhentou",
				"parent": "chuang",
				"pivot": [0, 10.75, 4],
				"cubes": [
					{"origin": [-9, 10.4, 9], "size": [18, 3, 8], "uv": [84, 52]},
					{"origin": [-8, 11.95, 9.5], "size": [16, 3, 7], "uv": [75, 89], "inflate": -0.5}
				]
			},
			{
				"name": "beizi",
				"parent": "chuang",
				"pivot": [0, 10, -19.5],
				"cubes": [
					{"origin": [-13, 8, -19], "size": [26, 4, 23], "uv": [0, 78], "inflate": -0.5},
					{"origin": [-13, 8, 1.5], "size": [26, 4, 3], "uv": [84, 39], "inflate": -0.001}
				]
			},
			{
				"name": "zhuoban",
				"parent": "chuang",
				"pivot": [0, 17.25, -21],
				"cubes": [
					{"origin": [-17, 16.75, -14], "size": [34, 1, 10], "uv": [75, 78]}
				]
			},
			{
				"name": "dinggujia",
				"parent": "zhuoban",
				"pivot": [0, 17.25, -21],
				"cubes": [
					{"origin": [-14, 16.25, -7], "size": [28, 1, 1], "uv": [84, 65]},
					{"origin": [-14, 16.25, -12], "size": [28, 1, 1], "uv": [84, 63]}
				]
			},
			{
				"name": "zhuotui1",
				"parent": "zhuoban",
				"pivot": [-14.5, 16.6, -21],
				"cubes": [
					{"origin": [-15.5, 15.6, -13], "size": [2, 2, 8], "uv": [12, 41], "inflate": -0.25},
					{"origin": [-15.5, 0.6, -10.75], "size": [2, 16, 2], "uv": [16, 51], "inflate": -0.5},
					{"origin": [-15.5, 0.25, -13], "size": [2, 2, 8], "uv": [0, 39], "inflate": -0.25},
					{"origin": [-15.5, -0.375, -8], "size": [2, 2, 2], "uv": [0, 28], "inflate": -0.375},
					{"origin": [-15.5, -0.375, -12], "size": [2, 2, 2], "uv": [26, 18], "inflate": -0.375},
					{"origin": [-15.5, 0.6, -9.25], "size": [2, 16, 2], "uv": [0, 49], "inflate": -0.5}
				]
			},
			{
				"name": "zhuotui2",
				"parent": "zhuoban",
				"pivot": [14.5, 16.6, -21],
				"cubes": [
					{"origin": [13.5, 15.6, -13], "size": [2, 2, 8], "uv": [12, 26], "inflate": -0.25},
					{"origin": [13.5, 0.6, -9.25], "size": [2, 16, 2], "uv": [8, 51], "inflate": -0.5},
					{"origin": [13.5, 0.25, -13], "size": [2, 2, 8], "uv": [0, 24], "inflate": -0.25},
					{"origin": [13.5, -0.375, -8], "size": [2, 2, 2], "uv": [12, 24], "inflate": -0.375},
					{"origin": [13.5, -0.375, -12], "size": [2, 2, 2], "uv": [0, 24], "inflate": -0.375},
					{"origin": [13.5, 0.6, -10.75], "size": [2, 16, 2], "uv": [30, 0], "inflate": -0.5}
				]
			}
		]
	}
}