{
	"format_version": "1.10.0",
	"geometry.model": {
		"texturewidth": 256,
		"textureheight": 256,
		"visible_bounds_width": 3,
		"visible_bounds_height": 3,
		"visible_bounds_offset": [0, 0, 0],
		"bones": [
			{
				"name": "guizi",
				"pivot": [0, 0, -2]
			},
			{
				"name": "tui",
				"parent": "guizi",
				"pivot": [0, 0, -6],
				"cubes": [
					{"origin": [10, 0, 5], "size": [2, 46, 2], "uv": [24, 75]},
					{"origin": [-12, 0, -12], "size": [2, 46, 2], "uv": [16, 75]},
					{"origin": [10, 0, -12], "size": [2, 46, 2], "uv": [8, 75]},
					{"origin": [-12, 0, 5], "size": [2, 46, 2], "uv": [0, 75]}
				]
			},
			{
				"name": "ti",
				"parent": "guizi",
				"pivot": [0, 7, -2.5]
			},
			{
				"name": "bone",
				"parent": "ti",
				"pivot": [0, 9.5, -2.5],
				"cubes": [
					{"origin": [-11, 9, -11], "size": [22, 1, 17], "uv": [0, 22]},
					{"origin": [-10, 10, 5], "size": [20, 4, 1], "uv": [32, 112]},
					{"origin": [-11, 10, -10], "size": [1, 4, 15], "uv": [64, 76]},
					{"origin": [10, 10, -10], "size": [1, 4, 15], "uv": [32, 75]},
					{"origin": [-10.5, 14, -10.5], "size": [21, 1, 16], "uv": [61, 40]}
				]
			},
			{
				"name": "bone2",
				"parent": "ti",
				"pivot": [-10, 9, 7],
				"cubes": [
					{"origin": [-11, 4, -11], "size": [22, 1, 17], "uv": [0, 40]},
					{"origin": [-10.5, 22, -10.5], "size": [21, 1, 16], "uv": [61, 22]},
					{"origin": [-10.5, 30, -10.5], "size": [21, 1, 16], "uv": [58, 59]},
					{"origin": [-10.5, 38, -10.5], "size": [21, 1, 16], "uv": [0, 58]},
					{"origin": [-13, 46, -13], "size": [26, 1, 21], "uv": [0, 0]}
				]
			},
			{
				"name": "chouti",
				"parent": "guizi",
				"pivot": [-0.5, 10.5, -5.5],
				"cubes": [
					{"origin": [-10, 10, -14], "size": [20, 1, 15], "uv": [73, 0], "inflate": -0.1},
					{"origin": [-10, 10.8, 0], "size": [20, 3, 1], "uv": [98, 92], "inflate": -0.1},
					{"origin": [-10, 10.8, -14], "size": [1, 3, 15], "uv": [32, 94], "inflate": -0.1},
					{"origin": [9, 10.8, -14], "size": [1, 3, 15], "uv": [81, 81], "inflate": -0.1},
					{"origin": [-10.5, 9.9, -14.8], "size": [21, 4, 1], "uv": [73, 16], "inflate": -0.1},
					{"origin": [-1, 11.5, -15.75], "size": [2, 1, 1], "uv": [0, 0], "inflate": 0.1}
				]
			},
			{
				"name": "menchuang",
				"parent": "guizi",
				"pivot": [0, 0, -2]
			},
			{
				"name": "kuang",
				"parent": "menchuang",
				"pivot": [0, 6, -3.8],
				"cubes": [
					{"origin": [-1, 15, -11.5], "size": [2, 30, 1], "uv": [74, 111]},
					{"origin": [-0.5, 30.5, -12.3], "size": [1, 2, 1], "uv": [0, 2]}
				]
			},
			{
				"name": "bone3",
				"parent": "kuang",
				"pivot": [0, 0, -2],
				"cubes": [
					{"origin": [-10, 14, -11.5], "size": [20, 1, 1], "uv": [115, 76]},
					{"origin": [-11.5, 14, -10], "size": [1, 1, 15], "uv": [81, 99]},
					{"origin": [10.5, 14, -10], "size": [1, 1, 15], "uv": [98, 76]},
					{"origin": [-10, 14, 5.5], "size": [20, 1, 1], "uv": [112, 114]}
				]
			},
			{
				"name": "bone4",
				"parent": "kuang",
				"pivot": [0, 1, -2],
				"cubes": [
					{"origin": [-10, 15, -11.5], "size": [1, 30, 1], "uv": [108, 115]},
					{"origin": [-11.5, 15, 4], "size": [1, 30, 1], "uv": [104, 115]},
					{"origin": [10.5, 15, -10], "size": [1, 30, 1], "uv": [100, 115]},
					{"origin": [9, 15, 5.5], "size": [1, 30, 1], "uv": [96, 115]}
				]
			},
			{
				"name": "bone5",
				"parent": "kuang",
				"pivot": [0, 1, -2],
				"cubes": [
					{"origin": [9, 15, -11.5], "size": [1, 30, 1], "uv": [92, 115]},
					{"origin": [10.5, 15, 4], "size": [1, 30, 1], "uv": [88, 115]},
					{"origin": [-11.5, 15, -10], "size": [1, 30, 1], "uv": [84, 115]},
					{"origin": [-10, 15, 5.5], "size": [1, 30, 1], "uv": [80, 115]}
				]
			},
			{
				"name": "bone6",
				"parent": "kuang",
				"pivot": [0, 0, -2],
				"cubes": [
					{"origin": [-10, 45, -11.5], "size": [20, 1, 1], "uv": [113, 96]},
					{"origin": [-11.5, 45, -10], "size": [1, 1, 15], "uv": [98, 98]},
					{"origin": [10.5, 45, -10], "size": [1, 1, 15], "uv": [64, 95]},
					{"origin": [-10, 45, 5.5], "size": [20, 1, 1], "uv": [77, 57]}
				]
			}
		]
	}
}