{
	"format_version": "1.10.0",
	"geometry.model": {
		"texturewidth": 128,
		"textureheight": 128,
		"visible_bounds_width": 4,
		"visible_bounds_height": 2,
		"visible_bounds_offset": [0, 0, 0],
		"bones": [
			{
				"name": "guizixin",
				"pivot": [0, 0, 0]
			},
			{
				"name": "waikuang",
				"parent": "guizixin",
				"pivot": [0, 0, 0],
				"cubes": [
					{"origin": [-0.5, 0, -3], "size": [1, 23, 10], "uv": [44, 61]},
					{"origin": [-16.5, 0, 7], "size": [33, 23, 1], "uv": [0, 12]},
					{"origin": [-16.5, 23, -3], "size": [33, 1, 11], "uv": [0, 0]},
					{"origin": [-16.5, 0, -3], "size": [1, 23, 10], "uv": [22, 57]},
					{"origin": [15.5, 0, -3], "size": [1, 23, 10], "uv": [0, 57]}
				]
			},
			{
				"name": "shugui",
				"parent": "guizixin",
				"pivot": [-8, 0.5, 1.5],
				"cubes": [
					{"origin": [-15, 0, -2.5], "size": [14, 1, 9], "uv": [37, 51]},
					{"origin": [-15, 1, -2.5], "size": [1, 11, 9], "uv": [46, 94]},
					{"origin": [-2, 1, -2.5], "size": [1, 11, 9], "uv": [26, 90]},
					{"origin": [-14, 1, 5.5], "size": [12, 11, 1], "uv": [92, 21]},
					{"origin": [-14, 11, -2.5], "size": [12, 1, 8], "uv": [68, 12]},
					{"origin": [-14, 8, -2.5], "size": [12, 1, 8], "uv": [56, 61]}
				]
			},
			{
				"name": "shu",
				"parent": "shugui",
				"pivot": [-8, 0.5, 1.5]
			},
			{
				"name": "dianshi",
				"parent": "guizixin",
				"pivot": [-8, 12, -1.7],
				"rotation": [-6, 0, 0],
				"cubes": [
					{"origin": [-14, 12.5, -2.7], "size": [12, 9, 1], "uv": [97, 64]},
					{"origin": [-13.5, 12, -3.2], "size": [11, 1, 2], "uv": [77, 8]},
					{"origin": [-13.5, 21, -3.2], "size": [11, 1, 2], "uv": [40, 37]},
					{"origin": [-14.5, 12, -3.2], "size": [1, 10, 2], "uv": [86, 83]},
					{"origin": [-2.5, 12, -3.2], "size": [1, 10, 2], "uv": [80, 37]}
				]
			},
			{
				"name": "bone",
				"parent": "dianshi",
				"pivot": [-7.5, 17, -2.2],
				"rotation": [-95, 0, 0]
			},
			{
				"name": "bone2",
				"parent": "bone",
				"pivot": [-7.5, 17.5, -2.2]
			},
			{
				"name": "bone3",
				"parent": "bone2",
				"pivot": [-7.5, 17.5, 2.27051],
				"rotation": [10, 0, 0],
				"cubes": [
					{"origin": [-12, 17.15782, 2.27051], "size": [8, 7, 0], "uv": [68, 21]}
				]
			},
			{
				"name": "bone4",
				"parent": "bone3",
				"pivot": [-10, 17.15782, 2.27051],
				"rotation": [0, 0, 9.85108],
				"cubes": [
					{"origin": [-13.97051, 16.81565, 2.2715], "size": [2, 7, 0], "uv": [56, 61]}
				]
			},
			{
				"name": "bone5",
				"parent": "bone3",
				"pivot": [-5, 17.15782, 2.27051],
				"rotation": [0, 0, -9.85108],
				"cubes": [
					{"origin": [-4.01474, 16.98674, 2.27151], "size": [2, 7, 0], "uv": [48, 61]}
				]
			},
			{
				"name": "bone6",
				"parent": "bone",
				"pivot": [-7.5, 17.5, -2.2],
				"rotation": [0, -90, 0]
			},
			{
				"name": "bone7",
				"parent": "bone6",
				"pivot": [-7.5, 17.5, 2.27051],
				"rotation": [10, 0, 0],
				"cubes": [
					{"origin": [-10, 16.81053, 4.24013], "size": [5, 7, 0], "uv": [0, 36]}
				]
			},
			{
				"name": "bone8",
				"parent": "bone7",
				"pivot": [-10, 17.15782, 2.27051],
				"rotation": [0, 0, 9.85108],
				"cubes": [
					{"origin": [-11.94058, 16.81565, 4.2411], "size": [2, 7, 0], "uv": [44, 61]}
				]
			},
			{
				"name": "bone9",
				"parent": "bone7",
				"pivot": [-5, 17.15782, 2.27051],
				"rotation": [0, 0, -9.85108],
				"cubes": [
					{"origin": [-5.05942, 16.81565, 4.24113], "size": [2, 7, 0], "uv": [28, 57]}
				]
			},
			{
				"name": "bone10",
				"parent": "bone",
				"pivot": [-7.5, 17.5, -2.2],
				"rotation": [0, -180, 0]
			},
			{
				"name": "bone11",
				"parent": "bone10",
				"pivot": [-7.5, 17.5, 2.27051],
				"rotation": [10, 0, 0],
				"cubes": [
					{"origin": [-11, 17.15782, 2.27051], "size": [8, 7, 0], "uv": [12, 57]}
				]
			},
			{
				"name": "bone12",
				"parent": "bone11",
				"pivot": [-10, 17.15782, 2.27051],
				"rotation": [0, 0, 9.85108],
				"cubes": [
					{"origin": [-12.98526, 16.98674, 2.2715], "size": [2, 7, 0], "uv": [4, 57]}
				]
			},
			{
				"name": "bone13",
				"parent": "bone11",
				"pivot": [-5, 17.15782, 2.27051],
				"rotation": [0, 0, -9.85108],
				"cubes": [
					{"origin": [-3.02949, 16.81565, 2.27151], "size": [2, 7, 0], "uv": [0, 57]}
				]
			},
			{
				"name": "bone14",
				"parent": "bone",
				"pivot": [-7.5, 17.5, -2.2],
				"rotation": [0, -270, 0]
			},
			{
				"name": "bone15",
				"parent": "bone14",
				"pivot": [-7.5, 17.5, 2.27051],
				"rotation": [10, 0, 0],
				"cubes": [
					{"origin": [-10, 16.98418, 3.25532], "size": [5, 7, 0], "uv": [0, 0]}
				]
			},
			{
				"name": "bone16",
				"parent": "bone15",
				"pivot": [-10, 17.15782, 2.27051],
				"rotation": [0, 0, 9.85108],
				"cubes": [
					{"origin": [-11.97029, 16.98674, 3.2563], "size": [2, 7, 0], "uv": [4, 47]}
				]
			},
			{
				"name": "bone17",
				"parent": "bone15",
				"pivot": [-5, 17.15782, 2.27051],
				"rotation": [0, 0, -9.85108],
				"cubes": [
					{"origin": [-5.02971, 16.98674, 3.25632], "size": [2, 7, 0], "uv": [0, 47]}
				]
			},
			{
				"name": "bone18",
				"parent": "bone",
				"pivot": [-7.5, 24.02179, -1.95095],
				"rotation": [-5, 0, 0],
				"cubes": [
					{"origin": [-13, 23.7461, -5.53925], "size": [10, 1, 7], "uv": [77, 0]}
				]
			},
			{
				"name": "baigui",
				"parent": "guizixin",
				"pivot": [16, 0, 0],
				"cubes": [
					{"origin": [1, 0, -2.5], "size": [14, 1, 9], "uv": [0, 47]},
					{"origin": [1, 1, -2.5], "size": [1, 14, 9], "uv": [86, 86]},
					{"origin": [14, 1, -2.5], "size": [1, 14, 9], "uv": [66, 78]},
					{"origin": [2, 1, 5.5], "size": [12, 14, 1], "uv": [0, 90]},
					{"origin": [2, 14, -2.5], "size": [12, 1, 8], "uv": [60, 28]},
					{"origin": [2, 10, -1.5], "size": [12, 1, 7], "uv": [74, 51]},
					{"origin": [2, 6, -1.5], "size": [12, 1, 7], "uv": [66, 70]}
				]
			},
			{
				"name": "bone20",
				"parent": "baigui",
				"pivot": [2, 7.5, -2.5],
				"rotation": [0, 25, 0],
				"cubes": [
					{"origin": [2, 1, -3], "size": [12, 13, 1], "uv": [90, 37]},
					{"origin": [12, 6, -3.5], "size": [1, 3, 1], "uv": [40, 40]}
				]
			},
			{
				"name": "chouti",
				"parent": "guizixin",
				"pivot": [0.5, 23, 0],
				"cubes": [
					{"origin": [0.5, 18, -3], "size": [15, 1, 10], "uv": [40, 40]}
				]
			},
			{
				"name": "bone19",
				"parent": "chouti",
				"pivot": [0.5, 24, -1],
				"cubes": [
					{"origin": [0.5, 19, -4], "size": [15, 1, 10], "uv": [0, 36], "inflate": -0.25},
					{"origin": [0.5, 19.5, -4], "size": [1, 3, 10], "uv": [99, 74], "inflate": -0.25},
					{"origin": [14.5, 19.5, -4], "size": [1, 3, 10], "uv": [96, 99], "inflate": -0.25},
					{"origin": [0.5, 19, 5.5], "size": [15, 4, 1], "uv": [88, 59], "inflate": -0.25},
					{"origin": [0.5, 19, -4.5], "size": [15, 4, 1], "uv": [77, 78], "inflate": -0.125},
					{"origin": [6.5, 21, -5], "size": [3, 1, 1], "uv": [0, 7], "inflate": -0.125}
				]
			}
		]
	}
}