{
	"format_version": "1.10.0",
	"geometry.model": {
		"texturewidth": 128,
		"textureheight": 128,
		"visible_bounds_width": 4,
		"visible_bounds_height": 2,
		"visible_bounds_offset": [0, 1, 0],
		"bones": [
			{
				"name": "bone5",
				"pivot": [0, 0, 0]
			},
			{
				"name": "bone",
				"parent": "bone5",
				"pivot": [0, 8, 0],
				"cubes": [
					{"origin": [-8, 0, -3], "size": [16, 1, 6], "uv": [38, 29]},
					{"origin": [-8, 1, 3], "size": [16, 1, 2], "uv": [70, 55]},
					{"origin": [-8, 1, -5], "size": [16, 1, 2], "uv": [70, 52]},
					{"origin": [-8, 2, 5], "size": [16, 1, 1], "uv": [34, 74]}
				]
			},
			{
				"name": "bone2",
				"parent": "bone5",
				"pivot": [0, 8, 0],
				"rotation": [90, 0, 0],
				"cubes": [
					{"origin": [-8, 0, -3], "size": [16, 1, 6], "uv": [38, 22]},
					{"origin": [-8, 1, 3], "size": [16, 1, 2], "uv": [70, 49]},
					{"origin": [-8, 1, -5], "size": [16, 1, 2], "uv": [70, 46]},
					{"origin": [-8, 2, 5], "size": [16, 1, 1], "uv": [0, 74]}
				]
			},
			{
				"name": "bone3",
				"parent": "bone5",
				"pivot": [0, 8, 0],
				"rotation": [180, 0, 0],
				"cubes": [
					{"origin": [-8, 0, -3], "size": [16, 1, 6], "uv": [38, 15]},
					{"origin": [-8, 1, 3], "size": [16, 1, 2], "uv": [70, 70]},
					{"origin": [-8, 1, -5], "size": [16, 1, 2], "uv": [36, 69]},
					{"origin": [-8, 2, 5], "size": [16, 1, 1], "uv": [67, 73]}
				]
			},
			{
				"name": "bone4",
				"parent": "bone5",
				"pivot": [0, 8, 0],
				"rotation": [-90, 0, 0],
				"cubes": [
					{"origin": [-8, 0, -3], "size": [16, 1, 6], "uv": [38, 8]},
					{"origin": [-8, 1, 3], "size": [16, 1, 2], "uv": [0, 69]},
					{"origin": [-8, 1, -5], "size": [16, 1, 2], "uv": [36, 66]},
					{"origin": [-8, 2, 5], "size": [16, 1, 1], "uv": [72, 58]}
				]
			},
			{
				"name": "bone6",
				"pivot": [-16, 0, 0]
			},
			{
				"name": "bone7",
				"parent": "bone6",
				"pivot": [-16, 8, 0],
				"cubes": [
					{"origin": [-24, 0, -3], "size": [16, 1, 6], "uv": [38, 1]},
					{"origin": [-24, 1, 3], "size": [16, 1, 2], "uv": [0, 66]},
					{"origin": [-24, 1, -5], "size": [16, 1, 2], "uv": [36, 63]},
					{"origin": [-24, 2, 5], "size": [16, 1, 1], "uv": [72, 36]}
				]
			},
			{
				"name": "bone8",
				"parent": "bone6",
				"pivot": [-16, 8, 0],
				"rotation": [90, 0, 0],
				"cubes": [
					{"origin": [-24, 0, -3], "size": [16, 1, 6], "uv": [38, 38]},
					{"origin": [-24, 1, 3], "size": [16, 1, 2], "uv": [0, 63]},
					{"origin": [-24, 1, -5], "size": [16, 1, 2], "uv": [36, 60]},
					{"origin": [-24, 2, 5], "size": [16, 1, 1], "uv": [34, 72]}
				]
			},
			{
				"name": "bone9",
				"parent": "bone6",
				"pivot": [-16, 8, 0],
				"rotation": [180, 0, 0],
				"cubes": [
					{"origin": [-24, 0, -3], "size": [16, 1, 6], "uv": [0, 35]},
					{"origin": [-24, 1, 3], "size": [16, 1, 2], "uv": [0, 60]},
					{"origin": [-24, 1, -5], "size": [16, 1, 2], "uv": [36, 57]},
					{"origin": [-24, 2, 5], "size": [16, 1, 1], "uv": [0, 72]}
				]
			},
			{
				"name": "bone10",
				"parent": "bone6",
				"pivot": [-16, 8, 0],
				"rotation": [-90, 0, 0],
				"cubes": [
					{"origin": [-24, 0, -3], "size": [16, 1, 6], "uv": [0, 28]},
					{"origin": [-24, 1, 3], "size": [16, 1, 2], "uv": [0, 57]},
					{"origin": [-24, 1, -5], "size": [16, 1, 2], "uv": [36, 54]},
					{"origin": [-24, 2, 5], "size": [16, 1, 1], "uv": [71, 68]}
				]
			},
			{
				"name": "bone11",
				"pivot": [16, 0, 0]
			},
			{
				"name": "bone12",
				"parent": "bone11",
				"pivot": [16, 8, 0],
				"cubes": [
					{"origin": [8, 0, -3], "size": [16, 1, 6], "uv": [0, 21]},
					{"origin": [8, 1, 3], "size": [16, 1, 2], "uv": [0, 54]},
					{"origin": [8, 1, -5], "size": [16, 1, 2], "uv": [36, 51]},
					{"origin": [8, 2, 5], "size": [16, 1, 1], "uv": [70, 66]}
				]
			},
			{
				"name": "bone13",
				"parent": "bone11",
				"pivot": [16, 8, 0],
				"rotation": [90, 0, 0],
				"cubes": [
					{"origin": [8, 0, -3], "size": [16, 1, 6], "uv": [0, 14]},
					{"origin": [8, 1, 3], "size": [16, 1, 2], "uv": [0, 51]},
					{"origin": [8, 1, -5], "size": [16, 1, 2], "uv": [36, 48]},
					{"origin": [8, 2, 5], "size": [16, 1, 1], "uv": [70, 63]}
				]
			},
			{
				"name": "bone14",
				"parent": "bone11",
				"pivot": [16, 8, 0],
				"rotation": [180, 0, 0],
				"cubes": [
					{"origin": [8, 0, -3], "size": [16, 1, 6], "uv": [0, 7]},
					{"origin": [8, 1, 3], "size": [16, 1, 2], "uv": [0, 48]},
					{"origin": [8, 1, -5], "size": [16, 1, 2], "uv": [36, 45]},
					{"origin": [8, 2, 5], "size": [16, 1, 1], "uv": [70, 60]}
				]
			},
			{
				"name": "bone15",
				"parent": "bone11",
				"pivot": [16, 8, 0],
				"rotation": [-90, 0, 0],
				"cubes": [
					{"origin": [8, 0, -3], "size": [16, 1, 6], "uv": [0, 0]},
					{"origin": [8, 1, 3], "size": [16, 1, 2], "uv": [0, 45]},
					{"origin": [8, 1, -5], "size": [16, 1, 2], "uv": [0, 42]},
					{"origin": [8, 2, 5], "size": [16, 1, 1], "uv": [38, 36]}
				]
			},
			{
				"name": "bone16",
				"pivot": [24, 0, 0]
			},
			{
				"name": "bone17",
				"parent": "bone16",
				"pivot": [24, 8, 0],
				"cubes": [
					{"origin": [20, -1, -4], "size": [4, 1, 8], "uv": [40, 77]},
					{"origin": [20, 0, 3], "size": [4, 1, 3], "uv": [61, 88]},
					{"origin": [20, 0, -6], "size": [4, 1, 3], "uv": [87, 31]},
					{"origin": [20, 1, 5], "size": [4, 1, 2], "uv": [73, 90]},
					{"origin": [20, 2, 6], "size": [4, 1, 1], "uv": [10, 92]}
				]
			},
			{
				"name": "bone18",
				"parent": "bone16",
				"pivot": [24, 8, 0],
				"rotation": [90, 0, 0],
				"cubes": [
					{"origin": [20, -1, -4], "size": [4, 1, 8], "uv": [76, 18]},
					{"origin": [20, 0, 3], "size": [4, 1, 3], "uv": [87, 27]},
					{"origin": [20, 0, -6], "size": [4, 1, 3], "uv": [50, 87]},
					{"origin": [20, 1, 5], "size": [4, 1, 2], "uv": [34, 90]},
					{"origin": [20, 2, 6], "size": [4, 1, 1], "uv": [0, 92]}
				]
			},
			{
				"name": "bone19",
				"parent": "bone16",
				"pivot": [24, 8, 0],
				"rotation": [180, 0, 0],
				"cubes": [
					{"origin": [20, -1, -4], "size": [4, 1, 8], "uv": [76, 9]},
					{"origin": [20, 0, 3], "size": [4, 1, 3], "uv": [83, 86]},
					{"origin": [20, 0, -6], "size": [4, 1, 3], "uv": [39, 86]},
					{"origin": [20, 1, 5], "size": [4, 1, 2], "uv": [24, 89]},
					{"origin": [20, 2, 6], "size": [4, 1, 1], "uv": [46, 91]}
				]
			},
			{
				"name": "bone20",
				"parent": "bone16",
				"pivot": [24, 8, 0],
				"rotation": [-90, 0, 0],
				"cubes": [
					{"origin": [20, -1, -4], "size": [4, 1, 8], "uv": [76, 0]},
					{"origin": [20, 0, 3], "size": [4, 1, 3], "uv": [72, 85]},
					{"origin": [20, 0, -6], "size": [4, 1, 3], "uv": [28, 85]},
					{"origin": [20, 1, 5], "size": [4, 1, 2], "uv": [12, 89]},
					{"origin": [20, 2, 6], "size": [4, 1, 1], "uv": [90, 43]}
				]
			},
			{
				"name": "bone21",
				"pivot": [24, 0, 0]
			},
			{
				"name": "bone22",
				"parent": "bone21",
				"pivot": [24, 8, 0],
				"cubes": [
					{"origin": [-24, -1, -4], "size": [4, 1, 8], "uv": [76, 76]},
					{"origin": [-24, 0, 3], "size": [4, 1, 3], "uv": [14, 85]},
					{"origin": [-24, 0, -6], "size": [4, 1, 3], "uv": [0, 85]},
					{"origin": [-24, 1, 5], "size": [4, 1, 2], "uv": [0, 89]},
					{"origin": [-24, 2, 6], "size": [4, 1, 1], "uv": [90, 41]}
				]
			},
			{
				"name": "bone23",
				"parent": "bone21",
				"pivot": [24, 8, 0],
				"rotation": [90, 0, 0],
				"cubes": [
					{"origin": [-24, -1, -4], "size": [4, 1, 8], "uv": [24, 76]},
					{"origin": [-24, 0, 3], "size": [4, 1, 3], "uv": [61, 84]},
					{"origin": [-24, 0, -6], "size": [4, 1, 3], "uv": [16, 80]},
					{"origin": [-24, 1, 5], "size": [4, 1, 2], "uv": [87, 38]},
					{"origin": [-24, 2, 6], "size": [4, 1, 1], "uv": [83, 90]}
				]
			},
			{
				"name": "bone24",
				"parent": "bone21",
				"pivot": [24, 8, 0],
				"rotation": [180, 0, 0],
				"cubes": [
					{"origin": [-24, -1, -4], "size": [4, 1, 8], "uv": [0, 76]},
					{"origin": [-24, 0, 3], "size": [4, 1, 3], "uv": [79, 42]},
					{"origin": [-24, 0, -6], "size": [4, 1, 3], "uv": [76, 38]},
					{"origin": [-24, 1, 5], "size": [4, 1, 2], "uv": [56, 79]},
					{"origin": [-24, 2, 6], "size": [4, 1, 1], "uv": [76, 33]}
				]
			},
			{
				"name": "bone25",
				"parent": "bone21",
				"pivot": [24, 8, 0],
				"rotation": [-90, 0, 0],
				"cubes": [
					{"origin": [-24, -1, -4], "size": [4, 1, 8], "uv": [60, 75]},
					{"origin": [-24, 0, 3], "size": [4, 1, 3], "uv": [76, 29]},
					{"origin": [-24, 0, -6], "size": [4, 1, 3], "uv": [16, 76]},
					{"origin": [-24, 1, 5], "size": [4, 1, 2], "uv": [56, 76]},
					{"origin": [-24, 2, 6], "size": [4, 1, 1], "uv": [34, 42]}
				]
			}
		]
	}
}