{
	"format_version": "1.10.0",
	"geometry.model": {
		"texturewidth": 128,
		"textureheight": 128,
		"visible_bounds_width": 3,
		"visible_bounds_height": 4,
		"visible_bounds_offset": [0, 0, 0],
		"bones": [
			{
				"name": "head",
				"pivot": [0, 18, 0],
				"cubes": [
					{"origin": [-4, 18, -4], "size": [8, 8, 8], "uv": [0, 0]},
					{"origin": [-4, 18, -4], "size": [8, 8, 8], "uv": [0, 64], "inflate": 0.2}
				]
			},
			{
				"name": "blink",
				"parent": "head",
				"pivot": [0, 0, 0],
				"cubes": [
					{"origin": [-4, 18, -4.001], "size": [8, 8, 0], "uv": [24, 24]}
				]
			},
			{
				"name": "hair",
				"parent": "head",
				"pivot": [0, 18, 4]
			},
			{
				"name": "front",
				"parent": "hair",
				"pivot": [0, 18, -4],
				"rotation": [-5, 0, 0],
				"cubes": [
					{"origin": [-4, 15, -4], "size": [1, 3, 0], "uv": [21, 31]},
					{"origin": [3, 15, -4], "size": [1, 3, 0], "uv": [0, 31]}
				]
			},
			{
				"name": "right",
				"parent": "hair",
				"pivot": [-4, 18, 4],
				"rotation": [0, 0, 5],
				"cubes": [
					{"origin": [-4, 14, -4], "size": [0, 4, 1], "uv": [53, 42]},
					{"origin": [-4, 10, 3], "size": [0, 8, 1], "uv": [8, 52]}
				]
			},
			{
				"name": "bone21",
				"parent": "right",
				"pivot": [-4, 18, 4],
				"rotation": [0, 0, 10],
				"cubes": [
					{"origin": [-4, 14, -2], "size": [0, 4, 1], "uv": [52, 26]},
					{"origin": [-4, 10, 1], "size": [0, 8, 1], "uv": [6, 52]}
				]
			},
			{
				"name": "bone20",
				"parent": "right",
				"pivot": [-4, 18, 4],
				"rotation": [0, 0, 5],
				"cubes": [
					{"origin": [-4, 14, -3], "size": [0, 4, 1], "uv": [48, 35]},
					{"origin": [-4, 10, 2], "size": [0, 8, 1], "uv": [4, 52]}
				]
			},
			{
				"name": "left",
				"parent": "hair",
				"pivot": [4, 18, 4],
				"rotation": [0, 0, -5],
				"cubes": [
					{"origin": [4, 14, -4], "size": [0, 4, 1], "uv": [46, 35]},
					{"origin": [4, 10, 3], "size": [0, 8, 1], "uv": [2, 52]}
				]
			},
			{
				"name": "bone23",
				"parent": "left",
				"pivot": [4, 18, 4],
				"rotation": [0, 0, -10],
				"cubes": [
					{"origin": [4, 14, -2], "size": [0, 4, 1], "uv": [44, 35]},
					{"origin": [4, 10, 1], "size": [0, 8, 1], "uv": [0, 52]}
				]
			},
			{
				"name": "bone22",
				"parent": "left",
				"pivot": [4, 18, 4],
				"rotation": [0, 0, -5],
				"cubes": [
					{"origin": [4, 14, -3], "size": [0, 4, 1], "uv": [38, 42]},
					{"origin": [4, 10, 2], "size": [0, 8, 1], "uv": [36, 51]}
				]
			},
			{
				"name": "back",
				"parent": "hair",
				"pivot": [0, 18, 4],
				"rotation": [5, 0, 0],
				"cubes": [
					{"origin": [3, 10, 4], "size": [1, 8, 0], "uv": [54, 26]},
					{"origin": [-4, 10, 4], "size": [1, 8, 0], "uv": [54, 18]}
				]
			},
			{
				"name": "bone24",
				"parent": "back",
				"pivot": [0, 18, 4],
				"rotation": [5, 0, 0],
				"cubes": [
					{"origin": [-3, 10, 4], "size": [1, 8, 0], "uv": [54, 54]},
					{"origin": [2, 10, 4], "size": [1, 8, 0], "uv": [14, 53]}
				]
			},
			{
				"name": "bone25",
				"parent": "back",
				"pivot": [0, 18, 4],
				"rotation": [10, 0, 0],
				"cubes": [
					{"origin": [-2, 10, 4], "size": [1, 8, 0], "uv": [12, 53]},
					{"origin": [1, 10, 4], "size": [1, 8, 0], "uv": [10, 53]}
				]
			},
			{
				"name": "bone26",
				"parent": "back",
				"pivot": [0, 18, 4],
				"rotation": [15, 0, 0],
				"cubes": [
					{"origin": [0, 10, 4], "size": [1, 8, 0], "uv": [30, 0]},
					{"origin": [-1, 10, 4], "size": [1, 8, 0], "uv": [6, 0]}
				]
			},
			{
				"name": "hairdress",
				"parent": "head",
				"pivot": [0, 18.5, -0.25]
			},
			{
				"name": "hdress",
				"parent": "hairdress",
				"pivot": [0, 18.5, -0.25],
				"rotation": [-10, 0, 0],
				"cubes": [
					{"origin": [4, 20, -0.25], "size": [1, 6, 2], "uv": [24, 0]},
					{"origin": [-3.5, 25.5, -0.25], "size": [7, 2, 2], "uv": [18, 18]},
					{"origin": [-5, 20, -0.25], "size": [1, 6, 2], "uv": [0, 0]},
					{"origin": [-4.5, 26, -0.25], "size": [1, 1, 2], "uv": [34, 20]},
					{"origin": [3.5, 26, -0.25], "size": [1, 1, 2], "uv": [9, 31]},
					{"origin": [-4.5, 19, -0.25], "size": [1, 1, 2], "uv": [0, 19]},
					{"origin": [3.5, 19, -0.25], "size": [1, 1, 2], "uv": [0, 16]}
				]
			},
			{
				"name": "flower",
				"parent": "hairdress",
				"pivot": [1.9, 11, -6.875],
				"rotation": [-25, 0, 0]
			},
			{
				"name": "bone54",
				"parent": "flower",
				"pivot": [1.9, 11, -6.875]
			},
			{
				"name": "bone51",
				"parent": "bone54",
				"pivot": [1.9, 10.7, -6.875]
			},
			{
				"name": "bone55",
				"parent": "bone51",
				"pivot": [2.1, 10.7, -6.875],
				"cubes": [
					{"origin": [1.15, 29.25, -7], "size": [1, 1, 1], "uv": [62, 34], "inflate": -0.375},
					{"origin": [1.15, 29.25, -7.25], "size": [1, 1, 1], "uv": [62, 32], "inflate": -0.375}
				]
			},
			{
				"name": "bone56",
				"parent": "bone51",
				"pivot": [1.9, 10.7, -6.875],
				"cubes": [
					{"origin": [1.4, 29.25, -7], "size": [1, 1, 1], "uv": [62, 30], "inflate": -0.375},
					{"origin": [1.4, 29.25, -7.25], "size": [1, 1, 1], "uv": [62, 28], "inflate": -0.375}
				]
			},
			{
				"name": "bone50",
				"parent": "bone54",
				"pivot": [1.9, 11, -6.875]
			},
			{
				"name": "bone52",
				"parent": "bone50",
				"pivot": [2.1, 11, -6.875],
				"cubes": [
					{"origin": [1.15, 28.5, -7], "size": [1, 1, 1], "uv": [62, 26], "inflate": -0.375},
					{"origin": [1.15, 28.5, -7.25], "size": [1, 1, 1], "uv": [62, 24], "inflate": -0.375}
				]
			},
			{
				"name": "bone53",
				"parent": "bone50",
				"pivot": [1.9, 11, -6.875],
				"cubes": [
					{"origin": [1.4, 28.5, -7], "size": [1, 1, 1], "uv": [62, 22], "inflate": -0.375},
					{"origin": [1.4, 28.5, -7.25], "size": [1, 1, 1], "uv": [62, 20], "inflate": -0.375}
				]
			},
			{
				"name": "bone45",
				"parent": "bone54",
				"pivot": [1.9, 10.7, -6.875]
			},
			{
				"name": "bone46",
				"parent": "bone45",
				"pivot": [1.9, 10.7, -6.875],
				"cubes": [
					{"origin": [0.9, 28.75, -7], "size": [1, 1, 1], "uv": [62, 18], "inflate": -0.375},
					{"origin": [0.9, 28.75, -7.25], "size": [1, 1, 1], "uv": [62, 16], "inflate": -0.375}
				]
			},
			{
				"name": "bone47",
				"parent": "bone45",
				"pivot": [2.1, 10.7, -6.875],
				"cubes": [
					{"origin": [1.15, 28.75, -7.1], "size": [1, 1, 1], "uv": [62, 14], "inflate": -0.375},
					{"origin": [1.15, 28.75, -7.35], "size": [1, 1, 1], "uv": [62, 12], "inflate": -0.375}
				]
			},
			{
				"name": "bone48",
				"parent": "bone45",
				"pivot": [1.9, 10.7, -6.875],
				"cubes": [
					{"origin": [1.4, 28.75, -7], "size": [1, 1, 1], "uv": [62, 10], "inflate": -0.375},
					{"origin": [1.4, 28.75, -7.35], "size": [1, 1, 1], "uv": [62, 8], "inflate": -0.375}
				]
			},
			{
				"name": "bone49",
				"parent": "bone45",
				"pivot": [2.6, 10.7, -6.875],
				"cubes": [
					{"origin": [1.65, 28.75, -7], "size": [1, 1, 1], "uv": [62, 6], "inflate": -0.375},
					{"origin": [1.65, 28.75, -7.25], "size": [1, 1, 1], "uv": [62, 4], "inflate": -0.375}
				]
			},
			{
				"name": "bone44",
				"parent": "bone54",
				"pivot": [1.9, 11, -6.875]
			},
			{
				"name": "bone40",
				"parent": "bone44",
				"pivot": [1.9, 11, -6.875],
				"cubes": [
					{"origin": [0.9, 29, -7], "size": [1, 1, 1], "uv": [62, 2], "inflate": -0.375},
					{"origin": [0.9, 29, -7.25], "size": [1, 1, 1], "uv": [62, 0], "inflate": -0.375}
				]
			},
			{
				"name": "bone41",
				"parent": "bone44",
				"pivot": [2.1, 11, -6.875],
				"cubes": [
					{"origin": [1.15, 29, -7], "size": [1, 1, 1], "uv": [62, 62], "inflate": -0.375},
					{"origin": [1.15, 29, -7.35], "size": [1, 1, 1], "uv": [55, 62], "inflate": -0.375}
				]
			},
			{
				"name": "bone42",
				"parent": "bone44",
				"pivot": [1.9, 11, -6.875],
				"cubes": [
					{"origin": [1.4, 29, -7], "size": [1, 1, 1], "uv": [51, 62], "inflate": -0.375},
					{"origin": [1.4, 29, -7.35], "size": [1, 1, 1], "uv": [61, 42], "inflate": -0.375}
				]
			},
			{
				"name": "bone43",
				"parent": "bone44",
				"pivot": [2.6, 11, -6.875],
				"cubes": [
					{"origin": [1.65, 29, -7], "size": [1, 1, 1], "uv": [61, 40], "inflate": -0.375},
					{"origin": [1.65, 29, -7.25], "size": [1, 1, 1], "uv": [59, 61], "inflate": -0.375}
				]
			},
			{
				"name": "bone57",
				"parent": "flower",
				"pivot": [1.82, 29.45, -6.75]
			},
			{
				"name": "bone58",
				"parent": "bone57",
				"pivot": [1.95, 10.95, -6.875]
			},
			{
				"name": "bone59",
				"parent": "bone58",
				"pivot": [2.1, 11.05, -6.875],
				"cubes": [
					{"origin": [1.1, 29.05, -7.01], "size": [1, 1, 1], "uv": [48, 61], "inflate": -0.375},
					{"origin": [0.85, 29.05, -7.01], "size": [1, 1, 1], "uv": [44, 61], "inflate": -0.375},
					{"origin": [1.1, 29.3, -7.01], "size": [1, 1, 1], "uv": [40, 61], "inflate": -0.375},
					{"origin": [0.85, 29.3, -7.01], "size": [1, 1, 1], "uv": [36, 61], "inflate": -0.375}
				]
			},
			{
				"name": "bone60",
				"parent": "bone58",
				"pivot": [1.6, 11.05, -6.875],
				"cubes": [
					{"origin": [0.6, 29.05, -7.11], "size": [1, 1, 1], "uv": [32, 61], "inflate": -0.375},
					{"origin": [0.35, 29.05, -7.21], "size": [1, 1, 1], "uv": [28, 61], "inflate": -0.375},
					{"origin": [0.6, 29.3, -7.01], "size": [1, 1, 1], "uv": [24, 61], "inflate": -0.375},
					{"origin": [0.35, 29.3, -7.11], "size": [1, 1, 1], "uv": [20, 61], "inflate": -0.375}
				]
			},
			{
				"name": "bone61",
				"parent": "bone58",
				"pivot": [2.1, 11.05, -6.875],
				"cubes": [
					{"origin": [1.1, 29.55, -7.11], "size": [1, 1, 1], "uv": [16, 61], "inflate": -0.375},
					{"origin": [0.85, 29.55, -7.01], "size": [1, 1, 1], "uv": [12, 61], "inflate": -0.375},
					{"origin": [1.1, 29.8, -7.21], "size": [1, 1, 1], "uv": [8, 61], "inflate": -0.375},
					{"origin": [0.85, 29.8, -7.11], "size": [1, 1, 1], "uv": [4, 61], "inflate": -0.375}
				]
			},
			{
				"name": "bone62",
				"parent": "bone58",
				"pivot": [2.1, 11.05, -6.875],
				"cubes": [
					{"origin": [0.6, 29.55, -7.11], "size": [1, 1, 1], "uv": [0, 61], "inflate": -0.375},
					{"origin": [0.35, 29.55, -7.11], "size": [1, 1, 1], "uv": [60, 49], "inflate": -0.375},
					{"origin": [0.6, 29.8, -7.11], "size": [1, 1, 1], "uv": [60, 47], "inflate": -0.375},
					{"origin": [0.35, 29.8, -7.21], "size": [1, 1, 1], "uv": [60, 38], "inflate": -0.375}
				]
			},
			{
				"name": "bone63",
				"parent": "bone57",
				"pivot": [1.95, 10.95, -6.875]
			},
			{
				"name": "bone64",
				"parent": "bone63",
				"pivot": [1.7, 10.95, -6.875],
				"cubes": [
					{"origin": [0.1, 29.3, -7.21], "size": [1, 1, 1], "uv": [60, 36], "inflate": -0.375},
					{"origin": [0.1, 29.55, -7.31], "size": [1, 1, 1], "uv": [56, 60], "inflate": -0.375},
					{"origin": [0.1, 29.8, -7.31], "size": [1, 1, 1], "uv": [59, 57], "inflate": -0.375}
				]
			},
			{
				"name": "bone65",
				"parent": "bone63",
				"pivot": [1.95, 10.95, -6.875],
				"cubes": [
					{"origin": [0.35, 30.05, -7.31], "size": [1, 1, 1], "uv": [59, 54], "inflate": -0.375},
					{"origin": [0.6, 30.05, -7.31], "size": [1, 1, 1], "uv": [59, 52], "inflate": -0.375},
					{"origin": [0.85, 30.05, -7.21], "size": [1, 1, 1], "uv": [59, 45], "inflate": -0.375}
				]
			},
			{
				"name": "bone66",
				"parent": "flower",
				"pivot": [1.77, 29.5, -6.75]
			},
			{
				"name": "bone67",
				"parent": "bone66",
				"pivot": [1.9, 11, -6.875]
			},
			{
				"name": "bone68",
				"parent": "bone67",
				"pivot": [2.05, 11.1, -6.875],
				"cubes": [
					{"origin": [1.45, 28.7, -7.01], "size": [1, 1, 1], "uv": [59, 33], "inflate": -0.375},
					{"origin": [2.2, 27.7, -7.31], "size": [1, 1, 1], "uv": [59, 31], "inflate": -0.375},
					{"origin": [2.45, 27.95, -7.31], "size": [1, 1, 1], "uv": [59, 29], "inflate": -0.375},
					{"origin": [2.2, 27.95, -7.21], "size": [1, 1, 1], "uv": [59, 27], "inflate": -0.375}
				]
			},
			{
				"name": "bone69",
				"parent": "bone67",
				"pivot": [1.55, 11.1, -6.875],
				"cubes": [
					{"origin": [1.95, 27.7, -7.31], "size": [1, 1, 1], "uv": [59, 25], "inflate": -0.375},
					{"origin": [1.7, 27.7, -7.21], "size": [1, 1, 1], "uv": [59, 23], "inflate": -0.375},
					{"origin": [1.95, 27.95, -7.11], "size": [1, 1, 1], "uv": [59, 21], "inflate": -0.375},
					{"origin": [1.7, 27.95, -7.11], "size": [1, 1, 1], "uv": [59, 19], "inflate": -0.375}
				]
			},
			{
				"name": "bone70",
				"parent": "bone67",
				"pivot": [2.05, 11.1, -6.875],
				"cubes": [
					{"origin": [2.45, 28.2, -7.31], "size": [1, 1, 1], "uv": [59, 17], "inflate": -0.375},
					{"origin": [2.2, 28.2, -7.11], "size": [1, 1, 1], "uv": [59, 15], "inflate": -0.375},
					{"origin": [2.45, 28.45, -7.21], "size": [1, 1, 1], "uv": [59, 13], "inflate": -0.375},
					{"origin": [2.2, 28.45, -7.11], "size": [1, 1, 1], "uv": [59, 11], "inflate": -0.375}
				]
			},
			{
				"name": "bone71",
				"parent": "bone67",
				"pivot": [2.05, 11.1, -6.875],
				"cubes": [
					{"origin": [1.95, 28.2, -7.11], "size": [1, 1, 1], "uv": [59, 9], "inflate": -0.375},
					{"origin": [1.7, 28.2, -7.01], "size": [1, 1, 1], "uv": [59, 7], "inflate": -0.375},
					{"origin": [1.95, 28.45, -7.01], "size": [1, 1, 1], "uv": [59, 5], "inflate": -0.375},
					{"origin": [1.7, 28.45, -7.01], "size": [1, 1, 1], "uv": [59, 3], "inflate": -0.375}
				]
			},
			{
				"name": "bone72",
				"parent": "bone66",
				"pivot": [1.9, 11, -6.875]
			},
			{
				"name": "bone73",
				"parent": "bone72",
				"pivot": [1.65, 11, -6.875],
				"cubes": [
					{"origin": [1.45, 27.95, -7.21], "size": [1, 1, 1], "uv": [59, 1], "inflate": -0.375},
					{"origin": [1.45, 28.2, -7.11], "size": [1, 1, 1], "uv": [59, 59], "inflate": -0.375},
					{"origin": [1.45, 28.45, -7.01], "size": [1, 1, 1], "uv": [49, 59], "inflate": -0.375}
				]
			},
			{
				"name": "bone74",
				"parent": "bone72",
				"pivot": [1.9, 11, -6.875],
				"cubes": [
					{"origin": [1.7, 28.7, -7.01], "size": [1, 1, 1], "uv": [45, 59], "inflate": -0.375},
					{"origin": [1.95, 28.7, -7.11], "size": [1, 1, 1], "uv": [41, 59], "inflate": -0.375},
					{"origin": [2.2, 28.7, -7.21], "size": [1, 1, 1], "uv": [37, 59], "inflate": -0.375}
				]
			},
			{
				"name": "bone75",
				"parent": "flower",
				"pivot": [1.77, 29.5, -6.75]
			},
			{
				"name": "bone76",
				"parent": "bone75",
				"pivot": [1.9, 11, -6.875]
			},
			{
				"name": "bone77",
				"parent": "bone76",
				"pivot": [2.05, 11.1, -6.875],
				"cubes": [
					{"origin": [1.1, 28.7, -7.01], "size": [1, 1, 1], "uv": [28, 59], "inflate": -0.375},
					{"origin": [0.85, 27.7, -7.21], "size": [1, 1, 1], "uv": [24, 59], "inflate": -0.375},
					{"origin": [1.1, 27.95, -7.21], "size": [1, 1, 1], "uv": [58, 43], "inflate": -0.375},
					{"origin": [0.85, 27.95, -7.11], "size": [1, 1, 1], "uv": [58, 41], "inflate": -0.375}
				]
			},
			{
				"name": "bone78",
				"parent": "bone76",
				"pivot": [1.55, 11.1, -6.875],
				"cubes": [
					{"origin": [0.6, 27.7, -7.31], "size": [1, 1, 1], "uv": [56, 58], "inflate": -0.375},
					{"origin": [0.35, 27.7, -7.31], "size": [1, 1, 1], "uv": [57, 50], "inflate": -0.375},
					{"origin": [0.6, 27.95, -7.11], "size": [1, 1, 1], "uv": [57, 48], "inflate": -0.375},
					{"origin": [0.35, 27.95, -7.21], "size": [1, 1, 1], "uv": [57, 39], "inflate": -0.375}
				]
			},
			{
				"name": "bone79",
				"parent": "bone76",
				"pivot": [2.05, 11.1, -6.875],
				"cubes": [
					{"origin": [1.1, 28.2, -7.11], "size": [1, 1, 1], "uv": [57, 37], "inflate": -0.375},
					{"origin": [0.85, 28.2, -7.01], "size": [1, 1, 1], "uv": [57, 35], "inflate": -0.375},
					{"origin": [1.1, 28.45, -7.01], "size": [1, 1, 1], "uv": [46, 57], "inflate": -0.375},
					{"origin": [0.85, 28.45, -7.01], "size": [1, 1, 1], "uv": [42, 57], "inflate": -0.375}
				]
			},
			{
				"name": "bone80",
				"parent": "bone76",
				"pivot": [2.05, 11.1, -6.875],
				"cubes": [
					{"origin": [0.6, 28.2, -7.11], "size": [1, 1, 1], "uv": [38, 57], "inflate": -0.375},
					{"origin": [0.35, 28.2, -7.11], "size": [1, 1, 1], "uv": [56, 53], "inflate": -0.375},
					{"origin": [0.6, 28.45, -7.01], "size": [1, 1, 1], "uv": [56, 46], "inflate": -0.375},
					{"origin": [0.35, 28.45, -7.11], "size": [1, 1, 1], "uv": [56, 32], "inflate": -0.375}
				]
			},
			{
				"name": "bone81",
				"parent": "bone75",
				"pivot": [1.9, 11, -6.875]
			},
			{
				"name": "bone82",
				"parent": "bone81",
				"pivot": [1.65, 11, -6.875],
				"cubes": [
					{"origin": [0.1, 27.95, -7.31], "size": [1, 1, 1], "uv": [56, 30], "inflate": -0.375},
					{"origin": [0.1, 28.2, -7.31], "size": [1, 1, 1], "uv": [56, 28], "inflate": -0.375},
					{"origin": [0.1, 28.45, -7.21], "size": [1, 1, 1], "uv": [56, 26], "inflate": -0.375}
				]
			},
			{
				"name": "bone83",
				"parent": "bone81",
				"pivot": [1.9, 11, -6.875],
				"cubes": [
					{"origin": [0.35, 28.7, -7.21], "size": [1, 1, 1], "uv": [56, 24], "inflate": -0.375},
					{"origin": [0.6, 28.7, -7.11], "size": [1, 1, 1], "uv": [56, 22], "inflate": -0.375},
					{"origin": [0.85, 28.7, -7.01], "size": [1, 1, 1], "uv": [56, 20], "inflate": -0.375}
				]
			},
			{
				"name": "bone84",
				"parent": "flower",
				"pivot": [1.82, 29.45, -6.75]
			},
			{
				"name": "bone85",
				"parent": "bone84",
				"pivot": [1.95, 10.95, -6.875]
			},
			{
				"name": "bone86",
				"parent": "bone85",
				"pivot": [2.1, 11.05, -6.875],
				"cubes": [
					{"origin": [1.45, 29.05, -7.01], "size": [1, 1, 1], "uv": [56, 18], "inflate": -0.375},
					{"origin": [2.2, 29.05, -7.21], "size": [1, 1, 1], "uv": [56, 16], "inflate": -0.375},
					{"origin": [2.45, 29.3, -7.21], "size": [1, 1, 1], "uv": [56, 14], "inflate": -0.375},
					{"origin": [2.2, 29.3, -7.11], "size": [1, 1, 1], "uv": [56, 12], "inflate": -0.375}
				]
			},
			{
				"name": "bone87",
				"parent": "bone85",
				"pivot": [1.6, 11.05, -6.875],
				"cubes": [
					{"origin": [1.95, 29.05, -7.11], "size": [1, 1, 1], "uv": [56, 10], "inflate": -0.375},
					{"origin": [1.7, 29.05, -7.01], "size": [1, 1, 1], "uv": [56, 8], "inflate": -0.375},
					{"origin": [1.95, 29.3, -7.01], "size": [1, 1, 1], "uv": [56, 6], "inflate": -0.375},
					{"origin": [1.7, 29.3, -7.01], "size": [1, 1, 1], "uv": [56, 4], "inflate": -0.375}
				]
			},
			{
				"name": "bone88",
				"parent": "bone85",
				"pivot": [2.1, 11.05, -6.875],
				"cubes": [
					{"origin": [2.45, 29.55, -7.31], "size": [1, 1, 1], "uv": [56, 2], "inflate": -0.375},
					{"origin": [2.2, 29.55, -7.11], "size": [1, 1, 1], "uv": [56, 0], "inflate": -0.375},
					{"origin": [2.45, 29.8, -7.31], "size": [1, 1, 1], "uv": [56, 56], "inflate": -0.375},
					{"origin": [2.2, 29.8, -7.21], "size": [1, 1, 1], "uv": [55, 44], "inflate": -0.375}
				]
			},
			{
				"name": "bone89",
				"parent": "bone85",
				"pivot": [2.1, 11.05, -6.875],
				"cubes": [
					{"origin": [1.95, 29.55, -7.11], "size": [1, 1, 1], "uv": [55, 42], "inflate": -0.375},
					{"origin": [1.7, 29.55, -7.01], "size": [1, 1, 1], "uv": [54, 51], "inflate": -0.375},
					{"origin": [1.95, 29.8, -7.11], "size": [1, 1, 1], "uv": [54, 49], "inflate": -0.375},
					{"origin": [1.7, 29.8, -7.11], "size": [1, 1, 1], "uv": [54, 40], "inflate": -0.375}
				]
			},
			{
				"name": "bone90",
				"parent": "bone84",
				"pivot": [1.95, 10.95, -6.875]
			},
			{
				"name": "bone91",
				"parent": "bone90",
				"pivot": [1.7, 10.95, -6.875],
				"cubes": [
					{"origin": [1.45, 29.3, -7.01], "size": [1, 1, 1], "uv": [54, 38], "inflate": -0.375},
					{"origin": [1.45, 29.55, -7.11], "size": [1, 1, 1], "uv": [54, 36], "inflate": -0.375},
					{"origin": [1.45, 29.8, -7.21], "size": [1, 1, 1], "uv": [54, 34], "inflate": -0.375}
				]
			},
			{
				"name": "bone92",
				"parent": "bone90",
				"pivot": [1.95, 10.95, -6.875],
				"cubes": [
					{"origin": [1.7, 30.05, -7.21], "size": [1, 1, 1], "uv": [53, 47], "inflate": -0.375},
					{"origin": [1.95, 30.05, -7.31], "size": [1, 1, 1], "uv": [50, 48], "inflate": -0.375},
					{"origin": [2.2, 30.05, -7.31], "size": [1, 1, 1], "uv": [6, 43], "inflate": -0.375}
				]
			},
			{
				"name": "armRight",
				"pivot": [-3, 17.5, 0],
				"rotation": [0, 0, 25],
				"cubes": [
					{"origin": [-5, 8.5, -1], "size": [2, 8, 2], "uv": [8, 43]},
					{"origin": [-5.5, 13.5, -1.5], "size": [3, 4, 3], "uv": [41, 41]}
				]
			},
			{
				"name": "armLeft",
				"pivot": [3, 17.5, 0],
				"rotation": [0, 0, -25],
				"cubes": [
					{"origin": [2.5, 13.5, -1.5], "size": [3, 4, 3], "uv": [40, 27]},
					{"origin": [3, 8.5, -1], "size": [2, 8, 2], "uv": [0, 43]}
				]
			},
			{
				"name": "body",
				"pivot": [0, 10.5, 0],
				"cubes": [
					{"origin": [-3, 8.999, -3], "size": [6, 9, 6], "uv": [0, 16]}
				]
			},
			{
				"name": "sittingRotationSkirt",
				"parent": "body",
				"pivot": [0, 11.7, 0]
			},
			{
				"name": "bone",
				"parent": "sittingRotationSkirt",
				"pivot": [0, 3.55, 0]
			},
			{
				"name": "bone2",
				"parent": "bone",
				"pivot": [0, 3.55, 4.47051],
				"rotation": [10, 0, 0],
				"cubes": [
					{"origin": [-2.5, 3.20782, 4.47051], "size": [5, 9, 0], "uv": [42, 9]}
				]
			},
			{
				"name": "bone3",
				"parent": "bone2",
				"pivot": [-2.5, 3.20782, 4.47051],
				"rotation": [0, 0, 9.85108],
				"cubes": [
					{"origin": [-4.5, 3.20782, 4.46951], "size": [2, 9, 0], "uv": [52, 9]}
				]
			},
			{
				"name": "bone4",
				"parent": "bone2",
				"pivot": [2.5, 3.20782, 4.47051],
				"rotation": [0, 0, -9.85108],
				"cubes": [
					{"origin": [2.5, 3.20782, 4.47151], "size": [2, 9, 0], "uv": [52, 0]}
				]
			},
			{
				"name": "bone5",
				"parent": "sittingRotationSkirt",
				"pivot": [0, 3.55, 0],
				"rotation": [0, -90, 0]
			},
			{
				"name": "bone6",
				"parent": "bone5",
				"pivot": [0, 3.55, 4.47051],
				"rotation": [10, 0, 0],
				"cubes": [
					{"origin": [-2.5, 3.20782, 4.47051], "size": [5, 9, 0], "uv": [42, 0]}
				]
			},
			{
				"name": "bone7",
				"parent": "bone6",
				"pivot": [-2.5, 3.20782, 4.47051],
				"rotation": [0, 0, 9.85108],
				"cubes": [
					{"origin": [-4.5, 3.20782, 4.46951], "size": [2, 9, 0], "uv": [32, 52]}
				]
			},
			{
				"name": "bone8",
				"parent": "bone6",
				"pivot": [2.5, 3.20782, 4.47051],
				"rotation": [0, 0, -9.85108],
				"cubes": [
					{"origin": [2.5, 3.20782, 4.47151], "size": [2, 9, 0], "uv": [20, 52]}
				]
			},
			{
				"name": "bone9",
				"parent": "sittingRotationSkirt",
				"pivot": [0, 3.55, 0],
				"rotation": [0, -180, 0]
			},
			{
				"name": "bone10",
				"parent": "bone9",
				"pivot": [0, 3.55, 4.47051],
				"rotation": [10, 0, 0],
				"cubes": [
					{"origin": [-2.5, 3.20782, 4.47051], "size": [5, 9, 0], "uv": [24, 41]}
				]
			},
			{
				"name": "bone11",
				"parent": "bone10",
				"pivot": [-2.5, 3.20782, 4.47051],
				"rotation": [0, 0, 9.85108],
				"cubes": [
					{"origin": [-4.5, 3.20782, 4.46951], "size": [2, 9, 0], "uv": [16, 52]}
				]
			},
			{
				"name": "bone12",
				"parent": "bone10",
				"pivot": [2.5, 3.20782, 4.47051],
				"rotation": [0, 0, -9.85108],
				"cubes": [
					{"origin": [2.5, 3.20782, 4.47151], "size": [2, 9, 0], "uv": [50, 34]}
				]
			},
			{
				"name": "bone13",
				"parent": "sittingRotationSkirt",
				"pivot": [0, 3.55, 0],
				"rotation": [0, -270, 0]
			},
			{
				"name": "bone14",
				"parent": "bone13",
				"pivot": [0, 3.55, 4.47051],
				"rotation": [10, 0, 0],
				"cubes": [
					{"origin": [-2.5, 3.20782, 4.47051], "size": [5, 9, 0], "uv": [40, 18]}
				]
			},
			{
				"name": "bone15",
				"parent": "bone14",
				"pivot": [-2.5, 3.20782, 4.47051],
				"rotation": [0, 0, 9.85108],
				"cubes": [
					{"origin": [-4.5, 3.20782, 4.46951], "size": [2, 9, 0], "uv": [50, 18]}
				]
			},
			{
				"name": "bone16",
				"parent": "bone14",
				"pivot": [2.5, 3.20782, 4.47051],
				"rotation": [0, 0, -9.85108],
				"cubes": [
					{"origin": [2.5, 3.20782, 4.47151], "size": [2, 9, 0], "uv": [50, 50]}
				]
			},
			{
				"name": "coller",
				"parent": "body",
				"pivot": [0, 10.55, 0]
			},
			{
				"name": "bone94",
				"parent": "coller",
				"pivot": [0, 18.55, -3],
				"rotation": [0, 180, 0]
			},
			{
				"name": "bone95",
				"parent": "bone94",
				"pivot": [0, 18.05, -3],
				"rotation": [0, 0, -15],
				"cubes": [
					{"origin": [-2, 17.55, -3.5], "size": [2, 1, 1], "uv": [44, 34]}
				]
			},
			{
				"name": "bone96",
				"parent": "coller",
				"pivot": [0, 10.55, 0]
			},
			{
				"name": "bone98",
				"parent": "bone96",
				"pivot": [0, 18.05, -3],
				"rotation": [0, 0, -15],
				"cubes": [
					{"origin": [-2, 17.55, -3.5], "size": [2, 1, 1], "uv": [34, 32]}
				]
			},
			{
				"name": "coller2",
				"parent": "body",
				"pivot": [0, 17.5, -3.1],
				"cubes": [
					{"origin": [-0.5, 16.5, -3.35], "size": [1, 1, 1], "uv": [30, 22]}
				]
			},
			{
				"name": "bone97",
				"parent": "coller2",
				"pivot": [0, 17.5, -2.6],
				"rotation": [0, 180, 0]
			},
			{
				"name": "bone93",
				"parent": "bone97",
				"pivot": [0, 17, -2.6],
				"cubes": [
					{"origin": [-1.8, 16.5, -2.85], "size": [2, 1, 1], "uv": [34, 18], "inflate": -0.125}
				]
			},
			{
				"name": "bone99",
				"parent": "bone97",
				"pivot": [0, 17, -2.6],
				"rotation": [0, 0, -25],
				"cubes": [
					{"origin": [-1.8, 16.5, -2.85], "size": [2, 1, 1], "uv": [24, 22], "inflate": -0.125}
				]
			},
			{
				"name": "bone100",
				"parent": "coller2",
				"pivot": [0, 17.5, -3.1]
			},
			{
				"name": "bone101",
				"parent": "bone100",
				"pivot": [0, 17, -3.1],
				"cubes": [
					{"origin": [-1.8, 16.5, -3.35], "size": [2, 1, 1], "uv": [24, 16], "inflate": -0.125}
				]
			},
			{
				"name": "bone102",
				"parent": "bone100",
				"pivot": [0, 17, -3.1],
				"rotation": [0, 0, -25],
				"cubes": [
					{"origin": [-1.8, 16.5, -3.35], "size": [2, 1, 1], "uv": [18, 16], "inflate": -0.125}
				]
			},
			{
				"name": "legLeft",
				"pivot": [2, 9, 0],
				"cubes": [
					{"origin": [0.149, 0, -1.5], "size": [3, 9, 3], "uv": [12, 31]}
				]
			},
			{
				"name": "legRight",
				"pivot": [-1.9, 9, 0],
				"cubes": [
					{"origin": [-3.149, 0, -1.5], "size": [3, 9, 3], "uv": [0, 31]}
				]
			}
		]
	}
}