{
	"format_version": "1.10.0",
	"geometry.model": {
		"texturewidth": 128,
		"textureheight": 128,
		"visible_bounds_width": 3,
		"visible_bounds_height": 1,
		"visible_bounds_offset": [0, 0, 0],
		"bones": [
			{
				"name": "nuanqi",
				"pivot": [0, 1, 0]
			},
			{
				"name": "zhongxin",
				"parent": "nuanqi",
				"pivot": [0, 1, 0],
				"cubes": [
					{"origin": [-2.5, 2, -2], "size": [12, 10, 4], "uv": [24, 25]}
				]
			},
			{
				"name": "duan",
				"parent": "nuanqi",
				"pivot": [0, 1, 0],
				"cubes": [
					{"origin": [-8, 2, -4], "size": [6, 12, 8], "uv": [0, 9]}
				]
			},
			{
				"name": "pian",
				"parent": "nuanqi",
				"pivot": [0, 1, 0],
				"cubes": [
					{"origin": [-1.5, 2, -4], "size": [1, 12, 8], "uv": [18, 59]},
					{"origin": [0, 2, -4], "size": [1, 12, 8], "uv": [54, 31]},
					{"origin": [1.5, 2, -4], "size": [1, 12, 8], "uv": [46, 51]},
					{"origin": [3, 2, -4], "size": [1, 12, 8], "uv": [0, 49]},
					{"origin": [4.5, 2, -4], "size": [1, 12, 8], "uv": [44, 1]},
					{"origin": [7.5, 2, -4], "size": [1, 12, 8], "uv": [36, 39]},
					{"origin": [6, 2, -4], "size": [1, 12, 8], "uv": [18, 39]},
					{"origin": [9, 2, -4], "size": [1, 12, 8], "uv": [0, 29]}
				]
			},
			{
				"name": "di",
				"parent": "nuanqi",
				"pivot": [0, 1, 0],
				"cubes": [
					{"origin": [-8, 1, -4], "size": [18, 1, 8], "uv": [0, 0], "inflate": 0.2},
					{"origin": [-6.5, 0, 1.5], "size": [2, 1, 2], "uv": [0, 12]},
					{"origin": [-6.5, 0, -3.5], "size": [2, 1, 2], "uv": [0, 9]},
					{"origin": [6.5, 0, 1.5], "size": [2, 1, 2], "uv": [0, 3]},
					{"origin": [6.5, 0, -3.5], "size": [2, 1, 2], "uv": [0, 0]}
				]
			}
		]
	}
}