{
	"format_version": "1.10.0",
	"geometry.model": {
		"texturewidth": 80,
		"textureheight": 80,
		"visible_bounds_width": 3,
		"visible_bounds_height": 4,
		"visible_bounds_offset": [0, 1, 0],
		"bones": [
			{
				"name": "head",
				"pivot": [0, 18, 0],
				"cubes": [
					{"origin": [-4, 18, -4], "size": [8, 8, 8], "uv": [0, 16]},
					{"origin": [-4, 18, -4], "size": [8, 8, 8], "uv": [0, 0], "inflate": 0.2}
				]
			},
			{
				"name": "blink",
				"parent": "head",
				"pivot": [0, 18, 0],
				"cubes": [
					{"origin": [-4, 18, -4.001], "size": [8, 8, 0], "uv": [45, 46]}
				]
			},
			{
				"name": "hat",
				"parent": "head",
				"pivot": [0, 58, 0]
			},
			{
				"name": "bone88",
				"parent": "hat",
				"pivot": [1.14701, 27.4657, 1.075],
				"rotation": [-5, 0, 8],
				"cubes": [
					{"origin": [-3.32799, 26.3157, -3.4], "size": [9, 1, 9], "uv": [23, 23], "inflate": 0.1},
					{"origin": [-1.32799, 27.6157, -1.4], "size": [5, 1, 5], "uv": [39, 40], "inflate": 0.1},
					{"origin": [-2.42799, 27.0157, -2.5], "size": [7, 1, 7], "uv": [24, 0], "inflate": 0.1},
					{"origin": [-0.32799, 28.1157, -0.4], "size": [3, 1, 3], "uv": [39, 33], "inflate": 0.1},
					{"origin": [-2.85299, 25.7657, -2.925], "size": [8, 1, 8], "uv": [24, 8], "inflate": 0.1}
				]
			},
			{
				"name": "bone18",
				"parent": "bone88",
				"pivot": [5.75, 26.4657, -3.175],
				"rotation": [-15, 30, -20],
				"cubes": [
					{"origin": [5.25, 25.9657, -3.675], "size": [1, 1, 1], "uv": [4, 0], "inflate": -0.125}
				]
			},
			{
				"name": "bone20",
				"parent": "bone18",
				"pivot": [5.75, 26.4657, -3.175],
				"rotation": [0, 177.5, 0]
			},
			{
				"name": "bone19",
				"parent": "bone20",
				"pivot": [5.75, 26.4657, -3.175],
				"rotation": [0, 0, 45],
				"cubes": [
					{"origin": [5.2501, 25.9657, -3.675], "size": [1, 1, 2], "uv": [24, 3], "inflate": -0.25}
				]
			},
			{
				"name": "bone21",
				"parent": "bone20",
				"pivot": [5.75, 26.4657, -3.175],
				"rotation": [20, -20, 45],
				"cubes": [
					{"origin": [5.2501, 25.9657, -3.675], "size": [1, 1, 2], "uv": [24, 0], "inflate": -0.25}
				]
			},
			{
				"name": "bone22",
				"parent": "bone20",
				"pivot": [5.75, 26.4657, -3.175],
				"rotation": [-20, 20, 45],
				"cubes": [
					{"origin": [5.2501, 25.9657, -3.675], "size": [1, 1, 2], "uv": [0, 19], "inflate": -0.25}
				]
			},
			{
				"name": "bone23",
				"parent": "bone18",
				"pivot": [5.75, 26.4657, -3.175],
				"rotation": [0, 2.5, 0]
			},
			{
				"name": "bone24",
				"parent": "bone23",
				"pivot": [5.75, 26.4657, -3.175],
				"rotation": [0, 0, 45],
				"cubes": [
					{"origin": [5.2501, 25.9657, -3.675], "size": [1, 1, 2], "uv": [0, 16], "inflate": -0.25}
				]
			},
			{
				"name": "bone25",
				"parent": "bone23",
				"pivot": [5.75, 26.4657, -3.175],
				"rotation": [20, -20, 45],
				"cubes": [
					{"origin": [5.2501, 25.9657, -3.675], "size": [1, 1, 2], "uv": [0, 3], "inflate": -0.25}
				]
			},
			{
				"name": "bone26",
				"parent": "bone23",
				"pivot": [5.75, 26.4657, -3.175],
				"rotation": [-20, 20, 45],
				"cubes": [
					{"origin": [5.2501, 25.9657, -3.675], "size": [1, 1, 2], "uv": [0, 0], "inflate": -0.25}
				]
			},
			{
				"name": "body",
				"pivot": [0, 10.5, 0],
				"cubes": [
					{"origin": [-3, 8.999, -3], "size": [6, 9, 6], "uv": [0, 32]},
					{"origin": [-2.5, 11, -2.5], "size": [5, 7, 5], "uv": [24, 33], "inflate": 0.1},
					{"origin": [-3.5, 8, -2], "size": [7, 2, 4], "uv": [24, 17], "inflate": -0.4}
				]
			},
			{
				"name": "sittingRotationSkirt",
				"parent": "body",
				"pivot": [0, 11, 0]
			},
			{
				"name": "bone",
				"parent": "sittingRotationSkirt",
				"pivot": [0, 3, 0]
			},
			{
				"name": "bone2",
				"parent": "bone",
				"pivot": [0, 3, 4.47051],
				"rotation": [10, 0, 0],
				"cubes": [
					{"origin": [-2.5, 2.65782, 4.47051], "size": [5, 10, 0], "uv": [55, 55]}
				]
			},
			{
				"name": "bone3",
				"parent": "bone2",
				"pivot": [-2.5, 2.65782, 4.47051],
				"rotation": [0, 0, 9.85108],
				"cubes": [
					{"origin": [-4.5, 2.65782, 4.46951], "size": [2, 10, 0], "uv": [24, 64]}
				]
			},
			{
				"name": "bone4",
				"parent": "bone2",
				"pivot": [2.5, 2.65782, 4.47051],
				"rotation": [0, 0, -9.85108],
				"cubes": [
					{"origin": [2.5, 2.65782, 4.47151], "size": [2, 10, 0], "uv": [61, 43]}
				]
			},
			{
				"name": "bone5",
				"parent": "sittingRotationSkirt",
				"pivot": [0, 3, 0],
				"rotation": [0, -90, 0]
			},
			{
				"name": "bone6",
				"parent": "bone5",
				"pivot": [0, 3, 4.47051],
				"rotation": [10, 0, 0],
				"cubes": [
					{"origin": [-2.5, 2.65782, 4.47051], "size": [5, 10, 0], "uv": [54, 33]}
				]
			},
			{
				"name": "bone7",
				"parent": "bone6",
				"pivot": [-2.5, 2.65782, 4.47051],
				"rotation": [0, 0, 9.85108],
				"cubes": [
					{"origin": [-4.5, 2.65782, 4.46951], "size": [2, 10, 0], "uv": [61, 0]}
				]
			},
			{
				"name": "bone8",
				"parent": "bone6",
				"pivot": [2.5, 2.65782, 4.47051],
				"rotation": [0, 0, -9.85108],
				"cubes": [
					{"origin": [2.5, 2.65782, 4.47151], "size": [2, 10, 0], "uv": [20, 61]}
				]
			},
			{
				"name": "bone9",
				"parent": "sittingRotationSkirt",
				"pivot": [0, 3, 0],
				"rotation": [0, -180, 0]
			},
			{
				"name": "bone10",
				"parent": "bone9",
				"pivot": [0, 3, 4.47051],
				"rotation": [10, 0, 0],
				"cubes": [
					{"origin": [-2.5, 2.65782, 4.47051], "size": [5, 10, 0], "uv": [45, 54]}
				]
			},
			{
				"name": "bone11",
				"parent": "bone10",
				"pivot": [-2.5, 2.65782, 4.47051],
				"rotation": [0, 0, 9.85108],
				"cubes": [
					{"origin": [-4.5, 2.65782, 4.46951], "size": [2, 10, 0], "uv": [16, 61]}
				]
			},
			{
				"name": "bone12",
				"parent": "bone10",
				"pivot": [2.5, 2.65782, 4.47051],
				"rotation": [0, 0, -9.85108],
				"cubes": [
					{"origin": [2.5, 2.65782, 4.47151], "size": [2, 10, 0], "uv": [12, 61]}
				]
			},
			{
				"name": "bone13",
				"parent": "sittingRotationSkirt",
				"pivot": [0, 3, 0],
				"rotation": [0, -270, 0]
			},
			{
				"name": "bone14",
				"parent": "bone13",
				"pivot": [0, 3, 4.47051],
				"rotation": [10, 0, 0],
				"cubes": [
					{"origin": [-2.5, 2.65782, 4.47051], "size": [5, 10, 0], "uv": [50, 17]}
				]
			},
			{
				"name": "bone15",
				"parent": "bone14",
				"pivot": [-2.5, 2.65782, 4.47051],
				"rotation": [0, 0, 9.85108],
				"cubes": [
					{"origin": [-4.5, 2.65782, 4.46951], "size": [2, 10, 0], "uv": [60, 16]}
				]
			},
			{
				"name": "bone16",
				"parent": "bone14",
				"pivot": [2.5, 2.65782, 4.47051],
				"rotation": [0, 0, -9.85108],
				"cubes": [
					{"origin": [2.5, 2.65782, 4.47151], "size": [2, 10, 0], "uv": [8, 58]}
				]
			},
			{
				"name": "coller",
				"parent": "body",
				"pivot": [0, 10.55, 0]
			},
			{
				"name": "bone94",
				"parent": "coller",
				"pivot": [0, 18.55, -3],
				"rotation": [0, 180, 0]
			},
			{
				"name": "bone95",
				"parent": "bone94",
				"pivot": [0, 18.05, -3],
				"rotation": [0, 0, -15],
				"cubes": [
					{"origin": [-2, 17.55, -3.499], "size": [2, 1, 1], "uv": [0, 22]}
				]
			},
			{
				"name": "bone96",
				"parent": "coller",
				"pivot": [0, 10.55, 0]
			},
			{
				"name": "bone98",
				"parent": "bone96",
				"pivot": [0, 18.05, -3],
				"rotation": [0, 0, -15],
				"cubes": [
					{"origin": [-2, 17.55, -3.5], "size": [2, 1, 1], "uv": [0, 6]}
				]
			},
			{
				"name": "collar2",
				"parent": "body",
				"pivot": [0, 11.5, 0]
			},
			{
				"name": "bone17",
				"parent": "collar2",
				"pivot": [0, 18, -3],
				"rotation": [0, 0, 140],
				"cubes": [
					{"origin": [-0.71947, 20.78558, -2.991], "size": [3, 1, 0], "uv": [24, 23]}
				]
			},
			{
				"name": "bone27",
				"parent": "collar2",
				"pivot": [0, 0, 0],
				"rotation": [0, -180, 40],
				"cubes": [
					{"origin": [9.28965, 10.00322, 2.99], "size": [3, 1, 0], "uv": [24, 6], "mirror": true}
				]
			},
			{
				"name": "legLeft",
				"pivot": [2, 9, 0],
				"cubes": [
					{"origin": [0.099, 0, -1.5], "size": [3, 9, 3], "uv": [33, 46]}
				]
			},
			{
				"name": "legRight",
				"pivot": [-2, 9, 0],
				"cubes": [
					{"origin": [-3.099, 0, -1.5], "size": [3, 9, 3], "uv": [21, 45]}
				]
			},
			{
				"name": "armRight",
				"pivot": [-3, 17.5, 0],
				"rotation": [0, 0, 25],
				"cubes": [
					{"origin": [-5, 8.5, -1], "size": [2, 8, 2], "uv": [36, 58]},
					{"origin": [-5.5, 9.5, -1.5], "size": [3, 8, 3], "uv": [49, 5], "inflate": -0.2},
					{"origin": [-5.5, 13.5, -1.5], "size": [3, 4, 3], "uv": [24, 57], "inflate": -0.1}
				]
			},
			{
				"name": "armLeft",
				"pivot": [3, 17.5, 0],
				"rotation": [0, 0, -25],
				"cubes": [
					{"origin": [2.5, 9.5, -1.5], "size": [3, 8, 3], "uv": [0, 47], "inflate": -0.2},
					{"origin": [2.5, 13.5, -1.5], "size": [3, 4, 3], "uv": [12, 54], "inflate": -0.1},
					{"origin": [3, 8.5, -1], "size": [2, 8, 2], "uv": [0, 58]}
				]
			}
		]
	}
}