{
	"format_version": "1.10.0",
	"geometry.model": {
		"texturewidth": 64,
		"textureheight": 64,
		"visible_bounds_width": 2,
		"visible_bounds_height": 3,
		"visible_bounds_offset": [0, 0, 0],
		"bones": [
			{
				"name": "head",
				"pivot": [0, 18, 0],
				"cubes": [
					{"origin": [-4, 18, -4], "size": [8, 8, 8], "uv": [0, 16]},
					{"origin": [-4, 18, -4], "size": [8, 8, 8], "uv": [0, 0], "inflate": 0.2}
				]
			},
			{
				"name": "ahoge",
				"parent": "head",
				"pivot": [0, 26, 0],
				"cubes": [
					{"origin": [-3, 26, 0], "size": [6, 6, 0], "uv": [44, 21]}
				]
			},
			{
				"name": "blink",
				"parent": "head",
				"pivot": [0, 18, 0],
				"cubes": [
					{"origin": [-4, 18, -4.001], "size": [8, 8, 0], "uv": [24, 40]}
				]
			},
			{
				"name": "armRight",
				"pivot": [-3, 17.5, 0],
				"rotation": [0, 0, 10],
				"cubes": [
					{"origin": [-5, 8.5, -1], "size": [2, 8, 2], "uv": [8, 44]},
					{"origin": [-5.5, 13.5, -1.5], "size": [3, 4, 3], "uv": [40, 14]}
				]
			},
			{
				"name": "armLeft",
				"pivot": [3, 17.5, 0],
				"rotation": [0, 0, -10],
				"cubes": [
					{"origin": [2.5, 13.5, -1.5], "size": [3, 4, 3], "uv": [40, 40]},
					{"origin": [3, 8.5, -1], "size": [2, 8, 2], "uv": [0, 44]}
				]
			},
			{
				"name": "body",
				"pivot": [0, 10.5, 0],
				"cubes": [
					{"origin": [-3, 9.999, -3], "size": [6, 8, 6], "uv": [26, 26]}
				]
			},
			{
				"name": "sittingRotationSkirt",
				"parent": "body",
				"pivot": [0, 9.75, 0],
				"cubes": [
					{"origin": [-3, 9, -2.5], "size": [6, 1, 5], "uv": [24, 0], "inflate": 0.1}
				]
			},
			{
				"name": "collar",
				"parent": "body",
				"pivot": [0, 10.5, 0],
				"rotation": [0, 180, 0]
			},
			{
				"name": "bone",
				"parent": "collar",
				"pivot": [0, 10.5, 0],
				"cubes": [
					{"origin": [-2.5, 17, 2.75], "size": [5, 1, 1], "uv": [32, 24]},
					{"origin": [-2, 16.25, 2.75], "size": [4, 1, 1], "uv": [41, 0], "inflate": -0.1},
					{"origin": [-1.9, 12.5, 2.7], "size": [2, 5, 1], "uv": [0, 16], "inflate": -0.2}
				]
			},
			{
				"name": "bone2",
				"parent": "collar",
				"pivot": [0, 10.5, 0],
				"cubes": [
					{"origin": [-2.5, 17, -3.75], "size": [5, 1, 1], "uv": [24, 6]},
					{"origin": [-2, 16.25, -3.75], "size": [4, 1, 1], "uv": [32, 14], "inflate": -0.1},
					{"origin": [-1.9, 12.5, -3.7], "size": [2, 5, 1], "uv": [0, 0], "inflate": -0.2}
				]
			},
			{
				"name": "legLeft",
				"pivot": [1.5, 9, 0],
				"cubes": [
					{"origin": [0.2, 0, -1.5], "size": [3, 9, 3], "uv": [12, 32]},
					{"origin": [-0.3, 5.65, -2], "size": [4, 4, 4], "uv": [32, 6], "inflate": -0.325}
				]
			},
			{
				"name": "legRight",
				"pivot": [-1.75, 9, 0],
				"cubes": [
					{"origin": [-3.2, 0, -1.5], "size": [3, 9, 3], "uv": [0, 32]},
					{"origin": [-3.7, 5.65, -2], "size": [4, 4, 4], "uv": [24, 16], "inflate": -0.325}
				]
			}
		]
	}
}