{
	"format_version": "1.10.0",
	"geometry.model": {
		"texturewidth": 64,
		"textureheight": 64,
		"visible_bounds_width": 2,
		"visible_bounds_height": 4.5,
		"visible_bounds_offset": [0, 0.75, 0],
		"bones": [
			{
				"name": "head",
				"pivot": [0, 18, 0],
				"cubes": [
					{"origin": [-4, 18, -4], "size": [8, 8, 8], "uv": [0, 16]},
					{"origin": [-4, 18, -4], "size": [8, 8, 8], "uv": [0, 0], "inflate": 0.2}
				]
			},
			{
				"name": "blink",
				"parent": "head",
				"pivot": [0, 18, 0],
				"cubes": [
					{"origin": [-4, 18, -4.001], "size": [8, 8, 0], "uv": [41, 41]}
				]
			},
			{
				"name": "armRight",
				"pivot": [-3, 17.5, 0],
				"rotation": [0, 0, 10],
				"cubes": [
					{"origin": [-5, 8.5, -1], "size": [2, 8, 2], "uv": [23, 48]},
					{"origin": [-5.5, 11.5, -1.5], "size": [3, 6, 3], "uv": [47, 21], "inflate": -0.1}
				]
			},
			{
				"name": "armLeft",
				"pivot": [3, 17.5, 0],
				"rotation": [0, 0, -10],
				"cubes": [
					{"origin": [2.5, 11.5, -1.5], "size": [3, 6, 3], "uv": [44, 3], "inflate": -0.1},
					{"origin": [3, 8.5, -1], "size": [2, 8, 2], "uv": [23, 48]}
				]
			},
			{
				"name": "body",
				"pivot": [0, 10.5, 0],
				"cubes": [
					{"origin": [-3, 9.999, -3], "size": [6, 8, 6], "uv": [26, 10]},
					{"origin": [-3, 9.999, -3], "size": [6, 8, 6], "uv": [26, 26], "inflate": 0.09}
				]
			},
			{
				"name": "sittingRotationSkirt",
				"parent": "body",
				"pivot": [0, 9.75, 0],
				"cubes": [
					{"origin": [-3, 9, -2.5], "size": [6, 1, 5], "uv": [24, 0], "inflate": 0.1}
				]
			},
			{
				"name": "coller",
				"parent": "body",
				"pivot": [0, 0, 0]
			},
			{
				"name": "collerleft",
				"parent": "coller",
				"pivot": [0.25, 15.9, -1.75],
				"rotation": [0, 0, 63],
				"cubes": [
					{"origin": [-2.75, 14.9, -3.5], "size": [3, 1, 1], "uv": [0, 6], "inflate": -0.2},
					{"origin": [-2.75, 14.4, -3.3], "size": [3, 1, 1], "uv": [0, 4], "inflate": -0.2}
				]
			},
			{
				"name": "collerright",
				"parent": "coller",
				"pivot": [-0.25, 15.9, -1.75],
				"rotation": [0, 0, -63],
				"cubes": [
					{"origin": [-0.25, 14.9, -3.5], "size": [3, 1, 1], "uv": [0, 2], "inflate": -0.2},
					{"origin": [-0.25, 14.4, -3.3], "size": [3, 1, 1], "uv": [0, 0], "inflate": -0.2}
				]
			},
			{
				"name": "legLeft",
				"pivot": [1.5, 9, 0],
				"cubes": [
					{"origin": [0.2, 0, -1.5], "size": [3, 9, 3], "uv": [0, 40]},
					{"origin": [-0.3, 5.65, -2], "size": [4, 4, 4], "uv": [25, 40], "inflate": -0.325}
				]
			},
			{
				"name": "legRight",
				"pivot": [-1.75, 9, 0],
				"cubes": [
					{"origin": [-3.2, 0, -1.5], "size": [3, 9, 3], "uv": [0, 40]},
					{"origin": [-3.7, 5.65, -2], "size": [4, 4, 4], "uv": [0, 32], "inflate": -0.325}
				]
			}
		]
	}
}