{
	"format_version": "1.10.0",
	"geometry.model": {
		"texturewidth": 128,
		"textureheight": 128,
		"visible_bounds_width": 3,
		"visible_bounds_height": 2,
		"visible_bounds_offset": [0, 0, 0],
		"bones": [
			{
				"name": "head",
				"pivot": [0, 18, 0],
				"cubes": [
					{"origin": [-4, 18, -4], "size": [8, 8, 8], "uv": [0, 16]},
					{"origin": [-4, 18, -4], "size": [8, 8, 8], "uv": [0, 0], "inflate": 0.2}
				]
			},
			{
				"name": "blink",
				"parent": "head",
				"pivot": [0, 18, 0],
				"cubes": [
					{"origin": [-4, 18, -4.001], "size": [8, 8, 0], "uv": [44, 8]}
				]
			},
			{
				"name": "bone",
				"parent": "head",
				"pivot": [0, 18, 0]
			},
			{
				"name": "bone2",
				"parent": "bone",
				"pivot": [-4, 26, 0],
				"rotation": [0, 0, 10],
				"cubes": [
					{"origin": [-4, 18, -3], "size": [6, 8, 6], "uv": [0, 32]}
				]
			},
			{
				"name": "bone3",
				"parent": "bone",
				"pivot": [4, 26, 0],
				"rotation": [0, 0, -10]
			},
			{
				"name": "bone76",
				"parent": "bone3",
				"pivot": [1, 26, 0],
				"rotation": [0, 180, 0],
				"cubes": [
					{"origin": [-2, 18, -3], "size": [6, 8, 6], "uv": [0, 32]}
				]
			},
			{
				"name": "hat",
				"parent": "head",
				"pivot": [0, 24.5, 0],
				"rotation": [-5, 0, 0],
				"cubes": [
					{"origin": [-3.5, 25.25, -2.5], "size": [7, 3, 5], "uv": [24, 0]},
					{"origin": [-0.5, 26, -3.05], "size": [1, 2, 1], "uv": [0, 2], "inflate": -0.2},
					{"origin": [-1, 26.5, -3.05], "size": [2, 1, 1], "uv": [0, 0], "inflate": -0.2}
				]
			},
			{
				"name": "armRight",
				"pivot": [-3, 17.5, 0],
				"rotation": [0, 0, 25],
				"cubes": [
					{"origin": [-5, 8.5, -1], "size": [2, 8, 2], "uv": [60, 0]},
					{"origin": [-5.5, 13.5, -1.5], "size": [3, 4, 3], "uv": [56, 46]}
				]
			},
			{
				"name": "armLeft",
				"pivot": [3, 17.5, 0],
				"rotation": [0, 0, -25],
				"cubes": [
					{"origin": [2.5, 13.5, -1.5], "size": [3, 4, 3], "uv": [48, 0]},
					{"origin": [3, 8.5, -1], "size": [2, 8, 2], "uv": [60, 0]}
				]
			},
			{
				"name": "body",
				"pivot": [0, 10.5, 0]
			},
			{
				"name": "sittingRotationSkirt",
				"parent": "body",
				"pivot": [0, 11.7, 0]
			},
			{
				"name": "bone4",
				"parent": "sittingRotationSkirt",
				"pivot": [0, 13.4, 0]
			},
			{
				"name": "bone5",
				"parent": "bone4",
				"pivot": [0, 2.9, 0]
			},
			{
				"name": "bone6",
				"parent": "bone5",
				"pivot": [0, 2.9, 2.48337],
				"rotation": [18, 0, 0],
				"cubes": [
					{"origin": [-0.5, 2.64263, 5.99539], "size": [1, 9, 0], "uv": [8, 68]}
				]
			},
			{
				"name": "bone7",
				"parent": "bone6",
				"pivot": [-0.5, 2.64263, 2.48337],
				"rotation": [0, 0, 7.39351],
				"cubes": [
					{"origin": [-2.5, 2.64263, 5.99439], "size": [2, 9, 0], "uv": [12, 62]}
				]
			},
			{
				"name": "bone8",
				"parent": "bone6",
				"pivot": [0.5, 2.64263, 2.48337],
				"rotation": [0, 0, -7.39351],
				"cubes": [
					{"origin": [0.5, 2.64263, 5.99639], "size": [2, 9, 0], "uv": [8, 58]}
				]
			},
			{
				"name": "bone9",
				"parent": "bone4",
				"pivot": [0, 2.9, 0],
				"rotation": [0, -45, 0]
			},
			{
				"name": "bone10",
				"parent": "bone9",
				"pivot": [0, 2.9, 2.48337],
				"rotation": [18, 0, 0],
				"cubes": [
					{"origin": [-0.5, 2.64263, 5.99539], "size": [1, 9, 0], "uv": [8, 68]}
				]
			},
			{
				"name": "bone11",
				"parent": "bone10",
				"pivot": [-0.5, 2.64263, 2.48337],
				"rotation": [0, 0, 7.39351],
				"cubes": [
					{"origin": [-2.5, 2.64263, 5.99439], "size": [2, 9, 0], "uv": [12, 62]}
				]
			},
			{
				"name": "bone12",
				"parent": "bone10",
				"pivot": [0.5, 2.64263, 2.48337],
				"rotation": [0, 0, -7.39351],
				"cubes": [
					{"origin": [0.5, 2.64263, 5.99639], "size": [2, 9, 0], "uv": [8, 58]}
				]
			},
			{
				"name": "bone13",
				"parent": "bone4",
				"pivot": [0, 2.9, 0],
				"rotation": [0, -90, 0]
			},
			{
				"name": "bone14",
				"parent": "bone13",
				"pivot": [0, 2.9, 2.48337],
				"rotation": [18, 0, 0],
				"cubes": [
					{"origin": [-0.5, 2.64263, 5.99539], "size": [1, 9, 0], "uv": [8, 68]}
				]
			},
			{
				"name": "bone15",
				"parent": "bone14",
				"pivot": [-0.5, 2.64263, 2.48337],
				"rotation": [0, 0, 7.39351],
				"cubes": [
					{"origin": [-2.5, 2.64263, 5.99439], "size": [2, 9, 0], "uv": [12, 62]}
				]
			},
			{
				"name": "bone16",
				"parent": "bone14",
				"pivot": [0.5, 2.64263, 2.48337],
				"rotation": [0, 0, -7.39351],
				"cubes": [
					{"origin": [0.5, 2.64263, 5.99639], "size": [2, 9, 0], "uv": [8, 58]}
				]
			},
			{
				"name": "bone17",
				"parent": "bone4",
				"pivot": [0, 2.9, 0],
				"rotation": [0, -135, 0]
			},
			{
				"name": "bone18",
				"parent": "bone17",
				"pivot": [0, 2.9, 2.48337],
				"rotation": [18, 0, 0],
				"cubes": [
					{"origin": [-0.5, 2.64263, 5.99539], "size": [1, 9, 0], "uv": [8, 68]}
				]
			},
			{
				"name": "bone19",
				"parent": "bone18",
				"pivot": [-0.5, 2.64263, 2.48337],
				"rotation": [0, 0, 7.39351],
				"cubes": [
					{"origin": [-2.5, 2.64263, 5.99439], "size": [2, 9, 0], "uv": [12, 62]}
				]
			},
			{
				"name": "bone20",
				"parent": "bone18",
				"pivot": [0.5, 2.64263, 2.48337],
				"rotation": [0, 0, -7.39351],
				"cubes": [
					{"origin": [0.5, 2.64263, 5.99639], "size": [2, 9, 0], "uv": [8, 58]}
				]
			},
			{
				"name": "bone21",
				"parent": "bone4",
				"pivot": [0, 2.9, 0],
				"rotation": [0, -180, 0]
			},
			{
				"name": "bone22",
				"parent": "bone21",
				"pivot": [0, 2.9, 2.48337],
				"rotation": [18, 0, 0],
				"cubes": [
					{"origin": [-0.5, 2.64263, 5.99539], "size": [1, 9, 0], "uv": [8, 68]}
				]
			},
			{
				"name": "bone23",
				"parent": "bone22",
				"pivot": [-0.5, 2.64263, 2.48337],
				"rotation": [0, 0, 7.39351],
				"cubes": [
					{"origin": [-2.5, 2.64263, 5.99439], "size": [2, 9, 0], "uv": [12, 62]}
				]
			},
			{
				"name": "bone24",
				"parent": "bone22",
				"pivot": [0.5, 2.64263, 2.48337],
				"rotation": [0, 0, -7.39351],
				"cubes": [
					{"origin": [0.5, 2.64263, 5.99639], "size": [2, 9, 0], "uv": [8, 58]}
				]
			},
			{
				"name": "bone25",
				"parent": "bone4",
				"pivot": [0, 2.9, 0],
				"rotation": [0, -225, 0]
			},
			{
				"name": "bone26",
				"parent": "bone25",
				"pivot": [0, 2.9, 2.48337],
				"rotation": [18, 0, 0],
				"cubes": [
					{"origin": [-0.5, 2.64263, 5.99539], "size": [1, 9, 0], "uv": [8, 68]}
				]
			},
			{
				"name": "bone27",
				"parent": "bone26",
				"pivot": [-0.5, 2.64263, 2.48337],
				"rotation": [0, 0, 7.39351],
				"cubes": [
					{"origin": [-2.5, 2.64263, 5.99439], "size": [2, 9, 0], "uv": [12, 62]}
				]
			},
			{
				"name": "bone28",
				"parent": "bone26",
				"pivot": [0.5, 2.64263, 2.48337],
				"rotation": [0, 0, -7.39351],
				"cubes": [
					{"origin": [0.5, 2.64263, 5.99639], "size": [2, 9, 0], "uv": [8, 58]}
				]
			},
			{
				"name": "bone29",
				"parent": "bone4",
				"pivot": [0, 2.9, 0],
				"rotation": [0, -270, 0]
			},
			{
				"name": "bone30",
				"parent": "bone29",
				"pivot": [0, 2.9, 2.48337],
				"rotation": [18, 0, 0],
				"cubes": [
					{"origin": [-0.5, 2.64263, 5.99539], "size": [1, 9, 0], "uv": [8, 68]}
				]
			},
			{
				"name": "bone31",
				"parent": "bone30",
				"pivot": [-0.5, 2.64263, 2.48337],
				"rotation": [0, 0, 7.39351],
				"cubes": [
					{"origin": [-2.5, 2.64263, 5.99439], "size": [2, 9, 0], "uv": [12, 62]}
				]
			},
			{
				"name": "bone32",
				"parent": "bone30",
				"pivot": [0.5, 2.64263, 2.48337],
				"rotation": [0, 0, -7.39351],
				"cubes": [
					{"origin": [0.5, 2.64263, 5.99639], "size": [2, 9, 0], "uv": [8, 58]}
				]
			},
			{
				"name": "bone33",
				"parent": "bone4",
				"pivot": [0, 2.9, 0],
				"rotation": [0, -315, 0]
			},
			{
				"name": "bone34",
				"parent": "bone33",
				"pivot": [0, 2.9, 2.48337],
				"rotation": [18, 0, 0],
				"cubes": [
					{"origin": [-0.5, 2.64263, 5.99539], "size": [1, 9, 0], "uv": [8, 68]}
				]
			},
			{
				"name": "bone35",
				"parent": "bone34",
				"pivot": [-0.5, 2.64263, 2.48337],
				"rotation": [0, 0, 7.39351],
				"cubes": [
					{"origin": [-2.5, 2.64263, 5.99439], "size": [2, 9, 0], "uv": [12, 62]}
				]
			},
			{
				"name": "bone36",
				"parent": "bone34",
				"pivot": [0.5, 2.64263, 2.48337],
				"rotation": [0, 0, -7.39351],
				"cubes": [
					{"origin": [0.5, 2.64263, 5.99639], "size": [2, 9, 0], "uv": [8, 58]}
				]
			},
			{
				"name": "bone37",
				"parent": "sittingRotationSkirt",
				"pivot": [0, 12.1, 0]
			},
			{
				"name": "bone38",
				"parent": "bone37",
				"pivot": [0, 1.6, 0]
			},
			{
				"name": "bone39",
				"parent": "bone38",
				"pivot": [0, 1.6, 5.27792],
				"rotation": [23, 0, 0]
			},
			{
				"name": "bone40",
				"parent": "bone39",
				"pivot": [0, 1.6, 5.27792],
				"rotation": [0, -45, 0],
				"cubes": [
					{"origin": [-1, 1.6, 4.27792], "size": [2, 8, 2], "uv": [0, 58]}
				]
			},
			{
				"name": "bone41",
				"parent": "bone37",
				"pivot": [0, 1.6, 0],
				"rotation": [0, -30, 0]
			},
			{
				"name": "bone42",
				"parent": "bone41",
				"pivot": [0, 1.6, 5.27792],
				"rotation": [23, 0, 0]
			},
			{
				"name": "bone43",
				"parent": "bone42",
				"pivot": [0, 1.6, 5.27792],
				"rotation": [0, -45, 0],
				"cubes": [
					{"origin": [-1, 1.6, 4.27792], "size": [2, 8, 2], "uv": [0, 58]}
				]
			},
			{
				"name": "bone44",
				"parent": "bone37",
				"pivot": [0, 1.6, 0],
				"rotation": [0, -60, 0]
			},
			{
				"name": "bone45",
				"parent": "bone44",
				"pivot": [0, 1.6, 5.27792],
				"rotation": [23, 0, 0]
			},
			{
				"name": "bone46",
				"parent": "bone45",
				"pivot": [0, 1.6, 5.27792],
				"rotation": [0, -45, 0],
				"cubes": [
					{"origin": [-1, 1.6, 4.27792], "size": [2, 8, 2], "uv": [0, 58]}
				]
			},
			{
				"name": "bone47",
				"parent": "bone37",
				"pivot": [0, 1.6, 0],
				"rotation": [0, -90, 0]
			},
			{
				"name": "bone48",
				"parent": "bone47",
				"pivot": [0, 1.6, 5.27792],
				"rotation": [23, 0, 0]
			},
			{
				"name": "bone49",
				"parent": "bone48",
				"pivot": [0, 1.6, 5.27792],
				"rotation": [0, -45, 0],
				"cubes": [
					{"origin": [-1, 1.6, 4.27792], "size": [2, 8, 2], "uv": [0, 58]}
				]
			},
			{
				"name": "bone50",
				"parent": "bone37",
				"pivot": [0, 1.6, 0],
				"rotation": [0, -120, 0]
			},
			{
				"name": "bone51",
				"parent": "bone50",
				"pivot": [0, 1.6, 5.27792],
				"rotation": [23, 0, 0]
			},
			{
				"name": "bone52",
				"parent": "bone51",
				"pivot": [0, 1.6, 5.27792],
				"rotation": [0, -45, 0],
				"cubes": [
					{"origin": [-1, 1.6, 4.27792], "size": [2, 8, 2], "uv": [0, 58]}
				]
			},
			{
				"name": "bone53",
				"parent": "bone37",
				"pivot": [0, 1.6, 0],
				"rotation": [0, -150, 0]
			},
			{
				"name": "bone54",
				"parent": "bone53",
				"pivot": [0, 1.6, 5.27792],
				"rotation": [23, 0, 0]
			},
			{
				"name": "bone55",
				"parent": "bone54",
				"pivot": [0, 1.6, 5.27792],
				"rotation": [0, -45, 0],
				"cubes": [
					{"origin": [-1, 1.6, 4.27792], "size": [2, 8, 2], "uv": [0, 58]}
				]
			},
			{
				"name": "bone56",
				"parent": "bone37",
				"pivot": [0, 1.6, 0],
				"rotation": [0, -180, 0]
			},
			{
				"name": "bone57",
				"parent": "bone56",
				"pivot": [0, 1.6, 5.27792],
				"rotation": [23, 0, 0]
			},
			{
				"name": "bone58",
				"parent": "bone57",
				"pivot": [0, 1.6, 5.27792],
				"rotation": [0, -45, 0],
				"cubes": [
					{"origin": [-1, 1.6, 4.27792], "size": [2, 8, 2], "uv": [0, 58]}
				]
			},
			{
				"name": "bone59",
				"parent": "bone37",
				"pivot": [0, 1.6, 0],
				"rotation": [0, -210, 0]
			},
			{
				"name": "bone60",
				"parent": "bone59",
				"pivot": [0, 1.6, 5.27792],
				"rotation": [23, 0, 0]
			},
			{
				"name": "bone61",
				"parent": "bone60",
				"pivot": [0, 1.6, 5.27792],
				"rotation": [0, -45, 0],
				"cubes": [
					{"origin": [-1, 1.6, 4.27792], "size": [2, 8, 2], "uv": [0, 58]}
				]
			},
			{
				"name": "bone62",
				"parent": "bone37",
				"pivot": [0, 1.6, 0],
				"rotation": [0, -240, 0]
			},
			{
				"name": "bone63",
				"parent": "bone62",
				"pivot": [0, 1.6, 5.27792],
				"rotation": [23, 0, 0]
			},
			{
				"name": "bone64",
				"parent": "bone63",
				"pivot": [0, 1.6, 5.27792],
				"rotation": [0, -45, 0],
				"cubes": [
					{"origin": [-1, 1.6, 4.27792], "size": [2, 8, 2], "uv": [0, 58]}
				]
			},
			{
				"name": "bone65",
				"parent": "bone37",
				"pivot": [0, 1.6, 0],
				"rotation": [0, -270, 0]
			},
			{
				"name": "bone66",
				"parent": "bone65",
				"pivot": [0, 1.6, 5.27792],
				"rotation": [23, 0, 0]
			},
			{
				"name": "bone67",
				"parent": "bone66",
				"pivot": [0, 1.6, 5.27792],
				"rotation": [0, -45, 0],
				"cubes": [
					{"origin": [-1, 1.6, 4.27792], "size": [2, 8, 2], "uv": [0, 58]}
				]
			},
			{
				"name": "bone68",
				"parent": "bone37",
				"pivot": [0, 1.6, 0],
				"rotation": [0, -300, 0]
			},
			{
				"name": "bone69",
				"parent": "bone68",
				"pivot": [0, 1.6, 5.27792],
				"rotation": [23, 0, 0]
			},
			{
				"name": "bone70",
				"parent": "bone69",
				"pivot": [0, 1.6, 5.27792],
				"rotation": [0, -45, 0],
				"cubes": [
					{"origin": [-1, 1.6, 4.27792], "size": [2, 8, 2], "uv": [0, 58]}
				]
			},
			{
				"name": "bone71",
				"parent": "bone37",
				"pivot": [0, 1.6, 0],
				"rotation": [0, -330, 0]
			},
			{
				"name": "bone72",
				"parent": "bone71",
				"pivot": [0, 1.6, 5.27792],
				"rotation": [23, 0, 0]
			},
			{
				"name": "bone73",
				"parent": "bone72",
				"pivot": [0, 1.6, 5.27792],
				"rotation": [0, -45, 0],
				"cubes": [
					{"origin": [-1, 1.6, 4.27792], "size": [2, 8, 2], "uv": [0, 58]}
				]
			},
			{
				"name": "dress",
				"parent": "body",
				"pivot": [0, 10.5, 0],
				"cubes": [
					{"origin": [-3, 8.999, -3], "size": [6, 9, 6], "uv": [26, 26]}
				]
			},
			{
				"name": "body2",
				"parent": "body",
				"pivot": [0, 10.5, 0],
				"cubes": [
					{"origin": [-2.5, 11, -2.5], "size": [5, 7, 5], "uv": [19, 41], "inflate": 0.1}
				]
			},
			{
				"name": "collar2",
				"parent": "body",
				"pivot": [0, 11.5, 0]
			},
			{
				"name": "bone74",
				"parent": "collar2",
				"pivot": [0, 18, -3],
				"rotation": [0, 0, 40],
				"cubes": [
					{"origin": [-0.71947, 14.21442, -3.01], "size": [3, 1, 0], "uv": [0, 6]}
				]
			},
			{
				"name": "bone75",
				"parent": "collar2",
				"pivot": [0, 18, -3],
				"rotation": [0, 180, -40],
				"cubes": [
					{"origin": [-0.71947, 14.21442, -3.01], "size": [3, 1, 0], "uv": [0, 5]}
				]
			},
			{
				"name": "legLeft",
				"pivot": [2, 9, 0],
				"cubes": [
					{"origin": [0.099, 0, -1.5], "size": [3, 9, 3], "uv": [39, 41]}
				]
			},
			{
				"name": "legRight",
				"pivot": [-2, 9, 0],
				"cubes": [
					{"origin": [-3.099, 0, -1.5], "size": [3, 9, 3], "uv": [39, 41]}
				]
			}
		]
	}
}