{
	"format_version": "1.10.0",
	"geometry.model": {
		"texturewidth": 64,
		"textureheight": 128,
		"visible_bounds_width": 3,
		"visible_bounds_height": 2,
		"visible_bounds_offset": [0, 0, 0],
		"bones": [
			{
				"name": "head",
				"pivot": [0, 18, 0],
				"cubes": [
					{"origin": [-4, 18, -4], "size": [8, 8, 8], "uv": [0, 16]},
					{"origin": [-4, 18, -4], "size": [8, 8, 8], "uv": [0, 0], "inflate": 0.2}
				]
			},
			{
				"name": "blink",
				"parent": "head",
				"pivot": [0, 0, 0],
				"cubes": [
					{"origin": [-4, 18, -4.001], "size": [8, 8, 0], "uv": [24, 0]}
				]
			},
			{
				"name": "bone22",
				"parent": "head",
				"pivot": [0, 18, 0],
				"cubes": [
					{"origin": [4, 24, -1], "size": [1, 2, 2], "uv": [41, 6], "inflate": 0.1}
				]
			},
			{
				"name": "bone",
				"parent": "bone22",
				"pivot": [4, 25, 0],
				"rotation": [0, 0, -13],
				"cubes": [
					{"origin": [4.41635, 17.07418, -1], "size": [2, 8, 2], "uv": [36, 15]}
				]
			},
			{
				"name": "bone23",
				"parent": "bone22",
				"pivot": [4.5, 25, 0],
				"rotation": [-125, -20, 0]
			},
			{
				"name": "bone5",
				"parent": "bone23",
				"pivot": [4.5, 25, 0],
				"rotation": [55, -15, 15],
				"cubes": [
					{"origin": [3.88971, 25.22272, -1.13522], "size": [1, 3, 2], "uv": [0, 0], "inflate": -0.1}
				]
			},
			{
				"name": "bone24",
				"parent": "bone22",
				"pivot": [4.5, 25, 0],
				"rotation": [25, 10, 0]
			},
			{
				"name": "bone4",
				"parent": "bone24",
				"pivot": [4.5, 25, 0],
				"rotation": [-55, 15, 15],
				"cubes": [
					{"origin": [3.88971, 25.22272, -0.86478], "size": [1, 3, 2], "uv": [0, 16], "inflate": -0.1}
				]
			},
			{
				"name": "hat",
				"parent": "head",
				"pivot": [0, 24.5, 0],
				"rotation": [-5, 0, 0],
				"cubes": [
					{"origin": [-3.5, 25.25, -2.5], "size": [7, 3, 5], "uv": [0, 50]},
					{"origin": [-0.5, 26, -3.05], "size": [1, 2, 1], "uv": [60, 0], "inflate": -0.2},
					{"origin": [-1, 26.5, -3.05], "size": [2, 1, 1], "uv": [60, 0], "inflate": -0.2}
				]
			},
			{
				"name": "armRight",
				"pivot": [-3, 17.5, 0],
				"rotation": [0, 0, 25],
				"cubes": [
					{"origin": [-5, 8.5, -1], "size": [2, 8, 2], "uv": [24, 41]},
					{"origin": [-5.5, 13.5, -1.5], "size": [3, 4, 3], "uv": [24, 16]}
				]
			},
			{
				"name": "armLeft",
				"pivot": [3, 17.5, 0],
				"rotation": [0, 0, -25],
				"cubes": [
					{"origin": [2.5, 13.5, -1.5], "size": [3, 4, 3], "uv": [24, 16]},
					{"origin": [3, 8.5, -1], "size": [2, 8, 2], "uv": [24, 41]}
				]
			},
			{
				"name": "body",
				"pivot": [0, 10.5, 0],
				"cubes": [
					{"origin": [-3, 8.999, -3], "size": [6, 9, 6], "uv": [26, 26]}
				]
			},
			{
				"name": "sittingRotationSkirt",
				"parent": "body",
				"pivot": [0, 11.5, 0]
			},
			{
				"name": "bone2",
				"parent": "sittingRotationSkirt",
				"pivot": [0, 3, 0]
			},
			{
				"name": "bone3",
				"parent": "bone2",
				"pivot": [0, 3, 4.47051],
				"rotation": [10, 0, 0],
				"cubes": [
					{"origin": [-2.5, 6.65782, 4.47051], "size": [5, 6, 0], "uv": [10, 44]}
				]
			},
			{
				"name": "bone8",
				"parent": "bone3",
				"pivot": [-2.5, 2.65782, 4.47051],
				"rotation": [0, 0, 9.85108],
				"cubes": [
					{"origin": [-4.5, 6.65782, 4.46951], "size": [2, 6, 0], "uv": [48, 6]}
				]
			},
			{
				"name": "bone9",
				"parent": "bone3",
				"pivot": [2.5, 2.65782, 4.47051],
				"rotation": [0, 0, -9.85108],
				"cubes": [
					{"origin": [2.5, 6.65782, 4.47151], "size": [2, 6, 0], "uv": [48, 48]}
				]
			},
			{
				"name": "bone10",
				"parent": "sittingRotationSkirt",
				"pivot": [0, 3, 0],
				"rotation": [0, -90, 0]
			},
			{
				"name": "bone11",
				"parent": "bone10",
				"pivot": [0, 3, 4.47051],
				"rotation": [10, 0, 0],
				"cubes": [
					{"origin": [-2.5, 6.65782, 4.47051], "size": [5, 6, 0], "uv": [0, 44]}
				]
			},
			{
				"name": "bone12",
				"parent": "bone11",
				"pivot": [-2.5, 2.65782, 4.47051],
				"rotation": [0, 0, 9.85108],
				"cubes": [
					{"origin": [-4.5, 6.65782, 4.46951], "size": [2, 6, 0], "uv": [44, 47]}
				]
			},
			{
				"name": "bone13",
				"parent": "bone11",
				"pivot": [2.5, 2.65782, 4.47051],
				"rotation": [0, 0, -9.85108],
				"cubes": [
					{"origin": [2.5, 6.65782, 4.47151], "size": [2, 6, 0], "uv": [40, 47]}
				]
			},
			{
				"name": "bone14",
				"parent": "sittingRotationSkirt",
				"pivot": [0, 3, 0],
				"rotation": [0, -180, 0]
			},
			{
				"name": "bone15",
				"parent": "bone14",
				"pivot": [0, 3, 4.47051],
				"rotation": [10, 0, 0],
				"cubes": [
					{"origin": [-2.5, 6.65782, 4.47051], "size": [5, 6, 0], "uv": [40, 41]}
				]
			},
			{
				"name": "bone16",
				"parent": "bone15",
				"pivot": [-2.5, 2.65782, 4.47051],
				"rotation": [0, 0, 9.85108],
				"cubes": [
					{"origin": [-4.5, 6.65782, 4.46951], "size": [2, 6, 0], "uv": [44, 22]}
				]
			},
			{
				"name": "bone17",
				"parent": "bone15",
				"pivot": [2.5, 2.65782, 4.47051],
				"rotation": [0, 0, -9.85108],
				"cubes": [
					{"origin": [2.5, 6.65782, 4.47151], "size": [2, 6, 0], "uv": [44, 16]}
				]
			},
			{
				"name": "bone18",
				"parent": "sittingRotationSkirt",
				"pivot": [0, 3, 0],
				"rotation": [0, -270, 0]
			},
			{
				"name": "bone19",
				"parent": "bone18",
				"pivot": [0, 3, 4.47051],
				"rotation": [10, 0, 0],
				"cubes": [
					{"origin": [-2.5, 6.65782, 4.47051], "size": [5, 6, 0], "uv": [40, 0]}
				]
			},
			{
				"name": "bone20",
				"parent": "bone19",
				"pivot": [-2.5, 2.65782, 4.47051],
				"rotation": [0, 0, 9.85108],
				"cubes": [
					{"origin": [-4.5, 6.65782, 4.46951], "size": [2, 6, 0], "uv": [44, 10]}
				]
			},
			{
				"name": "bone21",
				"parent": "bone19",
				"pivot": [2.5, 2.65782, 4.47051],
				"rotation": [0, 0, -9.85108],
				"cubes": [
					{"origin": [2.5, 6.65782, 4.47151], "size": [2, 6, 0], "uv": [20, 44]}
				]
			},
			{
				"name": "legLeft",
				"pivot": [2, 9, 0],
				"cubes": [
					{"origin": [0.099, 0, -1.5], "size": [3, 9, 3], "uv": [0, 32]}
				]
			},
			{
				"name": "legRight",
				"pivot": [-2, 9, 0],
				"cubes": [
					{"origin": [-3.099, 0, -1.5], "size": [3, 9, 3], "uv": [0, 32]}
				]
			}
		]
	}
}