{
	"format_version": "1.10.0",
	"geometry.model": {
		"texturewidth": 64,
		"textureheight": 64,
		"visible_bounds_width": 3,
		"visible_bounds_height": 4,
		"visible_bounds_offset": [0, 1, 0],
		"bones": [
			{
				"name": "head",
				"pivot": [0, 18, 0],
				"cubes": [
					{"origin": [-4, 18, -4], "size": [8, 8, 8], "uv": [24, 24]},
					{"origin": [-4, 18, -4], "size": [8, 8, 8], "uv": [0, 16], "inflate": 0.2},
					{"origin": [-4, 18, -4], "size": [8, 8, 8], "uv": [0, 0], "inflate": 0.4}
				]
			},
			{
				"name": "blink",
				"parent": "head",
				"pivot": [0, 18, 0],
				"cubes": [
					{"origin": [-4, 18, -4.001], "size": [8, 8, 0], "uv": [24, 40]}
				]
			},
			{
				"name": "armRight",
				"pivot": [-3, 17.5, 0],
				"rotation": [0, 0, 25],
				"cubes": [
					{"origin": [-5, 8.5, -1], "size": [2, 8, 2], "uv": [54, 38]},
					{"origin": [-5.5, 10.5, -1.5], "size": [3, 7, 3], "uv": [24, 48]}
				]
			},
			{
				"name": "armLeft",
				"pivot": [3, 17.5, 0],
				"rotation": [0, 0, -25],
				"cubes": [
					{"origin": [2.5, 10.5, -1.5], "size": [3, 7, 3], "uv": [12, 47]},
					{"origin": [3, 8.5, -1], "size": [2, 8, 2], "uv": [36, 51]}
				]
			},
			{
				"name": "body",
				"pivot": [0, 10.5, 0],
				"cubes": [
					{"origin": [-3, 8.999, -3], "size": [6, 9, 6], "uv": [32, 0]}
				]
			},
			{
				"name": "sittingRotationSkirt",
				"parent": "body",
				"pivot": [0, 9, 0],
				"cubes": [
					{"origin": [-3.5, 8, -2.5], "size": [7, 1, 5], "uv": [24, 16]}
				]
			},
			{
				"name": "coller",
				"parent": "body",
				"pivot": [0, 10.5, 0.2]
			},
			{
				"name": "bone",
				"parent": "coller",
				"pivot": [0, 17.7, -2.9],
				"rotation": [0, 0, -10],
				"cubes": [
					{"origin": [-2, 17.2, -3.4], "size": [2, 1, 1], "uv": [0, 18]}
				]
			},
			{
				"name": "bone2",
				"parent": "coller",
				"pivot": [0, 17.7, -2.9],
				"rotation": [0, 180, 10],
				"cubes": [
					{"origin": [-2, 17.2, -3.4], "size": [2, 1, 1], "uv": [0, 16]}
				]
			},
			{
				"name": "tie",
				"parent": "body",
				"pivot": [0.5, 10.1, 0.15],
				"cubes": [
					{"origin": [-0.5, 14.1, -2.95], "size": [1, 3, 1], "uv": [4, 4], "inflate": 0.25}
				]
			},
			{
				"name": "coat",
				"parent": "body",
				"pivot": [0, 17.5, -3.5],
				"cubes": [
					{"origin": [-3, 8.999, -3], "size": [6, 9, 6], "uv": [0, 32], "inflate": 0.25}
				]
			},
			{
				"name": "bone3",
				"parent": "coat",
				"pivot": [0.25, 16.5, -3.251],
				"rotation": [0, 0, -25],
				"cubes": [
					{"origin": [-2.15783, 13.26682, -3.251], "size": [1, 5, 0], "uv": [24, 0]},
					{"origin": [-3.15783, 13.26682, -3.251], "size": [1, 4, 0], "uv": [26, 0]}
				]
			},
			{
				"name": "bone4",
				"parent": "coat",
				"pivot": [0, 17.5, -3.251],
				"rotation": [0, 180, 25],
				"cubes": [
					{"origin": [-2.60856, 13.23373, -3.251], "size": [1, 5, 0], "uv": [6, 16]},
					{"origin": [-3.60856, 13.23373, -3.251], "size": [1, 4, 0], "uv": [24, 16]}
				]
			},
			{
				"name": "bone5",
				"parent": "body",
				"pivot": [0, 10.5, 0],
				"cubes": [
					{"origin": [-0.8, 8.4, -3.7], "size": [1, 6, 1], "uv": [0, 0], "inflate": -0.375},
					{"origin": [-0.3, 8.8, -3.6], "size": [1, 1, 1], "uv": [0, 22], "inflate": -0.3125},
					{"origin": [-0.3, 9.8, -3.6], "size": [1, 1, 1], "uv": [3, 21], "inflate": -0.3125},
					{"origin": [-0.3, 10.8, -3.6], "size": [1, 1, 1], "uv": [0, 20], "inflate": -0.3125},
					{"origin": [-0.3, 11.8, -3.6], "size": [1, 1, 1], "uv": [4, 2], "inflate": -0.3125},
					{"origin": [-0.3, 12.8, -3.6], "size": [1, 1, 1], "uv": [4, 0], "inflate": -0.3125}
				]
			},
			{
				"name": "legLeft",
				"pivot": [1.75, 8.25, 0],
				"cubes": [
					{"origin": [0.249, 0, -1.5], "size": [3, 8, 3], "uv": [0, 47]},
					{"origin": [0.249, 2, -1.5], "size": [3, 6, 3], "uv": [49, 49], "inflate": 0.125}
				]
			},
			{
				"name": "legRight",
				"pivot": [-1.75, 8.25, 0],
				"cubes": [
					{"origin": [-3.249, 0, -1.5], "size": [3, 8, 3], "uv": [40, 40]},
					{"origin": [-3.249, 2, -1.5], "size": [3, 6, 3], "uv": [48, 15], "inflate": 0.125}
				]
			}
		]
	}
}