{
	"format_version": "1.10.0",
	"geometry.model": {
		"texturewidth": 64,
		"textureheight": 64,
		"visible_bounds_width": 2,
		"visible_bounds_height": 3,
		"visible_bounds_offset": [0, 0, 0],
		"bones": [
			{
				"name": "head",
				"pivot": [0, 18, 0],
				"cubes": [
					{"origin": [-4, 18, -4], "size": [8, 8, 8], "uv": [0, 0]},
					{"origin": [-4, 18, -4], "size": [8, 8, 8], "uv": [32, 48], "inflate": 0.2}
				]
			},
			{
				"name": "ahoge",
				"parent": "head",
				"pivot": [0, 26, 0],
				"cubes": [
					{"origin": [-3, 26, 0], "size": [6, 6, 0], "uv": [37, 15]}
				]
			},
			{
				"name": "blink",
				"parent": "head",
				"pivot": [0, 18, 0],
				"cubes": [
					{"origin": [-4, 18, -4.001], "size": [8, 8, 0], "uv": [24, 0]}
				]
			},
			{
				"name": "armRight",
				"pivot": [-3, 17.5, 0],
				"rotation": [0, 0, 10],
				"cubes": [
					{"origin": [-5, 8.5, -1], "size": [2, 8, 2], "uv": [12, 39]},
					{"origin": [-5.5, 13.5, -1.5], "size": [3, 4, 3], "uv": [36, 22]}
				]
			},
			{
				"name": "armLeft",
				"pivot": [3, 17.5, 0],
				"rotation": [0, 0, -10],
				"cubes": [
					{"origin": [2.5, 13.5, -1.5], "size": [3, 4, 3], "uv": [32, 8]},
					{"origin": [3, 8.5, -1], "size": [2, 8, 2], "uv": [26, 37]}
				]
			},
			{
				"name": "body",
				"pivot": [0, 10.5, 0],
				"cubes": [
					{"origin": [-3, 9.999, -3], "size": [6, 8, 6], "uv": [0, 16]}
				]
			},
			{
				"name": "sittingRotationSkirt",
				"parent": "body",
				"pivot": [0, 9.75, 0],
				"cubes": [
					{"origin": [-3, 9, -2.5], "size": [6, 1, 5], "uv": [18, 16], "inflate": 0.1}
				]
			},
			{
				"name": "collar",
				"parent": "body",
				"pivot": [0, 10.5, 0],
				"rotation": [0, 180, 0],
				"cubes": [
					{"origin": [-2.5, 17, 2.75], "size": [5, 1, 1], "uv": [9, 30]},
					{"origin": [-2, 16.5, 2.75], "size": [4, 1, 1], "uv": [34, 39]},
					{"origin": [0.25, 14.5, 2.5], "size": [2, 3, 1], "uv": [0, 0]}
				]
			},
			{
				"name": "bone",
				"parent": "collar",
				"pivot": [0, 10.5, 0],
				"cubes": [
					{"origin": [-2.5, 17, -3.75], "size": [5, 1, 1], "uv": [24, 22]},
					{"origin": [-2, 16.5, -3.75], "size": [4, 1, 1], "uv": [36, 29]}
				]
			},
			{
				"name": "legLeft",
				"pivot": [1.5, 9, 0],
				"cubes": [
					{"origin": [0.2, 0, -1.5], "size": [3, 9, 3], "uv": [0, 30]},
					{"origin": [-0.3, 6.35, -2], "size": [4, 3, 4], "uv": [32, 32], "inflate": -0.3}
				]
			},
			{
				"name": "legRight",
				"pivot": [-1.75, 9, 0],
				"cubes": [
					{"origin": [-3.2, 0, -1.5], "size": [3, 9, 3], "uv": [24, 24]},
					{"origin": [-3.7, 6.35, -2], "size": [4, 3, 4], "uv": [12, 32], "inflate": -0.3}
				]
			}
		]
	}
}