{
	"format_version": "1.10.0",
	"geometry.model": {
		"texturewidth": 112,
		"textureheight": 112,
		"visible_bounds_width": 3,
		"visible_bounds_height": 3,
		"visible_bounds_offset": [0, 0, 0],
		"bones": [
			{
				"name": "zhuozi",
				"pivot": [0, 0, 0]
			},
			{
				"name": "zhuotui",
				"parent": "zhuozi",
				"pivot": [0, 0, 0],
				"rotation": [0, 90, 0]
			},
			{
				"name": "bone",
				"parent": "zhuotui",
				"pivot": [0, 0, 0],
				"cubes": [
					{"origin": [7, 0, -10], "size": [2, 18, 2], "uv": [80, 80]}
				]
			},
			{
				"name": "bone2",
				"parent": "zhuotui",
				"pivot": [0, 0, 0],
				"cubes": [
					{"origin": [-7, 0, -10], "size": [2, 18, 2], "uv": [72, 80]}
				]
			},
			{
				"name": "bone3",
				"parent": "zhuotui",
				"pivot": [0, 0, 0],
				"cubes": [
					{"origin": [7, 0, 8], "size": [2, 18, 2], "uv": [64, 80]}
				]
			},
			{
				"name": "bone4",
				"parent": "zhuotui",
				"pivot": [0, 0, 0],
				"cubes": [
					{"origin": [-7, 0, 8], "size": [2, 18, 2], "uv": [26, 73]}
				]
			},
			{
				"name": "bone5",
				"parent": "zhuotui",
				"pivot": [0, 1, 0],
				"cubes": [
					{"origin": [-5, 3, -10], "size": [12, 2, 2], "uv": [79, 71]},
					{"origin": [-5, 3, 8], "size": [12, 2, 2], "uv": [74, 39]},
					{"origin": [-7, 4, -8], "size": [2, 2, 16], "uv": [54, 21]}
				]
			},
			{
				"name": "zhuomian",
				"parent": "zhuozi",
				"pivot": [0, 0, 0]
			},
			{
				"name": "chouti",
				"parent": "zhuomian",
				"pivot": [0, 0, 0]
			},
			{
				"name": "waimian",
				"parent": "chouti",
				"pivot": [-0.5, 13.5, 0],
				"cubes": [
					{"origin": [-9, 13, -7.5], "size": [17, 1, 13], "uv": [47, 47]},
					{"origin": [-9.5, 5, -7], "size": [1, 13, 12], "uv": [0, 64]},
					{"origin": [8.5, 5, -7], "size": [1, 13, 12], "uv": [38, 61]},
					{"origin": [-8, 13, 5.5], "size": [16, 5, 1], "uv": [74, 24]},
					{"origin": [-9, 17.2, -7.5], "size": [17, 1, 13], "uv": [0, 37]}
				]
			},
			{
				"name": "limian",
				"parent": "chouti",
				"pivot": [0, 14.5, -7],
				"cubes": [
					{"origin": [-6.5, 14, -10], "size": [13, 1, 12], "uv": [0, 51]},
					{"origin": [-7.5, 14, -10], "size": [1, 3, 13], "uv": [66, 0]},
					{"origin": [6.5, 14, -10], "size": [1, 3, 13], "uv": [64, 64]},
					{"origin": [-7, 14, 2], "size": [14, 3, 1], "uv": [14, 69]},
					{"origin": [-8, 13.5, -11], "size": [16, 4, 1], "uv": [74, 30]},
					{"origin": [-1.5, 15, -11.5], "size": [3, 1, 1], "uv": [0, 28]}
				]
			},
			{
				"name": "shngmian",
				"parent": "zhuomian",
				"pivot": [0, 0, 0],
				"cubes": [
					{"origin": [-12, 18, -10], "size": [24, 1, 18], "uv": [0, 0]}
				]
			},
			{
				"name": "baijian",
				"pivot": [0, 0, 0]
			},
			{
				"name": "dianshi",
				"parent": "baijian",
				"pivot": [0, 21, -3.5],
				"rotation": [-7, 0, 0]
			},
			{
				"name": "bone6",
				"parent": "dianshi",
				"pivot": [0, 26.49153, -4.98427],
				"cubes": [
					{"origin": [-6, 21.99153, -5.48427], "size": [12, 9, 1], "uv": [79, 61]},
					{"origin": [-7.5, 21.99153, -6.48427], "size": [2, 9, 3], "uv": [0, 51], "inflate": -0.25},
					{"origin": [5.5, 21.99153, -6.48427], "size": [2, 9, 3], "uv": [0, 37], "inflate": -0.25},
					{"origin": [-7.5, 30.49153, -6.48427], "size": [15, 2, 3], "uv": [74, 19], "inflate": -0.25},
					{"origin": [-7.5, 20.49153, -6.48427], "size": [15, 2, 3], "uv": [14, 64], "inflate": -0.25}
				]
			},
			{
				"name": "bone7",
				"parent": "dianshi",
				"pivot": [0, 25.39153, 0.51573],
				"rotation": [-95, 0, 0]
			},
			{
				"name": "bone8",
				"parent": "bone7",
				"pivot": [0, 22.39153, 0.51573]
			},
			{
				"name": "bone9",
				"parent": "bone8",
				"pivot": [0, 22.39153, 4.98624],
				"rotation": [10, 0, 0],
				"cubes": [
					{"origin": [-4.5, 20.12099, 4.66749], "size": [9, 9, 0], "uv": [0, 9]}
				]
			},
			{
				"name": "bone10",
				"parent": "bone9",
				"pivot": [-2.5, 22.04936, 4.98624],
				"rotation": [0, 0, 9.85108],
				"cubes": [
					{"origin": [-5.16123, 19.84856, 4.66649], "size": [0, 9, 0], "uv": [0, 0]}
				]
			},
			{
				"name": "bone11",
				"parent": "bone9",
				"pivot": [2.5, 22.04936, 4.98624],
				"rotation": [0, 0, -9.85108],
				"cubes": [
					{"origin": [5.16123, 19.84856, 4.66849], "size": [0, 9, 0], "uv": [0, 0]}
				]
			},
			{
				"name": "bone12",
				"parent": "bone7",
				"pivot": [0, 22.39153, 0.51573],
				"rotation": [0, -90, 0]
			},
			{
				"name": "bone13",
				"parent": "bone12",
				"pivot": [0, 22.39153, 4.98624],
				"rotation": [10, 0, 0],
				"cubes": [
					{"origin": [-4, 19.77369, 6.6371], "size": [7, 9, 0], "uv": [38, 51]}
				]
			},
			{
				"name": "bone14",
				"parent": "bone13",
				"pivot": [-2.5, 22.04936, 4.98624],
				"rotation": [0, 0, 9.85108],
				"cubes": [
					{"origin": [-5.11655, 19.67747, 6.6381], "size": [2, 9, 0], "uv": [52, 61]}
				]
			},
			{
				"name": "bone15",
				"parent": "bone13",
				"pivot": [2.5, 22.04936, 4.98624],
				"rotation": [0, 0, -9.85108],
				"cubes": [
					{"origin": [2.1313, 19.84856, 6.6381], "size": [2, 9, 0], "uv": [59, 19]}
				]
			},
			{
				"name": "bone16",
				"parent": "bone7",
				"pivot": [0, 22.39153, 0.51573],
				"rotation": [0, -180, 0]
			},
			{
				"name": "bone17",
				"parent": "bone16",
				"pivot": [0, 22.39153, 4.98624],
				"rotation": [10, 0, 0],
				"cubes": [
					{"origin": [-4.5, 19.94734, 5.6523], "size": [9, 9, 0], "uv": [0, 0]}
				]
			},
			{
				"name": "bone18",
				"parent": "bone17",
				"pivot": [-2.5, 22.04936, 4.98624],
				"rotation": [0, 0, 9.85108],
				"cubes": [
					{"origin": [-6.13152, 19.67747, 5.6513], "size": [2, 9, 0], "uv": [56, 51]}
				]
			},
			{
				"name": "bone19",
				"parent": "bone17",
				"pivot": [2.5, 22.04936, 4.98624],
				"rotation": [0, 0, -9.85108],
				"cubes": [
					{"origin": [4.13152, 19.67747, 5.6533], "size": [2, 9, 0], "uv": [55, 19]}
				]
			},
			{
				"name": "bone20",
				"parent": "bone7",
				"pivot": [0, 22.39153, 0.51573],
				"rotation": [0, -270, 0]
			},
			{
				"name": "bone21",
				"parent": "bone20",
				"pivot": [0, 22.39153, 4.98624],
				"rotation": [10, 0, 0],
				"cubes": [
					{"origin": [-3, 19.77369, 6.6371], "size": [7, 9, 0], "uv": [0, 19]}
				]
			},
			{
				"name": "bone22",
				"parent": "bone21",
				"pivot": [-2.5, 22.04936, 4.98624],
				"rotation": [0, 0, 9.85108],
				"cubes": [
					{"origin": [-4.1313, 19.84856, 6.6375], "size": [2, 9, 0], "uv": [52, 51]}
				]
			},
			{
				"name": "bone23",
				"parent": "bone21",
				"pivot": [2.5, 22.04936, 4.98624],
				"rotation": [0, 0, -9.85108],
				"cubes": [
					{"origin": [3.11655, 19.67747, 6.6381], "size": [2, 9, 0], "uv": [47, 37]}
				]
			},
			{
				"name": "bone24",
				"parent": "dianshi",
				"pivot": [0, 26.49153, 4.01573],
				"rotation": [-100, 0, 0],
				"cubes": [
					{"origin": [-5, 26.36403, 1.44439], "size": [10, 1, 7], "uv": [47, 39]}
				]
			},
			{
				"name": "jidinghe",
				"parent": "baijian",
				"pivot": [0, 0, 0],
				"cubes": [
					{"origin": [-10, 18.5, -8], "size": [20, 3, 15], "uv": [0, 19], "inflate": -0.5}
				]
			},
			{
				"name": "bone42",
				"parent": "jidinghe",
				"pivot": [0, 22, 5]
			},
			{
				"name": "bone25",
				"parent": "bone42",
				"pivot": [2.5, 21.7, 5.4],
				"rotation": [0, 0, 90]
			},
			{
				"name": "bone30",
				"parent": "bone25",
				"pivot": [2.5, 21.7, 5.4],
				"rotation": [0, -65, 0],
				"cubes": [
					{"origin": [1.75, 21.7, 6.91367], "size": [1, 1, 1], "uv": [66, 16], "inflate": -0.25},
					{"origin": [2.25, 21.7, 6.91367], "size": [1, 1, 1], "uv": [66, 10], "inflate": -0.25}
				]
			},
			{
				"name": "bone27",
				"parent": "bone25",
				"pivot": [2.5, 21.7, 5.4],
				"rotation": [0, -40, 0],
				"cubes": [
					{"origin": [1.75, 21.701, 6.91367], "size": [1, 1, 1], "uv": [66, 8], "inflate": -0.25},
					{"origin": [2.25, 21.701, 6.91367], "size": [1, 1, 1], "uv": [66, 6], "inflate": -0.25}
				]
			},
			{
				"name": "bone28",
				"parent": "bone25",
				"pivot": [2.5, 21.7, 5.4],
				"rotation": [0, -15, 0],
				"cubes": [
					{"origin": [1.75, 21.7, 6.91367], "size": [1, 1, 1], "uv": [66, 4], "inflate": -0.25},
					{"origin": [2.25, 21.7, 6.91367], "size": [1, 1, 1], "uv": [66, 2], "inflate": -0.25}
				]
			},
			{
				"name": "bone29",
				"parent": "bone25",
				"pivot": [2.5, 21.7, 5.4],
				"rotation": [0, 60, 0],
				"cubes": [
					{"origin": [1.75, 21.701, 6.91367], "size": [1, 1, 1], "uv": [66, 0], "inflate": -0.25},
					{"origin": [2.25, 21.701, 6.91367], "size": [1, 1, 1], "uv": [63, 66], "inflate": -0.25}
				]
			},
			{
				"name": "bone26",
				"parent": "bone25",
				"pivot": [2.5, 21.7, 5.4],
				"rotation": [0, 10, 0],
				"cubes": [
					{"origin": [1.75, 21.701, 6.91367], "size": [1, 1, 1], "uv": [8, 66], "inflate": -0.25},
					{"origin": [2.25, 21.701, 6.91367], "size": [1, 1, 1], "uv": [4, 66], "inflate": -0.25}
				]
			},
			{
				"name": "bone31",
				"parent": "bone25",
				"pivot": [2.5, 21.7, 5.4],
				"rotation": [0, 35, 0],
				"cubes": [
					{"origin": [1.75, 21.7, 6.91367], "size": [1, 1, 1], "uv": [0, 66], "inflate": -0.25},
					{"origin": [2.25, 21.7, 6.91367], "size": [1, 1, 1], "uv": [60, 65], "inflate": -0.25}
				]
			},
			{
				"name": "bone32",
				"parent": "bone25",
				"pivot": [2.5, 21.7, 5.4],
				"rotation": [0, -90, 0],
				"cubes": [
					{"origin": [1.75, 21.701, 6.91367], "size": [1, 1, 1], "uv": [56, 65], "inflate": -0.25},
					{"origin": [2.25, 21.701, 6.91367], "size": [1, 1, 1], "uv": [64, 31], "inflate": -0.25}
				]
			},
			{
				"name": "bone33",
				"parent": "bone42",
				"pivot": [2.5, 21.7, 5.4],
				"rotation": [0, 0, 90]
			},
			{
				"name": "bone34",
				"parent": "bone33",
				"pivot": [2.5, 21.7, 5.4],
				"rotation": [0, -65, 0],
				"cubes": [
					{"origin": [1.75, 20.95, 6.91367], "size": [1, 1, 1], "uv": [64, 29], "inflate": -0.25},
					{"origin": [2.25, 20.95, 6.91367], "size": [1, 1, 1], "uv": [64, 27], "inflate": -0.25}
				]
			},
			{
				"name": "bone35",
				"parent": "bone33",
				"pivot": [2.5, 21.7, 5.4],
				"rotation": [0, -40, 0],
				"cubes": [
					{"origin": [1.75, 20.951, 6.91367], "size": [1, 1, 1], "uv": [63, 64], "inflate": -0.25},
					{"origin": [2.25, 20.951, 6.91367], "size": [1, 1, 1], "uv": [8, 64], "inflate": -0.25}
				]
			},
			{
				"name": "bone36",
				"parent": "bone33",
				"pivot": [2.5, 21.7, 5.4],
				"rotation": [0, -15, 0],
				"cubes": [
					{"origin": [1.75, 20.95, 6.91367], "size": [1, 1, 1], "uv": [4, 64], "inflate": -0.25},
					{"origin": [2.25, 20.95, 6.91367], "size": [1, 1, 1], "uv": [0, 64], "inflate": -0.25}
				]
			},
			{
				"name": "bone37",
				"parent": "bone33",
				"pivot": [2.5, 21.7, 5.4],
				"rotation": [0, 60, 0],
				"cubes": [
					{"origin": [1.75, 20.951, 6.91367], "size": [1, 1, 1], "uv": [63, 62], "inflate": -0.25},
					{"origin": [2.25, 20.951, 6.91367], "size": [1, 1, 1], "uv": [63, 25], "inflate": -0.25}
				]
			},
			{
				"name": "bone38",
				"parent": "bone33",
				"pivot": [2.5, 21.7, 5.4],
				"rotation": [0, 10, 0],
				"cubes": [
					{"origin": [1.75, 20.951, 6.91367], "size": [1, 1, 1], "uv": [63, 23], "inflate": -0.25},
					{"origin": [2.25, 20.951, 6.91367], "size": [1, 1, 1], "uv": [63, 21], "inflate": -0.25}
				]
			},
			{
				"name": "bone39",
				"parent": "bone33",
				"pivot": [2.5, 21.7, 5.4],
				"rotation": [0, 35, 0],
				"cubes": [
					{"origin": [1.75, 20.95, 6.91367], "size": [1, 1, 1], "uv": [63, 19], "inflate": -0.25},
					{"origin": [2.25, 20.95, 6.91367], "size": [1, 1, 1], "uv": [60, 63], "inflate": -0.25}
				]
			},
			{
				"name": "bone40",
				"parent": "bone33",
				"pivot": [2.5, 21.7, 5.4],
				"rotation": [0, -90, 0],
				"cubes": [
					{"origin": [1.75, 20.951, 6.91367], "size": [1, 1, 1], "uv": [56, 63], "inflate": -0.25},
					{"origin": [2.25, 20.951, 6.91367], "size": [1, 1, 1], "uv": [61, 32], "inflate": -0.25}
				]
			},
			{
				"name": "bone41",
				"parent": "bone42",
				"pivot": [2.5, 21.7, 5.4],
				"rotation": [0, 0, 90]
			},
			{
				"name": "bone43",
				"parent": "bone41",
				"pivot": [2.5, 21.7, 5.4],
				"rotation": [0, -65, 0],
				"cubes": [
					{"origin": [1.75, 20.2, 6.91367], "size": [1, 1, 1], "uv": [61, 30], "inflate": -0.25},
					{"origin": [2.25, 20.2, 6.91367], "size": [1, 1, 1], "uv": [61, 28], "inflate": -0.25}
				]
			},
			{
				"name": "bone44",
				"parent": "bone41",
				"pivot": [2.5, 21.7, 5.4],
				"rotation": [0, -40, 0],
				"cubes": [
					{"origin": [1.75, 20.201, 6.91367], "size": [1, 1, 1], "uv": [60, 61], "inflate": -0.25},
					{"origin": [2.25, 20.201, 6.91367], "size": [1, 1, 1], "uv": [56, 61], "inflate": -0.25}
				]
			},
			{
				"name": "bone45",
				"parent": "bone41",
				"pivot": [2.5, 21.7, 5.4],
				"rotation": [0, -15, 0],
				"cubes": [
					{"origin": [1.75, 20.2, 6.91367], "size": [1, 1, 1], "uv": [45, 61], "inflate": -0.25},
					{"origin": [2.25, 20.2, 6.91367], "size": [1, 1, 1], "uv": [42, 60], "inflate": -0.25}
				]
			},
			{
				"name": "bone46",
				"parent": "bone41",
				"pivot": [2.5, 21.7, 5.4],
				"rotation": [0, 60, 0],
				"cubes": [
					{"origin": [1.75, 20.201, 6.91367], "size": [1, 1, 1], "uv": [38, 60], "inflate": -0.25},
					{"origin": [2.25, 20.201, 6.91367], "size": [1, 1, 1], "uv": [58, 31], "inflate": -0.25}
				]
			},
			{
				"name": "bone47",
				"parent": "bone41",
				"pivot": [2.5, 21.7, 5.4],
				"rotation": [0, 10, 0],
				"cubes": [
					{"origin": [1.75, 20.201, 6.91367], "size": [1, 1, 1], "uv": [58, 29], "inflate": -0.25},
					{"origin": [2.25, 20.201, 6.91367], "size": [1, 1, 1], "uv": [56, 48], "inflate": -0.25}
				]
			},
			{
				"name": "bone48",
				"parent": "bone41",
				"pivot": [2.5, 21.7, 5.4],
				"rotation": [0, 35, 0],
				"cubes": [
					{"origin": [1.75, 20.2, 6.91367], "size": [1, 1, 1], "uv": [55, 32], "inflate": -0.25},
					{"origin": [2.25, 20.2, 6.91367], "size": [1, 1, 1], "uv": [55, 30], "inflate": -0.25}
				]
			},
			{
				"name": "bone49",
				"parent": "bone41",
				"pivot": [2.5, 21.7, 5.4],
				"rotation": [0, -90, 0],
				"cubes": [
					{"origin": [1.75, 20.201, 6.91367], "size": [1, 1, 1], "uv": [55, 28], "inflate": -0.25},
					{"origin": [2.25, 20.201, 6.91367], "size": [1, 1, 1], "uv": [53, 47], "inflate": -0.25}
				]
			},
			{
				"name": "bone50",
				"parent": "bone42",
				"pivot": [2.5, 21.7, 5.4],
				"rotation": [0, 0, 90]
			},
			{
				"name": "bone51",
				"parent": "bone50",
				"pivot": [2.5, 21.7, 5.4],
				"rotation": [0, -65, 0],
				"cubes": [
					{"origin": [1.75, 18.7, 6.91367], "size": [1, 1, 1], "uv": [7, 51], "inflate": -0.25},
					{"origin": [2.25, 18.7, 6.91367], "size": [1, 1, 1], "uv": [50, 48], "inflate": -0.25}
				]
			},
			{
				"name": "bone52",
				"parent": "bone50",
				"pivot": [2.5, 21.7, 5.4],
				"rotation": [0, -40, 0],
				"cubes": [
					{"origin": [1.75, 18.701, 6.91367], "size": [1, 1, 1], "uv": [9, 48], "inflate": -0.25},
					{"origin": [2.25, 18.701, 6.91367], "size": [1, 1, 1], "uv": [47, 47], "inflate": -0.25}
				]
			},
			{
				"name": "bone53",
				"parent": "bone50",
				"pivot": [2.5, 21.7, 5.4],
				"rotation": [0, -15, 0],
				"cubes": [
					{"origin": [1.75, 18.7, 6.91367], "size": [1, 1, 1], "uv": [7, 37], "inflate": -0.25},
					{"origin": [2.25, 18.7, 6.91367], "size": [1, 1, 1], "uv": [8, 32], "inflate": -0.25}
				]
			},
			{
				"name": "bone54",
				"parent": "bone50",
				"pivot": [2.5, 21.7, 5.4],
				"rotation": [0, 60, 0],
				"cubes": [
					{"origin": [1.75, 18.701, 6.91367], "size": [1, 1, 1], "uv": [4, 32], "inflate": -0.25},
					{"origin": [2.25, 18.701, 6.91367], "size": [1, 1, 1], "uv": [0, 32], "inflate": -0.25}
				]
			},
			{
				"name": "bone55",
				"parent": "bone50",
				"pivot": [2.5, 21.7, 5.4],
				"rotation": [0, 10, 0],
				"cubes": [
					{"origin": [1.75, 18.701, 6.91367], "size": [1, 1, 1], "uv": [11, 31], "inflate": -0.25},
					{"origin": [2.25, 18.701, 6.91367], "size": [1, 1, 1], "uv": [8, 30], "inflate": -0.25}
				]
			},
			{
				"name": "bone56",
				"parent": "bone50",
				"pivot": [2.5, 21.7, 5.4],
				"rotation": [0, 35, 0],
				"cubes": [
					{"origin": [1.75, 18.7, 6.91367], "size": [1, 1, 1], "uv": [4, 30], "inflate": -0.25},
					{"origin": [2.25, 18.7, 6.91367], "size": [1, 1, 1], "uv": [0, 30], "inflate": -0.25}
				]
			},
			{
				"name": "bone57",
				"parent": "bone50",
				"pivot": [2.5, 21.7, 5.4],
				"rotation": [0, -90, 0],
				"cubes": [
					{"origin": [1.75, 18.701, 6.91367], "size": [1, 1, 1], "uv": [11, 29], "inflate": -0.25},
					{"origin": [2.25, 18.701, 6.91367], "size": [1, 1, 1], "uv": [8, 28], "inflate": -0.25}
				]
			}
		]
	}
}