{
	"format_version": "1.10.0",
	"geometry.model": {
		"texturewidth": 128,
		"textureheight": 128,
		"visible_bounds_width": 3,
		"visible_bounds_height": 2,
		"visible_bounds_offset": [0, 0, 0],
		"bones": [
			{
				"name": "head",
				"pivot": [0, 18, 0],
				"cubes": [
					{"origin": [-4, 18, -4], "size": [8, 8, 8], "uv": [0, 16]},
					{"origin": [-4, 18, -4], "size": [8, 8, 8], "uv": [0, 0], "inflate": 0.2}
				]
			},
			{
				"name": "blink",
				"parent": "head",
				"pivot": [0, 0, 0],
				"cubes": [
					{"origin": [-4, 18, -4.001], "size": [8, 8, 0], "uv": [24, 41]}
				]
			},
			{
				"name": "bone",
				"parent": "head",
				"pivot": [4, 25, 0],
				"rotation": [0, 0, -13],
				"cubes": [
					{"origin": [4.41635, 17.07418, -1], "size": [2, 8, 2], "uv": [36, 49]}
				]
			},
			{
				"name": "bone4",
				"parent": "head",
				"pivot": [4.5, 25, 0],
				"rotation": [-55, 15, 15],
				"cubes": [
					{"origin": [3.88971, 25.22272, -0.86478], "size": [1, 3, 2], "uv": [0, 16], "inflate": -0.1}
				]
			},
			{
				"name": "bone5",
				"parent": "head",
				"pivot": [4.5, 25, 0],
				"rotation": [55, -15, 15],
				"cubes": [
					{"origin": [3.88971, 25.22272, -1.13522], "size": [1, 3, 2], "uv": [0, 0], "inflate": -0.1}
				]
			},
			{
				"name": "bone6",
				"parent": "head",
				"pivot": [4.5, 25, 0],
				"rotation": [-30, 0, 0],
				"cubes": [
					{"origin": [3.9, 21.82679, -0.4], "size": [1, 3, 1], "uv": [56, 4], "inflate": -0.1}
				]
			},
			{
				"name": "bone7",
				"parent": "head",
				"pivot": [4.5, 25, 0],
				"rotation": [30, 0, 0],
				"cubes": [
					{"origin": [3.9, 21.82679, -0.6], "size": [1, 3, 1], "uv": [56, 0], "inflate": -0.1}
				]
			},
			{
				"name": "armRight",
				"pivot": [-3, 17.5, 0],
				"rotation": [0, 0, 25],
				"cubes": [
					{"origin": [-5, 8.5, -1], "size": [2, 8, 2], "uv": [28, 49]},
					{"origin": [-5.5, 12.5, -1.5], "size": [3, 5, 3], "uv": [44, 0]}
				]
			},
			{
				"name": "armLeft",
				"pivot": [3, 17.5, 0],
				"rotation": [0, 0, -25],
				"cubes": [
					{"origin": [2.5, 12.5, -1.5], "size": [3, 5, 3], "uv": [40, 41]},
					{"origin": [3, 8.5, -1], "size": [2, 8, 2], "uv": [20, 49]}
				]
			},
			{
				"name": "body",
				"pivot": [0, 10.5, 0],
				"cubes": [
					{"origin": [-3, 8.999, -3], "size": [6, 9, 6], "uv": [0, 32], "inflate": -0.1},
					{"origin": [-3.5, 9.249, -3.5], "size": [7, 9, 7], "uv": [25, 25], "inflate": -0.5}
				]
			},
			{
				"name": "sittingRotationSkirt",
				"parent": "body",
				"pivot": [0, 10.5, 0]
			},
			{
				"name": "bone2",
				"parent": "sittingRotationSkirt",
				"pivot": [0, 13.4, 0]
			},
			{
				"name": "bone3",
				"parent": "bone2",
				"pivot": [0, 2.9, 0]
			},
			{
				"name": "bone8",
				"parent": "bone3",
				"pivot": [0, 2.9, 4.47051],
				"rotation": [10, 0, 0],
				"cubes": [
					{"origin": [-2.5, 2.55782, 4.47051], "size": [5, 9, 0], "uv": [10, 47]}
				]
			},
			{
				"name": "bone9",
				"parent": "bone8",
				"pivot": [-2.5, 2.55782, 4.47051],
				"rotation": [0, 0, 9.85108],
				"cubes": [
					{"origin": [-4.5, 2.55782, 4.46951], "size": [2, 9, 0], "uv": [12, 56]}
				]
			},
			{
				"name": "bone10",
				"parent": "bone8",
				"pivot": [2.5, 2.55782, 4.47051],
				"rotation": [0, 0, -9.85108],
				"cubes": [
					{"origin": [2.5, 2.55782, 4.47151], "size": [2, 9, 0], "uv": [8, 56]}
				]
			},
			{
				"name": "bone11",
				"parent": "bone2",
				"pivot": [0, 2.9, 0],
				"rotation": [0, -90, 0]
			},
			{
				"name": "bone12",
				"parent": "bone11",
				"pivot": [0, 2.9, 4.47051],
				"rotation": [10, 0, 0],
				"cubes": [
					{"origin": [-2.5, 2.55782, 4.47051], "size": [5, 9, 0], "uv": [0, 47]}
				]
			},
			{
				"name": "bone13",
				"parent": "bone12",
				"pivot": [-2.5, 2.55782, 4.47051],
				"rotation": [0, 0, 9.85108],
				"cubes": [
					{"origin": [-4.5, 2.55782, 4.46951], "size": [2, 9, 0], "uv": [4, 56]}
				]
			},
			{
				"name": "bone14",
				"parent": "bone12",
				"pivot": [2.5, 2.55782, 4.47051],
				"rotation": [0, 0, -9.85108],
				"cubes": [
					{"origin": [2.5, 2.55782, 4.47151], "size": [2, 9, 0], "uv": [0, 56]}
				]
			},
			{
				"name": "bone15",
				"parent": "bone2",
				"pivot": [0, 2.9, 0],
				"rotation": [0, -180, 0]
			},
			{
				"name": "bone16",
				"parent": "bone15",
				"pivot": [0, 2.9, 4.47051],
				"rotation": [10, 0, 0],
				"cubes": [
					{"origin": [-2.5, 2.55782, 4.47051], "size": [5, 9, 0], "uv": [46, 17]}
				]
			},
			{
				"name": "bone17",
				"parent": "bone16",
				"pivot": [-2.5, 2.55782, 4.47051],
				"rotation": [0, 0, 9.85108],
				"cubes": [
					{"origin": [-4.5, 2.55782, 4.46951], "size": [2, 9, 0], "uv": [48, 55]}
				]
			},
			{
				"name": "bone18",
				"parent": "bone16",
				"pivot": [2.5, 2.55782, 4.47051],
				"rotation": [0, 0, -9.85108],
				"cubes": [
					{"origin": [2.5, 2.55782, 4.47151], "size": [2, 9, 0], "uv": [44, 55]}
				]
			},
			{
				"name": "bone19",
				"parent": "bone2",
				"pivot": [0, 2.9, 0],
				"rotation": [0, -270, 0]
			},
			{
				"name": "bone20",
				"parent": "bone19",
				"pivot": [0, 2.9, 4.47051],
				"rotation": [10, 0, 0],
				"cubes": [
					{"origin": [-2.5, 2.55782, 4.47051], "size": [5, 9, 0], "uv": [44, 8]}
				]
			},
			{
				"name": "bone21",
				"parent": "bone20",
				"pivot": [-2.5, 2.55782, 4.47051],
				"rotation": [0, 0, 9.85108],
				"cubes": [
					{"origin": [-4.5, 2.55782, 4.46951], "size": [2, 9, 0], "uv": [54, 8]}
				]
			},
			{
				"name": "bone22",
				"parent": "bone20",
				"pivot": [2.5, 2.55782, 4.47051],
				"rotation": [0, 0, -9.85108],
				"cubes": [
					{"origin": [2.5, 2.55782, 4.47151], "size": [2, 9, 0], "uv": [54, 54]}
				]
			},
			{
				"name": "bone23",
				"parent": "sittingRotationSkirt",
				"pivot": [0, 13.65, 0]
			},
			{
				"name": "bone24",
				"parent": "bone23",
				"pivot": [0, 3.15, 0]
			},
			{
				"name": "bone25",
				"parent": "bone24",
				"pivot": [0, 3.15, 4.47051],
				"rotation": [10, 0, 0],
				"cubes": [
					{"origin": [-2.5, 5.80782, 4.47051], "size": [5, 6, 0], "uv": [53, 32]}
				]
			},
			{
				"name": "bone26",
				"parent": "bone25",
				"pivot": [-2.5, 2.80782, 4.47051],
				"rotation": [0, 0, 9.85108],
				"cubes": [
					{"origin": [-4.5, 5.80782, 4.46951], "size": [2, 6, 0], "uv": [16, 56]}
				]
			},
			{
				"name": "bone27",
				"parent": "bone25",
				"pivot": [2.5, 2.80782, 4.47051],
				"rotation": [0, 0, -9.85108],
				"cubes": [
					{"origin": [2.5, 5.80782, 4.47151], "size": [2, 6, 0], "uv": [54, 47]}
				]
			},
			{
				"name": "bone28",
				"parent": "bone23",
				"pivot": [0, 3.15, 0],
				"rotation": [0, -90, 0]
			},
			{
				"name": "bone29",
				"parent": "bone28",
				"pivot": [0, 3.15, 4.47051],
				"rotation": [10, 0, 0],
				"cubes": [
					{"origin": [-2.5, 5.80782, 4.47051], "size": [5, 6, 0], "uv": [52, 41]}
				]
			},
			{
				"name": "bone30",
				"parent": "bone29",
				"pivot": [-2.5, 2.80782, 4.47051],
				"rotation": [0, 0, 9.85108],
				"cubes": [
					{"origin": [-4.5, 5.80782, 4.46951], "size": [2, 6, 0], "uv": [18, 32]}
				]
			},
			{
				"name": "bone31",
				"parent": "bone29",
				"pivot": [2.5, 2.80782, 4.47051],
				"rotation": [0, 0, -9.85108],
				"cubes": [
					{"origin": [2.5, 5.80782, 4.47151], "size": [2, 6, 0], "uv": [0, 32]}
				]
			},
			{
				"name": "bone32",
				"parent": "bone23",
				"pivot": [0, 3.15, 0],
				"rotation": [0, -180, 0]
			},
			{
				"name": "bone33",
				"parent": "bone32",
				"pivot": [0, 3.15, 4.47051],
				"rotation": [10, 0, 0],
				"cubes": [
					{"origin": [-2.5, 5.80782, 4.47051], "size": [5, 6, 0], "uv": [44, 49]}
				]
			},
			{
				"name": "bone34",
				"parent": "bone33",
				"pivot": [-2.5, 2.80782, 4.47051],
				"rotation": [0, 0, 9.85108],
				"cubes": [
					{"origin": [-4.5, 5.80782, 4.46951], "size": [2, 6, 0], "uv": [28, 16]}
				]
			},
			{
				"name": "bone35",
				"parent": "bone33",
				"pivot": [2.5, 2.80782, 4.47051],
				"rotation": [0, 0, -9.85108],
				"cubes": [
					{"origin": [2.5, 5.80782, 4.47151], "size": [2, 6, 0], "uv": [28, 0]}
				]
			},
			{
				"name": "bone36",
				"parent": "bone23",
				"pivot": [0, 3.15, 0],
				"rotation": [0, -270, 0]
			},
			{
				"name": "bone37",
				"parent": "bone36",
				"pivot": [0, 3.15, 4.47051],
				"rotation": [10, 0, 0],
				"cubes": [
					{"origin": [-2.5, 5.80782, 4.47051], "size": [5, 6, 0], "uv": [46, 26]}
				]
			},
			{
				"name": "bone38",
				"parent": "bone37",
				"pivot": [-2.5, 2.80782, 4.47051],
				"rotation": [0, 0, 9.85108],
				"cubes": [
					{"origin": [-4.5, 5.80782, 4.46951], "size": [2, 6, 0], "uv": [24, 16]}
				]
			},
			{
				"name": "bone39",
				"parent": "bone37",
				"pivot": [2.5, 2.80782, 4.47051],
				"rotation": [0, 0, -9.85108],
				"cubes": [
					{"origin": [2.5, 5.80782, 4.47151], "size": [2, 6, 0], "uv": [24, 0]}
				]
			},
			{
				"name": "coller",
				"parent": "body",
				"pivot": [0, 10.55, 0]
			},
			{
				"name": "bone94",
				"parent": "coller",
				"pivot": [0, 18.55, -3],
				"rotation": [0, 180, 0]
			},
			{
				"name": "bone95",
				"parent": "bone94",
				"pivot": [0, 18.05, -3],
				"rotation": [0, 0, -15],
				"cubes": [
					{"origin": [-2, 17.55, -3.5], "size": [2, 1, 1], "uv": [0, 21]}
				]
			},
			{
				"name": "bone96",
				"parent": "coller",
				"pivot": [0, 10.55, 0]
			},
			{
				"name": "bone98",
				"parent": "bone96",
				"pivot": [0, 18.05, -3],
				"rotation": [0, 0, -15],
				"cubes": [
					{"origin": [-2, 17.55, -3.5], "size": [2, 1, 1], "uv": [0, 5]}
				]
			},
			{
				"name": "coller2",
				"parent": "body",
				"pivot": [-0.4, 10.05, 0]
			},
			{
				"name": "bone40",
				"parent": "coller2",
				"pivot": [-1.4, 17.15, -3],
				"rotation": [0, 180, -55]
			},
			{
				"name": "bone41",
				"parent": "bone40",
				"pivot": [-1.4, 16.65, -3],
				"rotation": [0, 0, -15],
				"cubes": [
					{"origin": [-4.46268, 14.71426, -2.99], "size": [2, 1, 0], "uv": [4, 1]}
				]
			},
			{
				"name": "bone42",
				"parent": "coller2",
				"pivot": [1.4, 17.15, -3],
				"rotation": [0, -180, 55]
			},
			{
				"name": "bone43",
				"parent": "bone42",
				"pivot": [1.4, 16.65, -3],
				"rotation": [0, 0, 15],
				"cubes": [
					{"origin": [2.46268, 14.71426, -2.99], "size": [2, 1, 0], "uv": [4, 0]}
				]
			},
			{
				"name": "legLeft",
				"pivot": [1.7, 9, 0],
				"cubes": [
					{"origin": [0.099, 0, -1.5], "size": [3, 9, 3], "uv": [32, 12]}
				]
			},
			{
				"name": "legRight",
				"pivot": [-2, 9, 0],
				"cubes": [
					{"origin": [-3.099, 0, -1.5], "size": [3, 9, 3], "uv": [32, 0]}
				]
			}
		]
	}
}