{
	"format_version": "1.10.0",
	"geometry.model": {
		"texturewidth": 64,
		"textureheight": 128,
		"visible_bounds_width": 3,
		"visible_bounds_height": 3,
		"visible_bounds_offset": [0, 1.5, 0],
		"bones": [
			{
				"name": "armRight",
				"pivot": [-3, 17.5, 0],
				"rotation": [0, 0, 15],
				"cubes": [
					{"origin": [-5, 8.5, -1], "size": [2, 8, 2], "uv": [30, 42]},
					{"origin": [-5.5, 13.5, -1.5], "size": [3, 4, 3], "uv": [18, 41]}
				]
			},
			{
				"name": "armLeft",
				"pivot": [3, 17.5, 0],
				"rotation": [0, 0, -15],
				"cubes": [
					{"origin": [2.5, 13.5, -1.5], "size": [3, 4, 3], "uv": [40, 0]},
					{"origin": [3, 8.5, -1], "size": [2, 8, 2], "uv": [30, 42]}
				]
			},
			{
				"name": "body",
				"pivot": [0, 10.5, 0]
			},
			{
				"name": "collar",
				"parent": "body",
				"pivot": [0, 11.5, 0]
			},
			{
				"name": "bone21",
				"parent": "collar",
				"pivot": [-2, 18, 0],
				"rotation": [0, 0, 25],
				"cubes": [
					{"origin": [-2.18738, 17.84524, -3.25], "size": [2, 1, 1], "uv": [0, 20]}
				]
			},
			{
				"name": "bone22",
				"parent": "collar",
				"pivot": [2, 18, 0],
				"rotation": [0, 0, -25],
				"cubes": [
					{"origin": [0.18738, 17.84524, -3.25], "size": [2, 1, 1], "uv": [0, 18]}
				]
			},
			{
				"name": "dress",
				"parent": "body",
				"pivot": [0, 10.5, 0],
				"cubes": [
					{"origin": [-3, 8.999, -3], "size": [6, 9, 6], "uv": [0, 16]}
				]
			},
			{
				"name": "body2",
				"parent": "body",
				"pivot": [0, 10.5, 0],
				"cubes": [
					{"origin": [-2.5, 11, -2.5], "size": [5, 7, 5], "uv": [24, 24], "inflate": 0.1}
				]
			},
			{
				"name": "collar2",
				"parent": "body",
				"pivot": [0, 11.5, 0]
			},
			{
				"name": "bone12",
				"parent": "collar2",
				"pivot": [0, 18, -3],
				"rotation": [0, 0, 40],
				"cubes": [
					{"origin": [-0.71947, 14.21442, -3.01], "size": [3, 1, 0], "uv": [24, 22]}
				]
			},
			{
				"name": "bone27",
				"parent": "collar2",
				"pivot": [0, 18, -3],
				"rotation": [0, 180, -40],
				"cubes": [
					{"origin": [-0.71947, 14.21442, -3.01], "size": [3, 1, 0], "uv": [24, 22]}
				]
			},
			{
				"name": "tie",
				"parent": "body",
				"pivot": [0, 0, -3]
			},
			{
				"name": "bone85",
				"parent": "tie",
				"pivot": [0, 0, -2]
			},
			{
				"name": "bone",
				"parent": "bone85",
				"pivot": [0, 17, -2],
				"rotation": [0, 180, -5],
				"cubes": [
					{"origin": [-2, 16.5, -1.875], "size": [2, 1, 1], "uv": [0, 16]}
				]
			},
			{
				"name": "bone87",
				"parent": "bone85",
				"pivot": [0, 17, -2],
				"rotation": [0, 180, 15],
				"cubes": [
					{"origin": [-2, 16.5, -1.875], "size": [2, 1, 1], "uv": [0, 16]}
				]
			},
			{
				"name": "bone86",
				"parent": "bone85",
				"pivot": [0, 17, -2],
				"rotation": [0, -172.5, 60],
				"cubes": [
					{"origin": [-2, 16.5, -1.875], "size": [2, 1, 1], "uv": [0, 16]}
				]
			},
			{
				"name": "bone88",
				"parent": "tie",
				"pivot": [0, 0, -3]
			},
			{
				"name": "bone89",
				"parent": "bone88",
				"pivot": [0, 17, -3],
				"rotation": [0, 0, 5],
				"cubes": [
					{"origin": [-2, 16.5, -3.125], "size": [2, 1, 1], "uv": [0, 16]}
				]
			},
			{
				"name": "bone90",
				"parent": "bone88",
				"pivot": [0, 17, -3],
				"rotation": [0, 0, -15],
				"cubes": [
					{"origin": [-2, 16.5, -3.125], "size": [2, 1, 1], "uv": [0, 16]}
				]
			},
			{
				"name": "bone91",
				"parent": "bone88",
				"pivot": [0, 17, -3],
				"rotation": [0, -7.5, -60],
				"cubes": [
					{"origin": [-2, 16.5, -3.125], "size": [2, 1, 1], "uv": [0, 16]}
				]
			},
			{
				"name": "sittingRotationSkirt",
				"parent": "body",
				"pivot": [0, 10.5, 0]
			},
			{
				"name": "skirt2",
				"parent": "sittingRotationSkirt",
				"pivot": [0, 4, 0],
				"rotation": [0, 15, 0]
			},
			{
				"name": "bone82",
				"parent": "skirt2",
				"pivot": [0, 4, 0],
				"rotation": [0, -330, 0]
			},
			{
				"name": "bone83",
				"parent": "bone82",
				"pivot": [0, 4, 5.27792],
				"rotation": [23, 0, 0]
			},
			{
				"name": "bone84",
				"parent": "bone83",
				"pivot": [0, 4, 5.27792],
				"rotation": [0, -45, 0],
				"cubes": [
					{"origin": [-1, 4, 4.27792], "size": [2, 9, 2], "uv": [10, 41]}
				]
			},
			{
				"name": "bone73",
				"parent": "skirt2",
				"pivot": [0, 4, 0],
				"rotation": [0, -240, 0]
			},
			{
				"name": "bone74",
				"parent": "bone73",
				"pivot": [0, 4, 5.27792],
				"rotation": [23, 0, 0]
			},
			{
				"name": "bone75",
				"parent": "bone74",
				"pivot": [0, 4, 5.27792],
				"rotation": [0, -45, 0],
				"cubes": [
					{"origin": [-1, 4, 4.27792], "size": [2, 9, 2], "uv": [10, 41]}
				]
			},
			{
				"name": "bone79",
				"parent": "skirt2",
				"pivot": [0, 4, 0],
				"rotation": [0, -300, 0]
			},
			{
				"name": "bone80",
				"parent": "bone79",
				"pivot": [0, 4, 5.27792],
				"rotation": [23, 0, 0]
			},
			{
				"name": "bone81",
				"parent": "bone80",
				"pivot": [0, 4, 5.27792],
				"rotation": [0, -45, 0],
				"cubes": [
					{"origin": [-1, 4, 4.27792], "size": [2, 9, 2], "uv": [10, 41]}
				]
			},
			{
				"name": "bone76",
				"parent": "skirt2",
				"pivot": [0, 4, 0],
				"rotation": [0, -270, 0]
			},
			{
				"name": "bone77",
				"parent": "bone76",
				"pivot": [0, 4, 5.27792],
				"rotation": [23, 0, 0]
			},
			{
				"name": "bone78",
				"parent": "bone77",
				"pivot": [0, 4, 5.27792],
				"rotation": [0, -45, 0],
				"cubes": [
					{"origin": [-1, 4, 4.27792], "size": [2, 9, 2], "uv": [10, 41]}
				]
			},
			{
				"name": "bone67",
				"parent": "skirt2",
				"pivot": [0, 4, 0],
				"rotation": [0, -180, 0]
			},
			{
				"name": "bone68",
				"parent": "bone67",
				"pivot": [0, 4, 5.27792],
				"rotation": [23, 0, 0]
			},
			{
				"name": "bone69",
				"parent": "bone68",
				"pivot": [0, 4, 5.27792],
				"rotation": [0, -45, 0],
				"cubes": [
					{"origin": [-1, 4, 4.27792], "size": [2, 9, 2], "uv": [10, 41]}
				]
			},
			{
				"name": "bone70",
				"parent": "skirt2",
				"pivot": [0, 4, 0],
				"rotation": [0, -210, 0]
			},
			{
				"name": "bone71",
				"parent": "bone70",
				"pivot": [0, 4, 5.27792],
				"rotation": [23, 0, 0]
			},
			{
				"name": "bone72",
				"parent": "bone71",
				"pivot": [0, 4, 5.27792],
				"rotation": [0, -45, 0],
				"cubes": [
					{"origin": [-1, 4, 4.27792], "size": [2, 9, 2], "uv": [10, 41]}
				]
			},
			{
				"name": "bone64",
				"parent": "skirt2",
				"pivot": [0, 4, 0],
				"rotation": [0, -150, 0]
			},
			{
				"name": "bone65",
				"parent": "bone64",
				"pivot": [0, 4, 5.27792],
				"rotation": [23, 0, 0]
			},
			{
				"name": "bone66",
				"parent": "bone65",
				"pivot": [0, 4, 5.27792],
				"rotation": [0, -45, 0],
				"cubes": [
					{"origin": [-1, 4, 4.27792], "size": [2, 9, 2], "uv": [10, 41]}
				]
			},
			{
				"name": "bone15",
				"parent": "skirt2",
				"pivot": [0, 4, 0],
				"rotation": [0, -90, 0]
			},
			{
				"name": "bone16",
				"parent": "bone15",
				"pivot": [0, 4, 5.27792],
				"rotation": [23, 0, 0]
			},
			{
				"name": "bone17",
				"parent": "bone16",
				"pivot": [0, 4, 5.27792],
				"rotation": [0, -45, 0],
				"cubes": [
					{"origin": [-1, 4, 4.27792], "size": [2, 9, 2], "uv": [10, 41]}
				]
			},
			{
				"name": "bone18",
				"parent": "skirt2",
				"pivot": [0, 4, 0],
				"rotation": [0, -120, 0]
			},
			{
				"name": "bone19",
				"parent": "bone18",
				"pivot": [0, 4, 5.27792],
				"rotation": [23, 0, 0]
			},
			{
				"name": "bone20",
				"parent": "bone19",
				"pivot": [0, 4, 5.27792],
				"rotation": [0, -45, 0],
				"cubes": [
					{"origin": [-1, 4, 4.27792], "size": [2, 9, 2], "uv": [10, 41]}
				]
			},
			{
				"name": "bone11",
				"parent": "skirt2",
				"pivot": [0, 4, 0],
				"rotation": [0, -60, 0]
			},
			{
				"name": "bone13",
				"parent": "bone11",
				"pivot": [0, 4, 5.27792],
				"rotation": [23, 0, 0]
			},
			{
				"name": "bone14",
				"parent": "bone13",
				"pivot": [0, 4, 5.27792],
				"rotation": [0, -45, 0],
				"cubes": [
					{"origin": [-1, 4, 4.27792], "size": [2, 9, 2], "uv": [10, 41]}
				]
			},
			{
				"name": "bone5",
				"parent": "skirt2",
				"pivot": [0, 4, 0],
				"rotation": [0, -30, 0]
			},
			{
				"name": "bone6",
				"parent": "bone5",
				"pivot": [0, 4, 5.27792],
				"rotation": [23, 0, 0]
			},
			{
				"name": "bone10",
				"parent": "bone6",
				"pivot": [0, 4, 5.27792],
				"rotation": [0, -45, 0],
				"cubes": [
					{"origin": [-1, 4, 4.27792], "size": [2, 9, 2], "uv": [10, 41]}
				]
			},
			{
				"name": "bone2",
				"parent": "skirt2",
				"pivot": [0, 4, 0]
			},
			{
				"name": "bone3",
				"parent": "bone2",
				"pivot": [0, 4, 5.27792],
				"rotation": [23, 0, 0]
			},
			{
				"name": "bone4",
				"parent": "bone3",
				"pivot": [0, 4, 5.27792],
				"rotation": [0, -45, 0],
				"cubes": [
					{"origin": [-1, 4, 4.27792], "size": [2, 9, 2], "uv": [10, 41]}
				]
			},
			{
				"name": "legLeft",
				"pivot": [1.75, 9, 0],
				"cubes": [
					{"origin": [0.249, 0, -1.5], "size": [3, 9, 3], "uv": [0, 31]}
				]
			},
			{
				"name": "legRight",
				"pivot": [-1.75, 9, 0],
				"cubes": [
					{"origin": [-3.249, 0, -1.5], "size": [3, 9, 3], "uv": [0, 31]}
				]
			},
			{
				"name": "head",
				"pivot": [0, 18, 0],
				"cubes": [
					{"origin": [-4, 18, -4], "size": [8, 8, 8], "uv": [0, 0]},
					{"origin": [-4, 18, -4], "size": [8, 8, 8], "uv": [0, 52], "inflate": 0.2}
				]
			},
			{
				"name": "headdress",
				"parent": "head",
				"pivot": [0, 24.85, 3.5],
				"rotation": [12.5, 0, 0]
			},
			{
				"name": "headdressMiddle",
				"parent": "headdress",
				"pivot": [0, 25.85, 4],
				"cubes": [
					{"origin": [-2, 22.85, 2.5], "size": [4, 5, 3], "uv": [39, 19], "inflate": -0.7}
				]
			},
			{
				"name": "headdressRightBottom",
				"parent": "headdress",
				"pivot": [0, 24.85, 4],
				"rotation": [0, 5, -55],
				"cubes": [
					{"origin": [-8.16754, 23.70265, 3.57283], "size": [8, 4, 1], "uv": [12, 36], "inflate": -0.3}
				]
			},
			{
				"name": "headdressLeftBottom",
				"parent": "headdress",
				"pivot": [0, 24.85, 4],
				"rotation": [0, -5, 55],
				"cubes": [
					{"origin": [0.1104, 23.62074, 3.57783], "size": [8, 4, 1], "uv": [32, 8], "inflate": -0.3}
				]
			},
			{
				"name": "headdressLeftTop",
				"parent": "headdress",
				"pivot": [-1, 25.35, 4],
				"rotation": [0, 10, 10],
				"cubes": [
					{"origin": [-6.68228, 22.17205, 3.73235], "size": [7, 5, 1], "uv": [38, 13], "inflate": -0.3}
				]
			},
			{
				"name": "headdressRightTop",
				"parent": "headdress",
				"pivot": [1, 25.35, 4],
				"rotation": [0, -10, -10],
				"cubes": [
					{"origin": [0.07021, 22.10259, 3.66395], "size": [7, 5, 1], "uv": [30, 36], "inflate": -0.3}
				]
			},
			{
				"name": "hair",
				"parent": "head",
				"pivot": [0, 18, 4]
			},
			{
				"name": "front",
				"parent": "hair",
				"pivot": [0, 18, -4],
				"rotation": [-5, 0, 0],
				"cubes": [
					{"origin": [-4, 16, -4], "size": [1, 2, 0], "uv": [26, 27]},
					{"origin": [3, 16, -4], "size": [1, 2, 0], "uv": [24, 23]}
				]
			},
			{
				"name": "right",
				"parent": "hair",
				"pivot": [-4, 18, 4],
				"rotation": [0, 0, 5],
				"cubes": [
					{"origin": [-4, 15, -4], "size": [0, 3, 1], "uv": [9, 30]},
					{"origin": [-4, 10, 3], "size": [0, 8, 1], "uv": [0, 42]}
				]
			},
			{
				"name": "bone7",
				"parent": "right",
				"pivot": [-4, 18, 4],
				"rotation": [0, 0, 10],
				"cubes": [
					{"origin": [-4, 14, -2], "size": [0, 4, 1], "uv": [26, 22]},
					{"origin": [-4, 10, 1], "size": [0, 8, 1], "uv": [8, 42]}
				]
			},
			{
				"name": "bone8",
				"parent": "right",
				"pivot": [-4, 18, 4],
				"rotation": [0, 0, 5],
				"cubes": [
					{"origin": [-4, 14, -3], "size": [0, 4, 1], "uv": [24, 24]},
					{"origin": [-4, 10, 2], "size": [0, 8, 1], "uv": [6, 42]}
				]
			},
			{
				"name": "left",
				"parent": "hair",
				"pivot": [4, 18, 4],
				"rotation": [0, 0, -5],
				"cubes": [
					{"origin": [4, 15, -4], "size": [0, 3, 1], "uv": [0, 30]},
					{"origin": [4, 10, 3], "size": [0, 8, 1], "uv": [4, 42]}
				]
			},
			{
				"name": "bone23",
				"parent": "left",
				"pivot": [4, 18, 4],
				"rotation": [0, 0, -10],
				"cubes": [
					{"origin": [4, 14, -2], "size": [0, 4, 1], "uv": [20, 15]},
					{"origin": [4, 10, 1], "size": [0, 8, 1], "uv": [2, 42]}
				]
			},
			{
				"name": "bone9",
				"parent": "left",
				"pivot": [4, 18, 4],
				"rotation": [0, 0, -5],
				"cubes": [
					{"origin": [4, 14, -3], "size": [0, 4, 1], "uv": [18, 15]},
					{"origin": [4, 10, 2], "size": [0, 8, 1], "uv": [0, 42]}
				]
			},
			{
				"name": "back",
				"parent": "hair",
				"pivot": [0, 18, 4],
				"rotation": [5, 0, 0],
				"cubes": [
					{"origin": [3, 10, 4], "size": [1, 8, 0], "uv": [46, 35]},
					{"origin": [-4, 10, 4], "size": [1, 8, 0], "uv": [46, 27]}
				]
			},
			{
				"name": "bone24",
				"parent": "back",
				"pivot": [0, 18, 4],
				"rotation": [5, 0, 0],
				"cubes": [
					{"origin": [-3, 10, 4], "size": [1, 8, 0], "uv": [46, 46]},
					{"origin": [2, 10, 4], "size": [1, 8, 0], "uv": [44, 27]}
				]
			},
			{
				"name": "bone25",
				"parent": "back",
				"pivot": [0, 18, 4],
				"rotation": [10, 0, 0],
				"cubes": [
					{"origin": [-2, 10, 4], "size": [1, 8, 0], "uv": [6, 0]},
					{"origin": [1, 10, 4], "size": [1, 8, 0], "uv": [4, 0]}
				]
			},
			{
				"name": "bone26",
				"parent": "back",
				"pivot": [0, 18, 4],
				"rotation": [15, 0, 0],
				"cubes": [
					{"origin": [0, 10, 4], "size": [1, 8, 0], "uv": [2, 0]},
					{"origin": [-1, 10, 4], "size": [1, 8, 0], "uv": [0, 0]}
				]
			},
			{
				"name": "blink",
				"parent": "head",
				"pivot": [0, 18, 0],
				"cubes": [
					{"origin": [-4, 18, -4.001], "size": [8, 8, 0], "uv": [24, 0]}
				]
			},
			{
				"name": "hair2",
				"parent": "head",
				"pivot": [0, 25.2, 5.6],
				"rotation": [15, 0, 0],
				"cubes": [
					{"origin": [-1, 18.45882, 3.63407], "size": [2, 7, 2], "uv": [38, 42]}
				]
			}
		]
	}
}