{
	"format_version": "1.10.0",
	"geometry.model": {
		"texturewidth": 80,
		"textureheight": 80,
		"visible_bounds_width": 3,
		"visible_bounds_height": 4,
		"visible_bounds_offset": [0, 1, 0],
		"bones": [
			{
				"name": "head",
				"pivot": [0, 18, 0],
				"cubes": [
					{"origin": [-4, 18, -4], "size": [8, 8, 8], "uv": [0, 16]},
					{"origin": [-4, 18, -4], "size": [8, 8, 8], "uv": [0, 0], "inflate": 0.2}
				]
			},
			{
				"name": "blink",
				"parent": "head",
				"pivot": [0, 18, 0],
				"cubes": [
					{"origin": [-4, 18, -4.001], "size": [8, 8, 0], "uv": [24, 16]}
				]
			},
			{
				"name": "armRight",
				"pivot": [-3, 17.5, 0],
				"rotation": [0, 0, 25],
				"cubes": [
					{"origin": [-5, 8.5, -1], "size": [2, 8, 2], "uv": [34, 51]},
					{"origin": [-5.5, 10.5, -1.5], "size": [3, 7, 3], "uv": [44, 17]}
				]
			},
			{
				"name": "armLeft",
				"pivot": [3, 17.5, 0],
				"rotation": [0, 0, -25],
				"cubes": [
					{"origin": [2.5, 10.5, -1.5], "size": [3, 7, 3], "uv": [36, 41]},
					{"origin": [3, 8.5, -1], "size": [2, 8, 2], "uv": [32, 6]}
				]
			},
			{
				"name": "body",
				"pivot": [0, 10.5, 0],
				"cubes": [
					{"origin": [-3, 8.999, -3], "size": [6, 9, 6], "uv": [0, 32]}
				]
			},
			{
				"name": "sittingRotationSkirt",
				"parent": "body",
				"pivot": [0, 10.5, 0],
				"cubes": [
					{"origin": [-3.5, 8, -2.5], "size": [7, 1, 5], "uv": [24, 0]}
				]
			},
			{
				"name": "bone27",
				"parent": "sittingRotationSkirt",
				"pivot": [0, 11.2, 0]
			},
			{
				"name": "bone5",
				"parent": "bone27",
				"pivot": [0, 3.7, 0]
			},
			{
				"name": "bone6",
				"parent": "bone5",
				"pivot": [0, 3.7, 4.47051],
				"rotation": [10, 0, 0],
				"cubes": [
					{"origin": [-3, 1.35782, 4.47051], "size": [6, 10, 0], "uv": [50, 37]}
				]
			},
			{
				"name": "bone7",
				"parent": "bone6",
				"pivot": [-2.5, 3.35782, 4.47051],
				"rotation": [0, 0, 9.85108],
				"cubes": [
					{"origin": [-4.5, 1.35782, 4.46951], "size": [2, 10, 0], "uv": [8, 56]}
				]
			},
			{
				"name": "bone8",
				"parent": "bone6",
				"pivot": [2.5, 3.35782, 4.47051],
				"rotation": [0, 0, -9.85108],
				"cubes": [
					{"origin": [2.5, 1.35782, 4.47151], "size": [2, 10, 0], "uv": [4, 56]}
				]
			},
			{
				"name": "bone9",
				"parent": "bone27",
				"pivot": [0, 3.7, 0],
				"rotation": [0, -90, 0]
			},
			{
				"name": "bone10",
				"parent": "bone9",
				"pivot": [0, 3.7, 4.47051],
				"rotation": [10, 0, 0],
				"cubes": [
					{"origin": [-3, 1.35782, 4.47051], "size": [6, 10, 0], "uv": [50, 27]}
				]
			},
			{
				"name": "bone11",
				"parent": "bone10",
				"pivot": [-2.5, 3.35782, 4.47051],
				"rotation": [0, 0, 9.85108],
				"cubes": [
					{"origin": [-4.5, 1.35782, 4.46951], "size": [2, 10, 0], "uv": [0, 56]}
				]
			},
			{
				"name": "bone12",
				"parent": "bone10",
				"pivot": [2.5, 3.35782, 4.47051],
				"rotation": [0, 0, -9.85108],
				"cubes": [
					{"origin": [2.5, 1.35782, 4.47151], "size": [2, 10, 0], "uv": [53, 10]}
				]
			},
			{
				"name": "bone13",
				"parent": "bone27",
				"pivot": [0, 3.7, 0],
				"rotation": [0, -180, 0]
			},
			{
				"name": "bone14",
				"parent": "bone13",
				"pivot": [0, 3.7, 4.47051],
				"rotation": [10, 0, 0]
			},
			{
				"name": "bone15",
				"parent": "bone14",
				"pivot": [-2.5, 3.35782, 4.47051],
				"rotation": [0, 0, 9.85108],
				"cubes": [
					{"origin": [-4.5, 1.35782, 4.46951], "size": [3, 10, 0], "uv": [24, 52]}
				]
			},
			{
				"name": "bone16",
				"parent": "bone14",
				"pivot": [2.5, 3.35782, 4.47051],
				"rotation": [0, 0, -9.85108],
				"cubes": [
					{"origin": [1.5, 1.35782, 4.47151], "size": [3, 10, 0], "uv": [42, 51]}
				]
			},
			{
				"name": "bone17",
				"parent": "bone27",
				"pivot": [0, 3.7, 0],
				"rotation": [0, -270, 0]
			},
			{
				"name": "bone18",
				"parent": "bone17",
				"pivot": [0, 3.7, 4.47051],
				"rotation": [10, 0, 0],
				"cubes": [
					{"origin": [-3, 1.35782, 4.47051], "size": [6, 10, 0], "uv": [48, 48]}
				]
			},
			{
				"name": "bone19",
				"parent": "bone18",
				"pivot": [-2.5, 3.35782, 4.47051],
				"rotation": [0, 0, 9.85108],
				"cubes": [
					{"origin": [-4.5, 1.35782, 4.46951], "size": [2, 10, 0], "uv": [52, 0]}
				]
			},
			{
				"name": "bone20",
				"parent": "bone18",
				"pivot": [2.5, 3.35782, 4.47051],
				"rotation": [0, 0, -9.85108],
				"cubes": [
					{"origin": [2.5, 1.35782, 4.47151], "size": [2, 10, 0], "uv": [30, 52]}
				]
			},
			{
				"name": "coller",
				"parent": "body",
				"pivot": [0, 10.5, 0.2]
			},
			{
				"name": "bone21",
				"parent": "coller",
				"pivot": [0, 10.5, 0.2]
			},
			{
				"name": "bone",
				"parent": "bone21",
				"pivot": [0, 17.7, -2.9],
				"rotation": [0, 0, -10],
				"cubes": [
					{"origin": [-2, 17.2, -3.4], "size": [2, 1, 1], "uv": [0, 16]}
				]
			},
			{
				"name": "bone2",
				"parent": "bone21",
				"pivot": [0, 17.7, -2.9],
				"rotation": [0, 180, 10],
				"cubes": [
					{"origin": [-2, 17.2, -3.4], "size": [2, 1, 1], "uv": [0, 5]}
				]
			},
			{
				"name": "bone22",
				"parent": "coller",
				"pivot": [0, 10.5, 0.45]
			},
			{
				"name": "bone23",
				"parent": "bone22",
				"pivot": [0, 17.7, -2.65],
				"rotation": [0, 0, -55],
				"cubes": [
					{"origin": [-2, 17.2, -3.15], "size": [2, 1, 1], "uv": [0, 16]}
				]
			},
			{
				"name": "bone24",
				"parent": "bone22",
				"pivot": [0, 17.7, -2.65],
				"rotation": [0, 180, 55],
				"cubes": [
					{"origin": [-2, 17.2, -3.15], "size": [2, 1, 1], "uv": [0, 5]}
				]
			},
			{
				"name": "coat",
				"parent": "body",
				"pivot": [0, 17.5, -3.5],
				"cubes": [
					{"origin": [-3, 8.999, -3], "size": [6, 9, 6], "uv": [26, 26], "inflate": 0.2},
					{"origin": [-2.2, 10.35, -3.202], "size": [2, 5, 0], "uv": [4, 0]},
					{"origin": [0.2, 10.35, -3.202], "size": [2, 5, 0], "uv": [0, 0]},
					{"origin": [-0.5, 14.6, -3.6], "size": [1, 1, 1], "uv": [1, 22], "inflate": -0.25}
				]
			},
			{
				"name": "coller2",
				"parent": "coat",
				"pivot": [0, 17.5, -3.5]
			},
			{
				"name": "bone4",
				"parent": "coller2",
				"pivot": [2.04699, 17.382, -3.251],
				"rotation": [0, -170, 40],
				"cubes": [
					{"origin": [1.04695, 14.382, -3.3], "size": [1, 3, 0], "uv": [6, 16]},
					{"origin": [0.54695, 14.682, -3.3], "size": [1, 2, 0], "uv": [2, 18]}
				]
			},
			{
				"name": "bone3",
				"parent": "coller2",
				"pivot": [-1.9297, 17.4463, -3.251],
				"rotation": [0, -10, -40],
				"cubes": [
					{"origin": [-2.92965, 14.44627, -3.203], "size": [1, 3, 0], "uv": [0, 18]},
					{"origin": [-3.42965, 14.74625, -3.201], "size": [1, 2, 0], "uv": [4, 18]}
				]
			},
			{
				"name": "coller3",
				"parent": "coat",
				"pivot": [0, 17.5, -3.5]
			},
			{
				"name": "bone25",
				"parent": "coller3",
				"pivot": [2.04699, 17.382, -3.251],
				"rotation": [0, 180, 40],
				"cubes": [
					{"origin": [1.04695, 14.382, -3.3], "size": [1, 3, 0], "uv": [6, 16]},
					{"origin": [0.54695, 14.682, -3.3], "size": [1, 2, 0], "uv": [2, 18]}
				]
			},
			{
				"name": "bone26",
				"parent": "coller3",
				"pivot": [-1.9297, 17.4463, -3.251],
				"rotation": [0, 0, -40],
				"cubes": [
					{"origin": [-2.92965, 14.44627, -3.203], "size": [1, 3, 0], "uv": [0, 18]},
					{"origin": [-3.42965, 14.74625, -3.201], "size": [1, 2, 0], "uv": [4, 18]}
				]
			},
			{
				"name": "coat2",
				"parent": "body",
				"pivot": [0, 10.5, 0]
			},
			{
				"name": "legLeft",
				"pivot": [1.6, 8, 0],
				"cubes": [
					{"origin": [0.099, 0, -1.5], "size": [3, 8, 3], "uv": [24, 41]},
					{"origin": [0.099, 2, -1.5], "size": [3, 6, 3], "uv": [12, 47], "inflate": 0.125}
				]
			},
			{
				"name": "legRight",
				"pivot": [-1.75, 8, 0],
				"cubes": [
					{"origin": [-3.249, 0, -1.5], "size": [3, 8, 3], "uv": [40, 6]},
					{"origin": [-3.249, 2, -1.5], "size": [3, 6, 3], "uv": [0, 47], "inflate": 0.125}
				]
			}
		]
	}
}