﻿{
  "pack_name": "{pack.hina_suzuki.name}",
  "author": ["光影", "黄金哥布林"],
  "description": ["{pack.hina_suzuki.desc}"],
  "version": "2.0.0",
  "date": "2019-1-5",
  "icon": "hina_suzuki:textures/hina_xs.png",
  "model_list": [
    {
      "model_id": "hina_suzuki:hina_suzuki",
      "description": ["{model.hina_suzuki.hina_suzuki.desc}"]
    }, {
      "model_id": "hina_suzuki:hina_suzuki_b",
      "description": ["{model.hina_suzuki.hina_suzuki_b.desc}"]
    }, {
      "model_id": "hina_suzuki:hina_suzuki_h",
      "description": ["{model.hina_suzuki.hina_suzuki_h.desc}"]
    }, {
      "model_id": "hina_suzuki:hina_suzuki_r",
      "description": ["{model.hina_suzuki.hina_suzuki_r.desc}"]
    }, {
      "model_id": "hina_suzuki:hina_suzuki_2nd",
      "description": ["{model.hina_suzuki.hina_suzuki_2nd.desc}"]
    }, {
      "model_id": "hina_suzuki:hina_suzuki_h_3d",
      "description": ["{model.hina_suzuki.hina_suzuki_h_3d.desc}"]
    }, { 
      "model_id": "hina_suzuki:hina_suzuki_mv",
      "description": ["{model.hina_suzuki.hina_suzuki_mv.desc}"]
    }, {
      "model_id": "hina_suzuki:hina_suzuki_hina",
      "description": ["{model.hina_suzuki.hina_suzuki_hina.desc}"]
    }
  ]
}