{
	"pack_name": "{maid_pack.azuru_line.name}",
	"author": ["玄月桑（B站id嚼铝赤城桑）"],
	"description": ["{maid_pack.azuru_line.desc}"],
	"date": "2020-10-12",
	"icon": "azuru_line:textures/maid_icon.png",
	"version": "1.0.0",
	"model_list": [
		{
			"model_id": "azuru_line:nagato",
			"description": ["{model.azuru_line.nagato.desc}"],
			"animation": ["touhou_little_maid:animation/maid/default/head/default.js", "touhou_little_maid:animation/maid/default/head/beg.js", "touhou_little_maid:animation/maid/default/head/music_shake.js", "touhou_little_maid:animation/maid/default/arm/default.js", "touhou_little_maid:animation/maid/default/arm/swing.js", "touhou_little_maid:animation/maid/default/leg/default.js", "touhou_little_maid:animation/maid/default/sit/default.js", "touhou_little_maid:animation/maid/default/head/blink.js", "touhou_little_maid:animation/maid/default/tail/default.js", "touhou_little_maid:animation/maid/default/sit/skirt_rotation.js", "touhou_little_maid:animation/maid/default/armor/default.js"]
		},
		{
			"model_id": "azuru_line:herena",
			"description": ["{model.azuru_line.herena.desc}"],
			"animation": ["touhou_little_maid:animation/maid/default/head/default.js", "touhou_little_maid:animation/maid/default/head/beg.js", "touhou_little_maid:animation/maid/default/head/music_shake.js", "touhou_little_maid:animation/maid/default/arm/default.js", "touhou_little_maid:animation/maid/default/arm/swing.js", "touhou_little_maid:animation/maid/default/leg/default.js", "touhou_little_maid:animation/maid/default/sit/default.js", "touhou_little_maid:animation/maid/default/head/blink.js", "touhou_little_maid:animation/maid/default/tail/default.js", "touhou_little_maid:animation/maid/default/sit/skirt_rotation.js", "touhou_little_maid:animation/maid/default/armor/default.js"]
		}
	]
}