{
	"pack_name": "{maid_pack.tiandingwu_random_model.name}",
	"author": ["tiandingwu"],
	"description": ["{maid_pack.tiandingwu_random_model.desc}"],
	"date": "2021-05-10",
	"icon": "tiandingwu_random_model:textures/maid_icon.png",
	"version": "1.0.0",
	"model_list": [
		{
			"model_id": "tiandingwu_random_model:hiiro",
			"description": ["{model.tiandingwu_random_model.hiiro.desc}"],
			"animation": ["touhou_little_maid:animation/maid/default/head/default.js", "touhou_little_maid:animation/maid/default/head/beg.js", "touhou_little_maid:animation/maid/default/head/music_shake.js", "touhou_little_maid:animation/maid/default/arm/default.js", "touhou_little_maid:animation/maid/default/arm/swing.js", "touhou_little_maid:animation/maid/default/leg/default.js", "touhou_little_maid:animation/maid/default/sit/default.js", "touhou_little_maid:animation/maid/default/head/blink.js", "touhou_little_maid:animation/maid/default/tail/default.js", "touhou_little_maid:animation/maid/default/sit/skirt_rotation.js"]
		}
	]
}