{
	"format_version": "1.10.0",
	"geometry.model": {
		"texturewidth": 64,
		"textureheight": 64,
		"visible_bounds_width": 3,
		"visible_bounds_height": 2,
		"visible_bounds_offset": [0, 0, 0],
		"bones": [
			{
				"name": "head",
				"pivot": [0, 17, 0],
				"cubes": [
					{"origin": [-4, 17, -4], "size": [8, 8, 8], "uv": [0, 0]}
				]
			},
			{
				"name": "ahoge",
				"parent": "head",
				"pivot": [0, 25, 0],
				"cubes": [
					{"origin": [-3, 25, 0], "size": [6, 6, 0], "uv": [48, 0]}
				]
			},
			{
				"name": "hair2",
				"parent": "head",
				"pivot": [17, 10, 3],
				"rotation": [-15, -170, 10],
				"cubes": [
					{"origin": [39.54545, 12.09174, 6.1517], "size": [1, 9, 2], "uv": [58, 53]},
					{"origin": [39.76976, 3.63142, 5.76226], "size": [1, 9, 3], "uv": [41, 52]}
				]
			},
			{
				"name": "hair",
				"parent": "head",
				"pivot": [-16, 8, 2],
				"rotation": [10, 10, -10],
				"cubes": [
					{"origin": [6.54545, 10.09174, 5.1517], "size": [1, 9, 2], "uv": [58, 31]},
					{"origin": [6.76976, 1.63142, 4.76226], "size": [1, 9, 3], "uv": [50, 52]}
				]
			},
			{
				"name": "fadai",
				"parent": "head",
				"pivot": [-26, 9, -6],
				"rotation": [40, 175, 5],
				"cubes": [
					{"origin": [-47.4202, 22.42768, -1.08711], "size": [1, 3, 3], "uv": [33, 58]}
				]
			},
			{
				"name": "fadai2",
				"parent": "head",
				"pivot": [22, 7, 14],
				"rotation": [40, 0, 0],
				"cubes": [
					{"origin": [4, 26.46791, 11.71442], "size": [1, 3, 3], "uv": [33, 58]}
				]
			},
			{
				"name": "blink",
				"parent": "head",
				"pivot": [12, 16, 0],
				"cubes": [
					{"origin": [-4, 17, -4.001], "size": [8, 8, 0], "uv": [0, 51]}
				]
			},
			{
				"name": "armRight",
				"pivot": [-3, 17.5, 0],
				"rotation": [0, 0, 25],
				"cubes": [
					{"origin": [-4.09369, 8.92262, -1], "size": [2, 8, 2], "uv": [12, 37]}
				]
			},
			{
				"name": "armLeft",
				"pivot": [3, 17.5, 0],
				"rotation": [0, 0, -25],
				"cubes": [
					{"origin": [2.09369, 8.92262, -1], "size": [2, 8, 2], "uv": [26, 43]}
				]
			},
			{
				"name": "body",
				"pivot": [0, 9.5, 0],
				"cubes": [
					{"origin": [-3, 10.999, -3], "size": [6, 6, 6], "uv": [30, 21]}
				]
			},
			{
				"name": "legLeft",
				"pivot": [2, 9, 0],
				"cubes": [
					{"origin": [0.501, 0, -1.5], "size": [2.5, 11, 3], "uv": [0, 37]}
				]
			},
			{
				"name": "legRight",
				"pivot": [-2, 9, 0],
				"cubes": [
					{"origin": [-2.999, 0, -1.5], "size": [2.5, 11, 3], "uv": [32, 33]}
				]
			},
			{
				"name": "bone",
				"pivot": [0, 3, 0],
				"rotation": [0, 15, 0]
			},
			{
				"name": "bone2",
				"parent": "bone",
				"pivot": [0, 3, 0]
			},
			{
				"name": "bone3",
				"parent": "bone2",
				"pivot": [0, 3, 7.70805],
				"rotation": [29, 0, 0]
			},
			{
				"name": "bone4",
				"parent": "bone3",
				"pivot": [0, 3, 7.70805],
				"rotation": [0, -3.43363, 0],
				"cubes": [
					{"origin": [-2.5, 10.5, 7.55805], "size": [3, 3, 0], "uv": [0, 0]}
				]
			},
			{
				"name": "bone5",
				"parent": "bone",
				"pivot": [0, 3, 0],
				"rotation": [0, -36, 0]
			},
			{
				"name": "bone6",
				"parent": "bone5",
				"pivot": [0, 3, 7.70805],
				"rotation": [29, 0, 0]
			},
			{
				"name": "bone7",
				"parent": "bone6",
				"pivot": [0, 3, 7.70805],
				"rotation": [0, -3.43363, 0],
				"cubes": [
					{"origin": [-2.5, 10.5, 7.55805], "size": [3, 3, 0], "uv": [0, 0]}
				]
			},
			{
				"name": "bone8",
				"parent": "bone",
				"pivot": [0, 3, 0],
				"rotation": [0, -72, 0]
			},
			{
				"name": "bone9",
				"parent": "bone8",
				"pivot": [0, 3, 7.70805],
				"rotation": [29, 0, 0]
			},
			{
				"name": "bone10",
				"parent": "bone9",
				"pivot": [0, 3, 7.70805],
				"rotation": [0, -3.43363, 0],
				"cubes": [
					{"origin": [-2.5, 10.5, 7.55805], "size": [3, 3, 0], "uv": [0, 0]}
				]
			},
			{
				"name": "bone11",
				"parent": "bone",
				"pivot": [0, 3, 0],
				"rotation": [0, -108, 0]
			},
			{
				"name": "bone12",
				"parent": "bone11",
				"pivot": [0, 3, 7.70805],
				"rotation": [29, 0, 0]
			},
			{
				"name": "bone13",
				"parent": "bone12",
				"pivot": [0, 3, 7.70805],
				"rotation": [0, -3.43363, 0],
				"cubes": [
					{"origin": [-2.5, 10.5, 7.55805], "size": [3, 3, 0], "uv": [0, 0]}
				]
			},
			{
				"name": "bone14",
				"parent": "bone",
				"pivot": [0, 3, 0],
				"rotation": [0, -144, 0]
			},
			{
				"name": "bone15",
				"parent": "bone14",
				"pivot": [0, 3, 7.70805],
				"rotation": [29, 0, 0]
			},
			{
				"name": "bone16",
				"parent": "bone15",
				"pivot": [0, 3, 7.70805],
				"rotation": [0, -3.43363, 0],
				"cubes": [
					{"origin": [-2.5, 10.5, 7.55805], "size": [3, 3, 0], "uv": [0, 0]}
				]
			},
			{
				"name": "bone17",
				"parent": "bone",
				"pivot": [0, 3, 0],
				"rotation": [0, -180, 0]
			},
			{
				"name": "bone18",
				"parent": "bone17",
				"pivot": [0, 3, 7.70805],
				"rotation": [29, 0, 0]
			},
			{
				"name": "bone19",
				"parent": "bone18",
				"pivot": [0, 3, 7.70805],
				"rotation": [0, -3.43363, 0],
				"cubes": [
					{"origin": [-2.5, 10.5, 7.55805], "size": [3, 3, 0], "uv": [0, 0]}
				]
			},
			{
				"name": "bone20",
				"parent": "bone",
				"pivot": [0, 3, 0],
				"rotation": [0, -216, 0]
			},
			{
				"name": "bone21",
				"parent": "bone20",
				"pivot": [0, 3, 7.70805],
				"rotation": [29, 0, 0]
			},
			{
				"name": "bone22",
				"parent": "bone21",
				"pivot": [0, 3, 7.70805],
				"rotation": [0, -3.43363, 0],
				"cubes": [
					{"origin": [-2.5, 10.5, 7.55805], "size": [3, 3, 0], "uv": [0, 0]}
				]
			},
			{
				"name": "bone23",
				"parent": "bone",
				"pivot": [0, 3, 0],
				"rotation": [0, -252, 0]
			},
			{
				"name": "bone24",
				"parent": "bone23",
				"pivot": [0, 3, 7.70805],
				"rotation": [29, 0, 0]
			},
			{
				"name": "bone25",
				"parent": "bone24",
				"pivot": [0, 3, 7.70805],
				"rotation": [0, -3.43363, 0],
				"cubes": [
					{"origin": [-2.5, 10.5, 7.55805], "size": [3, 3, 0], "uv": [0, 0]}
				]
			},
			{
				"name": "bone26",
				"parent": "bone",
				"pivot": [0, 3, 0],
				"rotation": [0, -288, 0]
			},
			{
				"name": "bone27",
				"parent": "bone26",
				"pivot": [0, 3, 7.70805],
				"rotation": [29, 0, 0]
			},
			{
				"name": "bone28",
				"parent": "bone27",
				"pivot": [0, 3, 7.70805],
				"rotation": [0, -3.43363, 0],
				"cubes": [
					{"origin": [-2.5, 10.5, 7.55805], "size": [3, 3, 0], "uv": [0, 0]}
				]
			},
			{
				"name": "bone29",
				"parent": "bone",
				"pivot": [0, 3, 0],
				"rotation": [0, -324, 0]
			},
			{
				"name": "bone30",
				"parent": "bone29",
				"pivot": [0, 3, 7.70805],
				"rotation": [29, 0, 0]
			},
			{
				"name": "bone31",
				"parent": "bone30",
				"pivot": [0, 3, 7.70805],
				"rotation": [0, -3.43363, 0],
				"cubes": [
					{"origin": [-2.5, 10.5, 7.55805], "size": [3, 3, 0], "uv": [0, 0]}
				]
			},
			{
				"name": "bone32",
				"pivot": [0, -7, 0]
			},
			{
				"name": "bone33",
				"parent": "bone32",
				"pivot": [0, -7, 0]
			},
			{
				"name": "bone34",
				"parent": "bone33",
				"pivot": [0, -7, 11.55054],
				"rotation": [27.5, 0, 0]
			},
			{
				"name": "bone35",
				"parent": "bone34",
				"pivot": [0, -7, 11.55054],
				"rotation": [0, -2.29061, 0],
				"cubes": [
					{"origin": [-2.75, 10, 11.40054], "size": [4.5, 3, 0.3], "uv": [0, 0]}
				]
			},
			{
				"name": "bone36",
				"parent": "bone32",
				"pivot": [0, -7, 0],
				"rotation": [0, -36, 0]
			},
			{
				"name": "bone37",
				"parent": "bone36",
				"pivot": [0, -7, 11.55054],
				"rotation": [27.5, 0, 0]
			},
			{
				"name": "bone38",
				"parent": "bone37",
				"pivot": [0, -7, 11.55054],
				"rotation": [0, -2.29061, 0],
				"cubes": [
					{"origin": [-2.75, 9, 11.40054], "size": [4.5, 4, 0.3], "uv": [0, 0]}
				]
			},
			{
				"name": "bone39",
				"parent": "bone32",
				"pivot": [0, -7, 0],
				"rotation": [0, -72, 0]
			},
			{
				"name": "bone40",
				"parent": "bone39",
				"pivot": [0, -7, 11.55054],
				"rotation": [27.5, 0, 0]
			},
			{
				"name": "bone41",
				"parent": "bone40",
				"pivot": [0, -7, 11.55054],
				"rotation": [0, -2.29061, 0],
				"cubes": [
					{"origin": [-2.75, 8, 11.40054], "size": [4.5, 5, 0.3], "uv": [56, 45]}
				]
			},
			{
				"name": "bone42",
				"parent": "bone32",
				"pivot": [0, -7, 0],
				"rotation": [0, -108, 0]
			},
			{
				"name": "bone43",
				"parent": "bone42",
				"pivot": [0, -7, 11.55054],
				"rotation": [27.5, 0, 0]
			},
			{
				"name": "bone44",
				"parent": "bone43",
				"pivot": [0, -7, 11.55054],
				"rotation": [0, -2.29061, 0],
				"cubes": [
					{"origin": [-2.75, 6, 11.40054], "size": [4.5, 7, 0.3], "uv": [56, 43]}
				]
			},
			{
				"name": "bone45",
				"parent": "bone32",
				"pivot": [0, -7, 0],
				"rotation": [0, -144, 0]
			},
			{
				"name": "bone46",
				"parent": "bone45",
				"pivot": [0, -7, 11.55054],
				"rotation": [27.5, 0, 0]
			},
			{
				"name": "bone47",
				"parent": "bone46",
				"pivot": [0, -7, 11.55054],
				"rotation": [0, -2.29061, 0],
				"cubes": [
					{"origin": [-2.75, 8, 11.40054], "size": [4.5, 5, 0.3], "uv": [56, 45]}
				]
			},
			{
				"name": "bone48",
				"parent": "bone32",
				"pivot": [0, -7, 0],
				"rotation": [0, -180, 0]
			},
			{
				"name": "bone49",
				"parent": "bone48",
				"pivot": [0, -7, 11.55054],
				"rotation": [27.5, 0, 0]
			},
			{
				"name": "bone50",
				"parent": "bone49",
				"pivot": [0, -7, 11.55054],
				"rotation": [0, -2.29061, 0],
				"cubes": [
					{"origin": [-2.75, 9, 11.40054], "size": [4.5, 4, 0.3], "uv": [56, 46]}
				]
			},
			{
				"name": "bone51",
				"parent": "bone32",
				"pivot": [0, -7, 0],
				"rotation": [0, -216, 0]
			},
			{
				"name": "bone52",
				"parent": "bone51",
				"pivot": [0, -7, 11.55054],
				"rotation": [27.5, 0, 0]
			},
			{
				"name": "bone53",
				"parent": "bone52",
				"pivot": [0, -7, 11.55054],
				"rotation": [0, -2.29061, 0],
				"cubes": [
					{"origin": [-2.75, 10, 11.40054], "size": [4.5, 3, 0.3], "uv": [56, 47]}
				]
			},
			{
				"name": "bone54",
				"parent": "bone32",
				"pivot": [0, -7, 0],
				"rotation": [0, -252, 0]
			},
			{
				"name": "bone55",
				"parent": "bone54",
				"pivot": [0, -7, 11.55054],
				"rotation": [27.5, 0, 0]
			},
			{
				"name": "bone56",
				"parent": "bone55",
				"pivot": [0, -7, 11.55054],
				"rotation": [0, -2.29061, 0],
				"cubes": [
					{"origin": [-2.75, 10, 11.40054], "size": [4.5, 3, 0.3], "uv": [56, 47]}
				]
			},
			{
				"name": "bone57",
				"parent": "bone32",
				"pivot": [0, -7, 0],
				"rotation": [0, -288, 0]
			},
			{
				"name": "bone58",
				"parent": "bone57",
				"pivot": [0, -7, 11.55054],
				"rotation": [27.5, 0, 0]
			},
			{
				"name": "bone59",
				"parent": "bone58",
				"pivot": [0, -7, 11.55054],
				"rotation": [0, -2.29061, 0],
				"cubes": [
					{"origin": [-2.75, 10, 11.40054], "size": [4.5, 3, 0.3], "uv": [56, 47]}
				]
			},
			{
				"name": "bone60",
				"parent": "bone32",
				"pivot": [0, -7, 0],
				"rotation": [0, -324, 0]
			},
			{
				"name": "bone61",
				"parent": "bone60",
				"pivot": [0, -7, 11.55054],
				"rotation": [27.5, 0, 0]
			},
			{
				"name": "bone62",
				"parent": "bone61",
				"pivot": [0, -7, 11.55054],
				"rotation": [0, -2.29061, 0],
				"cubes": [
					{"origin": [-2.75, 10, 11.40054], "size": [4.5, 3, 0.3], "uv": [0, 0]}
				]
			}
		]
	}
}