﻿{
  "pack_name": "{pack.joji.name}",
  "author": ["光影", "黄金哥布林"],
  "description": ["{pack.joji.desc}"],
  "version": "1.0.3",
  "date": "2020-1-5",
  "icon": "joji:textures/joji_xs.png",
  "model_list": [
    {
      "model_id": "joji:mido_goyi",
      "description": ["{model.joji.mido_goyi.desc}"]
    }, {
      "model_id": "joji:a_hana",
      "description": ["{model.joji.a_hana.desc}"]
    }, {
      "model_id": "joji:sa",
      "description": ["{model.joji.sa.desc}"]
    }, {
      "model_id": "joji:azulim_rika",
      "description": ["{model.joji.azulim_rika.desc}"]
    }, {
      "model_id": "joji:hakuno",
      "description": ["{model.joji.hakuno.desc}"]
    }, {
      "model_id": "joji:hazard",
      "description": ["{model.joji.hazard.desc}"]
    }, {
      "model_id": "joji:a_ji",
      "description": ["{model.joji.a_ji.desc}"]
    }, {
      "model_id": "joji:jin_lin",
      "description": ["{model.joji.jin_lin.desc}"]
    }, {
      "model_id": "joji:yami",
      "description": ["{model.joji.yami.desc}"]
    }, {
      "model_id": "joji:a_kong",
      "description": ["{model.joji.a_kong.desc}"]
    }, {
      "model_id": "joji:y_to",
      "description": ["{model.joji.y_to.desc}"]
    }, {
      "model_id": "joji:chiyo",
      "description": ["{model.joji.chiyo.desc}"]
    }, {
      "model_id": "joji:nao_bai_jin",
      "description": ["{model.joji.nao_bai_jin.desc}"]
    }
     
  ]
}