{
	"format_version": "1.10.0",
	"geometry.model": {
		"texturewidth": 128,
		"textureheight": 128,
		"visible_bounds_width": 3,
		"visible_bounds_height": 3,
		"visible_bounds_offset": [0, 1.5, 0],
		"bones": [
			{
				"name": "head",
				"pivot": [0, 18, 0],
				"cubes": [
					{"origin": [-4, 18, -4], "size": [8, 8, 8], "uv": [24, 26]},
					{"origin": [-4, 18, -4], "size": [8, 8, 8], "uv": [0, 18], "inflate": 0.2}
				]
			},
			{
				"name": "bone7",
				"parent": "head",
				"pivot": [-4.375, 22, -3.5],
				"rotation": [0, 5, -5],
				"cubes": [
					{"origin": [-4.375, 23.5, -4.5], "size": [4, 1, 2], "uv": [44, 53], "inflate": -0.25},
					{"origin": [-4.5, 22.75, -4.5], "size": [4, 1, 2], "uv": [2, 70], "inflate": -0.25},
					{"origin": [-4.625, 22, -4.5], "size": [4, 1, 2], "uv": [0, 75], "inflate": -0.25}
				]
			},
			{
				"name": "blink",
				"parent": "head",
				"pivot": [0, 18, 0],
				"cubes": [
					{"origin": [-3, 19, -4.001], "size": [6, 2, 0], "uv": [54, 53], "inflate": 0.01}
				]
			},
			{
				"name": "hair",
				"parent": "head",
				"pivot": [0, 26, 4.5],
				"rotation": [12, 0, 0],
				"cubes": [
					{"origin": [-2.5, 6.04358, 4.0019], "size": [5, 20, 0], "uv": [34, 0]},
					{"origin": [-3.5, 4.03612, 3.12377], "size": [7, 18, 0], "uv": [0, 0]}
				]
			},
			{
				"name": "bone142",
				"parent": "hair",
				"pivot": [2.5, 16.04358, 4.0019],
				"rotation": [0, 12.5, 0],
				"cubes": [
					{"origin": [2.5, 6.04358, 4.0019], "size": [4, 20, 0], "uv": [44, 0]}
				]
			},
			{
				"name": "bone140",
				"parent": "hair",
				"pivot": [3.5, 13.03612, 3.12377],
				"rotation": [0, 5, 0],
				"cubes": [
					{"origin": [3.5, 4.03612, 3.12377], "size": [5, 18, 0], "uv": [14, 0]}
				]
			},
			{
				"name": "bone143",
				"parent": "hair",
				"pivot": [-2.5, 16.04358, 4.0019],
				"rotation": [0, -12.5, 0],
				"cubes": [
					{"origin": [-6.5, 6.04358, 4.0019], "size": [4, 20, 0], "uv": [52, 0]}
				]
			},
			{
				"name": "bone144",
				"parent": "hair",
				"pivot": [-3.5, 13.03612, 3.12377],
				"rotation": [0, -5, 0],
				"cubes": [
					{"origin": [-8.5, 4.03612, 3.12377], "size": [5, 18, 0], "uv": [24, 0]}
				]
			},
			{
				"name": "benzene",
				"parent": "head",
				"pivot": [2.5, 24, -4.75],
				"rotation": [82.63562, -11.14898, -14.6181]
			},
			{
				"name": "bone",
				"parent": "benzene",
				"pivot": [2.5, 13, -3.25],
				"cubes": [
					{"origin": [1.5, 23.875, -3.25], "size": [2, 0, 0.25], "uv": [124, 0]}
				]
			},
			{
				"name": "bone2",
				"parent": "bone",
				"pivot": [1.5, 24, -3],
				"rotation": [0, -60, 0],
				"cubes": [
					{"origin": [-0.5, 23.875, -3.25], "size": [2, 0, 0.25], "uv": [124, 0]},
					{"origin": [-0.375, 23.875, -3.75], "size": [1.75, 0, 0.25], "uv": [124, 0]}
				]
			},
			{
				"name": "bone3",
				"parent": "bone2",
				"pivot": [-0.5, 24, -3],
				"rotation": [0, -60, 0],
				"cubes": [
					{"origin": [-2.5, 23.875, -3.25], "size": [2, 0, 0.25], "uv": [124, 0]}
				]
			},
			{
				"name": "bone4",
				"parent": "benzene",
				"pivot": [2.5, 13, -6.25],
				"cubes": [
					{"origin": [1.5, 23.875, -6.5], "size": [2, 0, 0.25], "uv": [124, 0]},
					{"origin": [1.625, 23.875, -6], "size": [1.75, 0, 0.25], "uv": [124, 0]}
				]
			},
			{
				"name": "bone5",
				"parent": "bone4",
				"pivot": [3.5, 24, -6.5],
				"rotation": [0, -60, 0],
				"cubes": [
					{"origin": [3.5, 23.875, -6.5], "size": [2, 0, 0.25], "uv": [124, 0]}
				]
			},
			{
				"name": "bone6",
				"parent": "bone5",
				"pivot": [5.5, 24, -6.5],
				"rotation": [0, -60, 0],
				"cubes": [
					{"origin": [5.5, 23.875, -6.5], "size": [2, 0, 0.25], "uv": [124, 0]},
					{"origin": [5.625, 23.875, -6], "size": [1.75, 0, 0.25], "uv": [124, 0]}
				]
			},
			{
				"name": "armRight",
				"pivot": [-3, 17.5, 0],
				"rotation": [0, 0, 25],
				"cubes": [
					{"origin": [-5, 9.5, -1], "size": [2, 8, 2], "uv": [36, 52]}
				]
			},
			{
				"name": "bone64",
				"parent": "armRight",
				"pivot": [-1, 23, 0]
			},
			{
				"name": "bone65",
				"parent": "bone64",
				"pivot": [-4, 5.5, 0]
			},
			{
				"name": "bone66",
				"parent": "bone65",
				"pivot": [-4, 5.5, 1.99622],
				"rotation": [5, 0, 0],
				"cubes": [
					{"origin": [-5, 10.41317, 2], "size": [2, 7, 0], "uv": [88, 3], "inflate": 0.001}
				]
			},
			{
				"name": "bone67",
				"parent": "bone66",
				"pivot": [-5, 5.41317, 1.99622],
				"rotation": [0, 0, 4.98107],
				"cubes": [
					{"origin": [-6, 10.41317, 1.99522], "size": [1, 7, 0], "uv": [88, 3], "inflate": 0.001}
				]
			},
			{
				"name": "bone68",
				"parent": "bone66",
				"pivot": [-3, 5.41317, 1.99622],
				"rotation": [0, 0, -4.98107],
				"cubes": [
					{"origin": [-3, 10.41317, 1.99722], "size": [1, 7, 0], "uv": [88, 3], "inflate": 0.001}
				]
			},
			{
				"name": "bone69",
				"parent": "bone64",
				"pivot": [-4, 5.5, 0],
				"rotation": [0, -90, 0]
			},
			{
				"name": "bone70",
				"parent": "bone69",
				"pivot": [-4, 5.5, 1.99622],
				"rotation": [5, 0, 0],
				"cubes": [
					{"origin": [-5, 10.41317, 2], "size": [2, 7, 0], "uv": [88, 3], "inflate": 0.001}
				]
			},
			{
				"name": "bone71",
				"parent": "bone70",
				"pivot": [-5, 5.41317, 1.99622],
				"rotation": [0, 0, 4.98107],
				"cubes": [
					{"origin": [-6, 10.41317, 1.99522], "size": [1, 7, 0], "uv": [88, 3], "inflate": 0.001}
				]
			},
			{
				"name": "bone72",
				"parent": "bone70",
				"pivot": [-3, 5.41317, 1.99622],
				"rotation": [0, 0, -4.98107],
				"cubes": [
					{"origin": [-3, 10.41317, 1.99722], "size": [1, 7, 0], "uv": [88, 3], "inflate": 0.001}
				]
			},
			{
				"name": "bone73",
				"parent": "bone64",
				"pivot": [-4, 5.5, 0],
				"rotation": [0, -180, 0]
			},
			{
				"name": "bone74",
				"parent": "bone73",
				"pivot": [-4, 5.5, 1.99622],
				"rotation": [5, 0, 0],
				"cubes": [
					{"origin": [-5, 10.41317, 2], "size": [2, 7, 0], "uv": [88, 3], "inflate": 0.001}
				]
			},
			{
				"name": "bone75",
				"parent": "bone74",
				"pivot": [-5, 5.41317, 1.99622],
				"rotation": [0, 0, 4.98107],
				"cubes": [
					{"origin": [-6, 10.41317, 1.99522], "size": [1, 7, 0], "uv": [88, 3], "inflate": 0.001}
				]
			},
			{
				"name": "bone76",
				"parent": "bone74",
				"pivot": [-3, 5.41317, 1.99622],
				"rotation": [0, 0, -4.98107],
				"cubes": [
					{"origin": [-3, 10.41317, 1.99722], "size": [1, 7, 0], "uv": [88, 3], "inflate": 0.001}
				]
			},
			{
				"name": "bone77",
				"parent": "bone64",
				"pivot": [-4, 5.5, 0],
				"rotation": [0, -270, 0]
			},
			{
				"name": "bone78",
				"parent": "bone77",
				"pivot": [-4, 5.5, 1.99622],
				"rotation": [5, 0, 0],
				"cubes": [
					{"origin": [-5, 10.41317, 1.99622], "size": [2, 7, 0], "uv": [88, 3], "inflate": 0.001}
				]
			},
			{
				"name": "bone79",
				"parent": "bone78",
				"pivot": [-5, 5.41317, 1.99622],
				"rotation": [0, 0, 4.98107],
				"cubes": [
					{"origin": [-6, 10.41317, 1.99522], "size": [1, 7, 0], "uv": [88, 3], "inflate": 0.001}
				]
			},
			{
				"name": "bone80",
				"parent": "bone78",
				"pivot": [-3, 5.41317, 1.99622],
				"rotation": [0, 0, -4.98107],
				"cubes": [
					{"origin": [-3, 10.41317, 2], "size": [1, 7, 0], "uv": [88, 3], "inflate": 0.001}
				]
			},
			{
				"name": "armRightVertical",
				"parent": "armRight",
				"pivot": [-3, 18.5, 0.25]
			},
			{
				"name": "armLeft",
				"pivot": [3, 17.5, 0],
				"rotation": [0, 0, -25],
				"cubes": [
					{"origin": [3, 9.5, -1], "size": [2, 8, 2], "uv": [28, 52]}
				]
			},
			{
				"name": "bone47",
				"parent": "armLeft",
				"pivot": [7, 23, 0]
			},
			{
				"name": "bone48",
				"parent": "bone47",
				"pivot": [4, 5.5, 0]
			},
			{
				"name": "bone49",
				"parent": "bone48",
				"pivot": [4, 5.5, 1.99622],
				"rotation": [5, 0, 0],
				"cubes": [
					{"origin": [3, 10.41317, 2], "size": [2, 7, 0], "uv": [86, 4], "inflate": 0.001}
				]
			},
			{
				"name": "bone50",
				"parent": "bone49",
				"pivot": [3, 5.41317, 1.99622],
				"rotation": [0, 0, 4.98107],
				"cubes": [
					{"origin": [2, 10.41317, 1.99522], "size": [1, 7, 0], "uv": [86, 4], "inflate": 0.001}
				]
			},
			{
				"name": "bone51",
				"parent": "bone49",
				"pivot": [5, 5.41317, 1.99622],
				"rotation": [0, 0, -4.98107],
				"cubes": [
					{"origin": [5, 10.41317, 1.99722], "size": [1, 7, 0], "uv": [86, 4], "inflate": 0.001}
				]
			},
			{
				"name": "bone52",
				"parent": "bone47",
				"pivot": [4, 5.5, 0],
				"rotation": [0, -90, 0]
			},
			{
				"name": "bone53",
				"parent": "bone52",
				"pivot": [4, 5.5, 1.99622],
				"rotation": [5, 0, 0],
				"cubes": [
					{"origin": [3, 10.41317, 2], "size": [2, 7, 0], "uv": [86, 4], "inflate": 0.001}
				]
			},
			{
				"name": "bone54",
				"parent": "bone53",
				"pivot": [3, 5.41317, 1.99622],
				"rotation": [0, 0, 4.98107],
				"cubes": [
					{"origin": [2, 10.41317, 1.99522], "size": [1, 7, 0], "uv": [86, 4], "inflate": 0.001}
				]
			},
			{
				"name": "bone55",
				"parent": "bone53",
				"pivot": [5, 5.41317, 1.99622],
				"rotation": [0, 0, -4.98107],
				"cubes": [
					{"origin": [5, 10.41317, 1.99722], "size": [1, 7, 0], "uv": [86, 4], "inflate": 0.001}
				]
			},
			{
				"name": "bone56",
				"parent": "bone47",
				"pivot": [4, 5.5, 0],
				"rotation": [0, -180, 0]
			},
			{
				"name": "bone57",
				"parent": "bone56",
				"pivot": [4, 5.5, 1.99622],
				"rotation": [5, 0, 0],
				"cubes": [
					{"origin": [3, 10.41317, 2], "size": [2, 7, 0], "uv": [86, 4], "inflate": 0.001}
				]
			},
			{
				"name": "bone58",
				"parent": "bone57",
				"pivot": [3, 5.41317, 1.99622],
				"rotation": [0, 0, 4.98107],
				"cubes": [
					{"origin": [2, 10.41317, 1.99522], "size": [1, 7, 0], "uv": [86, 4], "inflate": 0.001}
				]
			},
			{
				"name": "bone59",
				"parent": "bone57",
				"pivot": [5, 5.41317, 1.99622],
				"rotation": [0, 0, -4.98107],
				"cubes": [
					{"origin": [5, 10.41317, 1.99722], "size": [1, 7, 0], "uv": [86, 4], "inflate": 0.001}
				]
			},
			{
				"name": "bone60",
				"parent": "bone47",
				"pivot": [4, 5.5, 0],
				"rotation": [0, -270, 0]
			},
			{
				"name": "bone61",
				"parent": "bone60",
				"pivot": [4, 5.5, 1.99622],
				"rotation": [5, 0, 0],
				"cubes": [
					{"origin": [3, 10.41317, 2], "size": [2, 7, 0], "uv": [86, 4], "inflate": 0.001}
				]
			},
			{
				"name": "bone62",
				"parent": "bone61",
				"pivot": [3, 5.41317, 1.99622],
				"rotation": [0, 0, 4.98107],
				"cubes": [
					{"origin": [2, 10.41317, 1.99522], "size": [1, 7, 0], "uv": [86, 4], "inflate": 0.001}
				]
			},
			{
				"name": "bone63",
				"parent": "bone61",
				"pivot": [5, 5.41317, 1.99622],
				"rotation": [0, 0, -4.98107],
				"cubes": [
					{"origin": [5, 10.41317, 1.99722], "size": [1, 7, 0], "uv": [86, 4], "inflate": 0.001}
				]
			},
			{
				"name": "armLeftVertical",
				"parent": "armLeft",
				"pivot": [3, 18.5, 0.25]
			},
			{
				"name": "bone141",
				"parent": "armLeftVertical",
				"pivot": [6, 18.625, 0.25],
				"rotation": [-5, 0, -7.5]
			},
			{
				"name": "body",
				"pivot": [0, 10.5, 0],
				"cubes": [
					{"origin": [-3, 9.001, -2.5], "size": [6, 9, 5], "uv": [0, 34]},
					{"origin": [-4, 7.999, -2], "size": [8, 2, 4], "uv": [24, 20]}
				]
			},
			{
				"name": "benzene2",
				"parent": "body",
				"pivot": [0, 17, -2.75]
			},
			{
				"name": "bone137",
				"parent": "benzene2",
				"pivot": [0.125, 16.5, -2.75],
				"cubes": [
					{"origin": [-0.875, 16.5, -2.8], "size": [0.125, 1, 0], "uv": [128, 0]},
					{"origin": [-0.625, 16.625, -2.8], "size": [0.125, 0.75, 0], "uv": [128, 0]}
				]
			},
			{
				"name": "bone138",
				"parent": "bone137",
				"pivot": [-0.875, 17.5, -2.75],
				"rotation": [0, 0, 60],
				"cubes": [
					{"origin": [-0.875, 17.5, -2.8], "size": [0.125, 1, 0], "uv": [128, 0]}
				]
			},
			{
				"name": "bone139",
				"parent": "bone138",
				"pivot": [-0.875, 18.5, -2.75],
				"rotation": [0, 0, 60],
				"cubes": [
					{"origin": [-0.875, 18.5, -2.8], "size": [0.125, 1, 0], "uv": [128, 0]},
					{"origin": [-0.625, 18.625, -2.8], "size": [0.125, 0.75, 0], "uv": [128, 0]}
				]
			},
			{
				"name": "bone134",
				"parent": "bone139",
				"pivot": [-0.875, 19.5, -2.75],
				"rotation": [0, 0, 60],
				"cubes": [
					{"origin": [-0.875, 19.5, -2.8], "size": [0.125, 1, 0], "uv": [128, 0]}
				]
			},
			{
				"name": "bone135",
				"parent": "bone134",
				"pivot": [-0.875, 20.5, -2.75],
				"rotation": [0, 0, 60],
				"cubes": [
					{"origin": [-0.875, 20.5, -2.8], "size": [0.125, 1, 0], "uv": [128, 0]},
					{"origin": [-0.625, 20.625, -2.8], "size": [0.125, 0.75, 0], "uv": [128, 0]}
				]
			},
			{
				"name": "bone136",
				"parent": "bone135",
				"pivot": [-0.875, 21.5, -2.75],
				"rotation": [0, 0, 60],
				"cubes": [
					{"origin": [-0.875, 21.5, -2.8], "size": [0.125, 1, 0], "uv": [128, 0]}
				]
			},
			{
				"name": "bone146",
				"parent": "body",
				"pivot": [0, 17.25, -3]
			},
			{
				"name": "bone147",
				"parent": "bone146",
				"pivot": [0, 17.251, -3],
				"rotation": [0, 0, 27.5],
				"cubes": [
					{"origin": [-5.25, 12, -2.5], "size": [3, 5, 5], "uv": [0, 48], "inflate": 0.25, "mirror": true},
					{"origin": [-3.25, 13, -2.5], "size": [3, 4, 5], "uv": [0, 58], "inflate": 0.249, "mirror": true},
					{"origin": [-5.75, 12, -3], "size": [4, 1, 6], "uv": [16, 64], "inflate": -0.249, "mirror": true},
					{"origin": [-5.75, 12.5, -3], "size": [4, 1, 6], "uv": [36, 64], "inflate": -0.249, "mirror": true}
				]
			},
			{
				"name": "bone145",
				"parent": "body",
				"pivot": [0, 17.251, -3],
				"rotation": [0, 0, -27.5],
				"cubes": [
					{"origin": [2.25, 12, -2.5], "size": [3, 5, 5], "uv": [0, 48], "inflate": 0.25},
					{"origin": [0.25, 13, -2.5], "size": [3, 4, 5], "uv": [0, 58], "inflate": 0.25},
					{"origin": [1.75, 12, -3], "size": [4, 1, 6], "uv": [16, 64], "inflate": -0.249},
					{"origin": [1.75, 12.5, -3], "size": [4, 1, 6], "uv": [36, 64], "inflate": -0.249}
				]
			},
			{
				"name": "bone148",
				"parent": "body",
				"pivot": [0, 16.5, -2],
				"rotation": [-5, 0, 0]
			},
			{
				"name": "bone149",
				"parent": "bone148",
				"pivot": [0, 17.001, -2.5],
				"rotation": [0, 0, 10],
				"cubes": [
					{"origin": [-0.5, 15.001, -2.513], "size": [1, 2, 0], "uv": [76, 0], "inflate": 0.001}
				]
			},
			{
				"name": "bone150",
				"parent": "bone149",
				"pivot": [-0.5, 15.001, -2.5],
				"rotation": [0, 0, -25],
				"cubes": [
					{"origin": [-0.5, 13.501, -2.51], "size": [1, 1.5, 0], "uv": [76, 0], "inflate": 0.001}
				]
			},
			{
				"name": "bone151",
				"parent": "bone148",
				"pivot": [0, 17.001, -2.5],
				"rotation": [0, 0, -10],
				"cubes": [
					{"origin": [-0.5, 15.001, -2.511], "size": [1, 2, 0], "uv": [76, 0], "inflate": 0.001, "mirror": true}
				]
			},
			{
				"name": "bone152",
				"parent": "bone151",
				"pivot": [0.5, 15.001, -2.5],
				"rotation": [0, 0, 27.5],
				"cubes": [
					{"origin": [-0.5, 13.501, -2.512], "size": [1, 1.5, 0], "uv": [76, 0], "inflate": 0.001, "mirror": true}
				]
			},
			{
				"name": "sinFloat",
				"parent": "body",
				"pivot": [0, 10.5, 0]
			},
			{
				"name": "book",
				"parent": "sinFloat",
				"pivot": [8.83333, 17.17708, -5.25],
				"rotation": [2.5, -25, -25],
				"cubes": [
					{"origin": [1, 9, -8.999], "size": [16, 16, 8], "uv": [80, 16], "inflate": -4, "mirror": true},
					{"origin": [1, 9, -9.501], "size": [16, 16, 8], "uv": [80, 16], "inflate": -4, "mirror": true},
					{"origin": [4.75, 15.75, -5.75], "size": [1, 3, 1], "uv": [76, 16], "inflate": -0.25, "mirror": true},
					{"origin": [5.25, 17.75, -5.75], "size": [1, 1, 1], "uv": [76, 16], "inflate": -0.25, "mirror": true},
					{"origin": [5.75, 18.25, -5.75], "size": [1, 1, 1], "uv": [102, 6], "inflate": -0.25, "mirror": true},
					{"origin": [6.25, 18.25, -5.75], "size": [1, 1, 1], "uv": [120, 4], "inflate": -0.25, "mirror": true},
					{"origin": [7.25, 18.75, -5.75], "size": [1, 1, 1], "uv": [76, 16], "inflate": -0.25, "mirror": true},
					{"origin": [7.75, 19.25, -5.75], "size": [1.5, 1, 1], "uv": [72, 22], "inflate": -0.25, "mirror": true},
					{"origin": [8.75, 19.75, -5.75], "size": [2, 1, 1], "uv": [70, 18], "inflate": -0.25, "mirror": true},
					{"origin": [10.25, 19.25, -5.75], "size": [1, 1, 1], "uv": [76, 16], "inflate": -0.25, "mirror": true},
					{"origin": [11.75, 17.75, -5.75], "size": [1, 1, 1], "uv": [76, 16], "inflate": -0.25, "mirror": true},
					{"origin": [11.25, 18.25, -5.75], "size": [1, 1, 1], "uv": [76, 16], "inflate": -0.25, "mirror": true},
					{"origin": [10.75, 18.75, -5.75], "size": [1, 1, 1], "uv": [76, 16], "inflate": -0.25, "mirror": true},
					{"origin": [6.75, 18.75, -5.75], "size": [1, 1, 1], "uv": [120, 4], "inflate": -0.25, "mirror": true},
					{"origin": [12.25, 15.75, -5.75], "size": [1, 2.5, 1], "uv": [76, 16], "inflate": -0.25, "mirror": true},
					{"origin": [7.25, 13.25, -5.75], "size": [2, 1, 1], "uv": [70, 18], "inflate": -0.25, "mirror": true},
					{"origin": [6.75, 13.75, -5.75], "size": [1, 1, 1], "uv": [76, 16], "inflate": -0.25, "mirror": true},
					{"origin": [5.25, 15.25, -5.75], "size": [1, 1, 1], "uv": [76, 16], "inflate": -0.25, "mirror": true},
					{"origin": [5.75, 14.75, -5.75], "size": [1, 1, 1], "uv": [76, 16], "inflate": -0.25, "mirror": true},
					{"origin": [6.25, 14.25, -5.75], "size": [1, 1, 1], "uv": [76, 16], "inflate": -0.25, "mirror": true},
					{"origin": [8.75, 13.75, -5.75], "size": [1.5, 1, 1], "uv": [72, 22], "inflate": -0.25, "mirror": true},
					{"origin": [9.75, 14.25, -5.75], "size": [1.5, 1, 1], "uv": [72, 22], "inflate": -0.25, "mirror": true},
					{"origin": [10.75, 14.75, -5.75], "size": [1.5, 1, 1], "uv": [72, 22], "inflate": -0.25, "mirror": true},
					{"origin": [11.75, 15.25, -5.75], "size": [1, 1, 1], "uv": [76, 16], "inflate": -0.25, "mirror": true}
				]
			},
			{
				"name": "sittingRotationSkirt",
				"parent": "body",
				"pivot": [0, 12.5, 0]
			},
			{
				"name": "bone8",
				"parent": "sittingRotationSkirt",
				"pivot": [0, 6.375, 0]
			},
			{
				"name": "bone46",
				"parent": "bone8",
				"pivot": [0, 6.375, 0]
			},
			{
				"name": "bone81",
				"parent": "bone46",
				"pivot": [0, 6.375, 5.67128],
				"rotation": [23, 0, 0]
			},
			{
				"name": "bone82",
				"parent": "bone81",
				"pivot": [0, 6.375, 5.67128],
				"cubes": [
					{"origin": [-1, 6.91475, 5.22592], "size": [2, 5, 0], "uv": [66, 45]}
				]
			},
			{
				"name": "bone83",
				"parent": "bone8",
				"pivot": [0, 6.375, 0],
				"rotation": [0, -20, 0]
			},
			{
				"name": "bone84",
				"parent": "bone83",
				"pivot": [0, 6.375, 5.67128],
				"rotation": [23, 0, 0]
			},
			{
				"name": "bone85",
				"parent": "bone84",
				"pivot": [0, 6.375, 5.67128],
				"cubes": [
					{"origin": [-1, 6.91475, 4.72592], "size": [2, 5, 1], "uv": [52, 62]}
				]
			},
			{
				"name": "bone86",
				"parent": "bone8",
				"pivot": [0, 6.375, 0],
				"rotation": [0, -40, 0]
			},
			{
				"name": "bone87",
				"parent": "bone86",
				"pivot": [0, 6.375, 5.67128],
				"rotation": [23, 0, 0]
			},
			{
				"name": "bone88",
				"parent": "bone87",
				"pivot": [0, 6.375, 5.67128],
				"cubes": [
					{"origin": [-1, 6.91475, 5.22592], "size": [2, 5, 0], "uv": [66, 45]}
				]
			},
			{
				"name": "bone89",
				"parent": "bone8",
				"pivot": [0, 6.375, 0],
				"rotation": [0, -60, 0]
			},
			{
				"name": "bone90",
				"parent": "bone89",
				"pivot": [0, 6.375, 5.67128],
				"rotation": [23, 0, 0]
			},
			{
				"name": "bone91",
				"parent": "bone90",
				"pivot": [0, 6.375, 5.67128],
				"cubes": [
					{"origin": [-1, 6.91475, 4.72592], "size": [2, 5, 1], "uv": [52, 62]}
				]
			},
			{
				"name": "bone92",
				"parent": "bone8",
				"pivot": [0, 6.375, 0],
				"rotation": [0, -80, 0]
			},
			{
				"name": "bone93",
				"parent": "bone92",
				"pivot": [0, 6.375, 5.67128],
				"rotation": [23, 0, 0]
			},
			{
				"name": "bone94",
				"parent": "bone93",
				"pivot": [0, 6.375, 5.67128],
				"cubes": [
					{"origin": [-1, 6.91475, 5.22592], "size": [2, 5, 0], "uv": [66, 45]}
				]
			},
			{
				"name": "bone95",
				"parent": "bone8",
				"pivot": [0, 6.375, 0],
				"rotation": [0, -100, 0]
			},
			{
				"name": "bone96",
				"parent": "bone95",
				"pivot": [0, 6.375, 5.67128],
				"rotation": [23, 0, 0]
			},
			{
				"name": "bone97",
				"parent": "bone96",
				"pivot": [0, 6.375, 5.67128],
				"cubes": [
					{"origin": [-1, 6.91475, 4.72592], "size": [2, 5, 1], "uv": [52, 62]}
				]
			},
			{
				"name": "bone98",
				"parent": "bone8",
				"pivot": [0, 6.375, 0],
				"rotation": [0, -120, 0]
			},
			{
				"name": "bone99",
				"parent": "bone98",
				"pivot": [0, 6.375, 5.67128],
				"rotation": [23, 0, 0]
			},
			{
				"name": "bone100",
				"parent": "bone99",
				"pivot": [0, 6.375, 5.67128],
				"cubes": [
					{"origin": [-1, 6.91475, 5.22592], "size": [2, 5, 0], "uv": [66, 45]}
				]
			},
			{
				"name": "bone101",
				"parent": "bone8",
				"pivot": [0, 6.375, 0],
				"rotation": [0, -140, 0]
			},
			{
				"name": "bone102",
				"parent": "bone101",
				"pivot": [0, 6.375, 5.67128],
				"rotation": [23, 0, 0]
			},
			{
				"name": "bone103",
				"parent": "bone102",
				"pivot": [0, 6.375, 5.67128],
				"cubes": [
					{"origin": [-1, 6.91475, 4.72592], "size": [2, 5, 1], "uv": [52, 62]}
				]
			},
			{
				"name": "bone104",
				"parent": "bone8",
				"pivot": [0, 6.375, 0],
				"rotation": [0, -160, 0]
			},
			{
				"name": "bone105",
				"parent": "bone104",
				"pivot": [0, 6.375, 5.67128],
				"rotation": [23, 0, 0]
			},
			{
				"name": "bone106",
				"parent": "bone105",
				"pivot": [0, 6.375, 5.67128],
				"cubes": [
					{"origin": [-1, 6.91475, 5.22592], "size": [2, 5, 0], "uv": [66, 45]}
				]
			},
			{
				"name": "bone107",
				"parent": "bone8",
				"pivot": [0, 6.375, 0],
				"rotation": [0, -180, 0]
			},
			{
				"name": "bone108",
				"parent": "bone107",
				"pivot": [0, 6.375, 5.67128],
				"rotation": [23, 0, 0]
			},
			{
				"name": "bone109",
				"parent": "bone108",
				"pivot": [0, 6.375, 5.67128],
				"cubes": [
					{"origin": [-1, 6.91475, 4.72592], "size": [2, 5, 1], "uv": [52, 62]}
				]
			},
			{
				"name": "bone110",
				"parent": "bone8",
				"pivot": [0, 6.375, 0],
				"rotation": [0, -200, 0]
			},
			{
				"name": "bone111",
				"parent": "bone110",
				"pivot": [0, 6.375, 5.67128],
				"rotation": [23, 0, 0]
			},
			{
				"name": "bone112",
				"parent": "bone111",
				"pivot": [0, 6.375, 5.67128],
				"cubes": [
					{"origin": [-1, 6.91475, 5.22592], "size": [2, 5, 0], "uv": [66, 45]}
				]
			},
			{
				"name": "bone113",
				"parent": "bone8",
				"pivot": [0, 6.375, 0],
				"rotation": [0, -220, 0]
			},
			{
				"name": "bone114",
				"parent": "bone113",
				"pivot": [0, 6.375, 5.67128],
				"rotation": [23, 0, 0]
			},
			{
				"name": "bone115",
				"parent": "bone114",
				"pivot": [0, 6.375, 5.67128],
				"cubes": [
					{"origin": [-1, 6.91475, 4.72592], "size": [2, 5, 1], "uv": [52, 62]}
				]
			},
			{
				"name": "bone116",
				"parent": "bone8",
				"pivot": [0, 6.375, 0],
				"rotation": [0, -240, 0]
			},
			{
				"name": "bone117",
				"parent": "bone116",
				"pivot": [0, 6.375, 5.67128],
				"rotation": [23, 0, 0]
			},
			{
				"name": "bone118",
				"parent": "bone117",
				"pivot": [0, 6.375, 5.67128],
				"cubes": [
					{"origin": [-1, 6.91475, 5.22592], "size": [2, 5, 0], "uv": [66, 45]}
				]
			},
			{
				"name": "bone119",
				"parent": "bone8",
				"pivot": [0, 6.375, 0],
				"rotation": [0, -260, 0]
			},
			{
				"name": "bone120",
				"parent": "bone119",
				"pivot": [0, 6.375, 5.67128],
				"rotation": [23, 0, 0]
			},
			{
				"name": "bone121",
				"parent": "bone120",
				"pivot": [0, 6.375, 5.67128],
				"cubes": [
					{"origin": [-1, 6.91475, 4.72592], "size": [2, 5, 1], "uv": [52, 62]}
				]
			},
			{
				"name": "bone122",
				"parent": "bone8",
				"pivot": [0, 6.375, 0],
				"rotation": [0, -280, 0]
			},
			{
				"name": "bone123",
				"parent": "bone122",
				"pivot": [0, 6.375, 5.67128],
				"rotation": [23, 0, 0]
			},
			{
				"name": "bone124",
				"parent": "bone123",
				"pivot": [0, 6.375, 5.67128],
				"cubes": [
					{"origin": [-1, 6.91475, 5.22592], "size": [2, 5, 0], "uv": [66, 45]}
				]
			},
			{
				"name": "bone125",
				"parent": "bone8",
				"pivot": [0, 6.375, 0],
				"rotation": [0, -300, 0]
			},
			{
				"name": "bone126",
				"parent": "bone125",
				"pivot": [0, 6.375, 5.67128],
				"rotation": [23, 0, 0]
			},
			{
				"name": "bone127",
				"parent": "bone126",
				"pivot": [0, 6.375, 5.67128],
				"cubes": [
					{"origin": [-1, 6.91475, 4.72592], "size": [2, 5, 1], "uv": [52, 62]}
				]
			},
			{
				"name": "bone128",
				"parent": "bone8",
				"pivot": [0, 6.375, 0],
				"rotation": [0, -320, 0]
			},
			{
				"name": "bone129",
				"parent": "bone128",
				"pivot": [0, 6.375, 5.67128],
				"rotation": [23, 0, 0]
			},
			{
				"name": "bone130",
				"parent": "bone129",
				"pivot": [0, 6.375, 5.67128],
				"cubes": [
					{"origin": [-1, 6.91475, 5.22592], "size": [2, 5, 0], "uv": [66, 45]}
				]
			},
			{
				"name": "bone131",
				"parent": "bone8",
				"pivot": [0, 6.375, 0],
				"rotation": [0, -340, 0]
			},
			{
				"name": "bone132",
				"parent": "bone131",
				"pivot": [0, 6.375, 5.67128],
				"rotation": [23, 0, 0]
			},
			{
				"name": "bone133",
				"parent": "bone132",
				"pivot": [0, 6.375, 5.67128],
				"cubes": [
					{"origin": [-1, 6.91475, 4.72592], "size": [2, 5, 1], "uv": [52, 62]}
				]
			},
			{
				"name": "bone9",
				"parent": "sittingRotationSkirt",
				"pivot": [0, 7.125, 0],
				"rotation": [0, 75, 0]
			},
			{
				"name": "bone10",
				"parent": "bone9",
				"pivot": [0, 7.125, 0]
			},
			{
				"name": "bone11",
				"parent": "bone10",
				"pivot": [0, 7.125, 5.27792],
				"rotation": [30, 0, 0]
			},
			{
				"name": "bone12",
				"parent": "bone11",
				"pivot": [0, 7.125, 5.27792],
				"rotation": [0, -45, 0],
				"cubes": [
					{"origin": [-0.82322, 9.55801, 4.45469], "size": [2, 3, 2], "uv": [56, 32]}
				]
			},
			{
				"name": "bone13",
				"parent": "bone9",
				"pivot": [0, 7.125, 0],
				"rotation": [0, -30, 0]
			},
			{
				"name": "bone14",
				"parent": "bone13",
				"pivot": [0, 7.125, 5.27792],
				"rotation": [30, 0, 0]
			},
			{
				"name": "bone15",
				"parent": "bone14",
				"pivot": [0, 7.125, 5.27792],
				"rotation": [0, -45, 0],
				"cubes": [
					{"origin": [-0.82322, 9.55801, 4.45469], "size": [2, 3, 2], "uv": [56, 32]}
				]
			},
			{
				"name": "bone16",
				"parent": "bone9",
				"pivot": [0, 7.125, 0],
				"rotation": [0, -60, 0]
			},
			{
				"name": "bone17",
				"parent": "bone16",
				"pivot": [0, 7.125, 5.27792],
				"rotation": [30, 0, 0]
			},
			{
				"name": "bone18",
				"parent": "bone17",
				"pivot": [0, 7.125, 5.27792],
				"rotation": [0, -45, 0],
				"cubes": [
					{"origin": [-0.82322, 9.55801, 4.45469], "size": [2, 3, 2], "uv": [56, 32]}
				]
			},
			{
				"name": "bone19",
				"parent": "bone9",
				"pivot": [0, 7.125, 0],
				"rotation": [0, -90, 0]
			},
			{
				"name": "bone20",
				"parent": "bone19",
				"pivot": [0, 7.125, 5.27792],
				"rotation": [30, 0, 0]
			},
			{
				"name": "bone21",
				"parent": "bone20",
				"pivot": [0, 7.125, 5.27792],
				"rotation": [0, -45, 0],
				"cubes": [
					{"origin": [-0.82322, 9.55801, 4.45469], "size": [2, 3, 2], "uv": [56, 32]}
				]
			},
			{
				"name": "bone22",
				"parent": "bone9",
				"pivot": [0, 7.125, 0],
				"rotation": [0, -120, 0]
			},
			{
				"name": "bone23",
				"parent": "bone22",
				"pivot": [0, 7.125, 5.27792],
				"rotation": [30, 0, 0]
			},
			{
				"name": "bone24",
				"parent": "bone23",
				"pivot": [0, 7.125, 5.27792],
				"rotation": [0, -45, 0],
				"cubes": [
					{"origin": [-0.82322, 9.55801, 4.45469], "size": [2, 3, 2], "uv": [56, 32]}
				]
			},
			{
				"name": "bone25",
				"parent": "bone9",
				"pivot": [0, 7.125, 0],
				"rotation": [0, -150, 0]
			},
			{
				"name": "bone26",
				"parent": "bone25",
				"pivot": [0, 7.125, 5.27792],
				"rotation": [30, 0, 0]
			},
			{
				"name": "bone27",
				"parent": "bone26",
				"pivot": [0, 7.125, 5.27792],
				"rotation": [0, -45, 0],
				"cubes": [
					{"origin": [-0.82322, 9.55801, 4.45469], "size": [2, 3, 2], "uv": [56, 32]}
				]
			},
			{
				"name": "bone28",
				"parent": "bone9",
				"pivot": [0, 7.125, 0],
				"rotation": [0, -180, 0]
			},
			{
				"name": "bone29",
				"parent": "bone28",
				"pivot": [0, 7.125, 5.27792],
				"rotation": [30, 0, 0]
			},
			{
				"name": "bone30",
				"parent": "bone29",
				"pivot": [0, 7.125, 5.27792],
				"rotation": [0, -45, 0],
				"cubes": [
					{"origin": [-0.82322, 9.55801, 4.45469], "size": [2, 3, 2], "uv": [56, 32]}
				]
			},
			{
				"name": "bone31",
				"parent": "bone9",
				"pivot": [0, 7.125, 0],
				"rotation": [0, -210, 0]
			},
			{
				"name": "bone32",
				"parent": "bone31",
				"pivot": [0, 7.125, 5.27792],
				"rotation": [30, 0, 0]
			},
			{
				"name": "bone33",
				"parent": "bone32",
				"pivot": [0, 7.125, 5.27792],
				"rotation": [0, -45, 0],
				"cubes": [
					{"origin": [-0.82322, 9.55801, 4.45469], "size": [2, 3, 2], "uv": [56, 32]}
				]
			},
			{
				"name": "bone34",
				"parent": "bone9",
				"pivot": [0, 7.125, 0],
				"rotation": [0, -240, 0]
			},
			{
				"name": "bone35",
				"parent": "bone34",
				"pivot": [0, 7.125, 5.27792],
				"rotation": [30, 0, 0]
			},
			{
				"name": "bone36",
				"parent": "bone35",
				"pivot": [0, 7.125, 5.27792],
				"rotation": [0, -45, 0],
				"cubes": [
					{"origin": [-0.82322, 9.55801, 4.45469], "size": [2, 3, 2], "uv": [56, 32]}
				]
			},
			{
				"name": "bone37",
				"parent": "bone9",
				"pivot": [0, 7.125, 0],
				"rotation": [0, -270, 0]
			},
			{
				"name": "bone38",
				"parent": "bone37",
				"pivot": [0, 7.125, 5.27792],
				"rotation": [30, 0, 0]
			},
			{
				"name": "bone39",
				"parent": "bone38",
				"pivot": [0, 7.125, 5.27792],
				"rotation": [0, -45, 0],
				"cubes": [
					{"origin": [-0.82322, 9.55801, 4.45469], "size": [2, 3, 2], "uv": [56, 32]}
				]
			},
			{
				"name": "bone40",
				"parent": "bone9",
				"pivot": [0, 7.125, 0],
				"rotation": [0, -300, 0]
			},
			{
				"name": "bone41",
				"parent": "bone40",
				"pivot": [0, 7.125, 5.27792],
				"rotation": [30, 0, 0]
			},
			{
				"name": "bone42",
				"parent": "bone41",
				"pivot": [0, 7.125, 5.27792],
				"rotation": [0, -45, 0],
				"cubes": [
					{"origin": [-0.82322, 9.55801, 4.45469], "size": [2, 3, 2], "uv": [56, 32]}
				]
			},
			{
				"name": "bone43",
				"parent": "bone9",
				"pivot": [0, 7.125, 0],
				"rotation": [0, -330, 0]
			},
			{
				"name": "bone44",
				"parent": "bone43",
				"pivot": [0, 7.125, 5.27792],
				"rotation": [30, 0, 0]
			},
			{
				"name": "bone45",
				"parent": "bone44",
				"pivot": [0, 7.125, 5.27792],
				"rotation": [0, -45, 0],
				"cubes": [
					{"origin": [-0.82322, 9.55801, 4.45469], "size": [2, 3, 2], "uv": [56, 32]}
				]
			},
			{
				"name": "legLeft",
				"pivot": [2, 9, 0],
				"cubes": [
					{"origin": [0.499, 0, -1.5], "size": [3, 9, 3], "uv": [16, 52]},
					{"origin": [0.499, 4, -1.5], "size": [3, 0.5, 3], "uv": [100, 0], "inflate": 0.001},
					{"origin": [0.499, 4.5, -1.5], "size": [3, 0.5, 3], "uv": [116, 0], "inflate": 0.001}
				]
			},
			{
				"name": "legRight",
				"pivot": [-2, 9, 0],
				"cubes": [
					{"origin": [-3.499, 0, -1.5], "size": [3, 9, 3], "uv": [48, 20]},
					{"origin": [-3.499, 4, -1.5], "size": [3, 0.5, 3], "uv": [100, 0], "inflate": 0.001},
					{"origin": [-3.499, 4.5, -1.5], "size": [3, 0.5, 3], "uv": [116, 0], "inflate": 0.001}
				]
			}
		]
	}
}