{
	"format_version": "1.10.0",
	"geometry.model": {
		"texturewidth": 128,
		"textureheight": 128,
		"visible_bounds_width": 3,
		"visible_bounds_height": 2,
		"visible_bounds_offset": [0, 0, 0],
		"bones": [
			{
				"name": "head",
				"pivot": [0, 18, 0],
				"cubes": [
					{"origin": [-4, 18, -4], "size": [8, 8, 8], "uv": [0, 0]},
					{"origin": [-3, 19, 4], "size": [6, 6, 1], "uv": [0, 91]}
				]
			},
			{
				"name": "bone",
				"parent": "head",
				"pivot": [0, 0, 0],
				"cubes": [
					{"origin": [-4, 18, -4], "size": [8, 6, 7], "uv": [1, 56], "inflate": 0.3},
					{"origin": [-3, 18, -4], "size": [6, 8, 7], "uv": [0, 74], "inflate": 0.3}
				]
			},
			{
				"name": "ahoge",
				"parent": "head",
				"pivot": [0, 0, 0],
				"rotation": [0, -45, 0],
				"cubes": [
					{"origin": [-3, 26, 0], "size": [6, 6, 0], "uv": [0, 49]}
				]
			},
			{
				"name": "blink",
				"parent": "head",
				"pivot": [0, 18, 0],
				"cubes": [
					{"origin": [-4, 18, -4.001], "size": [8, 8, 0], "uv": [41, 49]}
				]
			},
			{
				"name": "bone3",
				"parent": "head",
				"pivot": [-2, 17, 1],
				"rotation": [15, 0, 20],
				"cubes": [
					{"origin": [-4, 20, 6], "size": [3, 5, 1], "uv": [62, 0], "inflate": -0.3}
				]
			},
			{
				"name": "bone4",
				"parent": "bone3",
				"pivot": [1.1611, 17.08342, 1.02235],
				"rotation": [0, 0, -30],
				"cubes": [
					{"origin": [0, 20.74416, 6.1994], "size": [3, 5, 1], "uv": [62, 0], "inflate": -0.3}
				]
			},
			{
				"name": "bone8",
				"parent": "bone4",
				"pivot": [1.1611, 17.08342, 1.02235],
				"rotation": [0, -10, 0],
				"cubes": [
					{"origin": [2, 24.07014, 6.3], "size": [3, 2, 1], "uv": [0, 0], "inflate": 0.3}
				]
			},
			{
				"name": "bone7",
				"parent": "bone3",
				"pivot": [1.1611, 17.08342, 1.02235],
				"rotation": [0, 5, -20],
				"cubes": [
					{"origin": [-4, 24.0701, 6], "size": [3, 2, 1], "uv": [0, 0], "inflate": 0.3}
				]
			},
			{
				"name": "bone2",
				"parent": "head",
				"pivot": [0, 18, 0],
				"cubes": [
					{"origin": [-1, 24, 5], "size": [2, 2, 2], "uv": [97, 0]}
				]
			},
			{
				"name": "bone9",
				"parent": "bone2",
				"pivot": [1, 19, -1],
				"rotation": [15, 0, 0],
				"cubes": [
					{"origin": [-1.5, 20, 6.75], "size": [3, 3, 2], "uv": [103, 2], "inflate": -0.3}
				]
			},
			{
				"name": "bone10",
				"parent": "bone9",
				"pivot": [0, 18.15419, 6.0203],
				"rotation": [-10, 0, 0],
				"cubes": [
					{"origin": [-1.5, 16.15419, 6], "size": [3, 5, 2.5], "uv": [114, 0]}
				]
			},
			{
				"name": "body",
				"pivot": [0, 10.5, 0],
				"cubes": [
					{"origin": [-6, 2, -6], "size": [12, 9, 12], "uv": [80, 82], "inflate": -2},
					{"origin": [-4, 7.9, -4], "size": [8, 3, 8], "uv": [0, 107], "inflate": -0.2},
					{"origin": [-3.5, 10, -3.5], "size": [7, 2, 7], "uv": [54, 24], "inflate": -0.4},
					{"origin": [-4, 7.999, -2], "size": [8, 2, 4], "uv": [24, 0], "inflate": -0.1},
					{"origin": [-4.5, 4.3, -4.5], "size": [9, 5, 9], "uv": [79, 114], "inflate": -0.2},
					{"origin": [-4, 9, -4], "size": [8, 2, 8], "uv": [0, 27]},
					{"origin": [-3, 11.999, -3], "size": [6, 6, 6], "uv": [30, 21]},
					{"origin": [-3.5, 10.8, -3.5], "size": [7, 2, 7], "uv": [27, 9], "inflate": -0.2}
				]
			},
			{
				"name": "chestPlate",
				"parent": "body",
				"pivot": [0, 0, 0],
				"cubes": [
					{"origin": [-6, 10.5, -6], "size": [12, 11, 12], "uv": [56, 35], "inflate": -2.8}
				]
			},
			{
				"name": "bone5",
				"parent": "chestPlate",
				"pivot": [-3, 0, 0],
				"rotation": [0, 0, 20],
				"cubes": [
					{"origin": [-8.75, 8, -3], "size": [1.5, 5, 6], "uv": [56, 58], "inflate": -1},
					{"origin": [-8.4027, 6.03038, -3], "size": [1.5, 5, 6], "uv": [70, 58], "inflate": -0.5},
					{"origin": [-7.75, 3.80898, -3], "size": [1, 5, 6], "uv": [56, 69], "inflate": -0.3}
				]
			},
			{
				"name": "bone6",
				"parent": "chestPlate",
				"pivot": [3, 0, 0],
				"rotation": [0, 180, -20],
				"cubes": [
					{"origin": [-2.75, 8, -3], "size": [1.5, 5, 6], "uv": [56, 58], "inflate": -1},
					{"origin": [-2.4027, 6.03038, -3], "size": [1.5, 5, 6], "uv": [70, 58], "inflate": -0.5},
					{"origin": [-1.75, 3.80898, -3], "size": [1, 5, 6], "uv": [56, 69], "inflate": -0.3}
				]
			},
			{
				"name": "bone11",
				"parent": "chestPlate",
				"pivot": [0, 0, 0],
				"cubes": [
					{"origin": [-3, 11, -4], "size": [6, 2, 1], "uv": [106, 27], "inflate": -0.3}
				]
			},
			{
				"name": "bone12",
				"parent": "chestPlate",
				"pivot": [0, 2, -1],
				"cubes": [
					{"origin": [-5, 6.1, -5.2], "size": [10, 4, 3], "uv": [102, 63], "inflate": -0.6},
					{"origin": [-5, 8.1, -5], "size": [10, 4, 3], "uv": [102, 63], "inflate": -0.8}
				]
			},
			{
				"name": "armRight",
				"pivot": [-3, 17.5, 0],
				"rotation": [0, 0, 25],
				"cubes": [
					{"origin": [-5, 8.5, -1], "size": [2, 8, 2], "uv": [26, 43]},
					{"origin": [-5.5, 12.37878, -1.5], "size": [3, 3, 3], "uv": [0, 120]}
				]
			},
			{
				"name": "chestPlateLeft",
				"parent": "armRight",
				"pivot": [0, 0, 0],
				"cubes": [
					{"origin": [-6, 7.5, -2], "size": [4, 6, 4], "uv": [33, 107], "inflate": -0.7}
				]
			},
			{
				"name": "armLeft",
				"pivot": [3, 17.5, 0],
				"rotation": [0, 0, -25],
				"cubes": [
					{"origin": [3, 8.5, -1], "size": [2, 8, 2], "uv": [26, 43]},
					{"origin": [2.5, 12.378, -1.5], "size": [3, 3, 3], "uv": [12, 120]}
				]
			},
			{
				"name": "chestPlateMiddle",
				"parent": "armLeft",
				"pivot": [0, 0, 0],
				"cubes": [
					{"origin": [2, 7.65476, -2], "size": [4, 6, 4], "uv": [86, 31], "inflate": -0.7}
				]
			},
			{
				"name": "legRight",
				"pivot": [-2, 9, 0]
			},
			{
				"name": "_leggings",
				"parent": "legRight",
				"pivot": [0, 0, 0],
				"cubes": [
					{"origin": [-3.499, 0, -1.5], "size": [3, 9, 3], "uv": [49, 108]}
				]
			},
			{
				"name": "leggings",
				"parent": "legRight",
				"pivot": [0, 0, 0],
				"cubes": [
					{"origin": [-3.499, 0, -1.5], "size": [3, 9, 3], "uv": [32, 33]}
				]
			},
			{
				"name": "legLeft",
				"pivot": [2, 9, 0]
			},
			{
				"name": "_leggingsLeft",
				"parent": "legLeft",
				"pivot": [0, 0, 0],
				"cubes": [
					{"origin": [0.499, 0, -1.5], "size": [3, 9, 3], "uv": [49, 108]}
				]
			},
			{
				"name": "leggingsLeft",
				"parent": "legLeft",
				"pivot": [0, 0, 0],
				"cubes": [
					{"origin": [0.499, 0, -1.5], "size": [3, 9, 3], "uv": [32, 33]}
				]
			}
		]
	}
}