{
	"format_version": "1.10.0",
	"geometry.model": {
		"texturewidth": 128,
		"textureheight": 128,
		"visible_bounds_width": 3,
		"visible_bounds_height": 2,
		"visible_bounds_offset": [0, 0, 0],
		"bones": [
			{
				"name": "head",
				"pivot": [0, 18, 0],
				"cubes": [
					{"origin": [-4, 18, -4], "size": [8, 8, 8], "uv": [0, 0]},
					{"origin": [-3, 19, 4], "size": [6, 6, 1], "uv": [0, 91]}
				]
			},
			{
				"name": "bone",
				"parent": "head",
				"pivot": [0, 0, 0],
				"cubes": [
					{"origin": [-4, 18, -4], "size": [8, 6, 7], "uv": [1, 56], "inflate": 0.3},
					{"origin": [-3, 18, -4], "size": [6, 8, 7], "uv": [0, 74], "inflate": 0.3}
				]
			},
			{
				"name": "bone2",
				"parent": "bone",
				"pivot": [0, 1, 7],
				"rotation": [15, 0, 0],
				"cubes": [
					{"origin": [-2.5, 23, 10], "size": [5, 3, 3], "uv": [31, 69], "inflate": -0.5},
					{"origin": [-1.5, 22, 10], "size": [3, 5, 3], "uv": [31, 75], "inflate": -0.5},
					{"origin": [-2.5, 22, 10], "size": [5, 5, 2], "uv": [27, 83], "inflate": -0.3},
					{"origin": [-1.5, 23, 11], "size": [3, 3, 2], "uv": [32, 63]}
				]
			},
			{
				"name": "ahoge",
				"parent": "head",
				"pivot": [0, 0, 0],
				"rotation": [0, -45, 0],
				"cubes": [
					{"origin": [-3, 26, 0], "size": [6, 6, 0], "uv": [0, 49]}
				]
			},
			{
				"name": "blink",
				"parent": "head",
				"pivot": [0, 18, 0],
				"cubes": [
					{"origin": [-4, 18, -4.001], "size": [8, 8, 0], "uv": [41, 49]}
				]
			},
			{
				"name": "bone3",
				"parent": "head",
				"pivot": [-2, 17, 1],
				"rotation": [15, 0, 20],
				"cubes": [
					{"origin": [-4, 18, 6], "size": [3, 5, 1], "uv": [62, 0], "inflate": -0.7}
				]
			},
			{
				"name": "bone4",
				"parent": "bone3",
				"pivot": [1.1611, 17.08342, 1.02235],
				"rotation": [0, 0, -30],
				"cubes": [
					{"origin": [0, 18.74416, 6.1994], "size": [3, 5, 1], "uv": [62, 0], "inflate": -0.7}
				]
			},
			{
				"name": "body",
				"pivot": [0, 10.5, 0]
			},
			{
				"name": "_chestPlateMiddle",
				"parent": "body",
				"pivot": [0, 0, 0],
				"cubes": [
					{"origin": [-4.5, 4.3, -4.5], "size": [9, 5, 9], "uv": [79, 114], "inflate": -0.2},
					{"origin": [-4, 9, -4], "size": [8, 2, 8], "uv": [0, 27]},
					{"origin": [-3, 11.999, -3], "size": [6, 6, 6], "uv": [30, 21]},
					{"origin": [-3.5, 10.8, -3.5], "size": [7, 2, 7], "uv": [27, 9], "inflate": -0.2},
					{"origin": [-4, 7.999, -2], "size": [8, 2, 4], "uv": [25, 122], "inflate": -0.1}
				]
			},
			{
				"name": "chestPlate",
				"parent": "body",
				"pivot": [0, 0, 0],
				"cubes": [
					{"origin": [-3, 11.999, -3], "size": [6, 6, 6], "uv": [72, 0]},
					{"origin": [-6, 8.999, -6], "size": [12, 12, 12], "uv": [56, 36], "inflate": -2.8},
					{"origin": [-4.5, 4.3, -4.5], "size": [9, 5, 9], "uv": [52, 92], "inflate": -0.2},
					{"origin": [-6, 1.5, -6], "size": [12, 7, 12], "uv": [80, 82], "inflate": -2},
					{"origin": [-4, 9, -4], "size": [8, 2, 8], "uv": [0, 107]},
					{"origin": [-3.5, 10.8, -3.5], "size": [7, 2, 7], "uv": [54, 24], "inflate": -0.2},
					{"origin": [-4, 7.999, -2], "size": [8, 2, 4], "uv": [24, 0], "inflate": -0.1}
				]
			},
			{
				"name": "bone5",
				"parent": "chestPlate",
				"pivot": [-3, 0, 0],
				"rotation": [0, 0, 20],
				"cubes": [
					{"origin": [-8.75, 8, -3], "size": [1.5, 5, 6], "uv": [56, 58], "inflate": -1},
					{"origin": [-8.4027, 6.03038, -3], "size": [1.5, 5, 6], "uv": [70, 58], "inflate": -0.5},
					{"origin": [-7.75, 3.80898, -3], "size": [1, 5, 6], "uv": [56, 69], "inflate": -0.3}
				]
			},
			{
				"name": "bone6",
				"parent": "chestPlate",
				"pivot": [3, 0, 0],
				"rotation": [0, 180, -20],
				"cubes": [
					{"origin": [-2.75, 8, -3], "size": [1.5, 5, 6], "uv": [56, 58], "inflate": -1},
					{"origin": [-2.4027, 6.03038, -3], "size": [1.5, 5, 6], "uv": [70, 58], "inflate": -0.5},
					{"origin": [-1.75, 3.80898, -3], "size": [1, 5, 6], "uv": [56, 69], "inflate": -0.3}
				]
			},
			{
				"name": "armRight",
				"pivot": [-3, 17.5, 0],
				"rotation": [0, 0, 25]
			},
			{
				"name": "_chestPlateLeft",
				"parent": "armRight",
				"pivot": [0, 0, 0],
				"cubes": [
					{"origin": [-5, 8.5, -1], "size": [2, 8, 2], "uv": [26, 43]}
				]
			},
			{
				"name": "chestPlateLeft",
				"parent": "armRight",
				"pivot": [0, 0, 0],
				"cubes": [
					{"origin": [-5, 8.5, -1], "size": [2, 8, 2], "uv": [12, 45]},
					{"origin": [-5.5, 14.37878, -1.5], "size": [3, 3, 3], "uv": [0, 120]},
					{"origin": [-6, 7.5, -2], "size": [4, 6, 4], "uv": [33, 107], "inflate": -0.7}
				]
			},
			{
				"name": "armLeft",
				"pivot": [3, 17.5, 0],
				"rotation": [0, 0, -25]
			},
			{
				"name": "_chestPlate",
				"parent": "armLeft",
				"pivot": [0, 0, 0],
				"cubes": [
					{"origin": [3, 8.5, -1], "size": [2, 8, 2], "uv": [26, 43]}
				]
			},
			{
				"name": "chestPlateMiddle",
				"parent": "armLeft",
				"pivot": [0, 0, 0],
				"cubes": [
					{"origin": [3, 8.5, -1], "size": [2, 8, 2], "uv": [56, 34]},
					{"origin": [2, 7.65476, -2], "size": [4, 6, 4], "uv": [74, 72], "inflate": -0.7},
					{"origin": [2.5, 14.13938, -1.5], "size": [3, 3, 3], "uv": [12, 120]}
				]
			},
			{
				"name": "legRight",
				"pivot": [-2, 9, 0]
			},
			{
				"name": "_leggings",
				"parent": "legRight",
				"pivot": [0, 0, 0],
				"cubes": [
					{"origin": [-3.499, 0, -1.5], "size": [3, 9, 3], "uv": [49, 108]}
				]
			},
			{
				"name": "leggings",
				"parent": "legRight",
				"pivot": [0, 0, 0],
				"cubes": [
					{"origin": [-3.499, 0, -1.5], "size": [3, 9, 3], "uv": [32, 33]}
				]
			},
			{
				"name": "legLeft",
				"pivot": [2, 9, 0]
			},
			{
				"name": "_leggingsLeft",
				"parent": "legLeft",
				"pivot": [0, 0, 0],
				"cubes": [
					{"origin": [0.499, 0, -1.5], "size": [3, 9, 3], "uv": [49, 108]}
				]
			},
			{
				"name": "leggingsLeft",
				"parent": "legLeft",
				"pivot": [0, 0, 0],
				"cubes": [
					{"origin": [0.499, 0, -1.5], "size": [3, 9, 3], "uv": [32, 33]}
				]
			}
		]
	}
}