{
	"format_version": "1.10.0",
	"geometry.model": {
		"texturewidth": 128,
		"textureheight": 128,
		"visible_bounds_width": 3,
		"visible_bounds_height": 2,
		"visible_bounds_offset": [0, 0, 0],
		"bones": [
			{
				"name": "head",
				"pivot": [0, 18, 0],
				"cubes": [
					{"origin": [-4, 18, -4], "size": [8, 8, 8], "uv": [0, 0]},
					{"origin": [-4, 18, -4], "size": [8, 6, 8], "uv": [0, 55], "inflate": 0.3},
					{"origin": [-3, 18, -4], "size": [6, 8, 8], "uv": [56, 0], "inflate": 0.3}
				]
			},
			{
				"name": "blink",
				"parent": "head",
				"pivot": [0, 18, 0],
				"cubes": [
					{"origin": [-4, 18, -4.001], "size": [8, 8, 0], "uv": [12, 37]}
				]
			},
			{
				"name": "armRight",
				"pivot": [-3, 17.5, 0],
				"rotation": [0, 0, 25],
				"cubes": [
					{"origin": [-5.5, 13.5, -1.5], "size": [3, 4, 3], "uv": [44, 33]},
					{"origin": [-5, 8.5, -1], "size": [2, 8, 2], "uv": [12, 45]}
				]
			},
			{
				"name": "chestPlateLeft",
				"parent": "armRight",
				"pivot": [0, 0, 0],
				"cubes": [
					{"origin": [-6.15476, 10.33093, -2], "size": [4, 5, 4], "uv": [44, 98], "inflate": -0.8},
					{"origin": [-6.49404, 10.782, -2], "size": [3, 3, 4], "uv": [0, 101], "inflate": -0.5}
				]
			},
			{
				"name": "armLeft",
				"pivot": [3, 17.5, 0],
				"rotation": [0, 0, -25],
				"cubes": [
					{"origin": [2.5, 13.5, -1.5], "size": [3, 4, 3], "uv": [41, 42]},
					{"origin": [3, 8.5, -1], "size": [2, 8, 2], "uv": [26, 43]}
				]
			},
			{
				"name": "chestPlateMiddle",
				"parent": "armLeft",
				"pivot": [0, 0, 0],
				"cubes": [
					{"origin": [2, 10.5, -2], "size": [4, 5, 4], "uv": [0, 109], "inflate": -0.8},
					{"origin": [3.35321, 10.60367, -2], "size": [3, 3, 4], "uv": [0, 101], "inflate": -0.5}
				]
			},
			{
				"name": "body",
				"pivot": [0, 10.5, 0],
				"cubes": [
					{"origin": [-3, 11.999, -3], "size": [6, 6, 6], "uv": [30, 21]},
					{"origin": [-3.5, 10, -3.5], "size": [7, 2, 7], "uv": [27, 9]},
					{"origin": [-4, 8, -4], "size": [8, 2, 8], "uv": [0, 27], "inflate": 0.1},
					{"origin": [-4.5, 6, -4.5], "size": [9, 2, 9], "uv": [0, 16]},
					{"origin": [-4, 7.999, -2], "size": [8, 2, 4], "uv": [24, 0], "inflate": -0.4}
				]
			},
			{
				"name": "bone",
				"parent": "body",
				"pivot": [0, 2, -9],
				"rotation": [-25, 0, 0],
				"cubes": [
					{"origin": [-3, 15, -10], "size": [6, 3, 3], "uv": [55, 27], "inflate": -0.3}
				]
			},
			{
				"name": "chestPlate",
				"parent": "body",
				"pivot": [0, 0, 0],
				"cubes": [
					{"origin": [-4, 2, -4], "size": [8, 8, 8], "uv": [32, 56], "inflate": -0.1},
					{"origin": [-4, 2, -4], "size": [8, 8, 8], "uv": [32, 76], "inflate": 0.2}
				]
			},
			{
				"name": "bone2",
				"parent": "chestPlate",
				"pivot": [0, 6, -9],
				"rotation": [-45, 0, 0],
				"cubes": [
					{"origin": [4.5, 13, -9], "size": [0.5, 1, 11], "uv": [8, 77]},
					{"origin": [4.5, 12, -6], "size": [0.5, 3, 1], "uv": [1, 0], "inflate": 0.1}
				]
			},
			{
				"name": "legLeft",
				"pivot": [2, 9, 0],
				"cubes": [
					{"origin": [0.499, 0, -1.5], "size": [3, 9, 3], "uv": [0, 37]}
				]
			},
			{
				"name": "legRight",
				"pivot": [-2, 9, 0],
				"cubes": [
					{"origin": [-3.499, 0, -1.5], "size": [3, 9, 3], "uv": [32, 33]}
				]
			}
		]
	}
}