{
	"format_version": "1.10.0",
	"geometry.model": {
		"texturewidth": 128,
		"textureheight": 128,
		"visible_bounds_width": 3,
		"visible_bounds_height": 2,
		"visible_bounds_offset": [0, 0, 0],
		"bones": [
			{
				"name": "head",
				"pivot": [0, 18, 0],
				"cubes": [
					{"origin": [-4, 18, -4], "size": [8, 8, 8], "uv": [0, 43]},
					{"origin": [-3, 19, 4], "size": [6, 6, 1], "uv": [80, 19]}
				]
			},
			{
				"name": "bone",
				"parent": "head",
				"pivot": [0, 0, 0],
				"cubes": [
					{"origin": [-4, 18, -4], "size": [8, 6, 7], "uv": [48, 0], "inflate": 0.3},
					{"origin": [-3, 18, -4], "size": [6, 8, 7], "uv": [49, 56], "inflate": 0.3}
				]
			},
			{
				"name": "bone2",
				"parent": "bone",
				"pivot": [0, 1, 7],
				"rotation": [15, 0, 0],
				"cubes": [
					{"origin": [-2.5, 23, 10], "size": [5, 3, 3], "uv": [36, 29], "inflate": -0.5},
					{"origin": [-1.5, 22, 10], "size": [3, 5, 3], "uv": [12, 80], "inflate": -0.5},
					{"origin": [-2.5, 22, 10], "size": [5, 5, 2], "uv": [24, 43], "inflate": -0.3},
					{"origin": [-1.5, 23, 11], "size": [3, 3, 2], "uv": [38, 43]}
				]
			},
			{
				"name": "ahoge",
				"parent": "head",
				"pivot": [0, 0, 0],
				"rotation": [0, -45, 0],
				"cubes": [
					{"origin": [-3, 26, 0], "size": [6, 6, 0], "uv": [86, 0]}
				]
			},
			{
				"name": "blink",
				"parent": "head",
				"pivot": [0, 18, 0],
				"cubes": [
					{"origin": [-4, 18, -4.001], "size": [8, 8, 0], "uv": [75, 45]}
				]
			},
			{
				"name": "bone3",
				"parent": "head",
				"pivot": [-2, 17, 1],
				"rotation": [15, 0, 20],
				"cubes": [
					{"origin": [-4, 18, 6], "size": [3, 5, 1], "uv": [48, 53], "inflate": -0.7}
				]
			},
			{
				"name": "bone7",
				"parent": "bone3",
				"pivot": [1.19534, -0.11211, 10.32272],
				"rotation": [25, 0, 0],
				"cubes": [
					{"origin": [-3, 17.4, 15.8], "size": [2, 5, 1], "uv": [48, 53], "inflate": -0.7}
				]
			},
			{
				"name": "bone4",
				"parent": "bone3",
				"pivot": [1.1611, 17.08342, 1.02235],
				"rotation": [0, 0, -30],
				"cubes": [
					{"origin": [0, 18.74416, 6.1994], "size": [3, 5, 1], "uv": [0, 43], "inflate": -0.7}
				]
			},
			{
				"name": "bone8",
				"parent": "bone4",
				"pivot": [0.97898, -0.18374, 0.08852],
				"rotation": [10, 0, -5],
				"cubes": [
					{"origin": [2.46134, 17.66384, 10.15162], "size": [1, 5, 1], "uv": [0, 43], "inflate": -0.7}
				]
			},
			{
				"name": "helmet",
				"parent": "head",
				"pivot": [4, 5, -19],
				"rotation": [-40, 0, 0],
				"cubes": [
					{"origin": [-4, 33, -19], "size": [8, 2, 8], "uv": [80, 55], "inflate": 0.2}
				]
			},
			{
				"name": "body",
				"pivot": [0, 10.5, 0],
				"cubes": [
					{"origin": [-3, 11.999, -3], "size": [6, 6, 6], "uv": [69, 69]},
					{"origin": [-3.5, 10.8, -3.5], "size": [7, 2, 7], "uv": [21, 63], "inflate": -0.2},
					{"origin": [-4, 9, -4], "size": [8, 2, 8], "uv": [0, 13], "inflate": 0.2},
					{"origin": [-4, 4.2, -4], "size": [8, 4, 8], "uv": [32, 12], "inflate": 0.7},
					{"origin": [-4, 7.999, -2], "size": [8, 2, 4], "uv": [66, 39]},
					{"origin": [-3, 9.5, -1], "size": [6, 2, 2], "uv": [103, 0]}
				]
			},
			{
				"name": "neichen2",
				"parent": "body",
				"pivot": [2, -6, -2],
				"cubes": [
					{"origin": [-6, 1.45, -6], "size": [12, 8, 12], "uv": [32, 96], "inflate": -1.5},
					{"origin": [-6, 1.45, -6], "size": [12, 8, 3], "uv": [91, 90], "inflate": -1.5},
					{"origin": [-6, 1.45, 3], "size": [12, 8, 3], "uv": [91, 90], "inflate": -1.5},
					{"origin": [3, 1.45, -6], "size": [3, 8, 12], "uv": [94, 81], "inflate": -1.5},
					{"origin": [-6, 1.45, -6], "size": [3, 8, 12], "uv": [79, 81], "inflate": -1.5}
				]
			},
			{
				"name": "neichen",
				"parent": "body",
				"pivot": [0, -2, 0],
				"cubes": [
					{"origin": [-4, 8, -4], "size": [8, 3, 8], "uv": [0, 96]},
					{"origin": [-4, 8, -4], "size": [8, 3, 0], "uv": [8, 113]},
					{"origin": [-4, 8, 4], "size": [8, 3, 0], "uv": [0, 113]},
					{"origin": [-4, 8, -4], "size": [0, 3, 8], "uv": [8, 105]},
					{"origin": [4, 8, -4], "size": [0, 3, 8], "uv": [0, 105]}
				]
			},
			{
				"name": "xiong",
				"parent": "body",
				"pivot": [3, 14.5, -4],
				"rotation": [-35, 0, 0],
				"cubes": [
					{"origin": [-3, 15, -4.5], "size": [6, 2, 2], "uv": [90, 41]}
				]
			},
			{
				"name": "chestPlateMiddle",
				"parent": "body",
				"pivot": [0, 0, 0]
			},
			{
				"name": "bone6",
				"parent": "chestPlateMiddle",
				"pivot": [0, 8, 5],
				"rotation": [15, 0, 10],
				"cubes": [
					{"origin": [-9.96962, 6.66454, 4], "size": [8, 10, 1], "uv": [110, 39]}
				]
			},
			{
				"name": "armRight",
				"pivot": [-3, 17.5, 0],
				"rotation": [0, 0, 25],
				"cubes": [
					{"origin": [-5, 8.5, -1], "size": [2, 8, 2], "uv": [54, 86]},
					{"origin": [-5.9, 13.93584, -1.5], "size": [3, 3, 3], "uv": [95, 14]}
				]
			},
			{
				"name": "chestPlateLeft",
				"parent": "armRight",
				"pivot": [0, 0, 0],
				"cubes": [
					{"origin": [-5.5, 8, -1.5], "size": [3, 6, 3], "uv": [81, 27], "inflate": -0.3}
				]
			},
			{
				"name": "bone5",
				"parent": "chestPlateLeft",
				"pivot": [2.71892, 1.26785, 0],
				"rotation": [0, 0, -10],
				"cubes": [
					{"origin": [-5.47881, 16.22402, -2.5], "size": [5, 5, 5], "uv": [108, 12]}
				]
			},
			{
				"name": "_chestPlateLeft",
				"parent": "armRight",
				"pivot": [0, 0, 0],
				"cubes": [
					{"origin": [-5.5, 8, -1.5], "size": [3, 4, 3], "uv": [94, 21], "inflate": -0.1}
				]
			},
			{
				"name": "armLeft",
				"pivot": [3, 17.5, 0],
				"rotation": [0, 0, -25],
				"cubes": [
					{"origin": [2.9, 13.935, -1.5], "size": [3, 3, 3], "uv": [71, 0]},
					{"origin": [3, 8.5, -1], "size": [2, 8, 2], "uv": [69, 81]}
				]
			},
			{
				"name": "_chestPlate",
				"parent": "armLeft",
				"pivot": [0, 0, 0],
				"cubes": [
					{"origin": [2.5, 8, -1.5], "size": [3, 4, 3], "uv": [82, 66], "inflate": -0.1},
					{"origin": [3, 8.5, -1], "size": [2, 2, 2], "uv": [69, 91], "inflate": 0.1}
				]
			},
			{
				"name": "chestPlate",
				"parent": "armLeft",
				"pivot": [0, 0, 0]
			},
			{
				"name": "_chestPlateMiddle",
				"parent": "armLeft",
				"pivot": [0, 0, 0],
				"cubes": [
					{"origin": [2.5, 8, -1.5], "size": [3, 4, 3], "uv": [68, 53], "inflate": -0.1}
				]
			},
			{
				"name": "legRight",
				"pivot": [-2, 9, 0],
				"cubes": [
					{"origin": [-3.499, 0, -1.5], "size": [3, 9, 3], "uv": [36, 0]},
					{"origin": [-3.5, 3, -2], "size": [3, 3, 2], "uv": [95, 29], "inflate": 0.2}
				]
			},
			{
				"name": "legLeft",
				"pivot": [2, 9, 0],
				"cubes": [
					{"origin": [0.499, 0, -1.5], "size": [3, 9, 3], "uv": [0, 0]},
					{"origin": [0.5, 3, -2], "size": [3, 3, 2], "uv": [95, 29], "inflate": 0.2}
				]
			}
		]
	}
}