{
	"pack_name": "{maid_pack.sakura_maid.name}",
	"author": ["玄月桑（B站嚼铝赤城桑）"],
	"description": ["{maid_pack.sakura_maid.desc}"],
	"date": "2020-08-12",
	"icon": "sakura_maid:textures/maid_icon.png",
	"version": "1.0.0",
	"model_list": [
		{
			"model_id": "sakura_maid:minazuki_shigura"
		},
		{
			"model_id": "sakura_maid:akatsuki"
		},
		{
			"model_id": "sakura_maid:ashishio"
		},
		{
			"model_id": "sakura_maid:harushio"
		},
		{
			"model_id": "sakura_maid:hibiki"
		},
		{
			"model_id": "sakura_maid:lemu"
		},
		{
			"model_id": "sakura_maid:lamu"
		},
		{
			"model_id": "sakura_maid:xuanyuesang",
			"description": ["{model.sakura_maid.xuanyuesang.desc}"]
		}
	]
}