{
	"pack_name": "{maid_pack.fate.grand.order.name}",
	"author": ["over_flyer"],
	"description": ["{maid_pack.fate.grand.order.desc}"],
	"date": "2020-7-3",
	"icon": "fate.grand.order:textures/maid_icon.png",
	"version": "1.0.0",
	"model_list": [{
			"model_id": "fate.grand.order:mash.kyrielight"
		},
		{
			"model_id": "fate.grand.order:altria.pendragon"
		},
		{
			"model_id": "fate.grand.order:altria.pendragon_alter"
		},
		{
			"model_id": "fate.grand.order:altria.pendragon_lily"
		},
		{
			"model_id": "fate.grand.order:nero.claudius"
		}
	]
}