{
	"format_version": "1.10.0",
	"geometry.model": {
		"texturewidth": 128,
		"textureheight": 128,
		"visible_bounds_width": 3,
		"visible_bounds_height": 4,
		"visible_bounds_offset": [0, 1, 0],
		"bones": [
			{
				"name": "head",
				"pivot": [0, 18, 0],
				"cubes": [
					{"origin": [-4, 18, -4], "size": [8, 8, 8], "uv": [24, 24]},
					{"origin": [-4, 18, -4], "size": [8, 8, 8], "uv": [0, 16], "inflate": 0.2}
				]
			},
			{
				"name": "blink",
				"parent": "head",
				"pivot": [0, 18, 0],
				"cubes": [
					{"origin": [-4, 18, -4.001], "size": [8, 8, 0], "uv": [46, 52]}
				]
			},
			{
				"name": "hair",
				"parent": "head",
				"pivot": [0, 19.6, 3.9],
				"rotation": [17.5, 0, 0]
			},
			{
				"name": "bone125",
				"parent": "hair",
				"pivot": [3.5, 15.6, 3.4],
				"rotation": [0, 0, -10]
			},
			{
				"name": "bone126",
				"parent": "bone125",
				"pivot": [0, -2.4, -0.1],
				"cubes": [
					{"origin": [3, 13.6, 2.9], "size": [1, 6, 1], "uv": [80, 24]}
				]
			},
			{
				"name": "bone127",
				"parent": "bone125",
				"pivot": [0, -2.4, -0.1],
				"rotation": [0, 0, -30],
				"cubes": [
					{"origin": [10.59808, 6.95641, 2.9], "size": [1, 3, 1], "uv": [56, 31]},
					{"origin": [11.4641, -0.27564, 2.9], "size": [1, 7, 1], "uv": [78, 49]}
				]
			},
			{
				"name": "bone128",
				"parent": "bone125",
				"pivot": [0, -2.4, -0.1],
				"rotation": [0, 0, -60],
				"cubes": [
					{"origin": [14.35641, -0.73013, 2.9], "size": [1, 2, 1], "uv": [68, 31]}
				]
			},
			{
				"name": "bone129",
				"parent": "hair",
				"pivot": [-3.5, 15.6, 3.4],
				"rotation": [0, 0, 10]
			},
			{
				"name": "bone130",
				"parent": "bone129",
				"pivot": [0, -2.4, -0.1],
				"cubes": [
					{"origin": [-4, 13.6, 2.9], "size": [1, 6, 1], "uv": [80, 17]}
				]
			},
			{
				"name": "bone131",
				"parent": "bone129",
				"pivot": [0, -2.4, -0.1],
				"rotation": [0, 0, 30],
				"cubes": [
					{"origin": [-11.59808, 7.95641, 2.9], "size": [1, 2, 1], "uv": [48, 65]},
					{"origin": [-12.4641, -0.27564, 2.9], "size": [1, 7, 1], "uv": [62, 78]}
				]
			},
			{
				"name": "bone132",
				"parent": "bone129",
				"pivot": [0, -2.4, -0.1],
				"rotation": [0, 0, 60],
				"cubes": [
					{"origin": [-15.35641, -0.73013, 2.9], "size": [1, 2, 1], "uv": [0, 65]}
				]
			},
			{
				"name": "bone133",
				"parent": "hair",
				"pivot": [2.5, 15.6, 3.4],
				"rotation": [0, -26, -5]
			},
			{
				"name": "bone134",
				"parent": "bone133",
				"pivot": [-1, -2.4, -0.1],
				"cubes": [
					{"origin": [2, 13.6, 2.9], "size": [1, 6, 1], "uv": [42, 80]}
				]
			},
			{
				"name": "bone135",
				"parent": "bone133",
				"pivot": [-1, -2.4, -0.1],
				"rotation": [0, 0, -30],
				"cubes": [
					{"origin": [9.59808, 7.95641, 2.9], "size": [1, 2, 1], "uv": [64, 36]},
					{"origin": [10.4641, -0.27564, 2.9], "size": [1, 7, 1], "uv": [58, 78]}
				]
			},
			{
				"name": "bone136",
				"parent": "bone133",
				"pivot": [-1, -2.4, -0.1],
				"rotation": [0, 0, -60],
				"cubes": [
					{"origin": [13.35641, -0.73013, 2.9], "size": [1, 2, 1], "uv": [64, 26]}
				]
			},
			{
				"name": "bone137",
				"parent": "hair",
				"pivot": [-2.5, 15.6, 3.4],
				"rotation": [0, 26, 5]
			},
			{
				"name": "bone138",
				"parent": "bone137",
				"pivot": [1, -2.4, -0.1],
				"cubes": [
					{"origin": [-3, 13.6, 2.9], "size": [1, 6, 1], "uv": [38, 80]}
				]
			},
			{
				"name": "bone139",
				"parent": "bone137",
				"pivot": [1, -2.4, -0.1],
				"rotation": [0, 0, 30],
				"cubes": [
					{"origin": [-10.59808, 7.95641, 2.9], "size": [1, 2, 1], "uv": [64, 17]},
					{"origin": [-11.4641, -0.27564, 2.9], "size": [1, 7, 1], "uv": [77, 10]}
				]
			},
			{
				"name": "bone140",
				"parent": "bone137",
				"pivot": [1, -2.4, -0.1],
				"rotation": [0, 0, 60],
				"cubes": [
					{"origin": [-14.35641, -0.73013, 2.9], "size": [1, 2, 1], "uv": [36, 64]}
				]
			},
			{
				"name": "bone141",
				"parent": "hair",
				"pivot": [1.5, 15.6, 3.4],
				"rotation": [0, -52, 0]
			},
			{
				"name": "bone142",
				"parent": "bone141",
				"pivot": [-2, -2.4, -0.1],
				"cubes": [
					{"origin": [1, 13.6, 2.9], "size": [1, 6, 1], "uv": [16, 80]}
				]
			},
			{
				"name": "bone143",
				"parent": "bone141",
				"pivot": [-2, -2.4, -0.1],
				"rotation": [0, 0, -30],
				"cubes": [
					{"origin": [8.59808, 7.95641, 2.9], "size": [1, 2, 1], "uv": [63, 0]},
					{"origin": [9.4641, -0.27564, 2.9], "size": [1, 7, 1], "uv": [34, 77]}
				]
			},
			{
				"name": "bone144",
				"parent": "bone141",
				"pivot": [-2, -2.4, -0.1],
				"rotation": [0, 0, -60],
				"cubes": [
					{"origin": [12.35641, -0.73013, 2.9], "size": [1, 2, 1], "uv": [62, 53]}
				]
			},
			{
				"name": "bone145",
				"parent": "hair",
				"pivot": [-1.5, 15.6, 3.4],
				"rotation": [0, 52, 0]
			},
			{
				"name": "bone146",
				"parent": "bone145",
				"pivot": [2, -2.4, -0.1],
				"cubes": [
					{"origin": [-2, 13.6, 2.9], "size": [1, 6, 1], "uv": [12, 80]}
				]
			},
			{
				"name": "bone147",
				"parent": "bone145",
				"pivot": [2, -2.4, -0.1],
				"rotation": [0, 0, 30],
				"cubes": [
					{"origin": [-9.59808, 7.95641, 2.9], "size": [1, 2, 1], "uv": [24, 62]},
					{"origin": [-10.4641, -0.27564, 2.9], "size": [1, 7, 1], "uv": [30, 77]}
				]
			},
			{
				"name": "bone148",
				"parent": "bone145",
				"pivot": [2, -2.4, -0.1],
				"rotation": [0, 0, 60],
				"cubes": [
					{"origin": [-13.35641, -0.73013, 2.9], "size": [1, 2, 1], "uv": [60, 41]}
				]
			},
			{
				"name": "bone149",
				"parent": "hair",
				"pivot": [0.5, 15.6, 3.4],
				"rotation": [0, -78, 0]
			},
			{
				"name": "bone150",
				"parent": "bone149",
				"pivot": [-3, -2.4, -0.1],
				"cubes": [
					{"origin": [0, 13.6, 2.9], "size": [1, 6, 1], "uv": [16, 55]}
				]
			},
			{
				"name": "bone151",
				"parent": "bone149",
				"pivot": [-3, -2.4, -0.1],
				"rotation": [0, 0, -30],
				"cubes": [
					{"origin": [7.59808, 7.95641, 2.9], "size": [1, 2, 1], "uv": [60, 26]},
					{"origin": [8.4641, -0.27564, 2.9], "size": [1, 7, 1], "uv": [4, 77]}
				]
			},
			{
				"name": "bone152",
				"parent": "bone149",
				"pivot": [-3, -2.4, -0.1],
				"rotation": [0, 0, -60],
				"cubes": [
					{"origin": [11.35641, -0.73013, 2.9], "size": [1, 2, 1], "uv": [54, 60]}
				]
			},
			{
				"name": "bone153",
				"parent": "hair",
				"pivot": [-0.5, 15.6, 3.4],
				"rotation": [0, 78, 0]
			},
			{
				"name": "bone154",
				"parent": "bone153",
				"pivot": [3, -2.4, -0.1],
				"cubes": [
					{"origin": [-1, 13.6, 2.9], "size": [1, 6, 1], "uv": [49, 16]}
				]
			},
			{
				"name": "bone155",
				"parent": "bone153",
				"pivot": [3, -2.4, -0.1],
				"rotation": [0, 0, 30],
				"cubes": [
					{"origin": [-8.59808, 7.95641, 2.9], "size": [1, 2, 1], "uv": [12, 60]},
					{"origin": [-9.4641, -0.27564, 2.9], "size": [1, 7, 1], "uv": [0, 77]}
				]
			},
			{
				"name": "bone156",
				"parent": "bone153",
				"pivot": [3, -2.4, -0.1],
				"rotation": [0, 0, 60],
				"cubes": [
					{"origin": [-12.35641, -0.73013, 2.9], "size": [1, 2, 1], "uv": [0, 60]}
				]
			},
			{
				"name": "bone158",
				"parent": "head",
				"pivot": [0, 18, 0]
			},
			{
				"name": "bone157",
				"parent": "bone158",
				"pivot": [4, 18.25, -3.7],
				"rotation": [-5, 0, -4.5],
				"cubes": [
					{"origin": [3.50048, 15.27173, -4.2019], "size": [1, 8, 1], "uv": [75, 75]},
					{"origin": [3.60038, 17.34146, -3.35476], "size": [1, 6, 1], "uv": [45, 16]}
				]
			},
			{
				"name": "bone159",
				"parent": "bone158",
				"pivot": [-4, 18.25, -3.7],
				"rotation": [-5, 0, 4.5],
				"cubes": [
					{"origin": [-4.50048, 15.27173, -4.2019], "size": [1, 8, 1], "uv": [46, 70]},
					{"origin": [-4.60038, 17.34146, -3.35476], "size": [1, 6, 1], "uv": [32, 8]}
				]
			},
			{
				"name": "bone160",
				"parent": "head",
				"pivot": [4, 25, 0],
				"rotation": [0, 0, -10]
			},
			{
				"name": "bone161",
				"parent": "bone160",
				"pivot": [4.5, 25, 0.5],
				"rotation": [-10, 0, 0],
				"cubes": [
					{"origin": [4, 21.6, 0], "size": [1, 3.4, 1], "uv": [12, 55]}
				]
			},
			{
				"name": "bone162",
				"parent": "bone160",
				"pivot": [4.5, 25, 0.5],
				"rotation": [7.5, 0, -2],
				"cubes": [
					{"origin": [4, 21.6, 0], "size": [1, 3.4, 1], "uv": [0, 55]}
				]
			},
			{
				"name": "bone163",
				"parent": "bone160",
				"pivot": [4.4, 25, 0],
				"rotation": [-22.5, 0, 2]
			},
			{
				"name": "bone164",
				"parent": "bone163",
				"pivot": [4.5, 25, 0],
				"rotation": [0, 0, -7.5],
				"cubes": [
					{"origin": [4, 21.5, -0.5], "size": [1, 4, 1], "uv": [0, 85], "inflate": -0.4}
				]
			},
			{
				"name": "bone166",
				"parent": "bone163",
				"pivot": [4.4, 22, 0],
				"cubes": [
					{"origin": [3.4, 21.5, -0.5], "size": [2, 1, 1], "uv": [54, 41], "inflate": -0.4}
				]
			},
			{
				"name": "bone165",
				"parent": "bone163",
				"pivot": [4.5, 25, 0],
				"rotation": [0, 0, 11.5],
				"cubes": [
					{"origin": [4, 21.5, -0.5], "size": [1, 4, 1], "uv": [84, 57], "inflate": -0.4}
				]
			},
			{
				"name": "bone170",
				"parent": "bone160",
				"pivot": [4.4, 25, 1],
				"rotation": [22.5, 0, -7]
			},
			{
				"name": "bone171",
				"parent": "bone170",
				"pivot": [4.5, 25, 1],
				"rotation": [0, 0, -7.5],
				"cubes": [
					{"origin": [4, 21.5, 0.5], "size": [1, 4, 1], "uv": [84, 36], "inflate": -0.4}
				]
			},
			{
				"name": "bone172",
				"parent": "bone170",
				"pivot": [4.4, 22, 1],
				"cubes": [
					{"origin": [3.4, 21.5, 0.5], "size": [2, 1, 1], "uv": [51, 12], "inflate": -0.4}
				]
			},
			{
				"name": "bone173",
				"parent": "bone170",
				"pivot": [4.5, 25, 1],
				"rotation": [0, 0, 11.5],
				"cubes": [
					{"origin": [4, 21.5, 0.5], "size": [1, 4, 1], "uv": [84, 23], "inflate": -0.4}
				]
			},
			{
				"name": "bone167",
				"parent": "bone160",
				"pivot": [4.46527, 24.85304, 0],
				"rotation": [-18.5, 0, -12]
			},
			{
				"name": "bone168",
				"parent": "bone167",
				"pivot": [4.46527, 22.85304, 0],
				"cubes": [
					{"origin": [3.96527, 20.35304, -0.5], "size": [1, 5, 1], "uv": [45, 0], "inflate": -0.35}
				]
			},
			{
				"name": "bone169",
				"parent": "bone167",
				"pivot": [4.46527, 20.65304, 0],
				"rotation": [12.5, 0, -1],
				"cubes": [
					{"origin": [3.96527, 14.15304, -0.5], "size": [1, 7, 1], "uv": [76, 41], "inflate": -0.35}
				]
			},
			{
				"name": "bone174",
				"parent": "bone160",
				"pivot": [4.46527, 24.85304, 0.8],
				"rotation": [18.5, 0, -14.5]
			},
			{
				"name": "bone175",
				"parent": "bone174",
				"pivot": [4.46527, 22.85304, 0.8],
				"cubes": [
					{"origin": [3.96527, 20.35304, 0.3], "size": [1, 5, 1], "uv": [24, 40], "inflate": -0.35}
				]
			},
			{
				"name": "bone176",
				"parent": "bone174",
				"pivot": [4.46527, 20.65304, 0.8],
				"rotation": [-12.5, 0, -6],
				"cubes": [
					{"origin": [3.96527, 14.15304, 0.3], "size": [1, 7, 1], "uv": [76, 22], "inflate": -0.35}
				]
			},
			{
				"name": "bone177",
				"parent": "head",
				"pivot": [-4, 25, 0],
				"rotation": [0, 0, 10]
			},
			{
				"name": "bone178",
				"parent": "bone177",
				"pivot": [-4.5, 25, 0.5],
				"rotation": [-10, 0, 0],
				"cubes": [
					{"origin": [-5, 21.6, 0], "size": [1, 3.4, 1], "uv": [51, 7]}
				]
			},
			{
				"name": "bone179",
				"parent": "bone177",
				"pivot": [-4.5, 25, 0.5],
				"rotation": [7.5, 0, 2],
				"cubes": [
					{"origin": [-5, 21.6, 0], "size": [1, 3.4, 1], "uv": [48, 26]}
				]
			},
			{
				"name": "bone180",
				"parent": "bone177",
				"pivot": [-4.4, 25, 0],
				"rotation": [-22.5, 0, -2]
			},
			{
				"name": "bone181",
				"parent": "bone180",
				"pivot": [-4.5, 25, 0],
				"rotation": [0, 0, 7.5],
				"cubes": [
					{"origin": [-5, 21.5, -0.5], "size": [1, 4, 1], "uv": [82, 31], "inflate": -0.4}
				]
			},
			{
				"name": "bone182",
				"parent": "bone180",
				"pivot": [-4.4, 22, 0],
				"cubes": [
					{"origin": [-5.4, 21.5, -0.5], "size": [2, 1, 1], "uv": [42, 44], "inflate": -0.4}
				]
			},
			{
				"name": "bone183",
				"parent": "bone180",
				"pivot": [-4.5, 25, 0],
				"rotation": [0, 0, -11.5],
				"cubes": [
					{"origin": [-5, 21.5, -0.5], "size": [1, 4, 1], "uv": [78, 65], "inflate": -0.4}
				]
			},
			{
				"name": "bone184",
				"parent": "bone177",
				"pivot": [-4.4, 25, 1],
				"rotation": [22.5, 0, 7]
			},
			{
				"name": "bone185",
				"parent": "bone184",
				"pivot": [-4.5, 25, 1],
				"rotation": [0, 0, 7.5],
				"cubes": [
					{"origin": [-5, 21.5, 0.5], "size": [1, 4, 1], "uv": [74, 58], "inflate": -0.4}
				]
			},
			{
				"name": "bone186",
				"parent": "bone184",
				"pivot": [-4.4, 22, 1],
				"cubes": [
					{"origin": [-5.4, 21.5, 0.5], "size": [2, 1, 1], "uv": [42, 40], "inflate": -0.4}
				]
			},
			{
				"name": "bone187",
				"parent": "bone184",
				"pivot": [-4.5, 25, 1],
				"rotation": [0, 0, -11.5],
				"cubes": [
					{"origin": [-5, 21.5, 0.5], "size": [1, 4, 1], "uv": [0, 47], "inflate": -0.4}
				]
			},
			{
				"name": "bone188",
				"parent": "bone177",
				"pivot": [-4.46527, 24.85304, 0],
				"rotation": [-18.5, 0, 12]
			},
			{
				"name": "bone189",
				"parent": "bone188",
				"pivot": [-4.46527, 22.85304, 0],
				"cubes": [
					{"origin": [-4.96527, 20.35304, -0.5], "size": [1, 5, 1], "uv": [18, 32], "inflate": -0.35}
				]
			},
			{
				"name": "bone190",
				"parent": "bone188",
				"pivot": [-4.46527, 20.65304, 0],
				"rotation": [12.5, 0, 1],
				"cubes": [
					{"origin": [-4.96527, 14.15304, -0.5], "size": [1, 7, 1], "uv": [70, 76], "inflate": -0.35}
				]
			},
			{
				"name": "bone191",
				"parent": "bone177",
				"pivot": [-4.46527, 24.85304, 0.8],
				"rotation": [18.5, 0, 14.5]
			},
			{
				"name": "bone192",
				"parent": "bone191",
				"pivot": [-4.46527, 22.85304, 0.8],
				"cubes": [
					{"origin": [-4.96527, 20.35304, 0.3], "size": [1, 5, 1], "uv": [0, 32], "inflate": -0.35}
				]
			},
			{
				"name": "bone193",
				"parent": "bone191",
				"pivot": [-4.46527, 20.65304, 0.8],
				"rotation": [-12.5, 0, 6],
				"cubes": [
					{"origin": [-4.96527, 14.15304, 0.3], "size": [1, 7, 1], "uv": [66, 76], "inflate": -0.35}
				]
			},
			{
				"name": "bone194",
				"parent": "head",
				"pivot": [3.5, 23.45, -3.5],
				"rotation": [-2.5, -40, 0]
			},
			{
				"name": "bone195",
				"parent": "bone194",
				"pivot": [3.5, 23.45, -3.6],
				"rotation": [-5, 0, -6],
				"cubes": [
					{"origin": [-0.5, 19.75, -7.4], "size": [8, 8, 8], "uv": [0, 0], "inflate": -2.8}
				]
			},
			{
				"name": "bone198",
				"parent": "bone194",
				"pivot": [3.55, 23.1, -4.6],
				"rotation": [-5, 0, 0]
			},
			{
				"name": "bone197",
				"parent": "bone198",
				"pivot": [3.55, 23.1, -4.6],
				"rotation": [0, 0, 3],
				"cubes": [
					{"origin": [2.95038, 17.59128, -5.1], "size": [1, 6, 1], "uv": [24, 0], "inflate": -0.4},
					{"origin": [2.95038, 18.09128, -5.1], "size": [1, 1, 1], "uv": [48, 40], "inflate": -0.35}
				]
			},
			{
				"name": "bone196",
				"parent": "bone198",
				"pivot": [3.55, 23.2, -4.6],
				"rotation": [0, 0, -1.5],
				"cubes": [
					{"origin": [3.05, 17.7, -5.1], "size": [1, 6, 1], "uv": [24, 16], "inflate": -0.4},
					{"origin": [3.05, 18.3, -5.1], "size": [1, 1, 1], "uv": [37, 50], "inflate": -0.35}
				]
			},
			{
				"name": "armRight",
				"pivot": [-3, 17.5, 0],
				"rotation": [0, 0, 25],
				"cubes": [
					{"origin": [-5, 8.5, -1], "size": [2, 8, 2], "uv": [22, 69]}
				]
			},
			{
				"name": "bone27",
				"parent": "armRight",
				"pivot": [-6.93695, 21.24984, 0]
			},
			{
				"name": "bone28",
				"parent": "bone27",
				"pivot": [-3.93695, 3.74984, 0]
			},
			{
				"name": "bone29",
				"parent": "bone28",
				"pivot": [-3.93695, 3.74984, 1.99758],
				"rotation": [4, 0, 0],
				"cubes": [
					{"origin": [-4.93695, 8.68026, 1.99758], "size": [2, 8, 0], "uv": [8, 80]}
				]
			},
			{
				"name": "bone30",
				"parent": "bone29",
				"pivot": [-4.93695, 3.68026, 1.99758],
				"rotation": [0, 0, 3.99029],
				"cubes": [
					{"origin": [-5.93695, 8.68026, 1.99658], "size": [1, 8, 0], "uv": [84, 15]}
				]
			},
			{
				"name": "bone31",
				"parent": "bone29",
				"pivot": [-2.93695, 3.68026, 1.99758],
				"rotation": [0, 0, -3.99029],
				"cubes": [
					{"origin": [-2.93695, 8.68026, 1.99858], "size": [1, 8, 0], "uv": [76, 84]}
				]
			},
			{
				"name": "bone32",
				"parent": "bone27",
				"pivot": [-3.93695, 3.74984, 0],
				"rotation": [0, -90, 0]
			},
			{
				"name": "bone33",
				"parent": "bone32",
				"pivot": [-3.93695, 3.74984, 1.99758],
				"rotation": [4, 0, 0],
				"cubes": [
					{"origin": [-4.93695, 8.68026, 1.99758], "size": [2, 8, 0], "uv": [79, 71]}
				]
			},
			{
				"name": "bone34",
				"parent": "bone33",
				"pivot": [-4.93695, 3.68026, 1.99758],
				"rotation": [0, 0, 3.99029],
				"cubes": [
					{"origin": [-5.93695, 8.68026, 1.99658], "size": [1, 8, 0], "uv": [74, 84]}
				]
			},
			{
				"name": "bone35",
				"parent": "bone33",
				"pivot": [-2.93695, 3.68026, 1.99758],
				"rotation": [0, 0, -3.99029],
				"cubes": [
					{"origin": [-2.93695, 8.68026, 1.99858], "size": [1, 8, 0], "uv": [72, 84]}
				]
			},
			{
				"name": "bone36",
				"parent": "bone27",
				"pivot": [-3.93695, 3.74984, 0],
				"rotation": [0, -180, 0]
			},
			{
				"name": "bone37",
				"parent": "bone36",
				"pivot": [-3.93695, 3.74984, 1.99758],
				"rotation": [4, 0, 0],
				"cubes": [
					{"origin": [-4.93695, 8.68026, 1.99758], "size": [2, 8, 0], "uv": [79, 0]}
				]
			},
			{
				"name": "bone38",
				"parent": "bone37",
				"pivot": [-4.93695, 3.68026, 1.99758],
				"rotation": [0, 0, 3.99029],
				"cubes": [
					{"origin": [-5.93695, 8.68026, 1.99658], "size": [1, 8, 0], "uv": [70, 84]}
				]
			},
			{
				"name": "bone39",
				"parent": "bone37",
				"pivot": [-2.93695, 3.68026, 1.99758],
				"rotation": [0, 0, -3.99029],
				"cubes": [
					{"origin": [-2.93695, 8.68026, 1.99858], "size": [1, 8, 0], "uv": [68, 84]}
				]
			},
			{
				"name": "bone40",
				"parent": "bone27",
				"pivot": [-3.93695, 3.74984, 0],
				"rotation": [0, -270, 0]
			},
			{
				"name": "bone41",
				"parent": "bone40",
				"pivot": [-3.93695, 3.74984, 1.99758],
				"rotation": [4, 0, 0],
				"cubes": [
					{"origin": [-4.93695, 8.68026, 1.99758], "size": [2, 8, 0], "uv": [79, 79]}
				]
			},
			{
				"name": "bone42",
				"parent": "bone41",
				"pivot": [-4.93695, 3.68026, 1.99758],
				"rotation": [0, 0, 3.99029],
				"cubes": [
					{"origin": [-5.93695, 8.68026, 1.99658], "size": [1, 8, 0], "uv": [66, 84]}
				]
			},
			{
				"name": "bone43",
				"parent": "bone41",
				"pivot": [-2.93695, 3.68026, 1.99758],
				"rotation": [0, 0, -3.99029],
				"cubes": [
					{"origin": [-2.93695, 8.68026, 1.99858], "size": [1, 8, 0], "uv": [83, 73]}
				]
			},
			{
				"name": "bone47",
				"parent": "armRight",
				"pivot": [-4.58197, 9.69956, 0],
				"rotation": [0, 0, -25]
			},
			{
				"name": "bone48",
				"parent": "bone47",
				"pivot": [-4.37479, 1.41414, 0]
			},
			{
				"name": "bone49",
				"parent": "bone48",
				"pivot": [-4.37479, 1.41414, 1.99758],
				"rotation": [4, 0, 0],
				"cubes": [
					{"origin": [-5.37479, 2.34455, 1.99758], "size": [2, 7, 0], "uv": [50, 81]}
				]
			},
			{
				"name": "bone50",
				"parent": "bone49",
				"pivot": [-5.37479, 1.34455, 1.99758],
				"rotation": [0, 0, 3.99029],
				"cubes": [
					{"origin": [-6.37479, 2.34455, 1.99658], "size": [1, 7, 0], "uv": [32, 85]}
				]
			},
			{
				"name": "bone51",
				"parent": "bone49",
				"pivot": [-3.37479, 1.34455, 1.99758],
				"rotation": [0, 0, -3.99029],
				"cubes": [
					{"origin": [-3.37479, 2.34455, 1.99858], "size": [1, 7, 0], "uv": [30, 85]}
				]
			},
			{
				"name": "bone52",
				"parent": "bone47",
				"pivot": [-4.37479, 1.41414, 0],
				"rotation": [0, -90, 0]
			},
			{
				"name": "bone53",
				"parent": "bone52",
				"pivot": [-4.37479, 1.41414, 1.99758],
				"rotation": [4, 0, 0]
			},
			{
				"name": "bone54",
				"parent": "bone53",
				"pivot": [-5.37479, 1.34455, 1.99758],
				"rotation": [0, 0, 3.99029]
			},
			{
				"name": "bone55",
				"parent": "bone53",
				"pivot": [-3.37479, 1.34455, 1.99758],
				"rotation": [0, 0, -3.99029],
				"cubes": [
					{"origin": [-3.37479, 2.34455, 1.99858], "size": [1, 7, 0], "uv": [6, 85]}
				]
			},
			{
				"name": "bone56",
				"parent": "bone47",
				"pivot": [-4.37479, 1.41414, 0],
				"rotation": [0, -180, 0]
			},
			{
				"name": "bone57",
				"parent": "bone56",
				"pivot": [-4.37479, 1.41414, 1.99758],
				"rotation": [4, 0, 0]
			},
			{
				"name": "bone58",
				"parent": "bone57",
				"pivot": [-5.37479, 1.34455, 1.99758],
				"rotation": [0, 0, 3.99029]
			},
			{
				"name": "bone59",
				"parent": "bone57",
				"pivot": [-3.37479, 1.34455, 1.99758],
				"rotation": [0, 0, -3.99029]
			},
			{
				"name": "bone60",
				"parent": "bone47",
				"pivot": [-4.37479, 1.41414, 0],
				"rotation": [0, -270, 0]
			},
			{
				"name": "bone61",
				"parent": "bone60",
				"pivot": [-4.37479, 1.41414, 1.99758],
				"rotation": [4, 0, 0]
			},
			{
				"name": "bone62",
				"parent": "bone61",
				"pivot": [-5.37479, 1.34455, 1.99758],
				"rotation": [0, 0, 3.99029],
				"cubes": [
					{"origin": [-6.37479, 2.34455, 1.99658], "size": [1, 7, 0], "uv": [4, 85]}
				]
			},
			{
				"name": "bone63",
				"parent": "bone61",
				"pivot": [-3.37479, 1.34455, 1.99758],
				"rotation": [0, 0, -3.99029]
			},
			{
				"name": "armLeft",
				"pivot": [3, 17.5, 0],
				"rotation": [0, 0, -25],
				"cubes": [
					{"origin": [3, 8.5, -1], "size": [2, 8, 2], "uv": [58, 68]}
				]
			},
			{
				"name": "bone64",
				"parent": "armLeft",
				"pivot": [6.93695, 21.24984, 0]
			},
			{
				"name": "bone65",
				"parent": "bone64",
				"pivot": [3.93695, 3.74984, 0]
			},
			{
				"name": "bone66",
				"parent": "bone65",
				"pivot": [3.93695, 3.74984, 1.99758],
				"rotation": [4, 0, 0],
				"cubes": [
					{"origin": [2.93695, 8.68026, 1.99758], "size": [2, 8, 0], "uv": [46, 79]}
				]
			},
			{
				"name": "bone67",
				"parent": "bone66",
				"pivot": [4.93695, 3.68026, 1.99758],
				"rotation": [0, 0, -3.99029],
				"cubes": [
					{"origin": [4.93695, 8.68026, 1.99658], "size": [1, 8, 0], "uv": [83, 65]}
				]
			},
			{
				"name": "bone68",
				"parent": "bone66",
				"pivot": [2.93695, 3.68026, 1.99758],
				"rotation": [0, 0, 3.99029],
				"cubes": [
					{"origin": [1.93695, 8.68026, 1.99858], "size": [1, 8, 0], "uv": [83, 0]}
				]
			},
			{
				"name": "bone69",
				"parent": "bone64",
				"pivot": [3.93695, 3.74984, 0],
				"rotation": [0, 90, 0]
			},
			{
				"name": "bone70",
				"parent": "bone69",
				"pivot": [3.93695, 3.74984, 1.99758],
				"rotation": [4, 0, 0],
				"cubes": [
					{"origin": [2.93695, 8.68026, 1.99758], "size": [2, 8, 0], "uv": [26, 79]}
				]
			},
			{
				"name": "bone71",
				"parent": "bone70",
				"pivot": [4.93695, 3.68026, 1.99758],
				"rotation": [0, 0, -3.99029],
				"cubes": [
					{"origin": [4.93695, 8.68026, 1.99658], "size": [1, 8, 0], "uv": [83, 83]}
				]
			},
			{
				"name": "bone72",
				"parent": "bone70",
				"pivot": [2.93695, 3.68026, 1.99758],
				"rotation": [0, 0, 3.99029],
				"cubes": [
					{"origin": [1.93695, 8.68026, 1.99858], "size": [1, 8, 0], "uv": [82, 57]}
				]
			},
			{
				"name": "bone73",
				"parent": "bone64",
				"pivot": [3.93695, 3.74984, 0],
				"rotation": [0, 180, 0]
			},
			{
				"name": "bone74",
				"parent": "bone73",
				"pivot": [3.93695, 3.74984, 1.99758],
				"rotation": [4, 0, 0],
				"cubes": [
					{"origin": [2.93695, 8.68026, 1.99758], "size": [2, 8, 0], "uv": [22, 79]}
				]
			},
			{
				"name": "bone75",
				"parent": "bone74",
				"pivot": [4.93695, 3.68026, 1.99758],
				"rotation": [0, 0, -3.99029],
				"cubes": [
					{"origin": [4.93695, 8.68026, 1.99658], "size": [1, 8, 0], "uv": [20, 80]}
				]
			},
			{
				"name": "bone76",
				"parent": "bone74",
				"pivot": [2.93695, 3.68026, 1.99758],
				"rotation": [0, 0, 3.99029],
				"cubes": [
					{"origin": [1.93695, 8.68026, 1.99858], "size": [1, 8, 0], "uv": [50, 70]}
				]
			},
			{
				"name": "bone77",
				"parent": "bone64",
				"pivot": [3.93695, 3.74984, 0],
				"rotation": [0, 270, 0]
			},
			{
				"name": "bone78",
				"parent": "bone77",
				"pivot": [3.93695, 3.74984, 1.99758],
				"rotation": [4, 0, 0],
				"cubes": [
					{"origin": [2.93695, 8.68026, 1.99758], "size": [2, 8, 0], "uv": [78, 57]}
				]
			},
			{
				"name": "bone79",
				"parent": "bone78",
				"pivot": [4.93695, 3.68026, 1.99758],
				"rotation": [0, 0, -3.99029],
				"cubes": [
					{"origin": [4.93695, 8.68026, 1.99658], "size": [1, 8, 0], "uv": [6, 16]}
				]
			},
			{
				"name": "bone80",
				"parent": "bone78",
				"pivot": [2.93695, 3.68026, 1.99758],
				"rotation": [0, 0, 3.99029],
				"cubes": [
					{"origin": [1.93695, 8.68026, 1.99858], "size": [1, 8, 0], "uv": [6, 0]}
				]
			},
			{
				"name": "bone81",
				"parent": "armLeft",
				"pivot": [4.58197, 9.69956, 0],
				"rotation": [0, 0, 25]
			},
			{
				"name": "bone82",
				"parent": "bone81",
				"pivot": [4.37479, 1.41414, 0]
			},
			{
				"name": "bone83",
				"parent": "bone82",
				"pivot": [4.37479, 1.41414, 1.99758],
				"rotation": [4, 0, 0],
				"cubes": [
					{"origin": [3.37479, 2.34455, 1.99758], "size": [2, 7, 0], "uv": [80, 36]}
				]
			},
			{
				"name": "bone84",
				"parent": "bone83",
				"pivot": [5.37479, 1.34455, 1.99758],
				"rotation": [0, 0, -3.99029],
				"cubes": [
					{"origin": [5.37479, 2.34455, 1.99658], "size": [1, 7, 0], "uv": [20, 55]}
				]
			},
			{
				"name": "bone85",
				"parent": "bone83",
				"pivot": [3.37479, 1.34455, 1.99758],
				"rotation": [0, 0, 3.99029],
				"cubes": [
					{"origin": [2.37479, 2.34455, 1.99858], "size": [1, 7, 0], "uv": [36, 8]}
				]
			},
			{
				"name": "bone86",
				"parent": "bone81",
				"pivot": [4.37479, 1.41414, 0],
				"rotation": [0, 90, 0]
			},
			{
				"name": "bone87",
				"parent": "bone86",
				"pivot": [4.37479, 1.41414, 1.99758],
				"rotation": [4, 0, 0]
			},
			{
				"name": "bone88",
				"parent": "bone87",
				"pivot": [5.37479, 1.34455, 1.99758],
				"rotation": [0, 0, -3.99029]
			},
			{
				"name": "bone89",
				"parent": "bone87",
				"pivot": [3.37479, 1.34455, 1.99758],
				"rotation": [0, 0, 3.99029],
				"cubes": [
					{"origin": [2.37479, 2.34455, 1.99858], "size": [1, 7, 0], "uv": [28, 16]}
				]
			},
			{
				"name": "bone90",
				"parent": "bone81",
				"pivot": [4.37479, 1.41414, 0],
				"rotation": [0, 180, 0]
			},
			{
				"name": "bone91",
				"parent": "bone90",
				"pivot": [4.37479, 1.41414, 1.99758],
				"rotation": [4, 0, 0]
			},
			{
				"name": "bone92",
				"parent": "bone91",
				"pivot": [5.37479, 1.34455, 1.99758],
				"rotation": [0, 0, -3.99029]
			},
			{
				"name": "bone93",
				"parent": "bone91",
				"pivot": [3.37479, 1.34455, 1.99758],
				"rotation": [0, 0, 3.99029]
			},
			{
				"name": "bone94",
				"parent": "bone81",
				"pivot": [4.37479, 1.41414, 0],
				"rotation": [0, 270, 0]
			},
			{
				"name": "bone95",
				"parent": "bone94",
				"pivot": [4.37479, 1.41414, 1.99758],
				"rotation": [4, 0, 0]
			},
			{
				"name": "bone96",
				"parent": "bone95",
				"pivot": [5.37479, 1.34455, 1.99758],
				"rotation": [0, 0, -3.99029],
				"cubes": [
					{"origin": [5.37479, 2.34455, 1.99658], "size": [1, 7, 0], "uv": [28, 0]}
				]
			},
			{
				"name": "bone97",
				"parent": "bone95",
				"pivot": [3.37479, 1.34455, 1.99758],
				"rotation": [0, 0, 3.99029]
			},
			{
				"name": "body",
				"pivot": [0, 10.5, 0],
				"cubes": [
					{"origin": [-3, 8.999, -3], "size": [6, 9, 6], "uv": [0, 32]},
					{"origin": [-3, 11.999, -3], "size": [6, 4, 6], "uv": [24, 40], "inflate": 0.05},
					{"origin": [-3, 10.499, -3], "size": [6, 1, 6], "uv": [45, 0], "inflate": 0.1},
					{"origin": [-3, 12.699, -3], "size": [6, 2, 6], "uv": [42, 44], "inflate": 0.12},
					{"origin": [-3.5, 12.899, -3.5], "size": [7, 1.6, 7], "uv": [24, 16], "inflate": -0.35}
				]
			},
			{
				"name": "sittingRotationSkirt",
				"parent": "body",
				"pivot": [0, 10.5, 0]
			},
			{
				"name": "bone",
				"parent": "sittingRotationSkirt",
				"pivot": [0, 13.6, 0]
			},
			{
				"name": "bone2",
				"parent": "bone",
				"pivot": [0, 3.1, 0]
			},
			{
				"name": "bone3",
				"parent": "bone2",
				"pivot": [0, 3.1, 4.47051],
				"rotation": [10, 0, 0],
				"cubes": [
					{"origin": [-2.5, 6.75782, 4.47051], "size": [5, 5, 0], "uv": [72, 31]}
				]
			},
			{
				"name": "bone4",
				"parent": "bone3",
				"pivot": [-2.5, 2.75782, 4.47051],
				"rotation": [0, 0, 9.85108],
				"cubes": [
					{"origin": [-4.5, 6.75782, 4.46951], "size": [2, 5, 0], "uv": [85, 62]}
				]
			},
			{
				"name": "bone5",
				"parent": "bone3",
				"pivot": [2.5, 2.75782, 4.47051],
				"rotation": [0, 0, -9.85108],
				"cubes": [
					{"origin": [2.5, 6.75782, 4.47151], "size": [2, 5, 0], "uv": [85, 46]}
				]
			},
			{
				"name": "bone6",
				"parent": "bone",
				"pivot": [0, 3.1, 0],
				"rotation": [0, -90, 0]
			},
			{
				"name": "bone7",
				"parent": "bone6",
				"pivot": [0, 3.1, 4.47051],
				"rotation": [10, 0, 0],
				"cubes": [
					{"origin": [-2.5, 6.75782, 4.47051], "size": [5, 5, 0], "uv": [66, 71]}
				]
			},
			{
				"name": "bone8",
				"parent": "bone7",
				"pivot": [-2.5, 2.75782, 4.47051],
				"rotation": [0, 0, 9.85108],
				"cubes": [
					{"origin": [-4.5, 6.75782, 4.46951], "size": [2, 5, 0], "uv": [85, 41]}
				]
			},
			{
				"name": "bone9",
				"parent": "bone7",
				"pivot": [2.5, 2.75782, 4.47051],
				"rotation": [0, 0, -9.85108],
				"cubes": [
					{"origin": [2.5, 6.75782, 4.47151], "size": [2, 5, 0], "uv": [85, 10]}
				]
			},
			{
				"name": "bone10",
				"parent": "bone",
				"pivot": [0, 3.1, 0],
				"rotation": [0, -180, 0]
			},
			{
				"name": "bone11",
				"parent": "bone10",
				"pivot": [0, 3.1, 4.47051],
				"rotation": [10, 0, 0],
				"cubes": [
					{"origin": [-2.5, 6.75782, 4.47051], "size": [5, 5, 0], "uv": [68, 36]}
				]
			},
			{
				"name": "bone12",
				"parent": "bone11",
				"pivot": [-2.5, 2.75782, 4.47051],
				"rotation": [0, 0, 9.85108],
				"cubes": [
					{"origin": [-4.5, 6.75782, 4.46951], "size": [2, 5, 0], "uv": [85, 5]}
				]
			},
			{
				"name": "bone13",
				"parent": "bone11",
				"pivot": [2.5, 2.75782, 4.47051],
				"rotation": [0, 0, -9.85108],
				"cubes": [
					{"origin": [2.5, 6.75782, 4.47151], "size": [2, 5, 0], "uv": [85, 0]}
				]
			},
			{
				"name": "bone14",
				"parent": "bone",
				"pivot": [0, 3.1, 0],
				"rotation": [0, -270, 0]
			},
			{
				"name": "bone15",
				"parent": "bone14",
				"pivot": [0, 3.1, 4.47051],
				"rotation": [10, 0, 0],
				"cubes": [
					{"origin": [-2.5, 6.75782, 4.47051], "size": [5, 5, 0], "uv": [67, 10]}
				]
			},
			{
				"name": "bone16",
				"parent": "bone15",
				"pivot": [-2.5, 2.75782, 4.47051],
				"rotation": [0, 0, 9.85108],
				"cubes": [
					{"origin": [-4.5, 6.75782, 4.46951], "size": [2, 5, 0], "uv": [85, 85]}
				]
			},
			{
				"name": "bone17",
				"parent": "bone15",
				"pivot": [2.5, 2.75782, 4.47051],
				"rotation": [0, 0, -9.85108],
				"cubes": [
					{"origin": [2.5, 6.75782, 4.47151], "size": [2, 5, 0], "uv": [34, 85]}
				]
			},
			{
				"name": "bone18",
				"parent": "body",
				"pivot": [0, 10.5, 0]
			},
			{
				"name": "bone19",
				"parent": "bone18",
				"pivot": [0, 12.75, -3],
				"rotation": [-10, 0, 0],
				"cubes": [
					{"origin": [-2.5, 5.75, -3], "size": [5, 7, 0], "uv": [30, 70]}
				]
			},
			{
				"name": "bone20",
				"parent": "bone18",
				"pivot": [0, 12.72091, 2.98254],
				"rotation": [10, 0, 0],
				"cubes": [
					{"origin": [-2.5, 5.72091, 2.98254], "size": [5, 7, 0], "uv": [0, 70]}
				]
			},
			{
				"name": "bone21",
				"parent": "body",
				"pivot": [0, 10.5, 0]
			},
			{
				"name": "bone22",
				"parent": "bone21",
				"pivot": [1.6, 14.7, -3.1],
				"rotation": [0, 0, 45],
				"cubes": [
					{"origin": [0.02929, 13.27071, -3.09], "size": [3, 3, 0], "uv": [31, 50]}
				]
			},
			{
				"name": "bone23",
				"parent": "bone21",
				"pivot": [-1.65, 14.7, -3.1],
				"rotation": [0, 0, 45],
				"cubes": [
					{"origin": [-3.22071, 13.27071, -3.08], "size": [3, 3, 0], "uv": [16, 50]}
				]
			},
			{
				"name": "bone24",
				"parent": "body",
				"pivot": [0, 10.1, 0]
			},
			{
				"name": "bone25",
				"parent": "bone24",
				"pivot": [-3, 15.1, 0],
				"rotation": [0, 0, 5],
				"cubes": [
					{"origin": [-7, 14.1, -3], "size": [5.3, 2, 6], "uv": [48, 18]},
					{"origin": [-7.5, 15.2, -3.5], "size": [7, 1.4, 7], "uv": [24, 0], "inflate": -0.4}
				]
			},
			{
				"name": "bone26",
				"parent": "bone24",
				"pivot": [3, 15.1, 0],
				"rotation": [0, 0, -5],
				"cubes": [
					{"origin": [1.7, 14.1, -3], "size": [5.3, 2, 6], "uv": [0, 47]},
					{"origin": [0.7, 15.2, -3.5], "size": [6.8, 1.4, 7], "uv": [32, 8], "inflate": -0.4}
				]
			},
			{
				"name": "bone44",
				"parent": "body",
				"pivot": [0, 10.5, 0]
			},
			{
				"name": "bone45",
				"parent": "bone44",
				"pivot": [-0.3, 16.2, -2.59],
				"rotation": [0, 0, 43],
				"cubes": [
					{"origin": [-0.7, 12.7, -3.118], "size": [1, 6.5, 1], "uv": [82, 50]},
					{"origin": [-0.9, 12.7, -3.115], "size": [1, 6.5, 1], "uv": [81, 43]}
				]
			},
			{
				"name": "bone46",
				"parent": "bone44",
				"pivot": [0.2, 16.2, -2.59],
				"rotation": [0, 0, -43],
				"cubes": [
					{"origin": [-0.07314, 12.7682, -3.116], "size": [1, 6.3, 1], "uv": [81, 8]},
					{"origin": [-0.2, 12.7, -3.117], "size": [1, 6.3, 1], "uv": [54, 81]}
				]
			},
			{
				"name": "bone98",
				"parent": "body",
				"pivot": [0, 12.8, 3.4],
				"rotation": [5, 0, 0],
				"cubes": [
					{"origin": [-1.5, 12.81743, 3.20076], "size": [3, 2, 1], "uv": [16, 47], "inflate": 0.1}
				]
			},
			{
				"name": "bone106",
				"parent": "bone98",
				"pivot": [0, 12.8, 3.4],
				"rotation": [0, 10, 5]
			},
			{
				"name": "bone102",
				"parent": "bone106",
				"pivot": [-1.53648, 12.2, 3.24808],
				"rotation": [5, 0, 0]
			},
			{
				"name": "bone103",
				"parent": "bone102",
				"pivot": [-0.3, 12.7, 3.4],
				"rotation": [0, 0, 12.5],
				"cubes": [
					{"origin": [-2.8, 0.2, 3.4], "size": [3, 13, 0], "uv": [52, 68]}
				]
			},
			{
				"name": "bone104",
				"parent": "bone102",
				"pivot": [-0.3, 12.7, 3.4],
				"rotation": [2.5, 0, 17],
				"cubes": [
					{"origin": [-2.8, 3.2, 3.4], "size": [3, 10, 0], "uv": [40, 70]}
				]
			},
			{
				"name": "bone105",
				"parent": "bone102",
				"pivot": [-0.3, 12.7, 3.4],
				"rotation": [4.5, 0, 28.5],
				"cubes": [
					{"origin": [-2.8, 5.2, 3.4], "size": [3, 8, 0], "uv": [0, 16]}
				]
			},
			{
				"name": "bone101",
				"parent": "bone106",
				"pivot": [-0.1, 12.8, -4.6]
			},
			{
				"name": "bone100",
				"parent": "bone101",
				"pivot": [-0.1, 13.8, 3.4],
				"rotation": [0, 0, -9],
				"cubes": [
					{"origin": [-6.1, 12.8, 3.4], "size": [6, 2, 0], "uv": [64, 22]}
				]
			},
			{
				"name": "bone99",
				"parent": "bone101",
				"pivot": [-0.1, 13.8, 3.4],
				"rotation": [0, 0, 10],
				"cubes": [
					{"origin": [-6.1, 12.8, 3.4], "size": [6, 2, 0], "uv": [66, 63]}
				]
			},
			{
				"name": "bone107",
				"parent": "bone98",
				"pivot": [0, 12.8, 3.4],
				"rotation": [0, -10, -5]
			},
			{
				"name": "bone108",
				"parent": "bone107",
				"pivot": [1.53648, 12.2, 3.24808],
				"rotation": [7.5, 0, 0]
			},
			{
				"name": "bone109",
				"parent": "bone108",
				"pivot": [0.3, 12.7, 3.4],
				"rotation": [0, 0, -12.5],
				"cubes": [
					{"origin": [-0.2, 0.2, 3.4], "size": [3, 13, 0], "uv": [16, 67]}
				]
			},
			{
				"name": "bone110",
				"parent": "bone108",
				"pivot": [0.3, 12.7, 3.4],
				"rotation": [2.5, 0, -17],
				"cubes": [
					{"origin": [-0.2, 3.2, 3.4], "size": [3, 10, 0], "uv": [10, 70]}
				]
			},
			{
				"name": "bone111",
				"parent": "bone108",
				"pivot": [0.3, 12.7, 3.4],
				"rotation": [4.5, 0, -28.5],
				"cubes": [
					{"origin": [-0.2, 5.2, 3.4], "size": [3, 8, 0], "uv": [0, 0]}
				]
			},
			{
				"name": "bone112",
				"parent": "bone107",
				"pivot": [0.1, 12.8, -4.6]
			},
			{
				"name": "bone113",
				"parent": "bone112",
				"pivot": [0.1, 13.8, 3.4],
				"rotation": [0, 0, 9],
				"cubes": [
					{"origin": [0.1, 12.8, 3.4], "size": [6, 2, 0], "uv": [60, 46]}
				]
			},
			{
				"name": "bone114",
				"parent": "bone112",
				"pivot": [0.1, 13.8, 3.4],
				"rotation": [0, 0, -10],
				"cubes": [
					{"origin": [0.1, 12.8, 3.4], "size": [6, 2, 0], "uv": [42, 42]}
				]
			},
			{
				"name": "legRight",
				"pivot": [-1.75, 9, 0],
				"cubes": [
					{"origin": [-3.249, 0, -1.5], "size": [3, 9, 3], "uv": [34, 52]}
				]
			},
			{
				"name": "bone115",
				"parent": "legRight",
				"pivot": [-1.75, 9, 0],
				"cubes": [
					{"origin": [-3.75, 2.7, -2], "size": [4, 1.2, 4], "uv": [66, 66], "inflate": -0.4},
					{"origin": [-3.75, 1.2, -2], "size": [4, 1.2, 4], "uv": [36, 65], "inflate": -0.4},
					{"origin": [-3.75, -0.5, -2], "size": [4, 1.6, 4], "uv": [65, 5], "inflate": -0.4}
				]
			},
			{
				"name": "bone116",
				"parent": "legRight",
				"pivot": [-1.75, 2.5, 0],
				"rotation": [0, 0, 27.5],
				"cubes": [
					{"origin": [-3.75, 1.9, -2], "size": [4, 1.2, 4], "uv": [0, 65], "inflate": -0.4},
					{"origin": [-3.10355, 0.65818, -2], "size": [4, 1.2, 4], "uv": [24, 64], "inflate": -0.4}
				]
			},
			{
				"name": "bone117",
				"parent": "legRight",
				"pivot": [-1.85, 2.5, 0],
				"rotation": [0, 0, -27.5],
				"cubes": [
					{"origin": [-3.7613, 1.85383, -2], "size": [4, 1.2, 4], "uv": [64, 26], "inflate": -0.4},
					{"origin": [-4.40775, 0.61201, -2], "size": [4, 1.2, 4], "uv": [64, 17], "inflate": -0.4}
				]
			},
			{
				"name": "bone118",
				"parent": "legRight",
				"pivot": [-1.85, 1.1, 0],
				"rotation": [-27.5, 0, 0],
				"cubes": [
					{"origin": [-3.7613, 0.45383, -2], "size": [4, 1.2, 4], "uv": [63, 0], "inflate": -0.4},
					{"origin": [-3.7613, 1.78434, -2.69262], "size": [4, 1.2, 4], "uv": [54, 63], "inflate": -0.4}
				]
			},
			{
				"name": "bone119",
				"parent": "legRight",
				"pivot": [-1.7613, 2.58434, 0.00738],
				"rotation": [27.5, 0, 0],
				"cubes": [
					{"origin": [-3.7613, 1.98434, -1.99262], "size": [4, 1.2, 4], "uv": [62, 53], "inflate": -0.4},
					{"origin": [-3.7613, 0.65383, -2.68525], "size": [4, 1.2, 4], "uv": [62, 48], "inflate": -0.4}
				]
			},
			{
				"name": "legLeft",
				"pivot": [1.75, 9, 0],
				"cubes": [
					{"origin": [0.249, 0, -1.5], "size": [3, 9, 3], "uv": [22, 50]}
				]
			},
			{
				"name": "bone120",
				"parent": "legLeft",
				"pivot": [1.75, 9, 0],
				"cubes": [
					{"origin": [-0.25, 2.7, -2], "size": [4, 1.2, 4], "uv": [12, 62], "inflate": -0.4},
					{"origin": [-0.25, 1.2, -2], "size": [4, 1.2, 4], "uv": [60, 41], "inflate": -0.4},
					{"origin": [-0.25, -0.5, -2], "size": [4, 1.6, 4], "uv": [42, 60], "inflate": -0.4}
				]
			},
			{
				"name": "bone121",
				"parent": "legLeft",
				"pivot": [1.75, 2.5, 0],
				"rotation": [0, 0, -27.5],
				"cubes": [
					{"origin": [-0.25, 1.9, -2], "size": [4, 1.2, 4], "uv": [0, 60], "inflate": -0.4},
					{"origin": [-0.89645, 0.65818, -2], "size": [4, 1.2, 4], "uv": [58, 58], "inflate": -0.4}
				]
			},
			{
				"name": "bone122",
				"parent": "legLeft",
				"pivot": [1.85, 2.5, 0],
				"rotation": [0, 0, 27.5],
				"cubes": [
					{"origin": [-0.2387, 1.85383, -2], "size": [4, 1.2, 4], "uv": [56, 31], "inflate": -0.4},
					{"origin": [0.40775, 0.61201, -2], "size": [4, 1.2, 4], "uv": [0, 55], "inflate": -0.4}
				]
			},
			{
				"name": "bone123",
				"parent": "legLeft",
				"pivot": [1.85, 1.1, 0],
				"rotation": [-27.5, 0, 0],
				"cubes": [
					{"origin": [-0.2387, 0.45383, -2], "size": [4, 1.2, 4], "uv": [54, 12], "inflate": -0.4},
					{"origin": [-0.2387, 1.78434, -2.69262], "size": [4, 1.2, 4], "uv": [52, 36], "inflate": -0.4}
				]
			},
			{
				"name": "bone124",
				"parent": "legLeft",
				"pivot": [1.7613, 2.58434, 0.00738],
				"rotation": [27.5, 0, 0],
				"cubes": [
					{"origin": [-0.2387, 1.98434, -1.99262], "size": [4, 1.2, 4], "uv": [51, 7], "inflate": -0.4},
					{"origin": [-0.2387, 0.65383, -2.68525], "size": [4, 1.2, 4], "uv": [48, 26], "inflate": -0.4}
				]
			}
		]
	}
}