{
	"format_version": "1.10.0",
	"geometry.model": {
		"texturewidth": 128,
		"textureheight": 128,
		"visible_bounds_width": 3,
		"visible_bounds_height": 4,
		"visible_bounds_offset": [0, 1, 0],
		"bones": [
			{
				"name": "head",
				"pivot": [0, 18, 0],
				"cubes": [
					{"origin": [-4, 18, -4], "size": [8, 8, 8], "uv": [56, 56]},
					{"origin": [-4, 18, -4], "size": [8, 8, 8], "uv": [48, 0], "inflate": 0.2},
					{"origin": [-8, 16.25, -8], "size": [16, 16, 16], "uv": [0, 0], "inflate": -3.7}
				]
			},
			{
				"name": "blink",
				"parent": "head",
				"pivot": [0, 18, 0],
				"cubes": [
					{"origin": [-4, 18, -4.001], "size": [8, 8, 0], "uv": [24, 32]}
				]
			},
			{
				"name": "bone41",
				"parent": "head",
				"pivot": [0, 18, 0]
			},
			{
				"name": "bone42",
				"parent": "bone41",
				"pivot": [-4.2, 25.9, 0],
				"rotation": [0, 0, 22.5]
			},
			{
				"name": "bone46",
				"parent": "bone42",
				"pivot": [-3.50767, 24.87497, 0],
				"cubes": [
					{"origin": [-4.50767, 24.87497, 0], "size": [2, 1, 1], "uv": [6, 14], "inflate": 0.1}
				]
			},
			{
				"name": "bone63",
				"parent": "bone42",
				"pivot": [-3.34143, 27.20887, 0.71352],
				"rotation": [32.5, -7.5, -45],
				"cubes": [
					{"origin": [-7.26555, 23.37007, -3.19563], "size": [8, 8, 8], "uv": [32, 32], "inflate": -2.2}
				]
			},
			{
				"name": "bone103",
				"parent": "bone42",
				"pivot": [-3.94141, 24.49176, 0],
				"rotation": [0, 0, 15]
			},
			{
				"name": "bone104",
				"parent": "bone103",
				"pivot": [-4.07692, 25.79368, 0],
				"rotation": [0, 0, -22.5]
			},
			{
				"name": "bone105",
				"parent": "bone104",
				"pivot": [-4.06555, 25.54318, 0.48911],
				"rotation": [2.5, -2.5, 3.5],
				"cubes": [
					{"origin": [-4.56555, 20.54318, -0.01089], "size": [1, 5, 1], "uv": [88, 35]}
				]
			},
			{
				"name": "bone106",
				"parent": "bone104",
				"pivot": [-4.07692, 25.29368, 0.5],
				"cubes": [
					{"origin": [-4.57692, 20.29368, 0], "size": [1, 5, 1], "uv": [88, 48]}
				]
			},
			{
				"name": "bone107",
				"parent": "bone104",
				"pivot": [-4.07692, 25.29368, 0.5],
				"rotation": [-2.5, 2.5, 2.5],
				"cubes": [
					{"origin": [-4.57692, 20.79368, 0], "size": [1, 5, 1], "uv": [88, 61]}
				]
			},
			{
				"name": "bone108",
				"parent": "bone103",
				"pivot": [-2.20192, 20.91068, 0],
				"rotation": [0, 0, -5]
			},
			{
				"name": "bone43",
				"parent": "bone108",
				"pivot": [-2.07156, 24.84527, 0.5],
				"rotation": [-2.5, 2.5, 2.5],
				"cubes": [
					{"origin": [-2.57156, 13.34527, 0], "size": [1, 8, 1], "uv": [88, 61]}
				]
			},
			{
				"name": "bone44",
				"parent": "bone108",
				"pivot": [-2.07156, 24.84527, 0.5],
				"cubes": [
					{"origin": [-2.57156, 12.84527, 0], "size": [1, 8, 1], "uv": [88, 48]}
				]
			},
			{
				"name": "bone45",
				"parent": "bone108",
				"pivot": [-2.06019, 25.09477, 0.48911],
				"rotation": [2.5, -2.5, 3.5],
				"cubes": [
					{"origin": [-2.56019, 13.09477, -0.01089], "size": [1, 8, 1], "uv": [88, 35]}
				]
			},
			{
				"name": "bone47",
				"parent": "head",
				"pivot": [0, 18, 0]
			},
			{
				"name": "bone48",
				"parent": "bone47",
				"pivot": [4.2, 25.9, 0],
				"rotation": [0, 0, -22.5]
			},
			{
				"name": "bone49",
				"parent": "bone48",
				"pivot": [3.50767, 24.87497, 0],
				"cubes": [
					{"origin": [2.50767, 24.87497, 0], "size": [2, 1, 1], "uv": [6, 14], "inflate": 0.1, "mirror": true}
				]
			},
			{
				"name": "bone50",
				"parent": "bone48",
				"pivot": [3.34143, 27.20887, 0.71352],
				"rotation": [32.5, 7.5, 45],
				"cubes": [
					{"origin": [-0.73445, 23.37007, -3.19563], "size": [8, 8, 8], "uv": [32, 32], "inflate": -2.2, "mirror": true}
				]
			},
			{
				"name": "bone51",
				"parent": "bone48",
				"pivot": [3.94141, 24.49176, 0],
				"rotation": [0, 0, -15]
			},
			{
				"name": "bone64",
				"parent": "bone51",
				"pivot": [4.07692, 25.79368, 0],
				"rotation": [0, 0, 22.5]
			},
			{
				"name": "bone109",
				"parent": "bone64",
				"pivot": [4.06555, 25.54318, 0.48911],
				"rotation": [2.5, 2.5, -3.5],
				"cubes": [
					{"origin": [3.56555, 20.54318, -0.01089], "size": [1, 5, 1], "uv": [88, 35], "mirror": true}
				]
			},
			{
				"name": "bone110",
				"parent": "bone64",
				"pivot": [4.07692, 25.29368, 0.5],
				"cubes": [
					{"origin": [3.57692, 20.29368, 0], "size": [1, 5, 1], "uv": [88, 48], "mirror": true}
				]
			},
			{
				"name": "bone111",
				"parent": "bone64",
				"pivot": [4.07692, 25.29368, 0.5],
				"rotation": [-2.5, -2.5, -2.5],
				"cubes": [
					{"origin": [3.57692, 20.79368, 0], "size": [1, 5, 1], "uv": [88, 61], "mirror": true}
				]
			},
			{
				"name": "bone112",
				"parent": "bone51",
				"pivot": [2.20192, 20.91068, 0],
				"rotation": [0, 0, 5]
			},
			{
				"name": "bone113",
				"parent": "bone112",
				"pivot": [2.07156, 24.84527, 0.5],
				"rotation": [-2.5, -2.5, -2.5],
				"cubes": [
					{"origin": [1.57156, 13.34527, 0], "size": [1, 8, 1], "uv": [88, 61], "mirror": true}
				]
			},
			{
				"name": "bone114",
				"parent": "bone112",
				"pivot": [2.07156, 24.84527, 0.5],
				"cubes": [
					{"origin": [1.57156, 12.84527, 0], "size": [1, 8, 1], "uv": [88, 48], "mirror": true}
				]
			},
			{
				"name": "bone115",
				"parent": "bone112",
				"pivot": [2.06019, 25.09477, 0.48911],
				"rotation": [2.5, 2.5, -3.5],
				"cubes": [
					{"origin": [1.56019, 13.09477, -0.01089], "size": [1, 8, 1], "uv": [88, 35], "mirror": true}
				]
			},
			{
				"name": "bone55",
				"parent": "head",
				"pivot": [-0.1, 18, 0]
			},
			{
				"name": "bone52",
				"parent": "bone55",
				"pivot": [-4.1, 24.2, -2.4],
				"rotation": [0, 0, 7.5]
			},
			{
				"name": "bone53",
				"parent": "bone52",
				"pivot": [-4.3, 24.2, -2.75],
				"rotation": [-2.5, 0, 0],
				"cubes": [
					{"origin": [-4.3, 16.2, -3.25], "size": [0, 8, 1], "uv": [6, 47]}
				]
			},
			{
				"name": "bone54",
				"parent": "bone52",
				"pivot": [-4.3, 24.2, -2.5],
				"rotation": [5, 0, 2.5],
				"cubes": [
					{"origin": [-4.29128, 16.00095, -3.01741], "size": [0, 8, 1], "uv": [4, 47]}
				]
			},
			{
				"name": "bone56",
				"parent": "bone52",
				"pivot": [-4.1, 24.2, -2.4],
				"cubes": [
					{"origin": [-4.6, 23.6, -3.1], "size": [1, 1, 1], "uv": [64, 16]}
				]
			},
			{
				"name": "bone57",
				"parent": "bone52",
				"pivot": [-4.1, 24.2, -2.4],
				"cubes": [
					{"origin": [-7.8, 20.9, -6.6], "size": [8, 8, 8], "uv": [32, 48], "inflate": -3.3}
				]
			},
			{
				"name": "bone58",
				"parent": "bone55",
				"pivot": [4.1, 24.2, -2.4],
				"rotation": [0, 0, -7.5]
			},
			{
				"name": "bone59",
				"parent": "bone58",
				"pivot": [4.3, 24.2, -2.75],
				"rotation": [-2.5, 0, 0],
				"cubes": [
					{"origin": [4.3, 16.2, -3.25], "size": [0, 8, 1], "uv": [2, 47]}
				]
			},
			{
				"name": "bone60",
				"parent": "bone58",
				"pivot": [4.3, 24.2, -2.5],
				"rotation": [5, 0, -2.5],
				"cubes": [
					{"origin": [4.29128, 16.00095, -3.01741], "size": [0, 8, 1], "uv": [0, 47]}
				]
			},
			{
				"name": "bone61",
				"parent": "bone58",
				"pivot": [4.1, 24.2, -2.4],
				"cubes": [
					{"origin": [3.6, 23.6, -3.1], "size": [1, 1, 1], "uv": [50, 64]}
				]
			},
			{
				"name": "bone62",
				"parent": "bone58",
				"pivot": [4.1, 24.2, -2.4],
				"cubes": [
					{"origin": [-0.2, 20.9, -6.6], "size": [8, 8, 8], "uv": [0, 48], "inflate": -3.3}
				]
			},
			{
				"name": "armLeft",
				"pivot": [3, 17.5, 0],
				"rotation": [0, 0, -25],
				"cubes": [
					{"origin": [3, 8.5, -1], "size": [2, 8, 2], "uv": [82, 12]}
				]
			},
			{
				"name": "bone38",
				"parent": "armLeft",
				"pivot": [4, 17.5, 0],
				"rotation": [-10, 0, 0],
				"cubes": [
					{"origin": [2.5, 8.5, -1.5], "size": [3, 9, 3], "uv": [76, 31], "inflate": 0.01}
				]
			},
			{
				"name": "bone39",
				"parent": "armLeft",
				"pivot": [4, 17.5, 0],
				"rotation": [9, 0, 0],
				"cubes": [
					{"origin": [2.5, 8.5, -1.5], "size": [3, 9, 3], "uv": [72, 72]}
				]
			},
			{
				"name": "bone40",
				"parent": "armLeft",
				"pivot": [4, 17.5, 0],
				"rotation": [28, 0, 0],
				"cubes": [
					{"origin": [2.5, 8.5, -1.5], "size": [3, 9, 3], "uv": [60, 72], "inflate": -0.01}
				]
			},
			{
				"name": "bone88",
				"parent": "armLeft",
				"pivot": [3.9, 10.2, 5.3]
			},
			{
				"name": "bone89",
				"parent": "bone88",
				"pivot": [4.018, 10.29404, 5.3],
				"rotation": [0, 0, -5],
				"cubes": [
					{"origin": [3.518, 7.59404, 4.8], "size": [1, 3, 1], "uv": [56, 36], "inflate": -0.3}
				]
			},
			{
				"name": "bone90",
				"parent": "bone88",
				"pivot": [3.718, 10.29404, 5.3],
				"rotation": [0, 0, 5],
				"cubes": [
					{"origin": [3.218, 7.59404, 4.8], "size": [1, 3, 1], "uv": [56, 32], "inflate": -0.3}
				]
			},
			{
				"name": "armRight",
				"pivot": [-3, 17.5, 0],
				"rotation": [0, 0, 25],
				"cubes": [
					{"origin": [-5, 8.5, -1], "size": [2, 8, 2], "uv": [82, 82]}
				]
			},
			{
				"name": "bone35",
				"parent": "armRight",
				"pivot": [-4, 17.5, 0],
				"rotation": [-10, 0, 0],
				"cubes": [
					{"origin": [-5.5, 8.5, -1.5], "size": [3, 9, 3], "uv": [48, 72], "inflate": 0.001}
				]
			},
			{
				"name": "bone36",
				"parent": "armRight",
				"pivot": [-4, 17.5, 0],
				"rotation": [9, 0, 0],
				"cubes": [
					{"origin": [-5.5, 8.5, -1.5], "size": [3, 9, 3], "uv": [64, 43]}
				]
			},
			{
				"name": "bone37",
				"parent": "armRight",
				"pivot": [-4, 17.5, 0],
				"rotation": [28, 0, 0],
				"cubes": [
					{"origin": [-5.5, 8.5, -1.5], "size": [3, 9, 3], "uv": [64, 31], "inflate": -0.01}
				]
			},
			{
				"name": "bone91",
				"parent": "armRight",
				"pivot": [-3.9, 10.2, 5.3]
			},
			{
				"name": "bone92",
				"parent": "bone91",
				"pivot": [-4.018, 10.29404, 5.3],
				"rotation": [0, 0, 5],
				"cubes": [
					{"origin": [-4.518, 7.59404, 4.8], "size": [1, 3, 1], "uv": [52, 0], "inflate": -0.3}
				]
			},
			{
				"name": "bone93",
				"parent": "bone91",
				"pivot": [-3.718, 10.29404, 5.3],
				"rotation": [0, 0, -5],
				"cubes": [
					{"origin": [-4.218, 7.59404, 4.8], "size": [1, 3, 1], "uv": [51, 4], "inflate": -0.3}
				]
			},
			{
				"name": "body",
				"pivot": [0, 10.5, 0],
				"cubes": [
					{"origin": [-3, 9.399, -3], "size": [6, 9, 6], "uv": [64, 16]},
					{"origin": [-3, 8.999, -3], "size": [6, 9, 6], "uv": [0, 64], "inflate": 0.1},
					{"origin": [-3, 8.999, -3], "size": [6, 9, 6], "uv": [24, 64], "inflate": -0.1}
				]
			},
			{
				"name": "skirt",
				"parent": "body",
				"pivot": [0, 12, 0]
			},
			{
				"name": "bone",
				"parent": "skirt",
				"pivot": [0, 12, 0]
			},
			{
				"name": "bone2",
				"parent": "bone",
				"pivot": [0, 1.5, 0]
			},
			{
				"name": "bone3",
				"parent": "bone2",
				"pivot": [0, 1.5, 4.98091],
				"rotation": [8, 0, 0],
				"cubes": [
					{"origin": [-3, 2.22431, 4.98091], "size": [6, 14, 0], "uv": [0, 0]}
				]
			},
			{
				"name": "bone4",
				"parent": "bone3",
				"pivot": [-3, 1.22431, 4.98091],
				"rotation": [0, 0, 7.92314],
				"cubes": [
					{"origin": [-5, 2.22431, 4.97991], "size": [2, 14, 0], "uv": [64, 84]}
				]
			},
			{
				"name": "bone5",
				"parent": "bone3",
				"pivot": [3, 1.22431, 4.98091],
				"rotation": [0, 0, -7.92314],
				"cubes": [
					{"origin": [3, 2.22431, 4.98191], "size": [2, 14, 0], "uv": [60, 84]}
				]
			},
			{
				"name": "bone6",
				"parent": "bone",
				"pivot": [0, 1.5, 0],
				"rotation": [0, -90, 0]
			},
			{
				"name": "bone7",
				"parent": "bone6",
				"pivot": [0, 1.5, 4.98091],
				"rotation": [8, 0, 0]
			},
			{
				"name": "bone8",
				"parent": "bone7",
				"pivot": [-3, 1.22431, 4.98091],
				"rotation": [0, 0, 7.92314]
			},
			{
				"name": "bone9",
				"parent": "bone7",
				"pivot": [3, 1.22431, 4.98091],
				"rotation": [0, 0, -7.92314],
				"cubes": [
					{"origin": [3, 2.22431, 4.98191], "size": [2, 14, 0], "uv": [56, 84]}
				]
			},
			{
				"name": "bone10",
				"parent": "bone",
				"pivot": [0, 1.5, 0],
				"rotation": [0, -180, 0]
			},
			{
				"name": "bone11",
				"parent": "bone10",
				"pivot": [0, 1.5, 4.98091],
				"rotation": [8, 0, 0],
				"cubes": [
					{"origin": [1, 3.22431, 4.98091], "size": [2, 13, 0], "uv": [0, 91]},
					{"origin": [-3, 3.22431, 4.98091], "size": [2, 13, 0], "uv": [68, 84]},
					{"origin": [-1.3, 2.92431, 4.28091], "size": [1, 13, 1], "uv": [48, 84], "inflate": -0.3},
					{"origin": [0.3, 2.92431, 4.28091], "size": [1, 13, 1], "uv": [12, 0], "inflate": -0.3}
				]
			},
			{
				"name": "bone12",
				"parent": "bone11",
				"pivot": [-3, 1.22431, 4.98091],
				"rotation": [0, 0, 7.92314],
				"cubes": [
					{"origin": [-5, 3.22431, 4.97991], "size": [2, 13, 0], "uv": [90, 74]}
				]
			},
			{
				"name": "bone13",
				"parent": "bone11",
				"pivot": [3, 1.22431, 4.98091],
				"rotation": [0, 0, -7.92314],
				"cubes": [
					{"origin": [3, 3.22431, 4.98191], "size": [2, 13, 0], "uv": [90, 90]}
				]
			},
			{
				"name": "bone14",
				"parent": "bone",
				"pivot": [0, 1.5, 0],
				"rotation": [0, -270, 0]
			},
			{
				"name": "bone15",
				"parent": "bone14",
				"pivot": [0, 1.5, 4.98091],
				"rotation": [8, 0, 0]
			},
			{
				"name": "bone16",
				"parent": "bone15",
				"pivot": [-3, 1.22431, 4.98091],
				"rotation": [0, 0, 7.92314],
				"cubes": [
					{"origin": [-5, 2.22431, 4.97991], "size": [2, 14, 0], "uv": [52, 84]}
				]
			},
			{
				"name": "bone17",
				"parent": "bone15",
				"pivot": [3, 1.22431, 4.98091],
				"rotation": [0, 0, -7.92314]
			},
			{
				"name": "bone18",
				"parent": "skirt",
				"pivot": [0, 12, 0]
			},
			{
				"name": "bone19",
				"parent": "bone18",
				"pivot": [0, 1.5, 0]
			},
			{
				"name": "bone20",
				"parent": "bone19",
				"pivot": [0, 1.5, 4.97051],
				"rotation": [10, 0, 0],
				"cubes": [
					{"origin": [-3, 1.15782, 4.97051], "size": [6, 12, 0], "uv": [24, 79]}
				]
			},
			{
				"name": "bone21",
				"parent": "bone20",
				"pivot": [-3, 1.15782, 4.97051],
				"rotation": [0, 0, 9.85108],
				"cubes": [
					{"origin": [-5, 1.15782, 4.96951], "size": [2, 12, 0], "uv": [32, 91]}
				]
			},
			{
				"name": "bone22",
				"parent": "bone20",
				"pivot": [3, 1.15782, 4.97051],
				"rotation": [0, 0, -9.85108],
				"cubes": [
					{"origin": [3, 1.15782, 4.97151], "size": [2, 12, 0], "uv": [28, 91]}
				]
			},
			{
				"name": "bone23",
				"parent": "bone18",
				"pivot": [0, 1.5, 0],
				"rotation": [0, -90, 0]
			},
			{
				"name": "bone24",
				"parent": "bone23",
				"pivot": [0, 1.5, 4.97051],
				"rotation": [10, 0, 0],
				"cubes": [
					{"origin": [-3, 1.15782, 4.97051], "size": [6, 12, 0], "uv": [12, 79]}
				]
			},
			{
				"name": "bone25",
				"parent": "bone24",
				"pivot": [-3, 1.15782, 4.97051],
				"rotation": [0, 0, 9.85108],
				"cubes": [
					{"origin": [-5, 1.15782, 4.96951], "size": [2, 12, 0], "uv": [24, 91]}
				]
			},
			{
				"name": "bone26",
				"parent": "bone24",
				"pivot": [3, 1.15782, 4.97051],
				"rotation": [0, 0, -9.85108],
				"cubes": [
					{"origin": [3, 1.15782, 4.97151], "size": [2, 12, 0], "uv": [20, 91]}
				]
			},
			{
				"name": "bone27",
				"parent": "bone18",
				"pivot": [0, 1.5, 0],
				"rotation": [0, -180, 0]
			},
			{
				"name": "bone28",
				"parent": "bone27",
				"pivot": [0, 1.5, 4.97051],
				"rotation": [10, 0, 0],
				"cubes": [
					{"origin": [-3, 1.15782, 4.97051], "size": [6, 12, 0], "uv": [0, 79]}
				]
			},
			{
				"name": "bone29",
				"parent": "bone28",
				"pivot": [-3, 1.15782, 4.97051],
				"rotation": [0, 0, 9.85108],
				"cubes": [
					{"origin": [-5, 1.15782, 4.96951], "size": [2, 12, 0], "uv": [16, 91]}
				]
			},
			{
				"name": "bone30",
				"parent": "bone28",
				"pivot": [3, 1.15782, 4.97051],
				"rotation": [0, 0, -9.85108],
				"cubes": [
					{"origin": [3, 1.15782, 4.97151], "size": [2, 12, 0], "uv": [12, 91]}
				]
			},
			{
				"name": "bone31",
				"parent": "bone18",
				"pivot": [0, 1.5, 0],
				"rotation": [0, -270, 0]
			},
			{
				"name": "bone32",
				"parent": "bone31",
				"pivot": [0, 1.5, 4.97051],
				"rotation": [10, 0, 0],
				"cubes": [
					{"origin": [-3, 1.15782, 4.97051], "size": [6, 12, 0], "uv": [76, 43]}
				]
			},
			{
				"name": "bone33",
				"parent": "bone32",
				"pivot": [-3, 1.15782, 4.97051],
				"rotation": [0, 0, 9.85108],
				"cubes": [
					{"origin": [-5, 1.15782, 4.96951], "size": [2, 12, 0], "uv": [8, 91]}
				]
			},
			{
				"name": "bone34",
				"parent": "bone32",
				"pivot": [3, 1.15782, 4.97051],
				"rotation": [0, 0, -9.85108],
				"cubes": [
					{"origin": [3, 1.15782, 4.97151], "size": [2, 12, 0], "uv": [4, 91]}
				]
			},
			{
				"name": "bone71",
				"parent": "skirt",
				"pivot": [0, 10.5, 0]
			},
			{
				"name": "bone65",
				"parent": "bone71",
				"pivot": [-0.1, 13.2, -3],
				"rotation": [-12.5, 0, 5]
			},
			{
				"name": "bone66",
				"parent": "bone65",
				"pivot": [0.4, 12.7, 7.5],
				"cubes": [
					{"origin": [-0.6, 6.7, -3.5], "size": [1, 7, 1], "uv": [4, 32], "inflate": -0.4}
				]
			},
			{
				"name": "bone67",
				"parent": "bone65",
				"pivot": [0.4, 12.7, 7.5],
				"cubes": [
					{"origin": [-0.6, 6.7, -3.5], "size": [1, 1, 1], "uv": [46, 64], "inflate": -0.3}
				]
			},
			{
				"name": "bone68",
				"parent": "bone65",
				"pivot": [0.4, 11.7, 7.5]
			},
			{
				"name": "bone69",
				"parent": "bone68",
				"pivot": [-0.1, 7.1, -3],
				"rotation": [0, 0, 7.5],
				"cubes": [
					{"origin": [-0.6, 5.7, -3.5], "size": [1, 2, 1], "uv": [42, 64], "inflate": -0.35}
				]
			},
			{
				"name": "bone70",
				"parent": "bone68",
				"pivot": [-0.1, 7.1, -3],
				"rotation": [0, 0, -7.5],
				"cubes": [
					{"origin": [-0.6, 5.7, -3.5], "size": [1, 2, 1], "uv": [26, 64], "inflate": -0.35}
				]
			},
			{
				"name": "bone72",
				"parent": "bone71",
				"pivot": [0.1, 13.2, -3],
				"rotation": [-12.5, 0, -5]
			},
			{
				"name": "bone73",
				"parent": "bone72",
				"pivot": [-0.4, 12.7, 7.5],
				"cubes": [
					{"origin": [-0.4, 6.7, -3.5], "size": [1, 7, 1], "uv": [0, 32], "inflate": -0.4}
				]
			},
			{
				"name": "bone74",
				"parent": "bone72",
				"pivot": [-0.4, 12.7, 7.5],
				"cubes": [
					{"origin": [-0.4, 6.7, -3.5], "size": [1, 1, 1], "uv": [63, 31], "inflate": -0.3}
				]
			},
			{
				"name": "bone75",
				"parent": "bone72",
				"pivot": [-0.4, 11.7, 7.5]
			},
			{
				"name": "bone76",
				"parent": "bone75",
				"pivot": [0.1, 7.1, -3],
				"rotation": [0, 0, -7.5],
				"cubes": [
					{"origin": [-0.4, 5.7, -3.5], "size": [1, 2, 1], "uv": [22, 64], "inflate": -0.35}
				]
			},
			{
				"name": "bone77",
				"parent": "bone75",
				"pivot": [0.1, 7.1, -3],
				"rotation": [0, 0, 7.5],
				"cubes": [
					{"origin": [-0.4, 5.7, -3.5], "size": [1, 2, 1], "uv": [18, 64], "inflate": -0.35}
				]
			},
			{
				"name": "bone78",
				"parent": "bone71",
				"pivot": [-0.9, 14.7, -3.2],
				"rotation": [-5, 0, 0]
			},
			{
				"name": "bone79",
				"parent": "bone78",
				"pivot": [-0.9, 13.8019, -3.15642],
				"rotation": [-6, 0, 0],
				"cubes": [
					{"origin": [-1.3, 13.3, -3.7], "size": [1, 2, 1], "uv": [0, 64], "inflate": -0.4}
				]
			},
			{
				"name": "bone80",
				"parent": "bone78",
				"pivot": [-0.9, 13.8, -3.2],
				"rotation": [15, 0, -52.5],
				"cubes": [
					{"origin": [-1.36699, 12.17879, -3.71942], "size": [1, 2, 1], "uv": [60, 48], "inflate": -0.4}
				]
			},
			{
				"name": "bone83",
				"parent": "bone71",
				"pivot": [0.9, 14.7, -3.2],
				"rotation": [-5, 0, 0]
			},
			{
				"name": "bone84",
				"parent": "bone83",
				"pivot": [0.9, 13.8019, -3.15642],
				"rotation": [-6, 0, 0],
				"cubes": [
					{"origin": [0.3, 13.3, -3.7], "size": [1, 2, 1], "uv": [60, 35], "inflate": -0.4}
				]
			},
			{
				"name": "bone85",
				"parent": "bone83",
				"pivot": [0.9, 13.8, -3.2],
				"rotation": [15, 0, 52.5],
				"cubes": [
					{"origin": [0.36699, 12.17879, -3.71942], "size": [1, 2, 1], "uv": [60, 32], "inflate": -0.4}
				]
			},
			{
				"name": "bone87",
				"parent": "bone71",
				"pivot": [0, 10.5, 0],
				"cubes": [
					{"origin": [-0.5, 12.7, -3.6], "size": [1, 1, 1], "uv": [60, 51], "inflate": -0.3}
				]
			},
			{
				"name": "bone81",
				"parent": "body",
				"pivot": [0, 10.5, 0]
			},
			{
				"name": "bone82",
				"parent": "bone81",
				"pivot": [0, 10.5, 0],
				"cubes": [
					{"origin": [-1.3, 14.5, -3.5], "size": [1, 4, 1], "uv": [48, 0], "inflate": -0.3}
				]
			},
			{
				"name": "bone86",
				"parent": "bone81",
				"pivot": [0, 10.5, 0],
				"cubes": [
					{"origin": [0.3, 14.5, -3.5], "size": [1, 4, 1], "uv": [36, 48], "inflate": -0.3}
				]
			},
			{
				"name": "bone94",
				"parent": "body",
				"pivot": [0, 10.5, 0]
			},
			{
				"name": "bone95",
				"parent": "bone94",
				"pivot": [-0.2, 18.2, -3.1],
				"rotation": [-2.5, 0, 5],
				"cubes": [
					{"origin": [-0.7, 16.5, -3.6], "size": [1, 2, 1], "uv": [59, 53], "inflate": -0.4}
				]
			},
			{
				"name": "bone96",
				"parent": "bone94",
				"pivot": [0.2, 18.2, -3.1],
				"rotation": [-2.5, 0, -5],
				"cubes": [
					{"origin": [-0.3, 16.5, -3.6], "size": [1, 2, 1], "uv": [56, 51], "inflate": -0.4}
				]
			},
			{
				"name": "bone97",
				"parent": "bone94",
				"pivot": [0, 10.5, 0],
				"cubes": [
					{"origin": [-0.5, 17.5, -3.5], "size": [1, 1, 1], "uv": [60, 38], "inflate": -0.3}
				]
			},
			{
				"name": "bone98",
				"parent": "body",
				"pivot": [0, 8.7, 0.1]
			},
			{
				"name": "bone99",
				"parent": "bone98",
				"pivot": [-0.2, 16.4, -3],
				"rotation": [-2.5, 0, 5],
				"cubes": [
					{"origin": [-0.59166, 14.60918, -3.49603], "size": [1, 2, 1], "uv": [56, 48], "inflate": -0.4}
				]
			},
			{
				"name": "bone100",
				"parent": "bone98",
				"pivot": [0.2, 16.4, -3],
				"rotation": [-2.5, 0, -5],
				"cubes": [
					{"origin": [-0.40834, 14.60918, -3.49603], "size": [1, 2, 1], "uv": [33, 52], "inflate": -0.4}
				]
			},
			{
				"name": "bone101",
				"parent": "bone98",
				"pivot": [-0.2, 16.1, -3],
				"rotation": [0, 0, -32.5],
				"cubes": [
					{"origin": [-0.61566, 15.54627, -3.5], "size": [1, 1, 1], "uv": [36, 54], "inflate": -0.3}
				]
			},
			{
				"name": "bone102",
				"parent": "bone98",
				"pivot": [0.2, 16.1, -3],
				"rotation": [0, 0, 32.5],
				"cubes": [
					{"origin": [-0.38434, 15.54627, -3.5], "size": [1, 1, 1], "uv": [12, 14], "inflate": -0.3}
				]
			},
			{
				"name": "legLeft",
				"pivot": [2, 9, 0],
				"cubes": [
					{"origin": [0.249, 0, -1.5], "size": [3, 9, 3], "uv": [80, 0]},
					{"origin": [0.249, 0, -1.5], "size": [3, 1, 3], "uv": [24, 52], "inflate": 0.1}
				]
			},
			{
				"name": "legRight",
				"pivot": [-1.75, 9, 0],
				"cubes": [
					{"origin": [-3.249, 0, -1.5], "size": [3, 9, 3], "uv": [36, 79]},
					{"origin": [-3.251, 0, -1.5], "size": [3, 1, 3], "uv": [24, 48], "inflate": 0.1}
				]
			}
		]
	}
}