{
	"format_version": "1.10.0",
	"geometry.model": {
		"texturewidth": 128,
		"textureheight": 128,
		"visible_bounds_width": 3,
		"visible_bounds_height": 4,
		"visible_bounds_offset": [0, 1, 0],
		"bones": [
			{
				"name": "head",
				"pivot": [0, 18, 0],
				"cubes": [
					{"origin": [-4, 18, -4], "size": [8, 8, 8], "uv": [0, 16]},
					{"origin": [-4, 17.5, -4], "size": [8, 8.5, 8], "uv": [0, 0], "inflate": 0.2}
				]
			},
			{
				"name": "blink",
				"parent": "head",
				"pivot": [0, 18, 0],
				"cubes": [
					{"origin": [-4, 18, -4.001], "size": [8, 8, 0], "uv": [0, 47]}
				]
			},
			{
				"name": "bone144",
				"parent": "head",
				"pivot": [-0.2, 26.2, 3.2],
				"rotation": [10, 0, 0]
			},
			{
				"name": "bone145",
				"parent": "bone144",
				"pivot": [-0.2, 26.2076, 4.81318],
				"cubes": [
					{"origin": [-1.2, 10.2076, 3.81318], "size": [2, 17, 2], "uv": [32, 41], "inflate": -0.4}
				]
			},
			{
				"name": "bone148",
				"parent": "bone144",
				"pivot": [-0.2, 26.2076, 4.81318],
				"rotation": [7.5, 0, 0],
				"cubes": [
					{"origin": [-1.2, 10.2076, 3.81318], "size": [2, 17, 2], "uv": [32, 0], "inflate": -0.4}
				]
			},
			{
				"name": "bone146",
				"parent": "bone144",
				"pivot": [0.2, 26.2076, 4.81318],
				"rotation": [3, 0, -3],
				"cubes": [
					{"origin": [-0.81031, 10.01299, 3.7682], "size": [2, 17, 2], "uv": [24, 41], "inflate": -0.4}
				]
			},
			{
				"name": "bone147",
				"parent": "bone144",
				"pivot": [-0.5, 26.2076, 4.81318],
				"rotation": [2, 0, 2],
				"cubes": [
					{"origin": [-1.48625, 9.81658, 3.73002], "size": [2, 17, 2], "uv": [40, 0], "inflate": -0.4}
				]
			},
			{
				"name": "bone149",
				"parent": "bone144",
				"pivot": [-0.2, 26.5076, 4.21318],
				"rotation": [12.5, 0, 0],
				"cubes": [
					{"origin": [-1.1, 24.78455, 2.22903], "size": [2, 2, 3], "uv": [33, 21], "inflate": 0.1}
				]
			},
			{
				"name": "bone150",
				"parent": "head",
				"pivot": [0, 26.4, 2.3],
				"rotation": [52.5, 0, 0]
			},
			{
				"name": "bone151",
				"parent": "bone150",
				"pivot": [0, 26.9, 2.3],
				"rotation": [-80, 0, 0],
				"cubes": [
					{"origin": [-0.5, 26.9, 2.8], "size": [1, 1, 0], "uv": [3, 21]}
				]
			},
			{
				"name": "bone152",
				"parent": "bone150",
				"pivot": [0, 26.9, 2.3],
				"rotation": [-80, -90, 0],
				"cubes": [
					{"origin": [-0.5, 26.9, 2.8], "size": [1, 1, 0], "uv": [3, 16]}
				]
			},
			{
				"name": "bone153",
				"parent": "bone150",
				"pivot": [0, 26.9, 2.3],
				"rotation": [-80, -180, 0],
				"cubes": [
					{"origin": [-0.5, 26.9, 2.8], "size": [1, 1, 0], "uv": [3, 5]}
				]
			},
			{
				"name": "bone154",
				"parent": "bone150",
				"pivot": [0, 26.9, 2.3],
				"rotation": [-80, -270, 0],
				"cubes": [
					{"origin": [-0.5, 26.9, 2.8], "size": [1, 1, 0], "uv": [3, 0]}
				]
			},
			{
				"name": "armRight",
				"pivot": [-3, 17.5, 0],
				"rotation": [0, 0, 25],
				"cubes": [
					{"origin": [-5, 8.5, -1], "size": [2, 8, 2], "uv": [50, 31]},
					{"origin": [-5.5, 9.5, -1.5], "size": [3, 8, 3], "uv": [49, 50], "inflate": -0.4},
					{"origin": [-5.5, 8.8, -1.5], "size": [3, 2, 3], "uv": [48, 11], "inflate": -0.45}
				]
			},
			{
				"name": "armLeft",
				"pivot": [3, 17.5, 0],
				"rotation": [0, 0, -25],
				"cubes": [
					{"origin": [3, 8.5, -1], "size": [2, 8, 2], "uv": [16, 47]},
					{"origin": [2.5, 9.5, -1.5], "size": [3, 8, 3], "uv": [48, 0], "inflate": -0.4},
					{"origin": [2.5, 8.8, -1.5], "size": [3, 2, 3], "uv": [24, 19], "inflate": -0.45}
				]
			},
			{
				"name": "body",
				"pivot": [0, 10.5, 0],
				"cubes": [
					{"origin": [-3, 8.999, -3], "size": [6, 9, 6], "uv": [0, 32]},
					{"origin": [-3, 8.999, -3], "size": [6, 9, 6], "uv": [26, 26], "inflate": 0.1}
				]
			},
			{
				"name": "sittingRotationSkirt",
				"parent": "body",
				"pivot": [0, 11.5, 0]
			},
			{
				"name": "bone",
				"parent": "sittingRotationSkirt",
				"pivot": [0, 13.5, 0]
			},
			{
				"name": "bone2",
				"parent": "bone",
				"pivot": [0, 3, 0]
			},
			{
				"name": "bone3",
				"parent": "bone2",
				"pivot": [0, 3, 2.48337],
				"rotation": [18, 0, 0],
				"cubes": [
					{"origin": [-0.5, 3.74263, 5.99539], "size": [1, 9, 0], "uv": [68, 0]}
				]
			},
			{
				"name": "bone4",
				"parent": "bone3",
				"pivot": [-0.5, 2.74263, 2.48337],
				"rotation": [0, 0, 7.39351],
				"cubes": [
					{"origin": [-2.5, 3.74263, 5.99439], "size": [2, 9, 0], "uv": [64, 9]}
				]
			},
			{
				"name": "bone5",
				"parent": "bone3",
				"pivot": [0.5, 2.74263, 2.48337],
				"rotation": [0, 0, -7.39351],
				"cubes": [
					{"origin": [0.5, 3.74263, 5.99639], "size": [2, 9, 0], "uv": [64, 0]}
				]
			},
			{
				"name": "bone6",
				"parent": "bone",
				"pivot": [0, 3, 0],
				"rotation": [0, -45, 0]
			},
			{
				"name": "bone7",
				"parent": "bone6",
				"pivot": [0, 3, 2.48337],
				"rotation": [18, 0, 0],
				"cubes": [
					{"origin": [-0.5, 3.74263, 5.99539], "size": [1, 9, 0], "uv": [68, 68]}
				]
			},
			{
				"name": "bone8",
				"parent": "bone7",
				"pivot": [-0.5, 2.74263, 2.48337],
				"rotation": [0, 0, 7.39351],
				"cubes": [
					{"origin": [-2.5, 3.74263, 5.99439], "size": [2, 9, 0], "uv": [64, 64]}
				]
			},
			{
				"name": "bone9",
				"parent": "bone7",
				"pivot": [0.5, 2.74263, 2.48337],
				"rotation": [0, 0, -7.39351],
				"cubes": [
					{"origin": [0.5, 3.74263, 5.99639], "size": [2, 9, 0], "uv": [12, 64]}
				]
			},
			{
				"name": "bone10",
				"parent": "bone",
				"pivot": [0, 3, 0],
				"rotation": [0, -90, 0]
			},
			{
				"name": "bone11",
				"parent": "bone10",
				"pivot": [0, 3, 2.48337],
				"rotation": [18, 0, 0],
				"cubes": [
					{"origin": [-0.5, 3.74263, 5.99539], "size": [1, 9, 0], "uv": [67, 54]}
				]
			},
			{
				"name": "bone12",
				"parent": "bone11",
				"pivot": [-0.5, 2.74263, 2.48337],
				"rotation": [0, 0, 7.39351],
				"cubes": [
					{"origin": [-2.5, 3.74263, 5.99439], "size": [2, 9, 0], "uv": [8, 64]}
				]
			},
			{
				"name": "bone13",
				"parent": "bone11",
				"pivot": [0.5, 2.74263, 2.48337],
				"rotation": [0, 0, -7.39351],
				"cubes": [
					{"origin": [0.5, 3.74263, 5.99639], "size": [2, 9, 0], "uv": [4, 64]}
				]
			},
			{
				"name": "bone14",
				"parent": "bone",
				"pivot": [0, 3, 0],
				"rotation": [0, -135, 0]
			},
			{
				"name": "bone15",
				"parent": "bone14",
				"pivot": [0, 3, 2.48337],
				"rotation": [18, 0, 0],
				"cubes": [
					{"origin": [-0.5, 3.74263, 5.99539], "size": [1, 9, 0], "uv": [67, 45]}
				]
			},
			{
				"name": "bone16",
				"parent": "bone15",
				"pivot": [-0.5, 2.74263, 2.48337],
				"rotation": [0, 0, 7.39351],
				"cubes": [
					{"origin": [-2.5, 3.74263, 5.99439], "size": [2, 9, 0], "uv": [0, 64]}
				]
			},
			{
				"name": "bone17",
				"parent": "bone15",
				"pivot": [0.5, 2.74263, 2.48337],
				"rotation": [0, 0, -7.39351],
				"cubes": [
					{"origin": [0.5, 3.74263, 5.99639], "size": [2, 9, 0], "uv": [62, 18]}
				]
			},
			{
				"name": "bone18",
				"parent": "bone",
				"pivot": [0, 3, 0],
				"rotation": [0, -180, 0]
			},
			{
				"name": "bone19",
				"parent": "bone18",
				"pivot": [0, 3, 2.48337],
				"rotation": [18, 0, 0]
			},
			{
				"name": "bone20",
				"parent": "bone19",
				"pivot": [-0.5, 2.74263, 2.48337],
				"rotation": [0, 0, 7.39351],
				"cubes": [
					{"origin": [-2.5, 3.74263, 5.99439], "size": [1.5, 9, 0], "uv": [46, 62]}
				]
			},
			{
				"name": "bone21",
				"parent": "bone19",
				"pivot": [0.5, 2.74263, 2.48337],
				"rotation": [0, 0, -7.39351],
				"cubes": [
					{"origin": [1, 3.74263, 5.99639], "size": [1.5, 9, 0], "uv": [42, 62]}
				]
			},
			{
				"name": "bone22",
				"parent": "bone",
				"pivot": [0, 3, 0],
				"rotation": [0, -225, 0]
			},
			{
				"name": "bone23",
				"parent": "bone22",
				"pivot": [0, 3, 2.48337],
				"rotation": [18, 0, 0],
				"cubes": [
					{"origin": [-0.5, 3.74263, 5.99539], "size": [1, 9, 0], "uv": [67, 27]}
				]
			},
			{
				"name": "bone24",
				"parent": "bone23",
				"pivot": [-0.5, 2.74263, 2.48337],
				"rotation": [0, 0, 7.39351],
				"cubes": [
					{"origin": [-2.5, 3.74263, 5.99439], "size": [2, 9, 0], "uv": [61, 49]}
				]
			},
			{
				"name": "bone25",
				"parent": "bone23",
				"pivot": [0.5, 2.74263, 2.48337],
				"rotation": [0, 0, -7.39351],
				"cubes": [
					{"origin": [0.5, 3.74263, 5.99639], "size": [2, 9, 0], "uv": [61, 34]}
				]
			},
			{
				"name": "bone26",
				"parent": "bone",
				"pivot": [0, 3, 0],
				"rotation": [0, -270, 0]
			},
			{
				"name": "bone27",
				"parent": "bone26",
				"pivot": [0, 3, 2.48337],
				"rotation": [18, 0, 0],
				"cubes": [
					{"origin": [-0.5, 3.74263, 5.99539], "size": [1, 9, 0], "uv": [66, 18]}
				]
			},
			{
				"name": "bone28",
				"parent": "bone27",
				"pivot": [-0.5, 2.74263, 2.48337],
				"rotation": [0, 0, 7.39351],
				"cubes": [
					{"origin": [-2.5, 3.74263, 5.99439], "size": [2, 9, 0], "uv": [60, 61]}
				]
			},
			{
				"name": "bone29",
				"parent": "bone27",
				"pivot": [0.5, 2.74263, 2.48337],
				"rotation": [0, 0, -7.39351],
				"cubes": [
					{"origin": [0.5, 3.74263, 5.99639], "size": [2, 9, 0], "uv": [56, 61]}
				]
			},
			{
				"name": "bone30",
				"parent": "bone",
				"pivot": [0, 3, 0],
				"rotation": [0, -315, 0]
			},
			{
				"name": "bone31",
				"parent": "bone30",
				"pivot": [0, 3, 2.48337],
				"rotation": [18, 0, 0],
				"cubes": [
					{"origin": [-0.5, 3.74263, 5.99539], "size": [1, 9, 0], "uv": [22, 66]}
				]
			},
			{
				"name": "bone32",
				"parent": "bone31",
				"pivot": [-0.5, 2.74263, 2.48337],
				"rotation": [0, 0, 7.39351],
				"cubes": [
					{"origin": [-2.5, 3.74263, 5.99439], "size": [2, 9, 0], "uv": [52, 61]}
				]
			},
			{
				"name": "bone33",
				"parent": "bone31",
				"pivot": [0.5, 2.74263, 2.48337],
				"rotation": [0, 0, -7.39351],
				"cubes": [
					{"origin": [0.5, 3.74263, 5.99639], "size": [2, 9, 0], "uv": [48, 61]}
				]
			},
			{
				"name": "bone100",
				"parent": "sittingRotationSkirt",
				"pivot": [0, 14, 0]
			},
			{
				"name": "bone101",
				"parent": "bone100",
				"pivot": [0, 3.5, 0]
			},
			{
				"name": "bone102",
				"parent": "bone101",
				"pivot": [0, 3.5, 2.48337],
				"rotation": [18, 0, 0],
				"cubes": [
					{"origin": [-0.5, 8.24263, 5.99539], "size": [1, 5, 0], "uv": [62, 27]}
				]
			},
			{
				"name": "bone103",
				"parent": "bone102",
				"pivot": [-0.5, 3.24263, 2.48337],
				"rotation": [0, 0, 7.39351],
				"cubes": [
					{"origin": [-2.5, 8.24263, 5.99439], "size": [2, 5, 0], "uv": [69, 34]}
				]
			},
			{
				"name": "bone104",
				"parent": "bone102",
				"pivot": [0.5, 3.24263, 2.48337],
				"rotation": [0, 0, -7.39351],
				"cubes": [
					{"origin": [0.5, 8.24263, 5.99639], "size": [2, 5, 0], "uv": [69, 29]}
				]
			},
			{
				"name": "bone105",
				"parent": "bone100",
				"pivot": [0, 3.5, 0],
				"rotation": [0, -45, 0]
			},
			{
				"name": "bone106",
				"parent": "bone105",
				"pivot": [0, 3.5, 2.48337],
				"rotation": [18, 0, 0],
				"cubes": [
					{"origin": [-0.5, 8.24263, 5.99539], "size": [1, 5, 0], "uv": [60, 18]}
				]
			},
			{
				"name": "bone107",
				"parent": "bone106",
				"pivot": [-0.5, 3.24263, 2.48337],
				"rotation": [0, 0, 7.39351],
				"cubes": [
					{"origin": [-2.5, 8.24263, 5.99439], "size": [2, 5, 0], "uv": [69, 24]}
				]
			},
			{
				"name": "bone108",
				"parent": "bone106",
				"pivot": [0.5, 3.24263, 2.48337],
				"rotation": [0, 0, -7.39351],
				"cubes": [
					{"origin": [0.5, 8.24263, 5.99639], "size": [2, 5, 0], "uv": [36, 69]}
				]
			},
			{
				"name": "bone109",
				"parent": "bone100",
				"pivot": [0, 3.5, 0],
				"rotation": [0, -90, 0]
			},
			{
				"name": "bone110",
				"parent": "bone109",
				"pivot": [0, 3.5, 2.48337],
				"rotation": [18, 0, 0],
				"cubes": [
					{"origin": [-0.5, 8.24263, 5.99539], "size": [1, 5, 0], "uv": [58, 34]}
				]
			},
			{
				"name": "bone111",
				"parent": "bone110",
				"pivot": [-0.5, 3.24263, 2.48337],
				"rotation": [0, 0, 7.39351],
				"cubes": [
					{"origin": [-2.5, 8.24263, 5.99439], "size": [2, 5, 0], "uv": [32, 69]}
				]
			},
			{
				"name": "bone112",
				"parent": "bone110",
				"pivot": [0.5, 3.24263, 2.48337],
				"rotation": [0, 0, -7.39351],
				"cubes": [
					{"origin": [0.5, 8.24263, 5.99639], "size": [2, 5, 0], "uv": [28, 69]}
				]
			},
			{
				"name": "bone113",
				"parent": "bone100",
				"pivot": [0, 3.5, 0],
				"rotation": [0, -135, 0]
			},
			{
				"name": "bone114",
				"parent": "bone113",
				"pivot": [0, 3.5, 2.48337],
				"rotation": [18, 0, 0],
				"cubes": [
					{"origin": [-0.5, 8.24263, 5.99539], "size": [1, 5, 0], "uv": [56, 25]}
				]
			},
			{
				"name": "bone115",
				"parent": "bone114",
				"pivot": [-0.5, 3.24263, 2.48337],
				"rotation": [0, 0, 7.39351],
				"cubes": [
					{"origin": [-2.5, 8.24263, 5.99439], "size": [2, 5, 0], "uv": [24, 69]}
				]
			},
			{
				"name": "bone116",
				"parent": "bone114",
				"pivot": [0.5, 3.24263, 2.48337],
				"rotation": [0, 0, -7.39351],
				"cubes": [
					{"origin": [0.5, 8.24263, 5.99639], "size": [2, 5, 0], "uv": [68, 63]}
				]
			},
			{
				"name": "bone117",
				"parent": "bone100",
				"pivot": [0, 3.5, 0],
				"rotation": [0, -180, 0]
			},
			{
				"name": "bone118",
				"parent": "bone117",
				"pivot": [0, 3.5, 2.48337],
				"rotation": [18, 0, 0]
			},
			{
				"name": "bone119",
				"parent": "bone118",
				"pivot": [-0.5, 3.24263, 2.48337],
				"rotation": [0, 0, 7.39351],
				"cubes": [
					{"origin": [-2.5, 8.24263, 5.99439], "size": [1.4, 5, 0], "uv": [69, 19]}
				]
			},
			{
				"name": "bone120",
				"parent": "bone118",
				"pivot": [0.5, 3.24263, 2.48337],
				"rotation": [0, 0, -7.39351],
				"cubes": [
					{"origin": [1.1, 8.24263, 5.99639], "size": [1.4, 5, 0], "uv": [69, 14]}
				]
			},
			{
				"name": "bone121",
				"parent": "bone100",
				"pivot": [0, 3.5, 0],
				"rotation": [0, -225, 0]
			},
			{
				"name": "bone122",
				"parent": "bone121",
				"pivot": [0, 3.5, 2.48337],
				"rotation": [18, 0, 0],
				"cubes": [
					{"origin": [-0.5, 8.24263, 5.99539], "size": [1, 5, 0], "uv": [22, 32]}
				]
			},
			{
				"name": "bone123",
				"parent": "bone122",
				"pivot": [-0.5, 3.24263, 2.48337],
				"rotation": [0, 0, 7.39351],
				"cubes": [
					{"origin": [-2.5, 8.24263, 5.99439], "size": [2, 5, 0], "uv": [68, 9]}
				]
			},
			{
				"name": "bone124",
				"parent": "bone122",
				"pivot": [0.5, 3.24263, 2.48337],
				"rotation": [0, 0, -7.39351],
				"cubes": [
					{"origin": [0.5, 8.24263, 5.99639], "size": [2, 5, 0], "uv": [40, 19]}
				]
			},
			{
				"name": "bone125",
				"parent": "bone100",
				"pivot": [0, 3.5, 0],
				"rotation": [0, -270, 0]
			},
			{
				"name": "bone126",
				"parent": "bone125",
				"pivot": [0, 3.5, 2.48337],
				"rotation": [18, 0, 0],
				"cubes": [
					{"origin": [-0.5, 8.24263, 5.99539], "size": [1, 5, 0], "uv": [4, 32]}
				]
			},
			{
				"name": "bone127",
				"parent": "bone126",
				"pivot": [-0.5, 3.24263, 2.48337],
				"rotation": [0, 0, 7.39351],
				"cubes": [
					{"origin": [-2.5, 8.24263, 5.99439], "size": [2, 5, 0], "uv": [18, 32]}
				]
			},
			{
				"name": "bone128",
				"parent": "bone126",
				"pivot": [0.5, 3.24263, 2.48337],
				"rotation": [0, 0, -7.39351],
				"cubes": [
					{"origin": [0.5, 8.24263, 5.99639], "size": [2, 5, 0], "uv": [0, 32]}
				]
			},
			{
				"name": "bone129",
				"parent": "bone100",
				"pivot": [0, 3.5, 0],
				"rotation": [0, -315, 0]
			},
			{
				"name": "bone130",
				"parent": "bone129",
				"pivot": [0, 3.5, 2.48337],
				"rotation": [18, 0, 0],
				"cubes": [
					{"origin": [-0.5, 8.24263, 5.99539], "size": [1, 5, 0], "uv": [24, 16]}
				]
			},
			{
				"name": "bone131",
				"parent": "bone130",
				"pivot": [-0.5, 3.24263, 2.48337],
				"rotation": [0, 0, 7.39351],
				"cubes": [
					{"origin": [-2.5, 8.24263, 5.99439], "size": [2, 5, 0], "uv": [28, 0]}
				]
			},
			{
				"name": "bone132",
				"parent": "bone130",
				"pivot": [0.5, 3.24263, 2.48337],
				"rotation": [0, 0, -7.39351],
				"cubes": [
					{"origin": [0.5, 8.24263, 5.99639], "size": [2, 5, 0], "uv": [24, 0]}
				]
			},
			{
				"name": "bone34",
				"parent": "sittingRotationSkirt",
				"pivot": [0, 12.75, 0]
			},
			{
				"name": "bone35",
				"parent": "bone34",
				"pivot": [0, 2.25, 0]
			},
			{
				"name": "bone36",
				"parent": "bone35",
				"pivot": [0, 2.25, 2.48337],
				"rotation": [18, 0, 0],
				"cubes": [
					{"origin": [-0.5, 2.99263, 5.99539], "size": [1, 9, 0], "uv": [20, 66]}
				]
			},
			{
				"name": "bone37",
				"parent": "bone36",
				"pivot": [-0.5, 1.99263, 2.48337],
				"rotation": [0, 0, 7.39351],
				"cubes": [
					{"origin": [-2.5, 2.99263, 5.99439], "size": [2, 9, 0], "uv": [60, 9]}
				]
			},
			{
				"name": "bone38",
				"parent": "bone36",
				"pivot": [0.5, 1.99263, 2.48337],
				"rotation": [0, 0, -7.39351],
				"cubes": [
					{"origin": [0.5, 2.99263, 5.99639], "size": [2, 9, 0], "uv": [60, 0]}
				]
			},
			{
				"name": "bone39",
				"parent": "bone34",
				"pivot": [0, 2.25, 0],
				"rotation": [0, -45, 0]
			},
			{
				"name": "bone40",
				"parent": "bone39",
				"pivot": [0, 2.25, 2.48337],
				"rotation": [18, 0, 0],
				"cubes": [
					{"origin": [-0.5, 2.99263, 5.99539], "size": [1, 9, 0], "uv": [18, 66]}
				]
			},
			{
				"name": "bone41",
				"parent": "bone40",
				"pivot": [-0.5, 1.99263, 2.48337],
				"rotation": [0, 0, 7.39351],
				"cubes": [
					{"origin": [-2.5, 2.99263, 5.99439], "size": [2, 9, 0], "uv": [36, 60]}
				]
			},
			{
				"name": "bone42",
				"parent": "bone40",
				"pivot": [0.5, 1.99263, 2.48337],
				"rotation": [0, 0, -7.39351],
				"cubes": [
					{"origin": [0.5, 2.99263, 5.99639], "size": [2, 9, 0], "uv": [32, 60]}
				]
			},
			{
				"name": "bone43",
				"parent": "bone34",
				"pivot": [0, 2.25, 0],
				"rotation": [0, -90, 0]
			},
			{
				"name": "bone44",
				"parent": "bone43",
				"pivot": [0, 2.25, 2.48337],
				"rotation": [18, 0, 0],
				"cubes": [
					{"origin": [-0.5, 2.99263, 5.99539], "size": [1, 9, 0], "uv": [16, 66]}
				]
			},
			{
				"name": "bone45",
				"parent": "bone44",
				"pivot": [-0.5, 1.99263, 2.48337],
				"rotation": [0, 0, 7.39351],
				"cubes": [
					{"origin": [-2.5, 2.99263, 5.99439], "size": [2, 9, 0], "uv": [28, 60]}
				]
			},
			{
				"name": "bone46",
				"parent": "bone44",
				"pivot": [0.5, 1.99263, 2.48337],
				"rotation": [0, 0, -7.39351],
				"cubes": [
					{"origin": [0.5, 2.99263, 5.99639], "size": [2, 9, 0], "uv": [24, 60]}
				]
			},
			{
				"name": "bone47",
				"parent": "bone34",
				"pivot": [0, 2.25, 0],
				"rotation": [0, -135, 0]
			},
			{
				"name": "bone48",
				"parent": "bone47",
				"pivot": [0, 2.25, 2.48337],
				"rotation": [18, 0, 0],
				"cubes": [
					{"origin": [-0.5, 2.99263, 5.99539], "size": [1, 9, 0], "uv": [65, 54]}
				]
			},
			{
				"name": "bone49",
				"parent": "bone48",
				"pivot": [-0.5, 1.99263, 2.48337],
				"rotation": [0, 0, 7.39351],
				"cubes": [
					{"origin": [-2.5, 2.99263, 5.99439], "size": [2, 9, 0], "uv": [58, 25]}
				]
			},
			{
				"name": "bone50",
				"parent": "bone48",
				"pivot": [0.5, 1.99263, 2.48337],
				"rotation": [0, 0, -7.39351],
				"cubes": [
					{"origin": [0.5, 2.99263, 5.99639], "size": [2, 9, 0], "uv": [20, 57]}
				]
			},
			{
				"name": "bone51",
				"parent": "bone34",
				"pivot": [0, 2.25, 0],
				"rotation": [0, -180, 0]
			},
			{
				"name": "bone52",
				"parent": "bone51",
				"pivot": [0, 2.25, 2.48337],
				"rotation": [18, 0, 0],
				"cubes": [
					{"origin": [-0.5, 2.99263, 5.99539], "size": [1, 9, 0], "uv": [65, 45]}
				]
			},
			{
				"name": "bone53",
				"parent": "bone52",
				"pivot": [-0.5, 1.99263, 2.48337],
				"rotation": [0, 0, 7.39351],
				"cubes": [
					{"origin": [-2.5, 2.99263, 5.99439], "size": [2, 9, 0], "uv": [16, 57]}
				]
			},
			{
				"name": "bone54",
				"parent": "bone52",
				"pivot": [0.5, 1.99263, 2.48337],
				"rotation": [0, 0, -7.39351],
				"cubes": [
					{"origin": [0.5, 2.99263, 5.99639], "size": [2, 9, 0], "uv": [56, 16]}
				]
			},
			{
				"name": "bone55",
				"parent": "bone34",
				"pivot": [0, 2.25, 0],
				"rotation": [0, -225, 0]
			},
			{
				"name": "bone56",
				"parent": "bone55",
				"pivot": [0, 2.25, 2.48337],
				"rotation": [18, 0, 0],
				"cubes": [
					{"origin": [-0.5, 2.99263, 5.99539], "size": [1, 9, 0], "uv": [65, 36]}
				]
			},
			{
				"name": "bone57",
				"parent": "bone56",
				"pivot": [-0.5, 1.99263, 2.48337],
				"rotation": [0, 0, 7.39351],
				"cubes": [
					{"origin": [-2.5, 2.99263, 5.99439], "size": [2, 9, 0], "uv": [12, 55]}
				]
			},
			{
				"name": "bone58",
				"parent": "bone56",
				"pivot": [0.5, 1.99263, 2.48337],
				"rotation": [0, 0, -7.39351],
				"cubes": [
					{"origin": [0.5, 2.99263, 5.99639], "size": [2, 9, 0], "uv": [8, 55]}
				]
			},
			{
				"name": "bone59",
				"parent": "bone34",
				"pivot": [0, 2.25, 0],
				"rotation": [0, -270, 0]
			},
			{
				"name": "bone60",
				"parent": "bone59",
				"pivot": [0, 2.25, 2.48337],
				"rotation": [18, 0, 0],
				"cubes": [
					{"origin": [-0.5, 2.99263, 5.99539], "size": [1, 9, 0], "uv": [65, 27]}
				]
			},
			{
				"name": "bone61",
				"parent": "bone60",
				"pivot": [-0.5, 1.99263, 2.48337],
				"rotation": [0, 0, 7.39351],
				"cubes": [
					{"origin": [-2.5, 2.99263, 5.99439], "size": [2, 9, 0], "uv": [4, 55]}
				]
			},
			{
				"name": "bone62",
				"parent": "bone60",
				"pivot": [0.5, 1.99263, 2.48337],
				"rotation": [0, 0, -7.39351],
				"cubes": [
					{"origin": [0.5, 2.99263, 5.99639], "size": [2, 9, 0], "uv": [0, 55]}
				]
			},
			{
				"name": "bone63",
				"parent": "bone34",
				"pivot": [0, 2.25, 0],
				"rotation": [0, -315, 0]
			},
			{
				"name": "bone64",
				"parent": "bone63",
				"pivot": [0, 2.25, 2.48337],
				"rotation": [18, 0, 0],
				"cubes": [
					{"origin": [-0.5, 2.99263, 5.99539], "size": [1, 9, 0], "uv": [24, 32]}
				]
			},
			{
				"name": "bone65",
				"parent": "bone64",
				"pivot": [-0.5, 1.99263, 2.48337],
				"rotation": [0, 0, 7.39351],
				"cubes": [
					{"origin": [-2.5, 2.99263, 5.99439], "size": [2, 9, 0], "uv": [44, 53]}
				]
			},
			{
				"name": "bone66",
				"parent": "bone64",
				"pivot": [0.5, 1.99263, 2.48337],
				"rotation": [0, 0, -7.39351],
				"cubes": [
					{"origin": [0.5, 2.99263, 5.99639], "size": [2, 9, 0], "uv": [40, 53]}
				]
			},
			{
				"name": "bone67",
				"parent": "sittingRotationSkirt",
				"pivot": [0, 12.25, 0]
			},
			{
				"name": "bone68",
				"parent": "bone67",
				"pivot": [0, 1.75, 0]
			},
			{
				"name": "bone69",
				"parent": "bone68",
				"pivot": [0, 1.75, 2.48337],
				"rotation": [18, 0, 0],
				"cubes": [
					{"origin": [-0.5, 2.49263, 5.99539], "size": [1, 1, 0], "uv": [33, 21]}
				]
			},
			{
				"name": "bone70",
				"parent": "bone69",
				"pivot": [-0.5, 1.49263, 2.48337],
				"rotation": [0, 0, 7.39351],
				"cubes": [
					{"origin": [-2.5, 2.49263, 5.99439], "size": [2, 1, 0], "uv": [48, 16]}
				]
			},
			{
				"name": "bone71",
				"parent": "bone69",
				"pivot": [0.5, 1.49263, 2.48337],
				"rotation": [0, 0, -7.39351],
				"cubes": [
					{"origin": [0.5, 2.49263, 5.99639], "size": [2, 1, 0], "uv": [46, 1]}
				]
			},
			{
				"name": "bone72",
				"parent": "bone67",
				"pivot": [0, 1.75, 0],
				"rotation": [0, -45, 0]
			},
			{
				"name": "bone73",
				"parent": "bone72",
				"pivot": [0, 1.75, 2.48337],
				"rotation": [18, 0, 0],
				"cubes": [
					{"origin": [-0.5, 2.49263, 5.99539], "size": [1, 1, 0], "uv": [32, 1]}
				]
			},
			{
				"name": "bone74",
				"parent": "bone73",
				"pivot": [-0.5, 1.49263, 2.48337],
				"rotation": [0, 0, 7.39351],
				"cubes": [
					{"origin": [-2.5, 2.49263, 5.99439], "size": [2, 1, 0], "uv": [46, 0]}
				]
			},
			{
				"name": "bone75",
				"parent": "bone73",
				"pivot": [0.5, 1.49263, 2.48337],
				"rotation": [0, 0, -7.39351],
				"cubes": [
					{"origin": [0.5, 2.49263, 5.99639], "size": [2, 1, 0], "uv": [44, 31]}
				]
			},
			{
				"name": "bone76",
				"parent": "bone67",
				"pivot": [0, 1.75, 0],
				"rotation": [0, -90, 0]
			},
			{
				"name": "bone77",
				"parent": "bone76",
				"pivot": [0, 1.75, 2.48337],
				"rotation": [18, 0, 0],
				"cubes": [
					{"origin": [-0.5, 2.49263, 5.99539], "size": [1, 1, 0], "uv": [32, 0]}
				]
			},
			{
				"name": "bone78",
				"parent": "bone77",
				"pivot": [-0.5, 1.49263, 2.48337],
				"rotation": [0, 0, 7.39351],
				"cubes": [
					{"origin": [-2.5, 2.49263, 5.99439], "size": [2, 1, 0], "uv": [38, 42]}
				]
			},
			{
				"name": "bone79",
				"parent": "bone77",
				"pivot": [0.5, 1.49263, 2.48337],
				"rotation": [0, 0, -7.39351],
				"cubes": [
					{"origin": [0.5, 2.49263, 5.99639], "size": [2, 1, 0], "uv": [30, 42]}
				]
			},
			{
				"name": "bone80",
				"parent": "bone67",
				"pivot": [0, 1.75, 0],
				"rotation": [0, -135, 0]
			},
			{
				"name": "bone81",
				"parent": "bone80",
				"pivot": [0, 1.75, 2.48337],
				"rotation": [18, 0, 0],
				"cubes": [
					{"origin": [-0.5, 2.49263, 5.99539], "size": [1, 1, 0], "uv": [30, 18]}
				]
			},
			{
				"name": "bone82",
				"parent": "bone81",
				"pivot": [-0.5, 1.49263, 2.48337],
				"rotation": [0, 0, 7.39351],
				"cubes": [
					{"origin": [-2.5, 2.49263, 5.99439], "size": [2, 1, 0], "uv": [38, 41]}
				]
			},
			{
				"name": "bone83",
				"parent": "bone81",
				"pivot": [0.5, 1.49263, 2.48337],
				"rotation": [0, 0, -7.39351],
				"cubes": [
					{"origin": [0.5, 2.49263, 5.99639], "size": [2, 1, 0], "uv": [30, 41]}
				]
			},
			{
				"name": "bone84",
				"parent": "bone67",
				"pivot": [0, 1.75, 0],
				"rotation": [0, -180, 0]
			},
			{
				"name": "bone85",
				"parent": "bone84",
				"pivot": [0, 1.75, 2.48337],
				"rotation": [18, 0, 0],
				"cubes": [
					{"origin": [-0.5, 2.49263, 5.99539], "size": [1, 1, 0], "uv": [30, 17]}
				]
			},
			{
				"name": "bone86",
				"parent": "bone85",
				"pivot": [-0.5, 1.49263, 2.48337],
				"rotation": [0, 0, 7.39351],
				"cubes": [
					{"origin": [-2.5, 2.49263, 5.99439], "size": [2, 1, 0], "uv": [38, 1]}
				]
			},
			{
				"name": "bone87",
				"parent": "bone85",
				"pivot": [0.5, 1.49263, 2.48337],
				"rotation": [0, 0, -7.39351],
				"cubes": [
					{"origin": [0.5, 2.49263, 5.99639], "size": [2, 1, 0], "uv": [38, 0]}
				]
			},
			{
				"name": "bone88",
				"parent": "bone67",
				"pivot": [0, 1.75, 0],
				"rotation": [0, -225, 0]
			},
			{
				"name": "bone89",
				"parent": "bone88",
				"pivot": [0, 1.75, 2.48337],
				"rotation": [18, 0, 0],
				"cubes": [
					{"origin": [-0.5, 2.49263, 5.99539], "size": [1, 1, 0], "uv": [29, 16]}
				]
			},
			{
				"name": "bone90",
				"parent": "bone89",
				"pivot": [-0.5, 1.49263, 2.48337],
				"rotation": [0, 0, 7.39351],
				"cubes": [
					{"origin": [-2.5, 2.49263, 5.99439], "size": [2, 1, 0], "uv": [18, 37]}
				]
			},
			{
				"name": "bone91",
				"parent": "bone89",
				"pivot": [0.5, 1.49263, 2.48337],
				"rotation": [0, 0, -7.39351],
				"cubes": [
					{"origin": [0.5, 2.49263, 5.99639], "size": [2, 1, 0], "uv": [0, 37]}
				]
			},
			{
				"name": "bone92",
				"parent": "bone67",
				"pivot": [0, 1.75, 0],
				"rotation": [0, -270, 0]
			},
			{
				"name": "bone93",
				"parent": "bone92",
				"pivot": [0, 1.75, 2.48337],
				"rotation": [18, 0, 0],
				"cubes": [
					{"origin": [-0.5, 2.49263, 5.99539], "size": [1, 1, 0], "uv": [27, 5]}
				]
			},
			{
				"name": "bone94",
				"parent": "bone93",
				"pivot": [-0.5, 1.49263, 2.48337],
				"rotation": [0, 0, 7.39351],
				"cubes": [
					{"origin": [-2.5, 2.49263, 5.99439], "size": [2, 1, 0], "uv": [33, 20]}
				]
			},
			{
				"name": "bone95",
				"parent": "bone93",
				"pivot": [0.5, 1.49263, 2.48337],
				"rotation": [0, 0, -7.39351],
				"cubes": [
					{"origin": [0.5, 2.49263, 5.99639], "size": [2, 1, 0], "uv": [33, 19]}
				]
			},
			{
				"name": "bone96",
				"parent": "bone67",
				"pivot": [0, 1.75, 0],
				"rotation": [0, -315, 0]
			},
			{
				"name": "bone97",
				"parent": "bone96",
				"pivot": [0, 1.75, 2.48337],
				"rotation": [18, 0, 0],
				"cubes": [
					{"origin": [-0.5, 2.49263, 5.99539], "size": [1, 1, 0], "uv": [24, 21]}
				]
			},
			{
				"name": "bone98",
				"parent": "bone97",
				"pivot": [-0.5, 1.49263, 2.48337],
				"rotation": [0, 0, 7.39351],
				"cubes": [
					{"origin": [-2.5, 2.49263, 5.99439], "size": [2, 1, 0], "uv": [28, 7]}
				]
			},
			{
				"name": "bone99",
				"parent": "bone97",
				"pivot": [0.5, 1.49263, 2.48337],
				"rotation": [0, 0, -7.39351],
				"cubes": [
					{"origin": [0.5, 2.49263, 5.99639], "size": [2, 1, 0], "uv": [26, 18]}
				]
			},
			{
				"name": "bone133",
				"parent": "body",
				"pivot": [0, 10.5, 0]
			},
			{
				"name": "bone134",
				"parent": "bone133",
				"pivot": [-1.5, 14.5, -2.9],
				"rotation": [0, 0, 45],
				"cubes": [
					{"origin": [-1.71716, 12.35858, -3.25], "size": [1, 4, 1], "uv": [4, 16], "inflate": -0.1}
				]
			},
			{
				"name": "bone135",
				"parent": "bone133",
				"pivot": [1.4, 14.5, -2.9],
				"rotation": [0, 0, -45],
				"cubes": [
					{"origin": [0.68787, 12.42929, -3.25], "size": [1, 4.5, 1], "uv": [0, 16], "inflate": -0.1}
				]
			},
			{
				"name": "bone136",
				"parent": "body",
				"pivot": [0, 10.5, 0]
			},
			{
				"name": "bone137",
				"parent": "bone136",
				"pivot": [-1.5, 17.15, -3.1],
				"rotation": [0, 0, -37.5],
				"cubes": [
					{"origin": [-1.6, 15, -3.6], "size": [1, 3.9, 1], "uv": [47, 70], "inflate": -0.4},
					{"origin": [-1.8, 15.3, -3.6], "size": [1, 3.6, 1], "uv": [69, 59], "inflate": -0.4},
					{"origin": [-2, 15.5, -3.6], "size": [1, 3.4, 1], "uv": [69, 55], "inflate": -0.4},
					{"origin": [-2.2, 15.8, -3.6], "size": [1, 3.1, 1], "uv": [69, 51], "inflate": -0.4},
					{"origin": [-2.4, 16.2, -3.6], "size": [1, 2.7, 1], "uv": [24, 5], "inflate": -0.4},
					{"origin": [-2.6, 16.6, -3.6], "size": [1, 2.3, 1], "uv": [4, 21], "inflate": -0.4}
				]
			},
			{
				"name": "bone138",
				"parent": "bone136",
				"pivot": [0.9, 16.65, -3.1],
				"rotation": [0, 0, 37.5],
				"cubes": [
					{"origin": [0, 14.5, -3.6], "size": [1, 4.4, 1], "uv": [4, 0], "inflate": -0.4},
					{"origin": [0.2, 14.8, -3.6], "size": [1, 4.1, 1], "uv": [0, 0], "inflate": -0.4},
					{"origin": [0.4, 15.1, -3.6], "size": [1, 3.8, 1], "uv": [69, 47], "inflate": -0.4},
					{"origin": [0.6, 15.4, -3.6], "size": [1, 3.5, 1], "uv": [69, 43], "inflate": -0.4},
					{"origin": [0.8, 15.8, -3.6], "size": [1, 3.1, 1], "uv": [69, 39], "inflate": -0.4},
					{"origin": [1, 16.3, -3.6], "size": [1, 2.6, 1], "uv": [0, 21], "inflate": -0.4}
				]
			},
			{
				"name": "bone139",
				"parent": "body",
				"pivot": [-0.4, 16, -2.6],
				"rotation": [0, 0, 22.5]
			},
			{
				"name": "bone140",
				"parent": "bone139",
				"pivot": [-0.95, 16, -3.1],
				"rotation": [0, -10, 10],
				"cubes": [
					{"origin": [-1.6, 15.5, -3.6], "size": [1.5, 1, 1], "uv": [28, 5], "inflate": -0.2}
				]
			},
			{
				"name": "bone141",
				"parent": "bone139",
				"pivot": [0.15, 16, -3.1],
				"rotation": [0, 10, -10],
				"cubes": [
					{"origin": [-0.7, 15.5, -3.6], "size": [1.5, 1, 1], "uv": [26, 16], "inflate": -0.2}
				]
			},
			{
				"name": "bone142",
				"parent": "bone139",
				"pivot": [-0.7, 15, -3.2],
				"rotation": [-10, 0, -12.5],
				"cubes": [
					{"origin": [-0.95094, 13.74325, -3.65473], "size": [1, 2.5, 1], "uv": [4, 5], "inflate": -0.3}
				]
			},
			{
				"name": "bone143",
				"parent": "bone139",
				"pivot": [-0.00761, 15.03827, -3.2],
				"rotation": [-10, 0, -20],
				"cubes": [
					{"origin": [-0.49889, 13.74149, -3.6653], "size": [1, 2.6, 1], "uv": [0, 5], "inflate": -0.3}
				]
			},
			{
				"name": "legLeft",
				"pivot": [1.75, 9, 0],
				"cubes": [
					{"origin": [0.249, 0, -1.5], "size": [3, 9, 3], "uv": [44, 19]},
					{"origin": [0.249, 0, -1.5], "size": [3, 1, 3], "uv": [52, 45], "inflate": 0.1}
				]
			},
			{
				"name": "legRight",
				"pivot": [-1.75, 9, 0],
				"cubes": [
					{"origin": [-3.249, 0, -1.5], "size": [3, 9, 3], "uv": [40, 41]},
					{"origin": [-3.249, 0, -1.5], "size": [3, 1, 3], "uv": [52, 41], "inflate": 0.1}
				]
			}
		]
	}
}