{
	"format_version": "1.10.0",
	"geometry.model": {
		"texturewidth": 128,
		"textureheight": 128,
		"visible_bounds_width": 3,
		"visible_bounds_height": 4,
		"visible_bounds_offset": [0, 1, 0],
		"bones": [
			{
				"name": "head",
				"pivot": [0, 18, 0],
				"cubes": [
					{"origin": [-4, 18, -4], "size": [8, 8, 8], "uv": [24, 24]},
					{"origin": [-4, 17.5, -4], "size": [8, 8.5, 8], "uv": [0, 0], "inflate": 0.2}
				]
			},
			{
				"name": "blink",
				"parent": "head",
				"pivot": [0, 18, 0],
				"cubes": [
					{"origin": [-4, 18, -4.001], "size": [8, 8, 0], "uv": [71, 33]}
				]
			},
			{
				"name": "bone53",
				"parent": "head",
				"pivot": [3.5, 25.2, 0],
				"rotation": [15, -20, -15]
			},
			{
				"name": "bone54",
				"parent": "bone53",
				"pivot": [5, 26.2, 0.5],
				"cubes": [
					{"origin": [4.5, 12, 0], "size": [1, 14, 1], "uv": [0, 72], "inflate": 0.1}
				]
			},
			{
				"name": "bone55",
				"parent": "bone53",
				"pivot": [5, 26.2, 0.5],
				"rotation": [-5, 0, -2],
				"cubes": [
					{"origin": [4.5, 12.2, 0], "size": [1, 14, 1], "uv": [35, 71], "inflate": 0.1}
				]
			},
			{
				"name": "bone56",
				"parent": "bone53",
				"pivot": [5, 26.2, 0.5],
				"rotation": [5, 0, -1],
				"cubes": [
					{"origin": [4.5, 12.5, 0], "size": [1, 14, 1], "uv": [14, 66], "inflate": 0.1}
				]
			},
			{
				"name": "bone57",
				"parent": "bone53",
				"pivot": [5, 26.2, 0.5],
				"rotation": [2.5, 0, -5.5],
				"cubes": [
					{"origin": [4.5, 13.2, 0.2], "size": [1, 13, 1], "uv": [12, 81], "inflate": 0.1}
				]
			},
			{
				"name": "bone58",
				"parent": "bone53",
				"pivot": [5, 26.2, 0.5],
				"rotation": [-2.5, 0, -7.5],
				"cubes": [
					{"origin": [4.5, 12.8, -0.1], "size": [1, 13, 1], "uv": [80, 41], "inflate": 0.1}
				]
			},
			{
				"name": "bone59",
				"parent": "bone53",
				"pivot": [4.7, 25.7, 0.5],
				"rotation": [0, 0, -20],
				"cubes": [
					{"origin": [3.6, 25.2, 0], "size": [1, 1, 1], "uv": [0, 22], "inflate": 0.1}
				]
			},
			{
				"name": "bone60",
				"parent": "head",
				"pivot": [4, 26.1, -0.3],
				"rotation": [-17.5, 0, -5]
			},
			{
				"name": "bone61",
				"parent": "bone60",
				"pivot": [3.39924, 26.79387, 0.87284],
				"rotation": [0, 42.5, 31],
				"cubes": [
					{"origin": [2.49886, 26.29387, 0.36413], "size": [2, 1, 1], "uv": [0, 16]}
				]
			},
			{
				"name": "bone62",
				"parent": "bone60",
				"pivot": [5.09962, 26.44133, -0.27424],
				"rotation": [-10, 29, 0],
				"cubes": [
					{"origin": [3.80076, 25.94133, -0.80038], "size": [2, 1, 1], "uv": [0, 6]}
				]
			},
			{
				"name": "bone64",
				"parent": "bone60",
				"pivot": [4.4, 26.16993, 0.10463],
				"rotation": [7.5, 0, -2],
				"cubes": [
					{"origin": [3.9, 21.66993, 0.10463], "size": [1, 5, 0], "uv": [6, 16]}
				]
			},
			{
				"name": "body",
				"pivot": [0, 10.5, 0],
				"cubes": [
					{"origin": [-3, 8.999, -3], "size": [6, 9, 6], "uv": [32, 0]},
					{"origin": [-3, 8.999, -3], "size": [6, 9, 6], "uv": [0, 32], "inflate": -0.1}
				]
			},
			{
				"name": "sittingRotationSkirt",
				"parent": "body",
				"pivot": [0, 10.5, 0]
			},
			{
				"name": "bone",
				"parent": "sittingRotationSkirt",
				"pivot": [0, 15, 0]
			},
			{
				"name": "bone2",
				"parent": "bone",
				"pivot": [0, 4.5, 0]
			},
			{
				"name": "bone3",
				"parent": "bone2",
				"pivot": [0, 4.5, 5.27792],
				"rotation": [23, 0, 0]
			},
			{
				"name": "bone4",
				"parent": "bone3",
				"pivot": [0, 4.5, 5.27792],
				"rotation": [0, -45, 0],
				"cubes": [
					{"origin": [-1, 4.5, 4.27792], "size": [2, 9, 2], "uv": [63, 77]}
				]
			},
			{
				"name": "bone5",
				"parent": "bone",
				"pivot": [0, 4.5, 0],
				"rotation": [0, -30, 0]
			},
			{
				"name": "bone6",
				"parent": "bone5",
				"pivot": [0, 4.5, 5.27792],
				"rotation": [23, 0, 0]
			},
			{
				"name": "bone7",
				"parent": "bone6",
				"pivot": [0, 4.5, 5.27792],
				"rotation": [0, -45, 0],
				"cubes": [
					{"origin": [-1, 4.5, 4.27792], "size": [2, 9, 2], "uv": [55, 77]}
				]
			},
			{
				"name": "bone8",
				"parent": "bone",
				"pivot": [0, 4.5, 0],
				"rotation": [0, -60, 0]
			},
			{
				"name": "bone9",
				"parent": "bone8",
				"pivot": [0, 4.5, 5.27792],
				"rotation": [23, 0, 0]
			},
			{
				"name": "bone10",
				"parent": "bone9",
				"pivot": [0, 4.5, 5.27792],
				"rotation": [0, -45, 0],
				"cubes": [
					{"origin": [-1, 4.5, 4.27792], "size": [2, 9, 2], "uv": [47, 77]}
				]
			},
			{
				"name": "bone11",
				"parent": "bone",
				"pivot": [0, 4.5, 0],
				"rotation": [0, -90, 0]
			},
			{
				"name": "bone12",
				"parent": "bone11",
				"pivot": [0, 4.5, 5.27792],
				"rotation": [23, 0, 0]
			},
			{
				"name": "bone13",
				"parent": "bone12",
				"pivot": [0, 4.5, 5.27792],
				"rotation": [0, -45, 0],
				"cubes": [
					{"origin": [-1, 4.5, 4.27792], "size": [2, 9, 2], "uv": [76, 62]}
				]
			},
			{
				"name": "bone14",
				"parent": "bone",
				"pivot": [0, 4.5, 0],
				"rotation": [0, -120, 0]
			},
			{
				"name": "bone15",
				"parent": "bone14",
				"pivot": [0, 4.5, 5.27792],
				"rotation": [23, 0, 0]
			},
			{
				"name": "bone16",
				"parent": "bone15",
				"pivot": [0, 4.5, 5.27792],
				"rotation": [0, -45, 0],
				"cubes": [
					{"origin": [-1, 4.5, 4.27792], "size": [2, 9, 2], "uv": [75, 11]}
				]
			},
			{
				"name": "bone17",
				"parent": "bone",
				"pivot": [0, 4.5, 0],
				"rotation": [0, -150, 0]
			},
			{
				"name": "bone18",
				"parent": "bone17",
				"pivot": [0, 4.5, 5.27792],
				"rotation": [23, 0, 0]
			},
			{
				"name": "bone19",
				"parent": "bone18",
				"pivot": [0, 4.5, 5.27792],
				"rotation": [0, -45, 0],
				"cubes": [
					{"origin": [-1, 4.5, 4.27792], "size": [2, 9, 2], "uv": [74, 75]}
				]
			},
			{
				"name": "bone20",
				"parent": "bone",
				"pivot": [0, 4.5, 0],
				"rotation": [0, -180, 0]
			},
			{
				"name": "bone21",
				"parent": "bone20",
				"pivot": [0, 4.5, 5.27792],
				"rotation": [23, 0, 0]
			},
			{
				"name": "bone22",
				"parent": "bone21",
				"pivot": [0, 4.5, 5.27792],
				"rotation": [0, -45, 0],
				"cubes": [
					{"origin": [-1, 4.5, 4.27792], "size": [2, 9, 2], "uv": [74, 0]}
				]
			},
			{
				"name": "bone23",
				"parent": "bone",
				"pivot": [0, 4.5, 0],
				"rotation": [0, -210, 0]
			},
			{
				"name": "bone24",
				"parent": "bone23",
				"pivot": [0, 4.5, 5.27792],
				"rotation": [23, 0, 0]
			},
			{
				"name": "bone25",
				"parent": "bone24",
				"pivot": [0, 4.5, 5.27792],
				"rotation": [0, -45, 0],
				"cubes": [
					{"origin": [-1, 4.5, 4.27792], "size": [2, 9, 2], "uv": [73, 22]}
				]
			},
			{
				"name": "bone26",
				"parent": "bone",
				"pivot": [0, 4.5, 0],
				"rotation": [0, -240, 0]
			},
			{
				"name": "bone27",
				"parent": "bone26",
				"pivot": [0, 4.5, 5.27792],
				"rotation": [23, 0, 0]
			},
			{
				"name": "bone28",
				"parent": "bone27",
				"pivot": [0, 4.5, 5.27792],
				"rotation": [0, -45, 0],
				"cubes": [
					{"origin": [-1, 4.5, 4.27792], "size": [2, 9, 2], "uv": [39, 72]}
				]
			},
			{
				"name": "bone29",
				"parent": "bone",
				"pivot": [0, 4.5, 0],
				"rotation": [0, -270, 0]
			},
			{
				"name": "bone30",
				"parent": "bone29",
				"pivot": [0, 4.5, 5.27792],
				"rotation": [23, 0, 0]
			},
			{
				"name": "bone31",
				"parent": "bone30",
				"pivot": [0, 4.5, 5.27792],
				"rotation": [0, -45, 0],
				"cubes": [
					{"origin": [-1, 4.5, 4.27792], "size": [2, 9, 2], "uv": [26, 72]}
				]
			},
			{
				"name": "bone32",
				"parent": "bone",
				"pivot": [0, 4.5, 0],
				"rotation": [0, -300, 0]
			},
			{
				"name": "bone33",
				"parent": "bone32",
				"pivot": [0, 4.5, 5.27792],
				"rotation": [23, 0, 0]
			},
			{
				"name": "bone34",
				"parent": "bone33",
				"pivot": [0, 4.5, 5.27792],
				"rotation": [0, -45, 0],
				"cubes": [
					{"origin": [-1, 4.5, 4.27792], "size": [2, 9, 2], "uv": [18, 72]}
				]
			},
			{
				"name": "bone35",
				"parent": "bone",
				"pivot": [0, 4.5, 0],
				"rotation": [0, -330, 0]
			},
			{
				"name": "bone36",
				"parent": "bone35",
				"pivot": [0, 4.5, 5.27792],
				"rotation": [23, 0, 0]
			},
			{
				"name": "bone37",
				"parent": "bone36",
				"pivot": [0, 4.5, 5.27792],
				"rotation": [0, -45, 0],
				"cubes": [
					{"origin": [-1, 4.5, 4.27792], "size": [2, 9, 2], "uv": [4, 72]}
				]
			},
			{
				"name": "bone38",
				"parent": "body",
				"pivot": [0, 10.5, 0],
				"cubes": [
					{"origin": [-3, 11.499, -3], "size": [6, 2, 6], "uv": [35, 40], "inflate": 0.1},
					{"origin": [-3.6, 11.999, -3.6], "size": [7.2, 1, 7.2], "uv": [24, 16], "inflate": -0.4},
					{"origin": [-6, 8.5, -6.8], "size": [8, 8, 8], "uv": [0, 16], "inflate": -3.4}
				]
			},
			{
				"name": "bone40",
				"parent": "body",
				"pivot": [0.95, 17.4, -3.2],
				"rotation": [0, 0, 17.5],
				"cubes": [
					{"origin": [0.4, 11.9, -3.53], "size": [2, 7.3, 7], "uv": [17, 40], "inflate": -0.5},
					{"origin": [0.7, 12.9, -3.53], "size": [2, 6.3, 7], "uv": [0, 47], "inflate": -0.5},
					{"origin": [1, 13.9, -3.53], "size": [2, 5.3, 7], "uv": [44, 48], "inflate": -0.5},
					{"origin": [1.3, 14.9, -3.53], "size": [2, 4.3, 7], "uv": [53, 33], "inflate": -0.5},
					{"origin": [1.6, 15.9, -3.53], "size": [2, 3.3, 7], "uv": [55, 55], "inflate": -0.5},
					{"origin": [1.9, 16.9, -3.53], "size": [2, 2.3, 7], "uv": [49, 8], "inflate": -0.5}
				]
			},
			{
				"name": "bone39",
				"parent": "body",
				"pivot": [-0.95, 17.4, -3.1],
				"rotation": [0, 0, -17.5],
				"cubes": [
					{"origin": [-2.3, 11.9, -3.51], "size": [1.9, 7.3, 7], "uv": [28, 48], "inflate": -0.5},
					{"origin": [-2.6, 12.9, -3.51], "size": [1.9, 6.3, 7], "uv": [48, 17], "inflate": -0.5},
					{"origin": [-2.9, 13.9, -3.51], "size": [1.9, 5.3, 7], "uv": [11, 54], "inflate": -0.5},
					{"origin": [-3.2, 14.9, -3.51], "size": [1.9, 4.3, 7], "uv": [55, 44], "inflate": -0.5},
					{"origin": [-3.5, 15.9, -3.51], "size": [1.9, 3.3, 7], "uv": [20, 62], "inflate": -0.5},
					{"origin": [-3.8, 16.9, -3.51], "size": [1.9, 2.3, 7], "uv": [57, 24], "inflate": -0.5}
				]
			},
			{
				"name": "bone41",
				"parent": "body",
				"pivot": [0, 10.5, 0],
				"cubes": [
					{"origin": [-3.1, 16.1, 2.1], "size": [6.3, 2, 1], "uv": [24, 0]}
				]
			},
			{
				"name": "bone48",
				"parent": "body",
				"pivot": [-1.9, 11.1, -2.8],
				"rotation": [-22.5, 32.5, 0]
			},
			{
				"name": "bone49",
				"parent": "bone48",
				"pivot": [-2.4, 11.4, -3.3],
				"rotation": [0, 0, -5],
				"cubes": [
					{"origin": [-2.9, 6.4, -3.8], "size": [1, 5, 1], "uv": [4, 0]}
				]
			},
			{
				"name": "bone51",
				"parent": "bone48",
				"pivot": [-3, 10.9, -3.3],
				"rotation": [0, 5, 10],
				"cubes": [
					{"origin": [-2.9, 10.4, -3.8], "size": [2, 1, 1], "uv": [0, 20]}
				]
			},
			{
				"name": "bone52",
				"parent": "bone48",
				"pivot": [-2.6, 10.9, -3.3],
				"rotation": [0, -5, -7.5],
				"cubes": [
					{"origin": [-4.7, 10.4, -3.8], "size": [2, 1, 1], "uv": [0, 18]}
				]
			},
			{
				"name": "bone50",
				"parent": "bone48",
				"pivot": [-3.1, 11.4, -3.3],
				"rotation": [0, 0, 5],
				"cubes": [
					{"origin": [-3.6, 6.4, -3.8], "size": [1, 5, 1], "uv": [0, 0]}
				]
			},
			{
				"name": "armLeft",
				"pivot": [3, 17.5, 0],
				"rotation": [0, 0, -25],
				"cubes": [
					{"origin": [3, 8.5, -1], "size": [2, 8, 2], "uv": [81, 20]},
					{"origin": [2.5, 10.5, -1.5], "size": [3, 7, 3], "uv": [68, 41], "inflate": -0.2}
				]
			},
			{
				"name": "bone45",
				"parent": "armLeft",
				"pivot": [4.1, 14.3, 0.3],
				"rotation": [-12.5, -37.5, 0]
			},
			{
				"name": "bone46",
				"parent": "bone45",
				"pivot": [4.1019, 14.8, 3.25642],
				"rotation": [0, -5, 0],
				"cubes": [
					{"origin": [3.6019, 11.3, 0.25642], "size": [1, 6, 6], "uv": [38, 60]}
				]
			},
			{
				"name": "bone47",
				"parent": "bone45",
				"pivot": [3.6, 14.8, 3.3],
				"rotation": [0, 5, 0],
				"cubes": [
					{"origin": [3.1, 11.3, 0.3], "size": [1, 6, 6], "uv": [0, 60]}
				]
			},
			{
				"name": "armRight",
				"pivot": [-3, 17.5, 0],
				"rotation": [0, 0, 25],
				"cubes": [
					{"origin": [-5, 8.5, -1], "size": [2, 8, 2], "uv": [82, 82]},
					{"origin": [-5.5, 10.5, -1.5], "size": [3, 7, 3], "uv": [68, 52], "inflate": -0.2}
				]
			},
			{
				"name": "bone42",
				"parent": "armRight",
				"pivot": [-4.1, 14.3, 0.3],
				"rotation": [-12.5, 37.5, 0]
			},
			{
				"name": "bone43",
				"parent": "bone42",
				"pivot": [-4.1019, 14.8, 3.25642],
				"rotation": [0, 5, 0],
				"cubes": [
					{"origin": [-4.6019, 11.3, 0.25642], "size": [1, 6, 6], "uv": [61, 12]}
				]
			},
			{
				"name": "bone44",
				"parent": "bone42",
				"pivot": [-3.6, 14.8, 3.3],
				"rotation": [0, -5, 0],
				"cubes": [
					{"origin": [-4.1, 11.3, 0.3], "size": [1, 6, 6], "uv": [60, 0]}
				]
			},
			{
				"name": "legLeft",
				"pivot": [2, 9, 0],
				"cubes": [
					{"origin": [0.3, 0, -1.5], "size": [3, 9, 3], "uv": [64, 65]},
					{"origin": [0.3, 0, -1.5], "size": [3, 1, 3], "uv": [37, 48], "inflate": 0.1}
				]
			},
			{
				"name": "legRight",
				"pivot": [-2, 9, 0],
				"cubes": [
					{"origin": [-3.3, 0, -1.5], "size": [3, 9, 3], "uv": [52, 65]},
					{"origin": [-3.3, 0, -1.5], "size": [3, 1, 3], "uv": [28, 40], "inflate": 0.1}
				]
			}
		]
	}
}