{
	"format_version": "1.10.0",
	"geometry.model": {
		"texturewidth": 128,
		"textureheight": 128,
		"visible_bounds_width": 3,
		"visible_bounds_height": 4,
		"visible_bounds_offset": [0, 1, 0],
		"bones": [
			{
				"name": "head",
				"pivot": [0, 18, 0],
				"cubes": [
					{"origin": [-4, 18, -4], "size": [8, 8, 8], "uv": [24, 24]},
					{"origin": [-4, 5, -4], "size": [8, 21, 8], "uv": [0, 0], "inflate": 0.2}
				]
			},
			{
				"name": "blink",
				"parent": "head",
				"pivot": [0, 18, 0],
				"cubes": [
					{"origin": [-4, 18, -4.001], "size": [8, 8, 0], "uv": [12, 47]}
				]
			},
			{
				"name": "armRight",
				"pivot": [-3, 17.5, 0],
				"rotation": [0, 0, 25],
				"cubes": [
					{"origin": [-5, 8.5, -1], "size": [2, 8, 2], "uv": [12, 55]}
				]
			},
			{
				"name": "bone2",
				"parent": "armRight",
				"pivot": [-4, 17.5, 0.25],
				"rotation": [16, 0, 0],
				"cubes": [
					{"origin": [-5.5, 9.5, -1.25], "size": [3, 8, 3], "uv": [52, 0], "inflate": 0.01}
				]
			},
			{
				"name": "bone",
				"parent": "armRight",
				"pivot": [-4, 17.5, 0.25],
				"rotation": [-5, 0, 0],
				"cubes": [
					{"origin": [-5.5, 9.5, -1.25], "size": [3, 8, 3], "uv": [49, 19]}
				]
			},
			{
				"name": "armLeft",
				"pivot": [3, 17.5, 0],
				"rotation": [0, 0, -25],
				"cubes": [
					{"origin": [3, 8.5, -1], "size": [2, 8, 2], "uv": [40, 52]}
				]
			},
			{
				"name": "bone3",
				"parent": "armLeft",
				"pivot": [4, 17.5, 0.25],
				"rotation": [16, 0, 0],
				"cubes": [
					{"origin": [2.5, 9.5, -1.25], "size": [3, 8, 3], "uv": [49, 49], "inflate": 0.01}
				]
			},
			{
				"name": "bone4",
				"parent": "armLeft",
				"pivot": [4, 17.5, 0.25],
				"rotation": [-5, 0, 0],
				"cubes": [
					{"origin": [2.5, 9.5, -1.25], "size": [3, 8, 3], "uv": [28, 47]}
				]
			},
			{
				"name": "body",
				"pivot": [0, 10.5, 0],
				"cubes": [
					{"origin": [-3, 10.899, -2], "size": [6, 7, 4], "uv": [0, 29], "inflate": 0.1},
					{"origin": [-3, 11.299, -2], "size": [6, 3, 4], "uv": [20, 40], "inflate": 0.2},
					{"origin": [-3.6, 12.399, -2.6], "size": [7.2, 1, 5.2], "uv": [24, 0], "inflate": -0.3}
				]
			},
			{
				"name": "bone7",
				"parent": "body",
				"pivot": [1.7, 12.799, -2.05],
				"rotation": [-2.5, 0, 1],
				"cubes": [
					{"origin": [1.4, 9.299, -2.55], "size": [1, 4, 1], "uv": [4, 0], "inflate": -0.3}
				]
			},
			{
				"name": "bone8",
				"parent": "body",
				"pivot": [2.3, 12.799, -2.05],
				"rotation": [-2.5, 0, -1],
				"cubes": [
					{"origin": [1.8, 9.299, -2.55], "size": [1, 4, 1], "uv": [0, 0], "inflate": -0.3}
				]
			},
			{
				"name": "bone9",
				"parent": "body",
				"pivot": [2.1, 12.899, -1.95],
				"cubes": [
					{"origin": [1.5, 12.399, -2.45], "size": [1.2, 1, 1], "uv": [0, 5], "inflate": -0.1}
				]
			},
			{
				"name": "bone5",
				"parent": "body",
				"pivot": [-0.9, 16.7, 0],
				"rotation": [0, 0, -23.5],
				"cubes": [
					{"origin": [-1.4, 14.2, -2], "size": [1, 4, 4], "uv": [52, 36], "inflate": 0.12}
				]
			},
			{
				"name": "bone6",
				"parent": "body",
				"pivot": [0.9, 16.7, 0],
				"rotation": [0, 0, 22.5],
				"cubes": [
					{"origin": [0.4, 14.2, -2], "size": [1, 4, 4], "uv": [52, 11], "inflate": 0.15}
				]
			},
			{
				"name": "sittingHiddenSkirt",
				"parent": "body",
				"pivot": [0, 10.5, 0]
			},
			{
				"name": "skirt",
				"parent": "sittingHiddenSkirt",
				"pivot": [0, 9.5, 0],
				"cubes": [
					{"origin": [-3, 7.699, -2], "size": [6, 3, 4], "uv": [0, 40], "inflate": 0.1},
					{"origin": [-3, 0.999, -2], "size": [6, 4, 4], "uv": [32, 6], "inflate": -0.1},
					{"origin": [-3, 3.999, -2], "size": [6, 4, 4], "uv": [32, 14]}
				]
			},
			{
				"name": "_sittingHiddenSkirt",
				"parent": "body",
				"pivot": [0.4, 9.6, -0.2],
				"rotation": [-62.5, 0, 0]
			},
			{
				"name": "skirt2",
				"parent": "_sittingHiddenSkirt",
				"pivot": [0.4, 8.6, -0.2]
			},
			{
				"name": "bone12",
				"parent": "skirt2",
				"pivot": [0.4, 1.84279, 1.15374],
				"rotation": [2.5, 0, 0],
				"cubes": [
					{"origin": [-3.5, 2.33338, -1.72098], "size": [6.9, 4, 4], "uv": [32, 6], "inflate": 0.25}
				]
			},
			{
				"name": "bone11",
				"parent": "skirt2",
				"pivot": [0.4, 5.39044, 0.69725],
				"rotation": [10, 0, 0],
				"cubes": [
					{"origin": [-3.5, 5.15228, -1.8514], "size": [6.9, 4, 4], "uv": [32, 14], "inflate": 0.17}
				]
			},
			{
				"name": "bone10",
				"parent": "skirt2",
				"pivot": [0.4, 8.6, -0.2],
				"rotation": [20, 0, 0],
				"cubes": [
					{"origin": [-3.4, 7.11035, -2.4703], "size": [6.8, 3, 4], "uv": [0, 40], "inflate": 0.1}
				]
			},
			{
				"name": "bone13",
				"parent": "skirt2",
				"pivot": [0.4, 9.99632, -1.08898],
				"rotation": [37.5, 0, 0],
				"cubes": [
					{"origin": [-3.3, 8.51266, -3.33248], "size": [6.6, 3, 4], "uv": [0, 40]}
				]
			},
			{
				"name": "legLeft",
				"pivot": [1.4, 8.75, 0],
				"cubes": [
					{"origin": [-0.201, -0.1, -1.5], "size": [3, 9, 3], "uv": [0, 47], "inflate": -0.2},
					{"origin": [-0.201, -0.2, -1.7], "size": [3, 1, 3.3], "uv": [0, 66], "inflate": -0.19}
				]
			},
			{
				"name": "legRight",
				"pivot": [-1.4, 8.75, 0],
				"cubes": [
					{"origin": [-2.799, -0.1, -1.5], "size": [3, 9, 3], "uv": [40, 40], "inflate": -0.2},
					{"origin": [-2.801, -0.2, -1.7], "size": [3, 1, 3.3], "uv": [0, 66], "inflate": -0.19}
				]
			}
		]
	}
}