{
	"format_version": "1.10.0",
	"geometry.model": {
		"texturewidth": 64,
		"textureheight": 64,
		"visible_bounds_width": 3,
		"visible_bounds_height": 4,
		"visible_bounds_offset": [0, 1, 0],
		"bones": [
			{
				"name": "head",
				"pivot": [0, 18, 0],
				"cubes": [
					{"origin": [-4, 18, -4], "size": [8, 8, 8], "uv": [0, 24]},
					{"origin": [-4, 10, -4], "size": [8, 16, 8], "uv": [0, 0], "inflate": 0.2}
				]
			},
			{
				"name": "blink",
				"parent": "head",
				"pivot": [0, 18, 0],
				"cubes": [
					{"origin": [-4, 18, -4.001], "size": [8, 8, 0], "uv": [24, 24]}
				]
			},
			{
				"name": "armRight",
				"pivot": [-3, 17.5, 0],
				"rotation": [0, 0, 25],
				"cubes": [
					{"origin": [-5, 8.5, -1], "size": [2, 8, 2], "uv": [44, 11], "inflate": 0.2},
					{"origin": [-5.5, 9.5, -1.5], "size": [3, 8, 3], "uv": [44, 0], "inflate": -0.1}
				]
			},
			{
				"name": "armLeft",
				"pivot": [3, 17.5, 0],
				"rotation": [0, 0, -25],
				"cubes": [
					{"origin": [2.5, 9.5, -1.5], "size": [3, 8, 3], "uv": [41, 21], "inflate": -0.1},
					{"origin": [3, 8.5, -1], "size": [2, 8, 2], "uv": [24, 40], "inflate": 0.2}
				]
			},
			{
				"name": "body",
				"pivot": [0, 10.5, 0],
				"cubes": [
					{"origin": [-3, 8.999, -3], "size": [6, 9, 6], "uv": [32, 32]}
				]
			},
			{
				"name": "sittingRotationSkirt",
				"parent": "body",
				"pivot": [0, 10.5, 0]
			},
			{
				"name": "bone",
				"parent": "sittingRotationSkirt",
				"pivot": [0, 6.75, 0]
			},
			{
				"name": "bone2",
				"parent": "bone",
				"pivot": [0, 6.75, 5.27792],
				"rotation": [45, 0, 0]
			},
			{
				"name": "bone3",
				"parent": "bone2",
				"pivot": [0, 6.75, 5.27792],
				"rotation": [0, -45, 0],
				"cubes": [
					{"origin": [-1, 6.75, 4.27792], "size": [2, 6, 2], "uv": [53, 19]}
				]
			},
			{
				"name": "bone4",
				"parent": "sittingRotationSkirt",
				"pivot": [0, 6.75, 0],
				"rotation": [0, -30, 0]
			},
			{
				"name": "bone5",
				"parent": "bone4",
				"pivot": [0, 6.75, 5.27792],
				"rotation": [45, 0, 0]
			},
			{
				"name": "bone6",
				"parent": "bone5",
				"pivot": [0, 6.75, 5.27792],
				"rotation": [0, -45, 0],
				"cubes": [
					{"origin": [-1, 6.75, 4.27792], "size": [2, 6, 2], "uv": [52, 11]}
				]
			},
			{
				"name": "bone7",
				"parent": "sittingRotationSkirt",
				"pivot": [0, 6.75, 0],
				"rotation": [0, -60, 0]
			},
			{
				"name": "bone8",
				"parent": "bone7",
				"pivot": [0, 6.75, 5.27792],
				"rotation": [45, 0, 0]
			},
			{
				"name": "bone9",
				"parent": "bone8",
				"pivot": [0, 6.75, 5.27792],
				"rotation": [0, -45, 0],
				"cubes": [
					{"origin": [-1, 6.75, 4.27792], "size": [2, 6, 2], "uv": [8, 52]}
				]
			},
			{
				"name": "bone10",
				"parent": "sittingRotationSkirt",
				"pivot": [0, 6.75, 0],
				"rotation": [0, -90, 0]
			},
			{
				"name": "bone11",
				"parent": "bone10",
				"pivot": [0, 6.75, 5.27792],
				"rotation": [45, 0, 0]
			},
			{
				"name": "bone12",
				"parent": "bone11",
				"pivot": [0, 6.75, 5.27792],
				"rotation": [0, -45, 0],
				"cubes": [
					{"origin": [-1, 6.75, 4.27792], "size": [2, 6, 2], "uv": [0, 52]}
				]
			},
			{
				"name": "bone13",
				"parent": "sittingRotationSkirt",
				"pivot": [0, 6.75, 0],
				"rotation": [0, -120, 0]
			},
			{
				"name": "bone14",
				"parent": "bone13",
				"pivot": [0, 6.75, 5.27792],
				"rotation": [45, 0, 0]
			},
			{
				"name": "bone15",
				"parent": "bone14",
				"pivot": [0, 6.75, 5.27792],
				"rotation": [0, -45, 0],
				"cubes": [
					{"origin": [-1, 6.75, 4.27792], "size": [2, 6, 2], "uv": [51, 30]}
				]
			},
			{
				"name": "bone16",
				"parent": "sittingRotationSkirt",
				"pivot": [0, 6.75, 0],
				"rotation": [0, -150, 0]
			},
			{
				"name": "bone17",
				"parent": "bone16",
				"pivot": [0, 6.75, 5.27792],
				"rotation": [45, 0, 0]
			},
			{
				"name": "bone18",
				"parent": "bone17",
				"pivot": [0, 6.75, 5.27792],
				"rotation": [0, -45, 0],
				"cubes": [
					{"origin": [-1, 6.75, 4.27792], "size": [2, 6, 2], "uv": [22, 50]}
				]
			},
			{
				"name": "bone19",
				"parent": "sittingRotationSkirt",
				"pivot": [0, 6.75, 0],
				"rotation": [0, -180, 0]
			},
			{
				"name": "bone20",
				"parent": "bone19",
				"pivot": [0, 6.75, 5.27792],
				"rotation": [45, 0, 0]
			},
			{
				"name": "bone21",
				"parent": "bone20",
				"pivot": [0, 6.75, 5.27792],
				"rotation": [0, -45, 0],
				"cubes": [
					{"origin": [-1, 6.75, 4.27792], "size": [2, 6, 2], "uv": [48, 48]}
				]
			},
			{
				"name": "bone22",
				"parent": "sittingRotationSkirt",
				"pivot": [0, 6.75, 0],
				"rotation": [0, -210, 0]
			},
			{
				"name": "bone23",
				"parent": "bone22",
				"pivot": [0, 6.75, 5.27792],
				"rotation": [45, 0, 0]
			},
			{
				"name": "bone24",
				"parent": "bone23",
				"pivot": [0, 6.75, 5.27792],
				"rotation": [0, -45, 0],
				"cubes": [
					{"origin": [-1, 6.75, 4.27792], "size": [2, 6, 2], "uv": [40, 47]}
				]
			},
			{
				"name": "bone25",
				"parent": "sittingRotationSkirt",
				"pivot": [0, 6.75, 0],
				"rotation": [0, -240, 0]
			},
			{
				"name": "bone26",
				"parent": "bone25",
				"pivot": [0, 6.75, 5.27792],
				"rotation": [45, 0, 0]
			},
			{
				"name": "bone27",
				"parent": "bone26",
				"pivot": [0, 6.75, 5.27792],
				"rotation": [0, -45, 0],
				"cubes": [
					{"origin": [-1, 6.75, 4.27792], "size": [2, 6, 2], "uv": [32, 47]}
				]
			},
			{
				"name": "bone28",
				"parent": "sittingRotationSkirt",
				"pivot": [0, 6.75, 0],
				"rotation": [0, -270, 0]
			},
			{
				"name": "bone29",
				"parent": "bone28",
				"pivot": [0, 6.75, 5.27792],
				"rotation": [45, 0, 0]
			},
			{
				"name": "bone30",
				"parent": "bone29",
				"pivot": [0, 6.75, 5.27792],
				"rotation": [0, -45, 0],
				"cubes": [
					{"origin": [-1, 6.75, 4.27792], "size": [2, 6, 2], "uv": [24, 0]}
				]
			},
			{
				"name": "bone31",
				"parent": "sittingRotationSkirt",
				"pivot": [0, 6.75, 0],
				"rotation": [0, -300, 0]
			},
			{
				"name": "bone32",
				"parent": "bone31",
				"pivot": [0, 6.75, 5.27792],
				"rotation": [45, 0, 0]
			},
			{
				"name": "bone33",
				"parent": "bone32",
				"pivot": [0, 6.75, 5.27792],
				"rotation": [0, -45, 0],
				"cubes": [
					{"origin": [-1, 6.75, 4.27792], "size": [2, 6, 2], "uv": [0, 24]}
				]
			},
			{
				"name": "bone34",
				"parent": "sittingRotationSkirt",
				"pivot": [0, 6.75, 0],
				"rotation": [0, -330, 0]
			},
			{
				"name": "bone35",
				"parent": "bone34",
				"pivot": [0, 6.75, 5.27792],
				"rotation": [45, 0, 0]
			},
			{
				"name": "bone36",
				"parent": "bone35",
				"pivot": [0, 6.75, 5.27792],
				"rotation": [0, -45, 0],
				"cubes": [
					{"origin": [-1, 6.75, 4.27792], "size": [2, 6, 2], "uv": [0, 0]}
				]
			},
			{
				"name": "legLeft",
				"pivot": [1.8, 9, 0],
				"cubes": [
					{"origin": [0.299, 0, -1.5], "size": [3, 9, 3], "uv": [12, 40]},
					{"origin": [0.199, 0, -1.5], "size": [3, 9, 3], "uv": [32, 12], "inflate": 0.15}
				]
			},
			{
				"name": "legRight",
				"pivot": [-1.7, 9, 0],
				"cubes": [
					{"origin": [-3.199, 0, -1.5], "size": [3, 9, 3], "uv": [0, 40]},
					{"origin": [-3.199, 0, -1.5], "size": [3, 9, 3], "uv": [32, 0], "inflate": 0.15}
				]
			}
		]
	}
}