{
	"format_version": "1.10.0",
	"geometry.model": {
		"texturewidth": 64,
		"textureheight": 64,
		"visible_bounds_width": 3,
		"visible_bounds_height": 4,
		"visible_bounds_offset": [0, 1, 0],
		"bones": [
			{
				"name": "head",
				"pivot": [0, 18, 0],
				"cubes": [
					{"origin": [-4, 18, -4], "size": [8, 8, 8], "uv": [24, 24]},
					{"origin": [-4, 8, -4.2], "size": [8, 18, 8], "uv": [0, 0], "inflate": 0.15}
				]
			},
			{
				"name": "blink",
				"parent": "head",
				"pivot": [0, 18, 0],
				"cubes": [
					{"origin": [-4, 18, -4.001], "size": [8, 8, 0], "uv": [24, 40]}
				]
			},
			{
				"name": "bone",
				"parent": "head",
				"pivot": [0, 24.1, 4.7],
				"rotation": [5, 0, 0]
			},
			{
				"name": "bone2",
				"parent": "bone",
				"pivot": [0, 22.1, 3.7],
				"cubes": [
					{"origin": [-1, 23.05, 4.3], "size": [2, 2, 1], "uv": [0, 0]}
				]
			},
			{
				"name": "bone3",
				"parent": "bone",
				"pivot": [0, 23.1, 4.2],
				"rotation": [0, -7.5, -17.5],
				"cubes": [
					{"origin": [0, 23.1, 3.7], "size": [4, 2, 1], "uv": [44, 17], "inflate": -0.1}
				]
			},
			{
				"name": "bone4",
				"parent": "bone",
				"pivot": [0, 23.1, 4.2],
				"rotation": [0, 7.5, 17.5],
				"cubes": [
					{"origin": [-4, 23.1, 3.7], "size": [4, 2, 1], "uv": [24, 0], "inflate": -0.1}
				]
			},
			{
				"name": "bone6",
				"parent": "bone",
				"pivot": [0, 24.1, 4.2],
				"rotation": [0, -7.5, 45],
				"cubes": [
					{"origin": [-0.37253, 23.27678, 3.84991], "size": [5, 2, 1], "uv": [18, 29], "inflate": -0.2}
				]
			},
			{
				"name": "bone5",
				"parent": "bone",
				"pivot": [0, 24.1, 4.2],
				"rotation": [0, 7.5, -45],
				"cubes": [
					{"origin": [-4.62747, 23.27678, 3.84991], "size": [5, 2, 1], "uv": [18, 26], "inflate": -0.2}
				]
			},
			{
				"name": "armRight",
				"pivot": [-3, 17.5, 0],
				"rotation": [0, 0, 25],
				"cubes": [
					{"origin": [-5, 8.8, -1], "size": [2, 8, 2], "uv": [12, 48], "inflate": 0.2},
					{"origin": [-5.5, 9.5, -1.5], "size": [3, 8, 3], "uv": [0, 41], "inflate": -0.1}
				]
			},
			{
				"name": "armLeft",
				"pivot": [3, 17.5, 0],
				"rotation": [0, 0, -25],
				"cubes": [
					{"origin": [2.5, 9.5, -1.5], "size": [3, 8, 3], "uv": [40, 40], "inflate": -0.1},
					{"origin": [3, 8.7, -1], "size": [2, 8, 2], "uv": [44, 7], "inflate": 0.2}
				]
			},
			{
				"name": "body",
				"pivot": [0, 10.5, 0],
				"cubes": [
					{"origin": [-3, 8.999, -2], "size": [6, 9, 4], "uv": [20, 51]}
				]
			},
			{
				"name": "bone7",
				"parent": "body",
				"pivot": [0, 17, -2],
				"rotation": [-2.5, 0, 0]
			},
			{
				"name": "bone8",
				"parent": "bone7",
				"pivot": [0, 17, -2],
				"rotation": [0, 0, 5],
				"cubes": [
					{"origin": [-0.90038, 15.00872, -2], "size": [1, 2, 0], "uv": [2, 3]}
				]
			},
			{
				"name": "bone9",
				"parent": "bone7",
				"pivot": [-0.25, 17, -2],
				"rotation": [-5, 0, -12.5],
				"cubes": [
					{"origin": [-0.25, 14, -2], "size": [1, 3, 0], "uv": [0, 3]}
				]
			},
			{
				"name": "legLeft",
				"pivot": [2, 9, 0],
				"cubes": [
					{"origin": [0.099, 0, -1.5], "size": [3, 9, 3], "uv": [32, 12]},
					{"origin": [0.099, 5.1, -1.5], "size": [3, 4, 3], "uv": [44, 0], "inflate": 0.151}
				]
			},
			{
				"name": "legRight",
				"pivot": [-1.6, 9, 0],
				"cubes": [
					{"origin": [-3.099, 0, -1.5], "size": [3, 9, 3], "uv": [32, 0]},
					{"origin": [-3.099, 5.1, -1.5], "size": [3, 4, 3], "uv": [12, 41], "inflate": 0.15}
				]
			}
		]
	}
}