{
	"pack_name": "{maid_pack.urara_littlemaid.name}",
	"author": [
		"Skeleton_Druid"
	],
	"description": [
		"{maid_pack.urara_littlemaid.desc}"
	],
	"date": "2020-7.20",
	"icon": "urara_littlemaid:textures/maid_icon.png",
	"version": "1.0.0",
	"model_list": [
		{
			"model_id": "urara_littlemaid:kou",
			"animation": [
				"touhou_little_maid:animation/maid/default/head/default.js",
				"touhou_little_maid:animation/maid/default/head/beg.js",
				"touhou_little_maid:animation/maid/default/head/music_shake.js",
				"touhou_little_maid:animation/maid/default/arm/default.js",
				"touhou_little_maid:animation/maid/default/arm/swing.js",
				"touhou_little_maid:animation/maid/default/leg/default.js",
				"touhou_little_maid:animation/maid/default/sit/default.js",
				"touhou_little_maid:animation/maid/default/head/blink.js"
			]
		},
		{
			"model_id": "urara_littlemaid:chiya",
			"animation": [
				"touhou_little_maid:animation/maid/default/head/default.js",
				"touhou_little_maid:animation/maid/default/head/beg.js",
				"touhou_little_maid:animation/maid/default/head/music_shake.js",
				"touhou_little_maid:animation/maid/default/arm/default.js",
				"touhou_little_maid:animation/maid/default/arm/swing.js",
				"touhou_little_maid:animation/maid/default/leg/default.js",
				"touhou_little_maid:animation/maid/default/sit/default.js",
				"touhou_little_maid:animation/maid/default/head/blink.js"
			]
		},
		{
			"model_id": "urara_littlemaid:koumei",
			"animation": [
				"touhou_little_maid:animation/maid/default/head/default.js",
				"touhou_little_maid:animation/maid/default/head/beg.js",
				"touhou_little_maid:animation/maid/default/head/music_shake.js",
				"touhou_little_maid:animation/maid/default/arm/default.js",
				"touhou_little_maid:animation/maid/default/arm/swing.js",
				"touhou_little_maid:animation/maid/default/leg/default.js",
				"touhou_little_maid:animation/maid/default/sit/default.js",
				"touhou_little_maid:animation/maid/default/head/blink.js"
			]
		},
		{
			"model_id": "urara_littlemaid:nainai",
			"animation": [
				"touhou_little_maid:animation/maid/default/head/default.js",
				"touhou_little_maid:animation/maid/default/head/beg.js",
				"touhou_little_maid:animation/maid/default/head/music_shake.js",
				"touhou_little_maid:animation/maid/default/arm/default.js",
				"touhou_little_maid:animation/maid/default/arm/swing.js",
				"touhou_little_maid:animation/maid/default/leg/default.js",
				"touhou_little_maid:animation/maid/default/sit/default.js",
				"touhou_little_maid:animation/maid/default/head/blink.js"
			]
		}
	]
}