{
	"pack_name": "{maid_pack.droneeee.name}",
	"author": ["goumo_g"],
	"icon": "droneeee:maid_icon.png",
	"date": "2021-02-01",
	"version": "1.0.1",
	"model_list": [
		{
			"model": "droneeee:models/entity/drone.json",
			"model_id": "droneeee:drone_black",
			"description": ["{model.droneeee.color_black.desc}"],
			"show_hata": false,
			"show_backpack": false,
			"can_hold_trolley": false,
			"can_hold_vehicle": false,
			"show_custom_head": false,
			"animation": ["droneeee:animation/drone.js"]
		},
		{
			"model": "droneeee:models/entity/drone.json",
			"model_id": "droneeee:drone_white",
			"description": ["{model.droneeee.color_white.desc}"],
			"show_hata": false,
			"show_backpack": false,
			"can_hold_trolley": false,
			"can_hold_vehicle": false,
			"show_custom_head": false,
			"animation": ["droneeee:animation/drone.js"]
		},
		{
			"model": "droneeee:models/entity/drone.json",
			"model_id": "droneeee:drone_brown",
			"description": ["{model.droneeee.color_brown.desc}"],
			"show_hata": false,
			"show_backpack": false,
			"can_hold_trolley": false,
			"can_hold_vehicle": false,
			"show_custom_head": false,
			"animation": ["droneeee:animation/drone.js"]
		},
		{
			"model": "droneeee:models/entity/drone.json",
			"model_id": "droneeee:drone_red",
			"description": ["{model.droneeee.color_red.desc}"],
			"show_hata": false,
			"show_backpack": false,
			"can_hold_trolley": false,
			"can_hold_vehicle": false,
			"show_custom_head": false,
			"animation": ["droneeee:animation/drone.js"]
		},
		{
			"model": "droneeee:models/entity/drone.json",
			"model_id": "droneeee:drone_orange",
			"description": ["{model.droneeee.color_orange.desc}"],
			"show_hata": false,
			"show_backpack": false,
			"can_hold_trolley": false,
			"can_hold_vehicle": false,
			"show_custom_head": false,
			"animation": ["droneeee:animation/drone.js"]
		},
		{
			"model": "droneeee:models/entity/drone.json",
			"model_id": "droneeee:drone_yellow",
			"description": ["{model.droneeee.color_yellow.desc}"],
			"show_hata": false,
			"show_backpack": false,
			"can_hold_trolley": false,
			"can_hold_vehicle": false,
			"show_custom_head": false,
			"animation": ["droneeee:animation/drone.js"]
		},
		{
			"model": "droneeee:models/entity/drone.json",
			"model_id": "droneeee:drone_green",
			"description": ["{model.droneeee.color_green.desc}"],
			"show_hata": false,
			"show_backpack": false,
			"can_hold_trolley": false,
			"can_hold_vehicle": false,
			"show_custom_head": false,
			"animation": ["droneeee:animation/drone.js"]
		},
		{
			"model": "droneeee:models/entity/drone.json",
			"model_id": "droneeee:drone_cyan",
			"description": ["{model.droneeee.color_cyan.desc}"],
			"show_hata": false,
			"show_backpack": false,
			"can_hold_trolley": false,
			"can_hold_vehicle": false,
			"show_custom_head": false,
			"animation": ["droneeee:animation/drone.js"]
		},
		{
			"model": "droneeee:models/entity/drone.json",
			"model_id": "droneeee:drone_blue",
			"description": ["{model.droneeee.color_blue.desc}"],
			"show_hata": false,
			"show_backpack": false,
			"can_hold_trolley": false,
			"can_hold_vehicle": false,
			"show_custom_head": false,
			"animation": ["droneeee:animation/drone.js"]
		},
		{
			"model": "droneeee:models/entity/drone.json",
			"model_id": "droneeee:drone_purple",
			"description": ["{model.droneeee.color_purple.desc}"],
			"show_hata": false,
			"show_backpack": false,
			"can_hold_trolley": false,
			"can_hold_vehicle": false,
			"show_custom_head": false,
			"animation": ["droneeee:animation/drone.js"]
		},
		{
			"model": "droneeee:models/entity/drone.json",
			"model_id": "droneeee:drone_pink",
			"description": ["{model.droneeee.color_pink.desc}"],
			"show_hata": false,
			"show_backpack": false,
			"can_hold_trolley": false,
			"can_hold_vehicle": false,
			"show_custom_head": false,
			"animation": ["droneeee:animation/drone.js"]
		},
		{
			"model": "droneeee:models/entity/fidget_spinner.json",
			"model_id": "droneeee:fidget_spinner_black",
			"description": ["{model.droneeee.color_black.desc}"],
			"show_hata": false,
			"show_backpack": false,
			"can_hold_trolley": false,
			"can_hold_vehicle": false,
			"show_custom_head": false,
			"animation": ["droneeee:animation/fidget_spinner.js"]
		},
		{
			"model": "droneeee:models/entity/fidget_spinner.json",
			"model_id": "droneeee:fidget_spinner_gray",
			"description": ["{model.droneeee.color_gray.desc}"],
			"show_hata": false,
			"show_backpack": false,
			"can_hold_trolley": false,
			"can_hold_vehicle": false,
			"show_custom_head": false,
			"animation": ["droneeee:animation/fidget_spinner.js"]
		},
		{
			"model": "droneeee:models/entity/fidget_spinner.json",
			"model_id": "droneeee:fidget_spinner_white",
			"description": ["{model.droneeee.color_white.desc}"],
			"show_hata": false,
			"show_backpack": false,
			"can_hold_trolley": false,
			"can_hold_vehicle": false,
			"show_custom_head": false,
			"animation": ["droneeee:animation/fidget_spinner.js"]
		},
		{
			"model": "droneeee:models/entity/fidget_spinner.json",
			"model_id": "droneeee:fidget_spinner_brown",
			"description": ["{model.droneeee.color_brown.desc}"],
			"show_hata": false,
			"show_backpack": false,
			"can_hold_trolley": false,
			"can_hold_vehicle": false,
			"show_custom_head": false,
			"animation": ["droneeee:animation/fidget_spinner.js"]
		},
		{
			"model": "droneeee:models/entity/fidget_spinner.json",
			"model_id": "droneeee:fidget_spinner_red",
			"description": ["{model.droneeee.color_red.desc}"],
			"show_hata": false,
			"show_backpack": false,
			"can_hold_trolley": false,
			"can_hold_vehicle": false,
			"show_custom_head": false,
			"animation": ["droneeee:animation/fidget_spinner.js"]
		},
		{
			"model": "droneeee:models/entity/fidget_spinner.json",
			"model_id": "droneeee:fidget_spinner_orange",
			"description": ["{model.droneeee.color_orange.desc}"],
			"show_hata": false,
			"show_backpack": false,
			"can_hold_trolley": false,
			"can_hold_vehicle": false,
			"show_custom_head": false,
			"animation": ["droneeee:animation/fidget_spinner.js"]
		},
		{
			"model": "droneeee:models/entity/fidget_spinner.json",
			"model_id": "droneeee:fidget_spinner_yellow",
			"description": ["{model.droneeee.color_yellow.desc}"],
			"show_hata": false,
			"show_backpack": false,
			"can_hold_trolley": false,
			"can_hold_vehicle": false,
			"show_custom_head": false,
			"animation": ["droneeee:animation/fidget_spinner.js"]
		},
		{
			"model": "droneeee:models/entity/fidget_spinner.json",
			"model_id": "droneeee:fidget_spinner_green",
			"description": ["{model.droneeee.color_green.desc}"],
			"show_hata": false,
			"show_backpack": false,
			"can_hold_trolley": false,
			"can_hold_vehicle": false,
			"show_custom_head": false,
			"animation": ["droneeee:animation/fidget_spinner.js"]
		},
		{
			"model": "droneeee:models/entity/fidget_spinner.json",
			"model_id": "droneeee:fidget_spinner_blue",
			"description": ["{model.droneeee.color_blue.desc}"],
			"show_hata": false,
			"show_backpack": false,
			"can_hold_trolley": false,
			"can_hold_vehicle": false,
			"show_custom_head": false,
			"animation": ["droneeee:animation/fidget_spinner.js"]
		},
		{
			"model": "droneeee:models/entity/fidget_spinner.json",
			"model_id": "droneeee:fidget_spinner_purple",
			"description": ["{model.droneeee.color_purple.desc}"],
			"show_hata": false,
			"show_backpack": false,
			"can_hold_trolley": false,
			"can_hold_vehicle": false,
			"show_custom_head": false,
			"animation": ["droneeee:animation/fidget_spinner.js"]
		},
		{
			"model": "droneeee:models/entity/fidget_spinner.json",
			"model_id": "droneeee:fidget_spinner_pink",
			"description": ["{model.droneeee.color_pink.desc}"],
			"show_hata": false,
			"show_backpack": false,
			"can_hold_trolley": false,
			"can_hold_vehicle": false,
			"show_custom_head": false,
			"animation": ["droneeee:animation/fidget_spinner.js"]
		},
		{
			"model": "droneeee:models/entity/drone_girl.json",
			"model_id": "droneeee:drone_girl",
			"animation": ["touhou_little_maid:animation/maid/default/head/default.js", "touhou_little_maid:animation/maid/default/head/beg.js", "touhou_little_maid:animation/maid/default/head/blink.js", "droneeee:animation/drone_girl.js"]
		}
	]
}