{
	"format_version": "1.10.0",
	"geometry.model": {
		"texturewidth": 64,
		"textureheight": 64,
		"visible_bounds_width": 1,
		"visible_bounds_height": 2,
		"visible_bounds_offset": [0, 1, 0],
		"bones": [
			{
				"name": "head",
				"pivot": [-0.064, 18, 0],
				"cubes": [
					{"origin": [-4.064, 18, -4], "size": [8, 8, 8], "uv": [0, 0]}
				]
			},
			{
				"name": "blink",
				"parent": "head",
				"pivot": [-0.064, 0, 0],
				"cubes": [
					{"origin": [-4.064, 18, -4.001], "size": [8, 8, 0], "uv": [32, 8]}
				]
			},
			{
				"name": "headleave3",
				"parent": "head",
				"pivot": [5.18478, 16.8503, -2.5],
				"rotation": [0, 0, 15],
				"cubes": [
					{"origin": [2.68478, 13.6623, -4], "size": [1, 4, 1], "uv": [59, 21]}
				]
			},
			{
				"name": "headleave4",
				"parent": "head",
				"pivot": [5.18478, 16.8503, -2.5],
				"rotation": [0, 0, -15],
				"cubes": [
					{"origin": [-3.44722, 16.3703, -4], "size": [1, 4, 1], "uv": [59, 21]}
				]
			},
			{
				"name": "headleave5",
				"parent": "head",
				"pivot": [-2.41522, 15.5503, -3.5],
				"rotation": [0, 0, -25],
				"cubes": [
					{"origin": [-3.21522, 14.0503, -4], "size": [1, 3, 1], "uv": [59, 21]},
					{"origin": [-3.21522, 12.8583, -4], "size": [1, 3, 1], "uv": [59, 21]}
				]
			},
			{
				"name": "headleave6",
				"parent": "head",
				"pivot": [-2.91522, 17.6503, -3.5],
				"rotation": [0, 0, -15],
				"cubes": [
					{"origin": [1.58478, 11.5823, -4], "size": [1, 3, 1], "uv": [59, 21]}
				]
			},
			{
				"name": "headleave7",
				"parent": "head",
				"pivot": [-2.41522, 15.5503, -3.5],
				"rotation": [0, 0, 25],
				"cubes": [
					{"origin": [1.68478, 15.5143, -4], "size": [1, 3, 1], "uv": [59, 21]},
					{"origin": [1.68478, 15.0183, -4], "size": [1, 3, 1], "uv": [59, 21]}
				]
			},
			{
				"name": "headleave8",
				"parent": "head",
				"pivot": [-2.91522, 17.6503, -3.5],
				"rotation": [0, 0, 15],
				"cubes": [
					{"origin": [-2.91522, 12.9623, -4], "size": [1, 3, 1], "uv": [59, 21]}
				]
			},
			{
				"name": "headleave9",
				"parent": "head",
				"pivot": [-0.18549, 16.98073, 7.41241],
				"rotation": [15, 0, 0],
				"cubes": [
					{"origin": [-1.68549, 21.49224, 5.91241], "size": [3, 6, 3], "uv": [0, 55]}
				]
			},
			{
				"name": "headleave10",
				"parent": "head",
				"pivot": [-0.18549, 16.98073, 7.41241],
				"rotation": [5, 0, -15],
				"cubes": [
					{"origin": [-0.40602, 15.90982, 5.12595], "size": [3, 6, 3], "uv": [0, 56]}
				]
			},
			{
				"name": "headleave16",
				"parent": "head",
				"pivot": [-2.41522, 15.5503, -3.5],
				"rotation": [-26, 0, 0],
				"cubes": [
					{"origin": [-1.05322, 26.37764, -4.28841], "size": [2, 3, 3.488], "uv": [0, 47]}
				]
			},
			{
				"name": "headleave33",
				"parent": "head",
				"pivot": [3.09078, 27.96233, -4.3522],
				"rotation": [-21, 25, 0],
				"cubes": [
					{"origin": [-2.57884, 27.35712, -0.1369], "size": [4, 2, 2], "uv": [0, 47]},
					{"origin": [-7.12884, 26.95082, -0.11165], "size": [4, 2, 2], "uv": [0, 47]}
				]
			},
			{
				"name": "headleave34",
				"parent": "head",
				"pivot": [3.09078, 27.96233, -4.3522],
				"rotation": [-21, -25, 0],
				"cubes": [
					{"origin": [-0.8976, 28.23082, 2.51235], "size": [4, 2, 2], "uv": [0, 47]},
					{"origin": [3.49239, 27.95251, 2.5376], "size": [4, 2, 2], "uv": [0, 47]}
				]
			},
			{
				"name": "headleave",
				"parent": "head",
				"pivot": [0, 17.63163, -0.48048],
				"rotation": [-5, 0, 0],
				"cubes": [
					{"origin": [-3.54955, 24.47848, -4.74074], "size": [7, 1, 1], "uv": [16, 10]}
				]
			},
			{
				"name": "headleave2",
				"parent": "headleave",
				"pivot": [-2.69069, 18.27227, 0.67267],
				"rotation": [0, 0, 9]
			},
			{
				"name": "headleave22",
				"parent": "headleave2",
				"pivot": [-2.69069, 18.27227, 0.67267],
				"cubes": [
					{"origin": [-4.66627, 22.50966, -4.74074], "size": [1.27227, 2.74575, 1], "uv": [19, 10]}
				]
			},
			{
				"name": "headleave23",
				"parent": "headleave2",
				"pivot": [-3.86336, 23.2968, -4.28879],
				"rotation": [0, 0, 13],
				"cubes": [
					{"origin": [-4.12276, 21.57181, -4.74074], "size": [1.06406, 3.56256, 1], "uv": [19, 10]}
				]
			},
			{
				"name": "headleave18",
				"parent": "headleave2",
				"pivot": [-3.86336, 23.2968, -4.28879],
				"rotation": [0, 0, 13],
				"cubes": [
					{"origin": [-3.70634, 20.94718, -4.74074], "size": [1.06406, 3.56256, 1], "uv": [19, 10]}
				]
			},
			{
				"name": "headleave24",
				"parent": "headleave2",
				"pivot": [-3.86336, 23.2968, -4.28879],
				"rotation": [0, 0, -27],
				"cubes": [
					{"origin": [-2.04068, 19.84208, -4.74074], "size": [1.27227, 4.28328, 1], "uv": [4, 11]}
				]
			},
			{
				"name": "headleave25",
				"parent": "headleave2",
				"pivot": [-3.86336, 23.2968, -4.28879],
				"rotation": [0, 0, -32],
				"cubes": [
					{"origin": [-0.95159, 19.21745, -4.74074], "size": [1.27227, 4.28328, 1], "uv": [26, 10]}
				]
			},
			{
				"name": "headleave26",
				"parent": "headleave2",
				"pivot": [-3.86336, 23.2968, -4.28879],
				"rotation": [0, 0, -37],
				"cubes": [
					{"origin": [1.09846, 19.74598, -4.74074], "size": [0.87187, 2.21722, 1], "uv": [26, 10]}
				]
			},
			{
				"name": "headleave21",
				"parent": "headleave2",
				"pivot": [-3.86336, 23.2968, -4.28879],
				"rotation": [0, 0, -37],
				"cubes": [
					{"origin": [1.98288, 21.17002, -4.74074], "size": [0.87187, 0.88789, 1], "uv": [26, 10]}
				]
			},
			{
				"name": "headleave11",
				"parent": "headleave2",
				"pivot": [-3.86336, 23.2968, -4.28879],
				"rotation": [0, 0, -37],
				"cubes": [
					{"origin": [0.15352, 18.22446, -4.74074], "size": [1.11211, 4.36336, 1], "uv": [26, 10]}
				]
			},
			{
				"name": "headleave12",
				"parent": "headleave2",
				"pivot": [-3.86336, 23.2968, -4.28879],
				"rotation": [0, 0, -37],
				"cubes": [
					{"origin": [0.36173, 18.22446, -4.88489], "size": [0.31131, 2.32933, 0.04805], "uv": [62, 11]}
				]
			},
			{
				"name": "headleave14",
				"parent": "headleave2",
				"pivot": [-3.86336, 23.2968, -4.28879],
				"rotation": [0, 0, -31],
				"cubes": [
					{"origin": [-0.77211, 19.2428, -4.86954], "size": [0.31131, 2.32933, 0.04805], "uv": [62, 11]}
				]
			},
			{
				"name": "headleave27",
				"parent": "headleave2",
				"pivot": [-3.86336, 23.2968, -4.28879],
				"rotation": [0, 0, -28],
				"cubes": [
					{"origin": [-2.0444, 19.83573, -4.87372], "size": [0.31131, 2.15315, 0.04805], "uv": [62, 11]}
				]
			},
			{
				"name": "headleave19",
				"parent": "headleave2",
				"pivot": [-3.86336, 23.2968, -4.28879],
				"rotation": [0, 0, -18],
				"cubes": [
					{"origin": [-1.84492, 22.32462, -4.87372], "size": [0.31131, 1.32032, 0.04805], "uv": [62, 11]}
				]
			},
			{
				"name": "headleave15",
				"parent": "headleave2",
				"pivot": [-3.86336, 23.2968, -4.28879],
				"rotation": [0, 0, -21],
				"cubes": [
					{"origin": [-0.5196, 22.13512, -4.86954], "size": [0.31131, 1.75275, 0.04805], "uv": [62, 11]}
				]
			},
			{
				"name": "headleave13",
				"parent": "headleave2",
				"pivot": [-3.86336, 23.2968, -4.28879],
				"rotation": [0, 0, -27],
				"cubes": [
					{"origin": [0.77386, 21.32914, -4.88489], "size": [0.31131, 2.53754, 0.04805], "uv": [62, 11]}
				]
			},
			{
				"name": "headleave28",
				"parent": "headleave2",
				"pivot": [-3.86336, 23.2968, -4.28879],
				"rotation": [0, 0, -22],
				"cubes": [
					{"origin": [-2.71335, 20.35459, -4.74074], "size": [1.09609, 4.28328, 1], "uv": [19, 10]}
				]
			},
			{
				"name": "armRight",
				"pivot": [-3, 17.5, 0],
				"rotation": [0, 0, 25],
				"cubes": [
					{"origin": [-5, 9.5, -1], "size": [2, 8, 2], "uv": [39, 37]}
				]
			},
			{
				"name": "armRight2",
				"parent": "armRight",
				"pivot": [-3, 17.5, 0]
			},
			{
				"name": "armRight3",
				"parent": "armRight2",
				"pivot": [-3, 17.5, 0],
				"cubes": [
					{"origin": [-5.536, 14.492, -1.576], "size": [3, 1, 3], "uv": [25, 53]}
				]
			},
			{
				"name": "armRight4",
				"parent": "armRight2",
				"pivot": [-3, 17.5, 0],
				"rotation": [25, 0, 20],
				"cubes": [
					{"origin": [-4.69628, 11.40198, -0.87342], "size": [1, 3, 1], "uv": [25, 53]}
				]
			},
			{
				"name": "armRight6",
				"parent": "armRight2",
				"pivot": [-3, 17.5, 0],
				"rotation": [5, 0, 20],
				"cubes": [
					{"origin": [-4.69628, 11.29736, -0.71991], "size": [1, 3, 1], "uv": [25, 53]}
				]
			},
			{
				"name": "armRight5",
				"parent": "armRight2",
				"pivot": [-3, 17.5, 0],
				"rotation": [-5, 0, 20],
				"cubes": [
					{"origin": [-4.69628, 11.28411, -0.43151], "size": [1, 3, 1], "uv": [25, 53]}
				]
			},
			{
				"name": "armRight9",
				"parent": "armRight2",
				"pivot": [-3, 17.5, 0],
				"rotation": [-25, 0, 20],
				"cubes": [
					{"origin": [-4.69628, 11.33774, -0.26434], "size": [1, 3, 1], "uv": [25, 53]}
				]
			},
			{
				"name": "armRight10",
				"parent": "armRight2",
				"pivot": [-3, 17.5, 0],
				"rotation": [-25, 0, 10],
				"cubes": [
					{"origin": [-4.63612, 11.52268, -0.35058], "size": [1, 3, 1], "uv": [25, 53]}
				]
			},
			{
				"name": "armRight11",
				"parent": "armRight2",
				"pivot": [-3, 17.5, 0],
				"rotation": [-25, 0, 0],
				"cubes": [
					{"origin": [-4.54143, 11.69534, -0.43109], "size": [1, 3, 1], "uv": [25, 53]}
				]
			},
			{
				"name": "armRight13",
				"parent": "armRight2",
				"pivot": [-3, 17.5, 0],
				"rotation": [-25, 0, -20],
				"cubes": [
					{"origin": [-4.25076, 11.98001, -0.56383], "size": [1, 3, 1], "uv": [25, 53]}
				]
			},
			{
				"name": "armRight14",
				"parent": "armRight2",
				"pivot": [-3, 17.5, 0],
				"rotation": [-15, 0, -20],
				"cubes": [
					{"origin": [-4.25076, 11.98813, -0.529], "size": [1, 3, 1], "uv": [25, 53]}
				]
			},
			{
				"name": "armRight15",
				"parent": "armRight2",
				"pivot": [-3, 17.5, 0],
				"rotation": [-5, 0, -20],
				"cubes": [
					{"origin": [-4.25076, 11.99008, -0.49328], "size": [1, 3, 1], "uv": [25, 53]}
				]
			},
			{
				"name": "armRight16",
				"parent": "armRight2",
				"pivot": [-3, 17.5, 0],
				"rotation": [5, 0, -20],
				"cubes": [
					{"origin": [-4.25076, 11.9858, -0.45776], "size": [1, 3, 1], "uv": [25, 53]}
				]
			},
			{
				"name": "armRight18",
				"parent": "armRight2",
				"pivot": [-3, 17.5, 0],
				"rotation": [25, 0, -20],
				"cubes": [
					{"origin": [-4.25076, 11.95924, -0.39162], "size": [1, 3, 1], "uv": [25, 53]}
				]
			},
			{
				"name": "armRight19",
				"parent": "armRight2",
				"pivot": [-3, 17.5, 0],
				"rotation": [25, 0, -10],
				"cubes": [
					{"origin": [-4.40441, 11.828, -0.45282], "size": [1, 3, 1], "uv": [25, 53]}
				]
			},
			{
				"name": "armRight20",
				"parent": "armRight2",
				"pivot": [-3, 17.5, 0],
				"rotation": [25, 0, 10],
				"cubes": [
					{"origin": [-4.62543, 11.50362, -0.60408], "size": [1, 3, 1], "uv": [25, 53]}
				]
			},
			{
				"name": "armRight22",
				"parent": "armRight2",
				"pivot": [-3, 17.5, 0],
				"rotation": [25, 0, 20],
				"cubes": [
					{"origin": [-4.68609, 11.32033, -0.68955], "size": [1, 3, 1], "uv": [25, 53]}
				]
			},
			{
				"name": "armRight21",
				"parent": "armRight2",
				"pivot": [-3, 17.5, 0],
				"rotation": [25, 0, 0],
				"cubes": [
					{"origin": [-4.53057, 11.67457, -0.52437], "size": [1, 3, 1], "uv": [25, 53]}
				]
			},
			{
				"name": "armRight17",
				"parent": "armRight2",
				"pivot": [-3, 17.5, 0],
				"rotation": [15, 0, -20],
				"cubes": [
					{"origin": [-4.25076, 11.97541, -0.42353], "size": [1, 3, 1], "uv": [25, 53]}
				]
			},
			{
				"name": "armRight12",
				"parent": "armRight2",
				"pivot": [-3, 17.5, 0],
				"rotation": [-25, 0, -10],
				"cubes": [
					{"origin": [-4.41509, 11.85048, -0.50343], "size": [1, 3, 1], "uv": [25, 53]}
				]
			},
			{
				"name": "armRight8",
				"parent": "armRight2",
				"pivot": [-3, 17.5, 0],
				"rotation": [-15, 0, 20],
				"cubes": [
					{"origin": [-4.69628, 11.30361, -0.34558], "size": [1, 3, 1], "uv": [25, 53]}
				]
			},
			{
				"name": "armRight7",
				"parent": "armRight2",
				"pivot": [-3, 17.5, 0],
				"rotation": [15, 0, 20],
				"cubes": [
					{"origin": [-4.69628, 11.34295, -0.80124], "size": [1, 3, 1], "uv": [25, 53]}
				]
			},
			{
				"name": "armLeft",
				"pivot": [3, 17.5, 0],
				"rotation": [0, 0, -25],
				"cubes": [
					{"origin": [3, 9.5, -1], "size": [2, 8, 2], "uv": [0, 35]}
				]
			},
			{
				"name": "armLeft2",
				"parent": "armLeft",
				"pivot": [3, 17.5, 0]
			},
			{
				"name": "armRight24",
				"parent": "armLeft2",
				"pivot": [3, 17.5, 0],
				"cubes": [
					{"origin": [2.536, 14.492, -1.576], "size": [3, 1, 3], "uv": [25, 53], "mirror": true}
				]
			},
			{
				"name": "armRight25",
				"parent": "armLeft2",
				"pivot": [3, 17.5, 0],
				"rotation": [25, 0, -20],
				"cubes": [
					{"origin": [3.69628, 11.40198, -0.87342], "size": [1, 3, 1], "uv": [25, 53], "mirror": true}
				]
			},
			{
				"name": "armRight26",
				"parent": "armLeft2",
				"pivot": [3, 17.5, 0],
				"rotation": [5, 0, -20],
				"cubes": [
					{"origin": [3.69628, 11.29736, -0.71991], "size": [1, 3, 1], "uv": [25, 53], "mirror": true}
				]
			},
			{
				"name": "armRight27",
				"parent": "armLeft2",
				"pivot": [3, 17.5, 0],
				"rotation": [-5, 0, -20],
				"cubes": [
					{"origin": [3.69628, 11.28411, -0.43151], "size": [1, 3, 1], "uv": [25, 53], "mirror": true}
				]
			},
			{
				"name": "armRight28",
				"parent": "armLeft2",
				"pivot": [3, 17.5, 0],
				"rotation": [-25, 0, -20],
				"cubes": [
					{"origin": [3.69628, 11.33774, -0.26434], "size": [1, 3, 1], "uv": [25, 53], "mirror": true}
				]
			},
			{
				"name": "armRight29",
				"parent": "armLeft2",
				"pivot": [3, 17.5, 0],
				"rotation": [-25, 0, -10],
				"cubes": [
					{"origin": [3.63612, 11.52268, -0.35058], "size": [1, 3, 1], "uv": [25, 53], "mirror": true}
				]
			},
			{
				"name": "armRight30",
				"parent": "armLeft2",
				"pivot": [3, 17.5, 0],
				"rotation": [-25, 0, 0],
				"cubes": [
					{"origin": [3.54143, 11.69534, -0.43109], "size": [1, 3, 1], "uv": [25, 53], "mirror": true}
				]
			},
			{
				"name": "armRight31",
				"parent": "armLeft2",
				"pivot": [3, 17.5, 0],
				"rotation": [-25, 0, 20],
				"cubes": [
					{"origin": [3.25076, 11.98001, -0.56383], "size": [1, 3, 1], "uv": [25, 53], "mirror": true}
				]
			},
			{
				"name": "armRight32",
				"parent": "armLeft2",
				"pivot": [3, 17.5, 0],
				"rotation": [-15, 0, 20],
				"cubes": [
					{"origin": [3.25076, 11.98813, -0.529], "size": [1, 3, 1], "uv": [25, 53], "mirror": true}
				]
			},
			{
				"name": "armRight33",
				"parent": "armLeft2",
				"pivot": [3, 17.5, 0],
				"rotation": [-5, 0, 20],
				"cubes": [
					{"origin": [3.25076, 11.99008, -0.49328], "size": [1, 3, 1], "uv": [25, 53], "mirror": true}
				]
			},
			{
				"name": "armRight34",
				"parent": "armLeft2",
				"pivot": [3, 17.5, 0],
				"rotation": [5, 0, 20],
				"cubes": [
					{"origin": [3.25076, 11.9858, -0.45776], "size": [1, 3, 1], "uv": [25, 53], "mirror": true}
				]
			},
			{
				"name": "armRight35",
				"parent": "armLeft2",
				"pivot": [3, 17.5, 0],
				"rotation": [25, 0, 20],
				"cubes": [
					{"origin": [3.25076, 11.95924, -0.39162], "size": [1, 3, 1], "uv": [25, 53], "mirror": true}
				]
			},
			{
				"name": "armRight36",
				"parent": "armLeft2",
				"pivot": [3, 17.5, 0],
				"rotation": [25, 0, 10],
				"cubes": [
					{"origin": [3.40441, 11.828, -0.45282], "size": [1, 3, 1], "uv": [25, 53], "mirror": true}
				]
			},
			{
				"name": "armRight37",
				"parent": "armLeft2",
				"pivot": [3, 17.5, 0],
				"rotation": [25, 0, -10],
				"cubes": [
					{"origin": [3.62543, 11.50362, -0.60408], "size": [1, 3, 1], "uv": [25, 53], "mirror": true}
				]
			},
			{
				"name": "armRight38",
				"parent": "armLeft2",
				"pivot": [3, 17.5, 0],
				"rotation": [25, 0, -20],
				"cubes": [
					{"origin": [3.68609, 11.32033, -0.68955], "size": [1, 3, 1], "uv": [25, 53], "mirror": true}
				]
			},
			{
				"name": "armRight39",
				"parent": "armLeft2",
				"pivot": [3, 17.5, 0],
				"rotation": [25, 0, 0],
				"cubes": [
					{"origin": [3.53057, 11.67457, -0.52437], "size": [1, 3, 1], "uv": [25, 53], "mirror": true}
				]
			},
			{
				"name": "armRight40",
				"parent": "armLeft2",
				"pivot": [3, 17.5, 0],
				"rotation": [15, 0, 20],
				"cubes": [
					{"origin": [3.25076, 11.97541, -0.42353], "size": [1, 3, 1], "uv": [25, 53], "mirror": true}
				]
			},
			{
				"name": "armRight41",
				"parent": "armLeft2",
				"pivot": [3, 17.5, 0],
				"rotation": [-25, 0, 10],
				"cubes": [
					{"origin": [3.41509, 11.85048, -0.50343], "size": [1, 3, 1], "uv": [25, 53], "mirror": true}
				]
			},
			{
				"name": "armRight42",
				"parent": "armLeft2",
				"pivot": [3, 17.5, 0],
				"rotation": [-15, 0, -20],
				"cubes": [
					{"origin": [3.69628, 11.30361, -0.34558], "size": [1, 3, 1], "uv": [25, 53], "mirror": true}
				]
			},
			{
				"name": "armRight43",
				"parent": "armLeft2",
				"pivot": [3, 17.5, 0],
				"rotation": [15, 0, -20],
				"cubes": [
					{"origin": [3.69628, 11.34295, -0.80124], "size": [1, 3, 1], "uv": [25, 53], "mirror": true}
				]
			},
			{
				"name": "body",
				"pivot": [0, 10.5, 0],
				"cubes": [
					{"origin": [-3.25, 11, -2.5], "size": [6.4, 1.25, 5], "uv": [19, 27]},
					{"origin": [-3.75, 8.088, -2.724], "size": [7.5, 2.9, 5.576], "uv": [18, 48]},
					{"origin": [-2.9, 11, -2.5], "size": [5.7, 7, 5], "uv": [19, 22]}
				]
			},
			{
				"name": "collar",
				"parent": "body",
				"pivot": [0, 11.5, 0]
			},
			{
				"name": "bone5",
				"parent": "collar",
				"pivot": [-2, 18, 0],
				"rotation": [0, 0, 25]
			},
			{
				"name": "bone6",
				"parent": "collar",
				"pivot": [2, 18, 0],
				"rotation": [0, 0, -25]
			},
			{
				"name": "suit",
				"parent": "body",
				"pivot": [0, 10.5, 0]
			},
			{
				"name": "bone7",
				"parent": "suit",
				"pivot": [-3, 13, 0],
				"rotation": [0, 0, 20]
			},
			{
				"name": "bone4",
				"parent": "suit",
				"pivot": [3, 13, 0],
				"rotation": [0, 0, -20]
			},
			{
				"name": "skirt",
				"parent": "body",
				"pivot": [0, 0, 0]
			},
			{
				"name": "bone17",
				"parent": "skirt",
				"pivot": [0, 12, 0],
				"rotation": [0, 0, -10]
			},
			{
				"name": "bone18",
				"parent": "bone17",
				"pivot": [0, 12, 0],
				"rotation": [0, 0, 20]
			},
			{
				"name": "button",
				"parent": "body",
				"pivot": [0, 10.5, 0],
				"rotation": [0, 180, 0]
			},
			{
				"name": "bone",
				"parent": "body",
				"pivot": [0, 10.5, 0]
			},
			{
				"name": "bone30",
				"parent": "bone",
				"pivot": [0, 10.5, 0],
				"cubes": [
					{"origin": [-3.264, 10.972, -2.534], "size": [6.52, 4.776, 5.104], "uv": [18, 52]}
				]
			},
			{
				"name": "bone3",
				"parent": "body",
				"pivot": [0, 10.5, 0]
			},
			{
				"name": "bone8",
				"parent": "body",
				"pivot": [0, 10.5, 0],
				"rotation": [0, -20, 0]
			},
			{
				"name": "bone9",
				"parent": "body",
				"pivot": [0, 10.5, 0],
				"rotation": [0, -60, 0],
				"cubes": [
					{"origin": [-4.41678, 8.564, -0.81807], "size": [1, 2, 3], "uv": [18, 52]},
					{"origin": [3.56408, 8.564, -2.09706], "size": [1, 2, 3], "uv": [18, 52]}
				]
			},
			{
				"name": "bone10",
				"parent": "body",
				"pivot": [0, 10.5, 0],
				"rotation": [0, -90, 0],
				"cubes": [
					{"origin": [-4.23408, 8.564, -1.50008], "size": [1, 2, 3], "uv": [18, 52]},
					{"origin": [3.40408, 8.564, -1.50008], "size": [1, 2, 3], "uv": [18, 52]}
				]
			},
			{
				"name": "bone14",
				"parent": "body",
				"pivot": [-15.09592, 9.564, -0.00008],
				"rotation": [-30, 0, 0],
				"cubes": [
					{"origin": [-1.49992, 8.31303, -4.16683], "size": [3, 2, 1], "uv": [18, 52]}
				]
			},
			{
				"name": "bone15",
				"parent": "body",
				"pivot": [-3.64792, 9.31303, -3.66683],
				"rotation": [-30, 30, 0],
				"cubes": [
					{"origin": [-4.50408, 10.68778, -3.78764], "size": [3, 2, 1], "uv": [18, 52]}
				]
			},
			{
				"name": "bone22",
				"parent": "body",
				"pivot": [-3.64792, 9.31303, -3.66683],
				"rotation": [-30, 70, 0]
			},
			{
				"name": "bone28",
				"parent": "body",
				"pivot": [-3.64792, 9.31303, -3.66683],
				"rotation": [15, 90, 0],
				"cubes": [
					{"origin": [-9.86236, 10.37644, -2.27031], "size": [5.128, 5, 0.648], "uv": [18, 52]}
				]
			},
			{
				"name": "bone29",
				"parent": "body",
				"pivot": [-3.64792, 9.31303, -3.66683],
				"rotation": [-15, 90, 0],
				"cubes": [
					{"origin": [-9.86236, 12.28044, 1.34569], "size": [5.128, 5, 0.712], "uv": [18, 52]}
				]
			},
			{
				"name": "bone19",
				"parent": "body",
				"pivot": [-3.64792, 9.31303, -3.66683],
				"rotation": [-30, -30, 0],
				"cubes": [
					{"origin": [0.49904, 8.87178, -6.93304], "size": [3, 2, 1], "uv": [18, 52]}
				]
			},
			{
				"name": "bone20",
				"parent": "body",
				"pivot": [-3.64792, 9.31303, -3.66683],
				"rotation": [-30, -70, 0]
			},
			{
				"name": "bone23",
				"parent": "body",
				"pivot": [-3.64792, 9.31303, -3.66683],
				"rotation": [-30, -110, 0]
			},
			{
				"name": "bone24",
				"parent": "body",
				"pivot": [-3.64792, 9.31303, -3.66683],
				"rotation": [-30, -150, 0],
				"cubes": [
					{"origin": [-7.07077, 5.6146, -12.57464], "size": [3, 2, 1], "uv": [18, 52]}
				]
			},
			{
				"name": "bone25",
				"parent": "body",
				"pivot": [-3.64792, 9.31303, -3.66683],
				"rotation": [-30, 150, 0],
				"cubes": [
					{"origin": [-9.5436, 7.4386, -9.41538], "size": [3, 2, 1], "uv": [18, 52]}
				]
			},
			{
				"name": "bone27",
				"parent": "body",
				"pivot": [-3.64792, 9.31303, -3.66683],
				"rotation": [-30, 110, 0]
			},
			{
				"name": "bone26",
				"parent": "body",
				"pivot": [-3.64792, 9.31303, -3.66683],
				"rotation": [-30, 180, 0],
				"cubes": [
					{"origin": [-8.79592, 6.36095, -11.28193], "size": [3, 2, 1], "uv": [18, 52]}
				]
			},
			{
				"name": "bone32",
				"parent": "body",
				"pivot": [-3.64792, 9.31303, -3.66683],
				"rotation": [-30, 150, 0],
				"cubes": [
					{"origin": [-9.5436, 7.4386, -9.41538], "size": [3, 2, 1], "uv": [18, 52]}
				]
			},
			{
				"name": "bone33",
				"parent": "body",
				"pivot": [-3.64792, 9.31303, -3.66683],
				"rotation": [-30, 90, -5],
				"cubes": [
					{"origin": [-9.83483, 10.17136, -4.68209], "size": [4.712, 2, 1], "uv": [18, 52]}
				]
			},
			{
				"name": "bone12",
				"parent": "body",
				"pivot": [-3.64792, 9.31303, -3.66683],
				"rotation": [15, 90, -5],
				"cubes": [
					{"origin": [-9.83483, 7.70736, 2.93391], "size": [4.712, 2, 1], "uv": [18, 52]}
				]
			},
			{
				"name": "bone34",
				"parent": "body",
				"pivot": [-3.64792, 9.31303, -3.66683],
				"rotation": [0, 90, 0],
				"cubes": [
					{"origin": [-10.21883, 8.60608, -4.18047], "size": [5.576, 2, 1], "uv": [18, 52]},
					{"origin": [-10.15668, 8.564, 3.04725], "size": [5.576, 2, 1], "uv": [18, 52]}
				]
			},
			{
				"name": "bone16",
				"parent": "body",
				"pivot": [-3.64792, 9.31303, -3.66683],
				"rotation": [-30, 30, 0],
				"cubes": [
					{"origin": [-4.50408, 10.68778, -3.78764], "size": [3, 2, 1], "uv": [18, 52]}
				]
			},
			{
				"name": "bone11",
				"parent": "body",
				"pivot": [0, 10.5, 0],
				"rotation": [0, -120, 0],
				"cubes": [
					{"origin": [-4.40086, 8.564, -2.15435], "size": [1, 2, 3], "uv": [18, 52]},
					{"origin": [3.56401, 8.564, -0.90307], "size": [1, 2, 3], "uv": [18, 52]}
				]
			},
			{
				"name": "bone13",
				"parent": "body",
				"pivot": [0, 10.5, 0],
				"rotation": [0, -160, 0]
			},
			{
				"name": "bone21",
				"parent": "body",
				"pivot": [0, 10.5, 0],
				"rotation": [-20, 0, 0],
				"cubes": [
					{"origin": [-1.59592, -0.888, -4.00062], "size": [3, 10, 1], "uv": [26, 53]}
				]
			},
			{
				"name": "bone46",
				"parent": "body",
				"pivot": [0, 10.5, 0],
				"rotation": [-20, 20, 0],
				"cubes": [
					{"origin": [-1.88176, -0.91681, -4.07977], "size": [3, 10, 1], "uv": [26, 53]}
				]
			},
			{
				"name": "bone48",
				"parent": "body",
				"pivot": [0, 10.5, 0],
				"rotation": [-20, 20, 0],
				"cubes": [
					{"origin": [-1.88176, -0.91681, -4.07977], "size": [3, 10, 1], "uv": [26, 53]}
				]
			},
			{
				"name": "bone47",
				"parent": "body",
				"pivot": [0, 10.5, 0],
				"rotation": [-20, 40, 0],
				"cubes": [
					{"origin": [-2.12155, -0.97731, -4.24601], "size": [3, 10, 1], "uv": [26, 53]}
				]
			},
			{
				"name": "bone49",
				"parent": "body",
				"pivot": [0, 10.5, 0],
				"rotation": [-20, 70, 0],
				"cubes": [
					{"origin": [-0.87961, -0.97742, -4.2463], "size": [3, 10, 1], "uv": [26, 53]}
				]
			},
			{
				"name": "bone31",
				"parent": "body",
				"pivot": [0, 10.5, 0],
				"rotation": [-20, -20, 0],
				"cubes": [
					{"origin": [-1.29852, -0.89437, -4.01811], "size": [3, 10, 1], "uv": [26, 53]}
				]
			},
			{
				"name": "bone35",
				"parent": "body",
				"pivot": [0, 10.5, 0],
				"rotation": [-20, -40, 0],
				"cubes": [
					{"origin": [-1.02541, -0.93514, -4.13013], "size": [3, 10, 1], "uv": [26, 53]}
				]
			},
			{
				"name": "bone36",
				"parent": "body",
				"pivot": [0, 10.5, 0],
				"rotation": [-20, -90, 0]
			},
			{
				"name": "bone45",
				"parent": "body",
				"pivot": [0, 10.5, 0],
				"rotation": [20, -90, 0],
				"cubes": [
					{"origin": [-2.07992, -0.84146, 3.00075], "size": [4.44, 10, 1], "uv": [26, 53]}
				]
			},
			{
				"name": "bone2",
				"parent": "body",
				"pivot": [0, 10.5, 0],
				"rotation": [20, 90, 0],
				"cubes": [
					{"origin": [-2.36008, -0.84146, 3.00075], "size": [4.44, 10, 1], "uv": [26, 53], "mirror": true}
				]
			},
			{
				"name": "bone37",
				"parent": "body",
				"pivot": [0, 10.5, 0],
				"rotation": [-20, -70, 0],
				"cubes": [
					{"origin": [-2.11266, -0.92033, -4.08946], "size": [3, 10, 1], "uv": [26, 53]}
				]
			},
			{
				"name": "bone38",
				"parent": "body",
				"pivot": [0, 10.5, 0],
				"rotation": [-20, -110, 0],
				"cubes": [
					{"origin": [-0.38299, -0.92033, -4.15346], "size": [3, 10, 1], "uv": [26, 53]}
				]
			},
			{
				"name": "bone40",
				"parent": "body",
				"pivot": [0, 10.5, 0],
				"rotation": [-20, -130, 0],
				"cubes": [
					{"origin": [-0.35412, -0.92603, -4.16912], "size": [3, 10, 1], "uv": [26, 53]}
				]
			},
			{
				"name": "bone39",
				"parent": "body",
				"pivot": [0, 10.5, 0],
				"rotation": [-20, -160, 0],
				"cubes": [
					{"origin": [-1.62141, -1.01992, -4.42707], "size": [3, 10, 1], "uv": [26, 53]}
				]
			},
			{
				"name": "bone41",
				"parent": "body",
				"pivot": [0, 10.5, 0],
				"rotation": [-20, 180, 0],
				"cubes": [
					{"origin": [-1.47496, -1.01411, -4.4111], "size": [3, 10, 1], "uv": [26, 53]}
				]
			},
			{
				"name": "bone42",
				"parent": "body",
				"pivot": [0, 10.5, 0],
				"rotation": [-20, 130, 0],
				"cubes": [
					{"origin": [-2.61369, -0.93916, -4.20517], "size": [3, 10, 1], "uv": [26, 53]}
				]
			},
			{
				"name": "bone44",
				"parent": "body",
				"pivot": [0, 10.5, 0],
				"rotation": [-20, 110, 0],
				"cubes": [
					{"origin": [-2.64256, -0.94486, -4.22083], "size": [3, 10, 1], "uv": [26, 53]}
				]
			},
			{
				"name": "bone43",
				"parent": "body",
				"pivot": [0, 10.5, 0],
				"rotation": [-20, 160, 0],
				"cubes": [
					{"origin": [-1.33153, -1.02578, -4.44317], "size": [3, 10, 1], "uv": [26, 53]}
				]
			},
			{
				"name": "bone50",
				"parent": "body",
				"pivot": [0, 10.5, 0],
				"rotation": [0, 0, -50],
				"cubes": [
					{"origin": [3.90847, 14.38022, -2.68317], "size": [0.25, 2.826, 0.25], "uv": [56, 31]}
				]
			},
			{
				"name": "bone52",
				"parent": "body",
				"pivot": [0, 10.5, 0],
				"rotation": [0, 0, -45],
				"cubes": [
					{"origin": [3.47247, 14.03622, -2.76317], "size": [1, 1, 3], "uv": [52, 43]}
				]
			},
			{
				"name": "bone51",
				"parent": "body",
				"pivot": [0, 10.5, 0],
				"rotation": [0, 0, 50],
				"cubes": [
					{"origin": [-4.18753, 14.34822, -2.68317], "size": [0.25, 2.858, 0.25], "uv": [56, 31]}
				]
			},
			{
				"name": "legLeft",
				"pivot": [2, 9, 0],
				"cubes": [
					{"origin": [0.5, 0, -1.5], "size": [3, 9, 3], "uv": [27, 34]}
				]
			},
			{
				"name": "legRight",
				"pivot": [-2, 9, 0],
				"cubes": [
					{"origin": [-3.5, 0, -1.5], "size": [3, 9, 3], "uv": [15, 34]}
				]
			}
		]
	}
}