{
	"format_version": "1.10.0",
	"geometry.model": {
		"texturewidth": 64,
		"textureheight": 64,
		"visible_bounds_width": 3,
		"visible_bounds_height": 2,
		"visible_bounds_offset": [0, 0, 0],
		"bones": [
			{
				"name": "head",
				"pivot": [0, 18, 0],
				"cubes": [
					{"origin": [-4, 18, -4], "size": [8, 8.03203, 8], "uv": [0, 0]},
					{"origin": [-6, 24, 1], "size": [4, 4, 4], "uv": [48, 56]},
					{"origin": [2, 24, 1], "size": [4, 4, 4], "uv": [48, 7]}
				]
			},
			{
				"name": "blink",
				"parent": "head",
				"pivot": [0, 0, 0],
				"cubes": [
					{"origin": [-4, 18, -4.001], "size": [8, 8, 0], "uv": [32, 8]}
				]
			},
			{
				"name": "headleave2",
				"parent": "head",
				"pivot": [2.7, 25.1, 0]
			},
			{
				"name": "headleave22",
				"parent": "headleave2",
				"pivot": [2.7, 25.1, 0]
			},
			{
				"name": "headleave23",
				"parent": "headleave22",
				"pivot": [2.7, 25.1, 0]
			},
			{
				"name": "headleave25",
				"parent": "headleave23",
				"pivot": [2.7, 25.1, 0],
				"cubes": [
					{"origin": [3.96221, 22.70549, 2.37296], "size": [0.37538, 1.59259, 0.88789], "uv": [28, 57]}
				]
			},
			{
				"name": "headleave37",
				"parent": "headleave23",
				"pivot": [2.7, 25.1, 0],
				"cubes": [
					{"origin": [4.13839, 23.57035, 2.42101], "size": [0.47147, 1.62462, 0.74374], "uv": [60, 19]}
				]
			},
			{
				"name": "headleave38",
				"parent": "headleave23",
				"pivot": [2.7, 25.1, 0],
				"rotation": [-80, 0, -10],
				"cubes": [
					{"origin": [4.02782, 26.09922, 1.133], "size": [0.26326, 1.75275, 1.03203], "uv": [60, 23]}
				]
			},
			{
				"name": "headleave42",
				"parent": "headleave23",
				"pivot": [2.7, 25.1, 0],
				"rotation": [80, 0, -10],
				"cubes": [
					{"origin": [4.05196, 20.64384, -1.26159], "size": [0.26326, 1.75275, 1.03203], "uv": [60, 19]}
				]
			},
			{
				"name": "headleave39",
				"parent": "headleave23",
				"pivot": [2.7, 25.1, 0],
				"rotation": [-20, 0, -10],
				"cubes": [
					{"origin": [4.01181, 22.10178, 2.5713], "size": [0.26326, 2.92192, 0.83984], "uv": [60, 20]}
				]
			},
			{
				"name": "headleave41",
				"parent": "headleave23",
				"pivot": [2.7, 25.1, 0],
				"rotation": [20, 0, -10],
				"cubes": [
					{"origin": [4.01181, 20.22791, 1.81872], "size": [0.26326, 2.92192, 0.83984], "uv": [62, 23]}
				]
			},
			{
				"name": "headleave40",
				"parent": "headleave23",
				"pivot": [-2.7, 25.1, 0],
				"rotation": [-20, 0, 10],
				"cubes": [
					{"origin": [3.99425, 21.66151, 2.73155], "size": [0.26326, 2.92192, 0.83984], "uv": [60, 20]}
				]
			},
			{
				"name": "headleave24",
				"parent": "headleave23",
				"pivot": [2.7, 25.1, 0]
			},
			{
				"name": "headleave26",
				"parent": "headleave24",
				"pivot": [2.7, 25.1, 0],
				"rotation": [-40, 0, -10],
				"cubes": [
					{"origin": [3.59374, 22.32219, 2.31004], "size": [0.16717, 3.30631, 1.32032], "uv": [28, 57]}
				]
			},
			{
				"name": "headleave27",
				"parent": "headleave24",
				"pivot": [2.7, 25.1, 0],
				"rotation": [-40, 0, -10],
				"cubes": [
					{"origin": [3.5617, 22.35422, 2.82256], "size": [0.24725, 3.27427, 0.31131], "uv": [41, 18]}
				]
			},
			{
				"name": "headleave28",
				"parent": "headleave23",
				"pivot": [2.7, 25.1, 0],
				"rotation": [80, 0, -5]
			},
			{
				"name": "headleave29",
				"parent": "headleave28",
				"pivot": [2.7, 25.1, 0],
				"rotation": [-40, 0, -10],
				"cubes": [
					{"origin": [3.25985, 18.51976, 0.79426], "size": [0.16717, 3.30631, 1.32032], "uv": [28, 57]}
				]
			},
			{
				"name": "headleave30",
				"parent": "headleave28",
				"pivot": [2.7, 25.1, 0],
				"rotation": [-40, 0, -10],
				"cubes": [
					{"origin": [3.25985, 18.51976, 1.30677], "size": [0.18318, 3.30631, 0.31131], "uv": [41, 18]}
				]
			},
			{
				"name": "headleave31",
				"parent": "headleave23",
				"pivot": [2.7, 25.1, 0],
				"rotation": [60, 0, -5]
			},
			{
				"name": "headleave32",
				"parent": "headleave31",
				"pivot": [2.7, 25.1, 0],
				"rotation": [-40, 0, -10],
				"cubes": [
					{"origin": [3.19769, 17.59652, 1.37688], "size": [0.16717, 4.90791, 1.32032], "uv": [28, 57]}
				]
			},
			{
				"name": "headleave33",
				"parent": "headleave31",
				"pivot": [2.7, 25.1, 0],
				"rotation": [-40, 0, -10],
				"cubes": [
					{"origin": [3.19769, 17.61254, 1.8894], "size": [0.18318, 4.89189, 0.31131], "uv": [40, 17]}
				]
			},
			{
				"name": "headleave34",
				"parent": "headleave23",
				"pivot": [2.7, 25.1, 0],
				"rotation": [20, 0, -5]
			},
			{
				"name": "headleave35",
				"parent": "headleave34",
				"pivot": [2.7, 25.1, 0],
				"rotation": [-40, 0, -10],
				"cubes": [
					{"origin": [3.20024, 19.31006, 2.89165], "size": [0.16717, 4.90791, 1.32032], "uv": [28, 57]}
				]
			},
			{
				"name": "headleave36",
				"parent": "headleave34",
				"pivot": [2.7, 25.1, 0],
				"rotation": [-40, 0, -10],
				"cubes": [
					{"origin": [3.18423, 19.32608, 3.40416], "size": [0.21522, 4.90791, 0.31131], "uv": [40, 17]}
				]
			},
			{
				"name": "headleave43",
				"parent": "headleave22",
				"pivot": [-2.7, 24.47538, 0]
			},
			{
				"name": "headleave45",
				"parent": "headleave43",
				"pivot": [-2.7, 24.47538, 0],
				"cubes": [
					{"origin": [-4.60986, 22.94573, 2.42101], "size": [0.47147, 1.62462, 0.74374], "uv": [61, 25], "mirror": true}
				]
			},
			{
				"name": "headleave46",
				"parent": "headleave43",
				"pivot": [-2.7, 24.47538, 0],
				"rotation": [-80, 0, 10],
				"cubes": [
					{"origin": [-4.29109, 25.12225, 0.87674], "size": [0.26326, 2.10511, 1.28829], "uv": [60, 23], "mirror": true}
				]
			},
			{
				"name": "headleave47",
				"parent": "headleave43",
				"pivot": [-2.7, 24.47538, 0],
				"rotation": [80, 0, 10],
				"cubes": [
					{"origin": [-4.31523, 19.79499, -1.26159], "size": [0.26326, 1.97698, 1.27227], "uv": [60, 19], "mirror": true}
				]
			},
			{
				"name": "headleave48",
				"parent": "headleave43",
				"pivot": [-2.7, 24.47538, 0],
				"rotation": [-20, 0, 10],
				"cubes": [
					{"origin": [-4.27507, 20.88457, 2.49122], "size": [0.26326, 3.51451, 1.04805], "uv": [60, 18], "mirror": true}
				]
			},
			{
				"name": "headleave49",
				"parent": "headleave43",
				"pivot": [-2.7, 24.47538, 0],
				"rotation": [20, 0, 10],
				"cubes": [
					{"origin": [-4.27507, 18.85053, 1.6906], "size": [0.26326, 3.67467, 0.96797], "uv": [62, 23], "mirror": true}
				]
			},
			{
				"name": "headleave50",
				"parent": "headleave43",
				"pivot": [2.7, 24.47538, 0],
				"rotation": [-20, 0, -10],
				"cubes": [
					{"origin": [-4.25751, 21.03688, 2.73155], "size": [0.26326, 2.92192, 0.83984], "uv": [60, 20], "mirror": true}
				]
			},
			{
				"name": "headleave51",
				"parent": "headleave43",
				"pivot": [-2.7, 24.47538, 0]
			},
			{
				"name": "head2",
				"parent": "head",
				"pivot": [0, 18, 0],
				"rotation": [0, 0, -20],
				"cubes": [
					{"origin": [-3.75877, 16.36808, -4], "size": [1, 3, 1], "uv": [27, 10]}
				]
			},
			{
				"name": "head4",
				"parent": "head",
				"pivot": [0, 18, 0],
				"rotation": [0, 0, 15],
				"cubes": [
					{"origin": [-2.32382, 13.08084, -4], "size": [1, 2, 1], "uv": [28, 10]}
				]
			},
			{
				"name": "head5",
				"parent": "head",
				"pivot": [0, 18, 0],
				"rotation": [0, 0, -15],
				"cubes": [
					{"origin": [1.32382, 13.08084, -4.001], "size": [1, 2, 1], "uv": [26, 10]}
				]
			},
			{
				"name": "head3",
				"parent": "head",
				"pivot": [0, 18, 0],
				"rotation": [0, 0, 20],
				"cubes": [
					{"origin": [2.75877, 16.36808, -4.001], "size": [1, 3, 1], "uv": [26, 10]}
				]
			},
			{
				"name": "headleave3",
				"parent": "head",
				"pivot": [0, 17.63163, -0.48048],
				"rotation": [-5, 0, 0],
				"cubes": [
					{"origin": [-3.54955, 24.47848, -4.74074], "size": [7, 1, 1], "uv": [16, 10]}
				]
			},
			{
				"name": "headleave4",
				"parent": "headleave3",
				"pivot": [-2.69069, 18.27227, 0.67267],
				"rotation": [0, 0, 9]
			},
			{
				"name": "headleave5",
				"parent": "headleave4",
				"pivot": [-2.69069, 18.27227, 0.67267],
				"cubes": [
					{"origin": [-4.66627, 22.50966, -4.74074], "size": [1.27227, 2.74575, 1], "uv": [19, 10]}
				]
			},
			{
				"name": "headleave6",
				"parent": "headleave4",
				"pivot": [-3.86336, 23.2968, -4.28879],
				"rotation": [0, 0, 13],
				"cubes": [
					{"origin": [-4.12276, 21.57181, -4.74074], "size": [1.06406, 3.56256, 1], "uv": [19, 10]}
				]
			},
			{
				"name": "headleave18",
				"parent": "headleave4",
				"pivot": [-3.86336, 23.2968, -4.28879],
				"rotation": [0, 0, 13],
				"cubes": [
					{"origin": [-3.70634, 20.94718, -4.74074], "size": [1.06406, 3.56256, 1], "uv": [19, 10]}
				]
			},
			{
				"name": "headleave7",
				"parent": "headleave4",
				"pivot": [-3.86336, 23.2968, -4.28879],
				"rotation": [0, 0, -27],
				"cubes": [
					{"origin": [-2.04068, 19.84208, -4.74074], "size": [1.27227, 4.28328, 1], "uv": [4, 11]}
				]
			},
			{
				"name": "headleave9",
				"parent": "headleave4",
				"pivot": [-3.86336, 23.2968, -4.28879],
				"rotation": [0, 0, -32],
				"cubes": [
					{"origin": [-0.95159, 19.21745, -4.74074], "size": [1.27227, 4.28328, 1], "uv": [26, 10]}
				]
			},
			{
				"name": "headleave10",
				"parent": "headleave4",
				"pivot": [-3.86336, 23.2968, -4.28879],
				"rotation": [0, 0, -37],
				"cubes": [
					{"origin": [1.09846, 19.74598, -4.74074], "size": [0.87187, 2.21722, 1], "uv": [26, 10]}
				]
			},
			{
				"name": "headleave21",
				"parent": "headleave4",
				"pivot": [-3.86336, 23.2968, -4.28879],
				"rotation": [0, 0, -37],
				"cubes": [
					{"origin": [1.98288, 20.92978, -4.74074], "size": [0.87187, 1.12813, 1], "uv": [26, 10]}
				]
			},
			{
				"name": "headleave11",
				"parent": "headleave4",
				"pivot": [-3.86336, 23.2968, -4.28879],
				"rotation": [0, 0, -37],
				"cubes": [
					{"origin": [0.15352, 18.22446, -4.74074], "size": [1.11211, 4.36336, 1], "uv": [26, 10]}
				]
			},
			{
				"name": "headleave12",
				"parent": "headleave4",
				"pivot": [-3.86336, 23.2968, -4.28879],
				"rotation": [0, 0, -37],
				"cubes": [
					{"origin": [0.36173, 18.22446, -4.9009], "size": [0.31131, 2.32933, 0.06406], "uv": [32, 57]}
				]
			},
			{
				"name": "headleave14",
				"parent": "headleave4",
				"pivot": [-3.86336, 23.2968, -4.28879],
				"rotation": [0, 0, -31],
				"cubes": [
					{"origin": [-0.86719, 19.264, -4.88415], "size": [0.31131, 2.32933, 0.06406], "uv": [32, 57]}
				]
			},
			{
				"name": "headleave16",
				"parent": "headleave4",
				"pivot": [-3.86336, 23.2968, -4.28879],
				"rotation": [0, 0, -28],
				"cubes": [
					{"origin": [-2.10022, 19.8212, -4.88694], "size": [0.31131, 2.15315, 0.06406], "uv": [32, 57]}
				]
			},
			{
				"name": "headleave19",
				"parent": "headleave4",
				"pivot": [-3.86336, 23.2968, -4.28879],
				"rotation": [0, 0, -18],
				"cubes": [
					{"origin": [-1.89737, 22.30062, -4.88694], "size": [0.31131, 1.32032, 0.06406], "uv": [32, 57]}
				]
			},
			{
				"name": "headleave15",
				"parent": "headleave4",
				"pivot": [-3.86336, 23.2968, -4.28879],
				"rotation": [0, 0, -21],
				"cubes": [
					{"origin": [-0.61691, 22.13949, -4.88415], "size": [0.31131, 1.75275, 0.06406], "uv": [32, 57]}
				]
			},
			{
				"name": "headleave13",
				"parent": "headleave4",
				"pivot": [-3.86336, 23.2968, -4.28879],
				"rotation": [0, 0, -27],
				"cubes": [
					{"origin": [0.77386, 21.32914, -4.9009], "size": [0.31131, 2.53754, 0.06406], "uv": [32, 57]}
				]
			},
			{
				"name": "headleave8",
				"parent": "headleave4",
				"pivot": [-3.86336, 23.2968, -4.28879],
				"rotation": [0, 0, -22],
				"cubes": [
					{"origin": [-2.87351, 20.35459, -4.74074], "size": [1.22422, 4.28328, 1], "uv": [19, 10]}
				]
			},
			{
				"name": "armRight",
				"pivot": [-3, 17.5, 0],
				"rotation": [0, 0, 25],
				"cubes": [
					{"origin": [-5, 9.5, -1], "size": [2, 8, 2], "uv": [39, 39]},
					{"origin": [-5.26326, 10.02853, -1.1992], "size": [2.47147, 1, 2.45546], "uv": [1, 46]}
				]
			},
			{
				"name": "armRight6",
				"parent": "armRight",
				"pivot": [-3, 17.5, 0]
			},
			{
				"name": "armRight11",
				"parent": "armRight6",
				"pivot": [-3.06406, 17.5, -0.54454],
				"rotation": [0, 180, 0]
			},
			{
				"name": "armRight12",
				"parent": "armRight11",
				"pivot": [-3.06406, 17.5, -0.54454],
				"cubes": [
					{"origin": [-3.06406, 16.90741, -1.08909], "size": [2, 1, 1.20821], "uv": [13, 54]}
				]
			},
			{
				"name": "armRight13",
				"parent": "armRight11",
				"pivot": [-3.06406, 17.5, -0.54454],
				"rotation": [0, 0, -105],
				"cubes": [
					{"origin": [-6.08475, 17.80877, -1.05706], "size": [2, 1, 1.11211], "uv": [13, 54]}
				]
			},
			{
				"name": "armRight14",
				"parent": "armRight11",
				"pivot": [-3.06406, 17.5, -0.54454],
				"rotation": [0, 0, -60],
				"cubes": [
					{"origin": [-4.71124, 16.7037, -1.05706], "size": [2, 1, 1.12813], "uv": [13, 54]}
				]
			},
			{
				"name": "armRight7",
				"parent": "armRight6",
				"pivot": [-3.06406, 17.5, 0.48048],
				"rotation": [0, 180, 0]
			},
			{
				"name": "armRight8",
				"parent": "armRight7",
				"pivot": [-3.06406, 17.5, 0.48048],
				"cubes": [
					{"origin": [-3.06406, 16.90741, -0.24024], "size": [2, 1, 1.20821], "uv": [13, 54]}
				]
			},
			{
				"name": "armRight9",
				"parent": "armRight7",
				"pivot": [-3.06406, 17.5, 0.48048],
				"rotation": [0, 0, -105],
				"cubes": [
					{"origin": [-6.08475, 17.80877, -0.20821], "size": [2, 1, 1.17618], "uv": [13, 54]}
				]
			},
			{
				"name": "armRight10",
				"parent": "armRight7",
				"pivot": [-3.06406, 17.5, 0.48048],
				"rotation": [0, 0, -60],
				"cubes": [
					{"origin": [-4.71124, 16.7037, -0.24024], "size": [2, 1, 1.20821], "uv": [13, 54]}
				]
			},
			{
				"name": "armRight2",
				"parent": "armRight6",
				"pivot": [-3.06406, 17.5, -0.54454],
				"cubes": [
					{"origin": [-4.96246, 13.63447, -1.18519], "size": [1.11912, 1, 1], "uv": [13, 54]},
					{"origin": [-3.74524, 13.63447, -1.02503], "size": [1.11912, 1, 1], "uv": [13, 54]}
				]
			},
			{
				"name": "armRight3",
				"parent": "armRight6",
				"pivot": [-3.06406, 17.5, -0.54454],
				"rotation": [0, -45, 0],
				"cubes": [
					{"origin": [-4.06809, 13.63447, -0.46253], "size": [0.92693, 1, 1], "uv": [13, 54]}
				]
			},
			{
				"name": "armRight5",
				"parent": "armRight6",
				"pivot": [-3.06406, 17.5, -0.54454],
				"rotation": [0, -45, 0],
				"cubes": [
					{"origin": [-4.85943, 13.63447, 0.34482], "size": [1.11912, 1, 1], "uv": [13, 54]}
				]
			},
			{
				"name": "armRight15",
				"parent": "armRight6",
				"pivot": [-3.06406, 17.5, -0.54454],
				"cubes": [
					{"origin": [-5.66956, 13.63447, -0.47808], "size": [1.11912, 1, 1], "uv": [13, 54]}
				]
			},
			{
				"name": "armRight19",
				"parent": "armRight6",
				"pivot": [-3.06406, 17.5, -0.54454],
				"rotation": [0, 0, 30],
				"cubes": [
					{"origin": [-4.82364, 15.79577, -0.03203], "size": [1.11912, 1.05706, 1], "uv": [15, 54]},
					{"origin": [-4.82364, 15.79577, -1], "size": [1.11912, 1.05706, 1], "uv": [15, 54]},
					{"origin": [-4.99982, 15.95593, -1.20821], "size": [1.11912, 0.8969, 1.20821], "uv": [15, 54]},
					{"origin": [-5.01583, 15.95593, -0.03203], "size": [1.11912, 0.8969, 1.20821], "uv": [15, 54]}
				]
			},
			{
				"name": "armRight20",
				"parent": "armRight6",
				"pivot": [-3.06406, 17.5, -0.54454],
				"cubes": [
					{"origin": [-5.42932, 13.64147, -0.07768], "size": [1.1031, 3.28328, 1], "uv": [15, 54]},
					{"origin": [-5.42932, 13.64147, -0.98158], "size": [1.1031, 3.26727, 1], "uv": [15, 54]}
				]
			},
			{
				"name": "armRight16",
				"parent": "armRight6",
				"pivot": [-3.06406, 17.5, -0.54454],
				"rotation": [0, 45, 0],
				"cubes": [
					{"origin": [-5.66054, 13.63447, -1.6328], "size": [1.11912, 1, 1], "uv": [13, 54]}
				]
			},
			{
				"name": "armRight18",
				"parent": "armRight6",
				"pivot": [-3.06406, 17.5, -0.54454],
				"rotation": [0, 45, 0],
				"cubes": [
					{"origin": [-5.00379, 13.63447, -0.89907], "size": [1.11912, 1, 1], "uv": [13, 54]}
				]
			},
			{
				"name": "armRight17",
				"parent": "armRight6",
				"pivot": [-3.06406, 17.5, -0.54454],
				"rotation": [0, 90, 0],
				"cubes": [
					{"origin": [-4.85365, 13.63447, -2.44294], "size": [1.11912, 1, 1], "uv": [13, 54]},
					{"origin": [-4.70751, 13.63447, -1.43393], "size": [1.11912, 1, 1.33634], "uv": [13, 54]}
				]
			},
			{
				"name": "armRight4",
				"parent": "armRight6",
				"pivot": [-3.06406, 17.5, -0.54454],
				"rotation": [0, -90, 0],
				"cubes": [
					{"origin": [-3.10556, 13.63447, -0.39645], "size": [1.11912, 1, 1], "uv": [13, 54]}
				]
			},
			{
				"name": "armRight21",
				"parent": "armRight6",
				"pivot": [-3, 17.5, 0],
				"rotation": [0, 0, 20],
				"cubes": [
					{"origin": [-4.5285, 11.89424, -0.47808], "size": [1, 2, 1], "uv": [42, 18]}
				]
			},
			{
				"name": "armRight22",
				"parent": "armRight6",
				"pivot": [-3, 17.5, 0],
				"rotation": [-5, -70, 30],
				"cubes": [
					{"origin": [-2.81024, 11.78568, 0.33343], "size": [1, 2, 1], "uv": [42, 18]}
				]
			},
			{
				"name": "armRight31",
				"parent": "armRight6",
				"pivot": [-3, 17.5, 0],
				"rotation": [-5, -90, 15],
				"cubes": [
					{"origin": [-2.53839, 12.09746, 0.81002], "size": [1, 2, 1], "uv": [42, 18]}
				]
			},
			{
				"name": "armRight32",
				"parent": "armRight6",
				"pivot": [-3, 17.5, 0],
				"rotation": [-5, -75, 10],
				"cubes": [
					{"origin": [-2.79784, 12.21157, 0.45284], "size": [1, 2, 1], "uv": [42, 18]}
				]
			},
			{
				"name": "armRight33",
				"parent": "armRight6",
				"pivot": [-3, 17.5, 0],
				"rotation": [-5, -80, 10],
				"cubes": [
					{"origin": [-2.79784, 12.21157, -0.54716], "size": [1, 2, 1], "uv": [42, 18]}
				]
			},
			{
				"name": "armRight24",
				"parent": "armRight6",
				"pivot": [-3, 17.5, 0],
				"rotation": [5, -150, 20],
				"cubes": [
					{"origin": [-3.20135, 11.83029, 0.20903], "size": [1, 2, 1], "uv": [42, 18]}
				]
			},
			{
				"name": "armRight25",
				"parent": "armRight6",
				"pivot": [-3, 17.5, 0],
				"rotation": [5, 175, 20],
				"cubes": [
					{"origin": [-3.29065, 11.84425, 0.04947], "size": [1, 2, 1], "uv": [42, 18]}
				]
			},
			{
				"name": "armRight26",
				"parent": "armRight6",
				"pivot": [-3, 17.5, 0],
				"rotation": [5, 175, 10],
				"cubes": [
					{"origin": [-3.29065, 11.84425, 0.04947], "size": [1, 2, 1], "uv": [42, 18]}
				]
			},
			{
				"name": "armRight27",
				"parent": "armRight6",
				"pivot": [-3, 17.5, 0],
				"rotation": [5, 175, 0],
				"cubes": [
					{"origin": [-3.29065, 11.84425, 0.04947], "size": [1, 2, 1], "uv": [42, 18]}
				]
			},
			{
				"name": "armRight28",
				"parent": "armRight6",
				"pivot": [-3, 17.5, 0],
				"rotation": [5, 101, 2],
				"cubes": [
					{"origin": [-2.79245, 11.91179, -0.53418], "size": [1, 2, 1], "uv": [42, 18]}
				]
			},
			{
				"name": "armRight29",
				"parent": "armRight6",
				"pivot": [-3, 17.5, 0],
				"rotation": [5, 101, 2],
				"cubes": [
					{"origin": [-3.79245, 11.91179, -0.53418], "size": [1, 2, 1], "uv": [42, 18]}
				]
			},
			{
				"name": "armRight30",
				"parent": "armRight6",
				"pivot": [-3, 17.5, 0],
				"rotation": [5, 26, 2],
				"cubes": [
					{"origin": [-3.63091, 11.88828, -0.2655], "size": [1, 2, 1], "uv": [42, 18]}
				]
			},
			{
				"name": "armRight23",
				"parent": "armRight6",
				"pivot": [-3, 17.5, 0],
				"rotation": [-5, -5, 20],
				"cubes": [
					{"origin": [-4.5285, 11.89424, -0.47808], "size": [1, 2, 1], "uv": [42, 18]}
				]
			},
			{
				"name": "armRight34",
				"parent": "armRight6",
				"pivot": [-3, 17.5, 0],
				"cubes": [
					{"origin": [-5.54179, 15.06056, -1.09885], "size": [1, 1, 2.18519], "uv": [50, 16]},
					{"origin": [-5.54179, 15.86136, -1.11486], "size": [1, 1.19219, 2.18519], "uv": [50, 16]}
				]
			},
			{
				"name": "armRight37",
				"parent": "armRight6",
				"pivot": [-3, 17.5, 0],
				"cubes": [
					{"origin": [-5.55781, 14.67618, -1.22698], "size": [1, 0.42342, 2.40941], "uv": [13, 54]}
				]
			},
			{
				"name": "armRight38",
				"parent": "armRight6",
				"pivot": [-3, 17.5, 0],
				"cubes": [
					{"origin": [-5.62187, 14.8043, -0.13789], "size": [1.06406, 0.21522, 0.26326], "uv": [57, 46]}
				]
			},
			{
				"name": "armRight40",
				"parent": "armRight6",
				"pivot": [-3, 17.5, 0],
				"cubes": [
					{"origin": [-5.62187, 15.09259, -1.25901], "size": [0.11912, 0.13514, 2.47347], "uv": [57, 46]},
					{"origin": [-5.62187, 16.96647, -1.25901], "size": [0.11912, 0.13514, 2.47347], "uv": [57, 46]}
				]
			},
			{
				"name": "armRight39",
				"parent": "armRight6",
				"pivot": [-3, 17.5, 0],
				"rotation": [0, 0, 35],
				"cubes": [
					{"origin": [-3.73082, 14.05524, -1.25901], "size": [0.11912, 1.32032, 0.18318], "uv": [57, 46]},
					{"origin": [-3.73082, 14.05524, 1.03128], "size": [0.11912, 1.22422, 0.18318], "uv": [57, 46]}
				]
			},
			{
				"name": "armRight41",
				"parent": "armRight6",
				"pivot": [-3, 17.5, 0],
				"rotation": [0, 0, -35],
				"cubes": [
					{"origin": [-5.39777, 17.41698, -1.25901], "size": [0.11912, 1.19219, 0.18318], "uv": [57, 46]},
					{"origin": [-5.39777, 17.35291, 1.03128], "size": [0.11912, 1.25626, 0.18318], "uv": [57, 46]}
				]
			},
			{
				"name": "armRight35",
				"parent": "armRight6",
				"pivot": [-3, 17.5, 0],
				"rotation": [0, 0, 35],
				"cubes": [
					{"origin": [-3.61987, 13.89139, -1.19494], "size": [1, 1.76877, 0.1992], "uv": [15, 55]},
					{"origin": [-3.61987, 13.89139, 0.96722], "size": [1, 1.76877, 0.1992], "uv": [15, 55]}
				]
			},
			{
				"name": "armRight36",
				"parent": "armRight6",
				"pivot": [-3, 17.5, 0],
				"rotation": [0, 0, -35],
				"cubes": [
					{"origin": [-5.26017, 16.5054, -1.19494], "size": [1, 2.12112, 0.1992], "uv": [15, 55]},
					{"origin": [-4.74766, 16.02492, -1.19494], "size": [1, 1.48048, 0.1992], "uv": [15, 55]},
					{"origin": [-5.2922, 15.48037, -1.19494], "size": [1, 1.48048, 0.1992], "uv": [15, 55]},
					{"origin": [-5.91683, 15.48037, -1.19494], "size": [1, 1.48048, 0.1992], "uv": [15, 55]},
					{"origin": [-4.47539, 16.61751, -1.19494], "size": [1, 1.48048, 0.1992], "uv": [15, 55]},
					{"origin": [-5.26017, 16.5054, 0.96722], "size": [1, 2.12112, 0.1992], "uv": [15, 55]},
					{"origin": [-4.74766, 16.02492, 0.96722], "size": [1, 1.48048, 0.1992], "uv": [15, 55]},
					{"origin": [-5.2922, 15.48037, 0.96722], "size": [1, 1.48048, 0.1992], "uv": [15, 55]},
					{"origin": [-5.91683, 15.48037, 0.96722], "size": [1, 1.48048, 0.1992], "uv": [15, 55]},
					{"origin": [-4.47539, 16.61751, 0.96722], "size": [1, 1.48048, 0.1992], "uv": [15, 55]}
				]
			},
			{
				"name": "armLeft",
				"pivot": [3, 17.5, 0],
				"rotation": [0, 0, -25],
				"cubes": [
					{"origin": [3, 9.5, -1], "size": [2, 8, 2], "uv": [0, 35]},
					{"origin": [2.79179, 10.02853, -1.1992], "size": [2.47147, 1, 2.45546], "uv": [1, 46], "mirror": true}
				]
			},
			{
				"name": "armLeft2",
				"parent": "armLeft",
				"pivot": [3, 17.5, 0]
			},
			{
				"name": "armRight43",
				"parent": "armLeft2",
				"pivot": [3.06406, 17.5, -0.54454],
				"rotation": [0, -180, 0]
			},
			{
				"name": "armRight44",
				"parent": "armRight43",
				"pivot": [3.06406, 17.5, -0.54454],
				"cubes": [
					{"origin": [1.06406, 16.90741, -1.08909], "size": [2, 1, 1.20821], "uv": [13, 54], "mirror": true}
				]
			},
			{
				"name": "armRight45",
				"parent": "armRight43",
				"pivot": [3.06406, 17.5, -0.54454],
				"rotation": [0, 0, 105],
				"cubes": [
					{"origin": [4.08475, 17.80877, -1.05706], "size": [2, 1, 1.11211], "uv": [13, 54], "mirror": true}
				]
			},
			{
				"name": "armRight46",
				"parent": "armRight43",
				"pivot": [3.06406, 17.5, -0.54454],
				"rotation": [0, 0, 60],
				"cubes": [
					{"origin": [2.71124, 16.7037, -1.05706], "size": [2, 1, 1.12813], "uv": [13, 54], "mirror": true}
				]
			},
			{
				"name": "armRight47",
				"parent": "armLeft2",
				"pivot": [3.06406, 17.5, 0.48048],
				"rotation": [0, -180, 0]
			},
			{
				"name": "armRight48",
				"parent": "armRight47",
				"pivot": [3.06406, 17.5, 0.48048],
				"cubes": [
					{"origin": [1.06406, 16.90741, -0.24024], "size": [2, 1, 1.20821], "uv": [13, 54], "mirror": true}
				]
			},
			{
				"name": "armRight49",
				"parent": "armRight47",
				"pivot": [3.06406, 17.5, 0.48048],
				"rotation": [0, 0, 105],
				"cubes": [
					{"origin": [4.08475, 17.80877, -0.20821], "size": [2, 1, 1.17618], "uv": [13, 54], "mirror": true}
				]
			},
			{
				"name": "armRight50",
				"parent": "armRight47",
				"pivot": [3.06406, 17.5, 0.48048],
				"rotation": [0, 0, 60],
				"cubes": [
					{"origin": [2.71124, 16.7037, -0.24024], "size": [2, 1, 1.20821], "uv": [13, 54], "mirror": true}
				]
			},
			{
				"name": "armRight51",
				"parent": "armLeft2",
				"pivot": [3.06406, 17.5, -0.54454],
				"cubes": [
					{"origin": [3.84334, 13.63447, -1.18519], "size": [1.11912, 1, 1], "uv": [13, 54], "mirror": true},
					{"origin": [2.62612, 13.63447, -1.02503], "size": [1.11912, 1, 1], "uv": [13, 54], "mirror": true}
				]
			},
			{
				"name": "armRight52",
				"parent": "armLeft2",
				"pivot": [3.06406, 17.5, -0.54454],
				"rotation": [0, 45, 0],
				"cubes": [
					{"origin": [3.14117, 13.63447, -0.46253], "size": [0.92693, 1, 1], "uv": [13, 54], "mirror": true}
				]
			},
			{
				"name": "armRight53",
				"parent": "armLeft2",
				"pivot": [3.06406, 17.5, -0.54454],
				"rotation": [0, 45, 0],
				"cubes": [
					{"origin": [3.74031, 13.63447, 0.34482], "size": [1.11912, 1, 1], "uv": [13, 54], "mirror": true}
				]
			},
			{
				"name": "armRight54",
				"parent": "armLeft2",
				"pivot": [3.06406, 17.5, -0.54454],
				"cubes": [
					{"origin": [4.55044, 13.63447, -0.47808], "size": [1.11912, 1, 1], "uv": [13, 54], "mirror": true}
				]
			},
			{
				"name": "armRight55",
				"parent": "armLeft2",
				"pivot": [3.06406, 17.5, -0.54454],
				"rotation": [0, 0, -30],
				"cubes": [
					{"origin": [3.70452, 15.79577, -0.03203], "size": [1.11912, 1.05706, 1], "uv": [15, 54], "mirror": true},
					{"origin": [3.70452, 15.79577, -1], "size": [1.11912, 1.05706, 1], "uv": [15, 54], "mirror": true},
					{"origin": [3.8807, 15.95593, -1.20821], "size": [1.11912, 0.8969, 1.20821], "uv": [15, 54], "mirror": true},
					{"origin": [3.89672, 15.95593, -0.03203], "size": [1.11912, 0.8969, 1.20821], "uv": [15, 54], "mirror": true}
				]
			},
			{
				"name": "armRight56",
				"parent": "armLeft2",
				"pivot": [3.06406, 17.5, -0.54454],
				"cubes": [
					{"origin": [4.32622, 13.64147, -0.07768], "size": [1.1031, 3.28328, 1], "uv": [15, 54], "mirror": true},
					{"origin": [4.32622, 13.64147, -0.98158], "size": [1.1031, 3.26727, 1], "uv": [15, 54], "mirror": true}
				]
			},
			{
				"name": "armRight57",
				"parent": "armLeft2",
				"pivot": [3.06406, 17.5, -0.54454],
				"rotation": [0, -45, 0],
				"cubes": [
					{"origin": [4.54142, 13.63447, -1.6328], "size": [1.11912, 1, 1], "uv": [13, 54], "mirror": true}
				]
			},
			{
				"name": "armRight58",
				"parent": "armLeft2",
				"pivot": [3.06406, 17.5, -0.54454],
				"rotation": [0, -45, 0],
				"cubes": [
					{"origin": [3.88467, 13.63447, -0.89907], "size": [1.11912, 1, 1], "uv": [13, 54], "mirror": true}
				]
			},
			{
				"name": "armRight59",
				"parent": "armLeft2",
				"pivot": [3.06406, 17.5, -0.54454],
				"rotation": [0, -90, 0],
				"cubes": [
					{"origin": [3.73453, 13.63447, -2.44294], "size": [1.11912, 1, 1], "uv": [13, 54], "mirror": true},
					{"origin": [3.58839, 13.63447, -1.43393], "size": [1.11912, 1, 1.33634], "uv": [13, 54], "mirror": true}
				]
			},
			{
				"name": "armRight60",
				"parent": "armLeft2",
				"pivot": [3.06406, 17.5, -0.54454],
				"rotation": [0, 90, 0],
				"cubes": [
					{"origin": [1.98644, 13.63447, -0.39645], "size": [1.11912, 1, 1], "uv": [13, 54], "mirror": true}
				]
			},
			{
				"name": "armRight61",
				"parent": "armLeft2",
				"pivot": [3, 17.5, 0],
				"rotation": [0, 0, -20],
				"cubes": [
					{"origin": [3.5285, 11.89424, -0.47808], "size": [1, 2, 1], "uv": [42, 18], "mirror": true}
				]
			},
			{
				"name": "armRight62",
				"parent": "armLeft2",
				"pivot": [3, 17.5, 0],
				"rotation": [-5, 70, -30],
				"cubes": [
					{"origin": [1.81024, 11.78568, 0.33343], "size": [1, 2, 1], "uv": [42, 18], "mirror": true}
				]
			},
			{
				"name": "armRight63",
				"parent": "armLeft2",
				"pivot": [3, 17.5, 0],
				"rotation": [-5, 90, -15],
				"cubes": [
					{"origin": [1.53839, 12.09746, 0.81002], "size": [1, 2, 1], "uv": [42, 18], "mirror": true}
				]
			},
			{
				"name": "armRight64",
				"parent": "armLeft2",
				"pivot": [3, 17.5, 0],
				"rotation": [-5, 75, -10],
				"cubes": [
					{"origin": [1.79784, 12.21157, 0.45284], "size": [1, 2, 1], "uv": [42, 18], "mirror": true}
				]
			},
			{
				"name": "armRight65",
				"parent": "armLeft2",
				"pivot": [3, 17.5, 0],
				"rotation": [-5, 80, -10],
				"cubes": [
					{"origin": [1.79784, 12.21157, -0.54716], "size": [1, 2, 1], "uv": [42, 18], "mirror": true}
				]
			},
			{
				"name": "armRight66",
				"parent": "armLeft2",
				"pivot": [3, 17.5, 0],
				"rotation": [5, 150, -20],
				"cubes": [
					{"origin": [2.20135, 11.83029, 0.20903], "size": [1, 2, 1], "uv": [42, 18], "mirror": true}
				]
			},
			{
				"name": "armRight67",
				"parent": "armLeft2",
				"pivot": [3, 17.5, 0],
				"rotation": [5, -175, -20],
				"cubes": [
					{"origin": [2.29065, 11.84425, 0.04947], "size": [1, 2, 1], "uv": [42, 18], "mirror": true}
				]
			},
			{
				"name": "armRight68",
				"parent": "armLeft2",
				"pivot": [3, 17.5, 0],
				"rotation": [5, -175, -10],
				"cubes": [
					{"origin": [2.29065, 11.84425, 0.04947], "size": [1, 2, 1], "uv": [42, 18], "mirror": true}
				]
			},
			{
				"name": "armRight69",
				"parent": "armLeft2",
				"pivot": [3, 17.5, 0],
				"rotation": [5, -175, 0],
				"cubes": [
					{"origin": [2.29065, 11.84425, 0.04947], "size": [1, 2, 1], "uv": [42, 18], "mirror": true}
				]
			},
			{
				"name": "armRight70",
				"parent": "armLeft2",
				"pivot": [3, 17.5, 0],
				"rotation": [5, -101, -2],
				"cubes": [
					{"origin": [1.79245, 11.91179, -0.53418], "size": [1, 2, 1], "uv": [42, 18], "mirror": true}
				]
			},
			{
				"name": "armRight71",
				"parent": "armLeft2",
				"pivot": [3, 17.5, 0],
				"rotation": [5, -101, -2],
				"cubes": [
					{"origin": [2.79245, 11.91179, -0.53418], "size": [1, 2, 1], "uv": [42, 18], "mirror": true}
				]
			},
			{
				"name": "armRight72",
				"parent": "armLeft2",
				"pivot": [3, 17.5, 0],
				"rotation": [5, -26, -2],
				"cubes": [
					{"origin": [2.63091, 11.88828, -0.2655], "size": [1, 2, 1], "uv": [42, 18], "mirror": true}
				]
			},
			{
				"name": "armRight73",
				"parent": "armLeft2",
				"pivot": [3, 17.5, 0],
				"rotation": [-5, 5, -20],
				"cubes": [
					{"origin": [3.5285, 11.89424, -0.47808], "size": [1, 2, 1], "uv": [42, 18], "mirror": true}
				]
			},
			{
				"name": "armRight74",
				"parent": "armLeft2",
				"pivot": [3, 17.5, 0],
				"cubes": [
					{"origin": [4.54179, 15.06056, -1.09885], "size": [1, 1, 2.18519], "uv": [50, 16], "mirror": true},
					{"origin": [4.54179, 15.86136, -1.1149], "size": [1, 1.19219, 2.1852], "uv": [50, 16], "mirror": true}
				]
			},
			{
				"name": "armRight75",
				"parent": "armLeft2",
				"pivot": [3, 17.5, 0],
				"cubes": [
					{"origin": [4.55781, 14.67618, -1.22698], "size": [1, 0.42342, 2.40941], "uv": [13, 54], "mirror": true}
				]
			},
			{
				"name": "armRight76",
				"parent": "armLeft2",
				"pivot": [3, 17.5, 0],
				"cubes": [
					{"origin": [4.55781, 14.8043, -0.13789], "size": [1.06406, 0.21522, 0.26326], "uv": [57, 46], "mirror": true}
				]
			},
			{
				"name": "armRight77",
				"parent": "armLeft2",
				"pivot": [3, 17.5, 0],
				"cubes": [
					{"origin": [5.50275, 15.09259, -1.25901], "size": [0.11912, 0.13514, 2.47347], "uv": [57, 46], "mirror": true},
					{"origin": [5.50275, 16.96647, -1.25901], "size": [0.11912, 0.13514, 2.47347], "uv": [57, 46], "mirror": true}
				]
			},
			{
				"name": "armRight78",
				"parent": "armLeft2",
				"pivot": [3, 17.5, 0],
				"rotation": [0, 0, -35],
				"cubes": [
					{"origin": [3.6117, 14.05524, -1.25901], "size": [0.11912, 1.32032, 0.18318], "uv": [57, 46], "mirror": true},
					{"origin": [3.6117, 14.05524, 1.03128], "size": [0.11912, 1.22422, 0.18318], "uv": [57, 46], "mirror": true}
				]
			},
			{
				"name": "armRight79",
				"parent": "armLeft2",
				"pivot": [3, 17.5, 0],
				"rotation": [0, 0, 35],
				"cubes": [
					{"origin": [5.27865, 17.41698, -1.25901], "size": [0.11912, 1.19219, 0.18318], "uv": [57, 46], "mirror": true},
					{"origin": [5.27865, 17.35291, 1.03128], "size": [0.11912, 1.25626, 0.18318], "uv": [57, 46], "mirror": true}
				]
			},
			{
				"name": "armRight80",
				"parent": "armLeft2",
				"pivot": [3, 17.5, 0],
				"rotation": [0, 0, -35],
				"cubes": [
					{"origin": [2.61987, 13.89139, -1.19494], "size": [1, 1.76877, 0.1992], "uv": [15, 55], "mirror": true},
					{"origin": [2.61987, 13.89139, 0.96722], "size": [1, 1.76877, 0.1992], "uv": [15, 55], "mirror": true}
				]
			},
			{
				"name": "armRight81",
				"parent": "armLeft2",
				"pivot": [3, 17.5, 0],
				"rotation": [0, 0, 35],
				"cubes": [
					{"origin": [4.26017, 16.5054, -1.19494], "size": [1, 2.12112, 0.1992], "uv": [15, 55], "mirror": true},
					{"origin": [3.74766, 16.02492, -1.19494], "size": [1, 1.48048, 0.1992], "uv": [15, 55], "mirror": true},
					{"origin": [4.2922, 15.48037, -1.19494], "size": [1, 1.48048, 0.1992], "uv": [15, 55], "mirror": true},
					{"origin": [4.91683, 15.48037, -1.19494], "size": [1, 1.48048, 0.1992], "uv": [15, 55], "mirror": true},
					{"origin": [3.47539, 16.61751, -1.19494], "size": [1, 1.48048, 0.1992], "uv": [15, 55], "mirror": true},
					{"origin": [4.26017, 16.5054, 0.96722], "size": [1, 2.12112, 0.1992], "uv": [15, 55], "mirror": true},
					{"origin": [3.74766, 16.02492, 0.96722], "size": [1, 1.48048, 0.1992], "uv": [15, 55], "mirror": true},
					{"origin": [4.2922, 15.48037, 0.96722], "size": [1, 1.48048, 0.1992], "uv": [15, 55], "mirror": true},
					{"origin": [4.91683, 15.48037, 0.96722], "size": [1, 1.48048, 0.1992], "uv": [15, 55], "mirror": true},
					{"origin": [3.47539, 16.61751, 0.96722], "size": [1, 1.48048, 0.1992], "uv": [15, 55], "mirror": true}
				]
			},
			{
				"name": "body",
				"pivot": [0, 10.5, 0],
				"cubes": [
					{"origin": [-2.5, 11, -2.5], "size": [5, 7, 5], "uv": [19, 22]},
					{"origin": [-3.552, 8.608, -2], "size": [7.008, 2, 4], "uv": [18, 16]},
					{"origin": [-2.79966, 10, -1.84], "size": [5.71141, 2, 3.616], "uv": [30, 16]}
				]
			},
			{
				"name": "collar",
				"parent": "body",
				"pivot": [0, 11.5, 0]
			},
			{
				"name": "collar2",
				"parent": "collar",
				"pivot": [-2, 18, 0],
				"rotation": [0, 0, 25]
			},
			{
				"name": "collar3",
				"parent": "collar",
				"pivot": [2, 18, 0],
				"rotation": [0, 0, -25]
			},
			{
				"name": "suit",
				"parent": "body",
				"pivot": [0, 10.5, 0],
				"cubes": [
					{"origin": [-3.06406, 13, -3], "size": [6, 5, 6], "uv": [0, 16]}
				]
			},
			{
				"name": "suit2",
				"parent": "suit",
				"pivot": [-3, 13, 0],
				"rotation": [0, 0, 10],
				"cubes": [
					{"origin": [-2.99753, 11.52094, -3], "size": [3.4004, 2, 6], "uv": [24, 54]}
				]
			},
			{
				"name": "suit4",
				"parent": "suit",
				"pivot": [-3, 13, 0],
				"rotation": [0, 0, 35],
				"cubes": [
					{"origin": [-4.74375, 15.64265, -3.06406], "size": [3.64064, 0.93594, 0.93594], "uv": [6, 26]},
					{"origin": [-4.55155, 16.3954, -3.08008], "size": [2.82382, 0.23123, 0.95195], "uv": [58, 46]}
				]
			},
			{
				"name": "suit14",
				"parent": "suit",
				"pivot": [-3, 13, 0],
				"rotation": [0, 0, 35],
				"cubes": [
					{"origin": [-4.1543, 17.54813, -3.0961], "size": [1.63864, 0.24725, 0.98398], "uv": [59, 47]}
				]
			},
			{
				"name": "suit17",
				"parent": "suit",
				"pivot": [3, 13, 0],
				"rotation": [0, 0, -35],
				"cubes": [
					{"origin": [2.51566, 17.54813, -3.0961], "size": [1.63864, 0.24725, 0.98398], "uv": [59, 47], "mirror": true}
				]
			},
			{
				"name": "suit15",
				"parent": "suit",
				"pivot": [-3, 13, 0],
				"rotation": [0, 0, -35],
				"cubes": [
					{"origin": [-1.10382, 15.50959, -3.0961], "size": [2.21522, 0.21522, 0.98398], "uv": [57, 44]},
					{"origin": [-0.68741, 15.50959, -3.06406], "size": [1.7988, 0.67968, 0.93594], "uv": [6, 61]}
				]
			},
			{
				"name": "suit18",
				"parent": "suit",
				"pivot": [3, 13, 0],
				"rotation": [0, 0, 35],
				"cubes": [
					{"origin": [-1.11139, 15.50959, -3.0961], "size": [2.21522, 0.21522, 0.98398], "uv": [59, 46], "mirror": true},
					{"origin": [-1.11139, 15.50959, -3.06406], "size": [1.7988, 0.67968, 0.93594], "uv": [4, 62], "mirror": true}
				]
			},
			{
				"name": "suit20",
				"parent": "suit",
				"pivot": [3, 13, 0],
				"cubes": [
					{"origin": [-3.01204, 17.33906, -3.06406], "size": [5.83483, 0.67968, 0.93594], "uv": [2, 61], "mirror": true},
					{"origin": [-0.84987, 17.06679, -3.06406], "size": [1.7027, 0.67968, 0.93594], "uv": [6, 60], "mirror": true}
				]
			},
			{
				"name": "suit16",
				"parent": "suit",
				"pivot": [-3, 13, 0],
				"rotation": [0, 90, 0],
				"cubes": [
					{"origin": [-6.02703, 16.16848, -0.08971], "size": [6.12312, 0.18318, 0.21522], "uv": [51, 43]}
				]
			},
			{
				"name": "suit19",
				"parent": "suit",
				"pivot": [3, 13, 0],
				"rotation": [0, 0, 10],
				"cubes": [
					{"origin": [0.48865, 16.10438, 2.8118], "size": [2.05506, 0.18318, 0.21522], "uv": [59, 46], "mirror": true}
				]
			},
			{
				"name": "suit24",
				"parent": "suit",
				"pivot": [-3, 13, 0],
				"rotation": [0, 0, -10],
				"cubes": [
					{"origin": [-2.54371, 16.10438, 2.81181], "size": [1.91091, 0.18318, 0.21522], "uv": [59, 46]}
				]
			},
			{
				"name": "suit26",
				"parent": "suit",
				"pivot": [-3, 13, 0],
				"rotation": [0, 0, 90],
				"cubes": [
					{"origin": [-7.31174, 15.69922, 2.84384], "size": [0.22923, 0.15115, 0.21522], "uv": [59, 46]},
					{"origin": [-7.59246, 15.75101, 2.7958], "size": [0.27728, 0.37538, 0.21522], "uv": [59, 46]},
					{"origin": [-7.46433, 15.75101, 2.7958], "size": [0.16517, 0.37538, 0.24725], "uv": [51, 36]},
					{"origin": [-5.65452, 15.70296, 2.7958], "size": [0.27728, 0.42342, 0.21522], "uv": [59, 46]},
					{"origin": [-5.70257, 15.71898, 2.7958], "size": [0.22923, 0.34334, 0.23123], "uv": [51, 36]},
					{"origin": [-7.31446, 16.01249, 2.84384], "size": [0.22923, 0.15115, 0.21522], "uv": [59, 46]}
				]
			},
			{
				"name": "suit25",
				"parent": "suit",
				"pivot": [-3, 13, 0],
				"cubes": [
					{"origin": [-1.63225, 17.44976, 2.81181], "size": [3.22422, 0.55155, 0.21522], "uv": [48, 35]},
					{"origin": [0.4178, 17.00131, 2.81181], "size": [1.17417, 0.55155, 0.21522], "uv": [48, 35]},
					{"origin": [-1.84046, 17.00131, 2.81181], "size": [1.17417, 0.55155, 0.21522], "uv": [48, 35]}
				]
			},
			{
				"name": "suit22",
				"parent": "suit",
				"pivot": [3, 13, 0],
				"rotation": [0, 0, 40],
				"cubes": [
					{"origin": [-2.06185, 14.38474, 2.81181], "size": [1.33433, 0.18318, 0.31132], "uv": [59, 46], "mirror": true},
					{"origin": [-2.47826, 14.56091, 2.81181], "size": [1.67067, 0.45546, 0.21522], "uv": [50, 36], "mirror": true}
				]
			},
			{
				"name": "suit34",
				"parent": "suit",
				"pivot": [3, 13, 0],
				"rotation": [0, 0, -40],
				"cubes": [
					{"origin": [2.45179, 16.87549, 2.81181], "size": [1.46246, 0.18318, 0.21522], "uv": [59, 46], "mirror": true},
					{"origin": [1.84318, 15.49111, 2.81181], "size": [2.07107, 1.38438, 0.21522], "uv": [48, 36], "mirror": true}
				]
			},
			{
				"name": "suit27",
				"parent": "suit",
				"pivot": [3, 13, 0],
				"rotation": [0, 0, 120],
				"cubes": [
					{"origin": [0.27183, 8.25551, 2.81181], "size": [0.48549, 0.18318, 0.24725], "uv": [59, 46], "mirror": true}
				]
			},
			{
				"name": "suit36",
				"parent": "suit",
				"pivot": [3, 13, 0],
				"rotation": [0, 0, -123],
				"cubes": [
					{"origin": [6.47612, 13.85557, 2.7958], "size": [0.48549, 0.18318, 0.24725], "uv": [59, 46], "mirror": true}
				]
			},
			{
				"name": "suit41",
				"parent": "suit",
				"pivot": [-3, 13, 0],
				"rotation": [0, 0, 123],
				"cubes": [
					{"origin": [-6.86565, 13.70781, 2.7958], "size": [0.48549, 0.18318, 0.24725], "uv": [59, 46]}
				]
			},
			{
				"name": "suit39",
				"parent": "suit",
				"pivot": [3, 13, 0],
				"rotation": [0, 0, -90],
				"cubes": [
					{"origin": [5.75674, 15.84563, 2.7958], "size": [0.29329, 0.18318, 0.24725], "uv": [59, 46], "mirror": true}
				]
			},
			{
				"name": "suit40",
				"parent": "suit",
				"pivot": [-3, 13, 0],
				"rotation": [0, 0, 90],
				"cubes": [
					{"origin": [-6.05003, 15.66946, 2.7958], "size": [0.29329, 0.18318, 0.24725], "uv": [59, 46]}
				]
			},
			{
				"name": "suit29",
				"parent": "suit",
				"pivot": [3, 13, 0],
				"rotation": [0, 0, 170],
				"cubes": [
					{"origin": [4.39537, 7.86041, 2.81181], "size": [0.48549, 0.18318, 0.24725], "uv": [59, 46], "mirror": true}
				]
			},
			{
				"name": "suit30",
				"parent": "suit",
				"pivot": [3, 13, 0],
				"rotation": [0, 0, -170],
				"cubes": [
					{"origin": [5.83711, 10.98297, 2.7958], "size": [0.29329, 0.18318, 0.24725], "uv": [59, 46], "mirror": true}
				]
			},
			{
				"name": "suit42",
				"parent": "suit",
				"pivot": [-3, 13, 0],
				"rotation": [0, 0, 170],
				"cubes": [
					{"origin": [-5.9569, 10.95238, 2.7958], "size": [0.29329, 0.18318, 0.24725], "uv": [59, 46]}
				]
			},
			{
				"name": "suit37",
				"parent": "suit",
				"pivot": [3, 13, 0],
				"rotation": [0, 0, 165],
				"cubes": [
					{"origin": [4.50299, 9.95576, 2.7958], "size": [0.29329, 0.18318, 0.24725], "uv": [59, 46], "mirror": true}
				]
			},
			{
				"name": "suit43",
				"parent": "suit",
				"pivot": [-3, 13, 0],
				"rotation": [0, 0, -165],
				"cubes": [
					{"origin": [-4.62611, 10.00136, 2.7958], "size": [0.29329, 0.18318, 0.24725], "uv": [59, 46]}
				]
			},
			{
				"name": "suit38",
				"parent": "suit",
				"pivot": [3, 13, 0],
				"rotation": [0, 0, 120],
				"cubes": [
					{"origin": [1.74641, 9.73098, 2.7958], "size": [0.29329, 0.18318, 0.24725], "uv": [59, 46], "mirror": true}
				]
			},
			{
				"name": "suit44",
				"parent": "suit",
				"pivot": [-3, 13, 0],
				"rotation": [0, 0, -120],
				"cubes": [
					{"origin": [-1.95161, 9.88355, 2.7958], "size": [0.29329, 0.18318, 0.24725], "uv": [59, 46]}
				]
			},
			{
				"name": "suit32",
				"parent": "suit",
				"pivot": [3, 13, 0],
				"rotation": [0, 0, -140],
				"cubes": [
					{"origin": [7.3486, 10.76525, 2.81181], "size": [0.48549, 0.18318, 0.24725], "uv": [59, 46], "mirror": true}
				]
			},
			{
				"name": "suit33",
				"parent": "suit",
				"pivot": [-3, 13, 0],
				"rotation": [0, 0, 140],
				"cubes": [
					{"origin": [-7.73758, 10.66692, 2.81181], "size": [0.48549, 0.18318, 0.24725], "uv": [59, 46]}
				]
			},
			{
				"name": "suit31",
				"parent": "suit",
				"pivot": [-3, 13, 0],
				"rotation": [0, 0, -170],
				"cubes": [
					{"origin": [-4.7435, 7.87113, 2.81181], "size": [0.48549, 0.18318, 0.24725], "uv": [59, 46]}
				]
			},
			{
				"name": "suit28",
				"parent": "suit",
				"pivot": [-3, 13, 0],
				"rotation": [0, 0, -120],
				"cubes": [
					{"origin": [-0.67723, 8.36763, 2.81181], "size": [0.48549, 0.18318, 0.24725], "uv": [59, 46]}
				]
			},
			{
				"name": "suit23",
				"parent": "suit",
				"pivot": [-3, 13, 0],
				"rotation": [0, 0, -40],
				"cubes": [
					{"origin": [0.61709, 14.47739, 2.81181], "size": [1.33433, 0.18318, 0.23124], "uv": [59, 46]},
					{"origin": [0.64684, 14.61948, 2.81181], "size": [1.63864, 0.45546, 0.21522], "uv": [49, 37]}
				]
			},
			{
				"name": "suit35",
				"parent": "suit",
				"pivot": [-3, 13, 0],
				"rotation": [0, 0, 40],
				"cubes": [
					{"origin": [-3.9446, 16.77583, 2.81181], "size": [1.33433, 0.18318, 0.21522], "uv": [59, 46]},
					{"origin": [-3.9446, 15.69575, 2.81181], "size": [1.94294, 1.08008, 0.21522], "uv": [49, 37]}
				]
			},
			{
				"name": "suit21",
				"parent": "suit",
				"pivot": [3, 13, 0],
				"rotation": [0, -90, 0],
				"cubes": [
					{"origin": [-0.0961, 16.13645, -0.08971], "size": [6.12312, 0.18318, 0.21522], "uv": [50, 43], "mirror": true}
				]
			},
			{
				"name": "suit5",
				"parent": "suit",
				"pivot": [-3, 13, 0],
				"rotation": [0, 0, -35],
				"cubes": [
					{"origin": [-0.20139, 11.62443, -3.06406], "size": [3.46446, 1.46446, 0.93594], "uv": [14, 24]},
					{"origin": [-1.25844, 12.88969, -3.14414], "size": [4.74575, 0.23123, 0.1992], "uv": [56, 47]},
					{"origin": [3.14596, 13.04985, -3.03203], "size": [0.18119, 0.23123, 0.1992], "uv": [10, 23]}
				]
			},
			{
				"name": "suit6",
				"parent": "suit",
				"pivot": [-3, 13, 0],
				"rotation": [0, 0, -25],
				"cubes": [
					{"origin": [-2.92251, 13.17899, -3.14414], "size": [1.67067, 0.23123, 0.1992], "uv": [56, 47]}
				]
			},
			{
				"name": "suit7",
				"parent": "suit",
				"pivot": [-3, 13, 0],
				"rotation": [0, 90, 0],
				"cubes": [
					{"origin": [-2.96797, 13.20142, -0.08807], "size": [3.11211, 0.1992, 0.11912], "uv": [55, 47]}
				]
			},
			{
				"name": "suit8",
				"parent": "suit",
				"pivot": [-3, 13, 0],
				"rotation": [0, 0, -80],
				"cubes": [
					{"origin": [-4.16233, 12.89793, -0.21522], "size": [1.47848, 0.24725, 0.18318], "uv": [55, 47]}
				]
			},
			{
				"name": "suit11",
				"parent": "suit",
				"pivot": [3, 13, 0],
				"rotation": [0, 0, 80]
			},
			{
				"name": "suit9",
				"parent": "suit",
				"pivot": [-3, 13, 0],
				"rotation": [0, -85, 90],
				"cubes": [
					{"origin": [-3.10748, 12.74008, -1.02088], "size": [3.03203, 0.24725, 0.18318], "uv": [55, 47]}
				]
			},
			{
				"name": "suit13",
				"parent": "suit",
				"pivot": [3, 13, 0],
				"rotation": [0, 85, -90],
				"cubes": [
					{"origin": [0.07544, 12.80395, -1.02088], "size": [3.03203, 0.24725, 0.18318], "uv": [55, 47]}
				]
			},
			{
				"name": "suit10",
				"parent": "suit",
				"pivot": [-3, 13, 0],
				"rotation": [0, 85, 90],
				"cubes": [
					{"origin": [-2.8364, 12.70798, 0.8061], "size": [2.58358, 0.24725, 0.18318], "uv": [55, 47]}
				]
			},
			{
				"name": "suit12",
				"parent": "suit",
				"pivot": [3, 13, 0],
				"rotation": [0, -85, -90],
				"cubes": [
					{"origin": [0.25281, 12.70798, 0.8061], "size": [2.58358, 0.24725, 0.18318], "uv": [55, 47], "mirror": true}
				]
			},
			{
				"name": "suit3",
				"parent": "suit",
				"pivot": [3, 13, 0],
				"rotation": [0, 0, -10],
				"cubes": [
					{"origin": [-0.4349, 11.52094, -3], "size": [3.33634, 2, 6], "uv": [24, 54]}
				]
			},
			{
				"name": "skirt",
				"parent": "body",
				"pivot": [0, 0, 0]
			},
			{
				"name": "skirt2",
				"parent": "skirt",
				"pivot": [0, 12, 0],
				"rotation": [-31, 0, 0],
				"cubes": [
					{"origin": [-3.276, 3.59026, -2.18367], "size": [6.488, 7, 1], "uv": [47, 31]},
					{"origin": [-3.29202, 3.59026, -2.26374], "size": [0.24176, 7, 0.1992], "uv": [62, 42]},
					{"origin": [2.97025, 3.59026, -2.24773], "size": [0.27379, 7, 0.18318], "uv": [61, 42]},
					{"origin": [-3.276, 3.57425, -2.24773], "size": [6.47198, 0.22522, 0.18318], "uv": [50, 43]}
				]
			},
			{
				"name": "skirt22",
				"parent": "skirt",
				"pivot": [0, 12, 0],
				"rotation": [31, 0, 0],
				"cubes": [
					{"origin": [-3.25992, 3.46045, 2.17346], "size": [0.35387, 7, 0.21521], "uv": [59, 42]},
					{"origin": [2.84218, 3.46045, 2.18947], "size": [0.35387, 7, 0.1992], "uv": [60, 42]},
					{"origin": [-3.25992, 3.42842, 2.18947], "size": [6.40792, 0.32132, 0.1992], "uv": [51, 43]}
				]
			},
			{
				"name": "skirt18",
				"parent": "skirt",
				"pivot": [0, 12, 0],
				"rotation": [-31, 0, 0],
				"cubes": [
					{"origin": [-1.99472, 9.09977, -2.40789], "size": [3.95747, 0.32132, 0.34334], "uv": [56, 46]},
					{"origin": [1.92921, 9.00367, -2.40789], "size": [0.48199, 0.46547, 0.34334], "uv": [61, 42]},
					{"origin": [-2.42715, 9.00367, -2.40789], "size": [0.48199, 0.46547, 0.34334], "uv": [61, 42]},
					{"origin": [-1.56686, 6.17592, -2.47168], "size": [3.15667, 0.32132, 0.34334], "uv": [55, 43]},
					{"origin": [-0.23598, 8.071, -2.45555], "size": [0.56207, 0.32132, 0.34334], "uv": [61, 42]}
				]
			},
			{
				"name": "skirt23",
				"parent": "skirt",
				"pivot": [0, 12, 0],
				"rotation": [-31, 0, -15],
				"cubes": [
					{"origin": [-0.22934, 8.06008, -2.44899], "size": [0.48199, 0.32132, 0.34334], "uv": [61, 42]}
				]
			},
			{
				"name": "skirt24",
				"parent": "skirt",
				"pivot": [0, 12, 0],
				"rotation": [-31, 0, 15],
				"cubes": [
					{"origin": [-0.11756, 8.08007, -2.46101], "size": [0.43394, 0.32132, 0.34334], "uv": [61, 42]}
				]
			},
			{
				"name": "skirt26",
				"parent": "skirt",
				"pivot": [0, 12, 0],
				"rotation": [-31, 0, 15],
				"cubes": [
					{"origin": [0.61918, 8.08007, -2.46101], "size": [0.73825, 0.32132, 0.34334], "uv": [61, 42]}
				]
			},
			{
				"name": "skirt25",
				"parent": "skirt",
				"pivot": [0, 12, 0],
				"rotation": [-31, 0, -15],
				"cubes": [
					{"origin": [-1.19063, 8.05154, -2.48235], "size": [0.77028, 0.28929, 0.34334], "uv": [61, 42]}
				]
			},
			{
				"name": "skirt19",
				"parent": "skirt",
				"pivot": [0, 12, 0],
				"rotation": [-31, 0, 0],
				"cubes": [
					{"origin": [-2.34707, 7.28997, -2.40789], "size": [0.33785, 1.82683, 0.34334], "uv": [61, 42]},
					{"origin": [2.00528, 7.28996, -2.40789], "size": [0.33785, 1.77878, 0.34334], "uv": [61, 44]}
				]
			},
			{
				"name": "skirt20",
				"parent": "skirt",
				"pivot": [0, 12, 0],
				"rotation": [-31, 25, 25],
				"cubes": [
					{"origin": [4.55562, 7.95325, -1.4948], "size": [0.33785, 1.34635, 0.34334], "uv": [60, 44]}
				]
			},
			{
				"name": "skirt21",
				"parent": "skirt",
				"pivot": [0, 12, 0],
				"rotation": [-31, -25, -25],
				"cubes": [
					{"origin": [-4.89671, 7.95546, -1.49436], "size": [0.33785, 1.34635, 0.34334], "uv": [59, 45]}
				]
			},
			{
				"name": "skirt3",
				"parent": "skirt",
				"pivot": [0, 12, 0],
				"rotation": [-35, -30, 0],
				"cubes": [
					{"origin": [-0.48751, 3.45496, -2.11894], "size": [3, 7, 1], "uv": [47, 47]}
				]
			},
			{
				"name": "skirt4",
				"parent": "skirt",
				"pivot": [0, 12, 0],
				"rotation": [-35, -60, 0],
				"cubes": [
					{"origin": [-0.87919, 3.19994, -2.47489], "size": [3, 7, 1], "uv": [47, 47]}
				]
			},
			{
				"name": "skirt5",
				"parent": "skirt",
				"pivot": [0, 12, 0],
				"rotation": [-35, -90, 0],
				"cubes": [
					{"origin": [-1.43721, 3.09511, -2.62508], "size": [3, 7, 1], "uv": [47, 47]}
				]
			},
			{
				"name": "skirt6",
				"parent": "skirt",
				"pivot": [0, 12, 0],
				"rotation": [-35, -120, 0],
				"cubes": [
					{"origin": [-2.01205, 3.16855, -2.52926], "size": [3, 7, 1], "uv": [47, 47]}
				]
			},
			{
				"name": "skirt7",
				"parent": "skirt",
				"pivot": [0, 12, 0],
				"rotation": [-35, -150, 0],
				"cubes": [
					{"origin": [-2.4497, 3.40058, -2.21312], "size": [3, 7, 1], "uv": [47, 47]}
				]
			},
			{
				"name": "skirt8",
				"parent": "skirt",
				"pivot": [0, 12, 0],
				"rotation": [-31, 180, 0],
				"cubes": [
					{"origin": [-3.148, 3.46027, -2.3255], "size": [6.392, 7, 1], "uv": [15, 46]}
				]
			},
			{
				"name": "skirt9",
				"parent": "skirt",
				"pivot": [0, 12, 0],
				"rotation": [-35, 150, 0],
				"cubes": [
					{"origin": [-0.65573, 3.45103, -2.17316], "size": [3, 7, 1], "uv": [47, 47]}
				]
			},
			{
				"name": "skirt10",
				"parent": "skirt",
				"pivot": [0, 12, 0],
				"rotation": [-35, 120, 0],
				"cubes": [
					{"origin": [-1.04881, 3.25592, -2.46005], "size": [3, 7, 1], "uv": [47, 47]}
				]
			},
			{
				"name": "skirt11",
				"parent": "skirt",
				"pivot": [0, 12, 0],
				"rotation": [-35, 90, 0],
				"cubes": [
					{"origin": [-1.56279, 3.196, -2.54515], "size": [3, 7, 1], "uv": [47, 47]}
				]
			},
			{
				"name": "skirt17",
				"parent": "skirt",
				"pivot": [0, 12, 0],
				"rotation": [-35, 90, 10]
			},
			{
				"name": "skirt12",
				"parent": "skirt",
				"pivot": [0, 12, 0],
				"rotation": [-35, 60, 0],
				"cubes": [
					{"origin": [-2.05995, 3.28732, -2.40567], "size": [3, 7, 1], "uv": [47, 47], "mirror": true}
				]
			},
			{
				"name": "skirt13",
				"parent": "skirt",
				"pivot": [0, 12, 0],
				"rotation": [-35, 30, 0],
				"cubes": [
					{"origin": [-2.40706, 3.5054, -2.07897], "size": [3, 7, 1], "uv": [47, 47]}
				]
			},
			{
				"name": "skirt14",
				"parent": "body",
				"pivot": [-0.03203, -0.72072, 0.16016],
				"cubes": [
					{"origin": [-0.64003, 14.76728, -3.2239], "size": [1.288, 2.376, 0.27206], "uv": [56, 45]}
				]
			},
			{
				"name": "skirt15",
				"parent": "skirt14",
				"pivot": [-0.03203, -0.72072, 0.16016],
				"cubes": [
					{"origin": [-0.43205, 16.81528, -3.25584], "size": [0.904, 0.104, 0.112], "uv": [3, 53]},
					{"origin": [-0.43205, 16.00728, -3.25584], "size": [0.904, 0.104, 0.112], "uv": [3, 53]},
					{"origin": [-0.43205, 16.39928, -3.25584], "size": [0.904, 0.104, 0.112], "uv": [3, 53]},
					{"origin": [-0.43205, 15.71928, -3.25584], "size": [0.904, 0.104, 0.112], "uv": [3, 53]},
					{"origin": [-0.43205, 15.27128, -3.25584], "size": [0.904, 0.104, 0.112], "uv": [3, 53]}
				]
			},
			{
				"name": "skirt16",
				"parent": "skirt14",
				"pivot": [-0.03203, -0.72072, 0.16016],
				"rotation": [0, 0, -90],
				"cubes": [
					{"origin": [16.70397, -0.3927, -3.25584], "size": [0.904, 0.104, 0.112], "uv": [3, 53]},
					{"origin": [16.70397, -1.2247, -3.25584], "size": [0.904, 0.104, 0.112], "uv": [3, 53]},
					{"origin": [16.70397, -0.8087, -3.25584], "size": [0.904, 0.104, 0.112], "uv": [3, 53]},
					{"origin": [15.96797, -0.3927, -3.25584], "size": [0.552, 0.104, 0.112], "uv": [3, 53]},
					{"origin": [15.96797, -1.2247, -3.25584], "size": [0.552, 0.104, 0.112], "uv": [3, 53]},
					{"origin": [15.58397, -0.8087, -3.25584], "size": [1.064, 0.104, 0.112], "uv": [3, 53]}
				]
			},
			{
				"name": "skirt27",
				"parent": "skirt14",
				"pivot": [-0.03203, -0.72072, 0.16016]
			},
			{
				"name": "skirt28",
				"parent": "skirt27",
				"pivot": [-0.03203, -0.72072, 0.16016]
			},
			{
				"name": "skirt29",
				"parent": "skirt28",
				"pivot": [-0.03203, -0.72072, 0.16016]
			},
			{
				"name": "skirt30",
				"parent": "skirt29",
				"pivot": [-0.03203, -0.72072, 0.16016]
			},
			{
				"name": "skirt35",
				"parent": "skirt30",
				"pivot": [-0.03203, -0.72072, 0.16016],
				"cubes": [
					{"origin": [-0.16717, 17.02269, -3.2993], "size": [0.37538, 0.07107, 0.26326], "uv": [56, 45]}
				]
			},
			{
				"name": "skirt32",
				"parent": "skirt30",
				"pivot": [0.02052, 17.89339, -3.16767],
				"rotation": [0, 0, -45],
				"cubes": [
					{"origin": [-0.46244, 17.98017, -3.2993], "size": [0.37538, 0.07107, 0.26326], "uv": [56, 45]}
				]
			},
			{
				"name": "skirt36",
				"parent": "skirt30",
				"pivot": [0.02052, 17.89339, -3.16767],
				"rotation": [0, 0, -45],
				"cubes": [
					{"origin": [-0.46244, 17.145, -3.2993], "size": [0.37538, 0.07107, 0.26326], "uv": [56, 45]}
				]
			},
			{
				"name": "skirt33",
				"parent": "skirt30",
				"pivot": [0.02052, 17.89339, -3.16767],
				"rotation": [0, 0, -90],
				"cubes": [
					{"origin": [-0.58475, 18.27544, -3.2993], "size": [0.37538, 0.07107, 0.26326], "uv": [56, 45]}
				]
			},
			{
				"name": "skirt37",
				"parent": "skirt30",
				"pivot": [0.02052, 17.89339, -3.16767],
				"rotation": [0, 0, -90],
				"cubes": [
					{"origin": [-0.58475, 17.44028, -3.2993], "size": [0.37538, 0.07107, 0.26326], "uv": [56, 45]}
				]
			},
			{
				"name": "skirt34",
				"parent": "skirt30",
				"pivot": [0.02052, 17.89339, -3.16767],
				"rotation": [0, 0, -135],
				"cubes": [
					{"origin": [-0.46244, 18.57072, -3.2993], "size": [0.37538, 0.07107, 0.26326], "uv": [56, 45]}
				]
			},
			{
				"name": "skirt38",
				"parent": "skirt30",
				"pivot": [0.02052, 17.89339, -3.16767],
				"rotation": [0, 0, -135],
				"cubes": [
					{"origin": [-0.46244, 17.73555, -3.2993], "size": [0.37538, 0.07107, 0.26326], "uv": [56, 45]}
				]
			},
			{
				"name": "skirt39",
				"parent": "skirt30",
				"pivot": [-0.03203, -0.72072, 0.16016],
				"cubes": [
					{"origin": [-0.16717, 17.85786, -3.2993], "size": [0.37538, 0.07107, 0.26326], "uv": [58, 47]}
				]
			},
			{
				"name": "skirt141",
				"parent": "skirt29",
				"pivot": [-0.03203, -0.73674, 0.20821]
			},
			{
				"name": "skirt142",
				"parent": "skirt141",
				"pivot": [-0.03203, -0.73674, 0.20821],
				"cubes": [
					{"origin": [-0.18787, 17.77034, -3.25125], "size": [0.40741, 0.13514, 0.26326], "uv": [5, 53]}
				]
			},
			{
				"name": "skirt143",
				"parent": "skirt141",
				"pivot": [-0.03203, -0.73674, 0.20821],
				"cubes": [
					{"origin": [-0.18787, 17.05003, -3.25125], "size": [0.40741, 0.47148, 0.26326], "uv": [5, 53]}
				]
			},
			{
				"name": "skirt144",
				"parent": "skirt141",
				"pivot": [0.02052, 17.87738, -3.11962],
				"rotation": [0, 0, -45],
				"cubes": [
					{"origin": [-0.46907, 17.8907, -3.25125], "size": [0.40741, 0.13514, 0.26326], "uv": [5, 53]}
				]
			},
			{
				"name": "skirt145",
				"parent": "skirt141",
				"pivot": [0.02052, 17.87738, -3.11962],
				"rotation": [0, 0, -45],
				"cubes": [
					{"origin": [-0.46907, 17.18641, -3.25125], "size": [0.40741, 0.11912, 0.26326], "uv": [5, 53]}
				]
			},
			{
				"name": "skirt146",
				"parent": "skirt141",
				"pivot": [0.02052, 17.87738, -3.11962],
				"rotation": [0, 0, -90],
				"cubes": [
					{"origin": [-0.5828, 18.01449, -3.25125], "size": [0.40741, 0.27928, 0.26326], "uv": [5, 53]}
				]
			},
			{
				"name": "skirt147",
				"parent": "skirt141",
				"pivot": [0.02052, 17.87738, -3.11962],
				"rotation": [0, 0, -90],
				"cubes": [
					{"origin": [-0.5828, 17.43833, -3.25125], "size": [0.37538, 0.37537, 0.26326], "uv": [5, 53]}
				]
			},
			{
				"name": "skirt148",
				"parent": "skirt141",
				"pivot": [0.02052, 17.87738, -3.11962],
				"rotation": [0, 0, -135],
				"cubes": [
					{"origin": [-0.46244, 18.27968, -3.25125], "size": [0.40741, 0.31132, 0.26326], "uv": [5, 53]}
				]
			},
			{
				"name": "skirt149",
				"parent": "skirt141",
				"pivot": [0.02052, 17.87738, -3.11962],
				"rotation": [0, 0, -135],
				"cubes": [
					{"origin": [-0.46244, 17.7836, -3.25125], "size": [0.40741, 0.31131, 0.26326], "uv": [5, 53]}
				]
			},
			{
				"name": "skirt150",
				"parent": "skirt141",
				"pivot": [-0.03203, -0.73674, 0.20821],
				"cubes": [
					{"origin": [-0.18787, 17.45002, -3.25125], "size": [0.39139, 0.47147, 0.26326], "uv": [5, 53]}
				]
			},
			{
				"name": "skirt41",
				"parent": "skirt29",
				"pivot": [-0.03203, -0.72072, 0.16016]
			},
			{
				"name": "skirt40",
				"parent": "skirt41",
				"pivot": [-0.03203, -0.72072, 0.16016]
			},
			{
				"name": "skirt48",
				"parent": "skirt27",
				"pivot": [-0.03203, -0.72072, 0.16016],
				"cubes": [
					{"origin": [-0.02302, 17.71371, -3.2993], "size": [0.08709, 0.21522, 0.26326], "uv": [56, 45]}
				]
			},
			{
				"name": "skirt42",
				"parent": "skirt48",
				"pivot": [-0.01602, 17.44144, 0]
			},
			{
				"name": "skirt43",
				"parent": "skirt42",
				"pivot": [-0.03203, 17.6977, 0.16016],
				"rotation": [0, 0, -70],
				"cubes": [
					{"origin": [0.03125, 17.71114, -3.2993], "size": [0.03904, 0.08709, 0.26326], "uv": [56, 45]}
				]
			},
			{
				"name": "skirt55",
				"parent": "skirt42",
				"pivot": [-0.03203, 17.6977, 0.16016],
				"rotation": [0, 0, -85],
				"cubes": [
					{"origin": [0.01524, 17.67911, -3.2993], "size": [0.02302, 0.08709, 0.26326], "uv": [56, 45]}
				]
			},
			{
				"name": "skirt50",
				"parent": "skirt42",
				"pivot": [-0.03203, 17.6977, 0.16016],
				"rotation": [0, 0, -120],
				"cubes": [
					{"origin": [-0.0168, 17.61505, -3.2993], "size": [0.02302, 0.08709, 0.26326], "uv": [56, 45]}
				]
			},
			{
				"name": "skirt51",
				"parent": "skirt42",
				"pivot": [-0.03203, 17.6977, 0.16016],
				"rotation": [0, 0, -115],
				"cubes": [
					{"origin": [-0.03281, 17.61505, -3.2993], "size": [0.03904, 0.08709, 0.26326], "uv": [56, 45]}
				]
			},
			{
				"name": "skirt52",
				"parent": "skirt42",
				"pivot": [-0.03203, 17.6977, 0.16016],
				"rotation": [0, 0, -140],
				"cubes": [
					{"origin": [-0.01759, 17.68878, -3.2993], "size": [0.02302, 0.02302, 0.26326], "uv": [56, 45]}
				]
			},
			{
				"name": "skirt53",
				"parent": "skirt42",
				"pivot": [-0.03203, 17.6977, 0.16016],
				"rotation": [0, 0, -170],
				"cubes": [
					{"origin": [-0.04962, 17.68878, -3.2993], "size": [0.05506, 0.02302, 0.26326], "uv": [56, 45]}
				]
			},
			{
				"name": "skirt56",
				"parent": "skirt42",
				"pivot": [-0.03203, 17.6977, 0.16016],
				"rotation": [0, 0, -130],
				"cubes": [
					{"origin": [0.04309, 17.69643, -3.2993], "size": [0.02302, 0.05506, 0.26326], "uv": [56, 45]}
				]
			},
			{
				"name": "skirt57",
				"parent": "skirt42",
				"pivot": [-0.03203, 17.6977, 0.16016],
				"rotation": [0, 0, -165],
				"cubes": [
					{"origin": [0.05619, 17.68547, -3.2993], "size": [0.02302, 0.03904, 0.26326], "uv": [56, 45]}
				]
			},
			{
				"name": "skirt49",
				"parent": "skirt42",
				"pivot": [-0.03203, 17.6977, 0.16016],
				"rotation": [0, 0, 145],
				"cubes": [
					{"origin": [0.03699, 17.62971, -3.2993], "size": [0.02302, 0.05506, 0.26326], "uv": [56, 45]}
				]
			},
			{
				"name": "skirt44",
				"parent": "skirt42",
				"pivot": [-0.03203, 17.6977, 0.16016],
				"rotation": [0, 0, -110],
				"cubes": [
					{"origin": [0.07193, 17.70894, -3.2993], "size": [0.03904, 0.08709, 0.26326], "uv": [56, 45]}
				]
			},
			{
				"name": "skirt45",
				"parent": "skirt42",
				"pivot": [-0.03203, 17.6977, 0.16016],
				"rotation": [0, 0, -145],
				"cubes": [
					{"origin": [0.10247, 17.69622, -3.2993], "size": [0.03904, 0.08709, 0.26326], "uv": [56, 45]}
				]
			},
			{
				"name": "skirt46",
				"parent": "skirt42",
				"pivot": [-0.03203, 17.6977, 0.16016],
				"rotation": [0, 0, 155],
				"cubes": [
					{"origin": [0.08984, 17.59021, -3.2993], "size": [0.03904, 0.08709, 0.26326], "uv": [56, 45]}
				]
			},
			{
				"name": "skirt47",
				"parent": "skirt42",
				"pivot": [-0.03203, 17.6977, 0.16016],
				"rotation": [0, 0, 130],
				"cubes": [
					{"origin": [0.06614, 17.61121, -3.2993], "size": [0.03904, 0.26326, 0.26326], "uv": [56, 45]}
				]
			},
			{
				"name": "skirt58",
				"parent": "skirt42",
				"pivot": [-0.03203, 17.6977, 0.16016],
				"rotation": [0, 0, 125],
				"cubes": [
					{"origin": [0.02636, 17.64592, -3.2993], "size": [0.02302, 0.16717, 0.26326], "uv": [56, 45]}
				]
			},
			{
				"name": "skirt54",
				"parent": "skirt42",
				"pivot": [-0.03203, 17.6977, 0.16016],
				"rotation": [0, 0, 125],
				"cubes": [
					{"origin": [-0.02168, 17.67795, -3.2993], "size": [0.02302, 0.1031, 0.26326], "uv": [56, 45]}
				]
			},
			{
				"name": "skirt59",
				"parent": "skirt48",
				"pivot": [0.04805, 17.44144, 0]
			},
			{
				"name": "skirt60",
				"parent": "skirt59",
				"pivot": [0.06406, 17.6977, 0.16016],
				"rotation": [0, 0, 70],
				"cubes": [
					{"origin": [-0.03826, 17.71114, -3.2993], "size": [0.03904, 0.08709, 0.26326], "uv": [56, 45], "mirror": true}
				]
			},
			{
				"name": "skirt61",
				"parent": "skirt59",
				"pivot": [0.06406, 17.6977, 0.16016],
				"rotation": [0, 0, 85],
				"cubes": [
					{"origin": [-0.00623, 17.67911, -3.2993], "size": [0.02302, 0.08709, 0.26326], "uv": [56, 45], "mirror": true}
				]
			},
			{
				"name": "skirt62",
				"parent": "skirt59",
				"pivot": [0.06406, 17.6977, 0.16016],
				"rotation": [0, 0, 120],
				"cubes": [
					{"origin": [0.02581, 17.61505, -3.2993], "size": [0.02302, 0.08709, 0.26326], "uv": [56, 45], "mirror": true}
				]
			},
			{
				"name": "skirt63",
				"parent": "skirt59",
				"pivot": [0.06406, 17.6977, 0.16016],
				"rotation": [0, 0, 115],
				"cubes": [
					{"origin": [0.02581, 17.61505, -3.2993], "size": [0.03904, 0.08709, 0.26326], "uv": [56, 45], "mirror": true}
				]
			},
			{
				"name": "skirt64",
				"parent": "skirt59",
				"pivot": [0.06406, 17.6977, 0.16016],
				"rotation": [0, 0, 140],
				"cubes": [
					{"origin": [0.0266, 17.68878, -3.2993], "size": [0.02302, 0.02302, 0.26326], "uv": [56, 45], "mirror": true}
				]
			},
			{
				"name": "skirt65",
				"parent": "skirt59",
				"pivot": [0.06406, 17.6977, 0.16016],
				"rotation": [0, 0, 170],
				"cubes": [
					{"origin": [0.0266, 17.68878, -3.2993], "size": [0.05506, 0.02302, 0.26326], "uv": [56, 45], "mirror": true}
				]
			},
			{
				"name": "skirt66",
				"parent": "skirt59",
				"pivot": [0.06406, 17.6977, 0.16016],
				"rotation": [0, 0, 130],
				"cubes": [
					{"origin": [-0.03408, 17.69643, -3.2993], "size": [0.02302, 0.05506, 0.26326], "uv": [56, 45], "mirror": true}
				]
			},
			{
				"name": "skirt67",
				"parent": "skirt59",
				"pivot": [0.06406, 17.6977, 0.16016],
				"rotation": [0, 0, 165],
				"cubes": [
					{"origin": [-0.04718, 17.68547, -3.2993], "size": [0.02302, 0.03904, 0.26326], "uv": [56, 45], "mirror": true}
				]
			},
			{
				"name": "skirt68",
				"parent": "skirt59",
				"pivot": [0.06406, 17.6977, 0.16016],
				"rotation": [0, 0, -145],
				"cubes": [
					{"origin": [-0.02798, 17.62971, -3.2993], "size": [0.02302, 0.05506, 0.26326], "uv": [56, 45], "mirror": true}
				]
			},
			{
				"name": "skirt69",
				"parent": "skirt59",
				"pivot": [0.06406, 17.6977, 0.16016],
				"rotation": [0, 0, 110],
				"cubes": [
					{"origin": [-0.07894, 17.70894, -3.2993], "size": [0.03904, 0.08709, 0.26326], "uv": [56, 45], "mirror": true}
				]
			},
			{
				"name": "skirt70",
				"parent": "skirt59",
				"pivot": [0.06406, 17.6977, 0.16016],
				"rotation": [0, 0, 145],
				"cubes": [
					{"origin": [-0.10948, 17.69622, -3.2993], "size": [0.03904, 0.08709, 0.26326], "uv": [56, 45], "mirror": true}
				]
			},
			{
				"name": "skirt71",
				"parent": "skirt59",
				"pivot": [0.06406, 17.6977, 0.16016],
				"rotation": [0, 0, -155],
				"cubes": [
					{"origin": [-0.09685, 17.59021, -3.2993], "size": [0.03904, 0.08709, 0.26326], "uv": [56, 45], "mirror": true}
				]
			},
			{
				"name": "skirt72",
				"parent": "skirt59",
				"pivot": [0.06406, 17.6977, 0.16016],
				"rotation": [0, 0, -130],
				"cubes": [
					{"origin": [-0.07315, 17.61121, -3.2993], "size": [0.03904, 0.26326, 0.26326], "uv": [56, 45], "mirror": true}
				]
			},
			{
				"name": "skirt73",
				"parent": "skirt59",
				"pivot": [0.06406, 17.6977, 0.16016],
				"rotation": [0, 0, -125],
				"cubes": [
					{"origin": [-0.01736, 17.64592, -3.2993], "size": [0.02302, 0.16717, 0.26326], "uv": [56, 45], "mirror": true}
				]
			},
			{
				"name": "skirt74",
				"parent": "skirt59",
				"pivot": [0.06406, 17.6977, 0.16016],
				"rotation": [0, 0, -125],
				"cubes": [
					{"origin": [0.03069, 17.67795, -3.2993], "size": [0.02302, 0.1031, 0.26326], "uv": [56, 45], "mirror": true}
				]
			},
			{
				"name": "skirt75",
				"parent": "skirt27",
				"pivot": [-0.14414, 17.68168, 0.16016],
				"rotation": [0, 0, -123],
				"cubes": [
					{"origin": [-0.42342, 17.87387, -3.2993], "size": [0.08709, 0.21522, 0.26326], "uv": [56, 45]}
				]
			},
			{
				"name": "skirt76",
				"parent": "skirt75",
				"pivot": [-0.41642, 17.6016, 0]
			},
			{
				"name": "skirt77",
				"parent": "skirt76",
				"pivot": [-0.43243, 17.85786, 0.16016],
				"rotation": [0, 0, -70],
				"cubes": [
					{"origin": [-0.36915, 17.8713, -3.2993], "size": [0.03904, 0.08709, 0.26326], "uv": [56, 45]}
				]
			},
			{
				"name": "skirt78",
				"parent": "skirt76",
				"pivot": [-0.43243, 17.85786, 0.16016],
				"rotation": [0, 0, -85],
				"cubes": [
					{"origin": [-0.38516, 17.83927, -3.2993], "size": [0.02302, 0.08709, 0.26326], "uv": [56, 45]}
				]
			},
			{
				"name": "skirt79",
				"parent": "skirt76",
				"pivot": [-0.43243, 17.85786, 0.16016],
				"rotation": [0, 0, -120],
				"cubes": [
					{"origin": [-0.4172, 17.77521, -3.2993], "size": [0.02302, 0.08709, 0.26326], "uv": [56, 45]}
				]
			},
			{
				"name": "skirt80",
				"parent": "skirt76",
				"pivot": [-0.43243, 17.85786, 0.16016],
				"rotation": [0, 0, -115],
				"cubes": [
					{"origin": [-0.43321, 17.77521, -3.2993], "size": [0.03904, 0.08709, 0.26326], "uv": [56, 45]}
				]
			},
			{
				"name": "skirt81",
				"parent": "skirt76",
				"pivot": [-0.43243, 17.85786, 0.16016],
				"rotation": [0, 0, -140],
				"cubes": [
					{"origin": [-0.41799, 17.84894, -3.2993], "size": [0.02302, 0.02302, 0.26326], "uv": [56, 45]}
				]
			},
			{
				"name": "skirt82",
				"parent": "skirt76",
				"pivot": [-0.43243, 17.85786, 0.16016],
				"rotation": [0, 0, -170],
				"cubes": [
					{"origin": [-0.45002, 17.84894, -3.2993], "size": [0.05506, 0.02302, 0.26326], "uv": [56, 45]}
				]
			},
			{
				"name": "skirt83",
				"parent": "skirt76",
				"pivot": [-0.43243, 17.85786, 0.16016],
				"rotation": [0, 0, -130],
				"cubes": [
					{"origin": [-0.35731, 17.85659, -3.2993], "size": [0.02302, 0.05506, 0.26326], "uv": [56, 45]}
				]
			},
			{
				"name": "skirt84",
				"parent": "skirt76",
				"pivot": [-0.43243, 17.85786, 0.16016],
				"rotation": [0, 0, -165],
				"cubes": [
					{"origin": [-0.34421, 17.84563, -3.2993], "size": [0.02302, 0.03904, 0.26326], "uv": [56, 45]}
				]
			},
			{
				"name": "skirt85",
				"parent": "skirt76",
				"pivot": [-0.43243, 17.85786, 0.16016],
				"rotation": [0, 0, 145],
				"cubes": [
					{"origin": [-0.36341, 17.78988, -3.56256], "size": [0.02302, 0.05506, 0.26326], "uv": [56, 45]}
				]
			},
			{
				"name": "skirt86",
				"parent": "skirt76",
				"pivot": [-0.43243, 17.85786, 0.16016],
				"rotation": [0, 0, -110],
				"cubes": [
					{"origin": [-0.32847, 17.8691, -3.2993], "size": [0.03904, 0.08709, 0.26326], "uv": [56, 45]}
				]
			},
			{
				"name": "skirt87",
				"parent": "skirt76",
				"pivot": [-0.43243, 17.85786, 0.16016],
				"rotation": [0, 0, -145],
				"cubes": [
					{"origin": [-0.29793, 17.85638, -3.2993], "size": [0.03904, 0.08709, 0.26326], "uv": [56, 45]}
				]
			},
			{
				"name": "skirt88",
				"parent": "skirt76",
				"pivot": [-0.43243, 17.85786, 0.16016],
				"rotation": [0, 0, 155],
				"cubes": [
					{"origin": [-0.31056, 17.75037, -3.2993], "size": [0.03904, 0.08709, 0.26326], "uv": [56, 45]}
				]
			},
			{
				"name": "skirt89",
				"parent": "skirt76",
				"pivot": [-0.43243, 17.85786, 0.16016],
				"rotation": [0, 0, 130],
				"cubes": [
					{"origin": [-0.33426, 17.77137, -3.2993], "size": [0.03904, 0.26326, 0.26326], "uv": [56, 45]}
				]
			},
			{
				"name": "skirt90",
				"parent": "skirt76",
				"pivot": [-0.43243, 17.85786, 0.16016],
				"rotation": [0, 0, 125],
				"cubes": [
					{"origin": [-0.37404, 17.80608, -3.2993], "size": [0.02302, 0.16717, 0.26326], "uv": [56, 45]}
				]
			},
			{
				"name": "skirt91",
				"parent": "skirt76",
				"pivot": [-0.43243, 17.85786, 0.16016],
				"rotation": [0, 0, 125],
				"cubes": [
					{"origin": [-0.42208, 17.83811, -3.2993], "size": [0.02302, 0.1031, 0.26326], "uv": [56, 45]}
				]
			},
			{
				"name": "skirt92",
				"parent": "skirt75",
				"pivot": [-0.35235, 17.6016, 0]
			},
			{
				"name": "skirt93",
				"parent": "skirt92",
				"pivot": [-0.33634, 17.85786, 0.16016],
				"rotation": [0, 0, 70],
				"cubes": [
					{"origin": [-0.43866, 17.8713, -3.2993], "size": [0.03904, 0.08709, 0.26326], "uv": [56, 45], "mirror": true}
				]
			},
			{
				"name": "skirt94",
				"parent": "skirt92",
				"pivot": [-0.33634, 17.85786, 0.16016],
				"rotation": [0, 0, 85],
				"cubes": [
					{"origin": [-0.40663, 17.83927, -3.2993], "size": [0.02302, 0.08709, 0.26326], "uv": [56, 45], "mirror": true}
				]
			},
			{
				"name": "skirt95",
				"parent": "skirt92",
				"pivot": [-0.33634, 17.85786, 0.16016],
				"rotation": [0, 0, 120],
				"cubes": [
					{"origin": [-0.3746, 17.77521, -3.2993], "size": [0.02302, 0.08709, 0.26326], "uv": [56, 45], "mirror": true}
				]
			},
			{
				"name": "skirt96",
				"parent": "skirt92",
				"pivot": [-0.33634, 17.85786, 0.16016],
				"rotation": [0, 0, 115],
				"cubes": [
					{"origin": [-0.3746, 17.77521, -3.2993], "size": [0.03904, 0.08709, 0.26326], "uv": [56, 45], "mirror": true}
				]
			},
			{
				"name": "skirt97",
				"parent": "skirt92",
				"pivot": [-0.33634, 17.85786, 0.16016],
				"rotation": [0, 0, 140],
				"cubes": [
					{"origin": [-0.37381, 17.84894, -3.2993], "size": [0.02302, 0.02302, 0.26326], "uv": [56, 45], "mirror": true}
				]
			},
			{
				"name": "skirt98",
				"parent": "skirt92",
				"pivot": [-0.33634, 17.85786, 0.16016],
				"rotation": [0, 0, 170],
				"cubes": [
					{"origin": [-0.37381, 17.84894, -3.2993], "size": [0.05506, 0.02302, 0.26326], "uv": [56, 45], "mirror": true}
				]
			},
			{
				"name": "skirt99",
				"parent": "skirt92",
				"pivot": [-0.33634, 17.85786, 0.16016],
				"rotation": [0, 0, 130],
				"cubes": [
					{"origin": [-0.43448, 17.85659, -3.2993], "size": [0.02302, 0.05506, 0.26326], "uv": [56, 45], "mirror": true}
				]
			},
			{
				"name": "skirt100",
				"parent": "skirt92",
				"pivot": [-0.33634, 17.85786, 0.16016],
				"rotation": [0, 0, 165],
				"cubes": [
					{"origin": [-0.44758, 17.84563, -3.2993], "size": [0.02302, 0.03904, 0.26326], "uv": [56, 45], "mirror": true}
				]
			},
			{
				"name": "skirt101",
				"parent": "skirt92",
				"pivot": [-0.33634, 17.85786, 0.16016],
				"rotation": [0, 0, -145],
				"cubes": [
					{"origin": [-0.42838, 17.78988, -3.2993], "size": [0.02302, 0.05506, 0.26326], "uv": [56, 45], "mirror": true}
				]
			},
			{
				"name": "skirt102",
				"parent": "skirt92",
				"pivot": [-0.33634, 17.85786, 0.16016],
				"rotation": [0, 0, 110],
				"cubes": [
					{"origin": [-0.47934, 17.8691, -3.2993], "size": [0.03904, 0.08709, 0.26326], "uv": [56, 45], "mirror": true}
				]
			},
			{
				"name": "skirt103",
				"parent": "skirt92",
				"pivot": [-0.33634, 17.85786, 0.16016],
				"rotation": [0, 0, 145],
				"cubes": [
					{"origin": [-0.50988, 17.85638, -3.2993], "size": [0.03904, 0.08709, 0.26326], "uv": [56, 45], "mirror": true}
				]
			},
			{
				"name": "skirt104",
				"parent": "skirt92",
				"pivot": [-0.33634, 17.85786, 0.16016],
				"rotation": [0, 0, -155],
				"cubes": [
					{"origin": [-0.49725, 17.75037, -3.2993], "size": [0.03904, 0.08709, 0.26326], "uv": [56, 45], "mirror": true}
				]
			},
			{
				"name": "skirt105",
				"parent": "skirt92",
				"pivot": [-0.33634, 17.85786, 0.16016],
				"rotation": [0, 0, -130],
				"cubes": [
					{"origin": [-0.47355, 17.77137, -3.2993], "size": [0.03904, 0.26326, 0.26326], "uv": [56, 45], "mirror": true}
				]
			},
			{
				"name": "skirt106",
				"parent": "skirt92",
				"pivot": [-0.33634, 17.85786, 0.16016],
				"rotation": [0, 0, -125],
				"cubes": [
					{"origin": [-0.41776, 17.80608, -3.2993], "size": [0.02302, 0.16717, 0.26326], "uv": [56, 45], "mirror": true}
				]
			},
			{
				"name": "skirt107",
				"parent": "skirt92",
				"pivot": [-0.33634, 17.85786, 0.16016],
				"rotation": [0, 0, -125],
				"cubes": [
					{"origin": [-0.36971, 17.83811, -3.2993], "size": [0.02302, 0.1031, 0.26326], "uv": [56, 45], "mirror": true}
				]
			},
			{
				"name": "skirt108",
				"parent": "skirt27",
				"pivot": [-0.08008, 17.26527, 0.16016],
				"rotation": [0, 0, 122],
				"cubes": [
					{"origin": [-0.35936, 17.45746, -3.2993], "size": [0.08709, 0.21522, 0.26326], "uv": [56, 45]}
				]
			},
			{
				"name": "skirt109",
				"parent": "skirt108",
				"pivot": [-0.35235, 17.18519, 0]
			},
			{
				"name": "skirt110",
				"parent": "skirt109",
				"pivot": [-0.36837, 17.44144, 0.16016],
				"rotation": [0, 0, -70],
				"cubes": [
					{"origin": [-0.30508, 17.45489, -3.2993], "size": [0.03904, 0.08709, 0.26326], "uv": [56, 45]}
				]
			},
			{
				"name": "skirt111",
				"parent": "skirt109",
				"pivot": [-0.36837, 17.44144, 0.16016],
				"rotation": [0, 0, -85],
				"cubes": [
					{"origin": [-0.3211, 17.42286, -3.2993], "size": [0.02302, 0.08709, 0.26326], "uv": [56, 45]}
				]
			},
			{
				"name": "skirt112",
				"parent": "skirt109",
				"pivot": [-0.36837, 17.44144, 0.16016],
				"rotation": [0, 0, -120],
				"cubes": [
					{"origin": [-0.35313, 17.35879, -3.2993], "size": [0.02302, 0.08709, 0.26326], "uv": [56, 45]}
				]
			},
			{
				"name": "skirt113",
				"parent": "skirt109",
				"pivot": [-0.36837, 17.44144, 0.16016],
				"rotation": [0, 0, -115],
				"cubes": [
					{"origin": [-0.36915, 17.35879, -3.2993], "size": [0.03904, 0.08709, 0.26326], "uv": [56, 45]}
				]
			},
			{
				"name": "skirt114",
				"parent": "skirt109",
				"pivot": [-0.36837, 17.44144, 0.16016],
				"rotation": [0, 0, -140],
				"cubes": [
					{"origin": [-0.35392, 17.43253, -3.2993], "size": [0.02302, 0.02302, 0.26326], "uv": [56, 45]}
				]
			},
			{
				"name": "skirt115",
				"parent": "skirt109",
				"pivot": [-0.36837, 17.44144, 0.16016],
				"rotation": [0, 0, -170],
				"cubes": [
					{"origin": [-0.38595, 17.43253, -3.2993], "size": [0.05506, 0.02302, 0.26326], "uv": [56, 45]}
				]
			},
			{
				"name": "skirt116",
				"parent": "skirt109",
				"pivot": [-0.36837, 17.44144, 0.16016],
				"rotation": [0, 0, -130],
				"cubes": [
					{"origin": [-0.29325, 17.44018, -3.2993], "size": [0.02302, 0.05506, 0.26326], "uv": [56, 45]}
				]
			},
			{
				"name": "skirt117",
				"parent": "skirt109",
				"pivot": [-0.36837, 17.44144, 0.16016],
				"rotation": [0, 0, -165],
				"cubes": [
					{"origin": [-0.28015, 17.42921, -3.2993], "size": [0.02302, 0.03904, 0.26326], "uv": [56, 45]}
				]
			},
			{
				"name": "skirt118",
				"parent": "skirt109",
				"pivot": [-0.36837, 17.44144, 0.16016],
				"rotation": [0, 0, 145],
				"cubes": [
					{"origin": [-0.29934, 17.37346, -3.2993], "size": [0.02302, 0.03904, 0.26326], "uv": [56, 45]}
				]
			},
			{
				"name": "skirt119",
				"parent": "skirt109",
				"pivot": [-0.36837, 17.44144, 0.16016],
				"rotation": [0, 0, -110],
				"cubes": [
					{"origin": [-0.2644, 17.45268, -3.2993], "size": [0.03904, 0.08709, 0.26326], "uv": [56, 45]}
				]
			},
			{
				"name": "skirt120",
				"parent": "skirt109",
				"pivot": [-0.36837, 17.44144, 0.16016],
				"rotation": [0, 0, -145],
				"cubes": [
					{"origin": [-0.23386, 17.43997, -3.2993], "size": [0.03904, 0.08709, 0.26326], "uv": [56, 45]}
				]
			},
			{
				"name": "skirt121",
				"parent": "skirt109",
				"pivot": [-0.36837, 17.44144, 0.16016],
				"rotation": [0, 0, 155],
				"cubes": [
					{"origin": [-0.24649, 17.33396, -3.2993], "size": [0.03904, 0.08709, 0.26326], "uv": [56, 45]}
				]
			},
			{
				"name": "skirt122",
				"parent": "skirt109",
				"pivot": [-0.36837, 17.44144, 0.16016],
				"rotation": [0, 0, 130],
				"cubes": [
					{"origin": [-0.27019, 17.35495, -3.2993], "size": [0.03904, 0.26326, 0.26326], "uv": [56, 45]}
				]
			},
			{
				"name": "skirt123",
				"parent": "skirt109",
				"pivot": [-0.36837, 17.44144, 0.16016],
				"rotation": [0, 0, 125],
				"cubes": [
					{"origin": [-0.30997, 17.38966, -3.2993], "size": [0.02302, 0.16717, 0.26326], "uv": [56, 45]}
				]
			},
			{
				"name": "skirt124",
				"parent": "skirt109",
				"pivot": [-0.36837, 17.44144, 0.16016],
				"rotation": [0, 0, 125],
				"cubes": [
					{"origin": [-0.35802, 17.42169, -3.2993], "size": [0.02302, 0.1031, 0.26326], "uv": [56, 45]}
				]
			},
			{
				"name": "skirt125",
				"parent": "skirt108",
				"pivot": [-0.28829, 17.18519, 0]
			},
			{
				"name": "skirt126",
				"parent": "skirt125",
				"pivot": [-0.27227, 17.44144, 0.16016],
				"rotation": [0, 0, 70],
				"cubes": [
					{"origin": [-0.3746, 17.45489, -3.2993], "size": [0.03904, 0.08709, 0.26326], "uv": [56, 45], "mirror": true}
				]
			},
			{
				"name": "skirt127",
				"parent": "skirt125",
				"pivot": [-0.27227, 17.44144, 0.16016],
				"rotation": [0, 0, 85],
				"cubes": [
					{"origin": [-0.34256, 17.42286, -3.2993], "size": [0.02302, 0.08709, 0.26326], "uv": [56, 45], "mirror": true}
				]
			},
			{
				"name": "skirt128",
				"parent": "skirt125",
				"pivot": [-0.27227, 17.44144, 0.16016],
				"rotation": [0, 0, 120],
				"cubes": [
					{"origin": [-0.31053, 17.35879, -3.2993], "size": [0.02302, 0.08709, 0.26326], "uv": [56, 45], "mirror": true}
				]
			},
			{
				"name": "skirt129",
				"parent": "skirt125",
				"pivot": [-0.27227, 17.44144, 0.16016],
				"rotation": [0, 0, 115],
				"cubes": [
					{"origin": [-0.31053, 17.35879, -3.2993], "size": [0.03904, 0.08709, 0.26326], "uv": [56, 45], "mirror": true}
				]
			},
			{
				"name": "skirt130",
				"parent": "skirt125",
				"pivot": [-0.27227, 17.44144, 0.16016],
				"rotation": [0, 0, 140],
				"cubes": [
					{"origin": [-0.30974, 17.43253, -3.2993], "size": [0.02302, 0.02302, 0.26326], "uv": [56, 45], "mirror": true}
				]
			},
			{
				"name": "skirt131",
				"parent": "skirt125",
				"pivot": [-0.27227, 17.44144, 0.16016],
				"rotation": [0, 0, 170],
				"cubes": [
					{"origin": [-0.30974, 17.43253, -3.2993], "size": [0.05506, 0.02302, 0.26326], "uv": [56, 45], "mirror": true}
				]
			},
			{
				"name": "skirt132",
				"parent": "skirt125",
				"pivot": [-0.27227, 17.44144, 0.16016],
				"rotation": [0, 0, 130],
				"cubes": [
					{"origin": [-0.37041, 17.44018, -3.2993], "size": [0.02302, 0.05506, 0.26326], "uv": [56, 45], "mirror": true}
				]
			},
			{
				"name": "skirt133",
				"parent": "skirt125",
				"pivot": [-0.27227, 17.44144, 0.16016],
				"rotation": [0, 0, 165],
				"cubes": [
					{"origin": [-0.38352, 17.42921, -3.2993], "size": [0.02302, 0.03904, 0.26326], "uv": [56, 45], "mirror": true}
				]
			},
			{
				"name": "skirt134",
				"parent": "skirt125",
				"pivot": [-0.27227, 17.44144, 0.16016],
				"rotation": [0, 0, -145],
				"cubes": [
					{"origin": [-0.36432, 17.37346, -3.2993], "size": [0.02302, 0.03904, 0.26326], "uv": [56, 45], "mirror": true}
				]
			},
			{
				"name": "skirt135",
				"parent": "skirt125",
				"pivot": [-0.27227, 17.44144, 0.16016],
				"rotation": [0, 0, 110],
				"cubes": [
					{"origin": [-0.41528, 17.45268, -3.2993], "size": [0.03904, 0.08709, 0.26326], "uv": [56, 45], "mirror": true}
				]
			},
			{
				"name": "skirt136",
				"parent": "skirt125",
				"pivot": [-0.27227, 17.44144, 0.16016],
				"rotation": [0, 0, 145],
				"cubes": [
					{"origin": [-0.44582, 17.43997, -3.2993], "size": [0.03904, 0.08709, 0.26326], "uv": [56, 45], "mirror": true}
				]
			},
			{
				"name": "skirt137",
				"parent": "skirt125",
				"pivot": [-0.27227, 17.44144, 0.16016],
				"rotation": [0, 0, -155],
				"cubes": [
					{"origin": [-0.43319, 17.33396, -3.2993], "size": [0.03904, 0.08709, 0.26326], "uv": [56, 45], "mirror": true}
				]
			},
			{
				"name": "skirt138",
				"parent": "skirt125",
				"pivot": [-0.27227, 17.44144, 0.16016],
				"rotation": [0, 0, -130],
				"cubes": [
					{"origin": [-0.40949, 17.35495, -3.2993], "size": [0.03904, 0.26326, 0.26326], "uv": [56, 45], "mirror": true}
				]
			},
			{
				"name": "skirt139",
				"parent": "skirt125",
				"pivot": [-0.27227, 17.44144, 0.16016],
				"rotation": [0, 0, -125],
				"cubes": [
					{"origin": [-0.35369, 17.38966, -3.2993], "size": [0.02302, 0.16717, 0.26326], "uv": [56, 45], "mirror": true}
				]
			},
			{
				"name": "skirt140",
				"parent": "skirt125",
				"pivot": [-0.27227, 17.44144, 0.16016],
				"rotation": [0, 0, -125],
				"cubes": [
					{"origin": [-0.30564, 17.42169, -3.2993], "size": [0.02302, 0.1031, 0.26326], "uv": [56, 45], "mirror": true}
				]
			},
			{
				"name": "legLeft",
				"pivot": [2, 9, 0],
				"cubes": [
					{"origin": [0.5, 0, -1.5], "size": [3, 9, 3], "uv": [27, 34]}
				]
			},
			{
				"name": "legRight",
				"pivot": [-2, 9, 0],
				"cubes": [
					{"origin": [-3.5, 0, -1.5], "size": [3, 9, 3], "uv": [15, 34]}
				]
			}
		]
	}
}