{
	"pack_name": "{pack.hapi_skin.name}",
	"icon": "hapi_skin:textures/hapi_icon_1.png",
	"description": ["{pack.hapi_skin.desc}"],
	"author": ["momizi"],
	"version": "1.2.0",
	"date": "2020-9-29",
	"model_list": [
		{
			"model_id": "hapi_skin:hapi_youmu",
			"description": ["{model.hapi_skin.hapi_youmu.desc}"]
		},
		{
			"model_id": "hapi_skin:hapi_youmu_bug",
			"texture": "hapi_skin:textures/entity/hapi_youmu.png",
			"description": ["{model.hapi_skin.hapi_youmu_bug.desc}"]
		},
		{
			"model_id": "hapi_skin:kirisame_marisa_remade",
			"texture": "touhou_little_maid:textures/entity/kirisame_marisa.png",
			"description": ["{model.hapi_skin.kirisame_marisa_remade.desc}"]
		}
	]
}