{
	"format_version": "1.10.0",
	"geometry.model": {
		"texturewidth": 128,
		"textureheight": 64,
		"visible_bounds_width": 2,
		"visible_bounds_height": 2,
		"visible_bounds_offset": [0, 1, 0],
		"bones": [
			{
				"name": "backpackPositioningBone",
				"pivot": [0, 22, 0]
			},
			{
				"name": "head",
				"pivot": [0, 23.6, 0],
				"cubes": [
					{"origin": [-4, 23.6, -4], "size": [8, 8, 8], "uv": [0, 0]},
					{"origin": [-4, 23.6, -4], "size": [8, 8, 8], "uv": [32, 0], "inflate": 0.3},
					{"origin": [-4, 15.6, -4], "size": [8, 16, 8], "uv": [94, 0], "inflate": 0.31}
				]
			},
			{
				"name": "rEar1",
				"parent": "head",
				"pivot": [-3.5, 31.6, 0],
				"cubes": [
					{"origin": [-4.5, 30.6, -1], "size": [2, 2, 2], "uv": [94, 36]}
				]
			},
			{
				"name": "rEar2",
				"parent": "rEar1",
				"pivot": [-3.5, 31.6, 0],
				"rotation": [94.00003, 12, -5],
				"cubes": [
					{"origin": [-4.5, 30.6, 0.5], "size": [2, 8, 2], "uv": [94, 26]},
					{"origin": [-4.5, 38.6, 0.5], "size": [2, 1, 1], "uv": [95, 24]}
				]
			},
			{
				"name": "lEar1",
				"parent": "head",
				"pivot": [3.5, 31.6, 0],
				"cubes": [
					{"origin": [2.5, 30.6, -1], "size": [2, 2, 2], "uv": [102, 36]}
				]
			},
			{
				"name": "lEar2",
				"parent": "lEar1",
				"pivot": [3.5, 31.6, 0],
				"rotation": [94.00003, -12, 5],
				"cubes": [
					{"origin": [2.5, 30.6, 0.5], "size": [2, 8, 2], "uv": [102, 26]},
					{"origin": [2.5, 38.6, 0.5], "size": [2, 1, 1], "uv": [103, 24]}
				]
			},
			{
				"name": "hLamp1",
				"parent": "head",
				"pivot": [0, 23.6, 0],
				"cubes": [
					{"origin": [-4.32, 26.27, -0.5], "size": [0, 2, 1], "uv": [94, 0]},
					{"origin": [4.32, 26.27, -0.5], "size": [0, 2, 1], "uv": [94, 0]}
				]
			},
			{
				"name": "hLamp2",
				"parent": "head",
				"pivot": [0, 23.6, 0],
				"cubes": [
					{"origin": [-4.32, 26.27, -0.5], "size": [0, 2, 1], "uv": [96, 0]},
					{"origin": [4.32, 26.27, -0.5], "size": [0, 2, 1], "uv": [96, 0]}
				]
			},
			{
				"name": "face",
				"parent": "head",
				"pivot": [0, 23.6, 0],
				"cubes": [
					{"origin": [-4, 23.6, -4.01], "size": [8, 8, 0], "uv": [24, 0]}
				]
			},
			{
				"name": "body1",
				"pivot": [0, 23.6, 0],
				"cubes": [
					{"origin": [-2.5, 20.6, -1.5], "size": [5, 3, 3], "uv": [0, 16]},
					{"origin": [-2.5, 20.6, -1.5], "size": [5, 3, 3], "uv": [64, 0], "inflate": 0.1}
				]
			},
			{
				"name": "acces",
				"parent": "body1",
				"pivot": [0, 22.9, -1.5],
				"rotation": [0, 0, 45],
				"cubes": [
					{"origin": [-0.5, 22.4, -2], "size": [1, 1, 1], "uv": [0, 58]}
				]
			},
			{
				"name": "rBreast",
				"parent": "body1",
				"pivot": [0, 23.2, -1.5],
				"rotation": [-40, 11, 4],
				"cubes": [
					{"origin": [-2.85, 22.05, -1.5], "size": [3, 1, 1], "uv": [12, 42], "inflate": -0.1},
					{"origin": [-2.85, 21.2, -1.5], "size": [3, 1, 2], "uv": [11, 44]},
					{"origin": [-2.85, 19.2, -1.5], "size": [3, 2, 3], "uv": [10, 47], "inflate": 0.1},
					{"origin": [-2.85, 19.2, -1.5], "size": [3, 2, 3], "uv": [80, 0], "inflate": 0.18},
					{"origin": [-2.85, 19.2, -1.5], "size": [3, 2, 3], "uv": [80, 10], "inflate": 0.23}
				]
			},
			{
				"name": "lBreast",
				"parent": "body1",
				"pivot": [0, 23.2, -1.5],
				"rotation": [-40, -11, -4],
				"cubes": [
					{"origin": [-0.15, 22.05, -1.5], "size": [3, 1, 1], "uv": [12, 52], "inflate": -0.1},
					{"origin": [-0.15, 21.2, -1.5], "size": [3, 1, 2], "uv": [11, 54]},
					{"origin": [-0.15, 19.2, -1.5], "size": [3, 2, 3], "uv": [10, 57], "inflate": 0.1},
					{"origin": [-0.15, 19.2, -1.5], "size": [3, 2, 3], "uv": [80, 5], "inflate": 0.18},
					{"origin": [-0.15, 19.2, -1.5], "size": [3, 2, 3], "uv": [80, 26], "inflate": 0.23}
				]
			},
			{
				"name": "armRight",
				"parent": "body1",
				"pivot": [-3.5, 22.1, 0],
				"rotation": [0, 0, 25]
			},
			{
				"name": "rtArm1",
				"parent": "armRight",
				"pivot": [-3.5, 22.1, 0],
				"cubes": [
					{"origin": [-4.5, 18.1, -1], "size": [2, 5, 2], "uv": [16, 16]}
				]
			},
			{
				"name": "rbArm0",
				"parent": "rtArm1",
				"pivot": [-3.5, 18, 0]
			},
			{
				"name": "rdArm1",
				"parent": "rbArm0",
				"pivot": [-3.5, 18, 0],
				"cubes": [
					{"origin": [-4.5, 11.9, -1], "size": [2, 6, 2], "uv": [16, 26]}
				]
			},
			{
				"name": "rbArm1",
				"parent": "rbArm0",
				"pivot": [-3.5, 18, 0],
				"cubes": [
					{"origin": [-4, 17.5, -1], "size": [1, 1, 2], "uv": [17, 23], "inflate": 0.05}
				]
			},
			{
				"name": "armRightPositioningBone",
				"parent": "armRight",
				"pivot": [-3.5, 13.1, 0]
			},
			{
				"name": "armLeft",
				"parent": "body1",
				"pivot": [3.5, 22.1, 0],
				"rotation": [0, 0, -25]
			},
			{
				"name": "ltArm1",
				"parent": "armLeft",
				"pivot": [3.5, 22.1, 0],
				"cubes": [
					{"origin": [2.5, 18.1, -1], "size": [2, 5, 2], "uv": [24, 16]}
				]
			},
			{
				"name": "lbArm0",
				"parent": "ltArm1",
				"pivot": [3.5, 18, 0]
			},
			{
				"name": "ldArm1",
				"parent": "lbArm0",
				"pivot": [3.5, 18, 0],
				"cubes": [
					{"origin": [2.5, 11.9, -1], "size": [2, 6, 2], "uv": [24, 26]}
				]
			},
			{
				"name": "lbArm1",
				"parent": "lbArm0",
				"pivot": [3.5, 18, 0],
				"cubes": [
					{"origin": [3, 17.5, -1], "size": [1, 1, 2], "uv": [25, 23], "inflate": 0.05}
				]
			},
			{
				"name": "armLeftPositioningBone",
				"parent": "armLeft",
				"pivot": [3.5, 13.1, 0]
			},
			{
				"name": "legRight",
				"parent": "body1",
				"pivot": [-2.5, 13.5, 0]
			},
			{
				"name": "rtLeg1",
				"parent": "legRight",
				"pivot": [-2.5, 13.5, 0],
				"rotation": [0, 0, 20],
				"cubes": [
					{"origin": [-4, 12.5, -1], "size": [3, 2, 2], "uv": [35, 16]}
				]
			},
			{
				"name": "rtLeg2",
				"parent": "legRight",
				"pivot": [-2.5, 13.5, 0],
				"rotation": [0, 0, -5],
				"cubes": [
					{"origin": [-4.5, 11.9, -2], "size": [4, 3, 4], "uv": [32, 20], "inflate": -0.1}
				]
			},
			{
				"name": "rtLeg3",
				"parent": "rtLeg2",
				"pivot": [-2.5, 13.5, 0],
				"cubes": [
					{"origin": [-4.5, 10, -2], "size": [4, 2, 4], "uv": [32, 27]},
					{"origin": [-4.5, 7.2, -2], "size": [4, 3, 4], "uv": [32, 33], "inflate": -0.2}
				]
			},
			{
				"name": "rbLeg0",
				"parent": "rtLeg3",
				"pivot": [-2.5, 7.2, 0],
				"rotation": [0, 0, 5]
			},
			{
				"name": "rdLeg1",
				"parent": "rbLeg0",
				"pivot": [-2.5, 7.2, 0],
				"cubes": [
					{"origin": [-4, 0, -1.5], "size": [3, 7, 3], "uv": [34, 50]},
					{"origin": [-4, 0, -1.5], "size": [3, 3, 3], "uv": [22, 52], "inflate": 0.2}
				]
			},
			{
				"name": "rbLeg2",
				"parent": "rbLeg0",
				"pivot": [-2.5, 7.2, 0],
				"cubes": [
					{"origin": [-3.5, 6.2, -1.8], "size": [2, 2, 2], "uv": [36, 46], "inflate": 0.1}
				]
			},
			{
				"name": "rbLeg1",
				"parent": "rbLeg0",
				"pivot": [-2.5, 7.2, 0],
				"cubes": [
					{"origin": [-3.5, 5.7, -1.1], "size": [2, 3, 3], "uv": [35, 40]}
				]
			},
			{
				"name": "legLeft",
				"parent": "body1",
				"pivot": [2.5, 13.5, 0]
			},
			{
				"name": "ltLeg1",
				"parent": "legLeft",
				"pivot": [2.5, 13.5, 0],
				"rotation": [0, 0, -20],
				"cubes": [
					{"origin": [1, 12.5, -1], "size": [3, 2, 2], "uv": [51, 16]}
				]
			},
			{
				"name": "ltLeg2",
				"parent": "legLeft",
				"pivot": [2.5, 13.5, 0],
				"rotation": [0, 0, 5],
				"cubes": [
					{"origin": [0.5, 11.9, -2], "size": [4, 3, 4], "uv": [48, 20], "inflate": -0.1}
				]
			},
			{
				"name": "ltLeg3",
				"parent": "ltLeg2",
				"pivot": [2.5, 13.5, 0],
				"cubes": [
					{"origin": [0.5, 10, -2], "size": [4, 2, 4], "uv": [48, 27]},
					{"origin": [0.5, 7.2, -2], "size": [4, 3, 4], "uv": [48, 33], "inflate": -0.2}
				]
			},
			{
				"name": "lbLeg0",
				"parent": "ltLeg3",
				"pivot": [2.5, 7.2, 0],
				"rotation": [0, 0, -5]
			},
			{
				"name": "ldLeg1",
				"parent": "lbLeg0",
				"pivot": [2.5, 7.2, 0],
				"cubes": [
					{"origin": [1, 0, -1.5], "size": [3, 7, 3], "uv": [50, 50]},
					{"origin": [1, 0, -1.5], "size": [3, 3, 3], "uv": [22, 58], "inflate": 0.2}
				]
			},
			{
				"name": "lbLeg2",
				"parent": "lbLeg0",
				"pivot": [2.5, 7.2, 0],
				"cubes": [
					{"origin": [1.5, 6.2, -1.8], "size": [2, 2, 2], "uv": [52, 46], "inflate": 0.1}
				]
			},
			{
				"name": "lbLeg1",
				"parent": "lbLeg0",
				"pivot": [2.5, 7.2, 0],
				"cubes": [
					{"origin": [1.5, 5.7, -1.1], "size": [2, 3, 3], "uv": [51, 40]}
				]
			},
			{
				"name": "body2",
				"parent": "body1",
				"pivot": [0, 20.6, 1.5],
				"rotation": [-20, 0, 0],
				"cubes": [
					{"origin": [-2.5, 18.6, -1.5], "size": [5, 2, 3], "uv": [0, 22]},
					{"origin": [-2.5, 18.6, -1.5], "size": [5, 2, 3], "uv": [64, 6], "inflate": 0.1}
				]
			},
			{
				"name": "body3",
				"parent": "body2",
				"pivot": [0, 18.6, -1.5],
				"rotation": [20, 0, 0],
				"cubes": [
					{"origin": [-2.5, 14.6, -1.5], "size": [5, 4, 3], "uv": [0, 27]},
					{"origin": [-2.5, 14.6, -1.5], "size": [5, 4, 3], "uv": [64, 11], "inflate": 0.1},
					{"origin": [-2.5, 14.6, -1.5], "size": [5, 4, 3], "uv": [64, 26], "inflate": 0.15}
				]
			},
			{
				"name": "body4",
				"parent": "body3",
				"pivot": [0, 14.6, -1.5],
				"rotation": [5, 0, 0],
				"cubes": [
					{"origin": [-3, 10.6, -1.5], "size": [6, 4, 4], "uv": [0, 34]},
					{"origin": [-0.5, 10.6, -1.5], "size": [1, 4, 4], "uv": [20, 34], "inflate": 0.001},
					{"origin": [-3, 10.6, -1.5], "size": [6, 4, 4], "uv": [64, 18], "inflate": 0.1},
					{"origin": [-0.5, 10.6, -1.5], "size": [1, 4, 4], "uv": [84, 18], "inflate": 0.101},
					{"origin": [-3, 10.6, -1.5], "size": [6, 4, 4], "uv": [64, 33], "inflate": 0.15},
					{"origin": [-0.5, 10.6, -1.5], "size": [1, 4, 4], "uv": [84, 33], "inflate": 0.151}
				]
			},
			{
				"name": "tail",
				"parent": "body4",
				"pivot": [0, 14.1, 2],
				"cubes": [
					{"origin": [-1, 13.1, 2], "size": [2, 2, 2], "uv": [0, 60]}
				]
			},
			{
				"name": "rFrame",
				"parent": "body4",
				"pivot": [-3, 14.6, 0.5],
				"rotation": [0, 0, -40],
				"cubes": [
					{"origin": [-4, 10.47, -1.5], "size": [1, 4, 4], "uv": [0, 42], "inflate": 0.155}
				]
			},
			{
				"name": "lFrame",
				"parent": "body4",
				"pivot": [3, 14.6, 0.5],
				"rotation": [0, 0, 40],
				"cubes": [
					{"origin": [3, 10.47, -1.5], "size": [1, 4, 4], "uv": [0, 50], "inflate": 0.155}
				]
			}
		]
	}
}