{
	"format_version": "1.10.0",
	"geometry.model": {
		"texturewidth": 128,
		"textureheight": 128,
		"visible_bounds_width": 2,
		"visible_bounds_height": 2,
		"visible_bounds_offset": [0, 1, 0],
		"bones": [
			{
				"name": "head",
				"pivot": [0, 23.6, 0],
				"cubes": [
					{"origin": [-4, 23.6, -4], "size": [8, 8, 8], "uv": [0, 0]},
					{"origin": [-4, 23.6, -4], "size": [8, 8, 8], "uv": [32, 0], "inflate": 0.3},
					{"origin": [-4, 15.6, -4], "size": [8, 16, 8], "uv": [72, 0], "inflate": 0.31}
				]
			},
			{
				"name": "head2",
				"parent": "head",
				"pivot": [0, 31.1, 4.5],
				"cubes": [
					{"origin": [-1, 30.1, 3.5], "size": [2, 2, 2], "uv": [106, 0]},
					{"origin": [-1.5, 30.1, 4.5], "size": [3, 3, 2], "uv": [105, 4], "inflate": 0.1},
					{"origin": [-1.5, 24.6, 4.5], "size": [3, 8, 3], "uv": [104, 9]},
					{"origin": [-1, 20.6, 5.5], "size": [2, 4, 2], "uv": [106, 20]}
				]
			},
			{
				"name": "hLamp1",
				"parent": "head",
				"pivot": [0, 23.6, 0],
				"cubes": [
					{"origin": [-4.32, 26.27, -0.5], "size": [0, 2, 1], "uv": [64, 2]},
					{"origin": [4.32, 26.27, -0.5], "size": [0, 2, 1], "uv": [64, 2]}
				]
			},
			{
				"name": "hLamp2",
				"parent": "head",
				"pivot": [0, 23.6, 0],
				"cubes": [
					{"origin": [-4.32, 26.27, -0.5], "size": [0, 2, 1], "uv": [66, 2]},
					{"origin": [4.32, 26.27, -0.5], "size": [0, 2, 1], "uv": [66, 2]}
				]
			},
			{
				"name": "face",
				"parent": "head",
				"pivot": [0, 23.6, 0],
				"cubes": [
					{"origin": [-4, 23.6, -4.01], "size": [8, 8, 0], "uv": [24, 0]}
				]
			},
			{
				"name": "body1",
				"pivot": [0, 23.6, 0],
				"cubes": [
					{"origin": [-2.5, 20.6, -1.5], "size": [5, 3, 3], "uv": [12, 16]},
					{"origin": [-2.5, 20.6, -1.5], "size": [5, 3, 3], "uv": [12, 52], "inflate": 0.1}
				]
			},
			{
				"name": "body2",
				"parent": "body1",
				"pivot": [0, 20.6, 1.5],
				"rotation": [-20, 0, 0],
				"cubes": [
					{"origin": [-2.5, 18.6, -1.5], "size": [5, 2, 3], "uv": [12, 22]},
					{"origin": [-2.5, 18.6, -1.5], "size": [5, 2, 3], "uv": [12, 58], "inflate": 0.1}
				]
			},
			{
				"name": "body3",
				"parent": "body2",
				"pivot": [0, 18.6, -1.5],
				"rotation": [20, 0, 0],
				"cubes": [
					{"origin": [-2.5, 14.6, -1.5], "size": [5, 4, 3], "uv": [12, 27]},
					{"origin": [-2.5, 14.6, -1.5], "size": [5, 4, 3], "uv": [12, 63], "inflate": 0.1}
				]
			},
			{
				"name": "body4",
				"parent": "body3",
				"pivot": [0, 14.6, -1.5],
				"rotation": [5, 0, 0],
				"cubes": [
					{"origin": [-3, 10.6, -1.5], "size": [6, 4, 4], "uv": [10, 34]},
					{"origin": [-2.5, 10.6, -1.5], "size": [5, 4, 4], "uv": [11, 42], "inflate": 0.001},
					{"origin": [-3, 10.6, -1.5], "size": [6, 4, 4], "uv": [10, 70], "inflate": 0.1},
					{"origin": [-2.5, 10.6, -1.5], "size": [5, 4, 4], "uv": [11, 78], "inflate": 0.101}
				]
			},
			{
				"name": "rfSkirt0",
				"parent": "body4",
				"pivot": [-2.5, 14.1, -1.5],
				"rotation": [-6, 0, 0]
			},
			{
				"name": "rfSkirt1",
				"parent": "rfSkirt0",
				"pivot": [-2.5, 14.1, -1.5],
				"rotation": [0, 4, 6],
				"cubes": [
					{"origin": [-4, 11.1, -2.5], "size": [3, 3, 1], "uv": [1, 65]},
					{"origin": [-3.5, 12.2, -2.6], "size": [2, 2, 1], "uv": [2, 62]}
				]
			},
			{
				"name": "rsSkirt0",
				"parent": "body4",
				"pivot": [-3.5, 14.1, 0.5]
			},
			{
				"name": "rsSkirt1",
				"parent": "rsSkirt0",
				"pivot": [-3.5, 14.1, 0.5],
				"rotation": [0, 0, 6],
				"cubes": [
					{"origin": [-4.5, 11.1, -1.5], "size": [1, 3, 4], "uv": [0, 74], "inflate": 0.1},
					{"origin": [-4.6, 12.2, -1], "size": [1, 2, 3], "uv": [1, 69], "inflate": 0.1}
				]
			},
			{
				"name": "rbSkirt0",
				"parent": "body4",
				"pivot": [-2, 14.1, 2.5],
				"rotation": [5, 0, 0]
			},
			{
				"name": "rbSkirt1",
				"parent": "rbSkirt0",
				"pivot": [-2, 14.1, 2.5],
				"rotation": [0, -4, 0],
				"cubes": [
					{"origin": [-4, 11.1, 2.5], "size": [4, 3, 1], "uv": [0, 81]}
				]
			},
			{
				"name": "lfSkirt0",
				"parent": "body4",
				"pivot": [2.5, 14.1, -1.5],
				"rotation": [-6, 0, 0]
			},
			{
				"name": "lfSkirt1",
				"parent": "lfSkirt0",
				"pivot": [2.5, 14.1, -1.5],
				"rotation": [0, -4, -6],
				"cubes": [
					{"origin": [1, 11.1, -2.5], "size": [3, 3, 1], "uv": [31, 65]},
					{"origin": [1.5, 12.2, -2.6], "size": [2, 2, 1], "uv": [32, 62]}
				]
			},
			{
				"name": "lsSkirt0",
				"parent": "body4",
				"pivot": [3.5, 14.1, 0.5]
			},
			{
				"name": "lsSkirt1",
				"parent": "lsSkirt0",
				"pivot": [3.5, 14.1, 0.5],
				"rotation": [0, 0, -6],
				"cubes": [
					{"origin": [3.5, 11.1, -1.5], "size": [1, 3, 4], "uv": [30, 74], "inflate": 0.1},
					{"origin": [3.6, 12.2, -1], "size": [1, 2, 3], "uv": [31, 69], "inflate": 0.1}
				]
			},
			{
				"name": "lbSkirt0",
				"parent": "body4",
				"pivot": [2, 14.1, 2.5],
				"rotation": [5, 0, 0]
			},
			{
				"name": "lbSkirt1",
				"parent": "lbSkirt0",
				"pivot": [2, 14.1, 2.5],
				"rotation": [0, 4, 0],
				"cubes": [
					{"origin": [0, 11.1, 2.5], "size": [4, 3, 1], "uv": [30, 81]}
				]
			},
			{
				"name": "rFrame",
				"parent": "body4",
				"pivot": [-3, 14.6, 0.5],
				"rotation": [0, 0, -40],
				"cubes": [
					{"origin": [-4, 10.47, -1.5], "size": [1, 4, 4], "uv": [1, 44], "inflate": 0.13}
				]
			},
			{
				"name": "lFrame",
				"parent": "body4",
				"pivot": [3, 14.6, 0.5],
				"rotation": [0, 0, 40],
				"cubes": [
					{"origin": [3, 10.47, -1.5], "size": [1, 4, 4], "uv": [29, 44], "inflate": 0.13}
				]
			},
			{
				"name": "acces",
				"parent": "body1",
				"pivot": [0, 22.9, -1.5],
				"rotation": [0, 0, 45],
				"cubes": [
					{"origin": [-0.5, 22.4, -2], "size": [1, 1, 1], "uv": [64, 0]}
				]
			},
			{
				"name": "rBreast",
				"parent": "body1",
				"pivot": [0, 23.2, -1.5],
				"rotation": [-40, 11, 4],
				"cubes": [
					{"origin": [-2.85, 22.05, -1.5], "size": [3, 1, 1], "uv": [2, 16], "inflate": -0.1},
					{"origin": [-2.85, 21.2, -1.5], "size": [3, 1, 2], "uv": [1, 18]},
					{"origin": [-2.85, 19.2, -1.5], "size": [3, 2, 3], "uv": [0, 21], "inflate": 0.1},
					{"origin": [-2.85, 22.05, -1.5], "size": [3, 1, 1], "uv": [2, 52], "inflate": -0.02},
					{"origin": [-2.85, 21.2, -1.5], "size": [3, 1, 2], "uv": [1, 54], "inflate": 0.08},
					{"origin": [-2.85, 19.2, -1.5], "size": [3, 2, 3], "uv": [0, 57], "inflate": 0.18}
				]
			},
			{
				"name": "lBreast",
				"parent": "body1",
				"pivot": [0, 23.2, -1.5],
				"rotation": [-40, -11, -4],
				"cubes": [
					{"origin": [-0.15, 22.05, -1.5], "size": [3, 1, 1], "uv": [30, 16], "inflate": -0.1},
					{"origin": [-0.15, 21.2, -1.5], "size": [3, 1, 2], "uv": [29, 18]},
					{"origin": [-0.15, 19.2, -1.5], "size": [3, 2, 3], "uv": [28, 21], "inflate": 0.1},
					{"origin": [-0.15, 22.05, -1.5], "size": [3, 1, 1], "uv": [30, 52], "inflate": -0.02},
					{"origin": [-0.15, 21.2, -1.5], "size": [3, 1, 2], "uv": [29, 54], "inflate": 0.08},
					{"origin": [-0.15, 19.2, -1.5], "size": [3, 2, 3], "uv": [28, 57], "inflate": 0.18}
				]
			},
			{
				"name": "armRight",
				"parent": "body1",
				"pivot": [-3.5, 22.1, 0],
				"rotation": [0, 0, 25]
			},
			{
				"name": "rtArm1",
				"parent": "armRight",
				"pivot": [-3.5, 22.1, 0],
				"cubes": [
					{"origin": [-4.5, 18.1, -1], "size": [2, 5, 2], "uv": [2, 26]},
					{"origin": [-5, 17.6, -1.5], "size": [3, 6, 3], "uv": [72, 24], "inflate": -0.3}
				]
			},
			{
				"name": "rbArm0",
				"parent": "rtArm1",
				"pivot": [-3.5, 18, 0]
			},
			{
				"name": "rdArm1",
				"parent": "rbArm0",
				"pivot": [-3.5, 18, 0],
				"cubes": [
					{"origin": [-4.5, 11.9, -1], "size": [2, 6, 2], "uv": [2, 36]},
					{"origin": [-5, 11.5, -1.5], "size": [3, 7, 3], "uv": [72, 33], "inflate": -0.3}
				]
			},
			{
				"name": "rbArm1",
				"parent": "rbArm0",
				"pivot": [-3.5, 18, 0],
				"cubes": [
					{"origin": [-4, 17.5, -1], "size": [1, 1, 2], "uv": [3, 33], "inflate": 0.05}
				]
			},
			{
				"name": "armRightPositioningBone",
				"parent": "armRight",
				"pivot": [-3.5, 13.1, 0]
			},
			{
				"name": "armLeft",
				"parent": "body1",
				"pivot": [3.5, 22.1, 0],
				"rotation": [0, 0, -25]
			},
			{
				"name": "ltArm1",
				"parent": "armLeft",
				"pivot": [3.5, 22.1, 0],
				"cubes": [
					{"origin": [2.5, 18.1, -1], "size": [2, 5, 2], "uv": [30, 26]},
					{"origin": [2, 17.6, -1.5], "size": [3, 6, 3], "uv": [84, 24], "inflate": -0.3}
				]
			},
			{
				"name": "lbArm0",
				"parent": "ltArm1",
				"pivot": [3.5, 18, 0]
			},
			{
				"name": "ldArm1",
				"parent": "lbArm0",
				"pivot": [3.5, 18, 0],
				"cubes": [
					{"origin": [2.5, 11.9, -1], "size": [2, 6, 2], "uv": [30, 36]},
					{"origin": [2, 11.5, -1.5], "size": [3, 7, 3], "uv": [84, 33], "inflate": -0.3}
				]
			},
			{
				"name": "lbArm1",
				"parent": "lbArm0",
				"pivot": [3.5, 18, 0],
				"cubes": [
					{"origin": [3, 17.5, -1], "size": [1, 1, 2], "uv": [31, 33], "inflate": 0.05}
				]
			},
			{
				"name": "armLeftPositioningBone",
				"parent": "armLeft",
				"pivot": [3.5, 13.1, 0]
			},
			{
				"name": "legRight",
				"parent": "body1",
				"pivot": [-2.5, 13.5, 0]
			},
			{
				"name": "rtLeg1",
				"parent": "legRight",
				"pivot": [-2.5, 13.5, 0],
				"rotation": [0, 0, 20],
				"cubes": [
					{"origin": [-4, 12, -1.5], "size": [3, 3, 3], "uv": [42, 16], "inflate": -0.1}
				]
			},
			{
				"name": "rtLeg2",
				"parent": "legRight",
				"pivot": [-2.5, 13.5, 0],
				"rotation": [0, 0, -5],
				"cubes": [
					{"origin": [-4.5, 11.9, -2], "size": [4, 3, 4], "uv": [40, 22], "inflate": -0.1}
				]
			},
			{
				"name": "rtLeg3",
				"parent": "rtLeg2",
				"pivot": [-2.5, 13.5, 0],
				"cubes": [
					{"origin": [-4.5, 10, -2], "size": [4, 2, 4], "uv": [40, 29]},
					{"origin": [-4.5, 7.2, -2], "size": [4, 3, 4], "uv": [40, 35], "inflate": -0.2}
				]
			},
			{
				"name": "rbLeg0",
				"parent": "rtLeg3",
				"pivot": [-2.5, 7.2, 0],
				"rotation": [0, 0, 5]
			},
			{
				"name": "rbLeg1",
				"parent": "rbLeg0",
				"pivot": [-2.5, 7.2, 0],
				"cubes": [
					{"origin": [-3.5, 5.7, -1.1], "size": [2, 3, 3], "uv": [43, 42]}
				]
			},
			{
				"name": "rbLeg2",
				"parent": "rbLeg0",
				"pivot": [-2.5, 7.2, 0],
				"cubes": [
					{"origin": [-3.5, 6.2, -1.8], "size": [2, 2, 1], "uv": [45, 48], "inflate": 0.1}
				]
			},
			{
				"name": "rdLeg1",
				"parent": "rbLeg0",
				"pivot": [-2.5, 7.2, 0],
				"cubes": [
					{"origin": [-4, 0, -1.5], "size": [3, 7, 3], "uv": [42, 51]},
					{"origin": [-4, 0, -1.5], "size": [3, 3, 3], "uv": [42, 61], "inflate": 0.2}
				]
			},
			{
				"name": "legLeft",
				"parent": "body1",
				"pivot": [2.5, 13.5, 0]
			},
			{
				"name": "ltLeg1",
				"parent": "legLeft",
				"pivot": [2.5, 13.5, 0],
				"rotation": [0, 0, -20],
				"cubes": [
					{"origin": [1, 12, -1.5], "size": [3, 3, 3], "uv": [58, 16], "inflate": -0.1}
				]
			},
			{
				"name": "ltLeg2",
				"parent": "legLeft",
				"pivot": [2.5, 13.5, 0],
				"rotation": [0, 0, 5],
				"cubes": [
					{"origin": [0.5, 11.9, -2], "size": [4, 3, 4], "uv": [56, 22], "inflate": -0.1}
				]
			},
			{
				"name": "ltLeg3",
				"parent": "ltLeg2",
				"pivot": [2.5, 13.5, 0],
				"cubes": [
					{"origin": [0.5, 10, -2], "size": [4, 2, 4], "uv": [56, 29]},
					{"origin": [0.5, 7.2, -2], "size": [4, 3, 4], "uv": [56, 35], "inflate": -0.2}
				]
			},
			{
				"name": "lbLeg0",
				"parent": "ltLeg3",
				"pivot": [2.5, 7.2, 0],
				"rotation": [0, 0, -5]
			},
			{
				"name": "lbLeg2",
				"parent": "lbLeg0",
				"pivot": [2.5, 7.2, 0],
				"cubes": [
					{"origin": [1.5, 6.2, -1.8], "size": [2, 2, 1], "uv": [61, 48], "inflate": 0.1}
				]
			},
			{
				"name": "lbLeg1",
				"parent": "lbLeg0",
				"pivot": [2.5, 7.2, 0],
				"cubes": [
					{"origin": [1.5, 5.7, -1.1], "size": [2, 3, 3], "uv": [59, 42]}
				]
			},
			{
				"name": "ldLeg1",
				"parent": "lbLeg0",
				"pivot": [2.5, 7.2, 0],
				"cubes": [
					{"origin": [1, 0, -1.5], "size": [3, 7, 3], "uv": [58, 51]},
					{"origin": [1, 0, -1.5], "size": [3, 3, 3], "uv": [58, 61], "inflate": 0.2}
				]
			},
			{
				"name": "backpackPositioningBone",
				"pivot": [0, 22, 0]
			}
		]
	}
}