{
	"format_version": "1.10.0",
	"geometry.model": {
		"texturewidth": 80,
		"textureheight": 80,
		"visible_bounds_width": 2,
		"visible_bounds_height": 2,
		"visible_bounds_offset": [0, 0, 0],
		"bones": [
			{
				"name": "head",
				"pivot": [0, 18, 0],
				"cubes": [
					{"origin": [-4, 18, -4], "size": [8, 8, 8], "uv": [0, 0]}
				]
			},
			{
				"name": "bone",
				"parent": "head",
				"pivot": [0, 0, 0]
			},
			{
				"name": "bone2",
				"parent": "bone",
				"pivot": [0, 0, 0.5]
			},
			{
				"name": "bone3",
				"parent": "bone2",
				"pivot": [0.5, 24, -4],
				"rotation": [0, 0, 10],
				"cubes": [
					{"origin": [-0.7462, 20.95659, -4.5], "size": [2, 5, 1], "uv": [6, 53]}
				]
			},
			{
				"name": "bone4",
				"parent": "bone2",
				"pivot": [0, 24, -4],
				"rotation": [0, 0, -5],
				"cubes": [
					{"origin": [-0.98693, 21.14943, -4.5], "size": [1, 5, 1], "uv": [4, 67]}
				]
			},
			{
				"name": "bone5",
				"parent": "bone2",
				"pivot": [3.25, 24, -4],
				"rotation": [0, 0, -15],
				"cubes": [
					{"origin": [2.07382, 21.10863, -4.5], "size": [1, 5, 1], "uv": [0, 67]}
				]
			},
			{
				"name": "bone14",
				"parent": "bone2",
				"pivot": [4.25, 23.25, -4],
				"rotation": [0, 0, -5],
				"cubes": [
					{"origin": [3.20242, 20.1183, -4.5], "size": [1, 5, 2], "uv": [30, 46]}
				]
			},
			{
				"name": "bone9",
				"parent": "bone2",
				"pivot": [3.2, 20.9, -4],
				"rotation": [0, 0, 5],
				"cubes": [
					{"origin": [3.0674, 18.51053, -4.25], "size": [1, 4, 1], "uv": [20, 67]}
				]
			},
			{
				"name": "bone6",
				"parent": "bone2",
				"pivot": [-3, 24, -4],
				"rotation": [0, 0, 15],
				"cubes": [
					{"origin": [-3.37149, 21.2207, -4.5], "size": [1, 5, 1], "uv": [24, 60]}
				]
			},
			{
				"name": "bone12",
				"parent": "bone2",
				"pivot": [-4.1, 24, -4],
				"rotation": [0, 0, 5],
				"cubes": [
					{"origin": [-4.07815, 20.04773, -4.5], "size": [1, 5, 2], "uv": [0, 53]}
				]
			},
			{
				"name": "bone8",
				"parent": "bone2",
				"pivot": [-3, 21, -4],
				"rotation": [0, 0, -5],
				"cubes": [
					{"origin": [-4.10888, 18.54583, -4.25], "size": [1, 4, 1], "uv": [24, 67]}
				]
			},
			{
				"name": "bone10",
				"parent": "bone2",
				"pivot": [-2.75, 15, -4],
				"cubes": [
					{"origin": [-3.89457, 16.54568, -4.25], "size": [1, 2, 1], "uv": [18, 73]}
				]
			},
			{
				"name": "bone11",
				"parent": "bone2",
				"pivot": [0.60543, 18.04568, -4],
				"cubes": [
					{"origin": [2.85965, 16.53118, -4.25], "size": [1, 2, 1], "uv": [14, 73]}
				]
			},
			{
				"name": "bone7",
				"parent": "bone2",
				"pivot": [-2.5, 25, -4],
				"rotation": [0, 0, 35],
				"cubes": [
					{"origin": [-2.45343, 22.59142, -4.5], "size": [1, 4, 1], "uv": [28, 67]}
				]
			},
			{
				"name": "bone13",
				"parent": "bone2",
				"pivot": [2, 24.25, -4],
				"rotation": [0, 0, -30],
				"cubes": [
					{"origin": [1.67157, 22.05792, -4.5], "size": [1, 4, 1], "uv": [16, 67]}
				]
			},
			{
				"name": "bone22",
				"parent": "bone",
				"pivot": [0, 0, 0],
				"cubes": [
					{"origin": [-4.25, 20, -3], "size": [1, 3, 6], "uv": [30, 16]},
					{"origin": [3.25, 20, -3], "size": [1, 3, 6], "uv": [16, 16]},
					{"origin": [-3.5, 19, 3.25], "size": [7, 3, 1], "uv": [24, 29]}
				]
			},
			{
				"name": "bone32",
				"parent": "bone",
				"pivot": [0, 0, 0],
				"cubes": [
					{"origin": [-1, 18.5, 3.5], "size": [2, 1, 1], "uv": [0, 73]}
				]
			},
			{
				"name": "bone34",
				"parent": "bone32",
				"pivot": [0, 18.25, 4.1],
				"rotation": [15, 0, 0],
				"cubes": [
					{"origin": [-0.5, 17.75, 3.6], "size": [1, 1, 1], "uv": [22, 73], "inflate": -0.1}
				]
			},
			{
				"name": "bone35",
				"parent": "bone32",
				"pivot": [0, 17.4, 4.1],
				"rotation": [5, 0, 0]
			},
			{
				"name": "bone33",
				"parent": "bone35",
				"pivot": [2, 17.4, 4.1],
				"rotation": [0, 0, -15],
				"cubes": [
					{"origin": [-0.29603, 16.35872, 3.76638], "size": [1, 2, 1], "uv": [10, 73]}
				]
			},
			{
				"name": "bone37",
				"parent": "bone35",
				"pivot": [-0.79603, 17.35872, 4.26638],
				"rotation": [0, 0, 10],
				"cubes": [
					{"origin": [-0.61422, 16.03242, 3.76638], "size": [1, 2, 1], "uv": [6, 73]}
				]
			},
			{
				"name": "bone38",
				"parent": "bone35",
				"pivot": [-0.79603, 17.35872, 4.26638],
				"rotation": [0, 0, -5],
				"cubes": [
					{"origin": [-0.96369, 12.03056, 3.76638], "size": [1, 4, 1], "uv": [8, 67]}
				]
			},
			{
				"name": "bone36",
				"parent": "bone35",
				"pivot": [0.20397, 16.29699, 4.34741],
				"rotation": [0, 0, 10],
				"cubes": [
					{"origin": [0.04664, 12.20367, 3.76638], "size": [1, 4, 1], "uv": [12, 67]}
				]
			},
			{
				"name": "bone39",
				"parent": "bone",
				"pivot": [0, 0.35, 0]
			},
			{
				"name": "bone161",
				"parent": "bone39",
				"pivot": [0, 18.1, 5],
				"rotation": [15, 0, 0]
			},
			{
				"name": "bone162",
				"parent": "bone161",
				"pivot": [0.45, 18.75, 4.6],
				"rotation": [0, 0, -65]
			},
			{
				"name": "bone163",
				"parent": "bone162",
				"pivot": [-0.3, 19.25, 4.6],
				"rotation": [0, 0, 15],
				"cubes": [
					{"origin": [-1.81213, 18.53475, 4.11808], "size": [2, 1, 1], "uv": [74, 0], "inflate": -0.2}
				]
			},
			{
				"name": "bone164",
				"parent": "bone162",
				"pivot": [-0.3, 18.25, 4.6],
				"rotation": [0, 0, -15],
				"cubes": [
					{"origin": [-1.63514, 18.62577, 4.11808], "size": [2, 1, 1], "uv": [74, 0], "inflate": -0.2}
				]
			},
			{
				"name": "bone165",
				"parent": "bone161",
				"pivot": [-0.7, 18.8, 4.6],
				"rotation": [0, 0, 55]
			},
			{
				"name": "bone166",
				"parent": "bone165",
				"pivot": [1.05, 19.3, 4.6],
				"rotation": [0, 0, -15],
				"cubes": [
					{"origin": [-0.41674, 18.79528, 4.11808], "size": [2, 1, 1], "uv": [74, 0], "inflate": -0.2}
				]
			},
			{
				"name": "bone167",
				"parent": "bone165",
				"pivot": [1.05, 19.3, 4.6],
				"rotation": [0, 0, 15],
				"cubes": [
					{"origin": [-0.30903, 18.40273, 4.11808], "size": [2, 1, 1], "uv": [74, 0], "inflate": -0.2}
				]
			},
			{
				"name": "blink",
				"parent": "head",
				"pivot": [0, 18, 0],
				"cubes": [
					{"origin": [-4, 18, -4.001], "size": [8, 8, 0], "uv": [0, 16]}
				]
			},
			{
				"name": "armRight",
				"pivot": [-2, 17.5, 0],
				"rotation": [0, 0, 25],
				"cubes": [
					{"origin": [-4, 8.5, -1], "size": [2, 8, 2], "uv": [8, 36]}
				]
			},
			{
				"name": "armLeft",
				"pivot": [2, 17.5, 0],
				"rotation": [0, 0, -25],
				"cubes": [
					{"origin": [2, 8.5, -1], "size": [2, 8, 2], "uv": [0, 36]}
				]
			},
			{
				"name": "body",
				"pivot": [0, 10.5, 0],
				"cubes": [
					{"origin": [-3, 8.999, -3], "size": [6, 9, 6], "uv": [32, 0]}
				]
			},
			{
				"name": "op",
				"parent": "body",
				"pivot": [0, 0, 0]
			},
			{
				"name": "bone46",
				"parent": "op",
				"pivot": [0, 15.249, -2.9],
				"rotation": [-40, 0, 0],
				"cubes": [
					{"origin": [-3, 14.249, -3.9], "size": [6, 2, 2], "uv": [24, 25], "inflate": -0.1}
				]
			},
			{
				"name": "bone40",
				"parent": "body",
				"pivot": [0, 13.5, 0]
			},
			{
				"name": "bone15",
				"parent": "bone40",
				"pivot": [0, 3, 0]
			},
			{
				"name": "bone16",
				"parent": "bone15",
				"pivot": [0, 3, 4.47051],
				"rotation": [10, 0, 0],
				"cubes": [
					{"origin": [-2.5, 4.65782, 4.47051], "size": [5, 7, 0], "uv": [10, 46]}
				]
			},
			{
				"name": "bone17",
				"parent": "bone16",
				"pivot": [-2.5, 2.65782, 4.47051],
				"rotation": [0, 0, 9.85108],
				"cubes": [
					{"origin": [-4.5, 4.65782, 4.46951], "size": [2, 7, 0], "uv": [12, 60]}
				]
			},
			{
				"name": "bone18",
				"parent": "bone16",
				"pivot": [2.5, 2.65782, 4.47051],
				"rotation": [0, 0, -9.85108],
				"cubes": [
					{"origin": [2.5, 4.65782, 4.47151], "size": [2, 7, 0], "uv": [8, 60]}
				]
			},
			{
				"name": "bone19",
				"parent": "bone40",
				"pivot": [0, 3, 0],
				"rotation": [0, -90, 0]
			},
			{
				"name": "bone20",
				"parent": "bone19",
				"pivot": [0, 3, 4.47051],
				"rotation": [10, 0, 0],
				"cubes": [
					{"origin": [-2.5, 4.65782, 4.47051], "size": [5, 7, 0], "uv": [0, 46]}
				]
			},
			{
				"name": "bone21",
				"parent": "bone20",
				"pivot": [-2.5, 2.65782, 4.47051],
				"rotation": [0, 0, 9.85108],
				"cubes": [
					{"origin": [-4.5, 4.65782, 4.46951], "size": [2, 7, 0], "uv": [4, 60]}
				]
			},
			{
				"name": "bone23",
				"parent": "bone20",
				"pivot": [2.5, 2.65782, 4.47051],
				"rotation": [0, 0, -9.85108],
				"cubes": [
					{"origin": [2.5, 4.65782, 4.47151], "size": [2, 7, 0], "uv": [0, 60]}
				]
			},
			{
				"name": "bone24",
				"parent": "bone40",
				"pivot": [0, 3, 0],
				"rotation": [0, -180, 0]
			},
			{
				"name": "bone25",
				"parent": "bone24",
				"pivot": [0, 3, 4.47051],
				"rotation": [10, 0, 0],
				"cubes": [
					{"origin": [-2.5, 4.65782, 4.47051], "size": [5, 7, 0], "uv": [26, 36]}
				]
			},
			{
				"name": "bone26",
				"parent": "bone25",
				"pivot": [-2.5, 2.65782, 4.47051],
				"rotation": [0, 0, 9.85108],
				"cubes": [
					{"origin": [-4.5, 4.65782, 4.46951], "size": [2, 7, 0], "uv": [24, 53]}
				]
			},
			{
				"name": "bone27",
				"parent": "bone25",
				"pivot": [2.5, 2.65782, 4.47051],
				"rotation": [0, 0, -9.85108],
				"cubes": [
					{"origin": [2.5, 4.65782, 4.47151], "size": [2, 7, 0], "uv": [20, 53]}
				]
			},
			{
				"name": "bone28",
				"parent": "bone40",
				"pivot": [0, 3, 0],
				"rotation": [0, -270, 0]
			},
			{
				"name": "bone29",
				"parent": "bone28",
				"pivot": [0, 3, 4.47051],
				"rotation": [10, 0, 0],
				"cubes": [
					{"origin": [-2.5, 4.65782, 4.47051], "size": [5, 7, 0], "uv": [16, 36]}
				]
			},
			{
				"name": "bone30",
				"parent": "bone29",
				"pivot": [-2.5, 2.65782, 4.47051],
				"rotation": [0, 0, 9.85108],
				"cubes": [
					{"origin": [-4.5, 4.65782, 4.46951], "size": [2, 7, 0], "uv": [16, 53]}
				]
			},
			{
				"name": "bone31",
				"parent": "bone29",
				"pivot": [2.5, 2.65782, 4.47051],
				"rotation": [0, 0, -9.85108],
				"cubes": [
					{"origin": [2.5, 4.65782, 4.47151], "size": [2, 7, 0], "uv": [12, 53]}
				]
			},
			{
				"name": "legLeft",
				"pivot": [1.75, 9, 0],
				"cubes": [
					{"origin": [0.249, 1, -1.5], "size": [3, 8, 3], "uv": [12, 25]},
					{"origin": [0.249, 0, 0.5], "size": [3, 1, 1], "uv": [16, 60]},
					{"origin": [0.249, 0, -1.75], "size": [3, 1, 2], "uv": [20, 46]}
				]
			},
			{
				"name": "legRight",
				"pivot": [-1.75, 9, 0],
				"cubes": [
					{"origin": [-3.249, 1, -1.5], "size": [3, 8, 3], "uv": [0, 25]},
					{"origin": [-3.249, 0, 0.5], "size": [3, 1, 1], "uv": [16, 62]},
					{"origin": [-3.249, 0, -1.75], "size": [3, 1, 2], "uv": [20, 49]}
				]
			}
		]
	}
}