{
	"format_version": "1.10.0",
	"geometry.model": {
		"texturewidth": 112,
		"textureheight": 112,
		"visible_bounds_width": 2,
		"visible_bounds_height": 2,
		"visible_bounds_offset": [0, 0, 0],
		"bones": [
			{
				"name": "head",
				"pivot": [0, 18, 0],
				"cubes": [
					{"origin": [-4, 18, -4], "size": [8, 8, 8], "uv": [0, 0]}
				]
			},
			{
				"name": "bone",
				"parent": "head",
				"pivot": [0, 0, 0]
			},
			{
				"name": "bone2",
				"parent": "bone",
				"pivot": [0, 0, 0.5]
			},
			{
				"name": "bone3",
				"parent": "bone2",
				"pivot": [0.5, 24, -4],
				"rotation": [0, 0, 10],
				"cubes": [
					{"origin": [-0.7462, 20.95659, -4.5], "size": [2, 5, 1], "uv": [0, 106]}
				]
			},
			{
				"name": "bone4",
				"parent": "bone2",
				"pivot": [0, 24, -4],
				"rotation": [0, 0, -5],
				"cubes": [
					{"origin": [-0.98693, 21.14943, -4.5], "size": [1, 5, 1], "uv": [0, 100]}
				]
			},
			{
				"name": "bone5",
				"parent": "bone2",
				"pivot": [3.25, 24, -4],
				"rotation": [0, 0, -15],
				"cubes": [
					{"origin": [2.07382, 21.10863, -4.5], "size": [1, 5, 1], "uv": [20, 82]}
				]
			},
			{
				"name": "bone14",
				"parent": "bone2",
				"pivot": [4.25, 23.25, -4],
				"rotation": [0, 0, -5],
				"cubes": [
					{"origin": [2.95242, 20.1183, -4.5], "size": [1, 5, 2], "uv": [38, 58]}
				]
			},
			{
				"name": "bone9",
				"parent": "bone2",
				"pivot": [3.2, 20.9, -4],
				"rotation": [0, 0, 5],
				"cubes": [
					{"origin": [3.0674, 18.51053, -4.25], "size": [1, 4, 1], "uv": [0, 88]}
				]
			},
			{
				"name": "bone6",
				"parent": "bone2",
				"pivot": [-3, 24, -4],
				"rotation": [0, 0, 15],
				"cubes": [
					{"origin": [-3.37149, 21.2207, -4.5], "size": [1, 5, 1], "uv": [16, 82]}
				]
			},
			{
				"name": "bone12",
				"parent": "bone2",
				"pivot": [-4.1, 24, -4],
				"rotation": [0, 0, 5],
				"cubes": [
					{"origin": [-4.07815, 20.04773, -4.5], "size": [1, 5, 2], "uv": [0, 66]}
				]
			},
			{
				"name": "bone8",
				"parent": "bone2",
				"pivot": [-3, 21, -4],
				"rotation": [0, 0, -5],
				"cubes": [
					{"origin": [-4.10888, 18.54583, -4.25], "size": [1, 4, 1], "uv": [4, 88]}
				]
			},
			{
				"name": "bone10",
				"parent": "bone2",
				"pivot": [-2.75, 15, -4],
				"cubes": [
					{"origin": [-3.89457, 16.54568, -4.25], "size": [1, 2, 1], "uv": [12, 97]}
				]
			},
			{
				"name": "bone11",
				"parent": "bone2",
				"pivot": [0.60543, 18.04568, -4],
				"cubes": [
					{"origin": [2.85965, 16.53118, -4.25], "size": [1, 2, 1], "uv": [8, 97]}
				]
			},
			{
				"name": "bone7",
				"parent": "bone2",
				"pivot": [-2.5, 25, -4],
				"rotation": [0, 0, 35],
				"cubes": [
					{"origin": [-2.45343, 22.59142, -4.5], "size": [1, 4, 1], "uv": [8, 88]}
				]
			},
			{
				"name": "bone13",
				"parent": "bone2",
				"pivot": [2, 24.25, -4],
				"rotation": [0, 0, -30],
				"cubes": [
					{"origin": [1.67157, 22.05792, -4.5], "size": [1, 4, 1], "uv": [36, 82]}
				]
			},
			{
				"name": "bone15",
				"parent": "bone",
				"pivot": [0, 22, 0.75],
				"rotation": [-15, 0, 0]
			},
			{
				"name": "bone16",
				"parent": "bone15",
				"pivot": [4, 22, -0.5],
				"rotation": [25, 0, 0],
				"cubes": [
					{"origin": [3.5, 23, -1], "size": [1, 2, 1], "uv": [0, 97], "mirror": true}
				]
			},
			{
				"name": "bone17",
				"parent": "bone16",
				"pivot": [4, 24, -0.5],
				"rotation": [25, 0, 0],
				"cubes": [
					{"origin": [3.5, 20.305, -1.37577], "size": [1, 3, 1], "uv": [20, 93], "mirror": true}
				]
			},
			{
				"name": "bone18",
				"parent": "bone17",
				"pivot": [4, 23.23396, 0.14279],
				"rotation": [25, 0, 0],
				"cubes": [
					{"origin": [3.5, 18.22119, -2.47132], "size": [1, 3, 1], "uv": [16, 93], "mirror": true}
				]
			},
			{
				"name": "bone44",
				"parent": "bone18",
				"pivot": [5, 17.22119, -1.97132],
				"rotation": [0, 0, 20],
				"cubes": [
					{"origin": [3.18813, 16.98988, -2.47132], "size": [1, 1, 1], "uv": [40, 97], "mirror": true}
				]
			},
			{
				"name": "bone45",
				"parent": "bone18",
				"pivot": [4, 17.22119, -1.97132],
				"rotation": [0, 0, 65],
				"cubes": [
					{"origin": [3.01211, 16.38986, -2.47132], "size": [1, 1, 1], "uv": [36, 97], "mirror": true}
				]
			},
			{
				"name": "bone19",
				"parent": "bone15",
				"pivot": [-4, 22, -0.5],
				"rotation": [25, 0, 0],
				"cubes": [
					{"origin": [-4.5, 23, -1], "size": [1, 2, 1], "uv": [0, 97]}
				]
			},
			{
				"name": "bone20",
				"parent": "bone19",
				"pivot": [-4, 24, -0.5],
				"rotation": [25, 0, 0],
				"cubes": [
					{"origin": [-4.5, 20.305, -1.37577], "size": [1, 3, 1], "uv": [20, 93]}
				]
			},
			{
				"name": "bone21",
				"parent": "bone20",
				"pivot": [-4, 23.23396, 0.14279],
				"rotation": [25, 0, 0],
				"cubes": [
					{"origin": [-4.5, 18.22119, -2.47132], "size": [1, 3, 1], "uv": [16, 93]}
				]
			},
			{
				"name": "bone42",
				"parent": "bone21",
				"pivot": [-4, 17.22119, -1.97132],
				"rotation": [0, 0, -20],
				"cubes": [
					{"origin": [-4.12783, 17.3319, -2.47132], "size": [1, 1, 1], "uv": [40, 97]}
				]
			},
			{
				"name": "bone43",
				"parent": "bone21",
				"pivot": [-4, 17.22119, -1.97132],
				"rotation": [0, 0, -65],
				"cubes": [
					{"origin": [-4.01211, 16.38986, -2.47132], "size": [1, 1, 1], "uv": [36, 97]}
				]
			},
			{
				"name": "bone22",
				"parent": "bone",
				"pivot": [0, 0, 0],
				"cubes": [
					{"origin": [-4.25, 21, -3], "size": [1, 3, 6], "uv": [50, 16]},
					{"origin": [3.25, 21, -3], "size": [1, 3, 6], "uv": [36, 16]},
					{"origin": [-3.5, 20, 3.25], "size": [7, 3, 1], "uv": [24, 29]}
				]
			},
			{
				"name": "bone23",
				"parent": "bone",
				"pivot": [0, -1, 0.25]
			},
			{
				"name": "bone24",
				"parent": "bone23",
				"pivot": [0, 19, 4.4],
				"rotation": [-90, 5, 0]
			},
			{
				"name": "bone25",
				"parent": "bone24",
				"pivot": [0, 19, 4.4],
				"cubes": [
					{"origin": [0.65, 18.501, 3.94706], "size": [2, 2, 2], "uv": [0, 77], "inflate": -0.4}
				]
			},
			{
				"name": "bone26",
				"parent": "bone24",
				"pivot": [0, 19, 4.4],
				"rotation": [0, -45, 0],
				"cubes": [
					{"origin": [-0.04645, 18.5, 2.86863], "size": [2, 2, 2], "uv": [0, 77], "inflate": -0.4}
				]
			},
			{
				"name": "bone27",
				"parent": "bone24",
				"pivot": [0, 19, 4.4],
				"rotation": [0, -90, 0],
				"cubes": [
					{"origin": [-1.30147, 18.501, 2.59853], "size": [2, 2, 2], "uv": [0, 77], "inflate": -0.4}
				]
			},
			{
				"name": "bone28",
				"parent": "bone24",
				"pivot": [0, 19, 4.4],
				"rotation": [0, -135, 0],
				"cubes": [
					{"origin": [-2.3799, 18.5, 3.29497], "size": [2, 2, 2], "uv": [0, 77], "inflate": -0.4}
				]
			},
			{
				"name": "bone29",
				"parent": "bone24",
				"pivot": [0, 19, 4.4],
				"rotation": [0, -180, 0],
				"cubes": [
					{"origin": [-2.65, 18.501, 4.55], "size": [2, 2, 2], "uv": [0, 77], "inflate": -0.4}
				]
			},
			{
				"name": "bone30",
				"parent": "bone24",
				"pivot": [0, 19, 4.4],
				"rotation": [0, -225, 0],
				"cubes": [
					{"origin": [-1.95355, 18.5, 5.62843], "size": [2, 2, 2], "uv": [0, 77], "inflate": -0.4}
				]
			},
			{
				"name": "bone31",
				"parent": "bone24",
				"pivot": [0, 19, 4.4],
				"rotation": [0, -270, 0],
				"cubes": [
					{"origin": [-0.69853, 18.501, 5.89853], "size": [2, 2, 2], "uv": [0, 77], "inflate": -0.4}
				]
			},
			{
				"name": "bone32",
				"parent": "bone24",
				"pivot": [0, 19, 4.4],
				"rotation": [0, -315, 0],
				"cubes": [
					{"origin": [0.3799, 18.5, 5.20208], "size": [2, 2, 2], "uv": [0, 77], "inflate": -0.4}
				]
			},
			{
				"name": "bone140",
				"parent": "bone23",
				"pivot": [0, 19, 3.4],
				"rotation": [-90, 5, 0]
			},
			{
				"name": "bone141",
				"parent": "bone140",
				"pivot": [0, 19, 3.4],
				"cubes": [
					{"origin": [0.65, 19.501, 1.94706], "size": [2, 1, 3], "uv": [102, 0], "inflate": -0.3}
				]
			},
			{
				"name": "bone142",
				"parent": "bone140",
				"pivot": [0, 19, 3.4],
				"rotation": [0, -45, 0],
				"cubes": [
					{"origin": [-0.04645, 19.5, 0.86863], "size": [2, 1, 3], "uv": [102, 0], "inflate": -0.3}
				]
			},
			{
				"name": "bone143",
				"parent": "bone140",
				"pivot": [0, 19, 3.4],
				"rotation": [0, -90, 0],
				"cubes": [
					{"origin": [-1.30147, 19.501, 0.59853], "size": [2, 1, 3], "uv": [102, 0], "inflate": -0.3}
				]
			},
			{
				"name": "bone144",
				"parent": "bone140",
				"pivot": [0, 19, 3.4],
				"rotation": [0, -135, 0],
				"cubes": [
					{"origin": [-2.3799, 19.5, 1.29497], "size": [2, 1, 3], "uv": [102, 0], "inflate": -0.3}
				]
			},
			{
				"name": "bone145",
				"parent": "bone140",
				"pivot": [0, 19, 3.4],
				"rotation": [0, -180, 0],
				"cubes": [
					{"origin": [-2.65, 19.501, 2.55], "size": [2, 1, 3], "uv": [102, 0], "inflate": -0.3}
				]
			},
			{
				"name": "bone146",
				"parent": "bone140",
				"pivot": [0, 19, 3.4],
				"rotation": [0, -225, 0],
				"cubes": [
					{"origin": [-1.95355, 19.5, 3.62843], "size": [2, 1, 3], "uv": [102, 0], "inflate": -0.3}
				]
			},
			{
				"name": "bone147",
				"parent": "bone140",
				"pivot": [0, 19, 3.4],
				"rotation": [0, -270, 0],
				"cubes": [
					{"origin": [-0.69853, 19.501, 3.89853], "size": [2, 1, 3], "uv": [102, 0], "inflate": -0.3}
				]
			},
			{
				"name": "bone148",
				"parent": "bone140",
				"pivot": [0, 19, 3.4],
				"rotation": [0, -315, 0],
				"cubes": [
					{"origin": [0.3799, 19.5, 3.20208], "size": [2, 1, 3], "uv": [102, 0], "inflate": -0.3}
				]
			},
			{
				"name": "bone33",
				"parent": "bone23",
				"pivot": [-3.25, 19, 4.15],
				"rotation": [-90, -5, 0]
			},
			{
				"name": "bone34",
				"parent": "bone33",
				"pivot": [-3.25, 19, 4.15],
				"cubes": [
					{"origin": [-2.65, 18.501, 3.69706], "size": [2, 2, 2], "uv": [0, 73], "inflate": -0.4, "mirror": true}
				]
			},
			{
				"name": "bone35",
				"parent": "bone33",
				"pivot": [-3.25, 19, 4.15],
				"rotation": [0, -45, 0],
				"cubes": [
					{"origin": [-3.3318, 18.5, 2.65398], "size": [2, 2, 2], "uv": [0, 73], "inflate": -0.4, "mirror": true}
				]
			},
			{
				"name": "bone36",
				"parent": "bone33",
				"pivot": [-3.25, 19, 4.15],
				"rotation": [0, -90, 0],
				"cubes": [
					{"origin": [-4.55147, 18.501, 2.39853], "size": [2, 2, 2], "uv": [0, 73], "inflate": -0.4, "mirror": true}
				]
			},
			{
				"name": "bone37",
				"parent": "bone33",
				"pivot": [-3.25, 19, 4.15],
				"rotation": [0, -135, 0],
				"cubes": [
					{"origin": [-5.59454, 18.5, 3.08033], "size": [2, 2, 2], "uv": [0, 73], "inflate": -0.4, "mirror": true}
				]
			},
			{
				"name": "bone38",
				"parent": "bone33",
				"pivot": [-3.25, 19, 4.15],
				"rotation": [0, -180, 0],
				"cubes": [
					{"origin": [-5.85, 18.501, 4.3], "size": [2, 2, 2], "uv": [0, 73], "inflate": -0.4, "mirror": true}
				]
			},
			{
				"name": "bone39",
				"parent": "bone33",
				"pivot": [-3.25, 19, 4.15],
				"rotation": [0, -225, 0],
				"cubes": [
					{"origin": [-5.1682, 18.5, 5.34307], "size": [2, 2, 2], "uv": [0, 73], "inflate": -0.4, "mirror": true}
				]
			},
			{
				"name": "bone40",
				"parent": "bone33",
				"pivot": [-3.25, 19, 4.15],
				"rotation": [0, -270, 0],
				"cubes": [
					{"origin": [-3.94853, 18.501, 5.59853], "size": [2, 2, 2], "uv": [0, 73], "inflate": -0.4, "mirror": true}
				]
			},
			{
				"name": "bone41",
				"parent": "bone33",
				"pivot": [-3.25, 19, 4.15],
				"rotation": [0, -315, 0],
				"cubes": [
					{"origin": [-2.90546, 18.5, 4.91673], "size": [2, 2, 2], "uv": [0, 73], "inflate": -0.4, "mirror": true}
				]
			},
			{
				"name": "bone149",
				"parent": "bone23",
				"pivot": [-3.25, 19, 3.15],
				"rotation": [-90, -5, 0]
			},
			{
				"name": "bone150",
				"parent": "bone149",
				"pivot": [-3.25, 19, 3.15],
				"cubes": [
					{"origin": [-2.65, 19.501, 1.69706], "size": [2, 1, 3], "uv": [102, 0], "inflate": -0.3, "mirror": true}
				]
			},
			{
				"name": "bone151",
				"parent": "bone149",
				"pivot": [-3.25, 19, 3.15],
				"rotation": [0, -45, 0],
				"cubes": [
					{"origin": [-3.3318, 19.5, 0.65398], "size": [2, 1, 3], "uv": [102, 0], "inflate": -0.3, "mirror": true}
				]
			},
			{
				"name": "bone152",
				"parent": "bone149",
				"pivot": [-3.25, 19, 3.15],
				"rotation": [0, -90, 0],
				"cubes": [
					{"origin": [-4.55147, 19.501, 0.39853], "size": [2, 1, 3], "uv": [102, 0], "inflate": -0.3, "mirror": true}
				]
			},
			{
				"name": "bone153",
				"parent": "bone149",
				"pivot": [-3.25, 19, 3.15],
				"rotation": [0, -135, 0],
				"cubes": [
					{"origin": [-5.59454, 19.5, 1.08033], "size": [2, 1, 3], "uv": [102, 0], "inflate": -0.3, "mirror": true}
				]
			},
			{
				"name": "bone154",
				"parent": "bone149",
				"pivot": [-3.25, 19, 3.15],
				"rotation": [0, -180, 0],
				"cubes": [
					{"origin": [-5.85, 19.501, 2.3], "size": [2, 1, 3], "uv": [102, 0], "inflate": -0.3, "mirror": true}
				]
			},
			{
				"name": "bone155",
				"parent": "bone149",
				"pivot": [-3.25, 19, 3.15],
				"rotation": [0, -225, 0],
				"cubes": [
					{"origin": [-5.1682, 19.5, 3.34307], "size": [2, 1, 3], "uv": [102, 0], "inflate": -0.3, "mirror": true}
				]
			},
			{
				"name": "bone156",
				"parent": "bone149",
				"pivot": [-3.25, 19, 3.15],
				"rotation": [0, -270, 0],
				"cubes": [
					{"origin": [-3.94853, 19.501, 3.59853], "size": [2, 1, 3], "uv": [102, 0], "inflate": -0.3, "mirror": true}
				]
			},
			{
				"name": "bone157",
				"parent": "bone149",
				"pivot": [-3.25, 19, 3.15],
				"rotation": [0, -315, 0],
				"cubes": [
					{"origin": [-2.90546, 19.5, 2.91673], "size": [2, 1, 3], "uv": [102, 0], "inflate": -0.3, "mirror": true}
				]
			},
			{
				"name": "bone158",
				"parent": "bone23",
				"pivot": [0, -1, 0.25]
			},
			{
				"name": "bone159",
				"parent": "bone158",
				"pivot": [2.25, 17.5, 4.25]
			},
			{
				"name": "bone161",
				"parent": "bone159",
				"pivot": [3, 18.5, 4.1]
			},
			{
				"name": "bone162",
				"parent": "bone161",
				"pivot": [3.45, 18.65, 4.1],
				"rotation": [0, 0, -65]
			},
			{
				"name": "bone163",
				"parent": "bone162",
				"pivot": [2.7, 19.15, 4.1],
				"rotation": [0, 0, 15],
				"cubes": [
					{"origin": [1.18787, 18.43475, 3.61808], "size": [2, 1, 1], "uv": [106, 4], "inflate": -0.2}
				]
			},
			{
				"name": "bone164",
				"parent": "bone162",
				"pivot": [2.7, 18.15, 4.1],
				"rotation": [0, 0, -15],
				"cubes": [
					{"origin": [1.36486, 18.52577, 3.61808], "size": [2, 1, 1], "uv": [106, 4], "inflate": -0.2}
				]
			},
			{
				"name": "bone165",
				"parent": "bone161",
				"pivot": [2.3, 18.7, 4.1],
				"rotation": [0, 0, 55]
			},
			{
				"name": "bone166",
				"parent": "bone165",
				"pivot": [4.05, 19.2, 4.1],
				"rotation": [0, 0, -15],
				"cubes": [
					{"origin": [2.58326, 18.69528, 3.61808], "size": [2, 1, 1], "uv": [106, 4], "inflate": -0.2}
				]
			},
			{
				"name": "bone167",
				"parent": "bone165",
				"pivot": [4.05, 19.2, 4.1],
				"rotation": [0, 0, 15],
				"cubes": [
					{"origin": [2.69097, 18.30273, 3.61808], "size": [2, 1, 1], "uv": [106, 4], "inflate": -0.2}
				]
			},
			{
				"name": "bone168",
				"parent": "bone159",
				"pivot": [-3, 18.5, 4.1],
				"rotation": [0, 180, 0]
			},
			{
				"name": "bone169",
				"parent": "bone168",
				"pivot": [-2.55, 18.65, 4.1],
				"rotation": [0, 0, -65]
			},
			{
				"name": "bone170",
				"parent": "bone169",
				"pivot": [-3.3, 19.15, 4.1],
				"rotation": [0, 0, 15],
				"cubes": [
					{"origin": [-4.81213, 18.43475, 3.61808], "size": [2, 1, 1], "uv": [106, 4], "inflate": -0.2}
				]
			},
			{
				"name": "bone171",
				"parent": "bone169",
				"pivot": [-3.3, 18.15, 4.1],
				"rotation": [0, 0, -15],
				"cubes": [
					{"origin": [-4.63514, 18.52577, 3.61808], "size": [2, 1, 1], "uv": [106, 4], "inflate": -0.2}
				]
			},
			{
				"name": "bone172",
				"parent": "bone168",
				"pivot": [-3.7, 18.7, 4.1],
				"rotation": [0, 0, 55]
			},
			{
				"name": "bone173",
				"parent": "bone172",
				"pivot": [-1.95, 19.2, 4.1],
				"rotation": [0, 0, -15],
				"cubes": [
					{"origin": [-3.41674, 18.69528, 3.61808], "size": [2, 1, 1], "uv": [106, 4], "inflate": -0.2}
				]
			},
			{
				"name": "bone174",
				"parent": "bone172",
				"pivot": [-1.95, 19.2, 4.1],
				"rotation": [0, 0, 15],
				"cubes": [
					{"origin": [-3.30903, 18.30273, 3.61808], "size": [2, 1, 1], "uv": [106, 4], "inflate": -0.2}
				]
			},
			{
				"name": "blink",
				"parent": "head",
				"pivot": [0, 18, 0],
				"cubes": [
					{"origin": [-4, 18, -4.001], "size": [8, 8, 0], "uv": [20, 16]}
				]
			},
			{
				"name": "armRight",
				"pivot": [-2, 17.5, 0],
				"rotation": [0, 0, 25],
				"cubes": [
					{"origin": [-4, 8.5, -1], "size": [2, 8, 2], "uv": [24, 47]}
				]
			},
			{
				"name": "bone121",
				"parent": "armRight",
				"pivot": [-2, 17.5, 0]
			},
			{
				"name": "bone120",
				"parent": "bone121",
				"pivot": [-3, 14.75, -1],
				"rotation": [-15, 0, 0],
				"cubes": [
					{"origin": [-4, 13.44037, -1.45293], "size": [2, 3, 1], "uv": [0, 82]}
				]
			},
			{
				"name": "bone123",
				"parent": "bone121",
				"pivot": [-3, 14.75, 2],
				"rotation": [0, 0, 15],
				"cubes": [
					{"origin": [-4.41886, 13.18155, -1], "size": [1, 3, 2], "uv": [26, 77]}
				]
			},
			{
				"name": "bone124",
				"parent": "bone121",
				"pivot": [0, 14.75, 2],
				"rotation": [0, 0, -15],
				"cubes": [
					{"origin": [-2.47892, 13.95801, -1], "size": [1, 3, 2], "uv": [20, 77]}
				]
			},
			{
				"name": "bone122",
				"parent": "bone121",
				"pivot": [-3, 14.75, 2],
				"rotation": [15, 0, 0],
				"cubes": [
					{"origin": [-4, 13.69919, 0.48701], "size": [2, 3, 1], "uv": [38, 77]}
				]
			},
			{
				"name": "bone130",
				"parent": "armRight",
				"pivot": [-2, 14.5, 0]
			},
			{
				"name": "bone131",
				"parent": "bone130",
				"pivot": [-3, 11.75, -1],
				"rotation": [45, 0, 0],
				"cubes": [
					{"origin": [-4, 12.60876, -0.23932], "size": [2, 1, 1], "uv": [22, 90]}
				]
			},
			{
				"name": "bone132",
				"parent": "bone130",
				"pivot": [-4, 11.75, 2],
				"rotation": [0, 0, -45],
				"cubes": [
					{"origin": [-3.23932, 12.60876, -1], "size": [1, 1, 2], "uv": [24, 82]}
				]
			},
			{
				"name": "bone133",
				"parent": "bone130",
				"pivot": [0, 11.75, 2],
				"rotation": [0, 0, 45],
				"cubes": [
					{"origin": [-3.17489, 11.19454, -1], "size": [1, 1, 2], "uv": [24, 85]}
				]
			},
			{
				"name": "bone134",
				"parent": "bone130",
				"pivot": [-3, 11.75, 2],
				"rotation": [-45, 0, 0],
				"cubes": [
					{"origin": [-4, 11.90165, -0.46779], "size": [2, 1, 1], "uv": [22, 88], "mirror": true}
				]
			},
			{
				"name": "armLeft",
				"pivot": [2, 17.5, 0],
				"rotation": [0, 0, -25],
				"cubes": [
					{"origin": [2, 8.5, -1], "size": [2, 8, 2], "uv": [24, 47], "mirror": true}
				]
			},
			{
				"name": "bone125",
				"parent": "armLeft",
				"pivot": [6, 0, 0]
			},
			{
				"name": "bone126",
				"parent": "bone125",
				"pivot": [3, 14.75, -1],
				"rotation": [-15, 0, 0],
				"cubes": [
					{"origin": [2, 13.44037, -1.45293], "size": [2, 3, 1], "uv": [0, 82], "mirror": true}
				]
			},
			{
				"name": "bone127",
				"parent": "bone125",
				"pivot": [3, 14.75, 2],
				"rotation": [0, 0, 15],
				"cubes": [
					{"origin": [1.58114, 13.18155, -1], "size": [1, 3, 2], "uv": [20, 77], "mirror": true}
				]
			},
			{
				"name": "bone128",
				"parent": "bone125",
				"pivot": [6, 14.75, 2],
				"rotation": [0, 0, -15],
				"cubes": [
					{"origin": [3.52108, 13.95801, -1], "size": [1, 3, 2], "uv": [26, 77], "mirror": true}
				]
			},
			{
				"name": "bone129",
				"parent": "bone125",
				"pivot": [3, 14.75, 2],
				"rotation": [15, 0, 0],
				"cubes": [
					{"origin": [2, 13.69919, 0.48701], "size": [2, 3, 1], "uv": [38, 77], "mirror": true}
				]
			},
			{
				"name": "bone135",
				"parent": "armLeft",
				"pivot": [4, 14.5, 0]
			},
			{
				"name": "bone136",
				"parent": "bone135",
				"pivot": [3, 11.75, -1],
				"rotation": [45, 0, 0],
				"cubes": [
					{"origin": [2, 12.60876, -0.23932], "size": [2, 1, 1], "uv": [22, 90], "mirror": true}
				]
			},
			{
				"name": "bone137",
				"parent": "bone135",
				"pivot": [2, 11.75, 2],
				"rotation": [0, 0, -45],
				"cubes": [
					{"origin": [2.76068, 12.60876, -1], "size": [1, 1, 2], "uv": [24, 85], "mirror": true}
				]
			},
			{
				"name": "bone138",
				"parent": "bone135",
				"pivot": [6, 11.75, 2],
				"rotation": [0, 0, 45],
				"cubes": [
					{"origin": [2.82511, 11.19454, -1], "size": [1, 1, 2], "uv": [24, 82], "mirror": true}
				]
			},
			{
				"name": "bone139",
				"parent": "bone135",
				"pivot": [3, 11.75, 2],
				"rotation": [45, 0, 0],
				"cubes": [
					{"origin": [2, 13.21779, 2.15165], "size": [2, 1, 1], "uv": [22, 88], "mirror": true}
				]
			},
			{
				"name": "body",
				"pivot": [0, 10.5, 0],
				"cubes": [
					{"origin": [-3, 8.999, -3], "size": [6, 9, 6], "uv": [32, 0]}
				]
			},
			{
				"name": "bone47",
				"parent": "body",
				"pivot": [-0.2, 0, 0.25]
			},
			{
				"name": "bone52",
				"parent": "bone47",
				"pivot": [-0.1, 0, 0.25]
			},
			{
				"name": "bone49",
				"parent": "bone52",
				"pivot": [-1.35, 16.499, -2.5],
				"rotation": [0, 0, 15],
				"cubes": [
					{"origin": [0.23048, 16.67153, -3.2499], "size": [1, 2, 1], "uv": [40, 93]}
				]
			},
			{
				"name": "bone50",
				"parent": "bone52",
				"pivot": [1.48048, 17.67153, -2.75],
				"rotation": [0, 0, 60],
				"cubes": [
					{"origin": [1.36914, 16.99488, -3.25], "size": [1, 1, 1], "uv": [24, 97]}
				]
			},
			{
				"name": "bone53",
				"parent": "bone47",
				"pivot": [-0.1, 0, 0.25]
			},
			{
				"name": "bone48",
				"parent": "bone53",
				"pivot": [-1.35, 16.499, -2.5],
				"rotation": [0, 0, -15],
				"cubes": [
					{"origin": [-1.28162, 15.97245, -3.2499], "size": [1, 2, 1], "uv": [44, 93]}
				]
			},
			{
				"name": "bone51",
				"parent": "bone53",
				"pivot": [-1.1, 16.499, -2.5],
				"rotation": [0, 0, -60],
				"cubes": [
					{"origin": [-1.13476, 16.70904, -3.25], "size": [1, 1, 1], "uv": [20, 97]}
				]
			},
			{
				"name": "op",
				"parent": "body",
				"pivot": [0, 0, 0]
			},
			{
				"name": "bone46",
				"parent": "op",
				"pivot": [0, 15.249, -2.9],
				"rotation": [-40, 0, 0],
				"cubes": [
					{"origin": [-3, 14.249, -3.9], "size": [6, 2, 2], "uv": [24, 25], "inflate": -0.1}
				]
			},
			{
				"name": "bone160",
				"parent": "op",
				"pivot": [0, 16.949, -2.6]
			},
			{
				"name": "bone175",
				"parent": "bone160",
				"pivot": [-0.5, 17.449, -3.4],
				"rotation": [0, 0, -25],
				"cubes": [
					{"origin": [-1.25, 15.449, -4.65], "size": [2, 3, 2], "uv": [104, 21], "inflate": -1.2}
				]
			},
			{
				"name": "bone176",
				"parent": "bone160",
				"pivot": [-0.5, 17.449, -3.4],
				"rotation": [0, 0, -25],
				"cubes": [
					{"origin": [-0.91476, 15.65952, -4.65], "size": [2, 3, 2], "uv": [104, 11], "inflate": -1.2}
				]
			},
			{
				"name": "bone177",
				"parent": "bone160",
				"pivot": [0.5, 17.449, -3.4],
				"rotation": [0, 0, 25],
				"cubes": [
					{"origin": [-0.65, 15.449, -4.652], "size": [2, 3, 2], "uv": [104, 16], "inflate": -1.2}
				]
			},
			{
				"name": "bone178",
				"parent": "bone160",
				"pivot": [0.3, 16.949, -3.4],
				"rotation": [0, 0, 25],
				"cubes": [
					{"origin": [-1.25101, 15.7738, -4.651], "size": [2, 3, 2], "uv": [104, 6], "inflate": -1.2}
				]
			},
			{
				"name": "bone54",
				"parent": "body",
				"pivot": [0.1, 14.01604, -2.39279],
				"rotation": [-5, 0, 0]
			},
			{
				"name": "bone67",
				"parent": "bone54",
				"pivot": [0.1, 3.51604, -2.39279],
				"rotation": [0, -102.85714, 0]
			},
			{
				"name": "bone68",
				"parent": "bone67",
				"pivot": [0.1, 3.51604, 3.80329],
				"rotation": [23, 0, 0]
			},
			{
				"name": "bone69",
				"parent": "bone68",
				"pivot": [0.1, 3.51604, 3.80329],
				"rotation": [0, -45, 0],
				"cubes": [
					{"origin": [-1.16372, 15.84628, 4.16677], "size": [1, 3, 1], "uv": [12, 93], "inflate": -0.3}
				]
			},
			{
				"name": "bone70",
				"parent": "bone54",
				"pivot": [0.1, 3.51604, -2.39279],
				"rotation": [0, -128.57143, 0]
			},
			{
				"name": "bone71",
				"parent": "bone70",
				"pivot": [0.1, 3.51604, 3.80329],
				"rotation": [23, 0, 0]
			},
			{
				"name": "bone72",
				"parent": "bone71",
				"pivot": [0.1, 3.51604, 3.80329],
				"rotation": [0, -45, 0],
				"cubes": [
					{"origin": [-0.69118, 15.66192, 4.10846], "size": [1, 3, 1], "uv": [8, 93], "inflate": -0.3}
				]
			},
			{
				"name": "bone73",
				"parent": "bone54",
				"pivot": [0.1, 3.51604, -2.39279],
				"rotation": [0, -154.28571, 0]
			},
			{
				"name": "bone74",
				"parent": "bone73",
				"pivot": [0.1, 3.51604, 3.80329],
				"rotation": [23, 0, 0]
			},
			{
				"name": "bone75",
				"parent": "bone74",
				"pivot": [0.1, 3.51604, 3.80329],
				"rotation": [0, -45, 0],
				"cubes": [
					{"origin": [-0.26813, 15.55441, 4.04359], "size": [1, 3, 1], "uv": [4, 93], "inflate": -0.3}
				]
			},
			{
				"name": "bone76",
				"parent": "bone54",
				"pivot": [0.1, 3.51604, -2.39279],
				"rotation": [0, -180, 0]
			},
			{
				"name": "bone77",
				"parent": "bone76",
				"pivot": [0.1, 3.51604, 3.80329],
				"rotation": [23, 0, 0]
			},
			{
				"name": "bone78",
				"parent": "bone77",
				"pivot": [0.1, 3.51604, 3.80329],
				"rotation": [0, -45, 0],
				"cubes": [
					{"origin": [0.1, 15.51604, 3.80329], "size": [1, 3, 1], "uv": [0, 93], "inflate": -0.3}
				]
			},
			{
				"name": "bone79",
				"parent": "bone54",
				"pivot": [0.1, 3.51604, -2.39279],
				"rotation": [0, -205.71429, 0]
			},
			{
				"name": "bone80",
				"parent": "bone79",
				"pivot": [0.1, 3.51604, 3.80329],
				"rotation": [23, 0, 0]
			},
			{
				"name": "bone81",
				"parent": "bone80",
				"pivot": [0.1, 3.51604, 3.80329],
				"rotation": [0, -45, 0],
				"cubes": [
					{"origin": [0.3403, 15.55441, 3.43516], "size": [1, 3, 1], "uv": [36, 88], "inflate": -0.3}
				]
			},
			{
				"name": "bone82",
				"parent": "bone54",
				"pivot": [0.1, 3.51604, -2.39279],
				"rotation": [0, -231.42857, 0]
			},
			{
				"name": "bone83",
				"parent": "bone82",
				"pivot": [0.1, 3.51604, 3.80329],
				"rotation": [23, 0, 0]
			},
			{
				"name": "bone84",
				"parent": "bone83",
				"pivot": [0.1, 3.51604, 3.80329],
				"rotation": [0, -45, 0],
				"cubes": [
					{"origin": [0.40517, 15.66192, 3.01211], "size": [1, 3, 1], "uv": [32, 88], "inflate": -0.3}
				]
			},
			{
				"name": "bone85",
				"parent": "bone54",
				"pivot": [0.1, 3.51604, -2.39279],
				"rotation": [0, -257.14286, 0]
			},
			{
				"name": "bone86",
				"parent": "bone85",
				"pivot": [0.1, 3.51604, 3.80329],
				"rotation": [23, 0, 0]
			},
			{
				"name": "bone87",
				"parent": "bone86",
				"pivot": [0.1, 3.51604, 3.80329],
				"rotation": [0, -45, 0],
				"cubes": [
					{"origin": [0.28177, 15.81727, 2.61793], "size": [1, 3, 1], "uv": [28, 88], "inflate": -0.3}
				]
			},
			{
				"name": "bone61",
				"parent": "body",
				"pivot": [0, 10.5, 0],
				"cubes": [
					{"origin": [-0.53573, 13.84514, 2.15], "size": [1, 1, 1], "uv": [16, 97], "inflate": 0.1},
					{"origin": [-3.01362, 14.56566, 2.2501], "size": [6, 1, 1], "uv": [16, 58]}
				]
			},
			{
				"name": "bone55",
				"parent": "bone61",
				"pivot": [-0.1, 8.5, -0.25]
			},
			{
				"name": "bone56",
				"parent": "bone55",
				"pivot": [-1.35, 11.999, -3.75],
				"rotation": [0, 0, 30],
				"cubes": [
					{"origin": [-2.51789, 13.91834, -3.35], "size": [1, 2, 1], "uv": [36, 93]}
				]
			},
			{
				"name": "bone57",
				"parent": "bone55",
				"pivot": [-2.35, 11.999, -3.75],
				"rotation": [0, 0, 5],
				"cubes": [
					{"origin": [-3.49482, 13.69662, -3.55], "size": [3, 2, 7], "uv": [56, 0], "inflate": -0.2, "mirror": true}
				]
			},
			{
				"name": "bone58",
				"parent": "bone61",
				"pivot": [-3.4, 6, -0.5]
			},
			{
				"name": "bone59",
				"parent": "bone58",
				"pivot": [-4.65, 9.499, -4],
				"rotation": [0, 0, -30],
				"cubes": [
					{"origin": [1.96404, 10.5834, -3.35], "size": [1, 2, 1], "uv": [32, 93]}
				]
			},
			{
				"name": "bone60",
				"parent": "bone58",
				"pivot": [-5.65, 9.499, -4],
				"rotation": [0, 0, -5],
				"cubes": [
					{"origin": [0.68226, 12.98986, -3.55], "size": [3, 2, 7], "uv": [56, 0], "inflate": -0.2}
				]
			},
			{
				"name": "sittingRotationSkirt",
				"parent": "body",
				"pivot": [0, 10.5, 0.25],
				"rotation": [10, 0, 0]
			},
			{
				"name": "bone62",
				"parent": "sittingRotationSkirt",
				"pivot": [0, 15.5, 0.25]
			},
			{
				"name": "bone63",
				"parent": "bone62",
				"pivot": [0, 5, 0.25]
			},
			{
				"name": "bone64",
				"parent": "bone63",
				"pivot": [0, 5, 5.52792],
				"rotation": [23, 0, 0]
			},
			{
				"name": "bone65",
				"parent": "bone64",
				"pivot": [0, 5, 5.52792],
				"rotation": [0, -45, 0],
				"cubes": [
					{"origin": [-1, 11, 4.52792], "size": [2, 3, 2], "uv": [30, 58]}
				]
			},
			{
				"name": "bone66",
				"parent": "bone62",
				"pivot": [0, 5, 0.25],
				"rotation": [0, -30, 0]
			},
			{
				"name": "bone88",
				"parent": "bone66",
				"pivot": [0, 5, 5.52792],
				"rotation": [23, 0, 0]
			},
			{
				"name": "bone89",
				"parent": "bone88",
				"pivot": [0, 5, 5.52792],
				"rotation": [0, -45, 0],
				"cubes": [
					{"origin": [-1, 8, 4.52792], "size": [2, 6, 2], "uv": [8, 58]}
				]
			},
			{
				"name": "bone90",
				"parent": "bone62",
				"pivot": [0, 5, 0.25],
				"rotation": [0, -60, 0]
			},
			{
				"name": "bone91",
				"parent": "bone90",
				"pivot": [0, 5, 5.52792],
				"rotation": [23, 0, 0]
			},
			{
				"name": "bone92",
				"parent": "bone91",
				"pivot": [0, 5, 5.52792],
				"rotation": [0, -45, 0],
				"cubes": [
					{"origin": [-1, 5, 4.52792], "size": [2, 9, 2], "uv": [16, 47]}
				]
			},
			{
				"name": "bone93",
				"parent": "bone62",
				"pivot": [0, 5, 0.25],
				"rotation": [0, -90, 0]
			},
			{
				"name": "bone94",
				"parent": "bone93",
				"pivot": [0, 5, 5.52792],
				"rotation": [23, 0, 0]
			},
			{
				"name": "bone95",
				"parent": "bone94",
				"pivot": [0, 5, 5.52792],
				"rotation": [0, -45, 0],
				"cubes": [
					{"origin": [-1, 5, 4.52792], "size": [2, 9, 2], "uv": [8, 47]}
				]
			},
			{
				"name": "bone96",
				"parent": "bone62",
				"pivot": [0, 5, 0.25],
				"rotation": [0, -120, 0]
			},
			{
				"name": "bone97",
				"parent": "bone96",
				"pivot": [0, 5, 5.52792],
				"rotation": [23, 0, 0]
			},
			{
				"name": "bone98",
				"parent": "bone97",
				"pivot": [0, 5, 5.52792],
				"rotation": [0, -45, 0],
				"cubes": [
					{"origin": [-1, 5, 4.52792], "size": [2, 9, 2], "uv": [0, 47]}
				]
			},
			{
				"name": "bone99",
				"parent": "bone62",
				"pivot": [0, 5, 0.25],
				"rotation": [0, -150, 0]
			},
			{
				"name": "bone100",
				"parent": "bone99",
				"pivot": [0, 5, 5.52792],
				"rotation": [23, 0, 0]
			},
			{
				"name": "bone101",
				"parent": "bone100",
				"pivot": [0, 5, 5.52792],
				"rotation": [0, -45, 0],
				"cubes": [
					{"origin": [-1, 5, 4.52792], "size": [2, 9, 2], "uv": [32, 36]}
				]
			},
			{
				"name": "bone102",
				"parent": "bone62",
				"pivot": [0, 5, 0.25],
				"rotation": [0, -180, 0]
			},
			{
				"name": "bone103",
				"parent": "bone102",
				"pivot": [0, 5, 5.52792],
				"rotation": [23, 0, 0]
			},
			{
				"name": "bone104",
				"parent": "bone103",
				"pivot": [0, 5, 5.52792],
				"rotation": [0, -45, 0],
				"cubes": [
					{"origin": [-1, 5, 4.52792], "size": [2, 9, 2], "uv": [24, 36]}
				]
			},
			{
				"name": "bone105",
				"parent": "bone62",
				"pivot": [0, 5, 0.25],
				"rotation": [0, -210, 0]
			},
			{
				"name": "bone106",
				"parent": "bone105",
				"pivot": [0, 5, 5.52792],
				"rotation": [23, 0, 0]
			},
			{
				"name": "bone107",
				"parent": "bone106",
				"pivot": [0, 5, 5.52792],
				"rotation": [0, -45, 0],
				"cubes": [
					{"origin": [-1, 5, 4.52792], "size": [2, 9, 2], "uv": [16, 36]}
				]
			},
			{
				"name": "bone108",
				"parent": "bone62",
				"pivot": [0, 5, 0.25],
				"rotation": [0, -240, 0]
			},
			{
				"name": "bone109",
				"parent": "bone108",
				"pivot": [0, 5, 5.52792],
				"rotation": [23, 0, 0]
			},
			{
				"name": "bone110",
				"parent": "bone109",
				"pivot": [0, 5, 5.52792],
				"rotation": [0, -45, 0],
				"cubes": [
					{"origin": [-1, 5, 4.52792], "size": [2, 9, 2], "uv": [8, 36]}
				]
			},
			{
				"name": "bone111",
				"parent": "bone62",
				"pivot": [0, 5, 0.25],
				"rotation": [0, -270, 0]
			},
			{
				"name": "bone112",
				"parent": "bone111",
				"pivot": [0, 5, 5.52792],
				"rotation": [23, 0, 0]
			},
			{
				"name": "bone113",
				"parent": "bone112",
				"pivot": [0, 5, 5.52792],
				"rotation": [0, -45, 0],
				"cubes": [
					{"origin": [-1, 5, 4.52792], "size": [2, 9, 2], "uv": [0, 36]}
				]
			},
			{
				"name": "bone114",
				"parent": "bone62",
				"pivot": [0, 5, 0.25],
				"rotation": [0, -300, 0]
			},
			{
				"name": "bone115",
				"parent": "bone114",
				"pivot": [0, 5, 5.52792],
				"rotation": [23, 0, 0]
			},
			{
				"name": "bone116",
				"parent": "bone115",
				"pivot": [0, 5, 5.52792],
				"rotation": [0, -45, 0],
				"cubes": [
					{"origin": [-1, 5, 4.52792], "size": [2, 9, 2], "uv": [40, 25]}
				]
			},
			{
				"name": "bone117",
				"parent": "bone62",
				"pivot": [0, 5, 0.25],
				"rotation": [0, -330, 0]
			},
			{
				"name": "bone118",
				"parent": "bone117",
				"pivot": [0, 5, 5.52792],
				"rotation": [23, 0, 0]
			},
			{
				"name": "bone119",
				"parent": "bone118",
				"pivot": [0, 5, 5.52792],
				"rotation": [0, -45, 0],
				"cubes": [
					{"origin": [-1, 8, 4.52792], "size": [2, 6, 2], "uv": [0, 58]}
				]
			},
			{
				"name": "legLeft",
				"pivot": [1.75, 9, 0],
				"cubes": [
					{"origin": [0.249, 1, -1.5], "size": [3, 8, 3], "uv": [0, 25], "mirror": true},
					{"origin": [0.249, 0, 0.5], "size": [3, 1, 1], "uv": [0, 86], "mirror": true},
					{"origin": [0.249, 0, -1.75], "size": [3, 1, 2], "uv": [16, 60], "mirror": true}
				]
			},
			{
				"name": "legRight",
				"pivot": [-1.75, 9, 0],
				"cubes": [
					{"origin": [-3.249, 1, -1.5], "size": [3, 8, 3], "uv": [0, 25]},
					{"origin": [-3.249, 0, 0.5], "size": [3, 1, 1], "uv": [0, 86]},
					{"origin": [-3.249, 0, -1.75], "size": [3, 1, 2], "uv": [16, 60]}
				]
			}
		]
	}
}