{
   "pack_name": "{pack.honkai_impact_3_chair.name}",
   "author": ["Vic"],
   "description": ["{pack.honkai_impact_3_chair.desc}"],
   "version": "1.0.0",
   "date": "2020-10-04",
   "icon": "honkai_impact_3:textures/icon.png",
   "model_list": [
	{
       "model_id": "honkai_impact_3:tai_tan",
       "model": "honkai_impact_3:models/entity/chair/tt_cm.json",
       "texture": "honkai_impact_3:textures/entity/chair/tt_01.png",
       "render_item_scale": 1,
       "mounted_height": 16,
       "tameable_can_ride": true,
       "name": "{chair.tt01.name}",
       "description": ["{chair.tt01.desc}"]
    },
	{
       "model_id": "honkai_impact_3:old_tai_tan",
       "model": "honkai_impact_3:models/entity/chair/tt_cm.json",
       "texture": "honkai_impact_3:textures/entity/chair/tt_02.png",
       "render_item_scale": 1,
       "mounted_height": 16,
       "tameable_can_ride": true,
       "name": "{chair.tt02.name}",
       "description": ["{chair.tt01.desc}"]
    },
	{
       "model_id": "honkai_impact_3:vic_tai_tan",
       "model": "honkai_impact_3:models/entity/chair/tt_cm.json",
       "texture": "honkai_impact_3:textures/entity/chair/tt_03.png",
       "render_item_scale": 1,
       "mounted_height": 16,
       "tameable_can_ride": true,
       "name": "{chair.tt03.name}",
       "description": ["{chair.tt03.desc}"]
    },
	{
       "model_id": "honkai_impact_3:crazy_tai_tan",
       "model": "honkai_impact_3:models/entity/chair/tt_cm.json",
       "texture": "honkai_impact_3:textures/entity/chair/tt_04.png",
       "render_item_scale": 1,
       "mounted_height": 16,
       "tameable_can_ride": true,
       "name": "{chair.tt04.name}",
       "description": ["{chair.tt03.desc}"]
    },
	{
       "model_id": "honkai_impact_3:sky_tai_tan",
       "model": "honkai_impact_3:models/entity/chair/tt_cm.json",
       "texture": "honkai_impact_3:textures/entity/chair/tt_05.png",
       "render_item_scale": 1,
       "mounted_height": 16,
       "tameable_can_ride": true,
       "name": "{chair.tt05.name}",
       "description": ["{chair.tt03.desc}"]
    },
	{
       "model_id": "honkai_impact_3:block_tai_tan",
       "model": "honkai_impact_3:models/entity/chair/tt_cm.json",
       "texture": "honkai_impact_3:textures/entity/chair/tt_06.png",
       "render_item_scale": 1,
       "mounted_height": 16,
       "tameable_can_ride": true,
       "name": "{chair.tt06.name}",
       "description": ["{chair.tt03.desc}"]
    }
  ]
}
