{
	"format_version": "1.10.0",
	"geometry.model": {
		"texturewidth": 64,
		"textureheight": 64,
		"visible_bounds_width": 2,
		"visible_bounds_height": 1,
		"visible_bounds_offset": [0, 0.5, 0],
		"bones": [
			{
				"name": "head",
				"pivot": [0, 12, 0]
			},
			{
				"name": "armLeft",
				"pivot": [5, 15, 0],
				"rotation": [-25, 0, 0]
			},
			{
				"name": "armLeftPositioningBone",
				"parent": "armLeft",
				"pivot": [5, 15, 0]
			},
			{
				"name": "armRight",
				"pivot": [-5, 15, 0],
				"rotation": [-25, 0, 0]
			},
			{
				"name": "armRightPositioningBone",
				"parent": "armRight",
				"pivot": [-5, 15, 0]
			},
			{
				"name": "body",
				"pivot": [0, 16, 0],
				"rotation": [0, 0, -180],
				"cubes": [
					{"origin": [-4, 12, -4], "size": [8, 8, 8], "uv": [0, 0]}
				]
			}
		]
	}
}