{
	"format_version": "1.10.0",
	"geometry.model": {
		"texturewidth": 96,
		"textureheight": 96,
		"visible_bounds_width": 2,
		"visible_bounds_height": 2,
		"visible_bounds_offset": [0, 0, 0],
		"bones": [
			{
				"name": "head",
				"pivot": [0, 18, 0],
				"cubes": [
					{"origin": [-4, 18, -4], "size": [8, 8, 8], "uv": [0, 0]},
					{"origin": [-1, 18.75, -4.05], "size": [2, 1, 0], "uv": [0, 0]}
				]
			},
			{
				"name": "bone2",
				"parent": "head",
				"pivot": [0, 18, 0],
				"cubes": [
					{"origin": [1, 26, -2], "size": [1, 1, 1], "uv": [0, 81]}
				]
			},
			{
				"name": "bone5",
				"parent": "bone2",
				"pivot": [2, 27.5, -1],
				"rotation": [-15, 45, 0],
				"cubes": [
					{"origin": [1.25, 27, -1], "size": [1, 1, 0], "uv": [22, 82]}
				]
			},
			{
				"name": "blink",
				"parent": "head",
				"pivot": [0, 18, 0],
				"cubes": [
					{"origin": [-4, 18, -4.001], "size": [8, 8, 0], "uv": [12, 50]}
				]
			},
			{
				"name": "bone16",
				"parent": "head",
				"pivot": [0, 18, 0.5]
			},
			{
				"name": "bone",
				"parent": "bone16",
				"pivot": [0, 18, 0.5]
			},
			{
				"name": "bone3",
				"parent": "bone",
				"pivot": [-2.5, 24, -4],
				"rotation": [0, 0, 25],
				"cubes": [
					{"origin": [-3, 22, -4.5], "size": [1, 4, 1], "uv": [92, 11]}
				]
			},
			{
				"name": "bone4",
				"parent": "bone",
				"pivot": [-1, 24, -4],
				"rotation": [0, 0, 10],
				"cubes": [
					{"origin": [-2.5, 23, -4.5], "size": [2, 3, 1], "uv": [90, 3]}
				]
			},
			{
				"name": "bone6",
				"parent": "bone",
				"pivot": [1.5, 24.5, -4],
				"rotation": [0, 0, -20],
				"cubes": [
					{"origin": [0, 24.5, -4.5], "size": [1, 2, 1], "uv": [92, 0]}
				]
			},
			{
				"name": "bone7",
				"parent": "bone",
				"pivot": [2.5, 24.25, -4],
				"rotation": [0, 0, -10],
				"cubes": [
					{"origin": [1, 23.25, -4.5], "size": [2, 3, 1], "uv": [90, 7]}
				]
			},
			{
				"name": "bone9",
				"parent": "bone",
				"pivot": [4.5, 24.25, -4],
				"rotation": [0, 0, -10],
				"cubes": [
					{"origin": [3, 22.25, -4.5], "size": [1, 4, 1], "uv": [92, 16]}
				]
			},
			{
				"name": "bone10",
				"parent": "bone",
				"pivot": [-2.5, 24, -4],
				"rotation": [0, 0, 10],
				"cubes": [
					{"origin": [-4, 22, -4.5], "size": [1, 4, 1], "uv": [92, 21]}
				]
			},
			{
				"name": "bone11",
				"parent": "bone",
				"pivot": [-2.5, 20, -4],
				"rotation": [0, 0, -5],
				"cubes": [
					{"origin": [-4.1179, 18.44116, -4.5], "size": [1, 4, 1], "uv": [92, 31]}
				]
			},
			{
				"name": "bone12",
				"parent": "bone",
				"pivot": [4.75, 20, -4],
				"rotation": [0, 0, 5],
				"cubes": [
					{"origin": [3.16521, 18.15078, -4.5], "size": [1, 4, 1], "uv": [92, 26]}
				]
			},
			{
				"name": "bone17",
				"parent": "bone16",
				"pivot": [0, 18, 0.5],
				"cubes": [
					{"origin": [-4.5, 20, -3.5], "size": [1, 3, 7], "uv": [74, 0]},
					{"origin": [3.5, 20, -3.5], "size": [1, 3, 7], "uv": [74, 10]},
					{"origin": [-3.5, 19, 3.5], "size": [7, 3, 1], "uv": [74, 20]}
				]
			},
			{
				"name": "armRight",
				"pivot": [-2, 17.5, 0],
				"rotation": [0, 0, 25],
				"cubes": [
					{"origin": [-4, 8.5, -1], "size": [2, 8, 2], "uv": [12, 62]},
					{"origin": [-4.516, 10.45825, -1.75], "size": [3, 3, 5], "uv": [16, 38]},
					{"origin": [-4.5, 13.45, -1.3], "size": [3, 2, 4], "uv": [50, 50]}
				]
			},
			{
				"name": "armLeft",
				"pivot": [2, 17.5, 0],
				"rotation": [0, 0, -25],
				"cubes": [
					{"origin": [1.5, 13.45, -1.3], "size": [3, 2, 4], "uv": [36, 50]},
					{"origin": [1.5193, 10.51884, -1.5], "size": [3, 3, 5], "uv": [0, 38]},
					{"origin": [2, 8.5, -1], "size": [2, 8, 2], "uv": [28, 50]}
				]
			},
			{
				"name": "body",
				"pivot": [0, 10.5, 0],
				"cubes": [
					{"origin": [-3, 13.999, -3], "size": [6, 4, 6], "uv": [26, 27]},
					{"origin": [-3.5, 10, -3.5], "size": [7, 4, 7], "uv": [0, 16]},
					{"origin": [-4, 8, -4], "size": [8, 2, 8], "uv": [32, 0]},
					{"origin": [-4.5, 7.05, -4.5], "size": [9, 1, 9], "uv": [60, 85]}
				]
			},
			{
				"name": "bone8",
				"parent": "body",
				"pivot": [0, 2, 1],
				"cubes": [
					{"origin": [-1, 13, -4], "size": [2, 1, 0], "uv": [4, 82]},
					{"origin": [-4, 12, -4], "size": [3, 1, 0], "uv": [26, 80]},
					{"origin": [-4, 12, -4], "size": [0, 1, 1], "uv": [12, 81]},
					{"origin": [-4, 13, -3], "size": [0, 1, 3], "uv": [42, 72]},
					{"origin": [1, 14, -4], "size": [2, 1, 0], "uv": [4, 81]},
					{"origin": [3.15, 16, -3.7], "size": [0, 1, 2], "uv": [26, 77]},
					{"origin": [3.15, 16, 1.3], "size": [0, 1, 2], "uv": [22, 77]},
					{"origin": [3.15, 17, -2.2], "size": [0, 1, 5], "uv": [20, 65]}
				]
			},
			{
				"name": "bone14",
				"parent": "bone8",
				"pivot": [-3.7, 13.5, 1.5],
				"rotation": [0, 10, 0],
				"cubes": [
					{"origin": [-3.7, 13, 0], "size": [0, 1, 3], "uv": [36, 72]}
				]
			},
			{
				"name": "bone13",
				"parent": "bone8",
				"pivot": [3.25, 15.5, -4],
				"rotation": [0, -45, 0],
				"cubes": [
					{"origin": [2.39645, 15, -3.64645], "size": [1, 1, 0], "uv": [22, 81]}
				]
			},
			{
				"name": "bone15",
				"parent": "bone8",
				"pivot": [-4.5, 11.75, -3],
				"rotation": [0, 0, 15],
				"cubes": [
					{"origin": [-5, 12, -3.5], "size": [1, 1, 1], "uv": [32, 77]},
					{"origin": [-5, 10, -4], "size": [1, 2, 2], "uv": [30, 72]}
				]
			},
			{
				"name": "legLeft",
				"pivot": [2, 9, 0],
				"cubes": [
					{"origin": [0.25, 0, -1.5], "size": [3, 9, 3], "uv": [0, 50]}
				]
			},
			{
				"name": "legRight",
				"pivot": [-2, 9, 0],
				"cubes": [
					{"origin": [-3.25, 0, -1.5], "size": [3, 9, 3], "uv": [36, 38]}
				]
			}
		]
	}
}