{
	"format_version": "1.10.0",
	"geometry.model": {
		"texturewidth": 144,
		"textureheight": 144,
		"visible_bounds_width": 4,
		"visible_bounds_height": 3,
		"visible_bounds_offset": [0, 0, 0],
		"bones": [
			{
				"name": "head",
				"pivot": [0, 18, 0],
				"cubes": [
					{"origin": [-4, 18, -4], "size": [8, 8, 8], "uv": [40, 22]},
					{"origin": [-1.23259, 22.25, -4.00452], "size": [2, 1, 0], "uv": [0, 0]}
				]
			},
			{
				"name": "bone14",
				"parent": "head",
				"pivot": [0, 18, 0]
			},
			{
				"name": "bone3",
				"parent": "bone14",
				"pivot": [-3.34561, 23.69933, -4.01544],
				"rotation": [0, 0, 15],
				"cubes": [
					{"origin": [-3.84561, 21.19933, -4.51544], "size": [1, 5, 1], "uv": [34, 129]}
				]
			},
			{
				"name": "bone2",
				"parent": "bone14",
				"pivot": [3.28587, 24.22131, -3.91552],
				"rotation": [-1, 0, -14],
				"cubes": [
					{"origin": [2.71954, 21.25377, -4.44754], "size": [1, 5, 1], "uv": [30, 129]}
				]
			},
			{
				"name": "bone9",
				"parent": "bone2",
				"pivot": [0.7664, 23.40974, -4.4275],
				"rotation": [-1, 0, 6]
			},
			{
				"name": "bone15",
				"parent": "head",
				"pivot": [-1.5003, 19, 0.2151],
				"cubes": [
					{"origin": [-4.5, 19, -4], "size": [1, 3, 8], "uv": [36, 91]},
					{"origin": [3.50004, 19, -3.99564], "size": [1, 3, 8], "uv": [18, 91]},
					{"origin": [-3.5, 19, 3.5], "size": [7, 3, 1], "uv": [12, 114]}
				]
			},
			{
				"name": "bone16",
				"parent": "head",
				"pivot": [0, 18, 0],
				"rotation": [0, 180, 0]
			},
			{
				"name": "bone13",
				"parent": "bone16",
				"pivot": [0, 18, 0],
				"cubes": [
					{"origin": [-1.75, 26, -0.75], "size": [2, 1, 1], "uv": [40, 129]}
				]
			},
			{
				"name": "bone7",
				"parent": "bone13",
				"pivot": [-2.25, 26.5, 2.25],
				"rotation": [10, -10, 0],
				"cubes": [
					{"origin": [-2.5038, 26.25754, 0.20725], "size": [1, 1, 4], "uv": [52, 119]}
				]
			},
			{
				"name": "bone8",
				"parent": "bone13",
				"pivot": [1.75, 26.75, 2.25],
				"rotation": [10, 10, 0],
				"cubes": [
					{"origin": [0.0624, 26.3662, -0.1983], "size": [1, 1, 5], "uv": [0, 119]}
				]
			},
			{
				"name": "bone4",
				"parent": "bone13",
				"pivot": [0, 26.5, -2],
				"rotation": [20, 0, 0],
				"cubes": [
					{"origin": [-1.5, 25.43969, -2.65798], "size": [3, 3, 2], "uv": [12, 129]}
				]
			},
			{
				"name": "bone5",
				"parent": "bone4",
				"pivot": [3.5, 27.1107, -2.12783],
				"rotation": [0, 20, 15],
				"cubes": [
					{"origin": [1.41362, 26.83762, -3.06827], "size": [4, 1, 2], "uv": [0, 129]}
				]
			},
			{
				"name": "bone6",
				"parent": "bone4",
				"pivot": [-3.5, 27.1107, -2.12783],
				"rotation": [0, -20, -10],
				"cubes": [
					{"origin": [-5.43242, 26.84206, -3.06143], "size": [4, 1, 2], "uv": [0, 129], "mirror": true}
				]
			},
			{
				"name": "blink",
				"parent": "head",
				"pivot": [0, 18, 0],
				"cubes": [
					{"origin": [-4, 18, -4.001], "size": [8, 8, 0], "uv": [72, 39]}
				]
			},
			{
				"name": "bone17",
				"parent": "head",
				"pivot": [1.2, 23.15, -4.25],
				"rotation": [-5, 0, -5],
				"cubes": [
					{"origin": [1.1981, 20.10659, -4.2462], "size": [1, 6, 0], "uv": [92, 44]}
				]
			},
			{
				"name": "armRight",
				"pivot": [-2, 17.5, 0],
				"rotation": [0, 0, 25],
				"cubes": [
					{"origin": [-4, 8.5, -1], "size": [2, 8, 2], "uv": [44, 119]},
					{"origin": [-4.5, 10.25, -1.5], "size": [3, 4, 5], "uv": [70, 91], "inflate": -0.25},
					{"origin": [-4.5, 13.45, -1.5], "size": [3, 3, 3], "uv": [24, 119], "inflate": -0.45}
				]
			},
			{
				"name": "armLeft",
				"pivot": [2, 17.5, 0],
				"rotation": [0, 0, -25],
				"cubes": [
					{"origin": [2, 8.5, -1], "size": [2, 8, 2], "uv": [36, 119]},
					{"origin": [1.5, 10.25, -1.5], "size": [3, 4, 5], "uv": [54, 91], "inflate": -0.25},
					{"origin": [1.5, 13.45, -1.5], "size": [3, 3, 3], "uv": [12, 119], "inflate": -0.45}
				]
			},
			{
				"name": "body",
				"pivot": [-0.7, 6.6998, 0.2],
				"cubes": [
					{"origin": [-3, 11.999, -3], "size": [6, 6, 6], "uv": [14, 66]},
					{"origin": [-3.5, 2.75, -3.5], "size": [7, 10, 7], "uv": [72, 22], "inflate": -0.25}
				]
			},
			{
				"name": "bone",
				"parent": "body",
				"pivot": [0, 15.53969, -2.98136],
				"rotation": [-45, 0, 0],
				"cubes": [
					{"origin": [-3, 14.57505, -4.01672], "size": [6, 2, 2], "uv": [28, 102], "inflate": -0.1}
				]
			},
			{
				"name": "bone10",
				"parent": "body",
				"pivot": [0, 12, 4],
				"rotation": [10, 0, 0],
				"cubes": [
					{"origin": [-4.5, 6.5, 4], "size": [9, 11, 0], "uv": [0, 91]}
				]
			},
			{
				"name": "bone11",
				"parent": "body",
				"pivot": [-4.5, 11, 1],
				"rotation": [-5, -160, 10],
				"cubes": [
					{"origin": [-4.82178, 0.50761, 0.00069], "size": [1, 17, 0], "uv": [46, 102]}
				]
			},
			{
				"name": "bone12",
				"parent": "body",
				"pivot": [3.67822, 9.00761, 2.00069],
				"rotation": [-5, 160, -10],
				"cubes": [
					{"origin": [2.2421, 0.45048, 2.34771], "size": [1, 17, 0], "uv": [44, 102]}
				]
			},
			{
				"name": "legLeft",
				"pivot": [2, 9, 0],
				"cubes": [
					{"origin": [0.249, 0, -1.5], "size": [3, 9, 3], "uv": [12, 102]}
				]
			},
			{
				"name": "legRight",
				"pivot": [-2, 9, 0],
				"cubes": [
					{"origin": [-3.249, 0, -1.5], "size": [3, 9, 3], "uv": [0, 102]}
				]
			},
			{
				"name": "chestPlate",
				"pivot": [0, 32, 11.92857],
				"rotation": [0, 0, 10],
				"cubes": [
					{"origin": [-5, 27, 6], "size": [10, 10, 12], "uv": [0, 0]},
					{"origin": [-4.5, 27.5, 18], "size": [9, 9, 1], "uv": [38, 66]},
					{"origin": [-4.5, 27.5, 5], "size": [9, 9, 1], "uv": [14, 78]},
					{"origin": [-6, 27.5, 6.25], "size": [1, 9, 11], "uv": [24, 39]},
					{"origin": [5, 27.5, 6.25], "size": [1, 9, 11], "uv": [0, 39]},
					{"origin": [-4.5, 37, 6.5], "size": [9, 1, 11], "uv": [0, 22]},
					{"origin": [-4.5, 26, 6.5], "size": [9, 1, 11], "uv": [44, 0]}
				]
			},
			{
				"name": "bone265",
				"parent": "chestPlate",
				"pivot": [-1.8321, 31.79597, 4.42857],
				"rotation": [0, 0, 10],
				"cubes": [
					{"origin": [-1.39241, 29.13799, 3.92857], "size": [1, 6, 1], "uv": [26, 129]}
				]
			},
			{
				"name": "bone266",
				"parent": "bone265",
				"pivot": [-0.01303, 31.82203, 4.42857],
				"cubes": [
					{"origin": [0.42667, 29.16405, 3.92857], "size": [1, 6, 1], "uv": [22, 129]}
				]
			},
			{
				"name": "leggings",
				"pivot": [14.32548, 19.62858, 1.03957],
				"rotation": [-10, 24, -10],
				"cubes": [
					{"origin": [10.92581, 8.26665, -0.3746], "size": [5, 23, 2], "uv": [0, 66]}
				]
			},
			{
				"name": "bootsLeft",
				"pivot": [-14.67452, 21.62858, 1.03957],
				"rotation": [-10, -24, 10],
				"cubes": [
					{"origin": [-16.06923, 8.29579, -0.14453], "size": [5, 25, 2], "uv": [48, 39]}
				]
			}
		]
	}
}