{
	"format_version": "1.10.0",
	"geometry.model": {
		"texturewidth": 80,
		"textureheight": 80,
		"visible_bounds_width": 2,
		"visible_bounds_height": 2,
		"visible_bounds_offset": [0, 0, 0],
		"bones": [
			{
				"name": "head",
				"pivot": [0, 18, 0],
				"cubes": [
					{"origin": [-4, 18, -4], "size": [8, 8, 8], "uv": [0, 0]},
					{"origin": [-0.75, 18.2, -4.005], "size": [1, 1, 0], "uv": [0, 0]}
				]
			},
			{
				"name": "bone7",
				"parent": "head",
				"pivot": [0, 0, 0],
				"cubes": [
					{"origin": [-3.25, 21.5, -4.5], "size": [4, 4, 1], "uv": [28, 64]},
					{"origin": [0.75, 22.5, -4.5], "size": [3, 3, 1], "uv": [28, 74]},
					{"origin": [-4.25, 21, -4.5], "size": [1, 4, 1], "uv": [28, 69]}
				]
			},
			{
				"name": "bone8",
				"parent": "bone7",
				"pivot": [0, 0, 0],
				"cubes": [
					{"origin": [-4.5, 19, -3.5], "size": [1, 3, 7], "uv": [64, 0]},
					{"origin": [3.5, 19, -3.5], "size": [1, 3, 7], "uv": [64, 10]},
					{"origin": [-3.5, 19, 3.5], "size": [7, 2, 1], "uv": [46, 8]}
				]
			},
			{
				"name": "bone",
				"parent": "head",
				"pivot": [0, 14.5, 4],
				"rotation": [10, 0, 0],
				"cubes": [
					{"origin": [-3, 11, 4], "size": [6, 7, 0], "uv": [44, 51]}
				]
			},
			{
				"name": "bone2",
				"parent": "head",
				"pivot": [0, 9.6, 5],
				"rotation": [15, 0, 0],
				"cubes": [
					{"origin": [-3, 6.1, 5], "size": [6, 5, 0], "uv": [44, 53]}
				]
			},
			{
				"name": "blink",
				"parent": "head",
				"pivot": [0, 18, 0],
				"cubes": [
					{"origin": [-4, 18, -4.001], "size": [8, 8, 0], "uv": [12, 39]}
				]
			},
			{
				"name": "armRight",
				"pivot": [-2, 17.5, 0],
				"rotation": [0, 0, 25],
				"cubes": [
					{"origin": [-4, 8.5, -1], "size": [2, 8, 2], "uv": [20, 59]},
					{"origin": [-4.5, 14.5, -1.5], "size": [3, 3, 3], "uv": [8, 59]},
					{"origin": [-4.58473, 10.55881, -1.5], "size": [3, 3, 3], "uv": [56, 51], "mirror": true}
				]
			},
			{
				"name": "armLeft",
				"pivot": [2, 17.5, 0],
				"rotation": [0, 0, -25],
				"cubes": [
					{"origin": [1.5, 12.5, -1.5], "size": [3, 5, 3], "uv": [16, 51]},
					{"origin": [2, 8.5, -1], "size": [2, 8, 2], "uv": [0, 59]},
					{"origin": [1.22243, 12.57333, 0.8], "size": [1, 0, 1], "uv": [76, 78]},
					{"origin": [1.75755, 10.57639, 0.8], "size": [0, 2, 1], "uv": [74, 77]}
				]
			},
			{
				"name": "bone3",
				"parent": "armLeft",
				"pivot": [1.3044, 11.7877, 1.3],
				"rotation": [0, 0, 30],
				"cubes": [
					{"origin": [1.31311, 9.68808, 0.8], "size": [0, 3, 1], "uv": [74, 76]}
				]
			},
			{
				"name": "body",
				"pivot": [0, 10.5, 0],
				"cubes": [
					{"origin": [-3, 12.999, -3], "size": [6, 5, 6], "uv": [26, 16]},
					{"origin": [3, 16.499, -3], "size": [2, 2, 8], "uv": [0, 27]},
					{"origin": [-3, 15.749, 3], "size": [6, 2, 2], "uv": [0, 51]},
					{"origin": [-5, 16.499, -3], "size": [2, 2, 8], "uv": [50, 16]},
					{"origin": [-3.5, 9, -3.25], "size": [7, 4, 6.5], "uv": [0, 16]},
					{"origin": [-3.5, 7.999, -2], "size": [7, 1, 4], "uv": [20, 27]},
					{"origin": [-4, 9.1, -3.5], "size": [8, 1, 7], "uv": [32, 0]},
					{"origin": [-1, 13.5, -4], "size": [1, 1, 1], "uv": [8, 69]},
					{"origin": [1, 14.5, -4], "size": [1, 1, 1], "uv": [4, 69]},
					{"origin": [-3, 12.5, -4], "size": [1, 1, 1], "uv": [0, 69]}
				]
			},
			{
				"name": "bone4",
				"parent": "body",
				"pivot": [0, 7.1245, 3.5],
				"rotation": [10, 0, 0],
				"cubes": [
					{"origin": [-4, 12.749, 6], "size": [8, 3, 0], "uv": [28, 51]}
				]
			},
			{
				"name": "bone5",
				"parent": "bone4",
				"pivot": [0, 11.21427, 6.19696],
				"rotation": [10, 0, 0],
				"cubes": [
					{"origin": [-5, 9.80824, 6.23116], "size": [10, 3, 0], "uv": [12, 47]}
				]
			},
			{
				"name": "bone6",
				"parent": "body",
				"pivot": [0, 15.7, -2.8],
				"rotation": [40, 0, 0],
				"cubes": [
					{"origin": [-2.5, 14.7, -3.8], "size": [5, 2, 2], "uv": [57, 75]}
				]
			},
			{
				"name": "legLeft",
				"pivot": [2, 9, 0],
				"cubes": [
					{"origin": [0.499, 0, -1.5], "size": [3, 9, 3], "uv": [0, 39]}
				]
			},
			{
				"name": "legRight",
				"pivot": [-2, 9, 0],
				"cubes": [
					{"origin": [-3.499, 0, -1.5], "size": [3, 9, 3], "uv": [42, 27]},
					{"origin": [-4, 1, -2], "size": [4, 3, 4], "uv": [32, 39]}
				]
			}
		]
	}
}