{
	"format_version": "1.10.0",
	"geometry.model": {
		"texturewidth": 80,
		"textureheight": 80,
		"visible_bounds_width": 3,
		"visible_bounds_height": 2,
		"visible_bounds_offset": [0, 0, 0],
		"bones": [
			{
				"name": "head",
				"pivot": [0, 18, 0],
				"cubes": [
					{"origin": [-4, 18, -4], "size": [8, 8, 8], "uv": [32, 0]},
					{"origin": [3.5, 19, -3.5], "size": [1, 3, 7], "uv": [64, 10]},
					{"origin": [-4.5, 19, -3.5], "size": [1, 3, 7], "uv": [64, 0], "mirror": true},
					{"origin": [-3, 22.25, -4.5], "size": [6, 4, 1], "uv": [0, 57]},
					{"origin": [-4.25, 20.25, -4.5], "size": [1, 5, 1], "uv": [0, 0]},
					{"origin": [3.25, 20.25, -4.5], "size": [1, 5, 1], "uv": [5, 0]}
				]
			},
			{
				"name": "bone",
				"parent": "head",
				"pivot": [0, 24, 5],
				"rotation": [10, 0, 0],
				"cubes": [
					{"origin": [-1, 25, 3], "size": [2, 2, 2], "uv": [32, 67]},
					{"origin": [-1, 21, 5], "size": [2, 7, 2], "uv": [38, 57]}
				]
			},
			{
				"name": "bone2",
				"parent": "bone",
				"pivot": [0, 17.5, 6],
				"rotation": [-10, 0, 0],
				"cubes": [
					{"origin": [-1, 14.12048, 4.37704], "size": [2, 7, 2], "uv": [30, 57]}
				]
			},
			{
				"name": "blink",
				"parent": "head",
				"pivot": [0, 18, 0],
				"cubes": [
					{"origin": [-4, 18, -4.001], "size": [8, 8, 0], "uv": [0, 49]}
				]
			},
			{
				"name": "armRight",
				"pivot": [-2, 17.5, 0],
				"rotation": [0, 0, 25],
				"cubes": [
					{"origin": [-4, 8.5, -1], "size": [2, 8, 2], "uv": [22, 57]},
					{"origin": [-4.5, 10.7, -1.5], "size": [3, 4, 4], "uv": [30, 49], "inflate": -0.2}
				]
			},
			{
				"name": "armLeft",
				"pivot": [2, 17.5, 0],
				"rotation": [0, 0, -25],
				"cubes": [
					{"origin": [1.5, 10.75, -1.5], "size": [3, 4, 4], "uv": [16, 49], "inflate": -0.2},
					{"origin": [1, 9.2, -1.5], "size": [4, 2, 5], "uv": [0, 37], "inflate": -0.2},
					{"origin": [2, 8.5, -1], "size": [2, 8, 2], "uv": [14, 57]}
				]
			},
			{
				"name": "sinFloat",
				"pivot": [-7.4375, 18.24913, 6.125],
				"cubes": [
					{"origin": [-11.5, 15.999, 4], "size": [6, 7, 6], "uv": [28, 16]},
					{"origin": [-12, 22.999, 3.5], "size": [7, 1, 7], "uv": [28, 29]},
					{"origin": [-12, 14.999, 3.5], "size": [7, 1, 7], "uv": [0, 29]},
					{"origin": [-11.5, 23.499, 4], "size": [6, 1, 6], "uv": [56, 29]},
					{"origin": [-10.5, 23.999, 5], "size": [4, 1, 4], "uv": [44, 49]},
					{"origin": [-9.5, 24.499, 6], "size": [2, 1, 2], "uv": [40, 67]},
					{"origin": [-9.5, 12.499, 6], "size": [2, 3, 2], "uv": [20, 68]},
					{"origin": [-8.9375, 15.99913, 6.625], "size": [1, 3, 1], "uv": [54, 57]},
					{"origin": [-8.9375, 18.59912, 7.125], "size": [1, 2, 0], "uv": [60, 58]}
				]
			},
			{
				"name": "sinFloat2",
				"parent": "sinFloat",
				"pivot": [-12.5, 15.249, 4.5],
				"rotation": [0, -45, 0],
				"cubes": [
					{"origin": [-13.85355, 14.749, 2.93934], "size": [2, 1, 1], "uv": [40, 70]}
				]
			},
			{
				"name": "body",
				"pivot": [0, 10.5, 0],
				"cubes": [
					{"origin": [-3.5, 8.499, -3], "size": [7, 10, 6], "uv": [54, 61], "inflate": -0.25}
				]
			},
			{
				"name": "bone3",
				"parent": "body",
				"pivot": [0, 15.499, -3.25],
				"rotation": [55, 0, 0],
				"cubes": [
					{"origin": [-3, 13.29189, -4.10355], "size": [6, 3, 3], "uv": [18, 37]}
				]
			},
			{
				"name": "sittingRotationSkirt",
				"parent": "body",
				"pivot": [0, 15.5, 0]
			},
			{
				"name": "bone4",
				"parent": "sittingRotationSkirt",
				"pivot": [0, 5, 0]
			},
			{
				"name": "bone5",
				"parent": "bone4",
				"pivot": [0, 5, 4.47051],
				"rotation": [10, 0, 0],
				"cubes": [
					{"origin": [-2.5, 3.42681, 4.25345], "size": [5, 10, 0], "uv": [22, 0]}
				]
			},
			{
				"name": "bone19",
				"parent": "bone5",
				"pivot": [-2.5, 4.65782, 4.47051],
				"rotation": [0, 0, 9.85108],
				"cubes": [
					{"origin": [-4.28939, 3.44496, 4.25245], "size": [2, 10, 0], "uv": [13, 70]}
				]
			},
			{
				"name": "bone20",
				"parent": "bone5",
				"pivot": [2.5, 4.65782, 4.47051],
				"rotation": [0, 0, -9.85108],
				"cubes": [
					{"origin": [2.28939, 3.44496, 4.25445], "size": [2, 10, 0], "uv": [13, 70]}
				]
			},
			{
				"name": "bone21",
				"parent": "sittingRotationSkirt",
				"pivot": [0, 5, 0],
				"rotation": [0, -90, 0]
			},
			{
				"name": "bone22",
				"parent": "bone21",
				"pivot": [0, 5, 4.47051],
				"rotation": [10, 0, 0],
				"cubes": [
					{"origin": [-2.5, 3.42681, 4.25345], "size": [5, 10, 0], "uv": [12, 0]}
				]
			},
			{
				"name": "bone23",
				"parent": "bone22",
				"pivot": [-2.5, 4.65782, 4.47051],
				"rotation": [0, 0, 9.85108],
				"cubes": [
					{"origin": [-4.28939, 3.44496, 4.25245], "size": [2, 10, 0], "uv": [76, 37]}
				]
			},
			{
				"name": "bone24",
				"parent": "bone22",
				"pivot": [2.5, 4.65782, 4.47051],
				"rotation": [0, 0, -9.85108],
				"cubes": [
					{"origin": [2.28939, 3.44496, 4.25445], "size": [2, 10, 0], "uv": [7, 70]}
				]
			},
			{
				"name": "bone25",
				"parent": "sittingRotationSkirt",
				"pivot": [0, 5, 0],
				"rotation": [0, -180, 0]
			},
			{
				"name": "bone26",
				"parent": "bone25",
				"pivot": [0, 5, 4.47051],
				"rotation": [10, 0, 0],
				"cubes": [
					{"origin": [-2.5, 3.42681, 4.25345], "size": [5, 10, 0], "uv": [22, 10]}
				]
			},
			{
				"name": "bone27",
				"parent": "bone26",
				"pivot": [-2.5, 4.65782, 4.47051],
				"rotation": [0, 0, 9.85108],
				"cubes": [
					{"origin": [-4.28939, 3.44496, 4.25245], "size": [2, 10, 0], "uv": [18, 10]}
				]
			},
			{
				"name": "bone28",
				"parent": "bone26",
				"pivot": [2.5, 4.65782, 4.47051],
				"rotation": [0, 0, -9.85108],
				"cubes": [
					{"origin": [2.28939, 3.44496, 4.25445], "size": [2, 10, 0], "uv": [0, 70]}
				]
			},
			{
				"name": "bone29",
				"parent": "sittingRotationSkirt",
				"pivot": [0, 5, 0],
				"rotation": [0, -270, 0]
			},
			{
				"name": "bone30",
				"parent": "bone29",
				"pivot": [0, 5, 4.47051],
				"rotation": [10, 0, 0],
				"cubes": [
					{"origin": [-2.5, 3.42681, 4.25345], "size": [5, 10, 0], "uv": [22, 0]}
				]
			},
			{
				"name": "bone31",
				"parent": "bone30",
				"pivot": [-2.5, 4.65782, 4.47051],
				"rotation": [0, 0, 9.85108],
				"cubes": [
					{"origin": [-4.28939, 3.44496, 4.25245], "size": [2, 10, 0], "uv": [13, 70]}
				]
			},
			{
				"name": "bone32",
				"parent": "bone30",
				"pivot": [2.5, 4.65782, 4.47051],
				"rotation": [0, 0, -9.85108],
				"cubes": [
					{"origin": [2.28939, 3.44496, 4.25445], "size": [2, 10, 0], "uv": [13, 70]}
				]
			},
			{
				"name": "legLeft",
				"pivot": [1.75, 9, 0],
				"cubes": [
					{"origin": [0.249, 0, -1.5], "size": [3, 9, 3], "uv": [48, 37]}
				]
			},
			{
				"name": "legRight",
				"pivot": [-1.75, 9, 0],
				"cubes": [
					{"origin": [-3.249, 0, -1.5], "size": [3, 9, 3], "uv": [36, 37]}
				]
			}
		]
	}
}