{
	"format_version": "1.10.0",
	"geometry.model": {
		"texturewidth": 128,
		"textureheight": 128,
		"visible_bounds_width": 3,
		"visible_bounds_height": 2,
		"visible_bounds_offset": [0, 0, 0],
		"bones": [
			{
				"name": "head",
				"pivot": [0, 18, 0],
				"cubes": [
					{"origin": [-4, 18, -4], "size": [8, 8, 8], "uv": [40, 0]}
				]
			},
			{
				"name": "bone80",
				"parent": "head",
				"pivot": [2.5, -2.75, 0.5],
				"cubes": [
					{"origin": [-3.5, 23.25, -4.5], "size": [3, 3, 1], "uv": [64, 78]},
					{"origin": [-0.5, 24.25, -4.5], "size": [3, 2, 1], "uv": [0, 82]},
					{"origin": [3.5, 19, -4.25], "size": [1, 5, 1], "uv": [32, 82]},
					{"origin": [3.5, 20.25, -3.25], "size": [1, 3, 7], "uv": [62, 16], "mirror": true},
					{"origin": [-4.5, 20, -4.25], "size": [1, 5, 1], "uv": [0, 88]},
					{"origin": [-4.5, 20.25, -3.25], "size": [1, 3, 7], "uv": [78, 16]},
					{"origin": [-3.5, 19, 3.5], "size": [7, 3, 1], "uv": [10, 49]}
				]
			},
			{
				"name": "blink",
				"parent": "head",
				"pivot": [0, 18, 0],
				"cubes": [
					{"origin": [-4, 18, -4.001], "size": [8, 8, 0], "uv": [40, 26]}
				]
			},
			{
				"name": "armRight",
				"pivot": [-3, 17.5, 0],
				"rotation": [0, 0, 25],
				"cubes": [
					{"origin": [-4.09369, 8.92262, -1], "size": [2, 8, 2], "uv": [8, 68]},
					{"origin": [-4.59369, 13.92262, -1.5], "size": [3, 4, 3], "uv": [26, 49], "inflate": -0.35}
				]
			},
			{
				"name": "bone18",
				"parent": "armRight",
				"pivot": [-0.1, -0.55, 0]
			},
			{
				"name": "bone19",
				"parent": "bone18",
				"pivot": [-3.1, 11.45, 0]
			},
			{
				"name": "bone20",
				"parent": "bone19",
				"pivot": [-3.1, 11.45, 2.41421],
				"rotation": [16, 0, 0]
			},
			{
				"name": "bone21",
				"parent": "bone20",
				"pivot": [-3.1, 11.45, 2.41421],
				"cubes": [
					{"origin": [-4.1, 11.45, 2.41421], "size": [2, 6, 0], "uv": [0, 94]}
				]
			},
			{
				"name": "bone22",
				"parent": "bone18",
				"pivot": [-3.1, 11.45, 0],
				"rotation": [0, -45, 0]
			},
			{
				"name": "bone23",
				"parent": "bone22",
				"pivot": [-3.1, 11.45, 2.41421],
				"rotation": [16, 0, 0]
			},
			{
				"name": "bone24",
				"parent": "bone23",
				"pivot": [-3.1, 11.45, 2.41421],
				"cubes": [
					{"origin": [-4.1, 11.45, 2.41421], "size": [2, 6, 0], "uv": [0, 94]}
				]
			},
			{
				"name": "bone25",
				"parent": "bone18",
				"pivot": [-3.1, 11.45, 0],
				"rotation": [0, -90, 0]
			},
			{
				"name": "bone26",
				"parent": "bone25",
				"pivot": [-3.1, 11.45, 2.41421],
				"rotation": [16, 0, 0]
			},
			{
				"name": "bone27",
				"parent": "bone26",
				"pivot": [-3.1, 11.45, 2.41421],
				"cubes": [
					{"origin": [-4.1, 11.45, 2.41421], "size": [2, 6, 0], "uv": [0, 94]}
				]
			},
			{
				"name": "bone28",
				"parent": "bone18",
				"pivot": [-3.1, 11.45, 0],
				"rotation": [0, -135, 0]
			},
			{
				"name": "bone29",
				"parent": "bone28",
				"pivot": [-3.1, 11.45, 2.41421],
				"rotation": [16, 0, 0]
			},
			{
				"name": "bone30",
				"parent": "bone29",
				"pivot": [-3.1, 11.45, 2.41421],
				"cubes": [
					{"origin": [-4.1, 11.45, 2.41421], "size": [2, 6, 0], "uv": [0, 94]}
				]
			},
			{
				"name": "bone31",
				"parent": "bone18",
				"pivot": [-3.1, 11.45, 0],
				"rotation": [0, -180, 0]
			},
			{
				"name": "bone32",
				"parent": "bone31",
				"pivot": [-3.1, 11.45, 2.41421],
				"rotation": [16, 0, 0]
			},
			{
				"name": "bone33",
				"parent": "bone32",
				"pivot": [-3.1, 11.45, 2.41421],
				"cubes": [
					{"origin": [-4.1, 11.45, 2.41421], "size": [2, 6, 0], "uv": [0, 94]}
				]
			},
			{
				"name": "bone34",
				"parent": "bone18",
				"pivot": [-3.1, 11.45, 0],
				"rotation": [0, -225, 0]
			},
			{
				"name": "bone35",
				"parent": "bone34",
				"pivot": [-3.1, 11.45, 2.41421],
				"rotation": [16, 0, 0]
			},
			{
				"name": "bone36",
				"parent": "bone35",
				"pivot": [-3.1, 11.45, 2.41421],
				"cubes": [
					{"origin": [-4.1, 11.45, 2.41421], "size": [2, 6, 0], "uv": [0, 94]}
				]
			},
			{
				"name": "bone37",
				"parent": "bone18",
				"pivot": [-3.1, 11.45, 0],
				"rotation": [0, -270, 0]
			},
			{
				"name": "bone38",
				"parent": "bone37",
				"pivot": [-3.1, 11.45, 2.41421],
				"rotation": [16, 0, 0]
			},
			{
				"name": "bone39",
				"parent": "bone38",
				"pivot": [-3.1, 11.45, 2.41421],
				"cubes": [
					{"origin": [-4.1, 11.45, 2.41421], "size": [2, 6, 0], "uv": [0, 94]}
				]
			},
			{
				"name": "bone40",
				"parent": "bone18",
				"pivot": [-3.1, 11.45, 0],
				"rotation": [0, -315, 0]
			},
			{
				"name": "bone41",
				"parent": "bone40",
				"pivot": [-3.1, 11.45, 2.41421],
				"rotation": [16, 0, 0]
			},
			{
				"name": "bone42",
				"parent": "bone41",
				"pivot": [-3.1, 11.45, 2.41421],
				"cubes": [
					{"origin": [-4.1, 11.45, 2.41421], "size": [2, 6, 0], "uv": [0, 94]}
				]
			},
			{
				"name": "armLeft",
				"pivot": [2, 17.5, 0],
				"rotation": [0, 0, -25],
				"cubes": [
					{"origin": [1.5, 13.5, -1.5], "size": [3, 4, 3], "uv": [26, 49], "inflate": -0.35},
					{"origin": [2, 8.5, -1], "size": [2, 8, 2], "uv": [0, 68]}
				]
			},
			{
				"name": "bone43",
				"parent": "armLeft",
				"pivot": [0, 0, 0]
			},
			{
				"name": "bone44",
				"parent": "bone43",
				"pivot": [3, 11, 0]
			},
			{
				"name": "bone45",
				"parent": "bone44",
				"pivot": [3, 11, 2.41421],
				"rotation": [16, 0, 0]
			},
			{
				"name": "bone46",
				"parent": "bone45",
				"pivot": [3, 11, 2.41421],
				"cubes": [
					{"origin": [2, 11, 2.41421], "size": [2, 6, 0], "uv": [0, 94]}
				]
			},
			{
				"name": "bone47",
				"parent": "bone43",
				"pivot": [3, 11, 0],
				"rotation": [0, -45, 0]
			},
			{
				"name": "bone48",
				"parent": "bone47",
				"pivot": [3, 11, 2.41421],
				"rotation": [16, 0, 0]
			},
			{
				"name": "bone49",
				"parent": "bone48",
				"pivot": [3, 11, 2.41421],
				"cubes": [
					{"origin": [2, 11, 2.41421], "size": [2, 6, 0], "uv": [0, 94]}
				]
			},
			{
				"name": "bone50",
				"parent": "bone43",
				"pivot": [3, 11, 0],
				"rotation": [0, -90, 0]
			},
			{
				"name": "bone51",
				"parent": "bone50",
				"pivot": [3, 11, 2.41421],
				"rotation": [16, 0, 0]
			},
			{
				"name": "bone52",
				"parent": "bone51",
				"pivot": [3, 11, 2.41421],
				"cubes": [
					{"origin": [2, 11, 2.41421], "size": [2, 6, 0], "uv": [0, 94]}
				]
			},
			{
				"name": "bone53",
				"parent": "bone43",
				"pivot": [3, 11, 0],
				"rotation": [0, -135, 0]
			},
			{
				"name": "bone54",
				"parent": "bone53",
				"pivot": [3, 11, 2.41421],
				"rotation": [16, 0, 0]
			},
			{
				"name": "bone55",
				"parent": "bone54",
				"pivot": [3, 11, 2.41421],
				"cubes": [
					{"origin": [2, 11, 2.41421], "size": [2, 6, 0], "uv": [0, 94]}
				]
			},
			{
				"name": "bone56",
				"parent": "bone43",
				"pivot": [3, 11, 0],
				"rotation": [0, -180, 0]
			},
			{
				"name": "bone57",
				"parent": "bone56",
				"pivot": [3, 11, 2.41421],
				"rotation": [16, 0, 0]
			},
			{
				"name": "bone58",
				"parent": "bone57",
				"pivot": [3, 11, 2.41421],
				"cubes": [
					{"origin": [2, 11, 2.41421], "size": [2, 6, 0], "uv": [0, 94]}
				]
			},
			{
				"name": "bone59",
				"parent": "bone43",
				"pivot": [3, 11, 0],
				"rotation": [0, -225, 0]
			},
			{
				"name": "bone60",
				"parent": "bone59",
				"pivot": [3, 11, 2.41421],
				"rotation": [16, 0, 0]
			},
			{
				"name": "bone61",
				"parent": "bone60",
				"pivot": [3, 11, 2.41421],
				"cubes": [
					{"origin": [2, 11, 2.41421], "size": [2, 6, 0], "uv": [0, 94]}
				]
			},
			{
				"name": "bone62",
				"parent": "bone43",
				"pivot": [3, 11, 0],
				"rotation": [0, -270, 0]
			},
			{
				"name": "bone63",
				"parent": "bone62",
				"pivot": [3, 11, 2.41421],
				"rotation": [16, 0, 0]
			},
			{
				"name": "bone64",
				"parent": "bone63",
				"pivot": [3, 11, 2.41421],
				"cubes": [
					{"origin": [2, 11, 2.41421], "size": [2, 6, 0], "uv": [0, 94]}
				]
			},
			{
				"name": "bone65",
				"parent": "bone43",
				"pivot": [3, 11, 0],
				"rotation": [0, -315, 0]
			},
			{
				"name": "bone66",
				"parent": "bone65",
				"pivot": [3, 11, 2.41421],
				"rotation": [16, 0, 0]
			},
			{
				"name": "bone67",
				"parent": "bone66",
				"pivot": [3, 11, 2.41421],
				"cubes": [
					{"origin": [2, 11, 2.41421], "size": [2, 6, 0], "uv": [0, 94]}
				]
			},
			{
				"name": "body",
				"pivot": [0, 10.5, 0],
				"cubes": [
					{"origin": [-3, 9.999, -3], "size": [6, 8, 6], "uv": [72, 0]},
					{"origin": [-1, 14.499, -4.07843], "size": [2, 2, 1], "uv": [110, 53], "inflate": -0.25},
					{"origin": [-0.35, 13.599, -4.07843], "size": [1, 2, 1], "uv": [115, 66], "inflate": -0.55},
					{"origin": [-0.75, 13.249, -4.07843], "size": [2, 2, 1], "uv": [110, 53], "inflate": -0.75},
					{"origin": [-3.75, 17.249, -3], "size": [1, 1, 6], "uv": [104, 0], "inflate": -0.25},
					{"origin": [-2.95, 17.249, 2.75], "size": [6, 1, 1], "uv": [100, 113], "inflate": -0.25},
					{"origin": [2.75, 17.249, -3], "size": [1, 1, 6], "uv": [104, 0], "inflate": -0.25},
					{"origin": [-3.5, 7.999, -2], "size": [7, 2, 4], "uv": [40, 16], "inflate": -0.1}
				]
			},
			{
				"name": "bone81",
				"parent": "body",
				"pivot": [-0.75, 15.749, -3.75],
				"rotation": [0, -90, 45],
				"cubes": [
					{"origin": [-0.2, 15.07222, -4.57322], "size": [0, 1, 4], "uv": [118, 25], "inflate": -0.25}
				]
			},
			{
				"name": "bone82",
				"parent": "body",
				"pivot": [2.25, 17.249, -3.75],
				"rotation": [0, -90, -45],
				"cubes": [
					{"origin": [2.8, 16.53687, -4.8], "size": [0, 1, 4], "uv": [118, 25], "inflate": -0.25}
				]
			},
			{
				"name": "bone83",
				"parent": "body",
				"pivot": [1, 17.749, -3.5],
				"rotation": [-5, -95, -60],
				"cubes": [
					{"origin": [0.79905, 16.50464, -0.15229], "size": [1, 1, 4], "uv": [119, 25], "inflate": -0.35}
				]
			},
			{
				"name": "bone84",
				"parent": "body",
				"pivot": [2.6, 17.349, -3.5],
				"rotation": [-5, -95, -95],
				"cubes": [
					{"origin": [2.34505, 19.70141, -1.08652], "size": [1, 1, 5], "uv": [119, 25], "inflate": -0.35}
				]
			},
			{
				"name": "bone",
				"parent": "body",
				"pivot": [0, 17.5, 0]
			},
			{
				"name": "bone2",
				"parent": "bone",
				"pivot": [0, 7, 0]
			},
			{
				"name": "bone3",
				"parent": "bone2",
				"pivot": [0, 7, 3.98481],
				"rotation": [10.15589, 0, 0],
				"cubes": [
					{"origin": [-3, 6.82635, 3.98481], "size": [6, 6, 0], "uv": [26, 60]}
				]
			},
			{
				"name": "bone4",
				"parent": "bone3",
				"pivot": [-3, 6.82635, 3.98481],
				"rotation": [0, 0, 10],
				"cubes": [
					{"origin": [-4, 6.82635, 3.98481], "size": [1, 6, 0], "uv": [0, 106]}
				]
			},
			{
				"name": "bone5",
				"parent": "bone3",
				"pivot": [3, 6.82635, 3.98481],
				"rotation": [0, 0, -10],
				"cubes": [
					{"origin": [3, 6.82635, 3.98481], "size": [1, 6, 0], "uv": [0, 106]}
				]
			},
			{
				"name": "bone6",
				"parent": "bone",
				"pivot": [0, 7, 0],
				"rotation": [0, -90, 0]
			},
			{
				"name": "bone7",
				"parent": "bone6",
				"pivot": [0, 7, 3.98481],
				"rotation": [10.15589, 0, 0],
				"cubes": [
					{"origin": [-3, 6.82635, 3.98481], "size": [6, 6, 0], "uv": [26, 60]}
				]
			},
			{
				"name": "bone8",
				"parent": "bone7",
				"pivot": [-3, 6.82635, 3.98481],
				"rotation": [0, 0, 10],
				"cubes": [
					{"origin": [-3.999, 6.82635, 3.98481], "size": [1, 6, 0], "uv": [0, 106]}
				]
			},
			{
				"name": "bone9",
				"parent": "bone7",
				"pivot": [3, 6.82635, 3.98481],
				"rotation": [0, 0, -10],
				"cubes": [
					{"origin": [2.999, 6.82635, 3.98481], "size": [1, 6, 0], "uv": [0, 106]}
				]
			},
			{
				"name": "bone10",
				"parent": "bone",
				"pivot": [0, 7, 0],
				"rotation": [0, -180, 0]
			},
			{
				"name": "bone11",
				"parent": "bone10",
				"pivot": [0, 7, 3.98481],
				"rotation": [10.15589, 0, 0],
				"cubes": [
					{"origin": [-3, 6.82635, 3.98481], "size": [6, 6, 0], "uv": [26, 60]}
				]
			},
			{
				"name": "bone12",
				"parent": "bone11",
				"pivot": [-3, 6.82635, 3.98481],
				"rotation": [0, 0, 10],
				"cubes": [
					{"origin": [-4, 6.82635, 3.98481], "size": [1, 6, 0], "uv": [0, 106]}
				]
			},
			{
				"name": "bone13",
				"parent": "bone11",
				"pivot": [3, 6.82635, 3.98481],
				"rotation": [0, 0, -10],
				"cubes": [
					{"origin": [3, 6.82635, 3.98481], "size": [1, 6, 0], "uv": [0, 106]}
				]
			},
			{
				"name": "bone14",
				"parent": "bone",
				"pivot": [0, 7, 0],
				"rotation": [0, -270, 0]
			},
			{
				"name": "bone15",
				"parent": "bone14",
				"pivot": [0, 7, 3.98481],
				"rotation": [10.15589, 0, 0],
				"cubes": [
					{"origin": [-3, 6.82635, 3.98481], "size": [6, 6, 0], "uv": [26, 60]}
				]
			},
			{
				"name": "bone16",
				"parent": "bone15",
				"pivot": [-3, 6.82635, 3.98481],
				"rotation": [0, 0, 10],
				"cubes": [
					{"origin": [-3.999, 6.82635, 3.98481], "size": [1, 6, 0], "uv": [0, 106]}
				]
			},
			{
				"name": "bone17",
				"parent": "bone15",
				"pivot": [3, 6.82635, 3.98481],
				"rotation": [0, 0, -10],
				"cubes": [
					{"origin": [2.999, 6.82635, 3.98481], "size": [1, 6, 0], "uv": [0, 106]}
				]
			},
			{
				"name": "legLeft",
				"pivot": [2, 9, 0],
				"cubes": [
					{"origin": [0.399, 0, -1.5], "size": [3, 9, 3], "uv": [28, 26]}
				]
			},
			{
				"name": "legRight",
				"pivot": [-2, 9, 0],
				"cubes": [
					{"origin": [-3.399, 0, -1.5], "size": [3, 9, 3], "uv": [28, 26], "mirror": true}
				]
			},
			{
				"name": "bone70",
				"pivot": [0, 0, 0]
			},
			{
				"name": "bone68",
				"parent": "bone70",
				"pivot": [0, 0, 0],
				"cubes": [
					{"origin": [-4.5, 11.5, -2], "size": [1, 7, 4], "uv": [0, 49], "inflate": -0.25},
					{"origin": [-4.5, 11, -0.5], "size": [1, 1, 1], "uv": [36, 116], "inflate": -0.25},
					{"origin": [-4.5, 9.5, -0.5], "size": [1, 1, 1], "uv": [28, 116], "inflate": -0.35},
					{"origin": [-4.5, 8, -0.5], "size": [1, 1, 1], "uv": [20, 116], "inflate": -0.35},
					{"origin": [-4.5, 3.5, -0.5], "size": [1, 5, 1], "uv": [8, 88], "inflate": -0.25},
					{"origin": [-4.5, 10.25, -0.5], "size": [1, 1, 1], "uv": [32, 116]},
					{"origin": [-4.5, 8.75, -0.5], "size": [1, 1, 1], "uv": [24, 116]}
				]
			},
			{
				"name": "bone69",
				"parent": "bone70",
				"pivot": [4, 10.14286, 0],
				"cubes": [
					{"origin": [3.5, 11.5, -2], "size": [1, 7, 4], "uv": [0, 49], "inflate": -0.25, "mirror": true},
					{"origin": [3.5, 11, -0.5], "size": [1, 1, 1], "uv": [16, 116], "inflate": -0.25},
					{"origin": [3.5, 9.5, -0.5], "size": [1, 1, 1], "uv": [12, 116], "inflate": -0.35},
					{"origin": [3.5, 8, -0.5], "size": [1, 1, 1], "uv": [8, 116], "inflate": -0.35},
					{"origin": [3.5, 3.5, -0.5], "size": [1, 5, 1], "uv": [4, 88], "inflate": -0.25},
					{"origin": [3.5, 10.25, -0.5], "size": [1, 1, 1], "uv": [4, 116]},
					{"origin": [3.5, 8.75, -0.5], "size": [1, 1, 1], "uv": [0, 116]}
				]
			},
			{
				"name": "bone71",
				"parent": "bone70",
				"pivot": [0, 13, -3.5],
				"rotation": [-5, 0, 0],
				"cubes": [
					{"origin": [-3.5, 8.5, -3.5], "size": [7, 9, 0], "uv": [56, 26]}
				]
			},
			{
				"name": "bone72",
				"parent": "bone71",
				"pivot": [-3.6, 11.02179, -2.25095],
				"rotation": [0, 65, 0],
				"cubes": [
					{"origin": [-5.31131, 10.52179, -2.70411], "size": [3, 1, 0], "uv": [16, 108]},
					{"origin": [-5.379, 8.52068, -2.67254], "size": [3, 1, 0], "uv": [16, 108]}
				]
			},
			{
				"name": "bone73",
				"parent": "bone71",
				"pivot": [3.5, 11, -2.5],
				"rotation": [0, -65, 0],
				"cubes": [
					{"origin": [2.46131, 10.5, -2.95315], "size": [3, 1, 0], "uv": [16, 108]},
					{"origin": [2.529, 8.4989, -2.92159], "size": [3, 1, 0], "uv": [16, 108]}
				]
			},
			{
				"name": "bone74",
				"pivot": [-0.35, 0, 0],
				"cubes": [
					{"origin": [-4.66131, 6.52179, -1.95411], "size": [0, 4, 1], "uv": [10, 106]},
					{"origin": [-4.66131, 1.02179, -1.95411], "size": [0, 3, 1], "uv": [30, 112]},
					{"origin": [-4.66131, 4.27179, -2.45411], "size": [0, 2, 2], "uv": [32, 100], "inflate": 0.25},
					{"origin": [-5.16131, 4.77179, -1.95411], "size": [1, 1, 1], "uv": [32, 112], "inflate": 0.15}
				]
			},
			{
				"name": "bone75",
				"pivot": [4.68869, 5.39679, -1.45411],
				"cubes": [
					{"origin": [4.68869, 6.52179, -1.95411], "size": [0, 4, 1], "uv": [8, 106]},
					{"origin": [4.68869, 1.02179, -1.95411], "size": [0, 3, 1], "uv": [28, 112]},
					{"origin": [4.68869, 4.27179, -2.45411], "size": [0, 2, 2], "uv": [32, 100], "inflate": 0.25, "mirror": true},
					{"origin": [4.18869, 4.77179, -1.95411], "size": [1, 1, 1], "uv": [32, 112], "inflate": 0.15, "mirror": true}
				]
			},
			{
				"name": "bone76",
				"pivot": [0, 0, 0]
			},
			{
				"name": "bone77",
				"parent": "bone76",
				"pivot": [-6.5, 19.5, 7.5],
				"cubes": [
					{"origin": [-8.5, 22, 5.5], "size": [4, 1, 4], "uv": [16, 43]},
					{"origin": [-4.5, 21.5, 6], "size": [1, 1, 3], "uv": [56, 78]},
					{"origin": [-4.5, 16.5, 6], "size": [1, 1, 3], "uv": [48, 78]},
					{"origin": [-9.5, 16.5, 6], "size": [1, 1, 3], "uv": [40, 78]},
					{"origin": [-9.5, 21.5, 6], "size": [1, 1, 3], "uv": [32, 78]},
					{"origin": [-8.5, 16, 5.5], "size": [4, 1, 4], "uv": [16, 38]},
					{"origin": [-9, 17, 5], "size": [5, 5, 5], "uv": [20, 16]},
					{"origin": [-8, 16.5, 9.5], "size": [3, 1, 1], "uv": [24, 82]},
					{"origin": [-8, 16.5, 4.5], "size": [3, 1, 1], "uv": [16, 86]},
					{"origin": [-8, 21.5, 4.5], "size": [3, 1, 1], "uv": [16, 84]},
					{"origin": [-8, 21.5, 9.5], "size": [3, 1, 1], "uv": [16, 82]},
					{"origin": [-8.5, 17.5, 10], "size": [4, 4, 1], "uv": [26, 68]},
					{"origin": [-8.5, 17.5, 4], "size": [4, 4, 1], "uv": [26, 73]},
					{"origin": [-9.5, 18, 4.5], "size": [1, 3, 1], "uv": [24, 100]},
					{"origin": [-4.5, 18, 4.5], "size": [1, 3, 1], "uv": [20, 100]},
					{"origin": [-4.5, 18, 9.5], "size": [1, 3, 1], "uv": [16, 100]},
					{"origin": [-9.5, 18, 9.5], "size": [1, 3, 1], "uv": [12, 100]},
					{"origin": [-4, 17.5, 5.5], "size": [1, 4, 4], "uv": [10, 60]},
					{"origin": [-10, 17.5, 5.5], "size": [1, 4, 4], "uv": [0, 60]}
				]
			},
			{
				"name": "bone78",
				"parent": "bone76",
				"pivot": [7.5, 14.5, 8.5],
				"rotation": [0, 20, 35],
				"cubes": [
					{"origin": [5.5, 17, 6.5], "size": [4, 1, 4], "uv": [0, 43]},
					{"origin": [9.5, 16.5, 7], "size": [1, 1, 3], "uv": [24, 78]},
					{"origin": [9.5, 11.5, 7], "size": [1, 1, 3], "uv": [16, 78]},
					{"origin": [4.5, 11.5, 7], "size": [1, 1, 3], "uv": [8, 78]},
					{"origin": [4.5, 16.5, 7], "size": [1, 1, 3], "uv": [0, 78]},
					{"origin": [5.5, 11, 6.5], "size": [4, 1, 4], "uv": [0, 38]},
					{"origin": [5, 12, 6], "size": [5, 5, 5], "uv": [0, 16]},
					{"origin": [6, 11.5, 10.5], "size": [3, 1, 1], "uv": [8, 86]},
					{"origin": [6, 11.5, 5.5], "size": [3, 1, 1], "uv": [8, 84]},
					{"origin": [6, 16.5, 5.5], "size": [3, 1, 1], "uv": [8, 82]},
					{"origin": [6, 16.5, 10.5], "size": [3, 1, 1], "uv": [0, 85]},
					{"origin": [5.5, 12.5, 11], "size": [4, 4, 1], "uv": [16, 73]},
					{"origin": [5.5, 12.5, 5], "size": [4, 4, 1], "uv": [16, 68]},
					{"origin": [2.5, 14.5, 3.75], "size": [10, 0, 10], "uv": [0, 0]},
					{"origin": [4.5, 13, 5.5], "size": [1, 3, 1], "uv": [8, 100]},
					{"origin": [9.5, 13, 5.5], "size": [1, 3, 1], "uv": [4, 100]},
					{"origin": [9.5, 13, 10.5], "size": [1, 3, 1], "uv": [0, 100]},
					{"origin": [4.5, 13, 10.5], "size": [1, 3, 1], "uv": [42, 94]},
					{"origin": [10, 12.5, 6.5], "size": [1, 4, 4], "uv": [48, 49]},
					{"origin": [4, 12.5, 6.5], "size": [1, 4, 4], "uv": [38, 49]}
				]
			},
			{
				"name": "bone79",
				"parent": "bone76",
				"pivot": [0, -4, 6],
				"cubes": [
					{"origin": [-7.5, 13.5, -6], "size": [2, 2, 2], "uv": [36, 68]},
					{"origin": [-6, 14, -5.5], "size": [1, 1, 1], "uv": [24, 112]},
					{"origin": [-8, 14, -5.5], "size": [1, 1, 1], "uv": [20, 114]},
					{"origin": [-7, 14, -6.5], "size": [1, 1, 1], "uv": [20, 112]},
					{"origin": [-7, 13.2, -6.3], "size": [1, 1, 1], "uv": [12, 112], "inflate": -0.2},
					{"origin": [-7, 14.8, -6.3], "size": [1, 1, 1], "uv": [8, 112], "inflate": -0.2},
					{"origin": [-7.8, 14.8, -5.5], "size": [1, 1, 1], "uv": [4, 112], "inflate": -0.2},
					{"origin": [-7.8, 13.2, -5.5], "size": [1, 1, 1], "uv": [0, 112], "inflate": -0.2},
					{"origin": [-6.2, 13.2, -5.5], "size": [1, 1, 1], "uv": [26, 106], "inflate": -0.2},
					{"origin": [-6.2, 14.2, -6.3], "size": [1, 1, 1], "uv": [22, 110], "inflate": -0.2},
					{"origin": [-6.2, 14.2, -4.7], "size": [1, 1, 1], "uv": [22, 108], "inflate": -0.2},
					{"origin": [-7.8, 14.2, -4.7], "size": [1, 1, 1], "uv": [22, 106], "inflate": -0.2},
					{"origin": [-7.8, 14.2, -6.3], "size": [1, 1, 1], "uv": [16, 109], "inflate": -0.2},
					{"origin": [-6.2, 14.8, -5.5], "size": [1, 1, 1], "uv": [0, 114], "inflate": -0.2},
					{"origin": [-7, 13.2, -4.7], "size": [1, 1, 1], "uv": [8, 114], "inflate": -0.2},
					{"origin": [-7, 14.8, -4.7], "size": [1, 1, 1], "uv": [4, 114], "inflate": -0.2},
					{"origin": [-7, 14, -4.5], "size": [1, 1, 1], "uv": [16, 114]},
					{"origin": [-7, 15, -5.5], "size": [1, 1, 1], "uv": [16, 112]},
					{"origin": [-7, 13, -5.5], "size": [1, 1, 1], "uv": [12, 114]}
				]
			}
		]
	}
}