{
	"format_version": "1.10.0",
	"geometry.model": {
		"texturewidth": 112,
		"textureheight": 112,
		"visible_bounds_width": 13,
		"visible_bounds_height": 1,
		"visible_bounds_offset": [0, 0, 0],
		"bones": [
			{
				"name": "bone",
				"pivot": [92.25, 1, -4],
				"rotation": [-90, 0, 0]
			},
			{
				"name": "bone2",
				"parent": "bone",
				"pivot": [92.25, 1, -4],
				"cubes": [
					{"origin": [91.25, 1, -3.5], "size": [2, 8, 0], "uv": [4, 44], "inflate": -0.5}
				]
			},
			{
				"name": "bone3",
				"parent": "bone",
				"pivot": [92.25, 1, -4],
				"rotation": [0, -60, 0],
				"cubes": [
					{"origin": [91.25, 1, -3.5], "size": [2, 8, 0], "uv": [0, 44], "inflate": -0.5}
				]
			},
			{
				"name": "bone4",
				"parent": "bone",
				"pivot": [92.25, 1, -4],
				"rotation": [0, -120, 0],
				"cubes": [
					{"origin": [91.25, 1, -3.5], "size": [2, 8, 0], "uv": [36, 36], "inflate": -0.5}
				]
			},
			{
				"name": "bone5",
				"parent": "bone",
				"pivot": [92.25, 1, -4],
				"rotation": [0, -180, 0],
				"cubes": [
					{"origin": [91.25, 1, -3.5], "size": [2, 8, 0], "uv": [32, 36], "inflate": -0.5}
				]
			},
			{
				"name": "bone6",
				"parent": "bone",
				"pivot": [92.25, 1, -4],
				"rotation": [0, -240, 0],
				"cubes": [
					{"origin": [91.25, 1, -3.5], "size": [2, 8, 0], "uv": [28, 36], "inflate": -0.5}
				]
			},
			{
				"name": "bone7",
				"parent": "bone",
				"pivot": [92.25, 1, -4],
				"rotation": [0, -300, 0],
				"cubes": [
					{"origin": [91.25, 1, -3.5], "size": [2, 8, 0], "uv": [24, 36], "inflate": -0.5}
				]
			},
			{
				"name": "bone8",
				"pivot": [-92.75, 1, -4],
				"rotation": [-90, 0, 0]
			},
			{
				"name": "bone9",
				"parent": "bone8",
				"pivot": [-92.75, 1, -4],
				"cubes": [
					{"origin": [-93.75, 1, -3.5], "size": [2, 8, 0], "uv": [20, 36], "inflate": -0.5}
				]
			},
			{
				"name": "bone10",
				"parent": "bone8",
				"pivot": [-92.75, 1, -4],
				"rotation": [0, -60, 0],
				"cubes": [
					{"origin": [-93.75, 1, -3.5], "size": [2, 8, 0], "uv": [16, 36], "inflate": -0.5}
				]
			},
			{
				"name": "bone11",
				"parent": "bone8",
				"pivot": [-92.75, 1, -4],
				"rotation": [0, -120, 0],
				"cubes": [
					{"origin": [-93.75, 1, -3.5], "size": [2, 8, 0], "uv": [12, 36], "inflate": -0.5}
				]
			},
			{
				"name": "bone12",
				"parent": "bone8",
				"pivot": [-92.75, 1, -4],
				"rotation": [0, -180, 0],
				"cubes": [
					{"origin": [-93.75, 1, -3.5], "size": [2, 8, 0], "uv": [8, 36], "inflate": -0.5}
				]
			},
			{
				"name": "bone13",
				"parent": "bone8",
				"pivot": [-92.75, 1, -4],
				"rotation": [0, -240, 0],
				"cubes": [
					{"origin": [-93.75, 1, -3.5], "size": [2, 8, 0], "uv": [4, 36], "inflate": -0.5}
				]
			},
			{
				"name": "bone14",
				"parent": "bone8",
				"pivot": [-92.75, 1, -4],
				"rotation": [0, -300, 0],
				"cubes": [
					{"origin": [-93.75, 1, -3.5], "size": [2, 8, 0], "uv": [0, 36], "inflate": -0.5}
				]
			},
			{
				"name": "bone15",
				"pivot": [0, 0, 0],
				"cubes": [
					{"origin": [-92.5, 0, -4], "size": [48, 1, 8], "uv": [0, 0], "inflate": -0.5},
					{"origin": [-45.5, 0, -4], "size": [48, 1, 8], "uv": [0, 9], "inflate": -0.5},
					{"origin": [1.5, 0, -4], "size": [48, 1, 8], "uv": [0, 18], "inflate": -0.5},
					{"origin": [48.5, 0, -4], "size": [48, 1, 8], "uv": [0, 27], "inflate": -0.5}
				]
			}
		]
	}
}