{
	"format_version": "1.10.0",
	"geometry.model": {
		"texturewidth": 64,
		"textureheight": 64,
		"visible_bounds_width": 2,
		"visible_bounds_height": 2,
		"visible_bounds_offset": [0, 0, 0],
		"bones": [
			{
				"name": "head",
				"pivot": [0, 18, 0],
				"cubes": [
					{"origin": [-4, 18, -4], "size": [8, 8, 8], "uv": [0, 0]},
					{"origin": [-1.35, 22.25, -4.6], "size": [3, 2, 1], "uv": [0, 0], "inflate": -0.5}
				]
			},
			{
				"name": "blink",
				"parent": "head",
				"pivot": [0, 18, 0],
				"cubes": [
					{"origin": [-4, 18, -4.001], "size": [8, 8, 0], "uv": [0, 28]}
				]
			},
			{
				"name": "bone6",
				"parent": "head",
				"pivot": [0, 18, 0]
			},
			{
				"name": "bone5",
				"parent": "bone6",
				"pivot": [0, 18, 0],
				"cubes": [
					{"origin": [-1.5, 26, 1.25], "size": [3, 2, 3], "uv": [0, 38]}
				]
			},
			{
				"name": "bone2",
				"parent": "bone5",
				"pivot": [-2.25, 27.5, 4.25],
				"rotation": [0, 20, 60],
				"cubes": [
					{"origin": [-4.75, 25.75, 4.9], "size": [5, 3, 0], "uv": [36, 38], "mirror": true}
				]
			},
			{
				"name": "bone",
				"parent": "bone5",
				"pivot": [2.5, 27.5, 4.25],
				"rotation": [0, -15, -65],
				"cubes": [
					{"origin": [0, 26, 4.75], "size": [5, 3, 0], "uv": [36, 38]}
				]
			},
			{
				"name": "bone4",
				"parent": "bone6",
				"pivot": [0, 0, 0.25],
				"cubes": [
					{"origin": [-4.25, 21.5, -4.5], "size": [2, 4, 1], "uv": [46, 43]},
					{"origin": [2.25, 21.5, -4.5], "size": [2, 4, 1], "uv": [46, 38], "mirror": true},
					{"origin": [-3, 24.5, -4.5001], "size": [6, 2, 1], "uv": [12, 38]}
				]
			},
			{
				"name": "armRight",
				"pivot": [-2, 17.5, 0],
				"rotation": [0, 0, 25],
				"cubes": [
					{"origin": [-4, 8.5, -1], "size": [2, 8, 2], "uv": [24, 28]}
				]
			},
			{
				"name": "armLeft",
				"pivot": [2, 17.5, 0],
				"rotation": [0, 0, -25],
				"cubes": [
					{"origin": [2, 8.5, -1], "size": [2, 8, 2], "uv": [16, 28]}
				]
			},
			{
				"name": "body",
				"pivot": [0, 10.5, 0],
				"cubes": [
					{"origin": [-3, 11.999, -3], "size": [6, 6, 6], "uv": [0, 16]},
					{"origin": [-3.5, 1.25, -3.5], "size": [7, 11, 7], "uv": [0, 43], "inflate": -0.25}
				]
			},
			{
				"name": "bone3",
				"parent": "body",
				"pivot": [0, 15.999, -3],
				"rotation": [-25, 0, 0],
				"cubes": [
					{"origin": [-3, 14.999, -3.5], "size": [6, 2, 1], "uv": [32, 28], "inflate": -0.1}
				]
			},
			{
				"name": "legLeft",
				"pivot": [2, 9, 0],
				"cubes": [
					{"origin": [0.249, 0, -1.5], "size": [3, 9, 3], "uv": [24, 16], "mirror": true}
				]
			},
			{
				"name": "legRight",
				"pivot": [-2, 9, 0],
				"cubes": [
					{"origin": [-3.249, 0, -1.5], "size": [3, 9, 3], "uv": [24, 16]}
				]
			}
		]
	}
}