{
	"format_version": "1.10.0",
	"geometry.model": {
		"texturewidth": 64,
		"textureheight": 64,
		"visible_bounds_width": 2,
		"visible_bounds_height": 2,
		"visible_bounds_offset": [0, 0, 0],
		"bones": [
			{
				"name": "head",
				"pivot": [0, 18, 0],
				"cubes": [
					{"origin": [-4, 21.75, -4.5], "size": [8, 4, 1], "uv": [16, 30], "inflate": -0.2},
					{"origin": [-4, 18, -4], "size": [8, 8, 8], "uv": [0, 0]},
					{"origin": [-2, 25.8, 0.55], "size": [4, 1, 4], "uv": [34, 30], "inflate": -0.2},
					{"origin": [-1.5, 21.75, -4.799], "size": [3, 2, 1], "uv": [35, 38], "inflate": -0.7}
				]
			},
			{
				"name": "bone",
				"parent": "head",
				"pivot": [0, 28, 3],
				"rotation": [-20, -65, 20],
				"cubes": [
					{"origin": [-1.42773, 26.00548, 1.51506], "size": [3, 3, 3], "uv": [0, 38], "inflate": -0.3}
				]
			},
			{
				"name": "blink",
				"parent": "head",
				"pivot": [0, 18, 0],
				"cubes": [
					{"origin": [-4, 18, -4.001], "size": [8, 8, 0], "uv": [0, 30]}
				]
			},
			{
				"name": "armRight",
				"pivot": [-2, 17.5, 0],
				"rotation": [0, 0, 25],
				"cubes": [
					{"origin": [-4, 8.5, -1], "size": [2, 8, 2], "uv": [20, 38]},
					{"origin": [-4.25, 13.5, -1.5], "size": [0, 2, 3], "uv": [4, 48]},
					{"origin": [-4.25, 13.5, 1.5], "size": [2, 2, 0], "uv": [10, 48]},
					{"origin": [-4.25, 13.5, -1.5], "size": [2, 2, 0], "uv": [4, 53]}
				]
			},
			{
				"name": "bone2",
				"parent": "armRight",
				"pivot": [-1.8992, 12.30065, 1.5],
				"rotation": [0, 0, -25],
				"cubes": [
					{"origin": [-2.8992, 8.30065, 1.498], "size": [2, 7, 0], "uv": [0, 48]},
					{"origin": [-2.8992, 6.30065, -1.498], "size": [2, 9, 0], "uv": [28, 38]}
				]
			},
			{
				"name": "armLeft",
				"pivot": [2, 17.5, 0],
				"rotation": [0, 0, -25],
				"cubes": [
					{"origin": [2, 8.5, -1], "size": [2, 8, 2], "uv": [20, 38]}
				]
			},
			{
				"name": "body",
				"pivot": [0, 10.5, 0],
				"cubes": [
					{"origin": [-3, 12.999, -3], "size": [6, 5, 6], "uv": [0, 18]},
					{"origin": [-3, 17.249, -3.3], "size": [1, 1, 1], "uv": [49, 19], "inflate": -0.25},
					{"origin": [2, 17.249, -3.3], "size": [1, 1, 1], "uv": [49, 19], "inflate": -0.25},
					{"origin": [-2, 16.749, -3.3], "size": [1, 1, 1], "uv": [49, 19], "inflate": -0.25},
					{"origin": [1, 16.749, -3.3], "size": [1, 1, 1], "uv": [49, 19], "inflate": -0.25},
					{"origin": [-1.15, 15.999, -3.3], "size": [1, 1, 1], "uv": [49, 19], "inflate": -0.25},
					{"origin": [0.1, 15.999, -3.3], "size": [1, 1, 1], "uv": [49, 19], "inflate": -0.25},
					{"origin": [0.1, 13.999, -3.3], "size": [1, 1, 1], "uv": [49, 19], "inflate": -0.25},
					{"origin": [-1.05, 14.999, -3.3], "size": [1, 1, 1], "uv": [49, 19], "inflate": -0.25},
					{"origin": [-0.05, 14.999, -3.3], "size": [1, 1, 1], "uv": [49, 19], "inflate": -0.25},
					{"origin": [-1.15, 13.999, -3.3], "size": [1, 1, 1], "uv": [49, 19], "inflate": -0.25},
					{"origin": [-2, 13.249, -3.3], "size": [1, 1, 1], "uv": [49, 19], "inflate": -0.25},
					{"origin": [1, 13.249, -3.3], "size": [1, 1, 1], "uv": [49, 19], "inflate": -0.25},
					{"origin": [-3, 12.749, -3.3], "size": [1, 1, 1], "uv": [49, 19], "inflate": -0.25},
					{"origin": [2, 12.749, -3.3], "size": [1, 1, 1], "uv": [49, 19], "inflate": -0.25},
					{"origin": [-3.5, 2.3, -3.5], "size": [7, 11, 7], "uv": [32, 0], "inflate": -0.2}
				]
			},
			{
				"name": "legLeft",
				"pivot": [2, 9, 0],
				"cubes": [
					{"origin": [0.249, 0, -1.5], "size": [3, 9, 3], "uv": [24, 18]}
				]
			},
			{
				"name": "legRight",
				"pivot": [-2, 9, 0],
				"cubes": [
					{"origin": [-3.249, 0, -1.5], "size": [3, 9, 3], "uv": [24, 18]}
				]
			}
		]
	}
}