{
	"format_version": "1.10.0",
	"geometry.model": {
		"texturewidth": 64,
		"textureheight": 64,
		"visible_bounds_width": 3,
		"visible_bounds_height": 2,
		"visible_bounds_offset": [0, 0, 0],
		"bones": [
			{
				"name": "head",
				"pivot": [0, 18, 0],
				"cubes": [
					{"origin": [-4, 18, -4], "size": [8, 8, 8], "uv": [0, 0]},
					{"origin": [-1, 26.05, 2.5], "size": [2, 1, 1], "uv": [12, 59], "inflate": 0.2},
					{"origin": [-1, 27.25, 2.8], "size": [2, 1, 1], "uv": [12, 59], "inflate": 0.1},
					{"origin": [-1, 28.05, 3.15], "size": [2, 1, 1], "uv": [12, 59]},
					{"origin": [3.25, 19, -3.9], "size": [1, 3, 4], "uv": [0, 52]},
					{"origin": [-4.25, 19, -3.9], "size": [1, 3, 4], "uv": [32, 42]},
					{"origin": [-1.9, 21.5, -5.1], "size": [4, 3, 1], "uv": [44, 34], "inflate": -1}
				]
			},
			{
				"name": "bone3",
				"parent": "head",
				"pivot": [-1.5, 27.4, 4.85],
				"rotation": [60, -15, 0],
				"cubes": [
					{"origin": [-2, 23.9, -0.65], "size": [1, 5, 8], "uv": [24, 17], "mirror": true}
				]
			},
			{
				"name": "bone4",
				"parent": "head",
				"pivot": [1.5, 27.4, 4.85],
				"rotation": [60, 15, 0],
				"cubes": [
					{"origin": [1, 23.9, -0.65], "size": [1, 5, 8], "uv": [24, 17]}
				]
			},
			{
				"name": "bone2",
				"parent": "head",
				"pivot": [-3, 23.5, -4.5],
				"rotation": [0, 0, 15],
				"cubes": [
					{"origin": [-3.74148, 20.9353, -4.5], "size": [1, 5, 1], "uv": [38, 52]}
				]
			},
			{
				"name": "bone",
				"parent": "head",
				"pivot": [2.75, 23, -4.5],
				"rotation": [0, 0, -20],
				"cubes": [
					{"origin": [2.48492, 19.91449, -4.5], "size": [1, 6, 1], "uv": [34, 52]}
				]
			},
			{
				"name": "blink",
				"parent": "head",
				"pivot": [0, 18, 0],
				"cubes": [
					{"origin": [-4, 18, -4.001], "size": [8, 8, 0], "uv": [0, 42]}
				]
			},
			{
				"name": "armRight",
				"pivot": [-2, 17.5, 0],
				"rotation": [0, 0, 25],
				"cubes": [
					{"origin": [-4, 8.5, -1], "size": [2, 8, 2], "uv": [24, 42]},
					{"origin": [-4.5, 11.25, -1.5], "size": [3, 6, 3], "uv": [22, 52], "inflate": -0.25}
				]
			},
			{
				"name": "armLeft",
				"pivot": [2, 17.5, 0],
				"rotation": [0, 0, -25],
				"cubes": [
					{"origin": [1.5, 16, -1.5], "size": [3, 1, 3], "uv": [22, 52], "inflate": -0.15},
					{"origin": [2, 8.5, -1], "size": [2, 8, 2], "uv": [24, 42]}
				]
			},
			{
				"name": "body",
				"pivot": [0, 10.5, 0],
				"cubes": [
					{"origin": [-3, 12.999, -3], "size": [6, 5, 6], "uv": [0, 17]},
					{"origin": [-3.5, 3.6, -3.5], "size": [7, 10, 7], "uv": [32, 0], "inflate": -0.25}
				]
			},
			{
				"name": "bone5",
				"parent": "body",
				"pivot": [0, 15.749, -2.75],
				"rotation": [55, 0, 0],
				"cubes": [
					{"origin": [-3, 13.78938, -4.70962], "size": [6, 3, 3], "uv": [0, 30], "inflate": -0.1},
					{"origin": [-0.5, 16.1, -3.64712], "size": [1, 1, 1], "uv": [0, 0], "inflate": -0.4}
				]
			},
			{
				"name": "legLeft",
				"pivot": [2, 9, 0],
				"cubes": [
					{"origin": [0.249, 0, -1.5], "size": [3, 9, 3], "uv": [18, 30]}
				]
			},
			{
				"name": "legRight",
				"pivot": [-2, 9, 0],
				"cubes": [
					{"origin": [-3.249, 0, -1.5], "size": [3, 9, 3], "uv": [18, 30]}
				]
			}
		]
	}
}