{
	"format_version": "1.10.0",
	"geometry.model": {
		"texturewidth": 144,
		"textureheight": 144,
		"visible_bounds_width": 3,
		"visible_bounds_height": 3,
		"visible_bounds_offset": [0, 0, 0],
		"bones": [
			{
				"name": "head",
				"pivot": [0, 18, 0],
				"cubes": [
					{"origin": [-4, 18, -4], "size": [8, 8, 8], "uv": [0, 0]},
					{"origin": [0.25, 17.9, -4.5], "size": [1, 1, 1], "uv": [140, 0], "inflate": -0.55}
				]
			},
			{
				"name": "bone2",
				"parent": "head",
				"pivot": [0, 27.6, 0.5],
				"rotation": [-15, 0, 0],
				"cubes": [
					{"origin": [0.75, 25.4353, -0.74148], "size": [4, 2, 1], "uv": [0, 141]},
					{"origin": [-4.75, 25.4353, -0.74148], "size": [4, 2, 1], "uv": [0, 141]}
				]
			},
			{
				"name": "bone71",
				"parent": "bone2",
				"pivot": [0, 26.75, -0.25],
				"rotation": [10, 0, 0],
				"cubes": [
					{"origin": [-1, 25.75, -0.75], "size": [2, 2, 1], "uv": [32, 125], "inflate": 0.25}
				]
			},
			{
				"name": "bone67",
				"parent": "bone2",
				"pivot": [3.75, 27.25, -0.25],
				"rotation": [0, -10, 5],
				"cubes": [
					{"origin": [1.28638, 26.31446, -0.01121], "size": [5, 2, 1], "uv": [132, 141], "inflate": 0.1}
				]
			},
			{
				"name": "bone68",
				"parent": "bone2",
				"pivot": [-3.75, 27.25, -0.25],
				"rotation": [0, 10, -5],
				"cubes": [
					{"origin": [-6.28638, 26.31446, -0.01121], "size": [5, 2, 1], "uv": [132, 141], "inflate": 0.1}
				]
			},
			{
				"name": "bone69",
				"parent": "bone2",
				"pivot": [-3.5, 28.75, 0],
				"rotation": [0, 0, 5],
				"cubes": [
					{"origin": [-5.98872, 27.62108, -0.98296], "size": [5, 2, 1], "uv": [132, 141], "inflate": -0.25}
				]
			},
			{
				"name": "bone70",
				"parent": "bone2",
				"pivot": [3.5, 28.75, 0],
				"rotation": [0, 0, -5],
				"cubes": [
					{"origin": [0.98872, 27.62108, -0.98296], "size": [5, 2, 1], "uv": [132, 141], "inflate": -0.25}
				]
			},
			{
				"name": "bone3",
				"parent": "head",
				"pivot": [-0.5, 0, 6.5],
				"cubes": [
					{"origin": [-3.5, 20.25, 2.25], "size": [7, 2, 2], "uv": [30, 45], "inflate": -0.1},
					{"origin": [-2, 10, 4], "size": [5, 1, 1], "uv": [44, 107]},
					{"origin": [-2.75, 11, 4.5], "size": [5, 3, 1], "uv": [22, 101]},
					{"origin": [-3.25, 14, 4.25], "size": [6, 2, 1], "uv": [8, 97]},
					{"origin": [-2.4, 16, 4], "size": [6, 2, 1], "uv": [8, 100]},
					{"origin": [-3.5, 17.5, 2.5], "size": [7, 3, 2], "uv": [12, 53]}
				]
			},
			{
				"name": "bone",
				"parent": "head",
				"pivot": [-3.5, -2.25, -7.5],
				"cubes": [
					{"origin": [-0.5, 22.25, -4.5], "size": [2, 3, 1], "uv": [10, 125]},
					{"origin": [2.25, 20.25, -4.25], "size": [2, 5, 1], "uv": [32, 113]},
					{"origin": [3.5, 19.25, -2.25], "size": [1, 3, 5], "uv": [8, 89], "mirror": true},
					{"origin": [-4.5, 19.25, -2.25], "size": [1, 3, 5], "uv": [8, 89], "mirror": true},
					{"origin": [-3.5, 22, -4.25], "size": [3, 3, 1], "uv": [38, 113]},
					{"origin": [-4.5, 19.75, -4.25], "size": [1, 5, 1], "uv": [6, 125]}
				]
			},
			{
				"name": "blink",
				"parent": "head",
				"pivot": [0, 18, 0],
				"cubes": [
					{"origin": [-4, 18, -4.001], "size": [8, 8, 0], "uv": [12, 45]}
				]
			},
			{
				"name": "armRight",
				"pivot": [-2, 17.5, 0],
				"rotation": [0, 0, 25],
				"cubes": [
					{"origin": [-4, 8.5, -1], "size": [2, 8, 2], "uv": [0, 97]}
				]
			},
			{
				"name": "5",
				"parent": "armRight",
				"pivot": [-5, 30.75, 0]
			},
			{
				"name": "bone6",
				"parent": "5",
				"pivot": [-3, 13.25, 0],
				"cubes": [
					{"origin": [-4, 8.25, 1.37638], "size": [2, 6, 0], "uv": [0, 119]}
				]
			},
			{
				"name": "bone7",
				"parent": "5",
				"pivot": [-3, 13.25, 0],
				"rotation": [0, -72, 0],
				"cubes": [
					{"origin": [-4, 8.25, 1.37638], "size": [2, 6, 0], "uv": [0, 119]}
				]
			},
			{
				"name": "bone8",
				"parent": "5",
				"pivot": [-3, 13.25, 0],
				"rotation": [0, -144, 0],
				"cubes": [
					{"origin": [-4, 8.25, 1.37638], "size": [2, 6, 0], "uv": [0, 119]}
				]
			},
			{
				"name": "bone9",
				"parent": "5",
				"pivot": [-3, 13.25, 0],
				"rotation": [0, -216, 0],
				"cubes": [
					{"origin": [-4, 8.25, 1.37638], "size": [2, 6, 0], "uv": [0, 119]}
				]
			},
			{
				"name": "bone10",
				"parent": "5",
				"pivot": [-3, 13.25, 0],
				"rotation": [0, -288, 0],
				"cubes": [
					{"origin": [-4, 8.25, 1.37638], "size": [2, 6, 0], "uv": [0, 119]}
				]
			},
			{
				"name": "bone15",
				"parent": "armRight",
				"pivot": [-5, 30.5, 0]
			},
			{
				"name": "bone16",
				"parent": "bone15",
				"pivot": [-3, 13, 0],
				"cubes": [
					{"origin": [-4, 8.5, 2.48205], "size": [2, 5, 1], "uv": [16, 113], "inflate": -0.25}
				]
			},
			{
				"name": "bone17",
				"parent": "bone15",
				"pivot": [-3, 13, 0],
				"rotation": [0, -60, 0],
				"cubes": [
					{"origin": [-4, 9, 1.23205], "size": [3, 5, 1], "uv": [36, 107]}
				]
			},
			{
				"name": "bone18",
				"parent": "bone15",
				"pivot": [-3, 13, 0],
				"rotation": [0, -120, 0],
				"cubes": [
					{"origin": [-4, 9, 1.73205], "size": [2, 5, 0], "uv": [28, 125]}
				]
			},
			{
				"name": "bone19",
				"parent": "bone15",
				"pivot": [-3, 13, 0],
				"rotation": [0, -180, 0],
				"cubes": [
					{"origin": [-4, 9.5, 1.73205], "size": [2, 4, 0], "uv": [4, 131]}
				]
			},
			{
				"name": "bone20",
				"parent": "bone15",
				"pivot": [-3, 13, 0],
				"rotation": [0, -240, 0],
				"cubes": [
					{"origin": [-4, 9, 1.73205], "size": [2, 5, 0], "uv": [20, 125], "mirror": true}
				]
			},
			{
				"name": "bone21",
				"parent": "bone15",
				"pivot": [-3, 13, 0],
				"rotation": [0, -300, 0],
				"cubes": [
					{"origin": [-5, 9, 1.23205], "size": [3, 5, 1], "uv": [28, 107]}
				]
			},
			{
				"name": "armLeft",
				"pivot": [2, 17.5, 0],
				"rotation": [0, 0, -25],
				"cubes": [
					{"origin": [2, 8.5, -1], "size": [2, 8, 2], "uv": [36, 84]}
				]
			},
			{
				"name": "2",
				"parent": "armLeft",
				"pivot": [5, 28.75, 0]
			},
			{
				"name": "bone5",
				"parent": "2",
				"pivot": [3, 11.25, 0],
				"cubes": [
					{"origin": [2, 8.25, 1.37638], "size": [2, 6, 0], "uv": [16, 119]}
				]
			},
			{
				"name": "bone11",
				"parent": "2",
				"pivot": [3, 11.25, 0],
				"rotation": [0, -72, 0],
				"cubes": [
					{"origin": [2, 8.25, 1.37638], "size": [2, 6, 0], "uv": [12, 119]}
				]
			},
			{
				"name": "bone12",
				"parent": "2",
				"pivot": [3, 11.25, 0],
				"rotation": [0, -144, 0],
				"cubes": [
					{"origin": [2, 8.25, 1.37638], "size": [2, 6, 0], "uv": [0, 119]}
				]
			},
			{
				"name": "bone13",
				"parent": "2",
				"pivot": [3, 11.25, 0],
				"rotation": [0, -216, 0],
				"cubes": [
					{"origin": [2, 8.25, 1.37638], "size": [2, 6, 0], "uv": [0, 119]}
				]
			},
			{
				"name": "bone14",
				"parent": "2",
				"pivot": [3, 11.25, 0],
				"rotation": [0, -288, 0],
				"cubes": [
					{"origin": [2, 8.25, 1.37638], "size": [2, 6, 0], "uv": [0, 119]}
				]
			},
			{
				"name": "bone22",
				"parent": "armLeft",
				"pivot": [5, 30.5, 0]
			},
			{
				"name": "bone23",
				"parent": "bone22",
				"pivot": [3, 13, 0],
				"cubes": [
					{"origin": [2, 8.5, 2.48205], "size": [2, 5, 1], "uv": [10, 113], "inflate": -0.25}
				]
			},
			{
				"name": "bone24",
				"parent": "bone22",
				"pivot": [3, 13, 0],
				"rotation": [0, -60, 0],
				"cubes": [
					{"origin": [2, 9, 1.23205], "size": [3, 5, 1], "uv": [20, 107]}
				]
			},
			{
				"name": "bone25",
				"parent": "bone22",
				"pivot": [3, 13, 0],
				"rotation": [0, -120, 0],
				"cubes": [
					{"origin": [2, 9, 1.73205], "size": [2, 5, 0], "uv": [20, 125]}
				]
			},
			{
				"name": "bone26",
				"parent": "bone22",
				"pivot": [3, 13, 0],
				"rotation": [0, -180, 0],
				"cubes": [
					{"origin": [2, 9.5, 1.73205], "size": [2, 4, 0], "uv": [0, 131]}
				]
			},
			{
				"name": "bone27",
				"parent": "bone22",
				"pivot": [3, 13, 0],
				"rotation": [0, -240, 0],
				"cubes": [
					{"origin": [2, 9, 1.73205], "size": [2, 5, 0], "uv": [16, 125]}
				]
			},
			{
				"name": "bone28",
				"parent": "bone22",
				"pivot": [3, 13, 0],
				"rotation": [0, -300, 0],
				"cubes": [
					{"origin": [1, 9, 1.23205], "size": [3, 5, 1], "uv": [12, 107]}
				]
			},
			{
				"name": "body",
				"pivot": [0, 10.5, 0],
				"cubes": [
					{"origin": [-3, 11.999, -3], "size": [6, 6, 6], "uv": [0, 16]},
					{"origin": [-3.5, 10, -3.5], "size": [7, 2, 7], "uv": [62, 0]},
					{"origin": [-4, 8.18, -3.5], "size": [8, 2, 7], "uv": [32, 0]},
					{"origin": [-4, 7.999, -2], "size": [8, 2, 4], "uv": [28, 16], "inflate": -0.25}
				]
			},
			{
				"name": "bone4",
				"parent": "body",
				"pivot": [0, 15.749, -3],
				"rotation": [-35, 0, 0],
				"cubes": [
					{"origin": [-3, 14.249, -4], "size": [6, 3, 2], "uv": [8, 84], "inflate": -0.1}
				]
			},
			{
				"name": "sinFloat",
				"parent": "body",
				"pivot": [5, 27.5, 5],
				"rotation": [0, 0, -180]
			},
			{
				"name": "bone29",
				"parent": "sinFloat",
				"pivot": [5, 17, 5]
			},
			{
				"name": "bone30",
				"parent": "bone29",
				"pivot": [5, 17, 10.27792],
				"rotation": [23, 0, 0]
			},
			{
				"name": "bone31",
				"parent": "bone30",
				"pivot": [5, 17, 10.27792],
				"rotation": [0, -45, 0],
				"cubes": [
					{"origin": [4, 17, 9.27792], "size": [2, 11, 2], "uv": [0, 58], "inflate": -5.25}
				]
			},
			{
				"name": "bone32",
				"parent": "sinFloat",
				"pivot": [5, 17, 5],
				"rotation": [0, -30, 0]
			},
			{
				"name": "bone33",
				"parent": "bone32",
				"pivot": [5, 17, 10.27792],
				"rotation": [23, 0, 0]
			},
			{
				"name": "bone34",
				"parent": "bone33",
				"pivot": [5, 17, 10.27792],
				"rotation": [0, -45, 0],
				"cubes": [
					{"origin": [4, 17, 9.27792], "size": [2, 11, 2], "uv": [0, 58], "inflate": -5.25}
				]
			},
			{
				"name": "bone35",
				"parent": "sinFloat",
				"pivot": [5, 17, 5],
				"rotation": [0, -60, 0]
			},
			{
				"name": "bone36",
				"parent": "bone35",
				"pivot": [5, 17, 10.27792],
				"rotation": [23, 0, 0]
			},
			{
				"name": "bone37",
				"parent": "bone36",
				"pivot": [5, 17, 10.27792],
				"rotation": [0, -45, 0],
				"cubes": [
					{"origin": [4, 17, 9.27792], "size": [2, 11, 2], "uv": [0, 58], "inflate": -5.25}
				]
			},
			{
				"name": "bone38",
				"parent": "sinFloat",
				"pivot": [5, 17, 5],
				"rotation": [0, -90, 0]
			},
			{
				"name": "bone39",
				"parent": "bone38",
				"pivot": [5, 17, 10.27792],
				"rotation": [23, 0, 0]
			},
			{
				"name": "bone40",
				"parent": "bone39",
				"pivot": [5, 17, 10.27792],
				"rotation": [0, -45, 0],
				"cubes": [
					{"origin": [4, 17, 9.27792], "size": [2, 11, 2], "uv": [0, 58], "inflate": -5.25}
				]
			},
			{
				"name": "bone41",
				"parent": "sinFloat",
				"pivot": [5, 17, 5],
				"rotation": [0, -120, 0]
			},
			{
				"name": "bone42",
				"parent": "bone41",
				"pivot": [5, 17, 10.27792],
				"rotation": [23, 0, 0]
			},
			{
				"name": "bone43",
				"parent": "bone42",
				"pivot": [5, 17, 10.27792],
				"rotation": [0, -45, 0],
				"cubes": [
					{"origin": [4, 17, 9.27792], "size": [2, 11, 2], "uv": [0, 58], "inflate": -5.25}
				]
			},
			{
				"name": "bone44",
				"parent": "sinFloat",
				"pivot": [5, 17, 5],
				"rotation": [0, -150, 0]
			},
			{
				"name": "bone45",
				"parent": "bone44",
				"pivot": [5, 17, 10.27792],
				"rotation": [23, 0, 0]
			},
			{
				"name": "bone46",
				"parent": "bone45",
				"pivot": [5, 17, 10.27792],
				"rotation": [0, -45, 0],
				"cubes": [
					{"origin": [4, 17, 9.27792], "size": [2, 11, 2], "uv": [0, 58], "inflate": -5.25}
				]
			},
			{
				"name": "bone47",
				"parent": "sinFloat",
				"pivot": [5, 17, 5],
				"rotation": [0, -180, 0]
			},
			{
				"name": "bone48",
				"parent": "bone47",
				"pivot": [5, 17, 10.27792],
				"rotation": [23, 0, 0]
			},
			{
				"name": "bone49",
				"parent": "bone48",
				"pivot": [5, 17, 10.27792],
				"rotation": [0, -45, 0],
				"cubes": [
					{"origin": [4, 17, 9.27792], "size": [2, 11, 2], "uv": [0, 58], "inflate": -5.25}
				]
			},
			{
				"name": "bone50",
				"parent": "sinFloat",
				"pivot": [5, 17, 5],
				"rotation": [0, -210, 0]
			},
			{
				"name": "bone51",
				"parent": "bone50",
				"pivot": [5, 17, 10.27792],
				"rotation": [23, 0, 0]
			},
			{
				"name": "bone52",
				"parent": "bone51",
				"pivot": [5, 17, 10.27792],
				"rotation": [0, -45, 0],
				"cubes": [
					{"origin": [4, 17, 9.27792], "size": [2, 11, 2], "uv": [0, 58], "inflate": -5.25}
				]
			},
			{
				"name": "bone53",
				"parent": "sinFloat",
				"pivot": [5, 17, 5],
				"rotation": [0, -240, 0]
			},
			{
				"name": "bone54",
				"parent": "bone53",
				"pivot": [5, 17, 10.27792],
				"rotation": [23, 0, 0]
			},
			{
				"name": "bone55",
				"parent": "bone54",
				"pivot": [5, 17, 10.27792],
				"rotation": [0, -45, 0],
				"cubes": [
					{"origin": [4, 17, 9.27792], "size": [2, 11, 2], "uv": [0, 58], "inflate": -5.25}
				]
			},
			{
				"name": "bone56",
				"parent": "sinFloat",
				"pivot": [5, 17, 5],
				"rotation": [0, -270, 0]
			},
			{
				"name": "bone57",
				"parent": "bone56",
				"pivot": [5, 17, 10.27792],
				"rotation": [23, 0, 0]
			},
			{
				"name": "bone58",
				"parent": "bone57",
				"pivot": [5, 17, 10.27792],
				"rotation": [0, -45, 0],
				"cubes": [
					{"origin": [4, 17, 9.27792], "size": [2, 11, 2], "uv": [0, 58], "inflate": -5.25}
				]
			},
			{
				"name": "bone59",
				"parent": "sinFloat",
				"pivot": [5, 17, 5],
				"rotation": [0, -300, 0]
			},
			{
				"name": "bone60",
				"parent": "bone59",
				"pivot": [5, 17, 10.27792],
				"rotation": [23, 0, 0]
			},
			{
				"name": "bone61",
				"parent": "bone60",
				"pivot": [5, 17, 10.27792],
				"rotation": [0, -45, 0],
				"cubes": [
					{"origin": [4, 17, 9.27792], "size": [2, 11, 2], "uv": [0, 58], "inflate": -5.25}
				]
			},
			{
				"name": "bone62",
				"parent": "sinFloat",
				"pivot": [5, 17, 5],
				"rotation": [0, -330, 0]
			},
			{
				"name": "bone63",
				"parent": "bone62",
				"pivot": [5, 17, 10.27792],
				"rotation": [23, 0, 0]
			},
			{
				"name": "bone64",
				"parent": "bone63",
				"pivot": [5, 17, 10.27792],
				"rotation": [0, -45, 0],
				"cubes": [
					{"origin": [4, 17, 9.27792], "size": [2, 11, 2], "uv": [0, 58], "inflate": -5.25}
				]
			},
			{
				"name": "233",
				"parent": "sinFloat",
				"pivot": [5, 27.5, 5],
				"cubes": [
					{"origin": [4.5, 35, 4.5], "size": [1, 1, 1], "uv": [8, 131]},
					{"origin": [4.5, 20.5, 4.5], "size": [1, 28, 1], "uv": [24, 16], "inflate": -0.25}
				]
			},
			{
				"name": "bone72",
				"parent": "233",
				"pivot": [5, 30, 5],
				"rotation": [0, 75, 0]
			},
			{
				"name": "bone66",
				"parent": "bone72",
				"pivot": [5, 35.5, 5],
				"rotation": [0, -50, 5],
				"cubes": [
					{"origin": [2.5, 35.25, 4.5], "size": [2, 1, 1], "uv": [38, 127]},
					{"origin": [5.5, 34.75, 4.5], "size": [2, 1, 1], "uv": [38, 129], "mirror": true}
				]
			},
			{
				"name": "bone65",
				"parent": "bone72",
				"pivot": [5, 35.5, 4.9],
				"rotation": [0, -50, -5],
				"cubes": [
					{"origin": [2.5, 34.75, 4.4], "size": [2, 1, 1], "uv": [38, 129]},
					{"origin": [5.5, 35.25, 4.4], "size": [2, 1, 1], "uv": [38, 127]}
				]
			},
			{
				"name": "legLeft",
				"pivot": [1.75, 9, 0],
				"cubes": [
					{"origin": [0.249, 0, -1.5], "size": [3, 9, 3], "uv": [28, 22], "mirror": true},
					{"origin": [0.249, 5, -1.5], "size": [3, 1, 3], "uv": [22, 97], "inflate": 0.25, "mirror": true}
				]
			},
			{
				"name": "legRight",
				"pivot": [-1.75, 9, 0],
				"cubes": [
					{"origin": [-3.249, 0, -1.5], "size": [3, 9, 3], "uv": [28, 22]},
					{"origin": [-3.249, 5, -1.5], "size": [3, 1, 3], "uv": [22, 97], "inflate": 0.25}
				]
			}
		]
	}
}