{
	"format_version": "1.10.0",
	"geometry.model": {
		"texturewidth": 288,
		"textureheight": 288,
		"visible_bounds_width": 7,
		"visible_bounds_height": 5,
		"visible_bounds_offset": [0, 0, 0],
		"bones": [
			{
				"name": "bone",
				"pivot": [0, 0, 0],
				"cubes": [
					{"origin": [8, 0, -17], "size": [3, 2, 5], "uv": [0, 223]},
					{"origin": [0, 0, -12], "size": [11, 3, 24], "uv": [0, 75]},
					{"origin": [0, 0, -14], "size": [8, 3, 2], "uv": [0, 217]},
					{"origin": [0, 3, -12], "size": [8, 7, 0], "uv": [92, 212]},
					{"origin": [0, 10, -13], "size": [9, 8, 1], "uv": [82, 201]},
					{"origin": [0, 10, 12], "size": [9, 8, 1], "uv": [62, 201]},
					{"origin": [0, 3, 12], "size": [8, 7, 0], "uv": [76, 212]},
					{"origin": [0, 0, 12], "size": [8, 3, 2], "uv": [0, 212]},
					{"origin": [8, 3, -12], "size": [1, 7, 24], "uv": [54, 147]},
					{"origin": [9, 3, -6], "size": [1, 7, 2], "uv": [18, 250]},
					{"origin": [9, 2, -13], "size": [1, 8, 1], "uv": [76, 250]},
					{"origin": [4, 2, -13], "size": [1, 8, 1], "uv": [68, 250]},
					{"origin": [4, 2, 12], "size": [1, 8, 1], "uv": [64, 250]},
					{"origin": [9, 10, -14], "size": [1, 8, 28], "uv": [70, 75]},
					{"origin": [9, 15, -46], "size": [2, 2, 32], "uv": [0, 41]},
					{"origin": [0, 15, -35], "size": [9, 2, 2], "uv": [102, 205]},
					{"origin": [0, 15, 33], "size": [9, 2, 2], "uv": [102, 201]},
					{"origin": [9, 15, 14], "size": [2, 2, 31], "uv": [68, 41]},
					{"origin": [9, 18, -15], "size": [2, 12, 2], "uv": [62, 223]},
					{"origin": [0, 19, -14], "size": [9, 11, 0], "uv": [44, 201]},
					{"origin": [0, 19, 14], "size": [9, 11, 0], "uv": [44, 201]},
					{"origin": [0, 30, -18], "size": [12, 5, 36], "uv": [0, 0]},
					{"origin": [11, 20, -13], "size": [0, 10, 26], "uv": [60, 111]},
					{"origin": [0, 35, -12], "size": [6, 6, 24], "uv": [0, 111]},
					{"origin": [7.5, 40, -10], "size": [0, 2, 20], "uv": [0, 178]},
					{"origin": [5, 35, 11], "size": [3, 7, 3], "uv": [52, 212]},
					{"origin": [5, 35, -14], "size": [3, 7, 3], "uv": [52, 212]},
					{"origin": [0, 42, -15], "size": [11, 3, 30], "uv": [96, 0]},
					{"origin": [6, 45, 10], "size": [2, 2, 2], "uv": [12, 267]},
					{"origin": [5.5, 45, 4], "size": [2, 2, 2], "uv": [4, 267]},
					{"origin": [6, 47, -13], "size": [3, 4, 3], "uv": [78, 241]},
					{"origin": [0, 51, -12], "size": [8, 4, 24], "uv": [128, 75]},
					{"origin": [0, 48, -11], "size": [6, 4, 0], "uv": [0, 254]},
					{"origin": [0, 48, 11], "size": [6, 4, 0], "uv": [0, 250], "mirror": true},
					{"origin": [0, 54, -6.5], "size": [6, 4, 13], "uv": [40, 178]},
					{"origin": [0, 58, -2], "size": [2, 3, 3], "uv": [56, 241]},
					{"origin": [6, 47, 10], "size": [3, 4, 3], "uv": [66, 241]},
					{"origin": [7, 47, -10], "size": [0, 4, 20], "uv": [104, 147]},
					{"origin": [6, 45, -12], "size": [2, 2, 2], "uv": [12, 267]},
					{"origin": [5.5, 45, -6], "size": [2, 2, 2], "uv": [4, 267]},
					{"origin": [10, 34, -18.5], "size": [4, 4, 4], "uv": [36, 212]},
					{"origin": [10, 34, 14.5], "size": [4, 4, 4], "uv": [20, 212]},
					{"origin": [12, 30.5, -8], "size": [1, 5, 16], "uv": [78, 178]},
					{"origin": [9, 18, 13], "size": [2, 12, 2], "uv": [54, 223]},
					{"origin": [9, 19, 15], "size": [2, 4, 2], "uv": [48, 250]},
					{"origin": [9, 26, 15], "size": [2, 4, 2], "uv": [24, 250]},
					{"origin": [9, 19, -17], "size": [2, 4, 2], "uv": [40, 250]},
					{"origin": [9, 26, -17], "size": [2, 4, 2], "uv": [40, 250]},
					{"origin": [10, 18, -13], "size": [1, 1, 26], "uv": [0, 147]},
					{"origin": [10, 10, -14], "size": [1, 1, 28], "uv": [112, 111]},
					{"origin": [10, 11, -9], "size": [1, 7, 1], "uv": [32, 267]},
					{"origin": [10, 11, -4], "size": [1, 7, 1], "uv": [24, 267]},
					{"origin": [10, 11, 3], "size": [1, 7, 1], "uv": [20, 267]},
					{"origin": [10, 11, 8], "size": [1, 7, 1], "uv": [28, 267]},
					{"origin": [9, 2, 12], "size": [1, 8, 1], "uv": [72, 250]},
					{"origin": [9, 3, 4], "size": [1, 7, 2], "uv": [12, 250]},
					{"origin": [7.75, 2, -15.75], "size": [3, 4, 3], "uv": [102, 241]},
					{"origin": [7.75, 2, 12.75], "size": [3, 4, 3], "uv": [90, 241]},
					{"origin": [8, 0, 12], "size": [3, 2, 5], "uv": [108, 212]},
					{"origin": [17.75, 25, -8], "size": [1, 16, 16], "uv": [185, 5], "inflate": -5.5}
				]
			},
			{
				"name": "bone2",
				"parent": "bone",
				"pivot": [11, 35, -6],
				"cubes": [
					{"origin": [10.5, 36, -7], "size": [1, 2, 2], "uv": [56, 267]},
					{"origin": [10.5, 38, -6.5], "size": [1, 1, 1], "uv": [40, 277]},
					{"origin": [10.5, 35, -6.5], "size": [1, 1, 1], "uv": [40, 275]}
				]
			},
			{
				"name": "bone6",
				"parent": "bone",
				"pivot": [11, 35, -10],
				"cubes": [
					{"origin": [10.5, 36, -11], "size": [1, 2, 2], "uv": [44, 267]},
					{"origin": [10.5, 38, -10.5], "size": [1, 1, 1], "uv": [24, 277]},
					{"origin": [10.5, 35, -10.5], "size": [1, 1, 1], "uv": [24, 275]}
				]
			},
			{
				"name": "bone3",
				"parent": "bone",
				"pivot": [11, 35, 6],
				"cubes": [
					{"origin": [10.5, 36, 5], "size": [1, 2, 2], "uv": [50, 271]},
					{"origin": [10.5, 38, 5.5], "size": [1, 1, 1], "uv": [36, 277]},
					{"origin": [10.5, 35, 5.5], "size": [1, 1, 1], "uv": [36, 275]}
				]
			},
			{
				"name": "bone5",
				"parent": "bone",
				"pivot": [11, 35, 10],
				"cubes": [
					{"origin": [10.5, 36, 9], "size": [1, 2, 2], "uv": [44, 271]},
					{"origin": [10.5, 38, 9.5], "size": [1, 1, 1], "uv": [28, 277]},
					{"origin": [10.5, 35, 9.5], "size": [1, 1, 1], "uv": [28, 275]}
				]
			},
			{
				"name": "bone4",
				"parent": "bone",
				"pivot": [11, 35, 0],
				"cubes": [
					{"origin": [10.5, 36, -1], "size": [1, 2, 2], "uv": [50, 267]},
					{"origin": [10.5, 38, -0.5], "size": [1, 1, 1], "uv": [32, 277]},
					{"origin": [10.5, 35, -0.5], "size": [1, 1, 1], "uv": [32, 275]}
				]
			},
			{
				"name": "bone7",
				"parent": "bone",
				"pivot": [0, 1, 0],
				"cubes": [
					{"origin": [15.25, 4.75, -20], "size": [1, 8, 1], "uv": [60, 250], "inflate": -0.2},
					{"origin": [16, 12.1, -19.25], "size": [1, 7, 1], "uv": [60, 259], "inflate": -0.2},
					{"origin": [16, 12.1, -20.75], "size": [1, 7, 1], "uv": [56, 259], "inflate": -0.2},
					{"origin": [14.5, 12.1, -20.75], "size": [1, 7, 1], "uv": [44, 259], "inflate": -0.2},
					{"origin": [14.5, 12.1, -19.25], "size": [1, 7, 1], "uv": [36, 259], "inflate": -0.2},
					{"origin": [14.5, 18.5, -19.25], "size": [1, 7, 1], "uv": [40, 259], "inflate": -0.4},
					{"origin": [14.5, 18.5, -20.75], "size": [1, 7, 1], "uv": [48, 259], "inflate": -0.4},
					{"origin": [14.5, 25, -20.75], "size": [1, 4, 1], "uv": [8, 275], "inflate": -0.2},
					{"origin": [14.5, 25, -19.25], "size": [1, 4, 1], "uv": [12, 275], "inflate": -0.2},
					{"origin": [16, 18.5, -20.75], "size": [1, 7, 1], "uv": [52, 259], "inflate": -0.4},
					{"origin": [16, 18.5, -19.25], "size": [1, 7, 1], "uv": [64, 259], "inflate": -0.4},
					{"origin": [15.25, 12.1, -20], "size": [1, 17, 1], "uv": [36, 223], "inflate": -0.4},
					{"origin": [16, 25, -20.75], "size": [1, 4, 1], "uv": [20, 275], "inflate": -0.2},
					{"origin": [16, 25, -19.25], "size": [1, 4, 1], "uv": [16, 275], "inflate": -0.2},
					{"origin": [13.75, 28.55, -21.5], "size": [4, 2, 4], "uv": [20, 229], "inflate": -0.2},
					{"origin": [14.25, 30.15, -21], "size": [3, 2, 3], "uv": [126, 241], "inflate": -0.2},
					{"origin": [14.75, 31.75, -20.5], "size": [2, 1, 2], "uv": [36, 270], "inflate": -0.2},
					{"origin": [15.25, 32.25, -20], "size": [1, 7, 1], "uv": [0, 267], "inflate": -0.2}
				]
			},
			{
				"name": "bone8",
				"parent": "bone",
				"pivot": [16, 23.13611, 19.75],
				"cubes": [
					{"origin": [14.25, 30.15, 18], "size": [3, 2, 3], "uv": [126, 241], "inflate": -0.2},
					{"origin": [13.75, 28.55, 17.5], "size": [4, 2, 4], "uv": [20, 229], "inflate": -0.2},
					{"origin": [14.75, 31.75, 18.5], "size": [2, 1, 2], "uv": [36, 270], "inflate": -0.2},
					{"origin": [15.25, 32.25, 19], "size": [1, 7, 1], "uv": [32, 259], "inflate": -0.2},
					{"origin": [16, 25, 18.25], "size": [1, 4, 1], "uv": [4, 275], "inflate": -0.2},
					{"origin": [14.5, 25, 18.25], "size": [1, 4, 1], "uv": [0, 275], "inflate": -0.2},
					{"origin": [16, 25, 19.75], "size": [1, 4, 1], "uv": [66, 267], "inflate": -0.2},
					{"origin": [16, 18.5, 19.75], "size": [1, 7, 1], "uv": [28, 259], "inflate": -0.4},
					{"origin": [14.5, 18.5, 19.75], "size": [1, 7, 1], "uv": [24, 259], "inflate": -0.4},
					{"origin": [16, 18.5, 18.25], "size": [1, 7, 1], "uv": [20, 259], "inflate": -0.4},
					{"origin": [14.5, 18.5, 18.25], "size": [1, 7, 1], "uv": [16, 259], "inflate": -0.4},
					{"origin": [16, 12.1, 19.75], "size": [1, 7, 1], "uv": [12, 259], "inflate": -0.2},
					{"origin": [14.5, 12.1, 19.75], "size": [1, 7, 1], "uv": [8, 259], "inflate": -0.2},
					{"origin": [16, 12.1, 18.25], "size": [1, 7, 1], "uv": [4, 259], "inflate": -0.2},
					{"origin": [14.5, 12.1, 18.25], "size": [1, 7, 1], "uv": [0, 259], "inflate": -0.2},
					{"origin": [15.25, 4.75, 19], "size": [1, 8, 1], "uv": [56, 250], "inflate": -0.2},
					{"origin": [15.25, 12.1, 19], "size": [1, 17, 1], "uv": [16, 223], "inflate": -0.4},
					{"origin": [14.5, 25, 19.75], "size": [1, 4, 1], "uv": [62, 267], "inflate": -0.2}
				]
			},
			{
				"name": "bone9",
				"parent": "bone",
				"pivot": [3.08333, 21.96667, -12.36111],
				"rotation": [0, -40, 0],
				"cubes": [
					{"origin": [6.37326, 38.8, -22.65883], "size": [3, 2, 2], "uv": [0, 0], "inflate": -0.25},
					{"origin": [5.37326, 37.45, -26.30883], "size": [5, 4, 6], "uv": [0, 0], "inflate": -1.1},
					{"origin": [5.87326, 36.7, -25.05883], "size": [4, 4, 4], "uv": [0, 0], "inflate": -1.1},
					{"origin": [6.87326, 38.75, -25.80883], "size": [2, 2, 2], "uv": [0, 0], "inflate": -0.1},
					{"origin": [6.87326, 39, -26.45883], "size": [2, 2, 2], "uv": [0, 0], "inflate": -0.1}
				]
			},
			{
				"name": "bone10",
				"parent": "bone9",
				"pivot": [7.75, 39.75, -25],
				"rotation": [-40, 0, 0],
				"cubes": [
					{"origin": [6.87326, 38.21028, -26.79879], "size": [2, 2, 2], "uv": [200, 56], "inflate": -0.4}
				]
			},
			{
				"name": "bone13",
				"parent": "bone9",
				"pivot": [7.75, 40.25, -19],
				"rotation": [15, 0, 0],
				"cubes": [
					{"origin": [6.87326, 40.61463, -21.36083], "size": [2, 0, 3], "uv": [0, 0], "inflate": 0.4}
				]
			},
			{
				"name": "bone11",
				"parent": "bone9",
				"pivot": [10.55, 39.5, -22.5],
				"rotation": [0, 0, -15],
				"cubes": [
					{"origin": [9.53298, 39.88822, -24.14279], "size": [3, 0, 3], "uv": [0, 0], "inflate": 0.4}
				]
			},
			{
				"name": "bone12",
				"parent": "bone9",
				"pivot": [4.95, 40, -22.5],
				"rotation": [0, 0, 15],
				"cubes": [
					{"origin": [3.11889, 39.91128, -24.26604], "size": [3, 0, 3], "uv": [0, 0], "inflate": 0.4}
				]
			},
			{
				"name": "bone19",
				"parent": "bone",
				"pivot": [0.33333, 28.71667, -9.86111],
				"rotation": [0, -40, 0],
				"cubes": [
					{"origin": [3.62326, 45.55, -20.15883], "size": [3, 2, 2], "uv": [0, 0], "inflate": -0.65},
					{"origin": [2.62326, 44.2, -23.80883], "size": [5, 4, 6], "uv": [0, 0], "inflate": -1.5},
					{"origin": [3.12326, 43.45, -22.55883], "size": [4, 4, 4], "uv": [0, 0], "inflate": -1.5},
					{"origin": [4.12326, 45.5, -23.30883], "size": [2, 2, 2], "uv": [0, 0], "inflate": -0.5},
					{"origin": [4.12326, 45.75, -23.95883], "size": [2, 2, 2], "uv": [0, 0], "inflate": -0.5}
				]
			},
			{
				"name": "bone20",
				"parent": "bone19",
				"pivot": [5, 46.5, -22.5],
				"rotation": [-40, 0, 0],
				"cubes": [
					{"origin": [4.12326, 44.96028, -24.29879], "size": [2, 2, 2], "uv": [200, 56], "inflate": -0.8}
				]
			},
			{
				"name": "bone21",
				"parent": "bone19",
				"pivot": [5, 47, -16.5],
				"rotation": [15, 0, 0],
				"cubes": [
					{"origin": [4.12326, 47.36463, -18.86083], "size": [2, 0, 3], "uv": [0, 0], "inflate": -0.1}
				]
			},
			{
				"name": "bone22",
				"parent": "bone19",
				"pivot": [7.8, 46.25, -20],
				"rotation": [0, 0, -15],
				"cubes": [
					{"origin": [5.78298, 46.63822, -21.64279], "size": [3, 0, 3], "uv": [0, 0], "inflate": -0.1}
				]
			},
			{
				"name": "bone23",
				"parent": "bone19",
				"pivot": [2.2, 46.75, -20],
				"rotation": [0, 0, 15],
				"cubes": [
					{"origin": [1.36889, 46.66128, -21.66604], "size": [3, 0, 3], "uv": [0, 0], "inflate": -0.1}
				]
			},
			{
				"name": "bone29",
				"parent": "bone",
				"pivot": [0.33333, 28.71667, -9.86111],
				"rotation": [0, -40, 0],
				"cubes": [
					{"origin": [3.13023, 55.55, -14.5235], "size": [3, 2, 2], "uv": [0, 0], "inflate": -0.75},
					{"origin": [2.13023, 54.2, -18.1735], "size": [5, 4, 6], "uv": [0, 0], "inflate": -1.6},
					{"origin": [2.63023, 53.45, -16.9235], "size": [4, 4, 4], "uv": [0, 0], "inflate": -1.6},
					{"origin": [3.63023, 55.5, -17.6735], "size": [2, 2, 2], "uv": [0, 0], "inflate": -0.6},
					{"origin": [3.63023, 55.75, -18.3235], "size": [2, 2, 2], "uv": [0, 0], "inflate": -0.6}
				]
			},
			{
				"name": "bone30",
				"parent": "bone29",
				"pivot": [5, 46.5, -22.5],
				"rotation": [-40, 0, 0],
				"cubes": [
					{"origin": [3.63023, 56.24304, -26.40975], "size": [2, 2, 2], "uv": [200, 56], "inflate": -0.9}
				]
			},
			{
				"name": "bone31",
				"parent": "bone29",
				"pivot": [5, 47, -16.5],
				"rotation": [15, 0, 0],
				"cubes": [
					{"origin": [3.63023, 55.56536, -10.82933], "size": [2, 0, 3], "uv": [0, 0], "inflate": -0.1}
				]
			},
			{
				"name": "bone32",
				"parent": "bone29",
				"pivot": [7.8, 46.25, -20],
				"rotation": [0, 0, -15],
				"cubes": [
					{"origin": [7.89494, 56.42509, -16.00746], "size": [3, 0, 3], "uv": [0, 0], "inflate": -0.1}
				]
			},
			{
				"name": "bone33",
				"parent": "bone29",
				"pivot": [2.2, 46.75, -20],
				"rotation": [0, 0, 15],
				"cubes": [
					{"origin": [-1.69553, 56.19293, -16.03072], "size": [3, 0, 3], "uv": [0, 0], "inflate": -0.1}
				]
			},
			{
				"name": "bone44",
				"parent": "bone",
				"pivot": [-0.66667, 31.71667, -5.86111],
				"rotation": [0, -40, 0],
				"cubes": [
					{"origin": [2.13023, 58.55, -10.5235], "size": [3, 2, 2], "uv": [0, 0], "inflate": -0.75},
					{"origin": [1.13023, 57.2, -14.1735], "size": [5, 4, 6], "uv": [0, 0], "inflate": -1.6},
					{"origin": [1.63023, 56.45, -12.9235], "size": [4, 4, 4], "uv": [0, 0], "inflate": -1.6},
					{"origin": [2.63023, 58.5, -13.6735], "size": [2, 2, 2], "uv": [0, 0], "inflate": -0.6},
					{"origin": [2.63023, 58.75, -14.3235], "size": [2, 2, 2], "uv": [0, 0], "inflate": -0.6}
				]
			},
			{
				"name": "bone45",
				"parent": "bone44",
				"pivot": [4, 49.5, -18.5],
				"rotation": [-40, 0, 0],
				"cubes": [
					{"origin": [2.63023, 59.24304, -22.40975], "size": [2, 2, 2], "uv": [200, 56], "inflate": -0.9}
				]
			},
			{
				"name": "bone46",
				"parent": "bone44",
				"pivot": [4, 50, -12.5],
				"rotation": [15, 0, 0],
				"cubes": [
					{"origin": [2.63023, 58.56536, -6.82933], "size": [2, 0, 3], "uv": [0, 0], "inflate": -0.1}
				]
			},
			{
				"name": "bone47",
				"parent": "bone44",
				"pivot": [6.8, 49.25, -16],
				"rotation": [0, 0, -15],
				"cubes": [
					{"origin": [6.89494, 59.42509, -12.00746], "size": [3, 0, 3], "uv": [0, 0], "inflate": -0.1}
				]
			},
			{
				"name": "bone48",
				"parent": "bone44",
				"pivot": [1.2, 49.75, -16],
				"rotation": [0, 0, 15],
				"cubes": [
					{"origin": [-2.69553, 59.19293, -12.03072], "size": [3, 0, 3], "uv": [0, 0], "inflate": -0.1}
				]
			},
			{
				"name": "bone24",
				"parent": "bone",
				"pivot": [5.58333, 28.71667, 4.13889],
				"rotation": [0, -130, 0],
				"cubes": [
					{"origin": [8.87326, 45.55, -6.15883], "size": [3, 2, 2], "uv": [0, 0], "inflate": -0.65},
					{"origin": [7.87326, 44.2, -9.80883], "size": [5, 4, 6], "uv": [0, 0], "inflate": -1.5},
					{"origin": [8.37326, 43.45, -8.55883], "size": [4, 4, 4], "uv": [0, 0], "inflate": -1.5},
					{"origin": [9.37326, 45.5, -9.30883], "size": [2, 2, 2], "uv": [0, 0], "inflate": -0.5},
					{"origin": [9.37326, 45.75, -9.95883], "size": [2, 2, 2], "uv": [0, 0], "inflate": -0.5}
				]
			},
			{
				"name": "bone25",
				"parent": "bone24",
				"pivot": [10.25, 46.5, -8.5],
				"rotation": [-40, 0, 0],
				"cubes": [
					{"origin": [9.37326, 44.96028, -10.29879], "size": [2, 2, 2], "uv": [200, 56], "inflate": -0.8}
				]
			},
			{
				"name": "bone26",
				"parent": "bone24",
				"pivot": [10.25, 47, -2.5],
				"rotation": [15, 0, 0],
				"cubes": [
					{"origin": [9.37326, 47.36463, -4.86083], "size": [2, 0, 3], "uv": [0, 0], "inflate": -0.1}
				]
			},
			{
				"name": "bone27",
				"parent": "bone24",
				"pivot": [13.05, 46.25, -6],
				"rotation": [0, 0, -15],
				"cubes": [
					{"origin": [11.03298, 46.63822, -7.64279], "size": [3, 0, 3], "uv": [0, 0], "inflate": -0.1}
				]
			},
			{
				"name": "bone28",
				"parent": "bone24",
				"pivot": [7.45, 46.75, -6],
				"rotation": [0, 0, 15],
				"cubes": [
					{"origin": [6.61889, 46.66128, -7.66604], "size": [3, 0, 3], "uv": [0, 0], "inflate": -0.1}
				]
			},
			{
				"name": "bone34",
				"parent": "bone",
				"pivot": [1.58333, 38.71667, 0.38889],
				"rotation": [0, -130, 0],
				"cubes": [
					{"origin": [4.87326, 55.55, -9.90883], "size": [3, 2, 2], "uv": [0, 0], "inflate": -0.75},
					{"origin": [3.87326, 54.2, -13.55883], "size": [5, 4, 6], "uv": [0, 0], "inflate": -1.6},
					{"origin": [4.37326, 53.45, -12.30883], "size": [4, 4, 4], "uv": [0, 0], "inflate": -1.6},
					{"origin": [5.37326, 55.5, -13.05883], "size": [2, 2, 2], "uv": [0, 0], "inflate": -0.6},
					{"origin": [5.37326, 55.75, -13.70883], "size": [2, 2, 2], "uv": [0, 0], "inflate": -0.6}
				]
			},
			{
				"name": "bone35",
				"parent": "bone34",
				"pivot": [6.25, 56.5, -12.25],
				"rotation": [-40, 0, 0],
				"cubes": [
					{"origin": [5.37326, 54.96028, -14.04879], "size": [2, 2, 2], "uv": [200, 56], "inflate": -0.9}
				]
			},
			{
				"name": "bone36",
				"parent": "bone34",
				"pivot": [6.25, 57, -6.25],
				"rotation": [15, 0, 0],
				"cubes": [
					{"origin": [5.37326, 57.36463, -8.61083], "size": [2, 0, 3], "uv": [0, 0], "inflate": -0.1}
				]
			},
			{
				"name": "bone37",
				"parent": "bone34",
				"pivot": [9.05, 56.25, -9.75],
				"rotation": [0, 0, -15],
				"cubes": [
					{"origin": [7.03298, 56.63822, -11.39279], "size": [3, 0, 3], "uv": [0, 0], "inflate": -0.1}
				]
			},
			{
				"name": "bone38",
				"parent": "bone34",
				"pivot": [3.45, 56.75, -9.75],
				"rotation": [0, 0, 15],
				"cubes": [
					{"origin": [2.61889, 56.66128, -11.41604], "size": [3, 0, 3], "uv": [0, 0], "inflate": -0.1}
				]
			},
			{
				"name": "bone49",
				"parent": "bone",
				"pivot": [0.58333, 41.71667, -4.61111],
				"rotation": [0, -130, 0],
				"cubes": [
					{"origin": [3.87326, 58.55, -14.90883], "size": [3, 2, 2], "uv": [0, 0], "inflate": -0.75},
					{"origin": [2.87326, 57.2, -18.55883], "size": [5, 4, 6], "uv": [0, 0], "inflate": -1.6},
					{"origin": [3.37326, 56.45, -17.30883], "size": [4, 4, 4], "uv": [0, 0], "inflate": -1.6},
					{"origin": [4.37326, 58.5, -18.05883], "size": [2, 2, 2], "uv": [0, 0], "inflate": -0.6},
					{"origin": [4.37326, 58.75, -18.70883], "size": [2, 2, 2], "uv": [0, 0], "inflate": -0.6}
				]
			},
			{
				"name": "bone50",
				"parent": "bone49",
				"pivot": [5.25, 59.5, -17.25],
				"rotation": [-40, 0, 0],
				"cubes": [
					{"origin": [4.37326, 57.96028, -19.04879], "size": [2, 2, 2], "uv": [200, 56], "inflate": -0.9}
				]
			},
			{
				"name": "bone51",
				"parent": "bone49",
				"pivot": [5.25, 60, -11.25],
				"rotation": [15, 0, 0],
				"cubes": [
					{"origin": [4.37326, 60.36463, -13.61083], "size": [2, 0, 3], "uv": [0, 0], "inflate": -0.1}
				]
			},
			{
				"name": "bone52",
				"parent": "bone49",
				"pivot": [8.05, 59.25, -14.75],
				"rotation": [0, 0, -15],
				"cubes": [
					{"origin": [6.03298, 59.63822, -16.39279], "size": [3, 0, 3], "uv": [0, 0], "inflate": -0.1}
				]
			},
			{
				"name": "bone53",
				"parent": "bone49",
				"pivot": [2.45, 59.75, -14.75],
				"rotation": [0, 0, 15],
				"cubes": [
					{"origin": [1.61889, 59.66128, -16.41604], "size": [3, 0, 3], "uv": [0, 0], "inflate": -0.1}
				]
			},
			{
				"name": "bone14",
				"parent": "bone",
				"pivot": [18.92959, 21.96667, 16.52287],
				"rotation": [0, -130, 0],
				"cubes": [
					{"origin": [21.37326, 38.8, 20.34117], "size": [3, 2, 2], "uv": [0, 0], "inflate": -0.25},
					{"origin": [20.37326, 37.45, 16.69117], "size": [5, 4, 6], "uv": [0, 0], "inflate": -1.1},
					{"origin": [20.87326, 36.7, 17.94117], "size": [4, 4, 4], "uv": [0, 0], "inflate": -1.1},
					{"origin": [21.87326, 38.75, 17.19117], "size": [2, 2, 2], "uv": [0, 0], "inflate": -0.1},
					{"origin": [21.87326, 39, 16.54117], "size": [2, 2, 2], "uv": [0, 0], "inflate": -0.1}
				]
			},
			{
				"name": "bone15",
				"parent": "bone14",
				"pivot": [22.75, 39.75, 18],
				"rotation": [-40, 0, 0],
				"cubes": [
					{"origin": [21.87326, 38.21028, 16.20121], "size": [2, 2, 2], "uv": [200, 56], "inflate": -0.4}
				]
			},
			{
				"name": "bone16",
				"parent": "bone14",
				"pivot": [22.75, 40.25, 24],
				"rotation": [15, 0, 0],
				"cubes": [
					{"origin": [21.87326, 40.61463, 21.63917], "size": [2, 0, 3], "uv": [0, 0], "inflate": 0.4}
				]
			},
			{
				"name": "bone17",
				"parent": "bone14",
				"pivot": [25.55, 39.5, 20.5],
				"rotation": [0, 0, -15],
				"cubes": [
					{"origin": [24.53298, 39.88822, 18.85721], "size": [3, 0, 3], "uv": [0, 0], "inflate": 0.4}
				]
			},
			{
				"name": "bone18",
				"parent": "bone14",
				"pivot": [19.95, 40, 20.5],
				"rotation": [0, 0, 15],
				"cubes": [
					{"origin": [18.11889, 39.91128, 18.73396], "size": [3, 0, 3], "uv": [0, 0], "inflate": 0.4}
				]
			},
			{
				"name": "bone102",
				"parent": "bone",
				"pivot": [18.25, 33, -35],
				"rotation": [0, -90, 0]
			},
			{
				"name": "bone39",
				"pivot": [0.37403, 35.18889, 8.8562],
				"cubes": [
					{"origin": [-1.62674, 61.8, -0.65883], "size": [3, 2, 2], "uv": [0, 0], "inflate": -0.25},
					{"origin": [-2.62674, 60.45, -4.30883], "size": [5, 4, 6], "uv": [0, 0], "inflate": -1.1},
					{"origin": [-2.12674, 59.7, -3.05883], "size": [4, 4, 4], "uv": [0, 0], "inflate": -1.1},
					{"origin": [-1.12674, 61.75, -3.80883], "size": [2, 2, 2], "uv": [0, 0], "inflate": -0.1},
					{"origin": [-1.12674, 62, -4.45883], "size": [2, 2, 2], "uv": [200, 60], "inflate": -0.1}
				]
			},
			{
				"name": "bone40",
				"parent": "bone39",
				"pivot": [-0.25, 62.75, -3],
				"rotation": [-40, 0, 0],
				"cubes": [
					{"origin": [-1.12674, 61.21028, -4.79879], "size": [2, 2, 2], "uv": [200, 56], "inflate": -0.4}
				]
			},
			{
				"name": "bone41",
				"parent": "bone39",
				"pivot": [-0.25, 63.25, 3],
				"rotation": [15, 0, 0],
				"cubes": [
					{"origin": [-1.12674, 63.61463, 0.63917], "size": [2, 0, 3], "uv": [0, 0], "inflate": 0.4}
				]
			},
			{
				"name": "bone42",
				"parent": "bone39",
				"pivot": [2.55, 62.5, -0.5],
				"rotation": [0, 0, -15],
				"cubes": [
					{"origin": [1.53298, 62.88822, -2.14279], "size": [3, 0, 3], "uv": [0, 0], "inflate": 0.4}
				]
			},
			{
				"name": "bone43",
				"parent": "bone39",
				"pivot": [-3.05, 63, -0.5],
				"rotation": [0, 0, 15],
				"cubes": [
					{"origin": [-4.88111, 62.91128, -2.26604], "size": [3, 0, 3], "uv": [0, 0], "inflate": 0.4}
				]
			},
			{
				"name": "bone54",
				"pivot": [0, 0, 0],
				"rotation": [0, 180, 0],
				"cubes": [
					{"origin": [8, 0, -17], "size": [3, 2, 5], "uv": [0, 223]},
					{"origin": [0, 0, -12], "size": [11, 3, 24], "uv": [0, 75]},
					{"origin": [0, 0, -14], "size": [8, 3, 2], "uv": [0, 217]},
					{"origin": [0, 3, -12], "size": [8, 7, 0], "uv": [92, 212]},
					{"origin": [0, 10, -13], "size": [9, 8, 1], "uv": [82, 201]},
					{"origin": [0, 10, 12], "size": [9, 8, 1], "uv": [62, 201]},
					{"origin": [0, 3, 12], "size": [8, 7, 0], "uv": [76, 212]},
					{"origin": [0, 0, 12], "size": [8, 3, 2], "uv": [0, 212]},
					{"origin": [8, 3, -12], "size": [1, 7, 24], "uv": [54, 147]},
					{"origin": [9, 3, -6], "size": [1, 7, 2], "uv": [18, 250]},
					{"origin": [9, 2, -13], "size": [1, 8, 1], "uv": [76, 250]},
					{"origin": [4, 2, -13], "size": [1, 8, 1], "uv": [68, 250]},
					{"origin": [4, 2, 12], "size": [1, 8, 1], "uv": [64, 250]},
					{"origin": [9, 10, -14], "size": [1, 8, 28], "uv": [70, 75]},
					{"origin": [9, 15, -46], "size": [2, 2, 32], "uv": [0, 41]},
					{"origin": [0, 15, -35], "size": [9, 2, 2], "uv": [102, 205]},
					{"origin": [0, 15, 33], "size": [9, 2, 2], "uv": [102, 201]},
					{"origin": [9, 15, 14], "size": [2, 2, 31], "uv": [68, 41]},
					{"origin": [9, 18, -15], "size": [2, 12, 2], "uv": [62, 223]},
					{"origin": [0, 19, -14], "size": [9, 11, 0], "uv": [44, 201]},
					{"origin": [0, 19, 14], "size": [9, 11, 0], "uv": [44, 201]},
					{"origin": [0, 30, -18], "size": [12, 5, 36], "uv": [0, 0]},
					{"origin": [11, 20, -13], "size": [0, 10, 26], "uv": [60, 111]},
					{"origin": [0, 35, -12], "size": [6, 6, 24], "uv": [0, 111]},
					{"origin": [7.5, 40, -10], "size": [0, 2, 20], "uv": [0, 178]},
					{"origin": [5, 35, 11], "size": [3, 7, 3], "uv": [52, 212]},
					{"origin": [5, 35, -14], "size": [3, 7, 3], "uv": [52, 212]},
					{"origin": [0, 42, -15], "size": [11, 3, 30], "uv": [96, 0]},
					{"origin": [6, 45, 10], "size": [2, 2, 2], "uv": [12, 267]},
					{"origin": [5.5, 45, 4], "size": [2, 2, 2], "uv": [4, 267]},
					{"origin": [6, 47, -13], "size": [3, 4, 3], "uv": [78, 241]},
					{"origin": [0, 51, -12], "size": [8, 4, 24], "uv": [128, 75]},
					{"origin": [0, 48, -11], "size": [6, 4, 0], "uv": [0, 254]},
					{"origin": [0, 48, 11], "size": [6, 4, 0], "uv": [0, 250], "mirror": true},
					{"origin": [0, 54, -6.5], "size": [6, 4, 13], "uv": [40, 178]},
					{"origin": [0, 58, -2], "size": [2, 3, 3], "uv": [56, 241]},
					{"origin": [6, 47, 10], "size": [3, 4, 3], "uv": [66, 241]},
					{"origin": [7, 47, -10], "size": [0, 4, 20], "uv": [104, 147]},
					{"origin": [6, 45, -12], "size": [2, 2, 2], "uv": [12, 267]},
					{"origin": [5.5, 45, -6], "size": [2, 2, 2], "uv": [4, 267]},
					{"origin": [10, 34, -18.5], "size": [4, 4, 4], "uv": [36, 212]},
					{"origin": [10, 34, 14.5], "size": [4, 4, 4], "uv": [20, 212]},
					{"origin": [12, 30.5, -8], "size": [1, 5, 16], "uv": [78, 178]},
					{"origin": [9, 18, 13], "size": [2, 12, 2], "uv": [54, 223]},
					{"origin": [9, 19, 15], "size": [2, 4, 2], "uv": [48, 250]},
					{"origin": [9, 26, 15], "size": [2, 4, 2], "uv": [24, 250]},
					{"origin": [9, 19, -17], "size": [2, 4, 2], "uv": [40, 250]},
					{"origin": [9, 26, -17], "size": [2, 4, 2], "uv": [40, 250]},
					{"origin": [10, 18, -13], "size": [1, 1, 26], "uv": [0, 147]},
					{"origin": [10, 10, -14], "size": [1, 1, 28], "uv": [112, 111]},
					{"origin": [10, 11, -9], "size": [1, 7, 1], "uv": [32, 267]},
					{"origin": [10, 11, -4], "size": [1, 7, 1], "uv": [24, 267]},
					{"origin": [10, 11, 3], "size": [1, 7, 1], "uv": [20, 267]},
					{"origin": [10, 11, 8], "size": [1, 7, 1], "uv": [28, 267]},
					{"origin": [9, 2, 12], "size": [1, 8, 1], "uv": [72, 250]},
					{"origin": [9, 3, 4], "size": [1, 7, 2], "uv": [12, 250]},
					{"origin": [7.75, 2, -15.75], "size": [3, 4, 3], "uv": [102, 241]},
					{"origin": [7.75, 2, 12.75], "size": [3, 4, 3], "uv": [90, 241]},
					{"origin": [8, 0, 12], "size": [3, 2, 5], "uv": [108, 212]},
					{"origin": [17.75, 25, -8], "size": [1, 16, 16], "uv": [185, 5], "inflate": -5.5}
				]
			},
			{
				"name": "bone55",
				"parent": "bone54",
				"pivot": [11, 35, -6],
				"cubes": [
					{"origin": [10.5, 36, -7], "size": [1, 2, 2], "uv": [56, 267]},
					{"origin": [10.5, 38, -6.5], "size": [1, 1, 1], "uv": [40, 277]},
					{"origin": [10.5, 35, -6.5], "size": [1, 1, 1], "uv": [40, 275]}
				]
			},
			{
				"name": "bone56",
				"parent": "bone54",
				"pivot": [11, 35, -10],
				"cubes": [
					{"origin": [10.5, 36, -11], "size": [1, 2, 2], "uv": [44, 267]},
					{"origin": [10.5, 38, -10.5], "size": [1, 1, 1], "uv": [24, 277]},
					{"origin": [10.5, 35, -10.5], "size": [1, 1, 1], "uv": [24, 275]}
				]
			},
			{
				"name": "bone57",
				"parent": "bone54",
				"pivot": [11, 35, 6],
				"cubes": [
					{"origin": [10.5, 36, 5], "size": [1, 2, 2], "uv": [50, 271]},
					{"origin": [10.5, 38, 5.5], "size": [1, 1, 1], "uv": [36, 277]},
					{"origin": [10.5, 35, 5.5], "size": [1, 1, 1], "uv": [36, 275]}
				]
			},
			{
				"name": "bone58",
				"parent": "bone54",
				"pivot": [11, 35, 10],
				"cubes": [
					{"origin": [10.5, 36, 9], "size": [1, 2, 2], "uv": [44, 271]},
					{"origin": [10.5, 38, 9.5], "size": [1, 1, 1], "uv": [28, 277]},
					{"origin": [10.5, 35, 9.5], "size": [1, 1, 1], "uv": [28, 275]}
				]
			},
			{
				"name": "bone59",
				"parent": "bone54",
				"pivot": [11, 35, 0],
				"cubes": [
					{"origin": [10.5, 36, -1], "size": [1, 2, 2], "uv": [50, 267]},
					{"origin": [10.5, 38, -0.5], "size": [1, 1, 1], "uv": [32, 277]},
					{"origin": [10.5, 35, -0.5], "size": [1, 1, 1], "uv": [32, 275]}
				]
			},
			{
				"name": "bone60",
				"parent": "bone54",
				"pivot": [0, 1, 0],
				"cubes": [
					{"origin": [15.25, 4.75, -20], "size": [1, 8, 1], "uv": [60, 250], "inflate": -0.2},
					{"origin": [16, 12.1, -19.25], "size": [1, 7, 1], "uv": [60, 259], "inflate": -0.2},
					{"origin": [16, 12.1, -20.75], "size": [1, 7, 1], "uv": [56, 259], "inflate": -0.2},
					{"origin": [14.5, 12.1, -20.75], "size": [1, 7, 1], "uv": [44, 259], "inflate": -0.2},
					{"origin": [14.5, 12.1, -19.25], "size": [1, 7, 1], "uv": [36, 259], "inflate": -0.2},
					{"origin": [14.5, 18.5, -19.25], "size": [1, 7, 1], "uv": [40, 259], "inflate": -0.4},
					{"origin": [14.5, 18.5, -20.75], "size": [1, 7, 1], "uv": [48, 259], "inflate": -0.4},
					{"origin": [14.5, 25, -20.75], "size": [1, 4, 1], "uv": [8, 275], "inflate": -0.2},
					{"origin": [14.5, 25, -19.25], "size": [1, 4, 1], "uv": [12, 275], "inflate": -0.2},
					{"origin": [16, 18.5, -20.75], "size": [1, 7, 1], "uv": [52, 259], "inflate": -0.4},
					{"origin": [16, 18.5, -19.25], "size": [1, 7, 1], "uv": [64, 259], "inflate": -0.4},
					{"origin": [15.25, 12.1, -20], "size": [1, 17, 1], "uv": [36, 223], "inflate": -0.4},
					{"origin": [16, 25, -20.75], "size": [1, 4, 1], "uv": [20, 275], "inflate": -0.2},
					{"origin": [16, 25, -19.25], "size": [1, 4, 1], "uv": [16, 275], "inflate": -0.2},
					{"origin": [13.75, 28.55, -21.5], "size": [4, 2, 4], "uv": [20, 229], "inflate": -0.2},
					{"origin": [14.25, 30.15, -21], "size": [3, 2, 3], "uv": [126, 241], "inflate": -0.2},
					{"origin": [14.75, 31.75, -20.5], "size": [2, 1, 2], "uv": [36, 270], "inflate": -0.2},
					{"origin": [15.25, 32.25, -20], "size": [1, 7, 1], "uv": [0, 267], "inflate": -0.2}
				]
			},
			{
				"name": "bone61",
				"parent": "bone54",
				"pivot": [16, 23.13611, 19.75],
				"cubes": [
					{"origin": [14.25, 30.15, 18], "size": [3, 2, 3], "uv": [126, 241], "inflate": -0.2},
					{"origin": [13.75, 28.55, 17.5], "size": [4, 2, 4], "uv": [20, 229], "inflate": -0.2},
					{"origin": [14.75, 31.75, 18.5], "size": [2, 1, 2], "uv": [36, 270], "inflate": -0.2},
					{"origin": [15.25, 32.25, 19], "size": [1, 7, 1], "uv": [32, 259], "inflate": -0.2},
					{"origin": [16, 25, 18.25], "size": [1, 4, 1], "uv": [4, 275], "inflate": -0.2},
					{"origin": [14.5, 25, 18.25], "size": [1, 4, 1], "uv": [0, 275], "inflate": -0.2},
					{"origin": [16, 25, 19.75], "size": [1, 4, 1], "uv": [66, 267], "inflate": -0.2},
					{"origin": [16, 18.5, 19.75], "size": [1, 7, 1], "uv": [28, 259], "inflate": -0.4},
					{"origin": [14.5, 18.5, 19.75], "size": [1, 7, 1], "uv": [24, 259], "inflate": -0.4},
					{"origin": [16, 18.5, 18.25], "size": [1, 7, 1], "uv": [20, 259], "inflate": -0.4},
					{"origin": [14.5, 18.5, 18.25], "size": [1, 7, 1], "uv": [16, 259], "inflate": -0.4},
					{"origin": [16, 12.1, 19.75], "size": [1, 7, 1], "uv": [12, 259], "inflate": -0.2},
					{"origin": [14.5, 12.1, 19.75], "size": [1, 7, 1], "uv": [8, 259], "inflate": -0.2},
					{"origin": [16, 12.1, 18.25], "size": [1, 7, 1], "uv": [4, 259], "inflate": -0.2},
					{"origin": [14.5, 12.1, 18.25], "size": [1, 7, 1], "uv": [0, 259], "inflate": -0.2},
					{"origin": [15.25, 4.75, 19], "size": [1, 8, 1], "uv": [56, 250], "inflate": -0.2},
					{"origin": [15.25, 12.1, 19], "size": [1, 17, 1], "uv": [16, 223], "inflate": -0.4},
					{"origin": [14.5, 25, 19.75], "size": [1, 4, 1], "uv": [62, 267], "inflate": -0.2}
				]
			},
			{
				"name": "bone62",
				"parent": "bone54",
				"pivot": [3.08333, 21.96667, -12.36111],
				"rotation": [0, -40, 0],
				"cubes": [
					{"origin": [6.37326, 38.8, -22.65883], "size": [3, 2, 2], "uv": [0, 0], "inflate": -0.25},
					{"origin": [5.37326, 37.45, -26.30883], "size": [5, 4, 6], "uv": [0, 0], "inflate": -1.1},
					{"origin": [5.87326, 36.7, -25.05883], "size": [4, 4, 4], "uv": [0, 0], "inflate": -1.1},
					{"origin": [6.87326, 38.75, -25.80883], "size": [2, 2, 2], "uv": [0, 0], "inflate": -0.1},
					{"origin": [6.87326, 39, -26.45883], "size": [2, 2, 2], "uv": [0, 0], "inflate": -0.1}
				]
			},
			{
				"name": "bone63",
				"parent": "bone62",
				"pivot": [7.75, 39.75, -25],
				"rotation": [-40, 0, 0],
				"cubes": [
					{"origin": [6.87326, 38.21028, -26.79879], "size": [2, 2, 2], "uv": [200, 56], "inflate": -0.4}
				]
			},
			{
				"name": "bone64",
				"parent": "bone62",
				"pivot": [7.75, 40.25, -19],
				"rotation": [15, 0, 0],
				"cubes": [
					{"origin": [6.87326, 40.61463, -21.36083], "size": [2, 0, 3], "uv": [0, 0], "inflate": 0.4}
				]
			},
			{
				"name": "bone65",
				"parent": "bone62",
				"pivot": [10.55, 39.5, -22.5],
				"rotation": [0, 0, -15],
				"cubes": [
					{"origin": [9.53298, 39.88822, -24.14279], "size": [3, 0, 3], "uv": [0, 0], "inflate": 0.4}
				]
			},
			{
				"name": "bone66",
				"parent": "bone62",
				"pivot": [4.95, 40, -22.5],
				"rotation": [0, 0, 15],
				"cubes": [
					{"origin": [3.11889, 39.91128, -24.26604], "size": [3, 0, 3], "uv": [0, 0], "inflate": 0.4}
				]
			},
			{
				"name": "bone67",
				"parent": "bone54",
				"pivot": [0.33333, 28.71667, -9.86111],
				"rotation": [0, -40, 0],
				"cubes": [
					{"origin": [3.62326, 45.55, -20.15883], "size": [3, 2, 2], "uv": [0, 0], "inflate": -0.65},
					{"origin": [2.62326, 44.2, -23.80883], "size": [5, 4, 6], "uv": [0, 0], "inflate": -1.5},
					{"origin": [3.12326, 43.45, -22.55883], "size": [4, 4, 4], "uv": [0, 0], "inflate": -1.5},
					{"origin": [4.12326, 45.5, -23.30883], "size": [2, 2, 2], "uv": [0, 0], "inflate": -0.5},
					{"origin": [4.12326, 45.75, -23.95883], "size": [2, 2, 2], "uv": [0, 0], "inflate": -0.5}
				]
			},
			{
				"name": "bone68",
				"parent": "bone67",
				"pivot": [5, 46.5, -22.5],
				"rotation": [-40, 0, 0],
				"cubes": [
					{"origin": [4.12326, 44.96028, -24.29879], "size": [2, 2, 2], "uv": [200, 56], "inflate": -0.8}
				]
			},
			{
				"name": "bone69",
				"parent": "bone67",
				"pivot": [5, 47, -16.5],
				"rotation": [15, 0, 0],
				"cubes": [
					{"origin": [4.12326, 47.36463, -18.86083], "size": [2, 0, 3], "uv": [0, 0], "inflate": -0.1}
				]
			},
			{
				"name": "bone70",
				"parent": "bone67",
				"pivot": [7.8, 46.25, -20],
				"rotation": [0, 0, -15],
				"cubes": [
					{"origin": [5.78298, 46.63822, -21.64279], "size": [3, 0, 3], "uv": [0, 0], "inflate": -0.1}
				]
			},
			{
				"name": "bone71",
				"parent": "bone67",
				"pivot": [2.2, 46.75, -20],
				"rotation": [0, 0, 15],
				"cubes": [
					{"origin": [1.36889, 46.66128, -21.66604], "size": [3, 0, 3], "uv": [0, 0], "inflate": -0.1}
				]
			},
			{
				"name": "bone72",
				"parent": "bone54",
				"pivot": [0.33333, 28.71667, -9.86111],
				"rotation": [0, -40, 0],
				"cubes": [
					{"origin": [3.13023, 55.55, -14.5235], "size": [3, 2, 2], "uv": [0, 0], "inflate": -0.75},
					{"origin": [2.13023, 54.2, -18.1735], "size": [5, 4, 6], "uv": [0, 0], "inflate": -1.6},
					{"origin": [2.63023, 53.45, -16.9235], "size": [4, 4, 4], "uv": [0, 0], "inflate": -1.6},
					{"origin": [3.63023, 55.5, -17.6735], "size": [2, 2, 2], "uv": [0, 0], "inflate": -0.6},
					{"origin": [3.63023, 55.75, -18.3235], "size": [2, 2, 2], "uv": [0, 0], "inflate": -0.6}
				]
			},
			{
				"name": "bone73",
				"parent": "bone72",
				"pivot": [5, 46.5, -22.5],
				"rotation": [-40, 0, 0],
				"cubes": [
					{"origin": [3.63023, 56.24304, -26.40975], "size": [2, 2, 2], "uv": [200, 56], "inflate": -0.9}
				]
			},
			{
				"name": "bone74",
				"parent": "bone72",
				"pivot": [5, 47, -16.5],
				"rotation": [15, 0, 0],
				"cubes": [
					{"origin": [3.63023, 55.56536, -10.82933], "size": [2, 0, 3], "uv": [0, 0], "inflate": -0.1}
				]
			},
			{
				"name": "bone75",
				"parent": "bone72",
				"pivot": [7.8, 46.25, -20],
				"rotation": [0, 0, -15],
				"cubes": [
					{"origin": [7.89494, 56.42509, -16.00746], "size": [3, 0, 3], "uv": [0, 0], "inflate": -0.1}
				]
			},
			{
				"name": "bone76",
				"parent": "bone72",
				"pivot": [2.2, 46.75, -20],
				"rotation": [0, 0, 15],
				"cubes": [
					{"origin": [-1.69553, 56.19293, -16.03072], "size": [3, 0, 3], "uv": [0, 0], "inflate": -0.1}
				]
			},
			{
				"name": "bone77",
				"parent": "bone54",
				"pivot": [-0.66667, 31.71667, -5.86111],
				"rotation": [0, -40, 0],
				"cubes": [
					{"origin": [2.13023, 58.55, -10.5235], "size": [3, 2, 2], "uv": [0, 0], "inflate": -0.75},
					{"origin": [1.13023, 57.2, -14.1735], "size": [5, 4, 6], "uv": [0, 0], "inflate": -1.6},
					{"origin": [1.63023, 56.45, -12.9235], "size": [4, 4, 4], "uv": [0, 0], "inflate": -1.6},
					{"origin": [2.63023, 58.5, -13.6735], "size": [2, 2, 2], "uv": [0, 0], "inflate": -0.6},
					{"origin": [2.63023, 58.75, -14.3235], "size": [2, 2, 2], "uv": [0, 0], "inflate": -0.6}
				]
			},
			{
				"name": "bone78",
				"parent": "bone77",
				"pivot": [4, 49.5, -18.5],
				"rotation": [-40, 0, 0],
				"cubes": [
					{"origin": [2.63023, 59.24304, -22.40975], "size": [2, 2, 2], "uv": [200, 56], "inflate": -0.9}
				]
			},
			{
				"name": "bone79",
				"parent": "bone77",
				"pivot": [4, 50, -12.5],
				"rotation": [15, 0, 0],
				"cubes": [
					{"origin": [2.63023, 58.56536, -6.82933], "size": [2, 0, 3], "uv": [0, 0], "inflate": -0.1}
				]
			},
			{
				"name": "bone80",
				"parent": "bone77",
				"pivot": [6.8, 49.25, -16],
				"rotation": [0, 0, -15],
				"cubes": [
					{"origin": [6.89494, 59.42509, -12.00746], "size": [3, 0, 3], "uv": [0, 0], "inflate": -0.1}
				]
			},
			{
				"name": "bone81",
				"parent": "bone77",
				"pivot": [1.2, 49.75, -16],
				"rotation": [0, 0, 15],
				"cubes": [
					{"origin": [-2.69553, 59.19293, -12.03072], "size": [3, 0, 3], "uv": [0, 0], "inflate": -0.1}
				]
			},
			{
				"name": "bone82",
				"parent": "bone54",
				"pivot": [5.58333, 28.71667, 4.13889],
				"rotation": [0, -130, 0],
				"cubes": [
					{"origin": [8.87326, 45.55, -6.15883], "size": [3, 2, 2], "uv": [0, 0], "inflate": -0.65},
					{"origin": [7.87326, 44.2, -9.80883], "size": [5, 4, 6], "uv": [0, 0], "inflate": -1.5},
					{"origin": [8.37326, 43.45, -8.55883], "size": [4, 4, 4], "uv": [0, 0], "inflate": -1.5},
					{"origin": [9.37326, 45.5, -9.30883], "size": [2, 2, 2], "uv": [0, 0], "inflate": -0.5},
					{"origin": [9.37326, 45.75, -9.95883], "size": [2, 2, 2], "uv": [0, 0], "inflate": -0.5}
				]
			},
			{
				"name": "bone83",
				"parent": "bone82",
				"pivot": [10.25, 46.5, -8.5],
				"rotation": [-40, 0, 0],
				"cubes": [
					{"origin": [9.37326, 44.96028, -10.29879], "size": [2, 2, 2], "uv": [200, 56], "inflate": -0.8}
				]
			},
			{
				"name": "bone84",
				"parent": "bone82",
				"pivot": [10.25, 47, -2.5],
				"rotation": [15, 0, 0],
				"cubes": [
					{"origin": [9.37326, 47.36463, -4.86083], "size": [2, 0, 3], "uv": [0, 0], "inflate": -0.1}
				]
			},
			{
				"name": "bone85",
				"parent": "bone82",
				"pivot": [13.05, 46.25, -6],
				"rotation": [0, 0, -15],
				"cubes": [
					{"origin": [11.03298, 46.63822, -7.64279], "size": [3, 0, 3], "uv": [0, 0], "inflate": -0.1}
				]
			},
			{
				"name": "bone86",
				"parent": "bone82",
				"pivot": [7.45, 46.75, -6],
				"rotation": [0, 0, 15],
				"cubes": [
					{"origin": [6.61889, 46.66128, -7.66604], "size": [3, 0, 3], "uv": [0, 0], "inflate": -0.1}
				]
			},
			{
				"name": "bone87",
				"parent": "bone54",
				"pivot": [1.58333, 38.71667, 0.38889],
				"rotation": [0, -130, 0],
				"cubes": [
					{"origin": [4.87326, 55.55, -9.90883], "size": [3, 2, 2], "uv": [0, 0], "inflate": -0.75},
					{"origin": [3.87326, 54.2, -13.55883], "size": [5, 4, 6], "uv": [0, 0], "inflate": -1.6},
					{"origin": [4.37326, 53.45, -12.30883], "size": [4, 4, 4], "uv": [0, 0], "inflate": -1.6},
					{"origin": [5.37326, 55.5, -13.05883], "size": [2, 2, 2], "uv": [0, 0], "inflate": -0.6},
					{"origin": [5.37326, 55.75, -13.70883], "size": [2, 2, 2], "uv": [0, 0], "inflate": -0.6}
				]
			},
			{
				"name": "bone88",
				"parent": "bone87",
				"pivot": [6.25, 56.5, -12.25],
				"rotation": [-40, 0, 0],
				"cubes": [
					{"origin": [5.37326, 54.96028, -14.04879], "size": [2, 2, 2], "uv": [200, 56], "inflate": -0.9}
				]
			},
			{
				"name": "bone89",
				"parent": "bone87",
				"pivot": [6.25, 57, -6.25],
				"rotation": [15, 0, 0],
				"cubes": [
					{"origin": [5.37326, 57.36463, -8.61083], "size": [2, 0, 3], "uv": [0, 0], "inflate": -0.1}
				]
			},
			{
				"name": "bone90",
				"parent": "bone87",
				"pivot": [9.05, 56.25, -9.75],
				"rotation": [0, 0, -15],
				"cubes": [
					{"origin": [7.03298, 56.63822, -11.39279], "size": [3, 0, 3], "uv": [0, 0], "inflate": -0.1}
				]
			},
			{
				"name": "bone91",
				"parent": "bone87",
				"pivot": [3.45, 56.75, -9.75],
				"rotation": [0, 0, 15],
				"cubes": [
					{"origin": [2.61889, 56.66128, -11.41604], "size": [3, 0, 3], "uv": [0, 0], "inflate": -0.1}
				]
			},
			{
				"name": "bone92",
				"parent": "bone54",
				"pivot": [0.58333, 41.71667, -4.61111],
				"rotation": [0, -130, 0],
				"cubes": [
					{"origin": [3.87326, 58.55, -14.90883], "size": [3, 2, 2], "uv": [0, 0], "inflate": -0.75},
					{"origin": [2.87326, 57.2, -18.55883], "size": [5, 4, 6], "uv": [0, 0], "inflate": -1.6},
					{"origin": [3.37326, 56.45, -17.30883], "size": [4, 4, 4], "uv": [0, 0], "inflate": -1.6},
					{"origin": [4.37326, 58.5, -18.05883], "size": [2, 2, 2], "uv": [0, 0], "inflate": -0.6},
					{"origin": [4.37326, 58.75, -18.70883], "size": [2, 2, 2], "uv": [0, 0], "inflate": -0.6}
				]
			},
			{
				"name": "bone93",
				"parent": "bone92",
				"pivot": [5.25, 59.5, -17.25],
				"rotation": [-40, 0, 0],
				"cubes": [
					{"origin": [4.37326, 57.96028, -19.04879], "size": [2, 2, 2], "uv": [200, 56], "inflate": -0.9}
				]
			},
			{
				"name": "bone94",
				"parent": "bone92",
				"pivot": [5.25, 60, -11.25],
				"rotation": [15, 0, 0],
				"cubes": [
					{"origin": [4.37326, 60.36463, -13.61083], "size": [2, 0, 3], "uv": [0, 0], "inflate": -0.1}
				]
			},
			{
				"name": "bone95",
				"parent": "bone92",
				"pivot": [8.05, 59.25, -14.75],
				"rotation": [0, 0, -15],
				"cubes": [
					{"origin": [6.03298, 59.63822, -16.39279], "size": [3, 0, 3], "uv": [0, 0], "inflate": -0.1}
				]
			},
			{
				"name": "bone96",
				"parent": "bone92",
				"pivot": [2.45, 59.75, -14.75],
				"rotation": [0, 0, 15],
				"cubes": [
					{"origin": [1.61889, 59.66128, -16.41604], "size": [3, 0, 3], "uv": [0, 0], "inflate": -0.1}
				]
			},
			{
				"name": "bone97",
				"parent": "bone54",
				"pivot": [18.92959, 21.96667, 16.52287],
				"rotation": [0, -130, 0],
				"cubes": [
					{"origin": [21.37326, 38.8, 20.34117], "size": [3, 2, 2], "uv": [0, 0], "inflate": -0.25},
					{"origin": [20.37326, 37.45, 16.69117], "size": [5, 4, 6], "uv": [0, 0], "inflate": -1.1},
					{"origin": [20.87326, 36.7, 17.94117], "size": [4, 4, 4], "uv": [0, 0], "inflate": -1.1},
					{"origin": [21.87326, 38.75, 17.19117], "size": [2, 2, 2], "uv": [0, 0], "inflate": -0.1},
					{"origin": [21.87326, 39, 16.54117], "size": [2, 2, 2], "uv": [0, 0], "inflate": -0.1}
				]
			},
			{
				"name": "bone98",
				"parent": "bone97",
				"pivot": [22.75, 39.75, 18],
				"rotation": [-40, 0, 0],
				"cubes": [
					{"origin": [21.87326, 38.21028, 16.20121], "size": [2, 2, 2], "uv": [200, 56], "inflate": -0.4}
				]
			},
			{
				"name": "bone99",
				"parent": "bone97",
				"pivot": [22.75, 40.25, 24],
				"rotation": [15, 0, 0],
				"cubes": [
					{"origin": [21.87326, 40.61463, 21.63917], "size": [2, 0, 3], "uv": [0, 0], "inflate": 0.4}
				]
			},
			{
				"name": "bone100",
				"parent": "bone97",
				"pivot": [25.55, 39.5, 20.5],
				"rotation": [0, 0, -15],
				"cubes": [
					{"origin": [24.53298, 39.88822, 18.85721], "size": [3, 0, 3], "uv": [0, 0], "inflate": 0.4}
				]
			},
			{
				"name": "bone101",
				"parent": "bone97",
				"pivot": [19.95, 40, 20.5],
				"rotation": [0, 0, 15],
				"cubes": [
					{"origin": [18.11889, 39.91128, 18.73396], "size": [3, 0, 3], "uv": [0, 0], "inflate": 0.4}
				]
			},
			{
				"name": "bone103",
				"parent": "bone54",
				"pivot": [18.25, 33, -35],
				"rotation": [0, -90, 0]
			}
		]
	}
}