{
	"format_version": "1.10.0",
	"geometry.model": {
		"texturewidth": 128,
		"textureheight": 128,
		"visible_bounds_width": 3,
		"visible_bounds_height": 3,
		"visible_bounds_offset": [0, 0, 0],
		"bones": [
			{
				"name": "head",
				"pivot": [0, 18, 0],
				"cubes": [
					{"origin": [-4, 18, -4], "size": [8, 8, 8], "uv": [36, 0]}
				]
			},
			{
				"name": "bone16",
				"parent": "head",
				"pivot": [0.4175, 23.57682, 2.3246],
				"cubes": [
					{"origin": [-3, 25.5, -3.5], "size": [6, 1, 2], "uv": [0, 61]},
					{"origin": [-3.5825, 16.82682, 4.8246], "size": [7, 3, 0], "uv": [0, 77]}
				]
			},
			{
				"name": "bone9",
				"parent": "bone16",
				"pivot": [0.4175, 23.57682, 2.3246],
				"rotation": [-45, 0, 0],
				"cubes": [
					{"origin": [-4.0825, 22.57682, -3.1754], "size": [8, 3, 10], "uv": [0, 0]},
					{"origin": [-1.0825, 24.86236, -3.71094], "size": [2, 3, 1], "uv": [52, 101]},
					{"origin": [-2.0825, 26.11236, -3.5], "size": [1, 3, 0], "uv": [36, 110]},
					{"origin": [0.9175, 26.11236, -3.5], "size": [1, 3, 0], "uv": [36, 110], "mirror": true},
					{"origin": [-4.0825, 25.57682, -2.6754], "size": [8, 1, 9], "uv": [68, 0]},
					{"origin": [3.9175, 25.57682, -1.6754], "size": [1, 1, 7], "uv": [0, 37]},
					{"origin": [-5.0825, 25.57682, -1.6754], "size": [1, 1, 7], "uv": [68, 28]}
				]
			},
			{
				"name": "bone22",
				"parent": "bone9",
				"pivot": [-4.0825, 29.61236, -3.21094],
				"rotation": [0, 0, 20],
				"cubes": [
					{"origin": [-6.3325, 28.86236, -2.96094], "size": [6, 1, 0], "uv": [0, 103]}
				]
			},
			{
				"name": "bone21",
				"parent": "bone9",
				"pivot": [3.332, 30.27847, -2.29482],
				"rotation": [0, 0, -20],
				"cubes": [
					{"origin": [-0.0825, 28.76236, -2.96094], "size": [6, 1, 0], "uv": [0, 103], "mirror": true}
				]
			},
			{
				"name": "bone10",
				"parent": "bone16",
				"pivot": [-7.5825, 23.57682, 2.3246],
				"rotation": [-45, 0, 0],
				"cubes": [
					{"origin": [-5.0825, 22.57682, -2.1754], "size": [1, 3, 8], "uv": [70, 16]},
					{"origin": [-6.0825, 22.57682, -0.1754], "size": [1, 3, 4], "uv": [34, 77]},
					{"origin": [4.9175, 22.57682, -0.1754], "size": [1, 3, 4], "uv": [34, 77], "mirror": true}
				]
			},
			{
				"name": "bone14",
				"parent": "bone10",
				"pivot": [5.6675, 22.60715, 3.85493],
				"rotation": [45, 0, 0],
				"cubes": [
					{"origin": [5.1675, 22.10715, 3.35493], "size": [1, 1, 1], "uv": [32, 107], "mirror": true},
					{"origin": [5.1675, 20.35715, 3.35493], "size": [1, 2, 1], "uv": [20, 107], "inflate": -0.25, "mirror": true},
					{"origin": [5.1675, 7.35715, 3.35493], "size": [1, 12, 1], "uv": [14, 77], "inflate": -0.25, "mirror": true},
					{"origin": [5.1675, 3.85715, 3.35493], "size": [1, 4, 1], "uv": [8, 107], "mirror": true},
					{"origin": [4.6675, 19.10715, 2.85493], "size": [2, 2, 2], "uv": [24, 101], "inflate": -0.25, "mirror": true},
					{"origin": [4.1675, 18.60715, 2.35493], "size": [3, 2, 3], "uv": [0, 80], "inflate": -0.5, "mirror": true}
				]
			},
			{
				"name": "bone15",
				"parent": "bone10",
				"pivot": [-5.8325, 22.60715, 3.85493],
				"rotation": [45, 0, 0],
				"cubes": [
					{"origin": [-6.3325, 22.10715, 3.35493], "size": [1, 1, 1], "uv": [32, 107]},
					{"origin": [-6.3325, 20.35715, 3.35493], "size": [1, 2, 1], "uv": [20, 107], "inflate": -0.25},
					{"origin": [-6.3325, 7.35715, 3.35493], "size": [1, 12, 1], "uv": [14, 77], "inflate": -0.25},
					{"origin": [-6.3325, 3.85715, 3.35493], "size": [1, 4, 1], "uv": [8, 107]},
					{"origin": [-6.8325, 19.10715, 2.85493], "size": [2, 2, 2], "uv": [24, 101], "inflate": -0.25},
					{"origin": [-7.3325, 18.60715, 2.35493], "size": [3, 2, 3], "uv": [0, 80], "inflate": -0.5}
				]
			},
			{
				"name": "bone11",
				"parent": "bone16",
				"pivot": [1.4175, 23.57682, 2.3246],
				"rotation": [-45, 0, 0],
				"cubes": [
					{"origin": [3.9175, 22.57682, -2.1754], "size": [1, 3, 8], "uv": [70, 16], "mirror": true}
				]
			},
			{
				"name": "bone12",
				"parent": "bone11",
				"pivot": [5.14084, 27.08438, -2.68296],
				"rotation": [0, -25, 0],
				"cubes": [
					{"origin": [2.64084, 25.08438, -2.68296], "size": [5, 4, 0], "uv": [64, 95], "mirror": true}
				]
			},
			{
				"name": "bone13",
				"parent": "bone11",
				"pivot": [-4.85916, 27.08438, -2.68296],
				"rotation": [0, 25, 0],
				"cubes": [
					{"origin": [-7.60916, 25.08438, -2.93296], "size": [5, 4, 0], "uv": [64, 95]}
				]
			},
			{
				"name": "blink",
				"parent": "head",
				"pivot": [0, 18, 0],
				"cubes": [
					{"origin": [-4, 18, -4.001], "size": [8, 8, 0], "uv": [82, 41]}
				]
			},
			{
				"name": "bone26",
				"parent": "head",
				"pivot": [0, 18, 0]
			},
			{
				"name": "bone24",
				"parent": "bone26",
				"pivot": [0, 0, 0],
				"cubes": [
					{"origin": [-3.5, 22.75, -4.5], "size": [7, 3, 1], "uv": [16, 51]},
					{"origin": [-3.5, 16.75, -4.25], "size": [1, 6, 0], "uv": [18, 107]},
					{"origin": [2.5, 16.75, -4.25], "size": [1, 6, 0], "uv": [18, 107], "mirror": true},
					{"origin": [3.25, 20.5, -4.499], "size": [1, 5, 1], "uv": [0, 107], "mirror": true},
					{"origin": [-4.25, 20.5, -4.499], "size": [1, 5, 1], "uv": [0, 115]}
				]
			},
			{
				"name": "bone25",
				"parent": "bone26",
				"pivot": [0, 18, 0]
			},
			{
				"name": "bone27",
				"parent": "bone25",
				"pivot": [5, 21.5, 0],
				"rotation": [0, 0, -20],
				"cubes": [
					{"origin": [3.25738, 20.13094, -3.5], "size": [2, 5, 7], "uv": [110, 13]}
				]
			},
			{
				"name": "bone28",
				"parent": "bone25",
				"pivot": [-4, 21.25, -0.5],
				"rotation": [0, 0, 20],
				"cubes": [
					{"origin": [-5.28258, 19.77385, -3.5], "size": [2, 5, 7], "uv": [110, 0]}
				]
			},
			{
				"name": "bone29",
				"parent": "bone25",
				"pivot": [-0.53258, 21.27385, 4],
				"rotation": [30, 0, 0],
				"cubes": [
					{"origin": [-3.53258, 19.77385, 3], "size": [7, 2, 1], "uv": [86, 11]}
				]
			},
			{
				"name": "armRight",
				"pivot": [-2, 17.5, 0],
				"rotation": [0, 0, 25],
				"cubes": [
					{"origin": [-4, 8.5, -1], "size": [2, 8, 2], "uv": [20, 67], "mirror": true},
					{"origin": [-4.5, 13.5, -1.5], "size": [3, 1, 3], "uv": [24, 95]},
					{"origin": [-4.5, 12, -1.5], "size": [3, 1, 3], "uv": [0, 95]},
					{"origin": [-4.5, 10, -1.5], "size": [3, 2, 4], "uv": [34, 49]},
					{"origin": [-4.5001, 10, -1.5], "size": [0, 2, 5], "uv": [58, 67]},
					{"origin": [-1.4999, 10, -1.5], "size": [0, 2, 5], "uv": [48, 67], "mirror": true},
					{"origin": [-4.5, 9.25, -1.5], "size": [3, 1, 4], "uv": [32, 61], "inflate": -0.25},
					{"origin": [-4.5, 12.75, -1.5], "size": [3, 1, 3], "uv": [72, 90], "inflate": -0.25}
				]
			},
			{
				"name": "bone17",
				"parent": "armRight",
				"pivot": [-4.27342, 9.10565, 2.5],
				"rotation": [0, 0, -10],
				"cubes": [
					{"origin": [-4.27342, 8.10565, 0.5], "size": [0, 2, 4], "uv": [56, 95]},
					{"origin": [-1.27342, 8.10565, 0.5], "size": [0, 2, 3], "uv": [46, 101]}
				]
			},
			{
				"name": "bone18",
				"parent": "bone17",
				"pivot": [-4.12853, 7.14448, 2.5],
				"rotation": [0, 0, -10],
				"cubes": [
					{"origin": [-4.12853, 0.14448, 0.5], "size": [0, 8, 4], "uv": [8, 49]},
					{"origin": [-1.12853, 4.75, 0.5], "size": [0, 3, 3], "uv": [18, 101]}
				]
			},
			{
				"name": "armLeft",
				"pivot": [2, 17.5, 0],
				"rotation": [0, 0, -25],
				"cubes": [
					{"origin": [1.5, 13.5, -1.5], "size": [3, 1, 3], "uv": [24, 95]},
					{"origin": [1.5, 12, -1.5], "size": [3, 1, 3], "uv": [0, 95]},
					{"origin": [1.5, 10, -1.5], "size": [3, 2, 4], "uv": [34, 49]},
					{"origin": [1.5, 9.25, -1.5], "size": [3, 1, 4], "uv": [32, 61], "inflate": -0.25},
					{"origin": [1.5, 12.75, -1.5], "size": [3, 1, 3], "uv": [72, 90], "inflate": -0.25, "mirror": true},
					{"origin": [2, 8.5, -1], "size": [2, 8, 2], "uv": [20, 67]},
					{"origin": [4.51, 10, -1.5], "size": [0, 2, 5], "uv": [58, 67], "mirror": true},
					{"origin": [1.499, 10, -1.5], "size": [0, 2, 5], "uv": [48, 67], "mirror": true}
				]
			},
			{
				"name": "bone19",
				"parent": "armLeft",
				"pivot": [4.349, 9, 1],
				"rotation": [0, 0, 15],
				"cubes": [
					{"origin": [4.349, 8, 0.5], "size": [0, 2, 4], "uv": [56, 95], "mirror": true},
					{"origin": [1.149, 8, 0.5], "size": [0, 2, 3], "uv": [46, 101], "mirror": true}
				]
			},
			{
				"name": "bone20",
				"parent": "bone19",
				"pivot": [4.099, 4.5, 1],
				"rotation": [0, 0, 5],
				"cubes": [
					{"origin": [4.099, 0, 0.5], "size": [0, 8, 4], "uv": [8, 49], "mirror": true},
					{"origin": [0.849, 4.75, 0.5], "size": [0, 3, 3], "uv": [18, 101], "mirror": true}
				]
			},
			{
				"name": "body",
				"pivot": [0, 10.5, 0],
				"cubes": [
					{"origin": [-3, 11.999, -3], "size": [6, 6, 6], "uv": [28, 16]},
					{"origin": [-3.5, 8, -3.5], "size": [7, 4, 7], "uv": [0, 16]}
				]
			},
			{
				"name": "bone5",
				"parent": "body",
				"pivot": [2.9, 12.499, -0.25],
				"rotation": [0, 5, -10],
				"cubes": [
					{"origin": [3.1, 11.999, -0.25], "size": [0, 1, 1], "uv": [0, 113]},
					{"origin": [3.1, 11.999, -1.25], "size": [0, 1, 1], "uv": [2, 113]}
				]
			},
			{
				"name": "bone23",
				"parent": "body",
				"pivot": [-3.3, 12.499, -0.25],
				"rotation": [0, -5, 10],
				"cubes": [
					{"origin": [-3.1, 11.999, -0.25], "size": [0, 1, 1], "uv": [0, 113]},
					{"origin": [-3.1, 11.999, -1.25], "size": [0, 1, 1], "uv": [2, 113]}
				]
			},
			{
				"name": "bone",
				"parent": "body",
				"pivot": [0, 15.999, -3.5],
				"rotation": [-15, 0, 0],
				"cubes": [
					{"origin": [-3, 13.499, -3.5], "size": [6, 4, 0], "uv": [24, 90]}
				]
			},
			{
				"name": "bone2",
				"parent": "body",
				"pivot": [0, 15.999, -3.25],
				"rotation": [-10, 0, 0],
				"cubes": [
					{"origin": [-3, 12.499, -3.25], "size": [6, 5, 0], "uv": [12, 90]}
				]
			},
			{
				"name": "bone6",
				"parent": "bone2",
				"pivot": [0, 10.04241, -3.0038],
				"rotation": [5, 0, 0],
				"cubes": [
					{"origin": [-3, 6.54241, -3.0038], "size": [6, 6, 0], "uv": [70, 61]}
				]
			},
			{
				"name": "bone7",
				"parent": "bone6",
				"pivot": [0, 5.54241, -3.0038],
				"rotation": [5, 0, 0],
				"cubes": [
					{"origin": [-3, 4.54241, -2.9038], "size": [6, 2, 0], "uv": [0, 101]}
				]
			},
			{
				"name": "bone3",
				"parent": "body",
				"pivot": [0, 15.999, 3.25],
				"rotation": [10, 0, 0],
				"cubes": [
					{"origin": [-3, 11.499, 3.25], "size": [6, 6, 0], "uv": [0, 67]}
				]
			},
			{
				"name": "bone4",
				"parent": "body",
				"pivot": [0, 10.099, 4.15],
				"rotation": [5, 0, 0],
				"cubes": [
					{"origin": [-3, 6.599, 4.15], "size": [6, 5, 0], "uv": [0, 90]}
				]
			},
			{
				"name": "bone8",
				"parent": "bone4",
				"pivot": [0, 5.10772, 4.05038],
				"rotation": [-5, 0, 0],
				"cubes": [
					{"origin": [-3, 3.60772, 4.05038], "size": [6, 3, 0], "uv": [36, 95]}
				]
			},
			{
				"name": "legLeft",
				"pivot": [2, 9, 0],
				"cubes": [
					{"origin": [0.249, 0, -1.5], "size": [3, 9, 3], "uv": [48, 37], "mirror": true}
				]
			},
			{
				"name": "legRight",
				"pivot": [-2, 9, 0],
				"cubes": [
					{"origin": [-3.249, 0, -1.5], "size": [3, 9, 3], "uv": [48, 37]}
				]
			}
		]
	}
}