{
	"format_version": "1.10.0",
	"geometry.model": {
		"texturewidth": 112,
		"textureheight": 112,
		"visible_bounds_width": 2,
		"visible_bounds_height": 2,
		"visible_bounds_offset": [0, 0, 0],
		"bones": [
			{
				"name": "head",
				"pivot": [0, 18, 0],
				"cubes": [
					{"origin": [-4, 18, -4], "size": [8, 8, 8], "uv": [24, 27]},
					{"origin": [-4.5, 18.75, -3.5], "size": [1, 4, 7], "uv": [32, 76]},
					{"origin": [3.5, 18.75, -3.5], "size": [1, 4, 7], "uv": [16, 76]},
					{"origin": [-4.25, 21.5, -4.25], "size": [1, 4, 1], "uv": [34, 100]},
					{"origin": [-1.75, 22.5, -4.25], "size": [2, 3, 1], "uv": [26, 104]},
					{"origin": [0.25, 21.5, -4.25], "size": [4, 4, 1], "uv": [16, 100]}
				]
			},
			{
				"name": "hat",
				"parent": "head",
				"pivot": [0, 0, 0]
			},
			{
				"name": "bone7",
				"parent": "hat",
				"pivot": [-2.70141, 20.40401, 0.7397],
				"cubes": [
					{"origin": [-4.74258, 24.93704, 0.29926], "size": [0, 4, 3], "uv": [73, 37], "inflate": -0.5},
					{"origin": [-4.81291, 25.01369, -0.19197], "size": [0, 4, 3], "uv": [84, 37], "inflate": -0.5}
				]
			},
			{
				"name": "bone15",
				"parent": "bone7",
				"pivot": [0, 0, 0]
			},
			{
				"name": "bone20",
				"parent": "bone15",
				"pivot": [0, 26, 0],
				"rotation": [0, -90, 0]
			},
			{
				"name": "bone21",
				"parent": "bone20",
				"pivot": [0, 26, 3.98481],
				"rotation": [10.15589, 0, 0],
				"cubes": [
					{"origin": [-3, 25.82635, -0.01519], "size": [6, 2, 4], "uv": [92, 0], "inflate": 0.2}
				]
			},
			{
				"name": "bone22",
				"parent": "bone21",
				"pivot": [-3, 25.82635, 3.98481],
				"rotation": [0, 0, 10],
				"cubes": [
					{"origin": [-4, 25.82635, 3.98481], "size": [1, 2, 0], "uv": [0, 0], "inflate": 0.2}
				]
			},
			{
				"name": "bone23",
				"parent": "bone21",
				"pivot": [3, 25.82635, 3.98481],
				"rotation": [0, 0, -10],
				"cubes": [
					{"origin": [3, 25.82635, 3.98481], "size": [1, 2, 0], "uv": [0, 0], "inflate": 0.2}
				]
			},
			{
				"name": "bone28",
				"parent": "bone15",
				"pivot": [0, 26, 0],
				"rotation": [0, -270, 0]
			},
			{
				"name": "bone29",
				"parent": "bone28",
				"pivot": [0, 26, 3.98481],
				"rotation": [10.15589, 0, 0],
				"cubes": [
					{"origin": [-3, 25.82635, -0.01519], "size": [6, 2, 4], "uv": [92, 0], "inflate": 0.2}
				]
			},
			{
				"name": "bone30",
				"parent": "bone29",
				"pivot": [-3, 25.82635, 3.98481],
				"rotation": [0, 0, 10],
				"cubes": [
					{"origin": [-4, 25.82635, 3.98481], "size": [1, 2, 0], "uv": [0, 0], "inflate": 0.2}
				]
			},
			{
				"name": "bone31",
				"parent": "bone29",
				"pivot": [3, 25.82635, 3.98481],
				"rotation": [0, 0, -10],
				"cubes": [
					{"origin": [3, 25.82635, 3.98481], "size": [1, 2, 0], "uv": [0, 0], "inflate": 0.2}
				]
			},
			{
				"name": "bone16",
				"parent": "bone15",
				"pivot": [0, 26, 0]
			},
			{
				"name": "bone17",
				"parent": "bone16",
				"pivot": [0, 26, 3.98481],
				"rotation": [10.15589, 0, 0],
				"cubes": [
					{"origin": [-3, 25.82635, -0.01519], "size": [6, 2, 4], "uv": [92, 0], "inflate": 0.2}
				]
			},
			{
				"name": "bone18",
				"parent": "bone17",
				"pivot": [-3, 25.82635, 3.98481],
				"rotation": [0, 0, 10],
				"cubes": [
					{"origin": [-4, 25.82635, -0.01519], "size": [1, 2, 4], "uv": [0, 0], "inflate": 0.2}
				]
			},
			{
				"name": "bone19",
				"parent": "bone17",
				"pivot": [3, 25.82635, 3.98481],
				"rotation": [0, 0, -10],
				"cubes": [
					{"origin": [3, 25.82635, -0.01519], "size": [1, 2, 4], "uv": [0, 0], "inflate": 0.2}
				]
			},
			{
				"name": "bone24",
				"parent": "bone15",
				"pivot": [0, 26, 0],
				"rotation": [0, -180, 0]
			},
			{
				"name": "bone25",
				"parent": "bone24",
				"pivot": [0, 26, 3.98481],
				"rotation": [10.15589, 0, 0],
				"cubes": [
					{"origin": [-3, 25.82635, -0.01519], "size": [6, 2, 4], "uv": [92, 0], "inflate": 0.2}
				]
			},
			{
				"name": "bone26",
				"parent": "bone25",
				"pivot": [-3, 25.82635, 3.98481],
				"rotation": [0, 0, 10],
				"cubes": [
					{"origin": [-4, 25.82635, -0.01519], "size": [1, 2, 4], "uv": [0, 0], "inflate": 0.2}
				]
			},
			{
				"name": "bone27",
				"parent": "bone25",
				"pivot": [3, 25.82635, 3.98481],
				"rotation": [0, 0, -10],
				"cubes": [
					{"origin": [3, 25.82635, -0.01519], "size": [1, 2, 4], "uv": [0, 0], "inflate": 0.2}
				]
			},
			{
				"name": "bone34",
				"parent": "bone7",
				"pivot": [0, 25.5, 0],
				"cubes": [
					{"origin": [-6, 25, -6], "size": [12, 1, 12], "uv": [0, 12]}
				]
			},
			{
				"name": "bone3",
				"parent": "hat",
				"pivot": [-0.25, 24.95, 0],
				"rotation": [0, 0, -2]
			},
			{
				"name": "bone5",
				"parent": "bone3",
				"pivot": [6.90076, 16.98497, -0.24161],
				"rotation": [0, 0, -4],
				"cubes": [
					{"origin": [6.06198, 19.87312, -5.83235], "size": [0, 6, 12], "uv": [0, 27]}
				]
			},
			{
				"name": "bone32",
				"parent": "bone5",
				"pivot": [7.0565, 15.26859, -0.33235],
				"rotation": [0, 0, 5],
				"cubes": [
					{"origin": [5.65666, 10.78604, -5.83235], "size": [0, 9, 12], "uv": [0, 33]}
				]
			},
			{
				"name": "bone4",
				"parent": "bone3",
				"pivot": [-6.73939, 17.08003, -0.25171],
				"rotation": [0, 0, 9],
				"cubes": [
					{"origin": [-6.84354, 20.22045, -5.84245], "size": [0, 6, 12], "uv": [0, 27]}
				]
			},
			{
				"name": "bone33",
				"parent": "bone4",
				"pivot": [-6.51754, 16.23307, -0.34245],
				"rotation": [0, 0, -5],
				"cubes": [
					{"origin": [-6.51754, 11.23307, -5.84245], "size": [0, 9, 12], "uv": [0, 33]}
				]
			},
			{
				"name": "bone",
				"parent": "head",
				"pivot": [0, 0, 0],
				"cubes": [
					{"origin": [3.5, 19, 3.5], "size": [1, 1, 1], "uv": [8, 110]},
					{"origin": [3.25, 17.25, 3.25], "size": [2, 2, 2], "uv": [26, 100], "inflate": -0.25},
					{"origin": [4.25, 16.5, 4.25], "size": [1, 1, 1], "uv": [4, 110]}
				]
			},
			{
				"name": "bone2",
				"parent": "head",
				"pivot": [0, 18.25, 0],
				"cubes": [
					{"origin": [-4.5, 19, 3.5], "size": [1, 1, 1], "uv": [0, 110]},
					{"origin": [-5.25, 17.25, 3.25], "size": [2, 2, 2], "uv": [16, 105], "inflate": -0.25},
					{"origin": [-5.25, 16.5, 4.25], "size": [1, 1, 1], "uv": [34, 105]}
				]
			},
			{
				"name": "blink",
				"parent": "head",
				"pivot": [0, 18, 0],
				"cubes": [
					{"origin": [-4, 18, -4.001], "size": [8, 8, 0], "uv": [12, 88]}
				]
			},
			{
				"name": "armRight",
				"pivot": [-2, 17.5, 0],
				"rotation": [0, 0, 25],
				"cubes": [
					{"origin": [-4, 8.5, -1], "size": [2, 8, 2], "uv": [8, 100]}
				]
			},
			{
				"name": "armLeft",
				"pivot": [2, 17.5, 0],
				"rotation": [0, 0, -25],
				"cubes": [
					{"origin": [2, 8.5, -1], "size": [2, 8, 2], "uv": [0, 100]}
				]
			},
			{
				"name": "body",
				"pivot": [0, 10.5, 0],
				"cubes": [
					{"origin": [-3, 11.999, -3], "size": [6, 6, 6], "uv": [28, 64]}
				]
			},
			{
				"name": "bone8",
				"parent": "body",
				"pivot": [0.5, 10.999, -4.25],
				"rotation": [-13, 0, 0],
				"cubes": [
					{"origin": [-1.5, 5.999, -4.25], "size": [5, 10, 0], "uv": [28, 88]}
				]
			},
			{
				"name": "bone6",
				"parent": "body",
				"pivot": [0, 12.499, 4.6],
				"rotation": [15, 0, 0],
				"cubes": [
					{"origin": [-4, 6.999, 4.6], "size": [8, 11, 0], "uv": [0, 76]}
				]
			},
			{
				"name": "bone35",
				"parent": "body",
				"pivot": [0, 10.5, 0],
				"cubes": [
					{"origin": [-3.5, 10.25, -3.5], "size": [7, 2, 7], "uv": [0, 64], "inflate": -0.25},
					{"origin": [-4, 8.75, -4], "size": [8, 2, 8], "uv": [68, 54], "inflate": -0.25},
					{"origin": [-4.5, 8.25, -4.5], "size": [9, 1, 9], "uv": [0, 54], "inflate": -0.25}
				]
			},
			{
				"name": "legLeft",
				"pivot": [2, 9, 0],
				"cubes": [
					{"origin": [0.499, 0, -1.5], "size": [3, 9, 3], "uv": [0, 88]}
				]
			},
			{
				"name": "bone11",
				"parent": "legLeft",
				"pivot": [1.351, 1.5, -1.75]
			},
			{
				"name": "bone10",
				"parent": "bone11",
				"pivot": [4.25, 0, -0.5],
				"rotation": [0, 15, 0],
				"cubes": [
					{"origin": [2.25, 1, -2], "size": [2, 1, 0], "uv": [16, 110]}
				]
			},
			{
				"name": "bone9",
				"parent": "bone11",
				"pivot": [1.351, 1.5, -1.75],
				"rotation": [0, -15, 0],
				"cubes": [
					{"origin": [0.351, 1, -1.75], "size": [2, 1, 0], "uv": [16, 111]}
				]
			},
			{
				"name": "legRight",
				"pivot": [-2, 9, 0],
				"cubes": [
					{"origin": [-3.499, 0, -1.5], "size": [3, 9, 3], "uv": [48, 76]}
				]
			},
			{
				"name": "bone12",
				"parent": "legRight",
				"pivot": [-2.899, 1.5, -1.75]
			},
			{
				"name": "bone13",
				"parent": "bone12",
				"pivot": [0, 0, -0.5],
				"rotation": [0, 15, 0],
				"cubes": [
					{"origin": [-2, 1, -2], "size": [2, 1, 0], "uv": [12, 111]}
				]
			},
			{
				"name": "bone14",
				"parent": "bone12",
				"pivot": [-2.899, 1.5, -1.75],
				"rotation": [0, -15, 0],
				"cubes": [
					{"origin": [-3.899, 1, -1.75], "size": [2, 1, 0], "uv": [12, 110]}
				]
			}
		]
	}
}