{
	"format_version": "1.10.0",
	"geometry.model": {
		"texturewidth": 80,
		"textureheight": 80,
		"visible_bounds_width": 3,
		"visible_bounds_height": 2,
		"visible_bounds_offset": [0, 0, 0],
		"bones": [
			{
				"name": "head",
				"pivot": [0, 18, 0],
				"cubes": [
					{"origin": [-4, 18, -4], "size": [8, 8, 8], "uv": [0, 0]}
				]
			},
			{
				"name": "bone48",
				"parent": "head",
				"pivot": [-7.5, 0, 0.5],
				"cubes": [
					{"origin": [-4.5, 19, -3.5], "size": [1, 4, 7], "uv": [64, 11]},
					{"origin": [-3.5, 19, 3.5], "size": [7, 3, 1], "uv": [44, 13]},
					{"origin": [3.5, 19, -3.5], "size": [1, 4, 7], "uv": [64, 0]}
				]
			},
			{
				"name": "blink",
				"parent": "head",
				"pivot": [0, 18, 0],
				"cubes": [
					{"origin": [-4, 18, -4.001], "size": [8, 8, 0], "uv": [24, 27]}
				]
			},
			{
				"name": "bone45",
				"parent": "head",
				"pivot": [0, 0, 0],
				"cubes": [
					{"origin": [-1, 23.25, -4.5], "size": [2, 3, 1], "uv": [24, 65]},
					{"origin": [-4.03231, 16.11882, -4.5], "size": [1, 5, 1], "uv": [20, 65], "inflate": -0.25},
					{"origin": [2.96769, 16.11882, -4.5], "size": [1, 5, 1], "uv": [16, 65], "inflate": -0.25},
					{"origin": [2.96769, 20.86882, -4.4], "size": [1, 2, 1], "uv": [24, 75]},
					{"origin": [-4.03231, 20.86882, -4.4], "size": [1, 2, 1], "uv": [20, 75]}
				]
			},
			{
				"name": "bone9",
				"parent": "bone45",
				"pivot": [0, 26, -1],
				"rotation": [-35, 5, 55],
				"cubes": [
					{"origin": [0, 26, -2], "size": [0, 1, 1], "uv": [42, 78]}
				]
			},
			{
				"name": "bone10",
				"parent": "bone45",
				"pivot": [0, 26, -1],
				"rotation": [-40, 0, -55],
				"cubes": [
					{"origin": [0, 26, -2], "size": [0, 1, 1], "uv": [40, 78]}
				]
			},
			{
				"name": "bone11",
				"parent": "bone45",
				"pivot": [-0.5, 23.5, 0],
				"rotation": [0, 0, 14],
				"cubes": [
					{"origin": [-3.5, 21.75, -4.5], "size": [2, 4, 1], "uv": [56, 60]}
				]
			},
			{
				"name": "bone12",
				"parent": "bone45",
				"pivot": [-0.5, 22.75, 0.75],
				"rotation": [0, 0, -15],
				"cubes": [
					{"origin": [1.6, 21.5, -4.5], "size": [2, 4, 1], "uv": [50, 60]}
				]
			},
			{
				"name": "bone70",
				"parent": "head",
				"pivot": [0, 26, 0]
			},
			{
				"name": "bone",
				"parent": "bone70",
				"pivot": [0, 18, 0],
				"cubes": [
					{"origin": [-5, 21.25, -1], "size": [2, 2, 2], "uv": [10, 60], "inflate": 0.5},
					{"origin": [-5, 23.6, -0.5], "size": [1, 3, 1], "uv": [40, 71], "inflate": -0.4},
					{"origin": [-4.8, 25.45, -0.5], "size": [1, 2, 1], "uv": [32, 75], "inflate": -0.4},
					{"origin": [-4.6, 26.65, -0.5], "size": [1, 1, 1], "uv": [36, 78], "inflate": -0.4},
					{"origin": [-4.4, 26.85, -0.5], "size": [2, 1, 1], "uv": [34, 71], "inflate": -0.4},
					{"origin": [-3.6, 27.05, -0.5], "size": [4, 1, 1], "uv": [0, 60], "inflate": -0.4},
					{"origin": [-0.75, 26.5, -0.45], "size": [1, 2, 1], "uv": [28, 75], "inflate": -0.25},
					{"origin": [-1.25, 27.1, -0.45], "size": [1, 1, 1], "uv": [40, 75], "inflate": -0.25}
				]
			},
			{
				"name": "bone5",
				"parent": "bone",
				"pivot": [0.35, 17.6, 0.45],
				"cubes": [
					{"origin": [-4.6499, 20.8, -1], "size": [1, 1, 2], "uv": [0, 71], "inflate": 0.5},
					{"origin": [-4.6501, 21.25, 0.45], "size": [1, 2, 1], "uv": [16, 75], "inflate": 0.5},
					{"origin": [-4.65, 20.85, 0.4], "size": [1, 1, 1], "uv": [28, 78], "inflate": 0.5},
					{"origin": [-4.6498, 20.85, -1.4], "size": [1, 1, 1], "uv": [32, 78], "inflate": 0.5},
					{"origin": [-4.6497, 21.25, -1.45], "size": [1, 2, 1], "uv": [36, 75], "inflate": 0.5},
					{"origin": [-4.6496, 22.65, -1.4], "size": [1, 1, 1], "uv": [20, 78], "inflate": 0.5},
					{"origin": [-4.6495, 22.7, -1], "size": [1, 1, 2], "uv": [6, 71], "inflate": 0.5},
					{"origin": [-4.65, 22.65, 0.4], "size": [1, 1, 1], "uv": [24, 78], "inflate": 0.5}
				]
			},
			{
				"name": "bone4",
				"parent": "bone",
				"pivot": [-6, 23.5, 0.5],
				"rotation": [130, 0, 0]
			},
			{
				"name": "bone3",
				"parent": "bone",
				"pivot": [-6, 23.5, 0.5],
				"rotation": [45, 0, 0]
			},
			{
				"name": "bone2",
				"parent": "bone",
				"pivot": [-6, 23.5, 0.5],
				"rotation": [0, 0, 40]
			},
			{
				"name": "bone6",
				"parent": "bone70",
				"pivot": [0, 18, 0],
				"rotation": [0, 180, 0],
				"cubes": [
					{"origin": [-5, 21.25, -1], "size": [2, 2, 2], "uv": [24, 56], "inflate": 0.5},
					{"origin": [-5, 23.6, -0.5], "size": [1, 3, 1], "uv": [30, 71], "inflate": -0.4},
					{"origin": [-4.8, 25.45, -0.5], "size": [1, 2, 1], "uv": [4, 75], "inflate": -0.4},
					{"origin": [-4.6, 26.65, -0.5], "size": [1, 1, 1], "uv": [0, 78], "inflate": -0.4},
					{"origin": [-4.4, 26.85, -0.5], "size": [2, 1, 1], "uv": [24, 71], "inflate": -0.4},
					{"origin": [-3.6, 27.05, -0.5], "size": [4, 1, 1], "uv": [12, 58], "inflate": -0.4},
					{"origin": [-0.75, 26.5, -0.55], "size": [1, 2, 1], "uv": [0, 75], "inflate": -0.25},
					{"origin": [-1.25, 27.1, -0.55], "size": [1, 1, 1], "uv": [44, 75], "inflate": -0.25}
				]
			},
			{
				"name": "bone7",
				"parent": "bone6",
				"pivot": [0.35, 17.6, 0.45],
				"cubes": [
					{"origin": [-4.6499, 20.8, -1], "size": [1, 1, 2], "uv": [30, 68], "inflate": 0.5},
					{"origin": [-4.6501, 21.25, 0.45], "size": [1, 2, 1], "uv": [12, 75], "inflate": 0.5},
					{"origin": [-4.65, 20.85, 0.4], "size": [1, 1, 1], "uv": [16, 78], "inflate": 0.5},
					{"origin": [-4.6498, 20.85, -1.4], "size": [1, 1, 1], "uv": [12, 78], "inflate": 0.5},
					{"origin": [-4.6497, 21.25, -1.45], "size": [1, 2, 1], "uv": [8, 75], "inflate": 0.5},
					{"origin": [-4.6496, 22.65, -1.4], "size": [1, 1, 1], "uv": [8, 78], "inflate": 0.5},
					{"origin": [-4.6495, 22.7, -1], "size": [1, 1, 2], "uv": [30, 65], "inflate": 0.5},
					{"origin": [-4.65, 22.65, 0.4], "size": [1, 1, 1], "uv": [4, 78], "inflate": 0.5}
				]
			},
			{
				"name": "bone8",
				"parent": "bone6",
				"pivot": [-6, 23.5, 0.5],
				"rotation": [130, 0, 0]
			},
			{
				"name": "bone46",
				"parent": "bone6",
				"pivot": [-6, 23.5, 0.5],
				"rotation": [45, 0, 0]
			},
			{
				"name": "bone47",
				"parent": "bone6",
				"pivot": [-6, 23.5, 0.5],
				"rotation": [0, 0, 40]
			},
			{
				"name": "armRight",
				"pivot": [-2, 17.5, 0],
				"rotation": [0, 0, 25],
				"cubes": [
					{"origin": [-4, 8.5, -1], "size": [2, 8, 2], "uv": [36, 39]},
					{"origin": [-4.5, 10.2, -1.5], "size": [3, 2, 4], "uv": [0, 39], "inflate": -0.1},
					{"origin": [-4.5, 12, -1.5], "size": [3, 2, 3], "uv": [0, 49], "inflate": -0.1}
				]
			},
			{
				"name": "armLeft",
				"pivot": [2, 17.5, 0],
				"rotation": [0, 0, -25],
				"cubes": [
					{"origin": [1.5, 10.2, -1.5], "size": [3, 2, 4], "uv": [0, 39], "inflate": -0.1},
					{"origin": [1.5, 12, -1.5], "size": [3, 2, 3], "uv": [0, 49], "inflate": -0.1, "mirror": true},
					{"origin": [2, 8.5, -1], "size": [2, 8, 2], "uv": [28, 39]}
				]
			},
			{
				"name": "body",
				"pivot": [0, 10.5, 0],
				"cubes": [
					{"origin": [-3, 12.999, -3], "size": [6, 5, 6], "uv": [0, 16]},
					{"origin": [-3.5, 7, -3.5], "size": [7, 6, 7], "uv": [32, 0]},
					{"origin": [-3.25, 14, -3.5], "size": [1, 4, 7], "uv": [40, 16], "inflate": -0.2},
					{"origin": [2.25, 14, -3.5], "size": [1, 4, 7], "uv": [40, 16], "inflate": -0.2, "mirror": true},
					{"origin": [-3, 13.999, 2.499], "size": [6, 4, 1], "uv": [14, 39], "inflate": -0.2}
				]
			},
			{
				"name": "legLeft",
				"pivot": [2, 9, 0],
				"cubes": [
					{"origin": [0.249, 0, -1.5], "size": [3, 9, 3], "uv": [12, 27]}
				]
			},
			{
				"name": "legRight",
				"pivot": [-2, 9, 0],
				"cubes": [
					{"origin": [-3.249, 0, -1.5], "size": [3, 9, 3], "uv": [0, 27]}
				]
			},
			{
				"name": "SKIRT",
				"pivot": [0, 0, 0]
			},
			{
				"name": "skirt1",
				"parent": "SKIRT",
				"pivot": [0, 0, 0]
			},
			{
				"name": "1",
				"parent": "skirt1",
				"pivot": [-4, 16, -2.75],
				"rotation": [-45, 0, 0],
				"cubes": [
					{"origin": [-3, 13.4083, -1.51186], "size": [6, 1, 0], "uv": [12, 57]}
				]
			},
			{
				"name": "2",
				"parent": "skirt1",
				"pivot": [-4, 15, -2.75],
				"rotation": [-35, 0, 0],
				"cubes": [
					{"origin": [-3, 11.05165, -2.5533], "size": [6, 2, 0], "uv": [0, 56]}
				]
			},
			{
				"name": "3",
				"parent": "skirt1",
				"pivot": [-4, 13, -2.75],
				"rotation": [-15, 0, 0],
				"cubes": [
					{"origin": [-3, 8.154, -4.43328], "size": [6, 3, 0], "uv": [48, 49]}
				]
			},
			{
				"name": "4",
				"parent": "skirt1",
				"pivot": [-4, 11, -2.75],
				"cubes": [
					{"origin": [-3, 6.75453, -5.63019], "size": [6, 2, 0], "uv": [60, 54]}
				]
			},
			{
				"name": "skirt3",
				"parent": "SKIRT",
				"pivot": [0, 0, 0],
				"rotation": [0, 180, 0]
			},
			{
				"name": "9",
				"parent": "skirt3",
				"pivot": [-4, 16, -2.75],
				"rotation": [-45, 0, 0],
				"cubes": [
					{"origin": [-3, 13.4083, -1.51186], "size": [6, 1, 0], "uv": [12, 57]}
				]
			},
			{
				"name": "10",
				"parent": "skirt3",
				"pivot": [-4, 15, -2.75],
				"rotation": [-35, 0, 0],
				"cubes": [
					{"origin": [-3, 11.05165, -2.5533], "size": [6, 2, 0], "uv": [0, 56], "mirror": true}
				]
			},
			{
				"name": "11",
				"parent": "skirt3",
				"pivot": [-4, 13, -2.75],
				"rotation": [-15, 0, 0],
				"cubes": [
					{"origin": [-3, 8.154, -4.43328], "size": [6, 3, 0], "uv": [48, 49], "mirror": true}
				]
			},
			{
				"name": "12",
				"parent": "skirt3",
				"pivot": [-4, 11, -2.75],
				"cubes": [
					{"origin": [-3, 6.75453, -5.63019], "size": [6, 2, 0], "uv": [60, 54], "mirror": true}
				]
			},
			{
				"name": "skirt2",
				"parent": "SKIRT",
				"pivot": [0, 0, 0],
				"rotation": [0, -90, 0]
			},
			{
				"name": "5",
				"parent": "skirt2",
				"pivot": [-4, 16, -2.75],
				"rotation": [-45, 0, 0],
				"cubes": [
					{"origin": [-3, 13.4083, -1.51186], "size": [6, 1, 0], "uv": [0, 58], "mirror": true}
				]
			},
			{
				"name": "6",
				"parent": "skirt2",
				"pivot": [-4, 15, -2.75],
				"rotation": [-35, 0, 0],
				"cubes": [
					{"origin": [-3, 11.05165, -2.5533], "size": [6, 2, 0], "uv": [0, 54]}
				]
			},
			{
				"name": "7",
				"parent": "skirt2",
				"pivot": [-4, 13, -2.75],
				"rotation": [-15, 0, 0],
				"cubes": [
					{"origin": [-3, 8.154, -4.43328], "size": [6, 3, 0], "uv": [12, 49]}
				]
			},
			{
				"name": "8",
				"parent": "skirt2",
				"pivot": [-4, 11, -2.75],
				"cubes": [
					{"origin": [-3, 6.75453, -5.63019], "size": [6, 2, 0], "uv": [48, 52]}
				]
			},
			{
				"name": "skirt4",
				"parent": "SKIRT",
				"pivot": [0, 0, 0],
				"rotation": [0, 90, 0]
			},
			{
				"name": "13",
				"parent": "skirt4",
				"pivot": [-4, 16, -2.75],
				"rotation": [-45, 0, 0],
				"cubes": [
					{"origin": [-3, 13.4083, -1.51186], "size": [6, 1, 0], "uv": [0, 58]}
				]
			},
			{
				"name": "14",
				"parent": "skirt4",
				"pivot": [-4, 15, -2.75],
				"rotation": [-35, 0, 0],
				"cubes": [
					{"origin": [-3, 11.05165, -2.5533], "size": [6, 2, 0], "uv": [0, 54]}
				]
			},
			{
				"name": "15",
				"parent": "skirt4",
				"pivot": [-4, 13, -2.75],
				"rotation": [-15, 0, 0],
				"cubes": [
					{"origin": [-3, 8.154, -4.43328], "size": [6, 3, 0], "uv": [12, 49]}
				]
			},
			{
				"name": "16",
				"parent": "skirt4",
				"pivot": [-4, 11, -2.75],
				"cubes": [
					{"origin": [-3, 6.75453, -5.63019], "size": [6, 2, 0], "uv": [48, 52]}
				]
			},
			{
				"name": "bone13",
				"parent": "SKIRT",
				"pivot": [0, 0, 0]
			},
			{
				"name": "skirt5",
				"parent": "bone13",
				"pivot": [0, 0, 0],
				"rotation": [0, -45, 0]
			},
			{
				"name": "17",
				"parent": "skirt5",
				"pivot": [2, 16, -2.75],
				"rotation": [-45, 0, 0]
			},
			{
				"name": "18",
				"parent": "skirt5",
				"pivot": [2, 15, -2.75],
				"rotation": [-35, 0, 0],
				"cubes": [
					{"origin": [-1.48934, 10.55029, -3.1265], "size": [3, 2, 0], "uv": [12, 71], "mirror": true}
				]
			},
			{
				"name": "19",
				"parent": "skirt5",
				"pivot": [2, 13, -3.75],
				"rotation": [-10, 0, 0],
				"cubes": [
					{"origin": [-2.04088, 8.28169, -5.28874], "size": [4, 3, 0], "uv": [18, 60], "mirror": true}
				]
			},
			{
				"name": "20",
				"parent": "skirt5",
				"pivot": [2, 11, -2.75],
				"cubes": [
					{"origin": [-2.04088, 6.75453, -6.10176], "size": [4, 2, 0], "uv": [0, 65], "mirror": true}
				]
			},
			{
				"name": "skirt6",
				"parent": "bone13",
				"pivot": [0, 0, 0],
				"rotation": [0, -135, 0]
			},
			{
				"name": "21",
				"parent": "skirt6",
				"pivot": [2, 16, -2.75],
				"rotation": [-45, 0, 0]
			},
			{
				"name": "22",
				"parent": "skirt6",
				"pivot": [2, 15, -2.75],
				"rotation": [-35, 0, 0],
				"cubes": [
					{"origin": [-1.48934, 10.55029, -3.1265], "size": [3, 2, 0], "uv": [12, 71]}
				]
			},
			{
				"name": "23",
				"parent": "skirt6",
				"pivot": [2, 13, -3.75],
				"rotation": [-10, 0, 0],
				"cubes": [
					{"origin": [-2.04088, 8.28169, -5.28874], "size": [4, 3, 0], "uv": [18, 60]}
				]
			},
			{
				"name": "24",
				"parent": "skirt6",
				"pivot": [2, 11, -2.75],
				"cubes": [
					{"origin": [-2.04088, 6.75453, -6.10176], "size": [4, 2, 0], "uv": [0, 65]}
				]
			},
			{
				"name": "skirt7",
				"parent": "bone13",
				"pivot": [0, 0, 0],
				"rotation": [0, 135, 0]
			},
			{
				"name": "25",
				"parent": "skirt7",
				"pivot": [2, 16, -2.75],
				"rotation": [-45, 0, 0]
			},
			{
				"name": "26",
				"parent": "skirt7",
				"pivot": [2, 15, -2.75],
				"rotation": [-35, 0, 0],
				"cubes": [
					{"origin": [-1.48934, 10.55029, -3.1265], "size": [3, 2, 0], "uv": [12, 71], "mirror": true}
				]
			},
			{
				"name": "27",
				"parent": "skirt7",
				"pivot": [2, 13, -3.75],
				"rotation": [-10, 0, 0],
				"cubes": [
					{"origin": [-2.04088, 8.28169, -5.28874], "size": [4, 3, 0], "uv": [18, 60], "mirror": true}
				]
			},
			{
				"name": "28",
				"parent": "skirt7",
				"pivot": [2, 11, -2.75],
				"cubes": [
					{"origin": [-2.04088, 6.75453, -6.10176], "size": [4, 2, 0], "uv": [0, 65], "mirror": true}
				]
			},
			{
				"name": "skirt8",
				"parent": "bone13",
				"pivot": [0, 0, 0],
				"rotation": [0, 45, 0]
			},
			{
				"name": "29",
				"parent": "skirt8",
				"pivot": [2, 16, -2.75],
				"rotation": [-45, 0, 0]
			},
			{
				"name": "30",
				"parent": "skirt8",
				"pivot": [2, 15, -2.75],
				"rotation": [-35, 0, 0],
				"cubes": [
					{"origin": [-1.48934, 10.55029, -3.1265], "size": [3, 2, 0], "uv": [12, 71]}
				]
			},
			{
				"name": "31",
				"parent": "skirt8",
				"pivot": [2, 13, -3.75],
				"rotation": [-10, 0, 0],
				"cubes": [
					{"origin": [-2.04088, 8.28169, -5.28874], "size": [4, 3, 0], "uv": [18, 60]}
				]
			},
			{
				"name": "32",
				"parent": "skirt8",
				"pivot": [2, 11, -2.75],
				"cubes": [
					{"origin": [-2.04088, 6.75453, -6.10176], "size": [4, 2, 0], "uv": [0, 65]}
				]
			},
			{
				"name": "sinFloat",
				"pivot": [0, 13, -1.25],
				"rotation": [50, 0, 0]
			},
			{
				"name": "33",
				"parent": "sinFloat",
				"pivot": [1, 17, 0.75]
			},
			{
				"name": "bone21",
				"parent": "33",
				"pivot": [-5, 16, 1.75],
				"cubes": [
					{"origin": [-7, 15.25, -1.25], "size": [2, 1, 1], "uv": [72, 69]}
				]
			},
			{
				"name": "bone22",
				"parent": "33",
				"pivot": [-6, 16.5, 2.25],
				"rotation": [-10, 0, 0],
				"cubes": [
					{"origin": [-7, 14.81968, -0.16861], "size": [1.9, 1, 2], "uv": [72, 71]}
				]
			},
			{
				"name": "bone23",
				"parent": "33",
				"pivot": [-6, 13.5, 2.25],
				"rotation": [-35, 0, 0],
				"cubes": [
					{"origin": [-7, 14.16396, 0.4374], "size": [1.9, 1, 2], "uv": [72, 74]}
				]
			},
			{
				"name": "bone24",
				"parent": "33",
				"pivot": [-6, 14.70475, 3.46467],
				"rotation": [-65, 0, 0],
				"cubes": [
					{"origin": [-7, 13.62947, 3.37352], "size": [2, 1, 2], "uv": [58, 65]}
				]
			},
			{
				"name": "bone25",
				"parent": "33",
				"pivot": [-6, 13.06645, 4.61183],
				"rotation": [-80, 0, 0],
				"cubes": [
					{"origin": [-7, 11.64254, 4.6625], "size": [3, 1, 2], "uv": [58, 68]}
				]
			},
			{
				"name": "bone26",
				"parent": "33",
				"pivot": [-3.6, 10.63076, 5.15195],
				"rotation": [-65, 0, 0],
				"cubes": [
					{"origin": [-6, 9.26446, 4.32846], "size": [2, 1, 2], "uv": [58, 71]}
				]
			},
			{
				"name": "bone40",
				"parent": "33",
				"pivot": [-3.6, 8.81814, 5.99719],
				"rotation": [-45, 0, 0],
				"cubes": [
					{"origin": [-6, 7.81589, 4.75606], "size": [3, 1, 2], "uv": [58, 74]}
				]
			},
			{
				"name": "bone42",
				"parent": "33",
				"pivot": [3.4, 8.81814, 5.99719],
				"rotation": [-45, 0, 0],
				"cubes": [
					{"origin": [3, 7.81589, 4.75606], "size": [3, 1, 2], "uv": [58, 74]}
				]
			},
			{
				"name": "bone41",
				"parent": "33",
				"pivot": [-3.6, 7.40393, 7.4114],
				"rotation": [-25, 0, 0],
				"cubes": [
					{"origin": [-5, 6.88661, 4.90233], "size": [10, 1, 2], "uv": [56, 77]}
				]
			},
			{
				"name": "bone14",
				"parent": "33",
				"pivot": [-6, 16.5, -3.25],
				"rotation": [15, 0, 0],
				"cubes": [
					{"origin": [-7, 14.74088, -3.38285], "size": [2, 1, 2], "uv": [70, 66]}
				]
			},
			{
				"name": "bone15",
				"parent": "33",
				"pivot": [-6, 15.18887, -5.29096],
				"rotation": [35, 0, 0],
				"cubes": [
					{"origin": [-7, 13.42434, -5.25154], "size": [2, 1, 2], "uv": [70, 63]}
				]
			},
			{
				"name": "bone16",
				"parent": "33",
				"pivot": [-6, 13.11228, -5.64051],
				"rotation": [60, 0, 0],
				"cubes": [
					{"origin": [-7, 12.13829, -6.95474], "size": [2, 1, 3], "uv": [68, 59]}
				]
			},
			{
				"name": "bone17",
				"parent": "33",
				"pivot": [-6, 11.24324, -9.54145],
				"rotation": [80, 0, 0],
				"cubes": [
					{"origin": [-7, 7.20006, -10.24948], "size": [2, 1, 2], "uv": [70, 56]}
				]
			},
			{
				"name": "bone18",
				"parent": "33",
				"pivot": [-6, 10.11228, -8.64051],
				"rotation": [-29, 0, 0],
				"cubes": [
					{"origin": [-7, 9.31153, -6.92338], "size": [2, 2, 1], "uv": [72, 53]}
				]
			},
			{
				"name": "bone19",
				"parent": "33",
				"pivot": [-6, 6.11228, -8.64051],
				"rotation": [-65, 0, 0],
				"cubes": [
					{"origin": [-7, 6.75202, -10.59686], "size": [2, 2, 1], "uv": [72, 50]}
				]
			},
			{
				"name": "bone20",
				"parent": "33",
				"pivot": [-6, 4.53485, -6.94558],
				"rotation": [-90, 0, 0],
				"cubes": [
					{"origin": [-7, 1.01555, -10.66013], "size": [2, 2, 1], "uv": [72, 47]}
				]
			},
			{
				"name": "bone44",
				"parent": "bone20",
				"pivot": [6, 10.85605, -10.89186],
				"rotation": [-115, 0, 0],
				"cubes": [
					{"origin": [-7, 15.13115, -2.4939], "size": [2, 1, 1], "uv": [72, 45]}
				]
			},
			{
				"name": "34",
				"parent": "sinFloat",
				"pivot": [13, 17, 0.75]
			},
			{
				"name": "bone27",
				"parent": "34",
				"pivot": [7, 16, 1.75],
				"cubes": [
					{"origin": [5, 15.25, -1.25], "size": [2, 1, 1], "uv": [72, 69]}
				]
			},
			{
				"name": "bone28",
				"parent": "34",
				"pivot": [6, 16.5, 2.25],
				"rotation": [-10, 0, 0],
				"cubes": [
					{"origin": [5, 14.81968, -0.16861], "size": [1.9, 1, 2], "uv": [72, 71]}
				]
			},
			{
				"name": "bone29",
				"parent": "34",
				"pivot": [6, 13.5, 2.25],
				"rotation": [-35, 0, 0],
				"cubes": [
					{"origin": [5, 14.16396, 0.4374], "size": [1.9, 1, 2], "uv": [72, 74]}
				]
			},
			{
				"name": "bone30",
				"parent": "34",
				"pivot": [6, 14.70475, 3.46467],
				"rotation": [-65, 0, 0],
				"cubes": [
					{"origin": [5, 13.62947, 3.37352], "size": [2, 1, 2], "uv": [58, 65]}
				]
			},
			{
				"name": "bone31",
				"parent": "34",
				"pivot": [6, 13.06645, 4.61183],
				"rotation": [-80, 0, 0],
				"cubes": [
					{"origin": [4, 11.64254, 4.6625], "size": [3, 1, 2], "uv": [58, 68]}
				]
			},
			{
				"name": "bone32",
				"parent": "34",
				"pivot": [8.4, 10.63076, 5.15195],
				"rotation": [-65, 0, 0],
				"cubes": [
					{"origin": [4, 9.26446, 4.32846], "size": [2, 1, 2], "uv": [58, 71]}
				]
			},
			{
				"name": "bone33",
				"parent": "34",
				"pivot": [6, 16.5, -3.25],
				"rotation": [15, 0, 0],
				"cubes": [
					{"origin": [5, 14.74088, -3.38285], "size": [2, 1, 2], "uv": [70, 66]}
				]
			},
			{
				"name": "bone34",
				"parent": "34",
				"pivot": [6, 15.18887, -5.29096],
				"rotation": [35, 0, 0],
				"cubes": [
					{"origin": [5, 13.42434, -5.25154], "size": [2, 1, 2], "uv": [70, 63]}
				]
			},
			{
				"name": "bone35",
				"parent": "34",
				"pivot": [6, 13.11228, -5.64051],
				"rotation": [60, 0, 0],
				"cubes": [
					{"origin": [5, 12.13829, -6.95474], "size": [2, 1, 3], "uv": [68, 59]}
				]
			},
			{
				"name": "bone36",
				"parent": "34",
				"pivot": [6, 11.24324, -9.54145],
				"rotation": [80, 0, 0],
				"cubes": [
					{"origin": [5, 7.20006, -10.24948], "size": [2, 1, 2], "uv": [70, 56]}
				]
			},
			{
				"name": "bone37",
				"parent": "34",
				"pivot": [6, 10.11228, -8.64051],
				"rotation": [-29, 0, 0],
				"cubes": [
					{"origin": [5, 9.31153, -6.92338], "size": [2, 2, 1], "uv": [72, 53]}
				]
			},
			{
				"name": "bone38",
				"parent": "34",
				"pivot": [6, 7.4396, -8.62599],
				"rotation": [-65, 0, 0],
				"cubes": [
					{"origin": [5, 7.50523, -9.38552], "size": [2, 2, 1], "uv": [72, 50]}
				]
			},
			{
				"name": "bone39",
				"parent": "34",
				"pivot": [6, 8.79002, -9.96618],
				"rotation": [-90, 0, 0],
				"cubes": [
					{"origin": [5, 8.29132, -9.42556], "size": [2, 2, 1], "uv": [72, 47]}
				]
			},
			{
				"name": "bone43",
				"parent": "34",
				"pivot": [6, 17.29819, -8.33769],
				"rotation": [155, 0, 0],
				"cubes": [
					{"origin": [5, 26.39818, -10.234], "size": [2, 1, 1], "uv": [72, 45]}
				]
			}
		]
	}
}