{
	"format_version": "1.10.0",
	"geometry.model": {
		"texturewidth": 96,
		"textureheight": 96,
		"visible_bounds_width": 3,
		"visible_bounds_height": 2,
		"visible_bounds_offset": [0, 0, 0],
		"bones": [
			{
				"name": "head",
				"pivot": [0, 18, 0],
				"cubes": [
					{"origin": [-4, 18, -4], "size": [8, 8, 8], "uv": [0, 0]}
				]
			},
			{
				"name": "bone53",
				"parent": "head",
				"pivot": [0.75, 0, 7.5],
				"cubes": [
					{"origin": [-4.5, 19, -3.5], "size": [1, 3, 7], "uv": [0, 16]},
					{"origin": [3.5, 19, -3.5], "size": [1, 3, 7], "uv": [16, 16]},
					{"origin": [-3.5, 19, 3.5], "size": [7, 2, 1], "uv": [16, 42]}
				]
			},
			{
				"name": "bone20",
				"parent": "head",
				"pivot": [0, -0.5, 0],
				"cubes": [
					{"origin": [-4.34718, 18.36853, -4.5], "size": [1, 4, 1], "uv": [24, 80]},
					{"origin": [3.36866, 18.36792, -4.5], "size": [1, 4, 1], "uv": [20, 80]}
				]
			},
			{
				"name": "bone21",
				"parent": "bone20",
				"pivot": [-0.5, 24.25, -4],
				"rotation": [0, 0, -10],
				"cubes": [
					{"origin": [-1.2538, 22.20659, -4.5], "size": [2, 4, 1], "uv": [20, 75]}
				]
			},
			{
				"name": "bone27",
				"parent": "bone20",
				"pivot": [-1.5, 24.25, -4],
				"rotation": [0, 0, -5],
				"cubes": [
					{"origin": [-2.2538, 23.20659, -4.499], "size": [1, 3, 1], "uv": [16, 85]},
					{"origin": [0.9462, 22.95659, -4.5], "size": [1, 3, 1], "uv": [12, 85]}
				]
			},
			{
				"name": "bone23",
				"parent": "bone20",
				"pivot": [-2.25, 24.25, -4],
				"rotation": [0, 0, 20],
				"cubes": [
					{"origin": [-3.0038, 22.20659, -4.5], "size": [1, 4, 1], "uv": [12, 80]}
				]
			},
			{
				"name": "bone24",
				"parent": "bone20",
				"pivot": [-3.25, 24.25, -4],
				"rotation": [0, 0, 10],
				"cubes": [
					{"origin": [-4.0038, 22.20659, -4.5], "size": [1, 4, 1], "uv": [8, 80]}
				]
			},
			{
				"name": "bone22",
				"parent": "bone20",
				"pivot": [0, 24.25, -4],
				"rotation": [0, 0, 15],
				"cubes": [
					{"origin": [-0.0038, 22.29341, -4.499], "size": [1, 4, 1], "uv": [16, 80]}
				]
			},
			{
				"name": "bone25",
				"parent": "bone20",
				"pivot": [1.75, 24.25, -4],
				"rotation": [0, 0, -30],
				"cubes": [
					{"origin": [1.7462, 22.29341, -4.499], "size": [1, 4, 1], "uv": [4, 80]}
				]
			},
			{
				"name": "bone26",
				"parent": "bone20",
				"pivot": [3, 24, -4],
				"rotation": [0, 0, -15],
				"cubes": [
					{"origin": [2.89961, 22.06929, -4.5], "size": [1, 4, 1], "uv": [0, 80]}
				]
			},
			{
				"name": "blink",
				"parent": "head",
				"pivot": [0, 18, 0],
				"cubes": [
					{"origin": [-4, 18, -4.001], "size": [8, 8, 0], "uv": [24, 26]}
				]
			},
			{
				"name": "armRight",
				"pivot": [-2, 17.5, 0],
				"rotation": [0, 0, 25],
				"cubes": [
					{"origin": [-4, 8.5, -1], "size": [2, 8, 2], "uv": [38, 47]},
					{"origin": [-4.5, 13.25, -1.5], "size": [3, 2, 3], "uv": [12, 57], "inflate": -0.35}
				]
			},
			{
				"name": "armLeft",
				"pivot": [3, 17.5, 0],
				"rotation": [0, 0, -25],
				"cubes": [
					{"origin": [1.59369, 14.42262, -1.5], "size": [3, 2, 3], "uv": [0, 57], "inflate": -0.35},
					{"origin": [2.09369, 8.92262, -1], "size": [2, 8, 2], "uv": [30, 47]}
				]
			},
			{
				"name": "body",
				"pivot": [0, 10.5, 0],
				"cubes": [
					{"origin": [-3, 8.999, -3], "size": [6, 9, 6], "uv": [32, 0]}
				]
			},
			{
				"name": "bone3",
				"parent": "body",
				"pivot": [-0.5, 0, 0]
			},
			{
				"name": "bone",
				"parent": "bone3",
				"pivot": [3.5, 11, -5],
				"rotation": [5, 50, 5]
			},
			{
				"name": "bone60",
				"parent": "bone",
				"pivot": [4.69398, 19.49822, 4.27031],
				"rotation": [-20, -120, 0]
			},
			{
				"name": "bone61",
				"parent": "bone60",
				"pivot": [4.69398, 19.99822, 4.27031],
				"cubes": [
					{"origin": [-1.37832, 15.00105, 12.41176], "size": [1, 1, 1], "uv": [0, 89], "inflate": -0.3}
				]
			},
			{
				"name": "bone62",
				"parent": "bone60",
				"pivot": [4.69398, 19.49822, 4.12031]
			},
			{
				"name": "bone63",
				"parent": "bone62",
				"pivot": [5.14398, 19.64822, 4.12031]
			},
			{
				"name": "bone64",
				"parent": "bone63",
				"pivot": [4.39398, 20.14822, 4.12031],
				"rotation": [0, 0, 15],
				"cubes": [
					{"origin": [-1.34766, 13.68801, 12.36176], "size": [2, 1, 1], "uv": [32, 87], "inflate": -0.2}
				]
			},
			{
				"name": "bone65",
				"parent": "bone63",
				"pivot": [4.39398, 19.14822, 4.12031],
				"rotation": [0, 0, -15],
				"cubes": [
					{"origin": [-3.47651, 16.66347, 12.36176], "size": [2, 1, 1], "uv": [32, 85], "inflate": -0.2}
				]
			},
			{
				"name": "bone66",
				"parent": "bone62",
				"pivot": [4.24398, 19.69822, 4.12031]
			},
			{
				"name": "bone67",
				"parent": "bone66",
				"pivot": [5.99398, 20.19822, 4.12031],
				"rotation": [0, 0, -15],
				"cubes": [
					{"origin": [-2.00811, 16.83297, 12.36176], "size": [2, 1, 1], "uv": [26, 87], "inflate": -0.2}
				]
			},
			{
				"name": "bone68",
				"parent": "bone66",
				"pivot": [5.99398, 20.19822, 4.12031],
				"rotation": [0, 0, 15],
				"cubes": [
					{"origin": [0.40544, 13.55599, 12.36176], "size": [2, 1, 1], "uv": [26, 85], "inflate": -0.2}
				]
			},
			{
				"name": "bone69",
				"parent": "bone60",
				"pivot": [4.69398, 18.67907, 3.69674]
			},
			{
				"name": "bone70",
				"parent": "bone69",
				"pivot": [3.94398, 18.17907, 3.69674],
				"rotation": [0, 0, -60],
				"cubes": [
					{"origin": [-2.78856, 20.6353, 12.49368], "size": [2, 1, 1], "uv": [20, 87], "inflate": -0.2}
				]
			},
			{
				"name": "bone71",
				"parent": "bone69",
				"pivot": [6.44398, 19.17907, 3.69674],
				"rotation": [0, 0, 60],
				"cubes": [
					{"origin": [5.99492, 10.64286, 12.49368], "size": [2, 1, 1], "uv": [20, 85], "inflate": -0.2}
				]
			},
			{
				"name": "bone2",
				"parent": "bone3",
				"pivot": [-0.5, 6, 0]
			},
			{
				"name": "bone4",
				"parent": "bone2",
				"pivot": [0, 5, 0]
			},
			{
				"name": "bone5",
				"parent": "bone4",
				"pivot": [0, 5, 4.47051],
				"rotation": [10, 0, 0],
				"cubes": [
					{"origin": [-2.5, 4.65782, 4.47051], "size": [5, 9, 0], "uv": [20, 47]}
				]
			},
			{
				"name": "bone6",
				"parent": "bone5",
				"pivot": [-2.5, 4.65782, 4.47051],
				"rotation": [0, 0, 9.85108],
				"cubes": [
					{"origin": [-4.5, 4.65782, 4.46951], "size": [2, 9, 0], "uv": [20, 66]}
				]
			},
			{
				"name": "bone7",
				"parent": "bone5",
				"pivot": [2.5, 4.65782, 4.47051],
				"rotation": [0, 0, -9.85108],
				"cubes": [
					{"origin": [2.5, 4.65782, 4.47151], "size": [2, 9, 0], "uv": [16, 66]}
				]
			},
			{
				"name": "bone8",
				"parent": "bone2",
				"pivot": [0, 5, 0],
				"rotation": [0, -90, 0]
			},
			{
				"name": "bone9",
				"parent": "bone8",
				"pivot": [0, 5, 4.47051],
				"rotation": [10, 0, 0],
				"cubes": [
					{"origin": [-2.5, 4.65782, 4.47051], "size": [5, 9, 0], "uv": [10, 47]}
				]
			},
			{
				"name": "bone10",
				"parent": "bone9",
				"pivot": [-2.5, 4.65782, 4.47051],
				"rotation": [0, 0, 9.85108],
				"cubes": [
					{"origin": [-4.5, 4.65782, 4.46951], "size": [2, 9, 0], "uv": [12, 66]}
				]
			},
			{
				"name": "bone11",
				"parent": "bone9",
				"pivot": [2.5, 4.65782, 4.47051],
				"rotation": [0, 0, -9.85108],
				"cubes": [
					{"origin": [2.5, 4.65782, 4.47151], "size": [2, 9, 0], "uv": [8, 66]}
				]
			},
			{
				"name": "bone12",
				"parent": "bone2",
				"pivot": [0, 5, 0],
				"rotation": [0, -180, 0]
			},
			{
				"name": "bone13",
				"parent": "bone12",
				"pivot": [0, 5, 4.47051],
				"rotation": [10, 0, 0],
				"cubes": [
					{"origin": [-2.5, 4.65782, 4.47051], "size": [5, 9, 0], "uv": [0, 47]}
				]
			},
			{
				"name": "bone14",
				"parent": "bone13",
				"pivot": [-2.5, 4.65782, 4.47051],
				"rotation": [0, 0, 9.85108],
				"cubes": [
					{"origin": [-4.5, 4.65782, 4.46951], "size": [2, 9, 0], "uv": [4, 66]}
				]
			},
			{
				"name": "bone15",
				"parent": "bone13",
				"pivot": [2.5, 4.65782, 4.47051],
				"rotation": [0, 0, -9.85108],
				"cubes": [
					{"origin": [2.5, 4.65782, 4.47151], "size": [2, 9, 0], "uv": [0, 66]}
				]
			},
			{
				"name": "bone16",
				"parent": "bone2",
				"pivot": [0, 5, 0],
				"rotation": [0, -270, 0]
			},
			{
				"name": "bone17",
				"parent": "bone16",
				"pivot": [0, 5, 4.47051],
				"rotation": [10, 0, 0],
				"cubes": [
					{"origin": [-2.5, 4.65782, 4.47051], "size": [5, 9, 0], "uv": [32, 38]}
				]
			},
			{
				"name": "bone18",
				"parent": "bone17",
				"pivot": [-2.5, 4.65782, 4.47051],
				"rotation": [0, 0, 9.85108],
				"cubes": [
					{"origin": [-4.5, 4.65782, 4.46951], "size": [2, 9, 0], "uv": [28, 57]}
				]
			},
			{
				"name": "bone19",
				"parent": "bone17",
				"pivot": [2.5, 4.65782, 4.47051],
				"rotation": [0, 0, -9.85108],
				"cubes": [
					{"origin": [2.5, 4.65782, 4.47151], "size": [2, 9, 0], "uv": [24, 57]}
				]
			},
			{
				"name": "bone28",
				"parent": "body",
				"pivot": [0, 10.5, 0]
			},
			{
				"name": "op",
				"parent": "bone28",
				"pivot": [0, 10.5, 0]
			},
			{
				"name": "bone29",
				"parent": "op",
				"pivot": [0, 15.999, -2.5],
				"rotation": [-25, 0, 0],
				"cubes": [
					{"origin": [-3, 14.999, -3.5], "size": [6, 2, 2], "uv": [16, 38], "inflate": -0.1}
				]
			},
			{
				"name": "bone30",
				"parent": "op",
				"pivot": [0, 14.999, -2.5],
				"rotation": [-40, 0, 0],
				"cubes": [
					{"origin": [-3, 14.56277, -3.87918], "size": [6, 2, 2], "uv": [0, 42], "inflate": -0.1}
				]
			},
			{
				"name": "bone31",
				"parent": "op",
				"pivot": [0, 10.5, 0]
			},
			{
				"name": "bone32",
				"parent": "bone31",
				"pivot": [0, 12.999, -2],
				"rotation": [-10, 0, 0],
				"cubes": [
					{"origin": [-3, 12.84468, -3.34148], "size": [6, 2, 2], "uv": [0, 38], "inflate": -0.01}
				]
			},
			{
				"name": "bone33",
				"parent": "bone31",
				"pivot": [-0.25, 12.749, -1.75],
				"rotation": [0, 0, 10],
				"cubes": [
					{"origin": [-3.35771, 12.5371, -3.0006], "size": [2, 2, 6], "uv": [48, 16], "inflate": -0.01}
				]
			},
			{
				"name": "bone34",
				"parent": "bone31",
				"pivot": [6.75, 12.749, -1.75],
				"rotation": [0, 0, -10],
				"cubes": [
					{"origin": [1.45646, 13.66582, -3.0006], "size": [2, 2, 6], "uv": [32, 16], "inflate": -0.01}
				]
			},
			{
				"name": "bone35",
				"parent": "bone31",
				"pivot": [0, 12.999, 2.65],
				"rotation": [10, 0, 0],
				"cubes": [
					{"origin": [-3, 12.94316, 1.34896], "size": [6, 2, 2], "uv": [24, 34], "inflate": -0.01}
				]
			},
			{
				"name": "legLeft",
				"pivot": [2, 9, 0],
				"cubes": [
					{"origin": [0.249, 0, -1.5], "size": [3, 9, 3], "uv": [12, 26]}
				]
			},
			{
				"name": "legRight",
				"pivot": [-2, 9, 0],
				"cubes": [
					{"origin": [-3.249, 0, -1.5], "size": [3, 9, 3], "uv": [0, 26]}
				]
			},
			{
				"name": "yRotationNormalA",
				"pivot": [0, -0.25, -0.5]
			},
			{
				"name": "chestPlate",
				"parent": "yRotationNormalA",
				"pivot": [0, -0.25, -0.5]
			},
			{
				"name": "bone36",
				"parent": "chestPlate",
				"pivot": [1, 14.75, -1.5],
				"rotation": [-25, 0, -20]
			},
			{
				"name": "bone37",
				"parent": "bone36",
				"pivot": [1, 14.75, -1.5],
				"cubes": [
					{"origin": [-3.36357, 14.95432, -5.89238], "size": [5, 1, 1], "uv": [12, 64]}
				]
			},
			{
				"name": "bone38",
				"parent": "bone36",
				"pivot": [1, 14.75, -1.5],
				"rotation": [0, -22.5, 0],
				"cubes": [
					{"origin": [-0.09291, 14.95432, -5.80158], "size": [4, 1, 1], "uv": [10, 75]}
				]
			},
			{
				"name": "bone39",
				"parent": "bone36",
				"pivot": [1, 14.75, -1.5],
				"rotation": [0, -45, 0],
				"cubes": [
					{"origin": [2.03966, 14.95432, -6.58663], "size": [3, 1, 1], "uv": [34, 77]}
				]
			},
			{
				"name": "bone40",
				"parent": "bone36",
				"pivot": [1, 14.75, -1.5],
				"rotation": [0, -67.5, 0],
				"cubes": [
					{"origin": [2.78559, 14.95432, -7.74535], "size": [2, 1, 1], "uv": [6, 85]}
				]
			},
			{
				"name": "bone41",
				"parent": "bone36",
				"pivot": [1, 14.75, -1.5],
				"rotation": [0, -90, 0],
				"cubes": [
					{"origin": [2.10744, 14.95432, -8.71863], "size": [2, 1, 1], "uv": [0, 87]}
				]
			},
			{
				"name": "bone42",
				"parent": "bone36",
				"pivot": [1, 14.75, -1.5],
				"rotation": [0, -112.5, 0],
				"cubes": [
					{"origin": [1.10845, 14.95432, -9.35831], "size": [2, 1, 1], "uv": [0, 85]}
				]
			},
			{
				"name": "bone43",
				"parent": "bone36",
				"pivot": [1, 14.75, -1.5],
				"rotation": [0, -135, 0],
				"cubes": [
					{"origin": [-0.0593, 14.95432, -9.567], "size": [3, 1, 1], "uv": [34, 75]}
				]
			},
			{
				"name": "bone44",
				"parent": "bone36",
				"pivot": [1, 14.75, -1.5],
				"rotation": [0, -157.5, 0],
				"cubes": [
					{"origin": [-0.29413, 14.95432, -9.69561], "size": [4, 1, 1], "uv": [0, 77]}
				]
			},
			{
				"name": "bone45",
				"parent": "bone36",
				"pivot": [1, 14.75, -1.5],
				"rotation": [0, -180, 0],
				"cubes": [
					{"origin": [0.36357, 14.95432, -10.10725], "size": [5, 1, 1], "uv": [12, 62]}
				]
			},
			{
				"name": "bone46",
				"parent": "bone36",
				"pivot": [1, 14.75, -1.5],
				"rotation": [0, -202.5, 0],
				"cubes": [
					{"origin": [1.73756, 14.95432, -11.12193], "size": [4, 1, 1], "uv": [0, 75]}
				]
			},
			{
				"name": "bone47",
				"parent": "bone36",
				"pivot": [1, 14.75, -1.5],
				"rotation": [0, -225, 0],
				"cubes": [
					{"origin": [1.69478, 14.95432, -12.20249], "size": [3, 1, 1], "uv": [26, 77]}
				]
			},
			{
				"name": "bone48",
				"parent": "bone36",
				"pivot": [1, 14.75, -1.5],
				"rotation": [0, -247.5, 0],
				"cubes": [
					{"origin": [0.31787, 14.95432, -12.80174], "size": [2, 1, 1], "uv": [34, 80]}
				]
			},
			{
				"name": "bone49",
				"parent": "bone36",
				"pivot": [1, 14.75, -1.5],
				"rotation": [0, -270, 0],
				"cubes": [
					{"origin": [-2.10744, 14.95432, -12.44578], "size": [2, 1, 1], "uv": [28, 82]}
				]
			},
			{
				"name": "bone50",
				"parent": "bone36",
				"pivot": [1, 14.75, -1.5],
				"rotation": [0, -292.5, 0],
				"cubes": [
					{"origin": [-4.21191, 14.95432, -11.18878], "size": [2, 1, 1], "uv": [28, 80]}
				]
			},
			{
				"name": "bone51",
				"parent": "bone36",
				"pivot": [1, 14.75, -1.5],
				"rotation": [0, -315, 0],
				"cubes": [
					{"origin": [-5.67515, 14.95432, -9.22212], "size": [3, 1, 1], "uv": [26, 75]}
				]
			},
			{
				"name": "bone52",
				"parent": "bone36",
				"pivot": [1, 14.75, -1.5],
				"rotation": [0, -337.5, 0],
				"cubes": [
					{"origin": [-5.35053, 14.95432, -7.22789], "size": [4, 1, 1], "uv": [24, 66]}
				]
			}
		]
	}
}