{
	"format_version": "1.10.0",
	"geometry.model": {
		"texturewidth": 96,
		"textureheight": 96,
		"visible_bounds_width": 3,
		"visible_bounds_height": 3,
		"visible_bounds_offset": [0, 0, 0],
		"bones": [
			{
				"name": "head",
				"pivot": [0, 22, 0],
				"cubes": [
					{"origin": [-4, 22, -4], "size": [8, 8, 8], "uv": [0, 0]}
				]
			},
			{
				"name": "blink",
				"parent": "head",
				"pivot": [0, 22, 0],
				"cubes": [
					{"origin": [-4, 22, -4.001], "size": [8, 8, 0], "uv": [24, 28]}
				]
			},
			{
				"name": "bone",
				"parent": "head",
				"pivot": [0, 4, 0],
				"cubes": [
					{"origin": [-1.25, 30, -2], "size": [2.5, 1, 0], "uv": [0, 86]},
					{"origin": [-0.5, 31, -2], "size": [1, 1, 0], "uv": [20, 86]},
					{"origin": [1.25, 30.5, -2], "size": [1, 1, 0], "uv": [18, 86]},
					{"origin": [1.75, 31.5, -2], "size": [2, 1, 0], "uv": [26, 83]},
					{"origin": [3.75, 30.5, -2], "size": [1, 1, 0], "uv": [14, 86]},
					{"origin": [-4.75, 30.5, -2], "size": [1, 1, 0], "uv": [12, 86]},
					{"origin": [-3.75, 31.5, -2], "size": [2, 1, 0], "uv": [22, 85]},
					{"origin": [-2, 32.5, -2], "size": [4, 1, 0], "uv": [40, 83]},
					{"origin": [-2.25, 30.5, -2], "size": [1, 1, 0], "uv": [16, 86]},
					{"origin": [-7, 25.75, -2], "size": [1, 6, 0], "uv": [18, 77]},
					{"origin": [6, 25.75, -2], "size": [1, 6, 0], "uv": [16, 77]},
					{"origin": [3.75, 26.5, -2.25], "size": [1, 2, 1], "uv": [0, 83]},
					{"origin": [-4.75, 26.5, -2.25], "size": [1, 2, 1], "uv": [26, 77]}
				]
			},
			{
				"name": "bone2",
				"parent": "bone",
				"pivot": [0, 29.5, -2],
				"rotation": [-30, 0, 0],
				"cubes": [
					{"origin": [-6.25, 28.5, -3], "size": [2, 2, 2], "uv": [0, 71]},
					{"origin": [4.25, 28.5, -3], "size": [2, 2, 2], "uv": [28, 63]}
				]
			},
			{
				"name": "bone3",
				"parent": "bone",
				"pivot": [0, 4, 0],
				"cubes": [
					{"origin": [-6, 25.5, -2.5], "size": [1, 4, 1], "uv": [12, 77]},
					{"origin": [-6, 21.5, -2.25], "size": [1, 4, 1], "uv": [8, 77]}
				]
			},
			{
				"name": "bone15",
				"parent": "bone3",
				"pivot": [-5.75, 19, -1.5],
				"rotation": [-10, 0, 0],
				"cubes": [
					{"origin": [-6, 16.50543, -2.68792], "size": [1, 5, 1], "uv": [20, 71]}
				]
			},
			{
				"name": "bone17",
				"parent": "bone3",
				"pivot": [-6, 14, -1],
				"rotation": [5, 0, 0],
				"cubes": [
					{"origin": [-6, 11.92244, -2.8554], "size": [1, 5, 1], "uv": [16, 71]}
				]
			},
			{
				"name": "bone19",
				"parent": "bone3",
				"pivot": [-6, 8, -0.75],
				"rotation": [-5, 0, 0],
				"cubes": [
					{"origin": [-6, 4.76084, -3.00362], "size": [1, 7, 1], "uv": [24, 63]}
				]
			},
			{
				"name": "bone4",
				"parent": "bone",
				"pivot": [0, 4, 0],
				"cubes": [
					{"origin": [5, 21.5, -2.25], "size": [1, 4, 1], "uv": [0, 77]},
					{"origin": [5, 25.5, -2.5], "size": [1, 4, 1], "uv": [4, 77]}
				]
			},
			{
				"name": "bone16",
				"parent": "bone4",
				"pivot": [5.75, 19, -1.5],
				"rotation": [-10, 0, 0],
				"cubes": [
					{"origin": [5, 16.50543, -2.68792], "size": [1, 5, 1], "uv": [12, 71]}
				]
			},
			{
				"name": "bone18",
				"parent": "bone4",
				"pivot": [6, 14, -1],
				"rotation": [5, 0, 0],
				"cubes": [
					{"origin": [5, 11.92244, -2.8554], "size": [1, 5, 1], "uv": [8, 71]}
				]
			},
			{
				"name": "bone20",
				"parent": "bone4",
				"pivot": [6, 8, -0.75],
				"rotation": [-5, 0, 0],
				"cubes": [
					{"origin": [5, 4.76084, -3.00362], "size": [1, 7, 1], "uv": [20, 63]}
				]
			},
			{
				"name": "bone29",
				"parent": "head",
				"pivot": [0, 22, 0]
			},
			{
				"name": "bone5",
				"parent": "bone29",
				"pivot": [0, 4.5, 0.5]
			},
			{
				"name": "bone21",
				"parent": "bone5",
				"pivot": [-0.5, 28.5, -4],
				"rotation": [0, 0, -5],
				"cubes": [
					{"origin": [-1, 26.5, -4.5], "size": [1, 4, 1], "uv": [92, 0]}
				]
			},
			{
				"name": "bone23",
				"parent": "bone5",
				"pivot": [-2.5, 28.5, -4],
				"rotation": [0, 0, 20],
				"cubes": [
					{"origin": [-3.23492, 27.41449, -4.5], "size": [1, 3, 1], "uv": [92, 11]}
				]
			},
			{
				"name": "bone24",
				"parent": "bone5",
				"pivot": [-3.75, 28.5, -4],
				"rotation": [0, 0, 10],
				"cubes": [
					{"origin": [-4.01508, 26.58551, -4.5], "size": [1, 4, 1], "uv": [86, 0]}
				]
			},
			{
				"name": "bone25",
				"parent": "bone5",
				"pivot": [-3.75, 24.5, -4],
				"rotation": [0, 0, -5],
				"cubes": [
					{"origin": [-4.15293, 22.70413, -4.5], "size": [1, 4, 1], "uv": [82, 0]}
				]
			},
			{
				"name": "bone22",
				"parent": "bone5",
				"pivot": [0.5, 28.5, -4],
				"rotation": [0, 0, -15],
				"cubes": [
					{"origin": [0, 26.5, -4.5], "size": [1, 4, 1], "uv": [92, 5]}
				]
			},
			{
				"name": "bone26",
				"parent": "bone5",
				"pivot": [2.25, 28.5, -4],
				"rotation": [0, 0, -25],
				"cubes": [
					{"origin": [2.20315, 27.28869, -4.5], "size": [1, 3, 1], "uv": [88, 11]}
				]
			},
			{
				"name": "bone27",
				"parent": "bone5",
				"pivot": [3.75, 28.5, -4],
				"rotation": [0, 0, -10],
				"cubes": [
					{"origin": [3.00606, 26.50717, -4.5], "size": [1, 4, 1], "uv": [84, 11]}
				]
			},
			{
				"name": "bone28",
				"parent": "bone5",
				"pivot": [3.75, 24.5, -4],
				"rotation": [0, 0, 5],
				"cubes": [
					{"origin": [3.16449, 22.62613, -4.5], "size": [1, 4, 1], "uv": [83, 5]}
				]
			},
			{
				"name": "bone30",
				"parent": "bone29",
				"pivot": [0, 22, 0],
				"cubes": [
					{"origin": [-4.5, 24, -3.5], "size": [1, 3, 7], "uv": [62, 21]},
					{"origin": [3.5, 24, -3.5], "size": [1, 3, 7], "uv": [62, 31]},
					{"origin": [-3.5, 23, 3.5], "size": [7, 3, 1], "uv": [80, 20]}
				]
			},
			{
				"name": "armRight",
				"pivot": [-2, 17.5, 0],
				"rotation": [0, 0, 25],
				"cubes": [
					{"origin": [-5.69047, 12.12523, -1], "size": [2, 8, 2], "uv": [32, 47]},
					{"origin": [-6.8005, 12.62447, -1.75], "size": [4, 2, 5], "uv": [0, 40]},
					{"origin": [-6.29047, 14.60003, -1.5], "size": [3, 3, 4], "uv": [0, 47]},
					{"origin": [-6.29047, 17.52523, -1.25], "size": [3, 1, 3], "uv": [10, 63]}
				]
			},
			{
				"name": "armLeft",
				"pivot": [2, 17.5, 0],
				"rotation": [0, 0, -25],
				"cubes": [
					{"origin": [2.80157, 12.62472, -1.75], "size": [4, 2, 5], "uv": [0, 40]},
					{"origin": [3.19047, 14.55471, -1.5], "size": [3, 3, 4], "uv": [0, 47]},
					{"origin": [3.19047, 17.52523, -1.25], "size": [3, 1, 3], "uv": [0, 67]},
					{"origin": [3.69047, 12.12523, -1], "size": [2, 8, 2], "uv": [24, 47]}
				]
			},
			{
				"name": "body",
				"pivot": [0, 14.5, 0],
				"cubes": [
					{"origin": [-3, 15.999, -3], "size": [6, 6, 6], "uv": [28, 16]},
					{"origin": [-3.5, 14, -3.5], "size": [7, 2, 7], "uv": [0, 16]},
					{"origin": [-4, 12, -4], "size": [8, 2, 8], "uv": [32, 0]}
				]
			},
			{
				"name": "bone14",
				"parent": "body",
				"pivot": [3.36218, 19, -3],
				"cubes": [
					{"origin": [-3.85, 19, -3], "size": [0, 1, 6], "uv": [40, 40]},
					{"origin": [3.75, 19, -3], "size": [0, 1, 6], "uv": [28, 40]},
					{"origin": [1, 18.5, 3.25], "size": [2, 1, 0], "uv": [14, 85]},
					{"origin": [-3, 18.5, 3.25], "size": [2, 1, 0], "uv": [18, 85]},
					{"origin": [1, 18.5, -3.25], "size": [2, 1, 0], "uv": [18, 83]},
					{"origin": [-3, 18.5, -3.25], "size": [2, 1, 0], "uv": [22, 83]},
					{"origin": [-1, 19, 3.25], "size": [2, 1, 0], "uv": [18, 84]},
					{"origin": [-1, 19, -3.25], "size": [2, 1, 0], "uv": [22, 84]}
				]
			},
			{
				"name": "bone8",
				"parent": "bone14",
				"pivot": [3.36218, 19, -3],
				"rotation": [0, -35, 0],
				"cubes": [
					{"origin": [2.86218, 18.5, -3], "size": [1, 1, 0], "uv": [6, 86]}
				]
			},
			{
				"name": "bone7",
				"parent": "bone14",
				"pivot": [-3.5, 19, -3],
				"rotation": [0, 30, 0],
				"cubes": [
					{"origin": [-3.95, 18.5, -3], "size": [1, 1, 0], "uv": [8, 86]}
				]
			},
			{
				"name": "bone9",
				"parent": "bone14",
				"pivot": [3.25, 19, 3],
				"rotation": [0, 25, 0],
				"cubes": [
					{"origin": [2.75, 18.5, 3], "size": [1, 1, 0], "uv": [4, 86]}
				]
			},
			{
				"name": "bone6",
				"parent": "bone14",
				"pivot": [-3.75, 19, 2.75],
				"rotation": [0, -35, 0],
				"cubes": [
					{"origin": [-3.75, 18.5, 2.75], "size": [1, 1, 0], "uv": [10, 86]}
				]
			},
			{
				"name": "bone10",
				"parent": "body",
				"pivot": [0, 17, -3.5],
				"rotation": [-20, 0, 0],
				"cubes": [
					{"origin": [-1.5, 15.75, -4], "size": [3, 3, 1], "uv": [24, 72]}
				]
			},
			{
				"name": "bone11",
				"parent": "body",
				"pivot": [-0.03125, 8.125, 4],
				"cubes": [
					{"origin": [-3.5, 10.5, 4], "size": [7, 2, 0], "uv": [0, 57]},
					{"origin": [-1, 5, 4.5], "size": [2, 1, 0], "uv": [0, 87]}
				]
			},
			{
				"name": "bone12",
				"parent": "bone11",
				"pivot": [0, 8.75, 4],
				"rotation": [10, 0, 0],
				"cubes": [
					{"origin": [-3, 6.95659, 4.2462], "size": [6, 4, 0], "uv": [0, 59]}
				]
			},
			{
				"name": "bone13",
				"parent": "bone11",
				"pivot": [-0.125, 6.5, 4],
				"rotation": [-5, 0, 0],
				"cubes": [
					{"origin": [-2.5, 6.04358, 4.4981], "size": [4.75, 1, 0], "uv": [24, 71]}
				]
			},
			{
				"name": "legLeft",
				"pivot": [2, 14, 0],
				"cubes": [
					{"origin": [0.249, 5, -1.5], "size": [3, 9, 3], "uv": [12, 28]},
					{"origin": [0.75, 4, -2], "size": [2, 1, 3], "uv": [0, 63]},
					{"origin": [0.75, 0, -1.5], "size": [2, 4, 2], "uv": [32, 57]}
				]
			},
			{
				"name": "legRight",
				"pivot": [-1.75, 14, 0],
				"cubes": [
					{"origin": [-3.249, 5, -1.5], "size": [3, 9, 3], "uv": [0, 28]},
					{"origin": [-2.75, 4, -2], "size": [2, 1, 3], "uv": [22, 57]},
					{"origin": [-2.75, 0, -1.5], "size": [2, 4, 2], "uv": [14, 57]}
				]
			}
		]
	}
}