{
	"format_version": "1.10.0",
	"geometry.model": {
		"texturewidth": 96,
		"textureheight": 96,
		"visible_bounds_width": 2,
		"visible_bounds_height": 2,
		"visible_bounds_offset": [0, 0, 0],
		"bones": [
			{
				"name": "head",
				"pivot": [0, 18, 0],
				"cubes": [
					{"origin": [-4, 18, -4], "size": [8, 8, 8], "uv": [0, 0]}
				]
			},
			{
				"name": "helmet",
				"parent": "head",
				"pivot": [-4.65, 17.75, -4.75],
				"cubes": [
					{"origin": [-3.75, 18.25, -4.75], "size": [4, 4, 1], "uv": [86, 0], "inflate": -0.55},
					{"origin": [-4.55, 20, -4.75], "size": [1, 1, 4], "uv": [86, 19], "inflate": -0.55},
					{"origin": [-4.65, 20, -4.75], "size": [2, 1, 1], "uv": [88, 14], "inflate": -0.55}
				]
			},
			{
				"name": "bone10",
				"parent": "head",
				"pivot": [0, 6.16667, 3.55],
				"rotation": [10, 0, 0],
				"cubes": [
					{"origin": [-3.5, 16, 5.55], "size": [7, 5, 1], "uv": [40, 39]}
				]
			},
			{
				"name": "bone7",
				"parent": "bone10",
				"pivot": [2.25, 13.75, 5.65],
				"rotation": [-10, 0, 0],
				"cubes": [
					{"origin": [0.25, 12.25, 5.15], "size": [3, 4, 1], "uv": [0, 71]},
					{"origin": [-3.25, 12.25, 5.15], "size": [3, 4, 1], "uv": [28, 63]}
				]
			},
			{
				"name": "bone8",
				"parent": "bone10",
				"pivot": [1.75, 9.5, 5.55],
				"rotation": [5, 0, 0],
				"cubes": [
					{"origin": [0.75, 9.4924, 5.13682], "size": [3, 3, 1], "uv": [16, 71]},
					{"origin": [-3.75, 9.4924, 5.13682], "size": [3, 3, 1], "uv": [8, 71]}
				]
			},
			{
				"name": "bone11",
				"parent": "head",
				"pivot": [7.5, 1, -0.5],
				"cubes": [
					{"origin": [-4.5, 19, -3.5], "size": [1, 4, 7], "uv": [40, 28], "mirror": true},
					{"origin": [-4.25, 20.25, -4.25], "size": [1, 5, 1], "uv": [6, 76]},
					{"origin": [-3.25, 22.75, -4.35], "size": [2, 3, 1], "uv": [0, 76]},
					{"origin": [-1.75, 20.25, -4.5], "size": [6, 6, 1], "uv": [0, 51]},
					{"origin": [3.5, 19, -3.5], "size": [1, 4, 7], "uv": [40, 28]}
				]
			},
			{
				"name": "blink",
				"parent": "head",
				"pivot": [0, 18, 0],
				"cubes": [
					{"origin": [-4, 18, -4.001], "size": [8, 8, 0], "uv": [24, 39]}
				]
			},
			{
				"name": "ahoge",
				"parent": "head",
				"pivot": [0.25, 26, 0],
				"rotation": [-15, 0, -10],
				"cubes": [
					{"origin": [-0.07635, 25.96985, -0.17101], "size": [1, 2, 0], "uv": [18, 80]}
				]
			},
			{
				"name": "armRight",
				"pivot": [-2, 17.5, 0],
				"rotation": [0, 0, 25],
				"cubes": [
					{"origin": [-4, 8.5, -1], "size": [2, 8, 2], "uv": [20, 61]},
					{"origin": [-4.5, 13.5, -1.5], "size": [3, 4, 3], "uv": [0, 61], "inflate": -0.4}
				]
			},
			{
				"name": "armLeft",
				"pivot": [2, 17.5, 0],
				"rotation": [0, 0, -25],
				"cubes": [
					{"origin": [1.5, 13.5, -1.5], "size": [3, 4, 3], "uv": [0, 61], "inflate": -0.4, "mirror": true},
					{"origin": [2, 8.5, -1], "size": [2, 8, 2], "uv": [20, 61], "mirror": true}
				]
			},
			{
				"name": "body",
				"pivot": [0, 10.5, 0],
				"cubes": [
					{"origin": [-3, 11.999, -3], "size": [6, 6, 6], "uv": [0, 16]},
					{"origin": [-3.5, 10, -3.5], "size": [7, 2, 7], "uv": [32, 0]},
					{"origin": [-4, 8.249, -2], "size": [8, 2, 4], "uv": [0, 28], "inflate": -0.25},
					{"origin": [-0.1, 7, -3.5], "size": [4, 3, 7], "uv": [46, 16]},
					{"origin": [-3.85, 6, -3.5], "size": [4, 4, 7], "uv": [24, 16]}
				]
			},
			{
				"name": "bone9",
				"parent": "body",
				"pivot": [0, 0, 0],
				"cubes": [
					{"origin": [-2.5, 15.44227, -4.69839], "size": [5, 1, 1], "uv": [28, 61], "inflate": -0.4},
					{"origin": [-2.95, 15.44227, -4.69839], "size": [1, 1, 1], "uv": [18, 78], "inflate": -0.3},
					{"origin": [-2.7, 12.34227, -4.69839], "size": [1, 4, 1], "uv": [14, 76], "inflate": -0.4},
					{"origin": [1.7, 12.34227, -4.69839], "size": [1, 4, 1], "uv": [10, 76], "inflate": -0.4},
					{"origin": [1.95, 15.44227, -4.69839], "size": [1, 1, 1], "uv": [18, 76], "inflate": -0.3}
				]
			},
			{
				"name": "bone2",
				"parent": "bone9",
				"pivot": [0, 15.19227, -4.19839],
				"rotation": [5, 0, 0],
				"cubes": [
					{"origin": [-2.5, 15.19227, -4.19839], "size": [5, 1, 0], "uv": [86, 82]}
				]
			},
			{
				"name": "bone3",
				"parent": "bone9",
				"pivot": [0, 14.19608, -4.11124],
				"rotation": [10, 0, 0],
				"cubes": [
					{"origin": [-2.5, 14.17871, -4.01275], "size": [5, 1, 0], "uv": [86, 83]}
				]
			},
			{
				"name": "bone4",
				"parent": "bone9",
				"pivot": [0, 13.23715, -3.84099],
				"rotation": [15, 0, 0],
				"cubes": [
					{"origin": [-2.5, 13.21979, -3.74251], "size": [5, 1, 0], "uv": [86, 84]}
				]
			},
			{
				"name": "bone5",
				"parent": "bone9",
				"pivot": [0, 12.27123, -3.58218],
				"rotation": [5, 0, 0],
				"cubes": [
					{"origin": [-2.5, 12.26258, -3.65], "size": [5, 1, 0], "uv": [86, 85]}
				]
			},
			{
				"name": "bone6",
				"parent": "bone9",
				"pivot": [0, 11.27123, -3.58218],
				"cubes": [
					{"origin": [-2.5, 2.26258, -3.65], "size": [5, 10, 0], "uv": [86, 86]}
				]
			},
			{
				"name": "bone",
				"parent": "body",
				"pivot": [0, 15.999, -3],
				"rotation": [45, 0, 0],
				"cubes": [
					{"origin": [-3, 14.999, -4], "size": [6, 2, 2], "uv": [24, 51], "inflate": -0.1}
				]
			},
			{
				"name": "legLeft",
				"pivot": [1.9, 9, 0],
				"cubes": [
					{"origin": [0.399, 0, -1.5], "size": [3, 9, 3], "uv": [0, 39], "mirror": true}
				]
			},
			{
				"name": "legRight",
				"pivot": [-1.9, 9, 0],
				"cubes": [
					{"origin": [-3.399, 0, -1.5], "size": [3, 9, 3], "uv": [0, 39]}
				]
			}
		]
	}
}