{
	"format_version": "1.10.0",
	"geometry.model": {
		"texturewidth": 128,
		"textureheight": 128,
		"visible_bounds_width": 3,
		"visible_bounds_height": 4,
		"visible_bounds_offset": [0, 1, 0],
		"bones": [
			{
				"name": "head",
				"pivot": [0, 18, 0]
			},
			{
				"name": "ears",
				"parent": "head",
				"pivot": [0, 18, 0]
			},
			{
				"name": "ears_right",
				"parent": "ears",
				"pivot": [0.6, -3, -0.5]
			},
			{
				"name": "bone",
				"parent": "ears_right",
				"pivot": [-3.5, 22.3, -1.5],
				"rotation": [0, 0, -25],
				"cubes": [
					{"origin": [-1.93676, 23.75319, -0.5], "size": [1.5, 6.3, 1.5], "uv": [24, 49], "inflate": -1}
				]
			},
			{
				"name": "bone2",
				"parent": "ears_right",
				"pivot": [-3.5, 22.675, -0.25],
				"rotation": [0, 0, -12.5],
				"cubes": [
					{"origin": [-4.35152, 22.79524, -0.5], "size": [1.5, 4.7, 1.5], "uv": [0, 59], "inflate": -1}
				]
			},
			{
				"name": "bone3",
				"parent": "ears_right",
				"pivot": [-4.03747, 24.98508, -0.25],
				"rotation": [0, 0, 2.5],
				"cubes": [
					{"origin": [-5.22804, 25.29973, -0.5], "size": [1.5, 5.2, 1.5], "uv": [50, 10], "inflate": -1}
				]
			},
			{
				"name": "bone4",
				"parent": "ears_right",
				"pivot": [-1.73747, 20.98508, -0.25],
				"rotation": [0, 0, -13],
				"cubes": [
					{"origin": [-3.7436, 22.77427, -0.5], "size": [2.8, 7.1, 1.5], "uv": [64, 15], "inflate": -1}
				]
			},
			{
				"name": "bone5",
				"parent": "ears_right",
				"pivot": [-1.73747, 19.38508, -0.25],
				"rotation": [0, 0, -13],
				"cubes": [
					{"origin": [-3.7436, 23.07427, -0.5], "size": [3.5, 5.2, 1.5], "uv": [46, 64], "inflate": -1}
				]
			},
			{
				"name": "sinFloat",
				"parent": "ears_right",
				"pivot": [0.6, -3, -0.5]
			},
			{
				"name": "ears_left",
				"parent": "ears",
				"pivot": [-0.6, -3, -0.5]
			},
			{
				"name": "bone6",
				"parent": "ears_left",
				"pivot": [3.5, 22.3, -1.5],
				"rotation": [0, 0, 25],
				"cubes": [
					{"origin": [0.43676, 23.75319, -0.5], "size": [1.5, 6.3, 1.5], "uv": [44, 0], "inflate": -1}
				]
			},
			{
				"name": "bone7",
				"parent": "ears_left",
				"pivot": [3.5, 22.675, -0.25],
				"rotation": [0, 0, 12.5],
				"cubes": [
					{"origin": [2.85152, 22.79524, -0.5], "size": [1.5, 4.7, 1.5], "uv": [56, 0], "inflate": -1}
				]
			},
			{
				"name": "bone8",
				"parent": "ears_left",
				"pivot": [4.03747, 24.98508, -0.25],
				"rotation": [0, 0, -2.5],
				"cubes": [
					{"origin": [3.72804, 25.29973, -0.5], "size": [1.5, 5.2, 1.5], "uv": [0, 16], "inflate": -1}
				]
			},
			{
				"name": "bone109",
				"parent": "ears_left",
				"pivot": [1.73747, 20.98508, -0.25],
				"rotation": [0, 0, 13],
				"cubes": [
					{"origin": [0.9436, 22.77427, -0.5], "size": [2.8, 7.1, 1.5], "uv": [40, 64], "inflate": -1}
				]
			},
			{
				"name": "bone110",
				"parent": "ears_left",
				"pivot": [1.73747, 19.38508, -0.25],
				"rotation": [0, 0, 13],
				"cubes": [
					{"origin": [0.2436, 23.07427, -0.5], "size": [3.5, 5.2, 1.5], "uv": [60, 28], "inflate": -1}
				]
			},
			{
				"name": "cosFloat",
				"parent": "ears_left",
				"pivot": [-0.6, -3, -0.5]
			},
			{
				"name": "tougu",
				"parent": "ears",
				"pivot": [0, 18, 0],
				"cubes": [
					{"origin": [-4.9, 25.4, -0.7], "size": [9.2, 1.6, 1.7], "uv": [24, 22], "inflate": -1}
				]
			},
			{
				"name": "si_dai",
				"parent": "ears",
				"pivot": [0, 18, 0]
			},
			{
				"name": "right_sidai",
				"parent": "si_dai",
				"pivot": [-9, 18, 0]
			},
			{
				"name": "9",
				"parent": "right_sidai",
				"pivot": [-9, 18, 0],
				"cubes": [
					{"origin": [-5, 23.5, -0.3], "size": [1, 1, 1.1], "uv": [38, 20], "inflate": -0.25}
				]
			},
			{
				"name": "10",
				"parent": "right_sidai",
				"pivot": [-13.375, 23.925, 0.925],
				"rotation": [20, -45, 0],
				"cubes": [
					{"origin": [-7.84817, 25.75079, -5.74661], "size": [1, 1, 1.9], "uv": [14, 38], "inflate": -0.25}
				]
			},
			{
				"name": "12",
				"parent": "right_sidai",
				"pivot": [-13.375, 23.925, 0.925],
				"rotation": [20, -45, 0]
			},
			{
				"name": "11",
				"parent": "right_sidai",
				"pivot": [-13.375, 24.025, -0.725],
				"rotation": [-20, 42.5, 0],
				"cubes": [
					{"origin": [-7.88677, 25.80143, 4.28386], "size": [1, 1, 1.9], "uv": [6, 38], "inflate": -0.25}
				]
			},
			{
				"name": "13",
				"parent": "right_sidai",
				"pivot": [-13.44256, 23.01655, -0.0795],
				"rotation": [65, 42.5, 0],
				"cubes": [
					{"origin": [-7.37067, 17.37221, 1.2305], "size": [1, 1, 2.3], "uv": [40, 60], "inflate": -0.25}
				]
			},
			{
				"name": "14",
				"parent": "right_sidai",
				"pivot": [-13.43303, 23.03199, 0.56977],
				"rotation": [57.5, 50, 177.5],
				"cubes": [
					{"origin": [-19.66652, 28.49262, -3.93776], "size": [1, 1, 2.7], "uv": [48, 58], "inflate": -0.25}
				]
			},
			{
				"name": "left_sidai",
				"parent": "si_dai",
				"pivot": [9, 18, 0]
			},
			{
				"name": "15",
				"parent": "left_sidai",
				"pivot": [9, 18, 0],
				"cubes": [
					{"origin": [4, 23.5, -0.3], "size": [1, 1, 1.1], "uv": [36, 26], "inflate": -0.25}
				]
			},
			{
				"name": "16",
				"parent": "left_sidai",
				"pivot": [13.375, 23.925, 0.925],
				"rotation": [20, 45, 0],
				"cubes": [
					{"origin": [6.84817, 25.75079, -5.74661], "size": [1, 1, 1.9], "uv": [36, 24], "inflate": -0.25}
				]
			},
			{
				"name": "17",
				"parent": "left_sidai",
				"pivot": [13.375, 23.925, 0.925],
				"rotation": [20, 45, 0]
			},
			{
				"name": "18",
				"parent": "left_sidai",
				"pivot": [13.375, 24.025, -0.725],
				"rotation": [-20, -42.5, 0],
				"cubes": [
					{"origin": [6.88677, 25.80143, 4.28386], "size": [1, 1, 1.9], "uv": [16, 28], "inflate": -0.25}
				]
			},
			{
				"name": "19",
				"parent": "left_sidai",
				"pivot": [13.44256, 23.01655, -0.0795],
				"rotation": [65, -42.5, 0],
				"cubes": [
					{"origin": [6.37067, 17.37221, 1.2305], "size": [1, 1, 2.3], "uv": [54, 37], "inflate": -0.25}
				]
			},
			{
				"name": "20",
				"parent": "left_sidai",
				"pivot": [13.43303, 23.03199, 0.56977],
				"rotation": [57.5, -50, -177.5],
				"cubes": [
					{"origin": [18.66652, 28.49262, -3.93776], "size": [1, 1, 2.7], "uv": [34, 31], "inflate": -0.25}
				]
			},
			{
				"name": "blink",
				"parent": "head",
				"pivot": [0, 18, 0],
				"cubes": [
					{"origin": [-4, 18, -4.001], "size": [8, 8, 0], "uv": [18, 31]}
				]
			},
			{
				"name": "mian_head",
				"parent": "head",
				"pivot": [0, 18, 0],
				"cubes": [
					{"origin": [-4, 18, -4], "size": [8, 8, 8], "uv": [0, 0]}
				]
			},
			{
				"name": "hair",
				"parent": "head",
				"pivot": [0, 19, 0]
			},
			{
				"name": "hair1",
				"parent": "hair",
				"pivot": [0, 18, 4],
				"rotation": [-87.5, 0, 0],
				"cubes": [
					{"origin": [-1, 18, 3], "size": [1, 1, 5], "uv": [57, 59]}
				]
			},
			{
				"name": "hair2",
				"parent": "hair",
				"pivot": [-1, 18, 4],
				"rotation": [-82.5, 0, 0],
				"cubes": [
					{"origin": [-2, 18, 3], "size": [1, 1, 5], "uv": [12, 59]}
				]
			},
			{
				"name": "hair3",
				"parent": "hair",
				"pivot": [-2, 18, 4],
				"rotation": [-85, 0, 0],
				"cubes": [
					{"origin": [-3, 18, 3], "size": [1, 1, 5], "uv": [0, 59]}
				]
			},
			{
				"name": "hair4",
				"parent": "hair",
				"pivot": [-3, 18, 4],
				"rotation": [-90, 0, 0],
				"cubes": [
					{"origin": [-4, 18, 3], "size": [1, 1, 5], "uv": [41, 58]}
				]
			},
			{
				"name": "hair5",
				"parent": "hair",
				"pivot": [1, 18, 4],
				"rotation": [-92.5, 0, 0],
				"cubes": [
					{"origin": [0, 18, 3], "size": [1, 1, 5], "uv": [56, 37]}
				]
			},
			{
				"name": "hair6",
				"parent": "hair",
				"pivot": [2, 18, 4],
				"rotation": [-80, 0, 0],
				"cubes": [
					{"origin": [1, 18, 3], "size": [1, 1, 5], "uv": [56, 0]}
				]
			},
			{
				"name": "hair7",
				"parent": "hair",
				"pivot": [3, 18, 4],
				"rotation": [-77.5, 0, 0],
				"cubes": [
					{"origin": [2, 18, 3], "size": [1, 1, 5], "uv": [53, 31]}
				]
			},
			{
				"name": "hair8",
				"parent": "hair",
				"pivot": [4, 18, 4],
				"rotation": [-82.5, 0, 0],
				"cubes": [
					{"origin": [3, 18, 3], "size": [1, 1, 5], "uv": [52, 43]}
				]
			},
			{
				"name": "hair9",
				"parent": "hair",
				"pivot": [4, 18, 0],
				"rotation": [0, 0, 85],
				"cubes": [
					{"origin": [3, 18, 3], "size": [5, 1, 1], "uv": [38, 38]}
				]
			},
			{
				"name": "hair10",
				"parent": "hair",
				"pivot": [4, 18, 2],
				"rotation": [0, 0, 82.5],
				"cubes": [
					{"origin": [3, 18, 2], "size": [5, 1, 1], "uv": [36, 18]}
				]
			},
			{
				"name": "hair11",
				"parent": "hair",
				"pivot": [-4, 19, 2],
				"rotation": [0, 0, -80],
				"cubes": [
					{"origin": [-9, 19, 3], "size": [5, 1, 1], "uv": [32, 12]}
				]
			},
			{
				"name": "hair12",
				"parent": "hair",
				"pivot": [-4, 19, 2],
				"rotation": [0, 0, -82.5],
				"cubes": [
					{"origin": [-9, 19, 2], "size": [5, 1, 1], "uv": [18, 16]}
				]
			},
			{
				"name": "armRight",
				"pivot": [-3, 17.5, 0],
				"rotation": [0, 0, 25]
			},
			{
				"name": "arm",
				"parent": "armRight",
				"pivot": [-3, 17.5, 0],
				"cubes": [
					{"origin": [-5, 8.5, -1], "size": [2, 8.8, 2], "uv": [56, 18]}
				]
			},
			{
				"name": "armLeft",
				"pivot": [3, 17.5, 0],
				"rotation": [0, 0, -25],
				"cubes": [
					{"origin": [3, 8.5, -1], "size": [2, 8.8, 2], "uv": [24, 56]}
				]
			},
			{
				"name": "body",
				"pivot": [0, 10.5, 0]
			},
			{
				"name": "wei_qun",
				"parent": "body",
				"pivot": [0, 10.5, 0]
			},
			{
				"name": "Skirt",
				"parent": "wei_qun",
				"pivot": [0, 15.2, 0]
			},
			{
				"name": "bone11",
				"parent": "Skirt",
				"pivot": [0, 4.7, 0]
			},
			{
				"name": "bone12",
				"parent": "bone11",
				"pivot": [0, 4.7, 5.27792],
				"rotation": [23, 0, 0]
			},
			{
				"name": "bone13",
				"parent": "bone12",
				"pivot": [0, 4.7, 5.27792],
				"rotation": [0, -45, 0]
			},
			{
				"name": "bone14",
				"parent": "Skirt",
				"pivot": [0, 4.7, 0],
				"rotation": [0, -30, 0]
			},
			{
				"name": "bone15",
				"parent": "bone14",
				"pivot": [0, 4.7, 5.27792],
				"rotation": [23, 0, 0]
			},
			{
				"name": "bone16",
				"parent": "bone15",
				"pivot": [0, 4.7, 5.27792],
				"rotation": [0, -45, 0],
				"cubes": [
					{"origin": [-1, 7.2, 4.27792], "size": [2.3, 6.5, 2.3], "uv": [32, 58]}
				]
			},
			{
				"name": "bone17",
				"parent": "Skirt",
				"pivot": [0, 4.7, 0],
				"rotation": [0, -60, 0]
			},
			{
				"name": "bone18",
				"parent": "bone17",
				"pivot": [0, 4.7, 5.27792],
				"rotation": [23, 0, 0]
			},
			{
				"name": "bone19",
				"parent": "bone18",
				"pivot": [0, 4.7, 5.27792],
				"rotation": [0, -45, 0]
			},
			{
				"name": "bone20",
				"parent": "Skirt",
				"pivot": [0, 4.7, 0],
				"rotation": [0, -90, 0]
			},
			{
				"name": "bone21",
				"parent": "bone20",
				"pivot": [0, 4.7, 5.27792],
				"rotation": [23, 0, 0]
			},
			{
				"name": "bone22",
				"parent": "bone21",
				"pivot": [0, 4.7, 5.27792],
				"rotation": [0, -45, 0]
			},
			{
				"name": "bone23",
				"parent": "Skirt",
				"pivot": [0, 4.7, 0],
				"rotation": [0, -120, 0]
			},
			{
				"name": "bone24",
				"parent": "bone23",
				"pivot": [0, 4.7, 5.27792],
				"rotation": [23, 0, 0]
			},
			{
				"name": "bone25",
				"parent": "bone24",
				"pivot": [0, 4.7, 5.27792],
				"rotation": [0, -45, 0],
				"cubes": [
					{"origin": [-1, 4.7, 4.27792], "size": [2, 8, 2], "uv": [54, 8]}
				]
			},
			{
				"name": "bone26",
				"parent": "Skirt",
				"pivot": [0, 4.7, 0],
				"rotation": [0, -150, 0]
			},
			{
				"name": "bone27",
				"parent": "bone26",
				"pivot": [0, 4.7, 5.27792],
				"rotation": [23, 0, 0]
			},
			{
				"name": "bone28",
				"parent": "bone27",
				"pivot": [0, 4.7, 5.27792],
				"rotation": [0, -45, 0],
				"cubes": [
					{"origin": [-1, 4.7, 4.27792], "size": [2, 8, 2], "uv": [54, 54]}
				]
			},
			{
				"name": "bone29",
				"parent": "Skirt",
				"pivot": [0, 4.7, 0],
				"rotation": [0, -180, 0]
			},
			{
				"name": "bone30",
				"parent": "bone29",
				"pivot": [0, 4.7, 5.27792],
				"rotation": [23, 0, 0]
			},
			{
				"name": "bone31",
				"parent": "bone30",
				"pivot": [0, 4.7, 5.27792],
				"rotation": [0, -45, 0],
				"cubes": [
					{"origin": [-1, 4.7, 4.27792], "size": [2, 8, 2], "uv": [50, 26]}
				]
			},
			{
				"name": "bone32",
				"parent": "Skirt",
				"pivot": [0, 4.7, 0],
				"rotation": [0, -210, 0]
			},
			{
				"name": "bone33",
				"parent": "bone32",
				"pivot": [0, 4.7, 5.27792],
				"rotation": [23, 0, 0]
			},
			{
				"name": "bone34",
				"parent": "bone33",
				"pivot": [0, 4.7, 5.27792],
				"rotation": [0, -45, 0],
				"cubes": [
					{"origin": [-1, 4.7, 4.27792], "size": [2, 8, 2], "uv": [38, 50]}
				]
			},
			{
				"name": "bone35",
				"parent": "Skirt",
				"pivot": [0, 4.7, 0],
				"rotation": [0, -240, 0]
			},
			{
				"name": "bone36",
				"parent": "bone35",
				"pivot": [0, 4.7, 5.27792],
				"rotation": [23, 0, 0]
			},
			{
				"name": "bone37",
				"parent": "bone36",
				"pivot": [0, 4.7, 5.27792],
				"rotation": [0, -45, 0],
				"cubes": [
					{"origin": [-1, 4.7, 4.27792], "size": [2, 8, 2], "uv": [16, 49]}
				]
			},
			{
				"name": "bone38",
				"parent": "Skirt",
				"pivot": [0, 4.7, 0],
				"rotation": [0, -270, 0]
			},
			{
				"name": "bone39",
				"parent": "bone38",
				"pivot": [0, 4.7, 5.27792],
				"rotation": [23, 0, 0]
			},
			{
				"name": "bone40",
				"parent": "bone39",
				"pivot": [0, 4.7, 5.27792],
				"rotation": [0, -45, 0]
			},
			{
				"name": "bone41",
				"parent": "Skirt",
				"pivot": [0, 4.7, 0],
				"rotation": [0, -300, 0]
			},
			{
				"name": "bone42",
				"parent": "bone41",
				"pivot": [0, 4.7, 5.27792],
				"rotation": [23, 0, 0]
			},
			{
				"name": "bone43",
				"parent": "bone42",
				"pivot": [0, 4.7, 5.27792],
				"rotation": [0, -45, 0]
			},
			{
				"name": "bone44",
				"parent": "Skirt",
				"pivot": [0, 4.7, 0],
				"rotation": [0, -330, 0]
			},
			{
				"name": "bone45",
				"parent": "bone44",
				"pivot": [0, 4.7, 5.27792],
				"rotation": [23, 0, 0]
			},
			{
				"name": "bone46",
				"parent": "bone45",
				"pivot": [0, 4.7, 5.27792],
				"rotation": [0, -45, 0],
				"cubes": [
					{"origin": [-1, 6.5, 4.27792], "size": [2.3, 6.5, 2.3], "uv": [0, 0]}
				]
			},
			{
				"name": "stree",
				"parent": "wei_qun",
				"pivot": [0, 10.5, 0]
			},
			{
				"name": "qianbu",
				"parent": "stree",
				"pivot": [2.3, 14.3, -3.2],
				"rotation": [0, 0, 90],
				"cubes": [
					{"origin": [-2.4, 13.2, -4.2], "size": [7.8, 2.4, 2.2], "uv": [34, 34], "inflate": -1}
				]
			},
			{
				"name": "bone84",
				"parent": "stree",
				"pivot": [0, 10.5, 0],
				"cubes": [
					{"origin": [-4.4, 11, -4.4], "size": [8.8, 2.6, 2.4], "uv": [30, 14], "inflate": -1}
				]
			},
			{
				"name": "bone85",
				"parent": "stree",
				"pivot": [-2.3, 14.3, -3.2],
				"rotation": [0, 0, -90],
				"cubes": [
					{"origin": [-5.4, 13.2, -4.2], "size": [7.8, 2.4, 2.2], "uv": [0, 34], "inflate": -1}
				]
			},
			{
				"name": "bone86",
				"parent": "stree",
				"pivot": [0.5, 15.3, -3.2],
				"cubes": [
					{"origin": [-3.6, 14.2, -4.2], "size": [7.2, 2.4, 2.2], "uv": [32, 8], "inflate": -1}
				]
			},
			{
				"name": "bone87",
				"parent": "stree",
				"pivot": [0.5, 15.3, -3.2],
				"cubes": [
					{"origin": [-3.6, 11.6, -4.1], "size": [7.2, 4.6, 2.1], "uv": [0, 28], "inflate": -1}
				]
			},
			{
				"name": "bone113",
				"parent": "stree",
				"pivot": [0, 10.5, 0],
				"rotation": [0, 90, 0],
				"cubes": [
					{"origin": [-4.3, 11, -4.4], "size": [8.6, 2.6, 2.4], "uv": [24, 4], "inflate": -1}
				]
			},
			{
				"name": "bone112",
				"parent": "stree",
				"pivot": [0, 10.5, 0],
				"rotation": [0, 180, 0],
				"cubes": [
					{"origin": [-4.3, 11, -4.4], "size": [8.7, 2.6, 2.4], "uv": [24, 0], "inflate": -1}
				]
			},
			{
				"name": "bone111",
				"parent": "stree",
				"pivot": [0, 10.5, 0],
				"rotation": [0, -90, 0],
				"cubes": [
					{"origin": [-4.3, 11, -4.4], "size": [8.7, 2.6, 2.4], "uv": [18, 18], "inflate": -1}
				]
			},
			{
				"name": "shirt",
				"parent": "wei_qun",
				"pivot": [0.2375, 14.95, -3.1375]
			},
			{
				"name": "bone88",
				"parent": "shirt",
				"pivot": [0.15, 15.65, -3.15],
				"rotation": [0, 0, -90]
			},
			{
				"name": "bone89",
				"parent": "shirt",
				"pivot": [0.2375, 14.95, -3.1375]
			},
			{
				"name": "beidai",
				"parent": "wei_qun",
				"pivot": [-0.3, 14.55, 3.15],
				"rotation": [0, 0, 32.5]
			},
			{
				"name": "beidai1",
				"parent": "beidai",
				"pivot": [0.03736, 14.76492, 3.15],
				"cubes": [
					{"origin": [-1.46264, 10.81492, 2.5], "size": [2, 8.4, 1.4], "uv": [62, 49], "inflate": -0.5}
				]
			},
			{
				"name": "beidai2",
				"parent": "beidai",
				"pivot": [0.5434, 15.0873, 3.15],
				"rotation": [0, 0, -65.5],
				"cubes": [
					{"origin": [-0.9566, 11.8373, 2.5], "size": [2, 8.4, 1.4], "uv": [62, 6], "inflate": -0.5}
				]
			},
			{
				"name": "chen_qun",
				"parent": "body",
				"pivot": [0, 10.2, 0]
			},
			{
				"name": "Bowtie",
				"parent": "chen_qun",
				"pivot": [-0.45, 14, -12.75],
				"rotation": [0, 0, 17.5]
			},
			{
				"name": "downBowtie",
				"parent": "Bowtie",
				"pivot": [0.62489, 15.91171, -12.65]
			},
			{
				"name": "bone9",
				"parent": "downBowtie",
				"pivot": [0.62489, 15.91171, -12.65],
				"cubes": [
					{"origin": [-2.00361, 14.26636, -4.64424], "size": [2.4, 3.4, 2.2], "uv": [63, 35], "inflate": -1}
				]
			},
			{
				"name": "bone10",
				"parent": "downBowtie",
				"pivot": [-0.04064, 16.20693, -3.54424],
				"rotation": [0, 0, -33],
				"cubes": [
					{"origin": [-1.24064, 14.80693, -4.64424], "size": [2.4, 3.1, 2.2], "uv": [63, 0], "inflate": -1}
				]
			},
			{
				"name": "midBowtie2",
				"parent": "Bowtie",
				"pivot": [-0.36922, 15.074, -12.75],
				"rotation": [0, 0, 77.5],
				"cubes": [
					{"origin": [-3.39619, 13.6938, -4.74424], "size": [2.4, 3.1, 2.8], "uv": [59, 43], "inflate": -1}
				]
			},
			{
				"name": "up",
				"parent": "Bowtie",
				"pivot": [0.62489, 15.91171, -12.65]
			},
			{
				"name": "right",
				"parent": "up",
				"pivot": [0.62489, 15.91171, -12.65]
			},
			{
				"name": "bone47",
				"parent": "right",
				"pivot": [-1.64131, 16.96047, -3.84424],
				"rotation": [-17.5, 0, 97],
				"cubes": [
					{"origin": [-2.84131, 15.76047, -4.94424], "size": [2.4, 2.9, 2.2], "uv": [54, 65], "inflate": -1}
				]
			},
			{
				"name": "bone90",
				"parent": "right",
				"pivot": [-1.52103, 16.9192, -3.15812],
				"rotation": [35, 0, 97],
				"cubes": [
					{"origin": [-2.72103, 15.4692, -4.25812], "size": [2.4, 3.2, 2.2], "uv": [7, 59], "inflate": -1}
				]
			},
			{
				"name": "bone91",
				"parent": "right",
				"pivot": [-2.53521, 17.48599, -3.34618],
				"rotation": [35, 0, 89.5],
				"cubes": [
					{"origin": [-3.22117, 16.48021, -4.44789], "size": [2.4, 3, 2.2], "uv": [54, 49], "inflate": -1}
				]
			},
			{
				"name": "bone92",
				"parent": "right",
				"pivot": [-1.02902, 17.77288, -3.06666],
				"rotation": [-27.5, 0, 92],
				"cubes": [
					{"origin": [-1.38657, 15.38743, -3.68167], "size": [2.4, 2.8, 2.2], "uv": [16, 65], "inflate": -1}
				]
			},
			{
				"name": "left",
				"parent": "up",
				"pivot": [0.62489, 15.91171, -12.65]
			},
			{
				"name": "bone93",
				"parent": "left",
				"pivot": [0.10787, 17.20498, -3.16721],
				"rotation": [-17.5, 0, 57],
				"cubes": [
					{"origin": [-1.09213, 15.75498, -4.26721], "size": [2.4, 2.9, 2.2], "uv": [8, 65], "inflate": -1}
				]
			},
			{
				"name": "bone94",
				"parent": "left",
				"pivot": [0.20423, 17.2317, -3.794],
				"rotation": [30, 0, 57],
				"cubes": [
					{"origin": [-0.99577, 15.7817, -4.894], "size": [2.4, 2.9, 2.2], "uv": [0, 65], "inflate": -1}
				]
			},
			{
				"name": "bone95",
				"parent": "left",
				"pivot": [0.78241, 17.39205, -2.75477],
				"rotation": [30, 0, 49.5],
				"cubes": [
					{"origin": [-0.65962, 16.29878, -4.21848], "size": [2.4, 2.7, 2.2], "uv": [64, 58], "inflate": -1}
				]
			},
			{
				"name": "bone96",
				"parent": "left",
				"pivot": [0.48282, 17.37635, -3.27439],
				"rotation": [-57.5, 0, 46.5],
				"cubes": [
					{"origin": [-0.74737, 15.68917, -4.94277], "size": [2.4, 2.9, 2.2], "uv": [64, 23], "inflate": -1}
				]
			},
			{
				"name": "Skirt2",
				"parent": "chen_qun",
				"pivot": [0, 14.2, 0]
			},
			{
				"name": "bone48",
				"parent": "Skirt2",
				"pivot": [0, 3.7, 0]
			},
			{
				"name": "bone49",
				"parent": "bone48",
				"pivot": [0, 3.7, 5.27792],
				"rotation": [23, 0, 0]
			},
			{
				"name": "bone50",
				"parent": "bone49",
				"pivot": [0, 3.7, 5.27792],
				"rotation": [0, -45, 0],
				"cubes": [
					{"origin": [-1, 3.7, 4.27792], "size": [2, 8, 2], "uv": [8, 49]}
				]
			},
			{
				"name": "bone51",
				"parent": "Skirt2",
				"pivot": [0, 3.7, 0],
				"rotation": [0, -30, 0]
			},
			{
				"name": "bone52",
				"parent": "bone51",
				"pivot": [0, 3.7, 5.27792],
				"rotation": [23, 0, 0]
			},
			{
				"name": "bone53",
				"parent": "bone52",
				"pivot": [0, 3.7, 5.27792],
				"rotation": [0, -45, 0],
				"cubes": [
					{"origin": [-1, 3.7, 4.27792], "size": [2, 8, 2], "uv": [0, 49]}
				]
			},
			{
				"name": "bone54",
				"parent": "Skirt2",
				"pivot": [0, 3.7, 0],
				"rotation": [0, -60, 0]
			},
			{
				"name": "bone55",
				"parent": "bone54",
				"pivot": [0, 3.7, 5.27792],
				"rotation": [23, 0, 0]
			},
			{
				"name": "bone56",
				"parent": "bone55",
				"pivot": [0, 3.7, 5.27792],
				"rotation": [0, -45, 0],
				"cubes": [
					{"origin": [-1, 3.7, 4.27792], "size": [2, 8, 2], "uv": [48, 38]}
				]
			},
			{
				"name": "bone57",
				"parent": "Skirt2",
				"pivot": [0, 3.7, 0],
				"rotation": [0, -90, 0]
			},
			{
				"name": "bone58",
				"parent": "bone57",
				"pivot": [0, 3.7, 5.27792],
				"rotation": [23, 0, 0]
			},
			{
				"name": "bone59",
				"parent": "bone58",
				"pivot": [0, 3.7, 5.27792],
				"rotation": [0, -45, 0],
				"cubes": [
					{"origin": [-1, 3.7, 4.27792], "size": [2, 8, 2], "uv": [48, 16]}
				]
			},
			{
				"name": "bone60",
				"parent": "Skirt2",
				"pivot": [0, 3.7, 0],
				"rotation": [0, -120, 0]
			},
			{
				"name": "bone61",
				"parent": "bone60",
				"pivot": [0, 3.7, 5.27792],
				"rotation": [23, 0, 0]
			},
			{
				"name": "bone62",
				"parent": "bone61",
				"pivot": [0, 3.7, 5.27792],
				"rotation": [0, -45, 0],
				"cubes": [
					{"origin": [-1, 3.7, 4.27792], "size": [2, 8, 2], "uv": [48, 0]}
				]
			},
			{
				"name": "bone63",
				"parent": "Skirt2",
				"pivot": [0, 3.7, 0],
				"rotation": [0, -150, 0]
			},
			{
				"name": "bone64",
				"parent": "bone63",
				"pivot": [0, 3.7, 5.27792],
				"rotation": [23, 0, 0]
			},
			{
				"name": "bone65",
				"parent": "bone64",
				"pivot": [0, 3.7, 5.27792],
				"rotation": [0, -45, 0],
				"cubes": [
					{"origin": [-1, 3.7, 4.27792], "size": [2, 8, 2], "uv": [46, 48]}
				]
			},
			{
				"name": "bone66",
				"parent": "Skirt2",
				"pivot": [0, 3.7, 0],
				"rotation": [0, -180, 0]
			},
			{
				"name": "bone67",
				"parent": "bone66",
				"pivot": [0, 3.7, 5.27792],
				"rotation": [23, 0, 0]
			},
			{
				"name": "bone68",
				"parent": "bone67",
				"pivot": [0, 3.7, 5.27792],
				"rotation": [0, -45, 0],
				"cubes": [
					{"origin": [-1, 3.7, 4.27792], "size": [2, 8, 2], "uv": [30, 48]}
				]
			},
			{
				"name": "bone69",
				"parent": "Skirt2",
				"pivot": [0, 3.7, 0],
				"rotation": [0, -210, 0]
			},
			{
				"name": "bone70",
				"parent": "bone69",
				"pivot": [0, 3.7, 5.27792],
				"rotation": [23, 0, 0]
			},
			{
				"name": "bone71",
				"parent": "bone70",
				"pivot": [0, 3.7, 5.27792],
				"rotation": [0, -45, 0],
				"cubes": [
					{"origin": [-1, 3.7, 4.27792], "size": [2, 8, 2], "uv": [40, 24]}
				]
			},
			{
				"name": "bone72",
				"parent": "Skirt2",
				"pivot": [0, 3.7, 0],
				"rotation": [0, -240, 0]
			},
			{
				"name": "bone73",
				"parent": "bone72",
				"pivot": [0, 3.7, 5.27792],
				"rotation": [23, 0, 0]
			},
			{
				"name": "bone74",
				"parent": "bone73",
				"pivot": [0, 3.7, 5.27792],
				"rotation": [0, -45, 0],
				"cubes": [
					{"origin": [-1, 3.7, 4.27792], "size": [2, 8, 2], "uv": [40, 40]}
				]
			},
			{
				"name": "bone75",
				"parent": "Skirt2",
				"pivot": [0, 3.7, 0],
				"rotation": [0, -270, 0]
			},
			{
				"name": "bone76",
				"parent": "bone75",
				"pivot": [0, 3.7, 5.27792],
				"rotation": [23, 0, 0]
			},
			{
				"name": "bone77",
				"parent": "bone76",
				"pivot": [0, 3.7, 5.27792],
				"rotation": [0, -45, 0],
				"cubes": [
					{"origin": [-1, 3.7, 4.27792], "size": [2, 8, 2], "uv": [24, 39]}
				]
			},
			{
				"name": "bone78",
				"parent": "Skirt2",
				"pivot": [0, 3.7, 0],
				"rotation": [0, -300, 0]
			},
			{
				"name": "bone79",
				"parent": "bone78",
				"pivot": [0, 3.7, 5.27792],
				"rotation": [23, 0, 0]
			},
			{
				"name": "bone80",
				"parent": "bone79",
				"pivot": [0, 3.7, 5.27792],
				"rotation": [0, -45, 0],
				"cubes": [
					{"origin": [-1, 3.7, 4.27792], "size": [2, 8, 2], "uv": [16, 39]}
				]
			},
			{
				"name": "bone81",
				"parent": "Skirt2",
				"pivot": [0, 3.7, 0],
				"rotation": [0, -330, 0]
			},
			{
				"name": "bone82",
				"parent": "bone81",
				"pivot": [0, 3.7, 5.27792],
				"rotation": [23, 0, 0]
			},
			{
				"name": "bone83",
				"parent": "bone82",
				"pivot": [0, 3.7, 5.27792],
				"rotation": [0, -45, 0],
				"cubes": [
					{"origin": [-1, 3.7, 4.27792], "size": [2, 8, 2], "uv": [32, 38]}
				]
			},
			{
				"name": "sittingRotationSkirt",
				"parent": "Skirt2",
				"pivot": [0, 14.2, 0]
			},
			{
				"name": "qugan",
				"parent": "body",
				"pivot": [0, 10.5, 0],
				"cubes": [
					{"origin": [-3, 11.999, -3], "size": [6, 6, 6], "uv": [0, 16]}
				]
			},
			{
				"name": "pants",
				"parent": "body",
				"pivot": [0, 10.5, 0],
				"cubes": [
					{"origin": [-3, 8.75, -2.2], "size": [6, 3.25, 4.5], "uv": [20, 24]}
				]
			},
			{
				"name": "legLeft",
				"pivot": [2, 9, 0],
				"cubes": [
					{"origin": [0.499, 0, -1], "size": [2.5, 9, 2.5], "uv": [8, 38]}
				]
			},
			{
				"name": "legRight",
				"pivot": [-2, 9, 0],
				"cubes": [
					{"origin": [-2.999, 0, -1], "size": [2.5, 9, 2.5], "uv": [0, 38]}
				]
			},
			{
				"name": "tail",
				"pivot": [-1.3, 10.8, 0]
			},
			{
				"name": "bone97",
				"parent": "tail",
				"pivot": [0, 0, 0],
				"cubes": [
					{"origin": [-0.5, 11, 3], "size": [1, 1, 1], "uv": [0, 0]}
				]
			},
			{
				"name": "bone100",
				"parent": "tail",
				"pivot": [0, 0, -1],
				"cubes": [
					{"origin": [-0.5, 11, 2], "size": [1, 1, 1], "uv": [0, 0]}
				]
			},
			{
				"name": "bone98",
				"parent": "tail",
				"pivot": [0, 11.5, 4.5],
				"rotation": [-14, 0, 0],
				"cubes": [
					{"origin": [-0.5, 10.86419, 3.89389], "size": [1, 1, 1], "uv": [0, 0]}
				]
			},
			{
				"name": "bone99",
				"parent": "tail",
				"pivot": [0, 11.2, 5.3],
				"rotation": [-8, -10, 0],
				"cubes": [
					{"origin": [-0.60686, 10.70136, 4.71393], "size": [1, 1, 1], "uv": [0, 0]}
				]
			},
			{
				"name": "bone101",
				"parent": "tail",
				"pivot": [0, 11.2, 6.5],
				"rotation": [-10, -15, 0],
				"cubes": [
					{"origin": [-0.87713, 10.50796, 5.71913], "size": [1, 1, 1], "uv": [0, 0]}
				]
			},
			{
				"name": "bone102",
				"parent": "tail",
				"pivot": [0, 11.2, 7.5],
				"rotation": [0, -1, 0],
				"cubes": [
					{"origin": [-0.89166, 10.48042, 6.38075], "size": [1, 1, 1], "uv": [0, 0]}
				]
			},
			{
				"name": "bone103",
				"parent": "tail",
				"pivot": [0, 11.2, 8.1],
				"rotation": [12.5, -1, 0],
				"cubes": [
					{"origin": [-0.90214, 10.65313, 7.24214], "size": [1, 1, 1], "uv": [0, 0]}
				]
			},
			{
				"name": "bone107",
				"parent": "tail",
				"pivot": [0, 11.3, 8.5],
				"rotation": [12.5, -1, 0],
				"cubes": [
					{"origin": [-0.90214, 10.75313, 7.64214], "size": [1, 1, 1], "uv": [0, 0]}
				]
			},
			{
				"name": "bone104",
				"parent": "tail",
				"pivot": [0, 11.2, 9.2],
				"rotation": [25.5, 13, 0],
				"cubes": [
					{"origin": [-0.7198, 11.08969, 8.26256], "size": [1, 1, 1], "uv": [0, 0]}
				]
			},
			{
				"name": "bone108",
				"parent": "tail",
				"pivot": [0, 11.4, 9.5],
				"rotation": [25.5, 13, 0],
				"cubes": [
					{"origin": [-0.7198, 11.28969, 8.56256], "size": [1, 1, 1], "uv": [0, 0]}
				]
			},
			{
				"name": "bone105",
				"parent": "tail",
				"pivot": [0, 11.2, 10.1],
				"rotation": [46.5, 22, 0],
				"cubes": [
					{"origin": [-0.40237, 11.64904, 9.57376], "size": [1, 1, 1], "uv": [0, 0]}
				]
			},
			{
				"name": "bone106",
				"parent": "tail",
				"pivot": [0, 11.2, 10.9],
				"rotation": [66.5, 22, 0],
				"cubes": [
					{"origin": [-0.10268, 12.14015, 11.20299], "size": [1, 1, 1], "uv": [0, 0]}
				]
			},
			{
				"name": "bone114",
				"parent": "tail",
				"pivot": [0, 12.1, 11.4],
				"rotation": [80.5, 22, 0],
				"cubes": [
					{"origin": [0.08462, 13.00569, 11.92756], "size": [1, 1, 1], "uv": [0, 0]}
				]
			},
			{
				"name": "bone115",
				"parent": "tail",
				"pivot": [0, 12.5, 11.4],
				"rotation": [59.5, 22, 0],
				"cubes": [
					{"origin": [0.08462, 13.62353, 11.79851], "size": [1, 1, 1], "uv": [0, 0]}
				]
			},
			{
				"name": "bone116",
				"parent": "tail",
				"pivot": [0, 12.9, 12],
				"rotation": [35.5, 22, 0],
				"cubes": [
					{"origin": [0.30938, 14.40617, 11.7287], "size": [1, 1, 1], "uv": [0, 0]}
				]
			},
			{
				"name": "bone117",
				"parent": "tail",
				"pivot": [0, 12.9, 12.9],
				"rotation": [17.5, 22, 0],
				"cubes": [
					{"origin": [0.64653, 14.75962, 12.02275], "size": [1, 1, 1], "uv": [0, 0]}
				]
			},
			{
				"name": "bone118",
				"parent": "tail",
				"pivot": [0, 12.9, 13.7],
				"rotation": [-0.5, 22, 0],
				"cubes": [
					{"origin": [0.94622, 14.65112, 12.19135], "size": [1, 1, 1], "uv": [0, 0]}
				]
			},
			{
				"name": "bone119",
				"parent": "tail",
				"pivot": [1.44622, 15.15112, 13.59135],
				"rotation": [-21.5, 22, 0],
				"cubes": [
					{"origin": [1.01082, 14.28111, 12.54527], "size": [1, 1, 1], "uv": [0, 0]}
				]
			},
			{
				"name": "bone120",
				"parent": "tail",
				"pivot": [1.44622, 15.15112, 13.59135],
				"rotation": [-21.5, 22, 0],
				"cubes": [
					{"origin": [1.01082, 14.28111, 13.54527], "size": [1, 1, 1], "uv": [0, 0]}
				]
			}
		]
	}
}