{
	"pack_name": "{maid_pack.national_sachet.name}",
	"author": ["§e雾雨波波沙"],
	"description": ["{maid_pack.national_sachet.desc}"],
	"date": "2021-07-18",
	"icon": "national_sachet:textures/maid_icon.png",
	"version": "1.0.1",
	"model_list": [
		{
			"model_id": "national_sachet:sachet",
			"description": ["{model.national_sachet.sachet.desc}"],
			"render_item_scale": 0.8,
			"render_entity_scale": 0.8,
			"show_hata": false,
			"show_custom_head": false,
			"can_hold_trolley": false,
			"can_hold_vehicle": false,
			"animation": ["touhou_little_maid:animation/maid/default/head/default.js", "touhou_little_maid:animation/maid/default/head/beg.js", "touhou_little_maid:animation/maid/default/head/music_shake.js", "touhou_little_maid:animation/maid/default/arm/default.js", "touhou_little_maid:animation/maid/default/arm/swing.js", "touhou_little_maid:animation/maid/default/leg/default.js", "touhou_little_maid:animation/maid/default/sit/default.js", "touhou_little_maid:animation/maid/default/sit/skirt_rotation.js"]
		},
		{
			"model_id": "national_sachet:miray",
			"description": ["{model.national_sachet.miray.desc}"],
			"render_item_scale": 0.9,
			"render_entity_scale": 0.9,
			"show_hata": false,
			"show_custom_head": false,
			"can_hold_trolley": false,
			"can_hold_vehicle": false,
			"animation": ["touhou_little_maid:animation/maid/default/head/default.js", "touhou_little_maid:animation/maid/default/head/beg.js", "touhou_little_maid:animation/maid/default/head/music_shake.js", "touhou_little_maid:animation/maid/default/arm/default.js", "touhou_little_maid:animation/maid/default/arm/swing.js", "touhou_little_maid:animation/maid/default/leg/default.js", "touhou_little_maid:animation/maid/default/sit/default.js", "touhou_little_maid:animation/maid/default/sit/skirt_rotation.js"]
		},
		{
			"model_id": "national_sachet:renhai",
			"description": ["{model.national_sachet.renhai.desc}"],
			"render_item_scale": 0.9,
			"render_entity_scale": 0.9,
			"show_hata": false,
			"show_custom_head": false,
			"can_hold_trolley": false,
			"can_hold_vehicle": false,
			"show_backpack": false,
			"animation": ["touhou_little_maid:animation/maid/default/head/default.js", "touhou_little_maid:animation/maid/default/head/beg.js", "touhou_little_maid:animation/maid/default/head/music_shake.js", "touhou_little_maid:animation/maid/default/arm/default.js", "touhou_little_maid:animation/maid/default/arm/swing.js", "touhou_little_maid:animation/maid/default/leg/default.js", "touhou_little_maid:animation/maid/default/sit/default.js", "touhou_little_maid:animation/maid/default/sit/skirt_rotation.js", "touhou_little_maid:animation/maid/default/armor/default.js", "touhou_little_maid:animation/maid/default/armor/reverse.js", "touhou_little_maid:animation/maid/default/status/sasimono.js", "touhou_little_maid:animation/base/rotation/y_high_speed.js"]
		}
	]
}