{
	"format_version": "1.10.0",
	"geometry.model": {
		"texturewidth": 128,
		"textureheight": 128,
		"visible_bounds_width": 3,
		"visible_bounds_height": 4,
		"visible_bounds_offset": [0, 1, 0],
		"bones": [
			{
				"name": "head",
				"pivot": [0, 18, 0],
				"cubes": [
					{"origin": [-4, 18, -4], "size": [8, 8, 8], "uv": [24, 24]},
					{"origin": [-4, 18, -4], "size": [8, 8, 8], "uv": [0, 16], "inflate": 0.2}
				]
			},
			{
				"name": "blink",
				"parent": "head",
				"pivot": [0, 18, 0],
				"cubes": [
					{"origin": [-4, 18, -4.001], "size": [8, 8, 0], "uv": [24, 16]}
				]
			},
			{
				"name": "hair",
				"parent": "head",
				"pivot": [0, 18, -0.25]
			},
			{
				"name": "bone60",
				"parent": "hair",
				"pivot": [2.8, 17.3, -3.45],
				"rotation": [-7.5095, 0.21782, -4.99527]
			},
			{
				"name": "bone61",
				"parent": "bone60",
				"pivot": [2.8, 17.3, -4.05],
				"cubes": [
					{"origin": [2.8, 14.3, -4.05], "size": [1, 4, 1], "uv": [0, 0]}
				]
			},
			{
				"name": "bone62",
				"parent": "bone60",
				"pivot": [3.4, 13.3, -3.55],
				"rotation": [0, 0, 10],
				"cubes": [
					{"origin": [2.58116, 12.58891, -4.06736], "size": [1, 2, 1], "uv": [4, 5]}
				]
			},
			{
				"name": "bone63",
				"parent": "bone60",
				"pivot": [3.3, 13.3, -3.55],
				"rotation": [0, 0, 72.5],
				"cubes": [
					{"origin": [3.08111, 11.39668, -4.05], "size": [1, 2, 1], "uv": [0, 5], "inflate": -0.1}
				]
			},
			{
				"name": "bone56",
				"parent": "hair",
				"pivot": [-2.8, 17.3, -3.45],
				"rotation": [-7.5095, -0.21782, 4.99527]
			},
			{
				"name": "bone57",
				"parent": "bone56",
				"pivot": [-2.8, 17.3, -4.05],
				"cubes": [
					{"origin": [-3.8, 14.3, -4.05], "size": [1, 4, 1], "uv": [4, 0]}
				]
			},
			{
				"name": "bone58",
				"parent": "bone56",
				"pivot": [-3.4, 13.3, -3.55],
				"rotation": [0, 0, -10],
				"cubes": [
					{"origin": [-3.58116, 12.58891, -4.06736], "size": [1, 2, 1], "uv": [4, 16]}
				]
			},
			{
				"name": "bone59",
				"parent": "bone56",
				"pivot": [-3.3, 13.3, -3.55],
				"rotation": [0, 0, -72.5],
				"cubes": [
					{"origin": [-4.08111, 11.39668, -4.05], "size": [1, 2, 1], "uv": [0, 16], "inflate": -0.1}
				]
			},
			{
				"name": "hairDeco",
				"parent": "head",
				"pivot": [5.23072, 20.06123, 0],
				"rotation": [0, 0, 14],
				"cubes": [
					{"origin": [1.52999, 16.08216, -4], "size": [8, 8, 8], "uv": [0, 0], "inflate": -2.25}
				]
			},
			{
				"name": "hairDeco2",
				"parent": "head",
				"pivot": [0, 18, -0.9]
			},
			{
				"name": "bone67",
				"parent": "hairDeco2",
				"pivot": [-4.3, 25.3, -1.7],
				"rotation": [0, 0, -85]
			},
			{
				"name": "bone68",
				"parent": "bone67",
				"pivot": [-4.3, 25.9, -1.7],
				"rotation": [-80, 0, 0],
				"cubes": [
					{"origin": [-4.8, 25.9, -1.01181], "size": [1, 1, 0], "uv": [4, 22]}
				]
			},
			{
				"name": "bone69",
				"parent": "bone67",
				"pivot": [-4.3, 25.9, -1.7],
				"rotation": [-80, -72, 0],
				"cubes": [
					{"origin": [-4.8, 25.9, -1.01181], "size": [1, 1, 0], "uv": [6, 21]}
				]
			},
			{
				"name": "bone70",
				"parent": "bone67",
				"pivot": [-4.3, 25.9, -1.7],
				"rotation": [-80, -144, 0],
				"cubes": [
					{"origin": [-4.8, 25.9, -1.01181], "size": [1, 1, 0], "uv": [4, 21]}
				]
			},
			{
				"name": "bone71",
				"parent": "bone67",
				"pivot": [-4.3, 25.9, -1.7],
				"rotation": [-80, -216, 0],
				"cubes": [
					{"origin": [-4.8, 25.9, -1.01181], "size": [1, 1, 0], "uv": [6, 20]}
				]
			},
			{
				"name": "bone72",
				"parent": "bone67",
				"pivot": [-4.3, 25.9, -1.7],
				"rotation": [-80, -288, 0],
				"cubes": [
					{"origin": [-4.8, 25.9, -1.01181], "size": [1, 1, 0], "uv": [4, 20]}
				]
			},
			{
				"name": "bone73",
				"parent": "hairDeco2",
				"pivot": [-4.3, 24, -4],
				"rotation": [22.42287, -1.91134, -85.37889]
			},
			{
				"name": "bone74",
				"parent": "bone73",
				"pivot": [-4.3, 24.6, -4],
				"rotation": [-80, 0, 0],
				"cubes": [
					{"origin": [-4.8, 24.6, -3.31181], "size": [1, 1, 0], "uv": [6, 19]}
				]
			},
			{
				"name": "bone75",
				"parent": "bone73",
				"pivot": [-4.3, 24.6, -4],
				"rotation": [-80, -72, 0],
				"cubes": [
					{"origin": [-4.8, 24.6, -3.31181], "size": [1, 1, 0], "uv": [4, 19]}
				]
			},
			{
				"name": "bone76",
				"parent": "bone73",
				"pivot": [-4.3, 24.6, -4],
				"rotation": [-80, -144, 0],
				"cubes": [
					{"origin": [-4.8, 24.6, -3.31181], "size": [1, 1, 0], "uv": [3, 16]}
				]
			},
			{
				"name": "bone77",
				"parent": "bone73",
				"pivot": [-4.3, 24.6, -4],
				"rotation": [-80, -216, 0],
				"cubes": [
					{"origin": [-4.8, 24.6, -3.31181], "size": [1, 1, 0], "uv": [3, 5]}
				]
			},
			{
				"name": "bone78",
				"parent": "bone73",
				"pivot": [-4.3, 24.6, -4],
				"rotation": [-80, -288, 0],
				"cubes": [
					{"origin": [-4.8, 24.6, -3.31181], "size": [1, 1, 0], "uv": [3, 0]}
				]
			},
			{
				"name": "armRight",
				"pivot": [-3, 17.5, 0],
				"rotation": [0, 0, 25],
				"cubes": [
					{"origin": [-5, 8.5, -1], "size": [2, 8, 2], "uv": [36, 52]},
					{"origin": [-5.5, 8.75, -1.5], "size": [3, 7, 3], "uv": [12, 47], "inflate": -0.3}
				]
			},
			{
				"name": "armLeft",
				"pivot": [3, 17.5, 0],
				"rotation": [0, 0, -25],
				"cubes": [
					{"origin": [2.5, 8.75, -1.5], "size": [3, 7, 3], "uv": [0, 47], "inflate": -0.3},
					{"origin": [3, 8.5, -1], "size": [2, 8, 2], "uv": [48, 22]}
				]
			},
			{
				"name": "body",
				"pivot": [0, 10.5, 0],
				"cubes": [
					{"origin": [-3, 8.999, -3], "size": [6, 9, 6], "uv": [32, 0]},
					{"origin": [-3, 8.999, -3], "size": [6, 9, 6], "uv": [0, 32], "inflate": -0.2}
				]
			},
			{
				"name": "sittingRotationSkirt",
				"parent": "body",
				"pivot": [0, 12, 0]
			},
			{
				"name": "bone",
				"parent": "sittingRotationSkirt",
				"pivot": [0, 11.75, 0],
				"rotation": [0, -30, 0]
			},
			{
				"name": "bone2",
				"parent": "bone",
				"pivot": [0, 1.25, 0]
			},
			{
				"name": "bone3",
				"parent": "bone2",
				"pivot": [0, 1.25, 2.97771],
				"rotation": [15, 0, 0],
				"cubes": [
					{"origin": [-1, 0.95221, 5.15754], "size": [2, 10, 0], "uv": [60, 0]}
				]
			},
			{
				"name": "bone4",
				"parent": "bone3",
				"pivot": [-1, 0.95221, 2.97771],
				"rotation": [0, 0, 8.56299],
				"cubes": [
					{"origin": [-3, 0.95221, 5.15654], "size": [2, 10, 0], "uv": [60, 60]}
				]
			},
			{
				"name": "bone5",
				"parent": "bone3",
				"pivot": [1, 0.95221, 2.97771],
				"rotation": [0, 0, -8.56299],
				"cubes": [
					{"origin": [1, 0.95221, 5.15854], "size": [2, 10, 0], "uv": [20, 57]}
				]
			},
			{
				"name": "bone6",
				"parent": "bone",
				"pivot": [0, 1.25, 0],
				"rotation": [0, -60, 0]
			},
			{
				"name": "bone7",
				"parent": "bone6",
				"pivot": [0, 1.25, 2.97771],
				"rotation": [15, 0, 0],
				"cubes": [
					{"origin": [-1, 0.95221, 5.15754], "size": [2, 10, 0], "uv": [16, 57]}
				]
			},
			{
				"name": "bone8",
				"parent": "bone7",
				"pivot": [-1, 0.95221, 2.97771],
				"rotation": [0, 0, 8.56299],
				"cubes": [
					{"origin": [-3, 0.95221, 5.15654], "size": [2, 10, 0], "uv": [12, 57]}
				]
			},
			{
				"name": "bone9",
				"parent": "bone7",
				"pivot": [1, 0.95221, 2.97771],
				"rotation": [0, 0, -8.56299],
				"cubes": [
					{"origin": [1, 0.95221, 5.15854], "size": [2, 10, 0], "uv": [8, 57]}
				]
			},
			{
				"name": "bone10",
				"parent": "bone",
				"pivot": [0, 1.25, 0],
				"rotation": [0, -120, 0]
			},
			{
				"name": "bone11",
				"parent": "bone10",
				"pivot": [0, 1.25, 2.97771],
				"rotation": [15, 0, 0],
				"cubes": [
					{"origin": [-1, 0.95221, 5.15754], "size": [2, 10, 0], "uv": [4, 57]}
				]
			},
			{
				"name": "bone12",
				"parent": "bone11",
				"pivot": [-0.75, 1.06428, 2.55945],
				"rotation": [0, 0, 8.56299],
				"cubes": [
					{"origin": [-2.75, 1.06428, 4.73828], "size": [2, 10, 0], "uv": [0, 57]}
				]
			},
			{
				"name": "bone13",
				"parent": "bone11",
				"pivot": [1, 0.95221, 2.97771],
				"rotation": [0, 0, -8.56299],
				"cubes": [
					{"origin": [1, 0.95221, 5.15854], "size": [2, 10, 0], "uv": [56, 40]}
				]
			},
			{
				"name": "bone14",
				"parent": "bone",
				"pivot": [0, 1.25, 0],
				"rotation": [0, -180, 0]
			},
			{
				"name": "bone15",
				"parent": "bone14",
				"pivot": [0, 1.25, 2.97771],
				"rotation": [15, 0, 0],
				"cubes": [
					{"origin": [-1, 0.95221, 5.15754], "size": [2, 10, 0], "uv": [56, 30]}
				]
			},
			{
				"name": "bone16",
				"parent": "bone15",
				"pivot": [-1, 0.95221, 2.97771],
				"rotation": [0, 0, 8.56299],
				"cubes": [
					{"origin": [-3, 0.95221, 5.15654], "size": [2, 10, 0], "uv": [56, 20]}
				]
			},
			{
				"name": "bone17",
				"parent": "bone15",
				"pivot": [0.75, 1.06428, 2.55945],
				"rotation": [0, 0, -8.56299],
				"cubes": [
					{"origin": [0.75, 1.06428, 4.74028], "size": [2, 10, 0], "uv": [56, 10]}
				]
			},
			{
				"name": "bone18",
				"parent": "bone",
				"pivot": [0, 1.25, 0],
				"rotation": [0, -240, 0]
			},
			{
				"name": "bone19",
				"parent": "bone18",
				"pivot": [0, 1.25, 2.97771],
				"rotation": [15, 0, 0],
				"cubes": [
					{"origin": [-1, 0.95221, 5.15754], "size": [2, 10, 0], "uv": [56, 0]}
				]
			},
			{
				"name": "bone20",
				"parent": "bone19",
				"pivot": [-1, 0.95221, 2.97771],
				"rotation": [0, 0, 8.56299],
				"cubes": [
					{"origin": [-3, 0.95221, 5.15654], "size": [2, 10, 0], "uv": [56, 56]}
				]
			},
			{
				"name": "bone21",
				"parent": "bone19",
				"pivot": [1, 0.95221, 2.97771],
				"rotation": [0, 0, -8.56299],
				"cubes": [
					{"origin": [1, 0.95221, 5.15854], "size": [2, 10, 0], "uv": [52, 53]}
				]
			},
			{
				"name": "bone22",
				"parent": "bone",
				"pivot": [0, 1.25, 0],
				"rotation": [0, -300, 0]
			},
			{
				"name": "bone23",
				"parent": "bone22",
				"pivot": [0, 1.25, 2.97771],
				"rotation": [15, 0, 0],
				"cubes": [
					{"origin": [-1, 0.95221, 5.15754], "size": [2, 10, 0], "uv": [48, 53]}
				]
			},
			{
				"name": "bone24",
				"parent": "bone23",
				"pivot": [-1, 0.95221, 2.97771],
				"rotation": [0, 0, 8.56299],
				"cubes": [
					{"origin": [-3, 0.95221, 5.15654], "size": [2, 10, 0], "uv": [44, 53]}
				]
			},
			{
				"name": "bone25",
				"parent": "bone23",
				"pivot": [1, 0.95221, 2.97771],
				"rotation": [0, 0, -8.56299],
				"cubes": [
					{"origin": [1, 0.95221, 5.15854], "size": [2, 10, 0], "uv": [52, 40]}
				]
			},
			{
				"name": "bone26",
				"parent": "sittingRotationSkirt",
				"pivot": [0, 14.5, 0],
				"rotation": [0, -30, 0]
			},
			{
				"name": "bone27",
				"parent": "bone26",
				"pivot": [0, 4, 0]
			},
			{
				"name": "bone28",
				"parent": "bone27",
				"pivot": [0, 4, 2.97771],
				"rotation": [15, 0, 0],
				"cubes": [
					{"origin": [-1, 4.70221, 5.15754], "size": [2, 9, 0], "uv": [64, 54]}
				]
			},
			{
				"name": "bone29",
				"parent": "bone28",
				"pivot": [-1, 3.70221, 2.97771],
				"rotation": [0, 0, 8.56299],
				"cubes": [
					{"origin": [-3, 4.70221, 5.15654], "size": [2, 9, 0], "uv": [64, 45]}
				]
			},
			{
				"name": "bone30",
				"parent": "bone28",
				"pivot": [1, 3.70221, 2.97771],
				"rotation": [0, 0, -8.56299],
				"cubes": [
					{"origin": [1, 4.70221, 5.15854], "size": [2, 9, 0], "uv": [64, 36]}
				]
			},
			{
				"name": "bone31",
				"parent": "bone26",
				"pivot": [0, 4, 0],
				"rotation": [0, -60, 0]
			},
			{
				"name": "bone32",
				"parent": "bone31",
				"pivot": [0, 4, 2.97771],
				"rotation": [15, 0, 0],
				"cubes": [
					{"origin": [-1, 4.70221, 5.15754], "size": [2, 9, 0], "uv": [64, 27]}
				]
			},
			{
				"name": "bone33",
				"parent": "bone32",
				"pivot": [-1, 3.70221, 2.97771],
				"rotation": [0, 0, 8.56299],
				"cubes": [
					{"origin": [-3, 4.70221, 5.15654], "size": [2, 9, 0], "uv": [64, 18]}
				]
			},
			{
				"name": "bone34",
				"parent": "bone32",
				"pivot": [1, 3.70221, 2.97771],
				"rotation": [0, 0, -8.56299],
				"cubes": [
					{"origin": [1, 4.70221, 5.15854], "size": [2, 9, 0], "uv": [64, 9]}
				]
			},
			{
				"name": "bone35",
				"parent": "bone26",
				"pivot": [0, 4, 0],
				"rotation": [0, -120, 0]
			},
			{
				"name": "bone36",
				"parent": "bone35",
				"pivot": [0, 4, 2.97771],
				"rotation": [15, 0, 0],
				"cubes": [
					{"origin": [-1, 4.70221, 5.15754], "size": [2, 9, 0], "uv": [64, 0]}
				]
			},
			{
				"name": "bone37",
				"parent": "bone36",
				"pivot": [-1, 3.70221, 2.97771],
				"rotation": [0, 0, 8.56299],
				"cubes": [
					{"origin": [-3, 4.70221, 5.15654], "size": [2, 9, 0], "uv": [64, 64]}
				]
			},
			{
				"name": "bone38",
				"parent": "bone36",
				"pivot": [1, 3.70221, 2.97771],
				"rotation": [0, 0, -8.56299],
				"cubes": [
					{"origin": [1, 4.70221, 5.15854], "size": [2, 9, 0], "uv": [52, 63]}
				]
			},
			{
				"name": "bone39",
				"parent": "bone26",
				"pivot": [0, 4, 0],
				"rotation": [0, -180, 0]
			},
			{
				"name": "bone40",
				"parent": "bone39",
				"pivot": [0, 4, 2.97771],
				"rotation": [15, 0, 0],
				"cubes": [
					{"origin": [-1, 4.70221, 5.16], "size": [2, 9, 0], "uv": [48, 63]}
				]
			},
			{
				"name": "bone41",
				"parent": "bone40",
				"pivot": [-1, 3.70221, 2.97771],
				"rotation": [0, 0, 8.56299],
				"cubes": [
					{"origin": [-3, 4.70221, 5.161], "size": [2, 9, 0], "uv": [44, 63]}
				]
			},
			{
				"name": "bone42",
				"parent": "bone40",
				"pivot": [1, 3.70221, 2.97771],
				"rotation": [0, 0, -8.56299],
				"cubes": [
					{"origin": [1, 4.70221, 5.15], "size": [2, 9, 0], "uv": [40, 62]}
				]
			},
			{
				"name": "bone43",
				"parent": "bone26",
				"pivot": [0, 4, 0],
				"rotation": [0, -240, 0]
			},
			{
				"name": "bone44",
				"parent": "bone43",
				"pivot": [0, 4, 2.97771],
				"rotation": [15, 0, 0],
				"cubes": [
					{"origin": [-1, 4.70221, 5.15754], "size": [2, 9, 0], "uv": [36, 62]}
				]
			},
			{
				"name": "bone45",
				"parent": "bone44",
				"pivot": [-1, 3.70221, 2.97771],
				"rotation": [0, 0, 8.56299],
				"cubes": [
					{"origin": [-3, 4.70221, 5.15654], "size": [2, 9, 0], "uv": [60, 46]}
				]
			},
			{
				"name": "bone46",
				"parent": "bone44",
				"pivot": [1, 3.70221, 2.97771],
				"rotation": [0, 0, -8.56299],
				"cubes": [
					{"origin": [1, 4.70221, 5.15854], "size": [2, 9, 0], "uv": [60, 37]}
				]
			},
			{
				"name": "bone47",
				"parent": "bone26",
				"pivot": [0, 4, 0],
				"rotation": [0, -300, 0]
			},
			{
				"name": "bone48",
				"parent": "bone47",
				"pivot": [0, 4, 2.97771],
				"rotation": [15, 0, 0],
				"cubes": [
					{"origin": [-1, 4.70221, 5.15754], "size": [2, 9, 0], "uv": [60, 28]}
				]
			},
			{
				"name": "bone49",
				"parent": "bone48",
				"pivot": [-1, 3.70221, 2.97771],
				"rotation": [0, 0, 8.56299],
				"cubes": [
					{"origin": [-3, 4.70221, 5.15654], "size": [2, 9, 0], "uv": [60, 19]}
				]
			},
			{
				"name": "bone50",
				"parent": "bone48",
				"pivot": [1, 3.70221, 2.97771],
				"rotation": [0, 0, -8.56299],
				"cubes": [
					{"origin": [1, 4.70221, 5.15854], "size": [2, 9, 0], "uv": [60, 10]}
				]
			},
			{
				"name": "tie",
				"parent": "body",
				"pivot": [0, 10.7, -0.15]
			},
			{
				"name": "bone52",
				"parent": "tie",
				"pivot": [0.25, 18.7, 2.85],
				"rotation": [12.5, 0, 15],
				"cubes": [
					{"origin": [-1.76139, 3.32715, 2.87819], "size": [3, 15, 0], "uv": [30, 52]}
				]
			},
			{
				"name": "bone53",
				"parent": "tie",
				"pivot": [-0.25, 18.7, 2.85],
				"rotation": [12.5, 0, -15],
				"cubes": [
					{"origin": [-1.23861, 3.32715, 2.87819], "size": [3, 15, 0], "uv": [24, 52]}
				]
			},
			{
				"name": "bone55",
				"parent": "tie",
				"pivot": [0, 10.5, -0.15]
			},
			{
				"name": "bone54",
				"parent": "bone55",
				"pivot": [0.6, 17.7, -0.05],
				"rotation": [0, 0, -30],
				"cubes": [
					{"origin": [-0.4, 17.2, -3.05], "size": [2, 1, 6], "uv": [40, 15]}
				]
			},
			{
				"name": "bone51",
				"parent": "bone55",
				"pivot": [-0.65, 17.7, -0.05],
				"rotation": [0, 0, 30],
				"cubes": [
					{"origin": [-1.65, 17.2, -3.05], "size": [2, 1, 6], "uv": [42, 46], "inflate": 0.01}
				]
			},
			{
				"name": "bone79",
				"parent": "body",
				"pivot": [0, 10.5, 0]
			},
			{
				"name": "bone80",
				"parent": "bone79",
				"pivot": [-0.5, 17.25, -2.9],
				"rotation": [0, 0, 30],
				"cubes": [
					{"origin": [-1, 15.25, -2.9], "size": [1, 4, 0], "uv": [2, 19]}
				]
			},
			{
				"name": "bone81",
				"parent": "bone79",
				"pivot": [0.5, 17.25, -2.9],
				"rotation": [0, 0, -30],
				"cubes": [
					{"origin": [0, 15.25, -2.9], "size": [1, 4, 0], "uv": [0, 19]}
				]
			},
			{
				"name": "legLeft",
				"pivot": [2, 9, 0],
				"cubes": [
					{"origin": [0.249, 0, -1.5], "size": [3, 9, 3], "uv": [36, 40]}
				]
			},
			{
				"name": "legRight",
				"pivot": [-2, 9, 0],
				"cubes": [
					{"origin": [-3.249, 0, -1.5], "size": [3, 9, 3], "uv": [24, 40]}
				]
			}
		]
	}
}