{
	"format_version": "1.10.0",
	"geometry.model": {
		"texturewidth": 128,
		"textureheight": 128,
		"visible_bounds_width": 3,
		"visible_bounds_height": 4,
		"visible_bounds_offset": [0, 1, 0],
		"bones": [
			{
				"name": "head",
				"pivot": [0, 18, 0],
				"cubes": [
					{"origin": [-4, 18, -4], "size": [8, 8, 8], "uv": [0, 16]},
					{"origin": [-4, 17.8, -4], "size": [8, 8.3, 8], "uv": [0, 0], "inflate": 0.2}
				]
			},
			{
				"name": "blink",
				"parent": "head",
				"pivot": [0, 18, 0],
				"cubes": [
					{"origin": [-4, 18, -4.001], "size": [8, 8, 0], "uv": [42, 34]}
				]
			},
			{
				"name": "bone160",
				"parent": "head",
				"pivot": [4.61666, 23.68831, 0],
				"rotation": [0, 0, 95]
			},
			{
				"name": "bone161",
				"parent": "bone160",
				"pivot": [4.61666, 24.68831, 0],
				"rotation": [-45, 0, 0],
				"cubes": [
					{"origin": [4.11666, 23.68831, 0.68819], "size": [1, 1, 1], "uv": [50, 2]}
				]
			},
			{
				"name": "bone162",
				"parent": "bone160",
				"pivot": [4.61666, 24.68831, 0],
				"rotation": [-45, -72, 0],
				"cubes": [
					{"origin": [4.11666, 23.68831, 0.68819], "size": [1, 1, 1], "uv": [50, 0]}
				]
			},
			{
				"name": "bone163",
				"parent": "bone160",
				"pivot": [4.61666, 24.68831, 0],
				"rotation": [-45, -144, 0],
				"cubes": [
					{"origin": [4.11666, 23.68831, 0.68819], "size": [1, 1, 1], "uv": [37, 50]}
				]
			},
			{
				"name": "bone164",
				"parent": "bone160",
				"pivot": [4.61666, 24.68831, 0],
				"rotation": [-45, -216, 0],
				"cubes": [
					{"origin": [4.11666, 23.68831, 0.68819], "size": [1, 1, 1], "uv": [33, 50]}
				]
			},
			{
				"name": "bone165",
				"parent": "bone160",
				"pivot": [4.61666, 24.68831, 0],
				"rotation": [-45, -288, 0],
				"cubes": [
					{"origin": [4.11666, 23.68831, 0.68819], "size": [1, 1, 1], "uv": [48, 29]}
				]
			},
			{
				"name": "bone166",
				"parent": "head",
				"pivot": [-4.61666, 23.48831, 0],
				"rotation": [0, 0, -100]
			},
			{
				"name": "bone167",
				"parent": "bone166",
				"pivot": [-4.61666, 24.48831, 0],
				"rotation": [-45, 0, 0],
				"cubes": [
					{"origin": [-5.11666, 23.48831, 0.68819], "size": [1, 1, 1], "uv": [48, 27]}
				]
			},
			{
				"name": "bone168",
				"parent": "bone166",
				"pivot": [-4.61666, 24.48831, 0],
				"rotation": [-45, 72, 0],
				"cubes": [
					{"origin": [-5.11666, 23.48831, 0.68819], "size": [1, 1, 1], "uv": [20, 47]}
				]
			},
			{
				"name": "bone169",
				"parent": "bone166",
				"pivot": [-4.61666, 24.48831, 0],
				"rotation": [-45, 144, 0],
				"cubes": [
					{"origin": [-5.11666, 23.48831, 0.68819], "size": [1, 1, 1], "uv": [46, 15]}
				]
			},
			{
				"name": "bone170",
				"parent": "bone166",
				"pivot": [-4.61666, 24.48831, 0],
				"rotation": [-45, 216, 0],
				"cubes": [
					{"origin": [-5.11666, 23.48831, 0.68819], "size": [1, 1, 1], "uv": [38, 46]}
				]
			},
			{
				"name": "bone171",
				"parent": "bone166",
				"pivot": [-4.61666, 24.48831, 0],
				"rotation": [-45, 288, 0],
				"cubes": [
					{"origin": [-5.11666, 23.48831, 0.68819], "size": [1, 1, 1], "uv": [38, 15]}
				]
			},
			{
				"name": "bone174",
				"parent": "head",
				"pivot": [0.1, 18, -1]
			},
			{
				"name": "bone172",
				"parent": "bone174",
				"pivot": [0.85, 27.2, -0.5],
				"rotation": [0, 5, -10],
				"cubes": [
					{"origin": [-4.8, 25.2, -1], "size": [5, 3, 1], "uv": [18, 34], "mirror": true}
				]
			},
			{
				"name": "bone173",
				"parent": "bone174",
				"pivot": [-0.75, 27, -0.5],
				"rotation": [0, -5, 10],
				"cubes": [
					{"origin": [-0.24105, 25.17812, -0.98766], "size": [5, 3, 1], "uv": [24, 0]}
				]
			},
			{
				"name": "armRight",
				"pivot": [-3, 17.5, 0],
				"rotation": [0, 0, 25],
				"cubes": [
					{"origin": [-5, 8.5, -1], "size": [2, 8, 2], "uv": [22, 58]},
					{"origin": [-5, 8.5, -1], "size": [2, 8, 2], "uv": [57, 8], "inflate": 0.1}
				]
			},
			{
				"name": "bone101",
				"parent": "armRight",
				"pivot": [-4.1846, 15.76069, -0.35355],
				"rotation": [0, 45, 50],
				"cubes": [
					{"origin": [-6.39759, 15.39114, -2.06654], "size": [4, 2, 4], "uv": [50, 50], "inflate": -0.4}
				]
			},
			{
				"name": "armLeft",
				"pivot": [3, 17.5, 0],
				"rotation": [0, 0, -25],
				"cubes": [
					{"origin": [3, 8.5, -1], "size": [2, 8, 2], "uv": [58, 25]},
					{"origin": [3, 8.5, -1], "size": [2, 8, 2], "uv": [40, 15], "inflate": 0.1}
				]
			},
			{
				"name": "bone100",
				"parent": "armLeft",
				"pivot": [4, 15.5, 0],
				"rotation": [0, 45, 0],
				"cubes": [
					{"origin": [1.59208, 13.32766, -2.40792], "size": [4, 4, 4], "uv": [24, 16]}
				]
			},
			{
				"name": "bone154",
				"parent": "armLeft",
				"pivot": [5.66666, 11.68831, 0],
				"rotation": [0, 0, 90]
			},
			{
				"name": "bone155",
				"parent": "bone154",
				"pivot": [5.66666, 12.68831, 0],
				"rotation": [-45, 0, 0],
				"cubes": [
					{"origin": [5.16666, 11.68831, 0.68819], "size": [1, 1, 1], "uv": [43, 54]}
				]
			},
			{
				"name": "bone156",
				"parent": "bone154",
				"pivot": [5.66666, 12.68831, 0],
				"rotation": [-45, -72, 0],
				"cubes": [
					{"origin": [5.16666, 11.68831, 0.68819], "size": [1, 1, 1], "uv": [51, 42]}
				]
			},
			{
				"name": "bone157",
				"parent": "bone154",
				"pivot": [5.66666, 12.68831, 0],
				"rotation": [-45, -144, 0],
				"cubes": [
					{"origin": [5.16666, 11.68831, 0.68819], "size": [1, 1, 1], "uv": [51, 30]}
				]
			},
			{
				"name": "bone158",
				"parent": "bone154",
				"pivot": [5.66666, 12.68831, 0],
				"rotation": [-45, -216, 0],
				"cubes": [
					{"origin": [5.16666, 11.68831, 0.68819], "size": [1, 1, 1], "uv": [51, 28]}
				]
			},
			{
				"name": "bone159",
				"parent": "bone154",
				"pivot": [5.66666, 12.68831, 0],
				"rotation": [-45, -288, 0],
				"cubes": [
					{"origin": [5.16666, 11.68831, 0.68819], "size": [1, 1, 1], "uv": [50, 4]}
				]
			},
			{
				"name": "body",
				"pivot": [0, 10.5, 0],
				"cubes": [
					{"origin": [-3, 8.999, -3], "size": [6, 9, 6], "uv": [32, 0]},
					{"origin": [-3, 8.999, -3], "size": [6, 9, 6], "uv": [0, 32], "inflate": 0.1}
				]
			},
			{
				"name": "sittingRotationSkirt",
				"parent": "body",
				"pivot": [0, 11.5, 0]
			},
			{
				"name": "bone",
				"parent": "sittingRotationSkirt",
				"pivot": [0, 11.5, 0]
			},
			{
				"name": "bone2",
				"parent": "bone",
				"pivot": [0, 1, 0]
			},
			{
				"name": "bone3",
				"parent": "bone2",
				"pivot": [0, 1, 2.97956],
				"rotation": [20, 0, 0],
				"cubes": [
					{"origin": [-1, 3.71478, 7.19329], "size": [2, 9, 0], "uv": [74, 18]}
				]
			},
			{
				"name": "bone4",
				"parent": "bone3",
				"pivot": [-1, 0.71478, 2.97956],
				"rotation": [0, 0, 8.19901],
				"cubes": [
					{"origin": [-3, 3.71478, 7.19229], "size": [2, 9, 0], "uv": [73, 0]}
				]
			},
			{
				"name": "bone5",
				"parent": "bone3",
				"pivot": [1, 0.71478, 2.97956],
				"rotation": [0, 0, -8.19901],
				"cubes": [
					{"origin": [1, 3.71478, 7.19429], "size": [2, 9, 0], "uv": [56, 73]}
				]
			},
			{
				"name": "bone6",
				"parent": "bone",
				"pivot": [0, 1, 0],
				"rotation": [0, -45, 0]
			},
			{
				"name": "bone7",
				"parent": "bone6",
				"pivot": [0, 1, 2.97956],
				"rotation": [20, 0, 0],
				"cubes": [
					{"origin": [-1, 3.71478, 7.19329], "size": [2, 9, 0], "uv": [52, 73]}
				]
			},
			{
				"name": "bone8",
				"parent": "bone7",
				"pivot": [-1, 0.71478, 2.97956],
				"rotation": [0, 0, 8.19901],
				"cubes": [
					{"origin": [-3, 3.71478, 7.19229], "size": [2, 9, 0], "uv": [48, 73]}
				]
			},
			{
				"name": "bone9",
				"parent": "bone7",
				"pivot": [1, 0.71478, 2.97956],
				"rotation": [0, 0, -8.19901],
				"cubes": [
					{"origin": [1, 3.71478, 7.19429], "size": [2, 9, 0], "uv": [44, 73]}
				]
			},
			{
				"name": "bone10",
				"parent": "bone",
				"pivot": [0, 1, 0],
				"rotation": [0, -90, 0]
			},
			{
				"name": "bone11",
				"parent": "bone10",
				"pivot": [0, 1, 2.97956],
				"rotation": [20, 0, 0],
				"cubes": [
					{"origin": [-1, 3.71478, 7.19329], "size": [2, 9, 0], "uv": [40, 73]}
				]
			},
			{
				"name": "bone12",
				"parent": "bone11",
				"pivot": [-1, 0.71478, 2.97956],
				"rotation": [0, 0, 8.19901],
				"cubes": [
					{"origin": [-3, 3.71478, 7.19229], "size": [2, 9, 0], "uv": [72, 35]}
				]
			},
			{
				"name": "bone13",
				"parent": "bone11",
				"pivot": [1, 0.71478, 2.97956],
				"rotation": [0, 0, -8.19901],
				"cubes": [
					{"origin": [1, 3.71478, 7.19429], "size": [2, 9, 0], "uv": [72, 9]}
				]
			},
			{
				"name": "bone14",
				"parent": "bone",
				"pivot": [0, 1, 0],
				"rotation": [0, -135, 0]
			},
			{
				"name": "bone15",
				"parent": "bone14",
				"pivot": [0, 1, 2.97956],
				"rotation": [20, 0, 0],
				"cubes": [
					{"origin": [-1, 3.71478, 7.19329], "size": [2, 9, 0], "uv": [62, 72]}
				]
			},
			{
				"name": "bone16",
				"parent": "bone15",
				"pivot": [-1, 0.71478, 2.97956],
				"rotation": [0, 0, 8.19901],
				"cubes": [
					{"origin": [-3, 3.71478, 7.19229], "size": [2, 9, 0], "uv": [71, 71]}
				]
			},
			{
				"name": "bone17",
				"parent": "bone15",
				"pivot": [1, 0.71478, 2.97956],
				"rotation": [0, 0, -8.19901],
				"cubes": [
					{"origin": [1, 3.71478, 7.19429], "size": [2, 9, 0], "uv": [36, 71]}
				]
			},
			{
				"name": "bone18",
				"parent": "bone",
				"pivot": [0, 1, 0],
				"rotation": [0, -180, 0]
			},
			{
				"name": "bone19",
				"parent": "bone18",
				"pivot": [0, 1, 2.97956],
				"rotation": [20, 0, 0],
				"cubes": [
					{"origin": [-1, 3.71478, 7.19329], "size": [2, 9, 0], "uv": [32, 71]}
				]
			},
			{
				"name": "bone20",
				"parent": "bone19",
				"pivot": [-1, 0.71478, 2.97956],
				"rotation": [0, 0, 8.19901],
				"cubes": [
					{"origin": [-3, 3.71478, 7.19229], "size": [2, 9, 0], "uv": [28, 71]}
				]
			},
			{
				"name": "bone21",
				"parent": "bone19",
				"pivot": [1, 0.71478, 2.97956],
				"rotation": [0, 0, -8.19901],
				"cubes": [
					{"origin": [1, 3.71478, 7.19429], "size": [2, 9, 0], "uv": [70, 54]}
				]
			},
			{
				"name": "bone22",
				"parent": "bone",
				"pivot": [0, 1, 0],
				"rotation": [0, -225, 0]
			},
			{
				"name": "bone23",
				"parent": "bone22",
				"pivot": [0, 1, 2.97956],
				"rotation": [20, 0, 0],
				"cubes": [
					{"origin": [-1, 3.71478, 7.19329], "size": [2, 9, 0], "uv": [70, 45]}
				]
			},
			{
				"name": "bone24",
				"parent": "bone23",
				"pivot": [-1, 0.71478, 2.97956],
				"rotation": [0, 0, 8.19901],
				"cubes": [
					{"origin": [-3, 3.71478, 7.19229], "size": [2, 9, 0], "uv": [70, 26]}
				]
			},
			{
				"name": "bone25",
				"parent": "bone23",
				"pivot": [1, 0.71478, 2.97956],
				"rotation": [0, 0, -8.19901],
				"cubes": [
					{"origin": [1, 3.71478, 7.19429], "size": [2, 9, 0], "uv": [69, 0]}
				]
			},
			{
				"name": "bone26",
				"parent": "bone",
				"pivot": [0, 1, 0],
				"rotation": [0, -270, 0]
			},
			{
				"name": "bone27",
				"parent": "bone26",
				"pivot": [0, 1, 2.97956],
				"rotation": [20, 0, 0],
				"cubes": [
					{"origin": [-1, 3.71478, 7.19329], "size": [2, 9, 0], "uv": [68, 36]}
				]
			},
			{
				"name": "bone28",
				"parent": "bone27",
				"pivot": [-1, 0.71478, 2.97956],
				"rotation": [0, 0, 8.19901],
				"cubes": [
					{"origin": [-3, 3.71478, 7.19229], "size": [2, 9, 0], "uv": [68, 17]}
				]
			},
			{
				"name": "bone29",
				"parent": "bone27",
				"pivot": [1, 0.71478, 2.97956],
				"rotation": [0, 0, -8.19901],
				"cubes": [
					{"origin": [1, 3.71478, 7.19429], "size": [2, 9, 0], "uv": [24, 68]}
				]
			},
			{
				"name": "bone30",
				"parent": "bone",
				"pivot": [0, 1, 0],
				"rotation": [0, -315, 0]
			},
			{
				"name": "bone31",
				"parent": "bone30",
				"pivot": [0, 1, 2.97956],
				"rotation": [20, 0, 0],
				"cubes": [
					{"origin": [-1, 3.71478, 7.19329], "size": [2, 9, 0], "uv": [20, 68]}
				]
			},
			{
				"name": "bone32",
				"parent": "bone31",
				"pivot": [-1, 0.71478, 2.97956],
				"rotation": [0, 0, 8.19901],
				"cubes": [
					{"origin": [-3, 3.71478, 7.19229], "size": [2, 9, 0], "uv": [8, 68]}
				]
			},
			{
				"name": "bone33",
				"parent": "bone31",
				"pivot": [1, 0.71478, 2.97956],
				"rotation": [0, 0, -8.19901],
				"cubes": [
					{"origin": [1, 3.71478, 7.19429], "size": [2, 9, 0], "uv": [4, 68]}
				]
			},
			{
				"name": "bone34",
				"parent": "sittingRotationSkirt",
				"pivot": [0, 11.75, 0]
			},
			{
				"name": "bone35",
				"parent": "bone34",
				"pivot": [0, 1.25, 0]
			},
			{
				"name": "bone36",
				"parent": "bone35",
				"pivot": [0, 1.25, 2.97956],
				"rotation": [20, 0, 0],
				"cubes": [
					{"origin": [-1, 3.96478, 7.19329], "size": [2, 9, 0], "uv": [0, 68]}
				]
			},
			{
				"name": "bone37",
				"parent": "bone36",
				"pivot": [-1, 0.96478, 2.97956],
				"rotation": [0, 0, 8.19901],
				"cubes": [
					{"origin": [-3, 3.96478, 7.19229], "size": [2, 9, 0], "uv": [67, 67]}
				]
			},
			{
				"name": "bone38",
				"parent": "bone36",
				"pivot": [1, 0.96478, 2.97956],
				"rotation": [0, 0, -8.19901],
				"cubes": [
					{"origin": [1, 3.96478, 7.19429], "size": [2, 9, 0], "uv": [66, 53]}
				]
			},
			{
				"name": "bone39",
				"parent": "bone34",
				"pivot": [0, 1.25, 0],
				"rotation": [0, -45, 0]
			},
			{
				"name": "bone40",
				"parent": "bone39",
				"pivot": [0, 1.25, 2.97956],
				"rotation": [20, 0, 0],
				"cubes": [
					{"origin": [-1, 3.96478, 7.19329], "size": [2, 9, 0], "uv": [66, 27]}
				]
			},
			{
				"name": "bone41",
				"parent": "bone40",
				"pivot": [-1, 0.96478, 2.97956],
				"rotation": [0, 0, 8.19901],
				"cubes": [
					{"origin": [-3, 3.96478, 7.19229], "size": [2, 9, 0], "uv": [16, 66]}
				]
			},
			{
				"name": "bone42",
				"parent": "bone40",
				"pivot": [1, 0.96478, 2.97956],
				"rotation": [0, 0, -8.19901],
				"cubes": [
					{"origin": [1, 3.96478, 7.19429], "size": [2, 9, 0], "uv": [12, 66]}
				]
			},
			{
				"name": "bone43",
				"parent": "bone34",
				"pivot": [0, 1.25, 0],
				"rotation": [0, -90, 0]
			},
			{
				"name": "bone44",
				"parent": "bone43",
				"pivot": [0, 1.25, 2.97956],
				"rotation": [20, 0, 0],
				"cubes": [
					{"origin": [-1, 3.96478, 7.19329], "size": [2, 9, 0], "uv": [65, 8]}
				]
			},
			{
				"name": "bone45",
				"parent": "bone44",
				"pivot": [-1, 0.96478, 2.97956],
				"rotation": [0, 0, 8.19901],
				"cubes": [
					{"origin": [-3, 3.96478, 7.19229], "size": [2, 9, 0], "uv": [64, 44]}
				]
			},
			{
				"name": "bone46",
				"parent": "bone44",
				"pivot": [1, 0.96478, 2.97956],
				"rotation": [0, 0, -8.19901],
				"cubes": [
					{"origin": [1, 3.96478, 7.19429], "size": [2, 9, 0], "uv": [64, 18]}
				]
			},
			{
				"name": "bone47",
				"parent": "bone34",
				"pivot": [0, 1.25, 0],
				"rotation": [0, -135, 0]
			},
			{
				"name": "bone48",
				"parent": "bone47",
				"pivot": [0, 1.25, 2.97956],
				"rotation": [20, 0, 0],
				"cubes": [
					{"origin": [-1, 3.96478, 7.19329], "size": [2, 9, 0], "uv": [58, 64]}
				]
			},
			{
				"name": "bone49",
				"parent": "bone48",
				"pivot": [-1, 0.96478, 2.97956],
				"rotation": [0, 0, 8.19901],
				"cubes": [
					{"origin": [-3, 3.96478, 7.19229], "size": [2, 9, 0], "uv": [54, 64]}
				]
			},
			{
				"name": "bone50",
				"parent": "bone48",
				"pivot": [1, 0.96478, 2.97956],
				"rotation": [0, 0, -8.19901],
				"cubes": [
					{"origin": [1, 3.96478, 7.19429], "size": [2, 9, 0], "uv": [50, 64]}
				]
			},
			{
				"name": "bone51",
				"parent": "bone34",
				"pivot": [0, 1.25, 0],
				"rotation": [0, -180, 0]
			},
			{
				"name": "bone52",
				"parent": "bone51",
				"pivot": [0, 1.25, 2.97956],
				"rotation": [20, 0, 0],
				"cubes": [
					{"origin": [-1, 3.96478, 7.19329], "size": [2, 9, 0], "uv": [46, 64]}
				]
			},
			{
				"name": "bone53",
				"parent": "bone52",
				"pivot": [-1, 0.96478, 2.97956],
				"rotation": [0, 0, 8.19901],
				"cubes": [
					{"origin": [-3, 3.96478, 7.19229], "size": [2, 9, 0], "uv": [42, 64]}
				]
			},
			{
				"name": "bone54",
				"parent": "bone52",
				"pivot": [1, 0.96478, 2.97956],
				"rotation": [0, 0, -8.19901],
				"cubes": [
					{"origin": [1, 3.96478, 7.19429], "size": [2, 9, 0], "uv": [63, 63]}
				]
			},
			{
				"name": "bone55",
				"parent": "bone34",
				"pivot": [0, 1.25, 0],
				"rotation": [0, -225, 0]
			},
			{
				"name": "bone56",
				"parent": "bone55",
				"pivot": [0, 1.25, 2.97956],
				"rotation": [20, 0, 0],
				"cubes": [
					{"origin": [-1, 3.96478, 7.19329], "size": [2, 9, 0], "uv": [62, 35]}
				]
			},
			{
				"name": "bone57",
				"parent": "bone56",
				"pivot": [-1, 0.96478, 2.97956],
				"rotation": [0, 0, 8.19901],
				"cubes": [
					{"origin": [-3, 3.96478, 7.19229], "size": [2, 9, 0], "uv": [38, 62]}
				]
			},
			{
				"name": "bone58",
				"parent": "bone56",
				"pivot": [1, 0.96478, 2.97956],
				"rotation": [0, 0, -8.19901],
				"cubes": [
					{"origin": [1, 3.96478, 7.19429], "size": [2, 9, 0], "uv": [34, 62]}
				]
			},
			{
				"name": "bone59",
				"parent": "bone34",
				"pivot": [0, 1.25, 0],
				"rotation": [0, -270, 0]
			},
			{
				"name": "bone60",
				"parent": "bone59",
				"pivot": [0, 1.25, 2.97956],
				"rotation": [20, 0, 0],
				"cubes": [
					{"origin": [-1, 3.96478, 7.19329], "size": [2, 9, 0], "uv": [30, 62]}
				]
			},
			{
				"name": "bone61",
				"parent": "bone60",
				"pivot": [-1, 0.96478, 2.97956],
				"rotation": [0, 0, 8.19901],
				"cubes": [
					{"origin": [-3, 3.96478, 7.19229], "size": [2, 9, 0], "uv": [8, 59]}
				]
			},
			{
				"name": "bone62",
				"parent": "bone60",
				"pivot": [1, 0.96478, 2.97956],
				"rotation": [0, 0, -8.19901],
				"cubes": [
					{"origin": [1, 3.96478, 7.19429], "size": [2, 9, 0], "uv": [4, 59]}
				]
			},
			{
				"name": "bone63",
				"parent": "bone34",
				"pivot": [0, 1.25, 0],
				"rotation": [0, -315, 0]
			},
			{
				"name": "bone64",
				"parent": "bone63",
				"pivot": [0, 1.25, 2.97956],
				"rotation": [20, 0, 0],
				"cubes": [
					{"origin": [-1, 3.96478, 7.19329], "size": [2, 9, 0], "uv": [0, 59]}
				]
			},
			{
				"name": "bone65",
				"parent": "bone64",
				"pivot": [-1, 0.96478, 2.97956],
				"rotation": [0, 0, 8.19901],
				"cubes": [
					{"origin": [-3, 3.96478, 7.19229], "size": [2, 9, 0], "uv": [16, 47]}
				]
			},
			{
				"name": "bone66",
				"parent": "bone64",
				"pivot": [1, 0.96478, 2.97956],
				"rotation": [0, 0, -8.19901],
				"cubes": [
					{"origin": [1, 3.96478, 7.19429], "size": [2, 9, 0], "uv": [12, 47]}
				]
			},
			{
				"name": "bone67",
				"parent": "sittingRotationSkirt",
				"pivot": [0, 12, 0]
			},
			{
				"name": "bone68",
				"parent": "bone67",
				"pivot": [0, 1.5, 0]
			},
			{
				"name": "bone69",
				"parent": "bone68",
				"pivot": [0, 1.5, 2.97956],
				"rotation": [20, 0, 0],
				"cubes": [
					{"origin": [-1, 5.21478, 7.19329], "size": [2, 8, 0], "uv": [78, 43]}
				]
			},
			{
				"name": "bone70",
				"parent": "bone69",
				"pivot": [-1, 1.21478, 2.97956],
				"rotation": [0, 0, 8.19901],
				"cubes": [
					{"origin": [-3, 5.21478, 7.19229], "size": [2, 8, 0], "uv": [78, 25]}
				]
			},
			{
				"name": "bone71",
				"parent": "bone69",
				"pivot": [1, 1.21478, 2.97956],
				"rotation": [0, 0, -8.19901],
				"cubes": [
					{"origin": [1, 5.21478, 7.19429], "size": [2, 8, 0], "uv": [78, 17]}
				]
			},
			{
				"name": "bone72",
				"parent": "bone67",
				"pivot": [0, 1.5, 0],
				"rotation": [0, -45, 0]
			},
			{
				"name": "bone73",
				"parent": "bone72",
				"pivot": [0, 1.5, 2.97956],
				"rotation": [20, 0, 0],
				"cubes": [
					{"origin": [-1, 5.21478, 7.19329], "size": [2, 8, 0], "uv": [77, 0]}
				]
			},
			{
				"name": "bone74",
				"parent": "bone73",
				"pivot": [-1, 1.21478, 2.97956],
				"rotation": [0, 0, 8.19901],
				"cubes": [
					{"origin": [-3, 5.21478, 7.19229], "size": [2, 8, 0], "uv": [24, 77]}
				]
			},
			{
				"name": "bone75",
				"parent": "bone73",
				"pivot": [1, 1.21478, 2.97956],
				"rotation": [0, 0, -8.19901],
				"cubes": [
					{"origin": [1, 5.21478, 7.19429], "size": [2, 8, 0], "uv": [20, 77]}
				]
			},
			{
				"name": "bone76",
				"parent": "bone67",
				"pivot": [0, 1.5, 0],
				"rotation": [0, -90, 0]
			},
			{
				"name": "bone77",
				"parent": "bone76",
				"pivot": [0, 1.5, 2.97956],
				"rotation": [20, 0, 0],
				"cubes": [
					{"origin": [-1, 5.21478, 7.19329], "size": [2, 8, 0], "uv": [8, 77]}
				]
			},
			{
				"name": "bone78",
				"parent": "bone77",
				"pivot": [-1, 1.21478, 2.97956],
				"rotation": [0, 0, 8.19901],
				"cubes": [
					{"origin": [-3, 5.21478, 7.19229], "size": [2, 8, 0], "uv": [4, 77]}
				]
			},
			{
				"name": "bone79",
				"parent": "bone77",
				"pivot": [1, 1.21478, 2.97956],
				"rotation": [0, 0, -8.19901],
				"cubes": [
					{"origin": [1, 5.21478, 7.19429], "size": [2, 8, 0], "uv": [0, 77]}
				]
			},
			{
				"name": "bone80",
				"parent": "bone67",
				"pivot": [0, 1.5, 0],
				"rotation": [0, -135, 0]
			},
			{
				"name": "bone81",
				"parent": "bone80",
				"pivot": [0, 1.5, 2.97956],
				"rotation": [20, 0, 0],
				"cubes": [
					{"origin": [-1, 5.21478, 7.19329], "size": [2, 8, 0], "uv": [76, 35]}
				]
			},
			{
				"name": "bone82",
				"parent": "bone81",
				"pivot": [-1, 1.21478, 2.97956],
				"rotation": [0, 0, 8.19901],
				"cubes": [
					{"origin": [-3, 5.21478, 7.19229], "size": [2, 8, 0], "uv": [76, 9]}
				]
			},
			{
				"name": "bone83",
				"parent": "bone81",
				"pivot": [1, 1.21478, 2.97956],
				"rotation": [0, 0, -8.19901],
				"cubes": [
					{"origin": [1, 5.21478, 7.19429], "size": [2, 8, 0], "uv": [66, 76]}
				]
			},
			{
				"name": "bone84",
				"parent": "bone67",
				"pivot": [0, 1.5, 0],
				"rotation": [0, -180, 0]
			},
			{
				"name": "bone85",
				"parent": "bone84",
				"pivot": [0, 1.5, 2.97956],
				"rotation": [20, 0, 0],
				"cubes": [
					{"origin": [-1, 5.21478, 7.19329], "size": [2, 8, 0], "uv": [75, 60]}
				]
			},
			{
				"name": "bone86",
				"parent": "bone85",
				"pivot": [-1, 1.21478, 2.97956],
				"rotation": [0, 0, 8.19901],
				"cubes": [
					{"origin": [-3, 5.21478, 7.19229], "size": [2, 8, 0], "uv": [75, 75]}
				]
			},
			{
				"name": "bone87",
				"parent": "bone85",
				"pivot": [1, 1.21478, 2.97956],
				"rotation": [0, 0, -8.19901],
				"cubes": [
					{"origin": [1, 5.21478, 7.19429], "size": [2, 8, 0], "uv": [16, 75]}
				]
			},
			{
				"name": "bone88",
				"parent": "bone67",
				"pivot": [0, 1.5, 0],
				"rotation": [0, -225, 0]
			},
			{
				"name": "bone89",
				"parent": "bone88",
				"pivot": [0, 1.5, 2.97956],
				"rotation": [20, 0, 0],
				"cubes": [
					{"origin": [-1, 5.21478, 7.19329], "size": [2, 8, 0], "uv": [12, 75]}
				]
			},
			{
				"name": "bone90",
				"parent": "bone89",
				"pivot": [-1, 1.21478, 2.97956],
				"rotation": [0, 0, 8.19901],
				"cubes": [
					{"origin": [-3, 5.21478, 7.19229], "size": [2, 8, 0], "uv": [74, 52]}
				]
			},
			{
				"name": "bone91",
				"parent": "bone89",
				"pivot": [1, 1.21478, 2.97956],
				"rotation": [0, 0, -8.19901],
				"cubes": [
					{"origin": [1, 5.21478, 7.19429], "size": [2, 8, 0], "uv": [74, 44]}
				]
			},
			{
				"name": "bone92",
				"parent": "bone67",
				"pivot": [0, 1.5, 0],
				"rotation": [0, -270, 0]
			},
			{
				"name": "bone93",
				"parent": "bone92",
				"pivot": [0, 1.5, 2.97956],
				"rotation": [20, 0, 0],
				"cubes": [
					{"origin": [-1, 5.21478, 7.19329], "size": [2, 8, 0], "uv": [74, 27]}
				]
			},
			{
				"name": "bone94",
				"parent": "bone93",
				"pivot": [-1, 1.21478, 2.97956],
				"rotation": [0, 0, 8.19901],
				"cubes": [
					{"origin": [-3, 5.21478, 7.19229], "size": [2, 8, 0], "uv": [71, 63]}
				]
			},
			{
				"name": "bone95",
				"parent": "bone93",
				"pivot": [1, 1.21478, 2.97956],
				"rotation": [0, 0, -8.19901],
				"cubes": [
					{"origin": [1, 5.21478, 7.19429], "size": [2, 8, 0], "uv": [4, 16]}
				]
			},
			{
				"name": "bone96",
				"parent": "bone67",
				"pivot": [0, 1.5, 0],
				"rotation": [0, -315, 0]
			},
			{
				"name": "bone97",
				"parent": "bone96",
				"pivot": [0, 1.5, 2.97956],
				"rotation": [20, 0, 0],
				"cubes": [
					{"origin": [-1, 5.21478, 7.19329], "size": [2, 8, 0], "uv": [0, 16]}
				]
			},
			{
				"name": "bone98",
				"parent": "bone97",
				"pivot": [-1, 1.21478, 2.97956],
				"rotation": [0, 0, 8.19901],
				"cubes": [
					{"origin": [-3, 5.21478, 7.19229], "size": [2, 8, 0], "uv": [4, 0]}
				]
			},
			{
				"name": "bone99",
				"parent": "bone97",
				"pivot": [1, 1.21478, 2.97956],
				"rotation": [0, 0, -8.19901],
				"cubes": [
					{"origin": [1, 5.21478, 7.19429], "size": [2, 8, 0], "uv": [0, 0]}
				]
			},
			{
				"name": "bone102",
				"parent": "body",
				"pivot": [0.42971, 12.68418, -0.45],
				"rotation": [0, 0, 10],
				"cubes": [
					{"origin": [-4.10502, 11.88115, -3.75], "size": [8.2, 2, 7], "uv": [25, 25], "inflate": -0.3}
				]
			},
			{
				"name": "bone103",
				"parent": "bone102",
				"pivot": [-3.62321, 12.72299, -3.71793],
				"rotation": [0, -35, 2.5],
				"cubes": [
					{"origin": [-5.22321, 8.92299, -6.71793], "size": [3, 6, 6], "uv": [24, 34], "inflate": -1.5}
				]
			},
			{
				"name": "bone114",
				"parent": "bone103",
				"pivot": [-3.62321, 12.72299, -3.71793]
			},
			{
				"name": "bone113",
				"parent": "bone114",
				"pivot": [-3.30141, 11.67584, -3.85235],
				"rotation": [-15, 0, 2.5],
				"cubes": [
					{"origin": [-3.55141, 8.17584, -4.35235], "size": [0, 4, 1], "uv": [36, 0]}
				]
			},
			{
				"name": "bone112",
				"parent": "bone114",
				"pivot": [-3.33853, 12.01523, -3.34406],
				"rotation": [10, 0, 2.5],
				"cubes": [
					{"origin": [-3.58853, 8.51523, -3.84406], "size": [0, 4, 1], "uv": [36, 14]}
				]
			},
			{
				"name": "bone108",
				"parent": "bone114",
				"pivot": [-3.24674, 12.22018, -4.66907],
				"rotation": [-12.5, 0, -3]
			},
			{
				"name": "bone109",
				"parent": "bone108",
				"pivot": [-3.56557, 12.64763, -4.25079],
				"rotation": [-15, 0, 2],
				"cubes": [
					{"origin": [-3.56557, 10.14763, -4.75079], "size": [0, 2, 1], "uv": [28, 37]}
				]
			},
			{
				"name": "bone110",
				"parent": "bone108",
				"pivot": [-3.56557, 12.64763, -4.25079],
				"rotation": [-37.5, 0, 1],
				"cubes": [
					{"origin": [-3.56557, 10.14763, -4.75079], "size": [0, 2, 1], "uv": [4, 34]}
				]
			},
			{
				"name": "bone111",
				"parent": "bone108",
				"pivot": [-3.56557, 12.64763, -4.25079],
				"rotation": [-57.5, 0, 0],
				"cubes": [
					{"origin": [-3.56557, 10.14763, -4.75079], "size": [0, 2, 1], "uv": [22, 31]}
				]
			},
			{
				"name": "bone107",
				"parent": "bone114",
				"pivot": [-3.19988, 12.23059, -3.09276],
				"rotation": [20, 0, 0]
			},
			{
				"name": "bone106",
				"parent": "bone107",
				"pivot": [-3.51872, 12.65804, -3.51104],
				"rotation": [15, 0, 2],
				"cubes": [
					{"origin": [-3.51872, 10.15804, -4.01104], "size": [0, 2, 1], "uv": [38, 16]}
				]
			},
			{
				"name": "bone105",
				"parent": "bone107",
				"pivot": [-3.51872, 12.65804, -3.51104],
				"rotation": [37.5, 0, 1],
				"cubes": [
					{"origin": [-3.51872, 10.15804, -4.01104], "size": [0, 2, 1], "uv": [40, 33]}
				]
			},
			{
				"name": "bone104",
				"parent": "bone107",
				"pivot": [-3.51872, 12.65804, -3.51104],
				"rotation": [57.5, 0, 0],
				"cubes": [
					{"origin": [-3.51872, 10.15804, -4.01104], "size": [0, 2, 1], "uv": [40, 35]}
				]
			},
			{
				"name": "bone115",
				"parent": "body",
				"pivot": [0, 13.25, 2.5],
				"rotation": [17.5, 0, 0]
			},
			{
				"name": "bone116",
				"parent": "bone115",
				"pivot": [1, 12.1, -3.5],
				"cubes": [
					{"origin": [-1, 12.1, 3.5], "size": [2, 2, 1], "uv": [0, 32], "inflate": -0.25}
				]
			},
			{
				"name": "bone119",
				"parent": "bone115",
				"pivot": [0.75, 12.5, 2.85],
				"rotation": [0, -10, 10]
			},
			{
				"name": "bone118",
				"parent": "bone119",
				"pivot": [0.25, 13, 3.35],
				"rotation": [0, 0, 22.5],
				"cubes": [
					{"origin": [-0.25, 12.5, 2.85], "size": [3, 1, 1], "uv": [30, 46]}
				]
			},
			{
				"name": "bone117",
				"parent": "bone119",
				"pivot": [0.25, 13, 3.35],
				"cubes": [
					{"origin": [-0.25, 12.5, 2.85], "size": [3, 1, 1], "uv": [33, 48]}
				]
			},
			{
				"name": "bone120",
				"parent": "bone115",
				"pivot": [-0.75, 12.5, 2.85],
				"rotation": [0, 10, -10]
			},
			{
				"name": "bone121",
				"parent": "bone120",
				"pivot": [-0.25, 13, 3.35],
				"rotation": [0, 0, -22.5],
				"cubes": [
					{"origin": [-2.75, 12.5, 2.85], "size": [3, 1, 1], "uv": [24, 6]}
				]
			},
			{
				"name": "bone122",
				"parent": "bone120",
				"pivot": [-0.25, 13, 3.35],
				"cubes": [
					{"origin": [-2.75, 12.5, 2.85], "size": [3, 1, 1], "uv": [24, 4]}
				]
			},
			{
				"name": "bone129",
				"parent": "bone115",
				"pivot": [0, 12.68005, 3.20044],
				"rotation": [5, 0, 0]
			},
			{
				"name": "bone131",
				"parent": "bone129",
				"pivot": [-0.52738, 10.77374, 3.20044],
				"rotation": [0, 0, 2],
				"cubes": [
					{"origin": [-2.02738, 5.77374, 2.20044], "size": [3, 8, 2], "uv": [12, 56], "inflate": -1}
				]
			},
			{
				"name": "bone130",
				"parent": "bone129",
				"pivot": [0.52738, 10.77374, 3.20044],
				"rotation": [0, 0, -2],
				"cubes": [
					{"origin": [-0.97262, 5.77374, 2.20044], "size": [3, 8, 2], "uv": [33, 52], "inflate": -1}
				]
			},
			{
				"name": "bone132",
				"parent": "bone115",
				"pivot": [0, 12.96737, 3.25214],
				"rotation": [7.5, 0, 0]
			},
			{
				"name": "bone126",
				"parent": "bone132",
				"pivot": [0, 12.96737, 3.25214],
				"rotation": [0, 0, 32.5]
			},
			{
				"name": "bone127",
				"parent": "bone126",
				"pivot": [-0.07738, 13.06106, 3.25214],
				"cubes": [
					{"origin": [-1.57738, 8.06106, 2.25214], "size": [3, 6, 2], "uv": [43, 56], "inflate": -1}
				]
			},
			{
				"name": "bone128",
				"parent": "bone126",
				"pivot": [-0.07738, 13.06106, 3.25214],
				"rotation": [0, 0, -12.5],
				"cubes": [
					{"origin": [-1.57738, 8.06106, 2.25214], "size": [3, 6, 2], "uv": [54, 42], "inflate": -1}
				]
			},
			{
				"name": "bone123",
				"parent": "bone132",
				"pivot": [0, 12.96737, 3.25214],
				"rotation": [0, 0, -32.5]
			},
			{
				"name": "bone124",
				"parent": "bone123",
				"pivot": [0.07738, 13.06106, 3.25214],
				"cubes": [
					{"origin": [-1.42262, 8.06106, 2.25214], "size": [3, 6, 2], "uv": [56, 0], "inflate": -1}
				]
			},
			{
				"name": "bone125",
				"parent": "bone123",
				"pivot": [0.07738, 13.06106, 3.25214],
				"rotation": [0, 0, 12.5],
				"cubes": [
					{"origin": [-1.42262, 8.06106, 2.25214], "size": [3, 6, 2], "uv": [53, 56], "inflate": -1}
				]
			},
			{
				"name": "bone147",
				"parent": "body",
				"pivot": [0.15, 17.7, -3.2],
				"rotation": [-2.5, 0, 0]
			},
			{
				"name": "bone148",
				"parent": "bone147",
				"pivot": [0.15, 17.7, -3.2],
				"cubes": [
					{"origin": [-0.35, 15.7, -3.2], "size": [1, 2, 0], "uv": [47, 54]}
				]
			},
			{
				"name": "bone149",
				"parent": "bone147",
				"pivot": [0.15, 17.7, -3.2],
				"rotation": [0, 0, 20],
				"cubes": [
					{"origin": [-0.35, 15.7, -3.2], "size": [1, 2, 0], "uv": [33, 52]}
				]
			},
			{
				"name": "bone153",
				"parent": "bone147",
				"pivot": [0.15, 17.7, -3.2],
				"rotation": [0, 0, -20],
				"cubes": [
					{"origin": [-0.35, 15.7, -3.2], "size": [1, 2, 0], "uv": [40, 38]}
				]
			},
			{
				"name": "bone150",
				"parent": "bone147",
				"pivot": [0.15, 17.7, -3.2],
				"rotation": [0, 0, 40],
				"cubes": [
					{"origin": [-0.35, 15.7, -3.2], "size": [1, 2, 0], "uv": [9, 47]}
				]
			},
			{
				"name": "bone152",
				"parent": "bone147",
				"pivot": [0.15, 17.7, -3.2],
				"rotation": [0, 0, -40],
				"cubes": [
					{"origin": [-0.35, 15.7, -3.2], "size": [1, 2, 0], "uv": [42, 42]}
				]
			},
			{
				"name": "bone151",
				"parent": "bone147",
				"pivot": [0.15, 17.7, -3.2],
				"rotation": [0, 0, 50],
				"cubes": [
					{"origin": [-0.35, 15.7, -3.2], "size": [1, 2, 0], "uv": [0, 47]}
				]
			},
			{
				"name": "bone175",
				"parent": "body",
				"pivot": [-0.11666, 16.73831, 3.75],
				"rotation": [-90, 0, 0]
			},
			{
				"name": "bone176",
				"parent": "bone175",
				"pivot": [-0.11666, 17.73831, 3.75],
				"rotation": [-45, 0, 0],
				"cubes": [
					{"origin": [-0.61666, 16.73831, 4.43819], "size": [1, 1, 1], "uv": [36, 38]}
				]
			},
			{
				"name": "bone177",
				"parent": "bone175",
				"pivot": [-0.11666, 17.73831, 3.75],
				"rotation": [-45, 72, 0],
				"cubes": [
					{"origin": [-0.61666, 16.73831, 4.43819], "size": [1, 1, 1], "uv": [24, 38]}
				]
			},
			{
				"name": "bone178",
				"parent": "bone175",
				"pivot": [-0.11666, 17.73831, 3.75],
				"rotation": [-45, 144, 0],
				"cubes": [
					{"origin": [-0.61666, 16.73831, 4.43819], "size": [1, 1, 1], "uv": [36, 34]}
				]
			},
			{
				"name": "bone179",
				"parent": "bone175",
				"pivot": [-0.11666, 17.73831, 3.75],
				"rotation": [-45, 216, 0],
				"cubes": [
					{"origin": [-0.61666, 16.73831, 4.43819], "size": [1, 1, 1], "uv": [36, 36]}
				]
			},
			{
				"name": "bone180",
				"parent": "bone175",
				"pivot": [-0.11666, 17.73831, 3.75],
				"rotation": [-45, 288, 0],
				"cubes": [
					{"origin": [-0.61666, 16.73831, 4.43819], "size": [1, 1, 1], "uv": [0, 35]}
				]
			},
			{
				"name": "legLeft",
				"pivot": [2, 9, 0],
				"cubes": [
					{"origin": [0.499, 0, -1.5], "size": [3, 9, 3], "uv": [48, 15]},
					{"origin": [0.499, 0, -1.5], "size": [3, 9, 3], "uv": [0, 47], "inflate": 0.1}
				]
			},
			{
				"name": "bone139",
				"parent": "legLeft",
				"pivot": [3.75, 2, 0],
				"rotation": [0, 0, -7.5]
			},
			{
				"name": "bone136",
				"parent": "bone139",
				"pivot": [-1.25, 12.5, 0.5]
			},
			{
				"name": "bone137",
				"parent": "bone136",
				"pivot": [3.75, 2, 0],
				"rotation": [75, -7.5, 0],
				"cubes": [
					{"origin": [3.75, 1.5, -2], "size": [0, 1, 2], "uv": [18, 31]}
				]
			},
			{
				"name": "bone138",
				"parent": "bone136",
				"pivot": [3.65, 2, 0.5],
				"rotation": [0, -12.5, 0],
				"cubes": [
					{"origin": [3.65, 1.5, -1.5], "size": [0, 1, 2], "uv": [18, 30]}
				]
			},
			{
				"name": "bone135",
				"parent": "bone139",
				"pivot": [-1.25, 12.5, -0.1]
			},
			{
				"name": "bone134",
				"parent": "bone135",
				"pivot": [3.75, 2, 0.4],
				"rotation": [-75, 7.5, 0],
				"cubes": [
					{"origin": [3.75, 1.5, 0.4], "size": [0, 1, 2], "uv": [31, 2]}
				]
			},
			{
				"name": "bone133",
				"parent": "bone135",
				"pivot": [3.65, 2, -0.1],
				"rotation": [0, 12.5, 0],
				"cubes": [
					{"origin": [3.65, 1.5, -0.1], "size": [0, 1, 2], "uv": [32, 3]}
				]
			},
			{
				"name": "legRight",
				"pivot": [-2, 9, 0],
				"cubes": [
					{"origin": [-3.499, 0, -1.5], "size": [3, 9, 3], "uv": [21, 46]},
					{"origin": [-3.499, 0, -1.5], "size": [3, 9, 3], "uv": [42, 42], "inflate": 0.1}
				]
			},
			{
				"name": "bone140",
				"parent": "legRight",
				"pivot": [-3.75, 2, 0],
				"rotation": [0, 0, 7.5]
			},
			{
				"name": "bone141",
				"parent": "bone140",
				"pivot": [1.25, 12.5, 0.5]
			},
			{
				"name": "bone142",
				"parent": "bone141",
				"pivot": [-3.75, 2, 0],
				"rotation": [75, 7.5, 0],
				"cubes": [
					{"origin": [-3.75, 1.5, -2], "size": [0, 1, 2], "uv": [24, 17]}
				]
			},
			{
				"name": "bone143",
				"parent": "bone141",
				"pivot": [-3.65, 2, 0.5],
				"rotation": [0, 12.5, 0],
				"cubes": [
					{"origin": [-3.65, 1.5, -1.5], "size": [0, 1, 2], "uv": [24, 16]}
				]
			},
			{
				"name": "bone144",
				"parent": "bone140",
				"pivot": [1.25, 12.5, -0.1]
			},
			{
				"name": "bone145",
				"parent": "bone144",
				"pivot": [-3.75, 2, 0.4],
				"rotation": [-75, -7.5, 0],
				"cubes": [
					{"origin": [-3.75, 1.5, 0.4], "size": [0, 1, 2], "uv": [24, 15]}
				]
			},
			{
				"name": "bone146",
				"parent": "bone144",
				"pivot": [-3.65, 2, -0.1],
				"rotation": [0, -12.5, 0],
				"cubes": [
					{"origin": [-3.65, 1.5, -0.1], "size": [0, 1, 2], "uv": [24, 14]}
				]
			}
		]
	}
}