{
	"format_version": "1.10.0",
	"geometry.model": {
		"texturewidth": 64,
		"textureheight": 64,
		"visible_bounds_width": 3,
		"visible_bounds_height": 2,
		"visible_bounds_offset": [0, 0, 0],
		"bones": [
			{
				"name": "body",
				"pivot": [0, 10.7, 0],
				"cubes": [
					{"origin": [-3, 8.999, -3], "size": [6, 9.2, 6], "uv": [32, 32]}
				]
			},
			{
				"name": "armRight",
				"pivot": [-2.3, 17.8, 0],
				"rotation": [0, 0, 17.5],
				"cubes": [
					{"origin": [-3.48639, 8.4319, -1], "size": [2, 8, 2], "uv": [44, 47]},
					{"origin": [-3.64297, 8.80006, -1.2], "size": [2.4, 8.1, 2.4], "uv": [36, 47]}
				]
			},
			{
				"name": "armRightPositioningBone",
				"parent": "armRight",
				"pivot": [-2.4, 9.8, 0]
			},
			{
				"name": "armLeft",
				"pivot": [2.6, 17.6, 0],
				"rotation": [0, 0, -19],
				"cubes": [
					{"origin": [1.23572, 9.22696, -1.2], "size": [2.4, 7.9, 2.4], "uv": [48, 12]},
					{"origin": [1.5344, 8.42993, -1], "size": [2, 8, 2], "uv": [28, 47]}
				]
			},
			{
				"name": "armLeftPositioningBone",
				"parent": "armLeft",
				"pivot": [2.5, 9.6, 0]
			},
			{
				"name": "head",
				"pivot": [0, 16.8, 0],
				"cubes": [
					{"origin": [-4, 16.8, -4.02], "size": [8, 8, 7.95], "uv": [25, 17]},
					{"origin": [-4.1, 9.6, -4.3], "size": [8.2, 15.3, 8.4], "uv": [0, 24]}
				]
			},
			{
				"name": "headyanc",
				"parent": "head",
				"pivot": [0, 10.8, 0.4],
				"rotation": [7, 0, 0],
				"cubes": [
					{"origin": [-4.1, 0.37489, -4.44266], "size": [8.2, 16.8, 8.4], "uv": [0, 0]}
				]
			},
			{
				"name": "ahoge",
				"parent": "head",
				"pivot": [-0.5, 23.8, 0],
				"rotation": [0, 0, -5],
				"cubes": [
					{"origin": [-3, 23.8, 0.5], "size": [6, 6, 0], "uv": [16, 47]}
				]
			},
			{
				"name": "blink",
				"parent": "head",
				"pivot": [0, 16.8, 0],
				"cubes": [
					{"origin": [-4, 16.8, -4.02], "size": [8, 8, 0], "uv": [0, 47]}
				]
			},
			{
				"name": "Ears",
				"parent": "head",
				"pivot": [0, -1.3, 0]
			},
			{
				"name": "liftEars",
				"parent": "Ears",
				"pivot": [-3, 4.7, 1]
			},
			{
				"name": "liftEarswar",
				"parent": "liftEars",
				"pivot": [-2, 25.7, -2],
				"rotation": [-90, 0, 0]
			},
			{
				"name": "bone34",
				"parent": "liftEarswar",
				"pivot": [-2, 25.78716, -1.00381],
				"rotation": [-90, 0, 0],
				"cubes": [
					{"origin": [-3.5, 25.78716, -1.3], "size": [3, 1, 1], "uv": [52, 49]}
				]
			},
			{
				"name": "bone87",
				"parent": "liftEarswar",
				"pivot": [-2, 25.7, -2],
				"rotation": [-90, -105, 15],
				"cubes": [
					{"origin": [-3.5, 25.8, -2.13397], "size": [3, 1, 1], "uv": [50, 47]}
				]
			},
			{
				"name": "bone88",
				"parent": "liftEarswar",
				"pivot": [-2, 25.7, -2],
				"rotation": [-90, 105, -15],
				"cubes": [
					{"origin": [-3.5, 25.8, -2.13397], "size": [3, 1, 1], "uv": [39, 15]}
				]
			},
			{
				"name": "zhong",
				"parent": "liftEars",
				"pivot": [0, 23.78716, -3.00381],
				"rotation": [0, 0, 90],
				"cubes": [
					{"origin": [-2.9, 21.3, -2.7], "size": [2, 1, 1], "uv": [32, 34]}
				]
			},
			{
				"name": "RightEars",
				"parent": "Ears",
				"pivot": [1, 4.7, 1]
			},
			{
				"name": "liftEarswar2",
				"parent": "RightEars",
				"pivot": [2, 25.7, -2],
				"rotation": [-90, 0, 0]
			},
			{
				"name": "bone89",
				"parent": "liftEarswar2",
				"pivot": [2, 25.78716, -1.00381],
				"rotation": [-90, 0, 0],
				"cubes": [
					{"origin": [0.5, 25.78716, -1.3], "size": [3, 1, 1], "uv": [39, 13]}
				]
			},
			{
				"name": "bone90",
				"parent": "liftEarswar2",
				"pivot": [2, 25.7, -2],
				"rotation": [-90, -105, 15],
				"cubes": [
					{"origin": [0.5, 25.8, -2.13397], "size": [3, 1, 1], "uv": [32, 14]}
				]
			},
			{
				"name": "bone91",
				"parent": "liftEarswar2",
				"pivot": [2, 25.7, -2],
				"rotation": [-90, 105, -15],
				"cubes": [
					{"origin": [0.5, 25.8, -2.13397], "size": [3, 1, 1], "uv": [32, 12]}
				]
			},
			{
				"name": "zhong2",
				"parent": "RightEars",
				"pivot": [4, 23.78716, -3.00381],
				"rotation": [0, 0, 90],
				"cubes": [
					{"origin": [1.1, 21.3, -2.7], "size": [2, 1, 1], "uv": [32, 32]}
				]
			},
			{
				"name": "legLeft",
				"pivot": [2, 9, 0],
				"cubes": [
					{"origin": [0.499, 0, -1.5], "size": [3, 9, 3], "uv": [44, 0]}
				]
			},
			{
				"name": "legRight",
				"pivot": [-2, 9, 0],
				"cubes": [
					{"origin": [-3.499, 0, -1.5], "size": [3, 9, 3], "uv": [32, 0]}
				]
			},
			{
				"name": "backpackPositioningBone",
				"pivot": [0, 15.6, 0.6],
				"rotation": [-5, 0, 0]
			},
			{
				"name": "bone",
				"pivot": [0, 6, 0]
			},
			{
				"name": "bone2",
				"parent": "bone",
				"pivot": [0, 6, 0]
			},
			{
				"name": "bone3",
				"parent": "bone2",
				"pivot": [0, 6, 5.27792],
				"rotation": [32, 0, 0]
			},
			{
				"name": "bone4",
				"parent": "bone3",
				"pivot": [0, 7.37779, 3.07299],
				"rotation": [-27.5, -45, 21.5],
				"cubes": [
					{"origin": [-0.87609, 6.37508, 2.20889], "size": [2, 6.9, 2], "uv": [56, 38]}
				]
			},
			{
				"name": "bone5",
				"parent": "bone",
				"pivot": [0, 6, 0],
				"rotation": [0, -30, 0]
			},
			{
				"name": "bone6",
				"parent": "bone5",
				"pivot": [0, 6, 5.27792],
				"rotation": [32, 0, 0]
			},
			{
				"name": "bone7",
				"parent": "bone6",
				"pivot": [-0.10981, 5.78284, 5.62546],
				"rotation": [-17, -47.5, 12],
				"cubes": [
					{"origin": [-2.5349, 5.83679, 4.32582], "size": [2, 6.6, 2], "uv": [56, 8]}
				]
			},
			{
				"name": "bone8",
				"parent": "bone",
				"pivot": [0, 6, 0],
				"rotation": [0, -60, 0]
			},
			{
				"name": "bone9",
				"parent": "bone8",
				"pivot": [0, 6, 5.27792],
				"rotation": [32, 0, 0]
			},
			{
				"name": "bone10",
				"parent": "bone9",
				"pivot": [0, 6, 5.27792],
				"rotation": [0, -45, 0],
				"cubes": [
					{"origin": [-1, 5.1, 4.27792], "size": [2, 6.9, 2], "uv": [56, 0]}
				]
			},
			{
				"name": "bone11",
				"parent": "bone",
				"pivot": [0, 6, 0],
				"rotation": [0, -90, 0]
			},
			{
				"name": "bone12",
				"parent": "bone11",
				"pivot": [0, 6, 5.27792],
				"rotation": [32, 0, 0]
			},
			{
				"name": "bone13",
				"parent": "bone12",
				"pivot": [0, 6, 5.27792],
				"rotation": [0, -45, 0],
				"cubes": [
					{"origin": [-1, 5.1, 4.27792], "size": [2, 6.9, 2], "uv": [55, 19]}
				]
			},
			{
				"name": "bone14",
				"parent": "bone",
				"pivot": [0, 6, 0],
				"rotation": [0, -120, 0]
			},
			{
				"name": "bone15",
				"parent": "bone14",
				"pivot": [0, 6, 5.27792],
				"rotation": [32, 0, 0]
			},
			{
				"name": "bone16",
				"parent": "bone15",
				"pivot": [0, 6, 5.27792],
				"rotation": [0, -45, 0],
				"cubes": [
					{"origin": [-1, 5.1, 4.27792], "size": [2, 6.9, 2], "uv": [22, 55]}
				]
			},
			{
				"name": "bone17",
				"parent": "bone",
				"pivot": [0, 6, 0],
				"rotation": [0, -150, 0]
			},
			{
				"name": "bone18",
				"parent": "bone17",
				"pivot": [0, 6, 5.27792],
				"rotation": [32, 0, 0]
			},
			{
				"name": "bone19",
				"parent": "bone18",
				"pivot": [0, 6, 5.27792],
				"rotation": [0, -45, 0],
				"cubes": [
					{"origin": [-1, 5.1, 4.27792], "size": [2, 6.9, 2], "uv": [0, 55]}
				]
			},
			{
				"name": "bone20",
				"parent": "bone",
				"pivot": [0, 6, 0],
				"rotation": [0, -180, 0]
			},
			{
				"name": "bone21",
				"parent": "bone20",
				"pivot": [0, 6, 5.27792],
				"rotation": [32, 0, 0]
			},
			{
				"name": "bone22",
				"parent": "bone21",
				"pivot": [0, 6, 5.27792],
				"rotation": [0, -45, 0],
				"cubes": [
					{"origin": [-1, 5.1, 4.27792], "size": [2, 6.9, 2], "uv": [53, 30]}
				]
			},
			{
				"name": "bone23",
				"parent": "bone",
				"pivot": [0, 6, 0],
				"rotation": [0, -210, 0]
			},
			{
				"name": "bone24",
				"parent": "bone23",
				"pivot": [0, 6, 5.27792],
				"rotation": [32, 0, 0]
			},
			{
				"name": "bone25",
				"parent": "bone24",
				"pivot": [0, 6, 5.27792],
				"rotation": [0, -45, 0],
				"cubes": [
					{"origin": [-1, 5.1, 4.27792], "size": [2, 6.9, 2], "uv": [14, 53]}
				]
			},
			{
				"name": "bone26",
				"parent": "bone",
				"pivot": [0, 6, 0],
				"rotation": [0, -240, 0]
			},
			{
				"name": "bone27",
				"parent": "bone26",
				"pivot": [0, 6, 5.27792],
				"rotation": [32, 0, 0]
			},
			{
				"name": "bone28",
				"parent": "bone27",
				"pivot": [0, 6, 5.27792],
				"rotation": [0, -45, 0],
				"cubes": [
					{"origin": [-1, 5.1, 4.27792], "size": [2, 6.9, 2], "uv": [52, 52]}
				]
			},
			{
				"name": "bone29",
				"parent": "bone",
				"pivot": [0, 6, 0],
				"rotation": [0, -270, 0]
			},
			{
				"name": "bone30",
				"parent": "bone29",
				"pivot": [0, 6, 5.27792],
				"rotation": [32, 0, 0]
			},
			{
				"name": "bone31",
				"parent": "bone30",
				"pivot": [0, 6, 5.27792],
				"rotation": [0, -45, 0],
				"cubes": [
					{"origin": [-1, 5.1, 4.27792], "size": [2, 6.9, 2], "uv": [24, 0]}
				]
			},
			{
				"name": "bone32",
				"parent": "bone",
				"pivot": [0, 6, 0],
				"rotation": [0, -300, 0]
			},
			{
				"name": "bone33",
				"parent": "bone32",
				"pivot": [0, 6, 5.27792],
				"rotation": [32, 0, 0]
			},
			{
				"name": "bone35",
				"parent": "bone33",
				"pivot": [0, 6, 5.27792],
				"rotation": [0, -45, 0],
				"cubes": [
					{"origin": [-1, 5.1, 4.27792], "size": [2, 6.9, 2], "uv": [0, 24]}
				]
			},
			{
				"name": "bone36",
				"parent": "bone",
				"pivot": [0, 6, 0],
				"rotation": [0, -330, 0]
			},
			{
				"name": "bone37",
				"parent": "bone36",
				"pivot": [0, 6, 5.27792],
				"rotation": [32, 0, 0]
			},
			{
				"name": "bone38",
				"parent": "bone37",
				"pivot": [0.3134, 6.39363, 4.64797],
				"rotation": [-21, -36.5, 15],
				"cubes": [
					{"origin": [-0.78714, 5.72895, 3.2172], "size": [2, 6.9, 2], "uv": [0, 0]}
				]
			},
			{
				"name": "hudiejie",
				"pivot": [0, 0, 0]
			},
			{
				"name": "bone45",
				"parent": "hudiejie",
				"pivot": [0.6, 8.9, -4.3],
				"rotation": [-6, 17.5, 72.5],
				"cubes": [
					{"origin": [0.48678, 8.6, -4.58], "size": [0.3, 0.75, 0.55], "uv": [39, 59]}
				]
			},
			{
				"name": "bone44",
				"parent": "hudiejie",
				"pivot": [-0.8, 9, -4.5],
				"rotation": [4.8, 22.5, 107.5],
				"cubes": [
					{"origin": [-0.93, 8.67, -4.66007], "size": [0.3, 0.75, 0.55], "uv": [39, 59]}
				]
			},
			{
				"name": "bone46",
				"parent": "hudiejie",
				"pivot": [0, 11.3, -3.6],
				"rotation": [-17.5, 0, 0]
			},
			{
				"name": "bone43",
				"parent": "bone46",
				"pivot": [0.6, 11, -3.8],
				"rotation": [0, 0, 12],
				"cubes": [
					{"origin": [-0.11205, 10.91465, -3.9], "size": [2.5, 0.7, 0.5], "uv": [37, 61]}
				]
			},
			{
				"name": "bone42",
				"parent": "bone46",
				"pivot": [-2.1, 10.7, -3.8],
				"rotation": [0, 0, -12],
				"cubes": [
					{"origin": [-2.4, 10.6, -3.9], "size": [2.5, 0.7, 0.5], "uv": [37, 61]}
				]
			},
			{
				"name": "bone40",
				"parent": "bone46",
				"pivot": [0.3, 10.4, -3.7],
				"rotation": [0, 0, -75],
				"cubes": [
					{"origin": [-1.94633, 10.65188, -3.9], "size": [3, 0.7, 0.5], "uv": [37, 61]}
				]
			},
			{
				"name": "bone41",
				"parent": "bone46",
				"pivot": [1.3, 10.4, -3.6],
				"rotation": [0, 0, 75],
				"cubes": [
					{"origin": [0.10232, 9.03891, -3.8], "size": [3, 0.7, 0.4], "uv": [37, 61]}
				]
			},
			{
				"name": "bone39",
				"parent": "bone46",
				"pivot": [0.6, 1.4, 4.7],
				"cubes": [
					{"origin": [-0.65, 10.8, -4], "size": [1.2, 1, 0.7], "uv": [37, 61]}
				]
			}
		]
	}
}