{
	"format_version": "1.10.0",
	"geometry.model": {
		"texturewidth": 64,
		"textureheight": 64,
		"visible_bounds_width": 3,
		"visible_bounds_height": 2,
		"visible_bounds_offset": [0, 0, 0],
		"bones": [
			{
				"name": "head",
				"pivot": [0, 17.7, 0],
				"cubes": [
					{"origin": [-4, 17.7, -4], "size": [8, 8, 8], "uv": [0, 0]}
				]
			},
			{
				"name": "Lifteres",
				"parent": "head",
				"pivot": [-0.2, -0.4, 3.8]
			},
			{
				"name": "bone38",
				"parent": "Lifteres",
				"pivot": [-0.2, 26.6, 3.8],
				"rotation": [-90, 0, 0]
			},
			{
				"name": "bone39",
				"parent": "bone38",
				"pivot": [-0.2, 26.6, 3.8]
			},
			{
				"name": "bone40",
				"parent": "bone38",
				"pivot": [-0.2, 26.6, 3.8],
				"rotation": [-90, -100, 0],
				"cubes": [
					{"origin": [-1.4, 28.53185, 5.31], "size": [3, 1, 0], "uv": [0, 5]}
				]
			},
			{
				"name": "bone41",
				"parent": "bone38",
				"pivot": [-0.2, 25.6, 3.8],
				"rotation": [-90, 100, 0],
				"cubes": [
					{"origin": [-1.26712, 23.64741, 4.3], "size": [3, 1, 0], "uv": [0, 4]}
				]
			},
			{
				"name": "bone42",
				"parent": "Lifteres",
				"pivot": [-2.2, 27.6, 1.8],
				"cubes": [
					{"origin": [-3.06712, 25.64741, 2.3], "size": [1.8, 1, 0], "uv": [6, 2]}
				]
			},
			{
				"name": "Righeeres",
				"parent": "head",
				"pivot": [8.3, -0.3, 0]
			},
			{
				"name": "bone43",
				"parent": "Righeeres",
				"pivot": [4.3, 26.6, 3.8],
				"rotation": [-90, 0, 0]
			},
			{
				"name": "bone44",
				"parent": "bone43",
				"pivot": [4.3, 26.6, 3.8]
			},
			{
				"name": "bone45",
				"parent": "bone43",
				"pivot": [4.3, 26.6, 3.8],
				"rotation": [-90, -100, 0],
				"cubes": [
					{"origin": [3.1, 28.53185, 5.31], "size": [3, 1, 0], "uv": [0, 3]}
				]
			},
			{
				"name": "bone46",
				"parent": "bone43",
				"pivot": [4.3, 25.6, 3.8],
				"rotation": [-90, 100, 0],
				"cubes": [
					{"origin": [3.23288, 23.64741, 4.3], "size": [3, 1, 0], "uv": [0, 2]}
				]
			},
			{
				"name": "bone47",
				"parent": "Righeeres",
				"pivot": [2.3, 27.6, 1.8],
				"cubes": [
					{"origin": [1.43288, 25.64741, 2.3], "size": [1.8, 1, 0], "uv": [6, 1]}
				]
			},
			{
				"name": "blink",
				"parent": "head",
				"pivot": [0, 17.7, 0],
				"cubes": [
					{"origin": [-4, 17.7, -4.001], "size": [8, 8, 0], "uv": [24, 0]}
				]
			},
			{
				"name": "armRight",
				"pivot": [-2, 17.5, 0],
				"rotation": [0, 0, 13.5],
				"cubes": [
					{"origin": [-4, 8.5, -0.7], "size": [2, 8, 2], "uv": [42, 42]},
					{"origin": [-4.5, 13.5, -1.2], "size": [3, 4, 3], "uv": [36, 26]}
				]
			},
			{
				"name": "armRightPositioningBone",
				"parent": "armRight",
				"pivot": [-3, 9.1, 0.2]
			},
			{
				"name": "armLeft",
				"pivot": [2, 17.5, 0],
				"rotation": [0, 0, -12],
				"cubes": [
					{"origin": [1.5, 13.5, -1.2], "size": [3, 4, 3], "uv": [33, 19]},
					{"origin": [2, 8.5, -0.7], "size": [2, 8, 2], "uv": [10, 42]}
				]
			},
			{
				"name": "armLeftPositioningBone",
				"parent": "armLeft",
				"pivot": [3, 9.1, 0]
			},
			{
				"name": "body",
				"pivot": [0, 10.5, 0],
				"cubes": [
					{"origin": [-3, 10.199, -3], "size": [6, 9, 6], "uv": [0, 16]}
				]
			},
			{
				"name": "legLeft",
				"pivot": [2, 9, 0],
				"cubes": [
					{"origin": [0.399, 0, -1.5], "size": [3, 9, 3], "uv": [0, 31]}
				]
			},
			{
				"name": "legRight",
				"pivot": [-2, 9, 0],
				"cubes": [
					{"origin": [-3.399, 0, -1.5], "size": [3, 9, 3], "uv": [24, 24]}
				]
			},
			{
				"name": "hudiejie",
				"pivot": [-0.2, 11.4, -3.2],
				"rotation": [-8, 0, 0]
			},
			{
				"name": "bone48",
				"parent": "hudiejie",
				"pivot": [0, 11, -4.2],
				"rotation": [0, 0, -6],
				"cubes": [
					{"origin": [-2, 11, -3.31], "size": [2, 1, 0.1], "uv": [0, 6]}
				]
			},
			{
				"name": "bone50",
				"parent": "hudiejie",
				"pivot": [0, -3, 3.8],
				"cubes": [
					{"origin": [-0.7, 10.9, -3.4], "size": [1.1, 1.1, 0.3], "uv": [6, 0]}
				]
			},
			{
				"name": "bone51",
				"parent": "hudiejie",
				"pivot": [2, 10.7, -4.2],
				"rotation": [0, 0, 6],
				"cubes": [
					{"origin": [-0.31045, 10.75, -3.3], "size": [2, 1, 0.1], "uv": [4, 6]}
				]
			},
			{
				"name": "bone52",
				"parent": "hudiejie",
				"pivot": [2, 10.7, -4.2],
				"rotation": [0, 0, 75],
				"cubes": [
					{"origin": [0.70559, 8.57109, -3.2], "size": [3, 1, 0.1], "uv": [0, 1]}
				]
			},
			{
				"name": "bone53",
				"parent": "hudiejie",
				"pivot": [-2, 11, -4.2],
				"rotation": [0, 0, -75],
				"cubes": [
					{"origin": [-3.99441, 8.87109, -3.3], "size": [3, 1, 0.1], "uv": [0, 0]}
				]
			},
			{
				"name": "waiqun",
				"pivot": [0, 11, 0]
			},
			{
				"name": "bone55",
				"parent": "waiqun",
				"pivot": [0, 9, 0]
			},
			{
				"name": "bone56",
				"parent": "bone55",
				"pivot": [0, 9, 3.48526],
				"rotation": [10, 0, 0],
				"cubes": [
					{"origin": [-2.9, 3.22891, 3.481], "size": [5.9, 11.6, 0], "uv": [32, 36]}
				]
			},
			{
				"name": "bone57",
				"parent": "bone56",
				"pivot": [-2.5, 8.82891, 3.48526],
				"rotation": [0, 0, 9.85108],
				"cubes": [
					{"origin": [-3.5, 3.22891, 3.48426], "size": [1.5, 11.6, 0], "uv": [2, 43]}
				]
			},
			{
				"name": "bone58",
				"parent": "bone56",
				"pivot": [2.5, 8.82891, 3.48526],
				"rotation": [0, 0, -9.85108],
				"cubes": [
					{"origin": [1.9, 3.22891, 3.48626], "size": [1.6, 11.6, 0], "uv": [0, 43]}
				]
			},
			{
				"name": "bone59",
				"parent": "waiqun",
				"pivot": [0, 9, 0],
				"rotation": [0, -90, 0]
			},
			{
				"name": "bone60",
				"parent": "bone59",
				"pivot": [0, 9, 3.48526],
				"rotation": [10, 0, 0],
				"cubes": [
					{"origin": [-2.9, 3.22891, 3.481], "size": [5.8, 11.6, 0], "uv": [22, 36]}
				]
			},
			{
				"name": "bone61",
				"parent": "bone60",
				"pivot": [-2.5, 8.82891, 3.48526],
				"rotation": [0, 0, 9.85108],
				"cubes": [
					{"origin": [-3.5, 3.22891, 3.48426], "size": [1.6, 11.6, 0], "uv": [42, 33]}
				]
			},
			{
				"name": "bone62",
				"parent": "bone60",
				"pivot": [2.5, 8.82891, 3.48526],
				"rotation": [0, 0, -9.85108],
				"cubes": [
					{"origin": [1.9, 3.22891, 3.48626], "size": [1.6, 11.6, 0], "uv": [42, 11]}
				]
			},
			{
				"name": "bone63",
				"parent": "waiqun",
				"pivot": [0, 9, 0],
				"rotation": [0, -180, 0]
			},
			{
				"name": "bone64",
				"parent": "bone63",
				"pivot": [0, 9, 3.48526],
				"rotation": [10, 0, 0],
				"cubes": [
					{"origin": [-2.9, 3.22891, 3.481], "size": [5.8, 11.6, 0], "uv": [32, 8]}
				]
			},
			{
				"name": "bone65",
				"parent": "bone64",
				"pivot": [-2.5, 8.82891, 3.48526],
				"rotation": [0, 0, 9.85108],
				"cubes": [
					{"origin": [-3.5, 3.22891, 3.48426], "size": [1.6, 11.6, 0], "uv": [42, 0]}
				]
			},
			{
				"name": "bone66",
				"parent": "bone64",
				"pivot": [2.5, 8.82891, 3.48526],
				"rotation": [0, 0, -9.85108],
				"cubes": [
					{"origin": [1.9, 3.22891, 3.48626], "size": [1.6, 11.6, 0], "uv": [20, 42]}
				]
			},
			{
				"name": "bone67",
				"parent": "waiqun",
				"pivot": [0, 9, 0],
				"rotation": [0, -270, 0]
			},
			{
				"name": "bone68",
				"parent": "bone67",
				"pivot": [0, 9, 3.48526],
				"rotation": [10, 0, 0],
				"cubes": [
					{"origin": [-2.8, 3.22891, 3.481], "size": [5.8, 11.6, 0], "uv": [12, 31]}
				]
			},
			{
				"name": "bone69",
				"parent": "bone68",
				"pivot": [-2.5, 8.82891, 3.48526],
				"rotation": [0, 0, 9.85108],
				"cubes": [
					{"origin": [-3.5, 3.22891, 3.48426], "size": [1.8, 11.6, 0], "uv": [18, 42]}
				]
			},
			{
				"name": "bone70",
				"parent": "bone68",
				"pivot": [2.5, 8.82891, 3.48526],
				"rotation": [0, 0, -9.85108],
				"cubes": [
					{"origin": [2.1, 3.22891, 3.48626], "size": [1.4, 11.6, 0], "uv": [24, 16]}
				]
			},
			{
				"name": "backpackPositioningBone",
				"pivot": [0, 17.3, 0.2]
			}
		]
	}
}