{
	"format_version": "1.10.0",
	"geometry.model": {
		"texturewidth": 128,
		"textureheight": 128,
		"visible_bounds_width": 3,
		"visible_bounds_height": 3,
		"visible_bounds_offset": [0, 0, 0],
		"bones": [
			{
				"name": "head",
				"pivot": [0, 16.8, 0],
				"cubes": [
					{"origin": [-4, 16.8, -4], "size": [8, 8, 8], "uv": [0, 16]},
					{"origin": [-4.1, 16.7, -4.1], "size": [8.2, 8.2, 8.2], "uv": [0, 0]}
				]
			},
			{
				"name": "maozi",
				"parent": "head",
				"pivot": [0, -0.9, 0],
				"cubes": [
					{"origin": [-1, 31.1, -0.3], "size": [1.75, 1, 3], "uv": [37, 12]},
					{"origin": [-0.8, 32.1, 0.3], "size": [1.25, 1, 2.2], "uv": [24, 5]}
				]
			},
			{
				"name": "bone1",
				"parent": "maozi",
				"pivot": [0, -0.9, 0],
				"cubes": [
					{"origin": [-6, 24.1, -5], "size": [1, 1, 11], "uv": [37, 0]},
					{"origin": [5, 24.1, -6], "size": [1, 1, 11], "uv": [13, 33]},
					{"origin": [6, 23.8, -5], "size": [1, 1, 10], "uv": [50, 0]},
					{"origin": [-7, 23.8, -5], "size": [1, 1, 10], "uv": [12, 45]}
				]
			},
			{
				"name": "bone",
				"parent": "maozi",
				"pivot": [0, -0.9, 0],
				"rotation": [0, 90, 0],
				"cubes": [
					{"origin": [5, 24.1, -6], "size": [1, 1, 11], "uv": [0, 32]},
					{"origin": [6, 23.8, -5], "size": [1, 1, 10], "uv": [0, 44]},
					{"origin": [-7, 23.8, -5], "size": [1, 1, 10], "uv": [27, 42]},
					{"origin": [-6, 24.1, -5], "size": [1, 1, 11], "uv": [24, 5]}
				]
			},
			{
				"name": "bone86",
				"parent": "maozi",
				"pivot": [0, -0.9, 0],
				"cubes": [
					{"origin": [-4, 26.1, -4], "size": [1, 1, 8], "uv": [55, 56]},
					{"origin": [3, 26.1, -4], "size": [1, 1, 8], "uv": [28, 56]},
					{"origin": [4, 25.1, -5], "size": [1, 1, 10], "uv": [40, 40]},
					{"origin": [-5, 25.1, -5], "size": [1, 1, 10], "uv": [38, 12]}
				]
			},
			{
				"name": "bone87",
				"parent": "maozi",
				"pivot": [0, 0.1, 0],
				"rotation": [0, 90, 0],
				"cubes": [
					{"origin": [4, 25.1, -4], "size": [1, 1, 8], "uv": [10, 56]},
					{"origin": [3, 26.1, -3], "size": [1, 1, 6], "uv": [62, 0]},
					{"origin": [-5, 26.1, -4], "size": [1, 1, 8], "uv": [0, 55]},
					{"origin": [-6, 25.1, -4], "size": [1, 1, 9], "uv": [52, 36]}
				]
			},
			{
				"name": "bone88",
				"parent": "maozi",
				"pivot": [0, 1.1, 0],
				"rotation": [0, 90, 0],
				"cubes": [
					{"origin": [2, 27.1, -3], "size": [1, 1, 6], "uv": [57, 46]},
					{"origin": [-4, 27.1, -3], "size": [1, 1, 6], "uv": [24, 17]}
				]
			},
			{
				"name": "bone89",
				"parent": "maozi",
				"pivot": [0, -0.9, 0],
				"cubes": [
					{"origin": [-3, 27.1, -2], "size": [1, 1, 5], "uv": [24, 65]},
					{"origin": [2, 27.1, -2], "size": [1, 1, 5], "uv": [44, 23]}
				]
			},
			{
				"name": "bone90",
				"parent": "maozi",
				"pivot": [0, 2.1, 0],
				"rotation": [0, 90, 0],
				"cubes": [
					{"origin": [1, 28.1, -2], "size": [1, 1, 4], "uv": [32, 17]},
					{"origin": [-3, 28.1, -2], "size": [1, 1, 4], "uv": [24, 0]}
				]
			},
			{
				"name": "bone91",
				"parent": "maozi",
				"pivot": [0, 0.1, 0],
				"cubes": [
					{"origin": [-2, 28.1, -1], "size": [1, 1, 3], "uv": [65, 60]},
					{"origin": [1, 28.1, -1], "size": [1, 1, 3], "uv": [65, 46]}
				]
			},
			{
				"name": "bone92",
				"parent": "maozi",
				"pivot": [0, 3.1, 0],
				"rotation": [0, 90, 0],
				"cubes": [
					{"origin": [0.4, 29.1, -1.7], "size": [1, 1, 3.5], "uv": [52, 46]},
					{"origin": [-3.1, 29.1, -1.7], "size": [1, 1, 3.5], "uv": [38, 17]}
				]
			},
			{
				"name": "bone93",
				"parent": "maozi",
				"pivot": [0, 1.1, 0],
				"cubes": [
					{"origin": [-1.7, 29.1, -0.4], "size": [1, 1, 2.5], "uv": [42, 23]},
					{"origin": [0.8, 29.1, -0.4], "size": [1, 1, 2.5], "uv": [42, 12]}
				]
			},
			{
				"name": "bone94",
				"parent": "maozi",
				"pivot": [0, 4.1, 0],
				"rotation": [0, 90, 0],
				"cubes": [
					{"origin": [-0.1, 30.1, -1.4], "size": [1, 1, 2.9], "uv": [36, 23]},
					{"origin": [-2.8, 30.1, -1.4], "size": [1, 1, 2.9], "uv": [30, 0]}
				]
			},
			{
				"name": "bone95",
				"parent": "maozi",
				"pivot": [0, 2.1, 0],
				"cubes": [
					{"origin": [-1.4, 30.1, 0.1], "size": [1, 1, 1.7], "uv": [24, 2]},
					{"origin": [0.5, 30.1, 0.1], "size": [1, 1, 1.7], "uv": [24, 0]}
				]
			},
			{
				"name": "blink",
				"parent": "head",
				"pivot": [0, 16.8, 0],
				"cubes": [
					{"origin": [-4, 16.8, -4.001], "size": [8, 8, 0], "uv": [20, 56]}
				]
			},
			{
				"name": "armRight",
				"pivot": [-2.2, 15.7, 0],
				"rotation": [0, 0, 24],
				"cubes": [
					{"origin": [-4.41919, 7.1494, -1], "size": [2, 8, 2], "uv": [13, 32]},
					{"origin": [-4.84973, 11.75547, -1.5], "size": [3, 4, 3], "uv": [12, 65]}
				]
			},
			{
				"name": "youjian",
				"parent": "armRight",
				"pivot": [0.15167, 12.0274, 0],
				"rotation": [-1, 0, -85],
				"cubes": [
					{"origin": [-2.59377, 10.51754, -3.10254], "size": [4.7, 7.1, 6.1], "uv": [50, 23]}
				]
			},
			{
				"name": "armRightPositioningBone",
				"parent": "armRight",
				"pivot": [-3.4, 8.2, 0]
			},
			{
				"name": "armLeft",
				"pivot": [2.1, 15.9, 0],
				"rotation": [0, 0, -24],
				"cubes": [
					{"origin": [1.715, 11.75851, -1.5], "size": [3, 4, 3], "uv": [24, 45]},
					{"origin": [2.31919, 7.3494, -1], "size": [2, 8, 2], "uv": [0, 32]}
				]
			},
			{
				"name": "armLeftPositioningBone",
				"parent": "armLeft",
				"pivot": [3.4, 8.4, 0]
			},
			{
				"name": "zuojian",
				"parent": "armLeft",
				"pivot": [-0.06977, 10.90129, 0],
				"rotation": [-1, 0, 84],
				"cubes": [
					{"origin": [-3.13998, 9.38969, -3.20252], "size": [4.9, 7.1, 6.2], "uv": [43, 51]}
				]
			},
			{
				"name": "body",
				"pivot": [0, 9.5, 0],
				"cubes": [
					{"origin": [-3, 6.499, -3], "size": [6, 10.9, 6], "uv": [26, 26]},
					{"origin": [-3.25, 10.499, -3.25], "size": [6.5, 1.9, 6.5], "uv": [50, 12]}
				]
			},
			{
				"name": "legLeft",
				"pivot": [2, 9, 0],
				"cubes": [
					{"origin": [0.499, 0.1, -1.5], "size": [3, 9, 3], "uv": [43, 64]},
					{"origin": [0.43, 0, -1.57], "size": [3.15, 5, 3.15], "uv": [63, 36]}
				]
			},
			{
				"name": "legRight",
				"pivot": [-2, 9, 0],
				"cubes": [
					{"origin": [-3.57, 0, -1.57], "size": [3.15, 5, 3.15], "uv": [64, 19]},
					{"origin": [-3.499, 0.1, -1.5], "size": [3, 9, 3], "uv": [0, 64]}
				]
			},
			{
				"name": "waiqun",
				"pivot": [0, 2, 0]
			},
			{
				"name": "bone2",
				"parent": "waiqun",
				"pivot": [0, 2, 0]
			},
			{
				"name": "bone3",
				"parent": "bone2",
				"pivot": [0, 2, 6.19607],
				"rotation": [23, 0, 0]
			},
			{
				"name": "bone4",
				"parent": "bone3",
				"pivot": [0, 2, 6.19607],
				"rotation": [0, -45, 0],
				"cubes": [
					{"origin": [-0.93491, 6.26093, 5.26116], "size": [2, 5.45, 2], "uv": [65, 53]}
				]
			},
			{
				"name": "bone5",
				"parent": "waiqun",
				"pivot": [0, 2, 0],
				"rotation": [0, -25.71429, 0]
			},
			{
				"name": "bone6",
				"parent": "bone5",
				"pivot": [0, 2, 6.19607],
				"rotation": [23, 0, 0]
			},
			{
				"name": "bone7",
				"parent": "bone6",
				"pivot": [0, 2, 6.19607],
				"rotation": [0, -45, 0],
				"cubes": [
					{"origin": [-0.94614, 6.24784, 5.31599], "size": [2, 5.7, 2], "uv": [63, 65]}
				]
			},
			{
				"name": "bone8",
				"parent": "waiqun",
				"pivot": [0, 2, 0],
				"rotation": [0, -51.42857, 0]
			},
			{
				"name": "bone9",
				"parent": "bone8",
				"pivot": [0, 2, 6.19607],
				"rotation": [23, 0, 0]
			},
			{
				"name": "bone10",
				"parent": "bone9",
				"pivot": [0.06235, 2.03055, 6.12411],
				"rotation": [-5, -41, 5],
				"cubes": [
					{"origin": [-0.83498, 6.27564, 5.20438], "size": [2, 5.7, 2], "uv": [55, 65]}
				]
			},
			{
				"name": "bone11",
				"parent": "waiqun",
				"pivot": [0, 2, 0],
				"rotation": [0, -77.14286, 0]
			},
			{
				"name": "bone12",
				"parent": "bone11",
				"pivot": [0, 2, 6.19607],
				"rotation": [23, 0, 0]
			},
			{
				"name": "bone13",
				"parent": "bone12",
				"pivot": [0, 2, 6.19607],
				"rotation": [0, -45, 0],
				"cubes": [
					{"origin": [-0.95228, 6.26191, 5.27527], "size": [2, 5.35, 2], "uv": [10, 56]}
				]
			},
			{
				"name": "bone14",
				"parent": "waiqun",
				"pivot": [0, 2, 0],
				"rotation": [0, -102.85714, 0]
			},
			{
				"name": "bone15",
				"parent": "bone14",
				"pivot": [0, 2, 6.19607],
				"rotation": [23, 0, 0]
			},
			{
				"name": "bone16",
				"parent": "bone15",
				"pivot": [0, 2, 6.19607],
				"rotation": [0, -45, 0],
				"cubes": [
					{"origin": [-0.92081, 6.26191, 5.2438], "size": [2, 5.3, 2], "uv": [0, 55]}
				]
			},
			{
				"name": "bone17",
				"parent": "waiqun",
				"pivot": [0, 2, 0],
				"rotation": [0, -128.57143, 0]
			},
			{
				"name": "bone18",
				"parent": "bone17",
				"pivot": [0, 2, 6.19607],
				"rotation": [23, 0, 0]
			},
			{
				"name": "bone19",
				"parent": "bone18",
				"pivot": [-0.03167, 1.98223, 6.49387],
				"rotation": [-2.5, -54, 0],
				"cubes": [
					{"origin": [-0.93669, 6.25168, 5.50067], "size": [2, 7.7, 2], "uv": [50, 0]}
				]
			},
			{
				"name": "bone20",
				"parent": "waiqun",
				"pivot": [0, 2, 0],
				"rotation": [0, -154.28571, 0]
			},
			{
				"name": "bone21",
				"parent": "bone20",
				"pivot": [0, 2, 6.19607],
				"rotation": [23, 0, 0]
			},
			{
				"name": "bone22",
				"parent": "bone21",
				"pivot": [0, 2, 6.19607],
				"rotation": [0, -45, 0],
				"cubes": [
					{"origin": [-1, 6.3, 5.19607], "size": [2, 7.7, 2], "uv": [12, 45]}
				]
			},
			{
				"name": "bone23",
				"parent": "waiqun",
				"pivot": [0, 2, 0],
				"rotation": [0, -180, 0]
			},
			{
				"name": "bone24",
				"parent": "bone23",
				"pivot": [0, 2, 6.19607],
				"rotation": [23, 0, 0]
			},
			{
				"name": "bone25",
				"parent": "bone24",
				"pivot": [0, 2, 6.19607],
				"rotation": [0, -45, 0],
				"cubes": [
					{"origin": [-1, 6.3, 5.19607], "size": [2, 5.7, 2], "uv": [52, 36]}
				]
			},
			{
				"name": "bone26",
				"parent": "waiqun",
				"pivot": [0, 2, 0],
				"rotation": [0, -205.71429, 0]
			},
			{
				"name": "bone27",
				"parent": "bone26",
				"pivot": [0, 2, 6.19607],
				"rotation": [23, 0, 0]
			},
			{
				"name": "bone28",
				"parent": "bone27",
				"pivot": [-0.04339, 2.0352, 6.11314],
				"rotation": [0, -45, 0],
				"cubes": [
					{"origin": [-1.04339, 6.3352, 5.11314], "size": [2, 7.7, 2], "uv": [0, 44]}
				]
			},
			{
				"name": "bone29",
				"parent": "waiqun",
				"pivot": [0, 2, 0],
				"rotation": [0, -231.42857, 0]
			},
			{
				"name": "bone30",
				"parent": "bone29",
				"pivot": [0, 2, 6.19607],
				"rotation": [23, 0, 0]
			},
			{
				"name": "bone31",
				"parent": "bone30",
				"pivot": [0.10886, 2.11601, 5.92278],
				"rotation": [-6, -37.5, 5],
				"cubes": [
					{"origin": [-0.78847, 6.36465, 5.00537], "size": [2, 5.45, 2], "uv": [39, 42]}
				]
			},
			{
				"name": "bone32",
				"parent": "waiqun",
				"pivot": [0, 2, 0],
				"rotation": [0, -257.14286, 0]
			},
			{
				"name": "bone33",
				"parent": "bone32",
				"pivot": [0, 2, 6.19607],
				"rotation": [23, 0, 0]
			},
			{
				"name": "bone34",
				"parent": "bone33",
				"pivot": [0, 2, 6.19607],
				"rotation": [0, -45, 0],
				"cubes": [
					{"origin": [-0.86886, 6.25321, 5.32081], "size": [1.9, 5.45, 1.8], "uv": [16, 72]}
				]
			},
			{
				"name": "bone35",
				"parent": "waiqun",
				"pivot": [0, 2, 0],
				"rotation": [0, -282.85714, 0]
			},
			{
				"name": "bone36",
				"parent": "bone35",
				"pivot": [0, 2, 6.19607],
				"rotation": [23, 0, 0]
			},
			{
				"name": "bone37",
				"parent": "bone36",
				"pivot": [0, 2, 6.19607],
				"rotation": [0, -45, 0],
				"cubes": [
					{"origin": [-0.86635, 6.2706, 5.16038], "size": [2, 5.45, 2], "uv": [0, 16]}
				]
			},
			{
				"name": "bone38",
				"parent": "waiqun",
				"pivot": [0, 2, 0],
				"rotation": [0, -308.57143, 0]
			},
			{
				"name": "bone39",
				"parent": "bone38",
				"pivot": [0, 2, 6.19607],
				"rotation": [23, 0, 0]
			},
			{
				"name": "bone40",
				"parent": "bone39",
				"pivot": [-0.40675, 1.82328, 6.6124],
				"rotation": [-1, -53, 1],
				"cubes": [
					{"origin": [-1.31177, 6.09273, 5.6192], "size": [2, 7.7, 2], "uv": [37, 0]}
				]
			},
			{
				"name": "bone41",
				"parent": "waiqun",
				"pivot": [0, 2, 0],
				"rotation": [0, -334.28571, 0]
			},
			{
				"name": "bone42",
				"parent": "bone41",
				"pivot": [0, 2, 6.19607],
				"rotation": [23, 0, 0]
			},
			{
				"name": "bone43",
				"parent": "bone42",
				"pivot": [0, 2, 6.19607],
				"rotation": [0, -45, 0],
				"cubes": [
					{"origin": [-0.88009, 6.24784, 5.24993], "size": [2, 5.7, 2], "uv": [0, 0]}
				]
			},
			{
				"name": "neiqun",
				"pivot": [0, 1.8, 0]
			},
			{
				"name": "bone44",
				"parent": "neiqun",
				"pivot": [0, 1.8, 0]
			},
			{
				"name": "bone45",
				"parent": "bone44",
				"pivot": [0, 1.8, 6.19607],
				"rotation": [23, 0, 0]
			},
			{
				"name": "bone46",
				"parent": "bone45",
				"pivot": [0, 1.8, 6.19607],
				"rotation": [0, -45, 0],
				"cubes": [
					{"origin": [-0.93491, 5.66093, 5.26116], "size": [1.9, 5.85, 1.9], "uv": [12, 72]}
				]
			},
			{
				"name": "bone47",
				"parent": "neiqun",
				"pivot": [0, 1.8, 0],
				"rotation": [0, -25.71429, 0]
			},
			{
				"name": "bone48",
				"parent": "bone47",
				"pivot": [0, 1.8, 6.19607],
				"rotation": [23, 0, 0]
			},
			{
				"name": "bone49",
				"parent": "bone48",
				"pivot": [0, 1.8, 6.19607],
				"rotation": [0, -45, 0],
				"cubes": [
					{"origin": [-0.94614, 5.64784, 5.31599], "size": [1.9, 6.1, 1.9], "uv": [70, 71]}
				]
			},
			{
				"name": "bone50",
				"parent": "neiqun",
				"pivot": [0, 1.8, 0],
				"rotation": [0, -51.42857, 0]
			},
			{
				"name": "bone51",
				"parent": "bone50",
				"pivot": [0, 1.8, 6.19607],
				"rotation": [23, 0, 0]
			},
			{
				"name": "bone52",
				"parent": "bone51",
				"pivot": [0.06235, 1.83055, 6.12411],
				"rotation": [-5, -41, 5],
				"cubes": [
					{"origin": [-0.83498, 5.67564, 5.20438], "size": [1.9, 6.1, 1.9], "uv": [31, 71]}
				]
			},
			{
				"name": "bone53",
				"parent": "neiqun",
				"pivot": [0, 1.8, 0],
				"rotation": [0, -77.14286, 0]
			},
			{
				"name": "bone54",
				"parent": "bone53",
				"pivot": [0, 1.8, 6.19607],
				"rotation": [23, 0, 0]
			},
			{
				"name": "bone55",
				"parent": "bone54",
				"pivot": [0, 1.8, 6.19607],
				"rotation": [0, -45, 0],
				"cubes": [
					{"origin": [-0.95228, 5.66191, 5.27527], "size": [1.9, 5.75, 1.9], "uv": [71, 65]}
				]
			},
			{
				"name": "bone56",
				"parent": "neiqun",
				"pivot": [0, 1.8, 0],
				"rotation": [0, -102.85714, 0]
			},
			{
				"name": "bone57",
				"parent": "bone56",
				"pivot": [0, 1.8, 6.19607],
				"rotation": [23, 0, 0]
			},
			{
				"name": "bone58",
				"parent": "bone57",
				"pivot": [0, 1.8, 6.19607],
				"rotation": [0, -45, 0],
				"cubes": [
					{"origin": [-0.92081, 5.66191, 5.2438], "size": [1.9, 5.7, 1.9], "uv": [70, 0]}
				]
			},
			{
				"name": "bone59",
				"parent": "neiqun",
				"pivot": [0, 1.8, 0],
				"rotation": [0, -128.57143, 0]
			},
			{
				"name": "bone60",
				"parent": "bone59",
				"pivot": [0, 1.8, 6.19607],
				"rotation": [23, 0, 0]
			},
			{
				"name": "bone61",
				"parent": "bone60",
				"pivot": [-0.03167, 1.78223, 6.49387],
				"rotation": [-2.5, -54, 0],
				"cubes": [
					{"origin": [-0.93669, 5.65168, 5.50067], "size": [1.9, 8.1, 1.9], "uv": [23, 71]}
				]
			},
			{
				"name": "bone62",
				"parent": "neiqun",
				"pivot": [0, 1.8, 0],
				"rotation": [0, -154.28571, 0]
			},
			{
				"name": "bone63",
				"parent": "bone62",
				"pivot": [0, 1.8, 6.19607],
				"rotation": [23, 0, 0]
			},
			{
				"name": "bone64",
				"parent": "bone63",
				"pivot": [0, 1.8, 6.19607],
				"rotation": [0, -45, 0],
				"cubes": [
					{"origin": [-1, 5.7, 5.19607], "size": [1.9, 8.1, 1.9], "uv": [70, 27]}
				]
			},
			{
				"name": "bone65",
				"parent": "neiqun",
				"pivot": [0, 1.8, 0],
				"rotation": [0, -180, 0]
			},
			{
				"name": "bone66",
				"parent": "bone65",
				"pivot": [0, 1.8, 6.19607],
				"rotation": [23, 0, 0]
			},
			{
				"name": "bone67",
				"parent": "bone66",
				"pivot": [0, 1.8, 6.19607],
				"rotation": [0, -45, 0],
				"cubes": [
					{"origin": [-1, 5.7, 5.19607], "size": [1.9, 6.1, 1.8], "uv": [27, 71]}
				]
			},
			{
				"name": "bone68",
				"parent": "neiqun",
				"pivot": [0, 1.8, 0],
				"rotation": [0, -205.71429, 0]
			},
			{
				"name": "bone69",
				"parent": "bone68",
				"pivot": [0, 1.8, 6.19607],
				"rotation": [23, 0, 0]
			},
			{
				"name": "bone70",
				"parent": "bone69",
				"pivot": [-0.04339, 1.8352, 6.11314],
				"rotation": [0, -45, 0],
				"cubes": [
					{"origin": [-1.04339, 5.7352, 5.11314], "size": [1.9, 8.1, 1.9], "uv": [36, 65]}
				]
			},
			{
				"name": "bone71",
				"parent": "neiqun",
				"pivot": [0, 1.8, 0],
				"rotation": [0, -231.42857, 0]
			},
			{
				"name": "bone72",
				"parent": "bone71",
				"pivot": [0, 1.8, 6.19607],
				"rotation": [23, 0, 0]
			},
			{
				"name": "bone73",
				"parent": "bone72",
				"pivot": [0.10886, 1.91601, 5.92278],
				"rotation": [-6, -37.5, 5],
				"cubes": [
					{"origin": [-0.78847, 5.76465, 5.00537], "size": [1.9, 5.85, 1.9], "uv": [62, 0]}
				]
			},
			{
				"name": "bone74",
				"parent": "neiqun",
				"pivot": [0, 1.8, 0],
				"rotation": [0, -257.14286, 0]
			},
			{
				"name": "bone75",
				"parent": "bone74",
				"pivot": [0, 1.8, 6.19607],
				"rotation": [23, 0, 0]
			},
			{
				"name": "bone76",
				"parent": "bone75",
				"pivot": [0, 1.8, 6.19607],
				"rotation": [0, -45, 0],
				"cubes": [
					{"origin": [-0.86886, 5.65321, 5.22081], "size": [1.8, 5.85, 1.8], "uv": [50, 12]}
				]
			},
			{
				"name": "bone77",
				"parent": "neiqun",
				"pivot": [0, 1.8, 0],
				"rotation": [0, -282.85714, 0]
			},
			{
				"name": "bone78",
				"parent": "bone77",
				"pivot": [0, 1.8, 6.19607],
				"rotation": [23, 0, 0]
			},
			{
				"name": "bone79",
				"parent": "bone78",
				"pivot": [0, 1.8, 6.19607],
				"rotation": [0, -45, 0],
				"cubes": [
					{"origin": [-0.86635, 5.6706, 5.16038], "size": [1.9, 5.85, 1.9], "uv": [24, 17]}
				]
			},
			{
				"name": "bone80",
				"parent": "neiqun",
				"pivot": [0, 1.8, 0],
				"rotation": [0, -308.57143, 0]
			},
			{
				"name": "bone81",
				"parent": "bone80",
				"pivot": [0, 1.8, 6.19607],
				"rotation": [23, 0, 0]
			},
			{
				"name": "bone82",
				"parent": "bone81",
				"pivot": [-0.40675, 1.62328, 6.6124],
				"rotation": [-1, -53, 1],
				"cubes": [
					{"origin": [-1.31177, 5.49273, 5.6192], "size": [1.9, 8.1, 1.9], "uv": [38, 53]}
				]
			},
			{
				"name": "bone83",
				"parent": "neiqun",
				"pivot": [0, 1.8, 0],
				"rotation": [0, -334.28571, 0]
			},
			{
				"name": "bone84",
				"parent": "bone83",
				"pivot": [0, 1.8, 6.19607],
				"rotation": [23, 0, 0]
			},
			{
				"name": "bone85",
				"parent": "bone84",
				"pivot": [0, 1.8, 6.19607],
				"rotation": [0, -45, 0],
				"cubes": [
					{"origin": [-0.88009, 5.64784, 5.24993], "size": [1.9, 6.1, 1.9], "uv": [68, 11]}
				]
			}
		]
	}
}