{
	"format_version": "1.10.0",
	"geometry.model": {
		"texturewidth": 128,
		"textureheight": 128,
		"visible_bounds_width": 3,
		"visible_bounds_height": 2,
		"visible_bounds_offset": [0, 0, 0],
		"bones": [
			{
				"name": "head",
				"pivot": [0, 17.3, 0],
				"cubes": [
					{"origin": [-4, 17.3, -4], "size": [8, 8, 8], "uv": [0, 16]},
					{"origin": [-4.1, 17.3, -4.1], "size": [8.2, 8.1, 8.2], "uv": [0, 0]}
				]
			},
			{
				"name": "bianzi",
				"parent": "head",
				"pivot": [-0.4, 19.3, 3.8],
				"rotation": [-57.5, 0, 0],
				"cubes": [
					{"origin": [-1.3, 19, 3], "size": [1.7, 0.7, 4], "uv": [53, 0]}
				]
			},
			{
				"name": "bone39",
				"parent": "bianzi",
				"pivot": [-0.4, 19.1929, 7.63016],
				"rotation": [-9.5, 0, 0],
				"cubes": [
					{"origin": [-1.28, 18.8929, 6.83016], "size": [1.65, 0.7, 4.6], "uv": [53, 0]}
				]
			},
			{
				"name": "blink",
				"parent": "head",
				"pivot": [0, 17.3, 0],
				"cubes": [
					{"origin": [-4, 17.3, -4.001], "size": [8, 8, 0], "uv": [24, 0]}
				]
			},
			{
				"name": "armRight",
				"pivot": [-2.5, 17, 0],
				"rotation": [0, 0, 15],
				"cubes": [
					{"origin": [-4.5, 8, -0.7], "size": [2, 8, 2], "uv": [8, 55]},
					{"origin": [-5, 13, -1.2], "size": [3, 4, 3], "uv": [32, 52]}
				]
			},
			{
				"name": "armRightPositioningBone",
				"parent": "armRight",
				"pivot": [-3.5, 9, 0]
			},
			{
				"name": "armLeft",
				"pivot": [2.3, 17, 0],
				"rotation": [0, 0, -15],
				"cubes": [
					{"origin": [1.8, 13, -1.2], "size": [3, 4, 3], "uv": [48, 40]},
					{"origin": [2.3, 8, -0.7], "size": [2, 8, 2], "uv": [0, 55]}
				]
			},
			{
				"name": "armLeftPositioningBone",
				"parent": "armLeft",
				"pivot": [3.3, 9, 0]
			},
			{
				"name": "body",
				"pivot": [0, 10.5, 0],
				"cubes": [
					{"origin": [-3, 10.499, -3], "size": [6, 6.9, 6], "uv": [26, 26]}
				]
			},
			{
				"name": "qun",
				"parent": "body",
				"pivot": [0, 4, 0]
			},
			{
				"name": "bone2",
				"parent": "qun",
				"pivot": [0, 4, 0]
			},
			{
				"name": "bone3",
				"parent": "bone2",
				"pivot": [0, 4, 5.27792],
				"rotation": [18, 0, 0]
			},
			{
				"name": "bone4",
				"parent": "bone3",
				"pivot": [0, 4, 5.27792],
				"rotation": [0, -45, 0],
				"cubes": [
					{"origin": [-1.53454, 2.97812, 3.60196], "size": [2, 9.3, 2], "uv": [24, 52]}
				]
			},
			{
				"name": "bone5",
				"parent": "qun",
				"pivot": [0, 4, 0],
				"rotation": [0, -30, 0]
			},
			{
				"name": "bone6",
				"parent": "bone5",
				"pivot": [0, 4, 5.27792],
				"rotation": [18, 0, 0]
			},
			{
				"name": "bone7",
				"parent": "bone6",
				"pivot": [0, 4, 5.27792],
				"rotation": [0, -45, 0],
				"cubes": [
					{"origin": [-1.29154, 2.8534, 3.90179], "size": [2, 9.3, 2], "uv": [50, 29]}
				]
			},
			{
				"name": "bone8",
				"parent": "qun",
				"pivot": [0, 4, 0],
				"rotation": [0, -60, 0]
			},
			{
				"name": "bone9",
				"parent": "bone8",
				"pivot": [0, 4, 5.27792],
				"rotation": [18, 0, 0]
			},
			{
				"name": "bone10",
				"parent": "bone9",
				"pivot": [0, 4, 5.27792],
				"rotation": [0, -45, 0],
				"cubes": [
					{"origin": [-1.06865, 2.78028, 3.99713], "size": [2, 9.3, 2], "uv": [50, 9]}
				]
			},
			{
				"name": "bone11",
				"parent": "qun",
				"pivot": [0, 4, 0],
				"rotation": [0, -90, 0]
			},
			{
				"name": "bone12",
				"parent": "bone11",
				"pivot": [0, 4, 5.27792],
				"rotation": [18, 0, 0]
			},
			{
				"name": "bone13",
				"parent": "bone12",
				"pivot": [0, 4, 5.27792],
				"rotation": [2, -45, -2],
				"cubes": [
					{"origin": [-1.47075, 2.91631, 3.80717], "size": [2, 9.3, 2], "uv": [48, 48]}
				]
			},
			{
				"name": "bone14",
				"parent": "qun",
				"pivot": [0, 4, 0],
				"rotation": [0, -120, 0]
			},
			{
				"name": "bone15",
				"parent": "bone14",
				"pivot": [0, 4, 5.27792],
				"rotation": [18, 0, 0]
			},
			{
				"name": "bone16",
				"parent": "bone15",
				"pivot": [0, 4, 5.27792],
				"rotation": [0, -45, 0],
				"cubes": [
					{"origin": [-1.34677, 2.8225, 4.09152], "size": [2, 9.3, 2], "uv": [44, 20]}
				]
			},
			{
				"name": "bone17",
				"parent": "qun",
				"pivot": [0, 4, 0],
				"rotation": [0, -150, 0]
			},
			{
				"name": "bone18",
				"parent": "bone17",
				"pivot": [0, 4, 5.27792],
				"rotation": [18, 0, 0]
			},
			{
				"name": "bone19",
				"parent": "bone18",
				"pivot": [0, 4, 5.27792],
				"rotation": [0, -45, 0],
				"cubes": [
					{"origin": [-0.97379, 2.76483, 3.96952], "size": [2, 9.3, 2], "uv": [44, 0]}
				]
			},
			{
				"name": "bone20",
				"parent": "qun",
				"pivot": [0, 4, 0],
				"rotation": [0, -180, 0]
			},
			{
				"name": "bone21",
				"parent": "bone20",
				"pivot": [0, 4, 5.27792],
				"rotation": [18, 0, 0]
			},
			{
				"name": "bone22",
				"parent": "bone21",
				"pivot": [0, 4, 5.27792],
				"rotation": [0, -45, 0],
				"cubes": [
					{"origin": [-1.20175, 2.79271, 4.07617], "size": [2, 9.3, 2], "uv": [16, 44]}
				]
			},
			{
				"name": "bone23",
				"parent": "qun",
				"pivot": [0, 4, 0],
				"rotation": [0, -210, 0]
			},
			{
				"name": "bone24",
				"parent": "bone23",
				"pivot": [0, 4, 5.27792],
				"rotation": [18, 0, 0]
			},
			{
				"name": "bone25",
				"parent": "bone24",
				"pivot": [0, 4, 5.27792],
				"rotation": [0, -45, 0],
				"cubes": [
					{"origin": [-1.13197, 2.78443, 4.04242], "size": [2, 9.3, 2], "uv": [8, 44]}
				]
			},
			{
				"name": "bone26",
				"parent": "qun",
				"pivot": [0, 4, 0],
				"rotation": [0, -240, 0]
			},
			{
				"name": "bone27",
				"parent": "bone26",
				"pivot": [0, 4, 5.27792],
				"rotation": [18, 0, 0]
			},
			{
				"name": "bone28",
				"parent": "bone27",
				"pivot": [0, 4, 5.27792],
				"rotation": [0, -45, 0],
				"cubes": [
					{"origin": [-1.06865, 2.78028, 3.99713], "size": [2, 9.3, 2], "uv": [0, 44]}
				]
			},
			{
				"name": "bone29",
				"parent": "qun",
				"pivot": [0, 4, 0],
				"rotation": [0, -270, 0]
			},
			{
				"name": "bone30",
				"parent": "bone29",
				"pivot": [0, 4, 5.27792],
				"rotation": [18, 0, 0]
			},
			{
				"name": "bone31",
				"parent": "bone30",
				"pivot": [0, 4, 5.27792],
				"rotation": [0, -45, 0],
				"cubes": [
					{"origin": [-1.53454, 2.97812, 3.60196], "size": [2, 9.3, 2], "uv": [40, 41]}
				]
			},
			{
				"name": "bone32",
				"parent": "qun",
				"pivot": [0, 4, 0],
				"rotation": [0, -300, 0]
			},
			{
				"name": "bone33",
				"parent": "bone32",
				"pivot": [0, 4, 5.27792],
				"rotation": [18, 0, 0]
			},
			{
				"name": "bone34",
				"parent": "bone33",
				"pivot": [0, 4, 5.27792],
				"rotation": [0, -45, 0],
				"cubes": [
					{"origin": [-1.26393, 2.86885, 3.80693], "size": [2, 9.3, 2], "uv": [32, 41]}
				]
			},
			{
				"name": "bone35",
				"parent": "qun",
				"pivot": [0, 4, 0],
				"rotation": [0, -330, 0]
			},
			{
				"name": "bone36",
				"parent": "bone35",
				"pivot": [0, 4, 5.27792],
				"rotation": [18, 0, 0]
			},
			{
				"name": "bone37",
				"parent": "bone36",
				"pivot": [0, 4, 5.27792],
				"rotation": [0, -45, 0],
				"cubes": [
					{"origin": [-1.20929, 2.84926, 3.83755], "size": [2, 9.3, 2], "uv": [24, 41]}
				]
			},
			{
				"name": "yaodai",
				"parent": "body",
				"pivot": [0, -2, 0],
				"cubes": [
					{"origin": [-3.25, 10.099, -3.25], "size": [6.5, 3.2, 6.5], "uv": [26, 10]}
				]
			},
			{
				"name": "sittingRotationSkirt",
				"parent": "body",
				"pivot": [0, 10.5, 0]
			},
			{
				"name": "legLeft",
				"pivot": [2, 9, 0],
				"cubes": [
					{"origin": [0.499, 0, -1.5], "size": [3, 9, 3], "uv": [12, 32]}
				]
			},
			{
				"name": "legRight",
				"pivot": [-2, 9, 0],
				"cubes": [
					{"origin": [-3.499, 0, -1.5], "size": [3, 9, 3], "uv": [0, 32]}
				]
			},
			{
				"name": "hudiejie",
				"pivot": [-0.1, 13, -3.7],
				"rotation": [-6, 0, 0]
			},
			{
				"name": "bone40",
				"parent": "hudiejie",
				"pivot": [-0.1, 0.5, -0.1],
				"cubes": [
					{"origin": [-0.8, 12.5, -4.1], "size": [1.3, 1.2, 1], "uv": [0, 5]}
				]
			},
			{
				"name": "bone41",
				"parent": "hudiejie",
				"pivot": [0.1, 11.2, -3.2],
				"rotation": [0, 0, 13.5],
				"cubes": [
					{"origin": [-2.98149, 12.37972, -3.8], "size": [2.7, 0.9, 0.7], "uv": [0, 5]}
				]
			},
			{
				"name": "bone42",
				"parent": "hudiejie",
				"pivot": [3.9, 12.1, -3.2],
				"rotation": [0, 0, -13],
				"cubes": [
					{"origin": [-0.22081, 13.36477, -3.8], "size": [2.8, 0.9, 0.7], "uv": [0, 5]}
				]
			},
			{
				"name": "bone43",
				"parent": "hudiejie",
				"pivot": [-0.5, 12, -3.8],
				"rotation": [0, 0, 15],
				"cubes": [
					{"origin": [-0.9, 10.2, -4], "size": [0.6, 2.7, 0.7], "uv": [0, 5]}
				]
			},
			{
				"name": "bone44",
				"parent": "hudiejie",
				"pivot": [0.4, 12, -3.8],
				"rotation": [0, 0, -15],
				"cubes": [
					{"origin": [0, 10.2, -4], "size": [0.6, 2.7, 0.7], "uv": [0, 5]}
				]
			},
			{
				"name": "bone45",
				"parent": "hudiejie",
				"pivot": [1.8, 11.9, -3.2],
				"rotation": [0, 0, -14.5],
				"cubes": [
					{"origin": [-2.13007, 13.20463, -3.7], "size": [2, 0.9, 0.6], "uv": [0, 5]}
				]
			},
			{
				"name": "bone46",
				"parent": "hudiejie",
				"pivot": [-0.1, 11.2, -3.2],
				"rotation": [0, 0, 13.5],
				"cubes": [
					{"origin": [-0.54889, 12.50435, -3.7], "size": [2.3, 1, 0.6], "uv": [0, 5]}
				]
			},
			{
				"name": "backpackPositioningBone",
				"pivot": [0, 16.8, 0.3]
			}
		]
	}
}