{
	"format_version": "1.10.0",
	"geometry.model": {
		"texturewidth": 112,
		"textureheight": 112,
		"visible_bounds_width": 3,
		"visible_bounds_height": 2,
		"visible_bounds_offset": [0, 0, 0],
		"bones": [
			{
				"name": "head",
				"pivot": [0, 17, 0],
				"cubes": [
					{"origin": [-4, 17, -4], "size": [8, 8, 8], "uv": [0, 0]}
				]
			},
			{
				"name": "bone8",
				"parent": "head",
				"pivot": [0, -6, 0.5]
			},
			{
				"name": "bone23",
				"parent": "bone8",
				"pivot": [0, -6, 0.5]
			},
			{
				"name": "bone24",
				"parent": "bone23",
				"pivot": [0, -6, 0.5],
				"cubes": [
					{"origin": [-1.5, 21.25, -4.5001], "size": [3, 4, 1], "uv": [18, 38]}
				]
			},
			{
				"name": "bone25",
				"parent": "bone23",
				"pivot": [-2.5, 18.25, -4],
				"rotation": [0, 0, 10],
				"cubes": [
					{"origin": [-4.44112, 21.11451, -4.5], "size": [2, 4, 1], "uv": [6, 60]}
				]
			},
			{
				"name": "bone27",
				"parent": "bone23",
				"pivot": [-3.5, 18.25, -4],
				"rotation": [0, 0, 5],
				"cubes": [
					{"origin": [-4.5864, 20.93074, -4.4999], "size": [1, 4, 2], "uv": [54, 51]}
				]
			},
			{
				"name": "bone29",
				"parent": "bone23",
				"pivot": [-3.5, 14.25, -4],
				"cubes": [
					{"origin": [-4.15062, 14.94976, -4.25], "size": [1, 8, 1], "uv": [14, 38]}
				]
			},
			{
				"name": "bone28",
				"parent": "bone23",
				"pivot": [4.5, 18.25, -4],
				"rotation": [0, 0, -5],
				"cubes": [
					{"origin": [3.5902, 21.01789, -4.4999], "size": [1, 4, 2], "uv": [48, 51]}
				]
			},
			{
				"name": "bone30",
				"parent": "bone23",
				"pivot": [4.5, 14.25, -4],
				"cubes": [
					{"origin": [3.15443, 15.03692, -4.25], "size": [1, 8, 1], "uv": [10, 38]}
				]
			},
			{
				"name": "bone26",
				"parent": "bone23",
				"pivot": [2.75, 18.25, -4],
				"rotation": [0, 0, -10],
				"cubes": [
					{"origin": [2.44491, 21.15792, -4.5], "size": [2, 4, 1], "uv": [0, 60]}
				]
			},
			{
				"name": "bone31",
				"parent": "bone8",
				"pivot": [0, -6, 0.5]
			},
			{
				"name": "bone32",
				"parent": "bone31",
				"pivot": [-4.75, 17.25, 0.25],
				"rotation": [0, 0, 90]
			},
			{
				"name": "bone33",
				"parent": "bone32",
				"pivot": [-4.75, 17.25, -0.25],
				"cubes": [
					{"origin": [-10.75, 16.25, 0.16421], "size": [2, 2, 2], "uv": [0, 47], "inflate": -0.3}
				]
			},
			{
				"name": "bone34",
				"parent": "bone32",
				"pivot": [-4.75, 17.25, -0.25],
				"rotation": [0, -45, 0],
				"cubes": [
					{"origin": [-9.28553, 16.251, 3.69975], "size": [2, 2, 2], "uv": [0, 47], "inflate": -0.3}
				]
			},
			{
				"name": "bone35",
				"parent": "bone32",
				"pivot": [-4.75, 17.25, -0.25],
				"rotation": [0, -90, 0],
				"cubes": [
					{"origin": [-5.75, 16.25, 5.16421], "size": [2, 2, 2], "uv": [0, 47], "inflate": -0.3}
				]
			},
			{
				"name": "bone36",
				"parent": "bone32",
				"pivot": [-4.75, 17.25, -0.25],
				"rotation": [0, -135, 0],
				"cubes": [
					{"origin": [-2.21447, 16.251, 3.69975], "size": [2, 2, 2], "uv": [0, 47], "inflate": -0.3}
				]
			},
			{
				"name": "bone37",
				"parent": "bone32",
				"pivot": [-4.75, 17.25, -0.25],
				"rotation": [0, -180, 0],
				"cubes": [
					{"origin": [-0.75, 16.25, 0.16421], "size": [2, 2, 2], "uv": [0, 47], "inflate": -0.3}
				]
			},
			{
				"name": "bone38",
				"parent": "bone32",
				"pivot": [-4.75, 17.25, -0.25],
				"rotation": [0, -225, 0],
				"cubes": [
					{"origin": [-2.21447, 16.251, -3.37132], "size": [2, 2, 2], "uv": [0, 47], "inflate": -0.3}
				]
			},
			{
				"name": "bone39",
				"parent": "bone32",
				"pivot": [-4.75, 17.25, -0.25],
				"rotation": [0, -270, 0],
				"cubes": [
					{"origin": [-5.75, 16.25, -4.83579], "size": [2, 2, 2], "uv": [0, 47], "inflate": -0.3}
				]
			},
			{
				"name": "bone40",
				"parent": "bone32",
				"pivot": [-4.75, 17.25, -0.25],
				"rotation": [0, -315, 0],
				"cubes": [
					{"origin": [-9.28553, 16.251, -3.37132], "size": [2, 2, 2], "uv": [0, 47], "inflate": -0.3}
				]
			},
			{
				"name": "bone41",
				"parent": "bone31",
				"pivot": [4.75, 17.25, 0.25],
				"rotation": [0, 0, 90]
			},
			{
				"name": "bone42",
				"parent": "bone41",
				"pivot": [4.75, 17.25, -0.25],
				"cubes": [
					{"origin": [-1.25, 16.25, 0.16421], "size": [2, 2, 2], "uv": [0, 47], "inflate": -0.3}
				]
			},
			{
				"name": "bone43",
				"parent": "bone41",
				"pivot": [4.75, 17.25, -0.25],
				"rotation": [0, -45, 0],
				"cubes": [
					{"origin": [0.21447, 16.249, 3.69975], "size": [2, 2, 2], "uv": [0, 47], "inflate": -0.3}
				]
			},
			{
				"name": "bone44",
				"parent": "bone41",
				"pivot": [4.75, 17.25, -0.25],
				"rotation": [0, -90, 0],
				"cubes": [
					{"origin": [3.75, 16.25, 5.16421], "size": [2, 2, 2], "uv": [0, 47], "inflate": -0.3}
				]
			},
			{
				"name": "bone45",
				"parent": "bone41",
				"pivot": [4.75, 17.25, -0.25],
				"rotation": [0, -135, 0],
				"cubes": [
					{"origin": [7.28553, 16.249, 3.69975], "size": [2, 2, 2], "uv": [0, 47], "inflate": -0.3}
				]
			},
			{
				"name": "bone46",
				"parent": "bone41",
				"pivot": [4.75, 17.25, -0.25],
				"rotation": [0, -180, 0],
				"cubes": [
					{"origin": [8.75, 16.25, 0.16421], "size": [2, 2, 2], "uv": [0, 47], "inflate": -0.3}
				]
			},
			{
				"name": "bone47",
				"parent": "bone41",
				"pivot": [4.75, 17.25, -0.25],
				"rotation": [0, -225, 0],
				"cubes": [
					{"origin": [7.28553, 16.249, -3.37132], "size": [2, 2, 2], "uv": [0, 47], "inflate": -0.3}
				]
			},
			{
				"name": "bone48",
				"parent": "bone41",
				"pivot": [4.75, 17.25, -0.25],
				"rotation": [0, -270, 0],
				"cubes": [
					{"origin": [3.75, 16.25, -4.83579], "size": [2, 2, 2], "uv": [0, 47], "inflate": -0.3}
				]
			},
			{
				"name": "bone49",
				"parent": "bone41",
				"pivot": [4.75, 17.25, -0.25],
				"rotation": [0, -315, 0],
				"cubes": [
					{"origin": [0.21447, 16.249, -3.37132], "size": [2, 2, 2], "uv": [0, 47], "inflate": -0.3}
				]
			},
			{
				"name": "bone50",
				"parent": "bone8",
				"pivot": [0, -6, 0.5]
			},
			{
				"name": "bone51",
				"parent": "bone50",
				"pivot": [0, -6, 0.5],
				"cubes": [
					{"origin": [-4.5, 18, -3], "size": [1, 3, 6], "uv": [42, 16]},
					{"origin": [3.5, 18, -3], "size": [1, 3, 6], "uv": [28, 16]},
					{"origin": [-3.5, 18, 3.5], "size": [7, 2, 1], "uv": [42, 25]}
				]
			},
			{
				"name": "bone52",
				"parent": "bone50",
				"pivot": [-0.5, 13, 0],
				"rotation": [0, 5, 0]
			},
			{
				"name": "bone53",
				"parent": "bone52",
				"pivot": [0.5, 12, 5],
				"rotation": [10, 0, 0],
				"cubes": [
					{"origin": [0.75, 17.16932, 4.56468], "size": [2, 1, 1], "uv": [48, 74]}
				]
			},
			{
				"name": "bone67",
				"parent": "bone53",
				"pivot": [3.25, 12.74528, 4.19644],
				"rotation": [0, 0, -20],
				"cubes": [
					{"origin": [3.55913, 16.90716, 4.58289], "size": [1, 1, 1], "uv": [52, 99]},
					{"origin": [1.82307, 17.90651, 4.58099], "size": [1, 1, 1], "uv": [36, 99]}
				]
			},
			{
				"name": "bone54",
				"parent": "bone52",
				"pivot": [0.5, 10.00761, 5.17431],
				"rotation": [20, 0, 0],
				"cubes": [
					{"origin": [0.75, 16.10584, 6.16088], "size": [2, 1, 1], "uv": [42, 74]}
				]
			},
			{
				"name": "bone65",
				"parent": "bone54",
				"pivot": [3.25, 11.90738, 4.95078],
				"rotation": [0, 0, -15],
				"cubes": [
					{"origin": [3.39129, 15.91346, 6.16746], "size": [1, 1, 1], "uv": [56, 99]},
					{"origin": [1.57862, 16.67081, 6.16616], "size": [1, 1, 1], "uv": [32, 99]}
				]
			},
			{
				"name": "bone55",
				"parent": "bone52",
				"pivot": [0.5, 10.69165, 7.0537],
				"rotation": [30, 0, 0],
				"cubes": [
					{"origin": [0.75, 14.87321, 7.11461], "size": [2, 2, 1], "uv": [30, 68]}
				]
			},
			{
				"name": "bone64",
				"parent": "bone55",
				"pivot": [3.25, 11.54309, 5.11461],
				"rotation": [0, 0, -10],
				"cubes": [
					{"origin": [3.23419, 14.74724, 7.11527], "size": [1, 2, 1], "uv": [4, 80]},
					{"origin": [1.36625, 15.25674, 7.11461], "size": [1, 2, 1], "uv": [0, 80]}
				]
			},
			{
				"name": "bone56",
				"parent": "bone52",
				"pivot": [0.5, 9.82563, 7.5537],
				"rotation": [40, 0, 0],
				"cubes": [
					{"origin": [0.75, 13.91789, 8.51346], "size": [2, 1, 1], "uv": [36, 74]}
				]
			},
			{
				"name": "bone63",
				"parent": "bone56",
				"pivot": [3.25, 10.58767, 5.79952],
				"rotation": [0, 0, -5],
				"cubes": [
					{"origin": [3.03835, 13.86164, 8.51346], "size": [1, 1, 1], "uv": [60, 99]}
				]
			},
			{
				"name": "bone57",
				"parent": "bone52",
				"pivot": [1.75, 8.91279, 6.98511],
				"rotation": [55, 0, 0],
				"cubes": [
					{"origin": [0.75, 11.67504, 10.0452], "size": [3, 1, 1], "uv": [32, 65]}
				]
			},
			{
				"name": "bone58",
				"parent": "bone52",
				"pivot": [1.75, 8.33922, 7.80426],
				"rotation": [45, 0, 0],
				"cubes": [
					{"origin": [0.75, 11.74933, 10.14936], "size": [3, 1, 1], "uv": [24, 65]}
				]
			},
			{
				"name": "bone59",
				"parent": "bone52",
				"pivot": [1.75, 6.925, 9.21848],
				"rotation": [35, 0, 0],
				"cubes": [
					{"origin": [0.75, 10.8338, 10.5733], "size": [3, 2, 1], "uv": [64, 57]}
				]
			},
			{
				"name": "bone60",
				"parent": "bone52",
				"pivot": [1.75, 5.2867, 10.36563],
				"rotation": [25, 0, 0],
				"cubes": [
					{"origin": [0.75, 9.51463, 10.65863], "size": [2, 2, 1], "uv": [24, 68]}
				]
			},
			{
				"name": "bone66",
				"parent": "bone60",
				"pivot": [3.25, 5.9831, 9.04554],
				"rotation": [0, 0, 15],
				"cubes": [
					{"origin": [1.3013, 9.45556, 10.65863], "size": [1, 2, 1], "uv": [8, 80]}
				]
			},
			{
				"name": "bone61",
				"parent": "bone52",
				"pivot": [1.75, 2.56778, 11.63348],
				"rotation": [15, 0, 0],
				"cubes": [
					{"origin": [0.75, 8.91043, 10.65172], "size": [2, 1, 1], "uv": [30, 74]}
				]
			},
			{
				"name": "bone68",
				"parent": "bone61",
				"pivot": [3.25, 4.5808, 9.85763],
				"rotation": [0, 0, 25],
				"cubes": [
					{"origin": [-0.04675, 8.46445, 10.63989], "size": [1, 1, 1], "uv": [48, 99]}
				]
			},
			{
				"name": "bone62",
				"parent": "bone52",
				"pivot": [1.75, 0.63592, 12.15112],
				"rotation": [5, 0, 0],
				"cubes": [
					{"origin": [0.75, 7.855, 9.72039], "size": [1, 1, 1], "uv": [64, 99]}
				]
			},
			{
				"name": "bone69",
				"parent": "bone62",
				"pivot": [1.25, 3.37403, 9.78462],
				"rotation": [0, 0, 35],
				"cubes": [
					{"origin": [-1.70574, 7.88645, 9.68082], "size": [1, 1, 1], "uv": [46, 99]}
				]
			},
			{
				"name": "bone70",
				"parent": "bone62",
				"pivot": [0.90798, 2.43791, 9.86652],
				"rotation": [0, 0, 45],
				"cubes": [
					{"origin": [-3.22172, 6.44595, 9.68082], "size": [1, 1, 1], "uv": [40, 99]}
				]
			},
			{
				"name": "bone109",
				"parent": "bone50",
				"pivot": [4.5, 13.25, 0],
				"rotation": [-5, 5, -10]
			},
			{
				"name": "bone110",
				"parent": "bone109",
				"pivot": [5.5, 12.25, 5],
				"rotation": [10, 0, 0],
				"cubes": [
					{"origin": [3.08168, 17.71958, 2.97946], "size": [2, 1, 1], "uv": [48, 74]}
				]
			},
			{
				"name": "bone111",
				"parent": "bone110",
				"pivot": [8.25, 12.99528, 4.19644],
				"rotation": [0, 0, -20],
				"cubes": [
					{"origin": [6.15442, 18.35193, 2.99768], "size": [1, 1, 1], "uv": [52, 99]},
					{"origin": [4.41837, 19.35128, 2.99577], "size": [1, 1, 1], "uv": [36, 99]}
				]
			},
			{
				"name": "bone112",
				"parent": "bone109",
				"pivot": [5.5, 10.25761, 5.17431],
				"rotation": [20, 0, 0],
				"cubes": [
					{"origin": [3.08168, 16.92681, 4.65189], "size": [2, 1, 1], "uv": [42, 74]}
				]
			},
			{
				"name": "bone113",
				"parent": "bone112",
				"pivot": [8.25, 12.15738, 4.95078],
				"rotation": [0, 0, -15],
				"cubes": [
					{"origin": [5.96166, 17.40558, 4.65847], "size": [1, 1, 1], "uv": [56, 99]},
					{"origin": [4.149, 18.16293, 4.65717], "size": [1, 1, 1], "uv": [32, 99]}
				]
			},
			{
				"name": "bone114",
				"parent": "bone109",
				"pivot": [5.5, 10.94165, 7.0537],
				"rotation": [30, 0, 0],
				"cubes": [
					{"origin": [3.08168, 15.94754, 5.72769], "size": [2, 2, 1], "uv": [30, 68]}
				]
			},
			{
				"name": "bone115",
				"parent": "bone114",
				"pivot": [8.25, 11.79309, 5.11461],
				"rotation": [0, 0, -10],
				"cubes": [
					{"origin": [5.74955, 16.27239, 5.72835], "size": [1, 2, 1], "uv": [4, 80]},
					{"origin": [3.88161, 16.78189, 5.72769], "size": [1, 2, 1], "uv": [0, 80]}
				]
			},
			{
				"name": "bone116",
				"parent": "bone109",
				"pivot": [5.5, 10.07563, 7.5537],
				"rotation": [40, 0, 0],
				"cubes": [
					{"origin": [3.08168, 15.22053, 7.29075], "size": [2, 1, 1], "uv": [36, 74]}
				]
			},
			{
				"name": "bone117",
				"parent": "bone116",
				"pivot": [8.25, 10.83767, 5.79952],
				"rotation": [0, 0, -5],
				"cubes": [
					{"origin": [5.47192, 15.39283, 7.29075], "size": [1, 1, 1], "uv": [60, 99]}
				]
			},
			{
				"name": "bone118",
				"parent": "bone109",
				"pivot": [6.75, 9.16279, 6.98511],
				"rotation": [55, 0, 0],
				"cubes": [
					{"origin": [3.08168, 13.25827, 9.1366], "size": [3, 1, 1], "uv": [32, 65]}
				]
			},
			{
				"name": "bone119",
				"parent": "bone109",
				"pivot": [6.75, 8.58922, 7.80426],
				"rotation": [45, 0, 0],
				"cubes": [
					{"origin": [3.08168, 13.15453, 9.02305], "size": [3, 1, 1], "uv": [24, 65]}
				]
			},
			{
				"name": "bone120",
				"parent": "bone109",
				"pivot": [6.75, 7.175, 9.21848],
				"rotation": [35, 0, 0],
				"cubes": [
					{"origin": [3.08168, 12.02586, 9.2635], "size": [3, 2, 1], "uv": [64, 57]}
				]
			},
			{
				"name": "bone121",
				"parent": "bone109",
				"pivot": [6.75, 5.5367, 10.36563],
				"rotation": [25, 0, 0],
				"cubes": [
					{"origin": [3.08168, 10.46494, 9.20514], "size": [2, 2, 1], "uv": [24, 68]}
				]
			},
			{
				"name": "bone122",
				"parent": "bone121",
				"pivot": [8.25, 6.2331, 9.04554],
				"rotation": [0, 0, 15],
				"cubes": [
					{"origin": [3.54264, 9.6914, 9.20514], "size": [1, 2, 1], "uv": [8, 80]}
				]
			},
			{
				"name": "bone123",
				"parent": "bone109",
				"pivot": [6.75, 2.81778, 11.63348],
				"rotation": [15, 0, 0],
				"cubes": [
					{"origin": [3.08168, 9.5977, 9.09871], "size": [2, 1, 1], "uv": [30, 74]}
				]
			},
			{
				"name": "bone124",
				"parent": "bone123",
				"pivot": [8.25, 4.8308, 9.85763],
				"rotation": [0, 0, 25],
				"cubes": [
					{"origin": [2.35013, 7.98308, 9.08687], "size": [1, 1, 1], "uv": [48, 99]}
				]
			},
			{
				"name": "bone125",
				"parent": "bone109",
				"pivot": [6.75, 0.88592, 12.15112],
				"rotation": [5, 0, 0],
				"cubes": [
					{"origin": [3.08168, 8.26595, 8.11505], "size": [1, 1, 1], "uv": [64, 99]}
				]
			},
			{
				"name": "bone126",
				"parent": "bone125",
				"pivot": [6.25, 3.62403, 9.78462],
				"rotation": [0, 0, 35],
				"cubes": [
					{"origin": [1.01618, 6.73781, 8.07547], "size": [1, 1, 1], "uv": [46, 99]}
				]
			},
			{
				"name": "bone127",
				"parent": "bone125",
				"pivot": [5.90798, 2.68791, 9.86652],
				"rotation": [0, 0, 45],
				"cubes": [
					{"origin": [-0.22231, 4.92297, 8.07547], "size": [1, 1, 1], "uv": [40, 99]}
				]
			},
			{
				"name": "bone71",
				"parent": "bone50",
				"pivot": [0.5, 13, 0],
				"rotation": [0, -5, 0]
			},
			{
				"name": "bone72",
				"parent": "bone71",
				"pivot": [-2.5, 12, 5],
				"rotation": [10, 0, 0],
				"cubes": [
					{"origin": [-2.75, 17.16932, 4.56468], "size": [2, 1, 1], "uv": [48, 74]}
				]
			},
			{
				"name": "bone73",
				"parent": "bone72",
				"pivot": [0.25, 12.74528, 4.19644],
				"rotation": [0, 0, 20],
				"cubes": [
					{"origin": [-4.34805, 15.71009, 4.58289], "size": [1, 1, 1], "uv": [52, 99], "mirror": true},
					{"origin": [-2.612, 16.70944, 4.58099], "size": [1, 1, 1], "uv": [36, 99]}
				]
			},
			{
				"name": "bone74",
				"parent": "bone71",
				"pivot": [-2.5, 10.00761, 5.17431],
				"rotation": [20, 0, 0],
				"cubes": [
					{"origin": [-2.75, 16.10584, 6.16088], "size": [2, 1, 1], "uv": [42, 74], "mirror": true}
				]
			},
			{
				"name": "bone75",
				"parent": "bone74",
				"pivot": [0.25, 11.90738, 4.95078],
				"rotation": [0, 0, 15],
				"cubes": [
					{"origin": [-4.27203, 15.00759, 6.16746], "size": [1, 1, 1], "uv": [56, 99], "mirror": true},
					{"origin": [-2.45936, 15.76495, 6.16616], "size": [1, 1, 1], "uv": [32, 99]}
				]
			},
			{
				"name": "bone76",
				"parent": "bone71",
				"pivot": [-2.5, 10.69165, 7.0537],
				"rotation": [30, 0, 0],
				"cubes": [
					{"origin": [-2.75, 14.87321, 7.11461], "size": [2, 2, 1], "uv": [30, 68], "mirror": true}
				]
			},
			{
				"name": "bone77",
				"parent": "bone76",
				"pivot": [0.25, 11.54309, 5.11461],
				"rotation": [0, 0, 10],
				"cubes": [
					{"origin": [-4.18102, 14.13947, 7.11527], "size": [1, 2, 1], "uv": [4, 80], "mirror": true},
					{"origin": [-2.31308, 14.64897, 7.11461], "size": [1, 2, 1], "uv": [0, 80], "mirror": true}
				]
			},
			{
				"name": "bone78",
				"parent": "bone71",
				"pivot": [-2.5, 9.82563, 7.5537],
				"rotation": [40, 0, 0],
				"cubes": [
					{"origin": [-2.75, 13.91789, 8.51346], "size": [2, 1, 1], "uv": [36, 74], "mirror": true}
				]
			},
			{
				"name": "bone79",
				"parent": "bone78",
				"pivot": [0.25, 10.58767, 5.79952],
				"rotation": [0, 0, 5],
				"cubes": [
					{"origin": [-4.02503, 13.5566, 8.51346], "size": [1, 1, 1], "uv": [60, 99], "mirror": true}
				]
			},
			{
				"name": "bone80",
				"parent": "bone71",
				"pivot": [-1.25, 8.91279, 6.98511],
				"rotation": [55, 0, 0],
				"cubes": [
					{"origin": [-3.75, 11.67504, 10.0452], "size": [3, 1, 1], "uv": [32, 65], "mirror": true}
				]
			},
			{
				"name": "bone81",
				"parent": "bone71",
				"pivot": [-1.25, 8.33922, 7.80426],
				"rotation": [45, 0, 0],
				"cubes": [
					{"origin": [-3.75, 11.74933, 10.14936], "size": [3, 1, 1], "uv": [24, 65], "mirror": true}
				]
			},
			{
				"name": "bone82",
				"parent": "bone71",
				"pivot": [-1.25, 6.925, 9.21848],
				"rotation": [35, 0, 0],
				"cubes": [
					{"origin": [-3.75, 10.8338, 10.5733], "size": [3, 2, 1], "uv": [64, 57]}
				]
			},
			{
				"name": "bone83",
				"parent": "bone71",
				"pivot": [-1.25, 5.2867, 10.36563],
				"rotation": [25, 0, 0],
				"cubes": [
					{"origin": [-2.75, 9.51463, 10.65863], "size": [2, 2, 1], "uv": [24, 68], "mirror": true}
				]
			},
			{
				"name": "bone84",
				"parent": "bone83",
				"pivot": [0.25, 5.9831, 9.04554],
				"rotation": [0, 0, -15],
				"cubes": [
					{"origin": [-2.18204, 10.36143, 10.65863], "size": [1, 2, 1], "uv": [8, 80], "mirror": true}
				]
			},
			{
				"name": "bone85",
				"parent": "bone71",
				"pivot": [-1.25, 2.56778, 11.63348],
				"rotation": [15, 0, 0],
				"cubes": [
					{"origin": [-2.75, 8.91043, 10.65172], "size": [2, 1, 1], "uv": [30, 74], "mirror": true}
				]
			},
			{
				"name": "bone86",
				"parent": "bone85",
				"pivot": [0.25, 4.5808, 9.85763],
				"rotation": [0, 0, -25],
				"cubes": [
					{"origin": [-0.62533, 9.94362, 10.63989], "size": [1, 1, 1], "uv": [48, 99], "mirror": true}
				]
			},
			{
				"name": "bone87",
				"parent": "bone71",
				"pivot": [-1.25, 0.63592, 12.15112],
				"rotation": [5, 0, 0],
				"cubes": [
					{"origin": [-1.75, 7.855, 9.72039], "size": [1, 1, 1], "uv": [64, 99], "mirror": true}
				]
			},
			{
				"name": "bone88",
				"parent": "bone87",
				"pivot": [-1.75, 3.37403, 9.78462],
				"rotation": [0, 0, -35],
				"cubes": [
					{"origin": [0.61532, 7.59966, 9.68082], "size": [1, 1, 1], "uv": [46, 99]}
				]
			},
			{
				"name": "bone89",
				"parent": "bone87",
				"pivot": [-2.09202, 2.43791, 9.86652],
				"rotation": [0, 0, -45],
				"cubes": [
					{"origin": [1.87492, 5.6087, 9.68082], "size": [1, 1, 1], "uv": [40, 99], "mirror": true}
				]
			},
			{
				"name": "bone90",
				"parent": "bone50",
				"pivot": [-1, 11.5, -1],
				"rotation": [-5, -5, 10]
			},
			{
				"name": "bone91",
				"parent": "bone90",
				"pivot": [-4, 10.5, 4],
				"rotation": [10, 0, 0],
				"cubes": [
					{"origin": [-5.23096, 16.96566, 3.39476], "size": [2, 1, 1], "uv": [48, 74]}
				]
			},
			{
				"name": "bone92",
				"parent": "bone91",
				"pivot": [-1.25, 11.24528, 3.19644],
				"rotation": [0, 0, 20],
				"cubes": [
					{"origin": [-7.21323, 15.09274, 3.41297], "size": [1, 1, 1], "uv": [52, 99], "mirror": true},
					{"origin": [-5.47718, 16.09209, 3.41106], "size": [1, 1, 1], "uv": [36, 99]}
				]
			},
			{
				"name": "bone93",
				"parent": "bone90",
				"pivot": [-4, 8.50761, 4.17431],
				"rotation": [20, 0, 0],
				"cubes": [
					{"origin": [-5.23096, 15.91199, 5.21865], "size": [2, 1, 1], "uv": [42, 74], "mirror": true}
				]
			},
			{
				"name": "bone94",
				"parent": "bone93",
				"pivot": [-1.25, 10.40738, 3.95078],
				"rotation": [0, 0, 15],
				"cubes": [
					{"origin": [-7.05762, 14.51535, 5.22523], "size": [1, 1, 1], "uv": [56, 99], "mirror": true},
					{"origin": [-5.24496, 15.2727, 5.22393], "size": [1, 1, 1], "uv": [32, 99]}
				]
			},
			{
				"name": "bone95",
				"parent": "bone90",
				"pivot": [-4, 9.19165, 6.0537],
				"rotation": [30, 0, 0],
				"cubes": [
					{"origin": [-5.23096, 14.64949, 6.39831], "size": [2, 2, 1], "uv": [30, 68]}
				]
			},
			{
				"name": "bone96",
				"parent": "bone95",
				"pivot": [-1.25, 10.04309, 4.11461],
				"rotation": [0, 0, 10],
				"cubes": [
					{"origin": [-6.8687, 13.72602, 6.39897], "size": [1, 2, 1], "uv": [4, 80], "mirror": true},
					{"origin": [-5.00076, 14.23552, 6.39831], "size": [1, 2, 1], "uv": [0, 80], "mirror": true}
				]
			},
			{
				"name": "bone97",
				"parent": "bone90",
				"pivot": [-4, 8.32563, 6.5537],
				"rotation": [40, 0, 0],
				"cubes": [
					{"origin": [-5.23096, 13.62552, 8.01447], "size": [2, 1, 1], "uv": [36, 74], "mirror": true}
				]
			},
			{
				"name": "bone98",
				"parent": "bone97",
				"pivot": [-1.25, 9.08767, 4.79952],
				"rotation": [0, 0, 5],
				"cubes": [
					{"origin": [-6.60751, 13.17413, 8.01447], "size": [1, 1, 1], "uv": [60, 99], "mirror": true}
				]
			},
			{
				"name": "bone99",
				"parent": "bone90",
				"pivot": [-2.75, 7.41279, 5.98511],
				"rotation": [55, 0, 0],
				"cubes": [
					{"origin": [-6.23096, 11.21184, 9.8417], "size": [3, 1, 1], "uv": [32, 65], "mirror": true}
				]
			},
			{
				"name": "bone100",
				"parent": "bone90",
				"pivot": [-2.75, 6.83922, 6.80426],
				"rotation": [45, 0, 0],
				"cubes": [
					{"origin": [-6.23096, 11.40869, 9.75372], "size": [3, 1, 1], "uv": [24, 65], "mirror": true}
				]
			},
			{
				"name": "bone101",
				"parent": "bone90",
				"pivot": [-2.75, 5.425, 8.21848],
				"rotation": [35, 0, 0],
				"cubes": [
					{"origin": [-6.23096, 10.58049, 9.96716], "size": [3, 2, 1], "uv": [64, 57]}
				]
			},
			{
				"name": "bone102",
				"parent": "bone90",
				"pivot": [-2.75, 3.7867, 9.36563],
				"rotation": [25, 0, 0],
				"cubes": [
					{"origin": [-5.23096, 9.31078, 9.83001], "size": [2, 2, 1], "uv": [24, 68], "mirror": true}
				]
			},
			{
				"name": "bone103",
				"parent": "bone102",
				"pivot": [-1.25, 4.4831, 8.04554],
				"rotation": [0, 0, -15],
				"cubes": [
					{"origin": [-4.29411, 10.3673, 9.83001], "size": [1, 2, 1], "uv": [8, 80], "mirror": true}
				]
			},
			{
				"name": "bone104",
				"parent": "bone90",
				"pivot": [-2.75, 1.06778, 10.63348],
				"rotation": [15, 0, 0],
				"cubes": [
					{"origin": [-5.23096, 8.71665, 9.59543], "size": [2, 1, 1], "uv": [30, 74], "mirror": true}
				]
			},
			{
				"name": "bone105",
				"parent": "bone104",
				"pivot": [-1.25, 3.0808, 8.85763],
				"rotation": [0, 0, -25],
				"cubes": [
					{"origin": [-2.46235, 10.04203, 9.58359], "size": [1, 1, 1], "uv": [48, 99], "mirror": true}
				]
			},
			{
				"name": "bone106",
				"parent": "bone90",
				"pivot": [-2.75, -0.86408, 11.15112],
				"rotation": [5, 0, 0],
				"cubes": [
					{"origin": [-4.23096, 7.6316, 8.43814], "size": [1, 1, 1], "uv": [64, 99], "mirror": true}
				]
			},
			{
				"name": "bone107",
				"parent": "bone106",
				"pivot": [-3.25, 1.87403, 8.78462],
				"rotation": [0, 0, -35],
				"cubes": [
					{"origin": [-0.95601, 7.70805, 8.39856], "size": [1, 1, 1], "uv": [46, 99]}
				]
			},
			{
				"name": "bone108",
				"parent": "bone106",
				"pivot": [-3.59202, 0.93791, 8.86652],
				"rotation": [0, 0, -45],
				"cubes": [
					{"origin": [0.58396, 5.70504, 8.39856], "size": [1, 1, 1], "uv": [40, 99], "mirror": true}
				]
			},
			{
				"name": "blink",
				"parent": "head",
				"pivot": [0, 12, 0],
				"cubes": [
					{"origin": [-4, 17, -4.001], "size": [8, 8, 0], "uv": [12, 16]}
				]
			},
			{
				"name": "ahoge",
				"parent": "head",
				"pivot": [0, 20, 0],
				"rotation": [0, -45, 0],
				"cubes": [
					{"origin": [-2, 25, 0], "size": [4, 4, 0], "uv": [26, 42]}
				]
			},
			{
				"name": "armRight",
				"pivot": [-3, 17.25, 0],
				"rotation": [0, 0, 25],
				"cubes": [
					{"origin": [-3.57738, 7.59369, -1], "size": [2, 8, 2], "uv": [16, 28], "mirror": true}
				]
			},
			{
				"name": "bone141",
				"parent": "armRight",
				"pivot": [-7, -4.9, 0],
				"cubes": [
					{"origin": [-3.52738, 12.09369, -1], "size": [2, 1, 2], "uv": [8, 57], "inflate": 0.1, "mirror": true},
					{"origin": [-4.16042, 11.41396, -1.5], "size": [3, 1, 3], "uv": [68, 0], "inflate": -0.4, "mirror": true},
					{"origin": [-3.42738, 10.64369, -1], "size": [2, 1, 2], "uv": [0, 57], "inflate": 0.2, "mirror": true},
					{"origin": [-3.32738, 8.99369, -1], "size": [2, 1, 2], "uv": [60, 51], "inflate": 0.3, "mirror": true}
				]
			},
			{
				"name": "bone221",
				"parent": "bone141",
				"pivot": [-7, -4.9, 0]
			},
			{
				"name": "bone222",
				"parent": "bone221",
				"pivot": [-2.6945, 7.87803, 1],
				"rotation": [90, 165, 0]
			},
			{
				"name": "bone223",
				"parent": "bone222",
				"pivot": [-2.6945, 7.87803, 1],
				"cubes": [
					{"origin": [-2.54617, 7.76865, 4.87313], "size": [1, 1, 1], "uv": [20, 80], "inflate": -0.4}
				]
			},
			{
				"name": "bone224",
				"parent": "bone222",
				"pivot": [-2.6945, 7.87803, 1],
				"rotation": [0, -22.5, 0],
				"cubes": [
					{"origin": [-1.07611, 7.76865, 4.3228], "size": [1, 1, 1], "uv": [20, 80], "inflate": -0.4}
				]
			},
			{
				"name": "bone225",
				"parent": "bone222",
				"pivot": [-2.6945, 7.87803, 1],
				"rotation": [0, -45, 0],
				"cubes": [
					{"origin": [0.07143, 7.76865, 3.25179], "size": [1, 1, 1], "uv": [20, 80], "inflate": -0.4}
				]
			},
			{
				"name": "bone226",
				"parent": "bone222",
				"pivot": [-2.6945, 7.87803, 1],
				"rotation": [0, -67.5, 0],
				"cubes": [
					{"origin": [0.72178, 7.76865, 1.82316], "size": [1, 1, 1], "uv": [20, 80], "inflate": -0.4}
				]
			},
			{
				"name": "bone227",
				"parent": "bone222",
				"pivot": [-2.6945, 7.87803, 1],
				"rotation": [0, -90, 0],
				"cubes": [
					{"origin": [0.7759, 7.76865, 0.25441], "size": [1, 1, 1], "uv": [20, 80], "inflate": -0.4}
				]
			},
			{
				"name": "bone228",
				"parent": "bone222",
				"pivot": [-2.6945, 7.87803, 1],
				"rotation": [0, -112.5, 0],
				"cubes": [
					{"origin": [0.22557, 7.76865, -1.21565], "size": [1, 1, 1], "uv": [20, 80], "inflate": -0.4}
				]
			},
			{
				"name": "bone229",
				"parent": "bone222",
				"pivot": [-2.6945, 7.87803, 1],
				"rotation": [0, -135, 0],
				"cubes": [
					{"origin": [-0.84544, 7.76865, -2.3632], "size": [1, 1, 1], "uv": [20, 80], "inflate": -0.4}
				]
			},
			{
				"name": "bone230",
				"parent": "bone222",
				"pivot": [-2.6945, 7.87803, 1],
				"rotation": [0, -157.5, 0],
				"cubes": [
					{"origin": [-2.27407, 7.76865, -3.01354], "size": [1, 1, 1], "uv": [20, 80], "inflate": -0.4}
				]
			},
			{
				"name": "bone231",
				"parent": "bone222",
				"pivot": [-2.6945, 7.87803, 1],
				"rotation": [0, -180, 0],
				"cubes": [
					{"origin": [-3.84282, 7.76865, -3.06766], "size": [1, 1, 1], "uv": [20, 80], "inflate": -0.4}
				]
			},
			{
				"name": "bone232",
				"parent": "bone222",
				"pivot": [-2.6945, 7.87803, 1],
				"rotation": [0, -202.5, 0],
				"cubes": [
					{"origin": [-5.31288, 7.76865, -2.51733], "size": [1, 1, 1], "uv": [20, 80], "inflate": -0.4}
				]
			},
			{
				"name": "bone233",
				"parent": "bone222",
				"pivot": [-2.6945, 7.87803, 1],
				"rotation": [0, -225, 0],
				"cubes": [
					{"origin": [-6.46043, 7.76865, -1.44632], "size": [1, 1, 1], "uv": [20, 80], "inflate": -0.4}
				]
			},
			{
				"name": "bone234",
				"parent": "bone222",
				"pivot": [-2.6945, 7.87803, 1],
				"rotation": [0, -247.5, 0],
				"cubes": [
					{"origin": [-7.11077, 7.76865, -0.01769], "size": [1, 1, 1], "uv": [20, 80], "inflate": -0.4}
				]
			},
			{
				"name": "bone235",
				"parent": "bone222",
				"pivot": [-2.6945, 7.87803, 1],
				"rotation": [0, -270, 0],
				"cubes": [
					{"origin": [-7.16489, 7.76865, 1.55106], "size": [1, 1, 1], "uv": [20, 80], "inflate": -0.4}
				]
			},
			{
				"name": "bone236",
				"parent": "bone222",
				"pivot": [-2.6945, 7.87803, 1],
				"rotation": [0, -292.5, 0],
				"cubes": [
					{"origin": [-6.61456, 7.76865, 3.02112], "size": [1, 1, 1], "uv": [20, 80], "inflate": -0.4}
				]
			},
			{
				"name": "bone237",
				"parent": "bone222",
				"pivot": [-2.6945, 7.87803, 1],
				"rotation": [0, -315, 0],
				"cubes": [
					{"origin": [-5.54356, 7.76865, 4.16867], "size": [1, 1, 1], "uv": [20, 80], "inflate": -0.4}
				]
			},
			{
				"name": "bone238",
				"parent": "bone222",
				"pivot": [-2.6945, 7.87803, 1],
				"rotation": [0, -337.5, 0],
				"cubes": [
					{"origin": [-4.11493, 7.76865, 4.81901], "size": [1, 1, 1], "uv": [20, 80], "inflate": -0.4}
				]
			},
			{
				"name": "bone239",
				"parent": "bone221",
				"pivot": [-4.1945, 8.12803, 0.25],
				"rotation": [90, 65, 0]
			},
			{
				"name": "bone240",
				"parent": "bone239",
				"pivot": [-4.1945, 8.12803, 0.25],
				"cubes": [
					{"origin": [-3.45935, 7.74501, 4.12313], "size": [1, 1, 1], "uv": [20, 80], "inflate": -0.4}
				]
			},
			{
				"name": "bone241",
				"parent": "bone239",
				"pivot": [-4.1945, 8.12803, 0.25],
				"rotation": [0, -22.5, 0],
				"cubes": [
					{"origin": [-2.03396, 7.74501, 3.34823], "size": [1, 1, 1], "uv": [20, 80], "inflate": -0.4}
				]
			},
			{
				"name": "bone242",
				"parent": "bone239",
				"pivot": [-4.1945, 8.12803, 0.25],
				"rotation": [0, -45, 0],
				"cubes": [
					{"origin": [-1.01362, 7.74501, 2.08684], "size": [1, 1, 1], "uv": [20, 80], "inflate": -0.4}
				]
			},
			{
				"name": "bone243",
				"parent": "bone239",
				"pivot": [-4.1945, 8.12803, 0.25],
				"rotation": [0, -67.5, 0],
				"cubes": [
					{"origin": [-0.55366, 7.74501, 0.53101], "size": [1, 1, 1], "uv": [20, 80], "inflate": -0.4}
				]
			},
			{
				"name": "bone244",
				"parent": "bone239",
				"pivot": [-4.1945, 8.12803, 0.25],
				"rotation": [0, -90, 0],
				"cubes": [
					{"origin": [-0.7241, 7.74501, -1.08242], "size": [1, 1, 1], "uv": [20, 80], "inflate": -0.4}
				]
			},
			{
				"name": "bone245",
				"parent": "bone239",
				"pivot": [-4.1945, 8.12803, 0.25],
				"rotation": [0, -112.5, 0],
				"cubes": [
					{"origin": [-1.499, 7.74501, -2.5078], "size": [1, 1, 1], "uv": [20, 80], "inflate": -0.4}
				]
			},
			{
				"name": "bone246",
				"parent": "bone239",
				"pivot": [-4.1945, 8.12803, 0.25],
				"rotation": [0, -135, 0],
				"cubes": [
					{"origin": [-2.76039, 7.74501, -3.52815], "size": [1, 1, 1], "uv": [20, 80], "inflate": -0.4}
				]
			},
			{
				"name": "bone247",
				"parent": "bone239",
				"pivot": [-4.1945, 8.12803, 0.25],
				"rotation": [0, -157.5, 0],
				"cubes": [
					{"origin": [-4.31622, 7.74501, -3.98811], "size": [1, 1, 1], "uv": [20, 80], "inflate": -0.4}
				]
			},
			{
				"name": "bone248",
				"parent": "bone239",
				"pivot": [-4.1945, 8.12803, 0.25],
				"rotation": [0, -180, 0],
				"cubes": [
					{"origin": [-5.92965, 7.74501, -3.81766], "size": [1, 1, 1], "uv": [20, 80], "inflate": -0.4}
				]
			},
			{
				"name": "bone249",
				"parent": "bone239",
				"pivot": [-4.1945, 8.12803, 0.25],
				"rotation": [0, -202.5, 0],
				"cubes": [
					{"origin": [-7.35503, 7.74501, -3.04276], "size": [1, 1, 1], "uv": [20, 80], "inflate": -0.4}
				]
			},
			{
				"name": "bone250",
				"parent": "bone239",
				"pivot": [-4.1945, 8.12803, 0.25],
				"rotation": [0, -225, 0],
				"cubes": [
					{"origin": [-8.37538, 7.74501, -1.78138], "size": [1, 1, 1], "uv": [20, 80], "inflate": -0.4}
				]
			},
			{
				"name": "bone251",
				"parent": "bone239",
				"pivot": [-4.1945, 8.12803, 0.25],
				"rotation": [0, -247.5, 0],
				"cubes": [
					{"origin": [-8.83534, 7.74501, -0.22554], "size": [1, 1, 1], "uv": [20, 80], "inflate": -0.4}
				]
			},
			{
				"name": "bone252",
				"parent": "bone239",
				"pivot": [-4.1945, 8.12803, 0.25],
				"rotation": [0, -270, 0],
				"cubes": [
					{"origin": [-8.66489, 7.74501, 1.38789], "size": [1, 1, 1], "uv": [20, 80], "inflate": -0.4}
				]
			},
			{
				"name": "bone253",
				"parent": "bone239",
				"pivot": [-4.1945, 8.12803, 0.25],
				"rotation": [0, -292.5, 0],
				"cubes": [
					{"origin": [-7.88999, 7.74501, 2.81327], "size": [1, 1, 1], "uv": [20, 80], "inflate": -0.4}
				]
			},
			{
				"name": "bone254",
				"parent": "bone239",
				"pivot": [-4.1945, 8.12803, 0.25],
				"rotation": [0, -315, 0],
				"cubes": [
					{"origin": [-6.62861, 7.74501, 3.83361], "size": [1, 1, 1], "uv": [20, 80], "inflate": -0.4}
				]
			},
			{
				"name": "bone255",
				"parent": "bone239",
				"pivot": [-4.1945, 8.12803, 0.25],
				"rotation": [0, -337.5, 0],
				"cubes": [
					{"origin": [-5.07277, 7.74501, 4.29358], "size": [1, 1, 1], "uv": [20, 80], "inflate": -0.4}
				]
			},
			{
				"name": "bone256",
				"parent": "bone221",
				"pivot": [-2.90631, 8.17262, -1.5],
				"rotation": [90, -25, 0]
			},
			{
				"name": "bone257",
				"parent": "bone256",
				"pivot": [-2.90631, 8.17262, -1.5],
				"cubes": [
					{"origin": [-1.96674, 8.10122, 2.37313], "size": [1, 1, 1], "uv": [20, 80], "inflate": -0.4}
				]
			},
			{
				"name": "bone258",
				"parent": "bone256",
				"pivot": [-2.90631, 8.17262, -1.5],
				"rotation": [0, -22.5, 0],
				"cubes": [
					{"origin": [-0.55692, 8.10122, 1.52], "size": [1, 1, 1], "uv": [20, 80], "inflate": -0.4}
				]
			},
			{
				"name": "bone259",
				"parent": "bone256",
				"pivot": [-2.90631, 8.17262, -1.5],
				"rotation": [0, -45, 0],
				"cubes": [
					{"origin": [0.41912, 8.10122, 0.1923], "size": [1, 1, 1], "uv": [20, 80], "inflate": -0.4}
				]
			},
			{
				"name": "bone260",
				"parent": "bone256",
				"pivot": [-2.90631, 8.17262, -1.5],
				"rotation": [0, -67.5, 0],
				"cubes": [
					{"origin": [0.81276, 8.10122, -1.40785], "size": [1, 1, 1], "uv": [20, 80], "inflate": -0.4}
				]
			},
			{
				"name": "bone261",
				"parent": "bone256",
				"pivot": [-2.90631, 8.17262, -1.5],
				"rotation": [0, -90, 0],
				"cubes": [
					{"origin": [0.56409, 8.10122, -3.03683], "size": [1, 1, 1], "uv": [20, 80], "inflate": -0.4}
				]
			},
			{
				"name": "bone262",
				"parent": "bone256",
				"pivot": [-2.90631, 8.17262, -1.5],
				"rotation": [0, -112.5, 0],
				"cubes": [
					{"origin": [-0.28904, 8.10122, -4.44666], "size": [1, 1, 1], "uv": [20, 80], "inflate": -0.4}
				]
			},
			{
				"name": "bone263",
				"parent": "bone256",
				"pivot": [-2.90631, 8.17262, -1.5],
				"rotation": [0, -135, 0],
				"cubes": [
					{"origin": [-1.61674, 8.10122, -5.42269], "size": [1, 1, 1], "uv": [20, 80], "inflate": -0.4}
				]
			},
			{
				"name": "bone264",
				"parent": "bone256",
				"pivot": [-2.90631, 8.17262, -1.5],
				"rotation": [0, -157.5, 0],
				"cubes": [
					{"origin": [-3.21689, 8.10122, -5.81633], "size": [1, 1, 1], "uv": [20, 80], "inflate": -0.4}
				]
			},
			{
				"name": "bone265",
				"parent": "bone256",
				"pivot": [-2.90631, 8.17262, -1.5],
				"rotation": [0, -180, 0],
				"cubes": [
					{"origin": [-4.84588, 8.10122, -5.56766], "size": [1, 1, 1], "uv": [20, 80], "inflate": -0.4}
				]
			},
			{
				"name": "bone266",
				"parent": "bone256",
				"pivot": [-2.90631, 8.17262, -1.5],
				"rotation": [0, -202.5, 0],
				"cubes": [
					{"origin": [-6.2557, 8.10122, -4.71454], "size": [1, 1, 1], "uv": [20, 80], "inflate": -0.4}
				]
			},
			{
				"name": "bone267",
				"parent": "bone256",
				"pivot": [-2.90631, 8.17262, -1.5],
				"rotation": [0, -225, 0],
				"cubes": [
					{"origin": [-7.23173, 8.10122, -3.38683], "size": [1, 1, 1], "uv": [20, 80], "inflate": -0.4}
				]
			},
			{
				"name": "bone268",
				"parent": "bone256",
				"pivot": [-2.90631, 8.17262, -1.5],
				"rotation": [0, -247.5, 0],
				"cubes": [
					{"origin": [-7.62538, 8.10122, -1.78668], "size": [1, 1, 1], "uv": [20, 80], "inflate": -0.4}
				]
			},
			{
				"name": "bone269",
				"parent": "bone256",
				"pivot": [-2.90631, 8.17262, -1.5],
				"rotation": [0, -270, 0],
				"cubes": [
					{"origin": [-7.37671, 8.10122, -0.1577], "size": [1, 1, 1], "uv": [20, 80], "inflate": -0.4}
				]
			},
			{
				"name": "bone270",
				"parent": "bone256",
				"pivot": [-2.90631, 8.17262, -1.5],
				"rotation": [0, -292.5, 0],
				"cubes": [
					{"origin": [-6.52358, 8.10122, 1.25213], "size": [1, 1, 1], "uv": [20, 80], "inflate": -0.4}
				]
			},
			{
				"name": "bone271",
				"parent": "bone256",
				"pivot": [-2.90631, 8.17262, -1.5],
				"rotation": [0, -315, 0],
				"cubes": [
					{"origin": [-5.19587, 8.10122, 2.22816], "size": [1, 1, 1], "uv": [20, 80], "inflate": -0.4}
				]
			},
			{
				"name": "bone272",
				"parent": "bone256",
				"pivot": [-2.90631, 8.17262, -1.5],
				"rotation": [0, -337.5, 0],
				"cubes": [
					{"origin": [-3.59573, 8.10122, 2.6218], "size": [1, 1, 1], "uv": [20, 80], "inflate": -0.4}
				]
			},
			{
				"name": "bone273",
				"parent": "bone221",
				"pivot": [-4, 7.75, -1],
				"rotation": [90, 0, 0]
			},
			{
				"name": "bone274",
				"parent": "bone273",
				"pivot": [-4, 7.75, -1],
				"cubes": [
					{"origin": [-3.02084, 7.5, 2.87313], "size": [1, 1, 1], "uv": [20, 80], "inflate": -0.4}
				]
			},
			{
				"name": "bone275",
				"parent": "bone273",
				"pivot": [-4, 7.75, -1],
				"rotation": [0, -22.5, 0],
				"cubes": [
					{"origin": [-1.61403, 7.5, 2.00485], "size": [1, 1, 1], "uv": [20, 80], "inflate": -0.4}
				]
			},
			{
				"name": "bone276",
				"parent": "bone273",
				"pivot": [-4, 7.75, -1],
				"rotation": [0, -45, 0],
				"cubes": [
					{"origin": [-0.64658, 7.5, 0.6643], "size": [1, 1, 1], "uv": [20, 80], "inflate": -0.4}
				]
			},
			{
				"name": "bone277",
				"parent": "bone273",
				"pivot": [-4, 7.75, -1],
				"rotation": [0, -67.5, 0],
				"cubes": [
					{"origin": [-0.26578, 7.5, -0.94443], "size": [1, 1, 1], "uv": [20, 80], "inflate": -0.4}
				]
			},
			{
				"name": "bone278",
				"parent": "bone273",
				"pivot": [-4, 7.75, -1],
				"rotation": [0, -90, 0],
				"cubes": [
					{"origin": [-0.5296, 7.5, -2.57643], "size": [1, 1, 1], "uv": [20, 80], "inflate": -0.4}
				]
			},
			{
				"name": "bone279",
				"parent": "bone273",
				"pivot": [-4, 7.75, -1],
				"rotation": [0, -112.5, 0],
				"cubes": [
					{"origin": [-1.39788, 7.5, -3.98324], "size": [1, 1, 1], "uv": [20, 80], "inflate": -0.4}
				]
			},
			{
				"name": "bone280",
				"parent": "bone273",
				"pivot": [-4, 7.75, -1],
				"rotation": [0, -135, 0],
				"cubes": [
					{"origin": [-2.73843, 7.5, -4.95069], "size": [1, 1, 1], "uv": [20, 80], "inflate": -0.4}
				]
			},
			{
				"name": "bone281",
				"parent": "bone273",
				"pivot": [-4, 7.75, -1],
				"rotation": [0, -157.5, 0],
				"cubes": [
					{"origin": [-4.34716, 7.5, -5.33149], "size": [1, 1, 1], "uv": [20, 80], "inflate": -0.4}
				]
			},
			{
				"name": "bone282",
				"parent": "bone273",
				"pivot": [-4, 7.75, -1],
				"rotation": [0, -180, 0],
				"cubes": [
					{"origin": [-5.97916, 7.5, -5.06766], "size": [1, 1, 1], "uv": [20, 80], "inflate": -0.4}
				]
			},
			{
				"name": "bone283",
				"parent": "bone273",
				"pivot": [-4, 7.75, -1],
				"rotation": [0, -202.5, 0],
				"cubes": [
					{"origin": [-7.38597, 7.5, -4.19938], "size": [1, 1, 1], "uv": [20, 80], "inflate": -0.4}
				]
			},
			{
				"name": "bone284",
				"parent": "bone273",
				"pivot": [-4, 7.75, -1],
				"rotation": [0, -225, 0],
				"cubes": [
					{"origin": [-8.35342, 7.5, -2.85883], "size": [1, 1, 1], "uv": [20, 80], "inflate": -0.4}
				]
			},
			{
				"name": "bone285",
				"parent": "bone273",
				"pivot": [-4, 7.75, -1],
				"rotation": [0, -247.5, 0],
				"cubes": [
					{"origin": [-8.73422, 7.5, -1.2501], "size": [1, 1, 1], "uv": [20, 80], "inflate": -0.4}
				]
			},
			{
				"name": "bone286",
				"parent": "bone273",
				"pivot": [-4, 7.75, -1],
				"rotation": [0, -270, 0],
				"cubes": [
					{"origin": [-8.4704, 7.5, 0.3819], "size": [1, 1, 1], "uv": [20, 80], "inflate": -0.4}
				]
			},
			{
				"name": "bone287",
				"parent": "bone273",
				"pivot": [-4, 7.75, -1],
				"rotation": [0, -292.5, 0],
				"cubes": [
					{"origin": [-7.60212, 7.5, 1.78871], "size": [1, 1, 1], "uv": [20, 80], "inflate": -0.4}
				]
			},
			{
				"name": "bone288",
				"parent": "bone273",
				"pivot": [-4, 7.75, -1],
				"rotation": [0, -315, 0],
				"cubes": [
					{"origin": [-6.26157, 7.5, 2.75616], "size": [1, 1, 1], "uv": [20, 80], "inflate": -0.4}
				]
			},
			{
				"name": "bone289",
				"parent": "bone273",
				"pivot": [-4, 7.75, -1],
				"rotation": [0, -337.5, 0],
				"cubes": [
					{"origin": [-4.65284, 7.5, 3.13695], "size": [1, 1, 1], "uv": [20, 80], "inflate": -0.4}
				]
			},
			{
				"name": "armLeft",
				"pivot": [3, 17.25, 0],
				"rotation": [0, 0, -25],
				"cubes": [
					{"origin": [1.57738, 7.59369, -1], "size": [2, 8, 2], "uv": [16, 28]},
					{"origin": [1.08958, 11.41396, -1.5], "size": [3, 1, 3], "uv": [68, 0], "inflate": -0.4, "mirror": true}
				]
			},
			{
				"name": "bone140",
				"parent": "armLeft",
				"pivot": [-1, -4.9, 0],
				"cubes": [
					{"origin": [1.52738, 12.09369, -1], "size": [2, 1, 2], "uv": [8, 57], "inflate": 0.1},
					{"origin": [1.42738, 10.64369, -1], "size": [2, 1, 2], "uv": [0, 57], "inflate": 0.2},
					{"origin": [1.32738, 8.99369, -1], "size": [2, 1, 2], "uv": [60, 51], "inflate": 0.3}
				]
			},
			{
				"name": "bone220",
				"parent": "bone140",
				"pivot": [-1, -4.9, 0]
			},
			{
				"name": "bone203",
				"parent": "bone220",
				"pivot": [4.8055, 7.87803, 0.5],
				"rotation": [90, -165, 0]
			},
			{
				"name": "bone204",
				"parent": "bone203",
				"pivot": [4.8055, 7.87803, 0.5],
				"cubes": [
					{"origin": [5.77027, 7.76865, 4.37313], "size": [1, 1, 1], "uv": [24, 80], "inflate": -0.4}
				]
			},
			{
				"name": "bone205",
				"parent": "bone203",
				"pivot": [4.8055, 7.87803, 0.5],
				"rotation": [0, -22.5, 0],
				"cubes": [
					{"origin": [7.17817, 7.76865, 3.51036], "size": [1, 1, 1], "uv": [24, 80], "inflate": -0.4}
				]
			},
			{
				"name": "bone206",
				"parent": "bone203",
				"pivot": [4.8055, 7.87803, 0.5],
				"rotation": [0, -45, 0],
				"cubes": [
					{"origin": [8.14874, 7.76865, 2.17448], "size": [1, 1, 1], "uv": [24, 80], "inflate": -0.4}
				]
			},
			{
				"name": "bone207",
				"parent": "bone203",
				"pivot": [4.8055, 7.87803, 0.5],
				"rotation": [0, -67.5, 0],
				"cubes": [
					{"origin": [8.53421, 7.76865, 0.56887], "size": [1, 1, 1], "uv": [24, 80], "inflate": -0.4}
				]
			},
			{
				"name": "bone208",
				"parent": "bone203",
				"pivot": [4.8055, 7.87803, 0.5],
				"rotation": [0, -90, 0],
				"cubes": [
					{"origin": [8.2759, 7.76865, -1.06203], "size": [1, 1, 1], "uv": [24, 80], "inflate": -0.4}
				]
			},
			{
				"name": "bone209",
				"parent": "bone203",
				"pivot": [4.8055, 7.87803, 0.5],
				"rotation": [0, -112.5, 0],
				"cubes": [
					{"origin": [7.41313, 7.76865, -2.46994], "size": [1, 1, 1], "uv": [24, 80], "inflate": -0.4}
				]
			},
			{
				"name": "bone210",
				"parent": "bone203",
				"pivot": [4.8055, 7.87803, 0.5],
				"rotation": [0, -135, 0],
				"cubes": [
					{"origin": [6.07725, 7.76865, -3.44051], "size": [1, 1, 1], "uv": [24, 80], "inflate": -0.4}
				]
			},
			{
				"name": "bone211",
				"parent": "bone203",
				"pivot": [4.8055, 7.87803, 0.5],
				"rotation": [0, -157.5, 0],
				"cubes": [
					{"origin": [4.47164, 7.76865, -3.82598], "size": [1, 1, 1], "uv": [24, 80], "inflate": -0.4}
				]
			},
			{
				"name": "bone212",
				"parent": "bone203",
				"pivot": [4.8055, 7.87803, 0.5],
				"rotation": [0, -180, 0],
				"cubes": [
					{"origin": [2.84074, 7.76865, -3.56766], "size": [1, 1, 1], "uv": [24, 80], "inflate": -0.4}
				]
			},
			{
				"name": "bone213",
				"parent": "bone203",
				"pivot": [4.8055, 7.87803, 0.5],
				"rotation": [0, -202.5, 0],
				"cubes": [
					{"origin": [1.43283, 7.76865, -2.70489], "size": [1, 1, 1], "uv": [24, 80], "inflate": -0.4}
				]
			},
			{
				"name": "bone214",
				"parent": "bone203",
				"pivot": [4.8055, 7.87803, 0.5],
				"rotation": [0, -225, 0],
				"cubes": [
					{"origin": [0.46226, 7.76865, -1.36902], "size": [1, 1, 1], "uv": [24, 80], "inflate": -0.4}
				]
			},
			{
				"name": "bone215",
				"parent": "bone203",
				"pivot": [4.8055, 7.87803, 0.5],
				"rotation": [0, -247.5, 0],
				"cubes": [
					{"origin": [0.07679, 7.76865, 0.23659], "size": [1, 1, 1], "uv": [24, 80], "inflate": -0.4}
				]
			},
			{
				"name": "bone216",
				"parent": "bone203",
				"pivot": [4.8055, 7.87803, 0.5],
				"rotation": [0, -270, 0],
				"cubes": [
					{"origin": [0.33511, 7.76865, 1.8675], "size": [1, 1, 1], "uv": [24, 80], "inflate": -0.4}
				]
			},
			{
				"name": "bone217",
				"parent": "bone203",
				"pivot": [4.8055, 7.87803, 0.5],
				"rotation": [0, -292.5, 0],
				"cubes": [
					{"origin": [1.19787, 7.76865, 3.2754], "size": [1, 1, 1], "uv": [24, 80], "inflate": -0.4}
				]
			},
			{
				"name": "bone218",
				"parent": "bone203",
				"pivot": [4.8055, 7.87803, 0.5],
				"rotation": [0, -315, 0],
				"cubes": [
					{"origin": [2.53375, 7.76865, 4.24597], "size": [1, 1, 1], "uv": [24, 80], "inflate": -0.4}
				]
			},
			{
				"name": "bone219",
				"parent": "bone203",
				"pivot": [4.8055, 7.87803, 0.5],
				"rotation": [0, -337.5, 0],
				"cubes": [
					{"origin": [4.13936, 7.76865, 4.63144], "size": [1, 1, 1], "uv": [24, 80], "inflate": -0.4}
				]
			},
			{
				"name": "bone186",
				"parent": "bone220",
				"pivot": [3.3055, 8.12803, -1.75],
				"rotation": [90, -65, 0]
			},
			{
				"name": "bone187",
				"parent": "bone186",
				"pivot": [3.3055, 8.12803, -1.75],
				"cubes": [
					{"origin": [3.68344, 7.74501, 2.12313], "size": [1, 1, 1], "uv": [24, 80], "inflate": -0.4}
				]
			},
			{
				"name": "bone188",
				"parent": "bone186",
				"pivot": [3.3055, 8.12803, -1.75],
				"rotation": [0, -22.5, 0],
				"cubes": [
					{"origin": [5.13602, 7.74501, 1.48493], "size": [1, 1, 1], "uv": [24, 80], "inflate": -0.4}
				]
			},
			{
				"name": "bone189",
				"parent": "bone186",
				"pivot": [3.3055, 8.12803, -1.75],
				"rotation": [0, -45, 0],
				"cubes": [
					{"origin": [6.23379, 7.74501, 0.33943], "size": [1, 1, 1], "uv": [24, 80], "inflate": -0.4}
				]
			},
			{
				"name": "bone190",
				"parent": "bone186",
				"pivot": [3.3055, 8.12803, -1.75],
				"rotation": [0, -67.5, 0],
				"cubes": [
					{"origin": [6.80964, 7.74501, -1.13897], "size": [1, 1, 1], "uv": [24, 80], "inflate": -0.4}
				]
			},
			{
				"name": "bone191",
				"parent": "bone186",
				"pivot": [3.3055, 8.12803, -1.75],
				"rotation": [0, -90, 0],
				"cubes": [
					{"origin": [6.7759, 7.74501, -2.72521], "size": [1, 1, 1], "uv": [24, 80], "inflate": -0.4}
				]
			},
			{
				"name": "bone192",
				"parent": "bone186",
				"pivot": [3.3055, 8.12803, -1.75],
				"rotation": [0, -112.5, 0],
				"cubes": [
					{"origin": [6.1377, 7.74501, -4.17778], "size": [1, 1, 1], "uv": [24, 80], "inflate": -0.4}
				]
			},
			{
				"name": "bone193",
				"parent": "bone186",
				"pivot": [3.3055, 8.12803, -1.75],
				"rotation": [0, -135, 0],
				"cubes": [
					{"origin": [4.9922, 7.74501, -5.27556], "size": [1, 1, 1], "uv": [24, 80], "inflate": -0.4}
				]
			},
			{
				"name": "bone194",
				"parent": "bone186",
				"pivot": [3.3055, 8.12803, -1.75],
				"rotation": [0, -157.5, 0],
				"cubes": [
					{"origin": [3.5138, 7.74501, -5.85141], "size": [1, 1, 1], "uv": [24, 80], "inflate": -0.4}
				]
			},
			{
				"name": "bone195",
				"parent": "bone186",
				"pivot": [3.3055, 8.12803, -1.75],
				"rotation": [0, -180, 0],
				"cubes": [
					{"origin": [1.92756, 7.74501, -5.81766], "size": [1, 1, 1], "uv": [24, 80], "inflate": -0.4}
				]
			},
			{
				"name": "bone196",
				"parent": "bone186",
				"pivot": [3.3055, 8.12803, -1.75],
				"rotation": [0, -202.5, 0],
				"cubes": [
					{"origin": [0.47499, 7.74501, -5.17946], "size": [1, 1, 1], "uv": [24, 80], "inflate": -0.4}
				]
			},
			{
				"name": "bone197",
				"parent": "bone186",
				"pivot": [3.3055, 8.12803, -1.75],
				"rotation": [0, -225, 0],
				"cubes": [
					{"origin": [-0.62279, 7.74501, -4.03396], "size": [1, 1, 1], "uv": [24, 80], "inflate": -0.4}
				]
			},
			{
				"name": "bone198",
				"parent": "bone186",
				"pivot": [3.3055, 8.12803, -1.75],
				"rotation": [0, -247.5, 0],
				"cubes": [
					{"origin": [-1.19864, 7.74501, -2.55556], "size": [1, 1, 1], "uv": [24, 80], "inflate": -0.4}
				]
			},
			{
				"name": "bone199",
				"parent": "bone186",
				"pivot": [3.3055, 8.12803, -1.75],
				"rotation": [0, -270, 0],
				"cubes": [
					{"origin": [-1.16489, 7.74501, -0.96933], "size": [1, 1, 1], "uv": [24, 80], "inflate": -0.4}
				]
			},
			{
				"name": "bone200",
				"parent": "bone186",
				"pivot": [3.3055, 8.12803, -1.75],
				"rotation": [0, -292.5, 0],
				"cubes": [
					{"origin": [-0.52669, 7.74501, 0.48325], "size": [1, 1, 1], "uv": [24, 80], "inflate": -0.4}
				]
			},
			{
				"name": "bone201",
				"parent": "bone186",
				"pivot": [3.3055, 8.12803, -1.75],
				"rotation": [0, -315, 0],
				"cubes": [
					{"origin": [0.6188, 7.74501, 1.58103], "size": [1, 1, 1], "uv": [24, 80], "inflate": -0.4}
				]
			},
			{
				"name": "bone202",
				"parent": "bone186",
				"pivot": [3.3055, 8.12803, -1.75],
				"rotation": [0, -337.5, 0],
				"cubes": [
					{"origin": [2.09721, 7.74501, 2.15688], "size": [1, 1, 1], "uv": [24, 80], "inflate": -0.4}
				]
			},
			{
				"name": "bone169",
				"parent": "bone220",
				"pivot": [1.09369, 8.17262, -0.5],
				"rotation": [90, 25, 0]
			},
			{
				"name": "bone170",
				"parent": "bone169",
				"pivot": [1.09369, 8.17262, -0.5],
				"cubes": [
					{"origin": [1.26722, 8.10122, 3.37313], "size": [1, 1, 1], "uv": [24, 80], "inflate": -0.4}
				]
			},
			{
				"name": "bone171",
				"parent": "bone169",
				"pivot": [1.09369, 8.17262, -0.5],
				"rotation": [0, -22.5, 0],
				"cubes": [
					{"origin": [2.73535, 8.10122, 2.81316], "size": [1, 1, 1], "uv": [24, 80], "inflate": -0.4}
				]
			},
			{
				"name": "bone172",
				"parent": "bone169",
				"pivot": [1.09369, 8.17262, -0.5],
				"rotation": [0, -45, 0],
				"cubes": [
					{"origin": [3.87744, 8.10122, 1.73398], "size": [1, 1, 1], "uv": [24, 80], "inflate": -0.4}
				]
			},
			{
				"name": "bone173",
				"parent": "bone169",
				"pivot": [1.09369, 8.17262, -0.5],
				"rotation": [0, -67.5, 0],
				"cubes": [
					{"origin": [4.51961, 8.10122, 0.29988], "size": [1, 1, 1], "uv": [24, 80], "inflate": -0.4}
				]
			},
			{
				"name": "bone174",
				"parent": "bone169",
				"pivot": [1.09369, 8.17262, -0.5],
				"rotation": [0, -90, 0],
				"cubes": [
					{"origin": [4.56409, 8.10122, -1.27079], "size": [1, 1, 1], "uv": [24, 80], "inflate": -0.4}
				]
			},
			{
				"name": "bone175",
				"parent": "bone169",
				"pivot": [1.09369, 8.17262, -0.5],
				"rotation": [0, -112.5, 0],
				"cubes": [
					{"origin": [4.00411, 8.10122, -2.73893], "size": [1, 1, 1], "uv": [24, 80], "inflate": -0.4}
				]
			},
			{
				"name": "bone176",
				"parent": "bone169",
				"pivot": [1.09369, 8.17262, -0.5],
				"rotation": [0, -135, 0],
				"cubes": [
					{"origin": [2.92493, 8.10122, -3.88101], "size": [1, 1, 1], "uv": [24, 80], "inflate": -0.4}
				]
			},
			{
				"name": "bone177",
				"parent": "bone169",
				"pivot": [1.09369, 8.17262, -0.5],
				"rotation": [0, -157.5, 0],
				"cubes": [
					{"origin": [1.49084, 8.10122, -4.52318], "size": [1, 1, 1], "uv": [24, 80], "inflate": -0.4}
				]
			},
			{
				"name": "bone178",
				"parent": "bone169",
				"pivot": [1.09369, 8.17262, -0.5],
				"rotation": [0, -180, 0],
				"cubes": [
					{"origin": [-0.07983, 8.10122, -4.56766], "size": [1, 1, 1], "uv": [24, 80], "inflate": -0.4}
				]
			},
			{
				"name": "bone179",
				"parent": "bone169",
				"pivot": [1.09369, 8.17262, -0.5],
				"rotation": [0, -202.5, 0],
				"cubes": [
					{"origin": [-1.54797, 8.10122, -4.00769], "size": [1, 1, 1], "uv": [24, 80], "inflate": -0.4}
				]
			},
			{
				"name": "bone180",
				"parent": "bone169",
				"pivot": [1.09369, 8.17262, -0.5],
				"rotation": [0, -225, 0],
				"cubes": [
					{"origin": [-2.69006, 8.10122, -2.92851], "size": [1, 1, 1], "uv": [24, 80], "inflate": -0.4}
				]
			},
			{
				"name": "bone181",
				"parent": "bone169",
				"pivot": [1.09369, 8.17262, -0.5],
				"rotation": [0, -247.5, 0],
				"cubes": [
					{"origin": [-3.33222, 8.10122, -1.49442], "size": [1, 1, 1], "uv": [24, 80], "inflate": -0.4}
				]
			},
			{
				"name": "bone182",
				"parent": "bone169",
				"pivot": [1.09369, 8.17262, -0.5],
				"rotation": [0, -270, 0],
				"cubes": [
					{"origin": [-3.37671, 8.10122, 0.07626], "size": [1, 1, 1], "uv": [24, 80], "inflate": -0.4}
				]
			},
			{
				"name": "bone183",
				"parent": "bone169",
				"pivot": [1.09369, 8.17262, -0.5],
				"rotation": [0, -292.5, 0],
				"cubes": [
					{"origin": [-2.81673, 8.10122, 1.54439], "size": [1, 1, 1], "uv": [24, 80], "inflate": -0.4}
				]
			},
			{
				"name": "bone184",
				"parent": "bone169",
				"pivot": [1.09369, 8.17262, -0.5],
				"rotation": [0, -315, 0],
				"cubes": [
					{"origin": [-1.73755, 8.10122, 2.68648], "size": [1, 1, 1], "uv": [24, 80], "inflate": -0.4}
				]
			},
			{
				"name": "bone185",
				"parent": "bone169",
				"pivot": [1.09369, 8.17262, -0.5],
				"rotation": [0, -337.5, 0],
				"cubes": [
					{"origin": [-0.30346, 8.10122, 3.32865], "size": [1, 1, 1], "uv": [24, 80], "inflate": -0.4}
				]
			},
			{
				"name": "bone152",
				"parent": "bone220",
				"pivot": [2, 7.75, -1],
				"rotation": [90, 0, 0]
			},
			{
				"name": "bone153",
				"parent": "bone152",
				"pivot": [2, 7.75, -1],
				"cubes": [
					{"origin": [2.13393, 7.5, 2.87313], "size": [1, 1, 1], "uv": [24, 80], "inflate": -0.4}
				]
			},
			{
				"name": "bone154",
				"parent": "bone152",
				"pivot": [2, 7.75, -1],
				"rotation": [0, -22.5, 0],
				"cubes": [
					{"origin": [3.60508, 7.5, 2.32831], "size": [1, 1, 1], "uv": [24, 80], "inflate": -0.4}
				]
			},
			{
				"name": "bone155",
				"parent": "bone152",
				"pivot": [2, 7.75, -1],
				"rotation": [0, -45, 0],
				"cubes": [
					{"origin": [4.75575, 7.5, 1.26197], "size": [1, 1, 1], "uv": [24, 80], "inflate": -0.4}
				]
			},
			{
				"name": "bone156",
				"parent": "bone152",
				"pivot": [2, 7.75, -1],
				"rotation": [0, -67.5, 0],
				"cubes": [
					{"origin": [5.41076, 7.5, -0.16353], "size": [1, 1, 1], "uv": [24, 80], "inflate": -0.4}
				]
			},
			{
				"name": "bone157",
				"parent": "bone152",
				"pivot": [2, 7.75, -1],
				"rotation": [0, -90, 0],
				"cubes": [
					{"origin": [5.4704, 7.5, -1.73119], "size": [1, 1, 1], "uv": [24, 80], "inflate": -0.4}
				]
			},
			{
				"name": "bone158",
				"parent": "bone152",
				"pivot": [2, 7.75, -1],
				"rotation": [0, -112.5, 0],
				"cubes": [
					{"origin": [4.92558, 7.5, -3.20234], "size": [1, 1, 1], "uv": [24, 80], "inflate": -0.4}
				]
			},
			{
				"name": "bone159",
				"parent": "bone152",
				"pivot": [2, 7.75, -1],
				"rotation": [0, -135, 0],
				"cubes": [
					{"origin": [3.85924, 7.5, -4.35302], "size": [1, 1, 1], "uv": [24, 80], "inflate": -0.4}
				]
			},
			{
				"name": "bone160",
				"parent": "bone152",
				"pivot": [2, 7.75, -1],
				"rotation": [0, -157.5, 0],
				"cubes": [
					{"origin": [2.43373, 7.5, -5.00803], "size": [1, 1, 1], "uv": [24, 80], "inflate": -0.4}
				]
			},
			{
				"name": "bone161",
				"parent": "bone152",
				"pivot": [2, 7.75, -1],
				"rotation": [0, -180, 0],
				"cubes": [
					{"origin": [0.86607, 7.5, -5.06766], "size": [1, 1, 1], "uv": [24, 80], "inflate": -0.4}
				]
			},
			{
				"name": "bone162",
				"parent": "bone152",
				"pivot": [2, 7.75, -1],
				"rotation": [0, -202.5, 0],
				"cubes": [
					{"origin": [-0.60508, 7.5, -4.52284], "size": [1, 1, 1], "uv": [24, 80], "inflate": -0.4}
				]
			},
			{
				"name": "bone163",
				"parent": "bone152",
				"pivot": [2, 7.75, -1],
				"rotation": [0, -225, 0],
				"cubes": [
					{"origin": [-1.75575, 7.5, -3.45651], "size": [1, 1, 1], "uv": [24, 80], "inflate": -0.4}
				]
			},
			{
				"name": "bone164",
				"parent": "bone152",
				"pivot": [2, 7.75, -1],
				"rotation": [0, -247.5, 0],
				"cubes": [
					{"origin": [-2.41076, 7.5, -2.031], "size": [1, 1, 1], "uv": [24, 80], "inflate": -0.4}
				]
			},
			{
				"name": "bone165",
				"parent": "bone152",
				"pivot": [2, 7.75, -1],
				"rotation": [0, -270, 0],
				"cubes": [
					{"origin": [-2.4704, 7.5, -0.46334], "size": [1, 1, 1], "uv": [24, 80], "inflate": -0.4}
				]
			},
			{
				"name": "bone166",
				"parent": "bone152",
				"pivot": [2, 7.75, -1],
				"rotation": [0, -292.5, 0],
				"cubes": [
					{"origin": [-1.92558, 7.5, 1.00781], "size": [1, 1, 1], "uv": [24, 80], "inflate": -0.4}
				]
			},
			{
				"name": "bone167",
				"parent": "bone152",
				"pivot": [2, 7.75, -1],
				"rotation": [0, -315, 0],
				"cubes": [
					{"origin": [-0.85924, 7.5, 2.15848], "size": [1, 1, 1], "uv": [24, 80], "inflate": -0.4}
				]
			},
			{
				"name": "bone168",
				"parent": "bone152",
				"pivot": [2, 7.75, -1],
				"rotation": [0, -337.5, 0],
				"cubes": [
					{"origin": [0.56627, 7.5, 2.8135], "size": [1, 1, 1], "uv": [24, 80], "inflate": -0.4}
				]
			},
			{
				"name": "body",
				"pivot": [0, 12.5, 0],
				"cubes": [
					{"origin": [-3, 8.999, -3], "size": [6, 8, 6], "uv": [32, 0]}
				]
			},
			{
				"name": "bone136",
				"parent": "body",
				"pivot": [0, 11, 0],
				"cubes": [
					{"origin": [-1.48146, 13.86538, 2.231], "size": [3, 1, 1], "uv": [20, 60]},
					{"origin": [-3.48146, 14.86538, 2.231], "size": [7, 1, 1], "uv": [0, 32]}
				]
			},
			{
				"name": "1",
				"parent": "bone136",
				"pivot": [-0.25, 0.25, 0]
			},
			{
				"name": "bone128",
				"parent": "1",
				"pivot": [2.75, 15.499, -3],
				"rotation": [0, 0, -25],
				"cubes": [
					{"origin": [0.82738, 14.59269, -3.23205], "size": [3, 1, 1], "uv": [12, 60]},
					{"origin": [0.82738, 14.59269, 2.23205], "size": [3, 1, 1], "uv": [12, 62]}
				]
			},
			{
				"name": "bone129",
				"parent": "bone128",
				"pivot": [2.75, 15.499, -3],
				"cubes": [
					{"origin": [3.82738, 14.59269, -1.5], "size": [1, 1, 3], "uv": [18, 43]}
				]
			},
			{
				"name": "bone130",
				"parent": "bone128",
				"pivot": [4.75, 15.999, -2.5],
				"rotation": [0, 30, 0],
				"cubes": [
					{"origin": [3.31701, 14.59269, -3.59528], "size": [1, 1, 2], "uv": [40, 65]}
				]
			},
			{
				"name": "bone131",
				"parent": "bone128",
				"pivot": [4.75, 15.999, 2.5],
				"rotation": [0, -30, 0],
				"cubes": [
					{"origin": [3.31701, 14.59269, 1.59528], "size": [1, 1, 2], "uv": [46, 65]}
				]
			},
			{
				"name": "2",
				"parent": "bone136",
				"pivot": [0.25, 0.25, 0],
				"rotation": [0, 180, 0]
			},
			{
				"name": "bone132",
				"parent": "2",
				"pivot": [3.25, 15.499, -3],
				"rotation": [0, 0, -25],
				"cubes": [
					{"origin": [1.32738, 14.59269, -3.23205], "size": [3, 1, 1], "uv": [12, 62]},
					{"origin": [1.32738, 14.59269, 2.23205], "size": [3, 1, 1], "uv": [12, 60]}
				]
			},
			{
				"name": "bone133",
				"parent": "bone132",
				"pivot": [3.25, 15.499, -3],
				"cubes": [
					{"origin": [4.32738, 14.59269, -1.5], "size": [1, 1, 3], "uv": [18, 43]}
				]
			},
			{
				"name": "bone134",
				"parent": "bone132",
				"pivot": [5.25, 15.999, -2.5],
				"rotation": [0, 30, 0],
				"cubes": [
					{"origin": [3.81701, 14.59269, -3.59528], "size": [1, 1, 2], "uv": [46, 65]}
				]
			},
			{
				"name": "bone135",
				"parent": "bone132",
				"pivot": [5.25, 15.999, 2.5],
				"rotation": [0, -30, 0],
				"cubes": [
					{"origin": [3.81701, 14.59269, 1.59528], "size": [1, 1, 2], "uv": [40, 65]}
				]
			},
			{
				"name": "bone137",
				"parent": "bone136",
				"pivot": [0, 11, 0]
			},
			{
				"name": "bone138",
				"parent": "bone137",
				"pivot": [-0.75, 12.999, -2.63205],
				"rotation": [0, 0, -35],
				"cubes": [
					{"origin": [-3.83803, 11.99849, -3.1], "size": [7, 1, 1], "uv": [0, 30]}
				]
			},
			{
				"name": "bone139",
				"parent": "bone137",
				"pivot": [-0.75, 14.999, -2.53205],
				"rotation": [0, 0, 35],
				"cubes": [
					{"origin": [-2.28609, 13.22055, -3.099], "size": [7, 1, 1], "uv": [0, 28]}
				]
			},
			{
				"name": "bone142",
				"parent": "bone136",
				"pivot": [-0.5, 15.899, -3.26795]
			},
			{
				"name": "bone143",
				"parent": "bone142",
				"pivot": [-0.5, 14.899, -3.26795],
				"rotation": [-5, 0, 0],
				"cubes": [
					{"origin": [-2, 11.40281, -3.68079], "size": [1, 3, 1], "uv": [0, 108], "inflate": -0.4}
				]
			},
			{
				"name": "bone145",
				"parent": "bone142",
				"pivot": [-0.5, 14.799, -3.26795],
				"rotation": [0, 0, 5],
				"cubes": [
					{"origin": [-1.91464, 11.29804, -3.77628], "size": [1, 3, 1], "uv": [0, 108], "inflate": -0.4}
				]
			},
			{
				"name": "bone146",
				"parent": "bone142",
				"pivot": [-1.25, 14.299, -3.26795],
				"rotation": [0, 0, -5],
				"cubes": [
					{"origin": [-2.02637, 11.40415, -3.77628], "size": [1, 3, 1], "uv": [0, 108], "inflate": -0.4}
				]
			},
			{
				"name": "bone144",
				"parent": "bone142",
				"pivot": [-0.5, 14.899, -3.26795],
				"rotation": [5, 0, 0],
				"cubes": [
					{"origin": [-2, 11.40281, -3.8551], "size": [1, 3, 1], "uv": [0, 108], "inflate": -0.4}
				]
			},
			{
				"name": "bone147",
				"parent": "bone136",
				"pivot": [2.5, 15.899, -3.26795]
			},
			{
				"name": "bone148",
				"parent": "bone147",
				"pivot": [2.5, 14.899, -3.26795],
				"rotation": [-5, 0, 0],
				"cubes": [
					{"origin": [1, 11.40281, -3.68079], "size": [1, 3, 1], "uv": [0, 108], "inflate": -0.4}
				]
			},
			{
				"name": "bone149",
				"parent": "bone147",
				"pivot": [2.5, 14.799, -3.26795],
				"rotation": [0, 0, 5],
				"cubes": [
					{"origin": [1.08536, 11.29804, -3.77628], "size": [1, 3, 1], "uv": [0, 108], "inflate": -0.4}
				]
			},
			{
				"name": "bone150",
				"parent": "bone147",
				"pivot": [1.75, 14.299, -3.26795],
				"rotation": [0, 0, -5],
				"cubes": [
					{"origin": [0.97363, 11.40415, -3.77628], "size": [1, 3, 1], "uv": [0, 108], "inflate": -0.4}
				]
			},
			{
				"name": "bone151",
				"parent": "bone147",
				"pivot": [2.5, 14.899, -3.26795],
				"rotation": [5, 0, 0],
				"cubes": [
					{"origin": [1, 11.40281, -3.8551], "size": [1, 3, 1], "uv": [0, 108], "inflate": -0.4}
				]
			},
			{
				"name": "bone6",
				"parent": "body",
				"pivot": [0, 9.25, -0.25],
				"rotation": [5, 0, 0]
			},
			{
				"name": "bone14",
				"parent": "bone6",
				"pivot": [0, 9.25, -0.25]
			},
			{
				"name": "bone9",
				"parent": "bone14",
				"pivot": [1, 11.749, 3.25],
				"rotation": [0, 0, 15],
				"cubes": [
					{"origin": [0.25009, 10.31565, 2.7118], "size": [2, 1, 1], "uv": [24, 72]}
				]
			},
			{
				"name": "bone7",
				"parent": "bone14",
				"pivot": [1, 12.249, 3.25],
				"rotation": [0, 0, -15],
				"cubes": [
					{"origin": [-0.26347, 10.7657, 2.71189], "size": [2, 1, 1], "uv": [30, 72]}
				]
			},
			{
				"name": "bone15",
				"parent": "bone6",
				"pivot": [-2, 9.25, -0.25]
			},
			{
				"name": "bone16",
				"parent": "bone15",
				"pivot": [-1, 11.749, 3.25],
				"rotation": [0, 0, -15],
				"cubes": [
					{"origin": [-2.27686, 10.31565, 2.7118], "size": [2, 1, 1], "uv": [18, 72]}
				]
			},
			{
				"name": "bone290",
				"parent": "bone15",
				"pivot": [-1, 12.249, 3.25],
				"rotation": [0, 0, 15],
				"cubes": [
					{"origin": [-1.73653, 10.7657, 2.71189], "size": [2, 1, 1], "uv": [12, 72]}
				]
			},
			{
				"name": "bone291",
				"parent": "bone6",
				"pivot": [-1.85, 6.25, -0.5],
				"rotation": [0, 0, -40]
			},
			{
				"name": "bone292",
				"parent": "bone291",
				"pivot": [-0.85, 8.749, 3],
				"rotation": [0, 0, -15],
				"cubes": [
					{"origin": [0.46675, 7.53235, 2.7618], "size": [2, 1, 1], "uv": [6, 72], "inflate": -0.1}
				]
			},
			{
				"name": "bone293",
				"parent": "bone291",
				"pivot": [-0.85, 9.249, 3],
				"rotation": [0, 0, 15],
				"cubes": [
					{"origin": [0.56468, 9.10018, 2.76189], "size": [2, 1, 1], "uv": [0, 72], "inflate": -0.1}
				]
			},
			{
				"name": "bone294",
				"parent": "bone6",
				"pivot": [-1.25, 7.25, -0.5],
				"rotation": [0, 0, 40]
			},
			{
				"name": "bone295",
				"parent": "bone294",
				"pivot": [-0.25, 9.749, 3],
				"rotation": [0, 0, 15],
				"cubes": [
					{"origin": [-2.92187, 9.9633, 2.7618], "size": [2, 1, 1], "uv": [52, 70], "inflate": -0.1}
				]
			},
			{
				"name": "bone296",
				"parent": "bone294",
				"pivot": [-0.25, 10.249, 3],
				"rotation": [0, 0, -15],
				"cubes": [
					{"origin": [-2.39072, 11.01698, 2.76189], "size": [2, 1, 1], "uv": [52, 68], "inflate": -0.1}
				]
			},
			{
				"name": "dz",
				"parent": "bone6",
				"pivot": [0, 9, -0.25]
			},
			{
				"name": "1d",
				"parent": "dz",
				"pivot": [0.25, 7.3, 1.5],
				"rotation": [30, -10, 0]
			},
			{
				"name": "bone298",
				"parent": "1d",
				"pivot": [-1.00575, 9.09719, 4.75],
				"rotation": [0, 0, -55],
				"cubes": [
					{"origin": [-2.67885, 8.14436, 4.57795], "size": [2, 1, 0], "uv": [12, 102]}
				]
			},
			{
				"name": "bone297",
				"parent": "bone298",
				"pivot": [-2.57715, 8.29186, 4.90795],
				"rotation": [0, 20, 0],
				"cubes": [
					{"origin": [-3.55985, 8.14436, 4.56207], "size": [1, 1, 0], "uv": [26, 103]}
				]
			},
			{
				"name": "bone299",
				"parent": "bone298",
				"pivot": [-3.70687, 6.71485, 5.39454],
				"rotation": [0, 40, 0],
				"cubes": [
					{"origin": [-5.33416, 8.14436, 5.08678], "size": [2, 1, 0], "uv": [12, 101]}
				]
			},
			{
				"name": "bone300",
				"parent": "bone298",
				"pivot": [-5.70687, 6.71485, 5.39454],
				"rotation": [0, 60, 0],
				"cubes": [
					{"origin": [-7.1311, 8.14436, 6.28076], "size": [1, 2, 0], "uv": [28, 101]}
				]
			},
			{
				"name": "bone301",
				"parent": "bone298",
				"pivot": [-5.70687, 6.71485, 5.39454],
				"rotation": [0, 80, 0],
				"cubes": [
					{"origin": [-9.34866, 8.14436, 5.74014], "size": [2, 2, 0], "uv": [28, 103]}
				]
			},
			{
				"name": "bone302",
				"parent": "bone298",
				"pivot": [-5.70687, 6.71485, 5.39454],
				"rotation": [0, 100, 0],
				"cubes": [
					{"origin": [-10.24724, 8.14436, 4.47373], "size": [1, 2, 0], "uv": [24, 101]}
				]
			},
			{
				"name": "bone303",
				"parent": "bone298",
				"pivot": [-5.70687, 6.71485, 6.39454],
				"rotation": [0, 90, 0],
				"cubes": [
					{"origin": [-10.33815, 8.14436, 6.27615], "size": [1, 3, 0], "uv": [26, 106]}
				]
			},
			{
				"name": "bone304",
				"parent": "bone298",
				"pivot": [-5.70687, 6.71485, 6.39454],
				"rotation": [0, 80, 0],
				"cubes": [
					{"origin": [-11.28835, 8.14436, 7.08216], "size": [1, 3, 0], "uv": [8, 104]}
				]
			},
			{
				"name": "bone305",
				"parent": "bone298",
				"pivot": [-5.70687, 6.71485, 7.39454],
				"rotation": [0, 60, 0],
				"cubes": [
					{"origin": [-11.8502, 8.14436, 9.45061], "size": [2, 3, 0], "uv": [62, 74]}
				]
			},
			{
				"name": "bone306",
				"parent": "bone298",
				"pivot": [-7.70687, 6.71485, 7.39454],
				"rotation": [0, 45, 0],
				"cubes": [
					{"origin": [-12.69425, 8.14436, 12.38474], "size": [1, 2, 0], "uv": [26, 104], "mirror": true}
				]
			},
			{
				"name": "1d2",
				"parent": "dz",
				"pivot": [2.25, 7.3, 1],
				"rotation": [30, 10, 0]
			},
			{
				"name": "bone307",
				"parent": "1d2",
				"pivot": [0.99425, 9.09719, 4.25],
				"rotation": [0, 0, -125],
				"cubes": [
					{"origin": [-0.67885, 9.06002, 4.07795], "size": [2, 1, 0], "uv": [12, 103]}
				]
			},
			{
				"name": "bone308",
				"parent": "bone307",
				"pivot": [-0.57715, 8.29186, 4.40795],
				"rotation": [0, 20, 0],
				"cubes": [
					{"origin": [-1.55985, 9.06002, 4.06207], "size": [1, 1, 0], "uv": [23, 103]}
				]
			},
			{
				"name": "bone309",
				"parent": "bone307",
				"pivot": [-1.70687, 6.71485, 4.89454],
				"rotation": [0, 40, 0],
				"cubes": [
					{"origin": [-3.33416, 9.06002, 4.58678], "size": [2, 1, 0], "uv": [12, 100]}
				]
			},
			{
				"name": "bone310",
				"parent": "bone307",
				"pivot": [-3.70687, 6.71485, 4.89454],
				"rotation": [0, 60, 0],
				"cubes": [
					{"origin": [-5.1311, 8.06002, 5.78076], "size": [1, 2, 0], "uv": [26, 101]}
				]
			},
			{
				"name": "bone311",
				"parent": "bone307",
				"pivot": [-3.70687, 6.71485, 4.89454],
				"rotation": [0, 80, 0],
				"cubes": [
					{"origin": [-7.34866, 8.06002, 5.24014], "size": [2, 2, 0], "uv": [16, 80]}
				]
			},
			{
				"name": "bone312",
				"parent": "bone307",
				"pivot": [-3.70687, 6.71485, 4.89454],
				"rotation": [0, 100, 0],
				"cubes": [
					{"origin": [-8.24724, 8.06002, 3.97373], "size": [1, 2, 0], "uv": [24, 101]}
				]
			},
			{
				"name": "bone313",
				"parent": "bone307",
				"pivot": [-3.70687, 6.71485, 5.89454],
				"rotation": [0, 90, 0],
				"cubes": [
					{"origin": [-8.33815, 7.06002, 5.77615], "size": [1, 3, 0], "uv": [10, 101]}
				]
			},
			{
				"name": "bone314",
				"parent": "bone307",
				"pivot": [-3.70687, 6.71485, 5.89454],
				"rotation": [0, 80, 0],
				"cubes": [
					{"origin": [-9.28835, 7.06002, 6.58216], "size": [1, 3, 0], "uv": [8, 101]}
				]
			},
			{
				"name": "bone315",
				"parent": "bone307",
				"pivot": [-3.70687, 6.71485, 6.89454],
				"rotation": [0, 60, 0],
				"cubes": [
					{"origin": [-9.8502, 7.06002, 8.95061], "size": [2, 3, 0], "uv": [58, 74]}
				]
			},
			{
				"name": "bone316",
				"parent": "bone307",
				"pivot": [-5.70687, 6.71485, 6.89454],
				"rotation": [0, 45, 0],
				"cubes": [
					{"origin": [-10.69425, 8.06002, 11.88474], "size": [1, 2, 0], "uv": [22, 101]}
				]
			},
			{
				"name": "bone",
				"parent": "body",
				"pivot": [0, 14.5, 0]
			},
			{
				"name": "bone2",
				"parent": "bone",
				"pivot": [0, 2, 0]
			},
			{
				"name": "bone3",
				"parent": "bone2",
				"pivot": [0, 2, 4.47051],
				"rotation": [10, 0, 0],
				"cubes": [
					{"origin": [-2.5, 6.65782, 4.47051], "size": [5, 4, 0], "uv": [0, 38]}
				]
			},
			{
				"name": "bone4",
				"parent": "bone3",
				"pivot": [-2.5, 1.65782, 4.47051],
				"rotation": [0, 0, 9.85108],
				"cubes": [
					{"origin": [-4.5, 6.65782, 4.46951], "size": [2, 4, 0], "uv": [48, 68]}
				]
			},
			{
				"name": "bone5",
				"parent": "bone3",
				"pivot": [2.5, 1.65782, 4.47051],
				"rotation": [0, 0, -9.85108],
				"cubes": [
					{"origin": [2.5, 6.65782, 4.47151], "size": [2, 4, 0], "uv": [44, 68]}
				]
			},
			{
				"name": "sittingRotationSkirt",
				"parent": "body",
				"pivot": [0, 9.75, 0]
			},
			{
				"name": "bone17",
				"parent": "sittingRotationSkirt",
				"pivot": [0, 9.25, 0],
				"rotation": [0, -180, 0]
			},
			{
				"name": "bone18",
				"parent": "bone17",
				"pivot": [0, 2.25, 4.47051],
				"rotation": [10, 0, 0],
				"cubes": [
					{"origin": [-2.5, 6.66162, 4.4271], "size": [5, 4, 0], "uv": [32, 28]}
				]
			},
			{
				"name": "bone19",
				"parent": "bone18",
				"pivot": [-2.5, 1.90782, 4.47051],
				"rotation": [0, 0, 9.85108],
				"cubes": [
					{"origin": [-4.45788, 6.66525, 4.4261], "size": [2, 4, 0], "uv": [40, 68]}
				]
			},
			{
				"name": "bone20",
				"parent": "bone18",
				"pivot": [2.5, 1.90782, 4.47051],
				"rotation": [0, 0, -9.85108],
				"cubes": [
					{"origin": [2.45788, 6.66525, 4.4281], "size": [2, 4, 0], "uv": [36, 68]}
				]
			},
			{
				"name": "bone10",
				"parent": "body",
				"pivot": [0, 13, 0]
			},
			{
				"name": "bone11",
				"parent": "bone10",
				"pivot": [0, 15, -2.6],
				"rotation": [0, 0, 45],
				"cubes": [
					{"origin": [-1, 14, -3.098], "size": [2, 2, 1], "uv": [0, 0]}
				]
			},
			{
				"name": "legLeft",
				"pivot": [2, 9, 0],
				"cubes": [
					{"origin": [0.30014, -0.01533, -1.43952], "size": [3, 9, 3], "uv": [0, 16]}
				]
			},
			{
				"name": "legRight",
				"pivot": [-2, 9, 0],
				"cubes": [
					{"origin": [-3.30014, -0.01533, -1.43952], "size": [3, 9, 3], "uv": [56, 0]}
				]
			}
		]
	}
}