{
	"format_version": "1.10.0",
	"geometry.model": {
		"texturewidth": 128,
		"textureheight": 128,
		"visible_bounds_width": 3,
		"visible_bounds_height": 2,
		"visible_bounds_offset": [0, 0, 0],
		"bones": [
			{
				"name": "bone15",
				"pivot": [0, 0, 0]
			},
			{
				"name": "bone16",
				"parent": "bone15",
				"pivot": [0, -1, 0]
			},
			{
				"name": "bone3",
				"parent": "bone16",
				"pivot": [3, 2, 1],
				"rotation": [5, 20, 0],
				"cubes": [
					{"origin": [10, 8.00759, -7.07092], "size": [1, 2, 17], "uv": [36, 0]}
				]
			},
			{
				"name": "bone7",
				"parent": "bone3",
				"pivot": [11, 8, 7],
				"rotation": [-65, 0, 0],
				"cubes": [
					{"origin": [10, 10.65785, 7.231], "size": [1, 2, 1], "uv": [34, 107]}
				]
			},
			{
				"name": "bone",
				"parent": "bone3",
				"pivot": [10.5, 10.5, -6],
				"rotation": [50, 0, 0],
				"cubes": [
					{"origin": [10, 9, -8], "size": [1, 2, 4], "uv": [44, 57]}
				]
			},
			{
				"name": "bone2",
				"parent": "bone3",
				"pivot": [10.5, 10.5, -5],
				"rotation": [-20, 0, 0],
				"cubes": [
					{"origin": [10.001, 10.20838, -5.7255], "size": [1, 2, 7], "uv": [36, 40]}
				]
			},
			{
				"name": "bone4",
				"parent": "bone3",
				"pivot": [10.5, 8.5, -7],
				"rotation": [-20, 0, 0],
				"cubes": [
					{"origin": [10, 8.01303, -7.89823], "size": [1, 1, 1], "uv": [54, 107]}
				]
			},
			{
				"name": "bone5",
				"parent": "bone3",
				"pivot": [10.5, 8.9, 10.2],
				"rotation": [25, 0, 0],
				"cubes": [
					{"origin": [10.001, 9.92463, 6.30946], "size": [1, 2, 4], "uv": [34, 57]}
				]
			},
			{
				"name": "bone6",
				"parent": "bone3",
				"pivot": [10.5, 8.9, 12.2],
				"rotation": [-40, 0, 0],
				"cubes": [
					{"origin": [9.999, 6.99189, 7.97293], "size": [1, 2, 3], "uv": [8, 63]}
				]
			},
			{
				"name": "bone8",
				"parent": "bone16",
				"pivot": [-16.5, 2, -4],
				"rotation": [5, -20, 0],
				"cubes": [
					{"origin": [-9.4998, 8.00759, -12.07092], "size": [1, 2, 17], "uv": [36, 0], "mirror": true}
				]
			},
			{
				"name": "bone9",
				"parent": "bone8",
				"pivot": [-8.5, 8, 2],
				"rotation": [-65, 0, 0],
				"cubes": [
					{"origin": [-9.5, 10.65785, 2.231], "size": [1, 2, 1], "uv": [30, 107]}
				]
			},
			{
				"name": "bone10",
				"parent": "bone8",
				"pivot": [-9, 10.5, -11],
				"rotation": [50, 0, 0],
				"cubes": [
					{"origin": [-9.5, 9, -13], "size": [1, 2, 4], "uv": [24, 57]}
				]
			},
			{
				"name": "bone11",
				"parent": "bone8",
				"pivot": [-9, 10.5, -10],
				"rotation": [-20, 0, 0],
				"cubes": [
					{"origin": [-9.5002, 10.20838, -10.7255], "size": [1, 2, 7], "uv": [36, 40], "mirror": true}
				]
			},
			{
				"name": "bone12",
				"parent": "bone8",
				"pivot": [-9, 8.5, -12],
				"rotation": [-20, 0, 0],
				"cubes": [
					{"origin": [-9.5, 8.01303, -12.89823], "size": [1, 1, 1], "uv": [50, 107]}
				]
			},
			{
				"name": "bone13",
				"parent": "bone8",
				"pivot": [-9, 8.9, 5.2],
				"rotation": [25, 0, 0],
				"cubes": [
					{"origin": [-9.5002, 9.92463, 1.30946], "size": [1, 2, 4], "uv": [34, 57], "mirror": true}
				]
			},
			{
				"name": "bone14",
				"parent": "bone8",
				"pivot": [-9, 8.9, 7.2],
				"rotation": [-40, 0, 0],
				"cubes": [
					{"origin": [-9.4999, 6.99189, 2.97293], "size": [1, 2, 3], "uv": [0, 63]}
				]
			},
			{
				"name": "bone24",
				"parent": "bone15",
				"pivot": [-0.5, 1, 2],
				"rotation": [15, 0, 0]
			},
			{
				"name": "bone17",
				"parent": "bone24",
				"pivot": [4.5, 30, 0],
				"rotation": [10, -25, 120],
				"cubes": [
					{"origin": [11.4999, 36.00759, -8.07092], "size": [1, 1, 10], "uv": [0, 19]},
					{"origin": [11.4999, 37.00922, -6.72919], "size": [1, 1, 4], "uv": [64, 57]}
				]
			},
			{
				"name": "bone19",
				"parent": "bone17",
				"pivot": [12, 38.5, -7],
				"rotation": [25, 0, 0],
				"cubes": [
					{"origin": [11.5, 37.10792, -9.02392], "size": [1, 1, 4], "uv": [84, 57]}
				]
			},
			{
				"name": "bone20",
				"parent": "bone17",
				"pivot": [12, 38.5, -6],
				"rotation": [-20, 0, 0],
				"cubes": [
					{"origin": [11.5, 38.27803, -5.26515], "size": [1, 1, 6], "uv": [0, 50]}
				]
			},
			{
				"name": "bone21",
				"parent": "bone17",
				"pivot": [12, 36.5, -8],
				"rotation": [-20, 0, 0],
				"cubes": [
					{"origin": [11.5, 36.01303, -8.89823], "size": [1, 1, 1], "uv": [46, 107]}
				]
			},
			{
				"name": "bone23",
				"parent": "bone17",
				"pivot": [12, 36.6, 12.4],
				"rotation": [-20, 0, 0],
				"cubes": [
					{"origin": [11.5, 32.34144, 2.07912], "size": [1, 1, 2], "uv": [54, 104]}
				]
			},
			{
				"name": "bone18",
				"parent": "bone24",
				"pivot": [-15.5, 22.25, -2.4],
				"rotation": [-10, -25, 60],
				"cubes": [
					{"origin": [-8.5001, 29.25759, -10.47092], "size": [1, 1, 10], "uv": [72, 0]},
					{"origin": [-8.5001, 28.25759, -9.22092], "size": [1, 1, 4], "uv": [54, 57]}
				]
			},
			{
				"name": "bone22",
				"parent": "bone18",
				"pivot": [-8, 30.75, -9.4],
				"rotation": [-25, 0, 0],
				"cubes": [
					{"origin": [-8.5, 28.43692, -10.16249], "size": [1, 1, 4], "uv": [74, 57]}
				]
			},
			{
				"name": "bone25",
				"parent": "bone18",
				"pivot": [-8, 30.75, -8.4],
				"rotation": [20, 0, 0],
				"cubes": [
					{"origin": [-8.5, 27.16716, -8.68602], "size": [1, 1, 6], "uv": [80, 40]}
				]
			},
			{
				"name": "bone26",
				"parent": "bone18",
				"pivot": [-8, 28.75, -10.4],
				"rotation": [20, 0, 0],
				"cubes": [
					{"origin": [-8.5, 29.19093, -10.95102], "size": [1, 1, 1], "uv": [42, 107]}
				]
			},
			{
				"name": "bone27",
				"parent": "bone18",
				"pivot": [-8, 28.85, 10],
				"rotation": [20, 0, 0],
				"cubes": [
					{"origin": [-8.5, 32.87459, -0.04207], "size": [1, 1, 2], "uv": [48, 104]}
				]
			},
			{
				"name": "bone28",
				"parent": "bone15",
				"pivot": [0, 1, 0]
			},
			{
				"name": "bone29",
				"parent": "bone28",
				"pivot": [0, 2.5, -5.5],
				"rotation": [0, 0, 45],
				"cubes": [
					{"origin": [-0.5, 2, -6], "size": [1, 1, 1], "uv": [38, 107]}
				]
			},
			{
				"name": "bone30",
				"parent": "bone29",
				"pivot": [-0.70711, 3.20711, -5.5],
				"rotation": [0, -35, 0],
				"cubes": [
					{"origin": [-0.82424, 2, -6.02837], "size": [1, 1, 3], "uv": [40, 63]}
				]
			},
			{
				"name": "bone32",
				"parent": "bone29",
				"pivot": [-0.70711, 3.20711, -5.5],
				"rotation": [0, 10, 0],
				"cubes": [
					{"origin": [-2.53764, 2, -3.83512], "size": [1, 1, 6], "uv": [66, 40]}
				]
			},
			{
				"name": "bone31",
				"parent": "bone29",
				"pivot": [0.70711, 4.62132, -5.5],
				"rotation": [35, 0, 0],
				"cubes": [
					{"origin": [-0.5, 2.58, -6.83953], "size": [1, 1, 3], "uv": [32, 63]}
				]
			},
			{
				"name": "bone34",
				"parent": "bone29",
				"pivot": [0.70711, 4.62132, -5.5],
				"rotation": [5, 0, 0],
				"cubes": [
					{"origin": [-0.5, 1.9664, -5.23037], "size": [1, 1, 9], "uv": [0, 40]},
					{"origin": [-0.5, 2.9664, -4.48037], "size": [1, 1, 3], "uv": [24, 63]}
				]
			},
			{
				"name": "bone35",
				"parent": "bone29",
				"pivot": [0.70711, 4.62132, -5.5],
				"rotation": [0, -5, 0],
				"cubes": [
					{"origin": [-0.45563, 2, -4.98385], "size": [1, 1, 9], "uv": [96, 30]},
					{"origin": [-1.45563, 2, -4.23385], "size": [1, 1, 3], "uv": [16, 63]}
				]
			},
			{
				"name": "bone33",
				"parent": "bone29",
				"pivot": [0.70711, 4.62132, -5.5],
				"rotation": [-10, 0, 0],
				"cubes": [
					{"origin": [-0.5, 4.05913, -3.58954], "size": [1, 1, 6], "uv": [52, 40]}
				]
			},
			{
				"name": "h1",
				"pivot": [0, 0, 0]
			},
			{
				"name": "bone36",
				"parent": "h1",
				"pivot": [0.25, 9, -12],
				"rotation": [-85, 0, 0]
			},
			{
				"name": "bone37",
				"parent": "bone36",
				"pivot": [0.25, 9, -12],
				"cubes": [
					{"origin": [-1.75, 9, -8.58579], "size": [4, 1, 3], "uv": [0, 57], "inflate": -0.3}
				]
			},
			{
				"name": "bone38",
				"parent": "bone36",
				"pivot": [0.25, 9, -12],
				"rotation": [0, -45, 0],
				"cubes": [
					{"origin": [-1.75, 9, -8.58579], "size": [4, 1, 3], "uv": [98, 50], "inflate": -0.3}
				]
			},
			{
				"name": "bone39",
				"parent": "bone36",
				"pivot": [0.25, 9, -12],
				"rotation": [0, -90, 0],
				"cubes": [
					{"origin": [-1.75, 9, -8.58579], "size": [4, 1, 3], "uv": [84, 50], "inflate": -0.3}
				]
			},
			{
				"name": "bone40",
				"parent": "bone36",
				"pivot": [0.25, 9, -12],
				"rotation": [0, -135, 0],
				"cubes": [
					{"origin": [-1.75, 9, -8.58579], "size": [4, 1, 3], "uv": [70, 50], "inflate": -0.3}
				]
			},
			{
				"name": "bone41",
				"parent": "bone36",
				"pivot": [0.25, 9, -12],
				"rotation": [0, -180, 0],
				"cubes": [
					{"origin": [-1.75, 9, -8.58579], "size": [4, 1, 3], "uv": [56, 50], "inflate": -0.3}
				]
			},
			{
				"name": "bone42",
				"parent": "bone36",
				"pivot": [0.25, 9, -12],
				"rotation": [0, -225, 0],
				"cubes": [
					{"origin": [-1.75, 9, -8.58579], "size": [4, 1, 3], "uv": [42, 50], "inflate": -0.3}
				]
			},
			{
				"name": "bone43",
				"parent": "bone36",
				"pivot": [0.25, 9, -12],
				"rotation": [0, -270, 0],
				"cubes": [
					{"origin": [-1.75, 9, -8.58579], "size": [4, 1, 3], "uv": [28, 50], "inflate": -0.3}
				]
			},
			{
				"name": "bone44",
				"parent": "bone36",
				"pivot": [0.25, 9, -12],
				"rotation": [0, -315, 0],
				"cubes": [
					{"origin": [-1.75, 9, -8.58579], "size": [4, 1, 3], "uv": [14, 50], "inflate": -0.3}
				]
			},
			{
				"name": "h2",
				"pivot": [0, 0, 0]
			},
			{
				"name": "bone45",
				"parent": "h2",
				"pivot": [0.5, 13, 11],
				"rotation": [-95, 0, 0]
			},
			{
				"name": "bone46",
				"parent": "bone45",
				"pivot": [-1, 13, 11],
				"cubes": [
					{"origin": [-3, 13, 18.43675], "size": [7, 1, 5], "uv": [72, 30], "inflate": -0.3}
				]
			},
			{
				"name": "bone47",
				"parent": "bone45",
				"pivot": [-1, 13, 11],
				"rotation": [0, -45, 0],
				"cubes": [
					{"origin": [-3.43137, 13, 17.37279], "size": [7, 1, 5], "uv": [48, 30], "inflate": -0.3}
				]
			},
			{
				"name": "bone48",
				"parent": "bone45",
				"pivot": [-1, 13, 11],
				"rotation": [0, -90, 0],
				"cubes": [
					{"origin": [-4.48873, 13, 16.92548], "size": [7, 1, 5], "uv": [24, 30], "inflate": -0.3}
				]
			},
			{
				"name": "bone49",
				"parent": "bone45",
				"pivot": [-1, 13, 11],
				"rotation": [0, -135, 0],
				"cubes": [
					{"origin": [-5.55269, 13, 17.35685], "size": [7, 1, 5], "uv": [0, 30], "inflate": -0.3}
				]
			},
			{
				"name": "bone50",
				"parent": "bone45",
				"pivot": [-1, 13, 11],
				"rotation": [0, -180, 0],
				"cubes": [
					{"origin": [-6, 13, 18.41421], "size": [7, 1, 5], "uv": [94, 19], "inflate": -0.3}
				]
			},
			{
				"name": "bone51",
				"parent": "bone45",
				"pivot": [-1, 13, 11],
				"rotation": [0, -225, 0],
				"cubes": [
					{"origin": [-5.56863, 13, 19.47817], "size": [7, 1, 5], "uv": [70, 19], "inflate": -0.3}
				]
			},
			{
				"name": "bone52",
				"parent": "bone45",
				"pivot": [-1, 13, 11],
				"rotation": [0, -270, 0],
				"cubes": [
					{"origin": [-4.51127, 13, 19.92548], "size": [7, 1, 5], "uv": [46, 19], "inflate": -0.3}
				]
			},
			{
				"name": "bone53",
				"parent": "bone45",
				"pivot": [-1, 13, 11],
				"rotation": [0, -315, 0],
				"cubes": [
					{"origin": [-3.44731, 13, 19.49411], "size": [7, 1, 5], "uv": [22, 19], "inflate": -0.3}
				]
			},
			{
				"name": "yRotationNormalA",
				"pivot": [0, 0, 0]
			},
			{
				"name": "bone436",
				"parent": "yRotationNormalA",
				"pivot": [-0.25, 4, 12.5],
				"rotation": [90, 0, 0]
			},
			{
				"name": "ball",
				"parent": "bone436",
				"pivot": [-0.25, 4, 12.5]
			},
			{
				"name": "bone317",
				"parent": "ball",
				"pivot": [-0.25, 4, 12.5],
				"rotation": [-90, 0, 0]
			},
			{
				"name": "bone318",
				"parent": "bone317",
				"pivot": [-0.31147, 10.5, 7.67731],
				"cubes": [
					{"origin": [-0.34911, 10.99619, 4.06156], "size": [1, 1, 2], "uv": [24, 107], "inflate": 0.3}
				]
			},
			{
				"name": "bone326",
				"parent": "bone317",
				"pivot": [1.75, 10, 3.5],
				"rotation": [0, -180, 0],
				"cubes": [
					{"origin": [2.84911, 10.99619, 11.40952], "size": [1, 1, 2], "uv": [18, 107], "inflate": 0.3}
				]
			},
			{
				"name": "bone327",
				"parent": "bone317",
				"pivot": [1.75, 10, 3.5],
				"rotation": [0, -202.5, 0],
				"cubes": [
					{"origin": [4.09529, 10.99619, 10.32656], "size": [2, 1, 2], "uv": [40, 104], "inflate": 0.3}
				]
			},
			{
				"name": "bone328",
				"parent": "bone317",
				"pivot": [1.75, 10, 3.5],
				"rotation": [0, -225, 0],
				"cubes": [
					{"origin": [4.83219, 10.99619, 8.84914], "size": [2, 1, 2], "uv": [32, 104], "inflate": 0.3}
				]
			},
			{
				"name": "bone329",
				"parent": "bone317",
				"pivot": [1.75, 10, 3.5],
				"rotation": [0, -247.5, 0],
				"cubes": [
					{"origin": [4.94761, 10.99619, 7.20219], "size": [2, 1, 2], "uv": [24, 104], "inflate": 0.3}
				]
			},
			{
				"name": "bone330",
				"parent": "bone317",
				"pivot": [1.75, 10, 3.5],
				"rotation": [0, -270, 0],
				"cubes": [
					{"origin": [4.42398, 10.99619, 5.63643], "size": [2, 1, 2], "uv": [16, 104], "inflate": 0.3}
				]
			},
			{
				"name": "bone331",
				"parent": "bone317",
				"pivot": [1.75, 10, 3.5],
				"rotation": [0, -292.5, 0],
				"cubes": [
					{"origin": [3.34102, 10.99619, 4.39025], "size": [2, 1, 2], "uv": [8, 104], "inflate": 0.3}
				]
			},
			{
				"name": "bone332",
				"parent": "bone317",
				"pivot": [1.75, 10, 3.5],
				"rotation": [0, -315, 0],
				"cubes": [
					{"origin": [1.8636, 10.99619, 3.65335], "size": [2, 1, 2], "uv": [0, 104], "inflate": 0.3}
				]
			},
			{
				"name": "bone333",
				"parent": "bone317",
				"pivot": [1.75, 10, 3.5],
				"rotation": [0, -337.5, 0],
				"cubes": [
					{"origin": [0.21665, 10.99619, 3.53793], "size": [2, 1, 2], "uv": [96, 101], "inflate": 0.3}
				]
			},
			{
				"name": "bone319",
				"parent": "ball",
				"pivot": [-0.25, 4, 12.5],
				"rotation": [-90, 15, 0]
			},
			{
				"name": "bone320",
				"parent": "bone319",
				"pivot": [-0.31147, 10.5, 7.67731],
				"cubes": [
					{"origin": [-2.30153, 10.8339, 4.06156], "size": [1, 1, 2], "uv": [12, 107], "inflate": 0.3}
				]
			},
			{
				"name": "bone321",
				"parent": "bone319",
				"pivot": [1.75, 10, 3.5],
				"rotation": [0, -180, 0],
				"cubes": [
					{"origin": [4.80153, 10.8339, 11.40952], "size": [1, 1, 2], "uv": [6, 107], "inflate": 0.3}
				]
			},
			{
				"name": "bone322",
				"parent": "bone319",
				"pivot": [1.75, 10, 3.5],
				"rotation": [0, -202.5, 0],
				"cubes": [
					{"origin": [5.89909, 10.8339, 9.5794], "size": [2, 1, 2], "uv": [88, 101], "inflate": 0.3}
				]
			},
			{
				"name": "bone323",
				"parent": "bone319",
				"pivot": [1.75, 10, 3.5],
				"rotation": [0, -225, 0],
				"cubes": [
					{"origin": [6.21276, 10.8339, 7.46857], "size": [2, 1, 2], "uv": [80, 101], "inflate": 0.3}
				]
			},
			{
				"name": "bone324",
				"parent": "bone319",
				"pivot": [1.75, 10, 3.5],
				"rotation": [0, -247.5, 0],
				"cubes": [
					{"origin": [5.69477, 10.8339, 5.39839], "size": [2, 1, 2], "uv": [72, 101], "inflate": 0.3}
				]
			},
			{
				"name": "bone325",
				"parent": "bone319",
				"pivot": [1.75, 10, 3.5],
				"rotation": [0, -270, 0],
				"cubes": [
					{"origin": [4.42398, 10.8339, 3.68401], "size": [2, 1, 2], "uv": [64, 101], "inflate": 0.3}
				]
			},
			{
				"name": "bone334",
				"parent": "bone319",
				"pivot": [1.75, 10, 3.5],
				"rotation": [0, -292.5, 0],
				"cubes": [
					{"origin": [2.59386, 10.8339, 2.58645], "size": [2, 1, 2], "uv": [56, 101], "inflate": 0.3}
				]
			},
			{
				"name": "bone335",
				"parent": "bone319",
				"pivot": [1.75, 10, 3.5],
				"rotation": [0, -315, 0],
				"cubes": [
					{"origin": [0.48303, 10.8339, 2.27278], "size": [2, 1, 2], "uv": [48, 101], "inflate": 0.3}
				]
			},
			{
				"name": "bone336",
				"parent": "bone319",
				"pivot": [1.75, 10, 3.5],
				"rotation": [0, -337.5, 0],
				"cubes": [
					{"origin": [-1.58715, 10.8339, 2.79078], "size": [2, 1, 2], "uv": [40, 101], "inflate": 0.3}
				]
			},
			{
				"name": "bone337",
				"parent": "ball",
				"pivot": [-0.25, 4, 12.5],
				"rotation": [-90, 30, 0]
			},
			{
				"name": "bone338",
				"parent": "bone337",
				"pivot": [-0.31147, 10.5, 7.67731],
				"cubes": [
					{"origin": [-4.14541, 10.17181, 4.06156], "size": [1, 1, 2], "uv": [0, 107], "inflate": 0.3}
				]
			},
			{
				"name": "bone339",
				"parent": "bone337",
				"pivot": [1.75, 10, 3.5],
				"rotation": [0, -180, 0],
				"cubes": [
					{"origin": [6.64541, 10.17181, 11.40952], "size": [1, 1, 2], "uv": [96, 104], "inflate": 0.3}
				]
			},
			{
				"name": "bone340",
				"parent": "bone337",
				"pivot": [1.75, 10, 3.5],
				"rotation": [0, -202.5, 0],
				"cubes": [
					{"origin": [7.60262, 10.17181, 8.87378], "size": [2, 1, 2], "uv": [32, 101], "inflate": 0.3}
				]
			},
			{
				"name": "bone341",
				"parent": "bone337",
				"pivot": [1.75, 10, 3.5],
				"rotation": [0, -225, 0],
				"cubes": [
					{"origin": [7.51658, 10.17181, 6.16475], "size": [2, 1, 2], "uv": [24, 101], "inflate": 0.3}
				]
			},
			{
				"name": "bone342",
				"parent": "bone337",
				"pivot": [1.75, 10, 3.5],
				"rotation": [0, -247.5, 0],
				"cubes": [
					{"origin": [6.40039, 10.17181, 3.69486], "size": [2, 1, 2], "uv": [16, 101], "inflate": 0.3}
				]
			},
			{
				"name": "bone343",
				"parent": "bone337",
				"pivot": [1.75, 10, 3.5],
				"rotation": [0, -270, 0],
				"cubes": [
					{"origin": [4.42398, 10.17181, 1.84013], "size": [2, 1, 2], "uv": [8, 101], "inflate": 0.3}
				]
			},
			{
				"name": "bone344",
				"parent": "bone337",
				"pivot": [1.75, 10, 3.5],
				"rotation": [0, -292.5, 0],
				"cubes": [
					{"origin": [1.88824, 10.17181, 0.88292], "size": [2, 1, 2], "uv": [0, 101], "inflate": 0.3}
				]
			},
			{
				"name": "bone345",
				"parent": "bone337",
				"pivot": [1.75, 10, 3.5],
				"rotation": [0, -315, 0],
				"cubes": [
					{"origin": [-0.82079, 10.17181, 0.96896], "size": [2, 1, 2], "uv": [96, 98], "inflate": 0.3}
				]
			},
			{
				"name": "bone346",
				"parent": "bone337",
				"pivot": [1.75, 10, 3.5],
				"rotation": [0, -337.5, 0],
				"cubes": [
					{"origin": [-3.29068, 10.17181, 2.08515], "size": [2, 1, 2], "uv": [88, 98], "inflate": 0.3}
				]
			},
			{
				"name": "bone347",
				"parent": "ball",
				"pivot": [-0.25, 4, 12.5],
				"rotation": [-90, 45, 0]
			},
			{
				"name": "bone348",
				"parent": "bone347",
				"pivot": [-0.31147, 10.5, 7.67731],
				"cubes": [
					{"origin": [-5.75511, 9.05505, 4.06156], "size": [1, 1, 2], "uv": [90, 104], "inflate": 0.3}
				]
			},
			{
				"name": "bone349",
				"parent": "bone347",
				"pivot": [1.75, 10, 3.5],
				"rotation": [0, -180, 0],
				"cubes": [
					{"origin": [8.25511, 9.05505, 11.40952], "size": [1, 1, 2], "uv": [84, 104], "inflate": 0.3}
				]
			},
			{
				"name": "bone350",
				"parent": "bone347",
				"pivot": [1.75, 10, 3.5],
				"rotation": [0, -202.5, 0],
				"cubes": [
					{"origin": [9.08979, 9.05505, 8.25777], "size": [2, 1, 2], "uv": [80, 98], "inflate": 0.3}
				]
			},
			{
				"name": "bone351",
				"parent": "bone347",
				"pivot": [1.75, 10, 3.5],
				"rotation": [0, -225, 0],
				"cubes": [
					{"origin": [8.65481, 9.05505, 5.02652], "size": [2, 1, 2], "uv": [72, 98], "inflate": 0.3}
				]
			},
			{
				"name": "bone352",
				"parent": "bone347",
				"pivot": [1.75, 10, 3.5],
				"rotation": [0, -247.5, 0],
				"cubes": [
					{"origin": [7.01639, 9.05505, 2.20769], "size": [2, 1, 2], "uv": [64, 98], "inflate": 0.3}
				]
			},
			{
				"name": "bone353",
				"parent": "bone347",
				"pivot": [1.75, 10, 3.5],
				"rotation": [0, -270, 0],
				"cubes": [
					{"origin": [4.42398, 9.05505, 0.23043], "size": [2, 1, 2], "uv": [56, 98], "inflate": 0.3}
				]
			},
			{
				"name": "bone354",
				"parent": "bone347",
				"pivot": [1.75, 10, 3.5],
				"rotation": [0, -292.5, 0],
				"cubes": [
					{"origin": [1.27223, 9.05505, -0.60425], "size": [2, 1, 2], "uv": [48, 98], "inflate": 0.3}
				]
			},
			{
				"name": "bone355",
				"parent": "bone347",
				"pivot": [1.75, 10, 3.5],
				"rotation": [0, -315, 0],
				"cubes": [
					{"origin": [-1.95902, 9.05505, -0.16927], "size": [2, 1, 2], "uv": [40, 98], "inflate": 0.3}
				]
			},
			{
				"name": "bone356",
				"parent": "bone347",
				"pivot": [1.75, 10, 3.5],
				"rotation": [0, -337.5, 0],
				"cubes": [
					{"origin": [-4.77785, 9.05505, 1.46915], "size": [2, 1, 2], "uv": [32, 98], "inflate": 0.3}
				]
			},
			{
				"name": "bone357",
				"parent": "ball",
				"pivot": [-0.25, 4, 12.5],
				"rotation": [-90, 60, 0]
			},
			{
				"name": "bone358",
				"parent": "bone357",
				"pivot": [-0.31147, 10.5, 7.67731],
				"cubes": [
					{"origin": [-7.02092, 7.55972, 4.06156], "size": [1, 1, 2], "uv": [78, 104], "inflate": 0.3}
				]
			},
			{
				"name": "bone359",
				"parent": "bone357",
				"pivot": [1.75, 10, 3.5],
				"rotation": [0, -180, 0],
				"cubes": [
					{"origin": [9.52092, 7.55972, 11.40952], "size": [1, 1, 2], "uv": [72, 104], "inflate": 0.3}
				]
			},
			{
				"name": "bone360",
				"parent": "bone357",
				"pivot": [1.75, 10, 3.5],
				"rotation": [0, -202.5, 0],
				"cubes": [
					{"origin": [10.25924, 7.55972, 7.77337], "size": [2, 1, 2], "uv": [24, 98], "inflate": 0.3}
				]
			},
			{
				"name": "bone361",
				"parent": "bone357",
				"pivot": [1.75, 10, 3.5],
				"rotation": [0, -225, 0],
				"cubes": [
					{"origin": [9.54987, 7.55972, 4.13146], "size": [2, 1, 2], "uv": [16, 98], "inflate": 0.3}
				]
			},
			{
				"name": "bone362",
				"parent": "bone357",
				"pivot": [1.75, 10, 3.5],
				"rotation": [0, -247.5, 0],
				"cubes": [
					{"origin": [7.5008, 7.55972, 1.03824], "size": [2, 1, 2], "uv": [8, 98], "inflate": 0.3}
				]
			},
			{
				"name": "bone363",
				"parent": "bone357",
				"pivot": [1.75, 10, 3.5],
				"rotation": [0, -270, 0],
				"cubes": [
					{"origin": [4.42398, 7.55972, -1.03538], "size": [2, 1, 2], "uv": [0, 98], "inflate": 0.3}
				]
			},
			{
				"name": "bone364",
				"parent": "bone357",
				"pivot": [1.75, 10, 3.5],
				"rotation": [0, -292.5, 0],
				"cubes": [
					{"origin": [0.78783, 7.55972, -1.7737], "size": [2, 1, 2], "uv": [96, 95], "inflate": 0.3}
				]
			},
			{
				"name": "bone365",
				"parent": "bone357",
				"pivot": [1.75, 10, 3.5],
				"rotation": [0, -315, 0],
				"cubes": [
					{"origin": [-2.85408, 7.55972, -1.06433], "size": [2, 1, 2], "uv": [88, 95], "inflate": 0.3}
				]
			},
			{
				"name": "bone366",
				"parent": "bone357",
				"pivot": [1.75, 10, 3.5],
				"rotation": [0, -337.5, 0],
				"cubes": [
					{"origin": [-5.9473, 7.55972, 0.98474], "size": [2, 1, 2], "uv": [80, 95], "inflate": 0.3}
				]
			},
			{
				"name": "bone367",
				"parent": "ball",
				"pivot": [-0.25, 4, 12.5],
				"rotation": [-90, 75, 0]
			},
			{
				"name": "bone368",
				"parent": "bone367",
				"pivot": [-0.31147, 10.5, 7.67731],
				"cubes": [
					{"origin": [-7.85658, 5.78773, 4.06156], "size": [1, 1, 2], "uv": [66, 104], "inflate": 0.3}
				]
			},
			{
				"name": "bone369",
				"parent": "bone367",
				"pivot": [1.75, 10, 3.5],
				"rotation": [0, -180, 0],
				"cubes": [
					{"origin": [10.35658, 5.78773, 11.40952], "size": [1, 1, 2], "uv": [60, 104], "inflate": 0.3}
				]
			},
			{
				"name": "bone370",
				"parent": "bone367",
				"pivot": [1.75, 10, 3.5],
				"rotation": [0, -202.5, 0],
				"cubes": [
					{"origin": [11.03129, 5.78773, 7.45358], "size": [2, 1, 2], "uv": [72, 95], "inflate": 0.3}
				]
			},
			{
				"name": "bone371",
				"parent": "bone367",
				"pivot": [1.75, 10, 3.5],
				"rotation": [0, -225, 0],
				"cubes": [
					{"origin": [10.14077, 5.78773, 3.54056], "size": [2, 1, 2], "uv": [64, 95], "inflate": 0.3}
				]
			},
			{
				"name": "bone372",
				"parent": "bone367",
				"pivot": [1.75, 10, 3.5],
				"rotation": [0, -247.5, 0],
				"cubes": [
					{"origin": [7.82059, 5.78773, 0.26619], "size": [2, 1, 2], "uv": [56, 95], "inflate": 0.3}
				]
			},
			{
				"name": "bone373",
				"parent": "bone367",
				"pivot": [1.75, 10, 3.5],
				"rotation": [0, -270, 0],
				"cubes": [
					{"origin": [4.42398, 5.78773, -1.87103], "size": [2, 1, 2], "uv": [48, 95], "inflate": 0.3}
				]
			},
			{
				"name": "bone374",
				"parent": "bone367",
				"pivot": [1.75, 10, 3.5],
				"rotation": [0, -292.5, 0],
				"cubes": [
					{"origin": [0.46804, 5.78773, -2.54575], "size": [2, 1, 2], "uv": [40, 95], "inflate": 0.3}
				]
			},
			{
				"name": "bone375",
				"parent": "bone367",
				"pivot": [1.75, 10, 3.5],
				"rotation": [0, -315, 0],
				"cubes": [
					{"origin": [-3.44498, 5.78773, -1.65523], "size": [2, 1, 2], "uv": [32, 95], "inflate": 0.3}
				]
			},
			{
				"name": "bone376",
				"parent": "bone367",
				"pivot": [1.75, 10, 3.5],
				"rotation": [0, -337.5, 0],
				"cubes": [
					{"origin": [-6.71935, 5.78773, 0.66495], "size": [2, 1, 2], "uv": [24, 95], "inflate": 0.3}
				]
			},
			{
				"name": "ball2",
				"parent": "bone436",
				"pivot": [-0.25, 4, 12.5],
				"rotation": [0, 90, 0]
			},
			{
				"name": "bone377",
				"parent": "ball2",
				"pivot": [-0.25, 4, 12.5],
				"rotation": [-90, 0, 0]
			},
			{
				"name": "bone378",
				"parent": "bone377",
				"pivot": [-0.31147, 10.5, 7.67731]
			},
			{
				"name": "bone379",
				"parent": "bone377",
				"pivot": [1.75, 10, 3.5],
				"rotation": [0, -180, 0]
			},
			{
				"name": "bone380",
				"parent": "bone377",
				"pivot": [1.75, 10, 3.5],
				"rotation": [0, -202.5, 0],
				"cubes": [
					{"origin": [11.35331, 3.85983, 7.32019], "size": [2, 1, 2], "uv": [16, 95], "inflate": 0.3}
				]
			},
			{
				"name": "bone381",
				"parent": "bone377",
				"pivot": [1.75, 10, 3.5],
				"rotation": [0, -225, 0],
				"cubes": [
					{"origin": [10.38724, 3.85983, 3.29409], "size": [2, 1, 2], "uv": [8, 95], "inflate": 0.3}
				]
			},
			{
				"name": "bone382",
				"parent": "bone377",
				"pivot": [1.75, 10, 3.5],
				"rotation": [0, -247.5, 0],
				"cubes": [
					{"origin": [7.95398, 3.85983, -0.05583], "size": [2, 1, 2], "uv": [0, 95], "inflate": 0.3}
				]
			},
			{
				"name": "bone383",
				"parent": "bone377",
				"pivot": [1.75, 10, 3.5],
				"rotation": [0, -270, 0],
				"cubes": [
					{"origin": [4.42398, 3.85983, -2.21959], "size": [2, 1, 2], "uv": [96, 92], "inflate": 0.3}
				]
			},
			{
				"name": "bone384",
				"parent": "bone377",
				"pivot": [1.75, 10, 3.5],
				"rotation": [0, -292.5, 0],
				"cubes": [
					{"origin": [0.33465, 3.85983, -2.86777], "size": [2, 1, 2], "uv": [88, 92], "inflate": 0.3}
				]
			},
			{
				"name": "bone385",
				"parent": "bone377",
				"pivot": [1.75, 10, 3.5],
				"rotation": [0, -315, 0],
				"cubes": [
					{"origin": [-3.69145, 3.85983, -1.9017], "size": [2, 1, 2], "uv": [80, 92], "inflate": 0.3}
				]
			},
			{
				"name": "bone386",
				"parent": "bone377",
				"pivot": [1.75, 10, 3.5],
				"rotation": [0, -337.5, 0],
				"cubes": [
					{"origin": [-7.04137, 3.85983, 0.53156], "size": [2, 1, 2], "uv": [72, 92], "inflate": 0.3}
				]
			},
			{
				"name": "bone387",
				"parent": "ball2",
				"pivot": [-0.25, 4, 12.5],
				"rotation": [-90, 15, 0]
			},
			{
				"name": "bone390",
				"parent": "bone387",
				"pivot": [1.75, 10, 3.5],
				"rotation": [0, -202.5, 0],
				"cubes": [
					{"origin": [11.20337, 1.90741, 7.3823], "size": [2, 1, 2], "uv": [64, 92], "inflate": 0.3}
				]
			},
			{
				"name": "bone391",
				"parent": "bone387",
				"pivot": [1.75, 10, 3.5],
				"rotation": [0, -225, 0],
				"cubes": [
					{"origin": [10.27248, 1.90741, 3.40885], "size": [2, 1, 2], "uv": [56, 92], "inflate": 0.3}
				]
			},
			{
				"name": "bone392",
				"parent": "bone387",
				"pivot": [1.75, 10, 3.5],
				"rotation": [0, -247.5, 0],
				"cubes": [
					{"origin": [7.89187, 1.90741, 0.09411], "size": [2, 1, 2], "uv": [48, 92], "inflate": 0.3}
				]
			},
			{
				"name": "bone393",
				"parent": "bone387",
				"pivot": [1.75, 10, 3.5],
				"rotation": [0, -270, 0],
				"cubes": [
					{"origin": [4.42398, 1.90741, -2.0573], "size": [2, 1, 2], "uv": [40, 92], "inflate": 0.3}
				]
			},
			{
				"name": "bone394",
				"parent": "bone387",
				"pivot": [1.75, 10, 3.5],
				"rotation": [0, -292.5, 0],
				"cubes": [
					{"origin": [0.39676, 1.90741, -2.71783], "size": [2, 1, 2], "uv": [32, 92], "inflate": 0.3}
				]
			},
			{
				"name": "bone395",
				"parent": "bone387",
				"pivot": [1.75, 10, 3.5],
				"rotation": [0, -315, 0],
				"cubes": [
					{"origin": [-3.57669, 1.90741, -1.78693], "size": [2, 1, 2], "uv": [24, 92], "inflate": 0.3}
				]
			},
			{
				"name": "bone396",
				"parent": "bone387",
				"pivot": [1.75, 10, 3.5],
				"rotation": [0, -337.5, 0],
				"cubes": [
					{"origin": [-6.89143, 1.90741, 0.59367], "size": [2, 1, 2], "uv": [16, 92], "inflate": 0.3}
				]
			},
			{
				"name": "bone397",
				"parent": "ball2",
				"pivot": [-0.25, 4, 12.5],
				"rotation": [-90, 30, 0]
			},
			{
				"name": "bone398",
				"parent": "bone397",
				"pivot": [-0.31147, 10.5, 7.67731]
			},
			{
				"name": "bone399",
				"parent": "bone397",
				"pivot": [1.75, 10, 3.5],
				"rotation": [0, -180, 0]
			},
			{
				"name": "bone400",
				"parent": "bone397",
				"pivot": [1.75, 10, 3.5],
				"rotation": [0, -202.5, 0],
				"cubes": [
					{"origin": [10.59168, 0.06352, 7.63567], "size": [2, 1, 2], "uv": [8, 92], "inflate": 0.3}
				]
			},
			{
				"name": "bone401",
				"parent": "bone397",
				"pivot": [1.75, 10, 3.5],
				"rotation": [0, -225, 0],
				"cubes": [
					{"origin": [9.80431, 0.06352, 3.87702], "size": [2, 1, 2], "uv": [0, 92], "inflate": 0.3}
				]
			},
			{
				"name": "bone402",
				"parent": "bone397",
				"pivot": [1.75, 10, 3.5],
				"rotation": [0, -247.5, 0],
				"cubes": [
					{"origin": [7.6385, 0.06352, 0.7058], "size": [2, 1, 2], "uv": [96, 89], "inflate": 0.3}
				]
			},
			{
				"name": "bone403",
				"parent": "bone397",
				"pivot": [1.75, 10, 3.5],
				"rotation": [0, -270, 0],
				"cubes": [
					{"origin": [4.42398, 0.06352, -1.39521], "size": [2, 1, 2], "uv": [88, 89], "inflate": 0.3}
				]
			},
			{
				"name": "bone404",
				"parent": "bone397",
				"pivot": [1.75, 10, 3.5],
				"rotation": [0, -292.5, 0],
				"cubes": [
					{"origin": [0.65013, 0.06352, -2.10614], "size": [2, 1, 2], "uv": [80, 89], "inflate": 0.3}
				]
			},
			{
				"name": "bone405",
				"parent": "bone397",
				"pivot": [1.75, 10, 3.5],
				"rotation": [0, -315, 0],
				"cubes": [
					{"origin": [-3.10852, 0.06352, -1.31877], "size": [2, 1, 2], "uv": [72, 89], "inflate": 0.3}
				]
			},
			{
				"name": "bone406",
				"parent": "bone397",
				"pivot": [1.75, 10, 3.5],
				"rotation": [0, -337.5, 0],
				"cubes": [
					{"origin": [-6.27974, 0.06352, 0.84704], "size": [2, 1, 2], "uv": [64, 89], "inflate": 0.3}
				]
			},
			{
				"name": "bone407",
				"parent": "ball2",
				"pivot": [-0.25, 4, 12.5],
				"rotation": [-90, 45, 0]
			},
			{
				"name": "bone408",
				"parent": "bone407",
				"pivot": [-0.31147, 10.5, 7.67731]
			},
			{
				"name": "bone409",
				"parent": "bone407",
				"pivot": [1.75, 10, 3.5],
				"rotation": [0, -180, 0]
			},
			{
				"name": "bone410",
				"parent": "bone407",
				"pivot": [1.75, 10, 3.5],
				"rotation": [0, -202.5, 0],
				"cubes": [
					{"origin": [9.55993, -1.54617, 8.06303], "size": [2, 1, 2], "uv": [56, 89], "inflate": 0.3}
				]
			},
			{
				"name": "bone411",
				"parent": "bone407",
				"pivot": [1.75, 10, 3.5],
				"rotation": [0, -225, 0],
				"cubes": [
					{"origin": [9.01464, -1.54617, 4.66669], "size": [2, 1, 2], "uv": [48, 89], "inflate": 0.3}
				]
			},
			{
				"name": "bone412",
				"parent": "bone407",
				"pivot": [1.75, 10, 3.5],
				"rotation": [0, -247.5, 0],
				"cubes": [
					{"origin": [7.21113, -1.54617, 1.73755], "size": [2, 1, 2], "uv": [40, 89], "inflate": 0.3}
				]
			},
			{
				"name": "bone413",
				"parent": "bone407",
				"pivot": [1.75, 10, 3.5],
				"rotation": [0, -270, 0],
				"cubes": [
					{"origin": [4.42398, -1.54617, -0.27844], "size": [2, 1, 2], "uv": [32, 89], "inflate": 0.3}
				]
			},
			{
				"name": "bone414",
				"parent": "bone407",
				"pivot": [1.75, 10, 3.5],
				"rotation": [0, -292.5, 0],
				"cubes": [
					{"origin": [1.07749, -1.54617, -1.07439], "size": [2, 1, 2], "uv": [24, 89], "inflate": 0.3}
				]
			},
			{
				"name": "bone415",
				"parent": "bone407",
				"pivot": [1.75, 10, 3.5],
				"rotation": [0, -315, 0],
				"cubes": [
					{"origin": [-2.31885, -1.54617, -0.5291], "size": [2, 1, 2], "uv": [16, 89], "inflate": 0.3}
				]
			},
			{
				"name": "bone416",
				"parent": "bone407",
				"pivot": [1.75, 10, 3.5],
				"rotation": [0, -337.5, 0],
				"cubes": [
					{"origin": [-5.24799, -1.54617, 1.27441], "size": [2, 1, 2], "uv": [8, 89], "inflate": 0.3}
				]
			},
			{
				"name": "bone417",
				"parent": "ball2",
				"pivot": [-0.25, 4, 12.5],
				"rotation": [-90, 60, 0]
			},
			{
				"name": "bone418",
				"parent": "bone417",
				"pivot": [-0.31147, 10.5, 7.67731]
			},
			{
				"name": "bone419",
				"parent": "bone417",
				"pivot": [1.75, 10, 3.5],
				"rotation": [0, -180, 0]
			},
			{
				"name": "bone420",
				"parent": "bone417",
				"pivot": [1.75, 10, 3.5],
				"rotation": [0, -202.5, 0],
				"cubes": [
					{"origin": [8.17842, -2.81198, 8.63527], "size": [2, 1, 2], "uv": [0, 89], "inflate": 0.3}
				]
			},
			{
				"name": "bone421",
				"parent": "bone417",
				"pivot": [1.75, 10, 3.5],
				"rotation": [0, -225, 0],
				"cubes": [
					{"origin": [7.95728, -2.81198, 5.72405], "size": [2, 1, 2], "uv": [96, 86], "inflate": 0.3}
				]
			},
			{
				"name": "bone422",
				"parent": "bone417",
				"pivot": [1.75, 10, 3.5],
				"rotation": [0, -247.5, 0],
				"cubes": [
					{"origin": [6.63889, -2.81198, 3.11906], "size": [2, 1, 2], "uv": [88, 86], "inflate": 0.3}
				]
			},
			{
				"name": "bone423",
				"parent": "bone417",
				"pivot": [1.75, 10, 3.5],
				"rotation": [0, -270, 0],
				"cubes": [
					{"origin": [4.42398, -2.81198, 1.21688], "size": [2, 1, 2], "uv": [80, 86], "inflate": 0.3}
				]
			},
			{
				"name": "bone424",
				"parent": "bone417",
				"pivot": [1.75, 10, 3.5],
				"rotation": [0, -292.5, 0],
				"cubes": [
					{"origin": [1.64973, -2.81198, 0.30712], "size": [2, 1, 2], "uv": [72, 86], "inflate": 0.3}
				]
			},
			{
				"name": "bone425",
				"parent": "bone417",
				"pivot": [1.75, 10, 3.5],
				"rotation": [0, -315, 0],
				"cubes": [
					{"origin": [-1.26149, -2.81198, 0.52826], "size": [2, 1, 2], "uv": [64, 86], "inflate": 0.3}
				]
			},
			{
				"name": "bone426",
				"parent": "bone417",
				"pivot": [1.75, 10, 3.5],
				"rotation": [0, -337.5, 0],
				"cubes": [
					{"origin": [-3.86648, -2.81198, 1.84665], "size": [2, 1, 2], "uv": [56, 86], "inflate": 0.3}
				]
			},
			{
				"name": "bone427",
				"parent": "ball2",
				"pivot": [-0.25, 4, 12.5],
				"rotation": [-90, 75, 0]
			},
			{
				"name": "bone428",
				"parent": "bone427",
				"pivot": [-0.31147, 10.5, 7.67731]
			},
			{
				"name": "bone429",
				"parent": "bone427",
				"pivot": [1.75, 10, 3.5],
				"rotation": [0, -180, 0]
			},
			{
				"name": "bone430",
				"parent": "bone427",
				"pivot": [1.75, 10, 3.5],
				"rotation": [0, -202.5, 0],
				"cubes": [
					{"origin": [6.54132, -3.64764, 9.31338], "size": [2, 1, 2], "uv": [48, 86], "inflate": 0.3}
				]
			},
			{
				"name": "bone431",
				"parent": "bone427",
				"pivot": [1.75, 10, 3.5],
				"rotation": [0, -225, 0],
				"cubes": [
					{"origin": [6.70429, -3.64764, 6.97704], "size": [2, 1, 2], "uv": [40, 86], "inflate": 0.3}
				]
			},
			{
				"name": "bone432",
				"parent": "bone427",
				"pivot": [1.75, 10, 3.5],
				"rotation": [0, -247.5, 0],
				"cubes": [
					{"origin": [5.96078, -3.64764, 4.75617], "size": [2, 1, 2], "uv": [32, 86], "inflate": 0.3}
				]
			},
			{
				"name": "bone433",
				"parent": "bone427",
				"pivot": [1.75, 10, 3.5],
				"rotation": [0, -270, 0],
				"cubes": [
					{"origin": [4.42398, -3.64764, 2.98888], "size": [2, 1, 2], "uv": [24, 86], "inflate": 0.3}
				]
			},
			{
				"name": "bone434",
				"parent": "bone427",
				"pivot": [1.75, 10, 3.5],
				"rotation": [0, -292.5, 0],
				"cubes": [
					{"origin": [2.32784, -3.64764, 1.94422], "size": [2, 1, 2], "uv": [16, 86], "inflate": 0.3}
				]
			},
			{
				"name": "bone435",
				"parent": "bone427",
				"pivot": [1.75, 10, 3.5],
				"rotation": [0, -315, 0],
				"cubes": [
					{"origin": [-0.0085, -3.64764, 1.78125], "size": [2, 1, 2], "uv": [8, 86], "inflate": 0.3}
				]
			},
			{
				"name": "bone437",
				"parent": "bone427",
				"pivot": [1.75, 10, 3.5],
				"rotation": [0, -337.5, 0],
				"cubes": [
					{"origin": [-2.22938, -3.64764, 2.52476], "size": [2, 1, 2], "uv": [0, 86], "inflate": 0.3}
				]
			},
			{
				"name": "ball3",
				"parent": "bone436",
				"pivot": [-0.25, 4, 12.5],
				"rotation": [0, 180, 0]
			},
			{
				"name": "bone438",
				"parent": "ball3",
				"pivot": [-0.25, 4, 12.5],
				"rotation": [-90, 0, 0]
			},
			{
				"name": "bone439",
				"parent": "bone438",
				"pivot": [-0.31147, 10.5, 7.67731]
			},
			{
				"name": "bone440",
				"parent": "bone438",
				"pivot": [1.75, 10, 3.5],
				"rotation": [0, -180, 0]
			},
			{
				"name": "bone441",
				"parent": "bone438",
				"pivot": [1.75, 10, 3.5],
				"rotation": [0, -202.5, 0],
				"cubes": [
					{"origin": [4.76017, -3.99619, 10.05116], "size": [2, 1, 2], "uv": [96, 83], "inflate": 0.3}
				]
			},
			{
				"name": "bone442",
				"parent": "bone438",
				"pivot": [1.75, 10, 3.5],
				"rotation": [0, -225, 0],
				"cubes": [
					{"origin": [5.34106, -3.99619, 8.34027], "size": [2, 1, 2], "uv": [88, 83], "inflate": 0.3}
				]
			},
			{
				"name": "bone443",
				"parent": "bone438",
				"pivot": [1.75, 10, 3.5],
				"rotation": [0, -247.5, 0],
				"cubes": [
					{"origin": [5.22301, -3.99619, 6.53731], "size": [2, 1, 2], "uv": [80, 83], "inflate": 0.3}
				]
			},
			{
				"name": "bone444",
				"parent": "bone438",
				"pivot": [1.75, 10, 3.5],
				"rotation": [0, -270, 0],
				"cubes": [
					{"origin": [4.42398, -3.99619, 4.91677], "size": [2, 1, 2], "uv": [72, 83], "inflate": 0.3}
				]
			},
			{
				"name": "bone445",
				"parent": "bone438",
				"pivot": [1.75, 10, 3.5],
				"rotation": [0, -292.5, 0],
				"cubes": [
					{"origin": [3.06562, -3.99619, 3.72537], "size": [2, 1, 2], "uv": [64, 83], "inflate": 0.3}
				]
			},
			{
				"name": "bone446",
				"parent": "bone438",
				"pivot": [1.75, 10, 3.5],
				"rotation": [0, -315, 0],
				"cubes": [
					{"origin": [1.35473, -3.99619, 3.14448], "size": [2, 1, 2], "uv": [56, 83], "inflate": 0.3}
				]
			},
			{
				"name": "bone447",
				"parent": "bone438",
				"pivot": [1.75, 10, 3.5],
				"rotation": [0, -337.5, 0],
				"cubes": [
					{"origin": [-0.44823, -3.99619, 3.26253], "size": [2, 1, 2], "uv": [48, 83], "inflate": 0.3}
				]
			},
			{
				"name": "bone448",
				"parent": "ball3",
				"pivot": [-0.25, 4, 12.5],
				"rotation": [-90, 15, 0]
			},
			{
				"name": "bone451",
				"parent": "bone448",
				"pivot": [1.75, 10, 3.5],
				"rotation": [0, -202.5, 0],
				"cubes": [
					{"origin": [2.95637, -3.8339, 10.79832], "size": [2, 1, 2], "uv": [40, 83], "inflate": 0.3}
				]
			},
			{
				"name": "bone452",
				"parent": "bone448",
				"pivot": [1.75, 10, 3.5],
				"rotation": [0, -225, 0],
				"cubes": [
					{"origin": [3.9605, -3.8339, 9.72083], "size": [2, 1, 2], "uv": [32, 83], "inflate": 0.3}
				]
			},
			{
				"name": "bone453",
				"parent": "bone448",
				"pivot": [1.75, 10, 3.5],
				"rotation": [0, -247.5, 0],
				"cubes": [
					{"origin": [4.47585, -3.8339, 8.34111], "size": [2, 1, 2], "uv": [24, 83], "inflate": 0.3}
				]
			},
			{
				"name": "bone454",
				"parent": "bone448",
				"pivot": [1.75, 10, 3.5],
				"rotation": [0, -270, 0],
				"cubes": [
					{"origin": [4.42398, -3.8339, 6.86919], "size": [2, 1, 2], "uv": [16, 83], "inflate": 0.3}
				]
			},
			{
				"name": "bone455",
				"parent": "bone448",
				"pivot": [1.75, 10, 3.5],
				"rotation": [0, -292.5, 0],
				"cubes": [
					{"origin": [3.81278, -3.8339, 5.52917], "size": [2, 1, 2], "uv": [8, 83], "inflate": 0.3}
				]
			},
			{
				"name": "bone456",
				"parent": "bone448",
				"pivot": [1.75, 10, 3.5],
				"rotation": [0, -315, 0],
				"cubes": [
					{"origin": [2.73529, -3.8339, 4.52505], "size": [2, 1, 2], "uv": [0, 83], "inflate": 0.3}
				]
			},
			{
				"name": "bone457",
				"parent": "bone448",
				"pivot": [1.75, 10, 3.5],
				"rotation": [0, -337.5, 0],
				"cubes": [
					{"origin": [1.35557, -3.8339, 4.00969], "size": [2, 1, 2], "uv": [96, 80], "inflate": 0.3}
				]
			},
			{
				"name": "bone458",
				"parent": "ball3",
				"pivot": [-0.25, 4, 12.5],
				"rotation": [-90, 30, 0]
			},
			{
				"name": "bone459",
				"parent": "bone458",
				"pivot": [-0.31147, 10.5, 7.67731]
			},
			{
				"name": "bone460",
				"parent": "bone458",
				"pivot": [1.75, 10, 3.5],
				"rotation": [0, -180, 0]
			},
			{
				"name": "bone461",
				"parent": "bone458",
				"pivot": [1.75, 10, 3.5],
				"rotation": [0, -202.5, 0],
				"cubes": [
					{"origin": [1.25284, -3.17181, 11.50394], "size": [2, 1, 2], "uv": [88, 80], "inflate": 0.3}
				]
			},
			{
				"name": "bone462",
				"parent": "bone458",
				"pivot": [1.75, 10, 3.5],
				"rotation": [0, -225, 0],
				"cubes": [
					{"origin": [2.65667, -3.17181, 11.02466], "size": [2, 1, 2], "uv": [80, 80], "inflate": 0.3}
				]
			},
			{
				"name": "bone463",
				"parent": "bone458",
				"pivot": [1.75, 10, 3.5],
				"rotation": [0, -247.5, 0],
				"cubes": [
					{"origin": [3.77023, -3.17181, 10.04464], "size": [2, 1, 2], "uv": [72, 80], "inflate": 0.3}
				]
			},
			{
				"name": "bone464",
				"parent": "bone458",
				"pivot": [1.75, 10, 3.5],
				"rotation": [0, -270, 0],
				"cubes": [
					{"origin": [4.42398, -3.17181, 8.71308], "size": [2, 1, 2], "uv": [64, 80], "inflate": 0.3}
				]
			},
			{
				"name": "bone465",
				"parent": "bone458",
				"pivot": [1.75, 10, 3.5],
				"rotation": [0, -292.5, 0],
				"cubes": [
					{"origin": [4.5184, -3.17181, 7.2327], "size": [2, 1, 2], "uv": [56, 80], "inflate": 0.3}
				]
			},
			{
				"name": "bone466",
				"parent": "bone458",
				"pivot": [1.75, 10, 3.5],
				"rotation": [0, -315, 0],
				"cubes": [
					{"origin": [4.03912, -3.17181, 5.82887], "size": [2, 1, 2], "uv": [48, 80], "inflate": 0.3}
				]
			},
			{
				"name": "bone467",
				"parent": "bone458",
				"pivot": [1.75, 10, 3.5],
				"rotation": [0, -337.5, 0],
				"cubes": [
					{"origin": [3.0591, -3.17181, 4.71532], "size": [2, 1, 2], "uv": [40, 80], "inflate": 0.3}
				]
			},
			{
				"name": "bone468",
				"parent": "ball3",
				"pivot": [-0.25, 4, 12.5],
				"rotation": [-90, 45, 0]
			},
			{
				"name": "bone469",
				"parent": "bone468",
				"pivot": [-0.31147, 10.5, 7.67731]
			},
			{
				"name": "bone470",
				"parent": "bone468",
				"pivot": [1.75, 10, 3.5],
				"rotation": [0, -180, 0]
			},
			{
				"name": "bone471",
				"parent": "bone468",
				"pivot": [1.75, 10, 3.5],
				"rotation": [0, -202.5, 0],
				"cubes": [
					{"origin": [-0.23432, -2.05505, 12.11995], "size": [2, 1, 2], "uv": [32, 80], "inflate": 0.3}
				]
			},
			{
				"name": "bone472",
				"parent": "bone468",
				"pivot": [1.75, 10, 3.5],
				"rotation": [0, -225, 0],
				"cubes": [
					{"origin": [1.51844, -2.05505, 12.16289], "size": [2, 1, 2], "uv": [24, 80], "inflate": 0.3}
				]
			},
			{
				"name": "bone473",
				"parent": "bone468",
				"pivot": [1.75, 10, 3.5],
				"rotation": [0, -247.5, 0],
				"cubes": [
					{"origin": [3.15422, -2.05505, 11.5318], "size": [2, 1, 2], "uv": [16, 80], "inflate": 0.3}
				]
			},
			{
				"name": "bone474",
				"parent": "bone468",
				"pivot": [1.75, 10, 3.5],
				"rotation": [0, -270, 0],
				"cubes": [
					{"origin": [4.42398, -2.05505, 10.32278], "size": [2, 1, 2], "uv": [8, 80], "inflate": 0.3}
				]
			},
			{
				"name": "bone475",
				"parent": "bone468",
				"pivot": [1.75, 10, 3.5],
				"rotation": [0, -292.5, 0],
				"cubes": [
					{"origin": [5.1344, -2.05505, 8.71986], "size": [2, 1, 2], "uv": [0, 80], "inflate": 0.3}
				]
			},
			{
				"name": "bone476",
				"parent": "bone468",
				"pivot": [1.75, 10, 3.5],
				"rotation": [0, -315, 0],
				"cubes": [
					{"origin": [5.17735, -2.05505, 6.9671], "size": [2, 1, 2], "uv": [96, 77], "inflate": 0.3}
				]
			},
			{
				"name": "bone477",
				"parent": "bone468",
				"pivot": [1.75, 10, 3.5],
				"rotation": [0, -337.5, 0],
				"cubes": [
					{"origin": [4.54626, -2.05505, 5.33132], "size": [2, 1, 2], "uv": [88, 77], "inflate": 0.3}
				]
			},
			{
				"name": "bone478",
				"parent": "ball3",
				"pivot": [-0.25, 4, 12.5],
				"rotation": [-90, 60, 0]
			},
			{
				"name": "bone479",
				"parent": "bone478",
				"pivot": [-0.31147, 10.5, 7.67731]
			},
			{
				"name": "bone480",
				"parent": "bone478",
				"pivot": [1.75, 10, 3.5],
				"rotation": [0, -180, 0]
			},
			{
				"name": "bone481",
				"parent": "bone478",
				"pivot": [1.75, 10, 3.5],
				"rotation": [0, -202.5, 0],
				"cubes": [
					{"origin": [-1.40378, -0.55972, 12.60435], "size": [2, 1, 2], "uv": [80, 77], "inflate": 0.3}
				]
			},
			{
				"name": "bone482",
				"parent": "bone478",
				"pivot": [1.75, 10, 3.5],
				"rotation": [0, -225, 0],
				"cubes": [
					{"origin": [0.62338, -0.55972, 13.05795], "size": [2, 1, 2], "uv": [72, 77], "inflate": 0.3}
				]
			},
			{
				"name": "bone483",
				"parent": "bone478",
				"pivot": [1.75, 10, 3.5],
				"rotation": [0, -247.5, 0],
				"cubes": [
					{"origin": [2.66982, -0.55972, 12.70126], "size": [2, 1, 2], "uv": [64, 77], "inflate": 0.3}
				]
			},
			{
				"name": "bone484",
				"parent": "bone478",
				"pivot": [1.75, 10, 3.5],
				"rotation": [0, -270, 0],
				"cubes": [
					{"origin": [4.42398, -0.55972, 11.58858], "size": [2, 1, 2], "uv": [56, 77], "inflate": 0.3}
				]
			},
			{
				"name": "bone485",
				"parent": "bone478",
				"pivot": [1.75, 10, 3.5],
				"rotation": [0, -292.5, 0],
				"cubes": [
					{"origin": [5.61881, -0.55972, 9.88932], "size": [2, 1, 2], "uv": [48, 77], "inflate": 0.3}
				]
			},
			{
				"name": "bone486",
				"parent": "bone478",
				"pivot": [1.75, 10, 3.5],
				"rotation": [0, -315, 0],
				"cubes": [
					{"origin": [6.07241, -0.55972, 7.86216], "size": [2, 1, 2], "uv": [40, 77], "inflate": 0.3}
				]
			},
			{
				"name": "bone487",
				"parent": "bone478",
				"pivot": [1.75, 10, 3.5],
				"rotation": [0, -337.5, 0],
				"cubes": [
					{"origin": [5.71572, -0.55972, 5.81572], "size": [2, 1, 2], "uv": [32, 77], "inflate": 0.3}
				]
			},
			{
				"name": "bone488",
				"parent": "ball3",
				"pivot": [-0.25, 4, 12.5],
				"rotation": [-90, 75, 0]
			},
			{
				"name": "bone489",
				"parent": "bone488",
				"pivot": [-0.31147, 10.5, 7.67731]
			},
			{
				"name": "bone490",
				"parent": "bone488",
				"pivot": [1.75, 10, 3.5],
				"rotation": [0, -180, 0]
			},
			{
				"name": "bone491",
				"parent": "bone488",
				"pivot": [1.75, 10, 3.5],
				"rotation": [0, -202.5, 0],
				"cubes": [
					{"origin": [-2.17582, 1.21227, 12.92414], "size": [2, 1, 2], "uv": [24, 77], "inflate": 0.3}
				]
			},
			{
				"name": "bone492",
				"parent": "bone488",
				"pivot": [1.75, 10, 3.5],
				"rotation": [0, -225, 0],
				"cubes": [
					{"origin": [0.03248, 1.21227, 13.64885], "size": [2, 1, 2], "uv": [16, 77], "inflate": 0.3}
				]
			},
			{
				"name": "bone493",
				"parent": "bone488",
				"pivot": [1.75, 10, 3.5],
				"rotation": [0, -247.5, 0],
				"cubes": [
					{"origin": [2.35003, 1.21227, 13.47331], "size": [2, 1, 2], "uv": [8, 77], "inflate": 0.3}
				]
			},
			{
				"name": "bone494",
				"parent": "bone488",
				"pivot": [1.75, 10, 3.5],
				"rotation": [0, -270, 0],
				"cubes": [
					{"origin": [4.42398, 1.21227, 12.42424], "size": [2, 1, 2], "uv": [0, 77], "inflate": 0.3}
				]
			},
			{
				"name": "bone495",
				"parent": "bone488",
				"pivot": [1.75, 10, 3.5],
				"rotation": [0, -292.5, 0],
				"cubes": [
					{"origin": [5.9386, 1.21227, 10.66136], "size": [2, 1, 2], "uv": [96, 74], "inflate": 0.3}
				]
			},
			{
				"name": "bone496",
				"parent": "bone488",
				"pivot": [1.75, 10, 3.5],
				"rotation": [0, -315, 0],
				"cubes": [
					{"origin": [6.66331, 1.21227, 8.45306], "size": [2, 1, 2], "uv": [88, 74], "inflate": 0.3}
				]
			},
			{
				"name": "bone497",
				"parent": "bone488",
				"pivot": [1.75, 10, 3.5],
				"rotation": [0, -337.5, 0],
				"cubes": [
					{"origin": [6.48776, 1.21227, 6.13552], "size": [2, 1, 2], "uv": [80, 74], "inflate": 0.3}
				]
			},
			{
				"name": "ball4",
				"parent": "bone436",
				"pivot": [1.75, 4, 12.5],
				"rotation": [0, -90, 0]
			},
			{
				"name": "bone498",
				"parent": "ball4",
				"pivot": [1.75, 4, 12.5],
				"rotation": [-90, 0, 0]
			},
			{
				"name": "bone499",
				"parent": "bone498",
				"pivot": [1.68853, 10.5, 7.67731]
			},
			{
				"name": "bone500",
				"parent": "bone498",
				"pivot": [3.75, 10, 3.5],
				"rotation": [0, -180, 0]
			},
			{
				"name": "bone501",
				"parent": "bone498",
				"pivot": [3.75, 10, 3.5],
				"rotation": [0, -202.5, 0],
				"cubes": [
					{"origin": [-0.49785, 5.14017, 13.05753], "size": [2, 1, 2], "uv": [72, 74], "inflate": 0.3}
				]
			},
			{
				"name": "bone502",
				"parent": "bone498",
				"pivot": [3.75, 10, 3.5],
				"rotation": [0, -225, 0],
				"cubes": [
					{"origin": [1.78602, 5.14017, 13.89531], "size": [2, 1, 2], "uv": [64, 74], "inflate": 0.3}
				]
			},
			{
				"name": "bone503",
				"parent": "bone498",
				"pivot": [3.75, 10, 3.5],
				"rotation": [0, -247.5, 0],
				"cubes": [
					{"origin": [4.21664, 5.14017, 13.79533], "size": [2, 1, 2], "uv": [56, 74], "inflate": 0.3}
				]
			},
			{
				"name": "bone504",
				"parent": "bone498",
				"pivot": [3.75, 10, 3.5],
				"rotation": [0, -270, 0],
				"cubes": [
					{"origin": [6.42398, 5.14017, 12.7728], "size": [2, 1, 2], "uv": [48, 74], "inflate": 0.3}
				]
			},
			{
				"name": "bone505",
				"parent": "bone498",
				"pivot": [3.75, 10, 3.5],
				"rotation": [0, -292.5, 0],
				"cubes": [
					{"origin": [8.07199, 5.14017, 10.98339], "size": [2, 1, 2], "uv": [40, 74], "inflate": 0.3}
				]
			},
			{
				"name": "bone506",
				"parent": "bone498",
				"pivot": [3.75, 10, 3.5],
				"rotation": [0, -315, 0],
				"cubes": [
					{"origin": [8.90977, 5.14017, 8.69953], "size": [2, 1, 2], "uv": [32, 74], "inflate": 0.3}
				]
			},
			{
				"name": "bone507",
				"parent": "bone498",
				"pivot": [3.75, 10, 3.5],
				"rotation": [0, -337.5, 0],
				"cubes": [
					{"origin": [8.80979, 5.14017, 6.2689], "size": [2, 1, 2], "uv": [24, 74], "inflate": 0.3}
				]
			},
			{
				"name": "bone508",
				"parent": "ball4",
				"pivot": [1.75, 4, 12.5],
				"rotation": [-90, 15, 0]
			},
			{
				"name": "bone511",
				"parent": "bone508",
				"pivot": [3.75, 10, 3.5],
				"rotation": [0, -202.5, 0],
				"cubes": [
					{"origin": [0.13033, 7.02444, 12.79733], "size": [2, 1, 2], "uv": [16, 74], "inflate": 0.3}
				]
			},
			{
				"name": "bone512",
				"parent": "bone508",
				"pivot": [3.75, 10, 3.5],
				"rotation": [0, -225, 0],
				"cubes": [
					{"origin": [2.2668, 7.02444, 13.41453], "size": [2, 1, 2], "uv": [8, 74], "inflate": 0.3}
				]
			},
			{
				"name": "bone513",
				"parent": "bone508",
				"pivot": [3.75, 10, 3.5],
				"rotation": [0, -247.5, 0],
				"cubes": [
					{"origin": [4.47684, 7.02444, 13.16715], "size": [2, 1, 2], "uv": [0, 74], "inflate": 0.3}
				]
			},
			{
				"name": "bone514",
				"parent": "bone508",
				"pivot": [3.75, 10, 3.5],
				"rotation": [0, -270, 0],
				"cubes": [
					{"origin": [6.42398, 7.02444, 12.09286], "size": [2, 1, 2], "uv": [96, 71], "inflate": 0.3}
				]
			},
			{
				"name": "bone515",
				"parent": "bone508",
				"pivot": [3.75, 10, 3.5],
				"rotation": [0, -292.5, 0],
				"cubes": [
					{"origin": [7.81179, 7.02444, 10.35521], "size": [2, 1, 2], "uv": [88, 71], "inflate": 0.3}
				]
			},
			{
				"name": "bone516",
				"parent": "bone508",
				"pivot": [3.75, 10, 3.5],
				"rotation": [0, -315, 0],
				"cubes": [
					{"origin": [8.42899, 7.02444, 8.21874], "size": [2, 1, 2], "uv": [80, 71], "inflate": 0.3}
				]
			},
			{
				"name": "bone517",
				"parent": "bone508",
				"pivot": [3.75, 10, 3.5],
				"rotation": [0, -337.5, 0],
				"cubes": [
					{"origin": [8.18161, 7.02444, 6.0087], "size": [2, 1, 2], "uv": [72, 71], "inflate": 0.3}
				]
			},
			{
				"name": "bone518",
				"parent": "ball4",
				"pivot": [1.75, 4, 12.5],
				"rotation": [-90, 30, 0]
			},
			{
				"name": "bone521",
				"parent": "bone518",
				"pivot": [3.75, 10, 3.5],
				"rotation": [0, -202.5, 0],
				"cubes": [
					{"origin": [1.18766, 8.66853, 12.35937], "size": [2, 1, 2], "uv": [64, 71], "inflate": 0.3}
				]
			},
			{
				"name": "bone522",
				"parent": "bone518",
				"pivot": [3.75, 10, 3.5],
				"rotation": [0, -225, 0],
				"cubes": [
					{"origin": [3.07605, 8.66853, 12.60528], "size": [2, 1, 2], "uv": [56, 71], "inflate": 0.3}
				]
			},
			{
				"name": "bone523",
				"parent": "bone518",
				"pivot": [3.75, 10, 3.5],
				"rotation": [0, -247.5, 0],
				"cubes": [
					{"origin": [4.9148, 8.66853, 12.10982], "size": [2, 1, 2], "uv": [48, 71], "inflate": 0.3}
				]
			},
			{
				"name": "bone524",
				"parent": "bone518",
				"pivot": [3.75, 10, 3.5],
				"rotation": [0, -270, 0],
				"cubes": [
					{"origin": [6.42398, 8.66853, 10.94841], "size": [2, 1, 2], "uv": [40, 71], "inflate": 0.3}
				]
			},
			{
				"name": "bone525",
				"parent": "bone518",
				"pivot": [3.75, 10, 3.5],
				"rotation": [0, -292.5, 0],
				"cubes": [
					{"origin": [7.37383, 8.66853, 9.29788], "size": [2, 1, 2], "uv": [32, 71], "inflate": 0.3}
				]
			},
			{
				"name": "bone526",
				"parent": "bone518",
				"pivot": [3.75, 10, 3.5],
				"rotation": [0, -315, 0],
				"cubes": [
					{"origin": [7.61974, 8.66853, 7.40949], "size": [2, 1, 2], "uv": [24, 71], "inflate": 0.3}
				]
			},
			{
				"name": "bone527",
				"parent": "bone518",
				"pivot": [3.75, 10, 3.5],
				"rotation": [0, -337.5, 0],
				"cubes": [
					{"origin": [7.12428, 8.66853, 5.57074], "size": [2, 1, 2], "uv": [16, 71], "inflate": 0.3}
				]
			},
			{
				"name": "bone528",
				"parent": "ball4",
				"pivot": [1.75, 4, 12.5],
				"rotation": [-90, 45, 0]
			},
			{
				"name": "bone531",
				"parent": "bone528",
				"pivot": [3.75, 10, 3.5],
				"rotation": [0, -202.5, 0],
				"cubes": [
					{"origin": [2.6021, 9.96039, 11.77349], "size": [2, 1, 2], "uv": [8, 71], "inflate": 0.3}
				]
			},
			{
				"name": "bone532",
				"parent": "bone528",
				"pivot": [3.75, 10, 3.5],
				"rotation": [0, -225, 0],
				"cubes": [
					{"origin": [4.15861, 9.96039, 11.52272], "size": [2, 1, 2], "uv": [0, 71], "inflate": 0.3}
				]
			},
			{
				"name": "bone533",
				"parent": "bone528",
				"pivot": [3.75, 10, 3.5],
				"rotation": [0, -247.5, 0],
				"cubes": [
					{"origin": [5.50068, 9.96039, 10.69538], "size": [2, 1, 2], "uv": [96, 68], "inflate": 0.3}
				]
			},
			{
				"name": "bone534",
				"parent": "bone528",
				"pivot": [3.75, 10, 3.5],
				"rotation": [0, -270, 0],
				"cubes": [
					{"origin": [6.42398, 9.96039, 9.41744], "size": [2, 1, 2], "uv": [88, 68], "inflate": 0.3}
				]
			},
			{
				"name": "bone535",
				"parent": "bone528",
				"pivot": [3.75, 10, 3.5],
				"rotation": [0, -292.5, 0],
				"cubes": [
					{"origin": [6.78795, 9.96039, 7.88344], "size": [2, 1, 2], "uv": [80, 68], "inflate": 0.3}
				]
			},
			{
				"name": "bone536",
				"parent": "bone528",
				"pivot": [3.75, 10, 3.5],
				"rotation": [0, -315, 0],
				"cubes": [
					{"origin": [6.53717, 9.96039, 6.32693], "size": [2, 1, 2], "uv": [72, 68], "inflate": 0.3}
				]
			},
			{
				"name": "bone537",
				"parent": "bone528",
				"pivot": [3.75, 10, 3.5],
				"rotation": [0, -337.5, 0],
				"cubes": [
					{"origin": [5.70984, 9.96039, 4.98486], "size": [2, 1, 2], "uv": [64, 68], "inflate": 0.3}
				]
			},
			{
				"name": "bone538",
				"parent": "ball4",
				"pivot": [1.75, 4, 12.5],
				"rotation": [-90, 60, 0]
			},
			{
				"name": "bone541",
				"parent": "bone538",
				"pivot": [3.75, 10, 3.5],
				"rotation": [0, -202.5, 0],
				"cubes": [
					{"origin": [4.27725, 10.81198, 11.07962], "size": [2, 1, 2], "uv": [56, 68], "inflate": 0.3}
				]
			},
			{
				"name": "bone542",
				"parent": "bone538",
				"pivot": [3.75, 10, 3.5],
				"rotation": [0, -225, 0],
				"cubes": [
					{"origin": [5.44072, 10.81198, 10.24061], "size": [2, 1, 2], "uv": [48, 68], "inflate": 0.3}
				]
			},
			{
				"name": "bone543",
				"parent": "bone538",
				"pivot": [3.75, 10, 3.5],
				"rotation": [0, -247.5, 0],
				"cubes": [
					{"origin": [6.19455, 10.81198, 9.02023], "size": [2, 1, 2], "uv": [40, 68], "inflate": 0.3}
				]
			},
			{
				"name": "bone544",
				"parent": "bone538",
				"pivot": [3.75, 10, 3.5],
				"rotation": [0, -270, 0],
				"cubes": [
					{"origin": [6.42398, 10.81198, 7.60427], "size": [2, 1, 2], "uv": [32, 68], "inflate": 0.3}
				]
			},
			{
				"name": "bone545",
				"parent": "bone538",
				"pivot": [3.75, 10, 3.5],
				"rotation": [0, -292.5, 0],
				"cubes": [
					{"origin": [6.09408, 10.81198, 6.20829], "size": [2, 1, 2], "uv": [24, 68], "inflate": 0.3}
				]
			},
			{
				"name": "bone546",
				"parent": "bone538",
				"pivot": [3.75, 10, 3.5],
				"rotation": [0, -315, 0],
				"cubes": [
					{"origin": [5.25507, 10.81198, 5.04482], "size": [2, 1, 2], "uv": [16, 68], "inflate": 0.3}
				]
			},
			{
				"name": "bone547",
				"parent": "bone538",
				"pivot": [3.75, 10, 3.5],
				"rotation": [0, -337.5, 0],
				"cubes": [
					{"origin": [4.03469, 10.81198, 4.29099], "size": [2, 1, 2], "uv": [8, 68], "inflate": 0.3}
				]
			},
			{
				"name": "bone548",
				"parent": "ball4",
				"pivot": [1.75, 4, 12.5],
				"rotation": [-90, 75, 0]
			},
			{
				"name": "bone551",
				"parent": "bone548",
				"pivot": [3.75, 10, 3.5],
				"rotation": [0, -202.5, 0],
				"cubes": [
					{"origin": [6.09895, 11.16528, 10.32505], "size": [2, 1, 2], "uv": [0, 68], "inflate": 0.3}
				]
			},
			{
				"name": "bone552",
				"parent": "bone548",
				"pivot": [3.75, 10, 3.5],
				"rotation": [0, -225, 0],
				"cubes": [
					{"origin": [6.83498, 11.16528, 8.84635], "size": [2, 1, 2], "uv": [88, 63], "inflate": 0.3}
				]
			},
			{
				"name": "bone553",
				"parent": "bone548",
				"pivot": [3.75, 10, 3.5],
				"rotation": [0, -247.5, 0],
				"cubes": [
					{"origin": [6.94912, 11.16528, 7.19853], "size": [2, 1, 2], "uv": [80, 63], "inflate": 0.3}
				]
			},
			{
				"name": "bone554",
				"parent": "bone548",
				"pivot": [3.75, 10, 3.5],
				"rotation": [0, -270, 0],
				"cubes": [
					{"origin": [6.42398, 11.16528, 5.63248], "size": [2, 1, 2], "uv": [72, 63], "inflate": 0.3}
				]
			},
			{
				"name": "bone555",
				"parent": "bone548",
				"pivot": [3.75, 10, 3.5],
				"rotation": [0, -292.5, 0],
				"cubes": [
					{"origin": [5.33951, 11.16528, 4.38659], "size": [2, 1, 2], "uv": [64, 63], "inflate": 0.3}
				]
			},
			{
				"name": "bone556",
				"parent": "bone548",
				"pivot": [3.75, 10, 3.5],
				"rotation": [0, -315, 0],
				"cubes": [
					{"origin": [3.8608, 11.16528, 3.65056], "size": [2, 1, 2], "uv": [56, 63], "inflate": 0.3}
				]
			},
			{
				"name": "bone557",
				"parent": "bone548",
				"pivot": [3.75, 10, 3.5],
				"rotation": [0, -337.5, 0],
				"cubes": [
					{"origin": [2.21299, 11.16528, 3.53642], "size": [2, 1, 2], "uv": [48, 63], "inflate": 0.3}
				]
			}
		]
	}
}