{
	"format_version": "1.10.0",
	"geometry.model": {
		"texturewidth": 112,
		"textureheight": 112,
		"visible_bounds_width": 3,
		"visible_bounds_height": 2,
		"visible_bounds_offset": [0, 0, 0],
		"bones": [
			{
				"name": "head",
				"pivot": [0, 18, 0],
				"cubes": [
					{"origin": [-4, 18, -4], "size": [8, 8, 8], "uv": [0, 0]}
				]
			},
			{
				"name": "kqs",
				"parent": "head",
				"pivot": [-0.5, 8, 0]
			},
			{
				"name": "bone18",
				"parent": "kqs",
				"pivot": [7.75, 7, 0.25],
				"cubes": [
					{"origin": [-4.5, 23, -2], "size": [1, 1, 1], "uv": [16, 101]},
					{"origin": [-4.75, 21.25, -1.75], "size": [1, 1, 1], "uv": [20, 99]},
					{"origin": [-4.25, 17.25, -1.75], "size": [0, 4, 1], "uv": [20, 92]},
					{"origin": [-4.5, 22, -2], "size": [1, 1, 1], "uv": [4, 99]},
					{"origin": [-4.5, 25, -2], "size": [1, 1, 1], "uv": [8, 101]},
					{"origin": [-4.5, 24, -2], "size": [1, 1, 1], "uv": [12, 101]},
					{"origin": [-4, 26, -2], "size": [1, 1, 1], "uv": [4, 101]},
					{"origin": [-3, 26, -2], "size": [1, 1, 1], "uv": [0, 101]},
					{"origin": [-1, 26, -2], "size": [1, 1, 1], "uv": [52, 99]},
					{"origin": [-2, 26, -2], "size": [1, 1, 1], "uv": [56, 99]},
					{"origin": [1, 26, -2], "size": [1, 1, 1], "uv": [44, 99]},
					{"origin": [0, 26, -2], "size": [1, 1, 1], "uv": [48, 99]},
					{"origin": [3, 26, -2], "size": [1, 1, 1], "uv": [36, 99]},
					{"origin": [2, 26, -2], "size": [1, 1, 1], "uv": [40, 99]},
					{"origin": [3.5, 25, -2], "size": [1, 1, 1], "uv": [32, 99]},
					{"origin": [3.5, 24, -2], "size": [1, 1, 1], "uv": [28, 99]},
					{"origin": [3.5, 23, -2], "size": [1, 1, 1], "uv": [24, 99]},
					{"origin": [3.5, 22, -2], "size": [1, 1, 1], "uv": [0, 99]},
					{"origin": [3.75, 21.25, -1.75], "size": [1, 1, 1], "uv": [16, 99]},
					{"origin": [4.25, 17.25, -1.75], "size": [0, 4, 1], "uv": [18, 92]}
				]
			},
			{
				"name": "ed",
				"parent": "kqs",
				"pivot": [-0.5, 7.25, 0]
			},
			{
				"name": "l",
				"parent": "ed",
				"pivot": [-1, 26.25, 0],
				"rotation": [0, 0, -10]
			},
			{
				"name": "bone11",
				"parent": "l",
				"pivot": [-1.51428, 26.5008, -2.9899],
				"cubes": [
					{"origin": [-5.25425, 26.18737, -0.72488], "size": [1, 1, 1], "uv": [8, 99], "inflate": -0.2}
				]
			},
			{
				"name": "bone6",
				"parent": "l",
				"pivot": [-4.5, 26.75, -0.5],
				"rotation": [-10, 0, 0],
				"cubes": [
					{"origin": [-4.86668, 25.75439, -1.34571], "size": [1, 3, 1], "uv": [18, 87]}
				]
			},
			{
				"name": "bone7",
				"parent": "l",
				"pivot": [-4.5, 26.75, 0.5],
				"rotation": [10, 0, 0],
				"cubes": [
					{"origin": [-4.86668, 25.84221, -0.15235], "size": [1, 3, 1], "uv": [14, 87]}
				]
			},
			{
				"name": "bone12",
				"parent": "l",
				"pivot": [-0.3473, 24.28038, 0],
				"rotation": [0, 0, 25]
			},
			{
				"name": "bone13",
				"parent": "bone12",
				"pivot": [-5.2752, 22.73295, 0.52512],
				"rotation": [20, 0, 0],
				"cubes": [
					{"origin": [-5.68838, 21.81784, -0.64216], "size": [2, 3, 2], "uv": [16, 63], "inflate": -0.2}
				]
			},
			{
				"name": "bone14",
				"parent": "bone12",
				"pivot": [-5.2752, 22.73295, -1.07488],
				"rotation": [-20, 0, 0],
				"cubes": [
					{"origin": [-5.68838, 21.81536, -1.9144], "size": [2, 3, 2], "uv": [8, 63], "inflate": -0.2}
				]
			},
			{
				"name": "bone21",
				"parent": "l",
				"pivot": [-0.78142, 21.81837, 0.75],
				"rotation": [10, 0, 25]
			},
			{
				"name": "bone22",
				"parent": "bone21",
				"pivot": [-5.70932, 20.27093, 1.27512],
				"rotation": [20, 0, 0],
				"cubes": [
					{"origin": [-6.34646, 19.73199, -0.20123], "size": [2, 3, 2], "uv": [24, 58]}
				]
			},
			{
				"name": "bone23",
				"parent": "bone21",
				"pivot": [-5.70932, 20.27093, -0.32488],
				"rotation": [-20, 0, 0],
				"cubes": [
					{"origin": [-6.21705, 18.96721, -1.55909], "size": [2, 3, 2], "uv": [16, 58]}
				]
			},
			{
				"name": "bone19",
				"parent": "l",
				"pivot": [-3.38187, 27.08074, -0.84571],
				"rotation": [0, 0, -45],
				"cubes": [
					{"origin": [-4.5816, 24.56652, -1], "size": [2, 4, 1], "uv": [30, 69]},
					{"origin": [-4.58171, 24.56652, -0.50575], "size": [2, 4, 1], "uv": [24, 69]}
				]
			},
			{
				"name": "r",
				"parent": "ed",
				"pivot": [7.9, 25.25, -3],
				"rotation": [0, 0, 10]
			},
			{
				"name": "bone20",
				"parent": "r",
				"pivot": [-3.38187, 27.08074, -0.84571],
				"rotation": [0, 0, -45],
				"cubes": [
					{"origin": [-2.02004, 20.2889, -0.49425], "size": [4, 2, 1], "uv": [42, 58]},
					{"origin": [-2.02004, 20.2889, -1], "size": [4, 2, 1], "uv": [32, 58]}
				]
			},
			{
				"name": "bone8",
				"parent": "r",
				"pivot": [4.4, 25.75, -3.5],
				"rotation": [-10, 0, 0],
				"cubes": [
					{"origin": [3.79786, 25.06521, -1.35424], "size": [1, 3, 1], "uv": [6, 87]}
				]
			},
			{
				"name": "bone9",
				"parent": "r",
				"pivot": [4.4, 25.75, -2.5],
				"rotation": [10, 0, 0],
				"cubes": [
					{"origin": [3.79786, 24.11115, -0.23498], "size": [1, 3, 1], "uv": [10, 87]}
				]
			},
			{
				"name": "bone10",
				"parent": "r",
				"pivot": [7.9, 25.25, -3],
				"cubes": [
					{"origin": [4.16002, 24.93658, -0.73498], "size": [1, 1, 1], "uv": [12, 99], "inflate": -0.2}
				]
			},
			{
				"name": "bone15",
				"parent": "r",
				"pivot": [7.84992, 26.7412, 0],
				"rotation": [0, 0, -25]
			},
			{
				"name": "bone16",
				"parent": "bone15",
				"pivot": [2.92202, 25.19377, 0.52512],
				"rotation": [20, 0, 0],
				"cubes": [
					{"origin": [2.75032, 24.21785, -0.66429], "size": [2, 3, 2], "uv": [0, 63], "inflate": -0.2}
				]
			},
			{
				"name": "bone17",
				"parent": "bone15",
				"pivot": [2.92202, 25.19377, -1.07488],
				"rotation": [-20, 0, 0],
				"cubes": [
					{"origin": [2.75032, 24.21538, -1.89227], "size": [2, 3, 2], "uv": [52, 58], "inflate": -0.2}
				]
			},
			{
				"name": "bone24",
				"parent": "r",
				"pivot": [9.18203, 24.94523, 0],
				"rotation": [10, 0, -25]
			},
			{
				"name": "bone25",
				"parent": "bone24",
				"pivot": [4.25412, 23.3978, 0.52512],
				"rotation": [20, 0, 0],
				"cubes": [
					{"origin": [3.2369, 22.17707, -0.47884], "size": [2, 3, 2], "uv": [8, 58]}
				]
			},
			{
				"name": "bone26",
				"parent": "bone24",
				"pivot": [4.25412, 23.3978, -1.07488],
				"rotation": [-20, 0, 0],
				"cubes": [
					{"origin": [3.10749, 21.87545, -1.50897], "size": [2, 3, 2], "uv": [0, 58]}
				]
			},
			{
				"name": "blink",
				"parent": "head",
				"pivot": [0, 18, 0],
				"cubes": [
					{"origin": [-4, 18, -4.001], "size": [8, 8, 0], "uv": [18, 16]}
				]
			},
			{
				"name": "bone245",
				"parent": "head",
				"pivot": [0, 18, 0]
			},
			{
				"name": "bone",
				"parent": "bone245",
				"pivot": [0, 0, -7.5],
				"cubes": [
					{"origin": [-3.5, 22.1, -4.5], "size": [7, 4, 1], "uv": [36, 27]}
				]
			},
			{
				"name": "bone2",
				"parent": "bone",
				"pivot": [-3.25, 24, -4.25],
				"rotation": [0, 0, 15],
				"cubes": [
					{"origin": [-3.75, 21.25, -4.75], "size": [1, 5, 1], "uv": [28, 76]}
				]
			},
			{
				"name": "bone4",
				"parent": "bone2",
				"pivot": [-3.76485, 23.35323, -3.25],
				"rotation": [0, 0, -5],
				"cubes": [
					{"origin": [-4.28149, 21.79205, -4.1], "size": [1, 4, 2], "uv": [30, 63]}
				]
			},
			{
				"name": "bone3",
				"parent": "bone",
				"pivot": [3.25, 24, -4.25],
				"rotation": [0, 0, -15],
				"cubes": [
					{"origin": [2.75, 21.25, -4.75], "size": [1, 5, 1], "uv": [24, 76]}
				]
			},
			{
				"name": "bone5",
				"parent": "bone3",
				"pivot": [3.96256, 21.28267, -3.25],
				"rotation": [0, 0, 5],
				"cubes": [
					{"origin": [3.10178, 21.76694, -4.1], "size": [1, 4, 2], "uv": [24, 63]}
				]
			},
			{
				"name": "bone244",
				"parent": "bone245",
				"pivot": [0.5, -0.25, 0.25],
				"cubes": [
					{"origin": [-4.5, 19.75, -0.75], "size": [1, 5, 5], "uv": [24, 27]},
					{"origin": [-4, 19.25, 3.5], "size": [8, 4, 1], "uv": [34, 16]},
					{"origin": [3.5, 19.75, -0.75], "size": [1, 5, 5], "uv": [12, 27]}
				]
			},
			{
				"name": "armRight",
				"pivot": [-2, 17.5, 0],
				"rotation": [0, 0, 25],
				"cubes": [
					{"origin": [-4, 8.5, -1], "size": [2, 8, 2], "uv": [38, 38]},
					{"origin": [-4, 13.75, -1], "size": [2, 1, 2], "uv": [8, 72], "inflate": 0.1},
					{"origin": [-4, 12.55, -1], "size": [2, 1, 2], "uv": [0, 69], "inflate": 0.2}
				]
			},
			{
				"name": "bone79",
				"parent": "armRight",
				"pivot": [1.5, -0.5, -0.5],
				"cubes": [
					{"origin": [-4, 10.75, -1], "size": [2, 0, 2], "uv": [8, 80], "inflate": 0.1}
				]
			},
			{
				"name": "bone81",
				"parent": "bone79",
				"pivot": [-2, 4, 0]
			},
			{
				"name": "bone82",
				"parent": "bone81",
				"pivot": [-3, 4, 0]
			},
			{
				"name": "bone83",
				"parent": "bone82",
				"pivot": [-3, 4, 5.27792],
				"rotation": [45, 0, 0]
			},
			{
				"name": "bone84",
				"parent": "bone83",
				"pivot": [-3, 4, 5.27792],
				"rotation": [0, -45, 0],
				"cubes": [
					{"origin": [-4, 13, 4.27792], "size": [1, 0, 1], "uv": [16, 105]}
				]
			},
			{
				"name": "bone85",
				"parent": "bone81",
				"pivot": [-3, 4, 0],
				"rotation": [0, -30, 0]
			},
			{
				"name": "bone86",
				"parent": "bone85",
				"pivot": [-3, 4, 5.27792],
				"rotation": [45, 0, 0]
			},
			{
				"name": "bone87",
				"parent": "bone86",
				"pivot": [-3, 4, 5.27792],
				"rotation": [0, -45, 0],
				"cubes": [
					{"origin": [-4, 13, 4.27792], "size": [1, 0, 1], "uv": [12, 105]}
				]
			},
			{
				"name": "bone88",
				"parent": "bone81",
				"pivot": [-3, 4, 0],
				"rotation": [0, -60, 0]
			},
			{
				"name": "bone89",
				"parent": "bone88",
				"pivot": [-3, 4, 5.27792],
				"rotation": [45, 0, 0]
			},
			{
				"name": "bone90",
				"parent": "bone89",
				"pivot": [-3, 4, 5.27792],
				"rotation": [0, -45, 0],
				"cubes": [
					{"origin": [-4, 13, 4.27792], "size": [1, 0, 1], "uv": [8, 105]}
				]
			},
			{
				"name": "bone91",
				"parent": "bone81",
				"pivot": [-3, 4, 0],
				"rotation": [0, -90, 0]
			},
			{
				"name": "bone92",
				"parent": "bone91",
				"pivot": [-3, 4, 5.27792],
				"rotation": [45, 0, 0]
			},
			{
				"name": "bone93",
				"parent": "bone92",
				"pivot": [-3, 4, 5.27792],
				"rotation": [0, -45, 0],
				"cubes": [
					{"origin": [-4, 13, 4.27792], "size": [1, 0, 1], "uv": [4, 105]}
				]
			},
			{
				"name": "bone94",
				"parent": "bone81",
				"pivot": [-3, 4, 0],
				"rotation": [0, -120, 0]
			},
			{
				"name": "bone95",
				"parent": "bone94",
				"pivot": [-3, 4, 5.27792],
				"rotation": [45, 0, 0]
			},
			{
				"name": "bone96",
				"parent": "bone95",
				"pivot": [-3, 4, 5.27792],
				"rotation": [0, -45, 0],
				"cubes": [
					{"origin": [-4, 13, 4.27792], "size": [1, 0, 1], "uv": [0, 105]}
				]
			},
			{
				"name": "bone97",
				"parent": "bone81",
				"pivot": [-3, 4, 0],
				"rotation": [0, -150, 0]
			},
			{
				"name": "bone98",
				"parent": "bone97",
				"pivot": [-3, 4, 5.27792],
				"rotation": [45, 0, 0]
			},
			{
				"name": "bone99",
				"parent": "bone98",
				"pivot": [-3, 4, 5.27792],
				"rotation": [0, -45, 0],
				"cubes": [
					{"origin": [-4, 13, 4.27792], "size": [1, 0, 1], "uv": [64, 104]}
				]
			},
			{
				"name": "bone100",
				"parent": "bone81",
				"pivot": [-3, 4, 0],
				"rotation": [0, -180, 0]
			},
			{
				"name": "bone101",
				"parent": "bone100",
				"pivot": [-3, 4, 5.27792],
				"rotation": [45, 0, 0]
			},
			{
				"name": "bone102",
				"parent": "bone101",
				"pivot": [-3, 4, 5.27792],
				"rotation": [0, -45, 0],
				"cubes": [
					{"origin": [-4, 13, 4.27792], "size": [1, 0, 1], "uv": [60, 104]}
				]
			},
			{
				"name": "bone103",
				"parent": "bone81",
				"pivot": [-3, 4, 0],
				"rotation": [0, -210, 0]
			},
			{
				"name": "bone104",
				"parent": "bone103",
				"pivot": [-3, 4, 5.27792],
				"rotation": [45, 0, 0]
			},
			{
				"name": "bone105",
				"parent": "bone104",
				"pivot": [-3, 4, 5.27792],
				"rotation": [0, -45, 0],
				"cubes": [
					{"origin": [-4, 13, 4.27792], "size": [1, 0, 1], "uv": [56, 104]}
				]
			},
			{
				"name": "bone106",
				"parent": "bone81",
				"pivot": [-3, 4, 0],
				"rotation": [0, -240, 0]
			},
			{
				"name": "bone107",
				"parent": "bone106",
				"pivot": [-3, 4, 5.27792],
				"rotation": [45, 0, 0]
			},
			{
				"name": "bone108",
				"parent": "bone107",
				"pivot": [-3, 4, 5.27792],
				"rotation": [0, -45, 0],
				"cubes": [
					{"origin": [-4, 13, 4.27792], "size": [1, 0, 1], "uv": [52, 104]}
				]
			},
			{
				"name": "bone109",
				"parent": "bone81",
				"pivot": [-3, 4, 0],
				"rotation": [0, -270, 0]
			},
			{
				"name": "bone110",
				"parent": "bone109",
				"pivot": [-3, 4, 5.27792],
				"rotation": [45, 0, 0]
			},
			{
				"name": "bone111",
				"parent": "bone110",
				"pivot": [-3, 4, 5.27792],
				"rotation": [0, -45, 0],
				"cubes": [
					{"origin": [-4, 13, 4.27792], "size": [1, 0, 1], "uv": [48, 104]}
				]
			},
			{
				"name": "bone112",
				"parent": "bone81",
				"pivot": [-3, 4, 0],
				"rotation": [0, -300, 0]
			},
			{
				"name": "bone113",
				"parent": "bone112",
				"pivot": [-3, 4, 5.27792],
				"rotation": [45, 0, 0]
			},
			{
				"name": "bone114",
				"parent": "bone113",
				"pivot": [-3, 4, 5.27792],
				"rotation": [0, -45, 0],
				"cubes": [
					{"origin": [-4, 13, 4.27792], "size": [1, 0, 1], "uv": [44, 104]}
				]
			},
			{
				"name": "bone115",
				"parent": "bone81",
				"pivot": [-3, 4, 0],
				"rotation": [0, -330, 0]
			},
			{
				"name": "bone116",
				"parent": "bone115",
				"pivot": [-3, 4, 5.27792],
				"rotation": [45, 0, 0]
			},
			{
				"name": "bone117",
				"parent": "bone116",
				"pivot": [-3, 4, 5.27792],
				"rotation": [0, -45, 0],
				"cubes": [
					{"origin": [-4, 13, 4.27792], "size": [1, 0, 1], "uv": [40, 104]}
				]
			},
			{
				"name": "bone192",
				"parent": "bone79",
				"pivot": [-2, 4.5, 0]
			},
			{
				"name": "bone193",
				"parent": "bone192",
				"pivot": [-3, 4.5, 0]
			},
			{
				"name": "bone194",
				"parent": "bone193",
				"pivot": [-3, 4.5, 5.27792],
				"rotation": [45, 0, 0]
			},
			{
				"name": "bone195",
				"parent": "bone194",
				"pivot": [-3, 4.5, 5.27792],
				"rotation": [0, -45, 0],
				"cubes": [
					{"origin": [-4, 13.5, 4.27792], "size": [1, 0, 1], "uv": [8, 103]}
				]
			},
			{
				"name": "bone196",
				"parent": "bone192",
				"pivot": [-3, 4.5, 0],
				"rotation": [0, -30, 0]
			},
			{
				"name": "bone197",
				"parent": "bone196",
				"pivot": [-3, 4.5, 5.27792],
				"rotation": [45, 0, 0]
			},
			{
				"name": "bone198",
				"parent": "bone197",
				"pivot": [-3, 4.5, 5.27792],
				"rotation": [0, -45, 0],
				"cubes": [
					{"origin": [-4, 13.5, 4.27792], "size": [1, 0, 1], "uv": [4, 103]}
				]
			},
			{
				"name": "bone199",
				"parent": "bone192",
				"pivot": [-3, 4.5, 0],
				"rotation": [0, -60, 0]
			},
			{
				"name": "bone200",
				"parent": "bone199",
				"pivot": [-3, 4.5, 5.27792],
				"rotation": [45, 0, 0]
			},
			{
				"name": "bone201",
				"parent": "bone200",
				"pivot": [-3, 4.5, 5.27792],
				"rotation": [0, -45, 0],
				"cubes": [
					{"origin": [-4, 13.5, 4.27792], "size": [1, 0, 1], "uv": [0, 103]}
				]
			},
			{
				"name": "bone202",
				"parent": "bone192",
				"pivot": [-3, 4.5, 0],
				"rotation": [0, -90, 0]
			},
			{
				"name": "bone203",
				"parent": "bone202",
				"pivot": [-3, 4.5, 5.27792],
				"rotation": [45, 0, 0]
			},
			{
				"name": "bone204",
				"parent": "bone203",
				"pivot": [-3, 4.5, 5.27792],
				"rotation": [0, -45, 0],
				"cubes": [
					{"origin": [-4, 13.5, 4.27792], "size": [1, 0, 1], "uv": [40, 101]}
				]
			},
			{
				"name": "bone205",
				"parent": "bone192",
				"pivot": [-3, 4.5, 0],
				"rotation": [0, -120, 0]
			},
			{
				"name": "bone206",
				"parent": "bone205",
				"pivot": [-3, 4.5, 5.27792],
				"rotation": [45, 0, 0]
			},
			{
				"name": "bone207",
				"parent": "bone206",
				"pivot": [-3, 4.5, 5.27792],
				"rotation": [0, -45, 0],
				"cubes": [
					{"origin": [-4, 13.5, 4.27792], "size": [1, 0, 1], "uv": [36, 102]}
				]
			},
			{
				"name": "bone208",
				"parent": "bone192",
				"pivot": [-3, 4.5, 0],
				"rotation": [0, -150, 0]
			},
			{
				"name": "bone209",
				"parent": "bone208",
				"pivot": [-3, 4.5, 5.27792],
				"rotation": [45, 0, 0]
			},
			{
				"name": "bone210",
				"parent": "bone209",
				"pivot": [-3, 4.5, 5.27792],
				"rotation": [0, -45, 0],
				"cubes": [
					{"origin": [-4, 13.5, 4.27792], "size": [1, 0, 1], "uv": [36, 101]}
				]
			},
			{
				"name": "bone211",
				"parent": "bone192",
				"pivot": [-3, 4.5, 0],
				"rotation": [0, -180, 0]
			},
			{
				"name": "bone212",
				"parent": "bone211",
				"pivot": [-3, 4.5, 5.27792],
				"rotation": [45, 0, 0]
			},
			{
				"name": "bone213",
				"parent": "bone212",
				"pivot": [-3, 4.5, 5.27792],
				"rotation": [0, -45, 0],
				"cubes": [
					{"origin": [-4, 13.5, 4.27792], "size": [1, 0, 1], "uv": [32, 102]}
				]
			},
			{
				"name": "bone214",
				"parent": "bone192",
				"pivot": [-3, 4.5, 0],
				"rotation": [0, -210, 0]
			},
			{
				"name": "bone215",
				"parent": "bone214",
				"pivot": [-3, 4.5, 5.27792],
				"rotation": [45, 0, 0]
			},
			{
				"name": "bone216",
				"parent": "bone215",
				"pivot": [-3, 4.5, 5.27792],
				"rotation": [0, -45, 0],
				"cubes": [
					{"origin": [-4, 13.5, 4.27792], "size": [1, 0, 1], "uv": [32, 101]}
				]
			},
			{
				"name": "bone217",
				"parent": "bone192",
				"pivot": [-3, 4.5, 0],
				"rotation": [0, -240, 0]
			},
			{
				"name": "bone218",
				"parent": "bone217",
				"pivot": [-3, 4.5, 5.27792],
				"rotation": [45, 0, 0]
			},
			{
				"name": "bone219",
				"parent": "bone218",
				"pivot": [-3, 4.5, 5.27792],
				"rotation": [0, -45, 0],
				"cubes": [
					{"origin": [-4, 13.5, 4.27792], "size": [1, 0, 1], "uv": [28, 102]}
				]
			},
			{
				"name": "bone220",
				"parent": "bone192",
				"pivot": [-3, 4.5, 0],
				"rotation": [0, -270, 0]
			},
			{
				"name": "bone221",
				"parent": "bone220",
				"pivot": [-3, 4.5, 5.27792],
				"rotation": [45, 0, 0]
			},
			{
				"name": "bone222",
				"parent": "bone221",
				"pivot": [-3, 4.5, 5.27792],
				"rotation": [0, -45, 0],
				"cubes": [
					{"origin": [-4, 13.5, 4.27792], "size": [1, 0, 1], "uv": [28, 101]}
				]
			},
			{
				"name": "bone223",
				"parent": "bone192",
				"pivot": [-3, 4.5, 0],
				"rotation": [0, -300, 0]
			},
			{
				"name": "bone224",
				"parent": "bone223",
				"pivot": [-3, 4.5, 5.27792],
				"rotation": [45, 0, 0]
			},
			{
				"name": "bone225",
				"parent": "bone224",
				"pivot": [-3, 4.5, 5.27792],
				"rotation": [0, -45, 0],
				"cubes": [
					{"origin": [-4, 13.5, 4.27792], "size": [1, 0, 1], "uv": [24, 102]}
				]
			},
			{
				"name": "bone226",
				"parent": "bone192",
				"pivot": [-3, 4.5, 0],
				"rotation": [0, -330, 0]
			},
			{
				"name": "bone227",
				"parent": "bone226",
				"pivot": [-3, 4.5, 5.27792],
				"rotation": [45, 0, 0]
			},
			{
				"name": "bone228",
				"parent": "bone227",
				"pivot": [-3, 4.5, 5.27792],
				"rotation": [0, -45, 0],
				"cubes": [
					{"origin": [-4, 13.5, 4.27792], "size": [1, 0, 1], "uv": [24, 101]}
				]
			},
			{
				"name": "bone45",
				"parent": "armRight",
				"pivot": [-3.14286, 16, 0],
				"rotation": [0, 0, 25],
				"cubes": [
					{"origin": [-4.5, 15.5, -1.5], "size": [1, 1, 1], "uv": [56, 97]},
					{"origin": [-4.5, 15.5, -0.5], "size": [1, 1, 1], "uv": [48, 97]},
					{"origin": [-4.5, 15.5, 0.5], "size": [1, 1, 1], "uv": [44, 97]},
					{"origin": [-3.5, 15.5, 0.5], "size": [1, 1, 1], "uv": [40, 97]},
					{"origin": [-2.5, 15.5, 0.5], "size": [1, 1, 1], "uv": [32, 97]},
					{"origin": [-3.5, 15.5, -1.5], "size": [1, 1, 1], "uv": [52, 97]},
					{"origin": [-2.5, 15.5, -1.5], "size": [1, 1, 1], "uv": [36, 97]}
				]
			},
			{
				"name": "armLeft",
				"pivot": [2, 17.5, 0],
				"rotation": [0, 0, -25],
				"cubes": [
					{"origin": [2, 8.5, -1], "size": [2, 8, 2], "uv": [30, 38]},
					{"origin": [2, 13.75, -1], "size": [2, 1, 2], "uv": [8, 69], "inflate": 0.1},
					{"origin": [2, 12.55, -1], "size": [2, 1, 2], "uv": [0, 72], "inflate": 0.2}
				]
			},
			{
				"name": "bone80",
				"parent": "armLeft",
				"pivot": [7.5, -0.5, -0.5],
				"cubes": [
					{"origin": [2, 10.5, -1], "size": [2, 0, 2], "uv": [8, 78], "inflate": 0.1}
				]
			},
			{
				"name": "bone118",
				"parent": "bone80",
				"pivot": [4, 4, 0]
			},
			{
				"name": "bone119",
				"parent": "bone118",
				"pivot": [3, 4, 0]
			},
			{
				"name": "bone120",
				"parent": "bone119",
				"pivot": [3, 4, 5.27792],
				"rotation": [45, 0, 0]
			},
			{
				"name": "bone121",
				"parent": "bone120",
				"pivot": [3, 4, 5.27792],
				"rotation": [0, -45, 0],
				"cubes": [
					{"origin": [2, 13, 4.27792], "size": [1, 0, 1], "uv": [36, 104]}
				]
			},
			{
				"name": "bone122",
				"parent": "bone118",
				"pivot": [3, 4, 0],
				"rotation": [0, -30, 0]
			},
			{
				"name": "bone123",
				"parent": "bone122",
				"pivot": [3, 4, 5.27792],
				"rotation": [45, 0, 0]
			},
			{
				"name": "bone124",
				"parent": "bone123",
				"pivot": [3, 4, 5.27792],
				"rotation": [0, -45, 0],
				"cubes": [
					{"origin": [2, 13, 4.27792], "size": [1, 0, 1], "uv": [32, 104]}
				]
			},
			{
				"name": "bone125",
				"parent": "bone118",
				"pivot": [3, 4, 0],
				"rotation": [0, -60, 0]
			},
			{
				"name": "bone126",
				"parent": "bone125",
				"pivot": [3, 4, 5.27792],
				"rotation": [45, 0, 0]
			},
			{
				"name": "bone127",
				"parent": "bone126",
				"pivot": [3, 4, 5.27792],
				"rotation": [0, -45, 0],
				"cubes": [
					{"origin": [2, 13, 4.27792], "size": [1, 0, 1], "uv": [28, 104]}
				]
			},
			{
				"name": "bone128",
				"parent": "bone118",
				"pivot": [3, 4, 0],
				"rotation": [0, -90, 0]
			},
			{
				"name": "bone129",
				"parent": "bone128",
				"pivot": [3, 4, 5.27792],
				"rotation": [45, 0, 0]
			},
			{
				"name": "bone130",
				"parent": "bone129",
				"pivot": [3, 4, 5.27792],
				"rotation": [0, -45, 0],
				"cubes": [
					{"origin": [2, 13, 4.27792], "size": [1, 0, 1], "uv": [24, 104]}
				]
			},
			{
				"name": "bone131",
				"parent": "bone118",
				"pivot": [3, 4, 0],
				"rotation": [0, -120, 0]
			},
			{
				"name": "bone132",
				"parent": "bone131",
				"pivot": [3, 4, 5.27792],
				"rotation": [45, 0, 0]
			},
			{
				"name": "bone133",
				"parent": "bone132",
				"pivot": [3, 4, 5.27792],
				"rotation": [0, -45, 0],
				"cubes": [
					{"origin": [2, 13, 4.27792], "size": [1, 0, 1], "uv": [20, 104]}
				]
			},
			{
				"name": "bone134",
				"parent": "bone118",
				"pivot": [3, 4, 0],
				"rotation": [0, -150, 0]
			},
			{
				"name": "bone135",
				"parent": "bone134",
				"pivot": [3, 4, 5.27792],
				"rotation": [45, 0, 0]
			},
			{
				"name": "bone136",
				"parent": "bone135",
				"pivot": [3, 4, 5.27792],
				"rotation": [0, -45, 0],
				"cubes": [
					{"origin": [2, 13, 4.27792], "size": [1, 0, 1], "uv": [16, 104]}
				]
			},
			{
				"name": "bone137",
				"parent": "bone118",
				"pivot": [3, 4, 0],
				"rotation": [0, -180, 0]
			},
			{
				"name": "bone138",
				"parent": "bone137",
				"pivot": [3, 4, 5.27792],
				"rotation": [45, 0, 0]
			},
			{
				"name": "bone139",
				"parent": "bone138",
				"pivot": [3, 4, 5.27792],
				"rotation": [0, -45, 0],
				"cubes": [
					{"origin": [2, 13, 4.27792], "size": [1, 0, 1], "uv": [12, 104]}
				]
			},
			{
				"name": "bone140",
				"parent": "bone118",
				"pivot": [3, 4, 0],
				"rotation": [0, -210, 0]
			},
			{
				"name": "bone141",
				"parent": "bone140",
				"pivot": [3, 4, 5.27792],
				"rotation": [45, 0, 0]
			},
			{
				"name": "bone142",
				"parent": "bone141",
				"pivot": [3, 4, 5.27792],
				"rotation": [0, -45, 0],
				"cubes": [
					{"origin": [2, 13, 4.27792], "size": [1, 0, 1], "uv": [8, 104]}
				]
			},
			{
				"name": "bone143",
				"parent": "bone118",
				"pivot": [3, 4, 0],
				"rotation": [0, -240, 0]
			},
			{
				"name": "bone144",
				"parent": "bone143",
				"pivot": [3, 4, 5.27792],
				"rotation": [45, 0, 0]
			},
			{
				"name": "bone145",
				"parent": "bone144",
				"pivot": [3, 4, 5.27792],
				"rotation": [0, -45, 0],
				"cubes": [
					{"origin": [2, 13, 4.27792], "size": [1, 0, 1], "uv": [4, 104]}
				]
			},
			{
				"name": "bone146",
				"parent": "bone118",
				"pivot": [3, 4, 0],
				"rotation": [0, -270, 0]
			},
			{
				"name": "bone147",
				"parent": "bone146",
				"pivot": [3, 4, 5.27792],
				"rotation": [45, 0, 0]
			},
			{
				"name": "bone148",
				"parent": "bone147",
				"pivot": [3, 4, 5.27792],
				"rotation": [0, -45, 0],
				"cubes": [
					{"origin": [2, 13, 4.27792], "size": [1, 0, 1], "uv": [0, 104]}
				]
			},
			{
				"name": "bone149",
				"parent": "bone118",
				"pivot": [3, 4, 0],
				"rotation": [0, -300, 0]
			},
			{
				"name": "bone150",
				"parent": "bone149",
				"pivot": [3, 4, 5.27792],
				"rotation": [45, 0, 0]
			},
			{
				"name": "bone151",
				"parent": "bone150",
				"pivot": [3, 4, 5.27792],
				"rotation": [0, -45, 0],
				"cubes": [
					{"origin": [2, 13, 4.27792], "size": [1, 0, 1], "uv": [64, 103]}
				]
			},
			{
				"name": "bone152",
				"parent": "bone118",
				"pivot": [3, 4, 0],
				"rotation": [0, -330, 0]
			},
			{
				"name": "bone153",
				"parent": "bone152",
				"pivot": [3, 4, 5.27792],
				"rotation": [45, 0, 0]
			},
			{
				"name": "bone154",
				"parent": "bone153",
				"pivot": [3, 4, 5.27792],
				"rotation": [0, -45, 0],
				"cubes": [
					{"origin": [2, 13, 4.27792], "size": [1, 0, 1], "uv": [60, 103]}
				]
			},
			{
				"name": "bone155",
				"parent": "bone80",
				"pivot": [4, 4.25, 0]
			},
			{
				"name": "bone156",
				"parent": "bone155",
				"pivot": [3, 4.25, 0]
			},
			{
				"name": "bone157",
				"parent": "bone156",
				"pivot": [3, 4.25, 5.27792],
				"rotation": [45, 0, 0]
			},
			{
				"name": "bone158",
				"parent": "bone157",
				"pivot": [3, 4.25, 5.27792],
				"rotation": [0, -45, 0],
				"cubes": [
					{"origin": [2, 13.25, 4.27792], "size": [1, 0, 1], "uv": [56, 103]}
				]
			},
			{
				"name": "bone159",
				"parent": "bone155",
				"pivot": [3, 4.25, 0],
				"rotation": [0, -30, 0]
			},
			{
				"name": "bone160",
				"parent": "bone159",
				"pivot": [3, 4.25, 5.27792],
				"rotation": [45, 0, 0]
			},
			{
				"name": "bone161",
				"parent": "bone160",
				"pivot": [3, 4.25, 5.27792],
				"rotation": [0, -45, 0],
				"cubes": [
					{"origin": [2, 13.25, 4.27792], "size": [1, 0, 1], "uv": [52, 103]}
				]
			},
			{
				"name": "bone162",
				"parent": "bone155",
				"pivot": [3, 4.25, 0],
				"rotation": [0, -60, 0]
			},
			{
				"name": "bone163",
				"parent": "bone162",
				"pivot": [3, 4.25, 5.27792],
				"rotation": [45, 0, 0]
			},
			{
				"name": "bone164",
				"parent": "bone163",
				"pivot": [3, 4.25, 5.27792],
				"rotation": [0, -45, 0],
				"cubes": [
					{"origin": [2, 13.25, 4.27792], "size": [1, 0, 1], "uv": [48, 103]}
				]
			},
			{
				"name": "bone165",
				"parent": "bone155",
				"pivot": [3, 4.25, 0],
				"rotation": [0, -90, 0]
			},
			{
				"name": "bone166",
				"parent": "bone165",
				"pivot": [3, 4.25, 5.27792],
				"rotation": [45, 0, 0]
			},
			{
				"name": "bone167",
				"parent": "bone166",
				"pivot": [3, 4.25, 5.27792],
				"rotation": [0, -45, 0],
				"cubes": [
					{"origin": [2, 13.25, 4.27792], "size": [1, 0, 1], "uv": [44, 103]}
				]
			},
			{
				"name": "bone168",
				"parent": "bone155",
				"pivot": [3, 4.25, 0],
				"rotation": [0, -120, 0]
			},
			{
				"name": "bone169",
				"parent": "bone168",
				"pivot": [3, 4.25, 5.27792],
				"rotation": [45, 0, 0]
			},
			{
				"name": "bone170",
				"parent": "bone169",
				"pivot": [3, 4.25, 5.27792],
				"rotation": [0, -45, 0],
				"cubes": [
					{"origin": [2, 13.25, 4.27792], "size": [1, 0, 1], "uv": [40, 103]}
				]
			},
			{
				"name": "bone171",
				"parent": "bone155",
				"pivot": [3, 4.25, 0],
				"rotation": [0, -150, 0]
			},
			{
				"name": "bone172",
				"parent": "bone171",
				"pivot": [3, 4.25, 5.27792],
				"rotation": [45, 0, 0]
			},
			{
				"name": "bone173",
				"parent": "bone172",
				"pivot": [3, 4.25, 5.27792],
				"rotation": [0, -45, 0],
				"cubes": [
					{"origin": [2, 13.25, 4.27792], "size": [1, 0, 1], "uv": [36, 103]}
				]
			},
			{
				"name": "bone174",
				"parent": "bone155",
				"pivot": [3, 4.25, 0],
				"rotation": [0, -180, 0]
			},
			{
				"name": "bone175",
				"parent": "bone174",
				"pivot": [3, 4.25, 5.27792],
				"rotation": [45, 0, 0]
			},
			{
				"name": "bone176",
				"parent": "bone175",
				"pivot": [3, 4.25, 5.27792],
				"rotation": [0, -45, 0],
				"cubes": [
					{"origin": [2, 13.25, 4.27792], "size": [1, 0, 1], "uv": [32, 103]}
				]
			},
			{
				"name": "bone177",
				"parent": "bone155",
				"pivot": [3, 4.25, 0],
				"rotation": [0, -210, 0]
			},
			{
				"name": "bone178",
				"parent": "bone177",
				"pivot": [3, 4.25, 5.27792],
				"rotation": [45, 0, 0]
			},
			{
				"name": "bone179",
				"parent": "bone178",
				"pivot": [3, 4.25, 5.27792],
				"rotation": [0, -45, 0],
				"cubes": [
					{"origin": [2, 13.25, 4.27792], "size": [1, 0, 1], "uv": [28, 103]}
				]
			},
			{
				"name": "bone180",
				"parent": "bone155",
				"pivot": [3, 4.25, 0],
				"rotation": [0, -240, 0]
			},
			{
				"name": "bone181",
				"parent": "bone180",
				"pivot": [3, 4.25, 5.27792],
				"rotation": [45, 0, 0]
			},
			{
				"name": "bone182",
				"parent": "bone181",
				"pivot": [3, 4.25, 5.27792],
				"rotation": [0, -45, 0],
				"cubes": [
					{"origin": [2, 13.25, 4.27792], "size": [1, 0, 1], "uv": [24, 103]}
				]
			},
			{
				"name": "bone183",
				"parent": "bone155",
				"pivot": [3, 4.25, 0],
				"rotation": [0, -270, 0]
			},
			{
				"name": "bone184",
				"parent": "bone183",
				"pivot": [3, 4.25, 5.27792],
				"rotation": [45, 0, 0]
			},
			{
				"name": "bone185",
				"parent": "bone184",
				"pivot": [3, 4.25, 5.27792],
				"rotation": [0, -45, 0],
				"cubes": [
					{"origin": [2, 13.25, 4.27792], "size": [1, 0, 1], "uv": [20, 103]}
				]
			},
			{
				"name": "bone186",
				"parent": "bone155",
				"pivot": [3, 4.25, 0],
				"rotation": [0, -300, 0]
			},
			{
				"name": "bone187",
				"parent": "bone186",
				"pivot": [3, 4.25, 5.27792],
				"rotation": [45, 0, 0]
			},
			{
				"name": "bone188",
				"parent": "bone187",
				"pivot": [3, 4.25, 5.27792],
				"rotation": [0, -45, 0],
				"cubes": [
					{"origin": [2, 13.25, 4.27792], "size": [1, 0, 1], "uv": [16, 103]}
				]
			},
			{
				"name": "bone189",
				"parent": "bone155",
				"pivot": [3, 4.25, 0],
				"rotation": [0, -330, 0]
			},
			{
				"name": "bone190",
				"parent": "bone189",
				"pivot": [3, 4.25, 5.27792],
				"rotation": [45, 0, 0]
			},
			{
				"name": "bone191",
				"parent": "bone190",
				"pivot": [3, 4.25, 5.27792],
				"rotation": [0, -45, 0],
				"cubes": [
					{"origin": [2, 13.25, 4.27792], "size": [1, 0, 1], "uv": [12, 103]}
				]
			},
			{
				"name": "bone46",
				"parent": "armLeft",
				"pivot": [3.14286, 16, 0],
				"rotation": [0, 0, -25],
				"cubes": [
					{"origin": [1.5, 15.5, -1.5], "size": [1, 1, 1], "uv": [28, 97]},
					{"origin": [3.5, 15.5, -0.5], "size": [1, 1, 1], "uv": [24, 97]},
					{"origin": [1.5, 15.5, 0.5], "size": [1, 1, 1], "uv": [20, 97]},
					{"origin": [2.5, 15.5, 0.5], "size": [1, 1, 1], "uv": [16, 97]},
					{"origin": [3.5, 15.5, 0.5], "size": [1, 1, 1], "uv": [12, 97]},
					{"origin": [2.5, 15.5, -1.5], "size": [1, 1, 1], "uv": [8, 97]},
					{"origin": [3.5, 15.5, -1.5], "size": [1, 1, 1], "uv": [4, 97]}
				]
			},
			{
				"name": "body",
				"pivot": [0, 10.5, 0],
				"cubes": [
					{"origin": [-3, 11.999, -3], "size": [6, 6, 6], "uv": [32, 0]},
					{"origin": [-3, 8.999, -3], "size": [6, 3, 6], "uv": [56, 0], "inflate": 0.2}
				]
			},
			{
				"name": "bone241",
				"parent": "body",
				"pivot": [0, 0, 0]
			},
			{
				"name": "bone242",
				"parent": "bone241",
				"pivot": [0.75, 13.149, -3],
				"rotation": [0, 0, -20],
				"cubes": [
					{"origin": [-0.75, 13.149, -3.001], "size": [3, 1, 0], "uv": [18, 91]}
				]
			},
			{
				"name": "bone243",
				"parent": "bone241",
				"pivot": [3, 13.399, -1],
				"rotation": [-20, 0, 0],
				"cubes": [
					{"origin": [3.001, 12.899, -2.5], "size": [0, 1, 3], "uv": [0, 76]}
				]
			},
			{
				"name": "op",
				"parent": "body",
				"pivot": [0, 15.999, -3.25],
				"rotation": [50, 0, 0],
				"cubes": [
					{"origin": [-3, 13.68617, -4.50352], "size": [6, 3, 3], "uv": [0, 16], "inflate": -0.1}
				]
			},
			{
				"name": "bone231",
				"parent": "op",
				"pivot": [0, -0.5, -4.85],
				"cubes": [
					{"origin": [-0.5, 15.93617, -2.55352], "size": [1, 1, 1], "uv": [0, 97], "inflate": -0.1}
				]
			},
			{
				"name": "bone229",
				"parent": "bone231",
				"pivot": [-0.25, 16.68617, -2.35352],
				"rotation": [0, 20, 0],
				"cubes": [
					{"origin": [-0.75, 16.68617, -3.35352], "size": [1, 0, 2], "uv": [0, 89], "inflate": -0.1},
					{"origin": [-1.68969, 16.68617, -5.19554], "size": [1, 0, 3], "uv": [36, 66]}
				]
			},
			{
				"name": "bone230",
				"parent": "bone231",
				"pivot": [0.25, 16.68617, -2.35352],
				"rotation": [0, -20, 0],
				"cubes": [
					{"origin": [-0.25, 16.686, -3.35352], "size": [1, 0, 2], "uv": [0, 87], "inflate": -0.1},
					{"origin": [0.68969, 16.686, -4.94554], "size": [1, 0, 3], "uv": [36, 63]}
				]
			},
			{
				"name": "233",
				"parent": "body",
				"pivot": [0, 10.5, 0]
			},
			{
				"name": "bone240",
				"parent": "233",
				"pivot": [0, 10.5, 0]
			},
			{
				"name": "bone44",
				"parent": "bone240",
				"pivot": [0, 15.5, 0]
			},
			{
				"name": "bone232",
				"parent": "bone44",
				"pivot": [0, 11.25, 0],
				"rotation": [-5, 0, 0]
			},
			{
				"name": "bone59",
				"parent": "bone232",
				"pivot": [0, 4.75, 0],
				"rotation": [0, -135, 0]
			},
			{
				"name": "bone60",
				"parent": "bone59",
				"pivot": [0, 4.75, 2.48337],
				"rotation": [18, 0, 0]
			},
			{
				"name": "bone61",
				"parent": "bone60",
				"pivot": [-0.5, 4.49263, 2.48337],
				"rotation": [0, -20, 7.39351],
				"cubes": [
					{"origin": [-1.05714, 7.49283, 6.47133], "size": [2, 5, 0], "uv": [20, 82]}
				]
			},
			{
				"name": "bone62",
				"parent": "bone60",
				"pivot": [0.5, 4.49263, 2.48337],
				"rotation": [0, 15, -7.39351],
				"cubes": [
					{"origin": [-0.73197, 7.51092, 6.37151], "size": [1, 5, 0], "uv": [8, 92]}
				]
			},
			{
				"name": "bone63",
				"parent": "bone232",
				"pivot": [0, 4.75, 0],
				"rotation": [0, -180, 0]
			},
			{
				"name": "bone64",
				"parent": "bone63",
				"pivot": [0, 4.75, 2.48337],
				"rotation": [18, 0, 0],
				"cubes": [
					{"origin": [-0.5, 7.49263, 5.99539], "size": [1, 5, 0], "uv": [6, 92]}
				]
			},
			{
				"name": "bone65",
				"parent": "bone64",
				"pivot": [-0.5, 4.49263, 2.48337],
				"rotation": [0, 0, 7.39351],
				"cubes": [
					{"origin": [-2.5, 7.49263, 5.99439], "size": [2, 5, 0], "uv": [16, 82]},
					{"origin": [-2.5, 8.99263, 6.09439], "size": [2, 1, 0], "uv": [20, 101]}
				]
			},
			{
				"name": "bone66",
				"parent": "bone64",
				"pivot": [0.5, 4.49263, 2.48337],
				"rotation": [0, 0, -7.39351],
				"cubes": [
					{"origin": [0.5, 7.49263, 5.99639], "size": [2, 5, 0], "uv": [12, 82]}
				]
			},
			{
				"name": "bone67",
				"parent": "bone232",
				"pivot": [0, 4.75, 0],
				"rotation": [0, -225, 0]
			},
			{
				"name": "bone68",
				"parent": "bone67",
				"pivot": [0, 4.75, 2.48337],
				"rotation": [18, 0, 0]
			},
			{
				"name": "bone69",
				"parent": "bone68",
				"pivot": [-0.5, 4.49263, 2.48337],
				"rotation": [0, -15, 7.39351],
				"cubes": [
					{"origin": [-0.26968, 7.51057, 6.37043], "size": [1, 5, 0], "uv": [2, 92]},
					{"origin": [-0.26968, 9.01057, 6.47043], "size": [1, 1, 0], "uv": [20, 105]}
				]
			},
			{
				"name": "bone70",
				"parent": "bone68",
				"pivot": [0.40175, 9.74283, 6.45582],
				"rotation": [0, 20, -7.39351],
				"cubes": [
					{"origin": [-0.22653, 7.52384, 6.5113], "size": [2, 5, 0], "uv": [8, 82]},
					{"origin": [-0.22653, 9.02384, 6.6113], "size": [2, 1, 0], "uv": [20, 102]}
				]
			},
			{
				"name": "bone27",
				"parent": "bone240",
				"pivot": [0, 15.5, 0]
			},
			{
				"name": "bone28",
				"parent": "bone27",
				"pivot": [0, 5, 0]
			},
			{
				"name": "bone29",
				"parent": "bone28",
				"pivot": [0, 5, 4.47051],
				"rotation": [10, 0, 0],
				"cubes": [
					{"origin": [-2.5, 3.65782, 4.47051], "size": [5, 10, 0], "uv": [0, 38]}
				]
			},
			{
				"name": "bone30",
				"parent": "bone29",
				"pivot": [-2.5, 4.65782, 4.47051],
				"rotation": [0, 0, 9.85108],
				"cubes": [
					{"origin": [-4.5, 3.65782, 4.46951], "size": [2, 10, 0], "uv": [14, 48]}
				]
			},
			{
				"name": "bone31",
				"parent": "bone29",
				"pivot": [2.5, 4.65782, 4.47051],
				"rotation": [0, 0, -9.85108],
				"cubes": [
					{"origin": [2.5, 3.65782, 4.47151], "size": [2, 10, 0], "uv": [10, 48]}
				]
			},
			{
				"name": "bone32",
				"parent": "bone27",
				"pivot": [0, 5, 0],
				"rotation": [0, -90, 0]
			},
			{
				"name": "bone33",
				"parent": "bone32",
				"pivot": [0, 5, 4.47051],
				"rotation": [10, 0, 0],
				"cubes": [
					{"origin": [-2.5, 5.65782, 4.47051], "size": [5, 8, 0], "uv": [20, 38]}
				]
			},
			{
				"name": "bone34",
				"parent": "bone33",
				"pivot": [-2.5, 4.65782, 4.47051],
				"rotation": [0, 0, 9.85108],
				"cubes": [
					{"origin": [-4.5, 6.65782, 4.46951], "size": [2, 7, 0], "uv": [20, 69]}
				]
			},
			{
				"name": "bone35",
				"parent": "bone33",
				"pivot": [2.5, 4.65782, 4.47051],
				"rotation": [0, 0, -9.85108],
				"cubes": [
					{"origin": [2.5, 4.65782, 4.47151], "size": [2, 9, 0], "uv": [32, 48]}
				]
			},
			{
				"name": "bone36",
				"parent": "bone27",
				"pivot": [0, 5, 0],
				"rotation": [0, -180, 0]
			},
			{
				"name": "bone37",
				"parent": "bone36",
				"pivot": [0, 5, 4.47051],
				"rotation": [10, 0, 0],
				"cubes": [
					{"origin": [-2.5, 7.65782, 4.47051], "size": [5, 6, 0], "uv": [0, 48]}
				]
			},
			{
				"name": "bone38",
				"parent": "bone37",
				"pivot": [-2.5, 4.65782, 4.47051],
				"rotation": [0, 0, 9.85108],
				"cubes": [
					{"origin": [-4.5, 7.65782, 4.46951], "size": [2, 6, 0], "uv": [20, 76]}
				]
			},
			{
				"name": "bone39",
				"parent": "bone37",
				"pivot": [2.5, 4.65782, 4.47051],
				"rotation": [0, 0, -9.85108],
				"cubes": [
					{"origin": [2.5, 7.65782, 4.47151], "size": [2, 6, 0], "uv": [16, 76]}
				]
			},
			{
				"name": "bone40",
				"parent": "bone27",
				"pivot": [0, 5, 0],
				"rotation": [0, -270, 0]
			},
			{
				"name": "bone41",
				"parent": "bone40",
				"pivot": [0, 5, 4.47051],
				"rotation": [10, 0, 0],
				"cubes": [
					{"origin": [-2.5, 5.65782, 4.47051], "size": [5, 8, 0], "uv": [10, 38]}
				]
			},
			{
				"name": "bone42",
				"parent": "bone41",
				"pivot": [-2.5, 4.65782, 4.47051],
				"rotation": [0, 0, 9.85108],
				"cubes": [
					{"origin": [-4.5, 4.65782, 4.46951], "size": [2, 9, 0], "uv": [28, 48]}
				]
			},
			{
				"name": "bone43",
				"parent": "bone41",
				"pivot": [2.5, 4.65782, 4.47051],
				"rotation": [0, 0, -9.85108],
				"cubes": [
					{"origin": [2.5, 6.65782, 4.47151], "size": [2, 7, 0], "uv": [16, 69]}
				]
			},
			{
				"name": "body2",
				"parent": "body",
				"pivot": [0, 10.5, 0],
				"rotation": [10, 0, 0],
				"cubes": [
					{"origin": [-0.5, 2.65782, 3.22051], "size": [1, 1, 1], "uv": [98, 0]}
				]
			},
			{
				"name": "bone421",
				"parent": "body2",
				"pivot": [0, 10.5, 0],
				"cubes": [
					{"origin": [-0.5, 12.16977, 3.50558], "size": [1, 2, 1], "uv": [108, 0], "inflate": 0.1}
				]
			},
			{
				"name": "bone47",
				"parent": "bone421",
				"pivot": [2, 13.749, 3.5],
				"rotation": [0, 0, 15],
				"cubes": [
					{"origin": [0.53784, 11.64184, 3.30558], "size": [3, 2, 1], "uv": [104, 3]}
				]
			},
			{
				"name": "bone48",
				"parent": "bone421",
				"pivot": [-2, 13.749, 3.5],
				"rotation": [0, 0, -15],
				"cubes": [
					{"origin": [-3.53784, 11.64184, 3.30558], "size": [3, 2, 1], "uv": [104, 3]}
				]
			},
			{
				"name": "bone53",
				"parent": "bone421",
				"pivot": [0, 10.5, 0]
			},
			{
				"name": "bone50",
				"parent": "bone53",
				"pivot": [2, 13.749, 3.5],
				"rotation": [0, 0, 35],
				"cubes": [
					{"origin": [0.86364, 11.91174, 3.50558], "size": [4, 1, 1], "uv": [102, 6]}
				]
			},
			{
				"name": "bone51",
				"parent": "bone53",
				"pivot": [2, 13.749, 3.5],
				"rotation": [0, 0, 50],
				"cubes": [
					{"origin": [1.24158, 11.71551, 3.50568], "size": [4, 1, 1], "uv": [102, 6]}
				]
			},
			{
				"name": "bone54",
				"parent": "bone421",
				"pivot": [0, 10.5, 0]
			},
			{
				"name": "bone49",
				"parent": "bone54",
				"pivot": [-2, 13.749, 3.5],
				"rotation": [0, 0, -35],
				"cubes": [
					{"origin": [-4.82268, 11.88306, 3.50558], "size": [4, 1, 1], "uv": [102, 6]}
				]
			},
			{
				"name": "bone52",
				"parent": "bone54",
				"pivot": [-2, 13.749, 3.5],
				"rotation": [0, 0, -50],
				"cubes": [
					{"origin": [-5.20944, 11.67721, 3.50568], "size": [4, 1, 1], "uv": [102, 6]}
				]
			},
			{
				"name": "bone58",
				"parent": "body2",
				"pivot": [1, 9.5, -0.1],
				"rotation": [0, 0, -20]
			},
			{
				"name": "bone71",
				"parent": "bone58",
				"pivot": [-1, 12.749, 3.4],
				"rotation": [0, 0, -40],
				"cubes": [
					{"origin": [-4.51415, 11.59872, 3.40568], "size": [5, 1, 1], "uv": [100, 8]}
				]
			},
			{
				"name": "bone72",
				"parent": "bone58",
				"pivot": [-1, 12.749, 3.4],
				"rotation": [0, 0, -50],
				"cubes": [
					{"origin": [-4.6605, 11.22642, 3.40568], "size": [5, 1, 1], "uv": [100, 8]}
				]
			},
			{
				"name": "bone74",
				"parent": "bone58",
				"pivot": [-1, 12.749, 3.4],
				"rotation": [0, 0, -50],
				"cubes": [
					{"origin": [-9.1978, 8.39483, 3.9925], "size": [9, 4, 0], "uv": [94, 10], "mirror": true}
				]
			},
			{
				"name": "bone75",
				"parent": "body2",
				"pivot": [1, 5, 4.47051],
				"cubes": [
					{"origin": [-0.5, 1.85782, 3.37051], "size": [1, 2, 1], "uv": [100, 14], "inflate": -0.25},
					{"origin": [-3.5, -1.04218, 3.47051], "size": [7, 4, 0], "uv": [90, 18]}
				]
			},
			{
				"name": "bone76",
				"parent": "bone75",
				"pivot": [1.5, 1.90782, 3.72051],
				"rotation": [0, 0, 20],
				"cubes": [
					{"origin": [0.13148, 1.74399, 3.1771], "size": [2, 1, 1], "uv": [106, 14]}
				]
			},
			{
				"name": "bone77",
				"parent": "bone75",
				"pivot": [-1.5, 1.90782, 3.72051],
				"rotation": [0, 0, -20],
				"cubes": [
					{"origin": [-2.13148, 1.74399, 3.1771], "size": [2, 1, 1], "uv": [106, 14]}
				]
			},
			{
				"name": "bone78",
				"parent": "bone75",
				"pivot": [-0.5, 0.92302, 3.54686],
				"rotation": [0, 0, -70],
				"cubes": [
					{"origin": [-2.51148, 0.5826, 3.12203], "size": [4, 1, 1], "uv": [100, 22]}
				]
			},
			{
				"name": "bone233",
				"parent": "bone75",
				"pivot": [-0.5, 0.92302, 3.54686],
				"rotation": [0, 0, 70],
				"cubes": [
					{"origin": [-2.1465, 1.52229, 3.12203], "size": [4, 1, 1], "uv": [100, 22]}
				]
			},
			{
				"name": "bone55",
				"parent": "body2",
				"pivot": [-1, 9.5, -0.1],
				"rotation": [0, 0, 20]
			},
			{
				"name": "bone56",
				"parent": "bone55",
				"pivot": [1, 12.749, 3.4],
				"rotation": [0, 0, 40],
				"cubes": [
					{"origin": [-0.44755, 11.63086, 3.40568], "size": [5, 1, 1], "uv": [100, 8]}
				]
			},
			{
				"name": "bone57",
				"parent": "bone55",
				"pivot": [1, 12.749, 3.4],
				"rotation": [0, 0, 50],
				"cubes": [
					{"origin": [-0.30736, 11.26472, 3.40568], "size": [5, 1, 1], "uv": [100, 8]}
				]
			},
			{
				"name": "bone73",
				"parent": "bone55",
				"pivot": [1, 12.749, 3.4],
				"rotation": [0, 0, 50],
				"cubes": [
					{"origin": [0.22993, 8.43313, 3.9925], "size": [9, 4, 0], "uv": [94, 10]}
				]
			},
			{
				"name": "chestPlate",
				"parent": "body",
				"pivot": [0, 10.5, 0]
			},
			{
				"name": "sinFloat",
				"parent": "chestPlate",
				"pivot": [0, 10.5, 0]
			},
			{
				"name": "1",
				"parent": "sinFloat",
				"pivot": [-10.5, 11.75, 0.5],
				"rotation": [-15, 20, -35]
			},
			{
				"name": "a",
				"parent": "1",
				"pivot": [-15, 5.75, 1],
				"cubes": [
					{"origin": [-12.5, 10.75, 2.5], "size": [4, 1, 3], "uv": [97, 105]},
					{"origin": [-9.5, 12.16177, 3.57649], "size": [3, 1, 2], "uv": [97, 109], "inflate": -0.25},
					{"origin": [-9.5, 11.66177, 3.57649], "size": [3, 1, 2], "uv": [97, 109], "inflate": -0.25},
					{"origin": [-14.5, 12.16177, 3.57649], "size": [3, 1, 2], "uv": [97, 109], "inflate": -0.25},
					{"origin": [-14.5, 11.66177, 3.57649], "size": [3, 1, 2], "uv": [97, 109], "inflate": -0.25},
					{"origin": [-12.5, 10.75, -2.3], "size": [4, 2, 6], "uv": [77, 97]}
				]
			},
			{
				"name": "bone261",
				"parent": "a",
				"pivot": [-14, 11.75, 8],
				"rotation": [0, -125, 0],
				"cubes": [
					{"origin": [-20.80956, 10.75, 5.30589], "size": [1, 2, 3], "uv": [89, 92]}
				]
			},
			{
				"name": "bone252",
				"parent": "a",
				"pivot": [-14, 11.75, 8],
				"rotation": [0, 125, 0],
				"cubes": [
					{"origin": [-12.20548, 10.75, 11.03995], "size": [1, 2, 3], "uv": [89, 92]}
				]
			},
			{
				"name": "bone260",
				"parent": "a",
				"pivot": [-14, 11.75, 7],
				"rotation": [0, -120, 0],
				"cubes": [
					{"origin": [-20.68281, 10.75, 3.22265], "size": [1, 2, 3], "uv": [89, 92]}
				]
			},
			{
				"name": "bone251",
				"parent": "a",
				"pivot": [-14, 11.75, 7],
				"rotation": [0, 120, 0],
				"cubes": [
					{"origin": [-11.81719, 10.75, 9.28483], "size": [1, 2, 3], "uv": [89, 92]}
				]
			},
			{
				"name": "bone259",
				"parent": "a",
				"pivot": [-14, 11.75, 6],
				"rotation": [0, -110, 0],
				"cubes": [
					{"origin": [-19.98566, 10.75, 0.77756], "size": [1, 2, 3], "uv": [89, 92]}
				]
			},
			{
				"name": "bone250",
				"parent": "a",
				"pivot": [-14, 11.75, 6],
				"rotation": [0, 110, 0],
				"cubes": [
					{"origin": [-11.40848, 10.75, 7.35541], "size": [1, 2, 3], "uv": [89, 92]}
				]
			},
			{
				"name": "bone258",
				"parent": "a",
				"pivot": [-14, 11.75, 5],
				"rotation": [0, -100, 0],
				"cubes": [
					{"origin": [-19.00305, 10.75, -1.35615], "size": [1, 2, 3], "uv": [89, 92]}
				]
			},
			{
				"name": "bone249",
				"parent": "a",
				"pivot": [-14, 11.75, 5],
				"rotation": [0, 100, 0],
				"cubes": [
					{"origin": [-11.21249, 10.75, 5.53751], "size": [1, 2, 3], "uv": [89, 92]}
				]
			},
			{
				"name": "bone257",
				"parent": "a",
				"pivot": [-14, 11.75, 4],
				"rotation": [0, -80, 0],
				"cubes": [
					{"origin": [-16.54259, 10.75, -3.51032], "size": [1, 2, 3], "uv": [89, 92]}
				]
			},
			{
				"name": "bone248",
				"parent": "a",
				"pivot": [-14, 11.75, 4],
				"rotation": [0, 80, 0],
				"cubes": [
					{"origin": [-11.24187, 10.75, 3.38333], "size": [1, 2, 3], "uv": [89, 92]}
				]
			},
			{
				"name": "bone256",
				"parent": "a",
				"pivot": [-7.93584, 8.75, 3.35429],
				"rotation": [0, -65, 0],
				"cubes": [
					{"origin": [-11.42559, 10.75, 1.21069], "size": [1, 2, 3], "uv": [89, 92]}
				]
			},
			{
				"name": "bone247",
				"parent": "a",
				"pivot": [-14, 11.75, 3],
				"rotation": [0, 65, 0],
				"cubes": [
					{"origin": [-11.43584, 10.75, 1.85429], "size": [1, 2, 3], "uv": [89, 92]}
				]
			},
			{
				"name": "bone255",
				"parent": "a",
				"pivot": [-11, 11.75, 1],
				"rotation": [0, -55, 0],
				"cubes": [
					{"origin": [-12.37845, 10.75, -2.87667], "size": [2, 2, 2], "uv": [89, 105]}
				]
			},
			{
				"name": "bone246",
				"parent": "a",
				"pivot": [-14, 11.75, 1],
				"rotation": [0, 55, 0],
				"cubes": [
					{"origin": [-12.32724, 10.75, 0.39994], "size": [2, 2, 2], "uv": [89, 105]}
				]
			},
			{
				"name": "bone253",
				"parent": "a",
				"pivot": [-10, 11.75, 7],
				"rotation": [-10, 0, 0],
				"cubes": [
					{"origin": [-12.5, 11.16177, 3.57649], "size": [4, 1, 2], "uv": [98, 102]}
				]
			},
			{
				"name": "b",
				"parent": "1",
				"pivot": [-15, 5.75, 1]
			},
			{
				"name": "bone254",
				"parent": "b",
				"pivot": [-20.8, 13.25, -13.6],
				"rotation": [90, 0, 0],
				"cubes": [
					{"origin": [-12, 2.55, -15.35], "size": [1, 5, 1], "uv": [70, 106], "inflate": -0.3}
				]
			},
			{
				"name": "bone266",
				"parent": "bone254",
				"pivot": [-7.8, 2.75, -13.6],
				"rotation": [0, -180, 0],
				"cubes": [
					{"origin": [-4.6, 1.55, -12.35], "size": [1, 2, 0], "uv": [74, 110], "inflate": -0.35}
				]
			},
			{
				"name": "bone267",
				"parent": "bone254",
				"pivot": [-7.8, 2.75, -13.6],
				"rotation": [0, -225, 0],
				"cubes": [
					{"origin": [-4.79124, 1.55, -15.3117], "size": [1, 2, 0], "uv": [74, 110], "inflate": -0.35}
				]
			},
			{
				"name": "bone268",
				"parent": "bone254",
				"pivot": [-7.8, 2.75, -13.6],
				"rotation": [0, -270, 0],
				"cubes": [
					{"origin": [-7.03787, 1.55, -17.28787], "size": [1, 2, 0], "uv": [74, 110], "inflate": -0.35}
				]
			},
			{
				"name": "bone269",
				"parent": "bone254",
				"pivot": [-7.8, 2.75, -13.6],
				"rotation": [0, -315, 0],
				"cubes": [
					{"origin": [-10.02383, 1.55, -17.09663], "size": [1, 2, 0], "uv": [74, 110], "inflate": -0.35}
				]
			},
			{
				"name": "bone262",
				"parent": "b",
				"pivot": [-20.6, 13.25, -13.6],
				"rotation": [90, 0, 0],
				"cubes": [
					{"origin": [-10, 2.55, -15.35], "size": [1, 5, 1], "uv": [70, 106], "inflate": -0.3}
				]
			},
			{
				"name": "bone263",
				"parent": "bone262",
				"pivot": [-7.6, 2.75, -13.6],
				"rotation": [0, -180, 0],
				"cubes": [
					{"origin": [-6.2, 1.55, -12.35], "size": [1, 2, 0], "uv": [74, 110], "inflate": -0.35}
				]
			},
			{
				"name": "bone264",
				"parent": "bone262",
				"pivot": [-7.6, 2.75, -13.6],
				"rotation": [0, -225, 0],
				"cubes": [
					{"origin": [-5.86403, 1.55, -14.03891], "size": [1, 2, 0], "uv": [74, 110], "inflate": -0.35}
				]
			},
			{
				"name": "bone265",
				"parent": "bone262",
				"pivot": [-7.6, 2.75, -13.6],
				"rotation": [0, -270, 0],
				"cubes": [
					{"origin": [-6.83787, 1.55, -15.48787], "size": [1, 2, 0], "uv": [74, 110], "inflate": -0.35}
				]
			},
			{
				"name": "bone270",
				"parent": "bone262",
				"pivot": [-7.6, 2.75, -13.6],
				"rotation": [0, -315, 0],
				"cubes": [
					{"origin": [-8.55104, 1.55, -15.82383], "size": [1, 2, 0], "uv": [74, 110], "inflate": -0.35}
				]
			},
			{
				"name": "bone271",
				"parent": "1",
				"pivot": [-10.75, 10.5, 1]
			},
			{
				"name": "bone272",
				"parent": "bone271",
				"pivot": [-10.75, 10.5, 1],
				"cubes": [
					{"origin": [-11.25, 10.5, 3.51367], "size": [1, 1, -2], "uv": [69, 112]}
				]
			},
			{
				"name": "bone273",
				"parent": "bone271",
				"pivot": [-10.75, 10.5, 1],
				"rotation": [0, -22.5, 0],
				"cubes": [
					{"origin": [-11.25, 10.5, 3.51367], "size": [1, 1, -2], "uv": [69, 112]}
				]
			},
			{
				"name": "bone274",
				"parent": "bone271",
				"pivot": [-10.75, 10.5, 1],
				"rotation": [0, -45, 0],
				"cubes": [
					{"origin": [-11.25, 10.5, 3.51367], "size": [1, 1, -2], "uv": [69, 112]}
				]
			},
			{
				"name": "bone275",
				"parent": "bone271",
				"pivot": [-10.75, 10.5, 1],
				"rotation": [0, -67.5, 0],
				"cubes": [
					{"origin": [-11.25, 10.5, 3.51367], "size": [1, 1, -2], "uv": [69, 112]}
				]
			},
			{
				"name": "bone276",
				"parent": "bone271",
				"pivot": [-10.75, 10.5, 1],
				"rotation": [0, -90, 0],
				"cubes": [
					{"origin": [-11.25, 10.5, 3.51367], "size": [1, 1, -2], "uv": [69, 112]}
				]
			},
			{
				"name": "bone277",
				"parent": "bone271",
				"pivot": [-10.75, 10.5, 1],
				"rotation": [0, -112.5, 0],
				"cubes": [
					{"origin": [-11.25, 10.5, 3.51367], "size": [1, 1, -2], "uv": [69, 112]}
				]
			},
			{
				"name": "bone278",
				"parent": "bone271",
				"pivot": [-10.75, 10.5, 1],
				"rotation": [0, -135, 0],
				"cubes": [
					{"origin": [-11.25, 10.5, 3.51367], "size": [1, 1, -2], "uv": [69, 112]}
				]
			},
			{
				"name": "bone279",
				"parent": "bone271",
				"pivot": [-10.75, 10.5, 1],
				"rotation": [0, -157.5, 0],
				"cubes": [
					{"origin": [-11.25, 10.5, 3.51367], "size": [1, 1, -2], "uv": [69, 112]}
				]
			},
			{
				"name": "bone280",
				"parent": "bone271",
				"pivot": [-10.75, 10.5, 1],
				"rotation": [0, -180, 0],
				"cubes": [
					{"origin": [-11.25, 10.5, 3.51367], "size": [1, 1, -2], "uv": [69, 112]}
				]
			},
			{
				"name": "bone281",
				"parent": "bone271",
				"pivot": [-10.75, 10.5, 1],
				"rotation": [0, -202.5, 0],
				"cubes": [
					{"origin": [-11.25, 10.5, 3.51367], "size": [1, 1, -2], "uv": [69, 112]}
				]
			},
			{
				"name": "bone282",
				"parent": "bone271",
				"pivot": [-10.75, 10.5, 1],
				"rotation": [0, -225, 0],
				"cubes": [
					{"origin": [-11.25, 10.5, 3.51367], "size": [1, 1, -2], "uv": [69, 112]}
				]
			},
			{
				"name": "bone283",
				"parent": "bone271",
				"pivot": [-10.75, 10.5, 1],
				"rotation": [0, -247.5, 0],
				"cubes": [
					{"origin": [-11.25, 10.5, 3.51367], "size": [1, 1, -2], "uv": [69, 112]}
				]
			},
			{
				"name": "bone284",
				"parent": "bone271",
				"pivot": [-10.75, 10.5, 1],
				"rotation": [0, -270, 0],
				"cubes": [
					{"origin": [-11.25, 10.5, 3.51367], "size": [1, 1, -2], "uv": [69, 112]}
				]
			},
			{
				"name": "bone285",
				"parent": "bone271",
				"pivot": [-10.75, 10.5, 1],
				"rotation": [0, -292.5, 0],
				"cubes": [
					{"origin": [-11.25, 10.5, 3.51367], "size": [1, 1, -2], "uv": [69, 112]}
				]
			},
			{
				"name": "bone286",
				"parent": "bone271",
				"pivot": [-10.75, 10.5, 1],
				"rotation": [0, -315, 0],
				"cubes": [
					{"origin": [-11.25, 10.5, 3.51367], "size": [1, 1, -2], "uv": [69, 112]}
				]
			},
			{
				"name": "bone287",
				"parent": "bone271",
				"pivot": [-10.75, 10.5, 1],
				"rotation": [0, -337.5, 0],
				"cubes": [
					{"origin": [-11.25, 10.5, 3.51367], "size": [1, 1, -2], "uv": [69, 112]}
				]
			},
			{
				"name": "bone288",
				"parent": "1",
				"pivot": [-9.75, 9.75, 2]
			},
			{
				"name": "bone295",
				"parent": "bone288",
				"pivot": [-9.75, 9.75, 2],
				"rotation": [0, -135, 0],
				"cubes": [
					{"origin": [-10.25, 9.75, 4.51367], "size": [1, 1, -2], "uv": [83, 112], "inflate": -0.25}
				]
			},
			{
				"name": "bone296",
				"parent": "bone288",
				"pivot": [-9.75, 9.75, 2],
				"rotation": [0, -157.5, 0],
				"cubes": [
					{"origin": [-9.67336, 9.75, 4.39897], "size": [1, 1, -2], "uv": [83, 112], "inflate": -0.25}
				]
			},
			{
				"name": "bone297",
				"parent": "bone288",
				"pivot": [-9.75, 9.75, 2],
				"rotation": [0, -180, 0],
				"cubes": [
					{"origin": [-9.18451, 9.75, 4.07233], "size": [1, 1, -2], "uv": [83, 112], "inflate": -0.25}
				]
			},
			{
				"name": "bone298",
				"parent": "bone288",
				"pivot": [-9.75, 9.75, 2],
				"rotation": [0, -202.5, 0],
				"cubes": [
					{"origin": [-8.85787, 9.75, 3.58348], "size": [1, 1, -2], "uv": [83, 112], "inflate": -0.25}
				]
			},
			{
				"name": "bone299",
				"parent": "bone288",
				"pivot": [-9.75, 9.75, 2],
				"rotation": [0, -225, 0],
				"cubes": [
					{"origin": [-8.74317, 9.75, 3.00683], "size": [1, 1, -2], "uv": [83, 112], "inflate": -0.25}
				]
			},
			{
				"name": "bone300",
				"parent": "bone288",
				"pivot": [-9.75, 9.75, 2],
				"rotation": [0, -247.5, 0],
				"cubes": [
					{"origin": [-8.85787, 9.75, 2.43019], "size": [1, 1, -2], "uv": [83, 112], "inflate": -0.25}
				]
			},
			{
				"name": "bone301",
				"parent": "bone288",
				"pivot": [-9.75, 9.75, 2],
				"rotation": [0, -270, 0],
				"cubes": [
					{"origin": [-9.18451, 9.75, 1.94134], "size": [1, 1, -2], "uv": [83, 112], "inflate": -0.25}
				]
			},
			{
				"name": "bone302",
				"parent": "bone288",
				"pivot": [-9.75, 9.75, 2],
				"rotation": [0, -292.5, 0],
				"cubes": [
					{"origin": [-9.67336, 9.75, 1.6147], "size": [1, 1, -2], "uv": [83, 112], "inflate": -0.25}
				]
			},
			{
				"name": "2",
				"parent": "sinFloat",
				"pivot": [-8.5, 16.5, 3.5],
				"rotation": [-15, 15, 0]
			},
			{
				"name": "a2",
				"parent": "2",
				"pivot": [-13, 10.5, 4],
				"cubes": [
					{"origin": [-10.5, 15.5, 5.5], "size": [4, 1, 3], "uv": [97, 105]},
					{"origin": [-7.5, 16.91177, 6.57649], "size": [3, 1, 2], "uv": [97, 109], "inflate": -0.25},
					{"origin": [-7.5, 16.41177, 6.57649], "size": [3, 1, 2], "uv": [97, 109], "inflate": -0.25},
					{"origin": [-12.5, 16.91177, 6.57649], "size": [3, 1, 2], "uv": [97, 109], "inflate": -0.25},
					{"origin": [-12.5, 16.41177, 6.57649], "size": [3, 1, 2], "uv": [97, 109], "inflate": -0.25},
					{"origin": [-10.5, 15.5, 0.7], "size": [4, 2, 6], "uv": [77, 97]}
				]
			},
			{
				"name": "bone289",
				"parent": "a2",
				"pivot": [-12, 16.5, 11],
				"rotation": [0, -125, 0],
				"cubes": [
					{"origin": [-18.80956, 15.5, 8.30589], "size": [1, 2, 3], "uv": [89, 92]}
				]
			},
			{
				"name": "bone290",
				"parent": "a2",
				"pivot": [-12, 16.5, 11],
				"rotation": [0, 125, 0],
				"cubes": [
					{"origin": [-10.20548, 15.5, 14.03995], "size": [1, 2, 3], "uv": [89, 92]}
				]
			},
			{
				"name": "bone291",
				"parent": "a2",
				"pivot": [-12, 16.5, 10],
				"rotation": [0, -120, 0],
				"cubes": [
					{"origin": [-18.68281, 15.5, 6.22265], "size": [1, 2, 3], "uv": [89, 92]}
				]
			},
			{
				"name": "bone292",
				"parent": "a2",
				"pivot": [-12, 16.5, 10],
				"rotation": [0, 120, 0],
				"cubes": [
					{"origin": [-9.81719, 15.5, 12.28483], "size": [1, 2, 3], "uv": [89, 92]}
				]
			},
			{
				"name": "bone293",
				"parent": "a2",
				"pivot": [-12, 16.5, 9],
				"rotation": [0, -110, 0],
				"cubes": [
					{"origin": [-17.98566, 15.5, 3.77756], "size": [1, 2, 3], "uv": [89, 92]}
				]
			},
			{
				"name": "bone294",
				"parent": "a2",
				"pivot": [-12, 16.5, 9],
				"rotation": [0, 110, 0],
				"cubes": [
					{"origin": [-9.40848, 15.5, 10.35541], "size": [1, 2, 3], "uv": [89, 92]}
				]
			},
			{
				"name": "bone303",
				"parent": "a2",
				"pivot": [-12, 16.5, 8],
				"rotation": [0, -100, 0],
				"cubes": [
					{"origin": [-17.00305, 15.5, 1.64385], "size": [1, 2, 3], "uv": [89, 92]}
				]
			},
			{
				"name": "bone304",
				"parent": "a2",
				"pivot": [-12, 16.5, 8],
				"rotation": [0, 100, 0],
				"cubes": [
					{"origin": [-9.21249, 15.5, 8.53751], "size": [1, 2, 3], "uv": [89, 92]}
				]
			},
			{
				"name": "bone305",
				"parent": "a2",
				"pivot": [-12, 16.5, 7],
				"rotation": [0, -80, 0],
				"cubes": [
					{"origin": [-14.54259, 15.5, -0.51032], "size": [1, 2, 3], "uv": [89, 92]}
				]
			},
			{
				"name": "bone306",
				"parent": "a2",
				"pivot": [-12, 16.5, 7],
				"rotation": [0, 80, 0],
				"cubes": [
					{"origin": [-9.24187, 15.5, 6.38333], "size": [1, 2, 3], "uv": [89, 92]}
				]
			},
			{
				"name": "bone307",
				"parent": "a2",
				"pivot": [-5.93584, 13.5, 6.35429],
				"rotation": [0, -65, 0],
				"cubes": [
					{"origin": [-9.42559, 15.5, 4.21069], "size": [1, 2, 3], "uv": [89, 92]}
				]
			},
			{
				"name": "bone308",
				"parent": "a2",
				"pivot": [-12, 16.5, 6],
				"rotation": [0, 65, 0],
				"cubes": [
					{"origin": [-9.43584, 15.5, 4.85429], "size": [1, 2, 3], "uv": [89, 92]}
				]
			},
			{
				"name": "bone309",
				"parent": "a2",
				"pivot": [-9, 16.5, 4],
				"rotation": [0, -55, 0],
				"cubes": [
					{"origin": [-10.37845, 15.5, 0.12333], "size": [2, 2, 2], "uv": [89, 105]}
				]
			},
			{
				"name": "bone310",
				"parent": "a2",
				"pivot": [-12, 16.5, 4],
				"rotation": [0, 55, 0],
				"cubes": [
					{"origin": [-10.32724, 15.5, 3.39994], "size": [2, 2, 2], "uv": [89, 105]}
				]
			},
			{
				"name": "bone311",
				"parent": "a2",
				"pivot": [-8, 16.5, 10],
				"rotation": [-10, 0, 0],
				"cubes": [
					{"origin": [-10.5, 15.91177, 6.57649], "size": [4, 1, 2], "uv": [98, 102]}
				]
			},
			{
				"name": "b2",
				"parent": "2",
				"pivot": [-13, 10.5, 4]
			},
			{
				"name": "bone312",
				"parent": "b2",
				"pivot": [-18.8, 18, -10.6],
				"rotation": [90, 0, 0],
				"cubes": [
					{"origin": [-10, 7.3, -12.35], "size": [1, 5, 1], "uv": [70, 106], "inflate": -0.3}
				]
			},
			{
				"name": "bone313",
				"parent": "bone312",
				"pivot": [-5.8, 7.5, -10.6],
				"rotation": [0, -180, 0],
				"cubes": [
					{"origin": [-2.6, 6.3, -9.35], "size": [1, 2, 0], "uv": [74, 110], "inflate": -0.35}
				]
			},
			{
				"name": "bone314",
				"parent": "bone312",
				"pivot": [-5.8, 7.5, -10.6],
				"rotation": [0, -225, 0],
				"cubes": [
					{"origin": [-2.79124, 6.3, -12.3117], "size": [1, 2, 0], "uv": [74, 110], "inflate": -0.35}
				]
			},
			{
				"name": "bone315",
				"parent": "bone312",
				"pivot": [-5.8, 7.5, -10.6],
				"rotation": [0, -270, 0],
				"cubes": [
					{"origin": [-5.03787, 6.3, -14.28787], "size": [1, 2, 0], "uv": [74, 110], "inflate": -0.35}
				]
			},
			{
				"name": "bone316",
				"parent": "bone312",
				"pivot": [-5.8, 7.5, -10.6],
				"rotation": [0, -315, 0],
				"cubes": [
					{"origin": [-8.02383, 6.3, -14.09663], "size": [1, 2, 0], "uv": [74, 110], "inflate": -0.35}
				]
			},
			{
				"name": "bone317",
				"parent": "b2",
				"pivot": [-18.6, 18, -10.6],
				"rotation": [90, 0, 0],
				"cubes": [
					{"origin": [-8, 7.3, -12.35], "size": [1, 5, 1], "uv": [70, 106], "inflate": -0.3}
				]
			},
			{
				"name": "bone318",
				"parent": "bone317",
				"pivot": [-5.6, 7.5, -10.6],
				"rotation": [0, -180, 0],
				"cubes": [
					{"origin": [-4.2, 6.3, -9.35], "size": [1, 2, 0], "uv": [74, 110], "inflate": -0.35}
				]
			},
			{
				"name": "bone319",
				"parent": "bone317",
				"pivot": [-5.6, 7.5, -10.6],
				"rotation": [0, -225, 0],
				"cubes": [
					{"origin": [-3.86403, 6.3, -11.03891], "size": [1, 2, 0], "uv": [74, 110], "inflate": -0.35}
				]
			},
			{
				"name": "bone320",
				"parent": "bone317",
				"pivot": [-5.6, 7.5, -10.6],
				"rotation": [0, -270, 0],
				"cubes": [
					{"origin": [-4.83787, 6.3, -12.48787], "size": [1, 2, 0], "uv": [74, 110], "inflate": -0.35}
				]
			},
			{
				"name": "bone321",
				"parent": "bone317",
				"pivot": [-5.6, 7.5, -10.6],
				"rotation": [0, -315, 0],
				"cubes": [
					{"origin": [-6.55104, 6.3, -12.82383], "size": [1, 2, 0], "uv": [74, 110], "inflate": -0.35}
				]
			},
			{
				"name": "bone322",
				"parent": "2",
				"pivot": [-8.75, 15.25, 4]
			},
			{
				"name": "bone323",
				"parent": "bone322",
				"pivot": [-8.75, 15.25, 4],
				"cubes": [
					{"origin": [-9.25, 15.25, 6.51367], "size": [1, 1, -2], "uv": [69, 112]}
				]
			},
			{
				"name": "bone324",
				"parent": "bone322",
				"pivot": [-8.75, 15.25, 4],
				"rotation": [0, -22.5, 0],
				"cubes": [
					{"origin": [-9.25, 15.25, 6.51367], "size": [1, 1, -2], "uv": [69, 112]}
				]
			},
			{
				"name": "bone325",
				"parent": "bone322",
				"pivot": [-8.75, 15.25, 4],
				"rotation": [0, -45, 0],
				"cubes": [
					{"origin": [-9.25, 15.25, 6.51367], "size": [1, 1, -2], "uv": [69, 112]}
				]
			},
			{
				"name": "bone326",
				"parent": "bone322",
				"pivot": [-8.75, 15.25, 4],
				"rotation": [0, -67.5, 0],
				"cubes": [
					{"origin": [-9.25, 15.25, 6.51367], "size": [1, 1, -2], "uv": [69, 112]}
				]
			},
			{
				"name": "bone327",
				"parent": "bone322",
				"pivot": [-8.75, 15.25, 4],
				"rotation": [0, -90, 0],
				"cubes": [
					{"origin": [-9.25, 15.25, 6.51367], "size": [1, 1, -2], "uv": [69, 112]}
				]
			},
			{
				"name": "bone328",
				"parent": "bone322",
				"pivot": [-8.75, 15.25, 4],
				"rotation": [0, -112.5, 0],
				"cubes": [
					{"origin": [-9.25, 15.25, 6.51367], "size": [1, 1, -2], "uv": [69, 112]}
				]
			},
			{
				"name": "bone329",
				"parent": "bone322",
				"pivot": [-8.75, 15.25, 4],
				"rotation": [0, -135, 0],
				"cubes": [
					{"origin": [-9.25, 15.25, 6.51367], "size": [1, 1, -2], "uv": [69, 112]}
				]
			},
			{
				"name": "bone330",
				"parent": "bone322",
				"pivot": [-8.75, 15.25, 4],
				"rotation": [0, -157.5, 0],
				"cubes": [
					{"origin": [-9.25, 15.25, 6.51367], "size": [1, 1, -2], "uv": [69, 112]}
				]
			},
			{
				"name": "bone331",
				"parent": "bone322",
				"pivot": [-8.75, 15.25, 4],
				"rotation": [0, -180, 0],
				"cubes": [
					{"origin": [-9.25, 15.25, 6.51367], "size": [1, 1, -2], "uv": [69, 112]}
				]
			},
			{
				"name": "bone332",
				"parent": "bone322",
				"pivot": [-8.75, 15.25, 4],
				"rotation": [0, -202.5, 0],
				"cubes": [
					{"origin": [-9.25, 15.25, 6.51367], "size": [1, 1, -2], "uv": [69, 112]}
				]
			},
			{
				"name": "bone333",
				"parent": "bone322",
				"pivot": [-8.75, 15.25, 4],
				"rotation": [0, -225, 0],
				"cubes": [
					{"origin": [-9.25, 15.25, 6.51367], "size": [1, 1, -2], "uv": [69, 112]}
				]
			},
			{
				"name": "bone334",
				"parent": "bone322",
				"pivot": [-8.75, 15.25, 4],
				"rotation": [0, -247.5, 0],
				"cubes": [
					{"origin": [-9.25, 15.25, 6.51367], "size": [1, 1, -2], "uv": [69, 112]}
				]
			},
			{
				"name": "bone335",
				"parent": "bone322",
				"pivot": [-8.75, 15.25, 4],
				"rotation": [0, -270, 0],
				"cubes": [
					{"origin": [-9.25, 15.25, 6.51367], "size": [1, 1, -2], "uv": [69, 112]}
				]
			},
			{
				"name": "bone336",
				"parent": "bone322",
				"pivot": [-8.75, 15.25, 4],
				"rotation": [0, -292.5, 0],
				"cubes": [
					{"origin": [-9.25, 15.25, 6.51367], "size": [1, 1, -2], "uv": [69, 112]}
				]
			},
			{
				"name": "bone337",
				"parent": "bone322",
				"pivot": [-8.75, 15.25, 4],
				"rotation": [0, -315, 0],
				"cubes": [
					{"origin": [-9.25, 15.25, 6.51367], "size": [1, 1, -2], "uv": [69, 112]}
				]
			},
			{
				"name": "bone338",
				"parent": "bone322",
				"pivot": [-8.75, 15.25, 4],
				"rotation": [0, -337.5, 0],
				"cubes": [
					{"origin": [-9.25, 15.25, 6.51367], "size": [1, 1, -2], "uv": [69, 112]}
				]
			},
			{
				"name": "bone339",
				"parent": "2",
				"pivot": [-7.75, 14.5, 5]
			},
			{
				"name": "bone340",
				"parent": "bone339",
				"pivot": [-7.75, 14.5, 5],
				"rotation": [0, -135, 0],
				"cubes": [
					{"origin": [-8.25, 14.5, 7.51367], "size": [1, 1, -2], "uv": [83, 112], "inflate": -0.25}
				]
			},
			{
				"name": "bone341",
				"parent": "bone339",
				"pivot": [-7.75, 14.5, 5],
				"rotation": [0, -157.5, 0],
				"cubes": [
					{"origin": [-7.67336, 14.5, 7.39897], "size": [1, 1, -2], "uv": [83, 112], "inflate": -0.25}
				]
			},
			{
				"name": "bone342",
				"parent": "bone339",
				"pivot": [-7.75, 14.5, 5],
				"rotation": [0, -180, 0],
				"cubes": [
					{"origin": [-7.18451, 14.5, 7.07233], "size": [1, 1, -2], "uv": [83, 112], "inflate": -0.25}
				]
			},
			{
				"name": "bone343",
				"parent": "bone339",
				"pivot": [-7.75, 14.5, 5],
				"rotation": [0, -202.5, 0],
				"cubes": [
					{"origin": [-6.85787, 14.5, 6.58348], "size": [1, 1, -2], "uv": [83, 112], "inflate": -0.25}
				]
			},
			{
				"name": "bone344",
				"parent": "bone339",
				"pivot": [-7.75, 14.5, 5],
				"rotation": [0, -225, 0],
				"cubes": [
					{"origin": [-6.74317, 14.5, 6.00683], "size": [1, 1, -2], "uv": [83, 112], "inflate": -0.25}
				]
			},
			{
				"name": "bone345",
				"parent": "bone339",
				"pivot": [-7.75, 14.5, 5],
				"rotation": [0, -247.5, 0],
				"cubes": [
					{"origin": [-6.85787, 14.5, 5.43019], "size": [1, 1, -2], "uv": [83, 112], "inflate": -0.25}
				]
			},
			{
				"name": "bone346",
				"parent": "bone339",
				"pivot": [-7.75, 14.5, 5],
				"rotation": [0, -270, 0],
				"cubes": [
					{"origin": [-7.18451, 14.5, 4.94134], "size": [1, 1, -2], "uv": [83, 112], "inflate": -0.25}
				]
			},
			{
				"name": "bone347",
				"parent": "bone339",
				"pivot": [-7.75, 14.5, 5],
				"rotation": [0, -292.5, 0],
				"cubes": [
					{"origin": [-7.67336, 14.5, 4.6147], "size": [1, 1, -2], "uv": [83, 112], "inflate": -0.25}
				]
			},
			{
				"name": "3",
				"parent": "sinFloat",
				"pivot": [8.75, 15.75, 0.5],
				"rotation": [-15, -15, 30]
			},
			{
				"name": "a3",
				"parent": "3",
				"pivot": [4.25, 9.75, 1],
				"cubes": [
					{"origin": [6.96574, 15.07488, 3.42082], "size": [4, 1, 3], "uv": [97, 105]},
					{"origin": [9.96574, 16.48664, 4.49731], "size": [3, 1, 2], "uv": [97, 109], "inflate": -0.25},
					{"origin": [9.96574, 15.98664, 4.49731], "size": [3, 1, 2], "uv": [97, 109], "inflate": -0.25},
					{"origin": [4.96574, 16.48664, 4.49731], "size": [3, 1, 2], "uv": [97, 109], "inflate": -0.25},
					{"origin": [4.96574, 15.98664, 4.49731], "size": [3, 1, 2], "uv": [97, 109], "inflate": -0.25},
					{"origin": [6.96574, 15.07488, -1.37918], "size": [4, 2, 6], "uv": [77, 97]}
				]
			},
			{
				"name": "bone348",
				"parent": "a3",
				"pivot": [5.25, 15.75, 8],
				"rotation": [0, -125, 0],
				"cubes": [
					{"origin": [-0.92901, 15.07488, 4.601], "size": [1, 2, 3], "uv": [89, 92]}
				]
			},
			{
				"name": "bone349",
				"parent": "a3",
				"pivot": [5.25, 15.75, 8],
				"rotation": [0, 125, 0],
				"cubes": [
					{"origin": [6.16648, 15.07488, 10.68852], "size": [1, 2, 3], "uv": [89, 92]}
				]
			},
			{
				"name": "bone350",
				"parent": "a3",
				"pivot": [5.25, 15.75, 7],
				"rotation": [0, -120, 0],
				"cubes": [
					{"origin": [-0.74323, 15.07488, 2.5754], "size": [1, 2, 3], "uv": [89, 92]}
				]
			},
			{
				"name": "bone351",
				"parent": "a3",
				"pivot": [5.25, 15.75, 7],
				"rotation": [0, 120, 0],
				"cubes": [
					{"origin": [6.52749, 15.07488, 9.01125], "size": [1, 2, 3], "uv": [89, 92]}
				]
			},
			{
				"name": "bone352",
				"parent": "a3",
				"pivot": [5.25, 15.75, 6],
				"rotation": [0, -110, 0],
				"cubes": [
					{"origin": [0.05584, 15.07488, 0.25989], "size": [1, 2, 3], "uv": [89, 92]}
				]
			},
			{
				"name": "bone353",
				"parent": "a3",
				"pivot": [5.25, 15.75, 6],
				"rotation": [0, 110, 0],
				"cubes": [
					{"origin": [6.90244, 15.07488, 7.2432], "size": [1, 2, 3], "uv": [89, 92]}
				]
			},
			{
				"name": "bone354",
				"parent": "a3",
				"pivot": [5.25, 15.75, 5],
				"rotation": [0, -100, 0],
				"cubes": [
					{"origin": [1.11632, 15.07488, -1.72851], "size": [1, 2, 3], "uv": [89, 92]}
				]
			},
			{
				"name": "bone355",
				"parent": "a3",
				"pivot": [5.25, 15.75, 5],
				"rotation": [0, 100, 0],
				"cubes": [
					{"origin": [7.09322, 15.07488, 5.59007], "size": [1, 2, 3], "uv": [89, 92]}
				]
			},
			{
				"name": "bone356",
				"parent": "a3",
				"pivot": [5.25, 15.75, 4],
				"rotation": [0, -80, 0],
				"cubes": [
					{"origin": [3.6517, 15.07488, -3.56289], "size": [1, 2, 3], "uv": [89, 92]}
				]
			},
			{
				"name": "bone357",
				"parent": "a3",
				"pivot": [5.25, 15.75, 4],
				"rotation": [0, 80, 0],
				"cubes": [
					{"origin": [7.13876, 15.07488, 3.75569], "size": [1, 2, 3], "uv": [89, 92]}
				]
			},
			{
				"name": "bone358",
				"parent": "a3",
				"pivot": [11.31416, 12.75, 3.35429],
				"rotation": [0, -65, 0],
				"cubes": [
					{"origin": [8.75013, 15.07488, 1.40432], "size": [1, 2, 3], "uv": [89, 92]}
				]
			},
			{
				"name": "bone359",
				"parent": "a3",
				"pivot": [5.25, 15.75, 3],
				"rotation": [0, 65, 0],
				"cubes": [
					{"origin": [7.07079, 15.07488, 2.43897], "size": [1, 2, 3], "uv": [89, 92]}
				]
			},
			{
				"name": "bone360",
				"parent": "a3",
				"pivot": [8.25, 15.75, 1],
				"rotation": [0, -55, 0],
				"cubes": [
					{"origin": [7.74959, 15.07488, -2.52523], "size": [2, 2, 2], "uv": [89, 105]}
				]
			},
			{
				"name": "bone361",
				"parent": "a3",
				"pivot": [5.25, 15.75, 1],
				"rotation": [0, 55, 0],
				"cubes": [
					{"origin": [6.29221, 15.07488, 1.10482], "size": [2, 2, 2], "uv": [89, 105]}
				]
			},
			{
				"name": "bone362",
				"parent": "a3",
				"pivot": [9.25, 15.75, 7],
				"rotation": [-10, 0, 0],
				"cubes": [
					{"origin": [6.96574, 15.64161, 4.4269], "size": [4, 1, 2], "uv": [98, 102]}
				]
			},
			{
				"name": "b3",
				"parent": "3",
				"pivot": [4.25, 9.75, 1]
			},
			{
				"name": "bone363",
				"parent": "b3",
				"pivot": [-1.55, 17.25, -13.6],
				"rotation": [90, 0, 0],
				"cubes": [
					{"origin": [7.46574, 5.62918, -15.02512], "size": [1, 5, 1], "uv": [70, 106], "inflate": -0.3}
				]
			},
			{
				"name": "bone364",
				"parent": "bone363",
				"pivot": [11.45, 6.75, -13.6],
				"rotation": [0, -180, 0],
				"cubes": [
					{"origin": [14.43426, 4.62918, -12.67488], "size": [1, 2, 0], "uv": [74, 110], "inflate": -0.35}
				]
			},
			{
				"name": "bone365",
				"parent": "bone363",
				"pivot": [11.45, 6.75, -13.6],
				"rotation": [0, -225, 0],
				"cubes": [
					{"origin": [14.07648, 4.62918, -15.38887], "size": [1, 2, 0], "uv": [74, 110], "inflate": -0.35}
				]
			},
			{
				"name": "bone366",
				"parent": "bone363",
				"pivot": [11.45, 6.75, -13.6],
				"rotation": [0, -270, 0],
				"cubes": [
					{"origin": [11.88726, 4.62918, -17.07213], "size": [1, 2, 0], "uv": [74, 110], "inflate": -0.35}
				]
			},
			{
				"name": "bone367",
				"parent": "bone363",
				"pivot": [11.45, 6.75, -13.6],
				"rotation": [0, -315, 0],
				"cubes": [
					{"origin": [9.149, 4.62918, -16.71435], "size": [1, 2, 0], "uv": [74, 110], "inflate": -0.35}
				]
			},
			{
				"name": "bone368",
				"parent": "b3",
				"pivot": [-1.35, 17.25, -13.6],
				"rotation": [90, 0, 0],
				"cubes": [
					{"origin": [9.46574, 5.62918, -15.02512], "size": [1, 5, 1], "uv": [70, 106], "inflate": -0.3}
				]
			},
			{
				"name": "bone369",
				"parent": "bone368",
				"pivot": [11.65, 6.75, -13.6],
				"rotation": [0, -180, 0],
				"cubes": [
					{"origin": [12.83426, 4.62918, -12.67488], "size": [1, 2, 0], "uv": [74, 110], "inflate": -0.35}
				]
			},
			{
				"name": "bone370",
				"parent": "bone368",
				"pivot": [11.65, 6.75, -13.6],
				"rotation": [0, -225, 0],
				"cubes": [
					{"origin": [13.00369, 4.62918, -14.11608], "size": [1, 2, 0], "uv": [74, 110], "inflate": -0.35}
				]
			},
			{
				"name": "bone371",
				"parent": "bone368",
				"pivot": [11.65, 6.75, -13.6],
				"rotation": [0, -270, 0],
				"cubes": [
					{"origin": [12.08726, 4.62918, -15.27213], "size": [1, 2, 0], "uv": [74, 110], "inflate": -0.35}
				]
			},
			{
				"name": "bone372",
				"parent": "bone368",
				"pivot": [11.65, 6.75, -13.6],
				"rotation": [0, -315, 0],
				"cubes": [
					{"origin": [10.62179, 4.62918, -15.44156], "size": [1, 2, 0], "uv": [74, 110], "inflate": -0.35}
				]
			},
			{
				"name": "bone373",
				"parent": "3",
				"pivot": [8.5, 14.5, 1]
			},
			{
				"name": "bone374",
				"parent": "bone373",
				"pivot": [8.5, 14.5, 1],
				"cubes": [
					{"origin": [8.21574, 14.82488, 4.43449], "size": [1, 1, -2], "uv": [69, 112]}
				]
			},
			{
				"name": "bone375",
				"parent": "bone373",
				"pivot": [8.5, 14.5, 1],
				"rotation": [0, -22.5, 0],
				"cubes": [
					{"origin": [8.5517, 14.82488, 4.28184], "size": [1, 1, -2], "uv": [69, 112]}
				]
			},
			{
				"name": "bone376",
				"parent": "bone373",
				"pivot": [8.5, 14.5, 1],
				"rotation": [0, -45, 0],
				"cubes": [
					{"origin": [8.80367, 14.82488, 4.01224], "size": [1, 1, -2], "uv": [69, 112]}
				]
			},
			{
				"name": "bone377",
				"parent": "bone373",
				"pivot": [8.5, 14.5, 1],
				"rotation": [0, -67.5, 0],
				"cubes": [
					{"origin": [8.93329, 14.82488, 3.66673], "size": [1, 1, -2], "uv": [69, 112]}
				]
			},
			{
				"name": "bone378",
				"parent": "bone373",
				"pivot": [8.5, 14.5, 1],
				"rotation": [0, -90, 0],
				"cubes": [
					{"origin": [8.92082, 14.82488, 3.29793], "size": [1, 1, -2], "uv": [69, 112]}
				]
			},
			{
				"name": "bone379",
				"parent": "bone373",
				"pivot": [8.5, 14.5, 1],
				"rotation": [0, -112.5, 0],
				"cubes": [
					{"origin": [8.76817, 14.82488, 2.96197], "size": [1, 1, -2], "uv": [69, 112]}
				]
			},
			{
				"name": "bone380",
				"parent": "bone373",
				"pivot": [8.5, 14.5, 1],
				"rotation": [0, -135, 0],
				"cubes": [
					{"origin": [8.49857, 14.82488, 2.71], "size": [1, 1, -2], "uv": [69, 112]}
				]
			},
			{
				"name": "bone381",
				"parent": "bone373",
				"pivot": [8.5, 14.5, 1],
				"rotation": [0, -157.5, 0],
				"cubes": [
					{"origin": [8.15306, 14.82488, 2.58038], "size": [1, 1, -2], "uv": [69, 112]}
				]
			},
			{
				"name": "bone382",
				"parent": "bone373",
				"pivot": [8.5, 14.5, 1],
				"rotation": [0, -180, 0],
				"cubes": [
					{"origin": [7.78426, 14.82488, 2.59285], "size": [1, 1, -2], "uv": [69, 112]}
				]
			},
			{
				"name": "bone383",
				"parent": "bone373",
				"pivot": [8.5, 14.5, 1],
				"rotation": [0, -202.5, 0],
				"cubes": [
					{"origin": [7.4483, 14.82488, 2.7455], "size": [1, 1, -2], "uv": [69, 112]}
				]
			},
			{
				"name": "bone384",
				"parent": "bone373",
				"pivot": [8.5, 14.5, 1],
				"rotation": [0, -225, 0],
				"cubes": [
					{"origin": [7.19633, 14.82488, 3.0151], "size": [1, 1, -2], "uv": [69, 112]}
				]
			},
			{
				"name": "bone385",
				"parent": "bone373",
				"pivot": [8.5, 14.5, 1],
				"rotation": [0, -247.5, 0],
				"cubes": [
					{"origin": [7.06671, 14.82488, 3.36061], "size": [1, 1, -2], "uv": [69, 112]}
				]
			},
			{
				"name": "bone386",
				"parent": "bone373",
				"pivot": [8.5, 14.5, 1],
				"rotation": [0, -270, 0],
				"cubes": [
					{"origin": [7.07918, 14.82488, 3.72941], "size": [1, 1, -2], "uv": [69, 112]}
				]
			},
			{
				"name": "bone387",
				"parent": "bone373",
				"pivot": [8.5, 14.5, 1],
				"rotation": [0, -292.5, 0],
				"cubes": [
					{"origin": [7.23183, 14.82488, 4.06537], "size": [1, 1, -2], "uv": [69, 112]}
				]
			},
			{
				"name": "bone388",
				"parent": "bone373",
				"pivot": [8.5, 14.5, 1],
				"rotation": [0, -315, 0],
				"cubes": [
					{"origin": [7.50143, 14.82488, 4.31734], "size": [1, 1, -2], "uv": [69, 112]}
				]
			},
			{
				"name": "bone389",
				"parent": "bone373",
				"pivot": [8.5, 14.5, 1],
				"rotation": [0, -337.5, 0],
				"cubes": [
					{"origin": [7.84694, 14.82488, 4.44696], "size": [1, 1, -2], "uv": [69, 112]}
				]
			},
			{
				"name": "bone390",
				"parent": "3",
				"pivot": [9.5, 13.75, 2]
			},
			{
				"name": "bone391",
				"parent": "bone390",
				"pivot": [9.5, 13.75, 2],
				"rotation": [0, -135, 0],
				"cubes": [
					{"origin": [9.49857, 14.07488, 3.71], "size": [1, 1, -2], "uv": [83, 112], "inflate": -0.25}
				]
			},
			{
				"name": "bone392",
				"parent": "bone390",
				"pivot": [9.5, 13.75, 2],
				"rotation": [0, -157.5, 0],
				"cubes": [
					{"origin": [9.7297, 14.07488, 3.46568], "size": [1, 1, -2], "uv": [83, 112], "inflate": -0.25}
				]
			},
			{
				"name": "bone393",
				"parent": "bone390",
				"pivot": [9.5, 13.75, 2],
				"rotation": [0, -180, 0],
				"cubes": [
					{"origin": [9.84975, 14.07488, 3.15151], "size": [1, 1, -2], "uv": [83, 112], "inflate": -0.25}
				]
			},
			{
				"name": "bone394",
				"parent": "bone390",
				"pivot": [9.5, 13.75, 2],
				"rotation": [0, -202.5, 0],
				"cubes": [
					{"origin": [9.84043, 14.07488, 2.81531], "size": [1, 1, -2], "uv": [83, 112], "inflate": -0.25}
				]
			},
			{
				"name": "bone395",
				"parent": "bone390",
				"pivot": [9.5, 13.75, 2],
				"rotation": [0, -225, 0],
				"cubes": [
					{"origin": [9.70316, 14.07488, 2.50827], "size": [1, 1, -2], "uv": [83, 112], "inflate": -0.25}
				]
			},
			{
				"name": "bone396",
				"parent": "bone390",
				"pivot": [9.5, 13.75, 2],
				"rotation": [0, -247.5, 0],
				"cubes": [
					{"origin": [9.45885, 14.07488, 2.27713], "size": [1, 1, -2], "uv": [83, 112], "inflate": -0.25}
				]
			},
			{
				"name": "bone397",
				"parent": "bone390",
				"pivot": [9.5, 13.75, 2],
				"rotation": [0, -270, 0],
				"cubes": [
					{"origin": [9.14467, 14.07488, 2.15708], "size": [1, 1, -2], "uv": [83, 112], "inflate": -0.25}
				]
			},
			{
				"name": "bone398",
				"parent": "bone390",
				"pivot": [9.5, 13.75, 2],
				"rotation": [0, -292.5, 0],
				"cubes": [
					{"origin": [8.80847, 14.07488, 2.1664], "size": [1, 1, -2], "uv": [83, 112], "inflate": -0.25}
				]
			},
			{
				"name": "45",
				"parent": "sinFloat",
				"pivot": [-10.5, 15.5, 1.5]
			},
			{
				"name": "4",
				"parent": "45",
				"pivot": [-13.25, 12.75, 7],
				"rotation": [-20, 30, 0]
			},
			{
				"name": "bone399",
				"parent": "4",
				"pivot": [-9.25, 13.75, 3.5],
				"cubes": [
					{"origin": [-13.25, 10.75, 3.25], "size": [1, 1, 6], "uv": [98, 84]},
					{"origin": [-13.25, 11.75, 3.5], "size": [1, 1, 6], "uv": [98, 84]},
					{"origin": [-13.25, 12.75, 3.25], "size": [1, 1, 6], "uv": [98, 84]},
					{"origin": [-13.25, 13.75, 3.5], "size": [1, 1, 6], "uv": [98, 84]}
				]
			},
			{
				"name": "bone400",
				"parent": "4",
				"pivot": [-9.25, 13.75, 3.5],
				"cubes": [
					{"origin": [-13.75, 10.75, 7.25], "size": [2, 4, 3], "uv": [102, 77], "inflate": 0.1},
					{"origin": [-13.75, 10.75, 4.05], "size": [1, 4, 3], "uv": [94, 77], "inflate": 0.1}
				]
			},
			{
				"name": "bone401",
				"parent": "bone400",
				"pivot": [-11.5, 12.5, 11.5],
				"rotation": [0, 0, -90]
			},
			{
				"name": "bone402",
				"parent": "bone401",
				"pivot": [-11.5, 12.5, 11.5],
				"cubes": [
					{"origin": [-11.79289, 12.5, 8.37868], "size": [1, 1, 1], "uv": [93, 89]}
				]
			},
			{
				"name": "bone403",
				"parent": "bone401",
				"pivot": [-11.5, 12.5, 11.5],
				"rotation": [0, -45, 0],
				"cubes": [
					{"origin": [-14.20711, 12.5, 9.20711], "size": [1, 1, 1], "uv": [93, 89]}
				]
			},
			{
				"name": "bone404",
				"parent": "bone401",
				"pivot": [-11.5, 12.5, 11.5],
				"rotation": [0, -90, 0],
				"cubes": [
					{"origin": [-15.32843, 12.5, 11.5], "size": [1, 1, 1], "uv": [93, 89]}
				]
			},
			{
				"name": "bone405",
				"parent": "bone401",
				"pivot": [-11.5, 12.5, 11.5],
				"rotation": [0, -135, 0],
				"cubes": [
					{"origin": [-14.5, 12.5, 13.91421], "size": [1, 1, 1], "uv": [93, 89]}
				]
			},
			{
				"name": "bone406",
				"parent": "bone401",
				"pivot": [-11.5, 12.5, 11.5],
				"rotation": [0, -180, 0],
				"cubes": [
					{"origin": [-12.20711, 12.5, 15.03553], "size": [1, 1, 1], "uv": [93, 89]}
				]
			},
			{
				"name": "bone407",
				"parent": "bone401",
				"pivot": [-11.5, 12.5, 11.5],
				"rotation": [0, -225, 0],
				"cubes": [
					{"origin": [-9.79289, 12.5, 14.20711], "size": [1, 1, 1], "uv": [93, 89]}
				]
			},
			{
				"name": "bone408",
				"parent": "bone401",
				"pivot": [-11.5, 12.5, 11.5],
				"rotation": [0, -270, 0],
				"cubes": [
					{"origin": [-8.67157, 12.5, 11.91421], "size": [1, 1, 1], "uv": [93, 89]}
				]
			},
			{
				"name": "bone409",
				"parent": "bone401",
				"pivot": [-11.5, 12.5, 11.5],
				"rotation": [0, -315, 0],
				"cubes": [
					{"origin": [-9.5, 12.5, 9.5], "size": [1, 1, 1], "uv": [93, 89]}
				]
			},
			{
				"name": "5",
				"parent": "45",
				"pivot": [10.5, 10.5, 5],
				"rotation": [15, 35, -175]
			},
			{
				"name": "bone410",
				"parent": "5",
				"pivot": [14.5, 11.5, 1.5],
				"cubes": [
					{"origin": [10.5, 8.5, 1.25], "size": [1, 1, 6], "uv": [98, 84]},
					{"origin": [10.5, 9.5, 1.5], "size": [1, 1, 6], "uv": [98, 84]},
					{"origin": [10.5, 10.5, 1.25], "size": [1, 1, 6], "uv": [98, 84]},
					{"origin": [10.5, 11.5, 1.5], "size": [1, 1, 6], "uv": [98, 84]}
				]
			},
			{
				"name": "bone411",
				"parent": "5",
				"pivot": [14.5, 11.5, 1.5],
				"cubes": [
					{"origin": [10, 8.5, 5.25], "size": [2, 4, 3], "uv": [102, 77], "inflate": 0.1},
					{"origin": [10, 8.5, 2.05], "size": [1, 4, 3], "uv": [94, 77], "inflate": 0.1}
				]
			},
			{
				"name": "bone412",
				"parent": "bone411",
				"pivot": [12.25, 10.25, 9.5],
				"rotation": [0, 0, -90]
			},
			{
				"name": "bone413",
				"parent": "bone412",
				"pivot": [12.25, 10.25, 9.5],
				"cubes": [
					{"origin": [11.95711, 10.25, 6.37868], "size": [1, 1, 1], "uv": [93, 89]}
				]
			},
			{
				"name": "bone414",
				"parent": "bone412",
				"pivot": [12.25, 10.25, 9.5],
				"rotation": [0, -45, 0],
				"cubes": [
					{"origin": [9.54289, 10.25, 7.20711], "size": [1, 1, 1], "uv": [93, 89]}
				]
			},
			{
				"name": "bone415",
				"parent": "bone412",
				"pivot": [12.25, 10.25, 9.5],
				"rotation": [0, -90, 0],
				"cubes": [
					{"origin": [8.42157, 10.25, 9.5], "size": [1, 1, 1], "uv": [93, 89]}
				]
			},
			{
				"name": "bone416",
				"parent": "bone412",
				"pivot": [12.25, 10.25, 9.5],
				"rotation": [0, -135, 0],
				"cubes": [
					{"origin": [9.25, 10.25, 11.91421], "size": [1, 1, 1], "uv": [93, 89]}
				]
			},
			{
				"name": "bone417",
				"parent": "bone412",
				"pivot": [12.25, 10.25, 9.5],
				"rotation": [0, -180, 0],
				"cubes": [
					{"origin": [11.54289, 10.25, 13.03553], "size": [1, 1, 1], "uv": [93, 89]}
				]
			},
			{
				"name": "bone418",
				"parent": "bone412",
				"pivot": [12.25, 10.25, 9.5],
				"rotation": [0, -225, 0],
				"cubes": [
					{"origin": [13.95711, 10.25, 12.20711], "size": [1, 1, 1], "uv": [93, 89]}
				]
			},
			{
				"name": "bone419",
				"parent": "bone412",
				"pivot": [12.25, 10.25, 9.5],
				"rotation": [0, -270, 0],
				"cubes": [
					{"origin": [15.07843, 10.25, 9.91421], "size": [1, 1, 1], "uv": [93, 89]}
				]
			},
			{
				"name": "bone420",
				"parent": "bone412",
				"pivot": [12.25, 10.25, 9.5],
				"rotation": [0, -315, 0],
				"cubes": [
					{"origin": [14.25, 10.25, 7.5], "size": [1, 1, 1], "uv": [93, 89]}
				]
			},
			{
				"name": "legLeft",
				"pivot": [2, 9, 0],
				"cubes": [
					{"origin": [0.249, 1, -1.5], "size": [3, 8, 3], "uv": [0, 27]},
					{"origin": [0.249, 0, 0.5], "size": [3, 1, 1], "uv": [8, 76]},
					{"origin": [0.249, 0, -1.75], "size": [3, 1, 2], "uv": [18, 51]}
				]
			},
			{
				"name": "bone237",
				"parent": "legLeft",
				"pivot": [3.75, 0, 0],
				"cubes": [
					{"origin": [1.251, 6, -2], "size": [1, 1, 1], "uv": [22, 92], "inflate": -0.3}
				]
			},
			{
				"name": "bone238",
				"parent": "bone237",
				"pivot": [1.501, 6, -1.25],
				"rotation": [0, 0, 15],
				"cubes": [
					{"origin": [1.101, 5, -1.75], "size": [1, 2, 1], "uv": [28, 87], "inflate": -0.2}
				]
			},
			{
				"name": "bone239",
				"parent": "bone237",
				"pivot": [1.901, 6, -1.25],
				"rotation": [0, 0, -15],
				"cubes": [
					{"origin": [1.401, 5, -1.75], "size": [1, 2, 1], "uv": [24, 87], "inflate": -0.2}
				]
			},
			{
				"name": "legRight",
				"pivot": [-2, 9, 0],
				"cubes": [
					{"origin": [-3.249, 1, -1.5], "size": [3, 8, 3], "uv": [52, 16]},
					{"origin": [-3.249, 0, 0.5], "size": [3, 1, 1], "uv": [0, 80]},
					{"origin": [-3.249, 0, -1.75], "size": [3, 1, 2], "uv": [18, 48]}
				]
			},
			{
				"name": "bone234",
				"parent": "legRight",
				"pivot": [0.25, 0, 0],
				"cubes": [
					{"origin": [-2.249, 6, -2], "size": [1, 1, 1], "uv": [22, 94], "inflate": -0.3}
				]
			},
			{
				"name": "bone235",
				"parent": "bone234",
				"pivot": [-1.999, 6, -1.25],
				"rotation": [0, 0, 15],
				"cubes": [
					{"origin": [-2.399, 5, -1.75], "size": [1, 2, 1], "uv": [36, 87], "inflate": -0.2}
				]
			},
			{
				"name": "bone236",
				"parent": "bone234",
				"pivot": [-1.599, 6, -1.25],
				"rotation": [0, 0, -15],
				"cubes": [
					{"origin": [-2.099, 5, -1.75], "size": [1, 2, 1], "uv": [32, 87], "inflate": -0.2}
				]
			}
		]
	}
}