{
	"format_version": "1.10.0",
	"geometry.model": {
		"texturewidth": 112,
		"textureheight": 112,
		"visible_bounds_width": 2,
		"visible_bounds_height": 3,
		"visible_bounds_offset": [0, 0, 0],
		"bones": [
			{
				"name": "head",
				"pivot": [0, 18, 0],
				"cubes": [
					{"origin": [-4, 18, -4], "size": [8, 8, 8], "uv": [0, 0]}
				]
			},
			{
				"name": "blink",
				"parent": "head",
				"pivot": [0, 18, 0],
				"cubes": [
					{"origin": [-4, 18, -4.001], "size": [8, 8, 0], "uv": [0, 41]}
				]
			},
			{
				"name": "bone54",
				"parent": "head",
				"pivot": [0, 18, 0]
			},
			{
				"name": "bone11",
				"parent": "bone54",
				"pivot": [0, 0, 0],
				"cubes": [
					{"origin": [-2, 22.25, -4.5001], "size": [2, 4, 1], "uv": [18, 86]},
					{"origin": [3.44838, 19.20868, -4.5], "size": [1, 3, 1], "uv": [40, 98]},
					{"origin": [-4.48683, 19.24085, -4.5001], "size": [1, 3, 1], "uv": [36, 98]}
				]
			},
			{
				"name": "bone12",
				"parent": "bone11",
				"pivot": [0.25, 17.9, -0.25],
				"rotation": [0, 0, 5],
				"cubes": [
					{"origin": [-0.75, 22.15, -4.5], "size": [1, 4, 1], "uv": [32, 92]}
				]
			},
			{
				"name": "bone57",
				"parent": "bone11",
				"pivot": [-3.83683, 16.99085, -4],
				"rotation": [0, 0, -5],
				"cubes": [
					{"origin": [-4.33825, 15.33894, -4.55], "size": [1, 4, 1], "uv": [0, 98], "inflate": -0.05}
				]
			},
			{
				"name": "bone56",
				"parent": "bone11",
				"pivot": [3.79838, 16.95868, -4],
				"rotation": [0, 0, 5],
				"cubes": [
					{"origin": [3.29981, 15.30677, -4.5001], "size": [1, 4, 1], "uv": [36, 92], "inflate": -0.05}
				]
			},
			{
				"name": "bone14",
				"parent": "bone11",
				"pivot": [-0.5, 23.5, 0],
				"rotation": [0, 0, 14],
				"cubes": [
					{"origin": [-3.5, 20.75, -4.5001], "size": [1, 5, 1], "uv": [28, 86]}
				]
			},
			{
				"name": "bone17",
				"parent": "bone11",
				"pivot": [-1.25, 23.5, 0],
				"rotation": [0, 0, 9],
				"cubes": [
					{"origin": [-4.25, 21.75, -4.49], "size": [1, 4, 1], "uv": [24, 92]}
				]
			},
			{
				"name": "bone53",
				"parent": "bone11",
				"pivot": [6.15, 24.25, 0],
				"rotation": [0, 0, -9],
				"cubes": [
					{"origin": [3.15, 22.5, -4.5001], "size": [1, 4, 1], "uv": [20, 92]}
				]
			},
			{
				"name": "bone13",
				"parent": "bone11",
				"pivot": [-0.25, 23, 0],
				"rotation": [0, 0, 29],
				"cubes": [
					{"origin": [-3.25, 21.25, -4.5], "size": [1, 4, 1], "uv": [28, 92]}
				]
			},
			{
				"name": "bone15",
				"parent": "bone11",
				"pivot": [-0.5, 22.75, 0.75],
				"rotation": [0, 0, -15],
				"cubes": [
					{"origin": [2.6, 20.5, -4.49], "size": [1, 5, 1], "uv": [24, 86]}
				]
			},
			{
				"name": "bone16",
				"parent": "bone11",
				"pivot": [-0.55, 22, 0.75],
				"rotation": [0, 0, -29],
				"cubes": [
					{"origin": [1.55, 20.75, -4.5001], "size": [2, 4, 1], "uv": [12, 86]}
				]
			},
			{
				"name": "bone55",
				"parent": "bone54",
				"pivot": [0, 0, 0],
				"cubes": [
					{"origin": [3.5, 19, -3.5], "size": [1, 6, 7], "uv": [16, 16]},
					{"origin": [-4.5, 19, -3.5], "size": [1, 6, 7], "uv": [0, 16]},
					{"origin": [-3.5, 19.5, 3.5], "size": [7, 4, 1], "uv": [16, 41]}
				]
			},
			{
				"name": "bone115",
				"parent": "bone54",
				"pivot": [0, 19.75, -1.5],
				"rotation": [-15, 0, 0]
			},
			{
				"name": "bone111",
				"parent": "bone115",
				"pivot": [-1, 19.75, -1.5]
			},
			{
				"name": "bone112",
				"parent": "bone111",
				"pivot": [-2, 30.25, 2],
				"rotation": [0, 0, -10],
				"cubes": [
					{"origin": [-2.09848, 27.76736, 1.499], "size": [1, 5, 1], "uv": [26, 75], "mirror": true}
				]
			},
			{
				"name": "bone113",
				"parent": "bone111",
				"pivot": [-2.75, 30.25, 2],
				"rotation": [0, 0, 5],
				"cubes": [
					{"origin": [-3.75, 29.75, 1.5001], "size": [2, 4, 1], "uv": [20, 75], "mirror": true}
				]
			},
			{
				"name": "bone114",
				"parent": "bone111",
				"pivot": [-2.75, 28.25, 2],
				"rotation": [0, 0, -25],
				"cubes": [
					{"origin": [-3.02079, 26.1296, 1.5], "size": [2, 4, 1], "uv": [14, 81], "mirror": true}
				]
			},
			{
				"name": "bone116",
				"parent": "bone115",
				"pivot": [3.5, 19.75, -1.5]
			},
			{
				"name": "bone117",
				"parent": "bone116",
				"pivot": [2.5, 30.25, 2],
				"rotation": [0, 0, 10],
				"cubes": [
					{"origin": [1.12061, 27.76662, 1.499], "size": [1, 5, 1], "uv": [26, 75]}
				]
			},
			{
				"name": "bone118",
				"parent": "bone116",
				"pivot": [1.75, 30.25, 2],
				"rotation": [0, 0, -5],
				"cubes": [
					{"origin": [1.74619, 29.66284, 1.5001], "size": [2, 4, 1], "uv": [20, 75]}
				]
			},
			{
				"name": "bone119",
				"parent": "bone116",
				"pivot": [1.75, 28.25, 2],
				"rotation": [0, 0, 25],
				"cubes": [
					{"origin": [0.9271, 26.55222, 1.5], "size": [2, 4, 1], "uv": [14, 81]}
				]
			},
			{
				"name": "armRight",
				"pivot": [-2, 17.5, 0],
				"rotation": [0, 0, 25],
				"cubes": [
					{"origin": [-4, 8.5, -1], "size": [2, 8, 2], "uv": [0, 59]}
				]
			},
			{
				"name": "bone58",
				"parent": "armRight",
				"pivot": [-2, 17.5, 0]
			},
			{
				"name": "bone86",
				"parent": "bone58",
				"pivot": [1.1, 0, 0]
			},
			{
				"name": "bone87",
				"parent": "bone86",
				"pivot": [-2.9, 12, -1],
				"rotation": [-10, 0, 0],
				"cubes": [
					{"origin": [-4.001, 9.61137, -1.34159], "size": [2, 4, 2], "uv": [16, 69]}
				]
			},
			{
				"name": "bone88",
				"parent": "bone86",
				"pivot": [-3, 11.61137, -0.34159],
				"rotation": [20, 0, 0],
				"cubes": [
					{"origin": [-4.001, 9.034, -0.28968], "size": [2, 4, 2], "uv": [40, 69]}
				]
			},
			{
				"name": "bone89",
				"parent": "bone86",
				"pivot": [-4, 11.5, 0],
				"rotation": [0, 0, 10],
				"cubes": [
					{"origin": [-4.37268, 9.6136, -1.001], "size": [2, 4, 2], "uv": [32, 59]}
				]
			},
			{
				"name": "bone90",
				"parent": "bone86",
				"pivot": [-3, 11.5, 0],
				"rotation": [0, 0, -10],
				"cubes": [
					{"origin": [-3.64251, 9.43995, -1.001], "size": [2, 4, 2], "uv": [0, 69]}
				]
			},
			{
				"name": "armLeft",
				"pivot": [2, 17.5, 0],
				"rotation": [0, 0, -25],
				"cubes": [
					{"origin": [2, 8.5, -1], "size": [2, 8, 2], "uv": [52, 49]}
				]
			},
			{
				"name": "bone59",
				"parent": "armLeft",
				"pivot": [4, 17.5, 0]
			},
			{
				"name": "bone60",
				"parent": "bone59",
				"pivot": [7.1, 0, 0]
			},
			{
				"name": "bone61",
				"parent": "bone60",
				"pivot": [3.1, 12, -1],
				"rotation": [-10, 0, 0],
				"cubes": [
					{"origin": [1.999, 9.61137, -1.34159], "size": [2, 4, 2], "uv": [16, 69], "mirror": true}
				]
			},
			{
				"name": "bone62",
				"parent": "bone60",
				"pivot": [3, 11.61137, -0.34159],
				"rotation": [20, 0, 0],
				"cubes": [
					{"origin": [1.999, 9.034, -0.28968], "size": [2, 4, 2], "uv": [40, 69], "mirror": true}
				]
			},
			{
				"name": "bone63",
				"parent": "bone60",
				"pivot": [2, 11.5, 0],
				"rotation": [0, 0, 10],
				"cubes": [
					{"origin": [1.62732, 9.6136, -1.001], "size": [2, 4, 2], "uv": [0, 69], "mirror": true}
				]
			},
			{
				"name": "bone76",
				"parent": "bone60",
				"pivot": [3, 11.5, 0],
				"rotation": [0, 0, -10],
				"cubes": [
					{"origin": [2.35749, 9.43995, -1.001], "size": [2, 4, 2], "uv": [32, 59], "mirror": true}
				]
			},
			{
				"name": "body",
				"pivot": [0, 10.5, 0],
				"cubes": [
					{"origin": [-3, 8.999, -3], "size": [6, 9, 6], "uv": [64, 0]}
				]
			},
			{
				"name": "bone4",
				"parent": "body",
				"pivot": [0, 0, 0]
			},
			{
				"name": "bone18",
				"parent": "body",
				"pivot": [0, 8.5, 0]
			},
			{
				"name": "bone19",
				"parent": "bone18",
				"pivot": [0, -2.5, 0]
			},
			{
				"name": "bone20",
				"parent": "bone19",
				"pivot": [0, -13, 0]
			},
			{
				"name": "bone21",
				"parent": "bone20",
				"pivot": [0, -13, 4.99515],
				"rotation": [4, 0, 0],
				"cubes": [
					{"origin": [-3, 1.86083, 4.99515], "size": [6, 5, 0], "uv": [20, 64]}
				]
			},
			{
				"name": "bone22",
				"parent": "bone21",
				"pivot": [-3, -13.13917, 4.99515],
				"rotation": [0, 0, 3.99029],
				"cubes": [
					{"origin": [-5, 1.86083, 4.99415], "size": [2, 5, 0], "uv": [32, 98]}
				]
			},
			{
				"name": "bone23",
				"parent": "bone21",
				"pivot": [3, -13.13917, 4.99515],
				"rotation": [0, 0, -3.99029],
				"cubes": [
					{"origin": [3, 1.86083, 4.99615], "size": [2, 5, 0], "uv": [28, 98]}
				]
			},
			{
				"name": "bone24",
				"parent": "bone19",
				"pivot": [0, -13, 0],
				"rotation": [0, -90, 0]
			},
			{
				"name": "bone25",
				"parent": "bone24",
				"pivot": [0, -13, 4.99515],
				"rotation": [4, 0, 0],
				"cubes": [
					{"origin": [-3, 1.86083, 4.99515], "size": [6, 5, 0], "uv": [20, 59]}
				]
			},
			{
				"name": "bone26",
				"parent": "bone25",
				"pivot": [-3, -13.13917, 4.99515],
				"rotation": [0, 0, 3.99029],
				"cubes": [
					{"origin": [-5, 1.86083, 4.99415], "size": [2, 5, 0], "uv": [24, 98]}
				]
			},
			{
				"name": "bone27",
				"parent": "bone25",
				"pivot": [3, -13.13917, 4.99515],
				"rotation": [0, 0, -3.99029],
				"cubes": [
					{"origin": [3, 1.86083, 4.99615], "size": [2, 5, 0], "uv": [20, 98]}
				]
			},
			{
				"name": "bone28",
				"parent": "bone19",
				"pivot": [0, -13, 0],
				"rotation": [0, -180, 0]
			},
			{
				"name": "bone29",
				"parent": "bone28",
				"pivot": [0, -13, 4.99515],
				"rotation": [4, 0, 0],
				"cubes": [
					{"origin": [-3, 1.86083, 4.99515], "size": [6, 5, 0], "uv": [8, 64]}
				]
			},
			{
				"name": "bone30",
				"parent": "bone29",
				"pivot": [-3, -13.13917, 4.99515],
				"rotation": [0, 0, 3.99029],
				"cubes": [
					{"origin": [-5, 1.86083, 4.99415], "size": [2, 5, 0], "uv": [16, 98]}
				]
			},
			{
				"name": "bone31",
				"parent": "bone29",
				"pivot": [3, -13.13917, 4.99515],
				"rotation": [0, 0, -3.99029],
				"cubes": [
					{"origin": [3, 1.86083, 4.99615], "size": [2, 5, 0], "uv": [12, 98]}
				]
			},
			{
				"name": "bone32",
				"parent": "bone19",
				"pivot": [0, -13, 0],
				"rotation": [0, -270, 0]
			},
			{
				"name": "bone33",
				"parent": "bone32",
				"pivot": [0, -13, 4.99515],
				"rotation": [4, 0, 0],
				"cubes": [
					{"origin": [-3, 1.86083, 4.99515], "size": [6, 5, 0], "uv": [8, 59]}
				]
			},
			{
				"name": "bone34",
				"parent": "bone33",
				"pivot": [-3, -13.13917, 4.99515],
				"rotation": [0, 0, 3.99029],
				"cubes": [
					{"origin": [-5, 1.86083, 4.99415], "size": [2, 5, 0], "uv": [8, 98]}
				]
			},
			{
				"name": "bone35",
				"parent": "bone33",
				"pivot": [3, -13.13917, 4.99515],
				"rotation": [0, 0, -3.99029],
				"cubes": [
					{"origin": [3, 1.86083, 4.99615], "size": [2, 5, 0], "uv": [4, 98]}
				]
			},
			{
				"name": "bone36",
				"parent": "bone18",
				"pivot": [0, 4.5, 0]
			},
			{
				"name": "bone37",
				"parent": "bone36",
				"pivot": [0, -6, 0]
			},
			{
				"name": "bone38",
				"parent": "bone37",
				"pivot": [0, -6, 4.98916],
				"rotation": [6, 0, 0],
				"cubes": [
					{"origin": [-3, 6.79208, 4.98916], "size": [6, 6, 0], "uv": [40, 49]}
				]
			},
			{
				"name": "bone39",
				"parent": "bone38",
				"pivot": [-3, -6.20792, 4.98916],
				"rotation": [0, 0, 5.96737],
				"cubes": [
					{"origin": [-5, 6.79208, 4.98816], "size": [2, 6, 0], "uv": [16, 92]}
				]
			},
			{
				"name": "bone40",
				"parent": "bone38",
				"pivot": [3, -6.20792, 4.98916],
				"rotation": [0, 0, -5.96737],
				"cubes": [
					{"origin": [3, 6.79208, 4.99016], "size": [2, 6, 0], "uv": [12, 92]}
				]
			},
			{
				"name": "bone41",
				"parent": "bone36",
				"pivot": [0, -6, 0],
				"rotation": [0, -90, 0]
			},
			{
				"name": "bone42",
				"parent": "bone41",
				"pivot": [0, -6, 4.98916],
				"rotation": [6, 0, 0],
				"cubes": [
					{"origin": [-3, 6.79208, 4.98916], "size": [6, 6, 0], "uv": [28, 49]}
				]
			},
			{
				"name": "bone43",
				"parent": "bone42",
				"pivot": [-3, -6.20792, 4.98916],
				"rotation": [0, 0, 5.96737],
				"cubes": [
					{"origin": [-5, 6.79208, 4.98816], "size": [2, 6, 0], "uv": [8, 92]}
				]
			},
			{
				"name": "bone44",
				"parent": "bone42",
				"pivot": [3, -6.20792, 4.98916],
				"rotation": [0, 0, -5.96737],
				"cubes": [
					{"origin": [3, 6.79208, 4.99016], "size": [2, 6, 0], "uv": [4, 92]}
				]
			},
			{
				"name": "bone45",
				"parent": "bone36",
				"pivot": [0, -6, 0],
				"rotation": [0, -180, 0]
			},
			{
				"name": "bone46",
				"parent": "bone45",
				"pivot": [0, -6, 4.98916],
				"rotation": [6, 0, 0],
				"cubes": [
					{"origin": [-3, 6.79208, 4.98916], "size": [6, 6, 0], "uv": [16, 49]}
				]
			},
			{
				"name": "bone47",
				"parent": "bone46",
				"pivot": [-3, -6.20792, 4.98916],
				"rotation": [0, 0, 5.96737],
				"cubes": [
					{"origin": [-5, 6.79208, 4.98816], "size": [2, 6, 0], "uv": [0, 92]}
				]
			},
			{
				"name": "bone48",
				"parent": "bone46",
				"pivot": [3, -6.20792, 4.98916],
				"rotation": [0, 0, -5.96737],
				"cubes": [
					{"origin": [3, 6.79208, 4.99016], "size": [2, 6, 0], "uv": [40, 86]}
				]
			},
			{
				"name": "bone49",
				"parent": "bone36",
				"pivot": [0, -6, 0],
				"rotation": [0, -270, 0]
			},
			{
				"name": "bone50",
				"parent": "bone49",
				"pivot": [0, -6, 4.98916],
				"rotation": [6, 0, 0],
				"cubes": [
					{"origin": [-3, 6.79208, 4.98916], "size": [6, 6, 0], "uv": [0, 53]}
				]
			},
			{
				"name": "bone51",
				"parent": "bone50",
				"pivot": [-3, -6.20792, 4.98916],
				"rotation": [0, 0, 5.96737],
				"cubes": [
					{"origin": [-5, 6.79208, 4.98816], "size": [2, 6, 0], "uv": [36, 86]}
				]
			},
			{
				"name": "bone52",
				"parent": "bone50",
				"pivot": [3, -6.20792, 4.98916],
				"rotation": [0, 0, -5.96737],
				"cubes": [
					{"origin": [3, 6.79208, 4.99016], "size": [2, 6, 0], "uv": [32, 86]}
				]
			},
			{
				"name": "op",
				"parent": "body",
				"pivot": [0, 10.5, 0]
			},
			{
				"name": "bone",
				"parent": "op",
				"pivot": [0, 15.999, -2.5],
				"rotation": [-25, 0, 0],
				"cubes": [
					{"origin": [-3, 14.999, -3.5], "size": [6, 2, 2], "uv": [0, 49], "inflate": -0.1}
				]
			},
			{
				"name": "bone2",
				"parent": "op",
				"pivot": [0, 14.999, -2.5],
				"rotation": [-40, 0, 0],
				"cubes": [
					{"origin": [-3, 14.56277, -3.87918], "size": [6, 2, 2], "uv": [48, 41], "inflate": -0.1}
				]
			},
			{
				"name": "bone7",
				"parent": "op",
				"pivot": [0, 10.5, 0]
			},
			{
				"name": "bone5",
				"parent": "bone7",
				"pivot": [0, 12.999, -2],
				"rotation": [-10, 0, 0],
				"cubes": [
					{"origin": [-3, 12.84468, -3.34148], "size": [6, 2, 2], "uv": [32, 45], "inflate": -0.01}
				]
			},
			{
				"name": "bone8",
				"parent": "bone7",
				"pivot": [-0.25, 12.749, -1.75],
				"rotation": [0, 0, 10],
				"cubes": [
					{"origin": [-3.35771, 12.5371, -3.0006], "size": [2, 2, 6], "uv": [0, 29], "inflate": -0.01, "mirror": true}
				]
			},
			{
				"name": "bone9",
				"parent": "bone7",
				"pivot": [6.75, 12.749, -1.75],
				"rotation": [0, 0, -10],
				"cubes": [
					{"origin": [1.45646, 13.66582, -3.0006], "size": [2, 2, 6], "uv": [0, 29], "inflate": -0.01}
				]
			},
			{
				"name": "bone6",
				"parent": "bone7",
				"pivot": [0, 12.999, 2.65],
				"rotation": [10, 0, 0],
				"cubes": [
					{"origin": [-3, 12.94316, 1.34896], "size": [6, 2, 2], "uv": [32, 41], "inflate": -0.01}
				]
			},
			{
				"name": "bone10",
				"parent": "op",
				"pivot": [0, 10.5, 0],
				"cubes": [
					{"origin": [-3, 16.499, -3.5], "size": [1, 2, 7], "uv": [48, 16], "inflate": -0.45},
					{"origin": [2, 16.499, -3.5], "size": [1, 2, 7], "uv": [32, 16], "inflate": -0.45}
				]
			},
			{
				"name": "bone3",
				"parent": "body",
				"pivot": [0, 7.5, 0]
			},
			{
				"name": "bone70",
				"parent": "bone3",
				"pivot": [0, 7.5, 0],
				"cubes": [
					{"origin": [-4, 11.699, -4], "size": [8, 2, 8], "uv": [32, 0], "inflate": -0.9}
				]
			},
			{
				"name": "bone66",
				"parent": "bone70",
				"pivot": [2.5, 11.5, -2.25],
				"rotation": [-25, 35, 0]
			},
			{
				"name": "bone64",
				"parent": "bone66",
				"pivot": [1, 8.42162, -6.65631],
				"rotation": [-30, 0, 0],
				"cubes": [
					{"origin": [-1.21074, 9.97948, -7.24969], "size": [1, 2, 1], "uv": [12, 103]}
				]
			},
			{
				"name": "bone65",
				"parent": "bone66",
				"pivot": [1, 8.42162, -6.65631],
				"cubes": [
					{"origin": [-1.21074, 9.56746, -5.52523], "size": [1, 2, 1], "uv": [8, 103]}
				]
			},
			{
				"name": "bone67",
				"parent": "bone70",
				"pivot": [0.5, 10.5, -4.25],
				"rotation": [-25, -35, 0]
			},
			{
				"name": "bone68",
				"parent": "bone67",
				"pivot": [2.5, 8.42162, -5.65631],
				"rotation": [-30, 0, 0],
				"cubes": [
					{"origin": [1.90044, 10.93859, -7.24025], "size": [1, 2, 1], "uv": [4, 103]}
				]
			},
			{
				"name": "bone69",
				"parent": "bone67",
				"pivot": [2.5, 8.42162, -5.65631],
				"cubes": [
					{"origin": [1.90044, 10.89336, -4.90353], "size": [1, 2, 1], "uv": [0, 103]}
				]
			},
			{
				"name": "bone71",
				"parent": "bone70",
				"pivot": [0, 4, -6.52949],
				"rotation": [-10, 0, 0]
			},
			{
				"name": "bone72",
				"parent": "bone71",
				"pivot": [-1.50358, 3.22725, -4.57456],
				"rotation": [0, 0, 4.85108],
				"cubes": [
					{"origin": [-3.04096, 2.06414, -4.77851], "size": [1, 11, 0], "uv": [6, 75]}
				]
			},
			{
				"name": "bone75",
				"parent": "bone71",
				"pivot": [-1.50358, 3.22725, -4.57456],
				"rotation": [0, 0, -0.14892],
				"cubes": [
					{"origin": [-2.14028, 2.11541, -4.77851], "size": [1, 11, 0], "uv": [4, 75]}
				]
			},
			{
				"name": "bone73",
				"parent": "bone71",
				"pivot": [1.58815, 2.28938, -4.99379],
				"rotation": [0, 0, -4.85108],
				"cubes": [
					{"origin": [2.37057, 2.06794, -4.77851], "size": [1, 11, 0], "uv": [2, 75]}
				]
			},
			{
				"name": "bone74",
				"parent": "bone71",
				"pivot": [1.58815, 2.28938, -4.99379],
				"rotation": [0, 0, 0.14892],
				"cubes": [
					{"origin": [1.38689, 2.13697, -4.77851], "size": [1, 11, 0], "uv": [0, 75]}
				]
			},
			{
				"name": "legLeft",
				"pivot": [1.75, 9, 0],
				"cubes": [
					{"origin": [0.249, 0, -1.5], "size": [3, 9, 3], "uv": [44, 29]}
				]
			},
			{
				"name": "legRight",
				"pivot": [-1.75, 9, 0],
				"cubes": [
					{"origin": [-3.249, 0, -1.5], "size": [3, 9, 3], "uv": [32, 29]}
				]
			}
		]
	}
}