{
	"format_version": "1.10.0",
	"geometry.model": {
		"texturewidth": 112,
		"textureheight": 112,
		"visible_bounds_width": 3,
		"visible_bounds_height": 2,
		"visible_bounds_offset": [0, 0, 0],
		"bones": [
			{
				"name": "head",
				"pivot": [0, 18, 0],
				"cubes": [
					{"origin": [-4, 18, -4], "size": [8, 8, 8], "uv": [32, 0]}
				]
			},
			{
				"name": "bone8",
				"parent": "head",
				"pivot": [0, 0.25, -7.5]
			},
			{
				"name": "lh",
				"parent": "bone8",
				"pivot": [-0.5, 0.25, -7.5]
			},
			{
				"name": "bone24",
				"parent": "lh",
				"pivot": [-1, 24.25, -4],
				"rotation": [0, 0, 5],
				"cubes": [
					{"origin": [-1.5, 22.25, -4.499], "size": [1, 4, 1], "uv": [8, 102]}
				]
			},
			{
				"name": "bone25",
				"parent": "lh",
				"pivot": [-3, 24.25, -4],
				"rotation": [0, 0, 10],
				"cubes": [
					{"origin": [-3.90463, 22.14898, -4.499], "size": [1, 3, 2], "uv": [22, 82]}
				]
			},
			{
				"name": "bone28",
				"parent": "lh",
				"pivot": [3.96882, 24.46336, -4],
				"rotation": [0, 0, -10],
				"cubes": [
					{"origin": [2.89055, 22.36235, -4.499], "size": [1, 3, 2], "uv": [16, 82]}
				]
			},
			{
				"name": "bone27",
				"parent": "lh",
				"pivot": [-2.42002, 24.69798, -4],
				"rotation": [0, 0, 20],
				"cubes": [
					{"origin": [-2.82002, 23.19798, -4.5], "size": [1, 3, 1], "uv": [28, 102]}
				]
			},
			{
				"name": "bone30",
				"parent": "lh",
				"pivot": [2.18067, 24.77623, -4],
				"rotation": [0, 0, -15],
				"cubes": [
					{"origin": [1.68067, 23.17623, -4.5], "size": [1, 3, 1], "uv": [24, 102]}
				]
			},
			{
				"name": "bone26",
				"parent": "lh",
				"pivot": [-3.5, 21.25, -4],
				"rotation": [0, 0, -5],
				"cubes": [
					{"origin": [-4.15802, 18.39971, -4.5], "size": [1, 4, 1], "uv": [4, 102]}
				]
			},
			{
				"name": "bone31",
				"parent": "lh",
				"pivot": [-3.5, 21.25, -3],
				"rotation": [0, 0, -5],
				"cubes": [
					{"origin": [-4.6923, 16.09572, -3.5], "size": [1, 3, 1], "uv": [20, 102]}
				]
			},
			{
				"name": "bone32",
				"parent": "lh",
				"pivot": [4.5, 21.25, -3],
				"rotation": [0, 0, 5],
				"cubes": [
					{"origin": [3.79263, 15.77369, -3.5], "size": [1, 5, 1], "uv": [32, 87], "inflate": -0.35}
				]
			},
			{
				"name": "bone29",
				"parent": "lh",
				"pivot": [3.47336, 20.63991, -4],
				"rotation": [0, 0, 5],
				"cubes": [
					{"origin": [3.10187, 18.44231, -4.5], "size": [1, 4, 1], "uv": [0, 102]}
				]
			},
			{
				"name": "bone23",
				"parent": "lh",
				"pivot": [0, 24.25, -4],
				"rotation": [0, 0, -5],
				"cubes": [
					{"origin": [-0.5, 22.25, -4.5], "size": [2, 4, 1], "uv": [28, 82]}
				]
			},
			{
				"name": "cf",
				"parent": "bone8",
				"pivot": [-0.5, 0.25, -7.5],
				"cubes": [
					{"origin": [-4.5, 19, -3.5], "size": [1, 4, 7], "uv": [16, 31]},
					{"origin": [3.5, 19, -3.5], "size": [1, 4, 7], "uv": [0, 31]},
					{"origin": [-3.5, 19, 3.5], "size": [7, 3, 1], "uv": [20, 46]}
				]
			},
			{
				"name": "mw",
				"parent": "bone8",
				"pivot": [0, 0.25, -7.5]
			},
			{
				"name": "bone33",
				"parent": "mw",
				"pivot": [0.4, -0.65, -8.5],
				"cubes": [
					{"origin": [-4.6, 22.6, -2], "size": [1, 3, 3], "uv": [36, 68], "inflate": -0.4, "mirror": true},
					{"origin": [3.65, 22.6, -2], "size": [1, 3, 3], "uv": [36, 68], "inflate": -0.4}
				]
			},
			{
				"name": "bone34",
				"parent": "bone33",
				"pivot": [-4.35, 24.1, -0.5],
				"rotation": [0, 15, 0],
				"cubes": [
					{"origin": [-4.85, 23.1, -1.5], "size": [1, 2, 2], "uv": [20, 87], "inflate": -0.1, "mirror": true}
				]
			},
			{
				"name": "bone36",
				"parent": "bone34",
				"pivot": [-4.2853, 23.35, -0.74148],
				"rotation": [0, -15, 15]
			},
			{
				"name": "bone35",
				"parent": "bone36",
				"pivot": [-5.011, 22.35, -0.68562],
				"rotation": [-5, 0, 0],
				"cubes": [
					{"origin": [-5.512, 20.85, -1.18562], "size": [1, 3, 1], "uv": [12, 102], "inflate": -0.1}
				]
			},
			{
				"name": "bone37",
				"parent": "bone36",
				"pivot": [-5.011, 17.6, -0.68562],
				"rotation": [30, 0, 0],
				"cubes": [
					{"origin": [-5.511, 18.89624, 0.45871], "size": [1, 2, 1], "uv": [32, 102], "inflate": -0.1}
				]
			},
			{
				"name": "bone38",
				"parent": "bone36",
				"pivot": [-5.011, 17.89624, 0.95871],
				"rotation": [70, 0, 0],
				"cubes": [
					{"origin": [-5.512, 18.70983, 1.86864], "size": [1, 1, 1], "uv": [32, 107], "inflate": -0.1}
				]
			},
			{
				"name": "bone39",
				"parent": "bone36",
				"pivot": [-5.011, 19.3175, 3.5042],
				"rotation": [50, 0, 0],
				"cubes": [
					{"origin": [-5.511, 21.4578, 1.3158], "size": [1, 1, 2], "uv": [42, 99], "inflate": -0.1}
				]
			},
			{
				"name": "bone40",
				"parent": "bone36",
				"pivot": [-5.011, 24.28641, 2.73655],
				"rotation": [105, 0, 0],
				"cubes": [
					{"origin": [-5.512, 26.25219, -0.692], "size": [1, 1, 2], "uv": [36, 99], "inflate": -0.1}
				]
			},
			{
				"name": "bone41",
				"parent": "bone36",
				"pivot": [-5.011, 26.28641, 2.73655],
				"rotation": [125, 0, 0],
				"cubes": [
					{"origin": [-5.511, 29.79756, 0.26842], "size": [1, 1, 3], "uv": [30, 78], "inflate": -0.1}
				]
			},
			{
				"name": "bone42",
				"parent": "bone33",
				"pivot": [4.4, 24.1, -0.5],
				"rotation": [0, -15, 0],
				"cubes": [
					{"origin": [3.9, 23.1, -1.5], "size": [1, 2, 2], "uv": [20, 87], "inflate": -0.1}
				]
			},
			{
				"name": "bone43",
				"parent": "bone42",
				"pivot": [5.91359, 23.7, -1.12971],
				"rotation": [0, 15, -15]
			},
			{
				"name": "bone44",
				"parent": "bone43",
				"pivot": [5.18789, 22.7, -1.07385],
				"rotation": [-5, 0, 0],
				"cubes": [
					{"origin": [4.688, 21.2, -1.57385], "size": [1, 3, 1], "uv": [12, 102], "inflate": -0.1}
				]
			},
			{
				"name": "bone45",
				"parent": "bone43",
				"pivot": [5.18789, 17.95, -1.07385],
				"rotation": [30, 0, 0],
				"cubes": [
					{"origin": [4.68789, 19.24624, 0.07048], "size": [1, 2, 1], "uv": [32, 102], "inflate": -0.1}
				]
			},
			{
				"name": "bone46",
				"parent": "bone43",
				"pivot": [5.18789, 18.24624, 0.57048],
				"rotation": [70, 0, 0],
				"cubes": [
					{"origin": [4.688, 19.05983, 1.48041], "size": [1, 1, 1], "uv": [32, 107], "inflate": -0.1}
				]
			},
			{
				"name": "bone47",
				"parent": "bone43",
				"pivot": [5.18789, 19.6675, 3.11597],
				"rotation": [50, 0, 0],
				"cubes": [
					{"origin": [4.68789, 21.8078, 0.92757], "size": [1, 1, 2], "uv": [42, 99], "inflate": -0.1}
				]
			},
			{
				"name": "bone48",
				"parent": "bone43",
				"pivot": [5.18789, 24.63641, 2.34832],
				"rotation": [105, 0, 0],
				"cubes": [
					{"origin": [4.688, 26.60219, -1.08023], "size": [1, 1, 2], "uv": [36, 99], "inflate": -0.1}
				]
			},
			{
				"name": "bone49",
				"parent": "bone43",
				"pivot": [5.18789, 26.63641, 2.34832],
				"rotation": [125, 0, 0],
				"cubes": [
					{"origin": [4.6879, 30.14756, -0.11981], "size": [1, 1, 3], "uv": [30, 78], "inflate": -0.1}
				]
			},
			{
				"name": "blink",
				"parent": "head",
				"pivot": [0, 18, 0],
				"cubes": [
					{"origin": [-4, 18, -4.001], "size": [8, 8, 0], "uv": [32, 31]}
				]
			},
			{
				"name": "ahoge",
				"parent": "head",
				"pivot": [0, 26, 0],
				"cubes": [
					{"origin": [-2, 26, 0], "size": [4, 4, 0], "uv": [46, 78]}
				]
			},
			{
				"name": "armRight",
				"pivot": [-2, 17.5, 0],
				"rotation": [0, 0, 25],
				"cubes": [
					{"origin": [-4, 8.5, -1], "size": [2, 8, 2], "uv": [0, 68]},
					{"origin": [-4, 10.05, -1], "size": [2, 1, 2], "uv": [62, 78], "inflate": 0.1},
					{"origin": [-4, 15.05, -1], "size": [2, 1, 2], "uv": [54, 78], "inflate": 0.2}
				]
			},
			{
				"name": "armLeft",
				"pivot": [2, 17.5, 0],
				"rotation": [0, 0, -25],
				"cubes": [
					{"origin": [2, 8.5, -1], "size": [2, 8, 2], "uv": [0, 68]},
					{"origin": [2, 15.05, -1], "size": [2, 1, 2], "uv": [54, 78], "inflate": 0.2},
					{"origin": [2, 10.05, -1], "size": [2, 1, 2], "uv": [62, 78], "inflate": 0.1}
				]
			},
			{
				"name": "body",
				"pivot": [0, 10.5, 0],
				"cubes": [
					{"origin": [-3, 8.999, -3], "size": [6, 9, 6], "uv": [0, 16]}
				]
			},
			{
				"name": "pc",
				"parent": "body",
				"pivot": [0, 0, 0],
				"cubes": [
					{"origin": [-3.5, 9.999, -3.5], "size": [7, 1, 7], "uv": [24, 16], "inflate": -0.45}
				]
			},
			{
				"name": "bone52",
				"parent": "pc",
				"pivot": [-4, -6, -0.5]
			},
			{
				"name": "bone53",
				"parent": "bone52",
				"pivot": [3.1, 10.499, -0.5],
				"rotation": [-15, 0, 0],
				"cubes": [
					{"origin": [2.6, 9.999, -1.5], "size": [1, 1, 2], "uv": [30, 99], "inflate": -0.45}
				]
			},
			{
				"name": "bone56",
				"parent": "bone52",
				"pivot": [3.1, 9.999, -0.25],
				"rotation": [-70, 0, 0],
				"cubes": [
					{"origin": [2.6, 9.499, -1.25], "size": [1, 1, 2], "uv": [18, 99], "inflate": -0.45}
				]
			},
			{
				"name": "bone55",
				"parent": "bone52",
				"pivot": [3.1, 10.499, -0.5],
				"cubes": [
					{"origin": [2.6, 10.04305, -1.4942], "size": [1, 1, 1], "uv": [20, 107], "inflate": -0.45},
					{"origin": [2.6, 10.04305, -0.5058], "size": [1, 1, 1], "uv": [12, 107], "inflate": -0.45},
					{"origin": [2.6, 9.95495, -1.4942], "size": [1, 1, 1], "uv": [16, 107], "inflate": -0.45},
					{"origin": [2.6, 9.95495, -0.5058], "size": [1, 1, 1], "uv": [8, 107], "inflate": -0.45}
				]
			},
			{
				"name": "bone54",
				"parent": "bone52",
				"pivot": [3.1, 10.499, -0.5],
				"rotation": [15, 0, 0],
				"cubes": [
					{"origin": [2.6, 9.999, -1.5], "size": [1, 1, 2], "uv": [24, 99], "inflate": -0.45}
				]
			},
			{
				"name": "bone57",
				"parent": "bone52",
				"pivot": [3.1, 9.999, -0.75],
				"rotation": [70, 0, 0],
				"cubes": [
					{"origin": [2.6, 9.499, -1.75], "size": [1, 1, 2], "uv": [12, 99], "inflate": -0.45}
				]
			},
			{
				"name": "bone58",
				"parent": "pc",
				"pivot": [-10.25, -6, -0.5]
			},
			{
				"name": "bone59",
				"parent": "bone58",
				"pivot": [-3.15, 10.499, -0.5],
				"rotation": [-15, 0, 0],
				"cubes": [
					{"origin": [-3.65, 9.999, -1.5], "size": [1, 1, 2], "uv": [6, 99], "inflate": -0.45}
				]
			},
			{
				"name": "bone60",
				"parent": "bone58",
				"pivot": [-3.15, 9.999, -0.25],
				"rotation": [-70, 0, 0],
				"cubes": [
					{"origin": [-3.65, 9.499, -1.25], "size": [1, 1, 2], "uv": [0, 99], "inflate": -0.45}
				]
			},
			{
				"name": "bone61",
				"parent": "bone58",
				"pivot": [-3.15, 10.499, -0.5],
				"cubes": [
					{"origin": [-3.65, 10.04305, -1.4942], "size": [1, 1, 1], "uv": [4, 107], "inflate": -0.45},
					{"origin": [-3.65, 10.04305, -0.5058], "size": [1, 1, 1], "uv": [0, 107], "inflate": -0.45},
					{"origin": [-3.65, 9.95495, -1.4942], "size": [1, 1, 1], "uv": [40, 102], "inflate": -0.45},
					{"origin": [-3.65, 9.95495, -0.5058], "size": [1, 1, 1], "uv": [36, 105], "inflate": -0.45}
				]
			},
			{
				"name": "bone62",
				"parent": "bone58",
				"pivot": [-3.15, 10.499, -0.5],
				"rotation": [15, 0, 0],
				"cubes": [
					{"origin": [-3.65, 9.999, -1.5], "size": [1, 1, 2], "uv": [32, 96], "inflate": -0.45}
				]
			},
			{
				"name": "bone63",
				"parent": "bone58",
				"pivot": [-3.15, 9.999, -0.75],
				"rotation": [70, 0, 0],
				"cubes": [
					{"origin": [-3.65, 9.499, -1.75], "size": [1, 1, 2], "uv": [32, 93], "inflate": -0.45}
				]
			},
			{
				"name": "bone51",
				"parent": "body",
				"pivot": [5.5, 2, -1.7],
				"cubes": [
					{"origin": [-3.5, 11.999, -1.7], "size": [1, 1, 1], "uv": [24, 107], "inflate": -0.15},
					{"origin": [-3.5, 11.499, -1], "size": [1, 2, 2], "uv": [8, 87]},
					{"origin": [2.5, 11.499, -1], "size": [1, 2, 2], "uv": [8, 87], "mirror": true},
					{"origin": [2.5, 11.999, -1.7], "size": [1, 1, 1], "uv": [28, 107], "inflate": -0.15}
				]
			},
			{
				"name": "op",
				"parent": "body",
				"pivot": [0, 0, -6]
			},
			{
				"name": "bone50",
				"parent": "op",
				"pivot": [0, 15.999, -2.8],
				"rotation": [-35, 0, 0],
				"cubes": [
					{"origin": [-3, 14.999, -3.8], "size": [6, 2, 2], "uv": [20, 42], "inflate": -0.1}
				]
			},
			{
				"name": "sittingRotationSkirt",
				"parent": "body",
				"pivot": [0, 10.5, 0]
			},
			{
				"name": "bone",
				"parent": "sittingRotationSkirt",
				"pivot": [0, 14.5, 0]
			},
			{
				"name": "bone17",
				"parent": "bone",
				"pivot": [0, 4, 0],
				"rotation": [0, -90, 0]
			},
			{
				"name": "bone20",
				"parent": "bone17",
				"pivot": [0, 4, 4.47051],
				"rotation": [10, 0, 0]
			},
			{
				"name": "bone22",
				"parent": "bone20",
				"pivot": [-2.5, 3.65782, 4.47051],
				"rotation": [0, 0, 9.85108],
				"cubes": [
					{"origin": [-4.5, 6.65782, 4.46951], "size": [2, 6, 0], "uv": [0, 93]}
				]
			},
			{
				"name": "bone10",
				"parent": "bone",
				"pivot": [0, 4, 0],
				"rotation": [0, -180, 0]
			},
			{
				"name": "bone11",
				"parent": "bone10",
				"pivot": [0, 4, 4.47051],
				"rotation": [10, 0, 0],
				"cubes": [
					{"origin": [-2.5, 6.65782, 4.47051], "size": [5, 6, 0], "uv": [16, 68]},
					{"origin": [-5, 5.70156, 1.25562], "size": [10, 10, 6], "uv": [0, 0], "inflate": -3.25}
				]
			},
			{
				"name": "bone12",
				"parent": "bone11",
				"pivot": [-2.5, 3.65782, 4.47051],
				"rotation": [0, 0, 9.85108],
				"cubes": [
					{"origin": [-4.5, 6.65782, 4.46951], "size": [2, 6, 0], "uv": [20, 93]}
				]
			},
			{
				"name": "bone13",
				"parent": "bone11",
				"pivot": [2.5, 3.65782, 4.47051],
				"rotation": [0, 0, -9.85108],
				"cubes": [
					{"origin": [2.5, 6.65782, 4.47151], "size": [2, 6, 0], "uv": [16, 93]}
				]
			},
			{
				"name": "bone18",
				"parent": "bone",
				"pivot": [0, 4, 0],
				"rotation": [0, -270, 0]
			},
			{
				"name": "bone19",
				"parent": "bone18",
				"pivot": [0, 4, 4.47051],
				"rotation": [10, 0, 0]
			},
			{
				"name": "bone21",
				"parent": "bone19",
				"pivot": [2.5, 3.65782, 4.47051],
				"rotation": [0, 0, -9.85108],
				"cubes": [
					{"origin": [2.5, 6.65782, 4.47151], "size": [2, 6, 0], "uv": [4, 93]}
				]
			},
			{
				"name": "dg",
				"parent": "body",
				"pivot": [0, 10.5, 0]
			},
			{
				"name": "bone64",
				"parent": "dg",
				"pivot": [0, 25.5, -0.5]
			},
			{
				"name": "bone65",
				"parent": "bone64",
				"pivot": [0, 15, -0.5]
			},
			{
				"name": "bone66",
				"parent": "bone65",
				"pivot": [0, 15, 2.47771],
				"rotation": [15, 0, 0],
				"cubes": [
					{"origin": [-2, 2.70221, 4.65754], "size": [4, 13, 0], "uv": [12, 42]}
				]
			},
			{
				"name": "bone67",
				"parent": "bone66",
				"pivot": [-1, 14.70221, 2.47771],
				"rotation": [0, 0, 8.56299],
				"cubes": [
					{"origin": [-3, 2.70221, 4.65654], "size": [3, 13, 0], "uv": [24, 55]}
				]
			},
			{
				"name": "bone68",
				"parent": "bone66",
				"pivot": [1, 14.70221, 2.47771],
				"rotation": [0, 0, -8.56299],
				"cubes": [
					{"origin": [0, 2.70221, 4.65854], "size": [3, 13, 0], "uv": [18, 55]}
				]
			},
			{
				"name": "bone69",
				"parent": "bone64",
				"pivot": [0, 15, -0.5],
				"rotation": [0, -60, 0]
			},
			{
				"name": "bone70",
				"parent": "bone69",
				"pivot": [0, 15, 2.47771],
				"rotation": [15, 0, 0],
				"cubes": [
					{"origin": [-1, 2.70221, 4.65754], "size": [3, 13, 0], "uv": [36, 42]}
				]
			},
			{
				"name": "bone71",
				"parent": "bone70",
				"pivot": [-1, 14.70221, 2.47771],
				"rotation": [0, 0, 8.56299]
			},
			{
				"name": "bone72",
				"parent": "bone70",
				"pivot": [1, 14.70221, 2.47771],
				"rotation": [0, 0, -8.56299],
				"cubes": [
					{"origin": [0, 2.70221, 4.65854], "size": [3, 13, 0], "uv": [12, 55]}
				]
			},
			{
				"name": "bone85",
				"parent": "bone64",
				"pivot": [0, 15, -0.5],
				"rotation": [0, -300, 0]
			},
			{
				"name": "bone86",
				"parent": "bone85",
				"pivot": [0, 15, 2.47771],
				"rotation": [15, 0, 0],
				"cubes": [
					{"origin": [-2, 2.70221, 4.65754], "size": [3, 13, 0], "uv": [36, 42], "mirror": true}
				]
			},
			{
				"name": "bone87",
				"parent": "bone86",
				"pivot": [-1, 14.70221, 2.47771],
				"rotation": [0, 0, 8.56299],
				"cubes": [
					{"origin": [-3, 2.70221, 4.65654], "size": [3, 13, 0], "uv": [6, 55]}
				]
			},
			{
				"name": "bone88",
				"parent": "bone86",
				"pivot": [1, 14.70221, 2.47771],
				"rotation": [0, 0, -8.56299]
			},
			{
				"name": "bone73",
				"parent": "dg",
				"pivot": [0, 25.5, -0.5]
			},
			{
				"name": "bone74",
				"parent": "bone73",
				"pivot": [0, 15, -0.5]
			},
			{
				"name": "bone75",
				"parent": "bone74",
				"pivot": [0, 15, 2.47771],
				"rotation": [15, 0, 0],
				"cubes": [
					{"origin": [-2, 15.70221, 4.65754], "size": [4, 1, 1], "uv": [20, 78]}
				]
			},
			{
				"name": "bone76",
				"parent": "bone75",
				"pivot": [-1, 14.70221, 2.47771],
				"rotation": [0, 0, 8.56299],
				"cubes": [
					{"origin": [-3, 15.70221, 4.65654], "size": [3, 1, 1], "uv": [0, 89]}
				]
			},
			{
				"name": "bone77",
				"parent": "bone75",
				"pivot": [1, 14.70221, 2.47771],
				"rotation": [0, 0, -8.56299],
				"cubes": [
					{"origin": [0, 15.70221, 4.65854], "size": [3, 1, 1], "uv": [0, 87]}
				]
			},
			{
				"name": "bone78",
				"parent": "bone73",
				"pivot": [0, 15, -0.5],
				"rotation": [0, -60, 0]
			},
			{
				"name": "bone79",
				"parent": "bone78",
				"pivot": [0, 15, 2.47771],
				"rotation": [15, 0, 0],
				"cubes": [
					{"origin": [-1, 15.70221, 4.65754], "size": [3, 1, 1], "uv": [42, 84]}
				]
			},
			{
				"name": "bone80",
				"parent": "bone79",
				"pivot": [-1, 14.70221, 2.47771],
				"rotation": [0, 0, 8.56299]
			},
			{
				"name": "bone81",
				"parent": "bone79",
				"pivot": [1, 14.70221, 2.47771],
				"rotation": [0, 0, -8.56299],
				"cubes": [
					{"origin": [0, 15.70221, 4.65854], "size": [3, 1, 1], "uv": [42, 82]}
				]
			},
			{
				"name": "bone82",
				"parent": "bone73",
				"pivot": [0, 15, -0.5],
				"rotation": [0, -300, 0]
			},
			{
				"name": "bone83",
				"parent": "bone82",
				"pivot": [0, 15, 2.47771],
				"rotation": [15, 0, 0],
				"cubes": [
					{"origin": [-2, 15.70221, 4.65754], "size": [3, 1, 1], "uv": [34, 84]}
				]
			},
			{
				"name": "bone84",
				"parent": "bone83",
				"pivot": [-1, 14.70221, 2.47771],
				"rotation": [0, 0, 8.56299],
				"cubes": [
					{"origin": [-3, 15.70221, 4.65654], "size": [3, 1, 1], "uv": [34, 82]}
				]
			},
			{
				"name": "bone89",
				"parent": "bone83",
				"pivot": [1, 14.70221, 2.47771],
				"rotation": [0, 0, -8.56299]
			},
			{
				"name": "bone2",
				"parent": "body",
				"pivot": [0, 4, 0]
			},
			{
				"name": "bone3",
				"parent": "bone2",
				"pivot": [0, 4, 4.47051],
				"rotation": [10, 0, 0],
				"cubes": [
					{"origin": [-2.5, 6.65782, 4.47051], "size": [5, 6, 0], "uv": [26, 68]}
				]
			},
			{
				"name": "bone4",
				"parent": "bone3",
				"pivot": [-2.5, 3.65782, 4.47051],
				"rotation": [0, 0, 9.85108],
				"cubes": [
					{"origin": [-4.5, 6.65782, 4.46951], "size": [2, 6, 0], "uv": [28, 93]}
				]
			},
			{
				"name": "bone5",
				"parent": "bone3",
				"pivot": [2.5, 3.65782, 4.47051],
				"rotation": [0, 0, -9.85108],
				"cubes": [
					{"origin": [2.5, 6.65782, 4.47151], "size": [2, 6, 0], "uv": [24, 93]}
				]
			},
			{
				"name": "bone6",
				"parent": "bone2",
				"pivot": [0, 4, 0],
				"rotation": [0, -90, 0]
			},
			{
				"name": "bone7",
				"parent": "bone6",
				"pivot": [0, 4, 4.47051],
				"rotation": [10, 0, 0]
			},
			{
				"name": "bone9",
				"parent": "bone7",
				"pivot": [2.5, 3.65782, 4.47051],
				"rotation": [0, 0, -9.85108],
				"cubes": [
					{"origin": [2.5, 6.65782, 4.47151], "size": [2, 6, 0], "uv": [8, 93]}
				]
			},
			{
				"name": "bone14",
				"parent": "bone2",
				"pivot": [0, 4, 0],
				"rotation": [0, -270, 0]
			},
			{
				"name": "bone15",
				"parent": "bone14",
				"pivot": [0, 4, 4.47051],
				"rotation": [10, 0, 0]
			},
			{
				"name": "bone16",
				"parent": "bone15",
				"pivot": [-2.5, 3.65782, 4.47051],
				"rotation": [0, 0, 9.85108],
				"cubes": [
					{"origin": [-4.5, 6.65782, 4.46951], "size": [2, 6, 0], "uv": [12, 93]}
				]
			},
			{
				"name": "bone92",
				"parent": "body",
				"pivot": [0, 10.5, 0]
			},
			{
				"name": "bone91",
				"parent": "bone92",
				"pivot": [0.35, 11.999, -1],
				"rotation": [0, 0, 15],
				"cubes": [
					{"origin": [-3.65, 11.499, -4], "size": [8, 1, 8], "uv": [52, 16], "inflate": -0.45}
				]
			},
			{
				"name": "bone93",
				"parent": "bone92",
				"pivot": [3.85, 10.249, 0],
				"rotation": [-45, 0, 0],
				"cubes": [
					{"origin": [3.25, 9.249, -1], "size": [1, 2, 2], "uv": [64, 26], "inflate": -0.45, "mirror": true},
					{"origin": [3.35, 9.249, -1], "size": [1, 2, 2], "uv": [64, 26], "inflate": -0.45}
				]
			},
			{
				"name": "bone95",
				"parent": "bone92",
				"pivot": [3.85, 8.999, 0],
				"rotation": [-10, 0, 0],
				"cubes": [
					{"origin": [3.3, 8.24178, -0.56281], "size": [1, 2, 1], "uv": [76, 27], "inflate": -0.35}
				]
			},
			{
				"name": "bone96",
				"parent": "bone92",
				"pivot": [3.85, 8.999, 0.25],
				"rotation": [10, 0, 0],
				"cubes": [
					{"origin": [3.3, 8.27993, -0.40355], "size": [1, 2, 1], "uv": [76, 27], "inflate": -0.35}
				]
			},
			{
				"name": "bone94",
				"parent": "bone92",
				"pivot": [3.85, 10.249, -0.75],
				"rotation": [-45, 0, 0],
				"cubes": [
					{"origin": [3.45, 9.249, -1.75], "size": [1, 2, 2], "uv": [70, 26], "inflate": -0.75},
					{"origin": [3.45, 10.30966, -0.68934], "size": [1, 2, 2], "uv": [70, 26], "inflate": -0.75}
				]
			},
			{
				"name": "legLeft",
				"pivot": [2, 9, 0],
				"cubes": [
					{"origin": [0.249, 1, -1.5], "size": [3, 8, 3], "uv": [0, 42]},
					{"origin": [-0.751, 1, -2.5], "size": [5, 2, 5], "uv": [24, 24], "inflate": -0.7},
					{"origin": [0.249, 0, 0.5], "size": [3, 1, 1], "uv": [36, 87]},
					{"origin": [0.249, 0, -1.75], "size": [3, 1, 2], "uv": [0, 78]}
				]
			},
			{
				"name": "legRight",
				"pivot": [-2, 9, 0],
				"cubes": [
					{"origin": [-3.249, 1, -1.5], "size": [3, 8, 3], "uv": [48, 31]},
					{"origin": [-3.249, 0, 0.5], "size": [3, 1, 1], "uv": [36, 89]},
					{"origin": [-3.249, 0, -1.75], "size": [3, 1, 2], "uv": [10, 78]}
				]
			},
			{
				"name": "sinFloat",
				"pivot": [0, 0, 0]
			},
			{
				"name": "bone90",
				"parent": "sinFloat",
				"pivot": [-20, 8, 3],
				"cubes": [
					{"origin": [-11, 23, 3], "size": [3, 3, 2], "uv": [102, 4], "inflate": -0.1}
				]
			},
			{
				"name": "legRightExtraA",
				"parent": "bone90",
				"pivot": [-8.9, 22.55, 4],
				"cubes": [
					{"origin": [-9.4, 21.55, 3.5], "size": [1, 2, 1], "uv": [98, 6]}
				]
			},
			{
				"name": "legLeftExtraA",
				"parent": "bone90",
				"pivot": [-10.1, 22.6, 4],
				"cubes": [
					{"origin": [-10.6, 21.6, 3.5], "size": [1, 2, 1], "uv": [98, 6]}
				]
			},
			{
				"name": "armRightExtraA",
				"parent": "bone90",
				"pivot": [-11.6, 24.9, 4.15],
				"rotation": [0, 0, 25],
				"cubes": [
					{"origin": [-11.64685, 24.11131, 3.65], "size": [1, 2, 1], "uv": [100, 1]}
				]
			},
			{
				"name": "armLeftExtraA",
				"parent": "bone90",
				"pivot": [-7.4, 24.9, 4.15],
				"rotation": [0, 0, -25],
				"cubes": [
					{"origin": [-8.35315, 24.11131, 3.65], "size": [1, 2, 1], "uv": [100, 1]}
				]
			},
			{
				"name": "headExtraA",
				"parent": "bone90",
				"pivot": [-9.5, 26.65, 3.75],
				"cubes": [
					{"origin": [-10.5, 25.9, 3], "size": [2, 2, 2], "uv": [104, 0]},
					{"origin": [-10.5, 25.9, 2.5], "size": [2, 1, 2], "uv": [108, 9], "inflate": -0.3},
					{"origin": [-9, 27.5, 3.5], "size": [1, 1, 1], "uv": [102, 9], "inflate": -0.1},
					{"origin": [-11, 27.5, 3.5], "size": [1, 1, 1], "uv": [102, 9], "inflate": -0.1}
				]
			}
		]
	}
}