{
	"format_version": "1.10.0",
	"geometry.model": {
		"texturewidth": 112,
		"textureheight": 112,
		"visible_bounds_width": 2,
		"visible_bounds_height": 2,
		"visible_bounds_offset": [0, 0, 0],
		"bones": [
			{
				"name": "head",
				"pivot": [0, 18, 0],
				"cubes": [
					{"origin": [-4, 18, -4], "size": [8, 8, 8], "uv": [32, 0]}
				]
			},
			{
				"name": "bone8",
				"parent": "head",
				"pivot": [0, 0.25, -7.5]
			},
			{
				"name": "lh",
				"parent": "bone8",
				"pivot": [-0.5, 0.25, -7.5]
			},
			{
				"name": "bone24",
				"parent": "lh",
				"pivot": [-1, 24.25, -4],
				"rotation": [0, 0, 5],
				"cubes": [
					{"origin": [-1.40038, 22.25872, -4.5], "size": [2, 4, 1], "uv": [60, 82]}
				]
			},
			{
				"name": "bone25",
				"parent": "lh",
				"pivot": [-3, 24.25, -4],
				"rotation": [0, 0, 10],
				"cubes": [
					{"origin": [-3.99145, 22.64139, -4.5], "size": [1, 3, 2], "uv": [54, 82]}
				]
			},
			{
				"name": "bone28",
				"parent": "lh",
				"pivot": [3.96882, 24.46336, -4],
				"rotation": [0, 0, -10],
				"cubes": [
					{"origin": [2.97737, 22.85475, -4.5], "size": [1, 3, 2], "uv": [48, 82]}
				]
			},
			{
				"name": "bone27",
				"parent": "lh",
				"pivot": [-2.42002, 24.69798, -4],
				"rotation": [0, 0, 20],
				"cubes": [
					{"origin": [-2.72605, 23.23218, -4.5], "size": [1, 3, 1], "uv": [46, 103]}
				]
			},
			{
				"name": "bone30",
				"parent": "lh",
				"pivot": [2.18067, 24.77623, -4],
				"rotation": [0, 0, -15],
				"cubes": [
					{"origin": [1.68067, 23.17623, -4.5], "size": [1, 3, 1], "uv": [42, 103]}
				]
			},
			{
				"name": "bone26",
				"parent": "lh",
				"pivot": [-3.5, 21.25, -4],
				"rotation": [0, 0, -5],
				"cubes": [
					{"origin": [-4.11444, 18.89781, -4.5], "size": [1, 4, 1], "uv": [22, 103]}
				]
			},
			{
				"name": "bone31",
				"parent": "lh",
				"pivot": [-3.5, 21.25, -3],
				"rotation": [0, 0, -5],
				"cubes": [
					{"origin": [-4.6923, 16.09572, -3.5], "size": [1, 3, 1], "uv": [38, 103]}
				]
			},
			{
				"name": "bone32",
				"parent": "lh",
				"pivot": [4.5, 21.25, -3],
				"rotation": [0, 0, 5],
				"cubes": [
					{"origin": [3.79263, 15.77369, -3.5], "size": [1, 5, 1], "uv": [0, 91], "inflate": -0.35}
				]
			},
			{
				"name": "bone29",
				"parent": "lh",
				"pivot": [3.47336, 20.63991, -4],
				"rotation": [0, 0, 5],
				"cubes": [
					{"origin": [3.0583, 18.94041, -4.5], "size": [1, 4, 1], "uv": [18, 103]}
				]
			},
			{
				"name": "bone23",
				"parent": "lh",
				"pivot": [0, 24.25, -4],
				"rotation": [0, 0, -5],
				"cubes": [
					{"origin": [0.49128, 22.15038, -4.5], "size": [1, 4, 1], "uv": [26, 103]}
				]
			},
			{
				"name": "cf",
				"parent": "bone8",
				"pivot": [-0.5, 0.25, -7.5],
				"cubes": [
					{"origin": [-4.5, 19, -3.5], "size": [1, 4, 7], "uv": [16, 31]},
					{"origin": [3.5, 19, -3.5], "size": [1, 4, 7], "uv": [0, 31]},
					{"origin": [-3.5, 19, 3.5], "size": [7, 3, 1], "uv": [20, 46]}
				]
			},
			{
				"name": "mw",
				"parent": "bone8",
				"pivot": [0, 0.25, -7.5]
			},
			{
				"name": "bone33",
				"parent": "mw",
				"pivot": [0.4, -0.65, -8.5],
				"cubes": [
					{"origin": [-4.6, 22.6, -2], "size": [1, 3, 3], "uv": [36, 68], "inflate": -0.4, "mirror": true},
					{"origin": [3.65, 22.6, -2], "size": [1, 3, 3], "uv": [36, 68], "inflate": -0.4}
				]
			},
			{
				"name": "bone34",
				"parent": "bone33",
				"pivot": [-4.35, 24.1, -0.5],
				"rotation": [0, 15, 0],
				"cubes": [
					{"origin": [-4.85, 23.1, -1.5], "size": [1, 2, 2], "uv": [42, 87], "inflate": -0.1}
				]
			},
			{
				"name": "bone46",
				"parent": "bone34",
				"pivot": [-4.52212, 23.7, -0.82012],
				"rotation": [-25, -15, 15]
			},
			{
				"name": "bone47",
				"parent": "bone46",
				"pivot": [-5.25208, 22.66651, -0.2654],
				"rotation": [25, 0, 0],
				"cubes": [
					{"origin": [-5.74782, 21.78833, -0.45735], "size": [1, 3, 1], "uv": [30, 103], "inflate": -0.1}
				]
			},
			{
				"name": "bone90",
				"parent": "bone46",
				"pivot": [-5.24782, 17.95, -0.76426],
				"rotation": [30, 0, -5],
				"cubes": [
					{"origin": [-5.40009, 19.13508, 1.77647], "size": [1, 2, 1], "uv": [0, 108], "inflate": -0.1}
				]
			},
			{
				"name": "bone91",
				"parent": "bone46",
				"pivot": [-5.24782, 24.63641, 2.65791],
				"rotation": [105, 0, -5],
				"cubes": [
					{"origin": [-5.92158, 26.59119, -0.72958], "size": [1, 1, 2], "uv": [4, 100], "inflate": -0.1}
				]
			},
			{
				"name": "bone92",
				"parent": "bone46",
				"pivot": [-6.01486, 24.07044, 2.02383],
				"rotation": [100, 0, -10],
				"cubes": [
					{"origin": [-6.22741, 24.99334, -3.08083], "size": [1, 1, 2], "uv": [4, 97], "inflate": -0.1}
				]
			},
			{
				"name": "bone93",
				"parent": "bone46",
				"pivot": [-5.74782, 23.56294, -1.85102],
				"rotation": [115, 0, -15],
				"cubes": [
					{"origin": [-6.54367, 21.95826, -10.21703], "size": [1, 1, 3], "uv": [44, 78], "inflate": -0.1}
				]
			},
			{
				"name": "bone36",
				"parent": "bone46",
				"pivot": [-5.74782, 23.56294, -1.85102],
				"rotation": [110, 0, -15],
				"cubes": [
					{"origin": [-6.54367, 21.24355, -12.85443], "size": [1, 1, 3], "uv": [20, 78], "inflate": -0.1}
				]
			},
			{
				"name": "bone94",
				"parent": "bone46",
				"pivot": [-5.24782, 26.63641, 2.65791],
				"rotation": [125, 0, 0],
				"cubes": [
					{"origin": [-5.7477, 30.14756, 0.18978], "size": [1, 1, 3], "uv": [36, 78], "inflate": -0.1}
				]
			},
			{
				"name": "bone42",
				"parent": "bone33",
				"pivot": [4.4, 24.1, -0.5],
				"rotation": [0, -15, 0],
				"cubes": [
					{"origin": [3.9, 23.1, -1.5], "size": [1, 2, 2], "uv": [42, 87], "inflate": -0.1}
				]
			},
			{
				"name": "bone43",
				"parent": "bone42",
				"pivot": [5.91359, 23.7, -1.12971],
				"rotation": [-25, 15, -15]
			},
			{
				"name": "bone44",
				"parent": "bone43",
				"pivot": [5.18363, 22.66651, -0.57499],
				"rotation": [25, 0, 0],
				"cubes": [
					{"origin": [4.68789, 21.78833, -0.76694], "size": [1, 3, 1], "uv": [34, 103], "inflate": -0.1}
				]
			},
			{
				"name": "bone45",
				"parent": "bone43",
				"pivot": [5.18789, 17.95, -1.07385],
				"rotation": [30, 0, 5],
				"cubes": [
					{"origin": [4.34015, 19.13508, 1.46688], "size": [1, 2, 1], "uv": [4, 108], "inflate": -0.1}
				]
			},
			{
				"name": "bone48",
				"parent": "bone43",
				"pivot": [5.18789, 24.63641, 2.34832],
				"rotation": [105, 0, 5],
				"cubes": [
					{"origin": [4.86165, 26.59119, -1.03916], "size": [1, 1, 2], "uv": [12, 103], "inflate": -0.1}
				]
			},
			{
				"name": "bone38",
				"parent": "bone43",
				"pivot": [5.18789, 25.4887, -2.36413],
				"rotation": [100, 0, 10],
				"cubes": [
					{"origin": [5.4021, 22.6146, -9.42132], "size": [1, 1, 2], "uv": [10, 97], "inflate": -0.1}
				]
			},
			{
				"name": "bone39",
				"parent": "bone43",
				"pivot": [5.18789, 22.48146, -8.07637],
				"rotation": [115, 0, 15],
				"cubes": [
					{"origin": [5.1868, 15.0191, -17.87846], "size": [1, 1, 3], "uv": [52, 78], "inflate": -0.1}
				]
			},
			{
				"name": "bone35",
				"parent": "bone43",
				"pivot": [4.9368, 12.80789, -15.33594],
				"rotation": [110, 0, 15],
				"cubes": [
					{"origin": [2.67454, -5.51184, -20.90084], "size": [1, 1, 3], "uv": [28, 78], "inflate": -0.1}
				]
			},
			{
				"name": "bone49",
				"parent": "bone43",
				"pivot": [5.18789, 26.63641, 2.34832],
				"rotation": [125, 0, 0],
				"cubes": [
					{"origin": [4.6878, 30.14756, -0.11981], "size": [1, 1, 3], "uv": [0, 82], "inflate": -0.1}
				]
			},
			{
				"name": "blink",
				"parent": "head",
				"pivot": [0, 18, 0],
				"cubes": [
					{"origin": [-4, 18, -4.001], "size": [8, 8, 0], "uv": [32, 31]}
				]
			},
			{
				"name": "ahoge",
				"parent": "head",
				"pivot": [0, 26, 0],
				"cubes": [
					{"origin": [-2, 26, 0], "size": [4, 4, 0], "uv": [8, 82]}
				]
			},
			{
				"name": "armRight",
				"pivot": [-2, 17.5, 0],
				"rotation": [0, 0, 25],
				"cubes": [
					{"origin": [-4, 8.5, -1], "size": [2, 8, 2], "uv": [0, 68]},
					{"origin": [-4, 10.05, -1], "size": [2, 1, 2], "uv": [24, 82], "inflate": 0.1},
					{"origin": [-4, 15.05, -1], "size": [2, 1, 2], "uv": [16, 82], "inflate": 0.2}
				]
			},
			{
				"name": "armLeft",
				"pivot": [2, 17.5, 0],
				"rotation": [0, 0, -25],
				"cubes": [
					{"origin": [2, 8.5, -1], "size": [2, 8, 2], "uv": [0, 68]},
					{"origin": [2, 15.05, -1], "size": [2, 1, 2], "uv": [16, 82], "inflate": 0.2},
					{"origin": [2, 10.05, -1], "size": [2, 1, 2], "uv": [24, 82], "inflate": 0.1}
				]
			},
			{
				"name": "body",
				"pivot": [0, 10.5, 0],
				"cubes": [
					{"origin": [-3, 8.999, -3], "size": [6, 9, 6], "uv": [0, 16]}
				]
			},
			{
				"name": "pc",
				"parent": "body",
				"pivot": [0, 0, 0],
				"cubes": [
					{"origin": [-3.5, 9.999, -3.5], "size": [7, 1, 7], "uv": [24, 16], "inflate": -0.45}
				]
			},
			{
				"name": "bone52",
				"parent": "pc",
				"pivot": [-4, -6, -0.5]
			},
			{
				"name": "bone53",
				"parent": "bone52",
				"pivot": [3.1, 10.499, -0.5],
				"rotation": [-15, 0, 0],
				"cubes": [
					{"origin": [2.6, 9.999, -1.5], "size": [1, 1, 2], "uv": [6, 103], "inflate": -0.45}
				]
			},
			{
				"name": "bone56",
				"parent": "bone52",
				"pivot": [3.1, 9.999, -0.25],
				"rotation": [-70, 0, 0],
				"cubes": [
					{"origin": [2.6, 9.499, -1.25], "size": [1, 1, 2], "uv": [28, 97], "inflate": -0.45}
				]
			},
			{
				"name": "bone55",
				"parent": "bone52",
				"pivot": [3.1, 10.499, -0.5],
				"cubes": [
					{"origin": [2.6, 10.04305, -1.4942], "size": [1, 1, 1], "uv": [36, 108], "inflate": -0.45},
					{"origin": [2.6, 10.04305, -0.5058], "size": [1, 1, 1], "uv": [28, 108], "inflate": -0.45},
					{"origin": [2.6, 9.95495, -1.4942], "size": [1, 1, 1], "uv": [32, 108], "inflate": -0.45},
					{"origin": [2.6, 9.95495, -0.5058], "size": [1, 1, 1], "uv": [24, 108], "inflate": -0.45}
				]
			},
			{
				"name": "bone54",
				"parent": "bone52",
				"pivot": [3.1, 10.499, -0.5],
				"rotation": [15, 0, 0],
				"cubes": [
					{"origin": [2.6, 9.999, -1.5], "size": [1, 1, 2], "uv": [0, 103], "inflate": -0.45}
				]
			},
			{
				"name": "bone57",
				"parent": "bone52",
				"pivot": [3.1, 9.999, -0.75],
				"rotation": [70, 0, 0],
				"cubes": [
					{"origin": [2.6, 9.499, -1.75], "size": [1, 1, 2], "uv": [22, 100], "inflate": -0.45}
				]
			},
			{
				"name": "bone58",
				"parent": "pc",
				"pivot": [-10.25, -6, -0.5]
			},
			{
				"name": "bone59",
				"parent": "bone58",
				"pivot": [-3.15, 10.499, -0.5],
				"rotation": [-15, 0, 0],
				"cubes": [
					{"origin": [-3.65, 9.999, -1.5], "size": [1, 1, 2], "uv": [22, 97], "inflate": -0.45}
				]
			},
			{
				"name": "bone60",
				"parent": "bone58",
				"pivot": [-3.15, 9.999, -0.25],
				"rotation": [-70, 0, 0],
				"cubes": [
					{"origin": [-3.65, 9.499, -1.25], "size": [1, 1, 2], "uv": [16, 100], "inflate": -0.45}
				]
			},
			{
				"name": "bone61",
				"parent": "bone58",
				"pivot": [-3.15, 10.499, -0.5],
				"cubes": [
					{"origin": [-3.65, 10.04305, -1.4942], "size": [1, 1, 1], "uv": [20, 108], "inflate": -0.45},
					{"origin": [-3.65, 10.04305, -0.5058], "size": [1, 1, 1], "uv": [16, 108], "inflate": -0.45},
					{"origin": [-3.65, 9.95495, -1.4942], "size": [1, 1, 1], "uv": [12, 108], "inflate": -0.45},
					{"origin": [-3.65, 9.95495, -0.5058], "size": [1, 1, 1], "uv": [8, 108], "inflate": -0.45}
				]
			},
			{
				"name": "bone62",
				"parent": "bone58",
				"pivot": [-3.15, 10.499, -0.5],
				"rotation": [15, 0, 0],
				"cubes": [
					{"origin": [-3.65, 9.999, -1.5], "size": [1, 1, 2], "uv": [16, 97], "inflate": -0.45}
				]
			},
			{
				"name": "bone63",
				"parent": "bone58",
				"pivot": [-3.15, 9.999, -0.75],
				"rotation": [70, 0, 0],
				"cubes": [
					{"origin": [-3.65, 9.499, -1.75], "size": [1, 1, 2], "uv": [10, 100], "inflate": -0.45}
				]
			},
			{
				"name": "bone51",
				"parent": "body",
				"pivot": [5.5, 2, -1.7],
				"cubes": [
					{"origin": [-3.5, 11.999, -1.7], "size": [1, 1, 1], "uv": [40, 108], "inflate": -0.15},
					{"origin": [-3.5, 11.499, -1], "size": [1, 2, 2], "uv": [24, 87]},
					{"origin": [2.5, 11.499, -1], "size": [1, 2, 2], "uv": [24, 87], "mirror": true},
					{"origin": [2.5, 11.999, -1.7], "size": [1, 1, 1], "uv": [40, 108], "inflate": -0.15, "mirror": true}
				]
			},
			{
				"name": "sittingRotationSkirt",
				"parent": "body",
				"pivot": [0, 10.5, 0]
			},
			{
				"name": "bone",
				"parent": "sittingRotationSkirt",
				"pivot": [0, 14.5, 0]
			},
			{
				"name": "bone17",
				"parent": "bone",
				"pivot": [0, 4, 0],
				"rotation": [0, -90, 0]
			},
			{
				"name": "bone20",
				"parent": "bone17",
				"pivot": [0, 4, 4.47051],
				"rotation": [10, 0, 0]
			},
			{
				"name": "bone22",
				"parent": "bone20",
				"pivot": [-2.5, 3.65782, 4.47051],
				"rotation": [0, 0, 9.85108],
				"cubes": [
					{"origin": [-4.5, 6.65782, 4.46951], "size": [2, 6, 0], "uv": [12, 91]}
				]
			},
			{
				"name": "bone10",
				"parent": "bone",
				"pivot": [0, 4, 0],
				"rotation": [0, -180, 0]
			},
			{
				"name": "bone11",
				"parent": "bone10",
				"pivot": [0, 4, 4.47051],
				"rotation": [10, 0, 0],
				"cubes": [
					{"origin": [-2.5, 6.65782, 4.47051], "size": [5, 6, 0], "uv": [16, 68]},
					{"origin": [-5, 5.70156, 1.25562], "size": [10, 10, 6], "uv": [0, 0], "inflate": -3.25}
				]
			},
			{
				"name": "bone12",
				"parent": "bone11",
				"pivot": [-2.5, 3.65782, 4.47051],
				"rotation": [0, 0, 9.85108],
				"cubes": [
					{"origin": [-4.5, 6.65782, 4.46951], "size": [2, 6, 0], "uv": [32, 91]}
				]
			},
			{
				"name": "bone13",
				"parent": "bone11",
				"pivot": [2.5, 3.65782, 4.47051],
				"rotation": [0, 0, -9.85108],
				"cubes": [
					{"origin": [2.5, 6.65782, 4.47151], "size": [2, 6, 0], "uv": [28, 91]}
				]
			},
			{
				"name": "bone18",
				"parent": "bone",
				"pivot": [0, 4, 0],
				"rotation": [0, -270, 0]
			},
			{
				"name": "bone19",
				"parent": "bone18",
				"pivot": [0, 4, 4.47051],
				"rotation": [10, 0, 0]
			},
			{
				"name": "bone21",
				"parent": "bone19",
				"pivot": [2.5, 3.65782, 4.47051],
				"rotation": [0, 0, -9.85108],
				"cubes": [
					{"origin": [2.5, 6.65782, 4.47151], "size": [2, 6, 0], "uv": [16, 91]}
				]
			},
			{
				"name": "dg",
				"parent": "body",
				"pivot": [0, 10.5, 0]
			},
			{
				"name": "bone64",
				"parent": "dg",
				"pivot": [0, 25.5, -0.5]
			},
			{
				"name": "bone65",
				"parent": "bone64",
				"pivot": [0, 15, -0.5]
			},
			{
				"name": "bone66",
				"parent": "bone65",
				"pivot": [0, 15, 2.47771],
				"rotation": [15, 0, 0],
				"cubes": [
					{"origin": [-2, 2.70221, 4.65754], "size": [4, 13, 0], "uv": [12, 42]}
				]
			},
			{
				"name": "bone67",
				"parent": "bone66",
				"pivot": [-1, 14.70221, 2.47771],
				"rotation": [0, 0, 8.56299],
				"cubes": [
					{"origin": [-3, 2.70221, 4.65654], "size": [3, 13, 0], "uv": [24, 55]}
				]
			},
			{
				"name": "bone68",
				"parent": "bone66",
				"pivot": [1, 14.70221, 2.47771],
				"rotation": [0, 0, -8.56299],
				"cubes": [
					{"origin": [0, 2.70221, 4.65854], "size": [3, 13, 0], "uv": [18, 55]}
				]
			},
			{
				"name": "bone69",
				"parent": "bone64",
				"pivot": [0, 15, -0.5],
				"rotation": [0, -60, 0]
			},
			{
				"name": "bone70",
				"parent": "bone69",
				"pivot": [0, 15, 2.47771],
				"rotation": [15, 0, 0],
				"cubes": [
					{"origin": [-1, 2.70221, 4.65754], "size": [3, 13, 0], "uv": [36, 42]}
				]
			},
			{
				"name": "bone71",
				"parent": "bone70",
				"pivot": [-1, 14.70221, 2.47771],
				"rotation": [0, 0, 8.56299]
			},
			{
				"name": "bone72",
				"parent": "bone70",
				"pivot": [1, 14.70221, 2.47771],
				"rotation": [0, 0, -8.56299],
				"cubes": [
					{"origin": [0, 2.70221, 4.65854], "size": [3, 13, 0], "uv": [12, 55]}
				]
			},
			{
				"name": "bone85",
				"parent": "bone64",
				"pivot": [0, 15, -0.5],
				"rotation": [0, -300, 0]
			},
			{
				"name": "bone86",
				"parent": "bone85",
				"pivot": [0, 15, 2.47771],
				"rotation": [15, 0, 0],
				"cubes": [
					{"origin": [-2, 2.70221, 4.65754], "size": [3, 13, 0], "uv": [36, 42]}
				]
			},
			{
				"name": "bone87",
				"parent": "bone86",
				"pivot": [-1, 14.70221, 2.47771],
				"rotation": [0, 0, 8.56299],
				"cubes": [
					{"origin": [-3, 2.70221, 4.65654], "size": [3, 13, 0], "uv": [6, 55]}
				]
			},
			{
				"name": "bone88",
				"parent": "bone86",
				"pivot": [1, 14.70221, 2.47771],
				"rotation": [0, 0, -8.56299]
			},
			{
				"name": "bone73",
				"parent": "dg",
				"pivot": [0, 25.5, -0.5]
			},
			{
				"name": "bone74",
				"parent": "bone73",
				"pivot": [0, 15, -0.5]
			},
			{
				"name": "bone75",
				"parent": "bone74",
				"pivot": [0, 15, 2.47771],
				"rotation": [15, 0, 0],
				"cubes": [
					{"origin": [-2, 15.70221, 4.65754], "size": [4, 1, 1], "uv": [60, 78]}
				]
			},
			{
				"name": "bone76",
				"parent": "bone75",
				"pivot": [-1, 14.70221, 2.47771],
				"rotation": [0, 0, 8.56299],
				"cubes": [
					{"origin": [-3, 15.70221, 4.65654], "size": [3, 1, 1], "uv": [16, 89]}
				]
			},
			{
				"name": "bone77",
				"parent": "bone75",
				"pivot": [1, 14.70221, 2.47771],
				"rotation": [0, 0, -8.56299],
				"cubes": [
					{"origin": [0, 15.70221, 4.65854], "size": [3, 1, 1], "uv": [16, 87]}
				]
			},
			{
				"name": "bone78",
				"parent": "bone73",
				"pivot": [0, 15, -0.5],
				"rotation": [0, -60, 0]
			},
			{
				"name": "bone79",
				"parent": "bone78",
				"pivot": [0, 15, 2.47771],
				"rotation": [15, 0, 0],
				"cubes": [
					{"origin": [-1, 15.70221, 4.65754], "size": [3, 1, 1], "uv": [8, 89]}
				]
			},
			{
				"name": "bone80",
				"parent": "bone79",
				"pivot": [-1, 14.70221, 2.47771],
				"rotation": [0, 0, 8.56299]
			},
			{
				"name": "bone81",
				"parent": "bone79",
				"pivot": [1, 14.70221, 2.47771],
				"rotation": [0, 0, -8.56299],
				"cubes": [
					{"origin": [0, 15.70221, 4.65854], "size": [3, 1, 1], "uv": [8, 87]}
				]
			},
			{
				"name": "bone82",
				"parent": "bone73",
				"pivot": [0, 15, -0.5],
				"rotation": [0, -300, 0]
			},
			{
				"name": "bone83",
				"parent": "bone82",
				"pivot": [0, 15, 2.47771],
				"rotation": [15, 0, 0],
				"cubes": [
					{"origin": [-2, 15.70221, 4.65754], "size": [3, 1, 1], "uv": [0, 89]}
				]
			},
			{
				"name": "bone84",
				"parent": "bone83",
				"pivot": [-1, 14.70221, 2.47771],
				"rotation": [0, 0, 8.56299],
				"cubes": [
					{"origin": [-3, 15.70221, 4.65654], "size": [3, 1, 1], "uv": [0, 87]}
				]
			},
			{
				"name": "bone89",
				"parent": "bone83",
				"pivot": [1, 14.70221, 2.47771],
				"rotation": [0, 0, -8.56299]
			},
			{
				"name": "bone2",
				"parent": "body",
				"pivot": [0, 4, 0]
			},
			{
				"name": "bone3",
				"parent": "bone2",
				"pivot": [0, 4, 4.47051],
				"rotation": [10, 0, 0],
				"cubes": [
					{"origin": [-2.5, 6.65782, 4.47051], "size": [5, 6, 0], "uv": [26, 68]}
				]
			},
			{
				"name": "bone4",
				"parent": "bone3",
				"pivot": [-2.5, 3.65782, 4.47051],
				"rotation": [0, 0, 9.85108],
				"cubes": [
					{"origin": [-4.5, 6.65782, 4.46951], "size": [2, 6, 0], "uv": [0, 97]}
				]
			},
			{
				"name": "bone5",
				"parent": "bone3",
				"pivot": [2.5, 3.65782, 4.47051],
				"rotation": [0, 0, -9.85108],
				"cubes": [
					{"origin": [2.5, 6.65782, 4.47151], "size": [2, 6, 0], "uv": [36, 91]}
				]
			},
			{
				"name": "bone6",
				"parent": "bone2",
				"pivot": [0, 4, 0],
				"rotation": [0, -90, 0]
			},
			{
				"name": "bone7",
				"parent": "bone6",
				"pivot": [0, 4, 4.47051],
				"rotation": [10, 0, 0]
			},
			{
				"name": "bone9",
				"parent": "bone7",
				"pivot": [2.5, 3.65782, 4.47051],
				"rotation": [0, 0, -9.85108],
				"cubes": [
					{"origin": [2.5, 6.65782, 4.47151], "size": [2, 6, 0], "uv": [20, 91]}
				]
			},
			{
				"name": "bone14",
				"parent": "bone2",
				"pivot": [0, 4, 0],
				"rotation": [0, -270, 0]
			},
			{
				"name": "bone15",
				"parent": "bone14",
				"pivot": [0, 4, 4.47051],
				"rotation": [10, 0, 0]
			},
			{
				"name": "bone16",
				"parent": "bone15",
				"pivot": [-2.5, 3.65782, 4.47051],
				"rotation": [0, 0, 9.85108],
				"cubes": [
					{"origin": [-4.5, 6.65782, 4.46951], "size": [2, 6, 0], "uv": [24, 91]}
				]
			},
			{
				"name": "legLeft",
				"pivot": [2, 9, 0],
				"cubes": [
					{"origin": [0.249, 1, -1.5], "size": [3, 8, 3], "uv": [0, 42]},
					{"origin": [0.249, 0, 0.5], "size": [3, 1, 1], "uv": [4, 91]},
					{"origin": [0.249, 0, -1.75], "size": [3, 1, 2], "uv": [0, 78]}
				]
			},
			{
				"name": "legRight",
				"pivot": [-2, 9, 0],
				"cubes": [
					{"origin": [-3.249, 1, -1.5], "size": [3, 8, 3], "uv": [48, 31]},
					{"origin": [-3.249, 0, 0.5], "size": [3, 1, 1], "uv": [4, 91]},
					{"origin": [-3.249, 0, -1.75], "size": [3, 1, 2], "uv": [0, 78]},
					{"origin": [-4.251, 1, -2.5], "size": [5, 2, 5], "uv": [24, 24], "inflate": -0.7}
				]
			},
			{
				"name": "sinFloat",
				"pivot": [0, 0, 0]
			},
			{
				"name": "bone40",
				"parent": "sinFloat",
				"pivot": [-20, 8, 3],
				"cubes": [
					{"origin": [8, 23, 3], "size": [3, 3, 2], "uv": [102, 4], "inflate": -0.1}
				]
			},
			{
				"name": "legRightExtraA",
				"parent": "bone40",
				"pivot": [10.1, 22.55, 4],
				"cubes": [
					{"origin": [9.6, 21.55, 3.5], "size": [1, 2, 1], "uv": [98, 6]}
				]
			},
			{
				"name": "legLeftExtraA",
				"parent": "bone40",
				"pivot": [8.9, 22.6, 4],
				"cubes": [
					{"origin": [8.4, 21.6, 3.5], "size": [1, 2, 1], "uv": [98, 6]}
				]
			},
			{
				"name": "armRightExtraA",
				"parent": "bone40",
				"pivot": [7.4, 24.9, 4],
				"rotation": [0, 0, 25],
				"cubes": [
					{"origin": [7.35315, 24.11131, 3.5], "size": [1, 2, 1], "uv": [100, 1]}
				]
			},
			{
				"name": "armLeftExtraA",
				"parent": "bone40",
				"pivot": [11.1, 24.9, 4],
				"rotation": [0, 0, -25],
				"cubes": [
					{"origin": [10.6, 23.9, 3.5], "size": [1, 2, 1], "uv": [100, 1]}
				]
			},
			{
				"name": "headExtraA",
				"parent": "bone40",
				"pivot": [9.5, 26.65, 3.75],
				"cubes": [
					{"origin": [8.5, 25.9, 3], "size": [2, 2, 2], "uv": [104, 0]},
					{"origin": [8.5, 25.9, 2.5], "size": [2, 1, 2], "uv": [108, 9], "inflate": -0.3},
					{"origin": [8, 27.5, 3.5], "size": [1, 1, 1], "uv": [102, 9], "inflate": -0.1},
					{"origin": [10, 27.5, 3.5], "size": [1, 1, 1], "uv": [102, 9], "inflate": -0.1}
				]
			},
			{
				"name": "bone37",
				"parent": "bone40",
				"pivot": [10, 24, 4.8],
				"rotation": [10, 0, 0],
				"cubes": [
					{"origin": [8, 21.95377, 5.12841], "size": [2, 4, 1], "uv": [106, 12], "inflate": -0.1}
				]
			}
		]
	}
}