{
	"format_version": "1.10.0",
	"geometry.model": {
		"texturewidth": 128,
		"textureheight": 128,
		"visible_bounds_width": 3,
		"visible_bounds_height": 2,
		"visible_bounds_offset": [0, 0, 0],
		"bones": [
			{
				"name": "head",
				"pivot": [0, 18, 0],
				"cubes": [
					{"origin": [-4, 18, -4], "size": [8, 8, 8], "uv": [0, 0]}
				]
			},
			{
				"name": "blink",
				"parent": "head",
				"pivot": [0, 18, 0],
				"cubes": [
					{"origin": [-4, 18, -4.001], "size": [8, 8, 0], "uv": [12, 39]}
				]
			},
			{
				"name": "bone",
				"parent": "head",
				"pivot": [0, 18, 0.5]
			},
			{
				"name": "bone2",
				"parent": "bone",
				"pivot": [0, 18.25, 0.5]
			},
			{
				"name": "bone3",
				"parent": "bone2",
				"pivot": [0, 24.25, -4],
				"rotation": [0, 0, -5],
				"cubes": [
					{"origin": [-1, 22.25, -4.5001], "size": [1, 4, 1], "uv": [14, 107]}
				]
			},
			{
				"name": "bone4",
				"parent": "bone2",
				"pivot": [1.25, 24.15, -4],
				"rotation": [0, 0, 5],
				"cubes": [
					{"origin": [-0.75, 22.15, -4.5], "size": [2, 4, 1], "uv": [26, 96]}
				]
			},
			{
				"name": "bone5",
				"parent": "bone2",
				"pivot": [-1.25, 24.15, -4],
				"rotation": [0, 0, 5],
				"cubes": [
					{"origin": [-3.25, 22.15, -4.5], "size": [2, 4, 1], "uv": [20, 96]}
				]
			},
			{
				"name": "bone7",
				"parent": "bone2",
				"pivot": [-2.25, 23.9, -4],
				"rotation": [0, 0, 10],
				"cubes": [
					{"origin": [-4.0038, 20.94341, -4.5001], "size": [1, 5, 1], "uv": [36, 96]}
				]
			},
			{
				"name": "bone26",
				"parent": "bone2",
				"pivot": [-2.25, 23.9, -3],
				"rotation": [0, 0, 25],
				"cubes": [
					{"origin": [-4.25, 20.9, -4], "size": [1, 3, 1], "uv": [42, 107]}
				]
			},
			{
				"name": "bone13",
				"parent": "bone2",
				"pivot": [5.15, 24.5, -4],
				"rotation": [0, 0, -10],
				"cubes": [
					{"origin": [2.9038, 21.54341, -4.5], "size": [1, 5, 1], "uv": [32, 96]}
				]
			},
			{
				"name": "bone27",
				"parent": "bone2",
				"pivot": [5.15, 25, -3],
				"rotation": [0, 0, -25],
				"cubes": [
					{"origin": [3.02908, 22.33223, -4], "size": [1, 3, 1], "uv": [38, 107]}
				]
			},
			{
				"name": "bone8",
				"parent": "bone2",
				"pivot": [-3.85, 20.275, -4],
				"rotation": [0, 0, -10],
				"cubes": [
					{"origin": [-4.1038, 18.60659, -4.5], "size": [1, 3.25, 1], "uv": [0, 112]}
				]
			},
			{
				"name": "bone14",
				"parent": "bone2",
				"pivot": [3.9, 20.275, -4],
				"rotation": [0, 0, 10],
				"cubes": [
					{"origin": [3.05532, 18.58922, -4.5], "size": [1, 3.25, 1], "uv": [46, 107]}
				]
			},
			{
				"name": "bone9",
				"parent": "bone2",
				"pivot": [-2.35, 19.9, -3.5],
				"rotation": [0, 0, -5],
				"cubes": [
					{"origin": [-4.20057, 17.63693, -4.25], "size": [1, 4.25, 1], "uv": [10, 107]}
				]
			},
			{
				"name": "bone15",
				"parent": "bone2",
				"pivot": [5.4, 19.65, -3.5],
				"rotation": [0, 0, 5],
				"cubes": [
					{"origin": [3.15095, 17.37821, -4.25], "size": [1, 4.25, 1], "uv": [6, 107]}
				]
			},
			{
				"name": "bone6",
				"parent": "bone2",
				"pivot": [3.25, 24.35, -4],
				"rotation": [0, 0, -5],
				"cubes": [
					{"origin": [1.25, 22.35, -4.5001], "size": [2, 4, 1], "uv": [14, 96]}
				]
			},
			{
				"name": "bone17",
				"parent": "bone",
				"pivot": [0, 18, 0.5]
			},
			{
				"name": "bone16",
				"parent": "bone17",
				"pivot": [0, 17, 0]
			},
			{
				"name": "bone12",
				"parent": "bone16",
				"pivot": [-4.25, 17.9, -3.5],
				"rotation": [0, 0, -20],
				"cubes": [
					{"origin": [-4.72628, 18.39709, -3.5], "size": [2, 1, 7], "uv": [34, 27]}
				]
			},
			{
				"name": "bone11",
				"parent": "bone16",
				"pivot": [-4.25, 19.9, -3.5],
				"rotation": [0, 0, 5],
				"cubes": [
					{"origin": [-5.14004, 19.06315, -3.5001], "size": [2, 2, 7], "uv": [58, 16]}
				]
			},
			{
				"name": "bone112",
				"parent": "bone11",
				"pivot": [-4.94712, 20.06696, 4],
				"rotation": [0, 55, 0],
				"cubes": [
					{"origin": [-4.6482, 19.06315, 3.55518], "size": [2, 2, 2], "uv": [8, 77]}
				]
			},
			{
				"name": "bone10",
				"parent": "bone16",
				"pivot": [-2.25, 22.9, -3.5],
				"rotation": [0, 0, 15],
				"cubes": [
					{"origin": [-4.48389, 20.47551, -3.5], "size": [1, 4, 7], "uv": [0, 27]}
				]
			},
			{
				"name": "bone111",
				"parent": "bone10",
				"pivot": [-2.13863, 23.04486, 4],
				"rotation": [0, 55, 0],
				"cubes": [
					{"origin": [-3.07424, 20.47551, 1.79209], "size": [1, 3, 2], "uv": [32, 88]}
				]
			},
			{
				"name": "bone18",
				"parent": "bone17",
				"pivot": [8.5, 18, 0]
			},
			{
				"name": "bone19",
				"parent": "bone18",
				"pivot": [4.25, 18.9, -3.5],
				"rotation": [0, 0, 20],
				"cubes": [
					{"origin": [3.0683, 18.4574, -3.5], "size": [2, 1, 7], "uv": [16, 27]}
				]
			},
			{
				"name": "bone20",
				"parent": "bone18",
				"pivot": [4.25, 20.9, -3.5],
				"rotation": [0, 0, -5],
				"cubes": [
					{"origin": [3.05288, 19.06696, -3.5001], "size": [2, 2, 7], "uv": [40, 16]}
				]
			},
			{
				"name": "bone106",
				"parent": "bone20",
				"pivot": [4.05288, 20.06696, 4],
				"rotation": [0, -55, 0],
				"cubes": [
					{"origin": [2.21688, 19.06696, 2.89406], "size": [2, 2, 2], "uv": [8, 81]}
				]
			},
			{
				"name": "bone21",
				"parent": "bone18",
				"pivot": [6.25, 23.9, -3.5],
				"rotation": [0, 0, -15],
				"cubes": [
					{"origin": [3.36137, 21.54486, -3.5], "size": [1, 4, 7], "uv": [24, 16]}
				]
			},
			{
				"name": "bone110",
				"parent": "bone21",
				"pivot": [3.86137, 23.04486, 4],
				"rotation": [0, -55, 0],
				"cubes": [
					{"origin": [2.73858, 21.54486, 3.30364], "size": [1, 3, 2], "uv": [0, 96]}
				]
			},
			{
				"name": "bone22",
				"parent": "bone17",
				"pivot": [0, 0, 0]
			},
			{
				"name": "bone23",
				"parent": "bone22",
				"pivot": [0.0683, 18.4574, 7.2],
				"rotation": [-20, 0, 0],
				"cubes": [
					{"origin": [-3.5, 17.36984, 2.69709], "size": [7, 2, 2], "uv": [0, 51]}
				]
			},
			{
				"name": "bone24",
				"parent": "bone22",
				"pivot": [0.05288, 19.06696, 5.25],
				"rotation": [5, 0, 0],
				"cubes": [
					{"origin": [-3.5, 20.1745, 3.25666], "size": [7, 3, 2], "uv": [56, 39]}
				]
			},
			{
				"name": "bone25",
				"parent": "bone22",
				"pivot": [-0.38863, 23.54486, 5.25],
				"rotation": [30, 0, 0],
				"cubes": [
					{"origin": [-3.5, 23.38676, 3.753], "size": [7, 3, 1], "uv": [0, 55]}
				]
			},
			{
				"name": "bone33",
				"parent": "bone",
				"pivot": [-0.75, 16, 2.5],
				"rotation": [10, 20, -5]
			},
			{
				"name": "bone28",
				"parent": "bone33",
				"pivot": [-0.75, 16, 2.5]
			},
			{
				"name": "bone29",
				"parent": "bone28",
				"pivot": [6.75, 25.5, 0.5],
				"rotation": [35, 0, 0],
				"cubes": [
					{"origin": [6.25, 25, -2], "size": [1, 1, 2], "uv": [0, 107]}
				]
			},
			{
				"name": "bone30",
				"parent": "bone28",
				"pivot": [6.75, 26.64715, 2.1383],
				"rotation": [45, 0, 0],
				"cubes": [
					{"origin": [6.25, 26.58887, -0.41054], "size": [1, 1, 2], "uv": [54, 102]}
				]
			},
			{
				"name": "bone31",
				"parent": "bone28",
				"pivot": [6.75, 28.50308, 2.00367],
				"rotation": [60, 0, 0],
				"cubes": [
					{"origin": [6.25, 27.54428, -0.08152], "size": [1, 1, 2], "uv": [48, 102]}
				]
			},
			{
				"name": "bone32",
				"parent": "bone28",
				"pivot": [6.75, 30.23513, 3.00367],
				"rotation": [70, 0, 0],
				"cubes": [
					{"origin": [6.25, 29.65299, 0.78366], "size": [1, 1, 2], "uv": [42, 102]}
				]
			},
			{
				"name": "bone34",
				"parent": "bone33",
				"pivot": [-0.75, 16, 2.5]
			},
			{
				"name": "bone35",
				"parent": "bone34",
				"pivot": [6.75, 25.5, -1],
				"rotation": [-5, 0, 0],
				"cubes": [
					{"origin": [6.25, 23.40679, -1.74221], "size": [1, 1, 2], "uv": [36, 102]}
				]
			},
			{
				"name": "bone36",
				"parent": "bone34",
				"pivot": [6.75, 23.49304, 1.59516],
				"rotation": [-10, 0, 0],
				"cubes": [
					{"origin": [6.25, 23.03944, 0.0392], "size": [1, 1, 2], "uv": [30, 102]}
				]
			},
			{
				"name": "bone37",
				"parent": "bone34",
				"pivot": [6.75, 23.49304, 1.59516],
				"rotation": [-15, 0, 0],
				"cubes": [
					{"origin": [6.25, 23.07606, 1.98989], "size": [1, 1, 2], "uv": [24, 102]}
				]
			},
			{
				"name": "bone39",
				"parent": "bone34",
				"pivot": [6.94613, 23.19587, 2.0608],
				"rotation": [30, 0, 0],
				"cubes": [
					{"origin": [6.44613, 22.77889, 2.45553], "size": [1, 1, 3], "uv": [24, 92]}
				]
			},
			{
				"name": "bone38",
				"parent": "bone34",
				"pivot": [6.75, 23.49304, 1.59516],
				"rotation": [-5, 0, 0],
				"cubes": [
					{"origin": [6.25, 22.66655, 3.8811], "size": [1, 1, 1], "uv": [4, 117]}
				]
			},
			{
				"name": "bone40",
				"parent": "bone33",
				"pivot": [-0.75, 16, 2.5]
			},
			{
				"name": "bone41",
				"parent": "bone40",
				"pivot": [5.81388, 23.63803, 1.27475],
				"rotation": [50, 0, 0],
				"cubes": [
					{"origin": [5.8844, 23.27279, 0.55349], "size": [1, 1, 2], "uv": [18, 102]}
				]
			},
			{
				"name": "bone42",
				"parent": "bone40",
				"pivot": [5.47186, 23.47486, 2.20017],
				"rotation": [70, 0, 0],
				"cubes": [
					{"origin": [5.8842, 23.6197, 3.1137], "size": [1, 1, 1], "uv": [0, 117]}
				]
			},
			{
				"name": "bone43",
				"parent": "bone40",
				"pivot": [5.47186, 23.47486, 2.20017],
				"cubes": [
					{"origin": [5.8843, 24.66455, -0.22117], "size": [1, 1, 2], "uv": [12, 102]}
				]
			},
			{
				"name": "ahoge",
				"parent": "head",
				"pivot": [0, 26, 0]
			},
			{
				"name": "bone44",
				"parent": "ahoge",
				"pivot": [0, 26, 0],
				"rotation": [0, -45, 0],
				"cubes": [
					{"origin": [-2, 26, 0], "size": [4, 4, 0], "uv": [24, 88]}
				]
			},
			{
				"name": "armRight",
				"pivot": [-2, 17.5, 0],
				"rotation": [0, 0, 25],
				"cubes": [
					{"origin": [-4, 8.5, -1], "size": [2, 8, 2], "uv": [0, 61]}
				]
			},
			{
				"name": "bone84",
				"parent": "armRight",
				"pivot": [1, 0, 0]
			},
			{
				"name": "bone85",
				"parent": "bone84",
				"pivot": [1, 0, 0],
				"cubes": [
					{"origin": [-4, 13.5, -1], "size": [2, 1, 2], "uv": [6, 96], "inflate": 0.15}
				]
			},
			{
				"name": "bone86",
				"parent": "bone84",
				"pivot": [1.1, 0, 0]
			},
			{
				"name": "bone87",
				"parent": "bone86",
				"pivot": [-2.9, 12, -1],
				"rotation": [-10, 0, 0],
				"cubes": [
					{"origin": [-4.001, 9.61137, -1.34159], "size": [2, 4, 2], "uv": [48, 71]}
				]
			},
			{
				"name": "bone88",
				"parent": "bone86",
				"pivot": [-3, 11.61137, -0.34159],
				"rotation": [20, 0, 0],
				"cubes": [
					{"origin": [-4.001, 9.034, -0.28968], "size": [2, 4, 2], "uv": [40, 71]}
				]
			},
			{
				"name": "bone89",
				"parent": "bone86",
				"pivot": [-4, 11.5, 0],
				"rotation": [0, 0, 10],
				"cubes": [
					{"origin": [-4.37268, 9.6136, -1.001], "size": [2, 4, 2], "uv": [32, 71]}
				]
			},
			{
				"name": "bone90",
				"parent": "bone86",
				"pivot": [-3, 11.5, 0],
				"rotation": [0, 0, -10],
				"cubes": [
					{"origin": [-3.64251, 9.43995, -1.001], "size": [2, 4, 2], "uv": [24, 71]}
				]
			},
			{
				"name": "bone91",
				"parent": "bone84",
				"pivot": [-2, -2, 0]
			},
			{
				"name": "bone95",
				"parent": "bone91",
				"pivot": [-3, -2, 0],
				"rotation": [0, -30, 0]
			},
			{
				"name": "bone96",
				"parent": "bone95",
				"pivot": [-3, -2, 5.27792],
				"rotation": [23, 0, 0]
			},
			{
				"name": "bone97",
				"parent": "bone96",
				"pivot": [-3, -2, 5.27792],
				"rotation": [0, -45, 0],
				"cubes": [
					{"origin": [-4, 8, 6.27792], "size": [2, 4, 0], "uv": [34, 107]}
				]
			},
			{
				"name": "bone101",
				"parent": "bone91",
				"pivot": [-3, -2, 0],
				"rotation": [0, -90, 0]
			},
			{
				"name": "bone102",
				"parent": "bone101",
				"pivot": [-3, -2, 5.27792],
				"rotation": [23, 0, 0]
			},
			{
				"name": "bone103",
				"parent": "bone102",
				"pivot": [-3, -2, 5.27792],
				"rotation": [0, -45, 0],
				"cubes": [
					{"origin": [-4, 8, 6.27792], "size": [2, 4, 0], "uv": [30, 107]}
				]
			},
			{
				"name": "bone107",
				"parent": "bone91",
				"pivot": [-3, -2, 0],
				"rotation": [0, -150, 0]
			},
			{
				"name": "bone108",
				"parent": "bone107",
				"pivot": [-3, -2, 5.27792],
				"rotation": [23, 0, 0]
			},
			{
				"name": "bone109",
				"parent": "bone108",
				"pivot": [-3, -2, 5.27792],
				"rotation": [0, -45, 0],
				"cubes": [
					{"origin": [-4, 8, 6.27792], "size": [2, 4, 0], "uv": [26, 107]}
				]
			},
			{
				"name": "bone116",
				"parent": "bone91",
				"pivot": [-3, -2, 0],
				"rotation": [0, -240, 0]
			},
			{
				"name": "bone117",
				"parent": "bone116",
				"pivot": [-3, -2, 5.27792],
				"rotation": [23, 0, 0]
			},
			{
				"name": "bone118",
				"parent": "bone117",
				"pivot": [-3, -2, 5.27792],
				"rotation": [0, -45, 0],
				"cubes": [
					{"origin": [-4, 8, 6.27792], "size": [2, 4, 0], "uv": [22, 107]}
				]
			},
			{
				"name": "bone122",
				"parent": "bone91",
				"pivot": [-3, -2, 0],
				"rotation": [0, -300, 0]
			},
			{
				"name": "bone123",
				"parent": "bone122",
				"pivot": [-3, -2, 5.27792],
				"rotation": [23, 0, 0]
			},
			{
				"name": "bone124",
				"parent": "bone123",
				"pivot": [-3, -2, 5.27792],
				"rotation": [0, -45, 0],
				"cubes": [
					{"origin": [-4, 8, 6.27792], "size": [2, 4, 0], "uv": [18, 107]}
				]
			},
			{
				"name": "armLeft",
				"pivot": [2, 17.5, 0],
				"rotation": [0, 0, -25],
				"cubes": [
					{"origin": [2, 8.5, -1], "size": [2, 8, 2], "uv": [0, 61], "mirror": true}
				]
			},
			{
				"name": "bone92",
				"parent": "armLeft",
				"pivot": [7, 0, 0]
			},
			{
				"name": "bone93",
				"parent": "bone92",
				"pivot": [7, 0, 0],
				"cubes": [
					{"origin": [2, 13.5, -1], "size": [2, 1, 2], "uv": [6, 96], "inflate": 0.15}
				]
			},
			{
				"name": "bone94",
				"parent": "bone92",
				"pivot": [7.1, 0, 0]
			},
			{
				"name": "bone98",
				"parent": "bone94",
				"pivot": [3.1, 12, -1],
				"rotation": [-10, 0, 0],
				"cubes": [
					{"origin": [1.999, 9.61137, -1.34159], "size": [2, 4, 2], "uv": [16, 71]}
				]
			},
			{
				"name": "bone99",
				"parent": "bone94",
				"pivot": [3, 11.61137, -0.34159],
				"rotation": [20, 0, 0],
				"cubes": [
					{"origin": [1.999, 9.034, -0.28968], "size": [2, 4, 2], "uv": [8, 71]}
				]
			},
			{
				"name": "bone100",
				"parent": "bone94",
				"pivot": [2, 11.5, 0],
				"rotation": [0, 0, 10],
				"cubes": [
					{"origin": [1.62732, 9.6136, -1.001], "size": [2, 4, 2], "uv": [0, 71]}
				]
			},
			{
				"name": "bone104",
				"parent": "bone94",
				"pivot": [3, 11.5, 0],
				"rotation": [0, 0, -10],
				"cubes": [
					{"origin": [2.35749, 9.43995, -1.001], "size": [2, 4, 2], "uv": [32, 71], "mirror": true}
				]
			},
			{
				"name": "bone105",
				"parent": "bone92",
				"pivot": [10, -2, 0]
			},
			{
				"name": "bone115",
				"parent": "bone105",
				"pivot": [3, -2, 0],
				"rotation": [0, -60, 0]
			},
			{
				"name": "bone119",
				"parent": "bone115",
				"pivot": [3, -2, 5.27792],
				"rotation": [23, 0, 0]
			},
			{
				"name": "bone120",
				"parent": "bone119",
				"pivot": [3, -2, 5.27792],
				"rotation": [0, -45, 0],
				"cubes": [
					{"origin": [4, 8, 4.27792], "size": [0, 4, 2], "uv": [8, 101]}
				]
			},
			{
				"name": "bone127",
				"parent": "bone105",
				"pivot": [3, -2, 0],
				"rotation": [0, -120, 0]
			},
			{
				"name": "bone128",
				"parent": "bone127",
				"pivot": [3, -2, 5.27792],
				"rotation": [23, 0, 0]
			},
			{
				"name": "bone129",
				"parent": "bone128",
				"pivot": [3, -2, 5.27792],
				"rotation": [0, -45, 0],
				"cubes": [
					{"origin": [4, 8, 4.27792], "size": [0, 4, 2], "uv": [40, 95]}
				]
			},
			{
				"name": "bone136",
				"parent": "bone105",
				"pivot": [3, -2, 0],
				"rotation": [0, -210, 0]
			},
			{
				"name": "bone137",
				"parent": "bone136",
				"pivot": [3, -2, 5.27792],
				"rotation": [23, 0, 0]
			},
			{
				"name": "bone138",
				"parent": "bone137",
				"pivot": [3, -2, 5.27792],
				"rotation": [0, -45, 0],
				"cubes": [
					{"origin": [4, 8, 4.27792], "size": [0, 4, 2], "uv": [4, 101]}
				]
			},
			{
				"name": "bone142",
				"parent": "bone105",
				"pivot": [3, -2, 0],
				"rotation": [0, -270, 0]
			},
			{
				"name": "bone143",
				"parent": "bone142",
				"pivot": [3, -2, 5.27792],
				"rotation": [23, 0, 0]
			},
			{
				"name": "bone144",
				"parent": "bone143",
				"pivot": [3, -2, 5.27792],
				"rotation": [0, -45, 0],
				"cubes": [
					{"origin": [4, 8, 4.27792], "size": [0, 4, 2], "uv": [0, 101]}
				]
			},
			{
				"name": "bone148",
				"parent": "bone105",
				"pivot": [3, -2, 0],
				"rotation": [0, -330, 0]
			},
			{
				"name": "bone149",
				"parent": "bone148",
				"pivot": [3, -2, 5.27792],
				"rotation": [23, 0, 0]
			},
			{
				"name": "bone150",
				"parent": "bone149",
				"pivot": [3, -2, 5.27792],
				"rotation": [0, -45, 0],
				"cubes": [
					{"origin": [4, 8, 4.27792], "size": [0, 4, 2], "uv": [44, 95]}
				]
			},
			{
				"name": "body",
				"pivot": [0, 10.5, 0],
				"cubes": [
					{"origin": [-3, 8.999, -3], "size": [6, 9, 6], "uv": [64, 0]}
				]
			},
			{
				"name": "bone63",
				"parent": "body",
				"pivot": [0, 10.5, 0]
			},
			{
				"name": "bone45",
				"parent": "bone63",
				"pivot": [0, 7, 0]
			},
			{
				"name": "bone46",
				"parent": "bone45",
				"pivot": [0, 7, 0]
			},
			{
				"name": "bone47",
				"parent": "bone46",
				"pivot": [0, 7, 4.47051],
				"rotation": [10, 0, 0],
				"cubes": [
					{"origin": [-2.5, 7.65782, 4.47051], "size": [5, 8, 0], "uv": [38, 51]}
				]
			},
			{
				"name": "bone48",
				"parent": "bone47",
				"pivot": [-2.5, 6.65782, 4.47051],
				"rotation": [0, 0, 9.85108],
				"cubes": [
					{"origin": [-4.5, 7.65782, 4.46951], "size": [2, 8, 0], "uv": [20, 88]}
				]
			},
			{
				"name": "bone49",
				"parent": "bone47",
				"pivot": [2.5, 6.65782, 4.47051],
				"rotation": [0, 0, -9.85108],
				"cubes": [
					{"origin": [2.5, 7.65782, 4.47151], "size": [2, 8, 0], "uv": [16, 88]}
				]
			},
			{
				"name": "bone50",
				"parent": "bone45",
				"pivot": [0, 7, 0],
				"rotation": [0, -90, 0]
			},
			{
				"name": "bone51",
				"parent": "bone50",
				"pivot": [0, 7, 4.47051],
				"rotation": [10, 0, 0],
				"cubes": [
					{"origin": [-2.5, 7.65782, 4.47051], "size": [5, 8, 0], "uv": [28, 51]}
				]
			},
			{
				"name": "bone52",
				"parent": "bone51",
				"pivot": [-2.5, 6.65782, 4.47051],
				"rotation": [0, 0, 9.85108],
				"cubes": [
					{"origin": [-4.5, 7.65782, 4.46951], "size": [2, 8, 0], "uv": [12, 88]}
				]
			},
			{
				"name": "bone53",
				"parent": "bone51",
				"pivot": [2.5, 6.65782, 4.47051],
				"rotation": [0, 0, -9.85108],
				"cubes": [
					{"origin": [2.5, 7.65782, 4.47151], "size": [2, 8, 0], "uv": [8, 88]}
				]
			},
			{
				"name": "bone54",
				"parent": "bone45",
				"pivot": [0, 7, 0],
				"rotation": [0, -180, 0]
			},
			{
				"name": "bone55",
				"parent": "bone54",
				"pivot": [0, 7, 4.47051],
				"rotation": [10, 0, 0],
				"cubes": [
					{"origin": [-2.5, 8.65782, 4.47051], "size": [5, 7, 0], "uv": [8, 61]}
				]
			},
			{
				"name": "bone56",
				"parent": "bone55",
				"pivot": [-2.5, 6.65782, 4.47051],
				"rotation": [0, 0, 9.85108],
				"cubes": [
					{"origin": [-4.5, 7.65782, 4.46951], "size": [2, 8, 0], "uv": [4, 88]}
				]
			},
			{
				"name": "bone57",
				"parent": "bone55",
				"pivot": [2.5, 6.65782, 4.47051],
				"rotation": [0, 0, -9.85108],
				"cubes": [
					{"origin": [2.5, 7.65782, 4.47151], "size": [2, 8, 0], "uv": [0, 88]}
				]
			},
			{
				"name": "bone58",
				"parent": "bone45",
				"pivot": [0, 7, 0],
				"rotation": [0, -270, 0]
			},
			{
				"name": "bone59",
				"parent": "bone58",
				"pivot": [0, 7, 4.47051],
				"rotation": [10, 0, 0],
				"cubes": [
					{"origin": [-2.5, 7.65782, 4.47051], "size": [5, 8, 0], "uv": [18, 51]}
				]
			},
			{
				"name": "bone60",
				"parent": "bone59",
				"pivot": [-2.5, 6.65782, 4.47051],
				"rotation": [0, 0, 9.85108],
				"cubes": [
					{"origin": [-4.5, 7.65782, 4.46951], "size": [2, 8, 0], "uv": [20, 77]}
				]
			},
			{
				"name": "bone61",
				"parent": "bone59",
				"pivot": [2.5, 6.65782, 4.47051],
				"rotation": [0, 0, -9.85108],
				"cubes": [
					{"origin": [2.5, 7.65782, 4.47151], "size": [2, 8, 0], "uv": [16, 77]}
				]
			},
			{
				"name": "bone62",
				"parent": "bone63",
				"pivot": [0, 10.5, 0],
				"cubes": [
					{"origin": [-3, 13.999, -3], "size": [6, 2, 6], "uv": [0, 16], "inflate": 0.1}
				]
			},
			{
				"name": "bone113",
				"parent": "bone62",
				"pivot": [0, 14.499, 3.5],
				"rotation": [10, 0, 0],
				"cubes": [
					{"origin": [-0.5, 13.499, 3], "size": [1, 2, 1], "uv": [8, 112], "inflate": -0.1}
				]
			},
			{
				"name": "bone125",
				"parent": "bone113",
				"pivot": [-1.25, 14.599, 2.65]
			},
			{
				"name": "bone114",
				"parent": "bone125",
				"pivot": [-1.25, 14.599, 2.65],
				"rotation": [0, 0, 15],
				"cubes": [
					{"origin": [-2.36931, 13.86481, 2.3], "size": [3, 2, 2], "uv": [28, 65], "inflate": -0.5}
				]
			},
			{
				"name": "bone121",
				"parent": "bone125",
				"pivot": [-1.25, 14.599, 2.65],
				"rotation": [0, 0, -10],
				"cubes": [
					{"origin": [-2.41026, 13.14848, 2.3], "size": [3, 2, 2], "uv": [28, 61], "inflate": -0.5}
				]
			},
			{
				"name": "bone126",
				"parent": "bone113",
				"pivot": [3.25, 14.599, 2.65]
			},
			{
				"name": "bone130",
				"parent": "bone126",
				"pivot": [3.25, 14.599, 2.65],
				"rotation": [0, 0, -15],
				"cubes": [
					{"origin": [-0.56254, 14.38244, 2.3], "size": [3, 2, 2], "uv": [18, 65], "inflate": -0.5}
				]
			},
			{
				"name": "bone131",
				"parent": "bone126",
				"pivot": [3.25, 14.599, 2.65],
				"rotation": [0, 0, 10],
				"cubes": [
					{"origin": [-0.55936, 12.80118, 2.3], "size": [3, 2, 2], "uv": [18, 61], "inflate": -0.5}
				]
			},
			{
				"name": "bone132",
				"parent": "bone113",
				"pivot": [-0.5, 12.749, 3.75],
				"rotation": [0, 0, -15],
				"cubes": [
					{"origin": [0.17107, 8.70799, 3.649], "size": [1, 5, 0], "uv": [6, 112], "inflate": 0}
				]
			},
			{
				"name": "bone133",
				"parent": "bone113",
				"pivot": [-1, 13.249, 3.5],
				"rotation": [0, 0, 15],
				"cubes": [
					{"origin": [-1.1234, 9.09592, 3.65], "size": [1, 5, 0], "uv": [4, 112], "inflate": 0}
				]
			},
			{
				"name": "bone70",
				"parent": "bone62",
				"pivot": [0, 10.5, 0],
				"cubes": [
					{"origin": [-4, 14.599, -4], "size": [8, 2, 8], "uv": [32, 0], "inflate": -0.8}
				]
			},
			{
				"name": "bone66",
				"parent": "bone70",
				"pivot": [2.5, 14.5, -2.25],
				"rotation": [-25, 35, 0]
			},
			{
				"name": "bone64",
				"parent": "bone66",
				"pivot": [1, 11.42162, -6.65631],
				"rotation": [-30, 0, 0],
				"cubes": [
					{"origin": [-1.21074, 12.97948, -7.24969], "size": [1, 2, 1], "uv": [44, 112]}
				]
			},
			{
				"name": "bone65",
				"parent": "bone66",
				"pivot": [1, 11.42162, -6.65631],
				"cubes": [
					{"origin": [-1.21074, 12.56746, -5.52523], "size": [1, 2, 1], "uv": [40, 112]}
				]
			},
			{
				"name": "bone67",
				"parent": "bone70",
				"pivot": [0.5, 13.5, -4.25],
				"rotation": [-25, -35, 0]
			},
			{
				"name": "bone68",
				"parent": "bone67",
				"pivot": [2.5, 11.42162, -5.65631],
				"rotation": [-30, 0, 0],
				"cubes": [
					{"origin": [1.90044, 13.93859, -7.24025], "size": [1, 2, 1], "uv": [36, 112]}
				]
			},
			{
				"name": "bone69",
				"parent": "bone67",
				"pivot": [2.5, 11.42162, -5.65631],
				"cubes": [
					{"origin": [1.90044, 13.89336, -4.90353], "size": [1, 2, 1], "uv": [32, 112]}
				]
			},
			{
				"name": "bone71",
				"parent": "bone70",
				"pivot": [0, 7, -6.52949],
				"rotation": [-10, 0, 0]
			},
			{
				"name": "bone72",
				"parent": "bone71",
				"pivot": [-1.50358, 6.22725, -4.57456],
				"rotation": [0, 0, 4.85108],
				"cubes": [
					{"origin": [-3.04096, 6.06414, -4.7784], "size": [1, 10, 0], "uv": [6, 77]}
				]
			},
			{
				"name": "bone75",
				"parent": "bone71",
				"pivot": [-1.50358, 6.22725, -4.57456],
				"rotation": [0, 0, -0.14892],
				"cubes": [
					{"origin": [-2.14028, 6.11541, -4.7786], "size": [1, 10, 0], "uv": [0, 77]}
				]
			},
			{
				"name": "bone73",
				"parent": "bone71",
				"pivot": [1.58815, 5.28938, -4.99379],
				"rotation": [0, 0, -4.85108],
				"cubes": [
					{"origin": [2.37057, 6.06794, -4.7784], "size": [1, 10, 0], "uv": [4, 77]}
				]
			},
			{
				"name": "bone74",
				"parent": "bone71",
				"pivot": [1.58815, 5.28938, -4.99379],
				"rotation": [0, 0, 0.14892],
				"cubes": [
					{"origin": [1.38689, 6.13697, -4.7786], "size": [1, 10, 0], "uv": [2, 77]}
				]
			},
			{
				"name": "bone81",
				"parent": "bone63",
				"pivot": [0, 10.5, 0]
			},
			{
				"name": "bone82",
				"parent": "bone81",
				"pivot": [-2, 16.999, 0],
				"rotation": [0, 0, -30],
				"cubes": [
					{"origin": [-2.50801, 14.98249, -3], "size": [1, 3, 6], "uv": [42, 39], "inflate": 0.05}
				]
			},
			{
				"name": "bone83",
				"parent": "bone81",
				"pivot": [2.05897, 17.09852, 0],
				"rotation": [0, 0, 30],
				"cubes": [
					{"origin": [1.56567, 14.96634, -3], "size": [1, 3, 6], "uv": [28, 39], "inflate": 0.05}
				]
			},
			{
				"name": "sittingRotationSkirt",
				"parent": "body",
				"pivot": [0, 8.5, -4]
			},
			{
				"name": "bone152",
				"parent": "sittingRotationSkirt",
				"pivot": [0.5, 9, 0.5]
			},
			{
				"name": "bone76",
				"parent": "bone152",
				"pivot": [0.5, 6.53038, -5.68219],
				"cubes": [
					{"origin": [-1.2874, 4.8213, -4.73491], "size": [1, 2, 1], "uv": [28, 112], "inflate": -0.45},
					{"origin": [-1.2874, 7.1713, -4.73491], "size": [1, 2, 1], "uv": [28, 112], "inflate": -0.45},
					{"origin": [-1.325, 5.5713, -4.73491], "size": [1, 1, 1], "uv": [44, 115], "inflate": -0.35}
				]
			},
			{
				"name": "bone77",
				"parent": "bone76",
				"pivot": [-2.00358, 5.75763, -3.72726],
				"rotation": [0, 0, 10],
				"cubes": [
					{"origin": [-1.33081, 4.4175, -4.73491], "size": [1, 2, 1], "uv": [24, 112], "inflate": -0.3}
				]
			},
			{
				"name": "bone79",
				"parent": "bone76",
				"pivot": [-2.00358, 5.70763, -3.72726],
				"rotation": [10, 0, 0],
				"cubes": [
					{"origin": [-1.3374, 4.27988, -4.74077], "size": [1, 2, 1], "uv": [16, 112], "inflate": -0.3}
				]
			},
			{
				"name": "bone80",
				"parent": "bone76",
				"pivot": [-2.00358, 5.45763, -3.72726],
				"rotation": [-10, 0, 0],
				"cubes": [
					{"origin": [-1.3374, 4.10006, -4.75543], "size": [1, 2, 1], "uv": [12, 112], "inflate": -0.3}
				]
			},
			{
				"name": "bone78",
				"parent": "bone76",
				"pivot": [-2.00358, 5.75763, -3.72726],
				"rotation": [0, 0, -10],
				"cubes": [
					{"origin": [-1.36934, 4.01071, -4.73491], "size": [1, 2, 1], "uv": [20, 112], "inflate": -0.3}
				]
			},
			{
				"name": "bone134",
				"parent": "bone152",
				"pivot": [-0.45, 6.55, 5.75],
				"rotation": [-90, 0, 0]
			},
			{
				"name": "bone135",
				"parent": "bone134",
				"pivot": [-0.45, -3.95, 5.75],
				"cubes": [
					{"origin": [-1.3, -3.9501, 5.14289], "size": [1, 1, 1], "uv": [88, 8], "inflate": -0.2}
				]
			},
			{
				"name": "bone139",
				"parent": "bone134",
				"pivot": [-0.45, -3.95, 5.75],
				"rotation": [0, -45, 0],
				"cubes": [
					{"origin": [-1.57322, -3.95, 5.54602], "size": [1, 1, 1], "uv": [88, 10], "inflate": -0.2}
				]
			},
			{
				"name": "bone140",
				"parent": "bone134",
				"pivot": [-0.45, -3.95, 5.75],
				"rotation": [0, -90, 0],
				"cubes": [
					{"origin": [-1.48137, -3.9501, 6.02426], "size": [1, 1, 1], "uv": [88, 12], "inflate": -0.2}
				]
			},
			{
				"name": "bone141",
				"parent": "bone134",
				"pivot": [-0.45, -3.95, 5.75],
				"rotation": [0, -135, 0],
				"cubes": [
					{"origin": [-1.07825, -3.95, 6.29749], "size": [1, 1, 1], "uv": [88, 14], "inflate": -0.2}
				]
			},
			{
				"name": "bone145",
				"parent": "bone134",
				"pivot": [-0.45, -3.95, 5.75],
				"rotation": [0, -180, 0],
				"cubes": [
					{"origin": [-0.6, -3.9501, 6.20563], "size": [1, 1, 1], "uv": [88, 0], "inflate": -0.2}
				]
			},
			{
				"name": "bone146",
				"parent": "bone134",
				"pivot": [-0.45, -3.95, 5.75],
				"rotation": [0, -225, 0],
				"cubes": [
					{"origin": [-0.32678, -3.95, 5.80251], "size": [1, 1, 1], "uv": [88, 2], "inflate": -0.2}
				]
			},
			{
				"name": "bone147",
				"parent": "bone134",
				"pivot": [-0.45, -3.95, 5.75],
				"rotation": [0, -270, 0],
				"cubes": [
					{"origin": [-0.41863, -3.9501, 5.32426], "size": [1, 1, 1], "uv": [88, 4], "inflate": -0.2}
				]
			},
			{
				"name": "bone151",
				"parent": "bone134",
				"pivot": [-0.45, -3.95, 5.75],
				"rotation": [0, -315, 0],
				"cubes": [
					{"origin": [-0.82175, -3.95, 5.05104], "size": [1, 1, 1], "uv": [88, 6], "inflate": -0.2}
				]
			},
			{
				"name": "legLeft",
				"pivot": [2, 9, 0],
				"cubes": [
					{"origin": [0.249, 0, -1.5], "size": [3, 9, 3], "uv": [0, 39]}
				]
			},
			{
				"name": "legRight",
				"pivot": [-2, 9, 0],
				"cubes": [
					{"origin": [-3.249, 0, -1.5], "size": [3, 9, 3], "uv": [52, 27]}
				]
			}
		]
	}
}