{
	"format_version": "1.10.0",
	"geometry.model": {
		"texturewidth": 112,
		"textureheight": 112,
		"visible_bounds_width": 3,
		"visible_bounds_height": 2,
		"visible_bounds_offset": [0, 0, 0],
		"bones": [
			{
				"name": "head",
				"pivot": [0, 18, 0],
				"cubes": [
					{"origin": [-4, 18, -4], "size": [8, 8, 8], "uv": [0, 0]}
				]
			},
			{
				"name": "bone",
				"parent": "head",
				"pivot": [0, 0, 0]
			},
			{
				"name": "bone2",
				"parent": "bone",
				"pivot": [0, 0, 0.5]
			},
			{
				"name": "bone3",
				"parent": "bone2",
				"pivot": [0, 24.25, -4],
				"rotation": [0, 0, -5],
				"cubes": [
					{"origin": [-1, 22.25, -4.5], "size": [2, 4, 1], "uv": [52, 88]}
				]
			},
			{
				"name": "bone6",
				"parent": "bone2",
				"pivot": [-2, 24.25, -4],
				"rotation": [0, 0, 5],
				"cubes": [
					{"origin": [-2.99128, 22.15038, -4.5], "size": [2, 4, 1], "uv": [46, 88]}
				]
			},
			{
				"name": "bone7",
				"parent": "bone2",
				"pivot": [-3, 24.5, -4],
				"rotation": [0, 0, 10],
				"cubes": [
					{"origin": [-3.94348, 22.05399, -4.5], "size": [1, 4, 1], "uv": [26, 96]}
				]
			},
			{
				"name": "bone8",
				"parent": "bone2",
				"pivot": [-2.75, 21.5, -4],
				"rotation": [0, 0, -5],
				"cubes": [
					{"origin": [-4.28199, 20.3919, -4.5], "size": [1, 2, 1], "uv": [24, 104]}
				]
			},
			{
				"name": "bone12",
				"parent": "bone2",
				"pivot": [4.25, 21.5, -4],
				"rotation": [0, 0, -5],
				"cubes": [
					{"origin": [3.23136, 18.60712, -4.5], "size": [1, 2, 1], "uv": [20, 104]}
				]
			},
			{
				"name": "bone9",
				"parent": "bone2",
				"pivot": [-2.75, 20.5, -4],
				"rotation": [0, 0, 5],
				"cubes": [
					{"origin": [-4.16864, 18.31255, -4.5], "size": [1, 2, 1], "uv": [16, 104]}
				]
			},
			{
				"name": "bone11",
				"parent": "bone2",
				"pivot": [0.25, 20.5, -4],
				"rotation": [0, 0, 5],
				"cubes": [
					{"origin": [3.29951, 20.78861, -4.5], "size": [1, 2, 1], "uv": [12, 104]}
				]
			},
			{
				"name": "bone10",
				"parent": "bone2",
				"pivot": [-2.75, 19.5, -4],
				"cubes": [
					{"origin": [-4.35389, 17.44452, -4.5], "size": [1, 1, 1], "uv": [0, 109]}
				]
			},
			{
				"name": "bone13",
				"parent": "bone2",
				"pivot": [0.25, 19.5, -4],
				"cubes": [
					{"origin": [3.48356, 17.6165, -4.5], "size": [1, 1, 1], "uv": [64, 107]}
				]
			},
			{
				"name": "bone4",
				"parent": "bone2",
				"pivot": [2, 24.25, -4],
				"rotation": [0, 0, -15],
				"cubes": [
					{"origin": [1, 22.25, -4.5], "size": [2, 4, 1], "uv": [40, 88]}
				]
			},
			{
				"name": "bone5",
				"parent": "bone2",
				"pivot": [3, 24.25, -4],
				"rotation": [0, 0, -15],
				"cubes": [
					{"origin": [2.96118, 22.10511, -4.5], "size": [1, 4, 1], "uv": [22, 96]}
				]
			},
			{
				"name": "bone20",
				"parent": "bone",
				"pivot": [0, 0, 0],
				"cubes": [
					{"origin": [-4, 25.5, -3], "size": [8, 1, 1], "uv": [0, 35], "inflate": -0.25}
				]
			},
			{
				"name": "bone16",
				"parent": "bone20",
				"pivot": [0.5, 22, 0],
				"rotation": [0, 0, -5]
			},
			{
				"name": "bone15",
				"parent": "bone16",
				"pivot": [4.5, 24.5, -2.5],
				"rotation": [-5, 0, 0],
				"cubes": [
					{"origin": [3.75642, 22.0038, -2.95659], "size": [1, 4, 1], "uv": [10, 96], "mirror": true}
				]
			},
			{
				"name": "bone14",
				"parent": "bone16",
				"pivot": [4.5, 24.5, -3.25],
				"rotation": [5, 0, 0],
				"cubes": [
					{"origin": [3.75642, 21.98201, -3.54436], "size": [1, 4, 1], "uv": [6, 96], "mirror": true}
				]
			},
			{
				"name": "bone17",
				"parent": "bone20",
				"pivot": [-0.5, 22, 0],
				"rotation": [0, 0, 5]
			},
			{
				"name": "bone18",
				"parent": "bone17",
				"pivot": [-4.5, 24.5, -2.5],
				"rotation": [-5, 0, 0],
				"cubes": [
					{"origin": [-4.75642, 22.0038, -2.95659], "size": [1, 4, 1], "uv": [10, 96]}
				]
			},
			{
				"name": "bone19",
				"parent": "bone17",
				"pivot": [-4.5, 24.5, -3.25],
				"rotation": [5, 0, 0],
				"cubes": [
					{"origin": [-4.75642, 21.98201, -3.54436], "size": [1, 4, 1], "uv": [6, 96]}
				]
			},
			{
				"name": "bone21",
				"parent": "bone",
				"pivot": [0, 1, 0]
			},
			{
				"name": "bone22",
				"parent": "bone21",
				"pivot": [-0.15, 20, 2.5],
				"rotation": [15, 0, 5],
				"cubes": [
					{"origin": [1.85, 18, 3.5], "size": [2, 4, 1], "uv": [16, 88], "inflate": -0.1}
				]
			},
			{
				"name": "bone23",
				"parent": "bone22",
				"pivot": [-0.15, 20, 2.5],
				"rotation": [20, 0, -10],
				"cubes": [
					{"origin": [1.50336, 15.78599, 2.72837], "size": [2, 2, 1], "uv": [0, 96], "inflate": -0.1}
				]
			},
			{
				"name": "bone24",
				"parent": "bone23",
				"pivot": [-0.15, 20, 5.5],
				"rotation": [10, 0, 20],
				"cubes": [
					{"origin": [2.69614, 15.95361, 2.30869], "size": [2, 2, 1], "uv": [24, 93], "inflate": -0.1}
				]
			},
			{
				"name": "bone113",
				"parent": "bone21",
				"pivot": [-1.9, 20, 2.5],
				"rotation": [15, 0, 5],
				"cubes": [
					{"origin": [0.00038, 17.99158, 3.49774], "size": [2, 4, 1], "uv": [16, 88], "inflate": -0.1}
				]
			},
			{
				"name": "bone114",
				"parent": "bone113",
				"pivot": [-1.9, 20, 2.5],
				"rotation": [20, 0, -10],
				"cubes": [
					{"origin": [-0.34621, 15.79523, 2.72933], "size": [2, 2, 1], "uv": [0, 96], "inflate": -0.1}
				]
			},
			{
				"name": "bone115",
				"parent": "bone114",
				"pivot": [-1.9, 20, 5.5],
				"rotation": [10, 0, 10],
				"cubes": [
					{"origin": [0.3141, 15.17339, 2.17209], "size": [2, 2, 1], "uv": [24, 93], "inflate": -0.1}
				]
			},
			{
				"name": "bone116",
				"parent": "bone21",
				"pivot": [-4, 20, 2.5],
				"rotation": [15, 0, 5],
				"cubes": [
					{"origin": [-2, 18, 3.5], "size": [2, 4, 1], "uv": [16, 88], "inflate": -0.1}
				]
			},
			{
				"name": "bone117",
				"parent": "bone116",
				"pivot": [-4, 20, 2.5],
				"rotation": [20, 0, -15],
				"cubes": [
					{"origin": [-2.56331, 15.21484, 2.57183], "size": [2, 2, 1], "uv": [0, 96], "inflate": -0.1}
				]
			},
			{
				"name": "bone118",
				"parent": "bone117",
				"pivot": [-4, 20, 5.5],
				"rotation": [10, 0, 5],
				"cubes": [
					{"origin": [-2.16767, 14.28108, 1.85482], "size": [2, 2, 1], "uv": [24, 93], "inflate": -0.1}
				]
			},
			{
				"name": "bone119",
				"parent": "bone21",
				"pivot": [-5.85, 20, 2.5],
				"rotation": [15, 0, 5],
				"cubes": [
					{"origin": [-3.85, 18, 3.5], "size": [2, 4, 1], "uv": [16, 88], "inflate": -0.1}
				]
			},
			{
				"name": "bone120",
				"parent": "bone119",
				"pivot": [-5.85, 20, 2.5],
				"rotation": [20, 0, -10],
				"cubes": [
					{"origin": [-4.19664, 15.78599, 2.72837], "size": [2, 2, 1], "uv": [0, 96], "inflate": -0.1}
				]
			},
			{
				"name": "bone121",
				"parent": "bone120",
				"pivot": [-5.85, 20, 5.5],
				"rotation": [10, 0, -10],
				"cubes": [
					{"origin": [-4.93767, 14.27413, 2.01255], "size": [2, 2, 1], "uv": [24, 93], "inflate": -0.1}
				]
			},
			{
				"name": "bone25",
				"parent": "bone",
				"pivot": [0, 0, 0.25],
				"cubes": [
					{"origin": [3.5, 19, -3.5], "size": [1, 3, 7], "uv": [0, 16]},
					{"origin": [-4.4, 19, -3.5], "size": [1, 3, 7], "uv": [56, 0]}
				]
			},
			{
				"name": "bone26",
				"parent": "bone",
				"pivot": [0, 0, 0],
				"cubes": [
					{"origin": [-0.5, 20.75, 4], "size": [1, 1, 1], "uv": [60, 107]}
				]
			},
			{
				"name": "bone28",
				"parent": "bone26",
				"pivot": [0.5, 0, 0]
			},
			{
				"name": "bone27",
				"parent": "bone28",
				"pivot": [-4, 23.5, -1.5],
				"rotation": [-15, 0, 0],
				"cubes": [
					{"origin": [-4.5, 23, -3], "size": [1, 1, 3], "uv": [8, 88]}
				]
			},
			{
				"name": "bone30",
				"parent": "bone28",
				"pivot": [-4, 23.5, 1.5],
				"rotation": [-25, 0, 0],
				"cubes": [
					{"origin": [-4.5, 21.98502, 0.17146], "size": [1, 1, 2], "uv": [18, 93]}
				]
			},
			{
				"name": "bone31",
				"parent": "bone28",
				"pivot": [-4, 23.5, 3.5],
				"rotation": [-10, 0, 0],
				"cubes": [
					{"origin": [-4.5, 21.51556, 1.78686], "size": [1, 1, 2], "uv": [12, 93]}
				]
			},
			{
				"name": "bone32",
				"parent": "bone28",
				"pivot": [-4, 23.5, 4.5],
				"rotation": [-5, 0, 0],
				"cubes": [
					{"origin": [-4.5, 21.41095, 3.61662], "size": [1, 1, 1], "uv": [56, 107]}
				]
			},
			{
				"name": "bone33",
				"parent": "bone28",
				"pivot": [-3, 23.5, 4.5],
				"rotation": [-5, 0, 15],
				"cubes": [
					{"origin": [-3.19954, 21.3192, 3.62465], "size": [2, 1, 1], "uv": [12, 101]}
				]
			},
			{
				"name": "bone34",
				"parent": "bone28",
				"pivot": [-1, 23.5, 4.5],
				"rotation": [-5, 0, 5],
				"cubes": [
					{"origin": [-1.59841, 20.86715, 3.66419], "size": [2, 1, 1], "uv": [6, 101]}
				]
			},
			{
				"name": "bone29",
				"parent": "bone28",
				"pivot": [-4, 23.5, -1.5],
				"rotation": [5, 0, 0],
				"cubes": [
					{"origin": [-4.5, 22.54318, -3.08055], "size": [1, 1, 3], "uv": [0, 88]}
				]
			},
			{
				"name": "bone35",
				"parent": "bone26",
				"pivot": [8.5, 0, 0]
			},
			{
				"name": "bone36",
				"parent": "bone35",
				"pivot": [4, 23.5, -1.5],
				"rotation": [-15, 0, 0],
				"cubes": [
					{"origin": [3.5, 23, -3], "size": [1, 1, 3], "uv": [26, 79]}
				]
			},
			{
				"name": "bone37",
				"parent": "bone35",
				"pivot": [4, 23.5, 1.5],
				"rotation": [-25, 0, 0],
				"cubes": [
					{"origin": [3.5, 21.98502, 0.17146], "size": [1, 1, 2], "uv": [6, 93]}
				]
			},
			{
				"name": "bone38",
				"parent": "bone35",
				"pivot": [4, 23.5, 3.5],
				"rotation": [-10, 0, 0],
				"cubes": [
					{"origin": [3.5, 21.51556, 1.78686], "size": [1, 1, 2], "uv": [0, 93]}
				]
			},
			{
				"name": "bone39",
				"parent": "bone35",
				"pivot": [4, 23.5, 4.5],
				"rotation": [-5, 0, 0],
				"cubes": [
					{"origin": [3.5, 21.41095, 3.61662], "size": [1, 1, 1], "uv": [52, 107]}
				]
			},
			{
				"name": "bone40",
				"parent": "bone35",
				"pivot": [5, 23.5, 4.5],
				"rotation": [-5, 0, -15],
				"cubes": [
					{"origin": [1.26769, 21.83488, 3.57953], "size": [2, 1, 1], "uv": [0, 101]}
				]
			},
			{
				"name": "bone41",
				"parent": "bone35",
				"pivot": [7, 23.5, 4.5],
				"rotation": [-5, 0, -5],
				"cubes": [
					{"origin": [-0.37875, 21.38809, 3.61862], "size": [2, 1, 1], "uv": [46, 96]}
				]
			},
			{
				"name": "bone42",
				"parent": "bone35",
				"pivot": [4, 23.5, -1.5],
				"rotation": [5, 0, 0],
				"cubes": [
					{"origin": [3.5, 22.54318, -3.08055], "size": [1, 1, 3], "uv": [16, 83]}
				]
			},
			{
				"name": "blink",
				"parent": "head",
				"pivot": [0, 18, 0],
				"cubes": [
					{"origin": [-4, 18, -4.001], "size": [8, 8, 0], "uv": [40, 16]}
				]
			},
			{
				"name": "armRight",
				"pivot": [-2, 17.5, 0],
				"rotation": [0, 0, 25],
				"cubes": [
					{"origin": [-4, 8.5, -1], "size": [2, 8, 2], "uv": [0, 45]},
					{"origin": [-4.5, 10.5, -1.5], "size": [3, 2, 3], "uv": [8, 50], "inflate": -0.25},
					{"origin": [-4.5, 9.5, -1.5], "size": [3, 1, 3], "uv": [0, 55], "inflate": -0.35},
					{"origin": [-4.5, 9.2, -1.5], "size": [3, 1, 3], "uv": [0, 55], "inflate": -0.35}
				]
			},
			{
				"name": "armLeft",
				"pivot": [2, 17.5, 0],
				"rotation": [0, 0, -25],
				"cubes": [
					{"origin": [1.5, 10.5, -1.5], "size": [3, 2, 3], "uv": [8, 50], "inflate": -0.25},
					{"origin": [1.5, 9.5, -1.5], "size": [3, 1, 3], "uv": [0, 55], "inflate": -0.35},
					{"origin": [1.5, 9.2, -1.5], "size": [3, 1, 3], "uv": [0, 55], "inflate": -0.35},
					{"origin": [2, 8.5, -1], "size": [2, 8, 2], "uv": [54, 35]}
				]
			},
			{
				"name": "body",
				"pivot": [0, 10.5, 0],
				"cubes": [
					{"origin": [-3, 8.999, -3], "size": [6, 9, 6], "uv": [32, 0]}
				]
			},
			{
				"name": "bone89",
				"parent": "body",
				"pivot": [0, 10.5, 0]
			},
			{
				"name": "bone80",
				"parent": "bone89",
				"pivot": [0, 20.5, 0]
			},
			{
				"name": "bone81",
				"parent": "bone80",
				"pivot": [0, 10, 0]
			},
			{
				"name": "bone82",
				"parent": "bone81",
				"pivot": [0, 10, 2.97771],
				"rotation": [15, 0, 0],
				"cubes": [
					{"origin": [-1, 8.70221, 5.15754], "size": [2, 9, 0], "uv": [12, 79]}
				]
			},
			{
				"name": "bone83",
				"parent": "bone82",
				"pivot": [-1, 9.70221, 2.97771],
				"rotation": [0, 0, 8.56299],
				"cubes": [
					{"origin": [-3, 8.70221, 5.15654], "size": [2, 9, 0], "uv": [8, 79]}
				]
			},
			{
				"name": "bone84",
				"parent": "bone82",
				"pivot": [1, 9.70221, 2.97771],
				"rotation": [0, 0, -8.56299],
				"cubes": [
					{"origin": [1, 8.70221, 5.15854], "size": [2, 9, 0], "uv": [4, 79]}
				]
			},
			{
				"name": "bone85",
				"parent": "bone80",
				"pivot": [0, 10, 0],
				"rotation": [0, -60, 0]
			},
			{
				"name": "bone86",
				"parent": "bone85",
				"pivot": [0, 10, 2.97771],
				"rotation": [15, 0, 0],
				"cubes": [
					{"origin": [-1, 8.70221, 5.15754], "size": [2, 9, 0], "uv": [0, 79]}
				]
			},
			{
				"name": "bone87",
				"parent": "bone86",
				"pivot": [-1, 9.70221, 2.97771],
				"rotation": [0, 0, 8.56299],
				"cubes": [
					{"origin": [-3, 8.70221, 5.15654], "size": [2, 9, 0], "uv": [36, 70]}
				]
			},
			{
				"name": "bone88",
				"parent": "bone86",
				"pivot": [1, 9.70221, 2.97771],
				"rotation": [0, 0, -8.56299],
				"cubes": [
					{"origin": [1, 8.70221, 5.15854], "size": [2, 9, 0], "uv": [32, 70]}
				]
			},
			{
				"name": "bone101",
				"parent": "bone80",
				"pivot": [0, 10, 0],
				"rotation": [0, -300, 0]
			},
			{
				"name": "bone102",
				"parent": "bone101",
				"pivot": [0, 10, 2.97771],
				"rotation": [15, 0, 0],
				"cubes": [
					{"origin": [-1, 8.70221, 5.15754], "size": [2, 9, 0], "uv": [28, 70]}
				]
			},
			{
				"name": "bone103",
				"parent": "bone102",
				"pivot": [-1, 9.70221, 2.97771],
				"rotation": [0, 0, 8.56299],
				"cubes": [
					{"origin": [-3, 8.70221, 5.15654], "size": [2, 9, 0], "uv": [24, 70]}
				]
			},
			{
				"name": "bone104",
				"parent": "bone102",
				"pivot": [1, 9.70221, 2.97771],
				"rotation": [0, 0, -8.56299],
				"cubes": [
					{"origin": [1, 8.70221, 5.15854], "size": [2, 9, 0], "uv": [20, 70]}
				]
			},
			{
				"name": "bone90",
				"parent": "bone89",
				"pivot": [0.4, 11.5, 6.5],
				"rotation": [5, 0, 0]
			},
			{
				"name": "bone91",
				"parent": "bone90",
				"pivot": [0.4, 17.499, 4],
				"rotation": [0, 0, -30],
				"cubes": [
					{"origin": [-1.10161, 15.71424, 3.5], "size": [4, 2, 1], "uv": [10, 70]}
				]
			},
			{
				"name": "bone93",
				"parent": "bone90",
				"pivot": [0.4, 16.499, 4],
				"rotation": [0, 0, -20],
				"cubes": [
					{"origin": [-0.83492, 17.08451, 3.5001], "size": [4, 1, 1], "uv": [16, 81]}
				]
			},
			{
				"name": "bone92",
				"parent": "bone90",
				"pivot": [-1.85, 18.149, 4],
				"rotation": [0, 0, 20],
				"cubes": [
					{"origin": [-2.70333, 17.67443, 3.4998], "size": [4, 1, 1], "uv": [16, 79]}
				]
			},
			{
				"name": "bone94",
				"parent": "bone90",
				"pivot": [-1.85, 17.149, 4],
				"rotation": [0, 0, 30],
				"cubes": [
					{"origin": [-3.2816, 16.3843, 3.4999], "size": [4, 2, 1], "uv": [0, 75]}
				]
			},
			{
				"name": "bone95",
				"parent": "bone89",
				"pivot": [0, 10.5, 0]
			},
			{
				"name": "bone98",
				"parent": "bone95",
				"pivot": [0, 10.5, 0.75],
				"cubes": [
					{"origin": [1.87356, 9.44419, 4.75], "size": [1, 1, 1], "uv": [48, 107], "inflate": -0.25}
				]
			},
			{
				"name": "bone97",
				"parent": "bone98",
				"pivot": [2.5, 8.999, 5.25],
				"rotation": [0, 0, 10],
				"cubes": [
					{"origin": [1.77159, 7.95873, 4.75], "size": [1, 2, 1], "uv": [8, 104], "inflate": -0.25}
				]
			},
			{
				"name": "bone96",
				"parent": "bone98",
				"pivot": [2.5, 8.999, 5.25],
				"rotation": [0, 0, -10],
				"cubes": [
					{"origin": [2, 7.999, 4.75], "size": [1, 2, 1], "uv": [4, 104], "inflate": -0.25}
				]
			},
			{
				"name": "bone99",
				"parent": "bone95",
				"pivot": [-4.75, 10.5, 0.75],
				"cubes": [
					{"origin": [-2.87644, 9.44419, 4.75], "size": [1, 1, 1], "uv": [44, 107], "inflate": -0.25}
				]
			},
			{
				"name": "bone100",
				"parent": "bone99",
				"pivot": [-2.25, 8.999, 5.25],
				"rotation": [0, 0, 10],
				"cubes": [
					{"origin": [-2.97841, 7.95873, 4.75], "size": [1, 2, 1], "uv": [0, 104], "inflate": -0.25}
				]
			},
			{
				"name": "bone105",
				"parent": "bone99",
				"pivot": [-2.25, 8.999, 5.25],
				"rotation": [0, 0, -10],
				"cubes": [
					{"origin": [-2.75, 7.999, 4.75], "size": [1, 2, 1], "uv": [58, 101], "inflate": -0.25}
				]
			},
			{
				"name": "bone106",
				"parent": "bone95",
				"pivot": [-0.45881, 3.31473, 4.08333],
				"rotation": [0, -45, 0],
				"cubes": [
					{"origin": [-3.87644, 9.44419, 5.75], "size": [1, 1, 1], "uv": [40, 107], "inflate": -0.25}
				]
			},
			{
				"name": "bone107",
				"parent": "bone106",
				"pivot": [-3.25, 8.999, 6.25],
				"rotation": [0, 0, 10],
				"cubes": [
					{"origin": [-3.97841, 7.95873, 5.75], "size": [1, 2, 1], "uv": [54, 101], "inflate": -0.25}
				]
			},
			{
				"name": "bone108",
				"parent": "bone106",
				"pivot": [-3.25, 8.999, 6.25],
				"rotation": [0, 0, -10],
				"cubes": [
					{"origin": [-3.75, 7.999, 5.75], "size": [1, 2, 1], "uv": [50, 101], "inflate": -0.25}
				]
			},
			{
				"name": "bone109",
				"parent": "bone95",
				"pivot": [4.54119, 3.31473, 0.08333],
				"rotation": [0, 45, 0],
				"cubes": [
					{"origin": [1.12356, 9.44419, 1.75], "size": [1, 1, 1], "uv": [36, 107], "inflate": -0.25}
				]
			},
			{
				"name": "bone110",
				"parent": "bone109",
				"pivot": [1.75, 8.999, 2.25],
				"rotation": [0, 0, 10],
				"cubes": [
					{"origin": [1.02159, 7.95873, 1.75], "size": [1, 2, 1], "uv": [46, 101], "inflate": -0.25}
				]
			},
			{
				"name": "bone111",
				"parent": "bone109",
				"pivot": [1.75, 8.999, 2.25],
				"rotation": [0, 0, -10],
				"cubes": [
					{"origin": [1.25, 7.999, 1.75], "size": [1, 2, 1], "uv": [42, 101], "inflate": -0.25}
				]
			},
			{
				"name": "bone112",
				"parent": "body",
				"pivot": [0, 15.999, -2.75],
				"rotation": [55, 0, 0],
				"cubes": [
					{"origin": [-3, 14.999, -3.75], "size": [6, 2, 2], "uv": [56, 28], "inflate": -0.1}
				]
			},
			{
				"name": "legLeft",
				"pivot": [1.75, 9, 0],
				"cubes": [
					{"origin": [0.249, 0, -1.5], "size": [3, 9, 3], "uv": [28, 16]},
					{"origin": [0.749, 0.5, -2], "size": [2, 1, 1], "uv": [40, 98], "inflate": -0.25},
					{"origin": [1.249, 2.5, -2], "size": [1, 1, 1], "uv": [32, 107], "inflate": -0.15}
				]
			},
			{
				"name": "bone43",
				"parent": "legLeft",
				"pivot": [1.25, 9.5, 0]
			},
			{
				"name": "bone44",
				"parent": "bone43",
				"pivot": [1.25, -1, 0]
			},
			{
				"name": "bone45",
				"parent": "bone44",
				"pivot": [1.25, -1, 5.27792],
				"rotation": [23, 0, 0]
			},
			{
				"name": "bone46",
				"parent": "bone45",
				"pivot": [1.25, -1, 5.27792],
				"rotation": [0, -45, 0],
				"cubes": [
					{"origin": [0.25, 9, 4.27792], "size": [2, 3, 2], "uv": [0, 70]}
				]
			},
			{
				"name": "bone47",
				"parent": "bone43",
				"pivot": [1.25, -1, 0],
				"rotation": [0, -30, 0]
			},
			{
				"name": "bone48",
				"parent": "bone47",
				"pivot": [1.25, -1, 5.27792],
				"rotation": [23, 0, 0]
			},
			{
				"name": "bone49",
				"parent": "bone48",
				"pivot": [1.25, -1, 5.27792],
				"rotation": [0, -45, 0],
				"cubes": [
					{"origin": [0.25, 9, 4.27792], "size": [2, 3, 2], "uv": [56, 65]}
				]
			},
			{
				"name": "bone50",
				"parent": "bone43",
				"pivot": [1.25, -1, 0],
				"rotation": [0, -60, 0]
			},
			{
				"name": "bone51",
				"parent": "bone50",
				"pivot": [1.25, -1, 5.27792],
				"rotation": [23, 0, 0]
			},
			{
				"name": "bone52",
				"parent": "bone51",
				"pivot": [1.25, -1, 5.27792],
				"rotation": [0, -45, 0],
				"cubes": [
					{"origin": [0.25, 9, 4.27792], "size": [2, 3, 2], "uv": [48, 65]}
				]
			},
			{
				"name": "bone53",
				"parent": "bone43",
				"pivot": [1.25, -1, 0],
				"rotation": [0, -90, 0]
			},
			{
				"name": "bone54",
				"parent": "bone53",
				"pivot": [1.25, -1, 5.27792],
				"rotation": [23, 0, 0]
			},
			{
				"name": "bone55",
				"parent": "bone54",
				"pivot": [1.25, -1, 5.27792],
				"rotation": [0, -45, 0],
				"cubes": [
					{"origin": [0.25, 9, 4.27792], "size": [2, 3, 2], "uv": [40, 65]}
				]
			},
			{
				"name": "bone56",
				"parent": "bone43",
				"pivot": [1.25, -1, 0],
				"rotation": [0, -120, 0]
			},
			{
				"name": "bone57",
				"parent": "bone56",
				"pivot": [1.25, -1, 5.27792],
				"rotation": [23, 0, 0]
			},
			{
				"name": "bone58",
				"parent": "bone57",
				"pivot": [1.25, -1, 5.27792],
				"rotation": [0, -45, 0],
				"cubes": [
					{"origin": [0.25, 9, 4.27792], "size": [2, 3, 2], "uv": [32, 65]}
				]
			},
			{
				"name": "bone59",
				"parent": "bone43",
				"pivot": [1.25, -1, 0],
				"rotation": [0, -150, 0]
			},
			{
				"name": "bone60",
				"parent": "bone59",
				"pivot": [1.25, -1, 5.27792],
				"rotation": [23, 0, 0]
			},
			{
				"name": "bone61",
				"parent": "bone60",
				"pivot": [1.25, -1, 5.27792],
				"rotation": [0, -45, 0],
				"cubes": [
					{"origin": [0.25, 9, 4.27792], "size": [2, 3, 2], "uv": [24, 65]}
				]
			},
			{
				"name": "bone62",
				"parent": "bone43",
				"pivot": [1.25, -1, 0],
				"rotation": [0, -180, 0]
			},
			{
				"name": "bone63",
				"parent": "bone62",
				"pivot": [1.25, -1, 5.27792],
				"rotation": [23, 0, 0]
			},
			{
				"name": "bone64",
				"parent": "bone63",
				"pivot": [1.25, -1, 5.27792],
				"rotation": [0, -45, 0],
				"cubes": [
					{"origin": [0.25, 9, 4.27792], "size": [2, 3, 2], "uv": [16, 65]}
				]
			},
			{
				"name": "bone65",
				"parent": "bone43",
				"pivot": [1.25, -1, 0],
				"rotation": [0, -210, 0]
			},
			{
				"name": "bone66",
				"parent": "bone65",
				"pivot": [1.25, -1, 5.27792],
				"rotation": [23, 0, 0]
			},
			{
				"name": "bone67",
				"parent": "bone66",
				"pivot": [1.25, -1, 5.27792],
				"rotation": [0, -45, 0],
				"cubes": [
					{"origin": [0.25, 9, 4.27792], "size": [2, 3, 2], "uv": [8, 65]}
				]
			},
			{
				"name": "bone68",
				"parent": "bone43",
				"pivot": [1.25, -1, 0],
				"rotation": [0, -240, 0]
			},
			{
				"name": "bone69",
				"parent": "bone68",
				"pivot": [1.25, -1, 5.27792],
				"rotation": [23, 0, 0]
			},
			{
				"name": "bone70",
				"parent": "bone69",
				"pivot": [1.25, -1, 5.27792],
				"rotation": [0, -45, 0],
				"cubes": [
					{"origin": [0.25, 9, 4.27792], "size": [2, 3, 2], "uv": [0, 65]}
				]
			},
			{
				"name": "bone71",
				"parent": "bone43",
				"pivot": [1.25, -1, 0],
				"rotation": [0, -270, 0]
			},
			{
				"name": "bone72",
				"parent": "bone71",
				"pivot": [1.25, -1, 5.27792],
				"rotation": [23, 0, 0]
			},
			{
				"name": "bone73",
				"parent": "bone72",
				"pivot": [1.25, -1, 5.27792],
				"rotation": [0, -45, 0],
				"cubes": [
					{"origin": [0.25, 9, 4.27792], "size": [2, 3, 2], "uv": [56, 60]}
				]
			},
			{
				"name": "bone74",
				"parent": "bone43",
				"pivot": [1.25, -1, 0],
				"rotation": [0, -300, 0]
			},
			{
				"name": "bone75",
				"parent": "bone74",
				"pivot": [1.25, -1, 5.27792],
				"rotation": [23, 0, 0]
			},
			{
				"name": "bone76",
				"parent": "bone75",
				"pivot": [1.25, -1, 5.27792],
				"rotation": [0, -45, 0],
				"cubes": [
					{"origin": [0.25, 9, 4.27792], "size": [2, 3, 2], "uv": [48, 60]}
				]
			},
			{
				"name": "bone77",
				"parent": "bone43",
				"pivot": [1.25, -1, 0],
				"rotation": [0, -330, 0]
			},
			{
				"name": "bone78",
				"parent": "bone77",
				"pivot": [1.25, -1, 5.27792],
				"rotation": [23, 0, 0]
			},
			{
				"name": "bone79",
				"parent": "bone78",
				"pivot": [1.25, -1, 5.27792],
				"rotation": [0, -45, 0],
				"cubes": [
					{"origin": [0.25, 9, 4.27792], "size": [2, 3, 2], "uv": [40, 60]}
				]
			},
			{
				"name": "legRight",
				"pivot": [-1.75, 9, 0],
				"cubes": [
					{"origin": [-3.249, 0, -1.5], "size": [3, 9, 3], "uv": [16, 16]},
					{"origin": [-2.751, 0.5, -2], "size": [2, 1, 1], "uv": [40, 98], "inflate": -0.25},
					{"origin": [-2.251, 2.5, -2], "size": [1, 1, 1], "uv": [32, 107], "inflate": -0.15}
				]
			},
			{
				"name": "bone148",
				"parent": "legRight",
				"pivot": [-1.25, 9.5, 0]
			},
			{
				"name": "bone149",
				"parent": "bone148",
				"pivot": [-1.25, -1, 0]
			},
			{
				"name": "bone150",
				"parent": "bone149",
				"pivot": [-1.25, -1, 5.27792],
				"rotation": [23, 0, 0]
			},
			{
				"name": "bone151",
				"parent": "bone150",
				"pivot": [-1.25, -1, 5.27792],
				"rotation": [0, -45, 0],
				"cubes": [
					{"origin": [-2.25, 9, 4.27792], "size": [2, 3, 2], "uv": [32, 60]}
				]
			},
			{
				"name": "bone152",
				"parent": "bone148",
				"pivot": [-1.25, -1, 0],
				"rotation": [0, -30, 0]
			},
			{
				"name": "bone153",
				"parent": "bone152",
				"pivot": [-1.25, -1, 5.27792],
				"rotation": [23, 0, 0]
			},
			{
				"name": "bone154",
				"parent": "bone153",
				"pivot": [-1.25, -1, 5.27792],
				"rotation": [0, -45, 0],
				"cubes": [
					{"origin": [-2.25, 9, 4.27792], "size": [2, 3, 2], "uv": [24, 60]}
				]
			},
			{
				"name": "bone155",
				"parent": "bone148",
				"pivot": [-1.25, -1, 0],
				"rotation": [0, -60, 0]
			},
			{
				"name": "bone156",
				"parent": "bone155",
				"pivot": [-1.25, -1, 5.27792],
				"rotation": [23, 0, 0]
			},
			{
				"name": "bone157",
				"parent": "bone156",
				"pivot": [-1.25, -1, 5.27792],
				"rotation": [0, -45, 0],
				"cubes": [
					{"origin": [-2.25, 9, 4.27792], "size": [2, 3, 2], "uv": [16, 60]}
				]
			},
			{
				"name": "bone158",
				"parent": "bone148",
				"pivot": [-1.25, -1, 0],
				"rotation": [0, -90, 0]
			},
			{
				"name": "bone159",
				"parent": "bone158",
				"pivot": [-1.25, -1, 5.27792],
				"rotation": [23, 0, 0]
			},
			{
				"name": "bone160",
				"parent": "bone159",
				"pivot": [-1.25, -1, 5.27792],
				"rotation": [0, -45, 0],
				"cubes": [
					{"origin": [-2.25, 9, 4.27792], "size": [2, 3, 2], "uv": [8, 60]}
				]
			},
			{
				"name": "bone161",
				"parent": "bone148",
				"pivot": [-1.25, -1, 0],
				"rotation": [0, -120, 0]
			},
			{
				"name": "bone162",
				"parent": "bone161",
				"pivot": [-1.25, -1, 5.27792],
				"rotation": [23, 0, 0]
			},
			{
				"name": "bone163",
				"parent": "bone162",
				"pivot": [-1.25, -1, 5.27792],
				"rotation": [0, -45, 0],
				"cubes": [
					{"origin": [-2.25, 9, 4.27792], "size": [2, 3, 2], "uv": [0, 60]}
				]
			},
			{
				"name": "bone164",
				"parent": "bone148",
				"pivot": [-1.25, -1, 0],
				"rotation": [0, -150, 0]
			},
			{
				"name": "bone165",
				"parent": "bone164",
				"pivot": [-1.25, -1, 5.27792],
				"rotation": [23, 0, 0]
			},
			{
				"name": "bone166",
				"parent": "bone165",
				"pivot": [-1.25, -1, 5.27792],
				"rotation": [0, -45, 0],
				"cubes": [
					{"origin": [-2.25, 9, 4.27792], "size": [2, 3, 2], "uv": [60, 55]}
				]
			},
			{
				"name": "bone167",
				"parent": "bone148",
				"pivot": [-1.25, -1, 0],
				"rotation": [0, -180, 0]
			},
			{
				"name": "bone168",
				"parent": "bone167",
				"pivot": [-1.25, -1, 5.27792],
				"rotation": [23, 0, 0]
			},
			{
				"name": "bone169",
				"parent": "bone168",
				"pivot": [-1.25, -1, 5.27792],
				"rotation": [0, -45, 0],
				"cubes": [
					{"origin": [-2.25, 9, 4.27792], "size": [2, 3, 2], "uv": [52, 55]}
				]
			},
			{
				"name": "bone170",
				"parent": "bone148",
				"pivot": [-1.25, -1, 0],
				"rotation": [0, -210, 0]
			},
			{
				"name": "bone171",
				"parent": "bone170",
				"pivot": [-1.25, -1, 5.27792],
				"rotation": [23, 0, 0]
			},
			{
				"name": "bone172",
				"parent": "bone171",
				"pivot": [-1.25, -1, 5.27792],
				"rotation": [0, -45, 0],
				"cubes": [
					{"origin": [-2.25, 9, 4.27792], "size": [2, 3, 2], "uv": [44, 55]}
				]
			},
			{
				"name": "bone173",
				"parent": "bone148",
				"pivot": [-1.25, -1, 0],
				"rotation": [0, -240, 0]
			},
			{
				"name": "bone174",
				"parent": "bone173",
				"pivot": [-1.25, -1, 5.27792],
				"rotation": [23, 0, 0]
			},
			{
				"name": "bone175",
				"parent": "bone174",
				"pivot": [-1.25, -1, 5.27792],
				"rotation": [0, -45, 0],
				"cubes": [
					{"origin": [-2.25, 9, 4.27792], "size": [2, 3, 2], "uv": [36, 55]}
				]
			},
			{
				"name": "bone176",
				"parent": "bone148",
				"pivot": [-1.25, -1, 0],
				"rotation": [0, -270, 0]
			},
			{
				"name": "bone177",
				"parent": "bone176",
				"pivot": [-1.25, -1, 5.27792],
				"rotation": [23, 0, 0]
			},
			{
				"name": "bone178",
				"parent": "bone177",
				"pivot": [-1.25, -1, 5.27792],
				"rotation": [0, -45, 0],
				"cubes": [
					{"origin": [-2.25, 9, 4.27792], "size": [2, 3, 2], "uv": [28, 55]}
				]
			},
			{
				"name": "bone179",
				"parent": "bone148",
				"pivot": [-1.25, -1, 0],
				"rotation": [0, -300, 0]
			},
			{
				"name": "bone180",
				"parent": "bone179",
				"pivot": [-1.25, -1, 5.27792],
				"rotation": [23, 0, 0]
			},
			{
				"name": "bone181",
				"parent": "bone180",
				"pivot": [-1.25, -1, 5.27792],
				"rotation": [0, -45, 0],
				"cubes": [
					{"origin": [-2.25, 9, 4.27792], "size": [2, 3, 2], "uv": [20, 55]}
				]
			},
			{
				"name": "bone182",
				"parent": "bone148",
				"pivot": [-1.25, -1, 0],
				"rotation": [0, -330, 0]
			},
			{
				"name": "bone183",
				"parent": "bone182",
				"pivot": [-1.25, -1, 5.27792],
				"rotation": [23, 0, 0]
			},
			{
				"name": "bone184",
				"parent": "bone183",
				"pivot": [-1.25, -1, 5.27792],
				"rotation": [0, -45, 0],
				"cubes": [
					{"origin": [-2.25, 9, 4.27792], "size": [2, 3, 2], "uv": [12, 55]}
				]
			},
			{
				"name": "sasimonoShow",
				"pivot": [0, 0, 0]
			},
			{
				"name": "1",
				"parent": "sasimonoShow",
				"pivot": [0, -1, 1],
				"rotation": [25, 0, 0]
			},
			{
				"name": "bone122",
				"parent": "1",
				"pivot": [-8.5, 14, 4.5],
				"rotation": [10, 0, 0],
				"cubes": [
					{"origin": [-9, 12.21682, 3.60264], "size": [1, 3, 1], "uv": [36, 96]}
				]
			},
			{
				"name": "bone127",
				"parent": "1",
				"pivot": [-8.5, 12, 4.5],
				"rotation": [5, 0, 0],
				"cubes": [
					{"origin": [-8.999, 11.22494, 3.93197], "size": [1, 1, 1], "uv": [24, 107]}
				]
			},
			{
				"name": "bone128",
				"parent": "1",
				"pivot": [-8.5, 11, 4.5],
				"rotation": [-10, 0, 0],
				"cubes": [
					{"origin": [-9, 10.34796, 3.94421], "size": [1, 1, 1], "uv": [20, 107]}
				]
			},
			{
				"name": "bone129",
				"parent": "1",
				"pivot": [-8.5, 11, 3.5],
				"rotation": [15, 0, 0],
				"cubes": [
					{"origin": [-8.999, 9.9625, 3.59295], "size": [1, 1, 1], "uv": [16, 107]}
				]
			},
			{
				"name": "bone123",
				"parent": "1",
				"pivot": [-8.5, 16, 4.5],
				"cubes": [
					{"origin": [-8.999, 15.0425, 3.40497], "size": [1, 2, 1], "uv": [38, 101]}
				]
			},
			{
				"name": "bone124",
				"parent": "1",
				"pivot": [-8.5, 16, 4.5],
				"rotation": [-25, 0, 0],
				"cubes": [
					{"origin": [-9, 16.48205, 3.06699], "size": [1, 2, 1], "uv": [34, 101]}
				]
			},
			{
				"name": "bone125",
				"parent": "1",
				"pivot": [-8.5, 16, 5.5],
				"rotation": [-65, 0, 0],
				"cubes": [
					{"origin": [-8.999, 16.07393, 2.3842], "size": [1, 1, 1], "uv": [12, 107]}
				]
			},
			{
				"name": "bone126",
				"parent": "1",
				"pivot": [-8.5, 16, 6.5],
				"rotation": [-90, 0, 0],
				"cubes": [
					{"origin": [-9, 14.65652, 3.22226], "size": [1, 1, 1], "uv": [8, 107]}
				]
			},
			{
				"name": "bone130",
				"parent": "1",
				"pivot": [-8.5, 16, 7.5],
				"rotation": [-100, 0, 0],
				"cubes": [
					{"origin": [-8.999, 14.10775, 4.50535], "size": [1, 1, 1], "uv": [4, 107]}
				]
			},
			{
				"name": "bone131",
				"parent": "1",
				"pivot": [-8.5, 16, 8.5],
				"rotation": [-115, 0, 0],
				"cubes": [
					{"origin": [-9, 13.45678, 6.26094], "size": [1, 1, 1], "uv": [0, 107]}
				]
			},
			{
				"name": "bone132",
				"parent": "1",
				"pivot": [-8.5, 16, 9.5],
				"rotation": [-130, 0, 0],
				"cubes": [
					{"origin": [-8.999, 13.16381, 8.37944], "size": [1, 1, 1], "uv": [60, 104]}
				]
			},
			{
				"name": "bone134",
				"parent": "1",
				"pivot": [-8.5, 15, 10.5],
				"rotation": [-160, 0, 0],
				"cubes": [
					{"origin": [-9, 11.56782, 11.04533], "size": [1, 2, 1], "uv": [30, 101]}
				]
			},
			{
				"name": "bone135",
				"parent": "1",
				"pivot": [-8.5, 14, 10.5],
				"rotation": [180, 0, 0],
				"cubes": [
					{"origin": [-8.999, 11.8407, 11.50228], "size": [1, 2, 1], "uv": [26, 101]}
				]
			},
			{
				"name": "bone133",
				"parent": "1",
				"pivot": [-8.5, 13.09369, 10.07738],
				"rotation": [170, 0, 0],
				"cubes": [
					{"origin": [-9, 12.14493, 10.83328], "size": [1, 1, 1], "uv": [56, 104]}
				]
			},
			{
				"name": "bone139",
				"parent": "1",
				"pivot": [-8.5, 15.17522, 9.41707],
				"rotation": [-150, 0, 0],
				"cubes": [
					{"origin": [-9, 14.07646, 9.17297], "size": [1, 1, 6], "uv": [42, 28], "inflate": -0.4},
					{"origin": [-9, 13.57646, 9.17297], "size": [1, 1, 6], "uv": [28, 28], "inflate": -0.4},
					{"origin": [-9, 11.07646, 9.17297], "size": [1, 1, 5], "uv": [42, 35], "inflate": -0.4},
					{"origin": [-9, 11.57646, 9.17297], "size": [1, 1, 5], "uv": [30, 35], "inflate": -0.4},
					{"origin": [-9, 12.07646, 9.17297], "size": [1, 1, 5], "uv": [18, 35], "inflate": -0.4},
					{"origin": [-9, 12.57646, 9.17297], "size": [1, 1, 6], "uv": [14, 28], "inflate": -0.4},
					{"origin": [-9, 14.6121, 9.24279], "size": [1, 1, 6], "uv": [0, 28], "inflate": -0.4},
					{"origin": [-9, 15.07531, 9.40237], "size": [1, 1, 6], "uv": [56, 16], "inflate": -0.4},
					{"origin": [-9, 15.53852, 10.56194], "size": [1, 1, 5], "uv": [0, 37], "inflate": -0.4}
				]
			},
			{
				"name": "bone136",
				"parent": "sasimonoShow",
				"pivot": [0, -0.25, 1.25]
			},
			{
				"name": "bone137",
				"parent": "bone136",
				"pivot": [-8.5, 15.75, -3.25],
				"rotation": [5, 0, -10],
				"cubes": [
					{"origin": [-9, 16.23205, -4.68301], "size": [1, 2, 1], "uv": [22, 101]}
				]
			},
			{
				"name": "bone138",
				"parent": "bone136",
				"pivot": [-8.5, 15.75, -3.25],
				"rotation": [5, 0, 10],
				"cubes": [
					{"origin": [-9, 16.23205, -4.68301], "size": [1, 2, 1], "uv": [18, 101]}
				]
			},
			{
				"name": "bone140",
				"parent": "bone136",
				"pivot": [-8, 16.75, -3.6],
				"rotation": [-5, 0, 0],
				"cubes": [
					{"origin": [-9.5, 18.23205, -5.03301], "size": [2, 1, 1], "uv": [30, 96]}
				]
			},
			{
				"name": "bone142",
				"parent": "bone136",
				"pivot": [-8, 16.75, -2.6],
				"rotation": [-45, -5, 0],
				"cubes": [
					{"origin": [-9.68701, 17.12152, -5.9019], "size": [1, 1, 1], "uv": [52, 104]}
				]
			},
			{
				"name": "bone145",
				"parent": "bone136",
				"pivot": [-7, 16.75, -2.6],
				"rotation": [-45, 5, 0],
				"cubes": [
					{"origin": [-8.30538, 16.99827, -6.02515], "size": [1, 1, 1], "uv": [48, 104]}
				]
			},
			{
				"name": "bone143",
				"parent": "bone136",
				"pivot": [-8, 16.75, -2.6],
				"rotation": [-85, -5, 0],
				"cubes": [
					{"origin": [-9.68701, 15.67823, -6.011], "size": [1, 1, 1], "uv": [44, 104]}
				]
			},
			{
				"name": "bone146",
				"parent": "bone136",
				"pivot": [-8, 16.75, -2.6],
				"rotation": [-85, 5, 0],
				"cubes": [
					{"origin": [-8.30918, 15.59141, -6.01859], "size": [1, 1, 1], "uv": [40, 104]}
				]
			},
			{
				"name": "bone144",
				"parent": "bone136",
				"pivot": [-8, 16.75, -1.6],
				"rotation": [-105, -5, 0],
				"cubes": [
					{"origin": [-9.77417, 14.55368, -4.52291], "size": [1, 1, 1], "uv": [36, 104]}
				]
			},
			{
				"name": "bone147",
				"parent": "bone136",
				"pivot": [-8, 16.75, -1.6],
				"rotation": [-105, 5, 0],
				"cubes": [
					{"origin": [-8.22203, 14.46949, -4.50035], "size": [1, 1, 1], "uv": [32, 104]}
				]
			},
			{
				"name": "bone141",
				"parent": "bone136",
				"pivot": [-7.5, 15.75, -3.6],
				"rotation": [-5, 0, 0],
				"cubes": [
					{"origin": [-9, 17.23205, -5.03301], "size": [1, 1, 1], "uv": [28, 104]}
				]
			}
		]
	}
}