{
	"format_version": "1.10.0",
	"geometry.model": {
		"texturewidth": 144,
		"textureheight": 144,
		"visible_bounds_width": 3,
		"visible_bounds_height": 3,
		"visible_bounds_offset": [0, 0, 0],
		"bones": [
			{
				"name": "dizuo",
				"pivot": [0, 0, 2]
			},
			{
				"name": "bone",
				"parent": "dizuo",
				"pivot": [-6.5, 0, -0.5]
			},
			{
				"name": "bone2",
				"parent": "bone",
				"pivot": [-6.5, 0, -0.5],
				"cubes": [
					{"origin": [-2.93165, 0, 0.08202], "size": [6, 1, 15], "uv": [0, 80]}
				]
			},
			{
				"name": "bone3",
				"parent": "bone",
				"pivot": [-6.5, 0, -0.5],
				"rotation": [0, -22.5, 0],
				"cubes": [
					{"origin": [-3.2403, 0.0002, -2.46964], "size": [6, 1, 15], "uv": [84, 64]}
				]
			},
			{
				"name": "bone4",
				"parent": "bone",
				"pivot": [-6.5, 0, -0.5],
				"rotation": [0, -45, 0],
				"cubes": [
					{"origin": [-4.50192, 0, -4.70895], "size": [6, 1, 15], "uv": [42, 64]}
				]
			},
			{
				"name": "bone5",
				"parent": "bone",
				"pivot": [-6.5, 0, -0.5],
				"rotation": [0, -67.5, 0],
				"cubes": [
					{"origin": [-6.52446, 0.001, -6.295], "size": [6, 1, 15], "uv": [0, 64]}
				]
			},
			{
				"name": "bone6",
				"parent": "bone",
				"pivot": [-6.5, 0, -0.5],
				"rotation": [0, -90, 0],
				"cubes": [
					{"origin": [-9, 0, -6.98633], "size": [6, 1, 15], "uv": [84, 48]}
				]
			},
			{
				"name": "bone7",
				"parent": "bone",
				"pivot": [-6.5, 0, -0.5],
				"rotation": [0, -112.5, 0],
				"cubes": [
					{"origin": [-11.55166, 0.0002, -6.67769], "size": [6, 1, 15], "uv": [42, 48]}
				]
			},
			{
				"name": "bone8",
				"parent": "bone",
				"pivot": [-6.5, 0, -0.5],
				"rotation": [0, -135, 0],
				"cubes": [
					{"origin": [-13.79097, 0, -5.41606], "size": [6, 1, 15], "uv": [0, 48]}
				]
			},
			{
				"name": "bone9",
				"parent": "bone",
				"pivot": [-6.5, 0, -0.5],
				"rotation": [0, -157.5, 0],
				"cubes": [
					{"origin": [-15.37702, 0.001, -3.39352], "size": [6, 1, 15], "uv": [84, 32]}
				]
			},
			{
				"name": "bone10",
				"parent": "bone",
				"pivot": [-6.5, 0, -0.5],
				"rotation": [0, -180, 0],
				"cubes": [
					{"origin": [-16.06835, 0, -0.91798], "size": [6, 1, 15], "uv": [42, 32]}
				]
			},
			{
				"name": "bone11",
				"parent": "bone",
				"pivot": [-6.5, 0, -0.5],
				"rotation": [0, -202.5, 0],
				"cubes": [
					{"origin": [-15.7597, 0.0002, 1.63368], "size": [6, 1, 15], "uv": [0, 32]}
				]
			},
			{
				"name": "bone12",
				"parent": "bone",
				"pivot": [-6.5, 0, -0.5],
				"rotation": [0, -225, 0],
				"cubes": [
					{"origin": [-14.49808, 0, 3.87299], "size": [6, 1, 15], "uv": [84, 16]}
				]
			},
			{
				"name": "bone13",
				"parent": "bone",
				"pivot": [-6.5, 0, -0.5],
				"rotation": [0, -247.5, 0],
				"cubes": [
					{"origin": [-12.47554, 0.001, 5.45904], "size": [6, 1, 15], "uv": [42, 16]}
				]
			},
			{
				"name": "bone14",
				"parent": "bone",
				"pivot": [-6.5, 0, -0.5],
				"rotation": [0, -270, 0],
				"cubes": [
					{"origin": [-10, 0, 6.15037], "size": [6, 1, 15], "uv": [0, 16]}
				]
			},
			{
				"name": "bone15",
				"parent": "bone",
				"pivot": [-6.5, 0, -0.5],
				"rotation": [0, -292.5, 0],
				"cubes": [
					{"origin": [-7.44834, 0.0002, 5.84172], "size": [6, 1, 15], "uv": [84, 0]}
				]
			},
			{
				"name": "bone16",
				"parent": "bone",
				"pivot": [-6.5, 0, -0.5],
				"rotation": [0, -315, 0],
				"cubes": [
					{"origin": [-5.20903, 0, 4.5801], "size": [6, 1, 15], "uv": [42, 0]}
				]
			},
			{
				"name": "bone17",
				"parent": "bone",
				"pivot": [-6.5, 0, -0.5],
				"rotation": [0, -337.5, 0],
				"cubes": [
					{"origin": [-3.62298, 0.001, 2.55756], "size": [6, 1, 15], "uv": [0, 0]}
				]
			},
			{
				"name": "zhijia",
				"pivot": [0, 0.25, 0],
				"cubes": [
					{"origin": [-0.5, 0.25, -0.5], "size": [1, 11, 1], "uv": [28, 106], "inflate": -0.4},
					{"origin": [-1, 4.25, -1], "size": [2, 2, 2], "uv": [40, 121], "inflate": 0}
				]
			},
			{
				"name": "yRotationLowA",
				"parent": "zhijia",
				"pivot": [0, 5.35, 0]
			},
			{
				"name": "bone19",
				"parent": "yRotationLowA",
				"pivot": [0, 5.25, 0.5],
				"rotation": [90, 0, 0]
			},
			{
				"name": "bone21",
				"parent": "bone19",
				"pivot": [0, 5.25, 0.5],
				"cubes": [
					{"origin": [-0.5, 5.25, 3.01367], "size": [1, 1, 0], "uv": [26, 137]}
				]
			},
			{
				"name": "bone22",
				"parent": "bone19",
				"pivot": [0, 5.25, 0.5],
				"rotation": [0, -22.5, 0],
				"cubes": [
					{"origin": [-0.5, 5.25, 3.01367], "size": [1, 1, 0], "uv": [26, 136]}
				]
			},
			{
				"name": "bone23",
				"parent": "bone19",
				"pivot": [0, 5.25, 0.5],
				"rotation": [0, -45, 0],
				"cubes": [
					{"origin": [-0.5, 5.25, 3.01367], "size": [1, 1, 0], "uv": [24, 137]}
				]
			},
			{
				"name": "bone24",
				"parent": "bone19",
				"pivot": [0, 5.25, 0.5],
				"rotation": [0, -67.5, 0],
				"cubes": [
					{"origin": [-0.5, 5.25, 3.01367], "size": [1, 1, 0], "uv": [24, 136]}
				]
			},
			{
				"name": "bone25",
				"parent": "bone19",
				"pivot": [0, 5.25, 0.5],
				"rotation": [0, -90, 0],
				"cubes": [
					{"origin": [-0.5, 5.25, 3.01367], "size": [1, 1, 0], "uv": [22, 137]}
				]
			},
			{
				"name": "bone26",
				"parent": "bone19",
				"pivot": [0, 5.25, 0.5],
				"rotation": [0, -112.5, 0],
				"cubes": [
					{"origin": [-0.5, 5.25, 3.01367], "size": [1, 1, 0], "uv": [22, 136]}
				]
			},
			{
				"name": "bone27",
				"parent": "bone19",
				"pivot": [0, 5.25, 0.5],
				"rotation": [0, -135, 0],
				"cubes": [
					{"origin": [-0.5, 5.25, 3.01367], "size": [1, 1, 0], "uv": [20, 137]}
				]
			},
			{
				"name": "bone28",
				"parent": "bone19",
				"pivot": [0, 5.25, 0.5],
				"rotation": [0, -157.5, 0],
				"cubes": [
					{"origin": [-0.5, 5.25, 3.01367], "size": [1, 1, 0], "uv": [20, 136]}
				]
			},
			{
				"name": "bone29",
				"parent": "bone19",
				"pivot": [0, 5.25, 0.5],
				"rotation": [0, -180, 0],
				"cubes": [
					{"origin": [-0.5, 5.25, 3.01367], "size": [1, 1, 0], "uv": [18, 137]}
				]
			},
			{
				"name": "bone30",
				"parent": "bone19",
				"pivot": [0, 5.25, 0.5],
				"rotation": [0, -202.5, 0],
				"cubes": [
					{"origin": [-0.5, 5.25, 3.01367], "size": [1, 1, 0], "uv": [18, 136]}
				]
			},
			{
				"name": "bone31",
				"parent": "bone19",
				"pivot": [0, 5.25, 0.5],
				"rotation": [0, -225, 0],
				"cubes": [
					{"origin": [-0.5, 5.25, 3.01367], "size": [1, 1, 0], "uv": [16, 137]}
				]
			},
			{
				"name": "bone32",
				"parent": "bone19",
				"pivot": [0, 5.25, 0.5],
				"rotation": [0, -247.5, 0],
				"cubes": [
					{"origin": [-0.5, 5.25, 3.01367], "size": [1, 1, 0], "uv": [16, 136]}
				]
			},
			{
				"name": "bone33",
				"parent": "bone19",
				"pivot": [0, 5.25, 0.5],
				"rotation": [0, -270, 0],
				"cubes": [
					{"origin": [-0.5, 5.25, 3.01367], "size": [1, 1, 0], "uv": [14, 137]}
				]
			},
			{
				"name": "bone34",
				"parent": "bone19",
				"pivot": [0, 5.25, 0.5],
				"rotation": [0, -292.5, 0],
				"cubes": [
					{"origin": [-0.5, 5.25, 3.01367], "size": [1, 1, 0], "uv": [14, 136]}
				]
			},
			{
				"name": "bone35",
				"parent": "bone19",
				"pivot": [0, 5.25, 0.5],
				"rotation": [0, -315, 0],
				"cubes": [
					{"origin": [-0.5, 5.25, 3.01367], "size": [1, 1, 0], "uv": [12, 137]}
				]
			},
			{
				"name": "bone36",
				"parent": "bone19",
				"pivot": [0, 5.25, 0.5],
				"rotation": [0, -337.5, 0],
				"cubes": [
					{"origin": [-0.5, 5.25, 3.01367], "size": [1, 1, 0], "uv": [12, 136]}
				]
			},
			{
				"name": "bone20",
				"parent": "yRotationLowA",
				"pivot": [0.5, -19.1, -2],
				"rotation": [90, -15, 0]
			},
			{
				"name": "bone37",
				"parent": "bone20",
				"pivot": [0, -21.6, 22],
				"cubes": [
					{"origin": [-0.44344, -21.6, 25.79659], "size": [2, 1, 1], "uv": [84, 134], "inflate": -0.15}
				]
			},
			{
				"name": "bone38",
				"parent": "bone20",
				"pivot": [0, -21.6, 22],
				"rotation": [0, -22.5, 0],
				"cubes": [
					{"origin": [-0.34293, -21.6, 25.55518], "size": [2, 1, 1], "uv": [78, 134], "inflate": -0.15}
				]
			},
			{
				"name": "bone39",
				"parent": "bone20",
				"pivot": [0, -21.6, 22],
				"rotation": [0, -45, 0],
				"cubes": [
					{"origin": [-0.34245, -21.6, 25.29369], "size": [2, 1, 1], "uv": [72, 134], "inflate": -0.15}
				]
			},
			{
				"name": "bone40",
				"parent": "bone20",
				"pivot": [0, -21.6, 22],
				"rotation": [0, -67.5, 0],
				"cubes": [
					{"origin": [-0.44208, -21.6, 25.05192], "size": [2, 1, 1], "uv": [66, 134], "inflate": -0.15}
				]
			},
			{
				"name": "bone41",
				"parent": "bone20",
				"pivot": [0, -21.6, 22],
				"rotation": [0, -90, 0],
				"cubes": [
					{"origin": [-0.62665, -21.6, 24.86668], "size": [2, 1, 1], "uv": [60, 134], "inflate": -0.15}
				]
			},
			{
				"name": "bone42",
				"parent": "bone20",
				"pivot": [0, -21.6, 22],
				"rotation": [0, -112.5, 0],
				"cubes": [
					{"origin": [-0.86806, -21.6, 24.76617], "size": [2, 1, 1], "uv": [54, 134], "inflate": -0.15}
				]
			},
			{
				"name": "bone43",
				"parent": "bone20",
				"pivot": [0, -21.6, 22],
				"rotation": [0, -135, 0],
				"cubes": [
					{"origin": [-1.12955, -21.6, 24.76569], "size": [2, 1, 1], "uv": [48, 134], "inflate": -0.15}
				]
			},
			{
				"name": "bone44",
				"parent": "bone20",
				"pivot": [0, -21.6, 22],
				"rotation": [0, -157.5, 0],
				"cubes": [
					{"origin": [-1.37132, -21.6, 24.86532], "size": [2, 1, 1], "uv": [42, 134], "inflate": -0.15}
				]
			},
			{
				"name": "bone45",
				"parent": "bone20",
				"pivot": [0, -21.6, 22],
				"rotation": [0, -180, 0],
				"cubes": [
					{"origin": [-1.55656, -21.6, 25.04989], "size": [2, 1, 1], "uv": [36, 134], "inflate": -0.15}
				]
			},
			{
				"name": "bone46",
				"parent": "bone20",
				"pivot": [0, -21.6, 22],
				"rotation": [0, -202.5, 0],
				"cubes": [
					{"origin": [-1.65707, -21.6, 25.29129], "size": [2, 1, 1], "uv": [30, 134], "inflate": -0.15}
				]
			},
			{
				"name": "bone47",
				"parent": "bone20",
				"pivot": [0, -21.6, 22],
				"rotation": [0, -225, 0],
				"cubes": [
					{"origin": [-1.65755, -21.6, 25.55279], "size": [2, 1, 1], "uv": [24, 134], "inflate": -0.15}
				]
			},
			{
				"name": "bone48",
				"parent": "bone20",
				"pivot": [0, -21.6, 22],
				"rotation": [0, -247.5, 0],
				"cubes": [
					{"origin": [-1.55792, -21.6, 25.79456], "size": [2, 1, 1], "uv": [18, 134], "inflate": -0.15}
				]
			},
			{
				"name": "bone49",
				"parent": "bone20",
				"pivot": [0, -21.6, 22],
				"rotation": [0, -270, 0],
				"cubes": [
					{"origin": [-1.37335, -21.6, 25.9798], "size": [2, 1, 1], "uv": [12, 134], "inflate": -0.15}
				]
			},
			{
				"name": "bone50",
				"parent": "bone20",
				"pivot": [0, -21.6, 22],
				"rotation": [0, -292.5, 0],
				"cubes": [
					{"origin": [-1.13194, -21.6, 26.08031], "size": [2, 1, 1], "uv": [6, 134], "inflate": -0.15}
				]
			},
			{
				"name": "bone51",
				"parent": "bone20",
				"pivot": [0, -21.6, 22],
				"rotation": [0, -315, 0],
				"cubes": [
					{"origin": [-0.87045, -21.6, 26.08079], "size": [2, 1, 1], "uv": [0, 134], "inflate": -0.15}
				]
			},
			{
				"name": "bone52",
				"parent": "bone20",
				"pivot": [0, -21.6, 22],
				"rotation": [0, -337.5, 0],
				"cubes": [
					{"origin": [-0.62868, -21.6, 25.98116], "size": [2, 1, 1], "uv": [96, 132], "inflate": -0.15}
				]
			},
			{
				"name": "bone53",
				"parent": "yRotationLowA",
				"pivot": [2.5, -19.1, -0.6],
				"rotation": [90, -90, 0]
			},
			{
				"name": "bone54",
				"parent": "bone53",
				"pivot": [2, -21.6, 23.4],
				"cubes": [
					{"origin": [2.1, -22.04344, 27.19659], "size": [2, 1, 1], "uv": [90, 132], "inflate": -0.15}
				]
			},
			{
				"name": "bone55",
				"parent": "bone53",
				"pivot": [2, -21.6, 23.4],
				"rotation": [0, -22.5, 0],
				"cubes": [
					{"origin": [2.15914, -22.04344, 26.74722], "size": [2, 1, 1], "uv": [84, 132], "inflate": -0.15}
				]
			},
			{
				"name": "bone56",
				"parent": "bone53",
				"pivot": [2, -21.6, 23.4],
				"rotation": [0, -45, 0],
				"cubes": [
					{"origin": [2.04182, -22.04344, 26.30942], "size": [2, 1, 1], "uv": [78, 132], "inflate": -0.15}
				]
			},
			{
				"name": "bone57",
				"parent": "bone53",
				"pivot": [2, -21.6, 23.4],
				"rotation": [0, -67.5, 0],
				"cubes": [
					{"origin": [1.76588, -22.04344, 25.94985], "size": [2, 1, 1], "uv": [72, 132], "inflate": -0.15}
				]
			},
			{
				"name": "bone58",
				"parent": "bone53",
				"pivot": [2, -21.6, 23.4],
				"rotation": [0, -90, 0],
				"cubes": [
					{"origin": [1.37335, -22.04344, 25.72324], "size": [2, 1, 1], "uv": [66, 132], "inflate": -0.15}
				]
			},
			{
				"name": "bone59",
				"parent": "bone53",
				"pivot": [2, -21.6, 23.4],
				"rotation": [0, -112.5, 0],
				"cubes": [
					{"origin": [0.92398, -22.04344, 25.6641], "size": [2, 1, 1], "uv": [60, 132], "inflate": -0.15}
				]
			},
			{
				"name": "bone60",
				"parent": "bone53",
				"pivot": [2, -21.6, 23.4],
				"rotation": [0, -135, 0],
				"cubes": [
					{"origin": [0.48618, -22.04344, 25.78142], "size": [2, 1, 1], "uv": [54, 132], "inflate": -0.15}
				]
			},
			{
				"name": "bone61",
				"parent": "bone53",
				"pivot": [2, -21.6, 23.4],
				"rotation": [0, -157.5, 0],
				"cubes": [
					{"origin": [0.12661, -22.04344, 26.05736], "size": [2, 1, 1], "uv": [48, 132], "inflate": -0.15}
				]
			},
			{
				"name": "bone62",
				"parent": "bone53",
				"pivot": [2, -21.6, 23.4],
				"rotation": [0, -180, 0],
				"cubes": [
					{"origin": [-0.1, -22.04344, 26.44989], "size": [2, 1, 1], "uv": [42, 132], "inflate": -0.15}
				]
			},
			{
				"name": "bone63",
				"parent": "bone53",
				"pivot": [2, -21.6, 23.4],
				"rotation": [0, -202.5, 0],
				"cubes": [
					{"origin": [-0.15914, -22.04344, 26.89926], "size": [2, 1, 1], "uv": [36, 132], "inflate": -0.15}
				]
			},
			{
				"name": "bone64",
				"parent": "bone53",
				"pivot": [2, -21.6, 23.4],
				"rotation": [0, -225, 0],
				"cubes": [
					{"origin": [-0.04182, -22.04344, 27.33706], "size": [2, 1, 1], "uv": [30, 132], "inflate": -0.15}
				]
			},
			{
				"name": "bone65",
				"parent": "bone53",
				"pivot": [2, -21.6, 23.4],
				"rotation": [0, -247.5, 0],
				"cubes": [
					{"origin": [0.23412, -22.04344, 27.69663], "size": [2, 1, 1], "uv": [24, 132], "inflate": -0.15}
				]
			},
			{
				"name": "bone66",
				"parent": "bone53",
				"pivot": [2, -21.6, 23.4],
				"rotation": [0, -270, 0],
				"cubes": [
					{"origin": [0.62665, -22.04344, 27.92324], "size": [2, 1, 1], "uv": [18, 132], "inflate": -0.15}
				]
			},
			{
				"name": "bone67",
				"parent": "bone53",
				"pivot": [2, -21.6, 23.4],
				"rotation": [0, -292.5, 0],
				"cubes": [
					{"origin": [1.07602, -22.04344, 27.98238], "size": [2, 1, 1], "uv": [12, 132], "inflate": -0.15}
				]
			},
			{
				"name": "bone68",
				"parent": "bone53",
				"pivot": [2, -21.6, 23.4],
				"rotation": [0, -315, 0],
				"cubes": [
					{"origin": [1.51382, -22.04344, 27.86505], "size": [2, 1, 1], "uv": [6, 132], "inflate": -0.15}
				]
			},
			{
				"name": "bone69",
				"parent": "bone53",
				"pivot": [2, -21.6, 23.4],
				"rotation": [0, -337.5, 0],
				"cubes": [
					{"origin": [1.87339, -22.04344, 27.58912], "size": [2, 1, 1], "uv": [0, 132], "inflate": -0.15}
				]
			},
			{
				"name": "bone70",
				"parent": "yRotationLowA",
				"pivot": [-17.55, -16.65, -4.5],
				"rotation": [150, -40, 35]
			},
			{
				"name": "bone71",
				"parent": "bone70",
				"pivot": [-18.05, -19.15, 19.5],
				"cubes": [
					{"origin": [-14.24577, -42.74241, 10.97298], "size": [2, 1, 1], "uv": [96, 130], "inflate": -0.15}
				]
			},
			{
				"name": "bone72",
				"parent": "bone70",
				"pivot": [-18.05, -19.15, 19.5],
				"rotation": [0, -22.5, 0],
				"cubes": [
					{"origin": [-19.18463, -42.74241, 10.04414], "size": [2, 1, 1], "uv": [90, 130], "inflate": -0.15}
				]
			},
			{
				"name": "bone73",
				"parent": "bone70",
				"pivot": [-18.05, -19.15, 19.5],
				"rotation": [0, -45, 0],
				"cubes": [
					{"origin": [-24.103, -42.74241, 11.07602], "size": [2, 1, 1], "uv": [84, 130], "inflate": -0.15}
				]
			},
			{
				"name": "bone74",
				"parent": "bone70",
				"pivot": [-18.05, -19.15, 19.5],
				"rotation": [0, -67.5, 0],
				"cubes": [
					{"origin": [-28.2521, -42.74241, 13.91154], "size": [2, 1, 1], "uv": [78, 130], "inflate": -0.15}
				]
			},
			{
				"name": "bone75",
				"parent": "bone70",
				"pivot": [-18.05, -19.15, 19.5],
				"rotation": [0, -90, 0],
				"cubes": [
					{"origin": [-31.00026, -42.74241, 18.119], "size": [2, 1, 1], "uv": [72, 130], "inflate": -0.15}
				]
			},
			{
				"name": "bone76",
				"parent": "bone70",
				"pivot": [-18.05, -19.15, 19.5],
				"rotation": [0, -112.5, 0],
				"cubes": [
					{"origin": [-31.9291, -42.74241, 23.05787], "size": [2, 1, 1], "uv": [66, 130], "inflate": -0.15}
				]
			},
			{
				"name": "bone77",
				"parent": "bone70",
				"pivot": [-18.05, -19.15, 19.5],
				"rotation": [0, -135, 0],
				"cubes": [
					{"origin": [-30.89722, -42.74241, 27.97624], "size": [2, 1, 1], "uv": [60, 130], "inflate": -0.15}
				]
			},
			{
				"name": "bone78",
				"parent": "bone70",
				"pivot": [-18.05, -19.15, 19.5],
				"rotation": [0, -157.5, 0],
				"cubes": [
					{"origin": [-28.0617, -42.74241, 32.12534], "size": [2, 1, 1], "uv": [54, 130], "inflate": -0.15}
				]
			},
			{
				"name": "bone79",
				"parent": "bone70",
				"pivot": [-18.05, -19.15, 19.5],
				"rotation": [0, -180, 0],
				"cubes": [
					{"origin": [-23.85423, -42.74241, 34.8735], "size": [2, 1, 1], "uv": [48, 130], "inflate": -0.15}
				]
			},
			{
				"name": "bone80",
				"parent": "bone70",
				"pivot": [-18.05, -19.15, 19.5],
				"rotation": [0, -202.5, 0],
				"cubes": [
					{"origin": [-18.91537, -42.74241, 35.80234], "size": [2, 1, 1], "uv": [42, 130], "inflate": -0.15}
				]
			},
			{
				"name": "bone81",
				"parent": "bone70",
				"pivot": [-18.05, -19.15, 19.5],
				"rotation": [0, -225, 0],
				"cubes": [
					{"origin": [-13.997, -42.74241, 34.77045], "size": [2, 1, 1], "uv": [36, 130], "inflate": -0.15}
				]
			},
			{
				"name": "bone82",
				"parent": "bone70",
				"pivot": [-18.05, -19.15, 19.5],
				"rotation": [0, -247.5, 0],
				"cubes": [
					{"origin": [-9.8479, -42.74241, 31.93494], "size": [2, 1, 1], "uv": [30, 130], "inflate": -0.15}
				]
			},
			{
				"name": "bone83",
				"parent": "bone70",
				"pivot": [-18.05, -19.15, 19.5],
				"rotation": [0, -270, 0],
				"cubes": [
					{"origin": [-7.09974, -42.74241, 27.72747], "size": [2, 1, 1], "uv": [24, 130], "inflate": -0.15}
				]
			},
			{
				"name": "bone84",
				"parent": "bone70",
				"pivot": [-18.05, -19.15, 19.5],
				"rotation": [0, -292.5, 0],
				"cubes": [
					{"origin": [-6.1709, -42.74241, 22.78861], "size": [2, 1, 1], "uv": [18, 130], "inflate": -0.15}
				]
			},
			{
				"name": "bone85",
				"parent": "bone70",
				"pivot": [-18.05, -19.15, 19.5],
				"rotation": [0, -315, 0],
				"cubes": [
					{"origin": [-7.20278, -42.74241, 17.87024], "size": [2, 1, 1], "uv": [12, 130], "inflate": -0.15}
				]
			},
			{
				"name": "bone86",
				"parent": "bone70",
				"pivot": [-18.05, -19.15, 19.5],
				"rotation": [0, -337.5, 0],
				"cubes": [
					{"origin": [-10.0383, -42.74241, 13.72114], "size": [2, 1, 1], "uv": [6, 130], "inflate": -0.15}
				]
			},
			{
				"name": "bone87",
				"parent": "yRotationLowA",
				"pivot": [6.45, -8.45, 23.9],
				"rotation": [-145, 25, 0]
			},
			{
				"name": "bone88",
				"parent": "bone87",
				"pivot": [5.95, -10.95, 47.9],
				"cubes": [
					{"origin": [9.75423, -34.54241, 39.37298], "size": [2, 1, 1], "uv": [0, 130], "inflate": -0.15}
				]
			},
			{
				"name": "bone89",
				"parent": "bone87",
				"pivot": [5.95, -10.95, 47.9],
				"rotation": [0, -22.5, 0],
				"cubes": [
					{"origin": [4.81537, -34.54241, 38.44414], "size": [2, 1, 1], "uv": [96, 128], "inflate": -0.15}
				]
			},
			{
				"name": "bone90",
				"parent": "bone87",
				"pivot": [5.95, -10.95, 47.9],
				"rotation": [0, -45, 0],
				"cubes": [
					{"origin": [-0.103, -34.54241, 39.47602], "size": [2, 1, 1], "uv": [90, 128], "inflate": -0.15}
				]
			},
			{
				"name": "bone91",
				"parent": "bone87",
				"pivot": [5.95, -10.95, 47.9],
				"rotation": [0, -67.5, 0],
				"cubes": [
					{"origin": [-4.2521, -34.54241, 42.31154], "size": [2, 1, 1], "uv": [84, 128], "inflate": -0.15}
				]
			},
			{
				"name": "bone92",
				"parent": "bone87",
				"pivot": [5.95, -10.95, 47.9],
				"rotation": [0, -90, 0],
				"cubes": [
					{"origin": [-7.00026, -34.54241, 46.519], "size": [2, 1, 1], "uv": [78, 128], "inflate": -0.15}
				]
			},
			{
				"name": "bone93",
				"parent": "bone87",
				"pivot": [5.95, -10.95, 47.9],
				"rotation": [0, -112.5, 0],
				"cubes": [
					{"origin": [-7.9291, -34.54241, 51.45787], "size": [2, 1, 1], "uv": [72, 128], "inflate": -0.15}
				]
			},
			{
				"name": "bone94",
				"parent": "bone87",
				"pivot": [5.95, -10.95, 47.9],
				"rotation": [0, -135, 0],
				"cubes": [
					{"origin": [-6.89722, -34.54241, 56.37624], "size": [2, 1, 1], "uv": [66, 128], "inflate": -0.15}
				]
			},
			{
				"name": "bone95",
				"parent": "bone87",
				"pivot": [5.95, -10.95, 47.9],
				"rotation": [0, -157.5, 0],
				"cubes": [
					{"origin": [-4.0617, -34.54241, 60.52534], "size": [2, 1, 1], "uv": [60, 128], "inflate": -0.15}
				]
			},
			{
				"name": "bone96",
				"parent": "bone87",
				"pivot": [5.95, -10.95, 47.9],
				"rotation": [0, -180, 0],
				"cubes": [
					{"origin": [0.14577, -34.54241, 63.2735], "size": [2, 1, 1], "uv": [54, 128], "inflate": -0.15}
				]
			},
			{
				"name": "bone97",
				"parent": "bone87",
				"pivot": [5.95, -10.95, 47.9],
				"rotation": [0, -202.5, 0],
				"cubes": [
					{"origin": [5.08463, -34.54241, 64.20234], "size": [2, 1, 1], "uv": [48, 128], "inflate": -0.15}
				]
			},
			{
				"name": "bone98",
				"parent": "bone87",
				"pivot": [5.95, -10.95, 47.9],
				"rotation": [0, -225, 0],
				"cubes": [
					{"origin": [10.003, -34.54241, 63.17045], "size": [2, 1, 1], "uv": [42, 128], "inflate": -0.15}
				]
			},
			{
				"name": "bone99",
				"parent": "bone87",
				"pivot": [5.95, -10.95, 47.9],
				"rotation": [0, -247.5, 0],
				"cubes": [
					{"origin": [14.1521, -34.54241, 60.33494], "size": [2, 1, 1], "uv": [36, 128], "inflate": -0.15}
				]
			},
			{
				"name": "bone100",
				"parent": "bone87",
				"pivot": [5.95, -10.95, 47.9],
				"rotation": [0, -270, 0],
				"cubes": [
					{"origin": [16.90026, -34.54241, 56.12747], "size": [2, 1, 1], "uv": [30, 128], "inflate": -0.15}
				]
			},
			{
				"name": "bone101",
				"parent": "bone87",
				"pivot": [5.95, -10.95, 47.9],
				"rotation": [0, -292.5, 0],
				"cubes": [
					{"origin": [17.8291, -34.54241, 51.18861], "size": [2, 1, 1], "uv": [24, 128], "inflate": -0.15}
				]
			},
			{
				"name": "bone102",
				"parent": "bone87",
				"pivot": [5.95, -10.95, 47.9],
				"rotation": [0, -315, 0],
				"cubes": [
					{"origin": [16.79722, -34.54241, 46.27024], "size": [2, 1, 1], "uv": [18, 128], "inflate": -0.15}
				]
			},
			{
				"name": "bone103",
				"parent": "bone87",
				"pivot": [5.95, -10.95, 47.9],
				"rotation": [0, -337.5, 0],
				"cubes": [
					{"origin": [13.9617, -34.54241, 42.12114], "size": [2, 1, 1], "uv": [12, 128], "inflate": -0.15}
				]
			},
			{
				"name": "moon",
				"pivot": [0, 21.75, 0.5]
			},
			{
				"name": "yue",
				"parent": "moon",
				"pivot": [0, 21, 0.5],
				"rotation": [90, 0, 0]
			},
			{
				"name": "bone104",
				"parent": "yue",
				"pivot": [-8.75, 21, 1.5]
			},
			{
				"name": "bone105",
				"parent": "bone104",
				"pivot": [-8.75, 21, 1.5],
				"cubes": [
					{"origin": [-3.33389, 21, 12.55128], "size": [5, 1, 3], "uv": [0, 101]}
				]
			},
			{
				"name": "bone106",
				"parent": "bone104",
				"pivot": [-8.75, 21, 1.5],
				"rotation": [0, -22.5, 0],
				"cubes": [
					{"origin": [-3.36897, 21, 9.40904], "size": [5, 1, 3], "uv": [102, 96]}
				]
			},
			{
				"name": "bone107",
				"parent": "bone104",
				"pivot": [-8.75, 21, 1.5],
				"rotation": [0, -45, 0],
				"cubes": [
					{"origin": [-3.60387, 21, 7.51941], "size": [4, 1, 2], "uv": [96, 118]}
				]
			},
			{
				"name": "bone108",
				"parent": "bone104",
				"pivot": [-8.75, 21, 1.5],
				"rotation": [0, -67.5, 0],
				"cubes": [
					{"origin": [-4.9267, 21, 5.93963], "size": [4, 1, 1], "uv": [30, 125]}
				]
			},
			{
				"name": "bone109",
				"parent": "bone104",
				"pivot": [-8.75, 21, 1.5],
				"rotation": [0, -90, 0]
			},
			{
				"name": "bone110",
				"parent": "bone104",
				"pivot": [-8.75, 21, 1.5],
				"rotation": [0, -112.5, 0],
				"cubes": [
					{"origin": [-13.83319, 21, 4.80464], "size": [4, 1, 1], "uv": [30, 123]}
				]
			},
			{
				"name": "bone111",
				"parent": "bone104",
				"pivot": [-8.75, 21, 1.5],
				"rotation": [0, -135, 0],
				"cubes": [
					{"origin": [-15.79894, 21, 5.42222], "size": [4, 1, 2], "uv": [84, 118]}
				]
			},
			{
				"name": "bone112",
				"parent": "bone104",
				"pivot": [-8.75, 21, 1.5],
				"rotation": [0, -157.5, 0],
				"cubes": [
					{"origin": [-17.99603, 21, 6.66893], "size": [5, 1, 3], "uv": [86, 96]}
				]
			},
			{
				"name": "bone113",
				"parent": "bone104",
				"pivot": [-8.75, 21, 1.5],
				"rotation": [0, -180, 0],
				"cubes": [
					{"origin": [-19.16611, 21, 9.58541], "size": [5, 1, 3], "uv": [70, 96]}
				]
			},
			{
				"name": "bone114",
				"parent": "bone104",
				"pivot": [-8.75, 21, 1.5],
				"rotation": [0, -202.5, 0],
				"cubes": [
					{"origin": [-19.13103, 21, 11.72766], "size": [5, 1, 4], "uv": [36, 96]}
				]
			},
			{
				"name": "bone115",
				"parent": "bone104",
				"pivot": [-8.75, 21, 1.5],
				"rotation": [0, -225, 0],
				"cubes": [
					{"origin": [-17.89613, 21, 14.61729], "size": [5, 1, 4], "uv": [18, 96]}
				]
			},
			{
				"name": "bone116",
				"parent": "bone104",
				"pivot": [-8.75, 21, 1.5],
				"rotation": [0, -247.5, 0],
				"cubes": [
					{"origin": [-15.64942, 21, 16.81438], "size": [5, 1, 4], "uv": [0, 96]}
				]
			},
			{
				"name": "bone117",
				"parent": "bone104",
				"pivot": [-8.75, 21, 1.5],
				"rotation": [0, -270, 0],
				"cubes": [
					{"origin": [-12.73294, 21, 17.98446], "size": [5, 1, 4], "uv": [60, 80]}
				]
			},
			{
				"name": "bone118",
				"parent": "bone104",
				"pivot": [-8.75, 21, 1.5],
				"rotation": [0, -292.5, 0],
				"cubes": [
					{"origin": [-9.59069, 21, 17.94937], "size": [5, 1, 4], "uv": [42, 90]}
				]
			},
			{
				"name": "bone119",
				"parent": "bone104",
				"pivot": [-8.75, 21, 1.5],
				"rotation": [0, -315, 0],
				"cubes": [
					{"origin": [-6.70106, 21, 16.71448], "size": [5, 1, 4], "uv": [42, 85]}
				]
			},
			{
				"name": "bone120",
				"parent": "bone104",
				"pivot": [-8.75, 21, 1.5],
				"rotation": [0, -337.5, 0],
				"cubes": [
					{"origin": [-4.50397, 21, 14.46777], "size": [5, 1, 4], "uv": [42, 80]}
				]
			},
			{
				"name": "bone138",
				"parent": "yue",
				"pivot": [-10.75, 21, -1]
			},
			{
				"name": "bone139",
				"parent": "bone138",
				"pivot": [-10.75, 21, -1],
				"cubes": [
					{"origin": [-5.33389, 21, 11.55128], "size": [6, 1, 2], "uv": [46, 101]}
				]
			},
			{
				"name": "bone140",
				"parent": "bone138",
				"pivot": [-10.75, 21, -1],
				"rotation": [0, -22.5, 0],
				"cubes": [
					{"origin": [-4.36897, 21, 7.90904], "size": [5, 1, 2], "uv": [90, 101]}
				]
			},
			{
				"name": "bone141",
				"parent": "bone138",
				"pivot": [-10.75, 21, -1],
				"rotation": [0, -45, 0],
				"cubes": [
					{"origin": [-4.67999, 21, 4.63673], "size": [4, 1, 2], "uv": [72, 118]}
				]
			},
			{
				"name": "bone157",
				"parent": "bone138",
				"pivot": [-4.67999, 21.5, 5.13673],
				"rotation": [0, -55, 0],
				"cubes": [
					{"origin": [-7.23192, 21, 11.08615], "size": [2, 1, 1], "uv": [0, 128]}
				]
			},
			{
				"name": "bone142",
				"parent": "bone138",
				"pivot": [-10.75, 21, -1],
				"rotation": [0, -67.5, 0]
			},
			{
				"name": "bone143",
				"parent": "bone138",
				"pivot": [-10.75, 21, -1],
				"rotation": [0, -90, 0]
			},
			{
				"name": "bone144",
				"parent": "bone138",
				"pivot": [-10.75, 21, -1],
				"rotation": [0, -112.5, 0]
			},
			{
				"name": "bone145",
				"parent": "bone138",
				"pivot": [-10.75, 21, -1],
				"rotation": [0, -135, 0],
				"cubes": [
					{"origin": [-15.16795, 21, -1.01533], "size": [4, 1, 2], "uv": [60, 118]}
				]
			},
			{
				"name": "bone156",
				"parent": "bone138",
				"pivot": [-10.75, 21, -1],
				"rotation": [0, -125, 0],
				"cubes": [
					{"origin": [-12.15894, 21, -1.08767], "size": [2, 1, 1], "uv": [6, 128]}
				]
			},
			{
				"name": "bone146",
				"parent": "bone138",
				"pivot": [-10.75, 21, -1],
				"rotation": [0, -157.5, 0],
				"cubes": [
					{"origin": [-19.07216, 21, 0.52428], "size": [5, 1, 2], "uv": [76, 101]}
				]
			},
			{
				"name": "bone147",
				"parent": "bone138",
				"pivot": [-10.75, 21, -1],
				"rotation": [0, -180, 0],
				"cubes": [
					{"origin": [-22.16611, 21, 3.05807], "size": [6, 1, 2], "uv": [30, 101]}
				]
			},
			{
				"name": "bone148",
				"parent": "bone138",
				"pivot": [-10.75, 21, -1],
				"rotation": [0, -202.5, 0],
				"cubes": [
					{"origin": [-22.0549, 21, 6.583], "size": [4, 1, 2], "uv": [48, 118]}
				]
			},
			{
				"name": "bone149",
				"parent": "bone138",
				"pivot": [-10.75, 21, -1],
				"rotation": [0, -225, 0],
				"cubes": [
					{"origin": [-21.52711, 21, 10.17974], "size": [4, 1, 2], "uv": [36, 118]}
				]
			},
			{
				"name": "bone150",
				"parent": "bone138",
				"pivot": [-10.75, 21, -1],
				"rotation": [0, -247.5, 0],
				"cubes": [
					{"origin": [-19.66309, 21, 13.30071], "size": [4, 1, 2], "uv": [24, 118]}
				]
			},
			{
				"name": "bone151",
				"parent": "bone138",
				"pivot": [-10.75, 21, -1],
				"rotation": [0, -270, 0],
				"cubes": [
					{"origin": [-16.74661, 21, 15.47079], "size": [4, 1, 2], "uv": [12, 118]}
				]
			},
			{
				"name": "bone152",
				"parent": "bone138",
				"pivot": [-10.75, 21, -1],
				"rotation": [0, -292.5, 0],
				"cubes": [
					{"origin": [-13.22168, 21, 16.35958], "size": [4, 1, 2], "uv": [0, 118]}
				]
			},
			{
				"name": "bone153",
				"parent": "bone138",
				"pivot": [-10.75, 21, -1],
				"rotation": [0, -315, 0],
				"cubes": [
					{"origin": [-10.62494, 21, 15.83179], "size": [5, 1, 2], "uv": [62, 101]}
				]
			},
			{
				"name": "bone154",
				"parent": "bone138",
				"pivot": [-10.75, 21, -1],
				"rotation": [0, -337.5, 0],
				"cubes": [
					{"origin": [-7.42784, 21, 14.35045], "size": [4, 1, 2], "uv": [32, 106]}
				]
			},
			{
				"name": "bone121",
				"parent": "yue",
				"pivot": [-5.8, 21, 5.25]
			},
			{
				"name": "bone122",
				"parent": "bone121",
				"pivot": [-5.8, 21, 5.25]
			},
			{
				"name": "bone123",
				"parent": "bone121",
				"pivot": [-5.8, 21, 5.25],
				"rotation": [0, -22.5, 0]
			},
			{
				"name": "bone124",
				"parent": "bone121",
				"pivot": [-5.8, 21, 5.25],
				"rotation": [0, -45, 0]
			},
			{
				"name": "bone125",
				"parent": "bone121",
				"pivot": [-5.8, 21, 5.25],
				"rotation": [0, -67.5, 0]
			},
			{
				"name": "bone126",
				"parent": "bone121",
				"pivot": [-5.8, 21, 5.25],
				"rotation": [0, -90, 0]
			},
			{
				"name": "bone127",
				"parent": "bone121",
				"pivot": [-5.8, 21, 5.25],
				"rotation": [0, -112.5, 0]
			},
			{
				"name": "bone128",
				"parent": "bone121",
				"pivot": [-5.8, 21, 5.25],
				"rotation": [0, -135, 0]
			},
			{
				"name": "bone129",
				"parent": "bone121",
				"pivot": [-5.8, 21, 5.25],
				"rotation": [0, -157.5, 0]
			},
			{
				"name": "bone130",
				"parent": "bone121",
				"pivot": [-5.8, 21, 5.25],
				"rotation": [0, -180, 0]
			},
			{
				"name": "bone131",
				"parent": "bone121",
				"pivot": [-5.8, 21, 5.25],
				"rotation": [0, -202.5, 0],
				"cubes": [
					{"origin": [-12.93838, 21, 21.505], "size": [4, 1, 4], "uv": [54, 96], "inflate": 0.1}
				]
			},
			{
				"name": "bone132",
				"parent": "bone121",
				"pivot": [-5.8, 21, 5.25],
				"rotation": [0, -225, 0],
				"cubes": [
					{"origin": [-11.02644, 21, 23.77104], "size": [4, 1, 1], "uv": [30, 121]},
					{"origin": [-11.55677, 21, 25.24071], "size": [4, 1, 1], "uv": [20, 125]}
				]
			},
			{
				"name": "bone155",
				"parent": "bone121",
				"pivot": [-5.8, 21, 5.25],
				"rotation": [0, -225, 0],
				"cubes": [
					{"origin": [-7.64376, 21, 22.69492], "size": [3, 1, 4], "uv": [16, 101], "inflate": 0.1}
				]
			},
			{
				"name": "bone133",
				"parent": "bone121",
				"pivot": [-5.8, 21, 5.25],
				"rotation": [0, -247.5, 0],
				"cubes": [
					{"origin": [-8.77554, 21, 24.20904], "size": [6, 1, 1], "uv": [14, 106]},
					{"origin": [-4.73727, 21, 23.11665], "size": [1, 1, 3], "uv": [0, 123], "inflate": -0.1},
					{"origin": [-9.08576, 21, 25.84591], "size": [6, 1, 1], "uv": [0, 108]}
				]
			},
			{
				"name": "bone134",
				"parent": "bone121",
				"pivot": [-5.8, 21, 5.25],
				"rotation": [0, -270, 0],
				"cubes": [
					{"origin": [-6.52836, 21, 23.75232], "size": [6, 1, 1], "uv": [0, 116]},
					{"origin": [-5.52836, 21, 22.55232], "size": [1, 1, 3], "uv": [0, 123], "inflate": -0.1},
					{"origin": [-6.57125, 21, 25.45942], "size": [6, 1, 1], "uv": [0, 106]}
				]
			},
			{
				"name": "bone135",
				"parent": "bone121",
				"pivot": [-5.8, 21, 5.25],
				"rotation": [0, -292.5, 0],
				"cubes": [
					{"origin": [-4.62702, 21, 22.4704], "size": [6, 1, 1], "uv": [0, 114]},
					{"origin": [-4.39605, 21, 24.1401], "size": [6, 1, 1], "uv": [90, 104]}
				]
			},
			{
				"name": "bone136",
				"parent": "bone121",
				"pivot": [-5.8, 21, 5.25],
				"rotation": [0, -315, 0],
				"cubes": [
					{"origin": [-3.36098, 21, 20.55846], "size": [6, 1, 1], "uv": [0, 112]},
					{"origin": [0.63902, 21, 19.55846], "size": [1, 1, 3], "uv": [0, 123], "inflate": -0.1},
					{"origin": [-1.89131, 21, 22.08879], "size": [5, 1, 1], "uv": [0, 121]}
				]
			},
			{
				"name": "bone137",
				"parent": "bone121",
				"pivot": [-5.8, 21, 5.25],
				"rotation": [0, -337.5, 0],
				"cubes": [
					{"origin": [-2.92298, 21, 18.30756], "size": [6, 1, 1], "uv": [0, 110]}
				]
			},
			{
				"name": "sp",
				"parent": "yue",
				"pivot": [0, 22, -20],
				"rotation": [-90, 0, 0]
			},
			{
				"name": "shiping",
				"parent": "sp",
				"pivot": [0, 22, -20],
				"cubes": [
					{"origin": [-7, 47, -20], "size": [1, 6, 1], "uv": [56, 121], "inflate": -0.4}
				]
			},
			{
				"name": "bone158",
				"parent": "shiping",
				"pivot": [-6.5, 47.5, -19.5],
				"rotation": [-45, -45, 45],
				"cubes": [
					{"origin": [-7, 47, -20], "size": [1, 1, 1], "uv": [8, 136], "inflate": -0.2}
				]
			},
			{
				"name": "bone159",
				"parent": "shiping",
				"pivot": [-6.5, 50.5, -19.5],
				"rotation": [-45, -45, 45],
				"cubes": [
					{"origin": [-6.5, 49.14645, -19.85355], "size": [1, 1, 1], "uv": [4, 136], "inflate": -0.3}
				]
			},
			{
				"name": "shiping2",
				"parent": "sp",
				"pivot": [4.5, 24, -20],
				"cubes": [
					{"origin": [-2.5, 49, -20], "size": [1, 6, 1], "uv": [52, 121], "inflate": -0.4}
				]
			},
			{
				"name": "bone160",
				"parent": "shiping2",
				"pivot": [-2, 49.5, -19.5],
				"rotation": [-45, -45, 45],
				"cubes": [
					{"origin": [-2.5, 49, -20], "size": [1, 1, 1], "uv": [0, 136], "inflate": -0.2}
				]
			},
			{
				"name": "bone161",
				"parent": "shiping2",
				"pivot": [-2, 52.5, -19.5],
				"rotation": [-45, -45, 45],
				"cubes": [
					{"origin": [-2, 51.14645, -19.85355], "size": [1, 1, 1], "uv": [98, 134], "inflate": -0.3}
				]
			},
			{
				"name": "shiping3",
				"parent": "sp",
				"pivot": [7, 23, -20],
				"cubes": [
					{"origin": [0, 48, -20], "size": [1, 6, 1], "uv": [48, 121], "inflate": -0.4}
				]
			},
			{
				"name": "bone162",
				"parent": "shiping3",
				"pivot": [0.5, 48.5, -19.5],
				"rotation": [-45, -45, 45],
				"cubes": [
					{"origin": [0, 48, -20], "size": [1, 1, 1], "uv": [94, 134], "inflate": -0.2}
				]
			},
			{
				"name": "bone163",
				"parent": "shiping3",
				"pivot": [0.5, 51.5, -19.5],
				"rotation": [-45, -45, 45],
				"cubes": [
					{"origin": [0.5, 50.14645, -19.85355], "size": [1, 1, 1], "uv": [90, 134], "inflate": -0.3}
				]
			}
		]
	}
}