{
	"format_version": "1.10.0",
	"geometry.model": {
		"texturewidth": 128,
		"textureheight": 128,
		"visible_bounds_width": 2,
		"visible_bounds_height": 2,
		"visible_bounds_offset": [0, 0, 0],
		"bones": [
			{
				"name": "head",
				"pivot": [0, 18, 0],
				"cubes": [
					{"origin": [-4, 18, -4], "size": [8, 8, 8], "uv": [0, 0]}
				]
			},
			{
				"name": "blink",
				"parent": "head",
				"pivot": [0, 18, 0],
				"cubes": [
					{"origin": [-4, 18, -4.001], "size": [8, 8, 0], "uv": [12, 28]}
				]
			},
			{
				"name": "bone15",
				"parent": "head",
				"pivot": [-1, 0.25, -7.5]
			},
			{
				"name": "bone",
				"parent": "bone15",
				"pivot": [-1, 0.25, -7.5]
			},
			{
				"name": "bone13",
				"parent": "bone",
				"pivot": [0, 24.25, -4],
				"cubes": [
					{"origin": [-0.5, 22.25, -4.49], "size": [1, 4, 1], "uv": [0, 88]}
				]
			},
			{
				"name": "bone2",
				"parent": "bone",
				"pivot": [-1.5, 24.25, -4],
				"rotation": [0, 0, -5],
				"cubes": [
					{"origin": [-1.30266, 22.18899, -4.5], "size": [1, 4, 1], "uv": [40, 83]}
				]
			},
			{
				"name": "bone4",
				"parent": "bone",
				"pivot": [-2.75, 24.25, -4],
				"rotation": [0, 0, 15],
				"cubes": [
					{"origin": [-3.48845, 22.1507, -4.25], "size": [1, 4, 1], "uv": [32, 83]}
				]
			},
			{
				"name": "bone11",
				"parent": "bone",
				"pivot": [-2, 24.25, -4],
				"rotation": [0, 0, 10],
				"cubes": [
					{"origin": [-2.73845, 22.1507, -4.249], "size": [1, 4, 1], "uv": [24, 83]}
				]
			},
			{
				"name": "bone5",
				"parent": "bone",
				"pivot": [-3.5, 24.25, -4],
				"rotation": [0, 0, 5],
				"cubes": [
					{"origin": [-4.06227, 20.2233, -4.249], "size": [1, 5, 2], "uv": [0, 115]}
				]
			},
			{
				"name": "bone9",
				"parent": "bone",
				"pivot": [-3.5, 19.25, -4],
				"rotation": [0, 0, -5],
				"cubes": [
					{"origin": [-4.14943, 18.26307, -4.15], "size": [1, 3, 1], "uv": [0, 97]},
					{"origin": [-5.14943, 17.21307, -5.15], "size": [3, 2, 3], "uv": [16, 45], "inflate": -0.8}
				]
			},
			{
				"name": "bone37",
				"parent": "bone9",
				"pivot": [-3.65, 17.25, -3.85],
				"rotation": [-10, 0, 0]
			},
			{
				"name": "bone34",
				"parent": "bone37",
				"pivot": [-4.00014, 17.58424, -4.25],
				"rotation": [0, 0, 30],
				"cubes": [
					{"origin": [-4.50014, 16.58424, -4.7499], "size": [1, 2, 1], "uv": [0, 107], "inflate": -0.4}
				]
			},
			{
				"name": "bone36",
				"parent": "bone37",
				"pivot": [-4.00014, 17.58424, -4.25],
				"rotation": [0, 0, 150],
				"cubes": [
					{"origin": [-4.96976, 16.97084, -4.7498], "size": [1, 2, 1], "uv": [30, 102], "inflate": -0.4}
				]
			},
			{
				"name": "bone35",
				"parent": "bone37",
				"pivot": [-3.09384, 17.16162, -4.25],
				"rotation": [0, 0, 90],
				"cubes": [
					{"origin": [-3.44684, 15.46871, -4.75], "size": [1, 2, 1], "uv": [34, 102], "inflate": -0.4}
				]
			},
			{
				"name": "bone29",
				"parent": "bone",
				"pivot": [-3.06422, 14.26903, -4],
				"cubes": [
					{"origin": [-4.06475, 13.29738, -4.15], "size": [1, 5, 1], "uv": [38, 60]}
				]
			},
			{
				"name": "bone3",
				"parent": "bone",
				"pivot": [1.2, 24.25, -4],
				"rotation": [0, 0, 5],
				"cubes": [
					{"origin": [0.31024, 22.19809, -4.5], "size": [1, 4, 1], "uv": [36, 83]}
				]
			},
			{
				"name": "bone6",
				"parent": "bone",
				"pivot": [2.5, 24.35, -4],
				"rotation": [0, 0, -10],
				"cubes": [
					{"origin": [2.33541, 22.14618, -4.25], "size": [1, 4, 1], "uv": [28, 83]}
				]
			},
			{
				"name": "bone12",
				"parent": "bone",
				"pivot": [1.75, 24.35, -4],
				"rotation": [0, 0, -5],
				"cubes": [
					{"origin": [1.58541, 22.14618, -4.249], "size": [1, 4, 1], "uv": [20, 83]}
				]
			},
			{
				"name": "bone7",
				"parent": "bone",
				"pivot": [3.45, 24.35, -4],
				"rotation": [0, 0, -5],
				"cubes": [
					{"origin": [3.11189, 20.24486, -4.249], "size": [1, 5, 2], "uv": [16, 60]}
				]
			},
			{
				"name": "bone10",
				"parent": "bone",
				"pivot": [3.45, 20.35, -4],
				"rotation": [0, 0, 5],
				"cubes": [
					{"origin": [3.24511, 18.21061, -4.15], "size": [1, 3, 1], "uv": [44, 93]},
					{"origin": [2.24511, 17.21061, -5.15], "size": [3, 2, 3], "uv": [16, 40], "inflate": -0.8}
				]
			},
			{
				"name": "bone38",
				"parent": "bone10",
				"pivot": [4.1, 17.25, -3.85],
				"rotation": [-10, 0, 0]
			},
			{
				"name": "bone39",
				"parent": "bone38",
				"pivot": [3.49986, 17.58424, -4.25],
				"rotation": [0, 0, 30],
				"cubes": [
					{"origin": [2.99986, 16.58424, -4.7498], "size": [1, 2, 1], "uv": [26, 102], "inflate": -0.4}
				]
			},
			{
				"name": "bone40",
				"parent": "bone38",
				"pivot": [3.49986, 17.58424, -4.25],
				"rotation": [0, 0, 150],
				"cubes": [
					{"origin": [2.53024, 16.97084, -4.7499], "size": [1, 2, 1], "uv": [22, 102], "inflate": -0.4}
				]
			},
			{
				"name": "bone41",
				"parent": "bone38",
				"pivot": [4.40616, 17.16162, -4.25],
				"rotation": [0, 0, 90],
				"cubes": [
					{"origin": [4.05316, 15.46871, -4.75], "size": [1, 2, 1], "uv": [18, 102], "inflate": -0.4}
				]
			},
			{
				"name": "bone30",
				"parent": "bone",
				"pivot": [3.01422, 15.36903, -4],
				"cubes": [
					{"origin": [3.05943, 13.23661, -4.15], "size": [1, 5, 1], "uv": [34, 60]}
				]
			},
			{
				"name": "bone14",
				"parent": "bone15",
				"pivot": [7.5, 0, -0.5],
				"cubes": [
					{"origin": [-3.5, 19, 3.5], "size": [7, 3, 1], "uv": [46, 28]},
					{"origin": [-4.5, 19, -2.5], "size": [1, 4, 6], "uv": [22, 16]},
					{"origin": [3.5, 19, -2.5], "size": [1, 4, 6], "uv": [36, 16]}
				]
			},
			{
				"name": "bone16",
				"parent": "bone15",
				"pivot": [-1.57143, 15.17143, 0.57143],
				"rotation": [0, 10, 0],
				"cubes": [
					{"origin": [-4.75, 17.6, 2.75], "size": [1, 3, 1], "uv": [40, 93]},
					{"origin": [-4.75, 15.8, 2.75], "size": [1, 2, 1], "uv": [24, 107], "inflate": -0.15}
				]
			},
			{
				"name": "bone17",
				"parent": "bone16",
				"pivot": [-4.25, 15.9, 3.35],
				"rotation": [10, 0, -5],
				"cubes": [
					{"origin": [-4.55076, 12.88283, 2.84697], "size": [1, 4, 1], "uv": [16, 83]}
				]
			},
			{
				"name": "bone19",
				"parent": "bone16",
				"pivot": [-5, 14.9, 3.35],
				"rotation": [10, 0, -5],
				"cubes": [
					{"origin": [-5.45127, 13.05939, 3.05443], "size": [1, 2, 1], "uv": [20, 107]}
				]
			},
			{
				"name": "bone20",
				"parent": "bone16",
				"pivot": [-5.90631, 15.32262, 3.35],
				"rotation": [10, -5, 25],
				"cubes": [
					{"origin": [-5.3805, 15.2305, 2.96596], "size": [1, 2, 1], "uv": [16, 107]}
				]
			},
			{
				"name": "bone18",
				"parent": "bone16",
				"pivot": [-4.25, 13.9, 3.6],
				"rotation": [5, 0, 5],
				"cubes": [
					{"origin": [-4.23472, 8.10885, 3.29705], "size": [1, 5, 1], "uv": [0, 67]}
				]
			},
			{
				"name": "bone32",
				"parent": "bone16",
				"pivot": [-4.60185, 8.93798, 4.10454],
				"rotation": [5, 0, 25],
				"cubes": [
					{"origin": [-4.47358, 7.50781, 3.76415], "size": [1, 1, 1], "uv": [4, 113]}
				]
			},
			{
				"name": "bone21",
				"parent": "bone16",
				"pivot": [-5.24619, 13.98716, 3.6],
				"rotation": [5, 0, -10],
				"cubes": [
					{"origin": [-5.4421, 9.13529, 3.29174], "size": [1, 4, 1], "uv": [12, 83]}
				]
			},
			{
				"name": "bone22",
				"parent": "bone15",
				"pivot": [6.77857, 15.17143, 2.07143],
				"rotation": [0, -10, 0],
				"cubes": [
					{"origin": [3.6, 17.6, 3.75], "size": [1, 3, 1], "uv": [36, 93]},
					{"origin": [3.6, 15.8, 3.75], "size": [1, 2, 1], "uv": [12, 107], "inflate": -0.15}
				]
			},
			{
				"name": "bone28",
				"parent": "bone22",
				"pivot": [4.27857, 15.02143, 4.07143],
				"rotation": [0, 180, 0]
			},
			{
				"name": "bone23",
				"parent": "bone28",
				"pivot": [4.35, 15.75, 4.25],
				"rotation": [-10, 0, -5],
				"cubes": [
					{"origin": [4.04924, 12.81966, 3.25457], "size": [1, 4, 1], "uv": [8, 83]}
				]
			},
			{
				"name": "bone27",
				"parent": "bone28",
				"pivot": [3.35381, 13.83716, 4.5],
				"rotation": [-5, 0, -10],
				"cubes": [
					{"origin": [3.1729, 9.071, 2.82123], "size": [1, 4, 1], "uv": [4, 83]}
				]
			},
			{
				"name": "bone26",
				"parent": "bone28",
				"pivot": [4.35, 13.75, 4.5],
				"rotation": [-5, 0, 5],
				"cubes": [
					{"origin": [4.33541, 8.0426, 2.81609], "size": [1, 5, 1], "uv": [42, 60]}
				]
			},
			{
				"name": "bone33",
				"parent": "bone28",
				"pivot": [4.83541, 7.5426, 3.31609],
				"rotation": [-5, 0, 25],
				"cubes": [
					{"origin": [3.59252, 7.00695, 2.28065], "size": [1, 1, 1], "uv": [4, 111]}
				]
			},
			{
				"name": "bone25",
				"parent": "bone28",
				"pivot": [2.69369, 15.17262, 4.25],
				"rotation": [-10, 5, 25],
				"cubes": [
					{"origin": [3.17527, 15.14363, 3.13399], "size": [1, 2, 1], "uv": [4, 107]}
				]
			},
			{
				"name": "bone24",
				"parent": "bone28",
				"pivot": [3.6, 14.75, 4.25],
				"rotation": [-10, 0, -5],
				"cubes": [
					{"origin": [3.14873, 12.99621, 3.04711], "size": [1, 2, 1], "uv": [8, 107]}
				]
			},
			{
				"name": "armRight",
				"pivot": [-2, 17.5, 0],
				"rotation": [0, 0, 25],
				"cubes": [
					{"origin": [-4, 8.5, -1], "size": [2, 8, 2], "uv": [8, 40]},
					{"origin": [-4, 14.5, -1], "size": [2, 1, 2], "uv": [22, 63], "inflate": 0.1},
					{"origin": [-4.5, 14.5, -1.5], "size": [3, 1, 3], "uv": [18, 124], "inflate": -0.3, "mirror": true},
					{"origin": [-4.5, 9, -1.5], "size": [3, 1, 3], "uv": [30, 124], "inflate": -0.4, "mirror": true}
				]
			},
			{
				"name": "bone162",
				"parent": "armRight",
				"pivot": [-4.25, 13.449, 0.9],
				"rotation": [0, 90, 0]
			},
			{
				"name": "bone163",
				"parent": "bone162",
				"pivot": [-4.75, 13.949, 1.1],
				"rotation": [0, 0, -25],
				"cubes": [
					{"origin": [-4.66241, 11.63273, 0.2501], "size": [2, 3, 2], "uv": [40, 50], "inflate": -1.2}
				]
			},
			{
				"name": "bone164",
				"parent": "bone162",
				"pivot": [-4.75, 13.949, 1.1],
				"rotation": [0, 0, -25],
				"cubes": [
					{"origin": [-4.30931, 11.88156, 0.2503], "size": [2, 3, 2], "uv": [32, 50], "inflate": -1.2}
				]
			},
			{
				"name": "bone165",
				"parent": "bone162",
				"pivot": [-3.75, 13.949, 1.1],
				"rotation": [0, 0, 25],
				"cubes": [
					{"origin": [-4.13719, 12.42564, 0.2502], "size": [2, 3, 2], "uv": [24, 50], "inflate": -1.2}
				]
			},
			{
				"name": "bone166",
				"parent": "bone162",
				"pivot": [-3.95, 13.449, 1.1],
				"rotation": [0, 0, 25],
				"cubes": [
					{"origin": [-4.72034, 12.71214, 0.25], "size": [2, 3, 2], "uv": [16, 50], "inflate": -1.2}
				]
			},
			{
				"name": "armLeft",
				"pivot": [2, 17.5, 0],
				"rotation": [0, 0, -25],
				"cubes": [
					{"origin": [2, 8.5, -1], "size": [2, 8, 2], "uv": [8, 40], "mirror": true},
					{"origin": [2, 14.5, -1], "size": [2, 1, 2], "uv": [22, 63], "inflate": 0.1, "mirror": true},
					{"origin": [1.5, 14.5, -1.5], "size": [3, 1, 3], "uv": [18, 124], "inflate": -0.3, "mirror": true},
					{"origin": [1.5, 9, -1.5], "size": [3, 1, 3], "uv": [30, 124], "inflate": -0.4, "mirror": true}
				]
			},
			{
				"name": "bone167",
				"parent": "armLeft",
				"pivot": [3.85, 13.449, 0.95],
				"rotation": [0, 90, 0]
			},
			{
				"name": "bone168",
				"parent": "bone167",
				"pivot": [3.35, 13.949, 1.15],
				"rotation": [0, 0, -25],
				"cubes": [
					{"origin": [3.43759, 11.63273, 0.0001], "size": [2, 3, 2], "uv": [8, 50], "inflate": -1.2}
				]
			},
			{
				"name": "bone169",
				"parent": "bone167",
				"pivot": [3.35, 13.949, 1.15],
				"rotation": [0, 0, -25],
				"cubes": [
					{"origin": [3.79069, 11.88156, 0.0003], "size": [2, 3, 2], "uv": [0, 50], "inflate": -1.2}
				]
			},
			{
				"name": "bone170",
				"parent": "bone167",
				"pivot": [4.35, 13.949, 1.15],
				"rotation": [0, 0, 25],
				"cubes": [
					{"origin": [3.96281, 12.42564, 0.0002], "size": [2, 3, 2], "uv": [28, 45], "inflate": -1.2}
				]
			},
			{
				"name": "bone171",
				"parent": "bone167",
				"pivot": [4.15, 13.449, 1.15],
				"rotation": [0, 0, 25],
				"cubes": [
					{"origin": [3.37966, 12.71214, 0], "size": [2, 3, 2], "uv": [28, 40], "inflate": -1.2}
				]
			},
			{
				"name": "body",
				"pivot": [0, 10.5, 0],
				"cubes": [
					{"origin": [-3, 8.999, -3], "size": [6, 9, 6], "uv": [32, 0]}
				]
			},
			{
				"name": "op",
				"parent": "body",
				"pivot": [0, 0.25, 0]
			},
			{
				"name": "bone8",
				"parent": "op",
				"pivot": [0, 15.499, -2.75],
				"rotation": [-35, 0, 0],
				"cubes": [
					{"origin": [-2.9999, 14.499, -3.75], "size": [6, 2, 2], "uv": [28, 33], "inflate": -0.1}
				]
			},
			{
				"name": "bone45",
				"parent": "bone8",
				"pivot": [0, 15.949, -2.75],
				"rotation": [10, 0, 0]
			},
			{
				"name": "bone46",
				"parent": "bone45",
				"pivot": [-0.5, 16.449, -3.55],
				"rotation": [0, 0, -25],
				"cubes": [
					{"origin": [-1.3, 14.449, -4.551], "size": [2, 3, 2], "uv": [8, 60], "inflate": -1.2}
				]
			},
			{
				"name": "bone49",
				"parent": "bone45",
				"pivot": [-0.5, 16.449, -3.55],
				"rotation": [0, 0, -25],
				"cubes": [
					{"origin": [-0.9469, 14.69782, -4.553], "size": [2, 3, 2], "uv": [48, 55], "inflate": -1.2}
				]
			},
			{
				"name": "bone47",
				"parent": "bone45",
				"pivot": [0.5, 16.449, -3.55],
				"rotation": [0, 0, 25],
				"cubes": [
					{"origin": [-0.7, 14.449, -4.552], "size": [2, 3, 2], "uv": [0, 60], "inflate": -1.2}
				]
			},
			{
				"name": "bone48",
				"parent": "bone45",
				"pivot": [0.3, 15.949, -3.55],
				"rotation": [0, 0, 25],
				"cubes": [
					{"origin": [-1.28315, 14.7355, -4.55], "size": [2, 3, 2], "uv": [56, 55], "inflate": -1.2}
				]
			},
			{
				"name": "bone43",
				"parent": "op",
				"pivot": [-6, 15.249, -2.75],
				"rotation": [-45, 0, 0],
				"cubes": [
					{"origin": [-3.25, 14.31971, -3.67929], "size": [1, 2, 2], "uv": [0, 124], "inflate": -0.1}
				]
			},
			{
				"name": "bone44",
				"parent": "op",
				"pivot": [0, 15.249, -2.75],
				"rotation": [-45, 0, 0],
				"cubes": [
					{"origin": [2.25, 14.31971, -3.67929], "size": [1, 2, 2], "uv": [0, 124], "inflate": -0.1, "mirror": true}
				]
			},
			{
				"name": "bone42",
				"parent": "op",
				"pivot": [0, 13.499, -2.75],
				"rotation": [-60, 0, 0],
				"cubes": [
					{"origin": [-3, 13.20297, -5.01737], "size": [6, 2, 3], "uv": [28, 28], "inflate": -0.1}
				]
			},
			{
				"name": "bone50",
				"parent": "op",
				"pivot": [0, 0.5, -5.75]
			},
			{
				"name": "bone51",
				"parent": "bone50",
				"pivot": [-0.75, 16.999, -2.8],
				"rotation": [0, 0, -35],
				"cubes": [
					{"origin": [-1.25, 15.299, -3.3], "size": [1, 3, 1], "uv": [24, 93], "inflate": -0.25}
				]
			},
			{
				"name": "bone52",
				"parent": "bone50",
				"pivot": [0.63528, 16.83517, -2.8],
				"rotation": [0, 0, 35],
				"cubes": [
					{"origin": [0.13528, 15.33517, -3.3], "size": [1, 3, 1], "uv": [20, 93], "inflate": -0.25}
				]
			},
			{
				"name": "233",
				"parent": "body",
				"pivot": [0, 10.5, 0]
			},
			{
				"name": "bone128",
				"parent": "233",
				"pivot": [0, 14.6, 0]
			},
			{
				"name": "bone129",
				"parent": "bone128",
				"pivot": [0, 4.1, 0]
			},
			{
				"name": "bone130",
				"parent": "bone129",
				"pivot": [0, 4.1, 2.48337],
				"rotation": [18, 0, 0],
				"cubes": [
					{"origin": [-0.5, 4.84263, 5.99539], "size": [1, 5, 0], "uv": [16, 102]}
				]
			},
			{
				"name": "bone131",
				"parent": "bone130",
				"pivot": [-0.5, 3.84263, 2.48337],
				"rotation": [0, 0, 7.39351],
				"cubes": [
					{"origin": [-2.5, 4.84263, 5.99439], "size": [2, 5, 0], "uv": [0, 83]}
				]
			},
			{
				"name": "bone132",
				"parent": "bone130",
				"pivot": [0.5, 3.84263, 2.48337],
				"rotation": [0, 0, -7.39351],
				"cubes": [
					{"origin": [0.5, 4.84263, 5.99639], "size": [2, 5, 0], "uv": [40, 78]}
				]
			},
			{
				"name": "bone133",
				"parent": "bone128",
				"pivot": [0, 4.1, 0],
				"rotation": [0, -45, 0]
			},
			{
				"name": "bone134",
				"parent": "bone133",
				"pivot": [0, 4.1, 2.48337],
				"rotation": [18, 0, 0],
				"cubes": [
					{"origin": [-0.5, 4.84263, 5.99539], "size": [1, 5, 0], "uv": [14, 102]}
				]
			},
			{
				"name": "bone135",
				"parent": "bone134",
				"pivot": [-0.5, 3.84263, 2.48337],
				"rotation": [0, 0, 7.39351],
				"cubes": [
					{"origin": [-2.5, 4.84263, 5.99439], "size": [2, 5, 0], "uv": [36, 78]}
				]
			},
			{
				"name": "bone136",
				"parent": "bone134",
				"pivot": [0.5, 3.84263, 2.48337],
				"rotation": [0, 0, -7.39351],
				"cubes": [
					{"origin": [0.5, 4.84263, 5.99639], "size": [2, 5, 0], "uv": [32, 78]}
				]
			},
			{
				"name": "bone137",
				"parent": "bone128",
				"pivot": [0, 4.1, 0],
				"rotation": [0, -90, 0]
			},
			{
				"name": "bone138",
				"parent": "bone137",
				"pivot": [0, 4.1, 2.48337],
				"rotation": [18, 0, 0],
				"cubes": [
					{"origin": [-0.5, 4.84263, 5.99539], "size": [1, 5, 0], "uv": [12, 102]}
				]
			},
			{
				"name": "bone139",
				"parent": "bone138",
				"pivot": [-0.5, 3.84263, 2.48337],
				"rotation": [0, 0, 7.39351],
				"cubes": [
					{"origin": [-2.5, 4.84263, 5.99439], "size": [2, 5, 0], "uv": [28, 78]}
				]
			},
			{
				"name": "bone140",
				"parent": "bone138",
				"pivot": [0.5, 3.84263, 2.48337],
				"rotation": [0, 0, -7.39351],
				"cubes": [
					{"origin": [0.5, 4.84263, 5.99639], "size": [2, 5, 0], "uv": [24, 78]}
				]
			},
			{
				"name": "bone141",
				"parent": "bone128",
				"pivot": [0, 4.1, 0],
				"rotation": [0, -135, 0]
			},
			{
				"name": "bone142",
				"parent": "bone141",
				"pivot": [0, 4.1, 2.48337],
				"rotation": [18, 0, 0],
				"cubes": [
					{"origin": [-0.5, 4.84263, 5.99539], "size": [1, 5, 0], "uv": [10, 102]}
				]
			},
			{
				"name": "bone143",
				"parent": "bone142",
				"pivot": [-0.5, 3.84263, 2.48337],
				"rotation": [0, 0, 7.39351],
				"cubes": [
					{"origin": [-2.5, 4.84263, 5.99439], "size": [2, 5, 0], "uv": [20, 78]}
				]
			},
			{
				"name": "bone144",
				"parent": "bone142",
				"pivot": [0.5, 3.84263, 2.48337],
				"rotation": [0, 0, -7.39351],
				"cubes": [
					{"origin": [0.5, 4.84263, 5.99639], "size": [2, 5, 0], "uv": [16, 78]}
				]
			},
			{
				"name": "bone172",
				"parent": "bone144",
				"pivot": [1.5, 5.84263, 5.99639],
				"rotation": [0, 0, -45],
				"cubes": [
					{"origin": [0.01026, 4.46539, 5.2], "size": [2, 2, 1], "uv": [6, 125], "inflate": -0.2}
				]
			},
			{
				"name": "bone145",
				"parent": "bone128",
				"pivot": [0, 4.1, 0],
				"rotation": [0, -180, 0]
			},
			{
				"name": "bone146",
				"parent": "bone145",
				"pivot": [0, 4.1, 2.48337],
				"rotation": [18, 0, 0],
				"cubes": [
					{"origin": [-0.5, 4.84263, 5.99539], "size": [1, 5, 0], "uv": [8, 102]}
				]
			},
			{
				"name": "bone147",
				"parent": "bone146",
				"pivot": [-0.5, 3.84263, 2.48337],
				"rotation": [0, 0, 7.39351],
				"cubes": [
					{"origin": [-2.5, 4.84263, 5.99439], "size": [2, 5, 0], "uv": [12, 78]}
				]
			},
			{
				"name": "bone148",
				"parent": "bone146",
				"pivot": [0.5, 3.84263, 2.48337],
				"rotation": [0, 0, -7.39351],
				"cubes": [
					{"origin": [0.5, 4.84263, 5.99639], "size": [2, 5, 0], "uv": [8, 78]}
				]
			},
			{
				"name": "bone149",
				"parent": "bone128",
				"pivot": [0, 4.1, 0],
				"rotation": [0, -225, 0]
			},
			{
				"name": "bone150",
				"parent": "bone149",
				"pivot": [0, 4.1, 2.48337],
				"rotation": [18, 0, 0],
				"cubes": [
					{"origin": [-0.5, 4.84263, 5.99539], "size": [1, 5, 0], "uv": [6, 102]}
				]
			},
			{
				"name": "bone151",
				"parent": "bone150",
				"pivot": [-0.5, 3.84263, 2.48337],
				"rotation": [0, 0, 7.39351],
				"cubes": [
					{"origin": [-2.5, 4.84263, 5.99439], "size": [2, 5, 0], "uv": [4, 78]}
				]
			},
			{
				"name": "bone173",
				"parent": "bone151",
				"pivot": [-1.5, 5.84263, 5.99439],
				"rotation": [0, 0, -45],
				"cubes": [
					{"origin": [-2.93528, 4.27755, 5.2], "size": [2, 2, 1], "uv": [12, 125], "inflate": -0.2}
				]
			},
			{
				"name": "bone152",
				"parent": "bone150",
				"pivot": [0.5, 3.84263, 2.48337],
				"rotation": [0, 0, -7.39351],
				"cubes": [
					{"origin": [0.5, 4.84263, 5.99639], "size": [2, 5, 0], "uv": [0, 78]}
				]
			},
			{
				"name": "1",
				"parent": "bone152",
				"pivot": [0.5, 3.84263, 2.48337]
			},
			{
				"name": "bone174",
				"parent": "1",
				"pivot": [2.00783, 6.62181, 6.76435]
			},
			{
				"name": "bone175",
				"parent": "bone174",
				"pivot": [1.40769, 6.95606, 6.36435],
				"rotation": [0, 0, 30],
				"cubes": [
					{"origin": [0.90769, 5.95606, 5.8645], "size": [1, 2, 1], "uv": [24, 97], "inflate": -0.4}
				]
			},
			{
				"name": "bone176",
				"parent": "bone174",
				"pivot": [1.40769, 6.95606, 6.36435],
				"rotation": [0, 0, 150],
				"cubes": [
					{"origin": [0.43807, 6.34266, 5.86435], "size": [1, 2, 1], "uv": [20, 97], "inflate": -0.4}
				]
			},
			{
				"name": "bone177",
				"parent": "bone174",
				"pivot": [2.31399, 6.53344, 6.36435],
				"rotation": [0, 0, 90],
				"cubes": [
					{"origin": [1.96099, 4.84053, 5.8646], "size": [1, 2, 1], "uv": [16, 97], "inflate": -0.4}
				]
			},
			{
				"name": "bone178",
				"parent": "1",
				"pivot": [1.39142, 6.86333, 6.84598],
				"rotation": [0, 0, -180]
			},
			{
				"name": "bone179",
				"parent": "bone178",
				"pivot": [0.79127, 7.19757, 6.44598],
				"rotation": [0, 0, 30],
				"cubes": [
					{"origin": [0.29127, 6.19757, 5.948], "size": [1, 2, 1], "uv": [12, 97], "inflate": -0.4}
				]
			},
			{
				"name": "bone180",
				"parent": "bone178",
				"pivot": [0.79127, 7.19757, 6.44598],
				"rotation": [0, 0, 150],
				"cubes": [
					{"origin": [-0.17834, 6.58417, 5.947], "size": [1, 2, 1], "uv": [8, 97], "inflate": -0.4}
				]
			},
			{
				"name": "bone181",
				"parent": "bone178",
				"pivot": [1.69758, 6.77495, 6.44598],
				"rotation": [0, 0, 90],
				"cubes": [
					{"origin": [1.34458, 5.08204, 5.94598], "size": [1, 2, 1], "uv": [4, 97], "inflate": -0.4}
				]
			},
			{
				"name": "bone153",
				"parent": "bone128",
				"pivot": [0, 4.1, 0],
				"rotation": [0, -270, 0]
			},
			{
				"name": "bone154",
				"parent": "bone153",
				"pivot": [0, 4.1, 2.48337],
				"rotation": [18, 0, 0],
				"cubes": [
					{"origin": [-0.5, 4.84263, 5.99539], "size": [1, 5, 0], "uv": [4, 102]}
				]
			},
			{
				"name": "bone155",
				"parent": "bone154",
				"pivot": [-0.5, 3.84263, 2.48337],
				"rotation": [0, 0, 7.39351],
				"cubes": [
					{"origin": [-2.5, 4.84263, 5.99439], "size": [2, 5, 0], "uv": [40, 73]}
				]
			},
			{
				"name": "bone156",
				"parent": "bone154",
				"pivot": [0.5, 3.84263, 2.48337],
				"rotation": [0, 0, -7.39351],
				"cubes": [
					{"origin": [0.5, 4.84263, 5.99639], "size": [2, 5, 0], "uv": [36, 73]}
				]
			},
			{
				"name": "bone157",
				"parent": "bone128",
				"pivot": [0, 4.1, 0],
				"rotation": [0, -315, 0]
			},
			{
				"name": "bone158",
				"parent": "bone157",
				"pivot": [0, 4.1, 2.48337],
				"rotation": [18, 0, 0],
				"cubes": [
					{"origin": [-0.5, 4.84263, 5.99539], "size": [1, 5, 0], "uv": [2, 102]}
				]
			},
			{
				"name": "bone159",
				"parent": "bone158",
				"pivot": [-0.5, 3.84263, 2.48337],
				"rotation": [0, 0, 7.39351],
				"cubes": [
					{"origin": [-2.5, 4.84263, 5.99439], "size": [2, 5, 0], "uv": [32, 73]}
				]
			},
			{
				"name": "bone160",
				"parent": "bone158",
				"pivot": [0.5, 3.84263, 2.48337],
				"rotation": [0, 0, -7.39351],
				"cubes": [
					{"origin": [0.5, 4.84263, 5.99639], "size": [2, 5, 0], "uv": [28, 73]}
				]
			},
			{
				"name": "bone53",
				"parent": "233",
				"pivot": [0, 14.5, 0]
			},
			{
				"name": "bone54",
				"parent": "bone53",
				"pivot": [0, 4, 0]
			},
			{
				"name": "bone55",
				"parent": "bone54",
				"pivot": [0, 4, 2.48337],
				"rotation": [18, 0, 0],
				"cubes": [
					{"origin": [-0.5, 4.74263, 5.99539], "size": [1, 5, 0], "uv": [0, 102]}
				]
			},
			{
				"name": "bone56",
				"parent": "bone55",
				"pivot": [-0.5, 3.74263, 2.48337],
				"rotation": [0, 0, 7.39351],
				"cubes": [
					{"origin": [-2.5, 4.74263, 5.99439], "size": [2, 5, 0], "uv": [24, 73]}
				]
			},
			{
				"name": "bone57",
				"parent": "bone55",
				"pivot": [0.5, 3.74263, 2.48337],
				"rotation": [0, 0, -7.39351],
				"cubes": [
					{"origin": [0.5, 4.74263, 5.99639], "size": [2, 5, 0], "uv": [20, 73]}
				]
			},
			{
				"name": "bone58",
				"parent": "bone53",
				"pivot": [0, 4, 0],
				"rotation": [0, -45, 0]
			},
			{
				"name": "bone59",
				"parent": "bone58",
				"pivot": [0, 4, 2.48337],
				"rotation": [18, 0, 0],
				"cubes": [
					{"origin": [-0.5, 4.74263, 5.99539], "size": [1, 5, 0], "uv": [40, 97]}
				]
			},
			{
				"name": "bone60",
				"parent": "bone59",
				"pivot": [-0.5, 3.74263, 2.48337],
				"rotation": [0, 0, 7.39351],
				"cubes": [
					{"origin": [-2.5, 4.74263, 5.99439], "size": [2, 5, 0], "uv": [16, 73]}
				]
			},
			{
				"name": "bone61",
				"parent": "bone59",
				"pivot": [0.5, 3.74263, 2.48337],
				"rotation": [0, 0, -7.39351],
				"cubes": [
					{"origin": [0.5, 4.74263, 5.99639], "size": [2, 5, 0], "uv": [12, 73]}
				]
			},
			{
				"name": "bone62",
				"parent": "bone53",
				"pivot": [0, 4, 0],
				"rotation": [0, -90, 0]
			},
			{
				"name": "bone63",
				"parent": "bone62",
				"pivot": [0, 4, 2.48337],
				"rotation": [18, 0, 0],
				"cubes": [
					{"origin": [-0.5, 4.74263, 5.99539], "size": [1, 5, 0], "uv": [38, 97]}
				]
			},
			{
				"name": "bone64",
				"parent": "bone63",
				"pivot": [-0.5, 3.74263, 2.48337],
				"rotation": [0, 0, 7.39351],
				"cubes": [
					{"origin": [-2.5, 4.74263, 5.99439], "size": [2, 5, 0], "uv": [8, 73]}
				]
			},
			{
				"name": "bone65",
				"parent": "bone63",
				"pivot": [0.5, 3.74263, 2.48337],
				"rotation": [0, 0, -7.39351],
				"cubes": [
					{"origin": [0.5, 4.74263, 5.99639], "size": [2, 5, 0], "uv": [4, 73]}
				]
			},
			{
				"name": "bone66",
				"parent": "bone53",
				"pivot": [0, 4, 0],
				"rotation": [0, -135, 0]
			},
			{
				"name": "bone67",
				"parent": "bone66",
				"pivot": [0, 4, 2.48337],
				"rotation": [18, 0, 0],
				"cubes": [
					{"origin": [-0.5, 4.74263, 5.99539], "size": [1, 5, 0], "uv": [36, 97]}
				]
			},
			{
				"name": "bone68",
				"parent": "bone67",
				"pivot": [-0.5, 3.74263, 2.48337],
				"rotation": [0, 0, 7.39351],
				"cubes": [
					{"origin": [-2.5, 4.74263, 5.99439], "size": [2, 5, 0], "uv": [0, 73]}
				]
			},
			{
				"name": "bone69",
				"parent": "bone67",
				"pivot": [0.5, 3.74263, 2.48337],
				"rotation": [0, 0, -7.39351],
				"cubes": [
					{"origin": [0.5, 4.74263, 5.99639], "size": [2, 5, 0], "uv": [40, 67]}
				]
			},
			{
				"name": "bone70",
				"parent": "bone53",
				"pivot": [0, 4, 0],
				"rotation": [0, -180, 0]
			},
			{
				"name": "bone71",
				"parent": "bone70",
				"pivot": [0, 4, 2.48337],
				"rotation": [18, 0, 0],
				"cubes": [
					{"origin": [-0.5, 4.74263, 5.99539], "size": [1, 5, 0], "uv": [34, 97]}
				]
			},
			{
				"name": "bone72",
				"parent": "bone71",
				"pivot": [-0.5, 3.74263, 2.48337],
				"rotation": [0, 0, 7.39351],
				"cubes": [
					{"origin": [-2.5, 4.74263, 5.99439], "size": [2, 5, 0], "uv": [36, 67]}
				]
			},
			{
				"name": "bone73",
				"parent": "bone71",
				"pivot": [0.5, 3.74263, 2.48337],
				"rotation": [0, 0, -7.39351],
				"cubes": [
					{"origin": [0.5, 4.74263, 5.99639], "size": [2, 5, 0], "uv": [32, 67]}
				]
			},
			{
				"name": "bone74",
				"parent": "bone53",
				"pivot": [0, 4, 0],
				"rotation": [0, -225, 0]
			},
			{
				"name": "bone75",
				"parent": "bone74",
				"pivot": [0, 4, 2.48337],
				"rotation": [18, 0, 0],
				"cubes": [
					{"origin": [-0.5, 4.74263, 5.99539], "size": [1, 5, 0], "uv": [32, 97]}
				]
			},
			{
				"name": "bone76",
				"parent": "bone75",
				"pivot": [-0.5, 3.74263, 2.48337],
				"rotation": [0, 0, 7.39351],
				"cubes": [
					{"origin": [-2.5, 4.74263, 5.99439], "size": [2, 5, 0], "uv": [28, 67]}
				]
			},
			{
				"name": "bone77",
				"parent": "bone75",
				"pivot": [0.5, 3.74263, 2.48337],
				"rotation": [0, 0, -7.39351],
				"cubes": [
					{"origin": [0.5, 4.74263, 5.99639], "size": [2, 5, 0], "uv": [24, 67]}
				]
			},
			{
				"name": "bone78",
				"parent": "bone53",
				"pivot": [0, 4, 0],
				"rotation": [0, -270, 0]
			},
			{
				"name": "bone79",
				"parent": "bone78",
				"pivot": [0, 4, 2.48337],
				"rotation": [18, 0, 0],
				"cubes": [
					{"origin": [-0.5, 4.74263, 5.99539], "size": [1, 5, 0], "uv": [30, 97]}
				]
			},
			{
				"name": "bone80",
				"parent": "bone79",
				"pivot": [-0.5, 3.74263, 2.48337],
				"rotation": [0, 0, 7.39351],
				"cubes": [
					{"origin": [-2.5, 4.74263, 5.99439], "size": [2, 5, 0], "uv": [20, 67]}
				]
			},
			{
				"name": "bone81",
				"parent": "bone79",
				"pivot": [0.5, 3.74263, 2.48337],
				"rotation": [0, 0, -7.39351],
				"cubes": [
					{"origin": [0.5, 4.74263, 5.99639], "size": [2, 5, 0], "uv": [16, 67]}
				]
			},
			{
				"name": "bone82",
				"parent": "bone53",
				"pivot": [0, 4, 0],
				"rotation": [0, -315, 0]
			},
			{
				"name": "bone83",
				"parent": "bone82",
				"pivot": [0, 4, 2.48337],
				"rotation": [18, 0, 0],
				"cubes": [
					{"origin": [-0.5, 4.74263, 5.99539], "size": [1, 5, 0], "uv": [28, 97]}
				]
			},
			{
				"name": "bone84",
				"parent": "bone83",
				"pivot": [-0.5, 3.74263, 2.48337],
				"rotation": [0, 0, 7.39351],
				"cubes": [
					{"origin": [-2.5, 4.74263, 5.99439], "size": [2, 5, 0], "uv": [12, 67]}
				]
			},
			{
				"name": "bone85",
				"parent": "bone83",
				"pivot": [0.5, 3.74263, 2.48337],
				"rotation": [0, 0, -7.39351],
				"cubes": [
					{"origin": [0.5, 4.74263, 5.99639], "size": [2, 5, 0], "uv": [8, 67]}
				]
			},
			{
				"name": "bone95",
				"parent": "233",
				"pivot": [0, 14.5, 0]
			},
			{
				"name": "bone96",
				"parent": "bone95",
				"pivot": [0, 4, 0]
			},
			{
				"name": "bone97",
				"parent": "bone96",
				"pivot": [0, 4, 2.48337],
				"rotation": [18, 0, 0],
				"cubes": [
					{"origin": [-0.5, 8.74263, 5.99539], "size": [1, 4, 0], "uv": [2, 111]}
				]
			},
			{
				"name": "bone98",
				"parent": "bone97",
				"pivot": [-0.5, 3.74263, 2.48337],
				"rotation": [0, 0, 7.39351],
				"cubes": [
					{"origin": [-2.5, 8.74263, 5.99439], "size": [2, 4, 0], "uv": [16, 93]}
				]
			},
			{
				"name": "bone99",
				"parent": "bone97",
				"pivot": [0.5, 3.74263, 2.48337],
				"rotation": [0, 0, -7.39351],
				"cubes": [
					{"origin": [0.5, 8.74263, 5.99639], "size": [2, 4, 0], "uv": [12, 93]}
				]
			},
			{
				"name": "bone100",
				"parent": "bone95",
				"pivot": [0, 4, 0],
				"rotation": [0, -45, 0]
			},
			{
				"name": "bone101",
				"parent": "bone100",
				"pivot": [0, 4, 2.48337],
				"rotation": [18, 0, 0],
				"cubes": [
					{"origin": [-0.5, 8.74263, 5.99539], "size": [1, 4, 0], "uv": [0, 111]}
				]
			},
			{
				"name": "bone102",
				"parent": "bone101",
				"pivot": [-0.5, 3.74263, 2.48337],
				"rotation": [0, 0, 7.39351],
				"cubes": [
					{"origin": [-2.5, 8.74263, 5.99439], "size": [2, 4, 0], "uv": [8, 93]}
				]
			},
			{
				"name": "bone103",
				"parent": "bone101",
				"pivot": [0.5, 3.74263, 2.48337],
				"rotation": [0, 0, -7.39351],
				"cubes": [
					{"origin": [0.5, 8.74263, 5.99639], "size": [2, 4, 0], "uv": [4, 93]}
				]
			},
			{
				"name": "bone104",
				"parent": "bone95",
				"pivot": [0, 4, 0],
				"rotation": [0, -90, 0]
			},
			{
				"name": "bone105",
				"parent": "bone104",
				"pivot": [0, 4, 2.48337],
				"rotation": [18, 0, 0],
				"cubes": [
					{"origin": [-0.5, 8.74263, 5.99539], "size": [1, 4, 0], "uv": [42, 107]}
				]
			},
			{
				"name": "bone106",
				"parent": "bone105",
				"pivot": [-0.5, 3.74263, 2.48337],
				"rotation": [0, 0, 7.39351],
				"cubes": [
					{"origin": [-2.5, 8.74263, 5.99439], "size": [2, 4, 0], "uv": [0, 93]}
				]
			},
			{
				"name": "bone107",
				"parent": "bone105",
				"pivot": [0.5, 3.74263, 2.48337],
				"rotation": [0, 0, -7.39351],
				"cubes": [
					{"origin": [0.5, 8.74263, 5.99639], "size": [2, 4, 0], "uv": [44, 88]}
				]
			},
			{
				"name": "bone108",
				"parent": "bone95",
				"pivot": [0, 4, 0],
				"rotation": [0, -135, 0]
			},
			{
				"name": "bone109",
				"parent": "bone108",
				"pivot": [0, 4, 2.48337],
				"rotation": [18, 0, 0],
				"cubes": [
					{"origin": [-0.5, 8.74263, 5.99539], "size": [1, 4, 0], "uv": [40, 107]}
				]
			},
			{
				"name": "bone110",
				"parent": "bone109",
				"pivot": [-0.5, 3.74263, 2.48337],
				"rotation": [0, 0, 7.39351],
				"cubes": [
					{"origin": [-2.5, 8.74263, 5.99439], "size": [2, 4, 0], "uv": [40, 88]}
				]
			},
			{
				"name": "bone111",
				"parent": "bone109",
				"pivot": [0.5, 3.74263, 2.48337],
				"rotation": [0, 0, -7.39351],
				"cubes": [
					{"origin": [0.5, 8.74263, 5.99639], "size": [2, 4, 0], "uv": [36, 88]}
				]
			},
			{
				"name": "bone112",
				"parent": "bone95",
				"pivot": [0, 4, 0],
				"rotation": [0, -180, 0]
			},
			{
				"name": "bone113",
				"parent": "bone112",
				"pivot": [0, 4, 2.48337],
				"rotation": [18, 0, 0],
				"cubes": [
					{"origin": [-0.5, 8.74263, 5.99539], "size": [1, 4, 0], "uv": [38, 107]}
				]
			},
			{
				"name": "bone114",
				"parent": "bone113",
				"pivot": [-0.5, 3.74263, 2.48337],
				"rotation": [0, 0, 7.39351],
				"cubes": [
					{"origin": [-2.5, 8.74263, 5.99439], "size": [2, 4, 0], "uv": [32, 88]}
				]
			},
			{
				"name": "bone115",
				"parent": "bone113",
				"pivot": [0.5, 3.74263, 2.48337],
				"rotation": [0, 0, -7.39351],
				"cubes": [
					{"origin": [0.5, 8.74263, 5.99639], "size": [2, 4, 0], "uv": [28, 88]}
				]
			},
			{
				"name": "bone116",
				"parent": "bone95",
				"pivot": [0, 4, 0],
				"rotation": [0, -225, 0]
			},
			{
				"name": "bone117",
				"parent": "bone116",
				"pivot": [0, 4, 2.48337],
				"rotation": [18, 0, 0],
				"cubes": [
					{"origin": [-0.5, 8.74263, 5.99539], "size": [1, 4, 0], "uv": [36, 107]}
				]
			},
			{
				"name": "bone118",
				"parent": "bone117",
				"pivot": [-0.5, 3.74263, 2.48337],
				"rotation": [0, 0, 7.39351],
				"cubes": [
					{"origin": [-2.5, 8.74263, 5.99439], "size": [2, 4, 0], "uv": [24, 88]}
				]
			},
			{
				"name": "bone119",
				"parent": "bone117",
				"pivot": [0.5, 3.74263, 2.48337],
				"rotation": [0, 0, -7.39351],
				"cubes": [
					{"origin": [0.5, 8.74263, 5.99639], "size": [2, 4, 0], "uv": [20, 88]}
				]
			},
			{
				"name": "bone120",
				"parent": "bone95",
				"pivot": [0, 4, 0],
				"rotation": [0, -270, 0]
			},
			{
				"name": "bone121",
				"parent": "bone120",
				"pivot": [0, 4, 2.48337],
				"rotation": [18, 0, 0],
				"cubes": [
					{"origin": [-0.5, 8.74263, 5.99539], "size": [1, 4, 0], "uv": [34, 107]}
				]
			},
			{
				"name": "bone122",
				"parent": "bone121",
				"pivot": [-0.5, 3.74263, 2.48337],
				"rotation": [0, 0, 7.39351],
				"cubes": [
					{"origin": [-2.5, 8.74263, 5.99439], "size": [2, 4, 0], "uv": [16, 88]}
				]
			},
			{
				"name": "bone123",
				"parent": "bone121",
				"pivot": [0.5, 3.74263, 2.48337],
				"rotation": [0, 0, -7.39351],
				"cubes": [
					{"origin": [0.5, 8.74263, 5.99639], "size": [2, 4, 0], "uv": [12, 88]}
				]
			},
			{
				"name": "bone124",
				"parent": "bone95",
				"pivot": [0, 4, 0],
				"rotation": [0, -315, 0]
			},
			{
				"name": "bone125",
				"parent": "bone124",
				"pivot": [0, 4, 2.48337],
				"rotation": [18, 0, 0],
				"cubes": [
					{"origin": [-0.5, 8.74263, 5.99539], "size": [1, 4, 0], "uv": [32, 107]}
				]
			},
			{
				"name": "bone126",
				"parent": "bone125",
				"pivot": [-0.5, 3.74263, 2.48337],
				"rotation": [0, 0, 7.39351],
				"cubes": [
					{"origin": [-2.5, 8.74263, 5.99439], "size": [2, 4, 0], "uv": [8, 88]}
				]
			},
			{
				"name": "bone127",
				"parent": "bone125",
				"pivot": [0.5, 3.74263, 2.48337],
				"rotation": [0, 0, -7.39351],
				"cubes": [
					{"origin": [0.5, 8.74263, 5.99639], "size": [2, 4, 0], "uv": [4, 88]}
				]
			},
			{
				"name": "legLeft",
				"pivot": [2, 9, 0],
				"cubes": [
					{"origin": [0.249, 1, -1.5], "size": [3, 8, 3], "uv": [50, 16], "mirror": true},
					{"origin": [-0.749, 1, -2.5], "size": [5, 2, 5], "uv": [56, 0], "inflate": -0.8},
					{"origin": [0.251, 0, 0.5], "size": [3, 1, 1], "uv": [62, 16]},
					{"origin": [0.251, 0, -1.75], "size": [3, 1, 2], "uv": [62, 19], "mirror": true}
				]
			},
			{
				"name": "bone91",
				"parent": "legLeft",
				"pivot": [3, 6.949, 0],
				"rotation": [0, 90, 0]
			},
			{
				"name": "bone92",
				"parent": "bone91",
				"pivot": [2.5, 7.449, 0.2],
				"rotation": [0, 0, -25],
				"cubes": [
					{"origin": [1.7, 5.449, -0.8], "size": [2, 3, 2], "uv": [8, 55], "inflate": -1.2}
				]
			},
			{
				"name": "bone93",
				"parent": "bone91",
				"pivot": [2.5, 7.449, 0.2],
				"rotation": [0, 0, -25],
				"cubes": [
					{"origin": [2.0531, 5.69782, -0.797], "size": [2, 3, 2], "uv": [0, 55], "inflate": -1.2}
				]
			},
			{
				"name": "bone94",
				"parent": "bone91",
				"pivot": [3.5, 7.449, 0.2],
				"rotation": [0, 0, 25],
				"cubes": [
					{"origin": [2.3, 5.449, -0.798], "size": [2, 3, 2], "uv": [56, 50], "inflate": -1.2}
				]
			},
			{
				"name": "bone161",
				"parent": "bone91",
				"pivot": [3.3, 6.949, 0.2],
				"rotation": [0, 0, 25],
				"cubes": [
					{"origin": [1.71685, 5.7355, -0.799], "size": [2, 3, 2], "uv": [48, 50], "inflate": -1.2}
				]
			},
			{
				"name": "legRight",
				"pivot": [-2, 9, 0],
				"cubes": [
					{"origin": [-3.249, 1, -1.5], "size": [3, 8, 3], "uv": [50, 16]},
					{"origin": [-3.249, 0, 0.5], "size": [3, 1, 1], "uv": [62, 16]},
					{"origin": [-3.249, 0, -1.75], "size": [3, 1, 2], "uv": [62, 19]},
					{"origin": [-4.249, 1, -2.5], "size": [5, 2, 5], "uv": [0, 16], "inflate": -0.8}
				]
			},
			{
				"name": "bone86",
				"parent": "legRight",
				"pivot": [-3.4, 6.949, 0],
				"rotation": [0, 90, 0]
			},
			{
				"name": "bone87",
				"parent": "bone86",
				"pivot": [-3.9, 7.449, 0.2],
				"rotation": [0, 0, -25],
				"cubes": [
					{"origin": [-4.7, 5.449, -0.8], "size": [2, 3, 2], "uv": [40, 55], "inflate": -1.2}
				]
			},
			{
				"name": "bone88",
				"parent": "bone86",
				"pivot": [-3.9, 7.449, 0.2],
				"rotation": [0, 0, -25],
				"cubes": [
					{"origin": [-4.3469, 5.69782, -0.797], "size": [2, 3, 2], "uv": [32, 55], "inflate": -1.2}
				]
			},
			{
				"name": "bone89",
				"parent": "bone86",
				"pivot": [-2.9, 7.449, 0.2],
				"rotation": [0, 0, 25],
				"cubes": [
					{"origin": [-4.1, 5.449, -0.798], "size": [2, 3, 2], "uv": [24, 55], "inflate": -1.2}
				]
			},
			{
				"name": "bone90",
				"parent": "bone86",
				"pivot": [-3.1, 6.949, 0.2],
				"rotation": [0, 0, 25],
				"cubes": [
					{"origin": [-4.68315, 5.7355, -0.799], "size": [2, 3, 2], "uv": [16, 55], "inflate": -1.2}
				]
			}
		]
	}
}