{
	"format_version": "1.10.0",
	"geometry.model": {
		"texturewidth": 112,
		"textureheight": 112,
		"visible_bounds_width": 2,
		"visible_bounds_height": 2,
		"visible_bounds_offset": [0, 0, 0],
		"bones": [
			{
				"name": "head",
				"pivot": [0, 18, 0],
				"cubes": [
					{"origin": [-4, 18, -4], "size": [8, 8, 8], "uv": [0, 12]}
				]
			},
			{
				"name": "blink",
				"parent": "head",
				"pivot": [0, 18, 0],
				"cubes": [
					{"origin": [-4, 18, -4.001], "size": [8, 8, 0], "uv": [12, 40]}
				]
			},
			{
				"name": "bone",
				"parent": "head",
				"pivot": [0, 18, 0]
			},
			{
				"name": "bone2",
				"parent": "bone",
				"pivot": [0, 18, 0.5]
			},
			{
				"name": "bone3",
				"parent": "bone2",
				"pivot": [-0.5, 24, -4],
				"rotation": [0, 0, -10],
				"cubes": [
					{"origin": [-1.14772, 22.02605, -4.5], "size": [1, 4, 1], "uv": [4, 89]}
				]
			},
			{
				"name": "bone5",
				"parent": "bone2",
				"pivot": [-2.25, 24, -4],
				"rotation": [0, 0, 40],
				"cubes": [
					{"origin": [-2.89772, 24.02605, -4.499], "size": [1, 2, 1], "uv": [8, 89]}
				]
			},
			{
				"name": "bone7",
				"parent": "bone2",
				"pivot": [-2.5, 24, -4],
				"rotation": [0, 0, 20],
				"cubes": [
					{"origin": [-2.9128, 22.11155, -4.5], "size": [1, 4, 1], "uv": [40, 84]}
				]
			},
			{
				"name": "bone6",
				"parent": "bone2",
				"pivot": [-2.75, 24, -4],
				"rotation": [0, 0, 10],
				"cubes": [
					{"origin": [-3.90389, 21.70838, -4.5001], "size": [1, 4, 1], "uv": [0, 89]}
				]
			},
			{
				"name": "bone8",
				"parent": "bone2",
				"pivot": [-3, 21, -4],
				"rotation": [0, 0, -5],
				"cubes": [
					{"origin": [-4.05427, 17.69966, -4.499], "size": [1, 5, 1], "uv": [34, 78]}
				]
			},
			{
				"name": "bone4",
				"parent": "bone2",
				"pivot": [0.25, 24, -4],
				"rotation": [0, 0, 5],
				"cubes": [
					{"origin": [-0.73106, 21.97846, -4.5001], "size": [2, 4, 1], "uv": [8, 78]}
				]
			},
			{
				"name": "bone9",
				"parent": "bone2",
				"pivot": [1.75, 23.75, -4],
				"rotation": [0, 0, -20],
				"cubes": [
					{"origin": [1.76894, 21.72846, -4.5], "size": [1, 4, 1], "uv": [36, 84]}
				]
			},
			{
				"name": "bone10",
				"parent": "bone2",
				"pivot": [2.9, 23.75, -4],
				"rotation": [0, 0, -10],
				"cubes": [
					{"origin": [2.91894, 21.72846, -4.5001], "size": [1, 4, 1], "uv": [32, 84]}
				]
			},
			{
				"name": "bone11",
				"parent": "bone2",
				"pivot": [2.8, 19.75, -4],
				"rotation": [0, 0, 5],
				"cubes": [
					{"origin": [2.91894, 17.72846, -4.499], "size": [1, 5, 1], "uv": [30, 78]}
				]
			},
			{
				"name": "bone12",
				"parent": "bone",
				"pivot": [0, 17.75, 0],
				"cubes": [
					{"origin": [-4.5, 19, -3.5], "size": [1, 3, 7], "uv": [40, 28]},
					{"origin": [3.5, 19, -3.5], "size": [1, 3, 7], "uv": [24, 28]},
					{"origin": [-3, 18.5, 3.5], "size": [6, 3, 1], "uv": [28, 40]}
				]
			},
			{
				"name": "bone70",
				"parent": "bone12",
				"pivot": [0, 22, -0.7],
				"rotation": [5, 0, 0]
			},
			{
				"name": "bone71",
				"parent": "bone70",
				"pivot": [-4.6, 20.5, 4.95],
				"rotation": [-90, 0, 0]
			},
			{
				"name": "bone87",
				"parent": "bone71",
				"pivot": [-3.1, 21.5, 5.45],
				"rotation": [0, -90, 0],
				"cubes": [
					{"origin": [-4.4, 19.60394, 0.87318], "size": [3, 2, 3], "uv": [16, 52], "inflate": -0.3}
				]
			},
			{
				"name": "bone13",
				"parent": "head",
				"pivot": [0, 16.5, -0.1]
			},
			{
				"name": "bone14",
				"parent": "bone13",
				"pivot": [0, 5.5, -0.1],
				"cubes": [
					{"origin": [-5, 23.5, -3.6], "size": [1, 1, 1], "uv": [12, 94]},
					{"origin": [-5, 23.5, -0.6], "size": [1, 1, 1], "uv": [12, 96]},
					{"origin": [-5, 23.5, 2.4], "size": [1, 1, 1], "uv": [16, 94]},
					{"origin": [-3.5, 23.5, 3.9], "size": [1, 1, 1], "uv": [16, 96]},
					{"origin": [-0.5, 23.5, 3.9], "size": [1, 1, 1], "uv": [20, 94]},
					{"origin": [2.5, 23.5, 3.9], "size": [1, 1, 1], "uv": [20, 96]},
					{"origin": [4, 23.5, 2.4], "size": [1, 1, 1], "uv": [24, 94]},
					{"origin": [4, 23.5, -0.6], "size": [1, 1, 1], "uv": [24, 96]},
					{"origin": [4, 23.5, -3.6], "size": [1, 1, 1], "uv": [28, 94]},
					{"origin": [2.5, 23.5, -5.1], "size": [1, 1, 1], "uv": [0, 98]},
					{"origin": [-0.5, 23.5, -5.1], "size": [1, 1, 1], "uv": [4, 98]},
					{"origin": [-3.5, 23.5, -5.1], "size": [1, 1, 1], "uv": [8, 98]}
				]
			},
			{
				"name": "bone15",
				"parent": "bone13",
				"pivot": [0, 16.5, -0.1],
				"cubes": [
					{"origin": [-5, 24.5, -5.1], "size": [10, 0, 10], "uv": [0, 0]},
					{"origin": [-4.5, 23.5, -4.6], "size": [9, 3, 9], "uv": [40, 0]}
				]
			},
			{
				"name": "bone16",
				"parent": "bone13",
				"pivot": [1.25, 25.6, -6.75],
				"rotation": [-90, 0, 0]
			},
			{
				"name": "bone90",
				"parent": "bone16",
				"pivot": [1.25, 25.6, -6.75]
			},
			{
				"name": "bone17",
				"parent": "bone90",
				"pivot": [1.25, 27.6, -6.75],
				"cubes": [
					{"origin": [-1.07942, 27.6, -7.19323], "size": [2, 0, 2], "uv": [22, 82]}
				]
			},
			{
				"name": "bone18",
				"parent": "bone90",
				"pivot": [1.25, 27.6, -6.75],
				"rotation": [0, -120, 0],
				"cubes": [
					{"origin": [0.76292, 27.6, -5.51105], "size": [3, 0, 1], "uv": [24, 88]}
				]
			},
			{
				"name": "bone19",
				"parent": "bone90",
				"pivot": [1.25, 27.6, -6.75],
				"rotation": [0, -240, 0],
				"cubes": [
					{"origin": [0.06651, 27.6, -7.81368], "size": [3, 0, 1], "uv": [24, 87]}
				]
			},
			{
				"name": "bone91",
				"parent": "bone16",
				"pivot": [1.35, 25.6, -7],
				"rotation": [0, -10, 0]
			},
			{
				"name": "bone96",
				"parent": "bone91",
				"pivot": [1.35, 25.6, -7],
				"rotation": [0, -35, 0],
				"cubes": [
					{"origin": [-0.75266, 27.499, -6.99536], "size": [2, 1, 2], "uv": [12, 109], "inflate": -0.9}
				]
			},
			{
				"name": "bone97",
				"parent": "bone91",
				"pivot": [1.35, 25.6, -7],
				"rotation": [0, -10, 0],
				"cubes": [
					{"origin": [-1.10682, 27.499, -7.40712], "size": [2, 1, 2], "uv": [12, 109], "inflate": -0.9}
				]
			},
			{
				"name": "bone98",
				"parent": "bone91",
				"pivot": [1.35, 25.6, -7],
				"rotation": [0, 25, 0],
				"cubes": [
					{"origin": [-1.22269, 27.499, -8.22538], "size": [2, 1, 2], "uv": [12, 109], "inflate": -0.9}
				]
			},
			{
				"name": "bone99",
				"parent": "bone91",
				"pivot": [1.35, 25.6, -7],
				"rotation": [0, 60, 0],
				"cubes": [
					{"origin": [-0.84827, 27.499, -8.96212], "size": [2, 1, 2], "uv": [12, 109], "inflate": -0.9}
				]
			},
			{
				"name": "bone100",
				"parent": "bone91",
				"pivot": [1.35, 25.6, -7],
				"rotation": [0, 85, 0],
				"cubes": [
					{"origin": [-0.36228, 27.499, -9.23002], "size": [2, 1, 2], "uv": [12, 109], "inflate": -0.9}
				]
			},
			{
				"name": "bone101",
				"parent": "bone91",
				"pivot": [1.35, 25.6, -7],
				"rotation": [0, 105, 0],
				"cubes": [
					{"origin": [0.07319, 27.499, -9.23969], "size": [2, 1, 2], "uv": [12, 109], "inflate": -0.9}
				]
			},
			{
				"name": "bone102",
				"parent": "bone91",
				"pivot": [1.35, 25.6, -7],
				"rotation": [0, 140, 0],
				"cubes": [
					{"origin": [0.79504, 27.499, -9.04971], "size": [2, 1, 2], "uv": [12, 109], "inflate": -0.9}
				]
			},
			{
				"name": "bone103",
				"parent": "bone91",
				"pivot": [1.35, 25.6, -7],
				"rotation": [0, 170, 0],
				"cubes": [
					{"origin": [1.22366, 27.499, -8.54995], "size": [2, 1, 2], "uv": [12, 109], "inflate": -0.9}
				]
			},
			{
				"name": "bone104",
				"parent": "bone91",
				"pivot": [1.35, 25.6, -7],
				"rotation": [0, -175, 0],
				"cubes": [
					{"origin": [1.31376, 27.499, -8.13438], "size": [2, 1, 2], "uv": [12, 109], "inflate": -0.9}
				]
			},
			{
				"name": "bone105",
				"parent": "bone91",
				"pivot": [1.35, 25.6, -7],
				"rotation": [0, -155, 0],
				"cubes": [
					{"origin": [1.27343, 27.499, -7.63689], "size": [2, 1, 2], "uv": [12, 109], "inflate": -0.9}
				]
			},
			{
				"name": "bone92",
				"parent": "bone91",
				"pivot": [1.35, 25.6, -7],
				"rotation": [0, -140, 0],
				"cubes": [
					{"origin": [1.12551, 27.499, -7.23955], "size": [2, 1, 2], "uv": [12, 109], "inflate": -0.9}
				]
			},
			{
				"name": "bone106",
				"parent": "bone91",
				"pivot": [1.35, 25.6, -7],
				"rotation": [0, -115, 0],
				"cubes": [
					{"origin": [0.69857, 27.499, -6.83468], "size": [2, 1, 2], "uv": [12, 109], "inflate": -0.9}
				]
			},
			{
				"name": "bone107",
				"parent": "bone91",
				"pivot": [1.35, 25.6, -7],
				"rotation": [0, -105, 0],
				"cubes": [
					{"origin": [0.47508, 27.499, -6.61074], "size": [2, 1, 2], "uv": [12, 109], "inflate": -0.9}
				]
			},
			{
				"name": "bone108",
				"parent": "bone91",
				"pivot": [1.35, 25.6, -7],
				"rotation": [0, -85, 0],
				"cubes": [
					{"origin": [-0.03579, 27.499, -6.49198], "size": [2, 1, 2], "uv": [12, 109], "inflate": -0.9}
				]
			},
			{
				"name": "bone109",
				"parent": "bone91",
				"pivot": [1.08877, 27.999, -5.455],
				"rotation": [0, -65, 0],
				"cubes": [
					{"origin": [-2.10754, 27.499, -5.8998], "size": [2, 1, 2], "uv": [12, 109], "inflate": -0.9}
				]
			},
			{
				"name": "bone110",
				"parent": "bone91",
				"pivot": [1.08877, 27.999, -5.455],
				"rotation": [0, -35, 0],
				"cubes": [
					{"origin": [-2.12749, 27.499, -6.93574], "size": [2, 1, 2], "uv": [12, 109], "inflate": -0.9}
				]
			},
			{
				"name": "bone111",
				"parent": "bone91",
				"pivot": [1.08877, 27.999, -5.455],
				"rotation": [0, -30, 0],
				"cubes": [
					{"origin": [-2.0855, 27.499, -6.93617], "size": [2, 1, 2], "uv": [12, 109], "inflate": -0.9}
				]
			},
			{
				"name": "bone112",
				"parent": "bone91",
				"pivot": [1.08877, 27.999, -5.455],
				"rotation": [0, -20, 0],
				"cubes": [
					{"origin": [-1.98476, 27.499, -7.1253], "size": [2, 1, 2], "uv": [12, 109], "inflate": -0.9}
				]
			},
			{
				"name": "bone113",
				"parent": "bone91",
				"pivot": [1.08877, 27.999, -5.455],
				"rotation": [0, -5, 0],
				"cubes": [
					{"origin": [-1.76309, 27.499, -7.46842], "size": [2, 1, 2], "uv": [12, 109], "inflate": -0.9}
				]
			},
			{
				"name": "bone114",
				"parent": "bone91",
				"pivot": [1.08877, 27.999, -5.455],
				"rotation": [0, 15, 0],
				"cubes": [
					{"origin": [-1.33297, 27.499, -7.88091], "size": [2, 1, 2], "uv": [12, 109], "inflate": -0.9}
				]
			},
			{
				"name": "bone115",
				"parent": "bone91",
				"pivot": [1.08877, 27.999, -5.455],
				"rotation": [0, 30, 0],
				"cubes": [
					{"origin": [-0.93795, 27.499, -8.02959], "size": [2, 1, 2], "uv": [12, 109], "inflate": -0.9}
				]
			},
			{
				"name": "bone116",
				"parent": "bone91",
				"pivot": [1.08877, 27.999, -5.455],
				"rotation": [0, 45, 0],
				"cubes": [
					{"origin": [-0.5179, 27.499, -8.07096], "size": [2, 1, 2], "uv": [12, 109], "inflate": -0.9}
				]
			},
			{
				"name": "bone117",
				"parent": "bone91",
				"pivot": [1.08877, 27.999, -5.455],
				"rotation": [0, 55, 0],
				"cubes": [
					{"origin": [-0.24392, 27.499, -7.97064], "size": [2, 1, 2], "uv": [12, 109], "inflate": -0.9}
				]
			},
			{
				"name": "bone118",
				"parent": "bone91",
				"pivot": [1.08877, 27.999, -5.455],
				"rotation": [0, 70, 0],
				"cubes": [
					{"origin": [0.13721, 27.499, -7.83439], "size": [2, 1, 2], "uv": [12, 109], "inflate": -0.9}
				]
			},
			{
				"name": "bone119",
				"parent": "bone91",
				"pivot": [1.08877, 27.999, -5.455],
				"rotation": [0, 90, 0],
				"cubes": [
					{"origin": [0.5779, 27.499, -7.57487], "size": [2, 1, 2], "uv": [12, 109], "inflate": -0.9}
				]
			},
			{
				"name": "bone120",
				"parent": "bone91",
				"pivot": [1.08877, 27.999, -5.455],
				"rotation": [0, 105, 0],
				"cubes": [
					{"origin": [0.82861, 27.499, -7.23941], "size": [2, 1, 2], "uv": [12, 109], "inflate": -0.9}
				]
			},
			{
				"name": "bone121",
				"parent": "bone91",
				"pivot": [1.08877, 27.999, -5.455],
				"rotation": [0, 100, 0],
				"cubes": [
					{"origin": [0.76576, 27.499, -7.11], "size": [2, 1, 2], "uv": [12, 109], "inflate": -0.9}
				]
			},
			{
				"name": "bone122",
				"parent": "bone91",
				"pivot": [1.08877, 27.999, -5.455],
				"rotation": [0, 95, 0],
				"cubes": [
					{"origin": [0.71443, 27.499, -6.9756], "size": [2, 1, 2], "uv": [12, 109], "inflate": -0.9}
				]
			},
			{
				"name": "bone123",
				"parent": "bone91",
				"pivot": [1.08877, 27.999, -5.455],
				"rotation": [0, 85, 0],
				"cubes": [
					{"origin": [0.63037, 27.499, -6.89522], "size": [2, 1, 2], "uv": [12, 109], "inflate": -0.9}
				]
			},
			{
				"name": "bone80",
				"parent": "bone13",
				"pivot": [0, 40.35, 0.05]
			},
			{
				"name": "bone81",
				"parent": "bone80",
				"pivot": [0, 23.85, 0.15]
			},
			{
				"name": "bone82",
				"parent": "bone81",
				"pivot": [0, 23.85, 4.62051],
				"rotation": [10, 0, 0],
				"cubes": [
					{"origin": [-2.5, 18.41123, 4.59463], "size": [5, 6, 0], "uv": [28, 52]}
				]
			},
			{
				"name": "bone83",
				"parent": "bone82",
				"pivot": [-2.5, 23.50782, 4.62051],
				"rotation": [0, 0, 9.85108],
				"cubes": [
					{"origin": [-4.5, 18.50782, 4.61951], "size": [3, 6, 0], "uv": [0, 72]}
				]
			},
			{
				"name": "bone84",
				"parent": "bone82",
				"pivot": [2.5, 23.50782, 4.62051],
				"rotation": [0, 0, -9.85108],
				"cubes": [
					{"origin": [1.5, 18.50782, 4.62151], "size": [3, 6, 0], "uv": [48, 66]}
				]
			},
			{
				"name": "bone85",
				"parent": "bone80",
				"pivot": [0, 23.85, 0.15],
				"rotation": [0, -90, 0]
			},
			{
				"name": "bone86",
				"parent": "bone85",
				"pivot": [0, 23.85, 4.62051],
				"rotation": [10, 0, 0]
			},
			{
				"name": "bone88",
				"parent": "bone86",
				"pivot": [2.5, 23.50782, 4.62051],
				"rotation": [0, 0, -9.85108],
				"cubes": [
					{"origin": [2.5, 18.50782, 4.62151], "size": [2, 6, 0], "uv": [18, 78]}
				]
			},
			{
				"name": "bone93",
				"parent": "bone80",
				"pivot": [0, 23.85, 0.15],
				"rotation": [0, -270, 0]
			},
			{
				"name": "bone94",
				"parent": "bone93",
				"pivot": [0, 23.85, 4.62051],
				"rotation": [10, 0, 0]
			},
			{
				"name": "bone95",
				"parent": "bone94",
				"pivot": [-2.5, 23.50782, 4.62051],
				"rotation": [0, 0, 9.85108],
				"cubes": [
					{"origin": [-4.5, 18.50782, 4.61951], "size": [2, 6, 0], "uv": [14, 78]}
				]
			},
			{
				"name": "armRight",
				"pivot": [-2, 17.5, 0],
				"rotation": [0, 0, 25],
				"cubes": [
					{"origin": [-4, 8.5, -1], "size": [2, 8, 2], "uv": [0, 52]}
				]
			},
			{
				"name": "bone57",
				"parent": "armRight",
				"pivot": [-3, 12, -0.1],
				"cubes": [
					{"origin": [-4, 9.5, -1.1], "size": [2, 2, 3], "uv": [12, 66], "inflate": 0.1}
				]
			},
			{
				"name": "bone58",
				"parent": "bone57",
				"pivot": [-3, 12.5, 0.4],
				"rotation": [15, 0, 0],
				"cubes": [
					{"origin": [-4, 11.21656, -0.28746], "size": [2, 4, 2], "uv": [32, 66]}
				]
			},
			{
				"name": "bone61",
				"parent": "bone57",
				"pivot": [-3, 12.5, -0.6],
				"rotation": [-5, 0, 0],
				"cubes": [
					{"origin": [-4, 11.55113, -1.11928], "size": [2, 2, 1], "uv": [6, 84]}
				]
			},
			{
				"name": "bone59",
				"parent": "bone57",
				"pivot": [-3, 12.5, 0.4],
				"rotation": [0, 0, 5],
				"cubes": [
					{"origin": [-4.01737, 11.50755, -1], "size": [1, 1, 2], "uv": [24, 84]}
				]
			},
			{
				"name": "bone60",
				"parent": "bone57",
				"pivot": [-1, 12.5, 0.4],
				"rotation": [0, 0, -5],
				"cubes": [
					{"origin": [-2.97502, 11.68186, -1], "size": [1, 1, 2], "uv": [18, 84]}
				]
			},
			{
				"name": "armLeft",
				"pivot": [2, 17.5, 0],
				"rotation": [0, 0, -25],
				"cubes": [
					{"origin": [2, 8.5, -1], "size": [2, 8, 2], "uv": [0, 52], "mirror": true}
				]
			},
			{
				"name": "bone62",
				"parent": "armLeft",
				"pivot": [3, 12, -0.1],
				"cubes": [
					{"origin": [2, 9.5, -1.1], "size": [2, 2, 3], "uv": [12, 66], "inflate": 0.1, "mirror": true}
				]
			},
			{
				"name": "bone63",
				"parent": "bone62",
				"pivot": [3, 12.5, 0.4],
				"rotation": [15, 0, 0],
				"cubes": [
					{"origin": [2, 11.21656, -0.28746], "size": [2, 4, 2], "uv": [32, 66], "mirror": true}
				]
			},
			{
				"name": "bone64",
				"parent": "bone62",
				"pivot": [3, 12.5, -0.6],
				"rotation": [-5, 0, 0],
				"cubes": [
					{"origin": [2, 11.55113, -1.11928], "size": [2, 2, 1], "uv": [6, 84], "mirror": true}
				]
			},
			{
				"name": "bone65",
				"parent": "bone62",
				"pivot": [3, 12.5, 0.4],
				"rotation": [0, 0, 5],
				"cubes": [
					{"origin": [1.98263, 11.50755, -1], "size": [1, 1, 2], "uv": [18, 84], "mirror": true}
				]
			},
			{
				"name": "bone66",
				"parent": "bone62",
				"pivot": [5, 12.5, 0.4],
				"rotation": [0, 0, -5],
				"cubes": [
					{"origin": [3.02498, 11.68186, -1], "size": [1, 1, 2], "uv": [24, 84], "mirror": true}
				]
			},
			{
				"name": "body",
				"pivot": [0, 10.5, 0],
				"cubes": [
					{"origin": [-3, 8.999, -3], "size": [6, 9, 6], "uv": [32, 12]}
				]
			},
			{
				"name": "bone68",
				"parent": "body",
				"pivot": [0.6, 17.099, -3],
				"rotation": [0, 0, 25],
				"cubes": [
					{"origin": [-0.63085, 15.72316, -3.4501], "size": [2, 3, 1], "uv": [6, 108], "inflate": -0.7}
				]
			},
			{
				"name": "bone69",
				"parent": "body",
				"pivot": [-0.45414, 17.0662, -2.95],
				"rotation": [0, 0, -25],
				"cubes": [
					{"origin": [-1.31972, 15.77037, -3.35], "size": [2, 3, 1], "uv": [0, 108], "inflate": -0.7}
				]
			},
			{
				"name": "bone56",
				"parent": "body",
				"pivot": [0, 0, 0],
				"cubes": [
					{"origin": [-3, 12.599, -3], "size": [6, 2, 6], "uv": [0, 28], "inflate": 0.05}
				]
			},
			{
				"name": "bone72",
				"parent": "bone56",
				"pivot": [0, 0.6, 0]
			},
			{
				"name": "bone421",
				"parent": "bone72",
				"pivot": [0, 11, -0.25],
				"cubes": [
					{"origin": [-1, 12.26977, 3.00558], "size": [2, 2, 1], "uv": [104, 0], "inflate": 0.5}
				]
			},
			{
				"name": "bone73",
				"parent": "bone421",
				"pivot": [1.87335, 13.54184, 3.5405],
				"rotation": [0, -20, -10],
				"cubes": [
					{"origin": [0.37335, 12.54184, 3.0405], "size": [3, 2, 1], "uv": [104, 3]}
				]
			},
			{
				"name": "bone74",
				"parent": "bone421",
				"pivot": [-2.10255, 13.14184, 3.54706],
				"rotation": [0, 15, 10],
				"cubes": [
					{"origin": [-3.35255, 12.64184, 3.04706], "size": [3, 2, 1], "uv": [104, 3]}
				]
			},
			{
				"name": "bone75",
				"parent": "bone421",
				"pivot": [1, 11, -0.25],
				"rotation": [0, -15, 0]
			},
			{
				"name": "bone76",
				"parent": "bone75",
				"pivot": [3, 14.249, 3.25],
				"rotation": [0, 0, 35],
				"cubes": [
					{"origin": [1.63421, 12.7394, 3.00558], "size": [4, 1, 1], "uv": [102, 6]}
				]
			},
			{
				"name": "bone77",
				"parent": "bone75",
				"pivot": [3, 14.249, 3.25],
				"rotation": [0, 0, 50],
				"cubes": [
					{"origin": [1.93516, 12.47262, 3.00568], "size": [4, 1, 1], "uv": [102, 6]}
				]
			},
			{
				"name": "bone78",
				"parent": "bone421",
				"pivot": [-1.1, 11, -0.25],
				"rotation": [0, 15, 0]
			},
			{
				"name": "bone79",
				"parent": "bone78",
				"pivot": [-3.1, 14.249, 3.25],
				"rotation": [0, 0, -35],
				"cubes": [
					{"origin": [-5.69325, 12.71072, 3.00558], "size": [4, 1, 1], "uv": [102, 6]}
				]
			},
			{
				"name": "bone89",
				"parent": "bone78",
				"pivot": [-3.1, 14.249, 3.25],
				"rotation": [0, 0, -50],
				"cubes": [
					{"origin": [-6.00302, 12.43432, 3.00568], "size": [4, 1, 1], "uv": [102, 6]}
				]
			},
			{
				"name": "bone20",
				"parent": "body",
				"pivot": [0, 14.999, -4],
				"rotation": [-30, 0, 0],
				"cubes": [
					{"origin": [-3, 15.10701, -4.08087], "size": [6, 2, 2], "uv": [12, 48], "inflate": -0.1}
				]
			},
			{
				"name": "bone67",
				"parent": "bone20",
				"pivot": [0, 16.18201, -2.43135],
				"rotation": [0, 0, 10],
				"cubes": [
					{"origin": [-1.00209, 14.65037, -4.34737], "size": [2, 3, 1], "uv": [22, 78], "inflate": -0.7}
				]
			},
			{
				"name": "bone38",
				"parent": "body",
				"pivot": [0, 8.6, 0]
			},
			{
				"name": "bone21",
				"parent": "bone38",
				"pivot": [0, 2.1, 0]
			},
			{
				"name": "bone22",
				"parent": "bone21",
				"pivot": [0, -6.4, 0]
			},
			{
				"name": "bone23",
				"parent": "bone22",
				"pivot": [0, -6.4, 3.99863],
				"rotation": [3, 0, 0],
				"cubes": [
					{"origin": [-3, 8.54774, 3.99863], "size": [6, 4, 0], "uv": [24, 62]}
				]
			},
			{
				"name": "bone24",
				"parent": "bone23",
				"pivot": [-3, -6.45226, 3.99863],
				"rotation": [0, 0, 2.9959],
				"cubes": [
					{"origin": [-4, 8.54774, 3.99763], "size": [1, 4, 0], "uv": [26, 89]}
				]
			},
			{
				"name": "bone25",
				"parent": "bone23",
				"pivot": [3, -6.45226, 3.99863],
				"rotation": [0, 0, -2.9959],
				"cubes": [
					{"origin": [3, 8.54774, 3.99963], "size": [1, 4, 0], "uv": [24, 89]}
				]
			},
			{
				"name": "bone26",
				"parent": "bone21",
				"pivot": [0, -6.4, 0],
				"rotation": [0, -90, 0]
			},
			{
				"name": "bone27",
				"parent": "bone26",
				"pivot": [0, -6.4, 3.99863],
				"rotation": [3, 0, 0],
				"cubes": [
					{"origin": [-3, 8.54774, 3.99863], "size": [6, 4, 0], "uv": [12, 62]}
				]
			},
			{
				"name": "bone28",
				"parent": "bone27",
				"pivot": [-3, -6.45226, 3.99863],
				"rotation": [0, 0, 2.9959],
				"cubes": [
					{"origin": [-4, 8.54774, 3.99763], "size": [1, 4, 0], "uv": [22, 89]}
				]
			},
			{
				"name": "bone29",
				"parent": "bone27",
				"pivot": [3, -6.45226, 3.99863],
				"rotation": [0, 0, -2.9959],
				"cubes": [
					{"origin": [3, 8.54774, 3.99963], "size": [1, 4, 0], "uv": [20, 89]}
				]
			},
			{
				"name": "bone30",
				"parent": "bone21",
				"pivot": [0, -6.4, 0],
				"rotation": [0, -180, 0]
			},
			{
				"name": "bone31",
				"parent": "bone30",
				"pivot": [0, -6.4, 3.99863],
				"rotation": [3, 0, 0],
				"cubes": [
					{"origin": [-3, 8.54774, 3.99863], "size": [6, 4, 0], "uv": [0, 62]}
				]
			},
			{
				"name": "bone32",
				"parent": "bone31",
				"pivot": [-3, -6.45226, 3.99863],
				"rotation": [0, 0, 2.9959],
				"cubes": [
					{"origin": [-4, 8.54774, 3.99763], "size": [1, 4, 0], "uv": [18, 89]}
				]
			},
			{
				"name": "bone33",
				"parent": "bone31",
				"pivot": [3, -6.45226, 3.99863],
				"rotation": [0, 0, -2.9959],
				"cubes": [
					{"origin": [3, 8.54774, 3.99963], "size": [1, 4, 0], "uv": [16, 89]}
				]
			},
			{
				"name": "bone34",
				"parent": "bone21",
				"pivot": [0, -6.4, 0],
				"rotation": [0, -270, 0]
			},
			{
				"name": "bone35",
				"parent": "bone34",
				"pivot": [0, -6.4, 3.99863],
				"rotation": [3, 0, 0],
				"cubes": [
					{"origin": [-3, 8.54774, 3.99863], "size": [6, 4, 0], "uv": [28, 58]}
				]
			},
			{
				"name": "bone36",
				"parent": "bone35",
				"pivot": [-3, -6.45226, 3.99863],
				"rotation": [0, 0, 2.9959],
				"cubes": [
					{"origin": [-4, 8.54774, 3.99763], "size": [1, 4, 0], "uv": [14, 89]}
				]
			},
			{
				"name": "bone37",
				"parent": "bone35",
				"pivot": [3, -6.45226, 3.99863],
				"rotation": [0, 0, -2.9959],
				"cubes": [
					{"origin": [3, 8.54774, 3.99963], "size": [1, 4, 0], "uv": [12, 89]}
				]
			},
			{
				"name": "bone124",
				"parent": "bone38",
				"pivot": [0, 8.6, 0]
			},
			{
				"name": "bone39",
				"parent": "bone124",
				"pivot": [0, 43.1, 0],
				"rotation": [180, 0, 0]
			},
			{
				"name": "bone40",
				"parent": "bone39",
				"pivot": [0, 33.1, 0]
			},
			{
				"name": "bone41",
				"parent": "bone40",
				"pivot": [0, 33.1, 3.99985],
				"rotation": [1, 0, 0],
				"cubes": [
					{"origin": [-3, 77.58247, 4.00857], "size": [6, 4, 0], "uv": [0, 66]}
				]
			},
			{
				"name": "bone42",
				"parent": "bone41",
				"pivot": [-3, 33.08255, 3.99985],
				"rotation": [0, 0, 0.99985],
				"cubes": [
					{"origin": [-4.00872, 77.5824, 4.00757], "size": [1, 4, 0], "uv": [10, 94]}
				]
			},
			{
				"name": "bone43",
				"parent": "bone41",
				"pivot": [3, 33.08255, 3.99985],
				"rotation": [0, 0, -0.99985],
				"cubes": [
					{"origin": [3.00872, 77.5824, 4.00957], "size": [1, 4, 0], "uv": [8, 94]}
				]
			},
			{
				"name": "bone44",
				"parent": "bone39",
				"pivot": [0, 33.1, 0],
				"rotation": [0, -90, 0]
			},
			{
				"name": "bone45",
				"parent": "bone44",
				"pivot": [0, 33.1, 3.99985],
				"rotation": [1, 0, 0],
				"cubes": [
					{"origin": [-3, 77.58247, 4.00857], "size": [6, 4, 0], "uv": [60, 62]}
				]
			},
			{
				"name": "bone46",
				"parent": "bone45",
				"pivot": [-3, 33.08255, 3.99985],
				"rotation": [0, 0, 0.99985],
				"cubes": [
					{"origin": [-4.00872, 77.5824, 4.00757], "size": [1, 4, 0], "uv": [6, 94]}
				]
			},
			{
				"name": "bone47",
				"parent": "bone45",
				"pivot": [3, 33.08255, 3.99985],
				"rotation": [0, 0, -0.99985],
				"cubes": [
					{"origin": [3.00872, 77.5824, 4.00957], "size": [1, 4, 0], "uv": [4, 94]}
				]
			},
			{
				"name": "bone48",
				"parent": "bone39",
				"pivot": [0, 33.1, 0],
				"rotation": [0, -180, 0]
			},
			{
				"name": "bone49",
				"parent": "bone48",
				"pivot": [0, 33.1, 3.99985],
				"rotation": [1, 0, 0],
				"cubes": [
					{"origin": [-3, 77.58247, 4.00857], "size": [6, 4, 0], "uv": [48, 62]}
				]
			},
			{
				"name": "bone50",
				"parent": "bone49",
				"pivot": [-3, 33.08255, 3.99985],
				"rotation": [0, 0, 0.99985],
				"cubes": [
					{"origin": [-4.00872, 77.5824, 4.00757], "size": [1, 4, 0], "uv": [2, 94]}
				]
			},
			{
				"name": "bone51",
				"parent": "bone49",
				"pivot": [3, 33.08255, 3.99985],
				"rotation": [0, 0, -0.99985],
				"cubes": [
					{"origin": [3.00872, 77.5824, 4.00957], "size": [1, 4, 0], "uv": [0, 94]}
				]
			},
			{
				"name": "bone52",
				"parent": "bone39",
				"pivot": [0, 33.1, 0],
				"rotation": [0, -270, 0]
			},
			{
				"name": "bone53",
				"parent": "bone52",
				"pivot": [0, 33.1, 3.99985],
				"rotation": [1, 0, 0],
				"cubes": [
					{"origin": [-3, 77.58247, 4.00857], "size": [6, 4, 0], "uv": [36, 62]}
				]
			},
			{
				"name": "bone54",
				"parent": "bone53",
				"pivot": [-3, 33.08255, 3.99985],
				"rotation": [0, 0, 0.99985],
				"cubes": [
					{"origin": [-4.00872, 77.5824, 4.00757], "size": [1, 4, 0], "uv": [30, 89]}
				]
			},
			{
				"name": "bone55",
				"parent": "bone53",
				"pivot": [3, 33.08255, 3.99985],
				"rotation": [0, 0, -0.99985],
				"cubes": [
					{"origin": [3.00872, 77.5824, 4.00957], "size": [1, 4, 0], "uv": [28, 89]}
				]
			},
			{
				"name": "legLeft",
				"pivot": [2, 9, 0],
				"cubes": [
					{"origin": [0.149, 1, -1.5], "size": [3, 8, 3], "uv": [0, 40], "mirror": true},
					{"origin": [0.149, 0, 0.25], "size": [3, 1, 1], "uv": [77, 0], "mirror": true},
					{"origin": [0.149, 0, -1.25], "size": [3, 1, 1], "uv": [77, 0], "mirror": true},
					{"origin": [-0.301, 0.3, -2.05], "size": [4, 1, 4], "uv": [76, 6], "inflate": -0.3, "mirror": true}
				]
			},
			{
				"name": "legRight",
				"pivot": [-2, 9, 0],
				"cubes": [
					{"origin": [-3.149, 1, -1.5], "size": [3, 8, 3], "uv": [0, 40]},
					{"origin": [-3.149, 0, 0.25], "size": [3, 1, 1], "uv": [77, 0]},
					{"origin": [-3.149, 0, -1.25], "size": [3, 1, 1], "uv": [77, 0]},
					{"origin": [-3.699, 0.3, -2.05], "size": [4, 1, 4], "uv": [76, 6], "inflate": -0.3, "mirror": true}
				]
			}
		]
	}
}