{
	"format_version": "1.10.0",
	"geometry.model": {
		"texturewidth": 112,
		"textureheight": 112,
		"visible_bounds_width": 3,
		"visible_bounds_height": 2,
		"visible_bounds_offset": [0, 0, 0],
		"bones": [
			{
				"name": "head",
				"pivot": [0, 18, 0],
				"cubes": [
					{"origin": [-4, 18, -4], "size": [8, 8, 8], "uv": [0, 0]}
				]
			},
			{
				"name": "bone",
				"parent": "head",
				"pivot": [0, 0.25, -8]
			},
			{
				"name": "bone2",
				"parent": "bone",
				"pivot": [1, 0.25, -7.5]
			},
			{
				"name": "bone3",
				"parent": "bone2",
				"pivot": [1, 0.25, -7.5],
				"cubes": [
					{"origin": [-1, 22.25, -4.5], "size": [2, 4, 1], "uv": [20, 65]}
				]
			},
			{
				"name": "bone5",
				"parent": "bone2",
				"pivot": [-2.1, 24.25, -4],
				"rotation": [0, 0, 5],
				"cubes": [
					{"origin": [-3.1, 22.25, -4.4], "size": [2, 4, 1], "uv": [8, 65]}
				]
			},
			{
				"name": "bone4",
				"parent": "bone2",
				"pivot": [2, 24.25, -4],
				"rotation": [0, 0, -10],
				"cubes": [
					{"origin": [1.19696, 22.21527, -4.4], "size": [2, 4, 1], "uv": [14, 65]}
				]
			},
			{
				"name": "bone6",
				"parent": "bone2",
				"pivot": [-4.1, 24.25, -4],
				"rotation": [0, 0, 5],
				"cubes": [
					{"origin": [-4.1, 22.25, -4.5], "size": [1, 4, 2], "uv": [46, 45]}
				]
			},
			{
				"name": "bone7",
				"parent": "bone2",
				"pivot": [-4.1, 19.25, -4],
				"cubes": [
					{"origin": [-4.27431, 17.25761, -4.25], "size": [1, 5, 1], "uv": [38, 65]}
				]
			},
			{
				"name": "bone8",
				"parent": "bone2",
				"pivot": [4.15, 24.15, -4],
				"rotation": [0, 0, -5],
				"cubes": [
					{"origin": [3.15, 22.15, -4.5], "size": [1, 4, 2], "uv": [40, 45]}
				]
			},
			{
				"name": "bone9",
				"parent": "bone2",
				"pivot": [4.15, 20.15, -4],
				"cubes": [
					{"origin": [3.32431, 17.15761, -4.25], "size": [1, 5, 1], "uv": [34, 65]}
				]
			},
			{
				"name": "bone10",
				"parent": "bone",
				"pivot": [0, 0.25, -8],
				"cubes": [
					{"origin": [-4.5, 20, -3.5], "size": [1, 3, 7], "uv": [0, 16]},
					{"origin": [-4.25, 19, -3], "size": [1, 1, 6], "uv": [58, 27]},
					{"origin": [3.5, 20, -3.5], "size": [1, 3, 7], "uv": [56, 0]},
					{"origin": [3.25, 19, -3], "size": [1, 1, 6], "uv": [44, 27]},
					{"origin": [-3.5, 19.5, 3.5], "size": [7, 3, 1], "uv": [0, 35]},
					{"origin": [-3.5, 18.5, 3.3], "size": [7, 1, 1], "uv": [0, 39]}
				]
			},
			{
				"name": "bone26",
				"parent": "bone",
				"pivot": [-2.5, 16.35, 1.25],
				"rotation": [0, 0, 5],
				"cubes": [
					{"origin": [-4.73577, 18.82598, 3.25], "size": [1, 3, 1], "uv": [38, 99]},
					{"origin": [-4.73577, 18.07598, 3.25], "size": [1, 1, 1], "uv": [12, 110], "inflate": -0.15}
				]
			},
			{
				"name": "bone35",
				"parent": "bone26",
				"pivot": [-2.5, 16.1, 1.25],
				"rotation": [5, 0, 0]
			},
			{
				"name": "bone29",
				"parent": "bone35",
				"pivot": [-4.50568, 11.44549, 3.7736],
				"rotation": [0, 0, 10],
				"cubes": [
					{"origin": [-4.66092, 11.49534, 3.37883], "size": [1, 1, 1], "uv": [8, 110]}
				]
			},
			{
				"name": "bone28",
				"parent": "bone35",
				"pivot": [-4.23104, 13.30682, 3.23853],
				"rotation": [5, 0, 0],
				"cubes": [
					{"origin": [-4.49145, 12.23702, 3.28959], "size": [1, 3, 1], "uv": [30, 99]}
				]
			},
			{
				"name": "bone27",
				"parent": "bone35",
				"pivot": [-4.75, 16.25, 3.5],
				"rotation": [-5, 0, -10],
				"cubes": [
					{"origin": [-4.68698, 15.00264, 3.22885], "size": [1, 3, 1], "uv": [34, 99]}
				]
			},
			{
				"name": "bone48",
				"parent": "bone26",
				"pivot": [-4.97821, 18.25095, 3.75],
				"rotation": [-45, 115, -20.25]
			},
			{
				"name": "bone49",
				"parent": "bone48",
				"pivot": [-4.97821, 18.75095, 3.75],
				"cubes": [
					{"origin": [-5.47821, 18.20831, 3.16808], "size": [1, 1, 1], "uv": [28, 108], "inflate": -0.3}
				]
			},
			{
				"name": "bone50",
				"parent": "bone48",
				"pivot": [-4.97821, 18.25095, 3.75]
			},
			{
				"name": "bone51",
				"parent": "bone50",
				"pivot": [-4.62821, 18.40095, 3.75]
			},
			{
				"name": "bone52",
				"parent": "bone51",
				"pivot": [-5.37821, 18.90095, 3.75],
				"rotation": [0, 0, 15],
				"cubes": [
					{"origin": [-6.81985, 18.18315, 3.16808], "size": [2, 1, 1], "uv": [66, 97], "inflate": -0.2}
				]
			},
			{
				"name": "bone53",
				"parent": "bone51",
				"pivot": [-5.37821, 17.90095, 3.75],
				"rotation": [0, 0, -15],
				"cubes": [
					{"origin": [-6.65358, 18.23927, 3.16808], "size": [2, 1, 1], "uv": [60, 97], "inflate": -0.2}
				]
			},
			{
				"name": "bone54",
				"parent": "bone50",
				"pivot": [-5.32821, 18.40095, 3.75]
			},
			{
				"name": "bone55",
				"parent": "bone54",
				"pivot": [-3.57821, 18.90095, 3.75],
				"rotation": [0, 0, -15],
				"cubes": [
					{"origin": [-5.07187, 18.42463, 3.16808], "size": [2, 1, 1], "uv": [54, 97], "inflate": -0.2}
				]
			},
			{
				"name": "bone56",
				"parent": "bone54",
				"pivot": [-3.57821, 18.90095, 3.75],
				"rotation": [0, 0, 15],
				"cubes": [
					{"origin": [-4.97475, 18.01482, 3.16808], "size": [2, 1, 1], "uv": [48, 97], "inflate": -0.2}
				]
			},
			{
				"name": "bone57",
				"parent": "bone48",
				"pivot": [-4.97821, 17.4318, 3.17642]
			},
			{
				"name": "bone58",
				"parent": "bone57",
				"pivot": [-5.72821, 16.9318, 3.17642],
				"rotation": [0, 0, -60],
				"cubes": [
					{"origin": [-5.81686, 16.78953, 3.25], "size": [2, 1, 1], "uv": [42, 97], "inflate": -0.2}
				]
			},
			{
				"name": "bone59",
				"parent": "bone57",
				"pivot": [-3.22821, 17.9318, 3.17642],
				"rotation": [0, 0, 60],
				"cubes": [
					{"origin": [-4.74886, 16.44861, 3.25], "size": [2, 1, 1], "uv": [36, 97], "inflate": -0.2}
				]
			},
			{
				"name": "bone30",
				"parent": "bone",
				"pivot": [7, 17, 1.25],
				"rotation": [0, 0, -5],
				"cubes": [
					{"origin": [3.69624, 19.22065, 3.25], "size": [1, 3, 1], "uv": [26, 99]},
					{"origin": [3.69624, 18.47065, 3.25], "size": [1, 1, 1], "uv": [0, 110], "inflate": -0.15}
				]
			},
			{
				"name": "bone34",
				"parent": "bone30",
				"pivot": [7, 17, 1.25],
				"rotation": [5, 0, 0]
			},
			{
				"name": "bone31",
				"parent": "bone34",
				"pivot": [4.75, 17.15, 3.5],
				"rotation": [-5, 0, 10],
				"cubes": [
					{"origin": [3.62293, 15.63773, 3.21703], "size": [1, 3, 1], "uv": [22, 99]}
				]
			},
			{
				"name": "bone32",
				"parent": "bone34",
				"pivot": [5.26896, 14.20682, 3.23853],
				"cubes": [
					{"origin": [3.38273, 12.88638, 3.08631], "size": [1, 3, 1], "uv": [18, 99]}
				]
			},
			{
				"name": "bone33",
				"parent": "bone34",
				"pivot": [4.99432, 12.34549, 3.7736],
				"rotation": [-5, 0, -10],
				"cubes": [
					{"origin": [3.50114, 12.18217, 3.0143], "size": [1, 1, 1], "uv": [4, 110]}
				]
			},
			{
				"name": "bone60",
				"parent": "bone30",
				"pivot": [4.75, 18.5, 4.25],
				"rotation": [-20, -120, 0]
			},
			{
				"name": "bone61",
				"parent": "bone60",
				"pivot": [4.75, 19, 4.25],
				"cubes": [
					{"origin": [4.25, 18.45736, 3.66808], "size": [1, 1, 1], "uv": [28, 106], "inflate": -0.3}
				]
			},
			{
				"name": "bone62",
				"parent": "bone60",
				"pivot": [4.75, 18.5, 4.1]
			},
			{
				"name": "bone63",
				"parent": "bone62",
				"pivot": [5.2, 18.65, 4.1]
			},
			{
				"name": "bone64",
				"parent": "bone63",
				"pivot": [4.45, 19.15, 4.1],
				"rotation": [0, 0, 15],
				"cubes": [
					{"origin": [2.93787, 18.43475, 3.61808], "size": [2, 1, 1], "uv": [30, 97], "inflate": -0.2}
				]
			},
			{
				"name": "bone65",
				"parent": "bone63",
				"pivot": [4.45, 18.15, 4.1],
				"rotation": [0, 0, -15],
				"cubes": [
					{"origin": [3.11486, 18.52577, 3.61808], "size": [2, 1, 1], "uv": [24, 97], "inflate": -0.2}
				]
			},
			{
				"name": "bone66",
				"parent": "bone62",
				"pivot": [4.3, 18.7, 4.1]
			},
			{
				"name": "bone67",
				"parent": "bone66",
				"pivot": [6.05, 19.2, 4.1],
				"rotation": [0, 0, -15],
				"cubes": [
					{"origin": [4.58326, 18.69528, 3.61808], "size": [2, 1, 1], "uv": [18, 97], "inflate": -0.2}
				]
			},
			{
				"name": "bone68",
				"parent": "bone66",
				"pivot": [6.05, 19.2, 4.1],
				"rotation": [0, 0, 15],
				"cubes": [
					{"origin": [4.69097, 18.30273, 3.61808], "size": [2, 1, 1], "uv": [12, 97], "inflate": -0.2}
				]
			},
			{
				"name": "bone69",
				"parent": "bone60",
				"pivot": [4.75, 17.68085, 3.67642]
			},
			{
				"name": "bone70",
				"parent": "bone69",
				"pivot": [4, 17.18085, 3.67642],
				"rotation": [0, 0, -60],
				"cubes": [
					{"origin": [3.91135, 17.03858, 3.75], "size": [2, 1, 1], "uv": [6, 97], "inflate": -0.2}
				]
			},
			{
				"name": "bone71",
				"parent": "bone69",
				"pivot": [6.5, 18.18085, 3.67642],
				"rotation": [0, 0, 60],
				"cubes": [
					{"origin": [4.97935, 16.69766, 3.75], "size": [2, 1, 1], "uv": [0, 97], "inflate": -0.2}
				]
			},
			{
				"name": "blink",
				"parent": "head",
				"pivot": [0, 18, 0],
				"cubes": [
					{"origin": [-4, 18, -4.001], "size": [8, 8, 0], "uv": [16, 16]}
				]
			},
			{
				"name": "bone18",
				"parent": "head",
				"pivot": [0, 18, 0]
			},
			{
				"name": "bone14",
				"parent": "bone18",
				"pivot": [1.45, 23.7, -5],
				"rotation": [0, 0, -35]
			},
			{
				"name": "bone11",
				"parent": "bone14",
				"pivot": [1.75, 22.25, -5],
				"rotation": [0, 0, -5]
			},
			{
				"name": "bone12",
				"parent": "bone11",
				"pivot": [4.75, 24.7, -5.5],
				"rotation": [-15, 0, 0],
				"cubes": [
					{"origin": [2.71376, 24.84651, -1.88176], "size": [3, 2, 1], "uv": [28, 61]}
				]
			},
			{
				"name": "bone13",
				"parent": "bone11",
				"pivot": [4.75, 24.7, -5.5],
				"rotation": [15, 0, 0],
				"cubes": [
					{"origin": [2.71376, 22.50863, -1.39316], "size": [3, 2, 1], "uv": [28, 58]}
				]
			},
			{
				"name": "bone15",
				"parent": "bone14",
				"pivot": [5.35, 27, -5],
				"rotation": [0, 0, 40]
			},
			{
				"name": "bone16",
				"parent": "bone15",
				"pivot": [8.35, 25, -5.5],
				"rotation": [-15, 0, 0],
				"cubes": [
					{"origin": [5.91196, 25.38749, -1.94633], "size": [1, 2, 1], "uv": [4, 103]}
				]
			},
			{
				"name": "bone17",
				"parent": "bone15",
				"pivot": [8.35, 25, -5.5],
				"rotation": [15, 0, 0],
				"cubes": [
					{"origin": [5.91196, 23.04961, -1.32859], "size": [1, 2, 1], "uv": [0, 103]}
				]
			},
			{
				"name": "bone19",
				"parent": "bone18",
				"pivot": [0.45, 23.7, -5],
				"rotation": [0, 180, 35]
			},
			{
				"name": "bone20",
				"parent": "bone19",
				"pivot": [0.75, 22.25, -5],
				"rotation": [0, 0, -5]
			},
			{
				"name": "bone21",
				"parent": "bone20",
				"pivot": [3.75, 24.7, -5.5],
				"rotation": [-15, 0, 0],
				"cubes": [
					{"origin": [3.16924, 21.58777, -9.32482], "size": [3, 2, 1], "uv": [28, 61]}
				]
			},
			{
				"name": "bone22",
				"parent": "bone20",
				"pivot": [3.75, 24.7, -5.5],
				"rotation": [15, 0, 0],
				"cubes": [
					{"origin": [3.16924, 23.40801, -9.46841], "size": [3, 2, 1], "uv": [28, 58]}
				]
			},
			{
				"name": "bone23",
				"parent": "bone19",
				"pivot": [4.35, 27, -5],
				"rotation": [0, 0, 40]
			},
			{
				"name": "bone24",
				"parent": "bone23",
				"pivot": [7.35, 25, -5.5],
				"rotation": [-15, 0, 0],
				"cubes": [
					{"origin": [6.80473, 23.46838, -9.74835], "size": [1, 2, 1], "uv": [4, 103]}
				]
			},
			{
				"name": "bone25",
				"parent": "bone23",
				"pivot": [7.35, 25, -5.5],
				"rotation": [15, 0, 0],
				"cubes": [
					{"origin": [6.80473, 25.28862, -9.04489], "size": [1, 2, 1], "uv": [0, 103]}
				]
			},
			{
				"name": "bone38",
				"parent": "head",
				"pivot": [0, 26.25, -3.75],
				"rotation": [-55, 0, 0]
			},
			{
				"name": "bone36",
				"parent": "bone38",
				"pivot": [0, 26.75, -3.75],
				"cubes": [
					{"origin": [-0.5, 26.20736, -4.33192], "size": [1, 1, 1], "uv": [32, 106], "inflate": -0.2}
				]
			},
			{
				"name": "bone42",
				"parent": "bone38",
				"pivot": [0, 26.25, -3.75]
			},
			{
				"name": "bone43",
				"parent": "bone42",
				"pivot": [0, 26.25, -3.75]
			},
			{
				"name": "bone37",
				"parent": "bone43",
				"pivot": [-0.75, 26.75, -3.75],
				"rotation": [0, 0, 15],
				"cubes": [
					{"origin": [-2.26485, 26.3054, -4.33192], "size": [2, 1, 1], "uv": [12, 101]}
				]
			},
			{
				"name": "bone40",
				"parent": "bone43",
				"pivot": [-0.75, 25.75, -3.75],
				"rotation": [0, 0, -15],
				"cubes": [
					{"origin": [-2.02537, 26.08832, -4.33192], "size": [2, 1, 1], "uv": [6, 101]}
				]
			},
			{
				"name": "bone44",
				"parent": "bone42",
				"pivot": [0, 26.25, -3.75]
			},
			{
				"name": "bone39",
				"parent": "bone44",
				"pivot": [1.75, 26.75, -3.75],
				"rotation": [0, 0, -15],
				"cubes": [
					{"origin": [0.32955, 26.54688, -4.33192], "size": [2, 1, 1], "uv": [12, 99]}
				]
			},
			{
				"name": "bone41",
				"parent": "bone44",
				"pivot": [1.75, 26.75, -3.75],
				"rotation": [0, 0, 15],
				"cubes": [
					{"origin": [0.35346, 25.86387, -4.33192], "size": [2, 1, 1], "uv": [6, 99]}
				]
			},
			{
				"name": "bone47",
				"parent": "bone38",
				"pivot": [0, 25.43085, -4.32358]
			},
			{
				"name": "bone45",
				"parent": "bone47",
				"pivot": [-0.75, 24.93085, -4.32358],
				"rotation": [0, 0, -60],
				"cubes": [
					{"origin": [-1.33865, 25.03858, -4.25], "size": [2, 1, 1], "uv": [0, 101]}
				]
			},
			{
				"name": "bone46",
				"parent": "bone47",
				"pivot": [1.75, 25.93085, -4.32358],
				"rotation": [0, 0, 60],
				"cubes": [
					{"origin": [0.72935, 24.69766, -4.25], "size": [2, 1, 1], "uv": [0, 99]}
				]
			},
			{
				"name": "bone205",
				"parent": "bone38",
				"pivot": [0, 26.25, -3.75],
				"cubes": [
					{"origin": [-0.5, 26.20736, -4.83192], "size": [1, 1, 1], "uv": [36, 106], "inflate": -0.25},
					{"origin": [-0.1, 26.20736, -4.83192], "size": [1, 1, 1], "uv": [40, 106], "inflate": -0.3, "mirror": true},
					{"origin": [-0.5, 26.65736, -4.83192], "size": [1, 1, 1], "uv": [40, 110], "inflate": -0.3, "mirror": true},
					{"origin": [-0.5, 25.75736, -4.83192], "size": [1, 1, 1], "uv": [40, 108], "inflate": -0.3, "mirror": true},
					{"origin": [-0.95, 26.20736, -4.83192], "size": [1, 1, 1], "uv": [40, 106], "inflate": -0.3}
				]
			},
			{
				"name": "armRight",
				"pivot": [-2, 17.5, 0],
				"rotation": [0, 0, 25],
				"cubes": [
					{"origin": [-4, 8.5, -1], "size": [2, 8, 2], "uv": [24, 35]}
				]
			},
			{
				"name": "bone168",
				"parent": "armRight",
				"pivot": [-2.9, 17.5, -2],
				"cubes": [
					{"origin": [-4, 13.5, -1], "size": [2, 1, 3], "uv": [32, 38], "inflate": 0.1},
					{"origin": [-4, 10.1, -1], "size": [2, 3, 5], "uv": [0, 27], "inflate": 0.1}
				]
			},
			{
				"name": "bone176",
				"parent": "armRight",
				"pivot": [-4.75, 11.5, 3.25],
				"rotation": [25, 0, 0],
				"cubes": [
					{"origin": [-4.75, 9.999, 2.35], "size": [1, 1, 1], "uv": [28, 103], "inflate": -0.2},
					{"origin": [-4.75, 10.499, 2.85], "size": [1, 1, 1], "uv": [28, 103], "inflate": -0.2},
					{"origin": [-4.75, 9.999, 3.35], "size": [1, 1, 1], "uv": [28, 103], "inflate": -0.2},
					{"origin": [-4.75, 9.999, 2.85], "size": [1, 1, 1], "uv": [16, 103], "inflate": -0.3}
				]
			},
			{
				"name": "bone177",
				"parent": "bone176",
				"pivot": [-7.75, 7.5, 5.25]
			},
			{
				"name": "bone178",
				"parent": "bone177",
				"pivot": [-4.25, 8.999, 3.1],
				"rotation": [-10, 0, 0],
				"cubes": [
					{"origin": [-4.75, 6.63565, 2.69745], "size": [1, 4, 1], "uv": [0, 71], "inflate": -0.2}
				]
			},
			{
				"name": "bone179",
				"parent": "bone177",
				"pivot": [-4.25, 8.999, 3.35],
				"rotation": [10, 0, 0],
				"cubes": [
					{"origin": [-4.75, 6.59224, 2.99875], "size": [1, 4, 1], "uv": [0, 71], "inflate": -0.2}
				]
			},
			{
				"name": "bone180",
				"parent": "bone176",
				"pivot": [-7.75, -3, 5.75]
			},
			{
				"name": "bone181",
				"parent": "bone180",
				"pivot": [-4, 8.999, 3.35],
				"rotation": [-10, -90, 0],
				"cubes": [
					{"origin": [-4.5, 6.63565, 2.94745], "size": [1, 4, 1], "uv": [0, 71], "inflate": -0.2}
				]
			},
			{
				"name": "bone182",
				"parent": "bone180",
				"pivot": [-4.25, 8.999, 3.35],
				"rotation": [10, -90, 0],
				"cubes": [
					{"origin": [-4.75, 6.59224, 2.99875], "size": [1, 4, 1], "uv": [0, 71], "inflate": -0.2}
				]
			},
			{
				"name": "bone183",
				"parent": "armRight",
				"pivot": [-3, 13.5, -1.1],
				"rotation": [-20, 0, 0]
			},
			{
				"name": "bone184",
				"parent": "bone183",
				"pivot": [-2, -3.6, -4.1]
			},
			{
				"name": "bone185",
				"parent": "bone184",
				"pivot": [-3.5, 13.399, -1.1],
				"rotation": [0, 0, 15],
				"cubes": [
					{"origin": [-4.66348, 13.14078, -1.6], "size": [2, 1, 1], "uv": [12, 87], "inflate": -0.25}
				]
			},
			{
				"name": "bone186",
				"parent": "bone184",
				"pivot": [-3.5, 13.399, -1.1],
				"rotation": [0, 0, -15],
				"cubes": [
					{"origin": [-4.54521, 13.09862, -1.6], "size": [2, 1, 1], "uv": [12, 85], "inflate": -0.25}
				]
			},
			{
				"name": "bone187",
				"parent": "bone184",
				"pivot": [-3.5, 13.399, -1.1],
				"rotation": [-15, -15, -60],
				"cubes": [
					{"origin": [-4.99826, 12.69128, -1.58739], "size": [2, 1, 1], "uv": [6, 87], "inflate": -0.25}
				]
			},
			{
				"name": "bone188",
				"parent": "bone183",
				"pivot": [-0.75, -3.6, -4.1]
			},
			{
				"name": "bone189",
				"parent": "bone188",
				"pivot": [-2.25, 13.399, -1.1],
				"rotation": [0, 0, -15],
				"cubes": [
					{"origin": [-3.328, 13.20549, -1.6], "size": [2, 1, 1], "uv": [6, 85], "inflate": -0.25}
				]
			},
			{
				"name": "bone190",
				"parent": "bone188",
				"pivot": [-2.25, 13.399, -1.1],
				"rotation": [0, 0, 15],
				"cubes": [
					{"origin": [-3.44627, 13.03392, -1.6], "size": [2, 1, 1], "uv": [0, 87], "inflate": -0.25}
				]
			},
			{
				"name": "bone191",
				"parent": "bone188",
				"pivot": [-2.25, 13.399, -1.1],
				"rotation": [-15, 15, 60],
				"cubes": [
					{"origin": [-2.87626, 12.47617, -1.56052], "size": [2, 1, 1], "uv": [0, 85], "inflate": -0.25}
				]
			},
			{
				"name": "armLeft",
				"pivot": [2, 17.5, 0],
				"rotation": [0, 0, -25],
				"cubes": [
					{"origin": [2, 8.5, -1], "size": [2, 8, 2], "uv": [24, 35], "mirror": true}
				]
			},
			{
				"name": "bone169",
				"parent": "armLeft",
				"pivot": [3.1, 17.5, -2],
				"cubes": [
					{"origin": [2, 13.5, -1], "size": [2, 1, 3], "uv": [32, 38], "inflate": 0.1, "mirror": true},
					{"origin": [2, 10.1, -1], "size": [2, 3, 5], "uv": [0, 27], "inflate": 0.1, "mirror": true}
				]
			},
			{
				"name": "bone167",
				"parent": "armLeft",
				"pivot": [4.75, 11.5, 3.25],
				"rotation": [25, 0, 0],
				"cubes": [
					{"origin": [3.75, 9.999, 2.35], "size": [1, 1, 1], "uv": [28, 103], "inflate": -0.2, "mirror": true},
					{"origin": [3.75, 10.499, 2.85], "size": [1, 1, 1], "uv": [28, 103], "inflate": -0.2, "mirror": true},
					{"origin": [3.75, 9.999, 3.35], "size": [1, 1, 1], "uv": [28, 103], "inflate": -0.2, "mirror": true},
					{"origin": [3.75, 9.999, 2.85], "size": [1, 1, 1], "uv": [32, 103], "inflate": -0.3}
				]
			},
			{
				"name": "bone170",
				"parent": "bone167",
				"pivot": [0.75, 7.5, 5.25]
			},
			{
				"name": "bone171",
				"parent": "bone170",
				"pivot": [4.25, 8.999, 3.1],
				"rotation": [-10, 0, 0],
				"cubes": [
					{"origin": [3.75, 6.63565, 2.69745], "size": [1, 4, 1], "uv": [0, 71], "inflate": -0.2, "mirror": true}
				]
			},
			{
				"name": "bone172",
				"parent": "bone170",
				"pivot": [4.25, 8.999, 3.35],
				"rotation": [10, 0, 0],
				"cubes": [
					{"origin": [3.75, 6.59224, 2.99875], "size": [1, 4, 1], "uv": [0, 71], "inflate": -0.2, "mirror": true}
				]
			},
			{
				"name": "bone173",
				"parent": "bone167",
				"pivot": [0.75, -3, 5.75]
			},
			{
				"name": "bone174",
				"parent": "bone173",
				"pivot": [4.5, 8.999, 3.35],
				"rotation": [-10, -90, 0],
				"cubes": [
					{"origin": [4, 6.63565, 2.94745], "size": [1, 4, 1], "uv": [0, 71], "inflate": -0.2}
				]
			},
			{
				"name": "bone175",
				"parent": "bone173",
				"pivot": [4.25, 8.999, 3.35],
				"rotation": [10, -90, 0],
				"cubes": [
					{"origin": [3.75, 6.59224, 2.99875], "size": [1, 4, 1], "uv": [0, 71], "inflate": -0.2}
				]
			},
			{
				"name": "bone192",
				"parent": "armLeft",
				"pivot": [3, 13.5, -1.1],
				"rotation": [-20, 0, 0]
			},
			{
				"name": "bone193",
				"parent": "bone192",
				"pivot": [4, -3.6, -4.1]
			},
			{
				"name": "bone194",
				"parent": "bone193",
				"pivot": [2.5, 13.399, -1.1],
				"rotation": [0, 0, 15],
				"cubes": [
					{"origin": [1.33652, 13.14078, -1.6], "size": [2, 1, 1], "uv": [16, 82], "inflate": -0.25}
				]
			},
			{
				"name": "bone195",
				"parent": "bone193",
				"pivot": [2.5, 13.399, -1.1],
				"rotation": [0, 0, -15],
				"cubes": [
					{"origin": [1.45479, 13.09862, -1.6], "size": [2, 1, 1], "uv": [16, 80], "inflate": -0.25}
				]
			},
			{
				"name": "bone196",
				"parent": "bone193",
				"pivot": [2.5, 13.399, -1.1],
				"rotation": [-15, -15, -60],
				"cubes": [
					{"origin": [1.00174, 12.69128, -1.58739], "size": [2, 1, 1], "uv": [16, 78], "inflate": -0.25}
				]
			},
			{
				"name": "bone197",
				"parent": "bone192",
				"pivot": [5.25, -3.6, -4.1]
			},
			{
				"name": "bone198",
				"parent": "bone197",
				"pivot": [3.75, 13.399, -1.1],
				"rotation": [0, 0, -15],
				"cubes": [
					{"origin": [2.672, 13.20549, -1.6], "size": [2, 1, 1], "uv": [10, 82], "inflate": -0.25}
				]
			},
			{
				"name": "bone199",
				"parent": "bone197",
				"pivot": [3.75, 13.399, -1.1],
				"rotation": [0, 0, 15],
				"cubes": [
					{"origin": [2.55373, 13.03392, -1.6], "size": [2, 1, 1], "uv": [10, 80], "inflate": -0.25}
				]
			},
			{
				"name": "bone200",
				"parent": "bone197",
				"pivot": [3.75, 13.399, -1.1],
				"rotation": [-15, 15, 60],
				"cubes": [
					{"origin": [3.12374, 12.47617, -1.56052], "size": [2, 1, 1], "uv": [10, 78], "inflate": -0.25}
				]
			},
			{
				"name": "body",
				"pivot": [0, 10.5, 0],
				"cubes": [
					{"origin": [-3, 8.999, -3], "size": [6, 9, 6], "uv": [32, 0]}
				]
			},
			{
				"name": "bone144",
				"parent": "body",
				"pivot": [0, 17.25, -3.1],
				"rotation": [-20, 0, 0]
			},
			{
				"name": "bone145",
				"parent": "bone144",
				"pivot": [1, 0.15, -6.1]
			},
			{
				"name": "bone146",
				"parent": "bone145",
				"pivot": [-0.5, 17.149, -3.1],
				"rotation": [0, 0, 15],
				"cubes": [
					{"origin": [-1.66348, 16.89078, -3.6], "size": [2, 1, 1], "uv": [20, 91], "inflate": -0.25}
				]
			},
			{
				"name": "bone147",
				"parent": "bone145",
				"pivot": [-0.5, 17.149, -3.1],
				"rotation": [0, 0, -15],
				"cubes": [
					{"origin": [-1.54521, 16.84862, -3.6], "size": [2, 1, 1], "uv": [20, 89], "inflate": -0.25}
				]
			},
			{
				"name": "bone151",
				"parent": "bone145",
				"pivot": [-0.5, 17.149, -3.1],
				"rotation": [-15, -15, -60],
				"cubes": [
					{"origin": [-1.99826, 16.44128, -3.58739], "size": [2, 1, 1], "uv": [8, 91], "inflate": -0.25}
				]
			},
			{
				"name": "bone148",
				"parent": "bone144",
				"pivot": [2.25, 0.15, -6.1]
			},
			{
				"name": "bone149",
				"parent": "bone148",
				"pivot": [0.75, 17.149, -3.1],
				"rotation": [0, 0, -15],
				"cubes": [
					{"origin": [-0.328, 16.95549, -3.6001], "size": [2, 1, 1], "uv": [14, 91], "inflate": -0.25}
				]
			},
			{
				"name": "bone150",
				"parent": "bone148",
				"pivot": [0.75, 17.149, -3.1],
				"rotation": [0, 0, 15],
				"cubes": [
					{"origin": [-0.44627, 16.78392, -3.6001], "size": [2, 1, 1], "uv": [14, 89], "inflate": -0.25}
				]
			},
			{
				"name": "bone152",
				"parent": "bone148",
				"pivot": [0.75, 17.149, -3.1],
				"rotation": [-15, 15, 60],
				"cubes": [
					{"origin": [0.12374, 16.22617, -3.6001], "size": [2, 1, 1], "uv": [8, 89], "inflate": -0.25}
				]
			},
			{
				"name": "op",
				"parent": "body",
				"pivot": [0, 0, 0]
			},
			{
				"name": "bone140",
				"parent": "op",
				"pivot": [0, 15.749, -2.75],
				"rotation": [-40, 0, 0],
				"cubes": [
					{"origin": [-3, 14.44051, -3.9107], "size": [6, 3, 2], "uv": [28, 27], "inflate": -0.1}
				]
			},
			{
				"name": "233",
				"parent": "body",
				"pivot": [0, 10.5, 0]
			},
			{
				"name": "bone72",
				"parent": "233",
				"pivot": [0, 15.25, 0]
			},
			{
				"name": "bone73",
				"parent": "bone72",
				"pivot": [0, 14.25, 0]
			},
			{
				"name": "bone75",
				"parent": "bone73",
				"pivot": [0, 3.75, 0]
			},
			{
				"name": "bone76",
				"parent": "bone75",
				"pivot": [0, 3.75, 2.48337],
				"rotation": [18, 0, 0],
				"cubes": [
					{"origin": [-0.5, 5.49263, 5.99539], "size": [1, 7, 0], "uv": [8, 78]}
				]
			},
			{
				"name": "bone77",
				"parent": "bone76",
				"pivot": [-0.5, 3.49263, 2.48337],
				"rotation": [0, 0, 7.39351],
				"cubes": [
					{"origin": [-2.5, 5.49263, 5.99439], "size": [2, 7, 0], "uv": [24, 58]}
				]
			},
			{
				"name": "bone78",
				"parent": "bone76",
				"pivot": [0.5, 3.49263, 2.48337],
				"rotation": [0, 0, -7.39351],
				"cubes": [
					{"origin": [0.5, 5.49263, 5.99639], "size": [2, 7, 0], "uv": [20, 58]}
				]
			},
			{
				"name": "bone79",
				"parent": "bone73",
				"pivot": [0, 3.75, 0],
				"rotation": [0, -45, 0]
			},
			{
				"name": "bone80",
				"parent": "bone79",
				"pivot": [0, 3.75, 2.48337],
				"rotation": [18, 0, 0],
				"cubes": [
					{"origin": [-0.5, 5.49263, 5.99539], "size": [1, 7, 0], "uv": [6, 78]}
				]
			},
			{
				"name": "bone81",
				"parent": "bone80",
				"pivot": [-0.5, 3.49263, 2.48337],
				"rotation": [0, 0, 7.39351],
				"cubes": [
					{"origin": [-2.5, 5.49263, 5.99439], "size": [2, 7, 0], "uv": [16, 58]}
				]
			},
			{
				"name": "bone82",
				"parent": "bone80",
				"pivot": [0.5, 3.49263, 2.48337],
				"rotation": [0, 0, -7.39351],
				"cubes": [
					{"origin": [0.5, 5.49263, 5.99639], "size": [2, 7, 0], "uv": [12, 58]}
				]
			},
			{
				"name": "bone83",
				"parent": "bone73",
				"pivot": [0, 3.75, 0],
				"rotation": [0, -90, 0]
			},
			{
				"name": "bone84",
				"parent": "bone83",
				"pivot": [0, 3.75, 2.48337],
				"rotation": [18, 0, 0],
				"cubes": [
					{"origin": [-0.5, 5.49263, 5.99539], "size": [1, 7, 0], "uv": [4, 78]}
				]
			},
			{
				"name": "bone85",
				"parent": "bone84",
				"pivot": [-0.5, 3.49263, 2.48337],
				"rotation": [0, 0, 7.39351],
				"cubes": [
					{"origin": [-2.5, 5.49263, 5.99439], "size": [2, 7, 0], "uv": [8, 58]}
				]
			},
			{
				"name": "bone86",
				"parent": "bone84",
				"pivot": [0.5, 3.49263, 2.48337],
				"rotation": [0, 0, -7.39351],
				"cubes": [
					{"origin": [0.5, 5.49263, 5.99639], "size": [2, 7, 0], "uv": [4, 58]}
				]
			},
			{
				"name": "bone87",
				"parent": "bone73",
				"pivot": [0, 3.75, 0],
				"rotation": [0, -135, 0]
			},
			{
				"name": "bone88",
				"parent": "bone87",
				"pivot": [0, 3.75, 2.48337],
				"rotation": [18, 0, 0],
				"cubes": [
					{"origin": [-0.5, 5.49263, 5.99539], "size": [1, 7, 0], "uv": [2, 78]}
				]
			},
			{
				"name": "bone89",
				"parent": "bone88",
				"pivot": [-0.5, 3.49263, 2.48337],
				"rotation": [0, 0, 7.39351],
				"cubes": [
					{"origin": [-2.5, 5.49263, 5.99439], "size": [2, 7, 0], "uv": [0, 58]}
				]
			},
			{
				"name": "bone90",
				"parent": "bone88",
				"pivot": [0.5, 3.49263, 2.48337],
				"rotation": [0, 0, -7.39351],
				"cubes": [
					{"origin": [0.5, 5.49263, 5.99639], "size": [2, 7, 0], "uv": [32, 51]}
				]
			},
			{
				"name": "bone91",
				"parent": "bone73",
				"pivot": [0, 3.75, 0],
				"rotation": [0, -180, 0]
			},
			{
				"name": "bone92",
				"parent": "bone91",
				"pivot": [0, 3.75, 2.48337],
				"rotation": [18, 0, 0],
				"cubes": [
					{"origin": [-0.5, 5.49263, 5.99539], "size": [1, 7, 0], "uv": [0, 78]}
				]
			},
			{
				"name": "bone93",
				"parent": "bone92",
				"pivot": [-0.5, 3.49263, 2.48337],
				"rotation": [0, 0, 7.39351],
				"cubes": [
					{"origin": [-2.5, 5.49263, 5.99439], "size": [2, 7, 0], "uv": [28, 51]}
				]
			},
			{
				"name": "bone94",
				"parent": "bone92",
				"pivot": [0.5, 3.49263, 2.48337],
				"rotation": [0, 0, -7.39351],
				"cubes": [
					{"origin": [0.5, 5.49263, 5.99639], "size": [2, 7, 0], "uv": [24, 51]}
				]
			},
			{
				"name": "bone95",
				"parent": "bone73",
				"pivot": [0, 3.75, 0],
				"rotation": [0, -225, 0]
			},
			{
				"name": "bone96",
				"parent": "bone95",
				"pivot": [0, 3.75, 2.48337],
				"rotation": [18, 0, 0],
				"cubes": [
					{"origin": [-0.5, 5.49263, 5.99539], "size": [1, 7, 0], "uv": [36, 71]}
				]
			},
			{
				"name": "bone97",
				"parent": "bone96",
				"pivot": [-0.5, 3.49263, 2.48337],
				"rotation": [0, 0, 7.39351],
				"cubes": [
					{"origin": [-2.5, 5.49263, 5.99439], "size": [2, 7, 0], "uv": [20, 51]}
				]
			},
			{
				"name": "bone98",
				"parent": "bone96",
				"pivot": [0.5, 3.49263, 2.48337],
				"rotation": [0, 0, -7.39351],
				"cubes": [
					{"origin": [0.5, 5.49263, 5.99639], "size": [2, 7, 0], "uv": [16, 51]}
				]
			},
			{
				"name": "bone99",
				"parent": "bone73",
				"pivot": [0, 3.75, 0],
				"rotation": [0, -270, 0]
			},
			{
				"name": "bone100",
				"parent": "bone99",
				"pivot": [0, 3.75, 2.48337],
				"rotation": [18, 0, 0],
				"cubes": [
					{"origin": [-0.5, 5.49263, 5.99539], "size": [1, 7, 0], "uv": [34, 71]}
				]
			},
			{
				"name": "bone101",
				"parent": "bone100",
				"pivot": [-0.5, 3.49263, 2.48337],
				"rotation": [0, 0, 7.39351],
				"cubes": [
					{"origin": [-2.5, 5.49263, 5.99439], "size": [2, 7, 0], "uv": [12, 51]}
				]
			},
			{
				"name": "bone102",
				"parent": "bone100",
				"pivot": [0.5, 3.49263, 2.48337],
				"rotation": [0, 0, -7.39351],
				"cubes": [
					{"origin": [0.5, 5.49263, 5.99639], "size": [2, 7, 0], "uv": [8, 51]}
				]
			},
			{
				"name": "bone103",
				"parent": "bone73",
				"pivot": [0, 3.75, 0],
				"rotation": [0, -315, 0]
			},
			{
				"name": "bone104",
				"parent": "bone103",
				"pivot": [0, 3.75, 2.48337],
				"rotation": [18, 0, 0],
				"cubes": [
					{"origin": [-0.5, 5.49263, 5.99539], "size": [1, 7, 0], "uv": [32, 71]}
				]
			},
			{
				"name": "bone105",
				"parent": "bone104",
				"pivot": [-0.5, 3.49263, 2.48337],
				"rotation": [0, 0, 7.39351],
				"cubes": [
					{"origin": [-2.5, 5.49263, 5.99439], "size": [2, 7, 0], "uv": [4, 51]}
				]
			},
			{
				"name": "bone106",
				"parent": "bone104",
				"pivot": [0.5, 3.49263, 2.48337],
				"rotation": [0, 0, -7.39351],
				"cubes": [
					{"origin": [0.5, 5.49263, 5.99639], "size": [2, 7, 0], "uv": [0, 51]}
				]
			},
			{
				"name": "bone74",
				"parent": "233",
				"pivot": [0, 15.75, 0]
			},
			{
				"name": "bone107",
				"parent": "bone74",
				"pivot": [0, 14.75, 0]
			},
			{
				"name": "bone108",
				"parent": "bone107",
				"pivot": [0, 4.25, 0]
			},
			{
				"name": "bone109",
				"parent": "bone108",
				"pivot": [0, 4.25, 2.48337],
				"rotation": [18, 0, 0],
				"cubes": [
					{"origin": [-0.5, 7.99263, 5.99539], "size": [1, 4, 0], "uv": [26, 106]}
				]
			},
			{
				"name": "bone110",
				"parent": "bone109",
				"pivot": [-0.5, 3.99263, 2.48337],
				"rotation": [0, 0, 7.39351],
				"cubes": [
					{"origin": [-2.5, 7.99263, 5.99439], "size": [2, 4, 0], "uv": [44, 93]}
				]
			},
			{
				"name": "bone111",
				"parent": "bone109",
				"pivot": [0.5, 3.99263, 2.48337],
				"rotation": [0, 0, -7.39351],
				"cubes": [
					{"origin": [0.5, 7.99263, 5.99639], "size": [2, 4, 0], "uv": [40, 93]}
				]
			},
			{
				"name": "bone112",
				"parent": "bone107",
				"pivot": [0, 4.25, 0],
				"rotation": [0, -45, 0]
			},
			{
				"name": "bone113",
				"parent": "bone112",
				"pivot": [0, 4.25, 2.48337],
				"rotation": [18, 0, 0],
				"cubes": [
					{"origin": [-0.5, 7.99263, 5.99539], "size": [1, 4, 0], "uv": [24, 106]}
				]
			},
			{
				"name": "bone114",
				"parent": "bone113",
				"pivot": [-0.5, 3.99263, 2.48337],
				"rotation": [0, 0, 7.39351],
				"cubes": [
					{"origin": [-2.5, 7.99263, 5.99439], "size": [2, 4, 0], "uv": [36, 93]}
				]
			},
			{
				"name": "bone115",
				"parent": "bone113",
				"pivot": [0.5, 3.99263, 2.48337],
				"rotation": [0, 0, -7.39351],
				"cubes": [
					{"origin": [0.5, 7.99263, 5.99639], "size": [2, 4, 0], "uv": [32, 93]}
				]
			},
			{
				"name": "bone116",
				"parent": "bone107",
				"pivot": [0, 4.25, 0],
				"rotation": [0, -90, 0]
			},
			{
				"name": "bone117",
				"parent": "bone116",
				"pivot": [0, 4.25, 2.48337],
				"rotation": [18, 0, 0],
				"cubes": [
					{"origin": [-0.5, 7.99263, 5.99539], "size": [1, 4, 0], "uv": [22, 106]}
				]
			},
			{
				"name": "bone118",
				"parent": "bone117",
				"pivot": [-0.5, 3.99263, 2.48337],
				"rotation": [0, 0, 7.39351],
				"cubes": [
					{"origin": [-2.5, 7.99263, 5.99439], "size": [2, 4, 0], "uv": [28, 93]}
				]
			},
			{
				"name": "bone119",
				"parent": "bone117",
				"pivot": [0.5, 3.99263, 2.48337],
				"rotation": [0, 0, -7.39351],
				"cubes": [
					{"origin": [0.5, 7.99263, 5.99639], "size": [2, 4, 0], "uv": [24, 93]}
				]
			},
			{
				"name": "bone120",
				"parent": "bone107",
				"pivot": [0, 4.25, 0],
				"rotation": [0, -135, 0]
			},
			{
				"name": "bone121",
				"parent": "bone120",
				"pivot": [0, 4.25, 2.48337],
				"rotation": [18, 0, 0],
				"cubes": [
					{"origin": [-0.5, 7.99263, 5.99539], "size": [1, 4, 0], "uv": [20, 106]}
				]
			},
			{
				"name": "bone122",
				"parent": "bone121",
				"pivot": [-0.5, 3.99263, 2.48337],
				"rotation": [0, 0, 7.39351],
				"cubes": [
					{"origin": [-2.5, 7.99263, 5.99439], "size": [2, 4, 0], "uv": [20, 93]}
				]
			},
			{
				"name": "bone123",
				"parent": "bone121",
				"pivot": [0.5, 3.99263, 2.48337],
				"rotation": [0, 0, -7.39351],
				"cubes": [
					{"origin": [0.5, 7.99263, 5.99639], "size": [2, 4, 0], "uv": [16, 93]}
				]
			},
			{
				"name": "bone124",
				"parent": "bone107",
				"pivot": [0, 4.25, 0],
				"rotation": [0, -180, 0]
			},
			{
				"name": "bone125",
				"parent": "bone124",
				"pivot": [0, 4.25, 2.48337],
				"rotation": [18, 0, 0],
				"cubes": [
					{"origin": [-0.5, 7.99263, 5.99539], "size": [1, 4, 0], "uv": [18, 106]}
				]
			},
			{
				"name": "bone126",
				"parent": "bone125",
				"pivot": [-0.5, 3.99263, 2.48337],
				"rotation": [0, 0, 7.39351],
				"cubes": [
					{"origin": [-2.5, 7.99263, 5.99439], "size": [2, 4, 0], "uv": [12, 93]}
				]
			},
			{
				"name": "bone127",
				"parent": "bone125",
				"pivot": [0.5, 3.99263, 2.48337],
				"rotation": [0, 0, -7.39351],
				"cubes": [
					{"origin": [0.5, 7.99263, 5.99639], "size": [2, 4, 0], "uv": [8, 93]}
				]
			},
			{
				"name": "bone128",
				"parent": "bone107",
				"pivot": [0, 4.25, 0],
				"rotation": [0, -225, 0]
			},
			{
				"name": "bone129",
				"parent": "bone128",
				"pivot": [0, 4.25, 2.48337],
				"rotation": [18, 0, 0],
				"cubes": [
					{"origin": [-0.5, 7.99263, 5.99539], "size": [1, 4, 0], "uv": [16, 106]}
				]
			},
			{
				"name": "bone130",
				"parent": "bone129",
				"pivot": [-0.5, 3.99263, 2.48337],
				"rotation": [0, 0, 7.39351],
				"cubes": [
					{"origin": [-2.5, 7.99263, 5.99439], "size": [2, 4, 0], "uv": [4, 93]}
				]
			},
			{
				"name": "bone131",
				"parent": "bone129",
				"pivot": [0.5, 3.99263, 2.48337],
				"rotation": [0, 0, -7.39351],
				"cubes": [
					{"origin": [0.5, 7.99263, 5.99639], "size": [2, 4, 0], "uv": [0, 93]}
				]
			},
			{
				"name": "bone132",
				"parent": "bone107",
				"pivot": [0, 4.25, 0],
				"rotation": [0, -270, 0]
			},
			{
				"name": "bone133",
				"parent": "bone132",
				"pivot": [0, 4.25, 2.48337],
				"rotation": [18, 0, 0],
				"cubes": [
					{"origin": [-0.5, 7.99263, 5.99539], "size": [1, 4, 0], "uv": [14, 106]}
				]
			},
			{
				"name": "bone134",
				"parent": "bone133",
				"pivot": [-0.5, 3.99263, 2.48337],
				"rotation": [0, 0, 7.39351],
				"cubes": [
					{"origin": [-2.5, 7.99263, 5.99439], "size": [2, 4, 0], "uv": [38, 89]}
				]
			},
			{
				"name": "bone135",
				"parent": "bone133",
				"pivot": [0.5, 3.99263, 2.48337],
				"rotation": [0, 0, -7.39351],
				"cubes": [
					{"origin": [0.5, 7.99263, 5.99639], "size": [2, 4, 0], "uv": [34, 89]}
				]
			},
			{
				"name": "bone136",
				"parent": "bone107",
				"pivot": [0, 4.25, 0],
				"rotation": [0, -315, 0]
			},
			{
				"name": "bone137",
				"parent": "bone136",
				"pivot": [0, 4.25, 2.48337],
				"rotation": [18, 0, 0],
				"cubes": [
					{"origin": [-0.5, 7.99263, 5.99539], "size": [1, 4, 0], "uv": [12, 106]}
				]
			},
			{
				"name": "bone138",
				"parent": "bone137",
				"pivot": [-0.5, 3.99263, 2.48337],
				"rotation": [0, 0, 7.39351],
				"cubes": [
					{"origin": [-2.5, 7.99263, 5.99439], "size": [2, 4, 0], "uv": [30, 89]}
				]
			},
			{
				"name": "bone139",
				"parent": "bone137",
				"pivot": [0.5, 3.99263, 2.48337],
				"rotation": [0, 0, -7.39351],
				"cubes": [
					{"origin": [0.5, 7.99263, 5.99639], "size": [2, 4, 0], "uv": [26, 89]}
				]
			},
			{
				"name": "bone201",
				"parent": "233",
				"pivot": [0, 10.5, 0]
			},
			{
				"name": "bone141",
				"parent": "bone201",
				"pivot": [0, 12.499, -3],
				"rotation": [-30, 0, 0],
				"cubes": [
					{"origin": [-2.5, 12.199, -3.65359], "size": [5, 2, 0], "uv": [30, 45]}
				]
			},
			{
				"name": "bone142",
				"parent": "bone201",
				"pivot": [0, 9.90092, -4.5],
				"rotation": [-20, 0, 0],
				"cubes": [
					{"origin": [-2.5, 9.67323, -4.67483], "size": [5, 3, 0], "uv": [20, 45]}
				]
			},
			{
				"name": "bone143",
				"parent": "bone201",
				"pivot": [0, 7.08185, -5.52606],
				"rotation": [-15, 0, 0],
				"cubes": [
					{"origin": [-2.5, 6.85875, -5.4576], "size": [5, 3, 0], "uv": [20, 48]}
				]
			},
			{
				"name": "bone153",
				"parent": "body",
				"pivot": [-0.25, 10.5, -0.85],
				"cubes": [
					{"origin": [2.75, 12.999, -3.75], "size": [1, 1, 1], "uv": [56, 103], "inflate": -0.2, "mirror": true},
					{"origin": [2.75, 13.499, -3.25], "size": [1, 1, 1], "uv": [56, 103], "inflate": -0.2, "mirror": true},
					{"origin": [2.75, 12.999, -2.75], "size": [1, 1, 1], "uv": [56, 103], "inflate": -0.2, "mirror": true},
					{"origin": [2.75, 12.999, -3.2501], "size": [1, 1, 1], "uv": [0, 108], "inflate": -0.3}
				]
			},
			{
				"name": "bone156",
				"parent": "bone153",
				"pivot": [-0.25, 10.5, -0.85]
			},
			{
				"name": "bone154",
				"parent": "bone156",
				"pivot": [3.25, 11.999, -3],
				"rotation": [-10, 0, 0],
				"cubes": [
					{"origin": [2.65, 10.53717, -3.38518], "size": [1, 3, 1], "uv": [4, 89], "inflate": -0.2}
				]
			},
			{
				"name": "bone155",
				"parent": "bone156",
				"pivot": [3.25, 11.999, -2.75],
				"rotation": [10, 0, 0],
				"cubes": [
					{"origin": [2.65, 10.49376, -3.11861], "size": [1, 3, 1], "uv": [0, 89], "inflate": -0.2}
				]
			},
			{
				"name": "bone157",
				"parent": "bone153",
				"pivot": [-0.25, 0, -0.35]
			},
			{
				"name": "bone158",
				"parent": "bone157",
				"pivot": [3.5, 11.999, -2.75],
				"rotation": [-10, -90, 0],
				"cubes": [
					{"origin": [3, 10.55454, -3.0367], "size": [1, 3, 1], "uv": [38, 85], "inflate": -0.2}
				]
			},
			{
				"name": "bone159",
				"parent": "bone157",
				"pivot": [3.25, 11.999, -2.75],
				"rotation": [10, -90, 0],
				"cubes": [
					{"origin": [2.75, 10.4764, -3.02013], "size": [1, 3, 1], "uv": [34, 85], "inflate": -0.2}
				]
			},
			{
				"name": "bone160",
				"parent": "body",
				"pivot": [-6.75, 10.5, -0.85],
				"cubes": [
					{"origin": [-3.75, 12.999, -3.75], "size": [1, 1, 1], "uv": [56, 103], "inflate": -0.2},
					{"origin": [-3.75, 13.499, -3.25], "size": [1, 1, 1], "uv": [56, 103], "inflate": -0.2},
					{"origin": [-3.75, 12.999, -2.75], "size": [1, 1, 1], "uv": [56, 103], "inflate": -0.2},
					{"origin": [-3.75, 12.999, -3.2501], "size": [1, 1, 1], "uv": [36, 106], "inflate": -0.3}
				]
			},
			{
				"name": "bone161",
				"parent": "bone160",
				"pivot": [-6.75, 10.5, -0.85]
			},
			{
				"name": "bone162",
				"parent": "bone161",
				"pivot": [-3.25, 11.999, -3],
				"rotation": [-10, 0, 0],
				"cubes": [
					{"origin": [-3.65, 10.53717, -3.38518], "size": [1, 3, 1], "uv": [30, 85], "inflate": -0.2}
				]
			},
			{
				"name": "bone163",
				"parent": "bone161",
				"pivot": [-3.25, 11.999, -2.75],
				"rotation": [10, 0, 0],
				"cubes": [
					{"origin": [-3.65, 10.49376, -3.11861], "size": [1, 3, 1], "uv": [26, 85], "inflate": -0.2}
				]
			},
			{
				"name": "bone164",
				"parent": "bone160",
				"pivot": [-6.75, 0, -0.35]
			},
			{
				"name": "bone165",
				"parent": "bone164",
				"pivot": [-3, 11.999, -2.75],
				"rotation": [-10, -90, 0],
				"cubes": [
					{"origin": [-3.5, 10.51981, -3.23367], "size": [1, 3, 1], "uv": [22, 85], "inflate": -0.2}
				]
			},
			{
				"name": "bone166",
				"parent": "bone164",
				"pivot": [-3.25, 11.999, -2.75],
				"rotation": [10, -90, 0],
				"cubes": [
					{"origin": [-3.75, 10.51113, -3.21709], "size": [1, 3, 1], "uv": [18, 85], "inflate": -0.2}
				]
			},
			{
				"name": "legLeft",
				"pivot": [1.75, 9, 0],
				"cubes": [
					{"origin": [0.249, 1, -1.5], "size": [3, 8, 3], "uv": [32, 16], "mirror": true},
					{"origin": [0.249, 0, 0.5], "size": [3, 1, 1], "uv": [26, 67], "mirror": true},
					{"origin": [0.249, 0, -1.75], "size": [3, 1, 2], "uv": [10, 48], "mirror": true},
					{"origin": [1.249, 0.25, -2], "size": [1, 2, 1], "uv": [62, 102], "inflate": -0.4}
				]
			},
			{
				"name": "legRight",
				"pivot": [-1.75, 9, 0],
				"cubes": [
					{"origin": [-3.249, 1, -1.5], "size": [3, 8, 3], "uv": [32, 16]},
					{"origin": [-3.249, 0, 0.5], "size": [3, 1, 1], "uv": [26, 67]},
					{"origin": [-3.249, 0, -1.75], "size": [3, 1, 2], "uv": [10, 48]},
					{"origin": [-3.749, 7, -2], "size": [4, 1, 4], "uv": [56, 92], "inflate": -0.4},
					{"origin": [-2.251, 0.25, -2], "size": [1, 2, 1], "uv": [62, 102], "inflate": -0.4}
				]
			}
		]
	}
}