{
	"format_version": "1.10.0",
	"geometry.model": {
		"texturewidth": 128,
		"textureheight": 128,
		"visible_bounds_width": 2,
		"visible_bounds_height": 2,
		"visible_bounds_offset": [0, 0, 0],
		"bones": [
			{
				"name": "head",
				"pivot": [0, 18, 0],
				"cubes": [
					{"origin": [-4, 18, -4], "size": [8, 8, 8], "uv": [0, 20]}
				]
			},
			{
				"name": "blink",
				"parent": "head",
				"pivot": [0, 18, 0],
				"cubes": [
					{"origin": [-4, 18, -4.001], "size": [8, 8, 0], "uv": [12, 36]}
				]
			},
			{
				"name": "bone15",
				"parent": "head",
				"pivot": [0, 18, 0]
			},
			{
				"name": "bone12",
				"parent": "bone15",
				"pivot": [0, 18, 0]
			},
			{
				"name": "bone11",
				"parent": "bone12",
				"pivot": [0, 21.5, -2],
				"rotation": [10, 0, 0]
			},
			{
				"name": "bone8",
				"parent": "bone11",
				"pivot": [3.9, 22, -0.5],
				"rotation": [0, 0, -20],
				"cubes": [
					{"origin": [3.28904, 21.52397, -3.27502], "size": [2, 4, 3], "uv": [38, 78]}
				]
			},
			{
				"name": "bone10",
				"parent": "bone11",
				"pivot": [4, 20.5, 0],
				"rotation": [0, 0, 25],
				"cubes": [
					{"origin": [2.95464, 20.74963, -2.77502], "size": [1, 2, 2], "uv": [24, 115]}
				]
			},
			{
				"name": "bone13",
				"parent": "bone12",
				"pivot": [0, 17.5, 0],
				"rotation": [10, 0, 0]
			},
			{
				"name": "bone7",
				"parent": "bone13",
				"pivot": [-3.9, 22, -0.5],
				"rotation": [0, 0, 20],
				"cubes": [
					{"origin": [-5.38704, 21.79322, -2.55005], "size": [2, 4, 3], "uv": [38, 78], "mirror": true}
				]
			},
			{
				"name": "bone9",
				"parent": "bone13",
				"pivot": [-4, 20.5, 0],
				"rotation": [0, 0, -25],
				"cubes": [
					{"origin": [-3.83355, 21.00931, -2.05005], "size": [1, 2, 2], "uv": [24, 115], "mirror": true}
				]
			},
			{
				"name": "bone14",
				"parent": "bone12",
				"pivot": [0, 22, -0.25],
				"cubes": [
					{"origin": [-4.5, 20, -0.5], "size": [1, 3, 4], "uv": [18, 78]},
					{"origin": [3.5, 20, -0.5], "size": [1, 3, 4], "uv": [18, 78], "mirror": true}
				]
			},
			{
				"name": "bone",
				"parent": "bone15",
				"pivot": [0.75, 0.25, -7.5],
				"cubes": [
					{"origin": [-4.25, 20.25, -4.5], "size": [1, 5, 1], "uv": [34, 115]},
					{"origin": [-4.15, 17.25, -4.5], "size": [1, 3, 1], "uv": [28, 121]},
					{"origin": [3.15, 17.25, -4.5], "size": [1, 3, 1], "uv": [24, 121]},
					{"origin": [3.25, 20.25, -4.5], "size": [1, 5, 1], "uv": [30, 115]}
				]
			},
			{
				"name": "bone6",
				"parent": "bone",
				"pivot": [-2.25, 24.75, -4],
				"rotation": [0, 0, 5],
				"cubes": [
					{"origin": [-3.25, 22.15, -4.5], "size": [2, 4, 1], "uv": [62, 110]}
				]
			},
			{
				"name": "bone2",
				"parent": "bone",
				"pivot": [-0.25, 24.75, -4],
				"rotation": [0, 0, -5],
				"cubes": [
					{"origin": [-1.25, 22.25, -4.5], "size": [1, 4, 1], "uv": [20, 121]}
				]
			},
			{
				"name": "bone3",
				"parent": "bone",
				"pivot": [0.5, 24.75, -4],
				"rotation": [0, 0, -10],
				"cubes": [
					{"origin": [-0.2, 22.25, -4.501], "size": [1, 4, 1], "uv": [16, 121]}
				]
			},
			{
				"name": "bone4",
				"parent": "bone",
				"pivot": [1.5, 24.75, -4],
				"rotation": [0, 0, -10],
				"cubes": [
					{"origin": [0.4, 22.25, -4.501], "size": [1, 4, 1], "uv": [12, 121]}
				]
			},
			{
				"name": "bone5",
				"parent": "bone",
				"pivot": [2.5, 24.75, -4],
				"rotation": [0, 0, -5],
				"cubes": [
					{"origin": [1.15, 22.25, -4.501], "size": [2, 4, 1], "uv": [56, 110]}
				]
			},
			{
				"name": "bone16",
				"parent": "bone15",
				"pivot": [-2, 23, -1],
				"rotation": [-35, 10, 0]
			},
			{
				"name": "bone17",
				"parent": "bone16",
				"pivot": [2, 24, 3.5],
				"rotation": [-5, 15, 0],
				"cubes": [
					{"origin": [1.01375, 21.58152, 5.53806], "size": [2, 2, 1], "uv": [0, 121], "mirror": true}
				]
			},
			{
				"name": "bone18",
				"parent": "bone16",
				"pivot": [2.25783, 23.91284, 4.46225],
				"rotation": [-20, 15, 0],
				"cubes": [
					{"origin": [0.52158, 21.53611, 6.53917], "size": [3, 3, 3], "uv": [24, 65], "mirror": true}
				]
			},
			{
				"name": "bone19",
				"parent": "bone15",
				"pivot": [-8, 27, -1.5],
				"rotation": [-35, -10, 0]
			},
			{
				"name": "bone20",
				"parent": "bone19",
				"pivot": [-4, 28, 3],
				"rotation": [-5, -15, 0],
				"cubes": [
					{"origin": [-2.44887, 21.94087, 6.0344], "size": [2, 2, 1], "uv": [0, 121]}
				]
			},
			{
				"name": "bone21",
				"parent": "bone19",
				"pivot": [-3.74217, 27.91284, 3.96225],
				"rotation": [-20, -15, 0],
				"cubes": [
					{"origin": [-2.94103, 22.27738, 7.94384], "size": [3, 3, 3], "uv": [24, 65]}
				]
			},
			{
				"name": "bone296",
				"parent": "head",
				"pivot": [2.45, 12.75, -4],
				"rotation": [-90, 0, 5]
			},
			{
				"name": "bone297",
				"parent": "bone296",
				"pivot": [2.45, 12.75, -11],
				"cubes": [
					{"origin": [0.27443, 12.754, -12.99165], "size": [2, 1, 2], "uv": [40, 88], "inflate": 0.2}
				]
			},
			{
				"name": "bone298",
				"parent": "bone296",
				"pivot": [2.45, 12.75, -11],
				"rotation": [0, -72, 0],
				"cubes": [
					{"origin": [-0.21435, 12.755, -10.92833], "size": [2, 1, 2], "uv": [32, 91], "inflate": 0.2}
				]
			},
			{
				"name": "bone299",
				"parent": "bone296",
				"pivot": [2.45, 12.75, -11],
				"rotation": [0, -144, 0],
				"cubes": [
					{"origin": [1.59695, 12.751, -9.82587], "size": [2, 1, 2], "uv": [32, 88], "inflate": 0.2}
				]
			},
			{
				"name": "bone300",
				"parent": "bone296",
				"pivot": [2.45, 12.75, -11],
				"rotation": [0, -216, 0],
				"cubes": [
					{"origin": [3.20517, 12.752, -11.20784], "size": [2, 1, 2], "uv": [24, 91], "inflate": 0.2}
				]
			},
			{
				"name": "bone301",
				"parent": "bone296",
				"pivot": [2.45, 12.75, -11],
				"rotation": [0, -288, 0],
				"cubes": [
					{"origin": [2.38781, 12.753, -13.1644], "size": [2, 1, 2], "uv": [24, 88], "inflate": 0.2}
				]
			},
			{
				"name": "armRight",
				"pivot": [-1.5, 17.5, 0],
				"rotation": [0, 0, 25],
				"cubes": [
					{"origin": [-3.5, 8.5, -1], "size": [2, 8, 2], "uv": [0, 78]}
				]
			},
			{
				"name": "bone202",
				"parent": "armRight",
				"pivot": [-1.5, 17.5, 0]
			},
			{
				"name": "bone86",
				"parent": "bone202",
				"pivot": [-4.5, 20.5, 0]
			},
			{
				"name": "bone129",
				"parent": "bone86",
				"pivot": [-2.5, 3, 0]
			},
			{
				"name": "bone130",
				"parent": "bone129",
				"pivot": [-2.5, 3, 5.27792],
				"rotation": [23, 0, 0]
			},
			{
				"name": "bone131",
				"parent": "bone130",
				"pivot": [-2.5, 3, 5.27792],
				"rotation": [0, -45, 0],
				"cubes": [
					{"origin": [-3.5, 15, 4.27792], "size": [2, 1, 2], "uv": [48, 107]}
				]
			},
			{
				"name": "bone132",
				"parent": "bone86",
				"pivot": [-2.5, 3, 0],
				"rotation": [0, -30, 0]
			},
			{
				"name": "bone133",
				"parent": "bone132",
				"pivot": [-2.5, 3, 5.27792],
				"rotation": [23, 0, 0]
			},
			{
				"name": "bone134",
				"parent": "bone133",
				"pivot": [-2.5, 3, 5.27792],
				"rotation": [0, -45, 0],
				"cubes": [
					{"origin": [-3.5, 15, 4.27792], "size": [2, 1, 2], "uv": [40, 107]}
				]
			},
			{
				"name": "bone135",
				"parent": "bone86",
				"pivot": [-2.5, 3, 0],
				"rotation": [0, -60, 0]
			},
			{
				"name": "bone136",
				"parent": "bone135",
				"pivot": [-2.5, 3, 5.27792],
				"rotation": [23, 0, 0]
			},
			{
				"name": "bone137",
				"parent": "bone136",
				"pivot": [-2.5, 3, 5.27792],
				"rotation": [0, -45, 0],
				"cubes": [
					{"origin": [-3.5, 15, 4.27792], "size": [2, 1, 2], "uv": [32, 107]}
				]
			},
			{
				"name": "bone138",
				"parent": "bone86",
				"pivot": [-2.5, 3, 0],
				"rotation": [0, -90, 0]
			},
			{
				"name": "bone139",
				"parent": "bone138",
				"pivot": [-2.5, 3, 5.27792],
				"rotation": [23, 0, 0]
			},
			{
				"name": "bone140",
				"parent": "bone139",
				"pivot": [-2.5, 3, 5.27792],
				"rotation": [0, -45, 0],
				"cubes": [
					{"origin": [-3.5, 15, 4.27792], "size": [2, 1, 2], "uv": [24, 107]}
				]
			},
			{
				"name": "bone141",
				"parent": "bone86",
				"pivot": [-2.5, 3, 0],
				"rotation": [0, -120, 0]
			},
			{
				"name": "bone142",
				"parent": "bone141",
				"pivot": [-2.5, 3, 5.27792],
				"rotation": [23, 0, 0]
			},
			{
				"name": "bone143",
				"parent": "bone142",
				"pivot": [-2.5, 3, 5.27792],
				"rotation": [0, -45, 0],
				"cubes": [
					{"origin": [-3.5, 15, 4.27792], "size": [2, 1, 2], "uv": [16, 107]}
				]
			},
			{
				"name": "bone144",
				"parent": "bone86",
				"pivot": [-2.5, 3, 0],
				"rotation": [0, -150, 0]
			},
			{
				"name": "bone145",
				"parent": "bone144",
				"pivot": [-2.5, 3, 5.27792],
				"rotation": [23, 0, 0]
			},
			{
				"name": "bone146",
				"parent": "bone145",
				"pivot": [-2.5, 3, 5.27792],
				"rotation": [0, -45, 0],
				"cubes": [
					{"origin": [-3.5, 15, 4.27792], "size": [2, 1, 2], "uv": [8, 107]}
				]
			},
			{
				"name": "bone147",
				"parent": "bone86",
				"pivot": [-2.5, 3, 0],
				"rotation": [0, -180, 0]
			},
			{
				"name": "bone148",
				"parent": "bone147",
				"pivot": [-2.5, 3, 5.27792],
				"rotation": [23, 0, 0]
			},
			{
				"name": "bone149",
				"parent": "bone148",
				"pivot": [-2.5, 3, 5.27792],
				"rotation": [0, -45, 0],
				"cubes": [
					{"origin": [-3.5, 15, 4.27792], "size": [2, 1, 2], "uv": [0, 107]}
				]
			},
			{
				"name": "bone150",
				"parent": "bone86",
				"pivot": [-2.5, 3, 0],
				"rotation": [0, -210, 0]
			},
			{
				"name": "bone151",
				"parent": "bone150",
				"pivot": [-2.5, 3, 5.27792],
				"rotation": [23, 0, 0]
			},
			{
				"name": "bone152",
				"parent": "bone151",
				"pivot": [-2.5, 3, 5.27792],
				"rotation": [0, -45, 0],
				"cubes": [
					{"origin": [-3.5, 15, 4.27792], "size": [2, 1, 2], "uv": [72, 104]}
				]
			},
			{
				"name": "bone153",
				"parent": "bone86",
				"pivot": [-2.5, 3, 0],
				"rotation": [0, -240, 0]
			},
			{
				"name": "bone154",
				"parent": "bone153",
				"pivot": [-2.5, 3, 5.27792],
				"rotation": [23, 0, 0]
			},
			{
				"name": "bone155",
				"parent": "bone154",
				"pivot": [-2.5, 3, 5.27792],
				"rotation": [0, -45, 0],
				"cubes": [
					{"origin": [-3.5, 15, 4.27792], "size": [2, 1, 2], "uv": [64, 104]}
				]
			},
			{
				"name": "bone156",
				"parent": "bone86",
				"pivot": [-2.5, 3, 0],
				"rotation": [0, -270, 0]
			},
			{
				"name": "bone157",
				"parent": "bone156",
				"pivot": [-2.5, 3, 5.27792],
				"rotation": [23, 0, 0]
			},
			{
				"name": "bone158",
				"parent": "bone157",
				"pivot": [-2.5, 3, 5.27792],
				"rotation": [0, -45, 0],
				"cubes": [
					{"origin": [-3.5, 15, 4.27792], "size": [2, 1, 2], "uv": [56, 104]}
				]
			},
			{
				"name": "bone159",
				"parent": "bone86",
				"pivot": [-2.5, 3, 0],
				"rotation": [0, -300, 0]
			},
			{
				"name": "bone160",
				"parent": "bone159",
				"pivot": [-2.5, 3, 5.27792],
				"rotation": [23, 0, 0]
			},
			{
				"name": "bone161",
				"parent": "bone160",
				"pivot": [-2.5, 3, 5.27792],
				"rotation": [0, -45, 0],
				"cubes": [
					{"origin": [-3.5, 15, 4.27792], "size": [2, 1, 2], "uv": [48, 104]}
				]
			},
			{
				"name": "bone162",
				"parent": "bone86",
				"pivot": [-2.5, 3, 0],
				"rotation": [0, -330, 0]
			},
			{
				"name": "bone163",
				"parent": "bone162",
				"pivot": [-2.5, 3, 5.27792],
				"rotation": [23, 0, 0]
			},
			{
				"name": "bone164",
				"parent": "bone163",
				"pivot": [-2.5, 3, 5.27792],
				"rotation": [0, -45, 0],
				"cubes": [
					{"origin": [-3.5, 15, 4.27792], "size": [2, 1, 2], "uv": [40, 104]}
				]
			},
			{
				"name": "bone165",
				"parent": "bone202",
				"pivot": [-4.5, 20, 0]
			},
			{
				"name": "bone166",
				"parent": "bone165",
				"pivot": [-2.5, 2.5, 0]
			},
			{
				"name": "bone167",
				"parent": "bone166",
				"pivot": [-2.5, 2.5, 5.27792],
				"rotation": [23, 0, 0]
			},
			{
				"name": "bone168",
				"parent": "bone167",
				"pivot": [-2.5, 2.5, 5.27792],
				"rotation": [0, -45, 0],
				"cubes": [
					{"origin": [-3.5, 14.5, 4.27792], "size": [2, 1, 2], "uv": [32, 104]}
				]
			},
			{
				"name": "bone169",
				"parent": "bone165",
				"pivot": [-2.5, 2.5, 0],
				"rotation": [0, -30, 0]
			},
			{
				"name": "bone170",
				"parent": "bone169",
				"pivot": [-2.5, 2.5, 5.27792],
				"rotation": [23, 0, 0]
			},
			{
				"name": "bone171",
				"parent": "bone170",
				"pivot": [-2.5, 2.5, 5.27792],
				"rotation": [0, -45, 0],
				"cubes": [
					{"origin": [-3.5, 14.5, 4.27792], "size": [2, 1, 2], "uv": [24, 104]}
				]
			},
			{
				"name": "bone172",
				"parent": "bone165",
				"pivot": [-2.5, 2.5, 0],
				"rotation": [0, -60, 0]
			},
			{
				"name": "bone173",
				"parent": "bone172",
				"pivot": [-2.5, 2.5, 5.27792],
				"rotation": [23, 0, 0]
			},
			{
				"name": "bone174",
				"parent": "bone173",
				"pivot": [-2.5, 2.5, 5.27792],
				"rotation": [0, -45, 0],
				"cubes": [
					{"origin": [-3.5, 14.5, 4.27792], "size": [2, 1, 2], "uv": [16, 104]}
				]
			},
			{
				"name": "bone175",
				"parent": "bone165",
				"pivot": [-2.5, 2.5, 0],
				"rotation": [0, -90, 0]
			},
			{
				"name": "bone176",
				"parent": "bone175",
				"pivot": [-2.5, 2.5, 5.27792],
				"rotation": [23, 0, 0]
			},
			{
				"name": "bone177",
				"parent": "bone176",
				"pivot": [-2.5, 2.5, 5.27792],
				"rotation": [0, -45, 0],
				"cubes": [
					{"origin": [-3.5, 14.5, 4.27792], "size": [2, 1, 2], "uv": [8, 104]}
				]
			},
			{
				"name": "bone178",
				"parent": "bone165",
				"pivot": [-2.5, 2.5, 0],
				"rotation": [0, -120, 0]
			},
			{
				"name": "bone179",
				"parent": "bone178",
				"pivot": [-2.5, 2.5, 5.27792],
				"rotation": [23, 0, 0]
			},
			{
				"name": "bone180",
				"parent": "bone179",
				"pivot": [-2.5, 2.5, 5.27792],
				"rotation": [0, -45, 0],
				"cubes": [
					{"origin": [-3.5, 14.5, 4.27792], "size": [2, 1, 2], "uv": [0, 104]}
				]
			},
			{
				"name": "bone181",
				"parent": "bone165",
				"pivot": [-2.5, 2.5, 0],
				"rotation": [0, -150, 0]
			},
			{
				"name": "bone182",
				"parent": "bone181",
				"pivot": [-2.5, 2.5, 5.27792],
				"rotation": [23, 0, 0]
			},
			{
				"name": "bone183",
				"parent": "bone182",
				"pivot": [-2.5, 2.5, 5.27792],
				"rotation": [0, -45, 0],
				"cubes": [
					{"origin": [-3.5, 14.5, 4.27792], "size": [2, 1, 2], "uv": [72, 101]}
				]
			},
			{
				"name": "bone184",
				"parent": "bone165",
				"pivot": [-2.5, 2.5, 0],
				"rotation": [0, -180, 0]
			},
			{
				"name": "bone185",
				"parent": "bone184",
				"pivot": [-2.5, 2.5, 5.27792],
				"rotation": [23, 0, 0]
			},
			{
				"name": "bone186",
				"parent": "bone185",
				"pivot": [-2.5, 2.5, 5.27792],
				"rotation": [0, -45, 0],
				"cubes": [
					{"origin": [-3.5, 14.5, 4.27792], "size": [2, 1, 2], "uv": [64, 101]}
				]
			},
			{
				"name": "bone187",
				"parent": "bone165",
				"pivot": [-2.5, 2.5, 0],
				"rotation": [0, -210, 0]
			},
			{
				"name": "bone188",
				"parent": "bone187",
				"pivot": [-2.5, 2.5, 5.27792],
				"rotation": [23, 0, 0]
			},
			{
				"name": "bone189",
				"parent": "bone188",
				"pivot": [-2.5, 2.5, 5.27792],
				"rotation": [0, -45, 0],
				"cubes": [
					{"origin": [-3.5, 14.5, 4.27792], "size": [2, 1, 2], "uv": [56, 101]}
				]
			},
			{
				"name": "bone190",
				"parent": "bone165",
				"pivot": [-2.5, 2.5, 0],
				"rotation": [0, -240, 0]
			},
			{
				"name": "bone191",
				"parent": "bone190",
				"pivot": [-2.5, 2.5, 5.27792],
				"rotation": [23, 0, 0]
			},
			{
				"name": "bone192",
				"parent": "bone191",
				"pivot": [-2.5, 2.5, 5.27792],
				"rotation": [0, -45, 0],
				"cubes": [
					{"origin": [-3.5, 14.5, 4.27792], "size": [2, 1, 2], "uv": [48, 101]}
				]
			},
			{
				"name": "bone193",
				"parent": "bone165",
				"pivot": [-2.5, 2.5, 0],
				"rotation": [0, -270, 0]
			},
			{
				"name": "bone194",
				"parent": "bone193",
				"pivot": [-2.5, 2.5, 5.27792],
				"rotation": [23, 0, 0]
			},
			{
				"name": "bone195",
				"parent": "bone194",
				"pivot": [-2.5, 2.5, 5.27792],
				"rotation": [0, -45, 0],
				"cubes": [
					{"origin": [-3.5, 14.5, 4.27792], "size": [2, 1, 2], "uv": [40, 101]}
				]
			},
			{
				"name": "bone196",
				"parent": "bone165",
				"pivot": [-2.5, 2.5, 0],
				"rotation": [0, -300, 0]
			},
			{
				"name": "bone197",
				"parent": "bone196",
				"pivot": [-2.5, 2.5, 5.27792],
				"rotation": [23, 0, 0]
			},
			{
				"name": "bone198",
				"parent": "bone197",
				"pivot": [-2.5, 2.5, 5.27792],
				"rotation": [0, -45, 0],
				"cubes": [
					{"origin": [-3.5, 14.5, 4.27792], "size": [2, 1, 2], "uv": [32, 101]}
				]
			},
			{
				"name": "bone199",
				"parent": "bone165",
				"pivot": [-2.5, 2.5, 0],
				"rotation": [0, -330, 0]
			},
			{
				"name": "bone200",
				"parent": "bone199",
				"pivot": [-2.5, 2.5, 5.27792],
				"rotation": [23, 0, 0]
			},
			{
				"name": "bone201",
				"parent": "bone200",
				"pivot": [-2.5, 2.5, 5.27792],
				"rotation": [0, -45, 0],
				"cubes": [
					{"origin": [-3.5, 14.5, 4.27792], "size": [2, 1, 2], "uv": [24, 101]}
				]
			},
			{
				"name": "armLeft",
				"pivot": [1.5, 17.5, 0],
				"rotation": [0, 0, -25],
				"cubes": [
					{"origin": [1.5, 8.5, -1], "size": [2, 8, 2], "uv": [0, 78]}
				]
			},
			{
				"name": "bone203",
				"parent": "armLeft",
				"pivot": [3.5, 17.5, 0]
			},
			{
				"name": "bone204",
				"parent": "bone203",
				"pivot": [0.5, 20.5, 0]
			},
			{
				"name": "bone205",
				"parent": "bone204",
				"pivot": [2.5, 3, 0]
			},
			{
				"name": "bone206",
				"parent": "bone205",
				"pivot": [2.5, 3, 5.27792],
				"rotation": [23, 0, 0]
			},
			{
				"name": "bone207",
				"parent": "bone206",
				"pivot": [2.5, 3, 5.27792],
				"rotation": [0, -45, 0],
				"cubes": [
					{"origin": [1.5, 15, 4.27792], "size": [2, 1, 2], "uv": [16, 101]}
				]
			},
			{
				"name": "bone208",
				"parent": "bone204",
				"pivot": [2.5, 3, 0],
				"rotation": [0, -30, 0]
			},
			{
				"name": "bone209",
				"parent": "bone208",
				"pivot": [2.5, 3, 5.27792],
				"rotation": [23, 0, 0]
			},
			{
				"name": "bone210",
				"parent": "bone209",
				"pivot": [2.5, 3, 5.27792],
				"rotation": [0, -45, 0],
				"cubes": [
					{"origin": [1.5, 15, 4.27792], "size": [2, 1, 2], "uv": [8, 101]}
				]
			},
			{
				"name": "bone211",
				"parent": "bone204",
				"pivot": [2.5, 3, 0],
				"rotation": [0, -60, 0]
			},
			{
				"name": "bone212",
				"parent": "bone211",
				"pivot": [2.5, 3, 5.27792],
				"rotation": [23, 0, 0]
			},
			{
				"name": "bone213",
				"parent": "bone212",
				"pivot": [2.5, 3, 5.27792],
				"rotation": [0, -45, 0],
				"cubes": [
					{"origin": [1.5, 15, 4.27792], "size": [2, 1, 2], "uv": [0, 101]}
				]
			},
			{
				"name": "bone214",
				"parent": "bone204",
				"pivot": [2.5, 3, 0],
				"rotation": [0, -90, 0]
			},
			{
				"name": "bone215",
				"parent": "bone214",
				"pivot": [2.5, 3, 5.27792],
				"rotation": [23, 0, 0]
			},
			{
				"name": "bone216",
				"parent": "bone215",
				"pivot": [2.5, 3, 5.27792],
				"rotation": [0, -45, 0],
				"cubes": [
					{"origin": [1.5, 15, 4.27792], "size": [2, 1, 2], "uv": [72, 98]}
				]
			},
			{
				"name": "bone217",
				"parent": "bone204",
				"pivot": [2.5, 3, 0],
				"rotation": [0, -120, 0]
			},
			{
				"name": "bone218",
				"parent": "bone217",
				"pivot": [2.5, 3, 5.27792],
				"rotation": [23, 0, 0]
			},
			{
				"name": "bone219",
				"parent": "bone218",
				"pivot": [2.5, 3, 5.27792],
				"rotation": [0, -45, 0],
				"cubes": [
					{"origin": [1.5, 15, 4.27792], "size": [2, 1, 2], "uv": [64, 98]}
				]
			},
			{
				"name": "bone220",
				"parent": "bone204",
				"pivot": [2.5, 3, 0],
				"rotation": [0, -150, 0]
			},
			{
				"name": "bone221",
				"parent": "bone220",
				"pivot": [2.5, 3, 5.27792],
				"rotation": [23, 0, 0]
			},
			{
				"name": "bone222",
				"parent": "bone221",
				"pivot": [2.5, 3, 5.27792],
				"rotation": [0, -45, 0],
				"cubes": [
					{"origin": [1.5, 15, 4.27792], "size": [2, 1, 2], "uv": [56, 98]}
				]
			},
			{
				"name": "bone223",
				"parent": "bone204",
				"pivot": [2.5, 3, 0],
				"rotation": [0, -180, 0]
			},
			{
				"name": "bone224",
				"parent": "bone223",
				"pivot": [2.5, 3, 5.27792],
				"rotation": [23, 0, 0]
			},
			{
				"name": "bone225",
				"parent": "bone224",
				"pivot": [2.5, 3, 5.27792],
				"rotation": [0, -45, 0],
				"cubes": [
					{"origin": [1.5, 15, 4.27792], "size": [2, 1, 2], "uv": [48, 98]}
				]
			},
			{
				"name": "bone226",
				"parent": "bone204",
				"pivot": [2.5, 3, 0],
				"rotation": [0, -210, 0]
			},
			{
				"name": "bone227",
				"parent": "bone226",
				"pivot": [2.5, 3, 5.27792],
				"rotation": [23, 0, 0]
			},
			{
				"name": "bone228",
				"parent": "bone227",
				"pivot": [2.5, 3, 5.27792],
				"rotation": [0, -45, 0],
				"cubes": [
					{"origin": [1.5, 15, 4.27792], "size": [2, 1, 2], "uv": [40, 98]}
				]
			},
			{
				"name": "bone229",
				"parent": "bone204",
				"pivot": [2.5, 3, 0],
				"rotation": [0, -240, 0]
			},
			{
				"name": "bone230",
				"parent": "bone229",
				"pivot": [2.5, 3, 5.27792],
				"rotation": [23, 0, 0]
			},
			{
				"name": "bone231",
				"parent": "bone230",
				"pivot": [2.5, 3, 5.27792],
				"rotation": [0, -45, 0],
				"cubes": [
					{"origin": [1.5, 15, 4.27792], "size": [2, 1, 2], "uv": [32, 98]}
				]
			},
			{
				"name": "bone232",
				"parent": "bone204",
				"pivot": [2.5, 3, 0],
				"rotation": [0, -270, 0]
			},
			{
				"name": "bone233",
				"parent": "bone232",
				"pivot": [2.5, 3, 5.27792],
				"rotation": [23, 0, 0]
			},
			{
				"name": "bone234",
				"parent": "bone233",
				"pivot": [2.5, 3, 5.27792],
				"rotation": [0, -45, 0],
				"cubes": [
					{"origin": [1.5, 15, 4.27792], "size": [2, 1, 2], "uv": [24, 98]}
				]
			},
			{
				"name": "bone235",
				"parent": "bone204",
				"pivot": [2.5, 3, 0],
				"rotation": [0, -300, 0]
			},
			{
				"name": "bone236",
				"parent": "bone235",
				"pivot": [2.5, 3, 5.27792],
				"rotation": [23, 0, 0]
			},
			{
				"name": "bone237",
				"parent": "bone236",
				"pivot": [2.5, 3, 5.27792],
				"rotation": [0, -45, 0],
				"cubes": [
					{"origin": [1.5, 15, 4.27792], "size": [2, 1, 2], "uv": [16, 98]}
				]
			},
			{
				"name": "bone238",
				"parent": "bone204",
				"pivot": [2.5, 3, 0],
				"rotation": [0, -330, 0]
			},
			{
				"name": "bone239",
				"parent": "bone238",
				"pivot": [2.5, 3, 5.27792],
				"rotation": [23, 0, 0]
			},
			{
				"name": "bone240",
				"parent": "bone239",
				"pivot": [2.5, 3, 5.27792],
				"rotation": [0, -45, 0],
				"cubes": [
					{"origin": [1.5, 15, 4.27792], "size": [2, 1, 2], "uv": [8, 98]}
				]
			},
			{
				"name": "bone241",
				"parent": "bone203",
				"pivot": [0.5, 20, 0]
			},
			{
				"name": "bone242",
				"parent": "bone241",
				"pivot": [2.5, 2.5, 0]
			},
			{
				"name": "bone243",
				"parent": "bone242",
				"pivot": [2.5, 2.5, 5.27792],
				"rotation": [23, 0, 0]
			},
			{
				"name": "bone244",
				"parent": "bone243",
				"pivot": [2.5, 2.5, 5.27792],
				"rotation": [0, -45, 0],
				"cubes": [
					{"origin": [1.5, 14.5, 4.27792], "size": [2, 1, 2], "uv": [0, 98]}
				]
			},
			{
				"name": "bone245",
				"parent": "bone241",
				"pivot": [2.5, 2.5, 0],
				"rotation": [0, -30, 0]
			},
			{
				"name": "bone246",
				"parent": "bone245",
				"pivot": [2.5, 2.5, 5.27792],
				"rotation": [23, 0, 0]
			},
			{
				"name": "bone247",
				"parent": "bone246",
				"pivot": [2.5, 2.5, 5.27792],
				"rotation": [0, -45, 0],
				"cubes": [
					{"origin": [1.5, 14.5, 4.27792], "size": [2, 1, 2], "uv": [72, 95]}
				]
			},
			{
				"name": "bone248",
				"parent": "bone241",
				"pivot": [2.5, 2.5, 0],
				"rotation": [0, -60, 0]
			},
			{
				"name": "bone249",
				"parent": "bone248",
				"pivot": [2.5, 2.5, 5.27792],
				"rotation": [23, 0, 0]
			},
			{
				"name": "bone250",
				"parent": "bone249",
				"pivot": [2.5, 2.5, 5.27792],
				"rotation": [0, -45, 0],
				"cubes": [
					{"origin": [1.5, 14.5, 4.27792], "size": [2, 1, 2], "uv": [64, 95]}
				]
			},
			{
				"name": "bone251",
				"parent": "bone241",
				"pivot": [2.5, 2.5, 0],
				"rotation": [0, -90, 0]
			},
			{
				"name": "bone252",
				"parent": "bone251",
				"pivot": [2.5, 2.5, 5.27792],
				"rotation": [23, 0, 0]
			},
			{
				"name": "bone253",
				"parent": "bone252",
				"pivot": [2.5, 2.5, 5.27792],
				"rotation": [0, -45, 0],
				"cubes": [
					{"origin": [1.5, 14.5, 4.27792], "size": [2, 1, 2], "uv": [56, 95]}
				]
			},
			{
				"name": "bone254",
				"parent": "bone241",
				"pivot": [2.5, 2.5, 0],
				"rotation": [0, -120, 0]
			},
			{
				"name": "bone255",
				"parent": "bone254",
				"pivot": [2.5, 2.5, 5.27792],
				"rotation": [23, 0, 0]
			},
			{
				"name": "bone256",
				"parent": "bone255",
				"pivot": [2.5, 2.5, 5.27792],
				"rotation": [0, -45, 0],
				"cubes": [
					{"origin": [1.5, 14.5, 4.27792], "size": [2, 1, 2], "uv": [48, 95]}
				]
			},
			{
				"name": "bone257",
				"parent": "bone241",
				"pivot": [2.5, 2.5, 0],
				"rotation": [0, -150, 0]
			},
			{
				"name": "bone258",
				"parent": "bone257",
				"pivot": [2.5, 2.5, 5.27792],
				"rotation": [23, 0, 0]
			},
			{
				"name": "bone259",
				"parent": "bone258",
				"pivot": [2.5, 2.5, 5.27792],
				"rotation": [0, -45, 0],
				"cubes": [
					{"origin": [1.5, 14.5, 4.27792], "size": [2, 1, 2], "uv": [40, 95]}
				]
			},
			{
				"name": "bone260",
				"parent": "bone241",
				"pivot": [2.5, 2.5, 0],
				"rotation": [0, -180, 0]
			},
			{
				"name": "bone261",
				"parent": "bone260",
				"pivot": [2.5, 2.5, 5.27792],
				"rotation": [23, 0, 0]
			},
			{
				"name": "bone262",
				"parent": "bone261",
				"pivot": [2.5, 2.5, 5.27792],
				"rotation": [0, -45, 0],
				"cubes": [
					{"origin": [1.5, 14.5, 4.27792], "size": [2, 1, 2], "uv": [32, 95]}
				]
			},
			{
				"name": "bone263",
				"parent": "bone241",
				"pivot": [2.5, 2.5, 0],
				"rotation": [0, -210, 0]
			},
			{
				"name": "bone264",
				"parent": "bone263",
				"pivot": [2.5, 2.5, 5.27792],
				"rotation": [23, 0, 0]
			},
			{
				"name": "bone265",
				"parent": "bone264",
				"pivot": [2.5, 2.5, 5.27792],
				"rotation": [0, -45, 0],
				"cubes": [
					{"origin": [1.5, 14.5, 4.27792], "size": [2, 1, 2], "uv": [24, 95]}
				]
			},
			{
				"name": "bone266",
				"parent": "bone241",
				"pivot": [2.5, 2.5, 0],
				"rotation": [0, -240, 0]
			},
			{
				"name": "bone267",
				"parent": "bone266",
				"pivot": [2.5, 2.5, 5.27792],
				"rotation": [23, 0, 0]
			},
			{
				"name": "bone268",
				"parent": "bone267",
				"pivot": [2.5, 2.5, 5.27792],
				"rotation": [0, -45, 0],
				"cubes": [
					{"origin": [1.5, 14.5, 4.27792], "size": [2, 1, 2], "uv": [16, 95]}
				]
			},
			{
				"name": "bone269",
				"parent": "bone241",
				"pivot": [2.5, 2.5, 0],
				"rotation": [0, -270, 0]
			},
			{
				"name": "bone270",
				"parent": "bone269",
				"pivot": [2.5, 2.5, 5.27792],
				"rotation": [23, 0, 0]
			},
			{
				"name": "bone271",
				"parent": "bone270",
				"pivot": [2.5, 2.5, 5.27792],
				"rotation": [0, -45, 0],
				"cubes": [
					{"origin": [1.5, 14.5, 4.27792], "size": [2, 1, 2], "uv": [8, 95]}
				]
			},
			{
				"name": "bone272",
				"parent": "bone241",
				"pivot": [2.5, 2.5, 0],
				"rotation": [0, -300, 0]
			},
			{
				"name": "bone273",
				"parent": "bone272",
				"pivot": [2.5, 2.5, 5.27792],
				"rotation": [23, 0, 0]
			},
			{
				"name": "bone274",
				"parent": "bone273",
				"pivot": [2.5, 2.5, 5.27792],
				"rotation": [0, -45, 0],
				"cubes": [
					{"origin": [1.5, 14.5, 4.27792], "size": [2, 1, 2], "uv": [0, 95]}
				]
			},
			{
				"name": "bone275",
				"parent": "bone241",
				"pivot": [2.5, 2.5, 0],
				"rotation": [0, -330, 0]
			},
			{
				"name": "bone276",
				"parent": "bone275",
				"pivot": [2.5, 2.5, 5.27792],
				"rotation": [23, 0, 0]
			},
			{
				"name": "bone277",
				"parent": "bone276",
				"pivot": [2.5, 2.5, 5.27792],
				"rotation": [0, -45, 0],
				"cubes": [
					{"origin": [1.5, 14.5, 4.27792], "size": [2, 1, 2], "uv": [40, 91]}
				]
			},
			{
				"name": "body",
				"pivot": [0, 10.5, 0],
				"cubes": [
					{"origin": [-3, 8.999, -3], "size": [6, 9, 6], "uv": [32, 20]}
				]
			},
			{
				"name": "233",
				"parent": "body",
				"pivot": [0, 10.5, 0]
			},
			{
				"name": "a",
				"parent": "233",
				"pivot": [0, 10.5, 0]
			},
			{
				"name": "bone22",
				"parent": "a",
				"pivot": [0, 17, -1],
				"rotation": [10, 0, 0]
			},
			{
				"name": "bone38",
				"parent": "bone22",
				"pivot": [0, 6.5, -1],
				"rotation": [0, -128.57143, 0]
			},
			{
				"name": "bone39",
				"parent": "bone38",
				"pivot": [0, 6.5, 5.19607],
				"rotation": [23, 0, 0]
			},
			{
				"name": "bone40",
				"parent": "bone39",
				"pivot": [0, 6.5, 5.19607],
				"rotation": [0, -45, 0],
				"cubes": [
					{"origin": [-1, 16.5, 4.19607], "size": [2, 1, 2], "uv": [48, 110]}
				]
			},
			{
				"name": "bone41",
				"parent": "bone22",
				"pivot": [0, 6.5, -1],
				"rotation": [0, -154.28571, 0]
			},
			{
				"name": "bone42",
				"parent": "bone41",
				"pivot": [0, 6.5, 5.19607],
				"rotation": [23, 0, 0]
			},
			{
				"name": "bone43",
				"parent": "bone42",
				"pivot": [0, 6.5, 5.19607],
				"rotation": [0, -45, 0],
				"cubes": [
					{"origin": [-1, 16.5, 4.19607], "size": [2, 1, 2], "uv": [40, 110]}
				]
			},
			{
				"name": "bone44",
				"parent": "bone22",
				"pivot": [0, 6.5, -1],
				"rotation": [0, -180, 0]
			},
			{
				"name": "bone45",
				"parent": "bone44",
				"pivot": [0, 6.5, 5.19607],
				"rotation": [23, 0, 0]
			},
			{
				"name": "bone46",
				"parent": "bone45",
				"pivot": [0, 6.5, 5.19607],
				"rotation": [0, -45, 0],
				"cubes": [
					{"origin": [-1, 16.5, 4.19607], "size": [2, 1, 2], "uv": [32, 110]}
				]
			},
			{
				"name": "bone47",
				"parent": "bone22",
				"pivot": [0, 6.5, -1],
				"rotation": [0, -205.71429, 0]
			},
			{
				"name": "bone48",
				"parent": "bone47",
				"pivot": [0, 6.5, 5.19607],
				"rotation": [23, 0, 0]
			},
			{
				"name": "bone49",
				"parent": "bone48",
				"pivot": [0, 6.5, 5.19607],
				"rotation": [0, -45, 0],
				"cubes": [
					{"origin": [-1, 16.5, 4.19607], "size": [2, 1, 2], "uv": [24, 110]}
				]
			},
			{
				"name": "bone50",
				"parent": "bone22",
				"pivot": [0, 6.5, -1],
				"rotation": [0, -231.42857, 0]
			},
			{
				"name": "bone51",
				"parent": "bone50",
				"pivot": [0, 6.5, 5.19607],
				"rotation": [23, 0, 0]
			},
			{
				"name": "bone52",
				"parent": "bone51",
				"pivot": [0, 6.5, 5.19607],
				"rotation": [0, -45, 0],
				"cubes": [
					{"origin": [-1, 16.5, 4.19607], "size": [2, 1, 2], "uv": [16, 110]}
				]
			},
			{
				"name": "bone24",
				"parent": "a",
				"pivot": [0, 17, 1],
				"rotation": [10, 180, 0]
			},
			{
				"name": "bone25",
				"parent": "bone24",
				"pivot": [0, 6.5, 1],
				"rotation": [0, -128.57143, 0]
			},
			{
				"name": "bone26",
				"parent": "bone25",
				"pivot": [0, 6.5, 7.19607],
				"rotation": [23, 0, 0]
			},
			{
				"name": "bone35",
				"parent": "bone26",
				"pivot": [0, 6.5, 7.19607],
				"rotation": [0, -45, 0],
				"cubes": [
					{"origin": [-1, 16.5, 6.19607], "size": [2, 1, 2], "uv": [8, 110]}
				]
			},
			{
				"name": "bone36",
				"parent": "bone24",
				"pivot": [0, 6.5, 1],
				"rotation": [0, -154.28571, 0]
			},
			{
				"name": "bone37",
				"parent": "bone36",
				"pivot": [0, 6.5, 7.19607],
				"rotation": [23, 0, 0]
			},
			{
				"name": "bone53",
				"parent": "bone37",
				"pivot": [0, 6.5, 7.19607],
				"rotation": [0, -45, 0],
				"cubes": [
					{"origin": [-1, 16.5, 6.19607], "size": [2, 1, 2], "uv": [0, 110]}
				]
			},
			{
				"name": "bone54",
				"parent": "bone24",
				"pivot": [0, 6.5, 1],
				"rotation": [0, -180, 0]
			},
			{
				"name": "bone55",
				"parent": "bone54",
				"pivot": [0, 6.5, 7.19607],
				"rotation": [23, 0, 0]
			},
			{
				"name": "bone63",
				"parent": "bone55",
				"pivot": [0, 6.5, 7.19607],
				"rotation": [0, -45, 0],
				"cubes": [
					{"origin": [-1, 16.5, 6.19607], "size": [2, 1, 2], "uv": [72, 107]}
				]
			},
			{
				"name": "bone64",
				"parent": "bone24",
				"pivot": [0, 6.5, 1],
				"rotation": [0, -205.71429, 0]
			},
			{
				"name": "bone65",
				"parent": "bone64",
				"pivot": [0, 6.5, 7.19607],
				"rotation": [23, 0, 0]
			},
			{
				"name": "bone66",
				"parent": "bone65",
				"pivot": [0, 6.5, 7.19607],
				"rotation": [0, -45, 0],
				"cubes": [
					{"origin": [-1, 16.5, 6.19607], "size": [2, 1, 2], "uv": [64, 107]}
				]
			},
			{
				"name": "bone67",
				"parent": "bone24",
				"pivot": [0, 6.5, 1],
				"rotation": [0, -231.42857, 0]
			},
			{
				"name": "bone68",
				"parent": "bone67",
				"pivot": [0, 6.5, 7.19607],
				"rotation": [23, 0, 0]
			},
			{
				"name": "bone69",
				"parent": "bone68",
				"pivot": [0, 6.5, 7.19607],
				"rotation": [0, -45, 0],
				"cubes": [
					{"origin": [-1, 16.5, 6.19607], "size": [2, 1, 2], "uv": [56, 107]}
				]
			},
			{
				"name": "bone23",
				"parent": "a",
				"pivot": [0, 16, -1],
				"rotation": [10, 0, 0]
			},
			{
				"name": "bone27",
				"parent": "bone23",
				"pivot": [0, 5.5, -1],
				"rotation": [0, -128.57143, 0]
			},
			{
				"name": "bone28",
				"parent": "bone27",
				"pivot": [0, 5.5, 5.19607],
				"rotation": [23, 0, 0]
			},
			{
				"name": "bone29",
				"parent": "bone28",
				"pivot": [0, 5.5, 5.19607],
				"rotation": [0, -45, 0],
				"cubes": [
					{"origin": [0, 15.5, 4.19607], "size": [1, 2, 2], "uv": [12, 115]}
				]
			},
			{
				"name": "bone30",
				"parent": "bone23",
				"pivot": [0, 5.5, -1],
				"rotation": [0, -154.28571, 0]
			},
			{
				"name": "bone31",
				"parent": "bone30",
				"pivot": [0, 5.5, 5.19607],
				"rotation": [23, 0, 0]
			},
			{
				"name": "bone32",
				"parent": "bone31",
				"pivot": [0, 5.5, 5.19607],
				"rotation": [0, -45, 0],
				"cubes": [
					{"origin": [0, 15.5, 4.19607], "size": [1, 2, 2], "uv": [6, 115]}
				]
			},
			{
				"name": "bone33",
				"parent": "bone23",
				"pivot": [0, 5.5, -1],
				"rotation": [0, -180, 0]
			},
			{
				"name": "bone34",
				"parent": "bone33",
				"pivot": [0, 5.5, 5.19607],
				"rotation": [23, 0, 0]
			},
			{
				"name": "bone56",
				"parent": "bone34",
				"pivot": [0, 5.5, 5.19607],
				"rotation": [0, -45, 0],
				"cubes": [
					{"origin": [0, 15.5, 5.19607], "size": [1, 2, 1], "uv": [36, 121]}
				]
			},
			{
				"name": "bone57",
				"parent": "bone23",
				"pivot": [0, 5.5, -1],
				"rotation": [0, -205.71429, 0]
			},
			{
				"name": "bone58",
				"parent": "bone57",
				"pivot": [0, 5.5, 5.19607],
				"rotation": [23, 0, 0]
			},
			{
				"name": "bone59",
				"parent": "bone58",
				"pivot": [0, 5.5, 5.19607],
				"rotation": [0, -45, 0],
				"cubes": [
					{"origin": [-1, 15.5, 5.19607], "size": [2, 2, 1], "uv": [44, 118]}
				]
			},
			{
				"name": "bone60",
				"parent": "bone23",
				"pivot": [0, 5.5, -1],
				"rotation": [0, -231.42857, 0]
			},
			{
				"name": "bone61",
				"parent": "bone60",
				"pivot": [0, 5.5, 5.19607],
				"rotation": [23, 0, 0]
			},
			{
				"name": "bone62",
				"parent": "bone61",
				"pivot": [0, 5.5, 5.19607],
				"rotation": [0, -45, 0],
				"cubes": [
					{"origin": [-1, 15.5, 5.19607], "size": [2, 2, 1], "uv": [44, 115]}
				]
			},
			{
				"name": "bone70",
				"parent": "a",
				"pivot": [0, 16, 1],
				"rotation": [10, 180, 0]
			},
			{
				"name": "bone71",
				"parent": "bone70",
				"pivot": [0, 5.5, 1],
				"rotation": [0, -128.57143, 0]
			},
			{
				"name": "bone72",
				"parent": "bone71",
				"pivot": [0, 5.5, 7.19607],
				"rotation": [23, 0, 0]
			},
			{
				"name": "bone73",
				"parent": "bone72",
				"pivot": [0, 5.5, 7.19607],
				"rotation": [0, -45, 0],
				"cubes": [
					{"origin": [0, 15.5, 6.19607], "size": [1, 2, 2], "uv": [0, 115]}
				]
			},
			{
				"name": "bone74",
				"parent": "bone70",
				"pivot": [0, 5.5, 1],
				"rotation": [0, -154.28571, 0]
			},
			{
				"name": "bone75",
				"parent": "bone74",
				"pivot": [0, 5.5, 7.19607],
				"rotation": [23, 0, 0]
			},
			{
				"name": "bone76",
				"parent": "bone75",
				"pivot": [0, 5.5, 7.19607],
				"rotation": [0, -45, 0],
				"cubes": [
					{"origin": [0, 15.5, 6.19607], "size": [1, 2, 2], "uv": [68, 110]}
				]
			},
			{
				"name": "bone77",
				"parent": "bone70",
				"pivot": [0, 5.5, 1],
				"rotation": [0, -180, 0]
			},
			{
				"name": "bone78",
				"parent": "bone77",
				"pivot": [0, 5.5, 7.19607],
				"rotation": [23, 0, 0]
			},
			{
				"name": "bone79",
				"parent": "bone78",
				"pivot": [0, 5.5, 7.19607],
				"rotation": [0, -45, 0],
				"cubes": [
					{"origin": [0, 15.5, 7.19607], "size": [1, 2, 1], "uv": [32, 121]}
				]
			},
			{
				"name": "bone80",
				"parent": "bone70",
				"pivot": [0, 5.5, 1],
				"rotation": [0, -205.71429, 0]
			},
			{
				"name": "bone81",
				"parent": "bone80",
				"pivot": [0, 5.5, 7.19607],
				"rotation": [23, 0, 0]
			},
			{
				"name": "bone82",
				"parent": "bone81",
				"pivot": [0, 5.5, 7.19607],
				"rotation": [0, -45, 0],
				"cubes": [
					{"origin": [-1, 15.5, 7.19607], "size": [2, 2, 1], "uv": [38, 118]}
				]
			},
			{
				"name": "bone83",
				"parent": "bone70",
				"pivot": [0, 5.5, 1],
				"rotation": [0, -231.42857, 0]
			},
			{
				"name": "bone84",
				"parent": "bone83",
				"pivot": [0, 5.5, 7.19607],
				"rotation": [23, 0, 0]
			},
			{
				"name": "bone85",
				"parent": "bone84",
				"pivot": [0, 5.5, 7.19607],
				"rotation": [0, -45, 0],
				"cubes": [
					{"origin": [-1, 15.5, 7.19607], "size": [2, 2, 1], "uv": [38, 115]}
				]
			},
			{
				"name": "aa",
				"parent": "a",
				"pivot": [0, 10.5, 0],
				"cubes": [
					{"origin": [-5, 12.999, -6], "size": [6, 8, 12], "uv": [36, 0], "inflate": -2.95},
					{"origin": [-1, 12.999, -6], "size": [6, 8, 12], "uv": [0, 0], "inflate": -2.95}
				]
			},
			{
				"name": "b",
				"parent": "233",
				"pivot": [0, 15.5, 0]
			},
			{
				"name": "bone87",
				"parent": "b",
				"pivot": [0, 5, 0]
			},
			{
				"name": "bone88",
				"parent": "bone87",
				"pivot": [0, 5, 6.19607],
				"rotation": [23, 0, 0]
			},
			{
				"name": "bone89",
				"parent": "bone88",
				"pivot": [0, 5, 6.19607],
				"rotation": [0, -45, 0],
				"cubes": [
					{"origin": [-1, 4, 5.19607], "size": [2, 13, 2], "uv": [44, 36]}
				]
			},
			{
				"name": "bone309",
				"parent": "bone89",
				"pivot": [0.17623, 7.42589, 7.95751],
				"rotation": [-90, 0, 0]
			},
			{
				"name": "bone310",
				"parent": "bone309",
				"pivot": [1.17623, 6.42589, 9.95751],
				"cubes": [
					{"origin": [-0.99934, 6.42589, 7.71586], "size": [2, 1, 1], "uv": [116, 86], "inflate": -0.25}
				]
			},
			{
				"name": "bone311",
				"parent": "bone309",
				"pivot": [1.17623, 6.42589, 9.95751],
				"rotation": [0, -72, 0],
				"cubes": [
					{"origin": [-1.72588, 6.42589, 9.95193], "size": [2, 1, 1], "uv": [116, 86], "inflate": -0.25}
				]
			},
			{
				"name": "bone312",
				"parent": "bone309",
				"pivot": [1.17623, 6.42589, 9.95751],
				"rotation": [0, -144, 0],
				"cubes": [
					{"origin": [0.17623, 6.42589, 11.33389], "size": [2, 1, 1], "uv": [116, 86], "inflate": -0.25}
				]
			},
			{
				"name": "bone313",
				"parent": "bone309",
				"pivot": [1.17623, 6.42589, 9.95751],
				"rotation": [0, -216, 0],
				"cubes": [
					{"origin": [2.07835, 6.42589, 9.95193], "size": [2, 1, 1], "uv": [116, 86], "inflate": -0.25}
				]
			},
			{
				"name": "bone314",
				"parent": "bone309",
				"pivot": [1.17623, 6.42589, 9.95751],
				"rotation": [0, -288, 0],
				"cubes": [
					{"origin": [1.3518, 6.42589, 7.71586], "size": [2, 1, 1], "uv": [116, 86], "inflate": -0.25}
				]
			},
			{
				"name": "bone315",
				"parent": "bone89",
				"pivot": [2.02623, 8.42589, 5.95751],
				"rotation": [-85, 60, 0]
			},
			{
				"name": "bone316",
				"parent": "bone315",
				"pivot": [3.02623, 7.42589, 7.95751],
				"cubes": [
					{"origin": [0.10066, 7.42589, 5.71586], "size": [3, 1, 1], "uv": [116, 86], "inflate": -0.25}
				]
			},
			{
				"name": "bone317",
				"parent": "bone315",
				"pivot": [3.02623, 7.42589, 7.95751],
				"rotation": [0, -72, 0],
				"cubes": [
					{"origin": [-0.62588, 7.42589, 7.95193], "size": [3, 1, 1], "uv": [116, 86], "inflate": -0.25}
				]
			},
			{
				"name": "bone318",
				"parent": "bone315",
				"pivot": [3.02623, 7.42589, 7.95751],
				"rotation": [0, -144, 0],
				"cubes": [
					{"origin": [1.27623, 7.42589, 9.33389], "size": [3, 1, 1], "uv": [116, 86], "inflate": -0.25}
				]
			},
			{
				"name": "bone319",
				"parent": "bone315",
				"pivot": [3.02623, 7.42589, 7.95751],
				"rotation": [0, -216, 0],
				"cubes": [
					{"origin": [3.17835, 7.42589, 7.95193], "size": [3, 1, 1], "uv": [116, 86], "inflate": -0.25}
				]
			},
			{
				"name": "bone320",
				"parent": "bone315",
				"pivot": [3.02623, 7.42589, 7.95751],
				"rotation": [0, -288, 0],
				"cubes": [
					{"origin": [2.4518, 7.42589, 5.71586], "size": [3, 1, 1], "uv": [116, 86], "inflate": -0.25}
				]
			},
			{
				"name": "bone90",
				"parent": "b",
				"pivot": [0, 5, 0],
				"rotation": [0, -25.71429, 0]
			},
			{
				"name": "bone91",
				"parent": "bone90",
				"pivot": [0, 5, 6.19607],
				"rotation": [23, 0, 0]
			},
			{
				"name": "bone92",
				"parent": "bone91",
				"pivot": [0, 5, 6.19607],
				"rotation": [0, -45, 0],
				"cubes": [
					{"origin": [-1, 4, 5.19607], "size": [2, 13, 2], "uv": [36, 36]}
				]
			},
			{
				"name": "bone308",
				"parent": "bone92",
				"pivot": [1, 9.375, 7.19607],
				"rotation": [0, 30, 0],
				"cubes": [
					{"origin": [0.5, 9, 6.69607], "size": [1, 2, 1], "uv": [120, 101]},
					{"origin": [0.5, 8.25, 6.69607], "size": [1, 1, 1], "uv": [120, 98], "inflate": -0.1}
				]
			},
			{
				"name": "bone93",
				"parent": "b",
				"pivot": [0, 5, 0],
				"rotation": [0, -51.42857, 0]
			},
			{
				"name": "bone94",
				"parent": "bone93",
				"pivot": [0, 5, 6.19607],
				"rotation": [23, 0, 0]
			},
			{
				"name": "bone95",
				"parent": "bone94",
				"pivot": [0, 5, 6.19607],
				"rotation": [0, -45, 0],
				"cubes": [
					{"origin": [-1, 5, 5.19607], "size": [2, 12, 2], "uv": [24, 51]}
				]
			},
			{
				"name": "bone321",
				"parent": "bone95",
				"pivot": [0.42623, 8.42589, 6.45751],
				"rotation": [-90, -90, 0]
			},
			{
				"name": "bone322",
				"parent": "bone321",
				"pivot": [1.42623, 7.42589, 8.45751],
				"cubes": [
					{"origin": [-0.74934, 7.42589, 6.21586], "size": [2, 1, 1], "uv": [116, 86], "inflate": -0.35}
				]
			},
			{
				"name": "bone323",
				"parent": "bone321",
				"pivot": [1.42623, 7.42589, 8.45751],
				"rotation": [0, -72, 0],
				"cubes": [
					{"origin": [-1.47588, 7.42589, 8.45193], "size": [2, 1, 1], "uv": [116, 86], "inflate": -0.35}
				]
			},
			{
				"name": "bone324",
				"parent": "bone321",
				"pivot": [1.42623, 7.42589, 8.45751],
				"rotation": [0, -144, 0],
				"cubes": [
					{"origin": [0.42623, 7.42589, 9.83389], "size": [2, 1, 1], "uv": [116, 86], "inflate": -0.35}
				]
			},
			{
				"name": "bone325",
				"parent": "bone321",
				"pivot": [1.42623, 7.42589, 8.45751],
				"rotation": [0, -216, 0],
				"cubes": [
					{"origin": [2.32835, 7.42589, 8.45193], "size": [2, 1, 1], "uv": [116, 86], "inflate": -0.35}
				]
			},
			{
				"name": "bone326",
				"parent": "bone321",
				"pivot": [1.42623, 7.42589, 8.45751],
				"rotation": [0, -288, 0],
				"cubes": [
					{"origin": [1.6018, 7.42589, 6.21586], "size": [2, 1, 1], "uv": [116, 86], "inflate": -0.35}
				]
			},
			{
				"name": "bone96",
				"parent": "b",
				"pivot": [0, 5, 0],
				"rotation": [0, -77.14286, 0]
			},
			{
				"name": "bone97",
				"parent": "bone96",
				"pivot": [0, 5, 6.19607],
				"rotation": [23, 0, 0]
			},
			{
				"name": "bone98",
				"parent": "bone97",
				"pivot": [0, 5, 6.19607],
				"rotation": [0, -45, 0],
				"cubes": [
					{"origin": [-1, 5, 5.19607], "size": [2, 12, 2], "uv": [16, 51]}
				]
			},
			{
				"name": "bone302",
				"parent": "bone98",
				"pivot": [2.7022, 10.94824, 5.47025],
				"rotation": [-5, -70, 85]
			},
			{
				"name": "bone303",
				"parent": "bone302",
				"pivot": [3.7022, 9.94824, 7.47025],
				"rotation": [0, 0, 15],
				"cubes": [
					{"origin": [0.52663, 9.94824, 5.2286], "size": [3, 1, 1], "uv": [116, 86], "inflate": -0.25}
				]
			},
			{
				"name": "bone304",
				"parent": "bone302",
				"pivot": [3.7022, 9.94824, 7.47025],
				"rotation": [0, -72, 15],
				"cubes": [
					{"origin": [-0.19991, 9.94824, 7.46467], "size": [3, 1, 1], "uv": [116, 86], "inflate": -0.25}
				]
			},
			{
				"name": "bone305",
				"parent": "bone302",
				"pivot": [3.7022, 9.94824, 7.47025],
				"rotation": [0, -144, 15],
				"cubes": [
					{"origin": [1.7022, 9.94824, 8.84663], "size": [3, 1, 1], "uv": [116, 86], "inflate": -0.25}
				]
			},
			{
				"name": "bone306",
				"parent": "bone302",
				"pivot": [3.7022, 9.94824, 7.47025],
				"rotation": [0, -216, 15],
				"cubes": [
					{"origin": [3.60431, 9.94824, 7.46467], "size": [3, 1, 1], "uv": [116, 86], "inflate": -0.25}
				]
			},
			{
				"name": "bone307",
				"parent": "bone302",
				"pivot": [3.7022, 9.94824, 7.47025],
				"rotation": [0, -288, 15],
				"cubes": [
					{"origin": [2.87777, 9.94824, 5.2286], "size": [3, 1, 1], "uv": [116, 86], "inflate": -0.25}
				]
			},
			{
				"name": "bone99",
				"parent": "b",
				"pivot": [0, 5, 0],
				"rotation": [0, -102.85714, 0]
			},
			{
				"name": "bone100",
				"parent": "bone99",
				"pivot": [0, 5, 6.19607],
				"rotation": [23, 0, 0]
			},
			{
				"name": "bone101",
				"parent": "bone100",
				"pivot": [0, 5, 6.19607],
				"rotation": [0, -45, 0],
				"cubes": [
					{"origin": [-1, 6, 5.19607], "size": [2, 11, 2], "uv": [0, 65]}
				]
			},
			{
				"name": "bone102",
				"parent": "b",
				"pivot": [0, 5, 0],
				"rotation": [0, -128.57143, 0]
			},
			{
				"name": "bone103",
				"parent": "bone102",
				"pivot": [0, 5, 6.19607],
				"rotation": [23, 0, 0]
			},
			{
				"name": "bone104",
				"parent": "bone103",
				"pivot": [0, 5, 6.19607],
				"rotation": [0, -45, 0],
				"cubes": [
					{"origin": [-1, 9, 5.19607], "size": [2, 8, 2], "uv": [16, 65]}
				]
			},
			{
				"name": "bone105",
				"parent": "b",
				"pivot": [0, 5, 0],
				"rotation": [0, -154.28571, 0]
			},
			{
				"name": "bone106",
				"parent": "bone105",
				"pivot": [0, 5, 6.19607],
				"rotation": [23, 0, 0]
			},
			{
				"name": "bone107",
				"parent": "bone106",
				"pivot": [0, 5, 6.19607],
				"rotation": [0, -45, 0],
				"cubes": [
					{"origin": [-1, 12, 5.19607], "size": [2, 5, 2], "uv": [8, 88]}
				]
			},
			{
				"name": "bone108",
				"parent": "b",
				"pivot": [0, 5, 0],
				"rotation": [0, -180, 0]
			},
			{
				"name": "bone109",
				"parent": "bone108",
				"pivot": [0, 5, 6.19607],
				"rotation": [23, 0, 0]
			},
			{
				"name": "bone110",
				"parent": "bone109",
				"pivot": [0, 5, 6.19607],
				"rotation": [0, -45, 0],
				"cubes": [
					{"origin": [-1, 14, 5.19607], "size": [2, 3, 2], "uv": [16, 88]}
				]
			},
			{
				"name": "bone111",
				"parent": "b",
				"pivot": [0, 5, 0],
				"rotation": [0, -205.71429, 0]
			},
			{
				"name": "bone112",
				"parent": "bone111",
				"pivot": [0, 5, 6.19607],
				"rotation": [23, 0, 0]
			},
			{
				"name": "bone113",
				"parent": "bone112",
				"pivot": [0, 5, 6.19607],
				"rotation": [0, -45, 0],
				"cubes": [
					{"origin": [-1, 12, 5.19607], "size": [2, 5, 2], "uv": [0, 88]}
				]
			},
			{
				"name": "bone114",
				"parent": "b",
				"pivot": [0, 5, 0],
				"rotation": [0, -231.42857, 0]
			},
			{
				"name": "bone115",
				"parent": "bone114",
				"pivot": [0, 5, 6.19607],
				"rotation": [23, 0, 0]
			},
			{
				"name": "bone116",
				"parent": "bone115",
				"pivot": [0, 5, 6.19607],
				"rotation": [0, -45, 0],
				"cubes": [
					{"origin": [-1, 9, 5.19607], "size": [2, 8, 2], "uv": [8, 65]}
				]
			},
			{
				"name": "bone117",
				"parent": "b",
				"pivot": [0, 5, 0],
				"rotation": [0, -257.14286, 0]
			},
			{
				"name": "bone118",
				"parent": "bone117",
				"pivot": [0, 5, 6.19607],
				"rotation": [23, 0, 0]
			},
			{
				"name": "bone119",
				"parent": "bone118",
				"pivot": [0, 5, 6.19607],
				"rotation": [0, -45, 0],
				"cubes": [
					{"origin": [-1, 6, 5.19607], "size": [2, 11, 2], "uv": [32, 51]}
				]
			},
			{
				"name": "bone120",
				"parent": "b",
				"pivot": [0, 5, 0],
				"rotation": [0, -282.85714, 0]
			},
			{
				"name": "bone121",
				"parent": "bone120",
				"pivot": [0, 5, 6.19607],
				"rotation": [23, 0, 0]
			},
			{
				"name": "bone122",
				"parent": "bone121",
				"pivot": [0, 5, 6.19607],
				"rotation": [0, -45, 0],
				"cubes": [
					{"origin": [-1, 5, 5.19607], "size": [2, 12, 2], "uv": [8, 51]}
				]
			},
			{
				"name": "bone123",
				"parent": "b",
				"pivot": [0, 5, 0],
				"rotation": [0, -308.57143, 0]
			},
			{
				"name": "bone124",
				"parent": "bone123",
				"pivot": [0, 5, 6.19607],
				"rotation": [23, 0, 0]
			},
			{
				"name": "bone125",
				"parent": "bone124",
				"pivot": [0, 5, 6.19607],
				"rotation": [0, -45, 0],
				"cubes": [
					{"origin": [-1, 5, 5.19607], "size": [2, 12, 2], "uv": [0, 51]},
					{"origin": [-1, 8, 7.19607], "size": [1, 1, 1], "uv": [120, 116]},
					{"origin": [-0.75, 8, 7.19607], "size": [1, 1, 1], "uv": [120, 116], "inflate": -0.1},
					{"origin": [-1, 7.75, 7.19607], "size": [1, 1, 1], "uv": [120, 116], "inflate": -0.1},
					{"origin": [-0.6, 7.55, 6.99607], "size": [1, 1, 1], "uv": [120, 116], "inflate": -0.2},
					{"origin": [1, 11.6, 5.44607], "size": [1, 1, 1], "uv": [120, 121]},
					{"origin": [1, 12.25, 5.44607], "size": [1, 1, 1], "uv": [120, 121], "inflate": -0.2},
					{"origin": [1.1, 11, 5.69607], "size": [1, 1, 1], "uv": [120, 121], "inflate": 0.1},
					{"origin": [1, 10.1, 5.59607], "size": [1, 1, 1], "uv": [120, 121], "inflate": 0.1},
					{"origin": [0.9, 9.3, 5.49607], "size": [1, 1, 1], "uv": [120, 121]},
					{"origin": [0.8, 8.8, 5.39607], "size": [1, 1, 1], "uv": [120, 121]}
				]
			},
			{
				"name": "bone126",
				"parent": "b",
				"pivot": [0, 5, 0],
				"rotation": [0, -334.28571, 0]
			},
			{
				"name": "bone127",
				"parent": "bone126",
				"pivot": [0, 5, 6.19607],
				"rotation": [23, 0, 0]
			},
			{
				"name": "bone128",
				"parent": "bone127",
				"pivot": [0, 5, 6.19607],
				"rotation": [0, -45, 0],
				"cubes": [
					{"origin": [-1, 4, 5.19607], "size": [2, 13, 2], "uv": [28, 36]}
				]
			},
			{
				"name": "legLeft",
				"pivot": [2, 9, 0],
				"cubes": [
					{"origin": [0.249, 0, -1.5], "size": [3, 9, 3], "uv": [0, 36]},
					{"origin": [0.249, 1, -1.5], "size": [3, 0, 3], "uv": [50, 78], "inflate": 0.1}
				]
			},
			{
				"name": "bone278",
				"parent": "legLeft",
				"pivot": [0.75, 3.95, 7],
				"rotation": [0, 0, 90]
			},
			{
				"name": "bone279",
				"parent": "bone278",
				"pivot": [5.75, 5.95, 2],
				"cubes": [
					{"origin": [3.18934, 5.95, 0.14645], "size": [1, 1, 1], "uv": [36, 126], "inflate": -0.25}
				]
			},
			{
				"name": "bone280",
				"parent": "bone278",
				"pivot": [5.75, 5.95, 2],
				"rotation": [0, -45, 0],
				"cubes": [
					{"origin": [2.58579, 5.95, 2.10355], "size": [1, 1, 1], "uv": [32, 126], "inflate": -0.25}
				]
			},
			{
				"name": "bone281",
				"parent": "bone278",
				"pivot": [5.75, 5.95, 2],
				"rotation": [0, -90, 0],
				"cubes": [
					{"origin": [3.54289, 5.95, 3.91421], "size": [1, 1, 1], "uv": [28, 126], "inflate": -0.25}
				]
			},
			{
				"name": "bone282",
				"parent": "bone278",
				"pivot": [5.75, 5.95, 2],
				"rotation": [0, -135, 0],
				"cubes": [
					{"origin": [5.5, 5.95, 4.51777], "size": [1, 1, 1], "uv": [24, 126], "inflate": -0.25}
				]
			},
			{
				"name": "bone283",
				"parent": "bone278",
				"pivot": [5.75, 5.95, 2],
				"rotation": [0, -180, 0],
				"cubes": [
					{"origin": [7.31066, 5.95, 3.56066], "size": [1, 1, 1], "uv": [20, 126], "inflate": -0.25}
				]
			},
			{
				"name": "bone284",
				"parent": "bone278",
				"pivot": [5.75, 5.95, 2],
				"rotation": [0, -225, 0],
				"cubes": [
					{"origin": [7.91421, 5.95, 1.60355], "size": [1, 1, 1], "uv": [16, 126], "inflate": -0.25}
				]
			},
			{
				"name": "bone285",
				"parent": "bone278",
				"pivot": [5.75, 5.95, 2],
				"rotation": [0, -270, 0],
				"cubes": [
					{"origin": [6.95711, 5.95, -0.20711], "size": [1, 1, 1], "uv": [12, 126], "inflate": -0.25}
				]
			},
			{
				"name": "bone286",
				"parent": "bone278",
				"pivot": [5.75, 5.95, 2],
				"rotation": [0, -315, 0],
				"cubes": [
					{"origin": [5, 5.95, -0.81066], "size": [1, 1, 1], "uv": [8, 126], "inflate": -0.25}
				]
			},
			{
				"name": "legRight",
				"pivot": [-2, 9, 0],
				"cubes": [
					{"origin": [-3.249, 0, -1.5], "size": [3, 9, 3], "uv": [56, 20]},
					{"origin": [-3.249, 1, -1.5], "size": [3, 0, 3], "uv": [38, 85], "inflate": 0.1}
				]
			},
			{
				"name": "bone287",
				"parent": "legRight",
				"pivot": [-5.75, 4, 7],
				"rotation": [0, 0, 90]
			},
			{
				"name": "bone288",
				"parent": "bone287",
				"pivot": [-0.75, 6, 2],
				"cubes": [
					{"origin": [-3.31066, 6, 0.14645], "size": [1, 1, 1], "uv": [4, 126], "inflate": -0.25}
				]
			},
			{
				"name": "bone289",
				"parent": "bone287",
				"pivot": [-0.75, 6, 2],
				"rotation": [0, -45, 0],
				"cubes": [
					{"origin": [-3.91421, 6, 2.10355], "size": [1, 1, 1], "uv": [0, 126], "inflate": -0.25}
				]
			},
			{
				"name": "bone290",
				"parent": "bone287",
				"pivot": [-0.75, 6, 2],
				"rotation": [0, -90, 0],
				"cubes": [
					{"origin": [-2.95711, 6, 3.91421], "size": [1, 1, 1], "uv": [48, 121], "inflate": -0.25}
				]
			},
			{
				"name": "bone291",
				"parent": "bone287",
				"pivot": [-0.75, 6, 2],
				"rotation": [0, -135, 0],
				"cubes": [
					{"origin": [-1, 6, 4.51777], "size": [1, 1, 1], "uv": [44, 123], "inflate": -0.25}
				]
			},
			{
				"name": "bone292",
				"parent": "bone287",
				"pivot": [-0.75, 6, 2],
				"rotation": [0, -180, 0],
				"cubes": [
					{"origin": [0.81066, 6, 3.56066], "size": [1, 1, 1], "uv": [44, 121], "inflate": -0.25}
				]
			},
			{
				"name": "bone293",
				"parent": "bone287",
				"pivot": [-0.75, 6, 2],
				"rotation": [0, -225, 0],
				"cubes": [
					{"origin": [1.41421, 6, 1.60355], "size": [1, 1, 1], "uv": [40, 123], "inflate": -0.25}
				]
			},
			{
				"name": "bone294",
				"parent": "bone287",
				"pivot": [-0.75, 6, 2],
				"rotation": [0, -270, 0],
				"cubes": [
					{"origin": [0.45711, 6, -0.20711], "size": [1, 1, 1], "uv": [40, 121], "inflate": -0.25}
				]
			},
			{
				"name": "bone295",
				"parent": "bone287",
				"pivot": [-0.75, 6, 2],
				"rotation": [0, -315, 0],
				"cubes": [
					{"origin": [-1.5, 6, -0.81066], "size": [1, 1, 1], "uv": [36, 124], "inflate": -0.25}
				]
			}
		]
	}
}