{
	"format_version": "1.10.0",
	"geometry.model": {
		"texturewidth": 112,
		"textureheight": 112,
		"visible_bounds_width": 2,
		"visible_bounds_height": 2,
		"visible_bounds_offset": [0, 1, 0],
		"bones": [
			{
				"name": "head",
				"pivot": [0, 18, 0],
				"cubes": [
					{"origin": [-4, 18, -4], "size": [8, 8, 8], "uv": [0, 0]}
				]
			},
			{
				"name": "blink",
				"parent": "head",
				"pivot": [0, 18, 0],
				"cubes": [
					{"origin": [-4, 18, -4.001], "size": [8, 8, 0], "uv": [12, 16]}
				]
			},
			{
				"name": "bone135",
				"parent": "head",
				"pivot": [0, 18, 0]
			},
			{
				"name": "bone137",
				"parent": "bone135",
				"pivot": [0, 18, 0.5]
			},
			{
				"name": "bone136",
				"parent": "bone137",
				"pivot": [-1, 24.5, -4],
				"rotation": [0, 0, 35],
				"cubes": [
					{"origin": [-1.88727, 22.20283, -4.5], "size": [2, 4, 1], "uv": [42, 64]}
				]
			},
			{
				"name": "bone140",
				"parent": "bone137",
				"pivot": [-3, 24.5, -4],
				"rotation": [0, 0, 30],
				"cubes": [
					{"origin": [-2.85158, 22.61085, -4.51], "size": [1, 4, 1], "uv": [30, 83]}
				]
			},
			{
				"name": "bone160",
				"parent": "bone137",
				"pivot": [-4.5, 24, -4],
				"rotation": [0, 0, 15],
				"cubes": [
					{"origin": [-4.10158, 22.11085, -4.5], "size": [1, 4, 1], "uv": [10, 83]}
				]
			},
			{
				"name": "bone145",
				"parent": "bone137",
				"pivot": [-4, 24.5, -4],
				"rotation": [0, 0, 20],
				"cubes": [
					{"origin": [-3.72658, 23.39435, -4.51], "size": [1, 3, 1], "uv": [12, 88]}
				]
			},
			{
				"name": "bone146",
				"parent": "bone137",
				"pivot": [-4, 22.5, -4],
				"rotation": [0, 0, 10],
				"cubes": [
					{"origin": [-4.27002, 22.33328, -4.5], "size": [1, 1, 1], "uv": [0, 101]}
				]
			},
			{
				"name": "bone139",
				"parent": "bone137",
				"pivot": [-4, 21.5, -4],
				"cubes": [
					{"origin": [-4.29487, 15.3827, -4.5], "size": [1, 7, 1], "uv": [0, 64]}
				]
			},
			{
				"name": "bone147",
				"parent": "bone137",
				"pivot": [-4, 16.5, -4],
				"rotation": [0, 0, -5],
				"cubes": [
					{"origin": [-4.39113, 12.41265, -4.5], "size": [1, 3, 1], "uv": [8, 88]}
				]
			},
			{
				"name": "bone141",
				"parent": "bone137",
				"pivot": [2.25, 24.5, -4],
				"rotation": [0, 0, -30],
				"cubes": [
					{"origin": [1.73993, 22.26935, -4.5], "size": [1, 4, 1], "uv": [26, 83]}
				]
			},
			{
				"name": "bone161",
				"parent": "bone137",
				"pivot": [3.5, 24.25, -4],
				"rotation": [0, 0, -15],
				"cubes": [
					{"origin": [2.98993, 22.01935, -4.5], "size": [1, 4, 1], "uv": [6, 83]}
				]
			},
			{
				"name": "bone149",
				"parent": "bone137",
				"pivot": [3, 24.25, -4],
				"rotation": [0, 0, -20],
				"cubes": [
					{"origin": [2.48993, 22.01935, -4.51], "size": [1, 4, 1], "uv": [14, 83]}
				]
			},
			{
				"name": "bone142",
				"parent": "bone137",
				"pivot": [3, 24.5, -4],
				"rotation": [0, 0, -15],
				"cubes": [
					{"origin": [2.39069, 22.50707, -4.85], "size": [1, 4, 1], "uv": [22, 83], "inflate": -0.25}
				]
			},
			{
				"name": "bone143",
				"parent": "bone137",
				"pivot": [3, 21.5, -4],
				"cubes": [
					{"origin": [2.837, 19.10287, -4.85], "size": [1, 4, 1], "uv": [18, 83], "inflate": -0.25}
				]
			},
			{
				"name": "bone144",
				"parent": "bone137",
				"pivot": [3, 18.5, -4],
				"rotation": [0, 0, 5],
				"cubes": [
					{"origin": [2.76043, 16.65079, -4.85], "size": [1, 3, 1], "uv": [16, 88], "inflate": -0.25}
				]
			},
			{
				"name": "bone138",
				"parent": "bone137",
				"pivot": [-0.5, 24.25, -4],
				"rotation": [0, 0, 10],
				"cubes": [
					{"origin": [0, 22.25, -4.51], "size": [1, 4, 1], "uv": [34, 83]}
				]
			},
			{
				"name": "bone159",
				"parent": "bone135",
				"pivot": [-0.25, 18, 0]
			},
			{
				"name": "bone154",
				"parent": "bone159",
				"pivot": [2.75, 19, 2],
				"rotation": [0, 15, 0]
			},
			{
				"name": "bone155",
				"parent": "bone154",
				"pivot": [7.75, 24.5, 2],
				"rotation": [55, 0, 0],
				"cubes": [
					{"origin": [5.3, 26.58212, -3.10781], "size": [0, 1, 5], "uv": [10, 38]}
				]
			},
			{
				"name": "bone156",
				"parent": "bone154",
				"pivot": [7.75, 23.5, 2],
				"rotation": [-40, 0, 0],
				"cubes": [
					{"origin": [5.29273, 18.90905, -1.268], "size": [0, 1, 3], "uv": [44, 72]}
				]
			},
			{
				"name": "bone157",
				"parent": "bone154",
				"pivot": [7.75, 23.5, 2],
				"rotation": [-60, 0, 0],
				"cubes": [
					{"origin": [5.25, 19.03394, -0.02366], "size": [0, 1, 3], "uv": [38, 72]}
				]
			},
			{
				"name": "bone158",
				"parent": "bone154",
				"pivot": [7.75, 23.5, 2],
				"rotation": [70, 0, 0],
				"cubes": [
					{"origin": [5.29373, 25.8811, -0.62555], "size": [0, 1, 4], "uv": [0, 55]}
				]
			},
			{
				"name": "bone148",
				"parent": "bone159",
				"pivot": [2.75, 19, 2],
				"rotation": [0, 45, 0]
			},
			{
				"name": "bone150",
				"parent": "bone148",
				"pivot": [7.75, 24.5, 2],
				"rotation": [55, 0, 0],
				"cubes": [
					{"origin": [7.7, 24.94208, -1.95944], "size": [0, 1, 5], "uv": [10, 38]}
				]
			},
			{
				"name": "bone152",
				"parent": "bone148",
				"pivot": [7.75, 23.5, 2],
				"rotation": [-40, 0, 0],
				"cubes": [
					{"origin": [7.67929, 20.19598, 0.26571], "size": [0, 1, 3], "uv": [44, 72]}
				]
			},
			{
				"name": "bone153",
				"parent": "bone148",
				"pivot": [7.75, 23.5, 2],
				"rotation": [-60, 0, 0],
				"cubes": [
					{"origin": [7.6, 20.76783, 0.9774], "size": [0, 1, 3], "uv": [38, 72]}
				]
			},
			{
				"name": "bone151",
				"parent": "bone148",
				"pivot": [7.75, 23.5, 2],
				"rotation": [70, 0, 0],
				"cubes": [
					{"origin": [7.68029, 23.99972, 0.05921], "size": [0, 1, 4], "uv": [0, 55]}
				]
			},
			{
				"name": "bone171",
				"parent": "bone135",
				"pivot": [0, 18, 0]
			},
			{
				"name": "bone172",
				"parent": "bone171",
				"pivot": [0, 18, 0]
			},
			{
				"name": "bone162",
				"parent": "bone172",
				"pivot": [0, 18, 0]
			},
			{
				"name": "bone163",
				"parent": "bone162",
				"pivot": [-3.75, 25.5, 2],
				"rotation": [0, 0, -15],
				"cubes": [
					{"origin": [-4.25, 25, 2], "size": [1, 2, 1], "uv": [24, 98]}
				]
			},
			{
				"name": "bone164",
				"parent": "bone162",
				"pivot": [-4.75, 25.5, 2],
				"rotation": [0, 0, -145],
				"cubes": [
					{"origin": [-5.09869, 24.34526, 1], "size": [1, 1, 2], "uv": [0, 83]}
				]
			},
			{
				"name": "bone165",
				"parent": "bone162",
				"pivot": [-4.75, 24.5, 2],
				"rotation": [10, 0, -175],
				"cubes": [
					{"origin": [-5.176, 22.89262, 1.732], "size": [1, 2, 1], "uv": [20, 98]}
				]
			},
			{
				"name": "bone167",
				"parent": "bone162",
				"pivot": [-4.75, 22.5, 2],
				"rotation": [5, 0, -180],
				"cubes": [
					{"origin": [-5.1487, 20.82426, 1.52002], "size": [1, 3, 1], "uv": [4, 88]}
				]
			},
			{
				"name": "bone168",
				"parent": "bone162",
				"pivot": [-4.75, 19.5, 2],
				"rotation": [0, 0, -180],
				"cubes": [
					{"origin": [-5.1487, 17.77739, 1.40643], "size": [1, 5, 1], "uv": [22, 72]}
				]
			},
			{
				"name": "bone169",
				"parent": "bone162",
				"pivot": [-4.75, 15.5, 2],
				"rotation": [-5, 0, -180],
				"cubes": [
					{"origin": [-5.1487, 14.72841, 1.47167], "size": [1, 3, 1], "uv": [0, 88]}
				]
			},
			{
				"name": "bone170",
				"parent": "bone162",
				"pivot": [-4.75, 13.5, 2],
				"rotation": [-5, 0, 170],
				"cubes": [
					{"origin": [-5.11165, 13.62798, 1.65543], "size": [1, 1, 1], "uv": [52, 98]}
				]
			},
			{
				"name": "bone166",
				"parent": "bone162",
				"pivot": [-4.75, 24.5, 1],
				"rotation": [-15, 0, -175],
				"cubes": [
					{"origin": [-5.17616, 23.09375, 1.3768], "size": [1, 2, 1], "uv": [16, 98]}
				]
			},
			{
				"name": "bone208",
				"parent": "bone135",
				"pivot": [0, 18, 0]
			},
			{
				"name": "bone177",
				"parent": "bone208",
				"pivot": [0, 19, 0]
			},
			{
				"name": "bone182",
				"parent": "bone177",
				"pivot": [-0.5, 20.25, 2.75],
				"rotation": [5, 0, 0]
			},
			{
				"name": "bone183",
				"parent": "bone182",
				"pivot": [3.4, 20.25, 1.75],
				"rotation": [0, 0, -15],
				"cubes": [
					{"origin": [2.9, 17.25, 0.75], "size": [1, 5, 2], "uv": [30, 48]}
				]
			},
			{
				"name": "bone184",
				"parent": "bone182",
				"pivot": [3.4, 15.25, 1.75],
				"cubes": [
					{"origin": [3.65942, 14.48163, 0.75], "size": [1, 3, 2], "uv": [36, 64]}
				]
			},
			{
				"name": "bone185",
				"parent": "bone182",
				"pivot": [3.4, 9.25, 1.75],
				"rotation": [0, 0, 5],
				"cubes": [
					{"origin": [3.19866, 10.57149, 0.75], "size": [1, 4, 2], "uv": [46, 55]}
				]
			},
			{
				"name": "bone186",
				"parent": "bone177",
				"pivot": [-0.25, 20.25, 3.5],
				"rotation": [5, 0, 0]
			},
			{
				"name": "bone187",
				"parent": "bone186",
				"pivot": [3.65, 20.25, 2.5],
				"rotation": [0, 0, -15],
				"cubes": [
					{"origin": [3.15, 17.25, 2.5], "size": [1, 5, 1], "uv": [18, 72]}
				]
			},
			{
				"name": "bone188",
				"parent": "bone186",
				"pivot": [3.65, 15.25, 2.5],
				"cubes": [
					{"origin": [3.90942, 13.48163, 2.5], "size": [1, 4, 1], "uv": [42, 78]}
				]
			},
			{
				"name": "bone189",
				"parent": "bone186",
				"pivot": [3.65, 9.25, 2.5],
				"rotation": [0, 0, 5],
				"cubes": [
					{"origin": [3.53582, 11.5753, 2.5], "size": [1, 2, 1], "uv": [12, 98]}
				]
			},
			{
				"name": "bone190",
				"parent": "bone208",
				"pivot": [0, 19, 0],
				"rotation": [0, 180, 0]
			},
			{
				"name": "bone191",
				"parent": "bone190",
				"pivot": [0, 20, -1.75],
				"rotation": [-5, 0, 0]
			},
			{
				"name": "bone192",
				"parent": "bone191",
				"pivot": [3.9, 20, -2.75],
				"rotation": [0, 0, -10],
				"cubes": [
					{"origin": [3.22701, 17.01894, -3.66284], "size": [1, 4, 1], "uv": [38, 78]}
				]
			},
			{
				"name": "bone193",
				"parent": "bone191",
				"pivot": [3.9, 15, -2.75],
				"cubes": [
					{"origin": [3.7397, 13.12101, -3.66284], "size": [1, 4, 1], "uv": [34, 78]}
				]
			},
			{
				"name": "bone194",
				"parent": "bone191",
				"pivot": [3.9, 9, -2.75],
				"rotation": [0, 0, 5],
				"cubes": [
					{"origin": [3.37733, 10.17852, -3.66284], "size": [1, 3, 1], "uv": [42, 83]}
				]
			},
			{
				"name": "bone195",
				"parent": "bone190",
				"pivot": [-0.5, 20, -1]
			},
			{
				"name": "bone196",
				"parent": "bone195",
				"pivot": [3.4, 20, -2],
				"rotation": [0, 0, -15],
				"cubes": [
					{"origin": [2.9, 18, -3], "size": [1, 4, 2], "uv": [40, 55]}
				]
			},
			{
				"name": "bone207",
				"parent": "bone195",
				"pivot": [10.4, 19, -2],
				"rotation": [0, 0, -10],
				"cubes": [
					{"origin": [3.3524, 17.25153, -3], "size": [1, 2, 2], "uv": [6, 72]}
				]
			},
			{
				"name": "bone197",
				"parent": "bone195",
				"pivot": [3.4, 15, -2],
				"cubes": [
					{"origin": [3.7479, 14.22794, -3], "size": [1, 2, 2], "uv": [12, 72]}
				]
			},
			{
				"name": "bone198",
				"parent": "bone195",
				"pivot": [3.4, 9, -2],
				"rotation": [0, 0, 5],
				"cubes": [
					{"origin": [3.28712, 10.32553, -3], "size": [1, 4, 2], "uv": [34, 55]}
				]
			},
			{
				"name": "bone209",
				"parent": "bone208",
				"pivot": [0, 17, 0],
				"rotation": [0, -90, 0]
			},
			{
				"name": "bone210",
				"parent": "bone209",
				"pivot": [0, 18, -1.75],
				"rotation": [-5, 0, 0]
			},
			{
				"name": "bone211",
				"parent": "bone210",
				"pivot": [3.9, 18, -2.75],
				"rotation": [0, 0, -10],
				"cubes": [
					{"origin": [3.4, 15, -3.75], "size": [1, 5, 2], "uv": [24, 48]}
				]
			},
			{
				"name": "bone212",
				"parent": "bone210",
				"pivot": [3.9, 13, -2.75],
				"cubes": [
					{"origin": [3.91335, 10.1324, -3.75], "size": [1, 5, 2], "uv": [18, 48]}
				]
			},
			{
				"name": "bone213",
				"parent": "bone210",
				"pivot": [3.9, 7, -2.75],
				"rotation": [0, 0, 5],
				"cubes": [
					{"origin": [3.63649, 9.2088, -3.75], "size": [1, 1, 2], "uv": [28, 78]}
				]
			},
			{
				"name": "bone214",
				"parent": "bone209",
				"pivot": [0, 18.5, 2]
			},
			{
				"name": "bone215",
				"parent": "bone214",
				"pivot": [3.9, 18.5, 1],
				"rotation": [0, 0, -15],
				"cubes": [
					{"origin": [3.4, 16.5, 0], "size": [1, 4, 2], "uv": [28, 55]}
				]
			},
			{
				"name": "bone216",
				"parent": "bone214",
				"pivot": [10.9, 17.5, 1],
				"rotation": [0, 0, -10],
				"cubes": [
					{"origin": [3.8524, 14.75153, 0], "size": [1, 3, 2], "uv": [30, 64]}
				]
			},
			{
				"name": "bone217",
				"parent": "bone214",
				"pivot": [3.9, 13.5, 1],
				"cubes": [
					{"origin": [4.42155, 10.74313, 0], "size": [1, 3, 2], "uv": [24, 64]}
				]
			},
			{
				"name": "bone218",
				"parent": "bone214",
				"pivot": [3.9, 7.5, 1],
				"rotation": [0, 0, 5],
				"cubes": [
					{"origin": [4.1331, 9.8634, 0], "size": [1, 1, 2], "uv": [22, 78]}
				]
			},
			{
				"name": "bone219",
				"parent": "bone209",
				"pivot": [0, 18, 0.25],
				"rotation": [-5, 0, 0]
			},
			{
				"name": "bone220",
				"parent": "bone219",
				"pivot": [3.9, 18, -0.75],
				"rotation": [0, 0, -10],
				"cubes": [
					{"origin": [3.4, 15, -1.75], "size": [1, 5, 2], "uv": [12, 48]}
				]
			},
			{
				"name": "bone221",
				"parent": "bone219",
				"pivot": [3.9, 13, -0.75],
				"cubes": [
					{"origin": [3.91335, 12.1324, -1.75], "size": [1, 3, 2], "uv": [18, 64]}
				]
			},
			{
				"name": "bone222",
				"parent": "bone219",
				"pivot": [3.9, 7, -0.75],
				"rotation": [0, 0, 5],
				"cubes": [
					{"origin": [3.46217, 10.20119, -1.75], "size": [1, 2, 2], "uv": [0, 72]}
				]
			},
			{
				"name": "bone223",
				"parent": "bone209",
				"pivot": [0, 18.25, 3.75],
				"rotation": [5, 0, 0]
			},
			{
				"name": "bone224",
				"parent": "bone223",
				"pivot": [3.9, 18.25, 2.75],
				"rotation": [0, 0, -10],
				"cubes": [
					{"origin": [3.4, 15.25, 1.75], "size": [1, 5, 2], "uv": [6, 48]}
				]
			},
			{
				"name": "bone225",
				"parent": "bone223",
				"pivot": [3.9, 13.25, 2.75],
				"cubes": [
					{"origin": [3.91335, 10.3824, 1.75], "size": [1, 5, 2], "uv": [0, 48]}
				]
			},
			{
				"name": "bone226",
				"parent": "bone223",
				"pivot": [3.9, 7.25, 2.75],
				"rotation": [0, 0, 5],
				"cubes": [
					{"origin": [3.63649, 9.4588, 1.75], "size": [1, 1, 2], "uv": [16, 78]}
				]
			},
			{
				"name": "armRight",
				"pivot": [-2, 17.5, 0],
				"rotation": [0, 0, 25],
				"cubes": [
					{"origin": [-4, 8.5, -1], "size": [2, 8, 2], "uv": [38, 28]}
				]
			},
			{
				"name": "armLeft",
				"pivot": [2, 17.5, 0],
				"rotation": [0, 0, -25],
				"cubes": [
					{"origin": [2, 8.5, -1], "size": [2, 8, 2], "uv": [30, 28]}
				]
			},
			{
				"name": "body",
				"pivot": [0, 10.5, 0],
				"cubes": [
					{"origin": [-3, 8.999, -3], "size": [6, 9, 6], "uv": [32, 0]}
				]
			},
			{
				"name": "bone112",
				"parent": "body",
				"pivot": [0.5, 12.5, 0.15],
				"rotation": [0, 0, -40]
			},
			{
				"name": "bone113",
				"parent": "bone112",
				"pivot": [0.5, 12.5, 0.65],
				"rotation": [0, 0, -20],
				"cubes": [
					{"origin": [-0.66086, 11.30653, -3.37334], "size": [2, 1, 1], "uv": [0, 92], "inflate": -0.25}
				]
			},
			{
				"name": "bone114",
				"parent": "bone112",
				"pivot": [-0.5, 12.5, 0.65],
				"rotation": [0, 0, 20],
				"cubes": [
					{"origin": [-0.48415, 11.61554, -3.4148], "size": [2, 1, 1], "uv": [38, 88], "inflate": -0.25}
				]
			},
			{
				"name": "bone115",
				"parent": "bone112",
				"pivot": [-0.5, 11.5, 0.65],
				"rotation": [0, 0, 45],
				"cubes": [
					{"origin": [-0.94803, 11.49444, -3.4148], "size": [1, 1, 1], "uv": [32, 101], "inflate": -0.25}
				]
			},
			{
				"name": "bone116",
				"parent": "bone112",
				"pivot": [0.5, 11.5, 0.65],
				"rotation": [0, 0, -45],
				"cubes": [
					{"origin": [0.59232, 10.85305, -3.37334], "size": [1, 1, 1], "uv": [28, 101], "inflate": -0.25}
				]
			},
			{
				"name": "bone117",
				"parent": "body",
				"pivot": [0.25, 13, 0.15],
				"rotation": [0, 0, 30]
			},
			{
				"name": "bone118",
				"parent": "bone117",
				"pivot": [0.25, 13, 0.65],
				"rotation": [0, 0, -20],
				"cubes": [
					{"origin": [-0.91086, 11.80653, -3.37334], "size": [2, 1, 1], "uv": [32, 90], "inflate": -0.25}
				]
			},
			{
				"name": "bone119",
				"parent": "bone117",
				"pivot": [-0.75, 13, 0.65],
				"rotation": [0, 0, 20],
				"cubes": [
					{"origin": [-0.73415, 12.11554, -3.4148], "size": [2, 1, 1], "uv": [32, 88], "inflate": -0.25}
				]
			},
			{
				"name": "bone120",
				"parent": "bone117",
				"pivot": [-0.75, 12, 0.65],
				"rotation": [0, 0, 45],
				"cubes": [
					{"origin": [-1.19803, 11.99444, -3.4148], "size": [1, 1, 1], "uv": [24, 101], "inflate": -0.25}
				]
			},
			{
				"name": "bone121",
				"parent": "bone117",
				"pivot": [0.25, 12, 0.65],
				"rotation": [0, 0, -45],
				"cubes": [
					{"origin": [0.34232, 11.35305, -3.37334], "size": [1, 1, 1], "uv": [20, 101], "inflate": -0.25}
				]
			},
			{
				"name": "bone122",
				"parent": "body",
				"pivot": [-1, 13.75, 0.15],
				"rotation": [0, 0, -10]
			},
			{
				"name": "bone123",
				"parent": "bone122",
				"pivot": [-1, 13.75, 0.65],
				"rotation": [0, 0, -20],
				"cubes": [
					{"origin": [-2.16086, 12.55653, -3.37334], "size": [2, 1, 1], "uv": [26, 90], "inflate": -0.25}
				]
			},
			{
				"name": "bone124",
				"parent": "bone122",
				"pivot": [-2, 13.75, 0.65],
				"rotation": [0, 0, 20],
				"cubes": [
					{"origin": [-1.98415, 12.86554, -3.4148], "size": [2, 1, 1], "uv": [26, 88], "inflate": -0.25}
				]
			},
			{
				"name": "bone125",
				"parent": "bone122",
				"pivot": [-2, 12.75, 0.65],
				"rotation": [0, 0, 45],
				"cubes": [
					{"origin": [-2.44803, 12.74444, -3.4148], "size": [1, 1, 1], "uv": [16, 101], "inflate": -0.25}
				]
			},
			{
				"name": "bone126",
				"parent": "bone122",
				"pivot": [-1, 12.75, 0.65],
				"rotation": [0, 0, -45],
				"cubes": [
					{"origin": [-0.90768, 12.10305, -3.37334], "size": [1, 1, 1], "uv": [12, 101], "inflate": -0.25}
				]
			},
			{
				"name": "bone127",
				"parent": "body",
				"pivot": [-1.5, 14.5, 0.15],
				"rotation": [0, 0, 10]
			},
			{
				"name": "bone128",
				"parent": "bone127",
				"pivot": [-1.5, 14.5, 0.65],
				"rotation": [0, 0, -20],
				"cubes": [
					{"origin": [-2.66086, 13.30653, -3.37334], "size": [2, 1, 1], "uv": [20, 90], "inflate": -0.25}
				]
			},
			{
				"name": "bone129",
				"parent": "bone127",
				"pivot": [-2.5, 14.5, 0.65],
				"rotation": [0, 0, 20],
				"cubes": [
					{"origin": [-2.48415, 13.61554, -3.4148], "size": [2, 1, 1], "uv": [20, 88], "inflate": -0.25}
				]
			},
			{
				"name": "bone130",
				"parent": "bone127",
				"pivot": [-2.5, 13.5, 0.65],
				"rotation": [0, 0, 45],
				"cubes": [
					{"origin": [-2.94803, 13.49444, -3.4148], "size": [1, 1, 1], "uv": [8, 101], "inflate": -0.25}
				]
			},
			{
				"name": "bone131",
				"parent": "bone127",
				"pivot": [-1.5, 13.5, 0.65],
				"rotation": [0, 0, -45],
				"cubes": [
					{"origin": [-1.40768, 12.85305, -3.37334], "size": [1, 1, 1], "uv": [4, 101], "inflate": -0.25}
				]
			},
			{
				"name": "op",
				"parent": "body",
				"pivot": [0, 10.5, 0]
			},
			{
				"name": "bone2",
				"parent": "op",
				"pivot": [0, 15.249, -2.5],
				"rotation": [45, 0, 0],
				"cubes": [
					{"origin": [-3, 15.92578, -3.82322], "size": [6, 1, 3], "uv": [0, 28], "inflate": -0.01}
				]
			},
			{
				"name": "bone38",
				"parent": "bone2",
				"pivot": [0, 15.95611, -2.45711],
				"rotation": [0, 30, 0],
				"cubes": [
					{"origin": [-1.70079, 16.44507, -4.48408], "size": [2, 1, 1], "uv": [24, 96], "inflate": -0.4}
				]
			},
			{
				"name": "bone43",
				"parent": "bone2",
				"pivot": [0, 15.95611, -2.45711],
				"rotation": [0, -30, 0],
				"cubes": [
					{"origin": [-0.29921, 16.44507, -4.48408], "size": [2, 1, 1], "uv": [6, 96], "inflate": -0.4}
				]
			},
			{
				"name": "bone40",
				"parent": "bone2",
				"pivot": [0.93969, 16.42137, -3.40606],
				"rotation": [0, 65, 0],
				"cubes": [
					{"origin": [0.01844, 16.44507, -5.68338], "size": [1, 1, 1], "uv": [12, 105], "inflate": -0.4}
				]
			},
			{
				"name": "bone44",
				"parent": "bone2",
				"pivot": [0.93969, 16.42137, -3.40606],
				"rotation": [0, -65, 0],
				"cubes": [
					{"origin": [0.06668, 16.44507, -3.98008], "size": [1, 1, 1], "uv": [8, 105], "inflate": -0.4}
				]
			},
			{
				"name": "bone41",
				"parent": "bone2",
				"pivot": [0.93969, 16.42137, -4.40606],
				"rotation": [0, 55, -20],
				"cubes": [
					{"origin": [-0.90746, 15.97382, -5.77199], "size": [1, 2, 1], "uv": [48, 98], "inflate": -0.4}
				]
			},
			{
				"name": "bone45",
				"parent": "bone2",
				"pivot": [1.93969, 16.42137, -4.40606],
				"rotation": [0, -55, 20],
				"cubes": [
					{"origin": [1.2349, 14.98901, -3.55558], "size": [1, 2, 1], "uv": [44, 98], "inflate": -0.4}
				]
			},
			{
				"name": "bone39",
				"parent": "bone2",
				"pivot": [-0.93969, 16.19795, -2.21526],
				"cubes": [
					{"origin": [-3.44, 16.44507, -3.64251], "size": [2, 1, 1], "uv": [18, 96], "inflate": -0.4}
				]
			},
			{
				"name": "bone46",
				"parent": "bone2",
				"pivot": [-2.18969, 16.19795, -2.21526],
				"rotation": [40, 0, 0],
				"cubes": [
					{"origin": [-3.44, 15.75397, -2.98622], "size": [1, 2, 1], "uv": [40, 98], "inflate": -0.4},
					{"origin": [2.44, 15.75397, -2.98622], "size": [1, 2, 1], "uv": [36, 98], "inflate": -0.4}
				]
			},
			{
				"name": "bone42",
				"parent": "bone2",
				"pivot": [3.81031, 16.19795, -2.21526],
				"cubes": [
					{"origin": [1.44, 16.44507, -3.64251], "size": [2, 1, 1], "uv": [12, 96], "inflate": -0.4}
				]
			},
			{
				"name": "bone3",
				"parent": "op",
				"pivot": [0, 14.249, -2.5],
				"rotation": [60, 0, 0],
				"cubes": [
					{"origin": [-3, 13.76226, -2.7347], "size": [6, 2, 2], "uv": [0, 32], "inflate": -0.01}
				]
			},
			{
				"name": "bone47",
				"parent": "bone3",
				"pivot": [1.93969, 16.42137, -4.40606],
				"rotation": [0, 0, -35],
				"cubes": [
					{"origin": [-0.8921, 15.54897, -3.13963], "size": [1, 2, 1], "uv": [32, 98], "inflate": -0.4}
				]
			},
			{
				"name": "bone48",
				"parent": "bone3",
				"pivot": [1.93969, 16.42137, -4.40606],
				"rotation": [0, 0, 35],
				"cubes": [
					{"origin": [0.59368, 13.32385, -3.13963], "size": [1, 2, 1], "uv": [28, 98], "inflate": -0.4}
				]
			},
			{
				"name": "bone37",
				"parent": "op",
				"pivot": [0, 10.5, 0]
			},
			{
				"name": "sit",
				"parent": "body",
				"pivot": [0, 3, 0]
			},
			{
				"name": "bone",
				"parent": "sit",
				"pivot": [0, -7.5, 0]
			},
			{
				"name": "bone4",
				"parent": "bone",
				"pivot": [0, -7.5, 4.98916],
				"rotation": [6, 0, 0],
				"cubes": [
					{"origin": [-3, 2.29208, 4.98916], "size": [6, 10, 0], "uv": [40, 16]}
				]
			},
			{
				"name": "bone5",
				"parent": "bone4",
				"pivot": [-3, -7.70792, 4.98916],
				"rotation": [0, 0, 5.96737],
				"cubes": [
					{"origin": [-5, 2.29208, 4.98816], "size": [2, 10, 0], "uv": [44, 38]}
				]
			},
			{
				"name": "bone6",
				"parent": "bone4",
				"pivot": [3, -7.70792, 4.98916],
				"rotation": [0, 0, -5.96737],
				"cubes": [
					{"origin": [3, 7.29208, 4.99016], "size": [2, 5, 0], "uv": [38, 83]}
				]
			},
			{
				"name": "bone7",
				"parent": "sit",
				"pivot": [0, -7.5, 0],
				"rotation": [0, -90, 0]
			},
			{
				"name": "bone8",
				"parent": "bone7",
				"pivot": [0, -7.5, 4.98916],
				"rotation": [6, 0, 0],
				"cubes": [
					{"origin": [-3, 2.29208, 4.98916], "size": [6, 10, 0], "uv": [28, 16]}
				]
			},
			{
				"name": "bone9",
				"parent": "bone8",
				"pivot": [-3, -7.70792, 4.98916],
				"rotation": [0, 0, 5.96737],
				"cubes": [
					{"origin": [-5, 3.29208, 4.98816], "size": [2, 9, 0], "uv": [24, 55]}
				]
			},
			{
				"name": "bone10",
				"parent": "bone8",
				"pivot": [3, -7.70792, 4.98916],
				"rotation": [0, 0, -5.96737],
				"cubes": [
					{"origin": [3, 2.29208, 4.99016], "size": [2, 10, 0], "uv": [40, 38]}
				]
			},
			{
				"name": "bone27",
				"parent": "bone8",
				"pivot": [-2.604, 4.56888, 4.76951],
				"rotation": [0, 0, 41],
				"cubes": [
					{"origin": [-3.54177, 3.21268, 4.37217], "size": [2, 1, 1], "uv": [42, 96], "inflate": -0.25}
				]
			},
			{
				"name": "bone28",
				"parent": "bone8",
				"pivot": [-1.604, 4.56888, 4.76951],
				"rotation": [0, 0, 21],
				"cubes": [
					{"origin": [-2.40268, 2.64323, 4.37217], "size": [2, 1, 1], "uv": [36, 96], "inflate": -0.25}
				]
			},
			{
				"name": "bone29",
				"parent": "bone8",
				"pivot": [-1.604, 3.57435, 4.66498],
				"rotation": [0, 0, 11],
				"cubes": [
					{"origin": [-1.39787, 2.48522, 4.37217], "size": [3, 1, 1], "uv": [0, 80], "inflate": -0.25}
				]
			},
			{
				"name": "bone32",
				"parent": "bone8",
				"pivot": [0.396, 3.57435, 4.66498],
				"rotation": [0, 0, -4],
				"cubes": [
					{"origin": [0.78909, 1.88822, 4.37217], "size": [3, 1, 1], "uv": [0, 78], "inflate": -0.25}
				]
			},
			{
				"name": "bone91",
				"parent": "bone7",
				"pivot": [0, -7.5, 0]
			},
			{
				"name": "bone86",
				"parent": "bone91",
				"pivot": [-2.25, 7.5, 6.8],
				"rotation": [0, 0, 10]
			},
			{
				"name": "bone87",
				"parent": "bone86",
				"pivot": [-2.25, 7.5, 7.3],
				"rotation": [0, 0, -20],
				"cubes": [
					{"origin": [-3.41086, 6.30653, 3.27666], "size": [2, 1, 1], "uv": [60, 92], "inflate": -0.25}
				]
			},
			{
				"name": "bone88",
				"parent": "bone86",
				"pivot": [-3.25, 7.5, 7.3],
				"rotation": [0, 0, 20],
				"cubes": [
					{"origin": [-3.23415, 6.61554, 3.2352], "size": [2, 1, 1], "uv": [54, 92], "inflate": -0.25}
				]
			},
			{
				"name": "bone89",
				"parent": "bone86",
				"pivot": [-3.25, 6.5, 7.3],
				"rotation": [0, 0, 45],
				"cubes": [
					{"origin": [-3.69803, 6.49444, 3.2352], "size": [1, 1, 1], "uv": [8, 103], "inflate": -0.25}
				]
			},
			{
				"name": "bone90",
				"parent": "bone86",
				"pivot": [-2.25, 6.5, 7.3],
				"rotation": [0, 0, -45],
				"cubes": [
					{"origin": [-2.15768, 5.85305, 3.27666], "size": [1, 1, 1], "uv": [4, 103], "inflate": -0.25}
				]
			},
			{
				"name": "bone92",
				"parent": "bone91",
				"pivot": [-1.75, 6.75, 6.8],
				"rotation": [0, 0, -25]
			},
			{
				"name": "bone93",
				"parent": "bone92",
				"pivot": [-1.75, 6.75, 7.3],
				"rotation": [0, 0, -20],
				"cubes": [
					{"origin": [-2.91086, 5.55653, 3.27666], "size": [2, 1, 1], "uv": [48, 92], "inflate": -0.25}
				]
			},
			{
				"name": "bone94",
				"parent": "bone92",
				"pivot": [-2.75, 6.75, 7.3],
				"rotation": [0, 0, 20],
				"cubes": [
					{"origin": [-2.73415, 5.86554, 3.2352], "size": [2, 1, 1], "uv": [42, 92], "inflate": -0.25}
				]
			},
			{
				"name": "bone95",
				"parent": "bone92",
				"pivot": [-2.75, 5.75, 7.3],
				"rotation": [0, 0, 45],
				"cubes": [
					{"origin": [-3.19803, 5.74444, 3.2352], "size": [1, 1, 1], "uv": [0, 103], "inflate": -0.25}
				]
			},
			{
				"name": "bone96",
				"parent": "bone92",
				"pivot": [-1.75, 5.75, 7.3],
				"rotation": [0, 0, -45],
				"cubes": [
					{"origin": [-1.65768, 5.10305, 3.27666], "size": [1, 1, 1], "uv": [60, 101], "inflate": -0.25}
				]
			},
			{
				"name": "bone97",
				"parent": "bone91",
				"pivot": [0, 5.75, 6.8],
				"rotation": [0, 0, 15]
			},
			{
				"name": "bone98",
				"parent": "bone97",
				"pivot": [0, 5.75, 7.3],
				"rotation": [0, 0, -20],
				"cubes": [
					{"origin": [-1.16086, 4.55653, 3.27666], "size": [2, 1, 1], "uv": [36, 92], "inflate": -0.25}
				]
			},
			{
				"name": "bone99",
				"parent": "bone97",
				"pivot": [-1, 5.75, 7.3],
				"rotation": [0, 0, 20],
				"cubes": [
					{"origin": [-0.98415, 4.86554, 3.2352], "size": [2, 1, 1], "uv": [30, 92], "inflate": -0.25}
				]
			},
			{
				"name": "bone100",
				"parent": "bone97",
				"pivot": [-1, 4.75, 7.3],
				"rotation": [0, 0, 45],
				"cubes": [
					{"origin": [-1.44803, 4.74444, 3.2352], "size": [1, 1, 1], "uv": [56, 101], "inflate": -0.25}
				]
			},
			{
				"name": "bone101",
				"parent": "bone97",
				"pivot": [0, 4.75, 7.3],
				"rotation": [0, 0, -45],
				"cubes": [
					{"origin": [0.09232, 4.10305, 3.27666], "size": [1, 1, 1], "uv": [52, 101], "inflate": -0.25}
				]
			},
			{
				"name": "bone102",
				"parent": "bone91",
				"pivot": [0.75, 5, 6.8],
				"rotation": [0, 0, -20]
			},
			{
				"name": "bone103",
				"parent": "bone102",
				"pivot": [0.75, 5, 7.3],
				"rotation": [0, 0, -20],
				"cubes": [
					{"origin": [-0.41086, 3.80653, 3.27666], "size": [2, 1, 1], "uv": [24, 92], "inflate": -0.25}
				]
			},
			{
				"name": "bone104",
				"parent": "bone102",
				"pivot": [-0.25, 5, 7.3],
				"rotation": [0, 0, 20],
				"cubes": [
					{"origin": [-0.23415, 4.11554, 3.2352], "size": [2, 1, 1], "uv": [18, 92], "inflate": -0.25}
				]
			},
			{
				"name": "bone105",
				"parent": "bone102",
				"pivot": [-0.25, 4, 7.3],
				"rotation": [0, 0, 45],
				"cubes": [
					{"origin": [-0.69803, 3.99444, 3.2352], "size": [1, 1, 1], "uv": [48, 101], "inflate": -0.25}
				]
			},
			{
				"name": "bone106",
				"parent": "bone102",
				"pivot": [0.75, 4, 7.3],
				"rotation": [0, 0, -45],
				"cubes": [
					{"origin": [0.84232, 3.35305, 3.27666], "size": [1, 1, 1], "uv": [44, 101], "inflate": -0.25}
				]
			},
			{
				"name": "bone107",
				"parent": "bone91",
				"pivot": [2.75, 4, 6.8],
				"rotation": [0, 0, 20]
			},
			{
				"name": "bone108",
				"parent": "bone107",
				"pivot": [2.75, 4, 7.3],
				"rotation": [0, 0, -20],
				"cubes": [
					{"origin": [1.58914, 2.80653, 3.27666], "size": [2, 1, 1], "uv": [12, 92], "inflate": -0.25}
				]
			},
			{
				"name": "bone109",
				"parent": "bone107",
				"pivot": [1.75, 4, 7.3],
				"rotation": [0, 0, 20],
				"cubes": [
					{"origin": [1.76585, 3.11554, 3.2352], "size": [2, 1, 1], "uv": [6, 92], "inflate": -0.25}
				]
			},
			{
				"name": "bone110",
				"parent": "bone107",
				"pivot": [1.75, 3, 7.3],
				"rotation": [0, 0, 45],
				"cubes": [
					{"origin": [1.30197, 2.99444, 3.2352], "size": [1, 1, 1], "uv": [40, 101], "inflate": -0.25}
				]
			},
			{
				"name": "bone111",
				"parent": "bone107",
				"pivot": [2.75, 3, 7.3],
				"rotation": [0, 0, -45],
				"cubes": [
					{"origin": [2.84232, 2.35305, 3.27666], "size": [1, 1, 1], "uv": [36, 101], "inflate": -0.25}
				]
			},
			{
				"name": "bone11",
				"parent": "sit",
				"pivot": [0, -7.5, 0],
				"rotation": [0, -180, 0]
			},
			{
				"name": "bone12",
				"parent": "bone11",
				"pivot": [0, -7.5, 4.98916],
				"rotation": [6, 0, 0],
				"cubes": [
					{"origin": [-3, 5.29208, 4.98916], "size": [6, 7, 0], "uv": [18, 28]}
				]
			},
			{
				"name": "bone14",
				"parent": "bone12",
				"pivot": [3, -7.70792, 4.98916],
				"rotation": [0, 0, -5.96737],
				"cubes": [
					{"origin": [3, 4.29208, 4.99016], "size": [2, 8, 0], "uv": [14, 64]}
				]
			},
			{
				"name": "bone55",
				"parent": "bone11",
				"pivot": [0, 10.5, 0.1],
				"rotation": [0, 180, 0]
			},
			{
				"name": "bone54",
				"parent": "bone55",
				"pivot": [1.5, 12, 0.35],
				"rotation": [0, 0, -25]
			},
			{
				"name": "bone50",
				"parent": "bone54",
				"pivot": [1.5, 12, 0.85],
				"rotation": [0, 0, -20],
				"cubes": [
					{"origin": [0.33914, 10.80653, -3.17334], "size": [2, 1, 1], "uv": [0, 96], "inflate": -0.25}
				]
			},
			{
				"name": "bone51",
				"parent": "bone54",
				"pivot": [0.5, 12, 0.85],
				"rotation": [0, 0, 20],
				"cubes": [
					{"origin": [0.51585, 11.11554, -3.2148], "size": [2, 1, 1], "uv": [66, 94], "inflate": -0.25}
				]
			},
			{
				"name": "bone52",
				"parent": "bone54",
				"pivot": [0.5, 11, 0.85],
				"rotation": [0, 0, 45],
				"cubes": [
					{"origin": [0.05197, 10.99444, -3.2148], "size": [1, 1, 1], "uv": [0, 105], "inflate": -0.25}
				]
			},
			{
				"name": "bone53",
				"parent": "bone54",
				"pivot": [1.5, 11, 0.85],
				"rotation": [0, 0, -45],
				"cubes": [
					{"origin": [1.59232, 10.35305, -3.17334], "size": [1, 1, 1], "uv": [60, 103], "inflate": -0.25}
				]
			},
			{
				"name": "bone56",
				"parent": "bone55",
				"pivot": [1.25, 11, 0.25],
				"rotation": [0, 0, 20]
			},
			{
				"name": "bone57",
				"parent": "bone56",
				"pivot": [1.25, 11, 0.75],
				"rotation": [0, 0, -20],
				"cubes": [
					{"origin": [0.08914, 9.80653, -3.27334], "size": [2, 1, 1], "uv": [60, 94], "inflate": -0.25}
				]
			},
			{
				"name": "bone58",
				"parent": "bone56",
				"pivot": [0.25, 11, 0.75],
				"rotation": [0, 0, 20],
				"cubes": [
					{"origin": [0.26585, 10.11554, -3.3148], "size": [2, 1, 1], "uv": [54, 94], "inflate": -0.25}
				]
			},
			{
				"name": "bone59",
				"parent": "bone56",
				"pivot": [0.25, 10, 0.75],
				"rotation": [0, 0, 45],
				"cubes": [
					{"origin": [-0.19803, 9.99444, -3.3148], "size": [1, 1, 1], "uv": [56, 103], "inflate": -0.25}
				]
			},
			{
				"name": "bone60",
				"parent": "bone56",
				"pivot": [1.25, 10, 0.75],
				"rotation": [0, 0, -45],
				"cubes": [
					{"origin": [1.34232, 9.35305, -3.27334], "size": [1, 1, 1], "uv": [52, 103], "inflate": -0.25}
				]
			},
			{
				"name": "bone61",
				"parent": "bone55",
				"pivot": [0.5, 10.25, 0.15],
				"rotation": [0, 0, -10]
			},
			{
				"name": "bone62",
				"parent": "bone61",
				"pivot": [0.5, 10.25, 0.65],
				"rotation": [0, 0, -20],
				"cubes": [
					{"origin": [-0.66086, 9.05653, -3.37334], "size": [2, 1, 1], "uv": [48, 94], "inflate": -0.25}
				]
			},
			{
				"name": "bone63",
				"parent": "bone61",
				"pivot": [-0.5, 10.25, 0.65],
				"rotation": [0, 0, 20],
				"cubes": [
					{"origin": [-0.48415, 9.36554, -3.4148], "size": [2, 1, 1], "uv": [42, 94], "inflate": -0.25}
				]
			},
			{
				"name": "bone64",
				"parent": "bone61",
				"pivot": [-0.5, 9.25, 0.65],
				"rotation": [0, 0, 45],
				"cubes": [
					{"origin": [-0.94803, 9.24444, -3.4148], "size": [1, 1, 1], "uv": [48, 103], "inflate": -0.25}
				]
			},
			{
				"name": "bone65",
				"parent": "bone61",
				"pivot": [0.5, 9.25, 0.65],
				"rotation": [0, 0, -45],
				"cubes": [
					{"origin": [0.59232, 8.60305, -3.37334], "size": [1, 1, 1], "uv": [44, 103], "inflate": -0.25}
				]
			},
			{
				"name": "bone66",
				"parent": "bone55",
				"pivot": [0.25, 9.5, 0.15],
				"rotation": [0, 0, 20]
			},
			{
				"name": "bone67",
				"parent": "bone66",
				"pivot": [0.25, 9.5, 0.65],
				"rotation": [0, 0, -20],
				"cubes": [
					{"origin": [-0.91086, 8.30653, -3.37334], "size": [2, 1, 1], "uv": [36, 94], "inflate": -0.25}
				]
			},
			{
				"name": "bone68",
				"parent": "bone66",
				"pivot": [-0.75, 9.5, 0.65],
				"rotation": [0, 0, 20],
				"cubes": [
					{"origin": [-0.73415, 8.61554, -3.4148], "size": [2, 1, 1], "uv": [30, 94], "inflate": -0.25}
				]
			},
			{
				"name": "bone69",
				"parent": "bone66",
				"pivot": [-0.75, 8.5, 0.65],
				"rotation": [0, 0, 45],
				"cubes": [
					{"origin": [-1.19803, 8.49444, -3.4148], "size": [1, 1, 1], "uv": [40, 103], "inflate": -0.25}
				]
			},
			{
				"name": "bone70",
				"parent": "bone66",
				"pivot": [0.25, 8.5, 0.65],
				"rotation": [0, 0, -45],
				"cubes": [
					{"origin": [0.34232, 7.85305, -3.37334], "size": [1, 1, 1], "uv": [36, 103], "inflate": -0.25}
				]
			},
			{
				"name": "bone71",
				"parent": "bone55",
				"pivot": [-0.75, 8.75, 0.05],
				"rotation": [0, 0, -10]
			},
			{
				"name": "bone72",
				"parent": "bone71",
				"pivot": [-0.75, 8.75, 0.55],
				"rotation": [0, 0, -20],
				"cubes": [
					{"origin": [-1.91086, 7.55653, -3.47334], "size": [2, 1, 1], "uv": [24, 94], "inflate": -0.25}
				]
			},
			{
				"name": "bone73",
				"parent": "bone71",
				"pivot": [-1.75, 8.75, 0.55],
				"rotation": [0, 0, 20],
				"cubes": [
					{"origin": [-1.73415, 7.86554, -3.5148], "size": [2, 1, 1], "uv": [18, 94], "inflate": -0.25}
				]
			},
			{
				"name": "bone74",
				"parent": "bone71",
				"pivot": [-1.75, 7.75, 0.55],
				"rotation": [0, 0, 45],
				"cubes": [
					{"origin": [-2.19803, 7.74444, -3.5148], "size": [1, 1, 1], "uv": [32, 103], "inflate": -0.25}
				]
			},
			{
				"name": "bone75",
				"parent": "bone71",
				"pivot": [-0.75, 7.75, 0.55],
				"rotation": [0, 0, -45],
				"cubes": [
					{"origin": [-0.65768, 7.10305, -3.47334], "size": [1, 1, 1], "uv": [28, 103], "inflate": -0.25}
				]
			},
			{
				"name": "bone76",
				"parent": "bone55",
				"pivot": [-1.75, 8.25, -0.05],
				"rotation": [0, 0, 10]
			},
			{
				"name": "bone77",
				"parent": "bone76",
				"pivot": [-1.75, 8.25, 0.45],
				"rotation": [0, 0, -20],
				"cubes": [
					{"origin": [-2.91086, 7.05653, -3.57334], "size": [2, 1, 1], "uv": [12, 94], "inflate": -0.25}
				]
			},
			{
				"name": "bone78",
				"parent": "bone76",
				"pivot": [-2.75, 8.25, 0.45],
				"rotation": [0, 0, 20],
				"cubes": [
					{"origin": [-2.73415, 7.36554, -3.6148], "size": [2, 1, 1], "uv": [6, 94], "inflate": -0.25}
				]
			},
			{
				"name": "bone79",
				"parent": "bone76",
				"pivot": [-2.75, 7.25, 0.45],
				"rotation": [0, 0, 45],
				"cubes": [
					{"origin": [-3.19803, 7.24444, -3.6148], "size": [1, 1, 1], "uv": [24, 103], "inflate": -0.25}
				]
			},
			{
				"name": "bone80",
				"parent": "bone76",
				"pivot": [-1.75, 7.25, 0.45],
				"rotation": [0, 0, -45],
				"cubes": [
					{"origin": [-1.65768, 6.60305, -3.57334], "size": [1, 1, 1], "uv": [20, 103], "inflate": -0.25}
				]
			},
			{
				"name": "bone81",
				"parent": "bone55",
				"pivot": [-2.25, 7.5, -0.2],
				"rotation": [0, 10, 10]
			},
			{
				"name": "bone82",
				"parent": "bone81",
				"pivot": [-2.25, 7.5, 0.3],
				"rotation": [0, 0, -20],
				"cubes": [
					{"origin": [-3.41086, 6.30653, -3.72334], "size": [2, 1, 1], "uv": [0, 94], "inflate": -0.25}
				]
			},
			{
				"name": "bone83",
				"parent": "bone81",
				"pivot": [-3.25, 7.5, 0.3],
				"rotation": [0, 0, 20],
				"cubes": [
					{"origin": [-3.23415, 6.61554, -3.7648], "size": [2, 1, 1], "uv": [66, 92], "inflate": -0.25}
				]
			},
			{
				"name": "bone84",
				"parent": "bone81",
				"pivot": [-3.25, 6.5, 0.3],
				"rotation": [0, 0, 45],
				"cubes": [
					{"origin": [-3.69803, 6.49444, -3.7648], "size": [1, 1, 1], "uv": [16, 103], "inflate": -0.25}
				]
			},
			{
				"name": "bone85",
				"parent": "bone81",
				"pivot": [-2.25, 6.5, 0.3],
				"rotation": [0, 0, -45],
				"cubes": [
					{"origin": [-2.15768, 5.85305, -3.72334], "size": [1, 1, 1], "uv": [12, 103], "inflate": -0.25}
				]
			},
			{
				"name": "bone15",
				"parent": "sit",
				"pivot": [0, -7.5, 0],
				"rotation": [0, -270, 0]
			},
			{
				"name": "bone16",
				"parent": "bone15",
				"pivot": [0, -7.5, 4.98916],
				"rotation": [6, 0, 0]
			},
			{
				"name": "bone19",
				"parent": "sit",
				"pivot": [0, 2.5, -0.25],
				"rotation": [-6, 0, 0],
				"cubes": [
					{"origin": [-4.15, 3.5, -4.25], "size": [1, 1, 1], "uv": [24, 105], "inflate": -0.25}
				]
			},
			{
				"name": "bone20",
				"parent": "bone19",
				"pivot": [-1, 4, -3.75],
				"rotation": [0, 0, -25],
				"cubes": [
					{"origin": [-3.53079, 4.53771, -4.25], "size": [2, 1, 1], "uv": [6, 98], "inflate": -0.25}
				]
			},
			{
				"name": "bone21",
				"parent": "bone19",
				"pivot": [0, 4, -3.75],
				"rotation": [0, 0, -40],
				"cubes": [
					{"origin": [-1.56636, 5.35574, -4.25], "size": [3, 1, 1], "uv": [8, 80], "inflate": -0.25}
				]
			},
			{
				"name": "bone22",
				"parent": "bone19",
				"pivot": [1, 4, -3.75],
				"rotation": [0, 0, -55],
				"cubes": [
					{"origin": [1.73533, 5.81383, -4.25], "size": [3, 1, 1], "uv": [8, 78], "inflate": -0.25}
				]
			},
			{
				"name": "bone23",
				"parent": "bone19",
				"pivot": [1, 6, -3.75],
				"rotation": [0, 0, -65],
				"cubes": [
					{"origin": [2.72814, 6.33202, -4.25], "size": [2, 1, 1], "uv": [0, 98], "inflate": -0.25}
				]
			},
			{
				"name": "bone24",
				"parent": "bone19",
				"pivot": [1, 7, -3.75],
				"rotation": [0, 0, -80],
				"cubes": [
					{"origin": [3.27546, 6.23833, -4.25], "size": [1, 1, 1], "uv": [20, 105], "inflate": -0.25}
				]
			},
			{
				"name": "bone25",
				"parent": "bone19",
				"pivot": [3.48267, 7.11237, -3.85453],
				"rotation": [0, 0, -65],
				"cubes": [
					{"origin": [5.00699, 9.33671, -4.25], "size": [2, 1, 1], "uv": [66, 96], "inflate": -0.25}
				]
			},
			{
				"name": "bone26",
				"parent": "sit",
				"pivot": [0.25, 0.5, 0.5],
				"rotation": [-6, 180, 0],
				"cubes": [
					{"origin": [2.69954, 1.81221, -3.48053], "size": [2, 1, 1], "uv": [60, 96], "inflate": -0.25}
				]
			},
			{
				"name": "bone30",
				"parent": "bone26",
				"pivot": [-0.75, 2, -3],
				"rotation": [0, 0, 25],
				"cubes": [
					{"origin": [0.82663, 3.36987, -3.48053], "size": [2, 1, 1], "uv": [54, 96], "inflate": -0.25}
				]
			},
			{
				"name": "bone31",
				"parent": "bone26",
				"pivot": [2.25, 2, -3],
				"rotation": [0, 0, 40],
				"cubes": [
					{"origin": [-0.453, 1.85908, -3.48053], "size": [2, 1, 1], "uv": [48, 96], "inflate": -0.25}
				]
			},
			{
				"name": "bone33",
				"parent": "bone26",
				"pivot": [2.25, 2.99452, -3.10453],
				"rotation": [0, 0, 60],
				"cubes": [
					{"origin": [-1.98109, 1.51079, -3.48053], "size": [3, 1, 1], "uv": [44, 76], "inflate": -0.25}
				]
			},
			{
				"name": "bone34",
				"parent": "bone26",
				"pivot": [2.25, 4.98357, -3.31359],
				"rotation": [0, 0, 70],
				"cubes": [
					{"origin": [-3.33728, 2.14698, -3.48053], "size": [4, 1, 1], "uv": [4, 64], "inflate": -0.25}
				]
			},
			{
				"name": "bone35",
				"parent": "bone26",
				"pivot": [2.25, 6.97261, -3.52264],
				"rotation": [0, 0, 80],
				"cubes": [
					{"origin": [-2.34821, 2.90311, -3.48053], "size": [2, 1, 1], "uv": [30, 96], "inflate": -0.25}
				]
			},
			{
				"name": "bone36",
				"parent": "bone26",
				"pivot": [-1.3688, 4.22494, -2.98053],
				"rotation": [0, 0, 65],
				"cubes": [
					{"origin": [-8.13887, 5.83492, -3.48053], "size": [1, 1, 1], "uv": [16, 105], "inflate": -0.25}
				]
			},
			{
				"name": "bone49",
				"parent": "body",
				"pivot": [0, 10.5, 0],
				"cubes": [
					{"origin": [-0.5, 17.249, -3.5], "size": [1, 1, 1], "uv": [4, 105], "inflate": -0.3}
				]
			},
			{
				"name": "legLeft",
				"pivot": [2, 9, 0],
				"cubes": [
					{"origin": [0.249, 0, -1.5], "size": [3, 9, 3], "uv": [0, 16]}
				]
			},
			{
				"name": "bone13",
				"parent": "legLeft",
				"pivot": [0, 0, 0]
			},
			{
				"name": "bone17",
				"parent": "bone13",
				"pivot": [3.749, 2, 0],
				"rotation": [40, 10, 0],
				"cubes": [
					{"origin": [3.0028, 1.21942, -1.37256], "size": [1, 2, 4], "uv": [30, 38], "inflate": -0.45}
				]
			},
			{
				"name": "bone18",
				"parent": "bone13",
				"pivot": [3.499, 1.25, 0],
				"rotation": [-25, 10, -15],
				"cubes": [
					{"origin": [2.999, 0.25, -1.5], "size": [1, 2, 3], "uv": [16, 55], "inflate": -0.45}
				]
			},
			{
				"name": "legRight",
				"pivot": [-2, 9, 0],
				"cubes": [
					{"origin": [-3.249, 0, -1.5], "size": [3, 9, 3], "uv": [56, 0]}
				]
			},
			{
				"name": "bone132",
				"parent": "legRight",
				"pivot": [-7, 0, 0]
			},
			{
				"name": "bone133",
				"parent": "bone132",
				"pivot": [-3.251, 2, 0],
				"rotation": [40, -10, 0],
				"cubes": [
					{"origin": [-3.9972, 1.21942, -1.37256], "size": [1, 2, 4], "uv": [30, 38], "inflate": -0.45, "mirror": true}
				]
			},
			{
				"name": "bone134",
				"parent": "bone132",
				"pivot": [-3.501, 1.25, 0],
				"rotation": [-25, -10, 15],
				"cubes": [
					{"origin": [-4.001, 0.25, -1.5], "size": [1, 2, 3], "uv": [16, 55], "inflate": -0.45, "mirror": true}
				]
			}
		]
	}
}