{
	"format_version": "1.10.0",
	"geometry.model": {
		"texturewidth": 112,
		"textureheight": 112,
		"visible_bounds_width": 2,
		"visible_bounds_height": 2,
		"visible_bounds_offset": [0, 1, 0],
		"bones": [
			{
				"name": "head",
				"pivot": [0, 18, 0],
				"cubes": [
					{"origin": [-4, 18, -4], "size": [8, 8, 8], "uv": [0, 0]}
				]
			},
			{
				"name": "blink",
				"parent": "head",
				"pivot": [0, 18, 0],
				"cubes": [
					{"origin": [-4, 18, -4.001], "size": [8, 8, 0], "uv": [0, 16]}
				]
			},
			{
				"name": "bone72",
				"parent": "head",
				"pivot": [0, 18, 0]
			},
			{
				"name": "bone48",
				"parent": "bone72",
				"pivot": [0, 18, 0.5]
			},
			{
				"name": "bone44",
				"parent": "bone48",
				"pivot": [-0.5, 23.75, -4],
				"rotation": [0, 0, -5],
				"cubes": [
					{"origin": [-1.5019, 22.20642, -4.51], "size": [1, 4, 1], "uv": [44, 85]}
				]
			},
			{
				"name": "bone52",
				"parent": "bone48",
				"pivot": [-2.25, 23.5, -4],
				"rotation": [0, 0, 35],
				"cubes": [
					{"origin": [-3.03679, 23.40958, -4.5], "size": [1, 3, 1], "uv": [22, 90]}
				]
			},
			{
				"name": "bone57",
				"parent": "bone48",
				"pivot": [-4, 23.75, -4],
				"rotation": [0, 0, 25],
				"cubes": [
					{"origin": [-4.33682, 23.4916, -4.51], "size": [2, 3, 1], "uv": [22, 69]}
				]
			},
			{
				"name": "bone69",
				"parent": "bone48",
				"pivot": [-4, 23.5, -4],
				"rotation": [0, 0, 15],
				"cubes": [
					{"origin": [-4.33682, 23.2416, -4.5], "size": [1, 3, 2], "uv": [0, 69]}
				]
			},
			{
				"name": "yumao",
				"parent": "bone48",
				"pivot": [-4, 23.75, -4],
				"rotation": [0, 15, 0]
			},
			{
				"name": "bone140",
				"parent": "yumao",
				"pivot": [-4, 23.75, -4],
				"rotation": [0, 10, -10],
				"cubes": [
					{"origin": [-4.33682, 23.4916, -4.5], "size": [1, 3, 0], "uv": [32, 94]}
				]
			},
			{
				"name": "bone141",
				"parent": "yumao",
				"pivot": [-4, 23.75, -4],
				"rotation": [0, 10, -25],
				"cubes": [
					{"origin": [-4.33682, 23.4916, -4.5], "size": [1, 2, 0], "uv": [8, 98]}
				]
			},
			{
				"name": "bone61",
				"parent": "bone48",
				"pivot": [-4, 19.75, -4],
				"cubes": [
					{"origin": [-4.39222, 21.33758, -4.51], "size": [1, 2, 1], "uv": [0, 94]}
				]
			},
			{
				"name": "bone65",
				"parent": "bone48",
				"pivot": [-4, 18.75, -4],
				"rotation": [0, 0, -10],
				"cubes": [
					{"origin": [-3.93693, 19.36638, -4.5], "size": [1, 2, 1], "uv": [38, 90]}
				]
			},
			{
				"name": "bone53",
				"parent": "bone48",
				"pivot": [-3.25, 23.5, -4],
				"rotation": [0, 0, 60],
				"cubes": [
					{"origin": [-3.51855, 22.37418, -4.5], "size": [1, 2, 1], "uv": [4, 94]}
				]
			},
			{
				"name": "bone45",
				"parent": "bone48",
				"pivot": [0.5, 23.75, -4],
				"rotation": [0, 0, -15],
				"cubes": [
					{"origin": [-1, 21.25, -4.5], "size": [2, 5, 1], "uv": [6, 57]}
				]
			},
			{
				"name": "bone49",
				"parent": "bone48",
				"pivot": [1.5, 23.75, -4],
				"cubes": [
					{"origin": [0.25668, 21.27246, -4.51], "size": [1, 5, 1], "uv": [28, 69]}
				]
			},
			{
				"name": "bone66",
				"parent": "bone48",
				"pivot": [2.5, 23.75, -4],
				"rotation": [0, 0, -30],
				"cubes": [
					{"origin": [1.88148, 22.45584, -4.5], "size": [1, 4, 1], "uv": [40, 85]}
				]
			},
			{
				"name": "bone67",
				"parent": "bone48",
				"pivot": [3, 23.75, -4],
				"rotation": [0, 0, -20],
				"cubes": [
					{"origin": [2.38148, 22.45584, -4.51], "size": [1, 4, 1], "uv": [36, 85]}
				]
			},
			{
				"name": "bone70",
				"parent": "bone48",
				"pivot": [3, 20.75, -4],
				"rotation": [0, 0, 5],
				"cubes": [
					{"origin": [3.2109, 19.40357, -4.51], "size": [1, 3, 1], "uv": [18, 90]}
				]
			},
			{
				"name": "bone71",
				"parent": "bone48",
				"pivot": [3, 17.75, -4],
				"rotation": [0, 0, 10],
				"cubes": [
					{"origin": [2.8027, 18.46866, -4.5], "size": [1, 1, 1], "uv": [16, 94]}
				]
			},
			{
				"name": "bone68",
				"parent": "bone48",
				"pivot": [3.75, 23.5, -4],
				"rotation": [0, 0, -10],
				"cubes": [
					{"origin": [3.13148, 22.20584, -4.5], "size": [1, 4, 2], "uv": [0, 57]}
				]
			},
			{
				"name": "bone139",
				"parent": "bone72",
				"pivot": [0, 19, 0]
			},
			{
				"name": "bone94",
				"parent": "bone139",
				"pivot": [0, 19, -0.5]
			},
			{
				"name": "bone83",
				"parent": "bone94",
				"pivot": [-31.5, 20, -1.5],
				"rotation": [0, 0, 60]
			},
			{
				"name": "bone73",
				"parent": "bone83",
				"pivot": [-11.25, 68, -1],
				"rotation": [-3, 0, 0]
			},
			{
				"name": "bone74",
				"parent": "bone73",
				"pivot": [-11.25, 50, -1],
				"rotation": [0, 0, 51.82436],
				"cubes": [
					{"origin": [-12.25, 49, -1], "size": [1, 1, 1], "uv": [12, 96]}
				]
			},
			{
				"name": "bone75",
				"parent": "bone73",
				"pivot": [-11.86816, 50.78623, -1],
				"rotation": [0, 0, 26.37667],
				"cubes": [
					{"origin": [-13.86816, 49.78623, -1], "size": [2, 1, 1], "uv": [12, 92]}
				]
			},
			{
				"name": "bone77",
				"parent": "bone73",
				"pivot": [-13.70508, 51.56687, -1],
				"rotation": [0, 0, 16.32206],
				"cubes": [
					{"origin": [-15.69209, 50.68311, -1], "size": [2, 1, 1], "uv": [12, 90]}
				]
			},
			{
				"name": "bone79",
				"parent": "bone73",
				"pivot": [-15.63477, 52.09398, -1],
				"rotation": [0, 0, 12.77835],
				"cubes": [
					{"origin": [-16.61232, 51.24557, -1], "size": [1, 1, 1], "uv": [12, 94]}
				]
			},
			{
				"name": "bone84",
				"parent": "bone83",
				"pivot": [-11.80801, 68.03349, -0.25],
				"rotation": [-2, 0, -2]
			},
			{
				"name": "bone85",
				"parent": "bone84",
				"pivot": [-11.80801, 50.03349, -0.25],
				"rotation": [0, 0, 51.82436],
				"cubes": [
					{"origin": [-12.80801, 49.03349, -0.25], "size": [1, 1, 2], "uv": [18, 85]}
				]
			},
			{
				"name": "bone86",
				"parent": "bone84",
				"pivot": [-12.42618, 50.81973, -0.25],
				"rotation": [0, 0, 26.37667],
				"cubes": [
					{"origin": [-14.42618, 49.81973, -0.25], "size": [2, 1, 2], "uv": [40, 66]}
				]
			},
			{
				"name": "bone87",
				"parent": "bone84",
				"pivot": [-14.26309, 51.60036, -0.25],
				"rotation": [0, 0, 16.32206],
				"cubes": [
					{"origin": [-16.25011, 50.7166, -0.25], "size": [2, 1, 2], "uv": [32, 66]}
				]
			},
			{
				"name": "bone88",
				"parent": "bone84",
				"pivot": [-16.19278, 52.12748, -0.25],
				"rotation": [0, 0, 12.77835],
				"cubes": [
					{"origin": [-17.17033, 51.27906, -0.25], "size": [1, 1, 2], "uv": [12, 85]}
				]
			},
			{
				"name": "bone89",
				"parent": "bone83",
				"pivot": [-11.80801, 68.03349, 2],
				"rotation": [-2, -5, -2]
			},
			{
				"name": "bone90",
				"parent": "bone89",
				"pivot": [-11.80801, 50.03349, 2],
				"rotation": [0, 0, 51.82436],
				"cubes": [
					{"origin": [-12.80801, 49.03349, 2], "size": [1, 1, 2], "uv": [6, 85]}
				]
			},
			{
				"name": "bone91",
				"parent": "bone89",
				"pivot": [-12.42618, 50.81973, 2],
				"rotation": [0, 0, 26.37667],
				"cubes": [
					{"origin": [-14.42618, 49.81973, 2], "size": [2, 1, 2], "uv": [24, 66]}
				]
			},
			{
				"name": "bone92",
				"parent": "bone89",
				"pivot": [-14.26309, 51.60036, 2],
				"rotation": [0, 0, 16.32206],
				"cubes": [
					{"origin": [-16.25011, 50.7166, 2], "size": [2, 1, 2], "uv": [16, 66]}
				]
			},
			{
				"name": "bone93",
				"parent": "bone89",
				"pivot": [-16.19278, 52.12748, 2],
				"rotation": [0, 0, 12.77835],
				"cubes": [
					{"origin": [-17.17033, 51.27906, 2], "size": [1, 1, 2], "uv": [0, 85]}
				]
			},
			{
				"name": "bone76",
				"parent": "bone83",
				"pivot": [-10.38397, 67.5, -3],
				"rotation": [-1, 0, 3]
			},
			{
				"name": "bone78",
				"parent": "bone76",
				"pivot": [-10.38397, 49.5, -3],
				"rotation": [0, 0, 51.82436],
				"cubes": [
					{"origin": [-11.38397, 48.5, -3], "size": [1, 1, 2], "uv": [30, 85]}
				]
			},
			{
				"name": "bone80",
				"parent": "bone76",
				"pivot": [-11.00214, 50.28623, -3],
				"rotation": [0, 0, 26.37667],
				"cubes": [
					{"origin": [-13.00214, 49.28623, -3], "size": [2, 1, 2], "uv": [56, 66]}
				]
			},
			{
				"name": "bone81",
				"parent": "bone76",
				"pivot": [-12.83905, 51.06687, -3],
				"rotation": [0, 0, 16.32206],
				"cubes": [
					{"origin": [-14.82607, 50.18311, -3], "size": [2, 1, 2], "uv": [48, 66]}
				]
			},
			{
				"name": "bone82",
				"parent": "bone76",
				"pivot": [-14.76874, 51.59398, -3],
				"rotation": [0, 0, 12.77835],
				"cubes": [
					{"origin": [-15.74629, 50.74557, -3], "size": [1, 1, 2], "uv": [24, 85]}
				]
			},
			{
				"name": "bone95",
				"parent": "bone139",
				"pivot": [0, 19, -0.5],
				"rotation": [0, 180, 0]
			},
			{
				"name": "bone96",
				"parent": "bone95",
				"pivot": [-31.5, 20, -1.5],
				"rotation": [0, 0, 60]
			},
			{
				"name": "bone97",
				"parent": "bone96",
				"pivot": [-11.25, 68, 1],
				"rotation": [-3, 0, 2]
			},
			{
				"name": "bone98",
				"parent": "bone97",
				"pivot": [-11.25, 50, 1],
				"rotation": [0, 0, 51.82436],
				"cubes": [
					{"origin": [-12.20886, 48.96765, 0.00137], "size": [1, 1, 1], "uv": [8, 96]}
				]
			},
			{
				"name": "bone99",
				"parent": "bone97",
				"pivot": [-11.86816, 50.78623, 1],
				"rotation": [0, 0, 26.37667],
				"cubes": [
					{"origin": [-13.84491, 49.73935, 0.00137], "size": [2, 1, 1], "uv": [6, 92]}
				]
			},
			{
				"name": "bone100",
				"parent": "bone97",
				"pivot": [-13.70508, 51.56687, 1],
				"rotation": [0, 0, 16.32206],
				"cubes": [
					{"origin": [-15.67739, 50.63288, 0.00137], "size": [2, 1, 1], "uv": [6, 90]}
				]
			},
			{
				"name": "bone101",
				"parent": "bone97",
				"pivot": [-15.63477, 52.09398, 1],
				"rotation": [0, 0, 12.77835],
				"cubes": [
					{"origin": [-16.60074, 51.19453, 0.00137], "size": [1, 1, 1], "uv": [8, 94]}
				]
			},
			{
				"name": "bone102",
				"parent": "bone96",
				"pivot": [-11.80801, 68.03349, -2.25],
				"rotation": [1, 0, -2]
			},
			{
				"name": "bone103",
				"parent": "bone102",
				"pivot": [-11.80801, 50.03349, -2.25],
				"rotation": [0, 0, 51.82436],
				"cubes": [
					{"origin": [-12.78058, 49.01192, -3.24939], "size": [1, 1, 2], "uv": [54, 82]}
				]
			},
			{
				"name": "bone104",
				"parent": "bone102",
				"pivot": [-12.42618, 50.81973, -2.25],
				"rotation": [0, 0, 26.37667],
				"cubes": [
					{"origin": [-14.41067, 49.78846, -3.24939], "size": [2, 1, 2], "uv": [8, 66]}
				]
			},
			{
				"name": "bone105",
				"parent": "bone102",
				"pivot": [-14.26309, 51.60036, -2.25],
				"rotation": [0, 0, 16.32206],
				"cubes": [
					{"origin": [-16.2403, 50.68311, -3.24939], "size": [2, 1, 2], "uv": [0, 66]}
				]
			},
			{
				"name": "bone106",
				"parent": "bone102",
				"pivot": [-16.19278, 52.12748, -2.25],
				"rotation": [0, 0, 12.77835],
				"cubes": [
					{"origin": [-17.16261, 51.24503, -3.24939], "size": [1, 1, 2], "uv": [48, 82]}
				]
			},
			{
				"name": "bone107",
				"parent": "bone96",
				"pivot": [-11.375, 67.78349, 0.75],
				"rotation": [2, -2, 0]
			},
			{
				"name": "bone108",
				"parent": "bone107",
				"pivot": [-11.375, 49.78349, 0.75],
				"rotation": [0, 0, 51.82436],
				"cubes": [
					{"origin": [-12.40154, 48.69349, -0.24559], "size": [1, 1, 2], "uv": [42, 82]}
				]
			},
			{
				"name": "bone109",
				"parent": "bone107",
				"pivot": [-11.99316, 50.56973, 0.75],
				"rotation": [0, 0, 26.37667],
				"cubes": [
					{"origin": [-14.0558, 49.49986, -0.24559], "size": [2, 1, 2], "uv": [56, 63]}
				]
			},
			{
				"name": "bone110",
				"parent": "bone107",
				"pivot": [-13.83008, 51.35036, 0.75],
				"rotation": [0, 0, 16.32206],
				"cubes": [
					{"origin": [-15.89097, 50.40874, -0.24559], "size": [2, 1, 2], "uv": [48, 63]}
				]
			},
			{
				"name": "bone111",
				"parent": "bone107",
				"pivot": [-15.75977, 51.87748, 0.75],
				"rotation": [0, 0, 12.77835],
				"cubes": [
					{"origin": [-16.81462, 50.97588, -0.24559], "size": [1, 1, 2], "uv": [36, 82]}
				]
			},
			{
				"name": "bone112",
				"parent": "bone96",
				"pivot": [-10.38397, 67.5, -3],
				"rotation": [-1, 0, 3]
			},
			{
				"name": "bone113",
				"parent": "bone112",
				"pivot": [-10.38397, 49.5, -3],
				"rotation": [0, 0, 51.82436],
				"cubes": [
					{"origin": [-11.37025, 48.48921, -3.99985], "size": [1, 1, 2], "uv": [30, 82]}
				]
			},
			{
				"name": "bone114",
				"parent": "bone112",
				"pivot": [-11.00214, 50.28623, -3],
				"rotation": [0, 0, 26.37667],
				"cubes": [
					{"origin": [-12.99439, 49.2706, -3.99985], "size": [2, 1, 2], "uv": [40, 63]}
				]
			},
			{
				"name": "bone115",
				"parent": "bone112",
				"pivot": [-12.83905, 51.06687, -3],
				"rotation": [0, 0, 16.32206],
				"cubes": [
					{"origin": [-14.82116, 50.16636, -3.99985], "size": [2, 1, 2], "uv": [32, 63]}
				]
			},
			{
				"name": "bone116",
				"parent": "bone112",
				"pivot": [-14.76874, 51.59398, -3],
				"rotation": [0, 0, 12.77835],
				"cubes": [
					{"origin": [-15.74243, 50.72855, -3.99985], "size": [1, 1, 2], "uv": [24, 82]}
				]
			},
			{
				"name": "bone117",
				"parent": "bone139",
				"pivot": [0, 19, 0],
				"rotation": [0, -90, 0]
			},
			{
				"name": "bone118",
				"parent": "bone117",
				"pivot": [-31.5, 20, -1],
				"rotation": [0, 0, 60]
			},
			{
				"name": "bone119",
				"parent": "bone118",
				"pivot": [-10.81699, 67.75, 2.25],
				"rotation": [-3, -5, 2]
			},
			{
				"name": "bone120",
				"parent": "bone119",
				"pivot": [-10.81699, 49.75, 2.25],
				"rotation": [0, 0, 51.82436],
				"cubes": [
					{"origin": [-11.77584, 48.71765, 1.25137], "size": [1, 1, 2], "uv": [18, 82]}
				]
			},
			{
				"name": "bone121",
				"parent": "bone119",
				"pivot": [-11.43515, 50.53623, 2.25],
				"rotation": [0, 0, 26.37667],
				"cubes": [
					{"origin": [-13.4119, 49.48935, 1.25137], "size": [2, 1, 2], "uv": [24, 63]}
				]
			},
			{
				"name": "bone122",
				"parent": "bone119",
				"pivot": [-13.27207, 51.31687, 2.25],
				"rotation": [0, 0, 16.32206],
				"cubes": [
					{"origin": [-15.24437, 50.38288, 1.25137], "size": [2, 1, 2], "uv": [16, 63]}
				]
			},
			{
				"name": "bone123",
				"parent": "bone119",
				"pivot": [-15.20175, 51.84398, 2.25],
				"rotation": [0, 0, 12.77835],
				"cubes": [
					{"origin": [-16.16773, 50.94453, 1.25137], "size": [1, 1, 2], "uv": [12, 82]}
				]
			},
			{
				"name": "bone124",
				"parent": "bone118",
				"pivot": [-11.80801, 68.03349, -1.5],
				"rotation": [1, 5, -2]
			},
			{
				"name": "bone125",
				"parent": "bone124",
				"pivot": [-11.80801, 50.03349, -1.5],
				"rotation": [0, 0, 51.82436],
				"cubes": [
					{"origin": [-12.78058, 49.01192, -2.49939], "size": [1, 1, 2], "uv": [6, 82]}
				]
			},
			{
				"name": "bone126",
				"parent": "bone124",
				"pivot": [-12.42618, 50.81973, -1.5],
				"rotation": [0, 0, 26.37667],
				"cubes": [
					{"origin": [-14.41067, 49.78846, -2.49939], "size": [2, 1, 2], "uv": [8, 63]}
				]
			},
			{
				"name": "bone127",
				"parent": "bone124",
				"pivot": [-14.26309, 51.60036, -1.5],
				"rotation": [0, 0, 16.32206],
				"cubes": [
					{"origin": [-16.2403, 50.68311, -2.49939], "size": [2, 1, 2], "uv": [0, 63]}
				]
			},
			{
				"name": "bone128",
				"parent": "bone124",
				"pivot": [-16.19278, 52.12748, -1.5],
				"rotation": [0, 0, 12.77835],
				"cubes": [
					{"origin": [-17.16261, 51.24503, -2.49939], "size": [1, 1, 2], "uv": [0, 82]}
				]
			},
			{
				"name": "bone129",
				"parent": "bone118",
				"pivot": [-11.375, 67.78349, 2.5],
				"rotation": [2, -2, 0]
			},
			{
				"name": "bone130",
				"parent": "bone129",
				"pivot": [-11.375, 49.78349, 2.5],
				"rotation": [0, 0, 51.82436],
				"cubes": [
					{"origin": [-12.40154, 48.69349, 1.50441], "size": [1, 1, 2], "uv": [26, 79]}
				]
			},
			{
				"name": "bone131",
				"parent": "bone129",
				"pivot": [-11.99316, 50.56973, 2.5],
				"rotation": [0, 0, 26.37667],
				"cubes": [
					{"origin": [-14.0558, 49.49986, 1.50441], "size": [2, 1, 2], "uv": [30, 60]}
				]
			},
			{
				"name": "bone132",
				"parent": "bone129",
				"pivot": [-13.83008, 51.35036, 2.5],
				"rotation": [0, 0, 16.32206],
				"cubes": [
					{"origin": [-15.89097, 50.40874, 1.50441], "size": [2, 1, 2], "uv": [30, 57]}
				]
			},
			{
				"name": "bone133",
				"parent": "bone129",
				"pivot": [-15.75977, 51.87748, 2.5],
				"rotation": [0, 0, 12.77835],
				"cubes": [
					{"origin": [-16.81462, 50.97588, 1.50441], "size": [1, 1, 2], "uv": [26, 76]}
				]
			},
			{
				"name": "bone134",
				"parent": "bone118",
				"pivot": [-10.38397, 67.5, -3],
				"rotation": [-1, 5, 3]
			},
			{
				"name": "bone135",
				"parent": "bone134",
				"pivot": [-10.38397, 49.5, -3],
				"rotation": [0, 0, 51.82436],
				"cubes": [
					{"origin": [-11.37025, 48.48921, -3.99985], "size": [1, 1, 2], "uv": [20, 79]}
				]
			},
			{
				"name": "bone136",
				"parent": "bone134",
				"pivot": [-11.00214, 50.28623, -3],
				"rotation": [0, 0, 26.37667],
				"cubes": [
					{"origin": [-12.99439, 49.2706, -3.99985], "size": [2, 1, 2], "uv": [22, 60]}
				]
			},
			{
				"name": "bone137",
				"parent": "bone134",
				"pivot": [-12.83905, 51.06687, -3],
				"rotation": [0, 0, 16.32206],
				"cubes": [
					{"origin": [-14.82116, 50.16636, -3.99985], "size": [2, 1, 2], "uv": [22, 57]}
				]
			},
			{
				"name": "bone138",
				"parent": "bone134",
				"pivot": [-14.76874, 51.59398, -3],
				"rotation": [0, 0, 12.77835],
				"cubes": [
					{"origin": [-15.74243, 50.72855, -3.99985], "size": [1, 1, 2], "uv": [20, 76]}
				]
			},
			{
				"name": "armRight",
				"pivot": [-2, 17.5, 0],
				"rotation": [0, 0, 25],
				"cubes": [
					{"origin": [-4, 8.5, -1], "size": [2, 8, 2], "uv": [8, 27]}
				]
			},
			{
				"name": "bone41",
				"parent": "armRight",
				"pivot": [-1.75, -9, 0]
			},
			{
				"name": "bone42",
				"parent": "bone41",
				"pivot": [-2.75, -9, 0]
			},
			{
				"name": "bone43",
				"parent": "bone42",
				"pivot": [-2.75, -9, 2.97771],
				"rotation": [15, 0, 0],
				"cubes": [
					{"origin": [-3.75, 13.70221, 5.15754], "size": [1, 3, 0], "uv": [6, 98]}
				]
			},
			{
				"name": "bone46",
				"parent": "bone41",
				"pivot": [-2.75, -9, 0],
				"rotation": [0, -60, 0]
			},
			{
				"name": "bone47",
				"parent": "bone46",
				"pivot": [-2.75, -9, 2.97771],
				"rotation": [15, 0, 0],
				"cubes": [
					{"origin": [-3.75, 13.45221, 5.15754], "size": [1, 3, 0], "uv": [4, 98]}
				]
			},
			{
				"name": "bone50",
				"parent": "bone41",
				"pivot": [-2.75, -9, 0],
				"rotation": [0, -120, 0]
			},
			{
				"name": "bone51",
				"parent": "bone50",
				"pivot": [-2.75, -9, 2.97771],
				"rotation": [15, 0, 0]
			},
			{
				"name": "bone54",
				"parent": "bone41",
				"pivot": [-2.75, -9, 0],
				"rotation": [0, -180, 0]
			},
			{
				"name": "bone55",
				"parent": "bone54",
				"pivot": [-2.75, -9, 2.97771],
				"rotation": [15, 0, 0],
				"cubes": [
					{"origin": [-3.75, 13.70221, 5.15754], "size": [1, 3, 0], "uv": [2, 98]}
				]
			},
			{
				"name": "bone56",
				"parent": "bone55",
				"pivot": [-3.75, -9.29779, 2.97771],
				"rotation": [0, 0, 8.56299],
				"cubes": [
					{"origin": [-5.75, 13.70221, 5.15654], "size": [1, 4, 0], "uv": [26, 94]}
				]
			},
			{
				"name": "bone58",
				"parent": "bone41",
				"pivot": [-2.75, -9, 0],
				"rotation": [0, -240, 0]
			},
			{
				"name": "bone59",
				"parent": "bone58",
				"pivot": [-2.75, -9, 2.97771],
				"rotation": [15, 0, 0],
				"cubes": [
					{"origin": [-3.75, 13.70221, 5.15754], "size": [1, 4, 0], "uv": [24, 94]}
				]
			},
			{
				"name": "bone60",
				"parent": "bone59",
				"pivot": [-3.75, -9.29779, 2.97771],
				"rotation": [0, 0, 8.56299],
				"cubes": [
					{"origin": [-5.78225, 13.20681, 5.21602], "size": [1, 4, 0], "uv": [22, 94]}
				]
			},
			{
				"name": "bone62",
				"parent": "bone41",
				"pivot": [-2.75, -9, 0],
				"rotation": [0, -300, 0]
			},
			{
				"name": "bone63",
				"parent": "bone62",
				"pivot": [-2.75, -9, 2.97771],
				"rotation": [15, 0, 0],
				"cubes": [
					{"origin": [-3.64435, 13.21713, 5.21702], "size": [1, 4, 0], "uv": [20, 94]}
				]
			},
			{
				"name": "bone64",
				"parent": "bone63",
				"pivot": [-3.75, -9.29779, 2.97771],
				"rotation": [0, 0, 8.56299],
				"cubes": [
					{"origin": [-5.75, 13.70221, 5.15654], "size": [1, 3, 0], "uv": [0, 98]}
				]
			},
			{
				"name": "armLeft",
				"pivot": [2, 17.5, 0],
				"rotation": [0, 0, -25],
				"cubes": [
					{"origin": [2, 8.5, -1], "size": [2, 8, 2], "uv": [0, 27]}
				]
			},
			{
				"name": "bone38",
				"parent": "armLeft",
				"pivot": [2, 17.5, 0]
			},
			{
				"name": "bone37",
				"parent": "bone38",
				"pivot": [3, 14.5, 0],
				"rotation": [5, 0, 0],
				"cubes": [
					{"origin": [2, 10.5, -1], "size": [2, 5, 2], "uv": [8, 37], "inflate": 0.1}
				]
			},
			{
				"name": "bone39",
				"parent": "bone38",
				"pivot": [3, 14.5, 0],
				"rotation": [0, 0, 5],
				"cubes": [
					{"origin": [2, 10.5, -1], "size": [2, 5, 2], "uv": [0, 37], "inflate": 0.1}
				]
			},
			{
				"name": "bone40",
				"parent": "bone38",
				"pivot": [3, 14.5, 0],
				"rotation": [0, 0, -5],
				"cubes": [
					{"origin": [2, 10.5, -1], "size": [2, 5, 2], "uv": [28, 27], "inflate": 0.1}
				]
			},
			{
				"name": "bone36",
				"parent": "bone38",
				"pivot": [3, 14.5, 0],
				"rotation": [-5, 0, 0],
				"cubes": [
					{"origin": [2, 10.5, -1], "size": [2, 5, 2], "uv": [16, 37], "inflate": 0.1}
				]
			},
			{
				"name": "body",
				"pivot": [0, 10.5, 0],
				"cubes": [
					{"origin": [-3, 8.999, -3], "size": [6, 9, 6], "uv": [32, 0]},
					{"origin": [-0.5, 17.3, -3.35], "size": [1, 1, 1], "uv": [0, 0], "inflate": -0.25}
				]
			},
			{
				"name": "bone",
				"parent": "body",
				"pivot": [0, 14.5, 0]
			},
			{
				"name": "bone2",
				"parent": "bone",
				"pivot": [0, 4, 0]
			},
			{
				"name": "bone3",
				"parent": "bone2",
				"pivot": [0, 4, 2.97771],
				"rotation": [15, 0, 0],
				"cubes": [
					{"origin": [-1, 4.70221, 5.15754], "size": [2, 9, 0], "uv": [30, 47]}
				]
			},
			{
				"name": "bone4",
				"parent": "bone3",
				"pivot": [-1, 3.70221, 2.97771],
				"rotation": [0, 0, 8.56299],
				"cubes": [
					{"origin": [-3, 6.70221, 5.15654], "size": [2, 7, 0], "uv": [18, 69]}
				]
			},
			{
				"name": "bone24",
				"parent": "bone4",
				"pivot": [-0.88439, 2.93441, 5.87548],
				"rotation": [0, 0, 43],
				"cubes": [
					{"origin": [-5.00128, 4.24716, 5.15654], "size": [3, 2, 0], "uv": [26, 92]}
				]
			},
			{
				"name": "bone5",
				"parent": "bone3",
				"pivot": [1, 3.70221, 2.97771],
				"rotation": [0, 0, -8.56299],
				"cubes": [
					{"origin": [1, 6.70221, 5.15854], "size": [2, 7, 0], "uv": [14, 69]}
				]
			},
			{
				"name": "bone9",
				"parent": "bone5",
				"pivot": [1, 3.70221, 2.97771],
				"rotation": [0, 0, -43],
				"cubes": [
					{"origin": [1.5087, 4.53227, 5.15854], "size": [3, 2, 0], "uv": [32, 90]}
				]
			},
			{
				"name": "bone6",
				"parent": "bone",
				"pivot": [0, 4, 0],
				"rotation": [0, -60, 0]
			},
			{
				"name": "bone7",
				"parent": "bone6",
				"pivot": [0, 4, 2.97771],
				"rotation": [15, 0, 0],
				"cubes": [
					{"origin": [-1, 3.70221, 5.15754], "size": [2, 10, 0], "uv": [8, 47]}
				]
			},
			{
				"name": "bone8",
				"parent": "bone7",
				"pivot": [-1, 3.70221, 2.97771],
				"rotation": [0, 0, 8.56299],
				"cubes": [
					{"origin": [-3, 3.70221, 5.16], "size": [2, 10, 0], "uv": [4, 47]}
				]
			},
			{
				"name": "bone10",
				"parent": "bone",
				"pivot": [0, 4, 0],
				"rotation": [0, -120, 0]
			},
			{
				"name": "bone11",
				"parent": "bone10",
				"pivot": [0, 4, 2.97771],
				"rotation": [15, 0, 0]
			},
			{
				"name": "bone12",
				"parent": "bone11",
				"pivot": [-1, 3.70221, 2.97771],
				"rotation": [0, 0, 8.56299],
				"cubes": [
					{"origin": [-3, 6.70221, 5.15654], "size": [2, 7, 0], "uv": [10, 69]}
				]
			},
			{
				"name": "bone13",
				"parent": "bone11",
				"pivot": [1, 3.70221, 2.97771],
				"rotation": [0, 0, -8.56299],
				"cubes": [
					{"origin": [1, 3.70221, 5.15854], "size": [2, 10, 0], "uv": [0, 47]}
				]
			},
			{
				"name": "bone14",
				"parent": "bone",
				"pivot": [0, 4, 0],
				"rotation": [0, -180, 0]
			},
			{
				"name": "bone15",
				"parent": "bone14",
				"pivot": [0, 4, 2.97771],
				"rotation": [15, 0, 0],
				"cubes": [
					{"origin": [-1, 7.70221, 5.15754], "size": [2, 6, 0], "uv": [8, 76]}
				]
			},
			{
				"name": "bone16",
				"parent": "bone15",
				"pivot": [-1, 3.70221, 2.97771],
				"rotation": [0, 0, 8.56299],
				"cubes": [
					{"origin": [-3, 7.70221, 5.15654], "size": [2, 6, 0], "uv": [16, 76]}
				]
			},
			{
				"name": "bone17",
				"parent": "bone15",
				"pivot": [1, 3.70221, 2.97771],
				"rotation": [0, 0, -8.56299],
				"cubes": [
					{"origin": [1, 7.70221, 5.15854], "size": [2, 6, 0], "uv": [12, 76]}
				]
			},
			{
				"name": "bone18",
				"parent": "bone",
				"pivot": [0, 4, 0],
				"rotation": [0, -240, 0]
			},
			{
				"name": "bone19",
				"parent": "bone18",
				"pivot": [0, 4, 2.97771],
				"rotation": [15, 0, 0]
			},
			{
				"name": "bone20",
				"parent": "bone19",
				"pivot": [-1, 3.70221, 2.97771],
				"rotation": [0, 0, 8.56299],
				"cubes": [
					{"origin": [-3, 3.70221, 5.15654], "size": [2, 10, 0], "uv": [32, 37]}
				]
			},
			{
				"name": "bone21",
				"parent": "bone19",
				"pivot": [1, 3.70221, 2.97771],
				"rotation": [0, 0, -8.56299],
				"cubes": [
					{"origin": [1, 6.70221, 5.15854], "size": [2, 7, 0], "uv": [6, 69]}
				]
			},
			{
				"name": "bone22",
				"parent": "bone",
				"pivot": [0, 4, 0],
				"rotation": [0, -300, 0]
			},
			{
				"name": "bone23",
				"parent": "bone22",
				"pivot": [0, 4, 2.97771],
				"rotation": [15, 0, 0],
				"cubes": [
					{"origin": [-1, 3.70221, 5.15754], "size": [2, 10, 0], "uv": [28, 37]}
				]
			},
			{
				"name": "bone25",
				"parent": "bone23",
				"pivot": [1, 3.70221, 2.97771],
				"rotation": [0, 0, -8.56299],
				"cubes": [
					{"origin": [1, 3.70221, 5.15854], "size": [2, 10, 0], "uv": [24, 37]}
				]
			},
			{
				"name": "op",
				"parent": "body",
				"pivot": [0, 9.5, -1.4],
				"rotation": [-30, 0, 0],
				"cubes": [
					{"origin": [-3, 12.999, -6.4], "size": [6, 2, 2], "uv": [40, 16], "inflate": -0.0001}
				]
			},
			{
				"name": "bone26",
				"parent": "op",
				"pivot": [-1.75, 12.999, -6.39808],
				"rotation": [55, 0, 0],
				"cubes": [
					{"origin": [-2.998, 12.5, -6.4], "size": [4, 1, 1], "uv": [12, 59]}
				]
			},
			{
				"name": "bone30",
				"parent": "bone26",
				"pivot": [-1.999, 12.00033, -5.89779],
				"rotation": [40, 0, 0],
				"cubes": [
					{"origin": [-2.999, 11.70475, -5.95942], "size": [4, 1, 1], "uv": [12, 57]}
				]
			},
			{
				"name": "bone27",
				"parent": "bone26",
				"pivot": [-0.75, 12.999, -6.39808],
				"rotation": [0, 0, -35],
				"cubes": [
					{"origin": [-2.30472, 13.69964, -6.39779], "size": [2, 1, 1], "uv": [26, 90]}
				]
			},
			{
				"name": "bone31",
				"parent": "bone26",
				"pivot": [0.25, 12.999, -6.39808],
				"rotation": [0, 0, -15],
				"cubes": [
					{"origin": [-1.53713, 13.0685, -6.39779], "size": [1, 1, 1], "uv": [28, 96]}
				]
			},
			{
				"name": "bone32",
				"parent": "bone26",
				"pivot": [1.25, 12.999, -6.39808],
				"rotation": [0, 0, -35],
				"cubes": [
					{"origin": [0.18358, 13.40249, -6.39779], "size": [1, 1, 1], "uv": [28, 94]}
				]
			},
			{
				"name": "bone28",
				"parent": "op",
				"pivot": [-1.75, 12.999, -6.39808]
			},
			{
				"name": "bone29",
				"parent": "bone28",
				"pivot": [3.35, 13.849, -5.5],
				"rotation": [0, 0, 15],
				"cubes": [
					{"origin": [2.53059, 12.52144, -6.7201], "size": [1, 2, 3], "uv": [22, 47], "inflate": -0.25}
				]
			},
			{
				"name": "bone33",
				"parent": "bone28",
				"pivot": [3.1, 12.099, -4.25],
				"rotation": [0, 0, 15],
				"cubes": [
					{"origin": [2.26765, 11.81974, -5.38349], "size": [1, 1, 2], "uv": [0, 90], "inflate": -0.15},
					{"origin": [2.49179, 10.98322, -4.88349], "size": [1, 1, 2], "uv": [48, 85], "inflate": -0.25}
				]
			},
			{
				"name": "legLeft",
				"pivot": [2, 9, 0],
				"cubes": [
					{"origin": [0.249, 1, -1.5], "size": [3, 8, 3], "uv": [28, 16]}
				]
			},
			{
				"name": "bone35",
				"parent": "legLeft",
				"pivot": [3.5, 0, 0],
				"cubes": [
					{"origin": [0.251, 0, -1.8], "size": [3, 1, 2], "uv": [12, 47], "inflate": 0.1},
					{"origin": [0.251, 1, -1.5], "size": [3, 2, 3], "uv": [16, 27], "inflate": 0.1},
					{"origin": [0.251, 0, 0.5], "size": [3, 1, 1], "uv": [0, 76], "inflate": 0.1}
				]
			},
			{
				"name": "legRight",
				"pivot": [-2, 9, 0],
				"cubes": [
					{"origin": [-3.249, 1, -1.5], "size": [3, 8, 3], "uv": [16, 16]}
				]
			},
			{
				"name": "bone34",
				"parent": "legRight",
				"pivot": [0, 0, 0],
				"cubes": [
					{"origin": [-3.249, 0, -1.8], "size": [3, 1, 2], "uv": [12, 50], "inflate": 0.1},
					{"origin": [-3.249, 1, -1.5], "size": [3, 2, 3], "uv": [16, 32], "inflate": 0.1},
					{"origin": [-3.249, 0, 0.5], "size": [3, 1, 1], "uv": [0, 76], "inflate": 0.1}
				]
			}
		]
	}
}