{
	"format_version": "1.10.0",
	"geometry.model": {
		"texturewidth": 112,
		"textureheight": 112,
		"visible_bounds_width": 2,
		"visible_bounds_height": 2,
		"visible_bounds_offset": [0, 1, 0],
		"bones": [
			{
				"name": "head",
				"pivot": [0, 18, 0],
				"cubes": [
					{"origin": [-4, 18, -4], "size": [8, 8, 8], "uv": [0, 0]}
				]
			},
			{
				"name": "blink",
				"parent": "head",
				"pivot": [0, 18, 0],
				"cubes": [
					{"origin": [-4, 18, -4.001], "size": [8, 8, 0], "uv": [12, 16]}
				]
			},
			{
				"name": "bone101",
				"parent": "head",
				"pivot": [0, 18, 0]
			},
			{
				"name": "bone102",
				"parent": "bone101",
				"pivot": [0, 18, 0.5]
			},
			{
				"name": "bone103",
				"parent": "bone102",
				"pivot": [0, 24.25, -4],
				"rotation": [0, 0, -10],
				"cubes": [
					{"origin": [-1.2462, 21.29341, -4.5], "size": [2, 5, 1], "uv": [0, 77]}
				]
			},
			{
				"name": "bone142",
				"parent": "bone102",
				"pivot": [1.5, 24.25, -4],
				"cubes": [
					{"origin": [0.01139, 21.38024, -4.5], "size": [1, 5, 1], "uv": [44, 88]}
				]
			},
			{
				"name": "bone104",
				"parent": "bone102",
				"pivot": [-2.10407, 24.34907, -4],
				"rotation": [0, 0, 35],
				"cubes": [
					{"origin": [-3.29558, 21.68837, -4.5], "size": [2, 4, 1], "uv": [0, 83]}
				]
			},
			{
				"name": "bone108",
				"parent": "bone102",
				"pivot": [1.89593, 24.59907, -4],
				"rotation": [0, 0, 145],
				"cubes": [
					{"origin": [0.69114, 23.24246, -4.5], "size": [2, 4, 1], "uv": [50, 77]}
				]
			},
			{
				"name": "bone105",
				"parent": "bone102",
				"pivot": [-3.25, 24.25, -4],
				"rotation": [0, 0, 10],
				"cubes": [
					{"origin": [-3.52702, 22.15322, -4.5], "size": [1, 4, 1], "uv": [20, 94]}
				]
			},
			{
				"name": "bone112",
				"parent": "bone102",
				"pivot": [-3.75, 24.25, -3.5],
				"rotation": [0, 0, 10],
				"cubes": [
					{"origin": [-3.95279, 20.96039, -4.25], "size": [1, 3, 2], "uv": [44, 77]}
				]
			},
			{
				"name": "bone113",
				"parent": "bone102",
				"pivot": [-3.75, 24.25, -3.5],
				"rotation": [0, 0, -10],
				"cubes": [
					{"origin": [2.84536, 19.78243, -4.25], "size": [1, 3, 2], "uv": [38, 77]}
				]
			},
			{
				"name": "bone109",
				"parent": "bone102",
				"pivot": [3, 24, -4],
				"rotation": [0, 0, -10],
				"cubes": [
					{"origin": [2.67957, 22.14942, -4.5], "size": [1, 4, 1], "uv": [16, 94]}
				]
			},
			{
				"name": "bone106",
				"parent": "bone102",
				"pivot": [-3.25, 23.25, -4],
				"cubes": [
					{"origin": [-3.88691, 19.23317, -4.5], "size": [1, 3, 1], "uv": [40, 94]}
				]
			},
			{
				"name": "bone110",
				"parent": "bone102",
				"pivot": [0.75, 23.25, -4],
				"cubes": [
					{"origin": [2.9906, 19.29554, -4.5], "size": [1, 3, 1], "uv": [36, 94]}
				]
			},
			{
				"name": "bone107",
				"parent": "bone102",
				"pivot": [-3.25, 20.25, -4],
				"rotation": [0, 0, -5],
				"cubes": [
					{"origin": [-3.97311, 16.29255, -4.5], "size": [1, 3, 1], "uv": [32, 94]}
				]
			},
			{
				"name": "bone111",
				"parent": "bone102",
				"pivot": [-3.25, 20.25, -4],
				"rotation": [0, 0, 5],
				"cubes": [
					{"origin": [3.04623, 16.93023, -4.5], "size": [1, 3, 1], "uv": [28, 94]}
				]
			},
			{
				"name": "bone125",
				"parent": "bone101",
				"pivot": [0, 19.5, 0.15]
			},
			{
				"name": "bone114",
				"parent": "bone125",
				"pivot": [-0.3, 19.5, 0.15]
			},
			{
				"name": "bone115",
				"parent": "bone114",
				"pivot": [3.7, 20.5, -1.35],
				"rotation": [5, 0, -10],
				"cubes": [
					{"origin": [3.37365, 19.48106, -2.26417], "size": [1, 5, 1], "uv": [40, 88]}
				]
			},
			{
				"name": "bone121",
				"parent": "bone115",
				"pivot": [3.3527, 18.53788, -1.52166],
				"rotation": [0, 0, -20],
				"cubes": [
					{"origin": [3.69497, 17.41702, -2.26417], "size": [1, 2, 1], "uv": [28, 99]}
				]
			},
			{
				"name": "bone117",
				"parent": "bone114",
				"pivot": [3.7, 20.5, 0.65],
				"rotation": [0, 0, -10],
				"cubes": [
					{"origin": [3.3997, 19.63253, -1.6], "size": [1, 5, 2], "uv": [36, 70]}
				]
			},
			{
				"name": "bone122",
				"parent": "bone117",
				"pivot": [2.85781, 17.72368, -0.6],
				"rotation": [0, 0, -30],
				"cubes": [
					{"origin": [4.28152, 17.10585, -1.6], "size": [1, 2, 2], "uv": [34, 88]}
				]
			},
			{
				"name": "bone118",
				"parent": "bone114",
				"pivot": [3.7, 20.75, 2.4],
				"rotation": [10, 0, -10],
				"cubes": [
					{"origin": [3.3997, 19.86757, 0.32101], "size": [1, 5, 2], "uv": [30, 70]}
				]
			},
			{
				"name": "bone123",
				"parent": "bone118",
				"pivot": [5.66962, 20.40798, 2.33969],
				"rotation": [0, 0, -15],
				"cubes": [
					{"origin": [3.33717, 18.47348, 0.32101], "size": [1, 2, 2], "uv": [28, 88]}
				]
			},
			{
				"name": "bone119",
				"parent": "bone114",
				"pivot": [3.7, 20.75, 4.15],
				"rotation": [5, 0, -10],
				"cubes": [
					{"origin": [3.3997, 19.87878, 1.98583], "size": [1, 5, 2], "uv": [24, 70]}
				]
			},
			{
				"name": "bone124",
				"parent": "bone114",
				"pivot": [3.7, 20.75, 4.15],
				"rotation": [0, 0, -30],
				"cubes": [
					{"origin": [3.11607, 18.0237, 2.06239], "size": [1, 2, 2], "uv": [22, 88]}
				]
			},
			{
				"name": "bone116",
				"parent": "bone114",
				"pivot": [3.7, 21, -3.35],
				"rotation": [-10, 0, -10],
				"cubes": [
					{"origin": [3.37365, 19.72867, -4.05508], "size": [1, 5, 2], "uv": [18, 70]}
				]
			},
			{
				"name": "bone120",
				"parent": "bone116",
				"pivot": [3.7, 21, -3.35],
				"rotation": [0, 0, -15],
				"cubes": [
					{"origin": [3.05572, 17.85645, -4.05508], "size": [1, 2, 2], "uv": [16, 88]}
				]
			},
			{
				"name": "bone126",
				"parent": "bone125",
				"pivot": [-8, 19.5, 0.15]
			},
			{
				"name": "bone127",
				"parent": "bone126",
				"pivot": [-4, 20.5, -1.35],
				"rotation": [5, 0, 10],
				"cubes": [
					{"origin": [-4.32635, 19.48106, -2.26417], "size": [1, 5, 1], "uv": [12, 88]}
				]
			},
			{
				"name": "bone128",
				"parent": "bone127",
				"pivot": [-4.3473, 18.53788, -1.52166],
				"rotation": [0, 0, 20],
				"cubes": [
					{"origin": [-4.71051, 17.77336, -2.26417], "size": [1, 2, 1], "uv": [24, 99]}
				]
			},
			{
				"name": "bone129",
				"parent": "bone126",
				"pivot": [-4, 20.5, 0.65],
				"rotation": [0, 0, 10],
				"cubes": [
					{"origin": [-4.3003, 19.63253, -1.6], "size": [1, 5, 2], "uv": [12, 70]}
				]
			},
			{
				"name": "bone130",
				"parent": "bone129",
				"pivot": [-4.84219, 17.72368, -0.6],
				"rotation": [0, 0, 30],
				"cubes": [
					{"origin": [-5.4613, 18.14774, -1.6], "size": [1, 2, 2], "uv": [6, 88]}
				]
			},
			{
				"name": "bone131",
				"parent": "bone126",
				"pivot": [-4, 20.75, 2.4],
				"rotation": [10, 0, 10],
				"cubes": [
					{"origin": [-4.3003, 19.86757, 0.32101], "size": [1, 5, 2], "uv": [6, 70]}
				]
			},
			{
				"name": "bone132",
				"parent": "bone131",
				"pivot": [-2.03038, 20.40798, 2.33969],
				"rotation": [0, 0, 15],
				"cubes": [
					{"origin": [-4.11716, 17.5573, 0.32101], "size": [1, 2, 2], "uv": [0, 88]}
				]
			},
			{
				"name": "bone133",
				"parent": "bone126",
				"pivot": [-4, 20.75, 4.15],
				"rotation": [5, 0, 10],
				"cubes": [
					{"origin": [-4.3003, 19.87878, 1.98583], "size": [1, 5, 2], "uv": [0, 70]}
				]
			},
			{
				"name": "bone134",
				"parent": "bone126",
				"pivot": [-4, 20.75, 4.15],
				"rotation": [0, 0, 30],
				"cubes": [
					{"origin": [-4.04077, 18.1603, 2.06239], "size": [1, 2, 2], "uv": [36, 83]}
				]
			},
			{
				"name": "bone135",
				"parent": "bone126",
				"pivot": [-4, 21, -3.35],
				"rotation": [-10, 0, 10],
				"cubes": [
					{"origin": [-4.32635, 19.72867, -4.05508], "size": [1, 5, 2], "uv": [40, 62]}
				]
			},
			{
				"name": "bone136",
				"parent": "bone135",
				"pivot": [-3.01519, 21.17101, -3.38015],
				"rotation": [0, 0, 15],
				"cubes": [
					{"origin": [-3.94244, 17.69728, -4.05508], "size": [1, 2, 2], "uv": [30, 83]}
				]
			},
			{
				"name": "bone141",
				"parent": "bone101",
				"pivot": [0.25, 17.75, 0.5],
				"rotation": [10, 0, 0]
			},
			{
				"name": "bone140",
				"parent": "bone141",
				"pivot": [1.5, 15.75, 0],
				"rotation": [10, 0, -20],
				"cubes": [
					{"origin": [2.59096, 15.81689, 4.18812], "size": [2, 4, 1], "uv": [32, 77]}
				]
			},
			{
				"name": "bone139",
				"parent": "bone141",
				"pivot": [-2, 16.75, 0],
				"rotation": [10, 0, 15],
				"cubes": [
					{"origin": [-0.90904, 16.81689, 4.18812], "size": [2, 4, 1], "uv": [26, 77]}
				]
			},
			{
				"name": "bone138",
				"parent": "bone141",
				"pivot": [-3, 16, 0],
				"rotation": [10, 0, -5],
				"cubes": [
					{"origin": [-1.90904, 16.06689, 4.18812], "size": [2, 4, 1], "uv": [20, 77]}
				]
			},
			{
				"name": "bone137",
				"parent": "bone141",
				"pivot": [-6, 18, 0],
				"rotation": [10, 0, 10],
				"cubes": [
					{"origin": [-4, 17, 4], "size": [2, 4, 1], "uv": [14, 77]}
				]
			},
			{
				"name": "bone192",
				"parent": "head",
				"pivot": [0.25, 17.8, 0]
			},
			{
				"name": "bone143",
				"parent": "bone192",
				"pivot": [3.25, 36.55, 0],
				"rotation": [0, 0, 5],
				"cubes": [
					{"origin": [2.25, 26.55, -1], "size": [2, 1, 2], "uv": [6, 77]}
				]
			},
			{
				"name": "bone144",
				"parent": "bone143",
				"pivot": [3.25, 18.55, 0]
			},
			{
				"name": "bone145",
				"parent": "bone144",
				"pivot": [3.25, 18.55, 7.10973],
				"rotation": [45, 0, 0]
			},
			{
				"name": "bone146",
				"parent": "bone145",
				"pivot": [3.25, 18.55, 7.10973],
				"rotation": [0, -45, 0],
				"cubes": [
					{"origin": [3.25, 29.55, 6.10973], "size": [1, 1, 1], "uv": [20, 104]}
				]
			},
			{
				"name": "bone147",
				"parent": "bone143",
				"pivot": [3.25, 18.55, 0],
				"rotation": [0, -22.5, 0]
			},
			{
				"name": "bone148",
				"parent": "bone147",
				"pivot": [3.25, 18.55, 7.10973],
				"rotation": [45, 0, 0]
			},
			{
				"name": "bone149",
				"parent": "bone148",
				"pivot": [3.25, 18.55, 7.10973],
				"rotation": [0, -45, 0],
				"cubes": [
					{"origin": [3.25, 29.55, 6.10973], "size": [1, 1, 1], "uv": [16, 104]}
				]
			},
			{
				"name": "bone150",
				"parent": "bone143",
				"pivot": [3.25, 18.55, 0],
				"rotation": [0, -45, 0]
			},
			{
				"name": "bone151",
				"parent": "bone150",
				"pivot": [3.25, 18.55, 7.10973],
				"rotation": [45, 0, 0]
			},
			{
				"name": "bone152",
				"parent": "bone151",
				"pivot": [3.25, 18.55, 7.10973],
				"rotation": [0, -45, 0],
				"cubes": [
					{"origin": [3.25, 29.55, 6.10973], "size": [1, 1, 1], "uv": [12, 104]}
				]
			},
			{
				"name": "bone153",
				"parent": "bone143",
				"pivot": [3.25, 18.55, 0],
				"rotation": [0, -67.5, 0]
			},
			{
				"name": "bone154",
				"parent": "bone153",
				"pivot": [3.25, 18.55, 7.10973],
				"rotation": [45, 0, 0]
			},
			{
				"name": "bone155",
				"parent": "bone154",
				"pivot": [3.25, 18.55, 7.10973],
				"rotation": [0, -45, 0],
				"cubes": [
					{"origin": [3.25, 29.55, 6.10973], "size": [1, 1, 1], "uv": [8, 104]}
				]
			},
			{
				"name": "bone156",
				"parent": "bone143",
				"pivot": [3.25, 18.55, 0],
				"rotation": [0, -90, 0]
			},
			{
				"name": "bone157",
				"parent": "bone156",
				"pivot": [3.25, 18.55, 7.10973],
				"rotation": [45, 0, 0]
			},
			{
				"name": "bone158",
				"parent": "bone157",
				"pivot": [3.25, 18.55, 7.10973],
				"rotation": [0, -45, 0],
				"cubes": [
					{"origin": [3.25, 29.55, 6.10973], "size": [1, 1, 1], "uv": [4, 104]}
				]
			},
			{
				"name": "bone159",
				"parent": "bone143",
				"pivot": [3.25, 18.55, 0],
				"rotation": [0, -112.5, 0]
			},
			{
				"name": "bone160",
				"parent": "bone159",
				"pivot": [3.25, 18.55, 7.10973],
				"rotation": [45, 0, 0]
			},
			{
				"name": "bone161",
				"parent": "bone160",
				"pivot": [3.25, 18.55, 7.10973],
				"rotation": [0, -45, 0],
				"cubes": [
					{"origin": [3.25, 29.55, 6.10973], "size": [1, 1, 1], "uv": [0, 104]}
				]
			},
			{
				"name": "bone162",
				"parent": "bone143",
				"pivot": [3.25, 18.55, 0],
				"rotation": [0, -135, 0]
			},
			{
				"name": "bone163",
				"parent": "bone162",
				"pivot": [3.25, 18.55, 7.10973],
				"rotation": [45, 0, 0]
			},
			{
				"name": "bone164",
				"parent": "bone163",
				"pivot": [3.25, 18.55, 7.10973],
				"rotation": [0, -45, 0],
				"cubes": [
					{"origin": [3.25, 29.55, 6.10973], "size": [1, 1, 1], "uv": [56, 102]}
				]
			},
			{
				"name": "bone165",
				"parent": "bone143",
				"pivot": [3.25, 18.55, 0],
				"rotation": [0, -157.5, 0]
			},
			{
				"name": "bone166",
				"parent": "bone165",
				"pivot": [3.25, 18.55, 7.10973],
				"rotation": [45, 0, 0]
			},
			{
				"name": "bone167",
				"parent": "bone166",
				"pivot": [3.25, 18.55, 7.10973],
				"rotation": [0, -45, 0],
				"cubes": [
					{"origin": [3.25, 29.55, 6.10973], "size": [1, 1, 1], "uv": [52, 102]}
				]
			},
			{
				"name": "bone168",
				"parent": "bone143",
				"pivot": [3.25, 18.55, 0],
				"rotation": [0, -180, 0]
			},
			{
				"name": "bone169",
				"parent": "bone168",
				"pivot": [3.25, 18.55, 7.10973],
				"rotation": [45, 0, 0]
			},
			{
				"name": "bone170",
				"parent": "bone169",
				"pivot": [3.25, 18.55, 7.10973],
				"rotation": [0, -45, 0],
				"cubes": [
					{"origin": [3.25, 29.55, 6.10973], "size": [1, 1, 1], "uv": [48, 102]}
				]
			},
			{
				"name": "bone171",
				"parent": "bone143",
				"pivot": [3.25, 18.55, 0],
				"rotation": [0, -202.5, 0]
			},
			{
				"name": "bone172",
				"parent": "bone171",
				"pivot": [3.25, 18.55, 7.10973],
				"rotation": [45, 0, 0]
			},
			{
				"name": "bone173",
				"parent": "bone172",
				"pivot": [3.25, 18.55, 7.10973],
				"rotation": [0, -45, 0],
				"cubes": [
					{"origin": [3.25, 29.55, 6.10973], "size": [1, 1, 1], "uv": [44, 102]}
				]
			},
			{
				"name": "bone174",
				"parent": "bone143",
				"pivot": [3.25, 18.55, 0],
				"rotation": [0, -225, 0]
			},
			{
				"name": "bone175",
				"parent": "bone174",
				"pivot": [3.25, 18.55, 7.10973],
				"rotation": [45, 0, 0]
			},
			{
				"name": "bone176",
				"parent": "bone175",
				"pivot": [3.25, 18.55, 7.10973],
				"rotation": [0, -45, 0],
				"cubes": [
					{"origin": [3.25, 29.55, 6.10973], "size": [1, 1, 1], "uv": [40, 102]}
				]
			},
			{
				"name": "bone177",
				"parent": "bone143",
				"pivot": [3.25, 18.55, 0],
				"rotation": [0, -247.5, 0]
			},
			{
				"name": "bone178",
				"parent": "bone177",
				"pivot": [3.25, 18.55, 7.10973],
				"rotation": [45, 0, 0]
			},
			{
				"name": "bone179",
				"parent": "bone178",
				"pivot": [3.25, 18.55, 7.10973],
				"rotation": [0, -45, 0],
				"cubes": [
					{"origin": [3.25, 29.55, 6.10973], "size": [1, 1, 1], "uv": [36, 102]}
				]
			},
			{
				"name": "bone180",
				"parent": "bone143",
				"pivot": [3.25, 18.55, 0],
				"rotation": [0, -270, 0]
			},
			{
				"name": "bone181",
				"parent": "bone180",
				"pivot": [3.25, 18.55, 7.10973],
				"rotation": [45, 0, 0]
			},
			{
				"name": "bone182",
				"parent": "bone181",
				"pivot": [3.25, 18.55, 7.10973],
				"rotation": [0, -45, 0],
				"cubes": [
					{"origin": [3.25, 29.55, 6.10973], "size": [1, 1, 1], "uv": [32, 102]}
				]
			},
			{
				"name": "bone183",
				"parent": "bone143",
				"pivot": [3.25, 18.55, 0],
				"rotation": [0, -292.5, 0]
			},
			{
				"name": "bone184",
				"parent": "bone183",
				"pivot": [3.25, 18.55, 7.10973],
				"rotation": [45, 0, 0]
			},
			{
				"name": "bone185",
				"parent": "bone184",
				"pivot": [3.25, 18.55, 7.10973],
				"rotation": [0, -45, 0],
				"cubes": [
					{"origin": [3.25, 29.55, 6.10973], "size": [1, 1, 1], "uv": [28, 102]}
				]
			},
			{
				"name": "bone186",
				"parent": "bone143",
				"pivot": [3.25, 18.55, 0],
				"rotation": [0, -315, 0]
			},
			{
				"name": "bone187",
				"parent": "bone186",
				"pivot": [3.25, 18.55, 7.10973],
				"rotation": [45, 0, 0]
			},
			{
				"name": "bone188",
				"parent": "bone187",
				"pivot": [3.25, 18.55, 7.10973],
				"rotation": [0, -45, 0],
				"cubes": [
					{"origin": [3.25, 29.55, 6.10973], "size": [1, 1, 1], "uv": [24, 102]}
				]
			},
			{
				"name": "bone189",
				"parent": "bone143",
				"pivot": [3.25, 18.55, 0],
				"rotation": [0, -337.5, 0]
			},
			{
				"name": "bone190",
				"parent": "bone189",
				"pivot": [3.25, 18.55, 7.10973],
				"rotation": [45, 0, 0]
			},
			{
				"name": "bone191",
				"parent": "bone190",
				"pivot": [3.25, 18.55, 7.10973],
				"rotation": [0, -45, 0],
				"cubes": [
					{"origin": [3.25, 29.55, 6.10973], "size": [1, 1, 1], "uv": [20, 102]}
				]
			},
			{
				"name": "bone193",
				"parent": "bone192",
				"pivot": [3.75, 43.55, 0],
				"rotation": [0, 0, 5]
			},
			{
				"name": "bone194",
				"parent": "bone193",
				"pivot": [3.75, 25.55, 0],
				"cubes": [
					{"origin": [3.75, 25.55, 1.41421], "size": [1, 1, 1], "uv": [16, 102], "inflate": -0.15}
				]
			},
			{
				"name": "bone195",
				"parent": "bone193",
				"pivot": [3.75, 25.55, 0],
				"rotation": [0, -45, 0],
				"cubes": [
					{"origin": [3.75, 25.55, 1.41421], "size": [1, 1, 1], "uv": [12, 102], "inflate": -0.15}
				]
			},
			{
				"name": "bone196",
				"parent": "bone193",
				"pivot": [3.75, 25.55, 0],
				"rotation": [0, -90, 0],
				"cubes": [
					{"origin": [3.75, 25.55, 1.41421], "size": [1, 1, 1], "uv": [8, 102], "inflate": -0.15}
				]
			},
			{
				"name": "bone197",
				"parent": "bone193",
				"pivot": [3.75, 25.55, 0],
				"rotation": [0, -135, 0],
				"cubes": [
					{"origin": [3.75, 25.55, 1.41421], "size": [1, 1, 1], "uv": [4, 102], "inflate": -0.15}
				]
			},
			{
				"name": "bone198",
				"parent": "bone193",
				"pivot": [3.75, 25.55, 0],
				"rotation": [0, -180, 0],
				"cubes": [
					{"origin": [3.75, 25.55, 1.41421], "size": [1, 1, 1], "uv": [0, 102], "inflate": -0.15}
				]
			},
			{
				"name": "bone199",
				"parent": "bone193",
				"pivot": [3.75, 25.55, 0],
				"rotation": [0, -225, 0],
				"cubes": [
					{"origin": [3.75, 25.55, 1.41421], "size": [1, 1, 1], "uv": [52, 99], "inflate": -0.15}
				]
			},
			{
				"name": "bone200",
				"parent": "bone193",
				"pivot": [3.75, 25.55, 0],
				"rotation": [0, -270, 0],
				"cubes": [
					{"origin": [3.75, 25.55, 1.41421], "size": [1, 1, 1], "uv": [48, 99], "inflate": -0.15}
				]
			},
			{
				"name": "bone201",
				"parent": "bone193",
				"pivot": [3.75, 25.55, 0],
				"rotation": [0, -315, 0],
				"cubes": [
					{"origin": [3.75, 25.55, 1.41421], "size": [1, 1, 1], "uv": [44, 99], "inflate": -0.15}
				]
			},
			{
				"name": "bone204",
				"parent": "bone192",
				"pivot": [-2, 19.3, 1.5],
				"rotation": [0, 15, 15]
			},
			{
				"name": "bone203",
				"parent": "bone204",
				"pivot": [2.25, 26.5, 3],
				"rotation": [-110, 0, 0],
				"cubes": [
					{"origin": [1.75, 25.39406, 3.164], "size": [1, 2, 1], "uv": [20, 99], "inflate": -0.15}
				]
			},
			{
				"name": "bone202",
				"parent": "bone204",
				"pivot": [2.25, 26.5, 2],
				"rotation": [-35, 0, 0],
				"cubes": [
					{"origin": [1.75, 25.5, 1.5], "size": [1, 4, 1], "uv": [12, 94], "inflate": -0.15}
				]
			},
			{
				"name": "armRight",
				"pivot": [-2, 17.5, 0],
				"rotation": [0, 0, 25],
				"cubes": [
					{"origin": [-4, 8.5, -1], "size": [2, 8, 2], "uv": [0, 28]},
					{"origin": [-4.54685, 10.21131, -1.5], "size": [3, 1, 3], "uv": [52, 15], "inflate": -0.35},
					{"origin": [-4.5, 15.5, -1.5], "size": [3, 1, 3], "uv": [52, 19], "inflate": -0.4},
					{"origin": [-4.5, 15, -1.5], "size": [3, 1, 3], "uv": [52, 19], "inflate": -0.4}
				]
			},
			{
				"name": "armLeft",
				"pivot": [2, 17.5, 0],
				"rotation": [0, 0, -25],
				"cubes": [
					{"origin": [2, 8.5, -1], "size": [2, 8, 2], "uv": [44, 16]},
					{"origin": [1.45315, 10.28869, -1.5], "size": [3, 1, 3], "uv": [52, 15], "inflate": -0.35}
				]
			},
			{
				"name": "body",
				"pivot": [0, 10.5, 0],
				"cubes": [
					{"origin": [-3, 8.999, -3], "size": [6, 9, 6], "uv": [32, 0]},
					{"origin": [-0.5, 16.899, -3.25], "size": [1, 1, 1], "uv": [40, 99], "inflate": -0.05}
				]
			},
			{
				"name": "bone87",
				"parent": "body",
				"pivot": [0, 11.5, 0]
			},
			{
				"name": "bone50",
				"parent": "bone87",
				"pivot": [0, 16, 0]
			},
			{
				"name": "bone51",
				"parent": "bone50",
				"pivot": [0, 5.5, 0]
			},
			{
				"name": "bone52",
				"parent": "bone51",
				"pivot": [0, 5.5, 5.27792],
				"rotation": [23, 0, 0]
			},
			{
				"name": "bone53",
				"parent": "bone52",
				"pivot": [0, 5.5, 5.27792],
				"rotation": [0, -45, 0],
				"cubes": [
					{"origin": [-1, 9.5, 4.27792], "size": [2, 6, 2], "uv": [32, 62]}
				]
			},
			{
				"name": "bone54",
				"parent": "bone50",
				"pivot": [0, 5.5, 0],
				"rotation": [0, -30, 0]
			},
			{
				"name": "bone55",
				"parent": "bone54",
				"pivot": [0, 5.5, 5.27792],
				"rotation": [23, 0, 0]
			},
			{
				"name": "bone56",
				"parent": "bone55",
				"pivot": [0, 5.5, 5.27792],
				"rotation": [0, -45, 0],
				"cubes": [
					{"origin": [-1, 9.5, 4.27792], "size": [2, 6, 2], "uv": [24, 62]}
				]
			},
			{
				"name": "bone57",
				"parent": "bone50",
				"pivot": [0, 5.5, 0],
				"rotation": [0, -60, 0]
			},
			{
				"name": "bone58",
				"parent": "bone57",
				"pivot": [0, 5.5, 5.27792],
				"rotation": [23, 0, 0]
			},
			{
				"name": "bone59",
				"parent": "bone58",
				"pivot": [0, 5.5, 5.27792],
				"rotation": [0, -45, 0],
				"cubes": [
					{"origin": [-1, 9.5, 4.27792], "size": [2, 6, 2], "uv": [16, 62]}
				]
			},
			{
				"name": "bone60",
				"parent": "bone50",
				"pivot": [0, 5.5, 0],
				"rotation": [0, -90, 0]
			},
			{
				"name": "bone61",
				"parent": "bone60",
				"pivot": [0, 5.5, 5.27792],
				"rotation": [23, 0, 0]
			},
			{
				"name": "bone62",
				"parent": "bone61",
				"pivot": [0, 5.5, 5.27792],
				"rotation": [0, -45, 0],
				"cubes": [
					{"origin": [-1, 9.5, 4.27792], "size": [2, 6, 2], "uv": [8, 62]}
				]
			},
			{
				"name": "bone63",
				"parent": "bone50",
				"pivot": [0, 5.5, 0],
				"rotation": [0, -120, 0]
			},
			{
				"name": "bone64",
				"parent": "bone63",
				"pivot": [0, 5.5, 5.27792],
				"rotation": [23, 0, 0]
			},
			{
				"name": "bone65",
				"parent": "bone64",
				"pivot": [0, 5.5, 5.27792],
				"rotation": [0, -45, 0],
				"cubes": [
					{"origin": [-1, 9.5, 4.27792], "size": [2, 6, 2], "uv": [0, 62]}
				]
			},
			{
				"name": "bone66",
				"parent": "bone50",
				"pivot": [0, 5.5, 0],
				"rotation": [0, -150, 0]
			},
			{
				"name": "bone67",
				"parent": "bone66",
				"pivot": [0, 5.5, 5.27792],
				"rotation": [23, 0, 0]
			},
			{
				"name": "bone68",
				"parent": "bone67",
				"pivot": [0, 5.5, 5.27792],
				"rotation": [0, -45, 0],
				"cubes": [
					{"origin": [-1, 9.5, 4.27792], "size": [2, 6, 2], "uv": [40, 54]}
				]
			},
			{
				"name": "bone69",
				"parent": "bone50",
				"pivot": [0, 5.5, 0],
				"rotation": [0, -180, 0]
			},
			{
				"name": "bone70",
				"parent": "bone69",
				"pivot": [0, 5.5, 5.27792],
				"rotation": [23, 0, 0]
			},
			{
				"name": "bone71",
				"parent": "bone70",
				"pivot": [0, 5.5, 5.27792],
				"rotation": [0, -45, 0],
				"cubes": [
					{"origin": [-1, 9.5, 4.27792], "size": [2, 6, 2], "uv": [32, 54]}
				]
			},
			{
				"name": "bone72",
				"parent": "bone50",
				"pivot": [0, 5.5, 0],
				"rotation": [0, -210, 0]
			},
			{
				"name": "bone73",
				"parent": "bone72",
				"pivot": [0, 5.5, 5.27792],
				"rotation": [23, 0, 0]
			},
			{
				"name": "bone74",
				"parent": "bone73",
				"pivot": [0, 5.5, 5.27792],
				"rotation": [0, -45, 0],
				"cubes": [
					{"origin": [-1, 9.5, 4.27792], "size": [2, 6, 2], "uv": [24, 54]}
				]
			},
			{
				"name": "bone75",
				"parent": "bone50",
				"pivot": [0, 5.5, 0],
				"rotation": [0, -240, 0]
			},
			{
				"name": "bone76",
				"parent": "bone75",
				"pivot": [0, 5.5, 5.27792],
				"rotation": [23, 0, 0]
			},
			{
				"name": "bone77",
				"parent": "bone76",
				"pivot": [0, 5.5, 5.27792],
				"rotation": [0, -45, 0],
				"cubes": [
					{"origin": [-1, 9.5, 4.27792], "size": [2, 6, 2], "uv": [16, 54]}
				]
			},
			{
				"name": "bone78",
				"parent": "bone50",
				"pivot": [0, 5.5, 0],
				"rotation": [0, -270, 0]
			},
			{
				"name": "bone79",
				"parent": "bone78",
				"pivot": [0, 5.5, 5.27792],
				"rotation": [23, 0, 0]
			},
			{
				"name": "bone80",
				"parent": "bone79",
				"pivot": [0, 5.5, 5.27792],
				"rotation": [0, -45, 0],
				"cubes": [
					{"origin": [-1, 9.5, 4.27792], "size": [2, 6, 2], "uv": [8, 54]}
				]
			},
			{
				"name": "bone81",
				"parent": "bone50",
				"pivot": [0, 5.5, 0],
				"rotation": [0, -300, 0]
			},
			{
				"name": "bone82",
				"parent": "bone81",
				"pivot": [0, 5.5, 5.27792],
				"rotation": [23, 0, 0]
			},
			{
				"name": "bone83",
				"parent": "bone82",
				"pivot": [0, 5.5, 5.27792],
				"rotation": [0, -45, 0],
				"cubes": [
					{"origin": [-1, 9.5, 4.27792], "size": [2, 6, 2], "uv": [0, 54]}
				]
			},
			{
				"name": "bone84",
				"parent": "bone50",
				"pivot": [0, 5.5, 0],
				"rotation": [0, -330, 0]
			},
			{
				"name": "bone85",
				"parent": "bone84",
				"pivot": [0, 5.5, 5.27792],
				"rotation": [23, 0, 0]
			},
			{
				"name": "bone86",
				"parent": "bone85",
				"pivot": [0, 5.5, 5.27792],
				"rotation": [0, -45, 0],
				"cubes": [
					{"origin": [-1, 9.5, 4.27792], "size": [2, 6, 2], "uv": [40, 46]}
				]
			},
			{
				"name": "bone",
				"parent": "bone87",
				"pivot": [0, 6.5, 0]
			},
			{
				"name": "bone2",
				"parent": "bone",
				"pivot": [0, 6.5, 0]
			},
			{
				"name": "bone3",
				"parent": "bone2",
				"pivot": [0, 6.5, 7.10973],
				"rotation": [45, 0, 0]
			},
			{
				"name": "bone4",
				"parent": "bone3",
				"pivot": [0, 6.5, 7.10973],
				"rotation": [0, -45, 0],
				"cubes": [
					{"origin": [-1, 9.5, 6.10973], "size": [2, 6, 2], "uv": [32, 46]}
				]
			},
			{
				"name": "bone5",
				"parent": "bone",
				"pivot": [0, 6.5, 0],
				"rotation": [0, -22.5, 0]
			},
			{
				"name": "bone6",
				"parent": "bone5",
				"pivot": [0, 6.5, 7.10973],
				"rotation": [45, 0, 0]
			},
			{
				"name": "bone7",
				"parent": "bone6",
				"pivot": [0, 6.5, 7.10973],
				"rotation": [0, -45, 0],
				"cubes": [
					{"origin": [-1, 9.5, 6.10973], "size": [2, 6, 2], "uv": [24, 46]}
				]
			},
			{
				"name": "bone8",
				"parent": "bone",
				"pivot": [0, 6.5, 0],
				"rotation": [0, -45, 0]
			},
			{
				"name": "bone9",
				"parent": "bone8",
				"pivot": [0, 6.5, 7.10973],
				"rotation": [45, 0, 0]
			},
			{
				"name": "bone10",
				"parent": "bone9",
				"pivot": [0, 6.5, 7.10973],
				"rotation": [0, -45, 0],
				"cubes": [
					{"origin": [-1, 9.5, 6.10973], "size": [2, 6, 2], "uv": [16, 46]}
				]
			},
			{
				"name": "bone11",
				"parent": "bone",
				"pivot": [0, 6.5, 0],
				"rotation": [0, -67.5, 0]
			},
			{
				"name": "bone12",
				"parent": "bone11",
				"pivot": [0, 6.5, 7.10973],
				"rotation": [45, 0, 0]
			},
			{
				"name": "bone13",
				"parent": "bone12",
				"pivot": [0, 6.5, 7.10973],
				"rotation": [0, -45, 0],
				"cubes": [
					{"origin": [-1, 9.5, 6.10973], "size": [2, 6, 2], "uv": [8, 46]}
				]
			},
			{
				"name": "bone14",
				"parent": "bone",
				"pivot": [0, 6.5, 0],
				"rotation": [0, -90, 0]
			},
			{
				"name": "bone15",
				"parent": "bone14",
				"pivot": [0, 6.5, 7.10973],
				"rotation": [45, 0, 0]
			},
			{
				"name": "bone16",
				"parent": "bone15",
				"pivot": [0, 6.5, 7.10973],
				"rotation": [0, -45, 0],
				"cubes": [
					{"origin": [-1, 9.5, 6.10973], "size": [2, 6, 2], "uv": [0, 46]}
				]
			},
			{
				"name": "bone17",
				"parent": "bone",
				"pivot": [0, 6.5, 0],
				"rotation": [0, -112.5, 0]
			},
			{
				"name": "bone18",
				"parent": "bone17",
				"pivot": [0, 6.5, 7.10973],
				"rotation": [45, 0, 0]
			},
			{
				"name": "bone19",
				"parent": "bone18",
				"pivot": [0, 6.5, 7.10973],
				"rotation": [0, -45, 0],
				"cubes": [
					{"origin": [-1, 9.5, 6.10973], "size": [2, 6, 2], "uv": [40, 38]}
				]
			},
			{
				"name": "bone20",
				"parent": "bone",
				"pivot": [0, 6.5, 0],
				"rotation": [0, -135, 0]
			},
			{
				"name": "bone21",
				"parent": "bone20",
				"pivot": [0, 6.5, 7.10973],
				"rotation": [45, 0, 0]
			},
			{
				"name": "bone22",
				"parent": "bone21",
				"pivot": [0, 6.5, 7.10973],
				"rotation": [0, -45, 0],
				"cubes": [
					{"origin": [-1, 9.5, 6.10973], "size": [2, 6, 2], "uv": [32, 38]}
				]
			},
			{
				"name": "bone23",
				"parent": "bone",
				"pivot": [0, 6.5, 0],
				"rotation": [0, -157.5, 0]
			},
			{
				"name": "bone24",
				"parent": "bone23",
				"pivot": [0, 6.5, 7.10973],
				"rotation": [45, 0, 0]
			},
			{
				"name": "bone25",
				"parent": "bone24",
				"pivot": [0, 6.5, 7.10973],
				"rotation": [0, -45, 0],
				"cubes": [
					{"origin": [-1, 9.5, 6.10973], "size": [2, 6, 2], "uv": [24, 38]}
				]
			},
			{
				"name": "bone26",
				"parent": "bone",
				"pivot": [0, 6.5, 0],
				"rotation": [0, -180, 0]
			},
			{
				"name": "bone27",
				"parent": "bone26",
				"pivot": [0, 6.5, 7.10973],
				"rotation": [45, 0, 0]
			},
			{
				"name": "bone28",
				"parent": "bone27",
				"pivot": [0, 6.5, 7.10973],
				"rotation": [0, -45, 0],
				"cubes": [
					{"origin": [-1, 9.5, 6.10973], "size": [2, 6, 2], "uv": [16, 38]}
				]
			},
			{
				"name": "bone29",
				"parent": "bone",
				"pivot": [0, 6.5, 0],
				"rotation": [0, -202.5, 0]
			},
			{
				"name": "bone30",
				"parent": "bone29",
				"pivot": [0, 6.5, 7.10973],
				"rotation": [45, 0, 0]
			},
			{
				"name": "bone31",
				"parent": "bone30",
				"pivot": [0, 6.5, 7.10973],
				"rotation": [0, -45, 0],
				"cubes": [
					{"origin": [-1, 9.5, 6.10973], "size": [2, 6, 2], "uv": [8, 38]}
				]
			},
			{
				"name": "bone32",
				"parent": "bone",
				"pivot": [0, 6.5, 0],
				"rotation": [0, -225, 0]
			},
			{
				"name": "bone33",
				"parent": "bone32",
				"pivot": [0, 6.5, 7.10973],
				"rotation": [45, 0, 0]
			},
			{
				"name": "bone34",
				"parent": "bone33",
				"pivot": [0, 6.5, 7.10973],
				"rotation": [0, -45, 0],
				"cubes": [
					{"origin": [-1, 9.5, 6.10973], "size": [2, 6, 2], "uv": [0, 38]}
				]
			},
			{
				"name": "bone35",
				"parent": "bone",
				"pivot": [0, 6.5, 0],
				"rotation": [0, -247.5, 0]
			},
			{
				"name": "bone36",
				"parent": "bone35",
				"pivot": [0, 6.5, 7.10973],
				"rotation": [45, 0, 0]
			},
			{
				"name": "bone37",
				"parent": "bone36",
				"pivot": [0, 6.5, 7.10973],
				"rotation": [0, -45, 0],
				"cubes": [
					{"origin": [-1, 9.5, 6.10973], "size": [2, 6, 2], "uv": [40, 28]}
				]
			},
			{
				"name": "bone38",
				"parent": "bone",
				"pivot": [0, 6.5, 0],
				"rotation": [0, -270, 0]
			},
			{
				"name": "bone39",
				"parent": "bone38",
				"pivot": [0, 6.5, 7.10973],
				"rotation": [45, 0, 0]
			},
			{
				"name": "bone40",
				"parent": "bone39",
				"pivot": [0, 6.5, 7.10973],
				"rotation": [0, -45, 0],
				"cubes": [
					{"origin": [-1, 9.5, 6.10973], "size": [2, 6, 2], "uv": [32, 28]}
				]
			},
			{
				"name": "bone41",
				"parent": "bone",
				"pivot": [0, 6.5, 0],
				"rotation": [0, -292.5, 0]
			},
			{
				"name": "bone42",
				"parent": "bone41",
				"pivot": [0, 6.5, 7.10973],
				"rotation": [45, 0, 0]
			},
			{
				"name": "bone43",
				"parent": "bone42",
				"pivot": [0, 6.5, 7.10973],
				"rotation": [0, -45, 0],
				"cubes": [
					{"origin": [-1, 9.5, 6.10973], "size": [2, 6, 2], "uv": [24, 28]}
				]
			},
			{
				"name": "bone44",
				"parent": "bone",
				"pivot": [0, 6.5, 0],
				"rotation": [0, -315, 0]
			},
			{
				"name": "bone45",
				"parent": "bone44",
				"pivot": [0, 6.5, 7.10973],
				"rotation": [45, 0, 0]
			},
			{
				"name": "bone46",
				"parent": "bone45",
				"pivot": [0, 6.5, 7.10973],
				"rotation": [0, -45, 0],
				"cubes": [
					{"origin": [-1, 9.5, 6.10973], "size": [2, 6, 2], "uv": [16, 28]}
				]
			},
			{
				"name": "bone47",
				"parent": "bone",
				"pivot": [0, 6.5, 0],
				"rotation": [0, -337.5, 0]
			},
			{
				"name": "bone48",
				"parent": "bone47",
				"pivot": [0, 6.5, 7.10973],
				"rotation": [45, 0, 0]
			},
			{
				"name": "bone49",
				"parent": "bone48",
				"pivot": [0, 6.5, 7.10973],
				"rotation": [0, -45, 0],
				"cubes": [
					{"origin": [-1, 9.5, 6.10973], "size": [2, 6, 2], "uv": [8, 28]}
				]
			},
			{
				"name": "op",
				"parent": "body",
				"pivot": [0, 13.749, -2.85]
			},
			{
				"name": "bone90",
				"parent": "op",
				"pivot": [0, 13.749, -2.85]
			},
			{
				"name": "bone88",
				"parent": "bone90",
				"pivot": [0, 13.749, -2.85],
				"rotation": [55, 0, 0],
				"cubes": [
					{"origin": [-2.999, 13.5936, -2.47758], "size": [6, 2, 2], "uv": [28, 16], "inflate": -0.001}
				]
			},
			{
				"name": "bone91",
				"parent": "bone88",
				"pivot": [-0.20611, 15.02283, -2.072],
				"rotation": [0, -45, 0],
				"cubes": [
					{"origin": [-0.95, 14.9426, -2.68178], "size": [1, 1, 2], "uv": [6, 94], "inflate": -0.25}
				]
			},
			{
				"name": "bone97",
				"parent": "bone91",
				"pivot": [-0.20611, 15.02283, -2.072],
				"rotation": [0, -30, 0],
				"cubes": [
					{"origin": [-0.38071, 14.9426, -1.33759], "size": [1, 1, 1], "uv": [36, 99], "inflate": -0.25}
				]
			},
			{
				"name": "bone92",
				"parent": "bone88",
				"pivot": [0.29389, 15.02283, -2.072],
				"rotation": [0, 45, 0],
				"cubes": [
					{"origin": [-0.02287, 14.9426, -2.74244], "size": [1, 1, 2], "uv": [0, 94], "inflate": -0.25}
				]
			},
			{
				"name": "bone98",
				"parent": "bone92",
				"pivot": [-0.20611, 15.02283, -2.072],
				"rotation": [0, 30, 0],
				"cubes": [
					{"origin": [-0.6207, 14.9426, -1.17045], "size": [1, 1, 1], "uv": [32, 99], "inflate": -0.25}
				]
			},
			{
				"name": "bone89",
				"parent": "bone90",
				"pivot": [0, 12.749, -2.85],
				"rotation": [45, 0, 0],
				"cubes": [
					{"origin": [-2.999, 13.33754, -2.09628], "size": [6, 2, 2], "uv": [12, 24], "inflate": -0.009}
				]
			},
			{
				"name": "bone93",
				"parent": "bone89",
				"pivot": [-0.499, 14.33754, -2.09628],
				"rotation": [0, 0, 30],
				"cubes": [
					{"origin": [-1.10894, 13.60708, -2.55868], "size": [1, 2, 1], "uv": [16, 99], "inflate": -0.25}
				]
			},
			{
				"name": "bone96",
				"parent": "bone93",
				"pivot": [-1.13606, 15.01988, -4.88711],
				"rotation": [-10, 0, 20],
				"cubes": [
					{"origin": [-0.7081, 12.9533, -2.50427], "size": [1, 2, 1], "uv": [12, 99], "inflate": -0.3}
				]
			},
			{
				"name": "bone100",
				"parent": "bone96",
				"pivot": [-2.58472, 13.11903, -3.29679],
				"rotation": [5, 0, 30],
				"cubes": [
					{"origin": [-1.36685, 13.02382, -2.50344], "size": [1, 2, 1], "uv": [8, 99], "inflate": -0.4}
				]
			},
			{
				"name": "bone94",
				"parent": "bone89",
				"pivot": [-0.499, 14.33754, -2.09628],
				"rotation": [0, 0, -30],
				"cubes": [
					{"origin": [-0.02304, 13.10708, -2.55868], "size": [1, 2, 1], "uv": [4, 99], "inflate": -0.25}
				]
			},
			{
				"name": "bone95",
				"parent": "bone94",
				"pivot": [-0.42896, 13.79514, -3.4729],
				"rotation": [-10, 0, -20],
				"cubes": [
					{"origin": [-0.26242, 11.67099, -2.51593], "size": [1, 2, 1], "uv": [0, 99], "inflate": -0.3}
				]
			},
			{
				"name": "bone99",
				"parent": "bone95",
				"pivot": [0.41528, 13.11903, -3.29679],
				"rotation": [5, 0, -30],
				"cubes": [
					{"origin": [-0.53943, 10.82327, -2.70767], "size": [1, 2, 1], "uv": [44, 94], "inflate": -0.4}
				]
			},
			{
				"name": "legLeft",
				"pivot": [2, 9, 0],
				"cubes": [
					{"origin": [0.249, 0, -1.5], "size": [3, 9, 3], "uv": [0, 16]}
				]
			},
			{
				"name": "legRight",
				"pivot": [-2, 9, 0],
				"cubes": [
					{"origin": [-3.249, 0, -1.5], "size": [3, 9, 3], "uv": [56, 0]}
				]
			}
		]
	}
}