{
	"format_version": "1.10.0",
	"geometry.model": {
		"texturewidth": 112,
		"textureheight": 112,
		"visible_bounds_width": 2,
		"visible_bounds_height": 2,
		"visible_bounds_offset": [0, 1, 0],
		"bones": [
			{
				"name": "head",
				"pivot": [0, 18, 0],
				"cubes": [
					{"origin": [-4, 18, -4], "size": [8, 8, 8], "uv": [0, 0]}
				]
			},
			{
				"name": "bone121",
				"parent": "head",
				"pivot": [0, 0, 0]
			},
			{
				"name": "bone123",
				"parent": "bone121",
				"pivot": [0, 0, 0.5]
			},
			{
				"name": "bone122",
				"parent": "bone123",
				"pivot": [-1, 24.25, -4],
				"rotation": [0, 0, 5],
				"cubes": [
					{"origin": [-0.5, 22.25, -4.5], "size": [1, 4, 1], "uv": [12, 84]}
				]
			},
			{
				"name": "bone193",
				"parent": "bone123",
				"pivot": [-0.75, 23.75, -4.25],
				"rotation": [0, 0, -40],
				"cubes": [
					{"origin": [-0.4107, 23.55849, -4.55], "size": [1, 2, 1], "uv": [40, 96]}
				]
			},
			{
				"name": "bone194",
				"parent": "bone123",
				"pivot": [-0.75, 21.75, -4.25],
				"rotation": [0, 0, -60],
				"cubes": [
					{"origin": [1.23539, 20.45399, -4.55], "size": [1, 2, 1], "uv": [36, 96]}
				]
			},
			{
				"name": "bone126",
				"parent": "bone123",
				"pivot": [0, 24.25, -4],
				"rotation": [0, 0, 10],
				"cubes": [
					{"origin": [0.33517, 22.19947, -4.49], "size": [1, 4, 1], "uv": [50, 79]}
				]
			},
			{
				"name": "bone125",
				"parent": "bone123",
				"pivot": [1.25, 23.75, -4],
				"rotation": [0, 0, -25],
				"cubes": [
					{"origin": [1.75, 21.75, -4.5], "size": [2, 4, 1], "uv": [24, 74]}
				]
			},
			{
				"name": "bone133",
				"parent": "bone123",
				"pivot": [2.75, 24, -4],
				"rotation": [0, 0, -10],
				"cubes": [
					{"origin": [3.25, 22, -4.5001], "size": [1, 4, 1], "uv": [42, 79]}
				]
			},
			{
				"name": "bone124",
				"parent": "bone123",
				"pivot": [-2, 24.25, -4],
				"rotation": [0, 0, 20],
				"cubes": [
					{"origin": [-1.58551, 22.48492, -4.5], "size": [1, 4, 1], "uv": [8, 84]}
				]
			},
			{
				"name": "bone129",
				"parent": "bone123",
				"pivot": [-2, 24.25, -4],
				"rotation": [0, 0, 15],
				"cubes": [
					{"origin": [-2.3923, 22.44029, -4.49], "size": [1, 4, 1], "uv": [46, 79]}
				]
			},
			{
				"name": "bone127",
				"parent": "bone123",
				"pivot": [-4, 24.25, -4],
				"rotation": [0, 0, 15],
				"cubes": [
					{"origin": [-3.29259, 22.57352, -4.5], "size": [1, 4, 1], "uv": [4, 84]}
				]
			},
			{
				"name": "bone128",
				"parent": "bone123",
				"pivot": [-5, 24.25, -4],
				"rotation": [0, 0, 5],
				"cubes": [
					{"origin": [-4.01419, 22.30335, -4.5001], "size": [1, 4, 1], "uv": [0, 84]}
				]
			},
			{
				"name": "bone130",
				"parent": "bone123",
				"pivot": [-5, 19.25, -4],
				"cubes": [
					{"origin": [-4.1876, 20.22484, -4.5001], "size": [1, 2, 1], "uv": [0, 99]}
				]
			},
			{
				"name": "bone134",
				"parent": "bone123",
				"pivot": [-2, 19.25, -4],
				"cubes": [
					{"origin": [3.57451, 20.29086, -4.5001], "size": [1, 2, 1], "uv": [56, 96]}
				]
			},
			{
				"name": "bone131",
				"parent": "bone123",
				"pivot": [-5, 17.25, -4],
				"rotation": [0, 0, -5],
				"cubes": [
					{"origin": [-3.93142, 18.14271, -4.5001], "size": [1, 2, 1], "uv": [60, 96]}
				]
			},
			{
				"name": "bone136",
				"parent": "bone123",
				"pivot": [-5, 15.25, -4],
				"rotation": [0, 0, -10],
				"cubes": [
					{"origin": [-3.51038, 16.0158, -4.5001], "size": [1, 2, 1], "uv": [48, 96]}
				]
			},
			{
				"name": "bone135",
				"parent": "bone123",
				"pivot": [0, 17.25, -4],
				"rotation": [0, 0, 5],
				"cubes": [
					{"origin": [3.29207, 18.67798, -4.5001], "size": [1, 2, 1], "uv": [52, 96]}
				]
			},
			{
				"name": "bone132",
				"parent": "bone123",
				"pivot": [0, 14.25, -4],
				"rotation": [0, 0, 10],
				"cubes": [
					{"origin": [2.63034, 17.00105, -4.5001], "size": [1, 2, 1], "uv": [44, 96]}
				]
			},
			{
				"name": "bone137",
				"parent": "bone121",
				"pivot": [0, 0, 0],
				"cubes": [
					{"origin": [3.5, 19, -3.5], "size": [1, 3, 7], "uv": [0, 16]},
					{"origin": [-4.5, 19, -3.5], "size": [1, 3, 7], "uv": [56, 0]},
					{"origin": [-3.5, 19, 3.5], "size": [7, 2, 1], "uv": [12, 36]}
				]
			},
			{
				"name": "bone138",
				"parent": "bone121",
				"pivot": [0, -1, 0]
			},
			{
				"name": "bone139",
				"parent": "bone138",
				"pivot": [5.25, 21.75, 5],
				"rotation": [90, -10, 0]
			},
			{
				"name": "bone140",
				"parent": "bone139",
				"pivot": [5.25, 21.75, 5],
				"cubes": [
					{"origin": [4.70659, 21.9962, 6.01367], "size": [1, 1, 1], "uv": [12, 104]}
				]
			},
			{
				"name": "bone141",
				"parent": "bone139",
				"pivot": [5.25, 21.75, 5],
				"rotation": [0, -22.5, 0],
				"cubes": [
					{"origin": [4.51855, 21.9962, 6.06834], "size": [1, 1, 1], "uv": [8, 104]}
				]
			},
			{
				"name": "bone142",
				"parent": "bone139",
				"pivot": [5.25, 21.75, 5],
				"rotation": [0, -40, 0],
				"cubes": [
					{"origin": [3.17437, 21.9962, 6.19256], "size": [2, 1, 1], "uv": [36, 91]}
				]
			},
			{
				"name": "bone143",
				"parent": "bone139",
				"pivot": [5.25, 21.75, 5],
				"rotation": [0, -57.5, 0],
				"cubes": [
					{"origin": [2.92975, 21.9962, 6.71524], "size": [1, 1, 1], "uv": [4, 104]}
				]
			},
			{
				"name": "bone146",
				"parent": "bone139",
				"pivot": [5.25, 21.75, 5],
				"rotation": [0, -145, 0],
				"cubes": [
					{"origin": [4.94286, 21.9962, 6.99678], "size": [1, 1, 1], "uv": [0, 104]}
				]
			},
			{
				"name": "bone147",
				"parent": "bone139",
				"pivot": [5.25, 21.75, 5],
				"rotation": [0, -157.5, 0],
				"cubes": [
					{"origin": [4.59877, 21.9962, 6.99222], "size": [1, 1, 1], "uv": [60, 102]}
				]
			},
			{
				"name": "bone148",
				"parent": "bone139",
				"pivot": [5.25, 21.75, 5],
				"rotation": [0, -180, 0],
				"cubes": [
					{"origin": [4.79341, 21.9962, 7.01367], "size": [1, 1, 1], "uv": [56, 102]}
				]
			},
			{
				"name": "bone149",
				"parent": "bone139",
				"pivot": [5.25, 21.75, 5],
				"rotation": [0, -202.5, 0],
				"cubes": [
					{"origin": [4.98145, 21.9962, 6.959], "size": [1, 1, 1], "uv": [52, 102]}
				]
			},
			{
				"name": "bone150",
				"parent": "bone139",
				"pivot": [5.25, 21.75, 5],
				"rotation": [0, -225, 0],
				"cubes": [
					{"origin": [5.13425, 21.9962, 6.83653], "size": [1, 1, 1], "uv": [48, 102]}
				]
			},
			{
				"name": "bone151",
				"parent": "bone139",
				"pivot": [5.25, 21.75, 5],
				"rotation": [0, -247.5, 0],
				"cubes": [
					{"origin": [5.22855, 21.9962, 6.6649], "size": [1, 1, 1], "uv": [44, 102]}
				]
			},
			{
				"name": "bone152",
				"parent": "bone139",
				"pivot": [5.25, 21.75, 5],
				"rotation": [0, -270, 0],
				"cubes": [
					{"origin": [5.25, 21.9962, 6.47026], "size": [1, 1, 1], "uv": [40, 102]}
				]
			},
			{
				"name": "bone153",
				"parent": "bone139",
				"pivot": [5.25, 21.75, 5],
				"rotation": [0, -292.5, 0],
				"cubes": [
					{"origin": [5.19533, 21.9962, 6.28222], "size": [1, 1, 1], "uv": [36, 102]}
				]
			},
			{
				"name": "bone154",
				"parent": "bone139",
				"pivot": [5.25, 21.75, 5],
				"rotation": [0, -315, 0],
				"cubes": [
					{"origin": [5.07286, 21.9962, 6.12942], "size": [1, 1, 1], "uv": [32, 102]}
				]
			},
			{
				"name": "bone155",
				"parent": "bone139",
				"pivot": [5.25, 21.75, 5],
				"rotation": [0, -337.5, 0],
				"cubes": [
					{"origin": [4.90123, 21.9962, 6.03512], "size": [1, 1, 1], "uv": [28, 102]}
				]
			},
			{
				"name": "bone156",
				"parent": "bone138",
				"pivot": [-5.25, 21.75, 5],
				"rotation": [90, 10, 0]
			},
			{
				"name": "bone157",
				"parent": "bone156",
				"pivot": [-5.25, 21.75, 5],
				"cubes": [
					{"origin": [-5.70659, 21.9962, 6.01367], "size": [1, 1, 1], "uv": [24, 102]}
				]
			},
			{
				"name": "bone158",
				"parent": "bone156",
				"pivot": [-5.25, 21.75, 5],
				"rotation": [0, -22.5, 0],
				"cubes": [
					{"origin": [-5.90123, 21.9962, 6.03512], "size": [1, 1, 1], "uv": [20, 102]}
				]
			},
			{
				"name": "bone159",
				"parent": "bone156",
				"pivot": [-5.25, 21.75, 5],
				"rotation": [0, -45, 0],
				"cubes": [
					{"origin": [-6.07286, 21.9962, 6.12942], "size": [1, 1, 1], "uv": [16, 102]}
				]
			},
			{
				"name": "bone160",
				"parent": "bone156",
				"pivot": [-5.25, 21.75, 5],
				"rotation": [0, -67.5, 0],
				"cubes": [
					{"origin": [-6.19533, 21.9962, 6.28222], "size": [1, 1, 1], "uv": [12, 102]}
				]
			},
			{
				"name": "bone161",
				"parent": "bone156",
				"pivot": [-5.25, 21.75, 5],
				"rotation": [0, -90, 0],
				"cubes": [
					{"origin": [-6.25, 21.9962, 6.47026], "size": [1, 1, 1], "uv": [8, 102]}
				]
			},
			{
				"name": "bone162",
				"parent": "bone156",
				"pivot": [-5.25, 21.75, 5],
				"rotation": [0, -112.5, 0],
				"cubes": [
					{"origin": [-6.22855, 21.9962, 6.6649], "size": [1, 1, 1], "uv": [4, 102]}
				]
			},
			{
				"name": "bone163",
				"parent": "bone156",
				"pivot": [-5.25, 21.75, 5],
				"rotation": [0, -135, 0],
				"cubes": [
					{"origin": [-6.13425, 21.9962, 6.83653], "size": [1, 1, 1], "uv": [0, 102]}
				]
			},
			{
				"name": "bone164",
				"parent": "bone156",
				"pivot": [-5.25, 21.75, 5],
				"rotation": [0, -157.5, 0],
				"cubes": [
					{"origin": [-5.98145, 21.9962, 6.959], "size": [1, 1, 1], "uv": [56, 99]}
				]
			},
			{
				"name": "bone165",
				"parent": "bone156",
				"pivot": [-5.25, 21.75, 5],
				"rotation": [0, -180, 0],
				"cubes": [
					{"origin": [-5.79341, 21.9962, 7.01367], "size": [1, 1, 1], "uv": [52, 99]}
				]
			},
			{
				"name": "bone166",
				"parent": "bone156",
				"pivot": [-5.25, 21.75, 5],
				"rotation": [0, -202.5, 0],
				"cubes": [
					{"origin": [-5.59877, 21.9962, 6.99222], "size": [1, 1, 1], "uv": [48, 99]}
				]
			},
			{
				"name": "bone167",
				"parent": "bone156",
				"pivot": [-5.25, 21.75, 5],
				"rotation": [0, 145, 0],
				"cubes": [
					{"origin": [-5.94286, 21.9962, 6.99678], "size": [1, 1, 1], "uv": [44, 99]}
				]
			},
			{
				"name": "bone170",
				"parent": "bone156",
				"pivot": [-5.25, 21.75, 5],
				"rotation": [0, 57.5, 0],
				"cubes": [
					{"origin": [-3.92975, 21.9962, 6.71524], "size": [1, 1, 1], "uv": [40, 99]}
				]
			},
			{
				"name": "bone171",
				"parent": "bone156",
				"pivot": [-5.25, 21.75, 5],
				"rotation": [0, 40, 0],
				"cubes": [
					{"origin": [-5.17437, 21.9962, 6.19256], "size": [2, 1, 1], "uv": [36, 89]}
				]
			},
			{
				"name": "bone172",
				"parent": "bone156",
				"pivot": [-5.25, 21.75, 5],
				"rotation": [0, -337.5, 0],
				"cubes": [
					{"origin": [-5.51855, 21.9962, 6.06834], "size": [1, 1, 1], "uv": [36, 99]}
				]
			},
			{
				"name": "bone173",
				"parent": "bone138",
				"pivot": [-0.75, -1, 0]
			},
			{
				"name": "bone174",
				"parent": "bone173",
				"pivot": [4.25, 23, 3.5],
				"rotation": [0, 10, -50],
				"cubes": [
					{"origin": [3.25, 22, 3], "size": [3, 2, 1], "uv": [16, 74]}
				]
			},
			{
				"name": "bone175",
				"parent": "bone173",
				"pivot": [4, 23, 3.75],
				"rotation": [0, 10, 70],
				"cubes": [
					{"origin": [4, 22, 3.25], "size": [2, 2, 1], "uv": [36, 79]}
				]
			},
			{
				"name": "bone176",
				"parent": "bone138",
				"pivot": [-9.75, -1, 0]
			},
			{
				"name": "bone177",
				"parent": "bone176",
				"pivot": [-4.95, 23, 3],
				"rotation": [0, -10, 50],
				"cubes": [
					{"origin": [-6.66099, 22.64279, 2.87922], "size": [3, 2, 1], "uv": [16, 74], "mirror": true}
				]
			},
			{
				"name": "bone178",
				"parent": "bone176",
				"pivot": [-5, 22, 3.75],
				"rotation": [0, -10, -70],
				"cubes": [
					{"origin": [-5.88462, 20.42306, 2.82577], "size": [2, 2, 1], "uv": [36, 79], "mirror": true}
				]
			},
			{
				"name": "bone145",
				"parent": "bone138",
				"pivot": [-1, 0, -4],
				"rotation": [0, 50, 0]
			},
			{
				"name": "bone144",
				"parent": "bone145",
				"pivot": [-4.5, 21.5, 4.75],
				"rotation": [40, 10, 0],
				"cubes": [
					{"origin": [-5.44899, 21.21407, 3.49489], "size": [1, 1, 1], "uv": [32, 99]}
				]
			},
			{
				"name": "bone168",
				"parent": "bone145",
				"pivot": [-4.5, 21.5, 5.75],
				"rotation": [5, 10, 0],
				"cubes": [
					{"origin": [-5.27534, 21.02443, 4.15039], "size": [1, 1, 1], "uv": [28, 99]}
				]
			},
			{
				"name": "bone169",
				"parent": "bone145",
				"pivot": [-4.5, 21.5, 5.75],
				"rotation": [-35, 10, 0],
				"cubes": [
					{"origin": [-5.27534, 20.51632, 4.95358], "size": [1, 1, 1], "uv": [24, 99]}
				]
			},
			{
				"name": "bone179",
				"parent": "bone145",
				"pivot": [-4.5, 20.5, 5.75],
				"rotation": [-70, 10, 0],
				"cubes": [
					{"origin": [-5.27534, 19.97215, 4.96771], "size": [1, 1, 2], "uv": [24, 79]}
				]
			},
			{
				"name": "bone180",
				"parent": "bone145",
				"pivot": [-4.5, 19.5, 5.75],
				"rotation": [-100, 10, 0],
				"cubes": [
					{"origin": [-5.27534, 19.3441, 5.58368], "size": [1, 1, 3], "uv": [0, 74]}
				]
			},
			{
				"name": "bone181",
				"parent": "bone145",
				"pivot": [-4.5, 16.5, 5.75],
				"rotation": [-90, 10, 0],
				"cubes": [
					{"origin": [-5.27534, 15.85441, 5.51356], "size": [1, 1, 7], "uv": [32, 16]}
				]
			},
			{
				"name": "bone182",
				"parent": "bone145",
				"pivot": [-4.5, 8.5, 5.75],
				"rotation": [-80, 10, 0],
				"cubes": [
					{"origin": [-5.27534, 8.07892, 4.42024], "size": [1, 1, 3], "uv": [40, 66]}
				]
			},
			{
				"name": "bone183",
				"parent": "bone145",
				"pivot": [-4.5, 8.5, 5.75],
				"rotation": [-55, 10, 0],
				"cubes": [
					{"origin": [-5.27534, 7.4125, 7.08579], "size": [1, 1, 1], "uv": [20, 99]}
				]
			},
			{
				"name": "bone184",
				"parent": "bone138",
				"pivot": [2, 0, 8],
				"rotation": [0, -70, 0]
			},
			{
				"name": "bone185",
				"parent": "bone184",
				"pivot": [-2.5, 21.5, 11.75],
				"rotation": [40, 10, 0],
				"cubes": [
					{"origin": [-3.44899, 21.21407, 10.49489], "size": [1, 1, 1], "uv": [16, 99]}
				]
			},
			{
				"name": "bone186",
				"parent": "bone184",
				"pivot": [-2.5, 21.5, 12.75],
				"rotation": [5, 10, 0],
				"cubes": [
					{"origin": [-3.27534, 21.02443, 11.15039], "size": [1, 1, 1], "uv": [12, 99]}
				]
			},
			{
				"name": "bone187",
				"parent": "bone184",
				"pivot": [-2.5, 21.5, 12.75],
				"rotation": [-35, 10, 0],
				"cubes": [
					{"origin": [-3.27534, 20.51632, 11.95358], "size": [1, 1, 1], "uv": [8, 99]}
				]
			},
			{
				"name": "bone188",
				"parent": "bone184",
				"pivot": [-2.5, 20.5, 12.75],
				"rotation": [-70, 10, 0],
				"cubes": [
					{"origin": [-3.27534, 19.97215, 11.96771], "size": [1, 1, 2], "uv": [18, 79]}
				]
			},
			{
				"name": "bone189",
				"parent": "bone184",
				"pivot": [-2.5, 19.5, 12.75],
				"rotation": [-100, 10, 0],
				"cubes": [
					{"origin": [-3.27534, 19.3441, 12.58368], "size": [1, 1, 3], "uv": [32, 70]}
				]
			},
			{
				"name": "bone190",
				"parent": "bone184",
				"pivot": [-2.5, 16.5, 12.75],
				"rotation": [-90, 10, 0],
				"cubes": [
					{"origin": [-3.27534, 15.85441, 12.51356], "size": [1, 1, 7], "uv": [16, 16]}
				]
			},
			{
				"name": "bone191",
				"parent": "bone184",
				"pivot": [-2.5, 8.5, 12.75],
				"rotation": [-80, 10, 0],
				"cubes": [
					{"origin": [-3.27534, 8.07892, 11.42024], "size": [1, 1, 3], "uv": [32, 66]}
				]
			},
			{
				"name": "bone192",
				"parent": "bone184",
				"pivot": [-2.5, 8.5, 12.75],
				"rotation": [-55, 10, 0],
				"cubes": [
					{"origin": [-3.27534, 7.4125, 14.08579], "size": [1, 1, 1], "uv": [4, 99]}
				]
			},
			{
				"name": "blink",
				"parent": "head",
				"pivot": [0, 18, 0],
				"cubes": [
					{"origin": [-4, 18, -4.001], "size": [8, 8, 0], "uv": [12, 28]}
				]
			},
			{
				"name": "armRight",
				"pivot": [-2, 17.5, 0],
				"rotation": [0, 0, 25],
				"cubes": [
					{"origin": [-4, 8.5, -1], "size": [2, 8, 2], "uv": [32, 40]}
				]
			},
			{
				"name": "armLeft",
				"pivot": [2, 17.5, 0],
				"rotation": [0, 0, -25],
				"cubes": [
					{"origin": [2, 8.5, -1], "size": [2, 8, 2], "uv": [24, 40]}
				]
			},
			{
				"name": "body",
				"pivot": [0, 10.5, 0],
				"cubes": [
					{"origin": [-3, 8.999, -3], "size": [6, 9, 6], "uv": [32, 0]}
				]
			},
			{
				"name": "bone58",
				"parent": "body",
				"pivot": [0, 0, 0]
			},
			{
				"name": "bone57",
				"parent": "bone58",
				"pivot": [0, 10.5, 0]
			},
			{
				"name": "bone54",
				"parent": "bone57",
				"pivot": [0, 15.999, -2.15],
				"rotation": [110, 0, 0],
				"cubes": [
					{"origin": [-3, 16.12964, -3.08428], "size": [6, 1, 1], "uv": [40, 40], "inflate": -0.001}
				]
			},
			{
				"name": "bone53",
				"parent": "bone57",
				"pivot": [0, 15.999, -2.15],
				"rotation": [75, 0, 0],
				"cubes": [
					{"origin": [-3, 15.96247, -2.74592], "size": [6, 1, 1], "uv": [40, 42], "inflate": -0.001}
				]
			},
			{
				"name": "bone195",
				"parent": "bone53",
				"pivot": [0.5, -0.1, 1.95],
				"cubes": [
					{"origin": [-0.75, 16.47484, -3.29236], "size": [1, 1, 3], "uv": [106, 0], "inflate": -0.45},
					{"origin": [-0.5, 16.47484, -3.29236], "size": [1, 1, 3], "uv": [106, 0], "inflate": -0.45},
					{"origin": [-0.25, 16.47484, -3.29236], "size": [1, 1, 3], "uv": [106, 0], "inflate": -0.45}
				]
			},
			{
				"name": "bone196",
				"parent": "bone58",
				"pivot": [0, 16.87484, -2.99236],
				"rotation": [90, 0, 0],
				"cubes": [
					{"origin": [-0.75, 16.37484, -4.49236], "size": [1, 1, 3], "uv": [106, 0], "inflate": -0.45},
					{"origin": [-0.5, 16.37484, -4.49236], "size": [1, 1, 3], "uv": [106, 0], "inflate": -0.45},
					{"origin": [-0.25, 16.37484, -4.49236], "size": [1, 1, 3], "uv": [106, 0], "inflate": -0.45}
				]
			},
			{
				"name": "bone62",
				"parent": "bone58",
				"pivot": [0, 0, 0]
			},
			{
				"name": "bone61",
				"parent": "bone62",
				"pivot": [0, 0, 0],
				"cubes": [
					{"origin": [-0.5, 17.099, -3.35], "size": [1, 1, 1], "uv": [40, 104], "inflate": -0.15}
				]
			},
			{
				"name": "bone65",
				"parent": "bone62",
				"pivot": [-0.25, 17.499, -2.55],
				"rotation": [0, 0, 20],
				"cubes": [
					{"origin": [-1.04928, 17.17847, -3.2501], "size": [2, 1, 1], "uv": [30, 96], "inflate": -0.15}
				]
			},
			{
				"name": "bone101",
				"parent": "bone62",
				"pivot": [0.25, 17.249, -2.65],
				"rotation": [0, 0, 70],
				"cubes": [
					{"origin": [-0.85261, 16.82604, -3.35], "size": [2, 1, 1], "uv": [18, 96], "inflate": -0.25}
				]
			},
			{
				"name": "bone102",
				"parent": "bone62",
				"pivot": [-0.15, 16.849, -2.65],
				"rotation": [0, 0, -70],
				"cubes": [
					{"origin": [-0.71436, 16.61398, -3.3501], "size": [2, 1, 1], "uv": [12, 96], "inflate": -0.25}
				]
			},
			{
				"name": "bone66",
				"parent": "bone62",
				"pivot": [-0.25, 17.499, -2.55],
				"rotation": [0, 0, -20],
				"cubes": [
					{"origin": [-0.98087, 17.00746, -3.25], "size": [2, 1, 1], "uv": [24, 96], "inflate": -0.15}
				]
			},
			{
				"name": "bone107",
				"parent": "bone58",
				"pivot": [0, -1.5, -1.5],
				"rotation": [0, 70, 20]
			},
			{
				"name": "bone109",
				"parent": "bone107",
				"pivot": [-2.21985, 11.249, -8.12899],
				"rotation": [0, 0, 10],
				"cubes": [
					{"origin": [-3.12796, 11.04294, -9.76868], "size": [2, 1, 1], "uv": [66, 94], "inflate": -0.15}
				]
			},
			{
				"name": "bone114",
				"parent": "bone107",
				"pivot": [-2.21985, 11.249, -8.12899],
				"rotation": [0, 0, -10],
				"cubes": [
					{"origin": [-2.13992, 10.83632, -9.76868], "size": [2, 1, 1], "uv": [36, 94], "inflate": -0.15}
				]
			},
			{
				"name": "bone110",
				"parent": "bone107",
				"pivot": [-1.25, 10.749, -8.4],
				"rotation": [0, 0, 70],
				"cubes": [
					{"origin": [-2.03072, 10.25107, -9.78969], "size": [2, 1, 1], "uv": [60, 94], "inflate": -0.25}
				]
			},
			{
				"name": "bone111",
				"parent": "bone107",
				"pivot": [-1.65, 10.349, -8.4],
				"rotation": [0, 0, -70],
				"cubes": [
					{"origin": [-2.59641, 10.27088, -9.78969], "size": [2, 1, 1], "uv": [54, 94], "inflate": -0.25}
				]
			},
			{
				"name": "bone112",
				"parent": "bone107",
				"pivot": [-1.75, 10.999, -8.3],
				"rotation": [0, 0, -20],
				"cubes": [
					{"origin": [-2.90709, 11.00013, -9.76868], "size": [2, 1, 1], "uv": [48, 94], "inflate": -0.15}
				]
			},
			{
				"name": "bone113",
				"parent": "bone107",
				"pivot": [-0.81031, 10.999, -8.64202],
				"rotation": [0, 0, 20],
				"cubes": [
					{"origin": [-2.30113, 10.76431, -9.76868], "size": [2, 1, 1], "uv": [42, 94], "inflate": -0.15}
				]
			},
			{
				"name": "bone108",
				"parent": "bone58",
				"pivot": [1, -1.25, 1.5],
				"rotation": [0, -70, -20]
			},
			{
				"name": "bone115",
				"parent": "bone108",
				"pivot": [-1.21985, 11.499, -5.12899],
				"rotation": [0, 0, 10],
				"cubes": [
					{"origin": [-2.12796, 11.29294, -6.76868], "size": [2, 1, 1], "uv": [30, 94], "inflate": -0.15}
				]
			},
			{
				"name": "bone116",
				"parent": "bone108",
				"pivot": [-1.21985, 11.499, -5.12899],
				"rotation": [0, 0, -10],
				"cubes": [
					{"origin": [-1.13992, 11.08632, -6.76868], "size": [2, 1, 1], "uv": [24, 94], "inflate": -0.15}
				]
			},
			{
				"name": "bone117",
				"parent": "bone108",
				"pivot": [-0.25, 10.999, -5.4],
				"rotation": [0, 0, 70],
				"cubes": [
					{"origin": [-1.03072, 10.50107, -6.78969], "size": [2, 1, 1], "uv": [18, 94], "inflate": -0.25}
				]
			},
			{
				"name": "bone118",
				"parent": "bone108",
				"pivot": [-0.65, 10.599, -5.4],
				"rotation": [0, 0, -70],
				"cubes": [
					{"origin": [-1.59641, 10.52088, -6.78969], "size": [2, 1, 1], "uv": [12, 94], "inflate": -0.25}
				]
			},
			{
				"name": "bone119",
				"parent": "bone108",
				"pivot": [-0.75, 11.249, -5.3],
				"rotation": [0, 0, -20],
				"cubes": [
					{"origin": [-1.90709, 11.25013, -6.76868], "size": [2, 1, 1], "uv": [6, 94], "inflate": -0.15}
				]
			},
			{
				"name": "bone120",
				"parent": "bone108",
				"pivot": [0.18969, 11.249, -5.64202],
				"rotation": [0, 0, 20],
				"cubes": [
					{"origin": [-1.30113, 11.01431, -6.76868], "size": [2, 1, 1], "uv": [0, 94], "inflate": -0.15}
				]
			},
			{
				"name": "bone104",
				"parent": "bone58",
				"pivot": [0, 0, 0]
			},
			{
				"name": "bone103",
				"parent": "bone104",
				"pivot": [-0.25, 14.499, -2.8],
				"rotation": [0, 0, 20],
				"cubes": [
					{"origin": [-1.16484, 14.93455, -3.5], "size": [2, 1, 1], "uv": [6, 96], "inflate": -0.3}
				]
			},
			{
				"name": "bone105",
				"parent": "bone104",
				"pivot": [-0.25, 14.499, -2.8],
				"rotation": [0, 0, -20],
				"cubes": [
					{"origin": [-0.84407, 14.74229, -3.5], "size": [2, 1, 1], "uv": [0, 96], "inflate": -0.3}
				]
			},
			{
				"name": "bone106",
				"parent": "bone58",
				"pivot": [0, 0, 0],
				"cubes": [
					{"origin": [-1.25, 14.25, -3.5], "size": [1, 1, 1], "uv": [36, 104], "inflate": -0.35},
					{"origin": [0.25, 14.25, -3.5], "size": [1, 1, 1], "uv": [20, 104], "inflate": -0.35},
					{"origin": [-1.25, 13.4, -3.5], "size": [1, 1, 1], "uv": [32, 104], "inflate": -0.35},
					{"origin": [0.25, 13.4, -3.5], "size": [1, 1, 1], "uv": [24, 104], "inflate": -0.35},
					{"origin": [-1.25, 12.5, -3.5], "size": [1, 1, 1], "uv": [28, 104], "inflate": -0.35},
					{"origin": [0.25, 12.5, -3.5], "size": [1, 1, 1], "uv": [16, 104], "inflate": -0.35}
				]
			},
			{
				"name": "bone67",
				"parent": "body",
				"pivot": [0, 10.5, 0]
			},
			{
				"name": "bone",
				"parent": "bone67",
				"pivot": [0, 16.5, 0]
			},
			{
				"name": "bone2",
				"parent": "bone",
				"pivot": [0, 6, 0]
			},
			{
				"name": "bone3",
				"parent": "bone2",
				"pivot": [0, 6, 7.10973],
				"rotation": [45, 0, 0]
			},
			{
				"name": "bone4",
				"parent": "bone3",
				"pivot": [0, 6, 7.10973],
				"rotation": [0, -45, 0],
				"cubes": [
					{"origin": [-1, 8, 6.10973], "size": [2, 6, 2], "uv": [24, 66]}
				]
			},
			{
				"name": "bone5",
				"parent": "bone",
				"pivot": [0, 6, 0],
				"rotation": [0, -22.5, 0]
			},
			{
				"name": "bone6",
				"parent": "bone5",
				"pivot": [0, 6, 7.10973],
				"rotation": [45, 0, 0]
			},
			{
				"name": "bone7",
				"parent": "bone6",
				"pivot": [0, 6, 7.10973],
				"rotation": [0, -45, 0],
				"cubes": [
					{"origin": [-1, 8, 6.10973], "size": [2, 6, 2], "uv": [16, 66]}
				]
			},
			{
				"name": "bone8",
				"parent": "bone",
				"pivot": [0, 6, 0],
				"rotation": [0, -45, 0]
			},
			{
				"name": "bone9",
				"parent": "bone8",
				"pivot": [0, 6, 7.10973],
				"rotation": [45, 0, 0]
			},
			{
				"name": "bone10",
				"parent": "bone9",
				"pivot": [0, 6, 7.10973],
				"rotation": [0, -45, 0],
				"cubes": [
					{"origin": [-1, 8, 6.10973], "size": [2, 6, 2], "uv": [8, 66]}
				]
			},
			{
				"name": "bone11",
				"parent": "bone",
				"pivot": [0, 6, 0],
				"rotation": [0, -67.5, 0]
			},
			{
				"name": "bone12",
				"parent": "bone11",
				"pivot": [0, 6, 7.10973],
				"rotation": [45, 0, 0]
			},
			{
				"name": "bone13",
				"parent": "bone12",
				"pivot": [0, 6, 7.10973],
				"rotation": [0, -45, 0],
				"cubes": [
					{"origin": [-1, 8, 6.10973], "size": [2, 6, 2], "uv": [0, 66]}
				]
			},
			{
				"name": "bone14",
				"parent": "bone",
				"pivot": [0, 6, 0],
				"rotation": [0, -90, 0]
			},
			{
				"name": "bone15",
				"parent": "bone14",
				"pivot": [0, 6, 7.10973],
				"rotation": [45, 0, 0]
			},
			{
				"name": "bone16",
				"parent": "bone15",
				"pivot": [0, 6, 7.10973],
				"rotation": [0, -45, 0],
				"cubes": [
					{"origin": [-1, 8, 6.10973], "size": [2, 6, 2], "uv": [40, 58]}
				]
			},
			{
				"name": "bone17",
				"parent": "bone",
				"pivot": [0, 6, 0],
				"rotation": [0, -112.5, 0]
			},
			{
				"name": "bone18",
				"parent": "bone17",
				"pivot": [0, 6, 7.10973],
				"rotation": [45, 0, 0]
			},
			{
				"name": "bone19",
				"parent": "bone18",
				"pivot": [0, 6, 7.10973],
				"rotation": [0, -45, 0],
				"cubes": [
					{"origin": [-1, 8, 6.10973], "size": [2, 6, 2], "uv": [32, 58]}
				]
			},
			{
				"name": "bone20",
				"parent": "bone",
				"pivot": [0, 6, 0],
				"rotation": [0, -135, 0]
			},
			{
				"name": "bone21",
				"parent": "bone20",
				"pivot": [0, 6, 7.10973],
				"rotation": [45, 0, 0]
			},
			{
				"name": "bone22",
				"parent": "bone21",
				"pivot": [0, 6, 7.10973],
				"rotation": [0, -45, 0],
				"cubes": [
					{"origin": [-1, 8, 6.10973], "size": [2, 6, 2], "uv": [24, 58]}
				]
			},
			{
				"name": "bone23",
				"parent": "bone",
				"pivot": [0, 6, 0],
				"rotation": [0, -157.5, 0]
			},
			{
				"name": "bone24",
				"parent": "bone23",
				"pivot": [0, 6, 7.10973],
				"rotation": [45, 0, 0]
			},
			{
				"name": "bone25",
				"parent": "bone24",
				"pivot": [0, 6, 7.10973],
				"rotation": [0, -45, 0],
				"cubes": [
					{"origin": [-1, 8, 6.10973], "size": [2, 6, 2], "uv": [16, 58]}
				]
			},
			{
				"name": "bone26",
				"parent": "bone",
				"pivot": [0, 6, 0],
				"rotation": [0, -180, 0]
			},
			{
				"name": "bone27",
				"parent": "bone26",
				"pivot": [0, 6, 7.10973],
				"rotation": [45, 0, 0]
			},
			{
				"name": "bone28",
				"parent": "bone27",
				"pivot": [0, 6, 7.10973],
				"rotation": [0, -45, 0],
				"cubes": [
					{"origin": [-1, 8, 6.10973], "size": [2, 6, 2], "uv": [8, 58]}
				]
			},
			{
				"name": "bone29",
				"parent": "bone",
				"pivot": [0, 6, 0],
				"rotation": [0, -202.5, 0]
			},
			{
				"name": "bone30",
				"parent": "bone29",
				"pivot": [0, 6, 7.10973],
				"rotation": [45, 0, 0]
			},
			{
				"name": "bone31",
				"parent": "bone30",
				"pivot": [0, 6, 7.10973],
				"rotation": [0, -45, 0],
				"cubes": [
					{"origin": [-1, 8, 6.10973], "size": [2, 6, 2], "uv": [0, 58]}
				]
			},
			{
				"name": "bone32",
				"parent": "bone",
				"pivot": [0, 6, 0],
				"rotation": [0, -225, 0]
			},
			{
				"name": "bone33",
				"parent": "bone32",
				"pivot": [0, 6, 7.10973],
				"rotation": [45, 0, 0]
			},
			{
				"name": "bone34",
				"parent": "bone33",
				"pivot": [0, 6, 7.10973],
				"rotation": [0, -45, 0],
				"cubes": [
					{"origin": [-1, 8, 6.10973], "size": [2, 6, 2], "uv": [40, 50]}
				]
			},
			{
				"name": "bone35",
				"parent": "bone",
				"pivot": [0, 6, 0],
				"rotation": [0, -247.5, 0]
			},
			{
				"name": "bone36",
				"parent": "bone35",
				"pivot": [0, 6, 7.10973],
				"rotation": [45, 0, 0]
			},
			{
				"name": "bone37",
				"parent": "bone36",
				"pivot": [0, 6, 7.10973],
				"rotation": [0, -45, 0],
				"cubes": [
					{"origin": [-1, 8, 6.10973], "size": [2, 6, 2], "uv": [32, 50]}
				]
			},
			{
				"name": "bone38",
				"parent": "bone",
				"pivot": [0, 6, 0],
				"rotation": [0, -270, 0]
			},
			{
				"name": "bone39",
				"parent": "bone38",
				"pivot": [0, 6, 7.10973],
				"rotation": [45, 0, 0]
			},
			{
				"name": "bone40",
				"parent": "bone39",
				"pivot": [0, 6, 7.10973],
				"rotation": [0, -45, 0],
				"cubes": [
					{"origin": [-1, 8, 6.10973], "size": [2, 6, 2], "uv": [24, 50]}
				]
			},
			{
				"name": "bone41",
				"parent": "bone",
				"pivot": [0, 6, 0],
				"rotation": [0, -292.5, 0]
			},
			{
				"name": "bone42",
				"parent": "bone41",
				"pivot": [0, 6, 7.10973],
				"rotation": [45, 0, 0]
			},
			{
				"name": "bone43",
				"parent": "bone42",
				"pivot": [0, 6, 7.10973],
				"rotation": [0, -45, 0],
				"cubes": [
					{"origin": [-1, 8, 6.10973], "size": [2, 6, 2], "uv": [16, 50]}
				]
			},
			{
				"name": "bone44",
				"parent": "bone",
				"pivot": [0, 6, 0],
				"rotation": [0, -315, 0]
			},
			{
				"name": "bone45",
				"parent": "bone44",
				"pivot": [0, 6, 7.10973],
				"rotation": [45, 0, 0]
			},
			{
				"name": "bone46",
				"parent": "bone45",
				"pivot": [0, 6, 7.10973],
				"rotation": [0, -45, 0],
				"cubes": [
					{"origin": [-1, 8, 6.10973], "size": [2, 6, 2], "uv": [8, 50]}
				]
			},
			{
				"name": "bone47",
				"parent": "bone",
				"pivot": [0, 6, 0],
				"rotation": [0, -337.5, 0]
			},
			{
				"name": "bone48",
				"parent": "bone47",
				"pivot": [0, 6, 7.10973],
				"rotation": [45, 0, 0]
			},
			{
				"name": "bone49",
				"parent": "bone48",
				"pivot": [0, 6, 7.10973],
				"rotation": [0, -45, 0],
				"cubes": [
					{"origin": [-1, 8, 6.10973], "size": [2, 6, 2], "uv": [0, 50]}
				]
			},
			{
				"name": "bone50",
				"parent": "bone67",
				"pivot": [0, 21.5, 0]
			},
			{
				"name": "bone51",
				"parent": "bone50",
				"pivot": [0, 11, 0]
			},
			{
				"name": "bone52",
				"parent": "bone51",
				"pivot": [0, 11, 4.63299],
				"rotation": [45, 0, 0],
				"cubes": [
					{"origin": [-3, 9.8453, 4.63299], "size": [6, 6, 0], "uv": [12, 40]}
				]
			},
			{
				"name": "bone55",
				"parent": "bone50",
				"pivot": [0, 11, 0],
				"rotation": [0, -90, 0]
			},
			{
				"name": "bone56",
				"parent": "bone55",
				"pivot": [0, 11, 4.63299],
				"rotation": [45, 0, 0],
				"cubes": [
					{"origin": [-3, 9.8453, 4.63299], "size": [6, 6, 0], "uv": [0, 40]}
				]
			},
			{
				"name": "bone59",
				"parent": "bone50",
				"pivot": [0, 11, 0],
				"rotation": [0, -180, 0]
			},
			{
				"name": "bone60",
				"parent": "bone59",
				"pivot": [0, 11, 4.63299],
				"rotation": [45, 0, 0],
				"cubes": [
					{"origin": [-3, 9.8453, 4.63299], "size": [6, 6, 0], "uv": [28, 34]}
				]
			},
			{
				"name": "bone63",
				"parent": "bone50",
				"pivot": [0, 11, 0],
				"rotation": [0, -270, 0]
			},
			{
				"name": "bone64",
				"parent": "bone63",
				"pivot": [0, 11, 4.63299],
				"rotation": [45, 0, 0],
				"cubes": [
					{"origin": [-3, 9.8453, 4.63299], "size": [6, 6, 0], "uv": [28, 28]}
				]
			},
			{
				"name": "bone68",
				"parent": "bone67",
				"pivot": [0, 15.5, 0],
				"cubes": [
					{"origin": [-1, 16.5, 0], "size": [1, 0, 1], "uv": [48, 104]}
				]
			},
			{
				"name": "bone69",
				"parent": "bone68",
				"pivot": [0, 5, 0]
			},
			{
				"name": "bone70",
				"parent": "bone69",
				"pivot": [0, 5, 3.40506],
				"rotation": [45, 0, 0],
				"cubes": [
					{"origin": [-1.5, 5.39111, 8.22055], "size": [3, 5, 0], "uv": [12, 79]}
				]
			},
			{
				"name": "bone71",
				"parent": "bone70",
				"pivot": [-1.5, 4.39111, 3.40506],
				"rotation": [0, 0, 17.72463],
				"cubes": [
					{"origin": [-3.5, 5.39111, 8.21955], "size": [2, 5, 0], "uv": [32, 89]}
				]
			},
			{
				"name": "bone72",
				"parent": "bone70",
				"pivot": [1.5, 4.39111, 3.40506],
				"rotation": [0, 0, -17.72463],
				"cubes": [
					{"origin": [1.5, 5.39111, 8.22155], "size": [2, 5, 0], "uv": [28, 89]}
				]
			},
			{
				"name": "bone73",
				"parent": "bone68",
				"pivot": [0, 5, 0],
				"rotation": [0, -45, 0]
			},
			{
				"name": "bone74",
				"parent": "bone73",
				"pivot": [0, 5, 3.40506],
				"rotation": [45, 0, 0],
				"cubes": [
					{"origin": [-1.5, 5.39111, 8.22055], "size": [3, 5, 0], "uv": [6, 79]}
				]
			},
			{
				"name": "bone75",
				"parent": "bone74",
				"pivot": [-1.5, 4.39111, 3.40506],
				"rotation": [0, 0, 17.72463],
				"cubes": [
					{"origin": [-3.5, 5.39111, 8.21955], "size": [2, 5, 0], "uv": [24, 89]}
				]
			},
			{
				"name": "bone76",
				"parent": "bone74",
				"pivot": [1.5, 4.39111, 3.40506],
				"rotation": [0, 0, -17.72463],
				"cubes": [
					{"origin": [1.5, 5.39111, 8.22155], "size": [2, 5, 0], "uv": [20, 89]}
				]
			},
			{
				"name": "bone77",
				"parent": "bone68",
				"pivot": [0, 5, 0],
				"rotation": [0, -90, 0]
			},
			{
				"name": "bone78",
				"parent": "bone77",
				"pivot": [0, 5, 3.40506],
				"rotation": [45, 0, 0],
				"cubes": [
					{"origin": [-1.5, 5.39111, 8.22055], "size": [3, 5, 0], "uv": [0, 79]}
				]
			},
			{
				"name": "bone79",
				"parent": "bone78",
				"pivot": [-1.5, 4.39111, 3.40506],
				"rotation": [0, 0, 17.72463],
				"cubes": [
					{"origin": [-3.5, 5.39111, 8.21955], "size": [2, 5, 0], "uv": [16, 89]}
				]
			},
			{
				"name": "bone80",
				"parent": "bone78",
				"pivot": [1.5, 4.39111, 3.40506],
				"rotation": [0, 0, -17.72463],
				"cubes": [
					{"origin": [1.5, 5.39111, 8.22155], "size": [2, 5, 0], "uv": [12, 89]}
				]
			},
			{
				"name": "bone81",
				"parent": "bone68",
				"pivot": [0, 5, 0],
				"rotation": [0, -135, 0]
			},
			{
				"name": "bone82",
				"parent": "bone81",
				"pivot": [0, 5, 3.40506],
				"rotation": [45, 0, 0],
				"cubes": [
					{"origin": [-1.5, 5.39111, 8.22055], "size": [3, 5, 0], "uv": [54, 74]}
				]
			},
			{
				"name": "bone83",
				"parent": "bone82",
				"pivot": [-1.5, 4.39111, 3.40506],
				"rotation": [0, 0, 17.72463],
				"cubes": [
					{"origin": [-3.5, 5.39111, 8.21955], "size": [2, 5, 0], "uv": [8, 89]}
				]
			},
			{
				"name": "bone84",
				"parent": "bone82",
				"pivot": [1.5, 4.39111, 3.40506],
				"rotation": [0, 0, -17.72463],
				"cubes": [
					{"origin": [1.5, 5.39111, 8.22155], "size": [2, 5, 0], "uv": [4, 89]}
				]
			},
			{
				"name": "bone85",
				"parent": "bone68",
				"pivot": [0, 5, 0],
				"rotation": [0, -180, 0]
			},
			{
				"name": "bone86",
				"parent": "bone85",
				"pivot": [0, 5, 3.40506],
				"rotation": [45, 0, 0],
				"cubes": [
					{"origin": [-1.5, 5.39111, 8.22055], "size": [3, 5, 0], "uv": [48, 74]}
				]
			},
			{
				"name": "bone87",
				"parent": "bone86",
				"pivot": [-1.5, 4.39111, 3.40506],
				"rotation": [0, 0, 17.72463],
				"cubes": [
					{"origin": [-3.5, 5.39111, 8.21955], "size": [2, 5, 0], "uv": [0, 89]}
				]
			},
			{
				"name": "bone88",
				"parent": "bone86",
				"pivot": [1.5, 4.39111, 3.40506],
				"rotation": [0, 0, -17.72463],
				"cubes": [
					{"origin": [1.5, 5.39111, 8.22155], "size": [2, 5, 0], "uv": [40, 84]}
				]
			},
			{
				"name": "bone89",
				"parent": "bone68",
				"pivot": [0, 5, 0],
				"rotation": [0, -225, 0]
			},
			{
				"name": "bone90",
				"parent": "bone89",
				"pivot": [0, 5, 3.40506],
				"rotation": [45, 0, 0],
				"cubes": [
					{"origin": [-1.5, 5.39111, 8.22055], "size": [3, 5, 0], "uv": [42, 74]}
				]
			},
			{
				"name": "bone91",
				"parent": "bone90",
				"pivot": [-1.5, 4.39111, 3.40506],
				"rotation": [0, 0, 17.72463],
				"cubes": [
					{"origin": [-3.5, 5.39111, 8.21955], "size": [2, 5, 0], "uv": [36, 84]}
				]
			},
			{
				"name": "bone92",
				"parent": "bone90",
				"pivot": [1.5, 4.39111, 3.40506],
				"rotation": [0, 0, -17.72463],
				"cubes": [
					{"origin": [1.5, 5.39111, 8.22155], "size": [2, 5, 0], "uv": [32, 84]}
				]
			},
			{
				"name": "bone93",
				"parent": "bone68",
				"pivot": [0, 5, 0],
				"rotation": [0, -270, 0]
			},
			{
				"name": "bone94",
				"parent": "bone93",
				"pivot": [0, 5, 3.40506],
				"rotation": [45, 0, 0],
				"cubes": [
					{"origin": [-1.5, 5.39111, 8.22055], "size": [3, 5, 0], "uv": [36, 74]}
				]
			},
			{
				"name": "bone95",
				"parent": "bone94",
				"pivot": [-1.5, 4.39111, 3.40506],
				"rotation": [0, 0, 17.72463],
				"cubes": [
					{"origin": [-3.5, 5.39111, 8.21955], "size": [2, 5, 0], "uv": [28, 84]}
				]
			},
			{
				"name": "bone96",
				"parent": "bone94",
				"pivot": [1.5, 4.39111, 3.40506],
				"rotation": [0, 0, -17.72463],
				"cubes": [
					{"origin": [1.5, 5.39111, 8.22155], "size": [2, 5, 0], "uv": [24, 84]}
				]
			},
			{
				"name": "bone97",
				"parent": "bone68",
				"pivot": [0, 5, 0],
				"rotation": [0, -315, 0]
			},
			{
				"name": "bone98",
				"parent": "bone97",
				"pivot": [0, 5, 3.40506],
				"rotation": [45, 0, 0],
				"cubes": [
					{"origin": [-1.5, 5.39111, 8.22055], "size": [3, 5, 0], "uv": [30, 74]}
				]
			},
			{
				"name": "bone99",
				"parent": "bone98",
				"pivot": [-1.5, 4.39111, 3.40506],
				"rotation": [0, 0, 17.72463],
				"cubes": [
					{"origin": [-3.5, 5.39111, 8.21955], "size": [2, 5, 0], "uv": [20, 84]}
				]
			},
			{
				"name": "bone100",
				"parent": "bone98",
				"pivot": [1.5, 4.39111, 3.40506],
				"rotation": [0, 0, -17.72463],
				"cubes": [
					{"origin": [1.5, 5.39111, 8.22155], "size": [2, 5, 0], "uv": [16, 84]}
				]
			},
			{
				"name": "legLeft",
				"pivot": [2, 9, 0],
				"cubes": [
					{"origin": [0.249, 0, -1.5], "size": [3, 9, 3], "uv": [0, 28]}
				]
			},
			{
				"name": "legRight",
				"pivot": [-2, 9, 0],
				"cubes": [
					{"origin": [-3.249, 0, -1.5], "size": [3, 9, 3], "uv": [48, 16]}
				]
			}
		]
	}
}