﻿{
  "pack_name": "{pack.hime_tanaka.name}",
  "author": ["光影", "黄金哥布林"],
  "description": ["{pack.hime_tanaka.desc}"],
  "version": "2.0.0",
  "date": "2019-1-5",
  "icon": "hime_tanaka:textures/hime_xs.png",
  "model_list": [
    {
      "model_id": "hime_tanaka:hime_tanaka",
      "description": ["{model.hime_tanaka.hime_tanaka.desc}"]
    }, {
      "model_id": "hime_tanaka:hime_tanaka_b",
      "description": ["{model.hime_tanaka.hime_tanaka_b.desc}"]
    }, {
      "model_id": "hime_tanaka:hime_tanaka_h",
      "description": ["{model.hime_tanaka.hime_tanaka_h.desc}"]
    }, {
      "model_id": "hime_tanaka:hime_tanaka_r",
      "description": ["{model.hime_tanaka.hime_tanaka_r.desc}"]
    }, {
      "model_id": "hime_tanaka:hime_tanaka_2nd",
      "description": ["{model.hime_tanaka.hime_tanaka_2nd.desc}"]
    }, {
      "model_id": "hime_tanaka:hime_tanaka_h_3d",
      "description": ["{model.hime_tanaka.hime_tanaka_h_3d.desc}"]
    }, {      
      "model_id": "hime_tanaka:hime_tanaka_mv",
      "description": ["{model.hime_tanaka.hime_tanaka_mv.desc}"]
    }, {
      "model_id": "hime_tanaka:hime_tanaka_hime",
      "description": ["{model.hime_tanaka.hime_tanaka_hime.desc}"]
    }
  ]
}