{
	"format_version": "1.10.0",
	"geometry.model": {
		"texturewidth": 128,
		"textureheight": 128,
		"visible_bounds_width": 2,
		"visible_bounds_height": 3,
		"visible_bounds_offset": [0, 1.5, 0],
		"bones": [
			{
				"name": "head",
				"pivot": [0, 18, 0],
				"cubes": [
					{"origin": [-4, 18, -4], "size": [8, 8, 8], "uv": [0, 53]},
					{"origin": [2.4, 16, -4.4], "size": [2, 3, 2], "uv": [54, 17], "inflate": -0.5},
					{"origin": [2.4, 14.6, -4.4], "size": [2, 3, 2], "uv": [0, 53], "inflate": -0.6},
					{"origin": [-4, 18, -4], "size": [8, 8, 1], "uv": [62, 32], "inflate": 0.1}
				]
			},
			{
				"name": "bone20",
				"parent": "head",
				"pivot": [-0.5, 18.2, 2.9],
				"rotation": [5, 0, 0],
				"cubes": [
					{"origin": [-1.5, 14.4, 2.8], "size": [3, 4, 1], "uv": [71, 56]},
					{"origin": [-1.5, 12.4, 2], "size": [3, 3, 3], "uv": [28, 0], "inflate": -0.4},
					{"origin": [-0.5, 8.4, 3], "size": [1, 5, 1], "uv": [62, 0]}
				]
			},
			{
				"name": "bone23",
				"parent": "bone20",
				"pivot": [1, 12.4, 3.5],
				"rotation": [0, 0, -10],
				"cubes": [
					{"origin": [0, 9.4, 2.99], "size": [1, 4, 1], "uv": [47, 74]}
				]
			},
			{
				"name": "bone24",
				"parent": "bone20",
				"pivot": [-1, 12.4, 3.5],
				"rotation": [0, 0, 10],
				"cubes": [
					{"origin": [-1, 9.4, 2.99], "size": [1, 4, 1], "uv": [43, 74]}
				]
			},
			{
				"name": "bone18",
				"parent": "head",
				"pivot": [2, 18.5, 3.7],
				"rotation": [4, 0, 20],
				"cubes": [
					{"origin": [1, 16, 3.2], "size": [2, 5, 1], "uv": [0, 17]}
				]
			},
			{
				"name": "bone21",
				"parent": "bone18",
				"pivot": [3, 16, 3.7],
				"rotation": [-1, 0, 5],
				"cubes": [
					{"origin": [1, 14.00873, 3.19992], "size": [2, 2, 1], "uv": [12, 36]}
				]
			},
			{
				"name": "bone19",
				"parent": "head",
				"pivot": [-2, 18.5, 3.7],
				"rotation": [4, 0, -20],
				"cubes": [
					{"origin": [-3, 16, 3.2], "size": [2, 5, 1], "uv": [0, 0]}
				]
			},
			{
				"name": "bone22",
				"parent": "bone19",
				"pivot": [-3, 16, 3.7],
				"rotation": [-1, 0, -5],
				"cubes": [
					{"origin": [-3, 14.00873, 3.19992], "size": [2, 2, 1], "uv": [6, 36]}
				]
			},
			{
				"name": "bone14",
				"parent": "head",
				"pivot": [4, 25.5, -2],
				"rotation": [0, 0, -15],
				"cubes": [
					{"origin": [3, 23, -3], "size": [1, 3, 2], "uv": [0, 36]}
				]
			},
			{
				"name": "bone15",
				"parent": "head",
				"pivot": [4, 23.5, -1],
				"rotation": [0, 0, -10],
				"cubes": [
					{"origin": [3, 19, -1], "size": [1, 5, 1], "uv": [39, 74]}
				]
			},
			{
				"name": "bone16",
				"parent": "head",
				"pivot": [4, 24.5, -0.4],
				"rotation": [0, 0, -10],
				"cubes": [
					{"origin": [3, 21, -0.4], "size": [1, 4, 2], "uv": [28, 17]}
				]
			},
			{
				"name": "bone11",
				"parent": "head",
				"pivot": [-4, 25.3, -2],
				"rotation": [0, 0, 20],
				"cubes": [
					{"origin": [-4, 22.8, -3], "size": [1, 3, 2], "uv": [34, 45]},
					{"origin": [-3.4, 22.6, -4.2], "size": [3, 3, 1], "uv": [72, 68]},
					{"origin": [-3, 20.6, -4.2], "size": [1, 2, 1], "uv": [24, 36]}
				]
			},
			{
				"name": "bone13",
				"parent": "bone11",
				"pivot": [-2, 20.6, -3.7],
				"rotation": [0, 0, 15],
				"cubes": [
					{"origin": [-3, 20.6, -4.21], "size": [1, 2, 1], "uv": [34, 17]}
				]
			},
			{
				"name": "bone12",
				"parent": "head",
				"pivot": [-4, 24.1, -1.5],
				"rotation": [0, 0, 10],
				"cubes": [
					{"origin": [-4, 18.6, -1.5], "size": [1, 6, 1], "uv": [33, 59]}
				]
			},
			{
				"name": "bone17",
				"parent": "head",
				"pivot": [-4, 24.5, -0.5],
				"rotation": [0, 0, 15],
				"cubes": [
					{"origin": [-4, 21, -0.5], "size": [1, 4, 1], "uv": [51, 74]}
				]
			},
			{
				"name": "blink",
				"parent": "head",
				"pivot": [0, 18, 0],
				"cubes": [
					{"origin": [-4, 18, -4.001], "size": [8, 8, 0], "uv": [62, 41]}
				]
			},
			{
				"name": "armRight",
				"pivot": [-3, 17.5, 0],
				"rotation": [0, 0, 10],
				"cubes": [
					{"origin": [-5, 9.5, -1], "size": [2, 8, 2], "uv": [8, 69]},
					{"origin": [-7.5, 12, -3.5], "size": [7, 8, 7], "uv": [56, 17], "inflate": -2.35}
				]
			},
			{
				"name": "armRightPositioningBone",
				"parent": "armRight",
				"pivot": [-4, 10, 0]
			},
			{
				"name": "armLeft",
				"pivot": [3, 18.5, 0],
				"rotation": [0, 0, -10],
				"cubes": [
					{"origin": [3, 9.5, -1], "size": [2, 8, 2], "uv": [0, 69]},
					{"origin": [0.5, 12, -3.5], "size": [7, 8, 7], "uv": [32, 59], "inflate": -2.35}
				]
			},
			{
				"name": "armLeftPositioningBone",
				"parent": "armLeft",
				"pivot": [4, 10, 0]
			},
			{
				"name": "body",
				"pivot": [0, 10.5, 0],
				"cubes": [
					{"origin": [-3, 10.999, -2], "size": [6, 7, 4], "uv": [34, 17]},
					{"origin": [-5.5, 2.599, -5.2], "size": [11, 11, 6], "uv": [34, 0], "inflate": -3},
					{"origin": [-5.5, 2.599, -0.8], "size": [11, 11, 6], "uv": [0, 17], "inflate": -3},
					{"origin": [-5.5, 9.399, -5.001], "size": [11, 11, 6], "uv": [28, 28], "inflate": -3},
					{"origin": [-5.5, 9.399, -0.999], "size": [11, 11, 6], "uv": [0, 0], "inflate": -3},
					{"origin": [-3.5, 7.999, -2], "size": [7, 3, 4], "uv": [53, 59]},
					{"origin": [-3, 11.199, -2.2], "size": [6, 1, 1], "uv": [14, 34], "inflate": -0.1},
					{"origin": [-3, 11.199, 1.2], "size": [6, 1, 1], "uv": [0, 34], "inflate": -0.1},
					{"origin": [2.65532, 11.199, -1.74114], "size": [1, 1, 2], "uv": [55, 74], "inflate": -0.1},
					{"origin": [-3.65532, 11.199, -1.74114], "size": [1, 1, 2], "uv": [18, 36], "inflate": -0.1},
					{"origin": [2.65532, 11.199, -0.25886], "size": [1, 1, 2], "uv": [22, 69], "inflate": -0.1},
					{"origin": [-3.65532, 11.199, -0.25886], "size": [1, 1, 2], "uv": [0, 58], "inflate": -0.1},
					{"origin": [-3.5, 9.999, -2], "size": [1, 3, 4], "uv": [16, 69], "inflate": -0.2},
					{"origin": [2.5, 9.999, -2], "size": [1, 3, 4], "uv": [24, 53], "inflate": -0.2}
				]
			},
			{
				"name": "bone5",
				"parent": "body",
				"pivot": [0, 10.599, -2.2],
				"rotation": [-6, 0, 0],
				"cubes": [
					{"origin": [-5.5, 7.599, -5.2], "size": [11, 8, 6], "uv": [34, 45], "inflate": -3}
				]
			},
			{
				"name": "bone6",
				"parent": "body",
				"pivot": [0, 10.599, 2.2],
				"rotation": [6, 0, 0],
				"cubes": [
					{"origin": [-5.5, 7.599, -0.8], "size": [11, 8, 6], "uv": [0, 39], "inflate": -3}
				]
			},
			{
				"name": "bone7",
				"parent": "body",
				"pivot": [2.8, 11.699, 2.2],
				"rotation": [0, 35, 0],
				"cubes": [
					{"origin": [2.83927, 11.199, 1.27544], "size": [1, 1, 1], "uv": [30, 53], "inflate": -0.1}
				]
			},
			{
				"name": "bone9",
				"parent": "body",
				"pivot": [-2.8, 11.699, 2.2],
				"rotation": [0, -35, 0],
				"cubes": [
					{"origin": [-3.83927, 11.199, 1.27544], "size": [1, 1, 1], "uv": [50, 19], "inflate": -0.1}
				]
			},
			{
				"name": "bone8",
				"parent": "body",
				"pivot": [2.8, 11.699, -2.2],
				"rotation": [0, -35, 0],
				"cubes": [
					{"origin": [2.83927, 11.199, -2.27544], "size": [1, 1, 1], "uv": [24, 53], "inflate": -0.1}
				]
			},
			{
				"name": "bone10",
				"parent": "body",
				"pivot": [-2.8, 11.699, -2.2],
				"rotation": [0, 35, 0],
				"cubes": [
					{"origin": [-3.83927, 11.199, -2.27544], "size": [1, 1, 1], "uv": [50, 17], "inflate": -0.1}
				]
			},
			{
				"name": "legLeft",
				"pivot": [2, 9, 0],
				"cubes": [
					{"origin": [0.499, 3, -1.5], "size": [3, 6, 3], "uv": [68, 0]},
					{"origin": [3.299, 6.6, -1], "size": [1, 2, 2], "uv": [0, 41], "inflate": -0.2},
					{"origin": [3.299, 8, -1], "size": [1, 1, 2], "uv": [74, 72], "inflate": -0.15},
					{"origin": [0.499, -0.1, -1.5], "size": [3, 4, 3], "uv": [68, 49], "inflate": -0.1}
				]
			},
			{
				"name": "bone3",
				"parent": "legLeft",
				"pivot": [3.499, 3.9, 0],
				"rotation": [0, 0, -10],
				"cubes": [
					{"origin": [2.499, 1.9, -1.5], "size": [1, 2, 3], "uv": [69, 72], "inflate": 0.01}
				]
			},
			{
				"name": "bone4",
				"parent": "legLeft",
				"pivot": [0.501, 3.9, 0],
				"rotation": [0, 0, 10],
				"cubes": [
					{"origin": [0.501, 1.9, -1.5], "size": [1, 2, 3], "uv": [26, 71], "inflate": 0.01}
				]
			},
			{
				"name": "legRight",
				"pivot": [-2, 9, 0],
				"cubes": [
					{"origin": [-3.499, 3, -1.5], "size": [3, 6, 3], "uv": [60, 66]},
					{"origin": [-3.499, -0.1, -1.5], "size": [3, 4, 3], "uv": [68, 9], "inflate": -0.1}
				]
			},
			{
				"name": "bone",
				"parent": "legRight",
				"pivot": [-3.499, 3.9, 0],
				"rotation": [0, 0, 10],
				"cubes": [
					{"origin": [-3.499, 1.9, -1.5], "size": [1, 2, 3], "uv": [31, 74], "inflate": 0.01}
				]
			},
			{
				"name": "bone2",
				"parent": "legRight",
				"pivot": [-0.501, 3.9, 0],
				"rotation": [0, 0, -10],
				"cubes": [
					{"origin": [-1.501, 1.9, -1.5], "size": [1, 2, 3], "uv": [72, 63], "inflate": 0.01}
				]
			}
		]
	}
}