{
	"format_version": "1.10.0",
	"geometry.model": {
		"texturewidth": 128,
		"textureheight": 128,
		"visible_bounds_width": 2,
		"visible_bounds_height": 3,
		"visible_bounds_offset": [0, 1.5, 0],
		"bones": [
			{
				"name": "head",
				"pivot": [0, 18, 0],
				"cubes": [
					{"origin": [-4, 18, -4], "size": [8, 8, 8], "uv": [24, 25]},
					{"origin": [-4, 18, -4], "size": [8, 8, 8], "uv": [0, 17], "inflate": 0.1},
					{"origin": [-4, 18, -4], "size": [8, 8, 1], "uv": [38, 0], "inflate": 0.2}
				]
			},
			{
				"name": "bone24",
				"parent": "head",
				"pivot": [0.5, 16, 4],
				"rotation": [-55, 0, 0]
			},
			{
				"name": "bone23",
				"parent": "bone24",
				"pivot": [0.5, 16, 4],
				"rotation": [0, 45, 0],
				"cubes": [
					{"origin": [-0.5, 15.2, 2], "size": [3, 2, 3], "uv": [54, 11]},
					{"origin": [-1.5, 14.6, 3], "size": [3, 2, 3], "uv": [53, 6], "inflate": -0.2},
					{"origin": [-2.2, 13.8, 3.7], "size": [3, 2, 3], "uv": [50, 52], "inflate": -0.4},
					{"origin": [-2.5, 13.4, 5], "size": [2, 1, 2], "uv": [0, 5]},
					{"origin": [-0.2, 16.5, 1.5], "size": [3, 2, 3], "uv": [53, 38], "inflate": -0.5}
				]
			},
			{
				"name": "bone25",
				"parent": "bone23",
				"pivot": [-3, 13.4, 7.5],
				"rotation": [25, 0, 25],
				"cubes": [
					{"origin": [-3.7, 12.4, 6.2], "size": [2, 2, 2], "uv": [16, 33]}
				]
			},
			{
				"name": "bone21",
				"parent": "head",
				"pivot": [4.1, 23.6, -1.5],
				"rotation": [0, 0, -20],
				"cubes": [
					{"origin": [3.6, 22.6, -2], "size": [1, 2, 1], "uv": [20, 37]}
				]
			},
			{
				"name": "bone22",
				"parent": "head",
				"pivot": [-4.1, 22.6, -3],
				"rotation": [0, 0, 20],
				"cubes": [
					{"origin": [-4.6, 21.6, -3.5], "size": [1, 2, 1], "uv": [0, 33]}
				]
			},
			{
				"name": "bone19",
				"parent": "head",
				"pivot": [2, 18.5, 4],
				"rotation": [5, 0, 25],
				"cubes": [
					{"origin": [0.5, 17, 2.5], "size": [3, 3, 2], "uv": [50, 57]}
				]
			},
			{
				"name": "bone20",
				"parent": "head",
				"pivot": [-0.7, 18.5, 4],
				"rotation": [5, 0, -25],
				"cubes": [
					{"origin": [-2.2, 17, 2.5], "size": [3, 3, 2], "uv": [56, 0]}
				]
			},
			{
				"name": "bone18",
				"parent": "head",
				"pivot": [2.5, 24.1, -3.7],
				"rotation": [0, 0, 33],
				"cubes": [
					{"origin": [2, 22.6, -4.2], "size": [1, 3, 1], "uv": [24, 17], "inflate": 0.2},
					{"origin": [2, 22.6, -4.5], "size": [1, 2, 1], "uv": [38, 9]}
				]
			},
			{
				"name": "blink",
				"parent": "head",
				"pivot": [0, 18, 0],
				"cubes": [
					{"origin": [-4, 18, -4.001], "size": [8, 8, 0], "uv": [44, 44]}
				]
			},
			{
				"name": "armRight",
				"pivot": [-3, 18.5, 0],
				"rotation": [0, 0, 10],
				"cubes": [
					{"origin": [-5, 9.5, -1], "size": [2, 8, 2], "uv": [26, 51]},
					{"origin": [-6, 12.5, -2], "size": [4, 4, 4], "uv": [38, 9], "inflate": -0.8},
					{"origin": [-6.7, 13, -2], "size": [3, 5, 4], "uv": [48, 17], "inflate": -1.2}
				]
			},
			{
				"name": "bone9",
				"parent": "armRight",
				"pivot": [-4, 17, -0.9],
				"rotation": [0, 15, 0],
				"cubes": [
					{"origin": [-5, 16.5, -1.4], "size": [2, 1, 1], "uv": [48, 31], "inflate": 0.1}
				]
			},
			{
				"name": "bone10",
				"parent": "armRight",
				"pivot": [-4, 17, 0.9],
				"rotation": [0, -15, 0],
				"cubes": [
					{"origin": [-5, 16.5, 0.4], "size": [2, 1, 1], "uv": [46, 17], "inflate": 0.1}
				]
			},
			{
				"name": "bone11",
				"parent": "armRight",
				"pivot": [-4, 13, -0.7],
				"rotation": [10, 0, 0],
				"cubes": [
					{"origin": [-5, 12.5, -1.2], "size": [2, 1, 1], "uv": [45, 41], "inflate": 0.1}
				]
			},
			{
				"name": "bone12",
				"parent": "armRight",
				"pivot": [-4, 13, 0.7],
				"rotation": [-10, 0, 0],
				"cubes": [
					{"origin": [-5, 12.5, 0.2], "size": [2, 1, 1], "uv": [9, 44], "inflate": 0.1}
				]
			},
			{
				"name": "bone13",
				"parent": "armRight",
				"pivot": [-4.7, 13, 0],
				"rotation": [0, 0, -10],
				"cubes": [
					{"origin": [-5.2, 12.5, -1], "size": [1, 1, 2], "uv": [30, 5], "inflate": 0.1}
				]
			},
			{
				"name": "bone14",
				"parent": "armRight",
				"pivot": [-3.3, 13, 0],
				"rotation": [0, 0, 10],
				"cubes": [
					{"origin": [-3.8, 12.5, -1], "size": [1, 1, 2], "uv": [0, 22], "inflate": 0.1}
				]
			},
			{
				"name": "armRightPositioningBone",
				"parent": "armRight",
				"pivot": [4, 10, 0]
			},
			{
				"name": "armLeft",
				"pivot": [3, 18.5, 0],
				"rotation": [0, 0, -10],
				"cubes": [
					{"origin": [3, 9.5, -1], "size": [2, 8, 2], "uv": [42, 52]},
					{"origin": [2, 12.5, -2], "size": [4, 4, 4], "uv": [16, 41], "inflate": -0.8},
					{"origin": [3.7, 13, -2], "size": [3, 5, 4], "uv": [12, 49], "inflate": -1.2}
				]
			},
			{
				"name": "bone7",
				"parent": "armLeft",
				"pivot": [4, 17, -0.9],
				"rotation": [0, -15, 0],
				"cubes": [
					{"origin": [3, 16.5, -1.4], "size": [2, 1, 1], "uv": [50, 11], "inflate": 0.1}
				]
			},
			{
				"name": "bone8",
				"parent": "armLeft",
				"pivot": [4, 17, 0.9],
				"rotation": [0, 15, 0],
				"cubes": [
					{"origin": [3, 16.5, 0.4], "size": [2, 1, 1], "uv": [26, 49], "inflate": 0.1}
				]
			},
			{
				"name": "bone4",
				"parent": "armLeft",
				"pivot": [4, 13, -0.7],
				"rotation": [10, 0, 0],
				"cubes": [
					{"origin": [3, 12.5, -1.2], "size": [2, 1, 1], "uv": [6, 56], "inflate": 0.1}
				]
			},
			{
				"name": "bone5",
				"parent": "armLeft",
				"pivot": [4, 13, 0.7],
				"rotation": [-10, 0, 0],
				"cubes": [
					{"origin": [3, 12.5, 0.2], "size": [2, 1, 1], "uv": [54, 31], "inflate": 0.1}
				]
			},
			{
				"name": "bone3",
				"parent": "armLeft",
				"pivot": [4.7, 13, 0],
				"rotation": [0, 0, 10],
				"cubes": [
					{"origin": [4.2, 12.5, -1], "size": [1, 1, 2], "uv": [41, 41], "inflate": 0.1}
				]
			},
			{
				"name": "bone6",
				"parent": "armLeft",
				"pivot": [3.3, 13, 0],
				"rotation": [0, 0, -10],
				"cubes": [
					{"origin": [2.8, 12.5, -1], "size": [1, 1, 2], "uv": [28, 41], "inflate": 0.1}
				]
			},
			{
				"name": "armLeftPositioningBone",
				"parent": "armLeft",
				"pivot": [4, 10, 0]
			},
			{
				"name": "body",
				"pivot": [0, 10.5, 0],
				"cubes": [
					{"origin": [-3, 10.999, -2], "size": [6, 7, 4], "uv": [0, 33]},
					{"origin": [-0.5, 14.099, -2.3], "size": [1, 1, 1], "uv": [29, 17], "inflate": -0.25},
					{"origin": [-0.5, 13.599, -2.3], "size": [1, 1, 1], "uv": [29, 17], "inflate": -0.25},
					{"origin": [-0.5, 13.099, -2.3], "size": [1, 1, 1], "uv": [29, 17], "inflate": -0.25},
					{"origin": [-3.5, 7.999, -2], "size": [7, 3, 4], "uv": [24, 17]},
					{"origin": [3.2, 8.499, -0.4], "size": [1, 2, 3], "uv": [34, 53], "inflate": -0.2},
					{"origin": [3.21, 9.799, -1.9], "size": [1, 2, 3], "uv": [30, 0], "inflate": -0.2},
					{"origin": [3.2, 6.899, -0.4], "size": [1, 2, 2], "uv": [22, 49], "inflate": -0.2},
					{"origin": [3.21, 8.199, -1.9], "size": [1, 2, 2], "uv": [42, 17], "inflate": -0.2},
					{"origin": [3.2, 7.699, 0.501], "size": [1, 2, 1], "uv": [48, 26]},
					{"origin": [3.21, 8.999, -1], "size": [1, 2, 1], "uv": [12, 46]}
				]
			},
			{
				"name": "bone16",
				"parent": "body",
				"pivot": [-2.8, 16.999, -1.9],
				"rotation": [-5, -40, 20],
				"cubes": [
					{"origin": [-3.3, 15.799, -3.4], "size": [1, 2, 3], "uv": [0, 17], "inflate": -0.2}
				]
			},
			{
				"name": "bone17",
				"parent": "body",
				"pivot": [2.8, 16.999, -1.9],
				"rotation": [-5, 40, -20],
				"cubes": [
					{"origin": [2.3, 15.799, -3.4], "size": [1, 2, 3], "uv": [0, 0], "inflate": -0.2}
				]
			},
			{
				"name": "bone15",
				"parent": "body",
				"pivot": [0, 15.699, -1.6],
				"rotation": [-21, 0, 0],
				"cubes": [
					{"origin": [-5.5, 11.699, -5.6], "size": [11, 9, 8], "uv": [0, 0], "inflate": -3}
				]
			},
			{
				"name": "bone",
				"parent": "body",
				"pivot": [-2.9, 11.499, 0],
				"rotation": [0, 0, 9],
				"cubes": [
					{"origin": [-3.4, 9.999, -2], "size": [1, 3, 4], "uv": [56, 31], "inflate": -0.2}
				]
			},
			{
				"name": "bone2",
				"parent": "body",
				"pivot": [2.9, 11.499, 0],
				"rotation": [0, 0, -9],
				"cubes": [
					{"origin": [2.4, 9.999, -2], "size": [1, 3, 4], "uv": [0, 56], "inflate": -0.2}
				]
			},
			{
				"name": "legLeft",
				"pivot": [2, 9, 0],
				"cubes": [
					{"origin": [0.499, 0, -1.5], "size": [3, 9, 3], "uv": [0, 44]},
					{"origin": [-0.001, 2.5, -2], "size": [4, 1, 4], "uv": [48, 26], "inflate": -0.3}
				]
			},
			{
				"name": "legRight",
				"pivot": [-2, 9, 0],
				"cubes": [
					{"origin": [-3.499, 0, -1.5], "size": [3, 9, 3], "uv": [32, 41]},
					{"origin": [-4.199, 3.9, -1.9], "size": [1, 3, 2], "uv": [16, 58], "inflate": -0.2},
					{"origin": [-4.199, 4.7, -0.1], "size": [1, 3, 2], "uv": [10, 58], "inflate": -0.2}
				]
			}
		]
	}
}