{
	"format_version": "1.10.0",
	"geometry.model": {
		"texturewidth": 64,
		"textureheight": 64,
		"visible_bounds_width": 3,
		"visible_bounds_height": 3,
		"visible_bounds_offset": [0, 1.5, 0],
		"bones": [
			{
				"name": "head",
				"pivot": [0, 18, 0],
				"cubes": [
					{"origin": [-4, 18, -4], "size": [8, 8, 8], "uv": [0, 0]},
					{"origin": [-4, 18, -4], "size": [8, 8, 2], "uv": [20, 20], "inflate": 0.2}
				]
			},
			{
				"name": "bone3",
				"parent": "head",
				"pivot": [0, 25, -0.6],
				"rotation": [15, 0, 0],
				"cubes": [
					{"origin": [-4, 22, -0.6], "size": [8, 4, 1], "uv": [31, 15], "inflate": 0.2}
				]
			},
			{
				"name": "blink",
				"parent": "head",
				"pivot": [0, 18, 0],
				"cubes": [
					{"origin": [-4, 18, -4.001], "size": [8, 8, 0], "uv": [0, 32]}
				]
			},
			{
				"name": "ahoge",
				"parent": "head",
				"pivot": [0, 26, -1],
				"rotation": [-15, 60, 0],
				"cubes": [
					{"origin": [0, 26, -5], "size": [0, 4, 4], "uv": [0, 0]}
				]
			},
			{
				"name": "bl1",
				"parent": "head",
				"pivot": [1.6, 18, 4.4],
				"rotation": [45, 0, -15]
			},
			{
				"name": "bl2",
				"parent": "bl1",
				"pivot": [2.8, 18.3, 3.5],
				"rotation": [25, -25, 35],
				"cubes": [
					{"origin": [1.8, 16.3, 2.1], "size": [3, 3, 2], "uv": [10, 50], "inflate": -0.4},
					{"origin": [1.3, 16.8, 3.1], "size": [3, 3, 2], "uv": [42, 9], "inflate": -0.4},
					{"origin": [0.8, 17.3, 4.1], "size": [3, 3, 2], "uv": [20, 42], "inflate": -0.4},
					{"origin": [2.3, 15.8, 1], "size": [3, 3, 2], "uv": [30, 49], "inflate": -0.5},
					{"origin": [2.8, 15.3, 0], "size": [3, 3, 2], "uv": [48, 23], "inflate": -0.5},
					{"origin": [3.3, 14.8, -1], "size": [3, 3, 2], "uv": [48, 18], "inflate": -0.5},
					{"origin": [3.8, 14.3, -2], "size": [3, 3, 2], "uv": [48, 48], "inflate": -0.5},
					{"origin": [4, 14.1, -2.3], "size": [3, 3, 1], "uv": [0, 51], "inflate": -0.1}
				]
			},
			{
				"name": "br1",
				"parent": "head",
				"pivot": [-1.6, 18, 4.4],
				"rotation": [45, 0, 15]
			},
			{
				"name": "br2",
				"parent": "br1",
				"pivot": [-2.8, 18.3, 3.5],
				"rotation": [25, 25, -35],
				"cubes": [
					{"origin": [-4.8, 16.3, 2.1], "size": [3, 3, 2], "uv": [20, 47], "inflate": -0.4},
					{"origin": [-4.3, 16.8, 3.1], "size": [3, 3, 2], "uv": [30, 43], "inflate": -0.4},
					{"origin": [-3.8, 17.3, 4.1], "size": [3, 3, 2], "uv": [41, 41], "inflate": -0.4},
					{"origin": [-5.3, 15.8, 1], "size": [3, 3, 2], "uv": [46, 0], "inflate": -0.5},
					{"origin": [-5.8, 15.3, 0], "size": [3, 3, 2], "uv": [38, 46], "inflate": -0.5},
					{"origin": [-6.3, 14.8, -1], "size": [3, 3, 2], "uv": [43, 35], "inflate": -0.5},
					{"origin": [-6.8, 14.3, -2], "size": [3, 3, 2], "uv": [43, 30], "inflate": -0.5},
					{"origin": [-7, 14.1, -2.3], "size": [3, 3, 1], "uv": [0, 0], "inflate": -0.1}
				]
			},
			{
				"name": "armRight",
				"pivot": [-3, 17.5, 0],
				"rotation": [0, 0, 10],
				"cubes": [
					{"origin": [-5, 9.5, -1], "size": [2, 8, 2], "uv": [40, 20]},
					{"origin": [-5, 13.5, -1], "size": [2, 4, 2], "uv": [50, 12], "inflate": 0.1}
				]
			},
			{
				"name": "armRightPositioningBone",
				"parent": "armRight",
				"pivot": [-4, 10, 0]
			},
			{
				"name": "armLeft",
				"pivot": [3, 18.5, 0],
				"rotation": [0, 0, -10],
				"cubes": [
					{"origin": [3, 9.5, -1], "size": [2, 8, 2], "uv": [12, 40]},
					{"origin": [3, 13.5, -1], "size": [2, 4, 2], "uv": [50, 5], "inflate": 0.1}
				]
			},
			{
				"name": "armLeftPositioningBone",
				"parent": "armLeft",
				"pivot": [4, 10, 0]
			},
			{
				"name": "body",
				"pivot": [0, 10.5, 0],
				"cubes": [
					{"origin": [-3, 10.999, -2], "size": [6, 7, 4], "uv": [0, 16]},
					{"origin": [-3.5, 7.999, -2], "size": [7, 3, 4], "uv": [24, 0]},
					{"origin": [-3.5, 8.499, -2], "size": [7, 1, 4], "uv": [0, 27], "inflate": 0.1}
				]
			},
			{
				"name": "bone",
				"parent": "body",
				"pivot": [0, 16.999, -1.8],
				"rotation": [-20, 0, 0],
				"cubes": [
					{"origin": [-2.5, 14.499, -2], "size": [5, 3, 1], "uv": [32, 7]}
				]
			},
			{
				"name": "bone2",
				"parent": "body",
				"pivot": [0, 17.5, 2],
				"rotation": [10, 0, 0],
				"cubes": [
					{"origin": [-3, 6.5, 2], "size": [6, 11, 0], "uv": [0, 40], "inflate": 0.001}
				]
			},
			{
				"name": "legLeft",
				"pivot": [2, 9, 0],
				"cubes": [
					{"origin": [0.499, 0, -1.5], "size": [3, 9, 3], "uv": [31, 31]},
					{"origin": [0.499, 5, -1.5], "size": [3, 1, 3], "uv": [16, 16], "inflate": 0.1},
					{"origin": [1.499, 5, -1.5], "size": [1, 1, 1], "uv": [0, 18], "inflate": 0.2}
				]
			},
			{
				"name": "legRight",
				"pivot": [-2, 9, 0],
				"cubes": [
					{"origin": [-3.499, 5, -1.5], "size": [3, 1, 3], "uv": [32, 11], "inflate": 0.1},
					{"origin": [-2.499, 5, -1.5], "size": [1, 1, 1], "uv": [0, 16], "inflate": 0.2},
					{"origin": [-3.499, 0, -1.5], "size": [3, 9, 3], "uv": [19, 30]}
				]
			}
		]
	}
}