{
	"format_version": "1.10.0",
	"geometry.model": {
		"texturewidth": 64,
		"textureheight": 64,
		"visible_bounds_width": 3,
		"visible_bounds_height": 3,
		"visible_bounds_offset": [0, 1.5, 0],
		"bones": [
			{
				"name": "head",
				"pivot": [0, 18, 0],
				"cubes": [
					{"origin": [-4, 17, -4], "size": [8, 8, 8], "uv": [0, 16]},
					{"origin": [-4, 17, -4], "size": [8, 8, 8], "uv": [0, 0], "inflate": 0.1},
					{"origin": [-4, 17, -4], "size": [8, 8, 1], "uv": [31, 15], "inflate": 0.2}
				]
			},
			{
				"name": "HairLeft",
				"parent": "head",
				"pivot": [4.2, 18.4, 3.7]
			},
			{
				"name": "bone39",
				"parent": "HairLeft",
				"pivot": [2.3, 15.7, 4],
				"rotation": [16, 0, -19],
				"cubes": [
					{"origin": [0.8, 11.7, 3.5], "size": [3, 6, 1], "uv": [0, 16]}
				]
			},
			{
				"name": "bone40",
				"parent": "HairLeft",
				"pivot": [3, 16.8, 3.7],
				"rotation": [8, 27, -33],
				"cubes": [
					{"origin": [2.5, 12.2, 3], "size": [2, 5, 1], "uv": [48, 3]}
				]
			},
			{
				"name": "bone41",
				"parent": "HairLeft",
				"pivot": [3.7, 17.8, 3.7],
				"rotation": [31, 110, -7],
				"cubes": [
					{"origin": [4.4, 13.7, 3.2], "size": [1, 4, 1], "uv": [24, 37]}
				]
			},
			{
				"name": "HairRight",
				"parent": "head",
				"pivot": [-4.2, 18.4, 3.7]
			},
			{
				"name": "bone42",
				"parent": "HairRight",
				"pivot": [-2.3, 15.7, 4],
				"rotation": [16, 0, 19],
				"cubes": [
					{"origin": [-3.8, 11.7, 3.5], "size": [3, 6, 1], "uv": [0, 0]}
				]
			},
			{
				"name": "bone43",
				"parent": "HairRight",
				"pivot": [-3, 16.8, 3.7],
				"rotation": [8, -27, 33],
				"cubes": [
					{"origin": [-4.5, 12.2, 3], "size": [2, 5, 1], "uv": [47, 48]}
				]
			},
			{
				"name": "bone44",
				"parent": "HairRight",
				"pivot": [-3.7, 17.8, 3.7],
				"rotation": [31, -110, 7],
				"cubes": [
					{"origin": [-5.4, 13.7, 3.2], "size": [1, 4, 1], "uv": [24, 32]}
				]
			},
			{
				"name": "blink",
				"parent": "head",
				"pivot": [0, 18, 0],
				"cubes": [
					{"origin": [-4, 17, -4.001], "size": [8, 8, 0], "uv": [32, 7]}
				]
			},
			{
				"name": "bone38",
				"parent": "head",
				"pivot": [-4.2, 23.5, -1.7],
				"rotation": [32, 0, 0],
				"cubes": [
					{"origin": [-4.7, 22.5, -4.2], "size": [1, 2, 3], "uv": [40, 44], "inflate": -0.3}
				]
			},
			{
				"name": "HornLeft",
				"parent": "head",
				"pivot": [4.5, 22.5, -1.4],
				"rotation": [7.85815, -36.93726, 33.83045]
			},
			{
				"name": "bone37",
				"parent": "HornLeft",
				"pivot": [4.8, 23.7, -1.7],
				"rotation": [0, -16, 0],
				"cubes": [
					{"origin": [1.3, 22.7, -2.2], "size": [4, 2, 1], "uv": [42, 0], "inflate": -0.3}
				]
			},
			{
				"name": "bone121",
				"parent": "HornLeft",
				"pivot": [5.1, 23.7, -0.7],
				"rotation": [15, 14, 0],
				"cubes": [
					{"origin": [4.6, 22.98673, -1.97794], "size": [1, 2, 2], "uv": [49, 20], "inflate": -0.3}
				]
			},
			{
				"name": "bone122",
				"parent": "bone121",
				"pivot": [5.1, 23.98673, 0.02206],
				"rotation": [0, -37, -12],
				"cubes": [
					{"origin": [4.52321, 22.98673, -0.63775], "size": [1, 2, 2], "uv": [49, 16], "inflate": -0.3}
				]
			},
			{
				"name": "bone123",
				"parent": "bone121",
				"pivot": [4.1, 23.98673, -0.07794],
				"rotation": [5.27994, -80.90408, -13.17065],
				"cubes": [
					{"origin": [4.45568, 22.8218, -0.79241], "size": [1, 2, 2], "uv": [16, 49], "inflate": -0.3}
				]
			},
			{
				"name": "bone124",
				"parent": "bone123",
				"pivot": [4.75568, 24.4218, 0.80759],
				"rotation": [37, 0, -17],
				"cubes": [
					{"origin": [4.25568, 23.4218, -0.69241], "size": [1, 2, 3], "uv": [44, 24], "inflate": -0.3}
				]
			},
			{
				"name": "bone125",
				"parent": "bone121",
				"pivot": [4.8, 24.88673, 0.12206],
				"rotation": [-4, -150, -39],
				"cubes": [
					{"origin": [6.5612, 23.70182, 0.29509], "size": [1, 6, 2], "uv": [24, 16], "inflate": -0.3}
				]
			},
			{
				"name": "armRight",
				"pivot": [-3, 17.5, 0],
				"rotation": [0, 0, 10],
				"cubes": [
					{"origin": [-5, 8.5, -1], "size": [2, 8, 2], "uv": [8, 44]},
					{"origin": [-5, 13.5, -1], "size": [2, 1, 2], "uv": [46, 36], "inflate": 0.1},
					{"origin": [-5, 10, -1], "size": [2, 1, 2], "uv": [48, 13], "inflate": 0.3}
				]
			},
			{
				"name": "armRightPositioningBone",
				"parent": "armRight",
				"pivot": [-4, 10, 0]
			},
			{
				"name": "armLeft",
				"pivot": [3, 17.5, 0],
				"rotation": [0, 0, -10],
				"cubes": [
					{"origin": [3, 8.5, -1], "size": [2, 8, 2], "uv": [0, 44]},
					{"origin": [3, 9.5, -1], "size": [2, 1, 2], "uv": [16, 44], "inflate": 0.1},
					{"origin": [3, 14, -1], "size": [2, 1, 2], "uv": [45, 44], "inflate": 0.1},
					{"origin": [4.5, 13.5, -0.5], "size": [1, 2, 1], "uv": [24, 0]}
				]
			},
			{
				"name": "armLeftPositioningBone",
				"parent": "armLeft",
				"pivot": [4, 9, 0]
			},
			{
				"name": "body",
				"pivot": [0, 10.5, 0],
				"cubes": [
					{"origin": [-3, 10.999, -2], "size": [6, 6, 4], "uv": [28, 28]},
					{"origin": [-1, 11.499, -3], "size": [2, 4, 1], "uv": [40, 49], "inflate": -0.3},
					{"origin": [-3.5, 7.999, -2], "size": [7, 3, 4], "uv": [24, 0]}
				]
			},
			{
				"name": "bone36",
				"parent": "body",
				"pivot": [0, 12.999, 2.5],
				"rotation": [9, 0, 0],
				"cubes": [
					{"origin": [-1, 11.499, 2], "size": [2, 3, 1], "uv": [22, 51]}
				]
			},
			{
				"name": "bone35",
				"parent": "body",
				"pivot": [0, 15.499, -2],
				"rotation": [0, 0, 45],
				"cubes": [
					{"origin": [-1, 14.499, -2.5], "size": [2, 2, 1], "uv": [9, 32]}
				]
			},
			{
				"name": "bone",
				"parent": "body",
				"pivot": [2.6, 12.699, 0],
				"rotation": [0, 0, -15],
				"cubes": [
					{"origin": [2.1, 10.699, -2], "size": [1, 4, 4], "uv": [30, 43], "inflate": -0.1}
				]
			},
			{
				"name": "bone2",
				"parent": "body",
				"pivot": [-2.6, 12.699, 0],
				"rotation": [0, 0, 15],
				"cubes": [
					{"origin": [-3.1, 10.699, -2], "size": [1, 4, 4], "uv": [20, 43], "inflate": -0.1}
				]
			},
			{
				"name": "tail",
				"parent": "body",
				"pivot": [0, 9, 1.8],
				"rotation": [-39, 0, 0],
				"cubes": [
					{"origin": [-1, 8.999, 0.3], "size": [2, 2, 2], "uv": [48, 29]}
				]
			},
			{
				"name": "bone23",
				"parent": "tail",
				"pivot": [0, 9.999, 2.3],
				"rotation": [23, 0, 0],
				"cubes": [
					{"origin": [-1, 9.03774, 1.92436], "size": [2, 2, 2], "uv": [48, 9], "inflate": -0.1}
				]
			},
			{
				"name": "bone24",
				"parent": "tail",
				"pivot": [0, 9.899, 4.2],
				"rotation": [36, 0, 0],
				"cubes": [
					{"origin": [-1, 9.75974, 3.82212], "size": [2, 2, 2], "uv": [26, 43], "inflate": -0.23}
				]
			},
			{
				"name": "bone25",
				"parent": "tail",
				"pivot": [0, 10.599, 5.2],
				"rotation": [52, 0, 0],
				"cubes": [
					{"origin": [-0.5, 10.84991, 5.50782], "size": [1, 1, 1], "uv": [44, 29], "inflate": 0.13}
				]
			},
			{
				"name": "bone26",
				"parent": "tail",
				"pivot": [0, 11.599, 6.1],
				"rotation": [66, 0, 0],
				"cubes": [
					{"origin": [-0.5, 11.84991, 6.30782], "size": [1, 1, 2], "uv": [49, 24]},
					{"origin": [-0.5, 11.84991, 8.30782], "size": [1, 1, 1], "uv": [14, 44], "inflate": 0.1}
				]
			},
			{
				"name": "bone28",
				"parent": "bone26",
				"pivot": [0, 12.5, 8.95391],
				"rotation": [0, -34, 90],
				"cubes": [
					{"origin": [1.12904, 12, 8.04863], "size": [1, 1, 2], "uv": [48, 33], "inflate": -0.1}
				]
			},
			{
				"name": "bone27",
				"parent": "bone28",
				"pivot": [0.92904, 12.54991, 8.54863],
				"rotation": [0, -78, 0],
				"cubes": [
					{"origin": [0.42904, 12, 8.04863], "size": [1, 1, 1], "uv": [6, 44], "inflate": -0.05}
				]
			},
			{
				"name": "bone29",
				"parent": "bone26",
				"pivot": [0, 12.5, 8.95391],
				"rotation": [0, -34, -30],
				"cubes": [
					{"origin": [1.12904, 12, 8.04863], "size": [1, 1, 2], "uv": [36, 44], "inflate": -0.1}
				]
			},
			{
				"name": "bone30",
				"parent": "bone29",
				"pivot": [0.92904, 12.54991, 8.54863],
				"rotation": [0, -78, 0],
				"cubes": [
					{"origin": [0.42904, 12, 8.04863], "size": [1, 1, 1], "uv": [38, 40], "inflate": -0.05}
				]
			},
			{
				"name": "bone31",
				"parent": "bone26",
				"pivot": [0, 12.5, 8.95391],
				"rotation": [0, -34, -150],
				"cubes": [
					{"origin": [1.12904, 12, 8.04863], "size": [1, 1, 2], "uv": [41, 24], "inflate": -0.1}
				]
			},
			{
				"name": "bone32",
				"parent": "bone31",
				"pivot": [0.92904, 12.54991, 8.54863],
				"rotation": [0, -78, 0],
				"cubes": [
					{"origin": [0.42904, 12, 8.04863], "size": [1, 1, 1], "uv": [38, 38], "inflate": -0.05}
				]
			},
			{
				"name": "SctLeft",
				"parent": "body",
				"pivot": [3, 11, 0],
				"rotation": [0, 0, -11]
			},
			{
				"name": "bone4",
				"parent": "SctLeft",
				"pivot": [0, 6, -1.5]
			},
			{
				"name": "bone5",
				"parent": "bone4",
				"pivot": [0, 6, 2.97051],
				"rotation": [10, 0, 0],
				"cubes": [
					{"origin": [0.5, 6.65782, 2.971], "size": [2, 5, 0], "uv": [54, 0]}
				]
			},
			{
				"name": "bone7",
				"parent": "bone5",
				"pivot": [2.5, 5.65782, 2.97051],
				"rotation": [0, 0, -9.85108],
				"cubes": [
					{"origin": [2.5, 6.65782, 2.97], "size": [2, 5, 0], "uv": [48, 54]}
				]
			},
			{
				"name": "bone12",
				"parent": "SctLeft",
				"pivot": [0, 6, 1.5],
				"rotation": [0, -180, 0]
			},
			{
				"name": "bone13",
				"parent": "bone12",
				"pivot": [0, 6, 5.97051],
				"rotation": [10, 0, 0],
				"cubes": [
					{"origin": [-2.5, 6.65782, 5.97051], "size": [2, 5, 0], "uv": [44, 54]}
				]
			},
			{
				"name": "bone14",
				"parent": "bone13",
				"pivot": [-2.5, 5.65782, 5.97051],
				"rotation": [0, 0, 9.85108],
				"cubes": [
					{"origin": [-4.5, 6.65782, 5.96951], "size": [2, 5, 0], "uv": [4, 54]}
				]
			},
			{
				"name": "bone16",
				"parent": "SctLeft",
				"pivot": [0, 6, 0],
				"rotation": [0, -270, 0]
			},
			{
				"name": "bone17",
				"parent": "bone16",
				"pivot": [0, 6, 4.47051],
				"rotation": [10, 0, 0],
				"cubes": [
					{"origin": [-1, 6.65782, 4.47], "size": [2, 5, 0], "uv": [40, 54]}
				]
			},
			{
				"name": "bone33",
				"parent": "bone17",
				"pivot": [0, 10.45782, 4.6],
				"rotation": [10, 0, 0],
				"cubes": [
					{"origin": [-2.5, 9.95782, 0.6], "size": [5, 1, 4], "uv": [38, 39]}
				]
			},
			{
				"name": "bone18",
				"parent": "bone17",
				"pivot": [-1, 5.65782, 4.47051],
				"rotation": [0, 0, 9.85108],
				"cubes": [
					{"origin": [-3, 6.65782, 4.469], "size": [2, 5, 0], "uv": [12, 54]}
				]
			},
			{
				"name": "bone19",
				"parent": "bone17",
				"pivot": [1, 5.65782, 4.47051],
				"rotation": [0, 0, -9.85108],
				"cubes": [
					{"origin": [1, 6.65782, 4.469], "size": [2, 5, 0], "uv": [8, 54]}
				]
			},
			{
				"name": "SctRight",
				"parent": "body",
				"pivot": [-3, 11, 0],
				"rotation": [0, 0, 11]
			},
			{
				"name": "bone3",
				"parent": "SctRight",
				"pivot": [0, 6, -1.5]
			},
			{
				"name": "bone6",
				"parent": "bone3",
				"pivot": [0, 6, 2.97051],
				"rotation": [10, 0, 0],
				"cubes": [
					{"origin": [-2.5, 6.65782, 2.971], "size": [2, 5, 0], "uv": [0, 54]}
				]
			},
			{
				"name": "bone8",
				"parent": "bone6",
				"pivot": [-2.5, 5.65782, 2.97051],
				"rotation": [0, 0, 9.85108],
				"cubes": [
					{"origin": [-4.5, 6.65782, 2.97], "size": [2, 5, 0], "uv": [53, 44]}
				]
			},
			{
				"name": "bone9",
				"parent": "SctRight",
				"pivot": [0, 6, 1.5],
				"rotation": [0, 180, 0]
			},
			{
				"name": "bone10",
				"parent": "bone9",
				"pivot": [0, 6, 5.97051],
				"rotation": [10, 0, 0],
				"cubes": [
					{"origin": [0.5, 6.65782, 5.97051], "size": [2, 5, 0], "uv": [53, 53]}
				]
			},
			{
				"name": "bone11",
				"parent": "bone10",
				"pivot": [2.5, 5.65782, 5.97051],
				"rotation": [0, 0, -9.85108],
				"cubes": [
					{"origin": [2.5, 6.65782, 5.96951], "size": [2, 5, 0], "uv": [16, 53]}
				]
			},
			{
				"name": "bone15",
				"parent": "SctRight",
				"pivot": [0, 6, 0],
				"rotation": [0, 270, 0]
			},
			{
				"name": "bone20",
				"parent": "bone15",
				"pivot": [0, 6, 4.47051],
				"rotation": [10, 0, 0],
				"cubes": [
					{"origin": [-1, 6.65782, 4.47], "size": [2, 5, 0], "uv": [36, 51]}
				]
			},
			{
				"name": "bone21",
				"parent": "bone20",
				"pivot": [1, 5.65782, 4.47051],
				"rotation": [0, 0, -9.85108],
				"cubes": [
					{"origin": [1, 6.65782, 4.469], "size": [2, 5, 0], "uv": [32, 51]}
				]
			},
			{
				"name": "bone22",
				"parent": "bone20",
				"pivot": [-1, 5.65782, 4.47051],
				"rotation": [0, 0, 9.85108],
				"cubes": [
					{"origin": [-3, 6.65782, 4.469], "size": [2, 5, 0], "uv": [28, 51]}
				]
			},
			{
				"name": "bone34",
				"parent": "bone20",
				"pivot": [0, 10.45782, 4.6],
				"rotation": [10, 0, 0],
				"cubes": [
					{"origin": [-2.5, 9.95782, 0.6], "size": [5, 1, 4], "uv": [24, 38]}
				]
			},
			{
				"name": "legLeft",
				"pivot": [2, 9, 0],
				"cubes": [
					{"origin": [0.499, 0, -1.5], "size": [3, 9, 3], "uv": [12, 32]}
				]
			},
			{
				"name": "legRight",
				"pivot": [-2, 9, 0],
				"cubes": [
					{"origin": [-3.499, 0, -1.5], "size": [3, 9, 3], "uv": [0, 32]},
					{"origin": [-3.499, 1.5, -1.5], "size": [3, 1, 3], "uv": [32, 24], "inflate": 0.5}
				]
			}
		]
	}
}