{
	"format_version": "1.10.0",
	"geometry.model": {
		"texturewidth": 128,
		"textureheight": 128,
		"visible_bounds_width": 4,
		"visible_bounds_height": 3,
		"visible_bounds_offset": [0, 1.5, 0],
		"bones": [
			{
				"name": "head",
				"pivot": [0, 17, -1],
				"cubes": [
					{"origin": [-3, 17, -4], "size": [6, 6, 6], "uv": [0, 0]},
					{"origin": [-3, 17, -4.2], "size": [6, 6, 1], "uv": [29, 5]},
					{"origin": [2.2, 17, -4], "size": [1, 6, 6], "uv": [29, 0]},
					{"origin": [-3.2, 17, -4], "size": [1, 6, 6], "uv": [24, 0]}
				]
			},
			{
				"name": "blink",
				"parent": "head",
				"pivot": [0, 18, 0],
				"cubes": [
					{"origin": [-3, 17, -4.01], "size": [6, 6, 6], "uv": [48, 0]}
				]
			},
			{
				"name": "bone",
				"parent": "head",
				"pivot": [3, 23, -1],
				"rotation": [0, 0, 20],
				"cubes": [
					{"origin": [2.4, 22.8, -2], "size": [1, 1, 1], "uv": [0, 0]}
				]
			},
			{
				"name": "bone2",
				"parent": "bone",
				"pivot": [3, 23, -1],
				"rotation": [0, 0, 20],
				"cubes": [
					{"origin": [1.6, 23, -3], "size": [3, 1, 3], "uv": [87, 0]}
				]
			},
			{
				"name": "bone3",
				"parent": "bone",
				"pivot": [3, 23, -1],
				"rotation": [0, 0, -55],
				"cubes": [
					{"origin": [2, 18, -3], "size": [1, 5, 3], "uv": [80, 0]}
				]
			},
			{
				"name": "hair",
				"parent": "head",
				"pivot": [0, 17, -1]
			},
			{
				"name": "1",
				"parent": "hair",
				"pivot": [1, 19, 2],
				"rotation": [30, 0, -10],
				"cubes": [
					{"origin": [0, 14, 1], "size": [2, 5, 1], "uv": [73, 1]},
					{"origin": [0, 12, 0], "size": [2, 2, 2], "uv": [72, 4]}
				]
			},
			{
				"name": "2",
				"parent": "hair",
				"pivot": [-1, 19, 2],
				"rotation": [30, 0, 10],
				"cubes": [
					{"origin": [-2, 14, 1], "size": [2, 5, 1], "uv": [73, 1]},
					{"origin": [-2, 12, 0], "size": [2, 2, 2], "uv": [72, 4]}
				]
			},
			{
				"name": "3",
				"parent": "hair",
				"pivot": [-3, 19, 2],
				"rotation": [20, -15, 25],
				"cubes": [
					{"origin": [-3, 15, 1], "size": [2, 5, 1], "uv": [73, 1]},
					{"origin": [-3, 13, 0], "size": [2, 2, 2], "uv": [72, 4]}
				]
			},
			{
				"name": "4",
				"parent": "hair",
				"pivot": [3, 19, 2],
				"rotation": [20, 15, -25],
				"cubes": [
					{"origin": [1, 15, 1], "size": [2, 5, 1], "uv": [73, 1]},
					{"origin": [1, 13, 0], "size": [2, 2, 2], "uv": [72, 4]}
				]
			},
			{
				"name": "body",
				"pivot": [0, 10.5, 0]
			},
			{
				"name": "lleg",
				"parent": "body",
				"pivot": [0, 4.5, -1],
				"rotation": [5, -10, 0],
				"cubes": [
					{"origin": [-2, 4.5, -1], "size": [2, 4, 2], "uv": [0, 27]}
				]
			},
			{
				"name": "ld",
				"parent": "lleg",
				"pivot": [0, 4.5, -1],
				"rotation": [10, 0, 0],
				"cubes": [
					{"origin": [-2, 0.5, -1], "size": [2, 4, 2], "uv": [0, 33]},
					{"origin": [-2.2, 4.9, -1], "size": [1, 1, 1], "uv": [0, 21]}
				]
			},
			{
				"name": "rleg",
				"parent": "body",
				"pivot": [0, 4.5, -1],
				"rotation": [5, 10, 0],
				"cubes": [
					{"origin": [0, 4.5, -1], "size": [2, 4, 2], "uv": [0, 27]}
				]
			},
			{
				"name": "rd",
				"parent": "rleg",
				"pivot": [0, 4.5, -1],
				"rotation": [10, 0, 0],
				"cubes": [
					{"origin": [0, 0.5, -1], "size": [2, 4, 2], "uv": [0, 33]},
					{"origin": [1.2, 4.9, -1], "size": [1, 1, 1], "uv": [0, 21]}
				]
			},
			{
				"name": "bodym",
				"parent": "body",
				"pivot": [0, 10.5, 0],
				"cubes": [
					{"origin": [-0.5, 4.9, -1.4], "size": [1, 1, 1], "uv": [0, 21]},
					{"origin": [-2.5, 11, -2], "size": [5, 6, 2], "uv": [16, 12]},
					{"origin": [-0.5, 10.7, -2.5], "size": [1, 1, 1], "uv": [19, 20]},
					{"origin": [-1, 14.3, -2.1], "size": [2, 1, 1], "uv": [0, 2]},
					{"origin": [-0.5, 13.5, -2.1], "size": [1, 2, 1], "uv": [18, 0]},
					{"origin": [-0.5, 14.3, -2.2], "size": [1, 1, 1], "uv": [0, 4]}
				]
			},
			{
				"name": "dress",
				"parent": "bodym",
				"pivot": [0, 10.5, 0],
				"rotation": [-10, 0, 0],
				"cubes": [
					{"origin": [-4, 7.6, -3.3], "size": [8, 2, 7], "uv": [20, 20]},
					{"origin": [-3, 9, -2.3], "size": [6, 2, 4], "uv": [0, 21]}
				]
			},
			{
				"name": "t1",
				"parent": "bodym",
				"pivot": [-3, 7.5, -2],
				"rotation": [-20, 40, 0],
				"cubes": [
					{"origin": [-3.5, 2.4, -2], "size": [2, 6, 1], "uv": [8, 29]}
				]
			},
			{
				"name": "t2",
				"parent": "bodym",
				"pivot": [3, 7.5, -2],
				"rotation": [-20, -40, 0],
				"cubes": [
					{"origin": [1.5, 2.4, -2], "size": [2, 6, 1], "uv": [13, 29]}
				]
			},
			{
				"name": "t3",
				"parent": "bodym",
				"pivot": [-2, 7.5, 3],
				"rotation": [30, 0, 25],
				"cubes": [
					{"origin": [-3.5, 0.5, 2], "size": [3, 7, 1], "uv": [24, 29]},
					{"origin": [-4, -2.5, 1.7], "size": [3, 10, 1], "uv": [43, 29]}
				]
			},
			{
				"name": "t4",
				"parent": "bodym",
				"pivot": [2, 7.5, 3],
				"rotation": [30, 0, -25],
				"cubes": [
					{"origin": [0.5, 0.5, 2], "size": [3, 7, 1], "uv": [16, 29]},
					{"origin": [1, -2.5, 1.7], "size": [3, 10, 1], "uv": [32, 29]}
				]
			},
			{
				"name": "armRight",
				"pivot": [-3, 16.5, -1],
				"rotation": [0, 0, 15],
				"cubes": [
					{"origin": [-4.25882, 9.96593, -1.9], "size": [2, 7, 2], "uv": [0, 12]},
					{"origin": [-4.4, 15.5, -2], "size": [1, 1, 1], "uv": [30, 18]},
					{"origin": [-4.4, 15.5, -0.8], "size": [1, 1, 1], "uv": [30, 18]},
					{"origin": [-5.3, 15.8, -1.4], "size": [1, 1, 1], "uv": [30, 16]},
					{"origin": [-6, 14.5, -0.9], "size": [2, 3, 1], "uv": [30, 12]}
				]
			},
			{
				"name": "armLeft",
				"pivot": [3, 16.5, -1],
				"rotation": [0, 0, -15],
				"cubes": [
					{"origin": [2.25882, 9.96593, -1.9], "size": [2, 7, 2], "uv": [8, 12]},
					{"origin": [4, 14.5, -0.9], "size": [2, 3, 1], "uv": [35, 12]},
					{"origin": [4.3, 15.8, -1.4], "size": [1, 1, 1], "uv": [30, 16]},
					{"origin": [3.4, 15.5, -2], "size": [1, 1, 1], "uv": [30, 18]},
					{"origin": [3.4, 15.5, -0.8], "size": [1, 1, 1], "uv": [30, 18]}
				]
			},
			{
				"name": "sinFloat",
				"pivot": [0, 3, 6],
				"rotation": [15, 0, 0]
			},
			{
				"name": "weela1",
				"parent": "sinFloat",
				"pivot": [0, 27, 18],
				"cubes": [
					{"origin": [-1.5, 25, 13], "size": [3, 4, 2], "uv": [0, 81]}
				]
			},
			{
				"name": "weela2",
				"parent": "weela1",
				"pivot": [0, 25, 13],
				"rotation": [45, 0, 0],
				"cubes": [
					{"origin": [-1.5, 21, 13], "size": [3, 4, 2], "uv": [0, 87]}
				]
			},
			{
				"name": "weela3",
				"parent": "weela2",
				"pivot": [0, 21, 13],
				"rotation": [45, 0, 0],
				"cubes": [
					{"origin": [-1.5, 17, 13], "size": [3, 4, 2], "uv": [0, 93]}
				]
			},
			{
				"name": "weela4",
				"parent": "weela3",
				"pivot": [0, 17, 13],
				"rotation": [45, 0, 0],
				"cubes": [
					{"origin": [-1.5, 13, 13], "size": [3, 4, 2], "uv": [0, 99]}
				]
			},
			{
				"name": "weela5",
				"parent": "weela4",
				"pivot": [0, 13, 13],
				"rotation": [45, 0, 0],
				"cubes": [
					{"origin": [-1.5, 9, 13], "size": [3, 4, 2], "uv": [0, 87]}
				]
			},
			{
				"name": "weela6",
				"parent": "weela5",
				"pivot": [0, 9, 13],
				"rotation": [45, 0, 0],
				"cubes": [
					{"origin": [-1.5, 5, 13], "size": [3, 4, 2], "uv": [0, 93]}
				]
			},
			{
				"name": "weela7",
				"parent": "weela6",
				"pivot": [0, 5, 13],
				"rotation": [45, 0, 0],
				"cubes": [
					{"origin": [-1.5, 1, 13], "size": [3, 4, 2], "uv": [0, 99]}
				]
			},
			{
				"name": "weela8",
				"parent": "weela7",
				"pivot": [0, 1, 13],
				"rotation": [45, 0, 0],
				"cubes": [
					{"origin": [-1.5, -3, 13], "size": [3, 4, 2], "uv": [0, 75]}
				]
			},
			{
				"name": "weelb",
				"parent": "sinFloat",
				"pivot": [0, 3, 6]
			},
			{
				"name": "b1",
				"parent": "weelb",
				"pivot": [2, 27, 19],
				"rotation": [0, 0, 5]
			},
			{
				"name": "bone14",
				"parent": "b1",
				"pivot": [0, 31, 15],
				"cubes": [
					{"origin": [0, 24, 15], "size": [2, 6, 6], "uv": [0, 39]}
				]
			},
			{
				"name": "b2",
				"parent": "weelb",
				"pivot": [-2, 27, 19],
				"rotation": [0, 0, -5],
				"cubes": [
					{"origin": [-2, 24, 15], "size": [2, 6, 6], "uv": [0, 39]}
				]
			},
			{
				"name": "weelc1",
				"parent": "sinFloat",
				"pivot": [2, 27, 19],
				"rotation": [10, 25, 0],
				"cubes": [
					{"origin": [3, 26, 17], "size": [2, 6, 6], "uv": [0, 51]}
				]
			},
			{
				"name": "bone5",
				"parent": "weelc1",
				"pivot": [2, 27, 22],
				"rotation": [-10, -5, 0],
				"cubes": [
					{"origin": [1, 27, 21], "size": [2, 2, 8], "uv": [10, 43]}
				]
			},
			{
				"name": "bone7",
				"parent": "bone5",
				"pivot": [2, 27, 22],
				"rotation": [20, 0, 0],
				"cubes": [
					{"origin": [1, 29, 22], "size": [2, 2, 8], "uv": [10, 43]}
				]
			},
			{
				"name": "weelc2",
				"parent": "sinFloat",
				"pivot": [-2, 27, 19],
				"rotation": [10, -25, 0],
				"cubes": [
					{"origin": [-5, 26, 17], "size": [2, 6, 6], "uv": [0, 51]}
				]
			},
			{
				"name": "bone4",
				"parent": "weelc2",
				"pivot": [-1, 27, 22],
				"rotation": [-10, 5, 0],
				"cubes": [
					{"origin": [-3, 27, 21], "size": [2, 2, 8], "uv": [10, 43]}
				]
			},
			{
				"name": "bone6",
				"parent": "bone4",
				"pivot": [-1, 27, 22],
				"rotation": [20, 0, 0],
				"cubes": [
					{"origin": [-3, 29, 22], "size": [2, 2, 8], "uv": [10, 43]}
				]
			},
			{
				"name": "body1",
				"parent": "sinFloat",
				"pivot": [0, 28, 13],
				"rotation": [30, 0, 0],
				"cubes": [
					{"origin": [-1, 25, 10], "size": [2, 3, 2], "uv": [0, 63]},
					{"origin": [-0.5, 26.5, 9.9], "size": [1, 1, 1], "uv": [6, 63]},
					{"origin": [-0.5, 28, 11], "size": [1, 2, 2], "uv": [0, 70]}
				]
			},
			{
				"name": "body2",
				"parent": "sinFloat",
				"pivot": [-1, 28, 11],
				"rotation": [45, -30, 0],
				"cubes": [
					{"origin": [-1.5, 27, 9], "size": [1, 1, 4], "uv": [6, 64]}
				]
			},
			{
				"name": "body3",
				"parent": "sinFloat",
				"pivot": [1, 28, 11],
				"rotation": [45, 30, 0],
				"cubes": [
					{"origin": [0.5, 27, 9], "size": [1, 1, 4], "uv": [6, 64]}
				]
			},
			{
				"name": "body4",
				"parent": "sinFloat",
				"pivot": [0, 29, 10],
				"rotation": [25, -20, 0],
				"cubes": [
					{"origin": [-0.95882, 28.40822, 9.12457], "size": [1, 1, 16], "uv": [0, 53]}
				]
			},
			{
				"name": "body5",
				"parent": "sinFloat",
				"pivot": [0, 29, 10],
				"rotation": [25, 20, 0],
				"cubes": [
					{"origin": [-0.04118, 28.40822, 9.12457], "size": [1, 1, 16], "uv": [0, 53]}
				]
			},
			{
				"name": "bone8",
				"parent": "sinFloat",
				"pivot": [2, 28, 12],
				"rotation": [20, 25, 15],
				"cubes": [
					{"origin": [2.5, 26, 11], "size": [1, 4, 6], "uv": [10, 70]}
				]
			},
			{
				"name": "bone10",
				"parent": "bone8",
				"pivot": [2, 28, 12],
				"rotation": [10, 5, 0],
				"cubes": [
					{"origin": [1.8, 29.3, 11.2], "size": [1, 1, 6], "uv": [10, 63]}
				]
			},
			{
				"name": "bone12",
				"parent": "bone8",
				"pivot": [2, 26, 12],
				"rotation": [0, 0, 10],
				"cubes": [
					{"origin": [2, 24.5, 10.8], "size": [1, 2, 5], "uv": [10, 80]}
				]
			},
			{
				"name": "bone9",
				"parent": "sinFloat",
				"pivot": [-2, 28, 12],
				"rotation": [20, -25, -15],
				"cubes": [
					{"origin": [-3.5, 26, 11], "size": [1, 4, 6], "uv": [10, 70]}
				]
			},
			{
				"name": "bone11",
				"parent": "bone9",
				"pivot": [-2, 28, 12],
				"rotation": [10, -5, 0],
				"cubes": [
					{"origin": [-2.8, 29.3, 11.2], "size": [1, 1, 6], "uv": [10, 63]}
				]
			},
			{
				"name": "bone13",
				"parent": "bone9",
				"pivot": [-2, 26, 12],
				"rotation": [0, 0, -10],
				"cubes": [
					{"origin": [-3, 24.5, 10.8], "size": [1, 2, 5], "uv": [10, 80]}
				]
			},
			{
				"name": "bone15",
				"parent": "sinFloat",
				"pivot": [1, 31, 15],
				"rotation": [30, 25, -30],
				"cubes": [
					{"origin": [-0.5, 29, 13], "size": [2, 4, 7], "uv": [17, 74]}
				]
			},
			{
				"name": "bone16",
				"parent": "sinFloat",
				"pivot": [-1, 31, 15],
				"rotation": [30, -25, 30],
				"cubes": [
					{"origin": [-1.5, 29, 13], "size": [2, 4, 7], "uv": [17, 74]}
				]
			},
			{
				"name": "bone17",
				"parent": "sinFloat",
				"pivot": [0, 34, 22],
				"rotation": [0, 40, 15],
				"cubes": [
					{"origin": [0.4, 33, 20], "size": [2, 1, 2], "uv": [6, 70]}
				]
			},
			{
				"name": "bone18",
				"parent": "sinFloat",
				"pivot": [0, 34, 22],
				"rotation": [0, -40, -15],
				"cubes": [
					{"origin": [-2.4, 33, 20], "size": [2, 1, 2], "uv": [6, 70]}
				]
			},
			{
				"name": "bone19",
				"parent": "sinFloat",
				"pivot": [0, 32, 20],
				"rotation": [-10, 0, 0],
				"cubes": [
					{"origin": [-1.5, 32, 20], "size": [3, 1, 4], "uv": [33, 44]}
				]
			},
			{
				"name": "bone20",
				"parent": "bone19",
				"pivot": [0, 33, 24],
				"rotation": [-30, 0, 0],
				"cubes": [
					{"origin": [-1.5, 32, 24], "size": [3, 1, 3], "uv": [34, 49]}
				]
			},
			{
				"name": "bone21",
				"parent": "bone20",
				"pivot": [0, 33, 27],
				"rotation": [-25, 0, 0],
				"cubes": [
					{"origin": [-1.5, 32, 27], "size": [3, 1, 3], "uv": [34, 53]}
				]
			},
			{
				"name": "bone22",
				"parent": "bone21",
				"pivot": [0, 33, 30],
				"rotation": [-25, 0, 0],
				"cubes": [
					{"origin": [-1.5, 32, 30], "size": [3, 1, 3], "uv": [34, 57]}
				]
			},
			{
				"name": "bone23",
				"parent": "bone22",
				"pivot": [0, 33, 33],
				"rotation": [-25, 0, 0],
				"cubes": [
					{"origin": [-1.5, 32, 33], "size": [3, 1, 3], "uv": [34, 61]}
				]
			},
			{
				"name": "bone24",
				"parent": "bone23",
				"pivot": [0, 33, 36],
				"rotation": [-10, 0, 0],
				"cubes": [
					{"origin": [-1.5, 32, 36], "size": [3, 1, 3], "uv": [34, 67]}
				]
			},
			{
				"name": "bone25",
				"parent": "bone24",
				"pivot": [0, 33, 39],
				"rotation": [30, 0, 0],
				"cubes": [
					{"origin": [-1.5, 32, 39], "size": [3, 1, 5], "uv": [32, 65]}
				]
			},
			{
				"name": "bone26",
				"parent": "bone25",
				"pivot": [0, 33, 45],
				"rotation": [25, 0, 0],
				"cubes": [
					{"origin": [-0.5, 32, 45], "size": [1, 1, 4], "uv": [34, 69]}
				]
			},
			{
				"name": "bone27",
				"parent": "sinFloat",
				"pivot": [8, 29, 17],
				"rotation": [-40, 15, 0],
				"cubes": [
					{"origin": [8, 28, 16], "size": [1, 1, 4], "uv": [18, 53]},
					{"origin": [8, 28, 16], "size": [1, 4, 1], "uv": [18, 58]}
				]
			},
			{
				"name": "bone28",
				"parent": "sinFloat",
				"pivot": [-8, 29, 17],
				"rotation": [-40, -15, 0],
				"cubes": [
					{"origin": [-9, 28, 16], "size": [1, 4, 1], "uv": [18, 58]},
					{"origin": [-9, 28, 16], "size": [1, 1, 4], "uv": [18, 53]}
				]
			},
			{
				"name": "arm1",
				"parent": "sinFloat",
				"pivot": [-14, 24, 12],
				"rotation": [45, 0, 35],
				"cubes": [
					{"origin": [-17, 24, 11], "size": [2, 1, 7], "uv": [39, 12]},
					{"origin": [-17, 23.5, 8], "size": [2, 2, 3], "uv": [48, 12]},
					{"origin": [-17.5, 22.49, 7.5], "size": [2, 4, 3], "uv": [70, 14]}
				]
			},
			{
				"name": "bone29",
				"parent": "arm1",
				"pivot": [-15, 25, 12],
				"rotation": [0, 0, -40],
				"cubes": [
					{"origin": [-16, 25, 10.9], "size": [1, 2, 6], "uv": [55, 12]}
				]
			},
			{
				"name": "bone33",
				"parent": "bone29",
				"pivot": [-15, 25, 17],
				"rotation": [0, -25, 0],
				"cubes": [
					{"origin": [-16, 25, 16.9], "size": [1, 2, 4], "uv": [43, 20]},
					{"origin": [-18, 25.5, 10], "size": [1, 2, 2], "uv": [40, 15]}
				]
			},
			{
				"name": "bone32",
				"parent": "arm1",
				"pivot": [-15, 24, 12],
				"rotation": [0, 0, 40],
				"cubes": [
					{"origin": [-16, 22, 10.9], "size": [1, 2, 6], "uv": [50, 20]}
				]
			},
			{
				"name": "bone34",
				"parent": "bone32",
				"pivot": [-15, 24, 17],
				"rotation": [0, -25, 0],
				"cubes": [
					{"origin": [-16, 22, 16.9], "size": [1, 2, 4], "uv": [43, 20]},
					{"origin": [-18, 21.5, 10], "size": [1, 2, 2], "uv": [40, 15]}
				]
			},
			{
				"name": "armj2",
				"parent": "arm1",
				"pivot": [-17, 25, 11],
				"cubes": [
					{"origin": [-18.7, 21.5, 10.5], "size": [2, 6, 8], "uv": [43, 36]},
					{"origin": [-19, 23, 11], "size": [2, 3, 7], "uv": [52, 28]},
					{"origin": [-18, 26.3, 16], "size": [1, 1, 3], "uv": [55, 38]}
				]
			},
			{
				"name": "bone37",
				"parent": "armj2",
				"pivot": [-17, 26.5, 18.5],
				"rotation": [-15, 10, 0],
				"cubes": [
					{"origin": [-18.6, 24.5, 18.2], "size": [2, 3, 4], "uv": [64, 21]}
				]
			},
			{
				"name": "bone38",
				"parent": "armj2",
				"pivot": [-17, 22.5, 18.5],
				"rotation": [15, 10, 0],
				"cubes": [
					{"origin": [-18.65, 21.5, 18.2], "size": [2, 3, 4], "uv": [76, 21]}
				]
			},
			{
				"name": "bone61",
				"parent": "armj2",
				"pivot": [-18.7, 26.5, 10.5],
				"rotation": [15, -10, 0],
				"cubes": [
					{"origin": [-18.6, 24.5, 4.5], "size": [1, 3, 6], "uv": [0, 105]}
				]
			},
			{
				"name": "bone62",
				"parent": "armj2",
				"pivot": [-18.7, 22.5, 10.5],
				"rotation": [-15, -10, 0],
				"cubes": [
					{"origin": [-18.7, 21.5, 4.5], "size": [1, 3, 6], "uv": [0, 114]}
				]
			},
			{
				"name": "bone41",
				"parent": "arm1",
				"pivot": [-16, 24, 9],
				"cubes": [
					{"origin": [-16.6, 23.5, 6], "size": [2, 2, 2], "uv": [10, 87]}
				]
			},
			{
				"name": "bone42",
				"parent": "bone41",
				"pivot": [-16, 24.5, 6],
				"rotation": [-15, -20, 0],
				"cubes": [
					{"origin": [-17, 22.5, 2.3], "size": [2, 4, 4], "uv": [14, 87]},
					{"origin": [-15.9, 23, 3], "size": [1, 3, 3], "uv": [22, 85]},
					{"origin": [-15.8, 23.5, 3.5], "size": [1, 2, 2], "uv": [14, 95]}
				]
			},
			{
				"name": "bone45",
				"parent": "bone42",
				"pivot": [-16, 25.5, 2.5],
				"rotation": [-5, 0, 0],
				"cubes": [
					{"origin": [-16.3, 25.3, 0.5], "size": [1, 1, 2], "uv": [14, 99]}
				]
			},
			{
				"name": "bone46",
				"parent": "bone45",
				"pivot": [-16, 25.5, 0.5],
				"rotation": [0, -25, 0],
				"cubes": [
					{"origin": [-16.3, 25.3, -1.5], "size": [1, 1, 2], "uv": [14, 99]}
				]
			},
			{
				"name": "bone53",
				"parent": "bone42",
				"pivot": [-16, 24, 2.5],
				"cubes": [
					{"origin": [-16.3, 23.91659, 0.55394], "size": [1, 1, 2], "uv": [14, 99]}
				]
			},
			{
				"name": "bone54",
				"parent": "bone53",
				"pivot": [-16, 23.5, 0.5],
				"rotation": [0, -25, 0],
				"cubes": [
					{"origin": [-16.2772, 23.91659, -1.45111], "size": [1, 1, 2], "uv": [14, 99]}
				]
			},
			{
				"name": "bone55",
				"parent": "bone42",
				"pivot": [-16, 23.5, 3.5],
				"rotation": [10, 0, 0],
				"cubes": [
					{"origin": [-16.3, 22.4981, 1.25487], "size": [1, 1, 2], "uv": [14, 99]}
				]
			},
			{
				"name": "bone56",
				"parent": "bone55",
				"pivot": [-16, 25.5, 1.5],
				"rotation": [0, -25, 0],
				"cubes": [
					{"origin": [-16.4036, 22.4981, -0.72217], "size": [1, 1, 2], "uv": [14, 99]}
				]
			},
			{
				"name": "bone57",
				"parent": "bone42",
				"pivot": [-16, 25.5, 5.5],
				"rotation": [-40, 0, 0],
				"cubes": [
					{"origin": [-16.3, 25.3, 3.5], "size": [1, 1, 2], "uv": [14, 99]}
				]
			},
			{
				"name": "bone58",
				"parent": "bone57",
				"pivot": [-16, 25.5, 3.5],
				"rotation": [0, -25, 0],
				"cubes": [
					{"origin": [-16.3, 25.3, 1.5], "size": [1, 1, 2], "uv": [14, 99]}
				]
			},
			{
				"name": "arm2",
				"parent": "sinFloat",
				"pivot": [14, 24, 12],
				"rotation": [45, 0, -35],
				"cubes": [
					{"origin": [15, 24, 11], "size": [2, 1, 7], "uv": [39, 12]},
					{"origin": [15, 23.5, 8], "size": [2, 2, 3], "uv": [48, 12]},
					{"origin": [15.5, 22.49, 7.5], "size": [2, 4, 3], "uv": [70, 14]}
				]
			},
			{
				"name": "bone30",
				"parent": "arm2",
				"pivot": [15, 25, 12],
				"rotation": [0, 0, 40],
				"cubes": [
					{"origin": [15, 25, 10.9], "size": [1, 2, 6], "uv": [55, 12]}
				]
			},
			{
				"name": "bone35",
				"parent": "bone30",
				"pivot": [15, 25, 17],
				"rotation": [0, 25, 0],
				"cubes": [
					{"origin": [15, 25, 16.9], "size": [1, 2, 4], "uv": [43, 20]},
					{"origin": [17, 25.5, 10], "size": [1, 2, 2], "uv": [40, 15]}
				]
			},
			{
				"name": "bone31",
				"parent": "arm2",
				"pivot": [15, 24, 12],
				"rotation": [0, 0, -40],
				"cubes": [
					{"origin": [15, 22, 10.9], "size": [1, 2, 6], "uv": [50, 20]}
				]
			},
			{
				"name": "bone36",
				"parent": "bone31",
				"pivot": [15, 24, 17],
				"rotation": [0, 25, 0],
				"cubes": [
					{"origin": [15, 22, 16.9], "size": [1, 2, 4], "uv": [43, 20]},
					{"origin": [17, 21.5, 10], "size": [1, 2, 2], "uv": [40, 15]}
				]
			},
			{
				"name": "armj1",
				"parent": "arm2",
				"pivot": [17, 25, 11],
				"cubes": [
					{"origin": [17, 23, 11], "size": [2, 3, 7], "uv": [52, 28]},
					{"origin": [16.7, 21.5, 10.5], "size": [2, 6, 8], "uv": [43, 50]},
					{"origin": [17, 26.3, 16], "size": [1, 1, 3], "uv": [55, 38]}
				]
			},
			{
				"name": "bone65",
				"parent": "armj1",
				"pivot": [18.7, 22.5, 10.5],
				"rotation": [-15, 10, 0],
				"cubes": [
					{"origin": [17.7, 21.5, 4.5], "size": [1, 3, 6], "uv": [14, 114]}
				]
			},
			{
				"name": "bone63",
				"parent": "armj1",
				"pivot": [18.7, 26.5, 10.5],
				"rotation": [15, 10, 0]
			},
			{
				"name": "bone64",
				"parent": "bone63",
				"pivot": [18.7, 25, 10],
				"cubes": [
					{"origin": [17.6, 24.5, 4.5], "size": [1, 3, 6], "uv": [14, 105]}
				]
			},
			{
				"name": "bone39",
				"parent": "arm2",
				"pivot": [17, 26.5, 18.5],
				"rotation": [-15, -10, 0],
				"cubes": [
					{"origin": [16.6, 24.5, 18.2], "size": [2, 3, 4], "uv": [64, 21]}
				]
			},
			{
				"name": "bone40",
				"parent": "arm2",
				"pivot": [17, 22.5, 18.5],
				"rotation": [15, -10, 0],
				"cubes": [
					{"origin": [16.65, 21.5, 18.2], "size": [2, 3, 4], "uv": [76, 21]}
				]
			},
			{
				"name": "bone43",
				"parent": "arm2",
				"pivot": [16, 24, 9],
				"cubes": [
					{"origin": [14.6, 23.5, 6], "size": [2, 2, 2], "uv": [10, 87]}
				]
			},
			{
				"name": "bone44",
				"parent": "bone43",
				"pivot": [16, 24.5, 6],
				"rotation": [-15, 20, 0],
				"cubes": [
					{"origin": [15, 22.5, 2.3], "size": [2, 4, 4], "uv": [26, 87]},
					{"origin": [14.9, 23, 3], "size": [1, 3, 3], "uv": [22, 85]},
					{"origin": [14.8, 23.5, 3.5], "size": [1, 2, 2], "uv": [14, 95]}
				]
			},
			{
				"name": "bone51",
				"parent": "bone44",
				"pivot": [16, 25.5, 2.5],
				"rotation": [-5, 0, 0],
				"cubes": [
					{"origin": [15.3, 25.3, 0.5], "size": [1, 1, 2], "uv": [14, 102]}
				]
			},
			{
				"name": "bone52",
				"parent": "bone51",
				"pivot": [16, 25.5, 0.5],
				"rotation": [0, 25, 0],
				"cubes": [
					{"origin": [15.3, 25.3, -1.5], "size": [1, 1, 2], "uv": [14, 102]}
				]
			},
			{
				"name": "bone47",
				"parent": "bone44",
				"pivot": [16, 24, 2.5],
				"cubes": [
					{"origin": [15.3, 23.91662, 0.37897], "size": [1, 1, 2], "uv": [14, 102]}
				]
			},
			{
				"name": "bone48",
				"parent": "bone47",
				"pivot": [16, 25.5, 0.5],
				"rotation": [0, 25, 0],
				"cubes": [
					{"origin": [15.35115, 23.91662, -1.60969], "size": [1, 1, 2], "uv": [14, 102]}
				]
			},
			{
				"name": "bone49",
				"parent": "bone44",
				"pivot": [16, 23.5, 3.5],
				"rotation": [10, 0, 0],
				"cubes": [
					{"origin": [15.3, 22.4981, 1.25487], "size": [1, 1, 2], "uv": [14, 102]}
				]
			},
			{
				"name": "bone50",
				"parent": "bone49",
				"pivot": [16, 25.5, 1.5],
				"rotation": [0, 25, 0],
				"cubes": [
					{"origin": [15.4036, 22.4981, -0.72217], "size": [1, 1, 2], "uv": [14, 102]}
				]
			},
			{
				"name": "bone59",
				"parent": "bone44",
				"pivot": [16, 25.5, 5.5],
				"rotation": [-40, 0, 0],
				"cubes": [
					{"origin": [15.3, 25.3, 3.5], "size": [1, 1, 2], "uv": [14, 102]}
				]
			},
			{
				"name": "bone60",
				"parent": "bone59",
				"pivot": [16, 25.5, 3.5],
				"rotation": [0, 25, 0],
				"cubes": [
					{"origin": [15.3, 25.3, 1.5], "size": [1, 1, 2], "uv": [14, 102]}
				]
			},
			{
				"name": "bone66",
				"parent": "sinFloat",
				"pivot": [0, 32, 12],
				"rotation": [40, 0, 0],
				"cubes": [
					{"origin": [-0.5, 32, 10], "size": [1, 2, 3], "uv": [55, 50]}
				]
			},
			{
				"name": "bone67",
				"parent": "bone66",
				"pivot": [0.5, 32, 10],
				"rotation": [0, 25, 0],
				"cubes": [
					{"origin": [-0.5, 32.1, 10], "size": [1, 2, 3], "uv": [55, 50]},
					{"origin": [-2.5, 32, 11], "size": [1, 2, 3], "uv": [63, 50]}
				]
			},
			{
				"name": "bone68",
				"parent": "bone66",
				"pivot": [-0.5, 32, 10],
				"rotation": [0, -25, 0],
				"cubes": [
					{"origin": [-0.5, 32.1, 10], "size": [1, 2, 3], "uv": [55, 50]},
					{"origin": [1.5, 32, 11], "size": [1, 2, 3], "uv": [63, 49]}
				]
			},
			{
				"name": "bone69",
				"parent": "sinFloat",
				"pivot": [0, 32, 9],
				"rotation": [45, 0, 0]
			},
			{
				"name": "bone70",
				"parent": "bone69",
				"pivot": [0, 32, 9],
				"rotation": [0, 45, 0],
				"cubes": [
					{"origin": [-3.5, 31.5, 8.5], "size": [4, 1, 4], "uv": [63, 28]},
					{"origin": [-7, 30, 8], "size": [8, 1, 8], "uv": [64, 48]}
				]
			},
			{
				"name": "backpackPositioningBone",
				"pivot": [0, 16, -1]
			}
		]
	}
}