{
	"format_version": "1.10.0",
	"geometry.model": {
		"texturewidth": 128,
		"textureheight": 128,
		"visible_bounds_width": 2,
		"visible_bounds_height": 3,
		"visible_bounds_offset": [0, 1.5, 0],
		"bones": [
			{
				"name": "head",
				"pivot": [0, 18, 0],
				"cubes": [
					{"origin": [-4, 18, -4], "size": [8, 8, 8], "uv": [0, 29]},
					{"origin": [-4, 18, -3], "size": [8, 8, 7], "uv": [0, 45], "inflate": 0.2},
					{"origin": [-3.2, 24.2, 3.6], "size": [1, 1, 1], "uv": [39, 3]},
					{"origin": [-4, 17.8, -3.8], "size": [8, 8, 7], "uv": [32, 32], "inflate": 0.21},
					{"origin": [-4, 18, -4], "size": [8, 8, 1], "uv": [50, 50], "inflate": 0.1}
				]
			},
			{
				"name": "bone17",
				"parent": "head",
				"pivot": [-3.1, 26, 4.1],
				"rotation": [-9, 0, -18],
				"cubes": [
					{"origin": [-3.6, 25, 3.6], "size": [1, 2, 1], "uv": [39, 0], "inflate": -0.1}
				]
			},
			{
				"name": "bone16",
				"parent": "head",
				"pivot": [-3.2, 24.7, 3.9],
				"rotation": [0, 19, 15],
				"cubes": [
					{"origin": [-4.2, 24.2, 3.4], "size": [2, 1, 1], "uv": [32, 36], "inflate": -0.1}
				]
			},
			{
				"name": "bone18",
				"parent": "head",
				"pivot": [-3.4, 23.9, 4.2],
				"rotation": [0, 15, -36],
				"cubes": [
					{"origin": [-4.4, 23.4, 3.7], "size": [2, 1, 1], "uv": [33, 29], "inflate": -0.1}
				]
			},
			{
				"name": "bone9",
				"parent": "head",
				"pivot": [-3.7, 25.5, -0.9],
				"rotation": [0, 0, 8],
				"cubes": [
					{"origin": [-4.2, 20, -1.4], "size": [1, 6, 1], "uv": [66, 25]}
				]
			},
			{
				"name": "bone14",
				"parent": "bone9",
				"pivot": [-3.8, 23.6, -1.6],
				"rotation": [-3, 0, 0],
				"cubes": [
					{"origin": [-4.8, 20.6, -2.6], "size": [2, 6, 2], "uv": [32, 66], "inflate": -0.3}
				]
			},
			{
				"name": "bone12",
				"parent": "bone9",
				"pivot": [4.2, 23.8, -2],
				"rotation": [-3, 0, -14],
				"cubes": [
					{"origin": [3.2, 20.8, -3], "size": [2, 6, 2], "uv": [0, 29], "inflate": -0.3}
				]
			},
			{
				"name": "bone15",
				"parent": "bone9",
				"pivot": [4.2, 23, -0.8],
				"rotation": [4, 0, -14],
				"cubes": [
					{"origin": [3.2, 20, -1.8], "size": [2, 6, 2], "uv": [0, 0], "inflate": -0.3}
				]
			},
			{
				"name": "bone13",
				"parent": "bone9",
				"pivot": [-3.8, 23.2, 0.4],
				"rotation": [7, 0, 0],
				"cubes": [
					{"origin": [-4.8, 20.2, -0.6], "size": [2, 6, 2], "uv": [40, 66], "inflate": -0.3}
				]
			},
			{
				"name": "bone6",
				"parent": "bone9",
				"pivot": [-3.7, 17, -0.9],
				"rotation": [0, 0, -12],
				"cubes": [
					{"origin": [-3.56534, 18.0384, -1.4], "size": [1, 2, 1], "uv": [39, 29]}
				]
			},
			{
				"name": "bone10",
				"parent": "head",
				"pivot": [-3.7, 24.1, 0.3],
				"rotation": [0, 0, 8]
			},
			{
				"name": "bone11",
				"parent": "head",
				"pivot": [-3.7, 24.9, -2.5],
				"rotation": [-6, 0, 8],
				"cubes": [
					{"origin": [-4.2, 19.4, -3], "size": [1, 6, 1], "uv": [0, 45]}
				]
			},
			{
				"name": "bone5",
				"parent": "head",
				"pivot": [-4.2, 20.9, -3],
				"rotation": [0, 0, -5]
			},
			{
				"name": "bone8",
				"parent": "head",
				"pivot": [-3.9, 20.2, -3.3],
				"rotation": [0, 0, -5]
			},
			{
				"name": "bone7",
				"parent": "head",
				"pivot": [-4.2, 29.9, -3],
				"rotation": [-8, 0, 44]
			},
			{
				"name": "blink",
				"parent": "head",
				"pivot": [0, 18, 0],
				"cubes": [
					{"origin": [-4, 18, -4.001], "size": [8, 8, 0], "uv": [30, 58]}
				]
			},
			{
				"name": "armRight",
				"pivot": [-3, 17.5, 0],
				"rotation": [0, 0, 10],
				"cubes": [
					{"origin": [-5, 9.5, -1], "size": [2, 8, 2], "uv": [12, 64]},
					{"origin": [-6.8, 10, -2.5], "size": [5, 4, 5], "uv": [48, 7], "inflate": -0.9}
				]
			},
			{
				"name": "armRightPositioningBone",
				"parent": "armRight",
				"pivot": [-4, 10, 0]
			},
			{
				"name": "armLeft",
				"pivot": [3, 18.5, 0],
				"rotation": [0, 0, -10],
				"cubes": [
					{"origin": [3, 9.5, -1], "size": [2, 8, 2], "uv": [62, 39]},
					{"origin": [1.8, 10, -2.5], "size": [5, 4, 5], "uv": [48, 16], "inflate": -0.9},
					{"origin": [3, 15.5, -1], "size": [2, 2, 2], "uv": [23, 45], "inflate": 0.1}
				]
			},
			{
				"name": "armLeftPositioningBone",
				"parent": "armLeft",
				"pivot": [4, 10, 0]
			},
			{
				"name": "body",
				"pivot": [0, 10.5, 0],
				"cubes": [
					{"origin": [-3, 10.799, -2], "size": [6, 7, 4], "uv": [30, 47], "inflate": -0.11},
					{"origin": [-2, 13.099, -2.9], "size": [4, 2, 2], "uv": [63, 16], "inflate": -0.85},
					{"origin": [-2, 11.599, -2.9], "size": [4, 2, 2], "uv": [63, 16], "inflate": -0.85},
					{"origin": [-3, 14.799, -2], "size": [6, 3, 4], "uv": [55, 32], "inflate": 0.2},
					{"origin": [-3.5, 7.999, -2], "size": [7, 3, 4], "uv": [44, 25]},
					{"origin": [-4, 9.199, -2.5], "size": [8, 2, 5], "uv": [39, 0], "inflate": -0.45},
					{"origin": [-2.4, 8.599, -2.9], "size": [2, 3, 2], "uv": [0, 67], "inflate": -0.8},
					{"origin": [0.4, 8.599, -2.9], "size": [2, 3, 2], "uv": [0, 67], "inflate": -0.8, "mirror": true}
				]
			},
			{
				"name": "bone4",
				"parent": "body",
				"pivot": [0, 14.999, 2.3],
				"rotation": [8, 0, 0],
				"cubes": [
					{"origin": [-7.5, 1.999, -2], "size": [15, 20, 9], "uv": [0, 0], "inflate": -4.5}
				]
			},
			{
				"name": "bone3",
				"parent": "body",
				"pivot": [0, 17.499, -2],
				"rotation": [-25, 0, 0],
				"cubes": [
					{"origin": [-2.5, 15.299, -1.8], "size": [5, 2, 2], "uv": [60, 0], "inflate": 0.1},
					{"origin": [-3.5, 14.299, -2.8], "size": [7, 4, 4], "uv": [3, 76], "inflate": -0.7}
				]
			},
			{
				"name": "bone",
				"parent": "body",
				"pivot": [-3, 10.699, 0],
				"rotation": [0, 0, 10],
				"cubes": [
					{"origin": [-3.5, 9.999, -2], "size": [2, 3, 4], "uv": [63, 4], "inflate": -0.1}
				]
			},
			{
				"name": "bone2",
				"parent": "body",
				"pivot": [3, 10.699, 0],
				"rotation": [0, 0, -10],
				"cubes": [
					{"origin": [1.5, 9.999, -2], "size": [2, 3, 4], "uv": [63, 4], "inflate": -0.1}
				]
			},
			{
				"name": "legLeft",
				"pivot": [2, 9, 0],
				"cubes": [
					{"origin": [0.499, 3, -1.5], "size": [3, 6, 3], "uv": [58, 59]},
					{"origin": [0.499, 0, -1.5], "size": [3, 4, 3], "uv": [24, 29], "inflate": -0.1}
				]
			},
			{
				"name": "legRight",
				"pivot": [-2, 9, 0],
				"cubes": [
					{"origin": [-3.499, 3, -1.5], "size": [3, 6, 3], "uv": [46, 59]},
					{"origin": [-3.499, 0, -1.5], "size": [3, 4, 3], "uv": [0, 60], "inflate": -0.1}
				]
			}
		]
	}
}