{
	"format_version": "1.10.0",
	"geometry.model": {
		"texturewidth": 64,
		"textureheight": 64,
		"visible_bounds_width": 3,
		"visible_bounds_height": 3,
		"visible_bounds_offset": [0, 1.5, 0],
		"bones": [
			{
				"name": "head",
				"pivot": [0, 18, 0],
				"cubes": [
					{"origin": [-4, 18, -4], "size": [8, 8, 8], "uv": [0, 0]},
					{"origin": [-4, 18, -4.001], "size": [8, 8, 1], "uv": [42, 32], "inflate": 0.2}
				]
			},
			{
				"name": "blink",
				"parent": "head",
				"pivot": [0, 18, 0],
				"cubes": [
					{"origin": [-4, 18, -4.005], "size": [8, 8, 0], "uv": [24, 0]}
				]
			},
			{
				"name": "ahoge",
				"parent": "head",
				"pivot": [-0.27838, 25.0949, -1.67861],
				"rotation": [0, -25, 20],
				"cubes": [
					{"origin": [-5.27838, 23.0949, -1.67861], "size": [5, 5, 0], "uv": [8, 42]}
				]
			},
			{
				"name": "hair",
				"parent": "head",
				"pivot": [0, 21, 4],
				"rotation": [10, 0, 0],
				"cubes": [
					{"origin": [-1, 13, 3], "size": [2, 8, 1], "uv": [42, 9]}
				]
			},
			{
				"name": "hm1",
				"parent": "hair",
				"pivot": [0, 10.5, 3.5],
				"rotation": [-5, 0, 0],
				"cubes": [
					{"origin": [-1, 8.03406, 2.78021], "size": [2, 5, 1], "uv": [12, 47]}
				]
			},
			{
				"name": "hl1",
				"parent": "hair",
				"pivot": [1, 19, 4],
				"rotation": [0, 5, -5],
				"cubes": [
					{"origin": [0.08457, 13.04179, 2.91825], "size": [2, 8, 1], "uv": [18, 42]}
				]
			},
			{
				"name": "bone8",
				"parent": "hl1",
				"pivot": [2, 10.5, 3.2],
				"rotation": [-5, 0, 0],
				"cubes": [
					{"origin": [0.08457, 8.09471, 2.69398], "size": [2, 5, 1], "uv": [6, 47]}
				]
			},
			{
				"name": "hl2",
				"parent": "hair",
				"pivot": [3, 19, 4],
				"rotation": [0, 5, -10],
				"cubes": [
					{"origin": [1.60106, 13.31821, 2.70097], "size": [2, 7, 1], "uv": [38, 46]}
				]
			},
			{
				"name": "bone10",
				"parent": "hl2",
				"pivot": [3.49714, 11.85769, 2.81596],
				"rotation": [-5, 0, 0],
				"cubes": [
					{"origin": [1.60106, 9.38979, 2.57031], "size": [2, 4, 1], "uv": [24, 16]}
				]
			},
			{
				"name": "hr1",
				"parent": "hair",
				"pivot": [-1, 19, 4],
				"rotation": [0, -5, 5],
				"cubes": [
					{"origin": [-2.08457, 13.04179, 2.91825], "size": [2, 8, 1], "uv": [24, 42]}
				]
			},
			{
				"name": "bone7",
				"parent": "hr1",
				"pivot": [-2, 10.5, 3.2],
				"rotation": [-5, 0, 0],
				"cubes": [
					{"origin": [-2.08457, 8.09471, 2.69398], "size": [2, 5, 1], "uv": [44, 46]}
				]
			},
			{
				"name": "hr2",
				"parent": "hair",
				"pivot": [-3, 19, 4],
				"rotation": [0, -5, 10],
				"cubes": [
					{"origin": [-3.60106, 13.31821, 2.70097], "size": [2, 7, 1], "uv": [0, 46]}
				]
			},
			{
				"name": "bone9",
				"parent": "hr2",
				"pivot": [-3.50575, 11.94513, 2.81596],
				"rotation": [-5, 0, 0],
				"cubes": [
					{"origin": [-3.60106, 9.39012, 2.57793], "size": [2, 4, 1], "uv": [50, 4]}
				]
			},
			{
				"name": "hl3",
				"parent": "hair",
				"pivot": [-4, 18, 4],
				"rotation": [0, -15, 10],
				"cubes": [
					{"origin": [-4.92087, 9.49189, 1.75661], "size": [1, 6, 1], "uv": [33, 50]}
				]
			},
			{
				"name": "bone4",
				"parent": "hl3",
				"pivot": [0, 21, 4],
				"rotation": [5, 0, 5],
				"cubes": [
					{"origin": [-4.42209, 15.21484, 1.24573], "size": [1, 5, 1], "uv": [8, 36]}
				]
			},
			{
				"name": "hr3",
				"parent": "hair",
				"pivot": [4, 18, 4],
				"rotation": [0, 15, -10],
				"cubes": [
					{"origin": [3.92087, 9.49189, 1.75661], "size": [1, 6, 1], "uv": [50, 50]}
				]
			},
			{
				"name": "bone2",
				"parent": "hr3",
				"pivot": [0, 21, 4],
				"rotation": [5, 0, -5],
				"cubes": [
					{"origin": [3.42209, 15.21484, 1.24573], "size": [1, 5, 1], "uv": [32, 8]}
				]
			},
			{
				"name": "hairl",
				"parent": "head",
				"pivot": [0.2, 26, -2],
				"rotation": [0, 5, -5],
				"cubes": [
					{"origin": [0.2, 25, -2], "size": [2, 1, 4], "uv": [38, 4]}
				]
			},
			{
				"name": "bone5",
				"parent": "hairl",
				"pivot": [2.2, 26, -2],
				"rotation": [0, -5, 10],
				"cubes": [
					{"origin": [2.2, 25, -2], "size": [2, 1, 4], "uv": [37, 20]}
				]
			},
			{
				"name": "bone6",
				"parent": "bone5",
				"pivot": [5.20386, 25.9122, -1.99867],
				"rotation": [9, 0, -10],
				"cubes": [
					{"origin": [3.2305, 17.54424, -2.00843], "size": [1, 8, 4], "uv": [32, 8]}
				]
			},
			{
				"name": "hairr",
				"parent": "head",
				"pivot": [-0.2, 26, -2],
				"rotation": [0, -5, 5],
				"cubes": [
					{"origin": [-2.2, 25, -2], "size": [2, 1, 4], "uv": [38, 4], "mirror": true}
				]
			},
			{
				"name": "bone3",
				"parent": "hairr",
				"pivot": [-2.2, 26, -2],
				"rotation": [0, 5, -10],
				"cubes": [
					{"origin": [-4.2, 25, -2], "size": [2, 1, 4], "uv": [37, 20], "mirror": true}
				]
			},
			{
				"name": "bone11",
				"parent": "bone3",
				"pivot": [-5.20386, 25.9122, -1.99867],
				"rotation": [9, 0, 10],
				"cubes": [
					{"origin": [-4.2305, 17.54424, -2.00843], "size": [1, 8, 4], "uv": [32, 8], "mirror": true}
				]
			},
			{
				"name": "hairo",
				"parent": "head",
				"pivot": [0, 23.7, 4],
				"rotation": [30, 0, 0],
				"cubes": [
					{"origin": [-1, 22.87207, 4.75425], "size": [2, 4, 2], "uv": [30, 44]},
					{"origin": [-1.5, 23.7, 3.5], "size": [3, 3, 2], "uv": [37, 25], "inflate": -0.2}
				]
			},
			{
				"name": "bone17",
				"parent": "hairo",
				"pivot": [1.10152, 15.40718, 2.74575],
				"rotation": [-20, 0, 0],
				"cubes": [
					{"origin": [1.10893, 13.51347, 2.99639], "size": [1, 6, 1], "uv": [48, 9]}
				]
			},
			{
				"name": "bone15",
				"parent": "hairo",
				"pivot": [-1.10152, 15.40718, 2.74575],
				"rotation": [-20, 0, 0],
				"cubes": [
					{"origin": [-2.10893, 13.51347, 2.99639], "size": [1, 6, 1], "uv": [48, 9]}
				]
			},
			{
				"name": "bone16",
				"parent": "hairo",
				"pivot": [1.10152, 19.67144, 5.52],
				"rotation": [-10, 0, -3],
				"cubes": [
					{"origin": [1.06393, 18.76616, 4.48203], "size": [1, 4, 1], "uv": [18, 51]}
				]
			},
			{
				"name": "bone18",
				"parent": "hairo",
				"pivot": [-1.10152, 19.67144, 5.52],
				"rotation": [-10, 0, 3],
				"cubes": [
					{"origin": [-2.06393, 18.76616, 4.48203], "size": [1, 4, 1], "uv": [18, 51]}
				]
			},
			{
				"name": "bone14",
				"parent": "hairo",
				"pivot": [0.60152, 26.17144, 5.02],
				"rotation": [0, 0, -5],
				"cubes": [
					{"origin": [0.60152, 22.67144, 5.02], "size": [1, 4, 1], "uv": [50, 45]}
				]
			},
			{
				"name": "bone19",
				"parent": "hairo",
				"pivot": [-0.60152, 26.17144, 5.02],
				"rotation": [0, 0, 5],
				"cubes": [
					{"origin": [-1.60152, 22.67144, 5.02], "size": [1, 4, 1], "uv": [50, 45]}
				]
			},
			{
				"name": "bone13",
				"parent": "hairo",
				"pivot": [0, 17.2, 6.5],
				"rotation": [-10, 0, 0],
				"cubes": [
					{"origin": [-1, 17.83005, 4.76545], "size": [2, 5, 1], "uv": [12, 24]}
				]
			},
			{
				"name": "bone12",
				"parent": "hairo",
				"pivot": [0, 10.2, 6.5],
				"rotation": [-20, 0, 0],
				"cubes": [
					{"origin": [-1, 10.27077, 2.27306], "size": [2, 7, 1], "uv": [0, 0]}
				]
			},
			{
				"name": "armRight",
				"pivot": [-3, 17.5, 0],
				"rotation": [0, 0, 10],
				"cubes": [
					{"origin": [-4.5, 9.5, -1], "size": [2, 8, 2], "uv": [0, 36]},
					{"origin": [-4.5, 14.5, -1], "size": [2, 3, 2], "uv": [25, 35], "inflate": 0.1}
				]
			},
			{
				"name": "armRightPositioningBone",
				"parent": "armRight",
				"pivot": [-4, 10, 0]
			},
			{
				"name": "armLeft",
				"pivot": [3, 18.5, 0],
				"rotation": [0, 0, -10],
				"cubes": [
					{"origin": [2.5, 9.5, -1], "size": [2, 8, 2], "uv": [34, 34]},
					{"origin": [2.5, 14.5, -1], "size": [2, 3, 2], "uv": [25, 30], "inflate": 0.1}
				]
			},
			{
				"name": "armLeftPositioningBone",
				"parent": "armLeft",
				"pivot": [4, 10, 0]
			},
			{
				"name": "body",
				"pivot": [0, 10.5, 0],
				"cubes": [
					{"origin": [-3, 11.999, -1.5], "size": [6, 6, 3], "uv": [19, 21]},
					{"origin": [-3.5, 7.999, -2], "size": [7, 4, 4], "uv": [0, 16]}
				]
			},
			{
				"name": "bone",
				"parent": "body",
				"pivot": [0, 17.499, -1.5],
				"rotation": [-15, 0, 0],
				"cubes": [
					{"origin": [-2.5, 14.62841, -1.51704], "size": [5, 3, 1], "uv": [40, 0]}
				]
			},
			{
				"name": "legLeft",
				"pivot": [2, 9, 0],
				"cubes": [
					{"origin": [0.499, -0.2, -1.5], "size": [3, 9, 3], "uv": [12, 30], "inflate": -0.2},
					{"origin": [0.499, 1, -1.5], "size": [3, 1, 3], "uv": [52, 16], "inflate": -0.1}
				]
			},
			{
				"name": "legRight",
				"pivot": [-2, 9, 0],
				"cubes": [
					{"origin": [-3.499, -0.2, -1.5], "size": [3, 9, 3], "uv": [0, 24], "inflate": -0.2},
					{"origin": [-3.499, 1, -1.5], "size": [3, 1, 3], "uv": [52, 12], "inflate": -0.1}
				]
			}
		]
	}
}