{
	"format_version": "1.10.0",
	"geometry.model": {
		"texturewidth": 128,
		"textureheight": 128,
		"visible_bounds_width": 2,
		"visible_bounds_height": 3,
		"visible_bounds_offset": [0, 1.5, 0],
		"bones": [
			{
				"name": "head",
				"pivot": [0, 18, 0],
				"cubes": [
					{"origin": [-4, 18, -4], "size": [8, 8, 8], "uv": [32, 46]},
					{"origin": [-4, 18, -4], "size": [8, 8, 8], "uv": [0, 46], "inflate": 0.15}
				]
			},
			{
				"name": "bone32",
				"parent": "head",
				"pivot": [0, 25, 4],
				"rotation": [10, 0, 0],
				"cubes": [
					{"origin": [-3, 20, 3], "size": [6, 5, 1], "uv": [64, 67]}
				]
			},
			{
				"name": "bone34",
				"parent": "head",
				"pivot": [0, 19.5, 3.8],
				"rotation": [-15, 0, 0],
				"cubes": [
					{"origin": [-3, 18.5, 3.3], "size": [6, 2, 1], "uv": [42, 31], "inflate": -0.1},
					{"origin": [-1, 16.5, 3.8], "size": [2, 2, 1], "uv": [54, 40], "inflate": -0.1}
				]
			},
			{
				"name": "bone33",
				"parent": "head",
				"pivot": [0, 18, 5],
				"rotation": [-5, 0, 0],
				"cubes": [
					{"origin": [-1.5, 18.05658, 3.38781], "size": [3, 2, 1], "uv": [56, 51]},
					{"origin": [-2, 16.55658, 2.88781], "size": [4, 2, 1], "uv": [54, 14]}
				]
			},
			{
				"name": "bone31",
				"parent": "head",
				"pivot": [0, 24.5, -4],
				"rotation": [5, 0, 0],
				"cubes": [
					{"origin": [-4, 22, -6], "size": [8, 5, 4], "uv": [54, 31], "inflate": -1.6}
				]
			},
			{
				"name": "bone29",
				"parent": "head",
				"pivot": [4, 25, 0],
				"rotation": [0, 0, -10],
				"cubes": [
					{"origin": [3, 20, -3], "size": [1, 5, 6], "uv": [50, 62]}
				]
			},
			{
				"name": "bone30",
				"parent": "head",
				"pivot": [-4, 25, 0],
				"rotation": [0, 0, 10],
				"cubes": [
					{"origin": [-4, 20, -3], "size": [1, 5, 6], "uv": [36, 62]}
				]
			},
			{
				"name": "bone27",
				"parent": "head",
				"pivot": [2, 23, -4],
				"rotation": [0, 0, -27],
				"cubes": [
					{"origin": [-0.5, 20, -4.5], "size": [4, 6, 1], "uv": [65, 73], "inflate": -0.2}
				]
			},
			{
				"name": "bone28",
				"parent": "head",
				"pivot": [-2.6, 21.7, -3.9],
				"rotation": [0, 0, 27],
				"cubes": [
					{"origin": [-4.1, 20.7, -4.4], "size": [2, 4, 1], "uv": [9, 72], "inflate": -0.2}
				]
			},
			{
				"name": "bone23",
				"parent": "head",
				"pivot": [4.2, 23.3, -4.1],
				"rotation": [0, -50, 0]
			},
			{
				"name": "bone21",
				"parent": "bone23",
				"pivot": [4.2, 23.3, -4.1],
				"rotation": [30, 0, 0],
				"cubes": [
					{"origin": [3.7, 22.8, -5.1], "size": [1, 1, 2], "uv": [75, 23], "inflate": -0.2}
				]
			},
			{
				"name": "bone22",
				"parent": "bone23",
				"pivot": [4.2, 22.6, -4],
				"rotation": [-25, 0, 0],
				"cubes": [
					{"origin": [3.7, 22.1, -5], "size": [1, 1, 2], "uv": [75, 3], "inflate": -0.3},
					{"origin": [3.7, 22.5, -5], "size": [1, 1, 2], "uv": [75, 0], "inflate": -0.3},
					{"origin": [3.7, 22.9, -4.3], "size": [1, 1, 1], "uv": [50, 7], "inflate": -0.3}
				]
			},
			{
				"name": "bone24",
				"parent": "head",
				"pivot": [-4.2, 23.3, -4.1],
				"rotation": [0, 50, 0]
			},
			{
				"name": "bone25",
				"parent": "bone24",
				"pivot": [-4.2, 23.3, -4.1],
				"rotation": [30, 0, 0],
				"cubes": [
					{"origin": [-4.7, 22.8, -5.1], "size": [1, 1, 2], "uv": [75, 75], "inflate": -0.2}
				]
			},
			{
				"name": "bone26",
				"parent": "bone24",
				"pivot": [-4.2, 22.6, -4],
				"rotation": [-25, 0, 0],
				"cubes": [
					{"origin": [-4.7, 22.1, -5], "size": [1, 1, 2], "uv": [73, 20], "inflate": -0.3},
					{"origin": [-4.7, 22.5, -5], "size": [1, 1, 2], "uv": [32, 72], "inflate": -0.3},
					{"origin": [-4.7, 22.9, -4.3], "size": [1, 1, 1], "uv": [42, 28], "inflate": -0.3}
				]
			},
			{
				"name": "blink",
				"parent": "head",
				"pivot": [0, 18, 0],
				"cubes": [
					{"origin": [-4, 18, -4.001], "size": [8, 8, 0], "uv": [24, 46]}
				]
			},
			{
				"name": "armRight",
				"pivot": [-3, 17.5, 0],
				"rotation": [0, 0, 10],
				"cubes": [
					{"origin": [-5, 9.5, -1], "size": [2, 8, 2], "uv": [57, 73]},
					{"origin": [-5, 9.9, -1], "size": [2, 4, 2], "uv": [44, 62], "inflate": 0.1},
					{"origin": [-7.5, 11.5, -3.5], "size": [7, 7, 7], "uv": [54, 0], "inflate": -2.3}
				]
			},
			{
				"name": "armRightPositioningBone",
				"parent": "armRight",
				"pivot": [-4, 10, 0]
			},
			{
				"name": "armLeft",
				"pivot": [3, 18.5, 0],
				"rotation": [0, 0, -10],
				"cubes": [
					{"origin": [0.5, 11.5, -3.5], "size": [7, 7, 7], "uv": [47, 17], "inflate": -2.3},
					{"origin": [3, 9.5, -1], "size": [2, 8, 2], "uv": [49, 73]},
					{"origin": [3, 9.9, -1], "size": [2, 4, 2], "uv": [0, 46], "inflate": 0.1}
				]
			},
			{
				"name": "armLeftPositioningBone",
				"parent": "armLeft",
				"pivot": [4, 10, 0]
			},
			{
				"name": "bone19",
				"parent": "armLeft",
				"pivot": [4, 10, 1],
				"rotation": [-25, 0, 0],
				"cubes": [
					{"origin": [3.5, 9.8, 0.2], "size": [1, 3, 1], "uv": [42, 24], "inflate": -0.3}
				]
			},
			{
				"name": "bone20",
				"parent": "armLeft",
				"pivot": [4, 13.3, 1],
				"rotation": [-150, 0, 0],
				"cubes": [
					{"origin": [3.5, 11.94203, 0.35948], "size": [1, 3, 1], "uv": [42, 5], "inflate": -0.3}
				]
			},
			{
				"name": "body",
				"pivot": [0, 10.5, 0],
				"cubes": [
					{"origin": [-3, 10.999, -2], "size": [6, 7, 4], "uv": [56, 40]},
					{"origin": [-3.5, 7.999, -2], "size": [7, 3, 4], "uv": [60, 60]}
				]
			},
			{
				"name": "bone17",
				"parent": "body",
				"pivot": [1.5, 17.599, 2],
				"rotation": [12, 0, 0],
				"cubes": [
					{"origin": [-1, 13.599, 0], "size": [5, 6, 4], "uv": [18, 62], "inflate": -1.9},
					{"origin": [1, 9.599, 2], "size": [1, 6, 0], "uv": [52, 62]}
				]
			},
			{
				"name": "bone18",
				"parent": "body",
				"pivot": [-1.5, 17.599, 2],
				"rotation": [12, 0, 0],
				"cubes": [
					{"origin": [-4, 13.599, 0], "size": [5, 6, 4], "uv": [0, 62], "inflate": -1.9},
					{"origin": [-2, 9.599, 2], "size": [1, 6, 0], "uv": [40, 62]}
				]
			},
			{
				"name": "bone15",
				"parent": "body",
				"pivot": [0, 16.499, -1.2],
				"rotation": [-30, 0, 0],
				"cubes": [
					{"origin": [-7.5, 10.499, -7.2], "size": [15, 12, 12], "uv": [0, 0], "inflate": -4.7}
				]
			},
			{
				"name": "bone16",
				"parent": "body",
				"pivot": [0, 16.499, -1.2],
				"rotation": [-30, 0, 0]
			},
			{
				"name": "bone35",
				"parent": "bone16",
				"pivot": [0, 15.099, -1.3],
				"rotation": [-16, 0, 0],
				"cubes": [
					{"origin": [-7.5, 10.099, -7.3], "size": [15, 10, 12], "uv": [0, 24], "inflate": -4.6}
				]
			},
			{
				"name": "bone9",
				"parent": "body",
				"pivot": [3, 12.8, 0],
				"rotation": [0, 0, -15],
				"cubes": [
					{"origin": [2, 10.799, -2], "size": [1, 3, 4], "uv": [74, 36], "inflate": -0.1}
				]
			},
			{
				"name": "bone10",
				"parent": "body",
				"pivot": [-3, 12.8, 0],
				"rotation": [0, 0, 15],
				"cubes": [
					{"origin": [-3, 10.799, -2], "size": [1, 3, 4], "uv": [74, 27], "inflate": -0.1}
				]
			},
			{
				"name": "bone11",
				"parent": "body",
				"pivot": [0, 11, -2],
				"rotation": [-20, 0, 0],
				"cubes": [
					{"origin": [-3.5, 7.999, -2], "size": [7, 3, 2], "uv": [64, 51], "inflate": 0.1}
				]
			},
			{
				"name": "bone12",
				"parent": "body",
				"pivot": [0, 11, 2],
				"rotation": [30, 0, 0],
				"cubes": [
					{"origin": [-3.5, 7.999, 0], "size": [7, 3, 2], "uv": [42, 0], "inflate": 0.1}
				]
			},
			{
				"name": "bone7",
				"parent": "body",
				"pivot": [3.5, 11, 0],
				"rotation": [0, 0, -27],
				"cubes": [
					{"origin": [1.5, 7.999, -2], "size": [2, 3, 4], "uv": [37, 73], "inflate": 0.1}
				]
			},
			{
				"name": "bone13",
				"parent": "body",
				"pivot": [3.5, 11, 0],
				"rotation": [0, 0, -27],
				"cubes": [
					{"origin": [1.7, 8.999, -2.5], "size": [2, 1, 5], "uv": [23, 73]},
					{"origin": [1.9, 10.499, -2.5], "size": [2, 1, 5], "uv": [14, 72]}
				]
			},
			{
				"name": "bone14",
				"parent": "body",
				"pivot": [-3.5, 11, 0],
				"rotation": [0, 0, 27],
				"cubes": [
					{"origin": [-3.7, 8.999, -2.5], "size": [2, 1, 5], "uv": [0, 72]},
					{"origin": [-3.9, 10.499, -2.5], "size": [2, 1, 5], "uv": [68, 14]}
				]
			},
			{
				"name": "bone8",
				"parent": "body",
				"pivot": [-3.5, 11, 0],
				"rotation": [0, 0, 27],
				"cubes": [
					{"origin": [-3.5, 7.999, -2], "size": [2, 3, 4], "uv": [42, 5], "inflate": 0.1}
				]
			},
			{
				"name": "legLeft",
				"pivot": [2, 9, 0],
				"cubes": [
					{"origin": [0.499, 1, -1.5], "size": [3, 8, 3], "uv": [0, 24]},
					{"origin": [0.999, 0.4, -1], "size": [2, 1, 2], "uv": [69, 56], "inflate": 0.4}
				]
			},
			{
				"name": "bone3",
				"parent": "legLeft",
				"pivot": [1.999, 2.5, 1.3],
				"rotation": [-25, 0, 0],
				"cubes": [
					{"origin": [0.499, 2, 0.8], "size": [3, 1, 1], "uv": [50, 5], "inflate": -0.1}
				]
			},
			{
				"name": "bone",
				"parent": "legLeft",
				"pivot": [3.299, 2.5, 0],
				"rotation": [0, 0, 25],
				"cubes": [
					{"origin": [2.799, 2, -1.5], "size": [1, 1, 3], "uv": [68, 20], "inflate": -0.1}
				]
			},
			{
				"name": "bone2",
				"parent": "legLeft",
				"pivot": [0.701, 2.5, 0],
				"rotation": [0, 0, -25],
				"cubes": [
					{"origin": [0.201, 2, -1.5], "size": [1, 1, 3], "uv": [64, 56], "inflate": -0.1}
				]
			},
			{
				"name": "legRight",
				"pivot": [-2, 9, 0],
				"cubes": [
					{"origin": [-3.499, 1, -1.5], "size": [3, 8, 3], "uv": [0, 0]},
					{"origin": [-2.999, 0.4, -1], "size": [2, 1, 2], "uv": [64, 14], "inflate": 0.4}
				]
			},
			{
				"name": "bone4",
				"parent": "legRight",
				"pivot": [-1.999, 2.5, 1.3],
				"rotation": [-25, 0, 0],
				"cubes": [
					{"origin": [-3.499, 2, 0.8], "size": [3, 1, 1], "uv": [42, 34], "inflate": -0.1}
				]
			},
			{
				"name": "bone5",
				"parent": "legRight",
				"pivot": [-3.299, 2.5, 0],
				"rotation": [0, 0, -25],
				"cubes": [
					{"origin": [-3.799, 2, -1.5], "size": [1, 1, 3], "uv": [32, 62], "inflate": -0.1}
				]
			},
			{
				"name": "bone6",
				"parent": "legRight",
				"pivot": [-0.701, 2.5, 0],
				"rotation": [0, 0, 25],
				"cubes": [
					{"origin": [-1.201, 2, -1.5], "size": [1, 1, 3], "uv": [14, 62], "inflate": -0.1}
				]
			}
		]
	}
}