{
	"format_version": "1.10.0",
	"geometry.model": {
		"texturewidth": 128,
		"textureheight": 128,
		"visible_bounds_width": 3,
		"visible_bounds_height": 3,
		"visible_bounds_offset": [0, 1.5, 0],
		"bones": [
			{
				"name": "head",
				"pivot": [0, 18, 0],
				"cubes": [
					{"origin": [-4, 17, -4], "size": [8, 8, 8], "uv": [0, 14]},
					{"origin": [-4, 17, -4], "size": [8, 8, 8], "uv": [32, 14], "inflate": 0.1},
					{"origin": [-4, 17, -4], "size": [8, 8, 3], "uv": [0, 31], "inflate": 0.2},
					{"origin": [-2.5, 23, 3.4], "size": [5, 1, 1], "uv": [116, 54]}
				]
			},
			{
				"name": "HornRight",
				"parent": "head",
				"pivot": [-4.5, 23, -1],
				"rotation": [0, 45, -25],
				"cubes": [
					{"origin": [-5.5, 21, -2], "size": [3, 2, 1], "uv": [75, 125], "inflate": -0.3},
					{"origin": [-4.5, 22.1, -1.9], "size": [2, 2, 1], "uv": [77, 117], "inflate": -0.3},
					{"origin": [-5.3, 23.2, -1.8], "size": [4, 2, 1], "uv": [73, 114], "inflate": -0.3},
					{"origin": [-5.5, 21, -2], "size": [1, 2, 3], "uv": [75, 120], "inflate": -0.3}
				]
			},
			{
				"name": "bone116",
				"parent": "HornRight",
				"pivot": [-4.8, 24.2, -0.3],
				"rotation": [15, 0, 0],
				"cubes": [
					{"origin": [-5.3, 23.48673, -1.57794], "size": [1, 2, 2], "uv": [77, 110], "inflate": -0.3}
				]
			},
			{
				"name": "bone117",
				"parent": "bone116",
				"pivot": [-4.8, 24.48673, 0.42206],
				"rotation": [0, 30, 12],
				"cubes": [
					{"origin": [-5.22321, 23.48673, -0.23775], "size": [1, 2, 2], "uv": [77, 110], "inflate": -0.3}
				]
			},
			{
				"name": "bone118",
				"parent": "bone116",
				"pivot": [-3.8, 24.48673, 0.42206],
				"rotation": [0, 75, 8],
				"cubes": [
					{"origin": [-5.15568, 23.3218, -0.29241], "size": [1, 2, 2], "uv": [77, 110], "inflate": -0.3}
				]
			},
			{
				"name": "bone120",
				"parent": "bone118",
				"pivot": [-4.45568, 24.9218, 1.30759],
				"rotation": [37, 0, 17],
				"cubes": [
					{"origin": [-4.95568, 23.9218, -0.19241], "size": [1, 2, 3], "uv": [75, 120], "inflate": -0.3}
				]
			},
			{
				"name": "bone119",
				"parent": "bone116",
				"pivot": [-4.3, 25.38673, 0.52206],
				"rotation": [-4, 138, 39],
				"cubes": [
					{"origin": [-7.0612, 24.20182, 0.69509], "size": [1, 6, 2], "uv": [77, 102], "inflate": -0.3}
				]
			},
			{
				"name": "HornLeft",
				"parent": "head",
				"pivot": [4.5, 23, -1],
				"rotation": [0, -45, 25],
				"cubes": [
					{"origin": [2.5, 21, -2], "size": [3, 2, 1], "uv": [84, 125], "inflate": -0.3},
					{"origin": [2.5, 22.1, -1.9], "size": [2, 2, 1], "uv": [84, 117], "inflate": -0.3},
					{"origin": [1.3, 23.2, -1.8], "size": [4, 2, 1], "uv": [84, 114], "inflate": -0.3},
					{"origin": [4.5, 21, -2], "size": [1, 2, 3], "uv": [84, 120], "inflate": -0.3}
				]
			},
			{
				"name": "bone121",
				"parent": "HornLeft",
				"pivot": [4.8, 24.2, -0.3],
				"rotation": [15, 0, 0],
				"cubes": [
					{"origin": [4.3, 23.48673, -1.57794], "size": [1, 2, 2], "uv": [84, 110], "inflate": -0.3}
				]
			},
			{
				"name": "bone122",
				"parent": "bone121",
				"pivot": [4.8, 24.48673, 0.42206],
				"rotation": [0, -30, -12],
				"cubes": [
					{"origin": [4.22321, 23.48673, -0.23775], "size": [1, 2, 2], "uv": [84, 110], "inflate": -0.3}
				]
			},
			{
				"name": "bone123",
				"parent": "bone121",
				"pivot": [3.8, 24.48673, 0.42206],
				"rotation": [0, -75, -8],
				"cubes": [
					{"origin": [4.15568, 23.3218, -0.29241], "size": [1, 2, 2], "uv": [84, 110], "inflate": -0.3}
				]
			},
			{
				"name": "bone124",
				"parent": "bone123",
				"pivot": [4.45568, 24.9218, 1.30759],
				"rotation": [37, 0, -17],
				"cubes": [
					{"origin": [3.95568, 23.9218, -0.19241], "size": [1, 2, 3], "uv": [84, 120], "inflate": -0.3}
				]
			},
			{
				"name": "bone125",
				"parent": "bone121",
				"pivot": [4.3, 25.38673, 0.52206],
				"rotation": [-4, -138, -39],
				"cubes": [
					{"origin": [6.0612, 24.20182, 0.69509], "size": [1, 6, 2], "uv": [84, 102], "inflate": -0.3}
				]
			},
			{
				"name": "bone80",
				"parent": "head",
				"pivot": [0, 23.5, 4],
				"rotation": [0, 0, 45],
				"cubes": [
					{"origin": [-1.5, 22, 3.5], "size": [3, 3, 1], "uv": [120, 50]}
				]
			},
			{
				"name": "blink",
				"parent": "head",
				"pivot": [0, 18, 0],
				"cubes": [
					{"origin": [-4, 17, -4.001], "size": [8, 8, 0], "uv": [24, 14]}
				]
			},
			{
				"name": "hair1",
				"parent": "head",
				"pivot": [0, 23.7, 4.7],
				"rotation": [14, 0, 0],
				"cubes": [
					{"origin": [-1, 22.7, 4.2], "size": [2, 2, 1], "uv": [89, 6]},
					{"origin": [-1, 18.2, 4.7], "size": [2, 6, 1], "uv": [89, 9], "inflate": -0.1}
				]
			},
			{
				"name": "bone82",
				"parent": "hair1",
				"pivot": [0.1, 21.3, 5],
				"rotation": [0, 0, -5],
				"cubes": [
					{"origin": [0.1, 18.3, 4.5], "size": [1, 6, 1], "uv": [96, 6], "inflate": -0.1}
				]
			},
			{
				"name": "bone83",
				"parent": "hair1",
				"pivot": [-0.1, 21.3, 5],
				"rotation": [0, 0, 5],
				"cubes": [
					{"origin": [-1.1, 18.3, 4.5], "size": [1, 6, 1], "uv": [96, 6], "inflate": -0.1}
				]
			},
			{
				"name": "hair2",
				"parent": "head",
				"pivot": [0, 18.4, 6.4],
				"rotation": [5, 0, 0],
				"cubes": [
					{"origin": [-1, 14.63527, 5.90206], "size": [2, 4, 1], "uv": [89, 16]}
				]
			},
			{
				"name": "bone86",
				"parent": "hair2",
				"pivot": [0, 17.9, 5.9],
				"rotation": [0, 0, -7],
				"cubes": [
					{"origin": [0.34862, 15.63223, 5.67488], "size": [1, 3, 1], "uv": [96, 10]}
				]
			},
			{
				"name": "bone92",
				"parent": "hair2",
				"pivot": [0.1, 19.6, 5.7],
				"rotation": [0, 0, -14],
				"cubes": [
					{"origin": [0.44862, 17.33223, 5.47488], "size": [1, 3, 1], "uv": [96, 8], "inflate": -0.1}
				]
			},
			{
				"name": "bone98",
				"parent": "hair2",
				"pivot": [0.2, 20.3, 5.5],
				"rotation": [6, 0, -9],
				"cubes": [
					{"origin": [0.54862, 18.03223, 5.27488], "size": [1, 5, 1], "uv": [96, 6], "inflate": -0.2}
				]
			},
			{
				"name": "bone99",
				"parent": "hair2",
				"pivot": [-0.2, 20.3, 5.5],
				"rotation": [6, 0, 9],
				"cubes": [
					{"origin": [-1.54862, 18.03223, 5.27488], "size": [1, 5, 1], "uv": [96, 6], "inflate": -0.2}
				]
			},
			{
				"name": "bone93",
				"parent": "hair2",
				"pivot": [-0.1, 19.6, 5.7],
				"rotation": [0, 0, 14],
				"cubes": [
					{"origin": [-1.44862, 17.33223, 5.47488], "size": [1, 3, 1], "uv": [96, 8], "inflate": -0.1}
				]
			},
			{
				"name": "bone88",
				"parent": "hair2",
				"pivot": [0, 16, 5.9],
				"rotation": [0, 0, -2],
				"cubes": [
					{"origin": [0.60744, 13.75724, 5.67488], "size": [1, 2, 1], "uv": [96, 14]}
				]
			},
			{
				"name": "bone94",
				"parent": "hair2",
				"pivot": [1, 17, 5.9],
				"rotation": [0, 0, -6],
				"cubes": [
					{"origin": [1.01486, 14.80693, 5.47488], "size": [1, 3, 1], "uv": [96, 12], "inflate": -0.1}
				]
			},
			{
				"name": "bone96",
				"parent": "hair2",
				"pivot": [1.58735, 13.54014, 5.97488],
				"rotation": [-9, 0, 1],
				"cubes": [
					{"origin": [1.20283, 12.16756, 5.23795], "size": [1, 3, 1], "uv": [97, 16], "inflate": -0.1}
				]
			},
			{
				"name": "bone97",
				"parent": "hair2",
				"pivot": [-1.58735, 13.54014, 5.97488],
				"rotation": [-9, 0, -1],
				"cubes": [
					{"origin": [-2.20283, 12.16756, 5.23795], "size": [1, 3, 1], "uv": [97, 16], "inflate": -0.1}
				]
			},
			{
				"name": "bone95",
				"parent": "hair2",
				"pivot": [-1, 17, 5.9],
				"rotation": [0, 0, 6],
				"cubes": [
					{"origin": [-2.01486, 14.80693, 5.47488], "size": [1, 3, 1], "uv": [96, 12], "inflate": -0.1}
				]
			},
			{
				"name": "bone89",
				"parent": "hair2",
				"pivot": [0, 16, 5.9],
				"rotation": [0, 0, 2],
				"cubes": [
					{"origin": [-1.60744, 13.75724, 5.67488], "size": [1, 2, 1], "uv": [96, 14]}
				]
			},
			{
				"name": "bone87",
				"parent": "hair2",
				"pivot": [0, 17.9, 5.9],
				"rotation": [0, 0, 7],
				"cubes": [
					{"origin": [-1.34862, 15.63223, 5.67488], "size": [1, 3, 1], "uv": [96, 10]}
				]
			},
			{
				"name": "hair3",
				"parent": "head",
				"pivot": [0, 14.5, 6.7],
				"rotation": [-4, 0, 0],
				"cubes": [
					{"origin": [-1, 10.72973, 6.21349], "size": [2, 4, 1], "uv": [89, 21]}
				]
			},
			{
				"name": "bone90",
				"parent": "hair3",
				"pivot": [1, 14, 6.2],
				"rotation": [0, 0, 5],
				"cubes": [
					{"origin": [0.69226, 10.94385, 6.11748], "size": [1, 3, 1], "uv": [96, 16]}
				]
			},
			{
				"name": "bone91",
				"parent": "hair3",
				"pivot": [-1, 14, 6.2],
				"rotation": [0, 0, -5],
				"cubes": [
					{"origin": [-1.69226, 10.94385, 6.11748], "size": [1, 3, 1], "uv": [96, 16]}
				]
			},
			{
				"name": "armRight",
				"pivot": [-2.7, 17.5, 0],
				"rotation": [0, 0, 15],
				"cubes": [
					{"origin": [-4.7, 8.5, -1], "size": [2, 8, 2], "uv": [0, 43]},
					{"origin": [-4.7, 8.5, -1], "size": [2, 1, 2], "uv": [52, 0], "inflate": 0.1},
					{"origin": [-4.7, 13.5, -1], "size": [2, 3, 2], "uv": [43, 0], "inflate": 0.1},
					{"origin": [-5.6, 13, -0.5], "size": [1, 2, 1], "uv": [104, 101], "inflate": -0.2}
				]
			},
			{
				"name": "bone81",
				"parent": "armRight",
				"pivot": [-5, 13.5, 0],
				"rotation": [50, 0, 0],
				"cubes": [
					{"origin": [-5.5, 12, -0.5], "size": [1, 3, 1], "uv": [104, 105], "inflate": -0.2}
				]
			},
			{
				"name": "bone84",
				"parent": "armRight",
				"pivot": [-5, 13.5, 0],
				"rotation": [-50, 0, 0],
				"cubes": [
					{"origin": [-5.5, 12, -0.5], "size": [1, 3, 1], "uv": [104, 105], "inflate": -0.2}
				]
			},
			{
				"name": "armRightPositioningBone",
				"parent": "armRight",
				"pivot": [-3.7, 10, 0]
			},
			{
				"name": "bone46",
				"parent": "armRight",
				"pivot": [-3.7, 9, 0]
			},
			{
				"name": "bone47",
				"parent": "bone46",
				"pivot": [-3.7, 9, 0]
			},
			{
				"name": "bone48",
				"parent": "bone47",
				"pivot": [-3.7, 9, 1.98526],
				"rotation": [10, 0, 0],
				"cubes": [
					{"origin": [-4.7, 9.82891, 1.98526], "size": [2, 5, 0], "uv": [39, 5]}
				]
			},
			{
				"name": "bone49",
				"parent": "bone48",
				"pivot": [-4.7, 8.82891, 1.98526],
				"rotation": [0, 0, 9.85108],
				"cubes": [
					{"origin": [-5.7, 9.82891, 1.98426], "size": [1, 5, 0], "uv": [49, 5]}
				]
			},
			{
				"name": "bone50",
				"parent": "bone48",
				"pivot": [-2.7, 8.82891, 1.98526],
				"rotation": [0, 0, -9.85108],
				"cubes": [
					{"origin": [-2.7, 9.82891, 1.98626], "size": [1, 5, 0], "uv": [47, 5]}
				]
			},
			{
				"name": "bone51",
				"parent": "bone46",
				"pivot": [-3.7, 9, 0],
				"rotation": [0, -90, 0]
			},
			{
				"name": "bone52",
				"parent": "bone51",
				"pivot": [-3.7, 9, 1.98526],
				"rotation": [10, 0, 0],
				"cubes": [
					{"origin": [-4.7, 9.82891, 1.98526], "size": [2, 5, 0], "uv": [59, 5]},
					{"origin": [-4.2, 9.42891, 1.48526], "size": [1, 3, 1], "uv": [101, 110], "inflate": -0.3}
				]
			},
			{
				"name": "bone53",
				"parent": "bone52",
				"pivot": [-4.7, 8.82891, 1.98526],
				"rotation": [0, 0, 9.85108],
				"cubes": [
					{"origin": [-5.7, 9.82891, 1.98426], "size": [1, 5, 0], "uv": [51, 5]}
				]
			},
			{
				"name": "bone54",
				"parent": "bone52",
				"pivot": [-2.7, 8.82891, 1.98526],
				"rotation": [0, 0, -9.85108],
				"cubes": [
					{"origin": [-2.7, 9.82891, 1.98], "size": [1, 5, 0], "uv": [51, 5]}
				]
			},
			{
				"name": "bone55",
				"parent": "bone46",
				"pivot": [-3.7, 9, 0],
				"rotation": [0, -180, 0]
			},
			{
				"name": "bone56",
				"parent": "bone55",
				"pivot": [-3.7, 9, 1.98526],
				"rotation": [10, 0, 0],
				"cubes": [
					{"origin": [-4.7, 9.82891, 1.98526], "size": [2, 5, 0], "uv": [43, 5]}
				]
			},
			{
				"name": "bone57",
				"parent": "bone56",
				"pivot": [-4.7, 8.82891, 1.98526],
				"rotation": [0, 0, 9.85108],
				"cubes": [
					{"origin": [-5.7, 9.82891, 1.99], "size": [1, 5, 0], "uv": [47, 5]}
				]
			},
			{
				"name": "bone58",
				"parent": "bone56",
				"pivot": [-2.7, 8.82891, 1.98526],
				"rotation": [0, 0, -9.85108],
				"cubes": [
					{"origin": [-2.7, 9.82891, 1.98], "size": [1, 5, 0], "uv": [49, 5]}
				]
			},
			{
				"name": "bone59",
				"parent": "bone46",
				"pivot": [-3.7, 9, 0],
				"rotation": [0, -270, 0]
			},
			{
				"name": "bone60",
				"parent": "bone59",
				"pivot": [-3.7, 9, 1.98526],
				"rotation": [10, 0, 0],
				"cubes": [
					{"origin": [-4.7, 9.82891, 1.98526], "size": [2, 5, 0], "uv": [55, 5]}
				]
			},
			{
				"name": "bone61",
				"parent": "bone60",
				"pivot": [-4.7, 8.82891, 1.98526],
				"rotation": [0, 0, 9.85108],
				"cubes": [
					{"origin": [-5.7, 9.82891, 1.99], "size": [1, 5, 0], "uv": [53, 5]}
				]
			},
			{
				"name": "bone62",
				"parent": "bone60",
				"pivot": [-2.7, 8.82891, 1.98526],
				"rotation": [0, 0, -9.85108],
				"cubes": [
					{"origin": [-2.7, 9.82891, 1.99], "size": [1, 5, 0], "uv": [53, 5]}
				]
			},
			{
				"name": "armLeft",
				"pivot": [2.7, 17.5, 0],
				"rotation": [0, 0, -15],
				"cubes": [
					{"origin": [2.7, 8.5, -1], "size": [2, 8, 2], "uv": [0, 43]},
					{"origin": [2.7, 8.5, -1], "size": [2, 1, 2], "uv": [76, 0], "inflate": 0.1},
					{"origin": [2.7, 13.5, -1], "size": [2, 3, 2], "uv": [67, 0], "inflate": 0.1},
					{"origin": [4.6, 13, -0.5], "size": [1, 2, 1], "uv": [98, 101], "inflate": -0.2}
				]
			},
			{
				"name": "armRightPositioningBone2",
				"parent": "armLeft",
				"pivot": [3.7, 10, 0]
			},
			{
				"name": "bone63",
				"parent": "armLeft",
				"pivot": [3.7, 9, 0]
			},
			{
				"name": "bone64",
				"parent": "bone63",
				"pivot": [3.7, 9, 0]
			},
			{
				"name": "bone65",
				"parent": "bone64",
				"pivot": [3.7, 9, 1.98526],
				"rotation": [10, 0, 0],
				"cubes": [
					{"origin": [2.7, 9.82891, 1.98526], "size": [2, 5, 0], "uv": [63, 5]}
				]
			},
			{
				"name": "bone66",
				"parent": "bone65",
				"pivot": [4.7, 8.82891, 1.98526],
				"rotation": [0, 0, -9.85108],
				"cubes": [
					{"origin": [4.7, 9.82891, 1.98426], "size": [1, 5, 0], "uv": [73, 5]}
				]
			},
			{
				"name": "bone67",
				"parent": "bone65",
				"pivot": [2.7, 8.82891, 1.98526],
				"rotation": [0, 0, 9.85108],
				"cubes": [
					{"origin": [1.7, 9.82891, 1.98626], "size": [1, 5, 0], "uv": [71, 5]}
				]
			},
			{
				"name": "bone68",
				"parent": "bone63",
				"pivot": [3.7, 9, 0],
				"rotation": [0, 90, 0]
			},
			{
				"name": "bone69",
				"parent": "bone68",
				"pivot": [3.7, 9, 1.98526],
				"rotation": [10, 0, 0],
				"cubes": [
					{"origin": [2.7, 9.82891, 1.98526], "size": [2, 5, 0], "uv": [83, 5]},
					{"origin": [3.2, 9.42891, 1.48526], "size": [1, 3, 1], "uv": [101, 110], "inflate": -0.3}
				]
			},
			{
				"name": "bone70",
				"parent": "bone69",
				"pivot": [4.7, 8.82891, 1.98526],
				"rotation": [0, 0, -9.85108],
				"cubes": [
					{"origin": [4.7, 9.82891, 1.98426], "size": [1, 5, 0], "uv": [75, 5]}
				]
			},
			{
				"name": "bone71",
				"parent": "bone69",
				"pivot": [2.7, 8.82891, 1.98526],
				"rotation": [0, 0, 9.85108],
				"cubes": [
					{"origin": [1.7, 9.82891, 1.98], "size": [1, 5, 0], "uv": [75, 5]}
				]
			},
			{
				"name": "bone72",
				"parent": "bone63",
				"pivot": [3.7, 9, 0],
				"rotation": [0, 180, 0]
			},
			{
				"name": "bone73",
				"parent": "bone72",
				"pivot": [3.7, 9, 1.98526],
				"rotation": [10, 0, 0],
				"cubes": [
					{"origin": [2.7, 9.82891, 1.98526], "size": [2, 5, 0], "uv": [67, 5]}
				]
			},
			{
				"name": "bone74",
				"parent": "bone73",
				"pivot": [4.7, 8.82891, 1.98526],
				"rotation": [0, 0, -9.85108],
				"cubes": [
					{"origin": [4.7, 9.82891, 1.99], "size": [1, 5, 0], "uv": [71, 5]}
				]
			},
			{
				"name": "bone75",
				"parent": "bone73",
				"pivot": [2.7, 8.82891, 1.98526],
				"rotation": [0, 0, 9.85108],
				"cubes": [
					{"origin": [1.7, 9.82891, 1.98], "size": [1, 5, 0], "uv": [73, 5]}
				]
			},
			{
				"name": "bone76",
				"parent": "bone63",
				"pivot": [3.7, 9, 0],
				"rotation": [0, 270, 0]
			},
			{
				"name": "bone77",
				"parent": "bone76",
				"pivot": [3.7, 9, 1.98526],
				"rotation": [10, 0, 0],
				"cubes": [
					{"origin": [2.7, 9.82891, 1.98526], "size": [2, 5, 0], "uv": [79, 5]}
				]
			},
			{
				"name": "bone78",
				"parent": "bone77",
				"pivot": [4.7, 8.82891, 1.98526],
				"rotation": [0, 0, -9.85108],
				"cubes": [
					{"origin": [4.7, 9.82891, 1.99], "size": [1, 5, 0], "uv": [77, 5]}
				]
			},
			{
				"name": "bone79",
				"parent": "bone77",
				"pivot": [2.7, 8.82891, 1.98526],
				"rotation": [0, 0, 9.85108],
				"cubes": [
					{"origin": [1.7, 9.82891, 1.99], "size": [1, 5, 0], "uv": [77, 5]}
				]
			},
			{
				"name": "bone85",
				"parent": "armLeft",
				"pivot": [5, 13.5, 0],
				"rotation": [50, 0, 0],
				"cubes": [
					{"origin": [4.5, 12, -0.5], "size": [1, 3, 1], "uv": [98, 105], "inflate": -0.2}
				]
			},
			{
				"name": "bone100",
				"parent": "armLeft",
				"pivot": [5, 13.5, 0],
				"rotation": [-50, 0, 0],
				"cubes": [
					{"origin": [4.5, 12, -0.5], "size": [1, 3, 1], "uv": [98, 105], "inflate": -0.2}
				]
			},
			{
				"name": "body",
				"pivot": [0, 10.5, 0],
				"cubes": [
					{"origin": [-3, 10.399, -2], "size": [6, 6, 4], "uv": [0, 81], "inflate": -0.3},
					{"origin": [-3, 13.199, -2], "size": [6, 4, 4], "uv": [32, 50], "inflate": -0.2},
					{"origin": [-3, 13.199, -2], "size": [6, 4, 4], "uv": [0, 64], "inflate": -0.1},
					{"origin": [-1, 11.199, -1.9005], "size": [2, 3, 0], "uv": [9, 73]},
					{"origin": [-3.5, 7.999, -2], "size": [7, 3, 4], "uv": [0, 103], "inflate": -0.2}
				]
			},
			{
				"name": "bone27",
				"parent": "body",
				"pivot": [-3.1, 10.599, 0],
				"rotation": [0, 0, 12],
				"cubes": [
					{"origin": [-3.1, 10.399, -1.5], "size": [1, 2, 3], "uv": [13, 110], "inflate": 0.1}
				]
			},
			{
				"name": "bone28",
				"parent": "body",
				"pivot": [3.1, 10.599, 0],
				"rotation": [0, 0, -12],
				"cubes": [
					{"origin": [2.1, 10.399, -1.5], "size": [1, 2, 3], "uv": [13, 110], "inflate": 0.1}
				]
			},
			{
				"name": "bone40",
				"parent": "body",
				"pivot": [0, 15.999, 2.3],
				"rotation": [-13, 0, 0],
				"cubes": [
					{"origin": [-1.5, 14.999, 1.8], "size": [3, 2, 1], "uv": [111, 5]},
					{"origin": [-1.5, 14.70669, 0.86749], "size": [3, 2, 2], "uv": [110, 0], "inflate": 0.1},
					{"origin": [-0.5, 15.10669, 1.16749], "size": [1, 1, 2], "uv": [115, 8], "inflate": -0.1}
				]
			},
			{
				"name": "bone38",
				"parent": "body",
				"pivot": [-3, 13.599, 0],
				"rotation": [0, 0, 9],
				"cubes": [
					{"origin": [-3.3, 11.299, -2], "size": [1, 4, 4], "uv": [10, 72], "inflate": -0.2}
				]
			},
			{
				"name": "bone39",
				"parent": "body",
				"pivot": [3, 13.599, 0],
				"rotation": [0, 0, -9],
				"cubes": [
					{"origin": [2.3, 11.299, -2], "size": [1, 4, 4], "uv": [0, 72], "inflate": -0.2}
				]
			},
			{
				"name": "bone33",
				"parent": "body",
				"pivot": [0, 15.699, -1.9],
				"rotation": [-13, 0, 0],
				"cubes": [
					{"origin": [-2, 14.199, -2.4], "size": [4, 3, 1], "uv": [16, 80], "inflate": -0.4},
					{"origin": [-3.5, 12.35, -5.35], "size": [7, 7, 7], "uv": [0, 0], "inflate": -3.1},
					{"origin": [-1.7, 14.399, -2.1], "size": [1, 2, 1], "uv": [0, 73]},
					{"origin": [0.7, 14.399, -2.1], "size": [1, 2, 1], "uv": [0, 73]}
				]
			},
			{
				"name": "bone35",
				"parent": "bone33",
				"pivot": [-1.2, 14.699, -2],
				"rotation": [8, 0, 0],
				"cubes": [
					{"origin": [-1.7, 3.699, -2], "size": [1, 11, 0], "uv": [106, 82]},
					{"origin": [-2.2, 3.699, -2.5], "size": [2, 2, 1], "uv": [122, 100], "inflate": -0.4}
				]
			},
			{
				"name": "bone34",
				"parent": "bone33",
				"pivot": [1.2, 14.699, -2],
				"rotation": [8, 0, 0],
				"cubes": [
					{"origin": [0.7, 3.699, -2], "size": [1, 11, 0], "uv": [108, 82]},
					{"origin": [0.2, 3.699, -2.5], "size": [2, 2, 1], "uv": [122, 100], "inflate": -0.4}
				]
			},
			{
				"name": "bone36",
				"parent": "bone33",
				"pivot": [-1, 15.199, -2.5],
				"rotation": [0, 0, 45],
				"cubes": [
					{"origin": [-2, 15.199, -2.501], "size": [1, 2, 1], "uv": [98, 94], "inflate": -0.2},
					{"origin": [-2, 15.199, -2.5], "size": [2, 1, 1], "uv": [97, 98], "inflate": -0.2}
				]
			},
			{
				"name": "bone37",
				"parent": "bone33",
				"pivot": [1, 15.199, -2.5],
				"rotation": [0, 0, -45],
				"cubes": [
					{"origin": [1, 15.199, -2.5], "size": [1, 2, 1], "uv": [104, 94], "inflate": -0.2},
					{"origin": [0, 15.199, -2.501], "size": [2, 1, 1], "uv": [103, 98], "inflate": -0.2}
				]
			},
			{
				"name": "bone29",
				"parent": "body",
				"pivot": [-1, 11.699, -1.9],
				"rotation": [0, 0, 5],
				"cubes": [
					{"origin": [-3, 11.199, -1.901], "size": [2, 4, 0], "uv": [13, 76]}
				]
			},
			{
				"name": "bone30",
				"parent": "body",
				"pivot": [1, 11.699, -1.9],
				"rotation": [0, 0, -5],
				"cubes": [
					{"origin": [1, 11.199, -1.901], "size": [2, 4, 0], "uv": [3, 76]}
				]
			},
			{
				"name": "Sct",
				"parent": "body",
				"pivot": [0, 4, 0]
			},
			{
				"name": "BackMain",
				"parent": "Sct",
				"pivot": [0, 4, 0]
			},
			{
				"name": "sctb",
				"parent": "BackMain",
				"pivot": [0, 4, 2.97051],
				"rotation": [9, 0, 0],
				"cubes": [
					{"origin": [0.1, 7.65782, 2.97051], "size": [2, 4, 0], "uv": [46, 124]},
					{"origin": [-2.1, 7.65782, 2.97051], "size": [2, 4, 0], "uv": [46, 124]},
					{"origin": [-2.1, 7.45782, 3.07051], "size": [2, 1, 0], "uv": [104, 115]},
					{"origin": [0.1, 7.45782, 3.07051], "size": [2, 1, 0], "uv": [98, 115]},
					{"origin": [-1.1, 8.45782, 3.07051], "size": [1, 3, 0], "uv": [84, 120]},
					{"origin": [0.1, 8.45782, 3.07051], "size": [1, 3, 0], "uv": [81, 120]}
				]
			},
			{
				"name": "bone31",
				"parent": "sctb",
				"pivot": [2.1, 9.65782, 3.07051],
				"rotation": [0, 0, -60],
				"cubes": [
					{"origin": [1.6, 8.15782, 3.07051], "size": [1, 3, 0], "uv": [81, 120]}
				]
			},
			{
				"name": "bone32",
				"parent": "sctb",
				"pivot": [-2.1, 9.65782, 3.07051],
				"rotation": [0, 0, 60],
				"cubes": [
					{"origin": [-2.6, 8.15782, 3.07051], "size": [1, 3, 0], "uv": [84, 120]}
				]
			},
			{
				"name": "BackSubRight",
				"parent": "sctb",
				"pivot": [-2.5, 3.65782, 2.97051],
				"rotation": [0, 0, 8.85108],
				"cubes": [
					{"origin": [-4.5, 7.65782, 2.96951], "size": [2, 4, 0], "uv": [46, 124]},
					{"origin": [-4.5, 7.45782, 3.06951], "size": [2, 1, 0], "uv": [104, 115]}
				]
			},
			{
				"name": "BackSubLeft",
				"parent": "sctb",
				"pivot": [2.5, 3.65782, 2.97051],
				"rotation": [0, 0, -8.85108],
				"cubes": [
					{"origin": [2.5, 7.65782, 2.97151], "size": [2, 4, 0], "uv": [46, 124]},
					{"origin": [2.5, 7.45782, 3.06951], "size": [2, 1, 0], "uv": [98, 115]}
				]
			},
			{
				"name": "RightMain",
				"parent": "Sct",
				"pivot": [0, 4, 0],
				"rotation": [0, -90, 0]
			},
			{
				"name": "sctr",
				"parent": "RightMain",
				"pivot": [0, 4, 4.47051],
				"rotation": [9, 0, 0],
				"cubes": [
					{"origin": [-1, 7.65782, 4.47051], "size": [2, 5, 0], "uv": [46, 123]},
					{"origin": [-1, 7.35782, 4.57051], "size": [2, 2, 0], "uv": [104, 114]},
					{"origin": [-0.5, 5.35782, 4.6], "size": [1, 3, 0], "uv": [101, 111], "inflate": -0.1},
					{"origin": [0, 7.85782, 4.17051], "size": [1, 1, 1], "uv": [98, 94], "inflate": -0.2},
					{"origin": [-1, 7.85782, 4.17051], "size": [1, 1, 1], "uv": [98, 94], "inflate": -0.2}
				]
			},
			{
				"name": "RightSubFront",
				"parent": "sctr",
				"pivot": [-1.5, 3.65782, 4.47051],
				"rotation": [0, 0, 7.85108],
				"cubes": [
					{"origin": [-3, 7.65782, 4.46951], "size": [2, 4, 0], "uv": [46, 124]},
					{"origin": [-3, 7.45782, 4.56951], "size": [2, 1, 0], "uv": [104, 115]}
				]
			},
			{
				"name": "RightSubBack",
				"parent": "sctr",
				"pivot": [1.5, 3.65782, 4.47051],
				"rotation": [0, 0, -8.85108],
				"cubes": [
					{"origin": [1, 7.65782, 4.47151], "size": [2, 4, 0], "uv": [46, 124]},
					{"origin": [1, 7.45782, 4.57151], "size": [2, 1, 0], "uv": [104, 115]}
				]
			},
			{
				"name": "LeftMain",
				"parent": "Sct",
				"pivot": [0, 4, 0],
				"rotation": [0, 90, 0]
			},
			{
				"name": "sctl",
				"parent": "LeftMain",
				"pivot": [0, 4, 4.47051],
				"rotation": [9, 0, 0],
				"cubes": [
					{"origin": [-1, 7.65782, 4.47051], "size": [2, 5, 0], "uv": [46, 123]},
					{"origin": [-1, 7.35782, 4.57051], "size": [2, 2, 0], "uv": [98, 114]},
					{"origin": [-0.5, 5.35782, 4.5], "size": [1, 3, 0], "uv": [101, 111], "inflate": -0.1},
					{"origin": [0, 7.85782, 4.07051], "size": [1, 1, 1], "uv": [104, 94], "inflate": -0.2},
					{"origin": [-1, 7.85782, 4.07051], "size": [1, 1, 1], "uv": [104, 94], "inflate": -0.2}
				]
			},
			{
				"name": "LeftSubFront",
				"parent": "sctl",
				"pivot": [1.5, 3.65782, 4.47051],
				"rotation": [0, 0, -7.85108],
				"cubes": [
					{"origin": [1, 7.65782, 4.46951], "size": [2, 4, 0], "uv": [46, 124]},
					{"origin": [1, 7.45782, 4.56951], "size": [2, 1, 0], "uv": [98, 115]}
				]
			},
			{
				"name": "LeftSubBack",
				"parent": "sctl",
				"pivot": [-1.5, 3.65782, 4.47051],
				"rotation": [0, 0, 8.85108],
				"cubes": [
					{"origin": [-3, 7.65782, 4.47151], "size": [2, 4, 0], "uv": [46, 124]},
					{"origin": [-3, 7.45782, 4.57151], "size": [2, 1, 0], "uv": [98, 115]}
				]
			},
			{
				"name": "FrontMain",
				"parent": "Sct",
				"pivot": [0, 4, 0],
				"rotation": [-2, -180, 0]
			},
			{
				"name": "sctf",
				"parent": "FrontMain",
				"pivot": [0, 4, 2.97051],
				"rotation": [10, 0, 0],
				"cubes": [
					{"origin": [-2.5, 7.65782, 2.97051], "size": [5, 4, 0], "uv": [43, 124]},
					{"origin": [-2.5, 5.65782, 1.07051], "size": [5, 8, 4], "uv": [0, 91], "inflate": -1.9},
					{"origin": [-2.5, 7.45782, 3.07051], "size": [5, 1, 0], "uv": [98, 116]}
				]
			},
			{
				"name": "FrontSubLeft",
				"parent": "sctf",
				"pivot": [-2.5, 3.65782, 2.97051],
				"rotation": [0, 0, 8.85108],
				"cubes": [
					{"origin": [-4.5, 7.65782, 2.96951], "size": [2, 4, 0], "uv": [46, 124]},
					{"origin": [-4.5, 7.45782, 3.06951], "size": [2, 1, 0], "uv": [98, 115]}
				]
			},
			{
				"name": "FrontSubRight",
				"parent": "sctf",
				"pivot": [2.5, 3.65782, 2.97051],
				"rotation": [0, 0, -8.85108],
				"cubes": [
					{"origin": [2.5, 7.65782, 2.97151], "size": [2, 4, 0], "uv": [46, 124]},
					{"origin": [2.5, 7.45782, 3.07151], "size": [2, 1, 0], "uv": [104, 115]}
				]
			},
			{
				"name": "bone45",
				"parent": "body",
				"pivot": [0, 13.9, 1.9],
				"rotation": [12, 0, 0],
				"cubes": [
					{"origin": [-2, 12.2, 0.6], "size": [4, 4, 3], "uv": [113, 58], "inflate": -1.4},
					{"origin": [-2.5, 8.8, 0.1], "size": [5, 7, 4], "uv": [92, 117], "inflate": -1.95}
				]
			},
			{
				"name": "bone41",
				"parent": "body",
				"pivot": [-2, 16.4, 1.9],
				"rotation": [10, 0, 4],
				"cubes": [
					{"origin": [-4, 13.9, 0.4], "size": [4, 4, 3], "uv": [113, 58], "inflate": -1.2},
					{"origin": [-4.5, 2, -0.1], "size": [5, 15, 4], "uv": [110, 109], "inflate": -1.8},
					{"origin": [-4.5, 11, -0.1], "size": [5, 4, 4], "uv": [110, 74], "inflate": -1.7},
					{"origin": [-4.5, 11.6, -0.1], "size": [5, 4, 4], "uv": [110, 66], "inflate": -1.7}
				]
			},
			{
				"name": "bone42",
				"parent": "bone41",
				"pivot": [-2, 5.1, 1.9],
				"rotation": [0, 0, 45],
				"cubes": [
					{"origin": [-4.5, 2.6, -0.1], "size": [5, 5, 4], "uv": [110, 100], "inflate": -1.7}
				]
			},
			{
				"name": "bone43",
				"parent": "body",
				"pivot": [2, 16.4, 1.9],
				"rotation": [10, 0, -4],
				"cubes": [
					{"origin": [0, 13.9, 0.4], "size": [4, 4, 3], "uv": [113, 58], "inflate": -1.2},
					{"origin": [-0.5, 2, -0.1], "size": [5, 15, 4], "uv": [110, 109], "inflate": -1.8},
					{"origin": [-0.5, 11, -0.1], "size": [5, 4, 4], "uv": [110, 91], "inflate": -1.7},
					{"origin": [-0.5, 11.6, -0.1], "size": [5, 4, 4], "uv": [110, 83], "inflate": -1.7}
				]
			},
			{
				"name": "bone44",
				"parent": "bone43",
				"pivot": [2, 5.1, 1.9],
				"rotation": [0, 0, 45],
				"cubes": [
					{"origin": [-0.5, 2.6, -0.1], "size": [5, 5, 4], "uv": [110, 100], "inflate": -1.7}
				]
			},
			{
				"name": "tail",
				"parent": "body",
				"pivot": [0, 10, 1.5],
				"rotation": [6, 0, 0],
				"cubes": [
					{"origin": [-1, 9, 1.5], "size": [2, 2, 2], "uv": [120, 0]}
				]
			},
			{
				"name": "bone101",
				"parent": "tail",
				"pivot": [0, 11, 3.5],
				"rotation": [-11, 0, 0],
				"cubes": [
					{"origin": [-1, 9, 3.5], "size": [2, 2, 2], "uv": [120, 4]}
				]
			},
			{
				"name": "bone102",
				"parent": "tail",
				"pivot": [0, 10, 5.5],
				"rotation": [-31, 0, 0],
				"cubes": [
					{"origin": [-1, 8.61113, 5.05001], "size": [2, 2, 3], "uv": [118, 9], "inflate": -0.1}
				]
			},
			{
				"name": "bone103",
				"parent": "tail",
				"pivot": [-0.2, 9, 8.5],
				"rotation": [-63, 0, 0],
				"cubes": [
					{"origin": [-1, 6.71274, 7.85389], "size": [2, 2, 3], "uv": [118, 14], "inflate": -0.2}
				]
			},
			{
				"name": "bone104",
				"parent": "tail",
				"pivot": [-0.2, 6, 10.5],
				"rotation": [-49, 0, 0],
				"cubes": [
					{"origin": [-1, 3.61243, 8.20871], "size": [2, 2, 2], "uv": [120, 20], "inflate": -0.3}
				]
			},
			{
				"name": "bone105",
				"parent": "tail",
				"pivot": [-0.2, 6, 12.5],
				"rotation": [-102, 0, 0],
				"cubes": [
					{"origin": [-0.5, 2.41515, 13.12719], "size": [1, 1, 1], "uv": [124, 25], "inflate": 0.1}
				]
			},
			{
				"name": "bone106",
				"parent": "tail",
				"pivot": [-0.2, 6, 13.5],
				"rotation": [-79, 0, 0],
				"cubes": [
					{"origin": [-0.5, 2.05619, 12.92817], "size": [1, 2, 1], "uv": [124, 27]}
				]
			},
			{
				"name": "bone107",
				"parent": "tail",
				"pivot": [-0.2, 10, 15.5],
				"rotation": [-53, 0, 0],
				"cubes": [
					{"origin": [-0.5, 4.06069, 16.02364], "size": [1, 2, 1], "uv": [124, 30]}
				]
			},
			{
				"name": "bone108",
				"parent": "tail",
				"pivot": [0, 9.18144, 14.93423],
				"rotation": [-27, 0, 0],
				"cubes": [
					{"origin": [-0.5, 5.95909, 13.70927], "size": [1, 2, 1], "uv": [124, 33]}
				]
			},
			{
				"name": "bone109",
				"parent": "tail",
				"pivot": [0, 14.18144, 14.93423],
				"rotation": [-4, 0, 0],
				"cubes": [
					{"origin": [-0.5, 8.15634, 13.59833], "size": [1, 3, 1], "uv": [124, 36]}
				]
			},
			{
				"name": "bone110",
				"parent": "tail",
				"pivot": [0, 19.18144, 14.93423],
				"rotation": [4, 0, 0],
				"cubes": [
					{"origin": [-0.5, 11.14471, 12.8318], "size": [1, 3, 1], "uv": [124, 40], "inflate": -0.1}
				]
			},
			{
				"name": "bone111",
				"parent": "tail",
				"pivot": [0, 17.64471, 13.3318],
				"rotation": [12, 0, 0],
				"cubes": [
					{"origin": [-0.5, 13.7953, 12.41309], "size": [1, 4, 1], "uv": [124, 44], "inflate": -0.1}
				]
			},
			{
				"name": "bone115",
				"parent": "bone111",
				"pivot": [0, 17.5, 12.9],
				"cubes": [
					{"origin": [-1, 17, 11.9], "size": [2, 1, 2], "uv": [117, 25], "inflate": -0.3},
					{"origin": [-0.5, 17.5, 12.4], "size": [1, 1, 1], "uv": [118, 28]}
				]
			},
			{
				"name": "bone112",
				"parent": "bone115",
				"pivot": [0, 17.8, 12.9],
				"rotation": [13, 0, 0],
				"cubes": [
					{"origin": [-0.5, 16.57505, 13.37437], "size": [1, 2, 1], "uv": [118, 30], "inflate": -0.2},
					{"origin": [-0.5, 16.57505, 13.17437], "size": [1, 4, 2], "uv": [116, 33], "inflate": -0.4}
				]
			},
			{
				"name": "bone113",
				"parent": "bone115",
				"pivot": [0, 17.8, 12.9],
				"rotation": [13, 120, 0],
				"cubes": [
					{"origin": [-0.5, 16.57505, 13.37437], "size": [1, 2, 1], "uv": [118, 30], "inflate": -0.2},
					{"origin": [-0.5, 16.57505, 13.17437], "size": [1, 4, 2], "uv": [116, 33], "inflate": -0.4}
				]
			},
			{
				"name": "bone114",
				"parent": "bone115",
				"pivot": [0, 17.8, 12.9],
				"rotation": [13, -120, 0],
				"cubes": [
					{"origin": [-0.5, 16.57505, 13.37437], "size": [1, 2, 1], "uv": [118, 30], "inflate": -0.2},
					{"origin": [-0.5, 16.57505, 13.17437], "size": [1, 4, 2], "uv": [116, 33], "inflate": -0.4}
				]
			},
			{
				"name": "legRight",
				"pivot": [-1.8, 9, 0],
				"cubes": [
					{"origin": [-3.299, 7, -1.5], "size": [3, 2, 3], "uv": [26, 123]},
					{"origin": [-3.299, -0.1, -1.5], "size": [3, 7, 3], "uv": [13, 118], "inflate": -0.1},
					{"origin": [-2.299, -0.1, 0.9], "size": [1, 2, 1], "uv": [113, 85], "inflate": -0.3},
					{"origin": [-3.299, -0.1, -1.7], "size": [3, 1, 1], "uv": [115, 44], "inflate": -0.2},
					{"origin": [-2.799, 0.9, -1.9], "size": [2, 1, 1], "uv": [122, 56], "inflate": -0.2},
					{"origin": [-3.599, 6.4, -0.2], "size": [2, 1, 2], "uv": [64, 125], "inflate": -0.2},
					{"origin": [-1.999, 6.4, -1.8], "size": [2, 1, 2], "uv": [64, 125], "inflate": -0.2},
					{"origin": [-1.999, 6.4, -0.2], "size": [2, 1, 2], "uv": [64, 125], "inflate": -0.2},
					{"origin": [-3.599, 6.4, -1.8], "size": [2, 1, 2], "uv": [64, 125], "inflate": -0.2},
					{"origin": [-3.599, 5.8, -0.5], "size": [2, 2, 1], "uv": [57, 125], "inflate": -0.2},
					{"origin": [-1.999, 5.8, -0.5], "size": [2, 2, 1], "uv": [57, 125], "inflate": -0.2}
				]
			},
			{
				"name": "bone25",
				"parent": "legRight",
				"pivot": [-1.799, 2.4, -0.4],
				"rotation": [30, 0, 0],
				"cubes": [
					{"origin": [-3.299, 0.9, -0.9], "size": [3, 3, 1], "uv": [96, 120], "inflate": -0.05},
					{"origin": [-2.299, 0.9, -2], "size": [1, 2, 1], "uv": [115, 85], "inflate": -0.2}
				]
			},
			{
				"name": "bone8",
				"parent": "legRight",
				"pivot": [-3.599, 0.1, 0.5],
				"cubes": [
					{"origin": [-3.699, -0.3, -0.5], "size": [1, 2, 2], "uv": [91, 109], "inflate": -0.3}
				]
			},
			{
				"name": "bone10",
				"parent": "legRight",
				"pivot": [-0.001, 0.1, 0.5],
				"cubes": [
					{"origin": [-0.901, -0.3, -0.5], "size": [1, 2, 2], "uv": [91, 109], "inflate": -0.3}
				]
			},
			{
				"name": "bone9",
				"parent": "legRight",
				"pivot": [-2.999, 0.1, 0],
				"rotation": [-22, 0, 0],
				"cubes": [
					{"origin": [-3.299, 0.7, -1], "size": [1, 1, 2], "uv": [98, 118]}
				]
			},
			{
				"name": "bone11",
				"parent": "legRight",
				"pivot": [-0.601, 0.1, 0],
				"rotation": [-22, 0, 0],
				"cubes": [
					{"origin": [-1.301, 0.7, -1], "size": [1, 1, 2], "uv": [96, 118]}
				]
			},
			{
				"name": "bone5",
				"parent": "legRight",
				"pivot": [-1.799, 0.4, 1.4],
				"rotation": [10, 0, 0],
				"cubes": [
					{"origin": [-2.299, -0.1, 0.9], "size": [1, 1, 1], "uv": [0, 116], "inflate": -0.1},
					{"origin": [-3.299, -0.2, 0.9], "size": [3, 1, 1], "uv": [5, 114], "inflate": -0.2}
				]
			},
			{
				"name": "bone6",
				"parent": "bone5",
				"pivot": [-0.799, 0.3, 1.4],
				"rotation": [0, 0, -7],
				"cubes": [
					{"origin": [-1.399, -0.1, 0.9], "size": [1, 2, 1], "uv": [0, 113], "inflate": -0.2}
				]
			},
			{
				"name": "bone7",
				"parent": "bone5",
				"pivot": [-2.801, 0.3, 1.4],
				"rotation": [0, 0, 7],
				"cubes": [
					{"origin": [-3.201, -0.1, 0.9], "size": [1, 2, 1], "uv": [0, 113], "inflate": -0.2}
				]
			},
			{
				"name": "bone3",
				"parent": "legRight",
				"pivot": [-2.499, 1.6, 1.6],
				"rotation": [-6, 0, -6],
				"cubes": [
					{"origin": [-2.999, 1.1, 0.7], "size": [1, 2, 1], "uv": [0, 113], "inflate": -0.1},
					{"origin": [-2.599, 2.1, 0.7], "size": [1, 1, 1], "uv": [0, 111], "inflate": -0.1}
				]
			},
			{
				"name": "bone4",
				"parent": "legRight",
				"pivot": [-1.101, 1.6, 1.6],
				"rotation": [-6, 0, 6],
				"cubes": [
					{"origin": [-1.601, 1.1, 0.7], "size": [1, 2, 1], "uv": [0, 113], "inflate": -0.1},
					{"origin": [-2.101, 2.1, 0.7], "size": [1, 1, 1], "uv": [0, 111], "inflate": -0.1}
				]
			},
			{
				"name": "bone12",
				"parent": "legRight",
				"pivot": [-0.46633, 0, -0.63333],
				"rotation": [-10, 0, 0],
				"cubes": [
					{"origin": [-2.799, -0.4, -2], "size": [2, 2, 1], "uv": [117, 47], "inflate": -0.2}
				]
			},
			{
				"name": "bone",
				"parent": "bone12",
				"pivot": [-1.799, 0.1, -2],
				"rotation": [0, 0, 26],
				"cubes": [
					{"origin": [-2.799, -0.4, -2.21], "size": [2, 1, 1], "uv": [96, 118], "inflate": -0.4}
				]
			},
			{
				"name": "bone2",
				"parent": "bone12",
				"pivot": [-1.799, 0.1, -2],
				"rotation": [0, 0, -26],
				"cubes": [
					{"origin": [-2.799, -0.4, -2.21], "size": [2, 1, 1], "uv": [98, 118], "inflate": -0.4}
				]
			},
			{
				"name": "legLeft",
				"pivot": [1.8, 9, 0],
				"cubes": [
					{"origin": [0.299, 7, -1.5], "size": [3, 2, 3], "uv": [26, 123]},
					{"origin": [0.299, -0.1, -1.5], "size": [3, 7, 3], "uv": [0, 118], "inflate": -0.1},
					{"origin": [1.299, -0.1, 0.9], "size": [1, 2, 1], "uv": [113, 68], "inflate": -0.3},
					{"origin": [0.299, -0.1, -1.7], "size": [3, 1, 1], "uv": [115, 44], "inflate": -0.2},
					{"origin": [0.799, 0.9, -1.9], "size": [2, 1, 1], "uv": [122, 56], "inflate": -0.2},
					{"origin": [1.599, 6.4, -0.2], "size": [2, 1, 2], "uv": [64, 125], "inflate": -0.2},
					{"origin": [-0.001, 6.4, -1.8], "size": [2, 1, 2], "uv": [64, 125], "inflate": -0.2},
					{"origin": [-0.001, 6.4, -0.2], "size": [2, 1, 2], "uv": [64, 125], "inflate": -0.2},
					{"origin": [1.599, 6.4, -1.8], "size": [2, 1, 2], "uv": [64, 125], "inflate": -0.2},
					{"origin": [1.599, 5.8, -0.5], "size": [2, 2, 1], "uv": [57, 125], "inflate": -0.2},
					{"origin": [-0.001, 5.8, -0.5], "size": [2, 2, 1], "uv": [57, 125], "inflate": -0.2}
				]
			},
			{
				"name": "bone13",
				"parent": "legLeft",
				"pivot": [3.599, 0.1, 0.5],
				"cubes": [
					{"origin": [2.699, -0.3, -0.5], "size": [1, 2, 2], "uv": [91, 105], "inflate": -0.3}
				]
			},
			{
				"name": "bone14",
				"parent": "legLeft",
				"pivot": [0.201, 0.1, 0.5],
				"cubes": [
					{"origin": [-0.099, -0.3, -0.5], "size": [1, 2, 2], "uv": [91, 105], "inflate": -0.3}
				]
			},
			{
				"name": "bone15",
				"parent": "legLeft",
				"pivot": [2.999, 0.1, 0],
				"rotation": [-22, 0, 0],
				"cubes": [
					{"origin": [2.299, 0.7, -1], "size": [1, 1, 2], "uv": [99, 117]}
				]
			},
			{
				"name": "bone16",
				"parent": "legLeft",
				"pivot": [0.601, 0.1, 0],
				"rotation": [-22, 0, 0],
				"cubes": [
					{"origin": [0.301, 0.7, -1], "size": [1, 1, 2], "uv": [97, 118]}
				]
			},
			{
				"name": "bone17",
				"parent": "legLeft",
				"pivot": [1.799, 0.4, 1.4],
				"rotation": [10, 0, 0],
				"cubes": [
					{"origin": [1.299, -0.1, 0.9], "size": [1, 1, 1], "uv": [0, 116], "inflate": -0.1},
					{"origin": [0.299, -0.2, 0.9], "size": [3, 1, 1], "uv": [5, 114], "inflate": -0.2}
				]
			},
			{
				"name": "bone18",
				"parent": "bone17",
				"pivot": [0.799, 0.3, 1.4],
				"rotation": [0, 0, 7],
				"cubes": [
					{"origin": [0.399, -0.1, 0.9], "size": [1, 2, 1], "uv": [0, 113], "inflate": -0.2}
				]
			},
			{
				"name": "bone19",
				"parent": "bone17",
				"pivot": [2.801, 0.3, 1.4],
				"rotation": [0, 0, -7],
				"cubes": [
					{"origin": [2.201, -0.1, 0.9], "size": [1, 2, 1], "uv": [0, 113], "inflate": -0.2}
				]
			},
			{
				"name": "bone20",
				"parent": "legLeft",
				"pivot": [2.499, 1.6, 1.6],
				"rotation": [-6, 0, 6],
				"cubes": [
					{"origin": [1.999, 1.1, 0.7], "size": [1, 2, 1], "uv": [0, 113], "inflate": -0.1},
					{"origin": [1.599, 2.1, 0.7], "size": [1, 1, 1], "uv": [0, 111], "inflate": -0.1}
				]
			},
			{
				"name": "bone21",
				"parent": "legLeft",
				"pivot": [1.101, 1.6, 1.6],
				"rotation": [-6, 0, -6],
				"cubes": [
					{"origin": [0.601, 1.1, 0.7], "size": [1, 2, 1], "uv": [0, 113], "inflate": -0.1},
					{"origin": [1.101, 2.1, 0.7], "size": [1, 1, 1], "uv": [0, 111], "inflate": -0.1}
				]
			},
			{
				"name": "bone22",
				"parent": "legLeft",
				"pivot": [0.46633, 0, -0.63333],
				"rotation": [-10, 0, 0],
				"cubes": [
					{"origin": [0.799, -0.4, -2], "size": [2, 2, 1], "uv": [117, 47], "inflate": -0.2}
				]
			},
			{
				"name": "bone23",
				"parent": "bone22",
				"pivot": [1.799, 0.1, -2],
				"rotation": [0, 0, -26],
				"cubes": [
					{"origin": [0.799, -0.4, -2.21], "size": [2, 1, 1], "uv": [99, 118], "inflate": -0.4}
				]
			},
			{
				"name": "bone24",
				"parent": "bone22",
				"pivot": [1.799, 0.1, -2],
				"rotation": [0, 0, 26],
				"cubes": [
					{"origin": [0.799, -0.4, -2.21], "size": [2, 1, 1], "uv": [99, 118], "inflate": -0.4}
				]
			},
			{
				"name": "bone26",
				"parent": "legLeft",
				"pivot": [1.799, 2.4, -0.4],
				"rotation": [30, 0, 0],
				"cubes": [
					{"origin": [0.299, 0.9, -0.9], "size": [3, 3, 1], "uv": [96, 120], "inflate": -0.05},
					{"origin": [1.299, 0.9, -2], "size": [1, 2, 1], "uv": [115, 68], "inflate": -0.2}
				]
			}
		]
	}
}