{
	"format_version": "1.10.0",
	"geometry.model": {
		"texturewidth": 128,
		"textureheight": 128,
		"visible_bounds_width": 2,
		"visible_bounds_height": 1,
		"visible_bounds_offset": [0, 0.5, 0],
		"bones": [
			{
				"name": "legRight",
				"pivot": [-1.5, 9, 0.5],
				"cubes": [
					{"origin": [-3.1, -0.4, -2.3], "size": [3, 2, 4], "uv": [0, 58], "inflate": -0.65},
					{"origin": [-3.1, -0.7, -2.7], "size": [3, 2, 4], "uv": [0, 58], "inflate": -0.66},
					{"origin": [-2.6, 0.1, -0.4], "size": [2, 9, 2], "uv": [14, 53], "inflate": 0.08},
					{"origin": [-4.1, 3.6, -1.9], "size": [5, 7, 5], "uv": [35, 52], "inflate": -1.35},
					{"origin": [-4.1, 7.8, -1.9], "size": [5, 4, 5], "uv": [0, 39], "inflate": -1.3},
					{"origin": [-0.9, 0.6, 0.6], "size": [1, 1, 1], "uv": [0, 60], "inflate": -0.35},
					{"origin": [-1.9, -0.9, -1.4], "size": [3, 4, 5], "uv": [22, 55], "inflate": -1.5},
					{"origin": [-4.3, -0.9, -1.4], "size": [3, 4, 5], "uv": [22, 55], "inflate": -1.5},
					{"origin": [-3.3, 0.6, 0.6], "size": [1, 1, 1], "uv": [0, 60], "inflate": -0.35}
				]
			},
			{
				"name": "bone",
				"parent": "legRight",
				"pivot": [-1.6, 1.3, -0.8],
				"rotation": [40, 0, 0],
				"cubes": [
					{"origin": [-2.1, 0.75, -1.3], "size": [1, 1, 1], "uv": [0, 58], "inflate": -0.3}
				]
			},
			{
				"name": "footFlower",
				"parent": "bone",
				"pivot": [-1.6, 1.2, -0.8],
				"rotation": [30, 180, 0],
				"cubes": [
					{"origin": [-4.1, -0.15, -3.2], "size": [5, 3, 5], "uv": [0, 53], "inflate": -1.5}
				]
			},
			{
				"name": "footFlower2",
				"parent": "bone",
				"pivot": [-1.6, 1.2, -0.8],
				"rotation": [0, 90, -30],
				"cubes": [
					{"origin": [-4.1, -0.15, -3.2], "size": [5, 3, 5], "uv": [0, 53], "inflate": -1.5}
				]
			},
			{
				"name": "footFlower3",
				"parent": "bone",
				"pivot": [-1.6, 1.2, -0.8],
				"rotation": [30, 0, 0],
				"cubes": [
					{"origin": [-4.1, -0.15, -3.2], "size": [5, 3, 5], "uv": [0, 53], "inflate": -1.5}
				]
			},
			{
				"name": "footFlower4",
				"parent": "bone",
				"pivot": [-1.6, 1.2, -0.8],
				"rotation": [0, -90, 30],
				"cubes": [
					{"origin": [-4.1, -0.15, -3.2], "size": [5, 3, 5], "uv": [0, 53], "inflate": -1.5}
				]
			},
			{
				"name": "legLeft",
				"pivot": [1.5, 9, 0.5],
				"cubes": [
					{"origin": [0.1, -0.4, -2.3], "size": [3, 2, 4], "uv": [0, 58], "inflate": -0.65, "mirror": true},
					{"origin": [0.1, -0.7, -2.7], "size": [3, 2, 4], "uv": [0, 58], "inflate": -0.66, "mirror": true},
					{"origin": [0.6, 0.1, -0.4], "size": [2, 9, 2], "uv": [14, 53], "inflate": 0.09, "mirror": true},
					{"origin": [-0.9, 3.7, -1.9], "size": [5, 7, 5], "uv": [35, 52], "inflate": -1.35, "mirror": true},
					{"origin": [-0.9, 0.2, -1.9], "size": [5, 4, 5], "uv": [35, 42], "inflate": -1.365, "mirror": true},
					{"origin": [-0.1, 0.6, 0.6], "size": [1, 1, 1], "uv": [0, 60], "inflate": -0.35, "mirror": true},
					{"origin": [-1.1, -0.9, -1.4], "size": [3, 4, 5], "uv": [22, 55], "inflate": -1.5, "mirror": true},
					{"origin": [1.3, -0.9, -1.4], "size": [3, 4, 5], "uv": [22, 55], "inflate": -1.5, "mirror": true},
					{"origin": [2.3, 0.6, 0.6], "size": [1, 1, 1], "uv": [0, 60], "inflate": -0.35, "mirror": true},
					{"origin": [-0.9, 7.8, -1.9], "size": [5, 4, 5], "uv": [0, 39], "inflate": -1.3}
				]
			},
			{
				"name": "bone2",
				"parent": "legLeft",
				"pivot": [1.6, 1.3, -0.8],
				"rotation": [40, 0, 0],
				"cubes": [
					{"origin": [1.1, 0.75, -1.3], "size": [1, 1, 1], "uv": [0, 58], "inflate": -0.3, "mirror": true}
				]
			},
			{
				"name": "footFlower5",
				"parent": "bone2",
				"pivot": [1.6, 1.2, -0.8],
				"rotation": [30, -180, 0],
				"cubes": [
					{"origin": [-0.9, -0.15, -3.2], "size": [5, 3, 5], "uv": [0, 53], "inflate": -1.5, "mirror": true}
				]
			},
			{
				"name": "footFlower6",
				"parent": "bone2",
				"pivot": [1.6, 1.2, -0.8],
				"rotation": [0, -90, 30],
				"cubes": [
					{"origin": [-0.9, -0.15, -3.2], "size": [5, 3, 5], "uv": [0, 53], "inflate": -1.5, "mirror": true}
				]
			},
			{
				"name": "footFlower7",
				"parent": "bone2",
				"pivot": [1.6, 1.2, -0.8],
				"rotation": [30, 0, 0],
				"cubes": [
					{"origin": [-0.9, -0.15, -3.2], "size": [5, 3, 5], "uv": [0, 53], "inflate": -1.5, "mirror": true}
				]
			},
			{
				"name": "footFlower8",
				"parent": "bone2",
				"pivot": [1.6, 1.2, -0.8],
				"rotation": [0, 90, -30],
				"cubes": [
					{"origin": [-0.9, -0.15, -3.2], "size": [5, 3, 5], "uv": [0, 53], "inflate": -1.5, "mirror": true}
				]
			},
			{
				"name": "armRight",
				"pivot": [0, 0, 0]
			},
			{
				"name": "armLeft",
				"pivot": [0, 0, 0]
			},
			{
				"name": "body",
				"pivot": [0, 13, 0],
				"cubes": [
					{"origin": [-2.5, 10, -1.001], "size": [5, 2, 3], "uv": [0, 48], "inflate": -0.005},
					{"origin": [-3, 10.9, -2], "size": [6, 7, 5], "uv": [0, 59], "inflate": -1.1},
					{"origin": [-3, 15.7, -2], "size": [6, 3, 5], "uv": [50, 59], "inflate": -1.1},
					{"origin": [-0.5, 16, -1.7], "size": [1, 1, 1], "uv": [50, 59], "inflate": -0.1},
					{"origin": [-4, 11.3, -3], "size": [8, 6, 7], "uv": [18, 64], "inflate": -2},
					{"origin": [-2.9, 8.1, -3.5], "size": [8, 6, 8], "uv": [91, 3], "inflate": -2.505},
					{"origin": [-4.9, 8.1, -3.5], "size": [8, 6, 8], "uv": [91, 3], "inflate": -2.505, "mirror": true},
					{"origin": [-0.9, 7.8, -1.9], "size": [5, 4, 5], "uv": [0, 39], "inflate": -1.3},
					{"origin": [-4.1, 7.8, -1.9], "size": [5, 4, 5], "uv": [0, 39], "inflate": -1.3},
					{"origin": [-4, 11.6, -3], "size": [8, 7, 7], "uv": [0, 11], "inflate": -1.99},
					{"origin": [-4, 11.8, -3], "size": [8, 7, 7], "uv": [0, 11], "inflate": -1.95},
					{"origin": [-3.5, 12.9, -3], "size": [7, 6, 6], "uv": [30, 1], "inflate": -1.85},
					{"origin": [-2, 12.3, -2.5], "size": [4, 6, 3], "uv": [8, 0], "inflate": -1.5},
					{"origin": [-2, 12.3, -2.6], "size": [4, 6, 3], "uv": [21, 1], "inflate": -1.5}
				]
			},
			{
				"name": "bone4",
				"parent": "body",
				"pivot": [1.4, 13.5, -1],
				"rotation": [85, 0, 0],
				"cubes": [
					{"origin": [-4, 10.5, -6], "size": [8, 5, 7], "uv": [0, 78], "inflate": -2}
				]
			},
			{
				"name": "bone6",
				"parent": "body",
				"pivot": [1.4, 13.5, -1],
				"rotation": [85, 180, 0],
				"cubes": [
					{"origin": [-1.2, 13.5, -6.3], "size": [8, 5, 7], "uv": [0, 78], "inflate": -2}
				]
			},
			{
				"name": "bone3",
				"parent": "body",
				"pivot": [5, 14, 0],
				"rotation": [0, 0, -20],
				"cubes": [
					{"origin": [0, 9.6, -3], "size": [4, 7, 7], "uv": [0, 64], "inflate": -1.99},
					{"origin": [-1, 9.7, -3], "size": [5, 7, 4], "uv": [0, 86], "inflate": -2},
					{"origin": [-1, 9.7, 0], "size": [5, 7, 4], "uv": [0, 86], "inflate": -2}
				]
			},
			{
				"name": "bone5",
				"parent": "body",
				"pivot": [-5, 14, 0],
				"rotation": [0, 0, 20],
				"cubes": [
					{"origin": [-4, 9.6, -3], "size": [4, 7, 7], "uv": [0, 64], "inflate": -1.99, "mirror": true},
					{"origin": [-4, 9.7, -3], "size": [5, 7, 4], "uv": [0, 86], "inflate": -2, "mirror": true},
					{"origin": [-4, 9.7, 0], "size": [5, 7, 4], "uv": [0, 86], "inflate": -2, "mirror": true}
				]
			},
			{
				"name": "bone7",
				"parent": "body",
				"pivot": [2.2, 11, -1],
				"rotation": [0, 0, -10]
			},
			{
				"name": "bone25",
				"parent": "bone7",
				"pivot": [2, 10, 0]
			},
			{
				"name": "bone13",
				"parent": "bone25",
				"pivot": [2, 11, 0],
				"rotation": [0, 0, -7],
				"cubes": [
					{"origin": [2.1, 10, -2.01], "size": [1, 1, 1], "uv": [64, 0]},
					{"origin": [2.1, 10, -2.01], "size": [1, 1, 1], "uv": [68, 0], "inflate": 0.001}
				]
			},
			{
				"name": "bone12",
				"parent": "bone25",
				"pivot": [1, 10, 0],
				"rotation": [0, 0, 10],
				"cubes": [
					{"origin": [0.3, 10.1, -2.21], "size": [1, 1, 1], "uv": [64, 0]},
					{"origin": [0.3, 10.1, -2.21], "size": [1, 1, 1], "uv": [68, 0], "inflate": 0.001}
				]
			},
			{
				"name": "bone11",
				"parent": "bone25",
				"pivot": [2, 10, 0],
				"cubes": [
					{"origin": [1.2, 10.1, -2.21], "size": [1, 1, 1], "uv": [76, 0], "inflate": 0.001},
					{"origin": [1.2, 10.1, -2.21], "size": [1, 1, 1], "uv": [72, 0]}
				]
			},
			{
				"name": "bone26",
				"parent": "bone7",
				"pivot": [2.1, 9, -0.2]
			},
			{
				"name": "bone27",
				"parent": "bone26",
				"pivot": [2.1, 10, -0.2],
				"rotation": [0, 0, -7],
				"cubes": [
					{"origin": [2.2, 9, -2.21], "size": [1, 1, 1], "uv": [64, 0]},
					{"origin": [2.2, 9, -2.21], "size": [1, 1, 1], "uv": [68, 0], "inflate": 0.001}
				]
			},
			{
				"name": "bone28",
				"parent": "bone26",
				"pivot": [1.1, 9, -0.2],
				"rotation": [0, 0, 10],
				"cubes": [
					{"origin": [0.4, 9.1, -2.41], "size": [1, 1, 1], "uv": [64, 0]},
					{"origin": [0.4, 9.1, -2.41], "size": [1, 1, 1], "uv": [68, 0], "inflate": 0.001}
				]
			},
			{
				"name": "bone29",
				"parent": "bone26",
				"pivot": [2.1, 9, -0.2],
				"cubes": [
					{"origin": [1.3, 9.1, -2.41], "size": [1, 1, 1], "uv": [76, 0], "inflate": 0.001},
					{"origin": [1.3, 9.1, -2.41], "size": [1, 1, 1], "uv": [72, 0]}
				]
			},
			{
				"name": "bone34",
				"parent": "bone7",
				"pivot": [2, 11, 0.9]
			},
			{
				"name": "bone15",
				"parent": "bone34",
				"pivot": [2, 11, 0.9],
				"rotation": [0, 0, -7],
				"cubes": [
					{"origin": [2.1, 10, 1.91], "size": [1, 1, 1], "uv": [64, 4]},
					{"origin": [2.1, 10, 1.91], "size": [1, 1, 1], "uv": [68, 4], "inflate": 0.001}
				]
			},
			{
				"name": "bone17",
				"parent": "bone34",
				"pivot": [2, 10, 0.9],
				"cubes": [
					{"origin": [1.2, 10.1, 2.11], "size": [1, 1, 1], "uv": [76, 4], "inflate": 0.001},
					{"origin": [1.2, 10.1, 2.11], "size": [1, 1, 1], "uv": [72, 4]}
				]
			},
			{
				"name": "bone16",
				"parent": "bone34",
				"pivot": [1, 10, 0.9],
				"rotation": [0, 0, 10],
				"cubes": [
					{"origin": [0.3, 10.1, 2.11], "size": [1, 1, 1], "uv": [64, 4]},
					{"origin": [0.3, 10.1, 2.11], "size": [1, 1, 1], "uv": [68, 4], "inflate": 0.001}
				]
			},
			{
				"name": "bone35",
				"parent": "bone7",
				"pivot": [2.1, 10, 1.1]
			},
			{
				"name": "bone36",
				"parent": "bone35",
				"pivot": [2.1, 10, 1.1],
				"rotation": [0, 0, -7],
				"cubes": [
					{"origin": [2.2, 9, 2.11], "size": [1, 1, 1], "uv": [64, 4]},
					{"origin": [2.2, 9, 2.11], "size": [1, 1, 1], "uv": [68, 4], "inflate": 0.001}
				]
			},
			{
				"name": "bone37",
				"parent": "bone35",
				"pivot": [2.1, 9, 1.1],
				"cubes": [
					{"origin": [1.3, 9.1, 2.31], "size": [1, 1, 1], "uv": [76, 4], "inflate": 0.001},
					{"origin": [1.3, 9.1, 2.31], "size": [1, 1, 1], "uv": [72, 4]}
				]
			},
			{
				"name": "bone38",
				"parent": "bone35",
				"pivot": [1.1, 9, 1.1],
				"rotation": [0, 0, 10],
				"cubes": [
					{"origin": [0.4, 9.1, 2.31], "size": [1, 1, 1], "uv": [64, 4]},
					{"origin": [0.4, 9.1, 2.31], "size": [1, 1, 1], "uv": [68, 4], "inflate": 0.001}
				]
			},
			{
				"name": "bone10",
				"parent": "bone7",
				"pivot": [-3, 11, 0.5],
				"rotation": [0, 0, 40],
				"cubes": [
					{"origin": [-4.3, 11, 0], "size": [1, 1, 1], "uv": [68, 2], "inflate": 0.001, "mirror": true},
					{"origin": [-4.3, 11, 1], "size": [1, 1, 1], "uv": [72, 2], "mirror": true},
					{"origin": [-4.3, 11, 1], "size": [1, 1, 1], "uv": [76, 2], "inflate": 0.001, "mirror": true},
					{"origin": [-4.3, 11, -1], "size": [1, 1, 1], "uv": [72, 2], "mirror": true},
					{"origin": [-4.3, 11, -1], "size": [1, 1, 1], "uv": [76, 2], "inflate": 0.001, "mirror": true},
					{"origin": [-4.3, 11, 0], "size": [1, 1, 1], "uv": [64, 2], "mirror": true}
				]
			},
			{
				"name": "bone24",
				"parent": "bone7",
				"pivot": [-3, 11, 0.5],
				"rotation": [0, 0, 30],
				"cubes": [
					{"origin": [-4, 10.2, 0], "size": [1, 1, 1], "uv": [68, 2], "inflate": 0.001, "mirror": true},
					{"origin": [-4, 10.2, 1], "size": [1, 1, 1], "uv": [72, 2], "mirror": true},
					{"origin": [-4, 10.2, 1], "size": [1, 1, 1], "uv": [76, 2], "inflate": 0.001, "mirror": true},
					{"origin": [-4, 10.2, -1], "size": [1, 1, 1], "uv": [72, 2], "mirror": true},
					{"origin": [-4, 10.2, -1], "size": [1, 1, 1], "uv": [76, 2], "inflate": 0.001, "mirror": true},
					{"origin": [-4, 10.2, 0], "size": [1, 1, 1], "uv": [64, 2], "mirror": true}
				]
			},
			{
				"name": "bone14",
				"parent": "body",
				"pivot": [-2.2, 11, -1],
				"rotation": [0, 0, 10]
			},
			{
				"name": "bone18",
				"parent": "bone14",
				"pivot": [-2, 11, 0],
				"rotation": [0, 0, 7],
				"cubes": [
					{"origin": [-3.1, 10, -2.01], "size": [1, 1, 1], "uv": [64, 0], "mirror": true},
					{"origin": [-3.1, 10, -2.01], "size": [1, 1, 1], "uv": [68, 0], "inflate": 0.001, "mirror": true}
				]
			},
			{
				"name": "bone19",
				"parent": "bone14",
				"pivot": [-1, 10, 0],
				"rotation": [0, 0, -10],
				"cubes": [
					{"origin": [-1.3, 10.1, -2.21], "size": [1, 1, 1], "uv": [64, 0], "mirror": true},
					{"origin": [-1.3, 10.1, -2.21], "size": [1, 1, 1], "uv": [68, 0], "inflate": 0.001, "mirror": true}
				]
			},
			{
				"name": "bone20",
				"parent": "bone14",
				"pivot": [-2, 10, 0],
				"cubes": [
					{"origin": [-2.2, 10.1, -2.21], "size": [1, 1, 1], "uv": [76, 0], "inflate": 0.001, "mirror": true},
					{"origin": [-2.2, 10.1, -2.21], "size": [1, 1, 1], "uv": [72, 0], "mirror": true}
				]
			},
			{
				"name": "bone21",
				"parent": "bone14",
				"pivot": [-2, 11, 0.9],
				"rotation": [0, 0, 7],
				"cubes": [
					{"origin": [-3.1, 10, 1.91], "size": [1, 1, 1], "uv": [64, 4], "mirror": true},
					{"origin": [-3.1, 10, 1.91], "size": [1, 1, 1], "uv": [68, 4], "inflate": 0.001, "mirror": true}
				]
			},
			{
				"name": "bone22",
				"parent": "bone14",
				"pivot": [-1, 10, 0.9],
				"rotation": [0, 0, -10],
				"cubes": [
					{"origin": [-1.3, 10.1, 2.11], "size": [1, 1, 1], "uv": [64, 4], "mirror": true},
					{"origin": [-1.3, 10.1, 2.11], "size": [1, 1, 1], "uv": [68, 4], "inflate": 0.001, "mirror": true}
				]
			},
			{
				"name": "bone23",
				"parent": "bone14",
				"pivot": [-2, 10, 0.9],
				"cubes": [
					{"origin": [-2.2, 10.1, 2.11], "size": [1, 1, 1], "uv": [76, 4], "inflate": 0.001, "mirror": true},
					{"origin": [-2.2, 10.1, 2.11], "size": [1, 1, 1], "uv": [72, 4], "mirror": true}
				]
			},
			{
				"name": "bone8",
				"parent": "bone14",
				"pivot": [3, 11, 0.5],
				"rotation": [0, 0, -40],
				"cubes": [
					{"origin": [3.3, 11, 0], "size": [1, 1, 1], "uv": [68, 2], "inflate": 0.001},
					{"origin": [3.3, 11, 1], "size": [1, 1, 1], "uv": [72, 2]},
					{"origin": [3.3, 11, 1], "size": [1, 1, 1], "uv": [76, 2], "inflate": 0.001},
					{"origin": [3.3, 11, -1], "size": [1, 1, 1], "uv": [72, 2]},
					{"origin": [3.3, 11, -1], "size": [1, 1, 1], "uv": [76, 2], "inflate": 0.001},
					{"origin": [3.3, 11, 0], "size": [1, 1, 1], "uv": [64, 2]}
				]
			},
			{
				"name": "bone9",
				"parent": "bone14",
				"pivot": [3, 11, 0.5],
				"rotation": [0, 0, -30],
				"cubes": [
					{"origin": [3, 10.2, 0], "size": [1, 1, 1], "uv": [68, 2], "inflate": 0.001},
					{"origin": [3, 10.2, 1], "size": [1, 1, 1], "uv": [72, 2]},
					{"origin": [3, 10.2, 1], "size": [1, 1, 1], "uv": [76, 2], "inflate": 0.001},
					{"origin": [3, 10.2, -1], "size": [1, 1, 1], "uv": [72, 2]},
					{"origin": [3, 10.2, -1], "size": [1, 1, 1], "uv": [76, 2], "inflate": 0.001},
					{"origin": [3, 10.2, 0], "size": [1, 1, 1], "uv": [64, 2]}
				]
			},
			{
				"name": "bone30",
				"parent": "bone14",
				"pivot": [-2.1, 9, -0.2]
			},
			{
				"name": "bone31",
				"parent": "bone30",
				"pivot": [-2.1, 10, -0.2],
				"rotation": [0, 0, 7],
				"cubes": [
					{"origin": [-3.2, 9, -2.21], "size": [1, 1, 1], "uv": [64, 0], "mirror": true},
					{"origin": [-3.2, 9, -2.21], "size": [1, 1, 1], "uv": [68, 0], "inflate": 0.001, "mirror": true}
				]
			},
			{
				"name": "bone32",
				"parent": "bone30",
				"pivot": [-1.1, 9, -0.2],
				"rotation": [0, 0, -10],
				"cubes": [
					{"origin": [-1.4, 9.1, -2.41], "size": [1, 1, 1], "uv": [64, 0], "mirror": true},
					{"origin": [-1.4, 9.1, -2.41], "size": [1, 1, 1], "uv": [68, 0], "inflate": 0.001, "mirror": true}
				]
			},
			{
				"name": "bone33",
				"parent": "bone30",
				"pivot": [-2.1, 9, -0.2],
				"cubes": [
					{"origin": [-2.3, 9.1, -2.41], "size": [1, 1, 1], "uv": [76, 0], "inflate": 0.001, "mirror": true},
					{"origin": [-2.3, 9.1, -2.41], "size": [1, 1, 1], "uv": [72, 0], "mirror": true}
				]
			},
			{
				"name": "bone39",
				"parent": "bone14",
				"pivot": [-2.1, 10, 1.1]
			},
			{
				"name": "bone40",
				"parent": "bone39",
				"pivot": [-2.1, 10, 1.1],
				"rotation": [0, 0, 7],
				"cubes": [
					{"origin": [-3.2, 9, 2.11], "size": [1, 1, 1], "uv": [64, 4], "mirror": true},
					{"origin": [-3.2, 9, 2.11], "size": [1, 1, 1], "uv": [68, 4], "inflate": 0.001, "mirror": true}
				]
			},
			{
				"name": "bone41",
				"parent": "bone39",
				"pivot": [-2.1, 9, 1.1],
				"cubes": [
					{"origin": [-2.3, 9.1, 2.31], "size": [1, 1, 1], "uv": [76, 4], "inflate": 0.001, "mirror": true},
					{"origin": [-2.3, 9.1, 2.31], "size": [1, 1, 1], "uv": [72, 4], "mirror": true}
				]
			},
			{
				"name": "bone42",
				"parent": "bone39",
				"pivot": [-1.1, 9, 1.1],
				"rotation": [0, 0, -10],
				"cubes": [
					{"origin": [-1.4, 9.1, 2.31], "size": [1, 1, 1], "uv": [64, 4], "mirror": true},
					{"origin": [-1.4, 9.1, 2.31], "size": [1, 1, 1], "uv": [68, 4], "inflate": 0.001, "mirror": true}
				]
			},
			{
				"name": "head",
				"pivot": [0, 0, 0]
			}
		]
	}
}