{
	"format_version": "1.10.0",
	"geometry.model": {
		"texturewidth": 128,
		"textureheight": 128,
		"visible_bounds_width": 2,
		"visible_bounds_height": 2,
		"visible_bounds_offset": [0, 1, 0],
		"bones": [
			{
				"name": "head",
				"pivot": [0, 18, 0],
				"cubes": [
					{"origin": [-4, 17, -4], "size": [8, 8, 8], "uv": [26, 28]},
					{"origin": [-4, 17, -4], "size": [8, 8, 1], "uv": [40, 44], "inflate": 0.2},
					{"origin": [-4, 17, 4], "size": [8, 6, 1], "uv": [50, 28]},
					{"origin": [0.1, 13, 3.2], "size": [2, 4, 1], "uv": [19, 36]},
					{"origin": [0.1, 9, 3.2], "size": [2, 3, 1], "uv": [58, 45]},
					{"origin": [0.6, 12, 3.2], "size": [1, 1, 1], "uv": [0, 38], "inflate": 0.2},
					{"origin": [-3.5, 24.5, -3.5], "size": [7, 1, 7], "uv": [34, 20]},
					{"origin": [3.5, 18, 0.001], "size": [1, 5, 4], "uv": [56, 5]},
					{"origin": [-4.5, 18, 0.001], "size": [1, 5, 4], "uv": [56, 5]}
				]
			},
			{
				"name": "bone9",
				"parent": "head",
				"pivot": [2.1, 13, 3.5],
				"rotation": [0, 0, 10],
				"cubes": [
					{"origin": [0.1, 13, 3.15], "size": [2, 4, 1], "uv": [29, 0]}
				]
			},
			{
				"name": "bone10",
				"parent": "head",
				"pivot": [0.1, 13, 3.5],
				"rotation": [0, 0, -10],
				"cubes": [
					{"origin": [0.1, 13, 3.16], "size": [2, 4, 1], "uv": [0, 17]}
				]
			},
			{
				"name": "bone",
				"parent": "head",
				"pivot": [0, 23, 4.9],
				"rotation": [15, 0, 0],
				"cubes": [
					{"origin": [-3, 22.5, 3.7], "size": [6, 2, 1], "uv": [27, 20]}
				]
			},
			{
				"name": "bone5",
				"parent": "head",
				"pivot": [-4.5, 23, 1.501],
				"rotation": [0, 0, 10]
			},
			{
				"name": "bone6",
				"parent": "head",
				"pivot": [4.5, 23, 1.501],
				"rotation": [0, 0, -10],
				"cubes": [
					{"origin": [3.5, 23, 0.001], "size": [1, 1, 3], "uv": [16, 44]}
				]
			},
			{
				"name": "bone16",
				"parent": "head",
				"pivot": [-4.5, 23, 1.501],
				"rotation": [0, 0, 10],
				"cubes": [
					{"origin": [-4.5, 23, 0.001], "size": [1, 1, 3], "uv": [16, 44]}
				]
			},
			{
				"name": "bone7",
				"parent": "head",
				"pivot": [4.5, 23.6, -2.499],
				"rotation": [0, 0, -25],
				"cubes": [
					{"origin": [3.5, 23, -3.599], "size": [1, 2, 2], "uv": [41, 61]}
				]
			},
			{
				"name": "bone15",
				"parent": "head",
				"pivot": [-4.5, 23.6, -2.499],
				"rotation": [0, 0, 25],
				"cubes": [
					{"origin": [-4.5, 23, -3.599], "size": [1, 2, 2], "uv": [47, 61]}
				]
			},
			{
				"name": "bone8",
				"parent": "head",
				"pivot": [-4.5, 23.6, -2.499],
				"rotation": [0, 0, 25]
			},
			{
				"name": "bone3",
				"parent": "head",
				"pivot": [4.5, 18, 3],
				"rotation": [0, 0, 20],
				"cubes": [
					{"origin": [3.5, 16, 2], "size": [1, 2, 2], "uv": [47, 61], "inflate": -0.001}
				]
			},
			{
				"name": "bone17",
				"parent": "head",
				"pivot": [-4.5, 18, 3],
				"rotation": [0, 0, -20],
				"cubes": [
					{"origin": [-4.5, 16, 2], "size": [1, 2, 2], "uv": [47, 61], "inflate": -0.001}
				]
			},
			{
				"name": "bone4",
				"parent": "head",
				"pivot": [-4.5, 18, 3],
				"rotation": [0, 0, -20]
			},
			{
				"name": "bone2",
				"parent": "head",
				"pivot": [0, 17, 4.5],
				"rotation": [-15, 0, 0],
				"cubes": [
					{"origin": [-3.5, 15.5, 3.7], "size": [7, 2, 1], "uv": [51, 0]}
				]
			},
			{
				"name": "blink",
				"parent": "head",
				"pivot": [0, 18, 0],
				"cubes": [
					{"origin": [-4, 17, -4.001], "size": [8, 8, 0], "uv": [41, 53]}
				]
			},
			{
				"name": "helmet",
				"parent": "head",
				"pivot": [0, 18, 0],
				"cubes": [
					{"origin": [-5, 18, -4.5], "size": [10, 8, 9], "uv": [0, 0]}
				]
			},
			{
				"name": "bone14",
				"parent": "helmet",
				"pivot": [0, 21, 2],
				"rotation": [15, 0, 0],
				"cubes": [
					{"origin": [-5, 13, -1.5], "size": [10, 12, 7], "uv": [0, 17], "inflate": 0.01},
					{"origin": [-5, 13, -1.5], "size": [10, 12, 7], "uv": [2, 82], "inflate": -0.001}
				]
			},
			{
				"name": "armRight",
				"pivot": [-3, 17.5, 0],
				"rotation": [0, 0, 10],
				"cubes": [
					{"origin": [-5, 8.5, -1], "size": [2, 8, 2], "uv": [58, 35], "mirror": true},
					{"origin": [-5, 10, -1], "size": [2, 3, 2], "uv": [0, 0], "inflate": 0.2, "mirror": true},
					{"origin": [-4.5, 10, -1.7], "size": [1, 2, 1], "uv": [27, 17], "inflate": -0.2, "mirror": true},
					{"origin": [-5, 10.3, -1.69], "size": [2, 1, 1], "uv": [0, 22], "inflate": -0.2, "mirror": true},
					{"origin": [-4.5, 9.4, -1.7], "size": [1, 1, 1], "uv": [0, 36], "inflate": -0.2, "mirror": true},
					{"origin": [-5, 14.5, -1], "size": [2, 2, 2], "uv": [55, 20], "inflate": 0.2, "mirror": true}
				]
			},
			{
				"name": "armRightPositioningBone",
				"parent": "armRight",
				"pivot": [-4, 9, 0]
			},
			{
				"name": "armLeft",
				"pivot": [3, 17.5, 0],
				"rotation": [0, 0, -10],
				"cubes": [
					{"origin": [3, 8.5, -1], "size": [2, 8, 2], "uv": [58, 35]},
					{"origin": [3, 10, -1], "size": [2, 3, 2], "uv": [0, 0], "inflate": 0.2},
					{"origin": [3.5, 10, -1.7], "size": [1, 2, 1], "uv": [27, 17], "inflate": -0.2},
					{"origin": [3, 10.3, -1.69], "size": [2, 1, 1], "uv": [0, 22], "inflate": -0.2},
					{"origin": [3.5, 9.4, -1.7], "size": [1, 1, 1], "uv": [0, 36], "inflate": -0.2},
					{"origin": [3, 14.5, -1], "size": [2, 2, 2], "uv": [55, 20], "inflate": 0.2}
				]
			},
			{
				"name": "armLeftPositioningBone",
				"parent": "armLeft",
				"pivot": [4, 9, 0]
			},
			{
				"name": "body",
				"pivot": [0, 10.5, 0],
				"cubes": [
					{"origin": [-3, 10.999, -2], "size": [6, 6, 4], "uv": [0, 44]},
					{"origin": [-3, 12.799, -3.6], "size": [6, 5, 4], "uv": [20, 44], "inflate": -1.5},
					{"origin": [-3.5, 7.999, -2.5], "size": [7, 3, 5], "uv": [0, 36]},
					{"origin": [-4, 5.699, -3], "size": [8, 3, 6], "uv": [29, 0]},
					{"origin": [-4.5, 3.299, -3.5], "size": [9, 3, 7], "uv": [31, 10]},
					{"origin": [1, 3.499, -3.7], "size": [1, 2, 1], "uv": [5, 5]},
					{"origin": [-2, 3.499, -3.7], "size": [1, 2, 1], "uv": [5, 5], "mirror": true},
					{"origin": [-2, 3.299, 2.7], "size": [4, 3, 1], "uv": [6, 54]}
				]
			},
			{
				"name": "bone11",
				"parent": "body",
				"pivot": [-1.5, 5.499, -3.7],
				"rotation": [-12, 0, 0]
			},
			{
				"name": "bone12",
				"parent": "body",
				"pivot": [1.5, 5.499, -3.7],
				"rotation": [-12, 0, 0],
				"cubes": [
					{"origin": [1, 5.499, -3.7], "size": [1, 7, 1], "uv": [10, 58]},
					{"origin": [-1.5, 4.299, -5.8], "size": [7, 8, 4], "uv": [62, 10], "inflate": -2}
				]
			},
			{
				"name": "bone18",
				"parent": "body",
				"pivot": [-1.5, 5.499, -3.7],
				"rotation": [-12, 0, 0],
				"cubes": [
					{"origin": [-2, 5.499, -3.7], "size": [1, 7, 1], "uv": [10, 58], "mirror": true},
					{"origin": [-5.5, 4.299, -5.8], "size": [7, 8, 4], "uv": [62, 10], "inflate": -2, "mirror": true}
				]
			},
			{
				"name": "bone13",
				"parent": "body",
				"pivot": [1.5, 6.099, 3.7],
				"rotation": [12, 0, 0],
				"cubes": [
					{"origin": [-2, 6.099, 2.7], "size": [4, 7, 1], "uv": [57, 57]}
				]
			},
			{
				"name": "legLeft",
				"pivot": [2, 9, 0],
				"cubes": [
					{"origin": [0.499, -0.2, -1.5], "size": [3, 9, 3], "uv": [29, 53], "inflate": -0.2},
					{"origin": [0.999, 0, -1.5], "size": [2, 1, 1], "uv": [51, 3]}
				]
			},
			{
				"name": "legRight",
				"pivot": [-2, 9, 0],
				"cubes": [
					{"origin": [-3.499, -0.2, -1.5], "size": [3, 9, 3], "uv": [17, 53], "inflate": -0.2},
					{"origin": [-2.999, 0, -1.5], "size": [2, 1, 1], "uv": [26, 53]}
				]
			}
		]
	}
}