{
	"format_version": "1.10.0",
	"geometry.model": {
		"texturewidth": 128,
		"textureheight": 128,
		"visible_bounds_width": 2,
		"visible_bounds_height": 3,
		"visible_bounds_offset": [0, 1.5, 0],
		"bones": [
			{
				"name": "head",
				"pivot": [0, 18, 0],
				"cubes": [
					{"origin": [-4, 18, -4], "size": [8, 8, 8], "uv": [28, 8]},
					{"origin": [-4, 18, -4], "size": [8, 8, 8], "uv": [0, 0], "inflate": 0.1},
					{"origin": [-4, 18, -4], "size": [8, 8, 1], "uv": [49, 24], "inflate": 0.2}
				]
			},
			{
				"name": "bone69",
				"parent": "head",
				"pivot": [0, 0, 0],
				"rotation": [0, -10, 0]
			},
			{
				"name": "bone66",
				"parent": "bone69",
				"pivot": [-1.7, 27.3, -0.6],
				"rotation": [-31, -13, 0],
				"cubes": [
					{"origin": [-2.97437, 25.41586, -1.10718], "size": [1, 3, 1], "uv": [39, 67], "inflate": -0.1},
					{"origin": [-3.07437, 25.41586, -1.00718], "size": [1, 3, 1], "uv": [43, 67], "inflate": 0.1}
				]
			},
			{
				"name": "bone68",
				"parent": "bone69",
				"pivot": [-1.9, 31.5, 4.4],
				"rotation": [-56, -17, 0],
				"cubes": [
					{"origin": [-4.37256, 28.89764, 3.87633], "size": [1, 3, 1], "uv": [27, 67], "inflate": -0.15},
					{"origin": [-4.47256, 29.29764, 3.97633], "size": [1, 3, 1], "uv": [66, 66]}
				]
			},
			{
				"name": "bone67",
				"parent": "bone69",
				"pivot": [-1.7, 31, 1.6],
				"rotation": [-49, -13, -2],
				"cubes": [
					{"origin": [-3.55057, 27.87663, 2.13105], "size": [1, 3, 1], "uv": [35, 67], "inflate": -0.05},
					{"origin": [-3.75057, 28.07663, 2.33105], "size": [1, 3, 1], "uv": [31, 67], "inflate": 0.25}
				]
			},
			{
				"name": "bone70",
				"parent": "head",
				"pivot": [0, 0, 0],
				"rotation": [0, 10, 0]
			},
			{
				"name": "bone71",
				"parent": "bone70",
				"pivot": [2.7, 27.3, -0.6],
				"rotation": [-31, 13, 0],
				"cubes": [
					{"origin": [2.1, 25.3, -1.2], "size": [1, 3, 1], "uv": [6, 65], "inflate": 0.1},
					{"origin": [1.97437, 25.41586, -1.10718], "size": [1, 3, 1], "uv": [39, 67], "inflate": -0.1, "mirror": true}
				]
			},
			{
				"name": "bone72",
				"parent": "bone70",
				"pivot": [2.9, 31.5, 4.4],
				"rotation": [-56, 17, 0],
				"cubes": [
					{"origin": [3.51626, 29.05525, 3.81284], "size": [1, 3, 1], "uv": [30, 48]},
					{"origin": [3.37256, 28.89764, 3.87633], "size": [1, 3, 1], "uv": [27, 67], "inflate": -0.15, "mirror": true}
				]
			},
			{
				"name": "bone73",
				"parent": "bone70",
				"pivot": [2.7, 31, 1.6],
				"rotation": [-49, 13, 2],
				"cubes": [
					{"origin": [2.7768, 27.88407, 2.2099], "size": [1, 3, 1], "uv": [24, 0], "inflate": 0.25},
					{"origin": [2.55057, 27.87663, 2.13105], "size": [1, 3, 1], "uv": [35, 67], "inflate": -0.05, "mirror": true}
				]
			},
			{
				"name": "bone57",
				"parent": "head",
				"pivot": [-0.3, 23.3, -3.9],
				"rotation": [-8, -11, 23],
				"cubes": [
					{"origin": [-0.2, 22.4, -4.4], "size": [1, 4, 1], "uv": [15, 64]}
				]
			},
			{
				"name": "bone60",
				"parent": "head",
				"pivot": [-1.5, 24.4, -3.9],
				"rotation": [-7, -3, 9],
				"cubes": [
					{"origin": [-1.5, 22.4, -4.4], "size": [2, 4, 1], "uv": [61, 62]}
				]
			},
			{
				"name": "bone61",
				"parent": "head",
				"pivot": [0, 0, 0]
			},
			{
				"name": "bone58",
				"parent": "bone61",
				"pivot": [-3.6, 20.7, -1.4],
				"rotation": [-6, 0, -1],
				"cubes": [
					{"origin": [-4.3, 17.1, -2.9], "size": [1, 5, 1], "uv": [55, 63]}
				]
			},
			{
				"name": "bone54",
				"parent": "bone61",
				"pivot": [-3.9, 22.5, -1.9],
				"rotation": [59, -1, 4],
				"cubes": [
					{"origin": [-4.6, 18.9, -3.4], "size": [1, 5, 2], "uv": [50, 57]}
				]
			},
			{
				"name": "bone55",
				"parent": "bone61",
				"pivot": [-3.9, 24.2, -1.9],
				"rotation": [65, 3, 8],
				"cubes": [
					{"origin": [-4.6, 20.6, -3.4], "size": [1, 5, 2], "uv": [56, 41]}
				]
			},
			{
				"name": "bone56",
				"parent": "bone61",
				"pivot": [-3.2, 23.3, -3.9],
				"rotation": [-5, 0, 14],
				"cubes": [
					{"origin": [-4.2, 21.3, -4.4], "size": [2, 4, 1], "uv": [62, 11]}
				]
			},
			{
				"name": "bone59",
				"parent": "head",
				"pivot": [0, 0, 0]
			},
			{
				"name": "bone62",
				"parent": "bone59",
				"pivot": [3.6, 20.7, -1.4],
				"rotation": [-6, 0, 1],
				"cubes": [
					{"origin": [3.3, 17.1, -2.9], "size": [1, 5, 1], "uv": [46, 62]}
				]
			},
			{
				"name": "bone63",
				"parent": "bone59",
				"pivot": [3.9, 22.5, -1.9],
				"rotation": [59, 1, -4],
				"cubes": [
					{"origin": [3.6, 18.9, -3.4], "size": [1, 5, 2], "uv": [21, 16]}
				]
			},
			{
				"name": "bone64",
				"parent": "bone59",
				"pivot": [3.9, 24.2, -1.9],
				"rotation": [65, -3, -8],
				"cubes": [
					{"origin": [3.6, 20.6, -3.4], "size": [1, 5, 2], "uv": [0, 16]}
				]
			},
			{
				"name": "bone65",
				"parent": "bone59",
				"pivot": [3.2, 23.3, -3.9],
				"rotation": [-5, 0, -14],
				"cubes": [
					{"origin": [2.2, 21.3, -4.4], "size": [2, 4, 1], "uv": [40, 62]}
				]
			},
			{
				"name": "blink",
				"parent": "head",
				"pivot": [0, 18, 0],
				"cubes": [
					{"origin": [-4, 18, -4.001], "size": [8, 8, 0], "uv": [40, 0]}
				]
			},
			{
				"name": "hair",
				"parent": "head",
				"pivot": [0, 21, 4],
				"rotation": [10, 0, 0],
				"cubes": [
					{"origin": [-1, 13, 3], "size": [2, 8, 1], "uv": [22, 55]}
				]
			},
			{
				"name": "hm1",
				"parent": "hair",
				"pivot": [0, 10.5, 3.5],
				"rotation": [-5, 0, 0],
				"cubes": [
					{"origin": [-1, 8.03406, 2.78021], "size": [2, 5, 1], "uv": [58, 48]}
				]
			},
			{
				"name": "hl1",
				"parent": "hair",
				"pivot": [1, 19, 4],
				"rotation": [0, 5, -5],
				"cubes": [
					{"origin": [0.08457, 13.04179, 2.91825], "size": [2, 8, 1], "uv": [16, 55]}
				]
			},
			{
				"name": "bone74",
				"parent": "hl1",
				"pivot": [2, 10.5, 3.2],
				"rotation": [-5, 0, 0],
				"cubes": [
					{"origin": [0.08457, 8.09471, 2.69398], "size": [2, 5, 1], "uv": [56, 57]}
				]
			},
			{
				"name": "hl2",
				"parent": "hair",
				"pivot": [3, 19, 4],
				"rotation": [0, 5, -10],
				"cubes": [
					{"origin": [1.60106, 13.31821, 2.70097], "size": [2, 7, 1], "uv": [56, 33]}
				]
			},
			{
				"name": "bone75",
				"parent": "hl2",
				"pivot": [3.49714, 11.85769, 2.81596],
				"rotation": [-5, 0, 0],
				"cubes": [
					{"origin": [1.60106, 9.38979, 2.57031], "size": [2, 4, 1], "uv": [34, 62]}
				]
			},
			{
				"name": "hr1",
				"parent": "hair",
				"pivot": [-1, 19, 4],
				"rotation": [0, -5, 5],
				"cubes": [
					{"origin": [-2.08457, 13.04179, 2.91825], "size": [2, 8, 1], "uv": [28, 24]}
				]
			},
			{
				"name": "bone76",
				"parent": "hr1",
				"pivot": [-2, 10.5, 3.2],
				"rotation": [-5, 0, 0],
				"cubes": [
					{"origin": [-2.08457, 8.09471, 2.69398], "size": [2, 5, 1], "uv": [0, 42]}
				]
			},
			{
				"name": "hr2",
				"parent": "hair",
				"pivot": [-3, 19, 4],
				"rotation": [0, -5, 10],
				"cubes": [
					{"origin": [-3.60106, 13.31821, 2.70097], "size": [2, 7, 1], "uv": [0, 0]}
				]
			},
			{
				"name": "bone77",
				"parent": "hr2",
				"pivot": [-3.50575, 11.94513, 2.81596],
				"rotation": [-5, 0, 0],
				"cubes": [
					{"origin": [-3.60106, 9.39012, 2.57793], "size": [2, 4, 1], "uv": [28, 62]}
				]
			},
			{
				"name": "hl3",
				"parent": "hair",
				"pivot": [-4, 18.3, 4.8],
				"rotation": [-9, -15, 21]
			},
			{
				"name": "bone78",
				"parent": "hl3",
				"pivot": [0, 21.3, 4.8],
				"rotation": [5, 0, 5],
				"cubes": [
					{"origin": [-4.42209, 15.51484, 2.04573], "size": [1, 5, 1], "uv": [24, 42]}
				]
			},
			{
				"name": "hl4",
				"parent": "hair",
				"pivot": [4, 18.3, 4.8],
				"rotation": [-9, 15, -21]
			},
			{
				"name": "bone79",
				"parent": "hl4",
				"pivot": [0, 21.3, 4.8],
				"rotation": [5, 0, -5],
				"cubes": [
					{"origin": [3.42209, 15.51484, 2.04573], "size": [1, 5, 1], "uv": [32, 8]}
				]
			},
			{
				"name": "armLeft",
				"pivot": [3, 17.5, 0],
				"rotation": [0, 0, -10],
				"cubes": [
					{"origin": [3, 9.5, -1], "size": [2, 8, 2], "uv": [0, 55]}
				]
			},
			{
				"name": "bone44",
				"parent": "armLeft",
				"pivot": [4.6, 14.8, 0],
				"rotation": [0, 45, -4],
				"cubes": [
					{"origin": [3.6, 13.9, -1], "size": [2, 1, 2], "uv": [61, 55]}
				]
			},
			{
				"name": "bone45",
				"parent": "armLeft",
				"pivot": [4.4, 15.2, 0],
				"rotation": [0, 45, 10],
				"cubes": [
					{"origin": [3.4, 14.7, -1], "size": [2, 1, 2], "uv": [60, 39], "inflate": 0.1}
				]
			},
			{
				"name": "bone46",
				"parent": "armLeft",
				"pivot": [4.6, 16, 0],
				"rotation": [0, 45, 20],
				"cubes": [
					{"origin": [3.6, 15.5, -1], "size": [2, 1, 2], "uv": [60, 20]}
				]
			},
			{
				"name": "bone47",
				"parent": "armLeft",
				"pivot": [3.6, 14.5, 0],
				"rotation": [0, 0, 10],
				"cubes": [
					{"origin": [2.6, 13.5, -1], "size": [2, 2, 2], "uv": [46, 48], "inflate": -0.1}
				]
			},
			{
				"name": "bone48",
				"parent": "armLeft",
				"pivot": [4, 13, -0.6],
				"rotation": [8, 0, 0],
				"cubes": [
					{"origin": [3, 12.5, -1.1], "size": [2, 1, 1], "uv": [60, 6], "inflate": 0.001}
				]
			},
			{
				"name": "bone49",
				"parent": "armLeft",
				"pivot": [4, 13, 0.6],
				"rotation": [-8, 0, 0],
				"cubes": [
					{"origin": [3, 12.5, 0.1], "size": [2, 1, 1], "uv": [52, 48], "inflate": 0.001}
				]
			},
			{
				"name": "bone50",
				"parent": "armLeft",
				"pivot": [4.7, 13, 0],
				"rotation": [-8, 90, 0],
				"cubes": [
					{"origin": [3.7, 12.5, -0.6], "size": [2, 1, 1], "uv": [49, 33], "inflate": 0.001}
				]
			},
			{
				"name": "bone51",
				"parent": "armLeft",
				"pivot": [3.3, 13, 0],
				"rotation": [-8, -90, 0],
				"cubes": [
					{"origin": [2.3, 12.5, -0.6], "size": [2, 1, 1], "uv": [28, 33], "inflate": 0.001}
				]
			},
			{
				"name": "armRightPositioningBone2",
				"parent": "armLeft",
				"pivot": [4, 10, 0]
			},
			{
				"name": "armRight",
				"pivot": [-3, 17.5, 0],
				"rotation": [0, 0, 10],
				"cubes": [
					{"origin": [-5, 9.5, -1], "size": [2, 8, 2], "uv": [8, 55]},
					{"origin": [-6, 8.5, -2], "size": [4, 4, 4], "uv": [24, 0], "inflate": -0.9}
				]
			},
			{
				"name": "bone41",
				"parent": "armRight",
				"pivot": [-4.6, 14.8, 0],
				"rotation": [0, -45, 4],
				"cubes": [
					{"origin": [-5.6, 13.9, -1], "size": [2, 1, 2], "uv": [62, 42]}
				]
			},
			{
				"name": "bone42",
				"parent": "armRight",
				"pivot": [-4.4, 15.2, 0],
				"rotation": [0, -45, -10],
				"cubes": [
					{"origin": [-5.4, 14.7, -1], "size": [2, 1, 2], "uv": [62, 36], "inflate": 0.1}
				]
			},
			{
				"name": "bone43",
				"parent": "armRight",
				"pivot": [-4.6, 16, 0],
				"rotation": [0, -45, -20],
				"cubes": [
					{"origin": [-5.6, 15.5, -1], "size": [2, 1, 2], "uv": [62, 33]}
				]
			},
			{
				"name": "bone40",
				"parent": "armRight",
				"pivot": [-3.6, 14.5, 0],
				"rotation": [0, 0, -10],
				"cubes": [
					{"origin": [-4.6, 13.5, -1], "size": [2, 2, 2], "uv": [56, 0], "inflate": -0.1}
				]
			},
			{
				"name": "bone36",
				"parent": "armRight",
				"pivot": [-4, 13, -0.6],
				"rotation": [8, 0, 0],
				"cubes": [
					{"origin": [-5, 12.5, -1.1], "size": [2, 1, 1], "uv": [66, 39], "inflate": 0.001}
				]
			},
			{
				"name": "bone37",
				"parent": "armRight",
				"pivot": [-4, 13, 0.6],
				"rotation": [-8, 0, 0],
				"cubes": [
					{"origin": [-5, 12.5, 0.1], "size": [2, 1, 1], "uv": [66, 23], "inflate": 0.001}
				]
			},
			{
				"name": "bone38",
				"parent": "armRight",
				"pivot": [-4.7, 13, 0],
				"rotation": [-8, -90, 0],
				"cubes": [
					{"origin": [-5.7, 12.5, -0.6], "size": [2, 1, 1], "uv": [66, 20], "inflate": 0.001}
				]
			},
			{
				"name": "bone39",
				"parent": "armRight",
				"pivot": [-3.3, 13, 0],
				"rotation": [-8, 90, 0],
				"cubes": [
					{"origin": [-4.3, 12.5, -0.6], "size": [2, 1, 1], "uv": [64, 9], "inflate": 0.001}
				]
			},
			{
				"name": "armRightPositioningBone",
				"parent": "armRight",
				"pivot": [-4, 10, 0]
			},
			{
				"name": "body",
				"pivot": [0, 10.5, 0],
				"cubes": [
					{"origin": [-3, 9.999, -2], "size": [6, 8, 4], "uv": [30, 48]},
					{"origin": [-3, 8.199, -1.5], "size": [6, 2, 3], "uv": [0, 36], "inflate": 0.15}
				]
			},
			{
				"name": "bone29",
				"parent": "body",
				"pivot": [0, 15.999, -1.7],
				"rotation": [-25, 0, 0],
				"cubes": [
					{"origin": [-4.5, 12.499, -4.7], "size": [9, 7, 6], "uv": [0, 42], "inflate": -2}
				]
			},
			{
				"name": "bone30",
				"parent": "body",
				"pivot": [0, 15.999, -1.7],
				"rotation": [-28, 0, 3],
				"cubes": [
					{"origin": [-2.6, 15.299, -2.8], "size": [1, 4, 1], "uv": [23, 64], "inflate": 0.1}
				]
			},
			{
				"name": "bone31",
				"parent": "body",
				"pivot": [0, 15.999, -1.7],
				"rotation": [-28, 0, -3],
				"cubes": [
					{"origin": [1.6, 15.299, -2.8], "size": [1, 4, 1], "uv": [19, 64], "inflate": 0.1}
				]
			},
			{
				"name": "bone9",
				"parent": "body",
				"pivot": [-2.1, 16.499, 0],
				"rotation": [0, 0, 7],
				"cubes": [
					{"origin": [-3.1, 14.999, -2], "size": [2, 3, 4], "uv": [52, 4], "inflate": 0.1}
				]
			},
			{
				"name": "bone52",
				"parent": "bone9",
				"pivot": [-4.1, 16.999, 0],
				"rotation": [0, 0, 12],
				"cubes": [
					{"origin": [-5.6, 16.499, -1], "size": [3, 1, 2], "uv": [52, 11], "inflate": 0.1}
				]
			},
			{
				"name": "bone32",
				"parent": "bone9",
				"pivot": [-3.4, 16.999, -1.1],
				"rotation": [0, 13, 0],
				"cubes": [
					{"origin": [-5.4, 16.699, -1.6], "size": [4, 1, 1], "uv": [60, 4]}
				]
			},
			{
				"name": "bone33",
				"parent": "bone9",
				"pivot": [-3.4, 16.999, 1.1],
				"rotation": [0, -13, 12],
				"cubes": [
					{"origin": [-5.4, 16.299, 0.6], "size": [4, 1, 1], "uv": [38, 60]}
				]
			},
			{
				"name": "bone11",
				"parent": "body",
				"pivot": [0.4, 16.499, 0.1],
				"cubes": [
					{"origin": [-1.6, 14.999, 1.1], "size": [3, 3, 1], "uv": [60, 16], "inflate": 0.1}
				]
			},
			{
				"name": "bone10",
				"parent": "body",
				"pivot": [2.1, 16.499, 0],
				"rotation": [0, 0, -7],
				"cubes": [
					{"origin": [1.1, 14.999, -2], "size": [2, 3, 4], "uv": [50, 50], "inflate": 0.1}
				]
			},
			{
				"name": "bone34",
				"parent": "bone10",
				"pivot": [3.4, 16.999, 1.1],
				"rotation": [0, 13, -12],
				"cubes": [
					{"origin": [1.4, 16.299, 0.6], "size": [4, 1, 1], "uv": [28, 60]}
				]
			},
			{
				"name": "bone35",
				"parent": "bone10",
				"pivot": [3.4, 16.999, -1.1],
				"rotation": [0, -13, 0],
				"cubes": [
					{"origin": [1.4, 16.699, -1.6], "size": [4, 1, 1], "uv": [52, 14]}
				]
			},
			{
				"name": "bone53",
				"parent": "bone10",
				"pivot": [4.1, 16.999, 0],
				"rotation": [0, 0, -12],
				"cubes": [
					{"origin": [2.6, 16.499, -1], "size": [3, 1, 2], "uv": [18, 39], "inflate": 0.1}
				]
			},
			{
				"name": "bone12",
				"parent": "body",
				"pivot": [0, 6.6, 0]
			},
			{
				"name": "bone13",
				"parent": "bone12",
				"pivot": [0, 6.6, 0]
			},
			{
				"name": "bone14",
				"parent": "bone13",
				"pivot": [0, 6.6, 3.48798],
				"rotation": [9, 0, 0],
				"cubes": [
					{"origin": [-3, 7.57059, 2.69783], "size": [6, 3, 0], "uv": [15, 36]}
				]
			},
			{
				"name": "bone15",
				"parent": "bone14",
				"pivot": [-2.5, 6.44545, 3.48798],
				"rotation": [0, 0, 8.89098],
				"cubes": [
					{"origin": [-3.81574, 8.02272, 2.69683], "size": [1, 3, 0], "uv": [46, 24]}
				]
			},
			{
				"name": "bone16",
				"parent": "bone14",
				"pivot": [2.5, 6.44545, 3.48798],
				"rotation": [0, 0, -8.89098],
				"cubes": [
					{"origin": [1.81574, 7.52272, 2.69883], "size": [2, 3, 0], "uv": [67, 25]}
				]
			},
			{
				"name": "bone17",
				"parent": "bone12",
				"pivot": [0, 6.6, 0],
				"rotation": [0, -90, 0]
			},
			{
				"name": "bone18",
				"parent": "bone17",
				"pivot": [0, 6.6, 3.48798],
				"rotation": [9, 0, 0],
				"cubes": [
					{"origin": [-1.5, 8.39851, 3.78429], "size": [3, 3, 0], "uv": [62, 45]}
				]
			},
			{
				"name": "bone19",
				"parent": "bone18",
				"pivot": [-2.5, 6.44545, 3.48798],
				"rotation": [0, 0, 8.89098],
				"cubes": [
					{"origin": [-2.70236, 8.02272, 3.78329], "size": [1, 3, 0], "uv": [0, 36]}
				]
			},
			{
				"name": "bone20",
				"parent": "bone18",
				"pivot": [2.5, 6.44545, 3.48798],
				"rotation": [0, 0, -8.89098],
				"cubes": [
					{"origin": [1.70236, 8.02272, 3.78529], "size": [1, 3, 0], "uv": [6, 3]}
				]
			},
			{
				"name": "bone21",
				"parent": "bone12",
				"pivot": [0, 6.6, 0],
				"rotation": [0, -180, 0]
			},
			{
				"name": "bone22",
				"parent": "bone21",
				"pivot": [0, 6.6, 3.48798],
				"rotation": [9, 0, 0],
				"cubes": [
					{"origin": [-3, 7.57059, 2.69783], "size": [6, 3, 0], "uv": [34, 24]}
				]
			},
			{
				"name": "bone23",
				"parent": "bone22",
				"pivot": [-2.5, 6.44545, 3.48798],
				"rotation": [0, 0, 8.89098],
				"cubes": [
					{"origin": [-3.81574, 7.52272, 2.69683], "size": [2, 3, 0], "uv": [59, 67]}
				]
			},
			{
				"name": "bone24",
				"parent": "bone22",
				"pivot": [2.5, 6.44545, 3.48798],
				"rotation": [0, 0, -8.89098],
				"cubes": [
					{"origin": [2.81574, 8.02272, 2.69883], "size": [1, 3, 0], "uv": [6, 0]}
				]
			},
			{
				"name": "bone25",
				"parent": "bone12",
				"pivot": [0, 6.6, 0],
				"rotation": [0, -270, 0]
			},
			{
				"name": "bone26",
				"parent": "bone25",
				"pivot": [0, 6.6, 3.48798],
				"rotation": [9, 0, 0],
				"cubes": [
					{"origin": [-1.5, 9.39851, 3.78429], "size": [3, 1, 0], "uv": [34, 27]}
				]
			},
			{
				"name": "bone27",
				"parent": "bone26",
				"pivot": [-2.5, 6.44545, 3.48798],
				"rotation": [0, 0, 8.89098],
				"cubes": [
					{"origin": [-2.70236, 8.52272, 3.78329], "size": [1, 2, 0], "uv": [0, 16]}
				]
			},
			{
				"name": "bone28",
				"parent": "bone26",
				"pivot": [2.5, 6.44545, 3.48798],
				"rotation": [0, 0, -8.89098],
				"cubes": [
					{"origin": [1.70236, 8.52272, 3.78529], "size": [1, 2, 0], "uv": [6, 6]}
				]
			},
			{
				"name": "legLeft",
				"pivot": [2, 9, 0],
				"cubes": [
					{"origin": [-1.501, -2, -3.5], "size": [7, 13, 7], "uv": [0, 16], "inflate": -2.1}
				]
			},
			{
				"name": "bone",
				"parent": "legLeft",
				"pivot": [2.999, 1.5, 0.5],
				"rotation": [0, 0, 20],
				"cubes": [
					{"origin": [2.29379, 1.56382, -0.5], "size": [1, 1, 2], "uv": [0, 65]}
				]
			},
			{
				"name": "bone2",
				"parent": "legLeft",
				"pivot": [1.001, 1.5, 0.5],
				"rotation": [0, 0, -20],
				"cubes": [
					{"origin": [0.70621, 1.56382, -0.5], "size": [1, 1, 2], "uv": [64, 48]}
				]
			},
			{
				"name": "bone3",
				"parent": "legLeft",
				"pivot": [2.001, 1.5, 0.7],
				"cubes": [
					{"origin": [1.501, 1.6, -0.3], "size": [1, 1, 2], "uv": [64, 6], "inflate": -0.2}
				]
			},
			{
				"name": "bone4",
				"parent": "legLeft",
				"pivot": [2.001, 0.4, -1.3],
				"rotation": [-20, 0, 0],
				"cubes": [
					{"origin": [1.001, -0.1, -1.8], "size": [2, 1, 1], "uv": [66, 58], "inflate": -0.2}
				]
			},
			{
				"name": "legRight",
				"pivot": [-2, 9, 0],
				"cubes": [
					{"origin": [-5.499, -2, -3.5], "size": [7, 13, 7], "uv": [28, 28], "inflate": -2.1}
				]
			},
			{
				"name": "bone5",
				"parent": "legRight",
				"pivot": [-2.999, 1.5, 0.5],
				"rotation": [0, 0, -20],
				"cubes": [
					{"origin": [-3.29379, 1.56382, -0.5], "size": [1, 1, 2], "uv": [64, 0]}
				]
			},
			{
				"name": "bone6",
				"parent": "legRight",
				"pivot": [-1.001, 1.5, 0.5],
				"rotation": [0, 0, 20],
				"cubes": [
					{"origin": [-1.70621, 1.56382, -0.5], "size": [1, 1, 2], "uv": [62, 58]}
				]
			},
			{
				"name": "bone7",
				"parent": "legRight",
				"pivot": [-2.001, 1.5, 0.7],
				"cubes": [
					{"origin": [-2.501, 1.6, -0.3], "size": [1, 1, 2], "uv": [62, 52], "inflate": -0.2}
				]
			},
			{
				"name": "bone8",
				"parent": "legRight",
				"pivot": [-2.001, 0.4, -1.3],
				"rotation": [-20, 0, 0],
				"cubes": [
					{"origin": [-3.001, -0.1, -1.8], "size": [2, 1, 1], "uv": [66, 51], "inflate": -0.2}
				]
			}
		]
	}
}