{
	"pack_name": "{maid_pack.miku_miku.name}",
	"author": ["carret233"],
	"description": ["{maid_pack.miku_miku.desc}"],
	"date": "2020-8-18",
	"icon": "miku_miku:textures/maid_icon.png",
	"version": "1.0.0",
	"model_list": [
		{
			"model_id": "miku_miku:miku",
			"animation": ["touhou_little_maid:animation/maid/default/head/default.js", "touhou_little_maid:animation/maid/default/head/beg.js", "touhou_little_maid:animation/maid/default/head/music_shake.js", "touhou_little_maid:animation/maid/default/arm/default.js", "touhou_little_maid:animation/maid/default/arm/swing.js", "touhou_little_maid:animation/maid/default/leg/default.js", "touhou_little_maid:animation/maid/default/sit/default.js", "touhou_little_maid:animation/maid/default/head/blink.js", "touhou_little_maid:animation/maid/default/task/idle.js"]
		}
	]
}