{
	"format_version": "1.10.0",
	"geometry.model": {
		"texturewidth": 128,
		"textureheight": 128,
		"visible_bounds_width": 3,
		"visible_bounds_height": 4,
		"visible_bounds_offset": [0, 1, 0],
		"bones": [
			{
				"name": "head",
				"pivot": [0, 18, 0],
				"cubes": [
					{"origin": [-4, 18, -4], "size": [8, 8, 8], "uv": [0, 14]}
				]
			},
			{
				"name": "hat",
				"parent": "head",
				"pivot": [0.6, 27.75, 0],
				"rotation": [0, 0, 10],
				"cubes": [
					{"origin": [-6.4, 24, -7], "size": [14, 0, 14], "uv": [0, 0]},
					{"origin": [-3.4, 27.75, -4], "size": [8, 0, 8], "uv": [16, 14]}
				]
			},
			{
				"name": "front",
				"parent": "hat",
				"pivot": [0.6, 27.75, -4],
				"rotation": [-9, 0, 0],
				"cubes": [
					{"origin": [-2.9, 23.75, -4], "size": [7, 4, 0], "uv": [18, 44]}
				]
			},
			{
				"name": "bone7",
				"parent": "front",
				"pivot": [-3.2, 25.775, -4],
				"rotation": [0, 0, 7.5],
				"cubes": [
					{"origin": [-3.68, 23.75, -4.01], "size": [1, 4.05, 0], "uv": [52, 56]}
				]
			},
			{
				"name": "bone8",
				"parent": "front",
				"pivot": [4.3, 25.775, -4],
				"rotation": [0, 0, -7.5],
				"cubes": [
					{"origin": [3.88, 23.75, -4.01], "size": [1, 4.05, 0], "uv": [50, 56]}
				]
			},
			{
				"name": "left",
				"parent": "hat",
				"pivot": [4.6, 27.75, 0],
				"rotation": [0, 0, -8],
				"cubes": [
					{"origin": [4.6, 23.75, -3.6], "size": [0, 4, 7.2], "uv": [0, 23]}
				]
			},
			{
				"name": "bone10",
				"parent": "left",
				"pivot": [4.6, 25.775, 3.7],
				"rotation": [9, 0, 0],
				"cubes": [
					{"origin": [4.61, 23.75, 3.3], "size": [0, 4.05, 1], "uv": [4, 43]}
				]
			},
			{
				"name": "bone9",
				"parent": "left",
				"pivot": [4.61, 25.775, -3.8],
				"rotation": [-9, 0, 0],
				"cubes": [
					{"origin": [4.61, 23.75, -4.325], "size": [0, 4.05, 1], "uv": [24, 47]}
				]
			},
			{
				"name": "back",
				"parent": "hat",
				"pivot": [0.6, 27.75, 4],
				"rotation": [9, 0, 0],
				"cubes": [
					{"origin": [-3, 23.75, 4], "size": [7.2, 4, 0], "uv": [40, 16]}
				]
			},
			{
				"name": "bone11",
				"parent": "back",
				"pivot": [4.4, 25.775, 4],
				"rotation": [0, 0, -7.5],
				"cubes": [
					{"origin": [3.9, 23.75, 4.01], "size": [1, 4.05, 0], "uv": [48, 56]}
				]
			},
			{
				"name": "bone12",
				"parent": "back",
				"pivot": [-3.2, 25.775, 4],
				"rotation": [0, 0, 7.5],
				"cubes": [
					{"origin": [-3.7, 23.75, 4.01], "size": [1, 4.05, 0], "uv": [40, 54]}
				]
			},
			{
				"name": "right",
				"parent": "hat",
				"pivot": [-3.4, 27.75, 0],
				"rotation": [0, 0, 8],
				"cubes": [
					{"origin": [-3.4, 23.75, -3.6], "size": [0, 4, 7.2], "uv": [0, 0]}
				]
			},
			{
				"name": "bone13",
				"parent": "right",
				"pivot": [-3.4, 25.75, -3.8],
				"rotation": [-9, 0, 0],
				"cubes": [
					{"origin": [-3.41, 23.75, -4.34], "size": [0, 4, 1], "uv": [36, 36]}
				]
			},
			{
				"name": "bone14",
				"parent": "right",
				"pivot": [-3.4, 25.75, 3.8],
				"rotation": [9, 0, 0],
				"cubes": [
					{"origin": [-3.41, 23.78, 3.31], "size": [0, 4, 1], "uv": [4, 0]}
				]
			},
			{
				"name": "bowknot",
				"parent": "hat",
				"pivot": [4.34495, 26.02992, -4.87065],
				"rotation": [-9, -27.5, 0],
				"cubes": [
					{"origin": [3.84495, 25.02992, -5.37065], "size": [1, 2, 1], "uv": [8, 11], "inflate": 0.1}
				]
			},
			{
				"name": "bone15",
				"parent": "bowknot",
				"pivot": [3.84495, 26.02992, -4.87065],
				"rotation": [0, 0, 12.5],
				"cubes": [
					{"origin": [0.13784, 25.09485, -5.37065], "size": [4, 2, 1], "uv": [53, 34]}
				]
			},
			{
				"name": "bone17",
				"parent": "bowknot",
				"pivot": [4.84495, 26.02992, -4.87065],
				"rotation": [0, 0, -12.5],
				"cubes": [
					{"origin": [4.55001, 25.10591, -5.37065], "size": [4, 2, 1], "uv": [50, 27]}
				]
			},
			{
				"name": "bone18",
				"parent": "bowknot",
				"pivot": [5.24495, 25.72992, -4.87065],
				"rotation": [0, 0, 12.5],
				"cubes": [
					{"origin": [4.53784, 24.79485, -5.38065], "size": [4, 2, 1], "uv": [40, 20]}
				]
			},
			{
				"name": "bone16",
				"parent": "bowknot",
				"pivot": [3.84495, 25.82992, -4.87065],
				"rotation": [0, 0, -12.5],
				"cubes": [
					{"origin": [0.13784, 24.89485, -5.38065], "size": [4, 2, 1], "uv": [51, 0]}
				]
			},
			{
				"name": "hairL",
				"parent": "head",
				"pivot": [0, 0, 0]
			},
			{
				"name": "bone4",
				"parent": "hairL",
				"pivot": [3.5, 16.5, 3.5],
				"rotation": [7, 0, -7],
				"cubes": [
					{"origin": [3.19851, 14.15143, 3.19554], "size": [1, 4, 1], "uv": [0, 34]}
				]
			},
			{
				"name": "bone6",
				"parent": "hairL",
				"pivot": [3.5, 16.5, 2.5],
				"rotation": [7, 0, -7],
				"cubes": [
					{"origin": [3.19851, 14.25143, 2.19554], "size": [1, 4, 1], "uv": [0, 0]}
				]
			},
			{
				"name": "bone5",
				"parent": "hairL",
				"pivot": [2.5, 16.5, 3.5],
				"rotation": [7, 0, -7],
				"cubes": [
					{"origin": [2.19851, 14.0914, 3.19554], "size": [1, 4, 1], "uv": [10, 0]}
				]
			},
			{
				"name": "hairR",
				"parent": "head",
				"pivot": [0, 0, 0]
			},
			{
				"name": "bone",
				"parent": "hairR",
				"pivot": [-3.5, 16.5, 3.5],
				"rotation": [7, 0, 7],
				"cubes": [
					{"origin": [-4.19851, 14.15143, 3.19554], "size": [1, 4, 1], "uv": [0, 44]}
				]
			},
			{
				"name": "bone3",
				"parent": "hairR",
				"pivot": [-3.5, 16.5, 2.5],
				"rotation": [7, 0, 7],
				"cubes": [
					{"origin": [-4.19851, 14.15143, 2.19554], "size": [1, 4, 1], "uv": [4, 34]}
				]
			},
			{
				"name": "bone2",
				"parent": "hairR",
				"pivot": [-2.5, 16.5, 3.5],
				"rotation": [7, 0, 7],
				"cubes": [
					{"origin": [-3.19851, 14.0914, 3.19554], "size": [1, 4, 1], "uv": [42, 7]}
				]
			},
			{
				"name": "blink",
				"parent": "head",
				"pivot": [0, 18, 0],
				"cubes": [
					{"origin": [-4, 18, -4.001], "size": [8, 8, 0], "uv": [24, 54]}
				]
			},
			{
				"name": "armRight",
				"pivot": [-3, 17.5, 0],
				"rotation": [0, 0, 25],
				"cubes": [
					{"origin": [-5, 8.5, -1], "size": [2, 8, 2], "uv": [40, 56]},
					{"origin": [-5.5, 13.5, -1.5], "size": [3, 4, 3], "uv": [42, 0]}
				]
			},
			{
				"name": "armLeft",
				"pivot": [3, 17.5, 0],
				"rotation": [0, 0, -25],
				"cubes": [
					{"origin": [2.5, 13.5, -1.5], "size": [3, 4, 3], "uv": [24, 34]},
					{"origin": [3, 8.5, -1], "size": [2, 8, 2], "uv": [0, 11]}
				]
			},
			{
				"name": "body",
				"pivot": [0, 10.5, 0],
				"cubes": [
					{"origin": [-3, 12.999, -3], "size": [6, 5, 6], "uv": [26, 43]},
					{"origin": [-2.7, 11.999, -2.7], "size": [5.4, 6, 5.4], "uv": [50, 16]},
					{"origin": [-3, 8.999, -3], "size": [6, 3, 6], "uv": [0, 44]}
				]
			},
			{
				"name": "bone19",
				"parent": "body",
				"pivot": [3, 17.1, 3.3],
				"cubes": [
					{"origin": [-3, 16.1, 3.3], "size": [6, 2, 0], "uv": [44, 44]},
					{"origin": [2, 18.1, -3.3], "size": [1, 0, 6.6], "uv": [0, 0]},
					{"origin": [-3, 18.1, -3.3], "size": [1, 0, 6.6], "uv": [2, 0]},
					{"origin": [-0.5, 15.1, -3.3], "size": [1, 1, 1], "uv": [10, 5]}
				]
			},
			{
				"name": "bone20",
				"parent": "bone19",
				"pivot": [3, 17.1, 3.3],
				"cubes": [
					{"origin": [2.01, 17.1, -3.3], "size": [1, 1, 1], "uv": [27, 30]},
					{"origin": [3.01, 17.1, -2.3], "size": [0, 1, 5.6], "uv": [14, 25]},
					{"origin": [-3.01, 17.1, -2.3], "size": [0, 1, 5.6], "uv": [0, 1]},
					{"origin": [-3.01, 17.1, -3.3], "size": [1, 1, 1], "uv": [23, 30]}
				]
			},
			{
				"name": "bone21",
				"parent": "bone19",
				"pivot": [1.7, 16.8, -2.8],
				"rotation": [0, 0, 50],
				"cubes": [
					{"origin": [1.15, 14.85, -3.29], "size": [1, 3, 1], "uv": [54, 3]}
				]
			},
			{
				"name": "bone22",
				"parent": "bone19",
				"pivot": [-1.7, 16.8, -2.8],
				"rotation": [0, 0, -50],
				"cubes": [
					{"origin": [-2.17, 14.83, -3.29], "size": [1, 3, 1], "uv": [53, 37]}
				]
			},
			{
				"name": "bone23",
				"parent": "bone19",
				"pivot": [-0.5, 14, -3.2],
				"rotation": [0, 0, 20],
				"cubes": [
					{"origin": [-0.94887, 13.44428, -3.2], "size": [1, 2, 0], "uv": [6, 11]}
				]
			},
			{
				"name": "bone24",
				"parent": "bone19",
				"pivot": [0.4, 14, -3.2],
				"rotation": [0, 0, -20],
				"cubes": [
					{"origin": [-0.04887, 13.44428, -3.21], "size": [1, 2, 0], "uv": [0, 11]}
				]
			},
			{
				"name": "sittingRotationSkirt",
				"parent": "body",
				"pivot": [0, 10.5, 0],
				"cubes": [
					{"origin": [-4.1, 6, -4.1], "size": [8.2, 2, 8.2], "uv": [0, 34]},
					{"origin": [-4.5, 4, -4.5], "size": [9, 2, 9], "uv": [23, 23]},
					{"origin": [-3.6, 8, -3.7], "size": [7.2, 2, 7.4], "uv": [40, 7]},
					{"origin": [-3.5, 7.9, -3.5], "size": [7, 2, 7], "uv": [32, 34]},
					{"origin": [-3.1, 10, -3.3], "size": [6.2, 2, 6.6], "uv": [44, 48]}
				]
			},
			{
				"name": "legLeft",
				"pivot": [2, 9, 0],
				"cubes": [
					{"origin": [0.499, 0, -1.5], "size": [3, 9, 3], "uv": [12, 53]}
				]
			},
			{
				"name": "legRight",
				"pivot": [-2, 9, 0],
				"cubes": [
					{"origin": [-3.499, 0, -1.5], "size": [3, 9, 3], "uv": [0, 53]}
				]
			}
		]
	}
}