{
	"format_version": "1.10.0",
	"geometry.model": {
		"texturewidth": 128,
		"textureheight": 128,
		"visible_bounds_width": 4,
		"visible_bounds_height": 4,
		"visible_bounds_offset": [0, 1, 0],
		"bones": [
			{
				"name": "head",
				"pivot": [0, 18, 0],
				"cubes": [
					{"origin": [-4, 18, -4], "size": [8, 8, 8], "uv": [0, 11]}
				]
			},
			{
				"name": "bowknot",
				"parent": "head",
				"pivot": [0, -0.4, -2.2],
				"cubes": [
					{"origin": [-1, 23.6, 3.8], "size": [2, 4, 1], "uv": [63, 20]}
				]
			},
			{
				"name": "leftline",
				"parent": "bowknot",
				"pivot": [0.2, 23.7, 5.1],
				"rotation": [0, -2, 5]
			},
			{
				"name": "bone6",
				"parent": "leftline",
				"pivot": [1.5, 23.1, 4.6],
				"rotation": [0, 0, 27],
				"cubes": [
					{"origin": [0, 22.1, 4.6], "size": [3, 2, 0], "uv": [24, 36]}
				]
			},
			{
				"name": "bone5",
				"parent": "leftline",
				"pivot": [3.64554, 21.9806, 4.42079],
				"rotation": [0, 12, 27],
				"cubes": [
					{"origin": [2.64554, 20.9806, 4.3908], "size": [2, 2, 0], "uv": [41, 4]}
				]
			},
			{
				"name": "bone7",
				"parent": "leftline",
				"pivot": [5.36108, 21.10649, 3.90986],
				"rotation": [0, 18, 27],
				"cubes": [
					{"origin": [4.36108, 20.10649, 3.87987], "size": [2, 2, 0], "uv": [29, 15]}
				]
			},
			{
				"name": "bone8",
				"parent": "leftline",
				"pivot": [6.20848, 20.67472, 3.60085],
				"rotation": [0, 37, 27],
				"cubes": [
					{"origin": [6.20848, 19.67472, 3.57085], "size": [1, 2, 0], "uv": [6, 4]}
				]
			},
			{
				"name": "leftright",
				"parent": "bowknot",
				"pivot": [-0.1, 23.8, 5.1],
				"rotation": [0, -2, 121]
			},
			{
				"name": "bone9",
				"parent": "leftright",
				"pivot": [1.2, 23.2, 4.6],
				"rotation": [0, 0, 27],
				"cubes": [
					{"origin": [-0.3, 22.2, 4.6], "size": [3, 2, 0], "uv": [29, 6]}
				]
			},
			{
				"name": "bone10",
				"parent": "leftright",
				"pivot": [3.34554, 22.0806, 4.42079],
				"rotation": [0, 12, 27],
				"cubes": [
					{"origin": [2.34554, 21.0806, 4.3908], "size": [2, 2, 0], "uv": [29, 11]}
				]
			},
			{
				"name": "bone11",
				"parent": "leftright",
				"pivot": [5.06108, 21.20649, 3.90986],
				"rotation": [0, 18, 27],
				"cubes": [
					{"origin": [4.06108, 20.20649, 3.87987], "size": [2, 2, 0], "uv": [28, 28]}
				]
			},
			{
				"name": "bone12",
				"parent": "leftright",
				"pivot": [5.90848, 20.77472, 3.60085],
				"rotation": [0, 37, 27],
				"cubes": [
					{"origin": [5.90848, 19.77472, 3.57085], "size": [1, 2, 0], "uv": [6, 2]}
				]
			},
			{
				"name": "bone",
				"parent": "bowknot",
				"pivot": [-2.8, 27.6, 5.5],
				"rotation": [0, 20, 30],
				"cubes": [
					{"origin": [-4.87627, 25.39737, 5.33621], "size": [6, 3, 1], "uv": [36, 0]}
				]
			},
			{
				"name": "bone3",
				"parent": "bowknot",
				"pivot": [2.8, 27.6, 5.5],
				"rotation": [0, -20, -30],
				"cubes": [
					{"origin": [-1.12373, 25.39737, 5.33621], "size": [6, 3, 1], "uv": [32, 20]}
				]
			},
			{
				"name": "bone2",
				"parent": "bowknot",
				"pivot": [-3.4, 25.8, 5.4],
				"rotation": [0, 20, 10],
				"cubes": [
					{"origin": [-5.81211, 24.20723, 5.11397], "size": [6, 2, 1], "uv": [50, 7]}
				]
			},
			{
				"name": "bone4",
				"parent": "bowknot",
				"pivot": [3.5, 25.8, 5.4],
				"rotation": [0, -20, -10],
				"cubes": [
					{"origin": [-0.18043, 24.22459, 5.14766], "size": [6, 2, 1], "uv": [42, 42]}
				]
			},
			{
				"name": "blink",
				"parent": "head",
				"pivot": [0, 18, 0],
				"cubes": [
					{"origin": [-4, 18, -4.001], "size": [8, 8, 0], "uv": [0, 43]}
				]
			},
			{
				"name": "armRight",
				"pivot": [-3, 17.5, 0],
				"rotation": [0, 0, 25],
				"cubes": [
					{"origin": [-5, 8.5, -1], "size": [2, 8, 2], "uv": [0, 57]},
					{"origin": [-5.5, 13.5, -1.5], "size": [3, 4, 3], "uv": [50, 0]}
				]
			},
			{
				"name": "armLeft",
				"pivot": [3, 17.5, 0],
				"rotation": [0, 0, -25],
				"cubes": [
					{"origin": [2.5, 13.5, -1.5], "size": [3, 4, 3], "uv": [45, 45]},
					{"origin": [3, 8.5, -1], "size": [2, 8, 2], "uv": [10, 55]}
				]
			},
			{
				"name": "body",
				"pivot": [0, 10.5, 0],
				"cubes": [
					{"origin": [-3, 8.999, -2.5], "size": [6, 9, 5], "uv": [33, 6]}
				]
			},
			{
				"name": "bowknotbody",
				"parent": "body",
				"pivot": [0, 0, 0.5],
				"cubes": [
					{"origin": [-0.5, 17.2, -3], "size": [1, 1, 1], "uv": [4, 0]}
				]
			},
			{
				"name": "bone129",
				"parent": "bowknotbody",
				"pivot": [-0.75, 17.7, -3],
				"rotation": [0, 0, 25],
				"cubes": [
					{"origin": [-1.29226, 17.29063, -2.7], "size": [1, 1, 0], "uv": [6, 8]}
				]
			},
			{
				"name": "bone130",
				"parent": "bowknotbody",
				"pivot": [0.74652, 17.8092, -2.7],
				"rotation": [0, 0, -22.5],
				"cubes": [
					{"origin": [0.24652, 17.2992, -2.7], "size": [1, 1, 0], "uv": [7, 0]}
				]
			},
			{
				"name": "bone131",
				"parent": "bowknotbody",
				"pivot": [-0.5, 16.5, -2.6],
				"rotation": [0, 0, 20],
				"cubes": [
					{"origin": [-1.28191, 15.39739, -2.6], "size": [1, 2, 0], "uv": [6, 6]}
				]
			},
			{
				"name": "bone132",
				"parent": "bowknotbody",
				"pivot": [0.21809, 16.39739, -2.6],
				"rotation": [0, 0, -20],
				"cubes": [
					{"origin": [0.2761, 15.28615, -2.6], "size": [1, 2, 0], "uv": [0, 0]}
				]
			},
			{
				"name": "sittingRotationSkirt",
				"parent": "body",
				"pivot": [0, 10.5, 0],
				"cubes": [
					{"origin": [-4.5, 6.1, -4], "size": [9, 2, 8], "uv": [24, 24]},
					{"origin": [-5, 4.1, -4.5], "size": [10, 2, 9], "uv": [0, 0]},
					{"origin": [-4, 8.1, -3.5], "size": [8, 2, 7], "uv": [0, 27]},
					{"origin": [-3.6, 8, -2.9], "size": [7.2, 2, 5.8], "uv": [0, 36]},
					{"origin": [-3.5, 10.1, -3], "size": [7, 2, 6], "uv": [24, 34]}
				]
			},
			{
				"name": "legLeft",
				"pivot": [2, 9, 0],
				"cubes": [
					{"origin": [0.499, 0, -1.5], "size": [3, 9, 3], "uv": [33, 42]}
				]
			},
			{
				"name": "legRight",
				"pivot": [-2, 9, 0],
				"cubes": [
					{"origin": [-3.499, 0, -1.5], "size": [3, 9, 3], "uv": [21, 42]}
				]
			},
			{
				"name": "wingLeft",
				"pivot": [1.6, 15, 2.85],
				"rotation": [0, 60, 0]
			},
			{
				"name": "chestPlate",
				"parent": "wingLeft",
				"pivot": [2.09628, 14, -2.69042]
			},
			{
				"name": "wingLL",
				"parent": "chestPlate",
				"pivot": [1.59628, -1, -5.94042]
			},
			{
				"name": "wingL1",
				"parent": "wingLL",
				"pivot": [2.09628, 14, -2.69042],
				"cubes": [
					{"origin": [2.09628, 14, 3.30958], "size": [1, 3, 1], "uv": [31, 54]}
				]
			},
			{
				"name": "bone13",
				"parent": "wingL1",
				"pivot": [2.59628, 17, 4.30958],
				"rotation": [10, 0, 0],
				"cubes": [
					{"origin": [2.09628, 14, 4.30958], "size": [1, 3, 1], "uv": [25, 54]}
				]
			},
			{
				"name": "bone14",
				"parent": "wingL1",
				"pivot": [2.59628, 17.5, 6.20958],
				"rotation": [30, 0, 0],
				"cubes": [
					{"origin": [2.09628, 13.5026, 6.24172], "size": [1, 4, 1], "uv": [4, 77]}
				]
			},
			{
				"name": "bone16",
				"parent": "wingL1",
				"pivot": [2.59628, 18, 7.10958],
				"rotation": [40, 0, 0],
				"cubes": [
					{"origin": [2.09628, 14.01958, 7.11229], "size": [1, 4, 1], "uv": [76, 69]}
				]
			},
			{
				"name": "bone17",
				"parent": "wingL1",
				"pivot": [2.59628, 18.6, 7.90958],
				"rotation": [50, 0, 0],
				"cubes": [
					{"origin": [2.09628, 14.67419, 7.91379], "size": [1, 4, 1], "uv": [76, 56]}
				]
			},
			{
				"name": "bone18",
				"parent": "wingL1",
				"pivot": [2.59628, 19.4, 8.50958],
				"rotation": [60, 0, 0],
				"cubes": [
					{"origin": [2.09628, 14.41958, 8.51528], "size": [1, 5, 1], "uv": [39, 73]}
				]
			},
			{
				"name": "bone19",
				"parent": "wingL1",
				"pivot": [2.59628, 20.3, 9.00958],
				"rotation": [65, 0, 0],
				"cubes": [
					{"origin": [2.09628, 15.3026, 8.98586], "size": [1, 5, 1], "uv": [0, 73]}
				]
			},
			{
				"name": "bone20",
				"parent": "wingL1",
				"pivot": [2.59628, 21.2, 9.40958],
				"rotation": [70, 0, 0],
				"cubes": [
					{"origin": [2.09628, 16.18476, 9.40113], "size": [1, 5, 1], "uv": [72, 54]}
				]
			},
			{
				"name": "bone21",
				"parent": "wingL1",
				"pivot": [2.59628, 22.1, 9.80958],
				"rotation": [75, 0, 0],
				"cubes": [
					{"origin": [2.09628, 16.15282, 9.8186], "size": [1, 6, 1], "uv": [66, 0]}
				]
			},
			{
				"name": "bone22",
				"parent": "wingL1",
				"pivot": [2.59628, 23.1, 10.00958],
				"rotation": [80, 0, 0],
				"cubes": [
					{"origin": [2.09628, 17.08719, 10.00091], "size": [1, 6, 1], "uv": [66, 66]}
				]
			},
			{
				"name": "bone23",
				"parent": "wingL1",
				"pivot": [2.59628, 24.1, 10.20958],
				"rotation": [100, 0, 0],
				"cubes": [
					{"origin": [2.09628, 18.1105, 9.18137], "size": [1, 6, 1], "uv": [65, 31]}
				]
			},
			{
				"name": "bone15",
				"parent": "wingL1",
				"pivot": [2.59628, 17.2, 5.30958],
				"rotation": [20, 0, 0],
				"cubes": [
					{"origin": [2.09628, 14.17669, 5.29005], "size": [1, 3, 1], "uv": [53, 52]}
				]
			},
			{
				"name": "wingL2",
				"parent": "wingLL",
				"pivot": [2.09628, 14, -2.69042]
			},
			{
				"name": "wing2",
				"parent": "wingL2",
				"pivot": [2.09628, 16, 3.80958],
				"rotation": [-5, 0, 0],
				"cubes": [
					{"origin": [1.59628, 12, 3.30958], "size": [1, 4, 1], "uv": [76, 51]}
				]
			},
			{
				"name": "bone24",
				"parent": "wing2",
				"pivot": [2.09628, 16, 4.30958],
				"rotation": [5, 0, 0],
				"cubes": [
					{"origin": [1.59628, 12, 4.30958], "size": [1, 4, 1], "uv": [76, 39]}
				]
			},
			{
				"name": "bone25",
				"parent": "wing2",
				"pivot": [2.09628, 16.1, 5.30958],
				"rotation": [15, 0, 0],
				"cubes": [
					{"origin": [1.59628, 12.08754, 5.30467], "size": [1, 4, 1], "uv": [76, 34]}
				]
			},
			{
				"name": "bone26",
				"parent": "wing2",
				"pivot": [2.09628, 16.4, 6.30958],
				"rotation": [25, 0, 0],
				"cubes": [
					{"origin": [1.59628, 12.35658, 6.2611], "size": [1, 4, 1], "uv": [76, 22]}
				]
			},
			{
				"name": "bone27",
				"parent": "wing2",
				"pivot": [2.09628, 16.8, 7.20958],
				"rotation": [35, 0, 0],
				"cubes": [
					{"origin": [1.59628, 11.77441, 7.17638], "size": [1, 5, 1], "uv": [72, 41]}
				]
			},
			{
				"name": "bone28",
				"parent": "wing2",
				"pivot": [2.09628, 17.4, 8.00958],
				"rotation": [40, 0, 0],
				"cubes": [
					{"origin": [1.59628, 12.34178, 7.97691], "size": [1, 5, 1], "uv": [72, 35]}
				]
			},
			{
				"name": "bone29",
				"parent": "wing2",
				"pivot": [2.09628, 18, 8.80958],
				"rotation": [45, 0, 0],
				"cubes": [
					{"origin": [1.59628, 12.99638, 8.7784], "size": [1, 5, 1], "uv": [72, 24]}
				]
			},
			{
				"name": "bone30",
				"parent": "wing2",
				"pivot": [2.09628, 18.8, 9.50958],
				"rotation": [50, 0, 0],
				"cubes": [
					{"origin": [1.59628, 13.72567, 9.41774], "size": [1, 5, 1], "uv": [72, 6]}
				]
			},
			{
				"name": "bone31",
				"parent": "wing2",
				"pivot": [2.09628, 19.5, 10.10958],
				"rotation": [55, 0, 0],
				"cubes": [
					{"origin": [1.59628, 14.43535, 10.09584], "size": [1, 5, 1], "uv": [51, 72]}
				]
			},
			{
				"name": "bone32",
				"parent": "wing2",
				"pivot": [2.09628, 20.4, 10.70958],
				"rotation": [60, 0, 0],
				"cubes": [
					{"origin": [1.59628, 15.31062, 10.61446], "size": [1, 5, 1], "uv": [47, 72]}
				]
			},
			{
				"name": "bone33",
				"parent": "wing2",
				"pivot": [2.09628, 21.2, 11.30958],
				"rotation": [70, 0, 0],
				"cubes": [
					{"origin": [1.59628, 16.23024, 11.22164], "size": [1, 5, 1], "uv": [43, 72]}
				]
			},
			{
				"name": "bone34",
				"parent": "wing2",
				"pivot": [2.09628, 22.2, 11.60958],
				"rotation": [75, 0, 0],
				"cubes": [
					{"origin": [1.59628, 16.17012, 11.47934], "size": [1, 6, 1], "uv": [36, 65]}
				]
			},
			{
				"name": "bone35",
				"parent": "wing2",
				"pivot": [2.09628, 23.1, 11.80958],
				"rotation": [80, 0, 0],
				"cubes": [
					{"origin": [1.59628, 17.03037, 11.75824], "size": [1, 6, 1], "uv": [32, 65]}
				]
			},
			{
				"name": "bone36",
				"parent": "wing2",
				"pivot": [2.09628, 24.1, 12.00958],
				"rotation": [83, 0, 0],
				"cubes": [
					{"origin": [1.59628, 18.05369, 11.9387], "size": [1, 6, 1], "uv": [28, 65]}
				]
			},
			{
				"name": "bone37",
				"parent": "wing2",
				"pivot": [2.06027, 23.90437, 11.98879],
				"rotation": [95, 0, 0],
				"cubes": [
					{"origin": [1.56027, 17.85806, 12.11791], "size": [1, 6, 1], "uv": [24, 65]}
				]
			},
			{
				"name": "bone38",
				"parent": "wing2",
				"pivot": [2.06027, 23.90437, 11.98879],
				"rotation": [110, 0, 0],
				"cubes": [
					{"origin": [1.56027, 17.85806, 12.11791], "size": [1, 6, 1], "uv": [20, 65]}
				]
			},
			{
				"name": "wingL3",
				"parent": "wingLL",
				"pivot": [1.59628, 15, 3.80958],
				"rotation": [-15, 0, 0],
				"cubes": [
					{"origin": [1.09628, 11, 3.30958], "size": [1, 4, 1], "uv": [76, 5]}
				]
			},
			{
				"name": "bone39",
				"parent": "wingL3",
				"pivot": [1.59628, 15, 4.30958],
				"rotation": [5, 0, 0],
				"cubes": [
					{"origin": [1.09628, 11, 4.30958], "size": [1, 4, 1], "uv": [70, 76]}
				]
			},
			{
				"name": "bone40",
				"parent": "wingL3",
				"pivot": [1.59628, 15.1, 5.30958],
				"rotation": [15, 0, 0],
				"cubes": [
					{"origin": [1.09628, 11.08754, 5.30467], "size": [1, 4, 1], "uv": [59, 76]}
				]
			},
			{
				"name": "bone41",
				"parent": "wingL3",
				"pivot": [1.59628, 15.4, 6.20958],
				"rotation": [25, 0, 0],
				"cubes": [
					{"origin": [1.09628, 11.3307, 6.2577], "size": [1, 4, 1], "uv": [75, 46]}
				]
			},
			{
				"name": "bone42",
				"parent": "wingL3",
				"pivot": [1.59628, 15.8, 7.20958],
				"rotation": [30, 0, 0],
				"cubes": [
					{"origin": [1.09628, 11.79079, 7.18234], "size": [1, 4, 1], "uv": [75, 11]}
				]
			},
			{
				"name": "bone43",
				"parent": "wingL3",
				"pivot": [1.59628, 16.3, 8.10958],
				"rotation": [35, 0, 0],
				"cubes": [
					{"origin": [1.09628, 11.80778, 8.05292], "size": [1, 4, 1], "uv": [55, 75]}
				]
			},
			{
				"name": "bone44",
				"parent": "wingL3",
				"pivot": [1.59628, 16.8, 8.90958],
				"rotation": [40, 0, 0],
				"cubes": [
					{"origin": [1.09628, 11.85706, 8.91081], "size": [1, 5, 1], "uv": [35, 72]}
				]
			},
			{
				"name": "bone45",
				"parent": "wingL3",
				"pivot": [1.59628, 17.5, 9.70958],
				"rotation": [45, 0, 0],
				"cubes": [
					{"origin": [1.09628, 12.53506, 9.64802], "size": [1, 5, 1], "uv": [31, 72]}
				]
			},
			{
				"name": "bone46",
				"parent": "wingL3",
				"pivot": [1.59628, 18.2, 10.40958],
				"rotation": [50, 0, 0],
				"cubes": [
					{"origin": [1.09628, 13.23506, 10.35807], "size": [1, 5, 1], "uv": [27, 72]}
				]
			},
			{
				"name": "bone47",
				"parent": "wingL3",
				"pivot": [1.59628, 19, 11.00958],
				"rotation": [55, 0, 0],
				"cubes": [
					{"origin": [1.09628, 13.98046, 10.95956], "size": [1, 5, 1], "uv": [23, 72]}
				]
			},
			{
				"name": "bone48",
				"parent": "wingL3",
				"pivot": [1.59628, 19.8, 11.60958],
				"rotation": [60, 0, 0],
				"cubes": [
					{"origin": [1.09628, 14.81309, 11.5601], "size": [1, 5, 1], "uv": [19, 72]}
				]
			},
			{
				"name": "bone49",
				"parent": "wingL3",
				"pivot": [1.59628, 20.7, 12.10958],
				"rotation": [65, 0, 0],
				"cubes": [
					{"origin": [1.09628, 15.6961, 12.03067], "size": [1, 5, 1], "uv": [15, 72]}
				]
			},
			{
				"name": "bone50",
				"parent": "wingL3",
				"pivot": [1.59628, 21.5, 12.50958],
				"rotation": [70, 0, 0],
				"cubes": [
					{"origin": [1.09628, 16.52053, 12.53658], "size": [1, 5, 1], "uv": [11, 72]}
				]
			},
			{
				"name": "bone51",
				"parent": "wingL3",
				"pivot": [1.59628, 22.5, 12.80958],
				"rotation": [75, 0, 0],
				"cubes": [
					{"origin": [1.09628, 17.46042, 12.79428], "size": [1, 5, 1], "uv": [7, 72]}
				]
			},
			{
				"name": "bone52",
				"parent": "wingL3",
				"pivot": [1.59628, 23.5, 13.10958],
				"rotation": [85, 0, 0],
				"cubes": [
					{"origin": [1.09628, 18.49138, 13.05071], "size": [1, 5, 1], "uv": [71, 48]}
				]
			},
			{
				"name": "bone53",
				"parent": "wingL3",
				"pivot": [1.59628, 24.5, 13.20958],
				"rotation": [95, 0, 0],
				"cubes": [
					{"origin": [1.09628, 18.50384, 13.1458], "size": [1, 5, 1], "uv": [71, 12]}
				]
			},
			{
				"name": "bone54",
				"parent": "wingL3",
				"pivot": [1.59628, 24.5, 13.20958],
				"rotation": [110, 0, 0],
				"cubes": [
					{"origin": [1.09628, 17.50384, 13.1458], "size": [1, 7, 2], "uv": [52, 63]}
				]
			},
			{
				"name": "bone55",
				"parent": "wingL3",
				"pivot": [1.59628, 25.4, 12.90958],
				"rotation": [125, 0, 0],
				"cubes": [
					{"origin": [1.09628, 18.42975, 12.89747], "size": [1, 7, 2], "uv": [46, 63]}
				]
			},
			{
				"name": "_chestPlate",
				"parent": "wingLeft",
				"pivot": [1.15359, 17, 2.87679]
			},
			{
				"name": "wingLS",
				"parent": "_chestPlate",
				"pivot": [2.65429, 2, -5.10788]
			},
			{
				"name": "wingSL1",
				"parent": "wingLS",
				"pivot": [2.15429, 14.5, 2.89212],
				"rotation": [-5, 0, 0],
				"cubes": [
					{"origin": [1.65429, 14, 2.89212], "size": [1, 1, 3], "uv": [60, 40]}
				]
			},
			{
				"name": "bone56",
				"parent": "wingSL1",
				"pivot": [2.15429, 15, 2.89212],
				"rotation": [5, 0, 0],
				"cubes": [
					{"origin": [1.65429, 15, 2.89212], "size": [1, 1, 3], "uv": [24, 60]}
				]
			},
			{
				"name": "bone57",
				"parent": "wingSL1",
				"pivot": [2.15429, 16.2, 3.79212],
				"rotation": [10, 0, 0],
				"cubes": [
					{"origin": [1.65429, 16.07178, 3.78504], "size": [1, 1, 4], "uv": [60, 26]}
				]
			},
			{
				"name": "bone58",
				"parent": "wingSL1",
				"pivot": [2.15429, 17, 2.69212],
				"rotation": [12.5, 0, 0],
				"cubes": [
					{"origin": [1.65429, 16.79292, 4.62941], "size": [1, 1, 4], "uv": [28, 60]}
				]
			},
			{
				"name": "bone59",
				"parent": "wingSL1",
				"pivot": [2.15429, 17.9, 2.39212],
				"rotation": [15, 0, 0],
				"cubes": [
					{"origin": [1.65429, 17.64594, 5.38625], "size": [1, 1, 5], "uv": [30, 54]}
				]
			},
			{
				"name": "bone60",
				"parent": "wingSL1",
				"pivot": [2.15429, 18.9, 2.09212],
				"rotation": [17.5, 0, 0],
				"cubes": [
					{"origin": [1.65429, 18.40364, 6.02614], "size": [1, 1, 5], "uv": [18, 54]}
				]
			},
			{
				"name": "wingSL2",
				"parent": "wingLS",
				"pivot": [1.65429, 14, 3.89212],
				"rotation": [-10, 0, 0],
				"cubes": [
					{"origin": [1.15429, 14, 3.89212], "size": [1, 1, 3], "uv": [52, 58]}
				]
			},
			{
				"name": "bone61",
				"parent": "wingSL2",
				"pivot": [1.65429, 15, 3.89212],
				"rotation": [5, 0, 0],
				"cubes": [
					{"origin": [1.15429, 15, 3.89212], "size": [1, 1, 3], "uv": [50, 27]}
				]
			},
			{
				"name": "bone62",
				"parent": "wingSL2",
				"pivot": [1.65429, 16, 3.79212],
				"rotation": [10, 0, 0],
				"cubes": [
					{"origin": [1.15429, 15.99509, 4.80458], "size": [1, 1, 4], "uv": [18, 60]}
				]
			},
			{
				"name": "bone63",
				"parent": "wingSL2",
				"pivot": [1.65429, 17, 3.59212],
				"rotation": [15, 0, 0],
				"cubes": [
					{"origin": [1.15429, 16.97555, 5.62789], "size": [1, 1, 4], "uv": [59, 51]}
				]
			},
			{
				"name": "bone64",
				"parent": "wingSL2",
				"pivot": [1.65429, 18, 3.39212],
				"rotation": [20, 0, 0],
				"cubes": [
					{"origin": [1.15429, 17.85786, 6.36226], "size": [1, 1, 5], "uv": [53, 29]}
				]
			},
			{
				"name": "bone65",
				"parent": "wingSL2",
				"pivot": [1.65429, 18.9, 3.09212],
				"rotation": [25, 0, 0],
				"cubes": [
					{"origin": [1.15429, 18.60953, 7.03635], "size": [1, 1, 5], "uv": [52, 52]}
				]
			},
			{
				"name": "wingSL3",
				"parent": "wingLS",
				"pivot": [1.15429, 13.9, 4.89212],
				"rotation": [-12.5, 0, 0],
				"cubes": [
					{"origin": [0.65429, 13.9, 4.89212], "size": [1, 1, 3], "uv": [19, 36]}
				]
			},
			{
				"name": "bone66",
				"parent": "wingSL3",
				"pivot": [1.15429, 14.9, 4.89212],
				"rotation": [5, 0, 0],
				"cubes": [
					{"origin": [0.65429, 14.9, 4.89212], "size": [1, 1, 4], "uv": [58, 35]}
				]
			},
			{
				"name": "bone67",
				"parent": "wingSL3",
				"pivot": [1.15429, 15.9, 4.79212],
				"rotation": [10, 0, 0],
				"cubes": [
					{"origin": [0.65429, 15.89509, 5.80458], "size": [1, 1, 4], "uv": [56, 58]}
				]
			},
			{
				"name": "bone68",
				"parent": "wingSL3",
				"pivot": [1.15429, 16.9, 4.59212],
				"rotation": [15, 0, 0],
				"cubes": [
					{"origin": [0.65429, 16.87555, 6.62789], "size": [1, 1, 4], "uv": [46, 58]}
				]
			},
			{
				"name": "bone69",
				"parent": "wingSL3",
				"pivot": [1.15429, 17.9, 4.39212],
				"rotation": [20, 0, 0],
				"cubes": [
					{"origin": [0.65429, 17.85786, 7.36226], "size": [1, 1, 5], "uv": [40, 52]}
				]
			},
			{
				"name": "bone70",
				"parent": "wingSL3",
				"pivot": [1.15429, 18.8, 4.09212],
				"rotation": [25, 0, 0],
				"cubes": [
					{"origin": [0.65429, 18.80953, 8.03635], "size": [1, 1, 5], "uv": [51, 35]}
				]
			},
			{
				"name": "wingRight",
				"pivot": [-1.7, 15, 2.85],
				"rotation": [0, -60, 0]
			},
			{
				"name": "chestPlateLeft",
				"parent": "wingRight",
				"pivot": [-1.06147, 14, -2.32391]
			},
			{
				"name": "wingRL",
				"parent": "chestPlateLeft",
				"pivot": [-1.56147, -1, -6.07391]
			},
			{
				"name": "wingRL1",
				"parent": "wingRL",
				"pivot": [-2.06147, 14, -2.82391],
				"cubes": [
					{"origin": [-3.06147, 14, 3.17609], "size": [1, 3, 1], "uv": [47, 52]}
				]
			},
			{
				"name": "bone71",
				"parent": "wingRL1",
				"pivot": [-2.56147, 17, 4.17609],
				"rotation": [10, 0, 0],
				"cubes": [
					{"origin": [-3.06147, 14, 4.17609], "size": [1, 3, 1], "uv": [51, 35]}
				]
			},
			{
				"name": "bone72",
				"parent": "wingRL1",
				"pivot": [-2.56147, 17.5, 6.07609],
				"rotation": [30, 0, 0],
				"cubes": [
					{"origin": [-3.06147, 13.5026, 6.10822], "size": [1, 4, 1], "uv": [74, 17]}
				]
			},
			{
				"name": "bone73",
				"parent": "wingRL1",
				"pivot": [-2.56147, 18, 6.97609],
				"rotation": [40, 0, 0],
				"cubes": [
					{"origin": [-3.06147, 14.01958, 6.9788], "size": [1, 4, 1], "uv": [74, 0]}
				]
			},
			{
				"name": "bone74",
				"parent": "wingRL1",
				"pivot": [-2.56147, 18.6, 7.77609],
				"rotation": [50, 0, 0],
				"cubes": [
					{"origin": [-3.06147, 14.67419, 7.78029], "size": [1, 4, 1], "uv": [74, 74]}
				]
			},
			{
				"name": "bone75",
				"parent": "wingRL1",
				"pivot": [-2.56147, 19.4, 8.37609],
				"rotation": [60, 0, 0],
				"cubes": [
					{"origin": [-3.06147, 14.41958, 8.38178], "size": [1, 5, 1], "uv": [70, 18]}
				]
			},
			{
				"name": "bone76",
				"parent": "wingRL1",
				"pivot": [-2.56147, 20.3, 8.87609],
				"rotation": [65, 0, 0],
				"cubes": [
					{"origin": [-3.06147, 15.3026, 8.85236], "size": [1, 5, 1], "uv": [70, 0]}
				]
			},
			{
				"name": "bone77",
				"parent": "wingRL1",
				"pivot": [-2.56147, 21.2, 9.27609],
				"rotation": [70, 0, 0],
				"cubes": [
					{"origin": [-3.06147, 16.18476, 9.26764], "size": [1, 5, 1], "uv": [70, 70]}
				]
			},
			{
				"name": "bone78",
				"parent": "wingRL1",
				"pivot": [-2.56147, 22.1, 9.67609],
				"rotation": [75, 0, 0],
				"cubes": [
					{"origin": [-3.06147, 16.15282, 9.68511], "size": [1, 6, 1], "uv": [16, 65]}
				]
			},
			{
				"name": "bone79",
				"parent": "wingRL1",
				"pivot": [-2.56147, 23.1, 9.87609],
				"rotation": [80, 0, 0],
				"cubes": [
					{"origin": [-3.06147, 17.08719, 9.86742], "size": [1, 6, 1], "uv": [12, 65]}
				]
			},
			{
				"name": "bone80",
				"parent": "wingRL1",
				"pivot": [-2.56147, 24.1, 10.07609],
				"rotation": [100, 0, 0],
				"cubes": [
					{"origin": [-3.06147, 18.1105, 9.04788], "size": [1, 6, 1], "uv": [8, 65]}
				]
			},
			{
				"name": "bone81",
				"parent": "wingRL1",
				"pivot": [-2.56147, 17.2, 5.17609],
				"rotation": [20, 0, 0],
				"cubes": [
					{"origin": [-3.06147, 14.17669, 5.15655], "size": [1, 3, 1], "uv": [46, 20]}
				]
			},
			{
				"name": "wingRL2",
				"parent": "wingRL",
				"pivot": [-2.06147, 14, -2.82391]
			},
			{
				"name": "wing3",
				"parent": "wingRL2",
				"pivot": [-2.06147, 16, 3.67609],
				"rotation": [-5, 0, 0],
				"cubes": [
					{"origin": [-2.56147, 12, 3.17609], "size": [1, 4, 1], "uv": [73, 65]}
				]
			},
			{
				"name": "bone82",
				"parent": "wing3",
				"pivot": [-2.06147, 16, 4.17609],
				"rotation": [5, 0, 0],
				"cubes": [
					{"origin": [-2.56147, 12, 4.17609], "size": [1, 4, 1], "uv": [73, 60]}
				]
			},
			{
				"name": "bone83",
				"parent": "wing3",
				"pivot": [-2.06147, 16.1, 5.17609],
				"rotation": [15, 0, 0],
				"cubes": [
					{"origin": [-2.56147, 12.08754, 5.17118], "size": [1, 4, 1], "uv": [73, 30]}
				]
			},
			{
				"name": "bone84",
				"parent": "wing3",
				"pivot": [-2.06147, 16.4, 6.17609],
				"rotation": [25, 0, 0],
				"cubes": [
					{"origin": [-2.56147, 12.35658, 6.12761], "size": [1, 4, 1], "uv": [66, 73]}
				]
			},
			{
				"name": "bone85",
				"parent": "wing3",
				"pivot": [-2.06147, 16.8, 7.07609],
				"rotation": [35, 0, 0],
				"cubes": [
					{"origin": [-2.56147, 11.77441, 7.04288], "size": [1, 5, 1], "uv": [62, 70]}
				]
			},
			{
				"name": "bone86",
				"parent": "wing3",
				"pivot": [-2.06147, 17.4, 7.87609],
				"rotation": [40, 0, 0],
				"cubes": [
					{"origin": [-2.56147, 12.34178, 7.84342], "size": [1, 5, 1], "uv": [58, 70]}
				]
			},
			{
				"name": "bone87",
				"parent": "wing3",
				"pivot": [-2.06147, 18, 8.67609],
				"rotation": [45, 0, 0],
				"cubes": [
					{"origin": [-2.56147, 12.99638, 8.64491], "size": [1, 5, 1], "uv": [69, 61]}
				]
			},
			{
				"name": "bone88",
				"parent": "wing3",
				"pivot": [-2.06147, 18.8, 9.37609],
				"rotation": [50, 0, 0],
				"cubes": [
					{"origin": [-2.56147, 13.72567, 9.28425], "size": [1, 5, 1], "uv": [69, 30]}
				]
			},
			{
				"name": "bone89",
				"parent": "wing3",
				"pivot": [-2.06147, 19.5, 9.97609],
				"rotation": [55, 0, 0],
				"cubes": [
					{"origin": [-2.56147, 14.43535, 9.96235], "size": [1, 5, 1], "uv": [68, 55]}
				]
			},
			{
				"name": "bone90",
				"parent": "wing3",
				"pivot": [-2.06147, 20.4, 10.57609],
				"rotation": [60, 0, 0],
				"cubes": [
					{"origin": [-2.56147, 15.31062, 10.48096], "size": [1, 5, 1], "uv": [68, 43]}
				]
			},
			{
				"name": "bone91",
				"parent": "wing3",
				"pivot": [-2.06147, 21.2, 11.17609],
				"rotation": [70, 0, 0],
				"cubes": [
					{"origin": [-2.56147, 16.23024, 11.08814], "size": [1, 5, 1], "uv": [68, 37]}
				]
			},
			{
				"name": "bone92",
				"parent": "wing3",
				"pivot": [-2.06147, 22.2, 11.47609],
				"rotation": [75, 0, 0],
				"cubes": [
					{"origin": [-2.56147, 16.17012, 11.34584], "size": [1, 6, 1], "uv": [64, 7]}
				]
			},
			{
				"name": "bone93",
				"parent": "wing3",
				"pivot": [-2.06147, 23.1, 11.67609],
				"rotation": [80, 0, 0],
				"cubes": [
					{"origin": [-2.56147, 17.03037, 11.62475], "size": [1, 6, 1], "uv": [62, 63]}
				]
			},
			{
				"name": "bone94",
				"parent": "wing3",
				"pivot": [-2.06147, 24.1, 11.87609],
				"rotation": [83, 0, 0],
				"cubes": [
					{"origin": [-2.56147, 18.05369, 11.80521], "size": [1, 6, 1], "uv": [58, 63]}
				]
			},
			{
				"name": "bone95",
				"parent": "wing3",
				"pivot": [-2.02546, 23.90437, 11.8553],
				"rotation": [95, 0, 0],
				"cubes": [
					{"origin": [-2.52546, 17.85806, 11.98442], "size": [1, 6, 1], "uv": [62, 0]}
				]
			},
			{
				"name": "bone96",
				"parent": "wing3",
				"pivot": [-2.02546, 23.90437, 11.8553],
				"rotation": [110, 0, 0],
				"cubes": [
					{"origin": [-2.52546, 17.85806, 11.98442], "size": [1, 6, 1], "uv": [0, 27]}
				]
			},
			{
				"name": "wingRL3",
				"parent": "wingRL",
				"pivot": [-1.56147, 15, 3.67609],
				"rotation": [-15, 0, 0],
				"cubes": [
					{"origin": [-2.06147, 11, 3.17609], "size": [1, 4, 1], "uv": [7, 51]}
				]
			},
			{
				"name": "bone97",
				"parent": "wingRL3",
				"pivot": [-1.56147, 15, 4.17609],
				"rotation": [5, 0, 0],
				"cubes": [
					{"origin": [-2.06147, 11, 4.17609], "size": [1, 4, 1], "uv": [0, 51]}
				]
			},
			{
				"name": "bone98",
				"parent": "wingRL3",
				"pivot": [-1.56147, 15.1, 5.17609],
				"rotation": [15, 0, 0],
				"cubes": [
					{"origin": [-2.06147, 11.08754, 5.17118], "size": [1, 4, 1], "uv": [50, 21]}
				]
			},
			{
				"name": "bone99",
				"parent": "wingRL3",
				"pivot": [-1.56147, 15.4, 6.07609],
				"rotation": [25, 0, 0],
				"cubes": [
					{"origin": [-2.06147, 11.3307, 6.1242], "size": [1, 4, 1], "uv": [44, 34]}
				]
			},
			{
				"name": "bone100",
				"parent": "wingRL3",
				"pivot": [-1.56147, 15.8, 7.07609],
				"rotation": [30, 0, 0],
				"cubes": [
					{"origin": [-2.06147, 11.79079, 7.04885], "size": [1, 4, 1], "uv": [0, 36]}
				]
			},
			{
				"name": "bone101",
				"parent": "wingRL3",
				"pivot": [-1.56147, 16.3, 7.97609],
				"rotation": [35, 0, 0],
				"cubes": [
					{"origin": [-2.06147, 11.80778, 7.91942], "size": [1, 4, 1], "uv": [29, 0]}
				]
			},
			{
				"name": "bone102",
				"parent": "wingRL3",
				"pivot": [-1.56147, 16.8, 8.77609],
				"rotation": [40, 0, 0],
				"cubes": [
					{"origin": [-2.06147, 11.85706, 8.77731], "size": [1, 5, 1], "uv": [68, 24]}
				]
			},
			{
				"name": "bone103",
				"parent": "wingRL3",
				"pivot": [-1.56147, 17.5, 9.57609],
				"rotation": [45, 0, 0],
				"cubes": [
					{"origin": [-2.06147, 12.53506, 9.51453], "size": [1, 5, 1], "uv": [68, 7]}
				]
			},
			{
				"name": "bone104",
				"parent": "wingRL3",
				"pivot": [-1.56147, 18.2, 10.27609],
				"rotation": [50, 0, 0],
				"cubes": [
					{"origin": [-2.06147, 13.23506, 10.22458], "size": [1, 5, 1], "uv": [67, 49]}
				]
			},
			{
				"name": "bone105",
				"parent": "wingRL3",
				"pivot": [-1.56147, 19, 10.87609],
				"rotation": [55, 0, 0],
				"cubes": [
					{"origin": [-2.06147, 13.98046, 10.82607], "size": [1, 5, 1], "uv": [67, 13]}
				]
			},
			{
				"name": "bone106",
				"parent": "wingRL3",
				"pivot": [-1.56147, 19.8, 11.47609],
				"rotation": [60, 0, 0],
				"cubes": [
					{"origin": [-2.06147, 14.81309, 11.4266], "size": [1, 5, 1], "uv": [40, 67]}
				]
			},
			{
				"name": "bone107",
				"parent": "wingRL3",
				"pivot": [-1.56147, 20.7, 11.97609],
				"rotation": [65, 0, 0],
				"cubes": [
					{"origin": [-2.06147, 15.6961, 11.89718], "size": [1, 5, 1], "uv": [4, 67]}
				]
			},
			{
				"name": "bone108",
				"parent": "wingRL3",
				"pivot": [-1.56147, 21.5, 12.37609],
				"rotation": [70, 0, 0],
				"cubes": [
					{"origin": [-2.06147, 16.52053, 12.40309], "size": [1, 5, 1], "uv": [0, 67]}
				]
			},
			{
				"name": "bone109",
				"parent": "wingRL3",
				"pivot": [-1.56147, 22.5, 12.67609],
				"rotation": [75, 0, 0],
				"cubes": [
					{"origin": [-2.06147, 17.46042, 12.66079], "size": [1, 5, 1], "uv": [64, 56]}
				]
			},
			{
				"name": "bone110",
				"parent": "wingRL3",
				"pivot": [-1.56147, 23.5, 12.97609],
				"rotation": [85, 0, 0],
				"cubes": [
					{"origin": [-2.06147, 18.49138, 12.91722], "size": [1, 5, 1], "uv": [64, 44]}
				]
			},
			{
				"name": "bone111",
				"parent": "wingRL3",
				"pivot": [-1.56147, 24.5, 13.07609],
				"rotation": [95, 0, 0],
				"cubes": [
					{"origin": [-2.06147, 18.50384, 13.0123], "size": [1, 5, 1], "uv": [16, 43]}
				]
			},
			{
				"name": "bone112",
				"parent": "wingRL3",
				"pivot": [-1.56147, 24.5, 13.07609],
				"rotation": [110, 0, 0],
				"cubes": [
					{"origin": [-2.06147, 17.50384, 13.0123], "size": [1, 7, 2], "uv": [40, 58]}
				]
			},
			{
				"name": "bone113",
				"parent": "wingRL3",
				"pivot": [-1.56147, 25.4, 12.77609],
				"rotation": [125, 0, 0],
				"cubes": [
					{"origin": [-2.06147, 18.42975, 12.76398], "size": [1, 7, 2], "uv": [0, 0]}
				]
			},
			{
				"name": "_chestPlateLeft",
				"parent": "wingRight",
				"pivot": [-0.81699, 17, 3.0134],
				"rotation": [0, -0.7, 0]
			},
			{
				"name": "wingRS",
				"parent": "_chestPlateLeft",
				"pivot": [-2.8007, 1.9, -5.17058],
				"rotation": [0, 0.5, 0]
			},
			{
				"name": "wingRSL1",
				"parent": "wingRS",
				"pivot": [-2.3007, 14.4, 2.82942],
				"rotation": [-5, 0, 0],
				"cubes": [
					{"origin": [-2.8007, 13.9, 2.82942], "size": [1, 1, 3], "uv": [23, 27]}
				]
			},
			{
				"name": "bone114",
				"parent": "wingRSL1",
				"pivot": [-2.3007, 14.9, 2.82942],
				"rotation": [5, 0, 0],
				"cubes": [
					{"origin": [-2.8007, 14.9, 2.82942], "size": [1, 1, 3], "uv": [24, 15]}
				]
			},
			{
				"name": "bone115",
				"parent": "wingRSL1",
				"pivot": [-2.3007, 16.1, 3.72942],
				"rotation": [10, 0, 0],
				"cubes": [
					{"origin": [-2.8007, 15.97178, 3.72235], "size": [1, 1, 4], "uv": [57, 46]}
				]
			},
			{
				"name": "bone116",
				"parent": "wingRSL1",
				"pivot": [-2.3007, 16.9, 2.62942],
				"rotation": [12.5, 0, 0],
				"cubes": [
					{"origin": [-2.8007, 16.69292, 4.56672], "size": [1, 1, 4], "uv": [57, 21]}
				]
			},
			{
				"name": "bone117",
				"parent": "wingRSL1",
				"pivot": [-2.3007, 17.8, 2.32942],
				"rotation": [15, 0, 0],
				"cubes": [
					{"origin": [-2.8007, 17.54594, 5.32356], "size": [1, 1, 5], "uv": [0, 51]}
				]
			},
			{
				"name": "bone118",
				"parent": "wingRSL1",
				"pivot": [-2.3007, 18.8, 2.02942],
				"rotation": [17.5, 0, 0],
				"cubes": [
					{"origin": [-2.8007, 18.30364, 5.96345], "size": [1, 1, 5], "uv": [50, 21]}
				]
			},
			{
				"name": "wingRSL2",
				"parent": "wingRS",
				"pivot": [-1.8007, 13.9, 3.82942],
				"rotation": [-10, 0, 0],
				"cubes": [
					{"origin": [-2.3007, 13.9, 3.82942], "size": [1, 1, 3], "uv": [24, 11]}
				]
			},
			{
				"name": "bone119",
				"parent": "wingRSL2",
				"pivot": [-1.8007, 14.9, 3.82942],
				"rotation": [5, 0, 0],
				"cubes": [
					{"origin": [-2.3007, 14.9, 3.82942], "size": [1, 1, 3], "uv": [0, 15]}
				]
			},
			{
				"name": "bone120",
				"parent": "wingRSL2",
				"pivot": [-1.8007, 15.9, 3.72942],
				"rotation": [10, 0, 0],
				"cubes": [
					{"origin": [-2.3007, 15.89509, 4.74189], "size": [1, 1, 4], "uv": [57, 15]}
				]
			},
			{
				"name": "bone121",
				"parent": "wingRSL2",
				"pivot": [-1.8007, 16.9, 3.52942],
				"rotation": [15, 0, 0],
				"cubes": [
					{"origin": [-2.3007, 16.87555, 5.5652], "size": [1, 1, 4], "uv": [55, 10]}
				]
			},
			{
				"name": "bone122",
				"parent": "wingRSL2",
				"pivot": [-1.8007, 17.9, 3.32942],
				"rotation": [20, 0, 0],
				"cubes": [
					{"origin": [-2.3007, 17.75786, 6.29957], "size": [1, 1, 5], "uv": [50, 15]}
				]
			},
			{
				"name": "bone123",
				"parent": "wingRSL2",
				"pivot": [-1.8007, 18.8, 3.02942],
				"rotation": [25, 0, 0],
				"cubes": [
					{"origin": [-2.3007, 18.50953, 6.97366], "size": [1, 1, 5], "uv": [11, 49]}
				]
			},
			{
				"name": "wingRSL3",
				"parent": "wingRS",
				"pivot": [-1.3007, 13.8, 4.82942],
				"rotation": [-12.5, 0, 0],
				"cubes": [
					{"origin": [-1.8007, 13.8, 4.82942], "size": [1, 1, 3], "uv": [0, 11]}
				]
			},
			{
				"name": "bone124",
				"parent": "wingRSL3",
				"pivot": [-1.3007, 14.8, 4.82942],
				"rotation": [5, 0, 0],
				"cubes": [
					{"origin": [-1.8007, 14.8, 4.82942], "size": [1, 1, 4], "uv": [54, 41]}
				]
			},
			{
				"name": "bone125",
				"parent": "wingRSL3",
				"pivot": [-1.3007, 15.8, 4.72942],
				"rotation": [10, 0, 0],
				"cubes": [
					{"origin": [-1.8007, 15.79509, 5.74189], "size": [1, 1, 4], "uv": [25, 54]}
				]
			},
			{
				"name": "bone126",
				"parent": "wingRSL3",
				"pivot": [-1.3007, 16.8, 4.52942],
				"rotation": [15, 0, 0],
				"cubes": [
					{"origin": [-1.8007, 16.77555, 6.5652], "size": [1, 1, 4], "uv": [47, 52]}
				]
			},
			{
				"name": "bone127",
				"parent": "wingRSL3",
				"pivot": [-1.3007, 17.8, 4.32942],
				"rotation": [20, 0, 0],
				"cubes": [
					{"origin": [-1.8007, 17.75786, 7.29957], "size": [1, 1, 5], "uv": [44, 34]}
				]
			},
			{
				"name": "bone128",
				"parent": "wingRSL3",
				"pivot": [-1.3007, 18.7, 4.02942],
				"rotation": [25, 0, 0],
				"cubes": [
					{"origin": [-1.8007, 18.70953, 7.97366], "size": [1, 1, 5], "uv": [29, 0]}
				]
			}
		]
	}
}