{
	"format_version": "1.10.0",
	"geometry.model": {
		"texturewidth": 128,
		"textureheight": 128,
		"visible_bounds_width": 3,
		"visible_bounds_height": 4,
		"visible_bounds_offset": [0, 1, 0],
		"bones": [
			{
				"name": "head",
				"pivot": [0, 18, 0],
				"cubes": [
					{"origin": [-3.5, 18.5, -3.5], "size": [7, 7, 7], "uv": [0, 21]},
					{"origin": [-4, 19, -4], "size": [8, 7, 0], "uv": [40, 50]},
					{"origin": [-4, 19, 4], "size": [8, 7, 0], "uv": [50, 28]},
					{"origin": [4, 19, -4], "size": [0, 7, 8], "uv": [24, 34]},
					{"origin": [-4, 19, -4], "size": [0, 7, 8], "uv": [0, 35]},
					{"origin": [-4, 26, -4], "size": [8, 0, 8], "uv": [16, 11]}
				]
			},
			{
				"name": "ponytail",
				"parent": "head",
				"pivot": [-3.5, 26.5, 0]
			},
			{
				"name": "bone",
				"parent": "ponytail",
				"pivot": [-3.4, 26.5, 0],
				"rotation": [0, 0, 64],
				"cubes": [
					{"origin": [-3.99524, 25.72103, -1], "size": [2, 1.5, 2], "uv": [0, 11]}
				]
			},
			{
				"name": "bone2",
				"parent": "ponytail",
				"pivot": [-3.85, 27.02, 0],
				"rotation": [0, 0, 15],
				"cubes": [
					{"origin": [-4.55, 26.55, -1], "size": [1.4, 1, 2], "uv": [0, 24], "inflate": 0.01}
				]
			},
			{
				"name": "bone3",
				"parent": "ponytail",
				"pivot": [-4.8, 26.1, 0],
				"rotation": [0, 0, -43],
				"cubes": [
					{"origin": [-4.7, 26.02, -1], "size": [1.3, 1, 2], "uv": [21, 23]}
				]
			},
			{
				"name": "bone4",
				"parent": "ponytail",
				"pivot": [-5.30209, 23.79544, 0],
				"rotation": [0, 0, 13],
				"cubes": [
					{"origin": [-6.05209, 20.79544, -1], "size": [1.5, 6, 2], "uv": [0, 0], "inflate": 0.01}
				]
			},
			{
				"name": "bone5",
				"parent": "ponytail",
				"pivot": [-6.025, 20.8, 0],
				"rotation": [0, 0, 38],
				"cubes": [
					{"origin": [-6.65, 20.3, -1], "size": [1.25, 1, 2], "uv": [0, 21]}
				]
			},
			{
				"name": "bone6",
				"parent": "ponytail",
				"pivot": [-6.75, 20.1, 0],
				"rotation": [0, 0, -31],
				"cubes": [
					{"origin": [-7.5, 19.6, -0.75], "size": [1.5, 1, 1.5], "uv": [27, 2]}
				]
			},
			{
				"name": "blink",
				"parent": "head",
				"pivot": [0, 18, 0],
				"cubes": [
					{"origin": [-3.5, 18.5, -3.501], "size": [7, 7, 0], "uv": [53, 0]}
				]
			},
			{
				"name": "hairs",
				"parent": "head",
				"pivot": [0, 18, 0]
			},
			{
				"name": "bone18",
				"parent": "hairs",
				"pivot": [4.001, 19, 1.5],
				"rotation": [15, 0, 0],
				"cubes": [
					{"origin": [4.001, 17.1755, 0.98613], "size": [0, 2, 1], "uv": [4, 20]}
				]
			},
			{
				"name": "bone24",
				"parent": "hairs",
				"pivot": [-3.999, 19, 1.5],
				"rotation": [15, 0, 0],
				"cubes": [
					{"origin": [-4.001, 17.1755, 0.98613], "size": [0, 2, 1], "uv": [6, 1]}
				]
			},
			{
				"name": "bone19",
				"parent": "hairs",
				"pivot": [4.001, 18, 2.5],
				"rotation": [15, 0, 0],
				"cubes": [
					{"origin": [4.001, 17.14142, 2.24495], "size": [0, 2, 1], "uv": [0, 20]}
				]
			},
			{
				"name": "bone23",
				"parent": "hairs",
				"pivot": [-3.999, 18, 2.5],
				"rotation": [15, 0, 0],
				"cubes": [
					{"origin": [-4.001, 17.14142, 2.24495], "size": [0, 2, 1], "uv": [6, 3]}
				]
			},
			{
				"name": "bone20",
				"parent": "hairs",
				"pivot": [4.001, 18, 3.5],
				"rotation": [15, 0, 0],
				"cubes": [
					{"origin": [4.001, 16.84142, 3.24495], "size": [0, 2.3, 1], "uv": [6, 10]}
				]
			},
			{
				"name": "bone22",
				"parent": "hairs",
				"pivot": [-3.999, 18, 3.5],
				"rotation": [15, 0, 0],
				"cubes": [
					{"origin": [-4.001, 16.84142, 3.24495], "size": [0, 2.3, 1], "uv": [0, 10]}
				]
			},
			{
				"name": "bone21",
				"parent": "hairs",
				"pivot": [3.501, 18.09319, 4.25176],
				"rotation": [15, 0, 0],
				"cubes": [
					{"origin": [3.001, 16.99319, 4.25176], "size": [1, 2.1, 0], "uv": [29, 4]}
				]
			},
			{
				"name": "bone25",
				"parent": "hairs",
				"pivot": [-3.499, 18.09319, 4.25176],
				"rotation": [15, 0, 0],
				"cubes": [
					{"origin": [-3.999, 16.99319, 4.25176], "size": [1, 2.1, 0], "uv": [28, 28]}
				]
			},
			{
				"name": "bone26",
				"parent": "hairs",
				"pivot": [2.401, 18.09319, 4.25176],
				"rotation": [15, 0, 0],
				"cubes": [
					{"origin": [1.901, 16.59319, 4.25176], "size": [1, 2.5, 0], "uv": [27, 4]}
				]
			},
			{
				"name": "bone27",
				"parent": "hairs",
				"pivot": [-2.399, 18.09319, 4.25176],
				"rotation": [15, 0, 0],
				"cubes": [
					{"origin": [-2.899, 16.59319, 4.25176], "size": [1, 2.5, 0], "uv": [4, 24]}
				]
			},
			{
				"name": "bone28",
				"parent": "hairs",
				"pivot": [1.301, 18.09319, 4.25176],
				"rotation": [15, 0, 0],
				"cubes": [
					{"origin": [0.801, 16.49319, 4.25176], "size": [1, 2.6, 0], "uv": [0, 24]}
				]
			},
			{
				"name": "bone29",
				"parent": "hairs",
				"pivot": [-1.299, 18.09319, 4.25176],
				"rotation": [15, 0, 0],
				"cubes": [
					{"origin": [-1.799, 16.49319, 4.25176], "size": [1, 2.6, 0], "uv": [21, 23]}
				]
			},
			{
				"name": "bone30",
				"parent": "hairs",
				"pivot": [-0.099, 18.09319, 4.25176],
				"rotation": [15, 0, 0],
				"cubes": [
					{"origin": [-0.679, 16.49319, 4.25176], "size": [1.38, 2.6, 0], "uv": [0, 0]}
				]
			},
			{
				"name": "armRight",
				"pivot": [-3, 17.5, 0],
				"rotation": [0, 0, 25],
				"cubes": [
					{"origin": [-4.54685, 8.71131, -1], "size": [2, 8, 2], "uv": [0, 57]}
				]
			},
			{
				"name": "armLeft",
				"pivot": [3, 17.5, 0],
				"rotation": [0, 0, -25],
				"cubes": [
					{"origin": [2.54685, 8.71131, -1], "size": [2, 8, 2], "uv": [20, 54]}
				]
			},
			{
				"name": "body",
				"pivot": [0, 10.5, 0],
				"cubes": [
					{"origin": [-3, 9.499, -2.5], "size": [6, 9, 5], "uv": [28, 28]},
					{"origin": [-3.2, 8.499, -2.5], "size": [6.4, 1, 5], "uv": [40, 8]}
				]
			},
			{
				"name": "bone7",
				"parent": "body",
				"pivot": [-0.5, 10.5, 0],
				"cubes": [
					{"origin": [-3.5, 17.7, -3.001], "size": [7, 1, 1], "uv": [52, 44]}
				]
			},
			{
				"name": "bone9",
				"parent": "body",
				"pivot": [-1.5, 9.5, 0],
				"cubes": [
					{"origin": [-2, 16.7, -3], "size": [4, 1, 1], "uv": [21, 21]},
					{"origin": [-1.122, 15.9, -3.001], "size": [2.25, 1, 1], "uv": [25, 23]}
				]
			},
			{
				"name": "bone10",
				"parent": "body",
				"pivot": [-2, 17.2, -2.5],
				"rotation": [0, 0, 37.5],
				"cubes": [
					{"origin": [-3.5, 16.7, -2.99], "size": [3, 1, 1], "uv": [0, 16]}
				]
			},
			{
				"name": "bone11",
				"parent": "body",
				"pivot": [2, 17.2, -2.5],
				"rotation": [0, 0, -37.5],
				"cubes": [
					{"origin": [0.5, 16.7, -2.99], "size": [3, 1, 1], "uv": [0, 14]}
				]
			},
			{
				"name": "bone8",
				"parent": "body",
				"pivot": [0, 10.5, 5],
				"cubes": [
					{"origin": [-3.5, 17.7, 2.001], "size": [7, 1, 1], "uv": [52, 42]}
				]
			},
			{
				"name": "bone12",
				"parent": "body",
				"pivot": [3.6, 17.85, 2],
				"cubes": [
					{"origin": [2.6, 17.85, -3], "size": [1, 1, 6], "uv": [50, 35]}
				]
			},
			{
				"name": "bone13",
				"parent": "body",
				"pivot": [-2.65, 17.85, 2],
				"cubes": [
					{"origin": [-3.65, 17.85, -3], "size": [1, 1, 6], "uv": [0, 50]}
				]
			},
			{
				"name": "bone14",
				"parent": "body",
				"pivot": [4.5, 16.8, 0],
				"rotation": [0, 0, -10],
				"cubes": [
					{"origin": [2, 14.8, -2], "size": [4, 4, 4], "uv": [12, 46]}
				]
			},
			{
				"name": "bone16",
				"parent": "bone14",
				"pivot": [6, 16.8, 0],
				"rotation": [0, 0, -12.5],
				"cubes": [
					{"origin": [5.5, 14.8, -2.001], "size": [1, 4, 4], "uv": [10, 54]}
				]
			},
			{
				"name": "bone31",
				"parent": "bone14",
				"pivot": [3.96503, 18.82931, 0.8],
				"rotation": [0, -52.5, -25],
				"cubes": [
					{"origin": [3.38569, 18.32931, 0.23912], "size": [1, 1, 1], "uv": [27, 0]}
				]
			},
			{
				"name": "bone32",
				"parent": "bone14",
				"pivot": [3.96503, 18.82931, -0.7],
				"rotation": [32, 14.5, 5],
				"cubes": [
					{"origin": [3.43999, 18.278, -1.1179], "size": [1, 1, 1], "uv": [21, 26]}
				]
			},
			{
				"name": "bone15",
				"parent": "body",
				"pivot": [-4.5, 16.8, 0],
				"rotation": [0, 0, 10],
				"cubes": [
					{"origin": [-6, 14.8, -2], "size": [4, 4, 4], "uv": [40, 42]}
				]
			},
			{
				"name": "bone17",
				"parent": "bone15",
				"pivot": [-6, 16.8, 0],
				"rotation": [0, 0, 12.5],
				"cubes": [
					{"origin": [-6.5, 14.8, -2.001], "size": [1, 4, 4], "uv": [52, 53]}
				]
			},
			{
				"name": "bone33",
				"parent": "bone15",
				"pivot": [-4.24093, 18.7539, 0.9],
				"rotation": [0, -52.5, 25],
				"cubes": [
					{"origin": [-4.75001, 18.42597, 0.08328], "size": [1, 1, 1], "uv": [5, 7]}
				]
			},
			{
				"name": "bone34",
				"parent": "bone15",
				"pivot": [-4.2583, 18.85238, -0.7],
				"rotation": [32, -14.5, 5],
				"cubes": [
					{"origin": [-4.40262, 18.27559, -1.11286], "size": [1, 1, 1], "uv": [4, 0]}
				]
			},
			{
				"name": "sittingRotationSkirt",
				"parent": "body",
				"pivot": [0, 10.5, 0],
				"cubes": [
					{"origin": [-4.1, 6, -4.1], "size": [8.2, 2, 8.2], "uv": [0, 11]},
					{"origin": [-4.5, 4, -4.5], "size": [9, 2, 9], "uv": [0, 0]},
					{"origin": [-3.7, 8, -3.6], "size": [7.4, 2, 7.2], "uv": [25, 19]},
					{"origin": [-3.5, 7.99, -3.3], "size": [7, 2, 6.6], "uv": [27, 0]},
					{"origin": [-3.3, 10, -3.1], "size": [6.6, 2, 6.2], "uv": [0, 35]}
				]
			},
			{
				"name": "legLeft",
				"pivot": [2, 9, 0],
				"cubes": [
					{"origin": [0.499, 0, -1.5], "size": [3, 9, 3], "uv": [28, 49]}
				]
			},
			{
				"name": "legRight",
				"pivot": [-2, 9, 0],
				"cubes": [
					{"origin": [-3.499, 0, -1.5], "size": [3, 9, 3], "uv": [46, 14]}
				]
			}
		]
	}
}