{
	"format_version": "1.10.0",
	"geometry.model": {
		"texturewidth": 128,
		"textureheight": 128,
		"visible_bounds_width": 5,
		"visible_bounds_height": 4,
		"visible_bounds_offset": [0, 1, 0],
		"bones": [
			{
				"name": "head",
				"pivot": [0, 18, 0],
				"cubes": [
					{"origin": [-4, 18, -4], "size": [8, 8, 8], "uv": [0, 11]},
					{"origin": [-4.2, 18.2, -4.1], "size": [8.4, 8, 0], "uv": [82, 41]},
					{"origin": [-4.2, 18.2, 4.2], "size": [8.4, 8, 0], "uv": [80, 24]},
					{"origin": [-4.2, 26.2, -4], "size": [8.4, 0, 8.2], "uv": [32, 10]},
					{"origin": [-4.2, 18.2, -4.1], "size": [0, 8, 8.3], "uv": [64, 19]},
					{"origin": [4.2, 18.2, -4.1], "size": [0, 8, 8.3], "uv": [64, 64]}
				]
			},
			{
				"name": "bone22",
				"parent": "head",
				"pivot": [0.5, 14.8, 4.5],
				"rotation": [11.5, 0, 0],
				"cubes": [
					{"origin": [0, 9.18193, 4.17943], "size": [1, 11.5, 1], "uv": [88, 88]}
				]
			},
			{
				"name": "bone23",
				"parent": "head",
				"pivot": [-0.5, 14.8, 4.5],
				"rotation": [11.5, 0, 0],
				"cubes": [
					{"origin": [-1.05, 9.18193, 4.17943], "size": [1, 11.5, 1], "uv": [72, 87]}
				]
			},
			{
				"name": "bone20",
				"parent": "head",
				"pivot": [1.6, 15.3, 4.4],
				"rotation": [11.5, 0, -3],
				"cubes": [
					{"origin": [1.1471, 9.68072, 4.07919], "size": [1, 11, 1], "uv": [68, 87]}
				]
			},
			{
				"name": "bone21",
				"parent": "head",
				"pivot": [-1.4, 15.3, 4.4],
				"rotation": [11.5, 0, 3],
				"cubes": [
					{"origin": [-2.14683, 9.67047, 4.0771], "size": [1, 11, 1], "uv": [64, 87]}
				]
			},
			{
				"name": "bone18",
				"parent": "head",
				"pivot": [2.7, 16.4, 4.2],
				"rotation": [11.5, 0, -4],
				"cubes": [
					{"origin": [2.26278, 10.55999, 3.87561], "size": [1, 10.2, 1], "uv": [88, 64]}
				]
			},
			{
				"name": "bone19",
				"parent": "head",
				"pivot": [-2.3, 15.3802, 4.19662],
				"rotation": [11.5, 0, 4],
				"cubes": [
					{"origin": [-3.31976, 10.52386, 4.09047], "size": [1, 10.2, 1], "uv": [87, 49]}
				]
			},
			{
				"name": "bone16",
				"parent": "head",
				"pivot": [4.1, 15.75, 4.4],
				"rotation": [11.5, 1, -8],
				"cubes": [
					{"origin": [3.73915, 11.3699, 4.09981], "size": [1, 9.5, 1], "uv": [80, 89]}
				]
			},
			{
				"name": "bone17",
				"parent": "head",
				"pivot": [-4.1, 15.75, 4.4],
				"rotation": [11.5, -1, 8],
				"cubes": [
					{"origin": [-4.75307, 11.46689, 4.11979], "size": [1, 9.5, 1], "uv": [76, 89]}
				]
			},
			{
				"name": "bone14",
				"parent": "head",
				"pivot": [4.1, 15.9, 2.3],
				"rotation": [11.5, 0, -8],
				"cubes": [
					{"origin": [3.72526, 13.09329, 1.87969], "size": [1, 7.6, 1], "uv": [58, 0]},
					{"origin": [3.72526, 11.97398, 2.95761], "size": [1, 8.6, 1], "uv": [84, 89]}
				]
			},
			{
				"name": "bone15",
				"parent": "head",
				"pivot": [-4.5, 15.9, 2.3],
				"rotation": [11.5, 0, 8],
				"cubes": [
					{"origin": [-4.73917, 13.07039, 1.99743], "size": [1, 7.8, 1], "uv": [54, 0]},
					{"origin": [-4.73917, 12.17102, 2.97735], "size": [1, 8.6, 1], "uv": [86, 32]}
				]
			},
			{
				"name": "bone13",
				"parent": "head",
				"pivot": [2.7, 26.2, 0.9],
				"rotation": [-55, 0, -42],
				"cubes": [
					{"origin": [2.2, 25.61808, 0.34264], "size": [1, 1, 1], "uv": [72, 59]},
					{"origin": [2.42294, 24.1923, -0.41064], "size": [1, 1, 1], "uv": [72, 57]}
				]
			},
			{
				"name": "bone12",
				"parent": "head",
				"pivot": [7.45537, 19.52124, -0.1],
				"rotation": [0, 0, -41],
				"cubes": [
					{"origin": [6.95537, 18.77124, -0.6], "size": [1, 1.5, 1.1], "uv": [68, 16]}
				]
			},
			{
				"name": "bone11",
				"parent": "head",
				"pivot": [6.4829, 20.5861, -0.05],
				"rotation": [0, 0, -29],
				"cubes": [
					{"origin": [5.7329, 19.7861, -0.8], "size": [1.5, 1.5, 1.5], "uv": [68, 14]}
				]
			},
			{
				"name": "bone5",
				"parent": "head",
				"pivot": [3.6, 18.7, -0.9],
				"rotation": [-15, 0, -8],
				"cubes": [
					{"origin": [2.77732, 14.97075, -3.69792], "size": [1.2, 3, 1.2], "uv": [64, 35]}
				]
			},
			{
				"name": "bone8",
				"parent": "head",
				"pivot": [-3.8, 18.8, -0.9],
				"rotation": [-8, 0, 13],
				"cubes": [
					{"origin": [-3.89019, 15.53614, -3.87164], "size": [1.2, 3, 1.2], "uv": [64, 64]}
				]
			},
			{
				"name": "bone6",
				"parent": "head",
				"pivot": [3.6637, 17.52821, -1.09192],
				"rotation": [-4, 0, -8],
				"cubes": [
					{"origin": [2.99102, 14.2593, -4.27482], "size": [1.05, 2, 1.05], "uv": [64, 60]}
				]
			},
			{
				"name": "bone9",
				"parent": "head",
				"pivot": [-4.1613, 16.97241, -1.86497],
				"rotation": [-4, 0, 8],
				"cubes": [
					{"origin": [-4.2934, 14.49161, -4.09082], "size": [1.05, 2, 1.05], "uv": [64, 57]}
				]
			},
			{
				"name": "bone7",
				"parent": "head",
				"pivot": [3.87205, 16.0457, -1.17563],
				"rotation": [0, 0, -8],
				"cubes": [
					{"origin": [3.24938, 12.96127, -4.47563], "size": [1, 2, 1], "uv": [64, 52]}
				]
			},
			{
				"name": "bone10",
				"parent": "head",
				"pivot": [-4.42795, 15.7457, -2.07563],
				"rotation": [0, 0, 8],
				"cubes": [
					{"origin": [-4.43602, 13.40108, -4.2256], "size": [1, 2, 1], "uv": [64, 49]}
				]
			},
			{
				"name": "bone3",
				"parent": "head",
				"pivot": [0, 0, 0],
				"cubes": [
					{"origin": [3.2, 26.33, -0.9], "size": [1.3, 1.1, 1.7], "uv": [64, 68]}
				]
			},
			{
				"name": "bone4",
				"parent": "head",
				"pivot": [3.45, 26.58, -0.05],
				"rotation": [0, 0, -64],
				"cubes": [
					{"origin": [2.4, 26.07, -0.8], "size": [1.7, 1.1, 1.5], "uv": [59, 27]}
				]
			},
			{
				"name": "bone2",
				"parent": "head",
				"pivot": [5.05, 25.7, 0.25],
				"rotation": [0, 0, 33],
				"cubes": [
					{"origin": [3.59655, 25.53, -0.9], "size": [1.7, 1.3, 1.7], "uv": [16, 30]}
				]
			},
			{
				"name": "bone",
				"parent": "head",
				"pivot": [5.88719, 22.66817, 0.25],
				"rotation": [0, 0, -13],
				"cubes": [
					{"origin": [5.03719, 20.71817, -0.9], "size": [1.7, 5.7, 1.7], "uv": [24, 11]}
				]
			},
			{
				"name": "blink",
				"parent": "head",
				"pivot": [0, 18, 0],
				"cubes": [
					{"origin": [-4, 18, -4.001], "size": [8, 8, 0], "uv": [77, 0]}
				]
			},
			{
				"name": "armRight",
				"pivot": [-3, 17.5, 0],
				"rotation": [0, 0, 25],
				"cubes": [
					{"origin": [-5, 8.5, -1], "size": [2, 8, 2], "uv": [86, 8]},
					{"origin": [-5.5, 13.5, -1.5], "size": [3, 4, 3], "uv": [64, 80]},
					{"origin": [-5.3, 10.8, -1.3], "size": [2.6, 4, 2.6], "uv": [30, 0]}
				]
			},
			{
				"name": "armLeft",
				"pivot": [3, 17.5, 0],
				"rotation": [0, 0, -25],
				"cubes": [
					{"origin": [2.5, 13.5, -1.5], "size": [3, 4, 3], "uv": [78, 57]},
					{"origin": [2.7, 10.8, -1.3], "size": [2.6, 4, 2.6], "uv": [0, 11]},
					{"origin": [3, 8.5, -1], "size": [2, 8, 2], "uv": [0, 0]}
				]
			},
			{
				"name": "body",
				"pivot": [0, 10.5, 0],
				"cubes": [
					{"origin": [-3, 8.999, -3], "size": [6, 9, 6], "uv": [50, 12]}
				]
			},
			{
				"name": "bone46",
				"parent": "body",
				"pivot": [0, 0, 0],
				"cubes": [
					{"origin": [-0.45, 16.8, -3.7], "size": [1, 1, 1], "uv": [6, 0]}
				]
			},
			{
				"name": "bone44",
				"parent": "body",
				"pivot": [1.3, 16.35, 3.25],
				"rotation": [0, 0, -24],
				"cubes": [
					{"origin": [0.52594, 15.22202, -3.65], "size": [1, 2.5, 1], "uv": [64, 44]}
				]
			},
			{
				"name": "bone45",
				"parent": "body",
				"pivot": [-0.7, 16.35, 3.25],
				"rotation": [0, 0, 24],
				"cubes": [
					{"origin": [-1.38271, 15.01865, -3.65], "size": [1, 2.5, 1], "uv": [64, 41]}
				]
			},
			{
				"name": "bone30",
				"parent": "body",
				"pivot": [4.5, 19.5, -2.5],
				"rotation": [0, 0, -10],
				"cubes": [
					{"origin": [2.95659, 16.3038, -3], "size": [3, 2.5, 6], "uv": [64, 49]}
				]
			},
			{
				"name": "bone40",
				"parent": "body",
				"pivot": [-4.5, 19.5, -2.5],
				"rotation": [0, 0, 10],
				"cubes": [
					{"origin": [-6.04341, 16.3038, -3], "size": [3, 2.5, 6], "uv": [64, 41]}
				]
			},
			{
				"name": "bone38",
				"parent": "body",
				"pivot": [4.85, 19, -2.5],
				"rotation": [0, 0, -10],
				"cubes": [
					{"origin": [5.30659, 15.8038, -3], "size": [1, 1, 6], "uv": [64, 57]}
				]
			},
			{
				"name": "bone43",
				"parent": "body",
				"pivot": [-6.9, 19.4, -2.5],
				"rotation": [0, 0, 10],
				"cubes": [
					{"origin": [-6.44341, 16.2038, -3], "size": [1, 1, 6], "uv": [24, 11]}
				]
			},
			{
				"name": "bone37",
				"parent": "body",
				"pivot": [4.75, 19, -3],
				"rotation": [0, 0, -10],
				"cubes": [
					{"origin": [3.20659, 15.8038, -3.5], "size": [3, 1, 1], "uv": [69, 1]}
				]
			},
			{
				"name": "bone39",
				"parent": "body",
				"pivot": [4.75, 19, 4],
				"rotation": [0, 0, -10],
				"cubes": [
					{"origin": [3.20659, 15.8038, 2.5], "size": [3, 1, 1], "uv": [68, 12]}
				]
			},
			{
				"name": "bone41",
				"parent": "body",
				"pivot": [-5.25, 19, 4],
				"rotation": [0, 0, 10],
				"cubes": [
					{"origin": [-6.30101, 15.89062, 2.5], "size": [3, 1, 1], "uv": [62, 0]}
				]
			},
			{
				"name": "bone42",
				"parent": "body",
				"pivot": [-5.25, 19, -2],
				"rotation": [0, 0, 10],
				"cubes": [
					{"origin": [-6.30101, 15.89062, -3.5], "size": [3, 1, 1], "uv": [55, 29]}
				]
			},
			{
				"name": "bone24",
				"parent": "body",
				"pivot": [0, 0, 0],
				"cubes": [
					{"origin": [-2, 14.75, -3.5], "size": [4, 1, 1], "uv": [29, 29]}
				]
			},
			{
				"name": "bone34",
				"parent": "body",
				"pivot": [0, 0, 6],
				"cubes": [
					{"origin": [-2, 14.75, 2.5], "size": [4, 1, 1], "uv": [19, 29]}
				]
			},
			{
				"name": "bone27",
				"parent": "body",
				"pivot": [0, 0.5, 0.25],
				"cubes": [
					{"origin": [-2, 15.25, -3.3], "size": [4, 2.5, 1], "uv": [10, 27]}
				]
			},
			{
				"name": "bone33",
				"parent": "body",
				"pivot": [0, 0.5, 5.75],
				"cubes": [
					{"origin": [-2, 15.25, 2.3], "size": [4, 2.5, 1], "uv": [0, 27]}
				]
			},
			{
				"name": "bone25",
				"parent": "body",
				"pivot": [-2.9887, 16.02915, -3],
				"rotation": [0, 0, 22.5],
				"cubes": [
					{"origin": [-4.39303, 15.29818, -3.5], "size": [3, 1, 1], "uv": [30, 6]}
				]
			},
			{
				"name": "bone35",
				"parent": "body",
				"pivot": [-2.9887, 16.02915, 3],
				"rotation": [0, 0, 22.5],
				"cubes": [
					{"origin": [-4.39303, 15.29818, 2.5], "size": [3, 1, 1], "uv": [8, 30]}
				]
			},
			{
				"name": "bone29",
				"parent": "body",
				"pivot": [-2.79736, 16.49109, -2.75],
				"rotation": [0, 0, 22.5],
				"cubes": [
					{"origin": [-4.20169, 15.76012, -3.25], "size": [3, 2.5, 1], "uv": [47, 29]}
				]
			},
			{
				"name": "bone36",
				"parent": "body",
				"pivot": [-2.79736, 16.49109, 2.75],
				"rotation": [0, 0, 22.5],
				"cubes": [
					{"origin": [-4.20169, 15.76012, 2.25], "size": [3, 2.5, 1], "uv": [39, 29]}
				]
			},
			{
				"name": "bone26",
				"parent": "body",
				"pivot": [3.0113, 16.02915, -3],
				"rotation": [0, 0, -22.5],
				"cubes": [
					{"origin": [1.41563, 15.29818, -3.5], "size": [3, 1, 1], "uv": [0, 30]}
				]
			},
			{
				"name": "bone32",
				"parent": "body",
				"pivot": [3.0113, 16.02915, 3],
				"rotation": [0, 0, -22.5],
				"cubes": [
					{"origin": [1.41563, 15.29818, 2.5], "size": [3, 1, 1], "uv": [0, 17]}
				]
			},
			{
				"name": "bone28",
				"parent": "body",
				"pivot": [2.81996, 16.49109, -2.75],
				"rotation": [0, 0, -22.5],
				"cubes": [
					{"origin": [1.22429, 15.76012, -3.25], "size": [3, 2.5, 1], "uv": [32, 14]}
				]
			},
			{
				"name": "bone31",
				"parent": "body",
				"pivot": [2.81996, 16.49109, 2.75],
				"rotation": [0, 0, -22.5],
				"cubes": [
					{"origin": [1.22429, 15.76012, 2.25], "size": [3, 2.5, 1], "uv": [32, 11]}
				]
			},
			{
				"name": "sittingRotationSkirt",
				"parent": "body",
				"pivot": [0, 10.5, 0],
				"cubes": [
					{"origin": [-4.2, 6, -4.2], "size": [8.4, 2, 8.4], "uv": [30, 0]},
					{"origin": [-3.8, 8, -3.8], "size": [7.6, 2, 7.6], "uv": [56, 3]},
					{"origin": [-3.7, 7.9, -2], "size": [7.4, 2, 4], "uv": [64, 35]},
					{"origin": [-3.4, 10, -3.4], "size": [6.8, 2, 6.8], "uv": [64, 64]},
					{"origin": [-4.6, 4, -4.6], "size": [9.2, 2, 9.2], "uv": [23, 18]},
					{"origin": [-5, 3, -5], "size": [10, 1, 10], "uv": [0, 0]}
				]
			},
			{
				"name": "legLeft",
				"pivot": [2, 9, 0],
				"cubes": [
					{"origin": [0.499, 0, -1.5], "size": [3, 9, 3], "uv": [77, 77]}
				]
			},
			{
				"name": "legRight",
				"pivot": [-2, 9, 0],
				"cubes": [
					{"origin": [-3.499, 0, -1.5], "size": [3, 9, 3], "uv": [74, 12]}
				]
			},
			{
				"name": "wingLeft",
				"pivot": [0.5, 15, 3.25],
				"rotation": [0, 60, 0],
				"cubes": [
					{"origin": [0.75, 1, 3.93301], "size": [0, 36, 32], "uv": [0, 36]}
				]
			},
			{
				"name": "wingRight",
				"pivot": [-0.5, 15, 3.75],
				"rotation": [0, -60, 0],
				"cubes": [
					{"origin": [-1.17321, 1, 4.26603], "size": [0, 36, 32], "uv": [0, 0]}
				]
			}
		]
	}
}