{
	"format_version": "1.10.0",
	"geometry.model": {
		"texturewidth": 128,
		"textureheight": 128,
		"visible_bounds_width": 3,
		"visible_bounds_height": 4,
		"visible_bounds_offset": [0, 1, 0],
		"bones": [
			{
				"name": "head",
				"pivot": [0, 18, 0],
				"cubes": [
					{"origin": [-4, 18, -4], "size": [8, 8, 8], "uv": [0, 14]}
				]
			},
			{
				"name": "braidleft",
				"parent": "head",
				"pivot": [-3.5, 18.1, -3.5],
				"rotation": [-4, 0, 5]
			},
			{
				"name": "left1",
				"parent": "braidleft",
				"pivot": [-3, 16.1, -4],
				"cubes": [
					{"origin": [-4, 16.1, -4], "size": [1, 2, 0], "uv": [33, 34]}
				]
			},
			{
				"name": "left2",
				"parent": "braidleft",
				"pivot": [-4, 16.1, -4],
				"cubes": [
					{"origin": [-4, 16.1, -4], "size": [0, 2, 1], "uv": [0, 10]}
				]
			},
			{
				"name": "braidright",
				"parent": "head",
				"pivot": [3.5, 18.1, -3.5],
				"rotation": [-4, 0, -5]
			},
			{
				"name": "right1",
				"parent": "braidright",
				"pivot": [4, 16.1, -4],
				"cubes": [
					{"origin": [3, 16.1, -4], "size": [1, 2, 0], "uv": [24, 34]}
				]
			},
			{
				"name": "right2",
				"parent": "braidright",
				"pivot": [3, 16.1, -4],
				"cubes": [
					{"origin": [4, 16.1, -4], "size": [0, 2, 1], "uv": [0, 0]}
				]
			},
			{
				"name": "hair",
				"parent": "head",
				"pivot": [0, 0, 0]
			},
			{
				"name": "bone41",
				"parent": "hair",
				"pivot": [4.1, 17.1, 1.8],
				"rotation": [10, 0, -7.5],
				"cubes": [
					{"origin": [4.12611, 16.33001, 1.13747], "size": [0, 2, 1], "uv": [30, 29]}
				]
			},
			{
				"name": "bone54",
				"parent": "hair",
				"pivot": [-4.15, 17.1, 1.8],
				"rotation": [10, 0, 7.5],
				"cubes": [
					{"origin": [-4.12389, 16.33001, 1.13747], "size": [0, 2, 1], "uv": [6, 10]}
				]
			},
			{
				"name": "bone42",
				"parent": "hair",
				"pivot": [4.1, 17.1, 2.9],
				"rotation": [10, 0, -7.5],
				"cubes": [
					{"origin": [4.11305, 16.24973, 2.12177], "size": [0, 2, 1], "uv": [28, 29]}
				]
			},
			{
				"name": "bone53",
				"parent": "hair",
				"pivot": [-4.15, 17.1, 2.9],
				"rotation": [10, 0, 7.5],
				"cubes": [
					{"origin": [-4.13695, 16.24973, 2.12177], "size": [0, 2, 1], "uv": [22, 29]}
				]
			},
			{
				"name": "bone43",
				"parent": "hair",
				"pivot": [4.1, 17.1, 3.9],
				"rotation": [10, 0, -7.5],
				"cubes": [
					{"origin": [4.11305, 16.24973, 3.1318], "size": [0, 2, 1], "uv": [26, 29]}
				]
			},
			{
				"name": "bone52",
				"parent": "hair",
				"pivot": [-4.15, 17.1, 3.9],
				"rotation": [10, 0, 7.5],
				"cubes": [
					{"origin": [-4.13695, 16.24973, 3.1318], "size": [0, 2, 1], "uv": [24, 29]}
				]
			},
			{
				"name": "bone44",
				"parent": "hair",
				"pivot": [3.5, 16.96962, 4.3463],
				"rotation": [10, 0, -6],
				"cubes": [
					{"origin": [3.10497, 16.18745, 4.17313], "size": [1, 2, 0], "uv": [42, 2]}
				]
			},
			{
				"name": "bone45",
				"parent": "hair",
				"pivot": [-3.36764, 17.70215, 4.26389],
				"rotation": [10, 0, 6],
				"cubes": [
					{"origin": [-4.02767, 16.1746, 4.04397], "size": [1, 2, 0], "uv": [42, 0]}
				]
			},
			{
				"name": "bone46",
				"parent": "hair",
				"pivot": [2.49866, 17.09469, 4.1026],
				"rotation": [10, 0, -3.5],
				"cubes": [
					{"origin": [2.09847, 16.08868, 4.10154], "size": [1, 2, 0], "uv": [6, 40]}
				]
			},
			{
				"name": "bone47",
				"parent": "hair",
				"pivot": [-2.47095, 17.11136, 4.10654],
				"rotation": [10, 0, 3.5],
				"cubes": [
					{"origin": [-3.07077, 16.10534, 4.10548], "size": [1, 2, 0], "uv": [2, 40]}
				]
			},
			{
				"name": "bone48",
				"parent": "hair",
				"pivot": [1.39866, 17.09469, 4.1026],
				"rotation": [10, 0, -0.5],
				"cubes": [
					{"origin": [1.0587, 15.89297, 4.1023], "size": [1, 2.3, 0], "uv": [6, 38]}
				]
			},
			{
				"name": "bone49",
				"parent": "hair",
				"pivot": [-1.40134, 17.09469, 4.1026],
				"rotation": [10, 0, 0.5],
				"cubes": [
					{"origin": [-2.00134, 15.89383, 4.10245], "size": [1, 2.3, 0], "uv": [2, 38]}
				]
			},
			{
				"name": "bone50",
				"parent": "hair",
				"pivot": [-0.40134, 17.09469, 4.1026],
				"rotation": [10, 0, 0.5],
				"cubes": [
					{"origin": [-1.00134, 15.79383, 4.10245], "size": [1, 2.4, 0], "uv": [37, 34]}
				]
			},
			{
				"name": "bone51",
				"parent": "hair",
				"pivot": [0.59866, 17.09469, 4.1026],
				"rotation": [10, 0, 0.5],
				"cubes": [
					{"origin": [0.0187, 15.79383, 4.10245], "size": [1, 2.4, 0], "uv": [35, 34]}
				]
			},
			{
				"name": "hat",
				"parent": "head",
				"pivot": [0, 0, 0],
				"cubes": [
					{"origin": [-7, 24.75, -7], "size": [14, 0, 14], "uv": [0, 0]},
					{"origin": [-4, 28.5, -4], "size": [8, 0, 8], "uv": [16, 14]}
				]
			},
			{
				"name": "bone",
				"parent": "hat",
				"pivot": [0, 28.5, -4],
				"rotation": [-10, 0, 0],
				"cubes": [
					{"origin": [-3.5, 24.5, -4], "size": [7, 4, 0], "uv": [50, 27]}
				]
			},
			{
				"name": "bone2",
				"parent": "bone",
				"pivot": [3.5, 26.5, -4.01],
				"rotation": [0, 0, -7.5],
				"cubes": [
					{"origin": [3.2483, 24.52389, -4.01], "size": [1, 4.05, 0], "uv": [0, 38]}
				]
			},
			{
				"name": "bone3",
				"parent": "bone",
				"pivot": [-3.9, 26.5, -4.01],
				"rotation": [0, 0, 7.5],
				"cubes": [
					{"origin": [-4.20171, 24.52389, -4.01], "size": [1, 4.05, 0], "uv": [4, 37]}
				]
			},
			{
				"name": "bone4",
				"parent": "hat",
				"pivot": [0, 28.5, 4],
				"rotation": [10, 0, 0],
				"cubes": [
					{"origin": [-3.5, 24.5, 4], "size": [7, 4, 0], "uv": [50, 23]}
				]
			},
			{
				"name": "bone5",
				"parent": "bone4",
				"pivot": [3.5, 26.5, 3.99],
				"rotation": [0, 0, -7.5],
				"cubes": [
					{"origin": [3.2483, 24.52389, 4.01], "size": [1, 4.05, 0], "uv": [36, 36]}
				]
			},
			{
				"name": "bone6",
				"parent": "bone4",
				"pivot": [-3.9, 26.5, 3.99],
				"rotation": [0, 0, 7.5],
				"cubes": [
					{"origin": [-4.20171, 24.52389, 4.01], "size": [1, 4.05, 0], "uv": [6, 34]}
				]
			},
			{
				"name": "bone7",
				"parent": "hat",
				"pivot": [4, 28.525, 0],
				"rotation": [0, 0, -7],
				"cubes": [
					{"origin": [4, 24.6, -3.6], "size": [0, 4, 7.25], "uv": [0, 23]}
				]
			},
			{
				"name": "bone8",
				"parent": "bone7",
				"pivot": [3.91152, 26.76013, -3.81077],
				"rotation": [-10, 0, -0.5],
				"cubes": [
					{"origin": [3.9915, 24.56013, -4.31077], "size": [0, 4.05, 1], "uv": [2, 33]}
				]
			},
			{
				"name": "bone9",
				"parent": "bone7",
				"pivot": [3.91152, 26.76013, 3.18923],
				"rotation": [10, 0, -0.5],
				"cubes": [
					{"origin": [3.9915, 24.54725, 3.32935], "size": [0, 4, 1], "uv": [4, 33]}
				]
			},
			{
				"name": "bone10",
				"parent": "hat",
				"pivot": [-3.9, 28.525, 0],
				"rotation": [0, 0, 8],
				"cubes": [
					{"origin": [-3.9, 24.5, -3.6], "size": [0, 4, 7.25], "uv": [0, 0]}
				]
			},
			{
				"name": "bone11",
				"parent": "bone10",
				"pivot": [-3.98848, 26.76013, -3.81077],
				"rotation": [-10, 0, -0.5],
				"cubes": [
					{"origin": [-3.9085, 24.56013, -4.31077], "size": [0, 4.05, 1], "uv": [0, 33]}
				]
			},
			{
				"name": "bone12",
				"parent": "bone10",
				"pivot": [-3.98848, 26.76013, 3.18923],
				"rotation": [10, 0, -0.5],
				"cubes": [
					{"origin": [-3.9085, 24.44725, 3.32935], "size": [0, 4.05, 1], "uv": [12, 2]}
				]
			},
			{
				"name": "bone13",
				"parent": "hat",
				"pivot": [3.8, 26.9, -4.5],
				"rotation": [-11.20053, -30.67506, 0.77342],
				"cubes": [
					{"origin": [3.3, 25.9, -5], "size": [1, 2, 1], "uv": [18, 30], "inflate": 0.1}
				]
			},
			{
				"name": "bone14",
				"parent": "bone13",
				"pivot": [1.5, 26.4, -4.5],
				"rotation": [0, 0, -12.5],
				"cubes": [
					{"origin": [-0.5, 25.4, -5], "size": [4, 2, 1], "uv": [9, 54]}
				]
			},
			{
				"name": "bone16",
				"parent": "bone13",
				"pivot": [6, 26.4, -4.5],
				"rotation": [0, 0, 12.5],
				"cubes": [
					{"origin": [4, 25.4, -5], "size": [4, 2, 1], "uv": [53, 46]}
				]
			},
			{
				"name": "bone15",
				"parent": "bone13",
				"pivot": [1.5, 27.3, -4.5],
				"rotation": [0, 0, 12.5],
				"cubes": [
					{"origin": [-0.5, 26.3, -5.01], "size": [4, 2, 1], "uv": [53, 49]}
				]
			},
			{
				"name": "bone17",
				"parent": "bone13",
				"pivot": [6, 27.3, -4.5],
				"rotation": [0, 0, -12.5],
				"cubes": [
					{"origin": [4, 26.3, -5.01], "size": [4, 2, 1], "uv": [53, 37]}
				]
			},
			{
				"name": "blink",
				"parent": "head",
				"pivot": [0, 18, 0],
				"cubes": [
					{"origin": [-4, 18, -4.001], "size": [8, 8, 0], "uv": [0, 44]}
				]
			},
			{
				"name": "armRight",
				"pivot": [-3, 17.5, 0],
				"rotation": [0, 0, 25],
				"cubes": [
					{"origin": [-5, 8.5, -1], "size": [2, 8, 2], "uv": [16, 44]},
					{"origin": [-5.5, 13.5, -1.5], "size": [3, 4, 3], "uv": [24, 34]}
				]
			},
			{
				"name": "armLeft",
				"pivot": [3, 17.5, 0],
				"rotation": [0, 0, -25],
				"cubes": [
					{"origin": [2.5, 13.5, -1.5], "size": [3, 4, 3], "uv": [0, 0]},
					{"origin": [3, 8.5, -1], "size": [2, 8, 2], "uv": [0, 11]}
				]
			},
			{
				"name": "body",
				"pivot": [0, 10.5, 0],
				"cubes": [
					{"origin": [-3, 8.999, -2.7], "size": [6, 9, 5.6], "uv": [40, 9]},
					{"origin": [-0.5, 15.7, -3], "size": [1, 1, 0], "uv": [33, 36]}
				]
			},
			{
				"name": "bone20",
				"parent": "body",
				"pivot": [-0.28689, 14.91229, -2.99],
				"rotation": [0, 0, 17],
				"cubes": [
					{"origin": [-0.78689, 13.91229, -2.99], "size": [1, 2, 0], "uv": [42, 8]}
				]
			},
			{
				"name": "bone21",
				"parent": "body",
				"pivot": [0.31311, 14.91229, -2.99],
				"rotation": [0, 0, -17],
				"cubes": [
					{"origin": [-0.18689, 13.91229, -2.99], "size": [1, 2, 0], "uv": [42, 4]}
				]
			},
			{
				"name": "bone18",
				"parent": "body",
				"pivot": [-0.9, 17.3, -2.7],
				"rotation": [0, 0, -21],
				"cubes": [
					{"origin": [-1.30664, 16.26416, -3.2], "size": [1, 2, 1], "uv": [14, 30]}
				]
			},
			{
				"name": "bone19",
				"parent": "body",
				"pivot": [0.8, 17.3, -2.7],
				"rotation": [0, 0, 21],
				"cubes": [
					{"origin": [0.3, 16.3, -3.2], "size": [1, 2, 1], "uv": [9, 0]}
				]
			},
			{
				"name": "bowknot",
				"parent": "body",
				"pivot": [0.5, 12.2, -6.1]
			},
			{
				"name": "bone22",
				"parent": "bowknot",
				"pivot": [0.5, 12.2, -6.1],
				"cubes": [
					{"origin": [-1, 10.3, 2.9], "size": [2, 2.5, 1], "uv": [8, 11]}
				]
			},
			{
				"name": "bone23",
				"parent": "bowknot",
				"pivot": [0.5, 12.2, 3.4],
				"rotation": [0, -9, -15],
				"cubes": [
					{"origin": [0.31883, 10.52385, 2.9], "size": [4, 2, 1], "uv": [53, 34]}
				]
			},
			{
				"name": "bone25",
				"parent": "bowknot",
				"pivot": [-2.58117, 12.12385, 3.8],
				"rotation": [0, 10, 15],
				"cubes": [
					{"origin": [-4.48605, 11.14973, 3.31677], "size": [4, 2, 1], "uv": [0, 52]}
				]
			},
			{
				"name": "bone26",
				"parent": "bowknot",
				"pivot": [-2.58117, 11.12385, 3.8],
				"rotation": [0, 10, -15],
				"cubes": [
					{"origin": [-4.48605, 10.09797, 3.31677], "size": [4, 2, 1], "uv": [50, 43]}
				]
			},
			{
				"name": "bone24",
				"parent": "bowknot",
				"pivot": [0.5, 11.5, 3.4],
				"rotation": [0, -9, 15],
				"cubes": [
					{"origin": [0.47412, 10.59659, 2.9], "size": [4, 2, 1], "uv": [53, 53]}
				]
			},
			{
				"name": "lineleft",
				"parent": "bowknot",
				"pivot": [0.6, 10.6, 3.7],
				"rotation": [23.5331, 4.85103, -10.98895]
			},
			{
				"name": "bone27",
				"parent": "lineleft",
				"pivot": [0.8427, 10.25285, 3.65],
				"rotation": [0, 0, -27.5],
				"cubes": [
					{"origin": [0.3427, 9.75285, 3.65], "size": [1, 1, 0], "uv": [24, 36]}
				]
			},
			{
				"name": "bone28",
				"parent": "lineleft",
				"pivot": [1.5427, 8.95285, 3.95],
				"rotation": [26, 0, -27.5],
				"cubes": [
					{"origin": [1.02066, 7.98561, 3.9322], "size": [1, 1, 0], "uv": [34, 22]}
				]
			},
			{
				"name": "bone29",
				"parent": "lineleft",
				"pivot": [2.0427, 8.85285, 3.65],
				"rotation": [17, 0, -27.5],
				"cubes": [
					{"origin": [1.12474, 9.09651, 4.02177], "size": [1, 1, 0], "uv": [20, 33]}
				]
			},
			{
				"name": "bone30",
				"parent": "lineleft",
				"pivot": [1.52207, 7.47201, 3.9453],
				"rotation": [1, 0, -27.5],
				"cubes": [
					{"origin": [1.7021, 6.892, 4.3653], "size": [1, 1, 0], "uv": [18, 33]}
				]
			},
			{
				"name": "bone31",
				"parent": "lineleft",
				"pivot": [2.2021, 6.392, 4.3653],
				"rotation": [-11.5, 0, -27.5],
				"cubes": [
					{"origin": [2.27763, 6.07957, 4.2357], "size": [1, 1, 0], "uv": [16, 33]}
				]
			},
			{
				"name": "bone32",
				"parent": "lineleft",
				"pivot": [2.77763, 5.57957, 4.2357],
				"rotation": [-24, 0, -27.5],
				"cubes": [
					{"origin": [2.71779, 5.20054, 3.89396], "size": [1, 1, 0], "uv": [14, 33]}
				]
			},
			{
				"name": "bone33",
				"parent": "lineleft",
				"pivot": [3.21779, 4.70054, 3.89396],
				"rotation": [-39, 0, -27.5],
				"cubes": [
					{"origin": [3.17342, 4.22519, 3.30892], "size": [1, 1, 0], "uv": [32, 22]}
				]
			},
			{
				"name": "lineright",
				"parent": "bowknot",
				"pivot": [-0.7, 10.7, 3.7],
				"rotation": [9.03502, -21.24026, 66.30246]
			},
			{
				"name": "bone34",
				"parent": "lineright",
				"pivot": [-0.4573, 10.35285, 3.65],
				"rotation": [0, 0, -27.5],
				"cubes": [
					{"origin": [-0.9573, 9.85285, 3.65], "size": [1, 1, 0], "uv": [17, 30]}
				]
			},
			{
				"name": "bone35",
				"parent": "lineright",
				"pivot": [0.2427, 9.05285, 3.95],
				"rotation": [26, 0, -27.5],
				"cubes": [
					{"origin": [-0.27934, 8.08561, 3.9322], "size": [1, 1, 0], "uv": [6, 21]}
				]
			},
			{
				"name": "bone36",
				"parent": "lineright",
				"pivot": [0.7427, 8.95285, 3.65],
				"rotation": [17, 0, -27.5],
				"cubes": [
					{"origin": [-0.17526, 9.19651, 4.02177], "size": [1, 1, 0], "uv": [4, 21]}
				]
			},
			{
				"name": "bone37",
				"parent": "lineright",
				"pivot": [0.22207, 7.57201, 3.9453],
				"rotation": [1, 0, -27.5],
				"cubes": [
					{"origin": [0.4021, 6.992, 4.3653], "size": [1, 1, 0], "uv": [2, 21]}
				]
			},
			{
				"name": "bone38",
				"parent": "lineright",
				"pivot": [0.9021, 6.492, 4.3653],
				"rotation": [-11.5, 0, -27.5],
				"cubes": [
					{"origin": [0.97763, 6.17957, 4.2357], "size": [1, 1, 0], "uv": [0, 21]}
				]
			},
			{
				"name": "bone39",
				"parent": "lineright",
				"pivot": [1.47763, 5.67957, 4.2357],
				"rotation": [-24, 0, -27.5],
				"cubes": [
					{"origin": [1.41779, 5.30054, 3.89396], "size": [1, 1, 0], "uv": [12, 0]}
				]
			},
			{
				"name": "bone40",
				"parent": "lineright",
				"pivot": [1.91779, 4.80054, 3.89396],
				"rotation": [-39, 0, -27.5],
				"cubes": [
					{"origin": [1.87342, 4.32519, 3.30892], "size": [1, 1, 0], "uv": [0, 0]}
				]
			},
			{
				"name": "sittingRotationSkirt",
				"parent": "body",
				"pivot": [0, 10.5, 0],
				"cubes": [
					{"origin": [-4.6, 4, -4.5], "size": [9.2, 2, 9.2], "uv": [23, 23]},
					{"origin": [-4.2, 6, -4.1], "size": [8.4, 2, 8.4], "uv": [0, 34]},
					{"origin": [-3.8, 8, -3.7], "size": [7.6, 2, 7.6], "uv": [32, 34]},
					{"origin": [-3.3, 8, -2.9], "size": [6.6, 2, 6], "uv": [0, 57]},
					{"origin": [-3.4, 10, -3.3], "size": [6.8, 2, 6.8], "uv": [42, 0]}
				]
			},
			{
				"name": "legLeft",
				"pivot": [2, 9, 0],
				"cubes": [
					{"origin": [0.499, 0, -1.5], "size": [3, 9, 3], "uv": [41, 43]}
				]
			},
			{
				"name": "legRight",
				"pivot": [-2, 9, 0],
				"cubes": [
					{"origin": [-3.499, 0, -1.5], "size": [3, 9, 3], "uv": [29, 43]}
				]
			}
		]
	}
}