{
	"format_version": "1.10.0",
	"geometry.model": {
		"texturewidth": 64,
		"textureheight": 64,
		"visible_bounds_width": 3,
		"visible_bounds_height": 4,
		"visible_bounds_offset": [0, 1, 0],
		"bones": [
			{
				"name": "head",
				"pivot": [0, 18, 0],
				"cubes": [
					{"origin": [-4, 18, -4], "size": [8, 8, 8], "uv": [0, 0]}
				]
			},
			{
				"name": "braid",
				"parent": "head",
				"pivot": [-3.7, 17.65, -3.7],
				"rotation": [-8, 0, 7],
				"cubes": [
					{"origin": [-4.15, 16.4, -4.15], "size": [1, 2.5, 1], "uv": [42, 0]}
				]
			},
			{
				"name": "braid2",
				"parent": "head",
				"pivot": [3.7, 17.65, -3.7],
				"rotation": [-8, 0, -7],
				"cubes": [
					{"origin": [3.15, 16.4, -4.15], "size": [1, 2.5, 1], "uv": [0, 37]}
				]
			},
			{
				"name": "braid3",
				"parent": "head",
				"pivot": [-3.82068, 16.46711, -3.83917],
				"rotation": [-4, 0, 3],
				"cubes": [
					{"origin": [-4.27068, 15.21711, -4.2892], "size": [1, 2, 1], "uv": [28, 30]}
				]
			},
			{
				"name": "braid4",
				"parent": "head",
				"pivot": [3.67932, 16.46711, -3.83917],
				"rotation": [-4, 0, -3],
				"cubes": [
					{"origin": [3.2593, 15.21711, -4.2892], "size": [1, 2, 1], "uv": [24, 0]}
				]
			},
			{
				"name": "hair",
				"parent": "head",
				"pivot": [-4, 16, 1.5],
				"rotation": [9, 0, 8],
				"cubes": [
					{"origin": [-4.5, 12.45307, 1.29631], "size": [1, 7, 1], "uv": [24, 27]}
				]
			},
			{
				"name": "hair2",
				"parent": "head",
				"pivot": [3.9, 16, 1.5],
				"rotation": [9, 0, -8],
				"cubes": [
					{"origin": [3.5, 12.45307, 1.29631], "size": [1, 7, 1], "uv": [4, 27]}
				]
			},
			{
				"name": "hair3",
				"parent": "head",
				"pivot": [3.96873, 15.51096, 2.77822],
				"rotation": [9, 0, -8],
				"cubes": [
					{"origin": [3.56873, 11.97967, 2.47575], "size": [1, 7.5, 1], "uv": [0, 27]}
				]
			},
			{
				"name": "hair4",
				"parent": "head",
				"pivot": [-4.03127, 15.51096, 2.77822],
				"rotation": [9, 0, 8],
				"cubes": [
					{"origin": [-4.55, 11.96593, 2.47358], "size": [1, 7.5, 1], "uv": [0, 0]}
				]
			},
			{
				"name": "hair5",
				"parent": "head",
				"pivot": [-4, 15.02192, 4.05643],
				"rotation": [9, 0, 6],
				"cubes": [
					{"origin": [-4.4891, 11.49253, 3.65303], "size": [1, 8, 1], "uv": [40, 52]}
				]
			},
			{
				"name": "hair6",
				"parent": "head",
				"pivot": [4.1, 15.02192, 4.05643],
				"rotation": [9, 0, -6],
				"cubes": [
					{"origin": [3.4809, 11.49253, 3.65303], "size": [1, 8, 1], "uv": [50, 18]}
				]
			},
			{
				"name": "hair7",
				"parent": "head",
				"pivot": [2.80689, 14.9234, 4.07208],
				"rotation": [9, 0, -4],
				"cubes": [
					{"origin": [2.14803, 10.6509, 3.66976], "size": [1, 8.5, 1], "uv": [48, 7]}
				]
			},
			{
				"name": "hair8",
				"parent": "head",
				"pivot": [-2.69311, 14.9234, 4.07208],
				"rotation": [9, 0, 4],
				"cubes": [
					{"origin": [-3.15245, 10.6509, 3.66976], "size": [1, 8.5, 1], "uv": [0, 16]}
				]
			},
			{
				"name": "hair9",
				"parent": "head",
				"pivot": [-1.51035, 14.42985, 4.1503],
				"rotation": [9, 0, 2],
				"cubes": [
					{"origin": [-1.86957, 10.15736, 3.74798], "size": [1, 9, 1], "uv": [36, 52]}
				]
			},
			{
				"name": "hair10",
				"parent": "head",
				"pivot": [1.58783, 14.42515, 4.1503],
				"rotation": [9, 0, -2],
				"cubes": [
					{"origin": [0.82885, 10.15266, 3.74798], "size": [1, 9, 1], "uv": [32, 52]}
				]
			},
			{
				"name": "hair11",
				"parent": "head",
				"pivot": [0.08783, 14.42515, 4.1503],
				"rotation": [9, 0, 0],
				"cubes": [
					{"origin": [-0.513, 9.64576, 3.74689], "size": [1, 9.5, 1], "uv": [28, 52]}
				]
			},
			{
				"name": "les",
				"parent": "head",
				"pivot": [0, 0, 0],
				"cubes": [
					{"origin": [-4.3, 25.5, -0.5], "size": [8.6, 1, 1], "uv": [24, 6]},
					{"origin": [-3.5, 25.75, -0.5], "size": [1, 1, 1], "uv": [57, 16]},
					{"origin": [-1.5, 26, -0.5], "size": [1, 1, 1], "uv": [57, 6]},
					{"origin": [2.5, 25.75, -0.5], "size": [1, 1, 1], "uv": [55, 57]},
					{"origin": [0.5, 26, -0.5], "size": [1, 1, 1], "uv": [56, 32]},
					{"origin": [-2.5, 26, 0.5], "size": [5, 1, 0], "uv": [28, 29]},
					{"origin": [3.75, 24.5, -0.5], "size": [1, 1, 1], "uv": [56, 30]},
					{"origin": [-4.75, 24.5, -0.5], "size": [1, 1, 1], "uv": [56, 28]},
					{"origin": [3.25, 22.5, -0.5], "size": [2, 1, 1], "uv": [41, 41]},
					{"origin": [-5.25, 22.5, -0.5], "size": [2, 1, 1], "uv": [29, 40]},
					{"origin": [4, 21.5, 0.5], "size": [1, 3, 0], "uv": [46, 0]},
					{"origin": [-5, 21.5, 0.5], "size": [1, 3, 0], "uv": [45, 29]}
				]
			},
			{
				"name": "blink",
				"parent": "head",
				"pivot": [0, 18, 0],
				"cubes": [
					{"origin": [-4, 18, -4.001], "size": [8, 8, 0], "uv": [44, 44]}
				]
			},
			{
				"name": "armRight",
				"pivot": [-3, 17.5, 0],
				"rotation": [0, 0, 25],
				"cubes": [
					{"origin": [-5, 8.5, -1], "size": [2, 8, 2], "uv": [20, 52]},
					{"origin": [-5.5, 13.5, -1.5], "size": [3, 4, 3], "uv": [46, 0]},
					{"origin": [-5.25, 13, -1.25], "size": [2.5, 1, 2.5], "uv": [15, 37]}
				]
			},
			{
				"name": "armLeft",
				"pivot": [3, 17.5, 0],
				"rotation": [0, 0, -25],
				"cubes": [
					{"origin": [2.5, 13.5, -1.5], "size": [3, 4, 3], "uv": [44, 29]},
					{"origin": [2.75, 13, -1.25], "size": [2.5, 1, 2.5], "uv": [27, 20]},
					{"origin": [3, 8.5, -1], "size": [2, 8, 2], "uv": [12, 48]}
				]
			},
			{
				"name": "body",
				"pivot": [0, 10.5, 0],
				"cubes": [
					{"origin": [-2.5, 11.999, -2.5], "size": [5, 6, 5], "uv": [0, 37]},
					{"origin": [-2.5, 11.999, -3], "size": [5, 2, 0], "uv": [27, 18]},
					{"origin": [-3.5, 12, -3], "size": [1, 1, 1], "uv": [52, 56]},
					{"origin": [-3.5, 12, 2], "size": [1, 1, 1], "uv": [55, 55]},
					{"origin": [2.5, 12, -3], "size": [1, 1, 1], "uv": [55, 35]},
					{"origin": [2.5, 12, 2], "size": [1, 1, 1], "uv": [55, 10]},
					{"origin": [-3.5, 17, -3], "size": [1, 1, 1], "uv": [8, 56]},
					{"origin": [-3.5, 17, 2], "size": [1, 1, 1], "uv": [55, 8]},
					{"origin": [2.5, 17, -3], "size": [1, 1, 1], "uv": [55, 39]},
					{"origin": [2.5, 17, 2], "size": [1, 1, 1], "uv": [55, 14]},
					{"origin": [-3.5, 14.5, -3], "size": [1, 1, 1], "uv": [55, 53]},
					{"origin": [-3.5, 14.5, 2], "size": [1, 1, 1], "uv": [55, 0]},
					{"origin": [2.5, 14.5, -3], "size": [1, 1, 1], "uv": [55, 37]},
					{"origin": [2.5, 14.5, 2], "size": [1, 1, 1], "uv": [55, 12]},
					{"origin": [-3.5, 13, -2], "size": [1, 4, 0], "uv": [6, 56]},
					{"origin": [-3, 12, -3], "size": [0, 6, 1], "uv": [50, 35]},
					{"origin": [-3, 12, 2], "size": [0, 6, 1], "uv": [32, 7]},
					{"origin": [3, 12, 2], "size": [0, 6, 1], "uv": [4, 15]},
					{"origin": [3, 12, -3], "size": [0, 6, 1], "uv": [4, 0]},
					{"origin": [-3.5, 13, 3], "size": [1, 4, 0], "uv": [0, 56]},
					{"origin": [2.5, 13, -2], "size": [1, 4, 0], "uv": [4, 56]},
					{"origin": [2, 12, -3], "size": [1, 6, 0], "uv": [50, 52]},
					{"origin": [-3, 12, -3], "size": [1, 6, 0], "uv": [48, 52]},
					{"origin": [-3, 18, -3], "size": [1, 0, 6], "uv": [0, 16]},
					{"origin": [2, 18, -3], "size": [1, 0, 6], "uv": [0, 0]},
					{"origin": [2.5, 13, 3], "size": [1, 4, 0], "uv": [2, 56]},
					{"origin": [2, 12, 3], "size": [1, 6, 0], "uv": [46, 52]},
					{"origin": [-3, 12, 3], "size": [1, 6, 0], "uv": [44, 52]},
					{"origin": [-3, 8.999, -3], "size": [6, 3, 6], "uv": [26, 31]}
				]
			},
			{
				"name": "bone",
				"parent": "body",
				"pivot": [-1, 17.5, -2.5],
				"rotation": [0, 0, -20],
				"cubes": [
					{"origin": [-1.31206, 16.4316, -3], "size": [1, 1.75, 1], "uv": [54, 42]},
					{"origin": [-0.65048, 14.59453, -3.05], "size": [1, 2, 0], "uv": [6, 6]}
				]
			},
			{
				"name": "bone2",
				"parent": "body",
				"pivot": [1, 17.5, -2.5],
				"rotation": [0, 0, 20],
				"cubes": [
					{"origin": [0.31206, 16.4316, -3], "size": [1, 1.75, 1], "uv": [54, 25]},
					{"origin": [-0.34952, 14.59453, -3.05], "size": [1, 2, 0], "uv": [27, 20]}
				]
			},
			{
				"name": "bone3",
				"parent": "body",
				"pivot": [0, 0, 0]
			},
			{
				"name": "bone4",
				"parent": "bone3",
				"pivot": [0, 0, 0],
				"cubes": [
					{"origin": [-0.75, 10.75, 3.25], "size": [1.5, 2, 1], "uv": [4, 22]}
				]
			},
			{
				"name": "bone5",
				"parent": "bone3",
				"pivot": [-1.5, 11.3, 3.75],
				"rotation": [0, 11, -12],
				"cubes": [
					{"origin": [-2.90398, 10.67921, 3.26866], "size": [3, 1.5, 1], "uv": [15, 40]}
				]
			},
			{
				"name": "bone7",
				"parent": "bone3",
				"pivot": [1.5, 11.3, 3.75],
				"rotation": [0, -11, 12],
				"cubes": [
					{"origin": [0.09602, 10.67921, 3.26866], "size": [3, 1.5, 1], "uv": [37, 18]}
				]
			},
			{
				"name": "bone6",
				"parent": "bone3",
				"pivot": [-1.5, 12.2, 3.75],
				"rotation": [0, 11, 12],
				"cubes": [
					{"origin": [-2.93, 11.37625, 3.25856], "size": [3, 1.5, 1], "uv": [37, 29]}
				]
			},
			{
				"name": "bone8",
				"parent": "bone3",
				"pivot": [1.5, 12.2, 3.75],
				"rotation": [0, -11, -12],
				"cubes": [
					{"origin": [0.07, 11.37625, 3.25856], "size": [3, 1.5, 1], "uv": [27, 23]}
				]
			},
			{
				"name": "line",
				"parent": "bone3",
				"pivot": [-0.5, 10.8, 4],
				"rotation": [0, 17, -25],
				"cubes": [
					{"origin": [-1, 10.05, 4], "size": [1, 1, 0], "uv": [31, 30]}
				]
			},
			{
				"name": "line4",
				"parent": "bone3",
				"pivot": [0.5, 10.8, 4],
				"rotation": [0, -17, 25],
				"cubes": [
					{"origin": [0, 10.05, 4], "size": [1, 1, 0], "uv": [26, 3]}
				]
			},
			{
				"name": "line2",
				"parent": "bone3",
				"pivot": [-0.86671, 10.39585, 4.19237],
				"rotation": [0, 10, -25],
				"cubes": [
					{"origin": [-1.8293, 9.85716, 4.15551], "size": [1, 1, 0], "uv": [27, 27]}
				]
			},
			{
				"name": "line5",
				"parent": "bone3",
				"pivot": [1.72255, 9.95423, 4.20974],
				"rotation": [0, -12.5, 25],
				"cubes": [
					{"origin": [0.7447, 9.4555, 4.3598], "size": [1, 1, 0], "uv": [24, 3]}
				]
			},
			{
				"name": "line6",
				"parent": "bone3",
				"pivot": [1.70737, 9.94163, 4.42618],
				"rotation": [0, 5, 25],
				"cubes": [
					{"origin": [1.69091, 9.46073, 4.3631], "size": [1, 1, 0], "uv": [7, 22]}
				]
			},
			{
				"name": "line7",
				"parent": "bone3",
				"pivot": [2.61023, 9.52062, 4.33902],
				"rotation": [0, 15, 25],
				"cubes": [
					{"origin": [2.59377, 9.03972, 4.27594], "size": [1, 1, 0], "uv": [4, 7]}
				]
			},
			{
				"name": "line3",
				"parent": "bone3",
				"pivot": [-1.75925, 9.97965, 4.36602],
				"rotation": [0, -5, -25],
				"cubes": [
					{"origin": [-2.72184, 9.44096, 4.32916], "size": [1, 1, 0], "uv": [3, 27]}
				]
			},
			{
				"name": "line8",
				"parent": "bone3",
				"pivot": [-2.6621, 9.55864, 4.27886],
				"rotation": [0, -15, -25],
				"cubes": [
					{"origin": [-3.62469, 9.01995, 4.24201], "size": [1, 1, 0], "uv": [3, 0]}
				]
			},
			{
				"name": "sittingRotationSkirt",
				"parent": "body",
				"pivot": [0, 10.5, 0],
				"cubes": [
					{"origin": [-4.5, 4, -4.5], "size": [9, 2, 9], "uv": [0, 16]},
					{"origin": [-4.1, 6, -4.1], "size": [8.2, 2, 8.2], "uv": [0, 27]},
					{"origin": [-3.5, 10, -3.5], "size": [7, 2, 7], "uv": [29, 20]},
					{"origin": [-3.8, 8, -3.8], "size": [7.6, 2, 7.6], "uv": [27, 9]},
					{"origin": [-3.5, 7.5, -2], "size": [7, 2, 4], "uv": [24, 0]}
				]
			},
			{
				"name": "bone9",
				"parent": "sittingRotationSkirt",
				"pivot": [0, 8.76699, -4.5117],
				"rotation": [-16, 0, 0],
				"cubes": [
					{"origin": [-3, 6.157, -4.4417], "size": [6, 6, 0], "uv": [0, 48]},
					{"origin": [-3, 10.61699, -4.9117], "size": [1, 1, 1], "uv": [54, 23]},
					{"origin": [-3, 8.61699, -4.9117], "size": [1, 1, 1], "uv": [54, 21]},
					{"origin": [-3, 6.61699, -4.9117], "size": [1, 1, 1], "uv": [54, 19]},
					{"origin": [-2, 5.76699, -4.9117], "size": [1, 1, 1], "uv": [4, 54]},
					{"origin": [1, 5.76699, -4.9117], "size": [1, 1, 1], "uv": [0, 54]},
					{"origin": [-0.5, 5.76699, -4.9117], "size": [1, 1, 1], "uv": [53, 29]},
					{"origin": [2, 6.61699, -4.9117], "size": [1, 1, 1], "uv": [54, 17]},
					{"origin": [2, 8.61699, -4.9117], "size": [1, 1, 1], "uv": [52, 54]},
					{"origin": [2, 10.61699, -4.9117], "size": [1, 1, 1], "uv": [8, 54]}
				]
			},
			{
				"name": "les2",
				"parent": "sittingRotationSkirt",
				"pivot": [0, -2.5, 1.5],
				"cubes": [
					{"origin": [-3.5, 3.75, -5], "size": [1, 1, 1], "uv": [52, 40]},
					{"origin": [-1.5, 3.75, -5], "size": [1, 1, 1], "uv": [52, 38]},
					{"origin": [0.5, 3.75, -5], "size": [1, 1, 1], "uv": [52, 36]},
					{"origin": [2.5, 3.75, -5], "size": [1, 1, 1], "uv": [52, 13]},
					{"origin": [4, 3.75, -3.5], "size": [1, 1, 1], "uv": [52, 11]},
					{"origin": [4, 3.75, -1.5], "size": [1, 1, 1], "uv": [52, 9]},
					{"origin": [4, 3.75, 0.5], "size": [1, 1, 1], "uv": [52, 7]},
					{"origin": [4, 3.75, 2.5], "size": [1, 1, 1], "uv": [52, 52]},
					{"origin": [2.5, 3.75, 4], "size": [1, 1, 1], "uv": [50, 42]},
					{"origin": [0.5, 3.75, 4], "size": [1, 1, 1], "uv": [46, 42]},
					{"origin": [-1.5, 3.75, 4], "size": [1, 1, 1], "uv": [46, 40]},
					{"origin": [-3.5, 3.75, 4], "size": [1, 1, 1], "uv": [45, 18]},
					{"origin": [-5, 3.75, 2.5], "size": [1, 1, 1], "uv": [41, 7]},
					{"origin": [-5, 3.75, 0.5], "size": [1, 1, 1], "uv": [0, 40]},
					{"origin": [-5, 3.75, -1.5], "size": [1, 1, 1], "uv": [21, 37]},
					{"origin": [-5, 3.75, -3.5], "size": [1, 1, 1], "uv": [28, 33]}
				]
			},
			{
				"name": "legLeft",
				"pivot": [2, 9, 0],
				"cubes": [
					{"origin": [0.499, 0, -1.5], "size": [3, 9, 3], "uv": [32, 40]}
				]
			},
			{
				"name": "legRight",
				"pivot": [-2, 9, 0],
				"cubes": [
					{"origin": [-3.499, 0, -1.5], "size": [3, 9, 3], "uv": [20, 40]}
				]
			}
		]
	}
}