{
	"pack_name": "{maid_pack.violet_evergarden.name}",
	"description": [
		"{maid_pack.violet_evergarden.desc.1}",
		"{maid_pack.violet_evergarden.desc.2}",
		"{maid_pack.violet_evergarden.desc.3}"
	],
	"author": [
		"hanaya_baka"
	],
	"date": "2020-08-20",
	"icon": "violet_evergarden:textures/maid_icon.png",
	"version": "1.0.0",
	"model_list": [
		{
			"model_id": "violet_evergarden:violet_evergarden1",
			"description":["{model.violet_evergarden.violet_evergarden1.desc}"],
			"animation": [
				"touhou_little_maid:animation/maid/default/head/default.js",
				"touhou_little_maid:animation/maid/default/head/beg.js",
				"touhou_little_maid:animation/maid/default/head/music_shake.js",
				"touhou_little_maid:animation/maid/default/arm/default.js",
				"touhou_little_maid:animation/maid/default/arm/swing.js",
				"touhou_little_maid:animation/maid/default/leg/default.js",
				"touhou_little_maid:animation/maid/default/sit/default.js",
				"touhou_little_maid:animation/maid/default/head/blink.js"
			]
		},
		{
			"model_id": "violet_evergarden:violet_evergarden2",
			"description":["{model.violet_evergarden.violet_evergarden2.desc}"],
			"animation": [
				"touhou_little_maid:animation/maid/default/head/default.js",
				"touhou_little_maid:animation/maid/default/head/beg.js",
				"touhou_little_maid:animation/maid/default/head/music_shake.js",
				"touhou_little_maid:animation/maid/default/arm/default.js",
				"touhou_little_maid:animation/maid/default/arm/swing.js",
				"touhou_little_maid:animation/maid/default/leg/default.js",
				"touhou_little_maid:animation/maid/default/sit/default.js",
				"touhou_little_maid:animation/maid/default/head/blink.js",
				"touhou_little_maid:animation/maid/default/sit/skirt_rotation.js"
			]
		}
	]
}