{
	"format_version": "1.10.0",
	"geometry.model": {
		"texturewidth": 64,
		"textureheight": 64,
		"visible_bounds_width": 3,
		"visible_bounds_height": 4,
		"visible_bounds_offset": [0, 1, 0],
		"bones": [
			{
				"name": "head",
				"pivot": [0, 18, 0],
				"cubes": [
					{"origin": [-4, 18, -4], "size": [8, 8, 8], "uv": [0, 13]},
					{"origin": [-4.25, 19.75, -4.25], "size": [8.5, 6.5, 8.5], "uv": [0, 34]}
				]
			},
			{
				"name": "blink",
				"parent": "head",
				"pivot": [0, 18, 0],
				"cubes": [
					{"origin": [-4, 18, -4.001], "size": [8, 8, 0], "uv": [24, 49]}
				]
			},
			{
				"name": "bone8",
				"parent": "head",
				"pivot": [-2, 26, 2],
				"rotation": [0, 0, 40],
				"cubes": [
					{"origin": [-3.85871, 23.71967, 2], "size": [3, 3.5, 1], "uv": [0, 37]}
				]
			},
			{
				"name": "bone9",
				"parent": "head",
				"pivot": [2, 25, 2],
				"rotation": [0, 0, 52.5],
				"cubes": [
					{"origin": [0.07688, 24.59143, 2], "size": [2.25, 3, 1], "uv": [53, 10]}
				]
			},
			{
				"name": "bone10",
				"parent": "head",
				"pivot": [3.25, 29.25, 4],
				"rotation": [0, 0, 55],
				"cubes": [
					{"origin": [5.43897, 28.41178, 0], "size": [4, 0, 5], "uv": [19, 13]}
				]
			},
			{
				"name": "bone11",
				"parent": "head",
				"pivot": [-5, 26, 2],
				"rotation": [0, 0, -20],
				"cubes": [
					{"origin": [-5.20973, 25.97841, 1], "size": [2, 0, 3], "uv": [21, 18]}
				]
			},
			{
				"name": "armRight",
				"pivot": [-3, 17.5, 0],
				"rotation": [0, 0, 25],
				"cubes": [
					{"origin": [-5, 8.5, -1], "size": [2, 8, 2], "uv": [50, 22]},
					{"origin": [-5.5, 9.5, -1.5], "size": [3, 8, 3], "uv": [52, 52]}
				]
			},
			{
				"name": "armLeft",
				"pivot": [3, 17.5, 0],
				"rotation": [0, 0, -25],
				"cubes": [
					{"origin": [2.5, 9.5, -1.5], "size": [3, 8, 3], "uv": [40, 49]},
					{"origin": [3, 8.5, -1], "size": [2, 8, 2], "uv": [0, 0]}
				]
			},
			{
				"name": "body",
				"pivot": [0, 10.5, 0],
				"cubes": [
					{"origin": [-3, 8.999, -3], "size": [6, 9, 6], "uv": [32, 34]},
					{"origin": [-1, 13.5, -4], "size": [2, 1, 1], "uv": [28, 18]}
				]
			},
			{
				"name": "sittingRotationSkirt",
				"parent": "body",
				"pivot": [0, 10.5, 0],
				"cubes": [
					{"origin": [-4.5, 6, -4.5], "size": [9, 2, 9], "uv": [23, 23]},
					{"origin": [-4, 8, -4], "size": [8, 2, 8], "uv": [32, 0]},
					{"origin": [-3.5, 10, -3.5], "size": [7, 2, 7], "uv": [32, 13]},
					{"origin": [-5.5, 3.5, -5.25], "size": [11, 3, 10.75], "uv": [0, 0]}
				]
			},
			{
				"name": "bone6",
				"parent": "body",
				"pivot": [-0.75, 10.5, 0],
				"rotation": [-10, 0, 2.5],
				"cubes": [
					{"origin": [-2.00906, 6.46199, -4.16962], "size": [1.25, 7, 1], "uv": [32, 0]}
				]
			},
			{
				"name": "bone7",
				"parent": "body",
				"pivot": [0.5, 11.5, 0],
				"rotation": [-7.5, 0, 0],
				"cubes": [
					{"origin": [0.80071, 6.69342, -4.15712], "size": [1, 7, 1], "uv": [32, 0]}
				]
			},
			{
				"name": "bone12",
				"parent": "body",
				"pivot": [3, 14.5, 0],
				"rotation": [0, 0, -17.5],
				"cubes": [
					{"origin": [3.25, 7.5, -2], "size": [0, 8, 4], "uv": [0, 25]}
				]
			},
			{
				"name": "bone13",
				"parent": "body",
				"pivot": [-2.75, 15.5, -2],
				"rotation": [0, 0, 15],
				"cubes": [
					{"origin": [-3, 7.5, -2], "size": [0, 8, 4], "uv": [0, 9]}
				]
			},
			{
				"name": "legLeft",
				"pivot": [2, 9, 0],
				"cubes": [
					{"origin": [0.499, 0, -1.5], "size": [3, 9, 3], "uv": [12, 48]}
				]
			},
			{
				"name": "legRight",
				"pivot": [-2, 9, 0],
				"cubes": [
					{"origin": [-3.499, 0, -1.5], "size": [3, 9, 3], "uv": [0, 48]}
				]
			},
			{
				"name": "tail",
				"pivot": [0, 8, 4],
				"rotation": [-12.5, 0, 0],
				"cubes": [
					{"origin": [-1, 7, 4], "size": [2, 2, 3], "uv": [50, 34]}
				]
			},
			{
				"name": "bone",
				"parent": "tail",
				"pivot": [0, 7.29523, 3.74348],
				"rotation": [12.5, 0, 0],
				"cubes": [
					{"origin": [-1.5, 5.95886, 5.65458], "size": [3, 2.75, 3.25], "uv": [8, 29]}
				]
			},
			{
				"name": "bone2",
				"parent": "tail",
				"pivot": [0, 6.46177, 5.30244],
				"rotation": [32.5, 0, 0],
				"cubes": [
					{"origin": [-2, 4.91455, 8.69392], "size": [4, 3, 3], "uv": [24, 34]}
				]
			},
			{
				"name": "bone3",
				"parent": "tail",
				"pivot": [0, 8.99607, 12.24685],
				"rotation": [75, 0, 0],
				"cubes": [
					{"origin": [-1.5, 9.99128, 11.65022], "size": [3, 1.5, 2], "uv": [17, 29]}
				]
			}
		]
	}
}