{
	"format_version": "1.10.0",
	"geometry.model": {
		"texturewidth": 64,
		"textureheight": 64,
		"visible_bounds_width": 3,
		"visible_bounds_height": 4,
		"visible_bounds_offset": [0, 1, 0],
		"bones": [
			{
				"name": "head",
				"pivot": [0, 18, 0],
				"cubes": [
					{"origin": [-4, 18, -4], "size": [8, 8, 8], "uv": [0, 0]},
					{"origin": [-5, 19, 3], "size": [2, 7.25, 2], "uv": [33, 46]}
				]
			},
			{
				"name": "blink",
				"parent": "head",
				"pivot": [0, 18, 0],
				"cubes": [
					{"origin": [-4, 18, -4.001], "size": [8, 8, 0], "uv": [24, 0]}
				]
			},
			{
				"name": "bone2",
				"parent": "head",
				"pivot": [-3.75, 25.75, 3.5],
				"cubes": [
					{"origin": [-4.5, 25.75, 2.75], "size": [1, 1, 1], "uv": [42, 50]}
				]
			},
			{
				"name": "bone3",
				"parent": "head",
				"pivot": [-2.5, 26.5, 4.25],
				"cubes": [
					{"origin": [-3.5, 26, 3.5], "size": [1, 1, 1], "uv": [42, 50]}
				]
			},
			{
				"name": "bone4",
				"parent": "head",
				"pivot": [-3.75, 27, 3],
				"cubes": [
					{"origin": [-3.93844, 26.09001, 2], "size": [1, 1, 1], "uv": [42, 50]}
				]
			},
			{
				"name": "bone5",
				"parent": "head",
				"pivot": [-2.75, 26.75, 2.75],
				"cubes": [
					{"origin": [-3.25, 26.25, 2.25], "size": [1, 0.5, 1], "uv": [42, 50]}
				]
			},
			{
				"name": "bone6",
				"parent": "head",
				"pivot": [-2, 26.25, 3],
				"cubes": [
					{"origin": [-3, 26.25, 3], "size": [1, 1, 1], "uv": [42, 50]}
				]
			},
			{
				"name": "armRight",
				"pivot": [-3, 17.5, 0],
				"rotation": [0, 0, 25],
				"cubes": [
					{"origin": [-5, 8.5, -1], "size": [2, 8, 2], "uv": [24, 43]},
					{"origin": [-5.5, 14.5, -1.5], "size": [3, 3, 3], "uv": [41, 43]}
				]
			},
			{
				"name": "armLeft",
				"pivot": [3, 17.5, 0],
				"rotation": [0, 0, -25],
				"cubes": [
					{"origin": [2.5, 14.5, -1.5], "size": [3, 3, 3], "uv": [12, 43]},
					{"origin": [3, 8.5, -1], "size": [2, 8, 2], "uv": [40, 0]}
				]
			},
			{
				"name": "body",
				"pivot": [0, 10.5, 0],
				"cubes": [
					{"origin": [-3, 8.999, -3], "size": [6, 9, 6], "uv": [27, 10]}
				]
			},
			{
				"name": "sittingRotationSkirt",
				"parent": "body",
				"pivot": [0, 10.5, 0],
				"cubes": [
					{"origin": [-4.5, 6, -4.5], "size": [9, 2, 9], "uv": [0, 16]},
					{"origin": [-4, 8, -4], "size": [8, 2, 8], "uv": [0, 27]},
					{"origin": [-3.5, 10, -3.5], "size": [7, 2, 7], "uv": [29, 25]}
				]
			},
			{
				"name": "legLeft",
				"pivot": [2, 9, 0],
				"cubes": [
					{"origin": [0.499, 0, -1.5], "size": [3, 9, 3], "uv": [0, 43]}
				]
			},
			{
				"name": "legRight",
				"pivot": [-2, 9, 0],
				"cubes": [
					{"origin": [-3.499, 0, -1.5], "size": [3, 9, 3], "uv": [32, 34]}
				]
			},
			{
				"name": "wingLeft",
				"pivot": [0.5, 15, 3.25],
				"rotation": [0, 60, 0],
				"cubes": [
					{"origin": [1.36603, 12, 3], "size": [0, 6, 8], "uv": [16, 29]}
				]
			},
			{
				"name": "wingRight",
				"pivot": [-0.5, 15, 3.75],
				"rotation": [0, -60, 0],
				"cubes": [
					{"origin": [-1.36603, 12, 3], "size": [0, 6, 8], "uv": [0, 29]}
				]
			}
		]
	}
}