{
	"format_version": "1.10.0",
	"geometry.model": {
		"texturewidth": 64,
		"textureheight": 64,
		"visible_bounds_width": 3,
		"visible_bounds_height": 4,
		"visible_bounds_offset": [0, 1, 0],
		"bones": [
			{
				"name": "head",
				"pivot": [0, 18, 0],
				"cubes": [
					{"origin": [-4, 18, -4], "size": [8, 8, 8], "uv": [0, 16]}
				]
			},
			{
				"name": "ahoge",
				"parent": "head",
				"pivot": [0, 26, -0.5],
				"cubes": [
					{"origin": [-5, 23, -5], "size": [10, 6, 10], "uv": [0, 0]}
				]
			},
			{
				"name": "bone",
				"parent": "ahoge",
				"pivot": [5.5, 31, -0.5],
				"rotation": [0, 0, 30],
				"cubes": [
					{"origin": [3.10048, 27.32596, -1.5], "size": [4, 4, 3], "uv": [21, 46]}
				]
			},
			{
				"name": "bone2",
				"parent": "ahoge",
				"pivot": [-5.5, 31, -0.5],
				"rotation": [0, 0, -30],
				"cubes": [
					{"origin": [-7.10048, 27.32596, -1.5], "size": [4, 4, 3], "uv": [45, 45]}
				]
			},
			{
				"name": "bone3",
				"parent": "ahoge",
				"pivot": [-6.5, 28.5, 0],
				"rotation": [0, 0, -30],
				"cubes": [
					{"origin": [-10.25, 27.56699, -1.25], "size": [4.25, 2.75, 2.5], "uv": [48, 19]}
				]
			},
			{
				"name": "bone5",
				"parent": "bone3",
				"pivot": [-6.5, 28.5, 0],
				"cubes": [
					{"origin": [-10, 24.90192, -1], "size": [3.25, 3, 2], "uv": [43, 52]}
				]
			},
			{
				"name": "bone8",
				"parent": "bone5",
				"pivot": [-9.5, 25.40192, 0],
				"rotation": [0, 0, 55],
				"cubes": [
					{"origin": [-10.75, 24.15192, -0.5], "size": [2.75, 2.75, 1], "uv": [0, 32]}
				]
			},
			{
				"name": "bone4",
				"parent": "ahoge",
				"pivot": [6.5, 29.5, 0],
				"rotation": [0, 0, 30],
				"cubes": [
					{"origin": [6.46651, 27.69199, -1.25], "size": [4.25, 2.75, 2.5], "uv": [36, 19]}
				]
			},
			{
				"name": "bone6",
				"parent": "bone4",
				"pivot": [6.5, 29.5, 0],
				"cubes": [
					{"origin": [7.27452, 24.8774, -1], "size": [3.25, 3, 2], "uv": [50, 23]}
				]
			},
			{
				"name": "bone7",
				"parent": "bone6",
				"pivot": [9.92404, 25.56282, -0.25],
				"rotation": [0, 0, -47.5],
				"cubes": [
					{"origin": [8.54904, 24.18782, -0.75], "size": [2.75, 2.75, 1], "uv": [33, 34]}
				]
			},
			{
				"name": "blink",
				"parent": "head",
				"pivot": [0, 18, 0],
				"cubes": [
					{"origin": [-4, 18, -4.001], "size": [8, 8, 0], "uv": [27, 54]}
				]
			},
			{
				"name": "sidai",
				"parent": "head",
				"pivot": [0, 18, 0]
			},
			{
				"name": "left",
				"parent": "sidai",
				"pivot": [-3.5, 22.75, 5.25],
				"rotation": [22.5, 0, 35],
				"cubes": [
					{"origin": [-4.75, 16.57664, 5.1147], "size": [1.75, 7, 0], "uv": [24, 53]}
				]
			},
			{
				"name": "bone9",
				"parent": "left",
				"pivot": [-3.875, 16.57664, 5.1157],
				"rotation": [-35, 0, 0],
				"cubes": [
					{"origin": [-4.75, 9.57664, 5.1157], "size": [1.75, 7, 0], "uv": [22, 53]}
				]
			},
			{
				"name": "bone10",
				"parent": "bone9",
				"pivot": [-3.75, 9.57664, 5.1147],
				"rotation": [-20, 0, 0],
				"cubes": [
					{"origin": [-5.75, 5.57664, 5.1147], "size": [4, 4, 0], "uv": [0, 20]}
				]
			},
			{
				"name": "right",
				"parent": "sidai",
				"pivot": [3.25, 23, 4.5],
				"rotation": [4.2511, -17.38772, -42.18626],
				"cubes": [
					{"origin": [2.75, 15.5, 4.5], "size": [1.75, 8, 0], "uv": [8, 0]}
				]
			},
			{
				"name": "bone11",
				"parent": "right",
				"pivot": [2.75, 18.27375, 2.33522],
				"rotation": [-42.5, 0, 0],
				"cubes": [
					{"origin": [2.75, 10.69123, 5.80518], "size": [1.75, 7, 0], "uv": [20, 53]}
				]
			},
			{
				"name": "bone12",
				"parent": "bone11",
				"pivot": [3.5, 10.69123, 5.80418],
				"rotation": [-90, 0, 0],
				"cubes": [
					{"origin": [1.5, 6.69123, 5.80418], "size": [4, 4, 0], "uv": [0, 16]}
				]
			},
			{
				"name": "armRight",
				"pivot": [-3, 17.5, 0],
				"rotation": [0, 0, 25],
				"cubes": [
					{"origin": [-5, 8.5, -1], "size": [2, 8, 2], "uv": [12, 47]},
					{"origin": [-5.5, 13.5, -1.5], "size": [3, 4, 3], "uv": [0, 47]},
					{"origin": [-5.08467, 9.34445, -1.25], "size": [2.25, 1, 2.5], "uv": [18, 34]}
				]
			},
			{
				"name": "armLeft",
				"pivot": [3, 17.5, 0],
				"rotation": [0, 0, -25],
				"cubes": [
					{"origin": [2.5, 13.5, -1.5], "size": [3, 4, 3], "uv": [24, 16]},
					{"origin": [3, 8.5, -1], "size": [2, 8, 2], "uv": [0, 0]},
					{"origin": [2.70315, 9.28869, -1.25], "size": [2.5, 1, 2.5], "uv": [30, 3]}
				]
			},
			{
				"name": "body",
				"pivot": [0, 10.5, 0],
				"cubes": [
					{"origin": [-3, 8.999, -3], "size": [6, 9, 6], "uv": [0, 32]}
				]
			},
			{
				"name": "sittingRotationSkirt",
				"parent": "body",
				"pivot": [0, 10.5, 0],
				"cubes": [
					{"origin": [-4.5, 6, -4.5], "size": [9, 2, 9], "uv": [23, 23]},
					{"origin": [-4, 8, -4], "size": [8, 2, 8], "uv": [30, 0]},
					{"origin": [-3.5, 10, -3.5], "size": [7, 2, 7], "uv": [33, 10]}
				]
			},
			{
				"name": "flower",
				"parent": "body",
				"pivot": [0, 16.67474, -3.173],
				"rotation": [-7.5, 0, 0],
				"cubes": [
					{"origin": [-2, 15.17474, -3.173], "size": [4, 3, 0], "uv": [30, 0]}
				]
			},
			{
				"name": "legLeft",
				"pivot": [2, 9, 0],
				"cubes": [
					{"origin": [0.499, 0, -1.5], "size": [3, 9, 3], "uv": [36, 36]},
					{"origin": [0.25, 0, -1.75], "size": [3.5, 2, 3.5], "uv": [48, 39]}
				]
			},
			{
				"name": "legRight",
				"pivot": [-2, 9, 0],
				"cubes": [
					{"origin": [-3.499, 0, -1.5], "size": [3, 9, 3], "uv": [24, 34]},
					{"origin": [-3.75, 0, -1.75], "size": [3.5, 2, 3.5], "uv": [45, 34]}
				]
			},
			{
				"name": "book",
				"pivot": [11.5, 18.75, 0.5],
				"rotation": [17.5, 0, -17.5],
				"cubes": [
					{"origin": [10, 16.25, -0.5], "size": [4, 5, 1.5], "uv": [35, 48]}
				]
			}
		]
	}
}