{
	"format_version": "1.10.0",
	"geometry.model": {
		"texturewidth": 64,
		"textureheight": 64,
		"visible_bounds_width": 3,
		"visible_bounds_height": 4,
		"visible_bounds_offset": [0, 1, 0],
		"bones": [
			{
				"name": "head",
				"pivot": [0, 18, 0],
				"cubes": [
					{"origin": [-4, 18, -4], "size": [8, 8, 8], "uv": [0, 0]}
				]
			},
			{
				"name": "blink",
				"parent": "head",
				"pivot": [0, 18, 0],
				"cubes": [
					{"origin": [-4, 18, -4.001], "size": [8, 8, 0], "uv": [40, 12]}
				]
			},
			{
				"name": "shuangmawei",
				"parent": "head",
				"pivot": [0, 18, 0],
				"cubes": [
					{"origin": [-2, 22, 3], "size": [4, 5, 3], "uv": [44, 0]}
				]
			},
			{
				"name": "armRight",
				"pivot": [-3, 17.5, 0],
				"rotation": [0, 0, 25],
				"cubes": [
					{"origin": [-5, 8.5, -1], "size": [2, 8, 2], "uv": [46, 20]},
					{"origin": [-5.5, 10.5, -1.5], "size": [3, 7, 3], "uv": [0, 41]}
				]
			},
			{
				"name": "armLeft",
				"pivot": [3, 17.5, 0],
				"rotation": [0, 0, -25],
				"cubes": [
					{"origin": [2.5, 10.5, -1.5], "size": [3, 7, 3], "uv": [21, 39]},
					{"origin": [3, 8.5, -1], "size": [2, 8, 2], "uv": [12, 41]}
				]
			},
			{
				"name": "body",
				"pivot": [0, 10.5, 0],
				"cubes": [
					{"origin": [-3, 8.999, -3], "size": [6, 9, 6], "uv": [0, 26]}
				]
			},
			{
				"name": "sittingRotationSkirt",
				"parent": "body",
				"pivot": [0, 10.5, 0],
				"cubes": [
					{"origin": [-4, 8, -4], "size": [8, 2, 8], "uv": [0, 16]},
					{"origin": [-3.5, 10, -3.5], "size": [7, 2, 7], "uv": [25, 25]}
				]
			},
			{
				"name": "legLeft",
				"pivot": [2, 9, 0],
				"cubes": [
					{"origin": [0.499, 0, -1.5], "size": [3, 9, 3], "uv": [37, 37]}
				]
			},
			{
				"name": "legRight",
				"pivot": [-2, 9, 0],
				"cubes": [
					{"origin": [-3.499, 0, -1.5], "size": [3, 9, 3], "uv": [32, 0]}
				]
			},
			{
				"name": "wingLeft",
				"pivot": [0.5, 15, 3.25],
				"rotation": [0, 60, 0],
				"cubes": [
					{"origin": [0.86603, 13, 2.13397], "size": [0, 5, 8], "uv": [24, 26]}
				]
			},
			{
				"name": "wingRight",
				"pivot": [-0.5, 15, 3.75],
				"rotation": [0, -60, 0],
				"cubes": [
					{"origin": [-1.36603, 13, 3], "size": [0, 5, 8], "uv": [24, 8]}
				]
			}
		]
	}
}