{
	"format_version": "1.10.0",
	"geometry.model": {
		"texturewidth": 64,
		"textureheight": 64,
		"visible_bounds_width": 3,
		"visible_bounds_height": 4,
		"visible_bounds_offset": [0, 1, 0],
		"bones": [
			{
				"name": "head",
				"pivot": [0, 18, 0],
				"cubes": [
					{"origin": [-4, 18, -4], "size": [8, 8, 8], "uv": [30, 13]},
					{"origin": [-5, 24.25, -5], "size": [10, 2, 10], "uv": [0, 21]}
				]
			},
			{
				"name": "blink",
				"parent": "head",
				"pivot": [0, 18, 0],
				"cubes": [
					{"origin": [-4, 18, -4.001], "size": [8, 8, 0], "uv": [36, 42]}
				]
			},
			{
				"name": "bone",
				"parent": "head",
				"pivot": [0, 19, 4],
				"rotation": [-62.5, -17.5, 0],
				"cubes": [
					{"origin": [-2.84965, 19.59528, 2.7909], "size": [1, 1, 8], "uv": [26, 42]}
				]
			},
			{
				"name": "bone2",
				"parent": "head",
				"pivot": [0, 19, 4],
				"rotation": [-65, 15, 0],
				"cubes": [
					{"origin": [1.87059, 19.5613, 2.77488], "size": [1, 1, 8], "uv": [16, 40]}
				]
			},
			{
				"name": "armRight",
				"pivot": [-3, 17.5, 0],
				"rotation": [0, 0, 25],
				"cubes": [
					{"origin": [-5, 8.5, -1], "size": [2, 8, 2], "uv": [42, 50]},
					{"origin": [-5.5, 13.5, -1.5], "size": [3, 4, 3], "uv": [24, 33]}
				]
			},
			{
				"name": "armLeft",
				"pivot": [3, 17.5, 0],
				"rotation": [0, 0, -25],
				"cubes": [
					{"origin": [-1.5, 5.5, -4.5], "size": [7, 12, 9], "uv": [0, 0]},
					{"origin": [3, 8.5, -1], "size": [2, 8, 2], "uv": [0, 21]}
				]
			},
			{
				"name": "body",
				"pivot": [0, 10.5, 0],
				"cubes": [
					{"origin": [-3, 8.999, -3], "size": [6, 9, 6], "uv": [0, 33]},
					{"origin": [-5, 9.5, -1], "size": [2, 2, 2.25], "uv": [0, 0]}
				]
			},
			{
				"name": "sittingRotationSkirt",
				"parent": "body",
				"pivot": [0, 10.5, 0],
				"cubes": [
					{"origin": [-4, 8, -4], "size": [8, 2, 8], "uv": [32, 32]},
					{"origin": [-3.5, 10, -3.5], "size": [7, 2, 7], "uv": [23, 0]}
				]
			},
			{
				"name": "legLeft",
				"pivot": [2, 9, 0],
				"cubes": [
					{"origin": [0.499, 1, -1.5], "size": [3, 8, 3], "uv": [12, 49]},
					{"origin": [0.25, 0, -1.75], "size": [3.5, 3, 3.5], "uv": [48, 6]}
				]
			},
			{
				"name": "legRight",
				"pivot": [-2, 9, 0],
				"cubes": [
					{"origin": [-3.499, 1, -1.5], "size": [3, 8, 3], "uv": [0, 48]},
					{"origin": [-3.75, 0, -1.75], "size": [3.5, 3, 3.5], "uv": [44, 0]}
				]
			}
		]
	}
}