{
	"format_version": "1.10.0",
	"geometry.model": {
		"texturewidth": 64,
		"textureheight": 64,
		"visible_bounds_width": 3,
		"visible_bounds_height": 4,
		"visible_bounds_offset": [0, 1, 0],
		"bones": [
			{
				"name": "head",
				"pivot": [0, 18, 0],
				"cubes": [
					{"origin": [-4, 18, -4], "size": [8, 8, 8], "uv": [0, 13]}
				]
			},
			{
				"name": "blink",
				"parent": "head",
				"pivot": [0, 18, 0],
				"cubes": [
					{"origin": [-4, 18, -4.001], "size": [8, 8, 0], "uv": [45, 45]}
				]
			},
			{
				"name": "hairleft",
				"parent": "head",
				"pivot": [-4, 25.25, -0.25],
				"rotation": [-20, 0, -12.5],
				"cubes": [
					{"origin": [-4, 25.12082, -0.81478], "size": [0, 5, 1], "uv": [6, 12]}
				]
			},
			{
				"name": "bone",
				"parent": "hairleft",
				"pivot": [-4, 25.14739, -0.53191],
				"rotation": [40, 0, 2.5],
				"cubes": [
					{"origin": [-4, 25.14739, -0.53191], "size": [0, 5, 1], "uv": [4, 12]}
				]
			},
			{
				"name": "bone2",
				"parent": "hairleft",
				"pivot": [-4, 25.25, -0.25],
				"rotation": [75, 0, 0],
				"cubes": [
					{"origin": [-4, 25.25, -0.25], "size": [0, 4, 1], "uv": [8, 5]}
				]
			},
			{
				"name": "hairright",
				"parent": "head",
				"pivot": [4.33333, 25.16667, 0.16667],
				"rotation": [10.07713, 1.91134, 9.62111],
				"cubes": [
					{"origin": [4, 25, 0], "size": [0, 5, 1], "uv": [2, 12]}
				]
			},
			{
				"name": "bone3",
				"parent": "hairright",
				"pivot": [4, 25.5, 0.5],
				"rotation": [-10, 0, 7.5],
				"cubes": [
					{"origin": [4, 25, 0], "size": [0, 5, 1], "uv": [0, 12]}
				]
			},
			{
				"name": "bone4",
				"parent": "hairright",
				"pivot": [4, 25.5, 0.5],
				"rotation": [25, 0, 2.5],
				"cubes": [
					{"origin": [4, 25, 0], "size": [0, 5, 1], "uv": [8, 0]}
				]
			},
			{
				"name": "bone5",
				"parent": "head",
				"pivot": [0, 18, 0],
				"cubes": [
					{"origin": [-4.75, 25.25, -0.75], "size": [1, 1, 1], "uv": [4, 18]}
				]
			},
			{
				"name": "bone6",
				"parent": "bone5",
				"pivot": [-4, 25.5, -0.25],
				"rotation": [155, 17.5, -60],
				"cubes": [
					{"origin": [-16, 25, -0.75], "size": [12, 1, 1], "uv": [24, 36]}
				]
			},
			{
				"name": "bone10",
				"parent": "bone5",
				"pivot": [-10, 16, 2.75],
				"rotation": [-42.5, -2.5, 40],
				"cubes": [
					{"origin": [-10, 16, 2.75], "size": [1, 1, 7], "uv": [17, 38]}
				]
			},
			{
				"name": "bone7",
				"parent": "head",
				"pivot": [0, 18, 0],
				"cubes": [
					{"origin": [3.75, 25.25, 0], "size": [1, 1, 1], "uv": [0, 18]}
				]
			},
			{
				"name": "bone8",
				"parent": "bone7",
				"pivot": [4, 25.5, 0.5],
				"rotation": [7.5, -22.5, 67.5],
				"cubes": [
					{"origin": [4, 25, 0], "size": [12, 1, 1], "uv": [24, 34]}
				]
			},
			{
				"name": "bone9",
				"parent": "bone8",
				"pivot": [16.28661, 25.58332, 0.60012],
				"rotation": [0, -30, -5],
				"cubes": [
					{"origin": [15.78661, 25.08332, 0.10012], "size": [7, 1, 1], "uv": [40, 10]}
				]
			},
			{
				"name": "armRight",
				"pivot": [-3, 17.5, 0],
				"rotation": [0, 0, 25],
				"cubes": [
					{"origin": [-5, 8.5, -1], "size": [2, 8, 2], "uv": [12, 46]},
					{"origin": [-5.5, 15.5, -1.5], "size": [3, 2, 3], "uv": [45, 38]}
				]
			},
			{
				"name": "armLeft",
				"pivot": [3, 17.5, 0],
				"rotation": [0, 0, -25],
				"cubes": [
					{"origin": [2.5, 15.5, -1.5], "size": [3, 2, 3], "uv": [24, 13]},
					{"origin": [3, 8.5, -1], "size": [2, 8, 2], "uv": [0, 0]}
				]
			},
			{
				"name": "body",
				"pivot": [0, 10.5, 0],
				"cubes": [
					{"origin": [-3, 8.999, -3], "size": [6, 9, 6], "uv": [0, 29]}
				]
			},
			{
				"name": "sittingRotationSkirt",
				"parent": "body",
				"pivot": [0, 10.5, 0],
				"cubes": [
					{"origin": [-4.5, 6, -4.5], "size": [9, 2, 9], "uv": [23, 23]},
					{"origin": [-4, 8, -4], "size": [8, 2, 8], "uv": [30, 0]},
					{"origin": [-3.5, 10, -3.5], "size": [7, 2, 7], "uv": [32, 13]},
					{"origin": [-5, 3.5, -5], "size": [10, 3, 10], "uv": [0, 0]}
				]
			},
			{
				"name": "legLeft",
				"pivot": [2, 9, 0],
				"cubes": [
					{"origin": [0.499, 0, -1.5], "size": [3, 9, 3], "uv": [0, 44]}
				]
			},
			{
				"name": "legRight",
				"pivot": [-2, 9, 0],
				"cubes": [
					{"origin": [-3.499, 0, -1.5], "size": [3, 9, 3], "uv": [33, 38]}
				]
			}
		]
	}
}