{
	"format_version": "1.10.0",
	"geometry.model": {
		"texturewidth": 64,
		"textureheight": 64,
		"visible_bounds_width": 3,
		"visible_bounds_height": 4,
		"visible_bounds_offset": [0, 1, 0],
		"bones": [
			{
				"name": "head",
				"pivot": [0, 18, 0],
				"cubes": [
					{"origin": [-4, 18, -4], "size": [8, 8, 8], "uv": [0, 0]},
					{"origin": [-4, 10.1137, 4.03528], "size": [8, 8, 0], "uv": [12, 37]}
				]
			},
			{
				"name": "blink",
				"parent": "head",
				"pivot": [0, 18, 0],
				"cubes": [
					{"origin": [-4, 18, -4.001], "size": [8, 8, 0], "uv": [24, 0]}
				]
			},
			{
				"name": "armRight",
				"pivot": [-3, 17.5, 0],
				"rotation": [0, 0, 25],
				"cubes": [
					{"origin": [-4.44119, 8.48473, -1], "size": [2, 9, 2], "uv": [12, 45]}
				]
			},
			{
				"name": "armLeft",
				"pivot": [3, 17.5, 0],
				"rotation": [0, 0, -25],
				"cubes": [
					{"origin": [2.44119, 8.48473, -1], "size": [2, 9, 2], "uv": [41, 41]}
				]
			},
			{
				"name": "body",
				"pivot": [0, 10.5, 0],
				"cubes": [
					{"origin": [-3, 8.999, -3], "size": [6, 9, 6], "uv": [27, 10]}
				]
			},
			{
				"name": "sittingRotationSkirt",
				"parent": "body",
				"pivot": [0, 10.5, 0],
				"cubes": [
					{"origin": [-4.5, 6, -4.5], "size": [9, 2, 9], "uv": [0, 16]},
					{"origin": [-4, 8, -4], "size": [8, 2, 8], "uv": [0, 27]},
					{"origin": [-3.5, 10, -3.5], "size": [7, 2, 7], "uv": [29, 25]}
				]
			},
			{
				"name": "daizi",
				"parent": "body",
				"pivot": [-4, 11.5, -2],
				"rotation": [0, 0, 25],
				"cubes": [
					{"origin": [-4, 6.5, -2], "size": [1, 5, 1], "uv": [0, 0]}
				]
			},
			{
				"name": "bone",
				"parent": "body",
				"pivot": [0, 15.5, -2.5],
				"rotation": [45, 0, 0],
				"cubes": [
					{"origin": [-2, 15.5, -3.25], "size": [1.5, 1.25, 1.25], "uv": [4, 0]},
					{"origin": [0.5, 15.5, -3.25], "size": [1.5, 1.25, 1.25], "uv": [4, 4]}
				]
			},
			{
				"name": "legLeft",
				"pivot": [2, 9, 0],
				"cubes": [
					{"origin": [0.499, 0, -1.5], "size": [3, 9, 3], "uv": [0, 37]}
				]
			},
			{
				"name": "legRight",
				"pivot": [-2, 9, 0],
				"cubes": [
					{"origin": [-3.499, 0, -1.5], "size": [3, 9, 3], "uv": [29, 34]}
				]
			},
			{
				"name": "qin",
				"pivot": [0, 0, 0],
				"cubes": [
					{"origin": [4.25, 9.5, -4.5], "size": [6, 7, 0], "uv": [40, 0]}
				]
			}
		]
	}
}