{
	"format_version": "1.10.0",
	"geometry.model": {
		"texturewidth": 64,
		"textureheight": 64,
		"visible_bounds_width": 3,
		"visible_bounds_height": 4,
		"visible_bounds_offset": [0, 1, 0],
		"bones": [
			{
				"name": "head",
				"pivot": [0, 18, 0],
				"cubes": [
					{"origin": [-4, 18, -4], "size": [8, 8, 8], "uv": [18, 23]},
					{"origin": [-4.25, 24.75, -4.25], "size": [8.5, 2.25, 8.5], "uv": [0, 0]}
				]
			},
			{
				"name": "blink",
				"parent": "head",
				"pivot": [0, 18, 0],
				"cubes": [
					{"origin": [-4, 18, -4.001], "size": [8, 8, 0], "uv": [24, 39]}
				]
			},
			{
				"name": "armRight",
				"pivot": [-3, 17.5, 0],
				"rotation": [0, 0, 25],
				"cubes": [
					{"origin": [-5, 8.5, -1], "size": [2, 8, 2], "uv": [33, 49]},
					{"origin": [-5.5, 13.5, -1.5], "size": [3, 4, 3], "uv": [47, 12]}
				]
			},
			{
				"name": "armLeft",
				"pivot": [3, 17.5, 0],
				"rotation": [0, 0, -25],
				"cubes": [
					{"origin": [2.5, 13.5, -1.5], "size": [3, 4, 3], "uv": [42, 21]},
					{"origin": [3, 8.5, -1], "size": [2, 8, 2], "uv": [12, 48]}
				]
			},
			{
				"name": "body",
				"pivot": [0, 10.5, 0],
				"cubes": [
					{"origin": [-3, 8.999, -3], "size": [6, 9, 6], "uv": [0, 33]},
					{"origin": [3, 9.5, -3.75], "size": [2, 3, 2], "uv": [0, 0]}
				]
			},
			{
				"name": "sittingRotationSkirt",
				"parent": "body",
				"pivot": [0, 10.5, 0],
				"cubes": [
					{"origin": [-4, 8, -4], "size": [8, 2, 8], "uv": [24, 2]},
					{"origin": [-3.5, 10, -3.5], "size": [7, 2, 7], "uv": [26, 12]}
				]
			},
			{
				"name": "legLeft",
				"pivot": [2, 9, 0],
				"cubes": [
					{"origin": [0.499, 0.25, -1.5], "size": [3, 8.75, 3], "uv": [21, 47]},
					{"origin": [0.25, 0, -1.75], "size": [3.5, 3, 3.5], "uv": [48, 0]}
				]
			},
			{
				"name": "legRight",
				"pivot": [-2, 9, 0],
				"cubes": [
					{"origin": [-3.499, 0.25, -1.5], "size": [3, 8.75, 3], "uv": [40, 40]},
					{"origin": [-3.75, 0, -1.75], "size": [3.5, 3, 3.5], "uv": [0, 48]}
				]
			},
			{
				"name": "wingLeft",
				"pivot": [0.5, 15, 3.25],
				"rotation": [0, 60, 0],
				"cubes": [
					{"origin": [1.36603, 12, 3], "size": [0, 6, 13], "uv": [0, 9]}
				]
			},
			{
				"name": "wingRight",
				"pivot": [-0.5, 15, 3.75],
				"rotation": [0, -60, 0],
				"cubes": [
					{"origin": [-1.36603, 12, 3], "size": [0, 6, 13], "uv": [0, 0]}
				]
			}
		]
	}
}