{
	"pack_name": "{maid_pack.sa_cutemobs.name}",
	"author": ["沙吉", "yarrmateys"],
	"description": ["{maid_pack.sa_cutemobs.desc}"],
	"date": "2020-9-21",
	"icon": "sa_cutemobs:textures/maid_icon.png",
	"version": "1.0.0",
	"model_list": [
		{
			"model_id": "sa_cutemobs:skeleton",
			"description": ["{model.sa_cutemobs.skeleton.desc}"],
			"animation": ["touhou_little_maid:animation/maid/default/head/default.js", "touhou_little_maid:animation/maid/default/head/beg.js", "touhou_little_maid:animation/maid/default/head/music_shake.js", "touhou_little_maid:animation/maid/default/arm/default.js", "touhou_little_maid:animation/maid/default/arm/swing.js", "touhou_little_maid:animation/maid/default/leg/default.js", "touhou_little_maid:animation/maid/default/sit/default.js", "touhou_little_maid:animation/maid/default/head/blink.js"]
		}
	]
}