{
  "format_version": "1.10.0",
  "geometry.model": {
    "texturewidth": 128,
    "textureheight": 128,
    "visible_bounds_width": 2,
    "visible_bounds_height": 2,
    "visible_bounds_offset": [0, 1, 0],
    "bones": [
      {
        "name": "bone",
        "pivot": [0, 0, 0],
        "cubes": [
          {
            "origin": [-4.5, 0, -4.5],
            "size": [9, 5, 9],
            "uv": [92, 20]
          },
          {
            "origin": [-6.5, 4, -6.5],
            "size": [13, 4, 13],
            "uv": [76, 0],
            "inflate": -1
          }
        ]
      },
      {
        "name": "bone17",
        "parent": "bone",
        "pivot": [-1.5, 1, 4.5],
        "cubes": [
          {
            "origin": [-4.5, 6, -4.5],
            "size": [9, 6, 9],
            "uv": [88, 70],
            "inflate": -1
          },
          {
            "origin": [-5, 5.2, -4],
            "size": [10, 6, 8],
            "uv": [88, 70],
            "inflate": -1
          },
          {
            "origin": [-4, 5.2, -5],
            "size": [8, 6, 10],
            "uv": [88, 70],
            "inflate": -1
          },
          {
            "origin": [-3.5, 10, -3.5],
            "size": [7, 5, 7],
            "uv": [96, 49],
            "inflate": -1
          },
          {
            "origin": [-3, 10.6, -3],
            "size": [6, 5, 6],
            "uv": [96, 49],
            "inflate": -1
          },
          {
            "origin": [-2.5, 13.3, -2.5],
            "size": [5, 5, 5],
            "uv": [0, 88],
            "inflate": -1.3
          },
          {
            "origin": [-4, 9.2, -3],
            "size": [8, 5, 6],
            "uv": [96, 49],
            "inflate": -1
          },
          {
            "origin": [-3, 9.2, -4],
            "size": [6, 5, 8],
            "uv": [96, 49],
            "inflate": -1
          },
          {
            "origin": [-12.5, 4.65, -5.7],
            "size": [25, 25, 15],
            "uv": [0, 15],
            "inflate": -7.5,
            "mirror": true
          }
        ]
      },
      {
        "name": "bone18",
        "parent": "bone17",
        "pivot": [0, 17, 0],
        "rotation": [-115, 15, -20],
        "cubes": [
          {
            "origin": [-1.4, 16.4, -2.6],
            "size": [4, 2, 4],
            "uv": [0, 80],
            "inflate": -1.4
          }
        ]
      },
      {
        "name": "bone19",
        "parent": "bone17",
        "pivot": [-1.5, 1, 4.5],
        "cubes": [
          {
            "origin": [-3.5, 9.7, -4.5],
            "size": [7, 3, 9],
            "uv": [0, 102],
            "inflate": -1.2
          },
          {
            "origin": [-4.5, 9.7, -3.5],
            "size": [9, 3, 7],
            "uv": [0, 102],
            "inflate": -1.2
          },
          {
            "origin": [-4, 9.7, -4],
            "size": [8, 3, 8],
            "uv": [0, 102],
            "inflate": -1.2
          }
        ]
      },
      {
        "name": "bone21",
        "parent": "bone19",
        "pivot": [0, 11.2, -3.5],
        "rotation": [-25, 0, 0],
        "cubes": [
          {
            "origin": [-10.5, -0.55, -10.25],
            "size": [21, 21, 13],
            "uv": [60, 94],
            "inflate": -6.5
          }
        ]
      },
      {
        "name": "bone20",
        "parent": "bone17",
        "pivot": [-1.5, 1, 4.5],
        "cubes": [
          {
            "origin": [-4.5, 5.45, -5.5],
            "size": [9, 5, 11],
            "uv": [84, 70],
            "inflate": -1.2
          },
          {
            "origin": [-5.5, 5.45, -4.5],
            "size": [11, 5, 9],
            "uv": [84, 70],
            "inflate": -1.2
          },
          {
            "origin": [-5, 5.45, -5],
            "size": [10, 5, 10],
            "uv": [84, 70],
            "inflate": -1.2
          }
        ]
      },
      {
        "name": "bone2",
        "parent": "bone",
        "pivot": [0, 6.4, 0],
        "cubes": [
          {
            "origin": [-5.5, 7.05, -5.5],
            "size": [11, 0, 11],
            "uv": [21, 116]
          }
        ]
      },
      {
        "name": "bone3",
        "parent": "bone2",
        "pivot": [5.5, 7.05, 0],
        "rotation": [0, 0, 70],
        "cubes": [
          {
            "origin": [5.5, 7.05, -5.5],
            "size": [5, 0, 11],
            "uv": [0, 117]
          }
        ]
      },
      {
        "name": "bone4",
        "parent": "bone2",
        "pivot": [-5.5, 7.05, 0],
        "rotation": [0, 0, -70],
        "cubes": [
          {
            "origin": [-10.5, 7.05, -5.5],
            "size": [5, 0, 11],
            "uv": [0, 117],
            "mirror": true
          }
        ]
      },
      {
        "name": "bone5",
        "parent": "bone2",
        "pivot": [0, 6.4, 0],
        "rotation": [0, -90, 0]
      },
      {
        "name": "bone6",
        "parent": "bone5",
        "pivot": [5.5, 7.05, 0],
        "rotation": [0, 0, 70],
        "cubes": [
          {
            "origin": [5.5, 7.05, -5.5],
            "size": [5, 0, 11],
            "uv": [0, 117]
          }
        ]
      },
      {
        "name": "bone7",
        "parent": "bone5",
        "pivot": [-5.5, 7.05, 0],
        "rotation": [0, 0, -70],
        "cubes": [
          {
            "origin": [-10.5, 7.05, -5.5],
            "size": [5, 0, 11],
            "uv": [0, 117],
            "mirror": true
          }
        ]
      },
      {
        "name": "bone12",
        "pivot": [0, -0.5, -2.75],
        "rotation": [-10, 0, 0]
      },
      {
        "name": "bone8",
        "parent": "bone12",
        "pivot": [-1, -0.5, -2.75],
        "rotation": [0, -20, 0]
      },
      {
        "name": "bone9",
        "parent": "bone8",
        "pivot": [2.5, 6.55, -8.25],
        "rotation": [-25, 15, 20],
        "cubes": [
          {
            "origin": [2.5, 4.55, -8.25],
            "size": [3, 2, 0],
            "uv": [0, 126]
          }
        ]
      },
      {
        "name": "bone10",
        "parent": "bone9",
        "pivot": [4.5, 4.55, -8.25],
        "rotation": [15, 0, 0],
        "cubes": [
          {
            "origin": [4.5, 2.55, -8.25],
            "size": [3, 2, 0],
            "uv": [0, 121]
          }
        ]
      },
      {
        "name": "bone11",
        "parent": "bone10",
        "pivot": [6.5, 2.55, -8.25],
        "rotation": [15, 0, 0],
        "cubes": [
          {
            "origin": [6.5, 0.55, -8.25],
            "size": [3, 2, 0],
            "uv": [0, 126]
          }
        ]
      },
      {
        "name": "bone13",
        "parent": "bone12",
        "pivot": [1, -0.5, -2.75],
        "rotation": [0, 20, 0]
      },
      {
        "name": "bone14",
        "parent": "bone13",
        "pivot": [-2.5, 6.55, -8.25],
        "rotation": [-25, -15, -20],
        "cubes": [
          {
            "origin": [-5.5, 4.55, -8.25],
            "size": [3, 2, 0],
            "uv": [0, 126],
            "mirror": true
          }
        ]
      },
      {
        "name": "bone15",
        "parent": "bone14",
        "pivot": [-4.5, 4.55, -8.25],
        "rotation": [15, 0, 0],
        "cubes": [
          {
            "origin": [-7.5, 2.55, -8.25],
            "size": [3, 2, 0],
            "uv": [0, 121],
            "mirror": true
          }
        ]
      },
      {
        "name": "bone16",
        "parent": "bone15",
        "pivot": [-6.5, 2.55, -8.25],
        "rotation": [15, 0, 0],
        "cubes": [
          {
            "origin": [-9.5, 0.55, -8.25],
            "size": [3, 2, 0],
            "uv": [0, 126],
            "mirror": true
          }
        ]
      }
    ]
  }
}