{
  "format_version": "1.10.0",
  "geometry.model": {
    "texturewidth": 128,
    "textureheight": 128,
    "visible_bounds_width": 2,
    "visible_bounds_height": 2,
    "visible_bounds_offset": [0, 1, 0],
    "bones": [
      {
        "name": "bone",
        "pivot": [0, 0, 0],
        "cubes": [
          {
            "origin": [-5.5, 0, -5.5],
            "size": [11, 1, 11],
            "uv": [62, 14]
          },
          {
            "origin": [-3.5, 1, -3.5],
            "size": [7, 7, 7],
            "uv": [70, 0]
          },
          {
            "origin": [-3.5, 5.9, -3.3],
            "size": [7, 5, 7],
            "uv": [24, 114],
            "inflate": -1.1
          },
          {
            "origin": [-10.5, -2, -9],
            "size": [21, 21, 12],
            "uv": [62, 74],
            "inflate": -6
          },
          {
            "origin": [-7.6, -1.9, -8.7],
            "size": [21, 21, 12],
            "uv": [0, 74],
            "inflate": -6
          },
          {
            "origin": [-14, -0.15, -8.6],
            "size": [21, 21, 12],
            "uv": [0, 74],
            "inflate": -6,
            "mirror": true
          },
          {
            "origin": [-11.7, -1.25, -8.9],
            "size": [21, 21, 12],
            "uv": [1, 42],
            "inflate": -6,
            "mirror": true
          },
          {
            "origin": [-3.5, 2, -3.5],
            "size": [7, 1, 7],
            "uv": [70, 27],
            "inflate": 0.1
          },
          {
            "origin": [-3.5, 6, -3.5],
            "size": [7, 1, 7],
            "uv": [70, 27],
            "inflate": 0.1
          }
        ]
      },
      {
        "name": "bone3",
        "parent": "bone",
        "pivot": [0, 9.5, -2.5],
        "rotation": [-20, 0, 0],
        "cubes": [
          {
            "origin": [-12.1, -5.67588, -10.86319],
            "size": [21, 21, 16],
            "uv": [54, 91],
            "inflate": -8
          },
          {
            "origin": [-8.8, -5.46382, -10.89479],
            "size": [21, 21, 16],
            "uv": [54, 91],
            "inflate": -8,
            "mirror": true
          },
          {
            "origin": [-10.5, -4.95175, -10.92638],
            "size": [21, 21, 16],
            "uv": [54, 91],
            "inflate": -8
          }
        ]
      },
      {
        "name": "bone2",
        "parent": "bone",
        "pivot": [-2.5, 4, 2.5],
        "cubes": [
          {
            "origin": [-2.25, 4.75, -4.4],
            "size": [7, 17, 7],
            "uv": [100, 21],
            "inflate": -2.4
          },
          {
            "origin": [-4.5, 4.4, -4.4],
            "size": [7, 14.9, 7],
            "uv": [100, 21],
            "inflate": -2.4
          },
          {
            "origin": [-3.5, 4.7, -2.2],
            "size": [7, 20.9, 7],
            "uv": [100, 21],
            "inflate": -2.4
          },
          {
            "origin": [-2.25, 13.75, -4.4],
            "size": [7, 8, 7],
            "uv": [100, 0],
            "inflate": -2.5
          },
          {
            "origin": [-4.5, 11.3, -4.4],
            "size": [7, 8, 7],
            "uv": [100, 0],
            "inflate": -2.5
          },
          {
            "origin": [-3.5, 17.6, -2.2],
            "size": [7, 8, 7],
            "uv": [100, 0],
            "inflate": -2.5
          }
        ]
      },
      {
        "name": "bone4",
        "parent": "bone",
        "pivot": [2, 8.7, -2.3],
        "rotation": [0, 0, 45],
        "cubes": [
          {
            "origin": [1.5, 5.2, -2.8],
            "size": [1, 7, 1],
            "uv": [0, 108],
            "inflate": -0.3
          }
        ]
      },
      {
        "name": "bone5",
        "parent": "bone4",
        "pivot": [2.2, 11.9, -2.3],
        "rotation": [0, 0, -30],
        "cubes": [
          {
            "origin": [1.5, 11.6, -2.8],
            "size": [1, 3, 1],
            "uv": [0, 108],
            "inflate": -0.3
          }
        ]
      },
      {
        "name": "bone11",
        "parent": "bone5",
        "pivot": [2.2, 13, -2.3],
        "rotation": [0, 0, 20],
        "cubes": [
          {
            "origin": [1.5, 12.7, -2.8],
            "size": [1, 3, 1],
            "uv": [0, 108],
            "inflate": -0.35
          },
          {
            "origin": [1.5, 14.7, -2.8],
            "size": [1, 4, 1],
            "uv": [0, 108],
            "inflate": -0.4
          }
        ]
      },
      {
        "name": "bone6",
        "parent": "bone5",
        "pivot": [2.2, 11.9, -2.3],
        "rotation": [0, 0, 50],
        "cubes": [
          {
            "origin": [1.5, 11.6, -2.8],
            "size": [1, 3, 1],
            "uv": [0, 108],
            "inflate": -0.3
          }
        ]
      },
      {
        "name": "bone10",
        "parent": "bone6",
        "pivot": [2.2, 13.3, -2.3],
        "rotation": [0, 0, -35],
        "cubes": [
          {
            "origin": [1.5, 13, -2.8],
            "size": [1, 2, 1],
            "uv": [0, 108],
            "inflate": -0.35
          }
        ]
      },
      {
        "name": "bone13",
        "parent": "bone10",
        "pivot": [1.85, 14.65, -2.3],
        "rotation": [0, 0, 10],
        "cubes": [
          {
            "origin": [1.5, 14.3, -2.8],
            "size": [1, 3, 1],
            "uv": [0, 108],
            "inflate": -0.35
          },
          {
            "origin": [1.5, 16.3, -2.8],
            "size": [1, 5, 1],
            "uv": [0, 108],
            "inflate": -0.4
          }
        ]
      },
      {
        "name": "bone12",
        "parent": "bone6",
        "pivot": [2.2, 14.3, -2.3],
        "rotation": [0, 0, -5],
        "cubes": [
          {
            "origin": [1.5, 13.9, -2.8],
            "size": [1, 3, 1],
            "uv": [0, 108],
            "inflate": -0.35
          },
          {
            "origin": [1.5, 15.9, -2.8],
            "size": [1, 3, 1],
            "uv": [0, 108],
            "inflate": -0.4
          }
        ]
      },
      {
        "name": "bone7",
        "parent": "bone5",
        "pivot": [2.2, 14.3, -2.3],
        "rotation": [0, 0, -80],
        "cubes": [
          {
            "origin": [1.5, 14, -2.8],
            "size": [1, 2, 1],
            "uv": [0, 108],
            "inflate": -0.3
          }
        ]
      },
      {
        "name": "bone8",
        "parent": "bone7",
        "pivot": [1.8, 15.7, -2.3],
        "rotation": [0, 0, 60],
        "cubes": [
          {
            "origin": [1.45, 15.35, -2.8],
            "size": [1, 3, 1],
            "uv": [0, 108],
            "inflate": -0.35
          },
          {
            "origin": [1.45, 17.35, -2.8],
            "size": [1, 4, 1],
            "uv": [0, 108],
            "inflate": -0.4
          }
        ]
      },
      {
        "name": "bone9",
        "parent": "bone7",
        "pivot": [1.8, 15.7, -2.3],
        "rotation": [0, 0, 84],
        "cubes": [
          {
            "origin": [1.75, 15.45, -2.8],
            "size": [1, 4, 1],
            "uv": [0, 108],
            "inflate": -0.35
          },
          {
            "origin": [1.75, 18.45, -2.8],
            "size": [1, 6, 1],
            "uv": [0, 108],
            "inflate": -0.4
          }
        ]
      },
      {
        "name": "bone14",
        "parent": "bone4",
        "pivot": [-9, 8.2, -0.3],
        "cubes": [
          {
            "origin": [-4.72466, 5.26689, -8.05],
            "size": [13, 13, 11],
            "uv": [78, 48],
            "inflate": -5.5
          },
          {
            "origin": [-5.65876, 6.93033, -8.05],
            "size": [13, 13, 11],
            "uv": [78, 48],
            "inflate": -5.5
          },
          {
            "origin": [-3.5, 7.37574, -8.05],
            "size": [13, 13, 11],
            "uv": [78, 48],
            "inflate": -5.5
          },
          {
            "origin": [-4.70208, 8.29497, -8.05],
            "size": [13, 13, 11],
            "uv": [78, 48],
            "inflate": -5.5
          },
          {
            "origin": [-5.97487, 10.13345, -8.05],
            "size": [13, 13, 11],
            "uv": [78, 48],
            "inflate": -5.5
          },
          {
            "origin": [-2.72218, 10.55772, -8.05],
            "size": [13, 13, 11],
            "uv": [78, 48],
            "inflate": -5.5
          },
          {
            "origin": [-8.23762, 10.69914, -8.05],
            "size": [13, 13, 11],
            "uv": [78, 48],
            "inflate": -5.5
          },
          {
            "origin": [-7.95477, 7.72929, -8.05],
            "size": [13, 13, 11],
            "uv": [78, 48],
            "inflate": -5.5
          }
        ]
      },
      {
        "name": "bone15",
        "parent": "bone14",
        "pivot": [-9, 8.2, -0.3],
        "cubes": [
          {
            "origin": [0.96016, 19.16016, -2.8],
            "size": [1, 1, 1],
            "uv": [118, 49],
            "inflate": -0.35
          },
          {
            "origin": [2.86934, 14.70538, -2.8],
            "size": [1, 1, 1],
            "uv": [118, 49],
            "inflate": -0.35
          },
          {
            "origin": [0.39447, 14.06899, -2.8],
            "size": [1, 1, 1],
            "uv": [118, 49],
            "inflate": -0.35
          },
          {
            "origin": [-1.16117, 15.34178, -2.8],
            "size": [1, 1, 1],
            "uv": [118, 49],
            "inflate": -0.35
          },
          {
            "origin": [-3.63604, 15.12965, -2.8],
            "size": [1, 1, 1],
            "uv": [118, 49],
            "inflate": -0.35
          },
          {
            "origin": [-2.92893, 14.8468, -2.8],
            "size": [1, 1, 1],
            "uv": [118, 49],
            "inflate": -0.35
          },
          {
            "origin": [-3.56533, 19.16016, -2.8],
            "size": [1, 1, 1],
            "uv": [118, 49],
            "inflate": -0.35
          },
          {
            "origin": [-2.57538, 17.88736, -2.8],
            "size": [1, 1, 1],
            "uv": [118, 49],
            "inflate": -0.35
          },
          {
            "origin": [-0.02979, 16.75599, -2.8],
            "size": [1, 1, 1],
            "uv": [118, 49],
            "inflate": -0.35
          },
          {
            "origin": [1.52584, 17.32168, -2.8],
            "size": [1, 1, 1],
            "uv": [118, 49],
            "inflate": -0.35
          }
        ]
      }
    ]
  }
}