{
  "format_version": "1.10.0",
  "geometry.model": {
    "texturewidth": 512,
    "textureheight": 512,
    "visible_bounds_width": 11,
    "visible_bounds_height": 9,
    "visible_bounds_offset": [0, 4.5, 0],
    "bones": [
      {
        "name": "bone",
        "pivot": [0, 0, 0],
        "cubes": [
          {
            "origin": [-56, 40, -8],
            "size": [16, 85, 16],
            "uv": [0, 172]
          },
          {
            "origin": [40, 40, -8],
            "size": [16, 85, 16],
            "uv": [0, 172]
          },
          {
            "origin": [-80, 131, -12],
            "size": [160, 10, 24],
            "uv": [0, 6]
          },
          {
            "origin": [-76, 94, -3],
            "size": [152, 11, 6],
            "uv": [0, 112]
          },
          {
            "origin": [-57, 0, -9],
            "size": [18, 41, 18],
            "uv": [225, 105]
          },
          {
            "origin": [39, 0, -9],
            "size": [18, 41, 18],
            "uv": [225, 105]
          },
          {
            "origin": [-85, 141, -14],
            "size": [170, 5, 28],
            "uv": [0, 48]
          },
          {
            "origin": [-59, 125, -11],
            "size": [22, 6, 22],
            "uv": [0, 138]
          },
          {
            "origin": [37, 125, -11],
            "size": [22, 6, 22],
            "uv": [0, 138]
          },
          {
            "origin": [-78, 105, -4],
            "size": [156, 2, 8],
            "uv": [0, 94]
          },
          {
            "origin": [-7.5, 107, -2],
            "size": [14, 24, 4],
            "uv": [103, 140]
          }
        ]
      },
      {
        "name": "bone10",
        "parent": "bone",
        "pivot": [0, 0, 0],
        "cubes": [
          {
            "origin": [46, 48, -41],
            "size": [4, 12, 82],
            "uv": [0, 172]
          },
          {
            "origin": [46, 18, -42.5],
            "size": [4, 12, 85],
            "uv": [0, 172]
          }
        ]
      },
      {
        "name": "bone9",
        "parent": "bone10",
        "pivot": [0, 0, 0],
        "cubes": [
          {
            "origin": [42, 0, -40],
            "size": [12, 41, 12],
            "uv": [91, 284]
          },
          {
            "origin": [42, 65, -40],
            "size": [12, 4, 12],
            "uv": [64, 92]
          },
          {
            "origin": [43, 41, -39],
            "size": [10, 25, 10],
            "uv": [79, 245]
          }
        ]
      },
      {
        "name": "bone8",
        "parent": "bone9",
        "pivot": [48, 62, -34],
        "rotation": [5, 0, 0],
        "cubes": [
          {
            "origin": [40, 67.96956, -43.30275],
            "size": [16, 4, 19],
            "uv": [0, 298]
          }
        ]
      },
      {
        "name": "bone11",
        "parent": "bone10",
        "pivot": [0, 0, 0],
        "cubes": [
          {
            "origin": [42, 0, 28],
            "size": [12, 41, 12],
            "uv": [91, 284]
          },
          {
            "origin": [42, 65, 28],
            "size": [12, 4, 12],
            "uv": [64, 92]
          },
          {
            "origin": [43, 41, 29],
            "size": [10, 25, 10],
            "uv": [79, 245]
          }
        ]
      },
      {
        "name": "bone12",
        "parent": "bone11",
        "pivot": [48, 62, 34],
        "rotation": [-5, 0, 0],
        "cubes": [
          {
            "origin": [40, 67.96956, 24.30275],
            "size": [16, 4, 19],
            "uv": [0, 298]
          }
        ]
      },
      {
        "name": "bone13",
        "parent": "bone",
        "pivot": [0, 0, 0],
        "cubes": [
          {
            "origin": [-50, 48, -41],
            "size": [4, 12, 82],
            "uv": [0, 172],
            "mirror": true
          },
          {
            "origin": [-50, 18, -42.5],
            "size": [4, 12, 85],
            "uv": [0, 172],
            "mirror": true
          }
        ]
      },
      {
        "name": "bone14",
        "parent": "bone13",
        "pivot": [0, 0, 0],
        "cubes": [
          {
            "origin": [-54, 0, -40],
            "size": [12, 41, 12],
            "uv": [91, 284],
            "mirror": true
          },
          {
            "origin": [-54, 65, -40],
            "size": [12, 4, 12],
            "uv": [64, 92],
            "mirror": true
          },
          {
            "origin": [-53, 41, -39],
            "size": [10, 25, 10],
            "uv": [79, 245],
            "mirror": true
          }
        ]
      },
      {
        "name": "bone15",
        "parent": "bone14",
        "pivot": [-48, 62, -34],
        "rotation": [5, 0, 0],
        "cubes": [
          {
            "origin": [-56, 67.96956, -43.30275],
            "size": [16, 4, 19],
            "uv": [0, 298],
            "mirror": true
          }
        ]
      },
      {
        "name": "bone16",
        "parent": "bone13",
        "pivot": [0, 0, 0],
        "cubes": [
          {
            "origin": [-54, 0, 28],
            "size": [12, 41, 12],
            "uv": [91, 284],
            "mirror": true
          },
          {
            "origin": [-54, 65, 28],
            "size": [12, 4, 12],
            "uv": [64, 92],
            "mirror": true
          },
          {
            "origin": [-53, 41, 29],
            "size": [10, 25, 10],
            "uv": [79, 245],
            "mirror": true
          }
        ]
      },
      {
        "name": "bone17",
        "parent": "bone16",
        "pivot": [-48, 62, 34],
        "rotation": [-5, 0, 0],
        "cubes": [
          {
            "origin": [-56, 67.96956, 24.30275],
            "size": [16, 4, 19],
            "uv": [0, 298],
            "mirror": true
          }
        ]
      },
      {
        "name": "bone4",
        "parent": "bone",
        "pivot": [0, 0, 0]
      },
      {
        "name": "bone2",
        "parent": "bone4",
        "pivot": [-54.75, 107, 0],
        "rotation": [0, 0, 20],
        "cubes": [
          {
            "origin": [-61.26631, 104.32893, -2],
            "size": [7, 4, 4],
            "uv": [152, 141]
          }
        ]
      },
      {
        "name": "bone3",
        "parent": "bone4",
        "pivot": [-41.25, 107, 0],
        "rotation": [0, 0, -20],
        "cubes": [
          {
            "origin": [-41.73369, 104.32893, -2],
            "size": [7, 4, 4],
            "uv": [152, 141],
            "mirror": true
          }
        ]
      },
      {
        "name": "bone5",
        "parent": "bone",
        "pivot": [0, 0, 0]
      },
      {
        "name": "bone6",
        "parent": "bone5",
        "pivot": [54.75, 107, 0],
        "rotation": [0, 0, -20],
        "cubes": [
          {
            "origin": [54.26631, 104.32893, -2],
            "size": [7, 4, 4],
            "uv": [152, 141],
            "mirror": true
          }
        ]
      },
      {
        "name": "bone7",
        "parent": "bone5",
        "pivot": [41.25, 107, 0],
        "rotation": [0, 0, 20],
        "cubes": [
          {
            "origin": [34.73369, 104.32893, -2],
            "size": [7, 4, 4],
            "uv": [152, 141]
          }
        ]
      }
    ]
  }
}