{
  "format_version": "1.10.0",
  "geometry.model": {
    "texturewidth": 512,
    "textureheight": 512,
    "visible_bounds_width": 11,
    "visible_bounds_height": 9,
    "visible_bounds_offset": [0, 4.5, 0],
    "bones": [
      {
        "name": "bone",
        "pivot": [0, 0, 0],
        "cubes": [
          {
            "origin": [-56, 40, -8],
            "size": [16, 85, 16],
            "uv": [0, 172]
          },
          {
            "origin": [40, 40, -8],
            "size": [16, 85, 16],
            "uv": [0, 172]
          },
          {
            "origin": [-80, 131, -12],
            "size": [160, 10, 24],
            "uv": [0, 6]
          },
          {
            "origin": [-76, 94, -3],
            "size": [152, 11, 6],
            "uv": [0, 112]
          },
          {
            "origin": [-57, 12, -9],
            "size": [18, 29, 18],
            "uv": [0, 288]
          },
          {
            "origin": [39, 12, -9],
            "size": [18, 29, 18],
            "uv": [0, 288]
          },
          {
            "origin": [-85, 141, -14],
            "size": [170, 5, 28],
            "uv": [0, 48]
          },
          {
            "origin": [-59, 3, -11],
            "size": [22, 10, 22],
            "uv": [0, 353]
          },
          {
            "origin": [37, 3, -11],
            "size": [22, 10, 22],
            "uv": [0, 353]
          },
          {
            "origin": [-61, 0, -13],
            "size": [26, 3, 26],
            "uv": [89, 184]
          },
          {
            "origin": [35, 0, -13],
            "size": [26, 3, 26],
            "uv": [89, 184]
          },
          {
            "origin": [-59, 125, -11],
            "size": [22, 6, 22],
            "uv": [0, 138]
          },
          {
            "origin": [37, 125, -11],
            "size": [22, 6, 22],
            "uv": [0, 138]
          },
          {
            "origin": [-78, 105, -4],
            "size": [156, 2, 8],
            "uv": [0, 94]
          },
          {
            "origin": [-7.5, 107, -2],
            "size": [14, 24, 4],
            "uv": [103, 140]
          }
        ]
      },
      {
        "name": "bone4",
        "pivot": [0, 0, 0]
      },
      {
        "name": "bone2",
        "parent": "bone4",
        "pivot": [-54.75, 107, 0],
        "rotation": [0, 0, 20],
        "cubes": [
          {
            "origin": [-61.26631, 104.32893, -2],
            "size": [7, 4, 4],
            "uv": [152, 141]
          }
        ]
      },
      {
        "name": "bone3",
        "parent": "bone4",
        "pivot": [-41.25, 107, 0],
        "rotation": [0, 0, -20],
        "cubes": [
          {
            "origin": [-41.73369, 104.32893, -2],
            "size": [7, 4, 4],
            "uv": [152, 141],
            "mirror": true
          }
        ]
      },
      {
        "name": "bone5",
        "pivot": [0, 0, 0]
      },
      {
        "name": "bone6",
        "parent": "bone5",
        "pivot": [54.75, 107, 0],
        "rotation": [0, 0, -20],
        "cubes": [
          {
            "origin": [54.26631, 104.32893, -2],
            "size": [7, 4, 4],
            "uv": [152, 141],
            "mirror": true
          }
        ]
      },
      {
        "name": "bone7",
        "parent": "bone5",
        "pivot": [41.25, 107, 0],
        "rotation": [0, 0, 20],
        "cubes": [
          {
            "origin": [34.73369, 104.32893, -2],
            "size": [7, 4, 4],
            "uv": [152, 141]
          }
        ]
      }
    ]
  }
}