{
  "format_version": "1.10.0",
  "geometry.model": {
    "texturewidth": 128,
    "textureheight": 128,
    "visible_bounds_width": 2,
    "visible_bounds_height": 1,
    "visible_bounds_offset": [0, 0.5, 0],
    "bones": [
      {
        "name": "bone",
        "pivot": [0, 7.5, 7.25],
        "rotation": [0, 0, -20],
        "cubes": [
          {
            "origin": [-9.5, 5, 4.75],
            "size": [19, 5, 5],
            "uv": [0, 0],
            "inflate": -2.4
          },
          {
            "origin": [-7.7, 7, 6.75],
            "size": [2, 1, 1],
            "uv": [122, 23],
            "inflate": -0.35
          },
          {
            "origin": [2.7, 7, 6.75],
            "size": [1, 1, 1],
            "uv": [117, 16],
            "inflate": -0.36
          },
          {
            "origin": [-7.55, 7, 6.75],
            "size": [1, 1, 1],
            "uv": [122, 23],
            "inflate": -0.3
          }
        ]
      },
      {
        "name": "bone4",
        "parent": "bone",
        "pivot": [-0.5, 0, -0.25],
        "cubes": [
          {
            "origin": [-5.7, 5.9, 5.75],
            "size": [3, 3, 3],
            "uv": [15, 72],
            "inflate": -1.35
          },
          {
            "origin": [-5.4, 5.9, 5.75],
            "size": [3, 3, 3],
            "uv": [15, 72],
            "inflate": -1.35
          }
        ]
      },
      {
        "name": "bone6",
        "parent": "bone4",
        "pivot": [-3.9, 7.4, 7.25],
        "rotation": [0, 0, 20],
        "cubes": [
          {
            "origin": [-5.5, 5.7, 5.55],
            "size": [3, 3, 4],
            "uv": [0, 79],
            "inflate": -1.37
          },
          {
            "origin": [-5.5, 5.7, 6.5],
            "size": [3, 3, 3],
            "uv": [0, 71],
            "inflate": -1.27
          }
        ]
      },
      {
        "name": "bone5",
        "parent": "bone",
        "pivot": [6.3, 0, -0.25],
        "cubes": [
          {
            "origin": [1.1, 5.9, 5.75],
            "size": [3, 3, 3],
            "uv": [15, 72],
            "inflate": -1.35
          },
          {
            "origin": [1.4, 5.9, 5.75],
            "size": [3, 3, 3],
            "uv": [15, 72],
            "inflate": -1.35
          }
        ]
      },
      {
        "name": "bone7",
        "parent": "bone5",
        "pivot": [2.9, 7.4, 7.25],
        "rotation": [0, 0, 20],
        "cubes": [
          {
            "origin": [1.3, 5.7, 5.55],
            "size": [3, 3, 4],
            "uv": [0, 79],
            "inflate": -1.37
          },
          {
            "origin": [1.3, 5.7, 6.5],
            "size": [3, 3, 3],
            "uv": [0, 71],
            "inflate": -1.27
          }
        ]
      },
      {
        "name": "bone2",
        "parent": "bone",
        "pivot": [5.2, 7.5, 7.25],
        "rotation": [45, 0, 0],
        "cubes": [
          {
            "origin": [0.7, 3.5, 4.55],
            "size": [9, 8, 6],
            "uv": [98, 70],
            "inflate": -3.3
          }
        ]
      },
      {
        "name": "bone3",
        "parent": "bone2",
        "pivot": [5.2, 7.5, 7.25],
        "rotation": [-90, 0, 0],
        "cubes": [
          {
            "origin": [0.7, 3.5, 4.55],
            "size": [9, 8, 6],
            "uv": [98, 70],
            "inflate": -3.3
          }
        ]
      },
      {
        "name": "bone8",
        "parent": "bone",
        "pivot": [6.22939, 6.28192, 7.25],
        "rotation": [0, 0, 20],
        "cubes": [
          {
            "origin": [2.5, 4.78192, 6.75],
            "size": [1, 2, 1],
            "uv": [124, 16],
            "inflate": -0.45
          },
          {
            "origin": [-12.5, -10.21808, -7.25],
            "size": [31, 30, 29],
            "uv": [0, 69],
            "inflate": -14.35
          }
        ]
      },
      {
        "name": "bone9",
        "parent": "bone8",
        "pivot": [3.87939, 5.43192, 7.25],
        "rotation": [0, 0, 10],
        "cubes": [
          {
            "origin": [-0.37411, 1.82891, 3.75],
            "size": [7.87, 7, 7],
            "uv": [100, 0],
            "inflate": -3.35
          }
        ]
      },
      {
        "name": "bone10",
        "parent": "bone8",
        "pivot": [2.12061, 5.43192, 7.25],
        "rotation": [0, 0, -10],
        "cubes": [
          {
            "origin": [-1.49589, 1.82891, 3.75],
            "size": [7.87, 7, 7],
            "uv": [100, 0],
            "inflate": -3.35,
            "mirror": true
          }
        ]
      },
      {
        "name": "bone11",
        "parent": "bone",
        "pivot": [3.2, 7.48192, 7.25],
        "rotation": [-25, -20, -25],
        "cubes": [
          {
            "origin": [2.7, 5.98192, 6.75],
            "size": [1, 2, 1],
            "uv": [124, 16],
            "inflate": -0.47
          },
          {
            "origin": [0.65, 4.6, 4.55],
            "size": [5, 5, 5],
            "uv": [0, 15],
            "inflate": -2.36
          },
          {
            "origin": [0.85, 4.5, 4.85],
            "size": [5, 5, 5],
            "uv": [0, 15],
            "inflate": -2.36
          }
        ]
      },
      {
        "name": "bone12",
        "parent": "bone11",
        "pivot": [3.2, 6.48192, 7.25],
        "rotation": [30, -35, 15],
        "cubes": [
          {
            "origin": [-14.8, -13.01808, -9.25],
            "size": [36, 36, 33],
            "uv": [0, 0],
            "inflate": -16.5
          }
        ]
      }
    ]
  }
}