{
  "format_version": "1.10.0",
  "geometry.model": {
    "texturewidth": 512,
    "textureheight": 512,
    "visible_bounds_width": 11,
    "visible_bounds_height": 12,
    "visible_bounds_offset": [0, 6, 0],
    "bones": [
      {
        "name": "bone",
        "pivot": [0, 0, 0],
        "cubes": [
          {
            "origin": [-56, 40, -8],
            "size": [16, 85, 16],
            "uv": [449, 150]
          },
          {
            "origin": [40, 40, -8],
            "size": [16, 85, 16],
            "uv": [449, 150]
          },
          {
            "origin": [-80, 131, -12],
            "size": [160, 10, 24],
            "uv": [128, 469]
          },
          {
            "origin": [-76, 94, -3],
            "size": [152, 11, 6],
            "uv": [138, 460]
          },
          {
            "origin": [-57, 0, -9],
            "size": [18, 41, 18],
            "uv": [441, 260]
          },
          {
            "origin": [39, 0, -9],
            "size": [18, 41, 18],
            "uv": [441, 260]
          },
          {
            "origin": [-85, 141, -14],
            "size": [170, 5, 28],
            "uv": [0, 48]
          },
          {
            "origin": [-59, 125, -11],
            "size": [22, 6, 22],
            "uv": [352, 147]
          },
          {
            "origin": [37, 125, -11],
            "size": [22, 6, 22],
            "uv": [352, 147]
          },
          {
            "origin": [-78, 105, -4],
            "size": [156, 2, 8],
            "uv": [56, 490]
          },
          {
            "origin": [-7.5, 107, -2],
            "size": [14, 24, 4],
            "uv": [419, 112]
          },
          {
            "origin": [-57.5, -17, -9.5],
            "size": [19, 27, 19],
            "uv": [204, 318]
          },
          {
            "origin": [38.5, -17, -9.5],
            "size": [19, 27, 19],
            "uv": [204, 318]
          },
          {
            "origin": [-54.5, -11, -40.5],
            "size": [13, 18, 13],
            "uv": [288, 327]
          },
          {
            "origin": [-54.5, -11, 27.5],
            "size": [13, 18, 13],
            "uv": [288, 327]
          },
          {
            "origin": [41.5, -11, -40.5],
            "size": [13, 18, 13],
            "uv": [288, 327]
          },
          {
            "origin": [41.5, -11, 27.5],
            "size": [13, 18, 13],
            "uv": [288, 327]
          },
          {
            "origin": [-53.5, -7, -27.5],
            "size": [11, 11, 55],
            "uv": [204, 318]
          },
          {
            "origin": [-55.5, -8, -17],
            "size": [15, 13, 34],
            "uv": [204, 318]
          },
          {
            "origin": [40.5, -8, -17],
            "size": [15, 13, 34],
            "uv": [204, 318],
            "mirror": true
          },
          {
            "origin": [42.5, -7, -27.5],
            "size": [11, 11, 55],
            "uv": [204, 318],
            "mirror": true
          }
        ]
      },
      {
        "name": "bone10",
        "parent": "bone",
        "pivot": [0, 0, 0],
        "cubes": [
          {
            "origin": [46, 48, -41],
            "size": [4, 12, 82],
            "uv": [339, 408]
          },
          {
            "origin": [46, 18, -42.5],
            "size": [4, 12, 85],
            "uv": [339, 408]
          }
        ]
      },
      {
        "name": "bone9",
        "parent": "bone10",
        "pivot": [0, 0, 0],
        "cubes": [
          {
            "origin": [42, 0, -40],
            "size": [12, 41, 12],
            "uv": [465, 50]
          },
          {
            "origin": [42, 65, -40],
            "size": [12, 4, 12],
            "uv": [464, 419]
          },
          {
            "origin": [43, 41, -39],
            "size": [10, 25, 10],
            "uv": [83, 441]
          }
        ]
      },
      {
        "name": "bone8",
        "parent": "bone9",
        "pivot": [48, 62, -34],
        "rotation": [5, 0, 0],
        "cubes": [
          {
            "origin": [40, 67.96956, -49.30275],
            "size": [16, 4, 32],
            "uv": [321, 335]
          }
        ]
      },
      {
        "name": "bone11",
        "parent": "bone10",
        "pivot": [0, 0, 0],
        "cubes": [
          {
            "origin": [42, 0, 28],
            "size": [12, 41, 12],
            "uv": [465, 50]
          },
          {
            "origin": [42, 65, 28],
            "size": [12, 4, 12],
            "uv": [464, 419]
          },
          {
            "origin": [43, 41, 29],
            "size": [10, 25, 10],
            "uv": [83, 441]
          }
        ]
      },
      {
        "name": "bone12",
        "parent": "bone11",
        "pivot": [48, 62, 34],
        "rotation": [-5, 0, 0],
        "cubes": [
          {
            "origin": [40, 67.96956, 17.30275],
            "size": [16, 4, 32],
            "uv": [321, 335]
          }
        ]
      },
      {
        "name": "bone13",
        "parent": "bone",
        "pivot": [0, 0, 0],
        "cubes": [
          {
            "origin": [-50, 48, -41],
            "size": [4, 12, 82],
            "uv": [339, 408],
            "mirror": true
          },
          {
            "origin": [-50, 18, -42.5],
            "size": [4, 12, 85],
            "uv": [339, 408],
            "mirror": true
          }
        ]
      },
      {
        "name": "bone14",
        "parent": "bone13",
        "pivot": [0, 0, 0],
        "cubes": [
          {
            "origin": [-54, 0, -40],
            "size": [12, 41, 12],
            "uv": [465, 50]
          },
          {
            "origin": [-54, 65, -40],
            "size": [12, 4, 12],
            "uv": [464, 419],
            "mirror": true
          },
          {
            "origin": [-53, 41, -39],
            "size": [10, 25, 10],
            "uv": [83, 441],
            "mirror": true
          }
        ]
      },
      {
        "name": "bone15",
        "parent": "bone14",
        "pivot": [-48, 62, -34],
        "rotation": [5, 0, 0],
        "cubes": [
          {
            "origin": [-56, 67.96956, -49.30275],
            "size": [16, 4, 32],
            "uv": [321, 335],
            "mirror": true
          }
        ]
      },
      {
        "name": "bone16",
        "parent": "bone13",
        "pivot": [0, 0, 0],
        "cubes": [
          {
            "origin": [-54, 0, 28],
            "size": [12, 41, 12],
            "uv": [465, 50]
          },
          {
            "origin": [-54, 65, 28],
            "size": [12, 4, 12],
            "uv": [464, 419],
            "mirror": true
          },
          {
            "origin": [-53, 41, 29],
            "size": [10, 25, 10],
            "uv": [83, 441],
            "mirror": true
          }
        ]
      },
      {
        "name": "bone17",
        "parent": "bone16",
        "pivot": [-48, 62, 34],
        "rotation": [-5, 0, 0],
        "cubes": [
          {
            "origin": [-56, 67.96956, 17.30275],
            "size": [16, 4, 32],
            "uv": [321, 335],
            "mirror": true
          }
        ]
      },
      {
        "name": "bone4",
        "parent": "bone",
        "pivot": [0, 0, 0]
      },
      {
        "name": "bone2",
        "parent": "bone4",
        "pivot": [-54.75, 107, 0],
        "rotation": [0, 0, 20],
        "cubes": [
          {
            "origin": [-61.26631, 104.32893, -2],
            "size": [7, 4, 4],
            "uv": [393, 132]
          }
        ]
      },
      {
        "name": "bone3",
        "parent": "bone4",
        "pivot": [-41.25, 107, 0],
        "rotation": [0, 0, -20],
        "cubes": [
          {
            "origin": [-41.73369, 104.32893, -2],
            "size": [7, 4, 4],
            "uv": [393, 132],
            "mirror": true
          }
        ]
      },
      {
        "name": "bone5",
        "parent": "bone",
        "pivot": [0, 0, 0]
      },
      {
        "name": "bone6",
        "parent": "bone5",
        "pivot": [54.75, 107, 0],
        "rotation": [0, 0, -20],
        "cubes": [
          {
            "origin": [54.26631, 104.32893, -2],
            "size": [7, 4, 4],
            "uv": [393, 132],
            "mirror": true
          }
        ]
      },
      {
        "name": "bone7",
        "parent": "bone5",
        "pivot": [41.25, 107, 0],
        "rotation": [0, 0, 20],
        "cubes": [
          {
            "origin": [34.73369, 104.32893, -2],
            "size": [7, 4, 4],
            "uv": [393, 132]
          }
        ]
      },
      {
        "name": "bone18",
        "pivot": [0, -137, 0],
        "cubes": [
          {
            "origin": [43.5, -28, 29.5],
            "size": [9, 28, 9],
            "uv": [465, 92]
          },
          {
            "origin": [40.5, -41, -7.5],
            "size": [15, 41, 15],
            "uv": [441, 301]
          },
          {
            "origin": [43.5, -28, -38.5],
            "size": [9, 28, 9],
            "uv": [465, 92]
          },
          {
            "origin": [-52.5, -28, 29.5],
            "size": [9, 28, 9],
            "uv": [465, 92]
          },
          {
            "origin": [-55.5, -41, -7.5],
            "size": [15, 41, 15],
            "uv": [441, 301]
          },
          {
            "origin": [-52.5, -28, -38.5],
            "size": [9, 28, 9],
            "uv": [465, 92]
          },
          {
            "origin": [46, -45, -36],
            "size": [4, 17, 4],
            "uv": [465, 92]
          },
          {
            "origin": [46, -45, 32],
            "size": [4, 17, 4],
            "uv": [465, 92]
          },
          {
            "origin": [-50, -45, 32],
            "size": [4, 17, 4],
            "uv": [465, 92]
          },
          {
            "origin": [-50, -45, -36],
            "size": [4, 17, 4],
            "uv": [465, 92]
          },
          {
            "origin": [44.5, -65, -3.5],
            "size": [7, 24, 7],
            "uv": [477, 370]
          },
          {
            "origin": [-51.5, -65, -3.5],
            "size": [7, 24, 7],
            "uv": [477, 370]
          }
        ]
      }
    ]
  }
}