{
  "pack_name": "{pack.alicesdolls.name}",
  "author": ["iwa_yukinoshita"],
  "description": ["{pack.alicesdolls.desc.1}", "{pack.alicesdolls.desc.2}", "{pack.alicesdolls.desc.3}"],
  "version": "1.0.0",
  "date": "2020-01-26",
  "icon": "alicesdolls:textures/icon.png",
  "model_list": [
    {
      "model_id": "alicesdolls:bare",
      "model": "alicesdolls:models/entity/model.json",
      "texture": "alicesdolls:textures/entity/bare.png",
      "animation": ["alicesdolls:animation/dolls.default.js"],
      "show_backpack": false
    },
    {
      "model_id": "alicesdolls:germany",
      "model": "alicesdolls:models/entity/model.json",
      "texture": "alicesdolls:textures/entity/germany.png",
      "animation": ["alicesdolls:animation/dolls.default.js"],
      "show_backpack": false
    },
    {
      "model_id": "alicesdolls:grandguignol",
      "model": "alicesdolls:models/entity/model.json",
      "texture": "alicesdolls:textures/entity/grandguignol.png",
      "animation": ["alicesdolls:animation/dolls.default.js"],
      "show_backpack": false
    },
    {
      "model_id": "alicesdolls:horai",
      "model": "alicesdolls:models/entity/model.json",
      "texture": "alicesdolls:textures/entity/horai.png",
      "animation": ["alicesdolls:animation/dolls.default.js"],
      "show_backpack": false
    },
    {
      "model_id": "alicesdolls:london",
      "model": "alicesdolls:models/entity/model.json",
      "texture": "alicesdolls:textures/entity/london.png",
      "animation": ["alicesdolls:animation/dolls.default.js"],
      "show_backpack": false
    },
    {
      "model_id": "alicesdolls:ooedo",
      "model": "alicesdolls:models/entity/model.json",
      "texture": "alicesdolls:textures/entity/ooedo.png",
      "animation": ["alicesdolls:animation/dolls.default.js"],
      "show_backpack": false
    },
    {
      "model_id": "alicesdolls:russia",
      "model": "alicesdolls:models/entity/model.json",
      "texture": "alicesdolls:textures/entity/russia.png",
      "animation": ["alicesdolls:animation/dolls.default.js"],
      "show_backpack": false
    },
    {
      "model_id": "alicesdolls:shanghai",
      "model": "alicesdolls:models/entity/model.json",
      "texture": "alicesdolls:textures/entity/shanghai.png",
      "animation": ["alicesdolls:animation/dolls.default.js"],
      "show_backpack": false
    }
  ]
}