{
	"format_version": "1.10.0",
	"geometry.model": {
		"texturewidth": 128,
		"textureheight": 128,
		"visible_bounds_width": 3,
		"visible_bounds_height": 3,
		"visible_bounds_offset": [0, 0, 0],
		"bones": [
			{
				"name": "head",
				"pivot": [0, 18.2, 0]
			},
			{
				"name": "_helmet",
				"parent": "head",
				"pivot": [0, 18.2, 0],
				"cubes": [
					{"origin": [-4, 18.2, -4], "size": [8, 8, 8], "uv": [96, 106]},
					{"origin": [-4.25, 17.95, -4.25], "size": [8.5, 8.5, 8.5], "uv": [32, 47]}
				]
			},
			{
				"name": "blink",
				"parent": "_helmet",
				"pivot": [0, 18.2, 0],
				"cubes": [
					{"origin": [-4, 18.15, -4.001], "size": [8, 8, 0], "uv": [104, 98]}
				]
			},
			{
				"name": "xiaobianzi",
				"parent": "_helmet",
				"pivot": [-8, 18.5, 0]
			},
			{
				"name": "you2",
				"parent": "xiaobianzi",
				"pivot": [4, 25.5, 0],
				"rotation": [0, 0, -5],
				"cubes": [
					{"origin": [4, 20.5, -0.5], "size": [1, 5, 1], "uv": [124, 122]}
				]
			},
			{
				"name": "zuo2",
				"parent": "xiaobianzi",
				"pivot": [-4, 25.5, 0],
				"rotation": [0, 0, 5],
				"cubes": [
					{"origin": [-5, 20.5, -0.5], "size": [1, 5, 1], "uv": [124, 122]}
				]
			},
			{
				"name": "changfa",
				"parent": "_helmet",
				"pivot": [0, 20.2, 3]
			},
			{
				"name": "01",
				"parent": "changfa",
				"pivot": [4, 21.2, 4],
				"rotation": [5, 0, -4],
				"cubes": [
					{"origin": [3, 7.2, 3], "size": [1, 13, 1], "uv": [96, 71]}
				]
			},
			{
				"name": "02",
				"parent": "changfa",
				"pivot": [3, 20.2, 4],
				"rotation": [5, 0, -2.5],
				"cubes": [
					{"origin": [2, 6.95, 3], "size": [1, 13.25, 1], "uv": [101, 71]}
				]
			},
			{
				"name": "03",
				"parent": "changfa",
				"pivot": [2, 20.2, 4],
				"rotation": [5, 0, -1],
				"cubes": [
					{"origin": [1, 6.7, 3], "size": [1, 13.5, 1], "uv": [106, 84]}
				]
			},
			{
				"name": "04",
				"parent": "changfa",
				"pivot": [1, 20.2, 4],
				"rotation": [5, 0, -0.5],
				"cubes": [
					{"origin": [0, 6.45, 3], "size": [1, 13.75, 1], "uv": [115, 74]}
				]
			},
			{
				"name": "05",
				"parent": "changfa",
				"pivot": [-1, 20.2, 4],
				"rotation": [5, 0, 0.5],
				"cubes": [
					{"origin": [-1, 6.45, 3], "size": [1, 13.75, 1], "uv": [116, 80]}
				]
			},
			{
				"name": "06",
				"parent": "changfa",
				"pivot": [-2, 20.2, 4],
				"rotation": [5, 0, 1],
				"cubes": [
					{"origin": [-2, 6.7, 3], "size": [1, 13.5, 1], "uv": [100, 82]}
				]
			},
			{
				"name": "07",
				"parent": "changfa",
				"pivot": [-2, 20.2, 4],
				"rotation": [5, 0, 2.5],
				"cubes": [
					{"origin": [-3, 6.95, 3], "size": [1, 13.25, 1], "uv": [108, 74]}
				]
			},
			{
				"name": "08",
				"parent": "changfa",
				"pivot": [-4, 20.2, 4],
				"rotation": [5, 0, 4],
				"cubes": [
					{"origin": [-4, 7.2, 3], "size": [1, 13, 1], "uv": [114, 82]}
				]
			},
			{
				"name": "09",
				"parent": "changfa",
				"pivot": [4, 20.2, 3],
				"rotation": [5, 0, -10],
				"cubes": [
					{"origin": [3, 7.2, 2], "size": [1, 13, 1], "uv": [107, 75]}
				]
			},
			{
				"name": "10",
				"parent": "changfa",
				"pivot": [4, 20.2, 2],
				"rotation": [2.5, 0, -15],
				"cubes": [
					{"origin": [3, 7.2, 1], "size": [1, 13, 1], "uv": [114, 72]}
				]
			},
			{
				"name": "11",
				"parent": "changfa",
				"pivot": [-4, 20.2, 2],
				"rotation": [5, 0, 10],
				"cubes": [
					{"origin": [-4, 7.2, 2], "size": [1, 13, 1], "uv": [108, 82]}
				]
			},
			{
				"name": "12",
				"parent": "changfa",
				"pivot": [-4, 20.2, 1],
				"rotation": [2.5, 0, 15],
				"cubes": [
					{"origin": [-4, 7.2, 1], "size": [1, 13, 1], "uv": [99, 82]}
				]
			},
			{
				"name": "13",
				"parent": "changfa",
				"pivot": [0, 20.2, 3],
				"rotation": [5, 0, 0],
				"cubes": [
					{"origin": [3, 10.2, 1], "size": [1, 10, 1], "uv": [104, 78]},
					{"origin": [-4, 10.2, 1], "size": [1, 10, 1], "uv": [104, 78]},
					{"origin": [-4, 10.2, 2], "size": [1, 10, 1], "uv": [104, 78]},
					{"origin": [3, 10.2, 2], "size": [1, 10, 1], "uv": [104, 78]}
				]
			},
			{
				"name": "duanfa",
				"parent": "_helmet",
				"pivot": [0, 20.2, 3]
			},
			{
				"name": "003",
				"parent": "duanfa",
				"pivot": [-4, 20.2, -2],
				"rotation": [47.5, 0, 2.5],
				"cubes": [
					{"origin": [-4, 15.7, -2], "size": [1, 4.5, 1], "uv": [112, 88]}
				]
			},
			{
				"name": "001",
				"parent": "duanfa",
				"pivot": [-4, 20.2, 0],
				"rotation": [22.5, 0, 12.5],
				"cubes": [
					{"origin": [-4, 17.2, 0], "size": [1, 3, 1], "uv": [112, 88]}
				]
			},
			{
				"name": "002",
				"parent": "duanfa",
				"pivot": [-4, 20.2, -1],
				"rotation": [37.5, 0, 10],
				"cubes": [
					{"origin": [-4, 16.7, -1], "size": [1, 3.5, 1], "uv": [112, 88]}
				]
			},
			{
				"name": "004",
				"parent": "duanfa",
				"pivot": [4, 20.2, 0],
				"rotation": [22.5, 0, -12.5],
				"cubes": [
					{"origin": [3, 17.2, 0], "size": [1, 3, 1], "uv": [112, 88]}
				]
			},
			{
				"name": "005",
				"parent": "duanfa",
				"pivot": [4, 20.2, -1],
				"rotation": [37.5, 0, -10],
				"cubes": [
					{"origin": [3, 16.7, -1], "size": [1, 3.5, 1], "uv": [112, 88]}
				]
			},
			{
				"name": "006",
				"parent": "duanfa",
				"pivot": [4, 20.2, -2],
				"rotation": [47.5, 0, -2.5],
				"cubes": [
					{"origin": [3, 15.7, -2], "size": [1, 4.5, 1], "uv": [112, 88]}
				]
			},
			{
				"name": "007",
				"parent": "duanfa",
				"pivot": [4, 20.2, -2],
				"rotation": [-17.5, 0, -2.5],
				"cubes": [
					{"origin": [3, 15.7, -2], "size": [1, 4.5, 1], "uv": [112, 88]}
				]
			},
			{
				"name": "008",
				"parent": "duanfa",
				"pivot": [-4, 20.2, -2],
				"rotation": [-17.5, 0, 2.5],
				"cubes": [
					{"origin": [-4, 15.7, -2], "size": [1, 4.5, 1], "uv": [112, 88]}
				]
			},
			{
				"name": "009",
				"parent": "duanfa",
				"pivot": [4, 20.2, -1],
				"rotation": [-25, 0, -5],
				"cubes": [
					{"origin": [3, 16.7, -1], "size": [1, 3.5, 1], "uv": [112, 88]}
				]
			},
			{
				"name": "010",
				"parent": "duanfa",
				"pivot": [-4, 20.2, -1],
				"rotation": [-25, 0, 5],
				"cubes": [
					{"origin": [-4, 16.7, -1], "size": [1, 3.5, 1], "uv": [112, 88]}
				]
			},
			{
				"name": "011",
				"parent": "duanfa",
				"pivot": [4, 20.2, -3],
				"rotation": [-12.5, 0, 5],
				"cubes": [
					{"origin": [3, 16.7, -3], "size": [1, 2.5, 1], "uv": [112, 88]}
				]
			},
			{
				"name": "012",
				"parent": "duanfa",
				"pivot": [-4, 20.2, -3],
				"rotation": [-12.5, 0, -2.5],
				"cubes": [
					{"origin": [-4, 16.7, -3], "size": [1, 2.5, 1], "uv": [112, 88]}
				]
			},
			{
				"name": "helmet",
				"parent": "head",
				"pivot": [0, 18.2, 0],
				"cubes": [
					{"origin": [-4, 18.2, -4], "size": [8, 8, 8], "uv": [96, 54]},
					{"origin": [-4.25, 17.95, -4.25], "size": [8.5, 8.5, 8.5], "uv": [32, 63]}
				]
			},
			{
				"name": "xiaobianzi2",
				"parent": "helmet",
				"pivot": [-8, 18.5, 0]
			},
			{
				"name": "you6",
				"parent": "xiaobianzi2",
				"pivot": [4, 25.5, 0],
				"rotation": [0, 0, -5],
				"cubes": [
					{"origin": [4, 20.5, -0.5], "size": [1, 5, 1], "uv": [109, 27]}
				]
			},
			{
				"name": "zuo6",
				"parent": "xiaobianzi2",
				"pivot": [-4, 25.5, 0],
				"rotation": [0, 0, 5],
				"cubes": [
					{"origin": [-5, 20.5, -0.5], "size": [1, 5, 1], "uv": [109, 27]}
				]
			},
			{
				"name": "changfa2",
				"parent": "helmet",
				"pivot": [0, 20.2, 3]
			},
			{
				"name": "22",
				"parent": "changfa2",
				"pivot": [4, 21.2, 4],
				"rotation": [5, 0, -4],
				"cubes": [
					{"origin": [3, 7.2, 3], "size": [1, 13, 1], "uv": [99, 28]}
				]
			},
			{
				"name": "23",
				"parent": "changfa2",
				"pivot": [3, 20.2, 4],
				"rotation": [5, 0, -2.5],
				"cubes": [
					{"origin": [2, 6.95, 3], "size": [1, 13.25, 1], "uv": [110, 29]}
				]
			},
			{
				"name": "24",
				"parent": "changfa2",
				"pivot": [2, 20.2, 4],
				"rotation": [5, 0, -1],
				"cubes": [
					{"origin": [1, 6.7, 3], "size": [1, 13.5, 1], "uv": [114, 31]}
				]
			},
			{
				"name": "25",
				"parent": "changfa2",
				"pivot": [1, 20.2, 4],
				"rotation": [5, 0, -0.5],
				"cubes": [
					{"origin": [0, 6.45, 3], "size": [1, 13.75, 1], "uv": [107, 31]}
				]
			},
			{
				"name": "26",
				"parent": "changfa2",
				"pivot": [-1, 20.2, 4],
				"rotation": [5, 0, 0.5],
				"cubes": [
					{"origin": [-1, 6.45, 3], "size": [1, 13.75, 1], "uv": [103, 28]}
				]
			},
			{
				"name": "27",
				"parent": "changfa2",
				"pivot": [-2, 20.2, 4],
				"rotation": [5, 0, 1],
				"cubes": [
					{"origin": [-2, 6.7, 3], "size": [1, 13.5, 1], "uv": [103, 29]}
				]
			},
			{
				"name": "28",
				"parent": "changfa2",
				"pivot": [-2, 20.2, 4],
				"rotation": [5, 0, 2.5],
				"cubes": [
					{"origin": [-3, 6.95, 3], "size": [1, 13.25, 1], "uv": [112, 25]}
				]
			},
			{
				"name": "29",
				"parent": "changfa2",
				"pivot": [-4, 20.2, 4],
				"rotation": [5, 0, 4],
				"cubes": [
					{"origin": [-4, 7.2, 3], "size": [1, 13, 1], "uv": [106, 30]}
				]
			},
			{
				"name": "30",
				"parent": "changfa2",
				"pivot": [4, 20.2, 3],
				"rotation": [5, 0, -10],
				"cubes": [
					{"origin": [3, 7.2, 2], "size": [1, 13, 1], "uv": [112, 25]}
				]
			},
			{
				"name": "31",
				"parent": "changfa2",
				"pivot": [4, 20.2, 2],
				"rotation": [2.5, 0, -15],
				"cubes": [
					{"origin": [3, 7.2, 1], "size": [1, 13, 1], "uv": [114, 31]}
				]
			},
			{
				"name": "32",
				"parent": "changfa2",
				"pivot": [-4, 20.2, 2],
				"rotation": [5, 0, 10],
				"cubes": [
					{"origin": [-4, 7.2, 2], "size": [1, 13, 1], "uv": [96, 30]}
				]
			},
			{
				"name": "33",
				"parent": "changfa2",
				"pivot": [-4, 20.2, 1],
				"rotation": [2.5, 0, 15],
				"cubes": [
					{"origin": [-4, 7.2, 1], "size": [1, 13, 1], "uv": [112, 22]}
				]
			},
			{
				"name": "34",
				"parent": "changfa2",
				"pivot": [0, 20.2, 3],
				"rotation": [5, 0, 0],
				"cubes": [
					{"origin": [3, 10.2, 1], "size": [1, 10, 1], "uv": [114, 31]},
					{"origin": [-4, 10.2, 1], "size": [1, 10, 1], "uv": [114, 31]},
					{"origin": [-4, 10.2, 2], "size": [1, 10, 1], "uv": [114, 31]},
					{"origin": [3, 10.2, 2], "size": [1, 10, 1], "uv": [114, 31]}
				]
			},
			{
				"name": "duanfa2",
				"parent": "helmet",
				"pivot": [0, 20.2, 3]
			},
			{
				"name": "35",
				"parent": "duanfa2",
				"pivot": [-4, 20.2, -2],
				"rotation": [47.5, 0, 2.5],
				"cubes": [
					{"origin": [-4, 15.7, -2], "size": [1, 4.5, 1], "uv": [98, 66]}
				]
			},
			{
				"name": "36",
				"parent": "duanfa2",
				"pivot": [-4, 20.2, 0],
				"rotation": [22.5, 0, 12.5],
				"cubes": [
					{"origin": [-4, 17.2, 0], "size": [1, 3, 1], "uv": [98, 66]}
				]
			},
			{
				"name": "37",
				"parent": "duanfa2",
				"pivot": [-4, 20.2, -1],
				"rotation": [37.5, 0, 10],
				"cubes": [
					{"origin": [-4, 16.7, -1], "size": [1, 3.5, 1], "uv": [98, 66]}
				]
			},
			{
				"name": "38",
				"parent": "duanfa2",
				"pivot": [4, 20.2, 0],
				"rotation": [22.5, 0, -12.5],
				"cubes": [
					{"origin": [3, 17.2, 0], "size": [1, 3, 1], "uv": [98, 66]}
				]
			},
			{
				"name": "39",
				"parent": "duanfa2",
				"pivot": [4, 20.2, -1],
				"rotation": [37.5, 0, -10],
				"cubes": [
					{"origin": [3, 16.7, -1], "size": [1, 3.5, 1], "uv": [98, 66]}
				]
			},
			{
				"name": "40",
				"parent": "duanfa2",
				"pivot": [4, 20.2, -2],
				"rotation": [47.5, 0, -2.5],
				"cubes": [
					{"origin": [3, 15.7, -2], "size": [1, 4.5, 1], "uv": [98, 66]}
				]
			},
			{
				"name": "41",
				"parent": "duanfa2",
				"pivot": [4, 20.2, -2],
				"rotation": [-17.5, 0, -2.5],
				"cubes": [
					{"origin": [3, 15.7, -2], "size": [1, 4.5, 1], "uv": [98, 66]}
				]
			},
			{
				"name": "42",
				"parent": "duanfa2",
				"pivot": [-4, 20.2, -2],
				"rotation": [-17.5, 0, 2.5],
				"cubes": [
					{"origin": [-4, 15.7, -2], "size": [1, 4.5, 1], "uv": [98, 66]}
				]
			},
			{
				"name": "43",
				"parent": "duanfa2",
				"pivot": [4, 20.2, -1],
				"rotation": [-25, 0, -5],
				"cubes": [
					{"origin": [3, 16.7, -1], "size": [1, 3.5, 1], "uv": [98, 66]}
				]
			},
			{
				"name": "44",
				"parent": "duanfa2",
				"pivot": [-4, 20.2, -1],
				"rotation": [-25, 0, 5],
				"cubes": [
					{"origin": [-4, 16.7, -1], "size": [1, 3.5, 1], "uv": [98, 66]}
				]
			},
			{
				"name": "45",
				"parent": "duanfa2",
				"pivot": [4, 20.2, -3],
				"rotation": [-12.5, 0, 5],
				"cubes": [
					{"origin": [3, 16.7, -3], "size": [1, 2.5, 1], "uv": [98, 66]}
				]
			},
			{
				"name": "46",
				"parent": "duanfa2",
				"pivot": [-4, 20.2, -3],
				"rotation": [-12.5, 0, -2.5],
				"cubes": [
					{"origin": [-4, 16.7, -3], "size": [1, 2.5, 1], "uv": [98, 66]}
				]
			},
			{
				"name": "hurtBlink",
				"parent": "helmet",
				"pivot": [0, 18.2, 0]
			},
			{
				"name": "blink2",
				"parent": "hurtBlink",
				"pivot": [0, 18.2, 0],
				"cubes": [
					{"origin": [-4, 18.15, -4.001], "size": [8, 8, 0], "uv": [104, 46]}
				]
			},
			{
				"name": "armRight",
				"pivot": [-2.5, 17.25, 0],
				"rotation": [0, 0, 15],
				"cubes": [
					{"origin": [-4.5, 8.25, -1], "size": [2, 8, 2], "uv": [85, 58]},
					{"origin": [-4.6, 9.25, -1.1], "size": [2.2, 8, 2.2], "uv": [102, 4]},
					{"origin": [-4.6, 17.25, -0.85], "size": [2.2, 0.1, 1.7], "uv": [80, 50]},
					{"origin": [-4.5, 17.3, -0.65], "size": [1.9, 0.1, 1.25], "uv": [88, 57]},
					{"origin": [-4, 17.4, -0.25], "size": [0.5, 0.1, 0.5], "uv": [84, 52]},
					{"origin": [-4.7, 9.25, -1.2], "size": [2.4, 1.6, 2.4], "uv": [119, 14]},
					{"origin": [-4.8, 10.55, -1.3], "size": [2.6, 0.1, 2.6], "uv": [83, 50]},
					{"origin": [-4.8, 10.25, -1.3], "size": [2.6, 0.1, 2.6], "uv": [88, 49]}
				]
			},
			{
				"name": "chestPlateLeft",
				"parent": "armRight",
				"pivot": [-2.5, 17.25, 0],
				"cubes": [
					{"origin": [-4.6, 8.15, -1.1], "size": [2.2, 1.1, 2.2], "uv": [79, 6]},
					{"origin": [-4.9, 9.15, -1.4], "size": [2.8, 4.25, 2.8], "uv": [8, 72]},
					{"origin": [-5, 11.95, -1.1], "size": [0.2, 2.35, 2.2], "uv": [8, 29]},
					{"origin": [-5, 9.55, -1.5], "size": [3, 0.4, 3], "uv": [9, 13]},
					{"origin": [-5.1, 9.95, -1.6], "size": [3.2, 0.4, 3.2], "uv": [6, 34]},
					{"origin": [-5, 14.85, -1.3], "size": [1.9, 2.9, 2.4], "uv": [12, 30]},
					{"origin": [-5.1, 14.95, -0.3], "size": [1.8, 2.9, 0.4], "uv": [13, 56]},
					{"origin": [-5.1, 16.65, -1.4], "size": [1.9, 0.5, 2.6], "uv": [10, 56]},
					{"origin": [-3.3, 14.95, -1.4], "size": [0.2, 3, 2.7], "uv": [16, 74]},
					{"origin": [-5.2, 14.85, -1.5], "size": [2.1, 0.2, 2.8], "uv": [8, 74]}
				]
			},
			{
				"name": "armLeft",
				"pivot": [2.5, 17.25, 0],
				"rotation": [0, 0, -15],
				"cubes": [
					{"origin": [2.5, 8.25, -1], "size": [2, 8, 2], "uv": [83, 57]},
					{"origin": [2.4, 9.25, -1.1], "size": [2.2, 8, 2.2], "uv": [111, 5]},
					{"origin": [2.4, 17.25, -0.85], "size": [2.2, 0.1, 1.7], "uv": [85, 49]},
					{"origin": [2.6, 17.3, -0.65], "size": [1.9, 0.1, 1.25], "uv": [86, 60]},
					{"origin": [3.5, 17.4, -0.25], "size": [0.5, 0.1, 0.5], "uv": [87, 50]},
					{"origin": [2.3, 9.25, -1.2], "size": [2.4, 1.6, 2.4], "uv": [107, 10]},
					{"origin": [2.2, 10.55, -1.3], "size": [2.6, 0.1, 2.6], "uv": [82, 49]},
					{"origin": [2.2, 10.25, -1.3], "size": [2.6, 0.1, 2.6], "uv": [84, 49]}
				]
			},
			{
				"name": "chestPlateMiddle",
				"parent": "armLeft",
				"pivot": [9.5, 17.25, 0],
				"cubes": [
					{"origin": [2.8, 14.75, -1.5], "size": [2.1, 0.2, 2.8], "uv": [11, 73]},
					{"origin": [2.4, 8.15, -1.1], "size": [2.2, 1.1, 2.2], "uv": [112, 8]},
					{"origin": [2.1, 9.15, -1.4], "size": [2.8, 4.25, 2.8], "uv": [9, 71]},
					{"origin": [4.8, 11.95, -1.1], "size": [0.2, 2.35, 2.2], "uv": [10, 32]},
					{"origin": [2, 9.55, -1.5], "size": [3, 0.4, 3], "uv": [7, 14]},
					{"origin": [1.9, 9.95, -1.6], "size": [3.2, 0.4, 3.2], "uv": [5, 39]},
					{"origin": [2.8, 14.75, -1.3], "size": [1.9, 3, 2.4], "uv": [8, 29]},
					{"origin": [3, 14.95, -0.3], "size": [1.8, 2.9, 0.4], "uv": [10, 56]},
					{"origin": [2.9, 16.65, -1.4], "size": [1.9, 0.5, 2.6], "uv": [12, 59]},
					{"origin": [2.8, 14.95, -1.4], "size": [0.2, 3, 2.7], "uv": [16, 72]}
				]
			},
			{
				"name": "body",
				"pivot": [0, 10.5, 0],
				"cubes": [
					{"origin": [-1.5, 15.999, -1.5], "size": [3, 3, 3.25], "uv": [78, 57]}
				]
			},
			{
				"name": "yiling",
				"parent": "body",
				"pivot": [0, 13.9, 0],
				"cubes": [
					{"origin": [0.3, 17.649, -3], "size": [1.7, 0.45, 6], "uv": [104, 5]},
					{"origin": [-2, 17.649, -3], "size": [1.7, 0.45, 6], "uv": [102, 9]},
					{"origin": [-2, 18.049, -3], "size": [2, 0.45, 6], "uv": [76, 47]},
					{"origin": [0, 18.049, -3], "size": [2, 0.45, 6], "uv": [79, 47]},
					{"origin": [-0.3, 17.649, -3], "size": [0.3, 0.45, 6], "uv": [88, 47]},
					{"origin": [0, 17.649, -3], "size": [0.3, 0.45, 6], "uv": [88, 47]}
				]
			},
			{
				"name": "xiongbu",
				"parent": "body",
				"pivot": [0, 0, 0],
				"cubes": [
					{"origin": [-3, 14.249, -3], "size": [6, 3.45, 6], "uv": [99, 5]}
				]
			},
			{
				"name": "zuo",
				"parent": "xiongbu",
				"pivot": [-2.9, 17.7, -3],
				"rotation": [0, 0, -5.5],
				"cubes": [
					{"origin": [-3.4, 12.049, -3], "size": [0.5, 5.65, 6], "uv": [104, 2]}
				]
			},
			{
				"name": "you",
				"parent": "xiongbu",
				"pivot": [3, 17.7, -3],
				"rotation": [0, 0, 6],
				"cubes": [
					{"origin": [3, 12.049, -3.1], "size": [0.5, 5.65, 6.1], "uv": [108, 3]}
				]
			},
			{
				"name": "yaobu",
				"parent": "xiongbu",
				"pivot": [0, 0, 0],
				"cubes": [
					{"origin": [-2.85, 11.999, -3], "size": [5.7, 2.3, 6], "uv": [104, 3]}
				]
			},
			{
				"name": "xiongqian",
				"parent": "body",
				"pivot": [0, 15.5, -6],
				"cubes": [
					{"origin": [0, 14.249, -3.1], "size": [3, 3.45, 0.1], "uv": [112, 6]},
					{"origin": [-1.9, 14.249, -3.1], "size": [1.9, 2.45, 0.1], "uv": [116, 6]},
					{"origin": [-1.9, 11.999, -3.1], "size": [4.7, 2.3, 0.1], "uv": [114, 7]}
				]
			},
			{
				"name": "jiaceng",
				"parent": "xiongqian",
				"pivot": [0, 17.7, -3],
				"rotation": [0, 0, -27.5],
				"cubes": [
					{"origin": [-2.1, 16.699, -3.1], "size": [2.1, 1, 0.1], "uv": [115, 10]}
				]
			},
			{
				"name": "zhuangshi",
				"parent": "xiongqian",
				"pivot": [-4, 15.5, -6],
				"cubes": [
					{"origin": [-2, 11.949, -3.1], "size": [0.1, 4.75, 0.1], "uv": [83, 48]},
					{"origin": [-1.3, 15.849, -3.2], "size": [0.5, 0.5, 0.1], "uv": [83, 48]},
					{"origin": [0.8, 15.849, -3.2], "size": [0.5, 0.5, 0.1], "uv": [83, 48]},
					{"origin": [-1.3, 14.349, -3.2], "size": [0.5, 0.5, 0.1], "uv": [83, 48]},
					{"origin": [0.8, 12.599, -3.2], "size": [0.5, 0.5, 0.1], "uv": [83, 48]},
					{"origin": [-1.3, 12.599, -3.2], "size": [0.5, 0.5, 0.1], "uv": [83, 48]},
					{"origin": [0.8, 14.349, -3.2], "size": [0.5, 0.5, 0.1], "uv": [83, 48]}
				]
			},
			{
				"name": "yaodai",
				"parent": "body",
				"pivot": [0, 10.5, 0],
				"cubes": [
					{"origin": [-2.95, 10.999, -3.2], "size": [5.9, 1, 6.3], "uv": [72, 6]},
					{"origin": [-0.55, 10.899, -3.3], "size": [1.1, 1.2, 0.1], "uv": [85, 50]},
					{"origin": [-0.45, 10.999, -3.4], "size": [0.9, 1, 0.1], "uv": [72, 6]}
				]
			},
			{
				"name": "fangqunzi",
				"parent": "body",
				"pivot": [0, 12.5, 0]
			},
			{
				"name": "bone",
				"parent": "fangqunzi",
				"pivot": [0, 2, 0]
			},
			{
				"name": "bone2",
				"parent": "bone",
				"pivot": [0, 2, 4.47051],
				"rotation": [10, 0, 0],
				"cubes": [
					{"origin": [-2.5, 9.15782, 4.47051], "size": [5, 2.5, 0.05], "uv": [112, 9]}
				]
			},
			{
				"name": "bone3",
				"parent": "bone2",
				"pivot": [-2.5, 1.65782, 4.47051],
				"rotation": [0, 0, 9.85108],
				"cubes": [
					{"origin": [-4.5, 9.15782, 4.46951], "size": [2, 2.5, 0.05], "uv": [112, 9]}
				]
			},
			{
				"name": "bone4",
				"parent": "bone2",
				"pivot": [2.5, 1.65782, 4.47051],
				"rotation": [0, 0, -9.85108],
				"cubes": [
					{"origin": [2.5, 9.15782, 4.47151], "size": [2, 2.5, 0.05], "uv": [112, 9]}
				]
			},
			{
				"name": "bone5",
				"parent": "fangqunzi",
				"pivot": [0, 2, 0],
				"rotation": [0, -90, 0]
			},
			{
				"name": "bone6",
				"parent": "bone5",
				"pivot": [0, 2, 4.47051],
				"rotation": [10, 0, 0],
				"cubes": [
					{"origin": [-2.5, 9.15782, 4.47051], "size": [5, 2.5, 0.05], "uv": [112, 9]}
				]
			},
			{
				"name": "bone7",
				"parent": "bone6",
				"pivot": [-2.5, 1.65782, 4.47051],
				"rotation": [0, 0, 9.85108],
				"cubes": [
					{"origin": [-4.5, 9.15782, 4.46951], "size": [2, 2.5, 0.05], "uv": [112, 9]}
				]
			},
			{
				"name": "bone8",
				"parent": "bone6",
				"pivot": [2.5, 1.65782, 4.47051],
				"rotation": [0, 0, -9.85108],
				"cubes": [
					{"origin": [2.5, 9.15782, 4.47151], "size": [2, 2.5, 0.05], "uv": [112, 9]}
				]
			},
			{
				"name": "bone9",
				"parent": "fangqunzi",
				"pivot": [0, 2, 0],
				"rotation": [0, -180, 0]
			},
			{
				"name": "bone10",
				"parent": "bone9",
				"pivot": [0, 2, 4.47051],
				"rotation": [10, 0, 0],
				"cubes": [
					{"origin": [-2.5, 9.15782, 4.47051], "size": [5, 2.5, 0.05], "uv": [112, 9]}
				]
			},
			{
				"name": "bone11",
				"parent": "bone10",
				"pivot": [-2.5, 1.65782, 4.47051],
				"rotation": [0, 0, 9.85108],
				"cubes": [
					{"origin": [-4.5, 9.15782, 4.46951], "size": [2, 2.5, 0.05], "uv": [112, 9]}
				]
			},
			{
				"name": "bone12",
				"parent": "bone10",
				"pivot": [2.5, 1.65782, 4.47051],
				"rotation": [0, 0, -9.85108],
				"cubes": [
					{"origin": [2.5, 9.15782, 4.47151], "size": [2, 2.5, 0.05], "uv": [112, 9]},
					{"origin": [3.6, 9.15782, 4.47151], "size": [0.1, 2.5, 0.05], "uv": [85, 49]}
				]
			},
			{
				"name": "bone13",
				"parent": "fangqunzi",
				"pivot": [0, 2, 0],
				"rotation": [0, -270, 0]
			},
			{
				"name": "bone14",
				"parent": "bone13",
				"pivot": [0, 2, 4.47051],
				"rotation": [10, 0, 0],
				"cubes": [
					{"origin": [-2.5, 9.15782, 4.47051], "size": [5, 2.5, 0.05], "uv": [112, 9]}
				]
			},
			{
				"name": "bone15",
				"parent": "bone14",
				"pivot": [-2.5, 1.65782, 4.47051],
				"rotation": [0, 0, 9.85108],
				"cubes": [
					{"origin": [-4.5, 9.15782, 4.46951], "size": [2, 2.5, 0.05], "uv": [112, 9]}
				]
			},
			{
				"name": "bone16",
				"parent": "bone14",
				"pivot": [2.5, 1.65782, 4.47051],
				"rotation": [0, 0, -9.85108],
				"cubes": [
					{"origin": [2.5, 9.15782, 4.47151], "size": [2, 2.5, 0.05], "uv": [112, 9]}
				]
			},
			{
				"name": "qunzihuabian",
				"parent": "body",
				"pivot": [0, 12.5, 0]
			},
			{
				"name": "bone17",
				"parent": "qunzihuabian",
				"pivot": [0, 2, 0]
			},
			{
				"name": "bone18",
				"parent": "bone17",
				"pivot": [0, 2, 4.47051],
				"rotation": [10, 0, 0],
				"cubes": [
					{"origin": [-2.5, 9.05782, 4.47051], "size": [5, 0.1, 0.05], "uv": [78, 50]}
				]
			},
			{
				"name": "bone19",
				"parent": "bone18",
				"pivot": [-2.5, 1.65782, 4.47051],
				"rotation": [0, 0, 9.85108],
				"cubes": [
					{"origin": [-4.5, 9.05782, 4.46951], "size": [2, 0.1, 0.05], "uv": [78, 50]}
				]
			},
			{
				"name": "bone20",
				"parent": "bone18",
				"pivot": [2.5, 1.65782, 4.47051],
				"rotation": [0, 0, -9.85108],
				"cubes": [
					{"origin": [2.5, 9.05782, 4.47151], "size": [2, 0.1, 0.05], "uv": [78, 50]}
				]
			},
			{
				"name": "bone21",
				"parent": "qunzihuabian",
				"pivot": [0, 2, 0],
				"rotation": [0, -90, 0]
			},
			{
				"name": "bone22",
				"parent": "bone21",
				"pivot": [0, 2, 4.47051],
				"rotation": [10, 0, 0],
				"cubes": [
					{"origin": [-2.5, 9.05782, 4.47051], "size": [5, 0.1, 0.05], "uv": [78, 50]}
				]
			},
			{
				"name": "bone23",
				"parent": "bone22",
				"pivot": [-2.5, 1.65782, 4.47051],
				"rotation": [0, 0, 9.85108],
				"cubes": [
					{"origin": [-4.5, 9.05782, 4.46951], "size": [2, 0.1, 0.05], "uv": [78, 50]}
				]
			},
			{
				"name": "bone24",
				"parent": "bone22",
				"pivot": [2.5, 1.65782, 4.47051],
				"rotation": [0, 0, -9.85108],
				"cubes": [
					{"origin": [2.5, 9.05782, 4.47151], "size": [2, 0.1, 0.05], "uv": [78, 50]}
				]
			},
			{
				"name": "bone25",
				"parent": "qunzihuabian",
				"pivot": [0, 2, 0],
				"rotation": [0, -180, 0]
			},
			{
				"name": "bone26",
				"parent": "bone25",
				"pivot": [0, 2, 4.47051],
				"rotation": [10, 0, 0],
				"cubes": [
					{"origin": [-2.5, 9.05782, 4.47051], "size": [5, 0.1, 0.05], "uv": [78, 50]}
				]
			},
			{
				"name": "bone27",
				"parent": "bone26",
				"pivot": [-2.5, 1.65782, 4.47051],
				"rotation": [0, 0, 9.85108],
				"cubes": [
					{"origin": [-4.5, 9.05782, 4.46951], "size": [2, 0.1, 0.05], "uv": [78, 50]}
				]
			},
			{
				"name": "bone28",
				"parent": "bone26",
				"pivot": [2.5, 1.65782, 4.47051],
				"rotation": [0, 0, -9.85108],
				"cubes": [
					{"origin": [2.5, 9.05782, 4.47151], "size": [2, 0.1, 0.05], "uv": [78, 50]},
					{"origin": [3.6, 9.05782, 4.47151], "size": [0.1, 0.1, 0.05], "uv": [78, 50]}
				]
			},
			{
				"name": "bone29",
				"parent": "qunzihuabian",
				"pivot": [0, 2, 0],
				"rotation": [0, -270, 0]
			},
			{
				"name": "bone30",
				"parent": "bone29",
				"pivot": [0, 2, 4.47051],
				"rotation": [10, 0, 0],
				"cubes": [
					{"origin": [-2.5, 9.05782, 4.47051], "size": [5, 0.1, 0.05], "uv": [78, 50]}
				]
			},
			{
				"name": "bone31",
				"parent": "bone30",
				"pivot": [-2.5, 1.65782, 4.47051],
				"rotation": [0, 0, 9.85108],
				"cubes": [
					{"origin": [-4.5, 9.05782, 4.46951], "size": [2, 0.1, 0.05], "uv": [78, 50]}
				]
			},
			{
				"name": "bone32",
				"parent": "bone30",
				"pivot": [2.5, 1.65782, 4.47051],
				"rotation": [0, 0, -9.85108],
				"cubes": [
					{"origin": [2.5, 9.05782, 4.47151], "size": [2, 0.1, 0.05], "uv": [78, 50]}
				]
			},
			{
				"name": "chestPlate",
				"parent": "body",
				"pivot": [0, 0, 0]
			},
			{
				"name": "xiongjia",
				"parent": "chestPlate",
				"pivot": [0, 0, 0]
			},
			{
				"name": "zuo3",
				"parent": "xiongjia",
				"pivot": [0, 14.2, -4],
				"rotation": [0, 10, 2.5],
				"cubes": [
					{"origin": [-3.6, 14.249, -3.9], "size": [3.6, 3.35, 0.9], "uv": [12, 36]}
				]
			},
			{
				"name": "you3",
				"parent": "xiongjia",
				"pivot": [0, 14.2, -4],
				"rotation": [0, -10, -2.5],
				"cubes": [
					{"origin": [0, 14.249, -3.9], "size": [3.7, 3.35, 0.9], "uv": [14, 34]}
				]
			},
			{
				"name": "zuo4",
				"parent": "xiongjia",
				"pivot": [0, 14.2, -3.4],
				"rotation": [0, 0, 2.5],
				"cubes": [
					{"origin": [-3.6, 14.249, -3.2], "size": [3.6, 3.35, 6.3], "uv": [1, 29]}
				]
			},
			{
				"name": "you4",
				"parent": "xiongjia",
				"pivot": [0, 14.2, -3.3],
				"rotation": [0, 0, -2.5],
				"cubes": [
					{"origin": [0, 14.249, -3.2], "size": [3.7, 3.35, 6.3], "uv": [2, 32]}
				]
			},
			{
				"name": "you5",
				"parent": "xiongjia",
				"pivot": [0, 14.7, -3.3],
				"rotation": [0, 0, -2.5],
				"cubes": [
					{"origin": [0, 17.499, -3.2], "size": [2.45, 0.6, 6.3], "uv": [5, 10]}
				]
			},
			{
				"name": "zuo5",
				"parent": "xiongjia",
				"pivot": [0, 14.7, -3.4],
				"rotation": [0, 0, 2.5],
				"cubes": [
					{"origin": [-2.45, 17.649, -3.2], "size": [2.45, 0.45, 6.3], "uv": [11, 11]}
				]
			},
			{
				"name": "leggings",
				"parent": "body",
				"pivot": [0, 10.5, 0]
			},
			{
				"name": "yaodai2",
				"parent": "leggings",
				"pivot": [0, 10.5, 0]
			},
			{
				"name": "00002",
				"parent": "yaodai2",
				"pivot": [-3.1, 10, -3.3],
				"rotation": [0, 0, 12.5],
				"cubes": [
					{"origin": [-3.45, 10.099, -3.4], "size": [6.9, 1, 6.8], "uv": [37, 9]}
				]
			},
			{
				"name": "00001",
				"parent": "yaodai2",
				"pivot": [3, 11.5, -3.3],
				"rotation": [0, 0, -15],
				"cubes": [
					{"origin": [-4.35, 10.499, -3.5], "size": [7.4, 1, 7], "uv": [34, 8]}
				]
			},
			{
				"name": "yaojia",
				"parent": "leggings",
				"pivot": [-1.9, 11.2, -3.3],
				"rotation": [0, 0, 15],
				"cubes": [
					{"origin": [-3.05, 7.899, -3.3], "size": [1.8, 3.3, 6.6], "uv": [39, 28]}
				]
			},
			{
				"name": "yaojia2",
				"parent": "leggings",
				"pivot": [-2, 9, -3.3],
				"rotation": [0, 0, 7.5],
				"cubes": [
					{"origin": [-3.63801, 6.49323, -3.2], "size": [1.8, 2.6, 6.4], "uv": [45, 36]}
				]
			},
			{
				"name": "sittingRotationSkirt",
				"parent": "body",
				"pivot": [0, 10.5, 2]
			},
			{
				"name": "dadiqun",
				"parent": "sittingRotationSkirt",
				"pivot": [0, 10.1, 0],
				"cubes": [
					{"origin": [-2.85, 8.899, -1.3], "size": [5.7, 2.1, 0.05], "uv": [107, 7]}
				]
			},
			{
				"name": "bone33",
				"parent": "dadiqun",
				"pivot": [0, -0.4, 0]
			},
			{
				"name": "bone34",
				"parent": "bone33",
				"pivot": [0, -0.4, 2.48337],
				"rotation": [18, 0, 0],
				"cubes": [
					{"origin": [-0.5, 6.29263, 5.99539], "size": [1, 5.05, 0.05], "uv": [93, 3]}
				]
			},
			{
				"name": "bone35",
				"parent": "bone34",
				"pivot": [-0.5, -0.65737, 2.48337],
				"rotation": [0, 0, 7.39351],
				"cubes": [
					{"origin": [-2.5, 6.29263, 5.99439], "size": [2, 5.05, 0.05], "uv": [93, 3]}
				]
			},
			{
				"name": "bone36",
				"parent": "bone34",
				"pivot": [0.5, -0.65737, 2.48337],
				"rotation": [0, 0, -7.39351],
				"cubes": [
					{"origin": [0.5, 6.29263, 5.99639], "size": [2, 5.05, 0.05], "uv": [93, 3]}
				]
			},
			{
				"name": "bone37",
				"parent": "dadiqun",
				"pivot": [0, -0.4, 0],
				"rotation": [0, -45, 0]
			},
			{
				"name": "bone38",
				"parent": "bone37",
				"pivot": [0, -0.4, 2.48337],
				"rotation": [18, 0, 0],
				"cubes": [
					{"origin": [-0.5, 6.29263, 5.99539], "size": [1, 5.05, 0.05], "uv": [93, 3]}
				]
			},
			{
				"name": "bone39",
				"parent": "bone38",
				"pivot": [-0.5, -0.65737, 2.48337],
				"rotation": [0, 0, 7.39351],
				"cubes": [
					{"origin": [-2.5, 6.29263, 5.99439], "size": [2, 5.05, 0.05], "uv": [93, 3]}
				]
			},
			{
				"name": "bone40",
				"parent": "bone38",
				"pivot": [0.5, -0.65737, 2.48337],
				"rotation": [0, 0, -7.39351],
				"cubes": [
					{"origin": [0.5, 6.29263, 5.99639], "size": [2, 5.05, 0.05], "uv": [93, 3]}
				]
			},
			{
				"name": "bone41",
				"parent": "dadiqun",
				"pivot": [0, -0.4, 0],
				"rotation": [0, -90, 0]
			},
			{
				"name": "bone42",
				"parent": "bone41",
				"pivot": [0, -0.4, 2.48337],
				"rotation": [18, 0, 0],
				"cubes": [
					{"origin": [-0.5, 6.29263, 5.99539], "size": [1, 5.05, 0.05], "uv": [93, 3]}
				]
			},
			{
				"name": "bone43",
				"parent": "bone42",
				"pivot": [-0.5, -0.65737, 2.48337],
				"rotation": [0, 0, 7.39351],
				"cubes": [
					{"origin": [-2.5, 6.29263, 5.99439], "size": [2, 5.05, 0.05], "uv": [93, 3]}
				]
			},
			{
				"name": "bone44",
				"parent": "bone42",
				"pivot": [0.5, -0.65737, 2.48337],
				"rotation": [0, 0, -7.39351],
				"cubes": [
					{"origin": [0.5, 6.29263, 5.99639], "size": [2, 5.05, 0.05], "uv": [93, 3]}
				]
			},
			{
				"name": "bone45",
				"parent": "dadiqun",
				"pivot": [0, -0.4, 0],
				"rotation": [0, -135, 0]
			},
			{
				"name": "bone46",
				"parent": "bone45",
				"pivot": [0, -0.4, 2.48337],
				"rotation": [18, 0, 0],
				"cubes": [
					{"origin": [-0.5, 6.29263, 5.99539], "size": [1, 5.05, 0.05], "uv": [93, 3]}
				]
			},
			{
				"name": "bone47",
				"parent": "bone46",
				"pivot": [-0.5, -0.65737, 2.48337],
				"rotation": [0, 0, 7.39351],
				"cubes": [
					{"origin": [-2.5, 6.29263, 5.99439], "size": [2, 5.05, 0.05], "uv": [93, 3]}
				]
			},
			{
				"name": "bone48",
				"parent": "bone46",
				"pivot": [0.5, -0.65737, 2.48337],
				"rotation": [0, 0, -7.39351],
				"cubes": [
					{"origin": [0.5, 6.29263, 5.99639], "size": [2, 5.05, 0.05], "uv": [93, 3]}
				]
			},
			{
				"name": "bone49",
				"parent": "dadiqun",
				"pivot": [0, -0.4, 0],
				"rotation": [0, -180, 0]
			},
			{
				"name": "bone50",
				"parent": "bone49",
				"pivot": [0, -0.4, 2.48337],
				"rotation": [18, 0, 0],
				"cubes": [
					{"origin": [-0.5, 6.29263, 5.99539], "size": [1, 5.05, 0.05], "uv": [93, 3]}
				]
			},
			{
				"name": "bone51",
				"parent": "bone50",
				"pivot": [-0.5, -0.65737, 2.48337],
				"rotation": [0, 0, 7.39351],
				"cubes": [
					{"origin": [-2.5, 6.29263, 5.99439], "size": [2, 5.05, 0.05], "uv": [93, 3]}
				]
			},
			{
				"name": "bone52",
				"parent": "bone50",
				"pivot": [0.5, -0.65737, 2.48337],
				"rotation": [0, 0, -7.39351],
				"cubes": [
					{"origin": [0.5, 6.29263, 5.99639], "size": [2, 5.05, 0.05], "uv": [93, 3]}
				]
			},
			{
				"name": "bone53",
				"parent": "dadiqun",
				"pivot": [0, -0.4, 0],
				"rotation": [0, -225, 0]
			},
			{
				"name": "bone54",
				"parent": "bone53",
				"pivot": [0, -0.4, 2.48337],
				"rotation": [18, 0, 0],
				"cubes": [
					{"origin": [-0.5, 6.29263, 5.99539], "size": [1, 5.05, 0.05], "uv": [93, 3]}
				]
			},
			{
				"name": "bone55",
				"parent": "bone54",
				"pivot": [-0.5, -0.65737, 2.48337],
				"rotation": [0, 0, 7.39351],
				"cubes": [
					{"origin": [-2.5, 6.29263, 5.99439], "size": [2, 5.05, 0.05], "uv": [93, 3]}
				]
			},
			{
				"name": "bone56",
				"parent": "bone54",
				"pivot": [0.5, -0.65737, 2.48337],
				"rotation": [0, 0, -7.39351],
				"cubes": [
					{"origin": [0.5, 6.29263, 5.99639], "size": [2, 5.05, 0.05], "uv": [93, 3]}
				]
			},
			{
				"name": "bone57",
				"parent": "dadiqun",
				"pivot": [0, -0.4, 0],
				"rotation": [0, -270, 0]
			},
			{
				"name": "bone58",
				"parent": "bone57",
				"pivot": [0, -0.4, 2.48337],
				"rotation": [18, 0, 0],
				"cubes": [
					{"origin": [-0.5, 6.29263, 5.99539], "size": [1, 5.05, 0.05], "uv": [93, 3]}
				]
			},
			{
				"name": "bone59",
				"parent": "bone58",
				"pivot": [-0.5, -0.65737, 2.48337],
				"rotation": [0, 0, 7.39351],
				"cubes": [
					{"origin": [-2.5, 6.29263, 5.99439], "size": [2, 5.05, 0.05], "uv": [93, 3]}
				]
			},
			{
				"name": "bone60",
				"parent": "bone58",
				"pivot": [0.5, -0.65737, 2.48337],
				"rotation": [0, 0, -7.39351],
				"cubes": [
					{"origin": [0.5, 6.29263, 5.99639], "size": [2, 5.05, 0.05], "uv": [93, 3]}
				]
			},
			{
				"name": "bone61",
				"parent": "dadiqun",
				"pivot": [0, -0.4, 0],
				"rotation": [0, -315, 0]
			},
			{
				"name": "bone62",
				"parent": "bone61",
				"pivot": [0, -0.4, 2.48337],
				"rotation": [18, 0, 0],
				"cubes": [
					{"origin": [-0.5, 6.29263, 5.99539], "size": [1, 5.05, 0.05], "uv": [93, 3]}
				]
			},
			{
				"name": "bone63",
				"parent": "bone62",
				"pivot": [-0.5, -0.65737, 2.48337],
				"rotation": [0, 0, 7.39351],
				"cubes": [
					{"origin": [-2.5, 6.29263, 5.99439], "size": [2, 5.05, 0.05], "uv": [93, 3]}
				]
			},
			{
				"name": "bone64",
				"parent": "bone62",
				"pivot": [0.5, -0.65737, 2.48337],
				"rotation": [0, 0, -7.39351],
				"cubes": [
					{"origin": [0.5, 6.29263, 5.99639], "size": [2, 5.05, 0.05], "uv": [93, 3]}
				]
			},
			{
				"name": "legLeft",
				"pivot": [2, 9, 0],
				"cubes": [
					{"origin": [0.499, 0, -1.25], "size": [2.5, 9, 2.5], "uv": [11, 92]}
				]
			},
			{
				"name": "bootsLeft",
				"parent": "legLeft",
				"pivot": [2, 9, 0],
				"cubes": [
					{"origin": [0.399, 0, -1.35], "size": [2.7, 3.25, 2.7], "uv": [10, 73]},
					{"origin": [0.299, 0, -1.7], "size": [2.9, 0.6, 3.15], "uv": [110, 4]},
					{"origin": [0.299, 0.5, -1.45], "size": [2.9, 0.6, 2.9], "uv": [8, 9]},
					{"origin": [0.299, 2.5, -1.45], "size": [2.9, 0.6, 2.9], "uv": [38, 18]},
					{"origin": [3.199, 2.5, -0.25], "size": [0.1, 0.6, 0.1], "uv": [14, 15]},
					{"origin": [3.199, 2.5, 0.25], "size": [0.1, 0.6, 0.1], "uv": [14, 15]},
					{"origin": [3.199, 2.5, -0.25], "size": [0.1, 0.1, 0.6], "uv": [14, 15]},
					{"origin": [3.199, 3, -0.25], "size": [0.1, 0.1, 0.6], "uv": [14, 15]},
					{"origin": [0.199, 3.25, -1.55], "size": [3.1, 0.6, 3.1], "uv": [7, 10]}
				]
			},
			{
				"name": "bengdai",
				"parent": "bootsLeft",
				"pivot": [0, 4, 0]
			},
			{
				"name": "2",
				"parent": "bengdai",
				"pivot": [0.5, 6.1, -1.25],
				"rotation": [0, 0, 5],
				"cubes": [
					{"origin": [0.399, 6.1, -1.35], "size": [2.7, 0.25, 2.7], "uv": [11, 33]}
				]
			},
			{
				"name": "3",
				"parent": "bengdai",
				"pivot": [0.5, 6.1, -1.25],
				"rotation": [0, 0, 10],
				"cubes": [
					{"origin": [0.399, 6, -1.35], "size": [2.7, 0.25, 2.7], "uv": [11, 33]}
				]
			},
			{
				"name": "4",
				"parent": "bengdai",
				"pivot": [0.5, 5.8, -1.25],
				"cubes": [
					{"origin": [0.399, 5.8, -1.35], "size": [2.7, 0.25, 2.7], "uv": [11, 33]}
				]
			},
			{
				"name": "5",
				"parent": "bengdai",
				"pivot": [0.5, 6.4, -1.25],
				"cubes": [
					{"origin": [0.399, 6.1, -1.35], "size": [2.7, 0.25, 2.7], "uv": [11, 33]}
				]
			},
			{
				"name": "6",
				"parent": "bengdai",
				"pivot": [0.5, 7, -1.25],
				"rotation": [0, 0, 5],
				"cubes": [
					{"origin": [0.60817, 4.60913, -1.35], "size": [2.7, 0.25, 2.7], "uv": [11, 33]}
				]
			},
			{
				"name": "7",
				"parent": "bengdai",
				"pivot": [0.5, 7, -1.25],
				"rotation": [0, 0, 5],
				"cubes": [
					{"origin": [0.64304, 4.21065, -1.35], "size": [2.7, 0.25, 2.7], "uv": [11, 33]}
				]
			},
			{
				"name": "8",
				"parent": "bengdai",
				"pivot": [0.5, 6.6, -1.25],
				"cubes": [
					{"origin": [0.399, 4.1, -1.35], "size": [2.7, 0.25, 2.7], "uv": [11, 33]}
				]
			},
			{
				"name": "9",
				"parent": "bengdai",
				"pivot": [0.5, 6.6, -1.25],
				"cubes": [
					{"origin": [0.399, 4.6, -1.35], "size": [2.7, 0.25, 2.7], "uv": [11, 33]}
				]
			},
			{
				"name": "legRight",
				"pivot": [-2, 9, 0],
				"cubes": [
					{"origin": [-2.999, 0, -1.25], "size": [2.5, 9, 2.5], "uv": [11, 92]}
				]
			},
			{
				"name": "bootsRight",
				"parent": "legRight",
				"pivot": [-5.5, 9, 0],
				"cubes": [
					{"origin": [-3.101, 0, -1.35], "size": [2.7, 3.25, 2.7], "uv": [11, 55]},
					{"origin": [-3.201, 0, -1.7], "size": [2.9, 0.6, 3.15], "uv": [70, 8]},
					{"origin": [-3.201, 0.5, -1.45], "size": [2.9, 0.6, 2.9], "uv": [13, 13]},
					{"origin": [-3.201, 2.5, -1.45], "size": [2.9, 0.6, 2.9], "uv": [41, 18]},
					{"origin": [-3.301, 2.5, -0.25], "size": [0.1, 0.6, 0.1], "uv": [14, 37]},
					{"origin": [-3.301, 2.5, 0.25], "size": [0.1, 0.6, 0.1], "uv": [14, 37]},
					{"origin": [-3.301, 2.5, -0.25], "size": [0.1, 0.1, 0.6], "uv": [14, 37]},
					{"origin": [-3.301, 3, -0.25], "size": [0.1, 0.1, 0.6], "uv": [14, 37]},
					{"origin": [-3.301, 3.25, -1.55], "size": [3.1, 0.6, 3.1], "uv": [11, 11]}
				]
			},
			{
				"name": "bengdai2",
				"parent": "bootsRight",
				"pivot": [-3.5, 4, 0]
			},
			{
				"name": "14",
				"parent": "bengdai2",
				"pivot": [-3, 6.1, -1.25],
				"rotation": [0, 0, 5],
				"cubes": [
					{"origin": [-3.00513, 5.00419, -1.35], "size": [2.7, 0.25, 2.7], "uv": [8, 33]}
				]
			},
			{
				"name": "15",
				"parent": "bengdai2",
				"pivot": [-3, 6.1, -1.25],
				"rotation": [0, 0, 10],
				"cubes": [
					{"origin": [-3.06627, 5.80304, -1.35], "size": [2.7, 0.25, 2.7], "uv": [8, 33]}
				]
			},
			{
				"name": "16",
				"parent": "bengdai2",
				"pivot": [-3, 5.8, -1.25],
				"cubes": [
					{"origin": [-3.101, 5, -1.35], "size": [2.7, 0.25, 2.7], "uv": [8, 33]}
				]
			},
			{
				"name": "17",
				"parent": "bengdai2",
				"pivot": [-3, 6.4, -1.25],
				"cubes": [
					{"origin": [-3.101, 5.5, -1.35], "size": [2.7, 0.25, 2.7], "uv": [8, 33]}
				]
			},
			{
				"name": "18",
				"parent": "bengdai2",
				"pivot": [-3, 7, -1.25],
				"rotation": [0, 0, 5],
				"cubes": [
					{"origin": [-2.89183, 4.60913, -1.35], "size": [2.7, 0.25, 2.7], "uv": [8, 33]}
				]
			},
			{
				"name": "19",
				"parent": "bengdai2",
				"pivot": [-3, 7, -1.25],
				"rotation": [0, 0, 5],
				"cubes": [
					{"origin": [-2.94412, 5.20685, -1.35], "size": [2.7, 0.25, 2.7], "uv": [8, 33]}
				]
			},
			{
				"name": "20",
				"parent": "bengdai2",
				"pivot": [-3, 6.6, -1.25],
				"cubes": [
					{"origin": [-3.101, 4.7, -1.35], "size": [2.7, 0.25, 2.7], "uv": [8, 33]}
				]
			},
			{
				"name": "21",
				"parent": "bengdai2",
				"pivot": [-3, 6.6, -1.25],
				"cubes": [
					{"origin": [-3.101, 5.6, -1.35], "size": [2.7, 0.25, 2.7], "uv": [8, 33]}
				]
			},
			{
				"name": "sasimonoShow",
				"pivot": [0.5, 13, 4.25]
			},
			{
				"name": "wingRight",
				"parent": "sasimonoShow",
				"pivot": [-0.5, 13, 4.75],
				"rotation": [0, -60, 0],
				"cubes": [
					{"origin": [-0.5, 1, 4.5], "size": [0, 24, 13], "uv": [69, 64]}
				]
			},
			{
				"name": "wingLeft",
				"parent": "sasimonoShow",
				"pivot": [0.5, 13, 4.25],
				"rotation": [0, 60, 0],
				"cubes": [
					{"origin": [0.5, 1, 4.5], "size": [0, 24, 13], "uv": [69, 88]}
				]
			}
		]
	}
}