{
	"format_version": "1.10.0",
	"geometry.model": {
		"texturewidth": 128,
		"textureheight": 128,
		"visible_bounds_width": 3,
		"visible_bounds_height": 3,
		"visible_bounds_offset": [0, 0, 0],
		"bones": [
			{
				"name": "head",
				"pivot": [0, 18.2, 0],
				"cubes": [
					{"origin": [-4, 18.2, -4], "size": [8, 8, 8], "uv": [1, 0]},
					{"origin": [-4.25, 17.95, -4.25], "size": [8.5, 8.5, 8.5], "uv": [33, 0]}
				]
			},
			{
				"name": "blink",
				"parent": "head",
				"pivot": [0, 18.2, 0],
				"cubes": [
					{"origin": [-4, 18.15, -4.001], "size": [8, 8, 0], "uv": [25, 0]}
				]
			},
			{
				"name": "xiaobianzi",
				"parent": "head",
				"pivot": [-8, 18.5, 0]
			},
			{
				"name": "you2",
				"parent": "xiaobianzi",
				"pivot": [4, 25.5, 0],
				"rotation": [0, 0, -5],
				"cubes": [
					{"origin": [4, 20.5, -0.5], "size": [1, 5, 1], "uv": [45, 26]}
				]
			},
			{
				"name": "zuo2",
				"parent": "xiaobianzi",
				"pivot": [-4, 25.5, 0],
				"rotation": [0, 0, 5],
				"cubes": [
					{"origin": [-5, 20.5, -0.5], "size": [1, 5, 1], "uv": [45, 26]}
				]
			},
			{
				"name": "changfa",
				"parent": "head",
				"pivot": [0, 20.2, 3]
			},
			{
				"name": "01",
				"parent": "changfa",
				"pivot": [4, 21.2, 4],
				"rotation": [5, 0, -4],
				"cubes": [
					{"origin": [3, 7.2, 3], "size": [1, 13, 1], "uv": [45, 18]}
				]
			},
			{
				"name": "02",
				"parent": "changfa",
				"pivot": [3, 20.2, 4],
				"rotation": [7.5, 0, -2.5],
				"cubes": [
					{"origin": [2, 6.95, 3], "size": [1, 13.25, 1], "uv": [40, 19]}
				]
			},
			{
				"name": "03",
				"parent": "changfa",
				"pivot": [2, 20.2, 4],
				"rotation": [5, 0, -1],
				"cubes": [
					{"origin": [1, 6.7, 3], "size": [1, 13.5, 1], "uv": [39, 32]}
				]
			},
			{
				"name": "04",
				"parent": "changfa",
				"pivot": [1, 20.2, 4],
				"rotation": [7.5, 0, -0.5],
				"cubes": [
					{"origin": [0, 6.45, 3], "size": [1, 13.75, 1], "uv": [44, 32]}
				]
			},
			{
				"name": "05",
				"parent": "changfa",
				"pivot": [-1, 20.2, 4],
				"rotation": [6, 0, 0.5],
				"cubes": [
					{"origin": [-1, 6.45, 3], "size": [1, 13.75, 1], "uv": [46, 18]}
				]
			},
			{
				"name": "06",
				"parent": "changfa",
				"pivot": [-2, 20.2, 4],
				"rotation": [5, 0, 1],
				"cubes": [
					{"origin": [-2, 6.7, 3], "size": [1, 13.5, 1], "uv": [52, 19]}
				]
			},
			{
				"name": "07",
				"parent": "changfa",
				"pivot": [-2, 20.2, 4],
				"rotation": [7.5, 0, 2.5],
				"cubes": [
					{"origin": [-3, 6.95, 3], "size": [1, 13.25, 1], "uv": [52, 25]}
				]
			},
			{
				"name": "08",
				"parent": "changfa",
				"pivot": [-4, 20.2, 4],
				"rotation": [5, 0, 4],
				"cubes": [
					{"origin": [-4, 7.2, 3], "size": [1, 13, 1], "uv": [56, 32]}
				]
			},
			{
				"name": "09",
				"parent": "changfa",
				"pivot": [4, 20.2, 3],
				"rotation": [5, 0, -10],
				"cubes": [
					{"origin": [3, 7.2, 2], "size": [1, 13, 1], "uv": [60, 18]}
				]
			},
			{
				"name": "10",
				"parent": "changfa",
				"pivot": [4, 20.2, 2],
				"rotation": [2.5, 0, -15],
				"cubes": [
					{"origin": [3, 7.2, 1], "size": [1, 13, 1], "uv": [50, 18]}
				]
			},
			{
				"name": "11",
				"parent": "changfa",
				"pivot": [-4, 20.2, 2],
				"rotation": [5, 0, 10],
				"cubes": [
					{"origin": [-4, 7.2, 2], "size": [1, 13, 1], "uv": [61, 32]}
				]
			},
			{
				"name": "12",
				"parent": "changfa",
				"pivot": [-4, 20.2, 1],
				"rotation": [2.5, 0, 15],
				"cubes": [
					{"origin": [-4, 7.2, 1], "size": [1, 13, 1], "uv": [51, 22]}
				]
			},
			{
				"name": "13",
				"parent": "changfa",
				"pivot": [0, 20.2, 3],
				"rotation": [5, 0, 0],
				"cubes": [
					{"origin": [3, 10.2, 1], "size": [1, 10, 1], "uv": [60, 33]},
					{"origin": [-4, 10.2, 1], "size": [1, 10, 1], "uv": [60, 33]},
					{"origin": [-4, 10.2, 2], "size": [1, 10, 1], "uv": [60, 33]},
					{"origin": [3, 10.2, 2], "size": [1, 10, 1], "uv": [60, 33]}
				]
			},
			{
				"name": "duanfa",
				"parent": "head",
				"pivot": [0, 20.2, 3]
			},
			{
				"name": "003",
				"parent": "duanfa",
				"pivot": [-4, 20.2, -2],
				"rotation": [47.5, 0, 2.5],
				"cubes": [
					{"origin": [-4, 15.7, -2], "size": [1, 4.5, 1], "uv": [40, 19]}
				]
			},
			{
				"name": "001",
				"parent": "duanfa",
				"pivot": [-4, 20.2, 0],
				"rotation": [22.5, 0, 12.5],
				"cubes": [
					{"origin": [-4, 17.2, 0], "size": [1, 3, 1], "uv": [40, 19]}
				]
			},
			{
				"name": "002",
				"parent": "duanfa",
				"pivot": [-4, 20.2, -1],
				"rotation": [37.5, 0, 10],
				"cubes": [
					{"origin": [-4, 16.7, -1], "size": [1, 3.5, 1], "uv": [40, 19]}
				]
			},
			{
				"name": "004",
				"parent": "duanfa",
				"pivot": [4, 20.2, 0],
				"rotation": [22.5, 0, -12.5],
				"cubes": [
					{"origin": [3, 17.2, 0], "size": [1, 3, 1], "uv": [40, 19]}
				]
			},
			{
				"name": "005",
				"parent": "duanfa",
				"pivot": [4, 20.2, -1],
				"rotation": [37.5, 0, -10],
				"cubes": [
					{"origin": [3, 16.7, -1], "size": [1, 3.5, 1], "uv": [40, 19]}
				]
			},
			{
				"name": "006",
				"parent": "duanfa",
				"pivot": [4, 20.2, -2],
				"rotation": [47.5, 0, -2.5],
				"cubes": [
					{"origin": [3, 15.7, -2], "size": [1, 4.5, 1], "uv": [40, 19]}
				]
			},
			{
				"name": "007",
				"parent": "duanfa",
				"pivot": [4, 20.2, -2],
				"rotation": [-17.5, 0, -2.5],
				"cubes": [
					{"origin": [3, 15.7, -2], "size": [1, 4.5, 1], "uv": [40, 19]}
				]
			},
			{
				"name": "008",
				"parent": "duanfa",
				"pivot": [-4, 20.2, -2],
				"rotation": [-17.5, 0, 2.5],
				"cubes": [
					{"origin": [-4, 15.7, -2], "size": [1, 4.5, 1], "uv": [40, 19]}
				]
			},
			{
				"name": "009",
				"parent": "duanfa",
				"pivot": [4, 20.2, -1],
				"rotation": [-25, 0, -5],
				"cubes": [
					{"origin": [3, 16.7, -1], "size": [1, 3.5, 1], "uv": [40, 19]}
				]
			},
			{
				"name": "010",
				"parent": "duanfa",
				"pivot": [-4, 20.2, -1],
				"rotation": [-25, 0, 5],
				"cubes": [
					{"origin": [-4, 16.7, -1], "size": [1, 3.5, 1], "uv": [40, 19]}
				]
			},
			{
				"name": "011",
				"parent": "duanfa",
				"pivot": [4, 20.2, -3],
				"rotation": [-15, 0, 5],
				"cubes": [
					{"origin": [3, 16.7, -3], "size": [1, 2.5, 1], "uv": [40, 19]}
				]
			},
			{
				"name": "012",
				"parent": "duanfa",
				"pivot": [-4, 20.2, -3],
				"rotation": [-15, 0, -2.5],
				"cubes": [
					{"origin": [-4, 16.7, -3], "size": [1, 2.5, 1], "uv": [40, 19]}
				]
			},
			{
				"name": "helmet",
				"parent": "head",
				"pivot": [0, 18.2, 0]
			},
			{
				"name": "maozi",
				"parent": "helmet",
				"pivot": [0.5, 17.9, 0],
				"rotation": [-5, 0, -5]
			},
			{
				"name": "diceng",
				"parent": "maozi",
				"pivot": [0.5, 14.9, 0],
				"cubes": [
					{"origin": [-2.5, 23.9, -12], "size": [6, 1, 6], "uv": [10, 54]},
					{"origin": [-2.5, 23.9, 6], "size": [6, 1, 6], "uv": [10, 54]},
					{"origin": [-4.5, 23.9, 5], "size": [2, 1, 6], "uv": [10, 54]},
					{"origin": [-10.5, 23.9, 3], "size": [7, 1, 2], "uv": [10, 54]},
					{"origin": [-10.5, 23.9, -5], "size": [6, 1, 2], "uv": [10, 54]},
					{"origin": [5.5, 23.9, 3], "size": [6, 1, 2], "uv": [10, 54]},
					{"origin": [4.5, 23.9, -5], "size": [7, 1, 2], "uv": [10, 54]},
					{"origin": [5.5, 23.9, -7], "size": [5, 1, 2], "uv": [10, 54]},
					{"origin": [-9.5, 23.9, -7], "size": [5, 1, 2], "uv": [10, 54]},
					{"origin": [-9.5, 23.9, 5], "size": [5, 1, 2], "uv": [10, 54]},
					{"origin": [5.5, 23.9, 5], "size": [5, 1, 2], "uv": [10, 54]},
					{"origin": [-6.5, 23.9, 7], "size": [2, 1, 3], "uv": [10, 54]},
					{"origin": [-6.5, 23.9, -10], "size": [2, 1, 3], "uv": [10, 54]},
					{"origin": [5.5, 23.9, -10], "size": [2, 1, 3], "uv": [10, 54]},
					{"origin": [5.5, 23.9, 7], "size": [2, 1, 3], "uv": [10, 54]},
					{"origin": [7.5, 23.9, 7], "size": [2, 1, 1], "uv": [10, 54]},
					{"origin": [7.5, 23.9, -8], "size": [2, 1, 1], "uv": [10, 54]},
					{"origin": [-8.5, 23.9, -8], "size": [2, 1, 1], "uv": [10, 54]},
					{"origin": [-8.5, 23.9, 7], "size": [2, 1, 1], "uv": [10, 54]},
					{"origin": [-7.5, 23.9, 8], "size": [1, 1, 1], "uv": [10, 54]},
					{"origin": [7.5, 23.9, 8], "size": [1, 1, 1], "uv": [10, 54]},
					{"origin": [7.5, 23.9, -9], "size": [1, 1, 1], "uv": [10, 54]},
					{"origin": [-7.5, 23.9, -9], "size": [1, 1, 1], "uv": [10, 54]},
					{"origin": [-4.5, 23.9, -11], "size": [2, 1, 7], "uv": [10, 54]},
					{"origin": [3.5, 23.9, -11], "size": [2, 1, 6], "uv": [10, 54]},
					{"origin": [3.5, 23.9, 4], "size": [2, 1, 7], "uv": [10, 54]},
					{"origin": [-11.5, 23.9, -3], "size": [6, 1, 6], "uv": [10, 54]},
					{"origin": [6.5, 23.9, -3], "size": [6, 1, 6], "uv": [10, 54]}
				]
			},
			{
				"name": "dierc",
				"parent": "maozi",
				"pivot": [0.5, 15.9, 2],
				"cubes": [
					{"origin": [-2.5, 24.9, -8], "size": [6, 1, 3], "uv": [6, 54]},
					{"origin": [-2.5, 24.9, 5], "size": [6, 1, 3], "uv": [6, 54]},
					{"origin": [-7.5, 24.9, -3], "size": [3, 1, 6], "uv": [6, 54]},
					{"origin": [5.5, 24.9, -3], "size": [3, 1, 6], "uv": [6, 54]},
					{"origin": [3.5, 24.9, -5], "size": [4, 1, 2], "uv": [6, 54]},
					{"origin": [-6.5, 24.9, -5], "size": [4, 1, 2], "uv": [6, 54]},
					{"origin": [-6.5, 24.9, 3], "size": [4, 1, 2], "uv": [6, 54]},
					{"origin": [3.5, 24.9, 3], "size": [4, 1, 2], "uv": [6, 54]},
					{"origin": [-5.5, 24.9, -6], "size": [1, 1, 1], "uv": [6, 54]},
					{"origin": [-5.5, 24.9, 5], "size": [1, 1, 1], "uv": [6, 54]},
					{"origin": [5.5, 24.9, 5], "size": [1, 1, 1], "uv": [6, 54]},
					{"origin": [5.5, 24.9, -6], "size": [1, 1, 1], "uv": [6, 54]},
					{"origin": [3.5, 24.9, -7], "size": [2, 1, 2], "uv": [6, 54]},
					{"origin": [-4.5, 24.9, -7], "size": [2, 1, 2], "uv": [6, 54]},
					{"origin": [-4.5, 24.9, 5], "size": [2, 1, 2], "uv": [6, 54]},
					{"origin": [3.5, 24.9, 5], "size": [2, 1, 2], "uv": [6, 54]}
				]
			},
			{
				"name": "dissanc",
				"parent": "maozi",
				"pivot": [1.5, 15.9, 0],
				"cubes": [
					{"origin": [-6.5, 25.9, -2], "size": [3, 1, 4], "uv": [0, 75]},
					{"origin": [4.5, 25.9, -2], "size": [3, 1, 4], "uv": [1, 75]},
					{"origin": [-1.5, 25.9, 4], "size": [4, 1, 3], "uv": [0, 76]},
					{"origin": [-1.5, 25.9, -7], "size": [4, 1, 3], "uv": [0, 76]},
					{"origin": [-5.5, 25.9, -4], "size": [4, 1, 2], "uv": [0, 77]},
					{"origin": [-5.5, 25.9, 2], "size": [4, 1, 2], "uv": [0, 77]},
					{"origin": [2.5, 25.9, 2], "size": [4, 1, 2], "uv": [0, 77]},
					{"origin": [2.5, 25.9, -4], "size": [4, 1, 2], "uv": [0, 77]},
					{"origin": [-3.5, 25.9, -6], "size": [2, 1, 2], "uv": [0, 77]},
					{"origin": [1.5, 25.9, -6], "size": [2, 1, 2], "uv": [0, 77]},
					{"origin": [2.5, 25.9, 4], "size": [2, 1, 2], "uv": [0, 77]},
					{"origin": [-3.5, 25.9, 4], "size": [2, 1, 2], "uv": [0, 77]},
					{"origin": [-4.5, 25.9, -5], "size": [1, 1, 1], "uv": [0, 78]},
					{"origin": [4.5, 25.9, -4], "size": [1, 1, 1], "uv": [0, 78]},
					{"origin": [4.5, 25.9, 4], "size": [1, 1, 1], "uv": [0, 78]},
					{"origin": [-4.5, 25.9, 4], "size": [1, 1, 1], "uv": [0, 78]}
				]
			},
			{
				"name": "sidaiceng",
				"parent": "maozi",
				"pivot": [-0.5, 15.9, 0],
				"cubes": [
					{"origin": [3.5, 26.9, -2], "size": [2, 2, 4], "uv": [10, 54]},
					{"origin": [-4.5, 26.9, -2], "size": [2, 2, 4], "uv": [10, 54]},
					{"origin": [-1.5, 26.9, 3], "size": [4, 2, 2], "uv": [10, 54]},
					{"origin": [-1.5, 26.9, -5], "size": [4, 2, 2], "uv": [10, 54]},
					{"origin": [2.5, 26.9, -4], "size": [1, 2, 2], "uv": [10, 54]},
					{"origin": [2.5, 26.9, 2], "size": [1, 2, 2], "uv": [10, 54]},
					{"origin": [-2.5, 26.9, 2], "size": [1, 2, 2], "uv": [10, 54]},
					{"origin": [-2.5, 26.9, -4], "size": [1, 2, 2], "uv": [10, 54]},
					{"origin": [3.5, 26.9, -3], "size": [1, 2, 1], "uv": [10, 54]},
					{"origin": [-3.5, 26.9, -3], "size": [1, 2, 1], "uv": [10, 54]},
					{"origin": [-3.5, 26.9, 2], "size": [1, 2, 1], "uv": [10, 54]},
					{"origin": [3.5, 26.9, 2], "size": [1, 2, 1], "uv": [10, 54]}
				]
			},
			{
				"name": "yancong",
				"parent": "maozi",
				"pivot": [0.5, 16.9, 0],
				"cubes": [
					{"origin": [-1.5, 28.9, -4], "size": [4, 2, 2], "uv": [10, 54]},
					{"origin": [-1.5, 28.9, -5], "size": [4, 1, 1], "uv": [10, 54]},
					{"origin": [-1.5, 31.9, 3], "size": [4, 2, 2], "uv": [10, 54]},
					{"origin": [-1.5, 31.9, 3], "size": [4, 2, 2], "uv": [10, 54]},
					{"origin": [-0.5, 32.9, 5], "size": [2, 1, 1], "uv": [10, 54]},
					{"origin": [-1.5, 30.9, 3], "size": [4, 1, 2], "uv": [10, 54]},
					{"origin": [-1.5, 30.9, -2], "size": [4, 3, 2], "uv": [10, 54]},
					{"origin": [-0.5, 33.9, -1], "size": [2, 1, 8], "uv": [10, 54]},
					{"origin": [-0.5, 34.9, 1], "size": [2, 1, 7], "uv": [10, 54]},
					{"origin": [-0.5, 35.9, 3], "size": [1, 1, 6], "uv": [10, 54]},
					{"origin": [-1.5, 36.9, 6], "size": [1, 1, 6], "uv": [10, 54]},
					{"origin": [-1.5, 32.9, 0], "size": [1, 2, 3], "uv": [10, 54]},
					{"origin": [-1.5, 34.9, 2], "size": [1, 1, 1], "uv": [10, 54]},
					{"origin": [1.5, 33.9, 0], "size": [1, 1, 3], "uv": [10, 54]},
					{"origin": [-0.5, 30.9, -4], "size": [2, 1, 1], "uv": [10, 54]},
					{"origin": [-0.5, 31.9, -3], "size": [2, 1, 1], "uv": [10, 54]},
					{"origin": [-0.5, 29.9, -5], "size": [2, 1, 1], "uv": [10, 54]},
					{"origin": [-1.5, 30.9, -3], "size": [4, 1, 1], "uv": [10, 54]},
					{"origin": [2.5, 28.9, 2], "size": [1, 2, 1], "uv": [10, 54]},
					{"origin": [-1.5, 28.9, 3], "size": [4, 2, 1], "uv": [10, 54]},
					{"origin": [-3.5, 28.9, -1], "size": [2, 2, 3], "uv": [10, 54]},
					{"origin": [2.5, 28.9, -1], "size": [2, 2, 3], "uv": [10, 54]},
					{"origin": [2.5, 30.9, 0], "size": [2, 1, 2], "uv": [10, 54]},
					{"origin": [-3.5, 30.9, 0], "size": [2, 1, 2], "uv": [10, 54]},
					{"origin": [2.5, 28.9, -3], "size": [1, 2, 2], "uv": [10, 54]},
					{"origin": [2.5, 30.9, -1], "size": [1, 3, 4], "uv": [10, 54]},
					{"origin": [-2.5, 30.9, -1], "size": [1, 3, 4], "uv": [10, 54]},
					{"origin": [2.5, 30.9, 2], "size": [1, 2, 2], "uv": [10, 54]},
					{"origin": [-2.5, 30.9, 2], "size": [1, 2, 2], "uv": [10, 54]},
					{"origin": [-2.5, 28.9, -3], "size": [1, 2, 2], "uv": [10, 54]},
					{"origin": [2.5, 28.9, 2], "size": [1, 2, 1], "uv": [10, 54]},
					{"origin": [-2.5, 28.9, 2], "size": [1, 2, 1], "uv": [10, 54]}
				]
			},
			{
				"name": "hua",
				"parent": "maozi",
				"pivot": [0.5, 14.9, 0],
				"cubes": [
					{"origin": [3.5, 26.9, -4], "size": [1, 1, 1], "uv": [42, 55]}
				]
			},
			{
				"name": "huaduo",
				"parent": "hua",
				"pivot": [4.5, 26.9, -4],
				"rotation": [35, 0, 35]
			},
			{
				"name": "bone76",
				"parent": "huaduo",
				"pivot": [4.5, 26.7, -4]
			},
			{
				"name": "bone77",
				"parent": "bone76",
				"pivot": [4.5, 26.7, -2.0535],
				"rotation": [30, 0, 0]
			},
			{
				"name": "bone78",
				"parent": "bone77",
				"pivot": [4.5, 26.7, -2.0535],
				"rotation": [0, -45, 0],
				"cubes": [
					{"origin": [3.5, 27.7, -3.0535], "size": [2, 2, 2], "uv": [39, 47]}
				]
			},
			{
				"name": "bone79",
				"parent": "huaduo",
				"pivot": [4.5, 26.7, -4],
				"rotation": [0, -72, 0]
			},
			{
				"name": "bone80",
				"parent": "bone79",
				"pivot": [4.5, 26.7, -2.0535],
				"rotation": [30, 0, 0]
			},
			{
				"name": "bone81",
				"parent": "bone80",
				"pivot": [4.5, 26.7, -2.0535],
				"rotation": [0, -45, 0],
				"cubes": [
					{"origin": [3.5, 27.7, -3.0535], "size": [2, 2, 2], "uv": [39, 47]}
				]
			},
			{
				"name": "bone82",
				"parent": "huaduo",
				"pivot": [4.5, 26.7, -4],
				"rotation": [0, -144, 0]
			},
			{
				"name": "bone83",
				"parent": "bone82",
				"pivot": [4.5, 26.7, -2.0535],
				"rotation": [30, 0, 0]
			},
			{
				"name": "bone84",
				"parent": "bone83",
				"pivot": [4.5, 26.7, -2.0535],
				"rotation": [0, -45, 0],
				"cubes": [
					{"origin": [3.5, 27.7, -3.0535], "size": [2, 2, 2], "uv": [39, 47]}
				]
			},
			{
				"name": "bone85",
				"parent": "huaduo",
				"pivot": [4.5, 26.7, -4],
				"rotation": [0, -216, 0]
			},
			{
				"name": "bone86",
				"parent": "bone85",
				"pivot": [4.5, 26.7, -2.0535],
				"rotation": [30, 0, 0]
			},
			{
				"name": "bone87",
				"parent": "bone86",
				"pivot": [4.5, 26.7, -2.0535],
				"rotation": [0, -45, 0],
				"cubes": [
					{"origin": [3.5, 27.7, -3.0535], "size": [2, 2, 2], "uv": [39, 47]}
				]
			},
			{
				"name": "bone88",
				"parent": "huaduo",
				"pivot": [4.5, 26.7, -4],
				"rotation": [0, -288, 0]
			},
			{
				"name": "bone89",
				"parent": "bone88",
				"pivot": [4.5, 26.7, -2.0535],
				"rotation": [30, 0, 0]
			},
			{
				"name": "bone90",
				"parent": "bone89",
				"pivot": [4.5, 26.7, -2.0535],
				"rotation": [0, -45, 0],
				"cubes": [
					{"origin": [3.5, 27.7, -3.0535], "size": [2, 2, 2], "uv": [39, 47]}
				]
			},
			{
				"name": "armRight",
				"pivot": [-2.5, 17.25, 0],
				"rotation": [0, 0, 15],
				"cubes": [
					{"origin": [-4.5, 8.25, -1], "size": [2, 8, 2], "uv": [6, 85]},
					{"origin": [-4.6, 9.75, -1.1], "size": [2.2, 7.5, 2.2], "uv": [77, 10]}
				]
			},
			{
				"name": "armLeft",
				"pivot": [2.5, 17.25, 0],
				"rotation": [0, 0, -15],
				"cubes": [
					{"origin": [2.4, 9.75, -1.1], "size": [2.2, 7.5, 2.2], "uv": [76, 6]},
					{"origin": [2.5, 8.25, -1], "size": [2, 8, 2], "uv": [6, 85]}
				]
			},
			{
				"name": "body",
				"pivot": [0, 10.5, 0],
				"cubes": [
					{"origin": [-1.55, 15.999, -1.8], "size": [3, 3, 3.25], "uv": [6, 86]}
				]
			},
			{
				"name": "bone3",
				"parent": "body",
				"pivot": [0.5, 0, -0.5],
				"cubes": [
					{"origin": [-3.3, 14.249, -3.499], "size": [6.6, 3.5, 6.8], "uv": [5, 86]},
					{"origin": [-3.5, 17.749, -3.499], "size": [6.85, 0.1, 7.1], "uv": [38, 70]},
					{"origin": [-3.25, 11.499, -3.25], "size": [6.5, 2.75, 6.1], "uv": [38, 56]}
				]
			},
			{
				"name": "bone183",
				"parent": "bone3",
				"pivot": [0.5, 17.8, 3.6],
				"rotation": [-90, 0, 0],
				"cubes": [
					{"origin": [-3.5, 17.699, 3.601], "size": [6.85, 0.1, 0.55], "uv": [45, 74]}
				]
			},
			{
				"name": "bone182",
				"parent": "bone3",
				"pivot": [3.4, 17.8, -0.5],
				"rotation": [0, 0, 42.5],
				"cubes": [
					{"origin": [3.35, 17.749, -3.499], "size": [0.4, 0.1, 7.1], "uv": [43, 71]},
					{"origin": [3.35, 17.35, 3.5], "size": [0.4, 0.5, 0.1], "uv": [54, 77]}
				]
			},
			{
				"name": "bone181",
				"parent": "bone3",
				"pivot": [-3.5, 17.8, -0.5],
				"rotation": [0, 0, -42.5],
				"cubes": [
					{"origin": [-3.85, 17.749, -3.499], "size": [0.4, 0.1, 7.1], "uv": [47, 70]},
					{"origin": [-3.85, 17.349, 3.601], "size": [0.4, 0.5, 0], "uv": [46, 73]}
				]
			},
			{
				"name": "bone95",
				"parent": "bone3",
				"pivot": [0.5, 0, -0.5]
			},
			{
				"name": "bone96",
				"parent": "bone95",
				"pivot": [0.5, 17.75, -3.5],
				"rotation": [-7.5, 0, 0],
				"cubes": [
					{"origin": [-3.3, 15.249, -3.499], "size": [6.6, 2.5, 0.5], "uv": [71, 6]}
				]
			},
			{
				"name": "bone98",
				"parent": "bone96",
				"pivot": [3.5, 17.75, -0.5],
				"rotation": [0, 0, 2],
				"cubes": [
					{"origin": [3, 15.249, -3.5], "size": [0.5, 2.5, 0.6], "uv": [76, 28]}
				]
			},
			{
				"name": "bone100",
				"parent": "bone96",
				"pivot": [-3.5, 17.75, -0.5],
				"rotation": [0, 0, -2],
				"cubes": [
					{"origin": [-3.5, 15.249, -3.5], "size": [0.5, 2.5, 0.35], "uv": [81, 29]}
				]
			},
			{
				"name": "bone179",
				"parent": "bone96",
				"pivot": [0.5, -0.4, -0.6],
				"cubes": [
					{"origin": [-3.5, 17.449, -3.55], "size": [6.9, 0.4, 0.05], "uv": [43, 74]},
					{"origin": [-3.2, 17.049, -3.55], "size": [2.9, 0.4, 0.05], "uv": [43, 74]},
					{"origin": [0.2, 17.049, -3.55], "size": [2.9, 0.4, 0.05], "uv": [43, 74]},
					{"origin": [-2.8, 16.649, -3.55], "size": [2, 0.4, 0.05], "uv": [43, 74]},
					{"origin": [0.7, 16.649, -3.55], "size": [2, 0.4, 0.05], "uv": [43, 74]},
					{"origin": [1.1, 16.249, -3.55], "size": [1.2, 0.4, 0.05], "uv": [43, 74]},
					{"origin": [-2.5, 16.249, -3.55], "size": [1.2, 0.4, 0.05], "uv": [43, 74]},
					{"origin": [-2.2, 15.949, -3.55], "size": [0.5, 0.3, 0.05], "uv": [43, 74]},
					{"origin": [1.5, 15.949, -3.55], "size": [0.5, 0.3, 0.05], "uv": [43, 74]}
				]
			},
			{
				"name": "bone178",
				"parent": "bone179",
				"pivot": [-0.1, 17.5, -3.6],
				"rotation": [0, 0, 47.5],
				"cubes": [
					{"origin": [-0.3, 15.199, -3.549], "size": [0.4, 2.55, 0.05], "uv": [43, 74]},
					{"origin": [-2.65, 14.799, -3.549], "size": [2.75, 0.4, 0.05], "uv": [43, 74]}
				]
			},
			{
				"name": "bone180",
				"parent": "bone179",
				"pivot": [-0.1, 17.5, -3.6],
				"rotation": [0, 0, -47.5],
				"cubes": [
					{"origin": [-0.3, 15.199, -3.549], "size": [0.4, 2.55, 0.05], "uv": [43, 74]},
					{"origin": [-0.3, 14.799, -3.549], "size": [2.8, 0.4, 0.05], "uv": [43, 74]}
				]
			},
			{
				"name": "bone97",
				"parent": "bone95",
				"pivot": [0.5, 14.25, -3.5],
				"rotation": [17.7, 0, 0],
				"cubes": [
					{"origin": [-3.3, 14.249, -3.499], "size": [6.6, 1.1, 0.5], "uv": [74, 12]}
				]
			},
			{
				"name": "bone99",
				"parent": "bone97",
				"pivot": [3.5, 17.75, -0.5],
				"rotation": [0, 0, 2],
				"cubes": [
					{"origin": [3, 11.499, -3.5], "size": [0.5, 3.85, 0.9], "uv": [83, 25]}
				]
			},
			{
				"name": "bone101",
				"parent": "bone97",
				"pivot": [-3.5, 17.75, -0.5],
				"rotation": [0, 0, -2],
				"cubes": [
					{"origin": [-3.5, 11.499, -3.5], "size": [0.5, 3.85, 0.45], "uv": [84, 30]}
				]
			},
			{
				"name": "bone92",
				"parent": "bone3",
				"pivot": [0.5, 17.75, 3.5],
				"rotation": [-1, 0, 0],
				"cubes": [
					{"origin": [-3.1, 11.499, 3.001], "size": [6.3, 6.25, 0.5], "uv": [72, 27]}
				]
			},
			{
				"name": "bone94",
				"parent": "bone92",
				"pivot": [-3.5, 17.75, -0.5],
				"rotation": [0, 0, -2],
				"cubes": [
					{"origin": [-3.5, 11.499, 2.7], "size": [0.5, 6.24, 0.8], "uv": [76, 30]}
				]
			},
			{
				"name": "bone93",
				"parent": "bone92",
				"pivot": [3.5, 17.75, -0.5],
				"rotation": [0, 0, 2],
				"cubes": [
					{"origin": [3, 11.499, 3], "size": [0.5, 6.25, 0.5], "uv": [78, 31]}
				]
			},
			{
				"name": "bone7",
				"parent": "bone3",
				"pivot": [0.5, 0, -0.5],
				"cubes": [
					{"origin": [-1, 11.499, -3.499], "size": [2, 3.25, 0.1], "uv": [80, 6]},
					{"origin": [-3.1, 11.499, -3.549], "size": [2.1, 3.25, 0.2], "uv": [73, 34]},
					{"origin": [1, 11.499, -3.549], "size": [2.1, 3.25, 0.2], "uv": [70, 33]}
				]
			},
			{
				"name": "bone5",
				"parent": "bone7",
				"pivot": [-3.5, 17.75, -0.5],
				"rotation": [0, 0, -2],
				"cubes": [
					{"origin": [-3.5, 11.499, -3.55], "size": [0.5, 5.25, 6.3], "uv": [73, 29]},
					{"origin": [-3.5, 16.699, -3.3], "size": [0.5, 1.05, 6.05], "uv": [73, 29]}
				]
			},
			{
				"name": "bone91",
				"parent": "bone7",
				"pivot": [3.5, 17.75, -0.5],
				"rotation": [0, 0, 2],
				"cubes": [
					{"origin": [2.999, 17.199, -3.5], "size": [0.5, 0.55, 6.5], "uv": [75, 28]},
					{"origin": [3, 11.399, -3.55], "size": [0.5, 5.85, 6.8], "uv": [73, 30]}
				]
			},
			{
				"name": "bone185",
				"parent": "body",
				"pivot": [-0.05, 17.9, -3.6],
				"rotation": [-7.5, 7.5, 0]
			},
			{
				"name": "bone186",
				"parent": "bone185",
				"pivot": [12.5916, 22.15112, -6.4483],
				"cubes": [
					{"origin": [0.19, 17.25, -3.6483], "size": [0.2, 0.28, 0.1], "uv": [46, 57]},
					{"origin": [-0.46, 17.25, -3.6483], "size": [0.2, 0.28, 0.1], "uv": [46, 57]}
				]
			},
			{
				"name": "xiongzhen",
				"parent": "bone186",
				"pivot": [0.00008, 17.81838, -3.6483],
				"rotation": [0, 0, 45],
				"cubes": [
					{"origin": [0.68292, 16.78924, -3.6483], "size": [0.3, 0.3, 0.1], "uv": [46, 57]}
				]
			},
			{
				"name": "bone184",
				"parent": "xiongzhen",
				"pivot": [12.5916, 22.15112, -6.4483],
				"cubes": [
					{"origin": [0.08292, 17.08924, -3.6483], "size": [0.6, 0.6, 0.1], "uv": [46, 57]},
					{"origin": [-0.11708, 17.28924, -3.6483], "size": [0.6, 0.6, 0.1], "uv": [46, 57]}
				]
			},
			{
				"name": "bone190",
				"parent": "xiongzhen",
				"pivot": [13.3916, 21.35112, -6.4483]
			},
			{
				"name": "bone189",
				"parent": "bone190",
				"pivot": [0.68167, 17.61196, -3.51201],
				"rotation": [0, 0, 45],
				"cubes": [
					{"origin": [0.77298, 17.45, -3.61201], "size": [0.1, 0.1, 0.1], "uv": [46, 57]},
					{"origin": [0.07298, 17.45, -3.61201], "size": [0.1, 0.1, 0.1], "uv": [46, 57]},
					{"origin": [0.77298, 16.9, -3.61201], "size": [0.1, 0.1, 0.1], "uv": [46, 57]},
					{"origin": [0.07298, 16.9, -3.61201], "size": [0.1, 0.1, 0.1], "uv": [46, 57]}
				]
			},
			{
				"name": "bone187",
				"parent": "bone185",
				"pivot": [12.5916, 22.15112, -6.4483],
				"cubes": [
					{"origin": [-0.37, 17.3, -3.74659], "size": [0.1, 0.15, 0.1], "uv": [53, 34]},
					{"origin": [0.23, 17.3, -3.74659], "size": [0.1, 0.15, 0.1], "uv": [53, 34]}
				]
			},
			{
				"name": "xiongzhen2",
				"parent": "bone187",
				"pivot": [0.00008, 17.81838, -3.6483],
				"rotation": [0, 0, 45]
			},
			{
				"name": "bone188",
				"parent": "xiongzhen2",
				"pivot": [12.5916, 22.15112, -6.4483],
				"cubes": [
					{"origin": [0.1013, 17.18932, -3.74659], "size": [0.5, 0.5, 0.1], "uv": [53, 34]},
					{"origin": [0, 17.28932, -3.747], "size": [0.5, 0.5, 0.1], "uv": [53, 34]}
				]
			},
			{
				"name": "sittingRotationSkirt",
				"parent": "body",
				"pivot": [0.25, 12.1, 2.75]
			},
			{
				"name": "qunzi",
				"parent": "sittingRotationSkirt",
				"pivot": [0, 12.1, 1.8]
			},
			{
				"name": "dadiku",
				"parent": "qunzi",
				"pivot": [0, 8.5, 0],
				"cubes": [
					{"origin": [-2.5, 6, -2.5], "size": [5, 2, 5], "uv": [11, 58]}
				]
			},
			{
				"name": "neiqun",
				"parent": "qunzi",
				"pivot": [0, 8.5, 0]
			},
			{
				"name": "bone",
				"parent": "neiqun",
				"pivot": [0, 0, 0]
			},
			{
				"name": "bone41",
				"parent": "bone",
				"pivot": [0, 0, 5.27792],
				"rotation": [23, 0, 0]
			},
			{
				"name": "bone42",
				"parent": "bone41",
				"pivot": [0, 0, 5.27792],
				"rotation": [0, -45, 0],
				"cubes": [
					{"origin": [-0.72371, 5.4205, 4.55421], "size": [2, 3.5, 2], "uv": [18, 58]}
				]
			},
			{
				"name": "bone43",
				"parent": "neiqun",
				"pivot": [0, 0, 0],
				"rotation": [0, -30, 0]
			},
			{
				"name": "bone44",
				"parent": "bone43",
				"pivot": [0, 0, 5.27792],
				"rotation": [23, 0, 0]
			},
			{
				"name": "bone45",
				"parent": "bone44",
				"pivot": [0, 0, 5.27792],
				"rotation": [0, -45, 0],
				"cubes": [
					{"origin": [-0.72371, 5.4205, 4.55421], "size": [2, 3.5, 2], "uv": [18, 58]}
				]
			},
			{
				"name": "bone46",
				"parent": "neiqun",
				"pivot": [0, 0, 0],
				"rotation": [0, -60, 0]
			},
			{
				"name": "bone47",
				"parent": "bone46",
				"pivot": [0, 0, 5.27792],
				"rotation": [23, 0, 0]
			},
			{
				"name": "bone48",
				"parent": "bone47",
				"pivot": [0, 0, 5.27792],
				"rotation": [0, -45, 0],
				"cubes": [
					{"origin": [-0.72371, 5.4205, 4.55421], "size": [2, 3.5, 2], "uv": [18, 58]}
				]
			},
			{
				"name": "bone49",
				"parent": "neiqun",
				"pivot": [0, 0, 0],
				"rotation": [0, -90, 0]
			},
			{
				"name": "bone50",
				"parent": "bone49",
				"pivot": [0, 0, 5.27792],
				"rotation": [23, 0, 0]
			},
			{
				"name": "bone51",
				"parent": "bone50",
				"pivot": [0, 0, 5.27792],
				"rotation": [0, -45, 0],
				"cubes": [
					{"origin": [-0.72371, 5.4205, 4.55421], "size": [2, 3.5, 2], "uv": [18, 58]}
				]
			},
			{
				"name": "bone52",
				"parent": "neiqun",
				"pivot": [0, 0, 0],
				"rotation": [0, -120, 0]
			},
			{
				"name": "bone53",
				"parent": "bone52",
				"pivot": [0, 0, 5.27792],
				"rotation": [23, 0, 0]
			},
			{
				"name": "bone54",
				"parent": "bone53",
				"pivot": [0, 0, 5.27792],
				"rotation": [0, -45, 0],
				"cubes": [
					{"origin": [-0.72371, 5.4205, 4.55421], "size": [2, 3.5, 2], "uv": [18, 58]}
				]
			},
			{
				"name": "bone55",
				"parent": "neiqun",
				"pivot": [0, 0, 0],
				"rotation": [0, -150, 0]
			},
			{
				"name": "bone56",
				"parent": "bone55",
				"pivot": [0, 0, 5.27792],
				"rotation": [23, 0, 0]
			},
			{
				"name": "bone57",
				"parent": "bone56",
				"pivot": [0, 0, 5.27792],
				"rotation": [0, -45, 0],
				"cubes": [
					{"origin": [-0.72371, 5.4205, 4.55421], "size": [2, 3.5, 2], "uv": [18, 58]}
				]
			},
			{
				"name": "bone58",
				"parent": "neiqun",
				"pivot": [0, 0, 0],
				"rotation": [0, -180, 0]
			},
			{
				"name": "bone59",
				"parent": "bone58",
				"pivot": [0, 0, 5.27792],
				"rotation": [23, 0, 0]
			},
			{
				"name": "bone60",
				"parent": "bone59",
				"pivot": [0, 0, 5.27792],
				"rotation": [0, -45, 0],
				"cubes": [
					{"origin": [-0.72371, 5.4205, 4.55421], "size": [2, 3.5, 2], "uv": [18, 58]}
				]
			},
			{
				"name": "bone61",
				"parent": "neiqun",
				"pivot": [0, 0, 0],
				"rotation": [0, -210, 0]
			},
			{
				"name": "bone62",
				"parent": "bone61",
				"pivot": [0, 0, 5.27792],
				"rotation": [23, 0, 0]
			},
			{
				"name": "bone63",
				"parent": "bone62",
				"pivot": [0, 0, 5.27792],
				"rotation": [0, -45, 0],
				"cubes": [
					{"origin": [-0.72371, 5.4205, 4.55421], "size": [2, 3.5, 2], "uv": [18, 58]}
				]
			},
			{
				"name": "bone64",
				"parent": "neiqun",
				"pivot": [0, 0, 0],
				"rotation": [0, -240, 0]
			},
			{
				"name": "bone65",
				"parent": "bone64",
				"pivot": [0, 0, 5.27792],
				"rotation": [23, 0, 0]
			},
			{
				"name": "bone66",
				"parent": "bone65",
				"pivot": [0, 0, 5.27792],
				"rotation": [0, -45, 0],
				"cubes": [
					{"origin": [-0.72371, 5.4205, 4.55421], "size": [2, 3.5, 2], "uv": [18, 58]}
				]
			},
			{
				"name": "bone67",
				"parent": "neiqun",
				"pivot": [0, 0, 0],
				"rotation": [0, -270, 0]
			},
			{
				"name": "bone68",
				"parent": "bone67",
				"pivot": [0, 0, 5.27792],
				"rotation": [23, 0, 0]
			},
			{
				"name": "bone69",
				"parent": "bone68",
				"pivot": [0, 0, 5.27792],
				"rotation": [0, -45, 0],
				"cubes": [
					{"origin": [-0.72371, 5.4205, 4.55421], "size": [2, 3.5, 2], "uv": [18, 58]}
				]
			},
			{
				"name": "bone70",
				"parent": "neiqun",
				"pivot": [0, 0, 0],
				"rotation": [0, -300, 0]
			},
			{
				"name": "bone71",
				"parent": "bone70",
				"pivot": [0, 0, 5.27792],
				"rotation": [23, 0, 0]
			},
			{
				"name": "bone72",
				"parent": "bone71",
				"pivot": [0, 0, 5.27792],
				"rotation": [0, -45, 0],
				"cubes": [
					{"origin": [-0.72371, 5.4205, 4.55421], "size": [2, 3.5, 2], "uv": [18, 58]}
				]
			},
			{
				"name": "bone73",
				"parent": "neiqun",
				"pivot": [0, 0, 0],
				"rotation": [0, -330, 0]
			},
			{
				"name": "bone74",
				"parent": "bone73",
				"pivot": [0, 0, 5.27792],
				"rotation": [23, 0, 0]
			},
			{
				"name": "bone75",
				"parent": "bone74",
				"pivot": [0, 0, 5.27792],
				"rotation": [0, -45, 0],
				"cubes": [
					{"origin": [-0.72371, 5.4205, 4.55421], "size": [2, 3.5, 2], "uv": [18, 58]}
				]
			},
			{
				"name": "bone165",
				"parent": "qunzi",
				"pivot": [0, 12.1, 1.8]
			},
			{
				"name": "bone102",
				"parent": "bone165",
				"pivot": [0, 24.45, 1.8]
			},
			{
				"name": "bone103",
				"parent": "bone102",
				"pivot": [0, 6.25, -0.2]
			},
			{
				"name": "bone104",
				"parent": "bone103",
				"pivot": [0, 6.25, 4.7362],
				"rotation": [15, 0, 0]
			},
			{
				"name": "bone105",
				"parent": "bone104",
				"pivot": [-3, 5.74887, 4.7362],
				"rotation": [0, 0, 14.51082],
				"cubes": [
					{"origin": [-4.7, 8.24887, 4.7352], "size": [3.2, 4, 0.05], "uv": [70, 29]}
				]
			},
			{
				"name": "bone106",
				"parent": "bone104",
				"pivot": [3, 5.74887, 4.7362],
				"rotation": [0, 0, -14.51082],
				"cubes": [
					{"origin": [1.5, 8.24887, 4.7372], "size": [3.2, 4, 0.05], "uv": [70, 29]}
				]
			},
			{
				"name": "bone107",
				"parent": "bone102",
				"pivot": [0.3, 6.25, 0],
				"rotation": [0, -90, 0]
			},
			{
				"name": "bone108",
				"parent": "bone107",
				"pivot": [0.3, 6.25, 4.9362],
				"rotation": [15, 0, 0]
			},
			{
				"name": "bone109",
				"parent": "bone108",
				"pivot": [-2.7, 5.74887, 4.9362],
				"rotation": [0, 0, 14.51082],
				"cubes": [
					{"origin": [-4.72, 8.14887, 4.9352], "size": [2.92, 4.6, 0.05], "uv": [70, 29]}
				]
			},
			{
				"name": "bone110",
				"parent": "bone108",
				"pivot": [3.3, 5.74887, 4.9362],
				"rotation": [0, 0, -14.51082],
				"cubes": [
					{"origin": [2.4, 8.24887, 4.9372], "size": [2.75, 4.5, 0.05], "uv": [70, 29]}
				]
			},
			{
				"name": "bone111",
				"parent": "bone102",
				"pivot": [0, 6.25, 0],
				"rotation": [0, -180, 0]
			},
			{
				"name": "bone112",
				"parent": "bone111",
				"pivot": [0, 6.25, 4.9362],
				"rotation": [15, 0, 0]
			},
			{
				"name": "bone119",
				"parent": "bone112",
				"pivot": [0, 11.75, 4.7362],
				"rotation": [5, 0, 0]
			},
			{
				"name": "bone120",
				"parent": "bone119",
				"pivot": [0, 6.25, 4.7362],
				"cubes": [
					{"origin": [-1, 8.14887, 4.7], "size": [2, 3.6, 0.05], "uv": [70, 29]}
				]
			},
			{
				"name": "bone121",
				"parent": "bone120",
				"pivot": [-1, 11.75, 4.7362],
				"rotation": [0, -10, 0],
				"cubes": [
					{"origin": [-3, 8.14887, 4.7], "size": [2, 3.6, 0.05], "uv": [70, 29]}
				]
			},
			{
				"name": "bone122",
				"parent": "bone120",
				"pivot": [1, 11.75, 4.7362],
				"rotation": [0, 10, 0],
				"cubes": [
					{"origin": [1, 8.14887, 4.7], "size": [2, 3.6, 0.05], "uv": [70, 29]}
				]
			},
			{
				"name": "bone273",
				"parent": "bone119",
				"pivot": [0, 6.25, 4.7362],
				"cubes": [
					{"origin": [0.5, 7.69887, 4.7], "size": [0.5, 0.45, 0.05], "uv": [75, 79]},
					{"origin": [0, 7.69887, 4.7], "size": [0.5, 0.45, 0.05], "uv": [75, 79]},
					{"origin": [-1, 7.69887, 4.7], "size": [0.5, 0.45, 0.05], "uv": [75, 79]},
					{"origin": [-0.5, 7.69887, 4.7], "size": [0.5, 0.45, 0.05], "uv": [75, 79]}
				]
			},
			{
				"name": "bone274",
				"parent": "bone273",
				"pivot": [-1, 11.75, 4.7362],
				"rotation": [0, -10, 0],
				"cubes": [
					{"origin": [-1.5, 7.69887, 4.7], "size": [0.5, 0.45, 0.05], "uv": [75, 79]},
					{"origin": [-2, 7.69887, 4.7], "size": [0.5, 0.45, 0.05], "uv": [75, 79]},
					{"origin": [-2.5, 7.69887, 4.7], "size": [0.5, 0.45, 0.05], "uv": [75, 79]},
					{"origin": [-3, 7.69887, 4.7], "size": [0.5, 0.45, 0.05], "uv": [75, 79]}
				]
			},
			{
				"name": "bone275",
				"parent": "bone273",
				"pivot": [1, 11.75, 4.7362],
				"rotation": [0, 10, 0],
				"cubes": [
					{"origin": [2.5, 7.69887, 4.7], "size": [0.5, 0.45, 0.05], "uv": [75, 79]},
					{"origin": [2, 7.69887, 4.7], "size": [0.5, 0.45, 0.05], "uv": [75, 79]},
					{"origin": [1.5, 7.69887, 4.7], "size": [0.5, 0.45, 0.05], "uv": [75, 79]},
					{"origin": [1, 7.69887, 4.7], "size": [0.5, 0.45, 0.05], "uv": [75, 79]}
				]
			},
			{
				"name": "bone113",
				"parent": "bone112",
				"pivot": [-3, 5.74887, 4.9362],
				"rotation": [0, 0, 14.51082],
				"cubes": [
					{"origin": [-4.7, 8.24887, 4.9], "size": [2.15, 3.8, 0.05], "uv": [70, 29]}
				]
			},
			{
				"name": "bone114",
				"parent": "bone112",
				"pivot": [3, 5.74887, 4.9362],
				"rotation": [0, 0, -14.51082],
				"cubes": [
					{"origin": [2.55, 8.24887, 4.9], "size": [2.15, 3.8, 0.05], "uv": [70, 29]}
				]
			},
			{
				"name": "bone115",
				"parent": "bone102",
				"pivot": [-0.3, 6.25, 0],
				"rotation": [0, -270, 0]
			},
			{
				"name": "bone116",
				"parent": "bone115",
				"pivot": [-0.3, 6.25, 4.9362],
				"rotation": [15, 0, 0]
			},
			{
				"name": "bone117",
				"parent": "bone116",
				"pivot": [-3.3, 5.74887, 4.9362],
				"rotation": [0, 0, 14.51082],
				"cubes": [
					{"origin": [-5.15, 8.24887, 4.9352], "size": [2.75, 4.5, 0.05], "uv": [70, 29]}
				]
			},
			{
				"name": "bone118",
				"parent": "bone116",
				"pivot": [2.7, 5.74887, 4.9362],
				"rotation": [0, 0, -14.51082],
				"cubes": [
					{"origin": [1.8, 8.14887, 4.9372], "size": [2.9, 4.4, 0.05], "uv": [70, 29]}
				]
			},
			{
				"name": "bone123",
				"parent": "bone165",
				"pivot": [0, 24.45, 1.8]
			},
			{
				"name": "bone124",
				"parent": "bone123",
				"pivot": [0, 6.25, -0.2]
			},
			{
				"name": "bone125",
				"parent": "bone124",
				"pivot": [0, 6.25, 4.7362],
				"rotation": [15, 0, 0]
			},
			{
				"name": "bone126",
				"parent": "bone125",
				"pivot": [-3, 5.74887, 4.7362],
				"rotation": [0, 0, 14.51082],
				"cubes": [
					{"origin": [-4.7, 7.54887, 4.7352], "size": [3.2, 0.5, 0.05], "uv": [76, 54]}
				]
			},
			{
				"name": "bone127",
				"parent": "bone125",
				"pivot": [3, 5.74887, 4.7362],
				"rotation": [0, 0, -14.51082],
				"cubes": [
					{"origin": [1.5, 7.54887, 4.7372], "size": [3.2, 0.5, 0.05], "uv": [76, 54]}
				]
			},
			{
				"name": "bone128",
				"parent": "bone123",
				"pivot": [0.3, 6.25, 0],
				"rotation": [0, -90, 0]
			},
			{
				"name": "bone129",
				"parent": "bone128",
				"pivot": [0.3, 6.25, 4.9362],
				"rotation": [15, 0, 0]
			},
			{
				"name": "bone130",
				"parent": "bone129",
				"pivot": [-2.7, 5.74887, 4.9362],
				"rotation": [0, 0, 14.51082],
				"cubes": [
					{"origin": [-4.72, 7.44887, 4.9352], "size": [3.62, 0.5, 0.05], "uv": [76, 54]},
					{"origin": [-1.6, 7.94887, 4.9352], "size": [0.5, 4.5, 0.05], "uv": [76, 54]}
				]
			},
			{
				"name": "bone131",
				"parent": "bone129",
				"pivot": [3.3, 5.74887, 4.9362],
				"rotation": [0, 0, -14.51082],
				"cubes": [
					{"origin": [2.2, 7.54887, 4.9372], "size": [2.95, 0.5, 0.05], "uv": [76, 54]},
					{"origin": [1.7, 7.54887, 4.9372], "size": [0.5, 4.9, 0.05], "uv": [76, 54]}
				]
			},
			{
				"name": "bone132",
				"parent": "bone123",
				"pivot": [0, 6.25, 0],
				"rotation": [0, -180, 0]
			},
			{
				"name": "bone133",
				"parent": "bone132",
				"pivot": [0, 6.25, 4.9362],
				"rotation": [15, 0, 0]
			},
			{
				"name": "bone134",
				"parent": "bone133",
				"pivot": [0, 11.75, 4.7362],
				"rotation": [5, 0, 0]
			},
			{
				"name": "bone138",
				"parent": "bone133",
				"pivot": [-3, 5.74887, 4.9362],
				"rotation": [0, 0, 14.51082],
				"cubes": [
					{"origin": [-4.7, 7.54887, 4.9], "size": [2.15, 0.5, 0.05], "uv": [76, 54]}
				]
			},
			{
				"name": "bone139",
				"parent": "bone133",
				"pivot": [3, 5.74887, 4.9362],
				"rotation": [0, 0, -14.51082],
				"cubes": [
					{"origin": [2.55, 7.54887, 4.9], "size": [2.15, 0.5, 0.05], "uv": [76, 54]}
				]
			},
			{
				"name": "bone140",
				"parent": "bone123",
				"pivot": [-0.3, 6.25, 0],
				"rotation": [0, -270, 0]
			},
			{
				"name": "bone141",
				"parent": "bone140",
				"pivot": [-0.3, 6.25, 4.9362],
				"rotation": [15, 0, 0]
			},
			{
				"name": "bone142",
				"parent": "bone141",
				"pivot": [-3.3, 5.74887, 4.9362],
				"rotation": [0, 0, 14.51082],
				"cubes": [
					{"origin": [-5.15, 7.54887, 4.9352], "size": [3.45, 0.5, 0.05], "uv": [76, 54]},
					{"origin": [-2.2, 8.04887, 4.9352], "size": [0.5, 4.7, 0.05], "uv": [76, 54]}
				]
			},
			{
				"name": "bone143",
				"parent": "bone141",
				"pivot": [2.7, 5.74887, 4.9362],
				"rotation": [0, 0, -14.51082],
				"cubes": [
					{"origin": [1.1, 7.44887, 4.9372], "size": [3.6, 0.5, 0.05], "uv": [76, 54]},
					{"origin": [1.1, 7.94887, 4.9372], "size": [0.5, 4.7, 0.05], "uv": [76, 54]}
				]
			},
			{
				"name": "bone135",
				"parent": "bone165",
				"pivot": [0, 24.45, 1.8]
			},
			{
				"name": "bone136",
				"parent": "bone135",
				"pivot": [0, 6.25, -0.2]
			},
			{
				"name": "bone137",
				"parent": "bone136",
				"pivot": [0, 6.25, 4.7362],
				"rotation": [15, 0, 0]
			},
			{
				"name": "bone144",
				"parent": "bone137",
				"pivot": [-3, 5.74887, 4.7362],
				"rotation": [0, 0, 14.51082],
				"cubes": [
					{"origin": [-4.7, 8.04887, 4.7352], "size": [3.2, 0.1, 0.05], "uv": [70, 29]}
				]
			},
			{
				"name": "bone145",
				"parent": "bone137",
				"pivot": [3, 5.74887, 4.7362],
				"rotation": [0, 0, -14.51082],
				"cubes": [
					{"origin": [1.5, 8.04887, 4.7372], "size": [3.2, 0.1, 0.05], "uv": [70, 29]}
				]
			},
			{
				"name": "bone146",
				"parent": "bone135",
				"pivot": [0.3, 6.25, 0],
				"rotation": [0, -90, 0]
			},
			{
				"name": "bone147",
				"parent": "bone146",
				"pivot": [0.3, 6.25, 4.9362],
				"rotation": [15, 0, 0]
			},
			{
				"name": "bone148",
				"parent": "bone147",
				"pivot": [-2.7, 5.74887, 4.9362],
				"rotation": [0, 0, 14.51082],
				"cubes": [
					{"origin": [-4.72, 7.94887, 4.9352], "size": [3.12, 0.1, 0.05], "uv": [70, 29]},
					{"origin": [-1.7, 7.94887, 4.9352], "size": [0.1, 4.3, 0.05], "uv": [70, 29]}
				]
			},
			{
				"name": "bone149",
				"parent": "bone147",
				"pivot": [3.3, 5.74887, 4.9362],
				"rotation": [0, 0, -14.51082],
				"cubes": [
					{"origin": [2.2, 8.04887, 4.9372], "size": [2.95, 0.1, 0.05], "uv": [70, 29]},
					{"origin": [2.2, 8.04887, 4.9372], "size": [0.1, 4.1, 0.05], "uv": [70, 29]}
				]
			},
			{
				"name": "bone150",
				"parent": "bone135",
				"pivot": [0, 6.25, 0],
				"rotation": [0, -180, 0]
			},
			{
				"name": "bone151",
				"parent": "bone150",
				"pivot": [0, 6.25, 4.9362],
				"rotation": [15, 0, 0]
			},
			{
				"name": "bone152",
				"parent": "bone151",
				"pivot": [0, 11.75, 4.7362],
				"rotation": [5, 0, 0]
			},
			{
				"name": "bone153",
				"parent": "bone151",
				"pivot": [-3, 5.74887, 4.9362],
				"rotation": [0, 0, 14.51082],
				"cubes": [
					{"origin": [-4.7, 8.04887, 4.9], "size": [2.15, 0.1, 0.05], "uv": [70, 29]}
				]
			},
			{
				"name": "bone154",
				"parent": "bone151",
				"pivot": [3, 5.74887, 4.9362],
				"rotation": [0, 0, -14.51082],
				"cubes": [
					{"origin": [2.55, 8.04887, 4.9], "size": [2.15, 0.1, 0.05], "uv": [70, 29]}
				]
			},
			{
				"name": "bone155",
				"parent": "bone135",
				"pivot": [-0.3, 6.25, 0],
				"rotation": [0, -270, 0]
			},
			{
				"name": "bone156",
				"parent": "bone155",
				"pivot": [-0.3, 6.25, 4.9362],
				"rotation": [15, 0, 0]
			},
			{
				"name": "bone157",
				"parent": "bone156",
				"pivot": [-3.3, 5.74887, 4.9362],
				"rotation": [0, 0, 14.51082],
				"cubes": [
					{"origin": [-5.15, 8.04887, 4.9352], "size": [2.95, 0.1, 0.05], "uv": [70, 29]},
					{"origin": [-2.3, 8.04887, 4.9352], "size": [0.1, 4.4, 0.05], "uv": [70, 29]}
				]
			},
			{
				"name": "bone158",
				"parent": "bone156",
				"pivot": [2.7, 5.74887, 4.9362],
				"rotation": [0, 0, -14.51082],
				"cubes": [
					{"origin": [1.6, 7.94887, 4.9372], "size": [3.1, 0.1, 0.05], "uv": [70, 29]},
					{"origin": [1.6, 7.94887, 4.9372], "size": [0.1, 4.5, 0.05], "uv": [70, 29]}
				]
			},
			{
				"name": "bone159",
				"parent": "bone165",
				"pivot": [0, 24.45, 1.8]
			},
			{
				"name": "bone160",
				"parent": "bone159",
				"pivot": [0, 6.25, -0.2]
			},
			{
				"name": "bone161",
				"parent": "bone160",
				"pivot": [0, 6.25, 4.7362],
				"rotation": [15, 0, 0]
			},
			{
				"name": "bone162",
				"parent": "bone161",
				"pivot": [-3, 5.74887, 4.7362],
				"rotation": [0, 0, 14.51082],
				"cubes": [
					{"origin": [-4.7, 8.14887, 4.7352], "size": [3.2, 0.1, 0.05], "uv": [74, 54]}
				]
			},
			{
				"name": "bone163",
				"parent": "bone161",
				"pivot": [3, 5.74887, 4.7362],
				"rotation": [0, 0, -14.51082],
				"cubes": [
					{"origin": [1.5, 8.14887, 4.7372], "size": [3.2, 0.1, 0.05], "uv": [74, 54]}
				]
			},
			{
				"name": "bone164",
				"parent": "bone159",
				"pivot": [0.3, 6.25, 0],
				"rotation": [0, -90, 0]
			},
			{
				"name": "bone166",
				"parent": "bone164",
				"pivot": [0.3, 6.25, 4.9362],
				"rotation": [15, 0, 0]
			},
			{
				"name": "bone167",
				"parent": "bone166",
				"pivot": [-2.7, 5.74887, 4.9362],
				"rotation": [0, 0, 14.51082],
				"cubes": [
					{"origin": [-4.72, 8.04887, 4.9352], "size": [3.12, 0.1, 0.05], "uv": [74, 54]},
					{"origin": [-1.8, 8.04887, 4.9352], "size": [0.1, 4.3, 0.05], "uv": [74, 54]}
				]
			},
			{
				"name": "bone168",
				"parent": "bone166",
				"pivot": [3.3, 5.74887, 4.9362],
				"rotation": [0, 0, -14.51082],
				"cubes": [
					{"origin": [2.3, 8.14887, 4.9372], "size": [2.85, 0.1, 0.05], "uv": [74, 54]},
					{"origin": [2.3, 8.14887, 4.9372], "size": [0.1, 4.1, 0.05], "uv": [74, 54]}
				]
			},
			{
				"name": "bone169",
				"parent": "bone159",
				"pivot": [0, 6.25, 0],
				"rotation": [0, -180, 0]
			},
			{
				"name": "bone170",
				"parent": "bone169",
				"pivot": [0, 6.25, 4.9362],
				"rotation": [15, 0, 0]
			},
			{
				"name": "bone171",
				"parent": "bone170",
				"pivot": [0, 11.75, 4.7362],
				"rotation": [5, 0, 0]
			},
			{
				"name": "bone172",
				"parent": "bone170",
				"pivot": [-3, 5.74887, 4.9362],
				"rotation": [0, 0, 14.51082],
				"cubes": [
					{"origin": [-4.7, 8.14887, 4.9], "size": [2.15, 0.1, 0.05], "uv": [74, 54]}
				]
			},
			{
				"name": "bone173",
				"parent": "bone170",
				"pivot": [3, 5.74887, 4.9362],
				"rotation": [0, 0, -14.51082],
				"cubes": [
					{"origin": [2.55, 8.14887, 4.9], "size": [2.15, 0.1, 0.05], "uv": [74, 54]}
				]
			},
			{
				"name": "bone174",
				"parent": "bone159",
				"pivot": [-0.3, 6.25, 0],
				"rotation": [0, -270, 0]
			},
			{
				"name": "bone175",
				"parent": "bone174",
				"pivot": [-0.3, 6.25, 4.9362],
				"rotation": [15, 0, 0]
			},
			{
				"name": "bone176",
				"parent": "bone175",
				"pivot": [-3.3, 5.74887, 4.9362],
				"rotation": [0, 0, 14.51082],
				"cubes": [
					{"origin": [-5.15, 8.14887, 4.9352], "size": [2.85, 0.1, 0.05], "uv": [74, 54]},
					{"origin": [-2.4, 8.14887, 4.9352], "size": [0.1, 4.3, 0.05], "uv": [74, 54]}
				]
			},
			{
				"name": "bone177",
				"parent": "bone175",
				"pivot": [2.7, 5.74887, 4.9362],
				"rotation": [0, 0, -14.51082],
				"cubes": [
					{"origin": [1.7, 8.04887, 4.9372], "size": [3, 0.1, 0.05], "uv": [74, 54]},
					{"origin": [1.7, 8.14887, 4.9372], "size": [0.1, 4.5, 0.05], "uv": [74, 54]}
				]
			},
			{
				"name": "bone200",
				"parent": "qunzi",
				"pivot": [0, 12.1, 1.8]
			},
			{
				"name": "zhongqun",
				"parent": "bone200",
				"pivot": [0, 13.2, 0]
			},
			{
				"name": "bone2",
				"parent": "zhongqun",
				"pivot": [0, 2.7, 0]
			},
			{
				"name": "bone4",
				"parent": "bone2",
				"pivot": [0, 2.7, 5.27792],
				"rotation": [23, 0, 0]
			},
			{
				"name": "bone6",
				"parent": "bone4",
				"pivot": [0, 2.7, 5.27792],
				"rotation": [0, -45, 0],
				"cubes": [
					{"origin": [-0.75, 5.8, 4.77792], "size": [1.75, 0.5, 1.5], "uv": [70, 29]}
				]
			},
			{
				"name": "bone8",
				"parent": "zhongqun",
				"pivot": [0, 2.7, 0],
				"rotation": [0, -30, 0]
			},
			{
				"name": "bone9",
				"parent": "bone8",
				"pivot": [0, 2.7, 5.27792],
				"rotation": [23, 0, 0]
			},
			{
				"name": "bone10",
				"parent": "bone9",
				"pivot": [0, 2.7, 5.27792],
				"rotation": [0, -45, 0],
				"cubes": [
					{"origin": [-0.75, 5.8, 4.77792], "size": [1.75, 0.5, 1.5], "uv": [70, 29]}
				]
			},
			{
				"name": "bone11",
				"parent": "zhongqun",
				"pivot": [0, 2.7, 0],
				"rotation": [0, -60, 0]
			},
			{
				"name": "bone12",
				"parent": "bone11",
				"pivot": [0, 2.7, 5.27792],
				"rotation": [23, 0, 0]
			},
			{
				"name": "bone13",
				"parent": "bone12",
				"pivot": [0, 2.7, 5.27792],
				"rotation": [0, -45, 0],
				"cubes": [
					{"origin": [-0.75, 5.8, 4.77792], "size": [1.75, 0.5, 1.5], "uv": [70, 29]}
				]
			},
			{
				"name": "bone14",
				"parent": "zhongqun",
				"pivot": [0, 2.7, 0],
				"rotation": [0, -90, 0]
			},
			{
				"name": "bone15",
				"parent": "bone14",
				"pivot": [0, 2.7, 5.27792],
				"rotation": [23, 0, 0]
			},
			{
				"name": "bone16",
				"parent": "bone15",
				"pivot": [0, 2.7, 5.27792],
				"rotation": [0, -45, 0],
				"cubes": [
					{"origin": [-0.75, 5.8, 4.77792], "size": [1.75, 0.5, 1.5], "uv": [70, 29]}
				]
			},
			{
				"name": "bone17",
				"parent": "zhongqun",
				"pivot": [0, 2.7, 0],
				"rotation": [0, -120, 0]
			},
			{
				"name": "bone18",
				"parent": "bone17",
				"pivot": [0, 2.7, 5.27792],
				"rotation": [23, 0, 0]
			},
			{
				"name": "bone19",
				"parent": "bone18",
				"pivot": [0, 2.7, 5.27792],
				"rotation": [0, -45, 0],
				"cubes": [
					{"origin": [-0.75, 5.8, 4.77792], "size": [1.75, 0.5, 1.5], "uv": [70, 29]}
				]
			},
			{
				"name": "bone20",
				"parent": "zhongqun",
				"pivot": [0, 2.7, 0],
				"rotation": [0, -150, 0]
			},
			{
				"name": "bone21",
				"parent": "bone20",
				"pivot": [0, 2.7, 5.27792],
				"rotation": [23, 0, 0]
			},
			{
				"name": "bone22",
				"parent": "bone21",
				"pivot": [0, 2.7, 5.27792],
				"rotation": [0, -45, 0],
				"cubes": [
					{"origin": [-0.75, 5.8, 4.77792], "size": [1.75, 0.5, 1.5], "uv": [70, 29]}
				]
			},
			{
				"name": "bone23",
				"parent": "zhongqun",
				"pivot": [0, 2.7, 0],
				"rotation": [0, -180, 0]
			},
			{
				"name": "bone24",
				"parent": "bone23",
				"pivot": [0, 2.7, 5.27792],
				"rotation": [23, 0, 0]
			},
			{
				"name": "bone25",
				"parent": "bone24",
				"pivot": [0, 2.7, 5.27792],
				"rotation": [0, -45, 0],
				"cubes": [
					{"origin": [-0.75, 5.8, 4.77792], "size": [1.75, 0.5, 1.5], "uv": [70, 29]}
				]
			},
			{
				"name": "bone26",
				"parent": "zhongqun",
				"pivot": [0, 2.7, 0],
				"rotation": [0, -210, 0]
			},
			{
				"name": "bone27",
				"parent": "bone26",
				"pivot": [0, 2.7, 5.27792],
				"rotation": [23, 0, 0]
			},
			{
				"name": "bone28",
				"parent": "bone27",
				"pivot": [0, 2.7, 5.27792],
				"rotation": [0, -45, 0],
				"cubes": [
					{"origin": [-0.75, 5.8, 4.77792], "size": [1.75, 0.5, 1.5], "uv": [70, 29]}
				]
			},
			{
				"name": "bone29",
				"parent": "zhongqun",
				"pivot": [0, 2.7, 0],
				"rotation": [0, -240, 0]
			},
			{
				"name": "bone30",
				"parent": "bone29",
				"pivot": [0, 2.7, 5.27792],
				"rotation": [23, 0, 0]
			},
			{
				"name": "bone31",
				"parent": "bone30",
				"pivot": [0, 2.7, 5.27792],
				"rotation": [0, -45, 0],
				"cubes": [
					{"origin": [-0.75, 5.8, 4.77792], "size": [1.75, 0.5, 1.5], "uv": [70, 29]}
				]
			},
			{
				"name": "bone32",
				"parent": "zhongqun",
				"pivot": [0, 2.7, 0],
				"rotation": [0, -270, 0]
			},
			{
				"name": "bone33",
				"parent": "bone32",
				"pivot": [0, 2.7, 5.27792],
				"rotation": [23, 0, 0]
			},
			{
				"name": "bone34",
				"parent": "bone33",
				"pivot": [0, 2.7, 5.27792],
				"rotation": [0, -45, 0],
				"cubes": [
					{"origin": [-0.75, 5.8, 4.77792], "size": [1.75, 0.5, 1.5], "uv": [70, 29]}
				]
			},
			{
				"name": "bone35",
				"parent": "zhongqun",
				"pivot": [0, 2.7, 0],
				"rotation": [0, -300, 0]
			},
			{
				"name": "bone36",
				"parent": "bone35",
				"pivot": [0, 2.7, 5.27792],
				"rotation": [23, 0, 0]
			},
			{
				"name": "bone37",
				"parent": "bone36",
				"pivot": [0, 2.7, 5.27792],
				"rotation": [0, -45, 0],
				"cubes": [
					{"origin": [-0.75, 5.8, 4.77792], "size": [1.75, 0.5, 1.5], "uv": [70, 29]}
				]
			},
			{
				"name": "bone38",
				"parent": "zhongqun",
				"pivot": [0, 2.7, 0],
				"rotation": [0, -330, 0]
			},
			{
				"name": "bone39",
				"parent": "bone38",
				"pivot": [0, 2.7, 5.27792],
				"rotation": [23, 0, 0]
			},
			{
				"name": "bone40",
				"parent": "bone39",
				"pivot": [0, 2.7, 5.27792],
				"rotation": [0, -45, 0],
				"cubes": [
					{"origin": [-0.75, 5.8, 4.77792], "size": [1.75, 0.5, 1.5], "uv": [70, 29]}
				]
			},
			{
				"name": "zhongqun2",
				"parent": "bone200",
				"pivot": [0, 13.2, 0]
			},
			{
				"name": "bone201",
				"parent": "zhongqun2",
				"pivot": [0, 2.7, 0]
			},
			{
				"name": "bone202",
				"parent": "bone201",
				"pivot": [0, 2.7, 5.27792],
				"rotation": [23, 0, 0]
			},
			{
				"name": "bone203",
				"parent": "bone202",
				"pivot": [0, 2.7, 5.27792],
				"rotation": [0, -45, 0],
				"cubes": [
					{"origin": [-0.75, 6.3, 4.77792], "size": [1.75, 0.25, 1.5], "uv": [74, 57]}
				]
			},
			{
				"name": "bone204",
				"parent": "zhongqun2",
				"pivot": [0, 2.7, 0],
				"rotation": [0, -30, 0]
			},
			{
				"name": "bone205",
				"parent": "bone204",
				"pivot": [0, 2.7, 5.27792],
				"rotation": [23, 0, 0]
			},
			{
				"name": "bone206",
				"parent": "bone205",
				"pivot": [0, 2.7, 5.27792],
				"rotation": [0, -45, 0],
				"cubes": [
					{"origin": [-0.75, 6.3, 4.77792], "size": [1.75, 0.25, 1.5], "uv": [74, 57]}
				]
			},
			{
				"name": "bone207",
				"parent": "zhongqun2",
				"pivot": [0, 2.7, 0],
				"rotation": [0, -60, 0]
			},
			{
				"name": "bone208",
				"parent": "bone207",
				"pivot": [0, 2.7, 5.27792],
				"rotation": [23, 0, 0]
			},
			{
				"name": "bone209",
				"parent": "bone208",
				"pivot": [0, 2.7, 5.27792],
				"rotation": [0, -45, 0],
				"cubes": [
					{"origin": [-0.75, 6.3, 4.77792], "size": [1.75, 0.25, 1.5], "uv": [74, 57]}
				]
			},
			{
				"name": "bone210",
				"parent": "zhongqun2",
				"pivot": [0, 2.7, 0],
				"rotation": [0, -90, 0]
			},
			{
				"name": "bone211",
				"parent": "bone210",
				"pivot": [0, 2.7, 5.27792],
				"rotation": [23, 0, 0]
			},
			{
				"name": "bone212",
				"parent": "bone211",
				"pivot": [0, 2.7, 5.27792],
				"rotation": [0, -45, 0],
				"cubes": [
					{"origin": [-0.75, 6.3, 4.77792], "size": [1.75, 0.25, 1.5], "uv": [74, 57]}
				]
			},
			{
				"name": "bone213",
				"parent": "zhongqun2",
				"pivot": [0, 2.7, 0],
				"rotation": [0, -120, 0]
			},
			{
				"name": "bone214",
				"parent": "bone213",
				"pivot": [0, 2.7, 5.27792],
				"rotation": [23, 0, 0]
			},
			{
				"name": "bone215",
				"parent": "bone214",
				"pivot": [0, 2.7, 5.27792],
				"rotation": [0, -45, 0],
				"cubes": [
					{"origin": [-0.75, 6.3, 4.77792], "size": [1.75, 0.25, 1.5], "uv": [74, 57]}
				]
			},
			{
				"name": "bone216",
				"parent": "zhongqun2",
				"pivot": [0, 2.7, 0],
				"rotation": [0, -150, 0]
			},
			{
				"name": "bone217",
				"parent": "bone216",
				"pivot": [0, 2.7, 5.27792],
				"rotation": [23, 0, 0]
			},
			{
				"name": "bone218",
				"parent": "bone217",
				"pivot": [0, 2.7, 5.27792],
				"rotation": [0, -45, 0],
				"cubes": [
					{"origin": [-0.75, 6.3, 4.77792], "size": [1.75, 0.25, 1.5], "uv": [74, 57]}
				]
			},
			{
				"name": "bone219",
				"parent": "zhongqun2",
				"pivot": [0, 2.7, 0],
				"rotation": [0, -180, 0]
			},
			{
				"name": "bone220",
				"parent": "bone219",
				"pivot": [0, 2.7, 5.27792],
				"rotation": [23, 0, 0]
			},
			{
				"name": "bone221",
				"parent": "bone220",
				"pivot": [0, 2.7, 5.27792],
				"rotation": [0, -45, 0],
				"cubes": [
					{"origin": [-0.75, 6.3, 4.77792], "size": [1.75, 0.25, 1.5], "uv": [74, 57]}
				]
			},
			{
				"name": "bone222",
				"parent": "zhongqun2",
				"pivot": [0, 2.7, 0],
				"rotation": [0, -210, 0]
			},
			{
				"name": "bone223",
				"parent": "bone222",
				"pivot": [0, 2.7, 5.27792],
				"rotation": [23, 0, 0]
			},
			{
				"name": "bone224",
				"parent": "bone223",
				"pivot": [0, 2.7, 5.27792],
				"rotation": [0, -45, 0],
				"cubes": [
					{"origin": [-0.75, 6.3, 4.77792], "size": [1.75, 0.25, 1.5], "uv": [74, 57]}
				]
			},
			{
				"name": "bone225",
				"parent": "zhongqun2",
				"pivot": [0, 2.7, 0],
				"rotation": [0, -240, 0]
			},
			{
				"name": "bone226",
				"parent": "bone225",
				"pivot": [0, 2.7, 5.27792],
				"rotation": [23, 0, 0]
			},
			{
				"name": "bone227",
				"parent": "bone226",
				"pivot": [0, 2.7, 5.27792],
				"rotation": [0, -45, 0],
				"cubes": [
					{"origin": [-0.75, 6.3, 4.77792], "size": [1.75, 0.25, 1.5], "uv": [74, 57]}
				]
			},
			{
				"name": "bone228",
				"parent": "zhongqun2",
				"pivot": [0, 2.7, 0],
				"rotation": [0, -270, 0]
			},
			{
				"name": "bone229",
				"parent": "bone228",
				"pivot": [0, 2.7, 5.27792],
				"rotation": [23, 0, 0]
			},
			{
				"name": "bone230",
				"parent": "bone229",
				"pivot": [0, 2.7, 5.27792],
				"rotation": [0, -45, 0],
				"cubes": [
					{"origin": [-0.75, 6.3, 4.77792], "size": [1.75, 0.25, 1.5], "uv": [74, 57]}
				]
			},
			{
				"name": "bone231",
				"parent": "zhongqun2",
				"pivot": [0, 2.7, 0],
				"rotation": [0, -300, 0]
			},
			{
				"name": "bone232",
				"parent": "bone231",
				"pivot": [0, 2.7, 5.27792],
				"rotation": [23, 0, 0]
			},
			{
				"name": "bone233",
				"parent": "bone232",
				"pivot": [0, 2.7, 5.27792],
				"rotation": [0, -45, 0],
				"cubes": [
					{"origin": [-0.75, 6.3, 4.77792], "size": [1.75, 0.25, 1.5], "uv": [74, 57]}
				]
			},
			{
				"name": "bone234",
				"parent": "zhongqun2",
				"pivot": [0, 2.7, 0],
				"rotation": [0, -330, 0]
			},
			{
				"name": "bone235",
				"parent": "bone234",
				"pivot": [0, 2.7, 5.27792],
				"rotation": [23, 0, 0]
			},
			{
				"name": "bone236",
				"parent": "bone235",
				"pivot": [0, 2.7, 5.27792],
				"rotation": [0, -45, 0],
				"cubes": [
					{"origin": [-0.75, 6.3, 4.77792], "size": [1.75, 0.25, 1.5], "uv": [74, 57]}
				]
			},
			{
				"name": "zhongqun3",
				"parent": "bone200",
				"pivot": [0, 13.2, 0]
			},
			{
				"name": "bone237",
				"parent": "zhongqun3",
				"pivot": [0, 2.7, 0]
			},
			{
				"name": "bone238",
				"parent": "bone237",
				"pivot": [0, 2.7, 5.27792],
				"rotation": [23, 0, 0]
			},
			{
				"name": "bone239",
				"parent": "bone238",
				"pivot": [0, 2.7, 5.27792],
				"rotation": [0, -45, 0],
				"cubes": [
					{"origin": [-0.75, 6.55, 4.77792], "size": [1.75, 5.5, 1.5], "uv": [70, 29]}
				]
			},
			{
				"name": "bone240",
				"parent": "zhongqun3",
				"pivot": [0, 2.7, 0],
				"rotation": [0, -30, 0]
			},
			{
				"name": "bone241",
				"parent": "bone240",
				"pivot": [0, 2.7, 5.27792],
				"rotation": [23, 0, 0]
			},
			{
				"name": "bone242",
				"parent": "bone241",
				"pivot": [0, 2.7, 5.27792],
				"rotation": [0, -45, 0],
				"cubes": [
					{"origin": [-0.75, 6.55, 4.77792], "size": [1.75, 5.5, 1.5], "uv": [70, 29]}
				]
			},
			{
				"name": "bone243",
				"parent": "zhongqun3",
				"pivot": [0, 2.7, 0],
				"rotation": [0, -60, 0]
			},
			{
				"name": "bone244",
				"parent": "bone243",
				"pivot": [0, 2.7, 5.27792],
				"rotation": [23, 0, 0]
			},
			{
				"name": "bone245",
				"parent": "bone244",
				"pivot": [0, 2.7, 5.27792],
				"rotation": [0, -45, 0],
				"cubes": [
					{"origin": [-0.75, 6.55, 4.77792], "size": [1.75, 5.5, 1.5], "uv": [70, 29]}
				]
			},
			{
				"name": "bone246",
				"parent": "zhongqun3",
				"pivot": [0, 2.7, 0],
				"rotation": [0, -90, 0]
			},
			{
				"name": "bone247",
				"parent": "bone246",
				"pivot": [0, 2.7, 5.27792],
				"rotation": [23, 0, 0]
			},
			{
				"name": "bone248",
				"parent": "bone247",
				"pivot": [0, 2.7, 5.27792],
				"rotation": [0, -45, 0],
				"cubes": [
					{"origin": [-0.75, 6.55, 4.77792], "size": [1.75, 5.5, 1.5], "uv": [70, 29]}
				]
			},
			{
				"name": "bone249",
				"parent": "zhongqun3",
				"pivot": [0, 2.7, 0],
				"rotation": [0, -120, 0]
			},
			{
				"name": "bone250",
				"parent": "bone249",
				"pivot": [0, 2.7, 5.27792],
				"rotation": [23, 0, 0]
			},
			{
				"name": "bone251",
				"parent": "bone250",
				"pivot": [0, 2.7, 5.27792],
				"rotation": [0, -45, 0],
				"cubes": [
					{"origin": [-0.75, 6.55, 4.77792], "size": [1.75, 5.5, 1.5], "uv": [70, 29]}
				]
			},
			{
				"name": "bone252",
				"parent": "zhongqun3",
				"pivot": [0, 2.7, 0],
				"rotation": [0, -150, 0]
			},
			{
				"name": "bone253",
				"parent": "bone252",
				"pivot": [0, 2.7, 5.27792],
				"rotation": [23, 0, 0]
			},
			{
				"name": "bone254",
				"parent": "bone253",
				"pivot": [0, 2.7, 5.27792],
				"rotation": [0, -45, 0],
				"cubes": [
					{"origin": [-0.75, 6.55, 4.77792], "size": [1.75, 5.5, 1.5], "uv": [70, 29]}
				]
			},
			{
				"name": "bone255",
				"parent": "zhongqun3",
				"pivot": [0, 2.7, 0],
				"rotation": [0, -180, 0]
			},
			{
				"name": "bone256",
				"parent": "bone255",
				"pivot": [0, 2.7, 5.27792],
				"rotation": [23, 0, 0]
			},
			{
				"name": "bone257",
				"parent": "bone256",
				"pivot": [0, 2.7, 5.27792],
				"rotation": [0, -45, 0],
				"cubes": [
					{"origin": [-0.75, 6.55, 4.77792], "size": [1.75, 5.5, 1.5], "uv": [70, 29]}
				]
			},
			{
				"name": "bone258",
				"parent": "zhongqun3",
				"pivot": [0, 2.7, 0],
				"rotation": [0, -210, 0]
			},
			{
				"name": "bone259",
				"parent": "bone258",
				"pivot": [0, 2.7, 5.27792],
				"rotation": [23, 0, 0]
			},
			{
				"name": "bone260",
				"parent": "bone259",
				"pivot": [0, 2.7, 5.27792],
				"rotation": [0, -45, 0],
				"cubes": [
					{"origin": [-0.75, 6.55, 4.77792], "size": [1.75, 5.5, 1.5], "uv": [70, 29]}
				]
			},
			{
				"name": "bone261",
				"parent": "zhongqun3",
				"pivot": [0, 2.7, 0],
				"rotation": [0, -240, 0]
			},
			{
				"name": "bone262",
				"parent": "bone261",
				"pivot": [0, 2.7, 5.27792],
				"rotation": [23, 0, 0]
			},
			{
				"name": "bone263",
				"parent": "bone262",
				"pivot": [0, 2.7, 5.27792],
				"rotation": [0, -45, 0],
				"cubes": [
					{"origin": [-0.75, 6.55, 4.77792], "size": [1.75, 5.5, 1.5], "uv": [70, 29]}
				]
			},
			{
				"name": "bone264",
				"parent": "zhongqun3",
				"pivot": [0, 2.7, 0],
				"rotation": [0, -270, 0]
			},
			{
				"name": "bone265",
				"parent": "bone264",
				"pivot": [0, 2.7, 5.27792],
				"rotation": [23, 0, 0]
			},
			{
				"name": "bone266",
				"parent": "bone265",
				"pivot": [0, 2.7, 5.27792],
				"rotation": [0, -45, 0],
				"cubes": [
					{"origin": [-0.75, 6.55, 4.77792], "size": [1.75, 5.5, 1.5], "uv": [70, 29]}
				]
			},
			{
				"name": "bone267",
				"parent": "zhongqun3",
				"pivot": [0, 2.7, 0],
				"rotation": [0, -300, 0]
			},
			{
				"name": "bone268",
				"parent": "bone267",
				"pivot": [0, 2.7, 5.27792],
				"rotation": [23, 0, 0]
			},
			{
				"name": "bone269",
				"parent": "bone268",
				"pivot": [0, 2.7, 5.27792],
				"rotation": [0, -45, 0],
				"cubes": [
					{"origin": [-0.75, 6.55, 4.77792], "size": [1.75, 5.5, 1.5], "uv": [70, 29]}
				]
			},
			{
				"name": "bone270",
				"parent": "zhongqun3",
				"pivot": [0, 2.7, 0],
				"rotation": [0, -330, 0]
			},
			{
				"name": "bone271",
				"parent": "bone270",
				"pivot": [0, 2.7, 5.27792],
				"rotation": [23, 0, 0]
			},
			{
				"name": "bone272",
				"parent": "bone271",
				"pivot": [0, 2.7, 5.27792],
				"rotation": [0, -45, 0],
				"cubes": [
					{"origin": [-0.75, 6.55, 4.77792], "size": [1.75, 5.5, 1.5], "uv": [70, 29]}
				]
			},
			{
				"name": "chacha",
				"parent": "body",
				"pivot": [0, 10.5, 0],
				"cubes": [
					{"origin": [-1.4, 11.399, -3.54], "size": [2.6, 0.15, 0.25], "uv": [52, 68]},
					{"origin": [-1, 11.699, -3.55], "size": [2, 0.1, 0.05], "uv": [52, 68]},
					{"origin": [-1, 14.299, -3.55], "size": [2, 0.1, 0.05], "uv": [52, 68]}
				]
			},
			{
				"name": "bone192",
				"parent": "chacha",
				"pivot": [0, 8.4, 0]
			},
			{
				"name": "bone191",
				"parent": "bone192",
				"pivot": [-0.05, 12.35, -3.6],
				"rotation": [0, 0, 15],
				"cubes": [
					{"origin": [-1.2, 12.199, -3.54], "size": [2.5, 0.1, 0.05], "uv": [52, 68]}
				]
			},
			{
				"name": "bone193",
				"parent": "bone192",
				"pivot": [-0.05, 12.35, -3.6],
				"rotation": [0, 0, -15],
				"cubes": [
					{"origin": [-1.2, 12.199, -3.54], "size": [2.5, 0.1, 0.05], "uv": [52, 68]}
				]
			},
			{
				"name": "bone194",
				"parent": "chacha",
				"pivot": [0, 10, 0]
			},
			{
				"name": "bone195",
				"parent": "bone194",
				"pivot": [-0.05, 13.95, -3.6],
				"rotation": [0, 0, 15],
				"cubes": [
					{"origin": [-1.2, 13.799, -3.54], "size": [2.5, 0.1, 0.05], "uv": [52, 68]}
				]
			},
			{
				"name": "bone196",
				"parent": "bone194",
				"pivot": [-0.05, 13.95, -3.6],
				"rotation": [0, 0, -15],
				"cubes": [
					{"origin": [-1.2, 13.799, -3.54], "size": [2.5, 0.1, 0.05], "uv": [52, 68]}
				]
			},
			{
				"name": "bone197",
				"parent": "chacha",
				"pivot": [0, 9.2, 0]
			},
			{
				"name": "bone198",
				"parent": "bone197",
				"pivot": [-0.05, 13.15, -3.6],
				"rotation": [0, 0, 15],
				"cubes": [
					{"origin": [-1.2, 12.999, -3.54], "size": [2.5, 0.1, 0.05], "uv": [52, 68]}
				]
			},
			{
				"name": "bone199",
				"parent": "bone197",
				"pivot": [-0.05, 13.15, -3.6],
				"rotation": [0, 0, -15],
				"cubes": [
					{"origin": [-1.2, 12.999, -3.54], "size": [2.5, 0.1, 0.05], "uv": [52, 68]}
				]
			},
			{
				"name": "bone276",
				"parent": "body",
				"pivot": [0, 11.6, 3.4],
				"rotation": [-10, 180, 0],
				"cubes": [
					{"origin": [-0.15, 11.399, 3.2], "size": [0.3, 0.3, 0.3], "uv": [56, 60]}
				]
			},
			{
				"name": "bone277",
				"parent": "bone276",
				"pivot": [0, 11.6, 3.4],
				"rotation": [-12.5, 0, 10],
				"cubes": [
					{"origin": [-0.1, 7.799, 3.4], "size": [0.2, 3.9, 0.1], "uv": [56, 60]}
				]
			},
			{
				"name": "bone278",
				"parent": "bone277",
				"pivot": [0, 11.67164, 3.59763],
				"rotation": [-12.5, 0, 30],
				"cubes": [
					{"origin": [-0.1, 10.07064, 3.49763], "size": [0.2, 1.65, 0.1], "uv": [56, 60]}
				]
			},
			{
				"name": "bone279",
				"parent": "bone278",
				"pivot": [0, 10.17164, 3.59763],
				"rotation": [7.5, 0, 0],
				"cubes": [
					{"origin": [-0.1, 10.07064, 3.49763], "size": [0.2, 1.55, 0.1], "uv": [56, 60]}
				]
			},
			{
				"name": "bone280",
				"parent": "bone276",
				"pivot": [0, 11.6, 3.4],
				"rotation": [-12.5, 0, -10],
				"cubes": [
					{"origin": [-0.1, 7.799, 3.4], "size": [0.2, 3.9, 0.1], "uv": [56, 60]}
				]
			},
			{
				"name": "bone281",
				"parent": "bone280",
				"pivot": [0, 11.67164, 3.59763],
				"rotation": [-12.5, 0, -32.5],
				"cubes": [
					{"origin": [-0.1, 10.17064, 3.49763], "size": [0.2, 1.55, 0.1], "uv": [56, 60]}
				]
			},
			{
				"name": "bone282",
				"parent": "bone281",
				"pivot": [0, 10.17164, 3.59763],
				"rotation": [7.5, 0, 0],
				"cubes": [
					{"origin": [-0.1, 10.27064, 3.49763], "size": [0.2, 1.35, 0.1], "uv": [56, 60]}
				]
			},
			{
				"name": "legLeft",
				"pivot": [2, 9, 0],
				"cubes": [
					{"origin": [0.499, 0, -1.25], "size": [2.5, 9, 2.5], "uv": [41, 81]}
				]
			},
			{
				"name": "legRight",
				"pivot": [-2, 9, 0],
				"cubes": [
					{"origin": [-2.999, 0, -1.25], "size": [2.5, 9, 2.5], "uv": [41, 81]}
				]
			},
			{
				"name": "sasimonoShow",
				"pivot": [0.5, 13, 4.25]
			},
			{
				"name": "wingRight",
				"parent": "sasimonoShow",
				"pivot": [-0.5, 13, 4.75],
				"rotation": [0, -60, 0],
				"cubes": [
					{"origin": [-0.5, 1, 4.5], "size": [0, 24, 13], "uv": [1, 7]}
				]
			},
			{
				"name": "wingLeft",
				"parent": "sasimonoShow",
				"pivot": [0.5, 13, 4.25],
				"rotation": [0, 60, 0],
				"cubes": [
					{"origin": [0.5, 1, 4.5], "size": [0, 24, 13], "uv": [1, 7]}
				]
			}
		]
	}
}