{
	"format_version": "1.10.0",
	"geometry.model": {
		"texturewidth": 128,
		"textureheight": 128,
		"visible_bounds_width": 3,
		"visible_bounds_height": 2,
		"visible_bounds_offset": [0, 0, 0],
		"bones": [
			{
				"name": "head",
				"pivot": [0, 18, 0],
				"cubes": [
					{"origin": [-4, 18, -4], "size": [8, 8, 8], "uv": [0, 0]},
					{"origin": [-3.5, 18.8, -3.5], "size": [7, 7.7, 7], "uv": [2, 17]},
					{"origin": [-3.5, 18.5, -3.5], "size": [7, 7, 7.75], "uv": [2, 17]},
					{"origin": [-4.5, 18.5, -3.5], "size": [9, 7, 7], "uv": [0, 17]}
				]
			},
			{
				"name": "bone55",
				"parent": "head",
				"pivot": [0, 18, 0]
			},
			{
				"name": "bone56",
				"parent": "bone55",
				"pivot": [0, 25.97765, -4.28978],
				"rotation": [-15, 0, 0],
				"cubes": [
					{"origin": [-0.8, 26.07765, -4.28978], "size": [1.6, 0.8, 1.6], "uv": [39, 17]}
				]
			},
			{
				"name": "bone58",
				"parent": "bone56",
				"pivot": [0, 26.57765, -4.28978],
				"rotation": [-40, 0, 0],
				"cubes": [
					{"origin": [-0.7, 26.57765, -4.28978], "size": [1.4, 2.3, 1.2], "uv": [6, 21]}
				]
			},
			{
				"name": "bone57",
				"parent": "bone56",
				"pivot": [0, 26.07765, -4.28978],
				"rotation": [22.5, 0, 0],
				"cubes": [
					{"origin": [-0.75, 23.57765, -4.28978], "size": [1.5, 2.5, 0.6], "uv": [21, 30]}
				]
			},
			{
				"name": "bone59",
				"parent": "bone57",
				"pivot": [-0.7, 26.07765, -4.28978],
				"rotation": [0, 0, 42.5],
				"cubes": [
					{"origin": [-0.75, 23.17765, -4.3], "size": [1.2, 2.9, 0.6], "uv": [16, 25]}
				]
			},
			{
				"name": "bone60",
				"parent": "bone57",
				"pivot": [0.8, 26.07765, -4.28978],
				"rotation": [0, 0, -42.5],
				"cubes": [
					{"origin": [-0.45, 23.17765, -4.31], "size": [1.2, 2.9, 0.6], "uv": [20, 28]}
				]
			},
			{
				"name": "blink",
				"parent": "head",
				"pivot": [0, 18, 0],
				"cubes": [
					{"origin": [-4, 18, -4.001], "size": [8, 8, 0], "uv": [32, 0]}
				]
			},
			{
				"name": "bone66",
				"parent": "head",
				"pivot": [-0.8, 25.9, -4.3]
			},
			{
				"name": "bone61",
				"parent": "bone66",
				"pivot": [-0.8, 25.9, -4.3],
				"rotation": [0, 0, 27.5],
				"cubes": [
					{"origin": [-2.37364, 23.85791, -4.2639], "size": [1.5, 2.2, 1.5], "uv": [12, 24]}
				]
			},
			{
				"name": "bone62",
				"parent": "bone61",
				"pivot": [-0.8, 23.7, -4.3],
				"rotation": [0, 0, -10],
				"cubes": [
					{"origin": [-2.32231, 21.92877, -4.26], "size": [1.4, 2.2, 0.7], "uv": [12, 26]}
				]
			},
			{
				"name": "bone63",
				"parent": "bone62",
				"pivot": [-0.8, 21.7, -4.3],
				"rotation": [0, 0, -12.5],
				"cubes": [
					{"origin": [-2.23671, 20.05284, -4.2639], "size": [1.2, 2.2, 0.7], "uv": [12, 28]}
				]
			},
			{
				"name": "bone64",
				"parent": "bone63",
				"pivot": [-0.8, 19.4, -4.3],
				"rotation": [0, 0, -15],
				"cubes": [
					{"origin": [-2.01879, 17.50244, -4.26], "size": [1.1, 2.9, 0.7], "uv": [12, 31]}
				]
			},
			{
				"name": "bone65",
				"parent": "bone64",
				"pivot": [-0.8, 17.3, -4.3],
				"rotation": [0, 0, 22.5],
				"cubes": [
					{"origin": [-1.98721, 15.24157, -4.26], "size": [1, 2.2, 0.7], "uv": [12, 34]}
				]
			},
			{
				"name": "bone67",
				"parent": "bone66",
				"pivot": [2.4, 25.9, -4.3],
				"rotation": [0, 0, -27.5],
				"cubes": [
					{"origin": [1.02354, 24.5341, -4.26], "size": [1.5, 2.2, 1.5], "uv": [12, 24]}
				]
			},
			{
				"name": "bone68",
				"parent": "bone67",
				"pivot": [2.4, 23.7, -4.3],
				"rotation": [0, 0, 10],
				"cubes": [
					{"origin": [0.97683, 22.34288, -4.2639], "size": [1.4, 2.2, 0.7], "uv": [12, 27]}
				]
			},
			{
				"name": "bone69",
				"parent": "bone68",
				"pivot": [2.4, 21.7, -4.3],
				"rotation": [0, 0, 12.5],
				"cubes": [
					{"origin": [1.03823, 20.12263, -4.26], "size": [1.2, 2.2, 0.7], "uv": [12, 30]}
				]
			},
			{
				"name": "bone70",
				"parent": "bone69",
				"pivot": [2.4, 19.4, -4.3],
				"rotation": [0, 0, 15],
				"cubes": [
					{"origin": [0.97681, 17.15878, -4.2639], "size": [1.1, 2.9, 0.7], "uv": [12, 33]}
				]
			},
			{
				"name": "bone71",
				"parent": "bone70",
				"pivot": [2.4, 17.3, -4.3],
				"rotation": [0, 0, -22.5],
				"cubes": [
					{"origin": [1.0311, 15.51416, -4.26], "size": [1, 2.2, 0.7], "uv": [12, 36]}
				]
			},
			{
				"name": "bone75",
				"parent": "head",
				"pivot": [0, 18, 0]
			},
			{
				"name": "bone72",
				"parent": "bone75",
				"pivot": [3.5, 20, 3.5],
				"rotation": [10, 0, -10],
				"cubes": [
					{"origin": [3, 17, 3], "size": [1, 3, 1], "uv": [0, 30]}
				]
			},
			{
				"name": "bone73",
				"parent": "bone72",
				"pivot": [3.5, 17, 3.5],
				"rotation": [0, 0, 2.5],
				"cubes": [
					{"origin": [3, 14, 3], "size": [1, 3, 1], "uv": [0, 35]}
				]
			},
			{
				"name": "bone74",
				"parent": "bone73",
				"pivot": [3.5, 14, 3.5],
				"rotation": [-10, 0, -5],
				"cubes": [
					{"origin": [3, 11, 3], "size": [1, 3, 1], "uv": [0, 39]}
				]
			},
			{
				"name": "bone76",
				"parent": "bone75",
				"pivot": [3.5, 20, 2.5],
				"rotation": [5, 0, -15],
				"cubes": [
					{"origin": [3, 17, 2], "size": [1, 3, 1], "uv": [0, 30]}
				]
			},
			{
				"name": "bone77",
				"parent": "bone76",
				"pivot": [3.5, 17, 2.5],
				"cubes": [
					{"origin": [3, 14, 2], "size": [1, 3, 1], "uv": [0, 35]}
				]
			},
			{
				"name": "bone78",
				"parent": "bone77",
				"pivot": [3.5, 14, 2.5],
				"rotation": [0, 0, -15],
				"cubes": [
					{"origin": [3, 11, 2], "size": [1, 3, 1], "uv": [0, 39]}
				]
			},
			{
				"name": "bone79",
				"parent": "bone75",
				"pivot": [3.5, 20, 1.5],
				"rotation": [2.5, 0, -20],
				"cubes": [
					{"origin": [3, 17, 1], "size": [1, 3, 1], "uv": [0, 30]}
				]
			},
			{
				"name": "bone80",
				"parent": "bone79",
				"pivot": [3.5, 17, 1.5],
				"rotation": [0, 0, -12.5],
				"cubes": [
					{"origin": [3, 14, 1], "size": [1, 3, 1], "uv": [0, 35]}
				]
			},
			{
				"name": "bone81",
				"parent": "bone80",
				"pivot": [3.5, 14, 1.5],
				"rotation": [0, 0, 5],
				"cubes": [
					{"origin": [3, 11, 1], "size": [1, 3, 1], "uv": [0, 39]}
				]
			},
			{
				"name": "bone82",
				"parent": "bone75",
				"pivot": [2.5, 20, 3.5],
				"rotation": [6.5, 0, -7.5],
				"cubes": [
					{"origin": [2, 17, 3], "size": [1, 3, 1], "uv": [0, 30]}
				]
			},
			{
				"name": "bone83",
				"parent": "bone82",
				"pivot": [2.5, 17, 3.5],
				"rotation": [10, 0, 2.5],
				"cubes": [
					{"origin": [2, 14, 3], "size": [1, 3, 1], "uv": [0, 35]}
				]
			},
			{
				"name": "bone84",
				"parent": "bone83",
				"pivot": [2.5, 14, 3.5],
				"rotation": [5, 0, -2.5],
				"cubes": [
					{"origin": [2, 11, 3], "size": [1, 3, 1], "uv": [0, 39]}
				]
			},
			{
				"name": "bone85",
				"parent": "bone75",
				"pivot": [1.5, 20, 3.5],
				"rotation": [10, 0, -5],
				"cubes": [
					{"origin": [1, 17, 3], "size": [1, 3, 1], "uv": [0, 30]}
				]
			},
			{
				"name": "bone86",
				"parent": "bone85",
				"pivot": [1.5, 17, 3.5],
				"rotation": [7.5, 0, 5],
				"cubes": [
					{"origin": [1, 14, 3], "size": [1, 3, 1], "uv": [0, 35]}
				]
			},
			{
				"name": "bone87",
				"parent": "bone86",
				"pivot": [1.5, 14, 3.5],
				"rotation": [-7.5, 0, -5],
				"cubes": [
					{"origin": [1, 11, 3], "size": [1, 3, 1], "uv": [0, 39]}
				]
			},
			{
				"name": "bone88",
				"parent": "bone75",
				"pivot": [0.5, 20, 3.5],
				"rotation": [6.5, 0, -2.5],
				"cubes": [
					{"origin": [0, 17, 3], "size": [1, 3, 1], "uv": [0, 30]}
				]
			},
			{
				"name": "bone89",
				"parent": "bone88",
				"pivot": [0.5, 17, 3.5],
				"rotation": [15, 0, 0],
				"cubes": [
					{"origin": [0, 14, 3], "size": [1, 3, 1], "uv": [0, 35]}
				]
			},
			{
				"name": "bone90",
				"parent": "bone89",
				"pivot": [0.5, 14, 3.5],
				"rotation": [-5, 0, 7.5],
				"cubes": [
					{"origin": [0, 11, 3], "size": [1, 3, 1], "uv": [0, 39]}
				]
			},
			{
				"name": "bone91",
				"parent": "bone75",
				"pivot": [-0.5, 20, 3.5],
				"rotation": [11, 0, 0],
				"cubes": [
					{"origin": [-1, 17, 3], "size": [1, 3, 1], "uv": [0, 30]}
				]
			},
			{
				"name": "bone92",
				"parent": "bone91",
				"pivot": [-0.5, 17, 3.5],
				"rotation": [-2.5, 0, 2.5],
				"cubes": [
					{"origin": [-1, 14, 3], "size": [1, 3, 1], "uv": [0, 35]}
				]
			},
			{
				"name": "bone93",
				"parent": "bone92",
				"pivot": [-0.5, 14, 3.5],
				"rotation": [0, 0, -7.5],
				"cubes": [
					{"origin": [-1, 11, 3], "size": [1, 3, 1], "uv": [0, 39]}
				]
			},
			{
				"name": "bone94",
				"parent": "bone75",
				"pivot": [-1.5, 20, 3.5],
				"rotation": [7.5, 0, 2.5],
				"cubes": [
					{"origin": [-2, 17, 3], "size": [1, 3, 1], "uv": [0, 30]}
				]
			},
			{
				"name": "bone95",
				"parent": "bone94",
				"pivot": [-1.5, 17, 3.5],
				"rotation": [7.5, 0, 2.5],
				"cubes": [
					{"origin": [-2, 14, 3], "size": [1, 3, 1], "uv": [0, 35]}
				]
			},
			{
				"name": "bone96",
				"parent": "bone95",
				"pivot": [-1.5, 14, 3.5],
				"rotation": [5, 0, 5],
				"cubes": [
					{"origin": [-2, 11, 3], "size": [1, 3, 1], "uv": [0, 39]}
				]
			},
			{
				"name": "bone97",
				"parent": "bone75",
				"pivot": [-2.5, 20, 3.5],
				"rotation": [10, 0, 7.5],
				"cubes": [
					{"origin": [-3, 17, 3], "size": [1, 3, 1], "uv": [0, 30]}
				]
			},
			{
				"name": "bone98",
				"parent": "bone97",
				"pivot": [-2.5, 17, 3.5],
				"rotation": [5, 0, 5],
				"cubes": [
					{"origin": [-3, 14, 3], "size": [1, 3, 1], "uv": [0, 35]}
				]
			},
			{
				"name": "bone99",
				"parent": "bone98",
				"pivot": [-2.5, 14, 3.5],
				"rotation": [5, 0, 5],
				"cubes": [
					{"origin": [-3, 11, 3], "size": [1, 3, 1], "uv": [0, 39]}
				]
			},
			{
				"name": "bone100",
				"parent": "bone75",
				"pivot": [-3.5, 20, 3.5],
				"rotation": [12.5, 0, 12.5],
				"cubes": [
					{"origin": [-4, 17, 3], "size": [1, 3, 1], "uv": [0, 30]}
				]
			},
			{
				"name": "bone101",
				"parent": "bone100",
				"pivot": [-3.5, 17, 3.5],
				"rotation": [0, 0, 7.5],
				"cubes": [
					{"origin": [-4, 14, 3], "size": [1, 3, 1], "uv": [0, 35]}
				]
			},
			{
				"name": "bone102",
				"parent": "bone101",
				"pivot": [-3.5, 14, 3.5],
				"rotation": [0, 0, -2.5],
				"cubes": [
					{"origin": [-4, 11, 3], "size": [1, 3, 1], "uv": [0, 39]}
				]
			},
			{
				"name": "bone103",
				"parent": "bone75",
				"pivot": [-3.5, 20, 2.5],
				"rotation": [7.5, 0, 15],
				"cubes": [
					{"origin": [-4, 17, 2], "size": [1, 3, 1], "uv": [0, 30]}
				]
			},
			{
				"name": "bone104",
				"parent": "bone103",
				"pivot": [-3.5, 17, 2.5],
				"cubes": [
					{"origin": [-4, 14, 2], "size": [1, 3, 1], "uv": [0, 35]}
				]
			},
			{
				"name": "bone105",
				"parent": "bone104",
				"pivot": [-3.5, 14, 2.5],
				"rotation": [0, 0, 22.5],
				"cubes": [
					{"origin": [-4, 11, 2], "size": [1, 3, 1], "uv": [0, 39]}
				]
			},
			{
				"name": "bone106",
				"parent": "bone75",
				"pivot": [-3.5, 20, 1.5],
				"rotation": [2.5, 0, 20],
				"cubes": [
					{"origin": [-4, 17, 1], "size": [1, 3, 1], "uv": [0, 30]}
				]
			},
			{
				"name": "bone107",
				"parent": "bone106",
				"pivot": [-3.5, 17, 1.5],
				"rotation": [0, 0, 10],
				"cubes": [
					{"origin": [-4, 14, 1], "size": [1, 3, 1], "uv": [0, 35]}
				]
			},
			{
				"name": "bone108",
				"parent": "bone107",
				"pivot": [-3.5, 14, 1.5],
				"rotation": [0, 0, -5],
				"cubes": [
					{"origin": [-4, 11, 1], "size": [1, 3, 1], "uv": [0, 39]}
				]
			},
			{
				"name": "armRight",
				"pivot": [-3, 17.5, 0],
				"rotation": [0, 0, 25]
			},
			{
				"name": "bone53",
				"parent": "armRight",
				"pivot": [0, 0, 0],
				"cubes": [
					{"origin": [-4.5, 9.9, -1], "size": [2, 7.3, 2], "uv": [16, 50]},
					{"origin": [-4.5, 8.5, -1], "size": [2, 1, 2], "uv": [8, 70]},
					{"origin": [-4.5, 9.5, -1], "size": [2, 0.3, 2], "uv": [46, 31]},
					{"origin": [-4.5, 9.8, -1], "size": [2, 0.1, 2], "uv": [12, 124]},
					{"origin": [-4.6, 12.2, -1.1], "size": [2.2, 5.1, 2.2], "uv": [10, 51]}
				]
			},
			{
				"name": "armLeft",
				"pivot": [3, 17.5, 0],
				"rotation": [0, 0, -25]
			},
			{
				"name": "bone54",
				"parent": "armLeft",
				"pivot": [0, 0, 0],
				"cubes": [
					{"origin": [2.5, 9.9, -1], "size": [2, 7.3, 2], "uv": [18, 48]},
					{"origin": [2.5, 8.5, -1], "size": [2, 1, 2], "uv": [14, 73]},
					{"origin": [2.5, 9.5, -1], "size": [2, 0.3, 2], "uv": [43, 34]},
					{"origin": [2.5, 9.8, -1], "size": [2, 0.1, 2], "uv": [14, 124]},
					{"origin": [2.4, 12.2, -1.1], "size": [2.2, 5.1, 2.2], "uv": [16, 50]}
				]
			},
			{
				"name": "body",
				"pivot": [0, 10.5, 0],
				"cubes": [
					{"origin": [-3, 10.999, -2.2], "size": [6, 3.25, 4.45], "uv": [8, 53]}
				]
			},
			{
				"name": "bone4",
				"parent": "body",
				"pivot": [0, 0, 0],
				"cubes": [
					{"origin": [-2.9, 14.249, -2.15], "size": [5.8, 3.35, 4.3], "uv": [8, 70]},
					{"origin": [-1.15, 17.399, -1.1], "size": [2.3, 1.1, 2.3], "uv": [12, 72]}
				]
			},
			{
				"name": "bone",
				"parent": "bone4",
				"pivot": [0, 0, 0]
			},
			{
				"name": "bone23",
				"parent": "bone",
				"pivot": [0, 0, 0.3],
				"cubes": [
					{"origin": [-1.75, 15.099, -2.2], "size": [1, 1.1, 4.45], "uv": [14, 50]},
					{"origin": [0.7, 15.099, -2.2], "size": [1.05, 1.4, 4.45], "uv": [14, 50]},
					{"origin": [-2.9, 15.099, 2.1], "size": [5.75, 2.5, 0.15], "uv": [14, 50]},
					{"origin": [1.75, 15.049, -2.2], "size": [1.25, 2.65, 4.45], "uv": [14, 50]},
					{"origin": [-3, 15.049, -2.2], "size": [1.25, 2.65, 4.45], "uv": [14, 50]},
					{"origin": [-3, 14.249, -2.2], "size": [6, 0.85, 4.45], "uv": [14, 50]}
				]
			},
			{
				"name": "bone13",
				"parent": "bone",
				"pivot": [0, 0, 0]
			},
			{
				"name": "bone8",
				"parent": "bone13",
				"pivot": [0, 0, 0]
			},
			{
				"name": "bone5",
				"parent": "bone8",
				"pivot": [0, 15.75, -2.2],
				"rotation": [0, 0, 17.5],
				"cubes": [
					{"origin": [-1.9248, 15.76541, -2.201], "size": [1.55, 0.75, 0], "uv": [17, 92]}
				]
			},
			{
				"name": "bone6",
				"parent": "bone8",
				"pivot": [-1.75, 16.25, -2.2],
				"rotation": [0, 0, 85],
				"cubes": [
					{"origin": [-3.20021, 16.17738, -2.2], "size": [1.35, 0.75, 4.45], "uv": [17, 92]}
				]
			},
			{
				"name": "bone7",
				"parent": "bone8",
				"pivot": [-0.65, 14.55, -2.2],
				"rotation": [0, 0, 85],
				"cubes": [
					{"origin": [-2.63936, 14.49876, -2.2], "size": [1.85, 0.75, 4.15], "uv": [17, 92]}
				]
			},
			{
				"name": "bone9",
				"parent": "bone13",
				"pivot": [0, 0, 0],
				"cubes": [
					{"origin": [-1.64562, 16.9684, 2.25], "size": [3.45, 0.75, 0], "uv": [17, 92]}
				]
			},
			{
				"name": "bone10",
				"parent": "bone9",
				"pivot": [0, 15.75, -2.2],
				"rotation": [0, 0, -17.5],
				"cubes": [
					{"origin": [0.3442, 15.77968, -2.2], "size": [1.55, 0.75, 0], "uv": [17, 92]}
				]
			},
			{
				"name": "bone11",
				"parent": "bone9",
				"pivot": [-1.75, 16.25, -2.2],
				"rotation": [0, 0, -85],
				"cubes": [
					{"origin": [-3.09353, 13.69345, -2.201], "size": [1.85, 0.75, 4.25], "uv": [17, 92]}
				]
			},
			{
				"name": "bone12",
				"parent": "bone9",
				"pivot": [-0.65, 14.55, -2.2],
				"rotation": [0, 0, -85],
				"cubes": [
					{"origin": [1.35438, 12.2684, -2.201], "size": [1.35, 0.75, 4.45], "uv": [17, 92]}
				]
			},
			{
				"name": "bone14",
				"parent": "bone",
				"pivot": [0, 0, 0],
				"cubes": [
					{"origin": [-1.15, 14.649, -2.301], "size": [2.3, 0.5, 0.25], "uv": [48, 35]}
				]
			},
			{
				"name": "bone15",
				"parent": "bone14",
				"pivot": [0, 0, 0]
			},
			{
				"name": "bone16",
				"parent": "bone15",
				"pivot": [0, 15.75, -2.2],
				"rotation": [0, 0, 17.5],
				"cubes": [
					{"origin": [-2.33075, 15.60034, -2.301], "size": [1.55, 0.75, 0.1], "uv": [48, 35]}
				]
			},
			{
				"name": "bone17",
				"parent": "bone15",
				"pivot": [-1.75, 16.25, -2.2],
				"rotation": [0, 0, 85],
				"cubes": [
					{"origin": [-3.30305, 15.73915, -2.3], "size": [1.45, 0.75, 4.6], "uv": [48, 35]}
				]
			},
			{
				"name": "bone18",
				"parent": "bone15",
				"pivot": [-0.65, 14.55, -2.2],
				"rotation": [0, 0, 85],
				"cubes": [
					{"origin": [-2.6422, 14.06053, -2.3], "size": [1.85, 0.75, 0.1], "uv": [48, 35]}
				]
			},
			{
				"name": "bone19",
				"parent": "bone14",
				"pivot": [0, 0, 0],
				"cubes": [
					{"origin": [-2.24425, 16.29645, 2.201], "size": [4.45, 0.75, 0.1], "uv": [48, 35]}
				]
			},
			{
				"name": "bone20",
				"parent": "bone19",
				"pivot": [0, 15.75, -2.2],
				"rotation": [0, 0, -17.5],
				"cubes": [
					{"origin": [0.78075, 15.60034, -2.301], "size": [1.55, 0.75, 0.1], "uv": [48, 35]}
				]
			},
			{
				"name": "bone21",
				"parent": "bone19",
				"pivot": [-1.75, 16.25, -2.2],
				"rotation": [0, 0, -85],
				"cubes": [
					{"origin": [-3.09216, 13.2215, -2.3], "size": [1.85, 0.75, 0.1], "uv": [48, 35]}
				]
			},
			{
				"name": "bone22",
				"parent": "bone19",
				"pivot": [-0.65, 14.55, -2.2],
				"rotation": [0, 0, -85],
				"cubes": [
					{"origin": [1.35575, 11.79645, -2.3], "size": [1.45, 0.75, 4.6], "uv": [48, 35]}
				]
			},
			{
				"name": "bone24",
				"parent": "bone19",
				"pivot": [0.51936, 1.69938, 0.3]
			},
			{
				"name": "bone25",
				"parent": "bone24",
				"pivot": [-0.015, 16.29938, -2.3],
				"rotation": [0, 0, 15],
				"cubes": [
					{"origin": [-0.54216, 16.3215, -2.3], "size": [1, 0.05, 0.1], "uv": [44, 89]}
				]
			},
			{
				"name": "bone26",
				"parent": "bone24",
				"pivot": [-0.015, 16.29938, -2.3],
				"rotation": [0, 0, -15],
				"cubes": [
					{"origin": [-0.44216, 16.3215, -2.3], "size": [1, 0.05, 0.1], "uv": [44, 89]}
				]
			},
			{
				"name": "bone27",
				"parent": "bone19",
				"pivot": [0.51936, 1.19938, 0.3]
			},
			{
				"name": "bone28",
				"parent": "bone27",
				"pivot": [-0.015, 15.79938, -2.3],
				"rotation": [0, 0, 15],
				"cubes": [
					{"origin": [-0.44216, 15.8215, -2.3], "size": [0.8, 0.05, 0.1], "uv": [48, 89]}
				]
			},
			{
				"name": "bone29",
				"parent": "bone27",
				"pivot": [-0.015, 15.79938, -2.3],
				"rotation": [0, 0, -15],
				"cubes": [
					{"origin": [-0.34216, 15.8215, -2.3], "size": [0.8, 0.05, 0.1], "uv": [48, 89]}
				]
			},
			{
				"name": "sittingRotationSkirt",
				"parent": "body",
				"pivot": [0, 11, 2.4],
				"cubes": [
					{"origin": [-3, 7.499, -2.2], "size": [6, 3.5, 4.45], "uv": [6, 108]}
				]
			},
			{
				"name": "bone30",
				"parent": "sittingRotationSkirt",
				"pivot": [0, -12.3, 0]
			},
			{
				"name": "bone31",
				"parent": "bone30",
				"pivot": [0, -12.3, -0.7]
			},
			{
				"name": "bone32",
				"parent": "bone31",
				"pivot": [0, -12.3, 4.29245],
				"rotation": [5, 0, 0],
				"cubes": [
					{"origin": [-3, 7.52635, 4.29245], "size": [6, 3.6, 0.05], "uv": [9, 53]}
				]
			},
			{
				"name": "bone33",
				"parent": "bone32",
				"pivot": [-3, -12.47365, 4.29245],
				"rotation": [0, 0, 4.98107],
				"cubes": [
					{"origin": [-5, 7.52635, 4.29145], "size": [2, 3.6, 0.05], "uv": [9, 53]}
				]
			},
			{
				"name": "bone34",
				"parent": "bone32",
				"pivot": [3, -12.47365, 4.29245],
				"rotation": [0, 0, -4.98107],
				"cubes": [
					{"origin": [3, 7.52635, 4.29345], "size": [2, 3.6, 0.05], "uv": [9, 53]}
				]
			},
			{
				"name": "bone35",
				"parent": "bone30",
				"pivot": [0, -12.3, 0],
				"rotation": [0, -90, 0]
			},
			{
				"name": "bone36",
				"parent": "bone35",
				"pivot": [0, -12.3, 4.99245],
				"rotation": [5, 0, 0]
			},
			{
				"name": "bone37",
				"parent": "bone36",
				"pivot": [-3, -12.47365, 4.99245],
				"rotation": [0, 0, 4.98107],
				"cubes": [
					{"origin": [-4.2, 7.52635, 4.99145], "size": [2.2, 4.1, 0.05], "uv": [9, 53]}
				]
			},
			{
				"name": "bone38",
				"parent": "bone36",
				"pivot": [3, -12.47365, 4.99245],
				"rotation": [0, 0, -4.98107],
				"cubes": [
					{"origin": [2.1, 7.52635, 4.99345], "size": [2.25, 4.1, 0.05], "uv": [9, 53]}
				]
			},
			{
				"name": "bone39",
				"parent": "bone30",
				"pivot": [0, -12.3, 0.8],
				"rotation": [0, -180, 0]
			},
			{
				"name": "bone40",
				"parent": "bone39",
				"pivot": [0, -12.3, 5.79245],
				"rotation": [5, 0, 0],
				"cubes": [
					{"origin": [-3, 7.52635, 5.79245], "size": [6, 3.6, 0.05], "uv": [9, 53]}
				]
			},
			{
				"name": "bone41",
				"parent": "bone40",
				"pivot": [-3, -12.47365, 5.79245],
				"rotation": [0, 0, 4.98107],
				"cubes": [
					{"origin": [-5, 7.52635, 5.79145], "size": [2, 3.6, 0.05], "uv": [9, 53]}
				]
			},
			{
				"name": "bone42",
				"parent": "bone40",
				"pivot": [3, -12.47365, 5.79245],
				"rotation": [0, 0, -4.98107],
				"cubes": [
					{"origin": [3, 7.52635, 5.79345], "size": [2.05, 3.6, 0.05], "uv": [9, 53]}
				]
			},
			{
				"name": "bone43",
				"parent": "bone30",
				"pivot": [0, -12.3, 0],
				"rotation": [0, -270, 0]
			},
			{
				"name": "bone44",
				"parent": "bone43",
				"pivot": [0, -12.3, 4.99245],
				"rotation": [5, 0, 0]
			},
			{
				"name": "bone45",
				"parent": "bone44",
				"pivot": [-3, -12.47365, 4.99245],
				"rotation": [0, 0, 4.98107],
				"cubes": [
					{"origin": [-4.35, 7.52635, 4.99145], "size": [2.25, 4.6, 0.05], "uv": [9, 53]}
				]
			},
			{
				"name": "bone46",
				"parent": "bone44",
				"pivot": [3, -12.47365, 4.99245],
				"rotation": [0, 0, -4.98107],
				"cubes": [
					{"origin": [2, 7.52635, 4.99345], "size": [2.25, 4, 0.05], "uv": [9, 53]}
				]
			},
			{
				"name": "legLeft",
				"pivot": [1.25, 9.25, 0],
				"cubes": [
					{"origin": [0.399, 0, -2.05], "size": [2.7, 0.7, 3.4], "uv": [42, 53]},
					{"origin": [0.399, 0.7, -1.45], "size": [2.7, 0.3, 2.8], "uv": [43, 73]},
					{"origin": [0.499, 0.4, -1.25], "size": [2.5, 8.6, 2.5], "uv": [8, 67]}
				]
			},
			{
				"name": "bone51",
				"parent": "legLeft",
				"pivot": [2, 10.2, 0],
				"cubes": [
					{"origin": [0.299, 6.2, -1.45], "size": [2.8, 0.7, 2.9], "uv": [14, 113]}
				]
			},
			{
				"name": "bone47",
				"parent": "bone51",
				"pivot": [1.7, 10.3, 0],
				"rotation": [0, 0, 2],
				"cubes": [
					{"origin": [0.299, 6.6, -1.5], "size": [1.5, 3, 3], "uv": [14, 113]}
				]
			},
			{
				"name": "bone48",
				"parent": "bone51",
				"pivot": [1.7, 10.3, 0],
				"rotation": [0, 0, -9.5],
				"cubes": [
					{"origin": [0.999, 6.7, -1.51], "size": [1.7, 3, 3], "uv": [14, 113]}
				]
			},
			{
				"name": "legRight",
				"pivot": [-1.25, 9.25, 0]
			},
			{
				"name": "aa",
				"parent": "legRight",
				"pivot": [-1.4, 9, 0],
				"cubes": [
					{"origin": [-2.901, 0.5, -1.25], "size": [2.5, 8.5, 2.5], "uv": [8, 69]},
					{"origin": [-3.001, 0, -2.05], "size": [2.7, 0.7, 3.4], "uv": [41, 53]},
					{"origin": [-3.001, 0.7, -1.45], "size": [2.7, 0.3, 2.8], "uv": [40, 72]}
				]
			},
			{
				"name": "bone52",
				"parent": "aa",
				"pivot": [-3.4, 1.2, 0],
				"cubes": [
					{"origin": [-3.101, 6.2, -1.45], "size": [2.8, 0.7, 2.9], "uv": [14, 110]}
				]
			},
			{
				"name": "bone49",
				"parent": "bone52",
				"pivot": [-1.7, 10.3, 0],
				"rotation": [0, 0, 9.5],
				"cubes": [
					{"origin": [-2.701, 6.7, -1.51], "size": [1.7, 3.1, 3], "uv": [14, 110]}
				]
			},
			{
				"name": "bone50",
				"parent": "bone52",
				"pivot": [-1.7, 10.3, 0],
				"rotation": [0, 0, -2],
				"cubes": [
					{"origin": [-1.801, 6.6, -1.5], "size": [1.5, 3, 3], "uv": [14, 110]}
				]
			}
		]
	}
}