{
	"format_version": "1.10.0",
	"geometry.model": {
		"texturewidth": 128,
		"textureheight": 128,
		"visible_bounds_width": 3,
		"visible_bounds_height": 2,
		"visible_bounds_offset": [0, 0, 0],
		"bones": [
			{
				"name": "head",
				"pivot": [0, 18.65, 0],
				"cubes": [
					{"origin": [-4, 18.3, -4], "size": [8, 8, 8], "uv": [46, 104]},
					{"origin": [-4.25, 18.3, -4.25], "size": [8.5, 8.5, 8.5], "uv": [78, 104]}
				]
			},
			{
				"name": "blink",
				"parent": "head",
				"pivot": [0, 18.65, 0],
				"cubes": [
					{"origin": [-4, 18.3, -4.01], "size": [8, 8, 0], "uv": [70, 104]}
				]
			},
			{
				"name": "bone44",
				"parent": "head",
				"pivot": [0, 18.65, 0]
			},
			{
				"name": "bone42",
				"parent": "bone44",
				"pivot": [4.25, 19.15, -3.25],
				"rotation": [-10, 0, 0],
				"cubes": [
					{"origin": [3.5, 15.8, -3.25], "size": [0.75, 4.5, 0.75], "uv": [56, 106]}
				]
			},
			{
				"name": "bone43",
				"parent": "bone42",
				"pivot": [4.25, 16.75, -3.25],
				"rotation": [0, 0, 32.5],
				"cubes": [
					{"origin": [4.17386, 14.49175, -3.17632], "size": [0.5, 1.5, 0.5], "uv": [56, 106]}
				]
			},
			{
				"name": "bone45",
				"parent": "bone44",
				"pivot": [4.25, 19.15, -2.25],
				"rotation": [-20, 0, -10],
				"cubes": [
					{"origin": [3.5, 16.8, -2.25], "size": [0.75, 3.5, 0.75], "uv": [56, 106]}
				]
			},
			{
				"name": "bone46",
				"parent": "bone45",
				"pivot": [4.25, 16.75, -2.25],
				"rotation": [0, 0, 60],
				"cubes": [
					{"origin": [3.70557, 15.42565, -2.10905], "size": [0.5, 1.5, 0.5], "uv": [56, 106]}
				]
			},
			{
				"name": "bone47",
				"parent": "head",
				"pivot": [-7.75, 18.65, 0]
			},
			{
				"name": "bone48",
				"parent": "bone47",
				"pivot": [-4.25, 19.15, -3.25],
				"rotation": [-10, 0, 0],
				"cubes": [
					{"origin": [-4.25, 15.8, -3.25], "size": [0.75, 4.5, 0.75], "uv": [56, 106]}
				]
			},
			{
				"name": "bone52",
				"parent": "bone48",
				"pivot": [-4.6, 16.65152, -3.23264],
				"rotation": [0, 0, -32.5],
				"cubes": [
					{"origin": [-4.67614, 14.39327, -3.15895], "size": [0.5, 1.5, 0.5], "uv": [56, 106]}
				]
			},
			{
				"name": "bone53",
				"parent": "bone47",
				"pivot": [-4.25, 19.15, -2.25],
				"rotation": [-20, 0, 10],
				"cubes": [
					{"origin": [-4.25, 16.8, -2.25], "size": [0.75, 3.5, 0.75], "uv": [56, 106]}
				]
			},
			{
				"name": "bone54",
				"parent": "bone53",
				"pivot": [-4, 16.75, -2.25],
				"rotation": [0, 0, -60],
				"cubes": [
					{"origin": [-4.04443, 15.42565, -2.10905], "size": [0.5, 1.5, 0.5], "uv": [56, 106]}
				]
			},
			{
				"name": "armRight",
				"pivot": [-2.8, 17.5, 0],
				"rotation": [0, 0, 25],
				"cubes": [
					{"origin": [-4.8, 8.5, -1], "size": [2, 8.7, 2], "uv": [84, 82]},
					{"origin": [-4.9, 10.6, -1.1], "size": [2.2, 6.6, 2.2], "uv": [22, 38]},
					{"origin": [-4.85, 9.9, -1.05], "size": [2.1, 2.3, 2.1], "uv": [22, 39]}
				]
			},
			{
				"name": "bone40",
				"parent": "armRight",
				"pivot": [0.2, 0, 0],
				"cubes": [
					{"origin": [-5.05, 14.1, -1.25], "size": [2.5, 3.2, 0.1], "uv": [84, 14]},
					{"origin": [-5.05, 14.1, 1.15], "size": [2.5, 3.2, 0.1], "uv": [84, 14]},
					{"origin": [-5.05, 14.1, -1.25], "size": [0.1, 3.2, 2.5], "uv": [84, 14]},
					{"origin": [-2.65, 14.1, -1.25], "size": [0.1, 3.2, 2.5], "uv": [84, 14]},
					{"origin": [-5.05, 17.2, -1.25], "size": [2.5, 0.1, 2.5], "uv": [84, 14]}
				]
			},
			{
				"name": "armLeft",
				"pivot": [2.6, 17.5, 0],
				"rotation": [0, 0, -25]
			},
			{
				"name": "bb",
				"parent": "armLeft",
				"pivot": [4.6, 17.5, 0],
				"cubes": [
					{"origin": [2.6, 8.5, -1], "size": [2, 8.7, 2], "uv": [65, 79]},
					{"origin": [2.5, 10.6, -1.1], "size": [2.2, 6.6, 2.2], "uv": [19, 43]},
					{"origin": [2.55, 9.9, -1.05], "size": [2.1, 2.3, 2.1], "uv": [14, 47]}
				]
			},
			{
				"name": "bone41",
				"parent": "bb",
				"pivot": [7.6, 0, 0],
				"cubes": [
					{"origin": [2.35, 14.1, -1.25], "size": [2.5, 3.2, 0.1], "uv": [86, 15]},
					{"origin": [2.35, 14.1, 1.15], "size": [2.5, 3.2, 0.1], "uv": [86, 15]},
					{"origin": [2.35, 14.1, -1.25], "size": [0.1, 3.2, 2.5], "uv": [86, 15]},
					{"origin": [4.75, 14.1, -1.25], "size": [0.1, 3.2, 2.5], "uv": [86, 15]},
					{"origin": [2.35, 17.2, -1.25], "size": [2.5, 0.1, 2.5], "uv": [86, 15]}
				]
			},
			{
				"name": "body",
				"pivot": [0, 10.5, 0]
			},
			{
				"name": "bone27",
				"parent": "body",
				"pivot": [0, 10.5, 0]
			},
			{
				"name": "bone29",
				"parent": "bone27",
				"pivot": [0, 18, -2.9],
				"rotation": [-2.5, 0, 0],
				"cubes": [
					{"origin": [-3.3, 12.499, -3.05], "size": [1.95, 5.5, 0.05], "uv": [50, 17]},
					{"origin": [1.35, 12.499, -3.05], "size": [1.95, 5.5, 0.05], "uv": [49, 16]}
				]
			},
			{
				"name": "bone33",
				"parent": "bone29",
				"pivot": [4.3, 0.2, 0.1],
				"cubes": [
					{"origin": [-3.33, 12.699, -3.08], "size": [1.85, 0.03, 0.03], "uv": [23, 46]},
					{"origin": [-1.53, 12.699, -3.079], "size": [0.03, 5.33, 0.03], "uv": [23, 46]},
					{"origin": [1.57, 12.699, -3.08], "size": [0.03, 5.33, 0.03], "uv": [23, 46]},
					{"origin": [1.55, 12.699, -3.08], "size": [1.75, 0.03, 0.03], "uv": [23, 46]}
				]
			},
			{
				"name": "bone18",
				"parent": "body",
				"pivot": [0, 10.5, 0]
			},
			{
				"name": "bone19",
				"parent": "bone18",
				"pivot": [-3, 18, 0],
				"rotation": [0, 0, -2.5],
				"cubes": [
					{"origin": [-3.24976, 12.4099, -3], "size": [0.5, 5.6, 6], "uv": [76, 15]}
				]
			},
			{
				"name": "bone28",
				"parent": "bone19",
				"pivot": [-3.3, 18.1, 0],
				"rotation": [0, 0, 2.5],
				"cubes": [
					{"origin": [-3.29976, 12.5099, -3.05], "size": [0.05, 5.5, 6.1], "uv": [47, 15]}
				]
			},
			{
				"name": "bone35",
				"parent": "bone28",
				"pivot": [0.1, 0, 0],
				"cubes": [
					{"origin": [-3.31, 12.7099, -3.32], "size": [0.03, 0.03, 6.6], "uv": [19, 48]}
				]
			},
			{
				"name": "bone32",
				"parent": "bone28",
				"pivot": [-3.3, 18.1, -3],
				"rotation": [-2.5, 0, 0],
				"cubes": [
					{"origin": [-3.3, 12.5099, -3.05], "size": [0.05, 5.5, 0.3], "uv": [47, 15]}
				]
			},
			{
				"name": "bone51",
				"parent": "bone28",
				"pivot": [-3.3, 18.1, 2.75],
				"rotation": [2.5, 0, 0],
				"cubes": [
					{"origin": [-3.3, 12.5099, 2.7], "size": [0.05, 5.5, 0.3], "uv": [47, 15]}
				]
			},
			{
				"name": "bone20",
				"parent": "bone18",
				"pivot": [3.3, 18, -0.2],
				"rotation": [0, 0, 2.5],
				"cubes": [
					{"origin": [2.75057, 12.38373, -3], "size": [0.5, 5.6, 6], "uv": [8, 14]}
				]
			},
			{
				"name": "bone30",
				"parent": "bone20",
				"pivot": [3.20057, 17.97383, 0],
				"rotation": [0, 0, -2.5],
				"cubes": [
					{"origin": [3.25, 12.50011, -3.05], "size": [0.05, 5.5, 6.1], "uv": [45, 14]},
					{"origin": [3.3, 12.70011, -3.32], "size": [0.03, 0.03, 6.6], "uv": [21, 47]}
				]
			},
			{
				"name": "bone31",
				"parent": "bone30",
				"pivot": [3.20057, 17.97383, -3],
				"rotation": [-2.5, 0, 0],
				"cubes": [
					{"origin": [3.251, 12.50011, -3.05], "size": [0.05, 5.5, 0.3], "uv": [56, 16]}
				]
			},
			{
				"name": "bone50",
				"parent": "bone30",
				"pivot": [3.20057, 17.97383, 2.75],
				"rotation": [2.5, 0, 0],
				"cubes": [
					{"origin": [3.251, 12.50011, 2.7], "size": [0.05, 5.5, 0.3], "uv": [56, 16]}
				]
			},
			{
				"name": "bone21",
				"parent": "body",
				"pivot": [0, 0, 0],
				"cubes": [
					{"origin": [-2.75, 12.499, 2.899], "size": [5.5, 5.5, 0.1], "uv": [81, 17]},
					{"origin": [-2.75, 12.499, -2.9], "size": [5.5, 5.5, 5.799], "uv": [69, 76]},
					{"origin": [1.35, 17.999, -3.05], "size": [1.95, 0.05, 6.099], "uv": [56, 16]},
					{"origin": [-3.3, 17.999, -3.05], "size": [1.95, 0.05, 6.099], "uv": [56, 16]},
					{"origin": [-1.4, 17.999, 1.45], "size": [2.75, 0.05, 1.599], "uv": [56, 16]},
					{"origin": [-3.3, 12.699, 3.29], "size": [6.6, 0.03, 0.03], "uv": [15, 53]},
					{"origin": [-2.75, 12.499, -2.949], "size": [5.5, 4.75, 0.05], "uv": [19, 50]},
					{"origin": [-2.75, 12.499, -2.999], "size": [5.5, 4, 0.1], "uv": [82, 14]},
					{"origin": [-1.25, 16.049, -1.25], "size": [2.5, 2.5, 2.5], "uv": [72, 82]}
				]
			},
			{
				"name": "bone34",
				"parent": "bone21",
				"pivot": [0.6, 0, 0],
				"cubes": [
					{"origin": [1.57, 18.03, -3.05], "size": [0.03, 0.03, 4.699], "uv": [56, 16]},
					{"origin": [-1.53, 18.03, -3.05], "size": [0.03, 0.03, 4.699], "uv": [56, 16]},
					{"origin": [-1.53, 18.03, 1.65], "size": [3.13, 0.03, 0.03], "uv": [56, 16]}
				]
			},
			{
				"name": "bone49",
				"parent": "bone21",
				"pivot": [0, 18.1, 3.3],
				"rotation": [2.5, 0, 0],
				"cubes": [
					{"origin": [-3.3, 12.51, 2.999], "size": [6.6, 5.5, 0.05], "uv": [48, 15]}
				]
			},
			{
				"name": "bone22",
				"parent": "bone21",
				"pivot": [0, -1.1, -0.1],
				"cubes": [
					{"origin": [-0.5, 13.349, -3.051], "size": [1, 1.3, 0.05], "uv": [24, 84]}
				]
			},
			{
				"name": "bone23",
				"parent": "bone22",
				"pivot": [2.1, 15.4, -3],
				"rotation": [0, 0, -67.5],
				"cubes": [
					{"origin": [2.07513, 15.4052, -3.049], "size": [2.25, 1.05, 0.05], "uv": [56, 16]}
				]
			},
			{
				"name": "bone24",
				"parent": "bone22",
				"pivot": [-2.2, 15.3, -3.3],
				"rotation": [0, 0, 67.5],
				"cubes": [
					{"origin": [-4.52568, 15.44468, -3.05], "size": [2.25, 1.05, 0.05], "uv": [56, 16]}
				]
			},
			{
				"name": "bone25",
				"parent": "bone22",
				"pivot": [0, 13.6, -3],
				"rotation": [0, 0, 40],
				"cubes": [
					{"origin": [-2.75, 13.649, -3.049], "size": [2.75, 1.05, 0.05], "uv": [17, 83]}
				]
			},
			{
				"name": "bone26",
				"parent": "bone22",
				"pivot": [0, 13.6, -3],
				"rotation": [0, 0, -40],
				"cubes": [
					{"origin": [0, 13.649, -3.05], "size": [2.75, 1.05, 0.05], "uv": [19, 82]}
				]
			},
			{
				"name": "sittingRotationSkirt",
				"parent": "body",
				"pivot": [0, 12.5, 3],
				"cubes": [
					{"origin": [-3, 8.999, -1.299], "size": [6, 1.8, 2.6], "uv": [59, 53]},
					{"origin": [-3, 10.799, -2.999], "size": [6, 1.7, 6], "uv": [78, 12]}
				]
			},
			{
				"name": "bone",
				"parent": "sittingRotationSkirt",
				"pivot": [0, 14.6, 0]
			},
			{
				"name": "bone2",
				"parent": "bone",
				"pivot": [0, 4.1, 0]
			},
			{
				"name": "bone3",
				"parent": "bone2",
				"pivot": [0, 4.1, 4.47051],
				"rotation": [10, 0, 0],
				"cubes": [
					{"origin": [-2.5, 4.55782, 4.47051], "size": [5, 8.2, 0.01], "uv": [84, 13]}
				]
			},
			{
				"name": "bone4",
				"parent": "bone3",
				"pivot": [-2.5, 3.75782, 4.47051],
				"rotation": [0, 0, 9.85108],
				"cubes": [
					{"origin": [-4.5, 4.55782, 4.46951], "size": [2, 8.2, 0.01], "uv": [84, 13]}
				]
			},
			{
				"name": "bone5",
				"parent": "bone3",
				"pivot": [2.5, 3.75782, 4.47051],
				"rotation": [0, 0, -9.85108],
				"cubes": [
					{"origin": [2.5, 4.55782, 4.47151], "size": [2, 8.2, 0.01], "uv": [84, 13]}
				]
			},
			{
				"name": "bone6",
				"parent": "bone",
				"pivot": [0, 4.1, 0],
				"rotation": [0, -90, 0]
			},
			{
				"name": "bone7",
				"parent": "bone6",
				"pivot": [0, 4.1, 4.47051],
				"rotation": [10, 0, 0],
				"cubes": [
					{"origin": [-2.5, 4.55782, 4.47051], "size": [5, 8.2, 0.01], "uv": [84, 13]}
				]
			},
			{
				"name": "bone8",
				"parent": "bone7",
				"pivot": [-2.5, 3.75782, 4.47051],
				"rotation": [0, 0, 9.85108],
				"cubes": [
					{"origin": [-4.5, 4.55782, 4.46951], "size": [2, 8.2, 0.01], "uv": [84, 13]}
				]
			},
			{
				"name": "bone9",
				"parent": "bone7",
				"pivot": [2.5, 3.75782, 4.47051],
				"rotation": [0, 0, -9.85108],
				"cubes": [
					{"origin": [2.5, 4.55782, 4.47151], "size": [2, 8.2, 0.01], "uv": [84, 13]}
				]
			},
			{
				"name": "bone10",
				"parent": "bone",
				"pivot": [0, 4.1, 0],
				"rotation": [0, -180, 0]
			},
			{
				"name": "bone11",
				"parent": "bone10",
				"pivot": [0, 4.1, 4.47051],
				"rotation": [10, 0, 0],
				"cubes": [
					{"origin": [-2.5, 4.55782, 4.47051], "size": [5, 8.2, 0.01], "uv": [84, 13]}
				]
			},
			{
				"name": "bone12",
				"parent": "bone11",
				"pivot": [-2.5, 3.75782, 4.47051],
				"rotation": [0, 0, 9.85108],
				"cubes": [
					{"origin": [-4.5, 4.55782, 4.46951], "size": [2, 8.2, 0.01], "uv": [84, 13]}
				]
			},
			{
				"name": "bone13",
				"parent": "bone11",
				"pivot": [2.5, 3.75782, 4.47051],
				"rotation": [0, 0, -9.85108],
				"cubes": [
					{"origin": [2.5, 4.55782, 4.47151], "size": [2, 8.2, 0.01], "uv": [84, 13]}
				]
			},
			{
				"name": "bone14",
				"parent": "bone",
				"pivot": [0, 4.1, 0],
				"rotation": [0, -270, 0]
			},
			{
				"name": "bone15",
				"parent": "bone14",
				"pivot": [0, 4.1, 4.47051],
				"rotation": [10, 0, 0],
				"cubes": [
					{"origin": [-2.5, 4.55782, 4.47051], "size": [5, 8.2, 0.01], "uv": [84, 13]}
				]
			},
			{
				"name": "bone16",
				"parent": "bone15",
				"pivot": [-2.5, 3.75782, 4.47051],
				"rotation": [0, 0, 9.85108],
				"cubes": [
					{"origin": [-4.5, 4.55782, 4.46951], "size": [2, 8.2, 0.01], "uv": [84, 13]}
				]
			},
			{
				"name": "bone17",
				"parent": "bone15",
				"pivot": [2.5, 3.75782, 4.47051],
				"rotation": [0, 0, -9.85108],
				"cubes": [
					{"origin": [2.5, 4.55782, 4.47151], "size": [2, 8.2, 0.01], "uv": [84, 13]}
				]
			},
			{
				"name": "legLeft",
				"pivot": [1.75, 9, 0],
				"cubes": [
					{"origin": [0.499, 0, -1.25], "size": [2.5, 9, 2.5], "uv": [62, 43]},
					{"origin": [0.45, 0.8, -1.3], "size": [2.6, 1.2, 2.6], "uv": [105, 49]}
				]
			},
			{
				"name": "bone36",
				"parent": "legLeft",
				"pivot": [0, 0, -0.3],
				"cubes": [
					{"origin": [0.45, 0, -2.25], "size": [2.6, 0.8, 3.55], "uv": [106, 54]}
				]
			},
			{
				"name": "bone37",
				"parent": "bone36",
				"pivot": [1, 0.8, -2.3],
				"rotation": [17.5, 0, 0],
				"cubes": [
					{"origin": [0.46, 0, -2.25], "size": [2.58, 0.8, 1.2], "uv": [106, 54]}
				]
			},
			{
				"name": "legRight",
				"pivot": [-1.75, 9, 0]
			},
			{
				"name": "aa",
				"parent": "legRight",
				"pivot": [-1.75, 9, 0],
				"cubes": [
					{"origin": [-3.001, 0, -1.25], "size": [2.5, 9, 2.5], "uv": [55, 45]},
					{"origin": [-3.05, 0.8, -1.3], "size": [2.6, 1.2, 2.6], "uv": [114, 53]}
				]
			},
			{
				"name": "bone38",
				"parent": "aa",
				"pivot": [-3.5, 0, -0.3],
				"cubes": [
					{"origin": [-3.05, 0, -2.25], "size": [2.6, 0.8, 3.55], "uv": [105, 46]}
				]
			},
			{
				"name": "bone39",
				"parent": "bone38",
				"pivot": [-2.5, 0.8, -2.3],
				"rotation": [17.5, 0, 0],
				"cubes": [
					{"origin": [-3.04, 0, -2.25], "size": [2.58, 0.8, 1.2], "uv": [105, 46]}
				]
			}
		]
	}
}