{
	"format_version": "1.10.0",
	"geometry.model": {
		"texturewidth": 128,
		"textureheight": 128,
		"visible_bounds_width": 3,
		"visible_bounds_height": 2,
		"visible_bounds_offset": [0, 0, 0],
		"bones": [
			{
				"name": "head",
				"pivot": [0, 18.5, 0],
				"cubes": [
					{"origin": [-4, 18.5, -4], "size": [8, 8, 8], "uv": [96, 25]},
					{"origin": [-4.25, 18.05, -4.25], "size": [8.5, 8.5, 8.5], "uv": [64, 25]}
				]
			},
			{
				"name": "blink",
				"parent": "head",
				"pivot": [0, 18.5, 0],
				"cubes": [
					{"origin": [-4, 18.5, -4.001], "size": [8, 8, 0], "uv": [88, 25]}
				]
			},
			{
				"name": "bianzi",
				"parent": "head",
				"pivot": [0, 19.3, 4.1],
				"rotation": [12.5, 0, 0]
			},
			{
				"name": "bone62",
				"parent": "bianzi",
				"pivot": [1, 20.5, 3.8],
				"rotation": [0, 0, 20],
				"cubes": [
					{"origin": [0.81802, 17.50642, 3.19526], "size": [1, 2.9, 1], "uv": [106, 32]}
				]
			},
			{
				"name": "bone94",
				"parent": "bone62",
				"pivot": [1, 17.1, 3.8],
				"rotation": [2.5, 0, 17.5],
				"cubes": [
					{"origin": [0.81802, 17.50642, 3.19526], "size": [1, 2.9, 1], "uv": [106, 32]}
				]
			},
			{
				"name": "bone66",
				"parent": "bianzi",
				"pivot": [-1, 19.5237, 3.58356],
				"rotation": [0, 0, -20],
				"cubes": [
					{"origin": [-1.61064, 17.60781, 3.19526], "size": [1, 2.8, 1], "uv": [106, 32]}
				]
			},
			{
				"name": "bone96",
				"parent": "bone66",
				"pivot": [-0.5, 17.5237, 3.58356],
				"rotation": [5, 0, -15],
				"cubes": [
					{"origin": [-1.61064, 17.60781, 3.19526], "size": [1, 2.8, 1], "uv": [106, 32]}
				]
			},
			{
				"name": "bone67",
				"parent": "bianzi",
				"pivot": [0.1, 18.06825, 4.08987],
				"rotation": [0, 0, 45]
			},
			{
				"name": "bone87",
				"parent": "bone67",
				"pivot": [-0.09081, 18.00759, 4.38987],
				"rotation": [0, 0, 2.5],
				"cubes": [
					{"origin": [-0.09144, 16.80539, 3.22796], "size": [1.3, 1.3, 1], "uv": [106, 32]}
				]
			},
			{
				"name": "bone88",
				"parent": "bone87",
				"pivot": [0.60919, 17.40759, 4.08987],
				"rotation": [0, 0, 2.5],
				"cubes": [
					{"origin": [0.59891, 16.11505, 3.01152], "size": [1.3, 1.3, 1], "uv": [106, 32]}
				]
			},
			{
				"name": "bone89",
				"parent": "bone88",
				"pivot": [1.10919, 16.80759, 3.88987],
				"rotation": [0, 0, 2.5],
				"cubes": [
					{"origin": [1.08047, 15.49206, 2.83837], "size": [1.3, 1.3, 1], "uv": [106, 32]}
				]
			},
			{
				"name": "bone90",
				"parent": "bone89",
				"pivot": [1.70919, 16.10759, 3.68987],
				"rotation": [0, 0, 2.5],
				"cubes": [
					{"origin": [1.77082, 14.80171, 2.62193], "size": [1.3, 1.3, 1], "uv": [106, 32]}
				]
			},
			{
				"name": "bone93",
				"parent": "bone90",
				"pivot": [2.3305, 15.48628, 3.49508],
				"rotation": [0, 0, 2.5],
				"cubes": [
					{"origin": [2.39213, 14.1804, 2.42713], "size": [1.3, 1.3, 1], "uv": [106, 32]}
				]
			},
			{
				"name": "bone91",
				"parent": "bone93",
				"pivot": [3.5305, 14.28628, 2.89508],
				"rotation": [0, 0, 2.5],
				"cubes": [
					{"origin": [3.62984, 13.94269, 2.55746], "size": [0.3, 0.3, 0.3], "uv": [106, 32]}
				]
			},
			{
				"name": "bone92",
				"parent": "bone91",
				"pivot": [3.7305, 13.98628, 2.89508],
				"rotation": [0, 0, 2.5],
				"cubes": [
					{"origin": [3.828, 13.24453, 1.92886], "size": [0.8, 0.8, 0.8], "uv": [106, 32]}
				]
			},
			{
				"name": "bone68",
				"parent": "bianzi",
				"pivot": [0, 19.5237, 3.58356],
				"rotation": [0, 0, 10],
				"cubes": [
					{"origin": [-0.42407, 17.60152, 3.14092], "size": [1, 2, 1], "uv": [106, 32]}
				]
			},
			{
				"name": "xiaobianzi2",
				"parent": "bianzi",
				"pivot": [1.6, 19.3, 4.1]
			},
			{
				"name": "bone69",
				"parent": "xiaobianzi2",
				"pivot": [3.2, 15.5128, 4.29619],
				"rotation": [0, 0, 45]
			},
			{
				"name": "bone73",
				"parent": "bone69",
				"pivot": [1.8, 17.3128, 4.19619],
				"rotation": [0, 0, -5],
				"cubes": [
					{"origin": [1.80648, 16.51771, 3.43427], "size": [0.8, 0.8, 0.8], "uv": [106, 32]}
				]
			},
			{
				"name": "bone74",
				"parent": "bone73",
				"pivot": [2.2, 16.9128, 4.09619],
				"rotation": [0, 0, -5],
				"cubes": [
					{"origin": [2.22069, 16.1035, 3.30441], "size": [0.8, 0.8, 0.8], "uv": [106, 32]}
				]
			},
			{
				"name": "bone75",
				"parent": "bone74",
				"pivot": [2.6, 16.4128, 4.09619],
				"rotation": [0, 0, -5],
				"cubes": [
					{"origin": [2.56418, 15.61858, 3.17454], "size": [0.8, 0.8, 0.8], "uv": [106, 32]}
				]
			},
			{
				"name": "bone76",
				"parent": "bone75",
				"pivot": [2.9, 16.13651, 3.87975],
				"rotation": [0, 0, -5],
				"cubes": [
					{"origin": [2.90936, 15.27341, 3.06632], "size": [0.8, 0.8, 0.8], "uv": [106, 32]}
				]
			},
			{
				"name": "bone77",
				"parent": "bone76",
				"pivot": [3.6, 15.33651, 3.57975],
				"rotation": [0, 0, -5],
				"cubes": [
					{"origin": [3.63996, 15.0428, 3.26158], "size": [0.3, 0.3, 0.3], "uv": [106, 32]}
				]
			},
			{
				"name": "bone78",
				"parent": "bone77",
				"pivot": [3.8, 15.23651, 3.37975],
				"rotation": [0, 0, 5],
				"cubes": [
					{"origin": [3.7844, 14.59837, 2.75225], "size": [0.6, 0.6, 0.6], "uv": [106, 32]}
				]
			},
			{
				"name": "bone86",
				"parent": "xiaobianzi2",
				"pivot": [3.6, 17.6, 4.1],
				"rotation": [0, 0, -17.5]
			},
			{
				"name": "bone71",
				"parent": "bone86",
				"pivot": [0.51388, 19.61392, 3.58356],
				"rotation": [0, 0, 10],
				"cubes": [
					{"origin": [3.29206, 17.95897, 3.37599], "size": [1, 2, 0.7], "uv": [106, 32]}
				]
			},
			{
				"name": "bone70",
				"parent": "bone86",
				"pivot": [-1.48612, 19.57063, 3.77882],
				"rotation": [0, 0, -10],
				"cubes": [
					{"origin": [2.46831, 16.70239, 3.27882], "size": [1, 2, 0.7], "uv": [106, 32]}
				]
			},
			{
				"name": "bone95",
				"parent": "bone86",
				"pivot": [3.51388, 17.47063, 3.77882],
				"rotation": [2.5, 0, -20],
				"cubes": [
					{"origin": [2.90893, 17.53872, 3.27882], "size": [1, 2.2, 0.7], "uv": [106, 32]}
				]
			},
			{
				"name": "xiaobianzi3",
				"parent": "bianzi",
				"pivot": [-5.3, 19.3, 4.1]
			},
			{
				"name": "bone63",
				"parent": "xiaobianzi3",
				"pivot": [-3.7, 15.5128, 4.29619],
				"rotation": [0, 0, 45]
			},
			{
				"name": "bone64",
				"parent": "bone63",
				"pivot": [-5.1, 17.3128, 4.19619],
				"rotation": [0, 0, 10],
				"cubes": [
					{"origin": [-5.09352, 16.51771, 3.43427], "size": [0.8, 0.8, 0.8], "uv": [106, 32]}
				]
			},
			{
				"name": "bone65",
				"parent": "bone64",
				"pivot": [-4.7, 16.9128, 4.09619],
				"rotation": [0, 0, 10],
				"cubes": [
					{"origin": [-4.67931, 16.1035, 3.30441], "size": [0.8, 0.8, 0.8], "uv": [106, 32]}
				]
			},
			{
				"name": "bone79",
				"parent": "bone65",
				"pivot": [-4.3, 16.4128, 4.09619],
				"rotation": [0, 0, 10],
				"cubes": [
					{"origin": [-4.33582, 15.61858, 3.17454], "size": [0.8, 0.8, 0.8], "uv": [106, 32]}
				]
			},
			{
				"name": "bone80",
				"parent": "bone79",
				"pivot": [-4, 16.13651, 3.87975],
				"rotation": [0, 0, 10],
				"cubes": [
					{"origin": [-3.99064, 15.27341, 3.06632], "size": [0.8, 0.8, 0.8], "uv": [106, 32]}
				]
			},
			{
				"name": "bone81",
				"parent": "bone80",
				"pivot": [-3.3, 15.33651, 3.57975],
				"rotation": [0, 0, 10],
				"cubes": [
					{"origin": [-3.26004, 15.0428, 3.26158], "size": [0.3, 0.3, 0.3], "uv": [106, 32]}
				]
			},
			{
				"name": "bone82",
				"parent": "bone81",
				"pivot": [-3.1, 15.23651, 3.37975],
				"rotation": [0, 0, 10],
				"cubes": [
					{"origin": [-3.1156, 14.59837, 2.75225], "size": [0.6, 0.6, 0.6], "uv": [106, 32]}
				]
			},
			{
				"name": "bone85",
				"parent": "xiaobianzi3",
				"pivot": [-3.4, 17.7, 4.1],
				"rotation": [0, 0, 12.5]
			},
			{
				"name": "bone83",
				"parent": "bone85",
				"pivot": [-8.3, 19.48042, 3.77882],
				"rotation": [0, 0, -10],
				"cubes": [
					{"origin": [-4.34558, 16.61218, 3.27882], "size": [1, 2, 0.7], "uv": [106, 32]}
				]
			},
			{
				"name": "bone84",
				"parent": "bone85",
				"pivot": [-6.3, 19.5237, 3.58356],
				"rotation": [0, 0, 10],
				"cubes": [
					{"origin": [-3.52183, 17.86875, 3.37599], "size": [1, 2, 0.7], "uv": [106, 32]}
				]
			},
			{
				"name": "bone97",
				"parent": "bone85",
				"pivot": [-3.4, 17.6237, 3.58356],
				"rotation": [7.5, 0, 27.5],
				"cubes": [
					{"origin": [-3.8077, 17.33631, 3.37599], "size": [1, 2, 0.7], "uv": [106, 32]}
				]
			},
			{
				"name": "maoer",
				"parent": "head",
				"pivot": [0, 26, -1.9]
			},
			{
				"name": "bone99",
				"parent": "maoer",
				"pivot": [-0.6, 26, -1.9],
				"rotation": [2.5, 5, 0],
				"cubes": [
					{"origin": [-3.6, 26, -0.9], "size": [1.25, 2.5, 1], "uv": [105, 30]}
				]
			},
			{
				"name": "bone98",
				"parent": "bone99",
				"pivot": [-2.35228, 25.89772, -0.84776],
				"rotation": [0, 0, -27.5],
				"cubes": [
					{"origin": [-2.4, 26, -0.9], "size": [1.25, 2.5, 1], "uv": [105, 30]}
				]
			},
			{
				"name": "bone102",
				"parent": "maoer",
				"pivot": [0.6, 26, -1.9],
				"rotation": [-2.5, -175, 0],
				"cubes": [
					{"origin": [-2.4, 26, -3.9], "size": [1.25, 2.5, 1], "uv": [105, 30]}
				]
			},
			{
				"name": "bone103",
				"parent": "bone102",
				"pivot": [0.65, 25.9, -2.5],
				"rotation": [0, 0, -27.5],
				"cubes": [
					{"origin": [-0.99662, 26.83115, -3.9], "size": [1.25, 2.5, 1], "uv": [105, 30]}
				]
			},
			{
				"name": "armRight",
				"pivot": [-2.5, 17.25, 0],
				"rotation": [0, 0, 15],
				"cubes": [
					{"origin": [-4.5, 8.25, -1], "size": [2, 8, 2], "uv": [85, 58]},
					{"origin": [-4.6, 9.25, -1.1], "size": [2.2, 8, 2.2], "uv": [102, 4]},
					{"origin": [-4.6, 17.25, -0.85], "size": [2.2, 0.1, 1.7], "uv": [80, 50]},
					{"origin": [-4.5, 17.3, -0.65], "size": [1.9, 0.1, 1.25], "uv": [88, 57]},
					{"origin": [-4, 17.4, -0.25], "size": [0.5, 0.1, 0.5], "uv": [84, 52]},
					{"origin": [-4.7, 9.25, -1.2], "size": [2.4, 1.6, 2.4], "uv": [119, 14]},
					{"origin": [-4.8, 10.55, -1.3], "size": [2.6, 0.1, 2.6], "uv": [83, 50]},
					{"origin": [-4.8, 10.25, -1.3], "size": [2.6, 0.1, 2.6], "uv": [88, 49]}
				]
			},
			{
				"name": "chestPlateLeft",
				"parent": "armRight",
				"pivot": [-2.5, 17.25, 0],
				"cubes": [
					{"origin": [-4.6, 8.15, -1.1], "size": [2.2, 1.1, 2.2], "uv": [79, 6]},
					{"origin": [-4.9, 9.15, -1.4], "size": [2.8, 3.75, 2.8], "uv": [8, 72]},
					{"origin": [-5, 9.55, -1.5], "size": [3, 0.4, 3], "uv": [9, 13]},
					{"origin": [-5.1, 9.95, -1.6], "size": [3.2, 0.4, 3.2], "uv": [6, 34]},
					{"origin": [-5, 14.85, -1.3], "size": [1.9, 2.9, 2.4], "uv": [12, 30]},
					{"origin": [-5.1, 14.95, -0.3], "size": [1.8, 2.9, 0.4], "uv": [13, 56]},
					{"origin": [-5.1, 16.65, -1.4], "size": [1.9, 0.5, 2.6], "uv": [10, 56]},
					{"origin": [-3.3, 14.95, -1.4], "size": [0.2, 3, 2.7], "uv": [16, 74]},
					{"origin": [-5.2, 14.85, -1.5], "size": [2.1, 0.2, 2.8], "uv": [8, 74]}
				]
			},
			{
				"name": "armLeft",
				"pivot": [2.5, 17.25, 0],
				"rotation": [0, 0, -15],
				"cubes": [
					{"origin": [2.5, 8.25, -1], "size": [2, 8, 2], "uv": [83, 57]},
					{"origin": [2.4, 9.25, -1.1], "size": [2.2, 8, 2.2], "uv": [111, 5]},
					{"origin": [2.4, 17.25, -0.85], "size": [2.2, 0.1, 1.7], "uv": [85, 49]},
					{"origin": [2.6, 17.3, -0.65], "size": [1.9, 0.1, 1.25], "uv": [86, 60]},
					{"origin": [3.5, 17.4, -0.25], "size": [0.5, 0.1, 0.5], "uv": [87, 50]},
					{"origin": [2.3, 9.25, -1.2], "size": [2.4, 1.6, 2.4], "uv": [107, 10]},
					{"origin": [2.2, 10.55, -1.3], "size": [2.6, 0.1, 2.6], "uv": [82, 49]},
					{"origin": [2.2, 10.25, -1.3], "size": [2.6, 0.1, 2.6], "uv": [84, 49]}
				]
			},
			{
				"name": "chestPlateMiddle",
				"parent": "armLeft",
				"pivot": [9.5, 17.25, 0],
				"cubes": [
					{"origin": [2.8, 14.75, -1.5], "size": [2.1, 0.2, 2.8], "uv": [11, 73]},
					{"origin": [2.4, 8.15, -1.1], "size": [2.2, 1.1, 2.2], "uv": [112, 8]},
					{"origin": [2.1, 9.15, -1.4], "size": [2.8, 3.75, 2.8], "uv": [9, 71]},
					{"origin": [2, 9.55, -1.5], "size": [3, 0.4, 3], "uv": [7, 14]},
					{"origin": [1.9, 9.95, -1.6], "size": [3.2, 0.4, 3.2], "uv": [5, 39]},
					{"origin": [2.8, 14.75, -1.3], "size": [1.9, 3, 2.4], "uv": [8, 29]},
					{"origin": [3, 14.95, -0.3], "size": [1.8, 2.9, 0.4], "uv": [10, 56]},
					{"origin": [2.9, 16.65, -1.4], "size": [1.9, 0.5, 2.6], "uv": [12, 59]},
					{"origin": [2.8, 14.95, -1.4], "size": [0.2, 3, 2.7], "uv": [16, 72]}
				]
			},
			{
				"name": "body",
				"pivot": [0, 10.5, 0],
				"cubes": [
					{"origin": [-1.5, 15.999, -1.5], "size": [3, 3, 3.25], "uv": [78, 57]}
				]
			},
			{
				"name": "yiling",
				"parent": "body",
				"pivot": [0, 13.9, 0],
				"cubes": [
					{"origin": [0.3, 17.649, -3], "size": [1.7, 0.45, 6], "uv": [104, 5]},
					{"origin": [-2, 17.649, -3], "size": [1.7, 0.45, 6], "uv": [102, 9]},
					{"origin": [-2, 18.049, -3], "size": [2, 0.45, 6], "uv": [76, 47]},
					{"origin": [0, 18.049, -3], "size": [2, 0.45, 6], "uv": [79, 47]},
					{"origin": [-0.3, 17.649, -3], "size": [0.3, 0.45, 6], "uv": [88, 47]},
					{"origin": [0, 17.649, -3], "size": [0.3, 0.45, 6], "uv": [88, 47]}
				]
			},
			{
				"name": "xiongbu",
				"parent": "body",
				"pivot": [0, 0, 0],
				"cubes": [
					{"origin": [-3, 14.249, -3], "size": [6, 3.45, 6], "uv": [99, 5]}
				]
			},
			{
				"name": "zuo",
				"parent": "xiongbu",
				"pivot": [-2.9, 17.7, -3],
				"rotation": [0, 0, -5.5],
				"cubes": [
					{"origin": [-3.4, 12.049, -3], "size": [0.5, 5.65, 6], "uv": [104, 2]}
				]
			},
			{
				"name": "you",
				"parent": "xiongbu",
				"pivot": [3, 17.7, -3],
				"rotation": [0, 0, 6],
				"cubes": [
					{"origin": [3, 12.049, -3.1], "size": [0.5, 5.65, 6.1], "uv": [108, 3]}
				]
			},
			{
				"name": "yaobu",
				"parent": "xiongbu",
				"pivot": [0, 0, 0],
				"cubes": [
					{"origin": [-2.85, 11.999, -3], "size": [5.7, 2.3, 6], "uv": [104, 3]}
				]
			},
			{
				"name": "xiongqian",
				"parent": "body",
				"pivot": [0, 15.5, -6],
				"cubes": [
					{"origin": [0, 14.249, -3.1], "size": [3, 3.45, 0.1], "uv": [112, 6]},
					{"origin": [-1.9, 14.249, -3.1], "size": [1.9, 2.45, 0.1], "uv": [116, 6]},
					{"origin": [-1.9, 11.999, -3.1], "size": [4.7, 2.3, 0.1], "uv": [114, 7]}
				]
			},
			{
				"name": "jiaceng",
				"parent": "xiongqian",
				"pivot": [0, 17.7, -3],
				"rotation": [0, 0, -27.5],
				"cubes": [
					{"origin": [-2.1, 16.699, -3.1], "size": [2.1, 1, 0.1], "uv": [115, 10]}
				]
			},
			{
				"name": "zhuangshi",
				"parent": "xiongqian",
				"pivot": [-4, 15.5, -6],
				"cubes": [
					{"origin": [-2, 11.949, -3.1], "size": [0.1, 4.75, 0.1], "uv": [83, 48]},
					{"origin": [-1.3, 15.849, -3.2], "size": [0.5, 0.5, 0.1], "uv": [83, 48]},
					{"origin": [0.8, 15.849, -3.2], "size": [0.5, 0.5, 0.1], "uv": [83, 48]},
					{"origin": [-1.3, 14.349, -3.2], "size": [0.5, 0.5, 0.1], "uv": [83, 48]},
					{"origin": [0.8, 12.599, -3.2], "size": [0.5, 0.5, 0.1], "uv": [83, 48]},
					{"origin": [-1.3, 12.599, -3.2], "size": [0.5, 0.5, 0.1], "uv": [83, 48]},
					{"origin": [0.8, 14.349, -3.2], "size": [0.5, 0.5, 0.1], "uv": [83, 48]}
				]
			},
			{
				"name": "yaodai",
				"parent": "body",
				"pivot": [0, 10.5, 0],
				"cubes": [
					{"origin": [-2.95, 10.999, -3.2], "size": [5.9, 1, 6.3], "uv": [72, 6]},
					{"origin": [-0.55, 10.899, -3.3], "size": [1.1, 1.2, 0.1], "uv": [85, 50]},
					{"origin": [-0.45, 10.999, -3.4], "size": [0.9, 1, 0.1], "uv": [72, 6]}
				]
			},
			{
				"name": "fangqunzi",
				"parent": "body",
				"pivot": [0, 12.5, 0]
			},
			{
				"name": "bone",
				"parent": "fangqunzi",
				"pivot": [0, 2, 0]
			},
			{
				"name": "bone2",
				"parent": "bone",
				"pivot": [0, 2, 4.47051],
				"rotation": [10, 0, 0],
				"cubes": [
					{"origin": [-2.5, 9.15782, 4.47051], "size": [5, 2.5, 0], "uv": [112, 9]}
				]
			},
			{
				"name": "bone3",
				"parent": "bone2",
				"pivot": [-2.5, 1.65782, 4.47051],
				"rotation": [0, 0, 9.85108],
				"cubes": [
					{"origin": [-4.5, 9.15782, 4.46951], "size": [2, 2.5, 0], "uv": [112, 9]}
				]
			},
			{
				"name": "bone4",
				"parent": "bone2",
				"pivot": [2.5, 1.65782, 4.47051],
				"rotation": [0, 0, -9.85108],
				"cubes": [
					{"origin": [2.5, 9.15782, 4.47151], "size": [2, 2.5, 0], "uv": [112, 9]}
				]
			},
			{
				"name": "bone5",
				"parent": "fangqunzi",
				"pivot": [0, 2, 0],
				"rotation": [0, -90, 0]
			},
			{
				"name": "bone6",
				"parent": "bone5",
				"pivot": [0, 2, 4.47051],
				"rotation": [10, 0, 0],
				"cubes": [
					{"origin": [-2.5, 9.15782, 4.47051], "size": [5, 2.5, 0], "uv": [112, 9]}
				]
			},
			{
				"name": "bone7",
				"parent": "bone6",
				"pivot": [-2.5, 1.65782, 4.47051],
				"rotation": [0, 0, 9.85108],
				"cubes": [
					{"origin": [-4.5, 9.15782, 4.46951], "size": [2, 2.5, 0], "uv": [112, 9]}
				]
			},
			{
				"name": "bone8",
				"parent": "bone6",
				"pivot": [2.5, 1.65782, 4.47051],
				"rotation": [0, 0, -9.85108],
				"cubes": [
					{"origin": [2.5, 9.15782, 4.47151], "size": [2, 2.5, 0], "uv": [112, 9]}
				]
			},
			{
				"name": "bone9",
				"parent": "fangqunzi",
				"pivot": [0, 2, 0],
				"rotation": [0, -180, 0]
			},
			{
				"name": "bone10",
				"parent": "bone9",
				"pivot": [0, 2, 4.47051],
				"rotation": [10, 0, 0],
				"cubes": [
					{"origin": [-2.5, 9.15782, 4.47051], "size": [5, 2.5, 0], "uv": [112, 9]}
				]
			},
			{
				"name": "bone11",
				"parent": "bone10",
				"pivot": [-2.5, 1.65782, 4.47051],
				"rotation": [0, 0, 9.85108],
				"cubes": [
					{"origin": [-4.5, 9.15782, 4.46951], "size": [2, 2.5, 0], "uv": [112, 9]}
				]
			},
			{
				"name": "bone12",
				"parent": "bone10",
				"pivot": [2.5, 1.65782, 4.47051],
				"rotation": [0, 0, -9.85108],
				"cubes": [
					{"origin": [2.5, 9.15782, 4.47151], "size": [2, 2.5, 0], "uv": [112, 9]},
					{"origin": [3.6, 9.15782, 4.47151], "size": [0.1, 2.5, 0.1], "uv": [85, 49]}
				]
			},
			{
				"name": "bone13",
				"parent": "fangqunzi",
				"pivot": [0, 2, 0],
				"rotation": [0, -270, 0]
			},
			{
				"name": "bone14",
				"parent": "bone13",
				"pivot": [0, 2, 4.47051],
				"rotation": [10, 0, 0],
				"cubes": [
					{"origin": [-2.5, 9.15782, 4.47051], "size": [5, 2.5, 0], "uv": [112, 9]}
				]
			},
			{
				"name": "bone15",
				"parent": "bone14",
				"pivot": [-2.5, 1.65782, 4.47051],
				"rotation": [0, 0, 9.85108],
				"cubes": [
					{"origin": [-4.5, 9.15782, 4.46951], "size": [2, 2.5, 0], "uv": [112, 9]}
				]
			},
			{
				"name": "bone16",
				"parent": "bone14",
				"pivot": [2.5, 1.65782, 4.47051],
				"rotation": [0, 0, -9.85108],
				"cubes": [
					{"origin": [2.5, 9.15782, 4.47151], "size": [2, 2.5, 0], "uv": [112, 9]}
				]
			},
			{
				"name": "qunzihuabian",
				"parent": "body",
				"pivot": [0, 12.5, 0]
			},
			{
				"name": "bone17",
				"parent": "qunzihuabian",
				"pivot": [0, 2, 0]
			},
			{
				"name": "bone18",
				"parent": "bone17",
				"pivot": [0, 2, 4.47051],
				"rotation": [10, 0, 0],
				"cubes": [
					{"origin": [-2.5, 9.05782, 4.47051], "size": [5, 0.1, 0], "uv": [78, 50]}
				]
			},
			{
				"name": "bone19",
				"parent": "bone18",
				"pivot": [-2.5, 1.65782, 4.47051],
				"rotation": [0, 0, 9.85108],
				"cubes": [
					{"origin": [-4.5, 9.05782, 4.46951], "size": [2, 0.1, 0], "uv": [78, 50]}
				]
			},
			{
				"name": "bone20",
				"parent": "bone18",
				"pivot": [2.5, 1.65782, 4.47051],
				"rotation": [0, 0, -9.85108],
				"cubes": [
					{"origin": [2.5, 9.05782, 4.47151], "size": [2, 0.1, 0], "uv": [78, 50]}
				]
			},
			{
				"name": "bone21",
				"parent": "qunzihuabian",
				"pivot": [0, 2, 0],
				"rotation": [0, -90, 0]
			},
			{
				"name": "bone22",
				"parent": "bone21",
				"pivot": [0, 2, 4.47051],
				"rotation": [10, 0, 0],
				"cubes": [
					{"origin": [-2.5, 9.05782, 4.47051], "size": [5, 0.1, 0], "uv": [78, 50]}
				]
			},
			{
				"name": "bone23",
				"parent": "bone22",
				"pivot": [-2.5, 1.65782, 4.47051],
				"rotation": [0, 0, 9.85108],
				"cubes": [
					{"origin": [-4.5, 9.05782, 4.46951], "size": [2, 0.1, 0], "uv": [78, 50]}
				]
			},
			{
				"name": "bone24",
				"parent": "bone22",
				"pivot": [2.5, 1.65782, 4.47051],
				"rotation": [0, 0, -9.85108],
				"cubes": [
					{"origin": [2.5, 9.05782, 4.47151], "size": [2, 0.1, 0], "uv": [78, 50]}
				]
			},
			{
				"name": "bone25",
				"parent": "qunzihuabian",
				"pivot": [0, 2, 0],
				"rotation": [0, -180, 0]
			},
			{
				"name": "bone26",
				"parent": "bone25",
				"pivot": [0, 2, 4.47051],
				"rotation": [10, 0, 0],
				"cubes": [
					{"origin": [-2.5, 9.05782, 4.47051], "size": [5, 0.1, 0], "uv": [78, 50]}
				]
			},
			{
				"name": "bone27",
				"parent": "bone26",
				"pivot": [-2.5, 1.65782, 4.47051],
				"rotation": [0, 0, 9.85108],
				"cubes": [
					{"origin": [-4.5, 9.05782, 4.46951], "size": [2, 0.1, 0], "uv": [78, 50]}
				]
			},
			{
				"name": "bone28",
				"parent": "bone26",
				"pivot": [2.5, 1.65782, 4.47051],
				"rotation": [0, 0, -9.85108],
				"cubes": [
					{"origin": [2.5, 9.05782, 4.47151], "size": [2, 0.1, 0], "uv": [78, 50]},
					{"origin": [3.6, 9.05782, 4.47151], "size": [0.1, 0.1, 0.1], "uv": [78, 50]}
				]
			},
			{
				"name": "bone29",
				"parent": "qunzihuabian",
				"pivot": [0, 2, 0],
				"rotation": [0, -270, 0]
			},
			{
				"name": "bone30",
				"parent": "bone29",
				"pivot": [0, 2, 4.47051],
				"rotation": [10, 0, 0],
				"cubes": [
					{"origin": [-2.5, 9.05782, 4.47051], "size": [5, 0.1, 0], "uv": [78, 50]}
				]
			},
			{
				"name": "bone31",
				"parent": "bone30",
				"pivot": [-2.5, 1.65782, 4.47051],
				"rotation": [0, 0, 9.85108],
				"cubes": [
					{"origin": [-4.5, 9.05782, 4.46951], "size": [2, 0.1, 0], "uv": [78, 50]}
				]
			},
			{
				"name": "bone32",
				"parent": "bone30",
				"pivot": [2.5, 1.65782, 4.47051],
				"rotation": [0, 0, -9.85108],
				"cubes": [
					{"origin": [2.5, 9.05782, 4.47151], "size": [2, 0.1, 0], "uv": [78, 50]}
				]
			},
			{
				"name": "sittingRotationSkirt",
				"parent": "body",
				"pivot": [0, 10.5, 2]
			},
			{
				"name": "dadiqun",
				"parent": "sittingRotationSkirt",
				"pivot": [0, 10.1, 0],
				"cubes": [
					{"origin": [-2.85, 8.899, -1.3], "size": [5.7, 2.1, 0.05], "uv": [107, 7]}
				]
			},
			{
				"name": "bone33",
				"parent": "dadiqun",
				"pivot": [0, -0.4, 0]
			},
			{
				"name": "bone34",
				"parent": "bone33",
				"pivot": [0, -0.4, 2.48337],
				"rotation": [18, 0, 0],
				"cubes": [
					{"origin": [-0.5, 6.29263, 5.99539], "size": [1, 5.05, 0.05], "uv": [93, 3]}
				]
			},
			{
				"name": "bone35",
				"parent": "bone34",
				"pivot": [-0.5, -0.65737, 2.48337],
				"rotation": [0, 0, 7.39351],
				"cubes": [
					{"origin": [-2.5, 6.29263, 5.99439], "size": [2, 5.05, 0.05], "uv": [93, 3]}
				]
			},
			{
				"name": "bone36",
				"parent": "bone34",
				"pivot": [0.5, -0.65737, 2.48337],
				"rotation": [0, 0, -7.39351],
				"cubes": [
					{"origin": [0.5, 6.29263, 5.99639], "size": [2, 5.05, 0.05], "uv": [93, 3]}
				]
			},
			{
				"name": "bone37",
				"parent": "dadiqun",
				"pivot": [0, -0.4, 0],
				"rotation": [0, -45, 0]
			},
			{
				"name": "bone38",
				"parent": "bone37",
				"pivot": [0, -0.4, 2.48337],
				"rotation": [18, 0, 0],
				"cubes": [
					{"origin": [-0.5, 6.29263, 5.99539], "size": [1, 5.05, 0.05], "uv": [93, 3]}
				]
			},
			{
				"name": "bone39",
				"parent": "bone38",
				"pivot": [-0.5, -0.65737, 2.48337],
				"rotation": [0, 0, 7.39351],
				"cubes": [
					{"origin": [-2.5, 6.29263, 5.99439], "size": [2, 5.05, 0.05], "uv": [93, 3]}
				]
			},
			{
				"name": "bone40",
				"parent": "bone38",
				"pivot": [0.5, -0.65737, 2.48337],
				"rotation": [0, 0, -7.39351],
				"cubes": [
					{"origin": [0.5, 6.29263, 5.99639], "size": [2, 5.05, 0.05], "uv": [93, 3]}
				]
			},
			{
				"name": "bone41",
				"parent": "dadiqun",
				"pivot": [0, -0.4, 0],
				"rotation": [0, -90, 0]
			},
			{
				"name": "bone42",
				"parent": "bone41",
				"pivot": [0, -0.4, 2.48337],
				"rotation": [18, 0, 0],
				"cubes": [
					{"origin": [-0.5, 6.29263, 5.99539], "size": [1, 5.05, 0.05], "uv": [93, 3]}
				]
			},
			{
				"name": "bone43",
				"parent": "bone42",
				"pivot": [-0.5, -0.65737, 2.48337],
				"rotation": [0, 0, 7.39351],
				"cubes": [
					{"origin": [-2.5, 6.29263, 5.99439], "size": [2, 5.05, 0.05], "uv": [93, 3]}
				]
			},
			{
				"name": "bone44",
				"parent": "bone42",
				"pivot": [0.5, -0.65737, 2.48337],
				"rotation": [0, 0, -7.39351],
				"cubes": [
					{"origin": [0.5, 6.29263, 5.99639], "size": [2, 5.05, 0.05], "uv": [93, 3]}
				]
			},
			{
				"name": "bone45",
				"parent": "dadiqun",
				"pivot": [0, -0.4, 0],
				"rotation": [0, -135, 0]
			},
			{
				"name": "bone46",
				"parent": "bone45",
				"pivot": [0, -0.4, 2.48337],
				"rotation": [18, 0, 0],
				"cubes": [
					{"origin": [-0.5, 6.29263, 5.99539], "size": [1, 5.05, 0.05], "uv": [93, 3]}
				]
			},
			{
				"name": "bone47",
				"parent": "bone46",
				"pivot": [-0.5, -0.65737, 2.48337],
				"rotation": [0, 0, 7.39351],
				"cubes": [
					{"origin": [-2.5, 6.29263, 5.99439], "size": [2, 5.05, 0.05], "uv": [93, 3]}
				]
			},
			{
				"name": "bone48",
				"parent": "bone46",
				"pivot": [0.5, -0.65737, 2.48337],
				"rotation": [0, 0, -7.39351],
				"cubes": [
					{"origin": [0.5, 6.29263, 5.99639], "size": [2, 5.05, 0.05], "uv": [93, 3]}
				]
			},
			{
				"name": "bone49",
				"parent": "dadiqun",
				"pivot": [0, -0.4, 0],
				"rotation": [0, -180, 0]
			},
			{
				"name": "bone50",
				"parent": "bone49",
				"pivot": [0, -0.4, 2.48337],
				"rotation": [18, 0, 0],
				"cubes": [
					{"origin": [-0.5, 6.29263, 5.99539], "size": [1, 5.05, 0.05], "uv": [93, 3]}
				]
			},
			{
				"name": "bone51",
				"parent": "bone50",
				"pivot": [-0.5, -0.65737, 2.48337],
				"rotation": [0, 0, 7.39351],
				"cubes": [
					{"origin": [-2.5, 6.29263, 5.99439], "size": [2, 5.05, 0.05], "uv": [93, 3]}
				]
			},
			{
				"name": "bone52",
				"parent": "bone50",
				"pivot": [0.5, -0.65737, 2.48337],
				"rotation": [0, 0, -7.39351],
				"cubes": [
					{"origin": [0.5, 6.29263, 5.99639], "size": [2, 5.05, 0.05], "uv": [93, 3]}
				]
			},
			{
				"name": "bone53",
				"parent": "dadiqun",
				"pivot": [0, -0.4, 0],
				"rotation": [0, -225, 0]
			},
			{
				"name": "bone54",
				"parent": "bone53",
				"pivot": [0, -0.4, 2.48337],
				"rotation": [18, 0, 0],
				"cubes": [
					{"origin": [-0.5, 6.29263, 5.99539], "size": [1, 5.05, 0.05], "uv": [93, 3]}
				]
			},
			{
				"name": "bone55",
				"parent": "bone54",
				"pivot": [-0.5, -0.65737, 2.48337],
				"rotation": [0, 0, 7.39351],
				"cubes": [
					{"origin": [-2.5, 6.29263, 5.99439], "size": [2, 5.05, 0.05], "uv": [93, 3]}
				]
			},
			{
				"name": "bone56",
				"parent": "bone54",
				"pivot": [0.5, -0.65737, 2.48337],
				"rotation": [0, 0, -7.39351],
				"cubes": [
					{"origin": [0.5, 6.29263, 5.99639], "size": [2, 5.05, 0.05], "uv": [93, 3]}
				]
			},
			{
				"name": "bone57",
				"parent": "dadiqun",
				"pivot": [0, -0.4, 0],
				"rotation": [0, -270, 0]
			},
			{
				"name": "bone58",
				"parent": "bone57",
				"pivot": [0, -0.4, 2.48337],
				"rotation": [18, 0, 0],
				"cubes": [
					{"origin": [-0.5, 6.29263, 5.99539], "size": [1, 5.05, 0.05], "uv": [93, 3]}
				]
			},
			{
				"name": "bone59",
				"parent": "bone58",
				"pivot": [-0.5, -0.65737, 2.48337],
				"rotation": [0, 0, 7.39351],
				"cubes": [
					{"origin": [-2.5, 6.29263, 5.99439], "size": [2, 5.05, 0.05], "uv": [93, 3]}
				]
			},
			{
				"name": "bone60",
				"parent": "bone58",
				"pivot": [0.5, -0.65737, 2.48337],
				"rotation": [0, 0, -7.39351],
				"cubes": [
					{"origin": [0.5, 6.29263, 5.99639], "size": [2, 5.05, 0.05], "uv": [93, 3]}
				]
			},
			{
				"name": "bone61",
				"parent": "dadiqun",
				"pivot": [0, -0.4, 0],
				"rotation": [0, -315, 0]
			},
			{
				"name": "bone72",
				"parent": "bone61",
				"pivot": [0, -0.4, 2.48337],
				"rotation": [18, 0, 0],
				"cubes": [
					{"origin": [-0.5, 6.29263, 5.99539], "size": [1, 5.05, 0.05], "uv": [93, 3]}
				]
			},
			{
				"name": "bone100",
				"parent": "bone72",
				"pivot": [-0.5, -0.65737, 2.48337],
				"rotation": [0, 0, 7.39351],
				"cubes": [
					{"origin": [-2.5, 6.29263, 5.99439], "size": [2, 5.05, 0.05], "uv": [93, 3]}
				]
			},
			{
				"name": "bone101",
				"parent": "bone72",
				"pivot": [0.5, -0.65737, 2.48337],
				"rotation": [0, 0, -7.39351],
				"cubes": [
					{"origin": [0.5, 6.29263, 5.99639], "size": [2, 5.05, 0.05], "uv": [93, 3]}
				]
			},
			{
				"name": "legLeft",
				"pivot": [2, 9, 0],
				"cubes": [
					{"origin": [0.499, 0, -1.25], "size": [2.5, 9, 2.5], "uv": [11, 92]}
				]
			},
			{
				"name": "bootsLeft",
				"parent": "legLeft",
				"pivot": [2, 9, 0],
				"cubes": [
					{"origin": [0.399, -0.7, -1.35], "size": [2.7, 5.75, 2.7], "uv": [10, 73]},
					{"origin": [0.299, 0, -1.7], "size": [2.9, 0.6, 3.15], "uv": [110, 4]},
					{"origin": [0.299, 0.5, -1.45], "size": [2.9, 0.6, 2.9], "uv": [8, 9]},
					{"origin": [0.199, 4.35, -1.55], "size": [3.1, 1.1, 3.1], "uv": [7, 10]}
				]
			},
			{
				"name": "bone105",
				"parent": "bootsLeft",
				"pivot": [0.1, 2.5, 1.2],
				"cubes": [
					{"origin": [0.299, 2.5, -0.2], "size": [2.9, 0.6, 1.65], "uv": [38, 18]},
					{"origin": [3.199, 2.5, -0.25], "size": [0.1, 0.6, 0.1], "uv": [14, 15]},
					{"origin": [3.199, 2.5, 0.25], "size": [0.1, 0.6, 0.1], "uv": [14, 15]},
					{"origin": [3.199, 2.5, -0.25], "size": [0.1, 0.1, 0.6], "uv": [14, 15]},
					{"origin": [3.199, 3, -0.25], "size": [0.1, 0.1, 0.6], "uv": [14, 15]}
				]
			},
			{
				"name": "bone104",
				"parent": "bootsLeft",
				"pivot": [0.1, 3.5, 1.2],
				"cubes": [
					{"origin": [0.299, 3.5, -0.2], "size": [2.9, 0.6, 1.65], "uv": [38, 18]},
					{"origin": [3.199, 3.5, -0.25], "size": [0.1, 0.6, 0.1], "uv": [14, 15]},
					{"origin": [3.199, 3.5, 0.25], "size": [0.1, 0.6, 0.1], "uv": [14, 15]},
					{"origin": [3.199, 3.5, -0.25], "size": [0.1, 0.1, 0.6], "uv": [14, 15]},
					{"origin": [3.199, 4, -0.25], "size": [0.1, 0.1, 0.6], "uv": [14, 15]}
				]
			},
			{
				"name": "legRight",
				"pivot": [-2, 9, 0],
				"cubes": [
					{"origin": [-2.999, 0, -1.25], "size": [2.5, 9, 2.5], "uv": [11, 92]}
				]
			},
			{
				"name": "bootsRight",
				"parent": "legRight",
				"pivot": [-5.5, 9, 0],
				"cubes": [
					{"origin": [-3.101, -0.5, -1.35], "size": [2.7, 5.75, 2.7], "uv": [11, 55]},
					{"origin": [-3.201, 0, -1.7], "size": [2.9, 0.6, 3.15], "uv": [70, 8]},
					{"origin": [-3.201, 0.5, -1.45], "size": [2.9, 0.6, 2.9], "uv": [13, 13]},
					{"origin": [-3.301, 4.35, -1.55], "size": [3.1, 1.1, 3.1], "uv": [11, 11]}
				]
			},
			{
				"name": "bone106",
				"parent": "bootsRight",
				"pivot": [-6.4, 2.5, 1.2],
				"cubes": [
					{"origin": [-3.201, 2.5, -0.2], "size": [2.9, 0.6, 1.65], "uv": [41, 18]},
					{"origin": [-3.301, 2.5, -0.25], "size": [0.1, 0.6, 0.1], "uv": [14, 37]},
					{"origin": [-3.301, 2.5, 0.25], "size": [0.1, 0.6, 0.1], "uv": [14, 37]},
					{"origin": [-3.301, 2.5, -0.25], "size": [0.1, 0.1, 0.6], "uv": [14, 37]},
					{"origin": [-3.301, 3, -0.25], "size": [0.1, 0.1, 0.6], "uv": [14, 37]}
				]
			},
			{
				"name": "bone107",
				"parent": "bootsRight",
				"pivot": [-6.4, 3.5, 1.2],
				"cubes": [
					{"origin": [-3.201, 3.5, -0.2], "size": [2.9, 0.6, 1.65], "uv": [41, 18]},
					{"origin": [-3.301, 3.5, -0.25], "size": [0.1, 0.6, 0.1], "uv": [14, 37]},
					{"origin": [-3.301, 3.5, 0.25], "size": [0.1, 0.6, 0.1], "uv": [14, 37]},
					{"origin": [-3.301, 3.5, -0.25], "size": [0.1, 0.1, 0.6], "uv": [14, 37]},
					{"origin": [-3.301, 4, -0.25], "size": [0.1, 0.1, 0.6], "uv": [14, 37]}
				]
			},
			{
				"name": "sasimonoShow",
				"pivot": [-0.5, 15, 3.75]
			},
			{
				"name": "wingLeft",
				"parent": "sasimonoShow",
				"pivot": [0.5, 15, 3.25],
				"rotation": [0, 60, 0],
				"cubes": [
					{"origin": [0.5, 3, 3.5], "size": [0, 24, 13], "uv": [32, 37]}
				]
			},
			{
				"name": "wingRight",
				"parent": "sasimonoShow",
				"pivot": [-0.5, 15, 3.75],
				"rotation": [0, -60, 0],
				"cubes": [
					{"origin": [-0.5, 3, 3.5], "size": [0, 24, 13], "uv": [32, 37]}
				]
			}
		]
	}
}