{
	"format_version": "1.10.0",
	"geometry.model": {
		"texturewidth": 128,
		"textureheight": 128,
		"visible_bounds_width": 3,
		"visible_bounds_height": 2,
		"visible_bounds_offset": [0, 0, 0],
		"bones": [
			{
				"name": "head",
				"pivot": [0, 18.5, 0],
				"cubes": [
					{"origin": [-4, 18.5, -4], "size": [8, 8, 8], "uv": [32, 0]},
					{"origin": [-4.25, 18.05, -4.25], "size": [8.5, 8.5, 8.5], "uv": [0, 0]}
				]
			},
			{
				"name": "blink",
				"parent": "head",
				"pivot": [0, 18.5, 0],
				"cubes": [
					{"origin": [-4, 18.5, -4.001], "size": [8, 8, 0], "uv": [24, 0]}
				]
			},
			{
				"name": "bianzi",
				"parent": "head",
				"pivot": [0, 19.3, 4.1],
				"rotation": [12.5, 0, 0]
			},
			{
				"name": "bone62",
				"parent": "bianzi",
				"pivot": [1, 20.5, 3.8],
				"rotation": [0, 0, 20],
				"cubes": [
					{"origin": [0.81802, 17.50642, 3.19526], "size": [1, 2.9, 1], "uv": [30, 9]}
				]
			},
			{
				"name": "bone94",
				"parent": "bone62",
				"pivot": [1, 17.1, 3.8],
				"rotation": [2.5, 0, 17.5],
				"cubes": [
					{"origin": [0.81802, 17.50642, 3.19526], "size": [1, 2.9, 1], "uv": [30, 9]}
				]
			},
			{
				"name": "bone66",
				"parent": "bianzi",
				"pivot": [-1, 19.5237, 3.58356],
				"rotation": [0, 0, -20],
				"cubes": [
					{"origin": [-1.61064, 17.60781, 3.19526], "size": [1, 2.8, 1], "uv": [30, 9]}
				]
			},
			{
				"name": "bone96",
				"parent": "bone66",
				"pivot": [-0.5, 17.5237, 3.58356],
				"rotation": [5, 0, -15],
				"cubes": [
					{"origin": [-1.61064, 17.60781, 3.19526], "size": [1, 2.8, 1], "uv": [30, 9]}
				]
			},
			{
				"name": "bone67",
				"parent": "bianzi",
				"pivot": [0.1, 18.06825, 4.08987],
				"rotation": [0, 0, 45]
			},
			{
				"name": "bone87",
				"parent": "bone67",
				"pivot": [-0.09081, 18.00759, 4.38987],
				"rotation": [0, 0, 2.5],
				"cubes": [
					{"origin": [-0.09144, 16.80539, 3.22796], "size": [1.3, 1.3, 1], "uv": [34, 9]}
				]
			},
			{
				"name": "bone88",
				"parent": "bone87",
				"pivot": [0.60919, 17.40759, 4.08987],
				"rotation": [0, 0, 2.5],
				"cubes": [
					{"origin": [0.59891, 16.11505, 3.01152], "size": [1.3, 1.3, 1], "uv": [34, 9]}
				]
			},
			{
				"name": "bone89",
				"parent": "bone88",
				"pivot": [1.10919, 16.80759, 3.88987],
				"rotation": [0, 0, 2.5],
				"cubes": [
					{"origin": [1.08047, 15.49206, 2.83837], "size": [1.3, 1.3, 1], "uv": [34, 9]}
				]
			},
			{
				"name": "bone90",
				"parent": "bone89",
				"pivot": [1.70919, 16.10759, 3.68987],
				"rotation": [0, 0, 2.5],
				"cubes": [
					{"origin": [1.77082, 14.80171, 2.62193], "size": [1.3, 1.3, 1], "uv": [34, 9]}
				]
			},
			{
				"name": "bone93",
				"parent": "bone90",
				"pivot": [2.3305, 15.48628, 3.49508],
				"rotation": [0, 0, 2.5],
				"cubes": [
					{"origin": [2.39213, 14.1804, 2.42713], "size": [1.3, 1.3, 1], "uv": [34, 9]}
				]
			},
			{
				"name": "bone91",
				"parent": "bone93",
				"pivot": [3.5305, 14.28628, 2.89508],
				"rotation": [0, 0, 2.5],
				"cubes": [
					{"origin": [3.62984, 13.94269, 2.55746], "size": [0.3, 0.3, 0.3], "uv": [34, 9]}
				]
			},
			{
				"name": "bone92",
				"parent": "bone91",
				"pivot": [3.7305, 13.98628, 2.89508],
				"rotation": [0, 0, 2.5],
				"cubes": [
					{"origin": [3.828, 13.24453, 1.92886], "size": [0.8, 0.8, 0.8], "uv": [34, 9]}
				]
			},
			{
				"name": "bone68",
				"parent": "bianzi",
				"pivot": [0, 19.5237, 3.58356],
				"rotation": [0, 0, 10],
				"cubes": [
					{"origin": [-0.42407, 17.60152, 3.14092], "size": [1, 2, 1], "uv": [34, 12]}
				]
			},
			{
				"name": "xiaobianzi2",
				"parent": "bianzi",
				"pivot": [1.6, 19.3, 4.1]
			},
			{
				"name": "bone69",
				"parent": "xiaobianzi2",
				"pivot": [3.2, 15.5128, 4.29619],
				"rotation": [0, 0, 45]
			},
			{
				"name": "bone73",
				"parent": "bone69",
				"pivot": [1.8, 17.3128, 4.19619],
				"rotation": [0, 0, -5],
				"cubes": [
					{"origin": [1.80648, 16.51771, 3.43427], "size": [0.8, 0.8, 0.8], "uv": [54, 12]}
				]
			},
			{
				"name": "bone74",
				"parent": "bone73",
				"pivot": [2.2, 16.9128, 4.09619],
				"rotation": [0, 0, -5],
				"cubes": [
					{"origin": [2.22069, 16.1035, 3.30441], "size": [0.8, 0.8, 0.8], "uv": [54, 12]}
				]
			},
			{
				"name": "bone75",
				"parent": "bone74",
				"pivot": [2.6, 16.4128, 4.09619],
				"rotation": [0, 0, -5],
				"cubes": [
					{"origin": [2.56418, 15.61858, 3.17454], "size": [0.8, 0.8, 0.8], "uv": [54, 12]}
				]
			},
			{
				"name": "bone76",
				"parent": "bone75",
				"pivot": [2.9, 16.13651, 3.87975],
				"rotation": [0, 0, -5],
				"cubes": [
					{"origin": [2.90936, 15.27341, 3.06632], "size": [0.8, 0.8, 0.8], "uv": [54, 12]}
				]
			},
			{
				"name": "bone77",
				"parent": "bone76",
				"pivot": [3.6, 15.33651, 3.57975],
				"rotation": [0, 0, -5],
				"cubes": [
					{"origin": [3.63996, 15.0428, 3.26158], "size": [0.3, 0.3, 0.3], "uv": [54, 12]}
				]
			},
			{
				"name": "bone78",
				"parent": "bone77",
				"pivot": [3.8, 15.23651, 3.37975],
				"rotation": [0, 0, 5],
				"cubes": [
					{"origin": [3.7844, 14.59837, 2.75225], "size": [0.6, 0.6, 0.6], "uv": [54, 12]}
				]
			},
			{
				"name": "bone86",
				"parent": "xiaobianzi2",
				"pivot": [3.6, 17.6, 4.1],
				"rotation": [0, 0, -17.5]
			},
			{
				"name": "bone71",
				"parent": "bone86",
				"pivot": [0.51388, 19.61392, 3.58356],
				"rotation": [0, 0, 10],
				"cubes": [
					{"origin": [3.29206, 17.95897, 3.37599], "size": [1, 2, 0.7], "uv": [54, 12]}
				]
			},
			{
				"name": "bone70",
				"parent": "bone86",
				"pivot": [-1.48612, 19.57063, 3.77882],
				"rotation": [0, 0, -10],
				"cubes": [
					{"origin": [2.46831, 16.70239, 3.27882], "size": [1, 2, 0.7], "uv": [54, 12]}
				]
			},
			{
				"name": "bone95",
				"parent": "bone86",
				"pivot": [3.51388, 17.47063, 3.77882],
				"rotation": [2.5, 0, -20],
				"cubes": [
					{"origin": [2.90893, 17.53872, 3.27882], "size": [1, 2.2, 0.7], "uv": [54, 12]}
				]
			},
			{
				"name": "xiaobianzi3",
				"parent": "bianzi",
				"pivot": [-5.3, 19.3, 4.1]
			},
			{
				"name": "bone63",
				"parent": "xiaobianzi3",
				"pivot": [-3.7, 15.5128, 4.29619],
				"rotation": [0, 0, 45]
			},
			{
				"name": "bone64",
				"parent": "bone63",
				"pivot": [-5.1, 17.3128, 4.19619],
				"rotation": [0, 0, 10],
				"cubes": [
					{"origin": [-5.09352, 16.51771, 3.43427], "size": [0.8, 0.8, 0.8], "uv": [36, 14]}
				]
			},
			{
				"name": "bone65",
				"parent": "bone64",
				"pivot": [-4.7, 16.9128, 4.09619],
				"rotation": [0, 0, 10],
				"cubes": [
					{"origin": [-4.67931, 16.1035, 3.30441], "size": [0.8, 0.8, 0.8], "uv": [36, 14]}
				]
			},
			{
				"name": "bone79",
				"parent": "bone65",
				"pivot": [-4.3, 16.4128, 4.09619],
				"rotation": [0, 0, 10],
				"cubes": [
					{"origin": [-4.33582, 15.61858, 3.17454], "size": [0.8, 0.8, 0.8], "uv": [36, 14]}
				]
			},
			{
				"name": "bone80",
				"parent": "bone79",
				"pivot": [-4, 16.13651, 3.87975],
				"rotation": [0, 0, 10],
				"cubes": [
					{"origin": [-3.99064, 15.27341, 3.06632], "size": [0.8, 0.8, 0.8], "uv": [36, 14]}
				]
			},
			{
				"name": "bone81",
				"parent": "bone80",
				"pivot": [-3.3, 15.33651, 3.57975],
				"rotation": [0, 0, 10],
				"cubes": [
					{"origin": [-3.26004, 15.0428, 3.26158], "size": [0.3, 0.3, 0.3], "uv": [36, 14]}
				]
			},
			{
				"name": "bone82",
				"parent": "bone81",
				"pivot": [-3.1, 15.23651, 3.37975],
				"rotation": [0, 0, 10],
				"cubes": [
					{"origin": [-3.1156, 14.59837, 2.75225], "size": [0.6, 0.6, 0.6], "uv": [36, 14]}
				]
			},
			{
				"name": "bone85",
				"parent": "xiaobianzi3",
				"pivot": [-3.4, 17.7, 4.1],
				"rotation": [0, 0, 12.5]
			},
			{
				"name": "bone83",
				"parent": "bone85",
				"pivot": [-8.3, 19.48042, 3.77882],
				"rotation": [0, 0, -10],
				"cubes": [
					{"origin": [-4.34558, 16.61218, 3.27882], "size": [1, 2, 0.7], "uv": [36, 14]}
				]
			},
			{
				"name": "bone84",
				"parent": "bone85",
				"pivot": [-6.3, 19.5237, 3.58356],
				"rotation": [0, 0, 10],
				"cubes": [
					{"origin": [-3.52183, 17.86875, 3.37599], "size": [1, 2, 0.7], "uv": [36, 14]}
				]
			},
			{
				"name": "bone97",
				"parent": "bone85",
				"pivot": [-3.4, 17.6237, 3.58356],
				"rotation": [7.5, 0, 27.5],
				"cubes": [
					{"origin": [-3.8077, 17.33631, 3.37599], "size": [1, 2, 0.7], "uv": [36, 14]}
				]
			},
			{
				"name": "maoer",
				"parent": "head",
				"pivot": [0, 26, -1.9]
			},
			{
				"name": "bone99",
				"parent": "maoer",
				"pivot": [-0.6, 26, -1.9],
				"rotation": [2.5, 5, 0],
				"cubes": [
					{"origin": [-3.6, 26, -0.9], "size": [1.25, 2.5, 1], "uv": [43, 3]}
				]
			},
			{
				"name": "bone98",
				"parent": "bone99",
				"pivot": [-2.35228, 25.89772, -0.84776],
				"rotation": [0, 0, -27.5],
				"cubes": [
					{"origin": [-2.4, 26, -0.9], "size": [1.25, 2.5, 1], "uv": [43, 3]}
				]
			},
			{
				"name": "bone102",
				"parent": "maoer",
				"pivot": [0.6, 26, -1.9],
				"rotation": [-2.5, -175, 0],
				"cubes": [
					{"origin": [-2.4, 26, -3.9], "size": [1.25, 2.5, 1], "uv": [43, 3]}
				]
			},
			{
				"name": "bone103",
				"parent": "bone102",
				"pivot": [0.65, 25.9, -2.5],
				"rotation": [0, 0, -27.5],
				"cubes": [
					{"origin": [-0.99662, 26.83115, -3.9], "size": [1.25, 2.5, 1], "uv": [43, 3]}
				]
			},
			{
				"name": "armRight",
				"pivot": [-3, 17.5, 0],
				"rotation": [0, 0, 10],
				"cubes": [
					{"origin": [-5.20838, 8.68177, -1], "size": [2, 7.3, 2], "uv": [1, 41]},
					{"origin": [-5.20838, 16.08177, -1], "size": [2, 1.6, 2], "uv": [10, 73]},
					{"origin": [-5.35838, 11.18177, -1.15], "size": [2.3, 5, 2.25], "uv": [27, 41]},
					{"origin": [-5.35838, 16.18177, -1.15], "size": [1.3, 1.6, 2.25], "uv": [33, 56]}
				]
			},
			{
				"name": "armLeft",
				"pivot": [3, 17.5, 0],
				"rotation": [0, 0, -10],
				"cubes": [
					{"origin": [3.20838, 8.68177, -1], "size": [2, 6.9, 2], "uv": [10, 52]},
					{"origin": [3.20838, 15.68177, -1], "size": [2, 2, 2], "uv": [10, 67]},
					{"origin": [3.05838, 11.18177, -1.15], "size": [2.3, 5, 2.25], "uv": [32, 53]},
					{"origin": [4.05838, 16.18177, -1.15], "size": [1.3, 1.6, 2.25], "uv": [34, 53]}
				]
			},
			{
				"name": "body",
				"pivot": [0, 10.5, 0],
				"cubes": [
					{"origin": [-1.55, 15.5, -1.5], "size": [3.2, 3.5, 3], "uv": [7, 53]}
				]
			},
			{
				"name": "guajian",
				"parent": "body",
				"pivot": [0, 10.5, 0]
			},
			{
				"name": "bone41",
				"parent": "guajian",
				"pivot": [0, 10.5, 0],
				"rotation": [0, 0, 45],
				"cubes": [
					{"origin": [-5.11102, 13.64142, -3.55], "size": [0.2, 0.2, 0.2], "uv": [43, 63]},
					{"origin": [-2.49472, 14.70208, -3.55], "size": [0.2, 0.2, 0.2], "uv": [43, 63]},
					{"origin": [-4.3332, 12.8636, -3.55], "size": [0.2, 0.2, 0.2], "uv": [43, 63]},
					{"origin": [-1.7169, 13.92426, -3.55], "size": [0.2, 0.2, 0.2], "uv": [43, 63]},
					{"origin": [-3.55538, 12.08579, -3.55], "size": [0.2, 0.2, 0.2], "uv": [43, 63]},
					{"origin": [-3.27254, 15.4799, -3.55], "size": [0.2, 0.2, 0.2], "uv": [43, 63]},
					{"origin": [-4.89889, 13.02929, -3.55], "size": [0.6, 0.6, 0.2], "uv": [46, 65]},
					{"origin": [-2.28259, 14.08995, -3.55], "size": [0.6, 0.6, 0.2], "uv": [32, 65]},
					{"origin": [-4.12107, 12.25147, -3.55], "size": [0.6, 0.6, 0.2], "uv": [32, 65]},
					{"origin": [-3.06041, 14.86777, -3.55], "size": [0.6, 0.6, 0.2], "uv": [46, 65]}
				]
			},
			{
				"name": "weijin",
				"parent": "body",
				"pivot": [0.1, 10.5, -1.9],
				"cubes": [
					{"origin": [-3.46142, 17.16147, 3.25], "size": [7, 1.1, 0.15], "uv": [4, 70]}
				]
			},
			{
				"name": "bone31",
				"parent": "weijin",
				"pivot": [-0.2, 15.9, -3.1],
				"rotation": [0, 0, 5]
			},
			{
				"name": "bone32",
				"parent": "bone31",
				"pivot": [-2.6, 16, -3.1],
				"rotation": [0, 0, -10],
				"cubes": [
					{"origin": [-3.34848, 17.03486, -3.35], "size": [0.2, 1.1, 6.75], "uv": [4, 70]}
				]
			},
			{
				"name": "bone34",
				"parent": "bone31",
				"pivot": [-3.59772, 16.74771, -3.2],
				"rotation": [15, 7.5, 12.5],
				"cubes": [
					{"origin": [-3.4634, 16.85062, -3.25458], "size": [3.7, 1.2, 0.25], "uv": [4, 70]}
				]
			},
			{
				"name": "bone35",
				"parent": "bone34",
				"pivot": [-3.4134, 15.85062, -3.10458],
				"rotation": [-5, 0, -22.5],
				"cubes": [
					{"origin": [-3.07266, 16.65084, -3.25505], "size": [3.6, 1.2, 0.25], "uv": [4, 70]}
				]
			},
			{
				"name": "bone36",
				"parent": "weijin",
				"pivot": [0.1, 15.9, -3.1],
				"rotation": [0, 0, -5]
			},
			{
				"name": "bone37",
				"parent": "bone36",
				"pivot": [2.97793, 16.61743, -3.1],
				"rotation": [0, 0, 10],
				"cubes": [
					{"origin": [3.41462, 16.97458, -3.25], "size": [0.2, 1.1, 6.65], "uv": [4, 70]}
				]
			},
			{
				"name": "bone38",
				"parent": "bone36",
				"pivot": [3.08858, 16.16147, -3.5],
				"rotation": [2.5, 7.5, 0]
			},
			{
				"name": "bone39",
				"parent": "bone38",
				"pivot": [0.18858, 16.16147, -3.5],
				"rotation": [0, 0, -10]
			},
			{
				"name": "bone33",
				"parent": "bone36",
				"pivot": [3.51743, 16.59924, -2.9],
				"rotation": [15, -7.5, -12.5],
				"cubes": [
					{"origin": [0.06412, 16.78664, -3.24565], "size": [3.6, 1.2, 0.25], "uv": [4, 70]}
				]
			},
			{
				"name": "bone40",
				"parent": "bone33",
				"pivot": [3.46325, 16.63783, -3.18673],
				"rotation": [-5, 0, 22.5],
				"cubes": [
					{"origin": [-0.03617, 16.75707, -3.20896], "size": [3.5, 1.2, 0.25], "uv": [4, 70]}
				]
			},
			{
				"name": "jiehedai",
				"parent": "weijin",
				"pivot": [-0.8, 17.8, 3.5],
				"rotation": [0, 0, 60],
				"cubes": [
					{"origin": [-0.76142, 17.86147, 3.35], "size": [1.1, 1.1, 0.35], "uv": [4, 70]}
				]
			},
			{
				"name": "bone42",
				"parent": "jiehedai",
				"pivot": [0.1, 17.7, 3.5],
				"rotation": [-2.5, 4.5, 7.5],
				"cubes": [
					{"origin": [-0.36142, 17.76147, 3.45], "size": [2.4, 1.1, 0.05], "uv": [4, 70]}
				]
			},
			{
				"name": "bone43",
				"parent": "bone42",
				"pivot": [2.1, 17.7, 3.5],
				"rotation": [0, -3.5, 0],
				"cubes": [
					{"origin": [2.03858, 17.76147, 3.45], "size": [1.9, 1.1, 0.05], "uv": [4, 70]}
				]
			},
			{
				"name": "bone44",
				"parent": "bone43",
				"pivot": [3.9, 17.7, 3.5],
				"rotation": [0, -3, -7],
				"cubes": [
					{"origin": [3.83858, 17.76147, 3.45], "size": [1.9, 1.1, 0.05], "uv": [4, 70]}
				]
			},
			{
				"name": "bone46",
				"parent": "bone44",
				"pivot": [5.6, 17.7, 3.5],
				"rotation": [0, -7.5, 0],
				"cubes": [
					{"origin": [5.53858, 17.76147, 3.45], "size": [1.9, 1.1, 0.05], "uv": [4, 70]}
				]
			},
			{
				"name": "bone45",
				"parent": "bone46",
				"pivot": [7.4, 17.7, 3.5],
				"rotation": [0, -10, 5],
				"cubes": [
					{"origin": [7.33858, 17.76147, 3.45], "size": [1.9, 1.1, 0.05], "uv": [4, 70]}
				]
			},
			{
				"name": "bone47",
				"parent": "bone45",
				"pivot": [9, 17.7, 3.5],
				"rotation": [0, 5, 0],
				"cubes": [
					{"origin": [8.93858, 17.76147, 3.45], "size": [1.9, 1.1, 0.05], "uv": [4, 70]}
				]
			},
			{
				"name": "bone48",
				"parent": "bone47",
				"pivot": [10.28858, 17.76147, 3.5],
				"rotation": [0, 12.5, 0],
				"cubes": [
					{"origin": [10.33858, 17.76147, 3.45], "size": [1.9, 1.1, 0.05], "uv": [4, 70]}
				]
			},
			{
				"name": "bone49",
				"parent": "bone48",
				"pivot": [11.98858, 17.76147, 2.5],
				"rotation": [0, 15, 0],
				"cubes": [
					{"origin": [11.67977, 17.76147, 3.41593], "size": [1.9, 1.1, 0.05], "uv": [4, 70]},
					{"origin": [13.57977, 17.76147, 3.41593], "size": [0.8, 1.1, 0.05], "uv": [33, 65]}
				]
			},
			{
				"name": "bone57",
				"parent": "bone49",
				"pivot": [13.37075, 18.62484, 3.50907],
				"rotation": [0, 0, 45],
				"cubes": [
					{"origin": [13.62075, 18.62484, 3.35907], "size": [0.6, 0.6, 0.2], "uv": [33, 78]}
				]
			},
			{
				"name": "bone50",
				"parent": "bone42",
				"pivot": [2.1, 17.7, 3.5],
				"rotation": [0, -3.5, 5],
				"cubes": [
					{"origin": [2.03858, 17.76147, 3.45], "size": [1.9, 1.1, 0.05], "uv": [4, 70]}
				]
			},
			{
				"name": "bone51",
				"parent": "bone50",
				"pivot": [3.9, 17.7, 3.5],
				"rotation": [0, -3, -7],
				"cubes": [
					{"origin": [3.83858, 17.76147, 3.45], "size": [1.9, 1.1, 0.05], "uv": [4, 70]}
				]
			},
			{
				"name": "bone52",
				"parent": "bone51",
				"pivot": [5.6, 17.7, 3.5],
				"rotation": [0, -7.5, 0],
				"cubes": [
					{"origin": [5.53858, 17.76147, 3.45], "size": [1.9, 1.1, 0.05], "uv": [4, 70]}
				]
			},
			{
				"name": "bone53",
				"parent": "bone52",
				"pivot": [7.4, 17.7, 3.5],
				"rotation": [0, -10, 5],
				"cubes": [
					{"origin": [7.33858, 17.76147, 3.45], "size": [1.9, 1.1, 0.05], "uv": [4, 70]}
				]
			},
			{
				"name": "bone54",
				"parent": "bone53",
				"pivot": [9, 17.7, 3.5],
				"rotation": [0, 5, 0],
				"cubes": [
					{"origin": [8.93858, 17.76147, 3.45], "size": [1.9, 1.1, 0.05], "uv": [4, 70]}
				]
			},
			{
				"name": "bone55",
				"parent": "bone54",
				"pivot": [10.28858, 17.76147, 3.5],
				"rotation": [0, 12.5, 0],
				"cubes": [
					{"origin": [10.33858, 17.76147, 3.45], "size": [1.9, 1.1, 0.05], "uv": [4, 70]}
				]
			},
			{
				"name": "bone56",
				"parent": "bone55",
				"pivot": [11.98858, 17.76147, 3.5],
				"rotation": [0, 15, 0],
				"cubes": [
					{"origin": [11.93858, 17.76147, 3.45], "size": [1.9, 1.1, 0.05], "uv": [4, 70]},
					{"origin": [13.83858, 17.76147, 3.45], "size": [0.7, 1.1, 0.05], "uv": [30, 66]}
				]
			},
			{
				"name": "bone59",
				"parent": "bone56",
				"pivot": [13.57075, 18.42484, 3.50907],
				"rotation": [0, 0, 45],
				"cubes": [
					{"origin": [13.82075, 18.42484, 3.35907], "size": [0.6, 0.6, 0.2], "uv": [34, 76]},
					{"origin": [13.32075, 18.82484, 3.35907], "size": [0.6, 0.6, 0.2], "uv": [35, 80]}
				]
			},
			{
				"name": "bone58",
				"parent": "jiehedai",
				"pivot": [-0.5, 17.8, 3.5],
				"rotation": [-2.5, 4.5, 52.5],
				"cubes": [
					{"origin": [-0.96142, 17.86147, 3.45], "size": [2.4, 1.1, 0.05], "uv": [4, 70]}
				]
			},
			{
				"name": "bone60",
				"parent": "bone58",
				"pivot": [1.5, 17.8, 3.5],
				"rotation": [0, -3.5, 0],
				"cubes": [
					{"origin": [1.43858, 17.86147, 3.45], "size": [1.9, 1.1, 0.05], "uv": [4, 70]}
				]
			},
			{
				"name": "bone61",
				"parent": "bone60",
				"pivot": [3.3, 17.8, 3.5],
				"rotation": [0, 4.5, -7],
				"cubes": [
					{"origin": [3.23858, 17.86147, 3.45], "size": [1.9, 1.1, 0.05], "uv": [4, 70]}
				]
			},
			{
				"name": "xiong",
				"parent": "body",
				"pivot": [0, 10.5, 0],
				"cubes": [
					{"origin": [0, 13.5, -3.3], "size": [0.05, 4.5, 6.6], "uv": [8, 85]},
					{"origin": [-3.05, 13.5, -3.25], "size": [6.2, 4.5, 6.5], "uv": [27, 42]}
				]
			},
			{
				"name": "jianbang",
				"parent": "xiong",
				"pivot": [3.2, 13.5, -3.2],
				"rotation": [0, 0, 5],
				"cubes": [
					{"origin": [2.65, 13.5, -3.25], "size": [0.5, 4.5, 6.5], "uv": [32, 45]}
				]
			},
			{
				"name": "jianbang2",
				"parent": "xiong",
				"pivot": [-3, 13.5, -3.3],
				"rotation": [0, 0, -5],
				"cubes": [
					{"origin": [-3.05, 13.5, -3.25], "size": [0.5, 4.5, 6.5], "uv": [35, 44]}
				]
			},
			{
				"name": "bone30",
				"parent": "xiong",
				"pivot": [-0.09962, 11.90872, 3.6],
				"rotation": [0, 0, 5],
				"cubes": [
					{"origin": [-3.16359, 12.41124, -3.15], "size": [2.9, 1.5, 6.3], "uv": [33, 48]}
				]
			},
			{
				"name": "bone29",
				"parent": "xiong",
				"pivot": [0, 12, 3.6],
				"rotation": [0, 0, -5],
				"cubes": [
					{"origin": [0.25, 12.4, -3.15], "size": [3, 1.5, 6.3], "uv": [32, 48]}
				]
			},
			{
				"name": "yao",
				"parent": "body",
				"pivot": [0, 10.5, 0],
				"cubes": [
					{"origin": [-2.7, 9.25, -3], "size": [5.2, 4.25, 6], "uv": [1, 66]},
					{"origin": [-0.05, 9.25, 3], "size": [0.05, 4.45, 0.05], "uv": [8, 87]},
					{"origin": [0, 9.25, -3.05], "size": [0.05, 4.25, 0.05], "uv": [7, 88]},
					{"origin": [-2.8, 8.4, -1.35], "size": [5.6, 2.25, 2.7], "uv": [48, 68]}
				]
			},
			{
				"name": "yaoquxian",
				"parent": "yao",
				"pivot": [2.9, 10.5, -3],
				"rotation": [0, 0, -5],
				"cubes": [
					{"origin": [2.4, 9.3, -3], "size": [0.5, 4.35, 6], "uv": [1, 66]}
				]
			},
			{
				"name": "yaoquxian2",
				"parent": "yao",
				"pivot": [-2.9, 10.5, -3],
				"rotation": [0, 0, 2.5],
				"cubes": [
					{"origin": [-2.9, 9.25, -3], "size": [0.5, 4.35, 6], "uv": [1, 66]}
				]
			},
			{
				"name": "sittingRotationSkirt",
				"parent": "body",
				"pivot": [0, 10.5, 0]
			},
			{
				"name": "qunziyi",
				"parent": "sittingRotationSkirt",
				"pivot": [0, 13.5, 0]
			},
			{
				"name": "bone",
				"parent": "qunziyi",
				"pivot": [0, 3, 0]
			},
			{
				"name": "bone2",
				"parent": "bone",
				"pivot": [0, 3, 4.47051],
				"rotation": [10, 0, 0],
				"cubes": [
					{"origin": [-2.5, 6.90782, 4.37051], "size": [5, 4.5, 0.1], "uv": [9, 67]},
					{"origin": [-0.05, 7.15782, 4.47051], "size": [0.05, 4.25, 0.05], "uv": [17, 89]},
					{"origin": [-1.8, 7.15782, 4.47051], "size": [3.6, 0.05, 0.05], "uv": [15, 90]}
				]
			},
			{
				"name": "bone3",
				"parent": "bone2",
				"pivot": [-2.5, 2.65782, 4.47051],
				"rotation": [0, 0, 9.85108],
				"cubes": [
					{"origin": [-4.5, 6.90782, 4.36951], "size": [1.3, 4.5, 0.1], "uv": [9, 67]},
					{"origin": [-4.5, 7.20782, 4.46951], "size": [2, 0.05, 0.05], "uv": [14, 88]}
				]
			},
			{
				"name": "bone4",
				"parent": "bone2",
				"pivot": [2.5, 2.65782, 4.47051],
				"rotation": [0, 0, -9.85108],
				"cubes": [
					{"origin": [3.2, 6.90782, 4.37151], "size": [1.3, 4.5, 0.1], "uv": [9, 67]},
					{"origin": [2.5, 7.20782, 4.47151], "size": [2, 0.05, 0.05], "uv": [17, 85]}
				]
			},
			{
				"name": "bone22",
				"parent": "bone2",
				"pivot": [0, 7.2, 4.47051],
				"rotation": [0, 0, -44],
				"cubes": [
					{"origin": [-0.05, 7.15782, 4.47051], "size": [0.05, 4.65, 0.05], "uv": [31, 90]}
				]
			},
			{
				"name": "bone21",
				"parent": "bone2",
				"pivot": [0, 7.25, 4.47051],
				"rotation": [0, 0, 44],
				"cubes": [
					{"origin": [-0.05, 7.15782, 4.47051], "size": [0.05, 4.75, 0.05], "uv": [25, 88]}
				]
			},
			{
				"name": "bone5",
				"parent": "qunziyi",
				"pivot": [0, 3, 0],
				"rotation": [0, -90, 0]
			},
			{
				"name": "bone6",
				"parent": "bone5",
				"pivot": [0, 3, 4.47051],
				"rotation": [10, 0, 0]
			},
			{
				"name": "bone17",
				"parent": "bone6",
				"pivot": [-2.45, 11.4, 4.47051],
				"rotation": [0, 0, -10.5],
				"cubes": [
					{"origin": [-0.5, 6.20782, 4.37051], "size": [3, 6.4, 0.1], "uv": [9, 67]},
					{"origin": [-0.3, 6.50782, 4.47051], "size": [0.05, 4.2, 0.05], "uv": [12, 87]}
				]
			},
			{
				"name": "bone24",
				"parent": "bone17",
				"pivot": [-0.25, 6.5, 4.47051],
				"rotation": [0, 0, 47],
				"cubes": [
					{"origin": [-0.3, 6.50782, 4.47051], "size": [0.05, 4.4, 0.05], "uv": [15, 83]}
				]
			},
			{
				"name": "bone100",
				"parent": "bone17",
				"pivot": [-0.3, 6.5, 4.47051],
				"rotation": [0, 0, 2.5],
				"cubes": [
					{"origin": [-0.2, 6.50782, 4.47051], "size": [1.2, 0.05, 0.05], "uv": [11, 84]}
				]
			},
			{
				"name": "bone7",
				"parent": "bone6",
				"pivot": [-2.5, 2.65782, 4.47051],
				"rotation": [0, 0, 9.85108],
				"cubes": [
					{"origin": [-4.5, 6.90782, 4.36951], "size": [2, 6, 0.1], "uv": [9, 67]},
					{"origin": [-4.5, 7.15782, 4.46951], "size": [2, 0.05, 0.05], "uv": [14, 89]}
				]
			},
			{
				"name": "bone8",
				"parent": "bone6",
				"pivot": [2.5, 2.65782, 4.47051],
				"rotation": [0, 0, -9.85108],
				"cubes": [
					{"origin": [4.1, 6.90782, 4.47151], "size": [0.4, 6.2, 0], "uv": [9, 67]},
					{"origin": [2.5, 7.20782, 4.47151], "size": [2, 0.05, 0.05], "uv": [16, 89]}
				]
			},
			{
				"name": "bone18",
				"parent": "bone6",
				"pivot": [0.55, 11.4, 4.47051],
				"rotation": [0, 0, 10],
				"cubes": [
					{"origin": [-2.5, 6.50782, 4.37051], "size": [2.6, 6.9, 0.1], "uv": [9, 67]},
					{"origin": [-0.2, 6.75782, 4.47051], "size": [0.05, 4.15, 0.05], "uv": [13, 87]},
					{"origin": [-2.4, 6.75782, 4.47051], "size": [2.2, 0.05, 0.05], "uv": [22, 86]}
				]
			},
			{
				"name": "bone25",
				"parent": "bone18",
				"pivot": [-0.15, 6.8, 4.47051],
				"rotation": [0, 0, -45],
				"cubes": [
					{"origin": [-0.2, 6.75782, 4.47051], "size": [0.05, 4.05, 0.05], "uv": [20, 85]}
				]
			},
			{
				"name": "bone72",
				"parent": "bone6",
				"pivot": [1.55, 11.4, 4.47051],
				"cubes": [
					{"origin": [-1, 6.70782, 4.37051], "size": [1.5, 3.3, 0.1], "uv": [9, 67]},
					{"origin": [-1, 7.00403, 4.51392], "size": [1.6, 0.05, 0.05], "uv": [13, 85]}
				]
			},
			{
				"name": "bone9",
				"parent": "qunziyi",
				"pivot": [0, 3, 0],
				"rotation": [0, -180, 0]
			},
			{
				"name": "bone10",
				"parent": "bone9",
				"pivot": [0, 3, 4.47051],
				"rotation": [10, 0, 0],
				"cubes": [
					{"origin": [-2.5, 6.90782, 4.37051], "size": [5, 4.8, 0.1], "uv": [9, 67]},
					{"origin": [-0.05, 7.20782, 4.47051], "size": [0.05, 4.2, 0.05], "uv": [21, 88]},
					{"origin": [-1.8, 7.15782, 4.47051], "size": [3.65, 0.05, 0.05], "uv": [17, 87]}
				]
			},
			{
				"name": "bone27",
				"parent": "bone10",
				"pivot": [0, 7.2, 4.47051],
				"rotation": [0, 0, 47],
				"cubes": [
					{"origin": [-0.05, 7.20782, 4.47051], "size": [0.05, 4.4, 0.05], "uv": [13, 84]}
				]
			},
			{
				"name": "bone26",
				"parent": "bone10",
				"pivot": [0, 7.2, 4.47051],
				"rotation": [0, 0, -47],
				"cubes": [
					{"origin": [-0.05, 7.20782, 4.47051], "size": [0.05, 4.4, 0.05], "uv": [17, 83]}
				]
			},
			{
				"name": "bone11",
				"parent": "bone10",
				"pivot": [-2.5, 2.65782, 4.47051],
				"rotation": [0, 0, 9.85108],
				"cubes": [
					{"origin": [-4.5, 6.90782, 4.36951], "size": [1.5, 5.7, 0.1], "uv": [9, 67]},
					{"origin": [-4.55, 7.20782, 4.46951], "size": [2.05, 0.05, 0.05], "uv": [16, 86]}
				]
			},
			{
				"name": "bone12",
				"parent": "bone10",
				"pivot": [2.5, 2.65782, 4.47051],
				"rotation": [0, 0, -9.85108],
				"cubes": [
					{"origin": [3.2, 6.90782, 4.37151], "size": [1.3, 5.3, 0.1], "uv": [9, 67]},
					{"origin": [2.5, 7.15782, 4.47151], "size": [2.1, 0.05, 0.05], "uv": [12, 83]}
				]
			},
			{
				"name": "bone13",
				"parent": "qunziyi",
				"pivot": [0, 3, 0],
				"rotation": [0, -270, 0]
			},
			{
				"name": "bone14",
				"parent": "bone13",
				"pivot": [0.3, 10.7, 2.97051],
				"rotation": [10, 0, 0]
			},
			{
				"name": "bone15",
				"parent": "bone14",
				"pivot": [-2.5, 2.51433, 3.11063],
				"rotation": [0, 0, 9.85108],
				"cubes": [
					{"origin": [-4.5, 6.76433, 3.00963], "size": [0.6, 6.6, 0.1], "uv": [9, 67]},
					{"origin": [-4.5, 7.06433, 3.10963], "size": [2, 0.05, 0.05], "uv": [25, 88]}
				]
			},
			{
				"name": "bone16",
				"parent": "bone14",
				"pivot": [2.5, 2.51433, 3.11063],
				"rotation": [0, 0, -9.85108],
				"cubes": [
					{"origin": [3.6, 6.76433, 3.01163], "size": [0.9, 6.4, 0.1], "uv": [9, 67]},
					{"origin": [2.5, 7.06433, 3.11163], "size": [2, 0.05, 0.05], "uv": [16, 85]}
				]
			},
			{
				"name": "bone19",
				"parent": "bone14",
				"pivot": [0.3, 10.7, 2.97051],
				"rotation": [0, 0, 9.5],
				"cubes": [
					{"origin": [-2.5, 6.46433, 3.01063], "size": [2.75, 6.5, 0.1], "uv": [9, 67]},
					{"origin": [-2.5, 6.71433, 3.11063], "size": [2.45, 0.05, 0.05], "uv": [26, 84]},
					{"origin": [-0.05, 6.71433, 3.11063], "size": [0.05, 3.45, 0.05], "uv": [15, 85]}
				]
			},
			{
				"name": "bone23",
				"parent": "bone19",
				"pivot": [0, 6.8, 2.97051],
				"rotation": [0, 0, -45],
				"cubes": [
					{"origin": [-0.05, 6.71433, 3.11063], "size": [0.05, 4.45, 0.05], "uv": [21, 89]}
				]
			},
			{
				"name": "bone20",
				"parent": "bone14",
				"pivot": [-0.5, 10.7, 2.97051],
				"rotation": [0, 0, -9.5],
				"cubes": [
					{"origin": [-0.5, 6.36433, 3.01063], "size": [2.75, 7.2, 0.1], "uv": [9, 67]},
					{"origin": [-0.25, 6.66433, 3.11063], "size": [0.05, 3.4, 0.05], "uv": [12, 84]},
					{"origin": [-0.2, 6.66433, 3.11063], "size": [2.45, 0.05, 0.05], "uv": [17, 87]}
				]
			},
			{
				"name": "bone28",
				"parent": "bone20",
				"pivot": [-0.25, 6.75651, 3.11063],
				"rotation": [0, 0, 51],
				"cubes": [
					{"origin": [-0.25, 6.66433, 3.11063], "size": [0.05, 4.4, 0.05], "uv": [12, 84]}
				]
			},
			{
				"name": "legLeft",
				"pivot": [2, 9, 0],
				"cubes": [
					{"origin": [0.249, 0, -1.25], "size": [2.5, 9, 2.5], "uv": [1, 101]},
					{"origin": [0.149, 6.9, -1.35], "size": [2.7, 2.5, 2.7], "uv": [48, 67]},
					{"origin": [0.149, -0.1, -1.65], "size": [2.7, 0.9, 3], "uv": [46, 64]},
					{"origin": [0.049, 0.8, -1.45], "size": [2.9, 0.9, 2.9], "uv": [46, 64]}
				]
			},
			{
				"name": "legRight",
				"pivot": [-2.95, 9, 3],
				"cubes": [
					{"origin": [-2.751, 0, -1.25], "size": [2.5, 9, 2.5], "uv": [1, 101]},
					{"origin": [-2.851, 6.9, -1.35], "size": [2.7, 2.5, 2.7], "uv": [48, 67]},
					{"origin": [-2.851, -0.1, -1.65], "size": [2.7, 0.9, 3], "uv": [46, 64]},
					{"origin": [-2.951, 0.8, -1.45], "size": [2.9, 0.9, 2.9], "uv": [46, 64]}
				]
			},
			{
				"name": "sasimonoShow",
				"pivot": [-0.5, 15, 3.75]
			},
			{
				"name": "wingLeft",
				"parent": "sasimonoShow",
				"pivot": [0.5, 15, 3.25],
				"rotation": [0, 60, 0],
				"cubes": [
					{"origin": [0.5, 3, 3.5], "size": [0, 24, 13], "uv": [13, 3]}
				]
			},
			{
				"name": "wingRight",
				"parent": "sasimonoShow",
				"pivot": [-0.5, 15, 3.75],
				"rotation": [0, -60, 0],
				"cubes": [
					{"origin": [-0.5, 3, 3.5], "size": [0, 24, 13], "uv": [0, 3]}
				]
			}
		]
	}
}