{
	"format_version": "1.10.0",
	"geometry.model": {
		"texturewidth": 128,
		"textureheight": 128,
		"visible_bounds_width": 3,
		"visible_bounds_height": 2,
		"visible_bounds_offset": [0, 0, 0],
		"bones": [
			{
				"name": "head",
				"pivot": [0, 18.45, 0],
				"cubes": [
					{"origin": [-4, 18.45, -4], "size": [8, 8, 8], "uv": [0, 0]},
					{"origin": [-4.25, 18.2, -4.25], "size": [8.5, 8.5, 8.5], "uv": [32, 0]}
				]
			},
			{
				"name": "blink",
				"parent": "head",
				"pivot": [0, 18.45, 0],
				"cubes": [
					{"origin": [-4, 18.45, -4.001], "size": [8, 8, 0], "uv": [24, 0]}
				]
			},
			{
				"name": "toushi",
				"parent": "head",
				"pivot": [0, 20.7, 0]
			},
			{
				"name": "bone",
				"parent": "toushi",
				"pivot": [0, 26.4, 0.6],
				"rotation": [0, 0, -10],
				"cubes": [
					{"origin": [-5, 25.45, -0.5], "size": [5.2, 2.4, 1], "uv": [0, 22]}
				]
			},
			{
				"name": "bone2",
				"parent": "toushi",
				"pivot": [0, 26.4, 0.4],
				"rotation": [0, 0, 10],
				"cubes": [
					{"origin": [-0.3, 25.45, -0.5], "size": [5.3, 2.4, 1], "uv": [0, 22]}
				]
			},
			{
				"name": "toufa",
				"parent": "head",
				"pivot": [0, 18.45, 0]
			},
			{
				"name": "bone11",
				"parent": "toufa",
				"pivot": [0, 18.45, 0]
			},
			{
				"name": "bone15",
				"parent": "bone11",
				"pivot": [-4.1, 18.35, -0.1],
				"rotation": [-48, -7, 5],
				"cubes": [
					{"origin": [-4.00095, 15.10655, -1.0038], "size": [1, 4.3, 1], "uv": [21, 18]}
				]
			},
			{
				"name": "bone14",
				"parent": "bone11",
				"pivot": [-4.1, 18.35, 0.9],
				"rotation": [2.5, 0, 0]
			},
			{
				"name": "bone16",
				"parent": "bone11",
				"pivot": [-4.1, 18.35, -2.1],
				"rotation": [-40, -2.5, -30],
				"cubes": [
					{"origin": [-3.80095, 16.30655, -3.0038], "size": [0.8, 2, 0.8], "uv": [21, 18]}
				]
			},
			{
				"name": "bone23",
				"parent": "bone11",
				"pivot": [-4.1, 18.35, -1.1],
				"rotation": [-47, -2, -15],
				"cubes": [
					{"origin": [-4.00095, 13.90655, -2.0038], "size": [1, 4.2, 1], "uv": [21, 18]}
				]
			},
			{
				"name": "bone17",
				"parent": "toufa",
				"pivot": [7, 18.45, 0]
			},
			{
				"name": "bone18",
				"parent": "bone17",
				"pivot": [3.9, 18.35, -0.1],
				"rotation": [-41, 0, -5],
				"cubes": [
					{"origin": [2.99905, 16.60655, -1.0038], "size": [1, 2.8, 1], "uv": [21, 18]}
				]
			},
			{
				"name": "bone21",
				"parent": "bone17",
				"pivot": [2.9, 18.35, 0.9]
			},
			{
				"name": "bone22",
				"parent": "bone17",
				"pivot": [3.9, 18.35, -1.1],
				"rotation": [-40, 2.5, 10],
				"cubes": [
					{"origin": [2.99905, 17.10655, -2.0038], "size": [1, 2.3, 1], "uv": [21, 18]}
				]
			},
			{
				"name": "bone24",
				"parent": "bone17",
				"pivot": [3.9, 18.35, -2.1],
				"rotation": [-40, 2.5, 10],
				"cubes": [
					{"origin": [2.99905, 17.40655, -3.0038], "size": [0.8, 2, 0.8], "uv": [21, 18]}
				]
			},
			{
				"name": "bone104",
				"parent": "toufa",
				"pivot": [0, 18.45, 0]
			},
			{
				"name": "bone3",
				"parent": "bone104",
				"pivot": [2.9, 18.35, 2.9],
				"rotation": [5, 0, -4.5],
				"cubes": [
					{"origin": [2, 13.65, 3], "size": [1, 5.8, 1], "uv": [21, 18]}
				]
			},
			{
				"name": "bone4",
				"parent": "bone104",
				"pivot": [3.9, 18.35, 2.9],
				"rotation": [5, 0, -5],
				"cubes": [
					{"origin": [3, 14.05, 3], "size": [1, 5.4, 1], "uv": [21, 18]}
				]
			},
			{
				"name": "bone5",
				"parent": "bone104",
				"pivot": [1.9, 18.35, 2.9],
				"rotation": [5, 0, -3.5],
				"cubes": [
					{"origin": [1, 13.35, 3], "size": [1, 6.1, 1], "uv": [21, 18]}
				]
			},
			{
				"name": "bone6",
				"parent": "bone104",
				"pivot": [0.9, 18.35, 2.9],
				"rotation": [5, 0, -1.5],
				"cubes": [
					{"origin": [0, 12.95, 3], "size": [1, 6.5, 1], "uv": [21, 18]}
				]
			},
			{
				"name": "bone7",
				"parent": "bone104",
				"pivot": [-1.1, 18.35, 2.9],
				"rotation": [5, 0, 1],
				"cubes": [
					{"origin": [-1.00095, 12.90655, 2.9962], "size": [1, 6.5, 1], "uv": [21, 18]}
				]
			},
			{
				"name": "bone8",
				"parent": "bone104",
				"pivot": [-2.1, 18.35, 2.9],
				"rotation": [5, 0, 2],
				"cubes": [
					{"origin": [-2.00095, 13.10655, 2.9962], "size": [1, 6.3, 1], "uv": [21, 18]}
				]
			},
			{
				"name": "bone9",
				"parent": "bone104",
				"pivot": [-3.1, 18.35, 2.9],
				"rotation": [5, 0, 3],
				"cubes": [
					{"origin": [-3.00095, 13.40655, 2.9962], "size": [1, 6, 1], "uv": [21, 18]}
				]
			},
			{
				"name": "bone10",
				"parent": "bone104",
				"pivot": [-4.1, 18.35, 2.9],
				"rotation": [5, 0, 5],
				"cubes": [
					{"origin": [-4.00095, 13.80655, 2.9962], "size": [1, 5.6, 1], "uv": [21, 18]}
				]
			},
			{
				"name": "bone19",
				"parent": "bone104",
				"pivot": [3.9, 18.35, 2.9],
				"rotation": [4.5, 0, -5],
				"cubes": [
					{"origin": [2.99905, 13.80655, 1.9962], "size": [1, 5.6, 1], "uv": [21, 18]}
				]
			},
			{
				"name": "bone20",
				"parent": "bone104",
				"pivot": [3.9, 18.35, 1.9],
				"rotation": [4.5, 0, -5],
				"cubes": [
					{"origin": [2.99905, 13.80655, 0.9962], "size": [1, 5.6, 1], "uv": [21, 18]}
				]
			},
			{
				"name": "bone12",
				"parent": "bone104",
				"pivot": [-4.1, 18.35, 2.9],
				"rotation": [4.5, 0, 5],
				"cubes": [
					{"origin": [-4.00095, 14.10655, 1.9962], "size": [1, 5.3, 1], "uv": [21, 18]}
				]
			},
			{
				"name": "bone13",
				"parent": "bone104",
				"pivot": [-4.1, 18.35, 1.9],
				"rotation": [3.5, 0, 5],
				"cubes": [
					{"origin": [-4.00095, 14.50655, 0.9962], "size": [1, 4.9, 1], "uv": [21, 18]}
				]
			},
			{
				"name": "bone25",
				"parent": "head",
				"pivot": [0, 18.45, 0]
			},
			{
				"name": "armRight",
				"pivot": [-3, 16.9, 0],
				"rotation": [0, 0, 25],
				"cubes": [
					{"origin": [-5.01571, 8.49979, -1], "size": [2, 9, 2], "uv": [2, 18]},
					{"origin": [-5.06571, 9.59979, -1.05], "size": [2.1, 0.7, 2.1], "uv": [2, 18]},
					{"origin": [-5.11571, 10.29979, -1.1], "size": [2.2, 7.3, 2.2], "uv": [66, 2]}
				]
			},
			{
				"name": "armLeft",
				"pivot": [3, 16.9, 0],
				"rotation": [0, 0, -25],
				"cubes": [
					{"origin": [3.01571, 8.49979, -1], "size": [2, 9, 2], "uv": [2, 30]},
					{"origin": [2.96571, 9.59979, -1.05], "size": [2.1, 0.7, 2.1], "uv": [4, 22]},
					{"origin": [2.91571, 10.29979, -1.1], "size": [2.2, 7.3, 2.2], "uv": [82, 4]}
				]
			},
			{
				"name": "body",
				"pivot": [0, 10.5, 0],
				"cubes": [
					{"origin": [-1.5, 17.249, -1.5], "size": [3, 2.3, 3], "uv": [1, 33]},
					{"origin": [-1.6, 17.249, -1.6], "size": [3.2, 1.2, 3.2], "uv": [3, 19]}
				]
			},
			{
				"name": "xiongqiang",
				"parent": "body",
				"pivot": [0, 10.5, 0],
				"cubes": [
					{"origin": [-2.75, 13.249, -3], "size": [5.5, 4.75, 5.5], "uv": [6, 76]},
					{"origin": [-2.75, 17.999, -3.1], "size": [1, 0.05, 6.2], "uv": [7, 48]},
					{"origin": [1.75, 17.999, -3.1], "size": [1, 0.05, 6.2], "uv": [7, 48]}
				]
			},
			{
				"name": "bone29",
				"parent": "xiongqiang",
				"pivot": [0, 11.65, -3],
				"rotation": [14.5, 0, 0],
				"cubes": [
					{"origin": [-2.65, 10.80197, -2.99597], "size": [5.3, 4.65, 1], "uv": [7, 48]}
				]
			},
			{
				"name": "bone30",
				"parent": "bone29",
				"pivot": [-2.5, 17.95297, 0.00403],
				"rotation": [0, 0, -2.5],
				"cubes": [
					{"origin": [-3, 10.80197, -2.99597], "size": [0.2, 4.65, 4.3], "uv": [7, 48]}
				]
			},
			{
				"name": "bone31",
				"parent": "bone29",
				"pivot": [2.5, 17.95297, 0.00403],
				"rotation": [0, 0, 2.5],
				"cubes": [
					{"origin": [2.8, 10.80197, -2.99597], "size": [0.2, 4.65, 5.3], "uv": [7, 48]}
				]
			},
			{
				"name": "bone28",
				"parent": "xiongqiang",
				"pivot": [0, 18, -3],
				"rotation": [-20, 0, 0],
				"cubes": [
					{"origin": [-2.75, 15.149, -3], "size": [5.5, 2.85, 1], "uv": [11, 86]}
				]
			},
			{
				"name": "bone32",
				"parent": "bone28",
				"pivot": [2.5, 18, -2.8],
				"rotation": [0, -2.5, 2.5],
				"cubes": [
					{"origin": [2.5, 15.149, -3], "size": [0.5, 2.85, 5.9], "uv": [9, 80]}
				]
			},
			{
				"name": "bone33",
				"parent": "bone28",
				"pivot": [-2.5, 18, -3],
				"rotation": [0, 2.5, -2.5],
				"cubes": [
					{"origin": [-3, 15.149, -3], "size": [0.5, 2.85, 5.95], "uv": [17, 78]}
				]
			},
			{
				"name": "bone34",
				"parent": "xiongqiang",
				"pivot": [0, 18, 3],
				"rotation": [-2.5, 0, 0],
				"cubes": [
					{"origin": [-2.65, 11.549, 2.5], "size": [5.3, 6.45, 0.5], "uv": [21, 80]}
				]
			},
			{
				"name": "bone26",
				"parent": "xiongqiang",
				"pivot": [-2.5, 18, 0],
				"rotation": [0, 0, -2.5],
				"cubes": [
					{"origin": [-3, 13.249, -2.95], "size": [0.5, 4.75, 5.7], "uv": [12, 78]}
				]
			},
			{
				"name": "bone35",
				"parent": "bone26",
				"pivot": [0, 18, 3],
				"rotation": [-2.5, 0, 0],
				"cubes": [
					{"origin": [-3, 13.249, 2.5], "size": [0.5, 4.75, 0.5], "uv": [16, 90]}
				]
			},
			{
				"name": "bone27",
				"parent": "xiongqiang",
				"pivot": [2.5, 18, 0],
				"rotation": [0, 0, 2.5],
				"cubes": [
					{"origin": [2.5, 13.249, -2.85], "size": [0.5, 4.75, 5.6], "uv": [8, 78]}
				]
			},
			{
				"name": "bone36",
				"parent": "bone27",
				"pivot": [0, 18, 3],
				"rotation": [-2.5, 0, 0],
				"cubes": [
					{"origin": [2.49477, 13.48868, 2.48954], "size": [0.5, 4.5, 0.5], "uv": [19, 86]}
				]
			},
			{
				"name": "waiyi",
				"parent": "xiongqiang",
				"pivot": [0, 10.5, 0]
			},
			{
				"name": "bone37",
				"parent": "waiyi",
				"pivot": [0, 11.65, -3],
				"rotation": [14.5, 0, 0],
				"cubes": [
					{"origin": [-2.65, 10.80197, -3.09597], "size": [1.9, 4.7, 0.1], "uv": [7, 48]},
					{"origin": [0.75, 10.80197, -3.09597], "size": [1.9, 4.7, 0.1], "uv": [7, 48]},
					{"origin": [-0.75, 10.80197, -3.05], "size": [1.5, 4.65, 0.05], "uv": [7, 75]}
				]
			},
			{
				"name": "bone38",
				"parent": "bone37",
				"pivot": [-2.5, 17.95297, 0.00403],
				"rotation": [0, 0, -2.5],
				"cubes": [
					{"origin": [-3.1, 10.80197, -3.09], "size": [0.4, 4.7, 0.1], "uv": [7, 48]}
				]
			},
			{
				"name": "bone39",
				"parent": "bone37",
				"pivot": [2.5, 17.95297, 0.00403],
				"rotation": [0, 0, 2.5],
				"cubes": [
					{"origin": [2.7, 10.80197, -3.09], "size": [0.45, 4.7, 0.05], "uv": [7, 48]}
				]
			},
			{
				"name": "bone40",
				"parent": "waiyi",
				"pivot": [0, 18, -3],
				"rotation": [-20, 0, 0],
				"cubes": [
					{"origin": [0.75, 15.149, -3.1], "size": [2, 1.55, 0.1], "uv": [7, 48]},
					{"origin": [1.75, 16.649, -3.1], "size": [1, 1.35, 0.1], "uv": [7, 48]},
					{"origin": [-2.75, 16.649, -3.1], "size": [1, 1.35, 0.1], "uv": [7, 48]},
					{"origin": [-0.75, 15.149, -3.05], "size": [1.5, 1.55, 0.05], "uv": [10, 78]},
					{"origin": [-2.75, 15.149, -3.1], "size": [2, 1.55, 0.1], "uv": [7, 48]},
					{"origin": [-1.75, 16.699, -3.2], "size": [1, 0.1, 0.2], "uv": [7, 48]},
					{"origin": [0.75, 16.699, -3.2], "size": [1, 0.1, 0.2], "uv": [7, 48]}
				]
			},
			{
				"name": "bone112",
				"parent": "bone40",
				"pivot": [0.8, 16.7, -3.2],
				"rotation": [-177.5, -2.5, 177.5],
				"cubes": [
					{"origin": [-1.95, 16.499, -3.3], "size": [2.8, 0.2, 0.1], "uv": [7, 48]},
					{"origin": [-1.65, 15.699, -3.298], "size": [1, 0.8, 0.1], "uv": [7, 48]}
				]
			},
			{
				"name": "bone115",
				"parent": "bone112",
				"pivot": [-1.9, 16.6, -3.3],
				"rotation": [0, 0, -12.5],
				"cubes": [
					{"origin": [-1.95, 14.999, -3.3], "size": [0.3, 1.7, 0.1], "uv": [7, 48]}
				]
			},
			{
				"name": "bone113",
				"parent": "bone112",
				"pivot": [0.8, 16.7, -3.2],
				"rotation": [0, 0, -31.5],
				"cubes": [
					{"origin": [-1.85, 16.499, -3.3], "size": [2.6, 0.3, 0.1], "uv": [7, 48]},
					{"origin": [-1.75, 16.799, -3.3], "size": [2, 0.3, 0.1], "uv": [7, 48]},
					{"origin": [-1.55, 16.799, -3.3], "size": [1.3, 0.5, 0.09], "uv": [7, 48]}
				]
			},
			{
				"name": "bone123",
				"parent": "bone40",
				"pivot": [-0.8, 16.7, -3.1],
				"rotation": [0, -2.5, 2.5],
				"cubes": [
					{"origin": [-3.55, 16.499, -3.2], "size": [2.8, 0.2, 0.1], "uv": [7, 48]},
					{"origin": [-3.25, 15.699, -3.198], "size": [1, 0.8, 0.1], "uv": [7, 48]}
				]
			},
			{
				"name": "bone124",
				"parent": "bone123",
				"pivot": [-3.5, 16.6, -3.2],
				"rotation": [0, 0, -12.5],
				"cubes": [
					{"origin": [-3.55, 14.999, -3.2], "size": [0.3, 1.7, 0.1], "uv": [7, 48]}
				]
			},
			{
				"name": "bone125",
				"parent": "bone123",
				"pivot": [-0.8, 16.7, -3.1],
				"rotation": [0, 0, -31.5],
				"cubes": [
					{"origin": [-3.45, 16.499, -3.2], "size": [2.6, 0.3, 0.1], "uv": [7, 48]},
					{"origin": [-3.35, 16.799, -3.2], "size": [2, 0.3, 0.1], "uv": [7, 48]},
					{"origin": [-3.15, 16.799, -3.199], "size": [1.3, 0.5, 0.99], "uv": [7, 48]}
				]
			},
			{
				"name": "bone41",
				"parent": "bone40",
				"pivot": [2.5, 18, -2.8],
				"rotation": [0, -2.5, 2.5],
				"cubes": [
					{"origin": [2.7, 15.149, -3.105], "size": [0.45, 1.55, 0.1], "uv": [7, 48]}
				]
			},
			{
				"name": "bone42",
				"parent": "bone40",
				"pivot": [-2.5, 18, -3],
				"rotation": [0, 2.5, -2.5],
				"cubes": [
					{"origin": [-3.1, 15.149, -3.1], "size": [0.4, 1.55, 0.1], "uv": [7, 48]}
				]
			},
			{
				"name": "bone43",
				"parent": "waiyi",
				"pivot": [0, 16.6, 3],
				"rotation": [-2.5, 0, 0],
				"cubes": [
					{"origin": [-2.65, 10.349, 3], "size": [5.3, 6.45, 0.1], "uv": [7, 48]},
					{"origin": [-3, 12.849, 3.2], "size": [5.95, 3.95, 0.1], "uv": [7, 48]},
					{"origin": [1.75, 16.749, 3], "size": [1, 1.35, 0.1], "uv": [7, 48]},
					{"origin": [-2.75, 16.749, 3], "size": [1, 1.35, 0.1], "uv": [7, 48]}
				]
			},
			{
				"name": "bone108",
				"parent": "bone43",
				"pivot": [-5.4, 16.8, 1.5],
				"rotation": [0, 0, 2.5],
				"cubes": [
					{"origin": [-5.39968, 14.25119, -1.6], "size": [0.1, 2.55, 3.1], "uv": [7, 48]}
				]
			},
			{
				"name": "bone110",
				"parent": "bone108",
				"pivot": [-5.29968, 16.80219, -1.6],
				"rotation": [0, -40, 0],
				"cubes": [
					{"origin": [-5.39968, 15.05119, -4.3], "size": [0.1, 1.75, 2.75], "uv": [7, 48]},
					{"origin": [-5.39968, 14.75119, -3.1], "size": [0.1, 0.3, 1.55], "uv": [7, 48]},
					{"origin": [-5.39968, 14.25119, -1.8], "size": [0.1, 0.75, 0.25], "uv": [7, 48]}
				]
			},
			{
				"name": "bone114",
				"parent": "bone110",
				"pivot": [-5.99968, 17.10219, -4.3],
				"rotation": [-20, 0, 0],
				"cubes": [
					{"origin": [-5.39968, 15.45119, -4.3], "size": [0.1, 1.35, 0.55], "uv": [7, 48]}
				]
			},
			{
				"name": "bone111",
				"parent": "bone110",
				"pivot": [-5.19968, 14.20219, -1.6],
				"rotation": [75, 0, 0],
				"cubes": [
					{"origin": [-5.37968, 14.35119, -1.53572], "size": [0.1, 3.35, 0.4], "uv": [7, 48]}
				]
			},
			{
				"name": "bone106",
				"parent": "bone43",
				"pivot": [-3, 16.4, 3.2],
				"rotation": [0, -35, 0],
				"cubes": [
					{"origin": [-4.2028, 13.249, 3.17881], "size": [0.75, 3.55, 0.1], "uv": [7, 48]},
					{"origin": [-3.5028, 12.849, 3.17881], "size": [0.55, 3.95, 0.1], "uv": [7, 48]},
					{"origin": [-5.4328, 14.249, 3.17881], "size": [1.25, 2.55, 0.1], "uv": [7, 48]},
					{"origin": [-5.9828, 14.349, 3.17881], "size": [0.1, 0.65, 0.05], "uv": [7, 48]}
				]
			},
			{
				"name": "bone107",
				"parent": "bone106",
				"pivot": [-2.96594, 12.50853, 3.15567],
				"rotation": [0, 0, -60],
				"cubes": [
					{"origin": [-2.95254, 13.15753, 3.16547], "size": [1.2, 2.905, 0.1], "uv": [7, 48]}
				]
			},
			{
				"name": "bone109",
				"parent": "bone106",
				"pivot": [-5.3328, 16.8, 3.27881],
				"rotation": [0, -5, 0],
				"cubes": [
					{"origin": [-5.9328, 14.249, 3.17881], "size": [0.55, 2.55, 0.1], "uv": [7, 48]}
				]
			},
			{
				"name": "bone116",
				"parent": "bone43",
				"pivot": [3, 16.4, 3.2],
				"rotation": [0, -145, 0],
				"cubes": [
					{"origin": [1.7972, 13.249, 3.17881], "size": [0.75, 3.55, 0.1], "uv": [7, 48]},
					{"origin": [2.4972, 12.849, 3.17881], "size": [0.55, 3.95, 0.1], "uv": [7, 48]},
					{"origin": [0.5672, 14.249, 3.17881], "size": [1.25, 2.55, 0.1], "uv": [7, 48]},
					{"origin": [0.0172, 14.349, 3.17881], "size": [0.1, 0.65, 0.05], "uv": [7, 48]}
				]
			},
			{
				"name": "bone117",
				"parent": "bone116",
				"pivot": [3.03406, 12.50853, 3.15567],
				"rotation": [0, 0, -60],
				"cubes": [
					{"origin": [3.04746, 13.15753, 3.16547], "size": [1.2, 2.905, 0.1], "uv": [7, 48]}
				]
			},
			{
				"name": "bone118",
				"parent": "bone116",
				"pivot": [0.6672, 16.8, 3.27881],
				"rotation": [0, -5, 0],
				"cubes": [
					{"origin": [0.0672, 14.249, 3.17881], "size": [0.55, 2.55, 0.1], "uv": [7, 48]}
				]
			},
			{
				"name": "bone119",
				"parent": "bone43",
				"pivot": [5.6, 16.8, 1.5],
				"rotation": [0, 0, -2.5],
				"cubes": [
					{"origin": [5.30032, 14.25119, -1.6], "size": [0.1, 2.55, 3.1], "uv": [7, 48]}
				]
			},
			{
				"name": "bone120",
				"parent": "bone119",
				"pivot": [5.30032, 16.80219, -1.6],
				"rotation": [0, 40, 0],
				"cubes": [
					{"origin": [5.20032, 15.05119, -4.3], "size": [0.1, 1.75, 2.75], "uv": [7, 48]},
					{"origin": [5.20032, 14.75119, -3.1], "size": [0.1, 0.3, 1.55], "uv": [7, 48]},
					{"origin": [5.20032, 14.25119, -1.8], "size": [0.1, 0.75, 0.25], "uv": [7, 48]}
				]
			},
			{
				"name": "bone121",
				"parent": "bone120",
				"pivot": [4.60032, 17.10219, -4.3],
				"rotation": [-20, 0, 0],
				"cubes": [
					{"origin": [5.20032, 15.45119, -4.3], "size": [0.1, 1.35, 0.55], "uv": [7, 48]}
				]
			},
			{
				"name": "bone122",
				"parent": "bone120",
				"pivot": [5.40032, 14.20219, -1.6],
				"rotation": [75, 0, 0],
				"cubes": [
					{"origin": [5.22032, 14.35119, -1.53572], "size": [0.1, 3.35, 0.4], "uv": [7, 48]}
				]
			},
			{
				"name": "bone44",
				"parent": "waiyi",
				"pivot": [-2.75, 15.3, -3.25],
				"rotation": [0, 0, -2.5],
				"cubes": [
					{"origin": [-2.99, 9.83667, -2.95], "size": [0.1, 6.95, 5.6], "uv": [7, 48]}
				]
			},
			{
				"name": "bone45",
				"parent": "bone44",
				"pivot": [0.08264, 16.78729, 3],
				"rotation": [-2.5, 0, 0],
				"cubes": [
					{"origin": [-3, 11.53667, 2.5], "size": [0.1, 5.25, 0.5], "uv": [7, 48]}
				]
			},
			{
				"name": "bone46",
				"parent": "waiyi",
				"pivot": [2.5, 18, 0],
				"rotation": [0, 0, 2.5]
			},
			{
				"name": "bone47",
				"parent": "bone46",
				"pivot": [0, 18, 3],
				"rotation": [-2.5, 0, 0],
				"cubes": [
					{"origin": [2.49477, 10.08868, 3.06], "size": [0.6, 6.7, 0.1], "uv": [7, 48]}
				]
			},
			{
				"name": "bone48",
				"parent": "waiyi",
				"pivot": [-2.5, 18, 0],
				"rotation": [0, 0, -2.5]
			},
			{
				"name": "bone49",
				"parent": "bone48",
				"pivot": [0, 18, 3],
				"rotation": [-2.5, 0, 0],
				"cubes": [
					{"origin": [-3.1, 10.249, 2.75], "size": [0.6, 6.55, 0.4], "uv": [7, 48]}
				]
			},
			{
				"name": "bone50",
				"parent": "waiyi",
				"pivot": [2.5, 18, 0],
				"rotation": [0, 0, 2.5],
				"cubes": [
					{"origin": [3, 9.549, -2.85], "size": [0.1, 7.25, 5.6], "uv": [7, 48]}
				]
			},
			{
				"name": "bone51",
				"parent": "bone50",
				"pivot": [-0.04798, 17.99895, 3],
				"rotation": [-2.5, 0, 0],
				"cubes": [
					{"origin": [2.999, 11.78868, 2.48954], "size": [0.1, 5, 0.6], "uv": [7, 48]}
				]
			},
			{
				"name": "bone52",
				"parent": "waiyi",
				"pivot": [0, 18, -3],
				"rotation": [-20, 0, 0]
			},
			{
				"name": "bone55",
				"parent": "bone52",
				"pivot": [0, 16.7, -3],
				"rotation": [17.5, 0, 0]
			},
			{
				"name": "bone56",
				"parent": "bone55",
				"pivot": [-3, 16.7, -3.1],
				"rotation": [0, 0, -3.5],
				"cubes": [
					{"origin": [-3.06, 15.149, -3], "size": [0.11, 1.55, 1], "uv": [7, 48]}
				]
			},
			{
				"name": "bone57",
				"parent": "bone55",
				"pivot": [2.9, 16.7, -3.1],
				"rotation": [0, 0, 3.5],
				"cubes": [
					{"origin": [2.96, 15.149, -3], "size": [0.1, 1.55, 1], "uv": [7, 48]}
				]
			},
			{
				"name": "bone53",
				"parent": "bone52",
				"pivot": [2.5, 18, -2.8],
				"rotation": [0, -2.5, 2.5],
				"cubes": [
					{"origin": [3.01, 15.149, -3], "size": [0.1, 1.55, 5.9], "uv": [7, 48]}
				]
			},
			{
				"name": "bone54",
				"parent": "bone52",
				"pivot": [-2.5, 18, -3],
				"rotation": [0, 2.5, -2.5],
				"cubes": [
					{"origin": [-3.11, 15.149, -3], "size": [0.11, 1.55, 5.95], "uv": [7, 48]}
				]
			},
			{
				"name": "bone58",
				"parent": "waiyi",
				"pivot": [0, 11.65, -3],
				"rotation": [14.5, 0, 0]
			},
			{
				"name": "bone59",
				"parent": "bone58",
				"pivot": [-2.5, 17.95297, 0.00403],
				"rotation": [0, 0, -2.5],
				"cubes": [
					{"origin": [-3.1, 10.70197, -2.99597], "size": [0.1, 4.75, 4.3], "uv": [7, 48]}
				]
			},
			{
				"name": "bone60",
				"parent": "bone58",
				"pivot": [2.5, 17.95297, 0.00403],
				"rotation": [0, 0, 2.5],
				"cubes": [
					{"origin": [3, 10.80197, -3.09597], "size": [0.1, 4.65, 5.4], "uv": [7, 48]}
				]
			},
			{
				"name": "yaozi",
				"parent": "body",
				"pivot": [0, 10.5, 0]
			},
			{
				"name": "bone95",
				"parent": "yaozi",
				"pivot": [0, 10, -3.1],
				"rotation": [5, 0, 0],
				"cubes": [
					{"origin": [-2.95, 10.049, -3.2], "size": [5.9, 1.3, 6.35], "uv": [38, 22]}
				]
			},
			{
				"name": "bone126",
				"parent": "bone95",
				"pivot": [-0.2, 11.3, -3.6],
				"rotation": [0, 0, 45],
				"cubes": [
					{"origin": [-0.15, 10.49042, -3.4], "size": [1, 1, 0.2], "uv": [38, 22]}
				]
			},
			{
				"name": "bone127",
				"parent": "bone126",
				"pivot": [0.2, 10.8, -3.2],
				"rotation": [-10, 0, 0]
			},
			{
				"name": "bone128",
				"parent": "bone127",
				"pivot": [0.2, 10.8, -3.3],
				"rotation": [-5, 0, -32.5],
				"cubes": [
					{"origin": [-0.07929, 8.61971, -3.3], "size": [0.7, 2, 0.1], "uv": [38, 22]}
				]
			},
			{
				"name": "bone129",
				"parent": "bone127",
				"pivot": [0.27687, 10.88087, -3.2131],
				"rotation": [-10, 10, -57.5],
				"cubes": [
					{"origin": [0.18038, 8.62222, -3.23426], "size": [0.7, 2, 0.1], "uv": [38, 22]}
				]
			},
			{
				"name": "zhuangshi",
				"parent": "body",
				"pivot": [0, 10.5, 0]
			},
			{
				"name": "bone96",
				"parent": "zhuangshi",
				"pivot": [0, 18, -3],
				"rotation": [-20, 0, 0],
				"cubes": [
					{"origin": [-0.55, 16.549, -3.1], "size": [1.1, 0.075, 0.1], "uv": [39, 48]},
					{"origin": [-0.55, 16.049, -3.1], "size": [1.1, 0.075, 0.1], "uv": [39, 48]},
					{"origin": [-0.55, 15.449, -3.1], "size": [1.1, 0.075, 0.1], "uv": [39, 48]},
					{"origin": [-0.48, 15.149, -3.1], "size": [0.03, 1.55, 0.1], "uv": [39, 48]},
					{"origin": [0.42, 15.149, -3.1], "size": [0.03, 1.55, 0.1], "uv": [39, 48]}
				]
			},
			{
				"name": "bone97",
				"parent": "zhuangshi",
				"pivot": [0, 11.65, -3],
				"rotation": [14.5, 0, 0],
				"cubes": [
					{"origin": [-0.47, 10.80197, -3.09597], "size": [0.02, 4.7, 0.1], "uv": [39, 48]},
					{"origin": [0.43, 10.80197, -3.09597], "size": [0.02, 4.7, 0.1], "uv": [39, 48]}
				]
			},
			{
				"name": "bone101",
				"parent": "bone97",
				"pivot": [0, 18, -2.8]
			},
			{
				"name": "bone102",
				"parent": "bone101",
				"pivot": [0, 15.5, -2.9],
				"rotation": [0, 0, -20],
				"cubes": [
					{"origin": [-1.05525, 14.16083, -3.17876], "size": [1.2, 0.075, 0.1], "uv": [39, 48]}
				]
			},
			{
				"name": "bone103",
				"parent": "bone101",
				"pivot": [0, 15.5, -2.9],
				"rotation": [0, 0, 20],
				"cubes": [
					{"origin": [-0.14475, 14.16083, -3.17876], "size": [1.2, 0.075, 0.1], "uv": [39, 48]}
				]
			},
			{
				"name": "bone100",
				"parent": "bone97",
				"pivot": [0, 17.5, -3]
			},
			{
				"name": "bone99",
				"parent": "bone100",
				"pivot": [0, 15, -3.1],
				"rotation": [0, 0, -20],
				"cubes": [
					{"origin": [-0.55, 15.049, -3.1], "size": [1.2, 0.075, 0.1], "uv": [39, 48]}
				]
			},
			{
				"name": "bone98",
				"parent": "bone100",
				"pivot": [0, 15, -3.1],
				"rotation": [0, 0, 20],
				"cubes": [
					{"origin": [-0.65, 15.049, -3.1], "size": [1.2, 0.075, 0.1], "uv": [39, 48]}
				]
			},
			{
				"name": "sittingRotationSkirt",
				"parent": "body",
				"pivot": [0, 10.3, 2.8]
			},
			{
				"name": "qunzi",
				"parent": "sittingRotationSkirt",
				"pivot": [0, 10.6, -0.1]
			},
			{
				"name": "bone61",
				"parent": "qunzi",
				"pivot": [0, 11.3, -0.1]
			},
			{
				"name": "bone62",
				"parent": "bone61",
				"pivot": [0, 0.8, -0.1]
			},
			{
				"name": "bone63",
				"parent": "bone62",
				"pivot": [0, 0.8, 4.37051],
				"rotation": [10, 0, 0],
				"cubes": [
					{"origin": [-2.5, 3.15782, 4.37051], "size": [5, 7.9, 0.05], "uv": [16, 82]}
				]
			},
			{
				"name": "bone64",
				"parent": "bone63",
				"pivot": [-2.5, 0.45782, 4.37051],
				"rotation": [0, 0, 9.85108],
				"cubes": [
					{"origin": [-4.5, 3.15782, 4.36951], "size": [2, 7.9, 0.05], "uv": [16, 82]}
				]
			},
			{
				"name": "bone65",
				"parent": "bone63",
				"pivot": [2.5, 0.45782, 4.37051],
				"rotation": [0, 0, -9.85108],
				"cubes": [
					{"origin": [2.5, 3.15782, 4.37151], "size": [2, 7.9, 0.05], "uv": [16, 82]}
				]
			},
			{
				"name": "bone66",
				"parent": "bone61",
				"pivot": [0, 0.8, -0.1],
				"rotation": [0, -90, 0]
			},
			{
				"name": "bone67",
				"parent": "bone66",
				"pivot": [0, 0.8, 4.37051],
				"rotation": [10, 0, 0],
				"cubes": [
					{"origin": [-2.5, 3.15782, 4.27051], "size": [5, 7.6, 0.1], "uv": [16, 82]}
				]
			},
			{
				"name": "bone68",
				"parent": "bone67",
				"pivot": [-2.5, 0.45782, 4.37051],
				"rotation": [0, 0, 9.85108],
				"cubes": [
					{"origin": [-4.6, 3.15782, 4.26951], "size": [2.1, 7.9, 0.1], "uv": [16, 82]}
				]
			},
			{
				"name": "bone69",
				"parent": "bone67",
				"pivot": [2.5, 0.45782, 4.37051],
				"rotation": [0, 0, -9.85108],
				"cubes": [
					{"origin": [2.5, 3.15782, 4.27151], "size": [2, 7.9, 0.1], "uv": [16, 82]}
				]
			},
			{
				"name": "bone70",
				"parent": "bone61",
				"pivot": [0, 0.8, -0.1],
				"rotation": [0, -180, 0]
			},
			{
				"name": "bone71",
				"parent": "bone70",
				"pivot": [0, 0.8, 4.37051],
				"rotation": [10, 0, 0],
				"cubes": [
					{"origin": [-2.5, 3.15782, 4.37051], "size": [5, 8, 0.15], "uv": [16, 82]},
					{"origin": [0.27, 3.15782, 4.47051], "size": [0.03, 8, 0.1], "uv": [42, 46]},
					{"origin": [-0.23, 3.15782, 4.47051], "size": [0.03, 8, 0.1], "uv": [42, 46]}
				]
			},
			{
				"name": "bone72",
				"parent": "bone71",
				"pivot": [-2.5, 0.45782, 4.37051],
				"rotation": [0, 0, 9.85108],
				"cubes": [
					{"origin": [-4.5, 3.15782, 4.36951], "size": [2, 7.9, 0.15], "uv": [16, 82]}
				]
			},
			{
				"name": "bone73",
				"parent": "bone71",
				"pivot": [2.5, 0.45782, 4.37051],
				"rotation": [0, 0, -9.85108],
				"cubes": [
					{"origin": [2.5, 3.15782, 4.37151], "size": [2, 8.2, 0.15], "uv": [16, 82]}
				]
			},
			{
				"name": "bone74",
				"parent": "bone61",
				"pivot": [0, 0.8, -0.1],
				"rotation": [0, -270, 0]
			},
			{
				"name": "bone75",
				"parent": "bone74",
				"pivot": [0, 0.8, 4.37051],
				"rotation": [10, 0, 0],
				"cubes": [
					{"origin": [-2.5, 3.15782, 4.27051], "size": [5, 7.9, 0.1], "uv": [16, 82]}
				]
			},
			{
				"name": "bone76",
				"parent": "bone75",
				"pivot": [-2.5, 0.45782, 4.37051],
				"rotation": [0, 0, 9.85108],
				"cubes": [
					{"origin": [-4.5, 3.15782, 4.26951], "size": [2, 7.9, 0.1], "uv": [16, 82]}
				]
			},
			{
				"name": "bone77",
				"parent": "bone75",
				"pivot": [2.5, 0.45782, 4.37051],
				"rotation": [0, 0, -9.85108],
				"cubes": [
					{"origin": [2.5, 3.15782, 4.27151], "size": [2.1, 7.9, 0.1], "uv": [16, 82]}
				]
			},
			{
				"name": "bone78",
				"parent": "qunzi",
				"pivot": [0, 11.5, -0.1]
			},
			{
				"name": "bone79",
				"parent": "bone78",
				"pivot": [0, 1, -0.1]
			},
			{
				"name": "bone80",
				"parent": "bone79",
				"pivot": [0, 1, 4.37051],
				"rotation": [10, 0, 0],
				"cubes": [
					{"origin": [-2.5, 3.35782, 4.37051], "size": [5, 7.9, 0.05], "uv": [12, 52]}
				]
			},
			{
				"name": "bone81",
				"parent": "bone80",
				"pivot": [-2.5, 0.65782, 4.37051],
				"rotation": [0, 0, 9.85108],
				"cubes": [
					{"origin": [-4.5, 3.35782, 4.36951], "size": [2, 7.9, 0.05], "uv": [12, 52]}
				]
			},
			{
				"name": "bone82",
				"parent": "bone80",
				"pivot": [2.5, 0.65782, 4.37051],
				"rotation": [0, 0, -9.85108],
				"cubes": [
					{"origin": [2.5, 3.35782, 4.37151], "size": [2, 7.9, 0.05], "uv": [12, 52]}
				]
			},
			{
				"name": "bone83",
				"parent": "bone78",
				"pivot": [0, 1, -0.1],
				"rotation": [0, -90, 0]
			},
			{
				"name": "bone84",
				"parent": "bone83",
				"pivot": [0, 1, 4.37051],
				"rotation": [10, 0, 0],
				"cubes": [
					{"origin": [-2.5, 3.35782, 4.27051], "size": [5, 7.6, 0.1], "uv": [12, 52]}
				]
			},
			{
				"name": "bone85",
				"parent": "bone84",
				"pivot": [-2.5, 0.65782, 4.37051],
				"rotation": [0, 0, 9.85108],
				"cubes": [
					{"origin": [-4.6, 3.35782, 4.26951], "size": [2.1, 7.9, 0.1], "uv": [12, 52]}
				]
			},
			{
				"name": "bone86",
				"parent": "bone84",
				"pivot": [2.5, 0.65782, 4.37051],
				"rotation": [0, 0, -9.85108],
				"cubes": [
					{"origin": [2.5, 3.35782, 4.27151], "size": [2, 7.9, 0.1], "uv": [12, 52]}
				]
			},
			{
				"name": "bone87",
				"parent": "bone78",
				"pivot": [0, 1, -0.1],
				"rotation": [0, -180, 0]
			},
			{
				"name": "bone88",
				"parent": "bone87",
				"pivot": [0, 1, 4.37051],
				"rotation": [10, 0, 0]
			},
			{
				"name": "bone89",
				"parent": "bone88",
				"pivot": [-2.5, 0.65782, 4.37051],
				"rotation": [0, 0, 9.85108],
				"cubes": [
					{"origin": [-4.5, 3.35782, 4.36951], "size": [2, 7.9, 0.15], "uv": [12, 52]}
				]
			},
			{
				"name": "bone90",
				"parent": "bone88",
				"pivot": [2.5, 0.65782, 4.37051],
				"rotation": [0, 0, -9.85108],
				"cubes": [
					{"origin": [2.5, 3.35782, 4.37151], "size": [2, 8, 0.15], "uv": [12, 52]}
				]
			},
			{
				"name": "bone91",
				"parent": "bone78",
				"pivot": [0, 1, -0.1],
				"rotation": [0, -270, 0]
			},
			{
				"name": "bone92",
				"parent": "bone91",
				"pivot": [0, 1, 4.37051],
				"rotation": [10, 0, 0],
				"cubes": [
					{"origin": [-2.5, 3.35782, 4.27051], "size": [5, 7.9, 0.1], "uv": [12, 52]}
				]
			},
			{
				"name": "bone93",
				"parent": "bone92",
				"pivot": [-2.5, 0.65782, 4.37051],
				"rotation": [0, 0, 9.85108],
				"cubes": [
					{"origin": [-4.5, 3.35782, 4.26951], "size": [2, 7.9, 0.1], "uv": [12, 52]}
				]
			},
			{
				"name": "bone94",
				"parent": "bone92",
				"pivot": [2.5, 0.65782, 4.37051],
				"rotation": [0, 0, -9.85108],
				"cubes": [
					{"origin": [2.5, 3.35782, 4.27151], "size": [2.1, 7.9, 0.1], "uv": [12, 52]}
				]
			},
			{
				"name": "legLeft",
				"pivot": [2, 9, 0],
				"cubes": [
					{"origin": [0.499, 0, -1.25], "size": [2.5, 9, 2.5], "uv": [0, 106]}
				]
			},
			{
				"name": "legRight",
				"pivot": [-2, 9, 0],
				"cubes": [
					{"origin": [-2.999, 0, -1.25], "size": [2.5, 9, 2.5], "uv": [0, 106]}
				]
			},
			{
				"name": "sasimonoShow",
				"pivot": [0, 0, 0]
			},
			{
				"name": "wingRight",
				"parent": "sasimonoShow",
				"pivot": [-0.5, 15, 3.75],
				"rotation": [0, -60, 0],
				"cubes": [
					{"origin": [-0.5, 3, 3.5], "size": [0, 24, 13], "uv": [50, 43]}
				]
			},
			{
				"name": "wingLeft",
				"parent": "sasimonoShow",
				"pivot": [0.5, 15, 3.25],
				"rotation": [0, 60, 0],
				"cubes": [
					{"origin": [0.5, 3, 3.5], "size": [0, 24, 13], "uv": [50, 43]}
				]
			}
		]
	}
}