{
	"format_version": "1.10.0",
	"geometry.model": {
		"texturewidth": 128,
		"textureheight": 128,
		"visible_bounds_width": 3,
		"visible_bounds_height": 2,
		"visible_bounds_offset": [0, 0, 0],
		"bones": [
			{
				"name": "head",
				"pivot": [0, 18.5, 0],
				"cubes": [
					{"origin": [-4, 18.5, -4], "size": [8, 8, 8], "uv": [0, 0]},
					{"origin": [-4.25, 18.25, -4.25], "size": [8.5, 8.5, 8.5], "uv": [32, 0]}
				]
			},
			{
				"name": "bone70",
				"parent": "head",
				"pivot": [0, 0.5, 0]
			},
			{
				"name": "bone71",
				"parent": "bone70",
				"pivot": [-4, 24.47574, 0],
				"rotation": [0, 0, 25],
				"cubes": [
					{"origin": [-5, 24.47574, -1], "size": [1, 2, 2], "uv": [0, 0]},
					{"origin": [-6.3, 24.57574, -0.7], "size": [1.4, 1.8, 1.5], "uv": [10, 6]}
				]
			},
			{
				"name": "bone72",
				"parent": "bone71",
				"pivot": [-6.4, 24.57574, 0],
				"rotation": [0, 0, -10],
				"cubes": [
					{"origin": [-6.1, 20.17574, -0.8], "size": [1.4, 6, 1.7], "uv": [20, 9]}
				]
			},
			{
				"name": "blink",
				"parent": "head",
				"pivot": [0, 18.5, 0],
				"cubes": [
					{"origin": [-4, 18.5, -4.001], "size": [8, 8, 0], "uv": [24, 0]}
				]
			},
			{
				"name": "armRight",
				"pivot": [-3, 17.5, 0],
				"rotation": [0, 0, 25]
			},
			{
				"name": "bone68",
				"parent": "armRight",
				"pivot": [0, 0, 0],
				"cubes": [
					{"origin": [-5, 8.5, -1], "size": [2, 9.2, 2], "uv": [14, 60]},
					{"origin": [-5.3, 15.5, -1.2], "size": [2.5, 2.4, 2.4], "uv": [15, 23]},
					{"origin": [-5.2, 10.8, -1.2], "size": [2.4, 4.7, 2.4], "uv": [11, 36]},
					{"origin": [-5.1, 10.2, -1.1], "size": [2.2, 0.6, 2.2], "uv": [14, 38]}
				]
			},
			{
				"name": "armLeft",
				"pivot": [3, 17.5, 0],
				"rotation": [0, 0, -25]
			},
			{
				"name": "bone69",
				"parent": "armLeft",
				"pivot": [0, 0, 0],
				"cubes": [
					{"origin": [3, 8.5, -1], "size": [2, 9.2, 2], "uv": [9, 62]},
					{"origin": [2.7, 15.5, -1.2], "size": [2.5, 2.4, 2.4], "uv": [16, 22]},
					{"origin": [2.8, 10.8, -1.2], "size": [2.4, 4.7, 2.4], "uv": [13, 34]},
					{"origin": [2.9, 10.2, -1.1], "size": [2.2, 0.6, 2.2], "uv": [13, 35]}
				]
			},
			{
				"name": "body",
				"pivot": [0, 10.5, 0]
			},
			{
				"name": "bone2",
				"parent": "body",
				"pivot": [0, 0, 0],
				"cubes": [
					{"origin": [-1.5, 15.299, -1.5], "size": [3, 3, 3], "uv": [12, 19]},
					{"origin": [-1.4, 15.299, -1.4], "size": [2.8, 4.7, 2.8], "uv": [11, 64]},
					{"origin": [-3, 12.299, -3], "size": [6, 3.05, 6], "uv": [2, 47]}
				]
			},
			{
				"name": "bone57",
				"parent": "bone2",
				"pivot": [4.4, 0, 0],
				"cubes": [
					{"origin": [-1.4, 15.299, 2.9], "size": [2.8, 2.5, 0.1], "uv": [13, 51]},
					{"origin": [-1.4, 15.299, -3], "size": [2.8, 0.5, 0.1], "uv": [13, 51]},
					{"origin": [-2.8, 15.299, -3], "size": [1.4, 2.8, 6], "uv": [13, 51]},
					{"origin": [-3, 15.299, -2.9], "size": [0.2, 2.7, 5.8], "uv": [9, 22]},
					{"origin": [2.8, 15.299, -2.9], "size": [0.2, 2.7, 5.8], "uv": [12, 20]},
					{"origin": [1.4, 15.299, -3], "size": [1.4, 2.8, 6], "uv": [13, 51]}
				]
			},
			{
				"name": "bone56",
				"parent": "bone2",
				"pivot": [0, 0, 0],
				"cubes": [
					{"origin": [-2.3, 15.299, -2.9], "size": [4.8, 0.8, 5.8], "uv": [9, 34]},
					{"origin": [-2.3, 16.099, -2.9], "size": [4.8, 1, 5.8], "uv": [7, 21]},
					{"origin": [-2.3, 17.099, -2.9], "size": [4.8, 0.9, 5.8], "uv": [8, 34]}
				]
			},
			{
				"name": "bone58",
				"parent": "bone2",
				"pivot": [0, 0, 0],
				"cubes": [
					{"origin": [-2.9, 11.999, -2.9], "size": [5.8, 0.3, 5.8], "uv": [3, 50]},
					{"origin": [-2.2, 11.999, -3], "size": [4.5, 0.3, 0.1], "uv": [9, 38]},
					{"origin": [-0.15, 11.999, -3.3], "size": [0.3, 0.3, 0.3], "uv": [20, 36]}
				]
			},
			{
				"name": "bone59",
				"parent": "bone58",
				"pivot": [0, 12.2, -3.1],
				"rotation": [-12.5, 0, 10],
				"cubes": [
					{"origin": [-0.1, 9.399, -3.1], "size": [0.2, 2.9, 0.1], "uv": [17, 36]}
				]
			},
			{
				"name": "bone61",
				"parent": "bone59",
				"pivot": [0, 12.27164, -2.90237],
				"rotation": [-12.5, 0, 12.5],
				"cubes": [
					{"origin": [-0.1, 10.67064, -3.00237], "size": [0.2, 1.65, 0.1], "uv": [17, 36]}
				]
			},
			{
				"name": "bone62",
				"parent": "bone61",
				"pivot": [0, 10.77164, -2.90237],
				"rotation": [7.5, 0, 0],
				"cubes": [
					{"origin": [-0.1, 10.67064, -3.00237], "size": [0.2, 1.55, 0.1], "uv": [17, 36]}
				]
			},
			{
				"name": "bone60",
				"parent": "bone58",
				"pivot": [0, 12.2, -3.1],
				"rotation": [-12.5, 0, -10],
				"cubes": [
					{"origin": [-0.1, 9.399, -3.1], "size": [0.2, 2.9, 0.1], "uv": [10, 39]}
				]
			},
			{
				"name": "bone63",
				"parent": "bone60",
				"pivot": [0, 12.27164, -2.90237],
				"rotation": [-12.5, 0, -12.5],
				"cubes": [
					{"origin": [-0.1, 10.67064, -3.00237], "size": [0.2, 1.65, 0.1], "uv": [10, 39]}
				]
			},
			{
				"name": "bone64",
				"parent": "bone63",
				"pivot": [0, 10.77164, -2.90237],
				"rotation": [7.5, 0, 0],
				"cubes": [
					{"origin": [-0.1, 10.67064, -3.00237], "size": [0.2, 1.55, 0.1], "uv": [10, 39]}
				]
			},
			{
				"name": "sittingRotationSkirt",
				"parent": "body",
				"pivot": [0, 12, 3],
				"cubes": [
					{"origin": [-3, 8.999, -3], "size": [6, 3, 6], "uv": [2, 47]}
				]
			},
			{
				"name": "bone65",
				"parent": "sittingRotationSkirt",
				"pivot": [0, 10.5, 0]
			},
			{
				"name": "bone",
				"parent": "bone65",
				"pivot": [0, 3.6, 0]
			},
			{
				"name": "bone3",
				"parent": "bone",
				"pivot": [0, 3.6, 0]
			},
			{
				"name": "bone4",
				"parent": "bone3",
				"pivot": [0, 3.6, 4.47051],
				"rotation": [10, 0, 0],
				"cubes": [
					{"origin": [-2.5, 4.70782, 4.37051], "size": [5, 7.15, 0.1], "uv": [9, 48]}
				]
			},
			{
				"name": "bone5",
				"parent": "bone4",
				"pivot": [-2.5, 3.25782, 4.47051],
				"rotation": [0, 0, 9.85108],
				"cubes": [
					{"origin": [-4.5, 4.70782, 4.36951], "size": [2, 7.15, 0.1], "uv": [9, 48]}
				]
			},
			{
				"name": "bone6",
				"parent": "bone4",
				"pivot": [2.5, 3.25782, 4.47051],
				"rotation": [0, 0, -9.85108],
				"cubes": [
					{"origin": [2.5, 4.70782, 4.37151], "size": [2, 7.15, 0.1], "uv": [9, 48]}
				]
			},
			{
				"name": "bone7",
				"parent": "bone",
				"pivot": [0, 3.6, 0],
				"rotation": [0, -90, 0]
			},
			{
				"name": "bone8",
				"parent": "bone7",
				"pivot": [0, 3.6, 4.47051],
				"rotation": [10, 0, 0],
				"cubes": [
					{"origin": [-2.5, 4.70782, 4.27051], "size": [5, 7.15, 0.2], "uv": [9, 48]}
				]
			},
			{
				"name": "bone9",
				"parent": "bone8",
				"pivot": [-2.5, 3.25782, 4.47051],
				"rotation": [0, 0, 9.85108],
				"cubes": [
					{"origin": [-4.5, 4.70782, 4.26951], "size": [2, 7.15, 0.2], "uv": [9, 48]}
				]
			},
			{
				"name": "bone10",
				"parent": "bone8",
				"pivot": [2.5, 3.25782, 4.47051],
				"rotation": [0, 0, -9.85108],
				"cubes": [
					{"origin": [2.5, 4.70782, 4.27151], "size": [2, 7.15, 0.2], "uv": [9, 48]}
				]
			},
			{
				"name": "bone11",
				"parent": "bone",
				"pivot": [0, 3.6, 0],
				"rotation": [0, -180, 0]
			},
			{
				"name": "bone12",
				"parent": "bone11",
				"pivot": [0, 3.6, 4.47051],
				"rotation": [10, 0, 0],
				"cubes": [
					{"origin": [-2.5, 4.70782, 4.37051], "size": [5, 7.15, 0.1], "uv": [9, 48]}
				]
			},
			{
				"name": "bone13",
				"parent": "bone12",
				"pivot": [-2.5, 3.25782, 4.47051],
				"rotation": [0, 0, 9.85108],
				"cubes": [
					{"origin": [-4.5, 4.70782, 4.36951], "size": [2, 7.15, 0.1], "uv": [9, 48]}
				]
			},
			{
				"name": "bone14",
				"parent": "bone12",
				"pivot": [2.5, 3.25782, 4.47051],
				"rotation": [0, 0, -9.85108],
				"cubes": [
					{"origin": [2.5, 4.70782, 4.37151], "size": [2, 7.15, 0.1], "uv": [9, 48]}
				]
			},
			{
				"name": "bone15",
				"parent": "bone",
				"pivot": [0, 3.6, 0],
				"rotation": [0, -270, 0]
			},
			{
				"name": "bone16",
				"parent": "bone15",
				"pivot": [0, 3.6, 4.47051],
				"rotation": [10, 0, 0],
				"cubes": [
					{"origin": [-2.5, 4.70782, 4.37051], "size": [5, 7.15, 0.1], "uv": [9, 48]}
				]
			},
			{
				"name": "bone17",
				"parent": "bone16",
				"pivot": [-2.5, 3.25782, 4.47051],
				"rotation": [0, 0, 9.85108],
				"cubes": [
					{"origin": [-4.5, 4.70782, 4.36951], "size": [2, 7.15, 0.1], "uv": [9, 48]}
				]
			},
			{
				"name": "bone18",
				"parent": "bone16",
				"pivot": [2.5, 3.25782, 4.47051],
				"rotation": [0, 0, -9.85108],
				"cubes": [
					{"origin": [2.5, 4.70782, 4.37151], "size": [2, 7.15, 0.1], "uv": [9, 48]}
				]
			},
			{
				"name": "bone19",
				"parent": "bone65",
				"pivot": [0, 5.5, 0]
			},
			{
				"name": "bone20",
				"parent": "bone19",
				"pivot": [0, -5, 0]
			},
			{
				"name": "bone21",
				"parent": "bone20",
				"pivot": [0, -5, 5.27792],
				"rotation": [15, 0, 0]
			},
			{
				"name": "bone22",
				"parent": "bone21",
				"pivot": [0, -5, 5.27792],
				"rotation": [0, -45, 0],
				"cubes": [
					{"origin": [-1, 4.3, 4.27792], "size": [2, 8.95, 2], "uv": [10, 33]}
				]
			},
			{
				"name": "bone23",
				"parent": "bone19",
				"pivot": [0, -5, 0],
				"rotation": [0, -30, 0]
			},
			{
				"name": "bone24",
				"parent": "bone23",
				"pivot": [0, -5, 5.27792],
				"rotation": [15, 0, 0]
			},
			{
				"name": "bone25",
				"parent": "bone24",
				"pivot": [0, -5, 5.27792],
				"rotation": [0, -45, 0],
				"cubes": [
					{"origin": [-1, 4.3, 4.27792], "size": [2, 8.95, 2], "uv": [10, 33]}
				]
			},
			{
				"name": "bone26",
				"parent": "bone19",
				"pivot": [0, -5, 0],
				"rotation": [0, -60, 0]
			},
			{
				"name": "bone27",
				"parent": "bone26",
				"pivot": [0, -5, 5.27792],
				"rotation": [15, 0, 0]
			},
			{
				"name": "bone28",
				"parent": "bone27",
				"pivot": [0, -5, 5.27792],
				"rotation": [0, -45, 0],
				"cubes": [
					{"origin": [-1, 4.3, 4.27792], "size": [2, 8.95, 2], "uv": [10, 33]}
				]
			},
			{
				"name": "bone29",
				"parent": "bone19",
				"pivot": [0, -5, 0],
				"rotation": [0, -90, 0]
			},
			{
				"name": "bone30",
				"parent": "bone29",
				"pivot": [0, -5, 5.27792],
				"rotation": [15, 0, 0]
			},
			{
				"name": "bone31",
				"parent": "bone30",
				"pivot": [0, -5, 5.27792],
				"rotation": [0, -45, 0],
				"cubes": [
					{"origin": [-1, 4.3, 4.27792], "size": [2, 8.95, 2], "uv": [10, 33]}
				]
			},
			{
				"name": "bone32",
				"parent": "bone19",
				"pivot": [0, -5, 0],
				"rotation": [0, -120, 0]
			},
			{
				"name": "bone33",
				"parent": "bone32",
				"pivot": [0, -5, 5.27792],
				"rotation": [15, 0, 0]
			},
			{
				"name": "bone34",
				"parent": "bone33",
				"pivot": [0, -5, 5.27792],
				"rotation": [0, -45, 0],
				"cubes": [
					{"origin": [-1, 4.3, 4.27792], "size": [2, 8.95, 2], "uv": [10, 33]}
				]
			},
			{
				"name": "bone35",
				"parent": "bone19",
				"pivot": [0, -5, 0],
				"rotation": [0, -150, 0]
			},
			{
				"name": "bone36",
				"parent": "bone35",
				"pivot": [0, -5, 5.27792],
				"rotation": [15, 0, 0]
			},
			{
				"name": "bone37",
				"parent": "bone36",
				"pivot": [0, -5, 5.27792],
				"rotation": [0, -45, 0],
				"cubes": [
					{"origin": [-1, 4.3, 4.27792], "size": [2, 8.95, 2], "uv": [10, 33]}
				]
			},
			{
				"name": "bone38",
				"parent": "bone19",
				"pivot": [0, -5, 0],
				"rotation": [0, -180, 0]
			},
			{
				"name": "bone39",
				"parent": "bone38",
				"pivot": [0, -5, 5.27792],
				"rotation": [15, 0, 0]
			},
			{
				"name": "bone40",
				"parent": "bone39",
				"pivot": [0, -5, 5.27792],
				"rotation": [0, -45, 0],
				"cubes": [
					{"origin": [-1, 4.3, 4.27792], "size": [2, 8.95, 2], "uv": [10, 33]}
				]
			},
			{
				"name": "bone41",
				"parent": "bone19",
				"pivot": [0, -5, 0],
				"rotation": [0, -210, 0]
			},
			{
				"name": "bone42",
				"parent": "bone41",
				"pivot": [0, -5, 5.27792],
				"rotation": [15, 0, 0]
			},
			{
				"name": "bone43",
				"parent": "bone42",
				"pivot": [0, -5, 5.27792],
				"rotation": [0, -45, 0],
				"cubes": [
					{"origin": [-1, 4.3, 4.27792], "size": [2, 8.95, 2], "uv": [10, 33]}
				]
			},
			{
				"name": "bone44",
				"parent": "bone19",
				"pivot": [0, -5, 0],
				"rotation": [0, -240, 0]
			},
			{
				"name": "bone45",
				"parent": "bone44",
				"pivot": [0, -5, 5.27792],
				"rotation": [15, 0, 0]
			},
			{
				"name": "bone46",
				"parent": "bone45",
				"pivot": [0, -5, 5.27792],
				"rotation": [0, -45, 0],
				"cubes": [
					{"origin": [-1, 4.3, 4.27792], "size": [2, 8.95, 2], "uv": [10, 33]}
				]
			},
			{
				"name": "bone47",
				"parent": "bone19",
				"pivot": [0, -5, 0],
				"rotation": [0, -270, 0]
			},
			{
				"name": "bone48",
				"parent": "bone47",
				"pivot": [0, -5, 5.27792],
				"rotation": [15, 0, 0]
			},
			{
				"name": "bone49",
				"parent": "bone48",
				"pivot": [0, -5, 5.27792],
				"rotation": [0, -45, 0],
				"cubes": [
					{"origin": [-1, 4.3, 4.27792], "size": [2, 8.95, 2], "uv": [10, 33]}
				]
			},
			{
				"name": "bone50",
				"parent": "bone19",
				"pivot": [0, -5, 0],
				"rotation": [0, -300, 0]
			},
			{
				"name": "bone51",
				"parent": "bone50",
				"pivot": [0, -5, 5.27792],
				"rotation": [15, 0, 0]
			},
			{
				"name": "bone52",
				"parent": "bone51",
				"pivot": [0, -5, 5.27792],
				"rotation": [0, -45, 0],
				"cubes": [
					{"origin": [-1, 4.3, 4.27792], "size": [2, 8.95, 2], "uv": [10, 33]}
				]
			},
			{
				"name": "bone53",
				"parent": "bone19",
				"pivot": [0, -5, 0],
				"rotation": [0, -330, 0]
			},
			{
				"name": "bone54",
				"parent": "bone53",
				"pivot": [0, -5, 5.27792],
				"rotation": [15, 0, 0]
			},
			{
				"name": "bone55",
				"parent": "bone54",
				"pivot": [0, -5, 5.27792],
				"rotation": [0, -45, 0],
				"cubes": [
					{"origin": [-1, 4.3, 4.27792], "size": [2, 8.95, 2], "uv": [10, 33]}
				]
			},
			{
				"name": "legLeft",
				"pivot": [1.75, 9, 0]
			},
			{
				"name": "bone66",
				"parent": "legLeft",
				"pivot": [0, 0, 0],
				"cubes": [
					{"origin": [0.499, 0.1, -1.25], "size": [2.5, 8.9, 2.5], "uv": [8, 63]},
					{"origin": [0.399, 0, -1.85], "size": [2.7, 0.9, 3.2], "uv": [8, 83]},
					{"origin": [0.399, 0.9, -1.35], "size": [2.7, 1.7, 2.7], "uv": [15, 100]}
				]
			},
			{
				"name": "legRight",
				"pivot": [-1.75, 9, 0]
			},
			{
				"name": "bone67",
				"parent": "legRight",
				"pivot": [-3.5, 0, 0],
				"cubes": [
					{"origin": [-3.001, 0.1, -1.25], "size": [2.5, 8.9, 2.5], "uv": [4, 64]},
					{"origin": [-3.101, 0, -1.85], "size": [2.7, 0.9, 3.2], "uv": [8, 85]},
					{"origin": [-3.101, 0.9, -1.35], "size": [2.7, 1.7, 2.7], "uv": [7, 100]}
				]
			}
		]
	}
}