{
	"format_version": "1.10.0",
	"geometry.model": {
		"texturewidth": 128,
		"textureheight": 128,
		"visible_bounds_width": 3,
		"visible_bounds_height": 2,
		"visible_bounds_offset": [0, 0, 0],
		"bones": [
			{
				"name": "head",
				"pivot": [0, 18, 0],
				"cubes": [
					{"origin": [-4, 18.5, -4], "size": [8, 8, 8], "uv": [64, 20]},
					{"origin": [-4.25, 18.25, -4.25], "size": [8.5, 8.5, 8.5], "uv": [96, 20]}
				]
			},
			{
				"name": "blink",
				"parent": "head",
				"pivot": [0, 18, 0],
				"cubes": [
					{"origin": [-4, 18.5, -4.001], "size": [8, 8, 0], "uv": [88, 20]}
				]
			},
			{
				"name": "mawei",
				"parent": "head",
				"pivot": [1, 25.5, 4]
			},
			{
				"name": "jie",
				"parent": "mawei",
				"pivot": [4.3, 26.8, 0],
				"rotation": [-45, 0, 0],
				"cubes": [
					{"origin": [4, 25.5, 0], "size": [0.5, 1.5, 1.5], "uv": [45, 56]},
					{"origin": [4, 27, 1.5], "size": [0.5, 0.05, 1.2], "uv": [41, 58]},
					{"origin": [4, 24.4, 0], "size": [0.5, 1.1, 0.05], "uv": [44, 59]}
				]
			},
			{
				"name": "bone215",
				"parent": "jie",
				"pivot": [3.2, 25.98492, 0.01508],
				"rotation": [0, -55, 55],
				"cubes": [
					{"origin": [3.25835, 26.77894, -0.95185], "size": [7.5, 1.5, 1.5], "uv": [84, 32]}
				]
			},
			{
				"name": "bone212",
				"parent": "jie",
				"pivot": [4.5, 25.5, 0],
				"rotation": [22.5, 0, 0],
				"cubes": [
					{"origin": [4, 23.5, 0], "size": [0.5, 2, 0.05], "uv": [40, 57]}
				]
			},
			{
				"name": "bone213",
				"parent": "jie",
				"pivot": [4.5, 26.98492, 1.48492],
				"rotation": [67.5, 0, 0],
				"cubes": [
					{"origin": [4, 24.98492, 1.48492], "size": [0.5, 2, 0.05], "uv": [43, 56]}
				]
			},
			{
				"name": "jie2",
				"parent": "mawei",
				"pivot": [4.3, 26.8, 0],
				"rotation": [-45, 0, 0],
				"cubes": [
					{"origin": [-4.5, 25.5, 0], "size": [0.5, 1.5, 1.5], "uv": [44, 57]},
					{"origin": [-4.5, 27, 1.5], "size": [0.5, 0.05, 1.2], "uv": [41, 55]},
					{"origin": [-4.5, 24.4, 0], "size": [0.5, 1.1, 0.05], "uv": [44, 57]}
				]
			},
			{
				"name": "bone211",
				"parent": "jie2",
				"pivot": [4.5, 25.5, 0],
				"rotation": [22.5, 0, 0],
				"cubes": [
					{"origin": [-4.5, 23.5, 0], "size": [0.5, 2, 0.05], "uv": [42, 56]}
				]
			},
			{
				"name": "bone214",
				"parent": "jie2",
				"pivot": [4.5, 26.98492, 1.48492],
				"rotation": [67.5, 0, 0],
				"cubes": [
					{"origin": [-4.5, 24.98492, 1.48492], "size": [0.5, 2, 0.05], "uv": [47, 56]}
				]
			},
			{
				"name": "bone216",
				"parent": "jie2",
				"pivot": [-3.15, 26.63137, 0.36863],
				"rotation": [0, 55, -55],
				"cubes": [
					{"origin": [-10.67396, 27.24454, -1.39261], "size": [7.5, 1.5, 1.5], "uv": [84, 32]}
				]
			},
			{
				"name": "armRight",
				"pivot": [-2.5, 17.25, 0],
				"rotation": [0, 0, 15],
				"cubes": [
					{"origin": [-4.5, 8.25, -1], "size": [2, 8, 2], "uv": [85, 58]},
					{"origin": [-4.6, 9.25, -1.1], "size": [2.2, 8, 2.2], "uv": [102, 4]},
					{"origin": [-4.6, 17.25, -0.85], "size": [2.2, 0.1, 1.7], "uv": [80, 50]},
					{"origin": [-4.5, 17.3, -0.65], "size": [1.9, 0.1, 1.25], "uv": [88, 57]},
					{"origin": [-4, 17.4, -0.25], "size": [0.5, 0.1, 0.5], "uv": [84, 52]},
					{"origin": [-4.7, 9.25, -1.2], "size": [2.4, 1.6, 2.4], "uv": [119, 14]},
					{"origin": [-4.8, 10.55, -1.3], "size": [2.6, 0.1, 2.6], "uv": [83, 50]},
					{"origin": [-4.8, 10.25, -1.3], "size": [2.6, 0.1, 2.6], "uv": [88, 49]}
				]
			},
			{
				"name": "chestPlateLeft",
				"parent": "armRight",
				"pivot": [-2.5, 17.25, 0],
				"cubes": [
					{"origin": [-4.6, 8.15, -1.1], "size": [2.2, 1.1, 2.2], "uv": [79, 6]},
					{"origin": [-4.9, 9.15, -1.4], "size": [2.8, 3.75, 2.8], "uv": [8, 72]},
					{"origin": [-5, 11.65, -1.1], "size": [0.2, 2.35, 2.2], "uv": [14, 13]},
					{"origin": [-5, 9.55, -1.5], "size": [3, 0.4, 3], "uv": [9, 13]},
					{"origin": [-5.1, 9.95, -1.6], "size": [3.2, 0.4, 3.2], "uv": [6, 34]},
					{"origin": [-5.1, 12.45, -1.6], "size": [3.2, 0.4, 3.2], "uv": [7, 57]}
				]
			},
			{
				"name": "armLeft",
				"pivot": [2.5, 17.25, 0],
				"rotation": [0, 0, -15],
				"cubes": [
					{"origin": [2.5, 8.25, -1], "size": [2, 8, 2], "uv": [83, 57]},
					{"origin": [2.4, 9.25, -1.1], "size": [2.2, 8, 2.2], "uv": [111, 5]},
					{"origin": [2.4, 17.25, -0.85], "size": [2.2, 0.1, 1.7], "uv": [85, 49]},
					{"origin": [2.6, 17.3, -0.65], "size": [1.9, 0.1, 1.25], "uv": [86, 60]},
					{"origin": [3.5, 17.4, -0.25], "size": [0.5, 0.1, 0.5], "uv": [87, 50]},
					{"origin": [2.3, 9.25, -1.2], "size": [2.4, 1.6, 2.4], "uv": [107, 10]},
					{"origin": [2.2, 10.55, -1.3], "size": [2.6, 0.1, 2.6], "uv": [82, 49]},
					{"origin": [2.2, 10.25, -1.3], "size": [2.6, 0.1, 2.6], "uv": [84, 49]}
				]
			},
			{
				"name": "chestPlateMiddle",
				"parent": "armLeft",
				"pivot": [9.5, 17.25, 0],
				"cubes": [
					{"origin": [2.8, 14.75, -1.5], "size": [2.1, 0.2, 2.8], "uv": [11, 73]},
					{"origin": [2.4, 8.15, -1.1], "size": [2.2, 1.1, 2.2], "uv": [112, 8]},
					{"origin": [2.1, 9.15, -1.4], "size": [2.8, 3.75, 2.8], "uv": [9, 71]},
					{"origin": [2, 9.55, -1.5], "size": [3, 0.4, 3], "uv": [7, 14]},
					{"origin": [1.9, 9.95, -1.6], "size": [3.2, 0.4, 3.2], "uv": [5, 39]},
					{"origin": [1.9, 12.45, -1.6], "size": [3.2, 0.4, 3.2], "uv": [4, 53]},
					{"origin": [2.8, 14.75, -1.3], "size": [1.9, 3, 2.4], "uv": [8, 29]},
					{"origin": [3, 14.95, -0.3], "size": [1.8, 2.9, 0.4], "uv": [10, 56]},
					{"origin": [2.9, 16.65, -1.4], "size": [1.9, 0.5, 2.6], "uv": [12, 59]},
					{"origin": [2.8, 14.95, -1.4], "size": [0.2, 3, 2.7], "uv": [16, 72]},
					{"origin": [4.8, 11.65, -1.1], "size": [0.2, 2.35, 2.2], "uv": [11, 11]}
				]
			},
			{
				"name": "body",
				"pivot": [0, 10.5, 0],
				"cubes": [
					{"origin": [-1.5, 15.999, -1.5], "size": [3, 3, 3.25], "uv": [78, 57]}
				]
			},
			{
				"name": "yiling",
				"parent": "body",
				"pivot": [0, 13.9, 0],
				"cubes": [
					{"origin": [0.3, 17.649, -3], "size": [1.7, 0.45, 6], "uv": [104, 5]},
					{"origin": [-2, 17.649, -3], "size": [1.7, 0.45, 6], "uv": [102, 9]},
					{"origin": [-2, 18.049, -3], "size": [2, 0.45, 6], "uv": [76, 47]},
					{"origin": [0, 18.049, -3], "size": [2, 0.45, 6], "uv": [79, 47]},
					{"origin": [-0.3, 17.649, -3], "size": [0.3, 0.45, 6], "uv": [88, 47]},
					{"origin": [0, 17.649, -3], "size": [0.3, 0.45, 6], "uv": [88, 47]}
				]
			},
			{
				"name": "xiongbu",
				"parent": "body",
				"pivot": [0, 0, 0],
				"cubes": [
					{"origin": [-3, 14.249, -3], "size": [6, 3.45, 6], "uv": [99, 5]}
				]
			},
			{
				"name": "zuo",
				"parent": "xiongbu",
				"pivot": [-2.9, 17.7, -3],
				"rotation": [0, 0, -5.5],
				"cubes": [
					{"origin": [-3.4, 12.049, -3], "size": [0.5, 5.65, 6], "uv": [104, 2]}
				]
			},
			{
				"name": "you",
				"parent": "xiongbu",
				"pivot": [3, 17.7, -3],
				"rotation": [0, 0, 6],
				"cubes": [
					{"origin": [3, 12.049, -3.1], "size": [0.5, 5.65, 6.1], "uv": [108, 3]}
				]
			},
			{
				"name": "yaobu",
				"parent": "xiongbu",
				"pivot": [0, 0, 0],
				"cubes": [
					{"origin": [-2.85, 11.999, -3], "size": [5.7, 2.3, 6], "uv": [104, 3]}
				]
			},
			{
				"name": "xiongqian",
				"parent": "body",
				"pivot": [0, 15.5, -6],
				"cubes": [
					{"origin": [0, 14.249, -3.1], "size": [3, 3.45, 0.1], "uv": [112, 6]},
					{"origin": [-1.9, 14.249, -3.1], "size": [1.9, 2.45, 0.1], "uv": [116, 6]},
					{"origin": [-1.9, 11.999, -3.1], "size": [4.7, 2.3, 0.1], "uv": [114, 7]}
				]
			},
			{
				"name": "jiaceng",
				"parent": "xiongqian",
				"pivot": [0, 17.7, -3],
				"rotation": [0, 0, -27.5],
				"cubes": [
					{"origin": [-2.1, 16.699, -3.1], "size": [2.1, 1, 0.1], "uv": [115, 10]}
				]
			},
			{
				"name": "zhuangshi",
				"parent": "xiongqian",
				"pivot": [-4, 15.5, -6],
				"cubes": [
					{"origin": [-2, 11.949, -3.1], "size": [0.1, 4.75, 0.1], "uv": [83, 48]},
					{"origin": [-1.3, 15.849, -3.2], "size": [0.5, 0.5, 0.1], "uv": [83, 48]},
					{"origin": [0.8, 15.849, -3.2], "size": [0.5, 0.5, 0.1], "uv": [83, 48]},
					{"origin": [-1.3, 14.349, -3.2], "size": [0.5, 0.5, 0.1], "uv": [83, 48]},
					{"origin": [0.8, 12.599, -3.2], "size": [0.5, 0.5, 0.1], "uv": [83, 48]},
					{"origin": [-1.3, 12.599, -3.2], "size": [0.5, 0.5, 0.1], "uv": [83, 48]},
					{"origin": [0.8, 14.349, -3.2], "size": [0.5, 0.5, 0.1], "uv": [83, 48]}
				]
			},
			{
				"name": "yaodai",
				"parent": "body",
				"pivot": [0, 10.5, 0],
				"cubes": [
					{"origin": [-2.95, 10.999, -3.2], "size": [5.9, 1, 6.3], "uv": [72, 6]},
					{"origin": [-0.55, 10.899, -3.3], "size": [1.1, 1.2, 0.1], "uv": [85, 50]},
					{"origin": [-0.45, 10.999, -3.4], "size": [0.9, 1, 0.1], "uv": [72, 6]}
				]
			},
			{
				"name": "fangqunzi",
				"parent": "body",
				"pivot": [0, 12.5, 0]
			},
			{
				"name": "bone",
				"parent": "fangqunzi",
				"pivot": [0, 2, 0]
			},
			{
				"name": "bone2",
				"parent": "bone",
				"pivot": [0, 2, 4.47051],
				"rotation": [10, 0, 0],
				"cubes": [
					{"origin": [-2.5, 9.15782, 4.47051], "size": [5, 2.5, 0], "uv": [112, 9]}
				]
			},
			{
				"name": "bone3",
				"parent": "bone2",
				"pivot": [-2.5, 1.65782, 4.47051],
				"rotation": [0, 0, 9.85108],
				"cubes": [
					{"origin": [-4.5, 9.15782, 4.46951], "size": [2, 2.5, 0], "uv": [112, 9]}
				]
			},
			{
				"name": "bone4",
				"parent": "bone2",
				"pivot": [2.5, 1.65782, 4.47051],
				"rotation": [0, 0, -9.85108],
				"cubes": [
					{"origin": [2.5, 9.15782, 4.47151], "size": [2, 2.5, 0], "uv": [112, 9]}
				]
			},
			{
				"name": "bone5",
				"parent": "fangqunzi",
				"pivot": [0, 2, 0],
				"rotation": [0, -90, 0]
			},
			{
				"name": "bone6",
				"parent": "bone5",
				"pivot": [0, 2, 4.47051],
				"rotation": [10, 0, 0],
				"cubes": [
					{"origin": [-2.5, 9.15782, 4.47051], "size": [5, 2.5, 0], "uv": [112, 9]}
				]
			},
			{
				"name": "bone7",
				"parent": "bone6",
				"pivot": [-2.5, 1.65782, 4.47051],
				"rotation": [0, 0, 9.85108],
				"cubes": [
					{"origin": [-4.5, 9.15782, 4.46951], "size": [2, 2.5, 0], "uv": [112, 9]}
				]
			},
			{
				"name": "bone8",
				"parent": "bone6",
				"pivot": [2.5, 1.65782, 4.47051],
				"rotation": [0, 0, -9.85108],
				"cubes": [
					{"origin": [2.5, 9.15782, 4.47151], "size": [2, 2.5, 0], "uv": [112, 9]}
				]
			},
			{
				"name": "bone9",
				"parent": "fangqunzi",
				"pivot": [0, 2, 0],
				"rotation": [0, -180, 0]
			},
			{
				"name": "bone10",
				"parent": "bone9",
				"pivot": [0, 2, 4.47051],
				"rotation": [10, 0, 0],
				"cubes": [
					{"origin": [-2.5, 9.15782, 4.47051], "size": [5, 2.5, 0], "uv": [112, 9]}
				]
			},
			{
				"name": "bone11",
				"parent": "bone10",
				"pivot": [-2.5, 1.65782, 4.47051],
				"rotation": [0, 0, 9.85108],
				"cubes": [
					{"origin": [-4.5, 9.15782, 4.46951], "size": [2, 2.5, 0], "uv": [112, 9]}
				]
			},
			{
				"name": "bone12",
				"parent": "bone10",
				"pivot": [2.5, 1.65782, 4.47051],
				"rotation": [0, 0, -9.85108],
				"cubes": [
					{"origin": [2.5, 9.15782, 4.47151], "size": [2, 2.5, 0], "uv": [112, 9]},
					{"origin": [3.6, 9.15782, 4.47151], "size": [0.1, 2.5, 0.1], "uv": [85, 49]}
				]
			},
			{
				"name": "bone13",
				"parent": "fangqunzi",
				"pivot": [0, 2, 0],
				"rotation": [0, -270, 0]
			},
			{
				"name": "bone14",
				"parent": "bone13",
				"pivot": [0, 2, 4.47051],
				"rotation": [10, 0, 0],
				"cubes": [
					{"origin": [-2.5, 9.15782, 4.47051], "size": [5, 2.5, 0], "uv": [112, 9]}
				]
			},
			{
				"name": "bone15",
				"parent": "bone14",
				"pivot": [-2.5, 1.65782, 4.47051],
				"rotation": [0, 0, 9.85108],
				"cubes": [
					{"origin": [-4.5, 9.15782, 4.46951], "size": [2, 2.5, 0], "uv": [112, 9]}
				]
			},
			{
				"name": "bone16",
				"parent": "bone14",
				"pivot": [2.5, 1.65782, 4.47051],
				"rotation": [0, 0, -9.85108],
				"cubes": [
					{"origin": [2.5, 9.15782, 4.47151], "size": [2, 2.5, 0], "uv": [112, 9]}
				]
			},
			{
				"name": "qunzihuabian",
				"parent": "body",
				"pivot": [0, 12.5, 0]
			},
			{
				"name": "bone17",
				"parent": "qunzihuabian",
				"pivot": [0, 2, 0]
			},
			{
				"name": "bone18",
				"parent": "bone17",
				"pivot": [0, 2, 4.47051],
				"rotation": [10, 0, 0],
				"cubes": [
					{"origin": [-2.5, 9.05782, 4.47051], "size": [5, 0.1, 0], "uv": [78, 50]}
				]
			},
			{
				"name": "bone19",
				"parent": "bone18",
				"pivot": [-2.5, 1.65782, 4.47051],
				"rotation": [0, 0, 9.85108],
				"cubes": [
					{"origin": [-4.5, 9.05782, 4.46951], "size": [2, 0.1, 0], "uv": [78, 50]}
				]
			},
			{
				"name": "bone20",
				"parent": "bone18",
				"pivot": [2.5, 1.65782, 4.47051],
				"rotation": [0, 0, -9.85108],
				"cubes": [
					{"origin": [2.5, 9.05782, 4.47151], "size": [2, 0.1, 0], "uv": [78, 50]}
				]
			},
			{
				"name": "bone21",
				"parent": "qunzihuabian",
				"pivot": [0, 2, 0],
				"rotation": [0, -90, 0]
			},
			{
				"name": "bone22",
				"parent": "bone21",
				"pivot": [0, 2, 4.47051],
				"rotation": [10, 0, 0],
				"cubes": [
					{"origin": [-2.5, 9.05782, 4.47051], "size": [5, 0.1, 0], "uv": [78, 50]}
				]
			},
			{
				"name": "bone23",
				"parent": "bone22",
				"pivot": [-2.5, 1.65782, 4.47051],
				"rotation": [0, 0, 9.85108],
				"cubes": [
					{"origin": [-4.5, 9.05782, 4.46951], "size": [2, 0.1, 0], "uv": [78, 50]}
				]
			},
			{
				"name": "bone24",
				"parent": "bone22",
				"pivot": [2.5, 1.65782, 4.47051],
				"rotation": [0, 0, -9.85108],
				"cubes": [
					{"origin": [2.5, 9.05782, 4.47151], "size": [2, 0.1, 0], "uv": [78, 50]}
				]
			},
			{
				"name": "bone25",
				"parent": "qunzihuabian",
				"pivot": [0, 2, 0],
				"rotation": [0, -180, 0]
			},
			{
				"name": "bone26",
				"parent": "bone25",
				"pivot": [0, 2, 4.47051],
				"rotation": [10, 0, 0],
				"cubes": [
					{"origin": [-2.5, 9.05782, 4.47051], "size": [5, 0.1, 0], "uv": [78, 50]}
				]
			},
			{
				"name": "bone27",
				"parent": "bone26",
				"pivot": [-2.5, 1.65782, 4.47051],
				"rotation": [0, 0, 9.85108],
				"cubes": [
					{"origin": [-4.5, 9.05782, 4.46951], "size": [2, 0.1, 0], "uv": [78, 50]}
				]
			},
			{
				"name": "bone28",
				"parent": "bone26",
				"pivot": [2.5, 1.65782, 4.47051],
				"rotation": [0, 0, -9.85108],
				"cubes": [
					{"origin": [2.5, 9.05782, 4.47151], "size": [2, 0.1, 0], "uv": [78, 50]},
					{"origin": [3.6, 9.05782, 4.47151], "size": [0.1, 0.1, 0.1], "uv": [78, 50]}
				]
			},
			{
				"name": "bone29",
				"parent": "qunzihuabian",
				"pivot": [0, 2, 0],
				"rotation": [0, -270, 0]
			},
			{
				"name": "bone30",
				"parent": "bone29",
				"pivot": [0, 2, 4.47051],
				"rotation": [10, 0, 0],
				"cubes": [
					{"origin": [-2.5, 9.05782, 4.47051], "size": [5, 0.1, 0], "uv": [78, 50]}
				]
			},
			{
				"name": "bone31",
				"parent": "bone30",
				"pivot": [-2.5, 1.65782, 4.47051],
				"rotation": [0, 0, 9.85108],
				"cubes": [
					{"origin": [-4.5, 9.05782, 4.46951], "size": [2, 0.1, 0], "uv": [78, 50]}
				]
			},
			{
				"name": "bone32",
				"parent": "bone30",
				"pivot": [2.5, 1.65782, 4.47051],
				"rotation": [0, 0, -9.85108],
				"cubes": [
					{"origin": [2.5, 9.05782, 4.47151], "size": [2, 0.1, 0], "uv": [78, 50]}
				]
			},
			{
				"name": "sittingRotationSkirt",
				"parent": "body",
				"pivot": [0, 10.5, 2]
			},
			{
				"name": "dadiqun",
				"parent": "sittingRotationSkirt",
				"pivot": [0, 10.1, 0],
				"cubes": [
					{"origin": [-2.85, 8.149, -1.3], "size": [5.7, 2.85, 0.05], "uv": [107, 7]}
				]
			},
			{
				"name": "bone33",
				"parent": "dadiqun",
				"pivot": [0, -0.4, 0]
			},
			{
				"name": "bone34",
				"parent": "bone33",
				"pivot": [0, -0.4, 2.48337],
				"rotation": [18, 0, 0],
				"cubes": [
					{"origin": [-0.5, 5.54263, 5.99539], "size": [1, 5.8, 0.05], "uv": [93, 3]}
				]
			},
			{
				"name": "bone35",
				"parent": "bone34",
				"pivot": [-0.5, -0.65737, 2.48337],
				"rotation": [0, 0, 7.39351],
				"cubes": [
					{"origin": [-2.5, 5.54263, 5.99439], "size": [2, 5.8, 0.05], "uv": [93, 3]}
				]
			},
			{
				"name": "bone36",
				"parent": "bone34",
				"pivot": [0.5, -0.65737, 2.48337],
				"rotation": [0, 0, -7.39351],
				"cubes": [
					{"origin": [0.5, 5.54263, 5.99639], "size": [2, 5.8, 0.05], "uv": [93, 3]}
				]
			},
			{
				"name": "bone37",
				"parent": "dadiqun",
				"pivot": [0, -0.4, 0],
				"rotation": [0, -45, 0]
			},
			{
				"name": "bone38",
				"parent": "bone37",
				"pivot": [0, -0.4, 2.48337],
				"rotation": [18, 0, 0],
				"cubes": [
					{"origin": [-0.5, 5.54263, 5.99539], "size": [1, 5.8, 0.05], "uv": [93, 3]}
				]
			},
			{
				"name": "bone39",
				"parent": "bone38",
				"pivot": [-0.5, -0.65737, 2.48337],
				"rotation": [0, 0, 7.39351],
				"cubes": [
					{"origin": [-2.5, 5.54263, 5.99439], "size": [2, 5.8, 0.05], "uv": [93, 3]}
				]
			},
			{
				"name": "bone40",
				"parent": "bone38",
				"pivot": [0.5, -0.65737, 2.48337],
				"rotation": [0, 0, -7.39351],
				"cubes": [
					{"origin": [0.5, 5.54263, 5.99639], "size": [2, 5.8, 0.05], "uv": [93, 3]}
				]
			},
			{
				"name": "bone41",
				"parent": "dadiqun",
				"pivot": [0, -0.4, 0],
				"rotation": [0, -90, 0]
			},
			{
				"name": "bone42",
				"parent": "bone41",
				"pivot": [0, -0.4, 2.48337],
				"rotation": [18, 0, 0],
				"cubes": [
					{"origin": [-0.5, 5.54263, 5.99539], "size": [1, 5.8, 0.05], "uv": [93, 3]}
				]
			},
			{
				"name": "bone43",
				"parent": "bone42",
				"pivot": [-0.5, -0.65737, 2.48337],
				"rotation": [0, 0, 7.39351],
				"cubes": [
					{"origin": [-2.5, 5.54263, 5.99439], "size": [2, 5.8, 0.05], "uv": [93, 3]}
				]
			},
			{
				"name": "bone44",
				"parent": "bone42",
				"pivot": [0.5, -0.65737, 2.48337],
				"rotation": [0, 0, -7.39351],
				"cubes": [
					{"origin": [0.5, 5.54263, 5.99639], "size": [2, 5.8, 0.05], "uv": [93, 3]}
				]
			},
			{
				"name": "bone45",
				"parent": "dadiqun",
				"pivot": [0, -0.4, 0],
				"rotation": [0, -135, 0]
			},
			{
				"name": "bone46",
				"parent": "bone45",
				"pivot": [0, -0.4, 2.48337],
				"rotation": [18, 0, 0],
				"cubes": [
					{"origin": [-0.5, 5.54263, 5.99539], "size": [1, 5.8, 0.05], "uv": [93, 3]}
				]
			},
			{
				"name": "bone47",
				"parent": "bone46",
				"pivot": [-0.5, -0.65737, 2.48337],
				"rotation": [0, 0, 7.39351],
				"cubes": [
					{"origin": [-2.5, 5.54263, 5.99439], "size": [2, 5.8, 0.05], "uv": [93, 3]}
				]
			},
			{
				"name": "bone48",
				"parent": "bone46",
				"pivot": [0.5, -0.65737, 2.48337],
				"rotation": [0, 0, -7.39351],
				"cubes": [
					{"origin": [0.5, 5.54263, 5.99639], "size": [2, 5.8, 0.05], "uv": [93, 3]}
				]
			},
			{
				"name": "bone49",
				"parent": "dadiqun",
				"pivot": [0, -0.4, 0],
				"rotation": [0, -180, 0]
			},
			{
				"name": "bone50",
				"parent": "bone49",
				"pivot": [0, -0.4, 2.48337],
				"rotation": [18, 0, 0],
				"cubes": [
					{"origin": [-0.5, 5.54263, 5.99539], "size": [1, 5.8, 0.05], "uv": [93, 3]}
				]
			},
			{
				"name": "bone51",
				"parent": "bone50",
				"pivot": [-0.5, -0.65737, 2.48337],
				"rotation": [0, 0, 7.39351],
				"cubes": [
					{"origin": [-2.5, 5.54263, 5.99439], "size": [2, 5.8, 0.05], "uv": [93, 3]}
				]
			},
			{
				"name": "bone52",
				"parent": "bone50",
				"pivot": [0.5, -0.65737, 2.48337],
				"rotation": [0, 0, -7.39351],
				"cubes": [
					{"origin": [0.5, 5.54263, 5.99639], "size": [2, 5.8, 0.05], "uv": [93, 3]}
				]
			},
			{
				"name": "bone53",
				"parent": "dadiqun",
				"pivot": [0, -0.4, 0],
				"rotation": [0, -225, 0]
			},
			{
				"name": "bone54",
				"parent": "bone53",
				"pivot": [0, -0.4, 2.48337],
				"rotation": [18, 0, 0],
				"cubes": [
					{"origin": [-0.5, 5.54263, 5.99539], "size": [1, 5.8, 0.05], "uv": [93, 3]}
				]
			},
			{
				"name": "bone55",
				"parent": "bone54",
				"pivot": [-0.5, -0.65737, 2.48337],
				"rotation": [0, 0, 7.39351],
				"cubes": [
					{"origin": [-2.5, 5.54263, 5.99439], "size": [2, 5.8, 0.05], "uv": [93, 3]}
				]
			},
			{
				"name": "bone56",
				"parent": "bone54",
				"pivot": [0.5, -0.65737, 2.48337],
				"rotation": [0, 0, -7.39351],
				"cubes": [
					{"origin": [0.5, 5.54263, 5.99639], "size": [2, 5.8, 0.05], "uv": [93, 3]}
				]
			},
			{
				"name": "bone57",
				"parent": "dadiqun",
				"pivot": [0, -0.4, 0],
				"rotation": [0, -270, 0]
			},
			{
				"name": "bone58",
				"parent": "bone57",
				"pivot": [0, -0.4, 2.48337],
				"rotation": [18, 0, 0],
				"cubes": [
					{"origin": [-0.5, 5.54263, 5.99539], "size": [1, 5.8, 0.05], "uv": [93, 3]}
				]
			},
			{
				"name": "bone59",
				"parent": "bone58",
				"pivot": [-0.5, -0.65737, 2.48337],
				"rotation": [0, 0, 7.39351],
				"cubes": [
					{"origin": [-2.5, 5.54263, 5.99439], "size": [2, 5.8, 0.05], "uv": [93, 3]}
				]
			},
			{
				"name": "bone60",
				"parent": "bone58",
				"pivot": [0.5, -0.65737, 2.48337],
				"rotation": [0, 0, -7.39351],
				"cubes": [
					{"origin": [0.5, 5.54263, 5.99639], "size": [2, 5.8, 0.05], "uv": [93, 3]}
				]
			},
			{
				"name": "bone61",
				"parent": "dadiqun",
				"pivot": [0, -0.4, 0],
				"rotation": [0, -315, 0]
			},
			{
				"name": "bone72",
				"parent": "bone61",
				"pivot": [0, -0.4, 2.48337],
				"rotation": [18, 0, 0],
				"cubes": [
					{"origin": [-0.5, 5.54263, 5.99539], "size": [1, 5.8, 0.05], "uv": [93, 3]}
				]
			},
			{
				"name": "bone100",
				"parent": "bone72",
				"pivot": [-0.5, -0.65737, 2.48337],
				"rotation": [0, 0, 7.39351],
				"cubes": [
					{"origin": [-2.5, 5.54263, 5.99439], "size": [2, 5.8, 0.05], "uv": [93, 3]}
				]
			},
			{
				"name": "bone101",
				"parent": "bone72",
				"pivot": [0.5, -0.65737, 2.48337],
				"rotation": [0, 0, -7.39351],
				"cubes": [
					{"origin": [0.5, 5.54263, 5.99639], "size": [2, 5.8, 0.05], "uv": [93, 3]}
				]
			},
			{
				"name": "chestPlate",
				"parent": "body",
				"pivot": [-2.9, 12.6, -3.1],
				"rotation": [0, 0, -32.5],
				"cubes": [
					{"origin": [-1.4, 12.599, -3.4], "size": [0.45, 1.2, 0.2], "uv": [19, 61]},
					{"origin": [-0.7, 12.599, -3.4], "size": [0.45, 1.2, 0.2], "uv": [19, 61]},
					{"origin": [1.3, 12.599, -3.4], "size": [0.45, 1.2, 0.2], "uv": [19, 61]},
					{"origin": [-2.4, 12.699, -3.3], "size": [7.15, 1, 6.5], "uv": [33, 34]}
				]
			},
			{
				"name": "bone62",
				"parent": "chestPlate",
				"pivot": [-2.4, 13.7, -3.2],
				"rotation": [0, 0, 25],
				"cubes": [
					{"origin": [-2.4, 12.799, -3.3], "size": [0.65, 0.9, 6.5], "uv": [33, 34]}
				]
			},
			{
				"name": "bone63",
				"parent": "chestPlate",
				"pivot": [4.9, 13.6, -3.1],
				"rotation": [0, 0, 40],
				"cubes": [
					{"origin": [4.75, 12.699, -3.3], "size": [0.6, 1, 6.5], "uv": [33, 34]}
				]
			},
			{
				"name": "legLeft",
				"pivot": [2, 9, 0],
				"cubes": [
					{"origin": [0.499, 0, -1.25], "size": [2.5, 9, 2.5], "uv": [11, 92]}
				]
			},
			{
				"name": "bootsLeft",
				"parent": "legLeft",
				"pivot": [2, 9, 0],
				"cubes": [
					{"origin": [0.399, -0.7, -1.35], "size": [2.7, 5.75, 2.7], "uv": [8, 56]},
					{"origin": [0.299, 0, -1.7], "size": [2.9, 0.6, 3.15], "uv": [110, 4]},
					{"origin": [0.299, 0.5, -1.45], "size": [2.9, 0.6, 2.9], "uv": [8, 9]},
					{"origin": [0.199, 4.35, -1.55], "size": [3.1, 1.1, 3.1], "uv": [7, 10]},
					{"origin": [0.299, 3.35, -1.45], "size": [2.9, 1.1, 2.9], "uv": [11, 11]}
				]
			},
			{
				"name": "legRight",
				"pivot": [-2, 9, 0],
				"cubes": [
					{"origin": [-2.999, 0, -1.25], "size": [2.5, 9, 2.5], "uv": [11, 92]}
				]
			},
			{
				"name": "bootsRight",
				"parent": "legRight",
				"pivot": [-5.5, 9, 0],
				"cubes": [
					{"origin": [-3.101, -0.5, -1.35], "size": [2.7, 5.75, 2.7], "uv": [7, 56]},
					{"origin": [-3.201, 0, -1.7], "size": [2.9, 0.6, 3.15], "uv": [70, 8]},
					{"origin": [-3.201, 0.5, -1.45], "size": [2.9, 0.6, 2.9], "uv": [13, 13]},
					{"origin": [-3.301, 4.35, -1.55], "size": [3.1, 1.1, 3.1], "uv": [11, 11]},
					{"origin": [-3.201, 3.35, -1.45], "size": [2.9, 1.1, 2.9], "uv": [11, 11]}
				]
			},
			{
				"name": "sasimonoShow",
				"pivot": [0, 0, 1.3]
			},
			{
				"name": "wingRight",
				"parent": "sasimonoShow",
				"pivot": [-0.5, 15, 5.05],
				"rotation": [0, -60, 0],
				"cubes": [
					{"origin": [-0.5, 3, 4.8], "size": [0, 24, 13], "uv": [68, 68]}
				]
			},
			{
				"name": "wingLeft",
				"parent": "sasimonoShow",
				"pivot": [-2.8, 13.25, -3.15],
				"rotation": [0, 60, 0],
				"cubes": [
					{"origin": [-7.8184, 3, 3.80788], "size": [0, 24, 13], "uv": [68, 68]}
				]
			}
		]
	}
}