{
	"format_version": "1.10.0",
	"geometry.model": {
		"texturewidth": 128,
		"textureheight": 128,
		"visible_bounds_width": 3,
		"visible_bounds_height": 2,
		"visible_bounds_offset": [0, 0, 0],
		"bones": [
			{
				"name": "head",
				"pivot": [0, 18, 0],
				"cubes": [
					{"origin": [-4, 18.5, -4], "size": [8, 8, 8], "uv": [0, 0]},
					{"origin": [-4.25, 18.25, -4.25], "size": [8.5, 8.5, 8.5], "uv": [32, 0]}
				]
			},
			{
				"name": "blink",
				"parent": "head",
				"pivot": [0, 18, 0],
				"cubes": [
					{"origin": [-4, 18.5, -4.001], "size": [8, 8, 0], "uv": [24, 0]}
				]
			},
			{
				"name": "mawei",
				"parent": "head",
				"pivot": [1, 25.5, 4]
			},
			{
				"name": "jie",
				"parent": "mawei",
				"pivot": [4.3, 26.8, 0],
				"rotation": [-45, 0, 0],
				"cubes": [
					{"origin": [4, 25.5, 0], "size": [0.5, 1.5, 1.5], "uv": [4, 19]},
					{"origin": [4, 27, 1.5], "size": [0.5, 0.05, 1.2], "uv": [4, 19]},
					{"origin": [4, 24.4, 0], "size": [0.5, 1.1, 0.05], "uv": [4, 19]}
				]
			},
			{
				"name": "bone215",
				"parent": "jie",
				"pivot": [3.2, 25.98492, 0.01508],
				"rotation": [0, -55, 55],
				"cubes": [
					{"origin": [3.25835, 26.77894, -0.95185], "size": [7.5, 1.5, 1.5], "uv": [11, 9]}
				]
			},
			{
				"name": "bone212",
				"parent": "jie",
				"pivot": [4.5, 25.5, 0],
				"rotation": [22.5, 0, 0],
				"cubes": [
					{"origin": [4, 23.5, 0], "size": [0.5, 2, 0.05], "uv": [6, 20]}
				]
			},
			{
				"name": "bone213",
				"parent": "jie",
				"pivot": [4.5, 26.98492, 1.48492],
				"rotation": [67.5, 0, 0],
				"cubes": [
					{"origin": [4, 24.98492, 1.48492], "size": [0.5, 2, 0.05], "uv": [4, 19]}
				]
			},
			{
				"name": "jie2",
				"parent": "mawei",
				"pivot": [4.3, 26.8, 0],
				"rotation": [-45, 0, 0],
				"cubes": [
					{"origin": [-4.5, 25.5, 0], "size": [0.5, 1.5, 1.5], "uv": [6, 19]},
					{"origin": [-4.5, 27, 1.5], "size": [0.5, 0.05, 1.2], "uv": [6, 19]},
					{"origin": [-4.5, 24.4, 0], "size": [0.5, 1.1, 0.05], "uv": [6, 19]}
				]
			},
			{
				"name": "bone211",
				"parent": "jie2",
				"pivot": [4.5, 25.5, 0],
				"rotation": [22.5, 0, 0],
				"cubes": [
					{"origin": [-4.5, 23.5, 0], "size": [0.5, 2, 0.05], "uv": [8, 19]}
				]
			},
			{
				"name": "bone214",
				"parent": "jie2",
				"pivot": [4.5, 26.98492, 1.48492],
				"rotation": [67.5, 0, 0],
				"cubes": [
					{"origin": [-4.5, 24.98492, 1.48492], "size": [0.5, 2, 0.05], "uv": [8, 20]}
				]
			},
			{
				"name": "bone216",
				"parent": "jie2",
				"pivot": [-3.15, 26.63137, 0.36863],
				"rotation": [0, 55, -55],
				"cubes": [
					{"origin": [-10.67396, 27.24454, -1.39261], "size": [7.5, 1.5, 1.5], "uv": [11, 9]}
				]
			},
			{
				"name": "armRight",
				"pivot": [-3, 17.5, 0],
				"rotation": [0, 0, 10],
				"cubes": [
					{"origin": [-5.15628, 10.28633, -1], "size": [2, 7.1, 2], "uv": [18, 27]},
					{"origin": [-5.15628, 9.38633, -1], "size": [2, 0.9, 2], "uv": [42, 22]},
					{"origin": [-5.25628, 13.08633, -1.1], "size": [2.2, 4.4, 2.2], "uv": [2, 28]},
					{"origin": [-5.25628, 11.98633, -1.1], "size": [2.2, 0.1, 2.2], "uv": [42, 32]},
					{"origin": [-5.25628, 12.38633, -1.1], "size": [2.2, 0.1, 2.2], "uv": [30, 31]},
					{"origin": [-5.25628, 12.88633, -1.1], "size": [2.2, 0.2, 2.2], "uv": [28, 32]},
					{"origin": [-5.25628, 12.48633, -1.1], "size": [2.2, 0.4, 2.2], "uv": [2, 28]}
				]
			},
			{
				"name": "zise",
				"parent": "armRight",
				"pivot": [0, 0, 0],
				"cubes": [
					{"origin": [-5.25628, 12.08633, 0.6], "size": [0.1, 0.3, 0.3], "uv": [7, 32]},
					{"origin": [-3.15628, 12.08633, -0.9], "size": [0.1, 0.3, 0.3], "uv": [7, 32]},
					{"origin": [-3.15628, 12.08633, 0.1], "size": [0.1, 0.3, 0.3], "uv": [7, 32]},
					{"origin": [-3.15628, 12.08633, -0.4], "size": [0.1, 0.3, 0.3], "uv": [7, 32]},
					{"origin": [-3.15628, 12.08633, 0.6], "size": [0.1, 0.3, 0.3], "uv": [7, 32]},
					{"origin": [-5.25628, 12.08633, -0.4], "size": [0.1, 0.3, 0.3], "uv": [7, 32]},
					{"origin": [-5.25628, 12.08633, 0.1], "size": [0.1, 0.3, 0.3], "uv": [7, 32]},
					{"origin": [-5.25628, 12.08633, -0.9], "size": [0.1, 0.3, 0.3], "uv": [7, 32]},
					{"origin": [-3.55628, 12.08633, 1], "size": [0.3, 0.3, 0.1], "uv": [7, 32]},
					{"origin": [-5.05628, 12.08633, -1.1], "size": [0.3, 0.3, 0.1], "uv": [7, 32]},
					{"origin": [-4.55628, 12.08633, -1.1], "size": [0.3, 0.3, 0.1], "uv": [7, 32]},
					{"origin": [-4.05628, 12.08633, -1.1], "size": [0.3, 0.3, 0.1], "uv": [7, 32]},
					{"origin": [-3.55628, 12.08633, -1.1], "size": [0.3, 0.3, 0.1], "uv": [7, 32]},
					{"origin": [-4.05628, 12.08633, 1], "size": [0.3, 0.3, 0.1], "uv": [7, 32]},
					{"origin": [-4.55628, 12.08633, 1], "size": [0.3, 0.3, 0.1], "uv": [7, 32]},
					{"origin": [-5.05628, 12.08633, 1], "size": [0.3, 0.3, 0.1], "uv": [7, 32]}
				]
			},
			{
				"name": "baie",
				"parent": "armRight",
				"pivot": [-3, 17.5, 0.2],
				"cubes": [
					{"origin": [-5.25628, 12.08633, 0.9], "size": [0.1, 0.3, 0.2], "uv": [23, 32]},
					{"origin": [-3.15628, 12.08633, -1.1], "size": [0.1, 0.3, 0.2], "uv": [23, 32]},
					{"origin": [-3.15628, 12.08633, -0.6], "size": [0.1, 0.3, 0.2], "uv": [23, 32]},
					{"origin": [-3.15628, 12.08633, -0.1], "size": [0.1, 0.3, 0.2], "uv": [23, 32]},
					{"origin": [-3.15628, 12.08633, 0.4], "size": [0.1, 0.3, 0.2], "uv": [23, 32]},
					{"origin": [-3.15628, 12.08633, 0.9], "size": [0.1, 0.3, 0.2], "uv": [23, 32]},
					{"origin": [-5.25628, 12.08633, 0.4], "size": [0.1, 0.3, 0.2], "uv": [23, 32]},
					{"origin": [-5.25628, 12.08633, -0.1], "size": [0.1, 0.3, 0.2], "uv": [23, 32]},
					{"origin": [-5.25628, 12.08633, -0.6], "size": [0.1, 0.3, 0.2], "uv": [23, 32]},
					{"origin": [-5.25628, 12.08633, -1.1], "size": [0.1, 0.3, 0.2], "uv": [23, 32]},
					{"origin": [-3.25628, 12.08633, 1], "size": [0.1, 0.3, 0.1], "uv": [23, 32]},
					{"origin": [-5.15628, 12.08633, -1.1], "size": [0.1, 0.3, 0.1], "uv": [23, 32]},
					{"origin": [-4.75628, 12.08633, -1.1], "size": [0.2, 0.3, 0.1], "uv": [23, 32]},
					{"origin": [-4.25628, 12.08633, -1.1], "size": [0.2, 0.3, 0.1], "uv": [23, 32]},
					{"origin": [-3.75628, 12.08633, -1.1], "size": [0.2, 0.3, 0.1], "uv": [23, 32]},
					{"origin": [-3.25628, 12.08633, -1.1], "size": [0.1, 0.3, 0.1], "uv": [23, 32]},
					{"origin": [-3.75628, 12.08633, 1], "size": [0.2, 0.3, 0.1], "uv": [23, 32]},
					{"origin": [-4.25628, 12.08633, 1], "size": [0.2, 0.3, 0.1], "uv": [23, 32]},
					{"origin": [-4.75628, 12.08633, 1], "size": [0.2, 0.3, 0.1], "uv": [23, 32]},
					{"origin": [-5.15628, 12.08633, 1], "size": [0.1, 0.3, 0.1], "uv": [23, 32]}
				]
			},
			{
				"name": "armLeft",
				"pivot": [3, 17.5, 0],
				"rotation": [0, 0, -10],
				"cubes": [
					{"origin": [3.17937, 10.29324, -1], "size": [2, 7.1, 2], "uv": [23, 23]},
					{"origin": [3.17937, 9.39324, -1], "size": [2, 0.9, 2], "uv": [42, 21]},
					{"origin": [3.07937, 13.09324, -1.1], "size": [2.2, 4.4, 2.2], "uv": [4, 29]},
					{"origin": [3.07937, 11.99324, -1.1], "size": [2.2, 0.1, 2.2], "uv": [22, 33]},
					{"origin": [3.07937, 12.39324, -1.1], "size": [2.2, 0.1, 2.2], "uv": [25, 31]},
					{"origin": [3.07937, 12.89324, -1.1], "size": [2.2, 0.2, 2.2], "uv": [22, 32]},
					{"origin": [3.07937, 12.49324, -1.1], "size": [2.2, 0.4, 2.2], "uv": [4, 31]}
				]
			},
			{
				"name": "zise2",
				"parent": "armLeft",
				"pivot": [0, 0, 0],
				"cubes": [
					{"origin": [3.07937, 12.09324, 0.6], "size": [0.1, 0.3, 0.3], "uv": [10, 31]},
					{"origin": [5.17937, 12.09324, -0.9], "size": [0.1, 0.3, 0.3], "uv": [10, 31]},
					{"origin": [5.17937, 12.09324, 0.1], "size": [0.1, 0.3, 0.3], "uv": [10, 31]},
					{"origin": [5.17937, 12.09324, -0.4], "size": [0.1, 0.3, 0.3], "uv": [10, 31]},
					{"origin": [5.17937, 12.09324, 0.6], "size": [0.1, 0.3, 0.3], "uv": [10, 31]},
					{"origin": [3.07937, 12.09324, -0.4], "size": [0.1, 0.3, 0.3], "uv": [10, 31]},
					{"origin": [3.07937, 12.09324, 0.1], "size": [0.1, 0.3, 0.3], "uv": [10, 31]},
					{"origin": [3.07937, 12.09324, -0.9], "size": [0.1, 0.3, 0.3], "uv": [10, 31]},
					{"origin": [4.77937, 12.09324, 1], "size": [0.3, 0.3, 0.1], "uv": [10, 31]},
					{"origin": [3.27937, 12.09324, -1.1], "size": [0.3, 0.3, 0.1], "uv": [10, 31]},
					{"origin": [3.77937, 12.09324, -1.1], "size": [0.3, 0.3, 0.1], "uv": [10, 31]},
					{"origin": [4.27937, 12.09324, -1.1], "size": [0.3, 0.3, 0.1], "uv": [10, 31]},
					{"origin": [4.77937, 12.09324, -1.1], "size": [0.3, 0.3, 0.1], "uv": [10, 31]},
					{"origin": [4.27937, 12.09324, 1], "size": [0.3, 0.3, 0.1], "uv": [10, 31]},
					{"origin": [3.77937, 12.09324, 1], "size": [0.3, 0.3, 0.1], "uv": [10, 31]},
					{"origin": [3.27937, 12.09324, 1], "size": [0.3, 0.3, 0.1], "uv": [10, 31]}
				]
			},
			{
				"name": "baie2",
				"parent": "armLeft",
				"pivot": [-3, 17.5, 0.2],
				"cubes": [
					{"origin": [3.07937, 12.09324, 0.9], "size": [0.1, 0.3, 0.2], "uv": [26, 30]},
					{"origin": [5.17937, 12.09324, -1.1], "size": [0.1, 0.3, 0.2], "uv": [26, 30]},
					{"origin": [5.17937, 12.09324, -0.6], "size": [0.1, 0.3, 0.2], "uv": [26, 30]},
					{"origin": [5.17937, 12.09324, -0.1], "size": [0.1, 0.3, 0.2], "uv": [26, 30]},
					{"origin": [5.17937, 12.09324, 0.4], "size": [0.1, 0.3, 0.2], "uv": [26, 30]},
					{"origin": [5.17937, 12.09324, 0.9], "size": [0.1, 0.3, 0.2], "uv": [26, 30]},
					{"origin": [3.07937, 12.09324, 0.4], "size": [0.1, 0.3, 0.2], "uv": [26, 30]},
					{"origin": [3.07937, 12.09324, -0.1], "size": [0.1, 0.3, 0.2], "uv": [26, 30]},
					{"origin": [3.07937, 12.09324, -0.6], "size": [0.1, 0.3, 0.2], "uv": [26, 30]},
					{"origin": [3.07937, 12.09324, -1.1], "size": [0.1, 0.3, 0.2], "uv": [26, 30]},
					{"origin": [5.07937, 12.09324, 1], "size": [0.1, 0.3, 0.1], "uv": [26, 30]},
					{"origin": [3.17937, 12.09324, -1.1], "size": [0.1, 0.3, 0.1], "uv": [26, 30]},
					{"origin": [3.57937, 12.09324, -1.1], "size": [0.2, 0.3, 0.1], "uv": [26, 30]},
					{"origin": [4.07937, 12.09324, -1.1], "size": [0.2, 0.3, 0.1], "uv": [26, 30]},
					{"origin": [4.57937, 12.09324, -1.1], "size": [0.2, 0.3, 0.1], "uv": [26, 30]},
					{"origin": [5.07937, 12.09324, -1.1], "size": [0.1, 0.3, 0.1], "uv": [26, 30]},
					{"origin": [4.57937, 12.09324, 1], "size": [0.2, 0.3, 0.1], "uv": [26, 30]},
					{"origin": [4.07937, 12.09324, 1], "size": [0.2, 0.3, 0.1], "uv": [26, 30]},
					{"origin": [3.57937, 12.09324, 1], "size": [0.2, 0.3, 0.1], "uv": [26, 30]},
					{"origin": [3.17937, 12.09324, 1], "size": [0.1, 0.3, 0.1], "uv": [26, 30]}
				]
			},
			{
				"name": "body",
				"pivot": [0, 10.5, 0],
				"cubes": [
					{"origin": [-1.3, 17.6, -1.3], "size": [2.7, 1, 2.7], "uv": [36, 18]}
				]
			},
			{
				"name": "xiong",
				"parent": "body",
				"pivot": [0, 10.5, 0],
				"cubes": [
					{"origin": [-3, 17.599, -2.9], "size": [6, 0.4, 5.8], "uv": [33, 20]},
					{"origin": [-2.9, 12.499, -2.9], "size": [5.8, 5.1, 5.8], "uv": [16, 28]},
					{"origin": [-3, 12.499, 2.9], "size": [6, 5.5, 0.1], "uv": [1, 28]},
					{"origin": [0.1, 13.799, -3], "size": [2.9, 0.7, 5.9], "uv": [1, 28]},
					{"origin": [-3, 13.799, -3], "size": [3, 0.7, 5.9], "uv": [1, 28]},
					{"origin": [-3, 12.399, -3], "size": [1.9, 1.5, 5.9], "uv": [1, 28]},
					{"origin": [1.2, 12.399, -3], "size": [1.8, 1.5, 5.9], "uv": [1, 28]}
				]
			},
			{
				"name": "bone200",
				"parent": "xiong",
				"pivot": [3, 14.5, -3],
				"rotation": [0, 0, 2.5],
				"cubes": [
					{"origin": [2.5, 14.499, -3], "size": [0.5, 3.5, 6], "uv": [1, 28]}
				]
			},
			{
				"name": "bone199",
				"parent": "xiong",
				"pivot": [-3, 14.5, -3],
				"rotation": [0, 0, -2.5],
				"cubes": [
					{"origin": [-3, 14.499, -3], "size": [0.5, 3.5, 6], "uv": [1, 28]}
				]
			},
			{
				"name": "bone201",
				"parent": "xiong",
				"pivot": [3, 13.7609, -2.75024],
				"cubes": [
					{"origin": [-3, 16.799, -3], "size": [1.9, 1.2, 0.1], "uv": [1, 28]},
					{"origin": [1.1, 16.799, -3], "size": [1.9, 1.2, 0.1], "uv": [1, 28]},
					{"origin": [0.1, 14.499, -3], "size": [2.9, 2.3, 0.1], "uv": [1, 28]},
					{"origin": [-3, 14.499, -3], "size": [3, 2.3, 0.1], "uv": [1, 28]}
				]
			},
			{
				"name": "bone202",
				"parent": "bone201",
				"pivot": [0.08452, 16.24217, -2.85024],
				"rotation": [0, 0, 25],
				"cubes": [
					{"origin": [-2.91548, 16.18026, -3.1], "size": [3.1, 0.7, 0.1], "uv": [1, 28]}
				]
			},
			{
				"name": "bone204",
				"parent": "bone202",
				"pivot": [0.08452, 16.24217, -2.85024],
				"rotation": [0, 0, 15],
				"cubes": [
					{"origin": [-2.01548, 16.18026, -3.1], "size": [2.2, 0.7, 0.1], "uv": [1, 28]}
				]
			},
			{
				"name": "bone203",
				"parent": "bone201",
				"pivot": [0.08452, 16.24217, -2.85024],
				"rotation": [0, 0, -25],
				"cubes": [
					{"origin": [-0.01548, 16.18026, -3.1], "size": [3.1, 0.7, 0.1], "uv": [1, 28]}
				]
			},
			{
				"name": "bone205",
				"parent": "bone203",
				"pivot": [0.08452, 16.24217, -2.85024],
				"rotation": [0, 0, -15],
				"cubes": [
					{"origin": [-0.01548, 16.18026, -3.1], "size": [2.3, 0.7, 0.1], "uv": [1, 28]}
				]
			},
			{
				"name": "neiqunhuabian",
				"parent": "body",
				"pivot": [0, 10.5, 0]
			},
			{
				"name": "neiqunzi5",
				"parent": "neiqunhuabian",
				"pivot": [0, 13.75, 0]
			},
			{
				"name": "bone161",
				"parent": "neiqunzi5",
				"pivot": [0, -0.75, 0]
			},
			{
				"name": "bone162",
				"parent": "bone161",
				"pivot": [0, -0.75, 5.27792],
				"rotation": [15, 0, 0]
			},
			{
				"name": "bone163",
				"parent": "bone162",
				"pivot": [0, -0.75, 5.27792],
				"rotation": [0, -45, 0],
				"cubes": [
					{"origin": [-1, 4.85, 4.27792], "size": [2, 0.2, 2], "uv": [38, 31]}
				]
			},
			{
				"name": "bone164",
				"parent": "neiqunzi5",
				"pivot": [0, -0.75, 0],
				"rotation": [0, -30, 0]
			},
			{
				"name": "bone165",
				"parent": "bone164",
				"pivot": [0, -0.75, 5.27792],
				"rotation": [15, 0, 0]
			},
			{
				"name": "bone166",
				"parent": "bone165",
				"pivot": [0, -0.75, 5.27792],
				"rotation": [0, -45, 0],
				"cubes": [
					{"origin": [-1, 4.85, 4.27792], "size": [2, 0.2, 2], "uv": [38, 31]}
				]
			},
			{
				"name": "bone167",
				"parent": "neiqunzi5",
				"pivot": [0, -0.75, 0],
				"rotation": [0, -60, 0]
			},
			{
				"name": "bone168",
				"parent": "bone167",
				"pivot": [0, -0.75, 5.27792],
				"rotation": [15, 0, 0]
			},
			{
				"name": "bone169",
				"parent": "bone168",
				"pivot": [0, -0.75, 5.27792],
				"rotation": [0, -45, 0],
				"cubes": [
					{"origin": [-1, 4.85, 4.27792], "size": [2, 0.2, 2], "uv": [38, 31]}
				]
			},
			{
				"name": "bone170",
				"parent": "neiqunzi5",
				"pivot": [0, -0.75, 0],
				"rotation": [0, -90, 0]
			},
			{
				"name": "bone171",
				"parent": "bone170",
				"pivot": [0, -0.75, 5.27792],
				"rotation": [15, 0, 0]
			},
			{
				"name": "bone172",
				"parent": "bone171",
				"pivot": [0, -0.75, 5.27792],
				"rotation": [0, -45, 0],
				"cubes": [
					{"origin": [-1, 4.85, 4.27792], "size": [2, 0.2, 2], "uv": [38, 31]}
				]
			},
			{
				"name": "bone173",
				"parent": "neiqunzi5",
				"pivot": [0, -0.75, 0],
				"rotation": [0, -120, 0]
			},
			{
				"name": "bone174",
				"parent": "bone173",
				"pivot": [0, -0.75, 5.27792],
				"rotation": [15, 0, 0]
			},
			{
				"name": "bone175",
				"parent": "bone174",
				"pivot": [0, -0.75, 5.27792],
				"rotation": [0, -45, 0],
				"cubes": [
					{"origin": [-1, 4.85, 4.27792], "size": [2, 0.2, 2], "uv": [38, 31]}
				]
			},
			{
				"name": "bone176",
				"parent": "neiqunzi5",
				"pivot": [0, -0.75, 0],
				"rotation": [0, -150, 0]
			},
			{
				"name": "bone177",
				"parent": "bone176",
				"pivot": [0, -0.75, 5.27792],
				"rotation": [15, 0, 0]
			},
			{
				"name": "bone178",
				"parent": "bone177",
				"pivot": [0, -0.75, 5.27792],
				"rotation": [0, -45, 0],
				"cubes": [
					{"origin": [-1, 4.85, 4.27792], "size": [2, 0.2, 2], "uv": [38, 31]}
				]
			},
			{
				"name": "bone179",
				"parent": "neiqunzi5",
				"pivot": [0, -0.75, 0],
				"rotation": [0, -180, 0]
			},
			{
				"name": "bone180",
				"parent": "bone179",
				"pivot": [0, -0.75, 5.27792],
				"rotation": [15, 0, 0]
			},
			{
				"name": "bone181",
				"parent": "bone180",
				"pivot": [0, -0.75, 5.27792],
				"rotation": [0, -45, 0],
				"cubes": [
					{"origin": [-1, 4.85, 4.27792], "size": [2, 0.2, 2], "uv": [38, 31]}
				]
			},
			{
				"name": "bone182",
				"parent": "neiqunzi5",
				"pivot": [0, -0.75, 0],
				"rotation": [0, -210, 0]
			},
			{
				"name": "bone183",
				"parent": "bone182",
				"pivot": [0, -0.75, 5.27792],
				"rotation": [15, 0, 0]
			},
			{
				"name": "bone184",
				"parent": "bone183",
				"pivot": [0, -0.75, 5.27792],
				"rotation": [0, -45, 0],
				"cubes": [
					{"origin": [-1, 4.85, 4.27792], "size": [2, 0.2, 2], "uv": [38, 31]}
				]
			},
			{
				"name": "bone185",
				"parent": "neiqunzi5",
				"pivot": [0, -0.75, 0],
				"rotation": [0, -240, 0]
			},
			{
				"name": "bone186",
				"parent": "bone185",
				"pivot": [0, -0.75, 5.27792],
				"rotation": [15, 0, 0]
			},
			{
				"name": "bone187",
				"parent": "bone186",
				"pivot": [0, -0.75, 5.27792],
				"rotation": [0, -45, 0],
				"cubes": [
					{"origin": [-1, 4.85, 4.27792], "size": [2, 0.2, 2], "uv": [38, 31]}
				]
			},
			{
				"name": "bone188",
				"parent": "neiqunzi5",
				"pivot": [0, -0.75, 0],
				"rotation": [0, -270, 0]
			},
			{
				"name": "bone189",
				"parent": "bone188",
				"pivot": [0, -0.75, 5.27792],
				"rotation": [15, 0, 0]
			},
			{
				"name": "bone190",
				"parent": "bone189",
				"pivot": [0, -0.75, 5.27792],
				"rotation": [0, -45, 0],
				"cubes": [
					{"origin": [-1, 4.85, 4.27792], "size": [2, 0.2, 2], "uv": [38, 31]}
				]
			},
			{
				"name": "bone191",
				"parent": "neiqunzi5",
				"pivot": [0, -0.75, 0],
				"rotation": [0, -300, 0]
			},
			{
				"name": "bone192",
				"parent": "bone191",
				"pivot": [0, -0.75, 5.27792],
				"rotation": [15, 0, 0]
			},
			{
				"name": "bone193",
				"parent": "bone192",
				"pivot": [0, -0.75, 5.27792],
				"rotation": [0, -45, 0],
				"cubes": [
					{"origin": [-1, 4.85, 4.27792], "size": [2, 0.2, 2], "uv": [38, 31]}
				]
			},
			{
				"name": "bone194",
				"parent": "neiqunzi5",
				"pivot": [0, -0.75, 0],
				"rotation": [0, -330, 0]
			},
			{
				"name": "bone195",
				"parent": "bone194",
				"pivot": [0, -0.75, 5.27792],
				"rotation": [15, 0, 0]
			},
			{
				"name": "bone196",
				"parent": "bone195",
				"pivot": [0, -0.75, 5.27792],
				"rotation": [0, -45, 0],
				"cubes": [
					{"origin": [-1, 4.85, 4.27792], "size": [2, 0.2, 2], "uv": [38, 31]}
				]
			},
			{
				"name": "neiqunzi2",
				"parent": "neiqunhuabian",
				"pivot": [0, 13.75, 0]
			},
			{
				"name": "bone37",
				"parent": "neiqunzi2",
				"pivot": [0, -0.75, 0]
			},
			{
				"name": "bone54",
				"parent": "bone37",
				"pivot": [0, -0.75, 5.27792],
				"rotation": [15, 0, 0]
			},
			{
				"name": "bone55",
				"parent": "bone54",
				"pivot": [0, -0.75, 5.27792],
				"rotation": [0, -45, 0],
				"cubes": [
					{"origin": [-1, 5.45, 4.27792], "size": [2, 0.5, 2], "uv": [3, 30]}
				]
			},
			{
				"name": "bone56",
				"parent": "neiqunzi2",
				"pivot": [0, -0.75, 0],
				"rotation": [0, -30, 0]
			},
			{
				"name": "bone57",
				"parent": "bone56",
				"pivot": [0, -0.75, 5.27792],
				"rotation": [15, 0, 0]
			},
			{
				"name": "bone58",
				"parent": "bone57",
				"pivot": [0, -0.75, 5.27792],
				"rotation": [0, -45, 0],
				"cubes": [
					{"origin": [-1, 5.45, 4.27792], "size": [2, 0.5, 2], "uv": [3, 30]}
				]
			},
			{
				"name": "bone59",
				"parent": "neiqunzi2",
				"pivot": [0, -0.75, 0],
				"rotation": [0, -60, 0]
			},
			{
				"name": "bone60",
				"parent": "bone59",
				"pivot": [0, -0.75, 5.27792],
				"rotation": [15, 0, 0]
			},
			{
				"name": "bone61",
				"parent": "bone60",
				"pivot": [0, -0.75, 5.27792],
				"rotation": [0, -45, 0],
				"cubes": [
					{"origin": [-1, 5.45, 4.27792], "size": [2, 0.5, 2], "uv": [3, 30]}
				]
			},
			{
				"name": "bone62",
				"parent": "neiqunzi2",
				"pivot": [0, -0.75, 0],
				"rotation": [0, -90, 0]
			},
			{
				"name": "bone63",
				"parent": "bone62",
				"pivot": [0, -0.75, 5.27792],
				"rotation": [15, 0, 0]
			},
			{
				"name": "bone64",
				"parent": "bone63",
				"pivot": [0, -0.75, 5.27792],
				"rotation": [0, -45, 0],
				"cubes": [
					{"origin": [-1, 5.45, 4.27792], "size": [2, 0.5, 2], "uv": [3, 30]}
				]
			},
			{
				"name": "bone65",
				"parent": "neiqunzi2",
				"pivot": [0, -0.75, 0],
				"rotation": [0, -120, 0]
			},
			{
				"name": "bone66",
				"parent": "bone65",
				"pivot": [0, -0.75, 5.27792],
				"rotation": [15, 0, 0]
			},
			{
				"name": "bone67",
				"parent": "bone66",
				"pivot": [0, -0.75, 5.27792],
				"rotation": [0, -45, 0],
				"cubes": [
					{"origin": [-1, 5.45, 4.27792], "size": [2, 0.5, 2], "uv": [3, 30]}
				]
			},
			{
				"name": "bone68",
				"parent": "neiqunzi2",
				"pivot": [0, -0.75, 0],
				"rotation": [0, -150, 0]
			},
			{
				"name": "bone69",
				"parent": "bone68",
				"pivot": [0, -0.75, 5.27792],
				"rotation": [15, 0, 0]
			},
			{
				"name": "bone70",
				"parent": "bone69",
				"pivot": [0, -0.75, 5.27792],
				"rotation": [0, -45, 0],
				"cubes": [
					{"origin": [-1, 5.45, 4.27792], "size": [2, 0.5, 2], "uv": [3, 30]}
				]
			},
			{
				"name": "bone71",
				"parent": "neiqunzi2",
				"pivot": [0, -0.75, 0],
				"rotation": [0, -180, 0]
			},
			{
				"name": "bone72",
				"parent": "bone71",
				"pivot": [0, -0.75, 5.27792],
				"rotation": [15, 0, 0]
			},
			{
				"name": "bone73",
				"parent": "bone72",
				"pivot": [0, -0.75, 5.27792],
				"rotation": [0, -45, 0],
				"cubes": [
					{"origin": [-1, 5.45, 4.27792], "size": [2, 0.5, 2], "uv": [3, 30]}
				]
			},
			{
				"name": "bone74",
				"parent": "neiqunzi2",
				"pivot": [0, -0.75, 0],
				"rotation": [0, -210, 0]
			},
			{
				"name": "bone75",
				"parent": "bone74",
				"pivot": [0, -0.75, 5.27792],
				"rotation": [15, 0, 0]
			},
			{
				"name": "bone76",
				"parent": "bone75",
				"pivot": [0, -0.75, 5.27792],
				"rotation": [0, -45, 0],
				"cubes": [
					{"origin": [-1, 5.45, 4.27792], "size": [2, 0.5, 2], "uv": [3, 30]}
				]
			},
			{
				"name": "bone77",
				"parent": "neiqunzi2",
				"pivot": [0, -0.75, 0],
				"rotation": [0, -240, 0]
			},
			{
				"name": "bone78",
				"parent": "bone77",
				"pivot": [0, -0.75, 5.27792],
				"rotation": [15, 0, 0]
			},
			{
				"name": "bone79",
				"parent": "bone78",
				"pivot": [0, -0.75, 5.27792],
				"rotation": [0, -45, 0],
				"cubes": [
					{"origin": [-1, 5.45, 4.27792], "size": [2, 0.5, 2], "uv": [3, 30]}
				]
			},
			{
				"name": "bone80",
				"parent": "neiqunzi2",
				"pivot": [0, -0.75, 0],
				"rotation": [0, -270, 0]
			},
			{
				"name": "bone81",
				"parent": "bone80",
				"pivot": [0, -0.75, 5.27792],
				"rotation": [15, 0, 0]
			},
			{
				"name": "bone82",
				"parent": "bone81",
				"pivot": [0, -0.75, 5.27792],
				"rotation": [0, -45, 0],
				"cubes": [
					{"origin": [-1, 5.45, 4.27792], "size": [2, 0.5, 2], "uv": [3, 30]}
				]
			},
			{
				"name": "bone83",
				"parent": "neiqunzi2",
				"pivot": [0, -0.75, 0],
				"rotation": [0, -300, 0]
			},
			{
				"name": "bone84",
				"parent": "bone83",
				"pivot": [0, -0.75, 5.27792],
				"rotation": [15, 0, 0]
			},
			{
				"name": "bone85",
				"parent": "bone84",
				"pivot": [0, -0.75, 5.27792],
				"rotation": [0, -45, 0],
				"cubes": [
					{"origin": [-1, 5.45, 4.27792], "size": [2, 0.5, 2], "uv": [3, 30]}
				]
			},
			{
				"name": "bone86",
				"parent": "neiqunzi2",
				"pivot": [0, -0.75, 0],
				"rotation": [0, -330, 0]
			},
			{
				"name": "bone87",
				"parent": "bone86",
				"pivot": [0, -0.75, 5.27792],
				"rotation": [15, 0, 0]
			},
			{
				"name": "bone88",
				"parent": "bone87",
				"pivot": [0, -0.75, 5.27792],
				"rotation": [0, -45, 0],
				"cubes": [
					{"origin": [-1, 5.45, 4.27792], "size": [2, 0.5, 2], "uv": [3, 30]}
				]
			},
			{
				"name": "neiqunzi3",
				"parent": "neiqunhuabian",
				"pivot": [0, 13.75, 0]
			},
			{
				"name": "bone89",
				"parent": "neiqunzi3",
				"pivot": [0, -0.75, 0]
			},
			{
				"name": "bone90",
				"parent": "bone89",
				"pivot": [0, -0.75, 5.27792],
				"rotation": [15, 0, 0]
			},
			{
				"name": "bone91",
				"parent": "bone90",
				"pivot": [0, -0.75, 5.27792],
				"rotation": [0, -45, 0],
				"cubes": [
					{"origin": [-1, 5.25, 4.27792], "size": [2, 0.2, 2], "uv": [28, 31]}
				]
			},
			{
				"name": "bone92",
				"parent": "neiqunzi3",
				"pivot": [0, -0.75, 0],
				"rotation": [0, -30, 0]
			},
			{
				"name": "bone93",
				"parent": "bone92",
				"pivot": [0, -0.75, 5.27792],
				"rotation": [15, 0, 0]
			},
			{
				"name": "bone94",
				"parent": "bone93",
				"pivot": [0, -0.75, 5.27792],
				"rotation": [0, -45, 0],
				"cubes": [
					{"origin": [-1, 5.25, 4.27792], "size": [2, 0.2, 2], "uv": [28, 31]}
				]
			},
			{
				"name": "bone95",
				"parent": "neiqunzi3",
				"pivot": [0, -0.75, 0],
				"rotation": [0, -60, 0]
			},
			{
				"name": "bone96",
				"parent": "bone95",
				"pivot": [0, -0.75, 5.27792],
				"rotation": [15, 0, 0]
			},
			{
				"name": "bone97",
				"parent": "bone96",
				"pivot": [0, -0.75, 5.27792],
				"rotation": [0, -45, 0],
				"cubes": [
					{"origin": [-1, 5.25, 4.27792], "size": [2, 0.2, 2], "uv": [28, 31]}
				]
			},
			{
				"name": "bone98",
				"parent": "neiqunzi3",
				"pivot": [0, -0.75, 0],
				"rotation": [0, -90, 0]
			},
			{
				"name": "bone99",
				"parent": "bone98",
				"pivot": [0, -0.75, 5.27792],
				"rotation": [15, 0, 0]
			},
			{
				"name": "bone100",
				"parent": "bone99",
				"pivot": [0, -0.75, 5.27792],
				"rotation": [0, -45, 0],
				"cubes": [
					{"origin": [-1, 5.25, 4.27792], "size": [2, 0.2, 2], "uv": [28, 31]}
				]
			},
			{
				"name": "bone101",
				"parent": "neiqunzi3",
				"pivot": [0, -0.75, 0],
				"rotation": [0, -120, 0]
			},
			{
				"name": "bone102",
				"parent": "bone101",
				"pivot": [0, -0.75, 5.27792],
				"rotation": [15, 0, 0]
			},
			{
				"name": "bone103",
				"parent": "bone102",
				"pivot": [0, -0.75, 5.27792],
				"rotation": [0, -45, 0],
				"cubes": [
					{"origin": [-1, 5.25, 4.27792], "size": [2, 0.2, 2], "uv": [28, 31]}
				]
			},
			{
				"name": "bone104",
				"parent": "neiqunzi3",
				"pivot": [0, -0.75, 0],
				"rotation": [0, -150, 0]
			},
			{
				"name": "bone105",
				"parent": "bone104",
				"pivot": [0, -0.75, 5.27792],
				"rotation": [15, 0, 0]
			},
			{
				"name": "bone106",
				"parent": "bone105",
				"pivot": [0, -0.75, 5.27792],
				"rotation": [0, -45, 0],
				"cubes": [
					{"origin": [-1, 5.25, 4.27792], "size": [2, 0.2, 2], "uv": [28, 31]}
				]
			},
			{
				"name": "bone107",
				"parent": "neiqunzi3",
				"pivot": [0, -0.75, 0],
				"rotation": [0, -180, 0]
			},
			{
				"name": "bone108",
				"parent": "bone107",
				"pivot": [0, -0.75, 5.27792],
				"rotation": [15, 0, 0]
			},
			{
				"name": "bone109",
				"parent": "bone108",
				"pivot": [0, -0.75, 5.27792],
				"rotation": [0, -45, 0],
				"cubes": [
					{"origin": [-1, 5.25, 4.27792], "size": [2, 0.2, 2], "uv": [28, 31]}
				]
			},
			{
				"name": "bone110",
				"parent": "neiqunzi3",
				"pivot": [0, -0.75, 0],
				"rotation": [0, -210, 0]
			},
			{
				"name": "bone111",
				"parent": "bone110",
				"pivot": [0, -0.75, 5.27792],
				"rotation": [15, 0, 0]
			},
			{
				"name": "bone112",
				"parent": "bone111",
				"pivot": [0, -0.75, 5.27792],
				"rotation": [0, -45, 0],
				"cubes": [
					{"origin": [-1, 5.25, 4.27792], "size": [2, 0.2, 2], "uv": [28, 31]}
				]
			},
			{
				"name": "bone113",
				"parent": "neiqunzi3",
				"pivot": [0, -0.75, 0],
				"rotation": [0, -240, 0]
			},
			{
				"name": "bone114",
				"parent": "bone113",
				"pivot": [0, -0.75, 5.27792],
				"rotation": [15, 0, 0]
			},
			{
				"name": "bone115",
				"parent": "bone114",
				"pivot": [0, -0.75, 5.27792],
				"rotation": [0, -45, 0],
				"cubes": [
					{"origin": [-1, 5.25, 4.27792], "size": [2, 0.2, 2], "uv": [28, 31]}
				]
			},
			{
				"name": "bone116",
				"parent": "neiqunzi3",
				"pivot": [0, -0.75, 0],
				"rotation": [0, -270, 0]
			},
			{
				"name": "bone117",
				"parent": "bone116",
				"pivot": [0, -0.75, 5.27792],
				"rotation": [15, 0, 0]
			},
			{
				"name": "bone118",
				"parent": "bone117",
				"pivot": [0, -0.75, 5.27792],
				"rotation": [0, -45, 0],
				"cubes": [
					{"origin": [-1, 5.25, 4.27792], "size": [2, 0.2, 2], "uv": [28, 31]}
				]
			},
			{
				"name": "bone119",
				"parent": "neiqunzi3",
				"pivot": [0, -0.75, 0],
				"rotation": [0, -300, 0]
			},
			{
				"name": "bone120",
				"parent": "bone119",
				"pivot": [0, -0.75, 5.27792],
				"rotation": [15, 0, 0]
			},
			{
				"name": "bone121",
				"parent": "bone120",
				"pivot": [0, -0.75, 5.27792],
				"rotation": [0, -45, 0],
				"cubes": [
					{"origin": [-1, 5.25, 4.27792], "size": [2, 0.2, 2], "uv": [28, 31]}
				]
			},
			{
				"name": "bone122",
				"parent": "neiqunzi3",
				"pivot": [0, -0.75, 0],
				"rotation": [0, -330, 0]
			},
			{
				"name": "bone123",
				"parent": "bone122",
				"pivot": [0, -0.75, 5.27792],
				"rotation": [15, 0, 0]
			},
			{
				"name": "bone124",
				"parent": "bone123",
				"pivot": [0, -0.75, 5.27792],
				"rotation": [0, -45, 0],
				"cubes": [
					{"origin": [-1, 5.25, 4.27792], "size": [2, 0.2, 2], "uv": [28, 31]}
				]
			},
			{
				"name": "neiqunzi4",
				"parent": "neiqunhuabian",
				"pivot": [0, 13.75, 0]
			},
			{
				"name": "bone125",
				"parent": "neiqunzi4",
				"pivot": [0, -0.75, 0]
			},
			{
				"name": "bone126",
				"parent": "bone125",
				"pivot": [0, -0.75, 5.27792],
				"rotation": [15, 0, 0]
			},
			{
				"name": "bone127",
				"parent": "bone126",
				"pivot": [0, -0.75, 5.27792],
				"rotation": [0, -45, 0],
				"cubes": [
					{"origin": [-1, 5.05, 4.27792], "size": [2, 0.2, 2], "uv": [2, 32]}
				]
			},
			{
				"name": "bone128",
				"parent": "neiqunzi4",
				"pivot": [0, -0.75, 0],
				"rotation": [0, -30, 0]
			},
			{
				"name": "bone129",
				"parent": "bone128",
				"pivot": [0, -0.75, 5.27792],
				"rotation": [15, 0, 0]
			},
			{
				"name": "bone130",
				"parent": "bone129",
				"pivot": [0, -0.75, 5.27792],
				"rotation": [0, -45, 0],
				"cubes": [
					{"origin": [-1, 5.05, 4.27792], "size": [2, 0.2, 2], "uv": [2, 32]}
				]
			},
			{
				"name": "bone131",
				"parent": "neiqunzi4",
				"pivot": [0, -0.75, 0],
				"rotation": [0, -60, 0]
			},
			{
				"name": "bone132",
				"parent": "bone131",
				"pivot": [0, -0.75, 5.27792],
				"rotation": [15, 0, 0]
			},
			{
				"name": "bone133",
				"parent": "bone132",
				"pivot": [0, -0.75, 5.27792],
				"rotation": [0, -45, 0],
				"cubes": [
					{"origin": [-1, 5.05, 4.27792], "size": [2, 0.2, 2], "uv": [2, 32]}
				]
			},
			{
				"name": "bone134",
				"parent": "neiqunzi4",
				"pivot": [0, -0.75, 0],
				"rotation": [0, -90, 0]
			},
			{
				"name": "bone135",
				"parent": "bone134",
				"pivot": [0, -0.75, 5.27792],
				"rotation": [15, 0, 0]
			},
			{
				"name": "bone136",
				"parent": "bone135",
				"pivot": [0, -0.75, 5.27792],
				"rotation": [0, -45, 0],
				"cubes": [
					{"origin": [-1, 5.05, 4.27792], "size": [2, 0.2, 2], "uv": [2, 32]}
				]
			},
			{
				"name": "bone137",
				"parent": "neiqunzi4",
				"pivot": [0, -0.75, 0],
				"rotation": [0, -120, 0]
			},
			{
				"name": "bone138",
				"parent": "bone137",
				"pivot": [0, -0.75, 5.27792],
				"rotation": [15, 0, 0]
			},
			{
				"name": "bone139",
				"parent": "bone138",
				"pivot": [0, -0.75, 5.27792],
				"rotation": [0, -45, 0],
				"cubes": [
					{"origin": [-1, 5.05, 4.27792], "size": [2, 0.2, 2], "uv": [2, 32]}
				]
			},
			{
				"name": "bone140",
				"parent": "neiqunzi4",
				"pivot": [0, -0.75, 0],
				"rotation": [0, -150, 0]
			},
			{
				"name": "bone141",
				"parent": "bone140",
				"pivot": [0, -0.75, 5.27792],
				"rotation": [15, 0, 0]
			},
			{
				"name": "bone142",
				"parent": "bone141",
				"pivot": [0, -0.75, 5.27792],
				"rotation": [0, -45, 0],
				"cubes": [
					{"origin": [-1, 5.05, 4.27792], "size": [2, 0.2, 2], "uv": [2, 32]}
				]
			},
			{
				"name": "bone143",
				"parent": "neiqunzi4",
				"pivot": [0, -0.75, 0],
				"rotation": [0, -180, 0]
			},
			{
				"name": "bone144",
				"parent": "bone143",
				"pivot": [0, -0.75, 5.27792],
				"rotation": [15, 0, 0]
			},
			{
				"name": "bone145",
				"parent": "bone144",
				"pivot": [0, -0.75, 5.27792],
				"rotation": [0, -45, 0],
				"cubes": [
					{"origin": [-1, 5.05, 4.27792], "size": [2, 0.2, 2], "uv": [2, 32]}
				]
			},
			{
				"name": "bone146",
				"parent": "neiqunzi4",
				"pivot": [0, -0.75, 0],
				"rotation": [0, -210, 0]
			},
			{
				"name": "bone147",
				"parent": "bone146",
				"pivot": [0, -0.75, 5.27792],
				"rotation": [15, 0, 0]
			},
			{
				"name": "bone148",
				"parent": "bone147",
				"pivot": [0, -0.75, 5.27792],
				"rotation": [0, -45, 0],
				"cubes": [
					{"origin": [-1, 5.05, 4.27792], "size": [2, 0.2, 2], "uv": [2, 32]}
				]
			},
			{
				"name": "bone149",
				"parent": "neiqunzi4",
				"pivot": [0, -0.75, 0],
				"rotation": [0, -240, 0]
			},
			{
				"name": "bone150",
				"parent": "bone149",
				"pivot": [0, -0.75, 5.27792],
				"rotation": [15, 0, 0]
			},
			{
				"name": "bone151",
				"parent": "bone150",
				"pivot": [0, -0.75, 5.27792],
				"rotation": [0, -45, 0],
				"cubes": [
					{"origin": [-1, 5.05, 4.27792], "size": [2, 0.2, 2], "uv": [2, 32]}
				]
			},
			{
				"name": "bone152",
				"parent": "neiqunzi4",
				"pivot": [0, -0.75, 0],
				"rotation": [0, -270, 0]
			},
			{
				"name": "bone153",
				"parent": "bone152",
				"pivot": [0, -0.75, 5.27792],
				"rotation": [15, 0, 0]
			},
			{
				"name": "bone154",
				"parent": "bone153",
				"pivot": [0, -0.75, 5.27792],
				"rotation": [0, -45, 0],
				"cubes": [
					{"origin": [-1, 5.05, 4.27792], "size": [2, 0.2, 2], "uv": [2, 32]}
				]
			},
			{
				"name": "bone155",
				"parent": "neiqunzi4",
				"pivot": [0, -0.75, 0],
				"rotation": [0, -300, 0]
			},
			{
				"name": "bone156",
				"parent": "bone155",
				"pivot": [0, -0.75, 5.27792],
				"rotation": [15, 0, 0]
			},
			{
				"name": "bone157",
				"parent": "bone156",
				"pivot": [0, -0.75, 5.27792],
				"rotation": [0, -45, 0],
				"cubes": [
					{"origin": [-1, 5.05, 4.27792], "size": [2, 0.2, 2], "uv": [2, 32]}
				]
			},
			{
				"name": "bone158",
				"parent": "neiqunzi4",
				"pivot": [0, -0.75, 0],
				"rotation": [0, -330, 0]
			},
			{
				"name": "bone159",
				"parent": "bone158",
				"pivot": [0, -0.75, 5.27792],
				"rotation": [15, 0, 0]
			},
			{
				"name": "bone160",
				"parent": "bone159",
				"pivot": [0, -0.75, 5.27792],
				"rotation": [0, -45, 0],
				"cubes": [
					{"origin": [-1, 5.05, 4.27792], "size": [2, 0.2, 2], "uv": [2, 32]}
				]
			},
			{
				"name": "neiqunzi",
				"parent": "body",
				"pivot": [0, 13.75, 0]
			},
			{
				"name": "bone",
				"parent": "neiqunzi",
				"pivot": [0, -0.75, 0]
			},
			{
				"name": "bone2",
				"parent": "bone",
				"pivot": [0, -0.75, 5.27792],
				"rotation": [15, 0, 0]
			},
			{
				"name": "bone3",
				"parent": "bone2",
				"pivot": [0, -0.75, 5.27792],
				"rotation": [0, -45, 0],
				"cubes": [
					{"origin": [-1, 5.95, 4.27792], "size": [2, 7.8, 2], "uv": [20, 22]}
				]
			},
			{
				"name": "bone4",
				"parent": "neiqunzi",
				"pivot": [0, -0.75, 0],
				"rotation": [0, -30, 0]
			},
			{
				"name": "bone5",
				"parent": "bone4",
				"pivot": [0, -0.75, 5.27792],
				"rotation": [15, 0, 0]
			},
			{
				"name": "bone6",
				"parent": "bone5",
				"pivot": [0, -0.75, 5.27792],
				"rotation": [0, -45, 0],
				"cubes": [
					{"origin": [-1, 5.95, 4.27792], "size": [2, 7.8, 2], "uv": [20, 22]}
				]
			},
			{
				"name": "bone7",
				"parent": "neiqunzi",
				"pivot": [0, -0.75, 0],
				"rotation": [0, -60, 0]
			},
			{
				"name": "bone8",
				"parent": "bone7",
				"pivot": [0, -0.75, 5.27792],
				"rotation": [15, 0, 0]
			},
			{
				"name": "bone9",
				"parent": "bone8",
				"pivot": [0, -0.75, 5.27792],
				"rotation": [0, -45, 0],
				"cubes": [
					{"origin": [-1, 5.95, 4.27792], "size": [2, 7.8, 2], "uv": [20, 22]}
				]
			},
			{
				"name": "bone10",
				"parent": "neiqunzi",
				"pivot": [0, -0.75, 0],
				"rotation": [0, -90, 0]
			},
			{
				"name": "bone11",
				"parent": "bone10",
				"pivot": [0, -0.75, 5.27792],
				"rotation": [15, 0, 0]
			},
			{
				"name": "bone12",
				"parent": "bone11",
				"pivot": [0, -0.75, 5.27792],
				"rotation": [0, -45, 0],
				"cubes": [
					{"origin": [-1, 5.95, 4.27792], "size": [2, 7.8, 2], "uv": [20, 22]}
				]
			},
			{
				"name": "bone13",
				"parent": "neiqunzi",
				"pivot": [0, -0.75, 0],
				"rotation": [0, -120, 0]
			},
			{
				"name": "bone14",
				"parent": "bone13",
				"pivot": [0, -0.75, 5.27792],
				"rotation": [15, 0, 0]
			},
			{
				"name": "bone15",
				"parent": "bone14",
				"pivot": [0, -0.75, 5.27792],
				"rotation": [0, -45, 0],
				"cubes": [
					{"origin": [-1, 5.95, 4.27792], "size": [2, 7.8, 2], "uv": [20, 22]}
				]
			},
			{
				"name": "bone16",
				"parent": "neiqunzi",
				"pivot": [0, -0.75, 0],
				"rotation": [0, -150, 0]
			},
			{
				"name": "bone17",
				"parent": "bone16",
				"pivot": [0, -0.75, 5.27792],
				"rotation": [15, 0, 0]
			},
			{
				"name": "bone18",
				"parent": "bone17",
				"pivot": [0, -0.75, 5.27792],
				"rotation": [0, -45, 0],
				"cubes": [
					{"origin": [-1, 5.95, 4.27792], "size": [2, 7.8, 2], "uv": [20, 22]}
				]
			},
			{
				"name": "bone19",
				"parent": "neiqunzi",
				"pivot": [0, -0.75, 0],
				"rotation": [0, -180, 0]
			},
			{
				"name": "bone20",
				"parent": "bone19",
				"pivot": [0, -0.75, 5.27792],
				"rotation": [15, 0, 0]
			},
			{
				"name": "bone21",
				"parent": "bone20",
				"pivot": [0, -0.75, 5.27792],
				"rotation": [0, -45, 0],
				"cubes": [
					{"origin": [-1, 5.95, 4.27792], "size": [2, 7.8, 2], "uv": [20, 22]}
				]
			},
			{
				"name": "bone22",
				"parent": "neiqunzi",
				"pivot": [0, -0.75, 0],
				"rotation": [0, -210, 0]
			},
			{
				"name": "bone23",
				"parent": "bone22",
				"pivot": [0, -0.75, 5.27792],
				"rotation": [15, 0, 0]
			},
			{
				"name": "bone24",
				"parent": "bone23",
				"pivot": [0, -0.75, 5.27792],
				"rotation": [0, -45, 0],
				"cubes": [
					{"origin": [-1, 5.95, 4.27792], "size": [2, 7.8, 2], "uv": [20, 22]}
				]
			},
			{
				"name": "bone25",
				"parent": "neiqunzi",
				"pivot": [0, -0.75, 0],
				"rotation": [0, -240, 0]
			},
			{
				"name": "bone26",
				"parent": "bone25",
				"pivot": [0, -0.75, 5.27792],
				"rotation": [15, 0, 0]
			},
			{
				"name": "bone27",
				"parent": "bone26",
				"pivot": [0, -0.75, 5.27792],
				"rotation": [0, -45, 0],
				"cubes": [
					{"origin": [-1, 5.95, 4.27792], "size": [2, 7.8, 2], "uv": [20, 22]}
				]
			},
			{
				"name": "bone28",
				"parent": "neiqunzi",
				"pivot": [0, -0.75, 0],
				"rotation": [0, -270, 0]
			},
			{
				"name": "bone29",
				"parent": "bone28",
				"pivot": [0, -0.75, 5.27792],
				"rotation": [15, 0, 0]
			},
			{
				"name": "bone30",
				"parent": "bone29",
				"pivot": [0, -0.75, 5.27792],
				"rotation": [0, -45, 0],
				"cubes": [
					{"origin": [-1, 5.95, 4.27792], "size": [2, 7.8, 2], "uv": [20, 22]}
				]
			},
			{
				"name": "bone31",
				"parent": "neiqunzi",
				"pivot": [0, -0.75, 0],
				"rotation": [0, -300, 0]
			},
			{
				"name": "bone32",
				"parent": "bone31",
				"pivot": [0, -0.75, 5.27792],
				"rotation": [15, 0, 0]
			},
			{
				"name": "bone33",
				"parent": "bone32",
				"pivot": [0, -0.75, 5.27792],
				"rotation": [0, -45, 0],
				"cubes": [
					{"origin": [-1, 5.95, 4.27792], "size": [2, 7.8, 2], "uv": [20, 22]}
				]
			},
			{
				"name": "bone34",
				"parent": "neiqunzi",
				"pivot": [0, -0.75, 0],
				"rotation": [0, -330, 0]
			},
			{
				"name": "bone35",
				"parent": "bone34",
				"pivot": [0, -0.75, 5.27792],
				"rotation": [15, 0, 0]
			},
			{
				"name": "bone36",
				"parent": "bone35",
				"pivot": [0, -0.75, 5.27792],
				"rotation": [0, -45, 0],
				"cubes": [
					{"origin": [-1, 5.95, 4.27792], "size": [2, 7.8, 2], "uv": [20, 22]}
				]
			},
			{
				"name": "waitao",
				"parent": "body",
				"pivot": [0, 15.8, 0]
			},
			{
				"name": "bone38",
				"parent": "waitao",
				"pivot": [0, 5.3, 0]
			},
			{
				"name": "bone39",
				"parent": "bone38",
				"pivot": [0, 13.8, 2.97051],
				"rotation": [13.5, 0, 0],
				"cubes": [
					{"origin": [-2.5, 6.62649, 2.97171], "size": [5, 7.2, 0.05], "uv": [2, 29]}
				]
			},
			{
				"name": "bone40",
				"parent": "bone39",
				"pivot": [-2.9, 13.82649, 2.97171],
				"rotation": [0, 0, 13.35108],
				"cubes": [
					{"origin": [-2.96611, 6.82762, 2.97071], "size": [2.8, 7.2, 0.05], "uv": [2, 29]}
				]
			},
			{
				"name": "bone41",
				"parent": "bone39",
				"pivot": [2.9, 13.82649, 2.97171],
				"rotation": [0, 0, -13.35108],
				"cubes": [
					{"origin": [0.06611, 6.82762, 2.97271], "size": [2.9, 7.2, 0.05], "uv": [2, 29]}
				]
			},
			{
				"name": "bone42",
				"parent": "waitao",
				"pivot": [0, 5.3, 0],
				"rotation": [0, -90, 0]
			},
			{
				"name": "bone43",
				"parent": "bone42",
				"pivot": [0, 13.9, 3.07051],
				"rotation": [13.5, 0, 0],
				"cubes": [
					{"origin": [-2.5, 6.64537, 2.95587], "size": [5, 7.2, 0.05], "uv": [2, 29]}
				]
			},
			{
				"name": "bone44",
				"parent": "bone43",
				"pivot": [-3, 13.84537, 2.95587],
				"rotation": [0, 0, 13.85108],
				"cubes": [
					{"origin": [-2.96758, 6.86361, 2.95487], "size": [2.8, 7.2, 0.05], "uv": [2, 29]}
				]
			},
			{
				"name": "bone45",
				"parent": "bone43",
				"pivot": [2.9, 14.04537, 2.95587],
				"rotation": [0, 0, -13.35108],
				"cubes": [
					{"origin": [0.03189, 6.84945, 2.95687], "size": [2.9, 7.2, 0.05], "uv": [2, 29]}
				]
			},
			{
				"name": "bone46",
				"parent": "waitao",
				"pivot": [0, 5.3, 0],
				"rotation": [0, -180, 0]
			},
			{
				"name": "bone47",
				"parent": "bone46",
				"pivot": [0, 13.9, 2.97051],
				"rotation": [13.5, 0, 0]
			},
			{
				"name": "bone197",
				"parent": "bone47",
				"pivot": [0, 7.77018, 2.95435],
				"rotation": [0, 0, -7.5],
				"cubes": [
					{"origin": [0.8, 6.47801, 2.95435], "size": [1.7, 7.35, 0.05], "uv": [2, 29]}
				]
			},
			{
				"name": "bone48",
				"parent": "bone47",
				"pivot": [-2.9, 13.82801, 2.95435],
				"rotation": [0, 0, 13.35108],
				"cubes": [
					{"origin": [-2.96611, 6.82914, 2.95335], "size": [2.2, 7.2, 0.05], "uv": [2, 29]}
				]
			},
			{
				"name": "bone49",
				"parent": "bone47",
				"pivot": [2.9, 13.82801, 2.95435],
				"rotation": [0, 0, -13.35108],
				"cubes": [
					{"origin": [0.56611, 6.82914, 2.95535], "size": [2.4, 7.2, 0.05], "uv": [2, 29]}
				]
			},
			{
				"name": "bone198",
				"parent": "bone47",
				"pivot": [0, 7.77018, 2.95435],
				"rotation": [0, 0, 7.5],
				"cubes": [
					{"origin": [-2.5, 6.57801, 2.95435], "size": [1.6, 7.25, 0.05], "uv": [2, 29]}
				]
			},
			{
				"name": "bone50",
				"parent": "waitao",
				"pivot": [0, 5.3, 0],
				"rotation": [0, -270, 0]
			},
			{
				"name": "bone51",
				"parent": "bone50",
				"pivot": [0, 13.8, 2.97051],
				"rotation": [13.5, 0, 0],
				"cubes": [
					{"origin": [-2.5, 6.62649, 2.97171], "size": [5, 7.2, 0.05], "uv": [2, 29]}
				]
			},
			{
				"name": "bone52",
				"parent": "bone51",
				"pivot": [-2.9, 13.82649, 2.97171],
				"rotation": [0, 0, 13.35108],
				"cubes": [
					{"origin": [-2.96611, 6.82762, 2.97071], "size": [2.9, 7.2, 0.05], "uv": [2, 29]}
				]
			},
			{
				"name": "bone53",
				"parent": "bone51",
				"pivot": [2.9, 13.92649, 2.97171],
				"rotation": [0, 0, -13.35108],
				"cubes": [
					{"origin": [0.049, 6.82909, 2.97271], "size": [2.9, 7.2, 0.05], "uv": [2, 29]}
				]
			},
			{
				"name": "xidai",
				"parent": "body",
				"pivot": [0, 10.7, -1],
				"cubes": [
					{"origin": [0.7, 15.699, -3.2], "size": [0.5, 0.5, 0.3], "uv": [9, 41]},
					{"origin": [-1.1, 15.699, -3.2], "size": [0.5, 0.5, 0.3], "uv": [10, 44]},
					{"origin": [-1.1, 15.899, -3.1], "size": [2.2, 0.1, 0.05], "uv": [31, 33]}
				]
			},
			{
				"name": "bone206",
				"parent": "xidai",
				"pivot": [0, 10.7, -1],
				"cubes": [
					{"origin": [-0.05, 15.85, -3.2], "size": [0.2, 0.2, 0.15], "uv": [39, 31]},
					{"origin": [-0.05, 15.85, -3.2], "size": [0.2, 0.2, 0.15], "uv": [39, 31]}
				]
			},
			{
				"name": "bone207",
				"parent": "bone206",
				"pivot": [0.05, 15.9, -3.1],
				"rotation": [-15, 0, 30],
				"cubes": [
					{"origin": [-0.05, 15.15, -3.1], "size": [0.2, 0.9, 0.05], "uv": [39, 31]}
				]
			},
			{
				"name": "bone209",
				"parent": "bone207",
				"pivot": [0.05, 15.9, -3.1],
				"rotation": [10, 0, -15],
				"cubes": [
					{"origin": [-0.05, 14.35, -3.1], "size": [0.2, 1.7, 0.05], "uv": [39, 31]}
				]
			},
			{
				"name": "bone208",
				"parent": "bone206",
				"pivot": [0.05, 15.9, -3.1],
				"rotation": [-15, 0, -35],
				"cubes": [
					{"origin": [-0.05, 15.15, -3.1], "size": [0.2, 0.9, 0.05], "uv": [39, 31]}
				]
			},
			{
				"name": "bone210",
				"parent": "bone208",
				"pivot": [0.05, 15.9, -3.1],
				"rotation": [10, 0, 15],
				"cubes": [
					{"origin": [-0.05, 14.35, -3.1], "size": [0.2, 1.7, 0.05], "uv": [39, 31]}
				]
			},
			{
				"name": "pijian",
				"parent": "body",
				"pivot": [0, 10.5, 0],
				"cubes": [
					{"origin": [-2.9, 15.699, 3], "size": [5.9, 2.3, 0.1], "uv": [0, 29]},
					{"origin": [-3.1, 17.999, -3.1], "size": [2, 0.1, 6.2], "uv": [0, 29]},
					{"origin": [1.1, 17.999, -3.1], "size": [2, 0.1, 6.2], "uv": [0, 29]}
				]
			},
			{
				"name": "legLeft",
				"pivot": [2, 9, 0],
				"cubes": [
					{"origin": [0.499, 0, -1.25], "size": [2.5, 9, 2.5], "uv": [17, 39]}
				]
			},
			{
				"name": "legRight",
				"pivot": [-2, 9, 0],
				"cubes": [
					{"origin": [-3.001, 0, -1.25], "size": [2.5, 9, 2.5], "uv": [17, 39]}
				]
			},
			{
				"name": "sasimonoShow",
				"pivot": [0, 0, 1.3]
			},
			{
				"name": "wingRight",
				"parent": "sasimonoShow",
				"pivot": [-0.5, 15, 5.05],
				"rotation": [0, -60, 0],
				"cubes": [
					{"origin": [-0.5, 3, 4.8], "size": [0, 24, 13], "uv": [0, 37]}
				]
			},
			{
				"name": "wingLeft",
				"parent": "sasimonoShow",
				"pivot": [0.5, 15, 4.55],
				"rotation": [0, 60, 0],
				"cubes": [
					{"origin": [0.5, 3, 4.8], "size": [0, 24, 13], "uv": [0, 37]}
				]
			}
		]
	}
}