{
	"format_version": "1.10.0",
	"geometry.model": {
		"texturewidth": 128,
		"textureheight": 128,
		"visible_bounds_width": 3,
		"visible_bounds_height": 2,
		"visible_bounds_offset": [0, 0, 0],
		"bones": [
			{
				"name": "head",
				"pivot": [0, 18.6, 0]
			},
			{
				"name": "bone71",
				"parent": "head",
				"pivot": [2.1, 20.6, 4]
			},
			{
				"name": "bone72",
				"parent": "bone71",
				"pivot": [0.1, 20.6, 4],
				"rotation": [15, 0, -5],
				"cubes": [
					{"origin": [0, 16.6, 3], "size": [2, 4, 1], "uv": [18, 9]}
				]
			},
			{
				"name": "bone74",
				"parent": "bone72",
				"pivot": [0.1, 16.6, 4],
				"rotation": [0, 0, 12.5],
				"cubes": [
					{"origin": [0, 15.6, 3], "size": [2, 1, 1], "uv": [18, 9]}
				]
			},
			{
				"name": "bone75",
				"parent": "bone74",
				"pivot": [2.1, 15.6, 4],
				"rotation": [0, 0, -17.5],
				"cubes": [
					{"origin": [0, 14.6, 3], "size": [2, 1, 1], "uv": [18, 9]}
				]
			},
			{
				"name": "bone76",
				"parent": "bone75",
				"pivot": [0.1, 14.6, 4],
				"rotation": [0, 0, 15],
				"cubes": [
					{"origin": [0, 13.6, 3], "size": [2, 1, 1], "uv": [18, 9]}
				]
			},
			{
				"name": "bone77",
				"parent": "bone76",
				"pivot": [2.1, 13.6, 4],
				"rotation": [0, 0, -17.5],
				"cubes": [
					{"origin": [0, 12.6, 3], "size": [2, 1, 1], "uv": [18, 9]}
				]
			},
			{
				"name": "bone78",
				"parent": "bone77",
				"pivot": [0.1, 12.6, 4],
				"rotation": [0, 0, 20],
				"cubes": [
					{"origin": [0, 11.6, 3], "size": [2, 1, 1], "uv": [18, 9]}
				]
			},
			{
				"name": "bone70",
				"parent": "bone71",
				"pivot": [-1.9, 20.7, 4],
				"rotation": [15, 0, 5],
				"cubes": [
					{"origin": [-2, 16.7, 3], "size": [2, 4, 1], "uv": [18, 10]}
				]
			},
			{
				"name": "bone84",
				"parent": "bone70",
				"pivot": [0.11743, 16.70755, 3.94843],
				"rotation": [0, 0, -12.5],
				"cubes": [
					{"origin": [-2, 15.7, 3], "size": [2, 1, 1], "uv": [18, 10]}
				]
			},
			{
				"name": "bone85",
				"parent": "bone84",
				"pivot": [-1.88257, 15.70755, 3.94843],
				"rotation": [0, 0, 17.5],
				"cubes": [
					{"origin": [-2, 14.7, 3], "size": [2, 1, 1], "uv": [18, 10]}
				]
			},
			{
				"name": "bone86",
				"parent": "bone85",
				"pivot": [0.11743, 14.70755, 3.94843],
				"rotation": [0, 0, -15],
				"cubes": [
					{"origin": [-2, 13.7, 3], "size": [2, 1, 1], "uv": [18, 10]}
				]
			},
			{
				"name": "bone87",
				"parent": "bone86",
				"pivot": [-1.88257, 13.70755, 3.94843],
				"rotation": [0, 0, 17.5],
				"cubes": [
					{"origin": [-2, 12.7, 3], "size": [2, 1, 1], "uv": [18, 10]}
				]
			},
			{
				"name": "bone88",
				"parent": "bone87",
				"pivot": [0.11743, 12.70755, 3.94843],
				"rotation": [0, 0, -20],
				"cubes": [
					{"origin": [-2, 11.7, 3], "size": [2, 1, 1], "uv": [18, 10]}
				]
			},
			{
				"name": "bone65",
				"parent": "bone71",
				"pivot": [2.1, 20.6, 4],
				"rotation": [7.5, 0, -12.5],
				"cubes": [
					{"origin": [2, 16.6, 3], "size": [2, 4, 1], "uv": [18, 14]}
				]
			},
			{
				"name": "bone66",
				"parent": "bone65",
				"pivot": [2.1, 16.6, 4],
				"rotation": [0, 0, 12.5],
				"cubes": [
					{"origin": [2, 15.6, 3], "size": [2, 1, 1], "uv": [18, 14]}
				]
			},
			{
				"name": "bone67",
				"parent": "bone66",
				"pivot": [4.1, 15.6, 4],
				"rotation": [0, 0, -17.5],
				"cubes": [
					{"origin": [2, 14.6, 3], "size": [2, 1, 1], "uv": [18, 14]}
				]
			},
			{
				"name": "bone68",
				"parent": "bone67",
				"pivot": [2.1, 14.6, 4],
				"rotation": [0, 0, 15],
				"cubes": [
					{"origin": [2, 13.6, 3], "size": [2, 1, 1], "uv": [18, 14]}
				]
			},
			{
				"name": "bone69",
				"parent": "bone68",
				"pivot": [4.1, 13.6, 4],
				"rotation": [0, 0, -17.5],
				"cubes": [
					{"origin": [2, 12.6, 3], "size": [2, 1, 1], "uv": [18, 14]}
				]
			},
			{
				"name": "bone89",
				"parent": "bone69",
				"pivot": [2.1, 12.6, 4],
				"rotation": [0, 0, 20]
			},
			{
				"name": "bone90",
				"parent": "bone71",
				"pivot": [-1.9, 20.8, 4],
				"rotation": [12.5, 0, 15],
				"cubes": [
					{"origin": [-3.99239, 16.63163, 2.95488], "size": [2, 4, 1], "uv": [23, 13]}
				]
			},
			{
				"name": "bone91",
				"parent": "bone90",
				"pivot": [0.11743, 16.80755, 3.94843],
				"rotation": [0, 0, -12.5],
				"cubes": [
					{"origin": [-3.9816, 16.06685, 2.95488], "size": [2, 1, 1], "uv": [23, 13]}
				]
			},
			{
				"name": "bone92",
				"parent": "bone91",
				"pivot": [-1.88257, 15.80755, 3.94843],
				"rotation": [0, 0, 17.5],
				"cubes": [
					{"origin": [-3.97013, 14.45862, 2.95488], "size": [2, 1, 1], "uv": [23, 13]}
				]
			},
			{
				"name": "bone93",
				"parent": "bone92",
				"pivot": [0.11743, 14.80755, 3.94843],
				"rotation": [0, 0, -15],
				"cubes": [
					{"origin": [-3.99136, 13.98016, 2.95488], "size": [2, 1, 1], "uv": [23, 13]}
				]
			},
			{
				"name": "bone94",
				"parent": "bone93",
				"pivot": [-1.88257, 13.80755, 3.94843],
				"rotation": [0, 0, 17.5],
				"cubes": [
					{"origin": [-3.95337, 12.37301, 2.95488], "size": [2, 1, 1], "uv": [23, 13]}
				]
			},
			{
				"name": "bone95",
				"parent": "bone94",
				"pivot": [0.11743, 12.80755, 3.94843],
				"rotation": [0, 0, -20]
			},
			{
				"name": "bone41",
				"parent": "head",
				"pivot": [-1.75, 9.6, 0],
				"cubes": [
					{"origin": [-4, 18.6, -4], "size": [8, 8, 8], "uv": [0, 0]},
					{"origin": [-4.25, 18.35, -4.25], "size": [8.5, 8.5, 8.5], "uv": [32, 0]},
					{"origin": [-4.3, 23.35, -0.2], "size": [8.6, 3.65, 0.3], "uv": [0, 22]}
				]
			},
			{
				"name": "bone42",
				"parent": "bone41",
				"pivot": [4.2, 23.5, 0],
				"rotation": [0, -90, 0]
			},
			{
				"name": "bone43",
				"parent": "bone42",
				"pivot": [4.2, 18.3, 0.3],
				"rotation": [-12.5, 0, 10],
				"cubes": [
					{"origin": [3.18835, 20.5034, -1.0143], "size": [0.2, 2.9, 0.1], "uv": [17, 36]}
				]
			},
			{
				"name": "bone44",
				"parent": "bone43",
				"pivot": [4.2, 18.37164, 0.49763],
				"rotation": [-12.5, 0, 12.5],
				"cubes": [
					{"origin": [2.12681, 20.4635, -1.90029], "size": [0.2, 2.25, 0.1], "uv": [17, 36]}
				]
			},
			{
				"name": "bone45",
				"parent": "bone44",
				"pivot": [4.2, 16.87164, 0.49763],
				"rotation": [7.5, 0, 0],
				"cubes": [
					{"origin": [2.12681, 20.72671, -1.3203], "size": [0.2, 2.15, 0.1], "uv": [17, 36]}
				]
			},
			{
				"name": "bone46",
				"parent": "bone42",
				"pivot": [4.2, 18.3, 0.3],
				"rotation": [-12.5, 0, -10],
				"cubes": [
					{"origin": [5.01165, 20.5034, -1.0143], "size": [0.2, 2.9, 0.1], "uv": [10, 39]}
				]
			},
			{
				"name": "bone47",
				"parent": "bone46",
				"pivot": [4.2, 18.37164, 0.49763],
				"rotation": [-12.5, 0, -12.5],
				"cubes": [
					{"origin": [6.07319, 20.4635, -1.90029], "size": [0.2, 2.25, 0.1], "uv": [10, 39]}
				]
			},
			{
				"name": "bone48",
				"parent": "bone47",
				"pivot": [4.2, 16.87164, 0.49763],
				"rotation": [7.5, 0, 0],
				"cubes": [
					{"origin": [6.07319, 20.42671, -1.3203], "size": [0.2, 2.45, 0.1], "uv": [10, 39]}
				]
			},
			{
				"name": "bone49",
				"parent": "bone41",
				"pivot": [-4.2, 23.5, 0],
				"rotation": [0, 90, 0]
			},
			{
				"name": "bone50",
				"parent": "bone49",
				"pivot": [-4.2, 18.3, 0.3],
				"rotation": [-12.5, 0, 10],
				"cubes": [
					{"origin": [-5.21165, 20.5034, -1.0143], "size": [0.2, 2.9, 0.1], "uv": [17, 36]}
				]
			},
			{
				"name": "bone51",
				"parent": "bone50",
				"pivot": [-4.2, 18.37164, 0.49763],
				"rotation": [-12.5, 0, 12.5],
				"cubes": [
					{"origin": [-6.27319, 20.4635, -1.90029], "size": [0.2, 2.25, 0.1], "uv": [17, 36]}
				]
			},
			{
				"name": "bone52",
				"parent": "bone51",
				"pivot": [-4.2, 16.87164, 0.49763],
				"rotation": [7.5, 0, 0],
				"cubes": [
					{"origin": [-6.27319, 20.72671, -1.3203], "size": [0.2, 2.15, 0.1], "uv": [17, 36]}
				]
			},
			{
				"name": "bone53",
				"parent": "bone49",
				"pivot": [-4.2, 18.3, 0.3],
				"rotation": [-12.5, 0, -10],
				"cubes": [
					{"origin": [-3.38835, 20.5034, -1.0143], "size": [0.2, 2.9, 0.1], "uv": [10, 39]}
				]
			},
			{
				"name": "bone54",
				"parent": "bone53",
				"pivot": [-4.2, 18.37164, 0.49763],
				"rotation": [-12.5, 0, -12.5],
				"cubes": [
					{"origin": [-2.32681, 20.4635, -1.90029], "size": [0.2, 2.25, 0.1], "uv": [10, 39]}
				]
			},
			{
				"name": "bone55",
				"parent": "bone54",
				"pivot": [-4.2, 16.87164, 0.49763],
				"rotation": [7.5, 0, 0],
				"cubes": [
					{"origin": [-2.32681, 20.42671, -1.3203], "size": [0.2, 2.45, 0.1], "uv": [10, 39]}
				]
			},
			{
				"name": "blink",
				"parent": "head",
				"pivot": [0, 18.6, 0],
				"cubes": [
					{"origin": [-4, 18.6, -4.001], "size": [8, 8, 0], "uv": [24, 0]}
				]
			},
			{
				"name": "bone56",
				"parent": "head",
				"pivot": [0, 18.6, 0]
			},
			{
				"name": "bone58",
				"parent": "bone56",
				"pivot": [-3.9, 18.6, -3.9],
				"rotation": [0, 0, -2.5],
				"cubes": [
					{"origin": [-3.89, 16.6, -3.99], "size": [1, 3, 1], "uv": [25, 14]}
				]
			},
			{
				"name": "bone57",
				"parent": "bone56",
				"pivot": [3.9, 18.6, -4],
				"rotation": [0, 0, 1],
				"cubes": [
					{"origin": [2.89, 16.6, -3.99], "size": [1, 3, 1], "uv": [25, 14]}
				]
			},
			{
				"name": "armRight",
				"pivot": [-3, 17.5, 0],
				"rotation": [0, 0, 25]
			},
			{
				"name": "bone35",
				"parent": "armRight",
				"pivot": [0, 0, 0],
				"cubes": [
					{"origin": [-5, 10.2, -1], "size": [2, 6.9, 2], "uv": [9, 59]},
					{"origin": [-5.25, 14.5, -1.25], "size": [2.5, 2.85, 2.5], "uv": [14, 57]},
					{"origin": [-5.25, 9.6, -1.25], "size": [2.5, 1.55, 2.5], "uv": [5, 33]},
					{"origin": [-4.9, 8.5, -0.9], "size": [1.8, 1.5, 1.8], "uv": [12, 89]}
				]
			},
			{
				"name": "armLeft",
				"pivot": [3, 17.5, 0],
				"rotation": [0, 0, -25]
			},
			{
				"name": "bone36",
				"parent": "armLeft",
				"pivot": [0, 0, 0],
				"cubes": [
					{"origin": [3, 10.2, -1], "size": [2, 6.9, 2], "uv": [10, 57]},
					{"origin": [2.75, 14.5, -1.25], "size": [2.5, 2.85, 2.5], "uv": [12, 60]},
					{"origin": [2.75, 9.6, -1.25], "size": [2.5, 1.55, 2.5], "uv": [4, 35]},
					{"origin": [3.1, 8.5, -0.9], "size": [1.8, 1.5, 1.8], "uv": [12, 89]}
				]
			},
			{
				"name": "body",
				"pivot": [0, 10.5, 0],
				"cubes": [
					{"origin": [-2.9, 12.099, -2.9], "size": [5.8, 1.4, 5.8], "uv": [6, 36]}
				]
			},
			{
				"name": "bone4",
				"parent": "body",
				"pivot": [0, 0, 0]
			},
			{
				"name": "bone5",
				"parent": "bone4",
				"pivot": [0, 13.5, -3],
				"rotation": [22.5, 0, 0],
				"cubes": [
					{"origin": [-3, 13.399, -3], "size": [6, 2.5, 0.8], "uv": [1, 30]}
				]
			},
			{
				"name": "bone6",
				"parent": "bone5",
				"pivot": [-2, 13.5, 0],
				"rotation": [0, 0, -5],
				"cubes": [
					{"origin": [-2.99619, 13.58616, -3.01], "size": [1, 2.4, 5.8], "uv": [1, 30]}
				]
			},
			{
				"name": "bone7",
				"parent": "bone5",
				"pivot": [3, 13.5, 0],
				"rotation": [0, 0, 5],
				"cubes": [
					{"origin": [2.00381, 13.58616, -3.01], "size": [1, 2.3, 5.8], "uv": [1, 30]}
				]
			},
			{
				"name": "bone8",
				"parent": "bone4",
				"pivot": [0, 18, -3],
				"rotation": [-22.5, 0, 0],
				"cubes": [
					{"origin": [-3, 15.499, -3], "size": [6, 2.5, 0.8], "uv": [1, 30]}
				]
			},
			{
				"name": "bone9",
				"parent": "bone8",
				"pivot": [-2, 13.5, 0],
				"rotation": [0, 0, -5],
				"cubes": [
					{"origin": [-2.99619, 15.58616, -3.01], "size": [1, 2.5, 0.9], "uv": [1, 30]}
				]
			},
			{
				"name": "bone10",
				"parent": "bone8",
				"pivot": [3, 13.5, 0],
				"rotation": [0, 0, 5],
				"cubes": [
					{"origin": [2.00381, 15.48616, -3.01], "size": [1, 2.5, 0.9], "uv": [1, 30]}
				]
			},
			{
				"name": "bone",
				"parent": "body",
				"pivot": [0, 0, 0],
				"cubes": [
					{"origin": [-3, 13.499, -3], "size": [6, 4.5, 6], "uv": [5, 59]},
					{"origin": [-3, 15.699, 3], "size": [6, 2.3, 0.1], "uv": [0, 36]},
					{"origin": [-2.5, 17.999, -3], "size": [4.9, 0.05, 6], "uv": [0, 36]},
					{"origin": [-1, 13.499, -1], "size": [2, 5.6, 2], "uv": [13, 81]},
					{"origin": [-1.2, 13.499, -1.2], "size": [2.4, 5, 2.4], "uv": [33, 16]}
				]
			},
			{
				"name": "bone2",
				"parent": "bone",
				"pivot": [-2, 13.5, 0],
				"rotation": [0, 0, -5],
				"cubes": [
					{"origin": [-2.99619, 15.78616, -3.01], "size": [1, 2.3, 6.1], "uv": [0, 36]}
				]
			},
			{
				"name": "bone3",
				"parent": "bone",
				"pivot": [3, 13.5, 0],
				"rotation": [0, 0, 5],
				"cubes": [
					{"origin": [2.00381, 15.68616, -3.01], "size": [1, 2.3, 6.1], "uv": [0, 36]},
					{"origin": [2.00381, 13.48616, -3.01], "size": [1, 4.3, 0.9], "uv": [0, 36]}
				]
			},
			{
				"name": "bone18",
				"parent": "body",
				"pivot": [0, 17.46934, -3.05412]
			},
			{
				"name": "bone12",
				"parent": "bone18",
				"pivot": [0, 16.96934, -0.05412],
				"rotation": [0, 0, -20],
				"cubes": [
					{"origin": [0.25, 16.96834, -3.35412], "size": [1.75, 1, 4.6], "uv": [49, 17]}
				]
			},
			{
				"name": "bone11",
				"parent": "bone18",
				"pivot": [0, 16.96934, -0.05412],
				"rotation": [0, 0, 20],
				"cubes": [
					{"origin": [-2, 16.96834, -3.35412], "size": [1.75, 1, 4.6], "uv": [44, 17]}
				]
			},
			{
				"name": "bone73",
				"parent": "body",
				"pivot": [0, 17.4, -3.4],
				"rotation": [-17.5, 0, 0],
				"cubes": [
					{"origin": [-0.15, 17.249, -3.5], "size": [0.3, 0.3, 0.3], "uv": [62, 2]}
				]
			},
			{
				"name": "bone59",
				"parent": "bone73",
				"pivot": [0, 12.2, -3.1],
				"rotation": [-12.5, 0, 10],
				"cubes": [
					{"origin": [-1.01165, 15.3034, -4.4143], "size": [0.2, 2, 0.1], "uv": [15, 66]}
				]
			},
			{
				"name": "bone61",
				"parent": "bone59",
				"pivot": [0, 12.27164, -2.90237],
				"rotation": [-12.5, 0, 12.5],
				"cubes": [
					{"origin": [-2.07319, 15.2635, -5.30029], "size": [0.2, 1.35, 0.1], "uv": [15, 66]}
				]
			},
			{
				"name": "bone62",
				"parent": "bone61",
				"pivot": [0, 10.77164, -2.90237],
				"rotation": [7.5, 0, 0],
				"cubes": [
					{"origin": [-2.07319, 15.52671, -4.7203], "size": [0.2, 1.25, 0.1], "uv": [15, 66]}
				]
			},
			{
				"name": "bone60",
				"parent": "bone73",
				"pivot": [0, 12.2, -3.1],
				"rotation": [-12.5, 0, -10],
				"cubes": [
					{"origin": [0.81165, 15.3034, -4.4143], "size": [0.2, 2, 0.1], "uv": [15, 66]}
				]
			},
			{
				"name": "bone63",
				"parent": "bone60",
				"pivot": [0, 12.27164, -2.90237],
				"rotation": [-12.5, 0, -12.5],
				"cubes": [
					{"origin": [1.87319, 15.2635, -5.30029], "size": [0.2, 1.35, 0.1], "uv": [15, 66]}
				]
			},
			{
				"name": "bone64",
				"parent": "bone63",
				"pivot": [0, 10.77164, -2.90237],
				"rotation": [7.5, 0, 0],
				"cubes": [
					{"origin": [1.87319, 15.22671, -4.7203], "size": [0.2, 1.55, 0.1], "uv": [15, 66]}
				]
			},
			{
				"name": "sittingRotationSkirt",
				"parent": "body",
				"pivot": [0, 12.25, 3],
				"cubes": [
					{"origin": [-3, 8.999, -3], "size": [6, 3.1, 6], "uv": [5, 61]}
				]
			},
			{
				"name": "bone13",
				"parent": "sittingRotationSkirt",
				"pivot": [0, 6, 0]
			},
			{
				"name": "bone14",
				"parent": "bone13",
				"pivot": [0, -4.5, 0]
			},
			{
				"name": "bone15",
				"parent": "bone14",
				"pivot": [0, -4.5, 4.98531],
				"rotation": [7, 0, 0],
				"cubes": [
					{"origin": [-3, 2.75805, 4.98531], "size": [6, 9.5, 0.05], "uv": [5, 62]}
				]
			},
			{
				"name": "bone16",
				"parent": "bone15",
				"pivot": [-3, -4.74195, 4.98531],
				"rotation": [0, 0, 6.94834],
				"cubes": [
					{"origin": [-5, 2.75805, 4.98431], "size": [2, 9.5, 0.05], "uv": [5, 62]}
				]
			},
			{
				"name": "bone17",
				"parent": "bone15",
				"pivot": [3, -4.74195, 4.98531],
				"rotation": [0, 0, -6.94834],
				"cubes": [
					{"origin": [3, 2.75805, 4.98631], "size": [2, 9.5, 0.05], "uv": [5, 62]}
				]
			},
			{
				"name": "bone19",
				"parent": "bone13",
				"pivot": [0, -4.5, 0],
				"rotation": [0, -90, 0]
			},
			{
				"name": "bone20",
				"parent": "bone19",
				"pivot": [0, -4.5, 4.98531],
				"rotation": [7, 0, 0],
				"cubes": [
					{"origin": [-3, 2.75805, 4.98531], "size": [6, 9.5, 0.05], "uv": [5, 62]}
				]
			},
			{
				"name": "bone21",
				"parent": "bone20",
				"pivot": [-3, -4.74195, 4.98531],
				"rotation": [0, 0, 6.94834],
				"cubes": [
					{"origin": [-5, 2.75805, 4.98431], "size": [2, 9.5, 0.05], "uv": [5, 62]}
				]
			},
			{
				"name": "bone22",
				"parent": "bone20",
				"pivot": [3, -4.74195, 4.98531],
				"rotation": [0, 0, -6.94834],
				"cubes": [
					{"origin": [3, 2.75805, 4.98631], "size": [2, 9.5, 0.05], "uv": [5, 62]}
				]
			},
			{
				"name": "bone31",
				"parent": "bone13",
				"pivot": [0, 12.1, -3],
				"rotation": [2, -180, 0]
			},
			{
				"name": "bone32",
				"parent": "bone31",
				"pivot": [0, -4.3, -1.01469],
				"rotation": [7, 0, 0],
				"cubes": [
					{"origin": [-2.9, 4.05805, -1.01469], "size": [5.8, 8.4, 0.05], "uv": [7, 34]}
				]
			},
			{
				"name": "bone33",
				"parent": "bone32",
				"pivot": [-3, -4.54195, -1.01469],
				"rotation": [0, 0, 6.94834],
				"cubes": [
					{"origin": [-4.9, 4.05805, -1.01569], "size": [1.8, 8.4, 0.05], "uv": [7, 34]}
				]
			},
			{
				"name": "bone34",
				"parent": "bone32",
				"pivot": [3, -4.54195, -1.01469],
				"rotation": [0, 0, -6.94834],
				"cubes": [
					{"origin": [3.1, 4.05805, -1.01369], "size": [1.8, 8.4, 0.05], "uv": [7, 34]}
				]
			},
			{
				"name": "bone23",
				"parent": "bone13",
				"pivot": [0, -4.5, 0],
				"rotation": [0, -180, 0]
			},
			{
				"name": "bone24",
				"parent": "bone23",
				"pivot": [0, -4.5, 4.98531],
				"rotation": [7, 0, 0],
				"cubes": [
					{"origin": [-3, 2.75805, 4.98531], "size": [6, 9.5, 0.05], "uv": [5, 62]}
				]
			},
			{
				"name": "bone25",
				"parent": "bone24",
				"pivot": [-3, -4.74195, 4.98531],
				"rotation": [0, 0, 6.94834],
				"cubes": [
					{"origin": [-5, 2.75805, 4.98431], "size": [2, 9.5, 0.05], "uv": [5, 62]}
				]
			},
			{
				"name": "bone26",
				"parent": "bone24",
				"pivot": [3, -4.74195, 4.98531],
				"rotation": [0, 0, -6.94834],
				"cubes": [
					{"origin": [3, 2.75805, 4.98631], "size": [2, 9.5, 0.05], "uv": [5, 62]}
				]
			},
			{
				"name": "bone27",
				"parent": "bone13",
				"pivot": [0, -4.5, 0],
				"rotation": [0, -270, 0]
			},
			{
				"name": "bone28",
				"parent": "bone27",
				"pivot": [0, -4.5, 4.98531],
				"rotation": [7, 0, 0],
				"cubes": [
					{"origin": [-3, 2.75805, 4.98531], "size": [6, 9.5, 0.05], "uv": [5, 62]}
				]
			},
			{
				"name": "bone29",
				"parent": "bone28",
				"pivot": [-3, -4.74195, 4.98531],
				"rotation": [0, 0, 6.94834],
				"cubes": [
					{"origin": [-5, 2.75805, 4.98431], "size": [2, 9.5, 0.05], "uv": [5, 62]}
				]
			},
			{
				"name": "bone30",
				"parent": "bone28",
				"pivot": [3, -4.74195, 4.98531],
				"rotation": [0, 0, -6.94834],
				"cubes": [
					{"origin": [3, 2.75805, 4.98631], "size": [2, 9.5, 0.05], "uv": [5, 62]}
				]
			},
			{
				"name": "legLeft",
				"pivot": [1.75, 9, 0]
			},
			{
				"name": "bone38",
				"parent": "legLeft",
				"pivot": [1.75, 9, 0],
				"cubes": [
					{"origin": [0.499, 0.4, -1.25], "size": [2.5, 8.6, 2.5], "uv": [4, 33]}
				]
			},
			{
				"name": "bone37",
				"parent": "bone38",
				"pivot": [0, 0.4, 0],
				"cubes": [
					{"origin": [0.399, 0, -1.55], "size": [2.7, 0.7, 2.9], "uv": [6, 60]},
					{"origin": [0.399, 0.7, -1.249], "size": [2.7, 0.2, 2.6], "uv": [6, 60]},
					{"origin": [0.399, 0.8, -1.35], "size": [2.7, 0.1, 0.1], "uv": [6, 60]}
				]
			},
			{
				"name": "legRight",
				"pivot": [-1.75, 9, 0]
			},
			{
				"name": "bone39",
				"parent": "legRight",
				"pivot": [-1.75, 9, 0],
				"cubes": [
					{"origin": [-3.001, 0.4, -1.25], "size": [2.5, 8.6, 2.5], "uv": [8, 33]}
				]
			},
			{
				"name": "bone40",
				"parent": "bone39",
				"pivot": [-3.5, 0.4, 0],
				"cubes": [
					{"origin": [-3.101, 0, -1.55], "size": [2.7, 0.7, 2.9], "uv": [4, 59]},
					{"origin": [-3.101, 0.7, -1.249], "size": [2.7, 0.2, 2.6], "uv": [4, 59]},
					{"origin": [-3.101, 0.8, -1.35], "size": [2.7, 0.1, 0.1], "uv": [4, 59]}
				]
			}
		]
	}
}