{
	"format_version": "1.10.0",
	"geometry.model": {
		"texturewidth": 128,
		"textureheight": 128,
		"visible_bounds_width": 3,
		"visible_bounds_height": 2,
		"visible_bounds_offset": [0, 0, 0],
		"bones": [
			{
				"name": "head",
				"pivot": [0, 18.4, 0],
				"cubes": [
					{"origin": [-4, 18.4, -4], "size": [8, 8, 8], "uv": [0, 0]},
					{"origin": [-4.25, 18.15, -4.25], "size": [8.5, 8.5, 8.5], "uv": [32, 0]}
				]
			},
			{
				"name": "blink",
				"parent": "head",
				"pivot": [0, 18.4, 0],
				"cubes": [
					{"origin": [-4, 18.4, -4.001], "size": [8, 8, 0], "uv": [24, 0]}
				]
			},
			{
				"name": "armRight",
				"pivot": [-3, 17.5, 0],
				"rotation": [0, 0, 5],
				"cubes": [
					{"origin": [-5, 8.3, -1], "size": [2, 8.2, 2], "uv": [1, 17]},
					{"origin": [-5.1, 11.2, -1.1], "size": [2.2, 6.4, 2.2], "uv": [21, 21]},
					{"origin": [-5.2, 11.2, -1.2], "size": [2.4, 0.5, 2.4], "uv": [19, 23]},
					{"origin": [-5.2, 12.1, -1.2], "size": [2.4, 5.5, 2.4], "uv": [22, 21]}
				]
			},
			{
				"name": "bone37",
				"parent": "armRight",
				"pivot": [-3, 17.5, 0]
			},
			{
				"name": "bone35",
				"parent": "bone37",
				"pivot": [-3, 17.5, 0.2]
			},
			{
				"name": "bone36",
				"parent": "bone35",
				"pivot": [-2.8, 12.1, -1],
				"rotation": [45, 0, 0],
				"cubes": [
					{"origin": [-2.9, 11.4, -1], "size": [0.1, 0.7, 0.1], "uv": [9, 60]}
				]
			},
			{
				"name": "bone34",
				"parent": "bone35",
				"pivot": [-2.7, 11.7, -1],
				"rotation": [-45, 0, 0],
				"cubes": [
					{"origin": [-2.9, 11.7, -1], "size": [0.1, 0.7, 0.1], "uv": [9, 60]}
				]
			},
			{
				"name": "bone38",
				"parent": "bone37",
				"pivot": [-3, 17.5, 0.1]
			},
			{
				"name": "bone39",
				"parent": "bone38",
				"pivot": [-2.8, 12.1, -1.1],
				"rotation": [45, 0, 0],
				"cubes": [
					{"origin": [-2.9, 10.83431, -0.53431], "size": [0.1, 0.7, 0.1], "uv": [9, 60]}
				]
			},
			{
				"name": "bone40",
				"parent": "bone38",
				"pivot": [-2.7, 11.7, -1.1],
				"rotation": [-45, 0, 0],
				"cubes": [
					{"origin": [-2.9, 12.26569, -0.53431], "size": [0.1, 0.7, 0.1], "uv": [9, 60]}
				]
			},
			{
				"name": "bone41",
				"parent": "bone37",
				"pivot": [-3, 17.5, 0]
			},
			{
				"name": "bone42",
				"parent": "bone41",
				"pivot": [-2.8, 12.1, -1.2],
				"rotation": [45, 0, 0],
				"cubes": [
					{"origin": [-2.9, 10.19792, 0.00208], "size": [0.1, 0.7, 0.1], "uv": [9, 60]}
				]
			},
			{
				"name": "bone43",
				"parent": "bone41",
				"pivot": [-2.7, 11.7, -1.2],
				"rotation": [-45, 0, 0],
				"cubes": [
					{"origin": [-2.9, 12.90208, 0.00208], "size": [0.1, 0.7, 0.1], "uv": [9, 60]}
				]
			},
			{
				"name": "bone23",
				"parent": "armRight",
				"pivot": [-3, 17.5, 0]
			},
			{
				"name": "bone17",
				"parent": "bone23",
				"pivot": [-3.9, 17.5, 0]
			},
			{
				"name": "bone18",
				"parent": "bone17",
				"pivot": [-4.1981, 11.65642, 1.1],
				"rotation": [0, 0, 45],
				"cubes": [
					{"origin": [-4.2981, 11.55642, 1.1], "size": [0.1, 0.8, 0.1], "uv": [14, 58]}
				]
			},
			{
				"name": "bone19",
				"parent": "bone17",
				"pivot": [-4.3, 11.7, 1.1],
				"rotation": [0, 0, -45],
				"cubes": [
					{"origin": [-3.97935, 11.25842, 1.1], "size": [0.1, 0.7, 0.1], "uv": [14, 58]}
				]
			},
			{
				"name": "bone15",
				"parent": "bone23",
				"pivot": [-3.2, 17.5, 0]
			},
			{
				"name": "bone14",
				"parent": "bone15",
				"pivot": [-3.4981, 11.65642, 1.1],
				"rotation": [0, 0, 45],
				"cubes": [
					{"origin": [-3.5981, 11.55642, 1.1], "size": [0.1, 0.8, 0.1], "uv": [14, 58]}
				]
			},
			{
				"name": "bone16",
				"parent": "bone15",
				"pivot": [-3.6, 11.7, 1.1],
				"rotation": [0, 0, -45],
				"cubes": [
					{"origin": [-3.27935, 11.25842, 1.1], "size": [0.1, 0.7, 0.1], "uv": [14, 58]}
				]
			},
			{
				"name": "bone20",
				"parent": "bone23",
				"pivot": [-4.6, 17.5, 0]
			},
			{
				"name": "bone21",
				"parent": "bone20",
				"pivot": [-4.8981, 11.65642, 1.1],
				"rotation": [0, 0, 45],
				"cubes": [
					{"origin": [-4.9981, 11.55642, 1.1], "size": [0.1, 0.8, 0.1], "uv": [14, 58]}
				]
			},
			{
				"name": "bone22",
				"parent": "bone20",
				"pivot": [-5, 11.7, 1.1],
				"rotation": [0, 0, -45],
				"cubes": [
					{"origin": [-4.67935, 11.25842, 1.1], "size": [0.1, 0.7, 0.1], "uv": [14, 58]}
				]
			},
			{
				"name": "bone44",
				"parent": "armRight",
				"pivot": [-5.3, 17.5, 0]
			},
			{
				"name": "bone45",
				"parent": "bone44",
				"pivot": [-5.3, 17.5, 0.2]
			},
			{
				"name": "bone46",
				"parent": "bone45",
				"pivot": [-5.1, 12.1, -1],
				"rotation": [45, 0, 0],
				"cubes": [
					{"origin": [-5.2, 11.4, -1], "size": [0.1, 0.7, 0.1], "uv": [15, 59]}
				]
			},
			{
				"name": "bone47",
				"parent": "bone45",
				"pivot": [-5, 11.7, -1],
				"rotation": [-45, 0, 0],
				"cubes": [
					{"origin": [-5.2, 11.7, -1], "size": [0.1, 0.7, 0.1], "uv": [15, 59]}
				]
			},
			{
				"name": "bone48",
				"parent": "bone44",
				"pivot": [-5.3, 17.5, 0.1]
			},
			{
				"name": "bone49",
				"parent": "bone48",
				"pivot": [-5.1, 12.1, -1.1],
				"rotation": [45, 0, 0],
				"cubes": [
					{"origin": [-5.2, 10.83431, -0.53431], "size": [0.1, 0.7, 0.1], "uv": [15, 59]}
				]
			},
			{
				"name": "bone50",
				"parent": "bone48",
				"pivot": [-5, 11.7, -1.1],
				"rotation": [-45, 0, 0],
				"cubes": [
					{"origin": [-5.2, 12.26569, -0.53431], "size": [0.1, 0.7, 0.1], "uv": [15, 59]}
				]
			},
			{
				"name": "bone51",
				"parent": "bone44",
				"pivot": [-5.3, 17.5, 0]
			},
			{
				"name": "bone52",
				"parent": "bone51",
				"pivot": [-5.1, 12.1, -1.2],
				"rotation": [45, 0, 0],
				"cubes": [
					{"origin": [-5.2, 10.19792, 0.00208], "size": [0.1, 0.7, 0.1], "uv": [15, 59]}
				]
			},
			{
				"name": "bone53",
				"parent": "bone51",
				"pivot": [-5, 11.7, -1.2],
				"rotation": [-45, 0, 0],
				"cubes": [
					{"origin": [-5.2, 12.90208, 0.00208], "size": [0.1, 0.7, 0.1], "uv": [15, 59]}
				]
			},
			{
				"name": "bone24",
				"parent": "armRight",
				"pivot": [-3, 17.5, 0]
			},
			{
				"name": "bone25",
				"parent": "bone24",
				"pivot": [-3.9, 17.5, 0]
			},
			{
				"name": "bone26",
				"parent": "bone25",
				"pivot": [-4.1981, 11.65642, 1.1],
				"rotation": [0, 0, 45],
				"cubes": [
					{"origin": [-4.2981, 11.55642, -1.2], "size": [0.1, 0.8, 0.1], "uv": [20, 59]}
				]
			},
			{
				"name": "bone27",
				"parent": "bone25",
				"pivot": [-4.3, 11.7, 1.1],
				"rotation": [0, 0, -45],
				"cubes": [
					{"origin": [-3.97935, 11.25842, -1.2], "size": [0.1, 0.7, 0.1], "uv": [20, 59]}
				]
			},
			{
				"name": "bone28",
				"parent": "bone24",
				"pivot": [-3.2, 17.5, 0]
			},
			{
				"name": "bone29",
				"parent": "bone28",
				"pivot": [-3.4981, 11.65642, 1.1],
				"rotation": [0, 0, 45],
				"cubes": [
					{"origin": [-3.5981, 11.55642, -1.2], "size": [0.1, 0.8, 0.1], "uv": [20, 59]}
				]
			},
			{
				"name": "bone30",
				"parent": "bone28",
				"pivot": [-3.6, 11.7, 1.1],
				"rotation": [0, 0, -45],
				"cubes": [
					{"origin": [-3.27935, 11.25842, -1.2], "size": [0.1, 0.7, 0.1], "uv": [20, 59]}
				]
			},
			{
				"name": "bone31",
				"parent": "bone24",
				"pivot": [-4.6, 17.5, 0]
			},
			{
				"name": "bone32",
				"parent": "bone31",
				"pivot": [-4.8981, 11.65642, 1.1],
				"rotation": [0, 0, 45],
				"cubes": [
					{"origin": [-4.9981, 11.55642, -1.2], "size": [0.1, 0.8, 0.1], "uv": [20, 59]}
				]
			},
			{
				"name": "bone33",
				"parent": "bone31",
				"pivot": [-5, 11.7, 1.1],
				"rotation": [0, 0, -45],
				"cubes": [
					{"origin": [-4.67935, 11.25842, -1.2], "size": [0.1, 0.7, 0.1], "uv": [20, 59]}
				]
			},
			{
				"name": "armLeft",
				"pivot": [3, 17.5, 0],
				"rotation": [0, 0, -5]
			},
			{
				"name": "aa",
				"parent": "armLeft",
				"pivot": [5, 17.7, 0],
				"cubes": [
					{"origin": [3, 8.5, -1], "size": [2, 8.2, 2], "uv": [3, 20]},
					{"origin": [2.9, 11.4, -1.1], "size": [2.2, 6.4, 2.2], "uv": [20, 20]},
					{"origin": [2.8, 11.4, -1.2], "size": [2.4, 0.5, 2.4], "uv": [18, 21]},
					{"origin": [2.8, 12.3, -1.2], "size": [2.4, 5.5, 2.4], "uv": [20, 20]}
				]
			},
			{
				"name": "bone54",
				"parent": "aa",
				"pivot": [5, 17.7, 0]
			},
			{
				"name": "bone55",
				"parent": "bone54",
				"pivot": [5, 17.7, 0.2]
			},
			{
				"name": "bone56",
				"parent": "bone55",
				"pivot": [5.2, 12.3, -1],
				"rotation": [45, 0, 0],
				"cubes": [
					{"origin": [5.1, 11.6, -1], "size": [0.1, 0.7, 0.1], "uv": [3, 57]}
				]
			},
			{
				"name": "bone57",
				"parent": "bone55",
				"pivot": [5.3, 11.9, -1],
				"rotation": [-45, 0, 0],
				"cubes": [
					{"origin": [5.1, 11.9, -1], "size": [0.1, 0.7, 0.1], "uv": [3, 57]}
				]
			},
			{
				"name": "bone58",
				"parent": "bone54",
				"pivot": [5, 17.7, 0.1]
			},
			{
				"name": "bone59",
				"parent": "bone58",
				"pivot": [5.2, 12.3, -1.1],
				"rotation": [45, 0, 0],
				"cubes": [
					{"origin": [5.1, 11.03431, -0.53431], "size": [0.1, 0.7, 0.1], "uv": [3, 57]}
				]
			},
			{
				"name": "bone60",
				"parent": "bone58",
				"pivot": [5.3, 11.9, -1.1],
				"rotation": [-45, 0, 0],
				"cubes": [
					{"origin": [5.1, 12.46569, -0.53431], "size": [0.1, 0.7, 0.1], "uv": [3, 57]}
				]
			},
			{
				"name": "bone61",
				"parent": "bone54",
				"pivot": [5, 17.7, 0]
			},
			{
				"name": "bone62",
				"parent": "bone61",
				"pivot": [5.2, 12.3, -1.2],
				"rotation": [45, 0, 0],
				"cubes": [
					{"origin": [5.1, 10.39792, 0.00208], "size": [0.1, 0.7, 0.1], "uv": [3, 57]}
				]
			},
			{
				"name": "bone63",
				"parent": "bone61",
				"pivot": [5.3, 11.9, -1.2],
				"rotation": [-45, 0, 0],
				"cubes": [
					{"origin": [5.1, 13.10208, 0.00208], "size": [0.1, 0.7, 0.1], "uv": [3, 57]}
				]
			},
			{
				"name": "bone64",
				"parent": "aa",
				"pivot": [5, 17.7, 0]
			},
			{
				"name": "bone65",
				"parent": "bone64",
				"pivot": [4.1, 17.7, 0]
			},
			{
				"name": "bone66",
				"parent": "bone65",
				"pivot": [3.8019, 11.85642, 1.1],
				"rotation": [0, 0, 45],
				"cubes": [
					{"origin": [3.7019, 11.75642, 1.1], "size": [0.1, 0.8, 0.1], "uv": [18, 58]}
				]
			},
			{
				"name": "bone67",
				"parent": "bone65",
				"pivot": [3.7, 11.9, 1.1],
				"rotation": [0, 0, -45],
				"cubes": [
					{"origin": [4.02065, 11.45842, 1.1], "size": [0.1, 0.7, 0.1], "uv": [18, 58]}
				]
			},
			{
				"name": "bone68",
				"parent": "bone64",
				"pivot": [4.8, 17.7, 0]
			},
			{
				"name": "bone69",
				"parent": "bone68",
				"pivot": [4.5019, 11.85642, 1.1],
				"rotation": [0, 0, 45],
				"cubes": [
					{"origin": [4.4019, 11.75642, 1.1], "size": [0.1, 0.8, 0.1], "uv": [18, 58]}
				]
			},
			{
				"name": "bone70",
				"parent": "bone68",
				"pivot": [4.4, 11.9, 1.1],
				"rotation": [0, 0, -45],
				"cubes": [
					{"origin": [4.72065, 11.45842, 1.1], "size": [0.1, 0.7, 0.1], "uv": [18, 58]}
				]
			},
			{
				"name": "bone71",
				"parent": "bone64",
				"pivot": [3.4, 17.7, 0]
			},
			{
				"name": "bone72",
				"parent": "bone71",
				"pivot": [3.1019, 11.85642, 1.1],
				"rotation": [0, 0, 45],
				"cubes": [
					{"origin": [3.0019, 11.75642, 1.1], "size": [0.1, 0.8, 0.1], "uv": [18, 58]}
				]
			},
			{
				"name": "bone73",
				"parent": "bone71",
				"pivot": [3, 11.9, 1.1],
				"rotation": [0, 0, -45],
				"cubes": [
					{"origin": [3.32065, 11.45842, 1.1], "size": [0.1, 0.7, 0.1], "uv": [18, 58]}
				]
			},
			{
				"name": "bone74",
				"parent": "aa",
				"pivot": [2.7, 17.7, 0]
			},
			{
				"name": "bone75",
				"parent": "bone74",
				"pivot": [2.7, 17.7, 0.2]
			},
			{
				"name": "bone76",
				"parent": "bone75",
				"pivot": [2.9, 12.3, -1],
				"rotation": [45, 0, 0],
				"cubes": [
					{"origin": [2.8, 11.6, -1], "size": [0.1, 0.7, 0.1], "uv": [18, 61]}
				]
			},
			{
				"name": "bone77",
				"parent": "bone75",
				"pivot": [3, 11.9, -1],
				"rotation": [-45, 0, 0],
				"cubes": [
					{"origin": [2.8, 11.9, -1], "size": [0.1, 0.7, 0.1], "uv": [18, 61]}
				]
			},
			{
				"name": "bone78",
				"parent": "bone74",
				"pivot": [2.7, 17.7, 0.1]
			},
			{
				"name": "bone79",
				"parent": "bone78",
				"pivot": [2.9, 12.3, -1.1],
				"rotation": [45, 0, 0],
				"cubes": [
					{"origin": [2.8, 11.03431, -0.53431], "size": [0.1, 0.7, 0.1], "uv": [18, 61]}
				]
			},
			{
				"name": "bone80",
				"parent": "bone78",
				"pivot": [3, 11.9, -1.1],
				"rotation": [-45, 0, 0],
				"cubes": [
					{"origin": [2.8, 12.46569, -0.53431], "size": [0.1, 0.7, 0.1], "uv": [18, 61]}
				]
			},
			{
				"name": "bone81",
				"parent": "bone74",
				"pivot": [2.7, 17.7, 0]
			},
			{
				"name": "bone82",
				"parent": "bone81",
				"pivot": [2.9, 12.3, -1.2],
				"rotation": [45, 0, 0],
				"cubes": [
					{"origin": [2.8, 10.39792, 0.00208], "size": [0.1, 0.7, 0.1], "uv": [18, 61]}
				]
			},
			{
				"name": "bone83",
				"parent": "bone81",
				"pivot": [3, 11.9, -1.2],
				"rotation": [-45, 0, 0],
				"cubes": [
					{"origin": [2.8, 13.10208, 0.00208], "size": [0.1, 0.7, 0.1], "uv": [18, 61]}
				]
			},
			{
				"name": "bone84",
				"parent": "aa",
				"pivot": [5, 17.7, 0]
			},
			{
				"name": "bone85",
				"parent": "bone84",
				"pivot": [4.1, 17.7, 0]
			},
			{
				"name": "bone86",
				"parent": "bone85",
				"pivot": [3.8019, 11.85642, 1.1],
				"rotation": [0, 0, 45],
				"cubes": [
					{"origin": [3.7019, 11.75642, -1.2], "size": [0.1, 0.8, 0.1], "uv": [20, 56]}
				]
			},
			{
				"name": "bone87",
				"parent": "bone85",
				"pivot": [3.7, 11.9, 1.1],
				"rotation": [0, 0, -45],
				"cubes": [
					{"origin": [4.02065, 11.45842, -1.2], "size": [0.1, 0.7, 0.1], "uv": [20, 56]}
				]
			},
			{
				"name": "bone88",
				"parent": "bone84",
				"pivot": [4.8, 17.7, 0]
			},
			{
				"name": "bone89",
				"parent": "bone88",
				"pivot": [4.5019, 11.85642, 1.1],
				"rotation": [0, 0, 45],
				"cubes": [
					{"origin": [4.4019, 11.75642, -1.2], "size": [0.1, 0.8, 0.1], "uv": [20, 56]}
				]
			},
			{
				"name": "bone90",
				"parent": "bone88",
				"pivot": [4.4, 11.9, 1.1],
				"rotation": [0, 0, -45],
				"cubes": [
					{"origin": [4.72065, 11.45842, -1.2], "size": [0.1, 0.7, 0.1], "uv": [20, 56]}
				]
			},
			{
				"name": "bone91",
				"parent": "bone84",
				"pivot": [3.4, 17.7, 0]
			},
			{
				"name": "bone92",
				"parent": "bone91",
				"pivot": [3.1019, 11.85642, 1.1],
				"rotation": [0, 0, 45],
				"cubes": [
					{"origin": [3.0019, 11.75642, -1.2], "size": [0.1, 0.8, 0.1], "uv": [20, 56]}
				]
			},
			{
				"name": "bone93",
				"parent": "bone91",
				"pivot": [3, 11.9, 1.1],
				"rotation": [0, 0, -45],
				"cubes": [
					{"origin": [3.32065, 11.45842, -1.2], "size": [0.1, 0.7, 0.1], "uv": [20, 56]}
				]
			},
			{
				"name": "body",
				"pivot": [0, 10.5, 0],
				"cubes": [
					{"origin": [-1.5, 13.649, -1.5], "size": [3, 5.75, 3], "uv": [3, 19]}
				]
			},
			{
				"name": "xong",
				"parent": "body",
				"pivot": [0, 10.5, 0],
				"cubes": [
					{"origin": [-2.75, 12.349, -2.25], "size": [5.5, 3.75, 4.5], "uv": [0, 69]},
					{"origin": [-2.9, 16.049, -2.25], "size": [1.2, 1.95, 4.5], "uv": [5, 69]},
					{"origin": [-1.7, 16.049, 2.15], "size": [3.4, 1.45, 0.1], "uv": [17, 71]},
					{"origin": [1.7, 16.049, -2.25], "size": [1.1, 1.95, 4.5], "uv": [5, 70]},
					{"origin": [-2.3, 17.549, -2.1], "size": [5.1, 0.3, 4.15], "uv": [6, 54]},
					{"origin": [-1.8, 13.449, 2.1], "size": [3.5, 4.45, 0.05], "uv": [20, 22]}
				]
			},
			{
				"name": "bone9",
				"parent": "xong",
				"pivot": [-2.8, 17.9, 0],
				"rotation": [0, 0, -2.5],
				"cubes": [
					{"origin": [-3.05, 12.349, -2.25], "size": [0.3, 5.65, 4.5], "uv": [1, 37]}
				]
			},
			{
				"name": "bone8",
				"parent": "xong",
				"pivot": [2.75, 18, 0],
				"rotation": [0, 0, 2.5],
				"cubes": [
					{"origin": [2.7, 12.349, -2.25], "size": [0.3, 5.65, 4.5], "uv": [1, 37]}
				]
			},
			{
				"name": "bone10",
				"parent": "xong",
				"pivot": [1.7, 18, -3],
				"rotation": [0, 0, 45],
				"cubes": [
					{"origin": [2.3, 15.449, -2.25], "size": [0.7, 2.15, 1.55], "uv": [12, 69]}
				]
			},
			{
				"name": "neier",
				"parent": "xong",
				"pivot": [0, 10.5, 0],
				"cubes": [
					{"origin": [0.95, 17.449, -2.15], "size": [0.85, 0.45, 4.2], "uv": [6, 54]},
					{"origin": [-2.3, 17.399, -2.15], "size": [1.25, 0.5, 4.2], "uv": [6, 54]},
					{"origin": [-2.3, 15.749, -2.15], "size": [4.1, 1.7, 0.1], "uv": [21, 24]}
				]
			},
			{
				"name": "bone",
				"parent": "xong",
				"pivot": [0, 16.4, -3.2],
				"rotation": [5, 0, 0],
				"cubes": [
					{"origin": [-1.65, 17.06232, 2.01607], "size": [3.25, 0.95, 0.4], "uv": [21, 26]},
					{"origin": [-1.42155, 16.94256, -2.74789], "size": [2.5, 0.75, 0.7], "uv": [21, 26]}
				]
			},
			{
				"name": "bone3",
				"parent": "bone",
				"pivot": [0, 16.4, -3.5],
				"rotation": [0, 0, -25],
				"cubes": [
					{"origin": [1.3658, 16.26843, -1.96743], "size": [0.75, 0.95, 4.4], "uv": [21, 26]}
				]
			},
			{
				"name": "bone2",
				"parent": "bone",
				"pivot": [0, 16.5, -3.6],
				"rotation": [0, 0, 25],
				"cubes": [
					{"origin": [-2.18027, 16.29947, -2.76157], "size": [2.25, 0.95, 0.8], "uv": [21, 26]}
				]
			},
			{
				"name": "bone4",
				"parent": "bone",
				"pivot": [0, 16.4, -3.5],
				"rotation": [0, 0, -25],
				"cubes": [
					{"origin": [0.08027, 16.29947, -2.76157], "size": [2.05, 0.95, 0.8], "uv": [21, 26]}
				]
			},
			{
				"name": "bone5",
				"parent": "bone",
				"pivot": [0, 16.5, -3.6],
				"rotation": [0, 0, 25],
				"cubes": [
					{"origin": [-2.1658, 16.26843, -1.96743], "size": [0.75, 0.95, 4.4], "uv": [21, 26]}
				]
			},
			{
				"name": "bone11",
				"parent": "xong",
				"pivot": [-3.3, 20, -3],
				"rotation": [0, 0, -45],
				"cubes": [
					{"origin": [-4.92132, 15.18626, -2.25], "size": [0.8, 2.15, 1.55], "uv": [10, 71]}
				]
			},
			{
				"name": "zhuangshi",
				"parent": "body",
				"pivot": [-1.8, 12, 0.2]
			},
			{
				"name": "bone6",
				"parent": "zhuangshi",
				"pivot": [-0.2, 12.6, 0.2],
				"rotation": [0, 0, -2.5],
				"cubes": [
					{"origin": [0.45, 13.849, -2.55], "size": [0.05, 3.45, 0.05], "uv": [24, 56]}
				]
			},
			{
				"name": "bone7",
				"parent": "zhuangshi",
				"pivot": [-0.2, 13.4, 0.2],
				"rotation": [0, 0, 2.5],
				"cubes": [
					{"origin": [-0.3499, 13.84464, -2.55], "size": [0.05, 3.45, 0.05], "uv": [24, 56]}
				]
			},
			{
				"name": "yao",
				"parent": "body",
				"pivot": [0, 10.5, 0],
				"cubes": [
					{"origin": [0, 11.149, -2.4], "size": [0.1, 1.35, 4.8], "uv": [38, 57]},
					{"origin": [-2.9, 11.099, -2.4], "size": [5.8, 0.1, 4.8], "uv": [34, 55]},
					{"origin": [-2.9, 12.45, -2.4], "size": [5.8, 0.1, 4.8], "uv": [37, 57]},
					{"origin": [-0.15, 11.199, 1.9], "size": [0.25, 1.25, 0.45], "uv": [19, 37]},
					{"origin": [-2.86, 11.199, -2.35], "size": [2.86, 1.25, 4.7], "uv": [19, 37]},
					{"origin": [-2.35, 12.55, -2.35], "size": [0.85, 5.5, 4.7], "uv": [19, 37]},
					{"origin": [1.35, 12.55, -2.35], "size": [0.85, 0.45, 4.7], "uv": [19, 37]},
					{"origin": [0.11, 11.199, -2.35], "size": [2.75, 1.25, 4.7], "uv": [19, 37]},
					{"origin": [0.55, 11.599, -2.45], "size": [0.5, 0.5, 0.5], "uv": [36, 58]},
					{"origin": [-0.95, 11.599, -2.45], "size": [0.5, 0.5, 0.5], "uv": [46, 63]}
				]
			},
			{
				"name": "sittingHiddenSkirt",
				"parent": "yao",
				"pivot": [0, 10.5, 0]
			},
			{
				"name": "bone12",
				"parent": "sittingHiddenSkirt",
				"pivot": [2.1, 12.9, -3.1],
				"rotation": [0, 0, 160],
				"cubes": [
					{"origin": [2.05, 12.899, 2.35], "size": [0.85, 4.55, 0.1], "uv": [19, 37]},
					{"origin": [2.05, 17.349, -2.35], "size": [0.85, 0.1, 4.7], "uv": [19, 37]},
					{"origin": [2.05, 12.899, -2.45], "size": [0.85, 4.55, 0.1], "uv": [19, 37]}
				]
			},
			{
				"name": "legLeft",
				"pivot": [1.6, 10.95, -0.1],
				"cubes": [
					{"origin": [0.199, 0, -1.25], "size": [2.5, 10.9, 2.5], "uv": [28, 85]}
				]
			},
			{
				"name": "bone95",
				"parent": "legLeft",
				"pivot": [3.4, -3.6, 0],
				"cubes": [
					{"origin": [0.05, 5.549, -1.5], "size": [0.1, 6.95, 3.1], "uv": [19, 37]},
					{"origin": [0.05, 5.549, -1.6], "size": [2.8, 6.95, 0.1], "uv": [19, 37]},
					{"origin": [0.05, 5.549, 1.6], "size": [2.8, 6.95, 0.1], "uv": [19, 37]},
					{"origin": [2.75, 5.549, -1.6], "size": [0.1, 6.95, 3.3], "uv": [19, 37]},
					{"origin": [0.15, 5.549, -1.5], "size": [2.6, 6.95, 3.1], "uv": [19, 37]},
					{"origin": [1.4, 5.549, -1.65], "size": [0.1, 6.95, 0.05], "uv": [37, 57]},
					{"origin": [1.4, 5.549, 1.7], "size": [0.1, 6.95, 0.05], "uv": [50, 60]}
				]
			},
			{
				"name": "legRight",
				"pivot": [-1.4, 11, -0.1],
				"cubes": [
					{"origin": [-2.699, 0, -1.25], "size": [2.5, 10.9, 2.5], "uv": [28, 85]}
				]
			},
			{
				"name": "bone13",
				"parent": "legRight",
				"pivot": [3.1, -3.6, 0],
				"cubes": [
					{"origin": [-2.75, 5.549, -1.5], "size": [2.6, 6.95, 3.1], "uv": [19, 37]},
					{"origin": [-2.85, 5.549, -1.5], "size": [0.1, 6.95, 3.1], "uv": [19, 37]},
					{"origin": [-2.85, 5.549, -1.6], "size": [2.8, 6.95, 0.1], "uv": [19, 37]},
					{"origin": [-2.85, 5.549, 1.6], "size": [2.8, 6.95, 0.1], "uv": [19, 37]},
					{"origin": [-0.15, 5.549, -1.6], "size": [0.1, 6.95, 3.3], "uv": [19, 37]},
					{"origin": [-1.5, 5.549, -1.65], "size": [0.1, 6.95, 0.05], "uv": [37, 57]},
					{"origin": [-1.5, 5.549, 1.7], "size": [0.1, 6.95, 0.05], "uv": [50, 60]}
				]
			},
			{
				"name": "sasimonoShow",
				"pivot": [0, 0, 0.4]
			},
			{
				"name": "wingRight",
				"parent": "sasimonoShow",
				"pivot": [-0.5, 15, 4.15],
				"rotation": [0, -60, 0],
				"cubes": [
					{"origin": [-0.5, 3, 3.9], "size": [0, 24, 13], "uv": [0, 83]}
				]
			},
			{
				"name": "wingLeft",
				"parent": "sasimonoShow",
				"pivot": [0.5, 15, 3.65],
				"rotation": [0, 60, 0],
				"cubes": [
					{"origin": [0.5, 3, 3.9], "size": [0, 24, 13], "uv": [0, 83]}
				]
			}
		]
	}
}