{
	"format_version": "1.10.0",
	"geometry.model": {
		"texturewidth": 128,
		"textureheight": 128,
		"visible_bounds_width": 3,
		"visible_bounds_height": 2,
		"visible_bounds_offset": [0, 0, 0],
		"bones": [
			{
				"name": "head",
				"pivot": [0, 18.5, 0],
				"cubes": [
					{"origin": [-4, 18.5, -4], "size": [8, 8, 8], "uv": [0, 0]},
					{"origin": [-4.25, 17.35, -4.25], "size": [8.5, 9.4, 8.5], "uv": [32, 0]}
				]
			},
			{
				"name": "blink",
				"parent": "head",
				"pivot": [0, 18.5, 0],
				"cubes": [
					{"origin": [-4, 18.5, -4.001], "size": [8, 8, 0], "uv": [24, 0]}
				]
			},
			{
				"name": "armRight",
				"pivot": [-3, 17.5, 0],
				"rotation": [0, 0, 25],
				"cubes": [
					{"origin": [-5, 8.5, -1], "size": [2, 9, 2], "uv": [28, 19]},
					{"origin": [-5.1, 10.3, -1.1], "size": [2.2, 7.3, 2.2], "uv": [8, 19]}
				]
			},
			{
				"name": "armLeft",
				"pivot": [3, 17.5, 0],
				"rotation": [0, 0, -25]
			},
			{
				"name": "aa",
				"parent": "armLeft",
				"pivot": [4.97551, 21.21904, 0],
				"cubes": [
					{"origin": [2.97551, 8.51904, -1], "size": [2, 9, 2], "uv": [31, 18]},
					{"origin": [2.87551, 10.31904, -1.1], "size": [2.2, 7.3, 2.2], "uv": [6, 19]}
				]
			},
			{
				"name": "body",
				"pivot": [0, 10.5, 0],
				"cubes": [
					{"origin": [-0.25, 16.499, -3.302], "size": [0.5, 0.25, 0.35], "uv": [39, 12]},
					{"origin": [-1.5, 16.949, -1.5], "size": [3, 2.3, 3], "uv": [31, 20]}
				]
			},
			{
				"name": "bone28",
				"parent": "body",
				"pivot": [0, 10.5, 0]
			},
			{
				"name": "bone30",
				"parent": "bone28",
				"pivot": [0, 16.7, -3.1],
				"rotation": [-1, -1, 0],
				"cubes": [
					{"origin": [1.95, 17.699, -3.1502], "size": [0.4, 0.45, 0.05], "uv": [12, 21]},
					{"origin": [2.35, 17.899, -3.1502], "size": [0.5, 0.25, 0.05], "uv": [12, 21]},
					{"origin": [1.55, 17.499, -3.1502], "size": [0.4, 0.65, 0.05], "uv": [12, 21]}
				]
			},
			{
				"name": "bone27",
				"parent": "bone30",
				"pivot": [0, 16.75, -3.15],
				"rotation": [0, 0, 52.5],
				"cubes": [
					{"origin": [-0.15, 16.699, -3.1502], "size": [0.3, 2.1, 0.02], "uv": [12, 21]},
					{"origin": [-0.05, 17.599, -3.1502], "size": [0.4, 1.4, 0.05], "uv": [12, 21]}
				]
			},
			{
				"name": "bone29",
				"parent": "bone30",
				"pivot": [0, 16.75, -3.15],
				"rotation": [0, 0, 65],
				"cubes": [
					{"origin": [-0.05, 16.799, -3.1502], "size": [0.2, 3.15, 0.05], "uv": [12, 21]}
				]
			},
			{
				"name": "bone31",
				"parent": "bone28",
				"pivot": [0, 16.7, -3],
				"rotation": [-179, -1, -180],
				"cubes": [
					{"origin": [1.95, 17.699, -2.901], "size": [0.4, 0.45, 0.05], "uv": [12, 21]},
					{"origin": [2.35, 17.899, -2.901], "size": [0.5, 0.25, 0.05], "uv": [12, 21]},
					{"origin": [1.55, 17.499, -2.901], "size": [0.4, 0.65, 0.05], "uv": [12, 21]}
				]
			},
			{
				"name": "bone32",
				"parent": "bone31",
				"pivot": [0, 16.75, -3.05],
				"rotation": [0, 0, 52.5],
				"cubes": [
					{"origin": [-0.15, 16.499, -2.902], "size": [0.3, 2.3, 0.04], "uv": [12, 21]},
					{"origin": [-0.05, 17.599, -2.899], "size": [0.4, 1.4, 0.04], "uv": [12, 21]}
				]
			},
			{
				"name": "bone33",
				"parent": "bone31",
				"pivot": [0, 16.75, -3.05],
				"rotation": [0, 0, 65],
				"cubes": [
					{"origin": [-0.05, 16.799, -2.9], "size": [0.2, 3.15, 0.01], "uv": [12, 21]}
				]
			},
			{
				"name": "bone39",
				"parent": "bone28",
				"pivot": [0.1, 16.6, -3.1],
				"rotation": [12.5, -7.5, 0]
			},
			{
				"name": "bone36",
				"parent": "bone39",
				"pivot": [0, 16.7, -3.1]
			},
			{
				"name": "bone37",
				"parent": "bone36",
				"pivot": [0, 16.75, -3.15],
				"rotation": [0, 0, 57.5],
				"cubes": [
					{"origin": [-0.15, 16.549, -3.1502], "size": [0.3, 3.5, 0.15], "uv": [12, 21]}
				]
			},
			{
				"name": "bone38",
				"parent": "bone36",
				"pivot": [0, 16.75, -3.15],
				"rotation": [0, 0, 65],
				"cubes": [
					{"origin": [-0.05, 16.799, -3.151], "size": [0.2, 3.25, 0.25], "uv": [12, 21]},
					{"origin": [-0.35, 18.199, -3.151], "size": [0.4, 1.85, 0.05], "uv": [12, 21]}
				]
			},
			{
				"name": "bone43",
				"parent": "bone28",
				"pivot": [0, 16.7, -3],
				"rotation": [12.5, 4.5, 0]
			},
			{
				"name": "bone40",
				"parent": "bone43",
				"pivot": [0, 16.7, -3],
				"rotation": [-179, -1, -180]
			},
			{
				"name": "bone41",
				"parent": "bone40",
				"pivot": [0, 16.75, -3.05],
				"rotation": [0, 0, 57.5],
				"cubes": [
					{"origin": [-0.15, 16.5549, -3.002], "size": [0.3, 3.5, 0.15], "uv": [12, 21]}
				]
			},
			{
				"name": "bone42",
				"parent": "bone40",
				"pivot": [0, 16.75, -3.05],
				"rotation": [0, 0, 65],
				"cubes": [
					{"origin": [-0.15, 16.899, -2.9], "size": [0.3, 3.25, 0.05], "uv": [12, 21]},
					{"origin": [-0.35, 18.699, -3.2], "size": [0.4, 1.35, 0.35], "uv": [12, 21]}
				]
			},
			{
				"name": "bone",
				"parent": "body",
				"pivot": [0, 0, 0],
				"cubes": [
					{"origin": [-2.75, 12.999, -2.999], "size": [5.5, 4.2, 5.5], "uv": [1, 33]},
					{"origin": [-2.75, 16.749, -2.949], "size": [5.5, 1.25, 5.75], "uv": [27, 21]},
					{"origin": [-2.75, 11.799, -2.751], "size": [5.5, 1.2, 5.55], "uv": [4, 21]},
					{"origin": [-2.85, 8.999, -1.451], "size": [5.6, 4, 2.85], "uv": [4, 21]},
					{"origin": [2.25, 11.799, -3.051], "size": [0.6, 6.3, 6.015], "uv": [1, 18]},
					{"origin": [-2.94, 11.799, -3.051], "size": [0.69, 6.3, 6.015], "uv": [1, 18]},
					{"origin": [-0.25, 16.499, -3.302], "size": [0.5, 0.25, 0.35], "uv": [4, 21]}
				]
			},
			{
				"name": "bone4",
				"parent": "bone",
				"pivot": [0, 0, 0],
				"cubes": [
					{"origin": [-0.35, 15.499, -3.101], "size": [0.7, 0.25, 0.1], "uv": [11, 26]}
				]
			},
			{
				"name": "bone6",
				"parent": "bone4",
				"pivot": [0, 16.55, -3.05],
				"rotation": [0, 0, -30],
				"cubes": [
					{"origin": [0, 15.749, -3.101], "size": [0.25, 0.75, 0.1], "uv": [11, 26]},
					{"origin": [-0.8, 15.849, -3.101], "size": [0.25, 0.55, 0.1], "uv": [11, 26]}
				]
			},
			{
				"name": "bone5",
				"parent": "bone4",
				"pivot": [0, 16.55, -3.05],
				"rotation": [0, 0, 30],
				"cubes": [
					{"origin": [-0.25, 15.749, -3.101], "size": [0.25, 0.75, 0.1], "uv": [11, 26]},
					{"origin": [0.55, 15.849, -3.101], "size": [0.25, 0.55, 0.1], "uv": [11, 26]}
				]
			},
			{
				"name": "bone7",
				"parent": "bone",
				"pivot": [0, 0, 0],
				"cubes": [
					{"origin": [-2.75, 11.799, -3.05], "size": [5.25, 3.95, 3.25], "uv": [4, 21]},
					{"origin": [-2.75, 11.799, 2.11], "size": [5.25, 6.21, 0.85], "uv": [4, 21]},
					{"origin": [-1.55, 18.099, 2.1], "size": [3.15, 0.05, 0.9], "uv": [4, 21]},
					{"origin": [-0.65, 15.999, 2.95], "size": [1.35, 2.11, 0.05], "uv": [4, 21]}
				]
			},
			{
				"name": "bone62",
				"parent": "bone7",
				"pivot": [0, 16, 2.8],
				"rotation": [-30, 0, 0],
				"cubes": [
					{"origin": [-0.65, 15.999, 2.95], "size": [1.35, 2.11, 0.05], "uv": [4, 21]}
				]
			},
			{
				"name": "bone64",
				"parent": "bone62",
				"pivot": [-0.6, 16, 3],
				"rotation": [0, -22, 0],
				"cubes": [
					{"origin": [-1.95, 15.999, 2.95], "size": [1.35, 2.11, 0.05], "uv": [4, 21]}
				]
			},
			{
				"name": "bone65",
				"parent": "bone64",
				"pivot": [-1.3, 0, 0],
				"cubes": [
					{"origin": [-3.05, 16.899, 2.95], "size": [1.35, 1.21, 0.05], "uv": [4, 21]}
				]
			},
			{
				"name": "bone63",
				"parent": "bone62",
				"pivot": [0.7, 15.9, 2.9],
				"rotation": [0, 24, 0],
				"cubes": [
					{"origin": [0.65, 15.999, 2.95], "size": [1.35, 2.11, 0.05], "uv": [4, 21]},
					{"origin": [1.95, 16.899, 2.95], "size": [1.15, 1.21, 0.05], "uv": [4, 21]}
				]
			},
			{
				"name": "bone48",
				"parent": "bone7",
				"pivot": [0, 16, 3],
				"rotation": [-35, 0, 0]
			},
			{
				"name": "bone55",
				"parent": "bone48",
				"pivot": [0, 0, 0]
			},
			{
				"name": "bone56",
				"parent": "bone55",
				"pivot": [0.7, 16, 3],
				"rotation": [1, 25.5, 0]
			},
			{
				"name": "bone57",
				"parent": "bone56",
				"pivot": [2, 17.4, 3],
				"rotation": [11.5, 3.5, 0]
			},
			{
				"name": "bone49",
				"parent": "bone48",
				"pivot": [0, 18.12066, 3.00017],
				"rotation": [42.5, 0, 0]
			},
			{
				"name": "bone53",
				"parent": "bone49",
				"pivot": [-0.4, 18.72066, 3.00017],
				"rotation": [0, 0, 15]
			},
			{
				"name": "bone52",
				"parent": "bone49",
				"pivot": [0.5, 18.72066, 3.00017],
				"rotation": [0, 0, -17.5]
			},
			{
				"name": "bone50",
				"parent": "bone49",
				"pivot": [-0.6, 18.12066, 3.00017],
				"rotation": [0, -23.5, 17.5]
			},
			{
				"name": "bone51",
				"parent": "bone49",
				"pivot": [0.7, 18.12066, 3.00017],
				"rotation": [0, 24, -22.5]
			},
			{
				"name": "bone54",
				"parent": "bone7",
				"pivot": [0, 0, 0],
				"cubes": [
					{"origin": [-2.65, 17.799, 2.95], "size": [2, 0.31, 0.05], "uv": [4, 21]},
					{"origin": [0.65, 17.799, 2.95], "size": [2.2, 0.31, 0.05], "uv": [4, 21]},
					{"origin": [-2.45, 17.599, 2.95], "size": [1.75, 0.21, 0.05], "uv": [4, 21]},
					{"origin": [0.65, 17.599, 2.95], "size": [1.85, 0.21, 0.05], "uv": [4, 21]},
					{"origin": [-1.55, 16.799, 2.951], "size": [0.95, 1.01, 0.05], "uv": [4, 21]},
					{"origin": [0.7, 16.999, 2.951], "size": [0.55, 0.81, 0.05], "uv": [4, 21]},
					{"origin": [-2.45, 15.749, -3.052], "size": [2.05, 1, 6], "uv": [4, 21]},
					{"origin": [0.45, 15.749, -3.052], "size": [1.95, 1, 6], "uv": [4, 21]}
				]
			},
			{
				"name": "bone8",
				"parent": "bone7",
				"pivot": [0, 16.75, -3],
				"rotation": [0, 0, -30],
				"cubes": [
					{"origin": [0, 15.599, -3.0499], "size": [2.55, 1.15, 5.85], "uv": [4, 21]}
				]
			},
			{
				"name": "bone35",
				"parent": "bone8",
				"pivot": [2.48303, 16.67388, 3],
				"rotation": [0, 0, -10],
				"cubes": [
					{"origin": [0.08303, 16.17288, -2.9499], "size": [3.15, 0.8, 5.95], "uv": [4, 21]},
					{"origin": [2.48303, 16.27288, 2.9501], "size": [0.75, 0.7, 0.1], "uv": [4, 21]}
				]
			},
			{
				"name": "bone61",
				"parent": "bone35",
				"pivot": [3.28303, 16.27388, -3],
				"rotation": [15, 0, 0],
				"cubes": [
					{"origin": [2.73303, 16.17288, -3.0499], "size": [0.5, 0.8, 0.25], "uv": [4, 21]}
				]
			},
			{
				"name": "bone9",
				"parent": "bone7",
				"pivot": [0, 16.75, -3],
				"rotation": [0, 0, 30],
				"cubes": [
					{"origin": [-2.6, 15.599, -3.0499], "size": [2.55, 1.1, 1.95], "uv": [4, 21]}
				]
			},
			{
				"name": "bone34",
				"parent": "bone9",
				"pivot": [-0.66864, 16.41504, 3],
				"rotation": [0, 0, 10],
				"cubes": [
					{"origin": [-3.36864, 15.854, -2.9499], "size": [3.35, 0.7, 5.95], "uv": [4, 21]},
					{"origin": [-3.367, 15.87288, 2.9501], "size": [0.75, 0.7, 0.1], "uv": [4, 21]}
				]
			},
			{
				"name": "bone60",
				"parent": "bone34",
				"pivot": [-3.36864, 15.81504, -3.05],
				"rotation": [12.5, 0, 0],
				"cubes": [
					{"origin": [-3.36864, 15.84, -3.099], "size": [0.3, 0.7, 0.35], "uv": [4, 21]}
				]
			},
			{
				"name": "bone3",
				"parent": "bone",
				"pivot": [-3, 18, 0],
				"rotation": [0, 0, -2.5],
				"cubes": [
					{"origin": [-3.1, 17.999, -3.051], "size": [1.55, 0.1, 6.05], "uv": [4, 21]}
				]
			},
			{
				"name": "bone46",
				"parent": "bone3",
				"pivot": [-3.21607, 17.97696, 1],
				"rotation": [0, 0, 27.5]
			},
			{
				"name": "bone47",
				"parent": "bone46",
				"pivot": [-3.11607, 17.97696, -3],
				"rotation": [15, 0, 0]
			},
			{
				"name": "bone2",
				"parent": "bone",
				"pivot": [3, 18, 0],
				"rotation": [0, 0, 2.5],
				"cubes": [
					{"origin": [1.55, 17.999, -3.051], "size": [1.55, 0.1, 6.05], "uv": [4, 21]}
				]
			},
			{
				"name": "bone44",
				"parent": "bone2",
				"pivot": [3.2, 18, 0],
				"rotation": [0, 0, -27.5]
			},
			{
				"name": "bone58",
				"parent": "bone44",
				"pivot": [3.1, 19, -3],
				"rotation": [-5, 0, 0]
			},
			{
				"name": "bone59",
				"parent": "bone58",
				"pivot": [3.2, 18.5, 3],
				"rotation": [-12.5, 0, 0]
			},
			{
				"name": "bone45",
				"parent": "bone44",
				"pivot": [3.29235, 17.9774, -3.05],
				"rotation": [14, 0, 0]
			},
			{
				"name": "sittingRotationSkirt",
				"parent": "body",
				"pivot": [0, 11.9, 3]
			},
			{
				"name": "bone10",
				"parent": "sittingRotationSkirt",
				"pivot": [0, 17.2, 3]
			},
			{
				"name": "bone11",
				"parent": "bone10",
				"pivot": [0, 3.9, 0]
			},
			{
				"name": "bone12",
				"parent": "bone11",
				"pivot": [0, 3.9, 4.47051],
				"rotation": [10, 0, 0],
				"cubes": [
					{"origin": [-2.5, 6.45782, 4.47051], "size": [5, 5.6, 0.01], "uv": [8, 17]}
				]
			},
			{
				"name": "bone13",
				"parent": "bone12",
				"pivot": [-2.5, 3.55782, 4.47051],
				"rotation": [0, 0, 9.85108],
				"cubes": [
					{"origin": [-4.4, 6.45782, 4.46951], "size": [1.9, 5.6, 0.01], "uv": [8, 17]}
				]
			},
			{
				"name": "bone14",
				"parent": "bone12",
				"pivot": [2.5, 3.55782, 4.47051],
				"rotation": [0, 0, -9.85108],
				"cubes": [
					{"origin": [2.5, 6.45782, 4.47151], "size": [1.8, 5.6, 0.01], "uv": [8, 17]}
				]
			},
			{
				"name": "bone15",
				"parent": "bone10",
				"pivot": [0.2, 3.9, 0],
				"rotation": [0, -90, 0]
			},
			{
				"name": "bone16",
				"parent": "bone15",
				"pivot": [0.2, 3.9, 4.57051],
				"rotation": [10, 0, 0],
				"cubes": [
					{"origin": [-2.3, 6.45782, 4.57051], "size": [5, 5.6, 0.01], "uv": [8, 17]}
				]
			},
			{
				"name": "bone17",
				"parent": "bone16",
				"pivot": [-2.3, 3.55782, 4.57051],
				"rotation": [0, 0, 9.85108],
				"cubes": [
					{"origin": [-4.3, 6.45782, 4.56951], "size": [2, 5.6, 0.01], "uv": [8, 17]}
				]
			},
			{
				"name": "bone18",
				"parent": "bone16",
				"pivot": [2.7, 3.55782, 4.57051],
				"rotation": [0, 0, -9.85108],
				"cubes": [
					{"origin": [2.7, 6.45782, 4.57151], "size": [2, 5.6, 0.01], "uv": [8, 17]}
				]
			},
			{
				"name": "bone19",
				"parent": "bone10",
				"pivot": [0, 3.9, 0],
				"rotation": [0, -180, 0]
			},
			{
				"name": "bone20",
				"parent": "bone19",
				"pivot": [0, 3.9, 4.47051],
				"rotation": [10, 0, 0],
				"cubes": [
					{"origin": [-2.5, 6.45782, 4.47051], "size": [5, 5.6, 0.01], "uv": [8, 17]}
				]
			},
			{
				"name": "bone21",
				"parent": "bone20",
				"pivot": [-2.5, 3.55782, 4.47051],
				"rotation": [0, 0, 9.85108],
				"cubes": [
					{"origin": [-4.3, 6.45782, 4.46951], "size": [1.8, 5.6, 0.01], "uv": [8, 17]}
				]
			},
			{
				"name": "bone22",
				"parent": "bone20",
				"pivot": [2.5, 3.55782, 4.47051],
				"rotation": [0, 0, -9.85108],
				"cubes": [
					{"origin": [2.5, 6.45782, 4.47151], "size": [1.9, 5.6, 0.01], "uv": [8, 17]}
				]
			},
			{
				"name": "bone23",
				"parent": "bone10",
				"pivot": [-0.2, 3.9, 0],
				"rotation": [0, -270, 0]
			},
			{
				"name": "bone24",
				"parent": "bone23",
				"pivot": [-0.2, 3.9, 4.47051],
				"rotation": [10, 0, 0],
				"cubes": [
					{"origin": [-2.7, 6.45782, 4.47051], "size": [5, 5.6, 0.01], "uv": [8, 17]}
				]
			},
			{
				"name": "bone25",
				"parent": "bone24",
				"pivot": [-2.7, 3.55782, 4.47051],
				"rotation": [0, 0, 9.85108],
				"cubes": [
					{"origin": [-4.7, 6.45782, 4.46951], "size": [2, 5.6, 0.01], "uv": [8, 17]}
				]
			},
			{
				"name": "bone26",
				"parent": "bone24",
				"pivot": [2.3, 3.55782, 4.47051],
				"rotation": [0, 0, -9.85108],
				"cubes": [
					{"origin": [2.3, 6.45782, 4.47151], "size": [2, 5.6, 0.01], "uv": [8, 17]}
				]
			},
			{
				"name": "bone66",
				"parent": "sittingRotationSkirt",
				"pivot": [0, 17.2, 3]
			},
			{
				"name": "bone67",
				"parent": "bone66",
				"pivot": [0, 3.9, 0]
			},
			{
				"name": "bone68",
				"parent": "bone67",
				"pivot": [0, 3.9, 4.47051],
				"rotation": [10, 0, 0],
				"cubes": [
					{"origin": [-2.5, 6.25782, 4.47051], "size": [5, 0.2, 0.01], "uv": [26, 37]}
				]
			},
			{
				"name": "bone69",
				"parent": "bone68",
				"pivot": [-2.5, 3.55782, 4.47051],
				"rotation": [0, 0, 9.85108],
				"cubes": [
					{"origin": [-4.4, 6.25782, 4.46951], "size": [1.9, 0.2, 0.01], "uv": [26, 37]}
				]
			},
			{
				"name": "bone70",
				"parent": "bone68",
				"pivot": [2.5, 3.55782, 4.47051],
				"rotation": [0, 0, -9.85108],
				"cubes": [
					{"origin": [2.5, 6.25782, 4.47151], "size": [1.8, 0.2, 0.01], "uv": [26, 37]}
				]
			},
			{
				"name": "bone71",
				"parent": "bone66",
				"pivot": [0.2, 3.9, 0],
				"rotation": [0, -90, 0]
			},
			{
				"name": "bone72",
				"parent": "bone71",
				"pivot": [0.2, 3.9, 4.57051],
				"rotation": [10, 0, 0],
				"cubes": [
					{"origin": [-2.3, 6.25782, 4.57051], "size": [5, 0.2, 0.01], "uv": [26, 37]}
				]
			},
			{
				"name": "bone73",
				"parent": "bone72",
				"pivot": [-2.3, 3.55782, 4.57051],
				"rotation": [0, 0, 9.85108],
				"cubes": [
					{"origin": [-4.3, 6.25782, 4.56951], "size": [2, 0.2, 0.01], "uv": [26, 37]}
				]
			},
			{
				"name": "bone74",
				"parent": "bone72",
				"pivot": [2.7, 3.55782, 4.57051],
				"rotation": [0, 0, -9.85108],
				"cubes": [
					{"origin": [2.7, 6.25782, 4.57151], "size": [2, 0.2, 0.01], "uv": [26, 37]}
				]
			},
			{
				"name": "bone75",
				"parent": "bone66",
				"pivot": [0, 3.9, 0],
				"rotation": [0, -180, 0]
			},
			{
				"name": "bone76",
				"parent": "bone75",
				"pivot": [0, 3.9, 4.47051],
				"rotation": [10, 0, 0],
				"cubes": [
					{"origin": [-2.5, 6.25782, 4.47051], "size": [5, 0.2, 0.01], "uv": [26, 37]}
				]
			},
			{
				"name": "bone77",
				"parent": "bone76",
				"pivot": [-2.5, 3.55782, 4.47051],
				"rotation": [0, 0, 9.85108],
				"cubes": [
					{"origin": [-4.3, 6.25782, 4.46951], "size": [1.8, 0.2, 0.01], "uv": [26, 37]}
				]
			},
			{
				"name": "bone78",
				"parent": "bone76",
				"pivot": [2.5, 3.55782, 4.47051],
				"rotation": [0, 0, -9.85108],
				"cubes": [
					{"origin": [2.5, 6.25782, 4.47151], "size": [1.9, 0.2, 0.01], "uv": [26, 37]}
				]
			},
			{
				"name": "bone79",
				"parent": "bone66",
				"pivot": [-0.2, 3.9, 0],
				"rotation": [0, -270, 0]
			},
			{
				"name": "bone80",
				"parent": "bone79",
				"pivot": [-0.2, 3.9, 4.47051],
				"rotation": [10, 0, 0],
				"cubes": [
					{"origin": [-2.7, 6.25782, 4.47051], "size": [5, 0.2, 0.01], "uv": [26, 37]}
				]
			},
			{
				"name": "bone81",
				"parent": "bone80",
				"pivot": [-2.7, 3.55782, 4.47051],
				"rotation": [0, 0, 9.85108],
				"cubes": [
					{"origin": [-4.7, 6.25782, 4.46951], "size": [2, 0.2, 0.01], "uv": [26, 37]}
				]
			},
			{
				"name": "bone82",
				"parent": "bone80",
				"pivot": [2.3, 3.55782, 4.47051],
				"rotation": [0, 0, -9.85108],
				"cubes": [
					{"origin": [2.3, 6.25782, 4.47151], "size": [2, 0.2, 0.01], "uv": [26, 37]}
				]
			},
			{
				"name": "bone83",
				"parent": "sittingRotationSkirt",
				"pivot": [0, 17.2, 3]
			},
			{
				"name": "bone84",
				"parent": "bone83",
				"pivot": [0, 3.9, 0]
			},
			{
				"name": "bone85",
				"parent": "bone84",
				"pivot": [0, 3.9, 4.47051],
				"rotation": [10, 0, 0],
				"cubes": [
					{"origin": [-2.5, 6.05782, 4.47051], "size": [5, 0.2, 0.01], "uv": [40, 39]}
				]
			},
			{
				"name": "bone86",
				"parent": "bone85",
				"pivot": [-2.5, 3.55782, 4.47051],
				"rotation": [0, 0, 9.85108],
				"cubes": [
					{"origin": [-4.4, 6.05782, 4.46951], "size": [1.9, 0.2, 0.01], "uv": [40, 39]}
				]
			},
			{
				"name": "bone87",
				"parent": "bone85",
				"pivot": [2.5, 3.55782, 4.47051],
				"rotation": [0, 0, -9.85108],
				"cubes": [
					{"origin": [2.5, 6.05782, 4.47151], "size": [1.8, 0.2, 0.01], "uv": [40, 39]}
				]
			},
			{
				"name": "bone88",
				"parent": "bone83",
				"pivot": [0.2, 3.9, 0],
				"rotation": [0, -90, 0]
			},
			{
				"name": "bone89",
				"parent": "bone88",
				"pivot": [0.2, 3.9, 4.57051],
				"rotation": [10, 0, 0],
				"cubes": [
					{"origin": [-2.3, 6.05782, 4.57051], "size": [5, 0.2, 0.01], "uv": [40, 39]}
				]
			},
			{
				"name": "bone90",
				"parent": "bone89",
				"pivot": [-2.3, 3.55782, 4.57051],
				"rotation": [0, 0, 9.85108],
				"cubes": [
					{"origin": [-4.3, 6.05782, 4.56951], "size": [2, 0.2, 0.01], "uv": [40, 39]}
				]
			},
			{
				"name": "bone91",
				"parent": "bone89",
				"pivot": [2.7, 3.55782, 4.57051],
				"rotation": [0, 0, -9.85108],
				"cubes": [
					{"origin": [2.7, 6.05782, 4.57151], "size": [2, 0.2, 0.01], "uv": [40, 39]}
				]
			},
			{
				"name": "bone92",
				"parent": "bone83",
				"pivot": [0, 3.9, 0],
				"rotation": [0, -180, 0]
			},
			{
				"name": "bone93",
				"parent": "bone92",
				"pivot": [0, 3.9, 4.47051],
				"rotation": [10, 0, 0],
				"cubes": [
					{"origin": [-2.5, 6.05782, 4.47051], "size": [5, 0.2, 0.01], "uv": [40, 39]}
				]
			},
			{
				"name": "bone94",
				"parent": "bone93",
				"pivot": [-2.5, 3.55782, 4.47051],
				"rotation": [0, 0, 9.85108],
				"cubes": [
					{"origin": [-4.3, 6.05782, 4.46951], "size": [1.8, 0.2, 0.01], "uv": [40, 39]}
				]
			},
			{
				"name": "bone95",
				"parent": "bone93",
				"pivot": [2.5, 3.55782, 4.47051],
				"rotation": [0, 0, -9.85108],
				"cubes": [
					{"origin": [2.5, 6.05782, 4.47151], "size": [1.9, 0.2, 0.01], "uv": [40, 39]}
				]
			},
			{
				"name": "bone96",
				"parent": "bone83",
				"pivot": [-0.2, 3.9, 0],
				"rotation": [0, -270, 0]
			},
			{
				"name": "bone97",
				"parent": "bone96",
				"pivot": [-0.2, 3.9, 4.47051],
				"rotation": [10, 0, 0],
				"cubes": [
					{"origin": [-2.7, 6.05782, 4.47051], "size": [5, 0.2, 0.01], "uv": [40, 39]}
				]
			},
			{
				"name": "bone98",
				"parent": "bone97",
				"pivot": [-2.7, 3.55782, 4.47051],
				"rotation": [0, 0, 9.85108],
				"cubes": [
					{"origin": [-4.7, 6.05782, 4.46951], "size": [2, 0.2, 0.01], "uv": [40, 39]}
				]
			},
			{
				"name": "bone99",
				"parent": "bone97",
				"pivot": [2.3, 3.55782, 4.47051],
				"rotation": [0, 0, -9.85108],
				"cubes": [
					{"origin": [2.3, 6.05782, 4.47151], "size": [2, 0.2, 0.01], "uv": [40, 39]}
				]
			},
			{
				"name": "bone100",
				"parent": "sittingRotationSkirt",
				"pivot": [0, 17.2, 3]
			},
			{
				"name": "bone101",
				"parent": "bone100",
				"pivot": [0, 3.9, 0]
			},
			{
				"name": "bone102",
				"parent": "bone101",
				"pivot": [0, 3.9, 4.47051],
				"rotation": [10, 0, 0],
				"cubes": [
					{"origin": [-2.5, 5.85782, 4.47051], "size": [5, 0.2, 0.01], "uv": [25, 38]}
				]
			},
			{
				"name": "bone103",
				"parent": "bone102",
				"pivot": [-2.5, 3.55782, 4.47051],
				"rotation": [0, 0, 9.85108],
				"cubes": [
					{"origin": [-4.4, 5.85782, 4.46951], "size": [1.9, 0.2, 0.01], "uv": [25, 38]}
				]
			},
			{
				"name": "bone104",
				"parent": "bone102",
				"pivot": [2.5, 3.55782, 4.47051],
				"rotation": [0, 0, -9.85108],
				"cubes": [
					{"origin": [2.5, 5.85782, 4.47151], "size": [1.8, 0.2, 0.01], "uv": [25, 38]}
				]
			},
			{
				"name": "bone105",
				"parent": "bone100",
				"pivot": [0.2, 3.9, 0],
				"rotation": [0, -90, 0]
			},
			{
				"name": "bone106",
				"parent": "bone105",
				"pivot": [0.2, 3.9, 4.57051],
				"rotation": [10, 0, 0],
				"cubes": [
					{"origin": [-2.3, 5.85782, 4.57051], "size": [5, 0.2, 0.01], "uv": [25, 38]}
				]
			},
			{
				"name": "bone107",
				"parent": "bone106",
				"pivot": [-2.3, 3.55782, 4.57051],
				"rotation": [0, 0, 9.85108],
				"cubes": [
					{"origin": [-4.3, 5.85782, 4.56951], "size": [2, 0.2, 0.01], "uv": [25, 38]}
				]
			},
			{
				"name": "bone108",
				"parent": "bone106",
				"pivot": [2.7, 3.55782, 4.57051],
				"rotation": [0, 0, -9.85108],
				"cubes": [
					{"origin": [2.7, 5.85782, 4.57151], "size": [2, 0.2, 0.01], "uv": [25, 38]}
				]
			},
			{
				"name": "bone109",
				"parent": "bone100",
				"pivot": [0, 3.9, 0],
				"rotation": [0, -180, 0]
			},
			{
				"name": "bone110",
				"parent": "bone109",
				"pivot": [0, 3.9, 4.47051],
				"rotation": [10, 0, 0],
				"cubes": [
					{"origin": [-2.5, 5.85782, 4.47051], "size": [5, 0.2, 0.01], "uv": [25, 38]}
				]
			},
			{
				"name": "bone111",
				"parent": "bone110",
				"pivot": [-2.5, 3.55782, 4.47051],
				"rotation": [0, 0, 9.85108],
				"cubes": [
					{"origin": [-4.3, 5.85782, 4.46951], "size": [1.8, 0.2, 0.01], "uv": [25, 38]}
				]
			},
			{
				"name": "bone112",
				"parent": "bone110",
				"pivot": [2.5, 3.55782, 4.47051],
				"rotation": [0, 0, -9.85108],
				"cubes": [
					{"origin": [2.5, 5.85782, 4.47151], "size": [1.9, 0.2, 0.01], "uv": [25, 38]}
				]
			},
			{
				"name": "bone113",
				"parent": "bone100",
				"pivot": [-0.2, 3.9, 0],
				"rotation": [0, -270, 0]
			},
			{
				"name": "bone114",
				"parent": "bone113",
				"pivot": [-0.2, 3.9, 4.47051],
				"rotation": [10, 0, 0],
				"cubes": [
					{"origin": [-2.7, 5.85782, 4.47051], "size": [5, 0.2, 0.01], "uv": [25, 38]}
				]
			},
			{
				"name": "bone115",
				"parent": "bone114",
				"pivot": [-2.7, 3.55782, 4.47051],
				"rotation": [0, 0, 9.85108],
				"cubes": [
					{"origin": [-4.7, 5.85782, 4.46951], "size": [2, 0.2, 0.01], "uv": [25, 38]}
				]
			},
			{
				"name": "bone116",
				"parent": "bone114",
				"pivot": [2.3, 3.55782, 4.47051],
				"rotation": [0, 0, -9.85108],
				"cubes": [
					{"origin": [2.3, 5.85782, 4.47151], "size": [2, 0.2, 0.01], "uv": [25, 38]}
				]
			},
			{
				"name": "bone117",
				"parent": "sittingRotationSkirt",
				"pivot": [0, 17.2, 3]
			},
			{
				"name": "bone118",
				"parent": "bone117",
				"pivot": [0, 3.9, 0]
			},
			{
				"name": "bone119",
				"parent": "bone118",
				"pivot": [0, 3.9, 4.47051],
				"rotation": [10, 0, 0],
				"cubes": [
					{"origin": [-2.5, 5.55782, 4.47051], "size": [5, 0.3, 0.01], "uv": [6, 25]}
				]
			},
			{
				"name": "bone120",
				"parent": "bone119",
				"pivot": [-2.5, 3.55782, 4.47051],
				"rotation": [0, 0, 9.85108],
				"cubes": [
					{"origin": [-4.4, 5.55782, 4.46951], "size": [1.9, 0.3, 0.01], "uv": [6, 25]}
				]
			},
			{
				"name": "bone121",
				"parent": "bone119",
				"pivot": [2.5, 3.55782, 4.47051],
				"rotation": [0, 0, -9.85108],
				"cubes": [
					{"origin": [2.5, 5.55782, 4.47151], "size": [1.8, 0.3, 0.01], "uv": [6, 25]}
				]
			},
			{
				"name": "bone122",
				"parent": "bone117",
				"pivot": [0.2, 3.9, 0],
				"rotation": [0, -90, 0]
			},
			{
				"name": "bone123",
				"parent": "bone122",
				"pivot": [0.2, 3.9, 4.57051],
				"rotation": [10, 0, 0],
				"cubes": [
					{"origin": [-2.3, 5.55782, 4.57051], "size": [5, 0.3, 0.01], "uv": [6, 25]}
				]
			},
			{
				"name": "bone124",
				"parent": "bone123",
				"pivot": [-2.3, 3.55782, 4.57051],
				"rotation": [0, 0, 9.85108],
				"cubes": [
					{"origin": [-4.3, 5.55782, 4.56951], "size": [2, 0.3, 0.01], "uv": [6, 25]}
				]
			},
			{
				"name": "bone125",
				"parent": "bone123",
				"pivot": [2.7, 3.55782, 4.57051],
				"rotation": [0, 0, -9.85108],
				"cubes": [
					{"origin": [2.7, 5.55782, 4.57151], "size": [2, 0.3, 0.01], "uv": [6, 25]}
				]
			},
			{
				"name": "bone126",
				"parent": "bone117",
				"pivot": [0, 3.9, 0],
				"rotation": [0, -180, 0]
			},
			{
				"name": "bone127",
				"parent": "bone126",
				"pivot": [0, 3.9, 4.47051],
				"rotation": [10, 0, 0],
				"cubes": [
					{"origin": [-2.5, 5.55782, 4.47051], "size": [5, 0.3, 0.01], "uv": [6, 25]}
				]
			},
			{
				"name": "bone128",
				"parent": "bone127",
				"pivot": [-2.5, 3.55782, 4.47051],
				"rotation": [0, 0, 9.85108],
				"cubes": [
					{"origin": [-4.3, 5.55782, 4.46951], "size": [1.8, 0.3, 0.01], "uv": [6, 25]}
				]
			},
			{
				"name": "bone129",
				"parent": "bone127",
				"pivot": [2.5, 3.55782, 4.47051],
				"rotation": [0, 0, -9.85108],
				"cubes": [
					{"origin": [2.5, 5.55782, 4.47151], "size": [1.9, 0.3, 0.01], "uv": [6, 25]}
				]
			},
			{
				"name": "bone130",
				"parent": "bone117",
				"pivot": [-0.2, 3.9, 0],
				"rotation": [0, -270, 0]
			},
			{
				"name": "bone131",
				"parent": "bone130",
				"pivot": [-0.2, 3.9, 4.47051],
				"rotation": [10, 0, 0],
				"cubes": [
					{"origin": [-2.7, 5.55782, 4.47051], "size": [5, 0.3, 0.01], "uv": [6, 25]}
				]
			},
			{
				"name": "bone132",
				"parent": "bone131",
				"pivot": [-2.7, 3.55782, 4.47051],
				"rotation": [0, 0, 9.85108],
				"cubes": [
					{"origin": [-4.7, 5.55782, 4.46951], "size": [2, 0.3, 0.01], "uv": [6, 25]}
				]
			},
			{
				"name": "bone133",
				"parent": "bone131",
				"pivot": [2.3, 3.55782, 4.47051],
				"rotation": [0, 0, -9.85108],
				"cubes": [
					{"origin": [2.3, 5.55782, 4.47151], "size": [2, 0.3, 0.01], "uv": [6, 25]}
				]
			},
			{
				"name": "bone137",
				"parent": "body",
				"pivot": [0, 10.5, 0]
			},
			{
				"name": "bone138",
				"parent": "bone137",
				"pivot": [0, 16.65, -3.15],
				"rotation": [-2.5, 0, 10],
				"cubes": [
					{"origin": [-0.15, 14.299, -3.202], "size": [0.1, 2.45, 0.1], "uv": [60, 37]},
					{"origin": [-0.2, 14.699, -3.25], "size": [0.2, 0.15, 0.2], "uv": [60, 51]},
					{"origin": [-0.2, 14.099, -3.25], "size": [0.2, 0.55, 0.2], "uv": [59, 57]},
					{"origin": [-0.2, 14.899, -3.25], "size": [0.2, 0.15, 0.2], "uv": [60, 50]},
					{"origin": [-0.2, 15.099, -3.25], "size": [0.2, 0.15, 0.2], "uv": [60, 50]}
				]
			},
			{
				"name": "bone139",
				"parent": "bone137",
				"pivot": [0.2, 16.65, -3.15],
				"rotation": [-2.5, 0, -10],
				"cubes": [
					{"origin": [0.05, 14.299, -3.202], "size": [0.1, 2.45, 0.1], "uv": [60, 43]},
					{"origin": [0, 14.699, -3.25], "size": [0.2, 0.15, 0.2], "uv": [60, 52]},
					{"origin": [0, 14.099, -3.25], "size": [0.2, 0.55, 0.2], "uv": [59, 58]},
					{"origin": [0, 14.899, -3.25], "size": [0.2, 0.15, 0.2], "uv": [59, 49]},
					{"origin": [0, 15.099, -3.25], "size": [0.2, 0.15, 0.2], "uv": [60, 52]}
				]
			},
			{
				"name": "legLeft",
				"pivot": [1.5, 11.25, 0]
			},
			{
				"name": "bone136",
				"parent": "legLeft",
				"pivot": [3.25, -4.5, 0],
				"cubes": [
					{"origin": [0.251, 0.5, -1.25], "size": [2.5, 8.5, 2.5], "uv": [32, 18]},
					{"origin": [0.151, 3.8, -1.35], "size": [2.7, 0.8, 2.7], "uv": [5, 57]},
					{"origin": [0.151, 0.9, -1.35], "size": [2.7, 0.8, 2.7], "uv": [32, 53]},
					{"origin": [0.051, 4.5, -1.45], "size": [2.9, 4.6, 2.9], "uv": [2, 52]},
					{"origin": [0.151, 0, -1.65], "size": [2.7, 0.9, 3], "uv": [31, 53]}
				]
			},
			{
				"name": "legRight",
				"pivot": [-1.75, 11.25, 0]
			},
			{
				"name": "bone135",
				"parent": "legRight",
				"pivot": [0.25, -4.5, 0],
				"cubes": [
					{"origin": [-2.749, 0.3, -1.25], "size": [2.5, 8.7, 2.5], "uv": [29, 18]},
					{"origin": [-2.849, 3.8, -1.35], "size": [2.7, 0.8, 2.7], "uv": [7, 53]},
					{"origin": [-2.849, 0.9, -1.35], "size": [2.7, 0.8, 2.7], "uv": [33, 51]},
					{"origin": [-2.949, 4.5, -1.45], "size": [2.9, 4.6, 2.9], "uv": [6, 51]},
					{"origin": [-2.849, 0, -1.65], "size": [2.7, 0.9, 3], "uv": [30, 53]}
				]
			}
		]
	}
}