{
	"format_version": "1.10.0",
	"geometry.model": {
		"texturewidth": 128,
		"textureheight": 128,
		"visible_bounds_width": 3,
		"visible_bounds_height": 2,
		"visible_bounds_offset": [0, 0, 0],
		"bones": [
			{
				"name": "head",
				"pivot": [0, 18, 0],
				"cubes": [
					{"origin": [-4, 18.5, -4], "size": [8, 8, 8], "uv": [64, 20]},
					{"origin": [-4.25, 18.25, -4.25], "size": [8.5, 8.5, 8.5], "uv": [96, 20]}
				]
			},
			{
				"name": "blink",
				"parent": "head",
				"pivot": [0, 18, 0],
				"cubes": [
					{"origin": [-4, 18.5, -4.001], "size": [8, 8, 0], "uv": [88, 20]}
				]
			},
			{
				"name": "armRight",
				"pivot": [-2.5, 17.25, 0],
				"rotation": [0, 0, 15],
				"cubes": [
					{"origin": [-4.5, 8.25, -1], "size": [2, 8, 2], "uv": [85, 58]},
					{"origin": [-4.6, 9.25, -1.1], "size": [2.2, 8, 2.2], "uv": [102, 4]},
					{"origin": [-4.6, 17.25, -0.85], "size": [2.2, 0.1, 1.7], "uv": [80, 50]},
					{"origin": [-4.5, 17.3, -0.65], "size": [1.9, 0.1, 1.25], "uv": [88, 57]},
					{"origin": [-4, 17.4, -0.25], "size": [0.5, 0.1, 0.5], "uv": [84, 52]},
					{"origin": [-4.29319, 17.34824, -0.65], "size": [0.1, 0.1, 1.3], "uv": [84, 52]},
					{"origin": [-4.7, 9.25, -1.2], "size": [2.4, 1.6, 2.4], "uv": [119, 14]},
					{"origin": [-4.8, 10.55, -1.3], "size": [2.6, 0.1, 2.6], "uv": [83, 50]},
					{"origin": [-4.8, 10.25, -1.3], "size": [2.6, 0.1, 2.6], "uv": [88, 49]}
				]
			},
			{
				"name": "armLeft",
				"pivot": [2.5, 17.25, 0],
				"rotation": [0, 0, -15],
				"cubes": [
					{"origin": [2.5, 8.25, -1], "size": [2, 8, 2], "uv": [83, 57]},
					{"origin": [2.4, 9.25, -1.1], "size": [2.2, 8, 2.2], "uv": [111, 5]},
					{"origin": [2.4, 17.25, -0.85], "size": [2.2, 0.1, 1.7], "uv": [85, 49]},
					{"origin": [2.6, 17.3, -0.65], "size": [1.9, 0.1, 1.25], "uv": [86, 60]},
					{"origin": [3.5, 17.4, -0.25], "size": [0.5, 0.1, 0.5], "uv": [87, 50]},
					{"origin": [4.19319, 17.34824, -0.65], "size": [0.1, 0.1, 1.3], "uv": [87, 50]},
					{"origin": [2.3, 9.25, -1.2], "size": [2.4, 1.6, 2.4], "uv": [107, 10]},
					{"origin": [2.2, 10.55, -1.3], "size": [2.6, 0.1, 2.6], "uv": [82, 49]},
					{"origin": [2.2, 10.25, -1.3], "size": [2.6, 0.1, 2.6], "uv": [84, 49]}
				]
			},
			{
				"name": "body",
				"pivot": [0, 10.5, -0.2],
				"cubes": [
					{"origin": [-1.5, 15.999, -1.7], "size": [3, 3, 3.25], "uv": [78, 57]}
				]
			},
			{
				"name": "yiling",
				"parent": "body",
				"pivot": [0, 13.9, -0.2],
				"cubes": [
					{"origin": [0.3, 17.649, -1.9], "size": [1.7, 0.25, 3.7], "uv": [104, 5]},
					{"origin": [-2, 17.649, -1.9], "size": [1.7, 0.25, 3.7], "uv": [102, 9]},
					{"origin": [-2, 17.9, -1.9], "size": [2, 0.4, 3.7], "uv": [76, 47]},
					{"origin": [0, 17.9, -1.9], "size": [2, 0.4, 3.7], "uv": [79, 47]},
					{"origin": [-0.3, 17.649, -1.9], "size": [0.3, 0.25, 3.3], "uv": [88, 47]},
					{"origin": [0, 17.649, -1.9], "size": [0.3, 0.25, 2.5], "uv": [88, 47]}
				]
			},
			{
				"name": "xiongbu",
				"parent": "body",
				"pivot": [0, 0, -0.2],
				"cubes": [
					{"origin": [-3, 14.249, -1.9], "size": [6, 3.45, 3.7], "uv": [99, 5]}
				]
			},
			{
				"name": "zuo",
				"parent": "xiongbu",
				"pivot": [-2.9, 17.7, -3.2],
				"rotation": [0, 0, -5.5],
				"cubes": [
					{"origin": [-3.4, 12.049, -1.9], "size": [0.5, 5.65, 3.7], "uv": [104, 2]}
				]
			},
			{
				"name": "you",
				"parent": "xiongbu",
				"pivot": [3, 17.7, -3.2],
				"rotation": [0, 0, 6],
				"cubes": [
					{"origin": [3, 12.049, -2], "size": [0.5, 5.65, 3.8], "uv": [108, 3]}
				]
			},
			{
				"name": "yaobu",
				"parent": "xiongbu",
				"pivot": [0, 0, -0.2],
				"cubes": [
					{"origin": [-2.85, 11.999, -1.9], "size": [5.7, 2.3, 3.7], "uv": [104, 3]},
					{"origin": [-2.85, 8.999, -1.9], "size": [5.7, 2.3, 3.7], "uv": [104, 3]}
				]
			},
			{
				"name": "xiongqian",
				"parent": "body",
				"pivot": [0, 15.5, -4.9],
				"cubes": [
					{"origin": [0, 14.249, -2], "size": [3, 3.45, 0.1], "uv": [112, 6]},
					{"origin": [-1.9, 14.249, -2], "size": [1.9, 2.45, 0.1], "uv": [116, 6]},
					{"origin": [-1.9, 11.999, -2], "size": [4.7, 2.3, 0.1], "uv": [114, 7]}
				]
			},
			{
				"name": "jiaceng",
				"parent": "xiongqian",
				"pivot": [0, 17.7, -1.9],
				"rotation": [0, 0, -27.5],
				"cubes": [
					{"origin": [-2.1, 16.699, -2], "size": [2.1, 1, 0.1], "uv": [115, 10]}
				]
			},
			{
				"name": "zhuangshi",
				"parent": "xiongqian",
				"pivot": [-4, 15.5, -4.9],
				"cubes": [
					{"origin": [-2, 11.949, -2], "size": [0.1, 4.75, 0.1], "uv": [83, 48]},
					{"origin": [-1.3, 15.849, -2.1], "size": [0.5, 0.5, 0.1], "uv": [83, 48]},
					{"origin": [0.8, 15.849, -2.1], "size": [0.5, 0.5, 0.1], "uv": [83, 48]},
					{"origin": [-1.3, 14.349, -2.1], "size": [0.5, 0.5, 0.1], "uv": [83, 48]},
					{"origin": [0.8, 12.599, -2.1], "size": [0.5, 0.5, 0.1], "uv": [83, 48]},
					{"origin": [-1.3, 12.599, -2.1], "size": [0.5, 0.5, 0.1], "uv": [83, 48]},
					{"origin": [0.8, 14.349, -2.1], "size": [0.5, 0.5, 0.1], "uv": [83, 48]}
				]
			},
			{
				"name": "yaodai",
				"parent": "body",
				"pivot": [0, 10.5, -0.2],
				"cubes": [
					{"origin": [-2.95, 10.999, -2.1], "size": [5.9, 1, 4], "uv": [72, 6]},
					{"origin": [-0.55, 10.899, -2.2], "size": [1.1, 1.2, 0.1], "uv": [85, 50]},
					{"origin": [-0.45, 10.999, -2.3], "size": [0.9, 1, 0.1], "uv": [72, 6]}
				]
			},
			{
				"name": "fangqunzi",
				"parent": "body",
				"pivot": [0, 12.5, -0.2]
			},
			{
				"name": "bone",
				"parent": "fangqunzi",
				"pivot": [0, 2, -0.2]
			},
			{
				"name": "bone2",
				"parent": "bone",
				"pivot": [0, 2, 4.27051],
				"rotation": [10, 0, 0],
				"cubes": [
					{"origin": [-2.5, 9.31411, 3.38418], "size": [5, 2.5, 0.05], "uv": [112, 9]}
				]
			},
			{
				"name": "bone3",
				"parent": "bone2",
				"pivot": [-2.5, 1.65782, 4.27051],
				"rotation": [0, 0, 9.85108],
				"cubes": [
					{"origin": [-4.52674, 9.3118, 3.38318], "size": [2, 2.5, 0.05], "uv": [112, 9]}
				]
			},
			{
				"name": "bone4",
				"parent": "bone2",
				"pivot": [2.5, 1.65782, 4.27051],
				"rotation": [0, 0, -9.85108],
				"cubes": [
					{"origin": [2.52674, 9.3118, 3.38518], "size": [2, 2.5, 0.05], "uv": [112, 9]}
				]
			},
			{
				"name": "bone5",
				"parent": "fangqunzi",
				"pivot": [0, 2, -0.2],
				"rotation": [0, -90, 0]
			},
			{
				"name": "bone6",
				"parent": "bone5",
				"pivot": [0, 2, 4.27051],
				"rotation": [10, 0, 0],
				"cubes": [
					{"origin": [-1.7, 9.15782, 4.27051], "size": [3.1, 2.5, 0.05], "uv": [112, 9]}
				]
			},
			{
				"name": "bone7",
				"parent": "bone6",
				"pivot": [-2.5, 1.65782, 4.27051],
				"rotation": [0, 0, 9.85108],
				"cubes": [
					{"origin": [-3.4, 9.15782, 4.26951], "size": [0.9, 2.5, 0.05], "uv": [112, 9]}
				]
			},
			{
				"name": "bone8",
				"parent": "bone6",
				"pivot": [2.5, 1.65782, 4.27051],
				"rotation": [0, 0, -9.85108],
				"cubes": [
					{"origin": [2.5, 9.15782, 4.27151], "size": [1.2, 2.5, 0.05], "uv": [112, 9]}
				]
			},
			{
				"name": "bone9",
				"parent": "fangqunzi",
				"pivot": [0, 2, 0.8],
				"rotation": [0, -180, 0]
			},
			{
				"name": "bone10",
				"parent": "bone9",
				"pivot": [0, 2, 5.27051],
				"rotation": [10, 0, 0],
				"cubes": [
					{"origin": [-2.5, 9.07671, 5.15467], "size": [5, 2.5, 0.05], "uv": [112, 9]}
				]
			},
			{
				"name": "bone11",
				"parent": "bone10",
				"pivot": [-2.5, 1.65782, 5.27051],
				"rotation": [0, 0, 9.85108],
				"cubes": [
					{"origin": [-4.48612, 9.0779, 5.15367], "size": [2, 2.5, 0.05], "uv": [112, 9]}
				]
			},
			{
				"name": "bone12",
				"parent": "bone10",
				"pivot": [2.5, 1.65782, 5.27051],
				"rotation": [0, 0, -9.85108],
				"cubes": [
					{"origin": [2.48612, 9.0779, 5.15567], "size": [2, 2.5, 0.05], "uv": [112, 9]},
					{"origin": [3.58612, 9.0779, 5.15567], "size": [0.1, 2.5, 0.1], "uv": [85, 49]}
				]
			},
			{
				"name": "bone13",
				"parent": "fangqunzi",
				"pivot": [0, 2, -0.2],
				"rotation": [0, -270, 0]
			},
			{
				"name": "bone14",
				"parent": "bone13",
				"pivot": [0, 2, 4.27051],
				"rotation": [10, 0, 0],
				"cubes": [
					{"origin": [-1.9, 9.15782, 4.27051], "size": [3.6, 2.5, 0.05], "uv": [112, 9]}
				]
			},
			{
				"name": "bone15",
				"parent": "bone14",
				"pivot": [-2.5, 1.65782, 4.27051],
				"rotation": [0, 0, 9.85108],
				"cubes": [
					{"origin": [-3.7, 9.15782, 4.26951], "size": [1.2, 2.5, 0.05], "uv": [112, 9]}
				]
			},
			{
				"name": "bone16",
				"parent": "bone14",
				"pivot": [2.5, 1.65782, 4.27051],
				"rotation": [0, 0, -9.85108],
				"cubes": [
					{"origin": [2.5, 9.15782, 4.27151], "size": [1, 2.5, 0.05], "uv": [112, 9]}
				]
			},
			{
				"name": "qunzihuabian",
				"parent": "body",
				"pivot": [0, 12.5, -0.2]
			},
			{
				"name": "bone17",
				"parent": "qunzihuabian",
				"pivot": [0, 2, -0.2]
			},
			{
				"name": "bone18",
				"parent": "bone17",
				"pivot": [0, 2, 4.27051],
				"rotation": [10, 0, 0],
				"cubes": [
					{"origin": [-2.5, 9.21411, 3.38418], "size": [5, 0.1, 0], "uv": [78, 50]}
				]
			},
			{
				"name": "bone19",
				"parent": "bone18",
				"pivot": [-2.5, 1.65782, 4.27051],
				"rotation": [0, 0, 9.85108],
				"cubes": [
					{"origin": [-4.52674, 9.2118, 3.38318], "size": [2, 0.1, 0], "uv": [78, 50]}
				]
			},
			{
				"name": "bone20",
				"parent": "bone18",
				"pivot": [2.5, 1.65782, 4.27051],
				"rotation": [0, 0, -9.85108],
				"cubes": [
					{"origin": [2.52674, 9.2118, 3.38518], "size": [2, 0.1, 0], "uv": [78, 50]}
				]
			},
			{
				"name": "bone21",
				"parent": "qunzihuabian",
				"pivot": [0, 2, -0.2],
				"rotation": [0, -90, 0]
			},
			{
				"name": "bone22",
				"parent": "bone21",
				"pivot": [0, 2, 4.27051],
				"rotation": [10, 0, 0],
				"cubes": [
					{"origin": [-1.6, 9.05782, 4.27051], "size": [3, 0.1, 0], "uv": [78, 50]}
				]
			},
			{
				"name": "bone23",
				"parent": "bone22",
				"pivot": [-2.5, 1.65782, 4.27051],
				"rotation": [0, 0, 9.85108],
				"cubes": [
					{"origin": [-3.4, 9.05782, 4.26951], "size": [0.9, 0.1, 0], "uv": [78, 50]}
				]
			},
			{
				"name": "bone24",
				"parent": "bone22",
				"pivot": [2.5, 1.65782, 4.27051],
				"rotation": [0, 0, -9.85108],
				"cubes": [
					{"origin": [2.5, 9.05782, 4.27151], "size": [1.2, 0.1, 0], "uv": [78, 50]}
				]
			},
			{
				"name": "bone25",
				"parent": "qunzihuabian",
				"pivot": [0, 2, 0.9],
				"rotation": [0, -180, 0]
			},
			{
				"name": "bone26",
				"parent": "bone25",
				"pivot": [0, 2, 5.37051],
				"rotation": [10, 0, 0],
				"cubes": [
					{"origin": [-2.5, 8.97671, 5.25467], "size": [5, 0.1, 0.1], "uv": [78, 50]}
				]
			},
			{
				"name": "bone27",
				"parent": "bone26",
				"pivot": [-2.5, 1.65782, 5.37051],
				"rotation": [0, 0, 9.85108],
				"cubes": [
					{"origin": [-4.48612, 8.9779, 5.25367], "size": [2, 0.1, 0.1], "uv": [78, 50]}
				]
			},
			{
				"name": "bone28",
				"parent": "bone26",
				"pivot": [2.5, 1.65782, 5.37051],
				"rotation": [0, 0, -9.85108],
				"cubes": [
					{"origin": [2.48612, 8.9779, 5.25567], "size": [2, 0.1, 0.1], "uv": [78, 50]},
					{"origin": [3.6, 9.05782, 5.37151], "size": [0.1, 0.1, 0.1], "uv": [78, 50]}
				]
			},
			{
				"name": "bone29",
				"parent": "qunzihuabian",
				"pivot": [0, 2, -0.2],
				"rotation": [0, -270, 0]
			},
			{
				"name": "bone30",
				"parent": "bone29",
				"pivot": [0, 2, 4.27051],
				"rotation": [10, 0, 0],
				"cubes": [
					{"origin": [-1.9, 9.05782, 4.27051], "size": [3.2, 0.1, 0], "uv": [78, 50]}
				]
			},
			{
				"name": "bone31",
				"parent": "bone30",
				"pivot": [-2.5, 1.65782, 4.27051],
				"rotation": [0, 0, 9.85108],
				"cubes": [
					{"origin": [-3.7, 9.05782, 4.26951], "size": [1.2, 0.1, 0], "uv": [78, 50]}
				]
			},
			{
				"name": "bone32",
				"parent": "bone30",
				"pivot": [2.5, 1.65782, 4.27051],
				"rotation": [0, 0, -9.85108],
				"cubes": [
					{"origin": [2.5, 9.05782, 4.27151], "size": [1, 0.1, 0], "uv": [78, 50]}
				]
			},
			{
				"name": "legLeft",
				"pivot": [2, 9, 0],
				"cubes": [
					{"origin": [0.299, 0.2, -1.25], "size": [2.5, 8.8, 2.5], "uv": [77, 3]},
					{"origin": [0.299, 0, -1.55], "size": [2.5, 0.7, 2.8], "uv": [77, 3]},
					{"origin": [0.099, 3.8, -1.45], "size": [2.8, 5.2, 2.8], "uv": [108, 5]}
				]
			},
			{
				"name": "legRight",
				"pivot": [-2, 9, 0],
				"cubes": [
					{"origin": [-2.899, 3.8, -1.35], "size": [2.8, 5.2, 2.7], "uv": [108, 5]},
					{"origin": [-2.801, 0.1, -1.25], "size": [2.5, 8.9, 2.5], "uv": [74, 5]},
					{"origin": [-2.801, 0, -1.55], "size": [2.5, 0.7, 2.8], "uv": [77, 3]}
				]
			}
		]
	}
}