{
	"pack_name": "{maid_pack.pingxing_random_thing.name}",
	"author": ["ping_xing"],
	"description": ["{maid_pack.pingxing_random_thing.desc}"],
	"date": "2020-05-08",
	"version": "1.0.0",
	"icon": "pingxing_random_thing:textures/maid_icon.png",
	"model_list": [
		{
			"model_id": "pingxing_random_thing:kiruya_momochi",
			"description": ["{model.pingxing_random_thing.kiruya_momochi.desc}"]
		},
		{
			"model_id": "pingxing_random_thing:chara"
		},
		{
			"model_id": "pingxing_random_thing:bilibili_22"
		},
		{
			"model_id": "pingxing_random_thing:bilibili_33"
		},
		{
			"model_id": "pingxing_random_thing:saya"
		},
		{
			"model_id": "pingxing_random_thing:creeper_girl"
		},
		{
			"model_id": "pingxing_random_thing:shinomiya_kaguya"
		},
		{
			"model_id": "pingxing_random_thing:zero_two"
		}
	]
}