{
	"format_version": "1.10.0",
	"geometry.model": {
		"texturewidth": 64,
		"textureheight": 64,
		"visible_bounds_width": 3,
		"visible_bounds_height": 4,
		"visible_bounds_offset": [0, 1, 0],
		"bones": [
			{
				"name": "drone",
				"pivot": [0, 0, 0]
			},
			{
				"name": "head",
				"parent": "drone",
				"pivot": [0, 18, 0],
				"cubes": [
					{"origin": [-4, 18, -4], "size": [8, 8, 8], "uv": [0, 0]}
				]
			},
			{
				"name": "blink",
				"parent": "head",
				"pivot": [0, 18, 0],
				"cubes": [
					{"origin": [-4, 18, -4.001], "size": [8, 8, 0], "uv": [34, 24]}
				]
			},
			{
				"name": "hair",
				"parent": "head",
				"pivot": [0, 18, 0],
				"cubes": [
					{"origin": [-5, 20, -4], "size": [1, 6, 8], "uv": [24, 24]},
					{"origin": [4, 20, -4], "size": [1, 6, 8], "uv": [24, 24]},
					{"origin": [-5, 19, -2], "size": [1, 1, 2], "uv": [24, 16]},
					{"origin": [4, 18, 0], "size": [1, 2, 4], "uv": [18, 25]},
					{"origin": [-5, 18, 0], "size": [1, 2, 4], "uv": [18, 25]},
					{"origin": [4, 19, -2], "size": [1, 1, 2], "uv": [24, 16]},
					{"origin": [-4, 18, 4], "size": [8, 8, 1], "uv": [31, 15]},
					{"origin": [-4, 24, -5], "size": [8, 2, 1], "uv": [32, 7]},
					{"origin": [-4, 26, -4], "size": [8, 1, 8], "uv": [0, 16]},
					{"origin": [-4, 23, -5], "size": [2, 1, 1], "uv": [24, 21]},
					{"origin": [2, 23, -5], "size": [2, 1, 1], "uv": [24, 19]},
					{"origin": [-1, 23, -5], "size": [2, 1, 1], "uv": [0, 6]},
					{"origin": [3, 21, -5], "size": [1, 2, 1], "uv": [28, 25]},
					{"origin": [-4, 21, -5], "size": [1, 2, 1], "uv": [28, 28]}
				]
			},
			{
				"name": "hair2",
				"parent": "hair",
				"pivot": [0, 18.5, 4.5],
				"rotation": [2.5, 0, 0],
				"cubes": [
					{"origin": [-4, 12.5, 4], "size": [8, 6, 1], "uv": [24, 0], "inflate": 0.001},
					{"origin": [4, 15.5, 1], "size": [1, 3, 3], "uv": [0, 0], "inflate": 0.001},
					{"origin": [4, 13.5, 2], "size": [1, 2, 2], "uv": [0, 16], "inflate": 0.001},
					{"origin": [-5, 12.5, 3], "size": [1, 1, 1], "uv": [4, 16], "inflate": 0.001},
					{"origin": [4, 12.5, 3], "size": [1, 1, 1], "uv": [4, 16], "inflate": 0.001},
					{"origin": [-5, 13.5, 2], "size": [1, 2, 2], "uv": [0, 16], "inflate": 0.001},
					{"origin": [-5, 15.5, 1], "size": [1, 3, 3], "uv": [0, 0], "inflate": 0.001}
				]
			},
			{
				"name": "hair3",
				"parent": "hair2",
				"pivot": [0, 12.74976, 4.0109],
				"rotation": [2.5, 0, 0],
				"cubes": [
					{"origin": [-3, 9.74976, 4.0109], "size": [7, 3, 1], "uv": [32, 10], "inflate": 0.001},
					{"origin": [-4, 10.74976, 4.0109], "size": [1, 2, 1], "uv": [15, 25], "inflate": 0.001},
					{"origin": [-1, 7.74976, 4.0109], "size": [1, 2, 1], "uv": [24, 25], "inflate": 0.001},
					{"origin": [0, 8.74976, 4.0109], "size": [1, 1, 1], "uv": [18, 31], "inflate": 0.001},
					{"origin": [-2, 8.74976, 4.0109], "size": [1, 1, 1], "uv": [18, 27], "inflate": 0.001},
					{"origin": [2, 8.74976, 4.0109], "size": [1, 1, 1], "uv": [18, 33], "inflate": 0.001}
				]
			},
			{
				"name": "bone3",
				"parent": "head",
				"pivot": [0, 18, 0],
				"cubes": [
					{"origin": [-0.5, 27, -0.5], "size": [1, 3, 1], "uv": [50, 7]}
				]
			},
			{
				"name": "fan",
				"parent": "bone3",
				"pivot": [0, 29, 0],
				"cubes": [
					{"origin": [-5.25, 28.5, -1], "size": [5, 1, 2], "uv": [42, 0]},
					{"origin": [0.25, 28.5, -1], "size": [5, 1, 2], "uv": [42, 3]}
				]
			},
			{
				"name": "spine",
				"parent": "drone",
				"pivot": [0, 0.75, 0]
			},
			{
				"name": "spine1",
				"parent": "spine",
				"pivot": [0, 18.5, 0],
				"cubes": [
					{"origin": [-1, 16.75, -1], "size": [2, 2, 2], "uv": [27, 38], "inflate": -0.1},
					{"origin": [-1.75, 16.75, 0], "size": [1, 1, 0], "uv": [34, 38], "inflate": -0.1},
					{"origin": [0.75, 16.75, 0], "size": [1, 1, 0], "uv": [34, 38], "inflate": -0.1}
				]
			},
			{
				"name": "spine2",
				"parent": "spine1",
				"pivot": [0, 17, 0],
				"cubes": [
					{"origin": [-1, 15, -1], "size": [2, 2, 2], "uv": [27, 38], "inflate": -0.1},
					{"origin": [-1.75, 15, 0], "size": [1, 1, 0], "uv": [34, 38], "inflate": -0.1},
					{"origin": [0.75, 15, 0], "size": [1, 1, 0], "uv": [34, 38], "inflate": -0.1}
				]
			},
			{
				"name": "spine3",
				"parent": "spine2",
				"pivot": [0, 15.25, 0],
				"cubes": [
					{"origin": [-1, 13.25, -1], "size": [2, 2, 2], "uv": [27, 38]},
					{"origin": [-2, 13.25, 0], "size": [1, 1, 0], "uv": [34, 38]},
					{"origin": [1, 13.25, 0], "size": [1, 1, 0], "uv": [34, 38]}
				]
			},
			{
				"name": "spine4",
				"parent": "spine3",
				"pivot": [0, 13.25, 0],
				"cubes": [
					{"origin": [-1, 11.25, -1], "size": [2, 2, 2], "uv": [27, 38]},
					{"origin": [-2, 11.25, 0], "size": [1, 1, 0], "uv": [34, 38]},
					{"origin": [1, 11.25, 0], "size": [1, 1, 0], "uv": [34, 38]}
				]
			},
			{
				"name": "spine5",
				"parent": "spine4",
				"pivot": [0, 11.5, 0],
				"cubes": [
					{"origin": [-1, 9.5, -1], "size": [2, 2, 2], "uv": [27, 38], "inflate": -0.1},
					{"origin": [-1.75, 9.5, 0], "size": [1, 1, 0], "uv": [34, 38], "inflate": -0.1},
					{"origin": [0.75, 9.5, 0], "size": [1, 1, 0], "uv": [34, 38], "inflate": -0.1}
				]
			},
			{
				"name": "spine6",
				"parent": "spine5",
				"pivot": [0, 9.75, 0],
				"cubes": [
					{"origin": [-1, 8, -1], "size": [2, 2, 2], "uv": [27, 38], "inflate": -0.2}
				]
			}
		]
	}
}