{
	"format_version": "1.10.0",
	"geometry.model": {
		"texturewidth": 16,
		"textureheight": 16,
		"visible_bounds_width": 2,
		"visible_bounds_height": 3,
		"visible_bounds_offset": [0, 1.5, 0],
		"bones": [
			{
				"name": "sphere",
				"pivot": [0, 21.5, 0]
			},
			{
				"name": "ud",
				"parent": "sphere",
				"pivot": [0, 16, 0],
				"cubes": [
					{"origin": [-0.5, 14, -0.5], "size": [1, 1, 1], "uv": [0, 0], "inflate": -0.4},
					{"origin": [-0.5, 28, -0.5], "size": [1, 1, 1], "uv": [0, 0], "inflate": -0.4}
				]
			},
			{
				"name": "1",
				"parent": "sphere",
				"pivot": [0, 23.5, 0]
			},
			{
				"name": "1_1",
				"parent": "1",
				"pivot": [0, 23.5, 0]
			},
			{
				"name": "point",
				"parent": "1_1",
				"pivot": [0, 16, 0],
				"cubes": [
					{"origin": [-0.5, 21, -7.5], "size": [1, 1, 1], "uv": [0, 0], "inflate": -0.4},
					{"origin": [-0.5, 23.75, -7], "size": [1, 1, 1], "uv": [0, 0], "inflate": -0.4},
					{"origin": [-0.5, 18.25, -7], "size": [1, 1, 1], "uv": [0, 0], "inflate": -0.4},
					{"origin": [-0.5, 27.5, -3.25], "size": [1, 1, 1], "uv": [0, 0], "inflate": -0.4},
					{"origin": [-0.5, 14.5, -3.25], "size": [1, 1, 1], "uv": [0, 0], "inflate": -0.4},
					{"origin": [-0.5, 26, -5.5], "size": [1, 1, 1], "uv": [0, 0], "inflate": -0.4},
					{"origin": [-0.5, 16, -5.5], "size": [1, 1, 1], "uv": [0, 0], "inflate": -0.4}
				]
			},
			{
				"name": "lineY",
				"parent": "1_1",
				"pivot": [0, 23.5, 0]
			},
			{
				"name": "bone6",
				"parent": "lineY",
				"pivot": [0, 30.5, 0],
				"rotation": [10, 0, 0],
				"cubes": [
					{"origin": [-0.5, 28.03038, -3.5473], "size": [1, 1, 3.7], "uv": [0, 0], "inflate": -0.45}
				]
			},
			{
				"name": "bone7",
				"parent": "lineY",
				"pivot": [0, 30, -2.75],
				"rotation": [33, 0, 0],
				"cubes": [
					{"origin": [-0.5, 27.82266, -7.03928], "size": [1, 1, 3.7], "uv": [0, 0], "inflate": -0.45}
				]
			},
			{
				"name": "bone8",
				"parent": "lineY",
				"pivot": [0, 28.5, -5],
				"rotation": [56, 0, 0],
				"cubes": [
					{"origin": [-0.5, 26.88161, -9.85808], "size": [1, 1, 3.7], "uv": [0, 0], "inflate": -0.45}
				]
			},
			{
				"name": "bone9",
				"parent": "lineY",
				"pivot": [0, 26.25, -6.5],
				"rotation": [79, 0, 0],
				"cubes": [
					{"origin": [-0.5, 25.36838, -11.76325], "size": [1, 1, 3.8], "uv": [0, 0], "inflate": -0.45}
				]
			},
			{
				"name": "bone12",
				"parent": "lineY",
				"pivot": [0, 15.5, 0],
				"rotation": [-10, 0, 0],
				"cubes": [
					{"origin": [-0.5, 14.01519, -3.02635], "size": [1, 1, 3.7], "uv": [0, 0], "inflate": -0.45}
				]
			},
			{
				"name": "bone13",
				"parent": "lineY",
				"pivot": [0, 16, -2.75],
				"rotation": [-33, 0, 0],
				"cubes": [
					{"origin": [-0.5, 14.66133, -5.40536], "size": [1, 1, 3.7], "uv": [0, 0], "inflate": -0.45}
				]
			},
			{
				"name": "bone14",
				"parent": "lineY",
				"pivot": [0, 17.5, -5],
				"rotation": [-56, 0, 0],
				"cubes": [
					{"origin": [-0.5, 16.4408, -7.37096], "size": [1, 1, 3.7], "uv": [0, 0], "inflate": -0.45}
				]
			},
			{
				"name": "bone15",
				"parent": "lineY",
				"pivot": [0, 19.75, -6.5],
				"rotation": [-79, 0, 0],
				"cubes": [
					{"origin": [-0.5, 19.05919, -8.81838], "size": [1, 1, 3.8], "uv": [0, 0], "inflate": -0.45}
				]
			},
			{
				"name": "lineX",
				"parent": "1_1",
				"pivot": [0, 23.5, 0]
			},
			{
				"name": "bone",
				"parent": "lineX",
				"pivot": [0, 23.5, -7],
				"rotation": [0, -11, 0],
				"cubes": [
					{"origin": [-0.5, 21, -7.5], "size": [3.7, 1, 1], "uv": [0, 0], "inflate": -0.45}
				]
			},
			{
				"name": "bone3",
				"parent": "lineX",
				"pivot": [0, 30, -2.75],
				"rotation": [0, -101, 0],
				"cubes": [
					{"origin": [-0.5, 27.5, -4.25], "size": [1, 1, 2], "uv": [0, 0], "inflate": -0.45}
				]
			},
			{
				"name": "bone4",
				"parent": "lineX",
				"pivot": [0, 28.5, -5],
				"rotation": [0, -101, 0],
				"cubes": [
					{"origin": [-0.5, 26, -7.5], "size": [1, 1, 3], "uv": [0, 0], "inflate": -0.45}
				]
			},
			{
				"name": "bone5",
				"parent": "lineX",
				"pivot": [0, 26.25, -6.5],
				"rotation": [0, -101, 0],
				"cubes": [
					{"origin": [-0.5, 23.75, -9.5], "size": [1, 1, 3.5], "uv": [0, 0], "inflate": -0.45}
				]
			},
			{
				"name": "bone23",
				"parent": "lineX",
				"pivot": [0, 5.75, -6.5],
				"rotation": [0, -101, 0],
				"cubes": [
					{"origin": [-0.5, 18.25, -9.5], "size": [1, 1, 3.5], "uv": [0, 0], "inflate": -0.45}
				]
			},
			{
				"name": "bone24",
				"parent": "lineX",
				"pivot": [0, 3.5, -5],
				"rotation": [0, -101, 0],
				"cubes": [
					{"origin": [-0.5, 16, -7.5], "size": [1, 1, 3], "uv": [0, 0], "inflate": -0.45}
				]
			},
			{
				"name": "bone25",
				"parent": "lineX",
				"pivot": [0, 2, -2.75],
				"rotation": [0, -101, 0],
				"cubes": [
					{"origin": [-0.5, 14.5, -4.25], "size": [1, 1, 2], "uv": [0, 0], "inflate": -0.45}
				]
			},
			{
				"name": "1_2",
				"parent": "1",
				"pivot": [0, 23.5, 0],
				"rotation": [0, -22.5, 0]
			},
			{
				"name": "point2",
				"parent": "1_2",
				"pivot": [0, 16, 0],
				"cubes": [
					{"origin": [-0.5, 21, -7.5], "size": [1, 1, 1], "uv": [0, 0], "inflate": -0.4},
					{"origin": [-0.5, 23.75, -7], "size": [1, 1, 1], "uv": [0, 0], "inflate": -0.4},
					{"origin": [-0.5, 18.25, -7], "size": [1, 1, 1], "uv": [0, 0], "inflate": -0.4},
					{"origin": [-0.5, 27.5, -3.25], "size": [1, 1, 1], "uv": [0, 0], "inflate": -0.4},
					{"origin": [-0.5, 14.5, -3.25], "size": [1, 1, 1], "uv": [0, 0], "inflate": -0.4},
					{"origin": [-0.5, 26, -5.5], "size": [1, 1, 1], "uv": [0, 0], "inflate": -0.4},
					{"origin": [-0.5, 16, -5.5], "size": [1, 1, 1], "uv": [0, 0], "inflate": -0.4}
				]
			},
			{
				"name": "lineY2",
				"parent": "1_2",
				"pivot": [0, 23.5, 0]
			},
			{
				"name": "bone2",
				"parent": "lineY2",
				"pivot": [0, 30.5, 0],
				"rotation": [10, 0, 0],
				"cubes": [
					{"origin": [-0.5, 28.03038, -3.5473], "size": [1, 1, 3.7], "uv": [0, 0], "inflate": -0.45}
				]
			},
			{
				"name": "bone10",
				"parent": "lineY2",
				"pivot": [0, 30, -2.75],
				"rotation": [33, 0, 0],
				"cubes": [
					{"origin": [-0.5, 27.82266, -7.03928], "size": [1, 1, 3.7], "uv": [0, 0], "inflate": -0.45}
				]
			},
			{
				"name": "bone11",
				"parent": "lineY2",
				"pivot": [0, 28.5, -5],
				"rotation": [56, 0, 0],
				"cubes": [
					{"origin": [-0.5, 26.88161, -9.85808], "size": [1, 1, 3.7], "uv": [0, 0], "inflate": -0.45}
				]
			},
			{
				"name": "bone16",
				"parent": "lineY2",
				"pivot": [0, 26.25, -6.5],
				"rotation": [79, 0, 0],
				"cubes": [
					{"origin": [-0.5, 25.36838, -11.76325], "size": [1, 1, 3.8], "uv": [0, 0], "inflate": -0.45}
				]
			},
			{
				"name": "bone17",
				"parent": "lineY2",
				"pivot": [0, 15.5, 0],
				"rotation": [-10, 0, 0],
				"cubes": [
					{"origin": [-0.5, 14.01519, -3.02635], "size": [1, 1, 3.7], "uv": [0, 0], "inflate": -0.45}
				]
			},
			{
				"name": "bone18",
				"parent": "lineY2",
				"pivot": [0, 16, -2.75],
				"rotation": [-33, 0, 0],
				"cubes": [
					{"origin": [-0.5, 14.66133, -5.40536], "size": [1, 1, 3.7], "uv": [0, 0], "inflate": -0.45}
				]
			},
			{
				"name": "bone19",
				"parent": "lineY2",
				"pivot": [0, 17.5, -5],
				"rotation": [-56, 0, 0],
				"cubes": [
					{"origin": [-0.5, 16.4408, -7.37096], "size": [1, 1, 3.7], "uv": [0, 0], "inflate": -0.45}
				]
			},
			{
				"name": "bone20",
				"parent": "lineY2",
				"pivot": [0, 19.75, -6.5],
				"rotation": [-79, 0, 0],
				"cubes": [
					{"origin": [-0.5, 19.05919, -8.81838], "size": [1, 1, 3.8], "uv": [0, 0], "inflate": -0.45}
				]
			},
			{
				"name": "lineX2",
				"parent": "1_2",
				"pivot": [0, 23.5, 0]
			},
			{
				"name": "bone21",
				"parent": "lineX2",
				"pivot": [0, 23.5, -7],
				"rotation": [0, -11, 0],
				"cubes": [
					{"origin": [-0.5, 21, -7.5], "size": [3.7, 1, 1], "uv": [0, 0], "inflate": -0.45}
				]
			},
			{
				"name": "bone22",
				"parent": "lineX2",
				"pivot": [0, 30, -2.75],
				"rotation": [0, -101, 0],
				"cubes": [
					{"origin": [-0.5, 27.5, -4.25], "size": [1, 1, 2], "uv": [0, 0], "inflate": -0.45}
				]
			},
			{
				"name": "bone26",
				"parent": "lineX2",
				"pivot": [0, 28.5, -5],
				"rotation": [0, -101, 0],
				"cubes": [
					{"origin": [-0.5, 26, -7.5], "size": [1, 1, 3], "uv": [0, 0], "inflate": -0.45}
				]
			},
			{
				"name": "bone27",
				"parent": "lineX2",
				"pivot": [0, 26.25, -6.5],
				"rotation": [0, -101, 0],
				"cubes": [
					{"origin": [-0.5, 23.75, -9.5], "size": [1, 1, 3.5], "uv": [0, 0], "inflate": -0.45}
				]
			},
			{
				"name": "bone28",
				"parent": "lineX2",
				"pivot": [0, 5.75, -6.5],
				"rotation": [0, -101, 0],
				"cubes": [
					{"origin": [-0.5, 18.25, -9.5], "size": [1, 1, 3.5], "uv": [0, 0], "inflate": -0.45}
				]
			},
			{
				"name": "bone29",
				"parent": "lineX2",
				"pivot": [0, 3.5, -5],
				"rotation": [0, -101, 0],
				"cubes": [
					{"origin": [-0.5, 16, -7.5], "size": [1, 1, 3], "uv": [0, 0], "inflate": -0.45}
				]
			},
			{
				"name": "bone30",
				"parent": "lineX2",
				"pivot": [0, 2, -2.75],
				"rotation": [0, -101, 0],
				"cubes": [
					{"origin": [-0.5, 14.5, -4.25], "size": [1, 1, 2], "uv": [0, 0], "inflate": -0.45}
				]
			},
			{
				"name": "1_3",
				"parent": "1",
				"pivot": [0, 23.5, 0],
				"rotation": [0, -45, 0]
			},
			{
				"name": "point3",
				"parent": "1_3",
				"pivot": [0, 16, 0],
				"cubes": [
					{"origin": [-0.5, 21, -7.5], "size": [1, 1, 1], "uv": [0, 0], "inflate": -0.4},
					{"origin": [-0.5, 23.75, -7], "size": [1, 1, 1], "uv": [0, 0], "inflate": -0.4},
					{"origin": [-0.5, 18.25, -7], "size": [1, 1, 1], "uv": [0, 0], "inflate": -0.4},
					{"origin": [-0.5, 27.5, -3.25], "size": [1, 1, 1], "uv": [0, 0], "inflate": -0.4},
					{"origin": [-0.5, 14.5, -3.25], "size": [1, 1, 1], "uv": [0, 0], "inflate": -0.4},
					{"origin": [-0.5, 26, -5.5], "size": [1, 1, 1], "uv": [0, 0], "inflate": -0.4},
					{"origin": [-0.5, 16, -5.5], "size": [1, 1, 1], "uv": [0, 0], "inflate": -0.4}
				]
			},
			{
				"name": "lineY3",
				"parent": "1_3",
				"pivot": [0, 23.5, 0]
			},
			{
				"name": "bone31",
				"parent": "lineY3",
				"pivot": [0, 30.5, 0],
				"rotation": [10, 0, 0],
				"cubes": [
					{"origin": [-0.5, 28.03038, -3.5473], "size": [1, 1, 3.7], "uv": [0, 0], "inflate": -0.45}
				]
			},
			{
				"name": "bone32",
				"parent": "lineY3",
				"pivot": [0, 30, -2.75],
				"rotation": [33, 0, 0],
				"cubes": [
					{"origin": [-0.5, 27.82266, -7.03928], "size": [1, 1, 3.7], "uv": [0, 0], "inflate": -0.45}
				]
			},
			{
				"name": "bone33",
				"parent": "lineY3",
				"pivot": [0, 28.5, -5],
				"rotation": [56, 0, 0],
				"cubes": [
					{"origin": [-0.5, 26.88161, -9.85808], "size": [1, 1, 3.7], "uv": [0, 0], "inflate": -0.45}
				]
			},
			{
				"name": "bone34",
				"parent": "lineY3",
				"pivot": [0, 26.25, -6.5],
				"rotation": [79, 0, 0],
				"cubes": [
					{"origin": [-0.5, 25.36838, -11.76325], "size": [1, 1, 3.8], "uv": [0, 0], "inflate": -0.45}
				]
			},
			{
				"name": "bone35",
				"parent": "lineY3",
				"pivot": [0, 15.5, 0],
				"rotation": [-10, 0, 0],
				"cubes": [
					{"origin": [-0.5, 14.01519, -3.02635], "size": [1, 1, 3.7], "uv": [0, 0], "inflate": -0.45}
				]
			},
			{
				"name": "bone36",
				"parent": "lineY3",
				"pivot": [0, 16, -2.75],
				"rotation": [-33, 0, 0],
				"cubes": [
					{"origin": [-0.5, 14.66133, -5.40536], "size": [1, 1, 3.7], "uv": [0, 0], "inflate": -0.45}
				]
			},
			{
				"name": "bone37",
				"parent": "lineY3",
				"pivot": [0, 17.5, -5],
				"rotation": [-56, 0, 0],
				"cubes": [
					{"origin": [-0.5, 16.4408, -7.37096], "size": [1, 1, 3.7], "uv": [0, 0], "inflate": -0.45}
				]
			},
			{
				"name": "bone38",
				"parent": "lineY3",
				"pivot": [0, 19.75, -6.5],
				"rotation": [-79, 0, 0],
				"cubes": [
					{"origin": [-0.5, 19.05919, -8.81838], "size": [1, 1, 3.8], "uv": [0, 0], "inflate": -0.45}
				]
			},
			{
				"name": "lineX3",
				"parent": "1_3",
				"pivot": [0, 23.5, 0]
			},
			{
				"name": "bone39",
				"parent": "lineX3",
				"pivot": [0, 23.5, -7],
				"rotation": [0, -11, 0],
				"cubes": [
					{"origin": [-0.5, 21, -7.5], "size": [3.7, 1, 1], "uv": [0, 0], "inflate": -0.45}
				]
			},
			{
				"name": "bone40",
				"parent": "lineX3",
				"pivot": [0, 30, -2.75],
				"rotation": [0, -101, 0],
				"cubes": [
					{"origin": [-0.5, 27.5, -4.25], "size": [1, 1, 2], "uv": [0, 0], "inflate": -0.45}
				]
			},
			{
				"name": "bone41",
				"parent": "lineX3",
				"pivot": [0, 28.5, -5],
				"rotation": [0, -101, 0],
				"cubes": [
					{"origin": [-0.5, 26, -7.5], "size": [1, 1, 3], "uv": [0, 0], "inflate": -0.45}
				]
			},
			{
				"name": "bone42",
				"parent": "lineX3",
				"pivot": [0, 26.25, -6.5],
				"rotation": [0, -101, 0],
				"cubes": [
					{"origin": [-0.5, 23.75, -9.5], "size": [1, 1, 3.5], "uv": [0, 0], "inflate": -0.45}
				]
			},
			{
				"name": "bone43",
				"parent": "lineX3",
				"pivot": [0, 5.75, -6.5],
				"rotation": [0, -101, 0],
				"cubes": [
					{"origin": [-0.5, 18.25, -9.5], "size": [1, 1, 3.5], "uv": [0, 0], "inflate": -0.45}
				]
			},
			{
				"name": "bone44",
				"parent": "lineX3",
				"pivot": [0, 3.5, -5],
				"rotation": [0, -101, 0],
				"cubes": [
					{"origin": [-0.5, 16, -7.5], "size": [1, 1, 3], "uv": [0, 0], "inflate": -0.45}
				]
			},
			{
				"name": "bone45",
				"parent": "lineX3",
				"pivot": [0, 2, -2.75],
				"rotation": [0, -101, 0],
				"cubes": [
					{"origin": [-0.5, 14.5, -4.25], "size": [1, 1, 2], "uv": [0, 0], "inflate": -0.45}
				]
			},
			{
				"name": "1_4",
				"parent": "1",
				"pivot": [0, 23.5, 0],
				"rotation": [0, -67.5, 0]
			},
			{
				"name": "point4",
				"parent": "1_4",
				"pivot": [0, 16, 0],
				"cubes": [
					{"origin": [-0.5, 21, -7.5], "size": [1, 1, 1], "uv": [0, 0], "inflate": -0.4},
					{"origin": [-0.5, 23.75, -7], "size": [1, 1, 1], "uv": [0, 0], "inflate": -0.4},
					{"origin": [-0.5, 18.25, -7], "size": [1, 1, 1], "uv": [0, 0], "inflate": -0.4},
					{"origin": [-0.5, 27.5, -3.25], "size": [1, 1, 1], "uv": [0, 0], "inflate": -0.4},
					{"origin": [-0.5, 14.5, -3.25], "size": [1, 1, 1], "uv": [0, 0], "inflate": -0.4},
					{"origin": [-0.5, 26, -5.5], "size": [1, 1, 1], "uv": [0, 0], "inflate": -0.4},
					{"origin": [-0.5, 16, -5.5], "size": [1, 1, 1], "uv": [0, 0], "inflate": -0.4}
				]
			},
			{
				"name": "lineY4",
				"parent": "1_4",
				"pivot": [0, 23.5, 0]
			},
			{
				"name": "bone46",
				"parent": "lineY4",
				"pivot": [0, 30.5, 0],
				"rotation": [10, 0, 0],
				"cubes": [
					{"origin": [-0.5, 28.03038, -3.5473], "size": [1, 1, 3.7], "uv": [0, 0], "inflate": -0.45}
				]
			},
			{
				"name": "bone47",
				"parent": "lineY4",
				"pivot": [0, 30, -2.75],
				"rotation": [33, 0, 0],
				"cubes": [
					{"origin": [-0.5, 27.82266, -7.03928], "size": [1, 1, 3.7], "uv": [0, 0], "inflate": -0.45}
				]
			},
			{
				"name": "bone48",
				"parent": "lineY4",
				"pivot": [0, 28.5, -5],
				"rotation": [56, 0, 0],
				"cubes": [
					{"origin": [-0.5, 26.88161, -9.85808], "size": [1, 1, 3.7], "uv": [0, 0], "inflate": -0.45}
				]
			},
			{
				"name": "bone49",
				"parent": "lineY4",
				"pivot": [0, 26.25, -6.5],
				"rotation": [79, 0, 0],
				"cubes": [
					{"origin": [-0.5, 25.36838, -11.76325], "size": [1, 1, 3.8], "uv": [0, 0], "inflate": -0.45}
				]
			},
			{
				"name": "bone50",
				"parent": "lineY4",
				"pivot": [0, 15.5, 0],
				"rotation": [-10, 0, 0],
				"cubes": [
					{"origin": [-0.5, 14.01519, -3.02635], "size": [1, 1, 3.7], "uv": [0, 0], "inflate": -0.45}
				]
			},
			{
				"name": "bone51",
				"parent": "lineY4",
				"pivot": [0, 16, -2.75],
				"rotation": [-33, 0, 0],
				"cubes": [
					{"origin": [-0.5, 14.66133, -5.40536], "size": [1, 1, 3.7], "uv": [0, 0], "inflate": -0.45}
				]
			},
			{
				"name": "bone52",
				"parent": "lineY4",
				"pivot": [0, 17.5, -5],
				"rotation": [-56, 0, 0],
				"cubes": [
					{"origin": [-0.5, 16.4408, -7.37096], "size": [1, 1, 3.7], "uv": [0, 0], "inflate": -0.45}
				]
			},
			{
				"name": "bone53",
				"parent": "lineY4",
				"pivot": [0, 19.75, -6.5],
				"rotation": [-79, 0, 0],
				"cubes": [
					{"origin": [-0.5, 19.05919, -8.81838], "size": [1, 1, 3.8], "uv": [0, 0], "inflate": -0.45}
				]
			},
			{
				"name": "lineX4",
				"parent": "1_4",
				"pivot": [0, 23.5, 0]
			},
			{
				"name": "bone54",
				"parent": "lineX4",
				"pivot": [0, 23.5, -7],
				"rotation": [0, -11, 0],
				"cubes": [
					{"origin": [-0.5, 21, -7.5], "size": [3.7, 1, 1], "uv": [0, 0], "inflate": -0.45}
				]
			},
			{
				"name": "bone55",
				"parent": "lineX4",
				"pivot": [0, 30, -2.75],
				"rotation": [0, -101, 0],
				"cubes": [
					{"origin": [-0.5, 27.5, -4.25], "size": [1, 1, 2], "uv": [0, 0], "inflate": -0.45}
				]
			},
			{
				"name": "bone56",
				"parent": "lineX4",
				"pivot": [0, 28.5, -5],
				"rotation": [0, -101, 0],
				"cubes": [
					{"origin": [-0.5, 26, -7.5], "size": [1, 1, 3], "uv": [0, 0], "inflate": -0.45}
				]
			},
			{
				"name": "bone57",
				"parent": "lineX4",
				"pivot": [0, 26.25, -6.5],
				"rotation": [0, -101, 0],
				"cubes": [
					{"origin": [-0.5, 23.75, -9.5], "size": [1, 1, 3.5], "uv": [0, 0], "inflate": -0.45}
				]
			},
			{
				"name": "bone58",
				"parent": "lineX4",
				"pivot": [0, 5.75, -6.5],
				"rotation": [0, -101, 0],
				"cubes": [
					{"origin": [-0.5, 18.25, -9.5], "size": [1, 1, 3.5], "uv": [0, 0], "inflate": -0.45}
				]
			},
			{
				"name": "bone59",
				"parent": "lineX4",
				"pivot": [0, 3.5, -5],
				"rotation": [0, -101, 0],
				"cubes": [
					{"origin": [-0.5, 16, -7.5], "size": [1, 1, 3], "uv": [0, 0], "inflate": -0.45}
				]
			},
			{
				"name": "bone60",
				"parent": "lineX4",
				"pivot": [0, 2, -2.75],
				"rotation": [0, -101, 0],
				"cubes": [
					{"origin": [-0.5, 14.5, -4.25], "size": [1, 1, 2], "uv": [0, 0], "inflate": -0.45}
				]
			},
			{
				"name": "2",
				"parent": "sphere",
				"pivot": [0, 23.5, 0],
				"rotation": [0, -90, 0]
			},
			{
				"name": "1_5",
				"parent": "2",
				"pivot": [0, 23.5, 0]
			},
			{
				"name": "point5",
				"parent": "1_5",
				"pivot": [0, 16, 0],
				"cubes": [
					{"origin": [-0.5, 21, -7.5], "size": [1, 1, 1], "uv": [0, 0], "inflate": -0.4},
					{"origin": [-0.5, 23.75, -7], "size": [1, 1, 1], "uv": [0, 0], "inflate": -0.4},
					{"origin": [-0.5, 18.25, -7], "size": [1, 1, 1], "uv": [0, 0], "inflate": -0.4},
					{"origin": [-0.5, 27.5, -3.25], "size": [1, 1, 1], "uv": [0, 0], "inflate": -0.4},
					{"origin": [-0.5, 14.5, -3.25], "size": [1, 1, 1], "uv": [0, 0], "inflate": -0.4},
					{"origin": [-0.5, 26, -5.5], "size": [1, 1, 1], "uv": [0, 0], "inflate": -0.4},
					{"origin": [-0.5, 16, -5.5], "size": [1, 1, 1], "uv": [0, 0], "inflate": -0.4}
				]
			},
			{
				"name": "lineY5",
				"parent": "1_5",
				"pivot": [0, 23.5, 0]
			},
			{
				"name": "bone61",
				"parent": "lineY5",
				"pivot": [0, 30.5, 0],
				"rotation": [10, 0, 0],
				"cubes": [
					{"origin": [-0.5, 28.03038, -3.5473], "size": [1, 1, 3.7], "uv": [0, 0], "inflate": -0.45}
				]
			},
			{
				"name": "bone62",
				"parent": "lineY5",
				"pivot": [0, 30, -2.75],
				"rotation": [33, 0, 0],
				"cubes": [
					{"origin": [-0.5, 27.82266, -7.03928], "size": [1, 1, 3.7], "uv": [0, 0], "inflate": -0.45}
				]
			},
			{
				"name": "bone63",
				"parent": "lineY5",
				"pivot": [0, 28.5, -5],
				"rotation": [56, 0, 0],
				"cubes": [
					{"origin": [-0.5, 26.88161, -9.85808], "size": [1, 1, 3.7], "uv": [0, 0], "inflate": -0.45}
				]
			},
			{
				"name": "bone64",
				"parent": "lineY5",
				"pivot": [0, 26.25, -6.5],
				"rotation": [79, 0, 0],
				"cubes": [
					{"origin": [-0.5, 25.36838, -11.76325], "size": [1, 1, 3.8], "uv": [0, 0], "inflate": -0.45}
				]
			},
			{
				"name": "bone65",
				"parent": "lineY5",
				"pivot": [0, 15.5, 0],
				"rotation": [-10, 0, 0],
				"cubes": [
					{"origin": [-0.5, 14.01519, -3.02635], "size": [1, 1, 3.7], "uv": [0, 0], "inflate": -0.45}
				]
			},
			{
				"name": "bone66",
				"parent": "lineY5",
				"pivot": [0, 16, -2.75],
				"rotation": [-33, 0, 0],
				"cubes": [
					{"origin": [-0.5, 14.66133, -5.40536], "size": [1, 1, 3.7], "uv": [0, 0], "inflate": -0.45}
				]
			},
			{
				"name": "bone67",
				"parent": "lineY5",
				"pivot": [0, 17.5, -5],
				"rotation": [-56, 0, 0],
				"cubes": [
					{"origin": [-0.5, 16.4408, -7.37096], "size": [1, 1, 3.7], "uv": [0, 0], "inflate": -0.45}
				]
			},
			{
				"name": "bone68",
				"parent": "lineY5",
				"pivot": [0, 19.75, -6.5],
				"rotation": [-79, 0, 0],
				"cubes": [
					{"origin": [-0.5, 19.05919, -8.81838], "size": [1, 1, 3.8], "uv": [0, 0], "inflate": -0.45}
				]
			},
			{
				"name": "lineX5",
				"parent": "1_5",
				"pivot": [0, 23.5, 0]
			},
			{
				"name": "bone69",
				"parent": "lineX5",
				"pivot": [0, 23.5, -7],
				"rotation": [0, -11, 0],
				"cubes": [
					{"origin": [-0.5, 21, -7.5], "size": [3.7, 1, 1], "uv": [0, 0], "inflate": -0.45}
				]
			},
			{
				"name": "bone70",
				"parent": "lineX5",
				"pivot": [0, 30, -2.75],
				"rotation": [0, -101, 0],
				"cubes": [
					{"origin": [-0.5, 27.5, -4.25], "size": [1, 1, 2], "uv": [0, 0], "inflate": -0.45}
				]
			},
			{
				"name": "bone71",
				"parent": "lineX5",
				"pivot": [0, 28.5, -5],
				"rotation": [0, -101, 0],
				"cubes": [
					{"origin": [-0.5, 26, -7.5], "size": [1, 1, 3], "uv": [0, 0], "inflate": -0.45}
				]
			},
			{
				"name": "bone72",
				"parent": "lineX5",
				"pivot": [0, 26.25, -6.5],
				"rotation": [0, -101, 0],
				"cubes": [
					{"origin": [-0.5, 23.75, -9.5], "size": [1, 1, 3.5], "uv": [0, 0], "inflate": -0.45}
				]
			},
			{
				"name": "bone73",
				"parent": "lineX5",
				"pivot": [0, 5.75, -6.5],
				"rotation": [0, -101, 0],
				"cubes": [
					{"origin": [-0.5, 18.25, -9.5], "size": [1, 1, 3.5], "uv": [0, 0], "inflate": -0.45}
				]
			},
			{
				"name": "bone74",
				"parent": "lineX5",
				"pivot": [0, 3.5, -5],
				"rotation": [0, -101, 0],
				"cubes": [
					{"origin": [-0.5, 16, -7.5], "size": [1, 1, 3], "uv": [0, 0], "inflate": -0.45}
				]
			},
			{
				"name": "bone75",
				"parent": "lineX5",
				"pivot": [0, 2, -2.75],
				"rotation": [0, -101, 0],
				"cubes": [
					{"origin": [-0.5, 14.5, -4.25], "size": [1, 1, 2], "uv": [0, 0], "inflate": -0.45}
				]
			},
			{
				"name": "1_6",
				"parent": "2",
				"pivot": [0, 23.5, 0],
				"rotation": [0, -22.5, 0]
			},
			{
				"name": "point6",
				"parent": "1_6",
				"pivot": [0, 16, 0],
				"cubes": [
					{"origin": [-0.5, 21, -7.5], "size": [1, 1, 1], "uv": [0, 0], "inflate": -0.4},
					{"origin": [-0.5, 23.75, -7], "size": [1, 1, 1], "uv": [0, 0], "inflate": -0.4},
					{"origin": [-0.5, 18.25, -7], "size": [1, 1, 1], "uv": [0, 0], "inflate": -0.4},
					{"origin": [-0.5, 27.5, -3.25], "size": [1, 1, 1], "uv": [0, 0], "inflate": -0.4},
					{"origin": [-0.5, 14.5, -3.25], "size": [1, 1, 1], "uv": [0, 0], "inflate": -0.4},
					{"origin": [-0.5, 26, -5.5], "size": [1, 1, 1], "uv": [0, 0], "inflate": -0.4},
					{"origin": [-0.5, 16, -5.5], "size": [1, 1, 1], "uv": [0, 0], "inflate": -0.4}
				]
			},
			{
				"name": "lineY6",
				"parent": "1_6",
				"pivot": [0, 23.5, 0]
			},
			{
				"name": "bone76",
				"parent": "lineY6",
				"pivot": [0, 30.5, 0],
				"rotation": [10, 0, 0],
				"cubes": [
					{"origin": [-0.5, 28.03038, -3.5473], "size": [1, 1, 3.7], "uv": [0, 0], "inflate": -0.45}
				]
			},
			{
				"name": "bone77",
				"parent": "lineY6",
				"pivot": [0, 30, -2.75],
				"rotation": [33, 0, 0],
				"cubes": [
					{"origin": [-0.5, 27.82266, -7.03928], "size": [1, 1, 3.7], "uv": [0, 0], "inflate": -0.45}
				]
			},
			{
				"name": "bone78",
				"parent": "lineY6",
				"pivot": [0, 28.5, -5],
				"rotation": [56, 0, 0],
				"cubes": [
					{"origin": [-0.5, 26.88161, -9.85808], "size": [1, 1, 3.7], "uv": [0, 0], "inflate": -0.45}
				]
			},
			{
				"name": "bone79",
				"parent": "lineY6",
				"pivot": [0, 26.25, -6.5],
				"rotation": [79, 0, 0],
				"cubes": [
					{"origin": [-0.5, 25.36838, -11.76325], "size": [1, 1, 3.8], "uv": [0, 0], "inflate": -0.45}
				]
			},
			{
				"name": "bone80",
				"parent": "lineY6",
				"pivot": [0, 15.5, 0],
				"rotation": [-10, 0, 0],
				"cubes": [
					{"origin": [-0.5, 14.01519, -3.02635], "size": [1, 1, 3.7], "uv": [0, 0], "inflate": -0.45}
				]
			},
			{
				"name": "bone81",
				"parent": "lineY6",
				"pivot": [0, 16, -2.75],
				"rotation": [-33, 0, 0],
				"cubes": [
					{"origin": [-0.5, 14.66133, -5.40536], "size": [1, 1, 3.7], "uv": [0, 0], "inflate": -0.45}
				]
			},
			{
				"name": "bone82",
				"parent": "lineY6",
				"pivot": [0, 17.5, -5],
				"rotation": [-56, 0, 0],
				"cubes": [
					{"origin": [-0.5, 16.4408, -7.37096], "size": [1, 1, 3.7], "uv": [0, 0], "inflate": -0.45}
				]
			},
			{
				"name": "bone83",
				"parent": "lineY6",
				"pivot": [0, 19.75, -6.5],
				"rotation": [-79, 0, 0],
				"cubes": [
					{"origin": [-0.5, 19.05919, -8.81838], "size": [1, 1, 3.8], "uv": [0, 0], "inflate": -0.45}
				]
			},
			{
				"name": "lineX6",
				"parent": "1_6",
				"pivot": [0, 23.5, 0]
			},
			{
				"name": "bone84",
				"parent": "lineX6",
				"pivot": [0, 23.5, -7],
				"rotation": [0, -11, 0],
				"cubes": [
					{"origin": [-0.5, 21, -7.5], "size": [3.7, 1, 1], "uv": [0, 0], "inflate": -0.45}
				]
			},
			{
				"name": "bone85",
				"parent": "lineX6",
				"pivot": [0, 30, -2.75],
				"rotation": [0, -101, 0],
				"cubes": [
					{"origin": [-0.5, 27.5, -4.25], "size": [1, 1, 2], "uv": [0, 0], "inflate": -0.45}
				]
			},
			{
				"name": "bone86",
				"parent": "lineX6",
				"pivot": [0, 28.5, -5],
				"rotation": [0, -101, 0],
				"cubes": [
					{"origin": [-0.5, 26, -7.5], "size": [1, 1, 3], "uv": [0, 0], "inflate": -0.45}
				]
			},
			{
				"name": "bone87",
				"parent": "lineX6",
				"pivot": [0, 26.25, -6.5],
				"rotation": [0, -101, 0],
				"cubes": [
					{"origin": [-0.5, 23.75, -9.5], "size": [1, 1, 3.5], "uv": [0, 0], "inflate": -0.45}
				]
			},
			{
				"name": "bone88",
				"parent": "lineX6",
				"pivot": [0, 5.75, -6.5],
				"rotation": [0, -101, 0],
				"cubes": [
					{"origin": [-0.5, 18.25, -9.5], "size": [1, 1, 3.5], "uv": [0, 0], "inflate": -0.45}
				]
			},
			{
				"name": "bone89",
				"parent": "lineX6",
				"pivot": [0, 3.5, -5],
				"rotation": [0, -101, 0],
				"cubes": [
					{"origin": [-0.5, 16, -7.5], "size": [1, 1, 3], "uv": [0, 0], "inflate": -0.45}
				]
			},
			{
				"name": "bone90",
				"parent": "lineX6",
				"pivot": [0, 2, -2.75],
				"rotation": [0, -101, 0],
				"cubes": [
					{"origin": [-0.5, 14.5, -4.25], "size": [1, 1, 2], "uv": [0, 0], "inflate": -0.45}
				]
			},
			{
				"name": "1_7",
				"parent": "2",
				"pivot": [0, 23.5, 0],
				"rotation": [0, -45, 0]
			},
			{
				"name": "point7",
				"parent": "1_7",
				"pivot": [0, 16, 0],
				"cubes": [
					{"origin": [-0.5, 21, -7.5], "size": [1, 1, 1], "uv": [0, 0], "inflate": -0.4},
					{"origin": [-0.5, 23.75, -7], "size": [1, 1, 1], "uv": [0, 0], "inflate": -0.4},
					{"origin": [-0.5, 18.25, -7], "size": [1, 1, 1], "uv": [0, 0], "inflate": -0.4},
					{"origin": [-0.5, 27.5, -3.25], "size": [1, 1, 1], "uv": [0, 0], "inflate": -0.4},
					{"origin": [-0.5, 14.5, -3.25], "size": [1, 1, 1], "uv": [0, 0], "inflate": -0.4},
					{"origin": [-0.5, 26, -5.5], "size": [1, 1, 1], "uv": [0, 0], "inflate": -0.4},
					{"origin": [-0.5, 16, -5.5], "size": [1, 1, 1], "uv": [0, 0], "inflate": -0.4}
				]
			},
			{
				"name": "lineY7",
				"parent": "1_7",
				"pivot": [0, 23.5, 0]
			},
			{
				"name": "bone91",
				"parent": "lineY7",
				"pivot": [0, 30.5, 0],
				"rotation": [10, 0, 0],
				"cubes": [
					{"origin": [-0.5, 28.03038, -3.5473], "size": [1, 1, 3.7], "uv": [0, 0], "inflate": -0.45}
				]
			},
			{
				"name": "bone92",
				"parent": "lineY7",
				"pivot": [0, 30, -2.75],
				"rotation": [33, 0, 0],
				"cubes": [
					{"origin": [-0.5, 27.82266, -7.03928], "size": [1, 1, 3.7], "uv": [0, 0], "inflate": -0.45}
				]
			},
			{
				"name": "bone93",
				"parent": "lineY7",
				"pivot": [0, 28.5, -5],
				"rotation": [56, 0, 0],
				"cubes": [
					{"origin": [-0.5, 26.88161, -9.85808], "size": [1, 1, 3.7], "uv": [0, 0], "inflate": -0.45}
				]
			},
			{
				"name": "bone94",
				"parent": "lineY7",
				"pivot": [0, 26.25, -6.5],
				"rotation": [79, 0, 0],
				"cubes": [
					{"origin": [-0.5, 25.36838, -11.76325], "size": [1, 1, 3.8], "uv": [0, 0], "inflate": -0.45}
				]
			},
			{
				"name": "bone95",
				"parent": "lineY7",
				"pivot": [0, 15.5, 0],
				"rotation": [-10, 0, 0],
				"cubes": [
					{"origin": [-0.5, 14.01519, -3.02635], "size": [1, 1, 3.7], "uv": [0, 0], "inflate": -0.45}
				]
			},
			{
				"name": "bone96",
				"parent": "lineY7",
				"pivot": [0, 16, -2.75],
				"rotation": [-33, 0, 0],
				"cubes": [
					{"origin": [-0.5, 14.66133, -5.40536], "size": [1, 1, 3.7], "uv": [0, 0], "inflate": -0.45}
				]
			},
			{
				"name": "bone97",
				"parent": "lineY7",
				"pivot": [0, 17.5, -5],
				"rotation": [-56, 0, 0],
				"cubes": [
					{"origin": [-0.5, 16.4408, -7.37096], "size": [1, 1, 3.7], "uv": [0, 0], "inflate": -0.45}
				]
			},
			{
				"name": "bone98",
				"parent": "lineY7",
				"pivot": [0, 19.75, -6.5],
				"rotation": [-79, 0, 0],
				"cubes": [
					{"origin": [-0.5, 19.05919, -8.81838], "size": [1, 1, 3.8], "uv": [0, 0], "inflate": -0.45}
				]
			},
			{
				"name": "lineX7",
				"parent": "1_7",
				"pivot": [0, 23.5, 0]
			},
			{
				"name": "bone99",
				"parent": "lineX7",
				"pivot": [0, 23.5, -7],
				"rotation": [0, -11, 0],
				"cubes": [
					{"origin": [-0.5, 21, -7.5], "size": [3.7, 1, 1], "uv": [0, 0], "inflate": -0.45}
				]
			},
			{
				"name": "bone100",
				"parent": "lineX7",
				"pivot": [0, 30, -2.75],
				"rotation": [0, -101, 0],
				"cubes": [
					{"origin": [-0.5, 27.5, -4.25], "size": [1, 1, 2], "uv": [0, 0], "inflate": -0.45}
				]
			},
			{
				"name": "bone101",
				"parent": "lineX7",
				"pivot": [0, 28.5, -5],
				"rotation": [0, -101, 0],
				"cubes": [
					{"origin": [-0.5, 26, -7.5], "size": [1, 1, 3], "uv": [0, 0], "inflate": -0.45}
				]
			},
			{
				"name": "bone102",
				"parent": "lineX7",
				"pivot": [0, 26.25, -6.5],
				"rotation": [0, -101, 0],
				"cubes": [
					{"origin": [-0.5, 23.75, -9.5], "size": [1, 1, 3.5], "uv": [0, 0], "inflate": -0.45}
				]
			},
			{
				"name": "bone103",
				"parent": "lineX7",
				"pivot": [0, 5.75, -6.5],
				"rotation": [0, -101, 0],
				"cubes": [
					{"origin": [-0.5, 18.25, -9.5], "size": [1, 1, 3.5], "uv": [0, 0], "inflate": -0.45}
				]
			},
			{
				"name": "bone104",
				"parent": "lineX7",
				"pivot": [0, 3.5, -5],
				"rotation": [0, -101, 0],
				"cubes": [
					{"origin": [-0.5, 16, -7.5], "size": [1, 1, 3], "uv": [0, 0], "inflate": -0.45}
				]
			},
			{
				"name": "bone105",
				"parent": "lineX7",
				"pivot": [0, 2, -2.75],
				"rotation": [0, -101, 0],
				"cubes": [
					{"origin": [-0.5, 14.5, -4.25], "size": [1, 1, 2], "uv": [0, 0], "inflate": -0.45}
				]
			},
			{
				"name": "1_8",
				"parent": "2",
				"pivot": [0, 23.5, 0],
				"rotation": [0, -67.5, 0]
			},
			{
				"name": "point8",
				"parent": "1_8",
				"pivot": [0, 16, 0],
				"cubes": [
					{"origin": [-0.5, 21, -7.5], "size": [1, 1, 1], "uv": [0, 0], "inflate": -0.4},
					{"origin": [-0.5, 23.75, -7], "size": [1, 1, 1], "uv": [0, 0], "inflate": -0.4},
					{"origin": [-0.5, 18.25, -7], "size": [1, 1, 1], "uv": [0, 0], "inflate": -0.4},
					{"origin": [-0.5, 27.5, -3.25], "size": [1, 1, 1], "uv": [0, 0], "inflate": -0.4},
					{"origin": [-0.5, 14.5, -3.25], "size": [1, 1, 1], "uv": [0, 0], "inflate": -0.4},
					{"origin": [-0.5, 26, -5.5], "size": [1, 1, 1], "uv": [0, 0], "inflate": -0.4},
					{"origin": [-0.5, 16, -5.5], "size": [1, 1, 1], "uv": [0, 0], "inflate": -0.4}
				]
			},
			{
				"name": "lineY8",
				"parent": "1_8",
				"pivot": [0, 23.5, 0]
			},
			{
				"name": "bone106",
				"parent": "lineY8",
				"pivot": [0, 30.5, 0],
				"rotation": [10, 0, 0],
				"cubes": [
					{"origin": [-0.5, 28.03038, -3.5473], "size": [1, 1, 3.7], "uv": [0, 0], "inflate": -0.45}
				]
			},
			{
				"name": "bone107",
				"parent": "lineY8",
				"pivot": [0, 30, -2.75],
				"rotation": [33, 0, 0],
				"cubes": [
					{"origin": [-0.5, 27.82266, -7.03928], "size": [1, 1, 3.7], "uv": [0, 0], "inflate": -0.45}
				]
			},
			{
				"name": "bone108",
				"parent": "lineY8",
				"pivot": [0, 28.5, -5],
				"rotation": [56, 0, 0],
				"cubes": [
					{"origin": [-0.5, 26.88161, -9.85808], "size": [1, 1, 3.7], "uv": [0, 0], "inflate": -0.45}
				]
			},
			{
				"name": "bone109",
				"parent": "lineY8",
				"pivot": [0, 26.25, -6.5],
				"rotation": [79, 0, 0],
				"cubes": [
					{"origin": [-0.5, 25.36838, -11.76325], "size": [1, 1, 3.8], "uv": [0, 0], "inflate": -0.45}
				]
			},
			{
				"name": "bone110",
				"parent": "lineY8",
				"pivot": [0, 15.5, 0],
				"rotation": [-10, 0, 0],
				"cubes": [
					{"origin": [-0.5, 14.01519, -3.02635], "size": [1, 1, 3.7], "uv": [0, 0], "inflate": -0.45}
				]
			},
			{
				"name": "bone111",
				"parent": "lineY8",
				"pivot": [0, 16, -2.75],
				"rotation": [-33, 0, 0],
				"cubes": [
					{"origin": [-0.5, 14.66133, -5.40536], "size": [1, 1, 3.7], "uv": [0, 0], "inflate": -0.45}
				]
			},
			{
				"name": "bone112",
				"parent": "lineY8",
				"pivot": [0, 17.5, -5],
				"rotation": [-56, 0, 0],
				"cubes": [
					{"origin": [-0.5, 16.4408, -7.37096], "size": [1, 1, 3.7], "uv": [0, 0], "inflate": -0.45}
				]
			},
			{
				"name": "bone113",
				"parent": "lineY8",
				"pivot": [0, 19.75, -6.5],
				"rotation": [-79, 0, 0],
				"cubes": [
					{"origin": [-0.5, 19.05919, -8.81838], "size": [1, 1, 3.8], "uv": [0, 0], "inflate": -0.45}
				]
			},
			{
				"name": "lineX8",
				"parent": "1_8",
				"pivot": [0, 23.5, 0]
			},
			{
				"name": "bone114",
				"parent": "lineX8",
				"pivot": [0, 23.5, -7],
				"rotation": [0, -11, 0],
				"cubes": [
					{"origin": [-0.5, 21, -7.5], "size": [3.7, 1, 1], "uv": [0, 0], "inflate": -0.45}
				]
			},
			{
				"name": "bone115",
				"parent": "lineX8",
				"pivot": [0, 30, -2.75],
				"rotation": [0, -101, 0],
				"cubes": [
					{"origin": [-0.5, 27.5, -4.25], "size": [1, 1, 2], "uv": [0, 0], "inflate": -0.45}
				]
			},
			{
				"name": "bone116",
				"parent": "lineX8",
				"pivot": [0, 28.5, -5],
				"rotation": [0, -101, 0],
				"cubes": [
					{"origin": [-0.5, 26, -7.5], "size": [1, 1, 3], "uv": [0, 0], "inflate": -0.45}
				]
			},
			{
				"name": "bone117",
				"parent": "lineX8",
				"pivot": [0, 26.25, -6.5],
				"rotation": [0, -101, 0],
				"cubes": [
					{"origin": [-0.5, 23.75, -9.5], "size": [1, 1, 3.5], "uv": [0, 0], "inflate": -0.45}
				]
			},
			{
				"name": "bone118",
				"parent": "lineX8",
				"pivot": [0, 5.75, -6.5],
				"rotation": [0, -101, 0],
				"cubes": [
					{"origin": [-0.5, 18.25, -9.5], "size": [1, 1, 3.5], "uv": [0, 0], "inflate": -0.45}
				]
			},
			{
				"name": "bone119",
				"parent": "lineX8",
				"pivot": [0, 3.5, -5],
				"rotation": [0, -101, 0],
				"cubes": [
					{"origin": [-0.5, 16, -7.5], "size": [1, 1, 3], "uv": [0, 0], "inflate": -0.45}
				]
			},
			{
				"name": "bone120",
				"parent": "lineX8",
				"pivot": [0, 2, -2.75],
				"rotation": [0, -101, 0],
				"cubes": [
					{"origin": [-0.5, 14.5, -4.25], "size": [1, 1, 2], "uv": [0, 0], "inflate": -0.45}
				]
			},
			{
				"name": "3",
				"parent": "sphere",
				"pivot": [0, 23.5, 0],
				"rotation": [0, 180, 0]
			},
			{
				"name": "1_9",
				"parent": "3",
				"pivot": [0, 23.5, 0]
			},
			{
				"name": "point9",
				"parent": "1_9",
				"pivot": [0, 16, 0],
				"cubes": [
					{"origin": [-0.5, 21, -7.5], "size": [1, 1, 1], "uv": [0, 0], "inflate": -0.4},
					{"origin": [-0.5, 23.75, -7], "size": [1, 1, 1], "uv": [0, 0], "inflate": -0.4},
					{"origin": [-0.5, 18.25, -7], "size": [1, 1, 1], "uv": [0, 0], "inflate": -0.4},
					{"origin": [-0.5, 27.5, -3.25], "size": [1, 1, 1], "uv": [0, 0], "inflate": -0.4},
					{"origin": [-0.5, 14.5, -3.25], "size": [1, 1, 1], "uv": [0, 0], "inflate": -0.4},
					{"origin": [-0.5, 26, -5.5], "size": [1, 1, 1], "uv": [0, 0], "inflate": -0.4},
					{"origin": [-0.5, 16, -5.5], "size": [1, 1, 1], "uv": [0, 0], "inflate": -0.4}
				]
			},
			{
				"name": "lineY9",
				"parent": "1_9",
				"pivot": [0, 23.5, 0]
			},
			{
				"name": "bone121",
				"parent": "lineY9",
				"pivot": [0, 30.5, 0],
				"rotation": [10, 0, 0],
				"cubes": [
					{"origin": [-0.5, 28.03038, -3.5473], "size": [1, 1, 3.7], "uv": [0, 0], "inflate": -0.45}
				]
			},
			{
				"name": "bone122",
				"parent": "lineY9",
				"pivot": [0, 30, -2.75],
				"rotation": [33, 0, 0],
				"cubes": [
					{"origin": [-0.5, 27.82266, -7.03928], "size": [1, 1, 3.7], "uv": [0, 0], "inflate": -0.45}
				]
			},
			{
				"name": "bone123",
				"parent": "lineY9",
				"pivot": [0, 28.5, -5],
				"rotation": [56, 0, 0],
				"cubes": [
					{"origin": [-0.5, 26.88161, -9.85808], "size": [1, 1, 3.7], "uv": [0, 0], "inflate": -0.45}
				]
			},
			{
				"name": "bone124",
				"parent": "lineY9",
				"pivot": [0, 26.25, -6.5],
				"rotation": [79, 0, 0],
				"cubes": [
					{"origin": [-0.5, 25.36838, -11.76325], "size": [1, 1, 3.8], "uv": [0, 0], "inflate": -0.45}
				]
			},
			{
				"name": "bone125",
				"parent": "lineY9",
				"pivot": [0, 15.5, 0],
				"rotation": [-10, 0, 0],
				"cubes": [
					{"origin": [-0.5, 14.01519, -3.02635], "size": [1, 1, 3.7], "uv": [0, 0], "inflate": -0.45}
				]
			},
			{
				"name": "bone126",
				"parent": "lineY9",
				"pivot": [0, 16, -2.75],
				"rotation": [-33, 0, 0],
				"cubes": [
					{"origin": [-0.5, 14.66133, -5.40536], "size": [1, 1, 3.7], "uv": [0, 0], "inflate": -0.45}
				]
			},
			{
				"name": "bone127",
				"parent": "lineY9",
				"pivot": [0, 17.5, -5],
				"rotation": [-56, 0, 0],
				"cubes": [
					{"origin": [-0.5, 16.4408, -7.37096], "size": [1, 1, 3.7], "uv": [0, 0], "inflate": -0.45}
				]
			},
			{
				"name": "bone128",
				"parent": "lineY9",
				"pivot": [0, 19.75, -6.5],
				"rotation": [-79, 0, 0],
				"cubes": [
					{"origin": [-0.5, 19.05919, -8.81838], "size": [1, 1, 3.8], "uv": [0, 0], "inflate": -0.45}
				]
			},
			{
				"name": "lineX9",
				"parent": "1_9",
				"pivot": [0, 23.5, 0]
			},
			{
				"name": "bone129",
				"parent": "lineX9",
				"pivot": [0, 23.5, -7],
				"rotation": [0, -11, 0],
				"cubes": [
					{"origin": [-0.5, 21, -7.5], "size": [3.7, 1, 1], "uv": [0, 0], "inflate": -0.45}
				]
			},
			{
				"name": "bone130",
				"parent": "lineX9",
				"pivot": [0, 30, -2.75],
				"rotation": [0, -101, 0],
				"cubes": [
					{"origin": [-0.5, 27.5, -4.25], "size": [1, 1, 2], "uv": [0, 0], "inflate": -0.45}
				]
			},
			{
				"name": "bone131",
				"parent": "lineX9",
				"pivot": [0, 28.5, -5],
				"rotation": [0, -101, 0],
				"cubes": [
					{"origin": [-0.5, 26, -7.5], "size": [1, 1, 3], "uv": [0, 0], "inflate": -0.45}
				]
			},
			{
				"name": "bone132",
				"parent": "lineX9",
				"pivot": [0, 26.25, -6.5],
				"rotation": [0, -101, 0],
				"cubes": [
					{"origin": [-0.5, 23.75, -9.5], "size": [1, 1, 3.5], "uv": [0, 0], "inflate": -0.45}
				]
			},
			{
				"name": "bone133",
				"parent": "lineX9",
				"pivot": [0, 5.75, -6.5],
				"rotation": [0, -101, 0],
				"cubes": [
					{"origin": [-0.5, 18.25, -9.5], "size": [1, 1, 3.5], "uv": [0, 0], "inflate": -0.45}
				]
			},
			{
				"name": "bone134",
				"parent": "lineX9",
				"pivot": [0, 3.5, -5],
				"rotation": [0, -101, 0],
				"cubes": [
					{"origin": [-0.5, 16, -7.5], "size": [1, 1, 3], "uv": [0, 0], "inflate": -0.45}
				]
			},
			{
				"name": "bone135",
				"parent": "lineX9",
				"pivot": [0, 2, -2.75],
				"rotation": [0, -101, 0],
				"cubes": [
					{"origin": [-0.5, 14.5, -4.25], "size": [1, 1, 2], "uv": [0, 0], "inflate": -0.45}
				]
			},
			{
				"name": "1_10",
				"parent": "3",
				"pivot": [0, 23.5, 0],
				"rotation": [0, -22.5, 0]
			},
			{
				"name": "point10",
				"parent": "1_10",
				"pivot": [0, 16, 0],
				"cubes": [
					{"origin": [-0.5, 21, -7.5], "size": [1, 1, 1], "uv": [0, 0], "inflate": -0.4},
					{"origin": [-0.5, 23.75, -7], "size": [1, 1, 1], "uv": [0, 0], "inflate": -0.4},
					{"origin": [-0.5, 18.25, -7], "size": [1, 1, 1], "uv": [0, 0], "inflate": -0.4},
					{"origin": [-0.5, 27.5, -3.25], "size": [1, 1, 1], "uv": [0, 0], "inflate": -0.4},
					{"origin": [-0.5, 14.5, -3.25], "size": [1, 1, 1], "uv": [0, 0], "inflate": -0.4},
					{"origin": [-0.5, 26, -5.5], "size": [1, 1, 1], "uv": [0, 0], "inflate": -0.4},
					{"origin": [-0.5, 16, -5.5], "size": [1, 1, 1], "uv": [0, 0], "inflate": -0.4}
				]
			},
			{
				"name": "lineY10",
				"parent": "1_10",
				"pivot": [0, 23.5, 0]
			},
			{
				"name": "bone136",
				"parent": "lineY10",
				"pivot": [0, 30.5, 0],
				"rotation": [10, 0, 0],
				"cubes": [
					{"origin": [-0.5, 28.03038, -3.5473], "size": [1, 1, 3.7], "uv": [0, 0], "inflate": -0.45}
				]
			},
			{
				"name": "bone137",
				"parent": "lineY10",
				"pivot": [0, 30, -2.75],
				"rotation": [33, 0, 0],
				"cubes": [
					{"origin": [-0.5, 27.82266, -7.03928], "size": [1, 1, 3.7], "uv": [0, 0], "inflate": -0.45}
				]
			},
			{
				"name": "bone138",
				"parent": "lineY10",
				"pivot": [0, 28.5, -5],
				"rotation": [56, 0, 0],
				"cubes": [
					{"origin": [-0.5, 26.88161, -9.85808], "size": [1, 1, 3.7], "uv": [0, 0], "inflate": -0.45}
				]
			},
			{
				"name": "bone139",
				"parent": "lineY10",
				"pivot": [0, 26.25, -6.5],
				"rotation": [79, 0, 0],
				"cubes": [
					{"origin": [-0.5, 25.36838, -11.76325], "size": [1, 1, 3.8], "uv": [0, 0], "inflate": -0.45}
				]
			},
			{
				"name": "bone140",
				"parent": "lineY10",
				"pivot": [0, 15.5, 0],
				"rotation": [-10, 0, 0],
				"cubes": [
					{"origin": [-0.5, 14.01519, -3.02635], "size": [1, 1, 3.7], "uv": [0, 0], "inflate": -0.45}
				]
			},
			{
				"name": "bone141",
				"parent": "lineY10",
				"pivot": [0, 16, -2.75],
				"rotation": [-33, 0, 0],
				"cubes": [
					{"origin": [-0.5, 14.66133, -5.40536], "size": [1, 1, 3.7], "uv": [0, 0], "inflate": -0.45}
				]
			},
			{
				"name": "bone142",
				"parent": "lineY10",
				"pivot": [0, 17.5, -5],
				"rotation": [-56, 0, 0],
				"cubes": [
					{"origin": [-0.5, 16.4408, -7.37096], "size": [1, 1, 3.7], "uv": [0, 0], "inflate": -0.45}
				]
			},
			{
				"name": "bone143",
				"parent": "lineY10",
				"pivot": [0, 19.75, -6.5],
				"rotation": [-79, 0, 0],
				"cubes": [
					{"origin": [-0.5, 19.05919, -8.81838], "size": [1, 1, 3.8], "uv": [0, 0], "inflate": -0.45}
				]
			},
			{
				"name": "lineX10",
				"parent": "1_10",
				"pivot": [0, 23.5, 0]
			},
			{
				"name": "bone144",
				"parent": "lineX10",
				"pivot": [0, 23.5, -7],
				"rotation": [0, -11, 0],
				"cubes": [
					{"origin": [-0.5, 21, -7.5], "size": [3.7, 1, 1], "uv": [0, 0], "inflate": -0.45}
				]
			},
			{
				"name": "bone145",
				"parent": "lineX10",
				"pivot": [0, 30, -2.75],
				"rotation": [0, -101, 0],
				"cubes": [
					{"origin": [-0.5, 27.5, -4.25], "size": [1, 1, 2], "uv": [0, 0], "inflate": -0.45}
				]
			},
			{
				"name": "bone146",
				"parent": "lineX10",
				"pivot": [0, 28.5, -5],
				"rotation": [0, -101, 0],
				"cubes": [
					{"origin": [-0.5, 26, -7.5], "size": [1, 1, 3], "uv": [0, 0], "inflate": -0.45}
				]
			},
			{
				"name": "bone147",
				"parent": "lineX10",
				"pivot": [0, 26.25, -6.5],
				"rotation": [0, -101, 0],
				"cubes": [
					{"origin": [-0.5, 23.75, -9.5], "size": [1, 1, 3.5], "uv": [0, 0], "inflate": -0.45}
				]
			},
			{
				"name": "bone148",
				"parent": "lineX10",
				"pivot": [0, 5.75, -6.5],
				"rotation": [0, -101, 0],
				"cubes": [
					{"origin": [-0.5, 18.25, -9.5], "size": [1, 1, 3.5], "uv": [0, 0], "inflate": -0.45}
				]
			},
			{
				"name": "bone149",
				"parent": "lineX10",
				"pivot": [0, 3.5, -5],
				"rotation": [0, -101, 0],
				"cubes": [
					{"origin": [-0.5, 16, -7.5], "size": [1, 1, 3], "uv": [0, 0], "inflate": -0.45}
				]
			},
			{
				"name": "bone150",
				"parent": "lineX10",
				"pivot": [0, 2, -2.75],
				"rotation": [0, -101, 0],
				"cubes": [
					{"origin": [-0.5, 14.5, -4.25], "size": [1, 1, 2], "uv": [0, 0], "inflate": -0.45}
				]
			},
			{
				"name": "1_11",
				"parent": "3",
				"pivot": [0, 23.5, 0],
				"rotation": [0, -45, 0]
			},
			{
				"name": "point11",
				"parent": "1_11",
				"pivot": [0, 16, 0],
				"cubes": [
					{"origin": [-0.5, 21, -7.5], "size": [1, 1, 1], "uv": [0, 0], "inflate": -0.4},
					{"origin": [-0.5, 23.75, -7], "size": [1, 1, 1], "uv": [0, 0], "inflate": -0.4},
					{"origin": [-0.5, 18.25, -7], "size": [1, 1, 1], "uv": [0, 0], "inflate": -0.4},
					{"origin": [-0.5, 27.5, -3.25], "size": [1, 1, 1], "uv": [0, 0], "inflate": -0.4},
					{"origin": [-0.5, 14.5, -3.25], "size": [1, 1, 1], "uv": [0, 0], "inflate": -0.4},
					{"origin": [-0.5, 26, -5.5], "size": [1, 1, 1], "uv": [0, 0], "inflate": -0.4},
					{"origin": [-0.5, 16, -5.5], "size": [1, 1, 1], "uv": [0, 0], "inflate": -0.4}
				]
			},
			{
				"name": "lineY11",
				"parent": "1_11",
				"pivot": [0, 23.5, 0]
			},
			{
				"name": "bone151",
				"parent": "lineY11",
				"pivot": [0, 30.5, 0],
				"rotation": [10, 0, 0],
				"cubes": [
					{"origin": [-0.5, 28.03038, -3.5473], "size": [1, 1, 3.7], "uv": [0, 0], "inflate": -0.45}
				]
			},
			{
				"name": "bone152",
				"parent": "lineY11",
				"pivot": [0, 30, -2.75],
				"rotation": [33, 0, 0],
				"cubes": [
					{"origin": [-0.5, 27.82266, -7.03928], "size": [1, 1, 3.7], "uv": [0, 0], "inflate": -0.45}
				]
			},
			{
				"name": "bone153",
				"parent": "lineY11",
				"pivot": [0, 28.5, -5],
				"rotation": [56, 0, 0],
				"cubes": [
					{"origin": [-0.5, 26.88161, -9.85808], "size": [1, 1, 3.7], "uv": [0, 0], "inflate": -0.45}
				]
			},
			{
				"name": "bone154",
				"parent": "lineY11",
				"pivot": [0, 26.25, -6.5],
				"rotation": [79, 0, 0],
				"cubes": [
					{"origin": [-0.5, 25.36838, -11.76325], "size": [1, 1, 3.8], "uv": [0, 0], "inflate": -0.45}
				]
			},
			{
				"name": "bone155",
				"parent": "lineY11",
				"pivot": [0, 15.5, 0],
				"rotation": [-10, 0, 0],
				"cubes": [
					{"origin": [-0.5, 14.01519, -3.02635], "size": [1, 1, 3.7], "uv": [0, 0], "inflate": -0.45}
				]
			},
			{
				"name": "bone156",
				"parent": "lineY11",
				"pivot": [0, 16, -2.75],
				"rotation": [-33, 0, 0],
				"cubes": [
					{"origin": [-0.5, 14.66133, -5.40536], "size": [1, 1, 3.7], "uv": [0, 0], "inflate": -0.45}
				]
			},
			{
				"name": "bone157",
				"parent": "lineY11",
				"pivot": [0, 17.5, -5],
				"rotation": [-56, 0, 0],
				"cubes": [
					{"origin": [-0.5, 16.4408, -7.37096], "size": [1, 1, 3.7], "uv": [0, 0], "inflate": -0.45}
				]
			},
			{
				"name": "bone158",
				"parent": "lineY11",
				"pivot": [0, 19.75, -6.5],
				"rotation": [-79, 0, 0],
				"cubes": [
					{"origin": [-0.5, 19.05919, -8.81838], "size": [1, 1, 3.8], "uv": [0, 0], "inflate": -0.45}
				]
			},
			{
				"name": "lineX11",
				"parent": "1_11",
				"pivot": [0, 23.5, 0]
			},
			{
				"name": "bone159",
				"parent": "lineX11",
				"pivot": [0, 23.5, -7],
				"rotation": [0, -11, 0],
				"cubes": [
					{"origin": [-0.5, 21, -7.5], "size": [3.7, 1, 1], "uv": [0, 0], "inflate": -0.45}
				]
			},
			{
				"name": "bone160",
				"parent": "lineX11",
				"pivot": [0, 30, -2.75],
				"rotation": [0, -101, 0],
				"cubes": [
					{"origin": [-0.5, 27.5, -4.25], "size": [1, 1, 2], "uv": [0, 0], "inflate": -0.45}
				]
			},
			{
				"name": "bone161",
				"parent": "lineX11",
				"pivot": [0, 28.5, -5],
				"rotation": [0, -101, 0],
				"cubes": [
					{"origin": [-0.5, 26, -7.5], "size": [1, 1, 3], "uv": [0, 0], "inflate": -0.45}
				]
			},
			{
				"name": "bone162",
				"parent": "lineX11",
				"pivot": [0, 26.25, -6.5],
				"rotation": [0, -101, 0],
				"cubes": [
					{"origin": [-0.5, 23.75, -9.5], "size": [1, 1, 3.5], "uv": [0, 0], "inflate": -0.45}
				]
			},
			{
				"name": "bone163",
				"parent": "lineX11",
				"pivot": [0, 5.75, -6.5],
				"rotation": [0, -101, 0],
				"cubes": [
					{"origin": [-0.5, 18.25, -9.5], "size": [1, 1, 3.5], "uv": [0, 0], "inflate": -0.45}
				]
			},
			{
				"name": "bone164",
				"parent": "lineX11",
				"pivot": [0, 3.5, -5],
				"rotation": [0, -101, 0],
				"cubes": [
					{"origin": [-0.5, 16, -7.5], "size": [1, 1, 3], "uv": [0, 0], "inflate": -0.45}
				]
			},
			{
				"name": "bone165",
				"parent": "lineX11",
				"pivot": [0, 2, -2.75],
				"rotation": [0, -101, 0],
				"cubes": [
					{"origin": [-0.5, 14.5, -4.25], "size": [1, 1, 2], "uv": [0, 0], "inflate": -0.45}
				]
			},
			{
				"name": "1_12",
				"parent": "3",
				"pivot": [0, 23.5, 0],
				"rotation": [0, -67.5, 0]
			},
			{
				"name": "point12",
				"parent": "1_12",
				"pivot": [0, 16, 0],
				"cubes": [
					{"origin": [-0.5, 21, -7.5], "size": [1, 1, 1], "uv": [0, 0], "inflate": -0.4},
					{"origin": [-0.5, 23.75, -7], "size": [1, 1, 1], "uv": [0, 0], "inflate": -0.4},
					{"origin": [-0.5, 18.25, -7], "size": [1, 1, 1], "uv": [0, 0], "inflate": -0.4},
					{"origin": [-0.5, 27.5, -3.25], "size": [1, 1, 1], "uv": [0, 0], "inflate": -0.4},
					{"origin": [-0.5, 14.5, -3.25], "size": [1, 1, 1], "uv": [0, 0], "inflate": -0.4},
					{"origin": [-0.5, 26, -5.5], "size": [1, 1, 1], "uv": [0, 0], "inflate": -0.4},
					{"origin": [-0.5, 16, -5.5], "size": [1, 1, 1], "uv": [0, 0], "inflate": -0.4}
				]
			},
			{
				"name": "lineY12",
				"parent": "1_12",
				"pivot": [0, 23.5, 0]
			},
			{
				"name": "bone166",
				"parent": "lineY12",
				"pivot": [0, 30.5, 0],
				"rotation": [10, 0, 0],
				"cubes": [
					{"origin": [-0.5, 28.03038, -3.5473], "size": [1, 1, 3.7], "uv": [0, 0], "inflate": -0.45}
				]
			},
			{
				"name": "bone167",
				"parent": "lineY12",
				"pivot": [0, 30, -2.75],
				"rotation": [33, 0, 0],
				"cubes": [
					{"origin": [-0.5, 27.82266, -7.03928], "size": [1, 1, 3.7], "uv": [0, 0], "inflate": -0.45}
				]
			},
			{
				"name": "bone168",
				"parent": "lineY12",
				"pivot": [0, 28.5, -5],
				"rotation": [56, 0, 0],
				"cubes": [
					{"origin": [-0.5, 26.88161, -9.85808], "size": [1, 1, 3.7], "uv": [0, 0], "inflate": -0.45}
				]
			},
			{
				"name": "bone169",
				"parent": "lineY12",
				"pivot": [0, 26.25, -6.5],
				"rotation": [79, 0, 0],
				"cubes": [
					{"origin": [-0.5, 25.36838, -11.76325], "size": [1, 1, 3.8], "uv": [0, 0], "inflate": -0.45}
				]
			},
			{
				"name": "bone170",
				"parent": "lineY12",
				"pivot": [0, 15.5, 0],
				"rotation": [-10, 0, 0],
				"cubes": [
					{"origin": [-0.5, 14.01519, -3.02635], "size": [1, 1, 3.7], "uv": [0, 0], "inflate": -0.45}
				]
			},
			{
				"name": "bone171",
				"parent": "lineY12",
				"pivot": [0, 16, -2.75],
				"rotation": [-33, 0, 0],
				"cubes": [
					{"origin": [-0.5, 14.66133, -5.40536], "size": [1, 1, 3.7], "uv": [0, 0], "inflate": -0.45}
				]
			},
			{
				"name": "bone172",
				"parent": "lineY12",
				"pivot": [0, 17.5, -5],
				"rotation": [-56, 0, 0],
				"cubes": [
					{"origin": [-0.5, 16.4408, -7.37096], "size": [1, 1, 3.7], "uv": [0, 0], "inflate": -0.45}
				]
			},
			{
				"name": "bone173",
				"parent": "lineY12",
				"pivot": [0, 19.75, -6.5],
				"rotation": [-79, 0, 0],
				"cubes": [
					{"origin": [-0.5, 19.05919, -8.81838], "size": [1, 1, 3.8], "uv": [0, 0], "inflate": -0.45}
				]
			},
			{
				"name": "lineX12",
				"parent": "1_12",
				"pivot": [0, 23.5, 0]
			},
			{
				"name": "bone174",
				"parent": "lineX12",
				"pivot": [0, 23.5, -7],
				"rotation": [0, -11, 0],
				"cubes": [
					{"origin": [-0.5, 21, -7.5], "size": [3.7, 1, 1], "uv": [0, 0], "inflate": -0.45}
				]
			},
			{
				"name": "bone175",
				"parent": "lineX12",
				"pivot": [0, 30, -2.75],
				"rotation": [0, -101, 0],
				"cubes": [
					{"origin": [-0.5, 27.5, -4.25], "size": [1, 1, 2], "uv": [0, 0], "inflate": -0.45}
				]
			},
			{
				"name": "bone176",
				"parent": "lineX12",
				"pivot": [0, 28.5, -5],
				"rotation": [0, -101, 0],
				"cubes": [
					{"origin": [-0.5, 26, -7.5], "size": [1, 1, 3], "uv": [0, 0], "inflate": -0.45}
				]
			},
			{
				"name": "bone177",
				"parent": "lineX12",
				"pivot": [0, 26.25, -6.5],
				"rotation": [0, -101, 0],
				"cubes": [
					{"origin": [-0.5, 23.75, -9.5], "size": [1, 1, 3.5], "uv": [0, 0], "inflate": -0.45}
				]
			},
			{
				"name": "bone178",
				"parent": "lineX12",
				"pivot": [0, 5.75, -6.5],
				"rotation": [0, -101, 0],
				"cubes": [
					{"origin": [-0.5, 18.25, -9.5], "size": [1, 1, 3.5], "uv": [0, 0], "inflate": -0.45}
				]
			},
			{
				"name": "bone179",
				"parent": "lineX12",
				"pivot": [0, 3.5, -5],
				"rotation": [0, -101, 0],
				"cubes": [
					{"origin": [-0.5, 16, -7.5], "size": [1, 1, 3], "uv": [0, 0], "inflate": -0.45}
				]
			},
			{
				"name": "bone180",
				"parent": "lineX12",
				"pivot": [0, 2, -2.75],
				"rotation": [0, -101, 0],
				"cubes": [
					{"origin": [-0.5, 14.5, -4.25], "size": [1, 1, 2], "uv": [0, 0], "inflate": -0.45}
				]
			},
			{
				"name": "4",
				"parent": "sphere",
				"pivot": [0, 23.5, 0],
				"rotation": [0, 90, 0]
			},
			{
				"name": "1_13",
				"parent": "4",
				"pivot": [0, 23.5, 0]
			},
			{
				"name": "point13",
				"parent": "1_13",
				"pivot": [0, 16, 0],
				"cubes": [
					{"origin": [-0.5, 21, -7.5], "size": [1, 1, 1], "uv": [0, 0], "inflate": -0.4},
					{"origin": [-0.5, 23.75, -7], "size": [1, 1, 1], "uv": [0, 0], "inflate": -0.4},
					{"origin": [-0.5, 18.25, -7], "size": [1, 1, 1], "uv": [0, 0], "inflate": -0.4},
					{"origin": [-0.5, 27.5, -3.25], "size": [1, 1, 1], "uv": [0, 0], "inflate": -0.4},
					{"origin": [-0.5, 14.5, -3.25], "size": [1, 1, 1], "uv": [0, 0], "inflate": -0.4},
					{"origin": [-0.5, 26, -5.5], "size": [1, 1, 1], "uv": [0, 0], "inflate": -0.4},
					{"origin": [-0.5, 16, -5.5], "size": [1, 1, 1], "uv": [0, 0], "inflate": -0.4}
				]
			},
			{
				"name": "lineY13",
				"parent": "1_13",
				"pivot": [0, 23.5, 0]
			},
			{
				"name": "bone181",
				"parent": "lineY13",
				"pivot": [0, 30.5, 0],
				"rotation": [10, 0, 0],
				"cubes": [
					{"origin": [-0.5, 28.03038, -3.5473], "size": [1, 1, 3.7], "uv": [0, 0], "inflate": -0.45}
				]
			},
			{
				"name": "bone182",
				"parent": "lineY13",
				"pivot": [0, 30, -2.75],
				"rotation": [33, 0, 0],
				"cubes": [
					{"origin": [-0.5, 27.82266, -7.03928], "size": [1, 1, 3.7], "uv": [0, 0], "inflate": -0.45}
				]
			},
			{
				"name": "bone183",
				"parent": "lineY13",
				"pivot": [0, 28.5, -5],
				"rotation": [56, 0, 0],
				"cubes": [
					{"origin": [-0.5, 26.88161, -9.85808], "size": [1, 1, 3.7], "uv": [0, 0], "inflate": -0.45}
				]
			},
			{
				"name": "bone184",
				"parent": "lineY13",
				"pivot": [0, 26.25, -6.5],
				"rotation": [79, 0, 0],
				"cubes": [
					{"origin": [-0.5, 25.36838, -11.76325], "size": [1, 1, 3.8], "uv": [0, 0], "inflate": -0.45}
				]
			},
			{
				"name": "bone185",
				"parent": "lineY13",
				"pivot": [0, 15.5, 0],
				"rotation": [-10, 0, 0],
				"cubes": [
					{"origin": [-0.5, 14.01519, -3.02635], "size": [1, 1, 3.7], "uv": [0, 0], "inflate": -0.45}
				]
			},
			{
				"name": "bone186",
				"parent": "lineY13",
				"pivot": [0, 16, -2.75],
				"rotation": [-33, 0, 0],
				"cubes": [
					{"origin": [-0.5, 14.66133, -5.40536], "size": [1, 1, 3.7], "uv": [0, 0], "inflate": -0.45}
				]
			},
			{
				"name": "bone187",
				"parent": "lineY13",
				"pivot": [0, 17.5, -5],
				"rotation": [-56, 0, 0],
				"cubes": [
					{"origin": [-0.5, 16.4408, -7.37096], "size": [1, 1, 3.7], "uv": [0, 0], "inflate": -0.45}
				]
			},
			{
				"name": "bone188",
				"parent": "lineY13",
				"pivot": [0, 19.75, -6.5],
				"rotation": [-79, 0, 0],
				"cubes": [
					{"origin": [-0.5, 19.05919, -8.81838], "size": [1, 1, 3.8], "uv": [0, 0], "inflate": -0.45}
				]
			},
			{
				"name": "lineX13",
				"parent": "1_13",
				"pivot": [0, 23.5, 0]
			},
			{
				"name": "bone189",
				"parent": "lineX13",
				"pivot": [0, 23.5, -7],
				"rotation": [0, -11, 0],
				"cubes": [
					{"origin": [-0.5, 21, -7.5], "size": [3.7, 1, 1], "uv": [0, 0], "inflate": -0.45}
				]
			},
			{
				"name": "bone190",
				"parent": "lineX13",
				"pivot": [0, 30, -2.75],
				"rotation": [0, -101, 0],
				"cubes": [
					{"origin": [-0.5, 27.5, -4.25], "size": [1, 1, 2], "uv": [0, 0], "inflate": -0.45}
				]
			},
			{
				"name": "bone191",
				"parent": "lineX13",
				"pivot": [0, 28.5, -5],
				"rotation": [0, -101, 0],
				"cubes": [
					{"origin": [-0.5, 26, -7.5], "size": [1, 1, 3], "uv": [0, 0], "inflate": -0.45}
				]
			},
			{
				"name": "bone192",
				"parent": "lineX13",
				"pivot": [0, 26.25, -6.5],
				"rotation": [0, -101, 0],
				"cubes": [
					{"origin": [-0.5, 23.75, -9.5], "size": [1, 1, 3.5], "uv": [0, 0], "inflate": -0.45}
				]
			},
			{
				"name": "bone193",
				"parent": "lineX13",
				"pivot": [0, 5.75, -6.5],
				"rotation": [0, -101, 0],
				"cubes": [
					{"origin": [-0.5, 18.25, -9.5], "size": [1, 1, 3.5], "uv": [0, 0], "inflate": -0.45}
				]
			},
			{
				"name": "bone194",
				"parent": "lineX13",
				"pivot": [0, 3.5, -5],
				"rotation": [0, -101, 0],
				"cubes": [
					{"origin": [-0.5, 16, -7.5], "size": [1, 1, 3], "uv": [0, 0], "inflate": -0.45}
				]
			},
			{
				"name": "bone195",
				"parent": "lineX13",
				"pivot": [0, 2, -2.75],
				"rotation": [0, -101, 0],
				"cubes": [
					{"origin": [-0.5, 14.5, -4.25], "size": [1, 1, 2], "uv": [0, 0], "inflate": -0.45}
				]
			},
			{
				"name": "1_14",
				"parent": "4",
				"pivot": [0, 23.5, 0],
				"rotation": [0, -22.5, 0]
			},
			{
				"name": "point14",
				"parent": "1_14",
				"pivot": [0, 16, 0],
				"cubes": [
					{"origin": [-0.5, 21, -7.5], "size": [1, 1, 1], "uv": [0, 0], "inflate": -0.4},
					{"origin": [-0.5, 23.75, -7], "size": [1, 1, 1], "uv": [0, 0], "inflate": -0.4},
					{"origin": [-0.5, 18.25, -7], "size": [1, 1, 1], "uv": [0, 0], "inflate": -0.4},
					{"origin": [-0.5, 27.5, -3.25], "size": [1, 1, 1], "uv": [0, 0], "inflate": -0.4},
					{"origin": [-0.5, 14.5, -3.25], "size": [1, 1, 1], "uv": [0, 0], "inflate": -0.4},
					{"origin": [-0.5, 26, -5.5], "size": [1, 1, 1], "uv": [0, 0], "inflate": -0.4},
					{"origin": [-0.5, 16, -5.5], "size": [1, 1, 1], "uv": [0, 0], "inflate": -0.4}
				]
			},
			{
				"name": "lineY14",
				"parent": "1_14",
				"pivot": [0, 23.5, 0]
			},
			{
				"name": "bone196",
				"parent": "lineY14",
				"pivot": [0, 30.5, 0],
				"rotation": [10, 0, 0],
				"cubes": [
					{"origin": [-0.5, 28.03038, -3.5473], "size": [1, 1, 3.7], "uv": [0, 0], "inflate": -0.45}
				]
			},
			{
				"name": "bone197",
				"parent": "lineY14",
				"pivot": [0, 30, -2.75],
				"rotation": [33, 0, 0],
				"cubes": [
					{"origin": [-0.5, 27.82266, -7.03928], "size": [1, 1, 3.7], "uv": [0, 0], "inflate": -0.45}
				]
			},
			{
				"name": "bone198",
				"parent": "lineY14",
				"pivot": [0, 28.5, -5],
				"rotation": [56, 0, 0],
				"cubes": [
					{"origin": [-0.5, 26.88161, -9.85808], "size": [1, 1, 3.7], "uv": [0, 0], "inflate": -0.45}
				]
			},
			{
				"name": "bone199",
				"parent": "lineY14",
				"pivot": [0, 26.25, -6.5],
				"rotation": [79, 0, 0],
				"cubes": [
					{"origin": [-0.5, 25.36838, -11.76325], "size": [1, 1, 3.8], "uv": [0, 0], "inflate": -0.45}
				]
			},
			{
				"name": "bone200",
				"parent": "lineY14",
				"pivot": [0, 15.5, 0],
				"rotation": [-10, 0, 0],
				"cubes": [
					{"origin": [-0.5, 14.01519, -3.02635], "size": [1, 1, 3.7], "uv": [0, 0], "inflate": -0.45}
				]
			},
			{
				"name": "bone201",
				"parent": "lineY14",
				"pivot": [0, 16, -2.75],
				"rotation": [-33, 0, 0],
				"cubes": [
					{"origin": [-0.5, 14.66133, -5.40536], "size": [1, 1, 3.7], "uv": [0, 0], "inflate": -0.45}
				]
			},
			{
				"name": "bone202",
				"parent": "lineY14",
				"pivot": [0, 17.5, -5],
				"rotation": [-56, 0, 0],
				"cubes": [
					{"origin": [-0.5, 16.4408, -7.37096], "size": [1, 1, 3.7], "uv": [0, 0], "inflate": -0.45}
				]
			},
			{
				"name": "bone203",
				"parent": "lineY14",
				"pivot": [0, 19.75, -6.5],
				"rotation": [-79, 0, 0],
				"cubes": [
					{"origin": [-0.5, 19.05919, -8.81838], "size": [1, 1, 3.8], "uv": [0, 0], "inflate": -0.45}
				]
			},
			{
				"name": "lineX14",
				"parent": "1_14",
				"pivot": [0, 23.5, 0]
			},
			{
				"name": "bone204",
				"parent": "lineX14",
				"pivot": [0, 23.5, -7],
				"rotation": [0, -11, 0],
				"cubes": [
					{"origin": [-0.5, 21, -7.5], "size": [3.7, 1, 1], "uv": [0, 0], "inflate": -0.45}
				]
			},
			{
				"name": "bone205",
				"parent": "lineX14",
				"pivot": [0, 30, -2.75],
				"rotation": [0, -101, 0],
				"cubes": [
					{"origin": [-0.5, 27.5, -4.25], "size": [1, 1, 2], "uv": [0, 0], "inflate": -0.45}
				]
			},
			{
				"name": "bone206",
				"parent": "lineX14",
				"pivot": [0, 28.5, -5],
				"rotation": [0, -101, 0],
				"cubes": [
					{"origin": [-0.5, 26, -7.5], "size": [1, 1, 3], "uv": [0, 0], "inflate": -0.45}
				]
			},
			{
				"name": "bone207",
				"parent": "lineX14",
				"pivot": [0, 26.25, -6.5],
				"rotation": [0, -101, 0],
				"cubes": [
					{"origin": [-0.5, 23.75, -9.5], "size": [1, 1, 3.5], "uv": [0, 0], "inflate": -0.45}
				]
			},
			{
				"name": "bone208",
				"parent": "lineX14",
				"pivot": [0, 5.75, -6.5],
				"rotation": [0, -101, 0],
				"cubes": [
					{"origin": [-0.5, 18.25, -9.5], "size": [1, 1, 3.5], "uv": [0, 0], "inflate": -0.45}
				]
			},
			{
				"name": "bone209",
				"parent": "lineX14",
				"pivot": [0, 3.5, -5],
				"rotation": [0, -101, 0],
				"cubes": [
					{"origin": [-0.5, 16, -7.5], "size": [1, 1, 3], "uv": [0, 0], "inflate": -0.45}
				]
			},
			{
				"name": "bone210",
				"parent": "lineX14",
				"pivot": [0, 2, -2.75],
				"rotation": [0, -101, 0],
				"cubes": [
					{"origin": [-0.5, 14.5, -4.25], "size": [1, 1, 2], "uv": [0, 0], "inflate": -0.45}
				]
			},
			{
				"name": "1_15",
				"parent": "4",
				"pivot": [0, 23.5, 0],
				"rotation": [0, -45, 0]
			},
			{
				"name": "point15",
				"parent": "1_15",
				"pivot": [0, 16, 0],
				"cubes": [
					{"origin": [-0.5, 21, -7.5], "size": [1, 1, 1], "uv": [0, 0], "inflate": -0.4},
					{"origin": [-0.5, 23.75, -7], "size": [1, 1, 1], "uv": [0, 0], "inflate": -0.4},
					{"origin": [-0.5, 18.25, -7], "size": [1, 1, 1], "uv": [0, 0], "inflate": -0.4},
					{"origin": [-0.5, 27.5, -3.25], "size": [1, 1, 1], "uv": [0, 0], "inflate": -0.4},
					{"origin": [-0.5, 14.5, -3.25], "size": [1, 1, 1], "uv": [0, 0], "inflate": -0.4},
					{"origin": [-0.5, 26, -5.5], "size": [1, 1, 1], "uv": [0, 0], "inflate": -0.4},
					{"origin": [-0.5, 16, -5.5], "size": [1, 1, 1], "uv": [0, 0], "inflate": -0.4}
				]
			},
			{
				"name": "lineY15",
				"parent": "1_15",
				"pivot": [0, 23.5, 0]
			},
			{
				"name": "bone211",
				"parent": "lineY15",
				"pivot": [0, 30.5, 0],
				"rotation": [10, 0, 0],
				"cubes": [
					{"origin": [-0.5, 28.03038, -3.5473], "size": [1, 1, 3.7], "uv": [0, 0], "inflate": -0.45}
				]
			},
			{
				"name": "bone212",
				"parent": "lineY15",
				"pivot": [0, 30, -2.75],
				"rotation": [33, 0, 0],
				"cubes": [
					{"origin": [-0.5, 27.82266, -7.03928], "size": [1, 1, 3.7], "uv": [0, 0], "inflate": -0.45}
				]
			},
			{
				"name": "bone213",
				"parent": "lineY15",
				"pivot": [0, 28.5, -5],
				"rotation": [56, 0, 0],
				"cubes": [
					{"origin": [-0.5, 26.88161, -9.85808], "size": [1, 1, 3.7], "uv": [0, 0], "inflate": -0.45}
				]
			},
			{
				"name": "bone214",
				"parent": "lineY15",
				"pivot": [0, 26.25, -6.5],
				"rotation": [79, 0, 0],
				"cubes": [
					{"origin": [-0.5, 25.36838, -11.76325], "size": [1, 1, 3.8], "uv": [0, 0], "inflate": -0.45}
				]
			},
			{
				"name": "bone215",
				"parent": "lineY15",
				"pivot": [0, 15.5, 0],
				"rotation": [-10, 0, 0],
				"cubes": [
					{"origin": [-0.5, 14.01519, -3.02635], "size": [1, 1, 3.7], "uv": [0, 0], "inflate": -0.45}
				]
			},
			{
				"name": "bone216",
				"parent": "lineY15",
				"pivot": [0, 16, -2.75],
				"rotation": [-33, 0, 0],
				"cubes": [
					{"origin": [-0.5, 14.66133, -5.40536], "size": [1, 1, 3.7], "uv": [0, 0], "inflate": -0.45}
				]
			},
			{
				"name": "bone217",
				"parent": "lineY15",
				"pivot": [0, 17.5, -5],
				"rotation": [-56, 0, 0],
				"cubes": [
					{"origin": [-0.5, 16.4408, -7.37096], "size": [1, 1, 3.7], "uv": [0, 0], "inflate": -0.45}
				]
			},
			{
				"name": "bone218",
				"parent": "lineY15",
				"pivot": [0, 19.75, -6.5],
				"rotation": [-79, 0, 0],
				"cubes": [
					{"origin": [-0.5, 19.05919, -8.81838], "size": [1, 1, 3.8], "uv": [0, 0], "inflate": -0.45}
				]
			},
			{
				"name": "lineX15",
				"parent": "1_15",
				"pivot": [0, 23.5, 0]
			},
			{
				"name": "bone219",
				"parent": "lineX15",
				"pivot": [0, 23.5, -7],
				"rotation": [0, -11, 0],
				"cubes": [
					{"origin": [-0.5, 21, -7.5], "size": [3.7, 1, 1], "uv": [0, 0], "inflate": -0.45}
				]
			},
			{
				"name": "bone220",
				"parent": "lineX15",
				"pivot": [0, 30, -2.75],
				"rotation": [0, -101, 0],
				"cubes": [
					{"origin": [-0.5, 27.5, -4.25], "size": [1, 1, 2], "uv": [0, 0], "inflate": -0.45}
				]
			},
			{
				"name": "bone221",
				"parent": "lineX15",
				"pivot": [0, 28.5, -5],
				"rotation": [0, -101, 0],
				"cubes": [
					{"origin": [-0.5, 26, -7.5], "size": [1, 1, 3], "uv": [0, 0], "inflate": -0.45}
				]
			},
			{
				"name": "bone222",
				"parent": "lineX15",
				"pivot": [0, 26.25, -6.5],
				"rotation": [0, -101, 0],
				"cubes": [
					{"origin": [-0.5, 23.75, -9.5], "size": [1, 1, 3.5], "uv": [0, 0], "inflate": -0.45}
				]
			},
			{
				"name": "bone223",
				"parent": "lineX15",
				"pivot": [0, 5.75, -6.5],
				"rotation": [0, -101, 0],
				"cubes": [
					{"origin": [-0.5, 18.25, -9.5], "size": [1, 1, 3.5], "uv": [0, 0], "inflate": -0.45}
				]
			},
			{
				"name": "bone224",
				"parent": "lineX15",
				"pivot": [0, 3.5, -5],
				"rotation": [0, -101, 0],
				"cubes": [
					{"origin": [-0.5, 16, -7.5], "size": [1, 1, 3], "uv": [0, 0], "inflate": -0.45}
				]
			},
			{
				"name": "bone225",
				"parent": "lineX15",
				"pivot": [0, 2, -2.75],
				"rotation": [0, -101, 0],
				"cubes": [
					{"origin": [-0.5, 14.5, -4.25], "size": [1, 1, 2], "uv": [0, 0], "inflate": -0.45}
				]
			},
			{
				"name": "1_16",
				"parent": "4",
				"pivot": [0, 23.5, 0],
				"rotation": [0, -67.5, 0]
			},
			{
				"name": "point16",
				"parent": "1_16",
				"pivot": [0, 16, 0],
				"cubes": [
					{"origin": [-0.5, 21, -7.5], "size": [1, 1, 1], "uv": [0, 0], "inflate": -0.4},
					{"origin": [-0.5, 23.75, -7], "size": [1, 1, 1], "uv": [0, 0], "inflate": -0.4},
					{"origin": [-0.5, 18.25, -7], "size": [1, 1, 1], "uv": [0, 0], "inflate": -0.4},
					{"origin": [-0.5, 27.5, -3.25], "size": [1, 1, 1], "uv": [0, 0], "inflate": -0.4},
					{"origin": [-0.5, 14.5, -3.25], "size": [1, 1, 1], "uv": [0, 0], "inflate": -0.4},
					{"origin": [-0.5, 26, -5.5], "size": [1, 1, 1], "uv": [0, 0], "inflate": -0.4},
					{"origin": [-0.5, 16, -5.5], "size": [1, 1, 1], "uv": [0, 0], "inflate": -0.4}
				]
			},
			{
				"name": "lineY16",
				"parent": "1_16",
				"pivot": [0, 23.5, 0]
			},
			{
				"name": "bone226",
				"parent": "lineY16",
				"pivot": [0, 30.5, 0],
				"rotation": [10, 0, 0],
				"cubes": [
					{"origin": [-0.5, 28.03038, -3.5473], "size": [1, 1, 3.7], "uv": [0, 0], "inflate": -0.45}
				]
			},
			{
				"name": "bone227",
				"parent": "lineY16",
				"pivot": [0, 30, -2.75],
				"rotation": [33, 0, 0],
				"cubes": [
					{"origin": [-0.5, 27.82266, -7.03928], "size": [1, 1, 3.7], "uv": [0, 0], "inflate": -0.45}
				]
			},
			{
				"name": "bone228",
				"parent": "lineY16",
				"pivot": [0, 28.5, -5],
				"rotation": [56, 0, 0],
				"cubes": [
					{"origin": [-0.5, 26.88161, -9.85808], "size": [1, 1, 3.7], "uv": [0, 0], "inflate": -0.45}
				]
			},
			{
				"name": "bone229",
				"parent": "lineY16",
				"pivot": [0, 26.25, -6.5],
				"rotation": [79, 0, 0],
				"cubes": [
					{"origin": [-0.5, 25.36838, -11.76325], "size": [1, 1, 3.8], "uv": [0, 0], "inflate": -0.45}
				]
			},
			{
				"name": "bone230",
				"parent": "lineY16",
				"pivot": [0, 15.5, 0],
				"rotation": [-10, 0, 0],
				"cubes": [
					{"origin": [-0.5, 14.01519, -3.02635], "size": [1, 1, 3.7], "uv": [0, 0], "inflate": -0.45}
				]
			},
			{
				"name": "bone231",
				"parent": "lineY16",
				"pivot": [0, 16, -2.75],
				"rotation": [-33, 0, 0],
				"cubes": [
					{"origin": [-0.5, 14.66133, -5.40536], "size": [1, 1, 3.7], "uv": [0, 0], "inflate": -0.45}
				]
			},
			{
				"name": "bone232",
				"parent": "lineY16",
				"pivot": [0, 17.5, -5],
				"rotation": [-56, 0, 0],
				"cubes": [
					{"origin": [-0.5, 16.4408, -7.37096], "size": [1, 1, 3.7], "uv": [0, 0], "inflate": -0.45}
				]
			},
			{
				"name": "bone233",
				"parent": "lineY16",
				"pivot": [0, 19.75, -6.5],
				"rotation": [-79, 0, 0],
				"cubes": [
					{"origin": [-0.5, 19.05919, -8.81838], "size": [1, 1, 3.8], "uv": [0, 0], "inflate": -0.45}
				]
			},
			{
				"name": "lineX16",
				"parent": "1_16",
				"pivot": [0, 23.5, 0]
			},
			{
				"name": "bone234",
				"parent": "lineX16",
				"pivot": [0, 23.5, -7],
				"rotation": [0, -11, 0],
				"cubes": [
					{"origin": [-0.5, 21, -7.5], "size": [3.7, 1, 1], "uv": [0, 0], "inflate": -0.45}
				]
			},
			{
				"name": "bone235",
				"parent": "lineX16",
				"pivot": [0, 30, -2.75],
				"rotation": [0, -101, 0],
				"cubes": [
					{"origin": [-0.5, 27.5, -4.25], "size": [1, 1, 2], "uv": [0, 0], "inflate": -0.45}
				]
			},
			{
				"name": "bone236",
				"parent": "lineX16",
				"pivot": [0, 28.5, -5],
				"rotation": [0, -101, 0],
				"cubes": [
					{"origin": [-0.5, 26, -7.5], "size": [1, 1, 3], "uv": [0, 0], "inflate": -0.45}
				]
			},
			{
				"name": "bone237",
				"parent": "lineX16",
				"pivot": [0, 26.25, -6.5],
				"rotation": [0, -101, 0],
				"cubes": [
					{"origin": [-0.5, 23.75, -9.5], "size": [1, 1, 3.5], "uv": [0, 0], "inflate": -0.45}
				]
			},
			{
				"name": "bone238",
				"parent": "lineX16",
				"pivot": [0, 5.75, -6.5],
				"rotation": [0, -101, 0],
				"cubes": [
					{"origin": [-0.5, 18.25, -9.5], "size": [1, 1, 3.5], "uv": [0, 0], "inflate": -0.45}
				]
			},
			{
				"name": "bone239",
				"parent": "lineX16",
				"pivot": [0, 3.5, -5],
				"rotation": [0, -101, 0],
				"cubes": [
					{"origin": [-0.5, 16, -7.5], "size": [1, 1, 3], "uv": [0, 0], "inflate": -0.45}
				]
			},
			{
				"name": "bone240",
				"parent": "lineX16",
				"pivot": [0, 2, -2.75],
				"rotation": [0, -101, 0],
				"cubes": [
					{"origin": [-0.5, 14.5, -4.25], "size": [1, 1, 2], "uv": [0, 0], "inflate": -0.45}
				]
			},
			{
				"name": "sphere2",
				"pivot": [0, 21.5, 0]
			},
			{
				"name": "bone245",
				"parent": "sphere2",
				"pivot": [0, 21.5, -15],
				"rotation": [7.5, 0, 5]
			},
			{
				"name": "plant",
				"parent": "bone245",
				"pivot": [0, 21.5, -15]
			},
			{
				"name": "point17",
				"parent": "plant",
				"pivot": [0.5, 12.5, -15.5],
				"cubes": [
					{"origin": [-0.5, 22.6, -15.5], "size": [1, 1, 1], "uv": [0, 0], "inflate": -0.4},
					{"origin": [-0.5, 19.4, -15.5], "size": [1, 1, 1], "uv": [0, 0], "inflate": -0.4}
				]
			},
			{
				"name": "5",
				"parent": "plant",
				"pivot": [0, 9.5, -15]
			},
			{
				"name": "point18",
				"parent": "5",
				"pivot": [0, 21.5, -15],
				"cubes": [
					{"origin": [-0.5, 21, -17.1], "size": [1, 1, 1], "uv": [0, 0], "inflate": -0.4},
					{"origin": [-0.5, 22.1, -16.6], "size": [1, 1, 1], "uv": [0, 0], "inflate": -0.4},
					{"origin": [-0.5, 19.9, -16.6], "size": [1, 1, 1], "uv": [0, 0], "inflate": -0.4}
				]
			},
			{
				"name": "linex17",
				"parent": "5",
				"pivot": [0, 9.5, -15]
			},
			{
				"name": "bone249",
				"parent": "linex17",
				"pivot": [0, 21.5, -16.6],
				"rotation": [0, -20, 0],
				"cubes": [
					{"origin": [-0.4, 21, -17.1], "size": [2, 1, 1], "uv": [0, 0], "inflate": -0.45}
				]
			},
			{
				"name": "bone250",
				"parent": "linex17",
				"pivot": [0, 22.6, -16.1],
				"rotation": [0, -20, 0],
				"cubes": [
					{"origin": [-0.5, 22.1, -16.6], "size": [1.8, 1, 1], "uv": [0, 0], "inflate": -0.45}
				]
			},
			{
				"name": "bone252",
				"parent": "linex17",
				"pivot": [0, 20.4, -16.1],
				"rotation": [0, -20, 0],
				"cubes": [
					{"origin": [-0.5, 19.9, -16.6], "size": [1.8, 1, 1], "uv": [0, 0], "inflate": -0.45}
				]
			},
			{
				"name": "liney17",
				"parent": "5",
				"pivot": [0, 9.5, -15]
			},
			{
				"name": "bone255",
				"parent": "liney17",
				"pivot": [0, 9.5, -15]
			},
			{
				"name": "bone253",
				"parent": "bone255",
				"pivot": [0, 23.1, -15],
				"rotation": [25, 0, 0],
				"cubes": [
					{"origin": [-0.5, 22.6, -16.6], "size": [1, 1, 2], "uv": [0, 0], "inflate": -0.45}
				]
			},
			{
				"name": "bone254",
				"parent": "bone255",
				"pivot": [0, 22.6, -16.1],
				"rotation": [62.5, 0, 0],
				"cubes": [
					{"origin": [-0.5, 22.1, -17.7], "size": [1, 1, 2], "uv": [0, 0], "inflate": -0.45}
				]
			},
			{
				"name": "bone256",
				"parent": "liney17",
				"pivot": [0, 33.5, -15]
			},
			{
				"name": "bone257",
				"parent": "bone256",
				"pivot": [0, 19.9, -15],
				"rotation": [-25, 0, 0],
				"cubes": [
					{"origin": [-0.5, 19.4, -16.6], "size": [1, 1, 2], "uv": [0, 0], "inflate": -0.45}
				]
			},
			{
				"name": "bone258",
				"parent": "bone256",
				"pivot": [0, 20.4, -16.1],
				"rotation": [-62.5, 0, 0],
				"cubes": [
					{"origin": [-0.5, 19.9, -17.7], "size": [1, 1, 2], "uv": [0, 0], "inflate": -0.45}
				]
			},
			{
				"name": "6",
				"parent": "plant",
				"pivot": [0, 9.5, -15],
				"rotation": [0, -45, 0]
			},
			{
				"name": "point20",
				"parent": "6",
				"pivot": [0, 21.5, -15],
				"cubes": [
					{"origin": [-0.5, 21, -17.1], "size": [1, 1, 1], "uv": [0, 0], "inflate": -0.4},
					{"origin": [-0.5, 22.1, -16.6], "size": [1, 1, 1], "uv": [0, 0], "inflate": -0.4},
					{"origin": [-0.5, 19.9, -16.6], "size": [1, 1, 1], "uv": [0, 0], "inflate": -0.4}
				]
			},
			{
				"name": "linex18",
				"parent": "6",
				"pivot": [0, 9.5, -15]
			},
			{
				"name": "bone259",
				"parent": "linex18",
				"pivot": [0, 21.5, -16.6],
				"rotation": [0, -20, 0],
				"cubes": [
					{"origin": [-0.4, 21, -17.1], "size": [2, 1, 1], "uv": [0, 0], "inflate": -0.45}
				]
			},
			{
				"name": "bone260",
				"parent": "linex18",
				"pivot": [0, 22.6, -16.1],
				"rotation": [0, -20, 0],
				"cubes": [
					{"origin": [-0.5, 22.1, -16.6], "size": [1.8, 1, 1], "uv": [0, 0], "inflate": -0.45}
				]
			},
			{
				"name": "bone261",
				"parent": "linex18",
				"pivot": [0, 20.4, -16.1],
				"rotation": [0, -20, 0],
				"cubes": [
					{"origin": [-0.5, 19.9, -16.6], "size": [1.8, 1, 1], "uv": [0, 0], "inflate": -0.45}
				]
			},
			{
				"name": "liney18",
				"parent": "6",
				"pivot": [0, 9.5, -15]
			},
			{
				"name": "bone262",
				"parent": "liney18",
				"pivot": [0, 9.5, -15]
			},
			{
				"name": "bone263",
				"parent": "bone262",
				"pivot": [0, 23.1, -15],
				"rotation": [25, 0, 0],
				"cubes": [
					{"origin": [-0.5, 22.6, -16.6], "size": [1, 1, 2], "uv": [0, 0], "inflate": -0.45}
				]
			},
			{
				"name": "bone264",
				"parent": "bone262",
				"pivot": [0, 22.6, -16.1],
				"rotation": [62.5, 0, 0],
				"cubes": [
					{"origin": [-0.5, 22.1, -17.7], "size": [1, 1, 2], "uv": [0, 0], "inflate": -0.45}
				]
			},
			{
				"name": "bone265",
				"parent": "liney18",
				"pivot": [0, 33.5, -15]
			},
			{
				"name": "bone266",
				"parent": "bone265",
				"pivot": [0, 19.9, -15],
				"rotation": [-25, 0, 0],
				"cubes": [
					{"origin": [-0.5, 19.4, -16.6], "size": [1, 1, 2], "uv": [0, 0], "inflate": -0.45}
				]
			},
			{
				"name": "bone267",
				"parent": "bone265",
				"pivot": [0, 20.4, -16.1],
				"rotation": [-62.5, 0, 0],
				"cubes": [
					{"origin": [-0.5, 19.9, -17.7], "size": [1, 1, 2], "uv": [0, 0], "inflate": -0.45}
				]
			},
			{
				"name": "7",
				"parent": "plant",
				"pivot": [0, 9.5, -15],
				"rotation": [0, -90, 0]
			},
			{
				"name": "point22",
				"parent": "7",
				"pivot": [0, 21.5, -15],
				"cubes": [
					{"origin": [-0.5, 21, -17.1], "size": [1, 1, 1], "uv": [0, 0], "inflate": -0.4},
					{"origin": [-0.5, 22.1, -16.6], "size": [1, 1, 1], "uv": [0, 0], "inflate": -0.4},
					{"origin": [-0.5, 19.9, -16.6], "size": [1, 1, 1], "uv": [0, 0], "inflate": -0.4}
				]
			},
			{
				"name": "linex19",
				"parent": "7",
				"pivot": [0, 9.5, -15]
			},
			{
				"name": "bone268",
				"parent": "linex19",
				"pivot": [0, 21.5, -16.6],
				"rotation": [0, -20, 0],
				"cubes": [
					{"origin": [-0.4, 21, -17.1], "size": [2, 1, 1], "uv": [0, 0], "inflate": -0.45}
				]
			},
			{
				"name": "bone269",
				"parent": "linex19",
				"pivot": [0, 22.6, -16.1],
				"rotation": [0, -20, 0],
				"cubes": [
					{"origin": [-0.5, 22.1, -16.6], "size": [1.8, 1, 1], "uv": [0, 0], "inflate": -0.45}
				]
			},
			{
				"name": "bone270",
				"parent": "linex19",
				"pivot": [0, 20.4, -16.1],
				"rotation": [0, -20, 0],
				"cubes": [
					{"origin": [-0.5, 19.9, -16.6], "size": [1.8, 1, 1], "uv": [0, 0], "inflate": -0.45}
				]
			},
			{
				"name": "liney19",
				"parent": "7",
				"pivot": [0, 9.5, -15]
			},
			{
				"name": "bone271",
				"parent": "liney19",
				"pivot": [0, 9.5, -15]
			},
			{
				"name": "bone272",
				"parent": "bone271",
				"pivot": [0, 23.1, -15],
				"rotation": [25, 0, 0],
				"cubes": [
					{"origin": [-0.5, 22.6, -16.6], "size": [1, 1, 2], "uv": [0, 0], "inflate": -0.45}
				]
			},
			{
				"name": "bone273",
				"parent": "bone271",
				"pivot": [0, 22.6, -16.1],
				"rotation": [62.5, 0, 0],
				"cubes": [
					{"origin": [-0.5, 22.1, -17.7], "size": [1, 1, 2], "uv": [0, 0], "inflate": -0.45}
				]
			},
			{
				"name": "bone274",
				"parent": "liney19",
				"pivot": [0, 33.5, -15]
			},
			{
				"name": "bone275",
				"parent": "bone274",
				"pivot": [0, 19.9, -15],
				"rotation": [-25, 0, 0],
				"cubes": [
					{"origin": [-0.5, 19.4, -16.6], "size": [1, 1, 2], "uv": [0, 0], "inflate": -0.45}
				]
			},
			{
				"name": "bone276",
				"parent": "bone274",
				"pivot": [0, 20.4, -16.1],
				"rotation": [-62.5, 0, 0],
				"cubes": [
					{"origin": [-0.5, 19.9, -17.7], "size": [1, 1, 2], "uv": [0, 0], "inflate": -0.45}
				]
			},
			{
				"name": "8",
				"parent": "plant",
				"pivot": [0, 9.5, -15],
				"rotation": [0, -135, 0]
			},
			{
				"name": "point24",
				"parent": "8",
				"pivot": [0, 21.5, -15],
				"cubes": [
					{"origin": [-0.5, 21, -17.1], "size": [1, 1, 1], "uv": [0, 0], "inflate": -0.4},
					{"origin": [-0.5, 22.1, -16.6], "size": [1, 1, 1], "uv": [0, 0], "inflate": -0.4},
					{"origin": [-0.5, 19.9, -16.6], "size": [1, 1, 1], "uv": [0, 0], "inflate": -0.4}
				]
			},
			{
				"name": "linex20",
				"parent": "8",
				"pivot": [0, 9.5, -15]
			},
			{
				"name": "bone277",
				"parent": "linex20",
				"pivot": [0, 21.5, -16.6],
				"rotation": [0, -20, 0],
				"cubes": [
					{"origin": [-0.4, 21, -17.1], "size": [2, 1, 1], "uv": [0, 0], "inflate": -0.45}
				]
			},
			{
				"name": "bone278",
				"parent": "linex20",
				"pivot": [0, 22.6, -16.1],
				"rotation": [0, -20, 0],
				"cubes": [
					{"origin": [-0.5, 22.1, -16.6], "size": [1.8, 1, 1], "uv": [0, 0], "inflate": -0.45}
				]
			},
			{
				"name": "bone279",
				"parent": "linex20",
				"pivot": [0, 20.4, -16.1],
				"rotation": [0, -20, 0],
				"cubes": [
					{"origin": [-0.5, 19.9, -16.6], "size": [1.8, 1, 1], "uv": [0, 0], "inflate": -0.45}
				]
			},
			{
				"name": "liney20",
				"parent": "8",
				"pivot": [0, 9.5, -15]
			},
			{
				"name": "bone280",
				"parent": "liney20",
				"pivot": [0, 9.5, -15]
			},
			{
				"name": "bone281",
				"parent": "bone280",
				"pivot": [0, 23.1, -15],
				"rotation": [25, 0, 0],
				"cubes": [
					{"origin": [-0.5, 22.6, -16.6], "size": [1, 1, 2], "uv": [0, 0], "inflate": -0.45}
				]
			},
			{
				"name": "bone282",
				"parent": "bone280",
				"pivot": [0, 22.6, -16.1],
				"rotation": [62.5, 0, 0],
				"cubes": [
					{"origin": [-0.5, 22.1, -17.7], "size": [1, 1, 2], "uv": [0, 0], "inflate": -0.45}
				]
			},
			{
				"name": "bone283",
				"parent": "liney20",
				"pivot": [0, 33.5, -15]
			},
			{
				"name": "bone284",
				"parent": "bone283",
				"pivot": [0, 19.9, -15],
				"rotation": [-25, 0, 0],
				"cubes": [
					{"origin": [-0.5, 19.4, -16.6], "size": [1, 1, 2], "uv": [0, 0], "inflate": -0.45}
				]
			},
			{
				"name": "bone285",
				"parent": "bone283",
				"pivot": [0, 20.4, -16.1],
				"rotation": [-62.5, 0, 0],
				"cubes": [
					{"origin": [-0.5, 19.9, -17.7], "size": [1, 1, 2], "uv": [0, 0], "inflate": -0.45}
				]
			},
			{
				"name": "9",
				"parent": "plant",
				"pivot": [0, 9.5, -15],
				"rotation": [0, 180, 0]
			},
			{
				"name": "point26",
				"parent": "9",
				"pivot": [0, 21.5, -15],
				"cubes": [
					{"origin": [-0.5, 21, -17.1], "size": [1, 1, 1], "uv": [0, 0], "inflate": -0.4},
					{"origin": [-0.5, 22.1, -16.6], "size": [1, 1, 1], "uv": [0, 0], "inflate": -0.4},
					{"origin": [-0.5, 19.9, -16.6], "size": [1, 1, 1], "uv": [0, 0], "inflate": -0.4}
				]
			},
			{
				"name": "linex21",
				"parent": "9",
				"pivot": [0, 9.5, -15]
			},
			{
				"name": "bone286",
				"parent": "linex21",
				"pivot": [0, 21.5, -16.6],
				"rotation": [0, -20, 0],
				"cubes": [
					{"origin": [-0.4, 21, -17.1], "size": [2, 1, 1], "uv": [0, 0], "inflate": -0.45}
				]
			},
			{
				"name": "bone287",
				"parent": "linex21",
				"pivot": [0, 22.6, -16.1],
				"rotation": [0, -20, 0],
				"cubes": [
					{"origin": [-0.5, 22.1, -16.6], "size": [1.8, 1, 1], "uv": [0, 0], "inflate": -0.45}
				]
			},
			{
				"name": "bone288",
				"parent": "linex21",
				"pivot": [0, 20.4, -16.1],
				"rotation": [0, -20, 0],
				"cubes": [
					{"origin": [-0.5, 19.9, -16.6], "size": [1.8, 1, 1], "uv": [0, 0], "inflate": -0.45}
				]
			},
			{
				"name": "liney21",
				"parent": "9",
				"pivot": [0, 9.5, -15]
			},
			{
				"name": "bone289",
				"parent": "liney21",
				"pivot": [0, 9.5, -15]
			},
			{
				"name": "bone290",
				"parent": "bone289",
				"pivot": [0, 23.1, -15],
				"rotation": [25, 0, 0],
				"cubes": [
					{"origin": [-0.5, 22.6, -16.6], "size": [1, 1, 2], "uv": [0, 0], "inflate": -0.45}
				]
			},
			{
				"name": "bone291",
				"parent": "bone289",
				"pivot": [0, 22.6, -16.1],
				"rotation": [62.5, 0, 0],
				"cubes": [
					{"origin": [-0.5, 22.1, -17.7], "size": [1, 1, 2], "uv": [0, 0], "inflate": -0.45}
				]
			},
			{
				"name": "bone292",
				"parent": "liney21",
				"pivot": [0, 33.5, -15]
			},
			{
				"name": "bone293",
				"parent": "bone292",
				"pivot": [0, 19.9, -15],
				"rotation": [-25, 0, 0],
				"cubes": [
					{"origin": [-0.5, 19.4, -16.6], "size": [1, 1, 2], "uv": [0, 0], "inflate": -0.45}
				]
			},
			{
				"name": "bone294",
				"parent": "bone292",
				"pivot": [0, 20.4, -16.1],
				"rotation": [-62.5, 0, 0],
				"cubes": [
					{"origin": [-0.5, 19.9, -17.7], "size": [1, 1, 2], "uv": [0, 0], "inflate": -0.45}
				]
			},
			{
				"name": "10",
				"parent": "plant",
				"pivot": [0, 9.5, -15],
				"rotation": [0, 45, 0]
			},
			{
				"name": "point28",
				"parent": "10",
				"pivot": [0, 21.5, -15],
				"cubes": [
					{"origin": [-0.5, 21, -17.1], "size": [1, 1, 1], "uv": [0, 0], "inflate": -0.4},
					{"origin": [-0.5, 22.1, -16.6], "size": [1, 1, 1], "uv": [0, 0], "inflate": -0.4},
					{"origin": [-0.5, 19.9, -16.6], "size": [1, 1, 1], "uv": [0, 0], "inflate": -0.4}
				]
			},
			{
				"name": "linex22",
				"parent": "10",
				"pivot": [0, 9.5, -15]
			},
			{
				"name": "bone295",
				"parent": "linex22",
				"pivot": [0, 21.5, -16.6],
				"rotation": [0, -20, 0],
				"cubes": [
					{"origin": [-0.4, 21, -17.1], "size": [2, 1, 1], "uv": [0, 0], "inflate": -0.45}
				]
			},
			{
				"name": "bone296",
				"parent": "linex22",
				"pivot": [0, 22.6, -16.1],
				"rotation": [0, -20, 0],
				"cubes": [
					{"origin": [-0.5, 22.1, -16.6], "size": [1.8, 1, 1], "uv": [0, 0], "inflate": -0.45}
				]
			},
			{
				"name": "bone297",
				"parent": "linex22",
				"pivot": [0, 20.4, -16.1],
				"rotation": [0, -20, 0],
				"cubes": [
					{"origin": [-0.5, 19.9, -16.6], "size": [1.8, 1, 1], "uv": [0, 0], "inflate": -0.45}
				]
			},
			{
				"name": "liney22",
				"parent": "10",
				"pivot": [0, 9.5, -15]
			},
			{
				"name": "bone298",
				"parent": "liney22",
				"pivot": [0, 9.5, -15]
			},
			{
				"name": "bone299",
				"parent": "bone298",
				"pivot": [0, 23.1, -15],
				"rotation": [25, 0, 0],
				"cubes": [
					{"origin": [-0.5, 22.6, -16.6], "size": [1, 1, 2], "uv": [0, 0], "inflate": -0.45}
				]
			},
			{
				"name": "bone300",
				"parent": "bone298",
				"pivot": [0, 22.6, -16.1],
				"rotation": [62.5, 0, 0],
				"cubes": [
					{"origin": [-0.5, 22.1, -17.7], "size": [1, 1, 2], "uv": [0, 0], "inflate": -0.45}
				]
			},
			{
				"name": "bone301",
				"parent": "liney22",
				"pivot": [0, 33.5, -15]
			},
			{
				"name": "bone302",
				"parent": "bone301",
				"pivot": [0, 19.9, -15],
				"rotation": [-25, 0, 0],
				"cubes": [
					{"origin": [-0.5, 19.4, -16.6], "size": [1, 1, 2], "uv": [0, 0], "inflate": -0.45}
				]
			},
			{
				"name": "bone303",
				"parent": "bone301",
				"pivot": [0, 20.4, -16.1],
				"rotation": [-62.5, 0, 0],
				"cubes": [
					{"origin": [-0.5, 19.9, -17.7], "size": [1, 1, 2], "uv": [0, 0], "inflate": -0.45}
				]
			},
			{
				"name": "11",
				"parent": "plant",
				"pivot": [0, 9.5, -15],
				"rotation": [0, 90, 0]
			},
			{
				"name": "point30",
				"parent": "11",
				"pivot": [0, 21.5, -15],
				"cubes": [
					{"origin": [-0.5, 21, -17.1], "size": [1, 1, 1], "uv": [0, 0], "inflate": -0.4},
					{"origin": [-0.5, 22.1, -16.6], "size": [1, 1, 1], "uv": [0, 0], "inflate": -0.4},
					{"origin": [-0.5, 19.9, -16.6], "size": [1, 1, 1], "uv": [0, 0], "inflate": -0.4}
				]
			},
			{
				"name": "linex23",
				"parent": "11",
				"pivot": [0, 9.5, -15]
			},
			{
				"name": "bone304",
				"parent": "linex23",
				"pivot": [0, 21.5, -16.6],
				"rotation": [0, -20, 0],
				"cubes": [
					{"origin": [-0.4, 21, -17.1], "size": [2, 1, 1], "uv": [0, 0], "inflate": -0.45}
				]
			},
			{
				"name": "bone305",
				"parent": "linex23",
				"pivot": [0, 22.6, -16.1],
				"rotation": [0, -20, 0],
				"cubes": [
					{"origin": [-0.5, 22.1, -16.6], "size": [1.8, 1, 1], "uv": [0, 0], "inflate": -0.45}
				]
			},
			{
				"name": "bone306",
				"parent": "linex23",
				"pivot": [0, 20.4, -16.1],
				"rotation": [0, -20, 0],
				"cubes": [
					{"origin": [-0.5, 19.9, -16.6], "size": [1.8, 1, 1], "uv": [0, 0], "inflate": -0.45}
				]
			},
			{
				"name": "liney23",
				"parent": "11",
				"pivot": [0, 9.5, -15]
			},
			{
				"name": "bone307",
				"parent": "liney23",
				"pivot": [0, 9.5, -15]
			},
			{
				"name": "bone308",
				"parent": "bone307",
				"pivot": [0, 23.1, -15],
				"rotation": [25, 0, 0],
				"cubes": [
					{"origin": [-0.5, 22.6, -16.6], "size": [1, 1, 2], "uv": [0, 0], "inflate": -0.45}
				]
			},
			{
				"name": "bone309",
				"parent": "bone307",
				"pivot": [0, 22.6, -16.1],
				"rotation": [62.5, 0, 0],
				"cubes": [
					{"origin": [-0.5, 22.1, -17.7], "size": [1, 1, 2], "uv": [0, 0], "inflate": -0.45}
				]
			},
			{
				"name": "bone310",
				"parent": "liney23",
				"pivot": [0, 33.5, -15]
			},
			{
				"name": "bone311",
				"parent": "bone310",
				"pivot": [0, 19.9, -15],
				"rotation": [-25, 0, 0],
				"cubes": [
					{"origin": [-0.5, 19.4, -16.6], "size": [1, 1, 2], "uv": [0, 0], "inflate": -0.45}
				]
			},
			{
				"name": "bone312",
				"parent": "bone310",
				"pivot": [0, 20.4, -16.1],
				"rotation": [-62.5, 0, 0],
				"cubes": [
					{"origin": [-0.5, 19.9, -17.7], "size": [1, 1, 2], "uv": [0, 0], "inflate": -0.45}
				]
			},
			{
				"name": "12",
				"parent": "plant",
				"pivot": [0, 9.5, -15],
				"rotation": [0, 135, 0]
			},
			{
				"name": "point32",
				"parent": "12",
				"pivot": [0, 21.5, -15],
				"cubes": [
					{"origin": [-0.5, 21, -17.1], "size": [1, 1, 1], "uv": [0, 0], "inflate": -0.4},
					{"origin": [-0.5, 22.1, -16.6], "size": [1, 1, 1], "uv": [0, 0], "inflate": -0.4},
					{"origin": [-0.5, 19.9, -16.6], "size": [1, 1, 1], "uv": [0, 0], "inflate": -0.4}
				]
			},
			{
				"name": "linex24",
				"parent": "12",
				"pivot": [0, 9.5, -15]
			},
			{
				"name": "bone313",
				"parent": "linex24",
				"pivot": [0, 21.5, -16.6],
				"rotation": [0, -20, 0],
				"cubes": [
					{"origin": [-0.4, 21, -17.1], "size": [2, 1, 1], "uv": [0, 0], "inflate": -0.45}
				]
			},
			{
				"name": "bone314",
				"parent": "linex24",
				"pivot": [0, 22.6, -16.1],
				"rotation": [0, -20, 0],
				"cubes": [
					{"origin": [-0.5, 22.1, -16.6], "size": [1.8, 1, 1], "uv": [0, 0], "inflate": -0.45}
				]
			},
			{
				"name": "bone315",
				"parent": "linex24",
				"pivot": [0, 20.4, -16.1],
				"rotation": [0, -20, 0],
				"cubes": [
					{"origin": [-0.5, 19.9, -16.6], "size": [1.8, 1, 1], "uv": [0, 0], "inflate": -0.45}
				]
			},
			{
				"name": "liney24",
				"parent": "12",
				"pivot": [0, 9.5, -15]
			},
			{
				"name": "bone316",
				"parent": "liney24",
				"pivot": [0, 9.5, -15]
			},
			{
				"name": "bone317",
				"parent": "bone316",
				"pivot": [0, 23.1, -15],
				"rotation": [25, 0, 0],
				"cubes": [
					{"origin": [-0.5, 22.6, -16.6], "size": [1, 1, 2], "uv": [0, 0], "inflate": -0.45}
				]
			},
			{
				"name": "bone318",
				"parent": "bone316",
				"pivot": [0, 22.6, -16.1],
				"rotation": [62.5, 0, 0],
				"cubes": [
					{"origin": [-0.5, 22.1, -17.7], "size": [1, 1, 2], "uv": [0, 0], "inflate": -0.45}
				]
			},
			{
				"name": "bone319",
				"parent": "liney24",
				"pivot": [0, 33.5, -15]
			},
			{
				"name": "bone320",
				"parent": "bone319",
				"pivot": [0, 19.9, -15],
				"rotation": [-25, 0, 0],
				"cubes": [
					{"origin": [-0.5, 19.4, -16.6], "size": [1, 1, 2], "uv": [0, 0], "inflate": -0.45}
				]
			},
			{
				"name": "bone321",
				"parent": "bone319",
				"pivot": [0, 20.4, -16.1],
				"rotation": [-62.5, 0, 0],
				"cubes": [
					{"origin": [-0.5, 19.9, -17.7], "size": [1, 1, 2], "uv": [0, 0], "inflate": -0.45}
				]
			},
			{
				"name": "bone244",
				"pivot": [0, 0.5, 0],
				"cubes": [
					{"origin": [-2, 0, -2], "size": [4, 2, 4], "uv": [0, 10]}
				]
			},
			{
				"name": "bone243",
				"parent": "bone244",
				"pivot": [0, 0, 0],
				"rotation": [0, -90, 0]
			},
			{
				"name": "bone242",
				"parent": "bone243",
				"pivot": [0, 1.7, 1.9],
				"rotation": [180, -45, 90],
				"cubes": [
					{"origin": [0, 0.2, 1.9], "size": [1, 3, 1], "uv": [0, 10], "inflate": 0.1},
					{"origin": [-2.7, 0.2, 4.6], "size": [1, 3, 1], "uv": [0, 10], "inflate": 0.1}
				]
			},
			{
				"name": "bone241",
				"parent": "bone244",
				"pivot": [0, 1.7, 1.9],
				"rotation": [180, -45, 90],
				"cubes": [
					{"origin": [0, 0.2, 1.9], "size": [1, 3, 1], "uv": [0, 10], "inflate": 0.1},
					{"origin": [-2.7, 0.2, 4.6], "size": [1, 3, 1], "uv": [0, 10], "inflate": 0.1}
				]
			}
		]
	}
}