{
  "pack_name": "{pack.lovely_robot.name}",
  "author": ["Succinum", "Lilac"],
  "description": ["{pack.lovely_robot.desc}"],
  "version": "1.1.0",
  "date": "2020-02-11",
  "icon": "lovely_robot:textures/icon.png",
  "model_list": [
    {
      "model_id": "lovely_robot:vanilla_00",
      "model": "lovely_robot:models/entity/vanilla.json",
      "animation": ["lovely_robot:animation/yarr_cute_mob.default.js"]
    }, {
      "model_id": "lovely_robot:vanilla_01",
      "model": "lovely_robot:models/entity/vanilla.json",
      "animation": ["lovely_robot:animation/yarr_cute_mob.default.js"]
    }, {
      "model_id": "lovely_robot:vanilla_02",
      "model": "lovely_robot:models/entity/vanilla.json",
      "animation": ["lovely_robot:animation/yarr_cute_mob.default.js"]
    }, {
      "model_id": "lovely_robot:vanilla_10",
      "model": "lovely_robot:models/entity/vanilla.json",
      "animation": ["lovely_robot:animation/yarr_cute_mob.default.js"]
    }, {
      "model_id": "lovely_robot:honey_00",
      "model": "lovely_robot:models/entity/honey.json",
      "animation": ["lovely_robot:animation/yarr_cute_mob.default.js"]
    }, {
      "model_id": "lovely_robot:honey_01",
      "model": "lovely_robot:models/entity/honey.json",
      "animation": ["lovely_robot:animation/yarr_cute_mob.default.js"]
    }, {
      "model_id": "lovely_robot:honey_02",
      "model": "lovely_robot:models/entity/honey.json",
      "animation": ["lovely_robot:animation/yarr_cute_mob.default.js"]
    }, {
      "model_id": "lovely_robot:bunny_00",
      "model": "lovely_robot:models/entity/bunny.json",
      "animation": ["lovely_robot:animation/yarr_cute_mob.default.js"]
    }, {
      "model_id": "lovely_robot:bunny_01",
      "model": "lovely_robot:models/entity/bunny.json",
      "animation": ["lovely_robot:animation/yarr_cute_mob.default.js"]
    }, {
      "model_id": "lovely_robot:bunny_02",
      "model": "lovely_robot:models/entity/bunny.json",
      "animation": ["lovely_robot:animation/yarr_cute_mob.default.js"]
    }, {
      "model_id": "lovely_robot:bunny_03",
      "model": "lovely_robot:models/entity/bunny.json",
      "animation": ["lovely_robot:animation/yarr_cute_mob.default.js"]
    }, {
      "model_id": "lovely_robot:bunny_04",
      "model": "lovely_robot:models/entity/bunny.json",
      "animation": ["lovely_robot:animation/yarr_cute_mob.default.js"]
    }
  ]
}
