{
	"format_version": "1.10.0",
	"geometry.model": {
		"texturewidth": 128,
		"textureheight": 128,
		"visible_bounds_width": 3,
		"visible_bounds_height": 4,
		"visible_bounds_offset": [0, 1, 0],
		"bones": [
			{
				"name": "head",
				"pivot": [0, 18, 0],
				"cubes": [
					{"origin": [-4, 18, -4], "size": [8, 8, 8], "uv": [0, 0], "inflate": -0.01},
					{"origin": [-4, 17, -4], "size": [8, 9, 8], "uv": [0, 64], "inflate": 0.25},
					{"origin": [-5, 13, 2], "size": [10, 10, 3], "uv": [32, 64], "inflate": -0.25},
					{"origin": [-3, 19.5, -8.65], "size": [10, 10, 9], "uv": [90, 0], "inflate": -4.35},
					{"origin": [-2.75, 18.75, -8.68], "size": [10, 10, 9], "uv": [90, 19], "inflate": -4.35}
				]
			},
			{
				"name": "blink",
				"parent": "head",
				"pivot": [0, 18, 0],
				"cubes": [
					{"origin": [-4, 18, -4.001], "size": [8, 8, 0], "uv": [24, 0]}
				]
			},
			{
				"name": "ear",
				"parent": "head",
				"pivot": [-1, 26, -1],
				"rotation": [0, 0, -20],
				"cubes": [
					{"origin": [-2, 25, -1], "size": [1, 2, 1], "uv": [16, 54]}
				]
			},
			{
				"name": "bone",
				"parent": "ear",
				"pivot": [-1, 27, -1],
				"rotation": [0, 0, -25],
				"cubes": [
					{"origin": [-2, 27, -1], "size": [1, 3, 1], "uv": [16, 57]}
				]
			},
			{
				"name": "bone38",
				"parent": "bone",
				"pivot": [-1, 30, -1],
				"rotation": [0, 0, 25],
				"cubes": [
					{"origin": [-2, 29, -1], "size": [1, 1, 1], "uv": [16, 61]}
				]
			},
			{
				"name": "bone39",
				"parent": "bone38",
				"pivot": [-2, 30, -1],
				"rotation": [0, 0, 25],
				"cubes": [
					{"origin": [-2, 27, -1], "size": [1, 3, 1], "uv": [16, 57]}
				]
			},
			{
				"name": "bone40",
				"parent": "bone39",
				"pivot": [-2, 27, -1],
				"rotation": [0, 0, -25],
				"cubes": [
					{"origin": [-2, 25, -1], "size": [1, 2, 1], "uv": [16, 54]}
				]
			},
			{
				"name": "ear2",
				"parent": "head",
				"pivot": [-1, 26, -1],
				"rotation": [0, 0, -20],
				"cubes": [
					{"origin": [-3.1, 25, -1], "size": [2, 2, 1], "uv": [20, 54], "inflate": -0.25}
				]
			},
			{
				"name": "bone41",
				"parent": "ear2",
				"pivot": [-1, 27, -1],
				"rotation": [0, 0, -25],
				"cubes": [
					{"origin": [-3, 26.9, -1], "size": [2, 3, 1], "uv": [20, 57], "inflate": -0.25}
				]
			},
			{
				"name": "bone42",
				"parent": "bone41",
				"pivot": [-1, 30, -1],
				"rotation": [0, 0, 25],
				"cubes": [
					{"origin": [-2, 29, -1], "size": [1, 1, 1], "uv": [16, 61], "inflate": -0.25}
				]
			},
			{
				"name": "bone43",
				"parent": "bone42",
				"pivot": [-2, 30, -1],
				"rotation": [0, 0, 25],
				"cubes": [
					{"origin": [-2, 26.9, -1], "size": [2, 3, 1], "uv": [20, 57], "inflate": -0.25}
				]
			},
			{
				"name": "bone44",
				"parent": "bone43",
				"pivot": [-2, 27, -1],
				"rotation": [0, 0, -25],
				"cubes": [
					{"origin": [-2, 25, -1], "size": [2, 2, 1], "uv": [20, 54], "inflate": -0.25}
				]
			},
			{
				"name": "ear3",
				"parent": "head",
				"pivot": [1, 26, -1],
				"rotation": [0, 0, 20],
				"cubes": [
					{"origin": [1, 25, -1], "size": [1, 2, 1], "uv": [16, 54]}
				]
			},
			{
				"name": "bone45",
				"parent": "ear3",
				"pivot": [1, 27, -1],
				"rotation": [0, 0, 25],
				"cubes": [
					{"origin": [1, 27, -1], "size": [1, 3, 1], "uv": [16, 57]}
				]
			},
			{
				"name": "bone46",
				"parent": "bone45",
				"pivot": [1, 30, -1],
				"rotation": [0, 0, -25],
				"cubes": [
					{"origin": [1, 29, -1], "size": [1, 1, 1], "uv": [16, 61]}
				]
			},
			{
				"name": "bone47",
				"parent": "bone46",
				"pivot": [2, 30, -1],
				"rotation": [0, 0, -25],
				"cubes": [
					{"origin": [1, 27, -1], "size": [1, 3, 1], "uv": [16, 57]}
				]
			},
			{
				"name": "bone48",
				"parent": "bone47",
				"pivot": [2, 27, -1],
				"rotation": [0, 0, 25],
				"cubes": [
					{"origin": [1, 25, -1], "size": [1, 2, 1], "uv": [16, 54]}
				]
			},
			{
				"name": "ear4",
				"parent": "head",
				"pivot": [1, 26, -1],
				"rotation": [0, 0, 20],
				"cubes": [
					{"origin": [1.1, 25, -1], "size": [2, 2, 1], "uv": [20, 54], "inflate": -0.25}
				]
			},
			{
				"name": "bone49",
				"parent": "ear4",
				"pivot": [1, 27, -1],
				"rotation": [0, 0, 25],
				"cubes": [
					{"origin": [1, 26.9, -1], "size": [2, 3, 1], "uv": [20, 57], "inflate": -0.25}
				]
			},
			{
				"name": "bone50",
				"parent": "bone49",
				"pivot": [1, 30, -1],
				"rotation": [0, 0, -25],
				"cubes": [
					{"origin": [1, 29, -1], "size": [1, 1, 1], "uv": [16, 61], "inflate": -0.25}
				]
			},
			{
				"name": "bone51",
				"parent": "bone50",
				"pivot": [2, 30, -1],
				"rotation": [0, 0, -25],
				"cubes": [
					{"origin": [0, 26.9, -1], "size": [2, 3, 1], "uv": [20, 57], "inflate": -0.25}
				]
			},
			{
				"name": "bone52",
				"parent": "bone51",
				"pivot": [2, 27, -1],
				"rotation": [0, 0, 25],
				"cubes": [
					{"origin": [0, 25, -1], "size": [2, 2, 1], "uv": [20, 54], "inflate": -0.25}
				]
			},
			{
				"name": "armRight",
				"pivot": [-3, 17, 0],
				"rotation": [0, 0, 25],
				"cubes": [
					{"origin": [-5, 8, -1], "size": [2, 8, 2], "uv": [0, 54]},
					{"origin": [-5.5, 9, -1.5], "size": [3, 8, 3], "uv": [52, 0], "inflate": -0.2},
					{"origin": [-5.5, 9, -1.5], "size": [3, 1, 3], "uv": [52, 22]}
				]
			},
			{
				"name": "armLeft",
				"pivot": [3, 17, 0],
				"rotation": [0, 0, -25],
				"cubes": [
					{"origin": [2.5, 9, -1.5], "size": [3, 8, 3], "uv": [52, 11], "inflate": -0.2},
					{"origin": [3, 8, -1], "size": [2, 8, 2], "uv": [41, 34]},
					{"origin": [2.5, 9, -1.5], "size": [3, 1, 3], "uv": [52, 22]},
					{"origin": [-2, 8.5, -6], "size": [12, 12, 12], "uv": [0, 104], "inflate": -4.5}
				]
			},
			{
				"name": "body",
				"pivot": [0, 10.5, 0],
				"cubes": [
					{"origin": [-3, 8.999, -3], "size": [6, 9, 6], "uv": [27, 10]},
					{"origin": [-4, 13.5, -6.05], "size": [8, 8, 8], "uv": [48, 112], "inflate": -3}
				]
			},
			{
				"name": "sittingRotationSkirt",
				"parent": "body",
				"pivot": [0, 12.5, 0]
			},
			{
				"name": "skirt",
				"parent": "sittingRotationSkirt",
				"pivot": [0, 6, 0]
			},
			{
				"name": "bone2",
				"parent": "skirt",
				"pivot": [0, 6, 0]
			},
			{
				"name": "bone3",
				"parent": "bone2",
				"pivot": [0, 6, 5.27792],
				"rotation": [23, 0, 0]
			},
			{
				"name": "bone4",
				"parent": "bone3",
				"pivot": [0, 6, 5.27792],
				"rotation": [0, -45, 0],
				"cubes": [
					{"origin": [-1, 7, 4.27792], "size": [2, 7, 2], "uv": [8, 55]}
				]
			},
			{
				"name": "bone5",
				"parent": "skirt",
				"pivot": [0, 6, 0],
				"rotation": [0, -30, 0]
			},
			{
				"name": "bone6",
				"parent": "bone5",
				"pivot": [0, 6, 5.27792],
				"rotation": [23, 0, 0]
			},
			{
				"name": "bone7",
				"parent": "bone6",
				"pivot": [0, 6, 5.27792],
				"rotation": [0, -45, 0],
				"cubes": [
					{"origin": [-1, 7, 4.27792], "size": [2, 7, 2], "uv": [8, 55]}
				]
			},
			{
				"name": "bone8",
				"parent": "skirt",
				"pivot": [0, 6, 0],
				"rotation": [0, -60, 0]
			},
			{
				"name": "bone9",
				"parent": "bone8",
				"pivot": [0, 6, 5.27792],
				"rotation": [23, 0, 0]
			},
			{
				"name": "bone10",
				"parent": "bone9",
				"pivot": [0, 6, 5.27792],
				"rotation": [0, -45, 0],
				"cubes": [
					{"origin": [-1, 7, 4.27792], "size": [2, 7, 2], "uv": [8, 55]}
				]
			},
			{
				"name": "bone11",
				"parent": "skirt",
				"pivot": [0, 6, 0],
				"rotation": [0, -90, 0]
			},
			{
				"name": "bone12",
				"parent": "bone11",
				"pivot": [0, 6, 5.27792],
				"rotation": [23, 0, 0]
			},
			{
				"name": "bone13",
				"parent": "bone12",
				"pivot": [0, 6, 5.27792],
				"rotation": [0, -45, 0],
				"cubes": [
					{"origin": [-1, 7, 4.27792], "size": [2, 7, 2], "uv": [8, 55]}
				]
			},
			{
				"name": "bone14",
				"parent": "skirt",
				"pivot": [0, 6, 0],
				"rotation": [0, -120, 0]
			},
			{
				"name": "bone15",
				"parent": "bone14",
				"pivot": [0, 6, 5.27792],
				"rotation": [23, 0, 0]
			},
			{
				"name": "bone16",
				"parent": "bone15",
				"pivot": [0, 6, 5.27792],
				"rotation": [0, -45, 0],
				"cubes": [
					{"origin": [-1, 7, 4.27792], "size": [2, 7, 2], "uv": [8, 55]}
				]
			},
			{
				"name": "bone17",
				"parent": "skirt",
				"pivot": [0, 6, 0],
				"rotation": [0, -150, 0]
			},
			{
				"name": "bone18",
				"parent": "bone17",
				"pivot": [0, 6, 5.27792],
				"rotation": [23, 0, 0]
			},
			{
				"name": "bone19",
				"parent": "bone18",
				"pivot": [0, 6, 5.27792],
				"rotation": [0, -45, 0],
				"cubes": [
					{"origin": [-1, 7, 4.27792], "size": [2, 7, 2], "uv": [8, 55]}
				]
			},
			{
				"name": "bone20",
				"parent": "skirt",
				"pivot": [0, 6, 0],
				"rotation": [0, -180, 0]
			},
			{
				"name": "bone21",
				"parent": "bone20",
				"pivot": [0, 6, 5.27792],
				"rotation": [23, 0, 0]
			},
			{
				"name": "bone22",
				"parent": "bone21",
				"pivot": [0, 6, 5.27792],
				"rotation": [0, -45, 0],
				"cubes": [
					{"origin": [-1, 7, 4.27792], "size": [2, 7, 2], "uv": [8, 55]}
				]
			},
			{
				"name": "bone23",
				"parent": "skirt",
				"pivot": [0, 6, 0],
				"rotation": [0, -210, 0]
			},
			{
				"name": "bone24",
				"parent": "bone23",
				"pivot": [0, 6, 5.27792],
				"rotation": [23, 0, 0]
			},
			{
				"name": "bone25",
				"parent": "bone24",
				"pivot": [0, 6, 5.27792],
				"rotation": [0, -45, 0],
				"cubes": [
					{"origin": [-1, 7, 4.27792], "size": [2, 7, 2], "uv": [8, 55]}
				]
			},
			{
				"name": "bone26",
				"parent": "skirt",
				"pivot": [0, 6, 0],
				"rotation": [0, -240, 0]
			},
			{
				"name": "bone27",
				"parent": "bone26",
				"pivot": [0, 6, 5.27792],
				"rotation": [23, 0, 0]
			},
			{
				"name": "bone28",
				"parent": "bone27",
				"pivot": [0, 6, 5.27792],
				"rotation": [0, -45, 0],
				"cubes": [
					{"origin": [-1, 7, 4.27792], "size": [2, 7, 2], "uv": [8, 55]}
				]
			},
			{
				"name": "bone29",
				"parent": "skirt",
				"pivot": [0, 6, 0],
				"rotation": [0, -270, 0]
			},
			{
				"name": "bone30",
				"parent": "bone29",
				"pivot": [0, 6, 5.27792],
				"rotation": [23, 0, 0]
			},
			{
				"name": "bone31",
				"parent": "bone30",
				"pivot": [0, 6, 5.27792],
				"rotation": [0, -45, 0],
				"cubes": [
					{"origin": [-1, 7, 4.27792], "size": [2, 7, 2], "uv": [8, 55]}
				]
			},
			{
				"name": "bone32",
				"parent": "skirt",
				"pivot": [0, 6, 0],
				"rotation": [0, -300, 0]
			},
			{
				"name": "bone33",
				"parent": "bone32",
				"pivot": [0, 6, 5.27792],
				"rotation": [23, 0, 0]
			},
			{
				"name": "bone34",
				"parent": "bone33",
				"pivot": [0, 6, 5.27792],
				"rotation": [0, -45, 0],
				"cubes": [
					{"origin": [-1, 7, 4.27792], "size": [2, 7, 2], "uv": [8, 55]}
				]
			},
			{
				"name": "bone35",
				"parent": "skirt",
				"pivot": [0, 6, 0],
				"rotation": [0, -330, 0]
			},
			{
				"name": "bone36",
				"parent": "bone35",
				"pivot": [0, 6, 5.27792],
				"rotation": [23, 0, 0]
			},
			{
				"name": "bone37",
				"parent": "bone36",
				"pivot": [0, 6, 5.27792],
				"rotation": [0, -45, 0],
				"cubes": [
					{"origin": [-1, 7, 4.27792], "size": [2, 7, 2], "uv": [8, 55]}
				]
			},
			{
				"name": "chest",
				"parent": "body",
				"pivot": [0, 17, -3],
				"rotation": [-30, 0, 0],
				"cubes": [
					{"origin": [-2.5, 16, -3], "size": [5, 1, 1], "uv": [40, 0]}
				]
			},
			{
				"name": "chest2",
				"parent": "chest",
				"pivot": [0, 16, -3],
				"rotation": [65, 0, 0],
				"cubes": [
					{"origin": [-2.5, 15, -3], "size": [5, 1, 1], "uv": [40, 2]}
				]
			},
			{
				"name": "bone61",
				"parent": "chest",
				"pivot": [-2.5, 16, -3],
				"rotation": [25, 0, 0],
				"cubes": [
					{"origin": [-2.5, 13, -3], "size": [2, 3, 0], "uv": [2, 0]}
				]
			},
			{
				"name": "bone62",
				"parent": "chest",
				"pivot": [2.5, 16, -3],
				"rotation": [25, 0, 0],
				"cubes": [
					{"origin": [0.5, 13, -3], "size": [2, 3, 0], "uv": [2, 0]}
				]
			},
			{
				"name": "jacket",
				"parent": "body",
				"pivot": [0, 18.5, 0],
				"cubes": [
					{"origin": [-3.5, 14, -3.75], "size": [7, 3, 7], "uv": [26, 53]},
					{"origin": [-2.5, 13.999, -3.749], "size": [1, 3, 1], "uv": [16, 22]},
					{"origin": [1.5, 13.999, -3.749], "size": [1, 3, 1], "uv": [16, 22]},
					{"origin": [-4.25, 13.5, -6], "size": [5, 5, 5], "uv": [33, 83], "inflate": -2},
					{"origin": [-0.75, 13.5, -6], "size": [5, 5, 5], "uv": [33, 83], "inflate": -2}
				]
			},
			{
				"name": "bone53",
				"parent": "jacket",
				"pivot": [-3.5, 17, 0],
				"rotation": [0, 0, -30],
				"cubes": [
					{"origin": [-3.5, 17, -3.75], "size": [0, 2, 6], "uv": [0, 16], "inflate": 0.01}
				]
			},
			{
				"name": "bone55",
				"parent": "bone53",
				"pivot": [-3.5, 19, 2.25],
				"rotation": [-30, 0, 0],
				"cubes": [
					{"origin": [-3.499, 17, 2.25], "size": [0, 2, 2], "uv": [12, 20], "inflate": 0.01}
				]
			},
			{
				"name": "bone57",
				"parent": "bone55",
				"pivot": [-3.5, 19, 4.25],
				"rotation": [0, -15, 0],
				"cubes": [
					{"origin": [-3.5, 16, 4.251], "size": [2, 3, 0], "uv": [2, 26], "inflate": 0.01}
				]
			},
			{
				"name": "bone60",
				"parent": "bone57",
				"pivot": [-1.5, 19, 4.25],
				"rotation": [0, 0, 25],
				"cubes": [
					{"origin": [-1.5, 16, 4.253], "size": [3, 3, 0], "uv": [6, 29], "inflate": 0.01}
				]
			},
			{
				"name": "bone54",
				"parent": "jacket",
				"pivot": [3.5, 17, 0],
				"rotation": [0, 0, 30],
				"cubes": [
					{"origin": [3.5, 17, -3.75], "size": [0, 2, 6], "uv": [0, 18], "inflate": 0.01}
				]
			},
			{
				"name": "bone56",
				"parent": "bone54",
				"pivot": [3.5, 19, 2.25],
				"rotation": [-30, 0, 0],
				"cubes": [
					{"origin": [3.499, 17, 2.25], "size": [0, 2, 2], "uv": [12, 22], "inflate": 0.01}
				]
			},
			{
				"name": "bone58",
				"parent": "bone56",
				"pivot": [3.5, 19, 4.25],
				"rotation": [0, 15, 0],
				"cubes": [
					{"origin": [1.5, 16, 4.25], "size": [2, 3, 0], "uv": [10, 26], "inflate": 0.01}
				]
			},
			{
				"name": "bone59",
				"parent": "bone58",
				"pivot": [1.5, 19, 4.25],
				"rotation": [0, 0, -32.5],
				"cubes": [
					{"origin": [-0.18678, 19.0746, 4.253], "size": [0, 1, 0], "uv": [0, 29], "inflate": 0.01}
				]
			},
			{
				"name": "bone63",
				"parent": "bone59",
				"pivot": [1.5, 19, 4.25],
				"rotation": [0, 0, 7.5],
				"cubes": [
					{"origin": [-1.5, 16, 4.252], "size": [3, 3, 0], "uv": [0, 29], "inflate": 0.01}
				]
			},
			{
				"name": "legLeft",
				"pivot": [1.75, 9, 0],
				"cubes": [
					{"origin": [0.249, 0, -1.5], "size": [3, 9, 3], "uv": [0, 37]},
					{"origin": [0.25, 0, -1.75], "size": [3, 1, 1], "uv": [0, 49]},
					{"origin": [-3.75, -1, -5.5], "size": [11, 11, 11], "uv": [0, 82], "inflate": -3.99}
				]
			},
			{
				"name": "legRight",
				"pivot": [-1.75, 9, 0],
				"cubes": [
					{"origin": [-3.249, 0, -1.5], "size": [3, 9, 3], "uv": [29, 34]},
					{"origin": [-3.25, 0, -1.75], "size": [3, 1, 1], "uv": [0, 49]},
					{"origin": [-7.25, -1, -5.5], "size": [11, 11, 11], "uv": [0, 82], "inflate": -3.99}
				]
			},
			{
				"name": "tail",
				"pivot": [0, 11, 1.5]
			},
			{
				"name": "tail2",
				"parent": "tail",
				"pivot": [0, 11, 1],
				"rotation": [-82.5, 0, 0],
				"cubes": [
					{"origin": [-0.5, 11, 1], "size": [1, 1, 2], "uv": [24, 27]}
				]
			},
			{
				"name": "tail3",
				"parent": "tail2",
				"pivot": [0, 11, 3],
				"rotation": [10, 0, 0],
				"cubes": [
					{"origin": [-0.5, 11, 3], "size": [1, 1, 2], "uv": [24, 27]}
				]
			},
			{
				"name": "tail4",
				"parent": "tail3",
				"pivot": [0, 11, 5],
				"rotation": [15, 0, 0],
				"cubes": [
					{"origin": [-0.5, 11, 5], "size": [1, 1, 2], "uv": [24, 27]}
				]
			},
			{
				"name": "tail5",
				"parent": "tail4",
				"pivot": [0, 11, 7],
				"rotation": [20, 0, 0],
				"cubes": [
					{"origin": [-0.5, 11, 7], "size": [1, 1, 1], "uv": [25, 28]}
				]
			},
			{
				"name": "tail6",
				"parent": "tail5",
				"pivot": [0, 11, 8],
				"rotation": [20, 0, 0],
				"cubes": [
					{"origin": [-0.5, 11, 8], "size": [1, 1, 1], "uv": [25, 28]}
				]
			},
			{
				"name": "tail7",
				"parent": "tail6",
				"pivot": [0, 11, 9],
				"rotation": [25, 0, 0],
				"cubes": [
					{"origin": [-0.5, 11, 9], "size": [1, 1, 1], "uv": [25, 28]}
				]
			},
			{
				"name": "tail8",
				"parent": "tail7",
				"pivot": [0, 11, 10],
				"rotation": [20, 0, 0],
				"cubes": [
					{"origin": [-0.5, 11, 10], "size": [1, 1, 2], "uv": [24, 27]}
				]
			},
			{
				"name": "tail9",
				"parent": "tail8",
				"pivot": [0, 11, 12],
				"rotation": [20, 0, 0],
				"cubes": [
					{"origin": [-0.5, 11, 12], "size": [1, 1, 2], "uv": [24, 27]}
				]
			},
			{
				"name": "tail10",
				"parent": "tail9",
				"pivot": [0, 11, 14],
				"rotation": [30, 0, 0],
				"cubes": [
					{"origin": [-0.5, 11, 14], "size": [1, 1, 2], "uv": [24, 27]}
				]
			},
			{
				"name": "tail11",
				"parent": "tail10",
				"pivot": [0, 11, 16],
				"rotation": [15, 0, 0],
				"cubes": [
					{"origin": [-0.5, 11, 16], "size": [1, 1, 3], "uv": [40, 4]},
					{"origin": [-4, 7.5, 13.5], "size": [8, 8, 8], "uv": [48, 95], "inflate": -3.45}
				]
			}
		]
	}
}