{
	"pack_name": "{chair_pack.7_year_later.name}",
	"author": ["vanli（冈崎梦美）"],
	"description": ["{chair_pack.7_year_later.desc}"],
	"icon": "7_year_later:textures/maid_icon.png",
	"date": "2020-09-07",
	"version": "0.2.1.3 (RC1)",
	"model_list": [
		{
			"model_id": "7_year_later:cement_tube",
			"description": ["{model.7_year_later.cement_tube.desc}"],
			"mounted_height": 15,
			"render_item_scale": 0.5,
			"tameable_can_ride": false,
			"animation": []
		},
		{
			"model_id": "7_year_later:old_tv_table",
			"description": ["{model.7_year_later.old_tv_table.desc}"],
			"mounted_height": 6,
			"render_item_scale": 0.8,
			"tameable_can_ride": false,
			"animation": []
		},
		{
			"model_id": "7_year_later:bed_old",
			"description": ["{model.7_year_later.bed_old.desc}"],
			"render_item_scale": 0.6,
			"mounted_height": 10,
			"animation": []
		},
		{
			"model_id": "7_year_later:cabinet_old",
			"mounted_height": 40,
			"render_item_scale": 0.5,
			"tameable_can_ride": false,
			"animation": []
		},
		{
			"model_id": "7_year_later:bed_new",
			"description": ["{model.7_year_later.bed_new.desc}"],
			"mounted_height": 10,
			"render_item_scale": 0.6,
			"animation": []
		},
		{
			"model_id": "7_year_later:heater",
			"description": ["{model.7_year_later.heater.desc}"],
			"mounted_height": 6,
			"tameable_can_ride": false,
			"animation": []
		},
		{
			"model_id": "7_year_later:cabinet_new",
			"description": ["{model.7_year_later.cabinet_new.desc}"],
			"mounted_height": 6,
			"render_item_scale": 0.6,
			"tameable_can_ride": false,
			"animation": []
		}
	]
}