{
	"pack_name": "{maid_pack.hanaya_baka.name}",
	"author": ["hanaya_baka"],
	"description": ["{maid_pack.hanaya_baka.desc.1}", "{maid_pack.hanaya_baka.desc.2}"],
	"date": "2020-11-08",
	"icon": "hanaya_baka:textures/maid_icon.png",
	"version": "1.1.4",
	"model_list": [
		{
			"model_id": "hanaya_baka:stardust",
			"description": ["{model.hanaya_baka.stardust.desc}"],
			"animation": ["touhou_little_maid:animation/maid/default/head/default.js", "touhou_little_maid:animation/maid/default/head/beg.js", "touhou_little_maid:animation/maid/default/head/music_shake.js", "touhou_little_maid:animation/maid/default/arm/default.js", "touhou_little_maid:animation/maid/default/arm/swing.js", "touhou_little_maid:animation/maid/default/leg/default.js", "touhou_little_maid:animation/maid/default/sit/default.js", "touhou_little_maid:animation/maid/default/head/blink.js"]
		},
		{
			"model_id": "hanaya_baka:cheshire",
			"description": ["{model.hanaya_baka.cheshire.desc}"],
			"animation": ["touhou_little_maid:animation/maid/default/head/default.js", "touhou_little_maid:animation/maid/default/head/beg.js", "touhou_little_maid:animation/maid/default/head/music_shake.js", "touhou_little_maid:animation/maid/default/arm/default.js", "touhou_little_maid:animation/maid/default/arm/swing.js", "touhou_little_maid:animation/maid/default/leg/default.js", "touhou_little_maid:animation/maid/default/sit/default.js", "touhou_little_maid:animation/maid/default/head/blink.js", "touhou_little_maid:animation/maid/default/armor/default.js", "touhou_little_maid:animation/base/float/default.js"]
		},
		{
			"model_id": "hanaya_baka:yukikaze",
			"description": ["{model.hanaya_baka.yukikaze.desc}"],
			"animation": ["touhou_little_maid:animation/maid/default/head/default.js", "touhou_little_maid:animation/maid/default/head/beg.js", "touhou_little_maid:animation/maid/default/head/music_shake.js", "touhou_little_maid:animation/maid/default/arm/default.js", "touhou_little_maid:animation/maid/default/arm/swing.js", "touhou_little_maid:animation/maid/default/leg/default.js", "touhou_little_maid:animation/maid/default/sit/default.js", "touhou_little_maid:animation/maid/default/head/blink.js"]
		},
		{
			"model_id": "hanaya_baka:yumi",
			"description": ["{model.hanaya_baka.yumi.desc}"],
			"animation": ["touhou_little_maid:animation/maid/default/head/default.js", "touhou_little_maid:animation/maid/default/head/beg.js", "touhou_little_maid:animation/maid/default/head/music_shake.js", "touhou_little_maid:animation/maid/default/arm/default.js", "touhou_little_maid:animation/maid/default/arm/swing.js", "touhou_little_maid:animation/maid/default/leg/default.js", "touhou_little_maid:animation/maid/default/sit/default.js", "touhou_little_maid:animation/maid/default/head/blink.js"]
		},
		{
			"model_id": "hanaya_baka:ning_hai",
			"description": ["{model.hanaya_baka.ning_hai.desc}"],
			"animation": ["touhou_little_maid:animation/maid/default/head/default.js", "touhou_little_maid:animation/maid/default/head/beg.js", "touhou_little_maid:animation/maid/default/head/music_shake.js", "touhou_little_maid:animation/maid/default/head/extra.js", "touhou_little_maid:animation/maid/default/arm/default.js", "touhou_little_maid:animation/maid/default/arm/swing.js", "touhou_little_maid:animation/maid/default/leg/default.js", "touhou_little_maid:animation/maid/default/arm/extra.js", "touhou_little_maid:animation/maid/default/sit/default.js", "touhou_little_maid:animation/maid/default/leg/extra.js", "touhou_little_maid:animation/maid/default/head/blink.js", "touhou_little_maid:animation/maid/default/sit/skirt_rotation.js", "touhou_little_maid:animation/base/float/default.js"]
		},
		{
			"model_id": "hanaya_baka:ping_hai",
			"description": ["{model.hanaya_baka.ping_hai.desc}"],
			"animation": ["touhou_little_maid:animation/maid/default/head/default.js", "touhou_little_maid:animation/maid/default/head/beg.js", "touhou_little_maid:animation/maid/default/head/music_shake.js", "touhou_little_maid:animation/maid/default/head/extra.js", "touhou_little_maid:animation/maid/default/arm/default.js", "touhou_little_maid:animation/maid/default/arm/swing.js", "touhou_little_maid:animation/maid/default/leg/default.js", "touhou_little_maid:animation/maid/default/arm/extra.js", "touhou_little_maid:animation/maid/default/sit/default.js", "touhou_little_maid:animation/maid/default/leg/extra.js", "touhou_little_maid:animation/maid/default/head/blink.js", "touhou_little_maid:animation/maid/default/sit/skirt_rotation.js", "touhou_little_maid:animation/base/float/default.js"]
		},
		{
			"model_id": "hanaya_baka:hanaya_baka",
			"description": ["{model.hanaya_baka.hanaya_baka.desc}"],
			"animation": ["touhou_little_maid:animation/maid/default/head/default.js", "touhou_little_maid:animation/maid/default/head/beg.js", "touhou_little_maid:animation/maid/default/head/music_shake.js", "touhou_little_maid:animation/maid/default/arm/default.js", "touhou_little_maid:animation/maid/default/arm/swing.js", "touhou_little_maid:animation/maid/default/leg/default.js", "touhou_little_maid:animation/maid/default/sit/default.js", "touhou_little_maid:animation/maid/default/head/blink.js"]
		},
		{
			"model_id": "hanaya_baka:cangxiaoxuan",
			"description": ["{model.hanaya_baka.cangxiaoxuan.desc}"],
			"animation": ["touhou_little_maid:animation/maid/default/head/default.js", "touhou_little_maid:animation/maid/default/head/beg.js", "touhou_little_maid:animation/maid/default/head/music_shake.js", "touhou_little_maid:animation/maid/default/arm/default.js", "touhou_little_maid:animation/maid/default/arm/swing.js", "touhou_little_maid:animation/maid/default/leg/default.js", "touhou_little_maid:animation/maid/default/sit/default.js", "touhou_little_maid:animation/maid/default/head/blink.js", "touhou_little_maid:animation/maid/default/sit/skirt_rotation.js"]
		},
		{
			"model_id": "hanaya_baka:yoyoko",
			"animation": ["touhou_little_maid:animation/maid/default/head/default.js", "touhou_little_maid:animation/maid/default/head/beg.js", "touhou_little_maid:animation/maid/default/head/music_shake.js", "touhou_little_maid:animation/maid/default/arm/default.js", "touhou_little_maid:animation/maid/default/arm/swing.js", "touhou_little_maid:animation/maid/default/leg/default.js", "touhou_little_maid:animation/maid/default/sit/default.js", "touhou_little_maid:animation/maid/default/head/blink.js"]
		},
		{
			"model_id": "hanaya_baka:redbird",
			"description": ["{model.hanaya_baka.redbird.desc}"],
			"animation": ["touhou_little_maid:animation/maid/default/head/default.js", "touhou_little_maid:animation/maid/default/head/beg.js", "touhou_little_maid:animation/maid/default/head/music_shake.js", "touhou_little_maid:animation/maid/default/arm/default.js", "touhou_little_maid:animation/maid/default/arm/swing.js", "touhou_little_maid:animation/maid/default/leg/default.js", "touhou_little_maid:animation/maid/default/sit/default.js", "touhou_little_maid:animation/maid/default/head/blink.js", "touhou_little_maid:animation/maid/default/sit/skirt_rotation.js"]
		},		
		{
			"model_id": "hanaya_baka:requiem",
			"animation": ["touhou_little_maid:animation/maid/default/head/default.js", "touhou_little_maid:animation/maid/default/head/beg.js", "touhou_little_maid:animation/maid/default/head/music_shake.js", "touhou_little_maid:animation/maid/default/arm/default.js", "touhou_little_maid:animation/maid/default/arm/swing.js", "touhou_little_maid:animation/maid/default/leg/default.js", "touhou_little_maid:animation/maid/default/sit/default.js", "touhou_little_maid:animation/maid/default/head/blink.js", "touhou_little_maid:animation/maid/default/status/sasimono.js"]
		}
	]
}