{
	"pack_name": "{chair_pack.hanaya_baka.name}",
	"author": ["hanaya_baka"],
	"date": "2020-08-24",
	"description": ["{maid_pack.hanaya_baka.desc.1}", "{maid_pack.hanaya_baka.desc.2}"],
	"icon": "hanaya_baka:textures/chair_icon.png",
	"version": "1.1.3",
	"model_list": [
		{
			"model_id": "hanaya_baka:starmoon",
			"render_item_scale": 0.5,
			"mounted_height": 32,
			"animation": ["touhou_little_maid:animation/base/rotation/y_low_speed.js", "hanaya_baka:animation/scale.js"]
		},
		{
			"model_id": "hanaya_baka:cangxuan_computer",
			"render_item_scale": 0.5,
			"mounted_height": 27,
			"no_gravity": true,
			"animation": ["touhou_little_maid:animation/base/rotation/y_normal_speed.js","hanaya_baka:animation/scale2.js"]
		}
	]
}