{
	"pack_name": "{maid_pack.gokou_ruri_maid.name}",
	"author": ["Sunny_Wind"],
	"description": ["{maid_pack.gokou_ruri_maid.desc}"],
	"date": "2020-09-02",
	"icon": "gokou_ruri_maid:textures/maid_icon.png",
	"version": "1.0.0",
	"model_list": [
		{
			"model_id": "gokou_ruri_maid:goukou_ruri_0",
			"description": ["{model.gokou_ruri_maid.goukou_ruri_0.desc}"],
			"animation": ["touhou_little_maid:animation/maid/default/head/default.js", "touhou_little_maid:animation/maid/default/head/beg.js", "touhou_little_maid:animation/maid/default/head/music_shake.js", "touhou_little_maid:animation/maid/default/arm/default.js", "touhou_little_maid:animation/maid/default/arm/swing.js", "touhou_little_maid:animation/maid/default/leg/default.js", "touhou_little_maid:animation/maid/default/sit/default.js", "touhou_little_maid:animation/maid/default/head/blink.js", "touhou_little_maid:animation/maid/default/tail/default.js", "touhou_little_maid:animation/maid/default/sit/skirt_rotation.js", "touhou_little_maid:animation/base/float/default.js"]
		}
	]
}