{
	"format_version": "1.10.0",
	"geometry.model": {
		"texturewidth": 128,
		"textureheight": 128,
		"visible_bounds_width": 5,
		"visible_bounds_height": 3,
		"visible_bounds_offset": [0, 1.5, 0],
		"bones": [
			{
				"name": "head",
				"pivot": [0, 18, 0],
				"cubes": [
					{"origin": [-4, 18, -4], "size": [8, 8, 8], "uv": [96, 48]}
				]
			},
			{
				"name": "blink",
				"parent": "head",
				"pivot": [0, 18, 0],
				"cubes": [
					{"origin": [-4, 18, -4.001], "size": [8, 8, 0], "uv": [26, 120]}
				]
			},
			{
				"name": "ahoge",
				"parent": "head",
				"pivot": [0, 18, 0]
			},
			{
				"name": "youmu_head",
				"parent": "head",
				"pivot": [0, 0, 0]
			},
			{
				"name": "bone174",
				"parent": "youmu_head",
				"pivot": [0, 0, 0],
				"rotation": [0, 0, -15],
				"cubes": [
					{"origin": [2.83152, 25.89053, -2], "size": [1, 3, 2], "uv": [6, 99]}
				]
			},
			{
				"name": "bone175",
				"parent": "youmu_head",
				"pivot": [0, 0, 0],
				"rotation": [0, 0, 15],
				"cubes": [
					{"origin": [-13.33444, 23.11384, -2], "size": [3, 1, 2], "uv": [24, 94]}
				]
			},
			{
				"name": "aya_head",
				"parent": "head",
				"pivot": [0, 0, 0]
			},
			{
				"name": "hat",
				"parent": "aya_head",
				"pivot": [0, 26, 0],
				"cubes": [
					{"origin": [0, 26.001, -0.5], "size": [4, 0, 1], "uv": [91, 93]}
				]
			},
			{
				"name": "bone176",
				"parent": "hat",
				"pivot": [0, 26, 0],
				"cubes": [
					{"origin": [-1, 26, 1.7321], "size": [2, 1, 0], "uv": [64, 71]}
				]
			},
			{
				"name": "bone177",
				"parent": "bone176",
				"pivot": [0, 26, 0],
				"rotation": [60, 0, 0],
				"cubes": [
					{"origin": [-1, 24.99996, 1.73208], "size": [2, 1, 0], "uv": [64, 71]},
					{"origin": [-0.5, 25.99996, 1.73208], "size": [1, 1, 0], "uv": [70, 64]}
				]
			},
			{
				"name": "bone178",
				"parent": "hat",
				"pivot": [0, 26, 0],
				"rotation": [0, -60, 0],
				"cubes": [
					{"origin": [-1, 26, 1.7321], "size": [2, 1, 0], "uv": [64, 71]}
				]
			},
			{
				"name": "bone179",
				"parent": "bone178",
				"pivot": [0, 26, 0],
				"rotation": [60, 0, 0],
				"cubes": [
					{"origin": [-1, 24.99996, 1.73208], "size": [2, 1, 0], "uv": [64, 71]},
					{"origin": [-0.5, 25.99996, 1.73208], "size": [1, 1, 0], "uv": [70, 64]}
				]
			},
			{
				"name": "bone180",
				"parent": "hat",
				"pivot": [0, 26, 0],
				"rotation": [0, -120, 0],
				"cubes": [
					{"origin": [-1, 26, 1.7321], "size": [2, 1, 0], "uv": [64, 71]}
				]
			},
			{
				"name": "bone181",
				"parent": "bone180",
				"pivot": [0, 26, 0],
				"rotation": [60, 0, 0],
				"cubes": [
					{"origin": [-1, 24.99996, 1.73208], "size": [2, 1, 0], "uv": [64, 71]},
					{"origin": [-0.5, 25.99996, 1.73208], "size": [1, 1, 0], "uv": [70, 64]}
				]
			},
			{
				"name": "bone182",
				"parent": "hat",
				"pivot": [0, 26, 0],
				"rotation": [0, 180, 0],
				"cubes": [
					{"origin": [-1, 26, 1.7321], "size": [2, 1, 0], "uv": [64, 71]}
				]
			},
			{
				"name": "bone183",
				"parent": "bone182",
				"pivot": [0, 26, 0],
				"rotation": [60, 0, 0],
				"cubes": [
					{"origin": [-1, 24.99996, 1.73208], "size": [2, 1, 0], "uv": [64, 71]},
					{"origin": [-0.5, 25.99996, 1.73208], "size": [1, 1, 0], "uv": [70, 64]}
				]
			},
			{
				"name": "bone184",
				"parent": "hat",
				"pivot": [0, 26, 0],
				"rotation": [0, 120, 0],
				"cubes": [
					{"origin": [-1, 26, 1.7321], "size": [2, 1, 0], "uv": [64, 71]}
				]
			},
			{
				"name": "bone185",
				"parent": "bone184",
				"pivot": [0, 26, 0],
				"rotation": [60, 0, 0],
				"cubes": [
					{"origin": [-1, 24.99996, 1.73208], "size": [2, 1, 0], "uv": [64, 71]},
					{"origin": [-0.5, 25.99996, 1.73208], "size": [1, 1, 0], "uv": [70, 64]}
				]
			},
			{
				"name": "bone186",
				"parent": "hat",
				"pivot": [0, 26, 0],
				"rotation": [0, 60, 0],
				"cubes": [
					{"origin": [-1, 26, 1.7321], "size": [2, 1, 0], "uv": [64, 71]}
				]
			},
			{
				"name": "bone187",
				"parent": "bone186",
				"pivot": [0, 26, 0],
				"rotation": [60, 0, 0],
				"cubes": [
					{"origin": [-1, 24.99996, 1.73208], "size": [2, 1, 0], "uv": [64, 71]},
					{"origin": [-0.5, 25.99996, 1.73208], "size": [1, 1, 0], "uv": [70, 64]}
				]
			},
			{
				"name": "hatLeft",
				"parent": "hat",
				"pivot": [0, 26, -0.5]
			},
			{
				"name": "bone192",
				"parent": "hatLeft",
				"pivot": [0, 26, -0.5],
				"rotation": [0, 0, 45],
				"cubes": [
					{"origin": [2.82772, 28.82913, -0.5], "size": [2, 0, 1], "uv": [64, 70]}
				]
			},
			{
				"name": "bone193",
				"parent": "hatLeft",
				"pivot": [0, 26, -0.5],
				"rotation": [0, 0, -15],
				"cubes": [
					{"origin": [3.86383, 19.23414, -1], "size": [2, 2, 2], "uv": [64, 64]},
					{"origin": [4.86383, 21.23414, -0.5], "size": [0, 2, 1], "uv": [69, 69]}
				]
			},
			{
				"name": "bone194",
				"parent": "hatLeft",
				"pivot": [1, 22, -0.5],
				"rotation": [0, 0, -20],
				"cubes": [
					{"origin": [4.86383, 15.23414, -1], "size": [2, 2, 2], "uv": [64, 64]},
					{"origin": [5.30916, 17.18904, 0], "size": [1, 2, 0], "uv": [64, 64]}
				]
			},
			{
				"name": "bone195",
				"parent": "hatLeft",
				"pivot": [2, 18, -0.5],
				"rotation": [0, 0, -25],
				"cubes": [
					{"origin": [5.86383, 11.23414, -1], "size": [2, 2, 2], "uv": [64, 64]},
					{"origin": [6.30916, 13.18904, 0], "size": [1, 2, 0], "uv": [64, 64]}
				]
			},
			{
				"name": "body",
				"pivot": [0, 0, 0],
				"cubes": [
					{"origin": [-3, 12, -3], "size": [6, 6, 6], "uv": [24, 30]},
					{"origin": [-3.999, 9, -4], "size": [8, 3, 8], "uv": [0, 16]},
					{"origin": [-5, 5, -5.001], "size": [10, 4, 10], "uv": [0, 0]},
					{"origin": [-4, 7, -2], "size": [8, 2, 4], "uv": [62, 46]},
					{"origin": [-2.5, 11.5, -2.5], "size": [5, 7, 5], "uv": [91, 94]}
				]
			},
			{
				"name": "youmu_body",
				"parent": "body",
				"pivot": [0, 0, 0]
			},
			{
				"name": "dachi",
				"parent": "youmu_body",
				"pivot": [-8, 3, 6],
				"rotation": [0, 0, 60],
				"cubes": [
					{"origin": [-9.13397, 0.76795, 5], "size": [1, 3, 1], "uv": [28, 108]}
				]
			},
			{
				"name": "bone188",
				"parent": "dachi",
				"pivot": [-8, 3, 6],
				"rotation": [0, 0, 7],
				"cubes": [
					{"origin": [-8.85775, 0.80221, 5], "size": [1, 6, 1], "uv": [2, 99]}
				]
			},
			{
				"name": "bone189",
				"parent": "dachi",
				"pivot": [-8, 3, 6],
				"rotation": [0, 0, -5],
				"cubes": [
					{"origin": [-9.07034, 3.68955, 5], "size": [1, 3, 1], "uv": [24, 108]}
				]
			},
			{
				"name": "bone190",
				"parent": "dachi",
				"pivot": [-8, 3, 6],
				"rotation": [0, 0, -10],
				"cubes": [
					{"origin": [-8.75231, 6.59448, 5], "size": [2, 3, 1], "uv": [34, 99]}
				]
			},
			{
				"name": "bone191",
				"parent": "dachi",
				"pivot": [-8, 3, 6],
				"rotation": [0, 0, -15],
				"cubes": [
					{"origin": [-8.18231, 9.46065, 5], "size": [2, 3, 1], "uv": [28, 103]}
				]
			},
			{
				"name": "bone196",
				"parent": "dachi",
				"pivot": [-8, 3, 6],
				"rotation": [0, 0, -20],
				"cubes": [
					{"origin": [-7.36468, 12.26622, 5], "size": [2, 3, 1], "uv": [28, 99]}
				]
			},
			{
				"name": "bone197",
				"parent": "dachi",
				"pivot": [-8, 3, 6],
				"rotation": [0, 0, -25],
				"cubes": [
					{"origin": [-6.30564, 14.98986, 5], "size": [2, 3, 1], "uv": [22, 103]}
				]
			},
			{
				"name": "bone198",
				"parent": "dachi",
				"pivot": [-8, 3, 6],
				"rotation": [0, 0, -30],
				"cubes": [
					{"origin": [-5.01324, 17.61084, 5], "size": [2, 3, 1], "uv": [22, 99]}
				]
			},
			{
				"name": "bone199",
				"parent": "dachi",
				"pivot": [-8, 3, 6],
				"rotation": [0, 0, -35],
				"cubes": [
					{"origin": [-3.49733, 20.1092, 5], "size": [2, 3, 1], "uv": [16, 103]}
				]
			},
			{
				"name": "bone200",
				"parent": "dachi",
				"pivot": [-8, 3, 6],
				"rotation": [0, 0, -40],
				"cubes": [
					{"origin": [-1.76944, 22.46593, 5], "size": [2, 3, 1], "uv": [16, 99]},
					{"origin": [-2.26947, 25.46593, 4.5], "size": [3, 1, 2], "uv": [24, 91]},
					{"origin": [-1.26947, 26.46593, 5], "size": [1, 5, 1], "uv": [12, 99]}
				]
			},
			{
				"name": "bone201",
				"parent": "dachi",
				"pivot": [-8, 3, 6],
				"rotation": [0, 0, -60],
				"cubes": [
					{"origin": [8.31621, 17.22584, 5], "size": [0, 8, 1], "uv": [0, 99]}
				]
			},
			{
				"name": "bone202",
				"parent": "dachi",
				"pivot": [-8, 3, 6],
				"rotation": [0, 0, -65],
				"cubes": [
					{"origin": [9.75545, 15.73833, 5], "size": [0, 3, 1], "uv": [4, 112]}
				]
			},
			{
				"name": "bone203",
				"parent": "dachi",
				"pivot": [-8, 3, 6],
				"rotation": [0, 0, -55],
				"cubes": [
					{"origin": [6.75279, 18.58226, 5], "size": [0, 3, 1], "uv": [50, 108]}
				]
			},
			{
				"name": "bone204",
				"parent": "dachi",
				"pivot": [-8, 3, 6],
				"rotation": [0, 0, -50],
				"cubes": [
					{"origin": [5.07711, 19.79725, 5], "size": [0, 3, 1], "uv": [48, 108]}
				]
			},
			{
				"name": "bone205",
				"parent": "dachi",
				"pivot": [-8, 3, 6],
				"rotation": [0, 0, -45],
				"cubes": [
					{"origin": [3.30191, 20.86157, 5], "size": [0, 3, 1], "uv": [46, 108]}
				]
			},
			{
				"name": "bone206",
				"parent": "dachi",
				"pivot": [-8, 3, 6],
				"rotation": [0, 0, -40],
				"cubes": [
					{"origin": [1.4407, 21.76713, 5], "size": [0, 3, 1], "uv": [44, 108]}
				]
			},
			{
				"name": "bone207",
				"parent": "dachi",
				"pivot": [-8, 3, 6],
				"rotation": [0, 0, -70],
				"cubes": [
					{"origin": [11.05958, 14.13104, 5], "size": [0, 3, 1], "uv": [2, 112]}
				]
			},
			{
				"name": "bone208",
				"parent": "dachi",
				"pivot": [-8, 3, 6],
				"rotation": [0, 0, -75],
				"cubes": [
					{"origin": [12.21866, 12.4162, 5], "size": [0, 3, 1], "uv": [0, 112]}
				]
			},
			{
				"name": "bone209",
				"parent": "dachi",
				"pivot": [-8, 3, 6],
				"rotation": [0, 0, -80],
				"cubes": [
					{"origin": [13.22387, 10.60687, 5], "size": [0, 3, 1], "uv": [52, 108]}
				]
			},
			{
				"name": "katana",
				"parent": "youmu_body",
				"pivot": [-4, 11, 0],
				"rotation": [-10, 0, 0],
				"cubes": [
					{"origin": [-5, 11, 6], "size": [1, 1, 5], "uv": [12, 81]},
					{"origin": [-5, 10, -4], "size": [1, 2, 10], "uv": [24, 46]},
					{"origin": [-5.5, 9.5, -5.001], "size": [2, 3, 1], "uv": [0, 108]},
					{"origin": [-5, 10.5, -8], "size": [1, 1, 3], "uv": [34, 95]}
				]
			},
			{
				"name": "bone210",
				"parent": "katana",
				"pivot": [0, 0, 0],
				"rotation": [11, 0, 0],
				"cubes": [
					{"origin": [-5, 8.67142, 7.79785], "size": [1, 1, 5], "uv": [0, 81]}
				]
			},
			{
				"name": "bone211",
				"parent": "youmu_body",
				"pivot": [0, 16.5, -3],
				"rotation": [0, 0, -15],
				"cubes": [
					{"origin": [-2, 16.5, -3.5], "size": [2, 2, 1], "uv": [12, 108]}
				]
			},
			{
				"name": "bone212",
				"parent": "youmu_body",
				"pivot": [0, 16.5, -3],
				"rotation": [0, 0, 15],
				"cubes": [
					{"origin": [-1, 14.5, -3.5], "size": [1, 2, 1], "uv": [32, 108]}
				]
			},
			{
				"name": "aya_body",
				"parent": "body",
				"pivot": [0, 0, 0]
			},
			{
				"name": "bone213",
				"parent": "aya_body",
				"pivot": [0, 17, 0],
				"rotation": [0, 0, 65],
				"cubes": [
					{"origin": [0, 17, -3.5], "size": [1, 3, 1], "uv": [82, 99]}
				]
			},
			{
				"name": "bone214",
				"parent": "aya_body",
				"pivot": [0, 14, 0],
				"rotation": [0, 0, -10],
				"cubes": [
					{"origin": [0, 11, -3.001], "size": [3, 3, 6], "uv": [64, 105]}
				]
			},
			{
				"name": "decoration2",
				"parent": "aya_body",
				"pivot": [0, 10.5, 0]
			},
			{
				"name": "bone216",
				"parent": "decoration2",
				"pivot": [0, 17, 0],
				"rotation": [0, 0, -53],
				"cubes": [
					{"origin": [-0.9499, 14.5513, -3.75], "size": [2, 4, 2], "uv": [96, 48], "inflate": -0.5},
					{"origin": [-1.4499, 14.5513, -3.75], "size": [2, 2, 2], "uv": [96, 50], "inflate": -0.5}
				]
			},
			{
				"name": "bone218",
				"parent": "decoration2",
				"pivot": [0, 17, 0],
				"rotation": [0, 0, -40],
				"cubes": [
					{"origin": [-1.5, 14.5, -3.75], "size": [2, 8, 2], "uv": [96, 45], "inflate": -0.5}
				]
			},
			{
				"name": "bone220",
				"parent": "decoration2",
				"pivot": [0, 17, 0],
				"rotation": [0, 0, -5],
				"cubes": [
					{"origin": [-1, 13.5, -3.75], "size": [2, 12, 2], "uv": [96, 42], "inflate": -0.5}
				]
			},
			{
				"name": "sinFloat",
				"pivot": [0, 15, 16],
				"rotation": [0, 90, 0],
				"cubes": [
					{"origin": [-3, 12, 18], "size": [6, 6, 6], "uv": [0, 46]},
					{"origin": [-4, 11, 19], "size": [8, 8, 4], "uv": [48, 30]},
					{"origin": [-2, 11, 17], "size": [4, 8, 8], "uv": [0, 30]},
					{"origin": [-4, 13, 17], "size": [8, 4, 8], "uv": [72, 0]},
					{"origin": [-2, 10, 19], "size": [4, 10, 4], "uv": [46, 46]},
					{"origin": [-2, 13, 16], "size": [4, 4, 10], "uv": [32, 16]},
					{"origin": [4, 13, 19], "size": [1, 4, 4], "uv": [54, 120]},
					{"origin": [-10, 14, 14], "size": [1, 2, 4], "uv": [0, 91]},
					{"origin": [-7, 14, 9], "size": [1, 1, 3], "uv": [34, 91]},
					{"origin": [-6, 14, 8], "size": [2, 1, 1], "uv": [18, 110]},
					{"origin": [-6, 14, 9], "size": [1, 1, 1], "uv": [40, 108]},
					{"origin": [-4, 14, 7], "size": [2, 1, 1], "uv": [18, 108]},
					{"origin": [-2, 14, 6], "size": [4, 1, 1], "uv": [24, 97]}
				]
			},
			{
				"name": "group1",
				"parent": "sinFloat",
				"pivot": [-1, -10, -13],
				"cubes": [
					{"origin": [-6, 13, 19], "size": [2, 4, 4], "uv": [26, 72]},
					{"origin": [-6, 14, 18], "size": [2, 2, 6], "uv": [18, 60]},
					{"origin": [-6, 12, 20], "size": [2, 6, 2], "uv": [10, 91]}
				]
			},
			{
				"name": "group3",
				"parent": "sinFloat",
				"pivot": [-1, -10, -13],
				"cubes": [
					{"origin": [-7, 13, 18], "size": [1, 4, 4], "uv": [38, 72]},
					{"origin": [-7, 14, 17], "size": [1, 2, 6], "uv": [0, 72]},
					{"origin": [-7, 12, 19], "size": [1, 6, 2], "uv": [18, 91]}
				]
			},
			{
				"name": "group2",
				"parent": "sinFloat",
				"pivot": [-1, -10, -13],
				"cubes": [
					{"origin": [-8, 14, 10], "size": [1, 2, 12], "uv": [60, 16]},
					{"origin": [-8, 13, 17], "size": [1, 4, 4], "uv": [48, 72]}
				]
			},
			{
				"name": "group4",
				"parent": "sinFloat",
				"pivot": [-1, -10, -13],
				"cubes": [
					{"origin": [-9, 14, 12], "size": [1, 2, 8], "uv": [0, 60]},
					{"origin": [-9, 13, 14], "size": [1, 4, 5], "uv": [14, 72]}
				]
			},
			{
				"name": "chestPlateLeft",
				"pivot": [2, 15, 3]
			},
			{
				"name": "wingLeft",
				"parent": "chestPlateLeft",
				"pivot": [2, 15, 3],
				"rotation": [0, 60, 0]
			},
			{
				"name": "wingLayer4",
				"parent": "wingLeft",
				"pivot": [3, 16, 3],
				"cubes": [
					{"origin": [2, 13, 3], "size": [1, 3, 1], "uv": [64, 99]}
				]
			},
			{
				"name": "bone108",
				"parent": "wingLayer4",
				"pivot": [2, 5, 0],
				"rotation": [5, 0, 0],
				"cubes": [
					{"origin": [2, 12.60952, 4.94349], "size": [1, 3, 1], "uv": [92, 94]}
				]
			},
			{
				"name": "bone109",
				"parent": "wingLayer4",
				"pivot": [2, 5, 0],
				"rotation": [15, 0, 0],
				"cubes": [
					{"origin": [2, 11.41626, 7.69552], "size": [1, 3, 1], "uv": [88, 94]}
				]
			},
			{
				"name": "bone110",
				"parent": "wingLayer4",
				"pivot": [2, 5, 0],
				"rotation": [30, 0, 0],
				"cubes": [
					{"origin": [2, 7.84484, 10.83634], "size": [1, 4, 1], "uv": [78, 121]}
				]
			},
			{
				"name": "bone111",
				"parent": "wingLayer4",
				"pivot": [2, 5, 0],
				"rotation": [40, 0, 0],
				"cubes": [
					{"origin": [2, 5.6855, 12.84511], "size": [1, 4, 1], "uv": [74, 121]}
				]
			},
			{
				"name": "bone112",
				"parent": "wingLayer4",
				"pivot": [2, 5, 0],
				"rotation": [50, 0, 0],
				"cubes": [
					{"origin": [2, 3.21013, 14.4484], "size": [1, 4, 1], "uv": [70, 121]}
				]
			},
			{
				"name": "bone113",
				"parent": "wingLayer4",
				"pivot": [2, 5, 0],
				"rotation": [60, 0, 0],
				"cubes": [
					{"origin": [2, -0.50603, 15.59749], "size": [1, 5, 1], "uv": [119, 96]}
				]
			},
			{
				"name": "bone114",
				"parent": "wingLayer4",
				"pivot": [2, 5, 0],
				"rotation": [65, 0, 0],
				"cubes": [
					{"origin": [2, -1.95067, 16.49023], "size": [1, 5, 1], "uv": [119, 76]}
				]
			},
			{
				"name": "bone115",
				"parent": "wingLayer4",
				"pivot": [2, 5, 0],
				"rotation": [70, 0, 0],
				"cubes": [
					{"origin": [2, -3.46762, 17.25366], "size": [1, 5, 1], "uv": [118, 109]}
				]
			},
			{
				"name": "bone116",
				"parent": "wingLayer4",
				"pivot": [2, 5, 0],
				"rotation": [75, 0, 0],
				"cubes": [
					{"origin": [2, -6.04534, 17.88198], "size": [1, 6, 1], "uv": [90, 114]}
				]
			},
			{
				"name": "bone117",
				"parent": "wingLayer4",
				"pivot": [2, 5, 0],
				"rotation": [80, 0, 0],
				"cubes": [
					{"origin": [2, -7.67181, 18.37039], "size": [1, 6, 1], "uv": [86, 114]}
				]
			},
			{
				"name": "bone118",
				"parent": "wingLayer4",
				"pivot": [2, 5, 0],
				"rotation": [100, 0, 0],
				"cubes": [
					{"origin": [2, -13.89452, 14.92032], "size": [1, 6, 1], "uv": [82, 114]}
				]
			},
			{
				"name": "wingLayer5",
				"parent": "wingLeft",
				"pivot": [3, 15, 3],
				"rotation": [-5, 0, 0],
				"cubes": [
					{"origin": [1.5, 11, 3], "size": [1, 4, 1], "uv": [120, 102]}
				]
			},
			{
				"name": "bone119",
				"parent": "wingLayer5",
				"pivot": [2, 3.74118, 0.03407],
				"rotation": [5, 0, 0],
				"cubes": [
					{"origin": [1.5, 10.6115, 4.96618], "size": [1, 4, 1], "uv": [114, 120]}
				]
			},
			{
				"name": "bone120",
				"parent": "wingLayer5",
				"pivot": [2, 3.74118, 0.03407],
				"rotation": [15, 0, 0],
				"cubes": [
					{"origin": [1.5, 8.9163, 7.76367], "size": [1, 4, 1], "uv": [110, 120]}
				]
			},
			{
				"name": "bone121",
				"parent": "wingLayer5",
				"pivot": [2, 3.74118, 0.03407],
				"rotation": [30, 0, 0],
				"cubes": [
					{"origin": [1.5, 5.8272, 10.97031], "size": [1, 5, 1], "uv": [118, 90]}
				]
			},
			{
				"name": "bone122",
				"parent": "wingLayer5",
				"pivot": [2, 3.74118, 0.03407],
				"rotation": [35, 0, 0],
				"cubes": [
					{"origin": [1.5, 4.75993, 12.54248], "size": [1, 5, 1], "uv": [118, 84]}
				]
			},
			{
				"name": "bone123",
				"parent": "wingLayer5",
				"pivot": [2, 3.74118, 0.03407],
				"rotation": [40, 0, 0],
				"cubes": [
					{"origin": [1.5, 3.55969, 14.01564], "size": [1, 5, 1], "uv": [118, 118]}
				]
			},
			{
				"name": "bone124",
				"parent": "wingLayer5",
				"pivot": [2, 3.74118, 0.03407],
				"rotation": [45, 0, 0],
				"cubes": [
					{"origin": [1.5, 2.23562, 15.37859], "size": [1, 5, 1], "uv": [106, 118]}
				]
			},
			{
				"name": "bone125",
				"parent": "wingLayer5",
				"pivot": [2, 3.74118, 0.03407],
				"rotation": [50, 0, 0],
				"cubes": [
					{"origin": [1.5, 0.79781, 16.62096], "size": [1, 5, 1], "uv": [102, 118]}
				]
			},
			{
				"name": "bone126",
				"parent": "wingLayer5",
				"pivot": [2, 3.74118, 0.03407],
				"rotation": [55, 0, 0],
				"cubes": [
					{"origin": [1.5, -0.74282, 17.73328], "size": [1, 5, 1], "uv": [98, 118]}
				]
			},
			{
				"name": "bone127",
				"parent": "wingLayer5",
				"pivot": [2, 3.74118, 0.03407],
				"rotation": [60, 0, 0],
				"cubes": [
					{"origin": [1.5, -2.8745, 18.7071], "size": [1, 5, 1], "uv": [117, 70]}
				]
			},
			{
				"name": "bone128",
				"parent": "wingLayer5",
				"pivot": [2, 3.74118, 0.03407],
				"rotation": [70, 0, 0],
				"cubes": [
					{"origin": [1.5, -6.77376, 19.21448], "size": [1, 6, 1], "uv": [78, 114]}
				]
			},
			{
				"name": "bone129",
				"parent": "wingLayer5",
				"pivot": [2, 3.74118, 0.03407],
				"rotation": [75, 0, 0],
				"cubes": [
					{"origin": [1.5, -8.51541, 19.74419], "size": [1, 6, 1], "uv": [74, 114]}
				]
			},
			{
				"name": "bone130",
				"parent": "wingLayer5",
				"pivot": [2, 3.74118, 0.03407],
				"rotation": [80, 0, 0],
				"cubes": [
					{"origin": [1.5, -10.29661, 20.12008], "size": [1, 6, 1], "uv": [70, 114]}
				]
			},
			{
				"name": "bone131",
				"parent": "wingLayer5",
				"pivot": [2, 3.74118, 0.03407],
				"rotation": [83, 0, 0],
				"cubes": [
					{"origin": [1.5, -11.38915, 20.67052], "size": [1, 6, 1], "uv": [113, 72]}
				]
			},
			{
				"name": "bone132",
				"parent": "wingLayer5",
				"pivot": [2, 3.74118, 0.03407],
				"rotation": [95, 0, 0],
				"cubes": [
					{"origin": [1.5, -15.48019, 18.32126], "size": [1, 6, 1], "uv": [113, 64]}
				]
			},
			{
				"name": "bone133",
				"parent": "wingLayer5",
				"pivot": [2, 3.74118, 0.03407],
				"rotation": [110, 0, 0],
				"cubes": [
					{"origin": [1.5, -20.02157, 14.24212], "size": [1, 6, 1], "uv": [109, 72]}
				]
			},
			{
				"name": "wingLayer6",
				"parent": "wingLeft",
				"pivot": [2, 14, 3],
				"rotation": [-15, 0, 0],
				"cubes": [
					{"origin": [1, 10, 3], "size": [1, 4, 1], "uv": [93, 120]}
				]
			},
			{
				"name": "bone134",
				"parent": "wingLayer6",
				"pivot": [1, 2.74118, 0.03407],
				"rotation": [5, 0, 0],
				"cubes": [
					{"origin": [1, 9.6115, 4.96618], "size": [1, 4, 1], "uv": [95, 84]}
				]
			},
			{
				"name": "bone135",
				"parent": "wingLayer6",
				"pivot": [1, 2.74118, 0.03407],
				"rotation": [15, 0, 0],
				"cubes": [
					{"origin": [1, 7.9163, 7.76367], "size": [1, 4, 1], "uv": [91, 84]}
				]
			},
			{
				"name": "bone136",
				"parent": "wingLayer6",
				"pivot": [1, 2.74118, 0.03407],
				"rotation": [25, 0, 0],
				"cubes": [
					{"origin": [1, 5.7534, 10.31111], "size": [1, 5, 1], "uv": [117, 64]}
				]
			},
			{
				"name": "bone137",
				"parent": "wingLayer6",
				"pivot": [1, 2.74118, 0.03407],
				"rotation": [30, 0, 0],
				"cubes": [
					{"origin": [1, 4.74005, 11.9665], "size": [1, 5, 1], "uv": [115, 97]}
				]
			},
			{
				"name": "bone138",
				"parent": "wingLayer6",
				"pivot": [1, 2.74118, 0.03407],
				"rotation": [35, 0, 0],
				"cubes": [
					{"origin": [1, 3.58628, 13.52728], "size": [1, 5, 1], "uv": [115, 79]}
				]
			},
			{
				"name": "bone139",
				"parent": "wingLayer6",
				"pivot": [1, 2.74118, 0.03407],
				"rotation": [40, 0, 0],
				"cubes": [
					{"origin": [1, 2.30087, 14.98157], "size": [1, 5, 1], "uv": [94, 114]}
				]
			},
			{
				"name": "bone140",
				"parent": "wingLayer6",
				"pivot": [1, 2.74118, 0.03407],
				"rotation": [45, 0, 0],
				"cubes": [
					{"origin": [1, 0.8936, 16.31829], "size": [1, 5, 1], "uv": [112, 84]}
				]
			},
			{
				"name": "bone141",
				"parent": "wingLayer6",
				"pivot": [1, 2.74118, 0.03407],
				"rotation": [50, 0, 0],
				"cubes": [
					{"origin": [1, -0.62481, 17.52727], "size": [1, 5, 1], "uv": [111, 97]}
				]
			},
			{
				"name": "bone142",
				"parent": "wingLayer6",
				"pivot": [1, 2.74118, 0.03407],
				"rotation": [55, 0, 0],
				"cubes": [
					{"origin": [1, -2.24282, 18.59931], "size": [1, 5, 1], "uv": [76, 105]}
				]
			},
			{
				"name": "bone143",
				"parent": "wingLayer6",
				"pivot": [1, 2.74118, 0.03407],
				"rotation": [60, 0, 0],
				"cubes": [
					{"origin": [1, -4.4481, 19.52625], "size": [1, 5, 1], "uv": [64, 105]}
				]
			},
			{
				"name": "bone144",
				"parent": "wingLayer6",
				"pivot": [1, 2.74118, 0.03407],
				"rotation": [65, 0, 0],
				"cubes": [
					{"origin": [1, -6.72768, 20.30104], "size": [1, 6, 1], "uv": [109, 64]}
				]
			},
			{
				"name": "bone145",
				"parent": "wingLayer6",
				"pivot": [1, 2.74118, 0.03407],
				"rotation": [70, 0, 0],
				"cubes": [
					{"origin": [1, -8.56802, 20.91778], "size": [1, 6, 1], "uv": [86, 99]}
				]
			},
			{
				"name": "bone146",
				"parent": "wingLayer6",
				"pivot": [1, 2.74118, 0.03407],
				"rotation": [75, 0, 0],
				"cubes": [
					{"origin": [1, -10.45511, 21.37178], "size": [1, 6, 1], "uv": [68, 90]}
				]
			},
			{
				"name": "bone147",
				"parent": "wingLayer6",
				"pivot": [1, 2.74118, 0.03407],
				"rotation": [85, 0, 0],
				"cubes": [
					{"origin": [1, -14.22468, 20.7828], "size": [1, 6, 1], "uv": [64, 90]}
				]
			},
			{
				"name": "bone148",
				"parent": "wingLayer6",
				"pivot": [1, 2.74118, 0.03407],
				"rotation": [95, 0, 0],
				"cubes": [
					{"origin": [1, -18.5347, 19.54818], "size": [1, 6, 1], "uv": [88, 64]}
				]
			},
			{
				"name": "bone149",
				"parent": "wingLayer6",
				"pivot": [1, 2.74118, 0.03407],
				"rotation": [110, 0, 0],
				"cubes": [
					{"origin": [1, -23.64749, 15.07666], "size": [1, 7, 2], "uv": [64, 114]}
				]
			},
			{
				"name": "bone150",
				"parent": "wingLayer6",
				"pivot": [1, 2.74118, 0.03407],
				"rotation": [125, 0, 0],
				"cubes": [
					{"origin": [1, -27.39779, 10.47779], "size": [1, 7, 2], "uv": [64, 80]}
				]
			},
			{
				"name": "chestPlateRight",
				"pivot": [-2, 15, 3]
			},
			{
				"name": "wingRight",
				"parent": "chestPlateRight",
				"pivot": [-2, 15, 3],
				"rotation": [0, -60, 0]
			},
			{
				"name": "wingLayer1",
				"parent": "wingRight",
				"pivot": [-3, 16, 3],
				"cubes": [
					{"origin": [-3, 13, 3], "size": [1, 3, 1], "uv": [64, 99], "mirror": true}
				]
			},
			{
				"name": "bone24",
				"parent": "wingLayer1",
				"pivot": [-2, 5, 0],
				"rotation": [5, 0, 0],
				"cubes": [
					{"origin": [-3, 12.60952, 4.94349], "size": [1, 3, 1], "uv": [92, 94], "mirror": true}
				]
			},
			{
				"name": "bone25",
				"parent": "wingLayer1",
				"pivot": [-2, 5, 0],
				"rotation": [15, 0, 0],
				"cubes": [
					{"origin": [-3, 11.41626, 7.69552], "size": [1, 3, 1], "uv": [88, 94], "mirror": true}
				]
			},
			{
				"name": "bone26",
				"parent": "wingLayer1",
				"pivot": [-2, 5, 0],
				"rotation": [30, 0, 0],
				"cubes": [
					{"origin": [-3, 7.84484, 10.83634], "size": [1, 4, 1], "uv": [78, 121], "mirror": true}
				]
			},
			{
				"name": "bone27",
				"parent": "wingLayer1",
				"pivot": [-2, 5, 0],
				"rotation": [40, 0, 0],
				"cubes": [
					{"origin": [-3, 5.6855, 12.84511], "size": [1, 4, 1], "uv": [74, 121], "mirror": true}
				]
			},
			{
				"name": "bone28",
				"parent": "wingLayer1",
				"pivot": [-2, 5, 0],
				"rotation": [50, 0, 0],
				"cubes": [
					{"origin": [-3, 3.21013, 14.4484], "size": [1, 4, 1], "uv": [70, 121], "mirror": true}
				]
			},
			{
				"name": "bone29",
				"parent": "wingLayer1",
				"pivot": [-2, 5, 0],
				"rotation": [60, 0, 0],
				"cubes": [
					{"origin": [-3, -0.50603, 15.59749], "size": [1, 5, 1], "uv": [119, 96], "mirror": true}
				]
			},
			{
				"name": "bone30",
				"parent": "wingLayer1",
				"pivot": [-2, 5, 0],
				"rotation": [65, 0, 0],
				"cubes": [
					{"origin": [-3, -1.95067, 16.49023], "size": [1, 5, 1], "uv": [119, 76], "mirror": true}
				]
			},
			{
				"name": "bone31",
				"parent": "wingLayer1",
				"pivot": [-2, 5, 0],
				"rotation": [70, 0, 0],
				"cubes": [
					{"origin": [-3, -3.46762, 17.25366], "size": [1, 5, 1], "uv": [118, 109], "mirror": true}
				]
			},
			{
				"name": "bone32",
				"parent": "wingLayer1",
				"pivot": [-2, 5, 0],
				"rotation": [75, 0, 0],
				"cubes": [
					{"origin": [-3, -6.04534, 17.88198], "size": [1, 6, 1], "uv": [90, 114], "mirror": true}
				]
			},
			{
				"name": "bone33",
				"parent": "wingLayer1",
				"pivot": [-2, 5, 0],
				"rotation": [80, 0, 0],
				"cubes": [
					{"origin": [-3, -7.67181, 18.37039], "size": [1, 6, 1], "uv": [86, 114], "mirror": true}
				]
			},
			{
				"name": "bone34",
				"parent": "wingLayer1",
				"pivot": [-2, 5, 0],
				"rotation": [100, 0, 0],
				"cubes": [
					{"origin": [-3, -13.89452, 14.92032], "size": [1, 6, 1], "uv": [82, 114], "mirror": true}
				]
			},
			{
				"name": "wingLayer2",
				"parent": "wingRight",
				"pivot": [-3, 15, 3],
				"rotation": [-5, 0, 0],
				"cubes": [
					{"origin": [-2.5, 11, 3], "size": [1, 4, 1], "uv": [120, 102], "mirror": true}
				]
			},
			{
				"name": "bone35",
				"parent": "wingLayer2",
				"pivot": [-2, 3.74118, 0.03407],
				"rotation": [5, 0, 0],
				"cubes": [
					{"origin": [-2.5, 10.6115, 4.96618], "size": [1, 4, 1], "uv": [114, 120], "mirror": true}
				]
			},
			{
				"name": "bone36",
				"parent": "wingLayer2",
				"pivot": [-2, 3.74118, 0.03407],
				"rotation": [15, 0, 0],
				"cubes": [
					{"origin": [-2.5, 8.9163, 7.76367], "size": [1, 4, 1], "uv": [110, 120], "mirror": true}
				]
			},
			{
				"name": "bone37",
				"parent": "wingLayer2",
				"pivot": [-2, 3.74118, 0.03407],
				"rotation": [30, 0, 0],
				"cubes": [
					{"origin": [-2.5, 5.8272, 10.97031], "size": [1, 5, 1], "uv": [118, 90], "mirror": true}
				]
			},
			{
				"name": "bone38",
				"parent": "wingLayer2",
				"pivot": [-2, 3.74118, 0.03407],
				"rotation": [35, 0, 0],
				"cubes": [
					{"origin": [-2.5, 4.75993, 12.54248], "size": [1, 5, 1], "uv": [118, 84], "mirror": true}
				]
			},
			{
				"name": "bone39",
				"parent": "wingLayer2",
				"pivot": [-2, 3.74118, 0.03407],
				"rotation": [40, 0, 0],
				"cubes": [
					{"origin": [-2.5, 3.55969, 14.01564], "size": [1, 5, 1], "uv": [118, 118], "mirror": true}
				]
			},
			{
				"name": "bone40",
				"parent": "wingLayer2",
				"pivot": [-2, 3.74118, 0.03407],
				"rotation": [45, 0, 0],
				"cubes": [
					{"origin": [-2.5, 2.23562, 15.37859], "size": [1, 5, 1], "uv": [106, 118], "mirror": true}
				]
			},
			{
				"name": "bone41",
				"parent": "wingLayer2",
				"pivot": [-2, 3.74118, 0.03407],
				"rotation": [50, 0, 0],
				"cubes": [
					{"origin": [-2.5, 0.79781, 16.62096], "size": [1, 5, 1], "uv": [102, 118], "mirror": true}
				]
			},
			{
				"name": "bone42",
				"parent": "wingLayer2",
				"pivot": [-2, 3.74118, 0.03407],
				"rotation": [55, 0, 0],
				"cubes": [
					{"origin": [-2.5, -0.74282, 17.73328], "size": [1, 5, 1], "uv": [98, 118], "mirror": true}
				]
			},
			{
				"name": "bone43",
				"parent": "wingLayer2",
				"pivot": [-2, 3.74118, 0.03407],
				"rotation": [60, 0, 0],
				"cubes": [
					{"origin": [-2.5, -2.8745, 18.7071], "size": [1, 5, 1], "uv": [117, 70], "mirror": true}
				]
			},
			{
				"name": "bone44",
				"parent": "wingLayer2",
				"pivot": [-2, 3.74118, 0.03407],
				"rotation": [70, 0, 0],
				"cubes": [
					{"origin": [-2.5, -6.77376, 19.21448], "size": [1, 6, 1], "uv": [78, 114], "mirror": true}
				]
			},
			{
				"name": "bone45",
				"parent": "wingLayer2",
				"pivot": [-2, 3.74118, 0.03407],
				"rotation": [75, 0, 0],
				"cubes": [
					{"origin": [-2.5, -8.51541, 19.74419], "size": [1, 6, 1], "uv": [74, 114], "mirror": true}
				]
			},
			{
				"name": "bone46",
				"parent": "wingLayer2",
				"pivot": [-2, 3.74118, 0.03407],
				"rotation": [80, 0, 0],
				"cubes": [
					{"origin": [-2.5, -10.29661, 20.12008], "size": [1, 6, 1], "uv": [70, 114], "mirror": true}
				]
			},
			{
				"name": "bone47",
				"parent": "wingLayer2",
				"pivot": [-2, 3.74118, 0.03407],
				"rotation": [83, 0, 0],
				"cubes": [
					{"origin": [-2.5, -11.38915, 20.67052], "size": [1, 6, 1], "uv": [113, 72], "mirror": true}
				]
			},
			{
				"name": "bone48",
				"parent": "wingLayer2",
				"pivot": [-2, 3.74118, 0.03407],
				"rotation": [95, 0, 0],
				"cubes": [
					{"origin": [-2.5, -15.48019, 18.32126], "size": [1, 6, 1], "uv": [113, 64], "mirror": true}
				]
			},
			{
				"name": "bone49",
				"parent": "wingLayer2",
				"pivot": [-2, 3.74118, 0.03407],
				"rotation": [110, 0, 0],
				"cubes": [
					{"origin": [-2.5, -20.02157, 14.24212], "size": [1, 6, 1], "uv": [109, 72], "mirror": true}
				]
			},
			{
				"name": "wingLayer3",
				"parent": "wingRight",
				"pivot": [-2, 14, 3],
				"rotation": [-15, 0, 0],
				"cubes": [
					{"origin": [-2, 10, 3], "size": [1, 4, 1], "uv": [93, 120], "mirror": true}
				]
			},
			{
				"name": "bone50",
				"parent": "wingLayer3",
				"pivot": [-1, 2.74118, 0.03407],
				"rotation": [5, 0, 0],
				"cubes": [
					{"origin": [-2, 9.6115, 4.96618], "size": [1, 4, 1], "uv": [95, 84], "mirror": true}
				]
			},
			{
				"name": "bone51",
				"parent": "wingLayer3",
				"pivot": [-1, 2.74118, 0.03407],
				"rotation": [15, 0, 0],
				"cubes": [
					{"origin": [-2, 7.9163, 7.76367], "size": [1, 4, 1], "uv": [91, 84], "mirror": true}
				]
			},
			{
				"name": "bone52",
				"parent": "wingLayer3",
				"pivot": [-1, 2.74118, 0.03407],
				"rotation": [25, 0, 0],
				"cubes": [
					{"origin": [-2, 5.7534, 10.31111], "size": [1, 5, 1], "uv": [117, 64], "mirror": true}
				]
			},
			{
				"name": "bone53",
				"parent": "wingLayer3",
				"pivot": [-1, 2.74118, 0.03407],
				"rotation": [30, 0, 0],
				"cubes": [
					{"origin": [-2, 4.74005, 11.9665], "size": [1, 5, 1], "uv": [115, 97], "mirror": true}
				]
			},
			{
				"name": "bone54",
				"parent": "wingLayer3",
				"pivot": [-1, 2.74118, 0.03407],
				"rotation": [35, 0, 0],
				"cubes": [
					{"origin": [-2, 3.58628, 13.52728], "size": [1, 5, 1], "uv": [115, 79], "mirror": true}
				]
			},
			{
				"name": "bone55",
				"parent": "wingLayer3",
				"pivot": [-1, 2.74118, 0.03407],
				"rotation": [40, 0, 0],
				"cubes": [
					{"origin": [-2, 2.30087, 14.98157], "size": [1, 5, 1], "uv": [94, 114], "mirror": true}
				]
			},
			{
				"name": "bone56",
				"parent": "wingLayer3",
				"pivot": [-1, 2.74118, 0.03407],
				"rotation": [45, 0, 0],
				"cubes": [
					{"origin": [-2, 0.8936, 16.31829], "size": [1, 5, 1], "uv": [112, 84], "mirror": true}
				]
			},
			{
				"name": "bone57",
				"parent": "wingLayer3",
				"pivot": [-1, 2.74118, 0.03407],
				"rotation": [50, 0, 0],
				"cubes": [
					{"origin": [-2, -0.62481, 17.52727], "size": [1, 5, 1], "uv": [111, 97], "mirror": true}
				]
			},
			{
				"name": "bone58",
				"parent": "wingLayer3",
				"pivot": [-1, 2.74118, 0.03407],
				"rotation": [55, 0, 0],
				"cubes": [
					{"origin": [-2, -2.24282, 18.59931], "size": [1, 5, 1], "uv": [76, 105], "mirror": true}
				]
			},
			{
				"name": "bone59",
				"parent": "wingLayer3",
				"pivot": [-1, 2.74118, 0.03407],
				"rotation": [60, 0, 0],
				"cubes": [
					{"origin": [-2, -4.4481, 19.52625], "size": [1, 5, 1], "uv": [64, 105], "mirror": true}
				]
			},
			{
				"name": "bone60",
				"parent": "wingLayer3",
				"pivot": [-1, 2.74118, 0.03407],
				"rotation": [65, 0, 0],
				"cubes": [
					{"origin": [-2, -6.72768, 20.30104], "size": [1, 6, 1], "uv": [109, 64], "mirror": true}
				]
			},
			{
				"name": "bone61",
				"parent": "wingLayer3",
				"pivot": [-1, 2.74118, 0.03407],
				"rotation": [70, 0, 0],
				"cubes": [
					{"origin": [-2, -8.56802, 20.91778], "size": [1, 6, 1], "uv": [86, 99], "mirror": true}
				]
			},
			{
				"name": "bone62",
				"parent": "wingLayer3",
				"pivot": [-1, 2.74118, 0.03407],
				"rotation": [75, 0, 0],
				"cubes": [
					{"origin": [-2, -10.45511, 21.37178], "size": [1, 6, 1], "uv": [68, 90], "mirror": true}
				]
			},
			{
				"name": "bone63",
				"parent": "wingLayer3",
				"pivot": [-1, 2.74118, 0.03407],
				"rotation": [85, 0, 0],
				"cubes": [
					{"origin": [-2, -14.22468, 20.7828], "size": [1, 6, 1], "uv": [64, 90], "mirror": true}
				]
			},
			{
				"name": "bone64",
				"parent": "wingLayer3",
				"pivot": [-1, 2.74118, 0.03407],
				"rotation": [95, 0, 0],
				"cubes": [
					{"origin": [-2, -18.5347, 19.54818], "size": [1, 6, 1], "uv": [88, 64], "mirror": true}
				]
			},
			{
				"name": "bone65",
				"parent": "wingLayer3",
				"pivot": [-1, 2.74118, 0.03407],
				"rotation": [110, 0, 0],
				"cubes": [
					{"origin": [-2, -23.64749, 15.07666], "size": [1, 7, 2], "uv": [64, 114], "mirror": true}
				]
			},
			{
				"name": "bone66",
				"parent": "wingLayer3",
				"pivot": [-1, 2.74118, 0.03407],
				"rotation": [125, 0, 0],
				"cubes": [
					{"origin": [-2, -27.39779, 10.47779], "size": [1, 7, 2], "uv": [64, 80], "mirror": true}
				]
			},
			{
				"name": "legLeft",
				"pivot": [2, 9, 0],
				"cubes": [
					{"origin": [0.5, -0.001, -1.5], "size": [3, 9, 3], "uv": [98, 106]}
				]
			},
			{
				"name": "armLeft",
				"pivot": [3, 17.5, 0],
				"rotation": [0, 0, -25],
				"cubes": [
					{"origin": [3, 8.5, -1], "size": [2, 8, 2], "uv": [110, 110], "inflate": 1},
					{"origin": [2.5, 14.5, -1.5], "size": [3, 3, 3], "uv": [108, 103], "inflate": 1}
				]
			},
			{
				"name": "chestPlate",
				"parent": "armLeft",
				"pivot": [4, 0, 0]
			},
			{
				"name": "fan",
				"parent": "chestPlate",
				"pivot": [4, 6, 0],
				"rotation": [0, 0, 180],
				"cubes": [
					{"origin": [2, 6, 0], "size": [4, 2, 0], "uv": [64, 68], "inflate": 1},
					{"origin": [3.5, 8, 0], "size": [1, 3, 0], "uv": [70, 80], "inflate": 1},
					{"origin": [3.5, 3, -0.5], "size": [1, 4, 1], "uv": [82, 121], "inflate": 1}
				]
			},
			{
				"name": "bone77",
				"parent": "fan",
				"pivot": [3, 6, 0],
				"rotation": [0, 0, -45]
			},
			{
				"name": "bone78",
				"parent": "bone77",
				"pivot": [3, 6, 0],
				"cubes": [
					{"origin": [1.29289, 6.70711, -0.001], "size": [1, 1, 0], "uv": [70, 65], "inflate": 1, "mirror": true},
					{"origin": [2, 6, 0], "size": [1, 1, 0], "uv": [70, 65], "inflate": 1, "mirror": true}
				]
			},
			{
				"name": "bone79",
				"parent": "bone77",
				"pivot": [3, 6, 0],
				"rotation": [0, 0, -45],
				"cubes": [
					{"origin": [2.70711, 6.70711, 0], "size": [1, 1, 0], "uv": [70, 65], "inflate": 1, "mirror": true},
					{"origin": [2.29289, 6.70711, 0], "size": [1, 1, 0], "uv": [70, 65], "inflate": 1, "mirror": true}
				]
			},
			{
				"name": "bone85",
				"parent": "fan",
				"pivot": [5, 6, 0],
				"rotation": [0, 0, 45]
			},
			{
				"name": "bone86",
				"parent": "bone85",
				"pivot": [5, 6, 0],
				"cubes": [
					{"origin": [5.70711, 6.70711, -0.001], "size": [1, 1, 0], "uv": [70, 65], "inflate": 1},
					{"origin": [5, 6, 0], "size": [1, 1, 0], "uv": [70, 65], "inflate": 1}
				]
			},
			{
				"name": "bone87",
				"parent": "bone85",
				"pivot": [5, 6, 0],
				"rotation": [0, 0, 45],
				"cubes": [
					{"origin": [4.29289, 6.70711, 0], "size": [1, 1, 0], "uv": [70, 65], "inflate": 1},
					{"origin": [4.70711, 6.70711, 0], "size": [1, 1, 0], "uv": [70, 65], "inflate": 1}
				]
			},
			{
				"name": "bone80",
				"parent": "fan",
				"pivot": [3, 7, 0],
				"rotation": [0, 0, -30]
			},
			{
				"name": "bone81",
				"parent": "bone80",
				"pivot": [3, 7, 0],
				"cubes": [
					{"origin": [0.63397, 8.36603, 0], "size": [1, 1, 0], "uv": [70, 65], "inflate": 1, "mirror": true},
					{"origin": [2, 7, 0], "size": [1, 1, 0], "uv": [70, 65], "inflate": 1, "mirror": true}
				]
			},
			{
				"name": "bone82",
				"parent": "bone80",
				"pivot": [3, 7, 0],
				"rotation": [0, 0, 30],
				"cubes": [
					{"origin": [1.13397, 6.5, 0], "size": [1, 1, 0], "uv": [70, 65], "inflate": 1, "mirror": true},
					{"origin": [0.63397, 7.36603, 0], "size": [1, 1, 0], "uv": [70, 65], "inflate": 1, "mirror": true}
				]
			},
			{
				"name": "bone83",
				"parent": "bone80",
				"pivot": [3, 7, 0],
				"rotation": [0, 0, 60],
				"cubes": [
					{"origin": [1.13397, 6.5, 0], "size": [1, 1, 0], "uv": [70, 65], "inflate": 1, "mirror": true},
					{"origin": [0.63397, 5.63397, 0], "size": [1, 1, 0], "uv": [70, 65], "inflate": 1, "mirror": true}
				]
			},
			{
				"name": "bone84",
				"parent": "fan",
				"pivot": [5, 7, 0],
				"rotation": [0, 0, 30]
			},
			{
				"name": "bone88",
				"parent": "bone84",
				"pivot": [5, 7, 0],
				"cubes": [
					{"origin": [6.36603, 8.36603, 0], "size": [1, 1, 0], "uv": [70, 65], "inflate": 1},
					{"origin": [5, 7, 0], "size": [1, 1, 0], "uv": [70, 65], "inflate": 1}
				]
			},
			{
				"name": "bone89",
				"parent": "bone84",
				"pivot": [5, 7, 0],
				"rotation": [0, 0, -30],
				"cubes": [
					{"origin": [5.86603, 6.5, 0], "size": [1, 1, 0], "uv": [70, 65], "inflate": 1},
					{"origin": [6.36603, 7.36603, 0], "size": [1, 1, 0], "uv": [70, 65], "inflate": 1}
				]
			},
			{
				"name": "bone90",
				"parent": "bone84",
				"pivot": [5, 7, 0],
				"rotation": [0, 0, -60],
				"cubes": [
					{"origin": [5.86603, 6.5, 0], "size": [1, 1, 0], "uv": [70, 65], "inflate": 1},
					{"origin": [6.36603, 5.63397, 0], "size": [1, 1, 0], "uv": [70, 65], "inflate": 1}
				]
			},
			{
				"name": "bone91",
				"parent": "fan",
				"pivot": [4, 7, 0],
				"rotation": [0, 0, 5]
			},
			{
				"name": "bone92",
				"parent": "bone91",
				"pivot": [4, 7, 0],
				"cubes": [
					{"origin": [0.92687, 9.07313, 0], "size": [1, 1, 0], "uv": [70, 65], "inflate": 1, "mirror": true},
					{"origin": [3, 7, 0], "size": [1, 1, 0], "uv": [70, 65], "inflate": 1, "mirror": true}
				]
			},
			{
				"name": "bone93",
				"parent": "bone91",
				"pivot": [4, 7, 0],
				"cubes": [
					{"origin": [0.92687, 9.07313, 0], "size": [1, 1, 0], "uv": [70, 65], "inflate": 1, "mirror": true},
					{"origin": [3, 7, 0], "size": [1, 1, 0], "uv": [70, 65], "inflate": 1, "mirror": true}
				]
			},
			{
				"name": "bone94",
				"parent": "bone91",
				"pivot": [4, 7, 0],
				"cubes": [
					{"origin": [0.92687, 9.07313, 0], "size": [1, 1, 0], "uv": [70, 65], "inflate": 1, "mirror": true},
					{"origin": [3, 7, 0], "size": [1, 1, 0], "uv": [70, 65], "inflate": 1, "mirror": true}
				]
			},
			{
				"name": "bone95",
				"parent": "bone91",
				"pivot": [4, 7, 0],
				"rotation": [0, 0, 30],
				"cubes": [
					{"origin": [2.13397, 6.5, 0], "size": [1, 1, 0], "uv": [70, 65], "inflate": 1, "mirror": true},
					{"origin": [0.66805, 7.62484, 0], "size": [1, 1, 0], "uv": [70, 65], "inflate": 1, "mirror": true}
				]
			},
			{
				"name": "bone96",
				"parent": "bone91",
				"pivot": [4, 7, 0],
				"rotation": [0, 0, 45],
				"cubes": [
					{"origin": [1.32697, 6.03407, 0], "size": [1, 1, 0], "uv": [70, 65], "inflate": 1, "mirror": true},
					{"origin": [1.32697, 6.96593, 0], "size": [1, 1, 0], "uv": [70, 65], "inflate": 1, "mirror": true}
				]
			},
			{
				"name": "bone97",
				"parent": "bone91",
				"pivot": [4, 7, 0],
				"rotation": [0, 0, 60],
				"cubes": [
					{"origin": [2.13397, 6.5, 0], "size": [1, 1, 0], "uv": [70, 65], "inflate": 1, "mirror": true},
					{"origin": [0.66805, 5.37516, 0], "size": [1, 1, 0], "uv": [70, 65], "inflate": 1, "mirror": true}
				]
			},
			{
				"name": "bone98",
				"parent": "fan",
				"pivot": [4, 7, 0],
				"rotation": [0, 0, -5]
			},
			{
				"name": "bone99",
				"parent": "bone98",
				"pivot": [4, 7, 0],
				"cubes": [
					{"origin": [6.07313, 9.07313, 0], "size": [1, 1, 0], "uv": [70, 65], "inflate": 1},
					{"origin": [4, 7, 0], "size": [1, 1, 0], "uv": [70, 65], "inflate": 1}
				]
			},
			{
				"name": "bone100",
				"parent": "bone98",
				"pivot": [4, 7, 0],
				"cubes": [
					{"origin": [6.07313, 9.07313, 0], "size": [1, 1, 0], "uv": [70, 65], "inflate": 1},
					{"origin": [4, 7, 0], "size": [1, 1, 0], "uv": [70, 65], "inflate": 1}
				]
			},
			{
				"name": "bone101",
				"parent": "bone98",
				"pivot": [4, 7, 0],
				"cubes": [
					{"origin": [6.07313, 9.07313, 0], "size": [1, 1, 0], "uv": [70, 65], "inflate": 1},
					{"origin": [4, 7, 0], "size": [1, 1, 0], "uv": [70, 65], "inflate": 1}
				]
			},
			{
				"name": "bone102",
				"parent": "bone98",
				"pivot": [4, 7, 0],
				"rotation": [0, 0, -30],
				"cubes": [
					{"origin": [4.86603, 6.5, 0], "size": [1, 1, 0], "uv": [70, 65], "inflate": 1},
					{"origin": [6.33195, 7.62484, 0], "size": [1, 1, 0], "uv": [70, 65], "inflate": 1}
				]
			},
			{
				"name": "bone103",
				"parent": "bone98",
				"pivot": [4, 7, 0],
				"rotation": [0, 0, -45],
				"cubes": [
					{"origin": [5.67303, 6.03407, 0], "size": [1, 1, 0], "uv": [70, 65], "inflate": 1},
					{"origin": [5.67303, 6.96593, 0], "size": [1, 1, 0], "uv": [70, 65], "inflate": 1}
				]
			},
			{
				"name": "bone104",
				"parent": "bone98",
				"pivot": [4, 7, 0],
				"rotation": [0, 0, -60],
				"cubes": [
					{"origin": [4.86603, 6.5, 0], "size": [1, 1, 0], "uv": [70, 65], "inflate": 1},
					{"origin": [6.33195, 5.37516, 0], "size": [1, 1, 0], "uv": [70, 65], "inflate": 1}
				]
			},
			{
				"name": "bone105",
				"parent": "fan",
				"pivot": [4, 7, 0],
				"rotation": [0, 0, 45]
			},
			{
				"name": "bone106",
				"parent": "bone105",
				"pivot": [4, 7, 0],
				"cubes": [
					{"origin": [0.40923, 9.59077, 0], "size": [1, 1, 0], "uv": [70, 65], "inflate": 1, "mirror": true},
					{"origin": [3, 7, 0], "size": [1, 1, 0], "uv": [70, 65], "inflate": 1, "mirror": true}
				]
			},
			{
				"name": "bone107",
				"parent": "bone105",
				"pivot": [4, 7, 0],
				"rotation": [0, 0, 15],
				"cubes": [
					{"origin": [2.03407, 6.74118, 0], "size": [1, 1, 0], "uv": [70, 65], "inflate": 1, "mirror": true},
					{"origin": [0.56815, 8.79788, 0], "size": [1, 1, 0], "uv": [70, 65], "inflate": 1, "mirror": true}
				]
			},
			{
				"name": "bone151",
				"parent": "bone105",
				"pivot": [4, 7, 0],
				"rotation": [0, 0, 30],
				"cubes": [
					{"origin": [1.16805, 6.24118, 0], "size": [1, 1, 0], "uv": [70, 65], "inflate": 1, "mirror": true},
					{"origin": [0.92687, 8.07313, 0], "size": [1, 1, 0], "uv": [70, 65], "inflate": 1, "mirror": true}
				]
			},
			{
				"name": "bone152",
				"parent": "bone105",
				"pivot": [4, 7, 0],
				"rotation": [0, 0, 60],
				"cubes": [
					{"origin": [1.16805, 6.75882, -0.001], "size": [1, 1, 0], "uv": [70, 65], "inflate": 1, "mirror": true},
					{"origin": [0.92687, 4.92687, 0], "size": [1, 1, 0], "uv": [70, 65], "inflate": 1, "mirror": true}
				]
			},
			{
				"name": "bone153",
				"parent": "bone105",
				"pivot": [4, 7, 0],
				"rotation": [0, 0, 75],
				"cubes": [
					{"origin": [2.03407, 6.25882, -0.001], "size": [1, 1, 0], "uv": [70, 65], "inflate": 1, "mirror": true},
					{"origin": [0.56815, 4.20212, 0], "size": [1, 1, 0], "uv": [70, 65], "inflate": 1, "mirror": true}
				]
			},
			{
				"name": "legRight",
				"pivot": [-2, 9, 0],
				"cubes": [
					{"origin": [-3.5, 0, -1.5], "size": [3, 9, 3], "uv": [50, 60]}
				]
			},
			{
				"name": "armRight",
				"pivot": [-3, 17.5, 0],
				"rotation": [0, 0, 25],
				"cubes": [
					{"origin": [-5.5, 14.5, -1.5], "size": [3, 3, 3], "uv": [24, 81], "inflate": 1},
					{"origin": [-5, 8.5, -1], "size": [2, 8, 2], "uv": [56, 81], "inflate": 1}
				]
			}
		]
	}
}