{
  "pack_name": "{pack.bcr.name}",
  "author": [
    "BuildCraft Team"
  ],
  "version": "1.0.0",
  "date": "2020-03-02",
  "icon": "bcr:textures/bcr_icon.png",
  "model_list": [
    {
      "model_id": "bcr:robot_base",
      "model": "bcr:models/entity/bcr.json",
      "texture": "bcr:textures/entity/robot_base.png",
      "animation": [
        "bcr:animation/bcr.default.js"
      ],
      "show_hata": false,
      "show_backpack": false,
      "can_hold_trolley": false,
      "can_hold_vehicle": false,
      "can_riding_broom": false
    },
    {
      "model_id": "bcr:robot_bomber",
      "model": "bcr:models/entity/bcr.json",
      "texture": "bcr:textures/entity/robot_bomber.png",
      "animation": [
        "bcr:animation/bcr.default.js"
      ],
      "show_hata": false,
      "show_backpack": false,
      "can_hold_trolley": false,
      "can_hold_vehicle": false,
      "can_riding_broom": false
    },
    {
      "model_id": "bcr:robot_breaker",
      "model": "bcr:models/entity/bcr.json",
      "texture": "bcr:textures/entity/robot_breaker.png",
      "animation": [
        "bcr:animation/bcr.default.js"
      ],
      "show_hata": false,
      "show_backpack": false,
      "can_hold_trolley": false,
      "can_hold_vehicle": false,
      "can_riding_broom": false
    },
    {
      "model_id": "bcr:robot_builder",
      "model": "bcr:models/entity/bcr.json",
      "texture": "bcr:textures/entity/robot_builder.png",
      "animation": [
        "bcr:animation/bcr.default.js"
      ],
      "show_hata": false,
      "show_backpack": false,
      "can_hold_trolley": false,
      "can_hold_vehicle": false,
      "can_riding_broom": false
    },
    {
      "model_id": "bcr:robot_builder_base",
      "model": "bcr:models/entity/bcr.json",
      "texture": "bcr:textures/entity/robot_builder_base.png",
      "animation": [
        "bcr:animation/bcr.default.js"
      ],
      "show_hata": false,
      "show_backpack": false,
      "can_hold_trolley": false,
      "can_hold_vehicle": false,
      "can_riding_broom": false
    },
    {
      "model_id": "bcr:robot_butcher",
      "model": "bcr:models/entity/bcr.json",
      "texture": "bcr:textures/entity/robot_butcher.png",
      "animation": [
        "bcr:animation/bcr.default.js"
      ],
      "show_hata": false,
      "show_backpack": false,
      "can_hold_trolley": false,
      "can_hold_vehicle": false,
      "can_riding_broom": false
    },
    {
      "model_id": "bcr:robot_carrier",
      "model": "bcr:models/entity/bcr.json",
      "texture": "bcr:textures/entity/robot_carrier.png",
      "animation": [
        "bcr:animation/bcr.default.js"
      ],
      "show_hata": false,
      "show_backpack": false,
      "can_hold_trolley": false,
      "can_hold_vehicle": false,
      "can_riding_broom": false
    },
    {
      "model_id": "bcr:robot_crafter",
      "model": "bcr:models/entity/bcr.json",
      "texture": "bcr:textures/entity/robot_crafter.png",
      "animation": [
        "bcr:animation/bcr.default.js"
      ],
      "show_hata": false,
      "show_backpack": false,
      "can_hold_trolley": false,
      "can_hold_vehicle": false,
      "can_riding_broom": false
    },
    {
      "model_id": "bcr:robot_delivery",
      "model": "bcr:models/entity/bcr.json",
      "texture": "bcr:textures/entity/robot_delivery.png",
      "animation": [
        "bcr:animation/bcr.default.js"
      ],
      "show_hata": false,
      "show_backpack": false,
      "can_hold_trolley": false,
      "can_hold_vehicle": false,
      "can_riding_broom": false
    },
    {
      "model_id": "bcr:robot_factory",
      "model": "bcr:models/entity/bcr.json",
      "texture": "bcr:textures/entity/robot_factory.png",
      "animation": [
        "bcr:animation/bcr.default.js"
      ],
      "show_hata": false,
      "show_backpack": false,
      "can_hold_trolley": false,
      "can_hold_vehicle": false,
      "can_riding_broom": false
    },
    {
      "model_id": "bcr:robot_farmer",
      "model": "bcr:models/entity/bcr.json",
      "texture": "bcr:textures/entity/robot_farmer.png",
      "animation": [
        "bcr:animation/bcr.default.js"
      ],
      "show_hata": false,
      "show_backpack": false,
      "can_hold_trolley": false,
      "can_hold_vehicle": false,
      "can_riding_broom": false
    },
    {
      "model_id": "bcr:robot_fluidcarrier",
      "model": "bcr:models/entity/bcr.json",
      "texture": "bcr:textures/entity/robot_fluidcarrier.png",
      "animation": [
        "bcr:animation/bcr.default.js"
      ],
      "show_hata": false,
      "show_backpack": false,
      "can_hold_trolley": false,
      "can_hold_vehicle": false,
      "can_riding_broom": false
    },
    {
      "model_id": "bcr:robot_harvester",
      "model": "bcr:models/entity/bcr.json",
      "texture": "bcr:textures/entity/robot_harvester.png",
      "animation": [
        "bcr:animation/bcr.default.js"
      ],
      "show_hata": false,
      "show_backpack": false,
      "can_hold_trolley": false,
      "can_hold_vehicle": false,
      "can_riding_broom": false
    },
    {
      "model_id": "bcr:robot_knight",
      "model": "bcr:models/entity/bcr.json",
      "texture": "bcr:textures/entity/robot_knight.png",
      "animation": [
        "bcr:animation/bcr.default.js"
      ],
      "show_hata": false,
      "show_backpack": false,
      "can_hold_trolley": false,
      "can_hold_vehicle": false,
      "can_riding_broom": false
    },
    {
      "model_id": "bcr:robot_leavecutter",
      "model": "bcr:models/entity/bcr.json",
      "texture": "bcr:textures/entity/robot_leavecutter.png",
      "animation": [
        "bcr:animation/bcr.default.js"
      ],
      "show_hata": false,
      "show_backpack": false,
      "can_hold_trolley": false,
      "can_hold_vehicle": false,
      "can_riding_broom": false
    },
    {
      "model_id": "bcr:robot_lumberjack",
      "model": "bcr:models/entity/bcr.json",
      "texture": "bcr:textures/entity/robot_lumberjack.png",
      "animation": [
        "bcr:animation/bcr.default.js"
      ],
      "show_hata": false,
      "show_backpack": false,
      "can_hold_trolley": false,
      "can_hold_vehicle": false,
      "can_riding_broom": false
    },
    {
      "model_id": "bcr:robot_military",
      "model": "bcr:models/entity/bcr.json",
      "texture": "bcr:textures/entity/robot_military.png",
      "animation": [
        "bcr:animation/bcr.default.js"
      ],
      "show_hata": false,
      "show_backpack": false,
      "can_hold_trolley": false,
      "can_hold_vehicle": false,
      "can_riding_broom": false
    },
    {
      "model_id": "bcr:robot_miner",
      "model": "bcr:models/entity/bcr.json",
      "texture": "bcr:textures/entity/robot_miner.png",
      "animation": [
        "bcr:animation/bcr.default.js"
      ],
      "show_hata": false,
      "show_backpack": false,
      "can_hold_trolley": false,
      "can_hold_vehicle": false,
      "can_riding_broom": false
    },
    {
      "model_id": "bcr:robot_picker",
      "model": "bcr:models/entity/bcr.json",
      "texture": "bcr:textures/entity/robot_picker.png",
      "animation": [
        "bcr:animation/bcr.default.js"
      ],
      "show_hata": false,
      "show_backpack": false,
      "can_hold_trolley": false,
      "can_hold_vehicle": false,
      "can_riding_broom": false
    },
    {
      "model_id": "bcr:robot_planter",
      "model": "bcr:models/entity/bcr.json",
      "texture": "bcr:textures/entity/robot_planter.png",
      "animation": [
        "bcr:animation/bcr.default.js"
      ],
      "show_hata": false,
      "show_backpack": false,
      "can_hold_trolley": false,
      "can_hold_vehicle": false,
      "can_riding_broom": false
    },
    {
      "model_id": "bcr:robot_pump",
      "model": "bcr:models/entity/bcr.json",
      "texture": "bcr:textures/entity/robot_pump.png",
      "animation": [
        "bcr:animation/bcr.default.js"
      ],
      "show_hata": false,
      "show_backpack": false,
      "can_hold_trolley": false,
      "can_hold_vehicle": false,
      "can_riding_broom": false
    },
    {
      "model_id": "bcr:robot_shovelman",
      "model": "bcr:models/entity/bcr.json",
      "texture": "bcr:textures/entity/robot_shovelman.png",
      "animation": [
        "bcr:animation/bcr.default.js"
      ],
      "show_hata": false,
      "show_backpack": false,
      "can_hold_trolley": false,
      "can_hold_vehicle": false,
      "can_riding_broom": false
    },
    {
      "model_id": "bcr:robot_stripes",
      "model": "bcr:models/entity/bcr.json",
      "texture": "bcr:textures/entity/robot_stripes.png",
      "animation": [
        "bcr:animation/bcr.default.js"
      ],
      "show_hata": false,
      "show_backpack": false,
      "can_hold_trolley": false,
      "can_hold_vehicle": false,
      "can_riding_broom": false
    }
  ]
}