{
	"format_version": "1.10.0",
	"geometry.model": {
		"texturewidth": 64,
		"textureheight": 64,
		"visible_bounds_width": 3,
		"visible_bounds_height": 4,
		"visible_bounds_offset": [0, 1, 0],
		"bones": [
			{
				"name": "head",
				"pivot": [0, 18, 0],
				"cubes": [
					{"origin": [-4, 18, -4], "size": [8, 8, 8], "uv": [0, 0]}
				]
			},
			{
				"name": "hair",
				"parent": "head",
				"pivot": [0, 18, 4],
				"rotation": [12.5, 0, 0],
				"cubes": [
					{"origin": [-6, 3, 4], "size": [12, 15, 0], "uv": [0, 16]}
				]
			},
			{
				"name": "blink",
				"parent": "head",
				"pivot": [0, 18, 0],
				"cubes": [
					{"origin": [-4, 18, -4.001], "size": [8, 8, 0], "uv": [24, 0]}
				]
			},
			{
				"name": "_helmet",
				"parent": "head",
				"pivot": [0, 0, 0]
			},
			{
				"name": "ahoge",
				"parent": "_helmet",
				"pivot": [0, 26, 0],
				"cubes": [
					{"origin": [-3, 26, 0], "size": [6, 6, 0], "uv": [28, 37]}
				]
			},
			{
				"name": "helmet",
				"parent": "head",
				"pivot": [0, 0, 0],
				"cubes": [
					{"origin": [-4, 18, -4], "size": [8, 8, 8], "uv": [0, 48], "inflate": 0.25}
				]
			},
			{
				"name": "Cap1",
				"parent": "helmet",
				"pivot": [0, 23, 4],
				"rotation": [9, -6.5, 5],
				"cubes": [
					{"origin": [-4.35, 22.82178, 3.89384], "size": [2.45, 7.2, 1.1], "uv": [8, 48]},
					{"origin": [-5.1, 23.92178, 3.99384], "size": [1, 6.1, 0.9], "uv": [25, 30]},
					{"origin": [-4.6, 30.02178, 3.99384], "size": [2.1, 2, 1], "uv": [20, 43]}
				]
			},
			{
				"name": "cap2",
				"parent": "helmet",
				"pivot": [0, 23, 4],
				"rotation": [9, 6.5, -5],
				"cubes": [
					{"origin": [3.9, 23.92178, 3.99384], "size": [1, 6.1, 0.9], "uv": [24, 30]},
					{"origin": [1.8, 22.82178, 3.89384], "size": [2.45, 7.2, 1.1], "uv": [8, 48]},
					{"origin": [2.3, 30.02178, 3.99384], "size": [2.2, 2, 1], "uv": [20, 43]}
				]
			},
			{
				"name": "armRight",
				"pivot": [-3, 17.5, 0],
				"rotation": [0, 0, 25],
				"cubes": [
					{"origin": [-4.96946, 9.61762, -1], "size": [2, 8, 2], "uv": [40, 40]},
					{"origin": [-5.21946, 10.61762, -1.25], "size": [2.5, 1, 2.5], "uv": [28, 43]},
					{"origin": [-5.01946, 16.21762, -1.05], "size": [2.1, 0.2, 2.1], "uv": [40, 50]}
				]
			},
			{
				"name": "armLeft",
				"pivot": [3, 17.5, 0],
				"rotation": [0, 0, -25],
				"cubes": [
					{"origin": [2.96946, 9.61762, -1], "size": [2, 7.9, 2], "uv": [40, 17]},
					{"origin": [2.86946, 10.61762, -1.1], "size": [2.2, 7, 2.2], "uv": [40, 0]},
					{"origin": [5.16946, 10.61762, -0.5], "size": [0, 7, 1], "uv": [48, 1]}
				]
			},
			{
				"name": "bone2",
				"parent": "armLeft",
				"pivot": [3, 17.5, -1],
				"rotation": [17.5, 0, 0],
				"cubes": [
					{"origin": [2.86946, 10.31762, -1.1], "size": [2.2, 6.9, 2.2], "uv": [0, 0]}
				]
			},
			{
				"name": "body",
				"pivot": [0, 10.5, 0],
				"cubes": [
					{"origin": [-3, 8.999, -2], "size": [6, 9, 4], "uv": [0, 31]},
					{"origin": [-3.1, 8.999, -2.1], "size": [6.2, 9.1, 4.2], "uv": [24, 24]},
					{"origin": [-3.2, 8.999, -2.2], "size": [3.05, 4.2, 4.4], "uv": [34, 56]}
				]
			},
			{
				"name": "legLeft",
				"pivot": [1.65, 9, 0],
				"cubes": [
					{"origin": [0.249, 0, -1.3], "size": [2.6, 9, 2.6], "uv": [20, 37]},
					{"origin": [0.199, 1, -1.4], "size": [2.75, 1, 2.8], "uv": [16, 31]},
					{"origin": [0.199, -0.1, -1.4], "size": [2.75, 0.2, 2.8], "uv": [49, 19]},
					{"origin": [0.449, 0.1, -1.5], "size": [2.15, 0.3, 0.1], "uv": [50, 18]}
				]
			},
			{
				"name": "legRight",
				"pivot": [-1.5, 9, 0],
				"cubes": [
					{"origin": [-2.699, 0, -1.3], "size": [2.5, 9, 2.6], "uv": [34, 8]},
					{"origin": [-2.799, 6, -1.4], "size": [2.7, 0.2, 2.8], "uv": [40, 46]},
					{"origin": [-2.799, 5.5, -1.4], "size": [2.7, 0.25, 2.8], "uv": [40, 46]},
					{"origin": [-2.799, 5, -1.4], "size": [2.7, 0.25, 2.8], "uv": [40, 46]},
					{"origin": [-2.799, 0.9, -1.4], "size": [2.65, 1.1, 2.8], "uv": [40, 37]},
					{"origin": [-2.799, -0.1, -1.4], "size": [2.65, 0.2, 2.8], "uv": [49, 19]},
					{"origin": [-2.549, 0.1, -1.4], "size": [2.15, 0.3, 0.1], "uv": [50, 18]}
				]
			},
			{
				"name": "sittingHiddenSkirt",
				"pivot": [0, 0, 0]
			},
			{
				"name": "sinFloat",
				"parent": "sittingHiddenSkirt",
				"pivot": [-3.9, 10.6, 0.1],
				"rotation": [-90, 50, -90],
				"cubes": [
					{"origin": [-1, 10.2, 0], "size": [4.85, 0.5, 0.2], "uv": [50, 28]},
					{"origin": [3.1, 10.1, -0.1], "size": [0.25, 0.7, 0.4], "uv": [50, 32]},
					{"origin": [-1.15, 9.9, -0.3], "size": [0.25, 1, 0.8], "uv": [51, 25]},
					{"origin": [-0.9, 10.1, -0.05], "size": [0.5, 0.7, 0.3], "uv": [51, 25]},
					{"origin": [-0.7, 10.3, -0.1], "size": [0.4, 0.3, 0.4], "uv": [51, 32]},
					{"origin": [-1.25, 9.9, -0.1], "size": [0.15, 0.9, 0.4], "uv": [51, 28]},
					{"origin": [-0.6, 10.8, 0], "size": [0.2, 0.355, 0.2], "uv": [52, 25]},
					{"origin": [-3.6, 10.3, -0.05], "size": [0.95, 0.4, 0.3], "uv": [51, 25]},
					{"origin": [-4.4, 10, -0.05], "size": [3.2, 0.3, 0.3], "uv": [51, 25]},
					{"origin": [-3.9, 10.7, 0], "size": [2, 0.2, 0.2], "uv": [50, 32]},
					{"origin": [-4, 10.3, 0], "size": [1.9, 0.4, 0.2], "uv": [51, 29]},
					{"origin": [-2.2, 10.3, -0.05], "size": [1.05, 0.4, 0.3], "uv": [51, 25]}
				]
			},
			{
				"name": "bone3",
				"parent": "sinFloat",
				"pivot": [4.1, 10, 0.6],
				"rotation": [0, 0, 45],
				"cubes": [
					{"origin": [3.4, 9.95, -0.05], "size": [0.4, 0.4, 0.3], "uv": [50, 33]}
				]
			},
			{
				"name": "hushou4",
				"parent": "sinFloat",
				"pivot": [0.08695, 10.09914, -0.4],
				"rotation": [0, 0, -7.5],
				"cubes": [
					{"origin": [-0.917, 10.03, 0], "size": [0.52, 0.2, 0.2], "uv": [50, 25]}
				]
			},
			{
				"name": "hushou5",
				"parent": "sinFloat",
				"pivot": [-0.62119, 10.7672, 0.6],
				"rotation": [0, 0, -35],
				"cubes": [
					{"origin": [-0.82119, 10.7672, 0], "size": [0.2, 0.4, 0.2], "uv": [51, 25]}
				]
			},
			{
				"name": "hushou7",
				"parent": "sinFloat",
				"pivot": [0.1, 11.3, -0.4],
				"rotation": [0, 0, -16.5],
				"cubes": [
					{"origin": [-1.343, 11.3, 0], "size": [0.92, 0.3, 0.2], "uv": [50, 25]}
				]
			},
			{
				"name": "hushou8",
				"parent": "sinFloat",
				"pivot": [-1.3, 11.1, 0.2],
				"rotation": [0, 0, -39],
				"cubes": [
					{"origin": [-1.8, 10.9, 0], "size": [0.5, 0.3, 0.2], "uv": [50, 24]}
				]
			},
			{
				"name": "daoqiao2",
				"parent": "sinFloat",
				"pivot": [-3.9501, 10.69564, 0],
				"rotation": [0, 0, 2.5],
				"cubes": [
					{"origin": [-8.04952, 10.01, 0], "size": [4.15, 0.9, 0.2], "uv": [50, 28]}
				]
			},
			{
				"name": "bone5",
				"parent": "sinFloat",
				"pivot": [-7.43615, 10.09512, -0.4],
				"rotation": [0, 0, 5],
				"cubes": [
					{"origin": [-12.33386, 10.41, 0], "size": [4.25, 0.65, 0.2], "uv": [50, 29]},
					{"origin": [-12.43386, 10.11, -0.05], "size": [4.35, 0.55, 0.3], "uv": [50, 25]}
				]
			},
			{
				"name": "bone4",
				"parent": "bone5",
				"pivot": [-11.77568, 10.02991, -0.4],
				"rotation": [0, 0, 19],
				"cubes": [
					{"origin": [-12.72381, 9.91, -0.1], "size": [0.4, 1, 0.4], "uv": [50, 24]}
				]
			},
			{
				"name": "sittingRotationSkirt",
				"pivot": [0, 10, 0]
			},
			{
				"name": "dress",
				"parent": "sittingRotationSkirt",
				"pivot": [0, -0.9, 0]
			},
			{
				"name": "bone27",
				"parent": "dress",
				"pivot": [0, -0.9, 0]
			},
			{
				"name": "bone28",
				"parent": "bone27",
				"pivot": [0, -0.9, 4.97051],
				"rotation": [10, 0, 0],
				"cubes": [
					{"origin": [-3, 7.23147, 3.9857], "size": [6, 2.7, 0], "uv": [42, 13]}
				]
			},
			{
				"name": "bone29",
				"parent": "bone28",
				"pivot": [-3, -1.24218, 4.97051],
				"rotation": [0, 0, 9.85108],
				"cubes": [
					{"origin": [-5.02971, 7.12891, 3.9847], "size": [2, 2.8, 0], "uv": [44, 26]}
				]
			},
			{
				"name": "bone30",
				"parent": "bone28",
				"pivot": [3, -1.24218, 4.97051],
				"rotation": [0, 0, -9.85108],
				"cubes": [
					{"origin": [3.02971, 7.32891, 3.9867], "size": [2, 2.6, 0], "uv": [16, 44]}
				]
			},
			{
				"name": "bone31",
				"parent": "dress",
				"pivot": [0, -0.9, 0],
				"rotation": [0, -90, 0]
			},
			{
				"name": "bone32",
				"parent": "bone31",
				"pivot": [0, -0.9, 4.97051],
				"rotation": [10, 0, 0]
			},
			{
				"name": "bone33",
				"parent": "bone32",
				"pivot": [-3, -1.24218, 4.97051],
				"rotation": [0, 0, 9.85108],
				"cubes": [
					{"origin": [-4.01474, 7.92891, 4.96951], "size": [2.2, 2, 0], "uv": [12, 44]}
				]
			},
			{
				"name": "bone34",
				"parent": "bone32",
				"pivot": [3, -1.24218, 4.97051],
				"rotation": [0, 0, -9.85108],
				"cubes": [
					{"origin": [1.96474, 7.12891, 4.97151], "size": [2.05, 2.8, 0], "uv": [8, 44]}
				]
			},
			{
				"name": "bone35",
				"parent": "dress",
				"pivot": [0, -0.9, 0],
				"rotation": [0, -180, 0]
			},
			{
				"name": "bone36",
				"parent": "bone35",
				"pivot": [0, -0.9, 4.97051],
				"rotation": [10, 0, 0],
				"cubes": [
					{"origin": [-3, 7.83147, 3.9857], "size": [6, 2.1, 0], "uv": [42, 9]}
				]
			},
			{
				"name": "bone37",
				"parent": "bone36",
				"pivot": [-3, -1.24218, 4.97051],
				"rotation": [0, 0, 9.85108],
				"cubes": [
					{"origin": [-5.02971, 7.72891, 3.9847], "size": [2, 2.2, 0], "uv": [4, 44]}
				]
			},
			{
				"name": "bone38",
				"parent": "bone36",
				"pivot": [3, -1.24218, 4.97051],
				"rotation": [0, 0, -9.85108],
				"cubes": [
					{"origin": [3.02971, 7.92891, 3.9867], "size": [2, 2, 0], "uv": [0, 44]}
				]
			},
			{
				"name": "bone39",
				"parent": "dress",
				"pivot": [0, -0.9, 0],
				"rotation": [0, -270, 0]
			},
			{
				"name": "bone40",
				"parent": "bone39",
				"pivot": [0, -0.9, 4.97051],
				"rotation": [10, 0, 0]
			},
			{
				"name": "bone41",
				"parent": "bone40",
				"pivot": [-3, -1.24218, 4.97051],
				"rotation": [0, 0, 9.85108],
				"cubes": [
					{"origin": [-4.01474, 7.32891, 4.96951], "size": [2.2, 2.6, 0], "uv": [36, 43]}
				]
			},
			{
				"name": "bone42",
				"parent": "bone40",
				"pivot": [3, -1.24218, 4.97051],
				"rotation": [0, 0, -9.85108],
				"cubes": [
					{"origin": [1.81474, 7.72891, 4.97151], "size": [2.2, 2.2, 0], "uv": [0, 31]}
				]
			}
		]
	}
}