{
	"format_version": "1.10.0",
	"geometry.model": {
		"texturewidth": 64,
		"textureheight": 64,
		"visible_bounds_width": 3,
		"visible_bounds_height": 4,
		"visible_bounds_offset": [0, 1, 0],
		"bones": [
			{
				"name": "head",
				"pivot": [0, 18, 0],
				"cubes": [
					{"origin": [-4, 18, -4], "size": [8, 8, 8], "uv": [20, 20]},
					{"origin": [-4, 18, -4.101], "size": [8, 8, 0], "uv": [0, 50]}
				]
			},
			{
				"name": "blink",
				"parent": "head",
				"pivot": [0, 18, 0],
				"cubes": [
					{"origin": [-4, 18, -4.001], "size": [8, 8, 0], "uv": [28, 10]}
				]
			},
			{
				"name": "back",
				"parent": "head",
				"pivot": [0, 26, 4.1],
				"rotation": [7.5, 0, 0],
				"cubes": [
					{"origin": [-7.2, 5, 4.1], "size": [14, 21, 0], "uv": [0, 0]}
				]
			},
			{
				"name": "band",
				"parent": "head",
				"pivot": [1, 25.6, 3.9],
				"rotation": [2.5, 0, 0],
				"cubes": [
					{"origin": [0, 24.6, 3.9], "size": [2, 2, 0.3], "uv": [28, 18]}
				]
			},
			{
				"name": "ahoge",
				"parent": "head",
				"pivot": [0, 26, 0],
				"cubes": [
					{"origin": [-4, 26, 0], "size": [8, 6, 0], "uv": [0, 34]}
				]
			},
			{
				"name": "armRight",
				"pivot": [-3, 17.5, 0],
				"rotation": [0, 0, 17.5],
				"cubes": [
					{"origin": [-5.04172, 9.6, -1], "size": [2, 7.9, 2], "uv": [44, 19]}
				]
			},
			{
				"name": "_chestPlateMiddle",
				"parent": "armRight",
				"pivot": [-3, 17.5, 0],
				"cubes": [
					{"origin": [-5.14172, 10.6, -1.1], "size": [2.2, 7, 2.2], "uv": [12, 41]}
				]
			},
			{
				"name": "armLeft",
				"pivot": [3, 17.5, 0],
				"rotation": [0, 0, -17.5],
				"cubes": [
					{"origin": [2.93193, 9.6, -1], "size": [2, 7.9, 2], "uv": [44, 10]}
				]
			},
			{
				"name": "_chestPlateLeft",
				"parent": "armLeft",
				"pivot": [3, 17.5, 0],
				"cubes": [
					{"origin": [2.83193, 10.6, -1.1], "size": [2.2, 7, 2.2], "uv": [20, 41]}
				]
			},
			{
				"name": "body",
				"pivot": [0, 10.5, 0],
				"cubes": [
					{"origin": [-3, 8.999, -2], "size": [6, 9, 4], "uv": [0, 21]}
				]
			},
			{
				"name": "_chestPlate",
				"parent": "body",
				"pivot": [0, 0, 0],
				"cubes": [
					{"origin": [-3.1, 11.999, -2.1], "size": [6.2, 6.1, 4.2], "uv": [28, 0]},
					{"origin": [-3.1, 12.899, -2.2], "size": [6.2, 5.1, 0], "uv": [0, 40]}
				]
			},
			{
				"name": "bodyskirt2",
				"parent": "_chestPlate",
				"pivot": [0, 18, 2.2],
				"rotation": [-12.5, 0, 0],
				"cubes": [
					{"origin": [-2.6, 14.899, 1.6], "size": [5.2, 3, 2], "uv": [16, 36]}
				]
			},
			{
				"name": "bodyskirt3",
				"parent": "_chestPlate",
				"pivot": [0, 16.7, 0]
			},
			{
				"name": "bone19",
				"parent": "bodyskirt3",
				"pivot": [0, 16.7, 0]
			},
			{
				"name": "bone20",
				"parent": "bone19",
				"pivot": [0, 16.7, 4.89238],
				"rotation": [20, 0, 0],
				"cubes": [
					{"origin": [-2, 16.39479, 3.95268], "size": [4, 2, 0], "uv": [20, 25]}
				]
			},
			{
				"name": "bone21",
				"parent": "bone20",
				"pivot": [-3, 16.05277, 4.89238],
				"rotation": [0, 0, 18.88172],
				"cubes": [
					{"origin": [-5.12675, 16.73236, 3.01199], "size": [1, 2, 0], "uv": [36, 47]},
					{"origin": [-6.18362, 16.73236, 2.0723], "size": [1, 2, 0], "uv": [44, 10]},
					{"origin": [-4.06988, 16.73236, 3.95168], "size": [2, 2, 0], "uv": [36, 18]}
				]
			},
			{
				"name": "bone22",
				"parent": "bone20",
				"pivot": [3, 16.05277, 4.89238],
				"rotation": [0, 0, -18.88172],
				"cubes": [
					{"origin": [4.03213, 16.76472, 3.01399], "size": [1, 2, 0], "uv": [34, 47]},
					{"origin": [5.089, 16.76472, 2.0743], "size": [1, 2, 0], "uv": [28, 41]},
					{"origin": [1.97526, 16.76472, 3.95368], "size": [2, 2, 0], "uv": [36, 36]}
				]
			},
			{
				"name": "bone23",
				"parent": "bodyskirt3",
				"pivot": [0, 16.7, 0],
				"rotation": [0, -90, 0]
			},
			{
				"name": "bone24",
				"parent": "bone23",
				"pivot": [0, 16.7, 4.89238],
				"rotation": [20, 0, 0]
			},
			{
				"name": "bone25",
				"parent": "bone24",
				"pivot": [-3, 16.05277, 4.89238],
				"rotation": [0, 0, 18.88172],
				"cubes": [
					{"origin": [-2.92945, 16.79708, 4.79741], "size": [1, 2, 0], "uv": [32, 47]},
					{"origin": [-1.87258, 16.79708, 5.7371], "size": [2, 2, 0], "uv": [32, 18]}
				]
			},
			{
				"name": "bone26",
				"parent": "bone24",
				"pivot": [3, 16.05277, 4.89238],
				"rotation": [0, 0, -18.88172],
				"cubes": [
					{"origin": [2.11869, 16.73236, 4.79941], "size": [1, 2, 0], "uv": [46, 44]},
					{"origin": [0.06182, 16.73236, 5.7391], "size": [2, 2, 0], "uv": [40, 18]},
					{"origin": [3.17556, 16.73236, 3.85972], "size": [1, 2, 0], "uv": [28, 43]}
				]
			},
			{
				"name": "bone27",
				"parent": "bodyskirt3",
				"pivot": [0, 16.7, 0],
				"rotation": [0, -180, 0]
			},
			{
				"name": "bone28",
				"parent": "bone27",
				"pivot": [0, 16.7, 4.89238],
				"rotation": [20, 0, 0]
			},
			{
				"name": "bone29",
				"parent": "bone28",
				"pivot": [-3, 16.05277, 4.89238],
				"rotation": [0, 0, 18.88172],
				"cubes": [
					{"origin": [-6.11114, 16.82945, 1.88436], "size": [1, 2, 0], "uv": [28, 45]},
					{"origin": [-5.05426, 16.82945, 2.82405], "size": [2, 2, 0], "uv": [16, 34]}
				]
			},
			{
				"name": "bone30",
				"parent": "bone28",
				"pivot": [3, 16.05277, 4.89238],
				"rotation": [0, 0, -18.88172],
				"cubes": [
					{"origin": [3.14888, 16.79708, 2.82605], "size": [2, 2, 0], "uv": [18, 41]},
					{"origin": [5.20576, 16.79708, 1.88636], "size": [1, 2, 0], "uv": [16, 36]}
				]
			},
			{
				"name": "bone31",
				"parent": "bodyskirt3",
				"pivot": [0, 16.7, 0],
				"rotation": [0, -270, 0]
			},
			{
				"name": "bone32",
				"parent": "bone31",
				"pivot": [0, 16.7, 4.89238],
				"rotation": [20, 0, 0]
			},
			{
				"name": "bone33",
				"parent": "bone32",
				"pivot": [-3, 16.05277, 4.89238],
				"rotation": [0, 0, 18.88172],
				"cubes": [
					{"origin": [-3.12976, 16.76472, 4.70344], "size": [1, 2, 0], "uv": [44, 19]},
					{"origin": [-2.07289, 16.76472, 5.64313], "size": [2, 2, 0], "uv": [28, 36]},
					{"origin": [-4.18663, 16.76472, 3.76375], "size": [1, 2, 0], "uv": [26, 41]}
				]
			},
			{
				"name": "bone34",
				"parent": "bone32",
				"pivot": [3, 16.05277, 4.89238],
				"rotation": [0, 0, -18.88172],
				"cubes": [
					{"origin": [-0.11635, 16.82945, 5.64513], "size": [2, 2, 0], "uv": [40, 36]},
					{"origin": [1.94052, 16.82945, 4.70544], "size": [1, 2, 0], "uv": [38, 38]}
				]
			},
			{
				"name": "dress",
				"parent": "_chestPlate",
				"pivot": [0, 13, 0]
			},
			{
				"name": "bone2",
				"parent": "dress",
				"pivot": [0, 6, 0]
			},
			{
				"name": "bone3",
				"parent": "bone2",
				"pivot": [0, 6, 3.17051],
				"rotation": [10, 0, 0],
				"cubes": [
					{"origin": [-2.5, 8.65782, 3.17051], "size": [5, 4, 0], "uv": [16, 21]},
					{"origin": [0.5, 8.85479, 3.20524], "size": [1, 1, 0.15], "uv": [20, 27]},
					{"origin": [-1.5, 8.85479, 3.20524], "size": [1, 1, 0.15], "uv": [26, 24]},
					{"origin": [-2.5, 8.90479, 3.20524], "size": [5, 0.9, 0.05], "uv": [52, 0]},
					{"origin": [-2.5, 5.90479, 3.20524], "size": [1, 3.9, 0.05], "uv": [12, 40]},
					{"origin": [1.5, 5.90479, 3.20524], "size": [1, 3.9, 0.05], "uv": [26, 21]},
					{"origin": [1.475, 5.90479, 3.18024], "size": [1.05, 0.9, 0.1], "uv": [0, 0]}
				]
			},
			{
				"name": "bone4",
				"parent": "bone3",
				"pivot": [-2.5, 5.65782, 3.17051],
				"rotation": [0, 0, 9.85108],
				"cubes": [
					{"origin": [-4.20442, 8.70915, 3.16951], "size": [2, 4, 0], "uv": [28, 47]}
				]
			},
			{
				"name": "bone5",
				"parent": "bone3",
				"pivot": [2.5, 5.65782, 3.17051],
				"rotation": [0, 0, -9.85108],
				"cubes": [
					{"origin": [2.20442, 8.70915, 3.17151], "size": [2, 4, 0], "uv": [46, 40]}
				]
			},
			{
				"name": "bone6",
				"parent": "dress",
				"pivot": [0, 6, 0],
				"rotation": [0, -90, 0]
			},
			{
				"name": "bone7",
				"parent": "bone6",
				"pivot": [0, 6, 4.17051],
				"rotation": [10, 0, 0],
				"cubes": [
					{"origin": [-1.5, 8.65782, 4.17051], "size": [3, 4, 0], "uv": [44, 36]}
				]
			},
			{
				"name": "bone8",
				"parent": "bone7",
				"pivot": [-2.5, 5.65782, 4.17051],
				"rotation": [0, 0, 9.85108],
				"cubes": [
					{"origin": [-3.21917, 8.88024, 4.16951], "size": [2, 4, 0], "uv": [4, 45]}
				]
			},
			{
				"name": "bone9",
				"parent": "bone7",
				"pivot": [2.5, 5.65782, 4.17051],
				"rotation": [0, 0, -9.85108],
				"cubes": [
					{"origin": [1.20442, 8.85133, 4.17151], "size": [2, 4, 0], "uv": [0, 45]}
				]
			},
			{
				"name": "bone10",
				"parent": "dress",
				"pivot": [0, 6, 0],
				"rotation": [0, -180, 0]
			},
			{
				"name": "bone11",
				"parent": "bone10",
				"pivot": [0, 6, 3.17051],
				"rotation": [10, 0, 0]
			},
			{
				"name": "bone12",
				"parent": "bone11",
				"pivot": [-2.5, 5.65782, 3.17051],
				"rotation": [0, 0, 9.85108],
				"cubes": [
					{"origin": [-4.20442, 8.70915, 3.16951], "size": [2, 4, 0], "uv": [46, 46]}
				]
			},
			{
				"name": "bone13",
				"parent": "bone11",
				"pivot": [2.5, 5.65782, 3.17051],
				"rotation": [0, 0, -9.85108],
				"cubes": [
					{"origin": [2.20442, 8.70915, 3.17151], "size": [2, 4, 0], "uv": [8, 45]}
				]
			},
			{
				"name": "bone14",
				"parent": "dress",
				"pivot": [-0.3, 6, 0],
				"rotation": [0, 90, 0]
			},
			{
				"name": "bone15",
				"parent": "bone14",
				"pivot": [-0.3, 6, 4.47051],
				"rotation": [10, 0, 0],
				"cubes": [
					{"origin": [-1.8, 8.65782, 4.47051], "size": [3, 4, 0], "uv": [44, 0]}
				]
			},
			{
				"name": "bone16",
				"parent": "bone15",
				"pivot": [-2.8, 5.65782, 4.47051],
				"rotation": [0, 0, 9.85108],
				"cubes": [
					{"origin": [-3.51917, 8.88024, 4.46951], "size": [2, 4, 0], "uv": [28, 0]}
				]
			},
			{
				"name": "bone17",
				"parent": "bone15",
				"pivot": [2.2, 5.65782, 4.47051],
				"rotation": [0, 0, -9.85108],
				"cubes": [
					{"origin": [0.91917, 8.88024, 4.47151], "size": [2, 4, 0], "uv": [0, 21]}
				]
			},
			{
				"name": "legLeft",
				"pivot": [1.25, 9, 0],
				"cubes": [
					{"origin": [0.149, 0, -1.3], "size": [2.6, 9, 2.6], "uv": [38, 38]}
				]
			},
			{
				"name": "legRight",
				"pivot": [-1.5, 9, 0],
				"cubes": [
					{"origin": [-2.749, 0, -1.3], "size": [2.6, 9, 2.6], "uv": [30, 36]}
				]
			}
		]
	}
}