{
	"format_version": "1.10.0",
	"geometry.model": {
		"texturewidth": 96,
		"textureheight": 96,
		"visible_bounds_width": 3,
		"visible_bounds_height": 4,
		"visible_bounds_offset": [0, 1, 0],
		"bones": [
			{
				"name": "head",
				"pivot": [0, 18, 0],
				"cubes": [
					{"origin": [-4, 18, -4], "size": [8, 8, 8], "uv": [0, 0]}
				]
			},
			{
				"name": "ahoge",
				"parent": "head",
				"pivot": [0, 26, 0],
				"cubes": [
					{"origin": [-3, 26, 0], "size": [6, 6, 0], "uv": [21, 56]}
				]
			},
			{
				"name": "blink",
				"parent": "head",
				"pivot": [0, 18, 0],
				"cubes": [
					{"origin": [-4, 18, -4.001], "size": [8, 8, 0], "uv": [48, 6]}
				]
			},
			{
				"name": "armRight",
				"pivot": [-3, 17.5, 0],
				"rotation": [0, 0, 25],
				"cubes": [
					{"origin": [-4.96946, 9.61762, -1], "size": [2, 8, 2], "uv": [24, 38]},
					{"origin": [-5.06946, 12.61762, -1.1], "size": [2.2, 5, 2.2], "uv": [0, 43]},
					{"origin": [-5.11946, 12.61762, -1.15], "size": [2.3, 1, 2.3], "uv": [16, 43]},
					{"origin": [-5.01946, 10.61762, -1.05], "size": [2.1, 0.25, 2.1], "uv": [56, 1]}
				]
			},
			{
				"name": "armLeft",
				"pivot": [3, 17.5, 0],
				"rotation": [0, 0, -25],
				"cubes": [
					{"origin": [2.96946, 9.61762, -1], "size": [2, 8, 2], "uv": [36, 0]},
					{"origin": [2.91946, 10.71762, -1.05], "size": [2.1, 6.9, 2.1], "uv": [0, 0]},
					{"origin": [2.86946, 10.61762, -1.1], "size": [2.2, 1, 2.2], "uv": [18, 18]}
				]
			},
			{
				"name": "body",
				"pivot": [0, 10.5, 0],
				"cubes": [
					{"origin": [-3, 8.999, -3], "size": [6, 9, 6], "uv": [0, 16]},
					{"origin": [-3.1, 11.599, -3.1], "size": [1.8, 6.4, 6.2], "uv": [26, 10]},
					{"origin": [1.2, 11.599, -3.1], "size": [1.9, 6.4, 6.2], "uv": [24, 24]},
					{"origin": [-3.1, 9.999, 3.1], "size": [6.2, 8, 0], "uv": [24, 0]},
					{"origin": [-2, 12, 3], "size": [1, 1, 0.4], "uv": [2, 1]},
					{"origin": [1, 12, 3], "size": [1, 1, 0.4], "uv": [2, 1]},
					{"origin": [-3.2, 12.1, 3.2], "size": [6.4, 0.8, 0.05], "uv": [2, 30]},
					{"origin": [3, 12, 1], "size": [0.4, 1, 1], "uv": [0, 3]},
					{"origin": [-3.4, 12, 1], "size": [0.4, 1, 1], "uv": [0, 3]},
					{"origin": [3.15, 12.1, 0], "size": [0.05, 0.8, 3.2], "uv": [0, 23]},
					{"origin": [-3.2, 12.1, 0], "size": [0, 0.8, 3.2], "uv": [0, 24]},
					{"origin": [-3.1, 15.9, -3.2], "size": [6.2, 2.1, 0], "uv": [14, 56]}
				]
			},
			{
				"name": "skirt4",
				"parent": "body",
				"pivot": [0, 17.5, 3.25],
				"rotation": [17.5, 0, 0],
				"cubes": [
					{"origin": [-3, 15, 3.25], "size": [6, 3, 0], "uv": [41, 55]}
				]
			},
			{
				"name": "skirt10",
				"parent": "body",
				"pivot": [0, 3.5, 0]
			},
			{
				"name": "bone53",
				"parent": "skirt10",
				"pivot": [0, 3.5, 0]
			},
			{
				"name": "bone54",
				"parent": "bone53",
				"pivot": [0, 3.5, 4.95124],
				"rotation": [13, 0, 0],
				"cubes": [
					{"origin": [-3, 10.06107, 4.95124], "size": [6, 2, 0], "uv": [44, 2]}
				]
			},
			{
				"name": "bone55",
				"parent": "bone54",
				"pivot": [-3, 3.06107, 4.95124],
				"rotation": [0, 0, 12.67771],
				"cubes": [
					{"origin": [-5, 10.06107, 4.95024], "size": [2, 2, 0], "uv": [30, 38]}
				]
			},
			{
				"name": "bone56",
				"parent": "bone54",
				"pivot": [3, 3.06107, 4.95124],
				"rotation": [0, 0, -12.67771],
				"cubes": [
					{"origin": [3, 10.06107, 4.95224], "size": [2, 2, 0], "uv": [36, 14]}
				]
			},
			{
				"name": "bone57",
				"parent": "skirt10",
				"pivot": [0, 3.5, 0],
				"rotation": [0, -90, 0]
			},
			{
				"name": "bone58",
				"parent": "bone57",
				"pivot": [0, 3.5, 4.95124],
				"rotation": [13, 0, 0],
				"cubes": [
					{"origin": [-3, 10.06107, 4.95124], "size": [6, 2, 0], "uv": [6, 43]}
				]
			},
			{
				"name": "bone59",
				"parent": "bone58",
				"pivot": [-3, 3.06107, 4.95124],
				"rotation": [0, 0, 12.67771],
				"cubes": [
					{"origin": [-5, 10.06107, 4.95024], "size": [2, 2, 0], "uv": [32, 8]}
				]
			},
			{
				"name": "bone60",
				"parent": "bone58",
				"pivot": [3, 3.06107, 4.95124],
				"rotation": [0, 0, -12.67771],
				"cubes": [
					{"origin": [3, 10.06107, 4.95224], "size": [2, 2, 0], "uv": [9, 31]}
				]
			},
			{
				"name": "bone61",
				"parent": "skirt10",
				"pivot": [0, 3.5, 0],
				"rotation": [0, -180, 0]
			},
			{
				"name": "bone62",
				"parent": "bone61",
				"pivot": [0, 3.5, 4.95124],
				"rotation": [13, 0, 0]
			},
			{
				"name": "bone63",
				"parent": "bone62",
				"pivot": [-3, 3.06107, 4.95124],
				"rotation": [0, 0, 12.67771],
				"cubes": [
					{"origin": [-5, 10.06107, 4.95024], "size": [1.9, 2, 0], "uv": [23, 16]}
				]
			},
			{
				"name": "bone64",
				"parent": "bone62",
				"pivot": [3, 3.06107, 4.95124],
				"rotation": [0, 0, -12.67771],
				"cubes": [
					{"origin": [3.2, 10.06107, 4.95224], "size": [1.8, 2, 0], "uv": [20, 16]}
				]
			},
			{
				"name": "bone65",
				"parent": "skirt10",
				"pivot": [0, 3.5, 0],
				"rotation": [0, -270, 0]
			},
			{
				"name": "bone66",
				"parent": "bone65",
				"pivot": [0, 3.5, 4.95124],
				"rotation": [13, 0, 0],
				"cubes": [
					{"origin": [-3, 10.06107, 4.95124], "size": [6, 2, 0], "uv": [42, 0]}
				]
			},
			{
				"name": "bone67",
				"parent": "bone66",
				"pivot": [-3, 3.06107, 4.95124],
				"rotation": [0, 0, 12.67771],
				"cubes": [
					{"origin": [-5, 10.06107, 4.95024], "size": [2, 2, 0], "uv": [18, 16]}
				]
			},
			{
				"name": "bone68",
				"parent": "bone66",
				"pivot": [3, 3.06107, 4.95124],
				"rotation": [0, 0, -12.67771],
				"cubes": [
					{"origin": [3, 10.06107, 4.95224], "size": [2, 2, 0], "uv": [0, 18]}
				]
			},
			{
				"name": "piaodai",
				"parent": "body",
				"pivot": [-2.5, 17.7, 3.1],
				"rotation": [-82.5, 0, 20]
			},
			{
				"name": "bone18",
				"parent": "piaodai",
				"pivot": [-1.5, 17.7, 3.1],
				"cubes": [
					{"origin": [-2.5, 17.6, 3.1], "size": [1, 0.1, 1], "uv": [8, 57]}
				]
			},
			{
				"name": "bone",
				"parent": "piaodai",
				"pivot": [-1.5, 17.7, 4.1],
				"rotation": [5, 0, 0],
				"cubes": [
					{"origin": [-2.5, 17.6, 4.1], "size": [1, 0.1, 1], "uv": [8, 57]}
				]
			},
			{
				"name": "bone19",
				"parent": "piaodai",
				"pivot": [-1.5, 17.79962, 5.10872],
				"rotation": [10, 0, 0],
				"cubes": [
					{"origin": [-2.5, 17.698, 5.00872], "size": [1, 0.1, 1.1], "uv": [8, 57]}
				]
			},
			{
				"name": "bone20",
				"parent": "piaodai",
				"pivot": [-1.5, 17.99886, 6.12615],
				"rotation": [17.5, 0, 0],
				"cubes": [
					{"origin": [-2.5, 17.89, 6.02615], "size": [1, 0.1, 1.1], "uv": [8, 57]}
				]
			},
			{
				"name": "bone21",
				"parent": "piaodai",
				"pivot": [-1.5, 18.30643, 7.05267],
				"rotation": [20, 0, 0],
				"cubes": [
					{"origin": [-2.5, 18.18, 7.05267], "size": [1, 0.1, 1], "uv": [8, 57]}
				]
			},
			{
				"name": "bone22",
				"parent": "piaodai",
				"pivot": [-1.5, 18.61401, 7.9792],
				"rotation": [27.5, 0, 0],
				"cubes": [
					{"origin": [-2.5, 18.51, 7.9792], "size": [1, 0.1, 1], "uv": [8, 57]}
				]
			},
			{
				"name": "bone23",
				"parent": "piaodai",
				"pivot": [-1.5, 19.11341, 8.74467],
				"rotation": [47.5, 0, 0],
				"cubes": [
					{"origin": [-2.5, 18.90872, 8.74467], "size": [1, 0.1, 1], "uv": [8, 57]}
				]
			},
			{
				"name": "bone24",
				"parent": "piaodai",
				"pivot": [-1.5, 19.74974, 9.50301],
				"rotation": [70, 0, 0],
				"cubes": [
					{"origin": [-2.5, 19.66, 9.50301], "size": [1, 0.1, 1], "uv": [8, 57]}
				]
			},
			{
				"name": "bone25",
				"parent": "piaodai",
				"pivot": [-1.5, 20.62017, 9.88031],
				"rotation": [83, 0, 0],
				"cubes": [
					{"origin": [-2.5, 20.57, 9.95], "size": [1, 0.1, 1], "uv": [8, 57]}
				]
			},
			{
				"name": "piaodai2",
				"parent": "body",
				"pivot": [2.5, 17.7, 3.1],
				"rotation": [-82.5, 0, -20]
			},
			{
				"name": "bone26",
				"parent": "piaodai2",
				"pivot": [2.5, 17.7, 3.1],
				"cubes": [
					{"origin": [1.5, 17.6, 3.1], "size": [1, 0.1, 1], "uv": [8, 57]}
				]
			},
			{
				"name": "bone27",
				"parent": "piaodai2",
				"pivot": [2.5, 17.7, 4.1],
				"rotation": [5, 0, 0],
				"cubes": [
					{"origin": [1.5, 17.6, 4.1], "size": [1, 0.1, 1], "uv": [8, 57]}
				]
			},
			{
				"name": "bone28",
				"parent": "piaodai2",
				"pivot": [2.5, 17.79962, 5.10872],
				"rotation": [10, 0, 0],
				"cubes": [
					{"origin": [1.5, 17.698, 5.00872], "size": [1, 0.1, 1.1], "uv": [8, 57]}
				]
			},
			{
				"name": "bone29",
				"parent": "piaodai2",
				"pivot": [2.5, 17.99886, 6.12615],
				"rotation": [17.5, 0, 0],
				"cubes": [
					{"origin": [1.5, 17.89, 6.02615], "size": [1, 0.1, 1.1], "uv": [8, 57]}
				]
			},
			{
				"name": "bone30",
				"parent": "piaodai2",
				"pivot": [2.5, 18.30643, 7.05267],
				"rotation": [20, 0, 0],
				"cubes": [
					{"origin": [1.5, 18.18, 7.05267], "size": [1, 0.1, 1], "uv": [8, 57]}
				]
			},
			{
				"name": "bone31",
				"parent": "piaodai2",
				"pivot": [2.5, 18.61401, 7.9792],
				"rotation": [27.5, 0, 0],
				"cubes": [
					{"origin": [1.5, 18.51, 7.9792], "size": [1, 0.1, 1], "uv": [8, 57]}
				]
			},
			{
				"name": "bone32",
				"parent": "piaodai2",
				"pivot": [2.5, 19.11341, 8.74467],
				"rotation": [47.5, 0, 0],
				"cubes": [
					{"origin": [1.5, 18.90872, 8.74467], "size": [1, 0.1, 1], "uv": [8, 57]}
				]
			},
			{
				"name": "bone33",
				"parent": "piaodai2",
				"pivot": [2.5, 19.74974, 9.50301],
				"rotation": [70, 0, 0],
				"cubes": [
					{"origin": [1.5, 19.66, 9.50301], "size": [1, 0.1, 1], "uv": [8, 57]}
				]
			},
			{
				"name": "bone34",
				"parent": "piaodai2",
				"pivot": [2.5, 20.62017, 9.88031],
				"rotation": [83, 0, 0],
				"cubes": [
					{"origin": [1.5, 20.57, 9.95], "size": [1, 0.1, 1], "uv": [8, 57]}
				]
			},
			{
				"name": "piaodai3",
				"parent": "body",
				"pivot": [-3.1, 12.9, 0],
				"rotation": [-85, -90, 0]
			},
			{
				"name": "bone35",
				"parent": "piaodai3",
				"pivot": [-2.1, 12.9, 0],
				"cubes": [
					{"origin": [-3.1, 12.9, 0], "size": [1, 0.1, 1], "uv": [0, 27]}
				]
			},
			{
				"name": "bone36",
				"parent": "piaodai3",
				"pivot": [-2.1, 12.9, 1],
				"rotation": [5, 0, 0],
				"cubes": [
					{"origin": [-3.1, 12.9, 1], "size": [1, 0.1, 1], "uv": [0, 27]}
				]
			},
			{
				"name": "bone37",
				"parent": "piaodai3",
				"pivot": [-2.1, 12.99962, 2.00872],
				"rotation": [10, 0, 0],
				"cubes": [
					{"origin": [-3.1, 12.998, 1.90872], "size": [1, 0.1, 1.1], "uv": [0, 27]}
				]
			},
			{
				"name": "piaodai4",
				"parent": "body",
				"pivot": [3.1, 12.9, 0],
				"rotation": [-85, 90, 0]
			},
			{
				"name": "bone39",
				"parent": "piaodai4",
				"pivot": [3.1, 12.9, 0],
				"cubes": [
					{"origin": [2.1, 12.9, 0], "size": [1, 0.1, 1], "uv": [0, 27]}
				]
			},
			{
				"name": "bone40",
				"parent": "piaodai4",
				"pivot": [3.1, 12.9, 1],
				"rotation": [5, 0, 0],
				"cubes": [
					{"origin": [2.1, 12.9, 1], "size": [1, 0.1, 1], "uv": [0, 27]}
				]
			},
			{
				"name": "bone41",
				"parent": "piaodai4",
				"pivot": [3.1, 12.99962, 2.00872],
				"rotation": [10, 0, 0],
				"cubes": [
					{"origin": [2.1, 12.998, 1.90872], "size": [1, 0.1, 1.1], "uv": [0, 27]}
				]
			},
			{
				"name": "legLeft",
				"pivot": [1.8, 9, 0],
				"cubes": [
					{"origin": [0.099, 0, -1.5], "size": [3, 9, 3], "uv": [12, 31]},
					{"origin": [0.099, 3, -1.6], "size": [3.2, 1, 3.2], "uv": [37, 37]}
				]
			},
			{
				"name": "legRight",
				"pivot": [-1.7, 9, 0],
				"cubes": [
					{"origin": [-3.099, 0, -1.5], "size": [3, 9, 3], "uv": [0, 31]},
					{"origin": [-3.199, 3, -1.6], "size": [3.2, 1, 3.2], "uv": [36, 10]}
				]
			},
			{
				"name": "sittingHiddenSkirt",
				"pivot": [0, 0, 0]
			},
			{
				"name": "sinFloat",
				"parent": "sittingHiddenSkirt",
				"pivot": [-8.55, 14.4, 2],
				"rotation": [49.13788, -21.48944, -72.41653],
				"cubes": [
					{"origin": [-6.35, 14.4, 1.9], "size": [6, 0.25, 0.25], "uv": [31, 68]},
					{"origin": [-13.15, 14.1, 1.6], "size": [0.4, 0.8, 0.8], "uv": [2, 68]},
					{"origin": [-8.85, 15, 1.92], "size": [0.5, 0.7, 0.2], "uv": [2, 68]},
					{"origin": [-8.25, 15, 1.92], "size": [0.5, 0.7, 0.2], "uv": [2, 68]},
					{"origin": [-9.45, 15, 1.92], "size": [0.5, 0.7, 0.2], "uv": [2, 68]},
					{"origin": [-8.75, 13.55, 1.82], "size": [0.3, 0.45, 0.4], "uv": [22, 68]},
					{"origin": [-9.35, 13.55, 1.82], "size": [0.3, 0.45, 0.4], "uv": [22, 68]},
					{"origin": [-8.85, 13.25, 1.92], "size": [0.5, 0.55, 0.2], "uv": [2, 68]},
					{"origin": [-9.45, 13.25, 1.92], "size": [0.5, 0.45, 0.2], "uv": [2, 68]},
					{"origin": [-8.95, 15.1, 1.95], "size": [0.75, 0.2, 0.15], "uv": [22, 68]}
				]
			},
			{
				"name": "jianwei",
				"parent": "sinFloat",
				"pivot": [-11.35, 14, -3.5],
				"cubes": [
					{"origin": [-0.35, 14.25, 1.75], "size": [0.25, 0.5, 0.5], "uv": [2, 68]},
					{"origin": [-0.1, 14, 1.5], "size": [0.5, 1, 1], "uv": [2, 68]},
					{"origin": [0.4, 14.2, 1.7], "size": [0.6, 0.6, 0.6], "uv": [22, 69]},
					{"origin": [0.2, 14.3, 1.8], "size": [0.9, 1.05, 0.4], "uv": [2, 68]},
					{"origin": [1.1, 14.3, 1.8], "size": [0.55, 0.7, 0.4], "uv": [2, 68]},
					{"origin": [1.65, 14.4, 1.9], "size": [0.5, 0.3, 0.25], "uv": [2, 68]},
					{"origin": [-0.8, 15, 1.9], "size": [1, 0.5, 0.2], "uv": [2, 68]}
				]
			},
			{
				"name": "hushou",
				"parent": "sinFloat",
				"pivot": [-10.75, 14, -3.5],
				"cubes": [
					{"origin": [-6.85, 14, 1.5], "size": [0.5, 1, 1], "uv": [2, 68]},
					{"origin": [-7.15, 14.1, 1.6], "size": [0.3, 0.8, 0.8], "uv": [2, 68]},
					{"origin": [-7.75, 14.2, 1.7], "size": [0.65, 0.6, 0.6], "uv": [33, 69]},
					{"origin": [-9.75, 14, 1.5], "size": [2, 1, 1], "uv": [2, 68]},
					{"origin": [-9.65, 13.9, 1.4], "size": [0.15, 1.2, 1.2], "uv": [21, 68]}
				]
			},
			{
				"name": "jianshen",
				"parent": "sinFloat",
				"pivot": [-10.75, 14, -3.5],
				"cubes": [
					{"origin": [-12.55, 14.6, 2], "size": [4.7, 0.85, 0.05], "uv": [31, 68]},
					{"origin": [-20.55, 14.6, 2], "size": [8.5, 0.15, 0.05], "uv": [31, 68]},
					{"origin": [-12.55, 13.55, 2], "size": [4.7, 0.85, 0.05], "uv": [31, 68]},
					{"origin": [-20.55, 14.25, 2], "size": [8.5, 0.15, 0.05], "uv": [31, 68]}
				]
			},
			{
				"name": "jianshen5",
				"parent": "jianshen",
				"pivot": [-21.75, 14.6, 2],
				"rotation": [0, 0, -5],
				"cubes": [
					{"origin": [-15.74128, 14.49962, 2], "size": [6.5, 0.45, 0.05], "uv": [2, 68]},
					{"origin": [-22.04128, 14.59962, 2], "size": [6.3, 0.35, 0.05], "uv": [2, 68]}
				]
			},
			{
				"name": "jianshen6",
				"parent": "jianshen",
				"pivot": [-21.75, 14.4, 2.1],
				"rotation": [0, 0, 5],
				"cubes": [
					{"origin": [-22.04128, 14.05038, 2], "size": [6.3, 0.35, 0.05], "uv": [2, 68]},
					{"origin": [-15.74128, 14.05038, 2], "size": [7.7, 0.65, 0.05], "uv": [2, 68]}
				]
			},
			{
				"name": "jianshen7",
				"parent": "jianshen",
				"pivot": [-20.05, 14.6, 1.9],
				"cubes": [
					{"origin": [-22.05, 14.59, 2], "size": [1.5, 0.12, 0.05], "uv": [2, 68]},
					{"origin": [-10.35, 15.25, 1.95], "size": [0.9, 0.4, 0.15], "uv": [2, 73]},
					{"origin": [-10.95, 14.95, 1.95], "size": [0.6, 0.65, 0.15], "uv": [2, 73]},
					{"origin": [-11.45, 14.95, 1.95], "size": [0.5, 0.6, 0.15], "uv": [2, 73]},
					{"origin": [-12.05, 14.85, 1.95], "size": [0.6, 0.65, 0.15], "uv": [2, 73]},
					{"origin": [-12.55, 14.75, 1.95], "size": [0.5, 0.7, 0.15], "uv": [2, 73]},
					{"origin": [-13.05, 14.75, 1.95], "size": [0.5, 0.65, 0.15], "uv": [2, 73]},
					{"origin": [-13.55, 14.75, 1.95], "size": [0.5, 0.62, 0.15], "uv": [2, 73]},
					{"origin": [-14.05, 14.65, 1.95], "size": [0.5, 0.67, 0.15], "uv": [2, 73]},
					{"origin": [-14.55, 14.65, 1.95], "size": [0.5, 0.64, 0.15], "uv": [2, 73]},
					{"origin": [-15.05, 14.75, 1.95], "size": [0.5, 0.48, 0.15], "uv": [2, 73]},
					{"origin": [-15.55, 14.65, 1.95], "size": [0.5, 0.55, 0.15], "uv": [2, 73]},
					{"origin": [-16.05, 14.65, 1.95], "size": [0.5, 0.5, 0.15], "uv": [2, 73]},
					{"origin": [-16.55, 14.75, 1.95], "size": [0.5, 0.35, 0.15], "uv": [2, 73]},
					{"origin": [-17.05, 14.65, 1.95], "size": [0.5, 0.4, 0.15], "uv": [2, 73]},
					{"origin": [-17.55, 14.65, 1.95], "size": [0.5, 0.36, 0.15], "uv": [2, 73]},
					{"origin": [-18.05, 14.75, 1.95], "size": [0.5, 0.22, 0.15], "uv": [2, 73]},
					{"origin": [-18.55, 14.65, 1.95], "size": [0.5, 0.27, 0.15], "uv": [2, 73]},
					{"origin": [-19.05, 14.65, 1.95], "size": [0.5, 0.25, 0.15], "uv": [2, 73]},
					{"origin": [-19.55, 14.75, 1.95], "size": [0.5, 0.1, 0.15], "uv": [2, 73]},
					{"origin": [-20.05, 14.65, 1.95], "size": [0.5, 0.15, 0.15], "uv": [2, 73]},
					{"origin": [-20.55, 14.65, 1.95], "size": [0.5, 0.1, 0.15], "uv": [2, 73]}
				]
			},
			{
				"name": "jianshen8",
				"parent": "jianshen",
				"pivot": [-20.05, 14.6, 2.1],
				"rotation": [180, 0, 0],
				"cubes": [
					{"origin": [-22.05, 14.79, 2.15], "size": [1.5, 0.12, 0.05], "uv": [2, 69]},
					{"origin": [-10.35, 15.45, 2.1], "size": [0.9, 0.4, 0.15], "uv": [2, 73]},
					{"origin": [-10.95, 15.15, 2.1], "size": [0.6, 0.65, 0.15], "uv": [2, 73]},
					{"origin": [-11.45, 15.15, 2.1], "size": [0.5, 0.6, 0.15], "uv": [2, 73]},
					{"origin": [-12.05, 15.05, 2.1], "size": [0.6, 0.65, 0.15], "uv": [2, 73]},
					{"origin": [-12.55, 14.95, 2.1], "size": [0.5, 0.7, 0.15], "uv": [2, 73]},
					{"origin": [-13.05, 14.95, 2.1], "size": [0.5, 0.65, 0.15], "uv": [2, 73]},
					{"origin": [-13.55, 14.95, 2.1], "size": [0.5, 0.62, 0.15], "uv": [2, 73]},
					{"origin": [-14.05, 14.85, 2.1], "size": [0.5, 0.67, 0.15], "uv": [2, 73]},
					{"origin": [-14.55, 14.85, 2.1], "size": [0.5, 0.64, 0.15], "uv": [2, 73]},
					{"origin": [-15.05, 14.95, 2.1], "size": [0.5, 0.48, 0.15], "uv": [2, 73]},
					{"origin": [-15.55, 14.85, 2.1], "size": [0.5, 0.55, 0.15], "uv": [2, 73]},
					{"origin": [-16.05, 14.85, 2.1], "size": [0.5, 0.5, 0.15], "uv": [2, 73]},
					{"origin": [-16.55, 14.95, 2.1], "size": [0.5, 0.35, 0.15], "uv": [2, 73]},
					{"origin": [-17.05, 14.85, 2.1], "size": [0.5, 0.4, 0.15], "uv": [2, 73]},
					{"origin": [-17.55, 14.85, 2.1], "size": [0.5, 0.36, 0.15], "uv": [2, 73]},
					{"origin": [-18.05, 14.95, 2.1], "size": [0.5, 0.22, 0.15], "uv": [2, 73]},
					{"origin": [-18.55, 14.85, 2.1], "size": [0.5, 0.27, 0.15], "uv": [2, 73]},
					{"origin": [-19.05, 14.85, 2.1], "size": [0.5, 0.25, 0.15], "uv": [2, 73]},
					{"origin": [-19.55, 14.95, 2.1], "size": [0.5, 0.1, 0.15], "uv": [2, 73]},
					{"origin": [-20.05, 14.85, 2.1], "size": [0.5, 0.15, 0.15], "uv": [2, 73]},
					{"origin": [-20.55, 14.85, 2.1], "size": [0.5, 0.1, 0.15], "uv": [2, 73]}
				]
			},
			{
				"name": "hushou12",
				"parent": "sinFloat",
				"pivot": [-9.45, 15.7, 1.4],
				"rotation": [0, 0, 27.5],
				"cubes": [
					{"origin": [-9.45, 15.7, 1.87], "size": [0.5, 0.75, 0.3], "uv": [2, 68]},
					{"origin": [-8.88618, 15.90521, 1.87], "size": [0.5, 0.75, 0.3], "uv": [2, 68]},
					{"origin": [-8.32237, 16.11042, 1.87], "size": [0.5, 0.75, 0.3], "uv": [2, 68]}
				]
			},
			{
				"name": "hushou13",
				"parent": "sinFloat",
				"pivot": [-9.45, 15.9, 1.4],
				"rotation": [0, 0, 17.5],
				"cubes": [
					{"origin": [-8.1, 16.4, 1.9], "size": [0.5, 1.2, 0.2], "uv": [2, 68]},
					{"origin": [-8.7, 16.4, 1.9], "size": [0.5, 0.8, 0.2], "uv": [2, 68]},
					{"origin": [-9.3, 16.3, 1.9], "size": [0.5, 0.6, 0.2], "uv": [2, 68]}
				]
			},
			{
				"name": "hushou14",
				"parent": "sinFloat",
				"pivot": [-8.45, 12.7, 1.5],
				"rotation": [0, 0, -6.5],
				"cubes": [
					{"origin": [-8.55, 13.1, 1.9], "size": [1.3, 0.5, 0.2], "uv": [2, 68]}
				]
			},
			{
				"name": "sittingRotationSkirt",
				"pivot": [0, 10.9, 0]
			},
			{
				"name": "dress",
				"parent": "sittingRotationSkirt",
				"pivot": [0, 3.5, 0]
			},
			{
				"name": "bone2",
				"parent": "dress",
				"pivot": [0, 3.5, 0]
			},
			{
				"name": "bone3",
				"parent": "bone2",
				"pivot": [0, 3.5, 4.47051],
				"rotation": [10, 0, 0],
				"cubes": [
					{"origin": [-2.5, 7.15782, 4.47051], "size": [5, 6, 0], "uv": [42, 14]}
				]
			},
			{
				"name": "bone4",
				"parent": "bone3",
				"pivot": [-2.5, 3.15782, 4.47051],
				"rotation": [0, 0, 9.85108],
				"cubes": [
					{"origin": [-4.5, 7.15782, 4.46951], "size": [2, 6, 0], "uv": [32, 47]}
				]
			},
			{
				"name": "bone5",
				"parent": "bone3",
				"pivot": [2.5, 3.15782, 4.47051],
				"rotation": [0, 0, -9.85108],
				"cubes": [
					{"origin": [2.5, 7.15782, 4.47151], "size": [2, 6, 0], "uv": [46, 23]}
				]
			},
			{
				"name": "bone6",
				"parent": "dress",
				"pivot": [0, 3.5, 0],
				"rotation": [0, -90, 0]
			},
			{
				"name": "bone7",
				"parent": "bone6",
				"pivot": [0, 3.5, 4.47051],
				"rotation": [10, 0, 0],
				"cubes": [
					{"origin": [-2.5, 7.15782, 4.47051], "size": [5, 6, 0], "uv": [42, 42]}
				]
			},
			{
				"name": "bone8",
				"parent": "bone7",
				"pivot": [-2.5, 3.15782, 4.47051],
				"rotation": [0, 0, 9.85108],
				"cubes": [
					{"origin": [-4.5, 7.15782, 4.46951], "size": [2, 6, 0], "uv": [20, 46]}
				]
			},
			{
				"name": "bone9",
				"parent": "bone7",
				"pivot": [2.5, 3.15782, 4.47051],
				"rotation": [0, 0, -9.85108],
				"cubes": [
					{"origin": [2.5, 7.15782, 4.47151], "size": [2, 6, 0], "uv": [16, 46]}
				]
			},
			{
				"name": "bone10",
				"parent": "dress",
				"pivot": [0, 3.5, 0],
				"rotation": [0, -180, 0]
			},
			{
				"name": "bone11",
				"parent": "bone10",
				"pivot": [0, 3.5, 4.47051],
				"rotation": [10, 0, 0],
				"cubes": [
					{"origin": [-2.5, 7.15782, 4.47051], "size": [5, 6, 0], "uv": [32, 41]}
				]
			},
			{
				"name": "bone12",
				"parent": "bone11",
				"pivot": [-2.5, 3.15782, 4.47051],
				"rotation": [0, 0, 9.85108],
				"cubes": [
					{"origin": [-4.5, 7.15782, 4.46951], "size": [2, 6, 0], "uv": [12, 45]}
				]
			},
			{
				"name": "bone13",
				"parent": "bone11",
				"pivot": [2.5, 3.15782, 4.47051],
				"rotation": [0, 0, -9.85108],
				"cubes": [
					{"origin": [2.5, 7.15782, 4.47151], "size": [2, 6, 0], "uv": [8, 45]}
				]
			},
			{
				"name": "bone14",
				"parent": "dress",
				"pivot": [0, 3.5, 0],
				"rotation": [0, -270, 0]
			},
			{
				"name": "bone15",
				"parent": "bone14",
				"pivot": [0, 3.5, 4.47051],
				"rotation": [10, 0, 0],
				"cubes": [
					{"origin": [-2.5, 7.15782, 4.47051], "size": [5, 6, 0], "uv": [40, 30]}
				]
			},
			{
				"name": "bone16",
				"parent": "bone15",
				"pivot": [-2.5, 3.15782, 4.47051],
				"rotation": [0, 0, 9.85108],
				"cubes": [
					{"origin": [-4.5, 7.15782, 4.46951], "size": [2, 6, 0], "uv": [44, 4]}
				]
			},
			{
				"name": "bone17",
				"parent": "bone15",
				"pivot": [2.5, 3.15782, 4.47051],
				"rotation": [0, 0, -9.85108],
				"cubes": [
					{"origin": [2.5, 7.15782, 4.47151], "size": [2, 6, 0], "uv": [24, 24]}
				]
			}
		]
	}
}