{
	"format_version": "1.10.0",
	"geometry.model": {
		"texturewidth": 64,
		"textureheight": 64,
		"visible_bounds_width": 3,
		"visible_bounds_height": 4,
		"visible_bounds_offset": [0, 1, 0],
		"bones": [
			{
				"name": "head",
				"pivot": [0, 18, 0],
				"cubes": [
					{"origin": [-4, 18, -4], "size": [8, 8, 8], "uv": [0, 0]}
				]
			},
			{
				"name": "blink",
				"parent": "head",
				"pivot": [0, 18, 0],
				"cubes": [
					{"origin": [-4, 18, -4.001], "size": [8, 8, 0], "uv": [24, 0]}
				]
			},
			{
				"name": "ahoge",
				"parent": "head",
				"pivot": [0, 26, 0],
				"cubes": [
					{"origin": [-4, 26, 0], "size": [8, 6, 0], "uv": [0, 29]}
				]
			},
			{
				"name": "hair",
				"parent": "head",
				"pivot": [0, 18, 4],
				"rotation": [5, 0, 0],
				"cubes": [
					{"origin": [-6, 5, 4], "size": [12, 13, 0], "uv": [0, 16]}
				]
			},
			{
				"name": "armRight",
				"pivot": [-3, 17.5, 0],
				"rotation": [0, 0, 17.5],
				"cubes": [
					{"origin": [-5.04172, 9.6, -1], "size": [2, 7.9, 2], "uv": [16, 40]},
					{"origin": [-5.14172, 10.6, -1.1], "size": [2.2, 7, 2.2], "uv": [8, 35]},
					{"origin": [-5.24172, 10.6, -1.2], "size": [2.4, 1, 2.4], "uv": [44, 41]}
				]
			},
			{
				"name": "armLeft",
				"pivot": [3, 17.5, 0],
				"rotation": [0, 0, -17.5],
				"cubes": [
					{"origin": [2.93193, 9.6, -1], "size": [2, 7.9, 2], "uv": [36, 37]},
					{"origin": [2.83193, 14.6, -1.1], "size": [2.2, 3, 2.2], "uv": [0, 0]},
					{"origin": [2.73193, 14.6, -1.2], "size": [2.4, 1, 2.4], "uv": [0, 5]}
				]
			},
			{
				"name": "body",
				"pivot": [0, 10.5, 0],
				"cubes": [
					{"origin": [-3, 8.999, -2], "size": [6, 9, 4], "uv": [24, 24]},
					{"origin": [-3.1, 11.999, -2.1], "size": [6.2, 6.1, 4.2], "uv": [28, 12]},
					{"origin": [-3.1, 12.999, -2.2], "size": [6.2, 5, 0], "uv": [24, 37]}
				]
			},
			{
				"name": "bodyskirtcap",
				"parent": "body",
				"pivot": [0, 17.8, 3.2],
				"rotation": [-12.5, 0, 0],
				"cubes": [
					{"origin": [-3, 14.75019, 2.11082], "size": [6, 3.1, 1.2], "uv": [32, 8]}
				]
			},
			{
				"name": "legLeft",
				"pivot": [1.75, 9, 0],
				"cubes": [
					{"origin": [0.249, 0, -1.3], "size": [2.6, 9, 2.6], "uv": [0, 35]}
				]
			},
			{
				"name": "legRight",
				"pivot": [-1.75, 9, 0],
				"cubes": [
					{"origin": [-2.849, 0, -1.3], "size": [2.6, 9, 2.6], "uv": [16, 29]}
				]
			},
			{
				"name": "sittingRotationSkirt",
				"pivot": [0, 11.25, 0]
			},
			{
				"name": "dress",
				"parent": "sittingRotationSkirt",
				"pivot": [0, 12, 0]
			},
			{
				"name": "bone2",
				"parent": "dress",
				"pivot": [0, 5, 0]
			},
			{
				"name": "bone3",
				"parent": "bone2",
				"pivot": [0, 5, 3.17051],
				"rotation": [10, 0, 0],
				"cubes": [
					{"origin": [-2.5, 7.65782, 3.17051], "size": [5, 4, 0], "uv": [44, 44]}
				]
			},
			{
				"name": "bone4",
				"parent": "bone3",
				"pivot": [-2.5, 4.65782, 3.17051],
				"rotation": [0, 0, 9.85108],
				"cubes": [
					{"origin": [-4.20442, 7.70915, 3.16951], "size": [2, 4, 0], "uv": [52, 52]}
				]
			},
			{
				"name": "bone5",
				"parent": "bone3",
				"pivot": [2.5, 4.65782, 3.17051],
				"rotation": [0, 0, -9.85108],
				"cubes": [
					{"origin": [2.20442, 7.70915, 3.17151], "size": [2, 4, 0], "uv": [48, 52]}
				]
			},
			{
				"name": "bone6",
				"parent": "dress",
				"pivot": [0, 5, 0],
				"rotation": [0, -90, 0]
			},
			{
				"name": "bone7",
				"parent": "bone6",
				"pivot": [0, 5, 4.17051],
				"rotation": [10, 0, 0],
				"cubes": [
					{"origin": [-1.5, 7.65782, 4.17051], "size": [3, 4, 0], "uv": [6, 51]}
				]
			},
			{
				"name": "bone8",
				"parent": "bone7",
				"pivot": [-2.5, 4.65782, 4.17051],
				"rotation": [0, 0, 9.85108],
				"cubes": [
					{"origin": [-3.21917, 7.88024, 4.16951], "size": [2, 4, 0], "uv": [12, 51]}
				]
			},
			{
				"name": "bone9",
				"parent": "bone7",
				"pivot": [2.5, 4.65782, 4.17051],
				"rotation": [0, 0, -9.85108],
				"cubes": [
					{"origin": [1.20442, 7.85133, 4.17151], "size": [2, 4, 0], "uv": [24, 20]}
				]
			},
			{
				"name": "bone10",
				"parent": "dress",
				"pivot": [0, 5, 0],
				"rotation": [0, -180, 0]
			},
			{
				"name": "bone11",
				"parent": "bone10",
				"pivot": [0, 5, 3.17051],
				"rotation": [10, 0, 0],
				"cubes": [
					{"origin": [-2.5, 7.65782, 3.17051], "size": [5, 4, 0], "uv": [24, 42]}
				]
			},
			{
				"name": "bone12",
				"parent": "bone11",
				"pivot": [-2.5, 4.65782, 3.17051],
				"rotation": [0, 0, 9.85108],
				"cubes": [
					{"origin": [-4.20442, 7.70915, 3.16951], "size": [2, 4, 0], "uv": [44, 51]}
				]
			},
			{
				"name": "bone13",
				"parent": "bone11",
				"pivot": [2.5, 4.65782, 3.17051],
				"rotation": [0, 0, -9.85108],
				"cubes": [
					{"origin": [2.20442, 7.70915, 3.17151], "size": [2, 4, 0], "uv": [40, 51]}
				]
			},
			{
				"name": "bone14",
				"parent": "dress",
				"pivot": [-0.3, 5, 0],
				"rotation": [0, 90, 0]
			},
			{
				"name": "bone15",
				"parent": "bone14",
				"pivot": [-0.3, 5, 4.47051],
				"rotation": [10, 0, 0],
				"cubes": [
					{"origin": [-1.8, 7.65782, 4.47051], "size": [3, 4, 0], "uv": [34, 50]}
				]
			},
			{
				"name": "bone16",
				"parent": "bone15",
				"pivot": [-2.8, 4.65782, 4.47051],
				"rotation": [0, 0, 9.85108],
				"cubes": [
					{"origin": [-3.51917, 7.88024, 4.46951], "size": [2, 4, 0], "uv": [24, 16]}
				]
			},
			{
				"name": "bone17",
				"parent": "bone15",
				"pivot": [2.2, 4.65782, 4.47051],
				"rotation": [0, 0, -9.85108],
				"cubes": [
					{"origin": [0.91917, 7.88024, 4.47151], "size": [2, 4, 0], "uv": [24, 24]}
				]
			},
			{
				"name": "skirt",
				"pivot": [0, 0, 0]
			},
			{
				"name": "skirt1",
				"parent": "skirt",
				"pivot": [0, 2, 0]
			},
			{
				"name": "bone18",
				"parent": "skirt1",
				"pivot": [0, 2, 0]
			},
			{
				"name": "bone19",
				"parent": "bone18",
				"pivot": [0, 2, 4.97051],
				"rotation": [10, 0, 0],
				"cubes": [
					{"origin": [-3, 9.83147, 3.9857], "size": [6, 3, 0], "uv": [40, 22]}
				]
			},
			{
				"name": "bone20",
				"parent": "bone19",
				"pivot": [-3, 1.65782, 4.97051],
				"rotation": [0, 0, 9.85108],
				"cubes": [
					{"origin": [-5.02971, 9.82891, 3.9847], "size": [2, 3, 0], "uv": [52, 23]}
				]
			},
			{
				"name": "bone21",
				"parent": "bone19",
				"pivot": [3, 1.65782, 4.97051],
				"rotation": [0, 0, -9.85108],
				"cubes": [
					{"origin": [3.02971, 9.82891, 3.9867], "size": [2, 3, 0], "uv": [52, 20]}
				]
			},
			{
				"name": "bone22",
				"parent": "skirt1",
				"pivot": [0, 2, 0],
				"rotation": [0, -90, 0]
			},
			{
				"name": "bone23",
				"parent": "bone22",
				"pivot": [0, 2, 4.97051],
				"rotation": [10, 0, 0],
				"cubes": [
					{"origin": [-2, 9.65782, 4.97051], "size": [4, 3, 0], "uv": [40, 48]}
				]
			},
			{
				"name": "bone24",
				"parent": "bone23",
				"pivot": [-3, 1.65782, 4.97051],
				"rotation": [0, 0, 9.85108],
				"cubes": [
					{"origin": [-4.01474, 9.82891, 4.96951], "size": [2, 3, 0], "uv": [52, 12]}
				]
			},
			{
				"name": "bone25",
				"parent": "bone23",
				"pivot": [3, 1.65782, 4.97051],
				"rotation": [0, 0, -9.85108],
				"cubes": [
					{"origin": [2.01474, 9.82891, 4.97151], "size": [2, 3, 0], "uv": [52, 3]}
				]
			},
			{
				"name": "bone26",
				"parent": "skirt1",
				"pivot": [0, 2, 0],
				"rotation": [0, -180, 0]
			},
			{
				"name": "bone27",
				"parent": "bone26",
				"pivot": [0, 2, 4.97051],
				"rotation": [10, 0, 0]
			},
			{
				"name": "bone28",
				"parent": "bone27",
				"pivot": [-3, 1.65782, 4.97051],
				"rotation": [0, 0, 9.85108],
				"cubes": [
					{"origin": [-5.02971, 9.82891, 3.9847], "size": [1, 3, 0], "uv": [52, 39]}
				]
			},
			{
				"name": "bone29",
				"parent": "bone27",
				"pivot": [3, 1.65782, 4.97051],
				"rotation": [0, 0, -9.85108],
				"cubes": [
					{"origin": [4.02971, 9.82891, 3.9867], "size": [1, 3, 0], "uv": [52, 36]}
				]
			},
			{
				"name": "bone30",
				"parent": "skirt1",
				"pivot": [0, 2, 0],
				"rotation": [0, -270, 0]
			},
			{
				"name": "bone31",
				"parent": "bone30",
				"pivot": [0, 2, 4.97051],
				"rotation": [10, 0, 0],
				"cubes": [
					{"origin": [-2, 9.65782, 4.97051], "size": [4, 3, 0], "uv": [8, 48]}
				]
			},
			{
				"name": "bone32",
				"parent": "bone31",
				"pivot": [-3, 1.65782, 4.97051],
				"rotation": [0, 0, 9.85108],
				"cubes": [
					{"origin": [-4.01474, 9.82891, 4.96951], "size": [2, 3, 0], "uv": [52, 0]}
				]
			},
			{
				"name": "bone33",
				"parent": "bone31",
				"pivot": [3, 1.65782, 4.97051],
				"rotation": [0, 0, -9.85108],
				"cubes": [
					{"origin": [2.01474, 9.82891, 4.97151], "size": [2, 3, 0], "uv": [40, 25]}
				]
			},
			{
				"name": "skirt2",
				"parent": "skirt",
				"pivot": [0, 4.1, 0]
			},
			{
				"name": "bone35",
				"parent": "skirt2",
				"pivot": [0, 4.1, 0]
			},
			{
				"name": "bone36",
				"parent": "bone35",
				"pivot": [0, 4.1, 5.83857],
				"rotation": [20, 0, 0],
				"cubes": [
					{"origin": [-3, 6.50133, 4.72786], "size": [6, 4, 0], "uv": [40, 4]}
				]
			},
			{
				"name": "bone37",
				"parent": "bone36",
				"pivot": [-3, 3.12915, 5.83857],
				"rotation": [0, 0, 18.88172],
				"cubes": [
					{"origin": [-5.95863, 6.50821, 4.72686], "size": [2, 4, 0], "uv": [29, 50]}
				]
			},
			{
				"name": "bone38",
				"parent": "bone36",
				"pivot": [3, 3.12915, 5.83857],
				"rotation": [0, 0, -18.88172],
				"cubes": [
					{"origin": [3.95863, 6.50821, 4.72886], "size": [2, 4, 0], "uv": [23, 50]}
				]
			},
			{
				"name": "bone39",
				"parent": "skirt2",
				"pivot": [0, 4.1, 0],
				"rotation": [0, -90, 0]
			},
			{
				"name": "bone40",
				"parent": "bone39",
				"pivot": [0, 4.1, 5.83857],
				"rotation": [20, 0, 0],
				"cubes": [
					{"origin": [-2, 6.15931, 5.66756], "size": [4, 4, 0], "uv": [46, 8]}
				]
			},
			{
				"name": "bone41",
				"parent": "bone40",
				"pivot": [-3, 3.12915, 5.83857],
				"rotation": [0, 0, 18.88172],
				"cubes": [
					{"origin": [-4.90176, 6.50821, 5.66656], "size": [2, 4, 0], "uv": [1, 50]}
				]
			},
			{
				"name": "bone42",
				"parent": "bone40",
				"pivot": [3, 3.12915, 5.83857],
				"rotation": [0, 0, -18.88172],
				"cubes": [
					{"origin": [2.90176, 6.50821, 5.66856], "size": [2, 4, 0], "uv": [17, 49]}
				]
			},
			{
				"name": "bone43",
				"parent": "skirt2",
				"pivot": [0, 4.1, 0],
				"rotation": [0, -180, 0]
			},
			{
				"name": "bone44",
				"parent": "bone43",
				"pivot": [0, 4.1, 5.83857],
				"rotation": [20, 0, 0]
			},
			{
				"name": "bone45",
				"parent": "bone44",
				"pivot": [-3, 3.12915, 5.83857],
				"rotation": [0, 0, 18.88172],
				"cubes": [
					{"origin": [-5.95863, 6.50821, 4.72686], "size": [1, 3.7, 0], "uv": [52, 33]}
				]
			},
			{
				"name": "bone46",
				"parent": "bone44",
				"pivot": [3, 3.12915, 5.83857],
				"rotation": [0, 0, -18.88172],
				"cubes": [
					{"origin": [4.95863, 6.50821, 4.72886], "size": [1, 3.7, 0], "uv": [52, 30]}
				]
			},
			{
				"name": "bone47",
				"parent": "skirt2",
				"pivot": [0, 4.1, 0],
				"rotation": [0, -270, 0]
			},
			{
				"name": "bone48",
				"parent": "bone47",
				"pivot": [0, 4.1, 5.83857],
				"rotation": [20, 0, 0],
				"cubes": [
					{"origin": [-2, 6.15931, 5.66756], "size": [4, 4, 0], "uv": [32, 46]}
				]
			},
			{
				"name": "bone49",
				"parent": "bone48",
				"pivot": [-3, 3.12915, 5.83857],
				"rotation": [0, 0, 18.88172],
				"cubes": [
					{"origin": [-4.90176, 6.50821, 5.66656], "size": [2, 4, 0], "uv": [49, 16]}
				]
			},
			{
				"name": "bone50",
				"parent": "bone48",
				"pivot": [3, 3.12915, 5.83857],
				"rotation": [0, 0, -18.88172],
				"cubes": [
					{"origin": [2.90176, 6.50821, 5.66856], "size": [2, 4, 0], "uv": [49, 48]}
				]
			},
			{
				"name": "skirt3",
				"parent": "skirt",
				"pivot": [0, 2.4, 0]
			},
			{
				"name": "bone53",
				"parent": "skirt3",
				"pivot": [0, 2.4, 0]
			},
			{
				"name": "bone54",
				"parent": "bone53",
				"pivot": [0, 2.4, 6.68448],
				"rotation": [25, 0, 0],
				"cubes": [
					{"origin": [-3, 3.26549, 5.77817], "size": [6, 4, 0], "uv": [40, 0]}
				]
			},
			{
				"name": "bone55",
				"parent": "bone54",
				"pivot": [-3, 0.84287, 6.68448],
				"rotation": [0, 0, 22.90981],
				"cubes": [
					{"origin": [-7.16452, 3.23216, 5.77717], "size": [3, 4, 0], "uv": [25, 46]}
				]
			},
			{
				"name": "bone56",
				"parent": "bone54",
				"pivot": [3, 0.84287, 6.68448],
				"rotation": [0, 0, -22.90981],
				"cubes": [
					{"origin": [4.16452, 3.23216, 5.77917], "size": [3, 4, 0], "uv": [1, 46]}
				]
			},
			{
				"name": "bone57",
				"parent": "skirt3",
				"pivot": [0, 2.4, 0],
				"rotation": [0, -90, 0]
			},
			{
				"name": "bone58",
				"parent": "bone57",
				"pivot": [0, 2.4, 6.68448],
				"rotation": [25, 0, 0],
				"cubes": [
					{"origin": [-2, 2.84287, 6.68448], "size": [4, 4, 0], "uv": [44, 37]}
				]
			},
			{
				"name": "bone59",
				"parent": "bone58",
				"pivot": [-3, 0.84287, 6.68448],
				"rotation": [0, 0, 22.90981],
				"cubes": [
					{"origin": [-6.07888, 3.23216, 6.68348], "size": [3, 4, 0], "uv": [44, 33]}
				]
			},
			{
				"name": "bone60",
				"parent": "bone58",
				"pivot": [3, 0.84287, 6.68448],
				"rotation": [0, 0, -22.90981],
				"cubes": [
					{"origin": [3.07888, 3.23216, 6.68548], "size": [3, 4, 0], "uv": [44, 29]}
				]
			},
			{
				"name": "bone61",
				"parent": "skirt3",
				"pivot": [0, 2.4, 0],
				"rotation": [0, -180, 0]
			},
			{
				"name": "bone62",
				"parent": "bone61",
				"pivot": [0, 2.4, 6.68448],
				"rotation": [25, 0, 0]
			},
			{
				"name": "bone63",
				"parent": "bone62",
				"pivot": [-3, 0.84287, 6.68448],
				"rotation": [0, 0, 22.90981],
				"cubes": [
					{"origin": [-7.16452, 3.23216, 5.77717], "size": [1, 4, 0], "uv": [52, 26]}
				]
			},
			{
				"name": "bone64",
				"parent": "bone62",
				"pivot": [3, 0.84287, 6.68448],
				"rotation": [0, 0, -22.90981],
				"cubes": [
					{"origin": [6.16452, 3.23216, 5.77917], "size": [1, 4, 0], "uv": [34, 42]}
				]
			},
			{
				"name": "bone65",
				"parent": "skirt3",
				"pivot": [0, 2.4, 0],
				"rotation": [0, -270, 0]
			},
			{
				"name": "bone66",
				"parent": "bone65",
				"pivot": [0, 2.4, 6.68448],
				"rotation": [25, 0, 0],
				"cubes": [
					{"origin": [-2, 2.84287, 6.68448], "size": [4, 4, 0], "uv": [44, 25]}
				]
			},
			{
				"name": "bone67",
				"parent": "bone66",
				"pivot": [-3, 0.84287, 6.68448],
				"rotation": [0, 0, 22.90981],
				"cubes": [
					{"origin": [-6.07888, 3.23216, 6.68348], "size": [3, 4, 0], "uv": [45, 12]}
				]
			},
			{
				"name": "bone68",
				"parent": "bone66",
				"pivot": [3, 0.84287, 6.68448],
				"rotation": [0, 0, -22.90981],
				"cubes": [
					{"origin": [3.07888, 3.23216, 6.68548], "size": [3, 4, 0], "uv": [9, 44]}
				]
			}
		]
	}
}