{
	"format_version": "1.10.0",
	"geometry.model": {
		"texturewidth": 64,
		"textureheight": 64,
		"visible_bounds_width": 3,
		"visible_bounds_height": 4,
		"visible_bounds_offset": [0, 1, 0],
		"bones": [
			{
				"name": "head",
				"pivot": [0, 18, 0],
				"cubes": [
					{"origin": [-4, 18, -4], "size": [8, 8, 8], "uv": [0, 0]},
					{"origin": [-3.4, 15, -4], "size": [0, 3, 2], "uv": [52, 6]},
					{"origin": [3.2, 15, -4], "size": [0, 3, 2], "uv": [52, 6]},
					{"origin": [-4.5, 14, -3], "size": [8.75, 4, 0], "uv": [16, 16]}
				]
			},
			{
				"name": "blink",
				"parent": "head",
				"pivot": [0, 18, 0],
				"cubes": [
					{"origin": [-4, 18, -4.001], "size": [8, 8, 0], "uv": [24, 0]}
				]
			},
			{
				"name": "ahoge",
				"parent": "head",
				"pivot": [0, 26, 0],
				"cubes": [
					{"origin": [-4, 26, 0], "size": [8, 6, 0], "uv": [0, 29]}
				]
			},
			{
				"name": "leftside",
				"parent": "head",
				"pivot": [4, 26, 0],
				"rotation": [0, 0, -12.5],
				"cubes": [
					{"origin": [4.25, 13, -4], "size": [0, 13, 8], "uv": [48, 22]}
				]
			},
			{
				"name": "rightside",
				"parent": "head",
				"pivot": [-4, 26, 0],
				"rotation": [0, 0, 12.5],
				"cubes": [
					{"origin": [-4.2, 13, -4], "size": [0, 13, 8], "uv": [48, 43]}
				]
			},
			{
				"name": "band",
				"parent": "head",
				"pivot": [0, 18, 0],
				"cubes": [
					{"origin": [4, 24.5, -0.5], "size": [0.5, 2, 2], "uv": [50, 0]},
					{"origin": [-4.5, 24.5, -0.5], "size": [0.5, 2, 2], "uv": [50, 0]}
				]
			},
			{
				"name": "armRight",
				"pivot": [-3, 17.5, 0],
				"rotation": [0, 0, 17.5],
				"cubes": [
					{"origin": [-5.04172, 9.6, -1], "size": [2, 7.9, 2], "uv": [0, 35]},
					{"origin": [-5.14172, 13.6, -1.1], "size": [2.2, 4.1, 2.2], "uv": [8, 35]},
					{"origin": [-5.24172, 13.1, -1.2], "size": [2.4, 1.5, 2.4], "uv": [40, 23]},
					{"origin": [-5.24172, 13.1, 1.2], "size": [0, 1.5, 1], "uv": [0, 0]},
					{"origin": [-5.14172, 10.6, -1.1], "size": [2.2, 1, 2.2], "uv": [40, 26]}
				]
			},
			{
				"name": "armLeft",
				"pivot": [3, 17.5, 0],
				"rotation": [0, 0, -17.5],
				"cubes": [
					{"origin": [2.93193, 9.6, -1], "size": [2, 7.9, 2], "uv": [32, 8]},
					{"origin": [2.83193, 13.6, -1.1], "size": [2.2, 4, 2.2], "uv": [0, 0]},
					{"origin": [2.73193, 13.1, -1.2], "size": [2.4, 1.5, 2.4], "uv": [40, 13]},
					{"origin": [5.13193, 13.1, 1.15], "size": [0, 1.5, 1.05], "uv": [6, 0]}
				]
			},
			{
				"name": "body",
				"pivot": [0, 10.5, 0],
				"cubes": [
					{"origin": [-3, 8.999, -2], "size": [6, 9, 4], "uv": [0, 16]},
					{"origin": [-3.1, 11.399, -2.1], "size": [6.2, 6.7, 4.2], "uv": [20, 20]},
					{"origin": [-3.1, 11.999, -2.2], "size": [6.2, 6.1, 0], "uv": [32, 32]},
					{"origin": [-0.9, 16.999, -2.6], "size": [1.75, 1, 0.575], "uv": [57, 0]}
				]
			},
			{
				"name": "skirt2",
				"parent": "body",
				"pivot": [0, 11, 0]
			},
			{
				"name": "bone18",
				"parent": "skirt2",
				"pivot": [0, 11, 0]
			},
			{
				"name": "bone19",
				"parent": "bone18",
				"pivot": [0, 11, 3.34224],
				"rotation": [25, 0, 0],
				"cubes": [
					{"origin": [-2.5, 9.64406, 2.43593], "size": [5, 3, 0], "uv": [40, 10]}
				]
			},
			{
				"name": "bone20",
				"parent": "bone19",
				"pivot": [-1.5, 10.22144, 3.34224],
				"rotation": [0, 0, 22.90981],
				"cubes": [
					{"origin": [-3.66452, 9.61072, 2.43493], "size": [2, 3, 0], "uv": [46, 19]}
				]
			},
			{
				"name": "bone21",
				"parent": "bone19",
				"pivot": [1.5, 10.22144, 3.34224],
				"rotation": [0, 0, -22.90981],
				"cubes": [
					{"origin": [1.66452, 9.61072, 2.43693], "size": [2, 3, 0], "uv": [46, 16]}
				]
			},
			{
				"name": "bone22",
				"parent": "skirt2",
				"pivot": [0, 11, 0],
				"rotation": [0, -90, 0]
			},
			{
				"name": "bone23",
				"parent": "bone22",
				"pivot": [0, 11, 3.34224],
				"rotation": [25, 0, 0],
				"cubes": [
					{"origin": [-1.5, 9.22144, 3.34224], "size": [3, 3, 0], "uv": [42, 38]}
				]
			},
			{
				"name": "bone24",
				"parent": "bone23",
				"pivot": [-1.5, 10.22144, 3.34224],
				"rotation": [0, 0, 22.90981],
				"cubes": [
					{"origin": [-2.57888, 9.61072, 3.34124], "size": [2, 3, 0], "uv": [16, 29]}
				]
			},
			{
				"name": "bone25",
				"parent": "bone23",
				"pivot": [1.5, 10.22144, 3.34224],
				"rotation": [0, 0, -22.90981],
				"cubes": [
					{"origin": [0.57888, 9.61072, 3.34324], "size": [2, 3, 0], "uv": [8, 46]}
				]
			},
			{
				"name": "bone26",
				"parent": "skirt2",
				"pivot": [0, 11, 0],
				"rotation": [0, -180, 0]
			},
			{
				"name": "bone27",
				"parent": "bone26",
				"pivot": [0, 11, 3.34224],
				"rotation": [25, 0, 0]
			},
			{
				"name": "bone28",
				"parent": "bone27",
				"pivot": [-1.5, 10.22144, 3.34224],
				"rotation": [0, 0, 22.90981]
			},
			{
				"name": "bone29",
				"parent": "bone27",
				"pivot": [1.5, 10.22144, 3.34224],
				"rotation": [0, 0, -22.90981]
			},
			{
				"name": "bone30",
				"parent": "skirt2",
				"pivot": [0, 11, 0],
				"rotation": [0, -270, 0]
			},
			{
				"name": "bone31",
				"parent": "bone30",
				"pivot": [0, 11, 3.34224],
				"rotation": [25, 0, 0],
				"cubes": [
					{"origin": [-1.5, 9.22144, 3.34224], "size": [3, 3, 0], "uv": [40, 29]}
				]
			},
			{
				"name": "bone32",
				"parent": "bone31",
				"pivot": [-1.5, 10.22144, 3.34224],
				"rotation": [0, 0, 22.90981],
				"cubes": [
					{"origin": [-2.57888, 9.61072, 3.34124], "size": [2, 3, 0], "uv": [4, 45]}
				]
			},
			{
				"name": "bone33",
				"parent": "bone31",
				"pivot": [1.5, 10.22144, 3.34224],
				"rotation": [0, 0, -22.90981],
				"cubes": [
					{"origin": [0.57888, 9.61072, 3.34324], "size": [2, 3, 0], "uv": [0, 45]}
				]
			},
			{
				"name": "legLeft",
				"pivot": [1.75, 9, 0],
				"cubes": [
					{"origin": [0.249, 0.1, -1.3], "size": [2.6, 8.9, 2.6], "uv": [24, 32]},
					{"origin": [0.149, 0, -1.4], "size": [2.8, 3, 2.8], "uv": [40, 0]}
				]
			},
			{
				"name": "band3",
				"parent": "legLeft",
				"pivot": [3.15, 0, 0],
				"cubes": [
					{"origin": [0.251, 2.3, -1.5], "size": [2.6, 1, 0], "uv": [39, 22]},
					{"origin": [0.251, 1, -1.5], "size": [2.6, 1, 0], "uv": [39, 22]}
				]
			},
			{
				"name": "legRight",
				"pivot": [-1.75, 9, 0],
				"cubes": [
					{"origin": [-2.849, 0.1, -1.3], "size": [2.6, 8.9, 2.6], "uv": [16, 32]},
					{"origin": [-2.949, 0, -1.4], "size": [2.8, 3, 2.8], "uv": [40, 5]}
				]
			},
			{
				"name": "band2",
				"parent": "legRight",
				"pivot": [-5.35, 9, 0],
				"cubes": [
					{"origin": [-2.849, 2.3, -1.5], "size": [2.6, 1, 0], "uv": [39, 22]},
					{"origin": [-2.849, 1, -1.5], "size": [2.6, 1, 0], "uv": [39, 22]}
				]
			},
			{
				"name": "sittingRotationSkirt",
				"pivot": [0, 11, 0]
			},
			{
				"name": "dress",
				"parent": "sittingRotationSkirt",
				"pivot": [0, 12, 0]
			},
			{
				"name": "bone2",
				"parent": "dress",
				"pivot": [0, 5, 0]
			},
			{
				"name": "bone3",
				"parent": "bone2",
				"pivot": [0, 5, 3.17051],
				"rotation": [10, 0, 0],
				"cubes": [
					{"origin": [-2.5, 7.65782, 3.17051], "size": [5, 4, 0], "uv": [32, 38]}
				]
			},
			{
				"name": "bone4",
				"parent": "bone3",
				"pivot": [-2.5, 4.65782, 3.17051],
				"rotation": [0, 0, 9.85108],
				"cubes": [
					{"origin": [-4.20442, 7.70915, 3.16951], "size": [2, 4, 0], "uv": [44, 32]}
				]
			},
			{
				"name": "bone5",
				"parent": "bone3",
				"pivot": [2.5, 4.65782, 3.17051],
				"rotation": [0, 0, -9.85108],
				"cubes": [
					{"origin": [2.20442, 7.70915, 3.17151], "size": [2, 4, 0], "uv": [38, 43]}
				]
			},
			{
				"name": "bone6",
				"parent": "dress",
				"pivot": [0, 5, 0],
				"rotation": [0, -90, 0]
			},
			{
				"name": "bone7",
				"parent": "bone6",
				"pivot": [0, 5, 4.17051],
				"rotation": [10, 0, 0],
				"cubes": [
					{"origin": [-1.5, 7.65782, 4.17051], "size": [3, 4, 0], "uv": [42, 42]}
				]
			},
			{
				"name": "bone8",
				"parent": "bone7",
				"pivot": [-2.5, 4.65782, 4.17051],
				"rotation": [0, 0, 9.85108],
				"cubes": [
					{"origin": [-3.21917, 7.88024, 4.16951], "size": [2, 4, 0], "uv": [26, 43]}
				]
			},
			{
				"name": "bone9",
				"parent": "bone7",
				"pivot": [2.5, 4.65782, 4.17051],
				"rotation": [0, 0, -9.85108],
				"cubes": [
					{"origin": [1.20442, 7.85133, 4.17151], "size": [2, 4, 0], "uv": [22, 43]}
				]
			},
			{
				"name": "bone10",
				"parent": "dress",
				"pivot": [0, 5, 0],
				"rotation": [0, -180, 0]
			},
			{
				"name": "bone11",
				"parent": "bone10",
				"pivot": [0, 5, 3.17051],
				"rotation": [10, 0, 0],
				"cubes": [
					{"origin": [-2.5, 7.65782, 3.17051], "size": [5, 4, 0], "uv": [36, 18]}
				]
			},
			{
				"name": "bone12",
				"parent": "bone11",
				"pivot": [-2.5, 4.65782, 3.17051],
				"rotation": [0, 0, 9.85108],
				"cubes": [
					{"origin": [-4.20442, 7.70915, 3.16951], "size": [2, 4, 0], "uv": [34, 43]}
				]
			},
			{
				"name": "bone13",
				"parent": "bone11",
				"pivot": [2.5, 4.65782, 3.17051],
				"rotation": [0, 0, -9.85108],
				"cubes": [
					{"origin": [2.20442, 7.70915, 3.17151], "size": [2, 4, 0], "uv": [30, 43]}
				]
			},
			{
				"name": "bone14",
				"parent": "dress",
				"pivot": [-0.3, 5, 0],
				"rotation": [0, 90, 0]
			},
			{
				"name": "bone15",
				"parent": "bone14",
				"pivot": [-0.3, 5, 4.47051],
				"rotation": [10, 0, 0],
				"cubes": [
					{"origin": [-1.8, 7.65782, 4.47051], "size": [3, 4, 0], "uv": [8, 41]}
				]
			},
			{
				"name": "bone16",
				"parent": "bone15",
				"pivot": [-2.8, 4.65782, 4.47051],
				"rotation": [0, 0, 9.85108],
				"cubes": [
					{"origin": [-3.51917, 7.88024, 4.46951], "size": [2, 4, 0], "uv": [18, 43]}
				]
			},
			{
				"name": "bone17",
				"parent": "bone15",
				"pivot": [2.2, 4.65782, 4.47051],
				"rotation": [0, 0, -9.85108],
				"cubes": [
					{"origin": [0.91917, 7.88024, 4.47151], "size": [2, 4, 0], "uv": [14, 43]}
				]
			}
		]
	}
}