{
	"format_version": "1.10.0",
	"geometry.model": {
		"texturewidth": 64,
		"textureheight": 64,
		"visible_bounds_width": 3,
		"visible_bounds_height": 4,
		"visible_bounds_offset": [0, 1, 0],
		"bones": [
			{
				"name": "head",
				"pivot": [0, 18, 0],
				"cubes": [
					{"origin": [-4, 18, -4], "size": [8, 8, 8], "uv": [0, 0]},
					{"origin": [-4.5, 13, -3], "size": [9, 5, 0], "uv": [24, 0]},
					{"origin": [3.5, 14, -4], "size": [0, 4, 2], "uv": [54, 27]},
					{"origin": [-3.5, 14, -4], "size": [0, 4, 2], "uv": [54, 27]},
					{"origin": [-4, 14.1, -3.5], "size": [1, 1, 1], "uv": [55, 0]},
					{"origin": [3, 14.1, -3.5], "size": [1, 1, 1], "uv": [55, 0]}
				]
			},
			{
				"name": "hair2",
				"parent": "head",
				"pivot": [0, 18, 4],
				"rotation": [5, 0, 0],
				"cubes": [
					{"origin": [-7, 0, 4], "size": [14, 18, 0], "uv": [0, 16]}
				]
			},
			{
				"name": "ahoge",
				"parent": "head",
				"pivot": [0, 18, 0],
				"cubes": [
					{"origin": [-4, 26, 0], "size": [8, 7.6, 0], "uv": [0, 34]}
				]
			},
			{
				"name": "blink",
				"parent": "head",
				"pivot": [0, 18, 0],
				"cubes": [
					{"origin": [-4, 18, -4.001], "size": [8, 8, 0], "uv": [15, 55]}
				]
			},
			{
				"name": "armRight",
				"pivot": [-3, 17.5, 0],
				"rotation": [0, 0, 17.5],
				"cubes": [
					{"origin": [-4.94172, 9.6, -1], "size": [2, 8, 2], "uv": [54, 16]},
					{"origin": [-5.04172, 11, -1.1], "size": [2.2, 4.5, 2.2], "uv": [0, 0]}
				]
			},
			{
				"name": "bone34",
				"parent": "armRight",
				"pivot": [-3.27769, 0.69551, 0]
			},
			{
				"name": "bone35",
				"parent": "bone34",
				"pivot": [-3.27769, 0.69551, 0]
			},
			{
				"name": "bone36",
				"parent": "bone35",
				"pivot": [-3.27769, 0.69551, 2.97051],
				"rotation": [10, 0, 0],
				"cubes": [
					{"origin": [-4.4453, 10.34604, 2.93396], "size": [1, 1, 0], "uv": [50, 36]}
				]
			},
			{
				"name": "bone37",
				"parent": "bone36",
				"pivot": [-4.27769, 0.35334, 2.97051],
				"rotation": [0, 0, 9.85108],
				"cubes": [
					{"origin": [-6.89999, 10.23488, 2.93296], "size": [1, 1, 0], "uv": [34, 50]}
				]
			},
			{
				"name": "bone38",
				"parent": "bone36",
				"pivot": [-2.27769, 0.35334, 2.97051],
				"rotation": [0, 0, -9.85108],
				"cubes": [
					{"origin": [-1.97092, 10.46332, 2.93496], "size": [1, 1, 0], "uv": [32, 50]}
				]
			},
			{
				"name": "bone39",
				"parent": "bone34",
				"pivot": [-3.27769, 0.69551, 0],
				"rotation": [0, -90, 0]
			},
			{
				"name": "bone40",
				"parent": "bone39",
				"pivot": [-3.27769, 0.69551, 2.97051],
				"rotation": [10, 0, 0],
				"cubes": [
					{"origin": [-3.77769, 10.23011, 3.59142], "size": [1, 1, 0], "uv": [50, 35]}
				]
			},
			{
				"name": "bone41",
				"parent": "bone40",
				"pivot": [-4.27769, 0.35334, 2.97051],
				"rotation": [0, 0, 9.85108],
				"cubes": [
					{"origin": [-6.22239, 10.23488, 3.59042], "size": [1, 1, 0], "uv": [30, 50]}
				]
			},
			{
				"name": "bone42",
				"parent": "bone40",
				"pivot": [-2.27769, 0.35334, 2.97051],
				"rotation": [0, 0, -9.85108],
				"cubes": [
					{"origin": [-1.33299, 10.23488, 3.59242], "size": [1, 1, 0], "uv": [34, 49]}
				]
			},
			{
				"name": "bone43",
				"parent": "bone34",
				"pivot": [-3.27769, 0.69551, 0],
				"rotation": [0, -180, 0]
			},
			{
				"name": "bone44",
				"parent": "bone43",
				"pivot": [-3.27769, 0.69551, 2.97051],
				"rotation": [10, 0, 0],
				"cubes": [
					{"origin": [-3.11009, 10.34604, 2.93396], "size": [1, 1, 0], "uv": [50, 34]}
				]
			},
			{
				"name": "bone45",
				"parent": "bone44",
				"pivot": [-4.27769, 0.35334, 2.97051],
				"rotation": [0, 0, 9.85108],
				"cubes": [
					{"origin": [-5.58447, 10.46332, 2.93296], "size": [1, 1, 0], "uv": [48, 40]}
				]
			},
			{
				"name": "bone46",
				"parent": "bone44",
				"pivot": [-2.27769, 0.35334, 2.97051],
				"rotation": [0, 0, -9.85108],
				"cubes": [
					{"origin": [-0.6554, 10.23488, 2.93496], "size": [1, 1, 0], "uv": [48, 39]}
				]
			},
			{
				"name": "bone47",
				"parent": "bone34",
				"pivot": [-3.27769, 0.69551, 0],
				"rotation": [0, -270, 0]
			},
			{
				"name": "bone48",
				"parent": "bone47",
				"pivot": [-3.27769, 0.69551, 2.97051],
				"rotation": [10, 0, 0],
				"cubes": [
					{"origin": [-3.77769, 10.46197, 2.2765], "size": [1, 1, 0], "uv": [50, 33]}
				]
			},
			{
				"name": "bone49",
				"parent": "bone48",
				"pivot": [-4.27769, 0.35334, 2.97051],
				"rotation": [0, 0, 9.85108],
				"cubes": [
					{"origin": [-6.26206, 10.46332, 2.2755], "size": [1, 1, 0], "uv": [50, 27]}
				]
			},
			{
				"name": "bone50",
				"parent": "bone48",
				"pivot": [-2.27769, 0.35334, 2.97051],
				"rotation": [0, 0, -9.85108],
				"cubes": [
					{"origin": [-1.29333, 10.46332, 2.2775], "size": [1, 1, 0], "uv": [50, 26]}
				]
			},
			{
				"name": "bone18",
				"parent": "armRight",
				"pivot": [-4.57769, 14.89551, 0],
				"rotation": [0, 0, 180]
			},
			{
				"name": "bone19",
				"parent": "bone18",
				"pivot": [-4.57769, 3.89551, 0]
			},
			{
				"name": "bone20",
				"parent": "bone19",
				"pivot": [-4.57769, 3.89551, 2.97051],
				"rotation": [10, 0, 0],
				"cubes": [
					{"origin": [-5.7453, 13.54604, 2.93396], "size": [1, 1, 0], "uv": [50, 32]}
				]
			},
			{
				"name": "bone21",
				"parent": "bone20",
				"pivot": [-5.57769, 3.55334, 2.97051],
				"rotation": [0, 0, 9.85108],
				"cubes": [
					{"origin": [-8.19999, 13.43488, 2.93296], "size": [1, 1, 0], "uv": [50, 14]}
				]
			},
			{
				"name": "bone22",
				"parent": "bone20",
				"pivot": [-3.57769, 3.55334, 2.97051],
				"rotation": [0, 0, -9.85108],
				"cubes": [
					{"origin": [-3.27092, 13.66332, 2.93496], "size": [1, 1, 0], "uv": [50, 13]}
				]
			},
			{
				"name": "bone23",
				"parent": "bone18",
				"pivot": [-4.57769, 3.89551, 0],
				"rotation": [0, -90, 0]
			},
			{
				"name": "bone24",
				"parent": "bone23",
				"pivot": [-4.57769, 3.89551, 2.97051],
				"rotation": [10, 0, 0],
				"cubes": [
					{"origin": [-5.07769, 13.43011, 3.59142], "size": [1, 1, 0], "uv": [50, 31]}
				]
			},
			{
				"name": "bone25",
				"parent": "bone24",
				"pivot": [-5.57769, 3.55334, 2.97051],
				"rotation": [0, 0, 9.85108],
				"cubes": [
					{"origin": [-7.52239, 13.43488, 3.59042], "size": [1, 1, 0], "uv": [50, 15]}
				]
			},
			{
				"name": "bone26",
				"parent": "bone24",
				"pivot": [-3.57769, 3.55334, 2.97051],
				"rotation": [0, 0, -9.85108],
				"cubes": [
					{"origin": [-2.63299, 13.43488, 3.59242], "size": [1, 1, 0], "uv": [50, 25]}
				]
			},
			{
				"name": "bone27",
				"parent": "bone18",
				"pivot": [-4.57769, 3.89551, 0],
				"rotation": [0, -180, 0]
			},
			{
				"name": "bone28",
				"parent": "bone27",
				"pivot": [-4.57769, 3.89551, 2.97051],
				"rotation": [10, 0, 0],
				"cubes": [
					{"origin": [-4.41009, 13.54604, 2.93396], "size": [1, 1, 0], "uv": [50, 30]}
				]
			},
			{
				"name": "bone29",
				"parent": "bone28",
				"pivot": [-5.57769, 3.55334, 2.97051],
				"rotation": [0, 0, 9.85108],
				"cubes": [
					{"origin": [-6.88447, 13.66332, 2.93296], "size": [1, 1, 0], "uv": [50, 12]}
				]
			},
			{
				"name": "bone30",
				"parent": "bone28",
				"pivot": [-3.57769, 3.55334, 2.97051],
				"rotation": [0, 0, -9.85108],
				"cubes": [
					{"origin": [-1.9554, 13.43488, 2.93496], "size": [1, 1, 0], "uv": [50, 50]}
				]
			},
			{
				"name": "bone31",
				"parent": "bone18",
				"pivot": [-4.57769, 3.89551, 0],
				"rotation": [0, -270, 0]
			},
			{
				"name": "bone32",
				"parent": "bone31",
				"pivot": [-4.57769, 3.89551, 2.97051],
				"rotation": [10, 0, 0],
				"cubes": [
					{"origin": [-5.07769, 13.66197, 2.2765], "size": [1, 1, 0], "uv": [50, 28]}
				]
			},
			{
				"name": "bone33",
				"parent": "bone32",
				"pivot": [-5.57769, 3.55334, 2.97051],
				"rotation": [0, 0, 9.85108],
				"cubes": [
					{"origin": [-7.56206, 13.66332, 2.2755], "size": [1, 1, 0], "uv": [48, 50]}
				]
			},
			{
				"name": "bone51",
				"parent": "bone32",
				"pivot": [-3.57769, 3.55334, 2.97051],
				"rotation": [0, 0, -9.85108],
				"cubes": [
					{"origin": [-2.59333, 13.66332, 2.2775], "size": [1, 1, 0], "uv": [46, 50]}
				]
			},
			{
				"name": "armLeft",
				"pivot": [3, 17.5, 0],
				"rotation": [0, 0, -17.5],
				"cubes": [
					{"origin": [2.93193, 9.6, -1], "size": [2, 8, 2], "uv": [54, 5]}
				]
			},
			{
				"name": "bone52",
				"parent": "armLeft",
				"pivot": [3.24731, 15.09551, 0],
				"rotation": [0, 0, 180]
			},
			{
				"name": "bone53",
				"parent": "bone52",
				"pivot": [3.24731, 4.09551, 0]
			},
			{
				"name": "bone54",
				"parent": "bone53",
				"pivot": [3.24731, 4.09551, 2.97051],
				"rotation": [10, 0, 0],
				"cubes": [
					{"origin": [2.0797, 14.04604, 2.93396], "size": [1, 1.1, 0], "uv": [48, 38]}
				]
			},
			{
				"name": "bone55",
				"parent": "bone54",
				"pivot": [2.24731, 3.75334, 2.97051],
				"rotation": [0, 0, 9.85108],
				"cubes": [
					{"origin": [-0.37499, 13.93488, 2.93296], "size": [1, 1.1, 0], "uv": [48, 37]}
				]
			},
			{
				"name": "bone56",
				"parent": "bone54",
				"pivot": [4.24731, 3.75334, 2.97051],
				"rotation": [0, 0, -9.85108],
				"cubes": [
					{"origin": [4.55408, 14.16332, 2.93496], "size": [1, 1.1, 0], "uv": [48, 36]}
				]
			},
			{
				"name": "bone57",
				"parent": "bone52",
				"pivot": [3.24731, 4.09551, 0],
				"rotation": [0, -90, 0]
			},
			{
				"name": "bone58",
				"parent": "bone57",
				"pivot": [3.24731, 4.09551, 2.97051],
				"rotation": [10, 0, 0],
				"cubes": [
					{"origin": [2.74731, 13.93011, 3.59142], "size": [1, 1.1, 0], "uv": [48, 35]}
				]
			},
			{
				"name": "bone59",
				"parent": "bone58",
				"pivot": [2.24731, 3.75334, 2.97051],
				"rotation": [0, 0, 9.85108],
				"cubes": [
					{"origin": [0.30261, 13.93488, 3.59042], "size": [1, 1.1, 0], "uv": [48, 34]}
				]
			},
			{
				"name": "bone60",
				"parent": "bone58",
				"pivot": [4.24731, 3.75334, 2.97051],
				"rotation": [0, 0, -9.85108],
				"cubes": [
					{"origin": [5.19201, 13.93488, 3.59242], "size": [1, 1.1, 0], "uv": [48, 33]}
				]
			},
			{
				"name": "bone61",
				"parent": "bone52",
				"pivot": [3.24731, 4.09551, 0],
				"rotation": [0, -180, 0]
			},
			{
				"name": "bone62",
				"parent": "bone61",
				"pivot": [3.24731, 4.09551, 2.97051],
				"rotation": [10, 0, 0],
				"cubes": [
					{"origin": [3.41491, 14.04604, 2.93396], "size": [1, 1.1, 0], "uv": [48, 32]}
				]
			},
			{
				"name": "bone63",
				"parent": "bone62",
				"pivot": [2.24731, 3.75334, 2.97051],
				"rotation": [0, 0, 9.85108],
				"cubes": [
					{"origin": [0.94053, 14.16332, 2.93296], "size": [1, 1.1, 0], "uv": [48, 31]}
				]
			},
			{
				"name": "bone64",
				"parent": "bone62",
				"pivot": [4.24731, 3.75334, 2.97051],
				"rotation": [0, 0, -9.85108],
				"cubes": [
					{"origin": [5.8696, 13.93488, 2.93496], "size": [1, 1.1, 0], "uv": [48, 30]}
				]
			},
			{
				"name": "bone65",
				"parent": "bone52",
				"pivot": [3.24731, 4.09551, 0],
				"rotation": [0, -270, 0]
			},
			{
				"name": "bone66",
				"parent": "bone65",
				"pivot": [3.24731, 4.09551, 2.97051],
				"rotation": [10, 0, 0],
				"cubes": [
					{"origin": [2.74731, 14.16197, 2.2765], "size": [1, 1.1, 0], "uv": [34, 48]}
				]
			},
			{
				"name": "bone67",
				"parent": "bone66",
				"pivot": [2.24731, 3.75334, 2.97051],
				"rotation": [0, 0, 9.85108],
				"cubes": [
					{"origin": [0.26294, 14.16332, 2.2755], "size": [1, 1.1, 0], "uv": [34, 47]}
				]
			},
			{
				"name": "bone68",
				"parent": "bone66",
				"pivot": [4.24731, 3.75334, 2.97051],
				"rotation": [0, 0, -9.85108],
				"cubes": [
					{"origin": [5.23167, 14.16332, 2.2775], "size": [1, 1.1, 0], "uv": [34, 46]}
				]
			},
			{
				"name": "bone69",
				"parent": "armLeft",
				"pivot": [4.59731, 4.49551, 0]
			},
			{
				"name": "bone70",
				"parent": "bone69",
				"pivot": [4.59731, 4.49551, 0]
			},
			{
				"name": "bone71",
				"parent": "bone70",
				"pivot": [4.59731, 4.49551, 2.97051],
				"rotation": [10, 0, 0],
				"cubes": [
					{"origin": [3.4297, 14.44604, 2.93396], "size": [1, 1, 0], "uv": [19, 45]}
				]
			},
			{
				"name": "bone72",
				"parent": "bone71",
				"pivot": [3.59731, 4.15334, 2.97051],
				"rotation": [0, 0, 9.85108],
				"cubes": [
					{"origin": [0.97501, 14.33488, 2.93296], "size": [1, 1, 0], "uv": [42, 27]}
				]
			},
			{
				"name": "bone73",
				"parent": "bone71",
				"pivot": [5.59731, 4.15334, 2.97051],
				"rotation": [0, 0, -9.85108],
				"cubes": [
					{"origin": [5.90408, 14.56332, 2.93496], "size": [1, 1, 0], "uv": [42, 26]}
				]
			},
			{
				"name": "bone74",
				"parent": "bone69",
				"pivot": [4.59731, 4.49551, 0],
				"rotation": [0, -90, 0]
			},
			{
				"name": "bone75",
				"parent": "bone74",
				"pivot": [4.59731, 4.49551, 2.97051],
				"rotation": [10, 0, 0],
				"cubes": [
					{"origin": [4.09731, 14.33011, 3.59142], "size": [1, 1, 0], "uv": [42, 25]}
				]
			},
			{
				"name": "bone76",
				"parent": "bone75",
				"pivot": [3.59731, 4.15334, 2.97051],
				"rotation": [0, 0, 9.85108],
				"cubes": [
					{"origin": [1.65261, 14.33488, 3.59042], "size": [1, 1, 0], "uv": [6, 42]}
				]
			},
			{
				"name": "bone77",
				"parent": "bone75",
				"pivot": [5.59731, 4.15334, 2.97051],
				"rotation": [0, 0, -9.85108],
				"cubes": [
					{"origin": [6.54201, 14.33488, 3.59242], "size": [1, 1, 0], "uv": [0, 42]}
				]
			},
			{
				"name": "bone78",
				"parent": "bone69",
				"pivot": [4.59731, 4.49551, 0],
				"rotation": [0, -180, 0]
			},
			{
				"name": "bone79",
				"parent": "bone78",
				"pivot": [4.59731, 4.49551, 2.97051],
				"rotation": [10, 0, 0],
				"cubes": [
					{"origin": [4.76491, 14.44604, 2.93396], "size": [1, 1, 0], "uv": [6, 41]}
				]
			},
			{
				"name": "bone80",
				"parent": "bone79",
				"pivot": [3.59731, 4.15334, 2.97051],
				"rotation": [0, 0, 9.85108],
				"cubes": [
					{"origin": [2.29053, 14.56332, 2.93296], "size": [1, 1, 0], "uv": [0, 41]}
				]
			},
			{
				"name": "bone81",
				"parent": "bone79",
				"pivot": [5.59731, 4.15334, 2.97051],
				"rotation": [0, 0, -9.85108],
				"cubes": [
					{"origin": [7.2196, 14.33488, 2.93496], "size": [1, 1, 0], "uv": [22, 35]}
				]
			},
			{
				"name": "bone82",
				"parent": "bone69",
				"pivot": [4.59731, 4.49551, 0],
				"rotation": [0, -270, 0]
			},
			{
				"name": "bone83",
				"parent": "bone82",
				"pivot": [4.59731, 4.49551, 2.97051],
				"rotation": [10, 0, 0],
				"cubes": [
					{"origin": [4.09731, 14.56197, 2.2765], "size": [1, 1, 0], "uv": [16, 35]}
				]
			},
			{
				"name": "bone84",
				"parent": "bone83",
				"pivot": [3.59731, 4.15334, 2.97051],
				"rotation": [0, 0, 9.85108],
				"cubes": [
					{"origin": [1.61294, 14.56332, 2.2755], "size": [1, 1, 0], "uv": [22, 34]}
				]
			},
			{
				"name": "bone85",
				"parent": "bone83",
				"pivot": [5.59731, 4.15334, 2.97051],
				"rotation": [0, 0, -9.85108],
				"cubes": [
					{"origin": [6.58167, 14.56332, 2.2775], "size": [1, 1, 0], "uv": [16, 34]}
				]
			},
			{
				"name": "body",
				"pivot": [0, 10.5, 0],
				"cubes": [
					{"origin": [-3, 8.999, -2], "size": [6, 9, 4], "uv": [28, 12]},
					{"origin": [-3.1, 8.999, -2.1], "size": [6.2, 9.1, 4.2], "uv": [28, 28]},
					{"origin": [-3.05, 8.999, -2.05], "size": [6.1, 8.9, 4.1], "uv": [31, 52]},
					{"origin": [-3, 12.999, -2.2], "size": [6, 5, 0], "uv": [24, 41]}
				]
			},
			{
				"name": "legLeft",
				"pivot": [1.75, 9, 0],
				"cubes": [
					{"origin": [0.249, 0, -1.3], "size": [2.6, 9, 2.6], "uv": [0, 41]}
				]
			},
			{
				"name": "legRight",
				"pivot": [-1.75, 9, 0],
				"cubes": [
					{"origin": [-2.849, 0, -1.3], "size": [2.6, 9, 2.6], "uv": [16, 34]}
				]
			},
			{
				"name": "sittingRotationSkirt",
				"pivot": [0, 10, 0]
			},
			{
				"name": "dress",
				"parent": "sittingRotationSkirt",
				"pivot": [0, 0.3, 0]
			},
			{
				"name": "dress1",
				"parent": "dress",
				"pivot": [0, 12.3, 0]
			},
			{
				"name": "bone2",
				"parent": "dress1",
				"pivot": [0, 5.3, 0]
			},
			{
				"name": "bone3",
				"parent": "bone2",
				"pivot": [0, 5.3, 3.17051],
				"rotation": [10, 0, 0],
				"cubes": [
					{"origin": [-2.5, 7.57909, 2.9274], "size": [5, 3, 0], "uv": [44, 0]}
				]
			},
			{
				"name": "bone4",
				"parent": "bone3",
				"pivot": [-2.5, 4.95782, 3.17051],
				"rotation": [0, 0, 9.85108],
				"cubes": [
					{"origin": [-3.96854, 7.65075, 2.9264], "size": [2, 3, 0], "uv": [48, 16]}
				]
			},
			{
				"name": "bone5",
				"parent": "bone3",
				"pivot": [2.5, 4.95782, 3.17051],
				"rotation": [0, 0, -9.85108],
				"cubes": [
					{"origin": [1.96854, 7.65075, 2.9284], "size": [2, 3, 0], "uv": [48, 8]}
				]
			},
			{
				"name": "bone6",
				"parent": "dress1",
				"pivot": [0, 5.3, 0],
				"rotation": [0, -90, 0]
			},
			{
				"name": "bone7",
				"parent": "bone6",
				"pivot": [0, 5.3, 4.17051],
				"rotation": [10, 0, 0],
				"cubes": [
					{"origin": [-1.5, 7.57909, 3.9274], "size": [3, 3, 0], "uv": [44, 25]}
				]
			},
			{
				"name": "bone8",
				"parent": "bone7",
				"pivot": [-2.5, 4.95782, 4.17051],
				"rotation": [0, 0, 9.85108],
				"cubes": [
					{"origin": [-2.98328, 7.82184, 3.9264], "size": [2, 3, 0], "uv": [8, 47]}
				]
			},
			{
				"name": "bone9",
				"parent": "bone7",
				"pivot": [2.5, 4.95782, 4.17051],
				"rotation": [0, 0, -9.85108],
				"cubes": [
					{"origin": [0.96854, 7.79292, 3.9284], "size": [2, 3, 0], "uv": [46, 41]}
				]
			},
			{
				"name": "bone10",
				"parent": "dress1",
				"pivot": [0, 5.3, 0],
				"rotation": [0, -180, 0]
			},
			{
				"name": "bone11",
				"parent": "bone10",
				"pivot": [0, 5.3, 3.17051],
				"rotation": [10, 0, 0],
				"cubes": [
					{"origin": [-2.5, 7.57909, 2.9274], "size": [5, 3, 0], "uv": [36, 41]}
				]
			},
			{
				"name": "bone12",
				"parent": "bone11",
				"pivot": [-2.5, 4.95782, 3.17051],
				"rotation": [0, 0, 9.85108],
				"cubes": [
					{"origin": [-3.96854, 7.65075, 2.9264], "size": [2, 3, 0], "uv": [48, 4]}
				]
			},
			{
				"name": "bone13",
				"parent": "bone11",
				"pivot": [2.5, 4.95782, 3.17051],
				"rotation": [0, 0, -9.85108],
				"cubes": [
					{"origin": [1.96854, 7.65075, 2.9284], "size": [2, 3, 0], "uv": [12, 47]}
				]
			},
			{
				"name": "bone14",
				"parent": "dress1",
				"pivot": [-0.3, 5.3, 0],
				"rotation": [0, 90, 0]
			},
			{
				"name": "bone15",
				"parent": "bone14",
				"pivot": [-0.3, 5.3, 4.47051],
				"rotation": [10, 0, 0],
				"cubes": [
					{"origin": [-1.8, 7.57909, 4.2274], "size": [3, 3, 0], "uv": [44, 12]}
				]
			},
			{
				"name": "bone16",
				"parent": "bone15",
				"pivot": [-2.8, 4.95782, 4.47051],
				"rotation": [0, 0, 9.85108],
				"cubes": [
					{"origin": [-3.28328, 7.82184, 4.2264], "size": [2, 3, 0], "uv": [46, 46]}
				]
			},
			{
				"name": "bone17",
				"parent": "bone15",
				"pivot": [2.2, 4.95782, 4.47051],
				"rotation": [0, 0, -9.85108],
				"cubes": [
					{"origin": [0.68328, 7.82184, 4.2284], "size": [2, 3, 0], "uv": [30, 46]}
				]
			},
			{
				"name": "dress2",
				"parent": "dress",
				"pivot": [0, 12, 0],
				"rotation": [0, 0, -180]
			},
			{
				"name": "bone86",
				"parent": "dress2",
				"pivot": [0, 9, 0]
			},
			{
				"name": "bone87",
				"parent": "bone86",
				"pivot": [0, 9, 4.84224],
				"rotation": [25, 0, 0],
				"cubes": [
					{"origin": [1, 13.71289, 4.5276], "size": [1, 1, 0], "uv": [0, 1]},
					{"origin": [-2, 13.71289, 4.5276], "size": [1, 1, 0], "uv": [0, 0]}
				]
			},
			{
				"name": "bone88",
				"parent": "bone87",
				"pivot": [-3, 8.22144, 4.84224],
				"rotation": [0, 0, 22.90981],
				"cubes": [
					{"origin": [-5.65845, 13.57946, 4.5266], "size": [2, 1, 0], "uv": [48, 29]}
				]
			},
			{
				"name": "bone89",
				"parent": "bone87",
				"pivot": [3, 8.22144, 4.84224],
				"rotation": [0, 0, -22.90981],
				"cubes": [
					{"origin": [3.65845, 13.57946, 4.5286], "size": [2, 1, 0], "uv": [48, 24]}
				]
			},
			{
				"name": "bone90",
				"parent": "dress2",
				"pivot": [0, 9, 0],
				"rotation": [0, -90, 0]
			},
			{
				"name": "bone91",
				"parent": "bone90",
				"pivot": [0, 9, 4.84224],
				"rotation": [25, 0, 0],
				"cubes": [
					{"origin": [-1, 13.29027, 5.4339], "size": [3, 1, 0], "uv": [32, 27]}
				]
			},
			{
				"name": "bone92",
				"parent": "bone91",
				"pivot": [-3, 8.22144, 4.84224],
				"rotation": [0, 0, 22.90981],
				"cubes": [
					{"origin": [-4.57281, 13.57946, 5.4329], "size": [2, 1, 0], "uv": [48, 23]}
				]
			},
			{
				"name": "bone93",
				"parent": "bone91",
				"pivot": [3, 8.22144, 4.84224],
				"rotation": [0, 0, -22.90981],
				"cubes": [
					{"origin": [2.57281, 13.57946, 5.4349], "size": [2, 1, 0], "uv": [48, 22]}
				]
			},
			{
				"name": "bone94",
				"parent": "dress2",
				"pivot": [0, 9, 0],
				"rotation": [0, -180, 0]
			},
			{
				"name": "bone95",
				"parent": "bone94",
				"pivot": [0, 9, 4.84224],
				"rotation": [25, 0, 0]
			},
			{
				"name": "bone96",
				"parent": "bone95",
				"pivot": [-3, 8.22144, 4.84224],
				"rotation": [0, 0, 22.90981]
			},
			{
				"name": "bone97",
				"parent": "bone95",
				"pivot": [3, 8.22144, 4.84224],
				"rotation": [0, 0, -22.90981]
			},
			{
				"name": "bone98",
				"parent": "dress2",
				"pivot": [0, 9, 0],
				"rotation": [0, -270, 0]
			},
			{
				"name": "bone99",
				"parent": "bone98",
				"pivot": [0, 9, 4.84224],
				"rotation": [25, 0, 0],
				"cubes": [
					{"origin": [-2, 13.29027, 5.4339], "size": [3, 1, 0], "uv": [32, 26]}
				]
			},
			{
				"name": "bone100",
				"parent": "bone99",
				"pivot": [-3, 8.22144, 4.84224],
				"rotation": [0, 0, 22.90981],
				"cubes": [
					{"origin": [-4.57281, 13.57946, 5.4329], "size": [2, 1, 0], "uv": [48, 21]}
				]
			},
			{
				"name": "bone101",
				"parent": "bone99",
				"pivot": [3, 8.22144, 4.84224],
				"rotation": [0, 0, -22.90981],
				"cubes": [
					{"origin": [2.57281, 13.57946, 5.4349], "size": [2, 1, 0], "uv": [48, 20]}
				]
			},
			{
				"name": "dress3",
				"parent": "dress",
				"pivot": [0, 8.5, 0]
			},
			{
				"name": "bone103",
				"parent": "dress3",
				"pivot": [0, 8.5, 0]
			},
			{
				"name": "bone104",
				"parent": "bone103",
				"pivot": [0, 8.5, 4.78885],
				"rotation": [30, 0, 0],
				"cubes": [
					{"origin": [-3, 10.09314, 3.22283], "size": [2, 1.1, 0], "uv": [38, 25]},
					{"origin": [1, 10.09314, 3.22283], "size": [2, 1.1, 0], "uv": [28, 31]}
				]
			},
			{
				"name": "bone105",
				"parent": "bone104",
				"pivot": [-3, 7.60557, 4.78885],
				"rotation": [0, 0, 26.56505],
				"cubes": [
					{"origin": [-4.68139, 10.16835, 3.22183], "size": [2, 1.1, 0], "uv": [46, 45]}
				]
			},
			{
				"name": "bone106",
				"parent": "bone104",
				"pivot": [3, 7.60557, 4.78885],
				"rotation": [0, 0, -26.56505],
				"cubes": [
					{"origin": [2.68139, 10.16835, 3.22383], "size": [2, 1.1, 0], "uv": [44, 31]}
				]
			},
			{
				"name": "bone107",
				"parent": "dress3",
				"pivot": [0, 8.5, 0],
				"rotation": [0, -90, 0]
			},
			{
				"name": "bone108",
				"parent": "bone107",
				"pivot": [0, 8.5, 4.78885],
				"rotation": [30, 0, 0],
				"cubes": [
					{"origin": [-2, 9.59314, 4.08885], "size": [3, 1.1, 0], "uv": [32, 25]}
				]
			},
			{
				"name": "bone109",
				"parent": "bone108",
				"pivot": [-3, 7.60557, 4.78885],
				"rotation": [0, 0, 26.56505],
				"cubes": [
					{"origin": [-3.56336, 10.16835, 4.08785], "size": [2, 1.1, 0], "uv": [44, 30]}
				]
			},
			{
				"name": "bone110",
				"parent": "bone108",
				"pivot": [3, 7.60557, 4.78885],
				"rotation": [0, 0, -26.56505],
				"cubes": [
					{"origin": [1.56336, 10.16835, 4.08985], "size": [2, 1.1, 0], "uv": [44, 29]}
				]
			},
			{
				"name": "bone111",
				"parent": "dress3",
				"pivot": [0, 8.5, 0],
				"rotation": [0, -180, 0]
			},
			{
				"name": "bone112",
				"parent": "bone111",
				"pivot": [0, 8.5, 4.78885],
				"rotation": [30, 0, 0]
			},
			{
				"name": "bone113",
				"parent": "bone112",
				"pivot": [-3, 7.60557, 4.78885],
				"rotation": [0, 0, 26.56505],
				"cubes": [
					{"origin": [-4.68139, 10.16835, 3.22183], "size": [1, 1.1, 0], "uv": [6, 1]}
				]
			},
			{
				"name": "bone114",
				"parent": "bone112",
				"pivot": [3, 7.60557, 4.78885],
				"rotation": [0, 0, -26.56505],
				"cubes": [
					{"origin": [3.68139, 10.16835, 3.22383], "size": [1, 1.1, 0], "uv": [6, 0]}
				]
			},
			{
				"name": "bone115",
				"parent": "dress3",
				"pivot": [0, 8.5, 0],
				"rotation": [0, -270, 0]
			},
			{
				"name": "bone116",
				"parent": "bone115",
				"pivot": [0, 8.5, 4.78885],
				"rotation": [30, 0, 0],
				"cubes": [
					{"origin": [-1, 9.59314, 4.08885], "size": [2, 1.1, 0], "uv": [24, 40]}
				]
			},
			{
				"name": "bone117",
				"parent": "bone116",
				"pivot": [-3, 7.60557, 4.78885],
				"rotation": [0, 0, 26.56505],
				"cubes": [
					{"origin": [-3.56336, 10.16835, 4.08785], "size": [2, 1.1, 0], "uv": [38, 27]}
				]
			},
			{
				"name": "bone118",
				"parent": "bone116",
				"pivot": [3, 7.60557, 4.78885],
				"rotation": [0, 0, -26.56505],
				"cubes": [
					{"origin": [1.56336, 10.16835, 4.08985], "size": [2, 1.1, 0], "uv": [38, 26]}
				]
			},
			{
				"name": "dress4",
				"parent": "dress",
				"pivot": [0, 4.3, 0]
			},
			{
				"name": "bone120",
				"parent": "dress4",
				"pivot": [0, 4.3, 0]
			},
			{
				"name": "bone121",
				"parent": "bone120",
				"pivot": [0, 4.3, 4.9362],
				"rotation": [15, 0, 0],
				"cubes": [
					{"origin": [-2, 3.89858, 3.65969], "size": [4, 6.6, 0], "uv": [8, 41]}
				]
			},
			{
				"name": "bone122",
				"parent": "bone121",
				"pivot": [-3, 3.79887, 4.9362],
				"rotation": [0, 0, 14.51082],
				"cubes": [
					{"origin": [-4.77442, 3.9273, 3.65869], "size": [1, 6.6, 0], "uv": [28, 46]}
				]
			},
			{
				"name": "bone123",
				"parent": "bone121",
				"pivot": [3, 3.79887, 4.9362],
				"rotation": [0, 0, -14.51082],
				"cubes": [
					{"origin": [3.77442, 3.9273, 3.66069], "size": [1, 6.6, 0], "uv": [26, 46]}
				]
			},
			{
				"name": "bone124",
				"parent": "dress4",
				"pivot": [0, 4.3, 0],
				"rotation": [0, -90, 0]
			},
			{
				"name": "bone125",
				"parent": "bone124",
				"pivot": [0, 4.3, 4.9362],
				"rotation": [15, 0, 0],
				"cubes": [
					{"origin": [-1, 3.63976, 4.62562], "size": [2, 6.6, 0], "uv": [24, 34]}
				]
			},
			{
				"name": "bone126",
				"parent": "bone125",
				"pivot": [-3, 3.79887, 4.9362],
				"rotation": [0, 0, 14.51082],
				"cubes": [
					{"origin": [-3.74147, 3.9273, 4.62462], "size": [1, 6.6, 0], "uv": [24, 46]}
				]
			},
			{
				"name": "bone127",
				"parent": "bone125",
				"pivot": [3, 3.79887, 4.9362],
				"rotation": [0, 0, -14.51082],
				"cubes": [
					{"origin": [2.74147, 3.9273, 4.62662], "size": [1, 6.6, 0], "uv": [44, 45]}
				]
			},
			{
				"name": "bone128",
				"parent": "dress4",
				"pivot": [0, 4.3, 0],
				"rotation": [0, -180, 0]
			},
			{
				"name": "bone129",
				"parent": "bone128",
				"pivot": [0, 4.3, 4.9362],
				"rotation": [15, 0, 0]
			},
			{
				"name": "bone130",
				"parent": "bone129",
				"pivot": [-3, 3.79887, 4.9362],
				"rotation": [0, 0, 14.51082],
				"cubes": [
					{"origin": [-4.77442, 3.9273, 3.65869], "size": [1, 6.6, 0], "uv": [42, 45]}
				]
			},
			{
				"name": "bone131",
				"parent": "bone129",
				"pivot": [3, 3.79887, 4.9362],
				"rotation": [0, 0, -14.51082],
				"cubes": [
					{"origin": [3.77442, 3.9273, 3.66069], "size": [1, 6.6, 0], "uv": [40, 45]}
				]
			},
			{
				"name": "bone132",
				"parent": "dress4",
				"pivot": [0, 4.3, 0],
				"rotation": [0, -270, 0]
			},
			{
				"name": "bone133",
				"parent": "bone132",
				"pivot": [0, 4.3, 4.9362],
				"rotation": [15, 0, 0],
				"cubes": [
					{"origin": [-1, 3.63976, 4.62562], "size": [2, 6.6, 0], "uv": [28, 25]}
				]
			},
			{
				"name": "bone134",
				"parent": "bone133",
				"pivot": [-3, 3.79887, 4.9362],
				"rotation": [0, 0, 14.51082],
				"cubes": [
					{"origin": [-3.74147, 3.9273, 4.62462], "size": [1, 6.6, 0], "uv": [38, 45]}
				]
			},
			{
				"name": "bone135",
				"parent": "bone133",
				"pivot": [3, 3.79887, 4.9362],
				"rotation": [0, 0, -14.51082],
				"cubes": [
					{"origin": [2.74147, 3.9273, 4.62662], "size": [1, 6.6, 0], "uv": [36, 45]}
				]
			},
			{
				"name": "dress5",
				"parent": "dress",
				"pivot": [0, 12.1, 0]
			},
			{
				"name": "bone102",
				"parent": "dress5",
				"pivot": [0, 5.1, 0]
			},
			{
				"name": "bone119",
				"parent": "bone102",
				"pivot": [0, 5.1, 3.17051],
				"rotation": [10, 0, 0],
				"cubes": [
					{"origin": [-2.5, 7.42909, 2.9274], "size": [5, 0.25, 0], "uv": [54, 3]}
				]
			},
			{
				"name": "bone136",
				"parent": "bone119",
				"pivot": [-2.5, 4.75782, 3.17051],
				"rotation": [0, 0, 9.85108],
				"cubes": [
					{"origin": [-3.96854, 7.50075, 2.9264], "size": [2, 0.25, 0], "uv": [54, 3]}
				]
			},
			{
				"name": "bone137",
				"parent": "bone119",
				"pivot": [2.5, 4.75782, 3.17051],
				"rotation": [0, 0, -9.85108],
				"cubes": [
					{"origin": [1.96854, 7.50075, 2.9284], "size": [2, 0.25, 0], "uv": [54, 3]}
				]
			},
			{
				"name": "bone138",
				"parent": "dress5",
				"pivot": [0, 5.1, 0],
				"rotation": [0, -90, 0]
			},
			{
				"name": "bone139",
				"parent": "bone138",
				"pivot": [0, 5.1, 4.17051],
				"rotation": [10, 0, 0],
				"cubes": [
					{"origin": [-1.5, 7.42909, 3.9274], "size": [3, 0.25, 0], "uv": [54, 3]}
				]
			},
			{
				"name": "bone140",
				"parent": "bone139",
				"pivot": [-2.5, 4.75782, 4.17051],
				"rotation": [0, 0, 9.85108],
				"cubes": [
					{"origin": [-2.98328, 7.67184, 3.9264], "size": [2, 0.25, 0], "uv": [54, 3]}
				]
			},
			{
				"name": "bone141",
				"parent": "bone139",
				"pivot": [2.5, 4.75782, 4.17051],
				"rotation": [0, 0, -9.85108],
				"cubes": [
					{"origin": [0.96854, 7.64292, 3.9284], "size": [2, 0.25, 0], "uv": [54, 3]}
				]
			},
			{
				"name": "bone142",
				"parent": "dress5",
				"pivot": [0, 5.1, 0],
				"rotation": [0, -180, 0]
			},
			{
				"name": "bone143",
				"parent": "bone142",
				"pivot": [0, 5.1, 3.17051],
				"rotation": [10, 0, 0],
				"cubes": [
					{"origin": [-2.5, 7.42909, 2.9274], "size": [5, 0.25, 0], "uv": [54, 3]}
				]
			},
			{
				"name": "bone144",
				"parent": "bone143",
				"pivot": [-2.5, 4.75782, 3.17051],
				"rotation": [0, 0, 9.85108],
				"cubes": [
					{"origin": [-3.96854, 7.50075, 2.9264], "size": [2, 0.25, 0], "uv": [54, 3]}
				]
			},
			{
				"name": "bone145",
				"parent": "bone143",
				"pivot": [2.5, 4.75782, 3.17051],
				"rotation": [0, 0, -9.85108],
				"cubes": [
					{"origin": [1.96854, 7.50075, 2.9284], "size": [2, 0.25, 0], "uv": [54, 3]}
				]
			},
			{
				"name": "bone146",
				"parent": "dress5",
				"pivot": [-0.3, 5.1, 0],
				"rotation": [0, 90, 0]
			},
			{
				"name": "bone147",
				"parent": "bone146",
				"pivot": [-0.3, 5.1, 4.47051],
				"rotation": [10, 0, 0],
				"cubes": [
					{"origin": [-1.8, 7.42909, 4.2274], "size": [3, 0.25, 0], "uv": [54, 3]}
				]
			},
			{
				"name": "bone148",
				"parent": "bone147",
				"pivot": [-2.8, 4.75782, 4.47051],
				"rotation": [0, 0, 9.85108],
				"cubes": [
					{"origin": [-3.28328, 7.67184, 4.2264], "size": [2, 0.25, 0], "uv": [54, 3]}
				]
			},
			{
				"name": "bone149",
				"parent": "bone147",
				"pivot": [2.2, 4.75782, 4.47051],
				"rotation": [0, 0, -9.85108],
				"cubes": [
					{"origin": [0.68328, 7.67184, 4.2284], "size": [2, 0.25, 0], "uv": [54, 3]}
				]
			}
		]
	}
}