{
  "pack_name": "{pack.zhengyue.chair.name}",
  "author": ["Pajinyi"],
  "version": "0.6",
  "date": "2020-01-21",
  "icon": "zhengyue:textures/icon.png",
  "model_list": [
    {
      "model_id": "zhengyue:shenshe",
      "render_item_scale": 0.17,
      "tameable_can_ride": false
    }, {
      "model_id": "zhengyue:guahua1",
      "tameable_can_ride": false
    }, {
      "model_id": "zhengyue:shenhaizhimen",
      "render_item_scale": 0.17,
      "tameable_can_ride": false
    }, {
      "model_id": "zhengyue:xiaoniaoju",
      "render_item_scale": 0.22,
      "tameable_can_ride": false
    }, {
      "model_id": "zhengyue:jingbing",
      "tameable_can_ride": false
    }, {
      "model_id": "zhengyue:pomoshi",
      "render_item_scale": 1.7,
      "tameable_can_ride": false
    }, {
      "model_id": "zhengyue:mensong_r",
      "tameable_can_ride": false
    }, {
      "model_id": "zhengyue:mensong_w",
      "tameable_can_ride": false
    }, {
      "model_id": "zhengyue:huimaqiang",
      "render_item_scale": 0.6,
      "tameable_can_ride": false
    }, {
      "model_id": "zhengyue:saiqianxiang",
      "render_item_scale": 0.6,
      "tameable_can_ride": false
    }, {
      "model_id": "zhengyue:niaoju1",
      "render_item_scale": 0.17,
      "tameable_can_ride": false
    }, {
      "model_id": "zhengyue:niaoju2",
      "render_item_scale": 0.17,
      "tameable_can_ride": false
    }
  ]
}