{
	"pack_name": "{maid_pack.mimikko.name}",
	"date": "2021-07-20",
	"version": "1.3.4",
	"description": ["{maid_pack.mimikko.desc}"],
	"icon": "mimikko:textures/mimikkoui.png",
	"author": ["比血液还要鲜红"],
	"model_list": [
		{
			"model_id": "mimikko:momona_cherry",
			"description": ["{model.mimikko.momona_cherry.desc}"],
			"animation": ["touhou_little_maid:animation/maid/default/head/default.js", "touhou_little_maid:animation/maid/default/head/beg.js", "touhou_little_maid:animation/maid/default/head/music_shake.js", "touhou_little_maid:animation/maid/default/arm/default.js", "touhou_little_maid:animation/maid/default/arm/swing.js", "touhou_little_maid:animation/maid/default/leg/default.js", "touhou_little_maid:animation/maid/default/sit/default.js", "touhou_little_maid:animation/maid/default/head/blink.js", "touhou_little_maid:animation/maid/default/sit/skirt_rotation.js"]
		},
		{
			"model_id": "mimikko:liuli_default",
			"description": ["{model.mimikko.liuli_default.desc}"],
			"animation": ["touhou_little_maid:animation/maid/default/head/default.js", "touhou_little_maid:animation/maid/default/head/beg.js", "touhou_little_maid:animation/maid/default/head/music_shake.js", "touhou_little_maid:animation/maid/default/arm/default.js", "touhou_little_maid:animation/maid/default/arm/swing.js", "touhou_little_maid:animation/maid/default/leg/default.js", "touhou_little_maid:animation/maid/default/sit/default.js", "touhou_little_maid:animation/maid/default/head/blink.js", "touhou_little_maid:animation/maid/default/tail/default.js", "touhou_little_maid:animation/maid/default/sit/skirt_rotation.js"]
		},
		{
			"model_id": "mimikko:miruku_default",
			"description": ["{model.mimikko.miruku_default.desc}"],
			"animation": ["touhou_little_maid:animation/maid/default/head/default.js", "touhou_little_maid:animation/maid/default/head/beg.js", "touhou_little_maid:animation/maid/default/head/music_shake.js", "touhou_little_maid:animation/maid/default/arm/default.js", "touhou_little_maid:animation/maid/default/arm/swing.js", "touhou_little_maid:animation/maid/default/leg/default.js", "touhou_little_maid:animation/maid/default/sit/default.js", "touhou_little_maid:animation/maid/default/head/blink.js", "touhou_little_maid:animation/maid/default/tail/default.js", "touhou_little_maid:animation/maid/default/sit/skirt_rotation.js", "touhou_little_maid:animation/maid/default/armor/default.js", "touhou_little_maid:animation/maid/default/armor/reverse.js"]
		}
	]
}