{
	"format_version": "1.10.0",
	"geometry.model": {
		"texturewidth": 64,
		"textureheight": 64,
		"visible_bounds_width": 3,
		"visible_bounds_height": 3.5,
		"visible_bounds_offset": [0, 1.25, 0],
		"bones": [
			{
				"name": "head",
				"pivot": [-0.06399, 19.97813, 0],
				"cubes": [
					{"origin": [-4, 20.00938, -4], "size": [8, 8, 8], "uv": [0, 0]}
				]
			},
			{
				"name": "blink",
				"parent": "head",
				"pivot": [0.01412, 0.10313, 0],
				"cubes": [
					{"origin": [-4, 20.00938, -4.017], "size": [8, 8, 0], "uv": [32, 8]}
				]
			},
			{
				"name": "headleave",
				"parent": "head",
				"pivot": [0.07813, 17.73476, -0.48048],
				"rotation": [-5, 0, 0],
				"cubes": [
					{"origin": [-3.47142, 26.48061, -4.90688], "size": [7, 1, 1], "uv": [16, 10]}
				]
			},
			{
				"name": "lh",
				"parent": "headleave",
				"pivot": [0, -0.225, 0]
			},
			{
				"name": "lh2",
				"parent": "lh",
				"pivot": [0, -0.225, 0]
			},
			{
				"name": "lh3",
				"parent": "lh2",
				"pivot": [0.02858, 26.98061, -4.40688],
				"rotation": [0, 0, -80],
				"cubes": [
					{"origin": [-2.17272, 28.40489, -4.90688], "size": [2.08594, 2.10938, 1], "uv": [18, 10]}
				]
			},
			{
				"name": "lh4",
				"parent": "lh2",
				"pivot": [0.02858, 26.98061, -4.40688],
				"rotation": [0, 0, -90],
				"cubes": [
					{"origin": [-4.76786, 30.3272, -4.90688], "size": [3.24219, 0.51563, 1], "uv": [18, 10]}
				]
			},
			{
				"name": "lh5",
				"parent": "lh2",
				"pivot": [0.02858, 26.98061, -4.40688],
				"rotation": [0, 0, 125],
				"cubes": [
					{"origin": [3.35716, 26.51081, -4.90688], "size": [2.50781, 0.51563, 1], "uv": [18, 10]}
				]
			},
			{
				"name": "lh6",
				"parent": "lh2",
				"pivot": [0.02858, 26.98061, -4.40688],
				"rotation": [0, 0, 110],
				"cubes": [
					{"origin": [0.84154, 24.64775, -4.90688], "size": [2.41406, 1.51563, 1], "uv": [18, 10]}
				]
			},
			{
				"name": "lh35",
				"parent": "lh2",
				"pivot": [0.02858, 26.98061, -4.40688],
				"rotation": [0, 0, 110],
				"cubes": [
					{"origin": [0.84154, 24.72978, -4.90688], "size": [3.57031, 1.00782, 1], "uv": [18, 10]}
				]
			},
			{
				"name": "lh7",
				"parent": "lh2",
				"pivot": [0.02858, 26.98061, -4.40688],
				"rotation": [0, 0, 100],
				"cubes": [
					{"origin": [0.68728, 25.80024, -4.90688], "size": [1.36719, 1.67188, 1], "uv": [18, 10]}
				]
			},
			{
				"name": "lh8",
				"parent": "lh2",
				"pivot": [0.02858, 26.98061, -4.40688],
				"rotation": [0, 0, 80],
				"cubes": [
					{"origin": [1.52858, 25.17853, -4.90688], "size": [1.08594, 1.09766, 1], "uv": [18, 10]}
				]
			},
			{
				"name": "lh10",
				"parent": "lh2",
				"pivot": [0.02858, 26.98061, -4.40688],
				"rotation": [0, 0, 60],
				"cubes": [
					{"origin": [2.41925, 24.30102, -4.90688], "size": [0.58594, 0.29688, 1], "uv": [18, 10]}
				]
			},
			{
				"name": "lh9",
				"parent": "lh2",
				"pivot": [0.02858, 26.98061, -4.40688],
				"rotation": [0, 0, 70],
				"cubes": [
					{"origin": [2.2623, 24.75687, -4.90688], "size": [0.58594, 0.47266, 1], "uv": [18, 10]}
				]
			},
			{
				"name": "lh11",
				"parent": "lh2",
				"pivot": [0.02858, 26.98061, -4.40688],
				"rotation": [0, 0, 85],
				"cubes": [
					{"origin": [2.64734, 25.78223, -4.90688], "size": [1.08594, 0.29688, 1], "uv": [18, 10]}
				]
			},
			{
				"name": "lh13",
				"parent": "lh2",
				"pivot": [0.02858, 26.98061, -4.40688],
				"rotation": [0, 0, 70],
				"cubes": [
					{"origin": [1.89633, 25.27869, -4.90688], "size": [1.5, 0.65626, 1], "uv": [18, 10]}
				]
			},
			{
				"name": "lh15",
				"parent": "lh2",
				"pivot": [0.02858, 26.98061, -4.40688],
				"rotation": [0, 0, 80],
				"cubes": [
					{"origin": [3.42625, 26.15735, -4.90688], "size": [0.89844, 0.29688, 1], "uv": [18, 10]}
				]
			},
			{
				"name": "lh16",
				"parent": "lh2",
				"pivot": [0.02858, 26.98061, -4.40688],
				"rotation": [0, 0, 85],
				"cubes": [
					{"origin": [2.11789, 26.45661, -4.90688], "size": [1.36719, 0.29688, 1], "uv": [18, 10]}
				]
			},
			{
				"name": "lh17",
				"parent": "lh2",
				"pivot": [0.02858, 26.98061, -4.40688],
				"rotation": [0, 0, 90],
				"cubes": [
					{"origin": [-0.19596, 25.99617, -4.90688], "size": [2.35156, 0.94141, 1], "uv": [18, 10]}
				]
			},
			{
				"name": "lh14",
				"parent": "lh2",
				"pivot": [0.02858, 26.98061, -4.40688],
				"rotation": [0, 0, 60],
				"cubes": [
					{"origin": [3.04963, 24.71974, -4.90688], "size": [0.83594, 0.29688, 1], "uv": [18, 10]}
				]
			},
			{
				"name": "lh12",
				"parent": "lh2",
				"pivot": [0.02858, 26.98061, -4.40688],
				"rotation": [0, 0, 95],
				"cubes": [
					{"origin": [1.67817, 26.25067, -4.90688], "size": [1.08594, 0.29688, 1], "uv": [18, 10]}
				]
			},
			{
				"name": "lh18",
				"parent": "lh",
				"pivot": [0.18359, 0.21084, -0.03813]
			},
			{
				"name": "lh19",
				"parent": "lh18",
				"pivot": [0.15501, 27.41645, -4.44501],
				"rotation": [0, 0, 80],
				"cubes": [
					{"origin": [0.67764, 30.23427, -4.90688], "size": [1.66016, 0.51563, 1], "uv": [18, 10], "mirror": true}
				]
			},
			{
				"name": "lh20",
				"parent": "lh18",
				"pivot": [0.15501, 27.41645, -4.44501],
				"rotation": [0, 0, 90],
				"cubes": [
					{"origin": [1.72579, 30.56266, -4.90688], "size": [4.15235, 0.51563, 1], "uv": [18, 10], "mirror": true}
				]
			},
			{
				"name": "lh21",
				"parent": "lh18",
				"pivot": [0.15501, 27.41645, -4.44501],
				"rotation": [0, 0, -125],
				"cubes": [
					{"origin": [-4.36393, 26.45142, -4.94501], "size": [1.20703, 1.30079, 1], "uv": [18, 10], "mirror": true}
				]
			},
			{
				"name": "lh36",
				"parent": "lh18",
				"pivot": [0.15501, 27.41645, -4.44501],
				"rotation": [0, 0, -125],
				"cubes": [
					{"origin": [-4.66081, 27.13501, -4.94501], "size": [1.5039, 0.30469, 1], "uv": [18, 10], "mirror": true}
				]
			},
			{
				"name": "lh34",
				"parent": "lh18",
				"pivot": [0.15501, 27.41645, -4.44501],
				"rotation": [0, 0, -115],
				"cubes": [
					{"origin": [-6.53474, 26.52769, -4.94501], "size": [2.25781, 0.44141, 1], "uv": [18, 10], "mirror": true}
				]
			},
			{
				"name": "lh22",
				"parent": "lh18",
				"pivot": [0.15501, 27.41645, -4.44501],
				"rotation": [0, 0, -105],
				"cubes": [
					{"origin": [-3.07201, 24.60312, -4.94501], "size": [2.41406, 1.9961, 1], "uv": [18, 10], "mirror": true}
				]
			},
			{
				"name": "lh23",
				"parent": "lh18",
				"pivot": [0.15501, 27.41645, -4.44501],
				"rotation": [0, 0, -100],
				"cubes": [
					{"origin": [-1.87088, 26.23608, -4.94501], "size": [1.36719, 1.54688, 1], "uv": [18, 10], "mirror": true}
				]
			},
			{
				"name": "lh24",
				"parent": "lh18",
				"pivot": [0.15501, 27.41645, -4.44501],
				"rotation": [0, 0, -80],
				"cubes": [
					{"origin": [-2.43093, 25.61437, -4.94501], "size": [1.08594, 1.16797, 1], "uv": [18, 10], "mirror": true}
				]
			},
			{
				"name": "lh37",
				"parent": "lh18",
				"pivot": [0.15501, 27.41645, -4.44501],
				"rotation": [0, 0, -80],
				"cubes": [
					{"origin": [-2.68874, 25.76671, -4.94501], "size": [1.34375, 0.33985, 1], "uv": [18, 10], "mirror": true}
				]
			},
			{
				"name": "lh25",
				"parent": "lh18",
				"pivot": [0.15501, 27.41645, -4.44501],
				"rotation": [0, 0, -60],
				"cubes": [
					{"origin": [-2.8216, 24.73686, -4.94501], "size": [0.58594, 0.29688, 1], "uv": [18, 10], "mirror": true}
				]
			},
			{
				"name": "lh26",
				"parent": "lh18",
				"pivot": [0.15501, 27.41645, -4.44501],
				"rotation": [0, 0, -70],
				"cubes": [
					{"origin": [-2.66465, 25.19271, -4.94501], "size": [0.58594, 0.29688, 1], "uv": [18, 10], "mirror": true}
				]
			},
			{
				"name": "lh27",
				"parent": "lh18",
				"pivot": [0.15501, 27.41645, -4.44501],
				"rotation": [0, 0, -85],
				"cubes": [
					{"origin": [-3.54969, 26.21807, -4.94501], "size": [1.08594, 0.29688, 1], "uv": [18, 10], "mirror": true}
				]
			},
			{
				"name": "lh28",
				"parent": "lh18",
				"pivot": [0.15501, 27.41645, -4.44501],
				"rotation": [0, 0, -70],
				"cubes": [
					{"origin": [-3.21274, 25.71453, -4.94501], "size": [1.39063, 0.82422, 1], "uv": [18, 10], "mirror": true}
				]
			},
			{
				"name": "lh29",
				"parent": "lh18",
				"pivot": [0.15501, 27.41645, -4.44501],
				"rotation": [0, 0, -80],
				"cubes": [
					{"origin": [-4.1411, 26.59319, -4.94501], "size": [0.89844, 0.29688, 1], "uv": [18, 10], "mirror": true}
				]
			},
			{
				"name": "lh30",
				"parent": "lh18",
				"pivot": [0.15501, 27.41645, -4.44501],
				"rotation": [0, 0, -85],
				"cubes": [
					{"origin": [-3.30149, 26.89245, -4.94501], "size": [1.36719, 0.57813, 1], "uv": [18, 10], "mirror": true}
				]
			},
			{
				"name": "lh31",
				"parent": "lh18",
				"pivot": [0.15501, 27.41645, -4.44501],
				"rotation": [0, 0, -90],
				"cubes": [
					{"origin": [-1.97201, 27.07654, -4.94501], "size": [2.13281, 0.92969, 1], "uv": [18, 10], "mirror": true}
				]
			},
			{
				"name": "lh32",
				"parent": "lh18",
				"pivot": [0.15501, 27.41645, -4.44501],
				"rotation": [0, 0, -60],
				"cubes": [
					{"origin": [-3.70198, 25.15558, -4.94501], "size": [0.83594, 0.29688, 1], "uv": [18, 10], "mirror": true}
				]
			},
			{
				"name": "lh33",
				"parent": "lh18",
				"pivot": [0.15501, 27.41645, -4.44501],
				"rotation": [0, 0, -95],
				"cubes": [
					{"origin": [-2.67427, 26.68651, -4.94501], "size": [1.17969, 1.17969, 1], "uv": [18, 10], "mirror": true}
				]
			},
			{
				"name": "ed",
				"parent": "head",
				"pivot": [-0.06399, 19.27501, 0]
			},
			{
				"name": "de",
				"parent": "ed",
				"pivot": [-2.50149, 19.16564, -3.34375],
				"rotation": [0, -30, 0]
			},
			{
				"name": "de2",
				"parent": "de",
				"pivot": [-2.50149, 19.16564, -3.34375],
				"rotation": [0, 0, 5],
				"cubes": [
					{"origin": [4.30527, 22.01886, -4.34375], "size": [0.75, 0.625, 0.20313], "uv": [62, 30]}
				]
			},
			{
				"name": "de4",
				"parent": "de",
				"pivot": [4.53822, 23.23416, -4.24219],
				"rotation": [0, 0, 35],
				"cubes": [
					{"origin": [5.67609, 21.48795, -4.34375], "size": [0.54688, 0.625, 0.20313], "uv": [62, 30]}
				]
			},
			{
				"name": "de9",
				"parent": "de",
				"pivot": [4.53822, 23.23416, -4.24219],
				"rotation": [0, 0, 45],
				"cubes": [
					{"origin": [6.14122, 21.36953, -4.34375], "size": [0.35938, 0.4375, 0.20313], "uv": [62, 30]}
				]
			},
			{
				"name": "de10",
				"parent": "de",
				"pivot": [4.53822, 23.23416, -4.24219],
				"cubes": [
					{"origin": [4.32609, 20.52806, -4.34375], "size": [0.28125, 1.8125, 0.20313], "uv": [62, 30]}
				]
			},
			{
				"name": "de3",
				"parent": "de",
				"pivot": [-2.50149, 19.16564, -3.34375],
				"rotation": [0, 0, -40],
				"cubes": [
					{"origin": [4.89982, 16.59321, -4.34375], "size": [0.54688, 0.34375, 0.20313], "uv": [62, 30]}
				]
			},
			{
				"name": "de8",
				"parent": "de",
				"pivot": [-2.50149, 19.16564, -3.34375],
				"rotation": [0, 0, -15],
				"cubes": [
					{"origin": [5.27354, 19.84954, -4.34375], "size": [0.51563, 0.34375, 0.20313], "uv": [62, 30]}
				]
			},
			{
				"name": "de5",
				"parent": "de",
				"pivot": [4.81394, 15.27814, -4.24219],
				"rotation": [0, 0, -80],
				"cubes": [
					{"origin": [11.77817, 16.34124, -4.34375], "size": [0.25, 0.26563, 0.20313], "uv": [62, 30]}
				]
			},
			{
				"name": "de6",
				"parent": "de",
				"pivot": [4.81394, 15.27814, -4.24219],
				"rotation": [0, 0, -105],
				"cubes": [
					{"origin": [10.46068, 13.43351, -4.34375], "size": [1.45313, 0.26563, 0.20313], "uv": [62, 30]}
				]
			},
			{
				"name": "de7",
				"parent": "de",
				"pivot": [4.81394, 15.27814, -4.24219],
				"rotation": [0, 0, -140],
				"cubes": [
					{"origin": [9.47413, 9.91239, -4.34375], "size": [0.25, 0.26563, 0.20313], "uv": [62, 30]}
				]
			},
			{
				"name": "de11",
				"parent": "ed",
				"pivot": [2.48588, 19.16564, -3.34375],
				"rotation": [0, 30, 0]
			},
			{
				"name": "de12",
				"parent": "de11",
				"pivot": [2.48588, 19.16564, -3.34375],
				"rotation": [0, 0, -5],
				"cubes": [
					{"origin": [-5.07088, 22.01886, -4.34375], "size": [0.75, 0.625, 0.20313], "uv": [62, 30], "mirror": true}
				]
			},
			{
				"name": "de13",
				"parent": "de11",
				"pivot": [-4.55384, 23.23416, -4.24219],
				"rotation": [0, 0, -35],
				"cubes": [
					{"origin": [-6.23858, 21.48795, -4.34375], "size": [0.54688, 0.625, 0.20313], "uv": [62, 30], "mirror": true}
				]
			},
			{
				"name": "de14",
				"parent": "de11",
				"pivot": [-4.55384, 23.23416, -4.24219],
				"rotation": [0, 0, -45],
				"cubes": [
					{"origin": [-6.51621, 21.36953, -4.34375], "size": [0.35938, 0.4375, 0.20313], "uv": [62, 30], "mirror": true}
				]
			},
			{
				"name": "de15",
				"parent": "de11",
				"pivot": [-4.55384, 23.23416, -4.24219],
				"cubes": [
					{"origin": [-4.62296, 20.52806, -4.34375], "size": [0.28125, 1.8125, 0.20313], "uv": [62, 30], "mirror": true}
				]
			},
			{
				"name": "de16",
				"parent": "de11",
				"pivot": [2.48588, 19.16564, -3.34375],
				"rotation": [0, 0, 40],
				"cubes": [
					{"origin": [-5.46231, 16.59321, -4.34375], "size": [0.54688, 0.34375, 0.20313], "uv": [62, 30], "mirror": true}
				]
			},
			{
				"name": "de17",
				"parent": "de11",
				"pivot": [2.48588, 19.16564, -3.34375],
				"rotation": [0, 0, 15],
				"cubes": [
					{"origin": [-5.80478, 19.84954, -4.34375], "size": [0.51563, 0.34375, 0.20313], "uv": [62, 30], "mirror": true}
				]
			},
			{
				"name": "de18",
				"parent": "de11",
				"pivot": [-4.82956, 15.27814, -4.24219],
				"rotation": [0, 0, 80],
				"cubes": [
					{"origin": [-12.04379, 16.34124, -4.34375], "size": [0.25, 0.26563, 0.20313], "uv": [62, 30], "mirror": true}
				]
			},
			{
				"name": "de19",
				"parent": "de11",
				"pivot": [-4.82956, 15.27814, -4.24219],
				"rotation": [0, 0, 105],
				"cubes": [
					{"origin": [-11.92942, 13.43351, -4.34375], "size": [1.45313, 0.26563, 0.20313], "uv": [62, 30], "mirror": true}
				]
			},
			{
				"name": "de20",
				"parent": "de11",
				"pivot": [-4.82956, 15.27814, -4.24219],
				"rotation": [0, 0, 140],
				"cubes": [
					{"origin": [-9.73974, 9.91239, -4.34375], "size": [0.25, 0.26563, 0.20313], "uv": [62, 30], "mirror": true}
				]
			},
			{
				"name": "tf",
				"parent": "head",
				"pivot": [-0.06399, 19.97813, 0]
			},
			{
				"name": "tf2",
				"parent": "tf",
				"pivot": [-0.06399, 19.97813, 0]
			},
			{
				"name": "tf3",
				"parent": "tf2",
				"pivot": [-0.06399, 19.97813, 0]
			},
			{
				"name": "qf",
				"parent": "tf3",
				"pivot": [-0.06399, 19.97813, 0]
			},
			{
				"name": "tf5",
				"parent": "qf",
				"pivot": [-0.06399, 19.97813, 0],
				"cubes": [
					{"origin": [-4, 19.00938, -4], "size": [1, 1, 1], "uv": [2, 58]}
				]
			},
			{
				"name": "tf7",
				"parent": "qf",
				"pivot": [-0.06399, 19.97813, 0],
				"cubes": [
					{"origin": [3, 19.00938, -4], "size": [1, 1, 1], "uv": [2, 58]}
				]
			},
			{
				"name": "tf6",
				"parent": "qf",
				"pivot": [-0.06399, 19.97813, 0],
				"rotation": [0, 0, 10],
				"cubes": [
					{"origin": [3.10648, 18.7298, -4], "size": [1, 1, 1], "uv": [2, 58]}
				]
			},
			{
				"name": "tf8",
				"parent": "qf",
				"pivot": [-0.06399, 19.97813, 0],
				"rotation": [0, 0, -10],
				"cubes": [
					{"origin": [-4.10842, 18.70758, -4], "size": [1, 1, 1], "uv": [2, 58]}
				]
			},
			{
				"name": "hf",
				"parent": "tf3",
				"pivot": [2.73679, 19.97813, -3.04297]
			},
			{
				"name": "hf2",
				"parent": "hf",
				"pivot": [2.73679, 19.97813, -3.04297]
			},
			{
				"name": "hf17",
				"parent": "hf2",
				"pivot": [-1.76023, 19.97813, -3.04297],
				"rotation": [10, -5, -5]
			},
			{
				"name": "hf18",
				"parent": "hf17",
				"pivot": [-1.76023, 20.2418, 4.45703],
				"rotation": [0, 0, -115],
				"cubes": [
					{"origin": [-3.501, 21.57902, 4.16068], "size": [0.32813, 0.73828, 0.52734], "uv": [7, 59], "mirror": true}
				]
			},
			{
				"name": "hf19",
				"parent": "hf17",
				"pivot": [-1.76023, 20.2418, 4.45703],
				"rotation": [0, 0, -115],
				"cubes": [
					{"origin": [-3.84169, 22.05358, 4.16068], "size": [0.82813, 0.73828, 0.52734], "uv": [7, 59], "mirror": true}
				]
			},
			{
				"name": "hf20",
				"parent": "hf17",
				"pivot": [-1.76023, 20.2418, 4.45703],
				"rotation": [0, 0, -85],
				"cubes": [
					{"origin": [-4.12068, 20.55792, 4.16068], "size": [1.59375, 1.26563, 0.52734], "uv": [7, 58], "mirror": true}
				]
			},
			{
				"name": "hf21",
				"parent": "hf17",
				"pivot": [-1.76023, 20.2418, 4.45703],
				"rotation": [0, 0, -75],
				"cubes": [
					{"origin": [-2.78995, 21.13513, 4.16068], "size": [3.17578, 0.53125, 0.52734], "uv": [7, 59], "mirror": true}
				]
			},
			{
				"name": "hf22",
				"parent": "hf17",
				"pivot": [-1.76023, 20.2418, 4.45703],
				"rotation": [0, 0, -65],
				"cubes": [
					{"origin": [-3.47371, 20.25897, 4.16068], "size": [3.93359, 0.88672, 0.52734], "uv": [0, 57], "mirror": true}
				]
			},
			{
				"name": "hf23",
				"parent": "hf17",
				"pivot": [-1.76023, 20.2418, 4.45703],
				"rotation": [0, 0, -60],
				"cubes": [
					{"origin": [-3.40295, 20.36091, 4.16068], "size": [3.93359, 0.53125, 0.52734], "uv": [4, 58], "mirror": true}
				]
			},
			{
				"name": "hf24",
				"parent": "hf17",
				"pivot": [-1.76023, 20.2418, 4.45703],
				"rotation": [0, 0, -55],
				"cubes": [
					{"origin": [-3.31036, 19.88013, 4.16068], "size": [3.93359, 0.76563, 0.52734], "uv": [4, 58], "mirror": true}
				]
			},
			{
				"name": "hf25",
				"parent": "hf17",
				"pivot": [-1.40476, 19.84727, 4.45703],
				"rotation": [0, 0, -55],
				"cubes": [
					{"origin": [-2.95489, 19.24342, 4.16068], "size": [3.93359, 1.00781, 0.52734], "uv": [4, 58], "mirror": true}
				]
			},
			{
				"name": "hf26",
				"parent": "hf17",
				"pivot": [-1.40476, 19.84727, 4.45703],
				"rotation": [0, 0, -50],
				"cubes": [
					{"origin": [-3.15775, 18.38104, 4.16421], "size": [3.93359, 1.00781, 0.35156], "uv": [4, 58], "mirror": true}
				]
			},
			{
				"name": "hf27",
				"parent": "hf17",
				"pivot": [-1.76023, 20.2418, 4.45703],
				"rotation": [0, 0, -70],
				"cubes": [
					{"origin": [-3.5221, 20.42785, 4.16068], "size": [3.93359, 0.97656, 0.52734], "uv": [2, 57], "mirror": true}
				]
			},
			{
				"name": "hf28",
				"parent": "hf17",
				"pivot": [-1.88821, 20.2418, 4.45703],
				"rotation": [0, 0, 115],
				"cubes": [
					{"origin": [-0.15876, 20.89964, 4.16068], "size": [0.6875, 0.73828, 0.52734], "uv": [7, 59]}
				]
			},
			{
				"name": "hf29",
				"parent": "hf17",
				"pivot": [-1.88821, 20.2418, 4.45703],
				"rotation": [0, 0, 115],
				"cubes": [
					{"origin": [-0.23604, 20.44061, 4.16068], "size": [0.94531, 1.67188, 0.52734], "uv": [7, 59]}
				]
			},
			{
				"name": "hf30",
				"parent": "hf17",
				"pivot": [-1.88821, 20.2418, 4.45703],
				"rotation": [0, 0, 85],
				"cubes": [
					{"origin": [-2.01814, 19.7389, 4.16068], "size": [2.49609, 1.29688, 0.52734], "uv": [7, 59]}
				]
			},
			{
				"name": "hf3",
				"parent": "hf2",
				"pivot": [1.76023, 19.97813, -3.04297],
				"rotation": [10, 5, 5]
			},
			{
				"name": "hf4",
				"parent": "hf3",
				"pivot": [1.76023, 20.2418, 4.45703],
				"rotation": [0, 0, 115],
				"cubes": [
					{"origin": [3.17287, 21.57902, 4.16068], "size": [0.58984, 0.73828, 0.52734], "uv": [7, 59]}
				]
			},
			{
				"name": "hf5",
				"parent": "hf3",
				"pivot": [1.76023, 20.2418, 4.45703],
				"rotation": [0, 0, 115],
				"cubes": [
					{"origin": [3.01357, 22.05358, 4.16068], "size": [0.81641, 0.73828, 0.52734], "uv": [7, 59]}
				]
			},
			{
				"name": "hf6",
				"parent": "hf3",
				"pivot": [1.76023, 20.2418, 4.45703],
				"rotation": [0, 0, 85],
				"cubes": [
					{"origin": [2.52693, 20.55792, 4.16068], "size": [1.59375, 1.26563, 0.52734], "uv": [7, 58]}
				]
			},
			{
				"name": "hf8",
				"parent": "hf3",
				"pivot": [1.76023, 20.2418, 4.45703],
				"rotation": [0, 0, 75],
				"cubes": [
					{"origin": [-0.38583, 21.13513, 4.16068], "size": [3.17578, 0.53125, 0.52734], "uv": [7, 59]}
				]
			},
			{
				"name": "hf9",
				"parent": "hf3",
				"pivot": [1.76023, 20.2418, 4.45703],
				"rotation": [0, 0, 65],
				"cubes": [
					{"origin": [-0.45989, 20.25897, 4.16068], "size": [3.93359, 0.88672, 0.52734], "uv": [0, 57]}
				]
			},
			{
				"name": "hf10",
				"parent": "hf3",
				"pivot": [1.76023, 20.2418, 4.45703],
				"rotation": [0, 0, 60],
				"cubes": [
					{"origin": [-0.53065, 20.36091, 4.16068], "size": [3.93359, 0.53125, 0.52734], "uv": [4, 58]}
				]
			},
			{
				"name": "hf11",
				"parent": "hf3",
				"pivot": [1.76023, 20.2418, 4.45703],
				"rotation": [0, 0, 55],
				"cubes": [
					{"origin": [-0.62323, 19.88013, 4.16068], "size": [3.93359, 0.76563, 0.52734], "uv": [4, 58]}
				]
			},
			{
				"name": "hf12",
				"parent": "hf3",
				"pivot": [1.40476, 19.84727, 4.45703],
				"rotation": [0, 0, 55],
				"cubes": [
					{"origin": [-0.9787, 19.24342, 4.16068], "size": [3.93359, 1.00781, 0.52734], "uv": [4, 58]}
				]
			},
			{
				"name": "hf13",
				"parent": "hf3",
				"pivot": [1.40476, 19.84727, 4.45703],
				"rotation": [0, 0, 50],
				"cubes": [
					{"origin": [-0.77585, 18.38104, 4.20327], "size": [3.93359, 1.00781, 0.3125], "uv": [4, 58]}
				]
			},
			{
				"name": "hf14",
				"parent": "hf3",
				"pivot": [1.76023, 20.2418, 4.45703],
				"rotation": [0, 0, 70],
				"cubes": [
					{"origin": [-0.41149, 20.42785, 4.16068], "size": [3.93359, 0.97656, 0.52734], "uv": [2, 57]}
				]
			},
			{
				"name": "hf15",
				"parent": "hf3",
				"pivot": [1.88821, 20.2418, 4.45703],
				"rotation": [0, 0, -115],
				"cubes": [
					{"origin": [-0.20452, 20.89964, 4.16068], "size": [0.36328, 0.73828, 0.52734], "uv": [7, 59], "mirror": true}
				]
			},
			{
				"name": "hf16",
				"parent": "hf3",
				"pivot": [1.88821, 20.2418, 4.45703],
				"rotation": [0, 0, -115],
				"cubes": [
					{"origin": [-0.45146, 20.44061, 4.16068], "size": [0.6875, 1.67188, 0.52734], "uv": [7, 59], "mirror": true}
				]
			},
			{
				"name": "hf82",
				"parent": "hf3",
				"pivot": [1.88821, 20.2418, 4.45703],
				"rotation": [0, 0, -85],
				"cubes": [
					{"origin": [-0.47795, 19.7389, 4.16068], "size": [2.49609, 1.29688, 0.52734], "uv": [7, 59], "mirror": true}
				]
			},
			{
				"name": "mf",
				"parent": "hf2",
				"pivot": [3.26414, 19.77501, -2.84766]
			},
			{
				"name": "mf2",
				"parent": "mf",
				"pivot": [3.26414, 19.77501, -2.84766]
			},
			{
				"name": "mf3",
				"parent": "mf2",
				"pivot": [3.29148, 20.41954, -2.84375]
			},
			{
				"name": "hf33",
				"parent": "mf3",
				"pivot": [2.4429, 20.68321, 4.65625],
				"rotation": [0, 0, -115],
				"cubes": [
					{"origin": [-1.28655, 21.34105, 4.29349], "size": [1.75391, 0.73828, 0.58203], "uv": [7, 59], "mirror": true}
				]
			},
			{
				"name": "mf4",
				"parent": "mf3",
				"pivot": [3.29148, 20.41954, -2.84375]
			},
			{
				"name": "hf31",
				"parent": "mf4",
				"pivot": [2.4429, 20.68321, 4.65625],
				"rotation": [0, 0, -115],
				"cubes": [
					{"origin": [-0.72099, 21.77264, 4.29349], "size": [1.18359, 0.78125, 0.58203], "uv": [7, 59], "mirror": true}
				]
			},
			{
				"name": "hf32",
				"parent": "mf4",
				"pivot": [2.31492, 20.68321, 4.65625],
				"rotation": [0, 0, 115],
				"cubes": [
					{"origin": [4.001, 22.02043, 4.29349], "size": [1.72656, 0.73828, 0.58203], "uv": [7, 59]}
				]
			},
			{
				"name": "hf7",
				"parent": "mf4",
				"pivot": [2.31492, 20.68321, 4.65625],
				"rotation": [0, 0, 115],
				"cubes": [
					{"origin": [4.00576, 22.49498, 4.29349], "size": [1.15625, 0.73828, 0.58203], "uv": [7, 59]}
				]
			},
			{
				"name": "hf34",
				"parent": "mf4",
				"pivot": [2.31492, 20.68321, 4.65625],
				"rotation": [0, 0, 70],
				"cubes": [
					{"origin": [4.05978, 20.33374, 4.29349], "size": [1.25391, 0.95703, 0.58203], "uv": [7, 59]}
				]
			},
			{
				"name": "hf35",
				"parent": "mf4",
				"pivot": [-2.26023, 20.68321, 4.65625],
				"rotation": [0, 0, -70],
				"cubes": [
					{"origin": [-3.37472, 15.22527, 4.29349], "size": [1.24219, 0.96094, 0.58203], "uv": [7, 59], "mirror": true}
				]
			},
			{
				"name": "mf5",
				"parent": "mf2",
				"pivot": [3.29148, 19.52891, -2.84375]
			},
			{
				"name": "hf36",
				"parent": "mf5",
				"pivot": [2.4429, 19.79258, 4.65625],
				"rotation": [0, 0, -115],
				"cubes": [
					{"origin": [-1.28655, 20.45042, 4.29349], "size": [1.75391, 0.73828, 0.58203], "uv": [7, 59], "mirror": true}
				]
			},
			{
				"name": "mf6",
				"parent": "mf5",
				"pivot": [3.29148, 19.52891, -2.84375]
			},
			{
				"name": "hf37",
				"parent": "mf6",
				"pivot": [2.4429, 19.79258, 4.65625],
				"rotation": [0, 0, -115],
				"cubes": [
					{"origin": [-0.72099, 20.88201, 4.29349], "size": [1.18359, 0.78125, 0.58203], "uv": [7, 59], "mirror": true}
				]
			},
			{
				"name": "hf38",
				"parent": "mf6",
				"pivot": [2.31492, 19.79258, 4.65625],
				"rotation": [0, 0, 115],
				"cubes": [
					{"origin": [4.001, 21.1298, 4.29349], "size": [1.72656, 0.73828, 0.58203], "uv": [7, 59]}
				]
			},
			{
				"name": "hf39",
				"parent": "mf6",
				"pivot": [2.31492, 19.79258, 4.65625],
				"rotation": [0, 0, 115],
				"cubes": [
					{"origin": [4.00576, 21.60436, 4.29349], "size": [1.15625, 0.73828, 0.58203], "uv": [7, 59]}
				]
			},
			{
				"name": "hf40",
				"parent": "mf6",
				"pivot": [2.31492, 19.79258, 4.65625],
				"rotation": [0, 0, 70],
				"cubes": [
					{"origin": [4.05978, 19.44311, 4.29349], "size": [1.25391, 0.95703, 0.58203], "uv": [7, 59]}
				]
			},
			{
				"name": "hf41",
				"parent": "mf6",
				"pivot": [-2.26023, 19.79258, 4.65625],
				"rotation": [0, 0, -70],
				"cubes": [
					{"origin": [-3.37472, 14.33464, 4.29349], "size": [1.24219, 0.96094, 0.58203], "uv": [7, 59], "mirror": true}
				]
			},
			{
				"name": "mf7",
				"parent": "mf2",
				"pivot": [3.29148, 18.63829, -2.84375]
			},
			{
				"name": "hf42",
				"parent": "mf7",
				"pivot": [2.4429, 18.90196, 4.65625],
				"rotation": [0, 0, -115],
				"cubes": [
					{"origin": [-1.28655, 19.5598, 4.29349], "size": [1.75391, 0.73828, 0.58203], "uv": [7, 59], "mirror": true}
				]
			},
			{
				"name": "mf8",
				"parent": "mf7",
				"pivot": [3.29148, 18.63829, -2.84375]
			},
			{
				"name": "hf43",
				"parent": "mf8",
				"pivot": [2.4429, 18.90196, 4.65625],
				"rotation": [0, 0, -115],
				"cubes": [
					{"origin": [-0.72099, 19.99139, 4.29349], "size": [1.18359, 0.78125, 0.58203], "uv": [7, 59], "mirror": true}
				]
			},
			{
				"name": "hf44",
				"parent": "mf8",
				"pivot": [2.31492, 18.90196, 4.65625],
				"rotation": [0, 0, 115],
				"cubes": [
					{"origin": [4.001, 20.23918, 4.29349], "size": [1.72656, 0.73828, 0.58203], "uv": [7, 59]}
				]
			},
			{
				"name": "hf45",
				"parent": "mf8",
				"pivot": [2.31492, 18.90196, 4.65625],
				"rotation": [0, 0, 115],
				"cubes": [
					{"origin": [4.00576, 20.71373, 4.29349], "size": [1.15625, 0.73828, 0.58203], "uv": [7, 59]}
				]
			},
			{
				"name": "hf46",
				"parent": "mf8",
				"pivot": [2.31492, 18.90196, 4.65625],
				"rotation": [0, 0, 70],
				"cubes": [
					{"origin": [4.05978, 18.55249, 4.29349], "size": [1.25391, 0.95703, 0.58203], "uv": [7, 59]}
				]
			},
			{
				"name": "hf47",
				"parent": "mf8",
				"pivot": [-2.26023, 18.90196, 4.65625],
				"rotation": [0, 0, -70],
				"cubes": [
					{"origin": [-3.37472, 13.44402, 4.29349], "size": [1.24219, 0.96094, 0.58203], "uv": [7, 59], "mirror": true}
				]
			},
			{
				"name": "mf9",
				"parent": "mf2",
				"pivot": [3.29148, 17.61485, -2.84375]
			},
			{
				"name": "hf48",
				"parent": "mf9",
				"pivot": [2.4429, 17.87852, 4.65625],
				"rotation": [0, 0, -115],
				"cubes": [
					{"origin": [-3.21624, 18.53636, 4.29349], "size": [3.68359, 0.88281, 0.58203], "uv": [7, 59], "mirror": true}
				]
			},
			{
				"name": "hf55",
				"parent": "mf9",
				"pivot": [2.4429, 17.87852, 4.65625],
				"rotation": [0, 0, -90],
				"cubes": [
					{"origin": [-3.38049, 17.18196, 4.29349], "size": [3.71094, 0.81641, 0.58203], "uv": [7, 59], "mirror": true}
				]
			},
			{
				"name": "mf10",
				"parent": "mf9",
				"pivot": [3.29148, 17.61485, -2.84375]
			},
			{
				"name": "hf49",
				"parent": "mf10",
				"pivot": [2.4429, 17.87852, 4.65625],
				"rotation": [0, 0, -115],
				"cubes": [
					{"origin": [-0.72099, 18.96795, 4.29349], "size": [1.18359, 0.78125, 0.58203], "uv": [7, 59], "mirror": true}
				]
			},
			{
				"name": "hf50",
				"parent": "mf10",
				"pivot": [2.31492, 17.87852, 4.65625],
				"rotation": [0, 0, 115],
				"cubes": [
					{"origin": [4.001, 19.21574, 4.29349], "size": [3.6875, 0.85547, 0.58203], "uv": [7, 59]}
				]
			},
			{
				"name": "hf54",
				"parent": "mf10",
				"pivot": [1.20164, 17.87852, 4.65625],
				"rotation": [0, 0, 90],
				"cubes": [
					{"origin": [4.67678, 18.54777, 4.18802], "size": [0.51563, 1.76563, 0.75], "uv": [48, 18]}
				]
			},
			{
				"name": "hf51",
				"parent": "mf10",
				"pivot": [2.31492, 17.87852, 4.65625],
				"rotation": [0, 0, 115],
				"cubes": [
					{"origin": [4.00576, 19.6903, 4.29349], "size": [1.15625, 0.73828, 0.58203], "uv": [7, 59]}
				]
			},
			{
				"name": "hf52",
				"parent": "mf10",
				"pivot": [2.31492, 17.87852, 4.65625],
				"rotation": [0, 0, 70],
				"cubes": [
					{"origin": [4.05978, 17.52905, 4.29349], "size": [1.25391, 0.95703, 0.58203], "uv": [7, 59]}
				]
			},
			{
				"name": "hf53",
				"parent": "mf10",
				"pivot": [-2.26023, 17.87852, 4.65625],
				"rotation": [0, 0, -70],
				"cubes": [
					{"origin": [-3.37472, 12.42058, 4.29349], "size": [1.24219, 0.96094, 0.58203], "uv": [7, 59], "mirror": true}
				]
			},
			{
				"name": "mf11",
				"parent": "mf",
				"pivot": [-3.26413, 19.77501, -2.84766]
			},
			{
				"name": "mf12",
				"parent": "mf11",
				"pivot": [-3.29148, 20.41954, -2.84375]
			},
			{
				"name": "hf56",
				"parent": "mf12",
				"pivot": [-2.4429, 20.68321, 4.65625],
				"rotation": [0, 0, 115],
				"cubes": [
					{"origin": [-0.46736, 21.34105, 4.29349], "size": [1.75391, 0.73828, 0.58203], "uv": [7, 59]}
				]
			},
			{
				"name": "mf13",
				"parent": "mf12",
				"pivot": [-3.29148, 20.41954, -2.84375]
			},
			{
				"name": "hf57",
				"parent": "mf13",
				"pivot": [-2.4429, 20.68321, 4.65625],
				"rotation": [0, 0, 115],
				"cubes": [
					{"origin": [-0.4626, 21.77264, 4.29349], "size": [1.18359, 0.78125, 0.58203], "uv": [7, 59]}
				]
			},
			{
				"name": "hf58",
				"parent": "mf13",
				"pivot": [-2.31492, 20.68321, 4.65625],
				"rotation": [0, 0, -115],
				"cubes": [
					{"origin": [-5.72756, 22.02043, 4.29349], "size": [1.72656, 0.73828, 0.58203], "uv": [7, 59], "mirror": true}
				]
			},
			{
				"name": "hf59",
				"parent": "mf13",
				"pivot": [-2.31492, 20.68321, 4.65625],
				"rotation": [0, 0, -115],
				"cubes": [
					{"origin": [-5.16201, 22.49498, 4.29349], "size": [1.15625, 0.73828, 0.58203], "uv": [7, 59], "mirror": true}
				]
			},
			{
				"name": "hf60",
				"parent": "mf13",
				"pivot": [-2.31492, 20.68321, 4.65625],
				"rotation": [0, 0, -70],
				"cubes": [
					{"origin": [-5.31368, 20.33374, 4.29349], "size": [1.25391, 0.95703, 0.58203], "uv": [7, 59], "mirror": true}
				]
			},
			{
				"name": "hf61",
				"parent": "mf13",
				"pivot": [2.26023, 20.68321, 4.65625],
				"rotation": [0, 0, 70],
				"cubes": [
					{"origin": [2.13253, 15.22527, 4.29349], "size": [1.24219, 0.96094, 0.58203], "uv": [7, 59]}
				]
			},
			{
				"name": "mf14",
				"parent": "mf11",
				"pivot": [-3.29148, 19.52891, -2.84375]
			},
			{
				"name": "hf62",
				"parent": "mf14",
				"pivot": [-2.4429, 19.79258, 4.65625],
				"rotation": [0, 0, 115],
				"cubes": [
					{"origin": [-0.46736, 20.45042, 4.29349], "size": [1.75391, 0.73828, 0.58203], "uv": [7, 59]}
				]
			},
			{
				"name": "mf15",
				"parent": "mf14",
				"pivot": [-3.29148, 19.52891, -2.84375]
			},
			{
				"name": "hf63",
				"parent": "mf15",
				"pivot": [-2.4429, 19.79258, 4.65625],
				"rotation": [0, 0, 115],
				"cubes": [
					{"origin": [-0.4626, 20.88201, 4.29349], "size": [1.18359, 0.78125, 0.58203], "uv": [7, 59]}
				]
			},
			{
				"name": "hf64",
				"parent": "mf15",
				"pivot": [-2.31492, 19.79258, 4.65625],
				"rotation": [0, 0, -115],
				"cubes": [
					{"origin": [-5.72756, 21.1298, 4.29349], "size": [1.72656, 0.73828, 0.58203], "uv": [7, 59], "mirror": true}
				]
			},
			{
				"name": "hf65",
				"parent": "mf15",
				"pivot": [-2.31492, 19.79258, 4.65625],
				"rotation": [0, 0, -115],
				"cubes": [
					{"origin": [-5.16201, 21.60436, 4.29349], "size": [1.15625, 0.73828, 0.58203], "uv": [7, 59], "mirror": true}
				]
			},
			{
				"name": "hf66",
				"parent": "mf15",
				"pivot": [-2.31492, 19.79258, 4.65625],
				"rotation": [0, 0, -70],
				"cubes": [
					{"origin": [-5.31368, 19.44311, 4.29349], "size": [1.25391, 0.95703, 0.58203], "uv": [7, 59], "mirror": true}
				]
			},
			{
				"name": "hf67",
				"parent": "mf15",
				"pivot": [2.26023, 19.79258, 4.65625],
				"rotation": [0, 0, 70],
				"cubes": [
					{"origin": [2.13253, 14.33464, 4.29349], "size": [1.24219, 0.96094, 0.58203], "uv": [7, 59]}
				]
			},
			{
				"name": "mf16",
				"parent": "mf11",
				"pivot": [-3.29148, 18.63829, -2.84375]
			},
			{
				"name": "hf68",
				"parent": "mf16",
				"pivot": [-2.4429, 18.90196, 4.65625],
				"rotation": [0, 0, 115],
				"cubes": [
					{"origin": [-0.46736, 19.5598, 4.29349], "size": [1.75391, 0.73828, 0.58203], "uv": [7, 59]}
				]
			},
			{
				"name": "mf17",
				"parent": "mf16",
				"pivot": [-3.29148, 18.63829, -2.84375]
			},
			{
				"name": "hf69",
				"parent": "mf17",
				"pivot": [-2.4429, 18.90196, 4.65625],
				"rotation": [0, 0, 115],
				"cubes": [
					{"origin": [-0.4626, 19.99139, 4.29349], "size": [1.18359, 0.78125, 0.58203], "uv": [7, 59]}
				]
			},
			{
				"name": "hf70",
				"parent": "mf17",
				"pivot": [-2.31492, 18.90196, 4.65625],
				"rotation": [0, 0, -115],
				"cubes": [
					{"origin": [-5.72756, 20.23918, 4.29349], "size": [1.72656, 0.73828, 0.58203], "uv": [7, 59], "mirror": true}
				]
			},
			{
				"name": "hf71",
				"parent": "mf17",
				"pivot": [-2.31492, 18.90196, 4.65625],
				"rotation": [0, 0, -115],
				"cubes": [
					{"origin": [-5.16201, 20.71373, 4.29349], "size": [1.15625, 0.73828, 0.58203], "uv": [7, 59], "mirror": true}
				]
			},
			{
				"name": "hf72",
				"parent": "mf17",
				"pivot": [-2.31492, 18.90196, 4.65625],
				"rotation": [0, 0, -70],
				"cubes": [
					{"origin": [-5.31368, 18.55249, 4.29349], "size": [1.25391, 0.95703, 0.58203], "uv": [7, 59], "mirror": true}
				]
			},
			{
				"name": "hf73",
				"parent": "mf17",
				"pivot": [2.26023, 18.90196, 4.65625],
				"rotation": [0, 0, 70],
				"cubes": [
					{"origin": [2.13253, 13.44402, 4.29349], "size": [1.24219, 0.96094, 0.58203], "uv": [7, 59]}
				]
			},
			{
				"name": "mf18",
				"parent": "mf11",
				"pivot": [-3.29148, 17.61485, -2.84375]
			},
			{
				"name": "hf74",
				"parent": "mf18",
				"pivot": [-2.4429, 17.87852, 4.65625],
				"rotation": [0, 0, 115],
				"cubes": [
					{"origin": [-0.46736, 18.53636, 4.29349], "size": [3.58984, 0.88281, 0.58203], "uv": [7, 59]}
				]
			},
			{
				"name": "hf75",
				"parent": "mf18",
				"pivot": [-2.4429, 17.87852, 4.65625],
				"rotation": [0, 0, 90],
				"cubes": [
					{"origin": [-0.33044, 17.18196, 4.29349], "size": [3.60938, 0.81641, 0.58203], "uv": [7, 59]}
				]
			},
			{
				"name": "mf19",
				"parent": "mf18",
				"pivot": [-3.29148, 17.61485, -2.84375]
			},
			{
				"name": "hf76",
				"parent": "mf19",
				"pivot": [-2.4429, 17.87852, 4.65625],
				"rotation": [0, 0, 115],
				"cubes": [
					{"origin": [-0.4626, 18.96795, 4.29349], "size": [1.18359, 0.78125, 0.58203], "uv": [7, 59]}
				]
			},
			{
				"name": "hf77",
				"parent": "mf19",
				"pivot": [-2.31492, 17.87852, 4.65625],
				"rotation": [0, 0, -115],
				"cubes": [
					{"origin": [-7.51272, 19.21574, 4.29349], "size": [3.51172, 0.85547, 0.58203], "uv": [7, 59], "mirror": true}
				]
			},
			{
				"name": "hf78",
				"parent": "mf19",
				"pivot": [-1.20163, 17.87852, 4.65625],
				"rotation": [0, 0, -90],
				"cubes": [
					{"origin": [-5.19241, 18.54777, 4.18802], "size": [0.51563, 1.76563, 0.75], "uv": [48, 18], "mirror": true}
				]
			},
			{
				"name": "hf79",
				"parent": "mf19",
				"pivot": [-2.31492, 17.87852, 4.65625],
				"rotation": [0, 0, -115],
				"cubes": [
					{"origin": [-5.16201, 19.6903, 4.29349], "size": [1.15625, 0.73828, 0.58203], "uv": [7, 59], "mirror": true}
				]
			},
			{
				"name": "hf80",
				"parent": "mf19",
				"pivot": [-2.31492, 17.87852, 4.65625],
				"rotation": [0, 0, -70],
				"cubes": [
					{"origin": [-5.31368, 17.52905, 4.29349], "size": [1.25391, 0.95703, 0.58203], "uv": [7, 59], "mirror": true}
				]
			},
			{
				"name": "hf81",
				"parent": "mf19",
				"pivot": [2.26023, 17.87852, 4.65625],
				"rotation": [0, 0, 70],
				"cubes": [
					{"origin": [2.13253, 12.42058, 4.29349], "size": [1.24219, 0.96094, 0.58203], "uv": [7, 59]}
				]
			},
			{
				"name": "helmet",
				"parent": "head",
				"pivot": [-2.52734, -1.42031, -0.03125],
				"rotation": [0, 0, 5]
			},
			{
				"name": "helmet2",
				"parent": "helmet",
				"pivot": [-2.52734, -1.42031, -0.03125]
			},
			{
				"name": "helmet3",
				"parent": "helmet2",
				"pivot": [-2.52734, -1.42031, -0.03125]
			},
			{
				"name": "helmet4",
				"parent": "helmet3",
				"pivot": [-2.52734, -1.42031, -0.03125]
			},
			{
				"name": "helmet5",
				"parent": "helmet4",
				"pivot": [-2.52734, -1.42031, -0.03125]
			},
			{
				"name": "helmet6",
				"parent": "helmet5",
				"pivot": [-2.52734, 17.62266, -0.03125]
			},
			{
				"name": "helmet7",
				"parent": "helmet6",
				"pivot": [-2.52734, 17.62266, -0.03125]
			},
			{
				"name": "helmet15",
				"parent": "helmet7",
				"pivot": [-2.52734, 17.62266, 6.47858],
				"rotation": [80, 0, 0],
				"cubes": [
					{"origin": [-5.52734, 17.20794, 15.05205], "size": [4.625, 4.49609, 0.63281], "uv": [27, 39]}
				]
			},
			{
				"name": "helmet16",
				"parent": "helmet15",
				"pivot": [-5.52734, 15.70403, 6.47858],
				"rotation": [0, 0, 28.66296],
				"cubes": [
					{"origin": [-9.52734, 17.20794, 15.05105], "size": [2.625, 4.49609, 0.63281], "uv": [27, 39]}
				]
			},
			{
				"name": "helmet17",
				"parent": "helmet15",
				"pivot": [0.47266, 15.70403, 6.47858],
				"rotation": [0, 0, -28.66296],
				"cubes": [
					{"origin": [0.47266, 17.20794, 15.05305], "size": [2.625, 4.49609, 0.63281], "uv": [27, 39]}
				]
			},
			{
				"name": "helmet8",
				"parent": "helmet6",
				"pivot": [-2.52734, 17.62266, -0.03125],
				"rotation": [0, -45, 0]
			},
			{
				"name": "helmet18",
				"parent": "helmet8",
				"pivot": [-2.52734, 17.62266, 6.47858],
				"rotation": [80, 0, 0],
				"cubes": [
					{"origin": [-5.52734, 17.20794, 15.05205], "size": [4.625, 4.49609, 0.63281], "uv": [27, 39]}
				]
			},
			{
				"name": "helmet19",
				"parent": "helmet18",
				"pivot": [-5.52734, 15.70403, 6.47858],
				"rotation": [0, 0, 28.66296],
				"cubes": [
					{"origin": [-9.52734, 17.20794, 15.05105], "size": [2.625, 4.49609, 0.63281], "uv": [27, 39]}
				]
			},
			{
				"name": "helmet20",
				"parent": "helmet18",
				"pivot": [0.47266, 15.70403, 6.47858],
				"rotation": [0, 0, -28.66296],
				"cubes": [
					{"origin": [0.47266, 17.20794, 15.05305], "size": [2.625, 4.49609, 0.63281], "uv": [27, 39]}
				]
			},
			{
				"name": "helmet9",
				"parent": "helmet6",
				"pivot": [-2.52734, 17.62266, -0.03125],
				"rotation": [0, -90, 0]
			},
			{
				"name": "helmet21",
				"parent": "helmet9",
				"pivot": [-2.52734, 17.62266, 6.47858],
				"rotation": [80, 0, 0],
				"cubes": [
					{"origin": [-5.52734, 17.20794, 15.05205], "size": [4.625, 4.49609, 0.63281], "uv": [27, 39]}
				]
			},
			{
				"name": "helmet22",
				"parent": "helmet21",
				"pivot": [-5.52734, 15.70403, 6.47858],
				"rotation": [0, 0, 28.66296],
				"cubes": [
					{"origin": [-9.52734, 17.20794, 15.05105], "size": [2.625, 4.49609, 0.63281], "uv": [27, 39]}
				]
			},
			{
				"name": "helmet23",
				"parent": "helmet21",
				"pivot": [0.47266, 15.70403, 6.47858],
				"rotation": [0, 0, -28.66296],
				"cubes": [
					{"origin": [0.47266, 17.20794, 15.05305], "size": [2.625, 4.49609, 0.63281], "uv": [27, 39]}
				]
			},
			{
				"name": "helmet10",
				"parent": "helmet6",
				"pivot": [-2.52734, 17.62266, -0.03125],
				"rotation": [0, -135, 0]
			},
			{
				"name": "helmet24",
				"parent": "helmet10",
				"pivot": [-2.52734, 17.62266, 6.47858],
				"rotation": [80, 0, 0],
				"cubes": [
					{"origin": [-5.52734, 17.20794, 15.05205], "size": [4.625, 4.49609, 0.63281], "uv": [27, 39]}
				]
			},
			{
				"name": "helmet25",
				"parent": "helmet24",
				"pivot": [-5.52734, 15.70403, 6.47858],
				"rotation": [0, 0, 28.66296],
				"cubes": [
					{"origin": [-9.52734, 17.20794, 15.05105], "size": [2.625, 4.49609, 0.63281], "uv": [27, 39]}
				]
			},
			{
				"name": "helmet26",
				"parent": "helmet24",
				"pivot": [0.47266, 15.70403, 6.47858],
				"rotation": [0, 0, -28.66296],
				"cubes": [
					{"origin": [0.47266, 17.20794, 15.05305], "size": [2.625, 4.49609, 0.63281], "uv": [27, 39]}
				]
			},
			{
				"name": "helmet11",
				"parent": "helmet6",
				"pivot": [-2.52734, 17.62266, -0.03125],
				"rotation": [0, -180, 0]
			},
			{
				"name": "helmet27",
				"parent": "helmet11",
				"pivot": [-2.52734, 17.62266, 6.47858],
				"rotation": [80, 0, 0],
				"cubes": [
					{"origin": [-5.52734, 17.20794, 15.05205], "size": [4.625, 4.49609, 0.63281], "uv": [27, 39]}
				]
			},
			{
				"name": "helmet28",
				"parent": "helmet27",
				"pivot": [-5.52734, 15.70403, 6.47858],
				"rotation": [0, 0, 28.66296],
				"cubes": [
					{"origin": [-9.52734, 17.20794, 15.05105], "size": [2.625, 4.49609, 0.63281], "uv": [27, 39]}
				]
			},
			{
				"name": "helmet29",
				"parent": "helmet27",
				"pivot": [0.47266, 15.70403, 6.47858],
				"rotation": [0, 0, -28.66296],
				"cubes": [
					{"origin": [0.47266, 17.20794, 15.05305], "size": [2.625, 4.49609, 0.63281], "uv": [27, 39]}
				]
			},
			{
				"name": "helmet12",
				"parent": "helmet6",
				"pivot": [-2.52734, 17.62266, -0.03125],
				"rotation": [0, -225, 0]
			},
			{
				"name": "helmet30",
				"parent": "helmet12",
				"pivot": [-2.52734, 17.62266, 6.47858],
				"rotation": [80, 0, 0],
				"cubes": [
					{"origin": [-5.52734, 17.20794, 15.05205], "size": [4.625, 4.49609, 0.63281], "uv": [27, 39]}
				]
			},
			{
				"name": "helmet31",
				"parent": "helmet30",
				"pivot": [-5.52734, 15.70403, 6.47858],
				"rotation": [0, 0, 28.66296],
				"cubes": [
					{"origin": [-9.52734, 17.20794, 15.05105], "size": [2.625, 4.49609, 0.63281], "uv": [27, 39]}
				]
			},
			{
				"name": "helmet32",
				"parent": "helmet30",
				"pivot": [0.47266, 15.70403, 6.47858],
				"rotation": [0, 0, -28.66296],
				"cubes": [
					{"origin": [0.47266, 17.20794, 15.05305], "size": [2.625, 4.49609, 0.63281], "uv": [27, 39]}
				]
			},
			{
				"name": "helmet13",
				"parent": "helmet6",
				"pivot": [-2.52734, 17.62266, -0.03125],
				"rotation": [0, -270, 0]
			},
			{
				"name": "helmet33",
				"parent": "helmet13",
				"pivot": [-2.52734, 17.62266, 6.47858],
				"rotation": [80, 0, 0],
				"cubes": [
					{"origin": [-5.52734, 17.20794, 15.05205], "size": [4.625, 4.49609, 0.63281], "uv": [27, 39]}
				]
			},
			{
				"name": "helmet34",
				"parent": "helmet33",
				"pivot": [-5.52734, 15.70403, 6.47858],
				"rotation": [0, 0, 28.66296],
				"cubes": [
					{"origin": [-9.52734, 17.20794, 15.05105], "size": [2.625, 4.49609, 0.63281], "uv": [27, 39]}
				]
			},
			{
				"name": "helmet35",
				"parent": "helmet33",
				"pivot": [0.47266, 15.70403, 6.47858],
				"rotation": [0, 0, -28.66296],
				"cubes": [
					{"origin": [0.47266, 17.20794, 15.05305], "size": [2.625, 4.49609, 0.63281], "uv": [27, 39]}
				]
			},
			{
				"name": "helmet14",
				"parent": "helmet6",
				"pivot": [-2.52734, 17.62266, -0.03125],
				"rotation": [0, -315, 0]
			},
			{
				"name": "helmet36",
				"parent": "helmet14",
				"pivot": [-2.52734, 17.62266, 6.47858],
				"rotation": [80, 0, 0],
				"cubes": [
					{"origin": [-5.52734, 17.20794, 15.05205], "size": [4.625, 4.49609, 0.63281], "uv": [27, 39]}
				]
			},
			{
				"name": "helmet38",
				"parent": "helmet36",
				"pivot": [-5.52734, 15.70403, 6.47858],
				"rotation": [0, 0, 28.66296],
				"cubes": [
					{"origin": [-9.52734, 17.20794, 15.05105], "size": [2.625, 4.49609, 0.63281], "uv": [27, 39]}
				]
			},
			{
				"name": "helmet37",
				"parent": "helmet36",
				"pivot": [0.47266, 15.70403, 6.47858],
				"rotation": [0, 0, -28.66296],
				"cubes": [
					{"origin": [0.47266, 17.20794, 15.05305], "size": [2.625, 4.49609, 0.63281], "uv": [27, 39]}
				]
			},
			{
				"name": "helmet39",
				"parent": "helmet5",
				"pivot": [-2.52734, -1.42031, -0.03125]
			},
			{
				"name": "helmet40",
				"parent": "helmet39",
				"pivot": [-2.52734, -1.42031, -0.03125]
			},
			{
				"name": "helmet42",
				"parent": "helmet40",
				"pivot": [-2.94922, 29.66953, -4.59375],
				"rotation": [-15, 0, 0],
				"cubes": [
					{"origin": [-4.33984, 26.81686, -4.37243], "size": [4, 5, 1], "uv": [26, 41]}
				]
			},
			{
				"name": "helmet41",
				"parent": "helmet40",
				"pivot": [-2.94922, 29.66953, -4.59375],
				"rotation": [-15, 0, 0],
				"cubes": [
					{"origin": [-5.05469, 26.93796, -5.29821], "size": [4.66797, 1.83203, 1.03516], "uv": [53, 58]}
				]
			},
			{
				"name": "helmet64",
				"parent": "helmet39",
				"pivot": [-2.52734, -1.42031, -0.03125]
			},
			{
				"name": "helmet65",
				"parent": "helmet64",
				"pivot": [-2.94922, 29.66953, -4.59375],
				"rotation": [-15, 0, 0],
				"cubes": [
					{"origin": [-4.33984, 26.81686, -4.37243], "size": [4, 5, 1], "uv": [26, 41]}
				]
			},
			{
				"name": "helmet66",
				"parent": "helmet64",
				"pivot": [-2.94922, 29.66953, -4.59375],
				"rotation": [-15, 0, 0],
				"cubes": [
					{"origin": [-4.33984, 27.33249, -4.7943], "size": [3.98438, 1.4375, 0.53125], "uv": [53, 58]}
				]
			},
			{
				"name": "helmet61",
				"parent": "helmet39",
				"pivot": [-2.52734, -1.42031, -0.03125],
				"rotation": [0, 45, 0]
			},
			{
				"name": "helmet62",
				"parent": "helmet61",
				"pivot": [-2.94922, 29.66953, -4.59375],
				"rotation": [-15, 0, 0],
				"cubes": [
					{"origin": [-4.33984, 26.81686, -4.37243], "size": [4, 5, 1], "uv": [26, 41]}
				]
			},
			{
				"name": "helmet63",
				"parent": "helmet61",
				"pivot": [-2.94922, 29.66953, -4.59375],
				"rotation": [-15, 0, 0],
				"cubes": [
					{"origin": [-5.05469, 26.93796, -5.29821], "size": [4.66797, 1.83203, 1.03516], "uv": [53, 58]}
				]
			},
			{
				"name": "helmet58",
				"parent": "helmet39",
				"pivot": [-2.52734, -1.42031, -0.03125],
				"rotation": [0, 90, 0]
			},
			{
				"name": "helmet59",
				"parent": "helmet58",
				"pivot": [-2.94922, 29.66953, -4.59375],
				"rotation": [-15, 0, 0],
				"cubes": [
					{"origin": [-4.33984, 26.81686, -4.37243], "size": [4, 5, 1], "uv": [26, 41]}
				]
			},
			{
				"name": "helmet67",
				"parent": "helmet58",
				"pivot": [-2.94922, 35.66953, -4.59375],
				"cubes": [
					{"origin": [-4.33984, 30.33094, -3.8242], "size": [4, 1.35547, 7.75391], "uv": [26, 41]}
				]
			},
			{
				"name": "helmet68",
				"parent": "helmet58",
				"pivot": [-2.33984, 31.00868, 0.05276],
				"rotation": [0, -45, 0],
				"cubes": [
					{"origin": [-4.33984, 30.33094, -3.8242], "size": [4, 1.35547, 7.75391], "uv": [26, 41]}
				]
			},
			{
				"name": "helmet69",
				"parent": "helmet58",
				"pivot": [-2.33984, 31.00868, 0.05276],
				"rotation": [0, -90, 0],
				"cubes": [
					{"origin": [-4.33984, 30.33094, -3.8242], "size": [4, 1.35547, 7.75391], "uv": [26, 41]}
				]
			},
			{
				"name": "helmet70",
				"parent": "helmet58",
				"pivot": [-2.33984, 31.00868, 0.05276],
				"rotation": [0, -135, 0],
				"cubes": [
					{"origin": [-4.33984, 30.33094, -3.8242], "size": [4, 1.35547, 7.75391], "uv": [26, 41]}
				]
			},
			{
				"name": "helmet60",
				"parent": "helmet58",
				"pivot": [-2.94922, 29.66953, -4.59375],
				"rotation": [-15, 0, 0],
				"cubes": [
					{"origin": [-5.05469, 26.93796, -5.29821], "size": [4.66797, 1.83203, 1.03516], "uv": [53, 58]}
				]
			},
			{
				"name": "helmet55",
				"parent": "helmet39",
				"pivot": [-2.52734, -1.42031, -0.03125],
				"rotation": [0, 135, 0]
			},
			{
				"name": "helmet56",
				"parent": "helmet55",
				"pivot": [-2.94922, 29.66953, -4.59375],
				"rotation": [-15, 0, 0],
				"cubes": [
					{"origin": [-4.33984, 26.81686, -4.37243], "size": [4, 5, 1], "uv": [26, 41]}
				]
			},
			{
				"name": "helmet57",
				"parent": "helmet55",
				"pivot": [-2.94922, 29.66953, -4.59375],
				"rotation": [-15, 0, 0],
				"cubes": [
					{"origin": [-5.05469, 26.93796, -5.29821], "size": [4.66797, 1.83203, 1.03516], "uv": [53, 58]}
				]
			},
			{
				"name": "helmet52",
				"parent": "helmet39",
				"pivot": [-2.52734, -1.42031, -0.03125],
				"rotation": [0, 180, 0]
			},
			{
				"name": "helmet53",
				"parent": "helmet52",
				"pivot": [-2.94922, 29.66953, -4.59375],
				"rotation": [-15, 0, 0],
				"cubes": [
					{"origin": [-4.33984, 26.81686, -4.37243], "size": [4, 5, 1], "uv": [26, 41]}
				]
			},
			{
				"name": "helmet54",
				"parent": "helmet52",
				"pivot": [-2.94922, 29.66953, -4.59375],
				"rotation": [-15, 0, 0],
				"cubes": [
					{"origin": [-5.05469, 26.93796, -5.29821], "size": [4.66797, 1.83203, 1.03516], "uv": [53, 58]}
				]
			},
			{
				"name": "helmet49",
				"parent": "helmet39",
				"pivot": [-2.52734, -1.42031, -0.03125],
				"rotation": [0, -135, 0]
			},
			{
				"name": "helmet50",
				"parent": "helmet49",
				"pivot": [-2.94922, 29.66953, -4.59375],
				"rotation": [-15, 0, 0],
				"cubes": [
					{"origin": [-4.33984, 26.81686, -4.37243], "size": [4, 5, 1], "uv": [26, 41]}
				]
			},
			{
				"name": "helmet51",
				"parent": "helmet49",
				"pivot": [-2.94922, 29.66953, -4.59375],
				"rotation": [-15, 0, 0],
				"cubes": [
					{"origin": [-5.05469, 26.93796, -5.29821], "size": [4.66797, 1.83203, 1.03516], "uv": [53, 58]}
				]
			},
			{
				"name": "helmet46",
				"parent": "helmet39",
				"pivot": [-2.52734, -1.42031, -0.03125],
				"rotation": [0, -90, 0]
			},
			{
				"name": "helmet47",
				"parent": "helmet46",
				"pivot": [-2.94922, 29.66953, -4.59375],
				"rotation": [-15, 0, 0],
				"cubes": [
					{"origin": [-4.33984, 26.81686, -4.37243], "size": [4, 5, 1], "uv": [26, 41]}
				]
			},
			{
				"name": "helmet48",
				"parent": "helmet46",
				"pivot": [-2.94922, 29.66953, -4.59375],
				"rotation": [-15, 0, 0],
				"cubes": [
					{"origin": [-5.05469, 26.93796, -5.29821], "size": [4.66797, 1.83203, 1.03516], "uv": [53, 58]}
				]
			},
			{
				"name": "helmet43",
				"parent": "helmet39",
				"pivot": [-2.52734, -1.42031, -0.03125],
				"rotation": [0, -45, 0]
			},
			{
				"name": "helmet44",
				"parent": "helmet43",
				"pivot": [-2.94922, 29.66953, -4.59375],
				"rotation": [-15, 0, 0],
				"cubes": [
					{"origin": [-4.33984, 26.81686, -4.37243], "size": [4, 5, 1], "uv": [26, 41]}
				]
			},
			{
				"name": "helmet45",
				"parent": "helmet43",
				"pivot": [-2.94922, 29.66953, -4.59375],
				"rotation": [-15, 0, 0],
				"cubes": [
					{"origin": [-5.05469, 26.93796, -5.29821], "size": [4.66797, 1.83203, 1.03516], "uv": [53, 58]}
				]
			},
			{
				"name": "armRight",
				"pivot": [-2.53125, 18.32813, 0],
				"rotation": [0, 0, 25],
				"cubes": [
					{"origin": [-4.23603, 13.50868, -1.03125], "size": [2, 5, 2], "uv": [0, 35]}
				]
			},
			{
				"name": "armRight2",
				"parent": "armRight",
				"pivot": [-3.53125, 13.81251, 0],
				"cubes": [
					{"origin": [-4.23603, 9.50868, -1.03125], "size": [2, 5, 2], "uv": [0, 36]}
				]
			},
			{
				"name": "armRight3",
				"parent": "armRight2",
				"pivot": [-2.73437, 23.14064, 1.90625]
			},
			{
				"name": "armRight21",
				"parent": "armRight3",
				"pivot": [-2.73437, 23.73439, 0.14063],
				"rotation": [25, 0, 0]
			},
			{
				"name": "armLeft",
				"pivot": [2.29688, 18.40625, 0],
				"rotation": [0, 0, -25],
				"cubes": [
					{"origin": [2.18105, 13.41695, -1], "size": [2, 5, 2], "uv": [0, 35], "mirror": true}
				]
			},
			{
				"name": "armLeft2",
				"parent": "armLeft",
				"pivot": [3.07813, 13.78126, 0]
			},
			{
				"name": "armLeft99",
				"parent": "armLeft2",
				"pivot": [3.07813, 13.78126, 0],
				"cubes": [
					{"origin": [2.18105, 9.41695, -1], "size": [2, 5, 2], "uv": [0, 35], "mirror": true}
				]
			},
			{
				"name": "body",
				"pivot": [-0.04687, 10.79688, 0],
				"cubes": [
					{"origin": [-3.5625, 10.55168, -2.54626], "size": [7.125, 3, 5.09375], "uv": [0, 16]},
					{"origin": [-2.85, 12.90625, -2.39062], "size": [5.7, 7, 4.89063], "uv": [0, 24]},
					{"origin": [-1.05937, 14.70313, -1.01562], "size": [2, 7.65625, 2], "uv": [25, 24]},
					{"origin": [-4, 18.21223, -1], "size": [8, 1, 1.96875], "uv": [22, 29]}
				]
			},
			{
				"name": "collar",
				"parent": "body",
				"pivot": [-0.14414, 11.38789, 0.0961]
			},
			{
				"name": "collar2",
				"parent": "collar",
				"pivot": [-0.14414, 11.38789, 0.0961]
			},
			{
				"name": "collar3",
				"parent": "collar2",
				"pivot": [-0.14414, 11.38789, 0.0961]
			},
			{
				"name": "collar33",
				"parent": "collar3",
				"pivot": [-0.14414, 11.38789, 0.0961]
			},
			{
				"name": "suit",
				"parent": "body",
				"pivot": [0.11211, 11.02853, 0]
			},
			{
				"name": "suit2",
				"parent": "suit",
				"pivot": [0.11211, 11.02853, 0]
			},
			{
				"name": "suit3",
				"parent": "suit2",
				"pivot": [0.11211, 11.02853, 0]
			},
			{
				"name": "suit4",
				"parent": "suit3",
				"pivot": [0.11211, 11.02853, 0]
			},
			{
				"name": "suit5",
				"parent": "suit4",
				"pivot": [0.11211, 11.02853, 0]
			},
			{
				"name": "suit6",
				"parent": "suit5",
				"pivot": [0.11211, 11.02853, 0],
				"rotation": [0, 0, 25],
				"cubes": [
					{"origin": [-5.35315, 16.57329, -2.43515], "size": [2.50391, 0.30078, 0.10938], "uv": [41, 56]}
				]
			},
			{
				"name": "suit7",
				"parent": "suit5",
				"pivot": [0.11211, 11.02853, 0],
				"cubes": [
					{"origin": [-3.00759, 14.31594, -2.43515], "size": [0.78125, 4.07031, 0.10938], "uv": [42, 54]}
				]
			},
			{
				"name": "suit39",
				"parent": "suit5",
				"pivot": [0.11211, 11.02853, 0],
				"cubes": [
					{"origin": [-3.00759, 18.54641, -2.4039], "size": [0.78125, 1.46484, 0.07813], "uv": [57, 38]},
					{"origin": [2.20725, 18.54641, -2.4039], "size": [0.78125, 1.46484, 0.07813], "uv": [57, 38]}
				]
			},
			{
				"name": "suit40",
				"parent": "suit5",
				"pivot": [0.11211, 11.02853, 0],
				"cubes": [
					{"origin": [-3.00759, 19.88235, -2.4039], "size": [0.78125, 0.12891, 4.98438], "uv": [57, 38]},
					{"origin": [2.20725, 19.88235, -2.4039], "size": [0.78125, 0.12891, 4.98438], "uv": [57, 38]}
				]
			},
			{
				"name": "suit41",
				"parent": "suit5",
				"pivot": [0.11211, 11.02853, 0],
				"cubes": [
					{"origin": [-3.00759, 18.45266, 2.45547], "size": [0.78125, 1.55859, 0.125], "uv": [57, 38]},
					{"origin": [2.20725, 18.45266, 2.45547], "size": [0.78125, 1.55859, 0.125], "uv": [57, 38]}
				]
			},
			{
				"name": "suit23",
				"parent": "suit5",
				"pivot": [0.11211, 11.02853, 0],
				"cubes": [
					{"origin": [-3.02322, 14.31594, -2.43515], "size": [0.66407, 4.31641, 1.46875], "uv": [40, 53]}
				]
			},
			{
				"name": "suit35",
				"parent": "suit5",
				"pivot": [0.11211, 11.02853, 0]
			},
			{
				"name": "suit36",
				"parent": "suit5",
				"pivot": [0.11211, 11.02853, 0],
				"cubes": [
					{"origin": [-3.01461, 14.21097, 2.39297], "size": [3.71875, 0.17188, 0.14063], "uv": [42, 1]}
				]
			},
			{
				"name": "suit14",
				"parent": "suit5",
				"pivot": [0.11211, 11.02853, 0],
				"cubes": [
					{"origin": [-3.02322, 14.31594, -2.43515], "size": [0.20313, 3.91016, 1.46875], "uv": [40, 53]}
				]
			},
			{
				"name": "suit24",
				"parent": "suit5",
				"pivot": [0.11211, 11.02853, 0],
				"cubes": [
					{"origin": [-3.02322, 14.31594, -0.9664], "size": [0.20313, 4.49219, 1.46875], "uv": [40, 53]}
				]
			},
			{
				"name": "suit15",
				"parent": "suit5",
				"pivot": [0.11211, 11.02853, 0],
				"cubes": [
					{"origin": [-3.02322, 14.31594, 0.50235], "size": [0.20313, 4.31641, 1.46875], "uv": [40, 53]}
				]
			},
			{
				"name": "suit16",
				"parent": "suit5",
				"pivot": [0.11211, 11.02853, 0],
				"cubes": [
					{"origin": [-3.02322, 14.31594, 2.37735], "size": [3.1875, 4.31641, 0.21875], "uv": [39, 54]}
				]
			},
			{
				"name": "suit17",
				"parent": "suit5",
				"pivot": [0.11211, 11.02853, 0],
				"cubes": [
					{"origin": [-3.02322, 14.31594, 1.95547], "size": [0.20313, 4.31641, 0.64063], "uv": [42, 54]}
				]
			},
			{
				"name": "suit8",
				"parent": "suit5",
				"pivot": [0.11211, 11.02853, 0],
				"cubes": [
					{"origin": [-0.66384, 14.31594, -2.43515], "size": [0.53125, 4.0625, 0.10938], "uv": [42, 54]}
				]
			},
			{
				"name": "suit12",
				"parent": "suit5",
				"pivot": [0.11211, 11.02853, 0]
			},
			{
				"name": "suit9",
				"parent": "suit5",
				"pivot": [0.11211, 11.02853, 0],
				"rotation": [0, 0, 5]
			},
			{
				"name": "suit13",
				"parent": "suit5",
				"pivot": [0.11211, 11.02853, 0]
			},
			{
				"name": "suit11",
				"parent": "suit5",
				"pivot": [0.11211, 11.02853, 0],
				"cubes": [
					{"origin": [-2.22634, 14.31594, -2.43515], "size": [0.78125, 4.0625, 0.10938], "uv": [42, 54]}
				]
			},
			{
				"name": "suit10",
				"parent": "suit5",
				"pivot": [0.11211, 11.02853, 0],
				"cubes": [
					{"origin": [-1.44509, 14.31594, -2.43515], "size": [0.78125, 4.0625, 0.10938], "uv": [42, 54]}
				]
			},
			{
				"name": "suit18",
				"parent": "suit4",
				"pivot": [-0.11211, 11.02853, 0]
			},
			{
				"name": "suit19",
				"parent": "suit18",
				"pivot": [-0.11211, 11.02853, 0],
				"rotation": [0, 0, -25],
				"cubes": [
					{"origin": [2.84925, 16.72173, -2.43515], "size": [2.37891, 0.30078, 0.10938], "uv": [41, 56], "mirror": true}
				]
			},
			{
				"name": "suit20",
				"parent": "suit18",
				"pivot": [-0.11211, 11.02853, 0],
				"cubes": [
					{"origin": [2.22634, 14.31594, -2.43515], "size": [0.78125, 4.07422, 0.10938], "uv": [42, 54], "mirror": true}
				]
			},
			{
				"name": "suit21",
				"parent": "suit18",
				"pivot": [-0.11211, 11.02853, 0],
				"cubes": [
					{"origin": [2.17556, 14.31594, -2.43515], "size": [0.84766, 4.39062, 1.46875], "uv": [40, 53], "mirror": true}
				]
			},
			{
				"name": "suit22",
				"parent": "suit18",
				"pivot": [-0.11211, 11.02853, 0]
			},
			{
				"name": "suit25",
				"parent": "suit18",
				"pivot": [-0.11211, 11.02853, 0]
			},
			{
				"name": "suit26",
				"parent": "suit18",
				"pivot": [-0.11211, 11.02853, 0],
				"cubes": [
					{"origin": [2.82009, 14.31594, -2.43515], "size": [0.20313, 4.32031, 1.46875], "uv": [40, 53], "mirror": true}
				]
			},
			{
				"name": "suit27",
				"parent": "suit18",
				"pivot": [-0.11211, 11.02853, 0],
				"cubes": [
					{"origin": [2.82009, 14.31594, -0.9664], "size": [0.20313, 4.32031, 1.46875], "uv": [40, 53], "mirror": true}
				]
			},
			{
				"name": "suit28",
				"parent": "suit18",
				"pivot": [-0.11211, 11.02853, 0],
				"cubes": [
					{"origin": [2.82009, 14.31594, 0.50235], "size": [0.20313, 4.32031, 1.46875], "uv": [40, 53], "mirror": true}
				]
			},
			{
				"name": "suit29",
				"parent": "suit18",
				"pivot": [-0.11211, 11.02853, 0],
				"cubes": [
					{"origin": [-0.16428, 14.31594, 2.37735], "size": [3.1875, 4.31641, 0.21875], "uv": [39, 54], "mirror": true}
				]
			},
			{
				"name": "suit30",
				"parent": "suit18",
				"pivot": [-0.11211, 11.02853, 0],
				"cubes": [
					{"origin": [2.82009, 14.31594, 1.95547], "size": [0.20313, 4.32031, 0.64063], "uv": [42, 54], "mirror": true}
				]
			},
			{
				"name": "suit31",
				"parent": "suit18",
				"pivot": [-0.11211, 11.02853, 0],
				"cubes": [
					{"origin": [-0.35569, 14.31594, -2.43515], "size": [1.01953, 4.0625, 0.10938], "uv": [42, 54], "mirror": true}
				]
			},
			{
				"name": "suit32",
				"parent": "suit18",
				"pivot": [-0.11211, 11.02853, 0]
			},
			{
				"name": "suit33",
				"parent": "suit18",
				"pivot": [-0.11211, 11.02853, 0],
				"rotation": [0, 0, -5]
			},
			{
				"name": "suit34",
				"parent": "suit18",
				"pivot": [-0.11211, 11.02853, 0]
			},
			{
				"name": "suit37",
				"parent": "suit18",
				"pivot": [-0.11211, 11.02853, 0],
				"cubes": [
					{"origin": [1.44509, 14.31594, -2.43515], "size": [0.78125, 4.0625, 0.10938], "uv": [42, 54], "mirror": true}
				]
			},
			{
				"name": "suit38",
				"parent": "suit18",
				"pivot": [-0.11211, 11.02853, 0],
				"cubes": [
					{"origin": [0.66384, 14.31594, -2.43515], "size": [0.78125, 4.0625, 0.10938], "uv": [42, 54], "mirror": true}
				]
			},
			{
				"name": "skirt",
				"parent": "body",
				"pivot": [-0.12813, -0.51562, -3.23242]
			},
			{
				"name": "legLeft",
				"pivot": [1.96876, 10.92188, -0.10937],
				"cubes": [
					{"origin": [0.54421, 5.59375, -1.5], "size": [3, 5.3125, 3], "uv": [0, 45]}
				]
			},
			{
				"name": "legLeft2",
				"parent": "legLeft",
				"pivot": [2.20313, 6, 0],
				"cubes": [
					{"origin": [0.54421, -0.09375, -1.5], "size": [3, 6.875, 3], "uv": [19, 25]}
				]
			},
			{
				"name": "kz",
				"parent": "legLeft",
				"pivot": [1.96876, 10.92188, -6.10937],
				"cubes": [
					{"origin": [0.3086, 8.83204, -1.96093], "size": [3.63672, 3.68359, 4], "uv": [50, 37]}
				]
			},
			{
				"name": "legRight",
				"pivot": [-2.09375, 10.95313, 0],
				"cubes": [
					{"origin": [-3.55618, 5.90625, -1.5625], "size": [3, 5, 3.0625], "uv": [0, 44]}
				]
			},
			{
				"name": "legRight122",
				"parent": "legRight",
				"pivot": [-2.09375, 5.95313, 0],
				"cubes": [
					{"origin": [-3.55618, -0.09375, -1.56249], "size": [3, 6.79688, 3.06251], "uv": [19, 25]}
				]
			},
			{
				"name": "legRight94",
				"parent": "legRight122",
				"pivot": [-2.29687, 9, 0]
			},
			{
				"name": "legRight95",
				"parent": "legRight94",
				"pivot": [-2.29687, 9, 0]
			},
			{
				"name": "kz2",
				"parent": "legRight",
				"pivot": [-1.96876, 10.92188, -6.10937],
				"cubes": [
					{"origin": [-4.00782, 8.83204, -1.96093], "size": [3.70312, 3.68359, 4], "uv": [50, 37], "mirror": true}
				]
			}
		]
	}
}