{
	"format_version": "1.10.0",
	"geometry.model": {
		"texturewidth": 64,
		"textureheight": 64,
		"visible_bounds_width": 3,
		"visible_bounds_height": 3.5,
		"visible_bounds_offset": [0, 1.25, 0],
		"bones": [
			{
				"name": "body",
				"pivot": [0, 10.5, 0],
				"rotation": [-35, 0, 0],
				"cubes": [
					{"origin": [-3.5, 9, -1.5], "size": [7, 9, 3], "uv": [0, 32]}
				]
			},
			{
				"name": "cloth",
				"parent": "body",
				"pivot": [0, 0, 0],
				"cubes": [
					{"origin": [-5, 7.5, -3], "size": [10, 5, 6], "uv": [26, 26], "inflate": -1.26},
					{"origin": [-5, 13.5, -3], "size": [10, 6, 6], "uv": [26, 10], "inflate": -1.25},
					{"origin": [-4, 7.5, -2], "size": [8, 4, 4], "uv": [24, 0], "inflate": -0.24}
				]
			},
			{
				"name": "head",
				"parent": "body",
				"pivot": [0, 18, 0],
				"cubes": [
					{"origin": [-4, 18, -4], "size": [8, 8, 8], "uv": [0, 16]},
					{"origin": [-4, 18, -4], "size": [8, 8, 8], "uv": [0, 0], "inflate": 0.25}
				]
			},
			{
				"name": "blink",
				"parent": "head",
				"pivot": [0, 18, 0],
				"cubes": [
					{"origin": [-4, 18, -4.001], "size": [8, 8, 0], "uv": [20, 37]}
				]
			},
			{
				"name": "ahoge",
				"parent": "head",
				"pivot": [0, 26.25, 0]
			},
			{
				"name": "hat",
				"parent": "ahoge",
				"pivot": [0, 26.249, 0],
				"rotation": [-30, -5, 35]
			},
			{
				"name": "bone9",
				"parent": "hat",
				"pivot": [-2.75173, 27.59618, -3.31098],
				"cubes": [
					{"origin": [-4.75173, 27.09518, -4.81098], "size": [1, 0, 1], "uv": [3, 5]},
					{"origin": [-1.45386, 27.09518, -1.5131], "size": [1, 0, 1], "uv": [3, 5]}
				]
			},
			{
				"name": "bone8",
				"parent": "hat",
				"pivot": [-2.75173, 27.59618, -3.31098],
				"rotation": [0, 15, 0],
				"cubes": [
					{"origin": [-4.55417, 27.09518, -4.31158], "size": [1, 0, 1], "uv": [3, 5]},
					{"origin": [-2.99748, 27.09518, -1.97963], "size": [2, 0, 1], "uv": [2, 4]}
				]
			},
			{
				"name": "bone16",
				"parent": "hat",
				"pivot": [-2.75173, 27.59618, -3.31098],
				"rotation": [0, 30, 0],
				"cubes": [
					{"origin": [-4.4926, 27.09518, -3.77807], "size": [1, 0, 1], "uv": [3, 5]},
					{"origin": [-3.40183, 27.09518, -2.57096], "size": [2, 0, 1], "uv": [2, 4]}
				]
			},
			{
				"name": "bone17",
				"parent": "hat",
				"pivot": [-2.75173, 27.59618, -3.31098],
				"rotation": [0, 45, 0],
				"cubes": [
					{"origin": [-3.63936, 27.09518, -3.24679], "size": [2, 0, 1], "uv": [2, 4]}
				]
			},
			{
				"name": "bone18",
				"parent": "hat",
				"pivot": [-2.75173, 27.59618, -3.31098],
				"rotation": [0, 60, 0],
				"cubes": [
					{"origin": [-4.78465, 27.09518, -2.75397], "size": [1, 0, 1], "uv": [3, 5]},
					{"origin": [-3.69388, 27.09518, -3.96108], "size": [2, 0, 1], "uv": [2, 4]}
				]
			},
			{
				"name": "bone19",
				"parent": "hat",
				"pivot": [-2.75173, 27.59618, -3.31098],
				"rotation": [0, 75, 0],
				"cubes": [
					{"origin": [-5.11836, 27.09518, -2.33318], "size": [1, 0, 1], "uv": [3, 5]},
					{"origin": [-3.56166, 27.09518, -4.66513], "size": [2, 0, 1], "uv": [2, 4]}
				]
			},
			{
				"name": "bone20",
				"parent": "hat",
				"pivot": [-0.50173, 27.09618, -0.61098],
				"rotation": [30, 5, -35],
				"cubes": [
					{"origin": [-1.00456, 25.6282, -1.04766], "size": [1, 2, 1], "uv": [0, 4], "inflate": -0.35}
				]
			},
			{
				"name": "hair",
				"parent": "head",
				"pivot": [0, 40, 3.75],
				"cubes": [
					{"origin": [-1.5, 20.5, 4.75], "size": [3, 3, 1], "uv": [0, 0]},
					{"origin": [-2, 20, 3.75], "size": [4, 4, 1], "uv": [24, 45]}
				]
			},
			{
				"name": "armRight",
				"parent": "body",
				"pivot": [-3, 17.5, 0],
				"rotation": [-2.5, 0, 80],
				"cubes": [
					{"origin": [-5, 9.5, -1], "size": [2, 8, 2], "uv": [16, 45]}
				]
			},
			{
				"name": "armLeft",
				"parent": "body",
				"pivot": [3, 17.5, 0],
				"rotation": [0, 0, -85],
				"cubes": [
					{"origin": [3, 9.5, -1], "size": [2, 8, 2], "uv": [16, 45]}
				]
			},
			{
				"name": "legLeft",
				"parent": "body",
				"pivot": [2, 9, 0],
				"rotation": [-82.5, -22.5, 0],
				"cubes": [
					{"origin": [0.499, 0, -1.5], "size": [3, 9, 3], "uv": [36, 37]},
					{"origin": [0, 4.5, -2], "size": [4, 5, 4], "uv": [0, 44], "inflate": -0.25}
				]
			},
			{
				"name": "bone10",
				"parent": "legLeft",
				"pivot": [2, 9, 0]
			},
			{
				"name": "legRight",
				"parent": "body",
				"pivot": [-2, 9, 0],
				"rotation": [-95, 27.5, 0],
				"cubes": [
					{"origin": [-3.499, 0, -1.5], "size": [3, 9, 3], "uv": [36, 37]},
					{"origin": [-4, 4.5, -2], "size": [4, 5, 4], "uv": [0, 44], "inflate": -0.25}
				]
			},
			{
				"name": "bone11",
				"parent": "legRight",
				"pivot": [2, 9, 0]
			},
			{
				"name": "cup",
				"pivot": [0, 15, 0]
			},
			{
				"name": "bone4",
				"parent": "cup",
				"pivot": [0, 15, 0]
			},
			{
				"name": "bone3",
				"parent": "bone4",
				"pivot": [0, 15, -12.0524],
				"rotation": [17.5643, 0, 0],
				"cubes": [
					{"origin": [-4, 7.124, -12.0524], "size": [8, 8, 1], "uv": [0, 55]},
					{"origin": [-3, -0.876, -12.0524], "size": [6, 8, 1], "uv": [22, 55]}
				]
			},
			{
				"name": "bone",
				"parent": "bone3",
				"pivot": [4, 15.124, -8],
				"rotation": [0, 0, 7.125],
				"cubes": [
					{"origin": [4, 7.124, -12.0524], "size": [1, 8, 1], "uv": [18, 55]},
					{"origin": [4, -0.876, -12.0524], "size": [1, 8, 1], "uv": [18, 55]}
				]
			},
			{
				"name": "bone2",
				"parent": "bone3",
				"pivot": [-4, 15.124, -8],
				"rotation": [0, 0, -7.125],
				"cubes": [
					{"origin": [-5, 7.124, -12.0524], "size": [1, 8, 1], "uv": [18, 55], "mirror": true},
					{"origin": [-5, -0.876, -12.0524], "size": [1, 8, 1], "uv": [18, 55], "mirror": true}
				]
			},
			{
				"name": "bone5",
				"parent": "bone4",
				"pivot": [0, 15, 0],
				"rotation": [90, 0, 0],
				"cubes": [
					{"origin": [-3, 14.26141, -15.13584], "size": [6, 8, 1], "uv": [22, 55]}
				]
			},
			{
				"name": "bone6",
				"parent": "cup",
				"pivot": [0, 15, 0],
				"rotation": [0, -45, 0]
			},
			{
				"name": "bone7",
				"parent": "bone6",
				"pivot": [0, 15, -12.0524],
				"rotation": [17.5643, 0, 0],
				"cubes": [
					{"origin": [-4, 7.124, -12.0524], "size": [8, 8, 1], "uv": [0, 55]},
					{"origin": [-3, -0.876, -12.0524], "size": [6, 8, 1], "uv": [22, 55]}
				]
			},
			{
				"name": "bone12",
				"parent": "bone7",
				"pivot": [4, 15.124, -8],
				"rotation": [0, 0, 7.125],
				"cubes": [
					{"origin": [4, 7.124, -12.0524], "size": [1, 8, 1], "uv": [18, 55]},
					{"origin": [4, -0.876, -12.0524], "size": [1, 8, 1], "uv": [18, 55]}
				]
			},
			{
				"name": "bone13",
				"parent": "bone7",
				"pivot": [-4, 15.124, -8],
				"rotation": [0, 0, -7.125],
				"cubes": [
					{"origin": [-5, 7.124, -12.0524], "size": [1, 8, 1], "uv": [18, 55], "mirror": true},
					{"origin": [-5, -0.876, -12.0524], "size": [1, 8, 1], "uv": [18, 55], "mirror": true}
				]
			},
			{
				"name": "bone14",
				"parent": "bone6",
				"pivot": [0, 15, 0],
				"rotation": [90, 0, 0],
				"cubes": [
					{"origin": [-3, 14.26141, -15.13584], "size": [6, 8, 1], "uv": [22, 55]}
				]
			},
			{
				"name": "bone15",
				"parent": "cup",
				"pivot": [0, 15, 0],
				"rotation": [0, -90, 0]
			},
			{
				"name": "bone21",
				"parent": "bone15",
				"pivot": [0, 15, -12.0524],
				"rotation": [17.5643, 0, 0],
				"cubes": [
					{"origin": [-4, 7.124, -12.0524], "size": [8, 8, 1], "uv": [0, 55]},
					{"origin": [-3, -0.876, -12.0524], "size": [6, 8, 1], "uv": [22, 55]}
				]
			},
			{
				"name": "bone22",
				"parent": "bone21",
				"pivot": [4, 15.124, -8],
				"rotation": [0, 0, 7.125],
				"cubes": [
					{"origin": [4, 7.124, -12.0524], "size": [1, 8, 1], "uv": [18, 55]},
					{"origin": [4, -0.876, -12.0524], "size": [1, 8, 1], "uv": [18, 55]}
				]
			},
			{
				"name": "bone23",
				"parent": "bone21",
				"pivot": [-4, 15.124, -8],
				"rotation": [0, 0, -7.125],
				"cubes": [
					{"origin": [-5, 7.124, -12.0524], "size": [1, 8, 1], "uv": [18, 55], "mirror": true},
					{"origin": [-5, -0.876, -12.0524], "size": [1, 8, 1], "uv": [18, 55], "mirror": true}
				]
			},
			{
				"name": "bone24",
				"parent": "bone15",
				"pivot": [0, 15, 0],
				"rotation": [90, 0, 0],
				"cubes": [
					{"origin": [-3, 14.26141, -15.13584], "size": [6, 8, 1], "uv": [22, 55]}
				]
			},
			{
				"name": "bone25",
				"parent": "cup",
				"pivot": [0, 15, 0],
				"rotation": [0, -135, 0]
			},
			{
				"name": "bone26",
				"parent": "bone25",
				"pivot": [0, 15, -12.0524],
				"rotation": [17.5643, 0, 0],
				"cubes": [
					{"origin": [-4, 7.124, -12.0524], "size": [8, 8, 1], "uv": [0, 55]},
					{"origin": [-3, -0.876, -12.0524], "size": [6, 8, 1], "uv": [22, 55]}
				]
			},
			{
				"name": "bone27",
				"parent": "bone26",
				"pivot": [4, 15.124, -8],
				"rotation": [0, 0, 7.125],
				"cubes": [
					{"origin": [4, 7.124, -12.0524], "size": [1, 8, 1], "uv": [18, 55]},
					{"origin": [4, -0.876, -12.0524], "size": [1, 8, 1], "uv": [18, 55]}
				]
			},
			{
				"name": "bone28",
				"parent": "bone26",
				"pivot": [-4, 15.124, -8],
				"rotation": [0, 0, -7.125],
				"cubes": [
					{"origin": [-5, 7.124, -12.0524], "size": [1, 8, 1], "uv": [18, 55], "mirror": true},
					{"origin": [-5, -0.876, -12.0524], "size": [1, 8, 1], "uv": [18, 55], "mirror": true}
				]
			},
			{
				"name": "bone29",
				"parent": "bone25",
				"pivot": [0, 15, 0],
				"rotation": [90, 0, 0],
				"cubes": [
					{"origin": [-3, 14.26141, -15.13584], "size": [6, 8, 1], "uv": [22, 55]}
				]
			},
			{
				"name": "bone30",
				"parent": "cup",
				"pivot": [0, 15, 0],
				"rotation": [0, 180, 0]
			},
			{
				"name": "bone31",
				"parent": "bone30",
				"pivot": [0, 15, -12.0524],
				"rotation": [17.5643, 0, 0],
				"cubes": [
					{"origin": [-4, 7.124, -12.0524], "size": [8, 8, 1], "uv": [0, 55]},
					{"origin": [-3, -0.876, -12.0524], "size": [6, 8, 1], "uv": [22, 55]}
				]
			},
			{
				"name": "bone32",
				"parent": "bone31",
				"pivot": [4, 15.124, -8],
				"rotation": [0, 0, 7.125],
				"cubes": [
					{"origin": [4, 7.124, -12.0524], "size": [1, 8, 1], "uv": [18, 55]},
					{"origin": [4, -0.876, -12.0524], "size": [1, 8, 1], "uv": [18, 55]}
				]
			},
			{
				"name": "bone33",
				"parent": "bone31",
				"pivot": [-4, 15.124, -8],
				"rotation": [0, 0, -7.125],
				"cubes": [
					{"origin": [-5, 7.124, -12.0524], "size": [1, 8, 1], "uv": [18, 55], "mirror": true},
					{"origin": [-5, -0.876, -12.0524], "size": [1, 8, 1], "uv": [18, 55], "mirror": true}
				]
			},
			{
				"name": "bone34",
				"parent": "bone30",
				"pivot": [0, 15, 0],
				"rotation": [90, 0, 0],
				"cubes": [
					{"origin": [-3, 14.26141, -15.13584], "size": [6, 8, 1], "uv": [22, 55]}
				]
			},
			{
				"name": "bone35",
				"parent": "cup",
				"pivot": [0, 15, 0],
				"rotation": [0, 135, 0]
			},
			{
				"name": "bone36",
				"parent": "bone35",
				"pivot": [0, 15, -12.0524],
				"rotation": [17.5643, 0, 0],
				"cubes": [
					{"origin": [-4, 7.124, -12.0524], "size": [8, 8, 1], "uv": [0, 55]},
					{"origin": [-3, -0.876, -12.0524], "size": [6, 8, 1], "uv": [22, 55]}
				]
			},
			{
				"name": "bone37",
				"parent": "bone36",
				"pivot": [4, 15.124, -8],
				"rotation": [0, 0, 7.125],
				"cubes": [
					{"origin": [4, 7.124, -12.0524], "size": [1, 8, 1], "uv": [18, 55]},
					{"origin": [4, -0.876, -12.0524], "size": [1, 8, 1], "uv": [18, 55]}
				]
			},
			{
				"name": "bone38",
				"parent": "bone36",
				"pivot": [-4, 15.124, -8],
				"rotation": [0, 0, -7.125],
				"cubes": [
					{"origin": [-5, 7.124, -12.0524], "size": [1, 8, 1], "uv": [18, 55], "mirror": true},
					{"origin": [-5, -0.876, -12.0524], "size": [1, 8, 1], "uv": [18, 55], "mirror": true}
				]
			},
			{
				"name": "bone39",
				"parent": "bone35",
				"pivot": [0, 15, 0],
				"rotation": [90, 0, 0],
				"cubes": [
					{"origin": [-3, 14.26141, -15.13584], "size": [6, 8, 1], "uv": [22, 55]}
				]
			},
			{
				"name": "bone40",
				"parent": "cup",
				"pivot": [0, 15, 0],
				"rotation": [0, 90, 0]
			},
			{
				"name": "bone41",
				"parent": "bone40",
				"pivot": [0, 15, -12.0524],
				"rotation": [17.5643, 0, 0],
				"cubes": [
					{"origin": [-4, 7.124, -12.0524], "size": [8, 8, 1], "uv": [0, 55]},
					{"origin": [-3, -0.876, -12.0524], "size": [6, 8, 1], "uv": [22, 55]}
				]
			},
			{
				"name": "bone42",
				"parent": "bone41",
				"pivot": [4, 15.124, -8],
				"rotation": [0, 0, 7.125],
				"cubes": [
					{"origin": [4, 7.124, -12.0524], "size": [1, 8, 1], "uv": [18, 55]},
					{"origin": [4, -0.876, -12.0524], "size": [1, 8, 1], "uv": [18, 55]}
				]
			},
			{
				"name": "bone43",
				"parent": "bone41",
				"pivot": [-4, 15.124, -8],
				"rotation": [0, 0, -7.125],
				"cubes": [
					{"origin": [-5, 7.124, -12.0524], "size": [1, 8, 1], "uv": [18, 55], "mirror": true},
					{"origin": [-5, -0.876, -12.0524], "size": [1, 8, 1], "uv": [18, 55], "mirror": true}
				]
			},
			{
				"name": "bone44",
				"parent": "bone40",
				"pivot": [0, 15, 0],
				"rotation": [90, 0, 0],
				"cubes": [
					{"origin": [-3, 14.26141, -15.13584], "size": [6, 8, 1], "uv": [22, 55]}
				]
			},
			{
				"name": "bone45",
				"parent": "cup",
				"pivot": [0, 15, 0],
				"rotation": [0, 45, 0]
			},
			{
				"name": "bone46",
				"parent": "bone45",
				"pivot": [0, 15, -12.0524],
				"rotation": [17.5643, 0, 0],
				"cubes": [
					{"origin": [-4, 7.124, -12.0524], "size": [8, 8, 1], "uv": [0, 55]},
					{"origin": [-3, -0.876, -12.0524], "size": [6, 8, 1], "uv": [22, 55]}
				]
			},
			{
				"name": "bone47",
				"parent": "bone46",
				"pivot": [4, 15.124, -8],
				"rotation": [0, 0, 7.125],
				"cubes": [
					{"origin": [4, 7.124, -12.0524], "size": [1, 8, 1], "uv": [18, 55]},
					{"origin": [4, -0.876, -12.0524], "size": [1, 8, 1], "uv": [18, 55]}
				]
			},
			{
				"name": "bone48",
				"parent": "bone46",
				"pivot": [-4, 15.124, -8],
				"rotation": [0, 0, -7.125],
				"cubes": [
					{"origin": [-5, 7.124, -12.0524], "size": [1, 8, 1], "uv": [18, 55], "mirror": true},
					{"origin": [-5, -0.876, -12.0524], "size": [1, 8, 1], "uv": [18, 55], "mirror": true}
				]
			},
			{
				"name": "bone49",
				"parent": "bone45",
				"pivot": [0, 15, 0],
				"rotation": [90, 0, 0],
				"cubes": [
					{"origin": [-3, 14.26141, -15.13584], "size": [6, 8, 1], "uv": [22, 55]}
				]
			},
			{
				"name": "bone50",
				"parent": "cup",
				"pivot": [8, 8, 0]
			},
			{
				"name": "bone51",
				"parent": "bone50",
				"pivot": [8, 8, 0],
				"cubes": [
					{"origin": [14.4641, 7, -1], "size": [1, 2, 2], "uv": [36, 58], "mirror": true}
				]
			},
			{
				"name": "bone52",
				"parent": "bone50",
				"pivot": [8, 8, 0],
				"rotation": [0, 0, -15],
				"cubes": [
					{"origin": [14.4641, 7, -1], "size": [1, 2, 2], "uv": [36, 58], "mirror": true}
				]
			},
			{
				"name": "bone53",
				"parent": "bone50",
				"pivot": [8, 8, 0],
				"rotation": [0, 0, -30],
				"cubes": [
					{"origin": [14.4641, 7, -1], "size": [1, 2, 2], "uv": [36, 58], "mirror": true}
				]
			},
			{
				"name": "bone54",
				"parent": "bone50",
				"pivot": [8, 8, 0],
				"rotation": [0, 0, -45],
				"cubes": [
					{"origin": [14.4641, 7, -1], "size": [1, 2, 2], "uv": [36, 58], "mirror": true}
				]
			},
			{
				"name": "bone61",
				"parent": "bone50",
				"pivot": [8, 8, 0],
				"rotation": [0, 0, -60],
				"cubes": [
					{"origin": [14.4641, 7, -1], "size": [1, 1, 2], "uv": [36, 58], "mirror": true}
				]
			},
			{
				"name": "bone55",
				"parent": "bone50",
				"pivot": [8, 8, 0],
				"rotation": [0, 0, 15],
				"cubes": [
					{"origin": [14.4641, 7, -1], "size": [1, 2, 2], "uv": [36, 58], "mirror": true}
				]
			},
			{
				"name": "bone56",
				"parent": "bone50",
				"pivot": [8, 8, 0],
				"rotation": [0, 0, 30],
				"cubes": [
					{"origin": [14.4641, 7, -1], "size": [1, 2, 2], "uv": [36, 58], "mirror": true}
				]
			},
			{
				"name": "bone57",
				"parent": "bone50",
				"pivot": [8, 8, 0],
				"rotation": [0, 0, 45],
				"cubes": [
					{"origin": [14.4641, 7, -1], "size": [1, 2, 2], "uv": [36, 58], "mirror": true}
				]
			},
			{
				"name": "bone58",
				"parent": "bone50",
				"pivot": [8, 8, 0],
				"rotation": [0, 0, 60],
				"cubes": [
					{"origin": [14.4641, 7, -1], "size": [1, 2, 2], "uv": [36, 58], "mirror": true}
				]
			},
			{
				"name": "bone59",
				"parent": "bone50",
				"pivot": [8, 8, 0],
				"rotation": [0, 0, 75],
				"cubes": [
					{"origin": [14.4641, 7, -1], "size": [1, 2, 2], "uv": [36, 58], "mirror": true}
				]
			},
			{
				"name": "bone60",
				"parent": "bone50",
				"pivot": [8, 8, 0],
				"rotation": [0, 0, 90],
				"cubes": [
					{"origin": [14.4641, 7, -1], "size": [1, 2, 2], "uv": [36, 58], "mirror": true}
				]
			},
			{
				"name": "fluid",
				"pivot": [0, 0, 0]
			},
			{
				"name": "bone62",
				"parent": "fluid",
				"pivot": [0, 11, 0],
				"rotation": [-90, 0, 0],
				"cubes": [
					{"origin": [-11, 0, 0], "size": [11, 11, 0], "uv": [42, 53]}
				]
			},
			{
				"name": "bone63",
				"parent": "fluid",
				"pivot": [0, 11, 0],
				"rotation": [-90, -90, 0],
				"cubes": [
					{"origin": [-11, 0, 0], "size": [11, 11, 0], "uv": [42, 53]}
				]
			},
			{
				"name": "bone64",
				"parent": "fluid",
				"pivot": [0, 11, 0],
				"rotation": [-90, 180, 0],
				"cubes": [
					{"origin": [-11, 0, 0], "size": [11, 11, 0], "uv": [42, 53]}
				]
			},
			{
				"name": "bone65",
				"parent": "fluid",
				"pivot": [0, 11, 0],
				"rotation": [-90, 90, 0],
				"cubes": [
					{"origin": [-11, 0, 0], "size": [11, 11, 0], "uv": [42, 53]}
				]
			}
		]
	}
}