{
	"format_version": "1.10.0",
	"geometry.model": {
		"texturewidth": 256,
		"textureheight": 256,
		"visible_bounds_width": 3,
		"visible_bounds_height": 4,
		"visible_bounds_offset": [0, 1, 0],
		"bones": [
			{
				"name": "head",
				"pivot": [0, 24.5, 0.1],
				"cubes": [
					{"origin": [-2.25, 24, -2.4], "size": [4.5, 4, 5], "uv": [53, 0]},
					{"origin": [-5.7, 25.25, -5.6], "size": [11.4, 9, 11.4], "uv": [0, 124], "inflate": -4}
				]
			},
			{
				"name": "glass",
				"parent": "head",
				"pivot": [0, 25.4, -3.05],
				"cubes": [
					{"origin": [-0.35, 25.4, -3.05], "size": [0.7, 0.3, 0.15], "uv": [4, 207]},
					{"origin": [-2.34, 25.4, -3.05], "size": [0.3, 0.35, 0.15], "uv": [2, 207]},
					{"origin": [-2.34, 25.4, -3.05], "size": [0.1, 0.35, 4.15], "uv": [1, 205]},
					{"origin": [2.24, 25.4, -3.05], "size": [0.1, 0.35, 4.15], "uv": [1, 205], "mirror": true},
					{"origin": [2.04, 25.4, -3.05], "size": [0.3, 0.35, 0.15], "uv": [4, 206], "mirror": true},
					{"origin": [-1.64589, 25.79766, -3.05], "size": [0.7, 0.15, 0.15], "uv": [3, 207]},
					{"origin": [0.94589, 25.79766, -3.05], "size": [0.7, 0.15, 0.15], "uv": [6, 206], "mirror": true}
				]
			},
			{
				"name": "glass2",
				"parent": "glass",
				"pivot": [0, 25.4, -3.05],
				"rotation": [0, 0, 80],
				"cubes": [
					{"origin": [-0.45, 24.95741, -3.05], "size": [0.45, 0.15, 0.15], "uv": [3, 209]}
				]
			},
			{
				"name": "glass3",
				"parent": "glass",
				"pivot": [0, 25.4, -3.05],
				"rotation": [0, 0, -165],
				"cubes": [
					{"origin": [0.4554, 25.11581, -3.05], "size": [0.6, 0.15, 0.15], "uv": [6, 205]}
				]
			},
			{
				"name": "glass4",
				"parent": "glass",
				"pivot": [0, 25.4, -3.05],
				"rotation": [0, 0, 160],
				"cubes": [
					{"origin": [1.35932, 24.32244, -3.05], "size": [0.6, 0.15, 0.15], "uv": [5, 207]}
				]
			},
			{
				"name": "glass5",
				"parent": "glass",
				"pivot": [0, 25.4, -3.05],
				"rotation": [0, 0, -110],
				"cubes": [
					{"origin": [0.10066, 27.32249, -3.05], "size": [0.66, 0.15, 0.15], "uv": [5, 206]}
				]
			},
			{
				"name": "glass6",
				"parent": "glass",
				"pivot": [0, 25.4, -3.05],
				"rotation": [0, 0, -165],
				"cubes": [
					{"origin": [0.93542, 26.35627, -3.05], "size": [0.82, 0.15, 0.15], "uv": [7, 207]}
				]
			},
			{
				"name": "glass7",
				"parent": "glass",
				"pivot": [0, 25.4, -3.05],
				"rotation": [0, 0, 107.5],
				"cubes": [
					{"origin": [0.1351, 24.99047, -3.05], "size": [0.53, 0.15, 0.15], "uv": [7, 207]}
				]
			},
			{
				"name": "glass8",
				"parent": "glass",
				"pivot": [0, 25.4, -3.05],
				"rotation": [0, 0, 160],
				"cubes": [
					{"origin": [0.61079, 25.61967, -3.05], "size": [0.79, 0.15, 0.15], "uv": [4, 207]}
				]
			},
			{
				"name": "glass9",
				"parent": "glass",
				"pivot": [0, 25.4, -3.05],
				"rotation": [0, 0, -80],
				"cubes": [
					{"origin": [0, 24.95741, -3.05], "size": [0.45, 0.15, 0.15], "uv": [4, 206], "mirror": true}
				]
			},
			{
				"name": "glass10",
				"parent": "glass",
				"pivot": [0, 25.4, -3.05],
				"rotation": [0, 0, 165],
				"cubes": [
					{"origin": [-1.0554, 25.11581, -3.05], "size": [0.6, 0.15, 0.15], "uv": [7, 208], "mirror": true}
				]
			},
			{
				"name": "glass11",
				"parent": "glass",
				"pivot": [0, 25.4, -3.05],
				"rotation": [0, 0, -160],
				"cubes": [
					{"origin": [-1.95932, 24.32244, -3.05], "size": [0.6, 0.15, 0.15], "uv": [3, 209], "mirror": true}
				]
			},
			{
				"name": "glass12",
				"parent": "glass",
				"pivot": [0, 25.4, -3.05],
				"rotation": [0, 0, 110],
				"cubes": [
					{"origin": [-0.76066, 27.32249, -3.05], "size": [0.66, 0.15, 0.15], "uv": [4, 207], "mirror": true}
				]
			},
			{
				"name": "glass13",
				"parent": "glass",
				"pivot": [0, 25.4, -3.05],
				"rotation": [0, 0, 165],
				"cubes": [
					{"origin": [-1.75542, 26.35627, -3.05], "size": [0.82, 0.15, 0.15], "uv": [5, 207], "mirror": true}
				]
			},
			{
				"name": "glass14",
				"parent": "glass",
				"pivot": [0, 25.4, -3.05],
				"rotation": [0, 0, -107.5],
				"cubes": [
					{"origin": [-0.6651, 24.99047, -3.05], "size": [0.53, 0.15, 0.15], "uv": [8, 207], "mirror": true}
				]
			},
			{
				"name": "glass15",
				"parent": "glass",
				"pivot": [0, 25.4, -3.05],
				"rotation": [0, 0, -160],
				"cubes": [
					{"origin": [-1.40079, 25.61967, -3.05], "size": [0.79, 0.15, 0.15], "uv": [7, 208], "mirror": true}
				]
			},
			{
				"name": "expression",
				"parent": "head",
				"pivot": [0, 25.3, -2.9]
			},
			{
				"name": "youmu",
				"parent": "expression",
				"pivot": [0, 19.3, 0.1],
				"cubes": [
					{"origin": [-6.55, 20.35, -7.42], "size": [10.6, 10.9, 10], "uv": [75, 233], "inflate": -5}
				]
			},
			{
				"name": "eye",
				"parent": "expression",
				"pivot": [0, 19.3, 0.1],
				"cubes": [
					{"origin": [-1.75, 25.35, -2.41], "size": [0.9, 0.9, 1], "uv": [62, 37]}
				]
			},
			{
				"name": "lash",
				"parent": "expression",
				"pivot": [-1, 26.3, -2.4],
				"rotation": [0, 0, -22.5],
				"cubes": [
					{"origin": [-3.93827, 24.35761, -4.43], "size": [4.8, 4.15, 5], "uv": [2, 213], "inflate": -2}
				]
			},
			{
				"name": "lash2",
				"parent": "expression",
				"pivot": [-1, 26.3, -2.4],
				"rotation": [0, 0, 25],
				"cubes": [
					{"origin": [-3.1465, 24.33832, -4.43], "size": [4.45, 4.15, 5], "uv": [49, 219], "inflate": -2},
					{"origin": [-3.2465, 24.18832, -4.43], "size": [4.45, 4.15, 5], "uv": [46, 204], "inflate": -2}
				]
			},
			{
				"name": "lash3",
				"parent": "expression",
				"pivot": [-1, 26.3, -2.4],
				"rotation": [0, 0, -85],
				"cubes": [
					{"origin": [-3.54909, 25.07812, -4.43], "size": [4.3, 4.15, 5], "uv": [14, 203], "inflate": -2}
				]
			},
			{
				"name": "brow",
				"parent": "expression",
				"pivot": [-0.6, 26.7, -2.4],
				"rotation": [0, 0, -5],
				"cubes": [
					{"origin": [-3.53827, 24.75761, -4.43], "size": [4.8, 4.15, 5], "uv": [2, 222], "inflate": -2}
				]
			},
			{
				"name": "youmu2",
				"parent": "expression",
				"pivot": [0, 19.3, 0.1],
				"cubes": [
					{"origin": [-4.05, 20.35, -7.42], "size": [10.6, 10.9, 10], "uv": [75, 233], "inflate": -5, "mirror": true}
				]
			},
			{
				"name": "eye2",
				"parent": "expression",
				"pivot": [0, 19.3, 0.1],
				"cubes": [
					{"origin": [0.85, 25.35, -2.41], "size": [0.9, 0.9, 1], "uv": [62, 37], "mirror": true}
				]
			},
			{
				"name": "lash4",
				"parent": "expression",
				"pivot": [1, 26.3, -2.4],
				"rotation": [0, 0, 22.5],
				"cubes": [
					{"origin": [-0.86173, 24.35761, -4.43], "size": [4.8, 4.15, 5], "uv": [2, 213], "inflate": -2, "mirror": true}
				]
			},
			{
				"name": "lash5",
				"parent": "expression",
				"pivot": [1, 26.3, -2.4],
				"rotation": [0, 0, -25],
				"cubes": [
					{"origin": [-1.2035, 24.18832, -4.43], "size": [4.45, 4.15, 5], "uv": [46, 204], "inflate": -2, "mirror": true},
					{"origin": [-1.3035, 24.33832, -4.43], "size": [4.45, 4.15, 5], "uv": [49, 219], "inflate": -2, "mirror": true}
				]
			},
			{
				"name": "lash6",
				"parent": "expression",
				"pivot": [1, 26.3, -2.4],
				"rotation": [0, 0, 85],
				"cubes": [
					{"origin": [-0.75091, 25.07812, -4.43], "size": [4.3, 4.15, 5], "uv": [14, 203], "inflate": -2, "mirror": true}
				]
			},
			{
				"name": "brow2",
				"parent": "expression",
				"pivot": [0.6, 26.7, -2.4],
				"rotation": [0, 0, 5],
				"cubes": [
					{"origin": [-1.26173, 24.75761, -4.43], "size": [4.8, 4.15, 5], "uv": [2, 222], "inflate": -2, "mirror": true}
				]
			},
			{
				"name": "ahoge",
				"parent": "head",
				"pivot": [0, 30.5, 0.1],
				"rotation": [-20, 15, -17.5],
				"cubes": [
					{"origin": [-1.4, 29.2, -1.2], "size": [2.5, 3, 2.5], "uv": [45, 41], "inflate": -1}
				]
			},
			{
				"name": "rotatehair9",
				"parent": "head",
				"pivot": [0, 28.5, 0.1]
			},
			{
				"name": "hair41",
				"parent": "rotatehair9",
				"pivot": [3, 28.5, 0.1],
				"rotation": [0, 0, -60],
				"cubes": [
					{"origin": [0.36603, 25.5, -3.9], "size": [6.5, 8, 8], "uv": [148, 150], "inflate": -3}
				]
			},
			{
				"name": "hair42",
				"parent": "rotatehair9",
				"pivot": [3, 27.5, 0.1],
				"rotation": [0, 0, -20],
				"cubes": [
					{"origin": [0.50543, 21.99636, -3.9], "size": [6.5, 10, 8], "uv": [44, 133], "inflate": -3}
				]
			},
			{
				"name": "hair43",
				"parent": "rotatehair9",
				"pivot": [4, 24.5, 0.1],
				"rotation": [0, 0, 35],
				"cubes": [
					{"origin": [0.58767, 20.77146, -3.9], "size": [6.5, 8, 8], "uv": [148, 132], "inflate": -3}
				]
			},
			{
				"name": "hair44",
				"parent": "rotatehair9",
				"pivot": [5, 24.5, -0.9],
				"rotation": [-7.5, 22.5, -20],
				"cubes": [
					{"origin": [1.64053, 22.49853, -5.79275], "size": [6.5, 11, 7.82], "uv": [146, 31], "inflate": -3}
				]
			},
			{
				"name": "hair45",
				"parent": "rotatehair9",
				"pivot": [5, 24.5, -0.9],
				"rotation": [15, 17.5, 37.5],
				"cubes": [
					{"origin": [0.77401, 20.20188, -5.76891], "size": [6.5, 8, 7.82], "uv": [0, 180], "inflate": -3}
				]
			},
			{
				"name": "rotatehair8",
				"parent": "head",
				"pivot": [0, 28.5, 0.1],
				"rotation": [0, 45, 0]
			},
			{
				"name": "hair36",
				"parent": "rotatehair8",
				"pivot": [3, 28.5, 0.1],
				"rotation": [0, 0, -60],
				"cubes": [
					{"origin": [0.36603, 25.5, -3.9], "size": [6.5, 8, 8], "uv": [56, 151], "inflate": -3}
				]
			},
			{
				"name": "hair37",
				"parent": "rotatehair8",
				"pivot": [3, 27.5, 0.1],
				"rotation": [0, 0, -20],
				"cubes": [
					{"origin": [0.50543, 21.99636, -3.9], "size": [6.5, 10, 8], "uv": [72, 133], "inflate": -3}
				]
			},
			{
				"name": "hair38",
				"parent": "rotatehair8",
				"pivot": [4, 24.5, 0.1],
				"rotation": [0, 0, 35],
				"cubes": [
					{"origin": [0.58767, 20.77146, -3.9], "size": [6.5, 8, 8], "uv": [28, 151], "inflate": -3}
				]
			},
			{
				"name": "hair39",
				"parent": "rotatehair8",
				"pivot": [5, 24.5, -0.9],
				"rotation": [-7.5, 22.5, -20],
				"cubes": [
					{"origin": [1.64053, 24.49853, -5.79275], "size": [6.5, 9, 7.82], "uv": [177, 156], "inflate": -3}
				]
			},
			{
				"name": "forehair2",
				"parent": "rotatehair8",
				"pivot": [4, 26.5, -0.9],
				"rotation": [5, 22.5, 15],
				"cubes": [
					{"origin": [0.38865, 23.39232, -5.42618], "size": [6.5, 7, 7.82], "uv": [156, 186], "inflate": -3}
				]
			},
			{
				"name": "rotatehair7",
				"parent": "head",
				"pivot": [0, 28.5, 0.1],
				"rotation": [0, 90, 0]
			},
			{
				"name": "hair31",
				"parent": "rotatehair7",
				"pivot": [3, 28.5, 0.1],
				"rotation": [0, 0, -60],
				"cubes": [
					{"origin": [0.36603, 25.5, -3.9], "size": [6.5, 8, 8], "uv": [155, 86], "inflate": -3}
				]
			},
			{
				"name": "hair32",
				"parent": "rotatehair7",
				"pivot": [3, 27.5, 0.1],
				"rotation": [0, 0, -20],
				"cubes": [
					{"origin": [0.50543, 23.99636, -3.9], "size": [6.5, 8, 8], "uv": [155, 63], "inflate": -3}
				]
			},
			{
				"name": "hair34",
				"parent": "rotatehair7",
				"pivot": [5, 24.5, -0.9],
				"rotation": [-7.5, 22.5, -20],
				"cubes": [
					{"origin": [1.64053, 24.49853, -5.79275], "size": [6.5, 9, 7.82], "uv": [177, 177], "inflate": -3}
				]
			},
			{
				"name": "forehair",
				"parent": "rotatehair7",
				"pivot": [4, 26.5, 0.1],
				"rotation": [0, 0, 15],
				"cubes": [
					{"origin": [0.38773, 23.37124, -3.9], "size": [6.5, 7, 8], "uv": [74, 176], "inflate": -3}
				]
			},
			{
				"name": "forehair3",
				"parent": "rotatehair7",
				"pivot": [4, 26.5, -1.9],
				"rotation": [7.5, 22.5, 17.5],
				"cubes": [
					{"origin": [-0.03087, 23.2583, -5.48692], "size": [6.5, 7, 7.82], "uv": [175, 57], "inflate": -3}
				]
			},
			{
				"name": "rotatehair6",
				"parent": "head",
				"pivot": [0, 28.5, 0.1],
				"rotation": [0, 135, 0]
			},
			{
				"name": "hair26",
				"parent": "rotatehair6",
				"pivot": [3, 28.5, 0.1],
				"rotation": [0, 0, -60],
				"cubes": [
					{"origin": [0.36603, 25.5, -3.9], "size": [6.5, 8, 8], "uv": [161, 7], "inflate": -3}
				]
			},
			{
				"name": "hair27",
				"parent": "rotatehair6",
				"pivot": [3, 27.5, 0.1],
				"rotation": [0, 0, -20],
				"cubes": [
					{"origin": [0.50543, 21.99636, -3.9], "size": [6.5, 10, 8], "uv": [135, 76], "inflate": -3}
				]
			},
			{
				"name": "hair28",
				"parent": "rotatehair6",
				"pivot": [4, 24.5, 0.1],
				"rotation": [0, 0, 35],
				"cubes": [
					{"origin": [0.58767, 20.77146, -3.9], "size": [6.5, 8, 8], "uv": [110, 158], "inflate": -3}
				]
			},
			{
				"name": "hair29",
				"parent": "rotatehair6",
				"pivot": [5, 24.5, -0.9],
				"rotation": [-7.5, 22.5, -20],
				"cubes": [
					{"origin": [1.64053, 22.49853, -5.79275], "size": [6.5, 11, 7.82], "uv": [84, 158], "inflate": -3}
				]
			},
			{
				"name": "hair30",
				"parent": "rotatehair6",
				"pivot": [5, 24.5, -0.9],
				"rotation": [15, 17.5, 37.5],
				"cubes": [
					{"origin": [0.77401, 20.20188, -5.76891], "size": [6.5, 8, 7.82], "uv": [181, 0], "inflate": -3}
				]
			},
			{
				"name": "rotatehair5",
				"parent": "head",
				"pivot": [0, 28.5, 0.1],
				"rotation": [0, 180, 0]
			},
			{
				"name": "hair21",
				"parent": "rotatehair5",
				"pivot": [3, 28.5, 0.1],
				"rotation": [0, 0, -60],
				"cubes": [
					{"origin": [0.36603, 25.5, -3.9], "size": [6.5, 8, 8], "uv": [130, 166], "inflate": -3}
				]
			},
			{
				"name": "hair22",
				"parent": "rotatehair5",
				"pivot": [3, 27.5, 0.1],
				"rotation": [0, 0, -20],
				"cubes": [
					{"origin": [0.50543, 21.99636, -3.9], "size": [6.5, 10, 8], "uv": [100, 140], "inflate": -3}
				]
			},
			{
				"name": "hair23",
				"parent": "rotatehair5",
				"pivot": [4, 24.5, 0.1],
				"rotation": [0, 0, 35],
				"cubes": [
					{"origin": [0.58767, 20.77146, -3.9], "size": [6.5, 8, 8], "uv": [164, 41], "inflate": -3}
				]
			},
			{
				"name": "hair24",
				"parent": "rotatehair5",
				"pivot": [5, 24.5, -0.9],
				"rotation": [-7.5, 22.5, -20],
				"cubes": [
					{"origin": [1.64053, 22.49853, -5.79275], "size": [6.5, 11, 7.82], "uv": [0, 162], "inflate": -3}
				]
			},
			{
				"name": "hair25",
				"parent": "rotatehair5",
				"pivot": [5, 24.5, -0.9],
				"rotation": [15, 17.5, 37.5],
				"cubes": [
					{"origin": [0.77401, 20.20188, -5.76891], "size": [6.5, 8, 7.82], "uv": [130, 182], "inflate": -3}
				]
			},
			{
				"name": "rotatehair4",
				"parent": "head",
				"pivot": [0, 28.5, 0.1],
				"rotation": [0, -135, 0]
			},
			{
				"name": "hair16",
				"parent": "rotatehair4",
				"pivot": [3, 28.5, 0.1],
				"rotation": [0, 0, -60],
				"cubes": [
					{"origin": [0.36603, 25.5, -3.9], "size": [6.5, 8, 8], "uv": [54, 167], "inflate": -3}
				]
			},
			{
				"name": "hair17",
				"parent": "rotatehair4",
				"pivot": [3, 27.5, 0.1],
				"rotation": [0, 0, -20],
				"cubes": [
					{"origin": [0.50543, 21.99636, -3.9], "size": [6.5, 10, 8], "uv": [140, 109], "inflate": -3}
				]
			},
			{
				"name": "hair18",
				"parent": "rotatehair4",
				"pivot": [4, 24.5, 0.1],
				"rotation": [0, 0, 35],
				"cubes": [
					{"origin": [0.58767, 20.77146, -3.9], "size": [6.5, 8, 8], "uv": [26, 167], "inflate": -3}
				]
			},
			{
				"name": "hair19",
				"parent": "rotatehair4",
				"pivot": [5, 24.5, -0.9],
				"rotation": [-7.5, 22.5, -20],
				"cubes": [
					{"origin": [1.64053, 22.49853, -5.79275], "size": [6.5, 11, 7.82], "uv": [158, 166], "inflate": -3}
				]
			},
			{
				"name": "hair20",
				"parent": "rotatehair4",
				"pivot": [5, 24.5, -0.9],
				"rotation": [15, 17.5, 37.5],
				"cubes": [
					{"origin": [0.77401, 20.20188, -5.76891], "size": [6.5, 8, 7.82], "uv": [26, 183], "inflate": -3}
				]
			},
			{
				"name": "rotatehair3",
				"parent": "head",
				"pivot": [0, 28.5, 0.1],
				"rotation": [0, -90, 0]
			},
			{
				"name": "hair11",
				"parent": "rotatehair3",
				"pivot": [3, 28.5, 0.1],
				"rotation": [0, 0, -60],
				"cubes": [
					{"origin": [0.36603, 25.5, -3.9], "size": [6.5, 8, 8], "uv": [168, 140], "inflate": -3}
				]
			},
			{
				"name": "hair12",
				"parent": "rotatehair3",
				"pivot": [3, 27.5, 0.1],
				"rotation": [0, 0, -20],
				"cubes": [
					{"origin": [0.50543, 21.99636, -3.9], "size": [6.5, 10, 8], "uv": [128, 140], "inflate": -3}
				]
			},
			{
				"name": "hair13",
				"parent": "rotatehair3",
				"pivot": [4, 24.5, 0.1],
				"rotation": [0, 0, 35],
				"cubes": [
					{"origin": [0.58767, 20.77146, -3.9], "size": [6.5, 8, 8], "uv": [168, 120], "inflate": -3}
				]
			},
			{
				"name": "hair14",
				"parent": "rotatehair3",
				"pivot": [5, 24.5, -0.9],
				"rotation": [-7.5, 22.5, -20],
				"cubes": [
					{"origin": [1.64053, 22.49853, -5.79275], "size": [6.5, 11, 7.82], "uv": [168, 102], "inflate": -3}
				]
			},
			{
				"name": "hair15",
				"parent": "rotatehair3",
				"pivot": [5, 24.5, -0.9],
				"rotation": [15, 17.5, 37.5],
				"cubes": [
					{"origin": [0.77401, 20.20188, -5.76891], "size": [6.5, 8, 7.82], "uv": [183, 87], "inflate": -3}
				]
			},
			{
				"name": "rotatehair2",
				"parent": "head",
				"pivot": [0, 28.5, 0.1],
				"rotation": [0, -45, 0]
			},
			{
				"name": "hair6",
				"parent": "rotatehair2",
				"pivot": [3, 28.5, 0.1],
				"rotation": [0, 0, -60],
				"cubes": [
					{"origin": [0.36603, 25.5, -3.9], "size": [6.5, 8, 8], "uv": [175, 71], "inflate": -3}
				]
			},
			{
				"name": "hair7",
				"parent": "rotatehair2",
				"pivot": [3, 27.5, 0.1],
				"rotation": [0, 0, -20],
				"cubes": [
					{"origin": [0.50543, 21.99636, -3.9], "size": [6.5, 10, 8], "uv": [0, 144], "inflate": -3}
				]
			},
			{
				"name": "hair8",
				"parent": "rotatehair2",
				"pivot": [4, 24.5, 0.1],
				"rotation": [0, 0, 35],
				"cubes": [
					{"origin": [0.58767, 20.77146, -3.9], "size": [6.5, 8, 8], "uv": [102, 174], "inflate": -3}
				]
			},
			{
				"name": "hair9",
				"parent": "rotatehair2",
				"pivot": [5, 24.5, -0.9],
				"rotation": [-7.5, 22.5, -20],
				"cubes": [
					{"origin": [1.64053, 22.49853, -5.79275], "size": [6.5, 11, 7.82], "uv": [172, 23], "inflate": -3}
				]
			},
			{
				"name": "hair10",
				"parent": "rotatehair2",
				"pivot": [5, 24.5, -0.9],
				"rotation": [15, 17.5, 37.5],
				"cubes": [
					{"origin": [0.77401, 20.20188, -5.76891], "size": [6.5, 8, 7.82], "uv": [52, 184], "inflate": -3}
				]
			},
			{
				"name": "armRight",
				"pivot": [-2.8, 21.75, 0],
				"rotation": [0, 0, 25],
				"cubes": [
					{"origin": [-3.72262, 13.55631, -1.15], "size": [2.5, 9, 2.5], "uv": [0, 92]},
					{"origin": [-8.32262, 7.55631, -6], "size": [12, 11, 12], "uv": [104, 117], "inflate": -5},
					{"origin": [-3.06785, 11.96892, -0.75], "size": [1.5, 1.75, 1.5], "uv": [11, 10]}
				]
			},
			{
				"name": "armRightPositioningBone",
				"parent": "armRight",
				"pivot": [-2.3, 12.5, 0]
			},
			{
				"name": "armLeft",
				"pivot": [2.9, 21.5, 0],
				"rotation": [0, 0, -25],
				"cubes": [
					{"origin": [1.32262, 13.55631, -1.15], "size": [2.5, 9, 2.5], "uv": [52, 73]},
					{"origin": [-3.57738, 7.55631, -6], "size": [12, 11, 12], "uv": [95, 61], "inflate": -5},
					{"origin": [1.66785, 11.96892, -0.75], "size": [1.5, 1.75, 1.5], "uv": [10, 0]}
				]
			},
			{
				"name": "armLeftPositioningBone",
				"parent": "armLeft",
				"pivot": [2.4, 12.5, 0]
			},
			{
				"name": "body",
				"pivot": [0, 15, 0.1],
				"cubes": [
					{"origin": [-2.75, 12.499, -1.8], "size": [5.5, 8, 3], "uv": [0, 30]},
					{"origin": [-0.75, 23, -0.65], "size": [1.5, 1.5, 1.5], "uv": [11, 12]}
				]
			},
			{
				"name": "sittingRotationSkirt",
				"parent": "body",
				"pivot": [0, 12.5, 0.1],
				"cubes": [
					{"origin": [-9.5, 4, -7.7], "size": [19, 15, 15.8], "uv": [0, 0], "inflate": -6}
				]
			},
			{
				"name": "back",
				"parent": "body",
				"pivot": [0, 22, 1.1],
				"rotation": [20, 0, 0],
				"cubes": [
					{"origin": [-9.39346, 14.55399, -5.20808], "size": [18.78, 14.7, 13], "uv": [68, 0], "inflate": -6}
				]
			},
			{
				"name": "collar1",
				"parent": "body",
				"pivot": [0, 21, 0.1],
				"rotation": [-12.5, 0, -12.5],
				"cubes": [
					{"origin": [-8.48356, 13.25863, -8.04411], "size": [13.5, 16, 13], "uv": [52, 104], "inflate": -6},
					{"origin": [-5.78356, 16.84076, -4.82365], "size": [8.6, 9.3, 7], "uv": [131, 55], "inflate": -3},
					{"origin": [-2.778, 19.33, -2.83], "size": [3.6, 2.13, 3], "uv": [144, 64], "inflate": -1}
				]
			},
			{
				"name": "bone",
				"parent": "collar1",
				"pivot": [-3, 21, -0.9],
				"rotation": [-1, 0, 20],
				"cubes": [
					{"origin": [-3.51786, 20.0555, -1.84208], "size": [1.6, 3, 3], "uv": [8, 41]}
				]
			},
			{
				"name": "collar2",
				"parent": "body",
				"pivot": [0, 21, 0.1],
				"rotation": [-12.5, 0, 12.5],
				"cubes": [
					{"origin": [-5.01644, 13.25863, -8.04411], "size": [13.5, 16, 13], "uv": [95, 88], "inflate": -6},
					{"origin": [-2.81644, 16.84076, -4.82365], "size": [8.6, 9.3, 7], "uv": [131, 15], "inflate": -3},
					{"origin": [-0.822, 19.33, -2.83], "size": [3.6, 2.13, 3], "uv": [144, 64], "inflate": -1, "mirror": true}
				]
			},
			{
				"name": "bone2",
				"parent": "collar2",
				"pivot": [3, 21, -0.9],
				"rotation": [-1, 0, -20],
				"cubes": [
					{"origin": [1.91786, 20.0555, -1.84208], "size": [1.6, 3, 3], "uv": [0, 41]}
				]
			},
			{
				"name": "collar3",
				"parent": "body",
				"pivot": [0, 21, 0.1],
				"rotation": [12.5, 0, -12.5],
				"cubes": [
					{"origin": [-8.48356, 16.95315, -6.88869], "size": [13.5, 13, 15], "uv": [90, 27], "inflate": -6},
					{"origin": [-5.78356, 19.45315, -3.73869], "size": [8.6, 7.3, 8.7], "uv": [130, 0], "inflate": -3}
				]
			},
			{
				"name": "collar4",
				"parent": "body",
				"pivot": [0, 21, 0.1],
				"rotation": [12.5, 0, 12.5],
				"cubes": [
					{"origin": [-5.01644, 16.95315, -6.88869], "size": [13.5, 13, 15], "uv": [52, 73], "inflate": -6},
					{"origin": [-2.81644, 19.45315, -3.73869], "size": [8.6, 7.3, 8.7], "uv": [60, 27], "inflate": -3}
				]
			},
			{
				"name": "chest",
				"parent": "body",
				"pivot": [0, 21, -1.9],
				"rotation": [-12.5, 0, 0],
				"cubes": [
					{"origin": [-1, 20.2763, -1.76644], "size": [2, 2.5, 1], "uv": [0, 11]}
				]
			},
			{
				"name": "wow",
				"parent": "body",
				"pivot": [0, 21, -1.9],
				"rotation": [-37.5, 0, 0],
				"cubes": [
					{"origin": [-1, 22.29335, -2.30876], "size": [2, 1.3, 1], "uv": [6, 11]}
				]
			},
			{
				"name": "edge1",
				"parent": "body",
				"pivot": [0, 19, 0.1],
				"rotation": [-2.5, 2.5, 5],
				"cubes": [
					{"origin": [-3.63217, 11.90826, -2.14725], "size": [2.5, 7.6, 3], "uv": [71, 0]}
				]
			},
			{
				"name": "edge2",
				"parent": "body",
				"pivot": [0, 19, 0.1],
				"rotation": [-2.5, -2.5, -5],
				"cubes": [
					{"origin": [1.13217, 11.90826, -2.14725], "size": [2.5, 7.6, 3], "uv": [0, 60]}
				]
			},
			{
				"name": "edge3",
				"parent": "body",
				"pivot": [0, 15, -1.9],
				"rotation": [-2.5, 2.5, 2.5],
				"cubes": [
					{"origin": [-7.8705, 6.0193, -8.60645], "size": [13, 19.5, 12.4], "uv": [0, 92], "inflate": -6},
					{"origin": [-10.2705, 6.0193, -8.5], "size": [14.4, 13, 17], "uv": [45, 43], "inflate": -6}
				]
			},
			{
				"name": "edge4",
				"parent": "body",
				"pivot": [0, 15, -1.9],
				"rotation": [-2.5, -2.5, -2.5],
				"cubes": [
					{"origin": [-5.1295, 6.0193, -8.60645], "size": [13, 19.5, 12.4], "uv": [0, 60], "inflate": -6},
					{"origin": [-4.1295, 6.0193, -8.5], "size": [14.4, 13, 17], "uv": [0, 30], "inflate": -6}
				]
			},
			{
				"name": "edge5",
				"parent": "body",
				"pivot": [3, 20, 1.1],
				"rotation": [5, 0, -5],
				"cubes": [
					{"origin": [-0.96633, 12.21213, 0.01783], "size": [4.5, 9.6, 2], "uv": [0, 0]}
				]
			},
			{
				"name": "edge6",
				"parent": "body",
				"pivot": [-3, 20, 1.1],
				"rotation": [5, 0, 5],
				"cubes": [
					{"origin": [-3.53367, 12.21213, 0.01783], "size": [4.5, 9.6, 2], "uv": [45, 30]}
				]
			},
			{
				"name": "butter",
				"parent": "body",
				"pivot": [0, 20, -1.9]
			},
			{
				"name": "b1",
				"parent": "butter",
				"pivot": [0, 20, -1.9],
				"rotation": [0, 0, -65],
				"cubes": [
					{"origin": [-0.05, 19.3, -1.9], "size": [0.15, 1.2, 0.1], "uv": [19, 2]},
					{"origin": [-0.4, 19.15, -1.9], "size": [0.5, 0.15, 0.1], "uv": [19, 2]}
				]
			},
			{
				"name": "b2",
				"parent": "butter",
				"pivot": [0, 20, -1.9],
				"rotation": [0, 0, 65],
				"cubes": [
					{"origin": [-0.1, 19.3, -1.9], "size": [0.15, 1.2, 0.1], "uv": [19, 2], "mirror": true},
					{"origin": [-0.1, 19.15, -1.9], "size": [0.5, 0.15, 0.1], "uv": [19, 2], "mirror": true}
				]
			},
			{
				"name": "b3",
				"parent": "butter",
				"pivot": [0, 20, -1.9],
				"rotation": [0, 0, -35],
				"cubes": [
					{"origin": [-0.07141, 19.06388, -1.9], "size": [0.15, 0.9, 0.1], "uv": [19, 2]}
				]
			},
			{
				"name": "b4",
				"parent": "butter",
				"pivot": [0, 20, -1.9],
				"rotation": [0, 0, 35],
				"cubes": [
					{"origin": [-0.07859, 19.06388, -1.9], "size": [0.15, 0.9, 0.1], "uv": [19, 2], "mirror": true}
				]
			},
			{
				"name": "b5",
				"parent": "butter",
				"pivot": [0, 20, -1.9],
				"rotation": [0, 0, 15],
				"cubes": [
					{"origin": [-0.07859, 18.2, -1.9], "size": [0.15, 1.7, 0.1], "uv": [19, 2], "mirror": true}
				]
			},
			{
				"name": "b6",
				"parent": "butter",
				"pivot": [0, 20, -1.9],
				"rotation": [0, 0, -15],
				"cubes": [
					{"origin": [-0.07141, 18.2, -1.9], "size": [0.15, 1.7, 0.1], "uv": [19, 2]}
				]
			},
			{
				"name": "legLeft",
				"pivot": [2, 12, 0]
			},
			{
				"name": "bone3",
				"parent": "legLeft",
				"pivot": [2, 9, 0],
				"cubes": [
					{"origin": [0.75, 6, -1.25], "size": [2.5, 6.75, 2.75], "uv": [52, 101]}
				]
			},
			{
				"name": "bone5",
				"parent": "legLeft",
				"pivot": [2, 9, 0],
				"cubes": [
					{"origin": [0.75, 0, -1.125], "size": [2.5, 6, 2.5], "uv": [92, 27]}
				]
			},
			{
				"name": "legRight",
				"pivot": [-2, 12, 0]
			},
			{
				"name": "bone4",
				"parent": "legRight",
				"pivot": [-2, 9, 0],
				"cubes": [
					{"origin": [-3.25, 6, -1.25], "size": [2.5, 6.75, 2.75], "uv": [39, 92]}
				]
			},
			{
				"name": "bone6",
				"parent": "legRight",
				"pivot": [-2, 9, 0],
				"cubes": [
					{"origin": [-3.25, 0, -1.125], "size": [2.5, 6, 2.5], "uv": [84, 27]}
				]
			},
			{
				"name": "backpackPositioningBone",
				"pivot": [0, 22, 0]
			}
		]
	}
}