{
	"format_version": "1.10.0",
	"geometry.model": {
		"texturewidth": 512,
		"textureheight": 512,
		"visible_bounds_width": 3,
		"visible_bounds_height": 4,
		"visible_bounds_offset": [0, 1, 0],
		"bones": [
			{
				"name": "head",
				"pivot": [0, 24.7, -0.2],
				"cubes": [
					{"origin": [-2.4, 24.2, -2.45], "size": [4.8, 3.5, 4.8], "uv": [156, 89]},
					{"origin": [-9.97653, 23.91675, -9.9348], "size": [20, 14, 20.05], "uv": [265, 66], "inflate": -7},
					{"origin": [-0.72707, 32.48, 1.08], "size": [1.45, 1, 1.55], "uv": [88, 152]},
					{"origin": [-1.1205, 32.21, 1.18], "size": [2.25, 4.75, 2.25], "uv": [244, 66], "inflate": -1},
					{"origin": [-5.7196, 25.2, -1.24641], "size": [2.25, 2.6, 3.5], "uv": [335, 79], "inflate": -1},
					{"origin": [-5.5196, 25.2, -1.34641], "size": [3.05, 2.3, 3.7], "uv": [299, 305], "inflate": -1},
					{"origin": [2.4696, 25.2, -1.34641], "size": [3.05, 2.3, 3.7], "uv": [305, 220], "inflate": -1},
					{"origin": [3.4696, 25.2, -1.24641], "size": [2.25, 2.6, 3.5], "uv": [334, 213], "inflate": -1},
					{"origin": [-1.2205, 34.91, 1.08], "size": [2.45, 2.15, 2.45], "uv": [275, 354], "inflate": -1},
					{"origin": [-1.2205, 34.21, 1.08], "size": [2.45, 2.4, 2.45], "uv": [225, 354], "inflate": -1},
					{"origin": [-1.2205, 33.41, 1.08], "size": [2.45, 2.4, 2.45], "uv": [217, 354], "inflate": -1},
					{"origin": [-0.4955, 33.285, 0.855], "size": [1, 1, 1], "uv": [152, 4], "inflate": -0.125}
				]
			},
			{
				"name": "exp",
				"parent": "head",
				"pivot": [0, 25.7, -2.4]
			},
			{
				"name": "lash",
				"parent": "exp",
				"pivot": [0, 25.7, -2.4],
				"cubes": [
					{"origin": [-3.1, 25.1, -3.5], "size": [3.2, 2.2, 2.1], "uv": [477, 107], "inflate": -1},
					{"origin": [-0.1, 25.1, -3.5], "size": [3.2, 2.2, 2.1], "uv": [477, 107], "inflate": -1, "mirror": true},
					{"origin": [-3.2, 24.8, -3.5], "size": [2.1, 2.3, 2.1], "uv": [495, 119], "inflate": -1},
					{"origin": [1.1, 24.8, -3.5], "size": [2.1, 2.3, 2.1], "uv": [495, 119], "inflate": -1, "mirror": true}
				]
			},
			{
				"name": "bone241",
				"parent": "lash",
				"pivot": [0, 25.7, -2.4],
				"rotation": [0, 0, -47],
				"cubes": [
					{"origin": [-1.38946, 25.4542, -3.5], "size": [2.1, 2.25, 2.1], "uv": [497, 93], "inflate": -1}
				]
			},
			{
				"name": "bone242",
				"parent": "lash",
				"pivot": [0, 25.7, -2.4],
				"rotation": [0, 0, 47],
				"cubes": [
					{"origin": [-0.71054, 25.4542, -3.5], "size": [2.1, 2.25, 2.1], "uv": [497, 93], "inflate": -1, "mirror": true}
				]
			},
			{
				"name": "bone243",
				"parent": "lash",
				"pivot": [0, 25.7, -2.4],
				"rotation": [0, 0, -10],
				"cubes": [
					{"origin": [-0.1, 25.25, -3.5], "size": [2.3, 2.05, 2.1], "uv": [497, 114], "inflate": -1, "mirror": true}
				]
			},
			{
				"name": "bone244",
				"parent": "lash",
				"pivot": [0, 25.7, -2.4],
				"rotation": [0, 0, 10],
				"cubes": [
					{"origin": [-2.2, 25.25, -3.5], "size": [2.3, 2.05, 2.1], "uv": [497, 114], "inflate": -1}
				]
			},
			{
				"name": "ball",
				"parent": "exp",
				"pivot": [0, 25.7, -2.4],
				"cubes": [
					{"origin": [-3.1, 24.3, -3.48], "size": [3.2, 2.8, 2.1], "uv": [473, 92], "inflate": -1},
					{"origin": [-0.1, 24.3, -3.48], "size": [3.2, 2.8, 2.1], "uv": [473, 92], "inflate": -1, "mirror": true}
				]
			},
			{
				"name": "eye",
				"parent": "exp",
				"pivot": [-1.4, 25.7, -2.5],
				"cubes": [
					{"origin": [-6.75, 20.3, -7.5], "size": [10.7, 10.8, 10], "uv": [447, 66], "inflate": -5}
				]
			},
			{
				"name": "eye2",
				"parent": "exp",
				"pivot": [1.4, 25.7, -2.5],
				"cubes": [
					{"origin": [-3.95, 20.3, -7.5], "size": [10.7, 10.8, 10.1], "uv": [447, 66], "inflate": -5}
				]
			},
			{
				"name": "brow",
				"parent": "exp",
				"pivot": [0, 26.9, -2.4],
				"rotation": [0, 0, -3],
				"cubes": [
					{"origin": [-0.1, 25.8, -3.5], "size": [2.7, 2.1, 2.1], "uv": [492, 163], "inflate": -1, "mirror": true}
				]
			},
			{
				"name": "brow2",
				"parent": "exp",
				"pivot": [0, 26.9, -2.4],
				"rotation": [0, 0, 3],
				"cubes": [
					{"origin": [-2.6, 25.8, -3.5], "size": [2.7, 2.1, 2.1], "uv": [492, 163], "inflate": -1}
				]
			},
			{
				"name": "m",
				"parent": "exp",
				"pivot": [0, 25.8, -2.3],
				"rotation": [-8, 0, 0],
				"cubes": [
					{"origin": [-0.6, 24.3, -2.6], "size": [1.2, 1, 1], "uv": [497, 57], "inflate": -0.31},
					{"origin": [-1.35, 23.89, -3.3], "size": [2.7, 2.1, 2.1], "uv": [506, 20], "inflate": -1}
				]
			},
			{
				"name": "bone",
				"parent": "head",
				"pivot": [0, 29.7, -1.2],
				"rotation": [-15, 0, 0],
				"cubes": [
					{"origin": [-2.25, 25.7, -4.2], "size": [4.5, 6, 2], "uv": [290, 170], "inflate": -1}
				]
			},
			{
				"name": "bone2",
				"parent": "bone",
				"pivot": [0, 27.7, -3.2],
				"rotation": [0, 0, 7.5],
				"cubes": [
					{"origin": [-2.63088, 25.61118, -4.2], "size": [3, 5.9, 2], "uv": [165, 317], "inflate": -1}
				]
			},
			{
				"name": "bone3",
				"parent": "bone",
				"pivot": [0, 27.7, -3.2],
				"rotation": [0, 0, -7.5],
				"cubes": [
					{"origin": [-0.36912, 25.61118, -4.2], "size": [3, 5.9, 2], "uv": [155, 317], "inflate": -1}
				]
			},
			{
				"name": "bone4",
				"parent": "head",
				"pivot": [-2, 27.7, -2.2],
				"rotation": [-22.16759, 45.66851, -8.78478],
				"cubes": [
					{"origin": [-4.12883, 25.94833, -4.0479], "size": [4.5, 6, 2], "uv": [278, 170], "inflate": -1}
				]
			},
			{
				"name": "bone5",
				"parent": "bone4",
				"pivot": [-1.9, 28.95, -3.2],
				"rotation": [0, 0, 4],
				"cubes": [
					{"origin": [-2.92883, 27.94833, -3.1479], "size": [2.1, 2.1, 1], "uv": [14, 188]}
				]
			},
			{
				"name": "bone6",
				"parent": "head",
				"pivot": [2, 27.7, -2.2],
				"rotation": [-22.16759, -45.66851, 8.78478],
				"cubes": [
					{"origin": [-0.37117, 25.94833, -4.0479], "size": [4.5, 6, 2], "uv": [272, 66], "inflate": -1}
				]
			},
			{
				"name": "bone7",
				"parent": "bone6",
				"pivot": [1.9, 28.95, -3.2],
				"rotation": [0, 0, -4],
				"cubes": [
					{"origin": [0.82883, 27.94833, -3.1479], "size": [2.1, 2.1, 1], "uv": [14, 185]}
				]
			},
			{
				"name": "bone8",
				"parent": "head",
				"pivot": [-3, 27.7, 0.8],
				"rotation": [0, 0, 7.5],
				"cubes": [
					{"origin": [-4.3956, 25.3923, -2.08476], "size": [2, 6.5, 4.2], "uv": [286, 0], "inflate": -1}
				]
			},
			{
				"name": "bone9",
				"parent": "bone8",
				"pivot": [-3, 27.7, -1.2],
				"rotation": [-15.3, 0, 0],
				"cubes": [
					{"origin": [-4.3956, 26.30956, -2.93121], "size": [2, 5.5, 3], "uv": [80, 223], "inflate": -1}
				]
			},
			{
				"name": "bone14",
				"parent": "bone8",
				"pivot": [-3, 27.7, 0.8],
				"rotation": [10.8, 0, 0],
				"cubes": [
					{"origin": [-4.3956, 25.27668, -0.29217], "size": [2, 6.5, 3], "uv": [164, 96], "inflate": -1},
					{"origin": [-2.49057, 29.67854, 1.69208], "size": [2, 4.6, 3], "uv": [122, 317], "inflate": -1}
				]
			},
			{
				"name": "bone18",
				"parent": "bone14",
				"pivot": [-1, 32.9, 2.5],
				"rotation": [-20, 0, 0],
				"cubes": [
					{"origin": [-2.48957, 29.80296, 1.01351], "size": [2, 4.6, 3], "uv": [316, 191], "inflate": -1}
				]
			},
			{
				"name": "bone19",
				"parent": "bone14",
				"pivot": [-1, 32.9, 2.5],
				"rotation": [-10, 0, 0],
				"cubes": [
					{"origin": [-2.49057, 29.8798, 1.10824], "size": [2, 4.6, 3.5], "uv": [316, 57], "inflate": -1},
					{"origin": [-2.54257, 31.9798, 1.60824], "size": [2.05, 2.3, 2.2], "uv": [209, 354], "inflate": -1},
					{"origin": [-2.54257, 31.7, 1.55], "size": [2.05, 2.2, 2.3], "uv": [354, 195], "inflate": -1},
					{"origin": [-2.54257, 31.0798, 1.5], "size": [2.05, 2.5, 2.4], "uv": [354, 182], "inflate": -1},
					{"origin": [-2.54257, 30.0798, 1], "size": [2.05, 2.9, 2.8], "uv": [354, 178], "inflate": -1},
					{"origin": [-2.54257, 30.6798, 2], "size": [2.05, 2.3, 2.3], "uv": [354, 115], "inflate": -1},
					{"origin": [-2.54257, 30.0798, 2], "size": [2.05, 2.5, 2.3], "uv": [354, 111], "inflate": -1}
				]
			},
			{
				"name": "bone10",
				"parent": "head",
				"pivot": [3, 27.7, 0.8],
				"rotation": [0, 0, -7.5],
				"cubes": [
					{"origin": [2.3956, 25.3923, -2.08476], "size": [2, 6.5, 4.2], "uv": [179, 0], "inflate": -1}
				]
			},
			{
				"name": "bone11",
				"parent": "bone10",
				"pivot": [3, 27.7, -1.2],
				"rotation": [-15.3, 0, 0],
				"cubes": [
					{"origin": [2.3956, 26.30956, -2.93121], "size": [2, 5.5, 3], "uv": [256, 0], "inflate": -1}
				]
			},
			{
				"name": "bone13",
				"parent": "bone10",
				"pivot": [3, 27.7, 0.8],
				"rotation": [10.8, 0, 0],
				"cubes": [
					{"origin": [2.3956, 25.27668, -0.29217], "size": [2, 6.5, 3], "uv": [172, 110], "inflate": -1},
					{"origin": [0.49257, 29.67854, 1.69208], "size": [2, 4.6, 3], "uv": [313, 252], "inflate": -1}
				]
			},
			{
				"name": "bone20",
				"parent": "bone13",
				"pivot": [-1, 32.9, 2.5],
				"rotation": [-20, 0, 0],
				"cubes": [
					{"origin": [0.49157, 29.80296, 1.01351], "size": [2, 4.6, 3], "uv": [313, 39], "inflate": -1}
				]
			},
			{
				"name": "bone21",
				"parent": "bone13",
				"pivot": [-1, 32.9, 2.5],
				"rotation": [-10, 0, 0],
				"cubes": [
					{"origin": [0.49257, 29.8798, 1.10824], "size": [2, 4.6, 3.5], "uv": [306, 35], "inflate": -1},
					{"origin": [0.49257, 31.9798, 1.60824], "size": [2.05, 2.3, 2.2], "uv": [352, 331], "inflate": -1},
					{"origin": [0.49257, 31.7, 1.55], "size": [2.05, 2.2, 2.3], "uv": [269, 352], "inflate": -1},
					{"origin": [0.49257, 31.0798, 1.5], "size": [2.05, 2.5, 2.4], "uv": [98, 352], "inflate": -1},
					{"origin": [0.49257, 30.0798, 1], "size": [2.05, 2.9, 2.8], "uv": [72, 352], "inflate": -1},
					{"origin": [0.49257, 30.6798, 2], "size": [2.05, 2.3, 2.3], "uv": [352, 4], "inflate": -1},
					{"origin": [0.49257, 30.0798, 2], "size": [2.05, 2.5, 2.3], "uv": [352, 0], "inflate": -1}
				]
			},
			{
				"name": "bone12",
				"parent": "head",
				"pivot": [2.8, 27.7, 2.4],
				"rotation": [14.99762, 44.94549, 3.53329],
				"cubes": [
					{"origin": [-0.0587, 24.95112, 1.33854], "size": [4.75, 7.1, 2], "uv": [0, 295], "inflate": -1},
					{"origin": [1.2913, 28.35112, 1.43854], "size": [2.1, 2.1, 1], "uv": [183, 60]}
				]
			},
			{
				"name": "bone15",
				"parent": "head",
				"pivot": [-2.8, 27.7, 2.4],
				"rotation": [14.99762, -44.94549, -3.53329],
				"cubes": [
					{"origin": [-4.6913, 25.15112, 1.33854], "size": [4.75, 6.9, 2], "uv": [266, 170], "inflate": -1},
					{"origin": [-3.3913, 28.35112, 1.43854], "size": [2.1, 2.1, 1], "uv": [168, 89]}
				]
			},
			{
				"name": "bone16",
				"parent": "head",
				"pivot": [0, 27.7, 3.8],
				"rotation": [10.6, 1.25, -7],
				"cubes": [
					{"origin": [-1.15534, 25.4622, 2.68377], "size": [3.6, 9, 2], "uv": [298, 0], "inflate": -1}
				]
			},
			{
				"name": "bone17",
				"parent": "head",
				"pivot": [0, 27.7, 3.8],
				"rotation": [10.6, -1.25, 7],
				"cubes": [
					{"origin": [-2.44466, 25.4622, 2.68377], "size": [3.6, 9, 2], "uv": [0, 223], "inflate": -1}
				]
			},
			{
				"name": "bone22",
				"parent": "head",
				"pivot": [0, 31.7, 0.8],
				"rotation": [-9.4, 1, 7],
				"cubes": [
					{"origin": [-1.93444, 29.37499, -0.19407], "size": [3.1, 5, 2], "uv": [250, 313], "inflate": -1}
				]
			},
			{
				"name": "bone23",
				"parent": "head",
				"pivot": [0, 31.7, 0.8],
				"rotation": [-9.4, -1, -7],
				"cubes": [
					{"origin": [-1.16456, 29.37499, -0.19409], "size": [3.1, 5, 2], "uv": [311, 299], "inflate": -1}
				]
			},
			{
				"name": "bone24",
				"parent": "head",
				"pivot": [-0.75, 33.15, 2.45],
				"rotation": [0, 45, 0],
				"cubes": [
					{"origin": [-2.72, 32.15, 1.45], "size": [3, 2.25, 2.25], "uv": [344, 329], "inflate": -1}
				]
			},
			{
				"name": "bone25",
				"parent": "bone24",
				"pivot": [-0.75, 33.15, 2.45],
				"rotation": [0, 0, 15],
				"cubes": [
					{"origin": [-2.68695, 31.89895, 1.45], "size": [3, 2.25, 2.25], "uv": [64, 344], "inflate": -1}
				]
			},
			{
				"name": "yRotationHighE",
				"parent": "bone24",
				"pivot": [-1.65, 33.35, 2.55],
				"rotation": [0, -45, 0],
				"cubes": [
					{"origin": [-4.22, 31.45, 0.55], "size": [5.1, 4.15, 4.05], "uv": [94, 89], "inflate": -2}
				]
			},
			{
				"name": "bone26",
				"parent": "head",
				"pivot": [0.75, 33.15, 2.45],
				"rotation": [0, -45, 0],
				"cubes": [
					{"origin": [-0.28, 32.15, 1.45], "size": [3, 2.25, 2.25], "uv": [147, 343], "inflate": -1}
				]
			},
			{
				"name": "bone27",
				"parent": "bone26",
				"pivot": [0.75, 33.15, 2.45],
				"rotation": [0, 0, -15],
				"cubes": [
					{"origin": [-0.31305, 31.89895, 1.45], "size": [3, 2.25, 2.25], "uv": [343, 82], "inflate": -1}
				]
			},
			{
				"name": "yRotationHighD",
				"parent": "bone26",
				"pivot": [1.65, 33.35, 2.55],
				"rotation": [0, 45, 0],
				"cubes": [
					{"origin": [0.12, 32.45, 1.55], "size": [3.1, 2.15, 2.05], "uv": [342, 325], "inflate": -1}
				]
			},
			{
				"name": "bone28",
				"parent": "head",
				"pivot": [0, 27.7, -3.7],
				"rotation": [25, 0, 0],
				"cubes": [
					{"origin": [-10.75, 17.95, -13.2], "size": [21.5, 18.75, 18.75], "uv": [197, 264], "inflate": -9}
				]
			},
			{
				"name": "bone33",
				"parent": "bone28",
				"pivot": [0, 28.7, -3.7],
				"rotation": [-50, 0, 0],
				"cubes": [
					{"origin": [-2.3, 26.8, -4.3], "size": [4.7, 2.4, 2.3], "uv": [334, 145], "inflate": -1}
				]
			},
			{
				"name": "bone29",
				"parent": "head",
				"pivot": [0, 27.7, -3.7],
				"rotation": [25, 45, 0],
				"cubes": [
					{"origin": [-13.01701, 18.41687, -14.20121], "size": [21.1, 18.75, 18.75], "uv": [137, 246], "inflate": -9}
				]
			},
			{
				"name": "bone34",
				"parent": "bone29",
				"pivot": [-2, 28.8, -3.7],
				"rotation": [-50, 0, 0],
				"cubes": [
					{"origin": [-4.41701, 26.40732, -5.15656], "size": [4.1, 2.4, 2.2], "uv": [108, 331], "inflate": -1}
				]
			},
			{
				"name": "bone30",
				"parent": "head",
				"pivot": [0, 27.7, -3.7],
				"rotation": [25, -45, 0],
				"cubes": [
					{"origin": [-8.08299, 18.41687, -14.20121], "size": [21.1, 18.75, 18.75], "uv": [238, 30], "inflate": -9}
				]
			},
			{
				"name": "bone35",
				"parent": "bone30",
				"pivot": [-2, 28.8, -3.7],
				"rotation": [-50, 0, 0],
				"cubes": [
					{"origin": [0.31701, 26.40732, -5.15656], "size": [4.1, 2.4, 2.2], "uv": [266, 330], "inflate": -1}
				]
			},
			{
				"name": "bone31",
				"parent": "head",
				"pivot": [-3.5, 27.7, -0.1],
				"rotation": [0, 90, -25],
				"cubes": [
					{"origin": [-11.63888, 17.9453, -9.58992], "size": [19, 18.75, 18.75], "uv": [268, 134], "inflate": -9}
				]
			},
			{
				"name": "bone36",
				"parent": "bone31",
				"pivot": [0, 28.7, -3.7],
				"rotation": [-50, 0, 0],
				"cubes": [
					{"origin": [-3.43888, 29.63665, -1.83123], "size": [2.8, 2.4, 2.3], "uv": [251, 351], "inflate": -1}
				]
			},
			{
				"name": "bone32",
				"parent": "head",
				"pivot": [3.5, 27.7, -0.1],
				"rotation": [0, -90, 25],
				"cubes": [
					{"origin": [-7.36112, 17.9453, -9.58992], "size": [19, 18.75, 18.75], "uv": [66, 268], "inflate": -9}
				]
			},
			{
				"name": "bone37",
				"parent": "bone32",
				"pivot": [0, 28.7, -3.7],
				"rotation": [-50, 0, 0],
				"cubes": [
					{"origin": [0.63888, 29.63665, -1.83123], "size": [2.8, 2.4, 2.3], "uv": [351, 230], "inflate": -1}
				]
			},
			{
				"name": "bone38",
				"parent": "head",
				"pivot": [-4, 26.7, -0.2],
				"rotation": [0, 30, 0],
				"cubes": [
					{"origin": [-5.6, 25.2, -1.6], "size": [3.5, 2.6, 2.5], "uv": [342, 78], "inflate": -1}
				]
			},
			{
				"name": "bone39",
				"parent": "bone38",
				"pivot": [-4, 26.7, -0.2],
				"rotation": [0, 0, 22.5],
				"cubes": [
					{"origin": [-5.36299, 25.00845, -1.6], "size": [3.4, 2.6, 2.5], "uv": [27, 342], "inflate": -1}
				]
			},
			{
				"name": "bone40",
				"parent": "head",
				"pivot": [-4, 26.7, 1.2],
				"rotation": [0, -30, 0],
				"cubes": [
					{"origin": [-5.6, 25.2, 0.1], "size": [3.5, 2.6, 2.5], "uv": [341, 230], "inflate": -1}
				]
			},
			{
				"name": "bone41",
				"parent": "bone40",
				"pivot": [-4, 26.7, 1.2],
				"rotation": [0, 0, 22.5],
				"cubes": [
					{"origin": [-5.36299, 25.00845, 0.1], "size": [3.4, 2.6, 2.5], "uv": [155, 341], "inflate": -1}
				]
			},
			{
				"name": "bone42",
				"parent": "head",
				"pivot": [4, 26.7, -0.2],
				"rotation": [0, -30, 0],
				"cubes": [
					{"origin": [2.1, 25.2, -1.6], "size": [3.5, 2.6, 2.5], "uv": [226, 340], "inflate": -1}
				]
			},
			{
				"name": "bone43",
				"parent": "bone42",
				"pivot": [4, 26.7, -0.2],
				"rotation": [0, 0, -22.5],
				"cubes": [
					{"origin": [1.96299, 25.00845, -1.6], "size": [3.4, 2.6, 2.5], "uv": [340, 115], "inflate": -1}
				]
			},
			{
				"name": "bone44",
				"parent": "head",
				"pivot": [4, 26.7, 1.2],
				"rotation": [0, 30, 0],
				"cubes": [
					{"origin": [2.1, 25.2, 0.1], "size": [3.5, 2.6, 2.5], "uv": [340, 111], "inflate": -1}
				]
			},
			{
				"name": "bone45",
				"parent": "bone44",
				"pivot": [4, 26.7, 1.2],
				"rotation": [0, 0, -22.5],
				"cubes": [
					{"origin": [1.96299, 25.00845, 0.1], "size": [3.4, 2.6, 2.5], "uv": [339, 275], "inflate": -1}
				]
			},
			{
				"name": "bone46",
				"parent": "head",
				"pivot": [0.2, 26.3, -3.2],
				"rotation": [0, 0, 17.5],
				"cubes": [
					{"origin": [-5.2, 21.7, -7.4], "size": [10.05, 9.6, 8.4], "uv": [347, 273], "inflate": -4}
				]
			},
			{
				"name": "bone47",
				"parent": "head",
				"pivot": [-3.2, 26.7, -0.4],
				"rotation": [0, 0, 10],
				"cubes": [
					{"origin": [-7.4, 19.8, -5.3], "size": [8.6, 11.7, 10.8], "uv": [335, 90], "inflate": -4}
				]
			},
			{
				"name": "bone48",
				"parent": "head",
				"pivot": [-2.1, 26.6, -2.1],
				"rotation": [-7.12284, -29.21893, 14.35885],
				"cubes": [
					{"origin": [-6.7, 20.6, -6.2], "size": [8.6, 11, 9.6], "uv": [68, 130], "inflate": -4}
				]
			},
			{
				"name": "bone237",
				"parent": "bone48",
				"pivot": [-3.1, 26.6, -2.1],
				"rotation": [-12.52956, -3.90504, -24.1329],
				"cubes": [
					{"origin": [-7.55843, 18.54367, -5.73585], "size": [8.6, 10.2, 8.5], "uv": [416, 66], "inflate": -4}
				]
			},
			{
				"name": "bone49",
				"parent": "head",
				"pivot": [-1.8, 26.6, -3.1],
				"rotation": [-1.50122, 28.87909, 17.19212],
				"cubes": [
					{"origin": [-6.70341, 22.09541, -7.07507], "size": [9.5, 9.5, 8.4], "uv": [352, 314], "inflate": -4}
				]
			},
			{
				"name": "bone50",
				"parent": "head",
				"pivot": [1.6, 25.8, -3],
				"rotation": [0, -30, 0],
				"cubes": [
					{"origin": [-2.5, 21.9, -7.17321], "size": [9.1, 9.8, 8.4], "uv": [72, 352], "inflate": -4}
				]
			},
			{
				"name": "bone51",
				"parent": "head",
				"pivot": [2.6, 25.8, -2.5],
				"rotation": [7.73916, -59.16159, -14.75144],
				"cubes": [
					{"origin": [-1.57172, 20.81381, -6.60159], "size": [9.5, 10.5, 8.4], "uv": [352, 0], "inflate": -4}
				]
			},
			{
				"name": "bone236",
				"parent": "bone51",
				"pivot": [2.6, 25.8, -2.5],
				"rotation": [21.95939, -2.43293, 12.51302],
				"cubes": [
					{"origin": [-1.39528, 18.73592, -6.90601], "size": [8.7, 10.5, 8.4], "uv": [379, 63], "inflate": -4}
				]
			},
			{
				"name": "bone52",
				"parent": "head",
				"pivot": [3.2, 26.7, -0.4],
				"rotation": [0, 0, -10],
				"cubes": [
					{"origin": [-1.2, 19.8, -5.3], "size": [8.6, 11.7, 10.8], "uv": [276, 333], "inflate": -4}
				]
			},
			{
				"name": "bone53",
				"parent": "head",
				"pivot": [2.8, 24.9, 2.8],
				"rotation": [9.95532, -44.62051, -13.48334],
				"cubes": [
					{"origin": [-2.05453, 20.42791, -2.70363], "size": [8.6, 11.2, 10.8], "uv": [82, 331], "inflate": -4}
				]
			},
			{
				"name": "bone240",
				"parent": "bone53",
				"pivot": [2.48595, 26.8033, 2.13658],
				"rotation": [0, 0, 25],
				"cubes": [
					{"origin": [-1.05622, 19.47562, -2.70363], "size": [8.6, 9.2, 10.8], "uv": [386, 93], "inflate": -4, "mirror": true}
				]
			},
			{
				"name": "bone54",
				"parent": "head",
				"pivot": [-2.8, 24.9, 2.8],
				"rotation": [9.95532, 44.62051, 13.48334],
				"cubes": [
					{"origin": [-6.54547, 20.42791, -2.70363], "size": [8.6, 11.2, 10.8], "uv": [240, 330], "inflate": -4}
				]
			},
			{
				"name": "bone238",
				"parent": "bone54",
				"pivot": [-2.48595, 26.8033, 2.13658],
				"rotation": [0, 0, -25],
				"cubes": [
					{"origin": [-7.54378, 19.47562, -2.70363], "size": [8.6, 9.2, 10.8], "uv": [386, 93], "inflate": -4}
				]
			},
			{
				"name": "bone55",
				"parent": "head",
				"pivot": [0, 24.9, 4.05],
				"rotation": [10, 0, 0],
				"cubes": [
					{"origin": [-5.5, 20.43473, -0.99696], "size": [11, 11.4, 8.6], "uv": [196, 48], "inflate": -4}
				]
			},
			{
				"name": "bone239",
				"parent": "bone55",
				"pivot": [-2.8, 24.9, 2.8],
				"rotation": [-25, 0, 0],
				"cubes": [
					{"origin": [-5.5, 19.0177, -0.87557], "size": [11, 9.8, 8.6], "uv": [196, 48], "inflate": -4}
				]
			},
			{
				"name": "sasimonoShow",
				"parent": "head",
				"pivot": [0, 35.4, 2.7]
			},
			{
				"name": "armRight",
				"pivot": [-2.25, 22.95, 0.4],
				"rotation": [0, 0, 25]
			},
			{
				"name": "943rotation",
				"parent": "armRight",
				"pivot": [-2.25, 22.95, 0.4],
				"rotation": [0, 0, -10],
				"cubes": [
					{"origin": [-2.80974, 14.0144, -0.2], "size": [1.2, 9, 1.2], "uv": [102, 164]},
					{"origin": [-7.9597, 15.4144, -5.35], "size": [11.5, 11, 11.5], "uv": [434, 0], "inflate": -5}
				]
			},
			{
				"name": "bone88",
				"parent": "943rotation",
				"pivot": [-2.90974, 22.5144, 0],
				"rotation": [0, 0, 50],
				"cubes": [
					{"origin": [-4.22848, 21.9124, -1.2], "size": [3, 2.8, 3.2], "uv": [303, 259], "inflate": -1}
				]
			},
			{
				"name": "armRightPositioningBone",
				"parent": "armRight",
				"pivot": [-0.75, 14.7, 0.4]
			},
			{
				"name": "armLeft",
				"pivot": [2.15, 22.95, 0.4],
				"rotation": [0, 0, -25]
			},
			{
				"name": "943rotation2",
				"parent": "armLeft",
				"pivot": [2.15, 22.95, 0.4],
				"rotation": [0, 0, 10],
				"cubes": [
					{"origin": [1.50974, 14.0144, -0.2], "size": [1.2, 9, 1.2], "uv": [102, 154]},
					{"origin": [-3.6403, 15.4144, -5.35], "size": [11.5, 11, 11.5], "uv": [434, 0], "inflate": -5, "mirror": true}
				]
			},
			{
				"name": "bone89",
				"parent": "943rotation2",
				"pivot": [2.80974, 22.5144, 0],
				"rotation": [0, 0, -50],
				"cubes": [
					{"origin": [1.12848, 21.9124, -1.2], "size": [3, 2.8, 3.2], "uv": [291, 233], "inflate": -1}
				]
			},
			{
				"name": "armLeftPositioningBone",
				"parent": "armLeft",
				"pivot": [0.65, 14.7, 0.4]
			},
			{
				"name": "body",
				"pivot": [0, 22, -0.3],
				"cubes": [
					{"origin": [-0.5, 23.25, -0.3], "size": [1, 1.25, 1], "uv": [136, 32]}
				]
			},
			{
				"name": "bone67",
				"parent": "body",
				"pivot": [0, 22, -0.4],
				"rotation": [10, 0, 0],
				"cubes": [
					{"origin": [-12.09, 10.99217, -11.46], "size": [24.08, 21, 21], "uv": [196, 110], "inflate": -10}
				]
			},
			{
				"name": "bone68",
				"parent": "body",
				"pivot": [0, 22, -0.4],
				"rotation": [55, 0, 0],
				"cubes": [
					{"origin": [-12.1, 11.044, -11.15507], "size": [24.1, 21.7, 21.9], "uv": [0, 181], "inflate": -10}
				]
			},
			{
				"name": "bone91",
				"parent": "bone68",
				"pivot": [-2.2, 21.29217, -1.41451],
				"rotation": [0, 35, 0],
				"cubes": [
					{"origin": [-3.6, 20.75, -1.8], "size": [2.3, 3, 3.9], "uv": [325, 61], "inflate": -1}
				]
			},
			{
				"name": "bone90",
				"parent": "bone68",
				"pivot": [2.6, 21.29217, -1.41451],
				"rotation": [0, -35, 0],
				"cubes": [
					{"origin": [1.3, 20.75, -1.5], "size": [2.3, 3, 3.9], "uv": [326, 108], "inflate": -1}
				]
			},
			{
				"name": "bone69",
				"parent": "bone68",
				"pivot": [0, 22, -0.4],
				"rotation": [47.5, 0, 0],
				"cubes": [
					{"origin": [-2.15, 20.4585, -0.028], "size": [4.2, 1.25, 1], "uv": [122, 95], "inflate": -0.05}
				]
			},
			{
				"name": "bone70",
				"parent": "bone69",
				"pivot": [0, 22, -0.4],
				"rotation": [15, 0, 0],
				"cubes": [
					{"origin": [-2.1, 20.21716, -0.60904], "size": [4.1, 1.15, 1.1], "uv": [112, 95]}
				]
			},
			{
				"name": "bone66",
				"parent": "body",
				"pivot": [0, 22, -0.3],
				"rotation": [-5, 0, 0],
				"cubes": [
					{"origin": [-7.09, 12.5061, -6.2577], "size": [14.08, 13.5, 12.1], "uv": [378, 0], "inflate": -5},
					{"origin": [-2.1, 21.4729, 0.21633], "size": [4.1, 1.3, 1], "uv": [94, 11]}
				]
			},
			{
				"name": "bone71",
				"parent": "bone66",
				"pivot": [0, 22, -0.3],
				"rotation": [-15, 0, 0],
				"cubes": [
					{"origin": [-12.1, 10.38332, -9.69892], "size": [24.1, 21.5, 21], "uv": [175, 68], "inflate": -10}
				]
			},
			{
				"name": "bone56",
				"parent": "body",
				"pivot": [1.8, 14.2, -0.3],
				"rotation": [9.84739, 0.74268, -10.02217],
				"cubes": [
					{"origin": [-0.20413, 13.31247, -1.31501], "size": [3.05, 2.9, 1.6], "uv": [180, 173]}
				]
			},
			{
				"name": "bone110",
				"parent": "bone56",
				"pivot": [2.9, 14.2, -0.3],
				"rotation": [0.34743, -1.9696, -10.00597],
				"cubes": [
					{"origin": [-1.10413, 13.71247, -2.31501], "size": [5.15, 2.2, 4.9], "uv": [134, 0], "inflate": -1}
				]
			},
			{
				"name": "bone85",
				"parent": "bone56",
				"pivot": [2.8, 13.2, -0.3],
				"rotation": [-9.9575, -0.99055, 0.13004],
				"cubes": [
					{"origin": [1.83, 12.10652, -2.3], "size": [2, 2.5, 4.17], "uv": [128, 280], "inflate": -1}
				]
			},
			{
				"name": "bone76",
				"parent": "bone56",
				"pivot": [1.8, 13.2, -0.3],
				"rotation": [88.7, 32.26854, 89.83162],
				"cubes": [
					{"origin": [0.01029, 12.10652, -1.55835], "size": [1.4, 1.5, 2.3], "uv": [7, 130]}
				]
			},
			{
				"name": "bone77",
				"parent": "bone76",
				"pivot": [1.8, 13.2, -0.3],
				"rotation": [0, 0, 37.5],
				"cubes": [
					{"origin": [-1.1542, 11.24298, -1.45835], "size": [2.2, 1.5, 2.2], "uv": [172, 173]}
				]
			},
			{
				"name": "bone78",
				"parent": "bone76",
				"pivot": [1.8, 13.2, -0.3],
				"rotation": [-40, 0, 0],
				"cubes": [
					{"origin": [0.01029, 11.5535, -1.86108], "size": [1.4, 1.5, 1.3], "uv": [97, 150]}
				]
			},
			{
				"name": "bone112",
				"parent": "bone56",
				"pivot": [1.8, 14.2, -0.3],
				"rotation": [0, 1.5, 10],
				"cubes": [
					{"origin": [-1.47, 12.01247, -2.41501], "size": [2.95, 3.3, 3.6], "uv": [324, 195], "inflate": -1}
				]
			},
			{
				"name": "bone61",
				"parent": "body",
				"pivot": [-1.8, 14.2, -0.3],
				"rotation": [9.84739, -0.74268, 10.02217],
				"cubes": [
					{"origin": [-2.84587, 13.31247, -1.31501], "size": [3.05, 2.9, 1.6], "uv": [93, 136]}
				]
			},
			{
				"name": "bone111",
				"parent": "bone61",
				"pivot": [-2.9, 14.2, -0.3],
				"rotation": [0.34743, 1.9696, 10.00597],
				"cubes": [
					{"origin": [-4.04587, 13.71247, -2.31501], "size": [5.15, 2.2, 4.9], "uv": [112, 89], "inflate": -1}
				]
			},
			{
				"name": "bone84",
				"parent": "bone61",
				"pivot": [-2.8, 13.2, -0.3],
				"rotation": [-9.9575, 0.99055, -0.13004],
				"cubes": [
					{"origin": [-3.83, 12.10652, -2.3], "size": [2, 2.5, 4.17], "uv": [302, 42], "inflate": -1}
				]
			},
			{
				"name": "bone79",
				"parent": "bone61",
				"pivot": [-1.8, 13.2, -0.3],
				"rotation": [88.7, -32.26854, -89.83162],
				"cubes": [
					{"origin": [-1.41029, 12.10652, -1.55835], "size": [1.4, 1.5, 2.3], "uv": [102, 11]}
				]
			},
			{
				"name": "bone80",
				"parent": "bone79",
				"pivot": [-1.8, 13.2, -0.3],
				"rotation": [0, 0, -37.5],
				"cubes": [
					{"origin": [-1.0458, 11.24298, -1.45835], "size": [2.2, 1.5, 2.2], "uv": [68, 136]}
				]
			},
			{
				"name": "bone81",
				"parent": "bone79",
				"pivot": [-1.8, 13.2, -0.3],
				"rotation": [-40, 0, 0],
				"cubes": [
					{"origin": [-1.41029, 11.5535, -1.86108], "size": [1.4, 1.5, 1.3], "uv": [88, 150]}
				]
			},
			{
				"name": "bone63",
				"parent": "body",
				"pivot": [-0.2, 15.2, -0.3],
				"rotation": [0, 0, 25],
				"cubes": [
					{"origin": [-4.16091, 10.91073, -6.65768], "size": [11, 11.3, 11], "uv": [122, 317], "inflate": -5}
				]
			},
			{
				"name": "bone60",
				"parent": "body",
				"pivot": [0.2, 15.2, -0.3],
				"rotation": [0, 0, -25],
				"cubes": [
					{"origin": [-6.83909, 10.91073, -6.65768], "size": [11, 11.3, 11], "uv": [316, 35], "inflate": -5}
				]
			},
			{
				"name": "bone83",
				"parent": "body",
				"pivot": [-0.8, 13.8, 0.7],
				"rotation": [0, 5, 0],
				"cubes": [
					{"origin": [-12.15244, -4.28, -8.39], "size": [22.1, 28.5, 20], "uv": [88, 154], "inflate": -10}
				]
			},
			{
				"name": "bone59",
				"parent": "body",
				"pivot": [0.8, 13.8, 0.7],
				"rotation": [0, -5, 0],
				"cubes": [
					{"origin": [-9.94756, -4.28, -8.39], "size": [22.1, 28.5, 20], "uv": [172, 0], "inflate": -10}
				]
			},
			{
				"name": "bone62",
				"parent": "body",
				"pivot": [-0.2, 15.8, -0.3],
				"rotation": [0, 0, -12.5],
				"cubes": [
					{"origin": [-10.08809, 5.56812, -11.65768], "size": [22.6, 22.3, 22.2], "uv": [150, 198], "inflate": -10}
				]
			},
			{
				"name": "bone72",
				"parent": "bone62",
				"pivot": [2.8, 17.8, 0.7],
				"rotation": [17.4908, 1.70533, -2.08386],
				"cubes": [
					{"origin": [-10.03061, 5.62484, -10.53481], "size": [22.55, 22.3, 21.1], "uv": [217, 221], "inflate": -10}
				]
			},
			{
				"name": "bone73",
				"parent": "bone72",
				"pivot": [1.69152, 14.33716, 0.00602],
				"rotation": [-5.00076, 0.99619, 27.41284],
				"cubes": [
					{"origin": [-10.71865, 3.30455, -9.56977], "size": [22.55, 22.6, 20], "uv": [0, 244], "inflate": -10}
				]
			},
			{
				"name": "bone74",
				"parent": "body",
				"pivot": [0.2, 15.8, -0.3],
				"rotation": [0, 0, 12.5],
				"cubes": [
					{"origin": [-12.51191, 5.56812, -11.65768], "size": [22.6, 22.3, 22.2], "uv": [172, 154], "inflate": -10}
				]
			},
			{
				"name": "bone75",
				"parent": "bone74",
				"pivot": [-2.8, 17.8, 0.7],
				"rotation": [17.4908, -1.70533, 2.08386],
				"cubes": [
					{"origin": [-12.51939, 5.62484, -10.53481], "size": [22.55, 22.3, 21.1], "uv": [69, 221], "inflate": -10}
				]
			},
			{
				"name": "bone82",
				"parent": "bone75",
				"pivot": [-1.69152, 14.33716, 0.00602],
				"rotation": [-5.00076, -0.99619, -27.41284],
				"cubes": [
					{"origin": [-11.83135, 3.30455, -9.56977], "size": [22.55, 22.6, 20], "uv": [240, 178], "inflate": -10}
				]
			},
			{
				"name": "sittingRotationSkirt",
				"parent": "body",
				"pivot": [0, 15, -0.3],
				"cubes": [
					{"origin": [-12.15159, -0.94262, -11.65768], "size": [24.3, 26.925, 20], "uv": [0, 130], "inflate": -10}
				]
			},
			{
				"name": "bone87",
				"parent": "body",
				"pivot": [-1.3, 23, -0.3],
				"rotation": [27.73111, -1.86699, 19.41809],
				"cubes": [
					{"origin": [0.17033, 22.87544, 0.07873], "size": [1, 1, 1.2], "uv": [134, 8]}
				]
			},
			{
				"name": "bone86",
				"parent": "body",
				"pivot": [1.3, 23, -0.3],
				"rotation": [27.73111, 1.86699, -19.41809],
				"cubes": [
					{"origin": [-1.17033, 22.87544, 0.07873], "size": [1, 1, 1.2], "uv": [136, 34]}
				]
			},
			{
				"name": "chestPlate",
				"parent": "body",
				"pivot": [0, 22, 0]
			},
			{
				"name": "bone95",
				"parent": "chestPlate",
				"pivot": [0, 22, 0]
			},
			{
				"name": "bone94",
				"parent": "bone95",
				"pivot": [0, 24.7, 0],
				"rotation": [0, 0, 27.5],
				"cubes": [
					{"origin": [2.6, 23.7, -2.6], "size": [2.4, 4.2, 5.2], "uv": [0, 286], "inflate": -1}
				]
			},
			{
				"name": "bone96",
				"parent": "bone95",
				"pivot": [0, 22, 0],
				"rotation": [0, 0, -20],
				"cubes": [
					{"origin": [3.97759, 20.16927, -2.9], "size": [2.2, 4.2, 5.8], "uv": [282, 233], "inflate": -1}
				]
			},
			{
				"name": "bone97",
				"parent": "bone95",
				"pivot": [0, 22, 0],
				"rotation": [0, 0, -17.5],
				"cubes": [
					{"origin": [2.35749, 5.02945, -2.6], "size": [2.4, 18, 5.2], "uv": [260, 351], "inflate": -1}
				]
			},
			{
				"name": "bone102",
				"parent": "bone97",
				"pivot": [0, 22, 0],
				"rotation": [6.5, 0, 0],
				"cubes": [
					{"origin": [2.35749, 4.94814, -1.20695], "size": [2.4, 17.9, 3.8], "uv": [106, 352], "inflate": -1}
				]
			},
			{
				"name": "bone103",
				"parent": "bone97",
				"pivot": [0, 22, 0],
				"rotation": [-6.5, 0, 0],
				"cubes": [
					{"origin": [2.35749, 4.94814, -2.59305], "size": [2.4, 17.9, 3.8], "uv": [122, 264], "inflate": -1}
				]
			},
			{
				"name": "bone180",
				"parent": "bone95",
				"pivot": [-1.6, 23.3, -1.9],
				"rotation": [-2.92014, -17.22464, 13.02863],
				"cubes": [
					{"origin": [-1.7, 19.1, -6.3], "size": [14.6, 10.2, 11.7], "uv": [0, 223], "inflate": -5},
					{"origin": [3.88, 18.9, -5.2], "size": [8.1, 9.2, 9.6], "uv": [348, 290], "inflate": -4},
					{"origin": [5.3, 21.8, -1.3], "size": [2.2, 1.1, 1.8], "uv": [0, 24]}
				]
			},
			{
				"name": "bone181",
				"parent": "bone180",
				"pivot": [6.6, 21.8, -0.5],
				"rotation": [0, 0, -34],
				"cubes": [
					{"origin": [5.64613, 18.79673, -1.3], "size": [1.8, 3.7, 1.8], "uv": [94, 89]}
				]
			},
			{
				"name": "bone182",
				"parent": "bone181",
				"pivot": [7.4, 21, 0.1],
				"rotation": [0, 0, 90],
				"cubes": [
					{"origin": [7.4, 20.4, -0.7], "size": [1.5, 1, 1.5], "uv": [104, 0]}
				]
			},
			{
				"name": "bone183",
				"parent": "bone182",
				"pivot": [8.1, 21.4, 0],
				"rotation": [-30, 0, 0],
				"cubes": [
					{"origin": [3.5, 17.4, -5], "size": [9.3, 9, 9], "uv": [0, 342], "inflate": -4}
				]
			},
			{
				"name": "bone184",
				"parent": "bone183",
				"pivot": [8.1, 21.4, 0],
				"rotation": [15, 0, 0],
				"cubes": [
					{"origin": [-0.9, 14, -9.4], "size": [18, 17.1, 18.1], "uv": [0, 286], "inflate": -8}
				]
			},
			{
				"name": "bone185",
				"parent": "bone181",
				"pivot": [6.5, 19, -0.5],
				"rotation": [9.97178, 0.65182, -9.95744],
				"cubes": [
					{"origin": [5.54613, 15.19673, -1.4], "size": [2, 3.9, 2], "uv": [284, 264]}
				]
			},
			{
				"name": "bone186",
				"parent": "bone185",
				"pivot": [7.4, 17.8, 0.1],
				"rotation": [0, 0, 90],
				"cubes": [
					{"origin": [7.4, 17.2, -0.7], "size": [1.5, 1, 1.5], "uv": [0, 89]}
				]
			},
			{
				"name": "bone187",
				"parent": "bone186",
				"pivot": [8.1, 18.2, 0],
				"rotation": [-30, 0, 0],
				"cubes": [
					{"origin": [3.5, 14.2, -5], "size": [9.3, 9, 9], "uv": [0, 342], "inflate": -4}
				]
			},
			{
				"name": "bone188",
				"parent": "bone187",
				"pivot": [8.1, 18.2, 0],
				"rotation": [15, 0, 0],
				"cubes": [
					{"origin": [-0.9, 10.8, -9.4], "size": [18, 17.1, 18.1], "uv": [0, 286], "inflate": -8, "mirror": true}
				]
			},
			{
				"name": "bone189",
				"parent": "bone185",
				"pivot": [6.6, 15.5, -0.4],
				"rotation": [-9.25249, -3.81024, -22.19157],
				"cubes": [
					{"origin": [5.54613, 11.59673, -1.6], "size": [2.3, 4.2, 2.3], "uv": [24, 65]},
					{"origin": [6.14613, 12.39673, -1.2], "size": [1.8, 3, 2], "uv": [0, 19]},
					{"origin": [-4.8539, 1.49673, -12.1], "size": [23.85, 24.8, 24], "uv": [102, 106], "inflate": -11}
				]
			},
			{
				"name": "bone190",
				"parent": "bone189",
				"pivot": [6.65, 11.9, -0.45],
				"rotation": [-15, 0, 17.5],
				"cubes": [
					{"origin": [1.14613, 4.99673, -6], "size": [10.9, 11.3, 10.9], "uv": [329, 252], "inflate": -4}
				]
			},
			{
				"name": "bone191",
				"parent": "bone180",
				"pivot": [7.4, 23.3, -0.9],
				"rotation": [-22.5, 0, 0],
				"cubes": [
					{"origin": [1, 18.8, -5.5], "size": [11, 9.2, 8.5], "uv": [90, 202], "inflate": -4}
				]
			},
			{
				"name": "bone192",
				"parent": "bone180",
				"pivot": [7.4, 23.3, 0.1],
				"rotation": [22.5, 0, 0],
				"cubes": [
					{"origin": [1, 18.8, -3.8], "size": [11, 9.2, 8.5], "uv": [126, 89], "inflate": -4}
				]
			},
			{
				"name": "bone122",
				"parent": "chestPlate",
				"pivot": [0, 22, 0],
				"rotation": [0, 180, 0]
			},
			{
				"name": "bone123",
				"parent": "bone122",
				"pivot": [0, 24.7, 0],
				"rotation": [0, 0, 27.5],
				"cubes": [
					{"origin": [2.6, 23.7, -2.6], "size": [2.4, 4.2, 5.2], "uv": [238, 165], "inflate": -1}
				]
			},
			{
				"name": "bone124",
				"parent": "bone122",
				"pivot": [0, 22, 0],
				"rotation": [0, 0, -20],
				"cubes": [
					{"origin": [3.97759, 20.16927, -2.9], "size": [2.2, 4.2, 5.8], "uv": [216, 210], "inflate": -1}
				]
			},
			{
				"name": "bone125",
				"parent": "bone122",
				"pivot": [0, 22, 0],
				"rotation": [0, 0, -17.5],
				"cubes": [
					{"origin": [2.35749, 5.02945, -2.6], "size": [2.4, 18, 5.2], "uv": [88, 150], "inflate": -1}
				]
			},
			{
				"name": "bone126",
				"parent": "bone125",
				"pivot": [0, 22, 0],
				"rotation": [6.5, 0, 0],
				"cubes": [
					{"origin": [2.35749, 4.94814, -1.20695], "size": [2.4, 17.9, 3.8], "uv": [10, 130], "inflate": -1}
				]
			},
			{
				"name": "bone127",
				"parent": "bone125",
				"pivot": [0, 22, 0],
				"rotation": [-6.5, 0, 0],
				"cubes": [
					{"origin": [2.35749, 4.94814, -2.59305], "size": [2.4, 17.9, 3.8], "uv": [0, 130], "inflate": -1}
				]
			},
			{
				"name": "bone167",
				"parent": "bone122",
				"pivot": [-1.6, 23.3, 1.9],
				"rotation": [2.92014, 17.22464, 13.02863],
				"cubes": [
					{"origin": [-1.7, 19.1, -5.4], "size": [14.6, 10.2, 11.7], "uv": [304, 170], "inflate": -5},
					{"origin": [3.88, 18.9, -4.4], "size": [8.1, 9.2, 9.6], "uv": [226, 351], "inflate": -4},
					{"origin": [5.3, 21.8, -0.5], "size": [2.2, 1.1, 1.8], "uv": [24, 71]}
				]
			},
			{
				"name": "bone170",
				"parent": "bone167",
				"pivot": [6.6, 21.8, 0.5],
				"rotation": [0, 0, -34],
				"cubes": [
					{"origin": [5.64613, 18.79673, -0.5], "size": [1.8, 3.7, 1.8], "uv": [126, 32]}
				]
			},
			{
				"name": "bone174",
				"parent": "bone170",
				"pivot": [7.4, 21, -0.1],
				"rotation": [0, 0, 90],
				"cubes": [
					{"origin": [7.4, 20.4, -0.8], "size": [1.5, 1, 1.5], "uv": [134, 0]}
				]
			},
			{
				"name": "bone175",
				"parent": "bone174",
				"pivot": [8.1, 21.4, 0],
				"rotation": [30, 0, 0],
				"cubes": [
					{"origin": [3.5, 17.4, -4], "size": [9.3, 9, 9], "uv": [0, 342], "inflate": -4}
				]
			},
			{
				"name": "bone176",
				"parent": "bone175",
				"pivot": [8.1, 21.4, 0],
				"rotation": [-15, 0, 0],
				"cubes": [
					{"origin": [-0.9, 14, -8.7], "size": [18, 17.1, 18.1], "uv": [0, 286], "inflate": -8}
				]
			},
			{
				"name": "bone171",
				"parent": "bone170",
				"pivot": [6.5, 19, 0.5],
				"rotation": [-9.97178, -0.65182, -9.95744],
				"cubes": [
					{"origin": [5.54613, 15.19673, -0.6], "size": [2, 3.9, 2], "uv": [9, 286]}
				]
			},
			{
				"name": "bone177",
				"parent": "bone171",
				"pivot": [7.4, 17.8, -0.1],
				"rotation": [0, 0, 90],
				"cubes": [
					{"origin": [7.4, 17.2, -0.8], "size": [1.5, 1, 1.5], "uv": [130, 93]}
				]
			},
			{
				"name": "bone178",
				"parent": "bone177",
				"pivot": [8.1, 18.2, 0],
				"rotation": [30, 0, 0],
				"cubes": [
					{"origin": [3.5, 14.2, -4], "size": [9.3, 9, 9], "uv": [0, 342], "inflate": -4}
				]
			},
			{
				"name": "bone179",
				"parent": "bone178",
				"pivot": [8.1, 18.2, 0],
				"rotation": [-15, 0, 0],
				"cubes": [
					{"origin": [-0.9, 10.8, -8.7], "size": [18, 17.1, 18.1], "uv": [0, 286], "inflate": -8}
				]
			},
			{
				"name": "bone172",
				"parent": "bone171",
				"pivot": [6.6, 15.5, 0.4],
				"rotation": [9.25249, 3.81024, -22.19157],
				"cubes": [
					{"origin": [5.54613, 11.59673, -0.7], "size": [2.3, 4.2, 2.3], "uv": [23, 84]},
					{"origin": [6.14613, 12.39673, -0.8], "size": [1.8, 3, 2], "uv": [0, 84]},
					{"origin": [-4.8539, 1.49673, -11.9], "size": [23.85, 24.8, 24], "uv": [102, 106], "inflate": -11}
				]
			},
			{
				"name": "bone173",
				"parent": "bone172",
				"pivot": [6.65, 11.9, 0.45],
				"rotation": [15, 0, 17.5],
				"cubes": [
					{"origin": [1.14613, 4.99673, -4.9], "size": [10.9, 11.3, 10.9], "uv": [329, 252], "inflate": -4}
				]
			},
			{
				"name": "bone168",
				"parent": "bone167",
				"pivot": [7.4, 23.3, 0.9],
				"rotation": [22.5, 0, 0],
				"cubes": [
					{"origin": [1, 18.8, -3], "size": [11, 9.2, 8.5], "uv": [50, 223], "inflate": -4}
				]
			},
			{
				"name": "bone169",
				"parent": "bone167",
				"pivot": [7.4, 23.3, -0.1],
				"rotation": [-22.5, 0, 0],
				"cubes": [
					{"origin": [1, 18.8, -4.7], "size": [11, 9.2, 8.5], "uv": [128, 202], "inflate": -4}
				]
			},
			{
				"name": "bone116",
				"parent": "chestPlate",
				"pivot": [0, 22, 0],
				"rotation": [0, -135, 0]
			},
			{
				"name": "bone117",
				"parent": "bone116",
				"pivot": [0, 24.7, 0],
				"rotation": [0, 0, 27.5],
				"cubes": [
					{"origin": [2.6, 23.7, -2.6], "size": [2.4, 4.2, 5.2], "uv": [265, 113], "inflate": -1}
				]
			},
			{
				"name": "bone118",
				"parent": "bone116",
				"pivot": [0, 22, 0],
				"rotation": [0, 0, -20],
				"cubes": [
					{"origin": [3.97759, 20.16927, -2.9], "size": [2.2, 4.2, 5.8], "uv": [252, 165], "inflate": -1}
				]
			},
			{
				"name": "bone119",
				"parent": "bone116",
				"pivot": [0, 22, 0],
				"rotation": [0, 0, -17.5],
				"cubes": [
					{"origin": [2.35749, 5.02945, -2.6], "size": [2.4, 18, 5.2], "uv": [0, 176], "inflate": -1}
				]
			},
			{
				"name": "bone120",
				"parent": "bone119",
				"pivot": [0, 22, 0],
				"rotation": [6.5, 0, 0],
				"cubes": [
					{"origin": [2.35749, 4.94814, -1.20695], "size": [2.4, 17.9, 3.8], "uv": [197, 242], "inflate": -1}
				]
			},
			{
				"name": "bone121",
				"parent": "bone119",
				"pivot": [0, 22, 0],
				"rotation": [-6.5, 0, 0],
				"cubes": [
					{"origin": [2.35749, 4.94814, -2.59305], "size": [2.4, 17.9, 3.8], "uv": [236, 0], "inflate": -1}
				]
			},
			{
				"name": "bone106",
				"parent": "chestPlate",
				"pivot": [0, 22, 0],
				"rotation": [0, -90, 0]
			},
			{
				"name": "bone113",
				"parent": "bone106",
				"pivot": [0, 22, 0],
				"rotation": [0, 0, -17.5],
				"cubes": [
					{"origin": [2.35749, 5.02945, -2.6], "size": [2.4, 18, 5.2], "uv": [69, 176], "inflate": -1}
				]
			},
			{
				"name": "bone114",
				"parent": "bone113",
				"pivot": [0, 22, 0],
				"rotation": [6.5, 0, 0],
				"cubes": [
					{"origin": [2.35749, 4.94814, -1.20695], "size": [2.4, 17.9, 3.8], "uv": [0, 244], "inflate": -1}
				]
			},
			{
				"name": "bone115",
				"parent": "bone113",
				"pivot": [0, 22, 0],
				"rotation": [-6.5, 0, 0],
				"cubes": [
					{"origin": [2.35749, 4.94814, -2.59305], "size": [2.4, 17.9, 3.8], "uv": [207, 242], "inflate": -1}
				]
			},
			{
				"name": "bone98",
				"parent": "chestPlate",
				"pivot": [0, 22, 0],
				"rotation": [0, -45, 0]
			},
			{
				"name": "bone99",
				"parent": "bone98",
				"pivot": [0, 24.7, 0],
				"rotation": [0, 0, 27.5],
				"cubes": [
					{"origin": [2.6, 23.7, -2.6], "size": [2.4, 4.2, 5.2], "uv": [140, 282], "inflate": -1}
				]
			},
			{
				"name": "bone100",
				"parent": "bone98",
				"pivot": [0, 22, 0],
				"rotation": [0, 0, -20],
				"cubes": [
					{"origin": [3.97759, 20.16927, -2.9], "size": [2.2, 4.2, 5.8], "uv": [265, 122], "inflate": -1}
				]
			},
			{
				"name": "bone101",
				"parent": "bone98",
				"pivot": [0, 22, 0],
				"rotation": [0, 0, -17.5],
				"cubes": [
					{"origin": [2.35749, 5.02945, -2.6], "size": [2.4, 18, 5.2], "uv": [134, 219], "inflate": -1}
				]
			},
			{
				"name": "bone104",
				"parent": "bone101",
				"pivot": [0, 22, 0],
				"rotation": [6.5, 0, 0],
				"cubes": [
					{"origin": [2.35749, 4.94814, -1.20695], "size": [2.4, 17.9, 3.8], "uv": [246, 0], "inflate": -1}
				]
			},
			{
				"name": "bone105",
				"parent": "bone101",
				"pivot": [0, 22, 0],
				"rotation": [-6.5, 0, 0],
				"cubes": [
					{"origin": [2.35749, 4.94814, -2.59305], "size": [2.4, 17.9, 3.8], "uv": [10, 244], "inflate": -1}
				]
			},
			{
				"name": "bone109",
				"parent": "chestPlate",
				"pivot": [4, 22, -2],
				"rotation": [-17.85235, -34.48825, -2.59094],
				"cubes": [
					{"origin": [2.60087, 14.55428, -3.00606], "size": [4.7, 6.9, 2.4], "uv": [226, 48], "inflate": -1},
					{"origin": [3.50087, 15.15428, -2.0861], "size": [1.8, 3.6, 2.58], "uv": [14, 180]},
					{"origin": [-11.59913, 0.25428, -17.1561], "size": [31.8, 33.4, 32.75], "uv": [0, 0], "inflate": -15, "mirror": true},
					{"origin": [2.60087, 4.15428, -3.00606], "size": [2.45, 12.4, 2.4], "uv": [54, 286], "inflate": -1},
					{"origin": [-1.39913, -1.54572, -7.00606], "size": [10.45, 11.7, 10.4], "uv": [324, 191], "inflate": -5},
					{"origin": [2.60087, 3.55428, -5.90606], "size": [2.05, 2.05, 5], "uv": [39, 223], "inflate": -1},
					{"origin": [2.60087, 18.25428, -4.00606], "size": [3.8, 6, 3.4], "uv": [140, 291], "inflate": -1},
					{"origin": [4.40087, 19.45428, -4.00606], "size": [2.9, 4.8, 3.4], "uv": [128, 304], "inflate": -1}
				]
			},
			{
				"name": "1130r",
				"parent": "bone109",
				"pivot": [4.8, 21.4, -3.2]
			},
			{
				"name": "bone219",
				"parent": "1130r",
				"pivot": [4.8, 21.4, -3.2],
				"cubes": [
					{"origin": [2.8, 20.4, -4.1], "size": [4, 2, 2.1], "uv": [311, 306], "inflate": -1},
					{"origin": [3, 20.15, -4.1], "size": [2, 2.5, 2.1], "uv": [345, 86], "inflate": -1},
					{"origin": [4.6, 20.15, -4.1], "size": [2, 2.5, 2.1], "uv": [74, 344], "inflate": -1}
				]
			},
			{
				"name": "bone224",
				"parent": "1130r",
				"pivot": [4.8, 21.4, -3.2],
				"rotation": [0, 0, 150],
				"cubes": [
					{"origin": [2.8, 20.4, -4.1], "size": [4, 2, 2.1], "uv": [98, 264], "inflate": -1},
					{"origin": [3, 20.15, -4.1], "size": [2, 2.5, 2.1], "uv": [118, 339], "inflate": -1},
					{"origin": [4.6, 20.15, -4.1], "size": [2, 2.5, 2.1], "uv": [326, 191], "inflate": -1}
				]
			},
			{
				"name": "bone223",
				"parent": "1130r",
				"pivot": [4.8, 21.4, -3.2],
				"rotation": [0, 0, 120],
				"cubes": [
					{"origin": [2.8, 20.4, -4.1], "size": [4, 2, 2.1], "uv": [110, 264], "inflate": -1},
					{"origin": [3, 20.15, -4.1], "size": [2, 2.5, 2.1], "uv": [0, 342], "inflate": -1},
					{"origin": [4.6, 20.15, -4.1], "size": [2, 2.5, 2.1], "uv": [341, 212], "inflate": -1}
				]
			},
			{
				"name": "bone222",
				"parent": "1130r",
				"pivot": [4.8, 21.4, -3.2],
				"rotation": [0, 0, 90],
				"cubes": [
					{"origin": [2.8, 20.4, -4.1], "size": [4, 2, 2.1], "uv": [54, 300], "inflate": -1},
					{"origin": [3, 20.15, -4.1], "size": [2, 2.5, 2.1], "uv": [342, 165], "inflate": -1},
					{"origin": [4.6, 20.15, -4.1], "size": [2, 2.5, 2.1], "uv": [342, 161], "inflate": -1}
				]
			},
			{
				"name": "bone221",
				"parent": "1130r",
				"pivot": [4.8, 21.4, -3.2],
				"rotation": [0, 0, 60],
				"cubes": [
					{"origin": [2.8, 20.4, -4.1], "size": [4, 2, 2.1], "uv": [299, 310], "inflate": -1},
					{"origin": [3, 20.15, -4.1], "size": [2, 2.5, 2.1], "uv": [118, 343], "inflate": -1},
					{"origin": [4.6, 20.15, -4.1], "size": [2, 2.5, 2.1], "uv": [342, 216], "inflate": -1}
				]
			},
			{
				"name": "bone220",
				"parent": "1130r",
				"pivot": [4.8, 21.4, -3.2],
				"rotation": [0, 0, 30],
				"cubes": [
					{"origin": [2.8, 20.4, -4.1], "size": [4, 2, 2.1], "uv": [72, 311], "inflate": -1},
					{"origin": [3, 20.15, -4.1], "size": [2, 2.5, 2.1], "uv": [35, 344], "inflate": -1},
					{"origin": [4.6, 20.15, -4.1], "size": [2, 2.5, 2.1], "uv": [328, 343], "inflate": -1}
				]
			},
			{
				"name": "1130",
				"parent": "1130r",
				"pivot": [4.8, 21.4, -3.2],
				"cubes": [
					{"origin": [3.1, 20, -5.3], "size": [2.45, 2.8, 3.2], "uv": [304, 176], "inflate": -1},
					{"origin": [4.05, 20, -5.3], "size": [2.45, 2.8, 3.2], "uv": [247, 165], "inflate": -1}
				]
			},
			{
				"name": "bone226",
				"parent": "1130",
				"pivot": [4.8, 21.4, -3.2],
				"rotation": [24, 0, 0],
				"cubes": [
					{"origin": [3.1, 20.71283, -5.04221], "size": [2.45, 2.5, 3.1], "uv": [48, 223], "inflate": -1},
					{"origin": [4.05, 20.71283, -5.04221], "size": [2.45, 2.5, 3.1], "uv": [186, 60], "inflate": -1}
				]
			},
			{
				"name": "bone225",
				"parent": "1130",
				"pivot": [4.8, 21.4, -3.2],
				"rotation": [-24, 0, 0],
				"cubes": [
					{"origin": [-0.9, 15.58717, -9.04221], "size": [10.45, 10.5, 11.1], "uv": [303, 322], "inflate": -5},
					{"origin": [0.05, 15.58717, -9.04221], "size": [10.45, 10.5, 11.1], "uv": [0, 321], "inflate": -5}
				]
			},
			{
				"name": "ohyessir",
				"parent": "1130",
				"pivot": [4.8, 21.4, -3.7],
				"cubes": [
					{"origin": [2.95, 20.1, -5], "size": [3.6, 2.6, 2.6], "uv": [148, 0], "inflate": -1},
					{"origin": [3.45, 20.8, -6.4], "size": [2.7, 2.7, 3.8], "uv": [78, 176], "inflate": -1},
					{"origin": [3.85, 20.2, -5.7], "size": [2.5, 2.2, 2.3], "uv": [108, 89], "inflate": -1},
					{"origin": [3.95, 20.2, -5.8], "size": [2.3, 2.2, 2.5], "uv": [94, 85], "inflate": -1},
					{"origin": [2.9, 20.2, -5.5], "size": [2.25, 2.3, 2.5], "uv": [284, 269], "inflate": -1},
					{"origin": [3, 20.2, -5.65], "size": [2.05, 2.2, 2.15], "uv": [257, 269], "inflate": -1}
				]
			},
			{
				"name": "bone227",
				"parent": "ohyessir",
				"pivot": [4.7, 21.4, -3.2],
				"rotation": [45, 0, 0],
				"cubes": [
					{"origin": [2.9, 21.2, -5.3], "size": [2.25, 2.2, 2.2], "uv": [126, 89], "inflate": -1}
				]
			},
			{
				"name": "yRotationHighA",
				"parent": "ohyessir",
				"pivot": [4.8, 19.7, -3.7],
				"cubes": [
					{"origin": [-0.3, 14.8, -8.8], "size": [10.2, 11.2, 10.2], "uv": [166, 325], "inflate": -5},
					{"origin": [-0.4, 15.3, -8.9], "size": [10.4, 10.8, 10.4], "uv": [172, 110], "inflate": -5}
				]
			},
			{
				"name": "76mm",
				"parent": "bone109",
				"pivot": [3.6, 12.2, -2.2],
				"cubes": [
					{"origin": [1.8, 11.3, -4.7], "size": [3.6, 2.7, 3.5], "uv": [274, 122], "inflate": -1},
					{"origin": [1.8, 11, -4.7], "size": [2.65, 2.3, 3.5], "uv": [41, 322], "inflate": -1},
					{"origin": [2.75, 11, -4.7], "size": [2.65, 2.3, 3.5], "uv": [306, 8], "inflate": -1}
				]
			},
			{
				"name": "bone213",
				"parent": "76mm",
				"pivot": [3.6, 12.4, -2.2],
				"rotation": [-50, 0, 0],
				"cubes": [
					{"origin": [-0.2, 7.99382, -5.85776], "size": [6.65, 6.8, 6.7], "uv": [216, 198], "inflate": -3}
				]
			},
			{
				"name": "bone214",
				"parent": "76mm",
				"pivot": [3.6, 12.4, -2.2],
				"rotation": [-10, 0, 0],
				"cubes": [
					{"origin": [-0.2, 8.29565, -6.07152], "size": [6.65, 6.7, 7], "uv": [190, 354], "inflate": -3},
					{"origin": [2.4, 10.29565, -3.37152], "size": [2.35, 2.5, 2.3], "uv": [326, 57], "inflate": -1}
				]
			},
			{
				"name": "bone215",
				"parent": "76mm",
				"pivot": [3.6, 12.2, -2.2],
				"rotation": [-25, 0, 0],
				"cubes": [
					{"origin": [1.8, 11.52505, -4.63809], "size": [3.6, 2.4, 3.1], "uv": [274, 113], "inflate": -1}
				]
			},
			{
				"name": "bone216",
				"parent": "76mm",
				"pivot": [3.6, 12.2, -2.2],
				"rotation": [42, 0, 0],
				"cubes": [
					{"origin": [1.8, 12.39821, -3.77941], "size": [3.6, 2.4, 2.7], "uv": [39, 230], "inflate": -1}
				]
			},
			{
				"name": "bone217",
				"parent": "76mm",
				"pivot": [3.6, 12.4, -2.2],
				"rotation": [-50, 0, 0],
				"cubes": [
					{"origin": [0.75, 7.99382, -5.85776], "size": [6.65, 6.8, 6.7], "uv": [172, 48], "inflate": -3}
				]
			},
			{
				"name": "bone218",
				"parent": "76mm",
				"pivot": [3.6, 12.4, -2.2],
				"rotation": [-10, 0, 0],
				"cubes": [
					{"origin": [0.75, 8.29565, -6.07152], "size": [6.65, 6.7, 7], "uv": [109, 304], "inflate": -3}
				]
			},
			{
				"name": "ohyessir2",
				"parent": "76mm",
				"pivot": [3.6, 12.2, -2.8],
				"cubes": [
					{"origin": [2.45, 9.6, -3.95], "size": [2.3, 3.7, 2.3], "uv": [149, 282], "inflate": -1},
					{"origin": [2.45, 9.1, -3.95], "size": [2.3, 2, 2.3], "uv": [156, 345], "inflate": -1},
					{"origin": [2.5, 8.1, -3.9], "size": [2.2, 3.5, 2.2], "uv": [257, 264], "inflate": -1},
					{"origin": [2.55, 9.4, -4.1], "size": [2.1, 3.9, 2.1], "uv": [65, 176], "inflate": -1},
					{"origin": [2.55, 9.35, -4], "size": [2.1, 2.1, 2.1], "uv": [0, 346], "inflate": -1}
				]
			},
			{
				"name": "bone142",
				"parent": "bone109",
				"pivot": [6, 22, -2],
				"rotation": [0, -62.5, 0],
				"cubes": [
					{"origin": [5.13355, 14.45428, -3.26968], "size": [2.6, 9.6, 2], "uv": [298, 35], "inflate": -1}
				]
			},
			{
				"name": "bone143",
				"parent": "bone142",
				"pivot": [6.1, 18, -2.4],
				"rotation": [0, -62.5, 0],
				"cubes": [
					{"origin": [5.50814, 14.35428, -3.90179], "size": [3.8, 9.7, 2], "uv": [183, 154], "inflate": -1}
				]
			},
			{
				"name": "bone207",
				"parent": "bone109",
				"pivot": [3.6, 12.2, -2],
				"cubes": [
					{"origin": [1.4, 10.87, -3.1], "size": [4.4, 2.66, 2.1], "uv": [329, 277], "inflate": -1},
					{"origin": [1.9, 11, -3], "size": [3.4, 2.4, 2.8], "uv": [147, 339], "inflate": -1},
					{"origin": [1, 10.77, -2.2], "size": [5.2, 2.86, 2.1], "uv": [84, 264], "inflate": -1},
					{"origin": [1.2, 11.23, -2.3], "size": [4.8, 2, 2.1], "uv": [329, 273], "inflate": -1},
					{"origin": [1.6, 11.23, -3.2], "size": [4, 2, 2.1], "uv": [325, 256], "inflate": -1},
					{"origin": [3.7, 10.83, -2.3], "size": [2, 2.7, 2.1], "uv": [348, 113], "inflate": -1},
					{"origin": [1.5, 10.83, -2.3], "size": [2, 2.7, 2.1], "uv": [72, 348], "inflate": -1},
					{"origin": [1, 10.77, -0.7], "size": [5.2, 2.86, 2.1], "uv": [244, 85], "inflate": -1},
					{"origin": [-0.8, 8.97, -4.1], "size": [8.8, 6.46, 7.4], "uv": [0, 19], "inflate": -3}
				]
			},
			{
				"name": "bone212",
				"parent": "bone109",
				"pivot": [3.6, 12.2, -2],
				"rotation": [0, 0, 150],
				"cubes": [
					{"origin": [1.4, 10.87, -3.1], "size": [4.4, 2.66, 2.1], "uv": [175, 317], "inflate": -1},
					{"origin": [1.9, 11, -3], "size": [3.4, 2.4, 2.8], "uv": [316, 35], "inflate": -1},
					{"origin": [1, 10.77, -2.2], "size": [5.2, 2.86, 2.1], "uv": [9, 176], "inflate": -1},
					{"origin": [1.2, 11.23, -2.3], "size": [4.8, 2, 2.1], "uv": [315, 259], "inflate": -1},
					{"origin": [1.6, 11.23, -3.2], "size": [4, 2, 2.1], "uv": [236, 313], "inflate": -1},
					{"origin": [3.7, 10.83, -2.3], "size": [2, 2.7, 2.1], "uv": [181, 346], "inflate": -1},
					{"origin": [1.5, 10.83, -2.3], "size": [2, 2.7, 2.1], "uv": [27, 346], "inflate": -1},
					{"origin": [1, 10.77, -0.7], "size": [5.2, 2.86, 2.1], "uv": [144, 6], "inflate": -1},
					{"origin": [-0.8, 8.97, -4.1], "size": [8.8, 6.46, 7.4], "uv": [0, 19], "inflate": -3}
				]
			},
			{
				"name": "bone211",
				"parent": "bone109",
				"pivot": [3.6, 12.2, -2],
				"rotation": [0, 0, 120],
				"cubes": [
					{"origin": [1.4, 10.87, -3.1], "size": [4.4, 2.66, 2.1], "uv": [175, 321], "inflate": -1},
					{"origin": [1.9, 11, -3], "size": [3.4, 2.4, 2.8], "uv": [122, 324], "inflate": -1},
					{"origin": [1, 10.77, -2.2], "size": [5.2, 2.86, 2.1], "uv": [37, 176], "inflate": -1},
					{"origin": [1.2, 11.23, -2.3], "size": [4.8, 2, 2.1], "uv": [31, 321], "inflate": -1},
					{"origin": [1.6, 11.23, -3.2], "size": [4, 2, 2.1], "uv": [185, 319], "inflate": -1},
					{"origin": [3.7, 10.83, -2.3], "size": [2, 2.7, 2.1], "uv": [347, 273], "inflate": -1},
					{"origin": [1.5, 10.83, -2.3], "size": [2, 2.7, 2.1], "uv": [189, 346], "inflate": -1},
					{"origin": [1, 10.77, -0.7], "size": [5.2, 2.86, 2.1], "uv": [23, 176], "inflate": -1},
					{"origin": [-0.8, 8.97, -4.1], "size": [8.8, 6.46, 7.4], "uv": [0, 19], "inflate": -3}
				]
			},
			{
				"name": "bone210",
				"parent": "bone109",
				"pivot": [3.6, 12.2, -2],
				"rotation": [0, 0, 90],
				"cubes": [
					{"origin": [1.4, 10.87, -3.1], "size": [4.4, 2.66, 2.1], "uv": [324, 147], "inflate": -1},
					{"origin": [1.9, 11, -3], "size": [3.4, 2.4, 2.8], "uv": [250, 326], "inflate": -1},
					{"origin": [1, 10.77, -2.2], "size": [5.2, 2.86, 2.1], "uv": [225, 210], "inflate": -1},
					{"origin": [1.2, 11.23, -2.3], "size": [4.8, 2, 2.1], "uv": [324, 143], "inflate": -1},
					{"origin": [1.6, 11.23, -3.2], "size": [4, 2, 2.1], "uv": [323, 252], "inflate": -1},
					{"origin": [3.7, 10.83, -2.3], "size": [2, 2.7, 2.1], "uv": [347, 290], "inflate": -1},
					{"origin": [1.5, 10.83, -2.3], "size": [2, 2.7, 2.1], "uv": [347, 277], "inflate": -1},
					{"origin": [1, 10.77, -0.7], "size": [5.2, 2.86, 2.1], "uv": [51, 176], "inflate": -1},
					{"origin": [-0.8, 8.97, -4.1], "size": [8.8, 6.46, 7.4], "uv": [0, 19], "inflate": -3}
				]
			},
			{
				"name": "bone209",
				"parent": "bone109",
				"pivot": [3.6, 12.2, -2],
				"rotation": [0, 0, 60],
				"cubes": [
					{"origin": [1.4, 10.87, -3.1], "size": [4.4, 2.66, 2.1], "uv": [324, 216], "inflate": -1},
					{"origin": [1.9, 11, -3], "size": [3.4, 2.4, 2.8], "uv": [41, 327], "inflate": -1},
					{"origin": [1, 10.77, -2.2], "size": [5.2, 2.86, 2.1], "uv": [155, 242], "inflate": -1},
					{"origin": [1.2, 11.23, -2.3], "size": [4.8, 2, 2.1], "uv": [324, 212], "inflate": -1},
					{"origin": [1.6, 11.23, -3.2], "size": [4, 2, 2.1], "uv": [155, 324], "inflate": -1},
					{"origin": [3.7, 10.83, -2.3], "size": [2, 2.7, 2.1], "uv": [328, 347], "inflate": -1},
					{"origin": [1.5, 10.83, -2.3], "size": [2, 2.7, 2.1], "uv": [347, 294], "inflate": -1},
					{"origin": [1, 10.77, -0.7], "size": [5.2, 2.86, 2.1], "uv": [50, 240], "inflate": -1},
					{"origin": [-0.8, 8.97, -4.1], "size": [8.8, 6.46, 7.4], "uv": [0, 19], "inflate": -3}
				]
			},
			{
				"name": "bone208",
				"parent": "bone109",
				"pivot": [3.6, 12.2, -2],
				"rotation": [0, 0, 30],
				"cubes": [
					{"origin": [1.4, 10.87, -3.1], "size": [4.4, 2.66, 2.1], "uv": [325, 82], "inflate": -1},
					{"origin": [1.9, 11, -3], "size": [3.4, 2.4, 2.8], "uv": [276, 337], "inflate": -1},
					{"origin": [1, 10.77, -2.2], "size": [5.2, 2.86, 2.1], "uv": [183, 242], "inflate": -1},
					{"origin": [1.2, 11.23, -2.3], "size": [4.8, 2, 2.1], "uv": [325, 78], "inflate": -1},
					{"origin": [1.6, 11.23, -3.2], "size": [4, 2, 2.1], "uv": [31, 325], "inflate": -1},
					{"origin": [3.7, 10.83, -2.3], "size": [2, 2.7, 2.1], "uv": [64, 348], "inflate": -1},
					{"origin": [1.5, 10.83, -2.3], "size": [2, 2.7, 2.1], "uv": [36, 348], "inflate": -1},
					{"origin": [1, 10.77, -0.7], "size": [5.2, 2.86, 2.1], "uv": [169, 242], "inflate": -1},
					{"origin": [-0.8, 8.97, -4.1], "size": [8.8, 6.46, 7.4], "uv": [0, 19], "inflate": -3}
				]
			},
			{
				"name": "bone166",
				"parent": "bone109",
				"pivot": [5.7, 19.9, -2.4],
				"rotation": [0, 0, 37],
				"cubes": [
					{"origin": [4.12631, 18.20428, -4.00606], "size": [2.72, 3.5, 3], "uv": [250, 320], "inflate": -1}
				]
			},
			{
				"name": "bone131",
				"parent": "bone109",
				"pivot": [6, 14, -2],
				"rotation": [0, 0, 5],
				"cubes": [
					{"origin": [2.86426, 11.07458, -3.00606], "size": [4.3, 5.5, 2], "uv": [268, 23], "inflate": -1}
				]
			},
			{
				"name": "bone141",
				"parent": "bone131",
				"pivot": [6, 14, -2],
				"rotation": [0, -60, 0],
				"cubes": [
					{"origin": [5.07775, 10.97458, -3.14479], "size": [2.6, 5.6, 2], "uv": [0, 65], "inflate": -1}
				]
			},
			{
				"name": "bone144",
				"parent": "bone141",
				"pivot": [6.5, 14, -2],
				"rotation": [0, -65, 0],
				"cubes": [
					{"origin": [5.4439, 10.87458, -3.22228], "size": [3.4, 5.7, 2], "uv": [72, 304], "inflate": -1}
				]
			},
			{
				"name": "bone132",
				"parent": "bone131",
				"pivot": [6, 12, -2],
				"rotation": [0, 0, 5],
				"cubes": [
					{"origin": [3.16426, 8.57458, -3.00606], "size": [4, 4.5, 2], "uv": [302, 170], "inflate": -1}
				]
			},
			{
				"name": "bone140",
				"parent": "bone132",
				"pivot": [6.25, 11, -2],
				"rotation": [0, -57.5, 0],
				"cubes": [
					{"origin": [5.19882, 8.47458, -2.93095], "size": [2.6, 4.6, 2], "uv": [93, 130], "inflate": -1}
				]
			},
			{
				"name": "bone145",
				"parent": "bone140",
				"pivot": [7, 11, -2],
				"rotation": [0, -67.5, 0],
				"cubes": [
					{"origin": [5.98681, 8.47458, -2.78771], "size": [4.7, 4.6, 2], "uv": [259, 300], "inflate": -1}
				]
			},
			{
				"name": "bone133",
				"parent": "bone132",
				"pivot": [6, 12, -2],
				"rotation": [0, 0, 5],
				"cubes": [
					{"origin": [3.87503, 6.59813, -3.00506], "size": [3.5, 4, 2], "uv": [166, 326], "inflate": -1}
				]
			},
			{
				"name": "bone139",
				"parent": "bone133",
				"pivot": [6.5, 9, -2],
				"rotation": [0, -55, 0],
				"cubes": [
					{"origin": [5.42417, 6.49813, -2.90053], "size": [2.6, 4.1, 2], "uv": [90, 202], "inflate": -1}
				]
			},
			{
				"name": "bone146",
				"parent": "bone139",
				"pivot": [7, 9, -1.9],
				"rotation": [0, -70.5, 0],
				"cubes": [
					{"origin": [6.00797, 6.49813, -2.92283], "size": [4.7, 4.1, 2], "uv": [299, 299], "inflate": -1}
				]
			},
			{
				"name": "bone134",
				"parent": "bone133",
				"pivot": [6, 12, -2],
				"rotation": [0, 0, 5],
				"cubes": [
					{"origin": [4.75725, 5.14757, -3.00606], "size": [3, 3.5, 2], "uv": [236, 335], "inflate": -1}
				]
			},
			{
				"name": "bone138",
				"parent": "bone134",
				"pivot": [7, 7, -2],
				"rotation": [0, -52.5, 0],
				"cubes": [
					{"origin": [5.84741, 5.04757, -2.8111], "size": [2.6, 3.6, 2], "uv": [308, 13], "inflate": -1}
				]
			},
			{
				"name": "bone147",
				"parent": "bone138",
				"pivot": [7.5, 6, -1.8],
				"rotation": [0, -74, 0],
				"cubes": [
					{"origin": [3.47483, 2.04757, -5.75251], "size": [10.7, 9.6, 8], "uv": [36, 344], "inflate": -4}
				]
			},
			{
				"name": "bone229",
				"parent": "bone147",
				"pivot": [7, 6, -2],
				"rotation": [0, 0, 26.5],
				"cubes": [
					{"origin": [4.68702, 3.18809, -5.74573], "size": [8.5, 9.6, 8], "uv": [354, 178], "inflate": -4}
				]
			},
			{
				"name": "bone135",
				"parent": "bone134",
				"pivot": [6, 12, -2],
				"rotation": [0, 0, 5],
				"cubes": [
					{"origin": [5.76444, 4.13583, -3.00606], "size": [2.5, 3.1, 2], "uv": [326, 100], "inflate": -1}
				]
			},
			{
				"name": "bone137",
				"parent": "bone135",
				"pivot": [7, 6, -2],
				"rotation": [0, -52.5, 0],
				"cubes": [
					{"origin": [2.15617, -1.76417, -7.21349], "size": [10.6, 13, 10], "uv": [256, 0], "inflate": -5}
				]
			},
			{
				"name": "bone136",
				"parent": "bone137",
				"pivot": [7.8, 6, -2.2],
				"rotation": [0, -74, 0],
				"cubes": [
					{"origin": [3.77496, -0.76417, -6.16159], "size": [10, 11, 8], "uv": [337, 335], "inflate": -4}
				]
			},
			{
				"name": "bone228",
				"parent": "bone136",
				"pivot": [7, 6, -2],
				"rotation": [0, 0, 35],
				"cubes": [
					{"origin": [4.72027, 0.18022, -6.16159], "size": [8.5, 11.5, 8], "uv": [0, 65], "inflate": -4}
				]
			},
			{
				"name": "bone148",
				"parent": "chestPlate",
				"pivot": [-4, 22, -2],
				"rotation": [-17.85235, 34.48825, 2.59094],
				"cubes": [
					{"origin": [-7.30087, 14.55428, -3.00606], "size": [4.7, 9.6, 2.4], "uv": [94, 0], "inflate": -1},
					{"origin": [-5.30087, 15.15428, -2.0861], "size": [1.8, 3.6, 2.58], "uv": [172, 48]},
					{"origin": [-20.20087, 0.25428, -17.1561], "size": [31.8, 33.4, 32.75], "uv": [0, 0], "inflate": -15},
					{"origin": [-5.05087, 4.15428, -3.00606], "size": [2.45, 12.4, 2.4], "uv": [94, 65], "inflate": -1},
					{"origin": [-9.05087, -1.54572, -7.00606], "size": [10.45, 11.7, 10.4], "uv": [325, 57], "inflate": -5}
				]
			},
			{
				"name": "bone149",
				"parent": "bone148",
				"pivot": [-6, 22, -2],
				"rotation": [0, 62.5, 0],
				"cubes": [
					{"origin": [-7.73355, 14.45428, -3.26968], "size": [2.6, 9.6, 2], "uv": [164, 19], "inflate": -1}
				]
			},
			{
				"name": "bone150",
				"parent": "bone149",
				"pivot": [-6.1, 18, -2.4],
				"rotation": [0, 62.5, 0],
				"cubes": [
					{"origin": [-9.30814, 14.35428, -3.90179], "size": [3.8, 9.7, 2], "uv": [152, 154], "inflate": -1}
				]
			},
			{
				"name": "bone151",
				"parent": "bone148",
				"pivot": [-6, 14, -2],
				"rotation": [0, 0, -5],
				"cubes": [
					{"origin": [-7.16426, 11.07458, -3.00606], "size": [4.3, 5.5, 2], "uv": [256, 23], "inflate": -1}
				]
			},
			{
				"name": "bone152",
				"parent": "bone151",
				"pivot": [-6, 14, -2],
				"rotation": [0, 60, 0],
				"cubes": [
					{"origin": [-7.67775, 10.97458, -3.14479], "size": [2.6, 5.6, 2], "uv": [23, 19], "inflate": -1}
				]
			},
			{
				"name": "bone153",
				"parent": "bone152",
				"pivot": [-6.5, 14, -2],
				"rotation": [0, 65, 0],
				"cubes": [
					{"origin": [-8.8439, 10.87458, -3.22228], "size": [3.4, 5.7, 2], "uv": [303, 252], "inflate": -1}
				]
			},
			{
				"name": "bone154",
				"parent": "bone151",
				"pivot": [-6, 12, -2],
				"rotation": [0, 0, -5],
				"cubes": [
					{"origin": [-7.16426, 8.57458, -3.00606], "size": [4, 4.5, 2], "uv": [296, 11], "inflate": -1}
				]
			},
			{
				"name": "bone155",
				"parent": "bone154",
				"pivot": [-6.25, 11, -2],
				"rotation": [0, 57.5, 0],
				"cubes": [
					{"origin": [-7.79882, 8.47458, -2.93095], "size": [2.6, 4.6, 2], "uv": [68, 130], "inflate": -1}
				]
			},
			{
				"name": "bone156",
				"parent": "bone155",
				"pivot": [-7, 11, -2],
				"rotation": [0, 67.5, 0],
				"cubes": [
					{"origin": [-10.68681, 8.47458, -2.78771], "size": [4.7, 4.6, 2], "uv": [288, 100], "inflate": -1}
				]
			},
			{
				"name": "bone157",
				"parent": "bone154",
				"pivot": [-6, 12, -2],
				"rotation": [0, 0, -5],
				"cubes": [
					{"origin": [-7.37503, 6.59813, -3.00506], "size": [3.5, 4, 2], "uv": [0, 321], "inflate": -1}
				]
			},
			{
				"name": "bone158",
				"parent": "bone157",
				"pivot": [-6.5, 9, -2],
				"rotation": [0, 55, 0],
				"cubes": [
					{"origin": [-8.02417, 6.49813, -2.90053], "size": [2.6, 4.1, 2], "uv": [94, 79], "inflate": -1}
				]
			},
			{
				"name": "bone159",
				"parent": "bone158",
				"pivot": [-7, 9, -1.9],
				"rotation": [0, 70.5, 0],
				"cubes": [
					{"origin": [-10.70797, 6.49813, -2.92283], "size": [4.7, 4.1, 2], "uv": [280, 23], "inflate": -1}
				]
			},
			{
				"name": "bone160",
				"parent": "bone157",
				"pivot": [-6, 12, -2],
				"rotation": [0, 0, -5],
				"cubes": [
					{"origin": [-7.75725, 5.14757, -3.00606], "size": [3, 3.5, 2], "uv": [226, 335], "inflate": -1}
				]
			},
			{
				"name": "bone161",
				"parent": "bone160",
				"pivot": [-7, 7, -2],
				"rotation": [0, 52.5, 0],
				"cubes": [
					{"origin": [-8.44741, 5.04757, -2.8111], "size": [2.6, 3.6, 2], "uv": [308, 0], "inflate": -1}
				]
			},
			{
				"name": "bone162",
				"parent": "bone161",
				"pivot": [-7.5, 6, -1.8],
				"rotation": [0, 74, 0],
				"cubes": [
					{"origin": [-14.17483, 2.04757, -5.75251], "size": [10.7, 9.6, 8], "uv": [343, 161], "inflate": -4}
				]
			},
			{
				"name": "bone230",
				"parent": "bone162",
				"pivot": [-7, 6, -2],
				"rotation": [0, 0, -26.5],
				"cubes": [
					{"origin": [-13.18702, 3.18809, -5.74573], "size": [8.5, 9.6, 8], "uv": [140, 24], "inflate": -4}
				]
			},
			{
				"name": "bone163",
				"parent": "bone160",
				"pivot": [-6, 12, -2],
				"rotation": [0, 0, -5],
				"cubes": [
					{"origin": [-8.26444, 4.13583, -3.00606], "size": [2.5, 3.1, 2], "uv": [266, 306], "inflate": -1}
				]
			},
			{
				"name": "bone164",
				"parent": "bone163",
				"pivot": [-7, 6, -2],
				"rotation": [0, 52.5, 0],
				"cubes": [
					{"origin": [-12.75617, -1.76417, -7.21349], "size": [10.6, 13, 10], "uv": [42, 321], "inflate": -5}
				]
			},
			{
				"name": "bone165",
				"parent": "bone164",
				"pivot": [-7.8, 6, -2.2],
				"rotation": [0, 74, 0],
				"cubes": [
					{"origin": [-13.77496, -0.76417, -6.16159], "size": [10, 11, 8], "uv": [244, 66], "inflate": -4}
				]
			},
			{
				"name": "bone231",
				"parent": "bone165",
				"pivot": [-7, 6, -2],
				"rotation": [0, 0, -35],
				"cubes": [
					{"origin": [-13.22027, 0.18022, -6.16159], "size": [8.5, 11.5, 8], "uv": [0, 0], "inflate": -4}
				]
			},
			{
				"name": "bone108",
				"parent": "chestPlate",
				"pivot": [0, 22, 5],
				"rotation": [-40, 0, 0],
				"cubes": [
					{"origin": [-6.4, 14, -2.4], "size": [12.8, 16, 15], "uv": [260, 299], "inflate": -5},
					{"origin": [-6.4, 11.7, 2.6], "size": [12.8, 14, 13.9], "uv": [72, 304], "inflate": -5},
					{"origin": [-2.3, 24, 1.6], "size": [4.6, 2.4, 3.2], "uv": [172, 60], "inflate": -1},
					{"origin": [-2.3, 24, 5.1], "size": [4.6, 2.4, 3.2], "uv": [148, 19], "inflate": -1}
				]
			},
			{
				"name": "bone193",
				"parent": "bone108",
				"pivot": [0, 22, 10],
				"cubes": [
					{"origin": [-2, 19.7, 8], "size": [4, 2.6, 4], "uv": [120, 202], "inflate": -1}
				]
			},
			{
				"name": "bone194",
				"parent": "bone193",
				"pivot": [0, 22, 10],
				"cubes": [
					{"origin": [-0.2, 19.95, 8.5], "size": [2.3, 3.9, 3], "uv": [230, 214], "inflate": -1},
					{"origin": [-0.2, 21.85, 8.8], "size": [2.3, 2.3, 2.4], "uv": [189, 350], "inflate": -1}
				]
			},
			{
				"name": "bone195",
				"parent": "bone194",
				"pivot": [0, 22, 10],
				"rotation": [-45, 0, 0],
				"cubes": [
					{"origin": [-0.2, 21.75459, 8.35251], "size": [2.3, 2.2, 2.4], "uv": [181, 350], "inflate": -1},
					{"origin": [-0.2, 21.24749, 8.04541], "size": [2.3, 2.4, 2.2], "uv": [156, 349], "inflate": -1}
				]
			},
			{
				"name": "bone196",
				"parent": "bone193",
				"pivot": [0, 22, 10],
				"cubes": [
					{"origin": [-2.1, 19.95, 8.5], "size": [2.3, 3.9, 3], "uv": [11, 196], "inflate": -1},
					{"origin": [-2.1, 21.85, 8.8], "size": [2.3, 2.3, 2.4], "uv": [349, 39], "inflate": -1}
				]
			},
			{
				"name": "bone197",
				"parent": "bone196",
				"pivot": [0, 22, 10],
				"rotation": [-45, 0, 0],
				"cubes": [
					{"origin": [-2.1, 21.75459, 8.35251], "size": [2.3, 2.2, 2.4], "uv": [349, 35], "inflate": -1},
					{"origin": [-2.1, 21.24749, 8.04541], "size": [2.3, 2.4, 2.2], "uv": [348, 117], "inflate": -1}
				]
			},
			{
				"name": "bone198",
				"parent": "bone193",
				"pivot": [0, 22.7, 10],
				"cubes": [
					{"origin": [-5.8, 16.9, 3.6], "size": [11.6, 11.9, 12.8], "uv": [314, 299], "inflate": -5},
					{"origin": [-1.6, 22.8, 7.6], "size": [3.2, 2.1, 4.8], "uv": [190, 48], "inflate": -1}
				]
			},
			{
				"name": "bone129",
				"parent": "bone108",
				"pivot": [0, 22, 5],
				"rotation": [-22.5, 0, 0],
				"cubes": [
					{"origin": [-4, 18.5, 2.2], "size": [3.6, 5.1, 4.8], "uv": [126, 32], "inflate": -1},
					{"origin": [-3.5, 21.6, 4.6], "size": [2.5, 2.7, 2.5], "uv": [351, 80], "inflate": -1}
				]
			},
			{
				"name": "yRotationHighC",
				"parent": "bone129",
				"pivot": [-2.2, 22.5, 4]
			},
			{
				"name": "bone203",
				"parent": "yRotationHighC",
				"pivot": [-2.2, 22.5, 4],
				"cubes": [
					{"origin": [-3.7, 21.6, 2.775], "size": [3, 3.4, 2.45], "uv": [266, 334], "inflate": -1}
				]
			},
			{
				"name": "bone204",
				"parent": "yRotationHighC",
				"pivot": [-2.2, 22.5, 4],
				"rotation": [0, 135, 0],
				"cubes": [
					{"origin": [-3.7, 21.6, 2.775], "size": [3, 3.4, 2.45], "uv": [276, 332], "inflate": -1}
				]
			},
			{
				"name": "bone205",
				"parent": "yRotationHighC",
				"pivot": [-2.2, 22.5, 4],
				"rotation": [0, 90, 0],
				"cubes": [
					{"origin": [-3.7, 21.6, 2.775], "size": [3, 3.4, 2.45], "uv": [82, 331], "inflate": -1}
				]
			},
			{
				"name": "bone206",
				"parent": "yRotationHighC",
				"pivot": [-2.2, 22.5, 4],
				"rotation": [0, 45, 0],
				"cubes": [
					{"origin": [-3.7, 21.6, 2.775], "size": [3, 3.4, 2.45], "uv": [0, 327], "inflate": -1}
				]
			},
			{
				"name": "bone130",
				"parent": "bone129",
				"pivot": [0, 22, 4.5],
				"rotation": [0, 45, 0],
				"cubes": [
					{"origin": [-4.18198, 18.7, 2.43934], "size": [3.2, 4.9, 4.3], "uv": [134, 6], "inflate": -1}
				]
			},
			{
				"name": "bone107",
				"parent": "bone108",
				"pivot": [0, 22, 5],
				"rotation": [-22.5, 0, 0],
				"cubes": [
					{"origin": [0.4, 18.5, 2.2], "size": [3.6, 5.1, 4.8], "uv": [202, 110], "inflate": -1},
					{"origin": [1, 21.6, 4.6], "size": [2.5, 2.7, 2.5], "uv": [351, 84], "inflate": -1}
				]
			},
			{
				"name": "yRotationHighB",
				"parent": "bone107",
				"pivot": [2.2, 22.5, 4]
			},
			{
				"name": "bone199",
				"parent": "yRotationHighB",
				"pivot": [2.2, 22.5, 4],
				"cubes": [
					{"origin": [0.7, 21.6, 2.775], "size": [3, 3.4, 2.45], "uv": [82, 336], "inflate": -1}
				]
			},
			{
				"name": "bone202",
				"parent": "yRotationHighB",
				"pivot": [2.2, 22.5, 4],
				"rotation": [0, -135, 0],
				"cubes": [
					{"origin": [0.7, 21.6, 2.775], "size": [3, 3.4, 2.45], "uv": [334, 322], "inflate": -1}
				]
			},
			{
				"name": "bone201",
				"parent": "yRotationHighB",
				"pivot": [2.2, 22.5, 4],
				"rotation": [0, -90, 0],
				"cubes": [
					{"origin": [0.7, 21.6, 2.775], "size": [3, 3.4, 2.45], "uv": [334, 327], "inflate": -1}
				]
			},
			{
				"name": "bone200",
				"parent": "yRotationHighB",
				"pivot": [2.2, 22.5, 4],
				"rotation": [0, -45, 0],
				"cubes": [
					{"origin": [0.7, 21.6, 2.775], "size": [3, 3.4, 2.45], "uv": [108, 335], "inflate": -1}
				]
			},
			{
				"name": "bone128",
				"parent": "bone107",
				"pivot": [0, 22, 4.5],
				"rotation": [0, -45, 0],
				"cubes": [
					{"origin": [0.98198, 18.7, 2.43934], "size": [3.2, 4.9, 4.3], "uv": [158, 202], "inflate": -1}
				]
			},
			{
				"name": "legLeft",
				"pivot": [1.8, 13.2, 0],
				"cubes": [
					{"origin": [-2.45, -4.1, -3.2], "size": [8.3, 10.6, 9.2], "uv": [156, 346], "inflate": -4},
					{"origin": [-3.35, -4.1, -5.7], "size": [10.1, 8.7, 9.8], "uv": [118, 339], "inflate": -4}
				]
			},
			{
				"name": "bone92",
				"parent": "legLeft",
				"pivot": [1.8, 0.2, 0.4],
				"rotation": [27.5, 0, 0],
				"cubes": [
					{"origin": [-3.35, -3.37552, -5.27802], "size": [10.1, 8.9, 11.1], "uv": [152, 154], "inflate": -4}
				]
			},
			{
				"name": "leggings",
				"parent": "legLeft",
				"pivot": [1.8, 13.2, 0],
				"cubes": [
					{"origin": [0.7, 0.8, -1.1], "size": [2, 6.4, 2.1], "uv": [0, 0]}
				]
			},
			{
				"name": "bone232",
				"parent": "leggings",
				"pivot": [1.8, 9.2, 0],
				"rotation": [-0.51765, 3.98218, -2.50038],
				"cubes": [
					{"origin": [-5.36614, 1.2, -7.13], "size": [13.8, 18.2, 14.2], "uv": [286, 100], "inflate": -6}
				]
			},
			{
				"name": "bone233",
				"parent": "leggings",
				"pivot": [2.5, 9.2, 0],
				"rotation": [0, 0, 2.5],
				"cubes": [
					{"origin": [-3.98002, 1.16595, -7.16175], "size": [12.8, 18.2, 14.2], "uv": [303, 220], "inflate": -6}
				]
			},
			{
				"name": "_leggings",
				"parent": "legLeft",
				"pivot": [1.8, 13.2, 0],
				"cubes": [
					{"origin": [0.7, 0.8, -1.1], "size": [2, 6.4, 2.1], "uv": [494, 3]}
				]
			},
			{
				"name": "bone58",
				"parent": "_leggings",
				"pivot": [1.8, 9.2, 0],
				"rotation": [-0.51765, 3.98218, -2.50038],
				"cubes": [
					{"origin": [-5.36614, 1.2, -7.13], "size": [13.8, 18.2, 14.2], "uv": [378, 29], "inflate": -6}
				]
			},
			{
				"name": "bone57",
				"parent": "_leggings",
				"pivot": [2.5, 9.2, 0],
				"rotation": [0, 0, 2.5],
				"cubes": [
					{"origin": [-3.98002, 1.16595, -7.16175], "size": [12.8, 18.2, 14.2], "uv": [435, 27], "inflate": -6}
				]
			},
			{
				"name": "legRight",
				"pivot": [-1.8, 13.2, 0],
				"cubes": [
					{"origin": [-5.85, -4.1, -3.2], "size": [8.3, 10.6, 9.2], "uv": [303, 345], "inflate": -4},
					{"origin": [-6.75, -4.1, -5.7], "size": [10.1, 8.7, 9.8], "uv": [197, 337], "inflate": -4}
				]
			},
			{
				"name": "bone93",
				"parent": "legRight",
				"pivot": [-1.8, 0.2, 0.4],
				"rotation": [27.5, 0, 0],
				"cubes": [
					{"origin": [-6.75, -3.37552, -5.27802], "size": [10.1, 8.9, 11.1], "uv": [148, 0], "inflate": -4}
				]
			},
			{
				"name": "leggingsLeft",
				"parent": "legRight",
				"pivot": [-1.8, 13.2, 0],
				"cubes": [
					{"origin": [-2.7, 0.8, -1.1], "size": [2, 6.4, 2.1], "uv": [24, 0]}
				]
			},
			{
				"name": "bone65",
				"parent": "leggingsLeft",
				"pivot": [-1.8, 9.2, 0],
				"rotation": [-0.51765, -3.98218, 2.50038],
				"cubes": [
					{"origin": [-8.43386, 1.2, -7.13], "size": [13.8, 18.2, 14.2], "uv": [94, 0], "inflate": -6}
				]
			},
			{
				"name": "bone64",
				"parent": "leggingsLeft",
				"pivot": [-2.5, 9.2, 0],
				"rotation": [0, 0, -2.5],
				"cubes": [
					{"origin": [-8.81998, 1.16595, -7.16175], "size": [12.8, 18.2, 14.2], "uv": [198, 303], "inflate": -6}
				]
			},
			{
				"name": "_leggingsLeft",
				"parent": "legRight",
				"pivot": [-1.8, 13.2, 0],
				"cubes": [
					{"origin": [-2.7, 0.8, -1.1], "size": [2, 6.4, 2.1], "uv": [494, 3]}
				]
			},
			{
				"name": "bone234",
				"parent": "_leggingsLeft",
				"pivot": [-1.8, 9.2, 0],
				"rotation": [-0.51765, -3.98218, 2.50038],
				"cubes": [
					{"origin": [-8.43386, 1.2, -7.13], "size": [13.8, 18.2, 14.2], "uv": [378, 29], "inflate": -6, "mirror": true}
				]
			},
			{
				"name": "bone235",
				"parent": "_leggingsLeft",
				"pivot": [-2.5, 9.2, 0],
				"rotation": [0, 0, -2.5],
				"cubes": [
					{"origin": [-8.81998, 1.16595, -7.16175], "size": [12.8, 18.2, 14.2], "uv": [435, 27], "inflate": -6, "mirror": true}
				]
			},
			{
				"name": "backpackPositioningBone",
				"pivot": [0, 22.5, 0]
			}
		]
	}
}