{
	"format_version": "1.10.0",
	"geometry.model": {
		"texturewidth": 256,
		"textureheight": 256,
		"visible_bounds_width": 3,
		"visible_bounds_height": 4,
		"visible_bounds_offset": [0, 1, 0],
		"bones": [
			{
				"name": "head",
				"pivot": [0, 26.25, 0.5],
				"cubes": [
					{"origin": [-7.5, 22.25, -7], "size": [15, 15, 15], "uv": [0, 0], "inflate": -4},
					{"origin": [-6, 23.25, -6.05], "size": [12, 8, 6], "uv": [122, 241], "inflate": -3}
				]
			},
			{
				"name": "ear",
				"parent": "head",
				"pivot": [0, 30, 0.5],
				"rotation": [-7.5, 0, 0],
				"cubes": [
					{"origin": [-0.5, 23.25, -4], "size": [10, 11, 11], "uv": [64, 168], "inflate": -4},
					{"origin": [-0.75, 23, -4.25], "size": [10.5, 11.5, 11.5], "uv": [126, 158], "inflate": -4},
					{"origin": [-9.75, 23, -4.25], "size": [10.5, 11.5, 11.5], "uv": [33, 150], "inflate": -4},
					{"origin": [-9.5, 23.25, -4], "size": [10, 11, 11], "uv": [0, 161], "inflate": -4},
					{"origin": [-9.5, 25.25, -3], "size": [19, 15, 8], "uv": [132, 80], "inflate": -4}
				]
			},
			{
				"name": "hair",
				"parent": "head",
				"pivot": [0, 32, -2.5],
				"rotation": [-15, 0, 0],
				"cubes": [
					{"origin": [-3, 26.97555, -5.30588], "size": [6, 7.5, 5], "uv": [42, 172], "inflate": -2}
				]
			},
			{
				"name": "hair3",
				"parent": "hair",
				"pivot": [3, 30.77526, -2.20711],
				"rotation": [17.5, -20, -40],
				"cubes": [
					{"origin": [-0.42859, 26.02608, -5.10526], "size": [6, 8.5, 5], "uv": [45, 0], "inflate": -2}
				]
			},
			{
				"name": "hair2",
				"parent": "hair",
				"pivot": [-3, 30.77526, -2.20711],
				"rotation": [17.5, 20, 40],
				"cubes": [
					{"origin": [-5.57141, 26.02608, -5.10526], "size": [6, 8.5, 5], "uv": [67, 0], "inflate": -2}
				]
			},
			{
				"name": "hair4",
				"parent": "head",
				"pivot": [-3, 28, -2.5],
				"rotation": [-12.5, 17.5, 0],
				"cubes": [
					{"origin": [-5.5, 23.54407, -5.05411], "size": [5, 7.5, 5], "uv": [106, 180], "inflate": -2}
				]
			},
			{
				"name": "hair5",
				"parent": "head",
				"pivot": [3, 28, -2.5],
				"rotation": [-12.5, -17.5, 0],
				"cubes": [
					{"origin": [0.5, 23.54407, -5.05411], "size": [5, 7.5, 5], "uv": [106, 168], "inflate": -2}
				]
			},
			{
				"name": "eye",
				"parent": "head",
				"pivot": [-2, 28, -3.5]
			},
			{
				"name": "ball",
				"parent": "eye",
				"pivot": [-2.05747, 27.3, -3],
				"cubes": [
					{"origin": [-4, 25.55, -5.25], "size": [5, 5.3, 4.2], "uv": [95, 246], "inflate": -2.1, "mirror": true},
					{"origin": [-3.4, 26.65, -4.1], "size": [3.4, 3.1, 2], "uv": [46, 237], "inflate": -1, "mirror": true}
				]
			},
			{
				"name": "lashm",
				"parent": "eye",
				"pivot": [-2, 28, -3.5],
				"cubes": [
					{"origin": [-3.4, 27.65, -4.2], "size": [3.4, 2.3, 2], "uv": [78, 250], "inflate": -1, "mirror": true}
				]
			},
			{
				"name": "lashedge",
				"parent": "eye",
				"pivot": [-1, 28.5, -3.5],
				"rotation": [0, 0, 47.5],
				"cubes": [
					{"origin": [-1.28432, 28.5189, -3.2], "size": [0.4, 0.15, 0], "uv": [80, 253], "mirror": true}
				]
			},
			{
				"name": "lash",
				"parent": "eye",
				"pivot": [-2, 30.99334, -3.80534],
				"rotation": [0, 0, -90],
				"cubes": [
					{"origin": [-5.94334, 30.39334, -4.2], "size": [2.6, 2.2, 2], "uv": [111, 235], "inflate": -1}
				]
			},
			{
				"name": "brow",
				"parent": "eye",
				"pivot": [-1, 29, -3.5],
				"rotation": [0, 0, 2.5],
				"cubes": [
					{"origin": [-2.6109, 28.34976, -4.2], "size": [2.6, 2.3, 2], "uv": [115, 247], "inflate": -1, "mirror": true}
				]
			},
			{
				"name": "eye2",
				"parent": "head",
				"pivot": [2, 28, -3.5]
			},
			{
				"name": "ball2",
				"parent": "eye2",
				"pivot": [2, 27.3, -3],
				"cubes": [
					{"origin": [0, 26.65, -4.1], "size": [3.4, 3.1, 2], "uv": [46, 237], "inflate": -1},
					{"origin": [-1, 25.55, -5.25], "size": [5, 5.3, 4.2], "uv": [95, 246], "inflate": -2.1}
				]
			},
			{
				"name": "lashm2",
				"parent": "eye2",
				"pivot": [2, 28, -3.5],
				"cubes": [
					{"origin": [0, 27.65, -4.2], "size": [3.4, 2.3, 2], "uv": [78, 250], "inflate": -1}
				]
			},
			{
				"name": "lashedge2",
				"parent": "eye2",
				"pivot": [1, 28.5, -3.5],
				"rotation": [0, 0, -47.5],
				"cubes": [
					{"origin": [0.88432, 28.5189, -3.2], "size": [0.4, 0.15, 0], "uv": [80, 253]}
				]
			},
			{
				"name": "lash2",
				"parent": "eye2",
				"pivot": [2.25651, 31.06208, -4.24691],
				"rotation": [0, 0, 90],
				"cubes": [
					{"origin": [3.66859, 30.20557, -4.2], "size": [2.6, 2.2, 2], "uv": [115, 235], "inflate": -1}
				]
			},
			{
				"name": "brow2",
				"parent": "eye2",
				"pivot": [1, 29, -3.5],
				"rotation": [0, 0, -2.5],
				"cubes": [
					{"origin": [0.0109, 28.34976, -4.2], "size": [2.6, 2.3, 2], "uv": [115, 247], "inflate": -1}
				]
			},
			{
				"name": "mouth",
				"parent": "head",
				"pivot": [0, 26.7, -3],
				"rotation": [-15, 0, 0],
				"cubes": [
					{"origin": [-1.25, 25.8, -4.05], "size": [2.5, 2.5, 2], "uv": [172, 248], "inflate": -1}
				]
			},
			{
				"name": "armLeft",
				"pivot": [4, 24.5, 0],
				"rotation": [5, 0, -22.5],
				"cubes": [
					{"origin": [2.67179, 19.44024, -0.94652], "size": [2, 6, 2], "uv": [8, 89]}
				]
			},
			{
				"name": "left2",
				"parent": "armLeft",
				"pivot": [3.07612, 18.88123, 0.03335],
				"rotation": [-10, 0, -10],
				"cubes": [
					{"origin": [2.41029, 14.59152, -1.28329], "size": [2.6, 5, 2.6], "uv": [0, 91]},
					{"origin": [-1.78971, 10.39152, -5.48329], "size": [11, 10.5, 11], "uv": [93, 147], "inflate": -4},
					{"origin": [2.81029, 12.59152, -1.08329], "size": [1.6, 2, 2], "uv": [6, 11]}
				]
			},
			{
				"name": "armLeftPositioningBone",
				"parent": "armLeft",
				"pivot": [4.5, 13.5, -1]
			},
			{
				"name": "armRight",
				"pivot": [-4, 24.5, 0],
				"rotation": [5, 0, 22.5],
				"cubes": [
					{"origin": [-4.67179, 19.44024, -0.94652], "size": [2, 6, 2], "uv": [88, 52]}
				]
			},
			{
				"name": "right2",
				"parent": "armRight",
				"pivot": [-3.07612, 18.88123, 0.03335],
				"rotation": [-10, 0, 10],
				"cubes": [
					{"origin": [-5.01029, 14.59152, -1.28329], "size": [2.6, 5, 2.6], "uv": [89, 9]},
					{"origin": [-4.41029, 12.59152, -1.08329], "size": [1.6, 2, 2], "uv": [0, 11]},
					{"origin": [-9.21029, 10.39152, -5.48329], "size": [11, 10.5, 11], "uv": [0, 134], "inflate": -4}
				]
			},
			{
				"name": "armRightPositioningBone",
				"parent": "armRight",
				"pivot": [-4.5, 13.5, -1]
			},
			{
				"name": "body",
				"pivot": [0, 23.5, 0],
				"rotation": [-25, 0, 0]
			},
			{
				"name": "basin",
				"parent": "body",
				"pivot": [0, 17.14463, 2.41845],
				"rotation": [25, 0, 0],
				"cubes": [
					{"origin": [-3.3, 15.96892, 1.43215], "size": [6.6, 3, 4], "uv": [132, 63]}
				]
			},
			{
				"name": "up1",
				"parent": "body",
				"pivot": [0, 18.96846, 3],
				"cubes": [
					{"origin": [-3, 21.33857, -1.6439], "size": [6, 3, 4], "uv": [104, 140]}
				]
			},
			{
				"name": "shoulder",
				"parent": "up1",
				"pivot": [0, 23.43893, 2.23523],
				"rotation": [50, 0, 0],
				"cubes": [
					{"origin": [-3, 23.92658, 0.43565], "size": [6, 3, 2.6], "uv": [44, 40]}
				]
			},
			{
				"name": "waist",
				"parent": "up1",
				"pivot": [0, 20.78108, 1.26785],
				"rotation": [37.5, 0, 0],
				"cubes": [
					{"origin": [-5.8, 14.99407, -3.70589], "size": [11.6, 11, 9.3], "uv": [0, 237], "inflate": -3}
				]
			},
			{
				"name": "neck",
				"parent": "up1",
				"pivot": [0, 23.5, 0],
				"rotation": [15, 0, 0],
				"cubes": [
					{"origin": [-2, 23.7462, -1.84341], "size": [4, 4, 4], "uv": [0, 30], "inflate": -1}
				]
			},
			{
				"name": "cloth",
				"parent": "up1",
				"pivot": [0, 23.5, 0],
				"rotation": [62.5, 0, 0],
				"cubes": [
					{"origin": [-3.5, 20.19834, -1.34781], "size": [7, 5, 3.3], "uv": [104, 80]}
				]
			},
			{
				"name": "cloth2",
				"parent": "up1",
				"pivot": [0, 23.5, 0],
				"rotation": [17.5, 0, 0],
				"cubes": [
					{"origin": [-3.5, 20.24786, -2.15263], "size": [7, 3.5, 3.5], "uv": [132, 36]}
				]
			},
			{
				"name": "Ag",
				"parent": "up1",
				"pivot": [0, 21.5, -2],
				"rotation": [0.60475, -0.37301, -16.75362],
				"cubes": [
					{"origin": [-7.73538, 17.21807, -6.65378], "size": [13.2, 11, 10], "uv": [138, 104], "inflate": -5}
				]
			},
			{
				"name": "Ag2",
				"parent": "up1",
				"pivot": [0, 21.5, -2],
				"rotation": [0.60475, 0.37301, 16.75362],
				"cubes": [
					{"origin": [-5.46462, 17.21807, -6.65378], "size": [13.2, 11, 10], "uv": [138, 42], "inflate": -5}
				]
			},
			{
				"name": "sittingRotationSkirt",
				"parent": "body",
				"pivot": [0, 17.609, 2.74702]
			},
			{
				"name": "sittingRotationSkirtIn",
				"parent": "sittingRotationSkirt",
				"pivot": [0, 18.18146, 2.98728],
				"rotation": [32.5, 0, 0]
			},
			{
				"name": "bone",
				"parent": "sittingRotationSkirtIn",
				"pivot": [0, 18.21568, 2.46517]
			},
			{
				"name": "silver",
				"parent": "bone",
				"pivot": [-0.60141, 20.03596, 3.46136],
				"rotation": [-2.38443, -0.75155, -17.48436],
				"cubes": [
					{"origin": [-7.92511, 16.0275, -2.09935], "size": [9, 6, 10], "uv": [176, 131], "inflate": -3}
				]
			},
			{
				"name": "silver2",
				"parent": "bone",
				"pivot": [-4.94188, 19.70652, 3.29062],
				"rotation": [-2, -1.5, -58.074],
				"cubes": [
					{"origin": [-15.27437, 13.21935, -5.11106], "size": [14, 10, 16], "uv": [132, 10], "inflate": -5}
				]
			},
			{
				"name": "silver3",
				"parent": "bone",
				"pivot": [-7.41501, 15.99028, 3.5612],
				"rotation": [-1.44559, -2.57972, -82.97551],
				"cubes": [
					{"origin": [-17.92515, 9.86173, -5.20786], "size": [14, 10, 16], "uv": [132, 132], "inflate": -5}
				]
			},
			{
				"name": "bone8",
				"parent": "sittingRotationSkirtIn",
				"pivot": [0, 18.21568, 2.46517],
				"rotation": [0, -45, 0]
			},
			{
				"name": "silver22",
				"parent": "bone8",
				"pivot": [-0.60141, 20.03596, 3.46136],
				"rotation": [-2.38443, -0.75155, -17.48436],
				"cubes": [
					{"origin": [-7.90323, 16.02017, -2.1089], "size": [9, 6, 10], "uv": [148, 63], "inflate": -3}
				]
			},
			{
				"name": "silver23",
				"parent": "bone8",
				"pivot": [-4.94188, 19.70652, 3.29062],
				"rotation": [-2, -1.5, -58.074],
				"cubes": [
					{"origin": [-15.26242, 13.19943, -5.12024], "size": [14, 10, 16], "uv": [44, 44], "inflate": -5}
				]
			},
			{
				"name": "silver24",
				"parent": "bone8",
				"pivot": [-7.41501, 15.99028, 3.5612],
				"rotation": [-1.44559, -2.57972, -82.97551],
				"cubes": [
					{"origin": [-17.92276, 9.83859, -5.21695], "size": [14, 10, 16], "uv": [0, 30], "inflate": -5}
				]
			},
			{
				"name": "bone7",
				"parent": "sittingRotationSkirtIn",
				"pivot": [0, 18.21568, 2.46517],
				"rotation": [0, -90, 0]
			},
			{
				"name": "silver19",
				"parent": "bone7",
				"pivot": [-0.60141, 20.03596, 3.46136],
				"rotation": [-2.38443, -0.75155, -17.48436],
				"cubes": [
					{"origin": [-7.89442, 16.01633, -2.13195], "size": [9, 6, 10], "uv": [168, 168], "inflate": -3}
				]
			},
			{
				"name": "silver20",
				"parent": "bone7",
				"pivot": [-4.94188, 19.70652, 3.29062],
				"rotation": [-2, -1.5, -58.074],
				"cubes": [
					{"origin": [-15.25797, 13.19052, -5.14314], "size": [14, 10, 16], "uv": [0, 56], "inflate": -5}
				]
			},
			{
				"name": "silver21",
				"parent": "bone7",
				"pivot": [-7.41501, 15.99028, 3.5612],
				"rotation": [-1.44559, -2.57972, -82.97551],
				"cubes": [
					{"origin": [-17.92263, 9.82852, -5.23981], "size": [14, 10, 16], "uv": [44, 14], "inflate": -5}
				]
			},
			{
				"name": "bone6",
				"parent": "sittingRotationSkirtIn",
				"pivot": [0, 18.21568, 2.46517],
				"rotation": [0, -135, 0]
			},
			{
				"name": "silver16",
				"parent": "bone6",
				"pivot": [-0.60141, 20.03596, 3.46136],
				"rotation": [-2.38443, -0.75155, -17.48436],
				"cubes": [
					{"origin": [-7.90383, 16.01825, -2.155], "size": [9, 6, 10], "uv": [174, 36], "inflate": -3}
				]
			},
			{
				"name": "silver17",
				"parent": "bone6",
				"pivot": [-4.94188, 19.70652, 3.29062],
				"rotation": [-2, -1.5, -58.074],
				"cubes": [
					{"origin": [-15.26363, 13.19782, -5.16635], "size": [14, 10, 16], "uv": [0, 82], "inflate": -5}
				]
			},
			{
				"name": "silver18",
				"parent": "bone6",
				"pivot": [-7.41501, 15.99028, 3.5612],
				"rotation": [-1.44559, -2.57972, -82.97551],
				"cubes": [
					{"origin": [-17.92484, 9.83742, -5.26304], "size": [14, 10, 16], "uv": [44, 70], "inflate": -5}
				]
			},
			{
				"name": "bone5",
				"parent": "sittingRotationSkirtIn",
				"pivot": [0, 18.21568, 2.46517],
				"rotation": [0, -180, 0]
			},
			{
				"name": "silver13",
				"parent": "bone5",
				"pivot": [-0.60141, 20.03596, 3.46136],
				"rotation": [-2.38443, -0.75155, -17.48436],
				"cubes": [
					{"origin": [-7.92597, 16.02479, -2.16455], "size": [9, 6, 10], "uv": [174, 115], "inflate": -3}
				]
			},
			{
				"name": "silver14",
				"parent": "bone5",
				"pivot": [-4.94188, 19.70652, 3.29062],
				"rotation": [-2, -1.5, -58.074],
				"cubes": [
					{"origin": [-15.27608, 13.21707, -5.17626], "size": [14, 10, 16], "uv": [88, 0], "inflate": -5}
				]
			},
			{
				"name": "silver15",
				"parent": "bone5",
				"pivot": [-7.41501, 15.99028, 3.5612],
				"rotation": [-1.44559, -2.57972, -82.97551],
				"cubes": [
					{"origin": [-17.92809, 9.86008, -5.27303], "size": [14, 10, 16], "uv": [88, 88], "inflate": -5}
				]
			},
			{
				"name": "bone4",
				"parent": "sittingRotationSkirtIn",
				"pivot": [0, 18.21568, 2.46517],
				"rotation": [0, 135, 0]
			},
			{
				"name": "silver10",
				"parent": "bone4",
				"pivot": [-0.60141, 20.03596, 3.46136],
				"rotation": [-2.38443, -0.75155, -17.48436],
				"cubes": [
					{"origin": [-7.94785, 16.03212, -2.155], "size": [9, 6, 10], "uv": [176, 0], "inflate": -3}
				]
			},
			{
				"name": "silver11",
				"parent": "bone4",
				"pivot": [-4.94188, 19.70652, 3.29062],
				"rotation": [-2, -1.5, -58.074],
				"cubes": [
					{"origin": [-15.28803, 13.23699, -5.16707], "size": [14, 10, 16], "uv": [88, 54], "inflate": -5}
				]
			},
			{
				"name": "silver12",
				"parent": "bone4",
				"pivot": [-7.41501, 15.99028, 3.5612],
				"rotation": [-1.44559, -2.57972, -82.97551],
				"cubes": [
					{"origin": [-17.93048, 9.88322, -5.26394], "size": [14, 10, 16], "uv": [88, 26], "inflate": -5}
				]
			},
			{
				"name": "bone3",
				"parent": "sittingRotationSkirtIn",
				"pivot": [0, 18.21568, 2.46517],
				"rotation": [0, 90, 0]
			},
			{
				"name": "silver7",
				"parent": "bone3",
				"pivot": [-0.60141, 20.03596, 3.46136],
				"rotation": [-2.38443, -0.75155, -17.48436],
				"cubes": [
					{"origin": [-7.95666, 16.03596, -2.13195], "size": [9, 6, 10], "uv": [168, 168], "inflate": -3}
				]
			},
			{
				"name": "silver8",
				"parent": "bone3",
				"pivot": [-4.94188, 19.70652, 3.29062],
				"rotation": [-2, -1.5, -58.074],
				"cubes": [
					{"origin": [-15.29247, 13.24591, -5.14417], "size": [14, 10, 16], "uv": [0, 56], "inflate": -5}
				]
			},
			{
				"name": "silver9",
				"parent": "bone3",
				"pivot": [-7.41501, 15.99028, 3.5612],
				"rotation": [-1.44559, -2.57972, -82.97551],
				"cubes": [
					{"origin": [-17.93061, 9.89328, -5.24108], "size": [14, 10, 16], "uv": [44, 14], "inflate": -5}
				]
			},
			{
				"name": "bone2",
				"parent": "sittingRotationSkirtIn",
				"pivot": [0, 18.21568, 2.46517],
				"rotation": [0, 45, 0]
			},
			{
				"name": "silver4",
				"parent": "bone2",
				"pivot": [-0.60141, 20.03596, 3.46136],
				"rotation": [-2.38443, -0.75155, -17.48436],
				"cubes": [
					{"origin": [-7.94724, 16.03404, -2.1089], "size": [9, 6, 10], "uv": [176, 93], "inflate": -3}
				]
			},
			{
				"name": "silver5",
				"parent": "bone2",
				"pivot": [-4.94188, 19.70652, 3.29062],
				"rotation": [-2, -1.5, -58.074],
				"cubes": [
					{"origin": [-15.28682, 13.2386, -5.12097], "size": [14, 10, 16], "uv": [44, 124], "inflate": -5}
				]
			},
			{
				"name": "silver6",
				"parent": "bone2",
				"pivot": [-7.41501, 15.99028, 3.5612],
				"rotation": [-1.44559, -2.57972, -82.97551],
				"cubes": [
					{"origin": [-17.9284, 9.88438, -5.21785], "size": [14, 10, 16], "uv": [88, 114], "inflate": -5}
				]
			},
			{
				"name": "bsfk",
				"parent": "sittingRotationSkirtIn",
				"pivot": [0, 15.65945, 2.72622],
				"rotation": [-17.5, 0, 0],
				"cubes": [
					{"origin": [-4, 13.04946, 0.65236], "size": [8, 4, 5], "uv": [132, 0]}
				]
			},
			{
				"name": "lantern",
				"parent": "bsfk",
				"pivot": [0, 14.22896, 3.07352],
				"rotation": [-2.5, 0, 0],
				"cubes": [
					{"origin": [-3.5, 12.9168, 1.04166], "size": [7, 3, 4.5], "uv": [136, 181]}
				]
			},
			{
				"name": "legLeft",
				"pivot": [2, 13, 0.5],
				"rotation": [-5.04292, 7.4713, -0.6574],
				"cubes": [
					{"origin": [0.55733, 5.26428, -0.87596], "size": [3, 8, 3], "uv": [0, 56]}
				]
			},
			{
				"name": "legl",
				"parent": "legLeft",
				"pivot": [1.96587, 5.10381, -0.31359],
				"rotation": [5.43656, 0.29246, -3.0545],
				"cubes": [
					{"origin": [0.6172, -0.53698, -0.74715], "size": [2.8, 6, 3], "uv": [89, 0]},
					{"origin": [-0.4828, -1.73698, -2.84715], "size": [5, 5, 4], "uv": [71, 243], "inflate": -2}
				]
			},
			{
				"name": "legRight",
				"pivot": [-2, 13, 0.5],
				"rotation": [-5.04292, -7.4713, 0.6574],
				"cubes": [
					{"origin": [-3.55733, 5.26428, -0.87596], "size": [3, 8, 3], "uv": [0, 0]}
				]
			},
			{
				"name": "legr",
				"parent": "legRight",
				"pivot": [-1.96587, 5.10381, -0.31359],
				"rotation": [5.43656, -0.29246, 3.0545],
				"cubes": [
					{"origin": [-4.5172, -1.73698, -2.84715], "size": [5, 5, 4], "uv": [71, 243], "inflate": -2, "mirror": true},
					{"origin": [-3.4172, -0.53698, -0.74715], "size": [2.8, 6, 3], "uv": [0, 82]}
				]
			},
			{
				"name": "backpackPositioningBone",
				"pivot": [0, 24.5, 0]
			}
		]
	}
}