{
	"pack_name": "{chair_pack.lanternrite_festival.name}",
	"author": ["hanaya_baka"],
	"description": ["{chair_pack.lanternrite_festival.desc}"],
	"date": "2021-01-28",
	"icon": "lanternrite_festival:textures/chair_icon.png",
	"version": "1.0.0",
	"model_list": [
		{
			"model_id": "lanternrite_festival:deer",
			"render_item_scale": 0.1,
			"mounted_height": 32,
			"animation": ["touhou_little_maid:animation/base/rotation/y_low_speed.js", "lanternrite_festival:animation/scale.js"]
		},
		{
			"model_id": "lanternrite_festival:light3x",
			"render_item_scale": 0.1,
			"mounted_height": 6,
			"tameable_can_ride": false,
			"no_gravity": true,
			"animation": []
		},
		{
			"model_id": "lanternrite_festival:light2x",
			"render_item_scale": 0.1,
			"mounted_height": 6,
			"tameable_can_ride": false,
			"no_gravity": true,
			"animation": []
		},
		{
			"model_id": "lanternrite_festival:light1x",
			"render_item_scale": 0.1,
			"mounted_height": 6,
			"tameable_can_ride": false,
			"no_gravity": true,
			"animation": []
		},
		{
			"model_id": "lanternrite_festival:light1",
			"mounted_height": 6,
			"tameable_can_ride": false,
			"no_gravity": true,
			"animation": []
		},
		{
			"model_id": "lanternrite_festival:light2",
			"mounted_height": 6,
			"tameable_can_ride": false,
			"no_gravity": true,
			"animation": []
		},
		{
			"model_id": "lanternrite_festival:light3",
			"mounted_height": 6,
			"tameable_can_ride": false,
			"no_gravity": true
		}
	]
}