{
	"format_version": "1.10.0",
	"geometry.model": {
		"texturewidth": 64,
		"textureheight": 64,
		"visible_bounds_width": 3,
		"visible_bounds_height": 3.5,
		"visible_bounds_offset": [0, 1.25, 0],
		"bones": [
			{
				"name": "body",
				"pivot": [0, 22.25, 0],
				"cubes": [
					{"origin": [-4, 10.25, -2], "size": [8, 12, 4], "uv": [16, 16]},
					{"origin": [-4, 10.25, -2], "size": [8, 12, 4], "uv": [16, 32], "inflate": 0.26}
				]
			},
			{
				"name": "sittingRotationSkirt",
				"parent": "body",
				"pivot": [0, 10.25, 0],
				"cubes": [
					{"origin": [-4, 10.25, -2], "size": [8, 0, 4], "uv": [16, 16]},
					{"origin": [-4, 10.25, -2], "size": [8, 0, 4], "uv": [40, 21], "inflate": 0.25}
				]
			},
			{
				"name": "head",
				"pivot": [0, 22.75, 0],
				"cubes": [
					{"origin": [-4, 22.75, -4], "size": [8, 8, 8], "uv": [0, 0]},
					{"origin": [-1.35, 30.75, -3], "size": [0.1, 1.2, 1], "uv": [60, 42], "mirror": true},
					{"origin": [1.25, 30.75, -3], "size": [0.1, 1.2, 1], "uv": [60, 42]},
					{"origin": [-2.25, 31.45, -3], "size": [0.9, 0.5, 1], "uv": [60, 42], "mirror": true},
					{"origin": [1.35, 31.45, -3], "size": [0.9, 0.5, 1], "uv": [60, 42]},
					{"origin": [-2.35, 30.45, -3], "size": [1, 1, 1], "uv": [60, 46], "mirror": true},
					{"origin": [1.35, 30.45, -3], "size": [1, 1, 1], "uv": [60, 46]},
					{"origin": [-3.35, 29.45, -3], "size": [1, 2, 1], "uv": [60, 41], "mirror": true},
					{"origin": [2.35, 29.45, -3], "size": [1, 2, 1], "uv": [60, 41]},
					{"origin": [-4, 22.75, -4], "size": [8, 8, 8], "uv": [32, 0], "inflate": 0.5}
				]
			},
			{
				"name": "blink",
				"parent": "head",
				"pivot": [0, 22.75, -4.1],
				"cubes": [
					{"origin": [-3, 23.75, -4.1], "size": [6, 2, 0.1], "uv": [48, 45]}
				]
			},
			{
				"name": "armRight",
				"pivot": [-5, 22, 0],
				"cubes": [
					{"origin": [-7.25, 11.5, -2], "size": [3, 11, 4], "uv": [40, 16]},
					{"origin": [-7.25, 11.5, -2], "size": [3, 11, 4], "uv": [40, 32], "inflate": 0.25}
				]
			},
			{
				"name": "armLeft",
				"pivot": [5.25, 22, 0],
				"cubes": [
					{"origin": [4.25, 11.4999, -2.02182], "size": [3, 11, 4], "uv": [32, 48]},
					{"origin": [4.25, 11.4999, -2.02182], "size": [3, 11, 4], "uv": [48, 48], "inflate": 0.25}
				]
			},
			{
				"name": "legRight",
				"pivot": [-2.5, 10, 0],
				"cubes": [
					{"origin": [-3.83891, -0.00133, -1.87784], "size": [3, 12, 4], "uv": [0, 16], "inflate": 0.01},
					{"origin": [-3.83891, -0.00133, -1.87784], "size": [3, 12, 4], "uv": [0, 32], "inflate": 0.25}
				]
			},
			{
				"name": "legLeft",
				"pivot": [2.5, 10, 0],
				"cubes": [
					{"origin": [0.83891, -0.00027, -2], "size": [3, 12, 4], "uv": [16, 48], "inflate": 0.01},
					{"origin": [0.83891, -0.00027, -2], "size": [3, 12, 4], "uv": [0, 48], "inflate": 0.25}
				]
			},
			{
				"name": "tail",
				"pivot": [0, 10.25, 2]
			},
			{
				"name": "tail1",
				"parent": "tail",
				"pivot": [0, 11, 2],
				"rotation": [-25, 0, 0],
				"cubes": [
					{"origin": [-0.5, 9.91752, 2.11726], "size": [1.25, 1.25, 3.5], "uv": [56, 0]},
					{"origin": [-0.5, 9.91655, 5.42785], "size": [1.25, 1.25, 4.75], "uv": [56, 0]}
				]
			},
			{
				"name": "backpackPositioningBone",
				"pivot": [0, 21, -0.25]
			}
		]
	}
}