{
	"format_version": "1.10.0",
	"geometry.model": {
		"texturewidth": 64,
		"textureheight": 64,
		"visible_bounds_width": 3,
		"visible_bounds_height": 3.5,
		"visible_bounds_offset": [0, 1.25, 0],
		"bones": [
			{
				"name": "body",
				"pivot": [0, 22.25, 0],
				"cubes": [
					{"origin": [-4, 10.25, -2], "size": [8, 12, 4], "uv": [16, 16]},
					{"origin": [-4, 10.25, -2], "size": [8, 12, 4], "uv": [16, 32], "inflate": 0.25}
				]
			},
			{
				"name": "sittingRotationSkirt",
				"parent": "body",
				"pivot": [0, 10.25, 0],
				"cubes": [
					{"origin": [-4, 10.25, -2], "size": [8, 0, 4], "uv": [40, 33]},
					{"origin": [-4, 10.25, -2], "size": [8, 0, 4], "uv": [40, 33], "inflate": 0.25}
				]
			},
			{
				"name": "head",
				"pivot": [0, 22.75, 0],
				"cubes": [
					{"origin": [-4, 22.75, -4], "size": [8, 8, 8], "uv": [0, 0]},
					{"origin": [-4, 22.75, -3.75], "size": [8, 8, 8], "uv": [32, 0], "inflate": 0.5},
					{"origin": [-3, 30.5, -3.5], "size": [1, 2, 1], "uv": [60, 26]},
					{"origin": [2, 30.5, -3.5], "size": [1, 2, 1], "uv": [60, 19]},
					{"origin": [1.5, 30.5, -3.5], "size": [0.5, 1.5, 1], "uv": [21, 0]},
					{"origin": [-3.5, 30.5, -3.5], "size": [0.5, 1.5, 1], "uv": [21, 0]},
					{"origin": [3, 30.5, -3.5], "size": [0.5, 1.5, 1], "uv": [21, 0]},
					{"origin": [-2, 30.5, -3.5], "size": [0.5, 1.5, 1], "uv": [21, 0]}
				]
			},
			{
				"name": "blink",
				"parent": "head",
				"pivot": [0, 22.75, 0.9],
				"cubes": [
					{"origin": [-4, 22.75, -4.1], "size": [8, 8, 0], "uv": [24, 0]}
				]
			},
			{
				"name": "armRight",
				"pivot": [-5, 22, 0],
				"cubes": [
					{"origin": [-7.25, 11.5, -2], "size": [3, 11, 4], "uv": [40, 16]},
					{"origin": [-7.25, 11.5, -2], "size": [3, 11, 4], "uv": [40, 32], "inflate": 0.25}
				]
			},
			{
				"name": "armLeft",
				"pivot": [5.25, 22, 0],
				"cubes": [
					{"origin": [4.25, 11.4999, -2.02182], "size": [3, 11, 4], "uv": [32, 48]},
					{"origin": [4.25, 11.4999, -2.02182], "size": [3, 11, 4], "uv": [48, 48], "inflate": 0.25}
				]
			},
			{
				"name": "legRight",
				"pivot": [-2, 10, 0],
				"cubes": [
					{"origin": [-3.83891, -0.00133, -1.87784], "size": [3, 12, 4], "uv": [0, 16]},
					{"origin": [-3.83891, -0.00133, -1.87784], "size": [3, 12, 4], "uv": [0, 32], "inflate": 0.25}
				]
			},
			{
				"name": "legLeft",
				"pivot": [2, 10, 0],
				"cubes": [
					{"origin": [0.83891, -0.00027, -2], "size": [3, 12, 4], "uv": [16, 48]},
					{"origin": [0.83891, -0.00027, -2], "size": [3, 12, 4], "uv": [0, 48], "inflate": 0.25}
				]
			},
			{
				"name": "tail",
				"pivot": [0, 11.25, 1.25]
			},
			{
				"name": "tail2",
				"parent": "tail",
				"pivot": [0, 11, 2.25],
				"rotation": [-25, 0, 0],
				"cubes": [
					{"origin": [-0.65, 10.389, 1.48538], "size": [1.4, 1.25, 4], "uv": [54, 41]},
					{"origin": [-0.65, 10.41502, 5.44541], "size": [1.4, 1.25, 4], "uv": [54, 41]}
				]
			},
			{
				"name": "backpackPositioningBone",
				"pivot": [0, 21, -0.5]
			}
		]
	}
}