{
	"format_version": "1.10.0",
	"geometry.model": {
		"texturewidth": 64,
		"textureheight": 64,
		"visible_bounds_width": 3,
		"visible_bounds_height": 3.5,
		"visible_bounds_offset": [0, 1.25, 0],
		"bones": [
			{
				"name": "body",
				"pivot": [0, 22.25, 0],
				"cubes": [
					{"origin": [-4, 10.25, -2], "size": [8, 12, 4], "uv": [16, 16]},
					{"origin": [-4, 10.25, -2], "size": [8, 12, 4], "uv": [16, 32], "inflate": 0.24}
				]
			},
			{
				"name": "sittingRotationSkirt",
				"parent": "body",
				"pivot": [0, 10.25, 0],
				"cubes": [
					{"origin": [-4, 10.25, -2], "size": [8, 0, 4], "uv": [16, 16], "inflate": 0.1},
					{"origin": [-4, 10.25, -2], "size": [8, 0, 4], "uv": [40, 21], "inflate": 0.1}
				]
			},
			{
				"name": "head",
				"pivot": [0, 22.75, 0],
				"cubes": [
					{"origin": [-4, 22.75, -4], "size": [8, 8, 8], "uv": [0, 0]},
					{"origin": [-4, 22.75, -4], "size": [8, 8, 8], "uv": [32, 0], "inflate": 0.5},
					{"origin": [-4, 28, -3], "size": [2, 4, 1], "uv": [24, 5]},
					{"origin": [-4, 29, -3], "size": [1, 3, 1], "uv": [24, 5]},
					{"origin": [1.35, 30.75, -3], "size": [1, 1.85, 1], "uv": [60, 6]},
					{"origin": [-2.45, 30.75, -3], "size": [1, 1.85, 1], "uv": [60, 6], "mirror": true},
					{"origin": [2.35, 30.75, -3], "size": [1, 2.45, 1], "uv": [58, 10]},
					{"origin": [-3.45, 30.75, -3], "size": [1, 2.45, 1], "uv": [58, 10], "mirror": true},
					{"origin": [3, 29, -3], "size": [1, 3, 1], "uv": [24, 5]}
				]
			},
			{
				"name": "blink",
				"parent": "head",
				"pivot": [0, 22.75, 1],
				"cubes": [
					{"origin": [-3, 23.75, -4.1], "size": [6, 2, 0], "uv": [50, 0]}
				]
			},
			{
				"name": "armRight",
				"pivot": [-5, 19, 0],
				"cubes": [
					{"origin": [-7.25, 11.5, -2], "size": [3, 11, 4], "uv": [40, 16]},
					{"origin": [-7.25, 11.5, -2], "size": [3, 11, 4], "uv": [40, 32], "inflate": 0.25}
				]
			},
			{
				"name": "armLeft",
				"pivot": [5, 21.5, 0],
				"cubes": [
					{"origin": [4.25, 11.4999, -2.02182], "size": [3, 11, 4], "uv": [32, 48]},
					{"origin": [4.25, 11.4999, -2.02182], "size": [3, 11, 4], "uv": [48, 48], "inflate": 0.25}
				]
			},
			{
				"name": "legRight",
				"pivot": [-2.4, 10, 0],
				"cubes": [
					{"origin": [-3.83891, -0.00133, -1.87784], "size": [3, 12, 4], "uv": [0, 16]},
					{"origin": [-3.83891, -0.00133, -1.87784], "size": [3, 12, 4], "uv": [0, 32], "inflate": 0.25}
				]
			},
			{
				"name": "legLeft",
				"pivot": [2.4, 10, 0],
				"cubes": [
					{"origin": [0.83891, -0.00027, -2], "size": [3, 12, 4], "uv": [16, 48]},
					{"origin": [0.83891, -0.00027, -2], "size": [3, 12, 4], "uv": [0, 48], "inflate": 0.25}
				]
			},
			{
				"name": "tail",
				"pivot": [0, 10.5, 2]
			},
			{
				"name": "tail3",
				"parent": "tail",
				"pivot": [0, 11, 2],
				"rotation": [-25, 0, 0],
				"cubes": [
					{"origin": [-0.75, 9.91752, 2.11726], "size": [2, 1.25, 8.5], "uv": [16, 8]}
				]
			},
			{
				"name": "backpackPositioningBone",
				"pivot": [0, 22, -0.5]
			}
		]
	}
}