{
	"pack_name": "{maid_pack.thegodofobleisk.name}",
	"author": ["裤管炸了救救我"],
	"description": ["{maid_pack.thegodofobleisk.desc}"],
	"date": "2020-9-17",
	"icon": "thegodofobleisk:textures/maid_icon.png",
	"version": "1.0.0",
	"model_list": [
		{
			"model_id": "thegodofobleisk:thegodofobelisk",
			"description": ["{model.thegodofobleisk.thegodofobelisk.desc}"],
			"render_item_scale": 0.04,
			"show_hata": false,
			"show_backpack": false,
			"can_hold_trolley": false,
			"can_hold_vehicle": false,
			"can_riding_broom": false,
			"show_custom_head": false
		}
	]
}