{
	"format_version": "1.10.0",
	"geometry.model": {
		"texturewidth": 128,
		"textureheight": 128,
		"visible_bounds_width": 3,
		"visible_bounds_height": 4,
		"visible_bounds_offset": [0, 1, 0],
		"bones": [
			{
				"name": "head",
				"pivot": [0, 18, 0],
				"cubes": [
					{"origin": [-4, 18, -4], "size": [8, 8, 8], "uv": [36, 0]}
				]
			},
			{
				"name": "blink",
				"parent": "head",
				"pivot": [0, 18, 0],
				"cubes": [
					{"origin": [-4, 18, -4.001], "size": [8, 8, 0], "uv": [0, 33]}
				]
			},
			{
				"name": "headout",
				"parent": "head",
				"pivot": [0, 0, 0],
				"cubes": [
					{"origin": [-4.5, 17.5, -4.5], "size": [9, 9, 9], "uv": [0, 0]}
				]
			},
			{
				"name": "toushi",
				"parent": "head",
				"pivot": [0.8, 23.5, -5.9],
				"rotation": [0, 0, -11],
				"cubes": [
					{"origin": [-0.6301, 23.28735, -5.4], "size": [3, 2, 2], "uv": [30, 56], "inflate": -0.6}
				]
			},
			{
				"name": "hair",
				"parent": "head",
				"pivot": [0, 0, 0]
			},
			{
				"name": "bone150",
				"parent": "hair",
				"pivot": [0, 17.5, 4.7],
				"rotation": [12, 0, 0],
				"cubes": [
					{"origin": [-4.5, 15.54158, 4.50337], "size": [9, 2, 0], "uv": [16, 35], "inflate": 0.01}
				]
			},
			{
				"name": "bone151",
				"parent": "bone150",
				"pivot": [0, 15.5, 4.7],
				"rotation": [4, 0, 0],
				"cubes": [
					{"origin": [-4.5, 13.55513, 4.50675], "size": [9, 2, 0], "uv": [16, 33], "inflate": 0.01}
				]
			},
			{
				"name": "bone152",
				"parent": "bone151",
				"pivot": [0, 13.5, 4.7],
				"rotation": [-7, 0, 0],
				"cubes": [
					{"origin": [-4, 11.54175, 4.50119], "size": [8, 2, 0], "uv": [16, 37], "inflate": 0.01}
				]
			},
			{
				"name": "bone153",
				"parent": "bone152",
				"pivot": [0, 11.5, 4.7],
				"rotation": [-5, 0, 0],
				"cubes": [
					{"origin": [-3.5, 9.54179, 4.49754], "size": [7, 2, 0], "uv": [16, 46], "inflate": 0.01}
				]
			},
			{
				"name": "bone148",
				"parent": "hair",
				"pivot": [0, 0, 0]
			},
			{
				"name": "bone127",
				"parent": "bone148",
				"pivot": [0, 0, 0]
			},
			{
				"name": "bone128",
				"parent": "bone127",
				"pivot": [-4.3, 18.5, 2.9],
				"rotation": [12.99809, -0.22494, 85.97438]
			},
			{
				"name": "bone129",
				"parent": "bone128",
				"pivot": [-4.70895, 18.49222, 2.5],
				"rotation": [0, 0, 23.24925],
				"cubes": [
					{"origin": [-4.70895, 18.49222, 2.5], "size": [1, 0, 1], "uv": [8, 84], "inflate": 0.01}
				]
			},
			{
				"name": "bone130",
				"parent": "bone128",
				"pivot": [-3.79001, 18.09742, 2.5],
				"rotation": [0, 0, 26.32046],
				"cubes": [
					{"origin": [-3.79001, 18.09742, 2.5], "size": [1, 0, 1], "uv": [4, 84], "inflate": 0.01}
				]
			},
			{
				"name": "bone131",
				"parent": "bone128",
				"pivot": [-2.89352, 17.65396, 2.5],
				"rotation": [0, 0, 24.69237],
				"cubes": [
					{"origin": [-2.89352, 17.65396, 2.5], "size": [1, 0, 1], "uv": [0, 84], "inflate": 0.01}
				]
			},
			{
				"name": "bone132",
				"parent": "bone128",
				"pivot": [-1.98532, 17.23638, 2.5],
				"rotation": [0, 0, 18.14732],
				"cubes": [
					{"origin": [-1.98532, 17.23638, 2.5], "size": [1, 0, 1], "uv": [56, 83], "inflate": 0.01}
				]
			},
			{
				"name": "bone133",
				"parent": "bone128",
				"pivot": [-1.03512, 16.92494, 2.5],
				"rotation": [0, 0, 6.63547],
				"cubes": [
					{"origin": [-1.03512, 16.92494, 2.5], "size": [1, 0, 1], "uv": [52, 83], "inflate": 0.01}
				]
			},
			{
				"name": "bone134",
				"parent": "bone128",
				"pivot": [-0.04196, 16.8094, 2.5],
				"rotation": [0, 0, -7.22486],
				"cubes": [
					{"origin": [-0.04196, 16.8094, 2.5], "size": [1, 0, 1], "uv": [48, 83], "inflate": 0.01}
				]
			},
			{
				"name": "bone135",
				"parent": "bone128",
				"pivot": [0.95023, 16.93518, 2.5],
				"rotation": [0, 0, -18.5472],
				"cubes": [
					{"origin": [0.95023, 16.93518, 2.5], "size": [1, 0, 1], "uv": [44, 83], "inflate": 0.01}
				]
			},
			{
				"name": "bone136",
				"parent": "bone128",
				"pivot": [1.89847, 17.25333, 2.5],
				"rotation": [0, 0, -24.86585],
				"cubes": [
					{"origin": [1.89847, 17.25333, 2.5], "size": [1, 0, 1], "uv": [40, 83], "inflate": 0.01}
				]
			},
			{
				"name": "bone137",
				"parent": "bone128",
				"pivot": [2.8057, 17.67379, 2.5],
				"rotation": [0, 0, -26.28474],
				"cubes": [
					{"origin": [2.8057, 17.67379, 2.5], "size": [1, 0, 1], "uv": [36, 83], "inflate": 0.01}
				]
			},
			{
				"name": "bone138",
				"parent": "bone127",
				"pivot": [-4.3, 17.7, 4],
				"rotation": [32.99601, -0.54462, 90.8387]
			},
			{
				"name": "bone139",
				"parent": "bone138",
				"pivot": [-4.70895, 17.69222, 3.6],
				"rotation": [0, 0, 23.24925],
				"cubes": [
					{"origin": [-4.70895, 17.69222, 3.6], "size": [1, 0, 1], "uv": [32, 83], "inflate": 0.01}
				]
			},
			{
				"name": "bone140",
				"parent": "bone138",
				"pivot": [-3.79001, 17.29742, 3.6],
				"rotation": [0, 0, 26.32046],
				"cubes": [
					{"origin": [-3.79001, 17.29742, 3.6], "size": [1, 0, 1], "uv": [28, 83], "inflate": 0.01}
				]
			},
			{
				"name": "bone141",
				"parent": "bone138",
				"pivot": [-2.89352, 16.85396, 3.6],
				"rotation": [0, 0, 24.69237],
				"cubes": [
					{"origin": [-2.89352, 16.85396, 3.6], "size": [1, 0, 1], "uv": [24, 83], "inflate": 0.01}
				]
			},
			{
				"name": "bone142",
				"parent": "bone138",
				"pivot": [-1.98532, 16.43638, 3.6],
				"rotation": [0, 0, 18.14732],
				"cubes": [
					{"origin": [-1.98532, 16.43638, 3.6], "size": [1, 0, 1], "uv": [20, 83], "inflate": 0.01}
				]
			},
			{
				"name": "bone143",
				"parent": "bone138",
				"pivot": [-1.03512, 16.12494, 3.6],
				"rotation": [0, 0, 6.63547],
				"cubes": [
					{"origin": [-1.03512, 16.12494, 3.6], "size": [1, 0, 1], "uv": [16, 83], "inflate": 0.01}
				]
			},
			{
				"name": "bone144",
				"parent": "bone138",
				"pivot": [-0.04196, 16.0094, 3.6],
				"rotation": [0, 0, -7.22486],
				"cubes": [
					{"origin": [-0.04196, 16.0094, 3.6], "size": [1, 0, 1], "uv": [12, 83], "inflate": 0.01}
				]
			},
			{
				"name": "bone145",
				"parent": "bone138",
				"pivot": [0.95023, 16.13518, 3.6],
				"rotation": [0, 0, -18.5472],
				"cubes": [
					{"origin": [0.95023, 16.13518, 3.6], "size": [1, 0, 1], "uv": [8, 83], "inflate": 0.01}
				]
			},
			{
				"name": "bone146",
				"parent": "bone138",
				"pivot": [1.89847, 16.45333, 3.6],
				"rotation": [0, 0, -24.86585],
				"cubes": [
					{"origin": [1.89847, 16.45333, 3.6], "size": [1, 0, 1], "uv": [4, 83], "inflate": 0.01}
				]
			},
			{
				"name": "bone147",
				"parent": "bone138",
				"pivot": [2.8057, 16.87379, 3.6],
				"rotation": [0, 0, -26.28474],
				"cubes": [
					{"origin": [2.8057, 16.87379, 3.6], "size": [1, 0, 1], "uv": [0, 83], "inflate": 0.01}
				]
			},
			{
				"name": "bone126",
				"parent": "bone148",
				"pivot": [0, 0, 0]
			},
			{
				"name": "bone107",
				"parent": "bone126",
				"pivot": [4.3, 18.5, 2.9],
				"rotation": [12.99809, 0.22494, -85.97438]
			},
			{
				"name": "bone108",
				"parent": "bone107",
				"pivot": [4.70895, 18.49222, 2.5],
				"rotation": [0, 0, -23.24925],
				"cubes": [
					{"origin": [3.70895, 18.49222, 2.5], "size": [1, 0, 1], "uv": [44, 84], "inflate": 0.01}
				]
			},
			{
				"name": "bone109",
				"parent": "bone107",
				"pivot": [3.79001, 18.09742, 2.5],
				"rotation": [0, 0, -26.32046],
				"cubes": [
					{"origin": [2.79001, 18.09742, 2.5], "size": [1, 0, 1], "uv": [40, 84], "inflate": 0.01}
				]
			},
			{
				"name": "bone110",
				"parent": "bone107",
				"pivot": [2.89352, 17.65396, 2.5],
				"rotation": [0, 0, -24.69237],
				"cubes": [
					{"origin": [1.89352, 17.65396, 2.5], "size": [1, 0, 1], "uv": [36, 84], "inflate": 0.01}
				]
			},
			{
				"name": "bone111",
				"parent": "bone107",
				"pivot": [1.98532, 17.23638, 2.5],
				"rotation": [0, 0, -18.14732],
				"cubes": [
					{"origin": [0.98532, 17.23638, 2.5], "size": [1, 0, 1], "uv": [32, 84], "inflate": 0.01}
				]
			},
			{
				"name": "bone121",
				"parent": "bone107",
				"pivot": [1.03512, 16.92494, 2.5],
				"rotation": [0, 0, -6.63547],
				"cubes": [
					{"origin": [0.03512, 16.92494, 2.5], "size": [1, 0, 1], "uv": [28, 84], "inflate": 0.01}
				]
			},
			{
				"name": "bone122",
				"parent": "bone107",
				"pivot": [0.04196, 16.8094, 2.5],
				"rotation": [0, 0, 7.22486],
				"cubes": [
					{"origin": [-0.95804, 16.8094, 2.5], "size": [1, 0, 1], "uv": [24, 84], "inflate": 0.01}
				]
			},
			{
				"name": "bone123",
				"parent": "bone107",
				"pivot": [-0.95023, 16.93518, 2.5],
				"rotation": [0, 0, 18.5472],
				"cubes": [
					{"origin": [-1.95023, 16.93518, 2.5], "size": [1, 0, 1], "uv": [20, 84], "inflate": 0.01}
				]
			},
			{
				"name": "bone124",
				"parent": "bone107",
				"pivot": [-1.89847, 17.25333, 2.5],
				"rotation": [0, 0, 24.86585],
				"cubes": [
					{"origin": [-2.89847, 17.25333, 2.5], "size": [1, 0, 1], "uv": [16, 84], "inflate": 0.01}
				]
			},
			{
				"name": "bone125",
				"parent": "bone107",
				"pivot": [-2.8057, 17.67379, 2.5],
				"rotation": [0, 0, 26.28474],
				"cubes": [
					{"origin": [-3.8057, 17.67379, 2.5], "size": [1, 0, 1], "uv": [12, 84], "inflate": 0.01}
				]
			},
			{
				"name": "bone106",
				"parent": "bone126",
				"pivot": [4.3, 17.7, 4],
				"rotation": [32.99601, 0.54462, -90.8387]
			},
			{
				"name": "bone112",
				"parent": "bone106",
				"pivot": [4.70895, 17.69222, 3.6],
				"rotation": [0, 0, -23.24925],
				"cubes": [
					{"origin": [3.70895, 17.69222, 3.6], "size": [1, 0, 1], "uv": [20, 85], "inflate": 0.01}
				]
			},
			{
				"name": "bone113",
				"parent": "bone106",
				"pivot": [3.79001, 17.29742, 3.6],
				"rotation": [0, 0, -26.32046],
				"cubes": [
					{"origin": [2.79001, 17.29742, 3.6], "size": [1, 0, 1], "uv": [16, 85], "inflate": 0.01}
				]
			},
			{
				"name": "bone114",
				"parent": "bone106",
				"pivot": [2.89352, 16.85396, 3.6],
				"rotation": [0, 0, -24.69237],
				"cubes": [
					{"origin": [1.89352, 16.85396, 3.6], "size": [1, 0, 1], "uv": [12, 85], "inflate": 0.01}
				]
			},
			{
				"name": "bone115",
				"parent": "bone106",
				"pivot": [1.98532, 16.43638, 3.6],
				"rotation": [0, 0, -18.14732],
				"cubes": [
					{"origin": [0.98532, 16.43638, 3.6], "size": [1, 0, 1], "uv": [8, 85], "inflate": 0.01}
				]
			},
			{
				"name": "bone116",
				"parent": "bone106",
				"pivot": [1.03512, 16.12494, 3.6],
				"rotation": [0, 0, -6.63547],
				"cubes": [
					{"origin": [0.03512, 16.12494, 3.6], "size": [1, 0, 1], "uv": [4, 85], "inflate": 0.01}
				]
			},
			{
				"name": "bone117",
				"parent": "bone106",
				"pivot": [0.04196, 16.0094, 3.6],
				"rotation": [0, 0, 7.22486],
				"cubes": [
					{"origin": [-0.95804, 16.0094, 3.6], "size": [1, 0, 1], "uv": [0, 85], "inflate": 0.01}
				]
			},
			{
				"name": "bone118",
				"parent": "bone106",
				"pivot": [-0.95023, 16.13518, 3.6],
				"rotation": [0, 0, 18.5472],
				"cubes": [
					{"origin": [-1.95023, 16.13518, 3.6], "size": [1, 0, 1], "uv": [56, 84], "inflate": 0.01}
				]
			},
			{
				"name": "bone119",
				"parent": "bone106",
				"pivot": [-1.89847, 16.45333, 3.6],
				"rotation": [0, 0, 24.86585],
				"cubes": [
					{"origin": [-2.89847, 16.45333, 3.6], "size": [1, 0, 1], "uv": [52, 84], "inflate": 0.01}
				]
			},
			{
				"name": "bone120",
				"parent": "bone106",
				"pivot": [-2.8057, 16.87379, 3.6],
				"rotation": [0, 0, 26.28474],
				"cubes": [
					{"origin": [-3.8057, 16.87379, 3.6], "size": [1, 0, 1], "uv": [48, 84], "inflate": 0.01}
				]
			},
			{
				"name": "cehair",
				"parent": "head",
				"pivot": [0, 0.2, 0]
			},
			{
				"name": "bone73",
				"parent": "cehair",
				"pivot": [0, 0.2, 0]
			},
			{
				"name": "bone74",
				"parent": "bone73",
				"pivot": [-4.3, 24.3, 1.5],
				"rotation": [110.50842, 10.93329, -71.7055]
			},
			{
				"name": "bone75",
				"parent": "bone74",
				"pivot": [-8.45333, 25.32484, 0.89659],
				"rotation": [0, 0, 26.32046],
				"cubes": [
					{"origin": [-8.45333, 25.32484, 0.89659], "size": [1, 0, 1], "uv": [28, 86], "inflate": 0.01}
				]
			},
			{
				"name": "bone76",
				"parent": "bone74",
				"pivot": [-7.55685, 24.88137, 0.89659],
				"rotation": [0, 0, 24.69237],
				"cubes": [
					{"origin": [-7.55685, 24.88137, 0.89659], "size": [1, 0, 1], "uv": [24, 86], "inflate": 0.01}
				]
			},
			{
				"name": "bone77",
				"parent": "bone74",
				"pivot": [-6.64864, 24.46379, 0.89659],
				"rotation": [0, 0, 18.14732],
				"cubes": [
					{"origin": [-6.64864, 24.46379, 0.89659], "size": [1, 0, 1], "uv": [20, 86], "inflate": 0.01}
				]
			},
			{
				"name": "bone78",
				"parent": "bone74",
				"pivot": [-5.69845, 24.15235, 0.89659],
				"rotation": [0, 0, 6.63547],
				"cubes": [
					{"origin": [-5.69845, 24.15235, 0.89659], "size": [1, 0, 1], "uv": [16, 86], "inflate": 0.01}
				]
			},
			{
				"name": "bone79",
				"parent": "bone73",
				"pivot": [-5.2, 24.3, 3.5],
				"rotation": [-48.56291, 9.06107, -105.63207]
			},
			{
				"name": "bone80",
				"parent": "bone79",
				"pivot": [-9.35333, 25.32484, 2.89659],
				"rotation": [0, 0, 26.32046],
				"cubes": [
					{"origin": [-9.35333, 25.32484, 2.89659], "size": [1, 0, 1], "uv": [12, 86], "inflate": 0.01}
				]
			},
			{
				"name": "bone81",
				"parent": "bone79",
				"pivot": [-8.45685, 24.88137, 2.89659],
				"rotation": [0, 0, 24.69237],
				"cubes": [
					{"origin": [-8.45685, 24.88137, 2.89659], "size": [1, 0, 1], "uv": [8, 86], "inflate": 0.01}
				]
			},
			{
				"name": "bone82",
				"parent": "bone79",
				"pivot": [-7.54864, 24.46379, 2.89659],
				"rotation": [0, 0, 18.14732],
				"cubes": [
					{"origin": [-7.54864, 24.46379, 2.89659], "size": [1, 0, 1], "uv": [4, 86], "inflate": 0.01}
				]
			},
			{
				"name": "bone83",
				"parent": "bone79",
				"pivot": [-6.59845, 24.15235, 2.89659],
				"rotation": [0, 0, 6.63547],
				"cubes": [
					{"origin": [-6.59845, 24.15235, 2.89659], "size": [1, 0, 1], "uv": [0, 86], "inflate": 0.01}
				]
			},
			{
				"name": "bone84",
				"parent": "bone73",
				"pivot": [-5.8, 24.3, 3],
				"rotation": [-25.96905, 1.31463, -95.30314]
			},
			{
				"name": "bone85",
				"parent": "bone84",
				"pivot": [-9.95333, 25.32484, 2.39659],
				"rotation": [0, 0, 26.32046],
				"cubes": [
					{"origin": [-9.95333, 25.32484, 2.39659], "size": [1, 0, 1], "uv": [56, 85], "inflate": 0.01}
				]
			},
			{
				"name": "bone86",
				"parent": "bone84",
				"pivot": [-9.05685, 24.88137, 2.39659],
				"rotation": [0, 0, 24.69237],
				"cubes": [
					{"origin": [-9.05685, 24.88137, 2.39659], "size": [1, 0, 1], "uv": [52, 85], "inflate": 0.01}
				]
			},
			{
				"name": "bone87",
				"parent": "bone84",
				"pivot": [-8.14864, 24.46379, 2.39659],
				"rotation": [0, 0, 18.14732],
				"cubes": [
					{"origin": [-8.14864, 24.46379, 2.39659], "size": [1, 0, 1], "uv": [48, 85], "inflate": 0.01}
				]
			},
			{
				"name": "bone88",
				"parent": "bone84",
				"pivot": [-7.19845, 24.15235, 2.39659],
				"rotation": [0, 0, 6.63547],
				"cubes": [
					{"origin": [-7.19845, 24.15235, 2.39659], "size": [1, 0, 1], "uv": [44, 85], "inflate": 0.01}
				]
			},
			{
				"name": "bone89",
				"parent": "bone73",
				"pivot": [-6.5, 14.4, 0.2],
				"rotation": [33.96358, -1.67705, -87.51218]
			},
			{
				"name": "bone90",
				"parent": "bone89",
				"pivot": [-0.80127, 14.68809, 0.2],
				"rotation": [0, 0, 26.32046],
				"cubes": [
					{"origin": [-0.80127, 14.68809, 0.2], "size": [1, 0, 1], "uv": [40, 85], "inflate": 0.01}
				]
			},
			{
				"name": "bone91",
				"parent": "bone89",
				"pivot": [0.09521, 14.24462, 0.2],
				"rotation": [0, 0, 24.69237],
				"cubes": [
					{"origin": [0.09521, 14.24462, 0.2], "size": [1, 0, 1], "uv": [36, 85], "inflate": 0.01}
				]
			},
			{
				"name": "bone92",
				"parent": "bone89",
				"pivot": [1.00342, 13.82704, 0.2],
				"rotation": [0, 0, 18.14732],
				"cubes": [
					{"origin": [1.00342, 13.82704, 0.2], "size": [1, 0, 1], "uv": [32, 85], "inflate": 0.01}
				]
			},
			{
				"name": "bone93",
				"parent": "bone89",
				"pivot": [1.95361, 13.5156, 0.2],
				"rotation": [0, 0, 6.63547],
				"cubes": [
					{"origin": [1.95361, 13.5156, 0.2], "size": [1, 0, 1], "uv": [28, 85], "inflate": 0.01}
				]
			},
			{
				"name": "bone94",
				"parent": "bone89",
				"pivot": [2.94678, 13.40006, 0.2],
				"rotation": [0, 0, -7.22486],
				"cubes": [
					{"origin": [2.94678, 13.40006, 0.2], "size": [1, 0, 1], "uv": [24, 85], "inflate": 0.01}
				]
			},
			{
				"name": "bone95",
				"parent": "bone73",
				"pivot": [-5.6, 23, 1.3],
				"rotation": [17, -16, 0],
				"cubes": [
					{"origin": [-5.6, 23, 1.3], "size": [2, 2, 2], "uv": [36, 62], "inflate": -0.2}
				]
			},
			{
				"name": "bone96",
				"parent": "bone73",
				"pivot": [-5.1, 24.8, 0.5],
				"rotation": [-25.5, -22, 0],
				"cubes": [
					{"origin": [-5.1, 24.8, 0.5], "size": [2, 2, 2], "uv": [28, 62]}
				]
			},
			{
				"name": "bone97",
				"parent": "bone73",
				"pivot": [-3.4, 25.6, -0.5],
				"rotation": [0.7291, -29.69315, -9.75]
			},
			{
				"name": "bone98",
				"parent": "bone97",
				"pivot": [-3.5, 24.6, -0.2],
				"rotation": [-58, 0, -142.5],
				"cubes": [
					{"origin": [-3.9, 24.6, -0.2], "size": [1.5, 2, 0], "uv": [26, 87], "inflate": 0.01}
				]
			},
			{
				"name": "bone99",
				"parent": "bone97",
				"pivot": [-4.2, 25, -0.2],
				"rotation": [-58, 0, -90],
				"cubes": [
					{"origin": [-4.6, 25, -0.2], "size": [1.5, 2, 0], "uv": [24, 87], "inflate": 0.01}
				]
			},
			{
				"name": "bone100",
				"parent": "bone97",
				"pivot": [-3.3, 26.6, -0.2],
				"rotation": [-58, 0, 0],
				"cubes": [
					{"origin": [-3.7, 26.6, -0.2], "size": [1.5, 2.5, 0], "uv": [22, 87], "inflate": 0.01}
				]
			},
			{
				"name": "bone101",
				"parent": "bone97",
				"pivot": [-4.2, 26, -0.2],
				"rotation": [-58, 0, -45],
				"cubes": [
					{"origin": [-4.6, 26, -0.2], "size": [1.5, 2, 0], "uv": [20, 87], "inflate": 0.01}
				]
			},
			{
				"name": "bone102",
				"parent": "bone97",
				"pivot": [-2.9, 24.7, 0],
				"rotation": [0, 0, -19],
				"cubes": [
					{"origin": [-3.9, 24.7, 0], "size": [2, 2, 2], "uv": [20, 62]}
				]
			},
			{
				"name": "bone72",
				"parent": "cehair",
				"pivot": [0, 0.2, 0]
			},
			{
				"name": "bone67",
				"parent": "bone72",
				"pivot": [4.3, 24.3, 1.5],
				"rotation": [110.50842, -10.93329, 71.7055]
			},
			{
				"name": "bone68",
				"parent": "bone67",
				"pivot": [8.45333, 25.32484, 0.89659],
				"rotation": [0, 0, -26.32046],
				"cubes": [
					{"origin": [7.45333, 25.32484, 0.89659], "size": [1, 0, 1], "uv": [44, 86], "inflate": 0.01}
				]
			},
			{
				"name": "bone69",
				"parent": "bone67",
				"pivot": [7.55685, 24.88137, 0.89659],
				"rotation": [0, 0, -24.69237],
				"cubes": [
					{"origin": [6.55685, 24.88137, 0.89659], "size": [1, 0, 1], "uv": [40, 86], "inflate": 0.01}
				]
			},
			{
				"name": "bone70",
				"parent": "bone67",
				"pivot": [6.64864, 24.46379, 0.89659],
				"rotation": [0, 0, -18.14732],
				"cubes": [
					{"origin": [5.64864, 24.46379, 0.89659], "size": [1, 0, 1], "uv": [36, 86], "inflate": 0.01}
				]
			},
			{
				"name": "bone71",
				"parent": "bone67",
				"pivot": [5.69845, 24.15235, 0.89659],
				"rotation": [0, 0, -6.63547],
				"cubes": [
					{"origin": [4.69845, 24.15235, 0.89659], "size": [1, 0, 1], "uv": [32, 86], "inflate": 0.01}
				]
			},
			{
				"name": "bone57",
				"parent": "bone72",
				"pivot": [5.2, 24.3, 3.5],
				"rotation": [-48.56291, -9.06107, 105.63207]
			},
			{
				"name": "bone63",
				"parent": "bone57",
				"pivot": [9.35333, 25.32484, 2.89659],
				"rotation": [0, 0, -26.32046],
				"cubes": [
					{"origin": [8.35333, 25.32484, 2.89659], "size": [1, 0, 1], "uv": [0, 87], "inflate": 0.01}
				]
			},
			{
				"name": "bone64",
				"parent": "bone57",
				"pivot": [8.45685, 24.88137, 2.89659],
				"rotation": [0, 0, -24.69237],
				"cubes": [
					{"origin": [7.45685, 24.88137, 2.89659], "size": [1, 0, 1], "uv": [56, 86], "inflate": 0.01}
				]
			},
			{
				"name": "bone65",
				"parent": "bone57",
				"pivot": [7.54864, 24.46379, 2.89659],
				"rotation": [0, 0, -18.14732],
				"cubes": [
					{"origin": [6.54864, 24.46379, 2.89659], "size": [1, 0, 1], "uv": [52, 86], "inflate": 0.01}
				]
			},
			{
				"name": "bone66",
				"parent": "bone57",
				"pivot": [6.59845, 24.15235, 2.89659],
				"rotation": [0, 0, -6.63547],
				"cubes": [
					{"origin": [5.59845, 24.15235, 2.89659], "size": [1, 0, 1], "uv": [48, 86], "inflate": 0.01}
				]
			},
			{
				"name": "bone52",
				"parent": "bone72",
				"pivot": [5.8, 24.3, 3],
				"rotation": [-25.96905, -1.31463, 95.30314]
			},
			{
				"name": "bone53",
				"parent": "bone52",
				"pivot": [9.95333, 25.32484, 2.39659],
				"rotation": [0, 0, -26.32046],
				"cubes": [
					{"origin": [8.95333, 25.32484, 2.39659], "size": [1, 0, 1], "uv": [8, 87], "inflate": 0.01}
				]
			},
			{
				"name": "bone54",
				"parent": "bone52",
				"pivot": [9.05685, 24.88137, 2.39659],
				"rotation": [0, 0, -24.69237],
				"cubes": [
					{"origin": [8.05685, 24.88137, 2.39659], "size": [1, 0, 1], "uv": [4, 88], "inflate": 0.01}
				]
			},
			{
				"name": "bone55",
				"parent": "bone52",
				"pivot": [8.14864, 24.46379, 2.39659],
				"rotation": [0, 0, -18.14732],
				"cubes": [
					{"origin": [7.14864, 24.46379, 2.39659], "size": [1, 0, 1], "uv": [4, 87], "inflate": 0.01}
				]
			},
			{
				"name": "bone56",
				"parent": "bone52",
				"pivot": [7.19845, 24.15235, 2.39659],
				"rotation": [0, 0, -6.63547],
				"cubes": [
					{"origin": [6.19845, 24.15235, 2.39659], "size": [1, 0, 1], "uv": [0, 88], "inflate": 0.01}
				]
			},
			{
				"name": "bone51",
				"parent": "bone72",
				"pivot": [6.5, 14.4, 0.2],
				"rotation": [33.96358, 1.67705, 87.51218]
			},
			{
				"name": "bone58",
				"parent": "bone51",
				"pivot": [0.80127, 14.68809, 0.2],
				"rotation": [0, 0, -26.32046],
				"cubes": [
					{"origin": [-0.19873, 14.68809, 0.2], "size": [1, 0, 1], "uv": [16, 88], "inflate": 0.01}
				]
			},
			{
				"name": "bone59",
				"parent": "bone51",
				"pivot": [-0.09521, 14.24462, 0.2],
				"rotation": [0, 0, -24.69237],
				"cubes": [
					{"origin": [-1.09521, 14.24462, 0.2], "size": [1, 0, 1], "uv": [16, 87], "inflate": 0.01}
				]
			},
			{
				"name": "bone60",
				"parent": "bone51",
				"pivot": [-1.00342, 13.82704, 0.2],
				"rotation": [0, 0, -18.14732],
				"cubes": [
					{"origin": [-2.00342, 13.82704, 0.2], "size": [1, 0, 1], "uv": [12, 88], "inflate": 0.01}
				]
			},
			{
				"name": "bone61",
				"parent": "bone51",
				"pivot": [-1.95361, 13.5156, 0.2],
				"rotation": [0, 0, -6.63547],
				"cubes": [
					{"origin": [-2.95361, 13.5156, 0.2], "size": [1, 0, 1], "uv": [12, 87], "inflate": 0.01}
				]
			},
			{
				"name": "bone62",
				"parent": "bone51",
				"pivot": [-2.94678, 13.40006, 0.2],
				"rotation": [0, 0, 7.22486],
				"cubes": [
					{"origin": [-3.94678, 13.40006, 0.2], "size": [1, 0, 1], "uv": [8, 88], "inflate": 0.01}
				]
			},
			{
				"name": "bone50",
				"parent": "bone72",
				"pivot": [5.6, 23, 1.3],
				"rotation": [17, 16, 0],
				"cubes": [
					{"origin": [3.6, 23, 1.3], "size": [2, 2, 2], "uv": [0, 68], "inflate": -0.2}
				]
			},
			{
				"name": "bone49",
				"parent": "bone72",
				"pivot": [5.1, 24.8, 0.5],
				"rotation": [-25.5, 22, 0],
				"cubes": [
					{"origin": [3.1, 24.8, 0.5], "size": [2, 2, 2], "uv": [8, 68]}
				]
			},
			{
				"name": "bone43",
				"parent": "bone72",
				"pivot": [3.4, 25.6, -0.5],
				"rotation": [0.7291, 29.69315, 9.75]
			},
			{
				"name": "bone47",
				"parent": "bone43",
				"pivot": [3.5, 24.6, -0.2],
				"rotation": [-58, 0, 142.5],
				"cubes": [
					{"origin": [2.4, 24.6, -0.2], "size": [1.5, 2, 0], "uv": [28, 87], "inflate": 0.01}
				]
			},
			{
				"name": "bone46",
				"parent": "bone43",
				"pivot": [4.2, 25, -0.2],
				"rotation": [-58, 0, 90],
				"cubes": [
					{"origin": [3.1, 25, -0.2], "size": [1.5, 2, 0], "uv": [30, 87], "inflate": 0.01}
				]
			},
			{
				"name": "bone44",
				"parent": "bone43",
				"pivot": [3.3, 26.6, -0.2],
				"rotation": [-58, 0, 0],
				"cubes": [
					{"origin": [2.2, 26.6, -0.2], "size": [1.5, 2.5, 0], "uv": [2, 89], "inflate": 0.01}
				]
			},
			{
				"name": "bone45",
				"parent": "bone43",
				"pivot": [4.2, 26, -0.2],
				"rotation": [-58, 0, 45],
				"cubes": [
					{"origin": [3.1, 26, -0.2], "size": [1.5, 2, 0], "uv": [0, 89], "inflate": 0.01}
				]
			},
			{
				"name": "bone48",
				"parent": "bone43",
				"pivot": [2.9, 24.7, 0],
				"rotation": [0, 0, 19],
				"cubes": [
					{"origin": [1.9, 24.7, 0], "size": [2, 2, 2], "uv": [16, 68]}
				]
			},
			{
				"name": "armRight",
				"pivot": [-3, 17.5, 0],
				"rotation": [0, 0, 25],
				"cubes": [
					{"origin": [-5, 8.5, -1], "size": [2, 8, 2], "uv": [8, 41]},
					{"origin": [-5.1, 13.5, -1.1], "size": [2.2, 4, 2.2], "uv": [0, 62]},
					{"origin": [-5.1, 8.4, -1.1], "size": [2.2, 2.5, 2.2], "uv": [24, 68]}
				]
			},
			{
				"name": "bone26",
				"parent": "armRight",
				"pivot": [-5.50288, 10.18274, -0.5],
				"cubes": [
					{"origin": [-5.38831, 9.4638, -0.5], "size": [1, 1, 1], "uv": [16, 78]}
				]
			},
			{
				"name": "armLeft",
				"pivot": [3, 17.5, 0],
				"rotation": [0, 0, -25],
				"cubes": [
					{"origin": [2.9, 8.4, -1.1], "size": [2.2, 2.5, 2.2], "uv": [32, 68]},
					{"origin": [2.9, 13.5, -1.1], "size": [2.2, 4, 2.2], "uv": [40, 56]},
					{"origin": [3, 8.5, -1], "size": [2, 8, 2], "uv": [0, 41]}
				]
			},
			{
				"name": "bone25",
				"parent": "armLeft",
				"pivot": [5.50288, 10.18274, -0.5],
				"cubes": [
					{"origin": [4.38831, 9.4638, -0.5], "size": [1, 1, 1], "uv": [16, 80]}
				]
			},
			{
				"name": "body",
				"pivot": [0, 10.5, 0],
				"cubes": [
					{"origin": [-3, 8.999, -3], "size": [6, 9, 6], "uv": [0, 18]}
				]
			},
			{
				"name": "sittingRotationSkirt",
				"parent": "body",
				"pivot": [0, 10.5, 0]
			},
			{
				"name": "qun",
				"parent": "sittingRotationSkirt",
				"pivot": [0, 6.8, 0]
			},
			{
				"name": "bone2",
				"parent": "qun",
				"pivot": [0, 6.588, 0]
			},
			{
				"name": "bone3",
				"parent": "bone2",
				"pivot": [0, 6.588, 4.73875],
				"rotation": [15, 0, 0],
				"cubes": [
					{"origin": [-2.88, 6.31892, 4.73875], "size": [5.76, 5.76, 0], "uv": [20, 56], "inflate": 0.01}
				]
			},
			{
				"name": "bone4",
				"parent": "bone3",
				"pivot": [-2.88, 6.10692, 4.73875],
				"rotation": [0, 0, 14.51082],
				"cubes": [
					{"origin": [-4.8, 6.31892, 4.73779], "size": [1.92, 5.76, 0], "uv": [14, 78], "inflate": 0.01}
				]
			},
			{
				"name": "bone5",
				"parent": "bone3",
				"pivot": [2.88, 6.10692, 4.73875],
				"rotation": [0, 0, -14.51082],
				"cubes": [
					{"origin": [2.88, 6.31892, 4.73971], "size": [1.92, 5.76, 0], "uv": [12, 78], "inflate": 0.01}
				]
			},
			{
				"name": "bone6",
				"parent": "qun",
				"pivot": [0, 6.588, 0],
				"rotation": [0, -90, 0]
			},
			{
				"name": "bone7",
				"parent": "bone6",
				"pivot": [0, 6.588, 4.73875],
				"rotation": [15, 0, 0],
				"cubes": [
					{"origin": [-2.88, 6.31892, 4.73875], "size": [5.76, 5.76, 0], "uv": [10, 56], "inflate": 0.01}
				]
			},
			{
				"name": "bone8",
				"parent": "bone7",
				"pivot": [-2.88, 6.10692, 4.73875],
				"rotation": [0, 0, 14.51082],
				"cubes": [
					{"origin": [-4.8, 6.31892, 4.73779], "size": [1.92, 5.76, 0], "uv": [10, 78], "inflate": 0.01}
				]
			},
			{
				"name": "bone9",
				"parent": "bone7",
				"pivot": [2.88, 6.10692, 4.73875],
				"rotation": [0, 0, -14.51082],
				"cubes": [
					{"origin": [2.88, 6.31892, 4.73971], "size": [1.92, 5.76, 0], "uv": [8, 78], "inflate": 0.01}
				]
			},
			{
				"name": "bone10",
				"parent": "qun",
				"pivot": [0, 6.588, 0],
				"rotation": [0, -180, 0]
			},
			{
				"name": "bone11",
				"parent": "bone10",
				"pivot": [0, 6.588, 4.73875],
				"rotation": [15, 0, 0],
				"cubes": [
					{"origin": [-2.88, 6.31892, 4.73875], "size": [5.76, 5.76, 0], "uv": [0, 56], "inflate": 0.01}
				]
			},
			{
				"name": "bone12",
				"parent": "bone11",
				"pivot": [-2.88, 6.10692, 4.73875],
				"rotation": [0, 0, 14.51082],
				"cubes": [
					{"origin": [-4.8, 6.31892, 4.73779], "size": [1.92, 5.76, 0], "uv": [6, 78], "inflate": 0.01}
				]
			},
			{
				"name": "bone13",
				"parent": "bone11",
				"pivot": [2.88, 6.10692, 4.73875],
				"rotation": [0, 0, -14.51082],
				"cubes": [
					{"origin": [2.88, 6.31892, 4.73971], "size": [1.92, 5.76, 0], "uv": [4, 78], "inflate": 0.01}
				]
			},
			{
				"name": "bone14",
				"parent": "qun",
				"pivot": [0, 6.588, 0],
				"rotation": [0, -270, 0]
			},
			{
				"name": "bone15",
				"parent": "bone14",
				"pivot": [0, 6.588, 4.73875],
				"rotation": [15, 0, 0],
				"cubes": [
					{"origin": [-2.88, 6.31892, 4.73875], "size": [5.76, 5.76, 0], "uv": [40, 51], "inflate": 0.01}
				]
			},
			{
				"name": "bone16",
				"parent": "bone15",
				"pivot": [-2.88, 6.10692, 4.73875],
				"rotation": [0, 0, 14.51082],
				"cubes": [
					{"origin": [-4.8, 6.31892, 4.73779], "size": [1.92, 5.76, 0], "uv": [2, 78], "inflate": 0.01}
				]
			},
			{
				"name": "bone17",
				"parent": "bone15",
				"pivot": [2.88, 6.10692, 4.73875],
				"rotation": [0, 0, -14.51082],
				"cubes": [
					{"origin": [2.88, 6.31892, 4.73971], "size": [1.92, 5.76, 0], "uv": [0, 78], "inflate": 0.01}
				]
			},
			{
				"name": "qun2",
				"parent": "qun",
				"pivot": [0, 5.8, 0]
			},
			{
				"name": "bone27",
				"parent": "qun2",
				"pivot": [0, 5.588, 0]
			},
			{
				"name": "bone28",
				"parent": "bone27",
				"pivot": [0, 5.588, 4.73875],
				"rotation": [15, 0, 0],
				"cubes": [
					{"origin": [-2.88, 5.31892, 4.73875], "size": [5.76, 5.76, 0], "uv": [30, 51], "inflate": 0.01}
				]
			},
			{
				"name": "bone29",
				"parent": "bone28",
				"pivot": [-2.88, 5.10692, 4.73875],
				"rotation": [0, 0, 14.51082],
				"cubes": [
					{"origin": [-4.8, 5.31892, 4.73779], "size": [1.92, 5.76, 0], "uv": [22, 73], "inflate": 0.01}
				]
			},
			{
				"name": "bone30",
				"parent": "bone28",
				"pivot": [2.88, 5.10692, 4.73875],
				"rotation": [0, 0, -14.51082],
				"cubes": [
					{"origin": [2.88, 5.31892, 4.73971], "size": [1.92, 5.76, 0], "uv": [20, 73], "inflate": 0.01}
				]
			},
			{
				"name": "bone31",
				"parent": "qun2",
				"pivot": [0, 5.588, 0],
				"rotation": [0, -90, 0]
			},
			{
				"name": "bone32",
				"parent": "bone31",
				"pivot": [0, 5.588, 4.73875],
				"rotation": [15, 0, 0],
				"cubes": [
					{"origin": [-2.88, 5.31892, 4.73875], "size": [5.76, 5.76, 0], "uv": [20, 51], "inflate": 0.01}
				]
			},
			{
				"name": "bone33",
				"parent": "bone32",
				"pivot": [-2.88, 5.10692, 4.73875],
				"rotation": [0, 0, 14.51082],
				"cubes": [
					{"origin": [-4.8, 5.31892, 4.73779], "size": [1.92, 5.76, 0], "uv": [18, 73], "inflate": 0.01}
				]
			},
			{
				"name": "bone34",
				"parent": "bone32",
				"pivot": [2.88, 5.10692, 4.73875],
				"rotation": [0, 0, -14.51082],
				"cubes": [
					{"origin": [2.88, 5.31892, 4.73971], "size": [1.92, 5.76, 0], "uv": [16, 73], "inflate": 0.01}
				]
			},
			{
				"name": "bone35",
				"parent": "qun2",
				"pivot": [0, 5.588, 0],
				"rotation": [0, -180, 0]
			},
			{
				"name": "bone36",
				"parent": "bone35",
				"pivot": [0, 5.588, 4.73875],
				"rotation": [15, 0, 0],
				"cubes": [
					{"origin": [-2.88, 5.31892, 4.73875], "size": [5.76, 5.76, 0], "uv": [10, 51], "inflate": 0.01}
				]
			},
			{
				"name": "bone37",
				"parent": "bone36",
				"pivot": [-2.88, 5.10692, 4.73875],
				"rotation": [0, 0, 14.51082],
				"cubes": [
					{"origin": [-4.8, 5.31892, 4.73779], "size": [1.92, 5.76, 0], "uv": [14, 73], "inflate": 0.01}
				]
			},
			{
				"name": "bone38",
				"parent": "bone36",
				"pivot": [2.88, 5.10692, 4.73875],
				"rotation": [0, 0, -14.51082],
				"cubes": [
					{"origin": [2.88, 5.31892, 4.73971], "size": [1.92, 5.76, 0], "uv": [12, 73], "inflate": 0.01}
				]
			},
			{
				"name": "bone39",
				"parent": "qun2",
				"pivot": [0, 5.588, 0],
				"rotation": [0, -270, 0]
			},
			{
				"name": "bone40",
				"parent": "bone39",
				"pivot": [0, 5.588, 4.73875],
				"rotation": [15, 0, 0],
				"cubes": [
					{"origin": [-2.88, 5.31892, 4.73875], "size": [5.76, 5.76, 0], "uv": [0, 51], "inflate": 0.01}
				]
			},
			{
				"name": "bone41",
				"parent": "bone40",
				"pivot": [-2.88, 5.10692, 4.73875],
				"rotation": [0, 0, 14.51082],
				"cubes": [
					{"origin": [-4.8, 5.31892, 4.73779], "size": [1.92, 5.76, 0], "uv": [10, 73], "inflate": 0.01}
				]
			},
			{
				"name": "bone42",
				"parent": "bone40",
				"pivot": [2.88, 5.10692, 4.73875],
				"rotation": [0, 0, -14.51082],
				"cubes": [
					{"origin": [2.88, 5.31892, 4.73971], "size": [1.92, 5.76, 0], "uv": [8, 73], "inflate": 0.01}
				]
			},
			{
				"name": "xiongshi",
				"parent": "body",
				"pivot": [0, 0, 0]
			},
			{
				"name": "bone22",
				"parent": "xiongshi",
				"pivot": [0, 0, 0]
			},
			{
				"name": "bone23",
				"parent": "bone22",
				"pivot": [-1.79175, 16.34035, -3.15017],
				"rotation": [-4, 0, 8],
				"cubes": [
					{"origin": [-2.54175, 13.34035, -3.15017], "size": [2, 5, 0], "uv": [40, 68], "inflate": 0.01}
				]
			},
			{
				"name": "bone24",
				"parent": "bone22",
				"pivot": [-1.6, 16.2, -3.2],
				"rotation": [-8, 0, 7],
				"cubes": [
					{"origin": [-2.6, 13.68955, -3.29945], "size": [2, 4.5, 0], "uv": [0, 73], "inflate": 0.01}
				]
			},
			{
				"name": "bone21",
				"parent": "xiongshi",
				"pivot": [0, 0, 0]
			},
			{
				"name": "bone20",
				"parent": "bone21",
				"pivot": [1.79175, 16.34035, -3.15017],
				"rotation": [-4, 0, -8],
				"cubes": [
					{"origin": [0.54175, 13.34035, -3.15017], "size": [2, 5, 0], "uv": [44, 68], "inflate": 0.01}
				]
			},
			{
				"name": "bone19",
				"parent": "bone21",
				"pivot": [1.6, 16.2, -3.2],
				"rotation": [-8, 0, -7],
				"cubes": [
					{"origin": [0.6, 13.68955, -3.29945], "size": [2, 4.5, 0], "uv": [4, 73], "inflate": 0.01}
				]
			},
			{
				"name": "bone18",
				"parent": "xiongshi",
				"pivot": [0, 0, 0],
				"cubes": [
					{"origin": [-0.5, 16.9, -3.5], "size": [1, 1, 1], "uv": [20, 78]}
				]
			},
			{
				"name": "bone",
				"parent": "xiongshi",
				"pivot": [0, 17, -4.2],
				"rotation": [-16, 0, 0],
				"cubes": [
					{"origin": [-1.5, 14, -4.2], "size": [3, 4, 2], "uv": [30, 41], "inflate": -0.5}
				]
			},
			{
				"name": "bei",
				"parent": "body",
				"pivot": [0, 0, 0]
			},
			{
				"name": "bone105",
				"parent": "bei",
				"pivot": [-2.6, 12.7, 2.1],
				"rotation": [2, 0, 10],
				"cubes": [
					{"origin": [-3.3, 11.69477, 3.19986], "size": [3.5, 6, 0], "uv": [8, 62], "inflate": 0.01}
				]
			},
			{
				"name": "bone104",
				"parent": "bei",
				"pivot": [2.6, 12.7, 2.1],
				"rotation": [2, 0, -10],
				"cubes": [
					{"origin": [-0.2, 11.69477, 3.19986], "size": [3.5, 6, 0], "uv": [14, 62], "inflate": 0.01, "mirror": true}
				]
			},
			{
				"name": "bone103",
				"parent": "bei",
				"pivot": [2.3, 12.8, 2.2],
				"rotation": [3, 0, 0],
				"cubes": [
					{"origin": [-3, 12.79477, 3.29986], "size": [6, 5, 0], "uv": [16, 41], "inflate": 0.01}
				]
			},
			{
				"name": "legLeft",
				"pivot": [2, 9, 0],
				"cubes": [
					{"origin": [0.499, 0, -1.5], "size": [3, 9, 3], "uv": [36, 18]}
				]
			},
			{
				"name": "legRight",
				"pivot": [-2, 9, 0],
				"cubes": [
					{"origin": [-3.499, 0, -1.5], "size": [3, 9, 3], "uv": [24, 18]}
				]
			}
		]
	}
}