{
	"format_version": "1.10.0",
	"geometry.model": {
		"texturewidth": 128,
		"textureheight": 128,
		"visible_bounds_width": 3,
		"visible_bounds_height": 4,
		"visible_bounds_offset": [0, 1, 0],
		"bones": [
			{
				"name": "head",
				"pivot": [0, 18, 0],
				"cubes": [
					{"origin": [-4, 17.99, -4], "size": [8, 8, 8], "uv": [36, 0]}
				]
			},
			{
				"name": "blink",
				"parent": "head",
				"pivot": [0, 18, 0],
				"cubes": [
					{"origin": [-4, 17.99, -4.001], "size": [8, 8, 0], "uv": [24, 31]}
				]
			},
			{
				"name": "headout",
				"parent": "head",
				"pivot": [0, 18, 0],
				"cubes": [
					{"origin": [-4.25, 17.75, -4.25], "size": [8.5, 8.5, 8.5], "uv": [68, 0]}
				]
			},
			{
				"name": "hair",
				"parent": "head",
				"pivot": [0, 18, 0]
			},
			{
				"name": "bone18",
				"parent": "hair",
				"pivot": [-3, 20, -4.95],
				"rotation": [-42.5, 5, 90]
			},
			{
				"name": "bone25",
				"parent": "bone18",
				"pivot": [-0.69873, 20.28809, -4.95],
				"rotation": [0, 0, -26.32046],
				"cubes": [
					{"origin": [-1.69873, 20.28809, -4.95], "size": [1, 0, 1], "uv": [0, 104]}
				]
			},
			{
				"name": "bone26",
				"parent": "bone18",
				"pivot": [-1.59521, 19.84462, -4.95],
				"rotation": [0, 0, -24.69237],
				"cubes": [
					{"origin": [-2.59521, 19.84462, -4.95], "size": [1, 0, 1], "uv": [24, 104]}
				]
			},
			{
				"name": "bone27",
				"parent": "bone18",
				"pivot": [-2.50342, 19.42704, -4.95],
				"rotation": [0, 0, -18.14732],
				"cubes": [
					{"origin": [-3.50342, 19.42704, -4.95], "size": [1, 0, 1], "uv": [20, 104]}
				]
			},
			{
				"name": "bone28",
				"parent": "bone18",
				"pivot": [-3.45361, 19.1156, -4.95],
				"rotation": [0, 0, -6.63547],
				"cubes": [
					{"origin": [-4.45361, 19.1156, -4.95], "size": [1, 0, 1], "uv": [16, 104]}
				]
			},
			{
				"name": "bone29",
				"parent": "bone18",
				"pivot": [-4.44678, 19.00006, -4.95],
				"rotation": [0, 0, 7.22486],
				"cubes": [
					{"origin": [-5.44678, 19.00006, -4.95], "size": [1, 0, 1], "uv": [12, 104]}
				]
			},
			{
				"name": "bone30",
				"parent": "bone18",
				"pivot": [-5.43896, 19.12584, -4.95],
				"rotation": [0, 0, 18.5472],
				"cubes": [
					{"origin": [-6.43896, 19.12584, -4.95], "size": [1, 0, 1], "uv": [8, 104]}
				]
			},
			{
				"name": "bone31",
				"parent": "bone18",
				"pivot": [-6.38721, 19.44399, -4.95],
				"rotation": [0, 0, 24.86585],
				"cubes": [
					{"origin": [-7.38721, 19.44399, -4.95], "size": [1, 0, 1], "uv": [4, 104]}
				]
			},
			{
				"name": "bone19",
				"parent": "hair",
				"pivot": [3.25, 20.25, -5.9],
				"rotation": [-41.82528, -14.97079, -95.13174]
			},
			{
				"name": "bone20",
				"parent": "bone19",
				"pivot": [2.50434, 21.11127, -5.27448],
				"rotation": [0, 0, 26.32046],
				"cubes": [
					{"origin": [2.50434, 21.11127, -5.27448], "size": [1, 0, 1], "uv": [10, 99]}
				]
			},
			{
				"name": "bone21",
				"parent": "bone19",
				"pivot": [3.40082, 20.6678, -5.27448],
				"rotation": [0, 0, 24.69237],
				"cubes": [
					{"origin": [3.40082, 20.6678, -5.27448], "size": [1, 0, 1], "uv": [10, 98]}
				]
			},
			{
				"name": "bone22",
				"parent": "bone19",
				"pivot": [4.30903, 20.25022, -5.27448],
				"rotation": [0, 0, 18.14732],
				"cubes": [
					{"origin": [4.30903, 20.25022, -5.27448], "size": [1, 0, 1], "uv": [10, 97]}
				]
			},
			{
				"name": "bone23",
				"parent": "bone19",
				"pivot": [5.25922, 19.93878, -5.27448],
				"rotation": [0, 0, 6.63547],
				"cubes": [
					{"origin": [5.25922, 19.93878, -5.27448], "size": [1, 0, 1], "uv": [10, 96]}
				]
			},
			{
				"name": "bone24",
				"parent": "bone19",
				"pivot": [6.25239, 19.82324, -5.27448],
				"rotation": [0, 0, -7.22486],
				"cubes": [
					{"origin": [6.25239, 19.82324, -5.27448], "size": [1, 0, 1], "uv": [4, 103]}
				]
			},
			{
				"name": "houhair",
				"parent": "hair",
				"pivot": [0, 0, 0]
			},
			{
				"name": "bone",
				"parent": "houhair",
				"pivot": [0, 23, 3.75],
				"rotation": [19, 0, 0],
				"cubes": [
					{"origin": [-1.375, 22.75, 3.75], "size": [2.75, 2.5, 2.25], "uv": [24, 80]}
				]
			},
			{
				"name": "bone87",
				"parent": "houhair",
				"pivot": [0, 0.4, 0]
			},
			{
				"name": "bone63",
				"parent": "bone87",
				"pivot": [-1.35, 22.9, 5.175],
				"rotation": [15.08916, -5.34147, 1.67552],
				"cubes": [
					{"origin": [-1.19459, 22.36789, 5.59735], "size": [1, 1, 0], "uv": [14, 106]}
				]
			},
			{
				"name": "bone64",
				"parent": "bone63",
				"pivot": [-0.66753, 22.36789, 5.84735],
				"rotation": [-5, 0, 0],
				"cubes": [
					{"origin": [-1.19459, 21.36789, 5.59735], "size": [1, 1, 0], "uv": [12, 106]}
				]
			},
			{
				"name": "bone65",
				"parent": "bone64",
				"pivot": [0.08247, 21.11789, 5.84735],
				"rotation": [0, 0, 6],
				"cubes": [
					{"origin": [-1.19459, 20.36789, 5.59735], "size": [1, 1, 0], "uv": [10, 106]}
				]
			},
			{
				"name": "bone66",
				"parent": "bone65",
				"pivot": [0.08247, 20.11789, 5.84735],
				"rotation": [-3.99863, 0.10462, 1.49635],
				"cubes": [
					{"origin": [-1.19459, 19.36789, 5.59735], "size": [1, 1, 0], "uv": [8, 106]}
				]
			},
			{
				"name": "bone67",
				"parent": "bone66",
				"pivot": [-0.16753, 19.36789, 5.84735],
				"rotation": [-2.97438, 0.3914, 7.48984],
				"cubes": [
					{"origin": [-1.19459, 18.36789, 5.59735], "size": [1, 1, 0], "uv": [6, 106]}
				]
			},
			{
				"name": "bone68",
				"parent": "bone67",
				"pivot": [-0.41753, 18.36789, 5.84735],
				"rotation": [2.4905, -0.21782, 4.99527],
				"cubes": [
					{"origin": [-1.22489, 17.46306, 5.60225], "size": [1, 1, 0], "uv": [4, 106]}
				]
			},
			{
				"name": "bone69",
				"parent": "bone68",
				"pivot": [0.02185, 17.55823, 5.85714],
				"rotation": [0, 0, -5],
				"cubes": [
					{"origin": [-1.2552, 16.55823, 5.60714], "size": [1, 1, 0], "uv": [2, 106]}
				]
			},
			{
				"name": "bone70",
				"parent": "bone69",
				"pivot": [0.02185, 16.55823, 5.85714],
				"rotation": [0, 0, 5],
				"cubes": [
					{"origin": [-1.2552, 15.55823, 5.60714], "size": [1, 1, 0], "uv": [0, 106]}
				]
			},
			{
				"name": "bone71",
				"parent": "bone70",
				"pivot": [-0.97815, 15.55823, 5.85714],
				"rotation": [1.99384, 0.15689, -4.49727],
				"cubes": [
					{"origin": [-1.2552, 14.55823, 5.60714], "size": [1, 1, 0], "uv": [38, 105]}
				]
			},
			{
				"name": "bone72",
				"parent": "bone71",
				"pivot": [0.02185, 14.45823, 5.85714],
				"rotation": [-7, 0, 0],
				"cubes": [
					{"origin": [-1.2552, 13.55823, 5.60714], "size": [1, 1, 0], "uv": [36, 105]}
				]
			},
			{
				"name": "bone73",
				"parent": "bone72",
				"pivot": [-0.07815, 13.55823, 5.85714],
				"rotation": [0, 0, 7],
				"cubes": [
					{"origin": [-1.2552, 12.55823, 5.60714], "size": [1, 1, 0], "uv": [34, 105]}
				]
			},
			{
				"name": "bone74",
				"parent": "bone73",
				"pivot": [-0.77815, 12.55823, 5.85714],
				"rotation": [0, 0, -3],
				"cubes": [
					{"origin": [-1.2552, 11.55823, 5.60714], "size": [1, 1, 0], "uv": [32, 105]}
				]
			},
			{
				"name": "bone37",
				"parent": "bone87",
				"pivot": [0, 22.9, 5.575],
				"rotation": [15.6814, 14.64991, -2.27568],
				"cubes": [
					{"origin": [0.15541, 22.36789, 5.99735], "size": [1, 1, 0], "uv": [32, 107]}
				]
			},
			{
				"name": "bone38",
				"parent": "bone37",
				"pivot": [0.68247, 22.36789, 6.24735],
				"rotation": [-5, 0, 0],
				"cubes": [
					{"origin": [0.15541, 21.36789, 5.99735], "size": [1, 1, 0], "uv": [30, 107]}
				]
			},
			{
				"name": "bone39",
				"parent": "bone38",
				"pivot": [1.43247, 21.11789, 6.24735],
				"rotation": [0, 0, 6],
				"cubes": [
					{"origin": [0.15541, 20.36789, 5.99735], "size": [1, 1, 0], "uv": [28, 107]}
				]
			},
			{
				"name": "bone40",
				"parent": "bone39",
				"pivot": [1.43247, 20.11789, 6.24735],
				"rotation": [-3.99863, 0.10462, 1.49635],
				"cubes": [
					{"origin": [0.15541, 19.36789, 5.99735], "size": [1, 1, 0], "uv": [26, 107]}
				]
			},
			{
				"name": "bone41",
				"parent": "bone40",
				"pivot": [1.18247, 19.36789, 6.24735],
				"rotation": [-2.97438, 0.3914, 7.48984],
				"cubes": [
					{"origin": [0.15541, 18.36789, 5.99735], "size": [1, 1, 0], "uv": [24, 107]}
				]
			},
			{
				"name": "bone42",
				"parent": "bone41",
				"pivot": [0.93247, 18.36789, 6.24735],
				"rotation": [-1.49429, 0.13072, 4.9983],
				"cubes": [
					{"origin": [0.12511, 17.46306, 6.00225], "size": [1, 1, 0], "uv": [22, 107]}
				]
			},
			{
				"name": "bone43",
				"parent": "bone42",
				"pivot": [1.37185, 17.55823, 6.25714],
				"rotation": [0, 0, -5],
				"cubes": [
					{"origin": [0.0948, 16.55823, 6.00714], "size": [1, 1, 0], "uv": [20, 107]}
				]
			},
			{
				"name": "bone44",
				"parent": "bone43",
				"pivot": [1.37185, 16.55823, 6.25714],
				"rotation": [0, 0, 5],
				"cubes": [
					{"origin": [0.0948, 15.55823, 6.00714], "size": [1, 1, 0], "uv": [18, 107]}
				]
			},
			{
				"name": "bone45",
				"parent": "bone44",
				"pivot": [0.37185, 15.55823, 6.25714],
				"rotation": [1.99384, 0.15689, -4.49727],
				"cubes": [
					{"origin": [0.0948, 14.55823, 6.00714], "size": [1, 1, 0], "uv": [16, 107]}
				]
			},
			{
				"name": "bone46",
				"parent": "bone45",
				"pivot": [1.37185, 14.45823, 6.25714],
				"rotation": [-7, 0, 0],
				"cubes": [
					{"origin": [0.0948, 13.55823, 6.00714], "size": [1, 1, 0], "uv": [14, 107]}
				]
			},
			{
				"name": "bone47",
				"parent": "bone46",
				"pivot": [1.27185, 13.55823, 6.25714],
				"rotation": [0, 0, 7],
				"cubes": [
					{"origin": [0.0948, 12.55823, 6.00714], "size": [1, 1, 0], "uv": [12, 107]}
				]
			},
			{
				"name": "bone48",
				"parent": "bone47",
				"pivot": [0.57185, 12.55823, 6.25714],
				"rotation": [0, 0, -3],
				"cubes": [
					{"origin": [0.0948, 11.55823, 6.00714], "size": [1, 1, 0], "uv": [10, 107]}
				]
			},
			{
				"name": "bone34",
				"parent": "bone87",
				"pivot": [-0.7, 22.9, 5.575],
				"rotation": [16.71439, 14.61754, 1.9853],
				"cubes": [
					{"origin": [-0.54459, 22.36789, 5.99735], "size": [1, 1, 0], "uv": [8, 107]}
				]
			},
			{
				"name": "bone35",
				"parent": "bone34",
				"pivot": [-0.01753, 22.36789, 6.24735],
				"rotation": [-5, 0, 0],
				"cubes": [
					{"origin": [-0.54459, 21.36789, 5.99735], "size": [1, 1, 0], "uv": [6, 107]}
				]
			},
			{
				"name": "bone36",
				"parent": "bone35",
				"pivot": [0.73247, 21.11789, 6.24735],
				"rotation": [0, 0, 6],
				"cubes": [
					{"origin": [-0.54459, 20.36789, 5.99735], "size": [1, 1, 0], "uv": [4, 107]}
				]
			},
			{
				"name": "bone49",
				"parent": "bone36",
				"pivot": [0.73247, 20.11789, 6.24735],
				"rotation": [-3.99863, 0.10462, 1.49635],
				"cubes": [
					{"origin": [-0.54459, 19.36789, 5.99735], "size": [1, 1, 0], "uv": [2, 107]}
				]
			},
			{
				"name": "bone50",
				"parent": "bone49",
				"pivot": [0.48247, 19.36789, 6.24735],
				"rotation": [-2.97438, 0.3914, 7.48984],
				"cubes": [
					{"origin": [-0.54459, 18.36789, 5.99735], "size": [1, 1, 0], "uv": [0, 107]}
				]
			},
			{
				"name": "bone51",
				"parent": "bone50",
				"pivot": [0.23247, 18.36789, 6.24735],
				"rotation": [-1.49429, 0.13072, 4.9983],
				"cubes": [
					{"origin": [-0.57489, 17.46306, 6.00225], "size": [1, 1, 0], "uv": [38, 106]}
				]
			},
			{
				"name": "bone52",
				"parent": "bone51",
				"pivot": [0.67185, 17.55823, 6.25714],
				"rotation": [0, 0, -5],
				"cubes": [
					{"origin": [-0.6052, 16.55823, 6.00714], "size": [1, 1, 0], "uv": [36, 106]}
				]
			},
			{
				"name": "bone53",
				"parent": "bone52",
				"pivot": [0.67185, 16.55823, 6.25714],
				"rotation": [0, 0, 5],
				"cubes": [
					{"origin": [-0.6052, 15.55823, 6.00714], "size": [1, 1, 0], "uv": [34, 106]}
				]
			},
			{
				"name": "bone54",
				"parent": "bone53",
				"pivot": [-0.32815, 15.55823, 6.25714],
				"rotation": [1.99384, 0.15689, -4.49727],
				"cubes": [
					{"origin": [-0.6052, 14.55823, 6.00714], "size": [1, 1, 0], "uv": [32, 106]}
				]
			},
			{
				"name": "bone55",
				"parent": "bone54",
				"pivot": [0.67185, 14.45823, 6.25714],
				"rotation": [-7, 0, 0],
				"cubes": [
					{"origin": [-0.6052, 13.55823, 6.00714], "size": [1, 1, 0], "uv": [30, 106]}
				]
			},
			{
				"name": "bone56",
				"parent": "bone55",
				"pivot": [0.57185, 13.55823, 6.25714],
				"rotation": [0, 0, 7],
				"cubes": [
					{"origin": [-0.6052, 12.55823, 6.00714], "size": [1, 1, 0], "uv": [28, 106]}
				]
			},
			{
				"name": "bone57",
				"parent": "bone56",
				"pivot": [-0.12815, 12.55823, 6.25714],
				"rotation": [0, 0, -3],
				"cubes": [
					{"origin": [-0.6052, 11.55823, 6.00714], "size": [1, 1, 0], "uv": [26, 106]}
				]
			},
			{
				"name": "bone58",
				"parent": "bone57",
				"pivot": [-0.28543, 11.64745, 6.2222],
				"rotation": [0, 0, 8],
				"cubes": [
					{"origin": [-0.6021, 10.69233, 6.00714], "size": [1, 1, 0], "uv": [24, 106]}
				]
			},
			{
				"name": "bone59",
				"parent": "bone58",
				"pivot": [0.62477, 10.61381, 6.2222],
				"rotation": [1.99384, 0.15689, -4.49727],
				"cubes": [
					{"origin": [-0.59311, 9.76534, 6.00986], "size": [1, 1, 0], "uv": [22, 106]}
				]
			},
			{
				"name": "bone60",
				"parent": "bone59",
				"pivot": [1.62477, 9.51381, 6.2222],
				"rotation": [-7, 0, 0],
				"cubes": [
					{"origin": [-0.59311, 8.7688, 5.99111], "size": [1, 1, 0], "uv": [20, 106]}
				]
			},
			{
				"name": "bone61",
				"parent": "bone60",
				"pivot": [1.52477, 8.61381, 6.2222],
				"rotation": [0, 0, 7],
				"cubes": [
					{"origin": [-0.60499, 7.65299, 5.99111], "size": [1, 1, 0], "uv": [18, 106]}
				]
			},
			{
				"name": "bone62",
				"parent": "bone61",
				"pivot": [0.82477, 7.61381, 6.2222],
				"rotation": [0, 0, -3],
				"cubes": [
					{"origin": [-0.60163, 6.7028, 5.99111], "size": [1, 1, 0], "uv": [16, 106]}
				]
			},
			{
				"name": "bone75",
				"parent": "bone87",
				"pivot": [-0.4, 22.5, 5.075],
				"rotation": [15.6814, 14.64991, -27.27568],
				"cubes": [
					{"origin": [-0.24459, 21.96789, 5.49735], "size": [1, 1, 0], "uv": [30, 105]}
				]
			},
			{
				"name": "bone76",
				"parent": "bone75",
				"pivot": [0.28247, 21.96789, 5.74735],
				"rotation": [-5, 0, 0],
				"cubes": [
					{"origin": [-0.24459, 20.96789, 5.49735], "size": [1, 1, 0], "uv": [28, 105]}
				]
			},
			{
				"name": "bone77",
				"parent": "bone76",
				"pivot": [1.03247, 20.71789, 5.74735],
				"rotation": [0, 0, 6],
				"cubes": [
					{"origin": [-0.24459, 19.96789, 5.49735], "size": [1, 1, 0], "uv": [26, 105]}
				]
			},
			{
				"name": "bone78",
				"parent": "bone77",
				"pivot": [1.03247, 19.71789, 5.74735],
				"rotation": [-3.99863, 0.10462, 1.49635],
				"cubes": [
					{"origin": [-0.24459, 18.96789, 5.49735], "size": [1, 1, 0], "uv": [24, 105]}
				]
			},
			{
				"name": "bone79",
				"parent": "bone78",
				"pivot": [0.78247, 18.96789, 5.74735],
				"rotation": [-2.97438, 0.3914, 7.48984],
				"cubes": [
					{"origin": [-0.24459, 17.96789, 5.49735], "size": [1, 1, 0], "uv": [22, 105]}
				]
			},
			{
				"name": "bone80",
				"parent": "bone79",
				"pivot": [0.53247, 17.96789, 5.74735],
				"rotation": [-1.49429, 0.13072, 4.9983],
				"cubes": [
					{"origin": [-0.27489, 17.06306, 5.50225], "size": [1, 1, 0], "uv": [20, 105]}
				]
			},
			{
				"name": "bone81",
				"parent": "bone80",
				"pivot": [0.97185, 17.15823, 5.75714],
				"rotation": [0, 0, 4],
				"cubes": [
					{"origin": [-0.3052, 16.15823, 5.50714], "size": [1, 1, 0], "uv": [18, 105]}
				]
			},
			{
				"name": "bone82",
				"parent": "bone81",
				"pivot": [0.97185, 16.15823, 5.75714],
				"rotation": [0, 0, 5],
				"cubes": [
					{"origin": [-0.3052, 15.15823, 5.50714], "size": [1, 1, 0], "uv": [16, 105]}
				]
			},
			{
				"name": "bone83",
				"parent": "bone82",
				"pivot": [0.87185, 15.15823, 5.75714],
				"rotation": [1.99384, 0.15689, 5.50273],
				"cubes": [
					{"origin": [-0.30243, 14.22884, 5.50714], "size": [1, 1, 0], "uv": [14, 105]}
				]
			},
			{
				"name": "bone84",
				"parent": "bone83",
				"pivot": [0.97463, 14.12884, 5.75714],
				"rotation": [-7, 0, 7],
				"cubes": [
					{"origin": [-0.30243, 13.22884, 5.50714], "size": [1, 1, 0], "uv": [12, 105]}
				]
			},
			{
				"name": "bone85",
				"parent": "bone84",
				"pivot": [0.87463, 13.22884, 5.75714],
				"rotation": [0, 0, 10],
				"cubes": [
					{"origin": [-0.30243, 12.22884, 5.50714], "size": [1, 1, 0], "uv": [10, 105]}
				]
			},
			{
				"name": "bone86",
				"parent": "bone85",
				"pivot": [0.17463, 12.22884, 5.75714],
				"rotation": [0, 0, -3],
				"cubes": [
					{"origin": [-0.30243, 11.22884, 5.50714], "size": [1, 1, 0], "uv": [8, 105]}
				]
			},
			{
				"name": "bone88",
				"parent": "bone87",
				"pivot": [-1.7, 22.9, 5.075],
				"rotation": [6.40636, 14.11026, -4.58393],
				"cubes": [
					{"origin": [-1.54459, 22.36789, 5.49735], "size": [1, 1, 0], "uv": [6, 105]}
				]
			},
			{
				"name": "bone89",
				"parent": "bone88",
				"pivot": [-1.01753, 22.36789, 5.74735],
				"rotation": [-5, 0, 0],
				"cubes": [
					{"origin": [-1.54459, 21.36789, 5.49735], "size": [1, 1, 0], "uv": [4, 105]}
				]
			},
			{
				"name": "bone90",
				"parent": "bone89",
				"pivot": [-0.26753, 21.11789, 5.74735],
				"rotation": [0, 0, 6],
				"cubes": [
					{"origin": [-1.54459, 20.36789, 5.49735], "size": [1, 1, 0], "uv": [2, 105]}
				]
			},
			{
				"name": "bone91",
				"parent": "bone90",
				"pivot": [-0.26753, 20.11789, 5.74735],
				"rotation": [-3.99863, 0.10462, 1.49635],
				"cubes": [
					{"origin": [-1.54459, 19.36789, 5.49735], "size": [1, 1, 0], "uv": [0, 105]}
				]
			},
			{
				"name": "bone92",
				"parent": "bone91",
				"pivot": [-0.51753, 19.36789, 5.74735],
				"rotation": [-2.97438, 0.3914, 7.48984],
				"cubes": [
					{"origin": [-1.54459, 18.36789, 5.49735], "size": [1, 1, 0], "uv": [42, 104]}
				]
			},
			{
				"name": "bone93",
				"parent": "bone92",
				"pivot": [-0.76753, 18.36789, 5.74735],
				"rotation": [-1.49429, 0.13072, 4.9983],
				"cubes": [
					{"origin": [-1.57489, 17.46306, 5.50225], "size": [1, 1, 0], "uv": [40, 104]}
				]
			},
			{
				"name": "bone94",
				"parent": "bone93",
				"pivot": [-0.32815, 17.55823, 5.75714],
				"rotation": [0, 0, 4],
				"cubes": [
					{"origin": [-1.6052, 16.55823, 5.50714], "size": [1, 1, 0], "uv": [38, 104]}
				]
			},
			{
				"name": "bone95",
				"parent": "bone94",
				"pivot": [-0.32815, 16.55823, 5.75714],
				"rotation": [0, 0, 5],
				"cubes": [
					{"origin": [-1.6052, 15.55823, 5.50714], "size": [1, 1, 0], "uv": [36, 104]}
				]
			},
			{
				"name": "bone96",
				"parent": "bone95",
				"pivot": [-0.42815, 15.55823, 5.75714],
				"rotation": [1.99384, 0.15689, 5.50273],
				"cubes": [
					{"origin": [-1.60243, 14.62884, 5.50714], "size": [1, 1, 0], "uv": [34, 104]}
				]
			},
			{
				"name": "bone97",
				"parent": "bone96",
				"pivot": [-0.32537, 14.52884, 5.75714],
				"rotation": [-7, 0, 7],
				"cubes": [
					{"origin": [-1.60243, 13.62884, 5.50714], "size": [1, 1, 0], "uv": [32, 104]}
				]
			},
			{
				"name": "bone98",
				"parent": "bone97",
				"pivot": [-0.42537, 13.62884, 5.75714],
				"rotation": [0, 0, 10],
				"cubes": [
					{"origin": [-1.60243, 12.62884, 5.50714], "size": [1, 1, 0], "uv": [30, 104]}
				]
			},
			{
				"name": "bone99",
				"parent": "bone98",
				"pivot": [-1.12537, 12.62884, 5.75714],
				"rotation": [0, 0, -3],
				"cubes": [
					{"origin": [-1.60243, 11.62884, 5.50714], "size": [1, 1, 0], "uv": [28, 104]}
				]
			},
			{
				"name": "maozi",
				"parent": "head",
				"pivot": [0.05, 26.3, 1.6],
				"rotation": [-13, 0, 0]
			},
			{
				"name": "bone104",
				"parent": "maozi",
				"pivot": [0, 26.3, 1.6],
				"cubes": [
					{"origin": [-5, 25.90108, -4.17062], "size": [10, 3, 9], "uv": [56, 16]}
				]
			},
			{
				"name": "bone103",
				"parent": "maozi",
				"pivot": [0, 22, 0.4],
				"cubes": [
					{"origin": [-4.35, 24.7, -3.6], "size": [8.7, 4, 8], "uv": [0, 16]}
				]
			},
			{
				"name": "armRight",
				"pivot": [-3, 17.5, 0],
				"rotation": [0, 0, 25],
				"cubes": [
					{"origin": [-5, 8.5, -1], "size": [2, 8, 2], "uv": [0, 70]},
					{"origin": [-5.5, 10, -1.5], "size": [3, 7.5, 3], "uv": [12, 44]}
				]
			},
			{
				"name": "armLeft",
				"pivot": [3, 17.5, 0],
				"rotation": [0, 0, -25],
				"cubes": [
					{"origin": [2.5, 10, -1.5], "size": [3, 7.5, 3], "uv": [0, 44]},
					{"origin": [3, 8.5, -1], "size": [2, 8, 2], "uv": [14, 55]}
				]
			},
			{
				"name": "body",
				"pivot": [0, 10.5, 0],
				"cubes": [
					{"origin": [-3, 8.999, -3], "size": [6, 9, 6], "uv": [32, 16]}
				]
			},
			{
				"name": "sittingRotationSkirt",
				"parent": "body",
				"pivot": [0, 10.5, 0]
			},
			{
				"name": "qun",
				"parent": "sittingRotationSkirt",
				"pivot": [0, 6.75, 0]
			},
			{
				"name": "bone2",
				"parent": "qun",
				"pivot": [0, 6.36, 0]
			},
			{
				"name": "bone3",
				"parent": "bone2",
				"pivot": [0, 6.36, 3.57113],
				"rotation": [2, 0, 0],
				"cubes": [
					{"origin": [-2.1432, 2.45017, 3.57113], "size": [4.2864, 8.5364, 0], "uv": [16, 80]}
				]
			},
			{
				"name": "bone4",
				"parent": "bone3",
				"pivot": [-2.1432, 6.31017, 3.57113],
				"rotation": [0, 0, 1.99878],
				"cubes": [
					{"origin": [-3.572, 2.45017, 3.57042], "size": [1.6788, 8.5364, 0], "uv": [2, 96]}
				]
			},
			{
				"name": "bone5",
				"parent": "bone3",
				"pivot": [2.1432, 6.31017, 3.57113],
				"rotation": [0, 0, -1.99878],
				"cubes": [
					{"origin": [1.8932, 2.45017, 3.57185], "size": [1.6788, 8.5364, 0], "uv": [0, 96]}
				]
			},
			{
				"name": "bone6",
				"parent": "qun",
				"pivot": [0, 6.36, 0],
				"rotation": [0, -90, 0]
			},
			{
				"name": "bone7",
				"parent": "bone6",
				"pivot": [0, 6.36, 3.57113],
				"rotation": [2, 0, 0],
				"cubes": [
					{"origin": [-2.1432, 2.45017, 3.57113], "size": [4.2864, 8.5364, 0], "uv": [8, 80]}
				]
			},
			{
				"name": "bone8",
				"parent": "bone7",
				"pivot": [-2.1432, 6.31017, 3.57113],
				"rotation": [0, 0, 1.99878],
				"cubes": [
					{"origin": [-3.572, 2.45017, 3.57042], "size": [1.6788, 8.5364, 0], "uv": [10, 88]}
				]
			},
			{
				"name": "bone9",
				"parent": "bone7",
				"pivot": [2.1432, 6.31017, 3.57113],
				"rotation": [0, 0, -1.99878],
				"cubes": [
					{"origin": [1.8932, 2.45017, 3.57185], "size": [1.6788, 8.5364, 0], "uv": [8, 88]}
				]
			},
			{
				"name": "bone10",
				"parent": "qun",
				"pivot": [0, 6.36, 0],
				"rotation": [0, -180, 0]
			},
			{
				"name": "bone11",
				"parent": "bone10",
				"pivot": [0, 6.36, 3.57113],
				"rotation": [2, 0, 0],
				"cubes": [
					{"origin": [-2.1432, 2.45017, 3.57113], "size": [4.2864, 8.5364, 0], "uv": [0, 80]}
				]
			},
			{
				"name": "bone12",
				"parent": "bone11",
				"pivot": [-2.1432, 6.31017, 3.57113],
				"rotation": [0, 0, 1.99878],
				"cubes": [
					{"origin": [-3.572, 2.45017, 3.57042], "size": [1.6788, 8.5364, 0], "uv": [6, 88]}
				]
			},
			{
				"name": "bone13",
				"parent": "bone11",
				"pivot": [2.1432, 6.31017, 3.57113],
				"rotation": [0, 0, -1.99878],
				"cubes": [
					{"origin": [1.8932, 2.45017, 3.57185], "size": [1.6788, 8.5364, 0], "uv": [4, 88]}
				]
			},
			{
				"name": "bone14",
				"parent": "qun",
				"pivot": [0, 6.36, 0],
				"rotation": [0, -270, 0]
			},
			{
				"name": "bone15",
				"parent": "bone14",
				"pivot": [0, 6.36, 3.57113],
				"rotation": [2, 0, 0],
				"cubes": [
					{"origin": [-2.1432, 2.45017, 3.57113], "size": [4.2864, 8.5364, 0], "uv": [20, 70]}
				]
			},
			{
				"name": "bone16",
				"parent": "bone15",
				"pivot": [-2.1432, 6.31017, 3.57113],
				"rotation": [0, 0, 1.99878],
				"cubes": [
					{"origin": [-3.572, 2.45017, 3.57042], "size": [1.6788, 8.5364, 0], "uv": [2, 88]}
				]
			},
			{
				"name": "bone17",
				"parent": "bone15",
				"pivot": [2.1432, 6.31017, 3.57113],
				"rotation": [0, 0, -1.99878],
				"cubes": [
					{"origin": [1.8932, 2.45017, 3.57185], "size": [1.6788, 8.5364, 0], "uv": [0, 88]}
				]
			},
			{
				"name": "bodyout",
				"parent": "body",
				"pivot": [0, 10.5, 0],
				"cubes": [
					{"origin": [-3.25, 11, -3.25], "size": [6.5, 7, 6.5], "uv": [0, 31]}
				]
			},
			{
				"name": "dao",
				"parent": "body",
				"pivot": [3.75, 11.75, -2.75],
				"rotation": [40.66499, -4.46375, -16.93839]
			},
			{
				"name": "bone100",
				"parent": "dao",
				"pivot": [-5, 2.63829, -3.56878],
				"cubes": [
					{"origin": [3.25, 13.08829, -3.36878], "size": [1.5, 1, 2], "uv": [4, 96]}
				]
			},
			{
				"name": "bone101",
				"parent": "dao",
				"pivot": [4.5, 13.78829, -2.86878],
				"cubes": [
					{"origin": [3.5, 13.78829, -2.86878], "size": [1, 3, 1], "uv": [4, 99]}
				]
			},
			{
				"name": "bone102",
				"parent": "dao",
				"pivot": [4.5, 12.13829, -2.76878],
				"cubes": [
					{"origin": [3.5, -1.61171, -2.86878], "size": [1, 14.75, 1], "uv": [10, 55]}
				]
			},
			{
				"name": "legLeft",
				"pivot": [1.55, 9, 0],
				"cubes": [
					{"origin": [0.049, 0.1, -1.5], "size": [2.75, 8.9, 3], "uv": [0, 55]}
				]
			},
			{
				"name": "bone32",
				"parent": "legLeft",
				"pivot": [-0.45, 0, 0],
				"cubes": [
					{"origin": [0, 0, -2.4], "size": [2.85, 1.5, 4.05], "uv": [8, 75]}
				]
			},
			{
				"name": "legRight",
				"pivot": [-1.55, 9, 0],
				"cubes": [
					{"origin": [-2.799, 0.2, -1.5], "size": [2.75, 8.8, 3], "uv": [24, 44]}
				]
			},
			{
				"name": "bone33",
				"parent": "legRight",
				"pivot": [0.45, 0, 0],
				"cubes": [
					{"origin": [-2.85, 0, -2.5], "size": [2.85, 1.5, 4.15], "uv": [8, 70]}
				]
			}
		]
	}
}