{
	"format_version": "1.10.0",
	"geometry.model": {
		"texturewidth": 128,
		"textureheight": 128,
		"visible_bounds_width": 3,
		"visible_bounds_height": NaN,
		"visible_bounds_offset": [0, NaN, 0],
		"bones": [
			{
				"name": "head",
				"pivot": [0, 18.3, 0],
				"cubes": [
					{"origin": [-3.6, 18, -3.7], "size": [7.2, 7.6, 7.3], "uv": [32, 0]},
					{"origin": [-4, 18, -4], "size": [8, 8, 8], "uv": [0, 0]}
				]
			},
			{
				"name": "blink",
				"parent": "head",
				"pivot": [0, 18, 0],
				"cubes": [
					{"origin": [-3.6, 18, -3.701], "size": [7.2, 7.6, 0], "uv": [24, 51]}
				]
			},
			{
				"name": "er",
				"parent": "head",
				"pivot": [1.7, -10.1, 0]
			},
			{
				"name": "bone117",
				"parent": "er",
				"pivot": [-1.87, 26.58, 0.14],
				"rotation": [0, 0, 40],
				"cubes": [
					{"origin": [-3.48, 26.3, -0.12], "size": [1.68, 0.84, 1.52], "uv": [11, 99]}
				]
			},
			{
				"name": "bone118",
				"parent": "er",
				"pivot": [-3.34, 26.23, 0.7],
				"rotation": [0, 0, -15],
				"cubes": [
					{"origin": [-4.46, 26.02, -0.12], "size": [0.7, 1.12, 1.52], "uv": [6, 122]}
				]
			},
			{
				"name": "bone119",
				"parent": "er",
				"pivot": [-3.34, 25.46, 0],
				"rotation": [0, 0, 44],
				"cubes": [
					{"origin": [-5.23175, 25.52255, -0.12], "size": [0.7, 1.4, 1.52], "uv": [12, 55]}
				]
			},
			{
				"name": "bone120",
				"parent": "er",
				"pivot": [-1.94, 26.16, 0.7],
				"rotation": [0, 0, -12],
				"cubes": [
					{"origin": [-1.99982, 25.94588, -0.12], "size": [0.7, 0.9, 1.52], "uv": [12, 55]}
				]
			},
			{
				"name": "bone121",
				"parent": "er",
				"pivot": [-3.76, 27.84, 0.7],
				"rotation": [0, 0, -12.5],
				"cubes": [
					{"origin": [-3.68815, 27.11398, -0.12], "size": [0.98, 0.7, 1.52], "uv": [15, 57]}
				]
			},
			{
				"name": "bone122",
				"parent": "er",
				"pivot": [-2.4, 25.9, 0],
				"cubes": [
					{"origin": [-3.9, 25.9, 0.1], "size": [2, 1.4, 1.1], "uv": [16, 103]}
				]
			},
			{
				"name": "er2",
				"parent": "head",
				"pivot": [-1.7, -10.1, 0]
			},
			{
				"name": "bone123",
				"parent": "er2",
				"pivot": [1.87, 26.58, 0.14],
				"rotation": [0, 0, -40],
				"cubes": [
					{"origin": [1.8, 26.3, -0.12], "size": [1.68, 0.84, 1.52], "uv": [6, 59]}
				]
			},
			{
				"name": "bone124",
				"parent": "er2",
				"pivot": [3.34, 26.23, 0.7],
				"rotation": [0, 0, 15],
				"cubes": [
					{"origin": [3.76, 26.02, -0.12], "size": [0.7, 1.12, 1.52], "uv": [2, 122]}
				]
			},
			{
				"name": "bone125",
				"parent": "er2",
				"pivot": [3.34, 25.46, 0],
				"rotation": [0, 0, -44],
				"cubes": [
					{"origin": [4.53175, 25.52255, -0.12], "size": [0.7, 1.4, 1.52], "uv": [5, 54]}
				]
			},
			{
				"name": "bone126",
				"parent": "er2",
				"pivot": [1.94, 26.16, 0.7],
				"rotation": [0, 0, 12],
				"cubes": [
					{"origin": [1.29982, 25.94588, -0.12], "size": [0.7, 0.9, 1.52], "uv": [10, 56]}
				]
			},
			{
				"name": "bone127",
				"parent": "er2",
				"pivot": [3.76, 27.84, 0.7],
				"rotation": [0, 0, 12.5],
				"cubes": [
					{"origin": [2.70815, 27.11398, -0.12], "size": [0.98, 0.7, 1.52], "uv": [3, 58]}
				]
			},
			{
				"name": "bone128",
				"parent": "er2",
				"pivot": [2.4, 25.9, 0],
				"cubes": [
					{"origin": [1.9, 25.9, 0.1], "size": [2, 1.4, 1.1], "uv": [16, 101]}
				]
			},
			{
				"name": "fazan",
				"parent": "head",
				"pivot": [3, 22.7, -4.1],
				"rotation": [0, 0, -19],
				"cubes": [
					{"origin": [2.5, 22.2, -4.2], "size": [1, 1, 0.2], "uv": [126, 126]}
				]
			},
			{
				"name": "toushi",
				"parent": "head",
				"pivot": [0, -0.1, 0]
			},
			{
				"name": "bone166",
				"parent": "toushi",
				"pivot": [0, 25.9, -2.3],
				"cubes": [
					{"origin": [-4.2, 25.9, -1.6], "size": [8.4, 0.4, 0.6], "uv": [0, 127]}
				]
			},
			{
				"name": "bone169",
				"parent": "toushi",
				"pivot": [0, -0.1, 0]
			},
			{
				"name": "bone167",
				"parent": "bone169",
				"pivot": [4.5, 25.9, -1.3],
				"rotation": [0, 0, 70],
				"cubes": [
					{"origin": [4.02152, 25.1549, -1.6], "size": [1, 0.6, 0.6], "uv": [1, 127]}
				]
			},
			{
				"name": "bone168",
				"parent": "bone169",
				"pivot": [0, -0.1, 0],
				"cubes": [
					{"origin": [3.94202, 23.56031, -1.6], "size": [0.6, 1.8, 0.6], "uv": [5, 126]}
				]
			},
			{
				"name": "bone176",
				"parent": "bone169",
				"pivot": [0, -0.1, 0]
			},
			{
				"name": "bone175",
				"parent": "bone176",
				"pivot": [4.6, 24.5, -1.4],
				"rotation": [0, 0, 90],
				"cubes": [
					{"origin": [3.73969, 24.44202, -1.4], "size": [1.7, 0.2, 0], "uv": [5, 127]}
				]
			},
			{
				"name": "bone174",
				"parent": "bone176",
				"pivot": [4.15, 26.7, -1.4],
				"rotation": [0, 0, 70],
				"cubes": [
					{"origin": [4.54298, 26.61018, -1.4], "size": [1, 0.2, 0], "uv": [6, 127]}
				]
			},
			{
				"name": "bone170",
				"parent": "toushi",
				"pivot": [0, -0.1, 0]
			},
			{
				"name": "bone171",
				"parent": "bone170",
				"pivot": [-4.5, 25.9, -1.3],
				"rotation": [0, 0, -70],
				"cubes": [
					{"origin": [-5.02152, 25.1549, -1.6], "size": [1, 0.6, 0.6], "uv": [1, 127]}
				]
			},
			{
				"name": "bone172",
				"parent": "bone170",
				"pivot": [0, -0.1, 0],
				"cubes": [
					{"origin": [-4.54202, 23.56031, -1.6], "size": [0.6, 1.8, 0.6], "uv": [5, 126]}
				]
			},
			{
				"name": "bone177",
				"parent": "bone170",
				"pivot": [0, -0.1, 0]
			},
			{
				"name": "bone178",
				"parent": "bone177",
				"pivot": [-4.6, 24.5, -1.4],
				"rotation": [0, 0, -90],
				"cubes": [
					{"origin": [-5.43969, 24.44202, -1.4], "size": [1.7, 0.2, 0], "uv": [4, 127]}
				]
			},
			{
				"name": "bone179",
				"parent": "bone177",
				"pivot": [-4.15, 26.7, -1.4],
				"rotation": [0, 0, -70],
				"cubes": [
					{"origin": [-5.54298, 26.61018, -1.4], "size": [1, 0.2, 0], "uv": [1, 127]}
				]
			},
			{
				"name": "bone173",
				"parent": "toushi",
				"pivot": [0, -0.1, 0],
				"cubes": [
					{"origin": [-4.2, 26.3, -1.4], "size": [8.4, 0.2, 0], "uv": [1, 127]}
				]
			},
			{
				"name": "face",
				"parent": "head",
				"pivot": [0, 0, 0]
			},
			{
				"name": "fazuoce",
				"parent": "face",
				"pivot": [0, 1.1, 0]
			},
			{
				"name": "bone182",
				"parent": "fazuoce",
				"pivot": [3.9, 24.6, -1.1],
				"rotation": [18.42435, -0.31458, 78.23345]
			},
			{
				"name": "bone201",
				"parent": "bone182",
				"pivot": [8.21915, 24.5538, -0.41832],
				"rotation": [0, 0, 21.01398],
				"cubes": [
					{"origin": [7.21915, 24.5538, -1.41832], "size": [1, 0, 1], "uv": [52, 117]}
				]
			},
			{
				"name": "bone202",
				"parent": "bone182",
				"pivot": [7.28556, 24.91244, -0.41832],
				"rotation": [0, 0, 11.1227],
				"cubes": [
					{"origin": [6.28556, 24.91244, -1.41832], "size": [1, 0, 1], "uv": [48, 117]}
				]
			},
			{
				"name": "bone224",
				"parent": "bone182",
				"pivot": [6.30411, 25.10539, -0.41832],
				"rotation": [0, 0, -2.45273],
				"cubes": [
					{"origin": [5.30411, 25.10539, -1.41832], "size": [1, 0, 1], "uv": [44, 117]}
				]
			},
			{
				"name": "bone225",
				"parent": "bone182",
				"pivot": [5.30509, 25.0626, -0.41832],
				"rotation": [0, 0, -15.13268],
				"cubes": [
					{"origin": [4.30509, 25.0626, -1.41832], "size": [1, 0, 1], "uv": [40, 117]}
				]
			},
			{
				"name": "bone226",
				"parent": "bone182",
				"pivot": [4.33976, 24.80154, -0.41832],
				"rotation": [0, 0, -23.24925],
				"cubes": [
					{"origin": [3.33976, 24.80154, -1.41832], "size": [1, 0, 1], "uv": [36, 117]}
				]
			},
			{
				"name": "bone217",
				"parent": "fazuoce",
				"pivot": [3.9, 24.6, 0.3],
				"rotation": [-23.64642, -15.19783, 70.77428]
			},
			{
				"name": "bone218",
				"parent": "bone217",
				"pivot": [9.11954, 24.11866, -0.38168],
				"rotation": [0, 0, 25.79358],
				"cubes": [
					{"origin": [8.11954, 24.11866, -0.38168], "size": [1, 0, 1], "uv": [20, 118]}
				]
			},
			{
				"name": "bone219",
				"parent": "bone217",
				"pivot": [8.21915, 24.5538, -0.38168],
				"rotation": [0, 0, 21.01398],
				"cubes": [
					{"origin": [7.21915, 24.5538, -0.38168], "size": [1, 0, 1], "uv": [16, 118]}
				]
			},
			{
				"name": "bone220",
				"parent": "bone217",
				"pivot": [7.28556, 24.91244, -0.38168],
				"rotation": [0, 0, 11.1227],
				"cubes": [
					{"origin": [6.28556, 24.91244, -0.38168], "size": [1, 0, 1], "uv": [12, 118]}
				]
			},
			{
				"name": "bone221",
				"parent": "bone217",
				"pivot": [6.30411, 25.10539, -0.38168],
				"rotation": [0, 0, -2.45273],
				"cubes": [
					{"origin": [5.30411, 25.10539, -0.38168], "size": [1, 0, 1], "uv": [8, 118]}
				]
			},
			{
				"name": "bone222",
				"parent": "bone217",
				"pivot": [5.30509, 25.0626, -0.38168],
				"rotation": [0, 0, -15.13268],
				"cubes": [
					{"origin": [4.30509, 25.0626, -0.38168], "size": [1, 0, 1], "uv": [4, 118]}
				]
			},
			{
				"name": "bone223",
				"parent": "bone217",
				"pivot": [4.33976, 24.80154, -0.38168],
				"rotation": [0, 0, -23.24925],
				"cubes": [
					{"origin": [3.33976, 24.80154, -0.38168], "size": [1, 0, 1], "uv": [0, 118]}
				]
			},
			{
				"name": "bone261",
				"parent": "fazuoce",
				"pivot": [3.9, 23.2, 4],
				"rotation": [-18.88076, -22.21498, 92.95474]
			},
			{
				"name": "bone262",
				"parent": "bone261",
				"pivot": [9.11954, 22.71866, 3.31832],
				"rotation": [0, 0, 25.79358],
				"cubes": [
					{"origin": [8.11954, 22.71866, 3.31832], "size": [1, 0, 0.5], "uv": [20, 118]}
				]
			},
			{
				"name": "bone263",
				"parent": "bone261",
				"pivot": [8.21915, 23.1538, 3.31832],
				"rotation": [0, 0, 21.01398],
				"cubes": [
					{"origin": [7.21915, 23.1538, 3.31832], "size": [1, 0, 0.5], "uv": [16, 118]}
				]
			},
			{
				"name": "bone264",
				"parent": "bone261",
				"pivot": [7.28556, 23.51244, 3.31832],
				"rotation": [0, 0, 11.1227],
				"cubes": [
					{"origin": [6.28556, 23.51244, 3.31832], "size": [1, 0, 0.5], "uv": [12, 118]}
				]
			},
			{
				"name": "bone265",
				"parent": "bone261",
				"pivot": [6.30411, 23.70539, 3.31832],
				"rotation": [0, 0, -2.45273],
				"cubes": [
					{"origin": [5.30411, 23.70539, 3.31832], "size": [1, 0, 0.5], "uv": [8, 118]}
				]
			},
			{
				"name": "bone266",
				"parent": "bone261",
				"pivot": [5.30509, 23.6626, 3.31832],
				"rotation": [0, 0, -15.13268],
				"cubes": [
					{"origin": [4.30509, 23.6626, 3.31832], "size": [1, 0, 0.5], "uv": [4, 118]}
				]
			},
			{
				"name": "bone267",
				"parent": "bone261",
				"pivot": [4.33976, 23.40154, 3.31832],
				"rotation": [0, 0, -23.24925],
				"cubes": [
					{"origin": [3.33976, 23.40154, 3.31832], "size": [1, 0, 0.5], "uv": [0, 118]}
				]
			},
			{
				"name": "bone243",
				"parent": "fazuoce",
				"pivot": [3.9, 24.6, -2.4],
				"rotation": [16.27835, 17.00934, 86.51596]
			},
			{
				"name": "bone244",
				"parent": "bone243",
				"pivot": [8.21915, 24.5538, -1.71832],
				"rotation": [0, 0, 21.01398],
				"cubes": [
					{"origin": [7.21915, 24.5538, -2.41832], "size": [1, 0, 0.7], "uv": [32, 117], "mirror": true}
				]
			},
			{
				"name": "bone245",
				"parent": "bone243",
				"pivot": [7.28556, 24.91244, -1.71832],
				"rotation": [0, 0, 11.1227],
				"cubes": [
					{"origin": [6.28556, 24.91244, -2.41832], "size": [1, 0, 0.7], "uv": [28, 117], "mirror": true}
				]
			},
			{
				"name": "bone246",
				"parent": "bone243",
				"pivot": [6.30411, 25.10539, -1.71832],
				"rotation": [0, 0, -2.45273],
				"cubes": [
					{"origin": [5.30411, 25.10539, -2.41832], "size": [1, 0, 0.7], "uv": [24, 117], "mirror": true}
				]
			},
			{
				"name": "bone247",
				"parent": "bone243",
				"pivot": [5.30509, 25.0626, -1.71832],
				"rotation": [0, 0, -15.13268],
				"cubes": [
					{"origin": [4.30509, 25.0626, -2.41832], "size": [1, 0, 0.7], "uv": [20, 117], "mirror": true}
				]
			},
			{
				"name": "bone248",
				"parent": "bone243",
				"pivot": [4.33976, 24.80154, -1.71832],
				"rotation": [0, 0, -23.24925],
				"cubes": [
					{"origin": [3.33976, 24.80154, -2.41832], "size": [1, 0, 0.7], "uv": [16, 117], "mirror": true}
				]
			},
			{
				"name": "bone249",
				"parent": "fazuoce",
				"pivot": [3.9, 24.75, -2.15],
				"rotation": [15.13422, 32.97606, 90.02782]
			},
			{
				"name": "bone250",
				"parent": "bone249",
				"pivot": [8.21915, 24.7038, -1.46832],
				"rotation": [0, 0, 21.01398],
				"cubes": [
					{"origin": [7.21915, 24.7038, -2.16832], "size": [1, 0, 0.7], "uv": [32, 117], "mirror": true}
				]
			},
			{
				"name": "bone251",
				"parent": "bone249",
				"pivot": [7.28556, 25.06244, -1.46832],
				"rotation": [0, 0, 11.1227],
				"cubes": [
					{"origin": [6.28556, 25.06244, -2.16832], "size": [1, 0, 0.7], "uv": [28, 117], "mirror": true}
				]
			},
			{
				"name": "bone252",
				"parent": "bone249",
				"pivot": [6.30411, 25.25539, -1.46832],
				"rotation": [0, 0, -2.45273],
				"cubes": [
					{"origin": [5.30411, 25.25539, -2.16832], "size": [1, 0, 0.7], "uv": [24, 117], "mirror": true}
				]
			},
			{
				"name": "bone253",
				"parent": "bone249",
				"pivot": [5.30509, 25.2126, -1.46832],
				"rotation": [0, 0, -15.13268],
				"cubes": [
					{"origin": [4.30509, 25.2126, -2.16832], "size": [1, 0, 0.7], "uv": [20, 117], "mirror": true}
				]
			},
			{
				"name": "bone254",
				"parent": "bone249",
				"pivot": [4.33976, 24.95154, -1.46832],
				"rotation": [0, 0, -23.24925],
				"cubes": [
					{"origin": [3.33976, 24.95154, -2.16832], "size": [1, 0, 0.7], "uv": [16, 117], "mirror": true}
				]
			},
			{
				"name": "fazuoce2",
				"parent": "face",
				"pivot": [0, 1.1, 0]
			},
			{
				"name": "bone36",
				"parent": "fazuoce2",
				"pivot": [-3.9, 24.6, -1.1],
				"rotation": [18.42435, 0.31458, -78.23345]
			},
			{
				"name": "bone39",
				"parent": "bone36",
				"pivot": [-8.21915, 24.5538, -0.41832],
				"rotation": [0, 0, -21.01398],
				"cubes": [
					{"origin": [-8.21915, 24.5538, -1.41832], "size": [1, 0, 1], "uv": [52, 117], "mirror": true}
				]
			},
			{
				"name": "bone183",
				"parent": "bone36",
				"pivot": [-7.28556, 24.91244, -0.41832],
				"rotation": [0, 0, -11.1227],
				"cubes": [
					{"origin": [-7.28556, 24.91244, -1.41832], "size": [1, 0, 1], "uv": [48, 117], "mirror": true}
				]
			},
			{
				"name": "bone227",
				"parent": "bone36",
				"pivot": [-6.30411, 25.10539, -0.41832],
				"rotation": [0, 0, 2.45273],
				"cubes": [
					{"origin": [-6.30411, 25.10539, -1.41832], "size": [1, 0, 1], "uv": [44, 117], "mirror": true}
				]
			},
			{
				"name": "bone228",
				"parent": "bone36",
				"pivot": [-5.30509, 25.0626, -0.41832],
				"rotation": [0, 0, 15.13268],
				"cubes": [
					{"origin": [-5.30509, 25.0626, -1.41832], "size": [1, 0, 1], "uv": [40, 117], "mirror": true}
				]
			},
			{
				"name": "bone229",
				"parent": "bone36",
				"pivot": [-4.33976, 24.80154, -0.41832],
				"rotation": [0, 0, 23.24925],
				"cubes": [
					{"origin": [-4.33976, 24.80154, -1.41832], "size": [1, 0, 1], "uv": [36, 117], "mirror": true}
				]
			},
			{
				"name": "bone230",
				"parent": "fazuoce2",
				"pivot": [-3.9, 24.6, 0.3],
				"rotation": [-23.64642, 15.19783, -70.77428]
			},
			{
				"name": "bone231",
				"parent": "bone230",
				"pivot": [-9.11954, 24.11866, -0.38168],
				"rotation": [0, 0, -25.79358],
				"cubes": [
					{"origin": [-9.11954, 24.11866, -0.38168], "size": [1, 0, 1], "uv": [20, 118], "mirror": true}
				]
			},
			{
				"name": "bone232",
				"parent": "bone230",
				"pivot": [-8.21915, 24.5538, -0.38168],
				"rotation": [0, 0, -21.01398],
				"cubes": [
					{"origin": [-8.21915, 24.5538, -0.38168], "size": [1, 0, 1], "uv": [16, 118], "mirror": true}
				]
			},
			{
				"name": "bone233",
				"parent": "bone230",
				"pivot": [-7.28556, 24.91244, -0.38168],
				"rotation": [0, 0, -11.1227],
				"cubes": [
					{"origin": [-7.28556, 24.91244, -0.38168], "size": [1, 0, 1], "uv": [12, 118], "mirror": true}
				]
			},
			{
				"name": "bone234",
				"parent": "bone230",
				"pivot": [-6.30411, 25.10539, -0.38168],
				"rotation": [0, 0, 2.45273],
				"cubes": [
					{"origin": [-6.30411, 25.10539, -0.38168], "size": [1, 0, 1], "uv": [8, 118], "mirror": true}
				]
			},
			{
				"name": "bone235",
				"parent": "bone230",
				"pivot": [-5.30509, 25.0626, -0.38168],
				"rotation": [0, 0, 15.13268],
				"cubes": [
					{"origin": [-5.30509, 25.0626, -0.38168], "size": [1, 0, 1], "uv": [4, 118], "mirror": true}
				]
			},
			{
				"name": "bone236",
				"parent": "bone230",
				"pivot": [-4.33976, 24.80154, -0.38168],
				"rotation": [0, 0, 23.24925],
				"cubes": [
					{"origin": [-4.33976, 24.80154, -0.38168], "size": [1, 0, 1], "uv": [0, 118], "mirror": true}
				]
			},
			{
				"name": "bone237",
				"parent": "fazuoce2",
				"pivot": [-3.9, 23.2, 4],
				"rotation": [-18.88076, 22.21498, -92.95474]
			},
			{
				"name": "bone238",
				"parent": "bone237",
				"pivot": [-9.11954, 22.71866, 3.31832],
				"rotation": [0, 0, -25.79358],
				"cubes": [
					{"origin": [-9.11954, 22.71866, 3.31832], "size": [1, 0, 0.5], "uv": [20, 118], "mirror": true}
				]
			},
			{
				"name": "bone239",
				"parent": "bone237",
				"pivot": [-8.21915, 23.1538, 3.31832],
				"rotation": [0, 0, -21.01398],
				"cubes": [
					{"origin": [-8.21915, 23.1538, 3.31832], "size": [1, 0, 0.5], "uv": [16, 118], "mirror": true}
				]
			},
			{
				"name": "bone240",
				"parent": "bone237",
				"pivot": [-7.28556, 23.51244, 3.31832],
				"rotation": [0, 0, -11.1227],
				"cubes": [
					{"origin": [-7.28556, 23.51244, 3.31832], "size": [1, 0, 0.5], "uv": [12, 118], "mirror": true}
				]
			},
			{
				"name": "bone241",
				"parent": "bone237",
				"pivot": [-6.30411, 23.70539, 3.31832],
				"rotation": [0, 0, 2.45273],
				"cubes": [
					{"origin": [-6.30411, 23.70539, 3.31832], "size": [1, 0, 0.5], "uv": [8, 118], "mirror": true}
				]
			},
			{
				"name": "bone242",
				"parent": "bone237",
				"pivot": [-5.30509, 23.6626, 3.31832],
				"rotation": [0, 0, 15.13268],
				"cubes": [
					{"origin": [-5.30509, 23.6626, 3.31832], "size": [1, 0, 0.5], "uv": [4, 118], "mirror": true}
				]
			},
			{
				"name": "bone255",
				"parent": "bone237",
				"pivot": [-4.33976, 23.40154, 3.31832],
				"rotation": [0, 0, 23.24925],
				"cubes": [
					{"origin": [-4.33976, 23.40154, 3.31832], "size": [1, 0, 0.5], "uv": [0, 118], "mirror": true}
				]
			},
			{
				"name": "bone256",
				"parent": "fazuoce2",
				"pivot": [-3.9, 24.6, -2.4],
				"rotation": [16.27835, -17.00934, -86.51596]
			},
			{
				"name": "bone257",
				"parent": "bone256",
				"pivot": [-8.21915, 24.5538, -1.71832],
				"rotation": [0, 0, -21.01398],
				"cubes": [
					{"origin": [-8.21915, 24.5538, -2.41832], "size": [1, 0, 0.7], "uv": [32, 117]}
				]
			},
			{
				"name": "bone258",
				"parent": "bone256",
				"pivot": [-7.28556, 24.91244, -1.71832],
				"rotation": [0, 0, -11.1227],
				"cubes": [
					{"origin": [-7.28556, 24.91244, -2.41832], "size": [1, 0, 0.7], "uv": [28, 117]}
				]
			},
			{
				"name": "bone259",
				"parent": "bone256",
				"pivot": [-6.30411, 25.10539, -1.71832],
				"rotation": [0, 0, 2.45273],
				"cubes": [
					{"origin": [-6.30411, 25.10539, -2.41832], "size": [1, 0, 0.7], "uv": [24, 117]}
				]
			},
			{
				"name": "bone260",
				"parent": "bone256",
				"pivot": [-5.30509, 25.0626, -1.71832],
				"rotation": [0, 0, 15.13268],
				"cubes": [
					{"origin": [-5.30509, 25.0626, -2.41832], "size": [1, 0, 0.7], "uv": [20, 117]}
				]
			},
			{
				"name": "bone268",
				"parent": "bone256",
				"pivot": [-4.33976, 24.80154, -1.71832],
				"rotation": [0, 0, 23.24925],
				"cubes": [
					{"origin": [-4.33976, 24.80154, -2.41832], "size": [1, 0, 0.7], "uv": [16, 117]}
				]
			},
			{
				"name": "bone269",
				"parent": "fazuoce2",
				"pivot": [-3.9, 24.75, -2.15],
				"rotation": [15.13422, -32.97606, -90.02782]
			},
			{
				"name": "bone270",
				"parent": "bone269",
				"pivot": [-8.21915, 24.7038, -1.46832],
				"rotation": [0, 0, -21.01398],
				"cubes": [
					{"origin": [-8.21915, 24.7038, -2.16832], "size": [1, 0, 0.7], "uv": [32, 117]}
				]
			},
			{
				"name": "bone271",
				"parent": "bone269",
				"pivot": [-7.28556, 25.06244, -1.46832],
				"rotation": [0, 0, -11.1227],
				"cubes": [
					{"origin": [-7.28556, 25.06244, -2.16832], "size": [1, 0, 0.7], "uv": [28, 117]}
				]
			},
			{
				"name": "bone272",
				"parent": "bone269",
				"pivot": [-6.30411, 25.25539, -1.46832],
				"rotation": [0, 0, 2.45273],
				"cubes": [
					{"origin": [-6.30411, 25.25539, -2.16832], "size": [1, 0, 0.7], "uv": [24, 117]}
				]
			},
			{
				"name": "bone273",
				"parent": "bone269",
				"pivot": [-5.30509, 25.2126, -1.46832],
				"rotation": [0, 0, 15.13268],
				"cubes": [
					{"origin": [-5.30509, 25.2126, -2.16832], "size": [1, 0, 0.7], "uv": [20, 117]}
				]
			},
			{
				"name": "bone274",
				"parent": "bone269",
				"pivot": [-4.33976, 24.95154, -1.46832],
				"rotation": [0, 0, 23.24925],
				"cubes": [
					{"origin": [-4.33976, 24.95154, -2.16832], "size": [1, 0, 0.7], "uv": [16, 117]}
				]
			},
			{
				"name": "fahou",
				"parent": "head",
				"pivot": [0, 0, 0]
			},
			{
				"name": "fasi",
				"parent": "fahou",
				"pivot": [0, 0, 0]
			},
			{
				"name": "bone181",
				"parent": "fasi",
				"pivot": [3.6, 22.1, 3.65],
				"rotation": [0, 0, -39],
				"cubes": [
					{"origin": [1.59773, 21.62383, 3.2], "size": [2.6, 2.4, 0.6], "uv": [22, 100]}
				]
			},
			{
				"name": "bone129",
				"parent": "fasi",
				"pivot": [4, 21.5, 4.1],
				"rotation": [0, 0, -14],
				"cubes": [
					{"origin": [3.2, 19.8, 3.2], "size": [1.3, 2.2, 0.9], "uv": [14, 120]}
				]
			},
			{
				"name": "bone180",
				"parent": "fasi",
				"pivot": [3.5, 20.5, 3.6],
				"rotation": [0, 0, 24],
				"cubes": [
					{"origin": [2.49135, 20.04067, 3.2], "size": [1.6, 1.1, 0.9], "uv": [8, 123]}
				]
			},
			{
				"name": "qiu",
				"parent": "fasi",
				"pivot": [4.6, 18.95, 3.35],
				"rotation": [0, 0, 15],
				"cubes": [
					{"origin": [3.6, 17.9, 2.4], "size": [2, 2.1, 1.9], "uv": [12, 94]}
				]
			},
			{
				"name": "fa2",
				"parent": "fasi",
				"pivot": [4.6, 18, 3.7],
				"rotation": [6.3234, -27.15251, -4.88441]
			},
			{
				"name": "bone203",
				"parent": "fa2",
				"pivot": [6.5, 10.4, 3.2],
				"rotation": [0, 0, 100]
			},
			{
				"name": "bone204",
				"parent": "bone203",
				"pivot": [6.5, 10.4, 3.2],
				"rotation": [0, 0, -25.79358],
				"cubes": [
					{"origin": [6.66319, 10.23947, 3.1], "size": [1, 0, 1], "uv": [12, 119]}
				]
			},
			{
				"name": "bone205",
				"parent": "bone203",
				"pivot": [7.40039, 10.83514, 3.2],
				"rotation": [0, 0, -21.01398],
				"cubes": [
					{"origin": [7.57639, 10.68877, 3.1], "size": [1, 0, 1], "uv": [8, 119]}
				]
			},
			{
				"name": "bone206",
				"parent": "bone203",
				"pivot": [8.33398, 11.19378, 3.2],
				"rotation": [0, 0, -11.1227],
				"cubes": [
					{"origin": [8.53251, 11.07981, 3.1], "size": [1, 0, 1], "uv": [4, 119]}
				]
			},
			{
				"name": "bone207",
				"parent": "bone203",
				"pivot": [9.31543, 11.38673, 3.2],
				"rotation": [0, 0, 2.45273],
				"cubes": [
					{"origin": [9.53516, 11.32255, 3.1], "size": [1, 0, 1], "uv": [0, 119]}
				]
			},
			{
				"name": "bone208",
				"parent": "fa2",
				"pivot": [8.7, 8, 3.1],
				"rotation": [0, 0, 10]
			},
			{
				"name": "bone209",
				"parent": "bone208",
				"pivot": [2.7, 17, 3.1],
				"rotation": [0, 0, 71.08908],
				"cubes": [
					{"origin": [2.7, 17, 3.1], "size": [1, 0, 1], "uv": [52, 118]}
				]
			},
			{
				"name": "bone210",
				"parent": "bone208",
				"pivot": [3.02422, 16.05362, 3.1],
				"rotation": [0, 0, 70.03403],
				"cubes": [
					{"origin": [3.02422, 16.05362, 3.1], "size": [1, 0, 1], "uv": [48, 118]}
				]
			},
			{
				"name": "bone211",
				"parent": "bone208",
				"pivot": [3.36553, 15.11415, 3.1],
				"rotation": [0, 0, 68.78972],
				"cubes": [
					{"origin": [3.36553, 15.11415, 3.1], "size": [1, 0, 1], "uv": [44, 118]}
				]
			},
			{
				"name": "bone212",
				"parent": "bone208",
				"pivot": [3.72734, 14.18183, 3.1],
				"rotation": [0, 0, 67.29364],
				"cubes": [
					{"origin": [3.72734, 14.18183, 3.1], "size": [1, 0, 1], "uv": [40, 118]}
				]
			},
			{
				"name": "bone213",
				"parent": "bone208",
				"pivot": [4.11333, 13.25939, 3.1],
				"rotation": [0, 0, 65.45216],
				"cubes": [
					{"origin": [4.11333, 13.25939, 3.1], "size": [1, 0, 1], "uv": [36, 118]}
				]
			},
			{
				"name": "bone214",
				"parent": "bone208",
				"pivot": [4.52886, 12.34961, 3.1],
				"rotation": [0, 0, 63.11672],
				"cubes": [
					{"origin": [4.52886, 12.34961, 3.1], "size": [1, 0, 1], "uv": [32, 118]}
				]
			},
			{
				"name": "bone215",
				"parent": "bone208",
				"pivot": [4.98101, 11.45773, 3.1],
				"rotation": [0, 0, 60.03675],
				"cubes": [
					{"origin": [4.98101, 11.45773, 3.1], "size": [1, 0, 1], "uv": [28, 118]}
				]
			},
			{
				"name": "bone216",
				"parent": "bone208",
				"pivot": [5.48052, 10.59127, 3.1],
				"rotation": [0, 0, 55.75761],
				"cubes": [
					{"origin": [5.48052, 10.59127, 3.1], "size": [1, 0, 1], "uv": [24, 118]}
				]
			},
			{
				"name": "fasi2",
				"parent": "fahou",
				"pivot": [0, 0, 0]
			},
			{
				"name": "bone184",
				"parent": "fasi2",
				"pivot": [-3.6, 22.1, 3.65],
				"rotation": [0, 0, 39],
				"cubes": [
					{"origin": [-4.19773, 21.62383, 3.2], "size": [2.6, 2.4, 0.6], "uv": [22, 98]}
				]
			},
			{
				"name": "bone185",
				"parent": "fasi2",
				"pivot": [-4, 21.5, 4.1],
				"rotation": [0, 0, 14],
				"cubes": [
					{"origin": [-4.5, 19.8, 3.2], "size": [1.3, 2.2, 0.9], "uv": [12, 120]}
				]
			},
			{
				"name": "bone186",
				"parent": "fasi2",
				"pivot": [-3.5, 20.5, 3.6],
				"rotation": [0, 0, -24],
				"cubes": [
					{"origin": [-4.09135, 20.04067, 3.2], "size": [1.6, 1.1, 0.9], "uv": [8, 122]}
				]
			},
			{
				"name": "qiu2",
				"parent": "fasi2",
				"pivot": [-4.6, 18.95, 3.35],
				"rotation": [0, 0, -15],
				"cubes": [
					{"origin": [-5.6, 17.9, 2.4], "size": [2, 2.1, 1.9], "uv": [12, 91]}
				]
			},
			{
				"name": "fa1",
				"parent": "fasi2",
				"pivot": [-4.6, 18, 3.7],
				"rotation": [6.3234, 27.15251, 4.88441]
			},
			{
				"name": "bone196",
				"parent": "fa1",
				"pivot": [-6.5, 10.4, 3.2],
				"rotation": [0, 0, -100]
			},
			{
				"name": "bone197",
				"parent": "bone196",
				"pivot": [-6.5, 10.4, 3.2],
				"rotation": [0, 0, 25.79358],
				"cubes": [
					{"origin": [-7.66319, 10.23947, 3.1], "size": [1, 0, 1], "uv": [28, 119]}
				]
			},
			{
				"name": "bone198",
				"parent": "bone196",
				"pivot": [-7.40039, 10.83514, 3.2],
				"rotation": [0, 0, 21.01398],
				"cubes": [
					{"origin": [-8.57639, 10.68877, 3.1], "size": [1, 0, 1], "uv": [24, 119]}
				]
			},
			{
				"name": "bone199",
				"parent": "bone196",
				"pivot": [-8.33398, 11.19378, 3.2],
				"rotation": [0, 0, 11.1227],
				"cubes": [
					{"origin": [-9.53251, 11.07981, 3.1], "size": [1, 0, 1], "uv": [20, 119]}
				]
			},
			{
				"name": "bone200",
				"parent": "bone196",
				"pivot": [-9.31543, 11.38673, 3.2],
				"rotation": [0, 0, -2.45273],
				"cubes": [
					{"origin": [-10.53516, 11.32255, 3.1], "size": [1, 0, 1], "uv": [16, 119]}
				]
			},
			{
				"name": "bone187",
				"parent": "fa1",
				"pivot": [-8.7, 8, 3.1],
				"rotation": [0, 0, -10]
			},
			{
				"name": "bone188",
				"parent": "bone187",
				"pivot": [-2.7, 17, 3.1],
				"rotation": [0, 0, -71.08908],
				"cubes": [
					{"origin": [-3.7, 17, 3.1], "size": [1, 0, 1], "uv": [0, 121]}
				]
			},
			{
				"name": "bone189",
				"parent": "bone187",
				"pivot": [-3.02422, 16.05362, 3.1],
				"rotation": [0, 0, -70.03403],
				"cubes": [
					{"origin": [-4.02422, 16.05362, 3.1], "size": [1, 0, 1], "uv": [0, 120]}
				]
			},
			{
				"name": "bone190",
				"parent": "bone187",
				"pivot": [-3.36553, 15.11415, 3.1],
				"rotation": [0, 0, -68.78972],
				"cubes": [
					{"origin": [-4.36553, 15.11415, 3.1], "size": [1, 0, 1], "uv": [52, 119]}
				]
			},
			{
				"name": "bone191",
				"parent": "bone187",
				"pivot": [-3.72734, 14.18183, 3.1],
				"rotation": [0, 0, -67.29364],
				"cubes": [
					{"origin": [-4.72734, 14.18183, 3.1], "size": [1, 0, 1], "uv": [48, 119]}
				]
			},
			{
				"name": "bone192",
				"parent": "bone187",
				"pivot": [-4.11333, 13.25939, 3.1],
				"rotation": [0, 0, -65.45216],
				"cubes": [
					{"origin": [-5.11333, 13.25939, 3.1], "size": [1, 0, 1], "uv": [44, 119]}
				]
			},
			{
				"name": "bone193",
				"parent": "bone187",
				"pivot": [-4.52886, 12.34961, 3.1],
				"rotation": [0, 0, -63.11672],
				"cubes": [
					{"origin": [-5.52886, 12.34961, 3.1], "size": [1, 0, 1], "uv": [40, 119]}
				]
			},
			{
				"name": "bone194",
				"parent": "bone187",
				"pivot": [-4.98101, 11.45773, 3.1],
				"rotation": [0, 0, -60.03675],
				"cubes": [
					{"origin": [-5.98101, 11.45773, 3.1], "size": [1, 0, 1], "uv": [36, 119]}
				]
			},
			{
				"name": "bone195",
				"parent": "bone187",
				"pivot": [-5.48052, 10.59127, 3.1],
				"rotation": [0, 0, -55.75761],
				"cubes": [
					{"origin": [-6.48052, 10.59127, 3.1], "size": [1, 0, 1], "uv": [32, 119]}
				]
			},
			{
				"name": "armRight",
				"pivot": [-3, 17.5, 0],
				"rotation": [0, 0, 25],
				"cubes": [
					{"origin": [-5, 8.5, -1], "size": [2, 8, 2], "uv": [20, 74]}
				]
			},
			{
				"name": "xiu2",
				"parent": "armRight",
				"pivot": [-3, 17.5, 0],
				"cubes": [
					{"origin": [-5.5, 10, -1.5], "size": [3, 7.5, 3], "uv": [12, 51]}
				]
			},
			{
				"name": "bone62",
				"parent": "xiu2",
				"pivot": [-3, 17.5, 0]
			},
			{
				"name": "bone63",
				"parent": "bone62",
				"pivot": [-4.45107, 13.51322, 1.5],
				"cubes": [
					{"origin": [-4.65107, 10.01322, 1.5], "size": [1.3, 4.6, 1], "uv": [8, 98]}
				]
			},
			{
				"name": "bone64",
				"parent": "bone62",
				"pivot": [-4.45107, 13.51322, 2.5],
				"cubes": [
					{"origin": [-4.35107, 10.01322, 2.5], "size": [0.7, 3.2, 1], "uv": [4, 111]}
				]
			},
			{
				"name": "bone20",
				"parent": "armRight",
				"pivot": [-4.7341, 10.54525, 1.8],
				"rotation": [7, 0, 0]
			},
			{
				"name": "bone3",
				"parent": "bone20",
				"pivot": [-4.7341, 10.34525, 1.9],
				"rotation": [7.95674, 0.83354, -5.94203]
			},
			{
				"name": "bone6",
				"parent": "bone3",
				"pivot": [-4.67526, 10.50139, 2.1],
				"rotation": [0, 0, -78.93],
				"cubes": [
					{"origin": [-5.19526, 10.50139, 1.58], "size": [0.52, 0, 0.52], "uv": [16, 123]}
				]
			},
			{
				"name": "bone7",
				"parent": "bone3",
				"pivot": [-4.77511, 9.99105, 2.1],
				"rotation": [0, 0, -78.01741],
				"cubes": [
					{"origin": [-5.29511, 9.99105, 1.58], "size": [0.52, 0, 0.52], "uv": [16, 123]}
				]
			},
			{
				"name": "bone8",
				"parent": "bone3",
				"pivot": [-4.88302, 9.48261, 2.1],
				"rotation": [0, 0, -76.83827],
				"cubes": [
					{"origin": [-5.40302, 9.48261, 1.58], "size": [0.52, 0, 0.52], "uv": [16, 123]}
				]
			},
			{
				"name": "bone9",
				"parent": "bone3",
				"pivot": [-5.00147, 8.97609, 2.1],
				"rotation": [0, 0, -75.23303],
				"cubes": [
					{"origin": [-5.52147, 8.97609, 1.58], "size": [0.52, 0, 0.52], "uv": [16, 123]}
				]
			},
			{
				"name": "bone10",
				"parent": "bone3",
				"pivot": [-5.13401, 8.47327, 2.1],
				"rotation": [0, 0, -72.8694],
				"cubes": [
					{"origin": [-5.65401, 8.47327, 1.58], "size": [0.52, 0, 0.52], "uv": [16, 123]}
				]
			},
			{
				"name": "bone11",
				"parent": "bone3",
				"pivot": [-5.28711, 7.97654, 2.1],
				"rotation": [0, 0, -68.88543]
			},
			{
				"name": "bone12",
				"parent": "bone3",
				"pivot": [-5.4745, 7.49129, 2.1],
				"rotation": [0, 0, -59.94578]
			},
			{
				"name": "bone4",
				"parent": "bone20",
				"pivot": [-4.7341, 10.34525, 1.9],
				"rotation": [23.88327, 2.4367, -5.48458]
			},
			{
				"name": "bone5",
				"parent": "bone4",
				"pivot": [-4.67526, 10.50139, 2.1],
				"rotation": [0, 0, -78.93],
				"cubes": [
					{"origin": [-5.19526, 10.50139, 1.58], "size": [0.52, 0, 0.52], "uv": [16, 123]}
				]
			},
			{
				"name": "bone13",
				"parent": "bone4",
				"pivot": [-4.77511, 9.99105, 2.1],
				"rotation": [0, 0, -78.01741],
				"cubes": [
					{"origin": [-5.29511, 9.99105, 1.58], "size": [0.52, 0, 0.52], "uv": [16, 123]}
				]
			},
			{
				"name": "bone14",
				"parent": "bone4",
				"pivot": [-4.88302, 9.48261, 2.1],
				"rotation": [0, 0, -76.83827],
				"cubes": [
					{"origin": [-5.40302, 9.48261, 1.58], "size": [0.52, 0, 0.52], "uv": [16, 123]}
				]
			},
			{
				"name": "bone15",
				"parent": "bone4",
				"pivot": [-5.00147, 8.97609, 2.1],
				"rotation": [0, 0, -75.23303],
				"cubes": [
					{"origin": [-5.52147, 8.97609, 1.58], "size": [0.52, 0, 0.52], "uv": [16, 123]}
				]
			},
			{
				"name": "bone16",
				"parent": "bone4",
				"pivot": [-5.13401, 8.47327, 2.1],
				"rotation": [0, 0, -72.8694],
				"cubes": [
					{"origin": [-5.65401, 8.47327, 1.58], "size": [0.52, 0, 0.52], "uv": [16, 123]}
				]
			},
			{
				"name": "bone17",
				"parent": "bone4",
				"pivot": [-5.28711, 7.97654, 2.1],
				"rotation": [0, 0, -68.88543]
			},
			{
				"name": "bone19",
				"parent": "bone4",
				"pivot": [-5.4745, 7.49129, 2.1],
				"rotation": [0, 0, -59.94578]
			},
			{
				"name": "armLeft",
				"pivot": [3, 17.5, 0],
				"rotation": [0, 0, -25],
				"cubes": [
					{"origin": [3, 8.5, -1], "size": [2, 8, 2], "uv": [12, 74]}
				]
			},
			{
				"name": "bone21",
				"parent": "armLeft",
				"pivot": [4.72799, 10.76878, 1.8],
				"rotation": [7, 0, 0]
			},
			{
				"name": "bone22",
				"parent": "bone21",
				"pivot": [4.72799, 10.56878, 1.9],
				"rotation": [7.95674, -0.83354, 5.94203]
			},
			{
				"name": "bone23",
				"parent": "bone22",
				"pivot": [4.66916, 10.72492, 2.1],
				"rotation": [0, 0, 78.93],
				"cubes": [
					{"origin": [4.66916, 10.72492, 1.58], "size": [0.52, 0, 0.52], "uv": [16, 123]}
				]
			},
			{
				"name": "bone24",
				"parent": "bone22",
				"pivot": [4.769, 10.21457, 2.1],
				"rotation": [0, 0, 78.01741],
				"cubes": [
					{"origin": [4.769, 10.21457, 1.58], "size": [0.52, 0, 0.52], "uv": [16, 123]}
				]
			},
			{
				"name": "bone25",
				"parent": "bone22",
				"pivot": [4.87691, 9.70613, 2.1],
				"rotation": [0, 0, 76.83827],
				"cubes": [
					{"origin": [4.87691, 9.70613, 1.58], "size": [0.52, 0, 0.52], "uv": [16, 123]}
				]
			},
			{
				"name": "bone26",
				"parent": "bone22",
				"pivot": [4.99536, 9.19961, 2.1],
				"rotation": [0, 0, 75.23303],
				"cubes": [
					{"origin": [4.99536, 9.19961, 1.58], "size": [0.52, 0, 0.52], "uv": [16, 123]}
				]
			},
			{
				"name": "bone27",
				"parent": "bone22",
				"pivot": [5.1279, 8.6968, 2.1],
				"rotation": [0, 0, 72.8694],
				"cubes": [
					{"origin": [5.1279, 8.6968, 1.58], "size": [0.52, 0, 0.52], "uv": [16, 123]}
				]
			},
			{
				"name": "bone28",
				"parent": "bone22",
				"pivot": [5.28101, 8.20006, 2.1],
				"rotation": [0, 0, 68.88543]
			},
			{
				"name": "bone29",
				"parent": "bone22",
				"pivot": [5.46839, 7.71482, 2.1],
				"rotation": [0, 0, 59.94578]
			},
			{
				"name": "bone30",
				"parent": "bone21",
				"pivot": [4.72799, 10.56878, 1.9],
				"rotation": [23.88327, -2.4367, 5.48458]
			},
			{
				"name": "bone31",
				"parent": "bone30",
				"pivot": [4.66916, 10.72492, 2.1],
				"rotation": [0, 0, 78.93],
				"cubes": [
					{"origin": [4.66916, 10.72492, 1.58], "size": [0.52, 0, 0.52], "uv": [16, 123]}
				]
			},
			{
				"name": "bone32",
				"parent": "bone30",
				"pivot": [4.769, 10.21457, 2.1],
				"rotation": [0, 0, 78.01741],
				"cubes": [
					{"origin": [4.769, 10.21457, 1.58], "size": [0.52, 0, 0.52], "uv": [16, 123]}
				]
			},
			{
				"name": "bone33",
				"parent": "bone30",
				"pivot": [4.87691, 9.70613, 2.1],
				"rotation": [0, 0, 76.83827],
				"cubes": [
					{"origin": [4.87691, 9.70613, 1.58], "size": [0.52, 0, 0.52], "uv": [16, 123]}
				]
			},
			{
				"name": "bone34",
				"parent": "bone30",
				"pivot": [4.99536, 9.19961, 2.1],
				"rotation": [0, 0, 75.23303],
				"cubes": [
					{"origin": [4.99536, 9.19961, 1.58], "size": [0.52, 0, 0.52], "uv": [16, 123]}
				]
			},
			{
				"name": "bone114",
				"parent": "bone30",
				"pivot": [5.1279, 8.6968, 2.1],
				"rotation": [0, 0, 72.8694],
				"cubes": [
					{"origin": [5.1279, 8.6968, 1.58], "size": [0.52, 0, 0.52], "uv": [16, 123]}
				]
			},
			{
				"name": "bone115",
				"parent": "bone30",
				"pivot": [5.28101, 8.20006, 2.1],
				"rotation": [0, 0, 68.88543]
			},
			{
				"name": "bone116",
				"parent": "bone30",
				"pivot": [5.46839, 7.71482, 2.1],
				"rotation": [0, 0, 59.94578]
			},
			{
				"name": "xiu",
				"parent": "armLeft",
				"pivot": [3, 17.5, 0]
			},
			{
				"name": "da",
				"parent": "xiu",
				"pivot": [3, 17.5, 0],
				"cubes": [
					{"origin": [2.5, 10, -1.5], "size": [3, 7.5, 3], "uv": [0, 51]}
				]
			},
			{
				"name": "bone61",
				"parent": "xiu",
				"pivot": [3, 17.5, 0]
			},
			{
				"name": "bone",
				"parent": "bone61",
				"pivot": [4.45107, 13.51322, 1.5],
				"cubes": [
					{"origin": [3.35107, 10.01322, 1.5], "size": [1.3, 4.6, 1], "uv": [12, 98]}
				]
			},
			{
				"name": "bone18",
				"parent": "bone61",
				"pivot": [4.45107, 13.51322, 2.5],
				"cubes": [
					{"origin": [3.65107, 10.01322, 2.5], "size": [0.7, 3.2, 1], "uv": [5, 111]}
				]
			},
			{
				"name": "body",
				"pivot": [0, 11.6, 0],
				"cubes": [
					{"origin": [-3, 8.999, -3], "size": [6, 8.9, 6], "uv": [24, 16]}
				]
			},
			{
				"name": "bone2",
				"parent": "body",
				"pivot": [-1, 13, 3.25],
				"cubes": [
					{"origin": [-3.25, 15.75, 3.25], "size": [6.5, 2.25, 0.3], "uv": [32, 87]}
				]
			},
			{
				"name": "xiong",
				"parent": "body",
				"pivot": [0, 0, 0]
			},
			{
				"name": "bone37",
				"parent": "xiong",
				"pivot": [3, 12.5, 2],
				"rotation": [0, -180, -47.5],
				"cubes": [
					{"origin": [-1.2683, 14.35166, 7.3], "size": [7.7, 3.5, 0], "uv": [28, 74]}
				]
			},
			{
				"name": "bone38",
				"parent": "xiong",
				"pivot": [-3, 12.9, 2],
				"rotation": [0, 180, 47.5],
				"cubes": [
					{"origin": [-5.45288, 14.54898, 7.21], "size": [6.4, 3.5, 0], "uv": [32, 84]}
				]
			},
			{
				"name": "bodyout",
				"parent": "body",
				"pivot": [0, 10.5, 0],
				"cubes": [
					{"origin": [-3.3, 8.799, -3.2], "size": [6.6, 9.2, 6.6], "uv": [0, 16]}
				]
			},
			{
				"name": "yao",
				"parent": "body",
				"pivot": [0, 0.3, 0]
			},
			{
				"name": "bone35",
				"parent": "yao",
				"pivot": [0, 0.8, 0],
				"cubes": [
					{"origin": [-3.648, 11.688, -3.648], "size": [7.296, 1.144, 7.296], "uv": [0, 31]}
				]
			},
			{
				"name": "bone78",
				"parent": "yao",
				"pivot": [0, 1.4, 0],
				"cubes": [
					{"origin": [-3.548, 12.788, -3.448], "size": [7.096, 0.844, 6.996], "uv": [0, 39], "inflate": -0.01}
				]
			},
			{
				"name": "bone79",
				"parent": "yao",
				"pivot": [0, -0.5, 0],
				"cubes": [
					{"origin": [-3.548, 10.888, -3.448], "size": [7.096, 0.844, 6.996], "uv": [28, 31], "inflate": -0.01}
				]
			},
			{
				"name": "hudiejie",
				"parent": "yao",
				"pivot": [0, 0.3, 0]
			},
			{
				"name": "bone65",
				"parent": "hudiejie",
				"pivot": [0, 0.3, 0],
				"cubes": [
					{"origin": [-1.1, 11.6, 3.6], "size": [2, 2, 1], "uv": [2, 98]}
				]
			},
			{
				"name": "bone68",
				"parent": "hudiejie",
				"pivot": [0, 0.3, 0]
			},
			{
				"name": "bone67",
				"parent": "bone68",
				"pivot": [-1.6, 13.05, 4.1],
				"rotation": [0, 0, 25],
				"cubes": [
					{"origin": [-2.9, 12.4, 3.6], "size": [2.3, 1.6, 0.8], "uv": [0, 114]}
				]
			},
			{
				"name": "bone66",
				"parent": "bone68",
				"pivot": [-1.3, 11.85, 4.1],
				"rotation": [0, 0, -14],
				"cubes": [
					{"origin": [-2.7, 11.4, 3.6], "size": [2.4, 2, 0.6], "uv": [0, 113]}
				]
			},
			{
				"name": "bone69",
				"parent": "hudiejie",
				"pivot": [0, 0.3, 0]
			},
			{
				"name": "bone70",
				"parent": "bone69",
				"pivot": [1.6, 13.05, 4.1],
				"rotation": [0, 0, -25],
				"cubes": [
					{"origin": [0.6, 12.4, 3.6], "size": [2.3, 1.6, 0.6], "uv": [0, 114]}
				]
			},
			{
				"name": "bone71",
				"parent": "bone69",
				"pivot": [1.3, 11.85, 4.1],
				"rotation": [0, 0, 14],
				"cubes": [
					{"origin": [0.3, 11.4, 3.6], "size": [2.4, 2, 0.7], "uv": [0, 112]}
				]
			},
			{
				"name": "bone74",
				"parent": "hudiejie",
				"pivot": [-0.7, 0.3, 0],
				"rotation": [0, 0, 5]
			},
			{
				"name": "bone73",
				"parent": "bone74",
				"pivot": [-2.1, 11.1, 4],
				"rotation": [6.5, 0, 1.5],
				"cubes": [
					{"origin": [-2.6, 4.5, 4], "size": [1.1, 7.1, 0], "uv": [22, 91]}
				]
			},
			{
				"name": "bone72",
				"parent": "bone74",
				"pivot": [-2.2, 11.1, 4],
				"rotation": [6.5, 0, 7.5],
				"cubes": [
					{"origin": [-2.7, 4.5, 4], "size": [1.1, 7.1, 0], "uv": [0, 98]}
				]
			},
			{
				"name": "bone75",
				"parent": "hudiejie",
				"pivot": [0.7, 0.3, 0],
				"rotation": [0, 0, -5]
			},
			{
				"name": "bone76",
				"parent": "bone75",
				"pivot": [2.1, 11.1, 4],
				"rotation": [6.5, 0, -1.5],
				"cubes": [
					{"origin": [1.5, 4.5, 4], "size": [1.1, 7.1, 0], "uv": [20, 91]}
				]
			},
			{
				"name": "bone77",
				"parent": "bone75",
				"pivot": [2.2, 11.1, 4],
				"rotation": [6.5, 0, -7.5],
				"cubes": [
					{"origin": [1.6, 4.5, 4], "size": [1.1, 7.1, 0], "uv": [18, 91]}
				]
			},
			{
				"name": "jian",
				"parent": "body",
				"pivot": [0, 0, 0]
			},
			{
				"name": "bone41",
				"parent": "jian",
				"pivot": [0, 0, 0]
			},
			{
				"name": "bone40",
				"parent": "bone41",
				"pivot": [0, 0, 0],
				"cubes": [
					{"origin": [3.3, 14.5, -1.8], "size": [0.4, 3.65, 3.8], "uv": [0, 128]}
				]
			},
			{
				"name": "bone130",
				"parent": "bone40",
				"pivot": [3.9, 16.3, 0.1],
				"rotation": [0, 0, -90]
			},
			{
				"name": "bone131",
				"parent": "bone130",
				"pivot": [3.906, 16.51, 0.082]
			},
			{
				"name": "bone132",
				"parent": "bone131",
				"pivot": [3.906, 16.51, 2.08787],
				"rotation": [20, 0, 0],
				"cubes": [
					{"origin": [2.676, 16.24464, 2.08787], "size": [2.46, 0.328, 0], "uv": [0, 128]}
				]
			},
			{
				"name": "bone133",
				"parent": "bone132",
				"pivot": [2.676, 16.24464, 2.08787],
				"rotation": [0, 0, 18.88172],
				"cubes": [
					{"origin": [1.856, 16.24464, 2.08705], "size": [0.82, 0.328, 0], "uv": [0, 128]}
				]
			},
			{
				"name": "bone134",
				"parent": "bone132",
				"pivot": [5.136, 16.24464, 2.08787],
				"rotation": [0, 0, -18.88172],
				"cubes": [
					{"origin": [5.136, 16.24464, 2.08869], "size": [0.82, 0.328, 0], "uv": [0, 128]}
				]
			},
			{
				"name": "bone135",
				"parent": "bone130",
				"pivot": [3.906, 16.51, 0.082],
				"rotation": [0, -90, 0]
			},
			{
				"name": "bone136",
				"parent": "bone135",
				"pivot": [3.906, 16.51, 2.08787],
				"rotation": [20, 0, 0],
				"cubes": [
					{"origin": [2.676, 16.24464, 2.08787], "size": [2.46, 0.328, 0], "uv": [0, 128]}
				]
			},
			{
				"name": "bone137",
				"parent": "bone136",
				"pivot": [2.676, 16.24464, 2.08787],
				"rotation": [0, 0, 18.88172],
				"cubes": [
					{"origin": [1.856, 16.24464, 2.08705], "size": [0.82, 0.328, 0], "uv": [0, 128]}
				]
			},
			{
				"name": "bone138",
				"parent": "bone136",
				"pivot": [5.136, 16.24464, 2.08787],
				"rotation": [0, 0, -18.88172],
				"cubes": [
					{"origin": [5.136, 16.24464, 2.08869], "size": [0.82, 0.328, 0], "uv": [0, 128]}
				]
			},
			{
				"name": "bone139",
				"parent": "bone130",
				"pivot": [3.906, 16.51, 0.082],
				"rotation": [0, -180, 0]
			},
			{
				"name": "bone140",
				"parent": "bone139",
				"pivot": [3.906, 16.51, 2.08787],
				"rotation": [20, 0, 0],
				"cubes": [
					{"origin": [2.676, 16.24464, 2.08787], "size": [2.46, 0.328, 0], "uv": [0, 128]}
				]
			},
			{
				"name": "bone141",
				"parent": "bone140",
				"pivot": [2.676, 16.24464, 2.08787],
				"rotation": [0, 0, 18.88172],
				"cubes": [
					{"origin": [1.856, 16.24464, 2.08705], "size": [0.82, 0.328, 0], "uv": [0, 128]}
				]
			},
			{
				"name": "bone142",
				"parent": "bone140",
				"pivot": [5.136, 16.24464, 2.08787],
				"rotation": [0, 0, -18.88172],
				"cubes": [
					{"origin": [5.136, 16.24464, 2.08869], "size": [0.82, 0.328, 0], "uv": [0, 128]}
				]
			},
			{
				"name": "bone143",
				"parent": "bone130",
				"pivot": [3.906, 16.51, 0.082],
				"rotation": [0, -270, 0]
			},
			{
				"name": "bone144",
				"parent": "bone143",
				"pivot": [3.906, 16.51, 2.08787],
				"rotation": [20, 0, 0],
				"cubes": [
					{"origin": [2.676, 16.24464, 2.08787], "size": [2.46, 0.328, 0], "uv": [0, 128]}
				]
			},
			{
				"name": "bone145",
				"parent": "bone144",
				"pivot": [2.676, 16.24464, 2.08787],
				"rotation": [0, 0, 18.88172],
				"cubes": [
					{"origin": [1.856, 16.24464, 2.08705], "size": [0.82, 0.328, 0], "uv": [0, 128]}
				]
			},
			{
				"name": "bone146",
				"parent": "bone144",
				"pivot": [5.136, 16.24464, 2.08787],
				"rotation": [0, 0, -18.88172],
				"cubes": [
					{"origin": [5.136, 16.24464, 2.08869], "size": [0.82, 0.328, 0], "uv": [0, 128]}
				]
			},
			{
				"name": "bone147",
				"parent": "jian",
				"pivot": [0, 0, 0]
			},
			{
				"name": "bone148",
				"parent": "bone147",
				"pivot": [0, 0, 0],
				"cubes": [
					{"origin": [-3.7, 14.5, -1.8], "size": [0.4, 3.65, 3.8], "uv": [0, 128]}
				]
			},
			{
				"name": "bone149",
				"parent": "bone148",
				"pivot": [-3.9, 16.3, 0.1],
				"rotation": [0, 0, 90]
			},
			{
				"name": "bone150",
				"parent": "bone149",
				"pivot": [-3.906, 16.51, 0.082]
			},
			{
				"name": "bone151",
				"parent": "bone150",
				"pivot": [-3.906, 16.51, 2.08787],
				"rotation": [20, 0, 0],
				"cubes": [
					{"origin": [-5.136, 16.24464, 2.08787], "size": [2.46, 0.328, 0], "uv": [0, 128]}
				]
			},
			{
				"name": "bone152",
				"parent": "bone151",
				"pivot": [-2.676, 16.24464, 2.08787],
				"rotation": [0, 0, -18.88172],
				"cubes": [
					{"origin": [-2.676, 16.24464, 2.08705], "size": [0.82, 0.328, 0], "uv": [0, 128]}
				]
			},
			{
				"name": "bone153",
				"parent": "bone151",
				"pivot": [-5.136, 16.24464, 2.08787],
				"rotation": [0, 0, 18.88172],
				"cubes": [
					{"origin": [-5.956, 16.24464, 2.08869], "size": [0.82, 0.328, 0], "uv": [0, 128]}
				]
			},
			{
				"name": "bone154",
				"parent": "bone149",
				"pivot": [-3.906, 16.51, 0.082],
				"rotation": [0, 90, 0]
			},
			{
				"name": "bone155",
				"parent": "bone154",
				"pivot": [-3.906, 16.51, 2.08787],
				"rotation": [20, 0, 0],
				"cubes": [
					{"origin": [-5.136, 16.24464, 2.08787], "size": [2.46, 0.328, 0], "uv": [0, 128]}
				]
			},
			{
				"name": "bone156",
				"parent": "bone155",
				"pivot": [-2.676, 16.24464, 2.08787],
				"rotation": [0, 0, -18.88172],
				"cubes": [
					{"origin": [-2.676, 16.24464, 2.08705], "size": [0.82, 0.328, 0], "uv": [0, 128]}
				]
			},
			{
				"name": "bone157",
				"parent": "bone155",
				"pivot": [-5.136, 16.24464, 2.08787],
				"rotation": [0, 0, 18.88172],
				"cubes": [
					{"origin": [-5.956, 16.24464, 2.08869], "size": [0.82, 0.328, 0], "uv": [0, 128]}
				]
			},
			{
				"name": "bone158",
				"parent": "bone149",
				"pivot": [-3.906, 16.51, 0.082],
				"rotation": [0, 180, 0]
			},
			{
				"name": "bone159",
				"parent": "bone158",
				"pivot": [-3.906, 16.51, 2.08787],
				"rotation": [20, 0, 0],
				"cubes": [
					{"origin": [-5.136, 16.24464, 2.08787], "size": [2.46, 0.328, 0], "uv": [0, 128]}
				]
			},
			{
				"name": "bone160",
				"parent": "bone159",
				"pivot": [-2.676, 16.24464, 2.08787],
				"rotation": [0, 0, -18.88172],
				"cubes": [
					{"origin": [-2.676, 16.24464, 2.08705], "size": [0.82, 0.328, 0], "uv": [0, 128]}
				]
			},
			{
				"name": "bone161",
				"parent": "bone159",
				"pivot": [-5.136, 16.24464, 2.08787],
				"rotation": [0, 0, 18.88172],
				"cubes": [
					{"origin": [-5.956, 16.24464, 2.08869], "size": [0.82, 0.328, 0], "uv": [0, 128]}
				]
			},
			{
				"name": "bone162",
				"parent": "bone149",
				"pivot": [-3.906, 16.51, 0.082],
				"rotation": [0, 270, 0]
			},
			{
				"name": "bone163",
				"parent": "bone162",
				"pivot": [-3.906, 16.51, 2.08787],
				"rotation": [20, 0, 0],
				"cubes": [
					{"origin": [-5.136, 16.24464, 2.08787], "size": [2.46, 0.328, 0], "uv": [0, 128]}
				]
			},
			{
				"name": "bone164",
				"parent": "bone163",
				"pivot": [-2.676, 16.24464, 2.08787],
				"rotation": [0, 0, -18.88172],
				"cubes": [
					{"origin": [-2.676, 16.24464, 2.08705], "size": [0.82, 0.328, 0], "uv": [0, 128]}
				]
			},
			{
				"name": "bone165",
				"parent": "bone163",
				"pivot": [-5.136, 16.24464, 2.08787],
				"rotation": [0, 0, 18.88172],
				"cubes": [
					{"origin": [-5.956, 16.24464, 2.08869], "size": [0.82, 0.328, 0], "uv": [0, 128]}
				]
			},
			{
				"name": "sittingRotationSkirt",
				"parent": "body",
				"pivot": [0, 9.6, 0]
			},
			{
				"name": "qun",
				"parent": "sittingRotationSkirt",
				"pivot": [0, 7.5, 0]
			},
			{
				"name": "bone96",
				"parent": "qun",
				"pivot": [0, 7.5, 0]
			},
			{
				"name": "bone80",
				"parent": "bone96",
				"pivot": [0, 5.30376, 0]
			},
			{
				"name": "bone81",
				"parent": "bone80",
				"pivot": [0, 5.30376, 4.22686],
				"rotation": [8, 0, 0],
				"cubes": [
					{"origin": [-3.528, 4.93826, 4.22686], "size": [7.056, 6.1336, 0], "uv": [28, 67]}
				]
			},
			{
				"name": "bone82",
				"parent": "bone81",
				"pivot": [-3.528, 5.2065, 4.22686],
				"rotation": [0, 0, 7.92314],
				"cubes": [
					{"origin": [-4.2336, 4.93826, 4.22616], "size": [0.7056, 6.1336, 0], "uv": [51, 61]}
				]
			},
			{
				"name": "bone83",
				"parent": "bone81",
				"pivot": [3.528, 5.2065, 4.22686],
				"rotation": [0, 0, -7.92314],
				"cubes": [
					{"origin": [3.528, 4.93826, 4.22757], "size": [0.7056, 6.1336, 0], "uv": [51, 61]}
				]
			},
			{
				"name": "bone84",
				"parent": "bone96",
				"pivot": [0, 5.30376, 0],
				"rotation": [0, -90, 0]
			},
			{
				"name": "bone85",
				"parent": "bone84",
				"pivot": [0, 5.30376, 4.22686],
				"rotation": [8, 0, 0],
				"cubes": [
					{"origin": [-3.528, 4.93826, 4.22686], "size": [7.056, 6.1336, 0], "uv": [14, 67]}
				]
			},
			{
				"name": "bone86",
				"parent": "bone85",
				"pivot": [-3.528, 5.2065, 4.22686],
				"rotation": [0, 0, 7.92314],
				"cubes": [
					{"origin": [-4.2336, 4.93826, 4.22616], "size": [0.7056, 6.1336, 0], "uv": [51, 61]}
				]
			},
			{
				"name": "bone87",
				"parent": "bone85",
				"pivot": [3.528, 5.2065, 4.22686],
				"rotation": [0, 0, -7.92314],
				"cubes": [
					{"origin": [3.528, 4.93826, 4.22757], "size": [0.7056, 6.1336, 0], "uv": [51, 61]}
				]
			},
			{
				"name": "bone88",
				"parent": "bone96",
				"pivot": [0, 5.30376, 0],
				"rotation": [0, -180, 0]
			},
			{
				"name": "bone89",
				"parent": "bone88",
				"pivot": [0, 5.30376, 4.22686],
				"rotation": [8, 0, 0],
				"cubes": [
					{"origin": [-3.528, 4.93826, 4.22686], "size": [7.056, 6.1336, 0], "uv": [0, 67]}
				]
			},
			{
				"name": "bone90",
				"parent": "bone89",
				"pivot": [-3.528, 5.2065, 4.22686],
				"rotation": [0, 0, 7.92314],
				"cubes": [
					{"origin": [-4.2336, 4.93826, 4.22616], "size": [0.7056, 6.1336, 0], "uv": [51, 61]}
				]
			},
			{
				"name": "bone91",
				"parent": "bone89",
				"pivot": [3.528, 5.2065, 4.22686],
				"rotation": [0, 0, -7.92314],
				"cubes": [
					{"origin": [3.528, 4.93826, 4.22757], "size": [0.7056, 6.1336, 0], "uv": [51, 61]}
				]
			},
			{
				"name": "bone92",
				"parent": "bone96",
				"pivot": [0, 5.30376, 0],
				"rotation": [0, -270, 0]
			},
			{
				"name": "bone93",
				"parent": "bone92",
				"pivot": [0, 5.30376, 4.22686],
				"rotation": [8, 0, 0],
				"cubes": [
					{"origin": [-3.528, 4.93826, 4.22686], "size": [7.056, 6.1336, 0], "uv": [42, 61]}
				]
			},
			{
				"name": "bone94",
				"parent": "bone93",
				"pivot": [-3.528, 5.2065, 4.22686],
				"rotation": [0, 0, 7.92314],
				"cubes": [
					{"origin": [-4.2336, 4.93826, 4.22616], "size": [0.7056, 6.1336, 0], "uv": [51, 61]}
				]
			},
			{
				"name": "bone95",
				"parent": "bone93",
				"pivot": [3.528, 5.2065, 4.22686],
				"rotation": [0, 0, -7.92314],
				"cubes": [
					{"origin": [3.528, 4.93826, 4.22757], "size": [0.7056, 6.1336, 0], "uv": [51, 61]}
				]
			},
			{
				"name": "bone97",
				"parent": "qun",
				"pivot": [0, 5.6, 0]
			},
			{
				"name": "bone98",
				"parent": "bone97",
				"pivot": [0, 3.40376, 0]
			},
			{
				"name": "bone99",
				"parent": "bone98",
				"pivot": [0, 3.40376, 4.22686],
				"rotation": [8, 0, 0],
				"cubes": [
					{"origin": [-3.528, 3.03826, 4.22686], "size": [7.056, 6.1336, 0], "uv": [28, 61]}
				]
			},
			{
				"name": "bone100",
				"parent": "bone99",
				"pivot": [-3.528, 3.3065, 4.22686],
				"rotation": [0, 0, 7.92314],
				"cubes": [
					{"origin": [-4.2336, 3.03826, 4.22616], "size": [0.7056, 6.1336, 0], "uv": [51, 51]}
				]
			},
			{
				"name": "bone101",
				"parent": "bone99",
				"pivot": [3.528, 3.3065, 4.22686],
				"rotation": [0, 0, -7.92314],
				"cubes": [
					{"origin": [3.528, 3.03826, 4.22757], "size": [0.7056, 6.1336, 0], "uv": [51, 51]}
				]
			},
			{
				"name": "bone102",
				"parent": "bone97",
				"pivot": [0, 3.40376, 0],
				"rotation": [0, -90, 0]
			},
			{
				"name": "bone103",
				"parent": "bone102",
				"pivot": [0, 3.40376, 4.22686],
				"rotation": [8, 0, 0],
				"cubes": [
					{"origin": [-3.528, 3.03826, 4.22686], "size": [7.056, 6.1336, 0], "uv": [14, 61]}
				]
			},
			{
				"name": "bone104",
				"parent": "bone103",
				"pivot": [-3.528, 3.3065, 4.22686],
				"rotation": [0, 0, 7.92314],
				"cubes": [
					{"origin": [-4.2336, 3.03826, 4.22616], "size": [0.7056, 6.1336, 0], "uv": [51, 51]}
				]
			},
			{
				"name": "bone105",
				"parent": "bone103",
				"pivot": [3.528, 3.3065, 4.22686],
				"rotation": [0, 0, -7.92314],
				"cubes": [
					{"origin": [3.528, 3.03826, 4.22757], "size": [0.7056, 6.1336, 0], "uv": [51, 51]}
				]
			},
			{
				"name": "bone106",
				"parent": "bone97",
				"pivot": [0, 3.40376, 0],
				"rotation": [0, -180, 0]
			},
			{
				"name": "bone107",
				"parent": "bone106",
				"pivot": [0, 3.40376, 4.22686],
				"rotation": [8, 0, 0],
				"cubes": [
					{"origin": [-3.528, 3.03826, 4.22686], "size": [7.056, 6.1336, 0], "uv": [0, 61]}
				]
			},
			{
				"name": "bone108",
				"parent": "bone107",
				"pivot": [-3.528, 3.3065, 4.22686],
				"rotation": [0, 0, 7.92314],
				"cubes": [
					{"origin": [-4.2336, 3.03826, 4.22616], "size": [0.7056, 6.1336, 0], "uv": [51, 51]}
				]
			},
			{
				"name": "bone109",
				"parent": "bone107",
				"pivot": [3.528, 3.3065, 4.22686],
				"rotation": [0, 0, -7.92314],
				"cubes": [
					{"origin": [3.528, 3.03826, 4.22757], "size": [0.7056, 6.1336, 0], "uv": [51, 51]}
				]
			},
			{
				"name": "bone110",
				"parent": "bone97",
				"pivot": [0, 3.40376, 0],
				"rotation": [0, -270, 0]
			},
			{
				"name": "bone111",
				"parent": "bone110",
				"pivot": [0, 3.40376, 4.22686],
				"rotation": [8, 0, 0],
				"cubes": [
					{"origin": [-3.528, 3.03826, 4.22686], "size": [7.056, 6.1336, 0], "uv": [38, 51]}
				]
			},
			{
				"name": "bone112",
				"parent": "bone111",
				"pivot": [-3.528, 3.3065, 4.22686],
				"rotation": [0, 0, 7.92314],
				"cubes": [
					{"origin": [-4.2336, 3.03826, 4.22616], "size": [0.7056, 6.1336, 0], "uv": [51, 51]}
				]
			},
			{
				"name": "bone113",
				"parent": "bone111",
				"pivot": [3.528, 3.3065, 4.22686],
				"rotation": [0, 0, -7.92314],
				"cubes": [
					{"origin": [3.528, 3.03826, 4.22757], "size": [0.7056, 6.1336, 0], "uv": [51, 51]}
				]
			},
			{
				"name": "legLeft",
				"pivot": [1.75, 9, 0],
				"cubes": [
					{"origin": [0.249, 0.3, -1.5], "size": [3, 8.7, 3], "uv": [38, 39]}
				]
			},
			{
				"name": "xie",
				"parent": "legLeft",
				"pivot": [1.75, 9, 0]
			},
			{
				"name": "xiezi",
				"parent": "xie",
				"pivot": [1.75, 9, 0],
				"cubes": [
					{"origin": [0.049, 0, -1.7], "size": [3.4, 4.4, 3.4], "uv": [0, 74]}
				]
			},
			{
				"name": "zhua",
				"parent": "xie",
				"pivot": [1.75, 9, 0]
			},
			{
				"name": "bone55",
				"parent": "zhua",
				"pivot": [1.75, 9, -0.5],
				"cubes": [
					{"origin": [0.049, 0, -2], "size": [3.4, 0.7, 0.3], "uv": [0, 80]}
				]
			},
			{
				"name": "bone56",
				"parent": "zhua",
				"pivot": [1.75, 9, -0.7],
				"cubes": [
					{"origin": [0.149, 0, -2.3], "size": [0.5, 0.3, 0.3], "uv": [9, 65]}
				]
			},
			{
				"name": "bone57",
				"parent": "zhua",
				"pivot": [3.15, 9, -0.7],
				"cubes": [
					{"origin": [1.449, 0, -2.5], "size": [0.6, 0.4, 0.5], "uv": [12, 64]}
				]
			},
			{
				"name": "bone58",
				"parent": "zhua",
				"pivot": [4.55, 9, -0.7],
				"cubes": [
					{"origin": [2.849, 0, -2.3], "size": [0.5, 0.3, 0.3], "uv": [14, 65]}
				]
			},
			{
				"name": "legRight",
				"pivot": [-1.75, 9, 0],
				"cubes": [
					{"origin": [-3.249, 0.1, -1.5], "size": [3, 8.9, 3], "uv": [26, 39]}
				]
			},
			{
				"name": "xie2",
				"parent": "legRight",
				"pivot": [-1.75, 9, 0]
			},
			{
				"name": "xiezi2",
				"parent": "xie2",
				"pivot": [-1.75, 9, 0],
				"cubes": [
					{"origin": [-3.449, 0, -1.7], "size": [3.4, 4.4, 3.4], "uv": [42, 67]}
				]
			},
			{
				"name": "zhua2",
				"parent": "xie2",
				"pivot": [-1.75, 9, 0]
			},
			{
				"name": "bone53",
				"parent": "zhua2",
				"pivot": [-1.75, 9, -0.5],
				"cubes": [
					{"origin": [-3.449, 0, -2], "size": [3.4, 0.7, 0.3], "uv": [0, 80]}
				]
			},
			{
				"name": "bone54",
				"parent": "zhua2",
				"pivot": [-1.75, 9, -0.7],
				"cubes": [
					{"origin": [-0.649, 0, -2.3], "size": [0.5, 0.3, 0.3], "uv": [12, 65]}
				]
			},
			{
				"name": "bone59",
				"parent": "zhua2",
				"pivot": [-3.15, 9, -0.7],
				"cubes": [
					{"origin": [-2.049, 0, -2.5], "size": [0.6, 0.4, 0.5], "uv": [12, 64]}
				]
			},
			{
				"name": "bone60",
				"parent": "zhua2",
				"pivot": [-4.55, 9, -0.7],
				"cubes": [
					{"origin": [-3.349, 0, -2.3], "size": [0.5, 0.3, 0.3], "uv": [12, 65]}
				]
			},
			{
				"name": "tail",
				"pivot": [0, 8, 2.7],
				"rotation": [2.5, 0, 0]
			},
			{
				"name": "bone43",
				"parent": "tail",
				"pivot": [0, 0, -1.3],
				"cubes": [
					{"origin": [-1, 2.71824, 1.92665], "size": [2, 7, 1.8], "uv": [44, 84]}
				]
			},
			{
				"name": "bone42",
				"parent": "tail",
				"pivot": [0, 0, -1.3],
				"cubes": [
					{"origin": [-1.3, 2.81824, 1.92665], "size": [2.7, 2.9, 1.7], "uv": [12, 56]}
				]
			},
			{
				"name": "bone46",
				"parent": "tail",
				"pivot": [0, 8, 2.7]
			},
			{
				"name": "bone45",
				"parent": "bone46",
				"pivot": [-1, 1.77148, 3.70699],
				"rotation": [32.5, 0, 0],
				"cubes": [
					{"origin": [-1.1, 1.43636, 3.55444], "size": [0.1, 0.6, 0.3], "uv": [47, 87], "inflate": 0.1}
				]
			},
			{
				"name": "bone44",
				"parent": "bone46",
				"pivot": [-1, 2.49699, 3.13809],
				"rotation": [25, 0, 0],
				"cubes": [
					{"origin": [-1.5, 1.79699, 2.83809], "size": [0.8, 1.2, 0.8], "uv": [46, 86]}
				]
			},
			{
				"name": "bone50",
				"parent": "tail",
				"pivot": [1, 8, 2.7]
			},
			{
				"name": "bone51",
				"parent": "bone50",
				"pivot": [0, 1.77148, 3.70699],
				"rotation": [40, 0, 0],
				"cubes": [
					{"origin": [-0.3, 1.17148, 3.40699], "size": [0.4, 1, 0.5], "uv": [48, 89], "inflate": 0.1}
				]
			},
			{
				"name": "bone52",
				"parent": "bone50",
				"pivot": [0, 2.49699, 3.13809],
				"rotation": [25, 0, 0],
				"cubes": [
					{"origin": [-0.5, 1.79699, 2.83809], "size": [0.8, 1.2, 0.8], "uv": [46, 87]}
				]
			},
			{
				"name": "bone47",
				"parent": "tail",
				"pivot": [1.9, 8, 2.7]
			},
			{
				"name": "bone48",
				"parent": "bone47",
				"pivot": [0.9, 1.77148, 3.70699],
				"rotation": [47.5, 0, 0],
				"cubes": [
					{"origin": [0.7, 1.57148, 3.50699], "size": [0.2, 0.6, 0.3], "uv": [47, 89], "inflate": 0.1}
				]
			},
			{
				"name": "bone49",
				"parent": "bone47",
				"pivot": [0.9, 2.49699, 3.13809],
				"rotation": [25, 0, 0],
				"cubes": [
					{"origin": [0.4, 1.79699, 2.83809], "size": [0.8, 1.2, 0.8], "uv": [48, 86]}
				]
			}
		]
	}
}