{
	"format_version": "1.10.0",
	"geometry.model": {
		"texturewidth": 128,
		"textureheight": 128,
		"visible_bounds_width": 3,
		"visible_bounds_height": 4,
		"visible_bounds_offset": [0, 1, 0],
		"bones": [
			{
				"name": "head",
				"pivot": [0, 18, 0],
				"cubes": [
					{"origin": [-4, 18, -4], "size": [8, 8, 8], "uv": [36, 0]}
				]
			},
			{
				"name": "blink",
				"parent": "head",
				"pivot": [0, 18, 0],
				"cubes": [
					{"origin": [-4, 18, -4.001], "size": [8, 8, 0], "uv": [0, 45]}
				]
			},
			{
				"name": "headout",
				"parent": "head",
				"pivot": [0, 0, 0],
				"cubes": [
					{"origin": [-4.5, 17.4, -4.5], "size": [9, 9, 9], "uv": [0, 0]}
				]
			},
			{
				"name": "ahoge",
				"parent": "head",
				"pivot": [-0.5, 26.9, 0],
				"rotation": [-9, 0, 8],
				"cubes": [
					{"origin": [-3.25245, 24.4256, 0.32532], "size": [5, 4, 0], "uv": [24, 64], "mirror": true}
				]
			},
			{
				"name": "shipin",
				"parent": "head",
				"pivot": [5.22284, 24.44598, 1.57698]
			},
			{
				"name": "lingdang",
				"parent": "shipin",
				"pivot": [5.22284, 24.44598, 1.57698],
				"rotation": [20, 22.5, 0],
				"cubes": [
					{"origin": [4.22284, 24.44598, 1.57698], "size": [1, 1, 1], "uv": [30, 91]}
				]
			},
			{
				"name": "bone69",
				"parent": "shipin",
				"pivot": [4.9, 24.8, 2.4],
				"rotation": [-6.0292, -24.40576, 101.78535]
			},
			{
				"name": "bone76",
				"parent": "bone69",
				"pivot": [8.76931, 26.1134, 1.59289],
				"rotation": [0, 0, -26.32046],
				"cubes": [
					{"origin": [7.76931, 26.1134, 2.09289], "size": [1, 0, 0.5], "uv": [3, 110], "inflate": 0.01}
				]
			},
			{
				"name": "bone77",
				"parent": "bone69",
				"pivot": [7.87282, 25.66993, 1.59289],
				"rotation": [0, 0, -24.69237],
				"cubes": [
					{"origin": [6.87282, 25.66993, 2.09289], "size": [1, 0, 0.5], "uv": [3, 102], "inflate": 0.01}
				]
			},
			{
				"name": "bone78",
				"parent": "bone69",
				"pivot": [6.96462, 25.25235, 1.59289],
				"rotation": [0, 0, -18.14732],
				"cubes": [
					{"origin": [5.96462, 25.25235, 2.09289], "size": [1, 0, 0.5], "uv": [3, 102], "inflate": 0.01}
				]
			},
			{
				"name": "bone79",
				"parent": "bone69",
				"pivot": [6.01442, 24.94091, 1.59289],
				"rotation": [0, 0, -6.63547],
				"cubes": [
					{"origin": [5.01442, 24.94091, 2.09289], "size": [1, 0, 0.5], "uv": [4, 103], "inflate": 0.01}
				]
			},
			{
				"name": "bone70",
				"parent": "shipin",
				"pivot": [4.9, 24.8, 2.2],
				"rotation": [-1.07737, 0.12939, 100.71916]
			},
			{
				"name": "bone71",
				"parent": "bone70",
				"pivot": [8.76931, 26.1134, 1.39289],
				"rotation": [0, 0, -26.32046],
				"cubes": [
					{"origin": [7.76931, 26.1134, 1.89289], "size": [1, 0, 0.5], "uv": [0, 102], "inflate": 0.01}
				]
			},
			{
				"name": "bone72",
				"parent": "bone70",
				"pivot": [7.87282, 25.66993, 1.39289],
				"rotation": [0, 0, -24.69237],
				"cubes": [
					{"origin": [6.87282, 25.66993, 1.89289], "size": [1, 0, 0.5], "uv": [0, 102], "inflate": 0.01}
				]
			},
			{
				"name": "bone73",
				"parent": "bone70",
				"pivot": [6.96462, 25.25235, 1.39289],
				"rotation": [0, 0, -18.14732],
				"cubes": [
					{"origin": [5.96462, 25.25235, 1.89289], "size": [1, 0, 0.5], "uv": [0, 103], "inflate": 0.01}
				]
			},
			{
				"name": "bone74",
				"parent": "bone70",
				"pivot": [6.01442, 24.94091, 1.39289],
				"rotation": [0, 0, -6.63547],
				"cubes": [
					{"origin": [5.01442, 24.94091, 1.89289], "size": [1, 0, 0.5], "uv": [0, 102], "inflate": 0.01}
				]
			},
			{
				"name": "bone75",
				"parent": "shipin",
				"pivot": [4.9, 25.1, 2.3],
				"rotation": [0.08521, -37.9898, 97.77099]
			},
			{
				"name": "bone80",
				"parent": "bone75",
				"pivot": [8.76931, 26.4134, 1.49289],
				"rotation": [0, 0, -26.32046],
				"cubes": [
					{"origin": [7.76931, 26.4134, 1.99289], "size": [1, 0, 0.5], "uv": [0, 102], "inflate": 0.01}
				]
			},
			{
				"name": "bone81",
				"parent": "bone75",
				"pivot": [7.87282, 25.96993, 1.49289],
				"rotation": [0, 0, -24.69237],
				"cubes": [
					{"origin": [6.87282, 25.96993, 1.99289], "size": [1, 0, 0.5], "uv": [0, 102], "inflate": 0.01}
				]
			},
			{
				"name": "bone82",
				"parent": "bone75",
				"pivot": [6.96462, 25.55235, 1.49289],
				"rotation": [0, 0, -18.14732],
				"cubes": [
					{"origin": [5.96462, 25.55235, 1.99289], "size": [1, 0, 0.5], "uv": [0, 102], "inflate": 0.01}
				]
			},
			{
				"name": "bone83",
				"parent": "bone75",
				"pivot": [6.01442, 25.24091, 1.49289],
				"rotation": [0, 0, -6.63547],
				"cubes": [
					{"origin": [5.01442, 25.24091, 1.99289], "size": [1, 0, 0.5], "uv": [0, 103], "inflate": 0.01}
				]
			},
			{
				"name": "mianju",
				"parent": "shipin",
				"pivot": [3.9, 26.25, -4.4],
				"rotation": [0, 48, -22],
				"cubes": [
					{"origin": [3.4, 25, -6.4], "size": [1, 2.5, 4], "uv": [0, 63]}
				]
			},
			{
				"name": "bone85",
				"parent": "mianju",
				"pivot": [4.36185, 27.3451, -4.31672],
				"rotation": [-11, 0, 0],
				"cubes": [
					{"origin": [3.66185, 27.3451, -3.81672], "size": [0.5, 1.5, 1], "uv": [14, 97]}
				]
			},
			{
				"name": "bone86",
				"parent": "mianju",
				"pivot": [3.89187, 28.13836, -4.21483],
				"rotation": [12, 0, 0],
				"cubes": [
					{"origin": [3.66817, 27.53836, -6.11483], "size": [0.5, 1.5, 1], "uv": [12, 97]}
				]
			},
			{
				"name": "hair",
				"parent": "head",
				"pivot": [0, 0, -0.5]
			},
			{
				"name": "bone13",
				"parent": "hair",
				"pivot": [0.2, 0, -0.5]
			},
			{
				"name": "bone12",
				"parent": "bone13",
				"pivot": [4.6, 19.6, -5],
				"rotation": [0, 0, 7.5],
				"cubes": [
					{"origin": [3.73053, 16.80856, -5], "size": [1, 1.8, 1], "uv": [4, 97]}
				]
			},
			{
				"name": "bone11",
				"parent": "bone13",
				"pivot": [4.6, 20.1, -5],
				"cubes": [
					{"origin": [3.6, 18.6, -5], "size": [1, 4, 1], "uv": [8, 91]}
				]
			},
			{
				"name": "bone14",
				"parent": "hair",
				"pivot": [-0.2, 0, -0.5]
			},
			{
				"name": "bone15",
				"parent": "bone14",
				"pivot": [-4.6, 19.6, -5],
				"rotation": [0, 0, -7.5],
				"cubes": [
					{"origin": [-4.73053, 16.80856, -5], "size": [1, 1.8, 1], "uv": [0, 97]}
				]
			},
			{
				"name": "bone16",
				"parent": "bone14",
				"pivot": [-4.6, 20.1, -5],
				"cubes": [
					{"origin": [-4.6, 18.6, -5], "size": [1, 4, 1], "uv": [4, 91]}
				]
			},
			{
				"name": "bone17",
				"parent": "hair",
				"pivot": [-0.1, 17.45, 4.5],
				"rotation": [14, 0, 0],
				"cubes": [
					{"origin": [-4.1, 15.4, 4.5], "size": [8, 2, 0], "uv": [0, 57]}
				]
			},
			{
				"name": "bone18",
				"parent": "bone17",
				"pivot": [-0.1, 15.45, 4.5],
				"rotation": [2.5, 0, 0],
				"cubes": [
					{"origin": [-4.1, 13.4, 4.499], "size": [8, 2, 0], "uv": [0, 55]}
				]
			},
			{
				"name": "bone19",
				"parent": "bone18",
				"pivot": [-0.1, 13.55, 4.5],
				"rotation": [-7, 0, 0],
				"cubes": [
					{"origin": [-4.1, 11.4, 4.498], "size": [8, 2, 0], "uv": [0, 53]}
				]
			},
			{
				"name": "bone20",
				"parent": "bone19",
				"pivot": [-0.1, 11.45, 4.5],
				"rotation": [-3, 0, 0],
				"cubes": [
					{"origin": [-3.6, 9.4, 4.498], "size": [7, 2, 0], "uv": [10, 63]}
				]
			},
			{
				"name": "bone21",
				"parent": "bone20",
				"pivot": [-0.1, 9.45, 4.5],
				"rotation": [-4, 0, 0],
				"cubes": [
					{"origin": [-3.1, 7.4, 4.498], "size": [6, 2, 0], "uv": [10, 65]}
				]
			},
			{
				"name": "bone22",
				"parent": "hair",
				"pivot": [4.1, 17.55, 4.5],
				"rotation": [11.2027, 47.57287, -6.32471],
				"cubes": [
					{"origin": [3.71179, 15.51769, 4.42904], "size": [1.2, 2, 0], "uv": [8, 99]}
				]
			},
			{
				"name": "bone23",
				"parent": "bone22",
				"pivot": [0.91179, 15.56769, 4.42904],
				"rotation": [2.5, 0, 0],
				"cubes": [
					{"origin": [3.71179, 13.51769, 4.42804], "size": [1.2, 2, 0], "uv": [6, 99]}
				]
			},
			{
				"name": "bone24",
				"parent": "bone23",
				"pivot": [0.91179, 13.66769, 4.42904],
				"rotation": [-7, 0, 0],
				"cubes": [
					{"origin": [3.71179, 11.51769, 4.42704], "size": [1.2, 2, 0], "uv": [4, 99]}
				]
			},
			{
				"name": "bone25",
				"parent": "bone24",
				"pivot": [0.91179, 11.56769, 4.42904],
				"rotation": [-3, 0, 0],
				"cubes": [
					{"origin": [3.71179, 9.51769, 4.42704], "size": [1.2, 2, 0], "uv": [2, 99]}
				]
			},
			{
				"name": "bone26",
				"parent": "bone25",
				"pivot": [0.91179, 9.56769, 4.42904],
				"rotation": [-4, 0, 0],
				"cubes": [
					{"origin": [3.71179, 7.51769, 4.42704], "size": [1.2, 2, 0], "uv": [0, 99]}
				]
			},
			{
				"name": "bone27",
				"parent": "hair",
				"pivot": [-4.1, 17.55, 4.5],
				"rotation": [11.2027, -47.57287, 6.32471],
				"cubes": [
					{"origin": [-4.91179, 15.51769, 4.42904], "size": [1.2, 2, 0], "uv": [36, 97]}
				]
			},
			{
				"name": "bone28",
				"parent": "bone27",
				"pivot": [-0.91179, 15.56769, 4.42904],
				"rotation": [2.5, 0, 0],
				"cubes": [
					{"origin": [-4.91179, 13.51769, 4.42804], "size": [1.2, 2, 0], "uv": [34, 97]}
				]
			},
			{
				"name": "bone29",
				"parent": "bone28",
				"pivot": [-0.91179, 13.66769, 4.42904],
				"rotation": [-7, 0, 0],
				"cubes": [
					{"origin": [-4.91179, 11.51769, 4.42704], "size": [1.2, 2, 0], "uv": [32, 97]}
				]
			},
			{
				"name": "bone30",
				"parent": "bone29",
				"pivot": [-0.91179, 11.56769, 4.42904],
				"rotation": [-3, 0, 0],
				"cubes": [
					{"origin": [-4.91179, 9.51769, 4.42704], "size": [1.2, 2, 0], "uv": [30, 97]}
				]
			},
			{
				"name": "bone31",
				"parent": "bone30",
				"pivot": [-0.91179, 9.56769, 4.42904],
				"rotation": [-4, 0, 0],
				"cubes": [
					{"origin": [-4.91179, 7.51769, 4.42704], "size": [1.2, 2, 0], "uv": [28, 97]}
				]
			},
			{
				"name": "bone32",
				"parent": "hair",
				"pivot": [-4.6, 24.85, -0.9],
				"rotation": [-154.96072, -64.91141, 169.9051],
				"cubes": [
					{"origin": [-5.41179, 22.81769, -0.97096], "size": [1.2, 2, 0], "uv": [26, 97]}
				]
			},
			{
				"name": "bone33",
				"parent": "bone32",
				"pivot": [-1.41179, 22.86769, -0.97096],
				"rotation": [-7.5, 0, 0],
				"cubes": [
					{"origin": [-5.41179, 20.81769, -0.97196], "size": [1.2, 2, 0], "uv": [24, 97]}
				]
			},
			{
				"name": "bone39",
				"parent": "bone33",
				"pivot": [-1.41179, 20.96769, -0.97096],
				"rotation": [13, 0, 0],
				"cubes": [
					{"origin": [-5.41179, 18.81769, -0.97296], "size": [1.2, 2, 0], "uv": [22, 97]}
				]
			},
			{
				"name": "bone66",
				"parent": "hair",
				"pivot": [4.6, 24.85, -0.9],
				"rotation": [-154.96072, 64.91141, -169.9051],
				"cubes": [
					{"origin": [4.21179, 22.81769, -0.97096], "size": [1.2, 2, 0], "uv": [20, 97]}
				]
			},
			{
				"name": "bone67",
				"parent": "bone66",
				"pivot": [1.41179, 22.86769, -0.97096],
				"rotation": [-7.5, 0, 0],
				"cubes": [
					{"origin": [4.21179, 20.81769, -0.97196], "size": [1.2, 2, 0], "uv": [18, 97]}
				]
			},
			{
				"name": "bone68",
				"parent": "bone67",
				"pivot": [1.41179, 20.96769, -0.97096],
				"rotation": [13, 0, 0],
				"cubes": [
					{"origin": [4.21179, 18.81769, -0.97296], "size": [1.2, 2, 0], "uv": [16, 97]}
				]
			},
			{
				"name": "armRight",
				"pivot": [-3, 17.5, 0],
				"rotation": [0, 0, 25],
				"cubes": [
					{"origin": [-5, 8.5, -1], "size": [2, 8, 2], "uv": [24, 53]},
					{"origin": [-5.1, 14.9, -1.1], "size": [2.2, 2.6, 2.2], "uv": [8, 77]}
				]
			},
			{
				"name": "bone8",
				"parent": "armRight",
				"pivot": [-4.9, 17.5, 0],
				"cubes": [
					{"origin": [-5.2, 9.3, -1.3], "size": [2.5, 3.5, 2.5], "uv": [34, 63], "mirror": true}
				]
			},
			{
				"name": "armLeft",
				"pivot": [3, 17.5, 0],
				"rotation": [0, 0, -25],
				"cubes": [
					{"origin": [2.9, 14.9, -1.1], "size": [2.2, 2.6, 2.2], "uv": [10, 69]},
					{"origin": [3, 8.5, -1], "size": [2, 8, 2], "uv": [16, 53]}
				]
			},
			{
				"name": "bone7",
				"parent": "armLeft",
				"pivot": [3, 17.5, 0],
				"cubes": [
					{"origin": [2.7, 9.3, -1.3], "size": [2.5, 3.5, 2.5], "uv": [42, 63]}
				]
			},
			{
				"name": "body",
				"pivot": [0, 10.5, 0],
				"cubes": [
					{"origin": [-3, 8.999, -3], "size": [6, 9, 6], "uv": [0, 18]}
				]
			},
			{
				"name": "sittingRotationSkirt",
				"parent": "body",
				"pivot": [0, 10.5, 0]
			},
			{
				"name": "qun",
				"parent": "sittingRotationSkirt",
				"pivot": [0, 3.9, -0.8],
				"rotation": [-4, 0, 0]
			},
			{
				"name": "bone40",
				"parent": "qun",
				"pivot": [0, 3.9, -0.8]
			},
			{
				"name": "bone41",
				"parent": "bone40",
				"pivot": [0, 3.9, 2.65414],
				"rotation": [15, 0, 0],
				"cubes": [
					{"origin": [-1.36, 1.75456, 5.18274], "size": [2.52, 8.76, 0], "uv": [4, 77]}
				]
			},
			{
				"name": "bone42",
				"parent": "bone41",
				"pivot": [-1.16, 3.55456, 2.65414],
				"rotation": [0, 0, 8.56299],
				"cubes": [
					{"origin": [-3.48, 1.95456, 5.18158], "size": [2.32, 8.56, 0], "uv": [0, 77]}
				]
			},
			{
				"name": "bone43",
				"parent": "bone41",
				"pivot": [1.16, 3.55456, 2.65414],
				"rotation": [0, 0, -8.56299],
				"cubes": [
					{"origin": [0.96, 1.95456, 5.1839], "size": [2.52, 8.56, 0], "uv": [20, 69]}
				]
			},
			{
				"name": "bone44",
				"parent": "qun",
				"pivot": [0, 3.9, -0.8],
				"rotation": [0, -60, 0]
			},
			{
				"name": "bone45",
				"parent": "bone44",
				"pivot": [0, 3.9, 2.65414],
				"rotation": [15, 0, 0],
				"cubes": [
					{"origin": [-1.16, 3.25456, 5.18274], "size": [2.32, 7.26, 0], "uv": [28, 77]}
				]
			},
			{
				"name": "bone46",
				"parent": "bone45",
				"pivot": [-1.16, 3.55456, 2.65414],
				"rotation": [0, 0, 8.56299],
				"cubes": [
					{"origin": [-3.48, 3.55456, 5.18158], "size": [2.32, 6.96, 0], "uv": [0, 91]}
				]
			},
			{
				"name": "bone47",
				"parent": "bone45",
				"pivot": [1.16, 3.55456, 2.65414],
				"rotation": [0, 0, -8.56299],
				"cubes": [
					{"origin": [1.16, 2.75456, 5.1839], "size": [2.32, 7.76, 0], "uv": [16, 77]}
				]
			},
			{
				"name": "bone48",
				"parent": "qun",
				"pivot": [0, 3.9, -0.8],
				"rotation": [0, -120, 0]
			},
			{
				"name": "bone49",
				"parent": "bone48",
				"pivot": [0, 3.9, 2.65414],
				"rotation": [15, 0, 0]
			},
			{
				"name": "bone50",
				"parent": "bone49",
				"pivot": [0.23565, 3.17605, 3.15304],
				"rotation": [0, -19.5, 8.56299],
				"cubes": [
					{"origin": [-2.08435, 4.17605, 5.68048], "size": [1.72, 5.96, 0], "uv": [28, 91]}
				]
			},
			{
				"name": "bone51",
				"parent": "bone49",
				"pivot": [1.16, 3.55456, 2.65414],
				"rotation": [0, 0, -8.56299],
				"cubes": [
					{"origin": [1.46, 3.85456, 5.1839], "size": [2.02, 6.66, 0], "uv": [16, 85]}
				]
			},
			{
				"name": "bone65",
				"parent": "bone49",
				"pivot": [0, 3.9, 2.65414],
				"rotation": [0, 4, 0],
				"cubes": [
					{"origin": [-1.11596, 4.13215, 5.26968], "size": [2.32, 6.36, 0], "uv": [12, 85]}
				]
			},
			{
				"name": "bone52",
				"parent": "qun",
				"pivot": [0, 3.9, -0.8],
				"rotation": [0, -180, 0]
			},
			{
				"name": "bone53",
				"parent": "bone52",
				"pivot": [0, 3.9, 2.65414],
				"rotation": [15, 0, 0],
				"cubes": [
					{"origin": [-1.16, 5.2097, 4.3581], "size": [2.32, 5.06, 0], "uv": [22, 91]}
				]
			},
			{
				"name": "bone54",
				"parent": "bone53",
				"pivot": [-1.16, 3.55456, 2.65414],
				"rotation": [0, 0, 8.56299],
				"cubes": [
					{"origin": [-3.44354, 4.11243, 4.35694], "size": [2.32, 6.16, 0], "uv": [32, 85]}
				]
			},
			{
				"name": "bone55",
				"parent": "bone53",
				"pivot": [1.16, 3.55456, 2.65414],
				"rotation": [0, 0, -8.56299],
				"cubes": [
					{"origin": [1.12354, 4.91243, 4.35926], "size": [2.32, 5.36, 0], "uv": [18, 91]}
				]
			},
			{
				"name": "bone56",
				"parent": "qun",
				"pivot": [0, 3.9, -0.8],
				"rotation": [0, -240, 0]
			},
			{
				"name": "bone57",
				"parent": "bone56",
				"pivot": [0, 3.9, 2.65414],
				"rotation": [15, 0, 0]
			},
			{
				"name": "bone58",
				"parent": "bone57",
				"pivot": [-1.16, 3.55456, 2.65414],
				"rotation": [0, 0, 8.56299],
				"cubes": [
					{"origin": [-3.48, 3.55456, 5.18158], "size": [2.82, 6.96, 0], "uv": [24, 85]}
				]
			},
			{
				"name": "bone59",
				"parent": "bone57",
				"pivot": [1.74337, 6.95258, 4.86521],
				"rotation": [0, 27.5, -8.56299],
				"cubes": [
					{"origin": [0.88337, 3.77258, 4.86521], "size": [1.52, 6.66, 0], "uv": [26, 91]}
				]
			},
			{
				"name": "bone64",
				"parent": "bone57",
				"pivot": [0.34557, 3.82141, 2.83963],
				"rotation": [0, 3, -5],
				"cubes": [
					{"origin": [-0.84017, 3.52104, 5.23668], "size": [2.22, 6.96, 0], "uv": [28, 85]}
				]
			},
			{
				"name": "bone60",
				"parent": "qun",
				"pivot": [0, 3.9, -0.8],
				"rotation": [0, -300, 0]
			},
			{
				"name": "bone61",
				"parent": "bone60",
				"pivot": [0, 3.9, 2.65414],
				"rotation": [15, 0, 0],
				"cubes": [
					{"origin": [-1.16, 3.35456, 5.18274], "size": [2.32, 7.16, 0], "uv": [24, 77]}
				]
			},
			{
				"name": "bone62",
				"parent": "bone61",
				"pivot": [-1.16, 3.55456, 2.65414],
				"rotation": [0, 0, 8.56299],
				"cubes": [
					{"origin": [-3.48, 2.75456, 5.18158], "size": [2.32, 7.76, 0], "uv": [20, 77]}
				]
			},
			{
				"name": "bone63",
				"parent": "bone61",
				"pivot": [1.16, 3.55456, 2.65414],
				"rotation": [0, 0, -8.56299],
				"cubes": [
					{"origin": [1.16, 3.55456, 5.1839], "size": [2.32, 6.96, 0], "uv": [20, 85]}
				]
			},
			{
				"name": "jian",
				"parent": "body",
				"pivot": [3.8, 15.9, -0.9]
			},
			{
				"name": "bone",
				"parent": "jian",
				"pivot": [3.8, 15.9, -0.9],
				"rotation": [0, 0, 15],
				"cubes": [
					{"origin": [2.8, 15.9, -1.3], "size": [1, 2.5, 2.5], "uv": [6, 85]}
				]
			},
			{
				"name": "bone3",
				"parent": "jian",
				"pivot": [-3.8, 15.9, -0.9],
				"rotation": [0, 0, -15],
				"cubes": [
					{"origin": [-3.8, 15.9, -1.3], "size": [1, 2.5, 2.5], "uv": [0, 85]}
				]
			},
			{
				"name": "ling",
				"parent": "body",
				"pivot": [0, 0, 0]
			},
			{
				"name": "bone9",
				"parent": "ling",
				"pivot": [-2, 16.9, -4.8],
				"rotation": [0, 0, 49],
				"cubes": [
					{"origin": [-2.8, 17.11213, -3.2], "size": [2.4, 1, 0], "uv": [8, 98]}
				]
			},
			{
				"name": "bone10",
				"parent": "ling",
				"pivot": [1.6, 16.6, -4.8],
				"rotation": [0, 0, -49],
				"cubes": [
					{"origin": [0.5, 16.7, -3.2], "size": [2.4, 1, 0], "uv": [8, 97]}
				]
			},
			{
				"name": "bodyout",
				"parent": "body",
				"pivot": [0, 0, 0],
				"cubes": [
					{"origin": [-3.25, 13, -3.25], "size": [6.5, 5, 6.5], "uv": [0, 33]}
				]
			},
			{
				"name": "hdj",
				"parent": "body",
				"pivot": [0, 0, 0]
			},
			{
				"name": "bone5",
				"parent": "hdj",
				"pivot": [1.8, 12, 3.4],
				"rotation": [0, 0, 27.5],
				"cubes": [
					{"origin": [-0.2, 12, 3.4], "size": [4, 1.5, 1], "uv": [10, 73]}
				]
			},
			{
				"name": "bone6",
				"parent": "hdj",
				"pivot": [0.05, 13.7, 3.75],
				"rotation": [0, 0, 90],
				"cubes": [
					{"origin": [-0.85, 12.67758, 3], "size": [2, 2, 1.5], "uv": [12, 91]}
				]
			},
			{
				"name": "bone4",
				"parent": "hdj",
				"pivot": [-1.8, 12, 3.4],
				"rotation": [0, 0, -27.5],
				"cubes": [
					{"origin": [-3.8, 12, 3.4], "size": [4, 1.5, 1], "uv": [10, 75]}
				]
			},
			{
				"name": "bone2",
				"parent": "hdj",
				"pivot": [1.1, 13.2, 3.6],
				"rotation": [0, 0, 10],
				"cubes": [
					{"origin": [0.5, 13.2, 3.6], "size": [4, 2.5, 1], "uv": [0, 69]}
				]
			},
			{
				"name": "bone38",
				"parent": "hdj",
				"pivot": [-1.1, 13.2, 3.6],
				"rotation": [0, 0, -10],
				"cubes": [
					{"origin": [-4.5, 13.2, 3.6], "size": [4, 2.5, 1], "uv": [0, 72]}
				]
			},
			{
				"name": "yaoshu",
				"parent": "body",
				"pivot": [0, 10.6, 0],
				"cubes": [
					{"origin": [-3.5, 10.6, -3.5], "size": [7, 2.5, 7], "uv": [24, 18]}
				]
			},
			{
				"name": "bone34",
				"parent": "yaoshu",
				"pivot": [3.8, 11, 0],
				"cubes": [
					{"origin": [3, 11, -3], "size": [1, 1.5, 6], "uv": [44, 45]}
				]
			},
			{
				"name": "bone35",
				"parent": "yaoshu",
				"pivot": [-3.8, 11, 0],
				"cubes": [
					{"origin": [-4, 11, -3], "size": [1, 1.5, 6], "uv": [30, 45]}
				]
			},
			{
				"name": "bone36",
				"parent": "yaoshu",
				"pivot": [0.8, 11, 0],
				"rotation": [0, 90, 0],
				"cubes": [
					{"origin": [3.6, 11, -3.8], "size": [1, 1.5, 6], "uv": [16, 45]}
				]
			},
			{
				"name": "bone37",
				"parent": "yaoshu",
				"pivot": [0.8, 11, 0],
				"rotation": [0, -90, 0]
			},
			{
				"name": "legLeft",
				"pivot": [2, 9, 0],
				"cubes": [
					{"origin": [0.499, 0, -1.5], "size": [3, 9, 3], "uv": [36, 33]}
				]
			},
			{
				"name": "legRight",
				"pivot": [-2, 9, 0],
				"cubes": [
					{"origin": [-3.499, 0, -1.5], "size": [3, 9, 3], "uv": [24, 33]}
				]
			}
		]
	}
}