{
	"format_version": "1.10.0",
	"geometry.model": {
		"texturewidth": 256,
		"textureheight": 256,
		"visible_bounds_width": 4,
		"visible_bounds_height": 5,
		"visible_bounds_offset": [0, 1.5, 0],
		"bones": [
			{
				"name": "head",
				"pivot": [0, 18, 0],
				"cubes": [
					{"origin": [-4, 18, -4], "size": [8, 8, 8], "uv": [26, 19]}
				]
			},
			{
				"name": "blink",
				"parent": "head",
				"pivot": [0, 18, 0],
				"cubes": [
					{"origin": [-4, 18, -4.001], "size": [8, 8, 0], "uv": [42, 56]}
				]
			},
			{
				"name": "headout",
				"parent": "head",
				"pivot": [0, 18, 0],
				"cubes": [
					{"origin": [-4.5, 17.6, -4.5], "size": [9, 9, 9], "uv": [50, 0]}
				]
			},
			{
				"name": "hair",
				"parent": "head",
				"pivot": [0, 0, 0]
			},
			{
				"name": "bone117",
				"parent": "hair",
				"pivot": [0, 0, 0]
			},
			{
				"name": "bone113",
				"parent": "bone117",
				"pivot": [4.5, 25.6, -0.7],
				"rotation": [11.55123, 17.65829, 3.54766]
			},
			{
				"name": "bone114",
				"parent": "bone113",
				"pivot": [4.74843, 25.03269, -1.19266],
				"rotation": [7.50607, 9.38961, 42.92494],
				"cubes": [
					{"origin": [3.74843, 25.03269, -1.19266], "size": [1, 0, 1], "uv": [24, 144], "inflate": 0.01}
				]
			},
			{
				"name": "bone115",
				"parent": "bone113",
				"pivot": [5.32638, 24.49516, -1.32318],
				"rotation": [3.3035, 1.41941, 27.52797],
				"cubes": [
					{"origin": [4.56267, 24.6979, -1.19973], "size": [1, 0, 1], "uv": [20, 144], "inflate": 0.01}
				]
			},
			{
				"name": "bone116",
				"parent": "bone113",
				"pivot": [6.28737, 24.01702, -1.58369],
				"rotation": [5.00897, 1.67528, 33.14401],
				"cubes": [
					{"origin": [5.4282, 24.09364, -1.23442], "size": [1, 0, 1], "uv": [16, 144], "inflate": 0.01}
				]
			},
			{
				"name": "bone111",
				"parent": "bone117",
				"pivot": [4.5, 25.6, -0.7],
				"rotation": [11.55123, 17.65829, 3.54766]
			},
			{
				"name": "bone109",
				"parent": "bone111",
				"pivot": [4.74843, 25.03269, -1.19266],
				"rotation": [7.50607, 9.38961, 42.92494],
				"cubes": [
					{"origin": [3.74843, 25.03269, -1.19266], "size": [1, 0, 1], "uv": [36, 144], "inflate": 0.01}
				]
			},
			{
				"name": "bone110",
				"parent": "bone111",
				"pivot": [5.32638, 24.49516, -1.32318],
				"rotation": [3.3035, 1.41941, 27.52797],
				"cubes": [
					{"origin": [4.56267, 24.6979, -1.19973], "size": [1, 0, 1], "uv": [32, 144], "inflate": 0.01}
				]
			},
			{
				"name": "bone112",
				"parent": "bone111",
				"pivot": [6.28737, 24.01702, -1.58369],
				"rotation": [5.00897, 1.67528, 33.14401],
				"cubes": [
					{"origin": [5.4282, 24.09364, -1.23442], "size": [1, 0, 1], "uv": [28, 144], "inflate": 0.01}
				]
			},
			{
				"name": "bone94",
				"parent": "bone117",
				"pivot": [3.1, 21.4, -1.6],
				"rotation": [-14.00663, 17.65489, 92.95072]
			},
			{
				"name": "bone95",
				"parent": "bone94",
				"pivot": [6.40966, 23.78185, -2.89266],
				"rotation": [0, 0, 11.1227],
				"cubes": [
					{"origin": [5.40966, 23.78185, -2.89266], "size": [1, 0, 1], "uv": [64, 144], "inflate": 0.01}
				]
			},
			{
				"name": "bone103",
				"parent": "bone94",
				"pivot": [5.42821, 23.97481, -2.89266],
				"rotation": [0, 0, -2.45273],
				"cubes": [
					{"origin": [4.42821, 23.97481, -2.89266], "size": [1, 0, 1], "uv": [60, 144], "inflate": 0.01}
				]
			},
			{
				"name": "bone104",
				"parent": "bone94",
				"pivot": [4.42919, 23.93201, -2.89266],
				"rotation": [0, 0, -15.13268],
				"cubes": [
					{"origin": [3.42919, 23.93201, -2.89266], "size": [1, 0, 1], "uv": [56, 144], "inflate": 0.01}
				]
			},
			{
				"name": "bone105",
				"parent": "bone94",
				"pivot": [3.46386, 23.67096, -2.89266],
				"rotation": [0, 0, -23.24925],
				"cubes": [
					{"origin": [2.46386, 23.67096, -2.89266], "size": [1, 0, 1], "uv": [52, 144], "inflate": 0.01}
				]
			},
			{
				"name": "bone106",
				"parent": "bone94",
				"pivot": [2.54491, 23.27616, -2.89266],
				"rotation": [0, 0, -26.32046],
				"cubes": [
					{"origin": [1.54491, 23.27616, -2.89266], "size": [1, 0, 1], "uv": [48, 144], "inflate": 0.01}
				]
			},
			{
				"name": "bone107",
				"parent": "bone94",
				"pivot": [1.64843, 22.83269, -2.89266],
				"rotation": [0, 0, -24.69237],
				"cubes": [
					{"origin": [0.64843, 22.83269, -2.89266], "size": [1, 0, 1], "uv": [44, 144], "inflate": 0.01}
				]
			},
			{
				"name": "bone108",
				"parent": "bone94",
				"pivot": [0.74022, 22.41511, -2.89266],
				"rotation": [0, 0, -18.14732],
				"cubes": [
					{"origin": [-0.25978, 22.41511, -2.89266], "size": [1, 0, 1], "uv": [40, 144], "inflate": 0.01}
				]
			},
			{
				"name": "bone93",
				"parent": "bone117",
				"pivot": [3, 20.5, 3.7],
				"rotation": [-16.72017, -2.16547, 97.57944]
			},
			{
				"name": "bone96",
				"parent": "bone93",
				"pivot": [6.30966, 22.88185, 2.40734],
				"rotation": [0, 0, 11.1227],
				"cubes": [
					{"origin": [5.30966, 22.88185, 2.40734], "size": [1, 0, 1], "uv": [16, 145], "inflate": 0.01}
				]
			},
			{
				"name": "bone97",
				"parent": "bone93",
				"pivot": [5.32821, 23.07481, 2.40734],
				"rotation": [0, 0, -2.45273],
				"cubes": [
					{"origin": [4.32821, 23.07481, 2.40734], "size": [1, 0, 1], "uv": [12, 145], "inflate": 0.01}
				]
			},
			{
				"name": "bone98",
				"parent": "bone93",
				"pivot": [4.32919, 23.03201, 2.40734],
				"rotation": [0, 0, -15.13268],
				"cubes": [
					{"origin": [3.32919, 23.03201, 2.40734], "size": [1, 0, 1], "uv": [8, 145], "inflate": 0.01}
				]
			},
			{
				"name": "bone99",
				"parent": "bone93",
				"pivot": [3.36386, 22.77096, 2.40734],
				"rotation": [0, 0, -23.24925],
				"cubes": [
					{"origin": [2.36386, 22.77096, 2.40734], "size": [1, 0, 1], "uv": [4, 145], "inflate": 0.01}
				]
			},
			{
				"name": "bone100",
				"parent": "bone93",
				"pivot": [2.44491, 22.37616, 2.40734],
				"rotation": [0, 0, -26.32046],
				"cubes": [
					{"origin": [1.44491, 22.37616, 2.40734], "size": [1, 0, 1], "uv": [0, 145], "inflate": 0.01}
				]
			},
			{
				"name": "bone101",
				"parent": "bone93",
				"pivot": [1.54843, 21.93269, 2.40734],
				"rotation": [0, 0, -24.69237],
				"cubes": [
					{"origin": [0.54843, 21.93269, 2.40734], "size": [1, 0, 1], "uv": [72, 144], "inflate": 0.01}
				]
			},
			{
				"name": "bone102",
				"parent": "bone93",
				"pivot": [0.64022, 21.51511, 2.40734],
				"rotation": [0, 0, -18.14732],
				"cubes": [
					{"origin": [-0.35978, 21.51511, 2.40734], "size": [1, 0, 1], "uv": [68, 144], "inflate": 0.01}
				]
			},
			{
				"name": "bone81",
				"parent": "bone117",
				"pivot": [4.2, 17.3, 4.2],
				"rotation": [-61.84503, -6.19984, 80.06416]
			},
			{
				"name": "bone82",
				"parent": "bone81",
				"pivot": [13.5962, 18.49964, 3.85038],
				"rotation": [0, 0, 25.79358],
				"cubes": [
					{"origin": [12.5962, 18.49964, 3.85038], "size": [1, 0, 1], "uv": [60, 145], "inflate": 0.01}
				]
			},
			{
				"name": "bone83",
				"parent": "bone81",
				"pivot": [12.69581, 18.93478, 3.85038],
				"rotation": [0, 0, 21.01398],
				"cubes": [
					{"origin": [11.69581, 18.93478, 3.85038], "size": [1, 0, 1], "uv": [56, 145], "inflate": 0.01}
				]
			},
			{
				"name": "bone84",
				"parent": "bone81",
				"pivot": [11.76222, 19.29341, 3.85038],
				"rotation": [0, 0, 11.1227],
				"cubes": [
					{"origin": [10.76222, 19.29341, 3.85038], "size": [1, 0, 1], "uv": [52, 145], "inflate": 0.01}
				]
			},
			{
				"name": "bone85",
				"parent": "bone81",
				"pivot": [10.78077, 19.48637, 3.85038],
				"rotation": [0, 0, -2.45273],
				"cubes": [
					{"origin": [9.78077, 19.48637, 3.85038], "size": [1, 0, 1], "uv": [48, 145], "inflate": 0.01}
				]
			},
			{
				"name": "bone86",
				"parent": "bone81",
				"pivot": [9.78175, 19.44358, 3.85038],
				"rotation": [0, 0, -15.13268],
				"cubes": [
					{"origin": [8.78175, 19.44358, 3.85038], "size": [1, 0, 1], "uv": [44, 145], "inflate": 0.01}
				]
			},
			{
				"name": "bone87",
				"parent": "bone81",
				"pivot": [8.81642, 19.18252, 3.85038],
				"rotation": [0, 0, -23.24925],
				"cubes": [
					{"origin": [7.81642, 19.18252, 3.85038], "size": [1, 0, 1], "uv": [40, 145], "inflate": 0.01}
				]
			},
			{
				"name": "bone88",
				"parent": "bone81",
				"pivot": [7.89747, 18.78772, 3.85038],
				"rotation": [0, 0, -26.32046],
				"cubes": [
					{"origin": [6.89747, 18.78772, 3.85038], "size": [1, 0, 1], "uv": [36, 145], "inflate": 0.01}
				]
			},
			{
				"name": "bone89",
				"parent": "bone81",
				"pivot": [7.00099, 18.34426, 3.85038],
				"rotation": [0, 0, -24.69237],
				"cubes": [
					{"origin": [6.00099, 18.34426, 3.85038], "size": [1, 0, 1], "uv": [32, 145], "inflate": 0.01}
				]
			},
			{
				"name": "bone90",
				"parent": "bone81",
				"pivot": [6.09279, 17.92668, 3.85038],
				"rotation": [0, 0, -18.14732],
				"cubes": [
					{"origin": [5.09279, 17.92668, 3.85038], "size": [1, 0, 1], "uv": [28, 145], "inflate": 0.01}
				]
			},
			{
				"name": "bone91",
				"parent": "bone81",
				"pivot": [5.14259, 17.61524, 3.85038],
				"rotation": [0, 0, -6.63547],
				"cubes": [
					{"origin": [4.14259, 17.61524, 3.85038], "size": [1, 0, 1], "uv": [24, 145], "inflate": 0.01}
				]
			},
			{
				"name": "bone92",
				"parent": "bone81",
				"pivot": [4.14943, 17.4997, 3.85038],
				"rotation": [0, 0, 7.22486],
				"cubes": [
					{"origin": [3.14943, 17.4997, 3.85038], "size": [1, 0, 1], "uv": [20, 145], "inflate": 0.01}
				]
			},
			{
				"name": "bone70",
				"parent": "bone117",
				"pivot": [5.3, 15.2, 1.8],
				"rotation": [-7.15478, -11.90924, 91.48387]
			},
			{
				"name": "bone71",
				"parent": "bone70",
				"pivot": [5.3, 15.2, 1.8],
				"rotation": [0, 0, 25.79358],
				"cubes": [
					{"origin": [4.3, 15.2, 1.8], "size": [1, 0, 1], "uv": [12, 146], "inflate": 0.01}
				]
			},
			{
				"name": "bone72",
				"parent": "bone70",
				"pivot": [4.39961, 15.63514, 1.8],
				"rotation": [0, 0, 21.01398],
				"cubes": [
					{"origin": [3.39961, 15.63514, 1.8], "size": [1, 0, 1], "uv": [8, 147], "inflate": 0.01}
				]
			},
			{
				"name": "bone73",
				"parent": "bone70",
				"pivot": [3.46602, 15.99378, 1.8],
				"rotation": [0, 0, 11.1227],
				"cubes": [
					{"origin": [2.46602, 15.99378, 1.8], "size": [1, 0, 1], "uv": [8, 146], "inflate": 0.01}
				]
			},
			{
				"name": "bone74",
				"parent": "bone70",
				"pivot": [2.48457, 16.18673, 1.8],
				"rotation": [0, 0, -2.45273],
				"cubes": [
					{"origin": [1.48457, 16.18673, 1.8], "size": [1, 0, 1], "uv": [4, 147], "inflate": 0.01}
				]
			},
			{
				"name": "bone75",
				"parent": "bone70",
				"pivot": [1.48555, 16.14394, 1.8],
				"rotation": [0, 0, -15.13268],
				"cubes": [
					{"origin": [0.48555, 16.14394, 1.8], "size": [1, 0, 1], "uv": [4, 146], "inflate": 0.01}
				]
			},
			{
				"name": "bone76",
				"parent": "bone70",
				"pivot": [0.52021, 15.88288, 1.8],
				"rotation": [0, 0, -23.24925],
				"cubes": [
					{"origin": [-0.47979, 15.88288, 1.8], "size": [1, 0, 1], "uv": [0, 147], "inflate": 0.01}
				]
			},
			{
				"name": "bone77",
				"parent": "bone70",
				"pivot": [-0.39873, 15.48809, 1.8],
				"rotation": [0, 0, -26.32046],
				"cubes": [
					{"origin": [-1.39873, 15.48809, 1.8], "size": [1, 0, 1], "uv": [0, 146], "inflate": 0.01}
				]
			},
			{
				"name": "bone78",
				"parent": "bone70",
				"pivot": [-1.29521, 15.04462, 1.8],
				"rotation": [0, 0, -24.69237],
				"cubes": [
					{"origin": [-2.29521, 15.04462, 1.8], "size": [1, 0, 1], "uv": [72, 145], "inflate": 0.01}
				]
			},
			{
				"name": "bone79",
				"parent": "bone70",
				"pivot": [-2.20342, 14.62704, 1.8],
				"rotation": [0, 0, -18.14732],
				"cubes": [
					{"origin": [-3.20342, 14.62704, 1.8], "size": [1, 0, 1], "uv": [68, 145], "inflate": 0.01}
				]
			},
			{
				"name": "bone80",
				"parent": "bone70",
				"pivot": [-3.15361, 14.3156, 1.8],
				"rotation": [0, 0, -6.63547],
				"cubes": [
					{"origin": [-4.15361, 14.3156, 1.8], "size": [1, 0, 1], "uv": [64, 145], "inflate": 0.01}
				]
			},
			{
				"name": "bone170",
				"parent": "bone117",
				"pivot": [-6.5, 18.8, -5],
				"cubes": [
					{"origin": [-5, 18.8, -4.9], "size": [1, 4, 1], "uv": [16, 125], "inflate": 0.01}
				]
			},
			{
				"name": "bone171",
				"parent": "bone170",
				"pivot": [-5.1, 22.8, -5],
				"rotation": [-4.97275, 0.52199, 5.97733],
				"cubes": [
					{"origin": [-5.00146, 22.81912, -4.90038], "size": [1, 1, 1], "uv": [4, 139], "inflate": 0.01}
				]
			},
			{
				"name": "bone172",
				"parent": "bone170",
				"pivot": [-5.1, 22.8, -5],
				"rotation": [-4.97275, 0.52199, 5.97733],
				"cubes": [
					{"origin": [-4.59041, 17.4607, -4.55176], "size": [1, 1.5, 1], "uv": [0, 139], "inflate": 0.01}
				]
			},
			{
				"name": "bone173",
				"parent": "bone170",
				"pivot": [-5.3, 17.2, -4.1],
				"rotation": [20.11411, 37.6822, 49.92643],
				"cubes": [
					{"origin": [-5.3, 17.2, -4.1], "size": [1, 1, 0], "uv": [20, 146], "inflate": 0.01}
				]
			},
			{
				"name": "bone166",
				"parent": "bone170",
				"pivot": [6.5, 18.8, -5],
				"cubes": [
					{"origin": [4, 18.8, -4.9], "size": [1, 4, 1], "uv": [20, 125], "inflate": 0.01}
				]
			},
			{
				"name": "bone167",
				"parent": "bone166",
				"pivot": [5.1, 22.8, -5],
				"rotation": [-4.97275, -0.52199, -5.97733],
				"cubes": [
					{"origin": [4.00146, 22.81912, -4.90038], "size": [1, 1, 1], "uv": [12, 139], "inflate": 0.01}
				]
			},
			{
				"name": "bone168",
				"parent": "bone166",
				"pivot": [5.1, 22.8, -5],
				"rotation": [-4.97275, -0.52199, -5.97733],
				"cubes": [
					{"origin": [3.59041, 17.4607, -4.55176], "size": [1, 1.5, 1], "uv": [8, 139], "inflate": 0.01}
				]
			},
			{
				"name": "bone169",
				"parent": "bone166",
				"pivot": [5.3, 17.2, -4.1],
				"rotation": [20.11411, -37.6822, -49.92643],
				"cubes": [
					{"origin": [4.3, 17.2, -4.1], "size": [1, 1, 0], "uv": [20, 147], "inflate": 0.01}
				]
			},
			{
				"name": "bone191",
				"parent": "bone170",
				"pivot": [4.2, 17.3, 2.2],
				"rotation": [-18.15809, -10.10195, 80.09099]
			},
			{
				"name": "bone192",
				"parent": "bone191",
				"pivot": [13.5962, 18.49964, 1.85038],
				"rotation": [0, 0, 25.79358],
				"cubes": [
					{"origin": [12.5962, 18.49964, 1.85038], "size": [1, 0, 1], "uv": [32, 141], "inflate": 0.01}
				]
			},
			{
				"name": "bone193",
				"parent": "bone191",
				"pivot": [12.69581, 18.93478, 1.85038],
				"rotation": [0, 0, 21.01398],
				"cubes": [
					{"origin": [11.69581, 18.93478, 1.85038], "size": [1, 0, 1], "uv": [28, 141], "inflate": 0.01}
				]
			},
			{
				"name": "bone194",
				"parent": "bone191",
				"pivot": [11.76222, 19.29341, 1.85038],
				"rotation": [0, 0, 11.1227],
				"cubes": [
					{"origin": [10.76222, 19.29341, 1.85038], "size": [1, 0, 1], "uv": [24, 141], "inflate": 0.01}
				]
			},
			{
				"name": "bone195",
				"parent": "bone191",
				"pivot": [10.78077, 19.48637, 1.85038],
				"rotation": [0, 0, -2.45273],
				"cubes": [
					{"origin": [9.78077, 19.48637, 1.85038], "size": [1, 0, 1], "uv": [20, 141], "inflate": 0.01}
				]
			},
			{
				"name": "bone196",
				"parent": "bone191",
				"pivot": [9.78175, 19.44358, 1.85038],
				"rotation": [0, 0, -15.13268],
				"cubes": [
					{"origin": [8.78175, 19.44358, 1.85038], "size": [1, 0, 1], "uv": [16, 141], "inflate": 0.01}
				]
			},
			{
				"name": "bone197",
				"parent": "bone191",
				"pivot": [8.81642, 19.18252, 1.85038],
				"rotation": [0, 0, -23.24925],
				"cubes": [
					{"origin": [7.81642, 19.18252, 1.85038], "size": [1, 0, 1], "uv": [12, 141], "inflate": 0.01}
				]
			},
			{
				"name": "bone198",
				"parent": "bone191",
				"pivot": [7.89747, 18.78772, 1.85038],
				"rotation": [0, 0, -26.32046],
				"cubes": [
					{"origin": [6.89747, 18.78772, 1.85038], "size": [1, 0, 1], "uv": [8, 141], "inflate": 0.01}
				]
			},
			{
				"name": "bone199",
				"parent": "bone191",
				"pivot": [7.00099, 18.34426, 1.85038],
				"rotation": [0, 0, -24.69237],
				"cubes": [
					{"origin": [6.00099, 18.34426, 1.85038], "size": [1, 0, 1], "uv": [4, 141], "inflate": 0.01}
				]
			},
			{
				"name": "bone200",
				"parent": "bone191",
				"pivot": [6.09279, 17.92668, 1.85038],
				"rotation": [0, 0, -18.14732],
				"cubes": [
					{"origin": [5.09279, 17.92668, 1.85038], "size": [1, 0, 1], "uv": [0, 141], "inflate": 0.01}
				]
			},
			{
				"name": "bone201",
				"parent": "bone191",
				"pivot": [5.14259, 17.61524, 1.85038],
				"rotation": [0, 0, -6.63547],
				"cubes": [
					{"origin": [4.14259, 17.61524, 1.85038], "size": [1, 0, 1], "uv": [56, 140], "inflate": 0.01}
				]
			},
			{
				"name": "bone202",
				"parent": "bone191",
				"pivot": [4.14943, 17.4997, 1.85038],
				"rotation": [0, 0, 7.22486],
				"cubes": [
					{"origin": [3.14943, 17.4997, 1.85038], "size": [1, 0, 1], "uv": [56, 139], "inflate": 0.01}
				]
			},
			{
				"name": "bone118",
				"parent": "hair",
				"pivot": [0, 0, 0]
			},
			{
				"name": "bone119",
				"parent": "bone118",
				"pivot": [-4.5, 25.6, -0.7],
				"rotation": [11.55123, -17.65829, -3.54766]
			},
			{
				"name": "bone120",
				"parent": "bone119",
				"pivot": [-4.74843, 25.03269, -1.19266],
				"rotation": [7.50607, -9.38961, -42.92494],
				"cubes": [
					{"origin": [-4.74843, 25.03269, -1.19266], "size": [1, 0, 1], "uv": [12, 144], "inflate": 0.01}
				]
			},
			{
				"name": "bone121",
				"parent": "bone119",
				"pivot": [-5.32638, 24.49516, -1.32318],
				"rotation": [3.3035, -1.41941, -27.52797],
				"cubes": [
					{"origin": [-5.56267, 24.6979, -1.19973], "size": [1, 0, 1], "uv": [8, 144], "inflate": 0.01}
				]
			},
			{
				"name": "bone122",
				"parent": "bone119",
				"pivot": [-6.28737, 24.01702, -1.58369],
				"rotation": [5.00897, -1.67528, -33.14401],
				"cubes": [
					{"origin": [-6.4282, 24.09364, -1.23442], "size": [1, 0, 1], "uv": [4, 144], "inflate": 0.01}
				]
			},
			{
				"name": "bone123",
				"parent": "bone118",
				"pivot": [-4.5, 25.6, -0.7],
				"rotation": [11.55123, -17.65829, -3.54766]
			},
			{
				"name": "bone124",
				"parent": "bone123",
				"pivot": [-4.74843, 25.03269, -1.19266],
				"rotation": [7.50607, -9.38961, -42.92494],
				"cubes": [
					{"origin": [-4.74843, 25.03269, -1.19266], "size": [1, 0, 1], "uv": [0, 144], "inflate": 0.01}
				]
			},
			{
				"name": "bone125",
				"parent": "bone123",
				"pivot": [-5.32638, 24.49516, -1.32318],
				"rotation": [3.3035, -1.41941, -27.52797],
				"cubes": [
					{"origin": [-5.56267, 24.6979, -1.19973], "size": [1, 0, 1], "uv": [72, 143], "inflate": 0.01}
				]
			},
			{
				"name": "bone126",
				"parent": "bone123",
				"pivot": [-6.28737, 24.01702, -1.58369],
				"rotation": [5.00897, -1.67528, -33.14401],
				"cubes": [
					{"origin": [-6.4282, 24.09364, -1.23442], "size": [1, 0, 1], "uv": [68, 143], "inflate": 0.01}
				]
			},
			{
				"name": "bone127",
				"parent": "bone118",
				"pivot": [-3.1, 21.4, -1.6],
				"rotation": [-14.00663, -17.65489, -92.95072]
			},
			{
				"name": "bone128",
				"parent": "bone127",
				"pivot": [-6.40966, 23.78185, -2.89266],
				"rotation": [0, 0, -11.1227],
				"cubes": [
					{"origin": [-6.40966, 23.78185, -2.89266], "size": [1, 0, 1], "uv": [64, 143], "inflate": 0.01}
				]
			},
			{
				"name": "bone129",
				"parent": "bone127",
				"pivot": [-5.42821, 23.97481, -2.89266],
				"rotation": [0, 0, 2.45273],
				"cubes": [
					{"origin": [-5.42821, 23.97481, -2.89266], "size": [1, 0, 1], "uv": [60, 143], "inflate": 0.01}
				]
			},
			{
				"name": "bone130",
				"parent": "bone127",
				"pivot": [-4.42919, 23.93201, -2.89266],
				"rotation": [0, 0, 15.13268],
				"cubes": [
					{"origin": [-4.42919, 23.93201, -2.89266], "size": [1, 0, 1], "uv": [56, 143], "inflate": 0.01}
				]
			},
			{
				"name": "bone131",
				"parent": "bone127",
				"pivot": [-3.46386, 23.67096, -2.89266],
				"rotation": [0, 0, 23.24925],
				"cubes": [
					{"origin": [-3.46386, 23.67096, -2.89266], "size": [1, 0, 1], "uv": [52, 143], "inflate": 0.01}
				]
			},
			{
				"name": "bone132",
				"parent": "bone127",
				"pivot": [-2.54491, 23.27616, -2.89266],
				"rotation": [0, 0, 26.32046],
				"cubes": [
					{"origin": [-2.54491, 23.27616, -2.89266], "size": [1, 0, 1], "uv": [48, 143], "inflate": 0.01}
				]
			},
			{
				"name": "bone133",
				"parent": "bone127",
				"pivot": [-1.64843, 22.83269, -2.89266],
				"rotation": [0, 0, 24.69237],
				"cubes": [
					{"origin": [-1.64843, 22.83269, -2.89266], "size": [1, 0, 1], "uv": [44, 143], "inflate": 0.01}
				]
			},
			{
				"name": "bone134",
				"parent": "bone127",
				"pivot": [-0.74022, 22.41511, -2.89266],
				"rotation": [0, 0, 18.14732],
				"cubes": [
					{"origin": [-0.74022, 22.41511, -2.89266], "size": [1, 0, 1], "uv": [40, 143], "inflate": 0.01}
				]
			},
			{
				"name": "bone135",
				"parent": "bone118",
				"pivot": [-3, 20.5, 3.7],
				"rotation": [-16.72017, 2.16547, -97.57944]
			},
			{
				"name": "bone136",
				"parent": "bone135",
				"pivot": [-6.30966, 22.88185, 2.40734],
				"rotation": [0, 0, -11.1227],
				"cubes": [
					{"origin": [-6.30966, 22.88185, 2.40734], "size": [1, 0, 1], "uv": [36, 143], "inflate": 0.01}
				]
			},
			{
				"name": "bone137",
				"parent": "bone135",
				"pivot": [-5.32821, 23.07481, 2.40734],
				"rotation": [0, 0, 2.45273],
				"cubes": [
					{"origin": [-5.32821, 23.07481, 2.40734], "size": [1, 0, 1], "uv": [32, 143], "inflate": 0.01}
				]
			},
			{
				"name": "bone138",
				"parent": "bone135",
				"pivot": [-4.32919, 23.03201, 2.40734],
				"rotation": [0, 0, 15.13268],
				"cubes": [
					{"origin": [-4.32919, 23.03201, 2.40734], "size": [1, 0, 1], "uv": [28, 143], "inflate": 0.01}
				]
			},
			{
				"name": "bone139",
				"parent": "bone135",
				"pivot": [-3.36386, 22.77096, 2.40734],
				"rotation": [0, 0, 23.24925],
				"cubes": [
					{"origin": [-3.36386, 22.77096, 2.40734], "size": [1, 0, 1], "uv": [24, 143], "inflate": 0.01}
				]
			},
			{
				"name": "bone140",
				"parent": "bone135",
				"pivot": [-2.44491, 22.37616, 2.40734],
				"rotation": [0, 0, 26.32046],
				"cubes": [
					{"origin": [-2.44491, 22.37616, 2.40734], "size": [1, 0, 1], "uv": [20, 143], "inflate": 0.01}
				]
			},
			{
				"name": "bone141",
				"parent": "bone135",
				"pivot": [-1.54843, 21.93269, 2.40734],
				"rotation": [0, 0, 24.69237],
				"cubes": [
					{"origin": [-1.54843, 21.93269, 2.40734], "size": [1, 0, 1], "uv": [16, 143], "inflate": 0.01}
				]
			},
			{
				"name": "bone142",
				"parent": "bone135",
				"pivot": [-0.64022, 21.51511, 2.40734],
				"rotation": [0, 0, 18.14732],
				"cubes": [
					{"origin": [-0.64022, 21.51511, 2.40734], "size": [1, 0, 1], "uv": [12, 143], "inflate": 0.01}
				]
			},
			{
				"name": "bone143",
				"parent": "bone118",
				"pivot": [-4.2, 17.3, 4.2],
				"rotation": [-61.84503, 6.19984, -80.06416]
			},
			{
				"name": "bone144",
				"parent": "bone143",
				"pivot": [-13.5962, 18.49964, 3.85038],
				"rotation": [0, 0, -25.79358],
				"cubes": [
					{"origin": [-13.5962, 18.49964, 3.85038], "size": [1, 0, 1], "uv": [8, 143], "inflate": 0.01}
				]
			},
			{
				"name": "bone145",
				"parent": "bone143",
				"pivot": [-12.69581, 18.93478, 3.85038],
				"rotation": [0, 0, -21.01398],
				"cubes": [
					{"origin": [-12.69581, 18.93478, 3.85038], "size": [1, 0, 1], "uv": [4, 143], "inflate": 0.01}
				]
			},
			{
				"name": "bone146",
				"parent": "bone143",
				"pivot": [-11.76222, 19.29341, 3.85038],
				"rotation": [0, 0, -11.1227],
				"cubes": [
					{"origin": [-11.76222, 19.29341, 3.85038], "size": [1, 0, 1], "uv": [0, 143], "inflate": 0.01}
				]
			},
			{
				"name": "bone147",
				"parent": "bone143",
				"pivot": [-10.78077, 19.48637, 3.85038],
				"rotation": [0, 0, 2.45273],
				"cubes": [
					{"origin": [-10.78077, 19.48637, 3.85038], "size": [1, 0, 1], "uv": [72, 142], "inflate": 0.01}
				]
			},
			{
				"name": "bone148",
				"parent": "bone143",
				"pivot": [-9.78175, 19.44358, 3.85038],
				"rotation": [0, 0, 15.13268],
				"cubes": [
					{"origin": [-9.78175, 19.44358, 3.85038], "size": [1, 0, 1], "uv": [68, 142], "inflate": 0.01}
				]
			},
			{
				"name": "bone149",
				"parent": "bone143",
				"pivot": [-8.81642, 19.18252, 3.85038],
				"rotation": [0, 0, 23.24925],
				"cubes": [
					{"origin": [-8.81642, 19.18252, 3.85038], "size": [1, 0, 1], "uv": [64, 142], "inflate": 0.01}
				]
			},
			{
				"name": "bone150",
				"parent": "bone143",
				"pivot": [-7.89747, 18.78772, 3.85038],
				"rotation": [0, 0, 26.32046],
				"cubes": [
					{"origin": [-7.89747, 18.78772, 3.85038], "size": [1, 0, 1], "uv": [60, 142], "inflate": 0.01}
				]
			},
			{
				"name": "bone151",
				"parent": "bone143",
				"pivot": [-7.00099, 18.34426, 3.85038],
				"rotation": [0, 0, 24.69237],
				"cubes": [
					{"origin": [-7.00099, 18.34426, 3.85038], "size": [1, 0, 1], "uv": [56, 142], "inflate": 0.01}
				]
			},
			{
				"name": "bone152",
				"parent": "bone143",
				"pivot": [-6.09279, 17.92668, 3.85038],
				"rotation": [0, 0, 18.14732],
				"cubes": [
					{"origin": [-6.09279, 17.92668, 3.85038], "size": [1, 0, 1], "uv": [52, 142], "inflate": 0.01}
				]
			},
			{
				"name": "bone153",
				"parent": "bone143",
				"pivot": [-5.14259, 17.61524, 3.85038],
				"rotation": [0, 0, 6.63547],
				"cubes": [
					{"origin": [-5.14259, 17.61524, 3.85038], "size": [1, 0, 1], "uv": [48, 142], "inflate": 0.01}
				]
			},
			{
				"name": "bone154",
				"parent": "bone143",
				"pivot": [-4.14943, 17.4997, 3.85038],
				"rotation": [0, 0, -7.22486],
				"cubes": [
					{"origin": [-4.14943, 17.4997, 3.85038], "size": [1, 0, 1], "uv": [44, 142], "inflate": 0.01}
				]
			},
			{
				"name": "bone179",
				"parent": "bone118",
				"pivot": [-4.2, 17.3, 2.2],
				"rotation": [-18.15809, 10.10195, -80.09099]
			},
			{
				"name": "bone180",
				"parent": "bone179",
				"pivot": [-13.5962, 18.49964, 1.85038],
				"rotation": [0, 0, -25.79358],
				"cubes": [
					{"origin": [-13.5962, 18.49964, 1.85038], "size": [1, 0, 1], "uv": [0, 142], "inflate": 0.01}
				]
			},
			{
				"name": "bone181",
				"parent": "bone179",
				"pivot": [-12.69581, 18.93478, 1.85038],
				"rotation": [0, 0, -21.01398],
				"cubes": [
					{"origin": [-12.69581, 18.93478, 1.85038], "size": [1, 0, 1], "uv": [72, 141], "inflate": 0.01}
				]
			},
			{
				"name": "bone182",
				"parent": "bone179",
				"pivot": [-11.76222, 19.29341, 1.85038],
				"rotation": [0, 0, -11.1227],
				"cubes": [
					{"origin": [-11.76222, 19.29341, 1.85038], "size": [1, 0, 1], "uv": [68, 141], "inflate": 0.01}
				]
			},
			{
				"name": "bone183",
				"parent": "bone179",
				"pivot": [-10.78077, 19.48637, 1.85038],
				"rotation": [0, 0, 2.45273],
				"cubes": [
					{"origin": [-10.78077, 19.48637, 1.85038], "size": [1, 0, 1], "uv": [64, 141], "inflate": 0.01}
				]
			},
			{
				"name": "bone184",
				"parent": "bone179",
				"pivot": [-9.78175, 19.44358, 1.85038],
				"rotation": [0, 0, 15.13268],
				"cubes": [
					{"origin": [-9.78175, 19.44358, 1.85038], "size": [1, 0, 1], "uv": [60, 141], "inflate": 0.01}
				]
			},
			{
				"name": "bone185",
				"parent": "bone179",
				"pivot": [-8.81642, 19.18252, 1.85038],
				"rotation": [0, 0, 23.24925],
				"cubes": [
					{"origin": [-8.81642, 19.18252, 1.85038], "size": [1, 0, 1], "uv": [56, 141], "inflate": 0.01}
				]
			},
			{
				"name": "bone186",
				"parent": "bone179",
				"pivot": [-7.89747, 18.78772, 1.85038],
				"rotation": [0, 0, 26.32046],
				"cubes": [
					{"origin": [-7.89747, 18.78772, 1.85038], "size": [1, 0, 1], "uv": [52, 141], "inflate": 0.01}
				]
			},
			{
				"name": "bone187",
				"parent": "bone179",
				"pivot": [-7.00099, 18.34426, 1.85038],
				"rotation": [0, 0, 24.69237],
				"cubes": [
					{"origin": [-7.00099, 18.34426, 1.85038], "size": [1, 0, 1], "uv": [48, 141], "inflate": 0.01}
				]
			},
			{
				"name": "bone188",
				"parent": "bone179",
				"pivot": [-6.09279, 17.92668, 1.85038],
				"rotation": [0, 0, 18.14732],
				"cubes": [
					{"origin": [-6.09279, 17.92668, 1.85038], "size": [1, 0, 1], "uv": [44, 141], "inflate": 0.01}
				]
			},
			{
				"name": "bone189",
				"parent": "bone179",
				"pivot": [-5.14259, 17.61524, 1.85038],
				"rotation": [0, 0, 6.63547],
				"cubes": [
					{"origin": [-5.14259, 17.61524, 1.85038], "size": [1, 0, 1], "uv": [40, 141], "inflate": 0.01}
				]
			},
			{
				"name": "bone190",
				"parent": "bone179",
				"pivot": [-4.14943, 17.4997, 1.85038],
				"rotation": [0, 0, -7.22486],
				"cubes": [
					{"origin": [-4.14943, 17.4997, 1.85038], "size": [1, 0, 1], "uv": [36, 141], "inflate": 0.01}
				]
			},
			{
				"name": "bone155",
				"parent": "bone118",
				"pivot": [-5.3, 15.2, 1.8],
				"rotation": [-7.15478, 11.90924, -91.48387]
			},
			{
				"name": "bone156",
				"parent": "bone155",
				"pivot": [-5.3, 15.2, 1.8],
				"rotation": [0, 0, -25.79358],
				"cubes": [
					{"origin": [-5.3, 15.2, 1.8], "size": [1, 0, 1], "uv": [40, 142], "inflate": 0.01}
				]
			},
			{
				"name": "bone157",
				"parent": "bone155",
				"pivot": [-4.39961, 15.63514, 1.8],
				"rotation": [0, 0, -21.01398],
				"cubes": [
					{"origin": [-4.39961, 15.63514, 1.8], "size": [1, 0, 1], "uv": [36, 142], "inflate": 0.01}
				]
			},
			{
				"name": "bone158",
				"parent": "bone155",
				"pivot": [-3.46602, 15.99378, 1.8],
				"rotation": [0, 0, -11.1227],
				"cubes": [
					{"origin": [-3.46602, 15.99378, 1.8], "size": [1, 0, 1], "uv": [32, 142], "inflate": 0.01}
				]
			},
			{
				"name": "bone159",
				"parent": "bone155",
				"pivot": [-2.48457, 16.18673, 1.8],
				"rotation": [0, 0, 2.45273],
				"cubes": [
					{"origin": [-2.48457, 16.18673, 1.8], "size": [1, 0, 1], "uv": [28, 142], "inflate": 0.01}
				]
			},
			{
				"name": "bone160",
				"parent": "bone155",
				"pivot": [-1.48555, 16.14394, 1.8],
				"rotation": [0, 0, 15.13268],
				"cubes": [
					{"origin": [-1.48555, 16.14394, 1.8], "size": [1, 0, 1], "uv": [24, 142], "inflate": 0.01}
				]
			},
			{
				"name": "bone161",
				"parent": "bone155",
				"pivot": [-0.52021, 15.88288, 1.8],
				"rotation": [0, 0, 23.24925],
				"cubes": [
					{"origin": [-0.52021, 15.88288, 1.8], "size": [1, 0, 1], "uv": [20, 142], "inflate": 0.01}
				]
			},
			{
				"name": "bone162",
				"parent": "bone155",
				"pivot": [0.39873, 15.48809, 1.8],
				"rotation": [0, 0, 26.32046],
				"cubes": [
					{"origin": [0.39873, 15.48809, 1.8], "size": [1, 0, 1], "uv": [16, 142], "inflate": 0.01}
				]
			},
			{
				"name": "bone163",
				"parent": "bone155",
				"pivot": [1.29521, 15.04462, 1.8],
				"rotation": [0, 0, 24.69237],
				"cubes": [
					{"origin": [1.29521, 15.04462, 1.8], "size": [1, 0, 1], "uv": [12, 142], "inflate": 0.01}
				]
			},
			{
				"name": "bone164",
				"parent": "bone155",
				"pivot": [2.20342, 14.62704, 1.8],
				"rotation": [0, 0, 18.14732],
				"cubes": [
					{"origin": [2.20342, 14.62704, 1.8], "size": [1, 0, 1], "uv": [8, 142], "inflate": 0.01}
				]
			},
			{
				"name": "bone165",
				"parent": "bone155",
				"pivot": [3.15361, 14.3156, 1.8],
				"rotation": [0, 0, 6.63547],
				"cubes": [
					{"origin": [3.15361, 14.3156, 1.8], "size": [1, 0, 1], "uv": [4, 142], "inflate": 0.01}
				]
			},
			{
				"name": "houhair",
				"parent": "hair",
				"pivot": [0, 0, 0]
			},
			{
				"name": "bone175",
				"parent": "houhair",
				"pivot": [0, 15.88739, 4.98474],
				"rotation": [17, 0, 0],
				"cubes": [
					{"origin": [-4, 13.88739, 4.98474], "size": [8, 2, 0], "uv": [0, 84], "inflate": 0.01}
				]
			},
			{
				"name": "bone174",
				"parent": "houhair",
				"pivot": [0, 17.8, 4.4],
				"rotation": [17, 0, 0],
				"cubes": [
					{"origin": [-4, 15.8, 4.4], "size": [8, 2, 0], "uv": [0, 86], "inflate": 0.01}
				]
			},
			{
				"name": "bone176",
				"parent": "houhair",
				"pivot": [0, 13.97478, 5.56949],
				"rotation": [13, 0, 0],
				"cubes": [
					{"origin": [-4, 11.97478, 5.56949], "size": [8, 2, 0], "uv": [18, 82], "inflate": 0.01}
				]
			},
			{
				"name": "bone177",
				"parent": "houhair",
				"pivot": [0, 12.06217, 6.15423],
				"rotation": [8, 0, 0],
				"cubes": [
					{"origin": [-3.5, 10.06697, 6.01471], "size": [7, 2, 0], "uv": [0, 94], "inflate": 0.01}
				]
			},
			{
				"name": "bone178",
				"parent": "houhair",
				"pivot": [0, 10.14956, 6.23897],
				"rotation": [4, 0, 0],
				"cubes": [
					{"origin": [-3, 8.06093, 6.28328], "size": [6, 2, 0], "uv": [0, 96], "inflate": 0.01}
				]
			},
			{
				"name": "toushi",
				"parent": "head",
				"pivot": [0, 0, 0]
			},
			{
				"name": "hudiejie",
				"parent": "toushi",
				"pivot": [-0.1, 26.5, -4.2],
				"rotation": [-20, 0, 0]
			},
			{
				"name": "bone38",
				"parent": "hudiejie",
				"pivot": [0, -0.2, 0]
			},
			{
				"name": "bone37",
				"parent": "bone38",
				"pivot": [1.23764, 26.34732, -4.7],
				"rotation": [0, 0, -153],
				"cubes": [
					{"origin": [0.66464, 25.90182, -4.7], "size": [1.5, 1, 1], "uv": [24, 139]}
				]
			},
			{
				"name": "bone36",
				"parent": "bone38",
				"pivot": [1.23764, 26.34732, -4.7],
				"rotation": [0, 0, -13],
				"cubes": [
					{"origin": [0.43764, 26.34732, -4.8], "size": [1.5, 1, 1.1], "uv": [28, 139]}
				]
			},
			{
				"name": "bone39",
				"parent": "hudiejie",
				"pivot": [0, -0.2, 0]
			},
			{
				"name": "bone66",
				"parent": "bone39",
				"pivot": [-1.23764, 26.34732, -4.7],
				"rotation": [0, 0, 153],
				"cubes": [
					{"origin": [-2.16464, 25.90182, -4.7], "size": [1.5, 1, 1], "uv": [20, 139]}
				]
			},
			{
				"name": "bone67",
				"parent": "bone39",
				"pivot": [-1.23764, 26.34732, -4.7],
				"rotation": [0, 0, 13],
				"cubes": [
					{"origin": [-1.93764, 26.34732, -4.7], "size": [1.5, 1, 1], "uv": [16, 139]}
				]
			},
			{
				"name": "bone35",
				"parent": "hudiejie",
				"pivot": [0.3, 26.1, -4.8],
				"cubes": [
					{"origin": [-0.5, 26.1, -4.8], "size": [1, 1, 1], "uv": [32, 139]}
				]
			},
			{
				"name": "bone68",
				"parent": "toushi",
				"pivot": [-1.36923, 25.47923, -4.6],
				"rotation": [-10.90398, 5.04092, 38.51857],
				"cubes": [
					{"origin": [-2.13344, 24.44849, -4.73984], "size": [1.5, 2.5, 0], "uv": [18, 146]}
				]
			},
			{
				"name": "bone69",
				"parent": "toushi",
				"pivot": [1.16923, 25.47923, -4.6],
				"rotation": [-10.90398, -5.04092, -38.51857],
				"cubes": [
					{"origin": [0.58932, 24.32358, -4.72978], "size": [1.5, 2.5, 0], "uv": [16, 146]}
				]
			},
			{
				"name": "daerduo",
				"parent": "head",
				"pivot": [0, -0.4, 0]
			},
			{
				"name": "er",
				"parent": "daerduo",
				"pivot": [-2.9, 26.1, -0.5],
				"rotation": [-9.83522, 23.69869, -3.82751]
			},
			{
				"name": "bone21",
				"parent": "er",
				"pivot": [-4.5, 30.8, -0.6],
				"rotation": [0, 0, -29],
				"cubes": [
					{"origin": [-4.6192, 27.48144, -1.1], "size": [1, 3, 1], "uv": [42, 125]}
				]
			},
			{
				"name": "bone22",
				"parent": "er",
				"pivot": [-4.04956, 31.22345, -0.6],
				"rotation": [0, 0, -44],
				"cubes": [
					{"origin": [-4.89939, 30.69607, -1.1], "size": [1, 2, 1], "uv": [28, 131]}
				]
			},
			{
				"name": "bone24",
				"parent": "er",
				"pivot": [-2.04956, 26.92345, -0.6],
				"rotation": [0, 0, -8],
				"cubes": [
					{"origin": [-2.92508, 26.02082, -1.1], "size": [1, 2.3, 1], "uv": [24, 134]}
				]
			},
			{
				"name": "bone23",
				"parent": "er",
				"pivot": [-5.41659, 30.77175, -0.6],
				"rotation": [0, 0, 12],
				"cubes": [
					{"origin": [-5.86943, 30.11674, -1.1], "size": [1, 1.5, 1], "uv": [40, 139]}
				]
			},
			{
				"name": "bone25",
				"parent": "er",
				"pivot": [-6, 30.6, -0.6],
				"rotation": [0, 0, -20],
				"cubes": [
					{"origin": [-6.1192, 27.78144, -1.1], "size": [1, 2.5, 1], "uv": [24, 131]}
				]
			},
			{
				"name": "bone26",
				"parent": "er",
				"pivot": [-3.24355, 26.58058, -0.6],
				"rotation": [0, 0, -31],
				"cubes": [
					{"origin": [-4.19095, 25.70154, -1.1], "size": [1, 3, 1], "uv": [38, 125]}
				]
			},
			{
				"name": "bone27",
				"parent": "er",
				"pivot": [-2.72688, 27.22351, -0.8],
				"rotation": [0, 0, -21],
				"cubes": [
					{"origin": [-3.72688, 26.22351, -0.8], "size": [1, 5.2, 0.5], "uv": [22, 131]}
				]
			},
			{
				"name": "er2",
				"parent": "daerduo",
				"pivot": [2.6, 25.9, -0.5],
				"rotation": [-2.26321, -22.78673, 11.67963]
			},
			{
				"name": "bone28",
				"parent": "er2",
				"pivot": [3.9, 30.8, -0.6],
				"rotation": [0, 0, 29],
				"cubes": [
					{"origin": [3.0192, 27.48144, -1.1], "size": [1, 3, 1], "uv": [34, 125]}
				]
			},
			{
				"name": "bone29",
				"parent": "er2",
				"pivot": [3.44956, 31.22345, -0.6],
				"rotation": [0, 0, 44],
				"cubes": [
					{"origin": [3.29939, 30.69607, -1.1], "size": [1, 2, 1], "uv": [18, 131]}
				]
			},
			{
				"name": "bone30",
				"parent": "er2",
				"pivot": [1.44956, 26.92345, -0.6],
				"rotation": [0, 0, 8],
				"cubes": [
					{"origin": [1.32508, 26.02082, -1.1], "size": [1, 2.3, 1], "uv": [14, 134]}
				]
			},
			{
				"name": "bone31",
				"parent": "er2",
				"pivot": [4.81659, 30.77175, -0.6],
				"rotation": [0, 0, -12],
				"cubes": [
					{"origin": [4.26943, 30.11674, -1.1], "size": [1, 1.5, 1], "uv": [36, 139]}
				]
			},
			{
				"name": "bone32",
				"parent": "er2",
				"pivot": [5.4, 30.6, -0.6],
				"rotation": [0, 0, 20],
				"cubes": [
					{"origin": [4.5192, 27.78144, -1.1], "size": [1, 2.5, 1], "uv": [14, 131]}
				]
			},
			{
				"name": "bone33",
				"parent": "er2",
				"pivot": [2.64355, 26.58058, -0.6],
				"rotation": [0, 0, 31],
				"cubes": [
					{"origin": [2.59095, 25.70154, -1.1], "size": [1, 3, 1], "uv": [30, 125]}
				]
			},
			{
				"name": "bone34",
				"parent": "er2",
				"pivot": [2.12688, 27.22351, -0.8],
				"rotation": [0, 0, 21],
				"cubes": [
					{"origin": [2.12688, 26.22351, -0.8], "size": [1, 5.2, 0.5], "uv": [12, 131]}
				]
			},
			{
				"name": "armRight",
				"pivot": [-3, 17.5, 0],
				"rotation": [0, 0, 25],
				"cubes": [
					{"origin": [-5, 8.5, -1], "size": [2, 8, 2], "uv": [24, 84]},
					{"origin": [-5.1, 13.5, -1.1], "size": [2.2, 4, 2.2], "uv": [22, 94]}
				]
			},
			{
				"name": "bone4",
				"parent": "armRight",
				"pivot": [-5.9, 11.1, 0],
				"cubes": [
					{"origin": [-5.1, 9.1, -1.1], "size": [2.2, 1.7, 2.2], "uv": [16, 110]}
				]
			},
			{
				"name": "bone6",
				"parent": "armRight",
				"pivot": [-6.01293, 9.79487, -1.4],
				"rotation": [0, -13, 22],
				"cubes": [
					{"origin": [-5.81293, 9.79487, -1.4], "size": [1, 1, 1], "uv": [48, 139]}
				]
			},
			{
				"name": "armLeft",
				"pivot": [3, 17.5, 0],
				"rotation": [0, 0, -25],
				"cubes": [
					{"origin": [2.9, 13.5, -1.1], "size": [2.2, 4, 2.2], "uv": [14, 94]},
					{"origin": [3, 8.5, -1], "size": [2, 8, 2], "uv": [16, 84]}
				]
			},
			{
				"name": "bone3",
				"parent": "armLeft",
				"pivot": [5.9, 11.1, 0],
				"cubes": [
					{"origin": [2.9, 9.1, -1.1], "size": [2.2, 1.7, 2.2], "uv": [16, 113]}
				]
			},
			{
				"name": "bone5",
				"parent": "armLeft",
				"pivot": [6.01293, 9.79487, -1.4],
				"rotation": [0, 13, -22],
				"cubes": [
					{"origin": [4.81293, 9.79487, -1.4], "size": [1, 1, 1], "uv": [52, 139]}
				]
			},
			{
				"name": "body",
				"pivot": [0, 10.5, 0],
				"cubes": [
					{"origin": [-3, 8.999, -3], "size": [6, 9, 6], "uv": [0, 41]},
					{"origin": [-3.2, 11.799, -3.3], "size": [6.4, 6.3, 6.5], "uv": [24, 41]}
				]
			},
			{
				"name": "sittingRotationSkirt",
				"parent": "body",
				"pivot": [0, 10.5, 0]
			},
			{
				"name": "qun",
				"parent": "sittingRotationSkirt",
				"pivot": [0, 3.9, -0.8],
				"rotation": [-4, 0, 0]
			},
			{
				"name": "bone40",
				"parent": "qun",
				"pivot": [0, 3.9, -0.8]
			},
			{
				"name": "bone41",
				"parent": "bone40",
				"pivot": [0, 3.9, 2.65414],
				"rotation": [15, 0, 0],
				"cubes": [
					{"origin": [-1.36, 3.85456, 5.18274], "size": [2.52, 6.66, 0], "uv": [12, 125], "inflate": 0.01}
				]
			},
			{
				"name": "bone42",
				"parent": "bone41",
				"pivot": [-1.16, 3.55456, 2.65414],
				"rotation": [0, 0, 8.56299],
				"cubes": [
					{"origin": [-3.48, 3.85456, 5.18158], "size": [2.32, 6.66, 0], "uv": [8, 125], "inflate": 0.01}
				]
			},
			{
				"name": "bone43",
				"parent": "bone41",
				"pivot": [1.16, 3.55456, 2.65414],
				"rotation": [0, 0, -8.56299],
				"cubes": [
					{"origin": [0.96, 3.85456, 5.1839], "size": [2.52, 6.76, 0], "uv": [4, 125], "inflate": 0.01}
				]
			},
			{
				"name": "bone44",
				"parent": "qun",
				"pivot": [0, 3.9, -0.8],
				"rotation": [0, -60, 0]
			},
			{
				"name": "bone45",
				"parent": "bone44",
				"pivot": [0, 3.9, 2.65414],
				"rotation": [15, 0, 0],
				"cubes": [
					{"origin": [-1.16, 3.75456, 5.18274], "size": [2.32, 6.76, 0], "uv": [0, 125], "inflate": 0.01}
				]
			},
			{
				"name": "bone46",
				"parent": "bone45",
				"pivot": [-1.16, 3.55456, 2.65414],
				"rotation": [0, 0, 8.56299],
				"cubes": [
					{"origin": [-3.48, 3.75456, 5.18158], "size": [2.32, 7.16, 0], "uv": [32, 110], "inflate": 0.01}
				]
			},
			{
				"name": "bone47",
				"parent": "bone45",
				"pivot": [1.16, 3.55456, 2.65414],
				"rotation": [0, 0, -8.56299],
				"cubes": [
					{"origin": [1.16, 3.75456, 5.1839], "size": [2.32, 6.76, 0], "uv": [34, 117], "inflate": 0.01}
				]
			},
			{
				"name": "bone48",
				"parent": "qun",
				"pivot": [0, 3.9, -0.8],
				"rotation": [0, -120, 0]
			},
			{
				"name": "bone49",
				"parent": "bone48",
				"pivot": [0, 3.9, 2.65414],
				"rotation": [15, 0, 0]
			},
			{
				"name": "bone50",
				"parent": "bone49",
				"pivot": [0.23565, 3.17605, 3.15304],
				"rotation": [0, -19.5, 8.56299],
				"cubes": [
					{"origin": [-2.08435, 3.87605, 5.68048], "size": [1.72, 6.26, 0], "uv": [10, 131], "inflate": 0.01}
				]
			},
			{
				"name": "bone51",
				"parent": "bone49",
				"pivot": [1.16, 3.55456, 2.65414],
				"rotation": [0, 0, -8.56299],
				"cubes": [
					{"origin": [1.46, 3.65456, 5.1839], "size": [2.02, 7.26, 0], "uv": [28, 110], "inflate": 0.01}
				]
			},
			{
				"name": "bone65",
				"parent": "bone49",
				"pivot": [0, 3.9, 2.65414],
				"rotation": [0, 4, 0],
				"cubes": [
					{"origin": [-1.11596, 4.03215, 5.26968], "size": [2.32, 6.66, 0], "uv": [30, 117], "inflate": 0.01}
				]
			},
			{
				"name": "bone52",
				"parent": "qun",
				"pivot": [0, 3.9, -0.8],
				"rotation": [0, -180, 0]
			},
			{
				"name": "bone53",
				"parent": "bone52",
				"pivot": [0, 3.9, 2.65414],
				"rotation": [15, 0, 0],
				"cubes": [
					{"origin": [-1.16, 4.1097, 4.3581], "size": [2.32, 6.16, 0], "uv": [26, 117], "inflate": 0.01}
				]
			},
			{
				"name": "bone54",
				"parent": "bone53",
				"pivot": [-1.16, 3.55456, 2.65414],
				"rotation": [0, 0, 8.56299],
				"cubes": [
					{"origin": [-3.44354, 4.01243, 4.35694], "size": [2.32, 6.26, 0], "uv": [22, 117], "inflate": 0.01}
				]
			},
			{
				"name": "bone55",
				"parent": "bone53",
				"pivot": [1.16, 3.55456, 2.65414],
				"rotation": [0, 0, -8.56299],
				"cubes": [
					{"origin": [1.12354, 4.21243, 4.35926], "size": [2.32, 6.06, 0], "uv": [18, 117], "inflate": 0.01}
				]
			},
			{
				"name": "bone56",
				"parent": "qun",
				"pivot": [0, 3.9, -0.8],
				"rotation": [0, -240, 0]
			},
			{
				"name": "bone57",
				"parent": "bone56",
				"pivot": [0, 3.9, 2.65414],
				"rotation": [15, 0, 0]
			},
			{
				"name": "bone58",
				"parent": "bone57",
				"pivot": [-1.16, 3.55456, 2.65414],
				"rotation": [0, 0, 8.56299],
				"cubes": [
					{"origin": [-3.48, 3.75456, 5.18158], "size": [2.82, 6.96, 0], "uv": [14, 117], "inflate": 0.01}
				]
			},
			{
				"name": "bone59",
				"parent": "bone57",
				"pivot": [1.74337, 6.95258, 4.86521],
				"rotation": [0, 27.5, -8.56299],
				"cubes": [
					{"origin": [0.88337, 3.87258, 4.86521], "size": [1.52, 6.56, 0], "uv": [8, 131], "inflate": 0.01}
				]
			},
			{
				"name": "bone64",
				"parent": "bone57",
				"pivot": [0.34557, 3.82141, 2.83963],
				"rotation": [0, 3, -5],
				"cubes": [
					{"origin": [-0.84017, 3.72104, 5.23668], "size": [2.22, 6.76, 0], "uv": [10, 117], "inflate": 0.01}
				]
			},
			{
				"name": "bone60",
				"parent": "qun",
				"pivot": [0, 3.9, -0.8],
				"rotation": [0, -300, 0]
			},
			{
				"name": "bone61",
				"parent": "bone60",
				"pivot": [0, 3.9, 2.65414],
				"rotation": [15, 0, 0],
				"cubes": [
					{"origin": [-1.16, 3.75456, 5.18274], "size": [2.32, 6.76, 0], "uv": [6, 117], "inflate": 0.01}
				]
			},
			{
				"name": "bone62",
				"parent": "bone61",
				"pivot": [-1.16, 3.55456, 2.65414],
				"rotation": [0, 0, 8.56299],
				"cubes": [
					{"origin": [-3.48, 3.75456, 5.18158], "size": [2.32, 6.76, 0], "uv": [2, 117], "inflate": 0.01}
				]
			},
			{
				"name": "bone63",
				"parent": "bone61",
				"pivot": [1.16, 3.55456, 2.65414],
				"rotation": [0, 0, -8.56299],
				"cubes": [
					{"origin": [1.16, 3.75456, 5.1839], "size": [2.32, 7.06, 0], "uv": [24, 110], "inflate": 0.01}
				]
			},
			{
				"name": "qunshi",
				"parent": "qun",
				"pivot": [0, -0.0279, -0.39903]
			},
			{
				"name": "bone9",
				"parent": "qunshi",
				"pivot": [-3.34901, 7.40885, -7.28488],
				"rotation": [-17, 13, 31.43701],
				"cubes": [
					{"origin": [-3.40796, 8.29521, -5.4889], "size": [2, 4.5, 0], "uv": [0, 131], "inflate": 0.01}
				]
			},
			{
				"name": "bone8",
				"parent": "qunshi",
				"pivot": [3.34901, 7.40885, -7.28488],
				"rotation": [-17, -13, -31.43701],
				"cubes": [
					{"origin": [1.40796, 8.29521, -5.4889], "size": [2, 4.5, 0], "uv": [4, 131], "inflate": 0.01}
				]
			},
			{
				"name": "houqun",
				"parent": "qun",
				"pivot": [0, 10, 3.6],
				"rotation": [1, 0, 0]
			},
			{
				"name": "bone7",
				"parent": "houqun",
				"pivot": [1.03, 7.35456, 4.5839],
				"rotation": [18, 7, -20],
				"cubes": [
					{"origin": [-0.12673, 3.81849, 4.58423], "size": [2.5, 7, 0], "uv": [4, 110], "inflate": 0.01}
				]
			},
			{
				"name": "bone18",
				"parent": "houqun",
				"pivot": [-1.03, 7.35456, 4.5839],
				"rotation": [18, -7, 20],
				"cubes": [
					{"origin": [-2.37327, 3.81849, 4.58423], "size": [2.5, 7, 0], "uv": [0, 110], "inflate": 0.01}
				]
			},
			{
				"name": "bone19",
				"parent": "houqun",
				"pivot": [-1.83, 7.55456, 4.3839],
				"rotation": [13, -13, 32],
				"cubes": [
					{"origin": [-3.46066, 3.05705, 4.45112], "size": [2.5, 7.5, 0], "uv": [26, 100], "inflate": 0.01}
				]
			},
			{
				"name": "bone20",
				"parent": "houqun",
				"pivot": [1.83, 7.55456, 4.3839],
				"rotation": [13, 13, -32],
				"cubes": [
					{"origin": [0.96066, 3.05705, 4.45112], "size": [2.5, 7.5, 0], "uv": [22, 100], "inflate": 0.01, "mirror": true}
				]
			},
			{
				"name": "bone17",
				"parent": "houqun",
				"pivot": [-0.07, 7.35456, 4.7839],
				"rotation": [18, 0, 0],
				"cubes": [
					{"origin": [-1.32, 2.85456, 4.7839], "size": [2.5, 8, 0], "uv": [10, 100], "inflate": 0.01}
				]
			},
			{
				"name": "bao",
				"parent": "sittingRotationSkirt",
				"pivot": [3.4, 10, -3.2],
				"rotation": [-9.64557, -40.93777, -11.56553]
			},
			{
				"name": "bone205",
				"parent": "bao",
				"pivot": [2.51257, 6.87519, -3.52212],
				"cubes": [
					{"origin": [1.51257, 7.87519, -5.02212], "size": [4, 4, 3], "uv": [0, 68], "inflate": -0.8}
				]
			},
			{
				"name": "bone210",
				"parent": "bao",
				"pivot": [5.84286, 7.07387, -3.50033]
			},
			{
				"name": "bone211",
				"parent": "bone210",
				"pivot": [1.54286, 10.57387, -3.50033],
				"rotation": [0, 0, 21],
				"cubes": [
					{"origin": [1.41629, 10.71721, -4.00033], "size": [1.5, 1, 1], "uv": [52, 137]}
				]
			},
			{
				"name": "bone212",
				"parent": "bone210",
				"pivot": [1.14286, 9.97387, -3.50033],
				"rotation": [0, 0, 27],
				"cubes": [
					{"origin": [1.04286, 9.17387, -4.00033], "size": [1.1, 1.8, 1], "uv": [48, 137]}
				]
			},
			{
				"name": "bone213",
				"parent": "bone210",
				"pivot": [0.59286, 7.82387, -3.50033],
				"rotation": [0, 0, 13],
				"cubes": [
					{"origin": [0.35455, 7.79044, -4.00033], "size": [1.1, 1.5, 1], "uv": [44, 137]}
				]
			},
			{
				"name": "bone214",
				"parent": "bao",
				"pivot": [6.68212, 4.14184, 1.5949]
			},
			{
				"name": "bone215",
				"parent": "bone214",
				"pivot": [10.98212, 7.64184, 1.5949],
				"rotation": [0, 0, -21],
				"cubes": [
					{"origin": [5.51186, 12.40784, -4.04758], "size": [1.5, 1, 1], "uv": [40, 137]}
				]
			},
			{
				"name": "bone216",
				"parent": "bone214",
				"pivot": [11.38212, 7.04184, 1.5949],
				"rotation": [0, 0, -27],
				"cubes": [
					{"origin": [6.79094, 11.2674, -4.04758], "size": [1.1, 1.8, 1], "uv": [36, 137]}
				]
			},
			{
				"name": "bone217",
				"parent": "bone214",
				"pivot": [11.93212, 4.89184, 1.5949],
				"rotation": [0, 0, -13],
				"cubes": [
					{"origin": [6.37012, 8.86591, -4.04758], "size": [1.1, 1.5, 1], "uv": [32, 137]}
				]
			},
			{
				"name": "yijin",
				"parent": "body",
				"pivot": [0, 0, 0]
			},
			{
				"name": "bone206",
				"parent": "yijin",
				"pivot": [2.2, 12.4, -3.9],
				"rotation": [0, 0, -38],
				"cubes": [
					{"origin": [1.2, 10.4, -3.401], "size": [1, 10, 0], "uv": [8, 100], "inflate": 0.01}
				]
			},
			{
				"name": "bone11",
				"parent": "yijin",
				"pivot": [0.2, 13.4, -3.4],
				"rotation": [0, 0, 39],
				"cubes": [
					{"origin": [-0.95543, 10.17414, -3.4], "size": [1, 8.7, 0], "uv": [0, 117], "inflate": 0.01}
				]
			},
			{
				"name": "wei",
				"parent": "body",
				"pivot": [0, 9.5, 3.8],
				"rotation": [16, 0, 0]
			},
			{
				"name": "out",
				"parent": "wei",
				"pivot": [0, 9.5, 3.8],
				"cubes": [
					{"origin": [-1.1, 9.4, 3.8], "size": [2.2, 2.2, 2.1], "uv": [14, 100]}
				]
			},
			{
				"name": "xiongshi",
				"parent": "body",
				"pivot": [-10.4, 0.8, -0.3]
			},
			{
				"name": "bone14",
				"parent": "xiongshi",
				"pivot": [-1.2, 16.6, -3.6],
				"rotation": [0, 0, -54],
				"cubes": [
					{"origin": [-3.2, 14.9, -4.6], "size": [4, 3, 2.5], "uv": [32, 89], "inflate": -1}
				]
			},
			{
				"name": "bone15",
				"parent": "xiongshi",
				"pivot": [1.1, 16.6, -3.6],
				"rotation": [0, 0, 54],
				"cubes": [
					{"origin": [-0.84122, 14.9809, -4.6], "size": [4, 3, 2.5], "uv": [32, 84], "inflate": -1}
				]
			},
			{
				"name": "bone16",
				"parent": "xiongshi",
				"pivot": [0.5, 16.6, -3.6],
				"cubes": [
					{"origin": [-0.5, 16.6, -4.1], "size": [1, 1, 1], "uv": [44, 139]}
				]
			},
			{
				"name": "qunshi2",
				"parent": "xiongshi",
				"pivot": [0, 6.2721, -0.39903]
			},
			{
				"name": "bone204",
				"parent": "qunshi2",
				"pivot": [-1.05099, 13.10885, -5.28488],
				"rotation": [0, 0, 44],
				"cubes": [
					{"origin": [-2.99204, 16.49521, -3.4889], "size": [2, 2, 0], "uv": [60, 137], "inflate": 0.01}
				]
			},
			{
				"name": "bone203",
				"parent": "qunshi2",
				"pivot": [1.05099, 13.10885, -5.28488],
				"rotation": [0, 0, -44],
				"cubes": [
					{"origin": [0.99204, 16.49521, -3.4889], "size": [2, 2, 0], "uv": [56, 137], "inflate": 0.01}
				]
			},
			{
				"name": "jian",
				"parent": "body",
				"pivot": [0, 0, 0]
			},
			{
				"name": "bone12",
				"parent": "jian",
				"pivot": [4.3, 18.7, 0],
				"rotation": [0, 0, -68],
				"cubes": [
					{"origin": [1.14862, 18.40773, -2.5], "size": [2.4, 1, 2.5], "uv": [8, 113]}
				]
			},
			{
				"name": "bone13",
				"parent": "jian",
				"pivot": [-4.3, 18.7, 0],
				"rotation": [0, 0, 68],
				"cubes": [
					{"origin": [-3.54862, 18.40773, -1.5], "size": [2.4, 1, 2.5], "uv": [8, 110]}
				]
			},
			{
				"name": "yaoshu",
				"parent": "body",
				"pivot": [0, 10.1, 0],
				"cubes": [
					{"origin": [-3.75, 10.7, -3.5], "size": [7.5, 1, 7], "uv": [48, 41]}
				]
			},
			{
				"name": "bone10",
				"parent": "yaoshu",
				"pivot": [0, 11.4, -3.5],
				"rotation": [0, 0, 45],
				"cubes": [
					{"origin": [-1, 10.4, -4], "size": [2, 2, 1], "uv": [24, 125], "inflate": -0.2}
				]
			},
			{
				"name": "legLeft",
				"pivot": [2, 9, 0],
				"cubes": [
					{"origin": [0.499, 0, -1.5], "size": [3, 9, 3], "uv": [30, 56]}
				]
			},
			{
				"name": "bone",
				"parent": "legLeft",
				"pivot": [0, 0, 0],
				"cubes": [
					{"origin": [0.3, -0.1, -1.75], "size": [3.3, 4, 3.5], "uv": [18, 75]}
				]
			},
			{
				"name": "legRight",
				"pivot": [-2, 9, 0],
				"cubes": [
					{"origin": [-3.499, 0, -1.5], "size": [3, 9, 3], "uv": [18, 56]}
				]
			},
			{
				"name": "bone2",
				"parent": "legRight",
				"pivot": [-1.2, -12, 0],
				"cubes": [
					{"origin": [-3.575, -0.1, -1.75], "size": [3.3, 4, 3.5], "uv": [18, 68]}
				]
			},
			{
				"name": "sinFloat",
				"pivot": [0, 0, 0]
			},
			{
				"name": "dachui",
				"parent": "sinFloat",
				"pivot": [3.7, 22.4, 9.5],
				"rotation": [0, 48, 32]
			},
			{
				"name": "bone209",
				"parent": "dachui",
				"pivot": [3.7, 10.8, 9.5]
			},
			{
				"name": "bone207",
				"parent": "bone209",
				"pivot": [3.7, 10.8, 9.5],
				"cubes": [
					{"origin": [2.7, 15.5, 9.5], "size": [1, 15, 1], "uv": [14, 68]}
				]
			},
			{
				"name": "bone208",
				"parent": "bone209",
				"pivot": [3.2, 13.7, 9],
				"cubes": [
					{"origin": [2.2, 13.7, 9], "size": [2, 2, 2], "uv": [0, 104]}
				]
			},
			{
				"name": "bone219",
				"parent": "dachui",
				"pivot": [3.7, 9.2, 9.5],
				"cubes": [
					{"origin": [2.7, 12.8, 9.5], "size": [1, 1, 1], "uv": [24, 136], "inflate": -0.1}
				]
			},
			{
				"name": "bone227",
				"parent": "dachui",
				"pivot": [3.6, 4.5, 9.5]
			},
			{
				"name": "bone218",
				"parent": "bone227",
				"pivot": [3.2, 13.1, 9.5],
				"rotation": [0, 0, 32],
				"cubes": [
					{"origin": [2.2, 12, 9.5], "size": [1, 1, 1], "uv": [28, 137]}
				]
			},
			{
				"name": "bone220",
				"parent": "bone227",
				"pivot": [3.8, 13.3, 9.5],
				"rotation": [0, 0, 16],
				"cubes": [
					{"origin": [2.97517, 11.88498, 9.5], "size": [1, 1, 1], "uv": [20, 137]}
				]
			},
			{
				"name": "bone222",
				"parent": "bone227",
				"pivot": [1.77163, 13.84723, 10],
				"rotation": [0, 0, 71],
				"cubes": [
					{"origin": [1.27163, 13.34723, 9.5], "size": [1, 1, 1], "uv": [12, 137], "inflate": -0.2}
				]
			},
			{
				"name": "bone223",
				"parent": "bone227",
				"pivot": [3.85427, 12.45552, 10],
				"rotation": [0, 0, 81],
				"cubes": [
					{"origin": [3.40577, 12.04123, 9.5], "size": [1, 1, 1], "uv": [8, 137], "inflate": -0.1}
				]
			},
			{
				"name": "bone224",
				"parent": "bone227",
				"pivot": [4.5107, 12.62671, 10],
				"rotation": [0, 0, 64],
				"cubes": [
					{"origin": [4.05059, 12.19415, 9.5], "size": [1, 1, 1], "uv": [4, 137], "inflate": -0.1}
				]
			},
			{
				"name": "bone225",
				"parent": "bone227",
				"pivot": [5.05528, 12.97813, 10],
				"rotation": [0, 0, 44],
				"cubes": [
					{"origin": [4.55528, 12.47813, 9.5], "size": [1, 1, 1], "uv": [0, 137], "inflate": -0.2}
				]
			},
			{
				"name": "bone226",
				"parent": "bone227",
				"pivot": [5.2755, 13.2758, 10],
				"rotation": [0, 0, 19],
				"cubes": [
					{"origin": [4.7755, 12.7758, 9.5], "size": [1, 1, 1], "uv": [28, 134], "inflate": -0.3}
				]
			},
			{
				"name": "bone221",
				"parent": "bone227",
				"pivot": [1.9, 13.3, 10],
				"rotation": [0, 0, 59],
				"cubes": [
					{"origin": [1.4515, 12.88572, 9.5], "size": [1, 1, 1], "uv": [16, 137], "inflate": -0.1}
				]
			},
			{
				"name": "bone228",
				"parent": "dachui",
				"pivot": [4.02574, 10.74693, 9.27234],
				"rotation": [6.25106, -34.50755, -10.9432],
				"cubes": [
					{"origin": [3.02574, 10.74693, 9.27234], "size": [2, 2, 2], "uv": [0, 100], "inflate": -0.2}
				]
			},
			{
				"name": "bone229",
				"parent": "dachui",
				"pivot": [3.2, 28.7, 9],
				"cubes": [
					{"origin": [2.2, 28.7, 9], "size": [2, 2, 2], "uv": [46, 94]}
				]
			},
			{
				"name": "bone230",
				"parent": "dachui",
				"pivot": [6.7, 30.5, 9.5],
				"cubes": [
					{"origin": [-1.3, 30.5, 5], "size": [16, 10, 9], "uv": [0, 0]}
				]
			},
			{
				"name": "bone231",
				"parent": "dachui",
				"pivot": [9.7, 32.5, 9.5],
				"cubes": [
					{"origin": [14.7, 32.5, 6.5], "size": [3, 6, 6], "uv": [0, 56]}
				]
			},
			{
				"name": "bone232",
				"parent": "dachui",
				"pivot": [-9.1, 32.5, 9.5],
				"cubes": [
					{"origin": [-4.1, 29.5, 4.5], "size": [3, 12, 10], "uv": [0, 19]}
				]
			},
			{
				"name": "bone233",
				"parent": "dachui",
				"pivot": [3.4, 40.3, 9],
				"rotation": [7.76248, -17.0206, -9.95569],
				"cubes": [
					{"origin": [2.4, 40.3, 9], "size": [2, 2, 2], "uv": [38, 94], "inflate": 0.4}
				]
			},
			{
				"name": "bone234",
				"parent": "dachui",
				"pivot": [3.1, 42.8, 10.8],
				"rotation": [-167.02529, -13.07573, -172.45073],
				"cubes": [
					{"origin": [2.03601, 42.32033, 10.67423], "size": [2, 2, 2], "uv": [30, 94], "inflate": 0.7}
				]
			}
		]
	}
}