{
	"format_version": "1.10.0",
	"geometry.model": {
		"texturewidth": 256,
		"textureheight": 256,
		"visible_bounds_width": 3,
		"visible_bounds_height": 3.5,
		"visible_bounds_offset": [0, 1.25, 0],
		"bones": [
			{
				"name": "head",
				"pivot": [0, 18, 0],
				"cubes": [
					{"origin": [-4, 17.9, -4], "size": [8, 8, 8], "uv": [32, 0]}
				]
			},
			{
				"name": "ahoge",
				"parent": "head",
				"pivot": [0, 26, 4.5],
				"rotation": [37.5, 0, 0],
				"cubes": [
					{"origin": [-7.4, 24.8, 4.5], "size": [14, 10, 0], "uv": [95, 0]}
				]
			},
			{
				"name": "blink",
				"parent": "head",
				"pivot": [0, 17.9, 0],
				"cubes": [
					{"origin": [-4, 17.9, -4.001], "size": [8, 8, 0], "uv": [16, 80]}
				]
			},
			{
				"name": "headout",
				"parent": "head",
				"pivot": [0, 18, 0],
				"cubes": [
					{"origin": [-4.2, 17.9, -4.2], "size": [8.4, 8.3, 8.4], "uv": [0, 0]}
				]
			},
			{
				"name": "ear",
				"parent": "head",
				"pivot": [0, 18, 0]
			},
			{
				"name": "bone16",
				"parent": "ear",
				"pivot": [-2.1, 26.3, 0.5],
				"rotation": [0, 0, -30],
				"cubes": [
					{"origin": [-3.2, 25.8, 0], "size": [1.5, 2.8, 1], "uv": [4, 118]}
				]
			},
			{
				"name": "bone17",
				"parent": "ear",
				"pivot": [2.1, 26.3, 0.5],
				"rotation": [0, 0, 30],
				"cubes": [
					{"origin": [1.7, 25.8, 0], "size": [1.5, 2.8, 1], "uv": [0, 118]}
				]
			},
			{
				"name": "hair",
				"parent": "head",
				"pivot": [0, 0, 0]
			},
			{
				"name": "bone127",
				"parent": "hair",
				"pivot": [1.1, 20.3, 3.9],
				"rotation": [-4.35299, 54.92219, -3.56463]
			},
			{
				"name": "bone128",
				"parent": "bone127",
				"pivot": [6.6, 13.3, 7.8],
				"rotation": [-90, -17.5, 90]
			},
			{
				"name": "bone137",
				"parent": "bone128",
				"pivot": [6.6, 13.3, 7.8],
				"rotation": [0, 0, -25.79358],
				"cubes": [
					{"origin": [6.4706, 13.23855, 10.85], "size": [1, 0, 1.15], "uv": [20, 125]}
				]
			},
			{
				"name": "bone138",
				"parent": "bone128",
				"pivot": [7.50039, 13.73514, 7.8],
				"rotation": [0, 0, -21.01398],
				"cubes": [
					{"origin": [7.37656, 13.66313, 10.85], "size": [1, 0, 1.15], "uv": [16, 125]}
				]
			},
			{
				"name": "bone139",
				"parent": "bone128",
				"pivot": [8.43398, 14.09378, 7.8],
				"rotation": [0, 0, -11.1227],
				"cubes": [
					{"origin": [8.32437, 14.00156, 10.85], "size": [1, 0, 1.15], "uv": [12, 125]}
				]
			},
			{
				"name": "bone140",
				"parent": "bone128",
				"pivot": [9.41543, 14.28673, 7.8],
				"rotation": [0, 0, 2.45273],
				"cubes": [
					{"origin": [9.33052, 14.17136, 10.85], "size": [1, 0, 1.15], "uv": [8, 125]}
				]
			},
			{
				"name": "bone141",
				"parent": "bone128",
				"pivot": [10.41445, 14.24394, 7.8],
				"rotation": [0, 0, 15.13268],
				"cubes": [
					{"origin": [10.35694, 14.11275, 10.85], "size": [1, 0, 1.15], "uv": [4, 125]}
				]
			},
			{
				"name": "bone142",
				"parent": "bone128",
				"pivot": [11.37979, 13.98288, 7.8],
				"rotation": [0, 0, 23.24925],
				"cubes": [
					{"origin": [11.34137, 13.84488, 10.85], "size": [1, 0, 1.15], "uv": [0, 125]}
				]
			},
			{
				"name": "bone143",
				"parent": "bone128",
				"pivot": [12.29873, 13.58809, 7.8],
				"rotation": [0, 0, 26.32046],
				"cubes": [
					{"origin": [12.26777, 13.44823, 10.85], "size": [1, 0, 1.15], "uv": [28, 124]}
				]
			},
			{
				"name": "bone144",
				"parent": "bone127",
				"pivot": [6, 19, 6.6],
				"rotation": [90, 27.5, -90]
			},
			{
				"name": "bone145",
				"parent": "bone144",
				"pivot": [0.83398, 20.49378, 9],
				"rotation": [0, 0, -11.1227],
				"cubes": [
					{"origin": [0.53656, 20.72161, 9.05], "size": [1, 0, 1.15], "uv": [28, 123]}
				]
			},
			{
				"name": "bone146",
				"parent": "bone144",
				"pivot": [1.81543, 20.68673, 9],
				"rotation": [0, 0, 2.45273],
				"cubes": [
					{"origin": [1.47283, 20.83839, 9.05], "size": [1, 0, 1.15], "uv": [28, 122]}
				]
			},
			{
				"name": "bone147",
				"parent": "bone144",
				"pivot": [2.81445, 20.64394, 9],
				"rotation": [0, 0, 15.13268],
				"cubes": [
					{"origin": [2.44692, 20.7167, 9.05], "size": [1, 0, 1.15], "uv": [28, 121]}
				]
			},
			{
				"name": "bone148",
				"parent": "bone144",
				"pivot": [3.77979, 20.38288, 9],
				"rotation": [0, 0, 23.24925],
				"cubes": [
					{"origin": [3.40566, 20.40302, 9.05], "size": [1, 0, 1.15], "uv": [24, 124]}
				]
			},
			{
				"name": "bone149",
				"parent": "bone144",
				"pivot": [4.69873, 19.98809, 9],
				"rotation": [0, 0, 26.32046],
				"cubes": [
					{"origin": [4.32407, 19.98815, 9.05], "size": [1, 0, 1.15], "uv": [24, 123]}
				]
			},
			{
				"name": "bone150",
				"parent": "bone144",
				"pivot": [5.59521, 19.54462, 9],
				"rotation": [0, 0, 24.69237],
				"cubes": [
					{"origin": [5.22071, 19.55533, 9.05], "size": [1, 0, 1.15], "uv": [24, 122]}
				]
			},
			{
				"name": "bone151",
				"parent": "bone144",
				"pivot": [6.50342, 19.12704, 9],
				"rotation": [0, 0, 18.14732],
				"cubes": [
					{"origin": [6.13257, 19.18037, 9.05], "size": [1, 0, 1.15], "uv": [24, 121]}
				]
			},
			{
				"name": "bone101",
				"parent": "hair",
				"pivot": [-1.1, 20.3, 3.9],
				"rotation": [-4.35299, -54.92219, 3.56463]
			},
			{
				"name": "bone119",
				"parent": "bone101",
				"pivot": [-6.6, 13.3, 7.8],
				"rotation": [-90, 17.5, -90]
			},
			{
				"name": "bone120",
				"parent": "bone119",
				"pivot": [-6.6, 13.3, 7.8],
				"rotation": [0, 0, 25.79358],
				"cubes": [
					{"origin": [-7.4706, 13.23855, 10.85], "size": [1, 0, 1.15], "uv": [76, 125]}
				]
			},
			{
				"name": "bone121",
				"parent": "bone119",
				"pivot": [-7.50039, 13.73514, 7.8],
				"rotation": [0, 0, 21.01398],
				"cubes": [
					{"origin": [-8.37656, 13.66313, 10.85], "size": [1, 0, 1.15], "uv": [72, 125]}
				]
			},
			{
				"name": "bone122",
				"parent": "bone119",
				"pivot": [-8.43398, 14.09378, 7.8],
				"rotation": [0, 0, 11.1227],
				"cubes": [
					{"origin": [-9.32437, 14.00156, 10.85], "size": [1, 0, 1.15], "uv": [68, 125]}
				]
			},
			{
				"name": "bone123",
				"parent": "bone119",
				"pivot": [-9.41543, 14.28673, 7.8],
				"rotation": [0, 0, -2.45273],
				"cubes": [
					{"origin": [-10.33052, 14.17136, 10.85], "size": [1, 0, 1.15], "uv": [64, 125]}
				]
			},
			{
				"name": "bone124",
				"parent": "bone119",
				"pivot": [-10.41445, 14.24394, 7.8],
				"rotation": [0, 0, -15.13268],
				"cubes": [
					{"origin": [-11.35694, 14.11275, 10.85], "size": [1, 0, 1.15], "uv": [60, 125]}
				]
			},
			{
				"name": "bone125",
				"parent": "bone119",
				"pivot": [-11.37979, 13.98288, 7.8],
				"rotation": [0, 0, -23.24925],
				"cubes": [
					{"origin": [-12.34137, 13.84488, 10.85], "size": [1, 0, 1.15], "uv": [56, 125]}
				]
			},
			{
				"name": "bone126",
				"parent": "bone119",
				"pivot": [-12.29873, 13.58809, 7.8],
				"rotation": [0, 0, -26.32046],
				"cubes": [
					{"origin": [-13.26777, 13.44823, 10.85], "size": [1, 0, 1.15], "uv": [52, 125]}
				]
			},
			{
				"name": "bone129",
				"parent": "bone101",
				"pivot": [-6, 19, 6.6],
				"rotation": [90, -27.5, 90]
			},
			{
				"name": "bone130",
				"parent": "bone129",
				"pivot": [-0.83398, 20.49378, 9],
				"rotation": [0, 0, 11.1227],
				"cubes": [
					{"origin": [-1.53656, 20.72161, 9.05], "size": [1, 0, 1.15], "uv": [48, 125]}
				]
			},
			{
				"name": "bone131",
				"parent": "bone129",
				"pivot": [-1.81543, 20.68673, 9],
				"rotation": [0, 0, -2.45273],
				"cubes": [
					{"origin": [-2.47283, 20.83839, 9.05], "size": [1, 0, 1.15], "uv": [44, 125]}
				]
			},
			{
				"name": "bone132",
				"parent": "bone129",
				"pivot": [-2.81445, 20.64394, 9],
				"rotation": [0, 0, -15.13268],
				"cubes": [
					{"origin": [-3.44692, 20.7167, 9.05], "size": [1, 0, 1.15], "uv": [40, 125]}
				]
			},
			{
				"name": "bone133",
				"parent": "bone129",
				"pivot": [-3.77979, 20.38288, 9],
				"rotation": [0, 0, -23.24925],
				"cubes": [
					{"origin": [-4.40566, 20.40302, 9.05], "size": [1, 0, 1.15], "uv": [36, 125]}
				]
			},
			{
				"name": "bone134",
				"parent": "bone129",
				"pivot": [-4.69873, 19.98809, 9],
				"rotation": [0, 0, -26.32046],
				"cubes": [
					{"origin": [-5.32407, 19.98815, 9.05], "size": [1, 0, 1.15], "uv": [32, 125]}
				]
			},
			{
				"name": "bone135",
				"parent": "bone129",
				"pivot": [-5.59521, 19.54462, 9],
				"rotation": [0, 0, -24.69237],
				"cubes": [
					{"origin": [-6.22071, 19.55533, 9.05], "size": [1, 0, 1.15], "uv": [28, 125]}
				]
			},
			{
				"name": "bone136",
				"parent": "bone129",
				"pivot": [-6.50342, 19.12704, 9],
				"rotation": [0, 0, -18.14732],
				"cubes": [
					{"origin": [-7.13257, 19.18037, 9.05], "size": [1, 0, 1.15], "uv": [24, 125]}
				]
			},
			{
				"name": "bone100",
				"parent": "hair",
				"pivot": [0, 0, 0]
			},
			{
				"name": "bone109",
				"parent": "bone100",
				"pivot": [0, 11.2, 5.9],
				"rotation": [-90, 17.5, -90]
			},
			{
				"name": "bone110",
				"parent": "bone109",
				"pivot": [0, 11.2, 5.9],
				"rotation": [0, 0, 25.79358],
				"cubes": [
					{"origin": [-0.8706, 11.13855, 1.7], "size": [1, 0, 8.4], "uv": [54, 48]}
				]
			},
			{
				"name": "bone111",
				"parent": "bone109",
				"pivot": [-0.90039, 11.63514, 5.9],
				"rotation": [0, 0, 21.01398],
				"cubes": [
					{"origin": [-1.77656, 11.56313, 1.7], "size": [1, 0, 8.4], "uv": [36, 48]}
				]
			},
			{
				"name": "bone112",
				"parent": "bone109",
				"pivot": [-1.83398, 11.99378, 5.9],
				"rotation": [0, 0, 11.1227],
				"cubes": [
					{"origin": [-2.72437, 11.90156, 1.7], "size": [1, 0, 8.4], "uv": [18, 48]}
				]
			},
			{
				"name": "bone113",
				"parent": "bone109",
				"pivot": [-2.81543, 12.18673, 5.9],
				"rotation": [0, 0, -2.45273],
				"cubes": [
					{"origin": [-3.73052, 12.07136, 1.7], "size": [1, 0, 8.4], "uv": [0, 48]}
				]
			},
			{
				"name": "bone114",
				"parent": "bone109",
				"pivot": [-3.81445, 12.14394, 5.9],
				"rotation": [0, 0, -15.13268],
				"cubes": [
					{"origin": [-4.75694, 12.01275, 1.7], "size": [1, 0, 8.4], "uv": [56, 38]}
				]
			},
			{
				"name": "bone115",
				"parent": "bone109",
				"pivot": [-4.77979, 11.88288, 5.9],
				"rotation": [0, 0, -23.24925],
				"cubes": [
					{"origin": [-5.74137, 11.74488, 1.7], "size": [1, 0, 8.4], "uv": [38, 38]}
				]
			},
			{
				"name": "bone116",
				"parent": "bone109",
				"pivot": [-5.69873, 11.48809, 5.9],
				"rotation": [0, 0, -26.32046],
				"cubes": [
					{"origin": [-6.66777, 11.34823, 1.7], "size": [1, 0, 8.4], "uv": [20, 38]}
				]
			},
			{
				"name": "bone117",
				"parent": "bone109",
				"pivot": [-6.59521, 11.04462, 5.9],
				"rotation": [0, 0, -24.69237],
				"cubes": [
					{"origin": [-7.56029, 10.90569, 2.2], "size": [1, 0, 7.4], "uv": [56, 80]}
				]
			},
			{
				"name": "bone118",
				"parent": "bone109",
				"pivot": [-7.50342, 10.62704, 5.9],
				"rotation": [0, 0, -18.14732],
				"cubes": [
					{"origin": [-8.45288, 10.493, 2.95], "size": [1, 0, 5.9], "uv": [40, 98]}
				]
			},
			{
				"name": "bone99",
				"parent": "bone100",
				"pivot": [0.6, 16.9, 4.7],
				"rotation": [90, -27.5, 90]
			},
			{
				"name": "bone102",
				"parent": "bone99",
				"pivot": [5.76602, 18.39378, 7.1],
				"rotation": [0, 0, 11.1227],
				"cubes": [
					{"origin": [5.06344, 18.62161, -0.1], "size": [1, 0, 8.4], "uv": [0, 64], "mirror": true}
				]
			},
			{
				"name": "bone103",
				"parent": "bone99",
				"pivot": [4.78457, 18.58673, 7.1],
				"rotation": [0, 0, -2.45273],
				"cubes": [
					{"origin": [4.12717, 18.73839, -0.1], "size": [1, 0, 8.4], "uv": [72, 56], "mirror": true}
				]
			},
			{
				"name": "bone104",
				"parent": "bone99",
				"pivot": [3.78555, 18.54394, 7.1],
				"rotation": [0, 0, -15.13268],
				"cubes": [
					{"origin": [3.15308, 18.6167, -0.1], "size": [1, 0, 8.4], "uv": [54, 56], "mirror": true}
				]
			},
			{
				"name": "bone105",
				"parent": "bone99",
				"pivot": [2.82021, 18.28288, 7.1],
				"rotation": [0, 0, -23.24925],
				"cubes": [
					{"origin": [2.19434, 18.30302, -0.1], "size": [1, 0, 8.4], "uv": [36, 56], "mirror": true}
				]
			},
			{
				"name": "bone106",
				"parent": "bone99",
				"pivot": [1.90127, 17.88809, 7.1],
				"rotation": [0, 0, -26.32046],
				"cubes": [
					{"origin": [1.27593, 17.88815, -0.1], "size": [1, 0, 8.4], "uv": [18, 56], "mirror": true}
				]
			},
			{
				"name": "bone107",
				"parent": "bone99",
				"pivot": [1.00479, 17.44462, 7.1],
				"rotation": [0, 0, -24.69237],
				"cubes": [
					{"origin": [0.37929, 17.45533, -0.1], "size": [1, 0, 8.4], "uv": [0, 56], "mirror": true}
				]
			},
			{
				"name": "bone108",
				"parent": "bone99",
				"pivot": [0.09658, 17.02704, 7.1],
				"rotation": [0, 0, -18.14732],
				"cubes": [
					{"origin": [-0.53257, 17.08037, -0.1], "size": [1, 0, 8.4], "uv": [72, 48], "mirror": true}
				]
			},
			{
				"name": "hair2",
				"parent": "head",
				"pivot": [0, 0, 0]
			},
			{
				"name": "bone95",
				"parent": "hair2",
				"pivot": [-4.2, 24.6, 2.7],
				"rotation": [2.5, 0, 5]
			},
			{
				"name": "bone96",
				"parent": "bone95",
				"pivot": [-5, 22.6, 2.2],
				"cubes": [
					{"origin": [-4.91237, 20.04645, 2.2], "size": [1, 3.6, 1], "uv": [48, 113]}
				]
			},
			{
				"name": "bone97",
				"parent": "bone95",
				"pivot": [-4.3, 24, 2.7],
				"rotation": [0, 0, 15],
				"cubes": [
					{"origin": [-4.8, 23.5, 2.2], "size": [1, 1, 1], "uv": [64, 118]}
				]
			},
			{
				"name": "bone98",
				"parent": "bone95",
				"pivot": [-4.25, 19.8, 2.65],
				"rotation": [-10, 0, -10],
				"cubes": [
					{"origin": [-4.5, 19.4, 2.3], "size": [0.5, 0.8, 0.7], "uv": [68, 102]}
				]
			},
			{
				"name": "bone94",
				"parent": "hair2",
				"pivot": [4.2, 24.6, 2.7],
				"rotation": [2.5, 0, -5]
			},
			{
				"name": "bone91",
				"parent": "bone94",
				"pivot": [5, 22.6, 2.2],
				"cubes": [
					{"origin": [3.91237, 20.04645, 2.2], "size": [1, 3.6, 1], "uv": [52, 113]}
				]
			},
			{
				"name": "bone92",
				"parent": "bone94",
				"pivot": [4.3, 24, 2.7],
				"rotation": [0, 0, -15],
				"cubes": [
					{"origin": [3.8, 23.5, 2.2], "size": [1, 1, 1], "uv": [0, 121]}
				]
			},
			{
				"name": "bone93",
				"parent": "bone94",
				"pivot": [4.25, 19.8, 2.65],
				"rotation": [-10, 0, 10],
				"cubes": [
					{"origin": [4, 19.4, 2.3], "size": [0.5, 0.8, 0.7], "uv": [68, 102]}
				]
			},
			{
				"name": "bone7",
				"parent": "hair2",
				"pivot": [-3.9, 23.7, -4],
				"rotation": [-3, 0, 0]
			},
			{
				"name": "bone8",
				"parent": "bone7",
				"pivot": [-3.75, 18.95, -4.3],
				"rotation": [0, 0, -25],
				"cubes": [
					{"origin": [-4.08168, 17.82943, -4.8], "size": [0.8, 0.9, 0.8], "uv": [14, 120]}
				]
			},
			{
				"name": "bone9",
				"parent": "bone7",
				"pivot": [-4, 20.1, -4.5],
				"rotation": [0, 0, -15],
				"cubes": [
					{"origin": [-4.78105, 18.58434, -5], "size": [1.5, 2.2, 1.3], "uv": [12, 118]}
				]
			},
			{
				"name": "bone10",
				"parent": "bone7",
				"pivot": [-4.3, 22.5, -4.5],
				"cubes": [
					{"origin": [-4.7, 20.6, -4.8], "size": [1, 2.1, 1], "uv": [8, 118]}
				]
			},
			{
				"name": "bone11",
				"parent": "bone7",
				"pivot": [-4, 23.2, -4.3],
				"rotation": [0, 0, 21],
				"cubes": [
					{"origin": [-4.47432, 22.48235, -4.6], "size": [1, 1.4, 0.8], "uv": [0, 110]}
				]
			},
			{
				"name": "bone12",
				"parent": "bone7",
				"pivot": [-4.2, 24.07328, -4.52025],
				"rotation": [-12.5, 0, 25],
				"cubes": [
					{"origin": [-4.1, 23.97328, -4.52025], "size": [0.9, 1.1, 0.6], "uv": [8, 128]}
				]
			},
			{
				"name": "bone5",
				"parent": "hair2",
				"pivot": [3.9, 23.7, -4],
				"rotation": [-3, 0, 0]
			},
			{
				"name": "bone4",
				"parent": "bone5",
				"pivot": [3.75, 18.95, -4.3],
				"rotation": [0, 0, 25],
				"cubes": [
					{"origin": [3.28168, 17.82943, -4.8], "size": [0.8, 0.9, 0.8], "uv": [14, 120]}
				]
			},
			{
				"name": "bone3",
				"parent": "bone5",
				"pivot": [4, 20.1, -4.5],
				"rotation": [0, 0, 15],
				"cubes": [
					{"origin": [3.28105, 18.58434, -5], "size": [1.5, 2.2, 1.3], "uv": [20, 118]}
				]
			},
			{
				"name": "bone2",
				"parent": "bone5",
				"pivot": [4.3, 22.5, -4.5],
				"cubes": [
					{"origin": [3.7, 20.6, -4.8], "size": [1, 2.1, 1], "uv": [16, 118]}
				]
			},
			{
				"name": "bone",
				"parent": "bone5",
				"pivot": [4, 23.2, -4.3],
				"rotation": [0, 0, -21],
				"cubes": [
					{"origin": [3.47432, 22.48235, -4.6], "size": [1, 1.4, 0.8], "uv": [0, 110]}
				]
			},
			{
				"name": "bone6",
				"parent": "bone5",
				"pivot": [4.2, 24.07328, -4.52025],
				"rotation": [-12.5, 0, -25],
				"cubes": [
					{"origin": [3.2, 23.97328, -4.52025], "size": [0.9, 1.1, 0.6], "uv": [8, 129]}
				]
			},
			{
				"name": "toushi",
				"parent": "head",
				"pivot": [0, 0.2, 0]
			},
			{
				"name": "bone57",
				"parent": "toushi",
				"pivot": [0.15, 25.55, -4.25],
				"rotation": [0, 0, 45],
				"cubes": [
					{"origin": [-0.65, 24.9, -4.5], "size": [1.3, 1.3, 0.5], "uv": [0, 137]}
				]
			},
			{
				"name": "bone76",
				"parent": "toushi",
				"pivot": [0, 0.2, 0]
			},
			{
				"name": "bone58",
				"parent": "bone76",
				"pivot": [1.2336, 25.3848, -4.15],
				"rotation": [0, 0, 57.5],
				"cubes": [
					{"origin": [0.8336, 24.9848, -4.4], "size": [0.8, 0.8, 0.5], "uv": [1, 138]}
				]
			},
			{
				"name": "bone59",
				"parent": "bone76",
				"pivot": [1.9336, 25.0848, -4.15],
				"rotation": [0, 0, 69],
				"cubes": [
					{"origin": [1.5336, 24.6848, -4.4], "size": [0.8, 0.8, 0.5], "uv": [1, 138], "mirror": true}
				]
			},
			{
				"name": "bone77",
				"parent": "toushi",
				"pivot": [0, 0.2, 0]
			},
			{
				"name": "bone78",
				"parent": "bone77",
				"pivot": [-1.2336, 25.3848, -4.15],
				"rotation": [0, 0, -57.5],
				"cubes": [
					{"origin": [-1.6336, 24.9848, -4.4], "size": [0.8, 0.8, 0.5], "uv": [0, 138]}
				]
			},
			{
				"name": "bone79",
				"parent": "bone77",
				"pivot": [-1.9336, 25.0848, -4.15],
				"rotation": [0, 0, -69],
				"cubes": [
					{"origin": [-2.3336, 24.6848, -4.4], "size": [0.8, 0.8, 0.5], "uv": [0, 138]}
				]
			},
			{
				"name": "armRight",
				"pivot": [-3, 17.5, 0],
				"rotation": [0, 0, 25],
				"cubes": [
					{"origin": [-5, 8.5, -1], "size": [2, 8, 2], "uv": [24, 98]},
					{"origin": [-5.1, 15, -1.1], "size": [2.3, 2.5, 2.2], "uv": [32, 113]}
				]
			},
			{
				"name": "armLeft",
				"pivot": [3, 17.5, 0],
				"rotation": [0, 0, -25],
				"cubes": [
					{"origin": [2.8, 15, -1.1], "size": [2.3, 2.5, 2.2], "uv": [24, 113]},
					{"origin": [3, 8.5, -1], "size": [2, 8, 2], "uv": [32, 98]}
				]
			},
			{
				"name": "body",
				"pivot": [0, 10.5, 0],
				"cubes": [
					{"origin": [-3, 8.999, -3], "size": [6, 9, 6], "uv": [64, 0]}
				]
			},
			{
				"name": "sittingRotationSkirt",
				"parent": "body",
				"pivot": [0, 10.5, 0]
			},
			{
				"name": "qun",
				"parent": "sittingRotationSkirt",
				"pivot": [0, 0, 0]
			},
			{
				"name": "bone18",
				"parent": "qun",
				"pivot": [0, 5.4, 0]
			},
			{
				"name": "bone19",
				"parent": "bone18",
				"pivot": [0, 5.4, 0]
			},
			{
				"name": "bone20",
				"parent": "bone19",
				"pivot": [0, 5.4, 4.11287],
				"rotation": [10, 0, 0],
				"cubes": [
					{"origin": [-2.3, 4.4852, 4.11287], "size": [4.6, 6.12, 0], "uv": [62, 98]}
				]
			},
			{
				"name": "bone21",
				"parent": "bone20",
				"pivot": [-2.3, 5.0852, 4.11287],
				"rotation": [0, 0, 9.85108],
				"cubes": [
					{"origin": [-4.34, 5.4852, 4.11195], "size": [2.04, 5.12, 0], "uv": [64, 98]}
				]
			},
			{
				"name": "bone22",
				"parent": "bone20",
				"pivot": [2.3, 5.0852, 4.11287],
				"rotation": [0, 0, -9.85108],
				"cubes": [
					{"origin": [2.3, 5.4852, 4.11379], "size": [2.04, 5.12, 0], "uv": [64, 98]}
				]
			},
			{
				"name": "bone23",
				"parent": "bone18",
				"pivot": [0, 5.4, 0],
				"rotation": [0, -90, 0]
			},
			{
				"name": "bone24",
				"parent": "bone23",
				"pivot": [0, 5.4, 4.11287],
				"rotation": [10, 0, 0],
				"cubes": [
					{"origin": [-2.3, 6.25047, 4.30983], "size": [4.6, 4.32, 0], "uv": [62, 98]}
				]
			},
			{
				"name": "bone25",
				"parent": "bone24",
				"pivot": [-2.3, 5.0852, 4.11287],
				"rotation": [0, 0, 9.85108],
				"cubes": [
					{"origin": [-4.23406, 6.25098, 4.30891], "size": [1.94, 4.32, 0], "uv": [65, 98]}
				]
			},
			{
				"name": "bone26",
				"parent": "bone24",
				"pivot": [2.3, 5.0852, 4.11287],
				"rotation": [0, 0, -9.85108],
				"cubes": [
					{"origin": [2.29406, 6.25098, 4.31075], "size": [1.94, 4.32, 0], "uv": [65, 98]}
				]
			},
			{
				"name": "bone27",
				"parent": "bone18",
				"pivot": [0, 5.4, 0],
				"rotation": [0, -180, 0]
			},
			{
				"name": "bone28",
				"parent": "bone27",
				"pivot": [0, 5.4, 4.11287],
				"rotation": [10, 0, 0],
				"cubes": [
					{"origin": [-2.6, 6.2852, 4.11287], "size": [5.1, 4.32, 0], "uv": [76, 98]}
				]
			},
			{
				"name": "bone29",
				"parent": "bone28",
				"pivot": [-2.3, 5.0852, 4.11287],
				"rotation": [0, 0, 9.85108],
				"cubes": [
					{"origin": [-4.34, 6.2852, 4.11195], "size": [2.04, 4.32, 0], "uv": [77, 106], "mirror": true}
				]
			},
			{
				"name": "bone30",
				"parent": "bone28",
				"pivot": [2.3, 5.0852, 4.11287],
				"rotation": [0, 0, -9.85108],
				"cubes": [
					{"origin": [2.3, 6.2852, 4.11379], "size": [2.04, 4.32, 0], "uv": [76.5, 106]}
				]
			},
			{
				"name": "bone31",
				"parent": "bone18",
				"pivot": [0, 5.4, 0],
				"rotation": [0, -270, 0]
			},
			{
				"name": "bone32",
				"parent": "bone31",
				"pivot": [0, 5.4, 4.11287],
				"rotation": [10, 0, 0],
				"cubes": [
					{"origin": [-2.3, 6.25047, 4.30983], "size": [4.6, 4.32, 0], "uv": [62, 98]}
				]
			},
			{
				"name": "bone33",
				"parent": "bone32",
				"pivot": [-2.3, 5.0852, 4.11287],
				"rotation": [0, 0, 9.85108],
				"cubes": [
					{"origin": [-4.23406, 6.25098, 4.30891], "size": [1.94, 4.32, 0], "uv": [65, 98]}
				]
			},
			{
				"name": "bone34",
				"parent": "bone32",
				"pivot": [2.3, 5.0852, 4.11287],
				"rotation": [0, 0, -9.85108],
				"cubes": [
					{"origin": [2.29406, 6.25098, 4.31075], "size": [1.94, 4.32, 0], "uv": [65, 98]}
				]
			},
			{
				"name": "bone63",
				"parent": "qun",
				"pivot": [0, 7.3, 0.2],
				"rotation": [24, 0, 0]
			},
			{
				"name": "bone35",
				"parent": "bone63",
				"pivot": [0, 5.004, 0.2]
			},
			{
				"name": "bone36",
				"parent": "bone35",
				"pivot": [0, 5.004, 3.79277],
				"rotation": [10, 0, 0],
				"cubes": [
					{"origin": [-2.16, 8.55587, 6.42286], "size": [4.32, 2.92, 0], "uv": [0, 0]}
				]
			},
			{
				"name": "bone37",
				"parent": "bone36",
				"pivot": [-2.16, 4.85987, 3.79277],
				"rotation": [0, 0, 5.74441],
				"cubes": [
					{"origin": [-3.6, 8.55587, 6.42214], "size": [1.44, 2.92, 0], "uv": [0, 0]}
				]
			},
			{
				"name": "bone38",
				"parent": "bone36",
				"pivot": [2.16, 4.85987, 3.79277],
				"rotation": [0, 0, -5.74441],
				"cubes": [
					{"origin": [2.16, 8.55587, 6.42358], "size": [1.44, 2.92, 0], "uv": [0, 0]}
				]
			},
			{
				"name": "bone39",
				"parent": "bone63",
				"pivot": [0, 5.004, 0.2],
				"rotation": [0, -60, 0]
			},
			{
				"name": "bone40",
				"parent": "bone39",
				"pivot": [0, 5.004, 3.79277],
				"rotation": [10, 0, 0],
				"cubes": [
					{"origin": [-2.16, 8.45587, 6.42286], "size": [4.32, 3.02, 0], "uv": [0, 0]}
				]
			},
			{
				"name": "bone41",
				"parent": "bone40",
				"pivot": [-2.16, 4.85987, 3.79277],
				"rotation": [0, 0, 5.74441],
				"cubes": [
					{"origin": [-3.6, 8.35587, 6.42214], "size": [1.14, 3.12, 0], "uv": [0, 0]}
				]
			},
			{
				"name": "bone42",
				"parent": "bone40",
				"pivot": [2.16, 4.85987, 3.79277],
				"rotation": [0, 0, -5.74441],
				"cubes": [
					{"origin": [2.56, 8.55587, 6.42358], "size": [1.04, 2.92, 0], "uv": [0, 0]}
				]
			},
			{
				"name": "bone43",
				"parent": "bone63",
				"pivot": [0, 5.004, 0.2],
				"rotation": [0, -120, 0]
			},
			{
				"name": "bone44",
				"parent": "bone43",
				"pivot": [0, 5.004, 3.79277],
				"rotation": [10, 0, 0],
				"cubes": [
					{"origin": [-2.16, 8.15587, 6.42286], "size": [4.32, 3.32, 0], "uv": [0, 0]}
				]
			},
			{
				"name": "bone45",
				"parent": "bone44",
				"pivot": [-2.16, 4.85987, 3.79277],
				"rotation": [0, 0, 5.74441],
				"cubes": [
					{"origin": [-3.6, 7.95587, 6.42214], "size": [1.04, 3.52, 0], "uv": [0, 0]}
				]
			},
			{
				"name": "bone46",
				"parent": "bone44",
				"pivot": [2.16, 4.85987, 3.79277],
				"rotation": [0, 0, -5.74441],
				"cubes": [
					{"origin": [2.46, 8.25587, 6.42358], "size": [1.14, 3.22, 0], "uv": [0, 0]}
				]
			},
			{
				"name": "bone47",
				"parent": "bone63",
				"pivot": [0, 5.004, 0.2],
				"rotation": [0, -180, 0]
			},
			{
				"name": "bone48",
				"parent": "bone47",
				"pivot": [0, 5.004, 3.79277],
				"rotation": [10, 0, 0]
			},
			{
				"name": "bone49",
				"parent": "bone48",
				"pivot": [-2.16, 4.85987, 3.79277],
				"rotation": [0, 0, 5.74441],
				"cubes": [
					{"origin": [-3.6, 6.85587, 6.42214], "size": [1.44, 4.62, 0], "uv": [0, 0]}
				]
			},
			{
				"name": "bone50",
				"parent": "bone48",
				"pivot": [2.16, 4.85987, 3.79277],
				"rotation": [0, 0, -5.74441],
				"cubes": [
					{"origin": [2.16, 6.85587, 6.42358], "size": [1.44, 4.62, 0], "uv": [0, 0], "mirror": true}
				]
			},
			{
				"name": "bone51",
				"parent": "bone63",
				"pivot": [0, 5.004, 0.2],
				"rotation": [0, -240, 0]
			},
			{
				"name": "bone52",
				"parent": "bone51",
				"pivot": [0, 5.004, 3.79277],
				"rotation": [10, 0, 0],
				"cubes": [
					{"origin": [-2.16, 8.15587, 6.42286], "size": [4.32, 3.32, 0], "uv": [0, 0]}
				]
			},
			{
				"name": "bone53",
				"parent": "bone52",
				"pivot": [-2.16, 4.85987, 3.79277],
				"rotation": [0, 0, 5.74441],
				"cubes": [
					{"origin": [-3.6, 8.35587, 6.42214], "size": [1.04, 3.12, 0], "uv": [0, 0]}
				]
			},
			{
				"name": "bone54",
				"parent": "bone52",
				"pivot": [2.16, 4.85987, 3.79277],
				"rotation": [0, 0, -5.74441],
				"cubes": [
					{"origin": [2.56, 7.95587, 6.42358], "size": [1.04, 3.52, 0], "uv": [0, 0]}
				]
			},
			{
				"name": "bone55",
				"parent": "bone63",
				"pivot": [0, 5.004, 0.2],
				"rotation": [0, -300, 0]
			},
			{
				"name": "bone60",
				"parent": "bone55",
				"pivot": [0, 5.004, 3.79277],
				"rotation": [10, 0, 0],
				"cubes": [
					{"origin": [-2.16, 8.45587, 6.42286], "size": [4.32, 3.02, 0], "uv": [0, 0]}
				]
			},
			{
				"name": "bone61",
				"parent": "bone60",
				"pivot": [-2.16, 4.85987, 3.79277],
				"rotation": [0, 0, 5.74441],
				"cubes": [
					{"origin": [-3.6, 8.45587, 6.42214], "size": [1.04, 3.02, 0], "uv": [0, 0]}
				]
			},
			{
				"name": "bone62",
				"parent": "bone60",
				"pivot": [2.16, 4.85987, 3.79277],
				"rotation": [0, 0, -5.74441],
				"cubes": [
					{"origin": [2.56, 8.45587, 6.42358], "size": [1.04, 3.02, 0], "uv": [0, 0]}
				]
			},
			{
				"name": "bone90",
				"parent": "body",
				"pivot": [0, 0, 0]
			},
			{
				"name": "bone84",
				"parent": "bone90",
				"pivot": [0, 0.5, 0]
			},
			{
				"name": "bone82",
				"parent": "bone84",
				"pivot": [-2.3, 14.4, -3.1],
				"rotation": [0, 0, 22.5],
				"cubes": [
					{"origin": [-2.8, 13.9, -3.02], "size": [2.7, 1.1, 0], "uv": [84, 125]}
				]
			},
			{
				"name": "bone83",
				"parent": "bone84",
				"pivot": [2.3, 14.4, -3.1],
				"rotation": [0, 0, -22.5],
				"cubes": [
					{"origin": [0.1, 13.9, -3.02], "size": [2.7, 1.1, 0], "uv": [80, 125]}
				]
			},
			{
				"name": "bone85",
				"parent": "bone90",
				"pivot": [0, 0, 0]
			},
			{
				"name": "bone80",
				"parent": "bone85",
				"pivot": [1.9, 15.6, -3.1],
				"rotation": [0, 0, 25],
				"cubes": [
					{"origin": [0.2, 14.8, -3.01], "size": [2.7, 1.3, 0], "uv": [0, 127]}
				]
			},
			{
				"name": "bone81",
				"parent": "bone85",
				"pivot": [-1.9, 15.6, -3.1],
				"rotation": [0, 0, -25],
				"cubes": [
					{"origin": [-2.9, 14.8, -3.01], "size": [2.7, 1.3, 0], "uv": [0, 126]}
				]
			},
			{
				"name": "bone89",
				"parent": "bone90",
				"pivot": [0, 0, 0]
			},
			{
				"name": "bone87",
				"parent": "bone89",
				"pivot": [2.4, 11, -3.11],
				"rotation": [0, 0, 45],
				"cubes": [
					{"origin": [1.4, 10.5, -3.03], "size": [1.5, 1.5, 0], "uv": [3, 128], "mirror": true}
				]
			},
			{
				"name": "bone86",
				"parent": "bone89",
				"pivot": [2.4, 15, -3.11],
				"rotation": [0, 0, 45],
				"cubes": [
					{"origin": [1.4, 14.5, -3.03], "size": [1.5, 1.5, 0], "uv": [3, 128], "mirror": true}
				]
			},
			{
				"name": "bone88",
				"parent": "bone89",
				"pivot": [2.4, 13, -3.11],
				"rotation": [0, 0, 45],
				"cubes": [
					{"origin": [1.4, 12.5, -3.03], "size": [1.5, 1.5, 0], "uv": [3, 128]}
				]
			},
			{
				"name": "legLeft",
				"pivot": [2, 9, 0],
				"cubes": [
					{"origin": [0.249, 0, -1.5], "size": [3, 9, 3], "uv": [44, 80]}
				]
			},
			{
				"name": "legRight",
				"pivot": [-1.75, 9, 0],
				"cubes": [
					{"origin": [-3.249, 0, -1.5], "size": [3, 9, 3], "uv": [32, 80]}
				]
			},
			{
				"name": "sinFloat",
				"pivot": [-7.2, 17.2, -7.2],
				"rotation": [1.74215, 41.56254, -16.40417]
			},
			{
				"name": "bone13",
				"parent": "sinFloat",
				"pivot": [-2.2, 0, 4.2],
				"cubes": [
					{"origin": [-9.6, 14.8, -7.7], "size": [4, 5, 1.2], "uv": [52, 98]}
				]
			},
			{
				"name": "bone14",
				"parent": "sinFloat",
				"pivot": [-2.2, 0, 4.2],
				"cubes": [
					{"origin": [-9.5, 14.9, -7.6], "size": [3.7, 4.8, 1], "uv": [0, 108]}
				]
			},
			{
				"name": "cosFloat",
				"pivot": [0, 19, 7]
			},
			{
				"name": "tail",
				"parent": "cosFloat",
				"pivot": [0, 19, 6]
			},
			{
				"name": "chushou",
				"parent": "tail",
				"pivot": [4.2, 3.5, 4.1],
				"rotation": [11.93845, 3.73171, -17.10967]
			},
			{
				"name": "bone15",
				"parent": "chushou",
				"pivot": [5.3, 15.8, 9.3],
				"rotation": [0, 0, -10],
				"cubes": [
					{"origin": [1.8, 15.8, 9.3], "size": [6.5, 6.5, 6.5], "uv": [0, 16]}
				]
			},
			{
				"name": "bone56",
				"parent": "chushou",
				"pivot": [8.2, 15.8, 12.2],
				"rotation": [171.32807, 4.75401, 94.85996],
				"cubes": [
					{"origin": [5.7, 13.3, 9.7], "size": [5, 5, 5], "uv": [0, 38]}
				]
			},
			{
				"name": "bone152",
				"parent": "bone56",
				"pivot": [7.69705, 12.36744, 12.2],
				"rotation": [0, 0, 22.5],
				"cubes": [
					{"origin": [5.69705, 10.36744, 10.2], "size": [4, 4, 4], "uv": [0, 80]}
				]
			},
			{
				"name": "bone153",
				"parent": "bone152",
				"pivot": [7.20325, 9.45297, 12.4],
				"rotation": [0, 0, 19],
				"cubes": [
					{"origin": [5.70325, 7.95297, 10.9], "size": [3, 3, 3], "uv": [12, 98]}
				]
			},
			{
				"name": "bone154",
				"parent": "bone153",
				"pivot": [6.77271, 7.40081, 12.5],
				"rotation": [0, 0, 15.5],
				"cubes": [
					{"origin": [5.77271, 6.40081, 11.5], "size": [2, 2, 2], "uv": [64, 108]}
				]
			},
			{
				"name": "bone155",
				"parent": "bone154",
				"pivot": [6.5677, 6.03721, 12.7],
				"rotation": [0, 0, 17.5],
				"cubes": [
					{"origin": [6.0677, 5.53721, 12.2], "size": [1, 1, 1], "uv": [60, 118]}
				]
			},
			{
				"name": "bone182",
				"parent": "chushou",
				"pivot": [8.4, 22.7, 12.2],
				"rotation": [-2.25789, -54.48242, -135.85632],
				"cubes": [
					{"origin": [5.9, 20.2, 9.7], "size": [5, 5, 5], "uv": [44, 16]}
				]
			},
			{
				"name": "bone183",
				"parent": "bone182",
				"pivot": [7.89705, 19.26744, 12.2],
				"rotation": [0, 0, 22.5],
				"cubes": [
					{"origin": [5.89705, 17.26744, 10.2], "size": [4, 4, 4], "uv": [50, 64]}
				]
			},
			{
				"name": "bone184",
				"parent": "bone183",
				"pivot": [7.40325, 16.35297, 12.4],
				"rotation": [0, 0, 19],
				"cubes": [
					{"origin": [5.90325, 14.85297, 10.9], "size": [3, 3, 3], "uv": [12, 92]}
				]
			},
			{
				"name": "bone185",
				"parent": "bone184",
				"pivot": [6.97271, 14.30081, 12.5],
				"rotation": [0, 0, 15.5],
				"cubes": [
					{"origin": [5.97271, 13.30081, 11.5], "size": [2, 2, 2], "uv": [16, 108]}
				]
			},
			{
				"name": "bone186",
				"parent": "bone185",
				"pivot": [6.7677, 12.93721, 12.7],
				"rotation": [0, 0, 17.5],
				"cubes": [
					{"origin": [6.2677, 12.43721, 12.2], "size": [1, 1, 1], "uv": [36, 118]}
				]
			},
			{
				"name": "bone177",
				"parent": "chushou",
				"pivot": [6.1, 13.4, 12.2],
				"rotation": [170.59313, -39.97603, 169.99286],
				"cubes": [
					{"origin": [3.6, 10.9, 9.7], "size": [5, 5, 5], "uv": [64, 16]}
				]
			},
			{
				"name": "bone178",
				"parent": "bone177",
				"pivot": [5.59705, 9.96744, 12.2],
				"rotation": [0, 0, 22.5],
				"cubes": [
					{"origin": [3.59705, 7.96744, 10.2], "size": [4, 4, 4], "uv": [66, 64]}
				]
			},
			{
				"name": "bone179",
				"parent": "bone178",
				"pivot": [5.10325, 7.05297, 12.4],
				"rotation": [0, 0, 19],
				"cubes": [
					{"origin": [3.60325, 5.55297, 10.9], "size": [3, 3, 3], "uv": [24, 92]}
				]
			},
			{
				"name": "bone180",
				"parent": "bone179",
				"pivot": [4.67271, 5.00081, 12.5],
				"rotation": [0, 0, 15.5],
				"cubes": [
					{"origin": [3.67271, 4.00081, 11.5], "size": [2, 2, 2], "uv": [24, 108]}
				]
			},
			{
				"name": "bone181",
				"parent": "bone180",
				"pivot": [4.4677, 3.63721, 12.7],
				"rotation": [0, 0, 17.5],
				"cubes": [
					{"origin": [3.9677, 3.13721, 12.2], "size": [1, 1, 1], "uv": [40, 118]}
				]
			},
			{
				"name": "bone161",
				"parent": "chushou",
				"pivot": [0.9, 21.9, 11.4],
				"rotation": [-11.83042, -11.11368, 120.08404],
				"cubes": [
					{"origin": [-1.6, 19.4, 8.9], "size": [5, 5, 5], "uv": [60, 28]}
				]
			},
			{
				"name": "bone162",
				"parent": "bone161",
				"pivot": [0.39705, 18.46744, 11.4],
				"rotation": [0, 0, 22.5],
				"cubes": [
					{"origin": [-1.60295, 16.46744, 9.4], "size": [4, 4, 4], "uv": [32, 72]}
				]
			},
			{
				"name": "bone163",
				"parent": "bone162",
				"pivot": [-0.09675, 15.55297, 11.6],
				"rotation": [0, 0, 19],
				"cubes": [
					{"origin": [-1.59675, 14.05297, 10.1], "size": [3, 3, 3], "uv": [60, 92]}
				]
			},
			{
				"name": "bone164",
				"parent": "bone163",
				"pivot": [-0.52729, 13.50081, 11.7],
				"rotation": [0, 0, 15.5],
				"cubes": [
					{"origin": [-1.52729, 12.50081, 10.7], "size": [2, 2, 2], "uv": [48, 108]}
				]
			},
			{
				"name": "bone165",
				"parent": "bone164",
				"pivot": [-0.7323, 12.13721, 11.9],
				"rotation": [0, 0, 17.5],
				"cubes": [
					{"origin": [-1.2323, 11.63721, 11.4], "size": [1, 1, 1], "uv": [52, 118]}
				]
			},
			{
				"name": "bone166",
				"parent": "chushou",
				"pivot": [0.9, 19.6, 12.2],
				"rotation": [-9.57637, 57.96778, 77.08851],
				"cubes": [
					{"origin": [-1.6, 17.1, 9.7], "size": [5, 5, 5], "uv": [40, 28]}
				]
			},
			{
				"name": "bone167",
				"parent": "bone166",
				"pivot": [0.39705, 16.16744, 12.2],
				"rotation": [0, 0, 22.5],
				"cubes": [
					{"origin": [-1.60295, 14.16744, 10.2], "size": [4, 4, 4], "uv": [16, 72]}
				]
			},
			{
				"name": "bone168",
				"parent": "bone167",
				"pivot": [-0.09675, 13.25297, 12.4],
				"rotation": [0, 0, 19],
				"cubes": [
					{"origin": [-1.59675, 11.75297, 10.9], "size": [3, 3, 3], "uv": [48, 92]}
				]
			},
			{
				"name": "bone169",
				"parent": "bone168",
				"pivot": [-0.52729, 11.20081, 12.5],
				"rotation": [0, 0, 15.5],
				"cubes": [
					{"origin": [-1.52729, 10.20081, 11.5], "size": [2, 2, 2], "uv": [40, 108]}
				]
			},
			{
				"name": "bone170",
				"parent": "bone169",
				"pivot": [-0.7323, 9.83721, 12.7],
				"rotation": [0, 0, 17.5],
				"cubes": [
					{"origin": [-1.2323, 9.33721, 12.2], "size": [1, 1, 1], "uv": [48, 118]}
				]
			},
			{
				"name": "bone172",
				"parent": "chushou",
				"pivot": [0.1, 16.8, 12.2],
				"rotation": [-170.85512, -33.52901, -68.36568],
				"cubes": [
					{"origin": [-2.4, 14.3, 9.7], "size": [5, 5, 5], "uv": [0, 28]}
				]
			},
			{
				"name": "bone173",
				"parent": "bone172",
				"pivot": [-0.40295, 13.36744, 12.2],
				"rotation": [0, 0, 22.5],
				"cubes": [
					{"origin": [-2.40295, 11.36744, 10.2], "size": [4, 4, 4], "uv": [0, 72]}
				]
			},
			{
				"name": "bone174",
				"parent": "bone173",
				"pivot": [-0.89675, 10.45297, 12.4],
				"rotation": [0, 0, 19],
				"cubes": [
					{"origin": [-2.39675, 8.95297, 10.9], "size": [3, 3, 3], "uv": [36, 92]}
				]
			},
			{
				"name": "bone175",
				"parent": "bone174",
				"pivot": [-1.32729, 8.40081, 12.5],
				"rotation": [0, 0, 15.5],
				"cubes": [
					{"origin": [-2.32729, 7.40081, 11.5], "size": [2, 2, 2], "uv": [32, 108]}
				]
			},
			{
				"name": "bone176",
				"parent": "bone175",
				"pivot": [-1.5323, 7.03721, 12.7],
				"rotation": [0, 0, 17.5],
				"cubes": [
					{"origin": [-2.0323, 6.53721, 12.2], "size": [1, 1, 1], "uv": [44, 118]}
				]
			},
			{
				"name": "bone156",
				"parent": "chushou",
				"pivot": [0.9, 14.6, 12.2],
				"rotation": [-2.74355, 26.9696, 25.08191],
				"cubes": [
					{"origin": [-1.6, 12.1, 9.7], "size": [5, 5, 5], "uv": [20, 28]}
				]
			},
			{
				"name": "bone171",
				"parent": "bone156",
				"pivot": [3.28518, 9.33817, 9.99852],
				"rotation": [0, 0, -5],
				"cubes": [
					{"origin": [-1.21482, 9.33817, 9.99852], "size": [4.5, 4.5, 4.5], "uv": [64, 72]}
				]
			},
			{
				"name": "bone157",
				"parent": "bone156",
				"pivot": [1.43744, 9.14366, 12.60234],
				"rotation": [173.11997, 16.1299, 131.52397],
				"cubes": [
					{"origin": [-0.56256, 7.14366, 10.60234], "size": [4, 4, 4], "uv": [48, 72]}
				]
			},
			{
				"name": "bone158",
				"parent": "bone157",
				"pivot": [0.94364, 6.22918, 12.80234],
				"rotation": [0, 0, 19],
				"cubes": [
					{"origin": [-0.55636, 4.72918, 11.30234], "size": [3, 3, 3], "uv": [0, 98]}
				]
			},
			{
				"name": "bone159",
				"parent": "bone158",
				"pivot": [0.5131, 4.17702, 12.90234],
				"rotation": [0, 0, 15.5],
				"cubes": [
					{"origin": [-0.4869, 3.17702, 11.90234], "size": [2, 2, 2], "uv": [56, 108]}
				]
			},
			{
				"name": "bone160",
				"parent": "bone159",
				"pivot": [0.30809, 2.81343, 13.10234],
				"rotation": [0, 0, 17.5],
				"cubes": [
					{"origin": [-0.19191, 2.31343, 12.60234], "size": [1, 1, 1], "uv": [56, 118]}
				]
			},
			{
				"name": "bone187",
				"parent": "chushou",
				"pivot": [4.2, 3.5, 4.1]
			},
			{
				"name": "bone188",
				"parent": "bone187",
				"pivot": [4.7, 22.9, 12.3],
				"rotation": [7, 0, -6],
				"cubes": [
					{"origin": [2.7, 21.4, 9.3], "size": [5, 5, 5], "uv": [24, 16]}
				]
			},
			{
				"name": "bone189",
				"parent": "bone188",
				"pivot": [7.7, 21.4, 9.3],
				"rotation": [0, 0, -5],
				"cubes": [
					{"origin": [3, 25.2, 9.4], "size": [4.5, 4.5, 4.5], "uv": [34, 64]}
				]
			},
			{
				"name": "bone190",
				"parent": "bone189",
				"pivot": [5.5, 28.6, 9.4],
				"rotation": [0, 0, -8],
				"cubes": [
					{"origin": [3.3, 29.5, 9.5], "size": [4, 4, 4], "uv": [18, 64]}
				]
			},
			{
				"name": "bone191",
				"parent": "bone190",
				"pivot": [8.82055, 29.57145, 10.65881],
				"rotation": [20.33944, 9.83157, -24.73218],
				"cubes": [
					{"origin": [5.12055, 32.77145, 10.85881], "size": [3.5, 3.5, 3.5], "uv": [0, 92]}
				]
			},
			{
				"name": "bone192",
				"parent": "bone191",
				"pivot": [5.34244, 32.1911, 11.26771],
				"rotation": [0, 0, 45],
				"cubes": [
					{"origin": [2.54244, 35.6911, 11.46771], "size": [2.5, 2.5, 2.5], "uv": [8, 108]}
				]
			},
			{
				"name": "bone193",
				"parent": "bone192",
				"pivot": [5.16352, 35.35354, 12.29921],
				"rotation": [15, 0, -12.5],
				"cubes": [
					{"origin": [3.36352, 37.85354, 12.49921], "size": [1.5, 1.5, 1.5], "uv": [32, 118]}
				]
			}
		]
	}
}