{
	"format_version": "1.10.0",
	"geometry.model": {
		"texturewidth": 256,
		"textureheight": 256,
		"visible_bounds_width": 3,
		"visible_bounds_height": 4,
		"visible_bounds_offset": [0, 1, 0],
		"bones": [
			{
				"name": "head",
				"pivot": [0, 18, 0],
				"cubes": [
					{"origin": [-4, 18, -4], "size": [8, 8, 8], "uv": [0, 18]}
				]
			},
			{
				"name": "blink",
				"parent": "head",
				"pivot": [0, 18, 0],
				"cubes": [
					{"origin": [-4, 18, -4.001], "size": [8, 8, 0], "uv": [88, 138]}
				]
			},
			{
				"name": "headout",
				"parent": "head",
				"pivot": [0, 0, 0],
				"cubes": [
					{"origin": [-4.5, 17.6, -4.5], "size": [9, 9, 9], "uv": [72, 0]}
				]
			},
			{
				"name": "hair",
				"parent": "head",
				"pivot": [0, 0, 0]
			},
			{
				"name": "hairhou",
				"parent": "hair",
				"pivot": [0.4, 17.7, 4.3],
				"rotation": [7, 0, 0],
				"cubes": [
					{"origin": [-4, 16.6, 4.3], "size": [8, 1, 0], "uv": [32, 160]}
				]
			},
			{
				"name": "bone45",
				"parent": "hairhou",
				"pivot": [0, 16.4, 4.3],
				"rotation": [3, 0, 0],
				"cubes": [
					{"origin": [-3.5, 15.6, 4.299], "size": [7, 1, 0], "uv": [48, 150]}
				]
			},
			{
				"name": "hair2",
				"parent": "hair",
				"pivot": [0, 0, 0]
			},
			{
				"name": "bone62",
				"parent": "hair2",
				"pivot": [4.8, 21.8, 3.1],
				"rotation": [18.88193, 2.88978, -81.89942]
			},
			{
				"name": "bone63",
				"parent": "bone62",
				"pivot": [6.72021, 22.48288, 3.1],
				"rotation": [0, 0, -23.24925],
				"cubes": [
					{"origin": [5.72021, 22.48288, 3.1], "size": [1, 0, 1], "uv": [20, 170]}
				]
			},
			{
				"name": "bone64",
				"parent": "bone62",
				"pivot": [5.80127, 22.08809, 3.1],
				"rotation": [0, 0, -26.32046],
				"cubes": [
					{"origin": [4.80127, 22.08809, 3.1], "size": [1, 0, 1], "uv": [16, 170]}
				]
			},
			{
				"name": "bone65",
				"parent": "bone62",
				"pivot": [4.90479, 21.64462, 3.1],
				"rotation": [0, 0, -24.69237],
				"cubes": [
					{"origin": [3.90479, 21.64462, 3.1], "size": [1, 0, 1], "uv": [12, 170]}
				]
			},
			{
				"name": "bone66",
				"parent": "bone62",
				"pivot": [3.99658, 21.22704, 3.1],
				"rotation": [0, 0, -18.14732],
				"cubes": [
					{"origin": [2.99658, 21.22704, 3.1], "size": [1, 0, 1], "uv": [8, 170]}
				]
			},
			{
				"name": "bone67",
				"parent": "bone62",
				"pivot": [3.04639, 20.9156, 3.1],
				"rotation": [0, 0, -6.63547],
				"cubes": [
					{"origin": [2.04639, 20.9156, 3.1], "size": [1, 0, 1], "uv": [4, 170]}
				]
			},
			{
				"name": "bone47",
				"parent": "hair2",
				"pivot": [5, 23.2, 0.4],
				"rotation": [14.02051, 4.09608, -86.1958]
			},
			{
				"name": "bone48",
				"parent": "bone47",
				"pivot": [6.92021, 23.88288, 0.4],
				"rotation": [0, 0, -23.24925],
				"cubes": [
					{"origin": [5.92021, 23.88288, 0.4], "size": [1, 0, 1], "uv": [48, 170]}
				]
			},
			{
				"name": "bone49",
				"parent": "bone47",
				"pivot": [6.00127, 23.48809, 0.4],
				"rotation": [0, 0, -26.32046],
				"cubes": [
					{"origin": [5.00127, 23.48809, 0.4], "size": [1, 0, 1], "uv": [44, 170]}
				]
			},
			{
				"name": "bone50",
				"parent": "bone47",
				"pivot": [5.10479, 23.04462, 0.4],
				"rotation": [0, 0, -24.69237],
				"cubes": [
					{"origin": [4.10479, 23.04462, 0.4], "size": [1, 0, 1], "uv": [40, 170]}
				]
			},
			{
				"name": "bone51",
				"parent": "bone47",
				"pivot": [4.19658, 22.62704, 0.4],
				"rotation": [0, 0, -18.14732],
				"cubes": [
					{"origin": [3.19658, 22.62704, 0.4], "size": [1, 0, 1], "uv": [36, 170]}
				]
			},
			{
				"name": "bone59",
				"parent": "bone47",
				"pivot": [3.24639, 22.3156, 0.4],
				"rotation": [0, 0, -6.63547],
				"cubes": [
					{"origin": [2.24639, 22.3156, 0.4], "size": [1, 0, 1], "uv": [32, 170]}
				]
			},
			{
				"name": "bone60",
				"parent": "bone47",
				"pivot": [2.25322, 22.20006, 0.4],
				"rotation": [0, 0, 7.22486],
				"cubes": [
					{"origin": [1.25322, 22.20006, 0.4], "size": [1, 0, 1], "uv": [28, 170]}
				]
			},
			{
				"name": "bone61",
				"parent": "bone47",
				"pivot": [1.26104, 22.32584, 0.4],
				"rotation": [0, 0, 18.5472],
				"cubes": [
					{"origin": [0.26104, 22.32584, 0.4], "size": [1, 0, 1], "uv": [24, 170]}
				]
			},
			{
				"name": "bone46",
				"parent": "hair2",
				"pivot": [4.6, 23.2, -2.7],
				"rotation": [-21.81274, -5.25919, -82.97099]
			},
			{
				"name": "bone52",
				"parent": "bone46",
				"pivot": [6.52021, 23.88288, -2.7],
				"rotation": [0, 0, -23.24925],
				"cubes": [
					{"origin": [5.52021, 23.88288, -2.7], "size": [1, 0, 1], "uv": [76, 170]}
				]
			},
			{
				"name": "bone53",
				"parent": "bone46",
				"pivot": [5.60127, 23.48809, -2.7],
				"rotation": [0, 0, -26.32046],
				"cubes": [
					{"origin": [4.60127, 23.48809, -2.7], "size": [1, 0, 1], "uv": [72, 170]}
				]
			},
			{
				"name": "bone54",
				"parent": "bone46",
				"pivot": [4.70479, 23.04462, -2.7],
				"rotation": [0, 0, -24.69237],
				"cubes": [
					{"origin": [3.70479, 23.04462, -2.7], "size": [1, 0, 1], "uv": [68, 170]}
				]
			},
			{
				"name": "bone55",
				"parent": "bone46",
				"pivot": [3.79658, 22.62704, -2.7],
				"rotation": [0, 0, -18.14732],
				"cubes": [
					{"origin": [2.79658, 22.62704, -2.7], "size": [1, 0, 1], "uv": [64, 170]}
				]
			},
			{
				"name": "bone56",
				"parent": "bone46",
				"pivot": [2.84639, 22.3156, -2.7],
				"rotation": [0, 0, -6.63547],
				"cubes": [
					{"origin": [1.84639, 22.3156, -2.7], "size": [1, 0, 1], "uv": [60, 170]}
				]
			},
			{
				"name": "bone57",
				"parent": "bone46",
				"pivot": [1.85322, 22.20006, -2.7],
				"rotation": [0, 0, 7.22486],
				"cubes": [
					{"origin": [0.85322, 22.20006, -2.7], "size": [1, 0, 1], "uv": [56, 170]}
				]
			},
			{
				"name": "bone58",
				"parent": "bone46",
				"pivot": [0.86104, 22.32584, -2.7],
				"rotation": [0, 0, 18.5472],
				"cubes": [
					{"origin": [-0.13896, 22.32584, -2.7], "size": [1, 0, 1], "uv": [52, 170]}
				]
			},
			{
				"name": "hair3",
				"parent": "hair",
				"pivot": [0, 0, 0]
			},
			{
				"name": "bone68",
				"parent": "hair3",
				"pivot": [-4.8, 21.8, 3.1],
				"rotation": [18.88193, -2.88978, 81.89942]
			},
			{
				"name": "bone69",
				"parent": "bone68",
				"pivot": [-6.72021, 22.48288, 3.1],
				"rotation": [0, 0, 23.24925],
				"cubes": [
					{"origin": [-6.72021, 22.48288, 3.1], "size": [1, 0, 1], "uv": [0, 170]}
				]
			},
			{
				"name": "bone70",
				"parent": "bone68",
				"pivot": [-5.80127, 22.08809, 3.1],
				"rotation": [0, 0, 26.32046],
				"cubes": [
					{"origin": [-5.80127, 22.08809, 3.1], "size": [1, 0, 1], "uv": [40, 167]}
				]
			},
			{
				"name": "bone71",
				"parent": "bone68",
				"pivot": [-4.90479, 21.64462, 3.1],
				"rotation": [0, 0, 24.69237],
				"cubes": [
					{"origin": [-4.90479, 21.64462, 3.1], "size": [1, 0, 1], "uv": [40, 166]}
				]
			},
			{
				"name": "bone72",
				"parent": "bone68",
				"pivot": [-3.99658, 21.22704, 3.1],
				"rotation": [0, 0, 18.14732],
				"cubes": [
					{"origin": [-3.99658, 21.22704, 3.1], "size": [1, 0, 1], "uv": [36, 169]}
				]
			},
			{
				"name": "bone73",
				"parent": "bone68",
				"pivot": [-3.04639, 20.9156, 3.1],
				"rotation": [0, 0, 6.63547],
				"cubes": [
					{"origin": [-3.04639, 20.9156, 3.1], "size": [1, 0, 1], "uv": [36, 168]}
				]
			},
			{
				"name": "bone74",
				"parent": "hair3",
				"pivot": [-5, 23.2, 0.4],
				"rotation": [14.02051, -4.09608, 86.1958]
			},
			{
				"name": "bone75",
				"parent": "bone74",
				"pivot": [-6.92021, 23.88288, 0.4],
				"rotation": [0, 0, 23.24925],
				"cubes": [
					{"origin": [-6.92021, 23.88288, 0.4], "size": [1, 0, 1], "uv": [36, 167]}
				]
			},
			{
				"name": "bone76",
				"parent": "bone74",
				"pivot": [-6.00127, 23.48809, 0.4],
				"rotation": [0, 0, 26.32046],
				"cubes": [
					{"origin": [-6.00127, 23.48809, 0.4], "size": [1, 0, 1], "uv": [36, 166]}
				]
			},
			{
				"name": "bone77",
				"parent": "bone74",
				"pivot": [-5.10479, 23.04462, 0.4],
				"rotation": [0, 0, 24.69237],
				"cubes": [
					{"origin": [-5.10479, 23.04462, 0.4], "size": [1, 0, 1], "uv": [32, 169]}
				]
			},
			{
				"name": "bone78",
				"parent": "bone74",
				"pivot": [-4.19658, 22.62704, 0.4],
				"rotation": [0, 0, 18.14732],
				"cubes": [
					{"origin": [-4.19658, 22.62704, 0.4], "size": [1, 0, 1], "uv": [32, 168]}
				]
			},
			{
				"name": "bone79",
				"parent": "bone74",
				"pivot": [-3.24639, 22.3156, 0.4],
				"rotation": [0, 0, 6.63547],
				"cubes": [
					{"origin": [-3.24639, 22.3156, 0.4], "size": [1, 0, 1], "uv": [32, 167]}
				]
			},
			{
				"name": "bone80",
				"parent": "bone74",
				"pivot": [-2.25322, 22.20006, 0.4],
				"rotation": [0, 0, -7.22486],
				"cubes": [
					{"origin": [-2.25322, 22.20006, 0.4], "size": [1, 0, 1], "uv": [32, 166]}
				]
			},
			{
				"name": "bone81",
				"parent": "bone74",
				"pivot": [-1.26104, 22.32584, 0.4],
				"rotation": [0, 0, -18.5472],
				"cubes": [
					{"origin": [-1.26104, 22.32584, 0.4], "size": [1, 0, 1], "uv": [28, 169]}
				]
			},
			{
				"name": "bone82",
				"parent": "hair3",
				"pivot": [-4.6, 23.2, -2.7],
				"rotation": [-21.81274, 5.25919, 82.97099]
			},
			{
				"name": "bone83",
				"parent": "bone82",
				"pivot": [-6.52021, 23.88288, -2.7],
				"rotation": [0, 0, 23.24925],
				"cubes": [
					{"origin": [-6.52021, 23.88288, -2.7], "size": [1, 0, 1], "uv": [28, 168]}
				]
			},
			{
				"name": "bone84",
				"parent": "bone82",
				"pivot": [-5.60127, 23.48809, -2.7],
				"rotation": [0, 0, 26.32046],
				"cubes": [
					{"origin": [-5.60127, 23.48809, -2.7], "size": [1, 0, 1], "uv": [28, 167]}
				]
			},
			{
				"name": "bone85",
				"parent": "bone82",
				"pivot": [-4.70479, 23.04462, -2.7],
				"rotation": [0, 0, 24.69237],
				"cubes": [
					{"origin": [-4.70479, 23.04462, -2.7], "size": [1, 0, 1], "uv": [28, 166]}
				]
			},
			{
				"name": "bone86",
				"parent": "bone82",
				"pivot": [-3.79658, 22.62704, -2.7],
				"rotation": [0, 0, 18.14732],
				"cubes": [
					{"origin": [-3.79658, 22.62704, -2.7], "size": [1, 0, 1], "uv": [24, 169]}
				]
			},
			{
				"name": "bone87",
				"parent": "bone82",
				"pivot": [-2.84639, 22.3156, -2.7],
				"rotation": [0, 0, 6.63547],
				"cubes": [
					{"origin": [-2.84639, 22.3156, -2.7], "size": [1, 0, 1], "uv": [24, 168]}
				]
			},
			{
				"name": "bone88",
				"parent": "bone82",
				"pivot": [-1.85322, 22.20006, -2.7],
				"rotation": [0, 0, -7.22486],
				"cubes": [
					{"origin": [-1.85322, 22.20006, -2.7], "size": [1, 0, 1], "uv": [24, 167]}
				]
			},
			{
				"name": "bone89",
				"parent": "bone82",
				"pivot": [-0.86104, 22.32584, -2.7],
				"rotation": [0, 0, -18.5472],
				"cubes": [
					{"origin": [-0.86104, 22.32584, -2.7], "size": [1, 0, 1], "uv": [24, 166]}
				]
			},
			{
				"name": "hairqian",
				"parent": "hair",
				"pivot": [0, 0, 0]
			},
			{
				"name": "bone44",
				"parent": "hairqian",
				"pivot": [4.6, 18.3, -4.7],
				"cubes": [
					{"origin": [3.6, 17.4, -4.7], "size": [1, 4, 1], "uv": [76, 161]}
				]
			},
			{
				"name": "bone90",
				"parent": "hairqian",
				"pivot": [3.9, 17.1, -4],
				"rotation": [0, 0, 20],
				"cubes": [
					{"origin": [3.4, 16.6, -4.7], "size": [1, 1, 1], "uv": [4, 168]}
				]
			},
			{
				"name": "bone91",
				"parent": "hairqian",
				"pivot": [4.1, 21.6, -4.1],
				"rotation": [-17, 0, -6],
				"cubes": [
					{"origin": [3.6, 21.1, -4.6], "size": [1, 1, 1], "uv": [4, 166]}
				]
			},
			{
				"name": "hairqian2",
				"parent": "hair",
				"pivot": [0, 0, 0]
			},
			{
				"name": "bone92",
				"parent": "hairqian2",
				"pivot": [-4.6, 18.3, -4.7],
				"cubes": [
					{"origin": [-4.6, 17.4, -4.7], "size": [1, 4, 1], "uv": [72, 161]}
				]
			},
			{
				"name": "bone93",
				"parent": "hairqian2",
				"pivot": [-3.9, 17.1, -4],
				"rotation": [0, 0, -20],
				"cubes": [
					{"origin": [-4.4, 16.6, -4.7], "size": [1, 1, 1], "uv": [0, 168]}
				]
			},
			{
				"name": "bone94",
				"parent": "hairqian2",
				"pivot": [-4.1, 21.6, -4.1],
				"rotation": [-17, 0, 6],
				"cubes": [
					{"origin": [-4.6, 21.1, -4.6], "size": [1, 1, 1], "uv": [0, 166]}
				]
			},
			{
				"name": "maozi",
				"parent": "head",
				"pivot": [0, 0.2, 0]
			},
			{
				"name": "bone42",
				"parent": "maozi",
				"pivot": [0, 26.1, 1.8],
				"rotation": [-21, 0, 0],
				"cubes": [
					{"origin": [-4.75, 24.6, -2.7], "size": [9.5, 3, 8], "uv": [32, 18]}
				]
			},
			{
				"name": "bone43",
				"parent": "maozi",
				"pivot": [0, 26.3, -1.9],
				"rotation": [-21, 0, 0],
				"cubes": [
					{"origin": [-4.5, 26.8, -2.75], "size": [9, 2, 7.5], "uv": [84, 63]}
				]
			},
			{
				"name": "hdj2",
				"parent": "head",
				"pivot": [4.4, 25.2, -4.3],
				"rotation": [-31.28122, -12.60231, 47.25877]
			},
			{
				"name": "bone95",
				"parent": "hdj2",
				"pivot": [5.1, 25.4, -4.6],
				"rotation": [0, 0, 52.5],
				"cubes": [
					{"origin": [2.6, 21.8, -7.7], "size": [6, 6, 6.5], "uv": [48, 103], "inflate": -3.5}
				]
			},
			{
				"name": "bone96",
				"parent": "hdj2",
				"pivot": [3.5, 25.4, -4.6],
				"rotation": [0, 0, -52.5],
				"cubes": [
					{"origin": [0, 21.8, -7.7], "size": [6, 6, 6.5], "uv": [24, 103], "inflate": -3.5}
				]
			},
			{
				"name": "bone97",
				"parent": "hdj2",
				"pivot": [3.8, 25.7, -4.35],
				"rotation": [0, 0, -72],
				"cubes": [
					{"origin": [-0.05715, 22.44549, -8.3], "size": [7.1, 6.5, 7.5], "uv": [0, 63], "inflate": -4}
				]
			},
			{
				"name": "bone98",
				"parent": "hdj2",
				"pivot": [4.8, 25.7, -4.35],
				"rotation": [0, 0, 72],
				"cubes": [
					{"origin": [1.55715, 22.44549, -8.3], "size": [7.1, 6.5, 7.5], "uv": [84, 49], "inflate": -4}
				]
			},
			{
				"name": "bone99",
				"parent": "hdj2",
				"pivot": [14.7, 21.2, -7.5],
				"cubes": [
					{"origin": [1.3, 22.2, -7.5], "size": [6, 6, 6], "uv": [0, 103], "inflate": -2.6}
				]
			},
			{
				"name": "armRight",
				"pivot": [-3, 17.5, 0],
				"rotation": [0, 0, 25],
				"cubes": [
					{"origin": [-5, 8.5, -1], "size": [2, 8, 2], "uv": [32, 150]},
					{"origin": [-5.5, 9.5, -1.5], "size": [3, 8, 3], "uv": [12, 150], "mirror": true}
				]
			},
			{
				"name": "bone120",
				"parent": "armRight",
				"pivot": [-5.5395, 13.42283, -0.9],
				"rotation": [-8.03723, 41.5287, -7.4419]
			},
			{
				"name": "hdj6",
				"parent": "bone120",
				"pivot": [-4.1115, 8.29883, -1.032],
				"rotation": [-14.19344, 17.456, 3.74003]
			},
			{
				"name": "bone121",
				"parent": "hdj6",
				"pivot": [-6.0355, 13.18683, -2.852],
				"rotation": [0, 0, -52.5],
				"cubes": [
					{"origin": [-9.5355, 9.63483, -6.144], "size": [6.48, 6.48, 6.74], "uv": [72, 76], "inflate": -3.5}
				]
			},
			{
				"name": "bone123",
				"parent": "hdj6",
				"pivot": [-5.2035, 13.18683, -2.852],
				"rotation": [0, 0, 52.5],
				"cubes": [
					{"origin": [-8.1835, 9.63483, -6.144], "size": [6.48, 6.48, 6.74], "uv": [48, 76], "inflate": -3.5}
				]
			},
			{
				"name": "bone124",
				"parent": "hdj6",
				"pivot": [-5.3595, 13.34283, -2.722],
				"rotation": [0, 0, 72],
				"cubes": [
					{"origin": [-8.96579, 9.73049, -6.696], "size": [7.532, 7.22, 7.74], "uv": [0, 35], "inflate": -4}
				]
			},
			{
				"name": "bone125",
				"parent": "hdj6",
				"pivot": [-5.8795, 13.34283, -2.722],
				"rotation": [0, 0, -72],
				"cubes": [
					{"origin": [-9.80522, 9.73049, -6.696], "size": [7.532, 7.22, 7.74], "uv": [92, 18], "inflate": -4}
				]
			},
			{
				"name": "bone126",
				"parent": "hdj6",
				"pivot": [-11.0275, 11.00283, -4.36],
				"cubes": [
					{"origin": [-8.4275, 10.27483, -5.608], "size": [5.616, 5.616, 5.616], "uv": [64, 127], "inflate": -2.6}
				]
			},
			{
				"name": "armLeft",
				"pivot": [3, 17.5, 0],
				"rotation": [0, 0, -25],
				"cubes": [
					{"origin": [2.5, 9.5, -1.5], "size": [3, 8, 3], "uv": [0, 150]},
					{"origin": [3, 8.5, -1], "size": [2, 8, 2], "uv": [24, 150]}
				]
			},
			{
				"name": "bone113",
				"parent": "armLeft",
				"pivot": [5.60009, 12.8429, -1.1],
				"rotation": [-8.03723, -41.5287, 7.4419]
			},
			{
				"name": "hdj5",
				"parent": "bone113",
				"pivot": [4.17209, 7.7189, -1.232],
				"rotation": [-14.19344, -17.456, -3.74003]
			},
			{
				"name": "bone114",
				"parent": "hdj5",
				"pivot": [6.09609, 12.6069, -3.052],
				"rotation": [0, 0, 52.5],
				"cubes": [
					{"origin": [3.11609, 9.0549, -6.344], "size": [6.48, 6.48, 6.74], "uv": [0, 91], "inflate": -3.5}
				]
			},
			{
				"name": "bone116",
				"parent": "hdj5",
				"pivot": [5.26409, 12.6069, -3.052],
				"rotation": [0, 0, -52.5],
				"cubes": [
					{"origin": [1.76409, 9.0549, -6.344], "size": [6.48, 6.48, 6.74], "uv": [96, 76], "inflate": -3.5}
				]
			},
			{
				"name": "bone117",
				"parent": "hdj5",
				"pivot": [5.42009, 12.7629, -2.922],
				"rotation": [0, 0, -72],
				"cubes": [
					{"origin": [1.49437, 9.15055, -6.896], "size": [7.532, 7.22, 7.74], "uv": [56, 35], "inflate": -4}
				]
			},
			{
				"name": "bone118",
				"parent": "hdj5",
				"pivot": [5.94009, 12.7629, -2.922],
				"rotation": [0, 0, 72],
				"cubes": [
					{"origin": [2.3338, 9.15055, -6.896], "size": [7.532, 7.22, 7.74], "uv": [28, 35], "inflate": -4}
				]
			},
			{
				"name": "bone119",
				"parent": "hdj5",
				"pivot": [11.08809, 10.4229, -4.56],
				"cubes": [
					{"origin": [2.87209, 9.6949, -5.808], "size": [5.616, 5.616, 5.616], "uv": [84, 127], "inflate": -2.6}
				]
			},
			{
				"name": "body",
				"pivot": [0, 10.5, 0],
				"cubes": [
					{"origin": [-3, 8.999, -3], "size": [6, 9, 6], "uv": [0, 76]}
				]
			},
			{
				"name": "sittingRotationSkirt",
				"parent": "body",
				"pivot": [0, 10.5, 0]
			},
			{
				"name": "qun",
				"parent": "sittingRotationSkirt",
				"pivot": [0, 7, 0]
			},
			{
				"name": "qunwai",
				"parent": "qun",
				"pivot": [0, 7, 0]
			},
			{
				"name": "bone2",
				"parent": "qunwai",
				"pivot": [0, 4.34, 0]
			},
			{
				"name": "bone3",
				"parent": "bone2",
				"pivot": [0, 4.34, 4.86111],
				"rotation": [15, 0, 0],
				"cubes": [
					{"origin": [-1.9344, 5.94019, 5.05556], "size": [3.8688, 5.9328, 0], "uv": [66, 161]}
				]
			},
			{
				"name": "bone4",
				"parent": "bone3",
				"pivot": [-1.86, 3.56326, 4.86111],
				"rotation": [0, 0, 14.51082],
				"cubes": [
					{"origin": [-5.1584, 5.94019, 5.05491], "size": [3.224, 5.9328, 0], "uv": [60, 161]}
				]
			},
			{
				"name": "bone5",
				"parent": "bone3",
				"pivot": [1.86, 3.56326, 4.86111],
				"rotation": [0, 0, -14.51082],
				"cubes": [
					{"origin": [1.9344, 5.94019, 5.0562], "size": [3.224, 5.9328, 0], "uv": [54, 161]}
				]
			},
			{
				"name": "bone6",
				"parent": "qunwai",
				"pivot": [0, 4.34, 0],
				"rotation": [0, -90, 0]
			},
			{
				"name": "bone7",
				"parent": "bone6",
				"pivot": [0, 4.34, 4.86111],
				"rotation": [15, 0, 0],
				"cubes": [
					{"origin": [-1.9344, 5.94019, 5.05556], "size": [3.8688, 5.9328, 0], "uv": [48, 161]}
				]
			},
			{
				"name": "bone8",
				"parent": "bone7",
				"pivot": [-1.86, 3.56326, 4.86111],
				"rotation": [0, 0, 14.51082],
				"cubes": [
					{"origin": [-5.1584, 5.94019, 5.05491], "size": [3.224, 5.9328, 0], "uv": [42, 161]}
				]
			},
			{
				"name": "bone9",
				"parent": "bone7",
				"pivot": [1.86, 3.56326, 4.86111],
				"rotation": [0, 0, -14.51082],
				"cubes": [
					{"origin": [1.9344, 5.94019, 5.0562], "size": [3.224, 5.9328, 0], "uv": [36, 161]}
				]
			},
			{
				"name": "bone10",
				"parent": "qunwai",
				"pivot": [0, 4.34, 0],
				"rotation": [0, -180, 0]
			},
			{
				"name": "bone11",
				"parent": "bone10",
				"pivot": [0, 4.34, 4.86111],
				"rotation": [15, 0, 0],
				"cubes": [
					{"origin": [-1.9344, 5.94019, 5.05556], "size": [3.8688, 5.9328, 0], "uv": [30, 161]}
				]
			},
			{
				"name": "bone12",
				"parent": "bone11",
				"pivot": [-1.86, 3.56326, 4.86111],
				"rotation": [0, 0, 14.51082],
				"cubes": [
					{"origin": [-5.1584, 5.94019, 5.05491], "size": [3.224, 5.9328, 0], "uv": [24, 161]}
				]
			},
			{
				"name": "bone13",
				"parent": "bone11",
				"pivot": [1.86, 3.56326, 4.86111],
				"rotation": [0, 0, -14.51082],
				"cubes": [
					{"origin": [1.9344, 5.94019, 5.0562], "size": [3.224, 5.9328, 0], "uv": [18, 161]}
				]
			},
			{
				"name": "bone14",
				"parent": "qunwai",
				"pivot": [0, 4.34, 0],
				"rotation": [0, -270, 0]
			},
			{
				"name": "bone15",
				"parent": "bone14",
				"pivot": [0, 4.34, 4.86111],
				"rotation": [15, 0, 0],
				"cubes": [
					{"origin": [-1.9344, 5.94019, 5.05556], "size": [3.8688, 5.9328, 0], "uv": [12, 161]}
				]
			},
			{
				"name": "bone16",
				"parent": "bone15",
				"pivot": [-1.86, 3.56326, 4.86111],
				"rotation": [0, 0, 14.51082],
				"cubes": [
					{"origin": [-5.1584, 5.94019, 5.05491], "size": [3.224, 5.9328, 0], "uv": [6, 161]}
				]
			},
			{
				"name": "bone17",
				"parent": "bone15",
				"pivot": [1.86, 3.56326, 4.86111],
				"rotation": [0, 0, -14.51082],
				"cubes": [
					{"origin": [1.9344, 5.94019, 5.0562], "size": [3.224, 5.9328, 0], "uv": [0, 161]}
				]
			},
			{
				"name": "qunnei",
				"parent": "qun",
				"pivot": [0, 5.9, 0]
			},
			{
				"name": "bone19",
				"parent": "qunnei",
				"pivot": [0, 6.136, 0]
			},
			{
				"name": "bone20",
				"parent": "bone19",
				"pivot": [0, 6.136, 4.41494],
				"rotation": [15, 0, 0],
				"cubes": [
					{"origin": [-2.6832, 5.05179, 4.41494], "size": [5.3664, 4.4144, 0], "uv": [62, 154]}
				]
			},
			{
				"name": "bone21",
				"parent": "bone20",
				"pivot": [-2.6832, 5.68779, 4.41494],
				"rotation": [0, 0, 14.51082],
				"cubes": [
					{"origin": [-4.472, 5.05179, 4.41404], "size": [1.7888, 4.4144, 0], "uv": [22, 166]}
				]
			},
			{
				"name": "bone22",
				"parent": "bone20",
				"pivot": [2.6832, 5.68779, 4.41494],
				"rotation": [0, 0, -14.51082],
				"cubes": [
					{"origin": [2.6832, 5.05179, 4.41583], "size": [1.7888, 4.4144, 0], "uv": [20, 166]}
				]
			},
			{
				"name": "bone23",
				"parent": "qunnei",
				"pivot": [0, 6.136, 0],
				"rotation": [0, -90, 0]
			},
			{
				"name": "bone24",
				"parent": "bone23",
				"pivot": [0, 6.136, 4.41494],
				"rotation": [15, 0, 0],
				"cubes": [
					{"origin": [-2.6832, 5.05179, 4.41494], "size": [5.3664, 4.4144, 0], "uv": [62, 150]}
				]
			},
			{
				"name": "bone25",
				"parent": "bone24",
				"pivot": [-2.6832, 5.68779, 4.41494],
				"rotation": [0, 0, 14.51082],
				"cubes": [
					{"origin": [-4.472, 5.05179, 4.41404], "size": [1.7888, 4.4144, 0], "uv": [18, 166]}
				]
			},
			{
				"name": "bone26",
				"parent": "bone24",
				"pivot": [2.6832, 5.68779, 4.41494],
				"rotation": [0, 0, -14.51082],
				"cubes": [
					{"origin": [2.6832, 5.05179, 4.41583], "size": [1.7888, 4.4144, 0], "uv": [16, 166]}
				]
			},
			{
				"name": "bone27",
				"parent": "qunnei",
				"pivot": [0, 6.136, 0],
				"rotation": [0, -180, 0]
			},
			{
				"name": "bone28",
				"parent": "bone27",
				"pivot": [0, 6.136, 4.41494],
				"rotation": [15, 0, 0],
				"cubes": [
					{"origin": [-2.6832, 5.05179, 4.41494], "size": [5.3664, 4.4144, 0], "uv": [48, 155]}
				]
			},
			{
				"name": "bone29",
				"parent": "bone28",
				"pivot": [-2.6832, 5.68779, 4.41494],
				"rotation": [0, 0, 14.51082],
				"cubes": [
					{"origin": [-4.472, 5.05179, 4.41404], "size": [1.7888, 4.4144, 0], "uv": [14, 166]}
				]
			},
			{
				"name": "bone30",
				"parent": "bone28",
				"pivot": [2.6832, 5.68779, 4.41494],
				"rotation": [0, 0, -14.51082],
				"cubes": [
					{"origin": [2.6832, 5.05179, 4.41583], "size": [1.7888, 4.4144, 0], "uv": [12, 166]}
				]
			},
			{
				"name": "bone31",
				"parent": "qunnei",
				"pivot": [0, 6.136, 0],
				"rotation": [0, -270, 0]
			},
			{
				"name": "bone32",
				"parent": "bone31",
				"pivot": [0, 6.136, 4.41494],
				"rotation": [15, 0, 0],
				"cubes": [
					{"origin": [-2.6832, 5.05179, 4.41494], "size": [5.3664, 4.4144, 0], "uv": [48, 151]}
				]
			},
			{
				"name": "bone33",
				"parent": "bone32",
				"pivot": [-2.6832, 5.68779, 4.41494],
				"rotation": [0, 0, 14.51082],
				"cubes": [
					{"origin": [-4.472, 5.05179, 4.41404], "size": [1.7888, 4.4144, 0], "uv": [10, 166]}
				]
			},
			{
				"name": "bone34",
				"parent": "bone32",
				"pivot": [2.6832, 5.68779, 4.41494],
				"rotation": [0, 0, -14.51082],
				"cubes": [
					{"origin": [2.6832, 5.05179, 4.41583], "size": [1.7888, 4.4144, 0], "uv": [8, 166]}
				]
			},
			{
				"name": "yifu",
				"parent": "body",
				"pivot": [0, 0, 0]
			},
			{
				"name": "bone38",
				"parent": "yifu",
				"pivot": [-3, 10.6, -0.6],
				"rotation": [0, 0, -36],
				"cubes": [
					{"origin": [-3.1, 10.6, -3.5], "size": [4.5, 1, 7], "uv": [42, 138]}
				]
			},
			{
				"name": "bone39",
				"parent": "yifu",
				"pivot": [3, 10.6, -0.6],
				"rotation": [0, 0, 35],
				"cubes": [
					{"origin": [-0.8, 10.6, -3.5], "size": [4, 1, 7], "uv": [20, 138]}
				]
			},
			{
				"name": "bone40",
				"parent": "yifu",
				"pivot": [-3.10359, 16.80759, -3.6],
				"rotation": [0, 0, 50],
				"cubes": [
					{"origin": [-4.2, 16.8, -3.6], "size": [5, 1, 7], "uv": [0, 127]}
				]
			},
			{
				"name": "bone41",
				"parent": "yifu",
				"pivot": [3.10359, 16.80759, -3.6],
				"rotation": [0, 0, -50],
				"cubes": [
					{"origin": [-1.6, 16.8, -3.6], "size": [5.8, 1, 7], "uv": [96, 115]}
				]
			},
			{
				"name": "bodyshipin",
				"parent": "body",
				"pivot": [0, 0, 0]
			},
			{
				"name": "bone122",
				"parent": "bodyshipin",
				"pivot": [-1.1, 8.8, -0.3],
				"rotation": [-8, 90, -4],
				"cubes": [
					{"origin": [-2, 8.49655, -0.35116], "size": [8, 12.9, 5.4], "uv": [66, 18], "inflate": -4}
				]
			},
			{
				"name": "bone115",
				"parent": "bodyshipin",
				"pivot": [0.2, 10.9, -3.4],
				"rotation": [0, 0, -3],
				"cubes": [
					{"origin": [-5.49362, 7.10606, -7.4], "size": [10, 10, 8], "uv": [36, 0], "inflate": -4}
				]
			},
			{
				"name": "bone100",
				"parent": "bodyshipin",
				"pivot": [1.4, 10.8, -3.4],
				"rotation": [0, 0, 3],
				"cubes": [
					{"origin": [-4.05704, 7.2688, -7.4], "size": [10, 10, 8], "uv": [0, 0], "inflate": -4}
				]
			},
			{
				"name": "xiong",
				"parent": "bodyshipin",
				"pivot": [0, 15, -2.9],
				"rotation": [-21, 0, 0],
				"cubes": [
					{"origin": [-1.2, 14.5, -3.4], "size": [2.4, 1, 1], "uv": [80, 161]}
				]
			},
			{
				"name": "bodyout",
				"parent": "body",
				"pivot": [0, 0, 0],
				"cubes": [
					{"origin": [-3.25, 10.1, -3.25], "size": [6.5, 8, 6.5], "uv": [24, 76]}
				]
			},
			{
				"name": "hudiejie",
				"parent": "body",
				"pivot": [-0.5, 0.4, 0]
			},
			{
				"name": "hudiejie2",
				"parent": "hudiejie",
				"pivot": [-2.4, 10.2, 0.6]
			},
			{
				"name": "bone130",
				"parent": "hudiejie2",
				"pivot": [0.7, 9.6, 0],
				"rotation": [0, 0, 9],
				"cubes": [
					{"origin": [-3.976, 13.78939, -6], "size": [7.5, 7, 5], "uv": [72, 115], "inflate": -3}
				]
			},
			{
				"name": "bone129",
				"parent": "hudiejie2",
				"pivot": [-0.7, 9.6, 0],
				"rotation": [0, 0, -9],
				"cubes": [
					{"origin": [-3.524, 13.78939, -6], "size": [7.5, 7, 5], "uv": [24, 115], "inflate": -3}
				]
			},
			{
				"name": "bone133",
				"parent": "hudiejie2",
				"pivot": [0.79251, 16.38973, -3.45],
				"rotation": [0, 0, -28],
				"cubes": [
					{"origin": [-2.03788, 13.19921, -6.3], "size": [5.5, 6.5, 5.5], "uv": [44, 127], "inflate": -2.4}
				]
			},
			{
				"name": "bone132",
				"parent": "hudiejie2",
				"pivot": [-0.75559, 16.40593, -3.55],
				"rotation": [0, 0, 28],
				"cubes": [
					{"origin": [-3.50559, 13.15593, -6.3], "size": [5.5, 6.5, 5.5], "uv": [24, 127], "inflate": -2.4}
				]
			},
			{
				"name": "bone131",
				"parent": "hudiejie2",
				"pivot": [-2.4, 9.6, 0.1],
				"cubes": [
					{"origin": [-3.6, 13.8, -6.1], "size": [7, 7, 5.4], "uv": [48, 115], "inflate": -3.1}
				]
			},
			{
				"name": "hdj",
				"parent": "body",
				"pivot": [-0.4, -1.2, -4.1],
				"rotation": [-14.19344, -17.456, -3.74003]
			},
			{
				"name": "bone37",
				"parent": "hdj",
				"pivot": [3.3, 8.2, -7.6],
				"rotation": [0, 0, 52.5],
				"cubes": [
					{"origin": [0.8, 4.6, -10.7], "size": [6, 6, 6.5], "uv": [72, 103], "inflate": -3.5}
				]
			},
			{
				"name": "bone36",
				"parent": "hdj",
				"pivot": [1.7, 8.2, -7.6],
				"rotation": [0, 0, -52.5],
				"cubes": [
					{"origin": [-1.8, 4.6, -10.7], "size": [6, 6, 6.5], "uv": [96, 103], "inflate": -3.5}
				]
			},
			{
				"name": "bone35",
				"parent": "hdj",
				"pivot": [2, 8.5, -7.35],
				"rotation": [0, 0, -72],
				"cubes": [
					{"origin": [-1.85715, 5.24549, -11.3], "size": [7.1, 6.5, 7.5], "uv": [28, 63], "inflate": -4}
				]
			},
			{
				"name": "bone18",
				"parent": "hdj",
				"pivot": [3, 8.5, -7.35],
				"rotation": [0, 0, 72],
				"cubes": [
					{"origin": [-0.24285, 5.24549, -11.3], "size": [7.1, 6.5, 7.5], "uv": [56, 63], "inflate": -4}
				]
			},
			{
				"name": "bone",
				"parent": "hdj",
				"pivot": [12.9, 4, -10.5],
				"cubes": [
					{"origin": [-0.5, 5, -10.5], "size": [6, 6, 6], "uv": [0, 115], "inflate": -2.6}
				]
			},
			{
				"name": "bone106",
				"parent": "body",
				"pivot": [-1.7, 14.3, -3.3],
				"rotation": [11, 18, -5]
			},
			{
				"name": "hdj3",
				"parent": "bone106",
				"pivot": [-3.128, 9.176, -3.432],
				"rotation": [-14.19344, -17.456, -3.74003]
			},
			{
				"name": "bone101",
				"parent": "hdj3",
				"pivot": [-1.204, 14.064, -5.252],
				"rotation": [0, 0, 52.5],
				"cubes": [
					{"origin": [-4.184, 10.512, -8.544], "size": [6.48, 6.48, 6.74], "uv": [96, 91], "inflate": -3.5}
				]
			},
			{
				"name": "bone102",
				"parent": "hdj3",
				"pivot": [-2.036, 14.064, -5.252],
				"rotation": [0, 0, -52.5],
				"cubes": [
					{"origin": [-5.536, 10.512, -8.544], "size": [6.48, 6.48, 6.74], "uv": [72, 91], "inflate": -3.5}
				]
			},
			{
				"name": "bone103",
				"parent": "hdj3",
				"pivot": [-1.88, 14.22, -5.122],
				"rotation": [0, 0, -72],
				"cubes": [
					{"origin": [-5.80572, 10.60765, -9.096], "size": [7.532, 7.22, 7.74], "uv": [56, 49], "inflate": -4}
				]
			},
			{
				"name": "bone104",
				"parent": "hdj3",
				"pivot": [-1.36, 14.22, -5.122],
				"rotation": [0, 0, 72],
				"cubes": [
					{"origin": [-4.96628, 10.60765, -9.096], "size": [7.532, 7.22, 7.74], "uv": [28, 49], "inflate": -4}
				]
			},
			{
				"name": "bone105",
				"parent": "hdj3",
				"pivot": [3.788, 11.88, -6.76],
				"cubes": [
					{"origin": [-4.428, 11.152, -8.008], "size": [5.616, 5.616, 5.616], "uv": [0, 138], "inflate": -2.6}
				]
			},
			{
				"name": "bone107",
				"parent": "body",
				"pivot": [-2.1, 12.8, -3.3],
				"rotation": [11, 18, 25]
			},
			{
				"name": "hdj4",
				"parent": "bone107",
				"pivot": [-3.528, 7.676, -3.432],
				"rotation": [-14.19344, -17.456, -3.74003]
			},
			{
				"name": "bone108",
				"parent": "hdj4",
				"pivot": [-1.604, 12.564, -5.252],
				"rotation": [0, 0, 52.5],
				"cubes": [
					{"origin": [-4.584, 9.012, -8.544], "size": [6.48, 6.48, 6.74], "uv": [48, 91], "inflate": -3.5}
				]
			},
			{
				"name": "bone109",
				"parent": "hdj4",
				"pivot": [-2.436, 12.564, -5.252],
				"rotation": [0, 0, -52.5],
				"cubes": [
					{"origin": [-5.936, 9.012, -8.544], "size": [6.48, 6.48, 6.74], "uv": [24, 91], "inflate": -3.5}
				]
			},
			{
				"name": "bone110",
				"parent": "hdj4",
				"pivot": [-2.28, 12.72, -5.122],
				"rotation": [0, 0, -72],
				"cubes": [
					{"origin": [-6.20572, 9.10765, -9.096], "size": [7.532, 7.22, 7.74], "uv": [0, 49], "inflate": -4}
				]
			},
			{
				"name": "bone111",
				"parent": "hdj4",
				"pivot": [-1.76, 12.72, -5.122],
				"rotation": [0, 0, 72],
				"cubes": [
					{"origin": [-5.36628, 9.10765, -9.096], "size": [7.532, 7.22, 7.74], "uv": [84, 35], "inflate": -4}
				]
			},
			{
				"name": "bone112",
				"parent": "hdj4",
				"pivot": [3.388, 10.38, -6.76],
				"cubes": [
					{"origin": [-4.828, 9.652, -8.008], "size": [5.616, 5.616, 5.616], "uv": [104, 127], "inflate": -2.6}
				]
			},
			{
				"name": "legLeft",
				"pivot": [2, 9, 0],
				"cubes": [
					{"origin": [0.499, 0, -1.5], "size": [3, 9, 3], "uv": [76, 138]}
				]
			},
			{
				"name": "legRight",
				"pivot": [-2, 9, 0],
				"cubes": [
					{"origin": [-3.499, 0, -1.5], "size": [3, 9, 3], "uv": [64, 138], "mirror": true}
				]
			}
		]
	}
}