{
	"format_version": "1.10.0",
	"geometry.model": {
		"texturewidth": 64,
		"textureheight": 64,
		"visible_bounds_width": 3,
		"visible_bounds_height": 3,
		"visible_bounds_offset": [0, 0.5, 0],
		"bones": [
			{
				"name": "head",
				"pivot": [0, 18.8, 0]
			},
			{
				"name": "blink",
				"parent": "head",
				"pivot": [0, 20.2, -3.501],
				"cubes": [
					{"origin": [-4, 16.2, -3.801], "size": [8, 8, 1], "uv": [46, 55], "inflate": -0.6, "mirror": true}
				]
			},
			{
				"name": "touzheng123123",
				"parent": "head",
				"pivot": [0, 16.7, 0]
			},
			{
				"name": "hair23423",
				"parent": "touzheng123123",
				"pivot": [0, 17.2, 10.5]
			},
			{
				"name": "ce3",
				"parent": "hair23423",
				"pivot": [0, 17.2, 10.5]
			},
			{
				"name": "ce",
				"parent": "ce3",
				"pivot": [-4.2, 16.4, 3],
				"rotation": [0, 0, 12.5]
			},
			{
				"name": "bone107",
				"parent": "ce",
				"pivot": [-4.2, 15.45, 2.099],
				"rotation": [0, -90, 0]
			},
			{
				"name": "bone105",
				"parent": "ce",
				"pivot": [-4.2, 15.45, 3.099],
				"rotation": [0, -90, 0],
				"cubes": [
					{"origin": [-5.699, 14.97709, 2.79406], "size": [2, 1.9, 0], "uv": [60, 5]}
				]
			},
			{
				"name": "ce2",
				"parent": "ce3",
				"pivot": [-4.1, 14.7, 2.5],
				"rotation": [0, 0, 2.5]
			},
			{
				"name": "bone127",
				"parent": "ce2",
				"pivot": [-4.2, 13.55, 2.099],
				"rotation": [0, -90, 0],
				"cubes": [
					{"origin": [-4.699, 13.03978, 2.11883], "size": [1, 1.9, 0], "uv": [62, 27]}
				]
			},
			{
				"name": "bone128",
				"parent": "ce2",
				"pivot": [-4.2, 13.55, 3.099],
				"rotation": [0, -90, 0],
				"cubes": [
					{"origin": [-4.699, 12.13978, 3.11883], "size": [1, 2.8, 0], "uv": [62, 15]}
				]
			},
			{
				"name": "ce4",
				"parent": "hair23423",
				"pivot": [0, 17.2, 10.5]
			},
			{
				"name": "ce5",
				"parent": "ce4",
				"pivot": [4.2, 16.4, 3],
				"rotation": [0, 0, -12.5]
			},
			{
				"name": "bone130",
				"parent": "ce5",
				"pivot": [4.2, 15.45, 2.099],
				"rotation": [0, 90, 0]
			},
			{
				"name": "bone131",
				"parent": "ce5",
				"pivot": [4.2, 15.45, 3.099],
				"rotation": [0, 90, 0],
				"cubes": [
					{"origin": [3.699, 14.97709, 2.79406], "size": [2, 1.9, 0], "uv": [60, 5]}
				]
			},
			{
				"name": "ce6",
				"parent": "ce4",
				"pivot": [4.1, 14.7, 2.5],
				"rotation": [0, 0, -2.5]
			},
			{
				"name": "bone132",
				"parent": "ce6",
				"pivot": [4.2, 13.55, 2.099],
				"rotation": [0, 90, 0],
				"cubes": [
					{"origin": [3.699, 13.03978, 2.11883], "size": [1, 1.9, 0], "uv": [62, 27]}
				]
			},
			{
				"name": "bone133",
				"parent": "ce6",
				"pivot": [4.2, 13.55, 3.099],
				"rotation": [0, 90, 0],
				"cubes": [
					{"origin": [3.699, 12.13978, 3.11883], "size": [1, 2.8, 0], "uv": [62, 15]}
				]
			},
			{
				"name": "houfa",
				"parent": "hair23423",
				"pivot": [0, 17.2, 10.5]
			},
			{
				"name": "zu",
				"parent": "houfa",
				"pivot": [0, 16.4, 3.8],
				"rotation": [5, 0, 0]
			},
			{
				"name": "bone96",
				"parent": "zu",
				"pivot": [-3.7, 16.45, 3.799],
				"cubes": [
					{"origin": [-3.8, 14.91591, 3.63462], "size": [7.6, 1.9, 0], "uv": [50, 0]}
				]
			},
			{
				"name": "bone97",
				"parent": "zu",
				"pivot": [-2.7, 16.45, 3.799]
			},
			{
				"name": "bone98",
				"parent": "zu",
				"pivot": [-1.7, 16.45, 3.799]
			},
			{
				"name": "bone95",
				"parent": "zu",
				"pivot": [3.7, 16.45, 3.799]
			},
			{
				"name": "bone99",
				"parent": "zu",
				"pivot": [2.7, 16.45, 3.799]
			},
			{
				"name": "bone100",
				"parent": "zu",
				"pivot": [1.7, 16.45, 3.799]
			},
			{
				"name": "zu3",
				"parent": "zu",
				"pivot": [-2.6, 17.2, 10.5]
			},
			{
				"name": "bone101",
				"parent": "zu3",
				"pivot": [0.9, 16.45, 3.799]
			},
			{
				"name": "bone102",
				"parent": "zu3",
				"pivot": [0.1, 16.45, 3.799]
			},
			{
				"name": "bone103",
				"parent": "zu3",
				"pivot": [-0.8, 16.45, 3.799]
			},
			{
				"name": "bone129",
				"parent": "houfa",
				"pivot": [0, 17.2, 10.5]
			},
			{
				"name": "zu2",
				"parent": "bone129",
				"pivot": [0, 14.2, 3.8],
				"rotation": [10, 0, 0]
			},
			{
				"name": "bone108",
				"parent": "zu2",
				"pivot": [-3.7, 14.55, 3.799],
				"cubes": [
					{"origin": [-3.8, 13.00246, 3.88793], "size": [7.6, 1.9, 0], "uv": [50, 0]}
				]
			},
			{
				"name": "bone109",
				"parent": "zu2",
				"pivot": [-2.7, 14.55, 3.799]
			},
			{
				"name": "bone110",
				"parent": "zu2",
				"pivot": [-1.7, 14.55, 3.799]
			},
			{
				"name": "bone111",
				"parent": "zu2",
				"pivot": [3.7, 14.55, 3.799]
			},
			{
				"name": "bone112",
				"parent": "zu2",
				"pivot": [2.7, 14.55, 3.799]
			},
			{
				"name": "bone113",
				"parent": "zu2",
				"pivot": [1.7, 14.55, 3.799]
			},
			{
				"name": "zu4",
				"parent": "zu2",
				"pivot": [-2.6, 15.3, 10.5]
			},
			{
				"name": "bone114",
				"parent": "zu4",
				"pivot": [0.9, 14.55, 3.799]
			},
			{
				"name": "bone115",
				"parent": "zu4",
				"pivot": [0.1, 14.55, 3.799]
			},
			{
				"name": "bone116",
				"parent": "zu4",
				"pivot": [-0.8, 14.55, 3.799]
			},
			{
				"name": "zu5",
				"parent": "bone129",
				"pivot": [0, 12.7, 3.8],
				"rotation": [2.5, 0, 0]
			},
			{
				"name": "bone118",
				"parent": "zu5",
				"pivot": [-2.7, 12.65, 3.799]
			},
			{
				"name": "bone119",
				"parent": "zu5",
				"pivot": [-1.7, 12.65, 3.799]
			},
			{
				"name": "bone121",
				"parent": "zu5",
				"pivot": [2.7, 12.65, 3.799]
			},
			{
				"name": "bone122",
				"parent": "zu5",
				"pivot": [1.7, 12.65, 3.799]
			},
			{
				"name": "zu6",
				"parent": "zu5",
				"pivot": [-2.6, 13.4, 10.5]
			},
			{
				"name": "bone123",
				"parent": "zu6",
				"pivot": [0.9, 12.65, 3.799]
			},
			{
				"name": "bone124",
				"parent": "zu6",
				"pivot": [0.1, 12.65, 3.799],
				"cubes": [
					{"origin": [-2.75, 11.11439, 4.10099], "size": [5.7, 1.9, 0], "uv": [54, 35]}
				]
			},
			{
				"name": "bone125",
				"parent": "zu6",
				"pivot": [-0.8, 12.65, 3.799]
			},
			{
				"name": "zu7",
				"parent": "zu5",
				"pivot": [0.1, 10.9, 4],
				"rotation": [-5, 0, 0]
			},
			{
				"name": "bone117",
				"parent": "zu7",
				"pivot": [0.9, 10.75, 3.799]
			},
			{
				"name": "bone120",
				"parent": "zu7",
				"pivot": [0.1, 10.75, 3.799],
				"cubes": [
					{"origin": [-1.05, 9.24502, 4.09849], "size": [2.1, 1.9, 0], "uv": [60, 51]}
				]
			},
			{
				"name": "bone126",
				"parent": "zu7",
				"pivot": [-0.8, 10.75, 3.799]
			},
			{
				"name": "head234",
				"parent": "touzheng123123",
				"pivot": [0, 17.2, 0],
				"cubes": [
					{"origin": [-4, 16.2, -4], "size": [8, 8, 8], "uv": [0, 16], "inflate": -0.6},
					{"origin": [-4.4, 16.2, -4.3], "size": [8.8, 8.3, 8.5], "uv": [0, 0], "inflate": -0.6}
				]
			},
			{
				"name": "blink2343",
				"parent": "head234",
				"pivot": [0, -1.8, 0.1]
			},
			{
				"name": "fashi123",
				"parent": "touzheng123123",
				"pivot": [5.4, 19.8, -4.7]
			},
			{
				"name": "bone104",
				"parent": "fashi123",
				"pivot": [-3.1, 20.1, -3.75],
				"rotation": [0, 0, 20],
				"cubes": [
					{"origin": [-3.6, 20, -3.8], "size": [1, 0.1, 0.1], "uv": [49, 63], "inflate": -0.1}
				]
			},
			{
				"name": "bone106",
				"parent": "fashi123",
				"pivot": [-3.1, 19.9, -3.75],
				"rotation": [0, 0, 7.5],
				"cubes": [
					{"origin": [-3.6, 19.9, -3.8], "size": [1, 0.1, 0.1], "uv": [10, 62], "inflate": -0.1}
				]
			},
			{
				"name": "body",
				"pivot": [0, 0, 0]
			},
			{
				"name": "yilin123",
				"parent": "body",
				"pivot": [0, -1.4, 0]
			},
			{
				"name": "yiling",
				"parent": "yilin123",
				"pivot": [0, -1.4, 0]
			},
			{
				"name": "bone88",
				"parent": "yiling",
				"pivot": [-1.69666, 14.16718, -3.15],
				"rotation": [0, 0, -62.5],
				"cubes": [
					{"origin": [-1.30668, 14.01238, -3.3], "size": [0.5, 1.25, 0.3], "uv": [26, 55]}
				]
			},
			{
				"name": "bone89",
				"parent": "yiling",
				"pivot": [-0.68952, 15.91797, -3.15],
				"rotation": [0, 0, 25],
				"cubes": [
					{"origin": [-0.93952, 14.24297, -3.3], "size": [0.5, 0.55, 0.3], "uv": [28, 56]}
				]
			},
			{
				"name": "bone87",
				"parent": "yiling",
				"pivot": [-1.3, 16.975, -3.15],
				"rotation": [0, 0, 25],
				"cubes": [
					{"origin": [-1.55, 14.7, -3.3], "size": [0.5, 1.65, 0.3], "uv": [28, 56]}
				]
			},
			{
				"name": "bone90",
				"parent": "yiling",
				"pivot": [-1.13344, 14.06806, -3.15],
				"rotation": [0, 0, -72.5],
				"cubes": [
					{"origin": [-1.36371, 12.81745, -3.3], "size": [0.5, 1.85, 0.3], "uv": [29, 56]}
				]
			},
			{
				"name": "nei2",
				"parent": "yiling",
				"pivot": [-2.50129, 14.50909, -3.1],
				"rotation": [0, -180, -60],
				"cubes": [
					{"origin": [-4.70723, 12.26944, -2.969], "size": [1.65, 2.35, 0], "uv": [0, 60]}
				]
			},
			{
				"name": "yiling2",
				"parent": "yilin123",
				"pivot": [0, -1.4, 0]
			},
			{
				"name": "bone91",
				"parent": "yiling2",
				"pivot": [1.69666, 14.16718, -3.15],
				"rotation": [0, 0, 62.5],
				"cubes": [
					{"origin": [0.80668, 14.01238, -3.3], "size": [0.5, 1.25, 0.3], "uv": [29, 59]}
				]
			},
			{
				"name": "bone92",
				"parent": "yiling2",
				"pivot": [0.68952, 15.91797, -3.15],
				"rotation": [0, 0, -25],
				"cubes": [
					{"origin": [0.43952, 14.24297, -3.3], "size": [0.5, 0.55, 0.3], "uv": [26, 56]}
				]
			},
			{
				"name": "bone93",
				"parent": "yiling2",
				"pivot": [1.3, 16.975, -3.15],
				"rotation": [0, 0, -25],
				"cubes": [
					{"origin": [1.05, 14.7, -3.3], "size": [0.5, 1.65, 0.3], "uv": [25, 57]}
				]
			},
			{
				"name": "bone94",
				"parent": "yiling2",
				"pivot": [1.13344, 14.06806, -3.15],
				"rotation": [0, 0, 72.5],
				"cubes": [
					{"origin": [0.86371, 12.81745, -3.3], "size": [0.5, 1.85, 0.3], "uv": [24, 60]}
				]
			},
			{
				"name": "nei",
				"parent": "yiling2",
				"pivot": [2.50129, 14.50909, -3.1],
				"rotation": [0, 180, 60],
				"cubes": [
					{"origin": [3.05723, 12.16944, -2.969], "size": [1.65, 2.45, 0], "uv": [0, 57]}
				]
			},
			{
				"name": "hudiejie1231",
				"parent": "body",
				"pivot": [0.1, -1.8, 0]
			},
			{
				"name": "Lhudiejie3",
				"parent": "hudiejie1231",
				"pivot": [0.25, 12.8, -4],
				"rotation": [0, 0, 5]
			},
			{
				"name": "bone34",
				"parent": "Lhudiejie3",
				"pivot": [0.25, 12.8, -4],
				"cubes": [
					{"origin": [-1.75, 14.8, -4], "size": [1.5, 0.5, 1], "uv": [10, 62]}
				]
			},
			{
				"name": "bone51",
				"parent": "Lhudiejie3",
				"pivot": [-1.5, 14.8, -4],
				"rotation": [0, 0, -10],
				"cubes": [
					{"origin": [-1.91422, 14.82534, -4], "size": [0.5, 1.25, 1], "uv": [12, 60]}
				]
			},
			{
				"name": "bone81",
				"parent": "Lhudiejie3",
				"pivot": [-0.25, 15.3, -4],
				"rotation": [0, 0, 20],
				"cubes": [
					{"origin": [-2.25, 15.3, -4], "size": [2, 0.5, 1], "uv": [7, 61]}
				]
			},
			{
				"name": "bone",
				"parent": "Lhudiejie3",
				"pivot": [-0.61408, 14.95333, -4],
				"rotation": [0, 0, 17.5],
				"cubes": [
					{"origin": [-1.86408, 14.95333, -3.75], "size": [1.5, 0.75, 0.5], "uv": [1, 63]}
				]
			},
			{
				"name": "bone78",
				"parent": "Lhudiejie3",
				"pivot": [-0.18617, 14.13314, -4],
				"rotation": [0, 0, 20],
				"cubes": [
					{"origin": [-1.18617, 14.88314, -4], "size": [0.5, 0.75, 1], "uv": [10, 59]}
				]
			},
			{
				"name": "Rhudiejie2",
				"parent": "hudiejie1231",
				"pivot": [-0.35, 12.8, -4],
				"rotation": [0, 0, -5]
			},
			{
				"name": "bone80",
				"parent": "Rhudiejie2",
				"pivot": [-0.35, 12.8, -4],
				"cubes": [
					{"origin": [0.15, 14.8, -4], "size": [1.5, 0.5, 1], "uv": [10, 62]}
				]
			},
			{
				"name": "bone82",
				"parent": "Rhudiejie2",
				"pivot": [1.4, 14.8, -4],
				"rotation": [0, 0, 10],
				"cubes": [
					{"origin": [1.31422, 14.82534, -4], "size": [0.5, 1.25, 1], "uv": [8, 60]}
				]
			},
			{
				"name": "bone83",
				"parent": "Rhudiejie2",
				"pivot": [0.15, 15.3, -4],
				"rotation": [0, 0, -20],
				"cubes": [
					{"origin": [0.15, 15.3, -4], "size": [2, 0.5, 1], "uv": [7, 61]}
				]
			},
			{
				"name": "bone84",
				"parent": "Rhudiejie2",
				"pivot": [0.51408, 14.95333, -4],
				"rotation": [0, 0, -17.5],
				"cubes": [
					{"origin": [0.26408, 14.95333, -3.75], "size": [1.5, 0.75, 0.5], "uv": [2, 58]}
				]
			},
			{
				"name": "bone85",
				"parent": "Rhudiejie2",
				"pivot": [0.08617, 14.13314, -4],
				"rotation": [0, 0, -20],
				"cubes": [
					{"origin": [0.58617, 14.88314, -4], "size": [0.5, 0.75, 1], "uv": [11, 61]}
				]
			},
			{
				"name": "bone86",
				"parent": "Rhudiejie2",
				"pivot": [0.95614, 14.69833, -5.5],
				"rotation": [0, 0, -17.5],
				"cubes": [
					{"origin": [0.03749, 14.06175, -4.125], "size": [1.425, 1.35, 1.15], "uv": [11, 62], "inflate": -0.4, "mirror": true}
				]
			},
			{
				"name": "bone79",
				"parent": "Rhudiejie2",
				"pivot": [-0.74818, 14.78052, -5.5],
				"rotation": [0, 0, 17.5],
				"cubes": [
					{"origin": [-1.25454, 14.14394, -4.125], "size": [1.425, 1.35, 1.15], "uv": [11, 62], "inflate": -0.4}
				]
			},
			{
				"name": "waitao123123",
				"parent": "body",
				"pivot": [0, 15.7, 0]
			},
			{
				"name": "yijin",
				"parent": "waitao123123",
				"pivot": [0, -0.8, 0],
				"cubes": [
					{"origin": [-0.15, 9.9, -3.5], "size": [0.3, 6.55, 0.5], "uv": [29, 55]}
				]
			},
			{
				"name": "xia",
				"parent": "waitao123123",
				"pivot": [0, -1.2, 0]
			},
			{
				"name": "bone68",
				"parent": "xia",
				"pivot": [0, -1.2, 0]
			},
			{
				"name": "bone75",
				"parent": "bone68",
				"pivot": [3, 9.55, -3],
				"rotation": [0, 180, 75],
				"cubes": [
					{"origin": [2.95594, 7.41036, -2.869], "size": [2.25, 2.25, 0], "uv": [24, 2]}
				]
			},
			{
				"name": "bone73",
				"parent": "bone68",
				"pivot": [1, 9.05, -3],
				"rotation": [0, 180, 115],
				"cubes": [
					{"origin": [0.8893, 7.29057, -2.869], "size": [0.75, 1.75, 0], "uv": [21, 38]}
				]
			},
			{
				"name": "bone74",
				"parent": "xia",
				"pivot": [0, -1.2, 0]
			},
			{
				"name": "bone76",
				"parent": "bone74",
				"pivot": [-3, 9.55, -3],
				"rotation": [0, -180, -75],
				"cubes": [
					{"origin": [-5.20594, 7.41036, -2.869], "size": [2.25, 2.25, 0], "uv": [24, 0]}
				]
			},
			{
				"name": "bone77",
				"parent": "bone74",
				"pivot": [-1, 9.05, -3],
				"rotation": [0, -180, -115],
				"cubes": [
					{"origin": [-1.6393, 7.29057, -2.869], "size": [0.75, 1.75, 0], "uv": [22, 37]}
				]
			},
			{
				"name": "bai",
				"parent": "xia",
				"pivot": [0, -1.2, 0]
			},
			{
				"name": "xiabai",
				"parent": "bai",
				"pivot": [-3.61177, 9.62389, -3.25],
				"rotation": [0, 0, -75],
				"cubes": [
					{"origin": [-3.56887, 6.87419, -3.432], "size": [0.2, 2.3, 0.3], "uv": [0, 37]}
				]
			},
			{
				"name": "xiabai2",
				"parent": "bai",
				"pivot": [-0.95647, 9.01158, -3.282],
				"rotation": [0, 0, 65],
				"cubes": [
					{"origin": [-1.09964, 8.9953, -3.432], "size": [0.2, 1.2, 0.3], "uv": [0, 37]}
				]
			},
			{
				"name": "bai2",
				"parent": "xia",
				"pivot": [0, -1.2, 0]
			},
			{
				"name": "xiabai3",
				"parent": "bai2",
				"pivot": [3.61177, 9.62389, -3.25],
				"rotation": [0, 0, 75],
				"cubes": [
					{"origin": [3.36887, 6.87419, -3.432], "size": [0.2, 2.3, 0.3], "uv": [0, 37]}
				]
			},
			{
				"name": "xiabai4",
				"parent": "bai2",
				"pivot": [0.95647, 9.01158, -3.282],
				"rotation": [0, 0, -65],
				"cubes": [
					{"origin": [0.89964, 8.9953, -3.432], "size": [0.2, 1.2, 0.3], "uv": [0, 37]}
				]
			},
			{
				"name": "bian4",
				"parent": "waitao123123",
				"pivot": [0, -0.8, 0]
			},
			{
				"name": "bian",
				"parent": "bian4",
				"pivot": [0, -0.8, 0],
				"cubes": [
					{"origin": [-3.3663, 9.54894, -3.432], "size": [0.3, 0.25, 6.7], "uv": [0, 35]}
				]
			},
			{
				"name": "bian2",
				"parent": "bian4",
				"pivot": [0, -0.8, 0],
				"cubes": [
					{"origin": [3.0663, 9.54894, -3.432], "size": [0.3, 0.25, 6.7], "uv": [0, 35]}
				]
			},
			{
				"name": "bian3",
				"parent": "bian4",
				"pivot": [-3, -0.8, 0.1],
				"cubes": [
					{"origin": [-3.3663, 9.54894, 3.068], "size": [6.73259, 0.25, 0.2], "uv": [0, 37]}
				]
			},
			{
				"name": "bone70",
				"parent": "waitao123123",
				"pivot": [0, 24.436, 0],
				"rotation": [0, -90, 0],
				"cubes": [
					{"origin": [-3.132, 9.636, 3.132], "size": [6.264, 7.3, 0], "uv": [38, 7]}
				]
			},
			{
				"name": "zhuyao",
				"parent": "waitao123123",
				"pivot": [0, -0.8, 0]
			},
			{
				"name": "bone69",
				"parent": "zhuyao",
				"pivot": [0, 24.436, 0],
				"cubes": [
					{"origin": [-3.132, 9.736, 3.132], "size": [6.264, 7.2, 0], "uv": [12, 39]}
				]
			},
			{
				"name": "bone71",
				"parent": "zhuyao",
				"pivot": [0, 24.436, 0],
				"rotation": [0, -180, 0],
				"cubes": [
					{"origin": [0.132, 9.536, 3.131], "size": [3, 7.4, 0], "uv": [0, 16]},
					{"origin": [-3.118, 9.536, 3.131], "size": [3, 7.4, 0], "uv": [0, 0]}
				]
			},
			{
				"name": "bone72",
				"parent": "zhuyao",
				"pivot": [0, 24.436, 0],
				"rotation": [0, -270, 0],
				"cubes": [
					{"origin": [-3.132, 9.736, 3.118], "size": [6.264, 7.2, 0], "uv": [12, 32]}
				]
			},
			{
				"name": "body123",
				"parent": "body",
				"pivot": [0, 9.7, 0],
				"cubes": [
					{"origin": [-3, 8.8, -3], "size": [6, 7.4, 6], "uv": [26, 26]}
				]
			},
			{
				"name": "sittingRotationSkirt123",
				"parent": "body123",
				"pivot": [0, 9.7, 0],
				"cubes": [
					{"origin": [-3.05, 7.1, -3.15], "size": [6.15, 1.7, 6.2], "uv": [24, 0]}
				]
			},
			{
				"name": "sittingRotationSkirt",
				"parent": "body",
				"pivot": [0, 9, 0]
			},
			{
				"name": "qunzi123",
				"parent": "sittingRotationSkirt",
				"pivot": [0, 3.9, 0]
			},
			{
				"name": "bone2",
				"parent": "qunzi123",
				"pivot": [0, 3.5848, 0]
			},
			{
				"name": "bone3",
				"parent": "bone2",
				"pivot": [0, 3.5848, 2.28768],
				"rotation": [18, 0, 0],
				"cubes": [
					{"origin": [-0.4606, 5.511, 5.23829], "size": [0.9212, 2.803, 0], "uv": [21, 36]}
				]
			},
			{
				"name": "bone4",
				"parent": "bone3",
				"pivot": [-0.4606, 3.34771, 2.28768],
				"rotation": [0, 0, 7.39351],
				"cubes": [
					{"origin": [-2.19026, 5.51829, 5.23736], "size": [1.8424, 2.803, 0], "uv": [36, 9]}
				]
			},
			{
				"name": "bone5",
				"parent": "bone3",
				"pivot": [0.4606, 3.34771, 2.28768],
				"rotation": [0, 0, -7.39351],
				"cubes": [
					{"origin": [0.34786, 5.51829, 5.23921], "size": [1.8424, 2.803, 0], "uv": [36, 7]}
				]
			},
			{
				"name": "bone6",
				"parent": "qunzi123",
				"pivot": [0, 3.5848, 0],
				"rotation": [0, -45, 0]
			},
			{
				"name": "bone7",
				"parent": "bone6",
				"pivot": [0, 3.5848, 2.28768],
				"rotation": [18, 0, 0],
				"cubes": [
					{"origin": [-0.4606, 5.511, 5.23829], "size": [0.9212, 2.803, 0], "uv": [22, 36]}
				]
			},
			{
				"name": "bone8",
				"parent": "bone7",
				"pivot": [-0.4606, 3.34771, 2.28768],
				"rotation": [0, 0, 7.39351],
				"cubes": [
					{"origin": [-2.19026, 5.51829, 5.23736], "size": [1.8424, 2.803, 0], "uv": [24, 36]}
				]
			},
			{
				"name": "bone9",
				"parent": "bone7",
				"pivot": [0.4606, 3.34771, 2.28768],
				"rotation": [0, 0, -7.39351],
				"cubes": [
					{"origin": [0.34786, 5.51829, 5.23921], "size": [1.8424, 2.803, 0], "uv": [34, 11]}
				]
			},
			{
				"name": "bone10",
				"parent": "qunzi123",
				"pivot": [0, 3.5848, 0],
				"rotation": [0, -90, 0]
			},
			{
				"name": "bone11",
				"parent": "bone10",
				"pivot": [0, 3.5848, 2.28768],
				"rotation": [18, 0, 0],
				"cubes": [
					{"origin": [-0.4606, 5.511, 5.23829], "size": [0.9212, 2.803, 0], "uv": [20, 34]}
				]
			},
			{
				"name": "bone12",
				"parent": "bone11",
				"pivot": [-0.4606, 3.34771, 2.28768],
				"rotation": [0, 0, 7.39351],
				"cubes": [
					{"origin": [-2.19026, 5.51829, 5.23736], "size": [1.8424, 2.803, 0], "uv": [34, 9]}
				]
			},
			{
				"name": "bone13",
				"parent": "bone11",
				"pivot": [0.4606, 3.34771, 2.28768],
				"rotation": [0, 0, -7.39351],
				"cubes": [
					{"origin": [0.34786, 5.51829, 5.23921], "size": [1.8424, 2.803, 0], "uv": [24, 34]}
				]
			},
			{
				"name": "bone14",
				"parent": "qunzi123",
				"pivot": [0, 3.5848, 0],
				"rotation": [0, -135, 0]
			},
			{
				"name": "bone15",
				"parent": "bone14",
				"pivot": [0, 3.5848, 2.28768],
				"rotation": [18, 0, 0],
				"cubes": [
					{"origin": [-0.4606, 5.511, 5.23829], "size": [0.9212, 2.803, 0], "uv": [21, 37]}
				]
			},
			{
				"name": "bone16",
				"parent": "bone15",
				"pivot": [-0.4606, 3.34771, 2.28768],
				"rotation": [0, 0, 7.39351],
				"cubes": [
					{"origin": [-2.19026, 5.51829, 5.23736], "size": [1.8424, 2.803, 0], "uv": [32, 11]}
				]
			},
			{
				"name": "bone17",
				"parent": "bone15",
				"pivot": [0.4606, 3.34771, 2.28768],
				"rotation": [0, 0, -7.39351],
				"cubes": [
					{"origin": [0.34786, 5.51829, 5.23921], "size": [1.8424, 2.803, 0], "uv": [32, 9]}
				]
			},
			{
				"name": "bone18",
				"parent": "qunzi123",
				"pivot": [0, 3.5848, 0],
				"rotation": [0, -180, 0]
			},
			{
				"name": "bone19",
				"parent": "bone18",
				"pivot": [0, 3.5848, 2.28768],
				"rotation": [18, 0, 0],
				"cubes": [
					{"origin": [-0.4606, 5.511, 5.23829], "size": [0.9212, 2.803, 0], "uv": [22, 38]}
				]
			},
			{
				"name": "bone20",
				"parent": "bone19",
				"pivot": [-0.4606, 3.34771, 2.28768],
				"rotation": [0, 0, 7.39351],
				"cubes": [
					{"origin": [-2.19026, 5.51829, 5.23736], "size": [1.8424, 2.803, 0], "uv": [24, 32]}
				]
			},
			{
				"name": "bone21",
				"parent": "bone19",
				"pivot": [0.4606, 3.34771, 2.28768],
				"rotation": [0, 0, -7.39351],
				"cubes": [
					{"origin": [0.34786, 5.51829, 5.23921], "size": [1.8424, 2.803, 0], "uv": [9, 32]}
				]
			},
			{
				"name": "bone22",
				"parent": "qunzi123",
				"pivot": [0, 3.5848, 0],
				"rotation": [0, -225, 0]
			},
			{
				"name": "bone23",
				"parent": "bone22",
				"pivot": [0, 3.5848, 2.28768],
				"rotation": [18, 0, 0],
				"cubes": [
					{"origin": [-0.4606, 5.511, 5.23829], "size": [0.9212, 2.803, 0], "uv": [21, 39]}
				]
			},
			{
				"name": "bone24",
				"parent": "bone23",
				"pivot": [-0.4606, 3.34771, 2.28768],
				"rotation": [0, 0, 7.39351],
				"cubes": [
					{"origin": [-2.19026, 5.51829, 5.23736], "size": [1.8424, 2.803, 0], "uv": [0, 32]}
				]
			},
			{
				"name": "bone25",
				"parent": "bone23",
				"pivot": [0.4606, 3.34771, 2.28768],
				"rotation": [0, 0, -7.39351],
				"cubes": [
					{"origin": [0.34786, 5.51829, 5.23921], "size": [1.8424, 2.803, 0], "uv": [28, 4]}
				]
			},
			{
				"name": "bone26",
				"parent": "qunzi123",
				"pivot": [0, 3.5848, 0],
				"rotation": [0, -270, 0]
			},
			{
				"name": "bone27",
				"parent": "bone26",
				"pivot": [0, 3.5848, 2.28768],
				"rotation": [18, 0, 0],
				"cubes": [
					{"origin": [-0.4606, 5.511, 5.23829], "size": [0.9212, 2.803, 0], "uv": [21, 35]}
				]
			},
			{
				"name": "bone28",
				"parent": "bone27",
				"pivot": [-0.4606, 3.34771, 2.28768],
				"rotation": [0, 0, 7.39351],
				"cubes": [
					{"origin": [-2.19026, 5.51829, 5.23736], "size": [1.8424, 2.803, 0], "uv": [28, 2]}
				]
			},
			{
				"name": "bone29",
				"parent": "bone27",
				"pivot": [0.4606, 3.34771, 2.28768],
				"rotation": [0, 0, -7.39351],
				"cubes": [
					{"origin": [0.34786, 5.51829, 5.23921], "size": [1.8424, 2.803, 0], "uv": [28, 0]}
				]
			},
			{
				"name": "bone30",
				"parent": "qunzi123",
				"pivot": [0, 3.5848, 0],
				"rotation": [0, -315, 0]
			},
			{
				"name": "bone31",
				"parent": "bone30",
				"pivot": [0, 3.5848, 2.28768],
				"rotation": [18, 0, 0],
				"cubes": [
					{"origin": [-0.4606, 5.511, 5.23829], "size": [0.9212, 2.803, 0], "uv": [20, 37]}
				]
			},
			{
				"name": "bone32",
				"parent": "bone31",
				"pivot": [-0.4606, 3.34771, 2.28768],
				"rotation": [0, 0, 7.39351],
				"cubes": [
					{"origin": [-2.19026, 5.51829, 5.23736], "size": [1.8424, 2.803, 0], "uv": [6, 22]}
				]
			},
			{
				"name": "bone33",
				"parent": "bone31",
				"pivot": [0.4606, 3.34771, 2.28768],
				"rotation": [0, 0, -7.39351],
				"cubes": [
					{"origin": [0.34786, 5.51829, 5.23921], "size": [1.8424, 2.803, 0], "uv": [6, 20]}
				]
			},
			{
				"name": "armLeft",
				"pivot": [3.1, 17, 0],
				"rotation": [0, 0, -10],
				"cubes": [
					{"origin": [2.57589, 8.08498, -1], "size": [2, 8.6, 2], "uv": [32, 39]}
				]
			},
			{
				"name": "Lshou",
				"parent": "armLeft",
				"pivot": [3.52791, 16.74409, 0]
			},
			{
				"name": "bone35",
				"parent": "Lshou",
				"pivot": [3.57373, 8.9416, 0]
			},
			{
				"name": "bone36",
				"parent": "bone35",
				"pivot": [3.57373, 8.9416, 1.60097],
				"rotation": [3, 0, 0],
				"cubes": [
					{"origin": [2.41454, 9.09134, 1.60097], "size": [2.288, 7.7792, 0], "uv": [44, 25]}
				]
			},
			{
				"name": "bone37",
				"parent": "bone36",
				"pivot": [2.42973, 8.91769, 1.60097],
				"rotation": [0, 0, 2.9959],
				"cubes": [
					{"origin": [1.95694, 9.09134, 1.60075], "size": [0.4576, 7.7792, 0], "uv": [20, 34]}
				]
			},
			{
				"name": "bone38",
				"parent": "bone36",
				"pivot": [4.71773, 8.91769, 1.60097],
				"rotation": [0, 0, -2.9959],
				"cubes": [
					{"origin": [4.70254, 9.09134, 1.6012], "size": [0.4576, 7.7792, 0], "uv": [21, 35]}
				]
			},
			{
				"name": "bone39",
				"parent": "Lshou",
				"pivot": [3.57373, 8.9416, 0],
				"rotation": [0, -90, 0]
			},
			{
				"name": "bone40",
				"parent": "bone39",
				"pivot": [3.57373, 8.9416, 1.60097],
				"rotation": [3, 0, 0],
				"cubes": [
					{"origin": [2.41454, 9.09134, 1.60097], "size": [2.288, 7.7792, 0], "uv": [44, 44]}
				]
			},
			{
				"name": "bone41",
				"parent": "bone40",
				"pivot": [2.42973, 8.91769, 1.60097],
				"rotation": [0, 0, 2.9959],
				"cubes": [
					{"origin": [1.95694, 9.09134, 1.60075], "size": [0.4576, 7.7792, 0], "uv": [21, 37]}
				]
			},
			{
				"name": "bone42",
				"parent": "bone40",
				"pivot": [4.71773, 8.91769, 1.60097],
				"rotation": [0, 0, -2.9959],
				"cubes": [
					{"origin": [4.70254, 9.09134, 1.6012], "size": [0.4576, 7.7792, 0], "uv": [20, 35]}
				]
			},
			{
				"name": "bone43",
				"parent": "Lshou",
				"pivot": [3.57373, 8.9416, 0],
				"rotation": [0, -180, 0]
			},
			{
				"name": "bone44",
				"parent": "bone43",
				"pivot": [3.57373, 8.9416, 1.60097],
				"rotation": [3, 0, 0],
				"cubes": [
					{"origin": [2.41454, 9.09134, 1.60097], "size": [2.288, 7.7792, 0], "uv": [8, 42]}
				]
			},
			{
				"name": "bone45",
				"parent": "bone44",
				"pivot": [2.42973, 8.91769, 1.60097],
				"rotation": [0, 0, 2.9959],
				"cubes": [
					{"origin": [1.90454, 9.09134, 1.60075], "size": [0.51, 7.7792, 0], "uv": [22, 34]}
				]
			},
			{
				"name": "bone46",
				"parent": "bone44",
				"pivot": [4.71773, 8.91769, 1.60097],
				"rotation": [0, 0, -2.9959],
				"cubes": [
					{"origin": [4.70254, 9.09134, 1.6012], "size": [0.4576, 7.7792, 0], "uv": [21, 38]}
				]
			},
			{
				"name": "bone47",
				"parent": "Lshou",
				"pivot": [3.57373, 8.9416, 0],
				"rotation": [0, -270, 0]
			},
			{
				"name": "bone48",
				"parent": "bone47",
				"pivot": [3.57373, 8.9416, 1.60097],
				"rotation": [3, 0, 0],
				"cubes": [
					{"origin": [2.38714, 9.11, 1.58479], "size": [2.288, 7.7792, 0], "uv": [4, 42], "mirror": true}
				]
			},
			{
				"name": "bone49",
				"parent": "bone48",
				"pivot": [2.42973, 8.91769, 1.60097],
				"rotation": [0, 0, 2.9959],
				"cubes": [
					{"origin": [1.97086, 9.12, 1.58], "size": [0.4576, 7.7792, 0], "uv": [0, 42]}
				]
			},
			{
				"name": "bone50",
				"parent": "bone48",
				"pivot": [4.71773, 8.91769, 1.60097],
				"rotation": [0, 0, -2.9959],
				"cubes": [
					{"origin": [4.70592, 9.09134, 1.66857], "size": [0.47, 7.7792, 0], "uv": [21, 34]}
				]
			},
			{
				"name": "armRight",
				"pivot": [-3.2, 16.9, 0],
				"rotation": [0, 0, 12.5],
				"cubes": [
					{"origin": [-4.49295, 8.12464, -1], "size": [2, 8.6, 2], "uv": [32, 39], "mirror": true}
				]
			},
			{
				"name": "Lshou3",
				"parent": "armRight",
				"pivot": [-6.72173, 7.36215, 0],
				"rotation": [0, 0, -2.5]
			},
			{
				"name": "bone136",
				"parent": "Lshou3",
				"pivot": [-3.38173, 8.86215, 0]
			},
			{
				"name": "bone137",
				"parent": "bone136",
				"pivot": [-3.38173, 8.86215, 1.60097],
				"rotation": [3, 0, 0],
				"cubes": [
					{"origin": [-4.51054, 9.01188, 1.60097], "size": [2.288, 7.7792, 0], "uv": [44, 25], "mirror": true}
				]
			},
			{
				"name": "bone138",
				"parent": "bone137",
				"pivot": [-2.23773, 8.83823, 1.60097],
				"rotation": [0, 0, -2.9959],
				"cubes": [
					{"origin": [-2.22254, 9.01188, 1.60075], "size": [0.4576, 7.7792, 0], "uv": [20, 34], "mirror": true}
				]
			},
			{
				"name": "bone139",
				"parent": "bone137",
				"pivot": [-4.52573, 8.83823, 1.60097],
				"rotation": [0, 0, 2.9959],
				"cubes": [
					{"origin": [-4.96814, 9.01188, 1.6012], "size": [0.4576, 7.7792, 0], "uv": [21, 35], "mirror": true}
				]
			},
			{
				"name": "bone140",
				"parent": "Lshou3",
				"pivot": [-3.38173, 8.86215, 0],
				"rotation": [0, 90, 0]
			},
			{
				"name": "bone141",
				"parent": "bone140",
				"pivot": [-3.38173, 8.86215, 1.60097],
				"rotation": [3, 0, 0],
				"cubes": [
					{"origin": [-4.51054, 9.01188, 1.60097], "size": [2.288, 7.7792, 0], "uv": [44, 44], "mirror": true}
				]
			},
			{
				"name": "bone142",
				"parent": "bone141",
				"pivot": [-2.23773, 8.83823, 1.60097],
				"rotation": [0, 0, -2.9959],
				"cubes": [
					{"origin": [-2.22254, 9.01188, 1.60075], "size": [0.4576, 7.7792, 0], "uv": [21, 37], "mirror": true}
				]
			},
			{
				"name": "bone143",
				"parent": "bone141",
				"pivot": [-4.52573, 8.83823, 1.60097],
				"rotation": [0, 0, 2.9959],
				"cubes": [
					{"origin": [-4.96814, 9.01188, 1.6012], "size": [0.4576, 7.7792, 0], "uv": [20, 35], "mirror": true}
				]
			},
			{
				"name": "bone144",
				"parent": "Lshou3",
				"pivot": [-3.38173, 8.86215, 0],
				"rotation": [0, 180, 0]
			},
			{
				"name": "bone145",
				"parent": "bone144",
				"pivot": [-3.38173, 8.86215, 1.60097],
				"rotation": [3, 0, 0],
				"cubes": [
					{"origin": [-4.51054, 9.01188, 1.60097], "size": [2.288, 7.7792, 0], "uv": [8, 42], "mirror": true}
				]
			},
			{
				"name": "bone146",
				"parent": "bone145",
				"pivot": [-2.23773, 8.83823, 1.60097],
				"rotation": [0, 0, -2.9959],
				"cubes": [
					{"origin": [-2.22254, 9.01188, 1.60075], "size": [0.4576, 7.7792, 0], "uv": [22, 34], "mirror": true}
				]
			},
			{
				"name": "bone147",
				"parent": "bone145",
				"pivot": [-4.52573, 8.83823, 1.60097],
				"rotation": [0, 0, 2.9959],
				"cubes": [
					{"origin": [-4.96814, 9.01188, 1.6012], "size": [0.4576, 7.7792, 0], "uv": [21, 38], "mirror": true}
				]
			},
			{
				"name": "bone148",
				"parent": "Lshou3",
				"pivot": [-3.38173, 8.86215, 0],
				"rotation": [0, 270, 0]
			},
			{
				"name": "bone149",
				"parent": "bone148",
				"pivot": [-3.38173, 8.86215, 1.60097],
				"rotation": [3, 0, 0],
				"cubes": [
					{"origin": [-4.51054, 9.01188, 1.60097], "size": [2.288, 7.7792, 0], "uv": [4, 42], "mirror": true}
				]
			},
			{
				"name": "bone150",
				"parent": "bone149",
				"pivot": [-2.23773, 8.83823, 1.60097],
				"rotation": [0, 0, -2.9959],
				"cubes": [
					{"origin": [-2.22254, 9.01188, 1.60075], "size": [0.4576, 7.7792, 0], "uv": [20, 37], "mirror": true}
				]
			},
			{
				"name": "bone151",
				"parent": "bone149",
				"pivot": [-4.52573, 8.83823, 1.60097],
				"rotation": [0, 0, 2.9959],
				"cubes": [
					{"origin": [-4.98341, 9.00022, 1.5732], "size": [0.4576, 7.7792, 0], "uv": [21, 34], "mirror": true}
				]
			},
			{
				"name": "legLeft",
				"pivot": [2, 8.5, 0]
			},
			{
				"name": "legLeft13212",
				"parent": "legLeft",
				"pivot": [0, 0, 0],
				"cubes": [
					{"origin": [0.249, 0, -1.5], "size": [3, 7.2, 3], "uv": [0, 32]}
				]
			},
			{
				"name": "legRight",
				"pivot": [-2, 8.5, 0]
			},
			{
				"name": "legRight123",
				"parent": "legRight",
				"pivot": [0, 0, 0],
				"cubes": [
					{"origin": [-3.249, 0, -1.5], "size": [3, 7.2, 3], "uv": [29, 13]}
				]
			}
		]
	}
}