{
	"format_version": "1.10.0",
	"geometry.model": {
		"texturewidth": 320,
		"textureheight": 320,
		"visible_bounds_width": 5,
		"visible_bounds_height": 5,
		"visible_bounds_offset": [0, 2.5, 0],
		"bones": [
			{
				"name": "dizuo",
				"pivot": [0, 0, 0]
			},
			{
				"name": "1",
				"parent": "dizuo",
				"pivot": [8.5, 0, 7.25]
			},
			{
				"name": "bone2",
				"parent": "1",
				"pivot": [8.5, 0, 7.25],
				"cubes": [
					{"origin": [-2.92449, 0, 0.05411], "size": [6, 6, 14], "uv": [40, 123]}
				]
			},
			{
				"name": "bone3",
				"parent": "1",
				"pivot": [8.5, 0, 7.25],
				"rotation": [0, -22.5, 0],
				"cubes": [
					{"origin": [-5.06835, 0, 3.83202], "size": [6, 6, 14], "uv": [0, 123]}
				]
			},
			{
				"name": "bone4",
				"parent": "1",
				"pivot": [8.5, 0, 7.25],
				"rotation": [0, -45, 0],
				"cubes": [
					{"origin": [-5.60327, 0, 8.14277], "size": [6, 6, 14], "uv": [200, 103]}
				]
			},
			{
				"name": "bone5",
				"parent": "1",
				"pivot": [8.5, 0, 7.25],
				"rotation": [0, -67.5, 0],
				"cubes": [
					{"origin": [-4.44782, 0, 12.3301], "size": [6, 6, 14], "uv": [160, 103]}
				]
			},
			{
				"name": "bone6",
				"parent": "1",
				"pivot": [8.5, 0, 7.25],
				"rotation": [0, -90, 0],
				"cubes": [
					{"origin": [-1.77791, 0, 15.75651], "size": [6, 6, 14], "uv": [120, 103]}
				]
			},
			{
				"name": "bone7",
				"parent": "1",
				"pivot": [8.5, 0, 7.25],
				"rotation": [0, -112.5, 0],
				"cubes": [
					{"origin": [2, 0, 17.90037], "size": [6, 6, 14], "uv": [80, 103]}
				]
			},
			{
				"name": "bone8",
				"parent": "1",
				"pivot": [8.5, 0, 7.25],
				"rotation": [0, -135, 0],
				"cubes": [
					{"origin": [6.31075, 0, 18.43529], "size": [6, 6, 14], "uv": [40, 103]}
				]
			},
			{
				"name": "bone9",
				"parent": "1",
				"pivot": [8.5, 0, 7.25],
				"rotation": [0, -157.5, 0],
				"cubes": [
					{"origin": [10.49808, 0, 17.27984], "size": [6, 6, 14], "uv": [0, 103]}
				]
			},
			{
				"name": "bone10",
				"parent": "1",
				"pivot": [8.5, 0, 7.25],
				"rotation": [0, -180, 0],
				"cubes": [
					{"origin": [13.92449, 0, 14.60993], "size": [6, 6, 14], "uv": [200, 83]}
				]
			},
			{
				"name": "bone11",
				"parent": "1",
				"pivot": [8.5, 0, 7.25],
				"rotation": [0, -202.5, 0],
				"cubes": [
					{"origin": [16.06835, 0, 10.83202], "size": [6, 6, 14], "uv": [160, 83]}
				]
			},
			{
				"name": "bone12",
				"parent": "1",
				"pivot": [8.5, 0, 7.25],
				"rotation": [0, -225, 0],
				"cubes": [
					{"origin": [16.60327, 0, 6.52126], "size": [6, 6, 14], "uv": [120, 83]}
				]
			},
			{
				"name": "bone13",
				"parent": "1",
				"pivot": [8.5, 0, 7.25],
				"rotation": [0, -247.5, 0],
				"cubes": [
					{"origin": [15.44782, 0, 2.33394], "size": [6, 6, 14], "uv": [80, 83]}
				]
			},
			{
				"name": "bone14",
				"parent": "1",
				"pivot": [8.5, 0, 7.25],
				"rotation": [0, -270, 0],
				"cubes": [
					{"origin": [12.77791, 0, -1.09247], "size": [6, 6, 14], "uv": [40, 83]}
				]
			},
			{
				"name": "bone15",
				"parent": "1",
				"pivot": [8.5, 0, 7.25],
				"rotation": [0, -292.5, 0],
				"cubes": [
					{"origin": [9, 0, -3.23633], "size": [6, 6, 14], "uv": [0, 83]}
				]
			},
			{
				"name": "bone16",
				"parent": "1",
				"pivot": [8.5, 0, 7.25],
				"rotation": [0, -315, 0],
				"cubes": [
					{"origin": [4.68925, 0, -3.77125], "size": [6, 6, 14], "uv": [178, 60]}
				]
			},
			{
				"name": "bone17",
				"parent": "1",
				"pivot": [8.5, 0, 7.25],
				"rotation": [0, -337.5, 0],
				"cubes": [
					{"origin": [0.50192, 0, -2.61581], "size": [6, 6, 14], "uv": [138, 60]}
				]
			},
			{
				"name": "lotus",
				"parent": "dizuo",
				"pivot": [0, -27, 0]
			},
			{
				"name": "bone",
				"parent": "lotus",
				"pivot": [0, -27, 0]
			},
			{
				"name": "bone18",
				"parent": "bone",
				"pivot": [0, -27, 7.10973],
				"rotation": [45, 0, 0]
			},
			{
				"name": "bone19",
				"parent": "bone18",
				"pivot": [0, -27, 7.10973],
				"rotation": [0, -45, 0],
				"cubes": [
					{"origin": [16, 0, 5.10973], "size": [5, 6, 1], "uv": [0, 288]}
				]
			},
			{
				"name": "bone20",
				"parent": "lotus",
				"pivot": [0, -27, 0],
				"rotation": [0, -22.5, 0]
			},
			{
				"name": "bone21",
				"parent": "bone20",
				"pivot": [0, -27, 7.10973],
				"rotation": [45, 0, 0]
			},
			{
				"name": "bone22",
				"parent": "bone21",
				"pivot": [0, -27, 7.10973],
				"rotation": [0, -45, 0],
				"cubes": [
					{"origin": [16, 0, 5.10973], "size": [5, 6, 1], "uv": [192, 281]}
				]
			},
			{
				"name": "bone23",
				"parent": "lotus",
				"pivot": [0, -27, 0],
				"rotation": [0, -45, 0]
			},
			{
				"name": "bone24",
				"parent": "bone23",
				"pivot": [0, -27, 7.10973],
				"rotation": [45, 0, 0]
			},
			{
				"name": "bone25",
				"parent": "bone24",
				"pivot": [0, -27, 7.10973],
				"rotation": [0, -45, 0],
				"cubes": [
					{"origin": [16, 0, 5.10973], "size": [5, 6, 1], "uv": [180, 281]}
				]
			},
			{
				"name": "bone26",
				"parent": "lotus",
				"pivot": [0, -27, 0],
				"rotation": [0, -67.5, 0]
			},
			{
				"name": "bone27",
				"parent": "bone26",
				"pivot": [0, -27, 7.10973],
				"rotation": [45, 0, 0]
			},
			{
				"name": "bone28",
				"parent": "bone27",
				"pivot": [0, -27, 7.10973],
				"rotation": [0, -45, 0],
				"cubes": [
					{"origin": [16, 0, 5.10973], "size": [5, 6, 1], "uv": [168, 281]}
				]
			},
			{
				"name": "bone29",
				"parent": "lotus",
				"pivot": [0, -27, 0],
				"rotation": [0, -90, 0]
			},
			{
				"name": "bone30",
				"parent": "bone29",
				"pivot": [0, -27, 7.10973],
				"rotation": [45, 0, 0]
			},
			{
				"name": "bone31",
				"parent": "bone30",
				"pivot": [0, -27, 7.10973],
				"rotation": [0, -45, 0],
				"cubes": [
					{"origin": [16, 0, 5.10973], "size": [5, 6, 1], "uv": [156, 281]}
				]
			},
			{
				"name": "bone32",
				"parent": "lotus",
				"pivot": [0, -27, 0],
				"rotation": [0, -112.5, 0]
			},
			{
				"name": "bone33",
				"parent": "bone32",
				"pivot": [0, -27, 7.10973],
				"rotation": [45, 0, 0]
			},
			{
				"name": "bone34",
				"parent": "bone33",
				"pivot": [0, -27, 7.10973],
				"rotation": [0, -45, 0],
				"cubes": [
					{"origin": [16, 0, 5.10973], "size": [5, 6, 1], "uv": [144, 281]}
				]
			},
			{
				"name": "bone35",
				"parent": "lotus",
				"pivot": [0, -27, 0],
				"rotation": [0, -135, 0]
			},
			{
				"name": "bone36",
				"parent": "bone35",
				"pivot": [0, -27, 7.10973],
				"rotation": [45, 0, 0]
			},
			{
				"name": "bone37",
				"parent": "bone36",
				"pivot": [0, -27, 7.10973],
				"rotation": [0, -45, 0],
				"cubes": [
					{"origin": [16, 0, 5.10973], "size": [5, 6, 1], "uv": [132, 281]}
				]
			},
			{
				"name": "bone38",
				"parent": "lotus",
				"pivot": [0, -27, 0],
				"rotation": [0, -157.5, 0]
			},
			{
				"name": "bone39",
				"parent": "bone38",
				"pivot": [0, -27, 7.10973],
				"rotation": [45, 0, 0]
			},
			{
				"name": "bone40",
				"parent": "bone39",
				"pivot": [0, -27, 7.10973],
				"rotation": [0, -45, 0],
				"cubes": [
					{"origin": [16, 0, 5.10973], "size": [5, 6, 1], "uv": [120, 281]}
				]
			},
			{
				"name": "bone41",
				"parent": "lotus",
				"pivot": [0, -27, 0],
				"rotation": [0, -180, 0]
			},
			{
				"name": "bone42",
				"parent": "bone41",
				"pivot": [0, -27, 7.10973],
				"rotation": [45, 0, 0]
			},
			{
				"name": "bone43",
				"parent": "bone42",
				"pivot": [0, -27, 7.10973],
				"rotation": [0, -45, 0],
				"cubes": [
					{"origin": [16, 0, 5.10973], "size": [5, 6, 1], "uv": [108, 281]}
				]
			},
			{
				"name": "bone44",
				"parent": "lotus",
				"pivot": [0, -27, 0],
				"rotation": [0, -202.5, 0]
			},
			{
				"name": "bone45",
				"parent": "bone44",
				"pivot": [0, -27, 7.10973],
				"rotation": [45, 0, 0]
			},
			{
				"name": "bone46",
				"parent": "bone45",
				"pivot": [0, -27, 7.10973],
				"rotation": [0, -45, 0],
				"cubes": [
					{"origin": [16, 0, 5.10973], "size": [5, 6, 1], "uv": [96, 281]}
				]
			},
			{
				"name": "bone47",
				"parent": "lotus",
				"pivot": [0, -27, 0],
				"rotation": [0, -225, 0]
			},
			{
				"name": "bone48",
				"parent": "bone47",
				"pivot": [0, -27, 7.10973],
				"rotation": [45, 0, 0]
			},
			{
				"name": "bone49",
				"parent": "bone48",
				"pivot": [0, -27, 7.10973],
				"rotation": [0, -45, 0],
				"cubes": [
					{"origin": [16, 0, 5.10973], "size": [5, 6, 1], "uv": [84, 281]}
				]
			},
			{
				"name": "bone50",
				"parent": "lotus",
				"pivot": [0, -27, 0],
				"rotation": [0, -247.5, 0]
			},
			{
				"name": "bone51",
				"parent": "bone50",
				"pivot": [0, -27, 7.10973],
				"rotation": [45, 0, 0]
			},
			{
				"name": "bone52",
				"parent": "bone51",
				"pivot": [0, -27, 7.10973],
				"rotation": [0, -45, 0],
				"cubes": [
					{"origin": [16, 0, 5.10973], "size": [5, 6, 1], "uv": [72, 281]}
				]
			},
			{
				"name": "bone53",
				"parent": "lotus",
				"pivot": [0, -27, 0],
				"rotation": [0, -270, 0]
			},
			{
				"name": "bone54",
				"parent": "bone53",
				"pivot": [0, -27, 7.10973],
				"rotation": [45, 0, 0]
			},
			{
				"name": "bone55",
				"parent": "bone54",
				"pivot": [0, -27, 7.10973],
				"rotation": [0, -45, 0],
				"cubes": [
					{"origin": [16, 0, 5.10973], "size": [5, 6, 1], "uv": [60, 281]}
				]
			},
			{
				"name": "bone56",
				"parent": "lotus",
				"pivot": [0, -27, 0],
				"rotation": [0, -292.5, 0]
			},
			{
				"name": "bone57",
				"parent": "bone56",
				"pivot": [0, -27, 7.10973],
				"rotation": [45, 0, 0]
			},
			{
				"name": "bone58",
				"parent": "bone57",
				"pivot": [0, -27, 7.10973],
				"rotation": [0, -45, 0],
				"cubes": [
					{"origin": [16, 0, 5.10973], "size": [5, 6, 1], "uv": [48, 281]}
				]
			},
			{
				"name": "bone59",
				"parent": "lotus",
				"pivot": [0, -27, 0],
				"rotation": [0, -315, 0]
			},
			{
				"name": "bone60",
				"parent": "bone59",
				"pivot": [0, -27, 7.10973],
				"rotation": [45, 0, 0]
			},
			{
				"name": "bone61",
				"parent": "bone60",
				"pivot": [0, -27, 7.10973],
				"rotation": [0, -45, 0],
				"cubes": [
					{"origin": [16, 0, 5.10973], "size": [5, 6, 1], "uv": [36, 281]}
				]
			},
			{
				"name": "bone62",
				"parent": "lotus",
				"pivot": [0, -27, 0],
				"rotation": [0, -337.5, 0]
			},
			{
				"name": "bone63",
				"parent": "bone62",
				"pivot": [0, -27, 7.10973],
				"rotation": [45, 0, 0]
			},
			{
				"name": "bone64",
				"parent": "bone63",
				"pivot": [0, -27, 7.10973],
				"rotation": [0, -45, 0],
				"cubes": [
					{"origin": [16, 0, 5.10973], "size": [5, 6, 1], "uv": [24, 281]}
				]
			},
			{
				"name": "bone65",
				"parent": "dizuo",
				"pivot": [0.5, 0, -1],
				"cubes": [
					{"origin": [-2.5, 6, -6], "size": [5, 2, 3], "uv": [14, 260]}
				]
			},
			{
				"name": "bone66",
				"parent": "bone65",
				"pivot": [0, 8, 0],
				"rotation": [35, 0, 0],
				"cubes": [
					{"origin": [-2.5, 8.14715, -3.6383], "size": [5, 2, 4], "uv": [126, 220]}
				]
			},
			{
				"name": "bone67",
				"parent": "bone65",
				"pivot": [0, 8, 1],
				"rotation": [-20, 0, 0],
				"cubes": [
					{"origin": [-2.5, 5.18582, -1.49108], "size": [5, 4, 4], "uv": [70, 210]}
				]
			},
			{
				"name": "bone68",
				"parent": "bone65",
				"pivot": [0, 8.45, 2],
				"rotation": [30, 0, 0],
				"cubes": [
					{"origin": [-2.5, 4.63582, 1.50892], "size": [5, 5, 2], "uv": [0, 260]}
				]
			},
			{
				"name": "bone69",
				"parent": "bone65",
				"pivot": [0, 8.2, 4.5],
				"rotation": [20, 0, 0],
				"cubes": [
					{"origin": [-2.5, 7.73141, 3.21386], "size": [5, 4, 4], "uv": [52, 210]}
				]
			},
			{
				"name": "bone70",
				"parent": "bone65",
				"pivot": [0, 8.45, 4.5],
				"rotation": [-20, 0, 0],
				"cubes": [
					{"origin": [-2.5, 7.98141, 3.21386], "size": [5, 4, 4], "uv": [34, 210]}
				]
			},
			{
				"name": "bone72",
				"parent": "bone65",
				"pivot": [0, 7.7, 6.5],
				"rotation": [-70, 0, 0],
				"cubes": [
					{"origin": [-2.5, 7.23141, 5.21386], "size": [5, 2, 4], "uv": [108, 220]}
				]
			},
			{
				"name": "bone73",
				"parent": "bone65",
				"pivot": [0, 8.2, 8.5],
				"rotation": [30, 0, 0],
				"cubes": [
					{"origin": [-2.5, 9.04328, 7.3112], "size": [5, 1, 3], "uv": [0, 274]}
				]
			},
			{
				"name": "bone74",
				"parent": "bone65",
				"pivot": [0, 9.2, 9.5],
				"rotation": [55, 0, 0],
				"cubes": [
					{"origin": [-2.5, 9.53809, 9.68254], "size": [5, 1, 2], "uv": [84, 296]}
				]
			},
			{
				"name": "bone75",
				"parent": "bone65",
				"pivot": [0, 9.2, 10.5],
				"rotation": [35, 0, 0],
				"cubes": [
					{"origin": [-2.5, 10.77744, 11.27411], "size": [5, 1, 3], "uv": [0, 270]}
				]
			},
			{
				"name": "bone76",
				"parent": "bone65",
				"pivot": [0, 4.2, 7.5],
				"rotation": [5, 0, 0],
				"cubes": [
					{"origin": [-2.5, 4.77744, 8.27411], "size": [5, 2, 3], "uv": [176, 251]}
				]
			},
			{
				"name": "bone77",
				"parent": "bone65",
				"pivot": [0, 4.2, 10.5],
				"rotation": [40, 0, 0],
				"cubes": [
					{"origin": [-2.5, 4.50794, 11.29568], "size": [5, 2, 2], "uv": [112, 292]}
				]
			},
			{
				"name": "bone79",
				"parent": "bone65",
				"pivot": [0, 5.2, 10.5],
				"rotation": [55, 0, 0],
				"cubes": [
					{"origin": [-2.5, 4.20029, 12.46097], "size": [5, 2, 3], "uv": [160, 251]}
				]
			},
			{
				"name": "bone78",
				"parent": "bone65",
				"pivot": [0, 6.2, 10.5],
				"rotation": [-5, 0, 0],
				"cubes": [
					{"origin": [-2.5, 8.00028, 12.20136], "size": [5, 2, 2], "uv": [112, 288]}
				]
			},
			{
				"name": "bone71",
				"parent": "bone65",
				"pivot": [0, 8.95, 4.5],
				"cubes": [
					{"origin": [-2.5, 8.48141, 3.21386], "size": [5, 4, 4], "uv": [16, 210]}
				]
			},
			{
				"name": "bone94",
				"pivot": [0, 0, 0]
			},
			{
				"name": "tui1",
				"parent": "bone94",
				"pivot": [0, 0, 0]
			},
			{
				"name": "bone80",
				"parent": "tui1",
				"pivot": [0, 11.25, 1.5],
				"rotation": [-10, 0, 0],
				"cubes": [
					{"origin": [-2, 9.75, -1], "size": [4, 3, 4], "uv": [176, 231]}
				]
			},
			{
				"name": "bone81",
				"parent": "tui1",
				"pivot": [0, 14.25, 1.5],
				"rotation": [-5, 0, 0],
				"cubes": [
					{"origin": [-2, 12.37208, -0.45884], "size": [4, 5, 4], "uv": [16, 220], "inflate": -0.25}
				]
			},
			{
				"name": "bone82",
				"parent": "tui1",
				"pivot": [0, 19.25, 1.5],
				"rotation": [-45, 0, 0],
				"cubes": [
					{"origin": [-2, 16.49547, 1.20609], "size": [4, 7, 4], "uv": [0, 198], "inflate": -0.65}
				]
			},
			{
				"name": "bone83",
				"parent": "tui1",
				"pivot": [0, 20.25, 6.5],
				"rotation": [-65, 0, 0],
				"cubes": [
					{"origin": [-2, 18.45922, 3.97987], "size": [4, 5, 4], "uv": [0, 220], "inflate": -0.35}
				]
			},
			{
				"name": "bone84",
				"parent": "tui1",
				"pivot": [0, 20.25, 6.5],
				"rotation": [-75, 0, 0],
				"cubes": [
					{"origin": [-2, 18.08842, 5.28191], "size": [4, 6, 3], "uv": [162, 231], "inflate": -0.34}
				]
			},
			{
				"name": "bone85",
				"parent": "tui1",
				"pivot": [0, 20.25, 11.5],
				"rotation": [-45, 0, 0],
				"cubes": [
					{"origin": [-2, 18.66475, 8.12322], "size": [4, 3, 3], "uv": [184, 260], "inflate": -0.25}
				]
			},
			{
				"name": "bone87",
				"parent": "tui1",
				"pivot": [0, 20.25, 11.5],
				"rotation": [-25, 0, 0],
				"cubes": [
					{"origin": [-1.99, 21.30888, 7.55939], "size": [4, 5, 4], "uv": [204, 210], "inflate": -0.252}
				]
			},
			{
				"name": "bone88",
				"parent": "tui1",
				"pivot": [0, 22.25, 11.5],
				"rotation": [40, 0, 0],
				"cubes": [
					{"origin": [-2, 23.0956, 11.6485], "size": [4, 7, 4], "uv": [178, 187], "inflate": -0.249}
				]
			},
			{
				"name": "bone91",
				"parent": "tui1",
				"pivot": [0, 25.25, 6.5],
				"rotation": [20, 0, 0],
				"cubes": [
					{"origin": [-1.99, 27.58777, 7.92438], "size": [4, 8, 4], "uv": [162, 173], "inflate": -0.25}
				]
			},
			{
				"name": "bone92",
				"parent": "tui1",
				"pivot": [0, 36.58777, 7.92438],
				"rotation": [-15, 0, 0],
				"cubes": [
					{"origin": [-2, 30.58777, 1.92438], "size": [4, 8, 10], "uv": [108, 123], "inflate": -0.25}
				]
			},
			{
				"name": "bone93",
				"parent": "bone92",
				"pivot": [0, 40.45147, 6.8891],
				"rotation": [0, 0, 20],
				"cubes": [
					{"origin": [-1.17153, 37.6167, 1.92438], "size": [4, 4, 10], "uv": [28, 143], "inflate": -0.25}
				]
			},
			{
				"name": "bone89",
				"parent": "tui1",
				"pivot": [0, 20.25, 11.5],
				"rotation": [55, 0, 0],
				"cubes": [
					{"origin": [-2, 21.49859, 12.7576], "size": [4, 9, 4], "uv": [78, 173], "inflate": -0.25}
				]
			},
			{
				"name": "bone90",
				"parent": "tui1",
				"pivot": [0, 29.83415, 10.94863],
				"rotation": [35, 0, 0],
				"cubes": [
					{"origin": [-1.99, 31.32825, 3.65], "size": [4, 7, 6], "uv": [126, 159], "inflate": -0.25}
				]
			},
			{
				"name": "bone86",
				"parent": "tui1",
				"pivot": [0, 22.25, 12.15],
				"rotation": [-25, 0, 0],
				"cubes": [
					{"origin": [-1.99, 19.84824, 7.58114], "size": [4, 4, 4], "uv": [92, 220], "inflate": -0.25}
				]
			},
			{
				"name": "tui4",
				"parent": "bone94",
				"pivot": [11, 0, 0]
			},
			{
				"name": "bone321",
				"parent": "tui4",
				"pivot": [11, 11.25, 1.5],
				"rotation": [65, 0, 0],
				"cubes": [
					{"origin": [9, -13.36869, 14.76466], "size": [4, 3, 4], "uv": [146, 231]}
				]
			},
			{
				"name": "bone327",
				"parent": "tui4",
				"pivot": [11, 14.25, 1.5],
				"rotation": [60, 0, 0],
				"cubes": [
					{"origin": [9, -9.7525, 13.95211], "size": [4, 5, 4], "uv": [188, 210], "inflate": -0.25}
				]
			},
			{
				"name": "bone328",
				"parent": "tui4",
				"pivot": [11, 19.25, 1.5],
				"rotation": [50, 0, 0],
				"cubes": [
					{"origin": [9, -2.12113, 12.98169], "size": [4, 7, 4], "uv": [162, 187], "inflate": -0.65}
				]
			},
			{
				"name": "bone329",
				"parent": "tui4",
				"pivot": [11, 20.25, 6.5],
				"rotation": [20, 0, 0],
				"cubes": [
					{"origin": [9, 17.59898, 18.40706], "size": [4, 3, 3], "uv": [170, 260], "inflate": -0.349}
				]
			},
			{
				"name": "bone330",
				"parent": "tui4",
				"pivot": [11, 20.25, 6.5],
				"rotation": [30, 0, 0],
				"cubes": [
					{"origin": [9, 11.23591, 17.97398], "size": [4, 6, 3], "uv": [132, 231], "inflate": -0.351}
				]
			},
			{
				"name": "bone332",
				"parent": "tui4",
				"pivot": [11, 20.25, 11.5],
				"rotation": [35, 0, 0],
				"cubes": [
					{"origin": [9, 18.84043, 18.68094], "size": [4, 4, 3], "uv": [146, 251], "inflate": -0.248}
				]
			},
			{
				"name": "bone331",
				"parent": "tui4",
				"pivot": [11, 20.25, 12.5],
				"rotation": [25, 0, 0],
				"cubes": [
					{"origin": [9, 21.12563, 19.20216], "size": [4, 4, 3], "uv": [132, 251], "inflate": -0.249}
				]
			},
			{
				"name": "bone333",
				"parent": "tui4",
				"pivot": [11, 22.25, 11.5],
				"rotation": [65, 0, 0],
				"cubes": [
					{"origin": [9, 17.71617, 16.57407], "size": [4, 6, 4], "uv": [0, 210], "inflate": -0.251}
				]
			},
			{
				"name": "bone334",
				"parent": "tui4",
				"pivot": [11, 25.25, 6.5],
				"rotation": [30, 0, 0],
				"cubes": [
					{"origin": [8.99, 23.73336, 12.06348], "size": [4, 9, 5], "uv": [0, 173], "inflate": -0.25}
				]
			},
			{
				"name": "bone335",
				"parent": "tui4",
				"pivot": [11, 36.58777, 7.92438],
				"rotation": [35, 0, 0],
				"cubes": [
					{"origin": [9, 30.58777, 1.92438], "size": [4, 8, 10], "uv": [80, 123], "inflate": -0.25}
				]
			},
			{
				"name": "bone336",
				"parent": "bone335",
				"pivot": [11, 40.45147, 6.8891],
				"rotation": [0, 0, -20],
				"cubes": [
					{"origin": [8.17153, 37.61671, 1.92438], "size": [4, 4, 10], "uv": [0, 143], "inflate": -0.25}
				]
			},
			{
				"name": "bone337",
				"parent": "tui4",
				"pivot": [11, 20.25, 11.5],
				"rotation": [80, 0, 0],
				"cubes": [
					{"origin": [9, 14.87363, 16.26253], "size": [4, 7, 4], "uv": [146, 187], "inflate": -0.249}
				]
			},
			{
				"name": "bone338",
				"parent": "tui4",
				"pivot": [11, 29.83415, 10.94863],
				"rotation": [55, 0, 0],
				"cubes": [
					{"origin": [8.99, 26.99857, 7.12638], "size": [4, 6, 7], "uv": [24, 159], "inflate": -0.25}
				]
			},
			{
				"name": "tui2",
				"parent": "bone94",
				"pivot": [0, 0, -16]
			},
			{
				"name": "bone122",
				"parent": "tui2",
				"pivot": [0, 11.25, -14.5],
				"rotation": [45, 0, 0],
				"cubes": [
					{"origin": [-2.15, 16.3419, -13.94399], "size": [4, 3, 4], "uv": [116, 231], "inflate": -0.1}
				]
			},
			{
				"name": "bone123",
				"parent": "tui2",
				"pivot": [0, 16.25, -13.5],
				"rotation": [45, 0, 0],
				"cubes": [
					{"origin": [-2.15, 20.15462, -17.33689], "size": [4, 5, 4], "uv": [172, 210], "inflate": -0.35}
				]
			},
			{
				"name": "bone124",
				"parent": "tui2",
				"pivot": [0, 19.25, -14.5],
				"rotation": [10, 0, 0],
				"cubes": [
					{"origin": [-2.15, 20.37695, -22.27842], "size": [4, 7, 4], "uv": [130, 187], "inflate": -0.65}
				]
			},
			{
				"name": "bone126",
				"parent": "tui2",
				"pivot": [0, 20.25, -9.5],
				"rotation": [5, 0, 0],
				"cubes": [
					{"origin": [-2.1, 26.06717, -22.67979], "size": [4, 7, 3], "uv": [78, 220], "inflate": -0.45}
				]
			},
			{
				"name": "bone127",
				"parent": "tui2",
				"pivot": [0, 20.25, -4.5],
				"rotation": [-45, 0, 0],
				"cubes": [
					{"origin": [-2, 14.65002, -26.08277], "size": [4, 3, 3], "uv": [156, 260], "inflate": -0.25}
				]
			},
			{
				"name": "bone128",
				"parent": "tui2",
				"pivot": [0, 20.25, -4.5],
				"rotation": [-115, 0, 0],
				"cubes": [
					{"origin": [-2.1, -1.121, -9.46813], "size": [4, 7, 4], "uv": [114, 187], "inflate": -0.35}
				]
			},
			{
				"name": "bone130",
				"parent": "tui2",
				"pivot": [0, 25.25, -9.5],
				"rotation": [-35, 0, 0],
				"cubes": [
					{"origin": [-1.99, 27.27709, -18.2626], "size": [4, 8, 4], "uv": [146, 173], "inflate": -0.25}
				]
			},
			{
				"name": "bone131",
				"parent": "tui2",
				"pivot": [0, 35.58777, -8.07562],
				"rotation": [-60, 0, 0],
				"cubes": [
					{"origin": [-2, 29.58777, -14.07562], "size": [4, 8, 8], "uv": [160, 143], "inflate": -0.25}
				]
			},
			{
				"name": "bone132",
				"parent": "bone131",
				"pivot": [0, 39.45147, -9.1109],
				"rotation": [0, 0, 20],
				"cubes": [
					{"origin": [-1.17153, 36.6167, -14.07562], "size": [4, 4, 8], "uv": [0, 159], "inflate": -0.25}
				]
			},
			{
				"name": "bone133",
				"parent": "tui2",
				"pivot": [0, 20.25, -4.5],
				"rotation": [-65, 0, 0],
				"cubes": [
					{"origin": [-2, 11.54727, -20.37422], "size": [4, 6, 4], "uv": [156, 198], "inflate": -0.25}
				]
			},
			{
				"name": "bone134",
				"parent": "tui2",
				"pivot": [0, 34.82825, -9.35],
				"rotation": [-15, 0, 0],
				"cubes": [
					{"origin": [-1.99, 29.14172, -16.69735], "size": [4, 7, 6], "uv": [106, 159], "inflate": -0.25}
				]
			},
			{
				"name": "tui3",
				"parent": "bone94",
				"pivot": [11, 0, -16]
			},
			{
				"name": "bone316",
				"parent": "tui3",
				"pivot": [11, 11.25, -14.5],
				"rotation": [-15, 0, 0],
				"cubes": [
					{"origin": [8.85, 4.28911, -29.04253], "size": [4, 3, 4], "uv": [100, 231], "inflate": -0.1}
				]
			},
			{
				"name": "bone317",
				"parent": "tui3",
				"pivot": [11, 16.25, -13.5],
				"rotation": [-15, 0, 0],
				"cubes": [
					{"origin": [8.9, 4.75066, -27.71436], "size": [4, 5, 4], "uv": [156, 210], "inflate": -0.35}
				]
			},
			{
				"name": "bone318",
				"parent": "tui3",
				"pivot": [11, 19.25, -30.5],
				"rotation": [-15, 0, 0],
				"cubes": [
					{"origin": [8.9, 13.25281, -27.81716], "size": [4, 7, 4], "uv": [98, 187], "inflate": -0.65}
				]
			},
			{
				"name": "bone319",
				"parent": "tui3",
				"pivot": [11, 20.25, -23.5],
				"rotation": [-40, 0, 0],
				"cubes": [
					{"origin": [8.95, 16.26271, -25.79805], "size": [4, 9, 3], "uv": [142, 198], "inflate": -0.45}
				]
			},
			{
				"name": "bone320",
				"parent": "tui3",
				"pivot": [11, 20.25, -4.5],
				"rotation": [-45, 0, 0],
				"cubes": [
					{"origin": [9, 10.94925, -20.42371], "size": [4, 3, 3], "uv": [142, 260], "inflate": -0.25}
				]
			},
			{
				"name": "bone323",
				"parent": "tui3",
				"pivot": [11, 35.58777, -8.07562],
				"rotation": [-45, 0, 0],
				"cubes": [
					{"origin": [9, 29.58777, -14.07562], "size": [4, 8, 8], "uv": [136, 143], "inflate": -0.25}
				]
			},
			{
				"name": "bone324",
				"parent": "bone323",
				"pivot": [11, 39.45147, -9.1109],
				"rotation": [0, 0, -20],
				"cubes": [
					{"origin": [8.17153, 36.61671, -14.07562], "size": [4, 4, 8], "uv": [184, 143], "inflate": -0.25}
				]
			},
			{
				"name": "bone325",
				"parent": "tui3",
				"pivot": [11, 20.25, -4.5],
				"rotation": [-60, 0, 0],
				"cubes": [
					{"origin": [9, 9.61581, -18.19418], "size": [4, 7, 4], "uv": [82, 187], "inflate": -0.2515}
				]
			},
			{
				"name": "bone326",
				"parent": "tui3",
				"pivot": [11, 34.82825, -9.35],
				"rotation": [-15, 0, 0],
				"cubes": [
					{"origin": [9, 26.03708, -16.42027], "size": [4, 8, 6], "uv": [46, 159], "inflate": -0.251}
				]
			},
			{
				"name": "bone121",
				"parent": "bone94",
				"pivot": [0, 0, 0]
			},
			{
				"name": "2",
				"parent": "bone121",
				"pivot": [-1, 0, 0],
				"rotation": [5, 0, 0]
			},
			{
				"name": "bone95",
				"parent": "2",
				"pivot": [5, 41.5, 1.5],
				"rotation": [5, 0, 0],
				"cubes": [
					{"origin": [0.5, 30.8206, -7.23442], "size": [10, 12, 22], "uv": [0, 0]}
				]
			},
			{
				"name": "bone96",
				"parent": "bone95",
				"pivot": [3, 41.5, 1.5],
				"rotation": [0, 0, 10],
				"cubes": [
					{"origin": [0.30866, 37.36642, -6.23442], "size": [2, 5, 21], "uv": [92, 34]}
				]
			},
			{
				"name": "bone108",
				"parent": "bone96",
				"pivot": [0.30866, 39.86642, 14.76558],
				"rotation": [0, 20, 0],
				"cubes": [
					{"origin": [0.65068, 37.36642, 14.82589], "size": [2, 4, 2], "uv": [52, 305]}
				]
			},
			{
				"name": "bone104",
				"parent": "bone95",
				"pivot": [3, 41.5, 1.5],
				"rotation": [0, 0, 85],
				"cubes": [
					{"origin": [1.45806, 39.202, -6.23442], "size": [2, 5, 21], "uv": [46, 34]}
				]
			},
			{
				"name": "bone115",
				"parent": "bone104",
				"pivot": [-0.5, 1.5, 16],
				"rotation": [0, 30, 0]
			},
			{
				"name": "bone117",
				"parent": "bone115",
				"pivot": [3.31294, 41.702, 16.04397],
				"rotation": [0, -5, 0],
				"cubes": [
					{"origin": [1.80697, 39.202, 14.04123], "size": [2, 5, 4], "uv": [120, 251]}
				]
			},
			{
				"name": "bone315",
				"parent": "bone115",
				"pivot": [3.31294, 41.702, 9.04397],
				"rotation": [0, -40, 0],
				"cubes": [
					{"origin": [5.43011, 39.202, 8.62952], "size": [2, 5, 5], "uv": [64, 220]}
				]
			},
			{
				"name": "bone120",
				"parent": "bone115",
				"pivot": [6.41025, 41.702, 20.31381],
				"rotation": [0, 45, 0],
				"cubes": [
					{"origin": [5.57897, 39.30006, 15.63684], "size": [2, 5, 4], "uv": [108, 251]}
				]
			},
			{
				"name": "bone105",
				"parent": "bone95",
				"pivot": [3, 41.5, 1.5],
				"rotation": [0, 0, 95],
				"cubes": [
					{"origin": [1.01081, 43.91011, -6.23442], "size": [2, 5, 21], "uv": [0, 34], "mirror": true}
				]
			},
			{
				"name": "bone114",
				"parent": "bone105",
				"pivot": [2.01081, 46.41011, 14.76558],
				"rotation": [0, 30, 0]
			},
			{
				"name": "bone118",
				"parent": "bone114",
				"pivot": [-0.5, 1.5, 21],
				"rotation": [0, -5, 0],
				"cubes": [
					{"origin": [0.55158, 43.91011, 12.14785], "size": [2, 5, 4], "uv": [96, 251]}
				]
			},
			{
				"name": "bone314",
				"parent": "bone114",
				"pivot": [-3.5, 1.5, 14],
				"rotation": [0, -40, 0],
				"cubes": [
					{"origin": [-0.91833, 43.91011, 3.57953], "size": [2, 5, 6], "uv": [66, 187]}
				]
			},
			{
				"name": "bone119",
				"parent": "bone114",
				"pivot": [2.28988, 46.41011, 16.8927],
				"rotation": [0, 45, 0],
				"cubes": [
					{"origin": [2.6552, 43.7042, 15.86458], "size": [2, 5, 4], "uv": [84, 251]}
				]
			},
			{
				"name": "bone103",
				"parent": "bone95",
				"pivot": [3, 41.5, 1.5],
				"rotation": [0, 0, -10],
				"cubes": [
					{"origin": [8.61538, 36.49818, -6.23442], "size": [2, 5, 21], "uv": [156, 0]}
				]
			},
			{
				"name": "bone113",
				"parent": "bone103",
				"pivot": [9.61538, 38.99818, 16.76558],
				"rotation": [0, -20, 0],
				"cubes": [
					{"origin": [7.52901, 36.49818, 14.60448], "size": [2, 4, 2], "uv": [44, 305]}
				]
			},
			{
				"name": "bone97",
				"parent": "bone95",
				"pivot": [3, 36.51903, 1.06422],
				"rotation": [0, 0, -5],
				"cubes": [
					{"origin": [-0.23536, 31.18488, -6.23442], "size": [2, 7, 21], "uv": [110, 0]}
				]
			},
			{
				"name": "bone107",
				"parent": "bone97",
				"pivot": [-1.23536, 34.68488, 16.26558],
				"rotation": [0, 20, 0],
				"cubes": [
					{"origin": [0.55938, 31.18488, 15.25837], "size": [2, 7, 2], "uv": [76, 296]}
				]
			},
			{
				"name": "bone102",
				"parent": "bone95",
				"pivot": [3, 36.51903, 1.06422],
				"rotation": [0, 0, 5],
				"cubes": [
					{"origin": [9.21634, 31.62066, -6.23442], "size": [2, 7, 21], "uv": [64, 0]}
				]
			},
			{
				"name": "bone112",
				"parent": "bone102",
				"pivot": [10.21634, 35.12066, 14.76558],
				"rotation": [0, -20, 0],
				"cubes": [
					{"origin": [8.81401, 31.62066, 14.48387], "size": [2, 7, 2], "uv": [68, 296]}
				]
			},
			{
				"name": "bone98",
				"parent": "bone95",
				"pivot": [3, 29.54566, 0.45413],
				"rotation": [0, 0, -35],
				"cubes": [
					{"origin": [1.53078, 31.25608, -6.23442], "size": [2, 1, 21], "uv": [92, 60]}
				]
			},
			{
				"name": "bone101",
				"parent": "bone95",
				"pivot": [3, 29.54566, 0.45413],
				"rotation": [0, 0, 35],
				"cubes": [
					{"origin": [6.56498, 34.12397, -6.23442], "size": [2, 1, 21], "uv": [46, 60]}
				]
			},
			{
				"name": "bone99",
				"parent": "bone95",
				"pivot": [6, 29.54566, 0.45413],
				"rotation": [0, 0, -80],
				"cubes": [
					{"origin": [5.64961, 30.74843, -6.23442], "size": [2, 4, 21], "uv": [184, 34]}
				]
			},
			{
				"name": "bone109",
				"parent": "bone99",
				"pivot": [6.64961, 32.74843, 14.76558],
				"rotation": [0, 30, 0],
				"cubes": [
					{"origin": [6.28358, 30.74843, 14.39956], "size": [2, 4, 2], "uv": [36, 305]}
				]
			},
			{
				"name": "bone106",
				"parent": "bone95",
				"pivot": [8, 29.54566, 0.45413],
				"rotation": [0, 0, -90],
				"cubes": [
					{"origin": [7.87314, 31.04006, -6.21263], "size": [2, 2, 21], "uv": [0, 60]}
				]
			},
			{
				"name": "bone111",
				"parent": "bone106",
				"pivot": [8.87314, 32.04006, 14.78737],
				"rotation": [0, 30, 0],
				"cubes": [
					{"origin": [8.50712, 31.04006, 14.42135], "size": [2, 2, 2], "uv": [132, 305]}
				]
			},
			{
				"name": "bone100",
				"parent": "bone95",
				"pivot": [6, 29.54566, 0.45413],
				"rotation": [0, 0, -100],
				"cubes": [
					{"origin": [5.82326, 25.3277, -6.23442], "size": [2, 4, 21], "uv": [138, 34]}
				]
			},
			{
				"name": "bone110",
				"parent": "bone100",
				"pivot": [2.5, -10.45434, 0.95413],
				"rotation": [0, 30, 0],
				"cubes": [
					{"origin": [-1.0277, 25.3277, 14.7108], "size": [2, 4, 2], "uv": [28, 305]}
				]
			},
			{
				"name": "3",
				"parent": "bone121",
				"pivot": [0, 0, 0],
				"rotation": [-10, 0, 0]
			},
			{
				"name": "bone125",
				"parent": "3",
				"pivot": [5, 41.5, -33.5],
				"rotation": [5, 0, 0],
				"cubes": [
					{"origin": [0.5, 26.10428, -17.8184], "size": [10, 12, 4], "uv": [192, 123]}
				]
			},
			{
				"name": "bone129",
				"parent": "bone125",
				"pivot": [3, 41.5, -33.5],
				"rotation": [0, 0, 10],
				"cubes": [
					{"origin": [1.12764, 32.72175, -17.8184], "size": [2, 5, 4], "uv": [72, 251]}
				]
			},
			{
				"name": "bone135",
				"parent": "bone129",
				"pivot": [0.30866, 39.86642, -20.23442],
				"rotation": [0, 20, 0]
			},
			{
				"name": "bone136",
				"parent": "bone125",
				"pivot": [3, 41.5, -33.5],
				"rotation": [0, 0, 85],
				"cubes": [
					{"origin": [6.15643, 38.79095, -17.8184], "size": [2, 5, 4], "uv": [60, 251]}
				]
			},
			{
				"name": "bone137",
				"parent": "bone136",
				"pivot": [-0.5, 1.5, -19],
				"rotation": [0, 30, 0]
			},
			{
				"name": "bone138",
				"parent": "bone137",
				"pivot": [3.31294, 41.702, -18.95603],
				"rotation": [0, -5, 0]
			},
			{
				"name": "bone139",
				"parent": "bone137",
				"pivot": [6.41025, 41.702, -14.68619],
				"rotation": [0, 45, 0]
			},
			{
				"name": "bone140",
				"parent": "bone125",
				"pivot": [3, 41.5, -33.5],
				"rotation": [0, 0, 95],
				"cubes": [
					{"origin": [5.70918, 44.32116, -17.8184], "size": [2, 5, 4], "uv": [48, 251]}
				]
			},
			{
				"name": "bone141",
				"parent": "bone140",
				"pivot": [2.01081, 46.41011, -20.23442],
				"rotation": [0, 30, 0]
			},
			{
				"name": "bone142",
				"parent": "bone141",
				"pivot": [-0.5, 1.5, -14],
				"rotation": [0, -5, 0]
			},
			{
				"name": "bone143",
				"parent": "bone141",
				"pivot": [2.28988, 46.41011, -18.1073],
				"rotation": [0, 45, 0]
			},
			{
				"name": "bone144",
				"parent": "bone125",
				"pivot": [3, 41.5, -33.5],
				"rotation": [0, 0, -10],
				"cubes": [
					{"origin": [7.7964, 31.85351, -17.8184], "size": [2, 5, 4], "uv": [36, 251]}
				]
			},
			{
				"name": "bone145",
				"parent": "bone144",
				"pivot": [9.61538, 38.99818, -18.23442],
				"rotation": [0, -20, 0]
			},
			{
				"name": "bone146",
				"parent": "bone125",
				"pivot": [3, 36.51903, -33.93578],
				"rotation": [0, 0, -5],
				"cubes": [
					{"origin": [-0.64641, 26.48651, -17.8184], "size": [2, 7, 4], "uv": [88, 231]}
				]
			},
			{
				"name": "bone147",
				"parent": "bone146",
				"pivot": [-1.23536, 34.68488, -18.73442],
				"rotation": [0, 20, 0]
			},
			{
				"name": "bone148",
				"parent": "bone125",
				"pivot": [3, 36.51903, -33.93578],
				"rotation": [0, 0, 5],
				"cubes": [
					{"origin": [9.62739, 26.92229, -17.8184], "size": [2, 7, 4], "uv": [88, 231], "mirror": true}
				]
			},
			{
				"name": "bone150",
				"parent": "bone125",
				"pivot": [3, 29.54566, -34.54587],
				"rotation": [0, 0, -35],
				"cubes": [
					{"origin": [-1.17439, 27.3927, -17.8184], "size": [2, 1, 4], "uv": [56, 296]}
				]
			},
			{
				"name": "bone151",
				"parent": "bone125",
				"pivot": [3, 29.54566, -34.54587],
				"rotation": [0, 0, 35],
				"cubes": [
					{"origin": [9.27015, 30.26059, -17.8184], "size": [2, 1, 4], "uv": [44, 296]}
				]
			},
			{
				"name": "bone152",
				"parent": "bone125",
				"pivot": [6, 29.54566, -34.54587],
				"rotation": [0, 0, -80],
				"cubes": [
					{"origin": [1.00494, 29.92945, -17.8184], "size": [2, 4, 4], "uv": [130, 260]}
				]
			},
			{
				"name": "bone153",
				"parent": "bone152",
				"pivot": [6.64961, 32.74843, -20.23442],
				"rotation": [0, 30, 0]
			},
			{
				"name": "bone154",
				"parent": "bone125",
				"pivot": [8, 29.54566, -34.54587],
				"rotation": [0, 0, -90],
				"cubes": [
					{"origin": [3.15682, 31.04006, -17.79661], "size": [2, 2, 4], "uv": [100, 288]}
				]
			},
			{
				"name": "bone155",
				"parent": "bone154",
				"pivot": [8.87314, 32.04006, -20.21263],
				"rotation": [0, 30, 0]
			},
			{
				"name": "bone156",
				"parent": "bone125",
				"pivot": [6, 29.54566, -34.54587],
				"rotation": [0, 0, -100],
				"cubes": [
					{"origin": [1.17859, 26.14668, -17.8184], "size": [2, 4, 4], "uv": [118, 260]}
				]
			},
			{
				"name": "bone157",
				"parent": "bone156",
				"pivot": [2.5, -10.45434, -34.04587],
				"rotation": [0, 30, 0]
			},
			{
				"name": "4",
				"parent": "bone121",
				"pivot": [0, 0, -13],
				"rotation": [-25, 0, 0]
			},
			{
				"name": "bone149",
				"parent": "4",
				"pivot": [5, 41.5, -46.5],
				"rotation": [5, 0, 0],
				"cubes": [
					{"origin": [0.5, 25.97243, -28.2287], "size": [10, 12, 3], "uv": [110, 143]}
				]
			},
			{
				"name": "bone158",
				"parent": "bone149",
				"pivot": [3, 41.5, -46.5],
				"rotation": [0, 0, 10],
				"cubes": [
					{"origin": [1.15054, 32.5919, -28.2287], "size": [2, 5, 3], "uv": [90, 288]}
				]
			},
			{
				"name": "bone159",
				"parent": "bone158",
				"pivot": [0.30866, 39.86642, -33.23442],
				"rotation": [0, 20, 0]
			},
			{
				"name": "bone160",
				"parent": "bone149",
				"pivot": [3, 41.5, -46.5],
				"rotation": [0, 0, 85],
				"cubes": [
					{"origin": [6.28778, 38.77945, -28.2287], "size": [2, 5, 3], "uv": [80, 288]}
				]
			},
			{
				"name": "bone161",
				"parent": "bone160",
				"pivot": [-0.5, 1.5, -32],
				"rotation": [0, 30, 0]
			},
			{
				"name": "bone162",
				"parent": "bone161",
				"pivot": [3.31294, 41.702, -31.95603],
				"rotation": [0, -5, 0]
			},
			{
				"name": "bone163",
				"parent": "bone161",
				"pivot": [6.41025, 41.702, -27.68619],
				"rotation": [0, 45, 0]
			},
			{
				"name": "bone164",
				"parent": "bone149",
				"pivot": [3, 41.5, -46.5],
				"rotation": [0, 0, 95],
				"cubes": [
					{"origin": [5.84053, 44.33266, -28.2287], "size": [2, 5, 3], "uv": [70, 288]}
				]
			},
			{
				"name": "bone165",
				"parent": "bone164",
				"pivot": [2.01081, 46.41011, -33.23442],
				"rotation": [0, 30, 0]
			},
			{
				"name": "bone166",
				"parent": "bone165",
				"pivot": [-0.5, 1.5, -27],
				"rotation": [0, -5, 0]
			},
			{
				"name": "bone167",
				"parent": "bone165",
				"pivot": [2.28988, 46.41011, -31.1073],
				"rotation": [0, 45, 0]
			},
			{
				"name": "bone168",
				"parent": "bone149",
				"pivot": [3, 41.5, -46.5],
				"rotation": [0, 0, -10],
				"cubes": [
					{"origin": [7.7735, 31.72366, -28.2287], "size": [2, 5, 3], "uv": [60, 288]}
				]
			},
			{
				"name": "bone169",
				"parent": "bone168",
				"pivot": [9.61538, 38.99818, -31.23442],
				"rotation": [0, -20, 0]
			},
			{
				"name": "bone170",
				"parent": "bone149",
				"pivot": [3, 36.51903, -46.93578],
				"rotation": [0, 0, -5],
				"cubes": [
					{"origin": [-0.65791, 26.35516, -28.2287], "size": [2, 7, 3], "uv": [108, 260]}
				]
			},
			{
				"name": "bone171",
				"parent": "bone170",
				"pivot": [-1.23536, 34.68488, -31.73442],
				"rotation": [0, 20, 0]
			},
			{
				"name": "bone172",
				"parent": "bone149",
				"pivot": [3, 36.51903, -46.93578],
				"rotation": [0, 0, 5],
				"cubes": [
					{"origin": [9.63889, 26.79094, -28.2287], "size": [2, 7, 3], "uv": [108, 260], "mirror": true}
				]
			},
			{
				"name": "bone173",
				"parent": "bone149",
				"pivot": [3, 29.54566, -47.54587],
				"rotation": [0, 0, -35],
				"cubes": [
					{"origin": [-1.25002, 27.28469, -28.2287], "size": [2, 1, 3], "uv": [18, 305]}
				]
			},
			{
				"name": "bone174",
				"parent": "bone149",
				"pivot": [3, 29.54566, -47.54587],
				"rotation": [0, 0, 35],
				"cubes": [
					{"origin": [9.34578, 30.15258, -28.2287], "size": [2, 1, 3], "uv": [8, 305]}
				]
			},
			{
				"name": "bone175",
				"parent": "bone149",
				"pivot": [6, 29.54566, -47.54587],
				"rotation": [0, 0, -80],
				"cubes": [
					{"origin": [0.87509, 29.90655, -28.2287], "size": [2, 4, 3], "uv": [34, 296]}
				]
			},
			{
				"name": "bone176",
				"parent": "bone175",
				"pivot": [6.64961, 32.74843, -33.23442],
				"rotation": [0, 30, 0]
			},
			{
				"name": "bone177",
				"parent": "bone149",
				"pivot": [8, 29.54566, -47.54587],
				"rotation": [0, 0, -90],
				"cubes": [
					{"origin": [3.02497, 31.04006, -28.20691], "size": [2, 2, 3], "uv": [174, 296]}
				]
			},
			{
				"name": "bone178",
				"parent": "bone177",
				"pivot": [8.87314, 32.04006, -33.21263],
				"rotation": [0, 30, 0]
			},
			{
				"name": "bone179",
				"parent": "bone149",
				"pivot": [6, 29.54566, -47.54587],
				"rotation": [0, 0, -100],
				"cubes": [
					{"origin": [1.04874, 26.16958, -28.2287], "size": [2, 4, 3], "uv": [24, 296]}
				]
			},
			{
				"name": "bone180",
				"parent": "bone179",
				"pivot": [2.5, -10.45434, -47.04587],
				"rotation": [0, 30, 0]
			},
			{
				"name": "5",
				"parent": "bone121",
				"pivot": [0, 0, -13],
				"rotation": [-45, 0, 0]
			},
			{
				"name": "bone181",
				"parent": "5",
				"pivot": [5, 41.5, -46.5],
				"rotation": [5, 0, 0],
				"cubes": [
					{"origin": [0.5, 20.3968, -40.88115], "size": [10, 12, 4], "uv": [164, 123]}
				]
			},
			{
				"name": "bone182",
				"parent": "bone181",
				"pivot": [3, 41.5, -46.5],
				"rotation": [0, 0, 10],
				"cubes": [
					{"origin": [2.11873, 27.10098, -40.88115], "size": [2, 5, 4], "uv": [24, 251]}
				]
			},
			{
				"name": "bone183",
				"parent": "bone182",
				"pivot": [0.30866, 39.86642, -33.23442],
				"rotation": [0, 20, 0]
			},
			{
				"name": "bone184",
				"parent": "bone181",
				"pivot": [3, 41.5, -46.5],
				"rotation": [0, 0, 85],
				"cubes": [
					{"origin": [11.8422, 38.29351, -40.88115], "size": [2, 5, 4], "uv": [12, 251]}
				]
			},
			{
				"name": "bone185",
				"parent": "bone184",
				"pivot": [-0.5, 1.5, -32],
				"rotation": [0, 30, 0]
			},
			{
				"name": "bone186",
				"parent": "bone185",
				"pivot": [3.31294, 41.702, -31.95603],
				"rotation": [0, -5, 0]
			},
			{
				"name": "bone187",
				"parent": "bone185",
				"pivot": [6.41025, 41.702, -27.68619],
				"rotation": [0, 45, 0]
			},
			{
				"name": "bone188",
				"parent": "bone181",
				"pivot": [3, 41.5, -46.5],
				"rotation": [0, 0, 95],
				"cubes": [
					{"origin": [11.39495, 44.8186, -40.88115], "size": [2, 5, 4], "uv": [0, 251]}
				]
			},
			{
				"name": "bone189",
				"parent": "bone188",
				"pivot": [2.01081, 46.41011, -33.23442],
				"rotation": [0, 30, 0]
			},
			{
				"name": "bone190",
				"parent": "bone189",
				"pivot": [-0.5, 1.5, -27],
				"rotation": [0, -5, 0]
			},
			{
				"name": "bone191",
				"parent": "bone189",
				"pivot": [2.28988, 46.41011, -31.1073],
				"rotation": [0, 45, 0]
			},
			{
				"name": "bone192",
				"parent": "bone181",
				"pivot": [3, 41.5, -46.5],
				"rotation": [0, 0, -10],
				"cubes": [
					{"origin": [6.80531, 26.23274, -40.88115], "size": [2, 5, 4], "uv": [180, 242]}
				]
			},
			{
				"name": "bone193",
				"parent": "bone192",
				"pivot": [9.61538, 38.99818, -31.23442],
				"rotation": [0, -20, 0]
			},
			{
				"name": "bone194",
				"parent": "bone181",
				"pivot": [3, 36.51903, -46.93578],
				"rotation": [0, 0, -5],
				"cubes": [
					{"origin": [-1.14385, 20.80074, -40.88115], "size": [2, 7, 4], "uv": [64, 231]}
				]
			},
			{
				"name": "bone195",
				"parent": "bone194",
				"pivot": [-1.23536, 34.68488, -31.73442],
				"rotation": [0, 20, 0]
			},
			{
				"name": "bone196",
				"parent": "bone181",
				"pivot": [3, 36.51903, -46.93578],
				"rotation": [0, 0, 5],
				"cubes": [
					{"origin": [10.12483, 21.23652, -40.88115], "size": [2, 7, 4], "uv": [64, 231], "mirror": true}
				]
			},
			{
				"name": "bone197",
				"parent": "bone181",
				"pivot": [3, 29.54566, -47.54587],
				"rotation": [0, 0, -35],
				"cubes": [
					{"origin": [-4.44807, 22.7174, -40.88115], "size": [2, 1, 4], "uv": [12, 296]}
				]
			},
			{
				"name": "bone198",
				"parent": "bone181",
				"pivot": [3, 29.54566, -47.54587],
				"rotation": [0, 0, 35],
				"cubes": [
					{"origin": [12.54383, 25.58529, -40.88115], "size": [2, 1, 4], "uv": [0, 296]}
				]
			},
			{
				"name": "bone199",
				"parent": "bone181",
				"pivot": [6, 29.54566, -47.54587],
				"rotation": [0, 0, -80],
				"cubes": [
					{"origin": [-4.61583, 28.93836, -40.88115], "size": [2, 4, 4], "uv": [86, 260]}
				]
			},
			{
				"name": "bone200",
				"parent": "bone199",
				"pivot": [6.64961, 32.74843, -33.23442],
				"rotation": [0, 30, 0]
			},
			{
				"name": "bone201",
				"parent": "bone181",
				"pivot": [8, 29.54566, -47.54587],
				"rotation": [0, 0, -90],
				"cubes": [
					{"origin": [-2.55066, 31.04006, -40.85936], "size": [2, 2, 4], "uv": [48, 288]}
				]
			},
			{
				"name": "bone202",
				"parent": "bone201",
				"pivot": [8.87314, 32.04006, -33.21263],
				"rotation": [0, 30, 0]
			},
			{
				"name": "bone203",
				"parent": "bone181",
				"pivot": [6, 29.54566, -47.54587],
				"rotation": [0, 0, -100],
				"cubes": [
					{"origin": [-4.44218, 27.13777, -40.88115], "size": [2, 4, 4], "uv": [74, 260]}
				]
			},
			{
				"name": "bone204",
				"parent": "bone203",
				"pivot": [2.5, -10.45434, -47.04587],
				"rotation": [0, 30, 0]
			},
			{
				"name": "6",
				"parent": "bone121",
				"pivot": [0, 0, -13],
				"rotation": [-70, 0, 0]
			},
			{
				"name": "bone205",
				"parent": "6",
				"pivot": [5, 41.5, -46.5],
				"rotation": [5, 0, 0],
				"cubes": [
					{"origin": [0.5, 8.15861, -51.8106], "size": [10, 12, 4], "uv": [136, 123]}
				]
			},
			{
				"name": "bone206",
				"parent": "bone205",
				"pivot": [3, 41.5, -46.5],
				"rotation": [0, 0, 10],
				"cubes": [
					{"origin": [4.24387, 15.04872, -51.8106], "size": [2, 5, 4], "uv": [168, 242]}
				]
			},
			{
				"name": "bone207",
				"parent": "bone206",
				"pivot": [0.30866, 39.86642, -33.23442],
				"rotation": [0, 20, 0]
			},
			{
				"name": "bone208",
				"parent": "bone205",
				"pivot": [3, 41.5, -46.5],
				"rotation": [0, 0, 85],
				"cubes": [
					{"origin": [24.03381, 37.22688, -51.8106], "size": [2, 5, 4], "uv": [156, 242]}
				]
			},
			{
				"name": "bone209",
				"parent": "bone208",
				"pivot": [-0.5, 1.5, -32],
				"rotation": [0, 30, 0]
			},
			{
				"name": "bone210",
				"parent": "bone209",
				"pivot": [3.31294, 41.702, -31.95603],
				"rotation": [0, -5, 0]
			},
			{
				"name": "bone211",
				"parent": "bone209",
				"pivot": [6.41025, 41.702, -27.68619],
				"rotation": [0, 45, 0]
			},
			{
				"name": "bone212",
				"parent": "bone205",
				"pivot": [3, 41.5, -46.5],
				"rotation": [0, 0, 95],
				"cubes": [
					{"origin": [23.58656, 45.88523, -51.8106], "size": [2, 5, 4], "uv": [144, 242]}
				]
			},
			{
				"name": "bone213",
				"parent": "bone212",
				"pivot": [2.01081, 46.41011, -33.23442],
				"rotation": [0, 30, 0]
			},
			{
				"name": "bone214",
				"parent": "bone213",
				"pivot": [-0.5, 1.5, -27],
				"rotation": [0, -5, 0]
			},
			{
				"name": "bone215",
				"parent": "bone213",
				"pivot": [2.28988, 46.41011, -31.1073],
				"rotation": [0, 45, 0]
			},
			{
				"name": "bone216",
				"parent": "bone205",
				"pivot": [3, 41.5, -46.5],
				"rotation": [0, 0, -10],
				"cubes": [
					{"origin": [4.68017, 14.18048, -51.8106], "size": [2, 5, 4], "uv": [132, 242]}
				]
			},
			{
				"name": "bone217",
				"parent": "bone216",
				"pivot": [9.61538, 38.99818, -31.23442],
				"rotation": [0, -20, 0]
			},
			{
				"name": "bone218",
				"parent": "bone205",
				"pivot": [3, 36.51903, -46.93578],
				"rotation": [0, 0, -5],
				"cubes": [
					{"origin": [-2.21048, 8.60913, -51.8106], "size": [2, 7, 4], "uv": [40, 231]}
				]
			},
			{
				"name": "bone219",
				"parent": "bone218",
				"pivot": [-1.23536, 34.68488, -31.73442],
				"rotation": [0, 20, 0]
			},
			{
				"name": "bone220",
				"parent": "bone205",
				"pivot": [3, 36.51903, -46.93578],
				"rotation": [0, 0, 5],
				"cubes": [
					{"origin": [11.19146, 9.04491, -51.8106], "size": [2, 7, 4], "uv": [40, 231], "mirror": true}
				]
			},
			{
				"name": "bone221",
				"parent": "bone205",
				"pivot": [3, 29.54566, -47.54587],
				"rotation": [0, 0, -35],
				"cubes": [
					{"origin": [-11.4676, 12.69247, -51.8106], "size": [2, 1, 4], "uv": [182, 288]}
				]
			},
			{
				"name": "bone222",
				"parent": "bone205",
				"pivot": [3, 29.54566, -47.54587],
				"rotation": [0, 0, 35],
				"cubes": [
					{"origin": [19.56336, 15.56036, -51.8106], "size": [2, 1, 4], "uv": [170, 288]}
				]
			},
			{
				"name": "bone223",
				"parent": "bone205",
				"pivot": [6, 29.54566, -47.54587],
				"rotation": [0, 0, -80],
				"cubes": [
					{"origin": [-16.66809, 26.81322, -51.8106], "size": [2, 4, 4], "uv": [62, 260]}
				]
			},
			{
				"name": "bone224",
				"parent": "bone223",
				"pivot": [6.64961, 32.74843, -33.23442],
				"rotation": [0, 30, 0]
			},
			{
				"name": "bone225",
				"parent": "bone205",
				"pivot": [8, 29.54566, -47.54587],
				"rotation": [0, 0, -90],
				"cubes": [
					{"origin": [-14.78885, 31.04006, -51.78881], "size": [2, 2, 4], "uv": [36, 288]}
				]
			},
			{
				"name": "bone226",
				"parent": "bone225",
				"pivot": [8.87314, 32.04006, -33.21263],
				"rotation": [0, 30, 0]
			},
			{
				"name": "bone227",
				"parent": "bone205",
				"pivot": [6, 29.54566, -47.54587],
				"rotation": [0, 0, -100],
				"cubes": [
					{"origin": [-16.49444, 29.26291, -51.8106], "size": [2, 4, 4], "uv": [50, 260]}
				]
			},
			{
				"name": "bone228",
				"parent": "bone227",
				"pivot": [2.5, -10.45434, -47.04587],
				"rotation": [0, 30, 0]
			},
			{
				"name": "7",
				"parent": "bone121",
				"pivot": [0, 0, -33],
				"rotation": [-80, 0, 0]
			},
			{
				"name": "bone229",
				"parent": "7",
				"pivot": [5, 41.5, -66.5],
				"rotation": [5, 0, 0],
				"cubes": [
					{"origin": [0.5, 21.24349, -70.75275], "size": [10, 12, 3], "uv": [84, 143]}
				]
			},
			{
				"name": "bone230",
				"parent": "bone229",
				"pivot": [3, 41.5, -70.5],
				"rotation": [0, -10, 10],
				"cubes": [
					{"origin": [2.23052, 27.80783, -73.0712], "size": [2, 5, 4], "uv": [120, 242]}
				]
			},
			{
				"name": "bone232",
				"parent": "bone229",
				"pivot": [3, 41.5, -70.5],
				"rotation": [0, -10, 85],
				"cubes": [
					{"origin": [10.72619, 38.9496, -74.56921], "size": [2, 5, 4], "uv": [108, 242]}
				]
			},
			{
				"name": "bone236",
				"parent": "bone229",
				"pivot": [3, 41.5, -70.5],
				"rotation": [0, -10, 95],
				"cubes": [
					{"origin": [10.29703, 44.03138, -74.49354], "size": [2, 5, 4], "uv": [108, 242]}
				]
			},
			{
				"name": "bone240",
				"parent": "bone229",
				"pivot": [3, 41.5, -66.5],
				"rotation": [0, 10, -10],
				"cubes": [
					{"origin": [7.31331, 26.93959, -72.15538], "size": [2, 5, 4], "uv": [84, 242]}
				]
			},
			{
				"name": "bone242",
				"parent": "bone229",
				"pivot": [3, 36.51903, -67.93578],
				"rotation": [0, -10, -5],
				"cubes": [
					{"origin": [-1.02406, 21.6213, -72.30729], "size": [2, 7, 5], "uv": [128, 198]}
				]
			},
			{
				"name": "bone244",
				"parent": "bone229",
				"pivot": [4, 36.51903, -66.93578],
				"rotation": [0, 10, 5],
				"cubes": [
					{"origin": [10.12196, 21.96993, -71.60015], "size": [2, 7, 5], "uv": [128, 198], "mirror": true}
				]
			},
			{
				"name": "bone245",
				"parent": "bone229",
				"pivot": [3, 29.54566, -67.54587],
				"rotation": [-5, -10, -35],
				"cubes": [
					{"origin": [-3.91948, 23.50306, -70.12628], "size": [2, 1, 4], "uv": [158, 288]}
				]
			},
			{
				"name": "bone246",
				"parent": "bone229",
				"pivot": [3, 29.54566, -67.54587],
				"rotation": [-5, 10, 35],
				"cubes": [
					{"origin": [11.95302, 26.42202, -69.66772], "size": [2, 1, 4], "uv": [146, 288]}
				]
			},
			{
				"name": "bone247",
				"parent": "bone229",
				"pivot": [6, 29.54566, -67.54587],
				"rotation": [0, -10, -80],
				"cubes": [
					{"origin": [-3.7005, 29.08355, -71.16796], "size": [2, 4, 5], "uv": [14, 231]}
				]
			},
			{
				"name": "bone248",
				"parent": "bone247",
				"pivot": [6.64961, 32.74843, -53.23442],
				"rotation": [0, 30, 0]
			},
			{
				"name": "bone249",
				"parent": "bone229",
				"pivot": [8, 29.54566, -67.54587],
				"rotation": [0, -10, -90],
				"cubes": [
					{"origin": [-1.58544, 31.04006, -71.04563], "size": [2, 2, 5], "uv": [70, 242]}
				]
			},
			{
				"name": "bone250",
				"parent": "bone249",
				"pivot": [8.87314, 32.04006, -53.21263],
				"rotation": [0, 30, 0]
			},
			{
				"name": "bone251",
				"parent": "bone229",
				"pivot": [6, 29.54566, -67.54587],
				"rotation": [0, -10, -100],
				"cubes": [
					{"origin": [-3.49831, 26.99075, -71.08114], "size": [2, 4, 5], "uv": [0, 231]}
				]
			},
			{
				"name": "bone252",
				"parent": "bone251",
				"pivot": [2.5, -10.45434, -67.04587],
				"rotation": [0, 30, 0]
			},
			{
				"name": "8",
				"parent": "bone121",
				"pivot": [0, 13, -40],
				"rotation": [-95, 0, 0]
			},
			{
				"name": "bone253",
				"parent": "8",
				"pivot": [5, 54.5, -73.5],
				"rotation": [5, 0, 0]
			},
			{
				"name": "bone254",
				"parent": "bone253",
				"pivot": [3.5, 48.51903, -67.93578],
				"rotation": [0, 10, 5],
				"cubes": [
					{"origin": [10.09581, 32.86385, -77.06873], "size": [2, 7, 7], "uv": [168, 159], "mirror": true}
				]
			},
			{
				"name": "bone243",
				"parent": "bone253",
				"pivot": [3, 36.51903, -67.93578],
				"rotation": [0, -10, -5],
				"cubes": [
					{"origin": [-0.16024, 32.3987, -78.04964], "size": [2, 7, 7], "uv": [168, 159]}
				]
			},
			{
				"name": "bone271",
				"parent": "bone253",
				"pivot": [6, 42.54566, -74.54587],
				"rotation": [0, -10, -80],
				"cubes": [
					{"origin": [-5.30006, 41.69692, -76.5124], "size": [2, 3, 7], "uv": [112, 173]}
				]
			},
			{
				"name": "bone273",
				"parent": "bone253",
				"pivot": [8, 42.54566, -74.54587],
				"rotation": [0, -10, -90],
				"cubes": [
					{"origin": [-3.21832, 44.04006, -76.4842], "size": [2, 2, 7], "uv": [48, 187]}
				]
			},
			{
				"name": "bone275",
				"parent": "bone253",
				"pivot": [6, 42.54566, -74.54587],
				"rotation": [0, -10, -100],
				"cubes": [
					{"origin": [-5.09787, 41.37738, -76.52558], "size": [2, 3, 7], "uv": [94, 173]}
				]
			},
			{
				"name": "bone241",
				"parent": "8",
				"pivot": [2, 50.5, -69.5],
				"rotation": [0, 10, -10],
				"cubes": [
					{"origin": [6.67264, 37.62799, -75.83795], "size": [2, 3, 4], "uv": [0, 281], "mirror": true}
				]
			},
			{
				"name": "bone231",
				"parent": "8",
				"pivot": [3.75, 50.5, -73.5],
				"rotation": [0, -10, 10],
				"cubes": [
					{"origin": [2.87119, 38.49623, -76.75377], "size": [2, 3, 4], "uv": [0, 281]}
				]
			},
			{
				"name": "bone233",
				"parent": "8",
				"pivot": [3, 51.5, -73.5],
				"rotation": [0, -10, 85],
				"cubes": [
					{"origin": [11.81341, 48.88467, -83.67709], "size": [2, 5, 8], "uv": [86, 159]}
				]
			},
			{
				"name": "bone234",
				"parent": "8",
				"pivot": [3, 50.15, -74.5],
				"rotation": [0, -10, 95],
				"cubes": [
					{"origin": [10.23837, 52.68683, -83.18505], "size": [2, 5, 8], "uv": [86, 159], "mirror": true}
				]
			},
			{
				"name": "9",
				"parent": "bone121",
				"pivot": [0, 23, -40],
				"rotation": [-105, 0, 0]
			},
			{
				"name": "bone255",
				"parent": "9",
				"pivot": [5, 64.5, -73.5],
				"rotation": [5, 0, 0]
			},
			{
				"name": "bone256",
				"parent": "bone255",
				"pivot": [3.5, 58.51903, -67.93578],
				"rotation": [0, 0, 5],
				"cubes": [
					{"origin": [8.69621, 40.24164, -77.05649], "size": [2, 7, 5], "uv": [86, 198], "mirror": true}
				]
			},
			{
				"name": "bone257",
				"parent": "bone255",
				"pivot": [3, 46.51903, -67.93578],
				"rotation": [0, 0, -5],
				"cubes": [
					{"origin": [1.38583, 39.77308, -77.07349], "size": [2, 7, 5], "uv": [86, 198]}
				]
			},
			{
				"name": "bone258",
				"parent": "bone255",
				"pivot": [6, 52.54566, -74.54587],
				"rotation": [0, -20, -80],
				"cubes": [
					{"origin": [-7.51076, 50.89392, -71.81251], "size": [2, 3, 5], "uv": [28, 242]}
				]
			},
			{
				"name": "bone259",
				"parent": "bone255",
				"pivot": [8, 52.54566, -74.54587],
				"rotation": [0, -20, -90],
				"cubes": [
					{"origin": [-5.45073, 54.04006, -71.70503], "size": [2, 2, 5], "uv": [56, 242]}
				]
			},
			{
				"name": "bone260",
				"parent": "bone255",
				"pivot": [6, 52.54566, -74.54587],
				"rotation": [0, -20, -100],
				"cubes": [
					{"origin": [-7.31252, 52.17978, -71.86658], "size": [2, 3, 5], "uv": [14, 242]}
				]
			},
			{
				"name": "10",
				"parent": "bone121",
				"pivot": [0, 29, -40],
				"rotation": [-105, 0, 0]
			},
			{
				"name": "bone261",
				"parent": "10",
				"pivot": [5, 70.5, -73.5],
				"rotation": [5, 0, 0]
			},
			{
				"name": "bone262",
				"parent": "bone261",
				"pivot": [3.5, 64.51903, -67.93578],
				"rotation": [0, 0, 5],
				"cubes": [
					{"origin": [8.61556, 47.16344, -74.89804], "size": [2, 7, 4], "uv": [192, 220], "mirror": true}
				]
			},
			{
				"name": "bone263",
				"parent": "bone261",
				"pivot": [3, 52.51903, -67.93578],
				"rotation": [0, 0, -5],
				"cubes": [
					{"origin": [1.40747, 46.69488, -74.91503], "size": [2, 7, 4], "uv": [192, 220]}
				]
			},
			{
				"name": "bone264",
				"parent": "bone261",
				"pivot": [6, 57.54566, -74.54587],
				"rotation": [0, -5, -80],
				"cubes": [
					{"origin": [-5.23963, 56.24849, -72.69138], "size": [2, 3, 3], "uv": [138, 296]}
				]
			},
			{
				"name": "bone265",
				"parent": "bone261",
				"pivot": [8, 58.54566, -74.54587],
				"rotation": [0, -10, -90],
				"cubes": [
					{"origin": [-3.68002, 60.04006, -71.30836], "size": [2, 2, 3], "uv": [164, 296]}
				]
			},
			{
				"name": "bone266",
				"parent": "bone261",
				"pivot": [6, 58.54566, -76.54587],
				"rotation": [0, -5, -100],
				"cubes": [
					{"origin": [-5.8409, 57.99886, -72.61408], "size": [2, 3, 3], "uv": [128, 296]}
				]
			},
			{
				"name": "bone235",
				"parent": "10",
				"pivot": [3, 60.19333, -75.82937],
				"rotation": [0, -10, 85],
				"cubes": [
					{"origin": [9.9304, 59.93435, -76.6214], "size": [2, 3, 8], "uv": [38, 173]}
				]
			},
			{
				"name": "bone237",
				"parent": "10",
				"pivot": [3, 50.15, -74.5],
				"rotation": [0, -10, 95],
				"cubes": [
					{"origin": [-0.61182, 51.50878, -74.76859], "size": [2, 3, 8], "uv": [18, 173]}
				]
			},
			{
				"name": "11",
				"parent": "bone121",
				"pivot": [0, 31, -39],
				"rotation": [-95, 0, 0]
			},
			{
				"name": "bone238",
				"parent": "11",
				"pivot": [5, 72.5, -72.5],
				"rotation": [5, 0, 0]
			},
			{
				"name": "bone239",
				"parent": "bone238",
				"pivot": [3.5, 66.51903, -66.93578],
				"rotation": [0, 0, 5],
				"cubes": [
					{"origin": [8.29556, 53.34204, -69.11297], "size": [2, 6, 3], "uv": [162, 270], "mirror": true}
				]
			},
			{
				"name": "bone267",
				"parent": "bone238",
				"pivot": [3, 54.51903, -66.93578],
				"rotation": [0, 0, -5],
				"cubes": [
					{"origin": [1.81793, 52.86557, -69.12996], "size": [2, 6, 3], "uv": [162, 270]}
				]
			},
			{
				"name": "bone268",
				"parent": "bone238",
				"pivot": [6, 59.54566, -73.54587],
				"rotation": [0, -5, -80],
				"cubes": [
					{"origin": [-0.66535, 59.31868, -67.43863], "size": [2, 3, 2], "uv": [84, 305]}
				]
			},
			{
				"name": "bone269",
				"parent": "bone238",
				"pivot": [8, 60.54566, -73.54587],
				"rotation": [0, -10, -90],
				"cubes": [
					{"origin": [1.21321, 61.99466, -66.69546], "size": [2, 2, 2], "uv": [124, 305]}
				]
			},
			{
				"name": "bone270",
				"parent": "bone238",
				"pivot": [6, 60.54566, -75.54587],
				"rotation": [0, -5, -100],
				"cubes": [
					{"origin": [-1.28524, 58.83984, -67.35453], "size": [2, 3, 2], "uv": [76, 305]}
				]
			},
			{
				"name": "bone116",
				"parent": "bone121",
				"pivot": [8.0717, 35.72741, 13.64403],
				"rotation": [5, 0, 0],
				"cubes": [
					{"origin": [1.01093, 33.60692, 12.96828], "size": [9, 8, 1], "uv": [58, 173]}
				]
			},
			{
				"name": "head",
				"parent": "bone121",
				"pivot": [0, 0, 0],
				"cubes": [
					{"origin": [1.5, 56, -14], "size": [8, 7, 6], "uv": [56, 143]}
				]
			},
			{
				"name": "bone272",
				"parent": "head",
				"pivot": [5.5, 58, -7],
				"rotation": [-15, 0, 0],
				"cubes": [
					{"origin": [1.5, 55.80933, -8.44829], "size": [8, 4, 2], "uv": [66, 204]}
				]
			},
			{
				"name": "bone274",
				"parent": "head",
				"pivot": [5.5, 61, -7],
				"rotation": [15, 0, 0],
				"cubes": [
					{"origin": [1.5, 59.39329, -8.394], "size": [8, 4, 2], "uv": [66, 198]}
				]
			},
			{
				"name": "bone284",
				"parent": "head",
				"pivot": [0, 58, -11.5],
				"rotation": [0, 0, -15],
				"cubes": [
					{"origin": [0.93125, 55.67992, -14.00001], "size": [1, 3, 7], "uv": [50, 198]}
				]
			},
			{
				"name": "bone289",
				"parent": "head",
				"pivot": [10, 58, -11.5],
				"rotation": [0, 0, 15],
				"cubes": [
					{"origin": [9.03468, 55.93874, -14], "size": [1, 3, 7], "uv": [50, 198], "mirror": true}
				]
			},
			{
				"name": "bone285",
				"parent": "head",
				"pivot": [-1, 58, -11.5],
				"rotation": [0, 0, 5],
				"cubes": [
					{"origin": [0.63874, 59.04458, -14], "size": [1, 4, 7], "uv": [32, 187]}
				]
			},
			{
				"name": "bone290",
				"parent": "head",
				"pivot": [-1, 65, -11.5],
				"rotation": [0, 0, 70],
				"cubes": [
					{"origin": [1.69847, 66.22299, -14], "size": [1, 4, 7], "uv": [16, 187]}
				]
			},
			{
				"name": "bone288",
				"parent": "head",
				"pivot": [7, 58, -11.5],
				"rotation": [0, 0, -5],
				"cubes": [
					{"origin": [9.34224, 58.6088, -14], "size": [1, 4, 7], "uv": [0, 187]}
				]
			},
			{
				"name": "bone291",
				"parent": "head",
				"pivot": [7, 61, -11.5],
				"rotation": [0, 0, -70],
				"cubes": [
					{"origin": [8.7704, 58.89261, -14], "size": [1, 4, 7], "uv": [178, 173]}
				]
			},
			{
				"name": "bone282",
				"parent": "head",
				"pivot": [2, 57.5, -16],
				"rotation": [0, -25, 0],
				"cubes": [
					{"origin": [2.39208, 56, -18.97608], "size": [3, 3, 5], "uv": [48, 220]}
				]
			},
			{
				"name": "bone283",
				"parent": "head",
				"pivot": [10, 57.5, -16],
				"rotation": [0, 25, 0],
				"cubes": [
					{"origin": [5.70161, 56, -19.39869], "size": [3, 3, 5], "uv": [32, 220]}
				]
			},
			{
				"name": "bone281",
				"parent": "head",
				"pivot": [5.5, 57, -18],
				"rotation": [10, 0, 0],
				"cubes": [
					{"origin": [4, 55.49469, -19.55582], "size": [3, 2, 8], "uv": [146, 159]}
				]
			},
			{
				"name": "bone276",
				"parent": "head",
				"pivot": [4.5, 58, -18.5],
				"rotation": [-20, 0, 10],
				"cubes": [
					{"origin": [0.5, 60.21149, -17.80056], "size": [4, 4, 2], "uv": [24, 288]}
				]
			},
			{
				"name": "bone322",
				"parent": "head",
				"pivot": [4.5, 58, -17.5],
				"rotation": [-80, 0, 10],
				"cubes": [
					{"origin": [0.96386, 59.76987, -19.05476], "size": [1, 2, 1], "uv": [152, 306]}
				]
			},
			{
				"name": "bone286",
				"parent": "head",
				"pivot": [7.5, 58, -18.5],
				"rotation": [20, 0, 170],
				"cubes": [
					{"origin": [4.66214, 51.5022, -17.77641], "size": [4, 4, 2], "uv": [12, 288]}
				]
			},
			{
				"name": "bone357",
				"parent": "head",
				"pivot": [11, 63.2, -11.75],
				"rotation": [-80, 0, -10],
				"cubes": [
					{"origin": [8.16214, 58.7022, -10.02641], "size": [1, 2, 1], "uv": [152, 306], "mirror": true}
				]
			},
			{
				"name": "bone280",
				"parent": "head",
				"pivot": [0, -1, -10],
				"rotation": [-10, 0, 0]
			},
			{
				"name": "bone277",
				"parent": "bone280",
				"pivot": [5.5, 54, -33.5],
				"rotation": [-45, 0, 0],
				"cubes": [
					{"origin": [4.5, 55.48443, -32.6654], "size": [2, 6, 3], "uv": [152, 270]}
				]
			},
			{
				"name": "bone287",
				"parent": "bone280",
				"pivot": [5.5, 58, -31.5],
				"rotation": [-30, 0, 0],
				"cubes": [
					{"origin": [4.5, 60.54929, -28.48877], "size": [2, 4, 3], "uv": [136, 288]}
				]
			},
			{
				"name": "bone279",
				"parent": "bone280",
				"pivot": [9.5, 54, -33.5],
				"rotation": [-45, 25, 0],
				"cubes": [
					{"origin": [3.78923, 54.43243, -33.71739], "size": [2, 7, 3], "uv": [40, 260]}
				]
			},
			{
				"name": "bone278",
				"parent": "bone280",
				"pivot": [5.5, 54, -37.5],
				"rotation": [-45, -25, 0],
				"cubes": [
					{"origin": [7.27601, 58.1912, -33.95862], "size": [2, 7, 3], "uv": [30, 260]}
				]
			},
			{
				"name": "ear",
				"parent": "bone121",
				"pivot": [0, 0, 0]
			},
			{
				"name": "111",
				"parent": "ear",
				"pivot": [0, 0, 0]
			},
			{
				"name": "bone292",
				"parent": "111",
				"pivot": [1.5, 64, -7.5],
				"rotation": [40, -15, 0],
				"cubes": [
					{"origin": [1.002, 63, -10], "size": [1, 2, 7], "uv": [140, 210]}
				]
			},
			{
				"name": "bone293",
				"parent": "111",
				"pivot": [1.5, 64, -7.5],
				"rotation": [70, -15, 0],
				"cubes": [
					{"origin": [1, 60.61603, -7.10289], "size": [1, 2, 4], "uv": [118, 296]}
				]
			},
			{
				"name": "bone294",
				"parent": "111",
				"pivot": [1.5, 64, -7.5],
				"rotation": [45, -15, 0],
				"cubes": [
					{"origin": [1.001, 61.10091, -10.70996], "size": [1, 2, 5], "uv": [140, 270]}
				]
			},
			{
				"name": "12",
				"parent": "ear",
				"pivot": [0, 0, 0]
			},
			{
				"name": "bone295",
				"parent": "12",
				"pivot": [9.5, 64, -7.5],
				"rotation": [40, 15, 0],
				"cubes": [
					{"origin": [9.002, 63, -10], "size": [1, 2, 7], "uv": [124, 210]}
				]
			},
			{
				"name": "bone296",
				"parent": "12",
				"pivot": [9.5, 64, -7.5],
				"rotation": [70, 15, 0],
				"cubes": [
					{"origin": [9, 60.61603, -7.10289], "size": [1, 2, 4], "uv": [108, 296]}
				]
			},
			{
				"name": "bone297",
				"parent": "12",
				"pivot": [9.5, 64, -7.5],
				"rotation": [45, 15, 0],
				"cubes": [
					{"origin": [9.001, 61.10091, -10.70996], "size": [1, 2, 5], "uv": [128, 270]}
				]
			},
			{
				"name": "angle",
				"parent": "bone121",
				"pivot": [6, 1, -1.25]
			},
			{
				"name": "angle1",
				"parent": "angle",
				"pivot": [0, 0, -21.25],
				"rotation": [-20, 0, 0]
			},
			{
				"name": "bone298",
				"parent": "angle1",
				"pivot": [4, 64, -33.25],
				"rotation": [-10, 0, 0],
				"cubes": [
					{"origin": [2.5, 63, -34.25], "size": [3, 4, 2], "uv": [98, 296]}
				]
			},
			{
				"name": "bone300",
				"parent": "angle1",
				"pivot": [3.5, 72.5, -33.25],
				"rotation": [-20, 0, -15],
				"cubes": [
					{"origin": [0.3986, 65.66188, -31.66188], "size": [2, 5, 2], "uv": [156, 296]}
				]
			},
			{
				"name": "bone301",
				"parent": "bone300",
				"pivot": [3.5, 79.5, -33.25],
				"rotation": [20, 0, 0],
				"cubes": [
					{"origin": [0.3986, 69.96767, -34.90108], "size": [2, 2, 2], "uv": [116, 305]}
				]
			},
			{
				"name": "bone302",
				"parent": "bone300",
				"pivot": [1.3986, 74.84706, -33.21704],
				"rotation": [45, 15, 0],
				"cubes": [
					{"origin": [-0.37857, 71.07259, -34.70346], "size": [2, 3, 2], "uv": [68, 305]}
				]
			},
			{
				"name": "bone304",
				"parent": "bone302",
				"pivot": [1.3986, 80.84706, -33.21704],
				"rotation": [0, 0, -10],
				"cubes": [
					{"origin": [-1.55833, 74.13681, -34.70346], "size": [2, 2, 2], "uv": [108, 305]}
				]
			},
			{
				"name": "bone312",
				"parent": "bone302",
				"pivot": [6.3986, 79.84706, -33.21704],
				"rotation": [0, 0, 70],
				"cubes": [
					{"origin": [9.2569, 71.25361, -34.95346], "size": [2, 4, 2], "uv": [0, 305], "inflate": -0.25}
				]
			},
			{
				"name": "bone305",
				"parent": "bone302",
				"pivot": [1.3986, 82.84706, -33.21704],
				"rotation": [-15, 0, -30],
				"cubes": [
					{"origin": [-4.11162, 76.83009, -33.14365], "size": [2, 9, 2], "uv": [120, 270]}
				]
			},
			{
				"name": "bone299",
				"parent": "angle1",
				"pivot": [5, 69, -33.25],
				"cubes": [
					{"origin": [4.5, 66.76558, -33.5706], "size": [1, 2, 2], "uv": [146, 305]}
				]
			},
			{
				"name": "angle2",
				"parent": "angle",
				"pivot": [3, 0, -21.25],
				"rotation": [-20, 0, 0]
			},
			{
				"name": "bone303",
				"parent": "angle2",
				"pivot": [7, 64, -33.25],
				"rotation": [-10, 0, 0],
				"cubes": [
					{"origin": [5.5, 63, -34.25], "size": [3, 4, 2], "uv": [84, 299]}
				]
			},
			{
				"name": "bone306",
				"parent": "angle2",
				"pivot": [11.5, 72.5, -33.25],
				"rotation": [-20, 0, 15],
				"cubes": [
					{"origin": [8.3986, 64.16188, -31.66188], "size": [2, 5, 2], "uv": [148, 296]}
				]
			},
			{
				"name": "bone307",
				"parent": "bone306",
				"pivot": [11.5, 79.5, -33.25],
				"rotation": [20, 0, 0],
				"cubes": [
					{"origin": [8.3986, 68.55813, -35.41411], "size": [2, 2, 2], "uv": [100, 305]}
				]
			},
			{
				"name": "bone308",
				"parent": "bone306",
				"pivot": [9.3986, 74.84706, -33.21704],
				"rotation": [45, -15, 0],
				"cubes": [
					{"origin": [9.17578, 70.01193, -35.76412], "size": [2, 3, 2], "uv": [60, 305]}
				]
			},
			{
				"name": "bone309",
				"parent": "bone308",
				"pivot": [9.3986, 80.84706, -33.21704],
				"rotation": [0, 0, 10],
				"cubes": [
					{"origin": [10.53972, 73.09227, -35.76412], "size": [2, 2, 2], "uv": [92, 305]}
				]
			},
			{
				"name": "bone313",
				"parent": "bone308",
				"pivot": [0.3986, 80.84706, -33.21704],
				"rotation": [0, 0, -70],
				"cubes": [
					{"origin": [-5.028, 67.79005, -36.01412], "size": [2, 4, 2], "uv": [184, 296], "inflate": -0.25}
				]
			},
			{
				"name": "bone310",
				"parent": "bone308",
				"pivot": [9.3986, 82.84706, -33.21704],
				"rotation": [-15, 0, 30],
				"cubes": [
					{"origin": [13.43916, 76.18595, -33.99858], "size": [2, 9, 2], "uv": [112, 270]}
				]
			},
			{
				"name": "bone311",
				"parent": "angle2",
				"pivot": [6, 69, -33.25],
				"cubes": [
					{"origin": [5.5, 66.76558, -33.5706], "size": [1, 2, 2], "uv": [140, 305]}
				]
			},
			{
				"name": "bone339",
				"pivot": [5, 42, 12],
				"rotation": [0, 90, 0]
			},
			{
				"name": "bone340",
				"parent": "bone339",
				"pivot": [5, 44, 12],
				"rotation": [0, 0, -13.40951],
				"cubes": [
					{"origin": [3, 43, 10], "size": [2, 2, 5], "uv": [42, 242]}
				]
			},
			{
				"name": "bone341",
				"parent": "bone339",
				"pivot": [4.02734, 43.76811, 12],
				"rotation": [0, 0, -32.50876],
				"cubes": [
					{"origin": [2.40952, 43.0403, 10], "size": [1, 2, 5], "uv": [100, 270]}
				]
			},
			{
				"name": "bone342",
				"parent": "bone339",
				"pivot": [3.18408, 43.23071, 12],
				"rotation": [0, 0, -41.47154],
				"cubes": [
					{"origin": [1.77194, 42.58363, 10], "size": [1, 2, 5], "uv": [88, 270]}
				]
			},
			{
				"name": "bone343",
				"parent": "bone339",
				"pivot": [2.43506, 42.56869, 12],
				"rotation": [0, 0, -44.67347],
				"cubes": [
					{"origin": [1.09878, 41.94254, 10], "size": [1, 2, 5], "uv": [76, 270]}
				]
			},
			{
				"name": "bone344",
				"parent": "bone339",
				"pivot": [1.72412, 41.86581, 12],
				"rotation": [0, 0, -43.96202],
				"cubes": [
					{"origin": [0.37055, 41.23537, 10], "size": [1, 2, 5], "uv": [64, 270]}
				]
			},
			{
				"name": "bone345",
				"parent": "bone339",
				"pivot": [1.00439, 41.1717, 12],
				"rotation": [0, 0, -38.93518],
				"cubes": [
					{"origin": [-0.29268, 40.5127, 10], "size": [1, 2, 5], "uv": [52, 270]}
				]
			},
			{
				"name": "bone346",
				"parent": "bone339",
				"pivot": [0.22656, 40.54328, 12],
				"rotation": [0, 0, -26.68454],
				"cubes": [
					{"origin": [-0.92395, 39.83624, 10], "size": [1, 2, 5], "uv": [40, 270]}
				]
			},
			{
				"name": "bone347",
				"parent": "bone339",
				"pivot": [-0.66699, 40.09417, 12],
				"rotation": [0, 0, -3.31634],
				"cubes": [
					{"origin": [-1.52465, 39.38546, 10], "size": [1, 2, 5], "uv": [28, 270]}
				]
			},
			{
				"name": "bone348",
				"parent": "bone339",
				"pivot": [-1.66504, 40.03634, 12],
				"rotation": [0, 0, 22.12117],
				"cubes": [
					{"origin": [-2.23234, 39.45735, 10], "size": [1, 2, 5], "uv": [16, 270]}
				]
			},
			{
				"name": "bone349",
				"parent": "bone339",
				"pivot": [-2.5918, 40.41306, 12],
				"rotation": [0, 0, 36.83842],
				"cubes": [
					{"origin": [-5.02581, 39.96309, 10], "size": [3, 2, 5], "uv": [176, 220]}
				]
			},
			{
				"name": "bone350",
				"parent": "bone339",
				"pivot": [-3.39209, 41.01259, 12],
				"rotation": [0, 0, 43.21192],
				"cubes": [
					{"origin": [-7.76734, 40.40621, 10], "size": [3, 2, 5], "uv": [160, 220], "inflate": 0.01}
				]
			},
			{
				"name": "bone355",
				"parent": "bone339",
				"pivot": [-1.39209, 41.01259, 12],
				"rotation": [0, 0, 53.21192],
				"cubes": [
					{"origin": [-9.69679, 38.65645, 10], "size": [4, 2, 5], "uv": [106, 210]}
				]
			},
			{
				"name": "bone356",
				"parent": "bone339",
				"pivot": [-1.39209, 41.01259, 12],
				"rotation": [0, 0, 43.21192],
				"cubes": [
					{"origin": [-5.69324, 39.40936, 10], "size": [4, 2, 5], "uv": [88, 210], "inflate": -0.01}
				]
			},
			{
				"name": "bone351",
				"parent": "bone339",
				"pivot": [-4.12061, 41.697, 12],
				"rotation": [0, 0, 44.84077],
				"cubes": [
					{"origin": [-10.47768, 40.99491, 10], "size": [3, 2, 5], "uv": [144, 220], "inflate": -0.02}
				]
			},
			{
				"name": "bone352",
				"parent": "bone339",
				"pivot": [-4.82959, 42.40205, 12],
				"rotation": [0, 0, 42.64884],
				"cubes": [
					{"origin": [-10.58913, 41.88129, 10], "size": [1, 3, 5], "uv": [157, 304]}
				]
			},
			{
				"name": "bone353",
				"parent": "bone339",
				"pivot": [-5.56494, 43.0794, 12],
				"rotation": [0, 0, 35.38312],
				"cubes": [
					{"origin": [-11.97294, 43.1407, 10], "size": [2, 3, 5], "uv": [0, 242]}
				]
			},
			{
				"name": "bone354",
				"parent": "bone339",
				"pivot": [-6.38037, 43.65854, 12],
				"rotation": [0, 0, 19.08133],
				"cubes": [
					{"origin": [-14.7115, 45.11472, 10], "size": [4, 3, 5], "uv": [16, 198]}
				]
			},
			{
				"name": "bone371",
				"pivot": [0, -0.5, 2.5]
			},
			{
				"name": "bone363",
				"parent": "bone371",
				"pivot": [0, -0.5, 2.5]
			},
			{
				"name": "bone358",
				"parent": "bone363",
				"pivot": [0, -0.5, 3.5]
			},
			{
				"name": "bone359",
				"parent": "bone358",
				"pivot": [0, 42.25, -3.5],
				"rotation": [-10, 0, 0],
				"cubes": [
					{"origin": [-1, 41.55688, -8.18271], "size": [2, 1, 2], "uv": [312, 5]}
				]
			},
			{
				"name": "bone361",
				"parent": "bone358",
				"pivot": [0, 42.25, -4.5],
				"rotation": [25, 0, 0],
				"cubes": [
					{"origin": [-1, 43.76466, -9.25353], "size": [2, 1, 2], "uv": [312, 5]}
				]
			},
			{
				"name": "bone360",
				"parent": "bone358",
				"pivot": [0, 43.25, -5],
				"rotation": [20, 0, 0],
				"cubes": [
					{"origin": [-1, 42.53838, -6.60234], "size": [2, 1, 3], "uv": [310, 0]}
				]
			},
			{
				"name": "bone362",
				"parent": "bone358",
				"pivot": [0, 46.25, -4],
				"rotation": [40, 0, 0],
				"cubes": [
					{"origin": [-1, 46.16649, -11.89488], "size": [2, 1, 1], "uv": [314, 8]}
				]
			},
			{
				"name": "bone364",
				"parent": "bone363",
				"pivot": [0, 0.5, 2.5]
			},
			{
				"name": "bone365",
				"parent": "bone364",
				"pivot": [-0.5, 41, -2],
				"rotation": [-10, 0, 0],
				"cubes": [
					{"origin": [-1, 40.5, -2.5], "size": [1, 1, 1], "uv": [297, 0]}
				]
			},
			{
				"name": "bone366",
				"parent": "bone364",
				"pivot": [-0.5, 41, -3],
				"rotation": [10, 0, 0],
				"cubes": [
					{"origin": [-1, 40.46721, -3.31403], "size": [1, 1, 1], "uv": [297, 0]}
				]
			},
			{
				"name": "bone367",
				"parent": "bone364",
				"pivot": [-0.5, 41, -5],
				"rotation": [40, 0, 0],
				"cubes": [
					{"origin": [-1, 39.27605, -4.50626], "size": [1, 1, 1], "uv": [297, 0]}
				]
			},
			{
				"name": "bone368",
				"parent": "bone364",
				"pivot": [-0.5, 41, -5],
				"rotation": [60, 0, 0],
				"cubes": [
					{"origin": [-1, 37.7597, -7.37014], "size": [1, 1, 1], "uv": [297, 0]}
				]
			},
			{
				"name": "bone369",
				"parent": "bone364",
				"pivot": [-0.5, 40, -5],
				"rotation": [80, 0, 0],
				"cubes": [
					{"origin": [-1, 38.30171, -6.10231], "size": [1, 1, 2], "uv": [296, 2]}
				]
			},
			{
				"name": "bone370",
				"parent": "bone364",
				"pivot": [-0.5, 40, -5],
				"rotation": [105, 0, 0],
				"cubes": [
					{"origin": [-1, 38.83299, -7.29415], "size": [1, 1, 1], "uv": [297, 0]}
				]
			},
			{
				"name": "bone385",
				"parent": "bone371",
				"pivot": [0, -9.5, 23.5]
			},
			{
				"name": "bone386",
				"parent": "bone385",
				"pivot": [0, 25, 30.5],
				"rotation": [35, 0, 0]
			},
			{
				"name": "bone387",
				"parent": "bone386",
				"pivot": [0, 41.25, 23.5],
				"rotation": [-10, 0, 0],
				"cubes": [
					{"origin": [-1, 40.55688, 18.81729], "size": [2, 1, 2], "uv": [312, 5]}
				]
			},
			{
				"name": "bone388",
				"parent": "bone386",
				"pivot": [0, 41.25, 22.5],
				"rotation": [25, 0, 0],
				"cubes": [
					{"origin": [-1, 42.76466, 17.74647], "size": [2, 1, 2], "uv": [312, 5]}
				]
			},
			{
				"name": "bone389",
				"parent": "bone386",
				"pivot": [0, 42.25, 22],
				"rotation": [20, 0, 0],
				"cubes": [
					{"origin": [-1, 41.53838, 20.39766], "size": [2, 1, 3], "uv": [310, 0]}
				]
			},
			{
				"name": "bone390",
				"parent": "bone386",
				"pivot": [0, 45.25, 23],
				"rotation": [40, 0, 0],
				"cubes": [
					{"origin": [-1, 45.16649, 15.10512], "size": [2, 1, 1], "uv": [314, 8]}
				]
			},
			{
				"name": "bone391",
				"parent": "bone385",
				"pivot": [0.1, -3.5, 33.5],
				"rotation": [25, 0, 0]
			},
			{
				"name": "bone392",
				"parent": "bone391",
				"pivot": [-0.4, 37, 29],
				"rotation": [-10, 0, 0],
				"cubes": [
					{"origin": [-0.9, 36.5, 28.5], "size": [1, 1, 1], "uv": [297, 0]}
				]
			},
			{
				"name": "bone393",
				"parent": "bone391",
				"pivot": [-0.4, 37, 28],
				"rotation": [10, 0, 0],
				"cubes": [
					{"origin": [-0.9, 36.46721, 27.68597], "size": [1, 1, 1], "uv": [297, 0]}
				]
			},
			{
				"name": "bone394",
				"parent": "bone391",
				"pivot": [-0.4, 37, 26],
				"rotation": [40, 0, 0],
				"cubes": [
					{"origin": [-0.9, 35.27605, 26.49374], "size": [1, 1, 1], "uv": [297, 0]}
				]
			},
			{
				"name": "bone395",
				"parent": "bone391",
				"pivot": [-0.4, 37, 26],
				"rotation": [60, 0, 0],
				"cubes": [
					{"origin": [-0.9, 33.7597, 23.62986], "size": [1, 1, 1], "uv": [297, 0]}
				]
			},
			{
				"name": "bone396",
				"parent": "bone391",
				"pivot": [-0.4, 36, 26],
				"rotation": [80, 0, 0],
				"cubes": [
					{"origin": [-0.9, 34.30171, 24.89769], "size": [1, 1, 2], "uv": [296, 2]}
				]
			},
			{
				"name": "bone397",
				"parent": "bone391",
				"pivot": [-0.4, 36, 26],
				"rotation": [105, 0, 0],
				"cubes": [
					{"origin": [-0.9, 34.83299, 23.70585], "size": [1, 1, 1], "uv": [297, 0]}
				]
			},
			{
				"name": "bone398",
				"parent": "bone371",
				"pivot": [11, -9.5, 29.5]
			},
			{
				"name": "bone399",
				"parent": "bone398",
				"pivot": [11, 38, 34.5],
				"rotation": [70, 0, 0]
			},
			{
				"name": "bone400",
				"parent": "bone399",
				"pivot": [11, 54.25, 27.5],
				"rotation": [-10, 0, 0],
				"cubes": [
					{"origin": [10, 53.55688, 22.81729], "size": [2, 1, 2], "uv": [312, 5]}
				]
			},
			{
				"name": "bone401",
				"parent": "bone399",
				"pivot": [11, 54.25, 26.5],
				"rotation": [25, 0, 0],
				"cubes": [
					{"origin": [10, 55.76466, 21.74647], "size": [2, 1, 2], "uv": [312, 5]}
				]
			},
			{
				"name": "bone402",
				"parent": "bone399",
				"pivot": [11, 55.25, 26],
				"rotation": [20, 0, 0],
				"cubes": [
					{"origin": [10, 54.53838, 24.39766], "size": [2, 1, 3], "uv": [310, 0]}
				]
			},
			{
				"name": "bone403",
				"parent": "bone399",
				"pivot": [11, 58.25, 27],
				"rotation": [40, 0, 0],
				"cubes": [
					{"origin": [10, 58.16649, 19.10512], "size": [2, 1, 1], "uv": [314, 8]}
				]
			},
			{
				"name": "bone404",
				"parent": "bone398",
				"pivot": [12.1, -1.5, 38],
				"rotation": [25, 0, 0]
			},
			{
				"name": "bone405",
				"parent": "bone404",
				"pivot": [11.6, 39, 33.5],
				"rotation": [-10, 0, 0],
				"cubes": [
					{"origin": [10.9, 38.5, 33], "size": [1, 1, 1], "uv": [297, 0]}
				]
			},
			{
				"name": "bone406",
				"parent": "bone404",
				"pivot": [11.6, 39, 32.5],
				"rotation": [10, 0, 0],
				"cubes": [
					{"origin": [10.9, 38.46721, 32.18597], "size": [1, 1, 1], "uv": [297, 0]}
				]
			},
			{
				"name": "bone407",
				"parent": "bone404",
				"pivot": [11.6, 39, 30.5],
				"rotation": [40, 0, 0],
				"cubes": [
					{"origin": [10.9, 37.27605, 30.99374], "size": [1, 1, 1], "uv": [297, 0]}
				]
			},
			{
				"name": "bone408",
				"parent": "bone404",
				"pivot": [11.6, 39, 30.5],
				"rotation": [60, 0, 0],
				"cubes": [
					{"origin": [10.9, 35.7597, 28.12986], "size": [1, 1, 1], "uv": [297, 0]}
				]
			},
			{
				"name": "bone409",
				"parent": "bone404",
				"pivot": [11.6, 38, 30.5],
				"rotation": [80, 0, 0],
				"cubes": [
					{"origin": [10.9, 36.30171, 29.39769], "size": [1, 1, 2], "uv": [296, 2]}
				]
			},
			{
				"name": "bone410",
				"parent": "bone404",
				"pivot": [11.6, 38, 30.5],
				"rotation": [105, 0, 0],
				"cubes": [
					{"origin": [10.9, 36.83299, 28.20585], "size": [1, 1, 1], "uv": [297, 0]}
				]
			},
			{
				"name": "bone372",
				"parent": "bone371",
				"pivot": [11, -0.5, 2.5]
			},
			{
				"name": "bone373",
				"parent": "bone372",
				"pivot": [0, 28.5, 1.75],
				"rotation": [10, 0, 0]
			},
			{
				"name": "bone374",
				"parent": "bone373",
				"pivot": [11, 43.75, -1.75],
				"rotation": [-10, 0, 0],
				"cubes": [
					{"origin": [10, 43.05688, -6.43271], "size": [2, 1, 2], "uv": [312, 5]}
				]
			},
			{
				"name": "bone375",
				"parent": "bone373",
				"pivot": [11, 43.75, -2.75],
				"rotation": [25, 0, 0],
				"cubes": [
					{"origin": [10, 45.26466, -7.50353], "size": [2, 1, 2], "uv": [312, 5]}
				]
			},
			{
				"name": "bone376",
				"parent": "bone373",
				"pivot": [11, 44.75, -3.25],
				"rotation": [20, 0, 0],
				"cubes": [
					{"origin": [10, 44.03838, -4.85234], "size": [2, 1, 3], "uv": [310, 0]}
				]
			},
			{
				"name": "bone377",
				"parent": "bone373",
				"pivot": [11, 47.75, -2.25],
				"rotation": [40, 0, 0],
				"cubes": [
					{"origin": [10, 47.66649, -10.14488], "size": [2, 1, 1], "uv": [314, 8]}
				]
			},
			{
				"name": "bone378",
				"parent": "bone372",
				"pivot": [12, -0.5, 2.5]
			},
			{
				"name": "bone379",
				"parent": "bone378",
				"pivot": [11.5, 40, -2],
				"rotation": [-10, 0, 0],
				"cubes": [
					{"origin": [11, 39.5, -2.5], "size": [1, 1, 1], "uv": [297, 0]}
				]
			},
			{
				"name": "bone380",
				"parent": "bone378",
				"pivot": [11.5, 40, -3],
				"rotation": [10, 0, 0],
				"cubes": [
					{"origin": [11, 39.46721, -3.31403], "size": [1, 1, 1], "uv": [297, 0]}
				]
			},
			{
				"name": "bone381",
				"parent": "bone378",
				"pivot": [11.5, 40, -5],
				"rotation": [40, 0, 0],
				"cubes": [
					{"origin": [11, 38.27605, -4.50626], "size": [1, 1, 1], "uv": [297, 0]}
				]
			},
			{
				"name": "bone382",
				"parent": "bone378",
				"pivot": [11.5, 40, -5],
				"rotation": [60, 0, 0],
				"cubes": [
					{"origin": [11, 36.7597, -7.37014], "size": [1, 1, 1], "uv": [297, 0]}
				]
			},
			{
				"name": "bone383",
				"parent": "bone378",
				"pivot": [11.5, 39, -5],
				"rotation": [80, 0, 0],
				"cubes": [
					{"origin": [11, 37.30171, -6.10231], "size": [1, 1, 2], "uv": [296, 2]}
				]
			},
			{
				"name": "bone384",
				"parent": "bone378",
				"pivot": [11.5, 39, -5],
				"rotation": [105, 0, 0],
				"cubes": [
					{"origin": [11, 37.83299, -7.29415], "size": [1, 1, 1], "uv": [297, 0]}
				]
			}
		]
	}
}