{
	"format_version": "1.10.0",
	"geometry.model": {
		"texturewidth": 64,
		"textureheight": 64,
		"visible_bounds_width": 2,
		"visible_bounds_height": 1,
		"visible_bounds_offset": [0, 0.5, 0],
		"bones": [
			{
				"name": "bone223",
				"pivot": [0, -2, 0]
			},
			{
				"name": "bone190",
				"parent": "bone223",
				"pivot": [0, -2.25, 0]
			},
			{
				"name": "bone191",
				"parent": "bone190",
				"pivot": [0, -2.25, 0]
			},
			{
				"name": "bone192",
				"parent": "bone191",
				"pivot": [0, -2.25, 2.48337],
				"rotation": [18, 0, 0],
				"cubes": [
					{"origin": [-0.5, 4.49263, 5.99539], "size": [1, 5, 0], "uv": [16, 33]}
				]
			},
			{
				"name": "bone193",
				"parent": "bone192",
				"pivot": [-0.5, -2.50737, 2.48337],
				"rotation": [0, 0, 7.39351],
				"cubes": [
					{"origin": [-2.5, 4.49263, 5.99439], "size": [2, 5, 0], "uv": [30, 30]}
				]
			},
			{
				"name": "bone194",
				"parent": "bone192",
				"pivot": [0.5, -2.50737, 2.48337],
				"rotation": [0, 0, -7.39351],
				"cubes": [
					{"origin": [0.5, 4.49263, 5.99639], "size": [2, 5, 0], "uv": [12, 30]}
				]
			},
			{
				"name": "bone195",
				"parent": "bone190",
				"pivot": [0, -2.25, 0],
				"rotation": [0, -45, 0]
			},
			{
				"name": "bone196",
				"parent": "bone195",
				"pivot": [0, -2.25, 2.48337],
				"rotation": [18, 0, 0],
				"cubes": [
					{"origin": [-0.5, 4.49263, 5.99539], "size": [1, 5, 0], "uv": [6, 33]}
				]
			},
			{
				"name": "bone197",
				"parent": "bone196",
				"pivot": [-0.5, -2.50737, 2.48337],
				"rotation": [0, 0, 7.39351],
				"cubes": [
					{"origin": [-2.5, 4.49263, 5.99439], "size": [2, 5, 0], "uv": [28, 10]}
				]
			},
			{
				"name": "bone198",
				"parent": "bone196",
				"pivot": [0.5, -2.50737, 2.48337],
				"rotation": [0, 0, -7.39351],
				"cubes": [
					{"origin": [0.5, 4.49263, 5.99639], "size": [2, 5, 0], "uv": [28, 5]}
				]
			},
			{
				"name": "bone199",
				"parent": "bone190",
				"pivot": [0, -2.25, 0],
				"rotation": [0, -90, 0]
			},
			{
				"name": "bone200",
				"parent": "bone199",
				"pivot": [0, -2.25, 2.48337],
				"rotation": [18, 0, 0],
				"cubes": [
					{"origin": [-0.5, 4.49263, 5.99539], "size": [1, 5, 0], "uv": [4, 33]}
				]
			},
			{
				"name": "bone201",
				"parent": "bone200",
				"pivot": [-0.5, -2.50737, 2.48337],
				"rotation": [0, 0, 7.39351],
				"cubes": [
					{"origin": [-2.5, 4.49263, 5.99439], "size": [2, 5, 0], "uv": [28, 0]}
				]
			},
			{
				"name": "bone202",
				"parent": "bone200",
				"pivot": [0.5, -2.50737, 2.48337],
				"rotation": [0, 0, -7.39351],
				"cubes": [
					{"origin": [0.5, 4.49263, 5.99639], "size": [2, 5, 0], "uv": [16, 28]}
				]
			},
			{
				"name": "bone203",
				"parent": "bone190",
				"pivot": [0, -2.25, 0],
				"rotation": [0, -135, 0]
			},
			{
				"name": "bone204",
				"parent": "bone203",
				"pivot": [0, -2.25, 2.48337],
				"rotation": [18, 0, 0],
				"cubes": [
					{"origin": [-0.5, 4.49263, 5.99539], "size": [1, 5, 0], "uv": [2, 33]}
				]
			},
			{
				"name": "bone205",
				"parent": "bone204",
				"pivot": [-0.5, -2.50737, 2.48337],
				"rotation": [0, 0, 7.39351],
				"cubes": [
					{"origin": [-2.5, 4.49263, 5.99439], "size": [2, 5, 0], "uv": [4, 28]}
				]
			},
			{
				"name": "bone206",
				"parent": "bone204",
				"pivot": [0.5, -2.50737, 2.48337],
				"rotation": [0, 0, -7.39351],
				"cubes": [
					{"origin": [0.5, 4.49263, 5.99639], "size": [2, 5, 0], "uv": [0, 28]}
				]
			},
			{
				"name": "bone207",
				"parent": "bone190",
				"pivot": [0, -2.25, 0],
				"rotation": [0, -180, 0]
			},
			{
				"name": "bone208",
				"parent": "bone207",
				"pivot": [0, -2.25, 2.48337],
				"rotation": [18, 0, 0],
				"cubes": [
					{"origin": [-0.5, 4.49263, 5.99539], "size": [1, 5, 0], "uv": [0, 33]}
				]
			},
			{
				"name": "bone209",
				"parent": "bone208",
				"pivot": [-0.5, -2.50737, 2.48337],
				"rotation": [0, 0, 7.39351],
				"cubes": [
					{"origin": [-2.5, 4.49263, 5.99439], "size": [2, 5, 0], "uv": [20, 27]}
				]
			},
			{
				"name": "bone210",
				"parent": "bone208",
				"pivot": [0.5, -2.50737, 2.48337],
				"rotation": [0, 0, -7.39351],
				"cubes": [
					{"origin": [0.5, 4.49263, 5.99639], "size": [2, 5, 0], "uv": [26, 20]}
				]
			},
			{
				"name": "bone211",
				"parent": "bone190",
				"pivot": [0, -2.25, 0],
				"rotation": [0, -225, 0]
			},
			{
				"name": "bone212",
				"parent": "bone211",
				"pivot": [0, -2.25, 2.48337],
				"rotation": [18, 0, 0],
				"cubes": [
					{"origin": [-0.5, 4.49263, 5.99539], "size": [1, 5, 0], "uv": [32, 10]}
				]
			},
			{
				"name": "bone213",
				"parent": "bone212",
				"pivot": [-0.5, -2.50737, 2.48337],
				"rotation": [0, 0, 7.39351],
				"cubes": [
					{"origin": [-2.5, 4.49263, 5.99439], "size": [2, 5, 0], "uv": [26, 15]}
				]
			},
			{
				"name": "bone214",
				"parent": "bone212",
				"pivot": [0.5, -2.50737, 2.48337],
				"rotation": [0, 0, -7.39351],
				"cubes": [
					{"origin": [0.5, 4.49263, 5.99639], "size": [2, 5, 0], "uv": [26, 26]}
				]
			},
			{
				"name": "bone215",
				"parent": "bone190",
				"pivot": [0, -2.25, 0],
				"rotation": [0, -270, 0]
			},
			{
				"name": "bone216",
				"parent": "bone215",
				"pivot": [0, -2.25, 2.48337],
				"rotation": [18, 0, 0],
				"cubes": [
					{"origin": [-0.5, 4.49263, 5.99539], "size": [1, 5, 0], "uv": [32, 5]}
				]
			},
			{
				"name": "bone217",
				"parent": "bone216",
				"pivot": [-0.5, -2.50737, 2.48337],
				"rotation": [0, 0, 7.39351],
				"cubes": [
					{"origin": [-2.5, 4.49263, 5.99439], "size": [2, 5, 0], "uv": [8, 26]}
				]
			},
			{
				"name": "bone218",
				"parent": "bone216",
				"pivot": [0.5, -2.50737, 2.48337],
				"rotation": [0, 0, -7.39351],
				"cubes": [
					{"origin": [0.5, 4.49263, 5.99639], "size": [2, 5, 0], "uv": [12, 25]}
				]
			},
			{
				"name": "bone219",
				"parent": "bone190",
				"pivot": [0, -2.25, 0],
				"rotation": [0, -315, 0]
			},
			{
				"name": "bone220",
				"parent": "bone219",
				"pivot": [0, -2.25, 2.48337],
				"rotation": [18, 0, 0],
				"cubes": [
					{"origin": [-0.5, 4.49263, 5.99539], "size": [1, 5, 0], "uv": [32, 0]}
				]
			},
			{
				"name": "bone221",
				"parent": "bone220",
				"pivot": [-0.5, -2.50737, 2.48337],
				"rotation": [0, 0, 7.39351],
				"cubes": [
					{"origin": [-2.5, 4.49263, 5.99439], "size": [2, 5, 0], "uv": [24, 10]}
				]
			},
			{
				"name": "bone222",
				"parent": "bone220",
				"pivot": [0.5, -2.50737, 2.48337],
				"rotation": [0, 0, -7.39351],
				"cubes": [
					{"origin": [0.5, 4.49263, 5.99639], "size": [2, 5, 0], "uv": [24, 5]}
				]
			},
			{
				"name": "bone224",
				"parent": "bone223",
				"pivot": [0, 13.25, 0],
				"rotation": [180, 0, 0]
			},
			{
				"name": "bone225",
				"parent": "bone224",
				"pivot": [0, 13.25, 0]
			},
			{
				"name": "bone226",
				"parent": "bone225",
				"pivot": [0, 13.25, 2.48337],
				"rotation": [18, 0, 0],
				"cubes": [
					{"origin": [-0.5, 19.99263, 5.99539], "size": [1, 5, 0], "uv": [24, 32]}
				]
			},
			{
				"name": "bone227",
				"parent": "bone226",
				"pivot": [-0.5, 12.99263, 2.48337],
				"rotation": [0, 0, 7.39351],
				"cubes": [
					{"origin": [-2.5, 19.99263, 5.99439], "size": [2, 5, 0], "uv": [24, 0]}
				]
			},
			{
				"name": "bone228",
				"parent": "bone226",
				"pivot": [0.5, 12.99263, 2.48337],
				"rotation": [0, 0, -7.39351],
				"cubes": [
					{"origin": [0.5, 19.99263, 5.99639], "size": [2, 5, 0], "uv": [16, 23]}
				]
			},
			{
				"name": "bone229",
				"parent": "bone224",
				"pivot": [0, 13.25, 0],
				"rotation": [0, -45, 0]
			},
			{
				"name": "bone230",
				"parent": "bone229",
				"pivot": [0, 13.25, 2.48337],
				"rotation": [18, 0, 0],
				"cubes": [
					{"origin": [-0.5, 19.99263, 5.99539], "size": [1, 5, 0], "uv": [22, 32]}
				]
			},
			{
				"name": "bone231",
				"parent": "bone230",
				"pivot": [-0.5, 12.99263, 2.48337],
				"rotation": [0, 0, 7.39351],
				"cubes": [
					{"origin": [-2.5, 19.99263, 5.99439], "size": [2, 5, 0], "uv": [4, 23]}
				]
			},
			{
				"name": "bone232",
				"parent": "bone230",
				"pivot": [0.5, 12.99263, 2.48337],
				"rotation": [0, 0, -7.39351],
				"cubes": [
					{"origin": [0.5, 19.99263, 5.99639], "size": [2, 5, 0], "uv": [0, 23]}
				]
			},
			{
				"name": "bone233",
				"parent": "bone224",
				"pivot": [0, 13.25, 0],
				"rotation": [0, -90, 0]
			},
			{
				"name": "bone234",
				"parent": "bone233",
				"pivot": [0, 13.25, 2.48337],
				"rotation": [18, 0, 0],
				"cubes": [
					{"origin": [-0.5, 19.99263, 5.99539], "size": [1, 5, 0], "uv": [20, 32]}
				]
			},
			{
				"name": "bone235",
				"parent": "bone234",
				"pivot": [-0.5, 12.99263, 2.48337],
				"rotation": [0, 0, 7.39351],
				"cubes": [
					{"origin": [-2.5, 19.99263, 5.99439], "size": [2, 5, 0], "uv": [22, 15]}
				]
			},
			{
				"name": "bone236",
				"parent": "bone234",
				"pivot": [0.5, 12.99263, 2.48337],
				"rotation": [0, 0, -7.39351],
				"cubes": [
					{"origin": [0.5, 19.99263, 5.99639], "size": [2, 5, 0], "uv": [22, 22]}
				]
			},
			{
				"name": "bone237",
				"parent": "bone224",
				"pivot": [0, 13.25, 0],
				"rotation": [0, -135, 0]
			},
			{
				"name": "bone238",
				"parent": "bone237",
				"pivot": [0, 13.25, 2.48337],
				"rotation": [18, 0, 0],
				"cubes": [
					{"origin": [-0.5, 19.99263, 5.99539], "size": [1, 5, 0], "uv": [28, 31]}
				]
			},
			{
				"name": "bone239",
				"parent": "bone238",
				"pivot": [-0.5, 12.99263, 2.48337],
				"rotation": [0, 0, 7.39351],
				"cubes": [
					{"origin": [-2.5, 19.99263, 5.99439], "size": [2, 5, 0], "uv": [8, 21]}
				]
			},
			{
				"name": "bone240",
				"parent": "bone238",
				"pivot": [0.5, 12.99263, 2.48337],
				"rotation": [0, 0, -7.39351],
				"cubes": [
					{"origin": [0.5, 19.99263, 5.99639], "size": [2, 5, 0], "uv": [20, 10]}
				]
			},
			{
				"name": "bone241",
				"parent": "bone224",
				"pivot": [0, 13.25, 0],
				"rotation": [0, -180, 0]
			},
			{
				"name": "bone242",
				"parent": "bone241",
				"pivot": [0, 13.25, 2.48337],
				"rotation": [18, 0, 0],
				"cubes": [
					{"origin": [-0.5, 19.99263, 5.99539], "size": [1, 5, 0], "uv": [26, 31]}
				]
			},
			{
				"name": "bone243",
				"parent": "bone242",
				"pivot": [-0.5, 12.99263, 2.48337],
				"rotation": [0, 0, 7.39351],
				"cubes": [
					{"origin": [-2.5, 19.99263, 5.99439], "size": [2, 5, 0], "uv": [20, 5]}
				]
			},
			{
				"name": "bone244",
				"parent": "bone242",
				"pivot": [0.5, 12.99263, 2.48337],
				"rotation": [0, 0, -7.39351],
				"cubes": [
					{"origin": [0.5, 19.99263, 5.99639], "size": [2, 5, 0], "uv": [20, 0]}
				]
			},
			{
				"name": "bone245",
				"parent": "bone224",
				"pivot": [0, 13.25, 0],
				"rotation": [0, -225, 0]
			},
			{
				"name": "bone246",
				"parent": "bone245",
				"pivot": [0, 13.25, 2.48337],
				"rotation": [18, 0, 0],
				"cubes": [
					{"origin": [-0.5, 19.99263, 5.99539], "size": [1, 5, 0], "uv": [10, 31]}
				]
			},
			{
				"name": "bone247",
				"parent": "bone246",
				"pivot": [-0.5, 12.99263, 2.48337],
				"rotation": [0, 0, 7.39351],
				"cubes": [
					{"origin": [-2.5, 19.99263, 5.99439], "size": [2, 5, 0], "uv": [12, 20]}
				]
			},
			{
				"name": "bone248",
				"parent": "bone246",
				"pivot": [0.5, 12.99263, 2.48337],
				"rotation": [0, 0, -7.39351],
				"cubes": [
					{"origin": [0.5, 19.99263, 5.99639], "size": [2, 5, 0], "uv": [18, 18]}
				]
			},
			{
				"name": "bone249",
				"parent": "bone224",
				"pivot": [0, 13.25, 0],
				"rotation": [0, -270, 0]
			},
			{
				"name": "bone250",
				"parent": "bone249",
				"pivot": [0, 13.25, 2.48337],
				"rotation": [18, 0, 0],
				"cubes": [
					{"origin": [-0.5, 19.99263, 5.99539], "size": [1, 5, 0], "uv": [8, 31]}
				]
			},
			{
				"name": "bone251",
				"parent": "bone250",
				"pivot": [-0.5, 12.99263, 2.48337],
				"rotation": [0, 0, 7.39351],
				"cubes": [
					{"origin": [-2.5, 19.99263, 5.99439], "size": [2, 5, 0], "uv": [4, 18]}
				]
			},
			{
				"name": "bone252",
				"parent": "bone250",
				"pivot": [0.5, 12.99263, 2.48337],
				"rotation": [0, 0, -7.39351],
				"cubes": [
					{"origin": [0.5, 19.99263, 5.99639], "size": [2, 5, 0], "uv": [0, 18]}
				]
			},
			{
				"name": "bone253",
				"parent": "bone224",
				"pivot": [0, 13.25, 0],
				"rotation": [0, -315, 0]
			},
			{
				"name": "bone254",
				"parent": "bone253",
				"pivot": [0, 13.25, 2.48337],
				"rotation": [18, 0, 0],
				"cubes": [
					{"origin": [-0.5, 19.99263, 5.99539], "size": [1, 5, 0], "uv": [24, 27]}
				]
			},
			{
				"name": "bone255",
				"parent": "bone254",
				"pivot": [-0.5, 12.99263, 2.48337],
				"rotation": [0, 0, 7.39351],
				"cubes": [
					{"origin": [-2.5, 19.99263, 5.99439], "size": [2, 5, 0], "uv": [8, 16]}
				]
			},
			{
				"name": "bone256",
				"parent": "bone254",
				"pivot": [0.5, 12.99263, 2.48337],
				"rotation": [0, 0, -7.39351],
				"cubes": [
					{"origin": [0.5, 19.99263, 5.99639], "size": [2, 5, 0], "uv": [14, 15]}
				]
			},
			{
				"name": "bone257",
				"parent": "bone223",
				"pivot": [0, 9, 0]
			},
			{
				"name": "bone258",
				"parent": "bone257",
				"pivot": [0, 9, 0],
				"cubes": [
					{"origin": [-1, 9, 0.41421], "size": [2, 1, 2], "uv": [0, 15]}
				]
			},
			{
				"name": "bone259",
				"parent": "bone257",
				"pivot": [0, 9, 0],
				"rotation": [0, -45, 0],
				"cubes": [
					{"origin": [-1, 9, 0.41421], "size": [2, 1, 2], "uv": [6, 13]}
				]
			},
			{
				"name": "bone260",
				"parent": "bone257",
				"pivot": [0, 9, 0],
				"rotation": [0, -90, 0],
				"cubes": [
					{"origin": [-1, 9, 0.41421], "size": [2, 1, 2], "uv": [12, 9]}
				]
			},
			{
				"name": "bone261",
				"parent": "bone257",
				"pivot": [0, 9, 0],
				"rotation": [0, -135, 0],
				"cubes": [
					{"origin": [-1, 9, 0.41421], "size": [2, 1, 2], "uv": [12, 6]}
				]
			},
			{
				"name": "bone262",
				"parent": "bone257",
				"pivot": [0, 9, 0],
				"rotation": [0, -180, 0],
				"cubes": [
					{"origin": [-1, 9, 0.41421], "size": [2, 1, 2], "uv": [12, 3]}
				]
			},
			{
				"name": "bone263",
				"parent": "bone257",
				"pivot": [0, 9, 0],
				"rotation": [0, -225, 0],
				"cubes": [
					{"origin": [-1, 9, 0.41421], "size": [2, 1, 2], "uv": [12, 0]}
				]
			},
			{
				"name": "bone264",
				"parent": "bone257",
				"pivot": [0, 9, 0],
				"rotation": [0, -270, 0],
				"cubes": [
					{"origin": [-1, 9, 0.41421], "size": [2, 1, 2], "uv": [12, 12]}
				]
			},
			{
				"name": "bone265",
				"parent": "bone257",
				"pivot": [0, 9, 0],
				"rotation": [0, -315, 0],
				"cubes": [
					{"origin": [-1, 9, 0.41421], "size": [2, 1, 2], "uv": [0, 12]}
				]
			},
			{
				"name": "bone266",
				"parent": "bone223",
				"pivot": [0, 1, 0]
			},
			{
				"name": "bone267",
				"parent": "bone266",
				"pivot": [0, 1, 0],
				"cubes": [
					{"origin": [-1, 1, 0.41421], "size": [2, 1, 2], "uv": [6, 10]}
				]
			},
			{
				"name": "bone268",
				"parent": "bone266",
				"pivot": [0, 1, 0],
				"rotation": [0, -45, 0],
				"cubes": [
					{"origin": [-1, 1, 0.41421], "size": [2, 1, 2], "uv": [0, 9]}
				]
			},
			{
				"name": "bone269",
				"parent": "bone266",
				"pivot": [0, 1, 0],
				"rotation": [0, -90, 0],
				"cubes": [
					{"origin": [-1, 1, 0.41421], "size": [2, 1, 2], "uv": [6, 7]}
				]
			},
			{
				"name": "bone270",
				"parent": "bone266",
				"pivot": [0, 1, 0],
				"rotation": [0, -135, 0],
				"cubes": [
					{"origin": [-1, 1, 0.41421], "size": [2, 1, 2], "uv": [6, 4]}
				]
			},
			{
				"name": "bone271",
				"parent": "bone266",
				"pivot": [0, 1, 0],
				"rotation": [0, -180, 0],
				"cubes": [
					{"origin": [-1, 1, 0.41421], "size": [2, 1, 2], "uv": [6, 1]}
				]
			},
			{
				"name": "bone272",
				"parent": "bone266",
				"pivot": [0, 1, 0],
				"rotation": [0, -225, 0],
				"cubes": [
					{"origin": [-1, 1, 0.41421], "size": [2, 1, 2], "uv": [0, 6]}
				]
			},
			{
				"name": "bone273",
				"parent": "bone266",
				"pivot": [0, 1, 0],
				"rotation": [0, -270, 0],
				"cubes": [
					{"origin": [-1, 1, 0.41421], "size": [2, 1, 2], "uv": [0, 3]}
				]
			},
			{
				"name": "bone274",
				"parent": "bone266",
				"pivot": [0, 1, 0],
				"rotation": [0, -315, 0],
				"cubes": [
					{"origin": [-1, 1, 0.41421], "size": [2, 1, 2], "uv": [0, 0]}
				]
			},
			{
				"name": "bone275",
				"parent": "bone223",
				"pivot": [0, 0, 0]
			},
			{
				"name": "bone276",
				"parent": "bone275",
				"pivot": [0, 0, 0],
				"cubes": [
					{"origin": [-1, 0, 0.73205], "size": [2, 1, 1], "uv": [30, 26]}
				]
			},
			{
				"name": "bone277",
				"parent": "bone275",
				"pivot": [0, 0, 0],
				"rotation": [0, -60, 0],
				"cubes": [
					{"origin": [-1, 0, 0.73205], "size": [2, 1, 1], "uv": [30, 21]}
				]
			},
			{
				"name": "bone278",
				"parent": "bone275",
				"pivot": [0, 0, 0],
				"rotation": [0, -120, 0],
				"cubes": [
					{"origin": [-1, 0, 0.73205], "size": [2, 1, 1], "uv": [30, 19]}
				]
			},
			{
				"name": "bone279",
				"parent": "bone275",
				"pivot": [0, 0, 0],
				"rotation": [0, -180, 0],
				"cubes": [
					{"origin": [-1, 0, 0.73205], "size": [2, 1, 1], "uv": [30, 17]}
				]
			},
			{
				"name": "bone280",
				"parent": "bone275",
				"pivot": [0, 0, 0],
				"rotation": [0, -240, 0],
				"cubes": [
					{"origin": [-1, 0, 0.73205], "size": [2, 1, 1], "uv": [30, 15]}
				]
			},
			{
				"name": "bone281",
				"parent": "bone275",
				"pivot": [0, 0, 0],
				"rotation": [0, -300, 0],
				"cubes": [
					{"origin": [-1, 0, 0.73205], "size": [2, 1, 1], "uv": [29, 24]}
				]
			}
		]
	}
}