{
	"format_version": "1.10.0",
	"geometry.model": {
		"texturewidth": 32,
		"textureheight": 32,
		"visible_bounds_width": 2,
		"visible_bounds_height": 1,
		"visible_bounds_offset": [0, 0.5, 0],
		"bones": [
			{
				"name": "bone35",
				"pivot": [0, -1, -1],
				"cubes": [
					{"origin": [-3.5, 1.25, -4.5], "size": [7, 1, 7], "uv": [0, 0], "inflate": 0.25},
					{"origin": [-3.5, 7.75, -4.5], "size": [7, 1, 7], "uv": [0, 8], "inflate": 0.25}
				]
			},
			{
				"name": "bone18",
				"parent": "bone35",
				"pivot": [0, 5, -1],
				"rotation": [0, 0, -180]
			},
			{
				"name": "bone19",
				"parent": "bone18",
				"pivot": [0, 5, -1]
			},
			{
				"name": "bone20",
				"parent": "bone19",
				"pivot": [0, 5, 3.47051],
				"rotation": [10, 0, 0],
				"cubes": [
					{"origin": [-2.5, 4.65782, 3.47051], "size": [5, 4, 0], "uv": [10, 20]}
				]
			},
			{
				"name": "bone21",
				"parent": "bone20",
				"pivot": [-2.5, 4.65782, 3.47051],
				"rotation": [0, 0, 9.85108],
				"cubes": [
					{"origin": [-4.5, 4.65782, 3.46951], "size": [2, 4, 0], "uv": [0, 28]}
				]
			},
			{
				"name": "bone22",
				"parent": "bone20",
				"pivot": [2.5, 4.65782, 3.47051],
				"rotation": [0, 0, -9.85108],
				"cubes": [
					{"origin": [2.5, 4.65782, 3.47151], "size": [2, 4, 0], "uv": [24, 24]}
				]
			},
			{
				"name": "bone23",
				"parent": "bone18",
				"pivot": [0, 5, -1],
				"rotation": [0, -90, 0]
			},
			{
				"name": "bone24",
				"parent": "bone23",
				"pivot": [0, 5, 3.47051],
				"rotation": [10, 0, 0],
				"cubes": [
					{"origin": [-2.5, 4.65782, 3.47051], "size": [5, 4, 0], "uv": [0, 20]}
				]
			},
			{
				"name": "bone25",
				"parent": "bone24",
				"pivot": [-2.5, 4.65782, 3.47051],
				"rotation": [0, 0, 9.85108],
				"cubes": [
					{"origin": [-4.5, 4.65782, 3.46951], "size": [2, 4, 0], "uv": [20, 24]}
				]
			},
			{
				"name": "bone26",
				"parent": "bone24",
				"pivot": [2.5, 4.65782, 3.47051],
				"rotation": [0, 0, -9.85108],
				"cubes": [
					{"origin": [2.5, 4.65782, 3.47151], "size": [2, 4, 0], "uv": [16, 24]}
				]
			},
			{
				"name": "bone27",
				"parent": "bone18",
				"pivot": [0, 5, -1],
				"rotation": [0, -180, 0]
			},
			{
				"name": "bone28",
				"parent": "bone27",
				"pivot": [0, 5, 3.47051],
				"rotation": [10, 0, 0],
				"cubes": [
					{"origin": [-2.5, 4.65782, 3.47051], "size": [5, 4, 0], "uv": [10, 16]}
				]
			},
			{
				"name": "bone29",
				"parent": "bone28",
				"pivot": [-2.5, 4.65782, 3.47051],
				"rotation": [0, 0, 9.85108],
				"cubes": [
					{"origin": [-4.5, 4.65782, 3.46951], "size": [2, 4, 0], "uv": [12, 24]}
				]
			},
			{
				"name": "bone30",
				"parent": "bone28",
				"pivot": [2.5, 4.65782, 3.47051],
				"rotation": [0, 0, -9.85108],
				"cubes": [
					{"origin": [2.5, 4.65782, 3.47151], "size": [2, 4, 0], "uv": [8, 24]}
				]
			},
			{
				"name": "bone31",
				"parent": "bone18",
				"pivot": [0, 5, -1],
				"rotation": [0, -270, 0]
			},
			{
				"name": "bone32",
				"parent": "bone31",
				"pivot": [0, 5, 3.47051],
				"rotation": [10, 0, 0],
				"cubes": [
					{"origin": [-2.5, 4.65782, 3.47051], "size": [5, 4, 0], "uv": [0, 16]}
				]
			},
			{
				"name": "bone33",
				"parent": "bone32",
				"pivot": [-2.5, 4.65782, 3.47051],
				"rotation": [0, 0, 9.85108],
				"cubes": [
					{"origin": [-4.5, 4.65782, 3.46951], "size": [2, 4, 0], "uv": [4, 24]}
				]
			},
			{
				"name": "bone34",
				"parent": "bone32",
				"pivot": [2.5, 4.65782, 3.47051],
				"rotation": [0, 0, -9.85108],
				"cubes": [
					{"origin": [2.5, 4.65782, 3.47151], "size": [2, 4, 0], "uv": [0, 24]}
				]
			},
			{
				"name": "bone",
				"parent": "bone35",
				"pivot": [0, 5, -1]
			},
			{
				"name": "bone2",
				"parent": "bone",
				"pivot": [0, 5, -1]
			},
			{
				"name": "bone3",
				"parent": "bone2",
				"pivot": [0, 5, 3.47051],
				"rotation": [10, 0, 0],
				"cubes": [
					{"origin": [-2.5, 4.65782, 3.47051], "size": [5, 4, 0], "uv": [21, 8]}
				]
			},
			{
				"name": "bone4",
				"parent": "bone3",
				"pivot": [-2.5, 4.65782, 3.47051],
				"rotation": [0, 0, 9.85108],
				"cubes": [
					{"origin": [-4.5, 4.65782, 3.46951], "size": [2, 4, 0], "uv": [28, 4]}
				]
			},
			{
				"name": "bone5",
				"parent": "bone3",
				"pivot": [2.5, 4.65782, 3.47051],
				"rotation": [0, 0, -9.85108],
				"cubes": [
					{"origin": [2.5, 4.65782, 3.47151], "size": [2, 4, 0], "uv": [28, 28]}
				]
			},
			{
				"name": "bone6",
				"parent": "bone",
				"pivot": [0, 5, -1],
				"rotation": [0, -90, 0]
			},
			{
				"name": "bone7",
				"parent": "bone6",
				"pivot": [0, 5, 3.47051],
				"rotation": [10, 0, 0],
				"cubes": [
					{"origin": [-2.5, 4.65782, 3.47051], "size": [5, 4, 0], "uv": [21, 0]}
				]
			},
			{
				"name": "bone8",
				"parent": "bone7",
				"pivot": [-2.5, 4.65782, 3.47051],
				"rotation": [0, 0, 9.85108],
				"cubes": [
					{"origin": [-4.5, 4.65782, 3.46951], "size": [2, 4, 0], "uv": [24, 28]}
				]
			},
			{
				"name": "bone9",
				"parent": "bone7",
				"pivot": [2.5, 4.65782, 3.47051],
				"rotation": [0, 0, -9.85108],
				"cubes": [
					{"origin": [2.5, 4.65782, 3.47151], "size": [2, 4, 0], "uv": [20, 28]}
				]
			},
			{
				"name": "bone10",
				"parent": "bone",
				"pivot": [0, 5, -1],
				"rotation": [0, -180, 0]
			},
			{
				"name": "bone11",
				"parent": "bone10",
				"pivot": [0, 5, 3.47051],
				"rotation": [10, 0, 0],
				"cubes": [
					{"origin": [-2.5, 4.65782, 3.47051], "size": [5, 4, 0], "uv": [20, 16]}
				]
			},
			{
				"name": "bone12",
				"parent": "bone11",
				"pivot": [-2.5, 4.65782, 3.47051],
				"rotation": [0, 0, 9.85108],
				"cubes": [
					{"origin": [-4.5, 4.65782, 3.46951], "size": [2, 4, 0], "uv": [16, 28]}
				]
			},
			{
				"name": "bone13",
				"parent": "bone11",
				"pivot": [2.5, 4.65782, 3.47051],
				"rotation": [0, 0, -9.85108],
				"cubes": [
					{"origin": [2.5, 4.65782, 3.47151], "size": [2, 4, 0], "uv": [12, 28]}
				]
			},
			{
				"name": "bone14",
				"parent": "bone",
				"pivot": [0, 5, -1],
				"rotation": [0, -270, 0]
			},
			{
				"name": "bone15",
				"parent": "bone14",
				"pivot": [0, 5, 3.47051],
				"rotation": [10, 0, 0],
				"cubes": [
					{"origin": [-2.5, 4.65782, 3.47051], "size": [5, 4, 0], "uv": [20, 20]}
				]
			},
			{
				"name": "bone16",
				"parent": "bone15",
				"pivot": [-2.5, 4.65782, 3.47051],
				"rotation": [0, 0, 9.85108],
				"cubes": [
					{"origin": [-4.5, 4.65782, 3.46951], "size": [2, 4, 0], "uv": [8, 28]}
				]
			},
			{
				"name": "bone17",
				"parent": "bone15",
				"pivot": [2.5, 4.65782, 3.47051],
				"rotation": [0, 0, -9.85108],
				"cubes": [
					{"origin": [2.5, 4.65782, 3.47151], "size": [2, 4, 0], "uv": [4, 28]}
				]
			},
			{
				"name": "bone102",
				"parent": "bone35",
				"pivot": [0, 0, 34]
			},
			{
				"name": "bone103",
				"parent": "bone102",
				"pivot": [0, 0, -1],
				"cubes": [
					{"origin": [-1, 0, -0.62362], "size": [2, 1, 1], "uv": [0, 10]}
				]
			},
			{
				"name": "bone104",
				"parent": "bone102",
				"pivot": [0, 0, -1],
				"rotation": [0, -72, 0],
				"cubes": [
					{"origin": [-1, 0, -0.62362], "size": [2, 1, 1], "uv": [0, 8]}
				]
			},
			{
				"name": "bone105",
				"parent": "bone102",
				"pivot": [0, 0, -1],
				"rotation": [0, -144, 0],
				"cubes": [
					{"origin": [-1, 0, -0.62362], "size": [2, 1, 1], "uv": [0, 4]}
				]
			},
			{
				"name": "bone106",
				"parent": "bone102",
				"pivot": [0, 0, -1],
				"rotation": [0, -216, 0],
				"cubes": [
					{"origin": [-1, 0, -0.62362], "size": [2, 1, 1], "uv": [0, 2]}
				]
			},
			{
				"name": "bone107",
				"parent": "bone102",
				"pivot": [0, 0, -1],
				"rotation": [0, -288, 0],
				"cubes": [
					{"origin": [-1, 0, -0.62362], "size": [2, 1, 1], "uv": [0, 0]}
				]
			}
		]
	}
}