{
	"format_version": "1.10.0",
	"geometry.model": {
		"texturewidth": 64,
		"textureheight": 64,
		"visible_bounds_width": 2,
		"visible_bounds_height": 1,
		"visible_bounds_offset": [0, 0.5, 0],
		"bones": [
			{
				"name": "bone200",
				"pivot": [0, -5, 0],
				"cubes": [
					{"origin": [-0.5, -0.25, -0.5], "size": [1, 4, 1], "uv": [24, 29]}
				]
			},
			{
				"name": "bone201",
				"parent": "bone200",
				"pivot": [0, 7, 0]
			},
			{
				"name": "bone202",
				"parent": "bone201",
				"pivot": [0, 7, 0]
			},
			{
				"name": "bone203",
				"parent": "bone202",
				"pivot": [0, 7, 2.97771],
				"rotation": [15, 0, 0],
				"cubes": [
					{"origin": [-1, 8.70221, 5.15754], "size": [2, 4, 0], "uv": [0, 37]}
				]
			},
			{
				"name": "bone204",
				"parent": "bone203",
				"pivot": [-1, 6.70221, 2.97771],
				"rotation": [0, 0, 8.56299],
				"cubes": [
					{"origin": [-3, 8.70221, 5.15654], "size": [2, 4, 0], "uv": [36, 23]}
				]
			},
			{
				"name": "bone205",
				"parent": "bone203",
				"pivot": [1, 6.70221, 2.97771],
				"rotation": [0, 0, -8.56299],
				"cubes": [
					{"origin": [1, 8.70221, 5.15854], "size": [2, 4, 0], "uv": [36, 19]}
				]
			},
			{
				"name": "bone206",
				"parent": "bone201",
				"pivot": [0, 7, 0],
				"rotation": [0, -60, 0]
			},
			{
				"name": "bone207",
				"parent": "bone206",
				"pivot": [0, 7, 2.97771],
				"rotation": [15, 0, 0],
				"cubes": [
					{"origin": [-1, 8.70221, 5.15754], "size": [2, 4, 0], "uv": [36, 14]}
				]
			},
			{
				"name": "bone208",
				"parent": "bone207",
				"pivot": [-1, 6.70221, 2.97771],
				"rotation": [0, 0, 8.56299],
				"cubes": [
					{"origin": [-3, 8.70221, 5.15654], "size": [2, 4, 0], "uv": [36, 10]}
				]
			},
			{
				"name": "bone209",
				"parent": "bone207",
				"pivot": [1, 6.70221, 2.97771],
				"rotation": [0, 0, -8.56299],
				"cubes": [
					{"origin": [1, 8.70221, 5.15854], "size": [2, 4, 0], "uv": [36, 4]}
				]
			},
			{
				"name": "bone210",
				"parent": "bone201",
				"pivot": [0, 7, 0],
				"rotation": [0, -120, 0]
			},
			{
				"name": "bone211",
				"parent": "bone210",
				"pivot": [0, 7, 2.97771],
				"rotation": [15, 0, 0],
				"cubes": [
					{"origin": [-1, 8.70221, 5.15754], "size": [2, 4, 0], "uv": [36, 0]}
				]
			},
			{
				"name": "bone212",
				"parent": "bone211",
				"pivot": [-1, 6.70221, 2.97771],
				"rotation": [0, 0, 8.56299],
				"cubes": [
					{"origin": [-3, 8.70221, 5.15654], "size": [2, 4, 0], "uv": [36, 36]}
				]
			},
			{
				"name": "bone213",
				"parent": "bone211",
				"pivot": [1, 6.70221, 2.97771],
				"rotation": [0, 0, -8.56299],
				"cubes": [
					{"origin": [1, 8.70221, 5.15854], "size": [2, 4, 0], "uv": [20, 35]}
				]
			},
			{
				"name": "bone214",
				"parent": "bone201",
				"pivot": [0, 7, 0],
				"rotation": [0, -180, 0]
			},
			{
				"name": "bone215",
				"parent": "bone214",
				"pivot": [0, 7, 2.97771],
				"rotation": [15, 0, 0],
				"cubes": [
					{"origin": [-1, 8.70221, 5.15754], "size": [2, 4, 0], "uv": [34, 29]}
				]
			},
			{
				"name": "bone216",
				"parent": "bone215",
				"pivot": [-1, 6.70221, 2.97771],
				"rotation": [0, 0, 8.56299],
				"cubes": [
					{"origin": [-3, 8.70221, 5.15654], "size": [2, 4, 0], "uv": [24, 34]}
				]
			},
			{
				"name": "bone217",
				"parent": "bone215",
				"pivot": [1, 6.70221, 2.97771],
				"rotation": [0, 0, -8.56299],
				"cubes": [
					{"origin": [1, 8.70221, 5.15854], "size": [2, 4, 0], "uv": [32, 33]}
				]
			},
			{
				"name": "bone218",
				"parent": "bone201",
				"pivot": [0, 7, 0],
				"rotation": [0, -240, 0]
			},
			{
				"name": "bone219",
				"parent": "bone218",
				"pivot": [0, 7, 2.97771],
				"rotation": [15, 0, 0],
				"cubes": [
					{"origin": [-1, 8.70221, 5.15754], "size": [2, 4, 0], "uv": [28, 33]}
				]
			},
			{
				"name": "bone220",
				"parent": "bone219",
				"pivot": [-1, 6.70221, 2.97771],
				"rotation": [0, 0, 8.56299],
				"cubes": [
					{"origin": [-3, 8.70221, 5.15654], "size": [2, 4, 0], "uv": [16, 33]}
				]
			},
			{
				"name": "bone221",
				"parent": "bone219",
				"pivot": [1, 6.70221, 2.97771],
				"rotation": [0, 0, -8.56299],
				"cubes": [
					{"origin": [1, 8.70221, 5.15854], "size": [2, 4, 0], "uv": [12, 33]}
				]
			},
			{
				"name": "bone222",
				"parent": "bone201",
				"pivot": [0, 7, 0],
				"rotation": [0, -300, 0]
			},
			{
				"name": "bone223",
				"parent": "bone222",
				"pivot": [0, 7, 2.97771],
				"rotation": [15, 0, 0],
				"cubes": [
					{"origin": [-1, 8.70221, 5.15754], "size": [2, 4, 0], "uv": [8, 33]}
				]
			},
			{
				"name": "bone224",
				"parent": "bone223",
				"pivot": [-1, 6.70221, 2.97771],
				"rotation": [0, 0, 8.56299],
				"cubes": [
					{"origin": [-3, 8.70221, 5.15654], "size": [2, 4, 0], "uv": [4, 33]}
				]
			},
			{
				"name": "bone225",
				"parent": "bone223",
				"pivot": [1, 6.70221, 2.97771],
				"rotation": [0, 0, -8.56299],
				"cubes": [
					{"origin": [1, 8.70221, 5.15854], "size": [2, 4, 0], "uv": [0, 33]}
				]
			},
			{
				"name": "bone226",
				"parent": "bone200",
				"pivot": [0, 12, 0],
				"rotation": [180, 0, 0]
			},
			{
				"name": "bone227",
				"parent": "bone226",
				"pivot": [0, 12, 0]
			},
			{
				"name": "bone228",
				"parent": "bone227",
				"pivot": [0, 12, 2.97771],
				"rotation": [15, 0, 0],
				"cubes": [
					{"origin": [-1, 13.70221, 5.15754], "size": [2, 6, 0], "uv": [20, 29]}
				]
			},
			{
				"name": "bone229",
				"parent": "bone228",
				"pivot": [-1, 11.70221, 2.97771],
				"rotation": [0, 0, 8.56299],
				"cubes": [
					{"origin": [-3, 13.70221, 5.15654], "size": [2, 6, 0], "uv": [16, 27]}
				]
			},
			{
				"name": "bone230",
				"parent": "bone228",
				"pivot": [1, 11.70221, 2.97771],
				"rotation": [0, 0, -8.56299],
				"cubes": [
					{"origin": [1, 13.70221, 5.15854], "size": [2, 6, 0], "uv": [12, 27]}
				]
			},
			{
				"name": "bone231",
				"parent": "bone226",
				"pivot": [0, 12, 0],
				"rotation": [0, -60, 0]
			},
			{
				"name": "bone232",
				"parent": "bone231",
				"pivot": [0, 12, 2.97771],
				"rotation": [15, 0, 0],
				"cubes": [
					{"origin": [-1, 13.70221, 5.15754], "size": [2, 6, 0], "uv": [8, 27]}
				]
			},
			{
				"name": "bone233",
				"parent": "bone232",
				"pivot": [-1, 11.70221, 2.97771],
				"rotation": [0, 0, 8.56299],
				"cubes": [
					{"origin": [-3, 13.70221, 5.15654], "size": [2, 6, 0], "uv": [4, 27]}
				]
			},
			{
				"name": "bone234",
				"parent": "bone232",
				"pivot": [1, 11.70221, 2.97771],
				"rotation": [0, 0, -8.56299],
				"cubes": [
					{"origin": [1, 13.70221, 5.15854], "size": [2, 6, 0], "uv": [0, 27]}
				]
			},
			{
				"name": "bone235",
				"parent": "bone226",
				"pivot": [0, 12, 0],
				"rotation": [0, -120, 0]
			},
			{
				"name": "bone236",
				"parent": "bone235",
				"pivot": [0, 12, 2.97771],
				"rotation": [15, 0, 0],
				"cubes": [
					{"origin": [-1, 13.70221, 5.15754], "size": [2, 6, 0], "uv": [24, 19]}
				]
			},
			{
				"name": "bone237",
				"parent": "bone236",
				"pivot": [-1, 11.70221, 2.97771],
				"rotation": [0, 0, 8.56299],
				"cubes": [
					{"origin": [-3, 13.70221, 5.15654], "size": [2, 6, 0], "uv": [24, 10]}
				]
			},
			{
				"name": "bone238",
				"parent": "bone236",
				"pivot": [1, 11.70221, 2.97771],
				"rotation": [0, 0, -8.56299],
				"cubes": [
					{"origin": [1, 13.70221, 5.15854], "size": [2, 6, 0], "uv": [24, 0]}
				]
			},
			{
				"name": "bone239",
				"parent": "bone226",
				"pivot": [0, 12, 0],
				"rotation": [0, -180, 0]
			},
			{
				"name": "bone240",
				"parent": "bone239",
				"pivot": [0, 12, 2.97771],
				"rotation": [15, 0, 0],
				"cubes": [
					{"origin": [-1, 13.70221, 5.15754], "size": [2, 6, 0], "uv": [20, 10]}
				]
			},
			{
				"name": "bone241",
				"parent": "bone240",
				"pivot": [-1, 11.70221, 2.97771],
				"rotation": [0, 0, 8.56299],
				"cubes": [
					{"origin": [-3, 13.70221, 5.15654], "size": [2, 6, 0], "uv": [20, 0]}
				]
			},
			{
				"name": "bone242",
				"parent": "bone240",
				"pivot": [1, 11.70221, 2.97771],
				"rotation": [0, 0, -8.56299],
				"cubes": [
					{"origin": [1, 13.70221, 5.15854], "size": [2, 6, 0], "uv": [20, 20]}
				]
			},
			{
				"name": "bone243",
				"parent": "bone226",
				"pivot": [0, 12, 0],
				"rotation": [0, -240, 0]
			},
			{
				"name": "bone244",
				"parent": "bone243",
				"pivot": [0, 12, 2.97771],
				"rotation": [15, 0, 0],
				"cubes": [
					{"origin": [-1, 13.70221, 5.15754], "size": [2, 6, 0], "uv": [4, 18]}
				]
			},
			{
				"name": "bone245",
				"parent": "bone244",
				"pivot": [-1, 11.70221, 2.97771],
				"rotation": [0, 0, 8.56299],
				"cubes": [
					{"origin": [-3, 13.70221, 5.15654], "size": [2, 6, 0], "uv": [0, 18]}
				]
			},
			{
				"name": "bone246",
				"parent": "bone244",
				"pivot": [1, 11.70221, 2.97771],
				"rotation": [0, 0, -8.56299],
				"cubes": [
					{"origin": [1, 13.70221, 5.15854], "size": [2, 6, 0], "uv": [4, 9]}
				]
			},
			{
				"name": "bone247",
				"parent": "bone226",
				"pivot": [0, 12, 0],
				"rotation": [0, -300, 0]
			},
			{
				"name": "bone248",
				"parent": "bone247",
				"pivot": [0, 12, 2.97771],
				"rotation": [15, 0, 0],
				"cubes": [
					{"origin": [-1, 13.70221, 5.15754], "size": [2, 6, 0], "uv": [0, 9]}
				]
			},
			{
				"name": "bone249",
				"parent": "bone248",
				"pivot": [-1, 11.70221, 2.97771],
				"rotation": [0, 0, 8.56299],
				"cubes": [
					{"origin": [-3, 13.70221, 5.15654], "size": [2, 6, 0], "uv": [4, 0]}
				]
			},
			{
				"name": "bone250",
				"parent": "bone248",
				"pivot": [1, 11.70221, 2.97771],
				"rotation": [0, 0, -8.56299],
				"cubes": [
					{"origin": [1, 13.70221, 5.15854], "size": [2, 6, 0], "uv": [0, 0]}
				]
			},
			{
				"name": "bone251",
				"parent": "bone200",
				"pivot": [0, 3, 0]
			},
			{
				"name": "bone252",
				"parent": "bone251",
				"pivot": [0, 3, 0],
				"cubes": [
					{"origin": [-1, 3, 0.73205], "size": [2, 1, 1], "uv": [28, 31]}
				]
			},
			{
				"name": "bone253",
				"parent": "bone251",
				"pivot": [0, 3, 0],
				"rotation": [0, -60, 0],
				"cubes": [
					{"origin": [-1, 3, 0.73205], "size": [2, 1, 1], "uv": [28, 29]}
				]
			},
			{
				"name": "bone254",
				"parent": "bone251",
				"pivot": [0, 3, 0],
				"rotation": [0, -120, 0],
				"cubes": [
					{"origin": [-1, 3, 0.73205], "size": [2, 1, 1], "uv": [0, 24]}
				]
			},
			{
				"name": "bone255",
				"parent": "bone251",
				"pivot": [0, 3, 0],
				"rotation": [0, -180, 0],
				"cubes": [
					{"origin": [-1, 3, 0.73205], "size": [2, 1, 1], "uv": [20, 6]}
				]
			},
			{
				"name": "bone256",
				"parent": "bone251",
				"pivot": [0, 3, 0],
				"rotation": [0, -240, 0],
				"cubes": [
					{"origin": [-1, 3, 0.73205], "size": [2, 1, 1], "uv": [0, 15]}
				]
			},
			{
				"name": "bone257",
				"parent": "bone251",
				"pivot": [0, 3, 0],
				"rotation": [0, -300, 0],
				"cubes": [
					{"origin": [-1, 3, 0.73205], "size": [2, 1, 1], "uv": [0, 6]}
				]
			},
			{
				"name": "bone258",
				"parent": "bone200",
				"pivot": [0, -7, 0]
			},
			{
				"name": "bone259",
				"parent": "bone258",
				"pivot": [0, -7, 0],
				"rotation": [0, 120, 0],
				"cubes": [
					{"origin": [-2, 12.249, -4], "size": [4, 1, 8], "uv": [20, 10], "inflate": -0.1}
				]
			},
			{
				"name": "bone260",
				"parent": "bone258",
				"pivot": [0, -7, 0],
				"rotation": [0, 60, 0],
				"cubes": [
					{"origin": [-2, 12.25, -4], "size": [4, 1, 8], "uv": [20, 1], "inflate": -0.1}
				]
			},
			{
				"name": "bone261",
				"parent": "bone258",
				"pivot": [0, -7, 0],
				"cubes": [
					{"origin": [-2, 12.251, -4], "size": [4, 1, 8], "uv": [20, 20], "inflate": -0.1}
				]
			},
			{
				"name": "bone262",
				"parent": "bone200",
				"pivot": [0, -15.75, 0]
			},
			{
				"name": "bone263",
				"parent": "bone262",
				"pivot": [0, -15.75, 0],
				"rotation": [0, 120, 0],
				"cubes": [
					{"origin": [-3, 3.5, -4], "size": [6, 1, 8], "uv": [0, 18], "inflate": -0.3}
				]
			},
			{
				"name": "bone264",
				"parent": "bone262",
				"pivot": [0, -15.75, 0],
				"rotation": [0, 60, 0],
				"cubes": [
					{"origin": [-3, 3.49, -4], "size": [6, 1, 8], "uv": [0, 9], "inflate": -0.3}
				]
			},
			{
				"name": "bone265",
				"parent": "bone262",
				"pivot": [0, -15.75, 0],
				"cubes": [
					{"origin": [-3, 3.51, -4], "size": [6, 1, 8], "uv": [0, 0], "inflate": -0.3}
				]
			}
		]
	}
}