{
	"format_version": "1.10.0",
	"geometry.model": {
		"texturewidth": 128,
		"textureheight": 128,
		"visible_bounds_width": 3,
		"visible_bounds_height": 4,
		"visible_bounds_offset": [0, 1, 0],
		"bones": [
			{
				"name": "head",
				"pivot": [0, 18, 0],
				"cubes": [
					{"origin": [-4, 18, -4], "size": [8, 8, 8], "uv": [0, 0]}
				]
			},
			{
				"name": "A",
				"parent": "head",
				"pivot": [0, 0, 0],
				"cubes": [
					{"origin": [-1.75, 25.5, -3.5], "size": [5, 1, 6], "uv": [38, 22]},
					{"origin": [-3, 25.25, -1], "size": [3, 1, 4.5], "uv": [56, 27]},
					{"origin": [-3, 20, 3.5], "size": [4, 5, 1], "uv": [0, 61]},
					{"origin": [-1, 19, 3.25], "size": [3.5, 3.25, 1], "uv": [30, 65]},
					{"origin": [-4.5, 21.25, -0.5], "size": [1, 3, 3], "uv": [18, 16]},
					{"origin": [3.5, 22.25, -1.5], "size": [1, 2.75, 3.75], "uv": [46, 61]},
					{"origin": [3.25, 21, 0.5], "size": [1, 2.75, 2.75], "uv": [66, 36]}
				]
			},
			{
				"name": "bone",
				"parent": "A",
				"pivot": [-0.5, 1.5, -13],
				"rotation": [-10, 0, 20],
				"cubes": [
					{"origin": [-10.94701, 20.30471, -7.88326], "size": [1, 4, 0], "uv": [42, 22]},
					{"origin": [-10.32775, 20.78869, -7.9686], "size": [1, 4, 0], "uv": [4, 34]}
				]
			},
			{
				"name": "bone2",
				"parent": "A",
				"pivot": [-0.5, 2, -9],
				"rotation": [-5, 0, -15],
				"cubes": [
					{"origin": [7.96299, 20.14624, -5.91845], "size": [1, 4, 0], "uv": [28, 0]},
					{"origin": [7.43266, 22.0613, -5.9985], "size": [1, 3, 0], "uv": [18, 16]}
				]
			},
			{
				"name": "bone3",
				"parent": "A",
				"pivot": [-1, 17.3875, 4.25],
				"rotation": [17.5, 0, 0],
				"cubes": [
					{"origin": [-1, 16.9, 3.25], "size": [2, 1, 2], "uv": [66, 25], "inflate": -0.3},
					{"origin": [-1, 16.15, 3.25], "size": [2, 1, 2], "uv": [42, 0], "inflate": -0.3},
					{"origin": [-1, 16.35, 3.25], "size": [2, 2, 2], "uv": [64, 18], "inflate": -0.4},
					{"origin": [-1, 17.65, 3.25], "size": [2, 1, 2], "uv": [64, 22], "inflate": -0.3}
				]
			},
			{
				"name": "bone4",
				"parent": "bone3",
				"pivot": [-0.5, 13.55524, 3.91016],
				"rotation": [-5, 0, 0],
				"cubes": [
					{"origin": [-0.75, 12.55524, 3.41016], "size": [1.5, 4, 1], "uv": [28, 69]}
				]
			},
			{
				"name": "bone5",
				"parent": "bone4",
				"pivot": [-0.5, 10.21995, 3.93895],
				"rotation": [-5, 0, 0],
				"cubes": [
					{"origin": [-0.75, 10.21995, 3.43895], "size": [1.5, 3, 1], "uv": [36, 54], "inflate": -0.2}
				]
			},
			{
				"name": "bone6",
				"parent": "bone5",
				"pivot": [-0.5, 14.78368, 4.35079],
				"rotation": [15, 0, 12.5],
				"cubes": [
					{"origin": [-1, 12.28368, 4.35079], "size": [1, 5, 0], "uv": [4, 16]}
				]
			},
			{
				"name": "blink",
				"parent": "head",
				"pivot": [0, 18, 0],
				"cubes": [
					{"origin": [-4, 18, -4.001], "size": [8, 8, 0], "uv": [12, 49]}
				]
			},
			{
				"name": "armRight",
				"pivot": [-3, 17.5, 0],
				"rotation": [0, 0, 25],
				"cubes": [
					{"origin": [-5, 8.5, -1], "size": [2, 8, 2], "uv": [38, 58]},
					{"origin": [-5.25, 14.5, -1.25], "size": [2.5, 3, 2.5], "uv": [62, 63]},
					{"origin": [-5.5, 14.25, -1.5], "size": [3, 1, 3], "uv": [59, 59]}
				]
			},
			{
				"name": "armLeft",
				"pivot": [3, 17.5, 0],
				"rotation": [0, 0, -25],
				"cubes": [
					{"origin": [2.75, 14.5, -1.25], "size": [2.5, 3, 2.5], "uv": [54, 63]},
					{"origin": [2.5, 14.25, -1.5], "size": [3, 1, 3], "uv": [60, 32]},
					{"origin": [3, 8.5, -1], "size": [2, 8, 2], "uv": [12, 57]}
				]
			},
			{
				"name": "body",
				"pivot": [0, 10.5, 0],
				"cubes": [
					{"origin": [-3, 8.999, -3], "size": [6, 9, 6], "uv": [0, 16]}
				]
			},
			{
				"name": "bone7",
				"parent": "body",
				"pivot": [0, 0, 0],
				"cubes": [
					{"origin": [-3.25, 14.249, -3.25], "size": [6.5, 2.5, 6.5], "uv": [24, 0]},
					{"origin": [-2.25, 16.749, 0.75], "size": [4.5, 2.25, 2.75], "uv": [58, 14]},
					{"origin": [-3.25, 16.749, -3.25], "size": [1.5, 2, 6.5], "uv": [52, 43]},
					{"origin": [1.75, 16.749, -3.25], "size": [1.5, 2, 6.5], "uv": [52, 32]},
					{"origin": [-3.2, 13.5, -3.1], "size": [6.3, 1, 6.2], "uv": [24, 34]},
					{"origin": [-3.2, 11.95, -3.1], "size": [6.3, 1, 6.2], "uv": [0, 34]},
					{"origin": [0, 11.25, -3.25], "size": [1, 3, 6.5], "uv": [48, 52]},
					{"origin": [-2.6, 11.25, -3.25], "size": [1, 3, 6.5], "uv": [40, 49]},
					{"origin": [1.75, 11.25, -3.25], "size": [1, 3, 6.5], "uv": [50, 12]}
				]
			},
			{
				"name": "bone8",
				"parent": "bone7",
				"pivot": [0, 15.75, -2.75],
				"rotation": [-10, 0, 0]
			},
			{
				"name": "bone9",
				"parent": "bone8",
				"pivot": [-0.5, 16.61884, -2.14163],
				"rotation": [-12.5, 0, -30],
				"cubes": [
					{"origin": [-2.05611, 16.31685, -4.07682], "size": [1, 2, 1], "uv": [69, 31]}
				]
			},
			{
				"name": "bone10",
				"parent": "bone9",
				"pivot": [-0.522, 16.8846, -0.30482],
				"rotation": [10, 0, -35],
				"cubes": [
					{"origin": [-2.22931, 15.3665, -3.73202], "size": [1, 2, 1], "uv": [69, 13]}
				]
			},
			{
				"name": "bone11",
				"parent": "bone8",
				"pivot": [0.25, 17.60305, 2.00039],
				"rotation": [-2.5, 0, 32.5],
				"cubes": [
					{"origin": [1.10929, 16.82272, -3.83297], "size": [1, 2, 1], "uv": [32, 69]}
				]
			},
			{
				"name": "bone12",
				"parent": "bone11",
				"pivot": [1.91194, 17.79157, 2.12252],
				"rotation": [0, 0, 25],
				"cubes": [
					{"origin": [1.43061, 14.68897, -3.498], "size": [1, 2, 1], "uv": [51, 61]}
				]
			},
			{
				"name": "sittingRotationSkirt",
				"parent": "body",
				"pivot": [0, 10.5, 0],
				"cubes": [
					{"origin": [-3.6, 8.75, -3.5], "size": [7.2, 3.75, 7], "uv": [17, 24]}
				]
			},
			{
				"name": "bone13",
				"parent": "sittingRotationSkirt",
				"pivot": [0, 16.5, 0]
			},
			{
				"name": "bone14",
				"parent": "bone13",
				"pivot": [0, 6, 0]
			},
			{
				"name": "bone15",
				"parent": "bone14",
				"pivot": [0, 6, 4.47051],
				"rotation": [10, 0, 0],
				"cubes": [
					{"origin": [-2.5, 4.65782, 4.47051], "size": [5, 7, 0], "uv": [60, 40]}
				]
			},
			{
				"name": "bone16",
				"parent": "bone15",
				"pivot": [-2.5, 5.65782, 4.47051],
				"rotation": [0, 0, 9.85108],
				"cubes": [
					{"origin": [-4.5, 4.65782, 4.46951], "size": [2, 7, 0], "uv": [16, 67]}
				]
			},
			{
				"name": "bone17",
				"parent": "bone15",
				"pivot": [2.5, 5.65782, 4.47051],
				"rotation": [0, 0, -9.85108],
				"cubes": [
					{"origin": [2.5, 4.65782, 4.47151], "size": [2, 7, 0], "uv": [12, 67]}
				]
			},
			{
				"name": "bone18",
				"parent": "bone13",
				"pivot": [0, 6, 0],
				"rotation": [0, -90, 0]
			},
			{
				"name": "bone19",
				"parent": "bone18",
				"pivot": [0, 6, 4.47051],
				"rotation": [10, 0, 0],
				"cubes": [
					{"origin": [-2.5, 4.65782, 4.47051], "size": [5, 7, 0], "uv": [60, 0]}
				]
			},
			{
				"name": "bone20",
				"parent": "bone19",
				"pivot": [-2.5, 5.65782, 4.47051],
				"rotation": [0, 0, 9.85108],
				"cubes": [
					{"origin": [-4.5, 4.65782, 4.46951], "size": [2, 7, 0], "uv": [8, 67]}
				]
			},
			{
				"name": "bone21",
				"parent": "bone19",
				"pivot": [2.5, 5.65782, 4.47051],
				"rotation": [0, 0, -9.85108],
				"cubes": [
					{"origin": [2.5, 4.65782, 4.47151], "size": [2, 7, 0], "uv": [4, 67]}
				]
			},
			{
				"name": "bone22",
				"parent": "bone13",
				"pivot": [0, 6, 0],
				"rotation": [0, -180, 0]
			},
			{
				"name": "bone23",
				"parent": "bone22",
				"pivot": [0, 6, 4.47051],
				"rotation": [10, 0, 0],
				"cubes": [
					{"origin": [-2, 4.65782, 4.47051], "size": [4.5, 7, 0], "uv": [0, 0]}
				]
			},
			{
				"name": "bone24",
				"parent": "bone23",
				"pivot": [-2.5, 5.65782, 4.47051],
				"rotation": [0, 0, 9.85108],
				"cubes": [
					{"origin": [-4.5, 4.65782, 4.46951], "size": [2, 7, 0], "uv": [0, 67]}
				]
			},
			{
				"name": "bone25",
				"parent": "bone23",
				"pivot": [2.5, 5.65782, 4.47051],
				"rotation": [0, 0, -9.85108],
				"cubes": [
					{"origin": [2.5, 4.65782, 4.47151], "size": [2, 7, 0], "uv": [66, 47]}
				]
			},
			{
				"name": "bone26",
				"parent": "bone13",
				"pivot": [0, 6, 0],
				"rotation": [0, -270, 0]
			},
			{
				"name": "bone27",
				"parent": "bone26",
				"pivot": [0, 6, 4.47051],
				"rotation": [10, 0, 0],
				"cubes": [
					{"origin": [-2.5, 4.65782, 4.47051], "size": [5, 7, 0], "uv": [20, 60]}
				]
			},
			{
				"name": "bone28",
				"parent": "bone27",
				"pivot": [-2.5, 5.65782, 4.47051],
				"rotation": [0, 0, 9.85108],
				"cubes": [
					{"origin": [-4.5, 4.65782, 4.46951], "size": [2, 7, 0], "uv": [50, 66]}
				]
			},
			{
				"name": "bone29",
				"parent": "bone27",
				"pivot": [2.5, 5.65782, 4.47051],
				"rotation": [0, 0, -9.85108],
				"cubes": [
					{"origin": [2.5, 4.65782, 4.47151], "size": [2, 7, 0], "uv": [46, 66]}
				]
			},
			{
				"name": "legLeft",
				"pivot": [2, 9, 0],
				"cubes": [
					{"origin": [0.499, 0, -1.5], "size": [3, 9, 3], "uv": [0, 49]},
					{"origin": [0.249, -0.25, -1.75], "size": [3.5, 2.5, 3.5], "uv": [58, 9]}
				]
			},
			{
				"name": "legRight",
				"pivot": [-2, 9, 0],
				"cubes": [
					{"origin": [-3.499, 0, -1.5], "size": [3, 9, 3], "uv": [48, 0]},
					{"origin": [-3.749, -0.25, -1.75], "size": [3.5, 2.5, 3.5], "uv": [18, 34]}
				]
			},
			{
				"name": "tail",
				"pivot": [0, 0, 0]
			},
			{
				"name": "bone30",
				"parent": "tail",
				"pivot": [-7.63, 24.2625, 3.7775],
				"rotation": [2.5, 10, 0],
				"cubes": [
					{"origin": [-12.75, 25, 3.5], "size": [6, 6.25, 6], "uv": [26, 10]},
					{"origin": [-13, 24.75, 3.25], "size": [6.5, 5.75, 3.75], "uv": [40, 41]},
					{"origin": [-10.5, 30.25, 2.75], "size": [1.5, 3.25, 1], "uv": [44, 8], "inflate": -0.3},
					{"origin": [-12.5, 30.25, 2.75], "size": [1.5, 2, 1], "uv": [20, 57], "inflate": -0.3},
					{"origin": [-8.5, 30.25, 2.75], "size": [1.5, 2, 1], "uv": [56, 51], "inflate": -0.3},
					{"origin": [-13.45, 30.25, 4.75], "size": [1, 2.5, 1.5], "uv": [55, 40], "inflate": -0.3},
					{"origin": [-7.05, 27.25, 6.7], "size": [1, 4.5, 1.5], "uv": [68, 57], "inflate": -0.3},
					{"origin": [-7.05, 30.25, 4.7], "size": [1, 2.5, 1.5], "uv": [54, 21], "inflate": -0.3}
				]
			},
			{
				"name": "bone32",
				"parent": "bone30",
				"pivot": [-7.75, 27.5, 3.5],
				"rotation": [0, 0, -17.5],
				"cubes": [
					{"origin": [-8.75, 27, 3], "size": [2, 1, 1], "uv": [24, 22]},
					{"origin": [-9.06361, 26.83675, 2.75], "size": [1, 1, 1], "uv": [40, 8]}
				]
			},
			{
				"name": "bone31",
				"parent": "bone30",
				"pivot": [-11.75, 27.5, 3.5],
				"rotation": [0, 0, 17.5],
				"cubes": [
					{"origin": [-12.75, 27, 3], "size": [2, 1, 1], "uv": [30, 22]},
					{"origin": [-11.435, 26.87545, 2.75], "size": [1, 1, 1], "uv": [38, 29]}
				]
			},
			{
				"name": "bone33",
				"parent": "tail",
				"pivot": [0, 0, 0]
			},
			{
				"name": "bone35",
				"parent": "bone33",
				"pivot": [-8.55, 19.75, 7.2],
				"rotation": [0, 0, -10],
				"cubes": [
					{"origin": [-9, 17.25, 8.75], "size": [1, 5, 1], "uv": [58, 68], "inflate": -0.2},
					{"origin": [-7, 17.25, 7], "size": [1, 5, 1], "uv": [54, 68], "inflate": -0.2},
					{"origin": [-8, 17.25, 5], "size": [1, 5, 1], "uv": [41, 68], "inflate": -0.2},
					{"origin": [-10.25, 17.25, 5.25], "size": [1, 5, 1], "uv": [37, 68], "inflate": -0.2},
					{"origin": [-11, 17.25, 7.5], "size": [1, 5, 1], "uv": [24, 67], "inflate": -0.2}
				]
			},
			{
				"name": "bone34",
				"parent": "bone33",
				"pivot": [-7.25, 16.375, 7.25],
				"rotation": [2.5, -17.5, -25],
				"cubes": [
					{"origin": [-9.25, 14.75, 5.25], "size": [4, 2, 4], "uv": [24, 54]},
					{"origin": [-9.75, 15.5, 4.75], "size": [5, 3, 5], "uv": [20, 41]}
				]
			},
			{
				"name": "bone36",
				"parent": "bone33",
				"pivot": [-5.75, 17.6875, 5.5],
				"rotation": [7.5, 0, -7.5],
				"cubes": [
					{"origin": [-11, 21.5, 5.5], "size": [5.5, 3, 5], "uv": [0, 41]},
					{"origin": [-9, 20.75, 5.5], "size": [1.5, 2, 1], "uv": [48, 38], "inflate": -0.2},
					{"origin": [-10.5, 22, 6], "size": [4.5, 3.5, 4], "uv": [42, 30]}
				]
			},
			{
				"name": "bone37",
				"parent": "bone36",
				"pivot": [-8.25, 22.75, 6],
				"rotation": [-10, 0, 0],
				"cubes": [
					{"origin": [-10, 21.75, 5], "size": [3.5, 2, 2], "uv": [15, 41]}
				]
			},
			{
				"name": "bone38",
				"parent": "tail",
				"pivot": [0, 0, 0]
			},
			{
				"name": "bone39",
				"parent": "bone38",
				"pivot": [-12.5, 24, 6.5],
				"rotation": [0, -5, 7.5],
				"cubes": [
					{"origin": [-14, 23, 5], "size": [3, 2, 4], "uv": [56, 51]}
				]
			},
			{
				"name": "bone40",
				"parent": "bone39",
				"pivot": [-12.88647, 21.37304, 6.24992],
				"rotation": [-15, 0, 0],
				"cubes": [
					{"origin": [-12.84398, 19.33023, 5.68974], "size": [1, 4.75, 1], "uv": [66, 68], "inflate": -0.1},
					{"origin": [-13.49758, 19.23234, 6.75074], "size": [1, 4.75, 1], "uv": [62, 68], "inflate": -0.1},
					{"origin": [-13.73071, 19.31437, 5.77153], "size": [1, 5.75, 1], "uv": [20, 67], "inflate": -0.2}
				]
			},
			{
				"name": "bone41",
				"parent": "bone40",
				"pivot": [-12.55068, 18.91691, 6.6848],
				"rotation": [-32.5, 0, 0],
				"cubes": [
					{"origin": [-13.55068, 18.16691, 5.4348], "size": [2, 1.5, 2.25], "uv": [35, 41]}
				]
			},
			{
				"name": "bone42",
				"parent": "bone41",
				"pivot": [-11.21955, 16.91421, 6.16805],
				"rotation": [-22.5, 0, -40],
				"cubes": [
					{"origin": [-11.99362, 13.57332, 5.53586], "size": [1, 5.75, 1], "uv": [48, 49], "inflate": -0.1},
					{"origin": [-11.44549, 13.50509, 5.80024], "size": [1, 5.75, 1], "uv": [38, 22], "inflate": -0.1}
				]
			},
			{
				"name": "bone43",
				"parent": "bone42",
				"pivot": [-11.53177, 14.17677, 6.33484],
				"rotation": [0, 0, 17.5],
				"cubes": [
					{"origin": [-12.65677, 12.92677, 5.58484], "size": [2.25, 2.5, 1.25], "uv": [66, 28]}
				]
			},
			{
				"name": "bone44",
				"parent": "tail",
				"pivot": [0, 0, 0]
			},
			{
				"name": "bone45",
				"parent": "bone44",
				"pivot": [-6.25, 25.25, 8.25],
				"rotation": [-15, 180, -32.5],
				"cubes": [
					{"origin": [-7.75, 24.25, 6.75], "size": [3, 2, 4], "uv": [54, 21]}
				]
			},
			{
				"name": "bone46",
				"parent": "bone45",
				"pivot": [-7.72979, 23.38186, 7.7966],
				"rotation": [-15, 0, 27.5],
				"cubes": [
					{"origin": [-7.6873, 21.33906, 7.23642], "size": [1, 4.75, 1], "uv": [67, 7], "inflate": -0.1},
					{"origin": [-8.3409, 21.24116, 8.29742], "size": [1, 4.75, 1], "uv": [0, 41], "inflate": -0.1},
					{"origin": [-8.57403, 21.3232, 7.31821], "size": [1, 5.75, 1], "uv": [0, 34], "inflate": -0.2}
				]
			},
			{
				"name": "bone47",
				"parent": "bone46",
				"pivot": [-7.41647, 21.17383, 8.665],
				"rotation": [17.5, 0, -52.5],
				"cubes": [
					{"origin": [-8.41647, 20.42383, 7.415], "size": [2, 1.5, 2.25], "uv": [8, 31]}
				]
			},
			{
				"name": "bone48",
				"parent": "bone47",
				"pivot": [-5.56017, 20.15715, 10.66417],
				"rotation": [42.5, 0, -75],
				"cubes": [
					{"origin": [-6.33424, 16.81626, 10.03198], "size": [1, 5.75, 1], "uv": [24, 0], "inflate": -0.1},
					{"origin": [-5.7861, 16.74803, 10.29636], "size": [1, 5.75, 1], "uv": [0, 16], "inflate": -0.1}
				]
			},
			{
				"name": "bone49",
				"parent": "bone48",
				"pivot": [-5.47476, 16.68918, 10.48353],
				"rotation": [-37.5, 0, 17.5],
				"cubes": [
					{"origin": [-6.59976, 15.43918, 9.73353], "size": [2.25, 2.5, 1.25], "uv": [42, 3]}
				]
			},
			{
				"name": "bone50",
				"parent": "tail",
				"pivot": [-8.5, 10.5, 4.5],
				"rotation": [-15, -52.5, -25],
				"cubes": [
					{"origin": [-14, 9, 4], "size": [8, 4, 1], "uv": [28, 49], "inflate": -0.4}
				]
			},
			{
				"name": "bone51",
				"parent": "bone50",
				"pivot": [-13.04818, 8.56183, 6.23068],
				"rotation": [-10, -20, -17.5],
				"cubes": [
					{"origin": [-14.54818, 7.56183, 5.73068], "size": [3, 2, 1], "uv": [0, 31], "inflate": -0.2}
				]
			},
			{
				"name": "bone52",
				"parent": "bone51",
				"pivot": [-13.95628, 4.91447, 7.52621],
				"rotation": [0, 0, -25],
				"cubes": [
					{"origin": [-14.45628, 4.41447, 7.02621], "size": [1, 1, 1], "uv": [36, 8]}
				]
			},
			{
				"name": "bone53",
				"parent": "bone50",
				"pivot": [5.84203, 18.71489, -5.67305],
				"rotation": [-15, -97.5, 0],
				"cubes": [
					{"origin": [4.34203, 16.71489, -6.17305], "size": [3, 4, 1], "uv": [30, 60], "inflate": -0.2}
				]
			},
			{
				"name": "bone54",
				"parent": "bone53",
				"pivot": [13.77891, 7.92343, 2.65779],
				"rotation": [0, 0, -25],
				"cubes": [
					{"origin": [13.27891, 7.42343, 2.15779], "size": [1, 1, 1], "uv": [32, 8]}
				]
			}
		]
	}
}