{
	"format_version": "1.10.0",
	"geometry.model": {
		"texturewidth": 128,
		"textureheight": 128,
		"visible_bounds_width": 3,
		"visible_bounds_height": 4,
		"visible_bounds_offset": [0, 1, 0],
		"bones": [
			{
				"name": "head",
				"pivot": [0, 18, 0],
				"cubes": [
					{"origin": [-4, 18, -4], "size": [8, 8, 8], "uv": [0, 0]}
				]
			},
			{
				"name": "blink",
				"parent": "head",
				"pivot": [0, 18, 0],
				"cubes": [
					{"origin": [-4, 18, -4.001], "size": [8, 8, 0], "uv": [12, 39]}
				]
			},
			{
				"name": "A",
				"parent": "head",
				"pivot": [0, 18, 0],
				"cubes": [
					{"origin": [-3, 25.5, -3], "size": [6, 1, 6], "uv": [24, 0]},
					{"origin": [-3, 19, 3.5], "size": [6, 6, 1], "uv": [42, 20]}
				]
			},
			{
				"name": "bone",
				"parent": "A",
				"pivot": [-3, 20, 0.75],
				"rotation": [0, 0, 22.5],
				"cubes": [
					{"origin": [-4.88268, 22.92388, -4.5], "size": [1.5, 3, 1], "uv": [28, 39]},
					{"origin": [-5.68925, 20.96508, -4.25], "size": [1, 4, 1], "uv": [24, 24]},
					{"origin": [-4.15171, 22.01955, -4.75], "size": [1, 2, 1], "uv": [9, 34]}
				]
			},
			{
				"name": "bone2",
				"parent": "A",
				"pivot": [20, 24, 0],
				"rotation": [0, 0, -22.5],
				"cubes": [
					{"origin": [3.05447, 29.53753, -4.5], "size": [1.5, 3, 1], "uv": [38, 20]},
					{"origin": [4.21793, 28.12293, -4.75], "size": [1, 3, 1], "uv": [24, 0]},
					{"origin": [2.37017, 28.8883, -4.75], "size": [1, 2, 1], "uv": [32, 19]}
				]
			},
			{
				"name": "bone3",
				"parent": "A",
				"pivot": [4.25, 21, 0],
				"rotation": [-35, 0, 0],
				"cubes": [
					{"origin": [-5, 21, -4.75], "size": [2, 1, 5.75], "uv": [48, 13]},
					{"origin": [3, 21, -5], "size": [2, 1, 6], "uv": [38, 13]},
					{"origin": [3.75, 22.02394, -0.71697], "size": [1, 1, 4], "uv": [66, 60]},
					{"origin": [-4.75, 22.02394, -0.71697], "size": [1, 1, 4], "uv": [52, 65]}
				]
			},
			{
				"name": "B",
				"parent": "head",
				"pivot": [0, 18, 0]
			},
			{
				"name": "bone4",
				"parent": "B",
				"pivot": [0, 18, -2.5],
				"rotation": [22.5, 0, 0],
				"cubes": [
					{"origin": [-2, 15, 4.5], "size": [4, 4, 1], "uv": [66, 34]},
					{"origin": [-1, 9.84494, 6.11154], "size": [5.75, 4, 0], "uv": [68, 47]}
				]
			},
			{
				"name": "bone5",
				"parent": "B",
				"pivot": [0, 18, 0],
				"rotation": [47.5, 0, 0],
				"cubes": [
					{"origin": [-2.25, 12.16594, 3.38732], "size": [4.5, 2, 1], "uv": [36, 39]},
					{"origin": [-2.75, 13.01597, 6.32706], "size": [2.75, 5, 0], "uv": [0, 16]}
				]
			},
			{
				"name": "bone6",
				"parent": "B",
				"pivot": [0, 18, 0],
				"rotation": [-32.5, 0, 0],
				"cubes": [
					{"origin": [-2, 17.3076, 5.50728], "size": [4, 4, 1], "uv": [66, 8]},
					{"origin": [-4.75, 20.11646, 6.00616], "size": [4.25, 3.25, 0], "uv": [69, 13]}
				]
			},
			{
				"name": "bone7",
				"parent": "B",
				"pivot": [-4, 18, 18],
				"rotation": [20, 32.5, 0],
				"cubes": [
					{"origin": [6.68684, 16.48215, 13.10051], "size": [5, 10.75, 0], "uv": [48, 27]}
				]
			},
			{
				"name": "bone8",
				"parent": "B",
				"pivot": [0, 18, 0],
				"rotation": [20, -35, 0],
				"cubes": [
					{"origin": [-2.48097, 12.11623, 6.61088], "size": [3, 8, 0], "uv": [8, 70]}
				]
			},
			{
				"name": "armRight",
				"pivot": [-3, 17.5, 0],
				"rotation": [0, 0, 25],
				"cubes": [
					{"origin": [-5, 8.5, -1], "size": [2, 8, 2], "uv": [8, 60]},
					{"origin": [-5.75, 13.5, -1.75], "size": [3.5, 4, 3.5], "uv": [57, 11]},
					{"origin": [-5.53621, 12.77608, -1.5], "size": [3, 1, 3], "uv": [18, 18]},
					{"origin": [-5.2999, 9.60809, -1.25], "size": [2.5, 4, 2.5], "uv": [46, 69]}
				]
			},
			{
				"name": "armLeft",
				"pivot": [3, 17.5, 0],
				"rotation": [0, 0, -25],
				"cubes": [
					{"origin": [2.25, 13.5, -1.75], "size": [3.5, 4, 3.5], "uv": [56, 45]},
					{"origin": [3, 8.5, -1], "size": [2, 8, 2], "uv": [0, 59]},
					{"origin": [2.51368, 12.66799, -1.5], "size": [3, 1, 3], "uv": [12, 34]},
					{"origin": [2.75, 9.5, -1.25], "size": [2.5, 4, 2.5], "uv": [54, 70]}
				]
			},
			{
				"name": "body",
				"pivot": [0, 10.5, 0],
				"cubes": [
					{"origin": [-3, 8.999, -3], "size": [6, 9, 6], "uv": [24, 24]},
					{"origin": [-3.25, 4.5, -3.25], "size": [6.5, 12, 6.5], "uv": [0, 16]},
					{"origin": [-2.5, 16.5, -3.25], "size": [1, 2, 6.5], "uv": [28, 39]},
					{"origin": [1.5, 16.5, -3.25], "size": [1, 2, 6.5], "uv": [24, 16]}
				]
			},
			{
				"name": "sittingRotationSkirt",
				"parent": "body",
				"pivot": [0, 10.5, 0]
			},
			{
				"name": "C",
				"parent": "sittingRotationSkirt",
				"pivot": [0, 11, 0]
			},
			{
				"name": "bone9",
				"parent": "C",
				"pivot": [0, 0.5, 0]
			},
			{
				"name": "bone10",
				"parent": "bone9",
				"pivot": [0, 0.5, 7.10973],
				"rotation": [45, 0, 0]
			},
			{
				"name": "bone11",
				"parent": "bone10",
				"pivot": [0, 0.5, 7.10973],
				"rotation": [0, -45, 0],
				"cubes": [
					{"origin": [-1, 2.5, 6.10973], "size": [2, 6, 2], "uv": [0, 69]}
				]
			},
			{
				"name": "bone12",
				"parent": "C",
				"pivot": [0, 0.5, 0],
				"rotation": [0, -22.5, 0]
			},
			{
				"name": "bone13",
				"parent": "bone12",
				"pivot": [0, 0.5, 7.10973],
				"rotation": [45, 0, 0]
			},
			{
				"name": "bone14",
				"parent": "bone13",
				"pivot": [0, 0.5, 7.10973],
				"rotation": [0, -45, 0],
				"cubes": [
					{"origin": [-1, 2.25, 6.10973], "size": [2, 6.25, 2], "uv": [30, 68]}
				]
			},
			{
				"name": "bone15",
				"parent": "C",
				"pivot": [0, 0.5, 0],
				"rotation": [0, -45, 0]
			},
			{
				"name": "bone16",
				"parent": "bone15",
				"pivot": [0, 0.5, 7.10973],
				"rotation": [45, 0, 0]
			},
			{
				"name": "bone17",
				"parent": "bone16",
				"pivot": [0, 0.5, 7.10973],
				"rotation": [0, -45, 0],
				"cubes": [
					{"origin": [-1, 2.5, 6.10973], "size": [2, 6, 2], "uv": [22, 68]}
				]
			},
			{
				"name": "bone18",
				"parent": "C",
				"pivot": [0, 0.5, 0],
				"rotation": [0, -67.5, 0]
			},
			{
				"name": "bone19",
				"parent": "bone18",
				"pivot": [0, 0.5, 7.10973],
				"rotation": [45, 0, 0]
			},
			{
				"name": "bone20",
				"parent": "bone19",
				"pivot": [0, 0.5, 7.10973],
				"rotation": [0, -45, 0],
				"cubes": [
					{"origin": [-1, 2.25, 6.10973], "size": [2, 6.25, 2], "uv": [14, 68]}
				]
			},
			{
				"name": "bone21",
				"parent": "C",
				"pivot": [0, 0.5, 0],
				"rotation": [0, -90, 0]
			},
			{
				"name": "bone22",
				"parent": "bone21",
				"pivot": [0, 0.5, 7.10973],
				"rotation": [45, 0, 0]
			},
			{
				"name": "bone23",
				"parent": "bone22",
				"pivot": [0, 0.5, 7.10973],
				"rotation": [0, -45, 0],
				"cubes": [
					{"origin": [-1, 2.5, 6.10973], "size": [2, 6, 2], "uv": [66, 26]}
				]
			},
			{
				"name": "bone24",
				"parent": "C",
				"pivot": [0, 0.5, 0],
				"rotation": [0, -112.5, 0]
			},
			{
				"name": "bone25",
				"parent": "bone24",
				"pivot": [0, 0.5, 7.10973],
				"rotation": [45, 0, 0]
			},
			{
				"name": "bone26",
				"parent": "bone25",
				"pivot": [0, 0.5, 7.10973],
				"rotation": [0, -45, 0],
				"cubes": [
					{"origin": [-1, 2.25, 6.10973], "size": [2, 6.25, 2], "uv": [66, 18]}
				]
			},
			{
				"name": "bone27",
				"parent": "C",
				"pivot": [0, 0.5, 0],
				"rotation": [0, -135, 0]
			},
			{
				"name": "bone28",
				"parent": "bone27",
				"pivot": [0, 0.5, 7.10973],
				"rotation": [45, 0, 0]
			},
			{
				"name": "bone29",
				"parent": "bone28",
				"pivot": [0, 0.5, 7.10973],
				"rotation": [0, -45, 0],
				"cubes": [
					{"origin": [-1, 2.5, 6.10973], "size": [2, 6, 2], "uv": [66, 66]}
				]
			},
			{
				"name": "bone30",
				"parent": "C",
				"pivot": [0, 0.5, 0],
				"rotation": [0, -157.5, 0]
			},
			{
				"name": "bone31",
				"parent": "bone30",
				"pivot": [0, 0.5, 7.10973],
				"rotation": [45, 0, 0]
			},
			{
				"name": "bone32",
				"parent": "bone31",
				"pivot": [0, 0.5, 7.10973],
				"rotation": [0, -45, 0],
				"cubes": [
					{"origin": [-1, 2.25, 6.10973], "size": [2, 6.25, 2], "uv": [38, 66]}
				]
			},
			{
				"name": "bone33",
				"parent": "C",
				"pivot": [0, 0.5, 0],
				"rotation": [0, -180, 0]
			},
			{
				"name": "bone34",
				"parent": "bone33",
				"pivot": [0, 0.5, 7.10973],
				"rotation": [45, 0, 0]
			},
			{
				"name": "bone35",
				"parent": "bone34",
				"pivot": [0, 0.5, 7.10973],
				"rotation": [0, -45, 0],
				"cubes": [
					{"origin": [-1, 2.5, 6.10973], "size": [2, 6, 2], "uv": [65, 39]}
				]
			},
			{
				"name": "bone36",
				"parent": "C",
				"pivot": [0, 0.5, 0],
				"rotation": [0, -202.5, 0]
			},
			{
				"name": "bone37",
				"parent": "bone36",
				"pivot": [0, 0.5, 7.10973],
				"rotation": [45, 0, 0]
			},
			{
				"name": "bone38",
				"parent": "bone37",
				"pivot": [0, 0.5, 7.10973],
				"rotation": [0, -45, 0],
				"cubes": [
					{"origin": [-1, 2.25, 6.10973], "size": [2, 6.25, 2], "uv": [64, 52]}
				]
			},
			{
				"name": "bone39",
				"parent": "C",
				"pivot": [0, 0.5, 0],
				"rotation": [0, -225, 0]
			},
			{
				"name": "bone40",
				"parent": "bone39",
				"pivot": [0, 0.5, 7.10973],
				"rotation": [45, 0, 0]
			},
			{
				"name": "bone41",
				"parent": "bone40",
				"pivot": [0, 0.5, 7.10973],
				"rotation": [0, -45, 0],
				"cubes": [
					{"origin": [-1, 2.5, 6.10973], "size": [2, 6, 2], "uv": [64, 0]}
				]
			},
			{
				"name": "bone42",
				"parent": "C",
				"pivot": [0, 0.5, 0],
				"rotation": [0, -247.5, 0]
			},
			{
				"name": "bone43",
				"parent": "bone42",
				"pivot": [0, 0.5, 7.10973],
				"rotation": [45, 0, 0]
			},
			{
				"name": "bone44",
				"parent": "bone43",
				"pivot": [0, 0.5, 7.10973],
				"rotation": [0, -45, 0],
				"cubes": [
					{"origin": [-1, 2.25, 6.10973], "size": [2, 6.25, 2], "uv": [48, 61]}
				]
			},
			{
				"name": "bone45",
				"parent": "C",
				"pivot": [0, 0.5, 0],
				"rotation": [0, -270, 0]
			},
			{
				"name": "bone46",
				"parent": "bone45",
				"pivot": [0, 0.5, 7.10973],
				"rotation": [45, 0, 0]
			},
			{
				"name": "bone47",
				"parent": "bone46",
				"pivot": [0, 0.5, 7.10973],
				"rotation": [0, -45, 0],
				"cubes": [
					{"origin": [-1, 2.5, 6.10973], "size": [2, 6, 2], "uv": [32, 60]}
				]
			},
			{
				"name": "bone48",
				"parent": "C",
				"pivot": [0, 0.5, 0],
				"rotation": [0, -292.5, 0]
			},
			{
				"name": "bone49",
				"parent": "bone48",
				"pivot": [0, 0.5, 7.10973],
				"rotation": [45, 0, 0]
			},
			{
				"name": "bone50",
				"parent": "bone49",
				"pivot": [0, 0.5, 7.10973],
				"rotation": [0, -45, 0],
				"cubes": [
					{"origin": [-1, 2.25, 6.10973], "size": [2, 6.25, 2], "uv": [24, 60]}
				]
			},
			{
				"name": "bone51",
				"parent": "C",
				"pivot": [0, 0.5, 0],
				"rotation": [0, -315, 0]
			},
			{
				"name": "bone52",
				"parent": "bone51",
				"pivot": [0, 0.5, 7.10973],
				"rotation": [45, 0, 0]
			},
			{
				"name": "bone53",
				"parent": "bone52",
				"pivot": [0, 0.5, 7.10973],
				"rotation": [0, -45, 0],
				"cubes": [
					{"origin": [-1, 2.5, 6.10973], "size": [2, 6, 2], "uv": [16, 60]}
				]
			},
			{
				"name": "bone54",
				"parent": "C",
				"pivot": [0, 0.5, 0],
				"rotation": [0, -337.5, 0]
			},
			{
				"name": "bone55",
				"parent": "bone54",
				"pivot": [0, 0.5, 7.10973],
				"rotation": [45, 0, 0]
			},
			{
				"name": "bone56",
				"parent": "bone55",
				"pivot": [0, 0.5, 7.10973],
				"rotation": [0, -45, 0],
				"cubes": [
					{"origin": [-1, 2.25, 6.10973], "size": [2, 6.25, 2], "uv": [0, 0]}
				]
			},
			{
				"name": "D",
				"parent": "sittingRotationSkirt",
				"pivot": [0, 13.5, 0]
			},
			{
				"name": "bone57",
				"parent": "D",
				"pivot": [0, 3, 0]
			},
			{
				"name": "bone58",
				"parent": "bone57",
				"pivot": [0, 3, 6.19607],
				"rotation": [23, 0, 0]
			},
			{
				"name": "bone59",
				"parent": "bone58",
				"pivot": [0, 3, 6.19607],
				"rotation": [0, -45, 0],
				"cubes": [
					{"origin": [-1, 4, 5.19607], "size": [2, 11, 2], "uv": [48, 0]}
				]
			},
			{
				"name": "bone60",
				"parent": "D",
				"pivot": [0, 3, 0],
				"rotation": [0, -25.71429, 0]
			},
			{
				"name": "bone61",
				"parent": "bone60",
				"pivot": [0, 3, 6.19607],
				"rotation": [23, 0, 0]
			},
			{
				"name": "bone62",
				"parent": "bone61",
				"pivot": [0, 3, 6.19607],
				"rotation": [0, -45, 0],
				"cubes": [
					{"origin": [-1, 6, 5.19607], "size": [2, 9, 2], "uv": [58, 30]}
				]
			},
			{
				"name": "bone63",
				"parent": "D",
				"pivot": [0, 3, 0],
				"rotation": [0, -51.42857, 0]
			},
			{
				"name": "bone64",
				"parent": "bone63",
				"pivot": [0, 3, 6.19607],
				"rotation": [23, 0, 0]
			},
			{
				"name": "bone65",
				"parent": "bone64",
				"pivot": [0, 3, 6.19607],
				"rotation": [0, -45, 0],
				"cubes": [
					{"origin": [-1, 4, 5.19607], "size": [2, 11, 2], "uv": [32, 47]}
				]
			},
			{
				"name": "bone66",
				"parent": "D",
				"pivot": [0, 3, 0],
				"rotation": [0, -77.14286, 0]
			},
			{
				"name": "bone67",
				"parent": "bone66",
				"pivot": [0, 3, 6.19607],
				"rotation": [23, 0, 0]
			},
			{
				"name": "bone68",
				"parent": "bone67",
				"pivot": [0, 3, 6.19607],
				"rotation": [0, -45, 0],
				"cubes": [
					{"origin": [-1, 6, 5.19607], "size": [2, 9, 2], "uv": [58, 19]}
				]
			},
			{
				"name": "bone69",
				"parent": "D",
				"pivot": [0, 3, 0],
				"rotation": [0, -102.85714, 0]
			},
			{
				"name": "bone70",
				"parent": "bone69",
				"pivot": [0, 3, 6.19607],
				"rotation": [23, 0, 0]
			},
			{
				"name": "bone71",
				"parent": "bone70",
				"pivot": [0, 3, 6.19607],
				"rotation": [0, -45, 0],
				"cubes": [
					{"origin": [-1, 4, 5.19607], "size": [2, 11, 2], "uv": [24, 47]}
				]
			},
			{
				"name": "bone72",
				"parent": "D",
				"pivot": [0, 3, 0],
				"rotation": [0, -128.57143, 0]
			},
			{
				"name": "bone73",
				"parent": "bone72",
				"pivot": [0, 3, 6.19607],
				"rotation": [23, 0, 0]
			},
			{
				"name": "bone74",
				"parent": "bone73",
				"pivot": [0, 3, 6.19607],
				"rotation": [0, -45, 0],
				"cubes": [
					{"origin": [-1, 6, 5.19607], "size": [2, 9, 2], "uv": [58, 58]}
				]
			},
			{
				"name": "bone75",
				"parent": "D",
				"pivot": [0, 3, 0],
				"rotation": [0, -154.28571, 0]
			},
			{
				"name": "bone76",
				"parent": "bone75",
				"pivot": [0, 3, 6.19607],
				"rotation": [23, 0, 0]
			},
			{
				"name": "bone77",
				"parent": "bone76",
				"pivot": [0, 3, 6.19607],
				"rotation": [0, -45, 0],
				"cubes": [
					{"origin": [-1, 4, 5.19607], "size": [2, 11, 2], "uv": [16, 47]}
				]
			},
			{
				"name": "bone78",
				"parent": "D",
				"pivot": [0, 3, 0],
				"rotation": [0, -180, 0]
			},
			{
				"name": "bone79",
				"parent": "bone78",
				"pivot": [0, 3, 6.19607],
				"rotation": [23, 0, 0]
			},
			{
				"name": "bone80",
				"parent": "bone79",
				"pivot": [0, 3, 6.19607],
				"rotation": [0, -45, 0],
				"cubes": [
					{"origin": [-1, 6, 5.19607], "size": [2, 9, 2], "uv": [56, 0]}
				]
			},
			{
				"name": "bone81",
				"parent": "D",
				"pivot": [0, 3, 0],
				"rotation": [0, -205.71429, 0]
			},
			{
				"name": "bone82",
				"parent": "bone81",
				"pivot": [0, 3, 6.19607],
				"rotation": [23, 0, 0]
			},
			{
				"name": "bone83",
				"parent": "bone82",
				"pivot": [0, 3, 6.19607],
				"rotation": [0, -45, 0],
				"cubes": [
					{"origin": [-1, 4, 5.19607], "size": [2, 11, 2], "uv": [8, 47]}
				]
			},
			{
				"name": "bone84",
				"parent": "D",
				"pivot": [0, 3, 0],
				"rotation": [0, -231.42857, 0]
			},
			{
				"name": "bone85",
				"parent": "bone84",
				"pivot": [0, 3, 6.19607],
				"rotation": [23, 0, 0]
			},
			{
				"name": "bone86",
				"parent": "bone85",
				"pivot": [0, 3, 6.19607],
				"rotation": [0, -45, 0],
				"cubes": [
					{"origin": [-1, 6, 5.19607], "size": [2, 9, 2], "uv": [40, 55]}
				]
			},
			{
				"name": "bone87",
				"parent": "D",
				"pivot": [0, 3, 0],
				"rotation": [0, -257.14286, 0]
			},
			{
				"name": "bone88",
				"parent": "bone87",
				"pivot": [0, 3, 6.19607],
				"rotation": [23, 0, 0]
			},
			{
				"name": "bone89",
				"parent": "bone88",
				"pivot": [0, 3, 6.19607],
				"rotation": [0, -45, 0],
				"cubes": [
					{"origin": [-1, 4, 5.19607], "size": [2, 11, 2], "uv": [0, 46]}
				]
			},
			{
				"name": "bone90",
				"parent": "D",
				"pivot": [0, 3, 0],
				"rotation": [0, -282.85714, 0]
			},
			{
				"name": "bone91",
				"parent": "bone90",
				"pivot": [0, 3, 6.19607],
				"rotation": [23, 0, 0]
			},
			{
				"name": "bone92",
				"parent": "bone91",
				"pivot": [0, 3, 6.19607],
				"rotation": [0, -45, 0],
				"cubes": [
					{"origin": [-1, 6, 5.19607], "size": [2, 9, 2], "uv": [50, 37]}
				]
			},
			{
				"name": "bone93",
				"parent": "D",
				"pivot": [0, 3, 0],
				"rotation": [0, -308.57143, 0]
			},
			{
				"name": "bone94",
				"parent": "bone93",
				"pivot": [0, 3, 6.19607],
				"rotation": [23, 0, 0]
			},
			{
				"name": "bone95",
				"parent": "bone94",
				"pivot": [0, 3, 6.19607],
				"rotation": [0, -45, 0],
				"cubes": [
					{"origin": [-1, 4, 5.19607], "size": [2, 11, 2], "uv": [42, 42]}
				]
			},
			{
				"name": "bone96",
				"parent": "D",
				"pivot": [0, 3, 0],
				"rotation": [0, -334.28571, 0]
			},
			{
				"name": "bone97",
				"parent": "bone96",
				"pivot": [0, 3, 6.19607],
				"rotation": [23, 0, 0]
			},
			{
				"name": "bone98",
				"parent": "bone97",
				"pivot": [0, 3, 6.19607],
				"rotation": [0, -45, 0],
				"cubes": [
					{"origin": [-1, 6, 5.19607], "size": [2, 9, 2], "uv": [50, 50]}
				]
			},
			{
				"name": "legLeft",
				"pivot": [2, 9, 0],
				"cubes": [
					{"origin": [0.499, 0, -1.5], "size": [3, 9, 3], "uv": [0, 34]}
				]
			},
			{
				"name": "legRight",
				"pivot": [-2, 9, 0],
				"cubes": [
					{"origin": [-3.499, 0, -1.5], "size": [3, 9, 3], "uv": [32, 7]}
				]
			}
		]
	}
}