{
	"format_version": "1.10.0",
	"geometry.model": {
		"texturewidth": 128,
		"textureheight": 128,
		"visible_bounds_width": 3,
		"visible_bounds_height": 4,
		"visible_bounds_offset": [0, 1, 0],
		"bones": [
			{
				"name": "head",
				"pivot": [0, 18, 0],
				"cubes": [
					{"origin": [-4, 18, -4], "size": [8, 8, 8], "uv": [0, 0]}
				]
			},
			{
				"name": "blink",
				"parent": "head",
				"pivot": [0, 18, 0],
				"cubes": [
					{"origin": [-4, 18, -4.001], "size": [8, 8, 0], "uv": [50, 0]}
				]
			},
			{
				"name": "A",
				"parent": "head",
				"pivot": [0, 18, 0]
			},
			{
				"name": "bone",
				"parent": "A",
				"pivot": [-1.04849, 24.61777, -4.68175],
				"rotation": [-7.5, 0, 7.5],
				"cubes": [
					{"origin": [-1.05276, 22.74774, -4.19454], "size": [1, 4, 0], "uv": [53, 8]}
				]
			},
			{
				"name": "bone2",
				"parent": "A",
				"pivot": [2.92585, 23.87192, -5.18625],
				"rotation": [-10, 0, -10],
				"cubes": [
					{"origin": [1.70144, 20.57131, -4.45868], "size": [2, 6, 0], "uv": [21, 16]}
				]
			},
			{
				"name": "bone3",
				"parent": "A",
				"pivot": [1.25, 16.75, -11],
				"rotation": [-12.5, 0, -27.5],
				"cubes": [
					{"origin": [4.19174, 22.0973, -6.12501], "size": [1.5, 5, 0], "uv": [51, 8]}
				]
			},
			{
				"name": "bone4",
				"parent": "A",
				"pivot": [-2.38847, 23.4382, -4.70978],
				"rotation": [-5, 0, 15],
				"cubes": [
					{"origin": [-4.49606, 21.09514, -4.23074], "size": [2, 5, 0], "uv": [34, 8]}
				]
			},
			{
				"name": "bone5",
				"parent": "A",
				"pivot": [0, 18, 0],
				"rotation": [-2.5, 0, -5],
				"cubes": [
					{"origin": [-3.63616, 19.15476, -4.18621], "size": [1, 3, 0], "uv": [20, 30]}
				]
			},
			{
				"name": "bone6",
				"parent": "A",
				"pivot": [-0.5, 17.5, -5],
				"rotation": [-7.5, 0, 7.5],
				"cubes": [
					{"origin": [2.37413, 19.6362, -4.66756], "size": [1, 3, 0], "uv": [9, 30]}
				]
			},
			{
				"name": "B",
				"parent": "head",
				"pivot": [0, 18, 0],
				"rotation": [-10, 0, 0]
			},
			{
				"name": "bone7",
				"parent": "B",
				"pivot": [-4, 27.5, 2],
				"rotation": [-22.5, 0, -35],
				"cubes": [
					{"origin": [-5.5, 25.5, 1], "size": [2.5, 4.25, 2.5], "uv": [4, 66]},
					{"origin": [-5.75, 25.5, 0.75], "size": [3, 3, 3], "uv": [0, 60]}
				]
			},
			{
				"name": "bone8",
				"parent": "bone7",
				"pivot": [-7.68061, -1.50638, 2.24755],
				"rotation": [4.50199, 2.89152, 15.11303]
			},
			{
				"name": "bone9",
				"parent": "bone8",
				"pivot": [-11.52611, 25.69512, 4.3136],
				"rotation": [0, 0, 5],
				"cubes": [
					{"origin": [-13.52611, 25.69512, 5.68998], "size": [3, 1, 1], "uv": [68, 23]}
				]
			},
			{
				"name": "bone10",
				"parent": "bone8",
				"pivot": [-11.712, 25.24481, 4.42615],
				"rotation": [12.5, -72, 0],
				"cubes": [
					{"origin": [-13.712, 25.24481, 5.80253], "size": [3, 1, 1], "uv": [68, 21]}
				]
			},
			{
				"name": "bone11",
				"parent": "bone8",
				"pivot": [-11.712, 25.24481, 4.42615],
				"rotation": [0, -144, -17.5],
				"cubes": [
					{"origin": [-13.712, 25.24481, 5.80253], "size": [3, 1, 1], "uv": [68, 19]}
				]
			},
			{
				"name": "bone12",
				"parent": "bone8",
				"pivot": [-11.712, 25.24481, 4.42615],
				"rotation": [0, -216, -10],
				"cubes": [
					{"origin": [-13.712, 25.24481, 5.80253], "size": [3, 1, 1], "uv": [65, 67]}
				]
			},
			{
				"name": "bone13",
				"parent": "bone8",
				"pivot": [-11.712, 25.24481, 4.42615],
				"rotation": [0, 67, 0],
				"cubes": [
					{"origin": [-13.712, 25.24481, 5.80253], "size": [3, 1, 1], "uv": [57, 67]}
				]
			},
			{
				"name": "B2",
				"parent": "head",
				"pivot": [0, 18, 0],
				"rotation": [-10, 0, 0]
			},
			{
				"name": "bone14",
				"parent": "B2",
				"pivot": [4, 27.5, 2],
				"rotation": [-22.5, 0, 35],
				"cubes": [
					{"origin": [3, 25.5, 1], "size": [2.5, 4.25, 2.5], "uv": [0, 0]},
					{"origin": [2.75, 25.5, 0.75], "size": [3, 3, 3], "uv": [59, 22]}
				]
			},
			{
				"name": "bone15",
				"parent": "bone14",
				"pivot": [7.68061, -1.50638, 2.24755],
				"rotation": [4.50199, -2.89152, -15.11303]
			},
			{
				"name": "bone16",
				"parent": "bone15",
				"pivot": [11.52611, 25.69512, 4.3136],
				"rotation": [0, 0, -5],
				"cubes": [
					{"origin": [10.52611, 25.69512, 5.68998], "size": [3, 1, 1], "uv": [66, 47]}
				]
			},
			{
				"name": "bone17",
				"parent": "bone15",
				"pivot": [11.712, 25.24481, 4.42615],
				"rotation": [12.5, 72, 0],
				"cubes": [
					{"origin": [10.712, 25.24481, 5.80253], "size": [3, 1, 1], "uv": [66, 6]}
				]
			},
			{
				"name": "bone18",
				"parent": "bone15",
				"pivot": [11.712, 25.24481, 4.42615],
				"rotation": [0, 144, 17.5],
				"cubes": [
					{"origin": [10.712, 25.24481, 5.80253], "size": [3, 1, 1], "uv": [66, 4]}
				]
			},
			{
				"name": "bone19",
				"parent": "bone15",
				"pivot": [11.712, 25.24481, 4.42615],
				"rotation": [0, 216, 10],
				"cubes": [
					{"origin": [10.712, 25.24481, 5.80253], "size": [3, 1, 1], "uv": [66, 2]}
				]
			},
			{
				"name": "bone20",
				"parent": "bone15",
				"pivot": [11.712, 25.24481, 4.42615],
				"rotation": [0, -67, 0],
				"cubes": [
					{"origin": [10.712, 25.24481, 5.80253], "size": [3, 1, 1], "uv": [66, 0]}
				]
			},
			{
				"name": "C",
				"parent": "head",
				"pivot": [0, 19, 0.5]
			},
			{
				"name": "bone21",
				"parent": "C",
				"pivot": [-0.25, 19, 5],
				"rotation": [12.5, 0, 15],
				"cubes": [
					{"origin": [-1.00882, 18.94303, 4.45906], "size": [1.5, 2, 1.5], "uv": [35, 51], "inflate": 0.1}
				]
			},
			{
				"name": "bone22",
				"parent": "C",
				"pivot": [0, 19, 0.5],
				"rotation": [35, 15, 0],
				"cubes": [
					{"origin": [-1.50888, 14.8044, 4.29241], "size": [1.25, 1.75, 1.25], "uv": [68, 49], "inflate": 0.1}
				]
			},
			{
				"name": "bone23",
				"parent": "C",
				"pivot": [3, 15, -0.5],
				"rotation": [17.5, -17.5, 0],
				"cubes": [
					{"origin": [2, 15, 7.5], "size": [1, 1, 1], "uv": [68, 45], "inflate": 0.1}
				]
			},
			{
				"name": "bone24",
				"parent": "C",
				"pivot": [0, 18.5, 12],
				"rotation": [50, 0, 35],
				"cubes": [
					{"origin": [-0.81009, 19.25899, 7.87358], "size": [2.75, 3, 1], "uv": [0, 16], "inflate": -0.1}
				]
			},
			{
				"name": "bone25",
				"parent": "C",
				"pivot": [-0.5, 18, 8.5],
				"rotation": [10, 0, 0],
				"cubes": [
					{"origin": [-3, 17.66421, 4.90807], "size": [6, 3, 0], "uv": [63, 40]}
				]
			},
			{
				"name": "D",
				"parent": "head",
				"pivot": [0, 18, 0],
				"cubes": [
					{"origin": [-3, 25.5, -2], "size": [6, 1, 5], "uv": [36, 18]},
					{"origin": [-3, 20, 3.5], "size": [6, 5, 1], "uv": [58, 8]},
					{"origin": [3.5, 21, -1], "size": [1, 4, 4], "uv": [59, 28]},
					{"origin": [-4.5, 21, -1], "size": [1, 4, 4], "uv": [59, 59]},
					{"origin": [1.5, 25.25, -3], "size": [2, 1, 2], "uv": [65, 28]}
				]
			},
			{
				"name": "armRight",
				"pivot": [-2, 17.75, 0],
				"rotation": [0, 0, 25],
				"cubes": [
					{"origin": [-4, 8.75, -1], "size": [2, 8, 2], "uv": [33, 61]},
					{"origin": [-4.12214, 10.27953, -1.25], "size": [2.25, 2, 2.5], "uv": [64, 14]}
				]
			},
			{
				"name": "armLeft",
				"pivot": [2, 17.75, 0],
				"rotation": [0, 0, -25],
				"cubes": [
					{"origin": [1.87214, 10.27953, -1.25], "size": [2.25, 1, 2.5], "uv": [42, 52]},
					{"origin": [2, 8.75, -1], "size": [2, 8, 2], "uv": [12, 61]}
				]
			},
			{
				"name": "body",
				"pivot": [0, 10.5, 0],
				"cubes": [
					{"origin": [-3, 8.999, -2.75], "size": [6, 9, 5.5], "uv": [23, 25]}
				]
			},
			{
				"name": "E",
				"parent": "body",
				"pivot": [0, 0.5, -5.25],
				"rotation": [-7.5, 0, 0],
				"cubes": [
					{"origin": [-2.5, 14.25, -5.25], "size": [5, 2.25, 2], "uv": [54, 47]}
				]
			},
			{
				"name": "F",
				"parent": "body",
				"pivot": [0, 10.5, 0],
				"cubes": [
					{"origin": [-1, 16.25, -3], "size": [2, 1, 1], "uv": [60, 51]},
					{"origin": [-1, 16, 2], "size": [2, 1.25, 1], "uv": [28, 60]},
					{"origin": [-3.15, 13.75, -2.9], "size": [6.3, 2.25, 5.9], "uv": [34, 8]},
					{"origin": [-2, 10.5, -2.9], "size": [1, 3.25, 5.8], "uv": [56, 38]},
					{"origin": [1, 10.5, -2.9], "size": [1, 3.25, 5.8], "uv": [35, 52]},
					{"origin": [-3.5, 8.75, -3], "size": [7, 2.75, 6], "uv": [24, 0]},
					{"origin": [-1.5, 10.25, -3.25], "size": [3, 1, 1], "uv": [65, 60]}
				]
			},
			{
				"name": "bone27",
				"parent": "F",
				"pivot": [6, 2.25, 13],
				"rotation": [0, 0, -22.5],
				"cubes": [
					{"origin": [4.45055, 17.06051, -3.06563], "size": [1, 3, 6], "uv": [12, 52]}
				]
			},
			{
				"name": "bone26",
				"parent": "F",
				"pivot": [-4, 1.5, 13],
				"rotation": [0, 0, 22.5],
				"cubes": [
					{"origin": [-5.54945, 16.31051, -3.06563], "size": [1, 3, 6], "uv": [50, 9]}
				]
			},
			{
				"name": "bone28",
				"parent": "F",
				"pivot": [2, 16.5, -2.5],
				"rotation": [0, 0, -37.5],
				"cubes": [
					{"origin": [1, 15.5, -3], "size": [1.5, 1.75, 5.9], "uv": [42, 58]}
				]
			},
			{
				"name": "bone29",
				"parent": "F",
				"pivot": [-1.5, 16.25, -2.5],
				"rotation": [0, 0, 37.5],
				"cubes": [
					{"origin": [-2.5, 15.25, -3], "size": [1.5, 1.75, 5.9], "uv": [21, 58]}
				]
			},
			{
				"name": "legLeft",
				"pivot": [2, 9, 0],
				"cubes": [
					{"origin": [0.499, 0, -1.5], "size": [3, 9, 3], "uv": [51, 51]},
					{"origin": [0.35, 2, -2], "size": [3.25, 7, 4], "uv": [47, 32]}
				]
			},
			{
				"name": "G",
				"parent": "legLeft",
				"pivot": [0, 0, 0]
			},
			{
				"name": "bone30",
				"parent": "G",
				"pivot": [1.02315, 4.16376, -2.03917],
				"rotation": [-15, 0, -35],
				"cubes": [
					{"origin": [-0.04434, 3.17917, -2.51865], "size": [2, 2, 1], "uv": [12, 51], "inflate": -0.3},
					{"origin": [0.59063, 3.64835, -2.5597], "size": [1, 1, 1], "uv": [68, 43], "inflate": -0.2}
				]
			},
			{
				"name": "bone31",
				"parent": "G",
				"pivot": [3.02315, 6.16376, -2.03917],
				"rotation": [-15, 0, 5],
				"cubes": [
					{"origin": [1.95566, 5.17917, -2.51865], "size": [2, 2, 1], "uv": [32, 46], "inflate": -0.3},
					{"origin": [2.59063, 5.64835, -2.5597], "size": [1, 1, 1], "uv": [47, 64], "inflate": -0.2}
				]
			},
			{
				"name": "bone32",
				"parent": "G",
				"pivot": [3.12938, 2.39639, -1.96272],
				"rotation": [20, 0, 50],
				"cubes": [
					{"origin": [2.0619, 1.4118, -2.4422], "size": [2, 2, 1], "uv": [45, 32], "inflate": -0.3},
					{"origin": [2.69687, 1.88098, -2.48324], "size": [1, 1, 1], "uv": [55, 63], "inflate": -0.2}
				]
			},
			{
				"name": "bone33",
				"parent": "G",
				"pivot": [3.12938, 3.39639, 2.03728],
				"rotation": [20, 7.5, 50],
				"cubes": [
					{"origin": [2.0619, 2.4118, 1.5578], "size": [2, 2, 1], "uv": [44, 3], "inflate": -0.3},
					{"origin": [2.69687, 2.88098, 1.51676], "size": [1, 1, 1], "uv": [61, 36], "inflate": -0.2}
				]
			},
			{
				"name": "bone34",
				"parent": "G",
				"pivot": [1.12938, 5.39639, 2.03728],
				"rotation": [10, 7.5, -17.5],
				"cubes": [
					{"origin": [0.0619, 4.4118, 1.5578], "size": [2, 2, 1], "uv": [44, 0], "inflate": -0.3},
					{"origin": [0.69687, 4.88098, 1.51676], "size": [1, 1, 1], "uv": [9, 60], "inflate": -0.2}
				]
			},
			{
				"name": "legRight",
				"pivot": [-2, 9, 0],
				"cubes": [
					{"origin": [-3.499, 0, -1.5], "size": [3, 9, 3], "uv": [0, 48]},
					{"origin": [-3.6, 2, -2], "size": [3.25, 7, 4], "uv": [21, 47]}
				]
			},
			{
				"name": "G2",
				"parent": "legRight",
				"pivot": [-1.5, -1, 0.25],
				"rotation": [-180, 5, -157.5]
			},
			{
				"name": "bone35",
				"parent": "G2",
				"pivot": [-0.47685, 3.16376, -1.78917],
				"rotation": [-15, 0, -35],
				"cubes": [
					{"origin": [-1.54434, 2.17917, -2.26865], "size": [2, 2, 1], "uv": [39, 39], "inflate": -0.3},
					{"origin": [-0.90937, 2.64835, -2.3097], "size": [1, 1, 1], "uv": [58, 22], "inflate": -0.2}
				]
			},
			{
				"name": "bone36",
				"parent": "G2",
				"pivot": [1.52315, 5.16376, -1.78917],
				"rotation": [-15, 0, 5],
				"cubes": [
					{"origin": [0.45566, 4.17917, -2.26865], "size": [2, 2, 1], "uv": [0, 33], "inflate": -0.3},
					{"origin": [1.09063, 4.64835, -2.3097], "size": [1, 1, 1], "uv": [47, 56], "inflate": -0.2}
				]
			},
			{
				"name": "bone37",
				"parent": "G2",
				"pivot": [1.62938, 1.39639, -1.71272],
				"rotation": [20, 0, 50],
				"cubes": [
					{"origin": [0.5619, 0.4118, -2.1922], "size": [2, 2, 1], "uv": [0, 30], "inflate": -0.3},
					{"origin": [1.19687, 0.88098, -2.23324], "size": [1, 1, 1], "uv": [35, 54], "inflate": -0.2}
				]
			},
			{
				"name": "bone38",
				"parent": "G2",
				"pivot": [1.62938, 2.39639, 2.28728],
				"rotation": [20, 7.5, 50],
				"cubes": [
					{"origin": [0.5619, 1.4118, 1.8078], "size": [2, 2, 1], "uv": [24, 3], "inflate": -0.3},
					{"origin": [1.19687, 1.88098, 1.76676], "size": [1, 1, 1], "uv": [40, 28], "inflate": -0.2}
				]
			},
			{
				"name": "bone39",
				"parent": "G2",
				"pivot": [0.93097, 4.93759, 2.17341],
				"rotation": [10, 7.5, -17.5],
				"cubes": [
					{"origin": [-0.13651, 3.953, 1.69393], "size": [2, 2, 1], "uv": [24, 0], "inflate": -0.3},
					{"origin": [0.49846, 4.42217, 1.65288], "size": [1, 1, 1], "uv": [18, 37], "inflate": -0.2}
				]
			},
			{
				"name": "tail",
				"pivot": [0, 0, 0]
			},
			{
				"name": "z",
				"parent": "tail",
				"pivot": [3, -3, 2.25],
				"rotation": [27.5, -12.5, 0]
			},
			{
				"name": "bone40",
				"parent": "z",
				"pivot": [16, 24, 12.25],
				"rotation": [10, -15, 0],
				"cubes": [
					{"origin": [9, 24, 12.25], "size": [7, 7, 7], "uv": [0, 16]},
					{"origin": [13.24118, 26.87215, 11.81969], "size": [3, 2, 1.5], "uv": [41, 15]},
					{"origin": [13.49118, 27.12215, 11.71969], "size": [2.85, 1.5, 1.35], "uv": [48, 52]},
					{"origin": [8.7244, 26.87508, 11.80311], "size": [2.9, 2, 1.5], "uv": [0, 20]},
					{"origin": [8.6244, 27.12508, 11.75311], "size": [2.75, 1.5, 1.3], "uv": [31, 49]},
					{"origin": [11.44663, 27.07673, 12.07733], "size": [2, 1, 1], "uv": [12, 54]}
				]
			},
			{
				"name": "bone41",
				"parent": "bone40",
				"pivot": [16, 23.26139, 12.11976],
				"rotation": [7.5, 0, 0],
				"cubes": [
					{"origin": [9.68934, 19.70757, 13.75532], "size": [5.5, 4.25, 4], "uv": [45, 24]}
				]
			},
			{
				"name": "bone42",
				"parent": "bone41",
				"pivot": [16.08619, 23.45513, 11.50532],
				"rotation": [5, -2.5, 0],
				"cubes": [
					{"origin": [10.24997, 15.70968, 13.20575], "size": [4.5, 4.25, 3.75], "uv": [9, 30]}
				]
			},
			{
				"name": "bone43",
				"parent": "bone42",
				"pivot": [16.32475, 23.4808, 11.43511],
				"rotation": [2.5, -5, 0],
				"cubes": [
					{"origin": [9.90938, 13.82323, 13.07727], "size": [5.5, 2, 4.5], "uv": [25, 39]}
				]
			},
			{
				"name": "bone55",
				"parent": "bone41",
				"pivot": [15.22819, 22.48886, 12.90717],
				"rotation": [-15, 0, 0],
				"cubes": [
					{"origin": [10.22819, 21.23886, 12.90717], "size": [4.5, 2.25, 2], "uv": [63, 36]}
				]
			},
			{
				"name": "bone49",
				"parent": "bone40",
				"pivot": [16, 24, 12.25],
				"cubes": [
					{"origin": [14.51704, 23.72753, 11.87744], "size": [1, 7.5, 7.9], "uv": [38, 38], "inflate": -0.2},
					{"origin": [13.48641, 23.72452, 11.89452], "size": [1, 7.5, 7.9], "uv": [9, 37], "inflate": -0.2}
				]
			},
			{
				"name": "bone50",
				"parent": "bone40",
				"pivot": [11.83865, 24.01312, 12.17561],
				"cubes": [
					{"origin": [10.35569, 23.74065, 11.80305], "size": [1, 7.5, 7.9], "uv": [0, 30], "inflate": -0.2},
					{"origin": [9.32506, 23.73763, 11.82013], "size": [1, 7.5, 7.9], "uv": [25, 9], "inflate": -0.2}
				]
			},
			{
				"name": "bone44",
				"parent": "z",
				"pivot": [10.25, 14, 14.25],
				"rotation": [-42.5, -27.5, -22.5],
				"cubes": [
					{"origin": [9.25, 11, 13.25], "size": [2.25, 7, 2.25], "uv": [65, 51]}
				]
			},
			{
				"name": "bone45",
				"parent": "z",
				"pivot": [15.25, 14, 14.25],
				"rotation": [77.5, -40, -22.5],
				"cubes": [
					{"origin": [10.47413, 5.96796, 13.43117], "size": [2, 7, 2], "uv": [49, 64]},
					{"origin": [10.4617, 4.87003, 13.71546], "size": [2.05, 1.05, 1.5], "uv": [28, 58]}
				]
			},
			{
				"name": "bone48",
				"parent": "z",
				"pivot": [0.25, -2, 2.25],
				"rotation": [0, 0, 7.5]
			},
			{
				"name": "bone46",
				"parent": "bone48",
				"pivot": [11.25, 13.75, 8.75],
				"rotation": [-35, -27.5, -2.5],
				"cubes": [
					{"origin": [13.48224, 14.94479, 12.32781], "size": [2.25, 7, 2.25], "uv": [41, 64]}
				]
			},
			{
				"name": "bone47",
				"parent": "bone48",
				"pivot": [10.25, 4.25, 6.25],
				"rotation": [-17.5, -27.5, -2.5],
				"cubes": [
					{"origin": [15.3315, 6.41202, 8.44043], "size": [2, 7.5, 2], "uv": [20, 64]},
					{"origin": [15.3315, 5.41202, 8.69043], "size": [2, 1, 1.5], "uv": [12, 56]}
				]
			},
			{
				"name": "bone56",
				"parent": "z",
				"pivot": [13.75, 21.5, 19],
				"rotation": [57.5, -20, -20],
				"cubes": [
					{"origin": [13.44151, 16.54365, 18.01943], "size": [1.5, 9, 1.5], "uv": [0, 66]},
					{"origin": [13, 23.5, 17.75], "size": [2.75, 2.5, 2.25], "uv": [0, 44]}
				]
			},
			{
				"name": "bone57",
				"parent": "z",
				"pivot": [7.25, 20.75, 15],
				"rotation": [57.5, -42.5, -20],
				"cubes": [
					{"origin": [6.94151, 15.79365, 14.01943], "size": [1.5, 9, 1.5], "uv": [28, 64]},
					{"origin": [6.25, 22.75, 14], "size": [2.5, 2.5, 2], "uv": [40, 24]}
				]
			},
			{
				"name": "bone58",
				"parent": "z",
				"pivot": [14.25, 19.75, 17],
				"rotation": [-69.08235, -60.49577, 40.03088],
				"cubes": [
					{"origin": [12.01539, 22, 13.15918], "size": [7, 1, 1], "uv": [53, 20], "inflate": -0.4}
				]
			},
			{
				"name": "bone51",
				"parent": "bone58",
				"pivot": [19.51539, 22.5, 15.65918],
				"rotation": [0, -37.5, 0],
				"cubes": [
					{"origin": [17.12297, 22, 14.14103], "size": [4, 1, 1], "uv": [18, 41], "inflate": -0.4}
				]
			},
			{
				"name": "bone52",
				"parent": "bone51",
				"pivot": [20.73291, 22.5, 17.24589],
				"rotation": [0, -50, 0],
				"cubes": [
					{"origin": [18.25447, 22, 15.11485], "size": [3, 1, 1], "uv": [39, 61], "inflate": -0.4}
				]
			},
			{
				"name": "bone53",
				"parent": "bone52",
				"pivot": [20.73291, 22.5, 17.24589],
				"rotation": [7.5, -67.5, 22.5],
				"cubes": [
					{"origin": [18.78016, 22, 16.07114], "size": [3, 1, 1], "uv": [18, 61], "inflate": -0.4}
				]
			},
			{
				"name": "bone54",
				"parent": "bone53",
				"pivot": [20.73291, 22.5, 17.24589],
				"rotation": [7.5, -42.5, 22.5],
				"cubes": [
					{"origin": [20.22216, 22.36108, 15.94906], "size": [3, 1, 1], "uv": [47, 43], "inflate": -0.4}
				]
			},
			{
				"name": "bone59",
				"parent": "z",
				"pivot": [13.5, 19.75, 14],
				"rotation": [-97.53873, -36.53648, 77.00914],
				"cubes": [
					{"origin": [11.26539, 22, 10.15918], "size": [7, 1, 1], "uv": [53, 18], "inflate": -0.4}
				]
			},
			{
				"name": "bone60",
				"parent": "bone59",
				"pivot": [18.76539, 22.5, 12.65918],
				"rotation": [0, -37.5, 0],
				"cubes": [
					{"origin": [16.37297, 22, 11.14103], "size": [4, 1, 1], "uv": [18, 39], "inflate": -0.4}
				]
			},
			{
				"name": "bone61",
				"parent": "bone60",
				"pivot": [19.98291, 22.5, 14.24589],
				"rotation": [0, -50, 0],
				"cubes": [
					{"origin": [17.50447, 22, 12.11485], "size": [3, 1, 1], "uv": [25, 45], "inflate": -0.4}
				]
			},
			{
				"name": "bone62",
				"parent": "bone61",
				"pivot": [19.98291, 22.5, 14.24589],
				"rotation": [7.5, -67.5, 22.5],
				"cubes": [
					{"origin": [18.03016, 22, 13.07114], "size": [3, 1, 1], "uv": [28, 23], "inflate": -0.4}
				]
			},
			{
				"name": "bone63",
				"parent": "bone62",
				"pivot": [19.98291, 22.5, 14.24589],
				"rotation": [7.5, -42.5, 22.5],
				"cubes": [
					{"origin": [19.47216, 22.36108, 12.94906], "size": [3, 1, 1], "uv": [0, 6], "inflate": -0.4}
				]
			}
		]
	}
}