{
	"format_version": "1.10.0",
	"geometry.model": {
		"texturewidth": 128,
		"textureheight": 128,
		"visible_bounds_width": 3,
		"visible_bounds_height": 4,
		"visible_bounds_offset": [0, 1, 0],
		"bones": [
			{
				"name": "head",
				"pivot": [0, 18, 0],
				"cubes": [
					{"origin": [-4, 18, -4], "size": [8, 8, 8], "uv": [0, 0]},
					{"origin": [-3.5, 25.25, -3.5], "size": [7, 1, 7], "uv": [24, 0]},
					{"origin": [-3.5, 21, 3.25], "size": [7, 4, 1], "uv": [54, 16]}
				]
			},
			{
				"name": "blink",
				"parent": "head",
				"pivot": [0, 18, 0],
				"cubes": [
					{"origin": [-4, 18, -4.001], "size": [8, 8, 0], "uv": [52, 41]}
				]
			},
			{
				"name": "A",
				"parent": "head",
				"pivot": [-3, 18, 0],
				"rotation": [-5, 0, 0],
				"cubes": [
					{"origin": [-6, 13.62085, -4.68402], "size": [4, 12, 0], "uv": [26, 57]}
				]
			},
			{
				"name": "B",
				"parent": "head",
				"pivot": [0, 18, 0]
			},
			{
				"name": "bone",
				"parent": "B",
				"pivot": [0, 18, 0],
				"rotation": [5, 0, 0],
				"cubes": [
					{"origin": [-3, 8.63996, 4.24525], "size": [6, 12, 0], "uv": [14, 49]}
				]
			},
			{
				"name": "bone2",
				"parent": "B",
				"pivot": [-2, 22, 0],
				"rotation": [12.5, 0, 0],
				"cubes": [
					{"origin": [-3.5, 14.00902, 4.79758], "size": [5, 10, 0], "uv": [42, 56]}
				]
			},
			{
				"name": "bone3",
				"parent": "B",
				"pivot": [0, 18, 0],
				"rotation": [25, 0, 7.5],
				"cubes": [
					{"origin": [-4.61741, 15.01958, 1.87436], "size": [0, 7, 3], "uv": [0, 13]}
				]
			},
			{
				"name": "bone4",
				"parent": "B",
				"pivot": [0, 18, 0],
				"rotation": [30, 0, 10],
				"cubes": [
					{"origin": [-5.15377, 16.86854, 0.50145], "size": [0, 8, 2], "uv": [16, 59]}
				]
			},
			{
				"name": "armRight",
				"pivot": [-3, 17.5, 0],
				"rotation": [0, 0, 25],
				"cubes": [
					{"origin": [-5, 8.5, -1], "size": [2, 8, 2], "uv": [8, 59]},
					{"origin": [-5.5, 13.5, -1.5], "size": [3, 2, 3], "uv": [56, 11]},
					{"origin": [-5.25, 8.25, -1.25], "size": [2.5, 3.75, 2.5], "uv": [59, 24]}
				]
			},
			{
				"name": "armLeft",
				"pivot": [3, 17.5, 0],
				"rotation": [0, 0, -25],
				"cubes": [
					{"origin": [2.5, 13.5, -1.5], "size": [3, 2, 3], "uv": [17, 17]},
					{"origin": [3, 8.5, -1], "size": [2, 8, 2], "uv": [0, 59]},
					{"origin": [2.75, 8.25, -1.25], "size": [2.5, 3.75, 2.5], "uv": [15, 32]}
				]
			},
			{
				"name": "body",
				"pivot": [4, 16.75, 3],
				"cubes": [
					{"origin": [-4.25, 16.5, -3.25], "size": [8.75, 2, 6.5], "uv": [24, 16]},
					{"origin": [-3.25, 10.5, -3.25], "size": [6.5, 4, 6.5], "uv": [22, 39]},
					{"origin": [-3.25, 7.5, -3.25], "size": [6.5, 2, 6.5], "uv": [32, 8]},
					{"origin": [-2.5, 14.5, -3.5], "size": [1, 2, 7], "uv": [45, 17]},
					{"origin": [1.5, 14.5, -3.5], "size": [1, 2, 7], "uv": [41, 32]},
					{"origin": [-3, 8.999, -3], "size": [6, 9, 6], "uv": [24, 24]}
				]
			},
			{
				"name": "sittingRotationSkirt",
				"parent": "body",
				"pivot": [0, 10.5, 0]
			},
			{
				"name": "bone9",
				"parent": "sittingRotationSkirt",
				"pivot": [0, 10.5, 0],
				"rotation": [-12.5, 0, 0],
				"cubes": [
					{"origin": [-2.5, 4.82028, -2.95752], "size": [5, 4, 0], "uv": [45, 0]}
				]
			},
			{
				"name": "bone12",
				"parent": "sittingRotationSkirt",
				"pivot": [0, 10.5, 10],
				"rotation": [12.5, 0, 0],
				"cubes": [
					{"origin": [-2.75, 7.47875, 3.24667], "size": [5.5, 3.75, 0], "uv": [42, 26]}
				]
			},
			{
				"name": "sinFloat",
				"parent": "body",
				"pivot": [4, 16.75, 3],
				"rotation": [7.5, 0, 0],
				"cubes": [
					{"origin": [1.75, 3.84783, 3.02431], "size": [2, 13, 1], "uv": [34, 57]}
				]
			},
			{
				"name": "bone8",
				"parent": "body",
				"pivot": [2.5, 16.75, 10],
				"rotation": [-12.5, 0, 0],
				"cubes": [
					{"origin": [-2.75, 10.05411, -2.75593], "size": [5.5, 2.5, 1], "uv": [0, 70]}
				]
			},
			{
				"name": "legLeft",
				"pivot": [2, 9, 0],
				"cubes": [
					{"origin": [0.499, 0, -1.5], "size": [3, 9, 3], "uv": [53, 53]},
					{"origin": [0.25, 6, -2.5], "size": [3.75, 3, 5], "uv": [50, 3]},
					{"origin": [0.25, -0.25, -1.75], "size": [3.5, 1.25, 3.5], "uv": [56, 49]},
					{"origin": [0.25, 1, 0], "size": [3.5, 1, 1.75], "uv": [45, 4]}
				]
			},
			{
				"name": "legRight",
				"pivot": [-2, 9, 0],
				"cubes": [
					{"origin": [-3.499, 0, -1.5], "size": [3, 9, 3], "uv": [50, 26]},
					{"origin": [-3.75, 6, -2.5], "size": [3.75, 3, 5], "uv": [26, 49]},
					{"origin": [-3.75, -0.25, -1.75], "size": [3.5, 1.25, 3.5], "uv": [40, 41]},
					{"origin": [-3.75, 1, 0], "size": [3.5, 1, 1.75], "uv": [15, 37]}
				]
			}
		]
	}
}