{
	"format_version": "1.10.0",
	"geometry.model": {
		"texturewidth": 128,
		"textureheight": 128,
		"visible_bounds_width": 3,
		"visible_bounds_height": 4,
		"visible_bounds_offset": [0, 1, 0],
		"bones": [
			{
				"name": "head",
				"pivot": [0, 18, 0],
				"cubes": [
					{"origin": [-4, 18, -4], "size": [8, 8, 8], "uv": [0, 17]}
				]
			},
			{
				"name": "A",
				"parent": "head",
				"pivot": [0, 0, 0]
			},
			{
				"name": "bone",
				"parent": "A",
				"pivot": [-0.5, 24, -4.5],
				"rotation": [-10, 0, 10],
				"cubes": [
					{"origin": [-1, 22, -4.5], "size": [1, 4, 0], "uv": [24, 33]}
				]
			},
			{
				"name": "bone2",
				"parent": "A",
				"pivot": [3, 23.5, -4.5],
				"rotation": [-12.5, 0, -15],
				"cubes": [
					{"origin": [2, 21.04874, -4.55393], "size": [2, 5, 0], "uv": [20, 50]}
				]
			},
			{
				"name": "bone3",
				"parent": "A",
				"pivot": [-5, 23.5, -4.001],
				"rotation": [-15, 0, 20],
				"cubes": [
					{"origin": [-4.48062, 22.44855, -4.85805], "size": [2, 4.25, 0], "uv": [68, 49]}
				]
			},
			{
				"name": "bone4",
				"parent": "A",
				"pivot": [1.38315, 24.4547, -4.55044],
				"rotation": [-20, 0, -12.5],
				"cubes": [
					{"origin": [0.88315, 22.9547, -4.55044], "size": [1, 3, 0], "uv": [36, 42]}
				]
			},
			{
				"name": "bone5",
				"parent": "A",
				"pivot": [-3.5, 22.14194, -5.33212],
				"rotation": [-5, 0, 7.5],
				"cubes": [
					{"origin": [-4.23912, 18.21263, -4.08858], "size": [1, 5, 0], "uv": [24, 17]}
				]
			},
			{
				"name": "bone6",
				"parent": "A",
				"pivot": [-0.5, 18.5, -10],
				"rotation": [-5, 0, -5],
				"cubes": [
					{"origin": [3.53697, 18.83385, -4.29163], "size": [1, 3.25, 0], "uv": [24, 37]}
				]
			},
			{
				"name": "blink",
				"parent": "head",
				"pivot": [0, 18, 0],
				"cubes": [
					{"origin": [-4, 18, -4.001], "size": [8, 8, 0], "uv": [26, 0]}
				]
			},
			{
				"name": "B",
				"parent": "head",
				"pivot": [-0.04167, 24.5, -1.5],
				"rotation": [-15, 0, 0],
				"cubes": [
					{"origin": [-1, 24.5, -5], "size": [1.75, 1, 1], "uv": [8, 71], "inflate": -0.3},
					{"origin": [0.8, 24.5147, -4.55852], "size": [2.5, 1, 0], "uv": [28, 24]},
					{"origin": [-3.2, 24.5147, -4.55852], "size": [2.5, 1, 0], "uv": [24, 24]}
				]
			},
			{
				"name": "B1",
				"parent": "B",
				"pivot": [0, 25.25, 1],
				"cubes": [
					{"origin": [-3.5, 25.25, -5], "size": [2.5, 1, 1], "uv": [67, 47], "inflate": -0.2},
					{"origin": [-3.5, 23.75, -5], "size": [2.5, 1, 1], "uv": [67, 42], "inflate": -0.2},
					{"origin": [-1.4, 24.15, -5], "size": [1, 1.75, 1], "uv": [45, 71], "inflate": -0.2},
					{"origin": [-4.1, 24.15, -5], "size": [1, 1.75, 1], "uv": [41, 71], "inflate": -0.2}
				]
			},
			{
				"name": "B2",
				"parent": "B",
				"pivot": [4.75, 25.25, 1],
				"cubes": [
					{"origin": [0.75, 25.25, -5], "size": [2.5, 1, 1], "uv": [67, 2], "inflate": -0.2},
					{"origin": [0.75, 23.75, -5], "size": [2.5, 1, 1], "uv": [53, 21], "inflate": -0.2},
					{"origin": [2.85, 24.15, -5], "size": [1, 1.75, 1], "uv": [16, 71], "inflate": -0.2},
					{"origin": [0.15, 24.15, -5], "size": [1, 1.75, 1], "uv": [12, 71], "inflate": -0.2}
				]
			},
			{
				"name": "C",
				"parent": "head",
				"pivot": [0, 18, 0],
				"cubes": [
					{"origin": [-4.75, 17.25, -3.25], "size": [9.5, 9.75, 8.25], "uv": [0, 0]},
					{"origin": [-3, 19, 5], "size": [6, 4, 1], "uv": [55, 16]},
					{"origin": [-3, 26.5, 0], "size": [6, 1, 3], "uv": [47, 39]},
					{"origin": [-5.5, 18.5, -3.25], "size": [1, 4.75, 5.5], "uv": [13, 50]},
					{"origin": [4.5, 18, -3.25], "size": [1, 6, 4.25], "uv": [52, 6]}
				]
			},
			{
				"name": "bone7",
				"parent": "C",
				"pivot": [2, 27.5, -9.5],
				"rotation": [0, 0, -15],
				"cubes": [
					{"origin": [-4.89089, 27.82877, -4], "size": [5, 1, 4], "uv": [0, 46]}
				]
			},
			{
				"name": "bone8",
				"parent": "bone7",
				"pivot": [2, 27.5, -9.5],
				"rotation": [0, 0, 25],
				"cubes": [
					{"origin": [-0.27529, 26.90515, -4], "size": [5, 1, 4], "uv": [38, 5]}
				]
			},
			{
				"name": "bone9",
				"parent": "C",
				"pivot": [0, 18, 0],
				"rotation": [0, 0, 10],
				"cubes": [
					{"origin": [-6.48687, 19.99503, -4], "size": [1, 6, 4], "uv": [52, 28]}
				]
			},
			{
				"name": "bone10",
				"parent": "C",
				"pivot": [9.5, 21, 0.5],
				"rotation": [0, 0, -17.5],
				"cubes": [
					{"origin": [5.90563, 22.5557, -4], "size": [1, 6, 1], "uv": [48, 10]}
				]
			},
			{
				"name": "bone11",
				"parent": "C",
				"pivot": [0, 18, 0],
				"rotation": [0, 0, -20],
				"cubes": [
					{"origin": [-4.62028, 17.97118, -4.25], "size": [1, 5, 1], "uv": [31, 61]}
				]
			},
			{
				"name": "bone12",
				"parent": "C",
				"pivot": [8.5, 16.5, 0.5],
				"rotation": [0, 0, 15],
				"cubes": [
					{"origin": [4.2773, 16.02359, -4.25], "size": [1, 5, 1], "uv": [31, 55]}
				]
			},
			{
				"name": "bone13",
				"parent": "C",
				"pivot": [0, 18.25, -0.5],
				"rotation": [0, 0, -27.5],
				"cubes": [
					{"origin": [1.03365, 14.59885, -4.25], "size": [3, 1, 1], "uv": [66, 28]}
				]
			},
			{
				"name": "bone48",
				"parent": "C",
				"pivot": [-0.5, 15.75, -4],
				"rotation": [0, 0, 5],
				"cubes": [
					{"origin": [-4, 15.75, -3.75], "size": [7.75, 3, 2.75], "uv": [42, 0]}
				]
			},
			{
				"name": "armRight",
				"pivot": [-3, 17.5, 0],
				"rotation": [0, 0, 25],
				"cubes": [
					{"origin": [-4.57738, 7.59369, -1], "size": [2, 8, 2], "uv": [14, 59]},
					{"origin": [-5.07738, 14.59369, -1.5], "size": [3, 2, 3], "uv": [62, 31]},
					{"origin": [-4.83798, 8.98168, -1.25], "size": [2.5, 1, 2.5], "uv": [0, 22]},
					{"origin": [-4.85429, 10.31061, -1.25], "size": [2.5, 1.75, 2.5], "uv": [0, 5]}
				]
			},
			{
				"name": "armLeft",
				"pivot": [3, 16.5, 0],
				"rotation": [0, 0, -25],
				"cubes": [
					{"origin": [2.5, 14.5, -1.5], "size": [3, 2, 3], "uv": [62, 7]},
					{"origin": [3, 7.5, -1], "size": [2, 8, 2], "uv": [58, 21]},
					{"origin": [2.68321, 9.0443, -1.25], "size": [2.5, 3, 2.5], "uv": [47, 61]}
				]
			},
			{
				"name": "body",
				"pivot": [0, 10.5, 0],
				"cubes": [
					{"origin": [-3, 8.999, -3], "size": [6, 9, 6], "uv": [26, 27]},
					{"origin": [-4, 15.5, 2], "size": [8, 2, 2], "uv": [24, 20]}
				]
			},
			{
				"name": "D",
				"parent": "body",
				"pivot": [0, 12, 0]
			},
			{
				"name": "bone31",
				"parent": "D",
				"pivot": [0, 12, -0.5]
			},
			{
				"name": "bone32",
				"parent": "bone31",
				"pivot": [0, 12, 3.97051],
				"rotation": [10, 0, 0],
				"cubes": [
					{"origin": [-2.5, 5.40782, 2.97051], "size": [5, 12.25, 1], "uv": [24, 42]}
				]
			},
			{
				"name": "bone33",
				"parent": "bone32",
				"pivot": [-2.5, 11.65782, 3.97051],
				"rotation": [0, 0, 9.85108],
				"cubes": [
					{"origin": [-3.5, 5.40782, 2.96951], "size": [2.5, 12.25, 1], "uv": [8, 58]}
				]
			},
			{
				"name": "bone34",
				"parent": "bone32",
				"pivot": [2.5, 11.65782, 3.97051],
				"rotation": [0, 0, -9.85108],
				"cubes": [
					{"origin": [1, 5.40782, 2.97151], "size": [2.5, 12.25, 1], "uv": [56, 43]}
				]
			},
			{
				"name": "bone35",
				"parent": "D",
				"pivot": [0.5, 12, 0],
				"rotation": [0, -90, 0]
			},
			{
				"name": "bone36",
				"parent": "bone35",
				"pivot": [0.5, 12, 4.47051],
				"rotation": [10, 0, 0],
				"cubes": [
					{"origin": [-2, 5.40782, 3.47051], "size": [5, 12.25, 1], "uv": [12, 33]}
				]
			},
			{
				"name": "bone37",
				"parent": "bone36",
				"pivot": [-2, 11.65782, 4.47051],
				"rotation": [0, 0, 9.85108],
				"cubes": [
					{"origin": [-4, 5.40782, 3.46951], "size": [3.5, 12.25, 1], "uv": [0, 51]}
				]
			},
			{
				"name": "bone38",
				"parent": "bone36",
				"pivot": [3, 11.65782, 4.47051],
				"rotation": [0, 0, -9.85108],
				"cubes": [
					{"origin": [1.74631, 5.36505, 3.47151], "size": [2.5, 12.25, 1], "uv": [56, 56]}
				]
			},
			{
				"name": "bone39",
				"parent": "D",
				"pivot": [0, 12, 0],
				"rotation": [0, -180, 0]
			},
			{
				"name": "bone40",
				"parent": "bone39",
				"pivot": [0, 12, 4.47051],
				"rotation": [10, 0, 0]
			},
			{
				"name": "bone41",
				"parent": "bone40",
				"pivot": [-2.5, 11.65782, 4.47051],
				"rotation": [0, 0, 9.85108],
				"cubes": [
					{"origin": [-4, 5.40782, 3.46951], "size": [2, 12.25, 1], "uv": [25, 55]}
				]
			},
			{
				"name": "bone42",
				"parent": "bone40",
				"pivot": [2.5, 11.65782, 4.47051],
				"rotation": [0, 0, -9.85108],
				"cubes": [
					{"origin": [2, 5.40782, 3.47151], "size": [2, 12.25, 1], "uv": [41, 54]}
				]
			},
			{
				"name": "bone43",
				"parent": "D",
				"pivot": [-0.5, 12, 0],
				"rotation": [0, -270, 0]
			},
			{
				"name": "bone44",
				"parent": "bone43",
				"pivot": [-0.5, 12, 4.47051],
				"rotation": [10, 0, 0],
				"cubes": [
					{"origin": [-3, 5.40782, 3.47051], "size": [5, 12.25, 1], "uv": [0, 33]}
				]
			},
			{
				"name": "bone45",
				"parent": "bone44",
				"pivot": [-3, 11.65782, 4.47051],
				"rotation": [0, 0, 9.85108],
				"cubes": [
					{"origin": [-4.24631, 5.36505, 3.46951], "size": [2.5, 12.25, 1], "uv": [35, 54]}
				]
			},
			{
				"name": "bone46",
				"parent": "bone44",
				"pivot": [2, 11.65782, 4.47051],
				"rotation": [0, 0, -9.85108],
				"cubes": [
					{"origin": [0.5, 5.40782, 3.47151], "size": [3.5, 12.25, 1], "uv": [48, 48]}
				]
			},
			{
				"name": "sittingRotationSkirt",
				"parent": "body",
				"pivot": [0, 9.5, 0],
				"cubes": [
					{"origin": [-3.5, 8, -3.5], "size": [7, 3, 7], "uv": [27, 10]}
				]
			},
			{
				"name": "bone14",
				"parent": "sittingRotationSkirt",
				"pivot": [0, 15.5, 0]
			},
			{
				"name": "bone15",
				"parent": "bone14",
				"pivot": [0, 5, 0]
			},
			{
				"name": "bone16",
				"parent": "bone15",
				"pivot": [0, 5, 4.47051],
				"rotation": [10, 0, 0],
				"cubes": [
					{"origin": [-2.5, 6.15782, 4.47051], "size": [5, 4.5, 0], "uv": [62, 36]}
				]
			},
			{
				"name": "bone17",
				"parent": "bone16",
				"pivot": [-2.5, 4.65782, 4.47051],
				"rotation": [0, 0, 9.85108],
				"cubes": [
					{"origin": [-4.5, 6.15782, 4.46951], "size": [2, 4.5, 0], "uv": [26, 68]}
				]
			},
			{
				"name": "bone18",
				"parent": "bone16",
				"pivot": [2.5, 4.65782, 4.47051],
				"rotation": [0, 0, -9.85108],
				"cubes": [
					{"origin": [2.5, 6.15782, 4.47151], "size": [2, 4.5, 0], "uv": [22, 68]}
				]
			},
			{
				"name": "bone19",
				"parent": "bone14",
				"pivot": [0, 5, 0],
				"rotation": [0, -90, 0]
			},
			{
				"name": "bone20",
				"parent": "bone19",
				"pivot": [0, 5, 4.47051],
				"rotation": [10, 0, 0],
				"cubes": [
					{"origin": [-2.5, 6.15782, 4.47051], "size": [5, 4.5, 0], "uv": [62, 12]}
				]
			},
			{
				"name": "bone21",
				"parent": "bone20",
				"pivot": [-2.5, 4.65782, 4.47051],
				"rotation": [0, 0, 9.85108],
				"cubes": [
					{"origin": [-4.5, 6.15782, 4.46951], "size": [2, 4.5, 0], "uv": [66, 67]}
				]
			},
			{
				"name": "bone22",
				"parent": "bone20",
				"pivot": [2.5, 4.65782, 4.47051],
				"rotation": [0, 0, -9.85108],
				"cubes": [
					{"origin": [2.5, 6.15782, 4.47151], "size": [2, 4.5, 0], "uv": [62, 67]}
				]
			},
			{
				"name": "bone23",
				"parent": "bone14",
				"pivot": [0, 5, 0],
				"rotation": [0, -180, 0]
			},
			{
				"name": "bone24",
				"parent": "bone23",
				"pivot": [0, 5, 4.47051],
				"rotation": [10, 0, 0],
				"cubes": [
					{"origin": [-2.5, 6.15782, 4.47051], "size": [5, 4.5, 0], "uv": [8, 51]}
				]
			},
			{
				"name": "bone25",
				"parent": "bone24",
				"pivot": [-2.5, 4.65782, 4.47051],
				"rotation": [0, 0, 9.85108],
				"cubes": [
					{"origin": [-4.5, 6.15782, 4.46951], "size": [2, 4.5, 0], "uv": [42, 67]}
				]
			},
			{
				"name": "bone26",
				"parent": "bone24",
				"pivot": [2.5, 4.65782, 4.47051],
				"rotation": [0, 0, -9.85108],
				"cubes": [
					{"origin": [2.5, 6.15782, 4.47151], "size": [2, 4.5, 0], "uv": [52, 66]}
				]
			},
			{
				"name": "bone27",
				"parent": "bone14",
				"pivot": [0, 5, 0],
				"rotation": [0, -270, 0]
			},
			{
				"name": "bone28",
				"parent": "bone27",
				"pivot": [0, 5, 4.47051],
				"rotation": [10, 0, 0],
				"cubes": [
					{"origin": [-2.5, 6.15782, 4.47051], "size": [5, 4.5, 0], "uv": [14, 46]}
				]
			},
			{
				"name": "bone29",
				"parent": "bone28",
				"pivot": [-2.5, 4.65782, 4.47051],
				"rotation": [0, 0, 9.85108],
				"cubes": [
					{"origin": [-4.5, 6.15782, 4.46951], "size": [2, 4.5, 0], "uv": [52, 5]}
				]
			},
			{
				"name": "bone30",
				"parent": "bone28",
				"pivot": [2.5, 4.65782, 4.47051],
				"rotation": [0, 0, -9.85108],
				"cubes": [
					{"origin": [2.5, 6.15782, 4.47151], "size": [2, 4.5, 0], "uv": [0, 46]}
				]
			},
			{
				"name": "bone47",
				"parent": "body",
				"pivot": [0, 15, -3],
				"rotation": [-17.5, 0, 0],
				"cubes": [
					{"origin": [-2.5, 13.98815, -3.60822], "size": [5, 2, 1], "uv": [32, 24]}
				]
			},
			{
				"name": "legLeft",
				"pivot": [2, 9, 0],
				"cubes": [
					{"origin": [0.499, 0, -1.5], "size": [3, 9, 3], "uv": [44, 20]},
					{"origin": [0.25, -0.25, -1.75], "size": [3.5, 2, 3.5], "uv": [62, 62]}
				]
			},
			{
				"name": "legRight",
				"pivot": [-2, 9, 0],
				"cubes": [
					{"origin": [-3.499, 0, -1.5], "size": [3, 9, 3], "uv": [36, 42]},
					{"origin": [-3.75, -0.25, -1.75], "size": [3.5, 2, 3.5], "uv": [58, 2]}
				]
			},
			{
				"name": "tail",
				"pivot": [0, 0, 0]
			},
			{
				"name": "Z",
				"parent": "tail",
				"pivot": [0, 0, 0]
			},
			{
				"name": "bone50",
				"parent": "Z",
				"pivot": [8.495, 8.96667, -8.03667],
				"rotation": [-15, -45, 0],
				"cubes": [
					{"origin": [7, 7, -8], "size": [3, 4, 1], "uv": [0, 17]},
					{"origin": [6.75, 6, -8], "size": [3.5, 1, 1], "uv": [62, 60]},
					{"origin": [6.75, 11, -8], "size": [3.5, 1, 1], "uv": [62, 58]},
					{"origin": [7.25, 6.75, -8.25], "size": [2.5, 4.5, 1], "uv": [0, 64]},
					{"origin": [7.5, 7, -8.5], "size": [2, 4, 1], "uv": [62, 53]},
					{"origin": [7.75, 9.5, -8.75], "size": [1.5, 1.5, 1], "uv": [34, 70], "inflate": -0.2},
					{"origin": [7.5, 7, -8.9], "size": [2, 2.5, 1], "uv": [30, 67], "inflate": -0.3},
					{"origin": [8, 9.75, -8.9], "size": [1, 1, 1], "uv": [30, 70], "inflate": -0.2},
					{"origin": [9.25, 6, -8.25], "size": [1, 1, 1], "uv": [69, 59], "inflate": -0.2},
					{"origin": [6.75, 6, -8.25], "size": [1, 1, 1], "uv": [69, 57], "inflate": -0.2},
					{"origin": [6.75, 11, -8.25], "size": [1, 1, 1], "uv": [69, 18], "inflate": -0.2},
					{"origin": [9.25, 11, -8.25], "size": [1, 1, 1], "uv": [69, 16], "inflate": -0.2},
					{"origin": [7.65, 7.75, -9.25], "size": [1, 1.5, 1], "uv": [55, 69], "inflate": -0.4},
					{"origin": [7.6, 7.25, -9.25], "size": [1.75, 1, 1], "uv": [18, 69], "inflate": -0.4},
					{"origin": [8.3, 7.75, -9.25], "size": [1, 1.5, 1], "uv": [14, 69], "inflate": -0.4}
				]
			},
			{
				"name": "ZZZ",
				"parent": "tail",
				"pivot": [0, 0, 0]
			},
			{
				"name": "bone51",
				"parent": "ZZZ",
				"pivot": [-11.505, 30.96667, 10.96333],
				"rotation": [-57.5, 30, -10],
				"cubes": [
					{"origin": [8.61293, 30.366, 18.74695], "size": [3, 4, 1], "uv": [0, 0]},
					{"origin": [8.36293, 29.366, 18.74695], "size": [3.5, 1, 1], "uv": [62, 40]},
					{"origin": [8.36293, 34.366, 18.74695], "size": [3.5, 1, 1], "uv": [58, 0]},
					{"origin": [8.86293, 30.116, 18.49695], "size": [2.5, 4.5, 1], "uv": [62, 48]},
					{"origin": [9.11293, 30.366, 18.24695], "size": [2, 4, 1], "uv": [62, 43]},
					{"origin": [9.36293, 32.866, 17.99695], "size": [1.5, 1.5, 1], "uv": [4, 69], "inflate": -0.2},
					{"origin": [9.11293, 30.366, 17.84695], "size": [2, 2.5, 1], "uv": [58, 7], "inflate": -0.3},
					{"origin": [9.61293, 33.116, 17.84695], "size": [1, 1, 1], "uv": [0, 69], "inflate": -0.2},
					{"origin": [10.86293, 29.366, 18.49695], "size": [1, 1, 1], "uv": [68, 55], "inflate": -0.2},
					{"origin": [8.36293, 29.366, 18.49695], "size": [1, 1, 1], "uv": [68, 53], "inflate": -0.2},
					{"origin": [8.36293, 34.366, 18.49695], "size": [1, 1, 1], "uv": [68, 44], "inflate": -0.2},
					{"origin": [10.86293, 34.366, 18.49695], "size": [1, 1, 1], "uv": [20, 59], "inflate": -0.2},
					{"origin": [9.26293, 31.116, 17.49695], "size": [1, 1.5, 1], "uv": [8, 55], "inflate": -0.4},
					{"origin": [9.21293, 30.616, 17.49695], "size": [1.75, 1, 1], "uv": [42, 20], "inflate": -0.4},
					{"origin": [9.91293, 31.116, 17.49695], "size": [1, 1.5, 1], "uv": [34, 8], "inflate": -0.4}
				]
			},
			{
				"name": "ZZ",
				"parent": "tail",
				"pivot": [0, 0, 0]
			},
			{
				"name": "bone49",
				"parent": "ZZ",
				"pivot": [-11.505, 21.96667, -0.03667],
				"rotation": [-10, 20, 0],
				"cubes": [
					{"origin": [-13, 20, 0], "size": [3, 4, 1], "uv": [48, 43]},
					{"origin": [-13.25, 19, 0], "size": [3.5, 1, 1], "uv": [66, 26]},
					{"origin": [-13.25, 24, 0], "size": [3.5, 1, 1], "uv": [66, 0]},
					{"origin": [-12.75, 19.75, -0.25], "size": [2.5, 4.5, 1], "uv": [66, 21]},
					{"origin": [-12.5, 20, -0.5], "size": [2, 4, 1], "uv": [46, 66]},
					{"origin": [-12.25, 22.5, -0.75], "size": [1.5, 1.5, 1], "uv": [70, 4], "inflate": -0.2},
					{"origin": [-12.5, 20, -0.9], "size": [2, 2.5, 1], "uv": [36, 67], "inflate": -0.3},
					{"origin": [-12, 22.75, -0.9], "size": [1, 1, 1], "uv": [69, 70], "inflate": -0.2},
					{"origin": [-10.75, 19, -0.25], "size": [1, 1, 1], "uv": [4, 71], "inflate": -0.2},
					{"origin": [-13.25, 19, -0.25], "size": [1, 1, 1], "uv": [0, 71], "inflate": -0.2},
					{"origin": [-13.25, 24, -0.25], "size": [1, 1, 1], "uv": [70, 67], "inflate": -0.2},
					{"origin": [-10.75, 24, -0.25], "size": [1, 1, 1], "uv": [70, 40], "inflate": -0.2},
					{"origin": [-12.35, 20.75, -1.25], "size": [1, 1.5, 1], "uv": [58, 70], "inflate": -0.4},
					{"origin": [-12.4, 20.25, -1.25], "size": [1.75, 1, 1], "uv": [38, 70], "inflate": -0.4},
					{"origin": [-11.7, 20.75, -1.25], "size": [1, 1.5, 1], "uv": [51, 70], "inflate": -0.4}
				]
			}
		]
	}
}