{
	"format_version": "1.10.0",
	"geometry.model": {
		"texturewidth": 128,
		"textureheight": 128,
		"visible_bounds_width": 3,
		"visible_bounds_height": 4,
		"visible_bounds_offset": [0, 1, 0],
		"bones": [
			{
				"name": "head",
				"pivot": [0, 18, 0],
				"cubes": [
					{"origin": [-4, 18, -4], "size": [8, 8, 8], "uv": [0, 0]}
				]
			},
			{
				"name": "A",
				"parent": "head",
				"pivot": [0, 0, 0],
				"cubes": [
					{"origin": [-3, 24.5, -4.75], "size": [6, 1, 1], "uv": [50, 19]},
					{"origin": [-4.10355, 23.48223, -4.25], "size": [1, 1, 1], "uv": [24, 21]},
					{"origin": [3.31066, 23.43934, -4.25], "size": [1, 1, 1], "uv": [3, 21]}
				]
			},
			{
				"name": "bone",
				"parent": "A",
				"pivot": [0, 0, 0]
			},
			{
				"name": "bone2",
				"parent": "A",
				"pivot": [-3, 31.25, 5],
				"rotation": [0, 0, -45],
				"cubes": [
					{"origin": [-8.56586, 26.18414, -4.5], "size": [1.5, 1, 1], "uv": [38, 7]}
				]
			},
			{
				"name": "bone3",
				"parent": "A",
				"pivot": [3, 24.5, 3.75],
				"rotation": [0, 0, 45],
				"cubes": [
					{"origin": [2.29289, 24.20711, -4.5], "size": [1.5, 1, 1], "uv": [19, 38]}
				]
			},
			{
				"name": "blink",
				"parent": "head",
				"pivot": [0, 18, 0],
				"cubes": [
					{"origin": [-4, 18, -4.001], "size": [8, 8, 0], "uv": [44, 7]}
				]
			},
			{
				"name": "B",
				"parent": "head",
				"pivot": [0, 18, 0],
				"cubes": [
					{"origin": [-2, 25.5, -5.25], "size": [2, 1, 1], "uv": [0, 6]},
					{"origin": [-4.5, 21, -3], "size": [1, 4, 6], "uv": [40, 31]},
					{"origin": [3.5, 21, -3], "size": [1, 4, 6], "uv": [32, 37]},
					{"origin": [-3, 25.5, -3], "size": [6, 1, 6], "uv": [24, 0]},
					{"origin": [-3, 20, 3.75], "size": [6, 5, 1], "uv": [42, 0]}
				]
			},
			{
				"name": "bone4",
				"parent": "B",
				"pivot": [0, 18, -2],
				"rotation": [-10, 0, 0],
				"cubes": [
					{"origin": [-3, 18.8217, -6.50299], "size": [4, 6, 0], "uv": [0, 0]}
				]
			},
			{
				"name": "bone5",
				"parent": "B",
				"pivot": [-3, 18, 0],
				"rotation": [0, 0, 10],
				"cubes": [
					{"origin": [-5.34545, 15.66357, -3.5], "size": [0, 7, 7], "uv": [0, 28]}
				]
			},
			{
				"name": "bone6",
				"parent": "B",
				"pivot": [8, 18, 0],
				"rotation": [0, 0, -7.5],
				"cubes": [
					{"origin": [5.18257, 16.41407, -3.5], "size": [0, 7, 7], "uv": [0, 21]}
				]
			},
			{
				"name": "bone7",
				"parent": "B",
				"pivot": [0, 18, 0],
				"rotation": [5, 0, 0],
				"cubes": [
					{"origin": [-4, 16.56318, 5.25486], "size": [8, 7, 0], "uv": [40, 21]}
				]
			},
			{
				"name": "armRight",
				"pivot": [-3, 17.5, 0],
				"rotation": [0, 0, 25],
				"cubes": [
					{"origin": [-4.09369, 8.92262, -1], "size": [2, 8, 2], "uv": [20, 46]},
					{"origin": [-4.31205, 12.53986, -1.25], "size": [2.5, 3.25, 2.5], "uv": [54, 36]},
					{"origin": [-4.31254, 10.58774, -1.25], "size": [2.5, 1, 2.5], "uv": [54, 4]}
				]
			},
			{
				"name": "armLeft",
				"pivot": [3, 17.5, 0],
				"rotation": [0, 0, -25],
				"cubes": [
					{"origin": [2.09369, 8.92262, -1], "size": [2, 8, 2], "uv": [12, 46]},
					{"origin": [1.86514, 12.49763, -1.25], "size": [2.5, 3.25, 2.5], "uv": [14, 28]},
					{"origin": [1.89567, 10.63001, -1.25], "size": [2.5, 1, 2.5], "uv": [32, 7]}
				]
			},
			{
				"name": "body",
				"pivot": [0, 10.5, 0],
				"cubes": [
					{"origin": [-3, 8.999, -3], "size": [6, 9, 6], "uv": [22, 22]},
					{"origin": [-3.25, 11.5, -3.25], "size": [6.5, 5, 6.5], "uv": [26, 10]},
					{"origin": [-3.25, 17.5, -3.25], "size": [6.5, 1, 6.5], "uv": [62, 0]}
				]
			},
			{
				"name": "bone26",
				"parent": "body",
				"pivot": [2.25, 16, -0.5],
				"rotation": [0, 0, 20],
				"cubes": [
					{"origin": [0.92957, 15.64942, -3.75], "size": [1, 2.5, 7.5], "uv": [7, 35]}
				]
			},
			{
				"name": "bone25",
				"parent": "body",
				"pivot": [-1, 16.5, -0.5],
				"rotation": [0, 0, -20],
				"cubes": [
					{"origin": [-2, 16, -3.75], "size": [1, 2.5, 7.5], "uv": [16, 37]}
				]
			},
			{
				"name": "sittingRotationSkirt",
				"parent": "body",
				"pivot": [0, 10.5, 0],
				"cubes": [
					{"origin": [-3.75, 7, -3.5], "size": [7.5, 5, 7], "uv": [0, 56]}
				]
			},
			{
				"name": "bone27",
				"parent": "sittingRotationSkirt",
				"pivot": [6.75, 7, 0],
				"rotation": [10, 47.5, 32.5],
				"cubes": [
					{"origin": [1.75, 7, -11], "size": [1, 1, 0], "uv": [27, 21]},
					{"origin": [0, 6.75, -10.75], "size": [1.75, 1.75, 0], "uv": [26, 7]},
					{"origin": [2.75, 6.75, -10.75], "size": [1.75, 1.75, 0], "uv": [24, 7]},
					{"origin": [1, 4.75, -11.001], "size": [1, 2, 0], "uv": [14, 28]},
					{"origin": [2.5, 4.75, -11.001], "size": [1, 2, 0], "uv": [4, 18]}
				]
			},
			{
				"name": "bone28",
				"parent": "sittingRotationSkirt",
				"pivot": [4, 11.25, -7.5],
				"rotation": [-50, -70, 32.5],
				"cubes": [
					{"origin": [7.47985, 12.0917, -6.6417], "size": [1, 1, 0], "uv": [21, 22]},
					{"origin": [5.72985, 11.8417, -6.3917], "size": [1.75, 1.75, 0], "uv": [0, 22]},
					{"origin": [8.47985, 11.8417, -6.3917], "size": [1.75, 1.75, 0], "uv": [4, 20]},
					{"origin": [6.72985, 9.8417, -6.6427], "size": [1, 2, 0], "uv": [4, 16]},
					{"origin": [8.22985, 9.8417, -6.6427], "size": [1, 2, 0], "uv": [6, 6]}
				]
			},
			{
				"name": "bone8",
				"parent": "sittingRotationSkirt",
				"pivot": [0, 16.5, 0]
			},
			{
				"name": "bone9",
				"parent": "bone8",
				"pivot": [0, 6, 0]
			},
			{
				"name": "bone10",
				"parent": "bone9",
				"pivot": [0, 6, 4.47051],
				"rotation": [10, 0, 0],
				"cubes": [
					{"origin": [-2.5, 6.65782, 4.47051], "size": [5, 5, 0], "uv": [55, 55]}
				]
			},
			{
				"name": "bone11",
				"parent": "bone10",
				"pivot": [-2.5, 5.65782, 4.47051],
				"rotation": [0, 0, 9.85108],
				"cubes": [
					{"origin": [-4.5, 6.65782, 4.46951], "size": [2, 5, 0], "uv": [0, 16]}
				]
			},
			{
				"name": "bone12",
				"parent": "bone10",
				"pivot": [2.5, 5.65782, 4.47051],
				"rotation": [0, 0, -9.85108],
				"cubes": [
					{"origin": [2.5, 6.65782, 4.47151], "size": [2, 5, 0], "uv": [16, 33]}
				]
			},
			{
				"name": "bone13",
				"parent": "bone8",
				"pivot": [0, 6, 0],
				"rotation": [0, -90, 0]
			},
			{
				"name": "bone14",
				"parent": "bone13",
				"pivot": [0, 6, 4.47051],
				"rotation": [10, 0, 0],
				"cubes": [
					{"origin": [-2.5, 6.65782, 4.47051], "size": [5, 5, 0], "uv": [52, 41]}
				]
			},
			{
				"name": "bone15",
				"parent": "bone14",
				"pivot": [-2.5, 5.65782, 4.47051],
				"rotation": [0, 0, 9.85108]
			},
			{
				"name": "bone16",
				"parent": "bone14",
				"pivot": [2.5, 5.65782, 4.47051],
				"rotation": [0, 0, -9.85108],
				"cubes": [
					{"origin": [2.5, 6.65782, 4.47151], "size": [2, 5, 0], "uv": [24, 0]}
				]
			},
			{
				"name": "bone17",
				"parent": "bone8",
				"pivot": [0, 6, 0],
				"rotation": [0, -180, 0]
			},
			{
				"name": "bone18",
				"parent": "bone17",
				"pivot": [0, 6, 4.47051],
				"rotation": [10, 0, 0],
				"cubes": [
					{"origin": [-3.25, 6.65782, 4.47051], "size": [6.5, 5, 0], "uv": [25, 37]}
				]
			},
			{
				"name": "bone19",
				"parent": "bone18",
				"pivot": [-2.5, 5.65782, 4.47051],
				"rotation": [0, 0, 9.85108]
			},
			{
				"name": "bone20",
				"parent": "bone18",
				"pivot": [2.5, 5.65782, 4.47051],
				"rotation": [0, 0, -4.85108]
			},
			{
				"name": "bone21",
				"parent": "bone8",
				"pivot": [0, 6, 0],
				"rotation": [0, -270, 0]
			},
			{
				"name": "bone22",
				"parent": "bone21",
				"pivot": [0, 6, 4.47051],
				"rotation": [10, 0, 0],
				"cubes": [
					{"origin": [-2.5, 6.65782, 4.47051], "size": [5, 5, 0], "uv": [28, 51]}
				]
			},
			{
				"name": "bone23",
				"parent": "bone22",
				"pivot": [-2.5, 5.65782, 4.47051],
				"rotation": [0, 0, 9.85108],
				"cubes": [
					{"origin": [-4.5, 6.65782, 4.46951], "size": [2, 5, 0], "uv": [21, 16]}
				]
			},
			{
				"name": "bone24",
				"parent": "bone22",
				"pivot": [2.5, 5.65782, 4.47051],
				"rotation": [0, 0, -9.85108]
			},
			{
				"name": "legLeft",
				"pivot": [2, 9, 0],
				"cubes": [
					{"origin": [0.499, 0, -1.5], "size": [3, 9, 3], "uv": [43, 44]},
					{"origin": [0.25, -0.25, -1.75], "size": [3.5, 1.25, 3.5], "uv": [50, 15]},
					{"origin": [0.25, 1.25, -1.75], "size": [3.5, 1, 3.5], "uv": [48, 32]}
				]
			},
			{
				"name": "legRight",
				"pivot": [-2, 9, 0],
				"cubes": [
					{"origin": [-3.499, 0, -1.5], "size": [3, 9, 3], "uv": [0, 44]},
					{"origin": [-3.75, -0.25, -1.75], "size": [3.5, 1.25, 3.5], "uv": [48, 28]},
					{"origin": [-3.75, 1.25, -1.75], "size": [3.5, 1, 3.5], "uv": [28, 47]}
				]
			}
		]
	}
}