{
	"format_version": "1.10.0",
	"geometry.model": {
		"texturewidth": 128,
		"textureheight": 128,
		"visible_bounds_width": 3,
		"visible_bounds_height": 4,
		"visible_bounds_offset": [0, 1, 0],
		"bones": [
			{
				"name": "head",
				"pivot": [0, 18, 0],
				"cubes": [
					{"origin": [-4, 18, -4], "size": [8, 8, 8], "uv": [0, 0]}
				]
			},
			{
				"name": "A",
				"parent": "head",
				"pivot": [0, 18, 0]
			},
			{
				"name": "bone2",
				"parent": "A",
				"pivot": [2.5, 26, 2],
				"cubes": [
					{"origin": [-1.5, 19.75, -3.25], "size": [5, 7.5, 4.75], "uv": [46, 4]},
					{"origin": [-3.5, 21, -0.75], "size": [5, 5.25, 5.25], "uv": [42, 24]},
					{"origin": [1.25, 21.5, -2.25], "size": [3, 5, 6.5], "uv": [16, 44]},
					{"origin": [-4.75, 20.5, -1.75], "size": [2.25, 4.5, 6], "uv": [28, 49]},
					{"origin": [-0.75, 20.75, 4], "size": [1.5, 1.75, 1.25], "uv": [9, 52], "inflate": 0.2},
					{"origin": [-2.5, 25.5, -4.75], "size": [5, 1.5, 7.75], "uv": [26, 9]},
					{"origin": [0.5, 21, 0], "size": [4, 3, 4.75], "uv": [56, 41]}
				]
			},
			{
				"name": "bone",
				"parent": "bone2",
				"pivot": [-4, 25.5, -0.5],
				"rotation": [0, 0, -35],
				"cubes": [
					{"origin": [-5, 24.75, -4.5], "size": [3, 1.25, 6.25], "uv": [48, 34]}
				]
			},
			{
				"name": "bone3",
				"parent": "bone2",
				"pivot": [-4.25, 24.5, -1],
				"rotation": [0, 0, -15],
				"cubes": [
					{"origin": [-5, 23.5, -4.25], "size": [1.5, 2, 6.25], "uv": [41, 58]}
				]
			},
			{
				"name": "bone4",
				"parent": "bone2",
				"pivot": [3.5, 25.375, -1.25],
				"rotation": [0, 0, 35],
				"cubes": [
					{"origin": [1.75776, 24.97539, -4.5], "size": [3, 1.25, 6.25], "uv": [44, 15]}
				]
			},
			{
				"name": "bone5",
				"parent": "bone2",
				"pivot": [4, 24.5, -1],
				"rotation": [0, 0, 15],
				"cubes": [
					{"origin": [3.25, 23.5, -4.25], "size": [1.5, 2, 6.25], "uv": [56, 16]}
				]
			},
			{
				"name": "bone9",
				"parent": "bone2",
				"pivot": [0, 20, 4],
				"rotation": [7.5, 0, 22.5],
				"cubes": [
					{"origin": [-1.46194, 16.5603, 3.97502], "size": [1, 4.25, 1], "uv": [0, 35], "inflate": 0.2}
				]
			},
			{
				"name": "bone8",
				"parent": "bone2",
				"pivot": [1.25, 20.25, 4],
				"rotation": [5, 0, -12.5],
				"cubes": [
					{"origin": [0.73815, 16.89219, 3.99057], "size": [1, 4.25, 1], "uv": [18, 35], "inflate": 0.2}
				]
			},
			{
				"name": "bone7",
				"parent": "bone2",
				"pivot": [-1, 21.5, 5],
				"rotation": [0, 12.5, -42.5],
				"cubes": [
					{"origin": [-4.68775, 20.42123, 4.23386], "size": [4, 1.75, 1], "uv": [37, 44], "inflate": 0.2}
				]
			},
			{
				"name": "bone6",
				"parent": "bone2",
				"pivot": [2.75, 20.25, 6],
				"rotation": [0, -25, 45],
				"cubes": [
					{"origin": [-0.1632, 18.95602, 4.89762], "size": [4, 1.75, 1], "uv": [38, 50], "inflate": 0.2}
				]
			},
			{
				"name": "bone10",
				"parent": "A",
				"pivot": [1.67188, 5.70313, 4.89063],
				"rotation": [15, 0, -7.5],
				"cubes": [
					{"origin": [-3, 24, 1.75], "size": [1.25, 1.25, 1.25], "uv": [47, 51], "inflate": -0.2}
				]
			},
			{
				"name": "bone11",
				"parent": "bone10",
				"pivot": [-2.45665, 24.76704, 3.18758],
				"rotation": [-35, -27.5, 5],
				"cubes": [
					{"origin": [-2.95665, 23.76704, 2.18758], "size": [1, 1.75, 1.75], "uv": [0, 52], "inflate": -0.3}
				]
			},
			{
				"name": "bone12",
				"parent": "bone10",
				"pivot": [-2.45665, 25.26704, 2.18758],
				"rotation": [35, -17.5, -15],
				"cubes": [
					{"origin": [-2.86452, 24.2625, 1.14894], "size": [1, 1.75, 2], "uv": [0, 29], "inflate": -0.3}
				]
			},
			{
				"name": "bone13",
				"parent": "bone10",
				"pivot": [-2.45665, 24.76704, 1.43758],
				"rotation": [65, -5, -10],
				"cubes": [
					{"origin": [-2.95665, 23.76704, 0.43758], "size": [1, 1.5, 2], "uv": [26, 20], "inflate": -0.3}
				]
			},
			{
				"name": "bone14",
				"parent": "bone10",
				"pivot": [-2.30665, 24.01704, 2.43758],
				"rotation": [-87.5, -17.5, 12.5],
				"cubes": [
					{"origin": [-2.80665, 23.01704, 1.43758], "size": [1, 2, 1.75], "uv": [44, 17], "inflate": -0.3}
				]
			},
			{
				"name": "bone15",
				"parent": "bone10",
				"pivot": [-2.95665, 24.76704, 2.93758],
				"rotation": [-12.5, -40, -50],
				"cubes": [
					{"origin": [-3.45665, 23.76704, 1.93758], "size": [1, 1.5, 1.5], "uv": [12, 51], "inflate": -0.3}
				]
			},
			{
				"name": "bone16",
				"parent": "bone10",
				"pivot": [-2.70665, 25.01704, 1.93758],
				"rotation": [-37.5, 47.5, -22.5],
				"cubes": [
					{"origin": [-3.20665, 24.26704, 1.43758], "size": [1, 1.25, 1.25], "uv": [3, 51], "inflate": -0.3}
				]
			},
			{
				"name": "bone17",
				"parent": "bone10",
				"pivot": [-2.95665, 24.11704, 2.28758],
				"rotation": [-12.5, 177.5, -122.5],
				"cubes": [
					{"origin": [-3.45665, 23.36704, 1.53758], "size": [1, 1, 1.5], "uv": [50, 22], "inflate": -0.3}
				]
			},
			{
				"name": "bone18",
				"parent": "A",
				"pivot": [2.67188, 4.70313, 6.89063],
				"rotation": [17.47864, 0.32621, -12.49294],
				"cubes": [
					{"origin": [-2, 23, 3.75], "size": [1.25, 1.25, 1.25], "uv": [9, 50], "inflate": -0.1}
				]
			},
			{
				"name": "bone19",
				"parent": "bone18",
				"pivot": [-1.45665, 23.76704, 5.18758],
				"rotation": [-35, -27.5, 5],
				"cubes": [
					{"origin": [-1.95665, 22.76704, 4.18758], "size": [1, 1.75, 1.75], "uv": [0, 50], "inflate": -0.1}
				]
			},
			{
				"name": "bone20",
				"parent": "bone18",
				"pivot": [-1.45665, 24.26704, 4.18758],
				"rotation": [35, -17.5, -15],
				"cubes": [
					{"origin": [-1.86452, 23.2625, 3.14894], "size": [1, 1.75, 2], "uv": [26, 17], "inflate": -0.1}
				]
			},
			{
				"name": "bone21",
				"parent": "bone18",
				"pivot": [-1.45665, 23.76704, 3.43758],
				"rotation": [65, -5, -10],
				"cubes": [
					{"origin": [-1.95665, 22.76704, 2.43758], "size": [1, 1.5, 2], "uv": [23, 26], "inflate": -0.1}
				]
			},
			{
				"name": "bone22",
				"parent": "bone18",
				"pivot": [-1.30665, 23.01704, 4.43758],
				"rotation": [-87.5, -17.5, 12.5],
				"cubes": [
					{"origin": [-1.80665, 22.01704, 3.43758], "size": [1, 2, 1.75], "uv": [43, 26], "inflate": -0.1}
				]
			},
			{
				"name": "bone23",
				"parent": "bone18",
				"pivot": [-1.95665, 23.76704, 4.93758],
				"rotation": [-12.5, -40, -50],
				"cubes": [
					{"origin": [-2.45665, 22.76704, 3.93758], "size": [1, 1.5, 1.5], "uv": [48, 38], "inflate": -0.1}
				]
			},
			{
				"name": "bone24",
				"parent": "bone18",
				"pivot": [-1.70665, 24.01704, 3.93758],
				"rotation": [-37.5, 47.5, -22.5],
				"cubes": [
					{"origin": [-2.20665, 23.26704, 3.43758], "size": [1, 1.25, 1.25], "uv": [48, 36], "inflate": -0.1}
				]
			},
			{
				"name": "bone25",
				"parent": "bone18",
				"pivot": [-1.95665, 23.11704, 4.28758],
				"rotation": [-12.5, 177.5, -122.5],
				"cubes": [
					{"origin": [-2.45665, 22.36704, 3.53758], "size": [1, 1, 1.5], "uv": [48, 34], "inflate": -0.1}
				]
			},
			{
				"name": "bone26",
				"parent": "A",
				"pivot": [-1.82812, 4.70313, -10.25937],
				"rotation": [-160.33909, 9.4349, -167.33312],
				"cubes": [
					{"origin": [-6.5, 23, -13.4], "size": [1.25, 1.25, 1.25], "uv": [44, 46], "inflate": -0.1}
				]
			},
			{
				"name": "bone27",
				"parent": "bone26",
				"pivot": [-5.95665, 23.76704, -11.96242],
				"rotation": [-35, -27.5, 5],
				"cubes": [
					{"origin": [-6.45665, 22.76704, -12.96242], "size": [1, 1.75, 1.75], "uv": [40, 46], "inflate": -0.1}
				]
			},
			{
				"name": "bone28",
				"parent": "bone26",
				"pivot": [-5.95665, 24.26704, -12.96242],
				"rotation": [35, -17.5, -15],
				"cubes": [
					{"origin": [-6.36452, 23.2625, -14.00106], "size": [1, 1.75, 2], "uv": [0, 26], "inflate": -0.1}
				]
			},
			{
				"name": "bone29",
				"parent": "bone26",
				"pivot": [-5.95665, 23.76704, -13.71242],
				"rotation": [65, -5, -10],
				"cubes": [
					{"origin": [-6.45665, 22.76704, -14.71242], "size": [1, 1.5, 2], "uv": [24, 3], "inflate": -0.1}
				]
			},
			{
				"name": "bone30",
				"parent": "bone26",
				"pivot": [-5.80665, 23.01704, -12.71242],
				"rotation": [-87.5, -17.5, 12.5],
				"cubes": [
					{"origin": [-6.30665, 22.01704, -13.71242], "size": [1, 2, 1.75], "uv": [16, 42], "inflate": -0.1}
				]
			},
			{
				"name": "bone31",
				"parent": "bone26",
				"pivot": [-6.45665, 23.76704, -12.21242],
				"rotation": [-12.5, -40, -50],
				"cubes": [
					{"origin": [-6.95665, 22.76704, -13.21242], "size": [1, 1.5, 1.5], "uv": [16, 45], "inflate": -0.1}
				]
			},
			{
				"name": "bone32",
				"parent": "bone26",
				"pivot": [-6.20665, 24.01704, -13.21242],
				"rotation": [-37.5, 47.5, -22.5],
				"cubes": [
					{"origin": [-6.70665, 23.26704, -13.71242], "size": [1, 1.25, 1.25], "uv": [0, 45], "inflate": -0.1}
				]
			},
			{
				"name": "bone33",
				"parent": "bone26",
				"pivot": [-6.45665, 23.11704, -12.86242],
				"rotation": [-12.5, 177.5, -122.5],
				"cubes": [
					{"origin": [-6.95665, 22.36704, -13.61242], "size": [1, 1, 1.5], "uv": [44, 4], "inflate": -0.1}
				]
			},
			{
				"name": "bone34",
				"parent": "A",
				"pivot": [-3.32812, 5.70313, -8.10937],
				"rotation": [-166.6575, -12.39135, -172.32005],
				"cubes": [
					{"origin": [-8, 24, -11.25], "size": [1.25, 1.25, 1.25], "uv": [43, 14], "inflate": -0.2}
				]
			},
			{
				"name": "bone35",
				"parent": "bone34",
				"pivot": [-7.45665, 24.76704, -9.81242],
				"rotation": [-35, -27.5, 5],
				"cubes": [
					{"origin": [-7.95665, 23.76704, -10.81242], "size": [1, 1.75, 1.75], "uv": [20, 42], "inflate": -0.3}
				]
			},
			{
				"name": "bone36",
				"parent": "bone34",
				"pivot": [-7.45665, 25.26704, -10.81242],
				"rotation": [35, -17.5, -15],
				"cubes": [
					{"origin": [-7.86452, 24.2625, -11.85106], "size": [1, 1.75, 2], "uv": [24, 0], "inflate": -0.3}
				]
			},
			{
				"name": "bone37",
				"parent": "bone34",
				"pivot": [-7.45665, 24.76704, -11.56242],
				"rotation": [65, -5, -10],
				"cubes": [
					{"origin": [-7.95665, 23.76704, -12.56242], "size": [1, 1.5, 2], "uv": [0, 5], "inflate": -0.3}
				]
			},
			{
				"name": "bone38",
				"parent": "bone34",
				"pivot": [-7.30665, 24.01704, -10.56242],
				"rotation": [-87.5, -17.5, 12.5],
				"cubes": [
					{"origin": [-7.80665, 23.01704, -11.56242], "size": [1, 2, 1.75], "uv": [0, 42], "inflate": -0.3}
				]
			},
			{
				"name": "bone39",
				"parent": "bone34",
				"pivot": [-7.95665, 24.76704, -10.06242],
				"rotation": [-12.5, -40, -50],
				"cubes": [
					{"origin": [-8.45665, 23.76704, -11.06242], "size": [1, 1.5, 1.5], "uv": [26, 31], "inflate": -0.3}
				]
			},
			{
				"name": "bone40",
				"parent": "bone34",
				"pivot": [-7.70665, 25.01704, -11.06242],
				"rotation": [-37.5, 47.5, -22.5],
				"cubes": [
					{"origin": [-8.20665, 24.26704, -11.56242], "size": [1, 1.25, 1.25], "uv": [27, 26], "inflate": -0.3}
				]
			},
			{
				"name": "bone41",
				"parent": "bone34",
				"pivot": [-7.95665, 24.11704, -10.71242],
				"rotation": [-12.5, 177.5, -122.5],
				"cubes": [
					{"origin": [-8.45665, 23.36704, -11.46242], "size": [1, 1, 1.5], "uv": [4, 5], "inflate": -0.3}
				]
			},
			{
				"name": "B",
				"parent": "head",
				"pivot": [0, 18, 0]
			},
			{
				"name": "bone42",
				"parent": "B",
				"pivot": [1.75, 23.75, -4.25],
				"rotation": [-12.5, 0, -5],
				"cubes": [
					{"origin": [0.7519, 22.29254, -4.25943], "size": [1, 3, 0], "uv": [4, 35]}
				]
			},
			{
				"name": "bone43",
				"parent": "B",
				"pivot": [-1.25, 23.75, -4.25],
				"rotation": [-12.5, 0, 10],
				"cubes": [
					{"origin": [-1.78473, 22.94229, -4.29263], "size": [1, 2.5, 0], "uv": [0, 0]}
				]
			},
			{
				"name": "bone44",
				"parent": "B",
				"pivot": [2.75, 23.75, -4.25],
				"rotation": [-12.5, 0, -15],
				"cubes": [
					{"origin": [2.19824, 21.56139, -4.20819], "size": [1, 3.5, 0], "uv": [5, 20]}
				]
			},
			{
				"name": "bone45",
				"parent": "B",
				"pivot": [-2.75, 23.45, -4.25],
				"rotation": [-12.5, 0, 17.5],
				"cubes": [
					{"origin": [-3.25, 21.45, -4.25], "size": [1, 3.5, 0], "uv": [0, 20]}
				]
			},
			{
				"name": "bone46",
				"parent": "B",
				"pivot": [-7.5, 19, -10.5],
				"rotation": [0, -12.5, 10],
				"cubes": [
					{"origin": [-3.46218, 17.30397, -4.60256], "size": [1, 2.75, 1], "uv": [40, 24], "inflate": -0.2}
				]
			},
			{
				"name": "bone47",
				"parent": "B",
				"pivot": [5.53782, 18.67897, -3.10256],
				"rotation": [0, -12.5, -15],
				"cubes": [
					{"origin": [3.94566, 17.07856, -3.40204], "size": [1, 2.75, 1], "uv": [23, 29], "inflate": -0.2}
				]
			},
			{
				"name": "blink",
				"parent": "head",
				"pivot": [0, 18, 0],
				"cubes": [
					{"origin": [-4, 18, -4.001], "size": [8, 8, 0], "uv": [25, 59]}
				]
			},
			{
				"name": "armRight",
				"pivot": [-3, 17.5, 0],
				"rotation": [0, 0, 25],
				"cubes": [
					{"origin": [-5, 8.5, -1], "size": [2, 8, 2], "uv": [64, 6]},
					{"origin": [-5.75, 14, -1.5], "size": [3.25, 3.5, 3], "uv": [60, 31]},
					{"origin": [-5.25, 13, -1.25], "size": [2.5, 3.75, 2.5], "uv": [0, 0]}
				]
			},
			{
				"name": "armLeft",
				"pivot": [3, 17.5, 0],
				"rotation": [0, 0, -25],
				"cubes": [
					{"origin": [2.5, 14, -1.5], "size": [3.25, 3.5, 3], "uv": [60, 0]},
					{"origin": [2.75, 13, -1.25], "size": [2.5, 2.5, 2.5], "uv": [0, 16]},
					{"origin": [3, 8.5, -1], "size": [2, 8, 2], "uv": [0, 58]}
				]
			},
			{
				"name": "body",
				"pivot": [0, 10.5, 0],
				"cubes": [
					{"origin": [-3, 8.999, -3], "size": [6, 9, 6], "uv": [24, 29]}
				]
			},
			{
				"name": "sittingRotationSkirt",
				"parent": "body",
				"pivot": [0, 10.5, 0],
				"cubes": [
					{"origin": [-4.5, 6, -4], "size": [9, 2, 8], "uv": [0, 16]},
					{"origin": [-4, 8, -3.5], "size": [8, 2, 7], "uv": [0, 26]},
					{"origin": [-3.5, 10, -3.25], "size": [7, 2, 6.5], "uv": [24, 0]}
				]
			},
			{
				"name": "bone51",
				"parent": "sittingRotationSkirt",
				"pivot": [0, 9.5, -10],
				"rotation": [-15, 0, 0],
				"cubes": [
					{"origin": [-2.5, 8.43835, -4.15547], "size": [5, 4.75, 0], "uv": [44, 0]}
				]
			},
			{
				"name": "D",
				"parent": "body",
				"pivot": [0, 10.5, 0],
				"cubes": [
					{"origin": [-3.25, 14.05, -3.4], "size": [6.5, 1, 6.75], "uv": [26, 17]},
					{"origin": [-3.25, 11.55, -3.4], "size": [6.5, 1, 6.75], "uv": [0, 35]},
					{"origin": [-1.75, 12, -3.2], "size": [3.5, 2.5, 5.5], "uv": [53, 50]},
					{"origin": [-2.5, 14.5, -3.2], "size": [5, 2.25, 6.5], "uv": [0, 42]},
					{"origin": [-0.5, 11.5, 0], "size": [1.25, 1.25, 3.5], "uv": [0, 20]}
				]
			},
			{
				"name": "bone48",
				"parent": "D",
				"pivot": [0, 15.25, -0.2],
				"rotation": [-7.5, 0, 0],
				"cubes": [
					{"origin": [-2, 14.25, -3.7], "size": [4, 2.5, 7], "uv": [41, 41]}
				]
			},
			{
				"name": "bone49",
				"parent": "D",
				"pivot": [-1.5, 17.375, 0.5],
				"rotation": [0, 0, -20],
				"cubes": [
					{"origin": [-2, 16.5, -3.75], "size": [1, 1.75, 7.25], "uv": [44, 50]}
				]
			},
			{
				"name": "bone50",
				"parent": "D",
				"pivot": [1.5, 17.375, 0.5],
				"rotation": [0, 0, 20],
				"cubes": [
					{"origin": [1, 16.5, -3.75], "size": [1, 1.75, 7.25], "uv": [0, 50]}
				]
			},
			{
				"name": "legLeft",
				"pivot": [2, 9, 0],
				"cubes": [
					{"origin": [0.499, 0, -1.5], "size": [3, 9, 3], "uv": [57, 57]},
					{"origin": [0.249, -0.25, -1.75], "size": [3.5, 2, 3.5], "uv": [28, 44]}
				]
			},
			{
				"name": "legRight",
				"pivot": [-2, 9, 0],
				"cubes": [
					{"origin": [-3.499, 0, -1.5], "size": [3, 9, 3], "uv": [13, 55]},
					{"origin": [-3.751, -0.25, -1.75], "size": [3.5, 2, 3.5], "uv": [31, 24]}
				]
			}
		]
	}
}