{
	"format_version": "1.10.0",
	"geometry.model": {
		"texturewidth": 128,
		"textureheight": 128,
		"visible_bounds_width": 4,
		"visible_bounds_height": 4,
		"visible_bounds_offset": [0, 1, 0],
		"bones": [
			{
				"name": "head",
				"pivot": [0, 18, 0],
				"cubes": [
					{"origin": [-4, 18, -4], "size": [8, 8, 8], "uv": [0, 0]}
				]
			},
			{
				"name": "blink",
				"parent": "head",
				"pivot": [0, 18, 0],
				"cubes": [
					{"origin": [-4, 18, -4.001], "size": [8, 8, 0], "uv": [46, 8]}
				]
			},
			{
				"name": "HAIR",
				"parent": "head",
				"pivot": [0.5, 26, -0.5],
				"cubes": [
					{"origin": [-3.5, 25.5, -3.5], "size": [7, 1, 7], "uv": [25, 9]},
					{"origin": [-3.5, 19, 3.5], "size": [7, 6, 1], "uv": [0, 47]},
					{"origin": [-4.5, 20, -2.5], "size": [1, 5, 6], "uv": [62, 0]},
					{"origin": [3.5, 20, -2.5], "size": [1, 5, 6], "uv": [0, 64]}
				]
			},
			{
				"name": "bone2",
				"parent": "HAIR",
				"pivot": [-1, 24, -5],
				"rotation": [-15, 0, 0]
			},
			{
				"name": "bone",
				"parent": "bone2",
				"pivot": [-1, 24, -5],
				"rotation": [0, 0, 45],
				"cubes": [
					{"origin": [-3.25, 24, -5], "size": [3.75, 3.75, 1], "uv": [56, 21]}
				]
			},
			{
				"name": "bone4",
				"parent": "bone2",
				"pivot": [-1.75, 24.48296, -5.12941],
				"rotation": [0, 0, -70],
				"cubes": [
					{"origin": [-2.75, 21.48296, -5.12941], "size": [1, 4, 1], "uv": [0, 39]}
				]
			},
			{
				"name": "bone5",
				"parent": "bone2",
				"pivot": [-4, 28.73489, -4.7158],
				"rotation": [0, 0, 20],
				"cubes": [
					{"origin": [-1, 28.73489, -4.7158], "size": [4, 1, 1], "uv": [40, 24]}
				]
			},
			{
				"name": "bone3",
				"parent": "HAIR",
				"pivot": [3, 15, 4.5],
				"rotation": [15, 0, 0],
				"cubes": [
					{"origin": [-3, 14, 5.5], "size": [6, 6, 0], "uv": [16, 47]}
				]
			},
			{
				"name": "bone6",
				"parent": "HAIR",
				"pivot": [4.5, 18, 2.5],
				"rotation": [-17.5, -12.5, 20],
				"cubes": [
					{"origin": [-6.93288, 17.41284, -3.36222], "size": [0, 4, 5], "uv": [21, 12]}
				]
			},
			{
				"name": "bone7",
				"parent": "HAIR",
				"pivot": [-4, 26, -2.5],
				"rotation": [15, 35, 0],
				"cubes": [
					{"origin": [3, 22, -2.5], "size": [0, 5, 7], "uv": [32, 32]}
				]
			},
			{
				"name": "armRight",
				"pivot": [-3, 17.5, 0],
				"rotation": [0, 0, 17.5],
				"cubes": [
					{"origin": [-4.09369, 8.92262, -1], "size": [2, 8, 2], "uv": [53, 53]}
				]
			},
			{
				"name": "armLeft",
				"pivot": [3, 17.5, 0],
				"rotation": [0, 0, -17.5],
				"cubes": [
					{"origin": [2.09369, 8.92262, -1], "size": [2, 8, 2], "uv": [14, 53]}
				]
			},
			{
				"name": "body",
				"pivot": [0, 10.5, 0],
				"cubes": [
					{"origin": [-3, 8.999, -3], "size": [6, 9, 6], "uv": [22, 24]},
					{"origin": [-3.5, 17.25, -3.5], "size": [7, 1, 7], "uv": [24, 0]},
					{"origin": [-3.5, 10.5, -3.25], "size": [7, 1, 6.5], "uv": [28, 17]}
				]
			},
			{
				"name": "sittingRotationSkirt",
				"parent": "body",
				"pivot": [0, 10.5, 0]
			},
			{
				"name": "bone10",
				"parent": "sittingRotationSkirt",
				"pivot": [4.5, 9.75, 0],
				"rotation": [0, 0, -12.5],
				"cubes": [
					{"origin": [3.5, 2.75, -3], "size": [0, 8, 6], "uv": [20, 33]}
				]
			},
			{
				"name": "bone9",
				"parent": "sittingRotationSkirt",
				"pivot": [0.25, 10.25, 0.25],
				"rotation": [-2.5, 0, -12.5],
				"cubes": [
					{"origin": [0.25, 5.25, -3], "size": [3, 5, 0], "uv": [60, 16]},
					{"origin": [-1.50593, 6.99965, -3.24336], "size": [2, 4, 0], "uv": [45, 0]}
				]
			},
			{
				"name": "bone11",
				"parent": "sittingRotationSkirt",
				"pivot": [0.25, 10.25, 6.25],
				"rotation": [2.5, 0, -12.5],
				"cubes": [
					{"origin": [0.25, 5.25, 3], "size": [3, 5, 0], "uv": [15, 30]},
					{"origin": [-1.50593, 6.71613, 3.25046], "size": [2, 4, 0], "uv": [15, 39]}
				]
			},
			{
				"name": "bone8",
				"parent": "body",
				"pivot": [-0.75, 18.75, -16.75],
				"rotation": [-10, 0, -52.5],
				"cubes": [
					{"origin": [-1.75, 16.25, -3.75], "size": [1, 4, 1], "uv": [0, 30], "inflate": -0.25},
					{"origin": [-2.25, 17.75, -4.25], "size": [2, 2, 1], "uv": [40, 26], "inflate": -0.25}
				]
			},
			{
				"name": "bone27",
				"parent": "body",
				"pivot": [0, 1, -4],
				"rotation": [-10, 0, 0],
				"cubes": [
					{"origin": [-2.5, 13.73203, -6.20797], "size": [5, 3, 1.75], "uv": [48, 17]}
				]
			},
			{
				"name": "legLeft",
				"pivot": [2, 9, 0],
				"cubes": [
					{"origin": [0.499, 0, -1.5], "size": [3, 9, 3], "uv": [29, 44]},
					{"origin": [0.25, -0.25, -2], "size": [3.5, 5.25, 4], "uv": [46, 33]}
				]
			},
			{
				"name": "legRight",
				"pivot": [-2, 9, 0],
				"cubes": [
					{"origin": [-3.499, 0, -1.5], "size": [3, 9, 3], "uv": [43, 43]},
					{"origin": [-3.75, -0.25, -2], "size": [3.5, 5.25, 4], "uv": [46, 24]}
				]
			},
			{
				"name": "tail",
				"pivot": [0, 0, 0]
			},
			{
				"name": "Z",
				"parent": "tail",
				"pivot": [0, 0, 0],
				"cubes": [
					{"origin": [-9.25, 20, 8], "size": [5.5, 4, 5], "uv": [0, 30]},
					{"origin": [-8.75, 17, 8.25], "size": [4.5, 3, 4], "uv": [45, 0]},
					{"origin": [-9, 14, 7.75], "size": [5, 3, 5], "uv": [0, 39]}
				]
			},
			{
				"name": "bone16",
				"parent": "Z",
				"pivot": [-3, 23.5, 7],
				"rotation": [5, 0, 0],
				"cubes": [
					{"origin": [-10, 23.5, 7], "size": [7, 7, 7], "uv": [0, 16]},
					{"origin": [-9, 23.02064, 12.47907], "size": [5, 1, 1], "uv": [21, 21]}
				]
			},
			{
				"name": "bone13",
				"parent": "Z",
				"pivot": [-3.25, 7, 9.75],
				"rotation": [5, 0, 0],
				"cubes": [
					{"origin": [-5.5, 9, 9.75], "size": [2.25, 6, 2.25], "uv": [0, 0]}
				]
			},
			{
				"name": "bone14",
				"parent": "bone13",
				"pivot": [-3.25, 7.70357, 10.31346],
				"rotation": [12.5, 0, 0],
				"cubes": [
					{"origin": [-5.25, 2.72259, 9.87769], "size": [2, 7, 2], "uv": [22, 54]},
					{"origin": [-5.5, 2.70357, 9.56346], "size": [2.5, 6, 1.75], "uv": [24, 0]}
				]
			},
			{
				"name": "bone12",
				"parent": "Z",
				"pivot": [-1.25, 14, 7.75],
				"rotation": [17.5, 0, 0],
				"cubes": [
					{"origin": [-9.5, 9, 9.75], "size": [2.25, 6, 2.25], "uv": [39, 55]}
				]
			},
			{
				"name": "bone15",
				"parent": "bone12",
				"pivot": [-11.25, 6.37279, 10.07651],
				"rotation": [15, 0, 0],
				"cubes": [
					{"origin": [-9.25, 2.09538, 10.20419], "size": [2, 7, 2], "uv": [0, 54]},
					{"origin": [-9.5, 2.01322, 9.71651], "size": [2.5, 6, 1.75], "uv": [0, 16]}
				]
			},
			{
				"name": "bone17",
				"parent": "Z",
				"pivot": [2.5, 13, 11],
				"rotation": [12.5, 0, 15],
				"cubes": [
					{"origin": [-13, 11, 11], "size": [1.5, 9, 1.5], "uv": [47, 55]},
					{"origin": [-13.36907, 17.14206, 10.17434], "size": [1, 3, 3], "uv": [30, 56]}
				]
			},
			{
				"name": "bone18",
				"parent": "Z",
				"pivot": [11, 1.5, 15],
				"rotation": [52.5, 12.5, 0],
				"cubes": [
					{"origin": [-2, 12.5, 26], "size": [1.5, 9, 1.5], "uv": [8, 54]},
					{"origin": [-1.27386, 18.9712, 25.21942], "size": [1, 3, 3], "uv": [55, 46]}
				]
			},
			{
				"name": "A",
				"parent": "Z",
				"pivot": [0, 0, 0],
				"rotation": [-12.5, 0, 0]
			},
			{
				"name": "bone19",
				"parent": "A",
				"pivot": [-8.25, 11.60617, -0.78054],
				"rotation": [0, 0, 15],
				"cubes": [
					{"origin": [-9.25, 13.60617, 4.21946], "size": [1, 3, 0], "uv": [41, 52]}
				]
			},
			{
				"name": "bone20",
				"parent": "A",
				"pivot": [-7.25, 12.58247, -0.99698],
				"rotation": [-2.5, 0, 7.5],
				"cubes": [
					{"origin": [-8.25, 14.58247, 4.00302], "size": [1, 3, 0], "uv": [41, 49]}
				]
			},
			{
				"name": "bone21",
				"parent": "A",
				"pivot": [-6, 11.60617, -0.78054],
				"rotation": [0, 0, -2.5],
				"cubes": [
					{"origin": [-7, 13.60617, 4.21946], "size": [1, 3, 0], "uv": [41, 46]}
				]
			},
			{
				"name": "bone22",
				"parent": "A",
				"pivot": [-4.75, 12.28429, -1.18694],
				"rotation": [-5, 0, -10],
				"cubes": [
					{"origin": [-5.75, 14.28429, 3.81306], "size": [1, 3, 0], "uv": [20, 35]}
				]
			},
			{
				"name": "bone23",
				"parent": "A",
				"pivot": [-3.5, 11.60617, -0.78054],
				"rotation": [0, 0, -17.5],
				"cubes": [
					{"origin": [-4.5, 13.60617, 4.21946], "size": [1, 3, 0], "uv": [31, 17]}
				]
			},
			{
				"name": "B",
				"parent": "Z",
				"pivot": [0, 0, 0]
			},
			{
				"name": "bone24",
				"parent": "B",
				"pivot": [-10.5, 29, 11.5],
				"rotation": [100, -32.5, 85],
				"cubes": [
					{"origin": [-11.75, 28, 11], "size": [2, 1, 1], "uv": [48, 21]},
					{"origin": [-10.75, 29, 11], "size": [1, 1, 1], "uv": [46, 33]}
				]
			},
			{
				"name": "bone25",
				"parent": "B",
				"pivot": [-2.75, 29, 11.5],
				"rotation": [100, -32.5, 85],
				"cubes": [
					{"origin": [-4, 28, 11], "size": [2, 1, 1], "uv": [38, 44]},
					{"origin": [-3, 29, 11], "size": [1, 1, 1], "uv": [46, 26]}
				]
			},
			{
				"name": "bone26",
				"parent": "Z",
				"pivot": [0, 1, -4],
				"rotation": [-10, 0, 0],
				"cubes": [
					{"origin": [-9, 22, 3.25], "size": [5, 3, 1.75], "uv": [52, 42]}
				]
			}
		]
	}
}