{
	"format_version": "1.10.0",
	"geometry.model": {
		"texturewidth": 64,
		"textureheight": 64,
		"visible_bounds_width": 3,
		"visible_bounds_height": 4,
		"visible_bounds_offset": [0, 1, 0],
		"bones": [
			{
				"name": "head",
				"pivot": [0, 18, 0],
				"cubes": [
					{"origin": [-4, 18, -4], "size": [8, 8, 8], "uv": [0, 0]}
				]
			},
			{
				"name": "A",
				"parent": "head",
				"pivot": [0, 18, 0]
			},
			{
				"name": "2",
				"parent": "A",
				"pivot": [0, 18, 0]
			},
			{
				"name": "bone3",
				"parent": "2",
				"pivot": [9.5, 14.75, 5],
				"rotation": [-20, -32.5, 60]
			},
			{
				"name": "bone4",
				"parent": "bone3",
				"pivot": [9.5, 14.75, 5],
				"rotation": [0, 0, 25.79358],
				"cubes": [
					{"origin": [8.5, 14.75, 5], "size": [1, 0, 1], "uv": [50, 34]}
				]
			},
			{
				"name": "bone5",
				"parent": "bone3",
				"pivot": [8.59961, 15.18514, 5],
				"rotation": [0, 0, 21.01398],
				"cubes": [
					{"origin": [7.59961, 15.18514, 5], "size": [1, 0, 1], "uv": [50, 0]}
				]
			},
			{
				"name": "bone6",
				"parent": "bone3",
				"pivot": [7.66602, 15.54378, 5],
				"rotation": [0, 0, 11.1227],
				"cubes": [
					{"origin": [6.66602, 15.54378, 5], "size": [1, 0, 1], "uv": [36, 50]}
				]
			},
			{
				"name": "bone7",
				"parent": "bone3",
				"pivot": [6.68457, 15.73673, 5],
				"rotation": [0, 0, -2.45273],
				"cubes": [
					{"origin": [5.68457, 15.73673, 5], "size": [1, 0, 1], "uv": [23, 50]}
				]
			},
			{
				"name": "bone8",
				"parent": "bone3",
				"pivot": [5.68555, 15.69394, 5],
				"rotation": [0, 0, -15.13268],
				"cubes": [
					{"origin": [4.68555, 15.69394, 5], "size": [1, 0, 1], "uv": [49, 39]}
				]
			},
			{
				"name": "bone9",
				"parent": "bone3",
				"pivot": [4.72021, 15.43288, 5],
				"rotation": [0, 0, -23.24925],
				"cubes": [
					{"origin": [3.72021, 15.43288, 5], "size": [1, 0, 1], "uv": [49, 1]}
				]
			},
			{
				"name": "bone10",
				"parent": "bone3",
				"pivot": [3.80127, 15.03809, 5],
				"rotation": [0, 0, -26.32046],
				"cubes": [
					{"origin": [2.80127, 15.03809, 5], "size": [1, 0, 1], "uv": [37, 49]}
				]
			},
			{
				"name": "bone11",
				"parent": "bone3",
				"pivot": [2.90479, 14.59462, 5],
				"rotation": [0, 0, -24.69237],
				"cubes": [
					{"origin": [1.90479, 14.59462, 5], "size": [1, 0, 1], "uv": [35, 49]}
				]
			},
			{
				"name": "bone12",
				"parent": "bone3",
				"pivot": [1.99658, 14.17704, 5],
				"rotation": [0, 0, -18.14732],
				"cubes": [
					{"origin": [0.99658, 14.17704, 5], "size": [1, 0, 1], "uv": [23, 49]}
				]
			},
			{
				"name": "bone13",
				"parent": "bone3",
				"pivot": [1.04639, 13.8656, 5],
				"rotation": [0, 0, -6.63547],
				"cubes": [
					{"origin": [0.04639, 13.8656, 5], "size": [1, 0, 1], "uv": [48, 34]}
				]
			},
			{
				"name": "bone14",
				"parent": "bone3",
				"pivot": [0.05322, 13.75006, 5],
				"rotation": [0, 0, 7.22486],
				"cubes": [
					{"origin": [-0.94678, 13.75006, 5], "size": [1, 0, 1], "uv": [48, 0]}
				]
			},
			{
				"name": "bone15",
				"parent": "bone3",
				"pivot": [-0.93896, 13.87584, 5],
				"rotation": [0, 0, 18.5472],
				"cubes": [
					{"origin": [-1.93896, 13.87584, 5], "size": [1, 0, 1], "uv": [48, 48]}
				]
			},
			{
				"name": "bone16",
				"parent": "bone3",
				"pivot": [-1.88721, 14.19399, 5],
				"rotation": [0, 0, 24.86585],
				"cubes": [
					{"origin": [-2.88721, 14.19399, 5], "size": [1, 0, 1], "uv": [47, 39]}
				]
			},
			{
				"name": "bone17",
				"parent": "bone3",
				"pivot": [-2.79443, 14.61445, 5],
				"rotation": [0, 0, 26.28474],
				"cubes": [
					{"origin": [-3.79443, 14.61445, 5], "size": [1, 0, 1], "uv": [47, 26]}
				]
			},
			{
				"name": "bone18",
				"parent": "2",
				"pivot": [2.75, 13.25, 6],
				"rotation": [137.5, 0, 165]
			},
			{
				"name": "bone19",
				"parent": "bone18",
				"pivot": [2.75, 13.25, 6],
				"rotation": [0, 0, 62.61244],
				"cubes": [
					{"origin": [1.75, 13.25, 6], "size": [1, 0, 1], "uv": [47, 21]}
				]
			},
			{
				"name": "bone20",
				"parent": "bone18",
				"pivot": [2.29004, 14.13783, 6],
				"rotation": [0, 0, 55.45081],
				"cubes": [
					{"origin": [1.29004, 14.13783, 6], "size": [1, 0, 1], "uv": [47, 14]}
				]
			},
			{
				"name": "bone21",
				"parent": "bone18",
				"pivot": [1.72266, 14.96186, 6],
				"rotation": [0, 0, 4.97639],
				"cubes": [
					{"origin": [0.72266, 14.96186, 6], "size": [1, 0, 1], "uv": [47, 13]}
				]
			},
			{
				"name": "bone22",
				"parent": "bone18",
				"pivot": [0.72656, 15.04859, 6],
				"rotation": [0, 0, -53.36038],
				"cubes": [
					{"origin": [-0.27344, 15.04859, 6], "size": [1, 0, 1], "uv": [47, 12]}
				]
			},
			{
				"name": "bone23",
				"parent": "bone18",
				"pivot": [0.12988, 14.24632, 6],
				"rotation": [0, 0, -62.24169],
				"cubes": [
					{"origin": [-0.87012, 14.24632, 6], "size": [1, 0, 1], "uv": [47, 10]}
				]
			},
			{
				"name": "bone24",
				"parent": "bone18",
				"pivot": [-0.33594, 13.36125, 6],
				"rotation": [0, 0, -62.89142],
				"cubes": [
					{"origin": [-1.33594, 13.36125, 6], "size": [1, 0, 1], "uv": [47, 9]}
				]
			},
			{
				"name": "bone25",
				"parent": "bone18",
				"pivot": [-0.7915, 12.47133, 6],
				"rotation": [0, 0, -57.11654],
				"cubes": [
					{"origin": [-1.7915, 12.47133, 6], "size": [1, 0, 1], "uv": [46, 36]}
				]
			},
			{
				"name": "bone26",
				"parent": "bone18",
				"pivot": [-1.33447, 11.63149, 6],
				"rotation": [0, 0, -15.68205],
				"cubes": [
					{"origin": [-2.33447, 11.63149, 6], "size": [1, 0, 1], "uv": [46, 35]}
				]
			},
			{
				"name": "bone27",
				"parent": "bone18",
				"pivot": [-2.29736, 11.36116, 6],
				"rotation": [0, 0, 50.14834],
				"cubes": [
					{"origin": [-3.29736, 11.36116, 6], "size": [1, 0, 1], "uv": [46, 34]}
				]
			},
			{
				"name": "bone28",
				"parent": "bone18",
				"pivot": [-2.93799, 12.12866, 6],
				"rotation": [0, 0, 61.68119],
				"cubes": [
					{"origin": [-3.93799, 12.12866, 6], "size": [1, 0, 1], "uv": [46, 20]}
				]
			},
			{
				"name": "bone29",
				"parent": "bone18",
				"pivot": [-3.4126, 13.00941, 6],
				"rotation": [0, 0, 63.11028],
				"cubes": [
					{"origin": [-4.4126, 13.00941, 6], "size": [1, 0, 1], "uv": [46, 11]}
				]
			},
			{
				"name": "bone30",
				"parent": "2",
				"pivot": [-6.25, 15, 8],
				"rotation": [-2.5, -47.5, 90]
			},
			{
				"name": "bone31",
				"parent": "bone30",
				"pivot": [-6.25, 17, 8],
				"rotation": [0, 0, -13.40951],
				"cubes": [
					{"origin": [-7.25, 17, 8], "size": [1, 0, 1.5], "uv": [45, 26]}
				]
			},
			{
				"name": "bone32",
				"parent": "bone30",
				"pivot": [-7.22266, 16.76811, 8],
				"rotation": [0, 0, -32.50876],
				"cubes": [
					{"origin": [-8.22266, 16.76811, 8], "size": [1, 0, 1.5], "uv": [45, 14]}
				]
			},
			{
				"name": "bone33",
				"parent": "bone30",
				"pivot": [-8.06592, 16.23071, 8],
				"rotation": [0, 0, -41.47154],
				"cubes": [
					{"origin": [-9.06592, 16.23071, 8], "size": [1, 0, 1.5], "uv": [45, 10]}
				]
			},
			{
				"name": "bone34",
				"parent": "bone30",
				"pivot": [-8.81494, 15.56869, 8],
				"rotation": [0, 0, -44.67347],
				"cubes": [
					{"origin": [-9.81494, 15.56869, 8], "size": [1, 0, 1.5], "uv": [45, 9]}
				]
			},
			{
				"name": "bone35",
				"parent": "bone30",
				"pivot": [-9.52588, 14.86581, 8],
				"rotation": [0, 0, -43.96202],
				"cubes": [
					{"origin": [-10.52588, 14.86581, 8], "size": [1, 0, 1.5], "uv": [45, 5]}
				]
			},
			{
				"name": "bone36",
				"parent": "bone30",
				"pivot": [-10.24561, 14.1717, 8],
				"rotation": [0, 0, -38.93518],
				"cubes": [
					{"origin": [-11.24561, 14.1717, 8], "size": [1, 0, 1.5], "uv": [45, 4]}
				]
			},
			{
				"name": "bone37",
				"parent": "bone30",
				"pivot": [-11.02344, 13.54328, 8],
				"rotation": [0, 0, -26.68454],
				"cubes": [
					{"origin": [-12.02344, 13.54328, 8], "size": [1, 0, 1.5], "uv": [45, 3]}
				]
			},
			{
				"name": "bone38",
				"parent": "bone30",
				"pivot": [-11.91699, 13.09417, 8],
				"rotation": [0, 0, -3.31634],
				"cubes": [
					{"origin": [-12.91699, 13.09417, 8], "size": [1, 0, 1.5], "uv": [45, 2]}
				]
			},
			{
				"name": "bone39",
				"parent": "bone30",
				"pivot": [-12.91504, 13.03634, 8],
				"rotation": [0, 0, 22.12117],
				"cubes": [
					{"origin": [-13.91504, 13.03634, 8], "size": [1, 0, 1.5], "uv": [43, 23]}
				]
			},
			{
				"name": "bone40",
				"parent": "bone30",
				"pivot": [-13.8418, 13.41306, 8],
				"rotation": [0, 0, 36.83842],
				"cubes": [
					{"origin": [-14.8418, 13.41306, 8], "size": [1, 0, 1.5], "uv": [43, 14]}
				]
			},
			{
				"name": "bone41",
				"parent": "bone30",
				"pivot": [-14.64209, 14.01259, 8],
				"rotation": [0, 0, 43.21192],
				"cubes": [
					{"origin": [-15.64209, 14.01259, 8], "size": [1, 0, 1.5], "uv": [41, 43]}
				]
			},
			{
				"name": "bone42",
				"parent": "bone30",
				"pivot": [-15.37061, 14.697, 8],
				"rotation": [0, 0, 44.84077],
				"cubes": [
					{"origin": [-16.37061, 14.697, 8], "size": [1, 0, 1.5], "uv": [39, 43]}
				]
			},
			{
				"name": "bone43",
				"parent": "bone30",
				"pivot": [-16.07959, 15.40205, 8],
				"rotation": [0, 0, 42.64884],
				"cubes": [
					{"origin": [-17.07959, 15.40205, 8], "size": [1, 0, 1.5], "uv": [20, 43]}
				]
			},
			{
				"name": "bone44",
				"parent": "bone30",
				"pivot": [-16.81494, 16.0794, 8],
				"rotation": [0, 0, 35.38312],
				"cubes": [
					{"origin": [-17.81494, 16.0794, 8], "size": [1, 0, 1.5], "uv": [0, 43]}
				]
			},
			{
				"name": "bone45",
				"parent": "bone30",
				"pivot": [-17.63037, 16.65854, 8],
				"rotation": [0, 0, 19.08133],
				"cubes": [
					{"origin": [-18.63037, 16.65854, 8], "size": [1, 0, 1.5], "uv": [0, 42]}
				]
			},
			{
				"name": "bone46",
				"parent": "bone30",
				"pivot": [-18.57568, 16.98553, 8],
				"rotation": [0, 0, -7.1845],
				"cubes": [
					{"origin": [-19.57568, 16.98553, 8], "size": [1, 0, 1.5], "uv": [41, 9]}
				]
			},
			{
				"name": "bone47",
				"parent": "2",
				"pivot": [-0.6, 12, 12.65],
				"rotation": [32.5, -42.5, 37.5]
			},
			{
				"name": "bone48",
				"parent": "bone47",
				"pivot": [-0.6, 12, 12.65],
				"rotation": [0, 0, 42.3452],
				"cubes": [
					{"origin": [-1.6, 12, 12.65], "size": [1, 0, 1], "uv": [0, 41]}
				]
			},
			{
				"name": "bone49",
				"parent": "bone47",
				"pivot": [-1.33926, 12.67374, 12.65],
				"rotation": [0, 0, 18.64244],
				"cubes": [
					{"origin": [-2.33926, 12.67374, 12.65], "size": [1, 0, 1], "uv": [38, 20]}
				]
			},
			{
				"name": "bone50",
				"parent": "bone47",
				"pivot": [-2.28652, 12.99331, 12.65],
				"rotation": [0, 0, -27.21644],
				"cubes": [
					{"origin": [-3.28652, 12.99331, 12.65], "size": [1, 0, 1], "uv": [37, 36]}
				]
			},
			{
				"name": "bone51",
				"parent": "bone47",
				"pivot": [-3.17617, 12.53577, 12.65],
				"rotation": [0, 0, -43.77284],
				"cubes": [
					{"origin": [-4.17617, 12.53577, 12.65], "size": [1, 0, 1], "uv": [36, 20]}
				]
			},
			{
				"name": "bone52",
				"parent": "bone47",
				"pivot": [-3.89834, 11.84389, 12.65],
				"rotation": [0, 0, -39.92381],
				"cubes": [
					{"origin": [-4.89834, 11.84389, 12.65], "size": [1, 0, 1], "uv": [34, 20]}
				]
			},
			{
				"name": "bone53",
				"parent": "bone47",
				"pivot": [-4.66494, 11.20237, 12.65],
				"rotation": [0, 0, -8.31171],
				"cubes": [
					{"origin": [-5.66494, 11.20237, 12.65], "size": [1, 0, 1], "uv": [32, 22]}
				]
			},
			{
				"name": "bone54",
				"parent": "bone47",
				"pivot": [-5.6542, 11.05785, 12.65],
				"rotation": [0, 0, 33.73058],
				"cubes": [
					{"origin": [-6.6542, 11.05785, 12.65], "size": [1, 0, 1], "uv": [2, 31]}
				]
			},
			{
				"name": "bone55",
				"parent": "bone47",
				"pivot": [-6.48623, 11.61339, 12.65],
				"rotation": [0, 0, 44.36508],
				"cubes": [
					{"origin": [-7.48623, 11.61339, 12.65], "size": [1, 0, 1], "uv": [0, 31]}
				]
			},
			{
				"name": "bone56",
				"parent": "2",
				"pivot": [4, 12.75, 10.25],
				"rotation": [-90, -30, 82.5]
			},
			{
				"name": "bone57",
				"parent": "bone56",
				"pivot": [4, 12.75, 10.25],
				"rotation": [0, 0, 25.79358],
				"cubes": [
					{"origin": [3, 12.75, 10.25], "size": [1, 0, 2], "uv": [42, 9]}
				]
			},
			{
				"name": "bone58",
				"parent": "bone56",
				"pivot": [3.09961, 13.18514, 10.25],
				"rotation": [0, 0, 21.01398],
				"cubes": [
					{"origin": [2.09961, 13.18514, 10.25], "size": [1, 0, 2], "uv": [42, 4]}
				]
			},
			{
				"name": "bone59",
				"parent": "bone56",
				"pivot": [2.16602, 13.54378, 10.25],
				"rotation": [0, 0, 11.1227],
				"cubes": [
					{"origin": [1.16602, 13.54378, 10.25], "size": [1, 0, 2], "uv": [42, 2]}
				]
			},
			{
				"name": "bone60",
				"parent": "bone56",
				"pivot": [1.18457, 13.73673, 10.25],
				"rotation": [0, 0, -2.45273],
				"cubes": [
					{"origin": [0.18457, 13.73673, 10.25], "size": [1, 0, 2], "uv": [42, 0]}
				]
			},
			{
				"name": "bone61",
				"parent": "bone56",
				"pivot": [0.18555, 13.69394, 10.25],
				"rotation": [0, 0, -15.13268],
				"cubes": [
					{"origin": [-0.81445, 13.69394, 10.25], "size": [1, 0, 2], "uv": [40, 41]}
				]
			},
			{
				"name": "bone62",
				"parent": "bone56",
				"pivot": [-0.77979, 13.43288, 10.25],
				"rotation": [0, 0, -23.24925],
				"cubes": [
					{"origin": [-1.77979, 13.43288, 10.25], "size": [1, 0, 2], "uv": [38, 41]}
				]
			},
			{
				"name": "bone63",
				"parent": "bone56",
				"pivot": [-1.69873, 13.03809, 10.25],
				"rotation": [0, 0, -26.32046],
				"cubes": [
					{"origin": [-2.69873, 13.03809, 10.25], "size": [1, 0, 2], "uv": [19, 41]}
				]
			},
			{
				"name": "bone64",
				"parent": "bone56",
				"pivot": [-2.59521, 12.59462, 10.25],
				"rotation": [0, 0, -24.69237],
				"cubes": [
					{"origin": [-3.59521, 12.59462, 10.25], "size": [1, 0, 2], "uv": [11, 41]}
				]
			},
			{
				"name": "bone65",
				"parent": "bone56",
				"pivot": [-3.50342, 12.17704, 10.25],
				"rotation": [0, 0, -18.14732],
				"cubes": [
					{"origin": [-4.50342, 12.17704, 10.25], "size": [1, 0, 2], "uv": [7, 41]}
				]
			},
			{
				"name": "bone66",
				"parent": "bone56",
				"pivot": [-4.45361, 11.8656, 10.25],
				"rotation": [0, 0, -6.63547],
				"cubes": [
					{"origin": [-5.45361, 11.8656, 10.25], "size": [1, 0, 2], "uv": [40, 38]}
				]
			},
			{
				"name": "bone67",
				"parent": "bone56",
				"pivot": [-5.44678, 11.75006, 10.25],
				"rotation": [0, 0, 7.22486],
				"cubes": [
					{"origin": [-6.44678, 11.75006, 10.25], "size": [1, 0, 2], "uv": [40, 22]}
				]
			},
			{
				"name": "bone68",
				"parent": "bone56",
				"pivot": [-6.43896, 11.87584, 10.25],
				"rotation": [0, 0, 18.5472],
				"cubes": [
					{"origin": [-7.43896, 11.87584, 10.25], "size": [1, 0, 2], "uv": [40, 20]}
				]
			},
			{
				"name": "bone69",
				"parent": "bone56",
				"pivot": [-7.38721, 12.19399, 10.25],
				"rotation": [0, 0, 24.86585],
				"cubes": [
					{"origin": [-8.38721, 12.19399, 10.25], "size": [1, 0, 2], "uv": [40, 4]}
				]
			},
			{
				"name": "bone70",
				"parent": "bone56",
				"pivot": [-8.29443, 12.61445, 10.25],
				"rotation": [0, 0, 26.28474],
				"cubes": [
					{"origin": [-9.29443, 12.61445, 10.25], "size": [1, 0, 2], "uv": [40, 2]}
				]
			},
			{
				"name": "bone71",
				"parent": "bone56",
				"pivot": [7.05354, 7.12823, 10.16911],
				"rotation": [0, 0, 45]
			},
			{
				"name": "bone72",
				"parent": "bone71",
				"pivot": [7.05354, 9.12823, 10.16911],
				"rotation": [0, 0, -37.10443],
				"cubes": [
					{"origin": [6.05354, 9.12823, 10.16911], "size": [1, 0, 1.5], "uv": [26, 30]}
				]
			},
			{
				"name": "bone73",
				"parent": "bone71",
				"pivot": [6.25569, 8.52472, 10.16911],
				"rotation": [0, 0, -59.77069],
				"cubes": [
					{"origin": [5.25569, 8.52472, 10.16911], "size": [1, 0, 1.5], "uv": [24, 30]}
				]
			},
			{
				"name": "bone74",
				"parent": "bone71",
				"pivot": [5.75227, 7.66078, 10.16911],
				"rotation": [0, 0, -63.21767],
				"cubes": [
					{"origin": [4.75227, 7.66078, 10.16911], "size": [1, 0, 1.5], "uv": [19, 30]}
				]
			},
			{
				"name": "bone75",
				"parent": "bone71",
				"pivot": [5.30159, 6.7679, 10.16911],
				"rotation": [0, 0, -61.02179],
				"cubes": [
					{"origin": [4.30159, 6.7679, 10.16911], "size": [1, 0, 1.5], "uv": [17, 30]}
				]
			},
			{
				"name": "bone76",
				"parent": "bone71",
				"pivot": [4.81721, 5.89328, 10.16911],
				"rotation": [0, 0, -46.09213],
				"cubes": [
					{"origin": [3.81721, 5.89328, 10.16911], "size": [1, 0, 1.5], "uv": [29, 26]}
				]
			},
			{
				"name": "bone77",
				"parent": "bone71",
				"pivot": [4.12386, 5.17297, 10.16911],
				"rotation": [0, 0, 24.81929],
				"cubes": [
					{"origin": [3.12386, 5.17297, 10.16911], "size": [1, 0, 1.5], "uv": [23, 22]}
				]
			},
			{
				"name": "bone78",
				"parent": "bone71",
				"pivot": [3.21663, 5.59253, 10.16911],
				"rotation": [0, 0, 58.27557],
				"cubes": [
					{"origin": [2.21663, 5.59253, 10.16911], "size": [1, 0, 1.5], "uv": [5, 7]}
				]
			},
			{
				"name": "bone79",
				"parent": "bone71",
				"pivot": [2.69075, 6.44319, 10.16911],
				"rotation": [0, 0, 63.06285],
				"cubes": [
					{"origin": [1.69075, 6.44319, 10.16911], "size": [1, 0, 1.5], "uv": [4, 2]}
				]
			},
			{
				"name": "bone80",
				"parent": "bone71",
				"pivot": [2.23763, 7.33492, 10.16911],
				"rotation": [0, 0, 61.84476],
				"cubes": [
					{"origin": [1.23763, 7.33492, 10.16911], "size": [1, 0, 1.5], "uv": [0, 2]}
				]
			},
			{
				"name": "bone81",
				"parent": "bone71",
				"pivot": [1.76595, 8.21625, 10.16911],
				"rotation": [0, 0, 51.10438],
				"cubes": [
					{"origin": [0.76595, 8.21625, 10.16911], "size": [1, 0, 1.5], "uv": [0, 1]}
				]
			},
			{
				"name": "bone82",
				"parent": "bone71",
				"pivot": [1.13802, 8.99457, 10.16911],
				"rotation": [0, 0, -12.91937],
				"cubes": [
					{"origin": [0.13802, 8.99457, 10.16911], "size": [1, 0, 1.5], "uv": [0, 0]}
				]
			},
			{
				"name": "bone83",
				"parent": "2",
				"pivot": [0, 10, 9.5],
				"rotation": [-107.5, -27.5, 92.5]
			},
			{
				"name": "bone84",
				"parent": "bone83",
				"pivot": [0, 11, 9.5],
				"rotation": [0, 0, -6.93399],
				"cubes": [
					{"origin": [-1, 11, 9.5], "size": [1, 0, 2.5], "uv": [40, 0]}
				]
			},
			{
				"name": "bone85",
				"parent": "bone83",
				"pivot": [-0.99316, 10.87922, 9.5],
				"rotation": [0, 0, -18.35307],
				"cubes": [
					{"origin": [-1.99316, 10.87922, 9.5], "size": [1, 0, 2.5], "uv": [38, 8]}
				]
			},
			{
				"name": "bone86",
				"parent": "bone83",
				"pivot": [-1.94238, 10.56432, 9.5],
				"rotation": [0, 0, -24.78321],
				"cubes": [
					{"origin": [-2.94238, 10.56432, 9.5], "size": [1, 0, 2.5], "uv": [38, 38]}
				]
			},
			{
				"name": "bone87",
				"parent": "bone83",
				"pivot": [-2.85059, 10.14499, 9.5],
				"rotation": [0, 0, -26.30287],
				"cubes": [
					{"origin": [-3.85059, 10.14499, 9.5], "size": [1, 0, 2.5], "uv": [36, 38]}
				]
			},
			{
				"name": "bone88",
				"parent": "bone83",
				"pivot": [-3.74707, 9.70186, 9.5],
				"rotation": [0, 0, -23.11898],
				"cubes": [
					{"origin": [-4.74707, 9.70186, 9.5], "size": [1, 0, 2.5], "uv": [26, 38]}
				]
			},
			{
				"name": "bone89",
				"parent": "bone83",
				"pivot": [-4.66699, 9.30912, 9.5],
				"rotation": [0, 0, -14.87933],
				"cubes": [
					{"origin": [-5.66699, 9.30912, 9.5], "size": [1, 0, 2.5], "uv": [24, 38]}
				]
			},
			{
				"name": "bone90",
				"parent": "bone83",
				"pivot": [-5.63379, 9.05225, 9.5],
				"rotation": [0, 0, -2.12173],
				"cubes": [
					{"origin": [-6.63379, 9.05225, 9.5], "size": [1, 0, 2.5], "uv": [22, 38]}
				]
			},
			{
				"name": "bone91",
				"parent": "bone83",
				"pivot": [-6.63281, 9.01524, 9.5],
				"rotation": [0, 0, 11.4098],
				"cubes": [
					{"origin": [-7.63281, 9.01524, 9.5], "size": [1, 0, 2.5], "uv": [36, 34]}
				]
			},
			{
				"name": "bone92",
				"parent": "bone83",
				"pivot": [-7.61328, 9.21311, 9.5],
				"rotation": [0, 0, 21.18485],
				"cubes": [
					{"origin": [-8.61328, 9.21311, 9.5], "size": [1, 0, 2.5], "uv": [36, 8]}
				]
			},
			{
				"name": "bone93",
				"parent": "bone83",
				"pivot": [-8.5459, 9.57457, 9.5],
				"rotation": [0, 0, 25.84754],
				"cubes": [
					{"origin": [-9.5459, 9.57457, 9.5], "size": [1, 0, 2.5], "uv": [31, 20]}
				]
			},
			{
				"name": "bone94",
				"parent": "bone83",
				"pivot": [-9.44629, 10.01076, 9.5],
				"rotation": [0, 0, 25.73697],
				"cubes": [
					{"origin": [-10.44629, 10.01076, 9.5], "size": [1, 0, 2.5], "uv": [28, 30]}
				]
			},
			{
				"name": "bone95",
				"parent": "bone83",
				"pivot": [-10.34668, 10.4448, 9.5],
				"rotation": [0, 0, 20.8404],
				"cubes": [
					{"origin": [-11.34668, 10.4448, 9.5], "size": [1, 0, 2.5], "uv": [18, 28]}
				]
			},
			{
				"name": "bone96",
				"parent": "bone83",
				"pivot": [-11.28125, 10.80056, 9.5],
				"rotation": [0, 0, 10.83361],
				"cubes": [
					{"origin": [-12.28125, 10.80056, 9.5], "size": [1, 0, 2.5], "uv": [16, 28]}
				]
			},
			{
				"name": "bone97",
				"parent": "bone83",
				"pivot": [-12.26367, 10.98857, 9.5],
				"rotation": [0, 0, -2.78323],
				"cubes": [
					{"origin": [-13.26367, 10.98857, 9.5], "size": [1, 0, 2.5], "uv": [18, 26]}
				]
			},
			{
				"name": "bone98",
				"parent": "bone83",
				"pivot": [1.62901, 4.62783, 11.874],
				"rotation": [180, 0, 80]
			},
			{
				"name": "bone99",
				"parent": "bone98",
				"pivot": [1.62901, 4.62783, 11.874],
				"rotation": [0, 0, 62.61244],
				"cubes": [
					{"origin": [0.62901, 4.62783, 11.874], "size": [1, 0, 2], "uv": [16, 26]}
				]
			},
			{
				"name": "bone100",
				"parent": "bone98",
				"pivot": [1.16905, 5.51566, 11.874],
				"rotation": [0, 0, 55.45081],
				"cubes": [
					{"origin": [0.16905, 5.51566, 11.874], "size": [1, 0, 2], "uv": [22, 20]}
				]
			},
			{
				"name": "bone101",
				"parent": "bone98",
				"pivot": [0.60167, 6.33969, 11.874],
				"rotation": [0, 0, 4.97639],
				"cubes": [
					{"origin": [-0.39833, 6.33969, 11.874], "size": [1, 0, 2], "uv": [22, 18]}
				]
			},
			{
				"name": "bone102",
				"parent": "bone98",
				"pivot": [-0.39442, 6.42642, 11.874],
				"rotation": [0, 0, -53.36038],
				"cubes": [
					{"origin": [-1.39442, 6.42642, 11.874], "size": [1, 0, 2], "uv": [22, 16]}
				]
			},
			{
				"name": "bone103",
				"parent": "bone98",
				"pivot": [-0.9911, 5.62415, 11.874],
				"rotation": [0, 0, -62.24169],
				"cubes": [
					{"origin": [-1.9911, 5.62415, 11.874], "size": [1, 0, 2], "uv": [4, 22]}
				]
			},
			{
				"name": "bone104",
				"parent": "bone98",
				"pivot": [-1.45692, 4.73909, 11.874],
				"rotation": [0, 0, -62.89142],
				"cubes": [
					{"origin": [-2.45692, 4.73909, 11.874], "size": [1, 0, 2], "uv": [4, 20]}
				]
			},
			{
				"name": "bone105",
				"parent": "bone98",
				"pivot": [-1.91249, 3.84916, 11.874],
				"rotation": [0, 0, -57.11654],
				"cubes": [
					{"origin": [-2.91249, 3.84916, 11.874], "size": [1, 0, 2], "uv": [4, 18]}
				]
			},
			{
				"name": "bone106",
				"parent": "bone98",
				"pivot": [-2.45546, 3.00933, 11.874],
				"rotation": [0, 0, -15.68205],
				"cubes": [
					{"origin": [-3.45546, 3.00933, 11.874], "size": [1, 0, 2], "uv": [4, 16]}
				]
			},
			{
				"name": "bone107",
				"parent": "bone98",
				"pivot": [-3.41835, 2.739, 11.874],
				"rotation": [0, 0, 50.14834],
				"cubes": [
					{"origin": [-4.41835, 2.739, 11.874], "size": [1, 0, 2], "uv": [4, 5]}
				]
			},
			{
				"name": "bone108",
				"parent": "bone98",
				"pivot": [-4.05897, 3.50649, 11.874],
				"rotation": [0, 0, 61.68119],
				"cubes": [
					{"origin": [-5.05897, 3.50649, 11.874], "size": [1, 0, 2], "uv": [2, 5]}
				]
			},
			{
				"name": "bone109",
				"parent": "bone98",
				"pivot": [-4.53358, 4.38724, 11.874],
				"rotation": [0, 0, 63.11028],
				"cubes": [
					{"origin": [-5.53358, 4.38724, 11.874], "size": [1, 0, 2], "uv": [3, 0]}
				]
			},
			{
				"name": "1",
				"parent": "A",
				"pivot": [0, 18, 0],
				"cubes": [
					{"origin": [-4.25, 20, -2], "size": [1, 5, 4.75], "uv": [46, 23]},
					{"origin": [-3.25, 25.75, -4], "size": [2, 1, 6], "uv": [42, 2]},
					{"origin": [1.5, 26, -3.75], "size": [1.5, 1, 5], "uv": [18, 26]},
					{"origin": [-0.5, 25.25, -2.25], "size": [4, 1, 6], "uv": [24, 34]},
					{"origin": [-3, 21, 3.75], "size": [2, 4.5, 1], "uv": [0, 26]},
					{"origin": [3.75, 23, -0.5], "size": [1, 2, 3], "uv": [0, 0]}
				]
			},
			{
				"name": "bone",
				"parent": "1",
				"pivot": [-2.63926, 24.81812, -4.54705],
				"rotation": [-10, 0, 40],
				"cubes": [
					{"origin": [-4.13926, 21.81812, -4.54705], "size": [3, 6, 0], "uv": [24, 0]}
				]
			},
			{
				"name": "bone2",
				"parent": "1",
				"pivot": [-4.75, 22.5, -3],
				"rotation": [55, 15, 87.5],
				"cubes": [
					{"origin": [-6.25, 19, -3], "size": [3, 6, 0], "uv": [0, 16]}
				]
			},
			{
				"name": "blink",
				"parent": "head",
				"pivot": [0, 18, 0],
				"cubes": [
					{"origin": [-4, 18, -4.001], "size": [8, 8, 0], "uv": [24, 41]}
				]
			},
			{
				"name": "armRight",
				"pivot": [-3, 17.5, 0],
				"rotation": [0, 0, 25],
				"cubes": [
					{"origin": [-5, 8.5, -1], "size": [2, 8, 2], "uv": [0, 53]},
					{"origin": [-5.5, 13.5, -1.5], "size": [3, 4, 3], "uv": [24, 49]},
					{"origin": [-5.73473, 15.05881, -0.5], "size": [1.25, 1, 1], "uv": [44, 38]}
				]
			},
			{
				"name": "armLeft",
				"pivot": [3, 17.5, 0],
				"rotation": [0, 0, -25],
				"cubes": [
					{"origin": [2.5, 13.5, -1.5], "size": [3, 4, 3], "uv": [37, 48]},
					{"origin": [4.48473, 15.05881, -0.5], "size": [1.25, 1, 1], "uv": [44, 20]},
					{"origin": [3, 8.5, -1], "size": [2, 8, 2], "uv": [49, 49]}
				]
			},
			{
				"name": "body",
				"pivot": [0, 10.5, 0],
				"cubes": [
					{"origin": [-3, 8.999, -3], "size": [6, 9, 6], "uv": [0, 26]}
				]
			},
			{
				"name": "bone110",
				"parent": "body",
				"pivot": [0, 0, 0],
				"cubes": [
					{"origin": [-3.25, 13, -3.25], "size": [6.5, 4, 6.5], "uv": [26, 10]},
					{"origin": [-3.25, 17, -3.25], "size": [1.5, 1, 6.5], "uv": [44, 16]},
					{"origin": [1.75, 17, -3.25], "size": [1.5, 1, 6.5], "uv": [44, 9]},
					{"origin": [-2.5, 14.75, -0.5], "size": [5, 4.25, 4], "uv": [40, 40]}
				]
			},
			{
				"name": "bone111",
				"parent": "bone110",
				"pivot": [0.5, 16.5, -3.1],
				"rotation": [0, 0, 42.5],
				"cubes": [
					{"origin": [0.3378, 15.63136, -3.6], "size": [1, 2, 1], "uv": [52, 9]},
					{"origin": [0.3378, 17.63136, -3.6], "size": [1.25, 2, 1], "uv": [33, 49]}
				]
			},
			{
				"name": "bone112",
				"parent": "bone110",
				"pivot": [-1.5, 15.5, -3.4],
				"rotation": [0, 0, -42.5],
				"cubes": [
					{"origin": [-0.9189, 14.81568, -3.65], "size": [1, 2, 1], "uv": [52, 4]},
					{"origin": [-1.1689, 16.81568, -3.65], "size": [1.25, 2, 1], "uv": [46, 48]}
				]
			},
			{
				"name": "bone113",
				"parent": "bone110",
				"pivot": [0, 14.75, -2.5],
				"rotation": [-12.5, 0, 0],
				"cubes": [
					{"origin": [-2.25, 13.9962, -3.54341], "size": [4.5, 2, 2], "uv": [52, 0]},
					{"origin": [-0.75, 14.66941, -4.01855], "size": [1.5, 1, 1], "uv": [46, 0]}
				]
			},
			{
				"name": "bone114",
				"parent": "bone113",
				"pivot": [-1, 14.38424, -5.90518],
				"rotation": [0, 0, 60],
				"cubes": [
					{"origin": [-3.52758, 14.44023, -3.69274], "size": [2, 1, 1], "uv": [32, 8]}
				]
			},
			{
				"name": "bone115",
				"parent": "bone113",
				"pivot": [2.5, 16.9332, -5.95814],
				"rotation": [0, 0, -60],
				"cubes": [
					{"origin": [-0.02758, 16.98919, -3.74569], "size": [2, 1, 1], "uv": [0, 22]}
				]
			},
			{
				"name": "bone116",
				"parent": "bone113",
				"pivot": [-1.25, 13.81712, -3.95259],
				"rotation": [172.5, 0, 17.5],
				"cubes": [
					{"origin": [-2.26627, 12.2341, -4.68784], "size": [2, 3, 1], "uv": [24, 34], "inflate": -0.3},
					{"origin": [-2.29881, 13.56805, -4.65834], "size": [1, 2, 1], "uv": [46, 23], "inflate": -0.2}
				]
			},
			{
				"name": "bone117",
				"parent": "bone113",
				"pivot": [1.25, 13.81712, -3.95259],
				"rotation": [172.5, 0, -17.5],
				"cubes": [
					{"origin": [0.23373, 12.2341, -4.68784], "size": [2, 3, 1], "uv": [25, 26], "inflate": -0.3},
					{"origin": [0.20119, 13.56805, -4.65834], "size": [1, 2, 1], "uv": [44, 11], "inflate": -0.2}
				]
			},
			{
				"name": "sittingRotationSkirt",
				"parent": "body",
				"pivot": [0, 10.5, 0],
				"cubes": [
					{"origin": [-4, 6, -4], "size": [8, 2, 8.5], "uv": [0, 16]},
					{"origin": [-3.5, 8, -3.5], "size": [7, 2, 7.5], "uv": [25, 25]},
					{"origin": [-3.25, 10, -3.25], "size": [6.5, 2, 6.75], "uv": [24, 0]}
				]
			},
			{
				"name": "legLeft",
				"pivot": [2, 9, 0],
				"cubes": [
					{"origin": [0.499, 0, -1.5], "size": [3, 9, 3], "uv": [12, 41]},
					{"origin": [0.399, 3, -1.75], "size": [3.25, 1, 3.5], "uv": [47, 35]},
					{"origin": [0.249, -0.25, -1.75], "size": [3.5, 1.5, 3.5], "uv": [33, 21]},
					{"origin": [1.249, 0.75, -2], "size": [1.5, 1, 2.75], "uv": [0, 5]}
				]
			},
			{
				"name": "legRight",
				"pivot": [-2, 9, 0],
				"cubes": [
					{"origin": [-3.499, 0, -1.5], "size": [3, 9, 3], "uv": [0, 41]},
					{"origin": [-3.649, 3, -1.75], "size": [3.25, 1, 3.5], "uv": [38, 34]},
					{"origin": [-3.749, -0.25, -1.75], "size": [3.5, 1.5, 3.5], "uv": [24, 20]},
					{"origin": [-2.749, 0.75, -2], "size": [1.5, 1, 2.75], "uv": [9, 41]}
				]
			}
		]
	}
}