{
	"format_version": "1.10.0",
	"geometry.model": {
		"texturewidth": 64,
		"textureheight": 64,
		"visible_bounds_width": 3,
		"visible_bounds_height": 4.5,
		"visible_bounds_offset": [0, 0.75, 0],
		"bones": [
			{
				"name": "head",
				"pivot": [0, 23.3722, -0.27778],
				"cubes": [
					{"origin": [-3.5, 23.25, -4], "size": [7, 6, 7], "uv": [0, 10]},
					{"origin": [-4, 32.25, -3.5], "size": [8, 1, 6], "uv": [21, 10]},
					{"origin": [-4.5, 29.25, -4], "size": [9, 3, 7], "uv": [0, 0]},
					{"origin": [-4.5, 23.25, -4], "size": [1, 6, 7], "uv": [33, 37]},
					{"origin": [3.5, 23.25, -4], "size": [1, 6, 7], "uv": [17, 37]}
				]
			},
			{
				"name": "unknown_bone",
				"parent": "head",
				"pivot": [-0.5, -0.75, 0],
				"cubes": [
					{"origin": [3.5, 22.25, -4], "size": [1, 1, 1], "uv": [3, 1]},
					{"origin": [-4.5, 22.25, -4], "size": [1, 1, 1], "uv": [3, 3]}
				]
			},
			{
				"name": "blink",
				"parent": "head",
				"pivot": [-0.5, 17.25, 0],
				"cubes": [
					{"origin": [-3.5, 23.25, -4.01], "size": [7, 6, 0], "uv": [24, 50]}
				]
			},
			{
				"name": "bone",
				"parent": "head",
				"pivot": [-1.25, 18.75, 3],
				"rotation": [12.5, 0, 10],
				"cubes": [
					{"origin": [-4, 15.25, 2.5], "size": [1.5, 9, 1], "uv": [48, 49]}
				]
			},
			{
				"name": "bone2",
				"parent": "head",
				"pivot": [1.75, 18.75, 3],
				"rotation": [12.5, 0, -10],
				"cubes": [
					{"origin": [2.5, 15.25, 2.5], "size": [1.5, 9, 1], "uv": [37, 0]}
				]
			},
			{
				"name": "armRight",
				"pivot": [-4.25, 21.5, 0],
				"rotation": [0, 0, 10],
				"cubes": [
					{"origin": [-6.4962, 11.95659, -2], "size": [3, 10, 3], "uv": [44, 30]}
				]
			},
			{
				"name": "armRightPositioningBone",
				"parent": "armRight",
				"pivot": [-5.25, 12.5, 0]
			},
			{
				"name": "armLeft",
				"pivot": [4, 21.5, 0],
				"rotation": [0, 2.5, -10],
				"cubes": [
					{"origin": [3.49194, 11.91318, -1.97852], "size": [3, 10, 3], "uv": [44, 17]}
				]
			},
			{
				"name": "armLeftPositioningBone",
				"parent": "armLeft",
				"pivot": [5, 12.5, 0]
			},
			{
				"name": "body",
				"pivot": [0.5, 10.5, 0],
				"cubes": [
					{"origin": [-3.5, 12.999, -2], "size": [7, 10, 3], "uv": [24, 24]},
					{"origin": [-4, 18.5, -2.5], "size": [8, 4.5, 4], "uv": [0, 32]},
					{"origin": [-4, 10.5, -2.5], "size": [8, 5.5, 4], "uv": [0, 23]},
					{"origin": [-1.5, 23, -2], "size": [3, 2, 3], "uv": [25, 0]}
				]
			},
			{
				"name": "legLeft",
				"pivot": [2.25, 9.4, -0.5],
				"cubes": [
					{"origin": [0.25, 0, -2], "size": [3.5, 11, 3], "uv": [43, 0]}
				]
			},
			{
				"name": "legRight",
				"pivot": [-1.5, 9.4, -0.5],
				"cubes": [
					{"origin": [-3.75, 0, -2], "size": [3.5, 11, 3], "uv": [0, 40]}
				]
			},
			{
				"name": "backpackPositioningBone",
				"pivot": [0, 21.5, 0]
			}
		]
	}
}