{
  "format_version": "1.10.0",
  "geometry.model": {
    "texturewidth": 128,
    "textureheight": 128,
    "visible_bounds_width": 2,
    "visible_bounds_height": 2,
    "visible_bounds_offset": [0, 1, 0],
    "bones": [
      {
        "name": "head",
        "pivot": [0, 18, 0],
        "cubes": [
          {
            "origin": [-4, 18, -4],
            "size": [8, 8, 8],
            "uv": [40, 0]
          }
        ]
      },
      {
        "name": "hairRight",
        "parent": "head",
        "pivot": [-4, 24, 0],
        "rotation": [0, 0, 15.00004],
        "cubes": [
          {
            "origin": [-5.9318, 18.4824, -2],
            "size": [2, 6, 3],
            "uv": [99, 0]
          }
        ]
      },
      {
        "name": "hairLeft",
        "parent": "head",
        "pivot": [4, 24, 0],
        "rotation": [0, 0, -15.00004],
        "cubes": [
          {
            "origin": [3.9318, 18.4824, -2],
            "size": [2, 6, 3],
            "uv": [107, 6]
          }
        ]
      },
      {
        "name": "toushi",
        "parent": "head",
        "pivot": [-8, 20, 0],
        "rotation": [9.99811, 0, 20.00196],
        "cubes": [
          {
            "origin": [-7.7968, 21.0605, -0.54],
            "size": [0, 0, 0],
            "uv": [123, 49]
          },
          {
            "origin": [-7.7968, 21.6005, 0],
            "size": [0, 0, 0],
            "uv": [123, 49]
          },
          {
            "origin": [-7.7968, 22.1405, 0.54],
            "size": [0, 0, 0],
            "uv": [123, 49]
          },
          {
            "origin": [-7.7968, 22.1405, 1.08],
            "size": [0, 0, 0],
            "uv": [123, 49]
          },
          {
            "origin": [-7.7968, 21.6005, 1.62],
            "size": [0, 0, 0],
            "uv": [123, 49]
          },
          {
            "origin": [-7.7968, 22.1405, -2.16],
            "size": [0, 0, 1],
            "uv": [123, 49]
          },
          {
            "origin": [-7.7968, 19.9805, -2.16],
            "size": [0, 0, 1],
            "uv": [123, 49]
          },
          {
            "origin": [-7.7968, 21.0605, -2.16],
            "size": [0, 0, 0],
            "uv": [123, 49]
          },
          {
            "origin": [-7.7968, 21.0605, 1.08],
            "size": [0, 0, 0],
            "uv": [123, 49]
          },
          {
            "origin": [-7.7968, 20.5205, 1.62],
            "size": [0, 0, 0],
            "uv": [123, 49]
          },
          {
            "origin": [-7.7968, 19.9805, 0.54],
            "size": [0, 0, 1],
            "uv": [123, 49]
          },
          {
            "origin": [-7.7968, 20.5205, 0],
            "size": [0, 0, 0],
            "uv": [123, 49]
          },
          {
            "origin": [-7.7968, 21.6005, -1.08],
            "size": [0, 0, 0],
            "uv": [123, 49]
          },
          {
            "origin": [-7.7968, 21.6005, -2.7],
            "size": [0, 0, 0],
            "uv": [123, 49]
          },
          {
            "origin": [-7.7968, 20.5205, -1.08],
            "size": [0, 0, 0],
            "uv": [123, 49]
          },
          {
            "origin": [-7.7968, 20.5205, -2.7],
            "size": [0, 0, 0],
            "uv": [123, 49]
          }
        ]
      },
      {
        "name": "armRight",
        "pivot": [-3, 17.5, 0],
        "rotation": [0, 0, 24.99815],
        "cubes": [
          {
            "origin": [-5, 8.5, -1],
            "size": [2, 8, 2],
            "uv": [20, 60]
          },
          {
            "origin": [-6, 10.5, -2],
            "size": [4, 7, 4],
            "uv": [12, 87]
          }
        ]
      },
      {
        "name": "armLeft",
        "pivot": [3, 17.5, 0],
        "rotation": [0, 0, -24.99815],
        "cubes": [
          {
            "origin": [3, 8.5, -1],
            "size": [2, 8, 2],
            "uv": [28, 60]
          },
          {
            "origin": [2, 10.5, -2],
            "size": [4, 7, 4],
            "uv": [53, 84]
          }
        ]
      },
      {
        "name": "body",
        "pivot": [0, 10.5, 0],
        "cubes": [
          {
            "origin": [-3, 11, -3],
            "size": [6, 7, 6],
            "uv": [0, 28]
          },
          {
            "origin": [-4, 9, -4],
            "size": [8, 2, 8],
            "uv": [36, 16]
          },
          {
            "origin": [-5, 7, -5],
            "size": [10, 2, 10],
            "uv": [0, 0]
          },
          {
            "origin": [-4, 7, -2],
            "size": [8, 2, 4],
            "uv": [48, 28]
          }
        ]
      },
      {
        "name": "legLeft",
        "pivot": [2, 9, 0],
        "cubes": [
          {
            "origin": [0.5, 0, -1.5],
            "size": [3, 9, 3],
            "uv": [36, 41]
          }
        ]
      },
      {
        "name": "legRight",
        "pivot": [-2, 9, 0],
        "cubes": [
          {
            "origin": [-3.5, 0, -1.5],
            "size": [3, 9, 3],
            "uv": [24, 41]
          }
        ]
      }
    ]
  }
}