{
  "format_version": "1.10.0",
  "geometry.model": {
    "texturewidth": 128,
    "textureheight": 128,
    "visible_bounds_width": 2,
    "visible_bounds_height": 2,
    "visible_bounds_offset": [0, 1, 0],
    "bones": [
      {
        "name": "legLeft",
        "pivot": [2, 9, 0],
        "cubes": [
          {
            "origin": [0.5, 0, -1.5],
            "size": [3, 9, 3],
            "uv": [0, 99]
          }
        ]
      },
      {
        "name": "body",
        "pivot": [0, 10.5, 0],
        "cubes": [
          {
            "origin": [-3, 14, -3],
            "size": [6, 4, 6],
            "uv": [67, 46]
          },
          {
            "origin": [-3.5, 10, -3.5],
            "size": [7, 4, 7],
            "uv": [25, 35]
          },
          {
            "origin": [-4, 5, -4],
            "size": [8, 5, 8],
            "uv": [37, 62]
          }
        ]
      },
      {
        "name": "anquanku",
        "parent": "body",
        "pivot": [0, 0, 0],
        "cubes": [
          {
            "origin": [-3, 6, -3],
            "size": [6, 2, 6],
            "uv": [0, 91]
          }
        ]
      },
      {
        "name": "armLeft",
        "pivot": [3, 17.5, 0],
        "rotation": [0, 0, -24.99815],
        "cubes": [
          {
            "origin": [2.5, 13.5, -1.5],
            "size": [3, 4, 3],
            "uv": [80, 0]
          },
          {
            "origin": [3, 9.5, -1],
            "size": [2, 8, 2],
            "uv": [78, 27]
          }
        ]
      },
      {
        "name": "armRight",
        "pivot": [-3, 17.5, 0],
        "rotation": [0, 0, 24.99815],
        "cubes": [
          {
            "origin": [-5, 9.5, -1],
            "size": [2, 8, 2],
            "uv": [77, 27]
          },
          {
            "origin": [-5.5, 13.5, -1.5],
            "size": [3, 4, 3],
            "uv": [81, 0]
          }
        ]
      },
      {
        "name": "legRight",
        "pivot": [-2, 9, 0],
        "cubes": [
          {
            "origin": [-3.5, 0, -1.5],
            "size": [3, 9, 3],
            "uv": [0, 99]
          }
        ]
      },
      {
        "name": "head",
        "pivot": [0, 18, 0],
        "cubes": [
          {
            "origin": [-4, 18, -4],
            "size": [8, 8, 8],
            "uv": [36, 13]
          }
        ]
      },
      {
        "name": "hat",
        "parent": "head",
        "pivot": [0, 18, 0]
      },
      {
        "name": "bone22",
        "parent": "hat",
        "pivot": [0, 18, 0],
        "rotation": [0, 0, 35.00199],
        "cubes": [
          {
            "origin": [-8.4853, 20, -1.501],
            "size": [2, 3, 3],
            "uv": [56, 22]
          }
        ]
      },
      {
        "name": "bone21",
        "parent": "hat",
        "pivot": [0, 18, 0],
        "rotation": [0, 0, -35.00199],
        "cubes": [
          {
            "origin": [6.4853, 20, -1.501],
            "size": [2, 3, 3],
            "uv": [56, 22]
          }
        ]
      }
    ]
  }
}