{
  "format_version": "1.10.0",
  "geometry.model": {
    "texturewidth": 128,
    "textureheight": 128,
    "visible_bounds_width": 2,
    "visible_bounds_height": 2,
    "visible_bounds_offset": [0, 1, 0],
    "bones": [
      {
        "name": "armRight",
        "pivot": [-3, 17.5, 0],
        "rotation": [0, 0, 24.99815],
        "cubes": [
          {
            "origin": [-5.5, 9.5, -1.5],
            "size": [3, 8, 3],
            "uv": [38, 4]
          },
          {
            "origin": [-5, 8.5, -1],
            "size": [2, 8, 2],
            "uv": [2, 74]
          }
        ]
      },
      {
        "name": "armLeft",
        "pivot": [3, 17.5, 0],
        "rotation": [0, 0, -24.99815],
        "cubes": [
          {
            "origin": [2.5, 9.5, -1.5],
            "size": [3, 8, 3],
            "uv": [38, 4],
            "mirror": true
          },
          {
            "origin": [3, 8.5, -1],
            "size": [2, 8, 2],
            "uv": [2, 79],
            "mirror": true
          }
        ]
      },
      {
        "name": "legRight",
        "pivot": [-2, 9, 0],
        "cubes": [
          {
            "origin": [-3.5, 0, -1.5],
            "size": [3, 8, 3],
            "uv": [64, 45]
          }
        ]
      },
      {
        "name": "legLeft",
        "pivot": [2, 9, 0],
        "cubes": [
          {
            "origin": [0.5, 0, -1.5],
            "size": [3, 8, 3],
            "uv": [64, 45],
            "mirror": true
          }
        ]
      },
      {
        "name": "body",
        "pivot": [0, -2, 0],
        "cubes": [
          {
            "origin": [-3.5, 13, -3],
            "size": [7, 5, 6],
            "uv": [64, 34]
          },
          {
            "origin": [-4, 10, -3.5],
            "size": [8, 3, 7],
            "uv": [64, 0]
          },
          {
            "origin": [-4.5, 7, -4],
            "size": [9, 3, 8],
            "uv": [64, 23]
          }
        ]
      },
      {
        "name": "bb_main",
        "parent": "body",
        "pivot": [0, 0, 0],
        "cubes": [
          {
            "origin": [-4, 8, -3],
            "size": [8, 2, 6],
            "uv": [98, 78]
          }
        ]
      },
      {
        "name": "head",
        "pivot": [-0.25, 18, 0.25],
        "cubes": [
          {
            "origin": [-4, 18, -4],
            "size": [8, 8, 8],
            "uv": [0, 34]
          }
        ]
      },
      {
        "name": "hairBack",
        "parent": "head",
        "pivot": [0, 18, 4],
        "rotation": [9.99811, 0, 0],
        "cubes": [
          {
            "origin": [3, 6, 3],
            "size": [1, 12, 1],
            "uv": [3, 10]
          },
          {
            "origin": [-1, 6, 3],
            "size": [1, 12, 1],
            "uv": [4, 10]
          }
        ]
      },
      {
        "name": "bone35",
        "parent": "hairBack",
        "pivot": [0, 18, 4],
        "rotation": [5.00192, 0, 0],
        "cubes": [
          {
            "origin": [2, 6, 3],
            "size": [1, 12, 1],
            "uv": [2, 8]
          },
          {
            "origin": [0, 6, 3],
            "size": [1, 12, 1],
            "uv": [4, 8]
          },
          {
            "origin": [-4, 6, 3],
            "size": [1, 12, 1],
            "uv": [2, 11]
          },
          {
            "origin": [-2, 6, 3],
            "size": [1, 12, 1],
            "uv": [3, 12]
          }
        ]
      },
      {
        "name": "bone36",
        "parent": "hairBack",
        "pivot": [0, 18, 4],
        "rotation": [9.99811, 0, 0],
        "cubes": [
          {
            "origin": [1, 6, 3],
            "size": [1, 12, 1],
            "uv": [4, 12]
          },
          {
            "origin": [-3, 6, 3],
            "size": [1, 12, 1],
            "uv": [3, 11]
          }
        ]
      },
      {
        "name": "decorationRight",
        "parent": "head",
        "pivot": [-3.75, 15.5, -3.25],
        "rotation": [-5.00192, 0, 0],
        "cubes": [
          {
            "origin": [-4, 10.9251, -4.215],
            "size": [1, 7, 1],
            "uv": [10, 11],
            "mirror": true
          }
        ]
      },
      {
        "name": "bone30",
        "parent": "decorationRight",
        "pivot": [-3.75, 13, -4.25],
        "rotation": [-15.00004, 15.00004, 45.00011]
      },
      {
        "name": "decorationLeft",
        "parent": "head",
        "pivot": [3.75, 15.5, -3.25],
        "rotation": [-5.00192, 0, 0],
        "cubes": [
          {
            "origin": [3, 10.9251, -4.215],
            "size": [1, 7, 1],
            "uv": [6, 14]
          }
        ]
      },
      {
        "name": "bone31",
        "parent": "decorationLeft",
        "pivot": [3.75, 13, -4.25],
        "rotation": [-15.00004, -15.00004, -45.00011]
      }
    ]
  }
}