{
  "format_version": "1.10.0",
  "geometry.model": {
    "texturewidth": 128,
    "textureheight": 128,
    "visible_bounds_width": 3,
    "visible_bounds_height": 2,
    "visible_bounds_offset": [0, 1, 0],
    "bones": [
      {
        "name": "head",
        "pivot": [0, 20, 0],
        "cubes": [
          {
            "origin": [-4, 20, -4],
            "size": [8, 8, 8],
            "uv": [96, 0]
          },
          {
            "origin": [-4.5, 19.5, -4.5],
            "size": [9, 9, 9],
            "uv": [92, 16]
          },
          {
            "origin": [-7.5, 18.25, -9.05],
            "size": [15, 15, 9],
            "uv": [44, 39],
            "inflate": -4.5
          }
        ]
      },
      {
        "name": "bone17",
        "parent": "head",
        "pivot": [1, 28, -3.25],
        "cubes": [
          {
            "origin": [-2.15, 26.75, -4.75],
            "size": [6, 6, 3],
            "uv": [79, 39],
            "inflate": -1.5
          }
        ]
      },
      {
        "name": "bone9",
        "parent": "head",
        "pivot": [4.5, 24.5, 1],
        "rotation": [0, -25, 35],
        "cubes": [
          {
            "origin": [3, 24, 0.5],
            "size": [3, 1, 2],
            "uv": [72, 23]
          },
          {
            "origin": [3, 24, 0.5],
            "size": [2, 1, 2],
            "uv": [83, 23],
            "inflate": 0.1
          }
        ]
      },
      {
        "name": "bone12",
        "parent": "bone9",
        "pivot": [4.5, 24.5, 1],
        "rotation": [-10, 25, 0],
        "cubes": [
          {
            "origin": [-1, 19, -3.5],
            "size": [14, 14, 8],
            "uv": [0, 0],
            "inflate": -4
          }
        ]
      },
      {
        "name": "bone11",
        "parent": "bone9",
        "pivot": [7, 25, 2.5],
        "rotation": [0, 0, 15],
        "cubes": [
          {
            "origin": [6.03407, 23.74118, 0.5],
            "size": [2, 1, 2],
            "uv": [63, 23]
          }
        ]
      },
      {
        "name": "bone10",
        "parent": "bone9",
        "pivot": [10, 25, 2.5],
        "rotation": [0, 0, 35],
        "cubes": [
          {
            "origin": [8.60278, 20.38973, -0.5],
            "size": [6, 3, 3],
            "uv": [43, 23]
          },
          {
            "origin": [8.60278, 20.38973, -0.5],
            "size": [6, 3, 3],
            "uv": [44, 31],
            "inflate": -0.05
          }
        ]
      },
      {
        "name": "bone13",
        "parent": "head",
        "pivot": [-4.5, 24.5, 1],
        "rotation": [0, 25, -35],
        "cubes": [
          {
            "origin": [-6, 24, 0.5],
            "size": [3, 1, 2],
            "uv": [72, 23],
            "mirror": true
          },
          {
            "origin": [-5, 24, 0.5],
            "size": [2, 1, 2],
            "uv": [83, 23],
            "inflate": 0.1,
            "mirror": true
          }
        ]
      },
      {
        "name": "bone14",
        "parent": "bone13",
        "pivot": [-4.5, 24.5, 1],
        "rotation": [-10, -25, 0],
        "cubes": [
          {
            "origin": [-13, 19, -3.5],
            "size": [14, 14, 8],
            "uv": [0, 0],
            "inflate": -4,
            "mirror": true
          }
        ]
      },
      {
        "name": "bone15",
        "parent": "bone13",
        "pivot": [-7, 25, 2.5],
        "rotation": [0, 0, -15],
        "cubes": [
          {
            "origin": [-8.03407, 23.74118, 0.5],
            "size": [2, 1, 2],
            "uv": [63, 23],
            "mirror": true
          }
        ]
      },
      {
        "name": "bone16",
        "parent": "bone13",
        "pivot": [-10, 25, 2.5],
        "rotation": [0, 0, -35],
        "cubes": [
          {
            "origin": [-14.60278, 20.38973, -0.5],
            "size": [6, 3, 3],
            "uv": [43, 23],
            "mirror": true
          },
          {
            "origin": [-14.60278, 20.38973, -0.5],
            "size": [6, 3, 3],
            "uv": [44, 31],
            "inflate": -0.05,
            "mirror": true
          }
        ]
      },
      {
        "name": "bone8",
        "parent": "head",
        "pivot": [0, 28.41667, -1.35],
        "cubes": [
          {
            "origin": [-4.5, 26.5, -1.85],
            "size": [9, 2, 1],
            "uv": [76, 124],
            "inflate": 0.1
          },
          {
            "origin": [-8.5, 24, -3.85],
            "size": [17, 10, 5],
            "uv": [0, 57],
            "inflate": -2.5
          },
          {
            "origin": [-5.5, 24.3, -5.55],
            "size": [11, 11, 8],
            "uv": [41, 67],
            "inflate": -4.15
          }
        ]
      },
      {
        "name": "body",
        "pivot": [0, 10, 0],
        "cubes": [
          {
            "origin": [-7.5, 7, -5.5],
            "size": [15, 17, 11],
            "uv": [0, 28],
            "inflate": -4
          },
          {
            "origin": [-7.5, 13, -5.5],
            "size": [15, 11, 11],
            "uv": [44, 0],
            "inflate": -3.9
          },
          {
            "origin": [-4.5, 9, -2.5],
            "size": [9, 4, 5],
            "uv": [100, 58],
            "inflate": -0.5
          },
          {
            "origin": [-5.5, 5.5, -6],
            "size": [11, 11, 9],
            "uv": [40, 89],
            "inflate": -3.95
          },
          {
            "origin": [-1.75, 5.95, -5.6],
            "size": [9, 9, 7],
            "uv": [96, 100],
            "inflate": -3.5
          },
          {
            "origin": [-7.25, 5.95, -5.6],
            "size": [9, 9, 7],
            "uv": [96, 100],
            "inflate": -3.5,
            "mirror": true
          },
          {
            "origin": [-4.5, 8.725, -5.1],
            "size": [9, 9, 7],
            "uv": [96, 100],
            "inflate": -3.5
          },
          {
            "origin": [-5, 7, -3],
            "size": [10, 3, 6],
            "uv": [96, 67],
            "inflate": -0.5
          },
          {
            "origin": [-5, 7, -3],
            "size": [10, 3, 6],
            "uv": [96, 77],
            "inflate": -0.55
          }
        ]
      },
      {
        "name": "bone18",
        "parent": "body",
        "pivot": [3.5, 1.4, -1.5],
        "cubes": [
          {
            "origin": [-1.5, 12.4, 0.5],
            "size": [3, 3, 2],
            "uv": [77, 30],
            "inflate": -0.5
          }
        ]
      },
      {
        "name": "bone19",
        "parent": "bone18",
        "pivot": [-1, 14.15, 1.75],
        "rotation": [0, 35, 20],
        "cubes": [
          {
            "origin": [-3.5, 12.65, 1.75],
            "size": [3, 3, 1],
            "uv": [66, 29],
            "inflate": -0.25
          }
        ]
      },
      {
        "name": "bone21",
        "parent": "bone19",
        "pivot": [-0.2, 13.15, 1.55],
        "rotation": [25, 10, -60],
        "cubes": [
          {
            "origin": [-3.7, 12.65, 1.55],
            "size": [4, 1, 1],
            "uv": [65, 34],
            "inflate": -0.25
          }
        ]
      },
      {
        "name": "bone20",
        "parent": "bone18",
        "pivot": [1, 14.15, 1.75],
        "rotation": [0, -35, -20],
        "cubes": [
          {
            "origin": [0.5, 12.65, 1.75],
            "size": [3, 3, 1],
            "uv": [66, 29],
            "inflate": -0.25,
            "mirror": true
          }
        ]
      },
      {
        "name": "bone22",
        "parent": "bone20",
        "pivot": [0.2, 13.15, 1.55],
        "rotation": [25, -10, 60],
        "cubes": [
          {
            "origin": [-0.3, 12.65, 1.55],
            "size": [5, 1, 1],
            "uv": [65, 34],
            "inflate": -0.25,
            "mirror": true
          }
        ]
      },
      {
        "name": "bone5",
        "parent": "body",
        "pivot": [0, 16.9, -1.05],
        "rotation": [-20, 0, 0],
        "cubes": [
          {
            "origin": [-4.5, 13.81449, -3.78492],
            "size": [9, 6, 5],
            "uv": [100, 117],
            "inflate": -1.75
          }
        ]
      },
      {
        "name": "armLeft",
        "pivot": [4, 18, 0],
        "cubes": [
          {
            "origin": [3.5, 10, -1.5],
            "size": [3, 10, 3],
            "uv": [116, 45]
          },
          {
            "origin": [0.5, 13, -4.5],
            "size": [9, 10, 9],
            "uv": [36, 109],
            "inflate": -2.9
          },
          {
            "origin": [0.5, 8.3, -4.5],
            "size": [9, 7, 9],
            "uv": [0, 112],
            "inflate": -2.9
          }
        ]
      },
      {
        "name": "armRight",
        "pivot": [-4, 18, 0],
        "cubes": [
          {
            "origin": [-6.5, 10, -1.5],
            "size": [3, 10, 3],
            "uv": [116, 45],
            "mirror": true
          },
          {
            "origin": [-9.5, 13, -4.5],
            "size": [9, 10, 9],
            "uv": [36, 109],
            "inflate": -2.9,
            "mirror": true
          },
          {
            "origin": [-9.5, 8.3, -4.5],
            "size": [9, 7, 9],
            "uv": [0, 112],
            "inflate": -2.9,
            "mirror": true
          }
        ]
      },
      {
        "name": "legLeft",
        "pivot": [2, 10, 0],
        "cubes": [
          {
            "origin": [0.5, 0, -1.5],
            "size": [3, 10, 3],
            "uv": [103, 45]
          },
          {
            "origin": [-2.5, -3, -4.5],
            "size": [9, 8, 9],
            "uv": [0, 95],
            "inflate": -2.9
          },
          {
            "origin": [-2.5, -1.85, -4.5],
            "size": [9, 7, 9],
            "uv": [0, 78],
            "inflate": -2.85
          }
        ]
      },
      {
        "name": "legRight",
        "pivot": [-2, 10, 0],
        "cubes": [
          {
            "origin": [-3.5, 0, -1.5],
            "size": [3, 10, 3],
            "uv": [103, 45],
            "mirror": true
          },
          {
            "origin": [-6.5, -3, -4.5],
            "size": [9, 8, 9],
            "uv": [0, 95],
            "inflate": -2.9,
            "mirror": true
          },
          {
            "origin": [-6.5, -1.85, -4.5],
            "size": [9, 7, 9],
            "uv": [0, 78],
            "inflate": -2.85,
            "mirror": true
          }
        ]
      }
    ]
  }
}