{
  "format_version": "1.10.0",
  "geometry.model": {
    "texturewidth": 128,
    "textureheight": 128,
    "visible_bounds_width": 7,
    "visible_bounds_height": 6,
    "visible_bounds_offset": [0, 3, 0],
    "bones": [
      {
        "name": "lRotationZ20",
        "pivot": [0, 8, 0],
        "cubes": [
          {
            "origin": [-3, 5, -6],
            "size": [6, 6, 8],
            "uv": [0, 0]
          },
          {
            "origin": [-2, 6, 2],
            "size": [4, 4, 4],
            "uv": [28, 15]
          }
        ]
      },
      {
        "name": "bone",
        "parent": "lRotationZ20",
        "pivot": [0, 8, -2],
        "rotation": [15, 0, 0],
        "cubes": [
          {
            "origin": [3, 6.5, -3.5],
            "size": [49, 3, 3],
            "uv": [24, 0]
          },
          {
            "origin": [9, -5.5, -3],
            "size": [2, 12, 2],
            "uv": [120, 23]
          },
          {
            "origin": [50, -5.5, -3],
            "size": [2, 12, 2],
            "uv": [120, 23]
          },
          {
            "origin": [14, -6.5, -2.5],
            "size": [1, 13, 1],
            "uv": [113, 23]
          },
          {
            "origin": [18, -6.5, -2.5],
            "size": [1, 13, 1],
            "uv": [113, 23]
          },
          {
            "origin": [26, -6.5, -2.5],
            "size": [1, 13, 1],
            "uv": [113, 23]
          },
          {
            "origin": [22, -6.5, -2.5],
            "size": [1, 13, 1],
            "uv": [113, 23]
          },
          {
            "origin": [30, -6.5, -2.5],
            "size": [1, 13, 1],
            "uv": [113, 23]
          },
          {
            "origin": [34, -6.5, -2.5],
            "size": [1, 13, 1],
            "uv": [113, 23]
          },
          {
            "origin": [38, -6.5, -2.5],
            "size": [1, 13, 1],
            "uv": [113, 23]
          },
          {
            "origin": [42, -6.5, -2.5],
            "size": [1, 13, 1],
            "uv": [113, 23]
          },
          {
            "origin": [46, -6.5, -2.5],
            "size": [1, 13, 1],
            "uv": [113, 23]
          },
          {
            "origin": [11, 2.5, -2.5],
            "size": [39, 1, 1],
            "uv": [48, 19]
          },
          {
            "origin": [11, -1.5, -2.5],
            "size": [39, 1, 1],
            "uv": [48, 19]
          },
          {
            "origin": [11, -5.5, -2.5],
            "size": [39, 1, 1],
            "uv": [48, 19]
          },
          {
            "origin": [10, -6.5, -2],
            "size": [41, 13, 0],
            "uv": [46, 6]
          }
        ]
      },
      {
        "name": "bone4",
        "parent": "lRotationZ20",
        "pivot": [0, 8, -2],
        "rotation": [15, 0, -90],
        "cubes": [
          {
            "origin": [3, 6.5, -3.5],
            "size": [49, 3, 3],
            "uv": [24, 0]
          },
          {
            "origin": [9, -5.5, -3],
            "size": [2, 12, 2],
            "uv": [120, 23]
          },
          {
            "origin": [50, -5.5, -3],
            "size": [2, 12, 2],
            "uv": [120, 23]
          },
          {
            "origin": [14, -6.5, -2.5],
            "size": [1, 13, 1],
            "uv": [113, 23]
          },
          {
            "origin": [18, -6.5, -2.5],
            "size": [1, 13, 1],
            "uv": [113, 23]
          },
          {
            "origin": [26, -6.5, -2.5],
            "size": [1, 13, 1],
            "uv": [113, 23]
          },
          {
            "origin": [22, -6.5, -2.5],
            "size": [1, 13, 1],
            "uv": [113, 23]
          },
          {
            "origin": [30, -6.5, -2.5],
            "size": [1, 13, 1],
            "uv": [113, 23]
          },
          {
            "origin": [34, -6.5, -2.5],
            "size": [1, 13, 1],
            "uv": [113, 23]
          },
          {
            "origin": [38, -6.5, -2.5],
            "size": [1, 13, 1],
            "uv": [113, 23]
          },
          {
            "origin": [42, -6.5, -2.5],
            "size": [1, 13, 1],
            "uv": [113, 23]
          },
          {
            "origin": [46, -6.5, -2.5],
            "size": [1, 13, 1],
            "uv": [113, 23]
          },
          {
            "origin": [11, 2.5, -2.5],
            "size": [39, 1, 1],
            "uv": [48, 19]
          },
          {
            "origin": [11, -1.5, -2.5],
            "size": [39, 1, 1],
            "uv": [48, 19]
          },
          {
            "origin": [11, -5.5, -2.5],
            "size": [39, 1, 1],
            "uv": [48, 19]
          },
          {
            "origin": [10, -6.5, -2],
            "size": [41, 13, 0],
            "uv": [46, 6]
          }
        ]
      },
      {
        "name": "bone3",
        "parent": "lRotationZ20",
        "pivot": [0, 8, -2],
        "rotation": [15, 0, -180],
        "cubes": [
          {
            "origin": [3, 6.5, -3.5],
            "size": [49, 3, 3],
            "uv": [24, 0]
          },
          {
            "origin": [9, -5.5, -3],
            "size": [2, 12, 2],
            "uv": [120, 23]
          },
          {
            "origin": [50, -5.5, -3],
            "size": [2, 12, 2],
            "uv": [120, 23]
          },
          {
            "origin": [14, -6.5, -2.5],
            "size": [1, 13, 1],
            "uv": [113, 23]
          },
          {
            "origin": [18, -6.5, -2.5],
            "size": [1, 13, 1],
            "uv": [113, 23]
          },
          {
            "origin": [26, -6.5, -2.5],
            "size": [1, 13, 1],
            "uv": [113, 23]
          },
          {
            "origin": [22, -6.5, -2.5],
            "size": [1, 13, 1],
            "uv": [113, 23]
          },
          {
            "origin": [30, -6.5, -2.5],
            "size": [1, 13, 1],
            "uv": [113, 23]
          },
          {
            "origin": [34, -6.5, -2.5],
            "size": [1, 13, 1],
            "uv": [113, 23]
          },
          {
            "origin": [38, -6.5, -2.5],
            "size": [1, 13, 1],
            "uv": [113, 23]
          },
          {
            "origin": [42, -6.5, -2.5],
            "size": [1, 13, 1],
            "uv": [113, 23]
          },
          {
            "origin": [46, -6.5, -2.5],
            "size": [1, 13, 1],
            "uv": [113, 23]
          },
          {
            "origin": [11, 2.5, -2.5],
            "size": [39, 1, 1],
            "uv": [48, 19]
          },
          {
            "origin": [11, -1.5, -2.5],
            "size": [39, 1, 1],
            "uv": [48, 19]
          },
          {
            "origin": [11, -5.5, -2.5],
            "size": [39, 1, 1],
            "uv": [48, 19]
          },
          {
            "origin": [10, -6.5, -2],
            "size": [41, 13, 0],
            "uv": [46, 6]
          }
        ]
      },
      {
        "name": "bone2",
        "parent": "lRotationZ20",
        "pivot": [0, 8, -2],
        "rotation": [15, 0, 90],
        "cubes": [
          {
            "origin": [3, 6.5, -3.5],
            "size": [49, 3, 3],
            "uv": [24, 0]
          },
          {
            "origin": [9, -5.5, -3],
            "size": [2, 12, 2],
            "uv": [120, 23]
          },
          {
            "origin": [50, -5.5, -3],
            "size": [2, 12, 2],
            "uv": [120, 23]
          },
          {
            "origin": [14, -6.5, -2.5],
            "size": [1, 13, 1],
            "uv": [113, 23]
          },
          {
            "origin": [18, -6.5, -2.5],
            "size": [1, 13, 1],
            "uv": [113, 23]
          },
          {
            "origin": [26, -6.5, -2.5],
            "size": [1, 13, 1],
            "uv": [113, 23]
          },
          {
            "origin": [22, -6.5, -2.5],
            "size": [1, 13, 1],
            "uv": [113, 23]
          },
          {
            "origin": [30, -6.5, -2.5],
            "size": [1, 13, 1],
            "uv": [113, 23]
          },
          {
            "origin": [34, -6.5, -2.5],
            "size": [1, 13, 1],
            "uv": [113, 23]
          },
          {
            "origin": [38, -6.5, -2.5],
            "size": [1, 13, 1],
            "uv": [113, 23]
          },
          {
            "origin": [42, -6.5, -2.5],
            "size": [1, 13, 1],
            "uv": [113, 23]
          },
          {
            "origin": [46, -6.5, -2.5],
            "size": [1, 13, 1],
            "uv": [113, 23]
          },
          {
            "origin": [11, 2.5, -2.5],
            "size": [39, 1, 1],
            "uv": [48, 19]
          },
          {
            "origin": [11, -1.5, -2.5],
            "size": [39, 1, 1],
            "uv": [48, 19]
          },
          {
            "origin": [11, -5.5, -2.5],
            "size": [39, 1, 1],
            "uv": [48, 19]
          },
          {
            "origin": [10, -6.5, -2],
            "size": [41, 13, 0],
            "uv": [46, 6]
          }
        ]
      },
      {
        "name": "bone10",
        "pivot": [-3, 0, -1],
        "cubes": [
          {
            "origin": [-4, 4, 6],
            "size": [8, 8, 10],
            "uv": [0, 14]
          }
        ]
      },
      {
        "name": "bone15",
        "pivot": [0, 8, -6],
        "rotation": [0, 0, -9]
      },
      {
        "name": "bone11",
        "parent": "bone15",
        "pivot": [0, 8, -6],
        "rotation": [0, 0, 72],
        "cubes": [
          {
            "origin": [0, 8, -6.25],
            "size": [2, 2, 0],
            "uv": [34, 10]
          }
        ]
      },
      {
        "name": "bone12",
        "parent": "bone11",
        "pivot": [0, 8, -6],
        "rotation": [0, 0, 72],
        "cubes": [
          {
            "origin": [0, 8, -6.25],
            "size": [2, 2, 0],
            "uv": [34, 10]
          }
        ]
      },
      {
        "name": "bone13",
        "parent": "bone12",
        "pivot": [0, 8, -6],
        "rotation": [0, 0, 72],
        "cubes": [
          {
            "origin": [0, 8, -6.25],
            "size": [2, 2, 0],
            "uv": [34, 10]
          }
        ]
      },
      {
        "name": "bone14",
        "parent": "bone13",
        "pivot": [0, 8, -6],
        "rotation": [0, 0, 72],
        "cubes": [
          {
            "origin": [0, 8, -6.25],
            "size": [2, 2, 0],
            "uv": [34, 10]
          }
        ]
      },
      {
        "name": "bone16",
        "parent": "bone14",
        "pivot": [0, 8, -6],
        "rotation": [0, 0, 72],
        "cubes": [
          {
            "origin": [0, 8, -6.25],
            "size": [2, 2, 0],
            "uv": [34, 10]
          }
        ]
      }
    ]
  }
}