{
	"format_version": "1.10.0",
	"geometry.model": {
		"texturewidth": 128,
		"textureheight": 128,
		"visible_bounds_width": 4,
		"visible_bounds_height": 2,
		"visible_bounds_offset": [0, 1, 0],
		"bones": [
			{
				"name": "head",
				"pivot": [0, 20, 0],
				"cubes": [
					{"origin": [-4, 20, -4], "size": [8, 8, 8], "uv": [54, 19]},
					{"origin": [-4.5, 19.5, -4.5], "size": [9, 9, 9], "uv": [52, 1]},
					{"origin": [-4, 16, -4], "size": [1, 4, 1], "uv": [86, 30]},
					{"origin": [3, 16, -4], "size": [1, 4, 1], "uv": [86, 30], "mirror": true}
				]
			},
			{
				"name": "bone10",
				"parent": "head",
				"pivot": [0, 24.5, 0],
				"rotation": [-5, 0, 0],
				"cubes": [
					{"origin": [-5, 19.5, -4.5], "size": [10, 10, 10], "uv": [88, 0]}
				]
			},
			{
				"name": "body",
				"pivot": [0, 0, 0],
				"cubes": [
					{"origin": [-2.5, 14, -1.5], "size": [5, 6, 3], "uv": [0, 15]},
					{"origin": [-3, 10, -2], "size": [6, 4, 4], "uv": [0, 24]},
					{"origin": [-3.5, 7, -2.5], "size": [7, 3, 5], "uv": [0, 32]},
					{"origin": [-4, 4, -3], "size": [8, 3, 6], "uv": [0, 40]}
				]
			},
			{
				"name": "bone4",
				"parent": "body",
				"pivot": [0, 19, 2],
				"rotation": [15, 0, 0],
				"cubes": [
					{"origin": [-4.5, 4, 1.5], "size": [9, 15, 1], "uv": [108, 20]}
				]
			},
			{
				"name": "bone5",
				"parent": "body",
				"pivot": [-2.5, 19, 0],
				"rotation": [0, 0, -15],
				"cubes": [
					{"origin": [-5, 18, -2.5], "size": [5, 2, 5], "uv": [52, 42], "mirror": true}
				]
			},
			{
				"name": "bone6",
				"parent": "body",
				"pivot": [2.5, 19, 0],
				"rotation": [0, 0, 15],
				"cubes": [
					{"origin": [0, 18, -2.5], "size": [5, 2, 5], "uv": [52, 42], "mirror": true}
				]
			},
			{
				"name": "bone22",
				"parent": "body",
				"pivot": [1.94771, 12.40228, 0],
				"rotation": [0, 0, -20],
				"cubes": [
					{"origin": [0.61872, 12.37213, -2.5], "size": [3, 1, 5], "uv": [28, 43]}
				]
			},
			{
				"name": "bone9",
				"parent": "body",
				"pivot": [0, 12, 0],
				"rotation": [0, 0, 10],
				"cubes": [
					{"origin": [-3.67365, 11.98481, -2.5], "size": [7, 1, 5], "uv": [28, 43]},
					{"origin": [-1.11287, 11.64013, -3], "size": [2, 2, 1], "uv": [88, 46]}
				]
			},
			{
				"name": "bone11",
				"parent": "body",
				"pivot": [0, 17, 0],
				"rotation": [-25, 0, 0],
				"cubes": [
					{"origin": [-2, 14.22658, -1.60565], "size": [4, 4, 2], "uv": [16, 18]}
				]
			},
			{
				"name": "bone21",
				"parent": "body",
				"pivot": [3, 12, -0.25],
				"rotation": [0, 0, -20],
				"cubes": [
					{"origin": [1.14527, 8.10675, -2], "size": [2, 5, 4], "uv": [73, 40]}
				]
			},
			{
				"name": "bone24",
				"parent": "body",
				"pivot": [-3, 12, -0.25],
				"rotation": [0, 0, 20],
				"cubes": [
					{"origin": [-3.14527, 8.10675, -2], "size": [2, 5, 4], "uv": [73, 40], "mirror": true}
				]
			},
			{
				"name": "bone17",
				"parent": "body",
				"pivot": [0, 0, -2]
			},
			{
				"name": "bone12",
				"parent": "bone17",
				"pivot": [4, 8.33333, 10],
				"rotation": [-10, 35, 25],
				"cubes": [
					{"origin": [3.15381, 4.85045, 9.1039], "size": [1, 17, 1], "uv": [90, 20]},
					{"origin": [2.15381, 17.85045, 8.6039], "size": [3, 3, 2], "uv": [78, 19]},
					{"origin": [1.15381, 18.35045, 9.1039], "size": [5, 2, 1], "uv": [78, 24]},
					{"origin": [0.15381, 17.85045, 9.1039], "size": [1, 3, 1], "uv": [98, 25]},
					{"origin": [6.15381, 16.85045, 9.1039], "size": [1, 5, 1], "uv": [98, 32]},
					{"origin": [7.15381, 13.85045, 9.1039], "size": [1, 11, 1], "uv": [94, 20]},
					{"origin": [8.15381, 15.85045, 9.1039], "size": [1, 8, 1], "uv": [94, 32]},
					{"origin": [6.15381, 12.85045, 9.1039], "size": [1, 2, 1], "uv": [98, 29]},
					{"origin": [9.15381, 17.85045, 9.1039], "size": [1, 4, 1], "uv": [98, 20]}
				]
			},
			{
				"name": "bone14",
				"parent": "bone17",
				"pivot": [5, 5.33333, 12],
				"rotation": [-5, 55, 75],
				"cubes": [
					{"origin": [9.41491, 0.70006, 8.07164], "size": [1, 17, 1], "uv": [90, 20]},
					{"origin": [8.41491, 13.70006, 7.57164], "size": [3, 3, 2], "uv": [78, 19]},
					{"origin": [7.41491, 14.20006, 8.07164], "size": [5, 2, 1], "uv": [78, 24]},
					{"origin": [6.41491, 13.70006, 8.07164], "size": [1, 3, 1], "uv": [98, 25]},
					{"origin": [12.41491, 12.70006, 8.07164], "size": [1, 5, 1], "uv": [98, 32]},
					{"origin": [13.41491, 9.70006, 8.07164], "size": [1, 11, 1], "uv": [94, 20]},
					{"origin": [14.41491, 11.70006, 8.07164], "size": [1, 8, 1], "uv": [94, 32]},
					{"origin": [12.41491, 8.70006, 8.07164], "size": [1, 2, 1], "uv": [98, 29]},
					{"origin": [15.41491, 13.70006, 8.07164], "size": [1, 4, 1], "uv": [98, 20]}
				]
			},
			{
				"name": "bone13",
				"parent": "bone17",
				"pivot": [-4, 8.33333, 10],
				"rotation": [-10, -35, -25],
				"cubes": [
					{"origin": [-4.15381, 4.85045, 9.1039], "size": [1, 17, 1], "uv": [90, 20], "mirror": true},
					{"origin": [-5.15381, 17.85045, 8.6039], "size": [3, 3, 2], "uv": [78, 19], "mirror": true},
					{"origin": [-6.15381, 18.35045, 9.1039], "size": [5, 2, 1], "uv": [78, 24], "mirror": true},
					{"origin": [-1.15381, 17.85045, 9.1039], "size": [1, 3, 1], "uv": [98, 25], "mirror": true},
					{"origin": [-7.15381, 16.85045, 9.1039], "size": [1, 5, 1], "uv": [98, 32], "mirror": true},
					{"origin": [-8.15381, 13.85045, 9.1039], "size": [1, 11, 1], "uv": [94, 20], "mirror": true},
					{"origin": [-9.15381, 15.85045, 9.1039], "size": [1, 8, 1], "uv": [94, 32], "mirror": true},
					{"origin": [-7.15381, 12.85045, 9.1039], "size": [1, 2, 1], "uv": [98, 29], "mirror": true},
					{"origin": [-10.15381, 17.85045, 9.1039], "size": [1, 4, 1], "uv": [98, 20], "mirror": true}
				]
			},
			{
				"name": "bone15",
				"parent": "bone17",
				"pivot": [-5, 5.33333, 12],
				"rotation": [-5, -55, -75],
				"cubes": [
					{"origin": [-10.41491, 0.70006, 8.07164], "size": [1, 17, 1], "uv": [90, 20], "mirror": true},
					{"origin": [-11.41491, 13.70006, 7.57164], "size": [3, 3, 2], "uv": [78, 19], "mirror": true},
					{"origin": [-12.41491, 14.20006, 8.07164], "size": [5, 2, 1], "uv": [78, 24], "mirror": true},
					{"origin": [-7.41491, 13.70006, 8.07164], "size": [1, 3, 1], "uv": [98, 25], "mirror": true},
					{"origin": [-13.41491, 12.70006, 8.07164], "size": [1, 5, 1], "uv": [98, 32], "mirror": true},
					{"origin": [-14.41491, 9.70006, 8.07164], "size": [1, 11, 1], "uv": [94, 20], "mirror": true},
					{"origin": [-15.41491, 11.70006, 8.07164], "size": [1, 8, 1], "uv": [94, 32], "mirror": true},
					{"origin": [-13.41491, 8.70006, 8.07164], "size": [1, 2, 1], "uv": [98, 29], "mirror": true},
					{"origin": [-16.41491, 13.70006, 8.07164], "size": [1, 4, 1], "uv": [98, 20], "mirror": true}
				]
			},
			{
				"name": "bone16",
				"parent": "bone15",
				"pivot": [-5, 5.33333, 12]
			},
			{
				"name": "bone18",
				"parent": "bone17",
				"pivot": [0, 11.125, 13.5],
				"cubes": [
					{"origin": [-1, 13, 12.5], "size": [2, 12, 1], "uv": [0, 0]},
					{"origin": [-0.5, 25, 12.5], "size": [1, 5, 1], "uv": [0, 0]}
				]
			},
			{
				"name": "bone19",
				"parent": "bone18",
				"pivot": [0, 5.5, 0],
				"rotation": [0, 0, 45],
				"cubes": [
					{"origin": [-6.15685, 9.65685, 12.5], "size": [2, 2, 1], "uv": [0, 0]},
					{"origin": [-7.72254, 9.22254, 12], "size": [4, 4, 2], "uv": [16, 0]},
					{"origin": [-11.72254, 9.22254, 12.25], "size": [8, 8, 0], "uv": [28, 0]},
					{"origin": [-11.72254, 9.22254, 13.75], "size": [8, 8, 0], "uv": [44, 0]}
				]
			},
			{
				"name": "bone20",
				"parent": "bone18",
				"pivot": [0, 15.5, 0],
				"rotation": [0, 0, 45],
				"cubes": [
					{"origin": [-7.63173, 21.13173, 12], "size": [2, 2, 2], "uv": [0, 0]},
					{"origin": [-6.63173, 23.07107, 12.5], "size": [3, 1, 1], "uv": [0, 0]},
					{"origin": [-8.57107, 19.13173, 12.5], "size": [1, 3, 1], "uv": [0, 0], "mirror": true},
					{"origin": [-10.87437, 25.37437, 12.5], "size": [1, 1, 1], "uv": [0, 0]},
					{"origin": [-4.13173, 22.57107, 12.5], "size": [1, 2, 1], "uv": [0, 0]},
					{"origin": [-9.07107, 18.63173, 12.5], "size": [2, 1, 1], "uv": [0, 0], "mirror": true}
				]
			},
			{
				"name": "armLeft",
				"pivot": [2.5, 18, 0],
				"rotation": [0, 0, -15],
				"cubes": [
					{"origin": [2.48296, 9.87059, -1], "size": [2, 8, 2], "uv": [112, 40]},
					{"origin": [1.98296, 13.37059, -1.5], "size": [3, 1, 3], "uv": [100, 46]}
				]
			},
			{
				"name": "armRight",
				"pivot": [-2.5, 18, 0],
				"rotation": [0, 0, 15],
				"cubes": [
					{"origin": [-4.98296, 13.37059, -1.5], "size": [3, 1, 3], "uv": [100, 46], "mirror": true},
					{"origin": [-4.48296, 9.87059, -1], "size": [2, 8, 2], "uv": [112, 40], "mirror": true}
				]
			},
			{
				"name": "legRight",
				"pivot": [-2, 8, 0],
				"cubes": [
					{"origin": [-3, 0, -1], "size": [2, 8, 2], "uv": [120, 40]}
				]
			},
			{
				"name": "legLeft",
				"pivot": [2, 8, 0],
				"cubes": [
					{"origin": [1, 0, -1], "size": [2, 8, 2], "uv": [120, 40], "mirror": true}
				]
			}
		]
	}
}