{
	"format_version": "1.10.0",
	"geometry.model": {
		"texturewidth": 128,
		"textureheight": 128,
		"visible_bounds_width": 3,
		"visible_bounds_height": 2,
		"visible_bounds_offset": [0, 1, 0],
		"bones": [
			{
				"name": "head",
				"pivot": [0, 18, 0],
				"cubes": [
					{"origin": [-4, 18, -4], "size": [8, 8, 8], "uv": [60, 0]},
					{"origin": [-4.5, 15.5, -4.5], "size": [9, 11, 9], "uv": [92, 0]},
					{"origin": [-4, 14, -4], "size": [1, 4, 1], "uv": [62, 2]}
				]
			},
			{
				"name": "blink",
				"parent": "head",
				"pivot": [0, 16.5, 3.5],
				"cubes": [
					{"origin": [-4, 18, -4.00261], "size": [8, 6, 0], "uv": [112, 48]}
				]
			},
			{
				"name": "bone4",
				"parent": "head",
				"pivot": [4, 18, -1.5],
				"rotation": [-55, 25, 30],
				"cubes": [
					{"origin": [3.76238, 16.02132, -2.15318], "size": [2, 2, 1], "uv": [121, 4]}
				]
			},
			{
				"name": "bone7",
				"parent": "bone4",
				"pivot": [7.76861, 14.62514, 0.96197],
				"rotation": [-35, 5, -55],
				"cubes": [
					{"origin": [7.41861, 15.12514, 0.91197], "size": [1, 1, 2], "uv": [121, 95]}
				]
			},
			{
				"name": "bone5",
				"parent": "bone4",
				"pivot": [5.63891, 16.20899, -0.76362],
				"rotation": [10, 0, -15],
				"cubes": [
					{"origin": [5.13891, 15.70899, -1.26362], "size": [1, 1, 1], "uv": [97, 21]}
				]
			},
			{
				"name": "bone6",
				"parent": "bone5",
				"pivot": [6.08337, 15.55602, -0.12812],
				"rotation": [-10, -30, 80],
				"cubes": [
					{"origin": [5.83337, 14.80602, -1.12812], "size": [2, 2, 2], "uv": [101, 20]}
				]
			},
			{
				"name": "bone8",
				"parent": "bone6",
				"pivot": [6.33337, 15.55602, -0.12812],
				"cubes": [
					{"origin": [5.73337, 15.90602, -1.22812], "size": [1, 1, 1], "uv": [121, 93]},
					{"origin": [6.93337, 15.90602, -1.22812], "size": [1, 1, 1], "uv": [121, 93]},
					{"origin": [6.93337, 14.70602, -1.22812], "size": [1, 1, 1], "uv": [121, 93]},
					{"origin": [5.73337, 14.70602, -1.22812], "size": [1, 1, 1], "uv": [121, 93]},
					{"origin": [5.73337, 15.90602, -0.02812], "size": [1, 1, 1], "uv": [121, 93]},
					{"origin": [6.93337, 15.90602, -0.02812], "size": [1, 1, 1], "uv": [121, 93]},
					{"origin": [6.93337, 14.70602, -0.02812], "size": [1, 1, 1], "uv": [121, 93]},
					{"origin": [5.73337, 14.70602, -0.02812], "size": [1, 1, 1], "uv": [121, 93]}
				]
			},
			{
				"name": "bone9",
				"parent": "head",
				"pivot": [5, 19.25, -1],
				"rotation": [30, -20, 0],
				"cubes": [
					{"origin": [4, 18.25, -2], "size": [2, 2, 2], "uv": [107, 22]}
				]
			},
			{
				"name": "bone10",
				"parent": "bone9",
				"pivot": [5, 19.25, 1],
				"rotation": [30, -20, 0],
				"cubes": [
					{"origin": [4.51693, 18.86174, 0.41359], "size": [2, 2, 2], "uv": [107, 22]}
				]
			},
			{
				"name": "bone11",
				"parent": "head",
				"pivot": [5, 19, 2],
				"rotation": [15, 10, -40],
				"cubes": [
					{"origin": [5.45504, 17.04604, -0.5998], "size": [0, 3, 3], "uv": [109, 27]}
				]
			},
			{
				"name": "bone12",
				"parent": "bone11",
				"pivot": [5, 21, 2],
				"rotation": [0, 0, 20],
				"cubes": [
					{"origin": [5.45504, 14.29604, -1.5998], "size": [0, 6, 3], "uv": [116, 26]}
				]
			},
			{
				"name": "bone13",
				"parent": "bone11",
				"pivot": [5, 21, 2],
				"rotation": [0, 0, 15],
				"cubes": [
					{"origin": [5.45504, 14.29604, 0.4002], "size": [0, 6, 3], "uv": [122, 26]}
				]
			},
			{
				"name": "bone15",
				"parent": "head",
				"pivot": [-1.5, 26, 0.5],
				"rotation": [-10, 0, -20],
				"cubes": [
					{"origin": [-4.63435, 25.4454, 0.0304], "size": [4, 7, 1], "uv": [90, 0]}
				]
			},
			{
				"name": "bone14",
				"parent": "head",
				"pivot": [1.5, 26, 0.5],
				"rotation": [-10, 0, 20],
				"cubes": [
					{"origin": [0.63435, 25.4454, 0.0304], "size": [4, 7, 1], "uv": [90, 0], "mirror": true}
				]
			},
			{
				"name": "bone26",
				"parent": "head",
				"pivot": [0, 18, 0]
			},
			{
				"name": "bone22",
				"parent": "bone26",
				"pivot": [0, 25, 5],
				"rotation": [15, 35, 30]
			},
			{
				"name": "bone23",
				"parent": "bone22",
				"pivot": [1, 18, -3],
				"rotation": [0, 15, 0],
				"cubes": [
					{"origin": [-7.31922, 21.1396, 4.15489], "size": [6, 4, 1], "uv": [114, 74], "mirror": true}
				]
			},
			{
				"name": "bone24",
				"parent": "bone22",
				"pivot": [1, 18, -3],
				"rotation": [0, -15, 0],
				"cubes": [
					{"origin": [-3.16249, 21.1396, 4.35825], "size": [6, 4, 1], "uv": [114, 74], "mirror": true}
				]
			},
			{
				"name": "bone25",
				"parent": "bone22",
				"pivot": [-5, 25, 5],
				"rotation": [0, 0, -10],
				"cubes": [
					{"origin": [-5.89619, 21.16986, 3.03019], "size": [1, 4, 4], "uv": [118, 80], "mirror": true}
				]
			},
			{
				"name": "bone17",
				"parent": "bone26",
				"pivot": [0, 25, 5],
				"rotation": [15, -35, -30]
			},
			{
				"name": "bone18",
				"parent": "bone17",
				"pivot": [-1, 18, -3],
				"rotation": [0, -15, 0],
				"cubes": [
					{"origin": [1.31941, 21.13948, 4.15462], "size": [6, 4, 1], "uv": [114, 74]}
				]
			},
			{
				"name": "bone19",
				"parent": "bone17",
				"pivot": [-1, 18, -3],
				"rotation": [0, 15, 0],
				"cubes": [
					{"origin": [-2.83721, 21.13948, 4.35811], "size": [6, 4, 1], "uv": [114, 74]}
				]
			},
			{
				"name": "bone20",
				"parent": "bone17",
				"pivot": [5, 25, 5],
				"rotation": [0, 0, 10],
				"cubes": [
					{"origin": [4.89646, 21.16978, 3.02998], "size": [1, 4, 4], "uv": [118, 80]}
				]
			},
			{
				"name": "bone16",
				"parent": "bone26",
				"pivot": [0.47899, 23.43094, 4.49651],
				"rotation": [-15, -10, 15],
				"cubes": [
					{"origin": [0.47899, 20.93094, 3.99651], "size": [6, 5, 1], "uv": [114, 67]}
				]
			},
			{
				"name": "bone21",
				"parent": "bone26",
				"pivot": [-0.47899, 23.43094, 4.49651],
				"rotation": [-15, 10, -15],
				"cubes": [
					{"origin": [-6.47899, 20.93094, 3.99651], "size": [6, 5, 1], "uv": [114, 67], "mirror": true}
				]
			},
			{
				"name": "bone28",
				"parent": "bone26",
				"pivot": [0.00087, 23.50394, 5.25087],
				"rotation": [-20, 0, 0],
				"cubes": [
					{"origin": [-1.49913, 20.50394, 3.25087], "size": [3, 5, 3], "uv": [20, 0]}
				]
			},
			{
				"name": "bone27",
				"parent": "bone26",
				"pivot": [0.00087, 22.00394, 6.25087],
				"rotation": [25, 0, 0],
				"cubes": [
					{"origin": [-1.49913, 20.50394, 4.75087], "size": [3, 4, 3], "uv": [20, 8]}
				]
			},
			{
				"name": "bone29",
				"parent": "bone27",
				"pivot": [0.00087, 22.00394, 6.75087],
				"rotation": [-15, 0, 0],
				"cubes": [
					{"origin": [-2.49913, 10.00394, 5.05087], "size": [5, 11, 3], "uv": [44, 0]}
				]
			},
			{
				"name": "bone30",
				"parent": "bone29",
				"pivot": [-1.49913, 16.50394, 6.55087],
				"rotation": [0, 0, 20],
				"cubes": [
					{"origin": [-3.11284, 7.85997, 5.3248], "size": [4, 9, 2], "uv": [32, 0]}
				]
			},
			{
				"name": "bone32",
				"parent": "bone30",
				"pivot": [-0.61284, 6.35997, 5.8248],
				"rotation": [0, 0, 40],
				"cubes": [
					{"origin": [-2.94158, 4.84519, 4.82437], "size": [3, 3, 3], "uv": [116, 21]}
				]
			},
			{
				"name": "bone35",
				"parent": "bone32",
				"pivot": [-1.44158, 2.84519, 6.32437],
				"rotation": [0, 4, -45],
				"cubes": [
					{"origin": [-0.40341, 0.80149, 5.28096], "size": [3, 4, 2], "uv": [10, 0]}
				]
			},
			{
				"name": "bone31",
				"parent": "bone29",
				"pivot": [1.49913, 16.50394, 6.55087],
				"rotation": [0, 0, -20],
				"cubes": [
					{"origin": [-0.87914, 7.85323, 5.3248], "size": [4, 9, 2], "uv": [32, 0], "mirror": true}
				]
			},
			{
				"name": "bone33",
				"parent": "bone31",
				"pivot": [0.61284, 6.35997, 5.8248],
				"rotation": [0, 0, -40],
				"cubes": [
					{"origin": [-0.05842, 4.84519, 4.82437], "size": [3, 3, 3], "uv": [116, 21], "mirror": true}
				]
			},
			{
				"name": "bone37",
				"parent": "bone33",
				"pivot": [1.44158, 2.84519, 6.32437],
				"rotation": [0, 0, 45],
				"cubes": [
					{"origin": [-2.59659, 0.80149, 5.28096], "size": [3, 4, 2], "uv": [10, 0]}
				]
			},
			{
				"name": "body",
				"pivot": [0, 10.5, 0],
				"cubes": [
					{"origin": [-3.5, 10, -2], "size": [7, 8, 4], "uv": [106, 54]}
				]
			},
			{
				"name": "bone36",
				"parent": "body",
				"pivot": [0, 16, -1.25],
				"rotation": [-15, 0, 0],
				"cubes": [
					{"origin": [-3, 14.5, -2.25], "size": [6, 3, 1], "uv": [99, 68]}
				]
			},
			{
				"name": "armLeft",
				"pivot": [2.5, 17.5, 0],
				"rotation": [0, 0, -15],
				"cubes": [
					{"origin": [2.49893, 9.49938, -1.5], "size": [2, 8, 3], "uv": [108, 37], "mirror": true}
				]
			},
			{
				"name": "bone34",
				"parent": "armLeft",
				"pivot": [3.60092, 9.38763, -1.5],
				"rotation": [-50, -30, 115],
				"cubes": [
					{"origin": [3.10092, 8.88763, -2.5], "size": [1, 1, 2], "uv": [121, 99], "mirror": true}
				]
			},
			{
				"name": "armRight",
				"pivot": [-2.5, 17.5, 0],
				"rotation": [0, 0, 15],
				"cubes": [
					{"origin": [-4.50107, 9.50062, -1.5], "size": [2, 8, 3], "uv": [118, 37]}
				]
			},
			{
				"name": "bone38",
				"parent": "armRight",
				"pivot": [-3.85132, 6.43816, -1.98864],
				"cubes": [
					{"origin": [-4.35355, 10.72717, -3.19], "size": [1, 3, 0], "uv": [7, 109], "mirror": true},
					{"origin": [-4.35355, 7.72717, -2.6875], "size": [1, 3, 1], "uv": [0, 120], "mirror": true},
					{"origin": [-4.35355, 9.72717, -1.6875], "size": [1, 1, 2], "uv": [0, 120], "mirror": true},
					{"origin": [-4.35355, 8.97717, -1.9375], "size": [1, 1, 1], "uv": [0, 120], "mirror": true},
					{"origin": [-4.35355, 4.72717, -2.6875], "size": [1, 3, 1], "uv": [3, 110], "mirror": true},
					{"origin": [-4.35355, 2.72717, -3.6875], "size": [1, 8, 1], "uv": [0, 116], "mirror": true},
					{"origin": [-4.35355, 12.72717, -3.18], "size": [1, 1, 2], "uv": [0, 120], "mirror": true},
					{"origin": [-4.35355, 10.52717, -3.18], "size": [1, 3, 1], "uv": [0, 120], "mirror": true},
					{"origin": [-4.35355, 10.52717, -2.68], "size": [1, 1, 1], "uv": [0, 120], "mirror": true}
				]
			},
			{
				"name": "bone40",
				"parent": "bone38",
				"pivot": [-11.35355, 8.63763, -1.75],
				"rotation": [-15, 0, 0],
				"cubes": [
					{"origin": [-4.22855, 7.72717, -1.6875], "size": [0.75, 1, 1], "uv": [0, 120], "mirror": true}
				]
			},
			{
				"name": "bone39",
				"parent": "bone40",
				"pivot": [-11.35355, 8.72717, -1.75],
				"rotation": [-15, 0, 0],
				"cubes": [
					{"origin": [-4.22855, 8.00216, -0.7237], "size": [0.75, 1, 1], "uv": [0, 120], "mirror": true}
				]
			},
			{
				"name": "bone41",
				"parent": "bone38",
				"pivot": [-3.85132, 10.43816, -3.98864],
				"rotation": [-70, 0, 0],
				"cubes": [
					{"origin": [-4.35355, 10.38763, -6.2875], "size": [1, 1, 3], "uv": [112, 98], "mirror": true}
				]
			},
			{
				"name": "bone43",
				"parent": "bone38",
				"pivot": [-4.60132, 9.93816, -3.23864],
				"rotation": [-70, 0, -45],
				"cubes": [
					{"origin": [-4.85355, 10.03573, -5.1444], "size": [1, 1, 3], "uv": [112, 98], "mirror": true}
				]
			},
			{
				"name": "bone42",
				"parent": "bone38",
				"pivot": [-3.85132, 12.68816, -1.73864],
				"rotation": [-20, 0, 0],
				"cubes": [
					{"origin": [-4.35355, 10.91588, -2.22703], "size": [1, 2, 1], "uv": [0, 120], "mirror": true}
				]
			},
			{
				"name": "bone46",
				"parent": "bone38",
				"pivot": [-3.85578, 8.93816, -2.98864],
				"rotation": [10, 0, 0],
				"cubes": [
					{"origin": [-4.37855, 8.27717, -3.1875], "size": [0, 1, 1], "uv": [5, 104]},
					{"origin": [-4.37955, 8.27717, -3.5875], "size": [0, 1, 1], "uv": [5, 119]}
				]
			},
			{
				"name": "legLeft",
				"pivot": [2, 10, 0],
				"cubes": [
					{"origin": [0.5, 0, -1.5], "size": [3, 10, 3], "uv": [86, 115]}
				]
			},
			{
				"name": "legRight",
				"pivot": [-2, 10, 0],
				"cubes": [
					{"origin": [-3.5, 0, -1.5], "size": [3, 10, 3], "uv": [74, 115], "mirror": true},
					{"origin": [-3.99693, 6.5, -0.49913], "size": [1, 1, 1], "uv": [119, 104]}
				]
			},
			{
				"name": "bone",
				"parent": "legRight",
				"pivot": [-4, 7, 0],
				"rotation": [-15, 0, -5],
				"cubes": [
					{"origin": [-4.99737, 3.75, -1.00044], "size": [1, 4, 2], "uv": [111, 122]},
					{"origin": [-5.5, 6.75, 0.75], "size": [1, 9, 1], "uv": [124, 104]},
					{"origin": [-5.5, 6.75, -1.75], "size": [1, 9, 1], "uv": [114, 104]}
				]
			},
			{
				"name": "bone2",
				"parent": "bone",
				"pivot": [-5.24737, 4.5, 0],
				"rotation": [0, 0, -10],
				"cubes": [
					{"origin": [-5.49737, 4.5, -0.5], "size": [1, 1, 1], "uv": [119, 107]},
					{"origin": [-6.49737, 4.5, -1], "size": [1, 1, 2], "uv": [121, 99]},
					{"origin": [-6.49737, 5.75, -1], "size": [1, 1, 2], "uv": [121, 99]},
					{"origin": [-6.49737, 7, -1], "size": [1, 1, 2], "uv": [121, 99]},
					{"origin": [-6.49737, 8.25, -1], "size": [1, 1, 2], "uv": [121, 99]},
					{"origin": [-6.49737, 9.5, -1], "size": [1, 1, 2], "uv": [121, 99]},
					{"origin": [-6.49737, 10.75, -1], "size": [1, 1, 2], "uv": [121, 99]}
				]
			},
			{
				"name": "bone3",
				"parent": "bone2",
				"pivot": [-6.49737, 9.5, 0],
				"rotation": [0, 15, -5],
				"cubes": [
					{"origin": [-7.74737, 3.25, -1.75], "size": [2, 11, 3], "uv": [118, 114]}
				]
			}
		]
	}
}