{
  "format_version": "1.10.0",
  "geometry.model": {
    "texturewidth": 512,
    "textureheight": 512,
    "visible_bounds_width": 2,
    "visible_bounds_height": 1,
    "visible_bounds_offset": [0, 0.5, 0],
    "bones": [
      {
        "name": "bone",
        "pivot": [0, 0, 0]
      },
      {
        "name": "bone2",
        "parent": "bone",
        "pivot": [0, 0, 0],
        "cubes": [
          {
            "origin": [-64, -56, -51],
            "size": [128, 128, 116],
            "uv": [12, 268],
            "inflate": -58
          },
          {
            "origin": [-7, 1, 7],
            "size": [14, 14, 1],
            "uv": [0, 0]
          }
        ]
      },
      {
        "name": "bone3",
        "parent": "bone2",
        "pivot": [0, 16.75, 7.25],
        "rotation": [0, 0, -45],
        "cubes": [
          {
            "origin": [-3.86612, 16.88388, 7],
            "size": [5, 1, 1],
            "uv": [39, 0],
            "inflate": -0.25
          },
          {
            "origin": [0.13388, 12.88388, 7],
            "size": [1, 5, 1],
            "uv": [39, 0],
            "inflate": -0.25
          }
        ]
      },
      {
        "name": "bone4",
        "parent": "bone3",
        "pivot": [0.13388, 16.88388, 7.25],
        "rotation": [-10, -10, 0],
        "cubes": [
          {
            "origin": [-0.36612, 16.38388, 5.75],
            "size": [1, 1, 3],
            "uv": [55, 0],
            "inflate": -0.25
          }
        ]
      }
    ]
  }
}