{
  "format_version": "1.10.0",
  "geometry.model": {
    "texturewidth": 128,
    "textureheight": 128,
    "visible_bounds_width": 2,
    "visible_bounds_height": 2,
    "visible_bounds_offset": [0, 1, 0],
    "bones": [
      {
        "name": "head",
        "pivot": [0, 20, 0],
        "cubes": [
          {
            "origin": [-4, 20, -4],
            "size": [8, 8, 8],
            "uv": [96, 0]
          },
          {
            "origin": [-4.5, 19.5, -4.5],
            "size": [9, 9, 9],
            "uv": [92, 16]
          },
          {
            "origin": [-10.5, 10.275, -13.35],
            "size": [21, 21, 21],
            "uv": [0, 42],
            "inflate": -9.3
          }
        ]
      },
      {
        "name": "ahoge",
        "parent": "head",
        "pivot": [0, 28, -3.5],
        "cubes": [
          {
            "origin": [-1.5, 28, -3.5],
            "size": [3, 3, 0],
            "uv": [122, 0]
          }
        ]
      },
      {
        "name": "bone15",
        "parent": "head",
        "pivot": [2.4, 27.66667, -0.5],
        "rotation": [0, 0, 65],
        "cubes": [
          {
            "origin": [2.2, 26, -1.5],
            "size": [3, 5, 1],
            "uv": [94, 0]
          },
          {
            "origin": [4.2, 30, -1.5],
            "size": [1, 1, 1],
            "uv": [96, 18]
          }
        ]
      },
      {
        "name": "bone16",
        "parent": "head",
        "pivot": [-2.4, 27.66667, -0.5],
        "rotation": [0, 0, -65],
        "cubes": [
          {
            "origin": [-5.2, 26, -1.5],
            "size": [3, 5, 1],
            "uv": [94, 0],
            "mirror": true
          },
          {
            "origin": [-5.2, 30, -1.5],
            "size": [1, 1, 1],
            "uv": [96, 18],
            "mirror": true
          }
        ]
      },
      {
        "name": "bone2",
        "pivot": [0, 0, 0],
        "cubes": [
          {
            "origin": [-3.5, 10, -1.5],
            "size": [7, 10, 3],
            "uv": [108, 35]
          },
          {
            "origin": [-3.5, 5.95, -3.8],
            "size": [7, 7, 7],
            "uv": [0, 114],
            "inflate": -2.2
          },
          {
            "origin": [-3.5, 13, -1.5],
            "size": [7, 7, 3],
            "uv": [88, 35],
            "inflate": 0.1
          },
          {
            "origin": [1.8, 10.2, -1.9],
            "size": [1, 10, 1],
            "uv": [43, 117],
            "inflate": -0.2,
            "mirror": true
          },
          {
            "origin": [-2.8, 10.2, -1.9],
            "size": [1, 10, 1],
            "uv": [43, 117],
            "inflate": -0.2
          },
          {
            "origin": [-10.5, 5.275, -10.95],
            "size": [21, 21, 21],
            "uv": [0, 0],
            "inflate": -9.3
          }
        ]
      },
      {
        "name": "tail",
        "parent": "bone2",
        "pivot": [0, 10.9, 0.9],
        "rotation": [-30, 0, 0],
        "cubes": [
          {
            "origin": [-0.5, 10.4, 0.9],
            "size": [1, 1, 3],
            "uv": [79, 0]
          }
        ]
      },
      {
        "name": "bone8",
        "parent": "tail",
        "pivot": [0.5, 10.4, 3.9],
        "rotation": [40, 0, 0],
        "cubes": [
          {
            "origin": [-0.5, 10.4, 3.9],
            "size": [1, 1, 2],
            "uv": [79, 0]
          }
        ]
      },
      {
        "name": "bone9",
        "parent": "bone8",
        "pivot": [0.5, 10.4, 5.9],
        "rotation": [40, 0, 0],
        "cubes": [
          {
            "origin": [-0.5, 10.4, 5.9],
            "size": [1, 1, 2],
            "uv": [79, 0]
          }
        ]
      },
      {
        "name": "bone10",
        "parent": "bone9",
        "pivot": [0.5, 10.4, 7.9],
        "rotation": [40, 0, 0],
        "cubes": [
          {
            "origin": [-0.5, 10.4, 7.9],
            "size": [1, 1, 2],
            "uv": [79, 0]
          }
        ]
      },
      {
        "name": "bone11",
        "parent": "bone10",
        "pivot": [0.5, 10.4, 9.9],
        "rotation": [40, 0, 0],
        "cubes": [
          {
            "origin": [-0.5, 10.4, 9.9],
            "size": [1, 1, 2],
            "uv": [79, 0]
          }
        ]
      },
      {
        "name": "bone12",
        "parent": "bone11",
        "pivot": [0.5, 11.4, 11.9],
        "rotation": [-35, 0, 0],
        "cubes": [
          {
            "origin": [-0.5, 10.4, 11.9],
            "size": [1, 1, 2],
            "uv": [79, 0]
          }
        ]
      },
      {
        "name": "bone13",
        "parent": "bone12",
        "pivot": [0.5, 11.4, 13.9],
        "rotation": [-35, 0, 0],
        "cubes": [
          {
            "origin": [-0.5, 10.4, 13.9],
            "size": [1, 1, 2],
            "uv": [79, 0]
          }
        ]
      },
      {
        "name": "bone14",
        "parent": "bone13",
        "pivot": [0.5, 11.4, 15.9],
        "rotation": [-35, 0, 0],
        "cubes": [
          {
            "origin": [-0.5, 10.4, 15.9],
            "size": [1, 1, 2],
            "uv": [79, 0]
          }
        ]
      },
      {
        "name": "legLeft",
        "pivot": [2, 10, -1.5],
        "cubes": [
          {
            "origin": [0.5, 0, -1.5],
            "size": [3, 10, 3],
            "uv": [29, 115]
          },
          {
            "origin": [-2.5, -0.9, -4.5],
            "size": [9, 10, 9],
            "uv": [92, 86],
            "inflate": -2.8
          },
          {
            "origin": [-2.5, -1.7, -4.5],
            "size": [9, 13, 9],
            "uv": [92, 106],
            "inflate": -2.9
          },
          {
            "origin": [-2.5, -3, -4.5],
            "size": [9, 7, 9],
            "uv": [0, 97],
            "inflate": -2.9
          }
        ]
      },
      {
        "name": "legRight",
        "pivot": [-2, 10, -1.5],
        "cubes": [
          {
            "origin": [-6.5, -3, -4.5],
            "size": [9, 7, 9],
            "uv": [0, 97],
            "inflate": -2.9,
            "mirror": true
          },
          {
            "origin": [-3.5, 0, -1.5],
            "size": [3, 10, 3],
            "uv": [29, 115],
            "mirror": true
          },
          {
            "origin": [-6.5, 2, -4.5],
            "size": [9, 9, 9],
            "uv": [55, 87],
            "inflate": -2.8,
            "mirror": true
          },
          {
            "origin": [-6.5, 1.3, -4.5],
            "size": [9, 11, 9],
            "uv": [55, 108],
            "inflate": -2.9,
            "mirror": true
          }
        ]
      },
      {
        "name": "armLeft",
        "pivot": [4.5, 18, -1.5],
        "cubes": [
          {
            "origin": [3.5, 10, -1.5],
            "size": [3, 10, 3],
            "uv": [116, 50]
          },
          {
            "origin": [3.5, 11.9, -1.5],
            "size": [3, 6, 3],
            "uv": [116, 64],
            "inflate": 0.1
          },
          {
            "origin": [3.5, 11.7, -1.5],
            "size": [3, 2, 3],
            "uv": [116, 75],
            "inflate": 0.2
          }
        ]
      },
      {
        "name": "armRight",
        "pivot": [-4.5, 18, -1.5],
        "cubes": [
          {
            "origin": [-6.5, 10, -1.5],
            "size": [3, 10, 3],
            "uv": [116, 50],
            "mirror": true
          },
          {
            "origin": [-6.5, 11.9, -1.5],
            "size": [3, 6, 3],
            "uv": [116, 64],
            "inflate": 0.1,
            "mirror": true
          },
          {
            "origin": [-6.5, 11.7, -1.5],
            "size": [3, 2, 3],
            "uv": [116, 75],
            "inflate": 0.2,
            "mirror": true
          }
        ]
      }
    ]
  }
}