{
	"format_version": "1.10.0",
	"geometry.model": {
		"texturewidth": 128,
		"textureheight": 128,
		"visible_bounds_width": 3,
		"visible_bounds_height": 2,
		"visible_bounds_offset": [0, 1, 0],
		"bones": [
			{
				"name": "head",
				"pivot": [0, 18, 0],
				"cubes": [
					{"origin": [-4, 18, -4], "size": [8, 8, 8], "uv": [96, 18]},
					{"origin": [-4.5, 17.5, -4.5], "size": [9, 9, 9], "uv": [92, 0]}
				]
			},
			{
				"name": "blink",
				"parent": "head",
				"pivot": [0, 16.5, 3.5]
			},
			{
				"name": "bone2",
				"parent": "head",
				"pivot": [0, 26.5, 1.25],
				"rotation": [-25, 0, 0],
				"cubes": [
					{"origin": [-5, 24.10048, -2.875], "size": [10, 2, 9], "uv": [54, 0]},
					{"origin": [-4.5, 26.10048, -2.125], "size": [9, 2, 8], "uv": [56, 13]}
				]
			},
			{
				"name": "bone5",
				"parent": "bone2",
				"pivot": [0, 29.75, 5.75],
				"rotation": [5, 60, 20],
				"cubes": [
					{"origin": [0.33306, 26.97801, 6.70417], "size": [0, 3, 4], "uv": [81, 10]}
				]
			},
			{
				"name": "bone11",
				"parent": "bone2",
				"pivot": [0, 29.75, 5.75],
				"rotation": [5, -60, -20],
				"cubes": [
					{"origin": [-0.33306, 26.97801, 6.70417], "size": [0, 3, 4], "uv": [81, 10], "mirror": true}
				]
			},
			{
				"name": "bone3",
				"parent": "head",
				"pivot": [6.5, 24.5, 1],
				"rotation": [0, -10, -25],
				"cubes": [
					{"origin": [3.25, 23, 0.5], "size": [4, 2, 1], "uv": [93, 21]},
					{"origin": [6.25, 23, 0.5], "size": [1, 1, 1], "uv": [93, 18]}
				]
			},
			{
				"name": "bone4",
				"parent": "head",
				"pivot": [-6.5, 24.5, 1],
				"rotation": [0, 10, 25],
				"cubes": [
					{"origin": [-7.25, 23, 0.5], "size": [4, 2, 1], "uv": [93, 21], "mirror": true},
					{"origin": [-7.25, 23, 0.5], "size": [1, 1, 1], "uv": [93, 18], "mirror": true}
				]
			},
			{
				"name": "body",
				"pivot": [0, 10.5, 0],
				"cubes": [
					{"origin": [-3, 8, -2.5], "size": [6, 10, 5], "uv": [52, 113]},
					{"origin": [-3.5, 4.25, -3], "size": [7, 14, 6], "uv": [74, 108]},
					{"origin": [-3, 4, -2.5], "size": [6, 4, 5], "uv": [52, 104]}
				]
			},
			{
				"name": "bone",
				"parent": "body",
				"pivot": [0, 16.25, 0.25],
				"rotation": [-25, 0, 0],
				"cubes": [
					{"origin": [-3, 12.90937, -2.70774], "size": [6, 3, 2], "uv": [36, 123]}
				]
			},
			{
				"name": "armLeft",
				"pivot": [2, 17.5, 0],
				"rotation": [0, 0, -25],
				"cubes": [
					{"origin": [2.18738, 9.34524, -1], "size": [2, 8, 2], "uv": [100, 118], "mirror": true},
					{"origin": [1.68738, 9.84524, -1.5], "size": [3, 8, 3], "uv": [108, 117], "mirror": true}
				]
			},
			{
				"name": "armRight",
				"pivot": [-2, 17.5, 0],
				"rotation": [0, 0, 25],
				"cubes": [
					{"origin": [-4.18738, 9.34524, -1], "size": [2, 8, 2], "uv": [100, 108]},
					{"origin": [-4.68738, 9.84524, -1.5], "size": [3, 8, 3], "uv": [108, 117]}
				]
			},
			{
				"name": "legLeft",
				"pivot": [1.75, 8, 0],
				"cubes": [
					{"origin": [0.75, 0, -1], "size": [2, 8, 2], "uv": [120, 118]}
				]
			},
			{
				"name": "legRight",
				"pivot": [-1.75, 8, 0],
				"cubes": [
					{"origin": [-2.75, 0, -1], "size": [2, 8, 2], "uv": [120, 118], "mirror": true}
				]
			},
			{
				"name": "wingLeft",
				"pivot": [1.5, 14.5, 3],
				"rotation": [15, 10, 0],
				"cubes": [
					{"origin": [0.79289, 14, 2.5], "size": [1, 1, 2], "uv": [122, 39]}
				]
			},
			{
				"name": "bone6",
				"parent": "wingLeft",
				"pivot": [1.5, 14.5, 4.5],
				"rotation": [0, 45, 0],
				"cubes": [
					{"origin": [1, 14, 4], "size": [1, 1, 3], "uv": [120, 38]}
				]
			},
			{
				"name": "bone7",
				"parent": "bone6",
				"pivot": [1.5, 14.5, 7.5],
				"rotation": [50, 0, 0],
				"cubes": [
					{"origin": [1, 14.56163, 6.79558], "size": [1, 1, 3], "uv": [120, 38]}
				]
			},
			{
				"name": "bone8",
				"parent": "bone7",
				"pivot": [1.5, 15.06163, 10.29558],
				"rotation": [-20, 0, 0],
				"cubes": [
					{"origin": [1, 10.36046, 9.65473], "size": [1, 6, 1], "uv": [124, 37]}
				]
			},
			{
				"name": "bone9",
				"parent": "bone8",
				"pivot": [1.5, 9.86046, 10.15473],
				"rotation": [-25, 0, 0],
				"cubes": [
					{"origin": [1, 5.52493, 9.39657], "size": [1, 5, 1], "uv": [124, 37]},
					{"origin": [1.5, 6.02493, 3.14657], "size": [0, 8, 7], "uv": [0, 113]}
				]
			},
			{
				"name": "bone10",
				"parent": "bone6",
				"pivot": [1.5, 13, 6.5],
				"rotation": [-10, 0, 0],
				"cubes": [
					{"origin": [1, 11.82163, 5.81876], "size": [1, 2.25, 1], "uv": [122, 39]}
				]
			},
			{
				"name": "wingRight",
				"pivot": [-1.5, 14.5, 3],
				"rotation": [15, -10, 0],
				"cubes": [
					{"origin": [-1.79289, 14, 2.5], "size": [1, 1, 2], "uv": [122, 39], "mirror": true}
				]
			},
			{
				"name": "bone12",
				"parent": "wingRight",
				"pivot": [-1.5, 14.5, 4.5],
				"rotation": [0, -45, 0],
				"cubes": [
					{"origin": [-2, 14, 4], "size": [1, 1, 3], "uv": [120, 38], "mirror": true}
				]
			},
			{
				"name": "bone13",
				"parent": "bone12",
				"pivot": [-1.5, 14.5, 7.5],
				"rotation": [50, 0, 0],
				"cubes": [
					{"origin": [-2, 14.56163, 6.79558], "size": [1, 1, 3], "uv": [120, 38], "mirror": true}
				]
			},
			{
				"name": "bone14",
				"parent": "bone13",
				"pivot": [-1.5, 15.06163, 10.29558],
				"rotation": [-20, 0, 0],
				"cubes": [
					{"origin": [-2, 10.36046, 9.65473], "size": [1, 6, 1], "uv": [124, 37], "mirror": true}
				]
			},
			{
				"name": "bone15",
				"parent": "bone14",
				"pivot": [-1.5, 9.86046, 10.15473],
				"rotation": [-25, 0, 0],
				"cubes": [
					{"origin": [-2, 5.52493, 9.39657], "size": [1, 5, 1], "uv": [124, 37], "mirror": true},
					{"origin": [-1.5, 6.02493, 3.14657], "size": [0, 8, 7], "uv": [0, 113], "mirror": true}
				]
			},
			{
				"name": "bone16",
				"parent": "bone12",
				"pivot": [-1.5, 13, 6.5],
				"rotation": [-10, 0, 0],
				"cubes": [
					{"origin": [-2, 11.82163, 5.81876], "size": [1, 2.25, 1], "uv": [122, 39], "mirror": true}
				]
			},
			{
				"name": "backpackPositioningBone",
				"pivot": [0, 17.5, 0]
			}
		]
	}
}