{
	"format_version": "1.10.0",
	"geometry.model": {
		"texturewidth": 128,
		"textureheight": 128,
		"visible_bounds_width": 3,
		"visible_bounds_height": 2,
		"visible_bounds_offset": [0, 1, 0],
		"bones": [
			{
				"name": "head",
				"pivot": [0, 18, 0],
				"cubes": [
					{"origin": [-4, 18, -4], "size": [8, 8, 8], "uv": [60, 14]},
					{"origin": [-4.5, 16.5, -4.5], "size": [9, 10, 9], "uv": [92, 0]},
					{"origin": [-3, 27, 1], "size": [6, 0, 4], "uv": [81, 0]}
				]
			},
			{
				"name": "blink",
				"parent": "head",
				"pivot": [0, 16.5, 3.5],
				"cubes": [
					{"origin": [-4, 18, -4.00261], "size": [8, 6, 0], "uv": [92, 33]}
				]
			},
			{
				"name": "bone",
				"parent": "head",
				"pivot": [2.5, 22.8, 0],
				"rotation": [0, 0, -20],
				"cubes": [
					{"origin": [1, 18.3, -3.5], "size": [4, 7, 7], "uv": [92, 19]}
				]
			},
			{
				"name": "bone2",
				"parent": "head",
				"pivot": [-2.5, 22.8, 0],
				"rotation": [0, 0, 20],
				"cubes": [
					{"origin": [-5, 18.3, -3.5], "size": [4, 7, 7], "uv": [92, 19], "mirror": true}
				]
			},
			{
				"name": "bone3",
				"parent": "head",
				"pivot": [6.5, 25, 0],
				"rotation": [0, 0, -10],
				"cubes": [
					{"origin": [3, 23, -0.5], "size": [6, 4, 1], "uv": [114, 20]}
				]
			},
			{
				"name": "bone4",
				"parent": "head",
				"pivot": [-6.5, 25, 0],
				"rotation": [0, 0, 10],
				"cubes": [
					{"origin": [-9, 23, -0.5], "size": [6, 4, 1], "uv": [114, 20], "mirror": true}
				]
			},
			{
				"name": "bone31",
				"parent": "head",
				"pivot": [0, 27, 5],
				"rotation": [5, 0, 0]
			},
			{
				"name": "bone25",
				"parent": "bone31",
				"pivot": [0, 27, 5],
				"rotation": [5, 0, 0],
				"cubes": [
					{"origin": [-4.5, 17, 5], "size": [9, 10, 0], "uv": [74, 4]}
				]
			},
			{
				"name": "bone26",
				"parent": "bone25",
				"pivot": [0, 22, 5],
				"rotation": [0, 0, 25],
				"cubes": [
					{"origin": [-5.28885, 16.06027, 4.99], "size": [6, 9, 0], "uv": [77, 5]}
				]
			},
			{
				"name": "bone27",
				"parent": "bone25",
				"pivot": [0, 22, 5],
				"rotation": [0, 0, -25],
				"cubes": [
					{"origin": [-0.71115, 16.06027, 4.99], "size": [6, 9, 0], "uv": [77, 5], "mirror": true}
				]
			},
			{
				"name": "bone28",
				"parent": "bone31",
				"pivot": [0, 27, 4.9],
				"rotation": [5, 0, 0],
				"cubes": [
					{"origin": [-4.5, 17, 4.98], "size": [9, 10, 0], "uv": [56, 4]}
				]
			},
			{
				"name": "bone29",
				"parent": "bone28",
				"pivot": [0, 22, 4.9],
				"rotation": [0, 0, 25],
				"cubes": [
					{"origin": [-5.28885, 16.06027, 4.97], "size": [6, 9, 0], "uv": [59, 5]}
				]
			},
			{
				"name": "bone30",
				"parent": "bone28",
				"pivot": [0, 22, 4.9],
				"rotation": [0, 0, -25],
				"cubes": [
					{"origin": [-0.71115, 16.06027, 4.97], "size": [6, 9, 0], "uv": [59, 5], "mirror": true}
				]
			},
			{
				"name": "bone32",
				"parent": "head",
				"pivot": [2, 26.25, 1.5],
				"rotation": [20, 0, 0],
				"cubes": [
					{"origin": [1.5, 25.25, -0.5], "size": [1, 2, 4], "uv": [118, 26], "mirror": true}
				]
			},
			{
				"name": "bone33",
				"parent": "head",
				"pivot": [-2, 26.25, 1.5],
				"rotation": [20, 0, 0],
				"cubes": [
					{"origin": [-2.5, 25.25, -0.5], "size": [1, 2, 4], "uv": [118, 26]}
				]
			},
			{
				"name": "body",
				"pivot": [0, 10.5, 0],
				"cubes": [
					{"origin": [-1, 17, -1], "size": [2, 1, 2], "uv": [120, 36]},
					{"origin": [-3, 13, -2.5], "size": [6, 4, 5], "uv": [24, 40]},
					{"origin": [-3.5, 10, -3], "size": [7, 3, 6], "uv": [46, 40]},
					{"origin": [-4, 7, -3.5], "size": [8, 3, 7], "uv": [98, 40]},
					{"origin": [-4, 5, -3.5], "size": [8, 2, 7], "uv": [95, 64]},
					{"origin": [-3.5, 13.5, -3], "size": [7, 4, 6], "uv": [72, 40]},
					{"origin": [-4, 10.5, -3.5], "size": [8, 3, 7], "uv": [64, 63]},
					{"origin": [-4.5, 5.5, -4], "size": [9, 5, 8], "uv": [94, 50]},
					{"origin": [-5, 4.5, -4.5], "size": [10, 2, 9], "uv": [56, 52]},
					{"origin": [-5, 9, -4.5], "size": [10, 1, 9], "uv": [56, 52]},
					{"origin": [-1, 10.5, 0], "size": [1, 1, 1], "uv": [0, 0]},
					{"origin": [-4.5, 5.5, 3.999], "size": [9, 5, 0], "uv": [65, 7]},
					{"origin": [-4.489, 5.5, -4], "size": [0, 5, 8], "uv": [0, 0]},
					{"origin": [4.499, 5.5, -4], "size": [0, 5, 8], "uv": [0, 0], "mirror": true},
					{"origin": [-4.5, 5.5, -3.999], "size": [9, 5, 0], "uv": [0, 13]}
				]
			},
			{
				"name": "bone5",
				"parent": "body",
				"pivot": [0, 14.05297, -0.832],
				"rotation": [-25, 0, 0],
				"cubes": [
					{"origin": [-2.5, 12.55297, -3.332], "size": [5, 3, 2], "uv": [36, 53]},
					{"origin": [-2.75, 12.30297, -3.582], "size": [2, 3, 2], "uv": [25, 51]},
					{"origin": [0.75, 12.30297, -3.582], "size": [2, 3, 2], "uv": [25, 51], "mirror": true},
					{"origin": [-2.5, 9.80297, -3.082], "size": [5, 3, 0], "uv": [108, 36]}
				]
			},
			{
				"name": "bone15",
				"parent": "bone5",
				"pivot": [0, 11.55297, -3.082],
				"rotation": [20, 0, 0],
				"cubes": [
					{"origin": [-2, 7.30297, -2.732], "size": [4, 5, 0], "uv": [25, 56]}
				]
			},
			{
				"name": "bone6",
				"parent": "body",
				"pivot": [0, 17.25, -2],
				"rotation": [10, 0, 0],
				"cubes": [
					{"origin": [-2, 16.54544, -3.94791], "size": [4, 1, 6], "uv": [45, 53]},
					{"origin": [-1.5, 16.58017, -4.14487], "size": [3, 1, 0], "uv": [122, 34]}
				]
			},
			{
				"name": "bone7",
				"parent": "bone6",
				"pivot": [-1, 17.04544, -3.94791],
				"cubes": [
					{"origin": [-1.51228, 16.05772, -4.04639], "size": [1, 2, 0], "uv": [119, 34]}
				]
			},
			{
				"name": "bone8",
				"parent": "bone6",
				"pivot": [1, 17.04544, -3.94791],
				"cubes": [
					{"origin": [0.51228, 16.05772, -4.04639], "size": [1, 2, 0], "uv": [119, 34], "mirror": true}
				]
			},
			{
				"name": "armLeft",
				"pivot": [2.25, 16.75, 0],
				"rotation": [0, 0, -25],
				"cubes": [
					{"origin": [2.68789, 8.0975, -1], "size": [2, 8, 2], "uv": [112, 73], "mirror": true},
					{"origin": [2.18789, 9.3475, -1.5], "size": [3, 1, 3], "uv": [79, 34], "mirror": true},
					{"origin": [2.18789, 10.8475, -1.5], "size": [3, 6, 3], "uv": [99, 74], "mirror": true},
					{"origin": [4.68789, 15.0975, 0.75], "size": [1, 1, 0], "uv": [86, 17]},
					{"origin": [4.68789, 12.0975, 0.75], "size": [1, 1, 0], "uv": [86, 17]}
				]
			},
			{
				"name": "bone9",
				"parent": "armLeft",
				"pivot": [2.68789, 16.0975, 0],
				"rotation": [0, 0, 10],
				"cubes": [
					{"origin": [2.68789, 11.0975, -1], "size": [2, 5, 2], "uv": [120, 83], "mirror": true}
				]
			},
			{
				"name": "bone10",
				"parent": "armLeft",
				"pivot": [5.68789, 12.5975, 0.75],
				"rotation": [0, -45, 0],
				"cubes": [
					{"origin": [5.68789, 12.0975, 0.75], "size": [1, 1, 0], "uv": [86, 17]}
				]
			},
			{
				"name": "bone11",
				"parent": "armLeft",
				"pivot": [5.68789, 15.5975, 0.75],
				"rotation": [0, -45, 0],
				"cubes": [
					{"origin": [5.68789, 15.0975, 0.75], "size": [1, 1, 0], "uv": [86, 17]}
				]
			},
			{
				"name": "armRight",
				"pivot": [-2.25, 16.75, 0],
				"rotation": [0, 0, 25],
				"cubes": [
					{"origin": [-4.68789, 8.0975, -1], "size": [2, 8, 2], "uv": [112, 73]},
					{"origin": [-5.18789, 9.3475, -1.5], "size": [3, 1, 3], "uv": [79, 34]},
					{"origin": [-5.18789, 10.8475, -1.5], "size": [3, 6, 3], "uv": [99, 74]},
					{"origin": [-5.68789, 15.0975, 0.75], "size": [1, 1, 0], "uv": [86, 17], "mirror": true},
					{"origin": [-5.68789, 12.0975, 0.75], "size": [1, 1, 0], "uv": [86, 17], "mirror": true},
					{"origin": [-5.68789, 13.0975, -2], "size": [4, 2, 4], "uv": [82, 75]}
				]
			},
			{
				"name": "bone12",
				"parent": "armRight",
				"pivot": [-2.68789, 16.0975, 0],
				"rotation": [0, 0, -10],
				"cubes": [
					{"origin": [-4.68789, 11.0975, -1], "size": [2, 5, 2], "uv": [120, 83]}
				]
			},
			{
				"name": "bone13",
				"parent": "armRight",
				"pivot": [-5.68789, 12.5975, 0.75],
				"rotation": [0, 45, 0],
				"cubes": [
					{"origin": [-6.68789, 12.0975, 0.75], "size": [1, 1, 0], "uv": [86, 17], "mirror": true}
				]
			},
			{
				"name": "bone14",
				"parent": "armRight",
				"pivot": [-5.68789, 15.5975, 0.75],
				"rotation": [0, 45, 0],
				"cubes": [
					{"origin": [-6.68789, 15.0975, 0.75], "size": [1, 1, 0], "uv": [86, 17], "mirror": true}
				]
			},
			{
				"name": "bone16",
				"parent": "armRight",
				"pivot": [-4.18789, 11.5975, -0.5],
				"rotation": [75, 10, -100],
				"cubes": [
					{"origin": [-7.68789, -0.9025, -1], "size": [1, 16, 1], "uv": [124, 92]},
					{"origin": [-7.68789, -2.9025, -0.5], "size": [1, 2, 0], "uv": [69, 42]}
				]
			},
			{
				"name": "bone17",
				"parent": "bone16",
				"pivot": [-7.18789, 15.5975, -0.5],
				"cubes": [
					{"origin": [-8.68789, 15.0975, -1], "size": [3, 1, 1], "uv": [68, 35]}
				]
			},
			{
				"name": "bone18",
				"parent": "bone17",
				"pivot": [-7.18789, 15.5975, -0.5],
				"rotation": [0, 0, -45],
				"cubes": [
					{"origin": [-6.48078, 14.18329, -1], "size": [3, 1, 1], "uv": [68, 35]},
					{"origin": [-8.6021, 16.30461, -0.5], "size": [1, 1, 0], "uv": [69, 42]},
					{"origin": [-5.98078, 15.43329, -1], "size": [2, 2, 1], "uv": [69, 31]},
					{"origin": [-5.48078, 14.68329, 0.25], "size": [1, 2, 0], "uv": [69, 42]},
					{"origin": [-10.73078, 14.68329, -0.5], "size": [3, 1, 0], "uv": [71, 42]},
					{"origin": [-10.73078, 12.68329, -0.5], "size": [1, 3, 0], "uv": [69, 42]},
					{"origin": [-6.48078, 13.68329, -1.5], "size": [2, 1, 2], "uv": [68, 38]},
					{"origin": [-5.48078, 14.68329, -1.25], "size": [1, 2, 0], "uv": [69, 42]},
					{"origin": [-6.48078, 13.93329, -0.5], "size": [3, 1, 0], "uv": [122, 127]}
				]
			},
			{
				"name": "bone19",
				"parent": "bone18",
				"pivot": [-7.18789, 15.5975, -0.5],
				"rotation": [0, 0, -45],
				"cubes": [
					{"origin": [-5.56657, 11.97618, -1], "size": [3, 1, 1], "uv": [68, 35]},
					{"origin": [-5.56657, 11.72618, -0.5], "size": [3, 1, 0], "uv": [122, 127]}
				]
			},
			{
				"name": "bone20",
				"parent": "bone19",
				"pivot": [-7.18789, 15.5975, -0.5],
				"rotation": [0, 0, -45],
				"cubes": [
					{"origin": [-6.48078, 9.76907, -1], "size": [3, 1, 1], "uv": [68, 35]},
					{"origin": [-6.48078, 9.51907, -0.5], "size": [3, 1, 0], "uv": [122, 127]}
				]
			},
			{
				"name": "bone21",
				"parent": "bone20",
				"pivot": [-7.18789, 15.5975, -0.5],
				"rotation": [0, 0, -45],
				"cubes": [
					{"origin": [-8.68789, 8.85486, -1], "size": [3, 1, 1], "uv": [68, 35]},
					{"origin": [-8.68789, 8.60486, -0.5], "size": [1, 1, 0], "uv": [126, 127]}
				]
			},
			{
				"name": "bone22",
				"parent": "bone21",
				"pivot": [-7.18789, 15.5975, -0.5],
				"rotation": [0, 0, -45],
				"cubes": [
					{"origin": [-10.895, 9.71907, -0.5], "size": [3, 1, 0], "uv": [69, 42]}
				]
			},
			{
				"name": "bone23",
				"parent": "bone22",
				"pivot": [-7.18789, 15.5975, -0.5],
				"rotation": [0, 0, -45],
				"cubes": [
					{"origin": [-11.80921, 11.97618, -0.5], "size": [2, 1, 0], "uv": [69, 42]}
				]
			},
			{
				"name": "bone24",
				"parent": "bone16",
				"pivot": [-7.18789, -0.9025, -0.5],
				"rotation": [0, 0, 45],
				"cubes": [
					{"origin": [-7.68789, -1.4025, -1], "size": [1, 1, 1], "uv": [77, 33]}
				]
			},
			{
				"name": "legLeft",
				"pivot": [2, 8.25, 0],
				"cubes": [
					{"origin": [1, 1.25, -1], "size": [2, 7, 2], "uv": [120, 73]},
					{"origin": [1, 0.25, -1.75], "size": [2, 1, 3], "uv": [88, 65]},
					{"origin": [0.5, 1.75, -1.5], "size": [3, 1, 3], "uv": [87, 52]},
					{"origin": [1, 0, -2], "size": [2, 1, 2], "uv": [95, 41]},
					{"origin": [1, 0, 0.25], "size": [2, 1, 1], "uv": [122, 66]}
				]
			},
			{
				"name": "legRight",
				"pivot": [-2, 8.25, 0],
				"cubes": [
					{"origin": [-3, 1.25, -1], "size": [2, 7, 2], "uv": [120, 73], "mirror": true},
					{"origin": [-3, 0.25, -1.75], "size": [2, 1, 3], "uv": [88, 65], "mirror": true},
					{"origin": [-3.5, 1.75, -1.5], "size": [3, 1, 3], "uv": [87, 52], "mirror": true},
					{"origin": [-3, 0, -2], "size": [2, 1, 2], "uv": [95, 41], "mirror": true},
					{"origin": [-3, 0, 0.25], "size": [2, 1, 1], "uv": [122, 66], "mirror": true}
				]
			}
		]
	}
}