{
	"format_version": "1.10.0",
	"geometry.model": {
		"texturewidth": 128,
		"textureheight": 128,
		"visible_bounds_width": 3,
		"visible_bounds_height": 2,
		"visible_bounds_offset": [0, 1, 0],
		"bones": [
			{
				"name": "head",
				"pivot": [0, 18, 0],
				"cubes": [
					{"origin": [-4, 18, -4], "size": [8, 8, 8], "uv": [0, 0]},
					{"origin": [-4.5, 16.5, -4.5], "size": [9, 10, 9], "uv": [32, 0]},
					{"origin": [-4, 13, -4], "size": [8, 5, 8], "uv": [0, 16]}
				]
			},
			{
				"name": "blink",
				"parent": "head",
				"pivot": [0, 16.5, 3.5],
				"cubes": [
					{"origin": [-4, 18, -4.00261], "size": [8, 6, 0], "uv": [27, 39]}
				]
			},
			{
				"name": "bone",
				"parent": "head",
				"pivot": [0, 19, 4],
				"rotation": [20, 0, 0],
				"cubes": [
					{"origin": [-4.00175, 6.94029, 3.34038], "size": [8, 13, 1], "uv": [68, 0]}
				]
			},
			{
				"name": "bone2",
				"parent": "head",
				"pivot": [0, 22.2, 4.5],
				"rotation": [-20, 0, 0],
				"cubes": [
					{"origin": [-6.4979, 24.07309, 3.41239], "size": [13, 5, 1], "uv": [86, 0]}
				]
			},
			{
				"name": "bone3",
				"parent": "head",
				"pivot": [0, 23.8, 4.5],
				"rotation": [-145, 0, 0],
				"cubes": [
					{"origin": [-7.50174, 23.42786, 3.82015], "size": [15, 7, 1], "uv": [86, 6]}
				]
			},
			{
				"name": "bone4",
				"parent": "head",
				"pivot": [3, 18, 0],
				"rotation": [0, 0, -25],
				"cubes": [
					{"origin": [3, 18, -3.5], "size": [3, 5, 7], "uv": [68, 14]}
				]
			},
			{
				"name": "bone5",
				"parent": "head",
				"pivot": [-3, 18, 0],
				"rotation": [0, 0, 25],
				"cubes": [
					{"origin": [-6, 18, -3.5], "size": [3, 5, 7], "uv": [88, 14], "mirror": true}
				]
			},
			{
				"name": "bone12",
				"parent": "head",
				"pivot": [0, 18, 6.5],
				"rotation": [15, 0, 0],
				"cubes": [
					{"origin": [-1.5, 9.75, 5.5], "size": [3, 14, 2], "uv": [117, 49]}
				]
			},
			{
				"name": "bone13",
				"parent": "head",
				"pivot": [0, 24.50697, 4.58777],
				"rotation": [30, 0, 0],
				"cubes": [
					{"origin": [-1, 23.00697, 3.83777], "size": [2, 3, 2], "uv": [114, 0]}
				]
			},
			{
				"name": "body",
				"pivot": [0, 10.5, 0],
				"cubes": [
					{"origin": [-3, 11, -2.5], "size": [6, 7, 5], "uv": [0, 29]},
					{"origin": [-3.5, 9, -3], "size": [7, 2, 6], "uv": [33, 20]},
					{"origin": [-4, 8, -3.5], "size": [8, 1, 7], "uv": [25, 29]},
					{"origin": [-4, 7, -3.5], "size": [8, 1, 7], "uv": [92, 28], "mirror": true},
					{"origin": [-4.49694, 6.25, -3.99695], "size": [9, 1.3, 8], "uv": [54, 27]},
					{"origin": [-0.50087, 10.99563, -2.501], "size": [1, 5, 0], "uv": [23, 34]}
				]
			},
			{
				"name": "bone6",
				"parent": "body",
				"pivot": [0, 15.5, -2],
				"rotation": [-30, 0, 0],
				"cubes": [
					{"origin": [-2.49843, 13.26803, -2.90319], "size": [5, 3, 2], "uv": [18, 29]}
				]
			},
			{
				"name": "bone7",
				"parent": "body",
				"pivot": [0, 15.5, -2],
				"rotation": [-30, 0, 0],
				"cubes": [
					{"origin": [-0.49843, 13.81803, -3.40319], "size": [1, 2, 1], "uv": [0, 29]}
				]
			},
			{
				"name": "wings",
				"parent": "body",
				"pivot": [0, 16.5, 3.5],
				"rotation": [10, 0, 0],
				"cubes": [
					{"origin": [-10.97725, 2.49306, 2.52967], "size": [22, 15, 2], "uv": [80, 81]},
					{"origin": [-10.97725, 2.49306, 4.5], "size": [22, 15, 0], "uv": [84, 98]},
					{"origin": [-14, 5, 3], "size": [28, 12, 1], "uv": [70, 68]}
				]
			},
			{
				"name": "armLeft",
				"pivot": [3, 16.5, 0],
				"rotation": [0, 0, -25],
				"cubes": [
					{"origin": [2.51631, 8.82893, -1], "size": [2, 8, 2], "uv": [111, 37], "mirror": true},
					{"origin": [2.01631, 13.82893, -1.5], "size": [3, 2, 3], "uv": [85, 40], "mirror": true}
				]
			},
			{
				"name": "armRight",
				"pivot": [-3, 16.5, 0],
				"rotation": [0, 0, 25],
				"cubes": [
					{"origin": [-4.51631, 8.82893, -1], "size": [2, 8, 2], "uv": [119, 37]},
					{"origin": [-5.01631, 13.82893, -1.5], "size": [3, 2, 3], "uv": [98, 40]}
				]
			},
			{
				"name": "bone8",
				"parent": "armRight",
				"pivot": [-3.51631, 8.32893, 0],
				"cubes": [
					{"origin": [-5.01631, 7.82893, -1.5], "size": [3, 4, 3], "uv": [0, 66]},
					{"origin": [-4.51631, 2.32893, -2.4], "size": [2, 8, 1], "uv": [0, 45]},
					{"origin": [-5.93052, 2.32893, -0.98579], "size": [1, 8, 2], "uv": [0, 54]}
				]
			},
			{
				"name": "bone9",
				"parent": "bone8",
				"pivot": [-3.31631, 3.32893, 0.5],
				"rotation": [0, -45, 0],
				"cubes": [
					{"origin": [-4.80123, 2.32893, -2.1163], "size": [2, 8, 1], "uv": [6, 45]},
					{"origin": [-6.21545, 2.32893, -0.70208], "size": [1, 8, 2], "uv": [6, 54]}
				]
			},
			{
				"name": "bone10",
				"parent": "bone9",
				"pivot": [-3.31631, 3.32893, 0.5],
				"rotation": [0, -135, 0],
				"cubes": [
					{"origin": [-4.11631, 2.32893, -1.42843], "size": [2, 8, 1], "uv": [12, 45]},
					{"origin": [-5.53052, 2.32893, -0.01421], "size": [1, 8, 2], "uv": [12, 54]}
				]
			},
			{
				"name": "bone11",
				"parent": "bone10",
				"pivot": [-3.31631, 9.12893, 0.5],
				"rotation": [0, -45, 0],
				"cubes": [
					{"origin": [-3.83139, 2.32893, -1.71213], "size": [2, 8, 1], "uv": [18, 45]},
					{"origin": [-5.2456, 2.32893, -0.29792], "size": [1, 8, 2], "uv": [18, 54]}
				]
			},
			{
				"name": "legLeft",
				"pivot": [2, 9, 0],
				"cubes": [
					{"origin": [1, 0, -1], "size": [2, 11, 2], "uv": [83, 115]}
				]
			},
			{
				"name": "bone14",
				"parent": "legLeft",
				"pivot": [1.99999, 2.00349, -0.00349],
				"rotation": [5, 0, -20],
				"cubes": [
					{"origin": [-0.00001, 2.00349, -2.00349], "size": [4, 0, 4], "uv": [64, 41]}
				]
			},
			{
				"name": "bone16",
				"parent": "legLeft",
				"pivot": [1.99999, 2.00349, -0.00349],
				"rotation": [5, 0, -20],
				"cubes": [
					{"origin": [2.99999, 1.50349, -0.00349], "size": [1, 1, 1], "uv": [52, 41]}
				]
			},
			{
				"name": "bone15",
				"parent": "legLeft",
				"pivot": [1.99999, 2.00349, -0.00349],
				"rotation": [10, 0, 10],
				"cubes": [
					{"origin": [-0.00001, 2.00349, -2.00349], "size": [4, 0, 4], "uv": [64, 41]}
				]
			},
			{
				"name": "legRight",
				"pivot": [-2, 9, 0],
				"cubes": [
					{"origin": [-3, 0, -1], "size": [2, 11, 2], "uv": [74, 115], "mirror": true},
					{"origin": [-3.50087, 0.5, -1.50087], "size": [3, 2, 3], "uv": [60, 122], "mirror": true}
				]
			}
		]
	}
}