{
  "format_version": "1.10.0",
  "geometry.unknown": {
    "texturewidth": 256,
    "textureheight": 256,
    "visible_bounds_width": 8,
    "visible_bounds_height": 6,
    "visible_bounds_offset": [0, 3, 0],
    "bones": [
      {
        "name": "bone56",
        "pivot": [0, 0, 0],
        "cubes": [
          {
            "origin": [-32, 0, -8],
            "size": [16, 12, 16],
            "uv": [150, 227]
          },
          {
            "origin": [16, 0, -8],
            "size": [16, 12, 16],
            "uv": [150, 227],
            "mirror": true
          },
          {
            "origin": [-60, 95, -2],
            "size": [120, 6, 4],
            "uv": [0, 236]
          },
          {
            "origin": [-54.5, 92, -8],
            "size": [109, 3, 16],
            "uv": [2, 176]
          },
          {
            "origin": [-45, 58.3, -1],
            "size": [90, 8, 2],
            "uv": [0, 186]
          },
          {
            "origin": [-32, 12, -8],
            "size": [16, 30, 16],
            "uv": [192, 171]
          },
          {
            "origin": [16, 12, -8],
            "size": [16, 30, 16],
            "uv": [192, 171],
            "mirror": true
          },
          {
            "origin": [16.5, 42, -7.5],
            "size": [15, 13, 15],
            "uv": [153, 188],
            "mirror": true
          },
          {
            "origin": [-31.5, 42, -7.5],
            "size": [15, 13, 15],
            "uv": [153, 188]
          },
          {
            "origin": [17, 55, -7],
            "size": [14, 18, 14],
            "uv": [49, 184],
            "mirror": true
          },
          {
            "origin": [-31, 55, -7],
            "size": [14, 18, 14],
            "uv": [49, 184]
          },
          {
            "origin": [17.5, 73, -6.5],
            "size": [13, 12, 13],
            "uv": [30, 173],
            "mirror": true
          },
          {
            "origin": [-30.5, 73, -6.5],
            "size": [13, 12, 13],
            "uv": [30, 173]
          },
          {
            "origin": [17, 85, -7],
            "size": [14, 7, 14],
            "uv": [0, 192],
            "mirror": true
          },
          {
            "origin": [-31, 85, -7],
            "size": [14, 7, 14],
            "uv": [0, 192]
          },
          {
            "origin": [-47, 66.3, -3],
            "size": [94, 2, 6],
            "uv": [28, 208]
          },
          {
            "origin": [-50.5, 87, -4],
            "size": [101, 5, 8],
            "uv": [0, 180]
          }
        ]
      },
      {
        "name": "bone57",
        "parent": "bone56",
        "pivot": [0, 98, -0.5],
        "rotation": [15, 0, 0],
        "cubes": [
          {
            "origin": [-55.5, 97, -15],
            "size": [111, 2, 14],
            "uv": [0, 228]
          }
        ]
      },
      {
        "name": "bone58",
        "parent": "bone56",
        "pivot": [0, 98, 0.5],
        "rotation": [-15, 0, 0],
        "cubes": [
          {
            "origin": [-55.5, 97, 1],
            "size": [111, 2, 14],
            "uv": [0, 222]
          }
        ]
      },
      {
        "name": "bone59",
        "parent": "bone56",
        "pivot": [0, 67.3, -3.25],
        "rotation": [5, 0, 0],
        "cubes": [
          {
            "origin": [-6, 67.3, -4.25],
            "size": [12, 20, 2],
            "uv": [224, 234]
          },
          {
            "origin": [-4.5, 68.8, -4.95],
            "size": [9, 17, 2],
            "uv": [230, 7]
          }
        ]
      },
      {
        "name": "bone60",
        "parent": "bone56",
        "pivot": [0, 67.3, 3.25],
        "rotation": [-5, 0, 0],
        "cubes": [
          {
            "origin": [-6, 67.3, 2.25],
            "size": [12, 20, 2],
            "uv": [224, 234]
          },
          {
            "origin": [-4.5, 68.8, 3],
            "size": [9, 17, 2],
            "uv": [230, 7]
          }
        ]
      },
      {
        "name": "bone61",
        "parent": "bone56",
        "pivot": [0, 0, 56],
        "cubes": [
          {
            "origin": [35.25, 0, -2],
            "size": [4, 8, 4],
            "uv": [16, 243],
            "mirror": true
          },
          {
            "origin": [35.25, 8, -2],
            "size": [4, 19, 4],
            "uv": [5, 178],
            "mirror": true
          },
          {
            "origin": [32, 22, -1],
            "size": [9, 2, 2],
            "uv": [5, 180],
            "mirror": true
          },
          {
            "origin": [32, 27, -2.5],
            "size": [12, 4, 5],
            "uv": [217, 178],
            "mirror": true
          }
        ]
      },
      {
        "name": "bone63",
        "parent": "bone61",
        "pivot": [38, 31.75, 0],
        "rotation": [0, 0, 5],
        "cubes": [
          {
            "origin": [32, 30.25, -3],
            "size": [14, 2, 6],
            "uv": [204, 236],
            "mirror": true
          }
        ]
      },
      {
        "name": "bone62",
        "parent": "bone56",
        "pivot": [0, 0, 56],
        "cubes": [
          {
            "origin": [-39.25, 0, -2],
            "size": [4, 8, 4],
            "uv": [16, 243]
          },
          {
            "origin": [-39.25, 8, -2],
            "size": [4, 19, 4],
            "uv": [5, 178]
          },
          {
            "origin": [-41, 22, -1],
            "size": [9, 2, 2],
            "uv": [5, 180]
          },
          {
            "origin": [-44, 27, -2.5],
            "size": [12, 4, 5],
            "uv": [217, 178]
          }
        ]
      },
      {
        "name": "bone64",
        "parent": "bone62",
        "pivot": [-38, 31.75, 0],
        "rotation": [0, 0, -5],
        "cubes": [
          {
            "origin": [-46, 30.25, -3],
            "size": [14, 2, 6],
            "uv": [204, 236]
          }
        ]
      }
    ]
  },
  "geometry.model": {
    "texturewidth": 256,
    "textureheight": 256,
    "visible_bounds_width": 8,
    "visible_bounds_height": 6,
    "visible_bounds_offset": [0, 3, 0],
    "bones": [
      {
        "name": "bone56",
        "pivot": [0, 0, 0],
        "cubes": [
          {
            "origin": [-32, 0, -8],
            "size": [16, 12, 16],
            "uv": [150, 227]
          },
          {
            "origin": [16, 0, -8],
            "size": [16, 12, 16],
            "uv": [150, 227],
            "mirror": true
          },
          {
            "origin": [-60, 95, -2],
            "size": [120, 6, 4],
            "uv": [0, 236]
          },
          {
            "origin": [-54.5, 92, -8],
            "size": [109, 3, 16],
            "uv": [2, 176]
          },
          {
            "origin": [-45, 58.3, -1],
            "size": [90, 8, 2],
            "uv": [0, 186]
          },
          {
            "origin": [-32, 12, -8],
            "size": [16, 30, 16],
            "uv": [192, 171]
          },
          {
            "origin": [16, 12, -8],
            "size": [16, 30, 16],
            "uv": [192, 171],
            "mirror": true
          },
          {
            "origin": [16.5, 42, -7.5],
            "size": [15, 13, 15],
            "uv": [153, 188],
            "mirror": true
          },
          {
            "origin": [-31.5, 42, -7.5],
            "size": [15, 13, 15],
            "uv": [153, 188]
          },
          {
            "origin": [17, 55, -7],
            "size": [14, 18, 14],
            "uv": [49, 184],
            "mirror": true
          },
          {
            "origin": [-31, 55, -7],
            "size": [14, 18, 14],
            "uv": [49, 184]
          },
          {
            "origin": [17.5, 73, -6.5],
            "size": [13, 12, 13],
            "uv": [30, 173],
            "mirror": true
          },
          {
            "origin": [-30.5, 73, -6.5],
            "size": [13, 12, 13],
            "uv": [30, 173]
          },
          {
            "origin": [17, 85, -7],
            "size": [14, 7, 14],
            "uv": [0, 192],
            "mirror": true
          },
          {
            "origin": [-31, 85, -7],
            "size": [14, 7, 14],
            "uv": [0, 192]
          },
          {
            "origin": [-47, 66.3, -3],
            "size": [94, 2, 6],
            "uv": [28, 208]
          },
          {
            "origin": [-50.5, 87, -4],
            "size": [101, 5, 8],
            "uv": [0, 180]
          }
        ]
      },
      {
        "name": "bone57",
        "parent": "bone56",
        "pivot": [0, 98, -0.5],
        "rotation": [15, 0, 0],
        "cubes": [
          {
            "origin": [-55.5, 97, -15],
            "size": [111, 2, 14],
            "uv": [0, 228]
          }
        ]
      },
      {
        "name": "bone58",
        "parent": "bone56",
        "pivot": [0, 98, 0.5],
        "rotation": [-15, 0, 0],
        "cubes": [
          {
            "origin": [-55.5, 97, 1],
            "size": [111, 2, 14],
            "uv": [0, 222]
          }
        ]
      },
      {
        "name": "bone59",
        "parent": "bone56",
        "pivot": [0, 67.3, -3.25],
        "rotation": [5, 0, 0],
        "cubes": [
          {
            "origin": [-6, 67.3, -4.25],
            "size": [12, 20, 2],
            "uv": [224, 234]
          },
          {
            "origin": [-4.5, 68.8, -4.95],
            "size": [9, 17, 2],
            "uv": [230, 7]
          }
        ]
      },
      {
        "name": "bone60",
        "parent": "bone56",
        "pivot": [0, 67.3, 3.25],
        "rotation": [-5, 0, 0],
        "cubes": [
          {
            "origin": [-6, 67.3, 2.25],
            "size": [12, 20, 2],
            "uv": [224, 234]
          },
          {
            "origin": [-4.5, 68.8, 3],
            "size": [9, 17, 2],
            "uv": [230, 7]
          }
        ]
      },
      {
        "name": "bone61",
        "parent": "bone56",
        "pivot": [0, 0, 56],
        "cubes": [
          {
            "origin": [35.25, 0, -2],
            "size": [4, 8, 4],
            "uv": [16, 243],
            "mirror": true
          },
          {
            "origin": [35.25, 8, -2],
            "size": [4, 19, 4],
            "uv": [5, 178],
            "mirror": true
          },
          {
            "origin": [32, 22, -1],
            "size": [9, 2, 2],
            "uv": [5, 180],
            "mirror": true
          },
          {
            "origin": [32, 27, -2.5],
            "size": [12, 4, 5],
            "uv": [217, 178],
            "mirror": true
          }
        ]
      },
      {
        "name": "bone63",
        "parent": "bone61",
        "pivot": [38, 31.75, 0],
        "rotation": [0, 0, 5],
        "cubes": [
          {
            "origin": [32, 30.25, -3],
            "size": [14, 2, 6],
            "uv": [204, 236],
            "mirror": true
          }
        ]
      },
      {
        "name": "bone62",
        "parent": "bone56",
        "pivot": [0, 0, 56],
        "cubes": [
          {
            "origin": [-39.25, 0, -2],
            "size": [4, 8, 4],
            "uv": [16, 243]
          },
          {
            "origin": [-39.25, 8, -2],
            "size": [4, 19, 4],
            "uv": [5, 178]
          },
          {
            "origin": [-41, 22, -1],
            "size": [9, 2, 2],
            "uv": [5, 180]
          },
          {
            "origin": [-44, 27, -2.5],
            "size": [12, 4, 5],
            "uv": [217, 178]
          }
        ]
      },
      {
        "name": "bone64",
        "parent": "bone62",
        "pivot": [-38, 31.75, 0],
        "rotation": [0, 0, -5],
        "cubes": [
          {
            "origin": [-46, 30.25, -3],
            "size": [14, 2, 6],
            "uv": [204, 236]
          }
        ]
      }
    ]
  }
}