{
  "format_version": "1.10.0",
  "geometry.model": {
    "texturewidth": 128,
    "textureheight": 128,
    "visible_bounds_width": 2,
    "visible_bounds_height": 2,
    "visible_bounds_offset": [0, 1, 0],
    "bones": [
      {
        "name": "head",
        "pivot": [0, 20, 0],
        "cubes": [
          {
            "origin": [-4, 20, -4],
            "size": [8, 8, 8],
            "uv": [96, 0]
          },
          {
            "origin": [-4.5, 19.5, -4.5],
            "size": [9, 9, 9],
            "uv": [92, 16]
          }
        ]
      },
      {
        "name": "ahoge",
        "parent": "head",
        "pivot": [0, 27, -2.5],
        "cubes": [
          {
            "origin": [-1.5, 28, -2.5],
            "size": [3, 3, 0],
            "uv": [122, 0]
          }
        ]
      },
      {
        "name": "bone7",
        "parent": "head",
        "pivot": [4.9, 27.4, 0.5],
        "rotation": [0, 0, -15],
        "cubes": [
          {
            "origin": [4.9, 24.4, -0.5],
            "size": [2, 4, 2],
            "uv": [0, 0]
          }
        ]
      },
      {
        "name": "bone15",
        "parent": "bone7",
        "pivot": [5.39392, 27.43054, -1.5],
        "rotation": [0, 0, 15],
        "cubes": [
          {
            "origin": [-0.10608, 21.93054, -6.4],
            "size": [11, 11, 11],
            "uv": [84, 47],
            "inflate": -4.6
          }
        ]
      },
      {
        "name": "bone11",
        "parent": "bone7",
        "pivot": [5.4, 27.4, 0.5],
        "rotation": [0, 0, 5],
        "cubes": [
          {
            "origin": [3.29392, 25.43054, -1.5],
            "size": [3, 4, 4],
            "uv": [92, 36],
            "inflate": -1.2
          }
        ]
      },
      {
        "name": "bone12",
        "parent": "bone11",
        "pivot": [5.1, 27.8, -0.8],
        "rotation": [1, 18, -73],
        "cubes": [
          {
            "origin": [3.86001, 25.84207, -2.2],
            "size": [5, 4, 3],
            "uv": [42, 0],
            "inflate": -1.3
          }
        ]
      },
      {
        "name": "bone13",
        "parent": "bone11",
        "pivot": [5.1, 27.8, -0.8],
        "rotation": [0, 10, -3],
        "cubes": [
          {
            "origin": [3.86001, 25.34207, -2.2],
            "size": [5, 4, 3],
            "uv": [42, 0],
            "inflate": -1.3
          }
        ]
      },
      {
        "name": "bone14",
        "parent": "bone11",
        "pivot": [5.1, 27, -0.8],
        "rotation": [-1, 18, 82],
        "cubes": [
          {
            "origin": [3.96001, 24.84207, -2.2],
            "size": [5, 4, 3],
            "uv": [42, 0],
            "inflate": -1.3
          }
        ]
      },
      {
        "name": "bone8",
        "parent": "bone7",
        "pivot": [6.9, 24.4, 0.5],
        "rotation": [0, 0, 40],
        "cubes": [
          {
            "origin": [5.1, 21.6, -0.5],
            "size": [2, 3, 2],
            "uv": [0, 0],
            "inflate": -0.2
          }
        ]
      },
      {
        "name": "bone9",
        "parent": "bone8",
        "pivot": [5.3, 21.8, 0.5],
        "rotation": [0, 0, -60],
        "cubes": [
          {
            "origin": [4.9, 19.2, -0.5],
            "size": [2, 3, 2],
            "uv": [0, 0],
            "inflate": -0.4
          }
        ]
      },
      {
        "name": "bone10",
        "parent": "bone9",
        "pivot": [6.5, 19.6, 0.5],
        "rotation": [0, 0, 55],
        "cubes": [
          {
            "origin": [5.1, 17.2, -0.5],
            "size": [2, 3, 2],
            "uv": [0, 0],
            "inflate": -0.6
          }
        ]
      },
      {
        "name": "body",
        "pivot": [0, 10, 0],
        "cubes": [
          {
            "origin": [-3.5, 10, -1.5],
            "size": [7, 10, 3],
            "uv": [108, 34]
          },
          {
            "origin": [-7, 8.6, -5],
            "size": [14, 7, 10],
            "uv": [0, 0],
            "inflate": -3
          },
          {
            "origin": [-6.5, 11, -4.5],
            "size": [13, 12, 9],
            "uv": [84, 107],
            "inflate": -2.9
          },
          {
            "origin": [-9.5, 9, -7.5],
            "size": [19, 16, 15],
            "uv": [0, 96],
            "inflate": -5.8
          },
          {
            "origin": [-5.5, 11.6, -3.5],
            "size": [11, 5, 7],
            "uv": [0, 83],
            "inflate": -1.8
          },
          {
            "origin": [-7, 6.6, -5],
            "size": [14, 8, 10],
            "uv": [0, 18],
            "inflate": -3
          },
          {
            "origin": [-7.5, 4.6, -5.5],
            "size": [15, 8, 11],
            "uv": [0, 37],
            "inflate": -3
          }
        ]
      },
      {
        "name": "bone17",
        "parent": "body",
        "pivot": [-2.5, 0, -1.5],
        "cubes": [
          {
            "origin": [-0.5, 18, -2.1],
            "size": [1, 1, 1],
            "uv": [49, 8],
            "inflate": -0.2
          }
        ]
      },
      {
        "name": "bone18",
        "parent": "bone17",
        "pivot": [0, 18.5, -1.6],
        "rotation": [0, 0, -65],
        "cubes": [
          {
            "origin": [-0.5, 16.7, -2.1],
            "size": [1, 2, 1],
            "uv": [49, 8],
            "inflate": -0.25
          }
        ]
      },
      {
        "name": "bone20",
        "parent": "bone18",
        "pivot": [0, 18.5, -1.6],
        "rotation": [0, 0, 50],
        "cubes": [
          {
            "origin": [-0.5, 15.7, -2.1],
            "size": [1, 3, 1],
            "uv": [49, 8],
            "inflate": -0.25
          }
        ]
      },
      {
        "name": "bone19",
        "parent": "bone17",
        "pivot": [0, 18.5, -1.6],
        "rotation": [0, 0, 65],
        "cubes": [
          {
            "origin": [-0.5, 16.7, -2.1],
            "size": [1, 2, 1],
            "uv": [49, 8],
            "inflate": -0.25,
            "mirror": true
          }
        ]
      },
      {
        "name": "bone21",
        "parent": "bone19",
        "pivot": [0, 18.5, -1.6],
        "rotation": [0, 0, -50],
        "cubes": [
          {
            "origin": [-0.5, 15.7, -2.1],
            "size": [1, 3, 1],
            "uv": [49, 8],
            "inflate": -0.25,
            "mirror": true
          }
        ]
      },
      {
        "name": "bone25",
        "parent": "body",
        "pivot": [4, 11.5, 0.1]
      },
      {
        "name": "bone22",
        "parent": "bone25",
        "pivot": [4, 11.5, 0],
        "rotation": [0, -15, 0],
        "cubes": [
          {
            "origin": [1, 9.6, -4.1],
            "size": [6, 5, 7],
            "uv": [72, 90],
            "inflate": -2.9
          }
        ]
      },
      {
        "name": "bone23",
        "parent": "bone25",
        "pivot": [4, 11.5, 0],
        "rotation": [0, 15, 0],
        "cubes": [
          {
            "origin": [1, 9.6, -2.9],
            "size": [6, 5, 7],
            "uv": [72, 90],
            "inflate": -2.9
          }
        ]
      },
      {
        "name": "bone24",
        "parent": "bone25",
        "pivot": [4, 11.5, 0.1],
        "rotation": [70, -10, -5],
        "cubes": [
          {
            "origin": [0.96198, 9.53518, -4.33424],
            "size": [6, 5, 8],
            "uv": [100, 90],
            "inflate": -2.9
          }
        ]
      },
      {
        "name": "bone26",
        "parent": "bone25",
        "pivot": [4, 11.5, -0.1],
        "rotation": [-70, 10, -5],
        "cubes": [
          {
            "origin": [0.96198, 9.53518, -3.66576],
            "size": [6, 5, 8],
            "uv": [100, 90],
            "inflate": -2.9
          }
        ]
      },
      {
        "name": "armLeft",
        "pivot": [4, 18, 0],
        "cubes": [
          {
            "origin": [3.5, 10, -1.5],
            "size": [3, 10, 3],
            "uv": [81, 0]
          },
          {
            "origin": [1.5, 13, -3.5],
            "size": [7, 8, 7],
            "uv": [0, 56],
            "inflate": -1.8
          },
          {
            "origin": [2.5, 12.8, -2.5],
            "size": [5, 3, 5],
            "uv": [0, 72],
            "inflate": -0.9
          }
        ]
      },
      {
        "name": "armRight",
        "pivot": [-4, 18, 0],
        "cubes": [
          {
            "origin": [-6.5, 10, -1.5],
            "size": [3, 10, 3],
            "uv": [81, 0],
            "mirror": true
          },
          {
            "origin": [-8.5, 13, -3.5],
            "size": [7, 8, 7],
            "uv": [0, 56],
            "inflate": -1.8,
            "mirror": true
          },
          {
            "origin": [-7.5, 12.8, -2.5],
            "size": [5, 3, 5],
            "uv": [0, 72],
            "inflate": -0.9,
            "mirror": true
          }
        ]
      },
      {
        "name": "legLeft",
        "pivot": [2, 10, 0],
        "cubes": [
          {
            "origin": [0.5, 0, -1.5],
            "size": [3, 10, 3],
            "uv": [67, 0]
          },
          {
            "origin": [-2.5, -3, -4.5],
            "size": [9, 8, 9],
            "uv": [92, 72],
            "inflate": -2.9
          }
        ]
      },
      {
        "name": "legRight",
        "pivot": [-2, 10, 0],
        "cubes": [
          {
            "origin": [-3.5, 0, -1.5],
            "size": [3, 10, 3],
            "uv": [67, 0],
            "mirror": true
          },
          {
            "origin": [-6.5, -3, -4.5],
            "size": [9, 8, 9],
            "uv": [92, 72],
            "inflate": -2.9,
            "mirror": true
          }
        ]
      }
    ]
  }
}