{
  "format_version": "1.10.0",
  "geometry.model": {
    "texturewidth": 128,
    "textureheight": 128,
    "visible_bounds_width": 2,
    "visible_bounds_height": 2,
    "visible_bounds_offset": [0, 1, 0],
    "bones": [
      {
        "name": "head",
        "pivot": [0, 20, 0],
        "cubes": [
          {
            "origin": [-4, 20, -4],
            "size": [8, 8, 8],
            "uv": [96, 0]
          },
          {
            "origin": [-4.5, 18.5, -4.5],
            "size": [9, 10, 9],
            "uv": [92, 16]
          }
        ]
      },
      {
        "name": "bone10",
        "parent": "head",
        "pivot": [-3.15, 25.75, -1],
        "rotation": [5, 0, 14],
        "cubes": [
          {
            "origin": [-8.34734, 21.18922, -5.50532],
            "size": [9, 9, 9],
            "uv": [92, 37],
            "inflate": -2.75
          }
        ]
      },
      {
        "name": "bone9",
        "parent": "head",
        "pivot": [-5.5, 23.55, -0.5],
        "rotation": [15, 0, 20],
        "cubes": [
          {
            "origin": [-6.5, 20.55, -1.5],
            "size": [2, 6, 2],
            "uv": [86, 0],
            "inflate": -0.25
          }
        ]
      },
      {
        "name": "bone8",
        "parent": "head",
        "pivot": [0, 24.5, 0],
        "rotation": [38, 0, 0],
        "cubes": [
          {
            "origin": [-4.5, 19.2, 3.6],
            "size": [9, 9, 2],
            "uv": [62, 0],
            "inflate": 0.5
          },
          {
            "origin": [-4.5, 19.2, 2],
            "size": [9, 9, 1],
            "uv": [73, 12],
            "inflate": 0.1
          }
        ]
      },
      {
        "name": "body",
        "pivot": [0, 0, 0],
        "cubes": [
          {
            "origin": [-3.5, 10, -2],
            "size": [7, 10, 4],
            "uv": [106, 56]
          },
          {
            "origin": [-4, 7.5, -2.5],
            "size": [8, 4, 5],
            "uv": [102, 71],
            "inflate": -0.2
          },
          {
            "origin": [-4, 7.2, -2.5],
            "size": [8, 4, 5],
            "uv": [73, 79],
            "inflate": -0.4
          }
        ]
      },
      {
        "name": "bone7",
        "parent": "body",
        "pivot": [0, 0, 0],
        "cubes": [
          {
            "origin": [-3.5, 13, -2],
            "size": [7, 7, 4],
            "uv": [106, 81],
            "inflate": 0.1
          },
          {
            "origin": [-0.5, 13, 2],
            "size": [1, 2, 1],
            "uv": [97, 57]
          },
          {
            "origin": [-4, 9.9, -2.5],
            "size": [8, 3, 5],
            "uv": [102, 93],
            "inflate": 0
          },
          {
            "origin": [-4.5, 6, -3],
            "size": [9, 4, 6],
            "uv": [98, 103],
            "inflate": 0
          }
        ]
      },
      {
        "name": "bone11",
        "parent": "bone7",
        "pivot": [0.05, 13.9, 2.3],
        "rotation": [0, 15, 10],
        "cubes": [
          {
            "origin": [-3.7, 12.9, 1.8],
            "size": [3.5, 2, 1],
            "uv": [94, 61],
            "inflate": -0.1
          }
        ]
      },
      {
        "name": "bone12",
        "parent": "bone11",
        "pivot": [0.05, 14.6, 1.7],
        "rotation": [20, 17, -52],
        "cubes": [
          {
            "origin": [-5.7, 13.3, 1],
            "size": [5.5, 2, 1],
            "uv": [92, 65],
            "inflate": -0.3
          }
        ]
      },
      {
        "name": "bone13",
        "parent": "bone12",
        "pivot": [-5.35, 15, 1.5],
        "rotation": [0, 0, -30],
        "cubes": [
          {
            "origin": [-10.6, 13.3, 1],
            "size": [5.5, 2, 1],
            "uv": [92, 70],
            "inflate": -0.3
          }
        ]
      },
      {
        "name": "bone14",
        "parent": "bone7",
        "pivot": [-0.05, 13.9, 2.3],
        "rotation": [0, -15, -10],
        "cubes": [
          {
            "origin": [0.2, 12.9, 1.8],
            "size": [3.5, 2, 1],
            "uv": [94, 61],
            "inflate": -0.1,
            "mirror": true
          }
        ]
      },
      {
        "name": "bone15",
        "parent": "bone14",
        "pivot": [-0.05, 14.6, 1.7],
        "rotation": [20, -17, 52],
        "cubes": [
          {
            "origin": [0.2, 13.3, 1],
            "size": [5.5, 2, 1],
            "uv": [92, 65],
            "inflate": -0.3,
            "mirror": true
          }
        ]
      },
      {
        "name": "bone16",
        "parent": "bone15",
        "pivot": [5.35, 15, 1.5],
        "rotation": [0, 0, 30],
        "cubes": [
          {
            "origin": [5.1, 13.3, 1],
            "size": [5.5, 2, 1],
            "uv": [92, 70],
            "inflate": -0.3,
            "mirror": true
          }
        ]
      },
      {
        "name": "armLeft",
        "pivot": [4, 18, 0],
        "cubes": [
          {
            "origin": [3.5, 10, -1.5],
            "size": [3, 10, 3],
            "uv": [77, 24]
          },
          {
            "origin": [2, 9.6, -3],
            "size": [6, 5, 6],
            "uv": [66, 39],
            "inflate": -1.4
          }
        ]
      },
      {
        "name": "armRight",
        "pivot": [-4, 18, 0],
        "cubes": [
          {
            "origin": [-6.5, 10, -1.5],
            "size": [3, 10, 3],
            "uv": [77, 24],
            "mirror": true
          },
          {
            "origin": [-8, 9.6, -3],
            "size": [6, 5, 6],
            "uv": [66, 39],
            "inflate": -1.4,
            "mirror": true
          }
        ]
      },
      {
        "name": "legLeft",
        "pivot": [2, 10, 0],
        "cubes": [
          {
            "origin": [0.5, 0, -1.5],
            "size": [3, 10, 3],
            "uv": [77, 52]
          },
          {
            "origin": [0.5, 0, -1.5],
            "size": [3, 4, 3],
            "uv": [77, 67],
            "inflate": 0.1
          }
        ]
      },
      {
        "name": "legRight",
        "pivot": [-2, 10, 0],
        "cubes": [
          {
            "origin": [-3.5, 0, -1.5],
            "size": [3, 10, 3],
            "uv": [77, 52],
            "mirror": true
          },
          {
            "origin": [-3.5, 0, -1.5],
            "size": [3, 4, 3],
            "uv": [77, 67],
            "inflate": 0.1,
            "mirror": true
          }
        ]
      }
    ]
  }
}