{
	"format_version": "1.10.0",
	"geometry.model": {
		"texturewidth": 128,
		"textureheight": 128,
		"visible_bounds_width": 4,
		"visible_bounds_height": 2,
		"visible_bounds_offset": [0, 1, 0],
		"bones": [
			{
				"name": "head",
				"pivot": [-0.25, 20, 0.25],
				"cubes": [
					{"origin": [-4, 20, -4], "size": [8, 8, 8], "uv": [0, 0]},
					{"origin": [-4.5, 16.5, -4.5], "size": [9, 12, 9], "uv": [32, 0]}
				]
			},
			{
				"name": "bone2",
				"parent": "head",
				"pivot": [0, 16, 4.75],
				"rotation": [10, 0, 0],
				"cubes": [
					{"origin": [-4, 5.06947, 3.70599], "size": [8, 15, 1], "uv": [68, 0]}
				]
			},
			{
				"name": "bone3",
				"parent": "head",
				"pivot": [-3.75, 17.5, -3.25],
				"rotation": [-5, 0, 0],
				"cubes": [
					{"origin": [-4.25, 12.92512, -4.21504], "size": [1, 7, 1], "uv": [61, 0]}
				]
			},
			{
				"name": "bone30",
				"parent": "bone3",
				"pivot": [-3.75, 15, -4.25],
				"rotation": [-15, 15, 45],
				"cubes": [
					{"origin": [-5.39481, 12.64126, -3.69732], "size": [4, 4, 0], "uv": [3, 37]}
				]
			},
			{
				"name": "bone4",
				"parent": "head",
				"pivot": [3.75, 17.5, -3.25],
				"rotation": [-5, 0, 0],
				"cubes": [
					{"origin": [3.25, 12.92512, -4.21504], "size": [1, 7, 1], "uv": [61, 0], "mirror": true}
				]
			},
			{
				"name": "bone31",
				"parent": "bone4",
				"pivot": [3.75, 15, -4.25],
				"rotation": [-15, -15, -45],
				"cubes": [
					{"origin": [1.39481, 12.64126, -3.69732], "size": [4, 4, 0], "uv": [3, 37], "mirror": true}
				]
			},
			{
				"name": "bone5",
				"parent": "head",
				"pivot": [0, 26.5, 0],
				"rotation": [-5, 0, 0],
				"cubes": [
					{"origin": [-5, 23, -5], "size": [10, 6, 10], "uv": [88, 0]},
					{"origin": [-5.5, 23.5, -5.5], "size": [11, 1, 11], "uv": [61, 17]},
					{"origin": [-5.5, 25, -5.5], "size": [11, 2, 11], "uv": [61, 17], "mirror": true}
				]
			},
			{
				"name": "bone6",
				"parent": "head",
				"pivot": [-0.25, 27.4, -5.5],
				"rotation": [15, 0, 0],
				"cubes": [
					{"origin": [-4.5, 24.6, -5.8], "size": [9, 5, 0], "uv": [112, 18]}
				]
			},
			{
				"name": "bone7",
				"parent": "head",
				"pivot": [0, 22, -6.15],
				"rotation": [-20, 0, 0],
				"cubes": [
					{"origin": [-5.5, 19.2, -6.25], "size": [11, 6, 0], "uv": [106, 24]}
				]
			},
			{
				"name": "bone",
				"pivot": [0, 0, 0],
				"cubes": [
					{"origin": [-2.5, 15, -2], "size": [5, 5, 4], "uv": [0, 49]},
					{"origin": [-3, 12, -2.5], "size": [6, 3, 5], "uv": [0, 58]},
					{"origin": [-3.5, 9, -3], "size": [7, 3, 6], "uv": [0, 66]},
					{"origin": [-4, 6, -3.5], "size": [8, 3, 7], "uv": [0, 75]},
					{"origin": [-4.5, 5.5, -4], "size": [9, 1, 8], "uv": [0, 85]}
				]
			},
			{
				"name": "bone8",
				"parent": "bone",
				"pivot": [0, 17.25, -1.25],
				"rotation": [-25, 0, 0],
				"cubes": [
					{"origin": [-2, 15.20622, -2.49643], "size": [4, 3, 3], "uv": [18, 52]}
				]
			},
			{
				"name": "bone9",
				"parent": "bone",
				"pivot": [-0.5, 18, 11],
				"rotation": [-5, 25, 55],
				"cubes": [
					{"origin": [-8.5, 1, 11], "size": [16, 34, 0], "uv": [96, 31]}
				]
			},
			{
				"name": "bone10",
				"parent": "bone",
				"pivot": [14, 9, -3.5],
				"rotation": [-30, 0, 40],
				"cubes": [
					{"origin": [10.78606, 4.31707, -9.91511], "size": [0, 18, 9], "uv": [110, 91]}
				]
			},
			{
				"name": "bone11",
				"parent": "bone",
				"pivot": [-10.78606, 12.31707, -10.41511],
				"rotation": [150, -5, -40],
				"cubes": [
					{"origin": [-10.78606, 4.31707, -13.91511], "size": [0, 16, 7], "uv": [114, 66], "mirror": true}
				]
			},
			{
				"name": "blink",
				"parent": "bone",
				"pivot": [0, 0, 0]
			},
			{
				"name": "bone12",
				"parent": "blink",
				"pivot": [-0.5, 18, 11],
				"rotation": [-5, 25, 55],
				"cubes": [
					{"origin": [-8.5, 1, 10.9], "size": [16, 34, 0], "uv": [0, 94]}
				]
			},
			{
				"name": "bone15",
				"parent": "blink",
				"pivot": [-0.5, 18, 11],
				"rotation": [-5, 25, 55],
				"cubes": [
					{"origin": [-8.5, 1, 11.1], "size": [16, 34, 0], "uv": [0, 94]}
				]
			},
			{
				"name": "bone13",
				"parent": "blink",
				"pivot": [14, 9, -3.5],
				"rotation": [-30, 0, 40],
				"cubes": [
					{"origin": [10.68606, 4.31707, -9.91511], "size": [0, 18, 9], "uv": [46, 101]}
				]
			},
			{
				"name": "bone16",
				"parent": "blink",
				"pivot": [14, 9, -3.5],
				"rotation": [-30, 0, 40],
				"cubes": [
					{"origin": [10.88606, 4.31707, -9.91511], "size": [0, 18, 9], "uv": [46, 101]}
				]
			},
			{
				"name": "bone14",
				"parent": "blink",
				"pivot": [-10.78606, 12.31707, -10.41511],
				"rotation": [150, -5, -40],
				"cubes": [
					{"origin": [-10.68606, 4.31707, -13.91511], "size": [0, 16, 7], "uv": [32, 105], "mirror": true}
				]
			},
			{
				"name": "bone17",
				"parent": "blink",
				"pivot": [-10.78606, 12.31707, -10.41511],
				"rotation": [150, -5, -40],
				"cubes": [
					{"origin": [-10.88606, 4.31707, -13.91511], "size": [0, 16, 7], "uv": [32, 105], "mirror": true}
				]
			},
			{
				"name": "legLeft",
				"pivot": [2, 8, 0],
				"cubes": [
					{"origin": [0.5, 0, -1.5], "size": [3, 8, 3], "uv": [64, 117], "mirror": true}
				]
			},
			{
				"name": "legRight",
				"pivot": [-2, 8, 0],
				"cubes": [
					{"origin": [-3.5, 0, -1.5], "size": [3, 8, 3], "uv": [64, 117]}
				]
			},
			{
				"name": "armLeft",
				"pivot": [2.5, 19, 0],
				"rotation": [0, 0, -20],
				"cubes": [
					{"origin": [2.03015, 11.67101, -1.5], "size": [3, 4, 3], "uv": [96, 121]},
					{"origin": [2.5603, 11.34202, -1], "size": [2, 8, 2], "uv": [76, 118]},
					{"origin": [2.0603, 16.34202, -1.5], "size": [3, 2, 3], "uv": [84, 123]}
				]
			},
			{
				"name": "bone22",
				"parent": "armLeft",
				"pivot": [4.38015, 11.17101, -1.4],
				"rotation": [30, 10, 20]
			},
			{
				"name": "bone23",
				"parent": "bone22",
				"pivot": [3.68015, 11.67101, -1.9],
				"rotation": [-40, -105, 65],
				"cubes": [
					{"origin": [2.17156, 10.00935, -2.02693], "size": [3, 7, 0], "uv": [11, 24]},
					{"origin": [2.17156, 10.00935, -2.01], "size": [3, 7, 0], "uv": [34, 24]}
				]
			},
			{
				"name": "bone24",
				"parent": "bone23",
				"pivot": [3.68015, 11.67101, -1.9],
				"rotation": [0, 0, -25],
				"cubes": [
					{"origin": [2.10405, 10.02812, -2.12693], "size": [3, 7, 0], "uv": [4, 24]}
				]
			},
			{
				"name": "bone25",
				"parent": "bone24",
				"pivot": [3.68015, 11.67101, -1.9],
				"rotation": [0, 0, -25],
				"cubes": [
					{"origin": [2.05079, 10.07367, -2.22693], "size": [3, 7, 0], "uv": [28, 24]}
				]
			},
			{
				"name": "bone26",
				"parent": "bone25",
				"pivot": [3.68015, 11.67101, -1.9],
				"rotation": [0, 0, -25],
				"cubes": [
					{"origin": [2.02177, 10.13746, -2.32693], "size": [3, 7, 0], "uv": [4, 24]}
				]
			},
			{
				"name": "bone27",
				"parent": "bone26",
				"pivot": [3.68015, 11.67101, -1.9],
				"rotation": [0, 0, -25],
				"cubes": [
					{"origin": [2.02243, 10.20754, -2.42693], "size": [3, 7, 0], "uv": [28, 24]}
				]
			},
			{
				"name": "bone28",
				"parent": "bone27",
				"pivot": [3.68015, 11.67101, -1.9],
				"rotation": [0, 0, -25],
				"cubes": [
					{"origin": [2.05265, 10.27077, -2.52693], "size": [3, 7, 0], "uv": [4, 24]}
				]
			},
			{
				"name": "bone29",
				"parent": "bone28",
				"pivot": [3.68015, 11.67101, -1.9],
				"rotation": [0, 0, -25],
				"cubes": [
					{"origin": [2.10675, 10.31531, -2.62693], "size": [3, 7, 0], "uv": [18, 24]},
					{"origin": [2.10675, 10.31531, -2.63], "size": [3, 7, 0], "uv": [40, 24]}
				]
			},
			{
				"name": "armRight",
				"pivot": [-2.5, 19, 0],
				"rotation": [0, 0, 20],
				"cubes": [
					{"origin": [-4.56031, 11.34202, -1], "size": [2, 8, 2], "uv": [76, 118], "mirror": true},
					{"origin": [-5.06031, 16.34202, -1.5], "size": [3, 2, 3], "uv": [84, 123], "mirror": true},
					{"origin": [-5.06031, 11.84202, -1.5], "size": [3, 4, 3], "uv": [96, 121], "mirror": true}
				]
			},
			{
				"name": "backpackPositioningBone",
				"pivot": [0, 19, 0]
			}
		]
	}
}