{
  "format_version": "1.10.0",
  "geometry.model": {
    "texturewidth": 128,
    "textureheight": 128,
    "visible_bounds_width": 2,
    "visible_bounds_height": 2,
    "visible_bounds_offset": [0, 1, 0],
    "bones": [
      {
        "name": "head",
        "pivot": [0, 20, 0],
        "cubes": [
          {
            "origin": [-4, 20, -4],
            "size": [8, 8, 8],
            "uv": [96, 0]
          },
          {
            "origin": [-4.5, 19.5, -4.5],
            "size": [9, 9, 9],
            "uv": [92, 16]
          }
        ]
      },
      {
        "name": "bone13",
        "parent": "head",
        "pivot": [4.6, 19, 4.3],
        "rotation": [15, 30, -20],
        "cubes": [
          {
            "origin": [2.6, 18.5, 2.3],
            "size": [4, 1, 4],
            "uv": [83, 74],
            "inflate": -0.65
          },
          {
            "origin": [2.6, 18, 2.3],
            "size": [4, 2, 4],
            "uv": [83, 80],
            "inflate": -0.7
          }
        ]
      },
      {
        "name": "bone14",
        "parent": "bone13",
        "pivot": [4.6, 18.6, 4.3],
        "rotation": [-5, 0, 5],
        "cubes": [
          {
            "origin": [2.6, 16.1, 2.3],
            "size": [4, 4, 4],
            "uv": [90, 42],
            "inflate": -1.2
          },
          {
            "origin": [2.6, 13.8, 2.3],
            "size": [4, 4, 4],
            "uv": [90, 51],
            "inflate": -0.8
          },
          {
            "origin": [2.6, 12.9, 2.3],
            "size": [4, 6, 4],
            "uv": [90, 60],
            "inflate": -1
          }
        ]
      },
      {
        "name": "bone15",
        "parent": "head",
        "pivot": [-4.6, 19, 4.3],
        "rotation": [15, -30, 20],
        "cubes": [
          {
            "origin": [-6.6, 18.5, 2.3],
            "size": [4, 1, 4],
            "uv": [83, 74],
            "inflate": -0.65,
            "mirror": true
          },
          {
            "origin": [-6.6, 18, 2.3],
            "size": [4, 2, 4],
            "uv": [83, 80],
            "inflate": -0.7,
            "mirror": true
          }
        ]
      },
      {
        "name": "bone16",
        "parent": "bone15",
        "pivot": [-4.6, 18.6, 4.3],
        "rotation": [-5, 0, -5],
        "cubes": [
          {
            "origin": [-6.6, 16.1, 2.3],
            "size": [4, 4, 4],
            "uv": [90, 42],
            "inflate": -1.2,
            "mirror": true
          },
          {
            "origin": [-6.6, 13.8, 2.3],
            "size": [4, 4, 4],
            "uv": [90, 51],
            "inflate": -0.8,
            "mirror": true
          },
          {
            "origin": [-6.6, 12.9, 2.3],
            "size": [4, 6, 4],
            "uv": [90, 60],
            "inflate": -1,
            "mirror": true
          }
        ]
      },
      {
        "name": "bone9",
        "parent": "head",
        "pivot": [4.7, 27.1, -3.2],
        "rotation": [0, 15, -15],
        "cubes": [
          {
            "origin": [4.2, 26.6, -4.6],
            "size": [1, 1, 1],
            "uv": [124, 0],
            "inflate": -0.35
          },
          {
            "origin": [4.2, 26.6, -2.8],
            "size": [1, 1, 1],
            "uv": [124, 0],
            "inflate": -0.35
          },
          {
            "origin": [0.2, 20.5, -8.7],
            "size": [9, 11, 11],
            "uv": [51, 77],
            "inflate": -4.5
          }
        ]
      },
      {
        "name": "bone10",
        "parent": "bone9",
        "pivot": [5.35, 27.1, -3.2],
        "rotation": [-45, 0, 0],
        "cubes": [
          {
            "origin": [2.7, 24.6, -5.7],
            "size": [4, 5, 5],
            "uv": [29, 83],
            "inflate": -1.8
          },
          {
            "origin": [3.5067, 25.60062, -4.73598],
            "size": [3, 3, 3],
            "uv": [92, 0],
            "inflate": -1.9
          },
          {
            "origin": [3.0067, 25.60062, -4.73598],
            "size": [4, 3, 3],
            "uv": [51, 0],
            "inflate": -2.1
          },
          {
            "origin": [5.0067, 26.60062, -3.73598],
            "size": [1, 1, 1],
            "uv": [124, 3],
            "inflate": -0.3
          }
        ]
      },
      {
        "name": "bone11",
        "parent": "head",
        "pivot": [-4.7, 27.1, -3.2],
        "rotation": [0, -15, 15],
        "cubes": [
          {
            "origin": [-5.2, 26.6, -4.6],
            "size": [1, 1, 1],
            "uv": [124, 0],
            "inflate": -0.35,
            "mirror": true
          },
          {
            "origin": [-5.2, 26.6, -2.8],
            "size": [1, 1, 1],
            "uv": [124, 0],
            "inflate": -0.35,
            "mirror": true
          },
          {
            "origin": [-9.2, 20.5, -8.7],
            "size": [9, 11, 11],
            "uv": [51, 77],
            "inflate": -4.5,
            "mirror": true
          }
        ]
      },
      {
        "name": "bone12",
        "parent": "bone11",
        "pivot": [-5.35, 27.1, -3.2],
        "rotation": [-45, 0, 0],
        "cubes": [
          {
            "origin": [-6.7, 24.6, -5.7],
            "size": [4, 5, 5],
            "uv": [29, 83],
            "inflate": -1.8,
            "mirror": true
          },
          {
            "origin": [-6.5067, 25.60062, -4.73598],
            "size": [3, 3, 3],
            "uv": [92, 0],
            "inflate": -1.9,
            "mirror": true
          },
          {
            "origin": [-7.0067, 25.60062, -4.73598],
            "size": [4, 3, 3],
            "uv": [51, 0],
            "inflate": -2.1,
            "mirror": true
          },
          {
            "origin": [-6.0067, 26.60062, -3.73598],
            "size": [1, 1, 1],
            "uv": [124, 3],
            "inflate": -0.3,
            "mirror": true
          }
        ]
      },
      {
        "name": "body",
        "pivot": [0, 10, 0],
        "cubes": [
          {
            "origin": [-3.5, 10, -1.5],
            "size": [7, 10, 3],
            "uv": [108, 34]
          },
          {
            "origin": [-8.5, 5.1, -6.5],
            "size": [17, 12, 13],
            "uv": [0, 0],
            "inflate": -4.5
          },
          {
            "origin": [-7.5, 9, -5.5],
            "size": [15, 15, 11],
            "uv": [76, 102],
            "inflate": -3.9
          },
          {
            "origin": [-8, 4.8, -6],
            "size": [16, 12, 12],
            "uv": [0, 104],
            "inflate": -3.9
          },
          {
            "origin": [-7.5, 5.85, -5.5],
            "size": [15, 8, 11],
            "uv": [31, 47],
            "inflate": -4
          }
        ]
      },
      {
        "name": "bone3",
        "parent": "body",
        "pivot": [0, 18.5, 0],
        "rotation": [-15, 0, 0],
        "cubes": [
          {
            "origin": [-3, 15.5, -1.5],
            "size": [6, 3, 1],
            "uv": [93, 35]
          },
          {
            "origin": [-5.5, 10.5471, -5.6401],
            "size": [11, 13, 9],
            "uv": [0, 36],
            "inflate": -4.9
          }
        ]
      },
      {
        "name": "bone8",
        "parent": "bone3",
        "pivot": [0, 15.4471, -1.5],
        "rotation": [15, 0, 0],
        "cubes": [
          {
            "origin": [-5.5, 8.35748, -5.63873],
            "size": [11, 12, 9],
            "uv": [0, 58],
            "inflate": -4.9
          }
        ]
      },
      {
        "name": "armLeft",
        "pivot": [4, 18, 0],
        "cubes": [
          {
            "origin": [3.5, 10, -1.5],
            "size": [3, 10, 3],
            "uv": [116, 48]
          },
          {
            "origin": [1.5, 15, -3.5],
            "size": [7, 7, 7],
            "uv": [0, 80],
            "inflate": -1.9
          },
          {
            "origin": [3.9, 13.7, -3],
            "size": [5, 4, 6],
            "uv": [44, 106],
            "inflate": -1.85
          },
          {
            "origin": [1.5, 13.8, -3.5],
            "size": [7, 4, 7],
            "uv": [28, 93],
            "inflate": -1.8
          },
          {
            "origin": [1.5, 14.3, -3.5],
            "size": [7, 3, 7],
            "uv": [0, 94],
            "inflate": -1.9
          }
        ]
      },
      {
        "name": "armRight",
        "pivot": [-4, 18, 0],
        "cubes": [
          {
            "origin": [-6.5, 10, -1.5],
            "size": [3, 10, 3],
            "uv": [116, 48],
            "mirror": true
          },
          {
            "origin": [-8.5, 15, -3.5],
            "size": [7, 7, 7],
            "uv": [0, 80],
            "inflate": -1.9,
            "mirror": true
          },
          {
            "origin": [-8.9, 13.7, -3],
            "size": [5, 4, 6],
            "uv": [44, 106],
            "inflate": -1.85,
            "mirror": true
          },
          {
            "origin": [-8.5, 13.8, -3.5],
            "size": [7, 4, 7],
            "uv": [28, 93],
            "inflate": -1.8,
            "mirror": true
          },
          {
            "origin": [-8.5, 14.3, -3.5],
            "size": [7, 3, 7],
            "uv": [0, 94],
            "inflate": -1.9,
            "mirror": true
          }
        ]
      },
      {
        "name": "legLeft",
        "pivot": [2, 10, 0],
        "cubes": [
          {
            "origin": [0.5, 0, -1.5],
            "size": [3, 10, 3],
            "uv": [116, 65]
          },
          {
            "origin": [-2.5, -3, -4.5],
            "size": [9, 14, 9],
            "uv": [92, 78],
            "inflate": -2.95
          }
        ]
      },
      {
        "name": "legRight",
        "pivot": [-2, 10, 0],
        "cubes": [
          {
            "origin": [-3.5, 0, -1.5],
            "size": [3, 10, 3],
            "uv": [116, 65],
            "mirror": true
          },
          {
            "origin": [-6.5, -3, -4.5],
            "size": [9, 14, 9],
            "uv": [92, 78],
            "inflate": -2.95,
            "mirror": true
          }
        ]
      }
    ]
  }
}