{
  "format_version": "1.10.0",
  "geometry.model": {
    "texturewidth": 128,
    "textureheight": 128,
    "visible_bounds_width": 2,
    "visible_bounds_height": 2,
    "visible_bounds_offset": [0, 1, 0],
    "bones": [
      {
        "name": "head",
        "pivot": [0, 20, 0],
        "cubes": [
          {
            "origin": [-4, 20, -4],
            "size": [8, 8, 8],
            "uv": [96, 0]
          },
          {
            "origin": [-4.5, 19.5, -4.5],
            "size": [9, 9, 9],
            "uv": [92, 17]
          },
          {
            "origin": [-3.2, 18.05, -2.1],
            "size": [13, 13, 3],
            "uv": [56, 63],
            "inflate": -5.55,
            "mirror": true
          }
        ]
      },
      {
        "name": "ahoge",
        "parent": "head",
        "pivot": [0, 28, -2],
        "cubes": [
          {
            "origin": [-1.5, 28, -2],
            "size": [3, 3, 0],
            "uv": [92, 17]
          }
        ]
      },
      {
        "name": "bone13",
        "parent": "head",
        "pivot": [-3.5, 24.25, -4.5],
        "rotation": [0, 0, 15],
        "cubes": [
          {
            "origin": [-6.32511, 21.03857, -7],
            "size": [6, 6, 5],
            "uv": [70, 6],
            "inflate": -2.45,
            "mirror": true
          }
        ]
      },
      {
        "name": "body",
        "pivot": [0, 10, 0],
        "cubes": [
          {
            "origin": [-3.5, 10, -1.5],
            "size": [7, 10, 3],
            "uv": [108, 35]
          },
          {
            "origin": [-6.5, 12, -4.5],
            "size": [13, 11, 9],
            "uv": [0, 108],
            "inflate": -2.9
          },
          {
            "origin": [-6.5, 7, -4.5],
            "size": [13, 8, 9],
            "uv": [44, 112],
            "inflate": -2.9
          },
          {
            "origin": [-6.3, 2.8, -4.6],
            "size": [7, 11, 6],
            "uv": [44, 0],
            "inflate": -2.8
          },
          {
            "origin": [-9.2, 4.2, -7.1],
            "size": [13, 13, 9],
            "uv": [0, 0],
            "inflate": -5.25,
            "mirror": true
          },
          {
            "origin": [-5.5, 11, -7.3],
            "size": [11, 11, 9],
            "uv": [56, 42],
            "inflate": -4.45,
            "mirror": true
          },
          {
            "origin": [-3.5, 7.6, -5],
            "size": [7, 7, 7],
            "uv": [57, 84],
            "inflate": -3.15,
            "mirror": true
          }
        ]
      },
      {
        "name": "bone14",
        "parent": "body",
        "pivot": [0, 11, 1.8],
        "rotation": [20, 0, 0],
        "cubes": [
          {
            "origin": [-4, 7, -0.2],
            "size": [8, 4, 2],
            "uv": [87, 43]
          },
          {
            "origin": [-1.7, 7.9, -0.45],
            "size": [6, 6, 3],
            "uv": [30, 46],
            "inflate": -2.3,
            "mirror": true
          },
          {
            "origin": [-4.3, 7.9, -0.45],
            "size": [6, 6, 3],
            "uv": [14, 40],
            "inflate": -2.3
          },
          {
            "origin": [-3.6, 5.9, -0.45],
            "size": [6, 6, 3],
            "uv": [30, 58],
            "inflate": -2.3,
            "mirror": true
          }
        ]
      },
      {
        "name": "bone10",
        "parent": "body",
        "pivot": [0, 10.8, 0],
        "rotation": [0, 0, 5],
        "cubes": [
          {
            "origin": [-6.46514, 7.40152, -4.5],
            "size": [13, 6, 9],
            "uv": [0, 23],
            "inflate": -2.8
          }
        ]
      },
      {
        "name": "bone11",
        "parent": "body",
        "pivot": [0, 15.2, 1.6],
        "rotation": [0, 20, 0],
        "cubes": [
          {
            "origin": [-7.4829, 8.7, -2.94698],
            "size": [13, 13, 9],
            "uv": [44, 19],
            "inflate": -4.45,
            "mirror": true
          }
        ]
      },
      {
        "name": "bone12",
        "parent": "body",
        "pivot": [0, 15.2, 1.6],
        "rotation": [0, -20, 0],
        "cubes": [
          {
            "origin": [-5.5171, 8.7, -2.94698],
            "size": [13, 13, 9],
            "uv": [44, 19],
            "inflate": -4.45
          }
        ]
      },
      {
        "name": "bone4",
        "parent": "body",
        "pivot": [0, 16.25, 0.3],
        "rotation": [-30, 0, 0],
        "cubes": [
          {
            "origin": [-5.5, 12.75, -5.2],
            "size": [11, 8, 7],
            "uv": [92, 78],
            "inflate": -2.5
          }
        ]
      },
      {
        "name": "armLeft",
        "pivot": [4, 18, 0],
        "cubes": [
          {
            "origin": [3.5, 10, -1.5],
            "size": [3, 10, 3],
            "uv": [116, 48]
          },
          {
            "origin": [0.5, 13, -4.5],
            "size": [9, 9, 9],
            "uv": [92, 93],
            "inflate": -2.9
          },
          {
            "origin": [0.5, 8.7, -4.5],
            "size": [9, 8, 9],
            "uv": [92, 111],
            "inflate": -2.9
          },
          {
            "origin": [4.2, 9.05, -3],
            "size": [5, 6, 6],
            "uv": [17, 37],
            "inflate": -2.55,
            "mirror": true
          }
        ]
      },
      {
        "name": "armRight",
        "pivot": [-4, 18, 0],
        "cubes": [
          {
            "origin": [-6.5, 10, -1.5],
            "size": [3, 10, 3],
            "uv": [116, 48],
            "mirror": true
          },
          {
            "origin": [-9.5, 13, -4.5],
            "size": [9, 9, 9],
            "uv": [92, 93],
            "inflate": -2.9,
            "mirror": true
          },
          {
            "origin": [-9.5, 8.7, -4.5],
            "size": [9, 8, 9],
            "uv": [92, 111],
            "inflate": -2.9,
            "mirror": true
          },
          {
            "origin": [-9.1, 8.95, -3.1],
            "size": [5, 6, 6],
            "uv": [46, 36],
            "inflate": -2.55
          }
        ]
      },
      {
        "name": "legLeft",
        "pivot": [2, 10, 0],
        "cubes": [
          {
            "origin": [0.5, 0, -1.5],
            "size": [3, 10, 3],
            "uv": [116, 61]
          },
          {
            "origin": [-1.5, 5.25, -3.5],
            "size": [7, 7, 7],
            "uv": [0, 94],
            "inflate": -1.95
          },
          {
            "origin": [-1.5, -2, -3.5],
            "size": [7, 7, 7],
            "uv": [0, 80],
            "inflate": -1.95
          },
          {
            "origin": [-1.5, 6.55, -3.5],
            "size": [7, 5, 7],
            "uv": [0, 68],
            "inflate": -1.8
          },
          {
            "origin": [-1, -1.8, -3.95],
            "size": [6, 6, 5],
            "uv": [0, 44],
            "inflate": -2.35
          },
          {
            "origin": [-1, 4.85, -4.15],
            "size": [6, 6, 5],
            "uv": [28, 56],
            "inflate": -2.55
          }
        ]
      },
      {
        "name": "bone7",
        "parent": "legLeft",
        "pivot": [4.7, 1.5, 0.1],
        "rotation": [10, -20, 0],
        "cubes": [
          {
            "origin": [1.2, -2, -1.9],
            "size": [7, 7, 5],
            "uv": [0, 56],
            "inflate": -2.45
          }
        ]
      },
      {
        "name": "legRight",
        "pivot": [-2, 10, 0],
        "cubes": [
          {
            "origin": [-3.5, 0, -1.5],
            "size": [3, 10, 3],
            "uv": [104, 61],
            "mirror": true
          },
          {
            "origin": [-5.5, 5.25, -3.5],
            "size": [7, 7, 7],
            "uv": [28, 94],
            "inflate": -1.95,
            "mirror": true
          },
          {
            "origin": [-5.5, -2, -3.5],
            "size": [7, 7, 7],
            "uv": [28, 80],
            "inflate": -1.95,
            "mirror": true
          },
          {
            "origin": [-5.5, 6.55, -3.5],
            "size": [7, 5, 7],
            "uv": [28, 68],
            "inflate": -1.8,
            "mirror": true
          },
          {
            "origin": [-5, -1.8, -3.95],
            "size": [6, 6, 5],
            "uv": [28, 44],
            "inflate": -2.35,
            "mirror": true
          }
        ]
      },
      {
        "name": "bone9",
        "parent": "legRight",
        "pivot": [-4.7, 1.5, 0.1],
        "rotation": [10, 20, 0],
        "cubes": [
          {
            "origin": [-8.2, -2, -1.9],
            "size": [7, 7, 5],
            "uv": [0, 56],
            "inflate": -2.45,
            "mirror": true
          }
        ]
      }
    ]
  }
}