{
  "format_version": "1.10.0",
  "geometry.model": {
    "texturewidth": 128,
    "textureheight": 128,
    "visible_bounds_width": 2,
    "visible_bounds_height": 2,
    "visible_bounds_offset": [0, 1, 0],
    "bones": [
      {
        "name": "head",
        "pivot": [0, 20, 0],
        "cubes": [
          {
            "origin": [-4, 20, -4],
            "size": [8, 8, 8],
            "uv": [96, 0]
          },
          {
            "origin": [-4.5, 18.5, -4.5],
            "size": [9, 10, 9],
            "uv": [92, 17]
          },
          {
            "origin": [-3.25, 17.85, -9.9],
            "size": [12, 12, 12],
            "uv": [80, 104],
            "inflate": -5.3
          }
        ]
      },
      {
        "name": "ahoge",
        "parent": "head",
        "pivot": [0.1, 28.4, -2.2],
        "cubes": [
          {
            "origin": [-3.6, 25.3, -5.2],
            "size": [9, 9, 9],
            "uv": [55, 91],
            "inflate": -2.8
          }
        ]
      },
      {
        "name": "bone8",
        "parent": "head",
        "pivot": [4, 28, 1.5],
        "rotation": [8, 0, -10],
        "cubes": [
          {
            "origin": [4, 21, -0.5],
            "size": [2, 8, 3],
            "uv": [0, 94],
            "inflate": -0.25
          }
        ]
      },
      {
        "name": "bone7",
        "parent": "head",
        "pivot": [4.5, 0, -4.5],
        "cubes": [
          {
            "origin": [-12.15, 17.45, -11.5],
            "size": [18, 18, 18],
            "uv": [0, 55],
            "inflate": -6.8
          },
          {
            "origin": [-11.85, 16.45, -11.4],
            "size": [18, 18, 18],
            "uv": [0, 92],
            "inflate": -6.8
          }
        ]
      },
      {
        "name": "body",
        "pivot": [0, 0, 0],
        "cubes": [
          {
            "origin": [-3.5, 10, -2],
            "size": [7, 10, 4],
            "uv": [106, 43]
          },
          {
            "origin": [-3.5, 12.15, -2],
            "size": [7, 3, 4],
            "uv": [106, 65],
            "inflate": 0.1
          },
          {
            "origin": [-4.5, 9.8, -3],
            "size": [9, 4, 6],
            "uv": [98, 73],
            "inflate": -0.95
          },
          {
            "origin": [-4.5, 7.7, -3],
            "size": [9, 4, 6],
            "uv": [98, 84],
            "inflate": -0.8
          },
          {
            "origin": [-7.5, 9.7, -6],
            "size": [15, 10, 12],
            "uv": [0, 0],
            "inflate": -3.8
          },
          {
            "origin": [-1.5, 13.2, 1.25],
            "size": [3, 3, 2],
            "uv": [90, 0],
            "inflate": 0
          },
          {
            "origin": [-3.75, 14.4, -2.25],
            "size": [7.5, 0.4, 4.5],
            "uv": [105, 96]
          },
          {
            "origin": [-3.75, 14.65, -2.25],
            "size": [7.5, 0.4, 4.5],
            "uv": [105, 96]
          }
        ]
      },
      {
        "name": "bone14",
        "parent": "body",
        "pivot": [-1, 14.3, 2.7]
      },
      {
        "name": "bone11",
        "parent": "bone14",
        "pivot": [-0.8, 14.3, 2.5],
        "rotation": [0, 19, -8],
        "cubes": [
          {
            "origin": [-5.3, 12.8, 0.5],
            "size": [5, 4, 3],
            "uv": [83, 92],
            "inflate": -0.65
          }
        ]
      },
      {
        "name": "bone12",
        "parent": "bone14",
        "pivot": [-0.5, 13.45, 1.2],
        "rotation": [0, 0, -42],
        "cubes": [
          {
            "origin": [-5, 12.45, 0.2],
            "size": [7, 5, 4],
            "uv": [74, 81],
            "inflate": -1.55
          }
        ]
      },
      {
        "name": "bone13",
        "parent": "bone12",
        "pivot": [-2.5, 13.45, 1.2],
        "rotation": [0, 0, -25],
        "cubes": [
          {
            "origin": [-7.77558, 12.62194, 0.2],
            "size": [7, 5, 4],
            "uv": [74, 71],
            "inflate": -1.55
          }
        ]
      },
      {
        "name": "bone15",
        "parent": "body",
        "pivot": [1, 14.3, 2.7]
      },
      {
        "name": "bone16",
        "parent": "bone15",
        "pivot": [0.8, 14.3, 2.5],
        "rotation": [0, -19, 8],
        "cubes": [
          {
            "origin": [0.3, 12.8, 0.5],
            "size": [5, 4, 3],
            "uv": [83, 92],
            "inflate": -0.65,
            "mirror": true
          }
        ]
      },
      {
        "name": "bone17",
        "parent": "bone15",
        "pivot": [0.5, 13.45, 1.2],
        "rotation": [0, 0, 42],
        "cubes": [
          {
            "origin": [-2, 12.45, 0.2],
            "size": [7, 5, 4],
            "uv": [74, 81],
            "inflate": -1.55,
            "mirror": true
          }
        ]
      },
      {
        "name": "bone18",
        "parent": "bone17",
        "pivot": [2.5, 13.45, 1.2],
        "rotation": [0, 0, 25],
        "cubes": [
          {
            "origin": [0.77558, 12.62194, 0.2],
            "size": [8, 5, 4],
            "uv": [79, 61],
            "inflate": -1.55,
            "mirror": true
          }
        ]
      },
      {
        "name": "bone9",
        "parent": "body",
        "pivot": [0, 17, -0.55],
        "rotation": [55, 0, 0],
        "cubes": [
          {
            "origin": [-3, 17.4783, -2.30112],
            "size": [6, 2, 3],
            "uv": [110, 37]
          }
        ]
      },
      {
        "name": "legLeft",
        "pivot": [2, 10, -1.5],
        "cubes": [
          {
            "origin": [0.5, 1, -1.5],
            "size": [3, 9, 3],
            "uv": [58, 57]
          },
          {
            "origin": [-2.5, -2, -4.5],
            "size": [9, 8, 9],
            "uv": [0, 25],
            "inflate": -2.95
          },
          {
            "origin": [-2.5, 0.1, -4.5],
            "size": [9, 10, 9],
            "uv": [66, 38],
            "inflate": -2.95
          },
          {
            "origin": [-2.5, -0.9, -4.5],
            "size": [9, 7, 9],
            "uv": [28, 37],
            "inflate": -2.9
          },
          {
            "origin": [-0.95, -0.65, -3.1],
            "size": [6, 3, 6],
            "uv": [0, 42],
            "inflate": -1.15
          },
          {
            "origin": [-1, -0.45, -1.25],
            "size": [6, 2, 1],
            "uv": [110, 59],
            "inflate": -1.5
          },
          {
            "origin": [-1, -0.45, 0.15],
            "size": [6, 2, 2],
            "uv": [110, 59],
            "inflate": -1.5
          }
        ]
      },
      {
        "name": "legRight",
        "pivot": [-2, 10, -1.5],
        "cubes": [
          {
            "origin": [-3.5, 1, -1.5],
            "size": [3, 9, 3],
            "uv": [58, 57],
            "mirror": true
          },
          {
            "origin": [-6.5, -2, -4.5],
            "size": [9, 8, 9],
            "uv": [0, 25],
            "inflate": -2.95,
            "mirror": true
          },
          {
            "origin": [-6.5, 0.1, -4.5],
            "size": [9, 10, 9],
            "uv": [66, 38],
            "inflate": -2.95,
            "mirror": true
          },
          {
            "origin": [-6.5, -0.9, -4.5],
            "size": [9, 7, 9],
            "uv": [28, 37],
            "inflate": -2.9,
            "mirror": true
          },
          {
            "origin": [-5.05, -0.65, -3.1],
            "size": [6, 3, 6],
            "uv": [0, 42],
            "inflate": -1.15,
            "mirror": true
          },
          {
            "origin": [-5, -0.45, -1.25],
            "size": [6, 2, 1],
            "uv": [110, 59],
            "inflate": -1.5,
            "mirror": true
          },
          {
            "origin": [-5, -0.45, 0.15],
            "size": [6, 2, 2],
            "uv": [110, 59],
            "inflate": -1.5,
            "mirror": true
          }
        ]
      },
      {
        "name": "armLeft",
        "pivot": [4, 18, 0],
        "cubes": [
          {
            "origin": [3.5, 10, -1.5],
            "size": [3, 10, 3],
            "uv": [0, 57]
          },
          {
            "origin": [1.5, 15, -3.5],
            "size": [7, 5, 7],
            "uv": [63, 0],
            "inflate": -1.9
          },
          {
            "origin": [1.5, 8.4, -3.5],
            "size": [7, 8, 7],
            "uv": [63, 18],
            "inflate": -1.9
          }
        ]
      },
      {
        "name": "armRight",
        "pivot": [-4, 18, 0],
        "cubes": [
          {
            "origin": [-6.5, 10, -1.5],
            "size": [3, 10, 3],
            "uv": [0, 57],
            "mirror": true
          },
          {
            "origin": [-8.5, 15, -3.5],
            "size": [7, 5, 7],
            "uv": [63, 0],
            "inflate": -1.9,
            "mirror": true
          },
          {
            "origin": [-8.5, 8.4, -3.5],
            "size": [7, 8, 7],
            "uv": [63, 18],
            "inflate": -1.9,
            "mirror": true
          }
        ]
      }
    ]
  }
}