{
  "format_version": "1.10.0",
  "geometry.unknown": {
    "texturewidth": 128,
    "textureheight": 128,
    "visible_bounds_width": 2,
    "visible_bounds_height": 2,
    "visible_bounds_offset": [0, 1, 0],
    "bones": [
      {
        "name": "head",
        "pivot": [0, 20, 0],
        "cubes": [
          {
            "origin": [-4, 20, -4],
            "size": [8, 8, 8],
            "uv": [96, 0]
          },
          {
            "origin": [-4.5, 19.5, -4.5],
            "size": [9, 9, 9],
            "uv": [92, 16]
          },
          {
            "origin": [-7.5, 16.5, -7.5],
            "size": [15, 15, 15],
            "uv": [29, 1],
            "inflate": -3.4
          }
        ]
      },
      {
        "name": "bone7",
        "parent": "head",
        "pivot": [4, 0, -4],
        "cubes": [
          {
            "origin": [-1, 25, 4],
            "size": [2, 2, 2],
            "uv": [0, 15]
          }
        ]
      },
      {
        "name": "bone8",
        "parent": "bone7",
        "pivot": [-1, 26, 5],
        "rotation": [0, 10, 15],
        "cubes": [
          {
            "origin": [-6, 24, 4.5],
            "size": [5, 4, 1],
            "uv": [10, 15]
          }
        ]
      },
      {
        "name": "bone10",
        "parent": "bone8",
        "pivot": [-1, 26, 5],
        "rotation": [10, -30, 20],
        "cubes": [
          {
            "origin": [-2, 20, 4.5],
            "size": [2, 6, 1],
            "uv": [0, 22]
          }
        ]
      },
      {
        "name": "bone9",
        "parent": "bone7",
        "pivot": [1, 26, 5],
        "rotation": [0, -10, -15],
        "cubes": [
          {
            "origin": [1, 24, 4.5],
            "size": [5, 4, 1],
            "uv": [10, 15],
            "mirror": true
          }
        ]
      },
      {
        "name": "bone11",
        "parent": "bone9",
        "pivot": [1, 26, 5],
        "rotation": [10, 30, -20],
        "cubes": [
          {
            "origin": [0, 20, 4.5],
            "size": [2, 6, 1],
            "uv": [0, 22],
            "mirror": true
          }
        ]
      },
      {
        "name": "body",
        "pivot": [0, 0, 0],
        "cubes": [
          {
            "origin": [-3.5, 10, -2],
            "size": [7, 10, 4],
            "uv": [106, 35]
          }
        ]
      },
      {
        "name": "legLeft",
        "pivot": [2, 10, 1],
        "cubes": [
          {
            "origin": [0.5, 0, -1.5],
            "size": [3, 10, 3],
            "uv": [0, 0]
          }
        ]
      },
      {
        "name": "legRight",
        "pivot": [-2, 10, 1],
        "cubes": [
          {
            "origin": [-3.5, 0, -1.5],
            "size": [3, 10, 3],
            "uv": [0, 0],
            "mirror": true
          }
        ]
      },
      {
        "name": "armLeft",
        "pivot": [3.5, 20, 0],
        "rotation": [0, 0, -5],
        "cubes": [
          {
            "origin": [3.5, 10, -1.5],
            "size": [3, 10, 3],
            "uv": [13, 0]
          }
        ]
      },
      {
        "name": "armRight",
        "pivot": [-3.5, 20, 0],
        "rotation": [0, 0, 5],
        "cubes": [
          {
            "origin": [-6.5, 10, -1.5],
            "size": [3, 10, 3],
            "uv": [13, 0],
            "mirror": true
          }
        ]
      }
    ]
  },
  "geometry.model": {
    "texturewidth": 128,
    "textureheight": 128,
    "visible_bounds_width": 2,
    "visible_bounds_height": 2,
    "visible_bounds_offset": [0, 1, 0],
    "bones": [
      {
        "name": "head",
        "pivot": [0, 20, 0],
        "cubes": [
          {
            "origin": [-4, 20, -4],
            "size": [8, 8, 8],
            "uv": [96, 0]
          },
          {
            "origin": [-4.5, 19.5, -4.5],
            "size": [9, 9, 9],
            "uv": [92, 16]
          },
          {
            "origin": [-7.5, 16.5, -7.5],
            "size": [15, 15, 15],
            "uv": [29, 1],
            "inflate": -3.4
          }
        ]
      },
      {
        "name": "bone7",
        "parent": "head",
        "pivot": [4, 0, -4],
        "cubes": [
          {
            "origin": [-1, 25, 4],
            "size": [2, 2, 2],
            "uv": [0, 15]
          }
        ]
      },
      {
        "name": "bone8",
        "parent": "bone7",
        "pivot": [-1, 26, 5],
        "rotation": [0, 10, 15],
        "cubes": [
          {
            "origin": [-6, 24, 4.5],
            "size": [5, 4, 1],
            "uv": [10, 15]
          }
        ]
      },
      {
        "name": "bone10",
        "parent": "bone8",
        "pivot": [-1, 26, 5],
        "rotation": [10, -30, 20],
        "cubes": [
          {
            "origin": [-2, 20, 4.5],
            "size": [2, 6, 1],
            "uv": [0, 22]
          }
        ]
      },
      {
        "name": "bone9",
        "parent": "bone7",
        "pivot": [1, 26, 5],
        "rotation": [0, -10, -15],
        "cubes": [
          {
            "origin": [1, 24, 4.5],
            "size": [5, 4, 1],
            "uv": [10, 15],
            "mirror": true
          }
        ]
      },
      {
        "name": "bone11",
        "parent": "bone9",
        "pivot": [1, 26, 5],
        "rotation": [10, 30, -20],
        "cubes": [
          {
            "origin": [0, 20, 4.5],
            "size": [2, 6, 1],
            "uv": [0, 22],
            "mirror": true
          }
        ]
      },
      {
        "name": "body",
        "pivot": [0, 0, 0],
        "cubes": [
          {
            "origin": [-3.5, 10, -2],
            "size": [7, 10, 4],
            "uv": [106, 35]
          }
        ]
      },
      {
        "name": "legLeft",
        "pivot": [2, 10, 1],
        "cubes": [
          {
            "origin": [0.5, 0, -1.5],
            "size": [3, 10, 3],
            "uv": [0, 0]
          }
        ]
      },
      {
        "name": "legRight",
        "pivot": [-2, 10, 1],
        "cubes": [
          {
            "origin": [-3.5, 0, -1.5],
            "size": [3, 10, 3],
            "uv": [0, 0],
            "mirror": true
          }
        ]
      },
      {
        "name": "armLeft",
        "pivot": [3.5, 19, 0],
        "cubes": [
          {
            "origin": [3.58716, 9.99619, -1.5],
            "size": [3, 10, 3],
            "uv": [13, 0]
          }
        ]
      },
      {
        "name": "armRight",
        "pivot": [-3.5, 19, 0],
        "cubes": [
          {
            "origin": [-6.58716, 9.99619, -1.5],
            "size": [3, 10, 3],
            "uv": [13, 0],
            "mirror": true
          }
        ]
      }
    ]
  }
}