{
  "pack_name": "{pack.pajinyi.name}",
  "author": ["Pajinyi"],
  "description": ["{pack.pajinyi.chair.desc.1}", "{pack.pajinyi.chair.desc.2}", "{pack.pajinyi.chair.desc.3}"],
  "version": "1.0.0",
  "date": "2020-03-08",
  "icon": "pajinyi:textures/icon.png",
  "model_list": [{
    "model_id": "pajinyi:guahua1",
    "render_item_scale": 1.2,
    "tameable_can_ride": false,
    "no_gravity": true
  }, {
    "model_id": "pajinyi:windmill",
    "render_item_scale": 0.25,
    "tameable_can_ride": false,
    "no_gravity": true,
    "animation": ["pajinyi:animation/windmill.rotation.js"]
  }, {
    "name": "{model.pajinyi.windmill.name}",
    "model_id": "pajinyi:windmill_2",
    "model": "pajinyi:models/entity/windmill.json",
    "render_item_scale": 0.25,
    "tameable_can_ride": false,
    "no_gravity": true,
    "animation": ["pajinyi:animation/windmill.rotation.js"]
  }, {
    "name": "{model.pajinyi.windmill.name}",
    "model_id": "pajinyi:windmill_3",
    "model": "pajinyi:models/entity/windmill.json",
    "render_item_scale": 0.25,
    "tameable_can_ride": false,
    "no_gravity": true,
    "animation": ["pajinyi:animation/windmill.rotation.js"]
  }]
}