{
  "pack_name": "{pack.pajinyi.name}",
  "author": ["pajinyi"],
  "description": ["{pack.pajinyi.desc.1}", "{pack.pajinyi.desc.2}", "{pack.pajinyi.desc.3}"],
  "version": "1.0.0",
  "date": "2020-03-08",
  "icon": "pajinyi:textures/icon.png",
  "model_list": [
    {
      "model_id": "pajinyi:pajinyi",
      "description": ["{model.pajinyi.desc}"]
    }, {
      "model_id": "pajinyi:reiuji_utsuho",
      "description": ["{model.reiuji_utsuho.desc}"]
    }, {
      "model_id": "pajinyi:yakumo_yukari",
      "description": ["{model.yakumo_yukari.desc}"]
    }, {
      "model_id": "pajinyi:full_moon_little_red_riding",
      "description": ["{model.full_moon_little_red_riding.desc}"]
    }, {
      "model_id": "pajinyi:ptilopsis",
      "description": ["{model.ptilopsis.desc}"]
    }, {
      "model_id": "pajinyi:g41",
      "description": ["{model.g41.desc}"]
    }, {
      "model_id": "pajinyi:mystia_lorelei",
      "description": ["{model.mystia_lorelei.desc}"]
    }, {
      "model_id": "pajinyi:nanachi",
      "description": ["{model.nanachi.desc}"]
    }
  ]
}