{
	"format_version": "1.10.0",
	"geometry.model": {
		"texturewidth": 100,
		"textureheight": 100,
		"visible_bounds_width": 3,
		"visible_bounds_height": 2,
		"visible_bounds_offset": [0, 0, 0],
		"bones": [
			{
				"name": "head",
				"pivot": [0, 18, 0],
				"cubes": [
					{"origin": [-4, 18, -4], "size": [8, 8, 8], "uv": [0, 0]},
					{"origin": [-4, 18, -4], "size": [8, 8, 8], "uv": [0, 70], "inflate": 0.35},
					{"origin": [-4, 19, -4], "size": [8, 7, 8], "uv": [0, 53], "inflate": 0.25}
				]
			},
			{
				"name": "hairright",
				"parent": "head",
				"pivot": [0, 0, 0]
			},
			{
				"name": "bone2",
				"parent": "hairright",
				"pivot": [5, 24, -0.1],
				"cubes": [
					{"origin": [4.3, 19, -2.2], "size": [1, 3, 3], "uv": [0, 16], "mirror": true}
				]
			},
			{
				"name": "bone3",
				"parent": "hairright",
				"pivot": [5, 25.1, -0.2],
				"rotation": [-45, 0, 0],
				"cubes": [
					{"origin": [3.5, 23.05147, -2.47868], "size": [3, 5, 5], "uv": [56, 26], "inflate": -1, "mirror": true}
				]
			},
			{
				"name": "bone4",
				"parent": "hairright",
				"pivot": [7.1, 18.4, 2.2],
				"rotation": [5.5, 0, -5],
				"cubes": [
					{"origin": [6.28366, 9.0241, 0.50031], "size": [1.75, 9.7, 1.7], "uv": [30, 42], "inflate": 0.05, "mirror": true}
				]
			},
			{
				"name": "bone5",
				"parent": "hairright",
				"pivot": [0, 26, 0],
				"cubes": [
					{"origin": [4.2, 24.5, -0.45], "size": [1.3, 1.5, 1.5], "uv": [0, 1], "mirror": true}
				]
			},
			{
				"name": "bone11",
				"parent": "hairright",
				"pivot": [8.45, 25.2, 0.2],
				"rotation": [10.5, 0, -9],
				"cubes": [
					{"origin": [5.52996, 18.87119, -0.52178], "size": [1.25, 7.5, 1.5], "uv": [28, 16], "inflate": 0.05, "mirror": true}
				]
			},
			{
				"name": "hairleft",
				"parent": "head",
				"pivot": [0, 0, 0]
			},
			{
				"name": "bone6",
				"parent": "hairleft",
				"pivot": [-5, 24, -0.1],
				"cubes": [
					{"origin": [-5.3, 19, -2.2], "size": [1, 3, 3], "uv": [0, 16]}
				]
			},
			{
				"name": "bone7",
				"parent": "hairleft",
				"pivot": [-5, 25.1, -0.2],
				"rotation": [-45, 0, 0],
				"cubes": [
					{"origin": [-6.5, 23.05147, -2.47868], "size": [3, 5, 5], "uv": [56, 26], "inflate": -1}
				]
			},
			{
				"name": "bone8",
				"parent": "hairleft",
				"pivot": [-7.1, 18.4, 2.2],
				"rotation": [5.5, 0, 5],
				"cubes": [
					{"origin": [-8.03366, 9.0241, 0.50031], "size": [1.75, 9.7, 1.7], "uv": [30, 42], "inflate": 0.05}
				]
			},
			{
				"name": "bone9",
				"parent": "hairleft",
				"pivot": [0, 26, 0],
				"cubes": [
					{"origin": [-5.5, 24.5, -0.45], "size": [1.3, 1.5, 1.5], "uv": [0, 1]}
				]
			},
			{
				"name": "bone10",
				"parent": "hairleft",
				"pivot": [-8.45, 25.2, 0.2],
				"rotation": [10.5, 0, 9],
				"cubes": [
					{"origin": [-6.77996, 18.87119, -0.52178], "size": [1.25, 7.5, 1.5], "uv": [28, 16], "inflate": 0.05}
				]
			},
			{
				"name": "blink",
				"parent": "head",
				"pivot": [0, 18, 0],
				"cubes": [
					{"origin": [-4, 18, -4.001], "size": [8, 8, 0], "uv": [24, 34]}
				]
			},
			{
				"name": "ahoge",
				"parent": "head",
				"pivot": [0, 26.4, 1.5],
				"rotation": [0, 115, 0],
				"cubes": [
					{"origin": [-0.50143, 26.4, 1.56543], "size": [6, 5, 0], "uv": [1, 95]}
				]
			},
			{
				"name": "armLeft",
				"pivot": [2.8, 17.5, -0.3],
				"rotation": [0, 0, -17],
				"cubes": [
					{"origin": [2.36107, 9.16477, -1.8], "size": [2.9, 7.3, 3], "uv": [37, 39], "inflate": -0.4, "mirror": true},
					{"origin": [2.8, 8.5, -1.3], "size": [2, 9, 2], "uv": [10, 41], "inflate": -0.1, "mirror": true}
				]
			},
			{
				"name": "idleShow2",
				"parent": "armLeft",
				"pivot": [2.8, 17.5, -0.3]
			},
			{
				"name": "armRight",
				"pivot": [-2.8, 17.5, -0.3],
				"rotation": [0, 0, 17],
				"cubes": [
					{"origin": [-5.26107, 9.16477, -1.8], "size": [2.9, 7.3, 3], "uv": [37, 39], "inflate": -0.4},
					{"origin": [-4.8, 8.5, -1.3], "size": [2, 9, 2], "uv": [10, 41], "inflate": -0.1}
				]
			},
			{
				"name": "idleShow",
				"parent": "armRight",
				"pivot": [-2.8, 17.5, -0.3]
			},
			{
				"name": "body",
				"pivot": [0.0037, 4.85543, -0.72222],
				"cubes": [
					{"origin": [-3, 8.999, -3], "size": [6, 9, 6], "uv": [0, 26]},
					{"origin": [-1, 12.3, -3.6], "size": [2, 4, 1], "uv": [24, 0], "inflate": -0.35}
				]
			},
			{
				"name": "bone53",
				"parent": "body",
				"pivot": [0.03333, 15.79983, -3.3],
				"rotation": [0, 0, 47.5],
				"cubes": [
					{"origin": [-0.66667, 15.29983, -3.45], "size": [1.2, 1.2, 0.5], "uv": [26, 3]},
					{"origin": [1.492, 12.80864, -3.6], "size": [1.7, 1.7, 0.9], "uv": [26, 3], "inflate": -0.3}
				]
			},
			{
				"name": "bone",
				"parent": "body",
				"pivot": [0, 7.6, 0],
				"rotation": [0, -45, 0]
			},
			{
				"name": "bone12",
				"parent": "bone",
				"pivot": [0, 7.6, 0]
			},
			{
				"name": "bone13",
				"parent": "bone12",
				"pivot": [0, 7.6, 5.27792],
				"rotation": [45, 0, 0]
			},
			{
				"name": "bone14",
				"parent": "bone13",
				"pivot": [0, 7.6, 5.27792],
				"rotation": [0, -45, 0],
				"cubes": [
					{"origin": [-1, 7.6, 4.27792], "size": [2, 6, 2], "uv": [57, 0]}
				]
			},
			{
				"name": "bone15",
				"parent": "bone",
				"pivot": [0, 7.6, 0],
				"rotation": [0, -30, 0]
			},
			{
				"name": "bone16",
				"parent": "bone15",
				"pivot": [0, 7.6, 5.27792],
				"rotation": [45, 0, 0]
			},
			{
				"name": "bone17",
				"parent": "bone16",
				"pivot": [0, 7.6, 5.27792],
				"rotation": [0, -45, 0],
				"cubes": [
					{"origin": [-1, 7.6, 4.27792], "size": [2, 6, 2], "uv": [57, 0]}
				]
			},
			{
				"name": "bone18",
				"parent": "bone",
				"pivot": [0, 7.6, 0],
				"rotation": [0, -60, 0]
			},
			{
				"name": "bone19",
				"parent": "bone18",
				"pivot": [0, 7.6, 5.27792],
				"rotation": [45, 0, 0]
			},
			{
				"name": "bone20",
				"parent": "bone19",
				"pivot": [0, 7.6, 5.27792],
				"rotation": [0, -45, 0],
				"cubes": [
					{"origin": [-1, 7.6, 4.27792], "size": [2, 6, 2], "uv": [57, 0]}
				]
			},
			{
				"name": "bone21",
				"parent": "bone",
				"pivot": [0, 7.6, 0],
				"rotation": [0, -90, 0]
			},
			{
				"name": "bone22",
				"parent": "bone21",
				"pivot": [0, 7.6, 5.27792],
				"rotation": [45, 0, 0]
			},
			{
				"name": "bone23",
				"parent": "bone22",
				"pivot": [0, 7.6, 5.27792],
				"rotation": [0, -45, 0],
				"cubes": [
					{"origin": [-1, 7.6, 4.27792], "size": [2, 6, 2], "uv": [57, 0]}
				]
			},
			{
				"name": "bone24",
				"parent": "bone",
				"pivot": [0, 7.6, 0],
				"rotation": [0, -120, 0]
			},
			{
				"name": "bone25",
				"parent": "bone24",
				"pivot": [0, 7.6, 5.27792],
				"rotation": [45, 0, 0]
			},
			{
				"name": "bone26",
				"parent": "bone25",
				"pivot": [0, 7.6, 5.27792],
				"rotation": [0, -45, 0],
				"cubes": [
					{"origin": [-1, 7.6, 4.27792], "size": [2, 6, 2], "uv": [57, 0]}
				]
			},
			{
				"name": "bone27",
				"parent": "bone",
				"pivot": [0, 7.6, 0],
				"rotation": [0, -150, 0]
			},
			{
				"name": "bone28",
				"parent": "bone27",
				"pivot": [0, 7.6, 5.27792],
				"rotation": [45, 0, 0]
			},
			{
				"name": "bone29",
				"parent": "bone28",
				"pivot": [0, 7.6, 5.27792],
				"rotation": [0, -45, 0],
				"cubes": [
					{"origin": [-1, 7.6, 4.27792], "size": [2, 6, 2], "uv": [57, 0]}
				]
			},
			{
				"name": "bone30",
				"parent": "bone",
				"pivot": [0, 7.6, 0],
				"rotation": [0, -180, 0]
			},
			{
				"name": "bone31",
				"parent": "bone30",
				"pivot": [0, 7.6, 5.27792],
				"rotation": [45, 0, 0]
			},
			{
				"name": "bone32",
				"parent": "bone31",
				"pivot": [0, 7.6, 5.27792],
				"rotation": [0, -45, 0],
				"cubes": [
					{"origin": [-1, 7.6, 4.27792], "size": [2, 6, 2], "uv": [57, 0]}
				]
			},
			{
				"name": "bone33",
				"parent": "bone",
				"pivot": [0, 7.6, 0],
				"rotation": [0, -210, 0]
			},
			{
				"name": "bone34",
				"parent": "bone33",
				"pivot": [0, 7.6, 5.27792],
				"rotation": [45, 0, 0]
			},
			{
				"name": "bone35",
				"parent": "bone34",
				"pivot": [0, 7.6, 5.27792],
				"rotation": [0, -45, 0],
				"cubes": [
					{"origin": [-1, 7.6, 4.27792], "size": [2, 6, 2], "uv": [57, 0]}
				]
			},
			{
				"name": "bone36",
				"parent": "bone",
				"pivot": [0, 7.6, 0],
				"rotation": [0, -240, 0]
			},
			{
				"name": "bone37",
				"parent": "bone36",
				"pivot": [0, 7.6, 5.27792],
				"rotation": [45, 0, 0]
			},
			{
				"name": "bone38",
				"parent": "bone37",
				"pivot": [0, 7.6, 5.27792],
				"rotation": [0, -45, 0],
				"cubes": [
					{"origin": [-1, 7.6, 4.27792], "size": [2, 6, 2], "uv": [57, 0]}
				]
			},
			{
				"name": "bone39",
				"parent": "bone",
				"pivot": [0, 7.6, 0],
				"rotation": [0, -270, 0]
			},
			{
				"name": "bone40",
				"parent": "bone39",
				"pivot": [0, 7.6, 5.27792],
				"rotation": [45, 0, 0]
			},
			{
				"name": "bone41",
				"parent": "bone40",
				"pivot": [0, 7.6, 5.27792],
				"rotation": [0, -45, 0],
				"cubes": [
					{"origin": [-1, 7.6, 4.27792], "size": [2, 6, 2], "uv": [57, 0]}
				]
			},
			{
				"name": "bone42",
				"parent": "bone",
				"pivot": [0, 7.6, 0],
				"rotation": [0, -300, 0]
			},
			{
				"name": "bone43",
				"parent": "bone42",
				"pivot": [0, 7.6, 5.27792],
				"rotation": [45, 0, 0]
			},
			{
				"name": "bone44",
				"parent": "bone43",
				"pivot": [0, 7.6, 5.27792],
				"rotation": [0, -45, 0],
				"cubes": [
					{"origin": [-1, 7.6, 4.27792], "size": [2, 6, 2], "uv": [57, 0]}
				]
			},
			{
				"name": "bone45",
				"parent": "bone",
				"pivot": [0, 7.6, 0],
				"rotation": [0, -330, 0]
			},
			{
				"name": "bone46",
				"parent": "bone45",
				"pivot": [0, 7.6, 5.27792],
				"rotation": [45, 0, 0]
			},
			{
				"name": "bone47",
				"parent": "bone46",
				"pivot": [0, 7.6, 5.27792],
				"rotation": [0, -45, 0],
				"cubes": [
					{"origin": [-1, 7.6, 4.27792], "size": [2, 6, 2], "uv": [57, 0]}
				]
			},
			{
				"name": "bone48",
				"parent": "body",
				"pivot": [-1.15, 17.15, -3.15],
				"rotation": [-17, 3, 21],
				"cubes": [
					{"origin": [-3, 16.6, -3.2], "size": [3, 1.1, 0.1], "uv": [0, 35]}
				]
			},
			{
				"name": "bone49",
				"parent": "body",
				"pivot": [-3.1, 17.5, 0],
				"rotation": [0, 0, 10.5],
				"cubes": [
					{"origin": [-3.09914, 16.98695, -3], "size": [0, 1, 6], "uv": [60, 62]}
				]
			},
			{
				"name": "bone50",
				"parent": "body",
				"pivot": [0, 17.5, 3.1],
				"rotation": [12.5, 0, 0],
				"cubes": [
					{"origin": [-3, 17, 3.1], "size": [6, 1, 0], "uv": [0, 35]}
				]
			},
			{
				"name": "bone51",
				"parent": "body",
				"pivot": [3.1, 17.5, 0],
				"rotation": [0, 0, -12.5],
				"cubes": [
					{"origin": [3.1, 17, -3], "size": [0, 1, 6], "uv": [0, 33]}
				]
			},
			{
				"name": "bone52",
				"parent": "body",
				"pivot": [1.53333, 17.29983, -3.15],
				"rotation": [-17, -3, -21],
				"cubes": [
					{"origin": [0.03333, 16.79983, -3.15], "size": [3, 1, 0], "uv": [0, 37]}
				]
			},
			{
				"name": "legLeft",
				"pivot": [2, 9, 0],
				"cubes": [
					{"origin": [0.199, -0.2, -1.5], "size": [3, 9.3, 3], "uv": [32, 12], "inflate": -0.2}
				]
			},
			{
				"name": "legRight",
				"pivot": [-2, 9, 0],
				"cubes": [
					{"origin": [-3.199, -0.2, -1.5], "size": [3, 9.3, 3], "uv": [32, 0], "inflate": -0.2}
				]
			}
		]
	}
}