{
	"format_version": "1.10.0",
	"geometry.model": {
		"texturewidth": 64,
		"textureheight": 64,
		"visible_bounds_width": 3,
		"visible_bounds_height": 2,
		"visible_bounds_offset": [0, 1, 0],
		"bones": [
			{
				"name": "head",
				"pivot": [0, 18, 0],
				"cubes": [
					{"origin": [-4, 18, -4], "size": [8, 8, 8], "uv": [0, 0]}
				]
			},
			{
				"name": "blink",
				"parent": "head",
				"pivot": [0, 18, 0],
				"cubes": [
					{"origin": [-4, 18, -4.001], "size": [8, 8, 0], "uv": [24, 0]}
				]
			},
			{
				"name": "bone",
				"parent": "head",
				"pivot": [0, 18, 0],
				"rotation": [0, 0, 30],
				"cubes": [
					{"origin": [-2.4641, 25.73205, -1], "size": [2, 3, 1], "uv": [16, 29]}
				]
			},
			{
				"name": "bone2",
				"parent": "head",
				"pivot": [3, 20, 0],
				"rotation": [0, 0, -35],
				"cubes": [
					{"origin": [0.5359, 27.73205, -1], "size": [2, 3, 1], "uv": [0, 4]}
				]
			},
			{
				"name": "bone8",
				"parent": "head",
				"pivot": [0, 18, 0],
				"rotation": [5, 0, 0],
				"cubes": [
					{"origin": [-4, 13, 4], "size": [8, 5, 0], "uv": [42, 53]}
				]
			},
			{
				"name": "bone9",
				"parent": "head",
				"pivot": [0, 18, 0],
				"cubes": [
					{"origin": [-4, 9, 4.346], "size": [8, 5, 0], "uv": [16, 53]}
				]
			},
			{
				"name": "armRight",
				"pivot": [-3, 17.5, 0],
				"rotation": [0, 0, 25],
				"cubes": [
					{"origin": [-5, 8.5, -1], "size": [2, 8, 2], "uv": [8, 29]}
				]
			},
			{
				"name": "bone3",
				"parent": "armRight",
				"pivot": [0, 0, 0],
				"cubes": [
					{"origin": [-3.89726, 8.57939, -8], "size": [1, 1, 12], "uv": [0, 16]}
				]
			},
			{
				"name": "bone4",
				"parent": "armRight",
				"pivot": [-7.04785, 16.71583, 0],
				"rotation": [0, 0, -25],
				"cubes": [
					{"origin": [-10.13119, 8.02753, -12], "size": [3, 0, 4], "uv": [36, 48]}
				]
			},
			{
				"name": "bone6",
				"parent": "bone4",
				"pivot": [-12.04785, 15.71583, 0],
				"rotation": [0, 0, -30],
				"cubes": [
					{"origin": [-15.13119, 7.02753, -12], "size": [3, 0, 4], "uv": [34, 15]}
				]
			},
			{
				"name": "bone5",
				"parent": "armRight",
				"pivot": [-3, 17.5, 0],
				"cubes": [
					{"origin": [-3.84811, 8.75062, -12], "size": [3, 0, 4], "uv": [46, 24]}
				]
			},
			{
				"name": "bone7",
				"parent": "armRight",
				"pivot": [-3, 17.5, 0],
				"cubes": [
					{"origin": [-4.72797, 7.23014, -8], "size": [3, 3, 1], "uv": [44, 0]}
				]
			},
			{
				"name": "armLeft",
				"pivot": [3, 17.5, 0],
				"rotation": [0, 0, -25],
				"cubes": [
					{"origin": [3, 8.5, -1], "size": [2, 8, 2], "uv": [0, 29]}
				]
			},
			{
				"name": "body",
				"pivot": [0, 10.5, 0],
				"cubes": [
					{"origin": [-4, 6.999, -2], "size": [8, 11, 4], "uv": [22, 25]}
				]
			},
			{
				"name": "legLeft",
				"pivot": [2, 9, 0],
				"cubes": [
					{"origin": [0.499, 0, -1.5], "size": [3, 9, 3], "uv": [14, 16]}
				]
			},
			{
				"name": "legRight",
				"pivot": [-2, 9, 0],
				"cubes": [
					{"origin": [-3.499, 0, -1.5], "size": [3, 9, 3], "uv": [0, 16]}
				]
			}
		]
	}
}