{
	"format_version": "1.10.0",
	"geometry.model": {
		"texturewidth": 64,
		"textureheight": 64,
		"visible_bounds_width": 2,
		"visible_bounds_height": 2,
		"visible_bounds_offset": [0, 1, 0],
		"bones": [
			{
				"name": "head",
				"pivot": [0, 18, 0],
				"cubes": [
					{"origin": [-4, 18, -4], "size": [8, 8, 8], "uv": [0, 0]}
				]
			},
			{
				"name": "blink",
				"parent": "head",
				"pivot": [0, 18, 0],
				"cubes": [
					{"origin": [-4, 18, -4.001], "size": [8, 8, 0], "uv": [36, 36]}
				]
			},
			{
				"name": "bone",
				"parent": "head",
				"pivot": [0, 18, 0]
			},
			{
				"name": "bone4",
				"parent": "bone",
				"pivot": [4, 17, -1],
				"rotation": [0, 0, 15],
				"cubes": [
					{"origin": [-4, 9, 2], "size": [0, 8, 1], "uv": [2, 15]}
				]
			},
			{
				"name": "bone5",
				"parent": "bone",
				"pivot": [1, 18, -1],
				"cubes": [
					{"origin": [-5.786, 6.357, 2], "size": [0, 5, 1], "uv": [4, 15]},
					{"origin": [6.568, 5.867, 3], "size": [0, 5, 1], "uv": [6, 0]}
				]
			},
			{
				"name": "bone6",
				"parent": "bone",
				"pivot": [1, 15, -1],
				"rotation": [0, 0, -20],
				"cubes": [
					{"origin": [4.81769, 9.08378, 3], "size": [0, 8, 1], "uv": [0, 15]}
				]
			},
			{
				"name": "bone3",
				"parent": "bone",
				"pivot": [0, 18, 0],
				"cubes": [
					{"origin": [-4, 5.453, 4.786], "size": [8, 5, 0], "uv": [32, 20]}
				]
			},
			{
				"name": "bone2",
				"parent": "bone",
				"pivot": [0, 18, 0],
				"rotation": [5, 0, 0],
				"cubes": [
					{"origin": [-4, 10, 4], "size": [8, 9, 0], "uv": [24, 25]}
				]
			},
			{
				"name": "bone7",
				"parent": "head",
				"pivot": [0, 18, 0],
				"cubes": [
					{"origin": [-4.3, 24, -4.2], "size": [8.5, 1, 8.5], "uv": [0, 53]}
				]
			},
			{
				"name": "armRight",
				"pivot": [-3, 17.5, 0],
				"rotation": [0, 0, 25],
				"cubes": [
					{"origin": [-5, 8.5, -1], "size": [2, 8, 2], "uv": [8, 39]}
				]
			},
			{
				"name": "armLeft",
				"pivot": [3, 17.5, 0],
				"rotation": [0, 0, -25],
				"cubes": [
					{"origin": [3, 8.5, -1], "size": [2, 8, 2], "uv": [0, 39]}
				]
			},
			{
				"name": "body",
				"pivot": [0, 10.5, 0],
				"cubes": [
					{"origin": [-4, 7.999, -2], "size": [8, 10, 4], "uv": [0, 25]},
					{"origin": [-5, 7.5, -3], "size": [10, 2, 6], "uv": [24, 0]}
				]
			},
			{
				"name": "bone8",
				"parent": "body",
				"pivot": [0, 10.5, 0]
			},
			{
				"name": "bone9",
				"parent": "bone8",
				"pivot": [-9, 4, 4],
				"rotation": [0, 0, 30],
				"cubes": [
					{"origin": [-7, 18.643, -3], "size": [2, 1, 1], "uv": [0, 2]}
				]
			},
			{
				"name": "bone10",
				"parent": "bone8",
				"pivot": [2, 11.5, 3],
				"rotation": [0, 0, -30],
				"cubes": [
					{"origin": [0, 16.5, -3], "size": [2, 1, 1], "uv": [0, 0]}
				]
			},
			{
				"name": "legLeft",
				"pivot": [2, 9, 0],
				"cubes": [
					{"origin": [0.499, 0, -1.5], "size": [3, 9, 3], "uv": [24, 34]}
				]
			},
			{
				"name": "legRight",
				"pivot": [-2, 9, 0],
				"cubes": [
					{"origin": [-3.499, 0, -1.5], "size": [3, 9, 3], "uv": [32, 8]}
				]
			},
			{
				"name": "bone11",
				"parent": "legRight",
				"pivot": [-2, 9, 0]
			}
		]
	}
}