{
	"format_version": "1.10.0",
	"geometry.model": {
		"texturewidth": 128,
		"textureheight": 128,
		"visible_bounds_width": 3,
		"visible_bounds_height": 2,
		"visible_bounds_offset": [0, 0, 0],
		"bones": [
			{
				"name": "head",
				"pivot": [0, 18, 0],
				"cubes": [
					{"origin": [-4, 19, -4], "size": [8, 8, 8], "uv": [0, 16]},
					{"origin": [-3.5, 19.5, -4.5], "size": [7, 7, 9], "uv": [0, 0]},
					{"origin": [-3.5, 19.5, -3.5], "size": [7, 8, 7], "uv": [25, 9]},
					{"origin": [-4.5, 19.5, -3.5], "size": [9, 7, 7], "uv": [25, 25]}
				]
			},
			{
				"name": "blink",
				"parent": "head",
				"pivot": [0, 18, 0],
				"cubes": [
					{"origin": [-4, 19, -4.001], "size": [8, 8, 0], "uv": [63, 12]}
				]
			},
			{
				"name": "hair",
				"parent": "head",
				"pivot": [0, 18, 0]
			},
			{
				"name": "hair2",
				"parent": "hair",
				"pivot": [0, 23.5, -4],
				"rotation": [-5, 0, 0],
				"cubes": [
					{"origin": [-1.25, 22.74619, -4.58716], "size": [2.5, 2.75, 1], "uv": [46, 53]}
				]
			},
			{
				"name": "bone",
				"parent": "hair2",
				"pivot": [-2.5, 23.44924, -4.01743],
				"rotation": [0, 0, 15],
				"cubes": [
					{"origin": [-3.92299, 23.1803, -4.60459], "size": [2.5, 2.5, 1], "uv": [5, 53]}
				]
			},
			{
				"name": "bone2",
				"parent": "hair2",
				"pivot": [2.5, 23.44924, -4.01743],
				"rotation": [0, 0, -15],
				"cubes": [
					{"origin": [1.42299, 23.1803, -4.60459], "size": [2.5, 2.5, 1], "uv": [0, 35]}
				]
			},
			{
				"name": "hair3",
				"parent": "hair",
				"pivot": [0, 18.5, 0]
			},
			{
				"name": "bone3",
				"parent": "hair3",
				"pivot": [-3.75, 17.125, -4],
				"rotation": [-20, 0, 15],
				"cubes": [
					{"origin": [-4.75882, 15.65767, -5.08037], "size": [1.75, 4.75, 1.75], "uv": [0, 44]}
				]
			},
			{
				"name": "bone4",
				"parent": "bone3",
				"pivot": [-3.625, 14.1592, -3.78103],
				"rotation": [10, 0, -5],
				"cubes": [
					{"origin": [-4.42873, 13.75426, -4.57044], "size": [1.25, 2.75, 1.25], "uv": [36, 73]}
				]
			},
			{
				"name": "bone5",
				"parent": "bone4",
				"pivot": [-3.63989, 12.39845, -3.69901],
				"rotation": [5, 0, -5],
				"cubes": [
					{"origin": [-4.25839, 12.89099, -4.30222], "size": [1.05, 1, 1.05], "uv": [68, 75]}
				]
			},
			{
				"name": "bone6",
				"parent": "hair3",
				"pivot": [3.75, 17.125, -4],
				"rotation": [-20, 0, -15],
				"cubes": [
					{"origin": [3.00882, 15.65767, -5.08037], "size": [1.75, 4.75, 1.75], "uv": [21, 32]}
				]
			},
			{
				"name": "bone7",
				"parent": "bone6",
				"pivot": [3.625, 14.1592, -3.78103],
				"rotation": [10, 0, 5],
				"cubes": [
					{"origin": [3.17873, 13.75426, -4.57044], "size": [1.25, 2.75, 1.25], "uv": [58, 68]}
				]
			},
			{
				"name": "bone8",
				"parent": "bone7",
				"pivot": [3.63989, 12.39845, -3.69901],
				"rotation": [5, 0, 5],
				"cubes": [
					{"origin": [3.20839, 12.89099, -4.30222], "size": [1.05, 1, 1.05], "uv": [52, 75]}
				]
			},
			{
				"name": "hair4",
				"parent": "hair",
				"pivot": [0, 7, 2.7],
				"rotation": [5, 0, 0],
				"cubes": [
					{"origin": [-1.25, 17.99619, 5.68716], "size": [2.5, 8, 1], "uv": [73, 27]}
				]
			},
			{
				"name": "bone9",
				"parent": "hair4",
				"pivot": [1.25, 25, 6],
				"rotation": [0, 0, -15],
				"cubes": [
					{"origin": [-0.24217, 18.21225, 5.58716], "size": [1.75, 7.75, 1], "uv": [64, 75]}
				]
			},
			{
				"name": "bone10",
				"parent": "hair4",
				"pivot": [-1.25, 25, 6],
				"rotation": [0, 0, 15],
				"cubes": [
					{"origin": [-1.50783, 18.21225, 5.58716], "size": [1.75, 7.75, 1], "uv": [60, 75]}
				]
			},
			{
				"name": "fashi",
				"parent": "head",
				"pivot": [0, 18, 0]
			},
			{
				"name": "bone11",
				"parent": "fashi",
				"pivot": [0, 24.25, 5],
				"rotation": [5, 0, 0],
				"cubes": [
					{"origin": [-0.5, 24.74619, 4.58716], "size": [1, 1, 1], "uv": [74, 64]}
				]
			},
			{
				"name": "bone12",
				"parent": "bone11",
				"pivot": [0, 24.25, 5],
				"rotation": [0, 0, -25],
				"cubes": [
					{"origin": [-4.07899, 24.65286, 4.58716], "size": [12, 1, 1], "uv": [0, 40], "inflate": -0.2}
				]
			},
			{
				"name": "bone33",
				"parent": "bone11",
				"pivot": [6.55, 27.30395, 5.01432],
				"rotation": [-5, 0, 0],
				"cubes": [
					{"origin": [6.35, 25.30395, 4.51432], "size": [0.4, 3, 1], "uv": [27, 0], "inflate": -0.2},
					{"origin": [6.05, 24.55395, 4.51432], "size": [1, 1.25, 1], "uv": [52, 73], "inflate": -0.2}
				]
			},
			{
				"name": "bone50",
				"parent": "fashi",
				"pivot": [0, 18, 0],
				"cubes": [
					{"origin": [-1, 25, -5], "size": [2, 1, 1], "uv": [0, 79], "inflate": -0.25}
				]
			},
			{
				"name": "bone51",
				"parent": "bone50",
				"pivot": [-0.75, 25.25, -4.5],
				"rotation": [0, 0, 30],
				"cubes": [
					{"origin": [-2.25, 25, -5], "size": [1.75, 1, 1], "uv": [0, 78], "inflate": -0.25}
				]
			},
			{
				"name": "bone52",
				"parent": "bone50",
				"pivot": [0.75, 25.25, -4.5],
				"rotation": [0, 0, -30],
				"cubes": [
					{"origin": [0.5, 25, -5], "size": [1.75, 1, 1], "uv": [0, 78], "inflate": -0.25, "mirror": true}
				]
			},
			{
				"name": "bone53",
				"parent": "bone50",
				"pivot": [-0.625, 25.75, -4.4],
				"rotation": [0, 0, 20],
				"cubes": [
					{"origin": [-1.5, 24.5, -4.9], "size": [1.75, 2.5, 1], "uv": [0, 84], "inflate": -0.25}
				]
			},
			{
				"name": "bone54",
				"parent": "bone50",
				"pivot": [0.625, 25.75, -4.4],
				"rotation": [0, 0, -20],
				"cubes": [
					{"origin": [-0.25, 24.5, -4.9], "size": [1.75, 2.5, 1], "uv": [0, 84], "inflate": -0.25, "mirror": true}
				]
			},
			{
				"name": "ear",
				"parent": "head",
				"pivot": [0, 18, 0]
			},
			{
				"name": "earLeft",
				"parent": "ear",
				"pivot": [-2.125, 15.55801, 1],
				"rotation": [10, 0, 15],
				"cubes": [
					{"origin": [-2.5, 28, -0.25], "size": [3, 2, 1], "uv": [75, 4]},
					{"origin": [-1.5, 29.73205, -0.25], "size": [1, 2, 1], "uv": [62, 63]}
				]
			},
			{
				"name": "bone46",
				"parent": "earLeft",
				"pivot": [-0.5, 28, -0.25],
				"rotation": [0, 0, -30],
				"cubes": [
					{"origin": [0.36603, 29.23205, -0.251], "size": [1, 2, 1], "uv": [59, 12]}
				]
			},
			{
				"name": "bone47",
				"parent": "earLeft",
				"pivot": [-0.5, 28, -0.25],
				"rotation": [0, 0, 30],
				"cubes": [
					{"origin": [-3.23205, 28.73205, -0.251], "size": [1, 2, 1], "uv": [59, 1]}
				]
			},
			{
				"name": "aerRight",
				"parent": "ear",
				"pivot": [2.125, 15.55801, 1],
				"rotation": [10, 0, -15],
				"cubes": [
					{"origin": [-0.5, 28, -0.25], "size": [3, 2, 1], "uv": [42, 73]},
					{"origin": [0.5, 29.73205, -0.25], "size": [1, 2, 1], "uv": [58, 48]}
				]
			},
			{
				"name": "bone34",
				"parent": "aerRight",
				"pivot": [0.5, 28, -0.25],
				"rotation": [0, 0, 30],
				"cubes": [
					{"origin": [-1.36603, 29.23205, -0.251], "size": [1, 2, 1], "uv": [58, 40]}
				]
			},
			{
				"name": "bone35",
				"parent": "aerRight",
				"pivot": [0.5, 28, -0.25],
				"rotation": [0, 0, -30],
				"cubes": [
					{"origin": [2.23205, 28.73205, -0.251], "size": [1, 2, 1], "uv": [57, 27]}
				]
			},
			{
				"name": "armRight",
				"pivot": [-2, 17.5, 0],
				"rotation": [0, 0, 25],
				"cubes": [
					{"origin": [-4.42262, 9.40631, -1], "size": [2, 8, 2], "uv": [72, 72]},
					{"origin": [-4.67262, 9.60631, -1.25], "size": [2.5, 5.8, 2.5], "uv": [0, 16]},
					{"origin": [-4.77262, 13.40631, -1.35], "size": [2.7, 1, 2.7], "uv": [87, 0]}
				]
			},
			{
				"name": "bone13",
				"parent": "armRight",
				"pivot": [-2, 17.5, 0]
			},
			{
				"name": "bone14",
				"parent": "bone13",
				"pivot": [-5.09591, 12.99845, 0.2],
				"rotation": [-5, 15, 0],
				"cubes": [
					{"origin": [-6.62913, 13.39178, 0.01204], "size": [2.25, 1, 0], "uv": [26, 0]}
				]
			},
			{
				"name": "bone15",
				"parent": "bone13",
				"pivot": [-5.09591, 12.99845, -0.2],
				"rotation": [5, -15, 0],
				"cubes": [
					{"origin": [-6.62913, 13.39178, -0.01204], "size": [2.25, 1, 0], "uv": [4, 23]}
				]
			},
			{
				"name": "bone41",
				"parent": "armRight",
				"pivot": [-4.02392, 18.10792, 0],
				"rotation": [0, 0, 20],
				"cubes": [
					{"origin": [-5.02392, 17.10792, -1.5], "size": [2.5, 2, 3], "uv": [84, 6]}
				]
			},
			{
				"name": "armLeft",
				"pivot": [2, 17.5, 0],
				"rotation": [0, 0, -25],
				"cubes": [
					{"origin": [2.42262, 9.40631, -1], "size": [2, 8, 2], "uv": [24, 72]},
					{"origin": [2.17262, 9.60631, -1.25], "size": [2.5, 5.8, 2.5], "uv": [0, 0]},
					{"origin": [2.07262, 13.40631, -1.35], "size": [2.7, 1, 2.7], "uv": [103, 0]}
				]
			},
			{
				"name": "bone16",
				"parent": "armLeft",
				"pivot": [2, 17.5, 0]
			},
			{
				"name": "bone17",
				"parent": "bone16",
				"pivot": [5.09591, 12.99845, 0.2],
				"rotation": [-5, -15, 0],
				"cubes": [
					{"origin": [4.37913, 13.39178, 0.01204], "size": [2.25, 1, 0], "uv": [0, 23]}
				]
			},
			{
				"name": "bone18",
				"parent": "bone16",
				"pivot": [5.09591, 12.99845, -0.2],
				"rotation": [5, 15, 0],
				"cubes": [
					{"origin": [4.37913, 13.39178, -0.01204], "size": [2.25, 1, 0], "uv": [5, 7]}
				]
			},
			{
				"name": "bone42",
				"parent": "armLeft",
				"pivot": [4.02392, 18.10792, 0],
				"rotation": [0, 0, -20],
				"cubes": [
					{"origin": [2.52392, 17.10792, -1.5], "size": [2.5, 2, 3], "uv": [100, 7]}
				]
			},
			{
				"name": "body",
				"pivot": [0, 10.5, 0],
				"cubes": [
					{"origin": [-3, 12.999, -3], "size": [6, 6, 6], "uv": [22, 39]},
					{"origin": [-3.15, 13.5, -3.25], "size": [6.3, 2, 6.5], "uv": [40, 45]},
					{"origin": [-1.15, 15, -3.25], "size": [2.3, 2, 6.5], "uv": [59, 0]},
					{"origin": [-3.4, 13.25, -3.5], "size": [6.8, 2, 7], "uv": [0, 44]},
					{"origin": [-3.7, 13.75, -3.8], "size": [7.4, 1, 7.6], "uv": [0, 32], "inflate": -0.2},
					{"origin": [-3.65, 11.25, -3.75], "size": [7.3, 2, 7.5], "uv": [23, 0]}
				]
			},
			{
				"name": "clothes",
				"parent": "body",
				"pivot": [0, 10.5, 0]
			},
			{
				"name": "clothes2",
				"parent": "clothes",
				"pivot": [-2, 17, -2],
				"rotation": [15, 0, 0]
			},
			{
				"name": "bone19",
				"parent": "clothes2",
				"pivot": [-2, 17.5, -2],
				"rotation": [0, 0, -10],
				"cubes": [
					{"origin": [-3.33227, 16.95125, -3.64118], "size": [3.75, 3, 4.15], "uv": [85, 13]}
				]
			},
			{
				"name": "bone20",
				"parent": "clothes2",
				"pivot": [2, 17.5, -2],
				"rotation": [0, 0, 10],
				"cubes": [
					{"origin": [-0.41773, 16.95125, -3.64118], "size": [3.75, 3, 4.15], "uv": [104, 14]}
				]
			},
			{
				"name": "bone25",
				"parent": "clothes2",
				"pivot": [0, 17.4226, -4.10893],
				"rotation": [0, 0, -25],
				"cubes": [
					{"origin": [-0.84178, 17.79803, -4.35011], "size": [2.5, 1, 1], "uv": [0, 49], "inflate": -0.3}
				]
			},
			{
				"name": "bone26",
				"parent": "clothes2",
				"pivot": [0, 17.4226, -4.10893],
				"rotation": [0, 0, 25],
				"cubes": [
					{"origin": [-1.65822, 17.79803, -4.35011], "size": [2.5, 1, 1], "uv": [0, 7], "inflate": -0.3}
				]
			},
			{
				"name": "clothes3",
				"parent": "clothes",
				"pivot": [-2, 17.5, 2],
				"rotation": [-15, 0, 0]
			},
			{
				"name": "bone21",
				"parent": "clothes3",
				"pivot": [-2, 18, 2],
				"rotation": [0, 0, -10],
				"cubes": [
					{"origin": [-3.33227, 17.45125, -0.50882], "size": [3.75, 3, 4.15], "uv": [84, 32]}
				]
			},
			{
				"name": "bone22",
				"parent": "clothes3",
				"pivot": [2, 18, 2],
				"rotation": [0, 0, 10],
				"cubes": [
					{"origin": [-0.41773, 17.45125, -0.50882], "size": [3.75, 3, 4.15], "uv": [100, 27]}
				]
			},
			{
				"name": "clothes4",
				"parent": "clothes",
				"pivot": [0, 10.5, 0]
			},
			{
				"name": "bone23",
				"parent": "clothes4",
				"pivot": [-1.5, 15.25, 0.125],
				"rotation": [0, 0, -60],
				"cubes": [
					{"origin": [-2.13397, 14.75, -3.25], "size": [4, 2, 6.5], "uv": [58, 40]}
				]
			},
			{
				"name": "bone24",
				"parent": "clothes4",
				"pivot": [1.5, 15.25, 0.125],
				"rotation": [0, 0, 60],
				"cubes": [
					{"origin": [-1.86603, 14.75, -3.25], "size": [4, 2, 6.5], "uv": [46, 53]}
				]
			},
			{
				"name": "clothes5",
				"parent": "clothes",
				"pivot": [0, 8.75, 0],
				"cubes": [
					{"origin": [-1.35, 8.75, -3.75], "size": [2.7, 2.75, 7.5], "uv": [59, 59]},
					{"origin": [-1.35, 8.9, -4.05], "size": [2.7, 1, 8.1], "uv": [83, 40], "inflate": -0.25}
				]
			},
			{
				"name": "bone70",
				"parent": "clothes5",
				"pivot": [-2.9, 7.7, 0],
				"rotation": [0, 0, 15],
				"cubes": [
					{"origin": [-4.82987, 9.12366, -3.8], "size": [3.25, 3, 7.6], "uv": [50, 17]}
				]
			},
			{
				"name": "bone71",
				"parent": "clothes5",
				"pivot": [2.9, 7.7, 0],
				"rotation": [0, 0, -15],
				"cubes": [
					{"origin": [1.57987, 9.12366, -3.8], "size": [3.25, 3, 7.6], "uv": [46, 2]}
				]
			},
			{
				"name": "clothes6",
				"parent": "clothes",
				"pivot": [0, 10.5, 0],
				"cubes": [
					{"origin": [0.75, 13.75, -4], "size": [1, 1, 1], "uv": [70, 64]}
				]
			},
			{
				"name": "bone27",
				"parent": "clothes6",
				"pivot": [0.55, 11.5, -3.95],
				"rotation": [-5, 0, 20],
				"cubes": [
					{"origin": [-0.29202, 10.93612, -4.0319], "size": [1, 3.5, 0], "uv": [40, 40]}
				]
			},
			{
				"name": "bone28",
				"parent": "clothes6",
				"pivot": [1.9, 11.5, -3.95],
				"rotation": [-5, 0, -20],
				"cubes": [
					{"origin": [1.74202, 10.93612, -4.0319], "size": [1, 3.5, 0], "uv": [26, 40]}
				]
			},
			{
				"name": "clothes7",
				"parent": "clothes",
				"pivot": [0, 10.5, 0]
			},
			{
				"name": "bone31",
				"parent": "clothes7",
				"pivot": [0, 16.75, 3.25],
				"rotation": [0, 0, -30],
				"cubes": [
					{"origin": [-3.75, 16.25, 2.75], "size": [7.5, 1, 1], "uv": [44, 0], "inflate": -0.3}
				]
			},
			{
				"name": "bone32",
				"parent": "clothes7",
				"pivot": [0, 16.75, 3.2],
				"rotation": [0, 0, 30],
				"cubes": [
					{"origin": [-3.75, 16.25, 2.7], "size": [7.5, 1, 1], "uv": [0, 42], "inflate": -0.3}
				]
			},
			{
				"name": "bone43",
				"parent": "clothes",
				"pivot": [0, 10.5, 0]
			},
			{
				"name": "bone44",
				"parent": "bone43",
				"pivot": [-1.975, 10.5, 4.35],
				"rotation": [10, 0, 15],
				"cubes": [
					{"origin": [-2.85, 4.5, 4.35], "size": [2.25, 10, 0], "uv": [20, 74]}
				]
			},
			{
				"name": "bone45",
				"parent": "bone43",
				"pivot": [1.975, 10.5, 4.35],
				"rotation": [10, 0, -15],
				"cubes": [
					{"origin": [0.6, 4.5, 4.35], "size": [2.25, 10, 0], "uv": [16, 74]}
				]
			},
			{
				"name": "bone48",
				"parent": "bone43",
				"pivot": [-3.475, 10.75, 4.6],
				"rotation": [10, 0, 40],
				"cubes": [
					{"origin": [-4.6, 7.75, 4.6], "size": [2.25, 8, 0], "uv": [56, 75]}
				]
			},
			{
				"name": "bone49",
				"parent": "bone43",
				"pivot": [3.475, 10.75, 4.6],
				"rotation": [10, 0, -40],
				"cubes": [
					{"origin": [2.35, 7.75, 4.6], "size": [2.25, 8, 0], "uv": [53, 16]}
				]
			},
			{
				"name": "legRight",
				"pivot": [-2, 9, 0],
				"cubes": [
					{"origin": [-3.499, 1, -1.5], "size": [3, 9, 3], "uv": [61, 27]},
					{"origin": [-3.749, 0, -1.75], "size": [3.5, 1, 3.5], "uv": [70, 48]},
					{"origin": [-3.649, 5.75, -1.65], "size": [3.3, 1, 3.3], "uv": [85, 55]},
					{"origin": [-2.25, 0.65, -1.9], "size": [1, 1.1, 1], "uv": [70, 22], "inflate": -0.3}
				]
			},
			{
				"name": "bone29",
				"parent": "legRight",
				"pivot": [-3.9, 6.375, 0.125],
				"rotation": [0, 0, 10],
				"cubes": [
					{"origin": [-4.4, 5.5, 0], "size": [1, 1.75, 1], "uv": [69, 20], "inflate": -0.2},
					{"origin": [-4.4, 5.5, -0.75], "size": [1, 1.75, 1], "uv": [69, 4], "inflate": -0.2}
				]
			},
			{
				"name": "legLeft",
				"pivot": [2, 9, 0],
				"cubes": [
					{"origin": [0.499, 1, -1.5], "size": [3, 9, 3], "uv": [46, 61]},
					{"origin": [0.249, 0, -1.75], "size": [3.5, 1, 3.5], "uv": [69, 0]},
					{"origin": [0.349, 5.75, -1.65], "size": [3.3, 1, 3.3], "uv": [85, 69]},
					{"origin": [1.25, 0.65, -1.9], "size": [1, 1.1, 1], "uv": [58, 64], "inflate": -0.3}
				]
			},
			{
				"name": "bone30",
				"parent": "legLeft",
				"pivot": [3.9, 6.375, 0.125],
				"rotation": [0, 0, -10],
				"cubes": [
					{"origin": [3.4, 5.5, 0], "size": [1, 1.75, 1], "uv": [61, 61], "inflate": -0.2},
					{"origin": [3.4, 5.5, -0.75], "size": [1, 1.75, 1], "uv": [59, 4], "inflate": -0.2}
				]
			},
			{
				"name": "katana",
				"pivot": [-1.79524, 11.63512, 4.15],
				"rotation": [0, 0, 95],
				"cubes": [
					{"origin": [-2.39524, 9.31262, 3.55], "size": [1.2, 2, 1.2], "uv": [46, 56]},
					{"origin": [-2.29524, 5.56262, 3.65], "size": [1, 5.25, 1], "uv": [23, 0]},
					{"origin": [-2.29524, 5.06262, 3.65], "size": [1, 1.25, 1], "uv": [26, 5], "inflate": -0.2},
					{"origin": [-3.14524, 9.81262, 2.65], "size": [2.7, 1, 3], "uv": [50, 27], "inflate": -0.25},
					{"origin": [-3.89524, 9.71262, 3.3], "size": [4.2, 1, 1.7], "uv": [60, 56], "inflate": -0.25},
					{"origin": [-2.74524, 9.71262, 3.15], "size": [1.9, 1, 2], "uv": [0, 32], "inflate": -0.25},
					{"origin": [-4.24524, 9.61262, 3.65], "size": [4.9, 1, 1], "uv": [16, 42], "inflate": -0.25}
				]
			},
			{
				"name": "qiao",
				"parent": "katana",
				"pivot": [-1.79524, 11.63512, 4.15],
				"cubes": [
					{"origin": [-2.59524, 21.06262, 3.55], "size": [1.6, 1, 1.2], "uv": [21, 37], "inflate": -0.2},
					{"origin": [-2.59524, 12.06262, 3.55], "size": [1.6, 1, 1.2], "uv": [36, 51], "inflate": -0.2},
					{"origin": [-2.49524, 11.06262, 3.65], "size": [1.4, 12.25, 1], "uv": [32, 72], "inflate": -0.2}
				]
			},
			{
				"name": "bone55",
				"parent": "katana",
				"pivot": [-1.79524, 16.63512, 4.15],
				"cubes": [
					{"origin": [-2.54524, 10.56262, 3.65], "size": [1.5, 11.25, 1], "uv": [0, 92], "inflate": -0.4},
					{"origin": [-2.54524, 21.01262, 3.65], "size": [1.4, 1, 1], "uv": [0, 92], "inflate": -0.4},
					{"origin": [-2.54524, 21.21262, 3.65], "size": [1.3, 1, 1], "uv": [0, 92], "inflate": -0.4},
					{"origin": [-2.54524, 21.41262, 3.65], "size": [1.2, 1, 1], "uv": [0, 92], "inflate": -0.4},
					{"origin": [-2.54524, 21.61262, 3.65], "size": [1.1, 1, 1], "uv": [0, 92], "inflate": -0.4},
					{"origin": [-2.54524, 21.81262, 3.65], "size": [1, 1, 1], "uv": [6, 94], "inflate": -0.4}
				]
			},
			{
				"name": "chest",
				"pivot": [0, 14.75, 6.5],
				"rotation": [0, -10, 45],
				"cubes": [
					{"origin": [-2, 5.25, 5.75], "size": [4, 19, 1.5], "uv": [36, 53]},
					{"origin": [-2.4, 4.6, 6.85], "size": [4.8, 20.3, 1.5], "uv": [16, 53], "inflate": -0.4},
					{"origin": [1.6, 4.6, 4.65], "size": [1.5, 20.3, 3.7], "uv": [8, 53], "inflate": -0.4},
					{"origin": [-3.1, 4.6, 4.65], "size": [1.5, 20.3, 3.7], "uv": [0, 53], "inflate": -0.4},
					{"origin": [-2.4, 4.6, 4.65], "size": [4.8, 20.3, 1.5], "uv": [26, 51], "inflate": -0.4},
					{"origin": [-2.8, 6.25, 4.95], "size": [5.6, 1, 3.1], "uv": [66, 8]},
					{"origin": [-2.8, 22.25, 4.95], "size": [5.6, 1, 3.1], "uv": [46, 12]},
					{"origin": [-2.8, 14.25, 4.95], "size": [5.6, 1, 3.1], "uv": [40, 40]}
				]
			},
			{
				"name": "tail",
				"pivot": [0, 8.75, 4],
				"rotation": [-70, 0, 0]
			},
			{
				"name": "bone36",
				"parent": "tail",
				"pivot": [0.5, 8.79365, -4.5],
				"cubes": [
					{"origin": [-0.5, 8.79365, 0.5], "size": [1, 1, 4], "uv": [46, 73]}
				]
			},
			{
				"name": "bone37",
				"parent": "tail",
				"pivot": [0.5, 8.79365, 0.5],
				"rotation": [-15, 0, 0],
				"cubes": [
					{"origin": [-0.5, 8.79365, 0.5], "size": [1, 1, 4], "uv": [36, 73]}
				]
			},
			{
				"name": "bone39",
				"parent": "bone37",
				"pivot": [0.5, 8.79365, 4.5],
				"rotation": [-45, 0, 0],
				"cubes": [
					{"origin": [-0.5, 8.79365, 3.5], "size": [1, 2, 1], "uv": [49, 2]}
				]
			},
			{
				"name": "bone40",
				"parent": "bone39",
				"pivot": [0.5, 10.79365, 4.5],
				"rotation": [-80, 0, 0],
				"cubes": [
					{"origin": [-0.5, 9.79365, 1.5], "size": [1, 1, 3], "uv": [44, 2]}
				]
			},
			{
				"name": "bone38",
				"parent": "tail",
				"pivot": [0.5, 8.79365, 4.5],
				"rotation": [25, 0, 0],
				"cubes": [
					{"origin": [-0.5, 8.79365, 4.5], "size": [1, 1, 4], "uv": [52, 40]}
				]
			}
		]
	}
}