{
	"format_version": "1.10.0",
	"geometry.model": {
		"texturewidth": 512,
		"textureheight": 512,
		"visible_bounds_width": 10,
		"visible_bounds_height": 3,
		"visible_bounds_offset": [0, 0, 0],
		"bones": [
			{
				"name": "lunzi",
				"pivot": [0, 0, -16]
			},
			{
				"name": "lunzi2",
				"parent": "lunzi",
				"pivot": [-13, 0, -31],
				"cubes": [
					{"origin": [-20, 0, 10], "size": [4, 2, 4], "uv": [192, 150]},
					{"origin": [-19.65, 2, 9], "size": [3.3, 6, 6], "uv": [14, 78]},
					{"origin": [-19.75, 0.5, 10], "size": [3.5, 2, 4], "uv": [94, 203]}
				]
			},
			{
				"name": "bone",
				"parent": "lunzi2",
				"pivot": [-13, 0, -27],
				"rotation": [45, 0, 0],
				"cubes": [
					{"origin": [-20, -28.99138, 1.99138], "size": [4, 2, 4], "uv": [192, 144]},
					{"origin": [-19.75, -28.49138, 1.99138], "size": [3.5, 2, 4], "uv": [202, 192]}
				]
			},
			{
				"name": "bone2",
				"parent": "bone",
				"pivot": [-13, 0, -23],
				"rotation": [45, 0, 0],
				"cubes": [
					{"origin": [-20, -41, -23], "size": [4, 2, 4], "uv": [192, 138]},
					{"origin": [-19.75, -40.5, -23], "size": [3.5, 2, 4], "uv": [202, 184]}
				]
			},
			{
				"name": "bone3",
				"parent": "bone2",
				"pivot": [-13, 0, -19],
				"rotation": [45, 0, 0],
				"cubes": [
					{"origin": [-20, -28.99138, -47.99138], "size": [4, 2, 4], "uv": [192, 132]},
					{"origin": [-19.75, -28.49138, -47.99138], "size": [3.5, 2, 4], "uv": [202, 178]}
				]
			},
			{
				"name": "bone4",
				"parent": "bone3",
				"pivot": [-13, 0, -15],
				"rotation": [45, 0, 0],
				"cubes": [
					{"origin": [-20, 0, -56], "size": [4, 2, 4], "uv": [192, 126]},
					{"origin": [-19.75, 0.5, -56], "size": [3.5, 2, 4], "uv": [202, 172]}
				]
			},
			{
				"name": "bone5",
				"parent": "bone4",
				"pivot": [-13, 0, -11],
				"rotation": [45, 0, 0],
				"cubes": [
					{"origin": [-20, 28.99138, -39.99138], "size": [4, 2, 4], "uv": [192, 120]},
					{"origin": [-19.75, 29.49138, -39.99138], "size": [3.5, 2, 4], "uv": [202, 166]}
				]
			},
			{
				"name": "bone6",
				"parent": "bone5",
				"pivot": [-13, 0, -7],
				"rotation": [45, 0, 0],
				"cubes": [
					{"origin": [-20, 41, -7], "size": [4, 2, 4], "uv": [192, 114]},
					{"origin": [-19.75, 41.5, -7], "size": [3.5, 2, 4], "uv": [14, 202]}
				]
			},
			{
				"name": "bone7",
				"parent": "bone6",
				"pivot": [-13, 0, -3],
				"rotation": [45, 0, 0],
				"cubes": [
					{"origin": [-20, 28.99138, 25.99138], "size": [4, 2, 4], "uv": [192, 108]},
					{"origin": [-19.75, 29.49138, 25.99138], "size": [3.5, 2, 4], "uv": [0, 202]}
				]
			},
			{
				"name": "lunzi3",
				"parent": "lunzi",
				"pivot": [13, 0, -31],
				"cubes": [
					{"origin": [4, 0, 10], "size": [4, 2, 4], "uv": [180, 192]},
					{"origin": [4.35, 2, 9], "size": [3.3, 6, 6], "uv": [58, 38]},
					{"origin": [4.25, 0.5, 10], "size": [3.5, 2, 4], "uv": [84, 201]}
				]
			},
			{
				"name": "bone8",
				"parent": "lunzi3",
				"pivot": [13, 0, -27],
				"rotation": [45, 0, 0],
				"cubes": [
					{"origin": [4, -28.99138, 1.99138], "size": [4, 2, 4], "uv": [164, 192]},
					{"origin": [4.25, -28.49138, 1.99138], "size": [3.5, 2, 4], "uv": [200, 200]}
				]
			},
			{
				"name": "bone9",
				"parent": "bone8",
				"pivot": [13, 0, -23],
				"rotation": [45, 0, 0],
				"cubes": [
					{"origin": [4, -41, -23], "size": [4, 2, 4], "uv": [148, 192]},
					{"origin": [4.25, -40.5, -23], "size": [3.5, 2, 4], "uv": [186, 200]}
				]
			},
			{
				"name": "bone10",
				"parent": "bone9",
				"pivot": [13, 0, -19],
				"rotation": [45, 0, 0],
				"cubes": [
					{"origin": [4, -28.99138, -47.99138], "size": [4, 2, 4], "uv": [28, 192]},
					{"origin": [4.25, -28.49138, -47.99138], "size": [3.5, 2, 4], "uv": [70, 200]}
				]
			},
			{
				"name": "bone11",
				"parent": "bone10",
				"pivot": [13, 0, -15],
				"rotation": [45, 0, 0],
				"cubes": [
					{"origin": [4, 0, -56], "size": [4, 2, 4], "uv": [16, 190]},
					{"origin": [4.25, 0.5, -56], "size": [3.5, 2, 4], "uv": [34, 200]}
				]
			},
			{
				"name": "bone12",
				"parent": "bone11",
				"pivot": [13, 0, -11],
				"rotation": [45, 0, 0],
				"cubes": [
					{"origin": [4, 28.99138, -39.99138], "size": [4, 2, 4], "uv": [0, 190]},
					{"origin": [4.25, 29.49138, -39.99138], "size": [3.5, 2, 4], "uv": [199, 94]}
				]
			},
			{
				"name": "bone13",
				"parent": "bone12",
				"pivot": [13, 0, -7],
				"rotation": [45, 0, 0],
				"cubes": [
					{"origin": [4, 41, -7], "size": [4, 2, 4], "uv": [189, 14]},
					{"origin": [4.25, 41.5, -7], "size": [3.5, 2, 4], "uv": [56, 199]}
				]
			},
			{
				"name": "bone14",
				"parent": "bone13",
				"pivot": [13, 0, -3],
				"rotation": [45, 0, 0],
				"cubes": [
					{"origin": [4, 28.99138, 25.99138], "size": [4, 2, 4], "uv": [88, 189]},
					{"origin": [4.25, 29.49138, 25.99138], "size": [3.5, 2, 4], "uv": [176, 198]}
				]
			},
			{
				"name": "lunzi4",
				"parent": "lunzi",
				"pivot": [-13, 0, 11],
				"cubes": [
					{"origin": [-20, 0, 52], "size": [4, 2, 4], "uv": [72, 188]},
					{"origin": [-19.65, 2, 51], "size": [3.3, 6, 6], "uv": [56, 0]},
					{"origin": [-19.75, 0.5, 52], "size": [3.5, 2, 4], "uv": [162, 198]}
				]
			},
			{
				"name": "bone41",
				"parent": "lunzi4",
				"pivot": [-13, 0, 15],
				"rotation": [45, 0, 0],
				"cubes": [
					{"origin": [-20, -28.99138, 43.99138], "size": [4, 2, 4], "uv": [187, 27]},
					{"origin": [-19.75, -28.49138, 43.99138], "size": [3.5, 2, 4], "uv": [148, 198]}
				]
			},
			{
				"name": "bone42",
				"parent": "bone41",
				"pivot": [-13, 0, 19],
				"rotation": [45, 0, 0],
				"cubes": [
					{"origin": [-20, -41, 19], "size": [4, 2, 4], "uv": [187, 21]},
					{"origin": [-19.75, -40.5, 19], "size": [3.5, 2, 4], "uv": [24, 198]}
				]
			},
			{
				"name": "bone43",
				"parent": "bone42",
				"pivot": [-13, 0, 23],
				"rotation": [45, 0, 0],
				"cubes": [
					{"origin": [-20, -28.99138, -5.99138], "size": [4, 2, 4], "uv": [28, 186]},
					{"origin": [-19.75, -28.49138, -5.99138], "size": [3.5, 2, 4], "uv": [96, 197]}
				]
			},
			{
				"name": "bone44",
				"parent": "bone43",
				"pivot": [-13, 0, 27],
				"rotation": [45, 0, 0],
				"cubes": [
					{"origin": [-20, 0, -14], "size": [4, 2, 4], "uv": [185, 68]},
					{"origin": [-19.75, 0.5, -14], "size": [3.5, 2, 4], "uv": [14, 196]}
				]
			},
			{
				"name": "bone45",
				"parent": "bone44",
				"pivot": [-13, 0, 31],
				"rotation": [45, 0, 0],
				"cubes": [
					{"origin": [-20, 28.99138, 2.00862], "size": [4, 2, 4], "uv": [185, 62]},
					{"origin": [-19.75, 29.49138, 2.00862], "size": [3.5, 2, 4], "uv": [0, 196]}
				]
			},
			{
				"name": "bone46",
				"parent": "bone45",
				"pivot": [-13, 0, 35],
				"rotation": [45, 0, 0],
				"cubes": [
					{"origin": [-20, 41, 35], "size": [4, 2, 4], "uv": [185, 56]},
					{"origin": [-19.75, 41.5, 35], "size": [3.5, 2, 4], "uv": [86, 195]}
				]
			},
			{
				"name": "bone47",
				"parent": "bone46",
				"pivot": [-13, 0, 39],
				"rotation": [45, 0, 0],
				"cubes": [
					{"origin": [-20, 28.99138, 67.99138], "size": [4, 2, 4], "uv": [185, 50]},
					{"origin": [-19.75, 29.49138, 67.99138], "size": [3.5, 2, 4], "uv": [192, 194]}
				]
			},
			{
				"name": "lunzi5",
				"parent": "lunzi",
				"pivot": [13, 0, 11],
				"cubes": [
					{"origin": [4, 0, 52], "size": [4, 2, 4], "uv": [16, 184]},
					{"origin": [4.35, 2, 51], "size": [3.3, 6, 6], "uv": [14, 38]},
					{"origin": [4.25, 0.5, 52], "size": [3.5, 2, 4], "uv": [72, 194]}
				]
			},
			{
				"name": "bone48",
				"parent": "lunzi5",
				"pivot": [13, 0, 15],
				"rotation": [45, 0, 0],
				"cubes": [
					{"origin": [4, -28.99138, 43.99138], "size": [4, 2, 4], "uv": [0, 184]},
					{"origin": [4.25, -28.49138, 43.99138], "size": [3.5, 2, 4], "uv": [40, 194]}
				]
			},
			{
				"name": "bone49",
				"parent": "bone48",
				"pivot": [13, 0, 19],
				"rotation": [45, 0, 0],
				"cubes": [
					{"origin": [4, -41, 19], "size": [4, 2, 4], "uv": [156, 182]},
					{"origin": [4.25, -40.5, 19], "size": [3.5, 2, 4], "uv": [193, 88]}
				]
			},
			{
				"name": "bone50",
				"parent": "bone49",
				"pivot": [13, 0, 23],
				"rotation": [45, 0, 0],
				"cubes": [
					{"origin": [4, -28.99138, -5.99138], "size": [4, 2, 4], "uv": [140, 181]},
					{"origin": [4.25, -28.49138, -5.99138], "size": [3.5, 2, 4], "uv": [193, 82]}
				]
			},
			{
				"name": "bone51",
				"parent": "bone50",
				"pivot": [13, 0, 27],
				"rotation": [45, 0, 0],
				"cubes": [
					{"origin": [4, 0, -14], "size": [4, 2, 4], "uv": [168, 180]},
					{"origin": [4.25, 0.5, -14], "size": [3.5, 2, 4], "uv": [193, 44]}
				]
			},
			{
				"name": "bone52",
				"parent": "bone51",
				"pivot": [13, 0, 31],
				"rotation": [45, 0, 0],
				"cubes": [
					{"origin": [4, 28.99138, 2.00862], "size": [4, 2, 4], "uv": [124, 180]},
					{"origin": [4.25, 29.49138, 2.00862], "size": [3.5, 2, 4], "uv": [192, 182]}
				]
			},
			{
				"name": "bone53",
				"parent": "bone52",
				"pivot": [13, 0, 35],
				"rotation": [45, 0, 0],
				"cubes": [
					{"origin": [4, 41, 35], "size": [4, 2, 4], "uv": [108, 180]},
					{"origin": [4.25, 41.5, 35], "size": [3.5, 2, 4], "uv": [192, 176]}
				]
			},
			{
				"name": "bone54",
				"parent": "bone53",
				"pivot": [13, 0, 39],
				"rotation": [45, 0, 0],
				"cubes": [
					{"origin": [4, 28.99138, 67.99138], "size": [4, 2, 4], "uv": [61, 59]},
					{"origin": [4.25, 29.49138, 67.99138], "size": [3.5, 2, 4], "uv": [192, 170]}
				]
			},
			{
				"name": "chejia",
				"pivot": [0, 0, 0]
			},
			{
				"name": "chejia1",
				"parent": "chejia",
				"pivot": [0, 1, 0],
				"cubes": [
					{"origin": [-15, 4, -6.5], "size": [18, 4, 77.5], "uv": [0, 78]},
					{"origin": [-10, 6, 49], "size": [8, 3, 11], "uv": [38, 112]},
					{"origin": [-19, 9, 58], "size": [26, 2, 12], "uv": [131, 0]},
					{"origin": [-19, 11, 58], "size": [10, 2, 12], "uv": [123, 159]},
					{"origin": [-3, 11, 58], "size": [10, 2, 12], "uv": [79, 159]},
					{"origin": [-10, 11, 62], "size": [8, 1, 2], "uv": [167, 142]},
					{"origin": [-10, 11, 64], "size": [8, 2, 2], "uv": [147, 141]},
					{"origin": [-10, 9, 56], "size": [8, 1, 2], "uv": [111, 167]},
					{"origin": [-19, 9, 46], "size": [9, 1, 4], "uv": [113, 139]},
					{"origin": [-2, 9, 46], "size": [9, 1, 4], "uv": [35, 106]},
					{"origin": [-3, 7, 46], "size": [1, 3, 4], "uv": [44, 0]},
					{"origin": [-3, 5, 45], "size": [10, 12, 1], "uv": [167, 167]},
					{"origin": [-19, 6, 46], "size": [9, 1, 2], "uv": [38, 139]},
					{"origin": [-19, 7, 46], "size": [9, 2, 3], "uv": [177, 39]},
					{"origin": [-19.75, 4, 17.5], "size": [4.75, 4, 30.75], "uv": [0, 112]},
					{"origin": [-19.75, 4, -6.5], "size": [4.75, 4, 12.75], "uv": [0, 0]},
					{"origin": [-19.75, 4, 59.75], "size": [4.75, 4, 11.25], "uv": [0, 112]},
					{"origin": [3, 4, 59.75], "size": [4.75, 4, 11.25], "uv": [0, 16]},
					{"origin": [3, 4, 44.75], "size": [4.75, 4, 3.5], "uv": [192, 163]},
					{"origin": [3, 4, 2.5], "size": [4.75, 4, 3.75], "uv": [192, 156]},
					{"origin": [3, 4, -6.5], "size": [4.75, 4, 2.25], "uv": [0, 78]},
					{"origin": [3, 4, -4.25], "size": [1.5, 3, 6.75], "uv": [100, 180]},
					{"origin": [4.5, 4, -4.25], "size": [1.75, 2, 6.75], "uv": [125, 95]},
					{"origin": [6.25, 4, -4.25], "size": [1.5, 1, 6.75], "uv": [191, 98]},
					{"origin": [3, 4, 17.75], "size": [4.75, 4, 19.5], "uv": [131, 21]},
					{"origin": [3, 4, 37.25], "size": [1.5, 3, 7.5], "uv": [61, 65]},
					{"origin": [4.5, 4, 37.25], "size": [1.75, 2, 7.5], "uv": [131, 21]},
					{"origin": [6.25, 4, 37.25], "size": [1.5, 1, 7.5], "uv": [131, 30]},
					{"origin": [7, 14, 17.25], "size": [1, 1, 3], "uv": [234, 0]},
					{"origin": [-20, 14, 29], "size": [1, 1, 3], "uv": [234, 0], "mirror": true},
					{"origin": [7, 14, 26.1], "size": [1, 1, 3], "uv": [280, 0]},
					{"origin": [-20, 14, 38], "size": [1, 1, 3], "uv": [280, 0], "mirror": true}
				]
			},
			{
				"name": "bone15",
				"parent": "chejia1",
				"pivot": [-10, 7.5, 7.5],
				"rotation": [-25, 0, 0],
				"cubes": [
					{"origin": [-20, 22.32735, 44.15862], "size": [11, 7, 1.25], "uv": [161, 146]}
				]
			},
			{
				"name": "bone16",
				"parent": "bone15",
				"pivot": [-10, 12, 7],
				"rotation": [-65, 0, 0],
				"cubes": [
					{"origin": [-20, 53, 7], "size": [11, 8, 1], "uv": [137, 146]},
					{"origin": [-10, 53, 8], "size": [1, 8, 3], "uv": [23, 55]}
				]
			},
			{
				"name": "bone17",
				"parent": "bone16",
				"pivot": [-9, 20, 7],
				"rotation": [-65, 0, 0],
				"cubes": [
					{"origin": [-20, 37.32735, -30.15862], "size": [11, 7, 1.25], "uv": [155, 159]}
				]
			},
			{
				"name": "bone18",
				"parent": "chejia1",
				"pivot": [10, 7.5, 7.5],
				"rotation": [-25, 0, 0],
				"cubes": [
					{"origin": [-3, 22.32735, 44.15862], "size": [11, 7, 1.25], "uv": [111, 159]}
				]
			},
			{
				"name": "bone19",
				"parent": "bone18",
				"pivot": [10, 12, 7],
				"rotation": [-65, 0, 0],
				"cubes": [
					{"origin": [-3, 53, 7], "size": [11, 8, 1], "uv": [113, 146]},
					{"origin": [-3, 53, 8], "size": [1, 8, 3], "uv": [0, 38]}
				]
			},
			{
				"name": "bone20",
				"parent": "bone19",
				"pivot": [9, 20, 7],
				"rotation": [-65, 0, 0],
				"cubes": [
					{"origin": [-3, 37.32735, -30.15862], "size": [11, 7, 1.25], "uv": [147, 133]}
				]
			},
			{
				"name": "bone38",
				"parent": "chejia1",
				"pivot": [-10, 7.5, -34.5],
				"rotation": [-25, 0, 0],
				"cubes": [
					{"origin": [-20, 22.32735, 2.15862], "size": [6, 7, 1.25], "uv": [56, 168]}
				]
			},
			{
				"name": "bone39",
				"parent": "bone38",
				"pivot": [-10, 12, -35],
				"rotation": [-65, 0, 0],
				"cubes": [
					{"origin": [-20, 53, -35], "size": [6, 8, 1], "uv": [86, 180]}
				]
			},
			{
				"name": "bone40",
				"parent": "bone39",
				"pivot": [-9, 20, -35],
				"rotation": [-65, 0, 0],
				"cubes": [
					{"origin": [-20, 37.32735, -72.15862], "size": [6, 7, 1.25], "uv": [0, 168]}
				]
			},
			{
				"name": "bone55",
				"parent": "chejia1",
				"pivot": [10, 7.5, -34.5],
				"rotation": [-25, 0, 0],
				"cubes": [
					{"origin": [2, 22.32735, 2.15862], "size": [6, 7, 1.25], "uv": [158, 30]}
				]
			},
			{
				"name": "bone56",
				"parent": "bone55",
				"pivot": [10, 12, -35],
				"rotation": [-65, 0, 0],
				"cubes": [
					{"origin": [2, 53, -35], "size": [6, 8, 1], "uv": [72, 179]}
				]
			},
			{
				"name": "bone57",
				"parent": "bone56",
				"pivot": [9, 20, -35],
				"rotation": [-65, 0, 0],
				"cubes": [
					{"origin": [2, 37.32735, -72.15862], "size": [6, 7, 1.25], "uv": [147, 122]}
				]
			},
			{
				"name": "chejia2",
				"parent": "chejia",
				"pivot": [0, 0, 0],
				"cubes": [
					{"origin": [-19.999, 8, 17], "size": [1, 6, 32], "uv": [0, 0]},
					{"origin": [-19.999, 23, -6.5], "size": [1, 2, 78], "uv": [130, 0]},
					{"origin": [-19.999, 11, 7], "size": [1, 3, 10], "uv": [29, 159]},
					{"origin": [-19.999, 11, 49], "size": [1, 5, 10], "uv": [0, 127]},
					{"origin": [-19.999, 9, 49], "size": [1, 2, 1], "uv": [56, 12]},
					{"origin": [-19.999, 9, 58], "size": [1, 2, 1], "uv": [50, 0]},
					{"origin": [-19.999, 9, 16], "size": [1, 2, 1], "uv": [49, 13]},
					{"origin": [-19.999, 9, 7], "size": [1, 2, 1], "uv": [44, 0]},
					{"origin": [-19.999, 8, 1.5], "size": [1, 6, 5.5], "uv": [0, 0]},
					{"origin": [-19.999, 8, -6.75], "size": [1, 5, 8.25], "uv": [34, 0]},
					{"origin": [-19.999, 13, -6.75], "size": [1, 10, 1.25], "uv": [26, 90]},
					{"origin": [-19.999, 20, -5.5], "size": [1, 1, 54], "uv": [0, 159]},
					{"origin": [-19.999, 14, 21.5], "size": [1, 9, 1], "uv": [4, 127]},
					{"origin": [-19.999, 14, 35.5], "size": [1, 9, 1], "uv": [0, 127]},
					{"origin": [-19.999, 14, 1.5], "size": [1, 9, 1], "uv": [125, 78]},
					{"origin": [-19.999, 14, 48.5], "size": [1, 9, 1], "uv": [117, 93]},
					{"origin": [-19.999, 16, 55.5], "size": [1, 7, 1], "uv": [131, 0]},
					{"origin": [-19.999, 16, 62.5], "size": [1, 7, 1], "uv": [129, 80]},
					{"origin": [-19.999, 16, 69.5], "size": [2, 7, 2], "uv": [19, 112]},
					{"origin": [-19.999, 8, 59], "size": [1, 8, 12.5], "uv": [0, 78]}
				]
			},
			{
				"name": "chejia3",
				"parent": "chejia",
				"pivot": [0, 0, 0],
				"cubes": [
					{"origin": [-19, 8, 70.5], "size": [26, 10, 1], "uv": [131, 50]},
					{"origin": [-19, 8, -6.75], "size": [26, 3, 1.25], "uv": [131, 64]},
					{"origin": [-19, 23, -6.5], "size": [26, 2, 1], "uv": [131, 74]},
					{"origin": [-19, 11, -6.5], "size": [26, 2, 1], "uv": [0, 229]},
					{"origin": [-19, 21, -6.75], "size": [26, 2, 1.25], "uv": [131, 71]},
					{"origin": [-19, 23, 70.5], "size": [26, 2, 1], "uv": [131, 68]}
				]
			},
			{
				"name": "chejia4",
				"parent": "chejia",
				"pivot": [0, 0, 0],
				"cubes": [
					{"origin": [6.999, 8, 17], "size": [1, 6, 20.25], "uv": [34, 0]},
					{"origin": [6.999, 8, 44.75], "size": [1, 6, 4.25], "uv": [20, 0]},
					{"origin": [6.999, 23, -6.5], "size": [1, 2, 78], "uv": [112, 112]},
					{"origin": [6.999, 11, 7], "size": [1, 3, 10], "uv": [113, 93]},
					{"origin": [6.999, 11, 49], "size": [1, 5, 10], "uv": [113, 78]},
					{"origin": [6.999, 9, 49], "size": [1, 2, 1], "uv": [34, 26]},
					{"origin": [6.999, 9, 58], "size": [1, 2, 1], "uv": [34, 13]},
					{"origin": [6.999, 9, 16], "size": [1, 2, 1], "uv": [28, 16]},
					{"origin": [6.999, 9, 7], "size": [1, 2, 1], "uv": [20, 0]},
					{"origin": [6.999, 8, 2.5], "size": [1, 6, 4.5], "uv": [0, 16]},
					{"origin": [6.999, 8, -6.75], "size": [1, 5, 2.5], "uv": [70, 65]},
					{"origin": [6.999, 13, -6.75], "size": [1, 10, 1.25], "uv": [8, 38]},
					{"origin": [6.999, 20, 3.5], "size": [1, 1, 32.75], "uv": [113, 113]},
					{"origin": [6.999, 14, 21.5], "size": [1, 9, 1], "uv": [117, 78]},
					{"origin": [6.999, 14, 36.25], "size": [1, 9, 1], "uv": [113, 93]},
					{"origin": [6.999, 14, 2.5], "size": [1, 9, 1], "uv": [113, 78]},
					{"origin": [6.999, 14, 48.5], "size": [1, 9, 1], "uv": [42, 112]},
					{"origin": [6.999, 14, 44.75], "size": [1, 9, 1], "uv": [38, 112]},
					{"origin": [6.999, 16, 55.5], "size": [1, 7, 1], "uv": [125, 93]},
					{"origin": [6.999, 16, 62.5], "size": [1, 7, 1], "uv": [28, 50]},
					{"origin": [5.999, 16, 69.5], "size": [2, 7, 2], "uv": [0, 112]},
					{"origin": [6.999, 8, 59], "size": [1, 8, 12.5], "uv": [0, 38]}
				]
			},
			{
				"name": "chejia5",
				"parent": "chejia",
				"pivot": [0, 0, 0],
				"cubes": [
					{"origin": [-19.5, 25, -6], "size": [27, 1.5, 77], "uv": [0, 0]},
					{"origin": [-15.5, 26.25, 32], "size": [19, 3.5, 35], "uv": [75, 192]},
					{"origin": [-15.5, 26.25, 6], "size": [19, 2.5, 26], "uv": [113, 80]}
				]
			},
			{
				"name": "neibu",
				"pivot": [0, 0, 0]
			},
			{
				"name": "zuoyi",
				"parent": "neibu",
				"pivot": [0, 0, 0]
			},
			{
				"name": "bone21",
				"parent": "zuoyi",
				"pivot": [0, 0, -3],
				"cubes": [
					{"origin": [-19, 11.75, 49], "size": [10, 1, 5], "uv": [113, 133]}
				]
			},
			{
				"name": "bone22",
				"parent": "bone21",
				"pivot": [-8.5, 11.75, 13],
				"rotation": [80, 0, 0],
				"cubes": [
					{"origin": [-19, -28.62712, 20.11958], "size": [10, 1, 6], "uv": [113, 120]}
				]
			},
			{
				"name": "bone23",
				"parent": "zuoyi",
				"pivot": [0, 0, -3],
				"cubes": [
					{"origin": [-3, 11.75, 49], "size": [10, 1, 5], "uv": [38, 133]}
				]
			},
			{
				"name": "bone24",
				"parent": "bone23",
				"pivot": [8.5, 11.75, 13],
				"rotation": [80, 0, 0],
				"cubes": [
					{"origin": [-3, -28.62712, 20.11958], "size": [10, 1, 6], "uv": [113, 113]}
				]
			},
			{
				"name": "bone25",
				"parent": "zuoyi",
				"pivot": [0, 1, 5],
				"cubes": [
					{"origin": [-19, 12.75, 57], "size": [10, 1, 5], "uv": [113, 127]}
				]
			},
			{
				"name": "bone26",
				"parent": "bone25",
				"pivot": [-8.5, 12.75, 21],
				"rotation": [80, 0, 0],
				"cubes": [
					{"origin": [-19, -27.62712, 28.11958], "size": [10, 1, 6], "uv": [35, 99]}
				]
			},
			{
				"name": "bone27",
				"parent": "zuoyi",
				"pivot": [0, 1, 5],
				"cubes": [
					{"origin": [-3, 12.75, 57], "size": [10, 1, 5], "uv": [0, 105]}
				]
			},
			{
				"name": "bone28",
				"parent": "bone27",
				"pivot": [8.5, 12.75, 21],
				"rotation": [80, 0, 0],
				"cubes": [
					{"origin": [-3, -27.62712, 28.11958], "size": [10, 1, 6], "uv": [0, 98]}
				]
			},
			{
				"name": "bone29",
				"parent": "zuoyi",
				"pivot": [0, -2, -11.25],
				"cubes": [
					{"origin": [-19, 9.75, 40.75], "size": [10, 1, 5], "uv": [34, 26]},
					{"origin": [-19, 8, 41], "size": [9, 2, 5], "uv": [49, 146]}
				]
			},
			{
				"name": "bone30",
				"parent": "bone29",
				"pivot": [-8.5, 9.75, 4.75],
				"rotation": [80, 0, 0],
				"cubes": [
					{"origin": [-19, -30.62712, 11.86958], "size": [10, 1, 6], "uv": [35, 59]}
				]
			},
			{
				"name": "bone31",
				"parent": "zuoyi",
				"pivot": [0, -2, -19.25],
				"cubes": [
					{"origin": [-19, 9.75, 32.75], "size": [5.5, 1, 5], "uv": [177, 98]},
					{"origin": [-19, 8, 33], "size": [4.5, 2, 5], "uv": [12, 127]}
				]
			},
			{
				"name": "bone32",
				"parent": "bone31",
				"pivot": [-8.5, 9.75, -3.25],
				"rotation": [80, 0, 0],
				"cubes": [
					{"origin": [-19, -30.62712, 3.86958], "size": [5.5, 1, 6], "uv": [22, 177]}
				]
			},
			{
				"name": "bone33",
				"parent": "zuoyi",
				"pivot": [0, 1, 13],
				"cubes": [
					{"origin": [-19, 12.75, 65], "size": [26, 1, 5], "uv": [131, 44]}
				]
			},
			{
				"name": "bone34",
				"parent": "bone33",
				"pivot": [-8.5, 12.75, 29],
				"rotation": [80, 0, 0],
				"cubes": [
					{"origin": [-19, -27.62712, 36.11958], "size": [26, 1, 6], "uv": [131, 14]}
				]
			},
			{
				"name": "bone35",
				"parent": "zuoyi",
				"pivot": [0, -2, -27.25],
				"cubes": [
					{"origin": [-19, 9.75, 24.75], "size": [5.5, 1, 5], "uv": [177, 92]},
					{"origin": [-19, 8, 25], "size": [4.5, 2, 5], "uv": [58, 85]}
				]
			},
			{
				"name": "bone36",
				"parent": "bone35",
				"pivot": [-8.5, 9.75, -11.25],
				"rotation": [80, 0, 0],
				"cubes": [
					{"origin": [-19, -30.62712, -4.13042], "size": [5.5, 1, 6], "uv": [0, 177]}
				]
			},
			{
				"name": "bone64",
				"parent": "zuoyi",
				"pivot": [0, 0, 0],
				"cubes": [
					{"origin": [1, 11, 3.6], "size": [6, 1, 17.4], "uv": [0, 159]},
					{"origin": [1, 7, 3.6], "size": [3, 4, 17.4], "uv": [35, 78]},
					{"origin": [-2, 7, 3.6], "size": [3, 3, 17.4], "uv": [56, 159]},
					{"origin": [1, 7, 21], "size": [6, 8, 1], "uv": [56, 159]},
					{"origin": [1, 7, 2.6], "size": [6, 8, 1], "uv": [0, 159]}
				]
			},
			{
				"name": "bone65",
				"parent": "bone64",
				"pivot": [16, 8.75, -19.41667],
				"rotation": [0, 90, 0],
				"cubes": [
					{"origin": [-24.5, 11.75, -35.25], "size": [5.5, 1, 5], "uv": [177, 86]}
				]
			},
			{
				"name": "bone66",
				"parent": "bone65",
				"pivot": [17.5, 11.75, -24.25],
				"rotation": [80, 0, 0],
				"cubes": [
					{"origin": [-24.5, 17.65885, -25.29189], "size": [5.5, 1, 6], "uv": [150, 174]}
				]
			},
			{
				"name": "bone67",
				"parent": "bone64",
				"pivot": [16, 8.75, -25.41667],
				"rotation": [0, 90, 0],
				"cubes": [
					{"origin": [-24.5, 11.75, -41.25], "size": [5.5, 1, 5], "uv": [177, 80]}
				]
			},
			{
				"name": "bone68",
				"parent": "bone67",
				"pivot": [17.5, 11.75, -30.25],
				"rotation": [80, 0, 0],
				"cubes": [
					{"origin": [-24.5, 17.65885, -31.29189], "size": [5.5, 1, 6], "uv": [134, 173]}
				]
			},
			{
				"name": "bone69",
				"parent": "bone64",
				"pivot": [16, 8.75, -31.41667],
				"rotation": [0, 90, 0],
				"cubes": [
					{"origin": [-24.5, 11.75, -47.25], "size": [5.5, 1, 5], "uv": [170, 120]}
				]
			},
			{
				"name": "bone70",
				"parent": "bone69",
				"pivot": [17.5, 11.75, -36.25],
				"rotation": [80, 0, 0],
				"cubes": [
					{"origin": [-24.5, 17.65885, -37.29189], "size": [5.5, 1, 6], "uv": [112, 173]}
				]
			},
			{
				"name": "bone37",
				"parent": "zuoyi",
				"pivot": [0, 0, 0],
				"cubes": [
					{"origin": [-19, 11, 3.6], "size": [6, 1, 17.4], "uv": [158, 21]},
					{"origin": [-16, 7, 3.6], "size": [3, 4, 17.4], "uv": [35, 38]},
					{"origin": [-19, 7, 21], "size": [6, 8, 1], "uv": [158, 21]},
					{"origin": [-19, 7, 2.6], "size": [6, 15, 1], "uv": [35, 38]},
					{"origin": [-13, 7, 3.6], "size": [3, 3, 17.4], "uv": [147, 113]}
				]
			},
			{
				"name": "bone58",
				"parent": "bone37",
				"pivot": [-16, 8.75, -19.41667],
				"rotation": [0, -90, 0],
				"cubes": [
					{"origin": [19, 11.75, -23.25], "size": [5.5, 1, 5], "uv": [170, 114]}
				]
			},
			{
				"name": "bone59",
				"parent": "bone58",
				"pivot": [-17.5, 11.75, -24.25],
				"rotation": [80, 0, 0],
				"cubes": [
					{"origin": [19, 5.84115, -23.20811], "size": [5.5, 1, 6], "uv": [90, 173]}
				]
			},
			{
				"name": "bone60",
				"parent": "bone37",
				"pivot": [-16, 8.75, -25.41667],
				"rotation": [0, -90, 0],
				"cubes": [
					{"origin": [19, 11.75, -29.25], "size": [5.5, 1, 5], "uv": [170, 108]}
				]
			},
			{
				"name": "bone61",
				"parent": "bone60",
				"pivot": [-17.5, 11.75, -30.25],
				"rotation": [80, 0, 0],
				"cubes": [
					{"origin": [19, 5.84115, -29.20811], "size": [5.5, 1, 6], "uv": [165, 135]}
				]
			},
			{
				"name": "bone62",
				"parent": "bone37",
				"pivot": [-16, 8.75, -31.41667],
				"rotation": [0, -90, 0],
				"cubes": [
					{"origin": [19, 11.75, -35.25], "size": [5.5, 1, 5], "uv": [56, 12]}
				]
			},
			{
				"name": "bone63",
				"parent": "bone62",
				"pivot": [-17.5, 11.75, -36.25],
				"rotation": [80, 0, 0],
				"cubes": [
					{"origin": [19, 5.84115, -35.20811], "size": [5.5, 1, 6], "uv": [22, 148]}
				]
			},
			{
				"name": "bone71",
				"parent": "zuoyi",
				"pivot": [0, -1, -55.25],
				"cubes": [
					{"origin": [-19, 10.75, -3.25], "size": [5.5, 1, 5], "uv": [34, 13]},
					{"origin": [-19, 9, -3], "size": [4.5, 2, 5], "uv": [58, 78]},
					{"origin": [-19, 7, -5.5], "size": [6.5, 2, 9.25], "uv": [0, 58]}
				]
			},
			{
				"name": "bone72",
				"parent": "bone71",
				"pivot": [-8.5, 10.75, -39.25],
				"rotation": [80, 0, 0],
				"cubes": [
					{"origin": [-19, -29.62712, -32.13042], "size": [5.5, 1, 6], "uv": [0, 148]}
				]
			},
			{
				"name": "fushou",
				"parent": "neibu",
				"pivot": [-2, -2, 0],
				"cubes": [
					{"origin": [-12, 6, 37], "size": [1, 20, 1], "uv": [46, 172]},
					{"origin": [-12, 21, 4], "size": [1, 1, 33], "uv": [0, 78]},
					{"origin": [-12, 6, 21], "size": [1, 20, 1], "uv": [50, 171]},
					{"origin": [-12, 6, 3], "size": [1, 20, 1], "uv": [135, 80]}
				]
			},
			{
				"name": "fushou2",
				"parent": "fushou",
				"pivot": [9, -2, 0],
				"cubes": [
					{"origin": [-1, 6, 37], "size": [1, 20, 1], "uv": [72, 126]},
					{"origin": [-1, 21, 4], "size": [1, 1, 33], "uv": [0, 38]},
					{"origin": [-1, 6, 21], "size": [1, 20, 1], "uv": [72, 99]},
					{"origin": [-1, 6, 3], "size": [1, 20, 1], "uv": [68, 99]}
				]
			},
			{
				"name": "zhuangshi",
				"pivot": [0, 0, 0]
			},
			{
				"name": "chedeng",
				"parent": "zhuangshi",
				"pivot": [0, 0, 0],
				"cubes": [
					{"origin": [-20, 4.25, -7], "size": [28, 3, 2], "uv": [113, 108]},
					{"origin": [5, 4.5, -7.5], "size": [2, 2, 1], "uv": [56, 3]},
					{"origin": [-19, 4.5, -7.5], "size": [2, 2, 1], "uv": [56, 0]},
					{"origin": [-16.75, 4.5, -7.5], "size": [3, 2, 1], "uv": [0, 87]},
					{"origin": [1.75, 4.5, -7.5], "size": [3, 2, 1], "uv": [0, 84]},
					{"origin": [-9.25, 3.5, -7.5], "size": [7, 2, 1], "uv": [59, 26]},
					{"origin": [-13.25, 7.25, -7], "size": [14.5, 2, 1], "uv": [35, 66]}
				]
			},
			{
				"name": "chedeng2",
				"parent": "chedeng",
				"pivot": [0, 0, -17.75],
				"cubes": [
					{"origin": [-20, 4.25, 69.25], "size": [28, 3, 2], "uv": [0, 72]},
					{"origin": [5.75, 9.75, 70.75], "size": [2, 2, 1], "uv": [26, 41]},
					{"origin": [-19.75, 9.75, 70.75], "size": [2, 2, 1], "uv": [14, 41]},
					{"origin": [-19.75, 7.5, 70.75], "size": [2, 2, 1], "uv": [26, 38]},
					{"origin": [5.75, 7.5, 70.75], "size": [2, 2, 1], "uv": [14, 38]},
					{"origin": [-9.25, 3.5, 70.75], "size": [7, 2, 1], "uv": [58, 50]},
					{"origin": [-13.25, 7.25, 70.75], "size": [14.5, 6, 1], "uv": [38, 126]}
				]
			},
			{
				"name": "houshijing",
				"parent": "zhuangshi",
				"pivot": [0, 0, 0]
			},
			{
				"name": "bone73",
				"parent": "houshijing",
				"pivot": [0, 0, 0],
				"cubes": [
					{"origin": [-20.75, 15, -6.75], "size": [1, 3, 1], "uv": [6, 16], "inflate": -0.2},
					{"origin": [-22.25, 14, -6.75], "size": [1.75, 4.25, 1], "uv": [7, 0]}
				]
			},
			{
				"name": "bone74",
				"parent": "houshijing",
				"pivot": [0, 0, 0],
				"cubes": [
					{"origin": [7.75, 15, -6.75], "size": [1, 3, 1], "uv": [0, 16], "inflate": -0.2},
					{"origin": [8.5, 14, -6.75], "size": [1.75, 4.25, 1], "uv": [0, 0]}
				]
			},
			{
				"name": "chemen",
				"parent": "zhuangshi",
				"pivot": [0, 0, 0]
			},
			{
				"name": "bone75",
				"parent": "chemen",
				"pivot": [0, 0, 0],
				"cubes": [
					{"origin": [6.85, 4.8, 1.7], "size": [1, 19, 1], "uv": [68, 179], "inflate": -0.2},
					{"origin": [6.85, 4.8, -3.9], "size": [1, 6, 6], "uv": [35, 78], "inflate": -0.2},
					{"origin": [6.85, 20.8, -3.9], "size": [1, 3, 6], "uv": [147, 113], "inflate": -0.2},
					{"origin": [6.85, 4.8, -4.5], "size": [1, 19, 1], "uv": [64, 179], "inflate": -0.2}
				]
			},
			{
				"name": "bone76",
				"parent": "chemen",
				"pivot": [0, 0, 42.3],
				"cubes": [
					{"origin": [6.85, 4.8, 44], "size": [1, 19, 1], "uv": [60, 179], "inflate": -0.2},
					{"origin": [6.85, 4.8, 40.5], "size": [1, 19, 1], "uv": [56, 179], "inflate": -0.2},
					{"origin": [6.85, 4.8, 41.1], "size": [1, 6, 3.3], "uv": [66, 29], "inflate": -0.2},
					{"origin": [6.85, 4.8, 37.6], "size": [1, 6, 3.3], "uv": [0, 58], "inflate": -0.2},
					{"origin": [6.85, 20.8, 41.1], "size": [1, 3, 3.3], "uv": [68, 0], "inflate": -0.2},
					{"origin": [6.85, 20.8, 37.6], "size": [1, 3, 3.3], "uv": [34, 0], "inflate": -0.2},
					{"origin": [6.85, 4.8, 37], "size": [1, 19, 1], "uv": [68, 126], "inflate": -0.2}
				]
			},
			{
				"name": "qita",
				"parent": "zhuangshi",
				"pivot": [0, 0, 0],
				"cubes": [
					{"origin": [-19, 13, -6], "size": [26, 1, 2], "uv": [131, 61]},
					{"origin": [-12, 8, 0], "size": [3, 7, 3], "uv": [19, 16]}
				]
			},
			{
				"name": "bone77",
				"parent": "qita",
				"pivot": [-10.25, 13.5, -45.5],
				"rotation": [20, 0, 0],
				"cubes": [
					{"origin": [-16.75, -1.02283, -7.9726], "size": [1, 1, 2], "uv": [26, 0]},
					{"origin": [-17.75, -2.02283, -5.9726], "size": [3, 3, 1], "uv": [43, 78]}
				]
			},
			{
				"name": "bone130",
				"parent": "qita",
				"pivot": [0, 32, 5.5],
				"rotation": [25, 0, 0],
				"cubes": [
					{"origin": [-12, 14.17265, 38.15862], "size": [12, 1, 7], "uv": [86, 24]}
				]
			},
			{
				"name": "bone131",
				"parent": "qita",
				"pivot": [0, 31, -21.5],
				"rotation": [25, 0, 0],
				"cubes": [
					{"origin": [-12, 13.17265, 11.15862], "size": [12, 1, 7], "uv": [86, 24]}
				]
			},
			{
				"name": "biaoyu",
				"parent": "zhuangshi",
				"pivot": [0, 0, 0]
			},
			{
				"name": "biaoyuzuo",
				"parent": "biaoyu",
				"pivot": [0, 0, 0],
				"cubes": [
					{"origin": [7.5, 12, 62.6], "size": [1, 1, 1.7], "uv": [312, 0], "inflate": -0.3}
				]
			},
			{
				"name": "biaoyu1",
				"parent": "biaoyuzuo",
				"pivot": [0, 0, 0],
				"cubes": [
					{"origin": [7.5, 11, 69], "size": [1, 3, 1], "uv": [312, 0], "inflate": -0.3},
					{"origin": [7.5, 13, 68.2], "size": [1, 1, 1.4], "uv": [312, 0], "inflate": -0.3}
				]
			},
			{
				"name": "bone78",
				"parent": "biaoyu1",
				"pivot": [14, 13.7, 27.5],
				"rotation": [45, 0, 0],
				"cubes": [
					{"origin": [7.5, -15.99138, 55.59138], "size": [1, 1, 1.2], "uv": [312, 0], "inflate": -0.3}
				]
			},
			{
				"name": "bone79",
				"parent": "bone78",
				"pivot": [14, 13.7, 26.9],
				"rotation": [45, 0, 0],
				"cubes": [
					{"origin": [7.5, -28, 26], "size": [1, 1, 1.2], "uv": [312, 0], "inflate": -0.3}
				]
			},
			{
				"name": "bone80",
				"parent": "bone79",
				"pivot": [14, 13.7, 26.3],
				"rotation": [45, 0, 0],
				"cubes": [
					{"origin": [7.5, -15.99138, -3.59138], "size": [1, 1, 1.2], "uv": [312, 0], "inflate": -0.3}
				]
			},
			{
				"name": "bone81",
				"parent": "bone80",
				"pivot": [14, 13.7, 25.7],
				"rotation": [45, 0, 0],
				"cubes": [
					{"origin": [7.5, 13, -16.4], "size": [1, 1, 1.4], "uv": [312, 0], "inflate": -0.3}
				]
			},
			{
				"name": "biaoyu2",
				"parent": "biaoyuzuo",
				"pivot": [0, 0, -2],
				"cubes": [
					{"origin": [7.5, 11.5, 67], "size": [1, 2, 1], "uv": [312, 0], "inflate": -0.3}
				]
			},
			{
				"name": "bone82",
				"parent": "biaoyu2",
				"pivot": [14, 11.8, 26.7],
				"rotation": [-45, 0, 0],
				"cubes": [
					{"origin": [7.5, 39.79138, 54.99138], "size": [1, 1.3, 1], "uv": [312, 0], "inflate": -0.3}
				]
			},
			{
				"name": "bone83",
				"parent": "bone82",
				"pivot": [14, 11.1, 26.7],
				"rotation": [-45, 0, 0],
				"cubes": [
					{"origin": [7.5, 51.3, 26], "size": [1, 1.1, 1], "uv": [312, 0], "inflate": -0.3}
				]
			},
			{
				"name": "bone84",
				"parent": "bone83",
				"pivot": [14, 10.6, 26.7],
				"rotation": [-45, 0, 0],
				"cubes": [
					{"origin": [7.5, 38.59138, -2.99138], "size": [1, 1.3, 1], "uv": [312, 0], "inflate": -0.3}
				]
			},
			{
				"name": "bone85",
				"parent": "bone84",
				"pivot": [14, 9.9, 26.7],
				"rotation": [-45, 0, 0],
				"cubes": [
					{"origin": [7.5, 8.2, -15], "size": [1, 2, 1], "uv": [312, 0], "inflate": -0.3}
				]
			},
			{
				"name": "bone86",
				"parent": "bone85",
				"pivot": [14, 8.5, 26.7],
				"rotation": [-45, 0, 0],
				"cubes": [
					{"origin": [7.5, -21.49138, -2.99138], "size": [1, 1.3, 1], "uv": [312, 0], "inflate": -0.3}
				]
			},
			{
				"name": "bone87",
				"parent": "bone86",
				"pivot": [14, 7.8, 26.7],
				"rotation": [-45, 0, 0],
				"cubes": [
					{"origin": [7.5, -34, 26], "size": [1, 1.1, 1], "uv": [312, 0], "inflate": -0.3}
				]
			},
			{
				"name": "bone88",
				"parent": "bone87",
				"pivot": [14, 7.3, 26.7],
				"rotation": [-45, 0, 0],
				"cubes": [
					{"origin": [7.5, -22.69138, 54.99138], "size": [1, 1.3, 1], "uv": [312, 0], "inflate": -0.3}
				]
			},
			{
				"name": "bone89",
				"parent": "biaoyu2",
				"pivot": [14, 11.8, 25.8],
				"rotation": [-45, 0, 0],
				"cubes": [
					{"origin": [7.5, 39.79138, 54.09138], "size": [1, 1.2, 1], "uv": [312, 0], "inflate": -0.3}
				]
			},
			{
				"name": "biaoyu3",
				"parent": "biaoyuzuo",
				"pivot": [0, 0, 0],
				"cubes": [
					{"origin": [7.5, 11, 65], "size": [1, 3, 1], "uv": [312, 0], "inflate": -0.3},
					{"origin": [7.5, 11, 63.9], "size": [1, 1, 1.7], "uv": [312, 0], "inflate": -0.3}
				]
			},
			{
				"name": "biaoyu4",
				"parent": "biaoyuzuo",
				"pivot": [0, 0, -7],
				"cubes": [
					{"origin": [7.5, 11.5, 62], "size": [1, 2, 1], "uv": [312, 0], "inflate": -0.3}
				]
			},
			{
				"name": "bone91",
				"parent": "biaoyu4",
				"pivot": [14, 11.8, 21.7],
				"rotation": [-45, 0, 0],
				"cubes": [
					{"origin": [7.5, 39.79138, 49.99138], "size": [1, 1.3, 1], "uv": [312, 0], "inflate": -0.3}
				]
			},
			{
				"name": "bone92",
				"parent": "bone91",
				"pivot": [14, 11.1, 21.7],
				"rotation": [-45, 0, 0],
				"cubes": [
					{"origin": [7.5, 51.3, 21], "size": [1, 1.1, 1], "uv": [312, 0], "inflate": -0.3}
				]
			},
			{
				"name": "bone93",
				"parent": "bone92",
				"pivot": [14, 10.6, 21.7],
				"rotation": [-45, 0, 0],
				"cubes": [
					{"origin": [7.5, 38.59138, -7.99138], "size": [1, 1.3, 1], "uv": [312, 0], "inflate": -0.3}
				]
			},
			{
				"name": "bone94",
				"parent": "bone93",
				"pivot": [14, 9.9, 21.7],
				"rotation": [-45, 0, 0],
				"cubes": [
					{"origin": [7.5, 9.2, -20], "size": [1, 1, 1], "uv": [312, 0], "inflate": -0.3},
					{"origin": [7.5, 8.8, -20.5], "size": [1, 1, 1.5], "uv": [312, 0], "inflate": -0.3}
				]
			},
			{
				"name": "bone95",
				"parent": "bone94",
				"pivot": [14, 8.5, 21.7],
				"rotation": [-45, 0, 0],
				"cubes": [
					{"origin": [7.5, -21.49138, -7.99138], "size": [1, 1.3, 1], "uv": [312, 0], "inflate": -0.3}
				]
			},
			{
				"name": "bone96",
				"parent": "bone95",
				"pivot": [14, 7.8, 21.7],
				"rotation": [-45, 0, 0],
				"cubes": [
					{"origin": [7.5, -34, 21], "size": [1, 1.1, 1], "uv": [312, 0], "inflate": -0.3}
				]
			},
			{
				"name": "bone97",
				"parent": "bone96",
				"pivot": [14, 7.3, 21.7],
				"rotation": [-45, 0, 0],
				"cubes": [
					{"origin": [7.5, -22.69138, 49.99138], "size": [1, 1.3, 1], "uv": [312, 0], "inflate": -0.3}
				]
			},
			{
				"name": "biaoyu5",
				"parent": "biaoyuzuo",
				"pivot": [0, 0, -9],
				"cubes": [
					{"origin": [7.5, 11.5, 60], "size": [1, 2, 1], "uv": [312, 0], "inflate": -0.3}
				]
			},
			{
				"name": "bone98",
				"parent": "biaoyu5",
				"pivot": [14, 11.8, 19.7],
				"rotation": [-45, 0, 0],
				"cubes": [
					{"origin": [7.5, 39.79138, 47.99138], "size": [1, 1.3, 1], "uv": [312, 0], "inflate": -0.3}
				]
			},
			{
				"name": "bone99",
				"parent": "bone98",
				"pivot": [14, 11.1, 19.7],
				"rotation": [-45, 0, 0],
				"cubes": [
					{"origin": [7.5, 51.3, 19], "size": [1, 1.1, 1], "uv": [312, 0], "inflate": -0.3}
				]
			},
			{
				"name": "bone100",
				"parent": "bone99",
				"pivot": [14, 10.6, 19.7],
				"rotation": [-45, 0, 0],
				"cubes": [
					{"origin": [7.5, 38.59138, -9.99138], "size": [1, 1.3, 1], "uv": [312, 0], "inflate": -0.3}
				]
			},
			{
				"name": "bone101",
				"parent": "bone100",
				"pivot": [14, 9.9, 19.7],
				"rotation": [-45, 0, 0],
				"cubes": [
					{"origin": [7.5, 8.2, -22], "size": [1, 2, 1], "uv": [312, 0], "inflate": -0.3}
				]
			},
			{
				"name": "bone102",
				"parent": "bone101",
				"pivot": [14, 8.5, 19.7],
				"rotation": [-45, 0, 0],
				"cubes": [
					{"origin": [7.5, -21.49138, -9.99138], "size": [1, 1.3, 1], "uv": [312, 0], "inflate": -0.3}
				]
			},
			{
				"name": "bone103",
				"parent": "bone102",
				"pivot": [14, 7.8, 19.7],
				"rotation": [-45, 0, 0],
				"cubes": [
					{"origin": [7.5, -34, 19], "size": [1, 1.1, 1], "uv": [312, 0], "inflate": -0.3}
				]
			},
			{
				"name": "bone104",
				"parent": "bone103",
				"pivot": [14, 7.3, 19.7],
				"rotation": [-45, 0, 0],
				"cubes": [
					{"origin": [7.5, -22.69138, 47.99138], "size": [1, 1.3, 1], "uv": [312, 0], "inflate": -0.3}
				]
			},
			{
				"name": "biaoyuzuo2",
				"parent": "biaoyu",
				"pivot": [0, 0, 47],
				"cubes": [
					{"origin": [-20.5, 12, 64.7], "size": [1, 1, 1.7], "uv": [312, 0], "inflate": -0.3, "mirror": true}
				]
			},
			{
				"name": "biaoyu6",
				"parent": "biaoyuzuo2",
				"pivot": [0, 0, 47],
				"cubes": [
					{"origin": [-20.5, 11, 59], "size": [1, 3, 1], "uv": [312, 0], "inflate": -0.3, "mirror": true},
					{"origin": [-20.5, 13, 59.4], "size": [1, 1, 1.4], "uv": [312, 0], "inflate": -0.3, "mirror": true}
				]
			},
			{
				"name": "bone90",
				"parent": "biaoyu6",
				"pivot": [-14, 13.7, 19.5],
				"rotation": [-45, 0, 0],
				"cubes": [
					{"origin": [-20.5, 41.99138, 48.19138], "size": [1, 1, 1.2], "uv": [312, 0], "inflate": -0.3, "mirror": true}
				]
			},
			{
				"name": "bone105",
				"parent": "bone90",
				"pivot": [-14, 13.7, 20.1],
				"rotation": [-45, 0, 0],
				"cubes": [
					{"origin": [-20.5, 54, 19.8], "size": [1, 1, 1.2], "uv": [312, 0], "inflate": -0.3, "mirror": true}
				]
			},
			{
				"name": "bone106",
				"parent": "bone105",
				"pivot": [-14, 13.7, 20.7],
				"rotation": [-45, 0, 0],
				"cubes": [
					{"origin": [-20.5, 41.99138, -8.59138], "size": [1, 1, 1.2], "uv": [312, 0], "inflate": -0.3, "mirror": true}
				]
			},
			{
				"name": "bone107",
				"parent": "bone106",
				"pivot": [-14, 13.7, 21.3],
				"rotation": [-45, 0, 0],
				"cubes": [
					{"origin": [-20.5, 13, -20], "size": [1, 1, 1.4], "uv": [312, 0], "inflate": -0.3, "mirror": true}
				]
			},
			{
				"name": "biaoyu7",
				"parent": "biaoyuzuo2",
				"pivot": [0, 0, 49],
				"cubes": [
					{"origin": [-20.5, 11.5, 61], "size": [1, 2, 1], "uv": [312, 0], "inflate": -0.3, "mirror": true}
				]
			},
			{
				"name": "bone108",
				"parent": "biaoyu7",
				"pivot": [-14, 11.8, 20.3],
				"rotation": [45, 0, 0],
				"cubes": [
					{"origin": [-20.5, -18.19138, 48.99138], "size": [1, 1.3, 1], "uv": [312, 0], "inflate": -0.3, "mirror": true}
				]
			},
			{
				"name": "bone109",
				"parent": "bone108",
				"pivot": [-14, 11.1, 20.3],
				"rotation": [45, 0, 0],
				"cubes": [
					{"origin": [-20.5, -30.7, 20], "size": [1, 1.1, 1], "uv": [312, 0], "inflate": -0.3, "mirror": true}
				]
			},
			{
				"name": "bone110",
				"parent": "bone109",
				"pivot": [-14, 10.6, 20.3],
				"rotation": [45, 0, 0],
				"cubes": [
					{"origin": [-20.5, -19.39138, -8.99138], "size": [1, 1.3, 1], "uv": [312, 0], "inflate": -0.3, "mirror": true}
				]
			},
			{
				"name": "bone111",
				"parent": "bone110",
				"pivot": [-14, 9.9, 20.3],
				"rotation": [45, 0, 0],
				"cubes": [
					{"origin": [-20.5, 8.2, -21], "size": [1, 2, 1], "uv": [312, 0], "inflate": -0.3, "mirror": true}
				]
			},
			{
				"name": "bone112",
				"parent": "bone111",
				"pivot": [-14, 8.5, 20.3],
				"rotation": [45, 0, 0],
				"cubes": [
					{"origin": [-20.5, 36.49138, -8.99138], "size": [1, 1.3, 1], "uv": [312, 0], "inflate": -0.3, "mirror": true}
				]
			},
			{
				"name": "bone113",
				"parent": "bone112",
				"pivot": [-14, 7.8, 20.3],
				"rotation": [45, 0, 0],
				"cubes": [
					{"origin": [-20.5, 48, 20], "size": [1, 1.1, 1], "uv": [312, 0], "inflate": -0.3, "mirror": true}
				]
			},
			{
				"name": "bone114",
				"parent": "bone113",
				"pivot": [-14, 7.3, 20.3],
				"rotation": [45, 0, 0],
				"cubes": [
					{"origin": [-20.5, 35.29138, 48.99138], "size": [1, 1.3, 1], "uv": [312, 0], "inflate": -0.3, "mirror": true}
				]
			},
			{
				"name": "bone115",
				"parent": "biaoyu7",
				"pivot": [-14, 11.8, 21.2],
				"rotation": [45, 0, 0],
				"cubes": [
					{"origin": [-20.5, -18.19138, 49.89138], "size": [1, 1.2, 1], "uv": [312, 0], "inflate": -0.3, "mirror": true}
				]
			},
			{
				"name": "biaoyu8",
				"parent": "biaoyuzuo2",
				"pivot": [0, 0, 47],
				"cubes": [
					{"origin": [-20.5, 11, 63], "size": [1, 3, 1], "uv": [312, 0], "inflate": -0.3, "mirror": true},
					{"origin": [-20.5, 11, 63.4], "size": [1, 1, 1.7], "uv": [312, 0], "inflate": -0.3, "mirror": true}
				]
			},
			{
				"name": "biaoyu9",
				"parent": "biaoyuzuo2",
				"pivot": [0, 0, 54],
				"cubes": [
					{"origin": [-20.5, 11.5, 66], "size": [1, 2, 1], "uv": [312, 0], "inflate": -0.3, "mirror": true}
				]
			},
			{
				"name": "bone116",
				"parent": "biaoyu9",
				"pivot": [-14, 11.8, 25.3],
				"rotation": [45, 0, 0],
				"cubes": [
					{"origin": [-20.5, -18.19138, 53.99138], "size": [1, 1.3, 1], "uv": [312, 0], "inflate": -0.3, "mirror": true}
				]
			},
			{
				"name": "bone117",
				"parent": "bone116",
				"pivot": [-14, 11.1, 25.3],
				"rotation": [45, 0, 0],
				"cubes": [
					{"origin": [-20.5, -30.7, 25], "size": [1, 1.1, 1], "uv": [312, 0], "inflate": -0.3, "mirror": true}
				]
			},
			{
				"name": "bone118",
				"parent": "bone117",
				"pivot": [-14, 10.6, 25.3],
				"rotation": [45, 0, 0],
				"cubes": [
					{"origin": [-20.5, -19.39138, -3.99138], "size": [1, 1.3, 1], "uv": [312, 0], "inflate": -0.3, "mirror": true}
				]
			},
			{
				"name": "bone119",
				"parent": "bone118",
				"pivot": [-14, 9.9, 25.3],
				"rotation": [45, 0, 0],
				"cubes": [
					{"origin": [-20.5, 9.2, -16], "size": [1, 1, 1], "uv": [312, 0], "inflate": -0.3, "mirror": true},
					{"origin": [-20.5, 8.8, -16], "size": [1, 1, 1.5], "uv": [312, 0], "inflate": -0.3, "mirror": true}
				]
			},
			{
				"name": "bone120",
				"parent": "bone119",
				"pivot": [-14, 8.5, 25.3],
				"rotation": [45, 0, 0],
				"cubes": [
					{"origin": [-20.5, 36.49138, -3.99138], "size": [1, 1.3, 1], "uv": [312, 0], "inflate": -0.3, "mirror": true}
				]
			},
			{
				"name": "bone121",
				"parent": "bone120",
				"pivot": [-14, 7.8, 25.3],
				"rotation": [45, 0, 0],
				"cubes": [
					{"origin": [-20.5, 48, 25], "size": [1, 1.1, 1], "uv": [312, 0], "inflate": -0.3, "mirror": true}
				]
			},
			{
				"name": "bone122",
				"parent": "bone121",
				"pivot": [-14, 7.3, 25.3],
				"rotation": [45, 0, 0],
				"cubes": [
					{"origin": [-20.5, 35.29138, 53.99138], "size": [1, 1.3, 1], "uv": [312, 0], "inflate": -0.3, "mirror": true}
				]
			},
			{
				"name": "biaoyu10",
				"parent": "biaoyuzuo2",
				"pivot": [0, 0, 56],
				"cubes": [
					{"origin": [-20.5, 11.5, 68], "size": [1, 2, 1], "uv": [312, 0], "inflate": -0.3, "mirror": true}
				]
			},
			{
				"name": "bone123",
				"parent": "biaoyu10",
				"pivot": [-14, 11.8, 27.3],
				"rotation": [45, 0, 0],
				"cubes": [
					{"origin": [-20.5, -18.19138, 55.99138], "size": [1, 1.3, 1], "uv": [312, 0], "inflate": -0.3, "mirror": true}
				]
			},
			{
				"name": "bone124",
				"parent": "bone123",
				"pivot": [-14, 11.1, 27.3],
				"rotation": [45, 0, 0],
				"cubes": [
					{"origin": [-20.5, -30.7, 27], "size": [1, 1.1, 1], "uv": [312, 0], "inflate": -0.3, "mirror": true}
				]
			},
			{
				"name": "bone125",
				"parent": "bone124",
				"pivot": [-14, 10.6, 27.3],
				"rotation": [45, 0, 0],
				"cubes": [
					{"origin": [-20.5, -19.39138, -1.99138], "size": [1, 1.3, 1], "uv": [312, 0], "inflate": -0.3, "mirror": true}
				]
			},
			{
				"name": "bone126",
				"parent": "bone125",
				"pivot": [-14, 9.9, 27.3],
				"rotation": [45, 0, 0],
				"cubes": [
					{"origin": [-20.5, 8.2, -14], "size": [1, 2, 1], "uv": [312, 0], "inflate": -0.3, "mirror": true}
				]
			},
			{
				"name": "bone127",
				"parent": "bone126",
				"pivot": [-14, 8.5, 27.3],
				"rotation": [45, 0, 0],
				"cubes": [
					{"origin": [-20.5, 36.49138, -1.99138], "size": [1, 1.3, 1], "uv": [312, 0], "inflate": -0.3, "mirror": true}
				]
			},
			{
				"name": "bone128",
				"parent": "bone127",
				"pivot": [-14, 7.8, 27.3],
				"rotation": [45, 0, 0],
				"cubes": [
					{"origin": [-20.5, 48, 27], "size": [1, 1.1, 1], "uv": [312, 0], "inflate": -0.3, "mirror": true}
				]
			},
			{
				"name": "bone129",
				"parent": "bone128",
				"pivot": [-14, 7.3, 27.3],
				"rotation": [45, 0, 0],
				"cubes": [
					{"origin": [-20.5, 35.29138, 55.99138], "size": [1, 1.3, 1], "uv": [312, 0], "inflate": -0.3, "mirror": true}
				]
			}
		]
	}
}