{
	"format_version": "1.10.0",
	"geometry.model": {
		"texturewidth": 128,
		"textureheight": 128,
		"visible_bounds_width": 3,
		"visible_bounds_height": 2,
		"visible_bounds_offset": [0, 0, 0],
		"bones": [
			{
				"name": "head",
				"pivot": [0, 18, 0],
				"cubes": [
					{"origin": [-4, 19, -4], "size": [8, 8, 8], "uv": [0, 16]}
				]
			},
			{
				"name": "blink",
				"parent": "head",
				"pivot": [0, 18, 0],
				"cubes": [
					{"origin": [-4, 19, -4.001], "size": [8, 8, 0], "uv": [46, 57]}
				]
			},
			{
				"name": "head2",
				"parent": "head",
				"pivot": [0, 18, 0],
				"cubes": [
					{"origin": [-3.5, 19.5, -4.5], "size": [7, 7, 9], "uv": [0, 0]},
					{"origin": [-4.5, 19.5, -3.5], "size": [9, 7, 7], "uv": [25, 25]},
					{"origin": [-3.5, 19.5, -3.5], "size": [7, 8, 7], "uv": [25, 9]}
				]
			},
			{
				"name": "fashi",
				"parent": "head",
				"pivot": [0, 20, 0]
			},
			{
				"name": "bone53",
				"parent": "fashi",
				"pivot": [0, 20, 0],
				"cubes": [
					{"origin": [-1.1, 14.1, 2.4], "size": [2.2, 1, 1.7], "uv": [64, 68]}
				]
			},
			{
				"name": "bone54",
				"parent": "bone53",
				"pivot": [-3.45, 8.2, 4.65],
				"rotation": [25, 0, 45],
				"cubes": [
					{"origin": [-5.65711, 13.84086, 6.69884], "size": [4, 2, 1], "uv": [33, 75], "inflate": -0.3}
				]
			},
			{
				"name": "bone55",
				"parent": "bone54",
				"pivot": [-3.25, 14.85, 6.65],
				"rotation": [0, 0, -30],
				"cubes": [
					{"origin": [-5.04194, 14.75855, 6.44884], "size": [3, 2, 1], "uv": [57, 6], "inflate": -0.3}
				]
			},
			{
				"name": "bone56",
				"parent": "bone53",
				"pivot": [3.45, 8.2, 4.65],
				"rotation": [25, 0, -45],
				"cubes": [
					{"origin": [1.65711, 13.84086, 6.69884], "size": [4, 2, 1], "uv": [11, 50], "inflate": -0.3}
				]
			},
			{
				"name": "bone57",
				"parent": "bone56",
				"pivot": [3.25, 14.85, 6.65],
				"rotation": [0, 0, 30],
				"cubes": [
					{"origin": [2.04194, 14.75855, 6.44884], "size": [3, 2, 1], "uv": [43, 49], "inflate": -0.3}
				]
			},
			{
				"name": "bone59",
				"parent": "bone53",
				"pivot": [0, 13, 4.4],
				"rotation": [20, 0, 0],
				"cubes": [
					{"origin": [-0.5, 13.58969, 4.24202], "size": [1, 2.35, 1], "uv": [81, 74], "inflate": -0.2}
				]
			},
			{
				"name": "bone62",
				"parent": "bone53",
				"pivot": [0.5, 11.3, 3.95],
				"rotation": [10, 10, -15],
				"cubes": [
					{"origin": [0.25489, 9.74345, 4.16199], "size": [1, 5, 0], "uv": [49, 6]}
				]
			},
			{
				"name": "bone63",
				"parent": "bone53",
				"pivot": [-0.5, 11.3, 3.95],
				"rotation": [10, -10, 15],
				"cubes": [
					{"origin": [-1.25489, 9.74345, 4.16199], "size": [1, 5, 0], "uv": [27, 0]}
				]
			},
			{
				"name": "bone67",
				"parent": "fashi",
				"pivot": [0, 20, 0]
			},
			{
				"name": "bone66",
				"parent": "bone67",
				"pivot": [1.75, 23, -4.5],
				"rotation": [0, 0, -30],
				"cubes": [
					{"origin": [1.75, 23.11603, -5], "size": [1.75, 1.25, 1], "uv": [4, 82], "inflate": -0.3}
				]
			},
			{
				"name": "bone68",
				"parent": "bone67",
				"pivot": [-1.75, 23, -4.5],
				"rotation": [0, 0, 30],
				"cubes": [
					{"origin": [-3.5, 23.11603, -5], "size": [1.75, 1.25, 1], "uv": [75, 20], "inflate": -0.3}
				]
			},
			{
				"name": "hair",
				"parent": "head",
				"pivot": [0, 20, 0]
			},
			{
				"name": "hairright",
				"parent": "hair",
				"pivot": [0, 20, 0]
			},
			{
				"name": "bone18",
				"parent": "hairright",
				"pivot": [-2.5, 21, 4.5],
				"rotation": [5, 0, 5],
				"cubes": [
					{"origin": [-3.58716, 18.9924, 3.58682], "size": [1, 3, 1], "uv": [78, 71]}
				]
			},
			{
				"name": "bone20",
				"parent": "bone18",
				"pivot": [-3.5, 18, 4.5],
				"rotation": [-3, 0, -35],
				"cubes": [
					{"origin": [-3.00217, 16.86628, 3.54154], "size": [1, 2, 1], "uv": [81, 69]}
				]
			},
			{
				"name": "bone24",
				"parent": "bone20",
				"pivot": [-3.5, 16, 4.5],
				"rotation": [-20, 0, -10],
				"cubes": [
					{"origin": [-2.85931, 13.98465, 3.27682], "size": [1, 2.75, 1], "uv": [81, 3]}
				]
			},
			{
				"name": "bone15",
				"parent": "hairright",
				"pivot": [-1.5, 21, 4.5],
				"rotation": [10, 0, 4],
				"cubes": [
					{"origin": [-2.56976, 18.98241, 3.67323], "size": [1, 3, 1], "uv": [72, 78]}
				]
			},
			{
				"name": "bone21",
				"parent": "bone15",
				"pivot": [-2.5, 18, 4.5],
				"rotation": [-13, 0, -20],
				"cubes": [
					{"origin": [-2.22955, 16.96172, 3.45575], "size": [1, 2, 1], "uv": [81, 0]}
				]
			},
			{
				"name": "bone25",
				"parent": "bone21",
				"pivot": [-2.5, 16, 4.5],
				"rotation": [-22, 0, -15],
				"cubes": [
					{"origin": [-1.98985, 14.52983, 3.13721], "size": [1, 2.25, 1], "uv": [69, 81]}
				]
			},
			{
				"name": "bone19",
				"parent": "hairright",
				"pivot": [-0.5, 21, 4.5],
				"rotation": [15, 0, 3],
				"cubes": [
					{"origin": [-1.55234, 18.9646, 3.75846], "size": [1, 3, 1], "uv": [37, 78]}
				]
			},
			{
				"name": "bone22",
				"parent": "bone19",
				"pivot": [-1.5, 18, 4.5],
				"rotation": [-24, 0, -10],
				"cubes": [
					{"origin": [-1.38404, 16.98125, 3.34604], "size": [1, 2, 1], "uv": [65, 81]}
				]
			},
			{
				"name": "bone26",
				"parent": "bone22",
				"pivot": [-1.5, 16, 4.5],
				"rotation": [-15, 0, -5],
				"cubes": [
					{"origin": [-1.29896, 13.8946, 3.10091], "size": [1, 3, 1], "uv": [33, 78]}
				]
			},
			{
				"name": "hairLower10",
				"parent": "hairright",
				"pivot": [-3.5, 21, 3.5],
				"rotation": [0, 0, 5]
			},
			{
				"name": "bone58",
				"parent": "hairLower10",
				"pivot": [-14.5, 20, 1.5],
				"cubes": [
					{"origin": [-4.58716, 18.99719, 2.501], "size": [1, 3, 1], "uv": [77, 4]}
				]
			},
			{
				"name": "bone23",
				"parent": "hairLower10",
				"pivot": [-14.5, 20, 1.5],
				"rotation": [0, 0, -40],
				"cubes": [
					{"origin": [-7.55091, 10.85995, 2.501], "size": [1, 2, 1], "uv": [61, 81]}
				]
			},
			{
				"name": "bone31",
				"parent": "hairLower10",
				"pivot": [-14.5, 20, 1.5],
				"rotation": [0, 0, -50],
				"cubes": [
					{"origin": [-9.24363, 7.79212, 2.501], "size": [1, 2, 1], "uv": [57, 81]}
				]
			},
			{
				"name": "bone41",
				"parent": "hairLower10",
				"pivot": [-14.5, 20, 1.5],
				"rotation": [0, 0, -60],
				"cubes": [
					{"origin": [-11.44337, 5.06483, 2.501], "size": [1, 2, 1], "uv": [53, 81]}
				]
			},
			{
				"name": "bone27",
				"parent": "hairright",
				"pivot": [0, 20, 0]
			},
			{
				"name": "bone28",
				"parent": "bone27",
				"pivot": [-4, 21, 4],
				"rotation": [5, 0, 5],
				"cubes": [
					{"origin": [-4.08716, 18.9934, 3.08782], "size": [1, 3, 1], "uv": [77, 0]}
				]
			},
			{
				"name": "bone29",
				"parent": "bone28",
				"pivot": [-4, 18, 4],
				"rotation": [-5, 0, -38],
				"cubes": [
					{"origin": [-3.45769, 16.84107, 3.01466], "size": [1, 2, 1], "uv": [49, 81]}
				]
			},
			{
				"name": "bone30",
				"parent": "bone29",
				"pivot": [-4, 16, 4],
				"rotation": [-5, 0, -13],
				"cubes": [
					{"origin": [-3.28262, 13.69609, 2.9539], "size": [1, 3, 1], "uv": [68, 77]}
				]
			},
			{
				"name": "hairleft",
				"parent": "hair",
				"pivot": [0, 20, 0]
			},
			{
				"name": "bone32",
				"parent": "hairleft",
				"pivot": [2.5, 21, 4.5],
				"rotation": [5, 0, -5],
				"cubes": [
					{"origin": [2.58716, 18.9924, 3.58682], "size": [1, 3, 1], "uv": [64, 77]}
				]
			},
			{
				"name": "bone33",
				"parent": "bone32",
				"pivot": [3.5, 18, 4.5],
				"rotation": [-3, 0, 35],
				"cubes": [
					{"origin": [2.00217, 16.86628, 3.54154], "size": [1, 2, 1], "uv": [0, 81]}
				]
			},
			{
				"name": "bone34",
				"parent": "bone33",
				"pivot": [3.5, 16, 4.5],
				"rotation": [-20, 0, 10],
				"cubes": [
					{"origin": [1.85931, 13.98465, 3.27682], "size": [1, 2.75, 1], "uv": [80, 66]}
				]
			},
			{
				"name": "bone35",
				"parent": "hairleft",
				"pivot": [1.5, 21, 4.5],
				"rotation": [10, 0, -4],
				"cubes": [
					{"origin": [1.56976, 18.98241, 3.67323], "size": [1, 3, 1], "uv": [60, 77]}
				]
			},
			{
				"name": "bone36",
				"parent": "bone35",
				"pivot": [2.5, 18, 4.5],
				"rotation": [-13, 0, 20],
				"cubes": [
					{"origin": [1.22955, 16.96172, 3.45575], "size": [1, 2, 1], "uv": [80, 60]}
				]
			},
			{
				"name": "bone37",
				"parent": "bone36",
				"pivot": [2.5, 16, 4.5],
				"rotation": [-22, 0, 15],
				"cubes": [
					{"origin": [0.98985, 14.52983, 3.13721], "size": [1, 2.25, 1], "uv": [80, 57]}
				]
			},
			{
				"name": "bone38",
				"parent": "hairleft",
				"pivot": [0.5, 21, 4.5],
				"rotation": [15, 0, -3],
				"cubes": [
					{"origin": [0.55234, 18.9646, 3.75846], "size": [1, 3, 1], "uv": [56, 77]}
				]
			},
			{
				"name": "bone39",
				"parent": "bone38",
				"pivot": [1.5, 18, 4.5],
				"rotation": [-24, 0, 10],
				"cubes": [
					{"origin": [0.38404, 16.98125, 3.34604], "size": [1, 2, 1], "uv": [80, 48]}
				]
			},
			{
				"name": "bone40",
				"parent": "bone39",
				"pivot": [1.5, 16, 4.5],
				"rotation": [-15, 0, 5],
				"cubes": [
					{"origin": [0.29896, 13.8946, 3.10091], "size": [1, 3, 1], "uv": [52, 77]}
				]
			},
			{
				"name": "hairLower2",
				"parent": "hairleft",
				"pivot": [3.5, 21, 3.5],
				"rotation": [0, 0, -5]
			},
			{
				"name": "bone42",
				"parent": "hairLower2",
				"pivot": [14.5, 20, 1.5],
				"cubes": [
					{"origin": [3.58716, 18.99719, 2.501], "size": [1, 3, 1], "uv": [48, 77]}
				]
			},
			{
				"name": "bone43",
				"parent": "hairLower2",
				"pivot": [14.5, 20, 1.5],
				"rotation": [0, 0, 40],
				"cubes": [
					{"origin": [6.55091, 10.85995, 2.501], "size": [1, 2, 1], "uv": [80, 45]}
				]
			},
			{
				"name": "bone44",
				"parent": "hairLower2",
				"pivot": [14.5, 20, 1.5],
				"rotation": [0, 0, 50],
				"cubes": [
					{"origin": [8.24363, 7.79212, 2.501], "size": [1, 2, 1], "uv": [80, 41]}
				]
			},
			{
				"name": "bone45",
				"parent": "hairLower2",
				"pivot": [14.5, 20, 1.5],
				"rotation": [0, 0, 60],
				"cubes": [
					{"origin": [10.44337, 5.06483, 2.501], "size": [1, 2, 1], "uv": [80, 37]}
				]
			},
			{
				"name": "bone46",
				"parent": "hairleft",
				"pivot": [0, 20, 0]
			},
			{
				"name": "bone47",
				"parent": "bone46",
				"pivot": [4, 21, 4],
				"rotation": [5, 0, -5],
				"cubes": [
					{"origin": [3.08716, 18.9934, 3.08782], "size": [1, 3, 1], "uv": [76, 66]}
				]
			},
			{
				"name": "bone48",
				"parent": "bone47",
				"pivot": [4, 18, 4],
				"rotation": [-5, 0, 38],
				"cubes": [
					{"origin": [2.45769, 16.84107, 3.01466], "size": [1, 2, 1], "uv": [80, 29]}
				]
			},
			{
				"name": "bone49",
				"parent": "bone48",
				"pivot": [4, 16, 4],
				"rotation": [-5, 0, 13],
				"cubes": [
					{"origin": [2.28262, 13.69609, 2.9539], "size": [1, 3, 1], "uv": [22, 76]}
				]
			},
			{
				"name": "hair2",
				"parent": "hair",
				"pivot": [0, 20, 0]
			},
			{
				"name": "bone50",
				"parent": "hair2",
				"pivot": [0, 21, 4.5],
				"rotation": [13, 0, 0],
				"cubes": [
					{"origin": [-0.5, 18.97437, 3.72495], "size": [1, 3, 1], "uv": [0, 76]}
				]
			},
			{
				"name": "bone51",
				"parent": "bone50",
				"pivot": [0, 18, 4.5],
				"rotation": [-18, 0, 0],
				"cubes": [
					{"origin": [-0.5, 16.99619, 3.41284], "size": [1, 2, 1], "uv": [80, 25]}
				]
			},
			{
				"name": "bone52",
				"parent": "bone51",
				"pivot": [0, 16, 4.5],
				"rotation": [-22, 0, 0],
				"cubes": [
					{"origin": [-0.5, 13.64101, 3.04601], "size": [1, 3.25, 1], "uv": [60, 0]}
				]
			},
			{
				"name": "bone60",
				"parent": "hair2",
				"pivot": [0, 12.25, 3.5],
				"rotation": [25, 0, -5],
				"cubes": [
					{"origin": [-0.41284, 12.15286, 3.42101], "size": [1, 2.25, 1], "uv": [80, 20]}
				]
			},
			{
				"name": "bone61",
				"parent": "bone60",
				"pivot": [-0.5, 11.25, 3],
				"rotation": [15, 0, -10],
				"cubes": [
					{"origin": [-0.25739, 9.98526, 3.63287], "size": [1, 2, 1], "uv": [80, 12]}
				]
			},
			{
				"name": "hair3",
				"parent": "hair",
				"pivot": [0, 20, 0]
			},
			{
				"name": "bone64",
				"parent": "hair3",
				"pivot": [-4, 20, -4],
				"rotation": [-5, 0, 15],
				"cubes": [
					{"origin": [-4.25882, 16.96225, -4.08419], "size": [1, 4, 1], "uv": [43, 0]}
				]
			},
			{
				"name": "bone65",
				"parent": "hair3",
				"pivot": [4, 20, -4],
				"rotation": [-5, 0, -15],
				"cubes": [
					{"origin": [3.25882, 16.96225, -4.08419], "size": [1, 4, 1], "uv": [0, 43]}
				]
			},
			{
				"name": "ear",
				"parent": "head",
				"pivot": [0, 16, 0.5]
			},
			{
				"name": "erduo2",
				"parent": "ear",
				"pivot": [-0.43417, 8.09917, 0.23333],
				"rotation": [5, 5, 0],
				"cubes": [
					{"origin": [-2.75, 26.99619, -1.31284], "size": [1.9, 2.9, 1], "uv": [80, 7], "inflate": -0.2},
					{"origin": [-2.33, 28.41619, -1.41284], "size": [1, 2.45, 1.1], "uv": [80, 80], "inflate": -0.2}
				]
			},
			{
				"name": "bone69",
				"parent": "erduo2",
				"pivot": [-2.05, 29.1, -0.9],
				"rotation": [0, 0, 30],
				"cubes": [
					{"origin": [-3.13475, 29.21358, -1.42152], "size": [1, 1.4, 1.1], "uv": [12, 74], "inflate": -0.2}
				]
			},
			{
				"name": "bone70",
				"parent": "erduo2",
				"pivot": [-1.75, 29.1, -0.9],
				"rotation": [0, 0, -30],
				"cubes": [
					{"origin": [-1.57869, 29.16273, -1.41284], "size": [1, 1.4, 1.1], "uv": [71, 66], "inflate": -0.2}
				]
			},
			{
				"name": "bone71",
				"parent": "erduo2",
				"pivot": [-2.4, 27.55, -0.9],
				"rotation": [0, 0, 10],
				"cubes": [
					{"origin": [-3.22123, 26.96451, -1.42152], "size": [1.1, 3, 1.1], "uv": [58, 45], "inflate": -0.2}
				]
			},
			{
				"name": "bone72",
				"parent": "erduo2",
				"pivot": [2.9, 27.55, -0.9],
				"rotation": [0, 0, -10],
				"cubes": [
					{"origin": [-1.51472, 27.69302, -1.41284], "size": [1.1, 3, 1.1], "uv": [0, 58], "inflate": -0.2}
				]
			},
			{
				"name": "erduo3",
				"parent": "ear",
				"pivot": [0.43417, 8.09917, 0.23333],
				"rotation": [5, -5, 0],
				"cubes": [
					{"origin": [0.85, 26.99619, -1.31284], "size": [1.9, 2.9, 1], "uv": [45, 80], "inflate": -0.2},
					{"origin": [1.28, 28.41619, -1.41284], "size": [1, 2.45, 1.1], "uv": [19, 80], "inflate": -0.2}
				]
			},
			{
				"name": "bone73",
				"parent": "erduo3",
				"pivot": [2.05, 29.1, -0.9],
				"rotation": [0, 0, -30],
				"cubes": [
					{"origin": [2.0481, 29.26273, -1.41284], "size": [1, 1.4, 1.1], "uv": [29, 68], "inflate": -0.2}
				]
			},
			{
				"name": "bone74",
				"parent": "erduo3",
				"pivot": [1.75, 29.1, -0.9],
				"rotation": [0, 0, 30],
				"cubes": [
					{"origin": [0.4928, 29.11226, -1.40416], "size": [1, 1.4, 1.1], "uv": [62, 58], "inflate": -0.2}
				]
			},
			{
				"name": "bone75",
				"parent": "erduo3",
				"pivot": [2.4, 27.55, -0.9],
				"rotation": [0, 0, -10],
				"cubes": [
					{"origin": [2.02299, 26.98106, -1.41284], "size": [1.1, 3, 1.1], "uv": [53, 41], "inflate": -0.2}
				]
			},
			{
				"name": "bone76",
				"parent": "erduo3",
				"pivot": [-2.9, 27.55, -0.9],
				"rotation": [0, 0, 10],
				"cubes": [
					{"origin": [0.31675, 27.67497, -1.40416], "size": [1.1, 3, 1.1], "uv": [0, 50], "inflate": -0.2}
				]
			},
			{
				"name": "armRight",
				"pivot": [-2, 17.5, 0],
				"rotation": [0, 0, 25],
				"cubes": [
					{"origin": [-4.42262, 9.40631, -1], "size": [2, 8, 2], "uv": [21, 66]},
					{"origin": [-4.57262, 9.90631, -1.15], "size": [2.3, 4, 2.3], "uv": [14, 74]},
					{"origin": [-5.02262, 12.90631, -1.6], "size": [3.2, 1, 3.2], "uv": [116, 0], "inflate": -0.4},
					{"origin": [-5.02262, 9.90631, -1.6], "size": [3.2, 1, 3.2], "uv": [116, 0], "inflate": -0.4}
				]
			},
			{
				"name": "bone77",
				"parent": "armRight",
				"pivot": [-3, 11.5, 0],
				"rotation": [0, 0, -30],
				"cubes": [
					{"origin": [-4.71284, 11.99619, -1.6], "size": [3.6, 1, 3.2], "uv": [97, 0], "inflate": -0.4}
				]
			},
			{
				"name": "bone78",
				"parent": "armRight",
				"pivot": [-3.04124, 11.44137, 0.001],
				"rotation": [0, 0, 30],
				"cubes": [
					{"origin": [-5.66039, 11.51495, -1.599], "size": [3.6, 1, 3.202], "uv": [98, 0], "inflate": -0.4}
				]
			},
			{
				"name": "armLeft",
				"pivot": [2, 17.5, 0],
				"rotation": [0, 0, -25],
				"cubes": [
					{"origin": [2.42262, 9.40631, -1], "size": [2, 8, 2], "uv": [0, 66]},
					{"origin": [2.27262, 9.90631, -1.15], "size": [2.3, 4, 2.3], "uv": [6, 74]},
					{"origin": [1.82262, 12.90631, -1.6], "size": [3.2, 1, 3.2], "uv": [116, 0], "inflate": -0.4},
					{"origin": [1.82262, 9.90631, -1.6], "size": [3.2, 1, 3.2], "uv": [116, 0], "inflate": -0.4}
				]
			},
			{
				"name": "bone79",
				"parent": "armLeft",
				"pivot": [3, 11.5, 0],
				"rotation": [0, 0, 30],
				"cubes": [
					{"origin": [1.11284, 11.99619, -1.6], "size": [3.6, 1, 3.2], "uv": [99, 7], "inflate": -0.4}
				]
			},
			{
				"name": "bone80",
				"parent": "armLeft",
				"pivot": [3.04124, 11.44137, 0.001],
				"rotation": [0, 0, -30],
				"cubes": [
					{"origin": [2.03171, 11.55591, -1.599], "size": [3.6, 1, 3.202], "uv": [99, 0], "inflate": -0.4}
				]
			},
			{
				"name": "body",
				"pivot": [0, 10.5, 0],
				"cubes": [
					{"origin": [-3, 12.999, -2.5], "size": [6, 6, 5], "uv": [0, 32]},
					{"origin": [-3.1, 14, -2.602], "size": [6.2, 3, 5.203], "uv": [36, 41]},
					{"origin": [-3.25, 13.75, -2.75], "size": [6.5, 1.75, 5.5], "uv": [43, 0]},
					{"origin": [-3.6, 14.15, -3.15], "size": [7.2, 1, 6.25], "uv": [23, 0], "inflate": -0.3},
					{"origin": [-3.25, 11, -2.5], "size": [6.5, 2, 5], "uv": [0, 43]},
					{"origin": [-3.5, 9, -2.5], "size": [7, 2, 5], "uv": [17, 39]}
				]
			},
			{
				"name": "chest",
				"parent": "body",
				"pivot": [0, 12.8, -2.5],
				"rotation": [-20, 0, 0],
				"cubes": [
					{"origin": [-2.5, 15.61908, -4.52606], "size": [5, 1, 1], "uv": [71, 64]}
				]
			},
			{
				"name": "decoration",
				"parent": "chest",
				"pivot": [0, 6.8342, -0.40603]
			},
			{
				"name": "bone81",
				"parent": "decoration",
				"pivot": [0, 14.3342, -3.90603],
				"rotation": [-10, 15, -20],
				"cubes": [
					{"origin": [1.08809, 15.88476, -4.69645], "size": [2, 1, 0], "uv": [4, 23]}
				]
			},
			{
				"name": "bone82",
				"parent": "decoration",
				"pivot": [0, 14.3342, -3.90603],
				"rotation": [-10, -15, 20],
				"cubes": [
					{"origin": [-3.08809, 15.88476, -4.69645], "size": [2, 1, 0], "uv": [0, 23]}
				]
			},
			{
				"name": "bone83",
				"parent": "decoration",
				"pivot": [0, 13.3342, -3.90603],
				"rotation": [-10, 0, -20],
				"cubes": [
					{"origin": [0.80618, 13.76326, -5.12571], "size": [1, 3, 0], "uv": [34, 49]}
				]
			},
			{
				"name": "bone84",
				"parent": "decoration",
				"pivot": [0, 13.3342, -3.90603],
				"rotation": [-10, 0, 20],
				"cubes": [
					{"origin": [-1.80618, 13.76326, -5.12571], "size": [1, 3, 0], "uv": [22, 36]}
				]
			},
			{
				"name": "bone85",
				"parent": "chest",
				"pivot": [-0.5, -2.7, 0],
				"rotation": [-20, 0, 0],
				"cubes": [
					{"origin": [-2.5, 13.90599, -10.86063], "size": [5, 1, 1], "uv": [36, 39]}
				]
			},
			{
				"name": "bone86",
				"parent": "chest",
				"pivot": [0, 12.8, -3.5],
				"rotation": [-30, 0, 0],
				"cubes": [
					{"origin": [-2.5, 14.72837, -5.79813], "size": [5, 1, 1.25], "uv": [37, 7]}
				]
			},
			{
				"name": "clothes",
				"parent": "body",
				"pivot": [0, 10.5, 0]
			},
			{
				"name": "bone87",
				"parent": "clothes",
				"pivot": [0, 10.5, 0]
			},
			{
				"name": "bone88",
				"parent": "bone87",
				"pivot": [-1.3, 17, 0],
				"rotation": [0, 0, -60],
				"cubes": [
					{"origin": [-2.18397, 15.5, -2.6], "size": [2.5, 3, 5.2], "uv": [57, 60]}
				]
			},
			{
				"name": "bone89",
				"parent": "bone87",
				"pivot": [1.3, 17, 0],
				"rotation": [0, 0, 60],
				"cubes": [
					{"origin": [-0.31603, 15.5, -2.601], "size": [2.5, 3, 5.2], "uv": [20, 58]}
				]
			},
			{
				"name": "bone90",
				"parent": "clothes",
				"pivot": [0, 10.5, 0]
			},
			{
				"name": "bone91",
				"parent": "bone90",
				"pivot": [-2.05, 11, 0],
				"rotation": [0, 0, 15],
				"cubes": [
					{"origin": [-3.80882, 11.21593, -2.7], "size": [3.25, 3.5, 5.4], "uv": [0, 84]}
				]
			},
			{
				"name": "bone92",
				"parent": "bone91",
				"pivot": [-0.3, 10.25, -3],
				"rotation": [0, 0, -65],
				"cubes": [
					{"origin": [-2.78396, 10.89279, -2.699], "size": [3.25, 3.5, 5.398], "uv": [0, 102]}
				]
			},
			{
				"name": "bone93",
				"parent": "clothes",
				"pivot": [0, 10.5, 0]
			},
			{
				"name": "bone94",
				"parent": "bone93",
				"pivot": [2.05, 11, 0],
				"rotation": [0, 0, -15],
				"cubes": [
					{"origin": [0.55882, 11.21593, -2.701], "size": [3.25, 3.5, 5.4], "uv": [34, 84]}
				]
			},
			{
				"name": "bone95",
				"parent": "bone94",
				"pivot": [0.3, 10.25, -3],
				"rotation": [0, 0, 65],
				"cubes": [
					{"origin": [-0.46604, 10.89279, -2.702], "size": [3.25, 3.5, 5.398], "uv": [36, 98]}
				]
			},
			{
				"name": "bone96",
				"parent": "clothes",
				"pivot": [-0.3, 9.75, 0],
				"rotation": [0, 0, -35],
				"cubes": [
					{"origin": [-0.97642, 9.06915, -2.6], "size": [2.15, 3.5, 5.2], "uv": [0, 58]}
				]
			},
			{
				"name": "bone97",
				"parent": "bone96",
				"pivot": [-1.55, 11.75, -2.5],
				"rotation": [0, 0, -70],
				"cubes": [
					{"origin": [-0.58407, 7.99118, -2.6], "size": [2.5, 3.5, 5.2], "uv": [57, 45]}
				]
			},
			{
				"name": "bone100",
				"parent": "bone96",
				"pivot": [-1.68927, 8.22544, -2.5],
				"rotation": [0, 0, 35],
				"cubes": [
					{"origin": [-1.68927, 9.22544, -2.7], "size": [1.15, 4.5, 5.4], "uv": [9, 61], "inflate": -0.1}
				]
			},
			{
				"name": "bone98",
				"parent": "clothes",
				"pivot": [0.3, 9.75, 0],
				"rotation": [0, 0, 35],
				"cubes": [
					{"origin": [-1.17358, 9.06915, -2.6], "size": [2.15, 3.5, 5.2], "uv": [57, 9]}
				]
			},
			{
				"name": "bone99",
				"parent": "bone98",
				"pivot": [1.55, 11.75, -2.5],
				"rotation": [0, 0, 70],
				"cubes": [
					{"origin": [-1.66593, 7.99118, -2.6], "size": [2.25, 3.5, 5.2], "uv": [11, 53]}
				]
			},
			{
				"name": "bone101",
				"parent": "clothes",
				"pivot": [0, 10.5, 0]
			},
			{
				"name": "bone102",
				"parent": "bone101",
				"pivot": [0, 11, -2.75],
				"rotation": [0, 0, -20],
				"cubes": [
					{"origin": [-1.40798, 11.43969, -3.25], "size": [3.5, 1, 1], "uv": [48, 39], "inflate": -0.4}
				]
			},
			{
				"name": "bone103",
				"parent": "bone101",
				"pivot": [0, 11, -2.75],
				"rotation": [0, 0, 20],
				"cubes": [
					{"origin": [-2.09202, 11.43969, -3.25], "size": [3.5, 1, 1], "uv": [46, 14], "inflate": -0.4}
				]
			},
			{
				"name": "bone104",
				"parent": "clothes",
				"pivot": [0, 10.5, 0]
			},
			{
				"name": "bone105",
				"parent": "bone104",
				"pivot": [0, 11, -2.75],
				"rotation": [0, 0, -20],
				"cubes": [
					{"origin": [-1.40798, 11.43969, 2.25], "size": [3.5, 1, 1], "uv": [17, 46], "inflate": -0.4}
				]
			},
			{
				"name": "bone106",
				"parent": "bone104",
				"pivot": [0, 11, -2.75],
				"rotation": [0, 0, 20],
				"cubes": [
					{"origin": [-2.09202, 11.43969, 2.25], "size": [3.5, 1, 1], "uv": [0, 7], "inflate": -0.4}
				]
			},
			{
				"name": "bone107",
				"parent": "clothes",
				"pivot": [0, 10.5, 0]
			},
			{
				"name": "bone108",
				"parent": "bone107",
				"pivot": [0.225, 16.25, 1.9],
				"rotation": [0, 0, -40],
				"cubes": [
					{"origin": [-2.75721, 16.51604, 0.9], "size": [6.25, 1, 2], "uv": [66, 22], "inflate": -0.2}
				]
			},
			{
				"name": "bone109",
				"parent": "bone107",
				"pivot": [-0.225, 16.25, 1.9],
				"rotation": [0, 0, 40],
				"cubes": [
					{"origin": [-3.49279, 16.51604, 0.901], "size": [6.25, 1, 2], "uv": [66, 9], "inflate": -0.2}
				]
			},
			{
				"name": "bone135",
				"parent": "clothes",
				"pivot": [0, 10.5, 0]
			},
			{
				"name": "bone136",
				"parent": "bone135",
				"pivot": [1.25, 13, -3],
				"rotation": [-25, 0, -15],
				"cubes": [
					{"origin": [0.75882, 13.12543, -4.15822], "size": [1.5, 1.5, 1.5], "uv": [9, 61]}
				]
			},
			{
				"name": "bone110",
				"parent": "body",
				"pivot": [0, 9, -1]
			},
			{
				"name": "bone111",
				"parent": "bone110",
				"pivot": [0, 12, 2.75],
				"rotation": [10, 0, 0],
				"cubes": [
					{"origin": [-0.5, 14.45443, 2.77095], "size": [1, 1, 1.1], "uv": [29, 58]}
				]
			},
			{
				"name": "bone112",
				"parent": "bone111",
				"pivot": [-0.7, 12.8, 2.85],
				"rotation": [0, 0, 40],
				"cubes": [
					{"origin": [-3.59906, 14.31322, 2.97095], "size": [2, 1.25, 1], "uv": [66, 25], "inflate": -0.25}
				]
			},
			{
				"name": "bone113",
				"parent": "bone112",
				"pivot": [-2.7, 12.05, 3.05],
				"rotation": [0, 0, 55],
				"cubes": [
					{"origin": [-5.99536, 11.64002, 2.92095], "size": [1.25, 2, 1], "uv": [15, 80], "inflate": -0.25}
				]
			},
			{
				"name": "bone114",
				"parent": "bone113",
				"pivot": [-2.80218, 12.14752, 3.05],
				"rotation": [0, 0, 40],
				"cubes": [
					{"origin": [-5.14127, 9.80843, 2.87095], "size": [2, 1.25, 1], "uv": [66, 12], "inflate": -0.25}
				]
			},
			{
				"name": "bone115",
				"parent": "bone114",
				"pivot": [-1.30218, 12.14752, 3.05],
				"rotation": [0, 0, 35],
				"cubes": [
					{"origin": [-2.81521, 8.98797, 2.82095], "size": [1.25, 2, 1], "uv": [11, 80], "inflate": -0.25}
				]
			},
			{
				"name": "bone116",
				"parent": "bone115",
				"pivot": [-1.30218, 13.64752, 3.05],
				"rotation": [0, 0, 50],
				"cubes": [
					{"origin": [-1.15312, 10.38429, 2.77095], "size": [2, 1.25, 1], "uv": [27, 66], "inflate": -0.25}
				]
			},
			{
				"name": "bone117",
				"parent": "bone116",
				"pivot": [-2.80218, 13.64752, 3.05],
				"rotation": [5, 0, 30],
				"cubes": [
					{"origin": [-0.27593, 10.84548, 2.63089], "size": [1.25, 2, 1], "uv": [7, 80], "inflate": -0.25}
				]
			},
			{
				"name": "bone118",
				"parent": "bone117",
				"pivot": [-2.80218, 12.14752, 2.85],
				"rotation": [0, -5, 65],
				"cubes": [
					{"origin": [-0.89596, 13.96905, 2.3939], "size": [2, 1.25, 1], "uv": [61, 22], "inflate": -0.25}
				]
			},
			{
				"name": "bone119",
				"parent": "bone111",
				"pivot": [0.7, 12.8, 2.85],
				"rotation": [0, 0, -40],
				"cubes": [
					{"origin": [1.59906, 14.31322, 2.97095], "size": [2, 1.25, 1], "uv": [16, 61], "inflate": -0.25}
				]
			},
			{
				"name": "bone120",
				"parent": "bone119",
				"pivot": [2.7, 12.05, 3.05],
				"rotation": [0, 0, -55],
				"cubes": [
					{"origin": [4.74536, 11.64002, 2.92095], "size": [1.25, 2, 1], "uv": [79, 33], "inflate": -0.25}
				]
			},
			{
				"name": "bone121",
				"parent": "bone120",
				"pivot": [2.80218, 12.14752, 3.05],
				"rotation": [0, 0, -40],
				"cubes": [
					{"origin": [3.14127, 9.80843, 2.87095], "size": [2, 1.25, 1], "uv": [29, 60], "inflate": -0.25}
				]
			},
			{
				"name": "bone122",
				"parent": "bone121",
				"pivot": [1.30218, 12.14752, 3.05],
				"rotation": [0, 0, -35],
				"cubes": [
					{"origin": [1.56521, 8.98797, 2.82095], "size": [1.25, 2, 1], "uv": [76, 79], "inflate": -0.25}
				]
			},
			{
				"name": "bone123",
				"parent": "bone122",
				"pivot": [1.30218, 13.64752, 3.05],
				"rotation": [0, 0, -50],
				"cubes": [
					{"origin": [-0.84688, 10.38429, 2.77095], "size": [2, 1.25, 1], "uv": [53, 17], "inflate": -0.25}
				]
			},
			{
				"name": "bone124",
				"parent": "bone123",
				"pivot": [2.80218, 13.64752, 3.05],
				"rotation": [5, 0, -30],
				"cubes": [
					{"origin": [-0.97407, 10.84548, 2.63089], "size": [1.25, 2, 1], "uv": [41, 79], "inflate": -0.25}
				]
			},
			{
				"name": "bone125",
				"parent": "bone124",
				"pivot": [2.80218, 12.14752, 2.85],
				"rotation": [0, 5, -65],
				"cubes": [
					{"origin": [-1.10404, 13.96905, 2.3939], "size": [2, 1.25, 1], "uv": [50, 29], "inflate": -0.25}
				]
			},
			{
				"name": "bone126",
				"parent": "body",
				"pivot": [0, 9, -0.25]
			},
			{
				"name": "bone127",
				"parent": "bone126",
				"pivot": [-1.3125, 4.625, 1.825],
				"rotation": [10, 0, 15],
				"cubes": [
					{"origin": [-3.52646, 12.60375, 3.95319], "size": [1.25, 2, 1], "uv": [25, 79], "inflate": -0.25}
				]
			},
			{
				"name": "bone128",
				"parent": "bone127",
				"pivot": [-1.725, 10, 4.2],
				"rotation": [0, 0, 10],
				"cubes": [
					{"origin": [-4.01021, 10.92557, 3.90319], "size": [1.25, 2, 1], "uv": [3, 79], "inflate": -0.25}
				]
			},
			{
				"name": "bone129",
				"parent": "bone128",
				"pivot": [-1.75, 8.5, 3.9],
				"rotation": [0, 0, -165],
				"cubes": [
					{"origin": [-0.09024, 5.99177, 3.85319], "size": [1.25, 2, 1], "uv": [17, 70], "inflate": -0.25},
					{"origin": [-0.19024, 7.49177, 3.75319], "size": [1.45, 1.35, 1.2], "uv": [57, 9], "inflate": -0.25}
				]
			},
			{
				"name": "bone130",
				"parent": "bone129",
				"pivot": [-1.50897, 11.48205, 3.85],
				"rotation": [0, 0, -15],
				"cubes": [
					{"origin": [-0.87376, 7.80648, 3.85319], "size": [1.25, 1.75, 1], "uv": [53, 15], "inflate": -0.25}
				]
			},
			{
				"name": "bone131",
				"parent": "bone126",
				"pivot": [1.3125, 4.625, 1.825],
				"rotation": [10, 0, -15],
				"cubes": [
					{"origin": [2.27646, 12.60375, 3.95319], "size": [1.25, 2, 1], "uv": [16, 63], "inflate": -0.25}
				]
			},
			{
				"name": "bone132",
				"parent": "bone131",
				"pivot": [1.725, 10, 4.2],
				"rotation": [0, 0, -10],
				"cubes": [
					{"origin": [2.76021, 10.92557, 3.90319], "size": [1.25, 2, 1], "uv": [31, 46], "inflate": -0.25}
				]
			},
			{
				"name": "bone133",
				"parent": "bone132",
				"pivot": [1.75, 8.5, 3.9],
				"rotation": [0, 0, 165],
				"cubes": [
					{"origin": [-1.15976, 5.99177, 3.85319], "size": [1.25, 2, 1], "uv": [36, 41], "inflate": -0.25},
					{"origin": [-1.25976, 7.49177, 3.75319], "size": [1.45, 1.35, 1.2], "uv": [11, 53], "inflate": -0.25}
				]
			},
			{
				"name": "bone134",
				"parent": "bone133",
				"pivot": [1.50897, 11.48205, 3.85],
				"rotation": [0, 0, 15],
				"cubes": [
					{"origin": [-0.37624, 7.80648, 3.85319], "size": [1.25, 1.75, 1], "uv": [46, 52], "inflate": -0.25}
				]
			},
			{
				"name": "legLeft",
				"pivot": [2, 9, 0],
				"cubes": [
					{"origin": [0.499, 1, -1.5], "size": [3, 9, 3], "uv": [34, 49]},
					{"origin": [0.249, 0, -1.75], "size": [3.5, 1, 3.5], "uv": [29, 70]},
					{"origin": [0.399, 5.75, -1.6], "size": [3.2, 1, 3.2], "uv": [116, 19]}
				]
			},
			{
				"name": "bone143",
				"parent": "legLeft",
				"pivot": [2, 9, 0]
			},
			{
				"name": "bone144",
				"parent": "bone143",
				"pivot": [7.5, 9, 0],
				"cubes": [
					{"origin": [0.049, 1, -1.95], "size": [3.9, 1, 3.9], "uv": [116, 30], "inflate": -0.4},
					{"origin": [0.049, 2, -1.95], "size": [3.9, 1, 3.9], "uv": [116, 30], "inflate": -0.4}
				]
			},
			{
				"name": "bone145",
				"parent": "bone144",
				"pivot": [1.999, 2, 0],
				"rotation": [0, 0, -10],
				"cubes": [
					{"origin": [0.049, 1.5, -1.95], "size": [3.9, 1, 3.9], "uv": [116, 30], "inflate": -0.4}
				]
			},
			{
				"name": "legRight",
				"pivot": [-2, 9, 0],
				"cubes": [
					{"origin": [-3.499, 1, -1.5], "size": [3, 9, 3], "uv": [22, 46]},
					{"origin": [-3.601, 5.75, -1.6], "size": [3.2, 1, 3.2], "uv": [116, 11]},
					{"origin": [-3.751, 0, -1.75], "size": [3.5, 1, 3.5], "uv": [55, 68]}
				]
			},
			{
				"name": "bone146",
				"parent": "legRight",
				"pivot": [-2, 9, 0]
			},
			{
				"name": "bone147",
				"parent": "bone146",
				"pivot": [-7.5, 9, 0],
				"cubes": [
					{"origin": [-3.949, 1, -1.95], "size": [3.9, 1, 3.9], "uv": [116, 30], "inflate": -0.4, "mirror": true},
					{"origin": [-3.949, 2, -1.95], "size": [3.9, 1, 3.9], "uv": [116, 30], "inflate": -0.4, "mirror": true}
				]
			},
			{
				"name": "bone148",
				"parent": "bone147",
				"pivot": [-1.999, 2, 0],
				"rotation": [0, 0, 10],
				"cubes": [
					{"origin": [-3.949, 1.5, -1.95], "size": [3.9, 1, 3.9], "uv": [116, 30], "inflate": -0.4, "mirror": true}
				]
			},
			{
				"name": "tate",
				"pivot": [-9.12857, 4.51786, -5.53571],
				"rotation": [-20, 85, -10],
				"cubes": [
					{"origin": [-17.55, 8.5, -5.75], "size": [6.5, 3, 1], "uv": [66, 45]},
					{"origin": [-17.3, 14.5, -6.25], "size": [6, 1, 1], "uv": [23, 7]},
					{"origin": [-14.8, 9.25, -6.25], "size": [1, 8.75, 1], "uv": [29, 74]}
				]
			},
			{
				"name": "bone3",
				"parent": "tate",
				"pivot": [-34.6, -1.75, -5.5]
			},
			{
				"name": "bone",
				"parent": "bone3",
				"pivot": [-23.61667, 8.25, -5.16667],
				"rotation": [0, 0, -3],
				"cubes": [
					{"origin": [-20.54766, 11.24863, -5.501], "size": [6.85, 8, 1.002], "uv": [57, 36]},
					{"origin": [-20.64299, 15.24589, -5.601], "size": [6.7, 2, 1.202], "uv": [66, 61]}
				]
			},
			{
				"name": "bone2",
				"parent": "bone",
				"pivot": [-20.6, 18.25, -6.5],
				"rotation": [0, 0, -25],
				"cubes": [
					{"origin": [-20.13053, 11.13295, -5.5], "size": [5.45, 8, 1], "uv": [65, 0]}
				]
			},
			{
				"name": "bone4",
				"parent": "bone",
				"pivot": [-20.61667, 10.25, -5.16667],
				"rotation": [0, 0, 65],
				"cubes": [
					{"origin": [-21.48295, 10.71947, -5.5], "size": [6, 4.5, 1], "uv": [62, 53]}
				]
			},
			{
				"name": "bone5",
				"parent": "bone4",
				"pivot": [-14.61667, 10.25, -5.16667],
				"rotation": [0, 0, 65],
				"cubes": [
					{"origin": [-19.39864, 9.64818, -5.501], "size": [4, 4.5, 1.002], "uv": [67, 72]}
				]
			},
			{
				"name": "bone11",
				"parent": "bone4",
				"pivot": [-14.4993, 10.47074, -4.96667],
				"rotation": [0, 0, 65],
				"cubes": [
					{"origin": [-16.68127, 9.36892, -5.802], "size": [1.25, 4.85, 1.61], "uv": [90, 13], "inflate": -0.3}
				]
			},
			{
				"name": "bone6",
				"parent": "tate",
				"pivot": [6, -1.75, -5.5]
			},
			{
				"name": "bone7",
				"parent": "bone6",
				"pivot": [-4.98333, 8.25, -5.16667],
				"rotation": [0, 0, 3],
				"cubes": [
					{"origin": [-14.90234, 11.24863, -5.501], "size": [6.85, 8, 1.002], "uv": [57, 27]},
					{"origin": [-14.90701, 15.24589, -5.601], "size": [6.95, 2, 1.202], "uv": [66, 58]}
				]
			},
			{
				"name": "bone8",
				"parent": "bone7",
				"pivot": [-8, 18.25, -6.5],
				"rotation": [0, 0, 25],
				"cubes": [
					{"origin": [-13.91947, 11.13295, -5.5], "size": [5.45, 8, 1], "uv": [34, 61]}
				]
			},
			{
				"name": "bone9",
				"parent": "bone7",
				"pivot": [-7.98333, 10.25, -5.16667],
				"rotation": [0, 0, -65],
				"cubes": [
					{"origin": [-13.11705, 10.71947, -5.5], "size": [6, 4.5, 1], "uv": [61, 17]}
				]
			},
			{
				"name": "bone10",
				"parent": "bone9",
				"pivot": [-13.98333, 10.25, -5.16667],
				"rotation": [0, 0, -65],
				"cubes": [
					{"origin": [-13.20136, 9.64818, -5.501], "size": [4, 4.5, 1.002], "uv": [57, 72]}
				]
			},
			{
				"name": "bone12",
				"parent": "bone9",
				"pivot": [-14.1007, 10.47074, -4.96667],
				"rotation": [0, 0, -65],
				"cubes": [
					{"origin": [-13.16873, 9.36892, -5.802], "size": [1.25, 4.85, 1.61], "uv": [102, 11], "inflate": -0.3}
				]
			},
			{
				"name": "bone13",
				"parent": "tate",
				"pivot": [-15.75, 13.25, -5.5],
				"rotation": [0, 0, -3],
				"cubes": [
					{"origin": [-17.69766, 11.24863, -6], "size": [3.6, 6, 1], "uv": [0, 16]}
				]
			},
			{
				"name": "bone14",
				"parent": "bone13",
				"pivot": [-17.75, 16.25, -5.5],
				"rotation": [0, 0, -20],
				"cubes": [
					{"origin": [-17.35927, 14.1705, -6.002], "size": [3.9, 3, 1], "uv": [76, 53]}
				]
			},
			{
				"name": "bone16",
				"parent": "tate",
				"pivot": [-12.85, 13.25, -5.5],
				"rotation": [0, 0, 3],
				"cubes": [
					{"origin": [-14.50234, 11.24863, -6], "size": [3.6, 6, 1], "uv": [0, 0]}
				]
			},
			{
				"name": "bone17",
				"parent": "bone16",
				"pivot": [-10.85, 16.25, -5.5],
				"rotation": [0, 0, 20],
				"cubes": [
					{"origin": [-15.14073, 14.1705, -6.001], "size": [3.9, 3, 1], "uv": [75, 16]}
				]
			},
			{
				"name": "tail",
				"pivot": [0, 10.75, -1.25],
				"rotation": [-10, 0, 0]
			},
			{
				"name": "bone137",
				"parent": "tail",
				"pivot": [0, 10.75, -1.25],
				"cubes": [
					{"origin": [-0.75, 10.94459, 1.68923], "size": [1.5, 1.5, 3], "uv": [40, 75]}
				]
			},
			{
				"name": "bone138",
				"parent": "bone137",
				"pivot": [0, 12.04459, 5.06423],
				"rotation": [20, 0, 0],
				"cubes": [
					{"origin": [-1, 11.04459, 3.93923], "size": [2, 2, 2.25], "uv": [75, 75]}
				]
			},
			{
				"name": "bone139",
				"parent": "bone138",
				"pivot": [0, 12.53603, 7.06997],
				"rotation": [20, 0, 0],
				"cubes": [
					{"origin": [-1.25, 11.28603, 5.56997], "size": [2.5, 2.5, 3], "uv": [47, 72]}
				]
			},
			{
				"name": "bone140",
				"parent": "bone139",
				"pivot": [0, 13.33952, 9.61241],
				"rotation": [25, 0, 0],
				"cubes": [
					{"origin": [-1.5, 11.83952, 7.61241], "size": [3, 3, 3], "uv": [46, 65]}
				]
			},
			{
				"name": "bone141",
				"parent": "bone140",
				"pivot": [0, 13.91384, 11.74122],
				"rotation": [45, 0, 0],
				"cubes": [
					{"origin": [-1.25, 13.31252, 9.44172], "size": [2.5, 2, 2.5], "uv": [17, 32]}
				]
			},
			{
				"name": "bone142",
				"parent": "bone141",
				"pivot": [0, 13.40767, 12.90052],
				"rotation": [40, 0, 0],
				"cubes": [
					{"origin": [-1, 14.1685, 11.83004], "size": [2, 1.25, 1.5], "uv": [50, 27]}
				]
			}
		]
	}
}