{
	"format_version": "1.10.0",
	"geometry.model": {
		"texturewidth": 128,
		"textureheight": 128,
		"visible_bounds_width": 3,
		"visible_bounds_height": 2,
		"visible_bounds_offset": [0, 0, 0],
		"bones": [
			{
				"name": "head",
				"pivot": [-0.5, 18, 0.5],
				"cubes": [
					{"origin": [-3.5, 19, -3.5], "size": [7, 7, 7], "uv": [0, 0], "mirror": true}
				]
			},
			{
				"name": "blink",
				"parent": "head",
				"pivot": [-0.5, 18, 0.5],
				"cubes": [
					{"origin": [-3.5, 19, -3.501], "size": [7, 7, 0], "uv": [24, 50], "mirror": true}
				]
			},
			{
				"name": "head2",
				"parent": "head",
				"pivot": [-0.5, 18, 0.5],
				"cubes": [
					{"origin": [-3, 21.5, -3], "size": [6, 4, 7], "uv": [22, 7], "mirror": true},
					{"origin": [-4, 21.5, -3], "size": [8, 4, 6], "uv": [0, 14], "mirror": true},
					{"origin": [-3, 19.5, -3], "size": [6, 7, 6], "uv": [22, 22], "mirror": true}
				]
			},
			{
				"name": "hair",
				"parent": "head",
				"pivot": [-0.5, 18, 0.5]
			},
			{
				"name": "hair2",
				"parent": "hair",
				"pivot": [2.25, 23.6, -3.1],
				"rotation": [-15, -8.5, 0],
				"cubes": [
					{"origin": [1.25, 23.56593, -3.85882], "size": [2, 2, 1], "uv": [50, 0], "mirror": true}
				]
			},
			{
				"name": "bone2",
				"parent": "hair2",
				"pivot": [3.25, 22.6, -3.6],
				"rotation": [10, 0, 15],
				"cubes": [
					{"origin": [2, 20.56378, -3.69287], "size": [1, 3, 1], "uv": [38, 76], "mirror": true}
				]
			},
			{
				"name": "bone3",
				"parent": "hair2",
				"pivot": [2.26279, 22.7836, -3.55873],
				"rotation": [10, 0, 10],
				"cubes": [
					{"origin": [1.09506, 20.81534, -3.64843], "size": [1, 2.85, 1], "uv": [78, 66], "mirror": true}
				]
			},
			{
				"name": "bone4",
				"parent": "hair2",
				"pivot": [1.25, 24.6, -3.6],
				"rotation": [5, 8, 5],
				"cubes": [
					{"origin": [-0.79735, 23.58195, -3.78313], "size": [2, 2, 1], "uv": [37, 44], "mirror": true}
				]
			},
			{
				"name": "bone5",
				"parent": "bone4",
				"pivot": [1.29967, 22.59425, -3.6005],
				"rotation": [5, 0, 13],
				"cubes": [
					{"origin": [-0.0355, 21.06841, -3.65536], "size": [1, 2.5, 1], "uv": [78, 63], "mirror": true}
				]
			},
			{
				"name": "bone6",
				"parent": "bone4",
				"pivot": [0.26279, 22.7836, -3.55873],
				"rotation": [5, 0, -10],
				"cubes": [
					{"origin": [-0.64371, 21.16708, -3.6259], "size": [1, 2.6, 1], "uv": [78, 60], "mirror": true}
				]
			},
			{
				"name": "hair4",
				"parent": "hair",
				"pivot": [-1.25, 23.5, -3.05],
				"rotation": [-5, 0, 20],
				"cubes": [
					{"origin": [-2.59202, 23.43612, -3.6319], "size": [1.5, 2, 1], "uv": [78, 45], "mirror": true}
				]
			},
			{
				"name": "bone7",
				"parent": "hair4",
				"pivot": [-0.75, 22.5, -3.55],
				"rotation": [5, 0, 10],
				"cubes": [
					{"origin": [-2.49938, 21.36636, -3.55642], "size": [1.25, 2, 1], "uv": [78, 42], "mirror": true}
				]
			},
			{
				"name": "bone8",
				"parent": "bone7",
				"pivot": [-0.75, 20.5, -3.55],
				"rotation": [0, 0, 25],
				"cubes": [
					{"origin": [-2.81873, 20.07414, -3.55642], "size": [1.25, 1, 1], "uv": [11, 80], "mirror": true}
				]
			},
			{
				"name": "hair3",
				"parent": "hair",
				"pivot": [-0.5, 18, 0.5]
			},
			{
				"name": "bone9",
				"parent": "hair3",
				"pivot": [-2.9, 22.25, -3.2],
				"rotation": [-5, 0, 11],
				"cubes": [
					{"origin": [-3.84081, 21.72789, -3.78555], "size": [1.25, 4, 1], "uv": [66, 69], "mirror": true}
				]
			},
			{
				"name": "bone10",
				"parent": "bone9",
				"pivot": [-3.65, 20.75, -3.7],
				"rotation": [10, 0, -15],
				"cubes": [
					{"origin": [-3.58121, 18.24371, -3.61166], "size": [1.25, 3.5, 1], "uv": [27, 76], "mirror": true}
				]
			},
			{
				"name": "hair5",
				"parent": "hair",
				"pivot": [0.5, 18, 0.5]
			},
			{
				"name": "bone11",
				"parent": "hair5",
				"pivot": [2.9, 22.25, -3.2],
				"rotation": [-5, 0, -11],
				"cubes": [
					{"origin": [2.59081, 21.72789, -3.78555], "size": [1.25, 4, 1], "uv": [36, 0], "mirror": true}
				]
			},
			{
				"name": "bone12",
				"parent": "bone11",
				"pivot": [3.65, 20.75, -3.7],
				"rotation": [10, 0, 15],
				"cubes": [
					{"origin": [2.33121, 18.24371, -3.61166], "size": [1.25, 3.5, 1], "uv": [23, 76], "mirror": true}
				]
			},
			{
				"name": "hairRight",
				"parent": "hair",
				"pivot": [-0.5, 18, 0.5]
			},
			{
				"name": "bone",
				"parent": "hairRight",
				"pivot": [4, 24, -3],
				"rotation": [-5, 0, -13],
				"cubes": [
					{"origin": [3.22495, 21.97066, -3.08492], "size": [1, 3, 1], "uv": [19, 76], "mirror": true}
				]
			},
			{
				"name": "bone13",
				"parent": "bone",
				"pivot": [4, 21, -3],
				"rotation": [15, 0, 25],
				"cubes": [
					{"origin": [2.79366, 18.21355, -2.82973], "size": [1, 3.75, 1], "uv": [75, 39], "mirror": true}
				]
			},
			{
				"name": "bone14",
				"parent": "hairRight",
				"pivot": [4, 24, -2],
				"rotation": [-4, 0, -15],
				"cubes": [
					{"origin": [3.25882, 21.96357, -2.06738], "size": [1, 3, 1], "uv": [75, 22], "mirror": true}
				]
			},
			{
				"name": "bone15",
				"parent": "bone14",
				"pivot": [4, 21, -2],
				"rotation": [9, 0, 28],
				"cubes": [
					{"origin": [2.77615, 18.22086, -1.91445], "size": [1, 3.75, 1], "uv": [75, 4], "mirror": true}
				]
			},
			{
				"name": "bone16",
				"parent": "hairRight",
				"pivot": [4, 24, -1],
				"rotation": [-1, 0, -17],
				"cubes": [
					{"origin": [3.29237, 21.95616, -1.01669], "size": [1, 3, 1], "uv": [75, 0], "mirror": true}
				]
			},
			{
				"name": "bone17",
				"parent": "bone16",
				"pivot": [4, 21, -1],
				"rotation": [2, 0, 31],
				"cubes": [
					{"origin": [2.75815, 18.22016, -0.98282], "size": [1, 3.75, 1], "uv": [34, 75], "mirror": true}
				]
			},
			{
				"name": "hairRight2",
				"parent": "hairRight",
				"pivot": [-0.5, 18, -0.5]
			},
			{
				"name": "bone18",
				"parent": "hairRight2",
				"pivot": [4, 24, 3],
				"rotation": [5, 0, -13],
				"cubes": [
					{"origin": [3.22495, 21.97066, 2.08492], "size": [1, 3, 1], "uv": [12, 75], "mirror": true}
				]
			},
			{
				"name": "bone19",
				"parent": "bone18",
				"pivot": [4, 21, 3],
				"rotation": [-15, 0, 25],
				"cubes": [
					{"origin": [2.79366, 18.21355, 1.82973], "size": [1, 3.75, 1], "uv": [8, 75], "mirror": true}
				]
			},
			{
				"name": "bone20",
				"parent": "hairRight2",
				"pivot": [4, 24, 2],
				"rotation": [4, 0, -15],
				"cubes": [
					{"origin": [3.25882, 21.96357, 1.06738], "size": [1, 3, 1], "uv": [74, 64], "mirror": true}
				]
			},
			{
				"name": "bone21",
				"parent": "bone20",
				"pivot": [4, 21, 2],
				"rotation": [-9, 0, 28],
				"cubes": [
					{"origin": [2.77615, 18.22086, 0.91445], "size": [1, 3.75, 1], "uv": [74, 60], "mirror": true}
				]
			},
			{
				"name": "bone22",
				"parent": "hairRight2",
				"pivot": [4, 24, 1],
				"rotation": [1, 0, -17],
				"cubes": [
					{"origin": [3.29237, 21.95616, 0.01669], "size": [1, 3, 1], "uv": [74, 44], "mirror": true}
				]
			},
			{
				"name": "bone23",
				"parent": "bone22",
				"pivot": [4, 21, 1],
				"rotation": [-2, 0, 31],
				"cubes": [
					{"origin": [2.75815, 18.22016, -0.01718], "size": [1, 3.75, 1], "uv": [74, 74], "mirror": true}
				]
			},
			{
				"name": "hairLeft",
				"parent": "hair",
				"pivot": [0.5, 18, 0.5]
			},
			{
				"name": "bone24",
				"parent": "hairLeft",
				"pivot": [-4, 24, -3],
				"rotation": [-5, 0, 13],
				"cubes": [
					{"origin": [-4.22495, 21.97066, -3.08492], "size": [1, 3, 1], "uv": [66, 74], "mirror": true}
				]
			},
			{
				"name": "bone25",
				"parent": "bone24",
				"pivot": [-4, 21, -3],
				"rotation": [15, 0, -25],
				"cubes": [
					{"origin": [-3.79366, 18.21355, -2.82973], "size": [1, 3.75, 1], "uv": [58, 74], "mirror": true}
				]
			},
			{
				"name": "bone26",
				"parent": "hairLeft",
				"pivot": [-4, 24, -2],
				"rotation": [-4, 0, 15],
				"cubes": [
					{"origin": [-4.25882, 21.96357, -2.06738], "size": [1, 3, 1], "uv": [54, 74], "mirror": true}
				]
			},
			{
				"name": "bone27",
				"parent": "bone26",
				"pivot": [-4, 21, -2],
				"rotation": [9, 0, -28],
				"cubes": [
					{"origin": [-3.77615, 18.22086, -1.91445], "size": [1, 3.75, 1], "uv": [50, 74], "mirror": true}
				]
			},
			{
				"name": "bone28",
				"parent": "hairLeft",
				"pivot": [-4, 24, -1],
				"rotation": [-1, 0, 17],
				"cubes": [
					{"origin": [-4.29237, 21.95616, -1.01669], "size": [1, 3, 1], "uv": [4, 74], "mirror": true}
				]
			},
			{
				"name": "bone29",
				"parent": "bone28",
				"pivot": [-4, 21, -1],
				"rotation": [2, 0, -31],
				"cubes": [
					{"origin": [-3.75815, 18.22016, -0.98282], "size": [1, 3.75, 1], "uv": [0, 74], "mirror": true}
				]
			},
			{
				"name": "hairRight4",
				"parent": "hairLeft",
				"pivot": [0.5, 18, -0.5]
			},
			{
				"name": "bone30",
				"parent": "hairRight4",
				"pivot": [-4, 24, 3],
				"rotation": [5, 0, 13],
				"cubes": [
					{"origin": [-4.22495, 21.97066, 2.08492], "size": [1, 3, 1], "uv": [73, 18], "mirror": true}
				]
			},
			{
				"name": "bone31",
				"parent": "bone30",
				"pivot": [-4, 21, 3],
				"rotation": [-15, 0, -25],
				"cubes": [
					{"origin": [-3.79366, 18.21355, 1.82973], "size": [1, 3.75, 1], "uv": [16, 73], "mirror": true}
				]
			},
			{
				"name": "bone32",
				"parent": "hairRight4",
				"pivot": [-4, 24, 2],
				"rotation": [4, 0, 15],
				"cubes": [
					{"origin": [-4.25882, 21.96357, 1.06738], "size": [1, 3, 1], "uv": [72, 56], "mirror": true}
				]
			},
			{
				"name": "bone33",
				"parent": "bone32",
				"pivot": [-4, 21, 2],
				"rotation": [-9, 0, -28],
				"cubes": [
					{"origin": [-3.77615, 18.22086, 0.91445], "size": [1, 3.75, 1], "uv": [72, 52], "mirror": true}
				]
			},
			{
				"name": "bone34",
				"parent": "hairRight4",
				"pivot": [-4, 24, 1],
				"rotation": [1, 0, 17],
				"cubes": [
					{"origin": [-4.29237, 21.95616, 0.01669], "size": [1, 3, 1], "uv": [72, 48], "mirror": true}
				]
			},
			{
				"name": "bone35",
				"parent": "bone34",
				"pivot": [-4, 21, 1],
				"rotation": [-2, 0, -31],
				"cubes": [
					{"origin": [-3.75815, 18.22016, -0.01718], "size": [1, 3.75, 1], "uv": [72, 36], "mirror": true}
				]
			},
			{
				"name": "hair8",
				"parent": "hair",
				"pivot": [0, 0, 0],
				"rotation": [0, -90, 0]
			},
			{
				"name": "bone36",
				"parent": "hair8",
				"pivot": [4, 24, -3],
				"rotation": [-5, 0, -13],
				"cubes": [
					{"origin": [3.22495, 21.97066, -3.08492], "size": [1, 3, 1], "uv": [72, 32], "mirror": true}
				]
			},
			{
				"name": "bone37",
				"parent": "bone36",
				"pivot": [4, 21, -3],
				"rotation": [15, 0, 25],
				"cubes": [
					{"origin": [2.79366, 18.21355, -2.82973], "size": [1, 3.75, 1], "uv": [72, 14], "mirror": true}
				]
			},
			{
				"name": "bone38",
				"parent": "hair8",
				"pivot": [4, 24, -2],
				"rotation": [-4, 0, -15],
				"cubes": [
					{"origin": [3.25882, 21.96357, -2.06738], "size": [1, 3, 1], "uv": [72, 10], "mirror": true}
				]
			},
			{
				"name": "bone39",
				"parent": "bone38",
				"pivot": [4, 21, -2],
				"rotation": [9, 0, 28],
				"cubes": [
					{"origin": [2.77615, 18.22086, -1.91445], "size": [1, 3.75, 1], "uv": [70, 72], "mirror": true}
				]
			},
			{
				"name": "bone40",
				"parent": "hair8",
				"pivot": [4, 24, -1],
				"rotation": [-1, 0, -17],
				"cubes": [
					{"origin": [3.29237, 21.95616, -1.01669], "size": [1, 3, 1], "uv": [46, 72], "mirror": true}
				]
			},
			{
				"name": "bone41",
				"parent": "bone40",
				"pivot": [4, 21, -1],
				"rotation": [2, 0, 31],
				"cubes": [
					{"origin": [2.75815, 18.22016, -0.98282], "size": [1, 3.75, 1], "uv": [42, 72], "mirror": true}
				]
			},
			{
				"name": "hairRight5",
				"parent": "hair8",
				"pivot": [-0.5, 18, -0.5]
			},
			{
				"name": "bone42",
				"parent": "hairRight5",
				"pivot": [4, 24, 3],
				"rotation": [5, 0, -13],
				"cubes": [
					{"origin": [3.22495, 21.97066, 2.08492], "size": [1, 3, 1], "uv": [38, 72], "mirror": true}
				]
			},
			{
				"name": "bone43",
				"parent": "bone42",
				"pivot": [4, 21, 3],
				"rotation": [-15, 0, 25],
				"cubes": [
					{"origin": [2.79366, 18.21355, 1.82973], "size": [1, 3.75, 1], "uv": [71, 4], "mirror": true}
				]
			},
			{
				"name": "bone44",
				"parent": "hairRight5",
				"pivot": [4, 24, 2],
				"rotation": [4, 0, -15],
				"cubes": [
					{"origin": [3.25882, 21.96357, 1.06738], "size": [1, 3, 1], "uv": [71, 0], "mirror": true}
				]
			},
			{
				"name": "bone45",
				"parent": "bone44",
				"pivot": [4, 21, 2],
				"rotation": [-9, 0, 28],
				"cubes": [
					{"origin": [2.77615, 18.22086, 0.91445], "size": [1, 3.75, 1], "uv": [12, 71], "mirror": true}
				]
			},
			{
				"name": "bone46",
				"parent": "hairRight5",
				"pivot": [4, 24, 1],
				"rotation": [1, 0, -17],
				"cubes": [
					{"origin": [3.29237, 21.95616, 0.01669], "size": [1, 3, 1], "uv": [8, 71], "mirror": true}
				]
			},
			{
				"name": "bone47",
				"parent": "bone46",
				"pivot": [4, 21, 1],
				"rotation": [-2, 0, 31],
				"cubes": [
					{"origin": [2.75815, 18.22016, -0.01718], "size": [1, 3.75, 1], "uv": [70, 63], "mirror": true}
				]
			},
			{
				"name": "hair6",
				"parent": "hair",
				"pivot": [0.5, 18, -0.5]
			},
			{
				"name": "bone48",
				"parent": "hair6",
				"pivot": [2.9, 22.25, 3.2],
				"rotation": [5, 0, -11],
				"cubes": [
					{"origin": [2.59081, 21.72789, 2.78555], "size": [1.25, 4, 1], "uv": [0, 35], "mirror": true}
				]
			},
			{
				"name": "bone49",
				"parent": "bone48",
				"pivot": [3.65, 20.75, 3.7],
				"rotation": [-10, 0, 15],
				"cubes": [
					{"origin": [2.33121, 18.24371, 2.61166], "size": [1.25, 3.5, 1], "uv": [70, 44], "mirror": true}
				]
			},
			{
				"name": "hair7",
				"parent": "hair",
				"pivot": [-0.5, 18, -0.5]
			},
			{
				"name": "bone50",
				"parent": "hair7",
				"pivot": [-2.9, 22.25, 3.2],
				"rotation": [5, 0, 11],
				"cubes": [
					{"origin": [-3.84081, 21.72789, 2.78555], "size": [1.25, 4, 1], "uv": [21, 0], "mirror": true}
				]
			},
			{
				"name": "bone51",
				"parent": "bone50",
				"pivot": [-3.65, 20.75, 3.7],
				"rotation": [-10, 0, -15],
				"cubes": [
					{"origin": [-3.58121, 18.24371, 2.61166], "size": [1.25, 3.5, 1], "uv": [50, 70], "mirror": true}
				]
			},
			{
				"name": "fashi",
				"parent": "head",
				"pivot": [-0.5, 18, 0.5]
			},
			{
				"name": "fashi2",
				"parent": "fashi",
				"pivot": [-0.5, 18, 0.5]
			},
			{
				"name": "bone131",
				"parent": "fashi2",
				"pivot": [-4.35, 25, 0],
				"rotation": [-60, 0, -65],
				"cubes": [
					{"origin": [-4.85, 23.75, -0.5], "size": [1, 2.5, 1], "uv": [77, 17], "inflate": -0.2, "mirror": true},
					{"origin": [-5.6, 24.5, -0.5], "size": [2.5, 1, 1], "uv": [68, 40], "inflate": -0.2, "mirror": true}
				]
			},
			{
				"name": "bone129",
				"parent": "fashi2",
				"pivot": [-2.75, 26.75, 0],
				"rotation": [-60, 0, -25],
				"cubes": [
					{"origin": [-3.25, 25.5, -0.5], "size": [1, 2.5, 1], "uv": [4, 78], "inflate": -0.2, "mirror": true},
					{"origin": [-4, 26.25, -0.5], "size": [2.5, 1, 1], "uv": [69, 24], "inflate": -0.2, "mirror": true}
				]
			},
			{
				"name": "bone130",
				"parent": "fashi2",
				"pivot": [4.35, 25, 0],
				"rotation": [-60, 0, 65],
				"cubes": [
					{"origin": [3.85, 23.75, -0.5], "size": [1, 2.5, 1], "uv": [0, 78], "inflate": -0.2, "mirror": true},
					{"origin": [3.1, 24.5, -0.5], "size": [2.5, 1, 1], "uv": [68, 61], "inflate": -0.2, "mirror": true}
				]
			},
			{
				"name": "bone128",
				"parent": "fashi2",
				"pivot": [2.75, 26.75, 0],
				"rotation": [-60, 0, 25],
				"cubes": [
					{"origin": [2.25, 25.5, -0.5], "size": [1, 2.5, 1], "uv": [15, 78], "inflate": -0.2, "mirror": true},
					{"origin": [1.5, 26.25, -0.5], "size": [2.5, 1, 1], "uv": [69, 68], "inflate": -0.2, "mirror": true}
				]
			},
			{
				"name": "bone119",
				"parent": "fashi2",
				"pivot": [-0.5, 18, 0.5]
			},
			{
				"name": "bone120",
				"parent": "bone119",
				"pivot": [4.25, 23.5, 0],
				"rotation": [0, 0, -19],
				"cubes": [
					{"origin": [3.75, 24, -0.5], "size": [1, 2.25, 1], "uv": [65, 78], "mirror": true}
				]
			},
			{
				"name": "bone121",
				"parent": "bone120",
				"pivot": [4.75, 24, 0.5],
				"rotation": [0, 0, 30],
				"cubes": [
					{"origin": [3.75, 22.5, -0.5], "size": [1, 1.5, 1], "uv": [78, 73], "mirror": true}
				]
			},
			{
				"name": "bone122",
				"parent": "bone120",
				"pivot": [4.75, 26.25, 0],
				"rotation": [0, 0, -50],
				"cubes": [
					{"origin": [3.75, 26.25, -0.5], "size": [1, 2.25, 1], "uv": [57, 78], "mirror": true}
				]
			},
			{
				"name": "bone126",
				"parent": "bone122",
				"pivot": [4.75, 28.5, 0],
				"rotation": [0, 0, -21],
				"cubes": [
					{"origin": [3.75, 28.5, -0.5], "size": [1, 3.45, 1], "uv": [0, 24], "mirror": true}
				]
			},
			{
				"name": "bone123",
				"parent": "bone119",
				"pivot": [-4.25, 23.5, 0],
				"rotation": [0, 0, 19],
				"cubes": [
					{"origin": [-4.75, 24, -0.5], "size": [1, 2.25, 1], "uv": [53, 78], "mirror": true}
				]
			},
			{
				"name": "bone124",
				"parent": "bone123",
				"pivot": [-4.75, 24, 0.5],
				"rotation": [0, 0, -30],
				"cubes": [
					{"origin": [-4.75, 22.5, -0.5], "size": [1, 1.5, 1], "uv": [78, 70], "mirror": true}
				]
			},
			{
				"name": "bone125",
				"parent": "bone123",
				"pivot": [-4.75, 26.25, 0],
				"rotation": [0, 0, 50],
				"cubes": [
					{"origin": [-4.75, 26.25, -0.5], "size": [1, 2.25, 1], "uv": [49, 78], "mirror": true}
				]
			},
			{
				"name": "bone127",
				"parent": "fashi2",
				"pivot": [0, 27.25, 0],
				"rotation": [-60, 0, 0],
				"cubes": [
					{"origin": [-0.5, 26, -0.5], "size": [1, 2.5, 1], "uv": [31, 78], "inflate": -0.2, "mirror": true},
					{"origin": [-1.25, 26.75, -0.5], "size": [2.5, 1, 1], "uv": [38, 70], "inflate": -0.2, "mirror": true}
				]
			},
			{
				"name": "fashi3",
				"parent": "fashi",
				"pivot": [0, 0, -1.75],
				"rotation": [-5, 0, -5]
			},
			{
				"name": "bone132",
				"parent": "fashi3",
				"pivot": [1.25, 18.25, 0],
				"cubes": [
					{"origin": [-1.25, 23.25, -6.25], "size": [2.25, 1, 1], "uv": [67, 9], "inflate": -0.4, "mirror": true}
				]
			},
			{
				"name": "bone133",
				"parent": "fashi3",
				"pivot": [-0.125, 23.75, -5.75],
				"rotation": [0, 0, 45],
				"cubes": [
					{"origin": [-1.25, 23.25, -6.25], "size": [2.25, 1, 1], "uv": [61, 2], "inflate": -0.4, "mirror": true}
				]
			},
			{
				"name": "fashi4",
				"parent": "fashi",
				"pivot": [-3, -0.5, 2.5],
				"rotation": [5, 0, 9]
			},
			{
				"name": "huaban1",
				"parent": "fashi4",
				"pivot": [-2, 17.5, 3]
			},
			{
				"name": "bone136",
				"parent": "huaban1",
				"pivot": [-8.5, 21.375, 2.25],
				"rotation": [15, 0, 0],
				"cubes": [
					{"origin": [-9, 20.25, 1.75], "size": [1, 2.25, 1], "uv": [76, 57], "inflate": -0.4, "mirror": true}
				]
			},
			{
				"name": "bone137",
				"parent": "bone136",
				"pivot": [-8.5, 20.65, 2.35],
				"rotation": [-75, 0, 0],
				"cubes": [
					{"origin": [-9, 19.5, 1.75], "size": [1, 1.55, 1], "uv": [78, 7], "inflate": -0.4, "mirror": true}
				]
			},
			{
				"name": "bone134",
				"parent": "huaban1",
				"pivot": [-8.5, 21.375, 1.5],
				"rotation": [-15, 0, 0],
				"cubes": [
					{"origin": [-9, 20.25, 1], "size": [1, 2.25, 1], "uv": [77, 77], "inflate": -0.4, "mirror": true}
				]
			},
			{
				"name": "bone135",
				"parent": "bone134",
				"pivot": [-8.5, 20.65, 1.4],
				"rotation": [75, 0, 0],
				"cubes": [
					{"origin": [-9, 19.5, 1], "size": [1, 1.55, 1], "uv": [78, 38], "inflate": -0.4, "mirror": true}
				]
			},
			{
				"name": "huaban2",
				"parent": "fashi4",
				"pivot": [-8.5, 22.35, 1.7],
				"rotation": [-72, 0, 0]
			},
			{
				"name": "bone138",
				"parent": "huaban2",
				"pivot": [-8.5, 21.475, 2.05],
				"rotation": [15, 0, 0],
				"cubes": [
					{"origin": [-9, 20.35, 1.55], "size": [1, 2.25, 1], "uv": [76, 54], "inflate": -0.4, "mirror": true}
				]
			},
			{
				"name": "bone139",
				"parent": "bone138",
				"pivot": [-8.5, 20.75, 2.15],
				"rotation": [-75, 0, 0],
				"cubes": [
					{"origin": [-9, 19.6, 1.55], "size": [1, 1.55, 1], "uv": [78, 3], "inflate": -0.4, "mirror": true}
				]
			},
			{
				"name": "bone140",
				"parent": "huaban2",
				"pivot": [-8.5, 21.475, 1.3],
				"rotation": [-15, 0, 0],
				"cubes": [
					{"origin": [-9, 20.35, 0.8], "size": [1, 2.25, 1], "uv": [76, 51], "inflate": -0.4, "mirror": true}
				]
			},
			{
				"name": "bone141",
				"parent": "bone140",
				"pivot": [-8.5, 20.75, 1.2],
				"rotation": [75, 0, 0],
				"cubes": [
					{"origin": [-9, 19.6, 0.8], "size": [1, 1.55, 1], "uv": [44, 63], "inflate": -0.4, "mirror": true}
				]
			},
			{
				"name": "huaban3",
				"parent": "fashi4",
				"pivot": [-8.5, 22.6, 1.8],
				"rotation": [-144, 0, 0]
			},
			{
				"name": "bone142",
				"parent": "huaban3",
				"pivot": [-8.5, 21.725, 2.15],
				"rotation": [15, 0, 0],
				"cubes": [
					{"origin": [-9, 20.6, 1.65], "size": [1, 2.25, 1], "uv": [76, 48], "inflate": -0.4, "mirror": true}
				]
			},
			{
				"name": "bone143",
				"parent": "bone142",
				"pivot": [-8.5, 21, 2.25],
				"rotation": [-75, 0, 0],
				"cubes": [
					{"origin": [-9, 19.85, 1.65], "size": [1, 1.55, 1], "uv": [60, 59], "inflate": -0.4, "mirror": true}
				]
			},
			{
				"name": "bone144",
				"parent": "huaban3",
				"pivot": [-8.5, 21.725, 1.4],
				"rotation": [-15, 0, 0],
				"cubes": [
					{"origin": [-9, 20.6, 0.9], "size": [1, 2.25, 1], "uv": [76, 35], "inflate": -0.4, "mirror": true}
				]
			},
			{
				"name": "bone145",
				"parent": "bone144",
				"pivot": [-8.5, 21, 1.3],
				"rotation": [75, 0, 0],
				"cubes": [
					{"origin": [-9, 19.85, 0.9], "size": [1, 1.55, 1], "uv": [18, 58], "inflate": -0.4, "mirror": true}
				]
			},
			{
				"name": "huaban4",
				"parent": "fashi4",
				"pivot": [-8.5, 22.6, 2.05],
				"rotation": [141, 0, 0]
			},
			{
				"name": "bone146",
				"parent": "huaban4",
				"pivot": [-8.5, 21.725, 2.4],
				"rotation": [15, 0, 0],
				"cubes": [
					{"origin": [-9, 20.6, 1.9], "size": [1, 2.25, 1], "uv": [76, 32], "inflate": -0.4, "mirror": true}
				]
			},
			{
				"name": "bone147",
				"parent": "bone146",
				"pivot": [-8.5, 21, 2.5],
				"rotation": [-75, 0, 0],
				"cubes": [
					{"origin": [-9, 19.85, 1.9], "size": [1, 1.55, 1], "uv": [39, 57], "inflate": -0.4, "mirror": true}
				]
			},
			{
				"name": "bone148",
				"parent": "huaban4",
				"pivot": [-8.5, 21.725, 1.65],
				"rotation": [-15, 0, 0],
				"cubes": [
					{"origin": [-9, 20.6, 1.15], "size": [1, 2.25, 1], "uv": [76, 29], "inflate": -0.4, "mirror": true}
				]
			},
			{
				"name": "bone149",
				"parent": "bone148",
				"pivot": [-8.5, 21, 1.55],
				"rotation": [75, 0, 0],
				"cubes": [
					{"origin": [-9, 19.85, 1.15], "size": [1, 1.55, 1], "uv": [28, 57], "inflate": -0.4, "mirror": true}
				]
			},
			{
				"name": "huaban5",
				"parent": "fashi4",
				"pivot": [-8.5, 22.4, 2.1],
				"rotation": [66, 0, 0]
			},
			{
				"name": "bone150",
				"parent": "huaban5",
				"pivot": [-8.5, 21.525, 2.45],
				"rotation": [15, 0, 0],
				"cubes": [
					{"origin": [-9, 20.4, 1.95], "size": [1, 2.25, 1], "uv": [76, 26], "inflate": -0.4, "mirror": true}
				]
			},
			{
				"name": "bone151",
				"parent": "bone150",
				"pivot": [-8.5, 20.8, 2.55],
				"rotation": [-75, 0, 0],
				"cubes": [
					{"origin": [-9, 19.65, 1.95], "size": [1, 1.55, 1], "uv": [52, 36], "inflate": -0.4, "mirror": true}
				]
			},
			{
				"name": "bone152",
				"parent": "huaban5",
				"pivot": [-8.5, 21.525, 1.7],
				"rotation": [-15, 0, 0],
				"cubes": [
					{"origin": [-9, 20.4, 1.2], "size": [1, 2.25, 1], "uv": [76, 14], "inflate": -0.4, "mirror": true}
				]
			},
			{
				"name": "bone153",
				"parent": "bone152",
				"pivot": [-8.5, 20.8, 1.6],
				"rotation": [75, 0, 0],
				"cubes": [
					{"origin": [-9, 19.65, 1.2], "size": [1, 1.55, 1], "uv": [42, 46], "inflate": -0.4, "mirror": true}
				]
			},
			{
				"name": "bone154",
				"parent": "fashi4",
				"pivot": [-8.5, 22.5, 1.9],
				"rotation": [40, 0, 0],
				"cubes": [
					{"origin": [-9, 21.75, 1.15], "size": [1, 1.5, 1.5], "uv": [19, 36], "inflate": -0.2, "mirror": true}
				]
			},
			{
				"name": "bone155",
				"parent": "fashi4",
				"pivot": [-8.25, 20.25, 1.375],
				"rotation": [-15, 0, 0],
				"cubes": [
					{"origin": [-8.75, 17.25, 0.75], "size": [1, 6, 1.25], "uv": [34, 68], "inflate": -0.4, "mirror": true}
				]
			},
			{
				"name": "bone156",
				"parent": "fashi4",
				"pivot": [-8.25, 20.25, 2.525],
				"rotation": [15, 0, 0],
				"cubes": [
					{"origin": [-8.75, 17.25, 1.9], "size": [1, 6, 1.25], "uv": [0, 0], "inflate": -0.4, "mirror": true}
				]
			},
			{
				"name": "armRight",
				"pivot": [-2, 17.5, 0],
				"rotation": [0, 0, 25],
				"cubes": [
					{"origin": [-4.42262, 9.40631, -1], "size": [2, 8, 2], "uv": [22, 57]},
					{"origin": [-4.67262, 10.40631, -1.25], "size": [2.5, 5, 2.5], "uv": [10, 64]},
					{"origin": [-4.92262, 13.40631, -1.5], "size": [3, 1.25, 3], "uv": [0, 61]}
				]
			},
			{
				"name": "bone52",
				"parent": "armRight",
				"pivot": [-3.00156, 2.54755, 0]
			},
			{
				"name": "bone53",
				"parent": "bone52",
				"pivot": [-3.62656, 14.29755, 0.625],
				"rotation": [-10, 0, -10],
				"cubes": [
					{"origin": [-4.61038, 14.4988, -0.16773], "size": [1.35, 1.5, 1.35], "uv": [79, 56]}
				]
			},
			{
				"name": "bone54",
				"parent": "bone52",
				"pivot": [-3.62656, 14.29755, -0.625],
				"rotation": [10, 0, -10],
				"cubes": [
					{"origin": [-4.61038, 14.4988, -1.18227], "size": [1.35, 1.5, 1.35], "uv": [79, 53]}
				]
			},
			{
				"name": "bone55",
				"parent": "bone52",
				"pivot": [-2.37656, 14.29755, -0.625],
				"rotation": [10, 0, 10],
				"cubes": [
					{"origin": [-3.57514, 14.35426, -1.20776], "size": [1.35, 1.5, 1.35], "uv": [79, 50]}
				]
			},
			{
				"name": "bone56",
				"parent": "bone52",
				"pivot": [-2.37656, 14.29755, 0.625],
				"rotation": [-10, 0, 10],
				"cubes": [
					{"origin": [-3.57514, 14.35426, -0.14224], "size": [1.35, 1.5, 1.35], "uv": [79, 40]}
				]
			},
			{
				"name": "bone57",
				"parent": "armRight",
				"pivot": [-0.50862, 5.4202, 1.75],
				"rotation": [10, 0, -5],
				"cubes": [
					{"origin": [-4.09679, 8.84677, 2.16318], "size": [3, 5.25, 1], "uv": [64, 50], "inflate": -0.3}
				]
			},
			{
				"name": "bone58",
				"parent": "bone57",
				"pivot": [-3.19545, 10.29099, 2.4],
				"rotation": [0, 0, 20],
				"cubes": [
					{"origin": [-5.20835, 8.79362, 2.06318], "size": [2.25, 4.75, 1], "uv": [67, 18], "inflate": -0.3}
				]
			},
			{
				"name": "armLeft",
				"pivot": [2, 17.5, 0],
				"rotation": [0, 0, -25],
				"cubes": [
					{"origin": [2.42262, 9.40631, -1], "size": [2, 8, 2], "uv": [56, 42]},
					{"origin": [2.17262, 10.40631, -1.25], "size": [2.5, 5, 2.5], "uv": [46, 63]},
					{"origin": [1.92262, 13.40631, -1.5], "size": [3, 1.25, 3], "uv": [58, 21]}
				]
			},
			{
				"name": "bone59",
				"parent": "armLeft",
				"pivot": [3.00156, 2.54755, 0]
			},
			{
				"name": "bone60",
				"parent": "bone59",
				"pivot": [3.62656, 14.29755, 0.625],
				"rotation": [-10, 0, 10],
				"cubes": [
					{"origin": [3.26038, 14.4988, -0.16773], "size": [1.35, 1.5, 1.35], "uv": [79, 34]}
				]
			},
			{
				"name": "bone61",
				"parent": "bone59",
				"pivot": [3.62656, 14.29755, -0.625],
				"rotation": [10, 0, 10],
				"cubes": [
					{"origin": [3.26038, 14.4988, -1.18227], "size": [1.35, 1.5, 1.35], "uv": [79, 31]}
				]
			},
			{
				"name": "bone62",
				"parent": "bone59",
				"pivot": [2.37656, 14.29755, -0.625],
				"rotation": [10, 0, -10],
				"cubes": [
					{"origin": [2.22514, 14.35426, -1.20776], "size": [1.35, 1.5, 1.35], "uv": [79, 28]}
				]
			},
			{
				"name": "bone63",
				"parent": "bone59",
				"pivot": [2.37656, 14.29755, 0.625],
				"rotation": [-10, 0, -10],
				"cubes": [
					{"origin": [2.22514, 14.35426, -0.14224], "size": [1.35, 1.5, 1.35], "uv": [79, 25]}
				]
			},
			{
				"name": "bone64",
				"parent": "armLeft",
				"pivot": [0.50862, 5.4202, 1.75],
				"rotation": [10, 0, 5],
				"cubes": [
					{"origin": [1.09679, 8.84677, 2.16318], "size": [3, 5.25, 1], "uv": [64, 12], "inflate": -0.3}
				]
			},
			{
				"name": "bone65",
				"parent": "bone64",
				"pivot": [3.19545, 10.29099, 2.4],
				"rotation": [0, 0, -20],
				"cubes": [
					{"origin": [2.95835, 8.79362, 2.06318], "size": [2.25, 4.75, 1], "uv": [0, 14], "inflate": -0.3}
				]
			},
			{
				"name": "body",
				"pivot": [0, 10.5, 0],
				"cubes": [
					{"origin": [-3, 11.999, -2.25], "size": [6, 7, 4.5], "uv": [0, 24]}
				]
			},
			{
				"name": "chest",
				"parent": "body",
				"pivot": [0, 12.8, -2.25],
				"rotation": [-20, 0, 0],
				"cubes": [
					{"origin": [-2.5, 15.61908, -4.27606], "size": [5, 1, 1], "uv": [52, 33]}
				]
			},
			{
				"name": "bone70",
				"parent": "chest",
				"pivot": [-0.5, -2.7, 0.25],
				"rotation": [-20, 0, 0],
				"cubes": [
					{"origin": [-2.5, 13.90599, -10.61063], "size": [5, 1, 1], "uv": [40, 26]}
				]
			},
			{
				"name": "clothes",
				"parent": "body",
				"pivot": [0, 10.5, 0]
			},
			{
				"name": "clothes2",
				"parent": "clothes",
				"pivot": [0, 10.5, 0]
			},
			{
				"name": "bone66",
				"parent": "clothes2",
				"pivot": [2.25, 17.5, 0],
				"rotation": [0, 0, -25],
				"cubes": [
					{"origin": [-0.32738, 17.40631, -2.5], "size": [5, 2, 5], "uv": [108, 0]}
				]
			},
			{
				"name": "bone72",
				"parent": "clothes2",
				"pivot": [-2.25, 17.5, 0],
				"rotation": [0, 0, 25],
				"cubes": [
					{"origin": [-4.67262, 17.40631, -2.5], "size": [5, 2, 5], "uv": [108, 15]}
				]
			},
			{
				"name": "bone67",
				"parent": "clothes2",
				"pivot": [-1.525, 16.55, -2.05],
				"rotation": [-25, 15, 25],
				"cubes": [
					{"origin": [-3.05822, 16.82517, -3.03216], "size": [2.5, 1.5, 1], "uv": [70, 42]}
				]
			},
			{
				"name": "bone69",
				"parent": "clothes2",
				"pivot": [1.525, 16.55, -2.05],
				"rotation": [-25, -15, -25],
				"cubes": [
					{"origin": [0.55822, 16.82517, -3.03216], "size": [2.5, 1.5, 1], "uv": [70, 30]}
				]
			},
			{
				"name": "bone116",
				"parent": "clothes2",
				"pivot": [0, 6, -2.58333],
				"rotation": [-10, 0, 0],
				"cubes": [
					{"origin": [-0.5, 17.5, -4.75], "size": [1, 1, 1], "uv": [78, 75]}
				]
			},
			{
				"name": "bone117",
				"parent": "bone116",
				"pivot": [-0.5, 17.5, -4.75],
				"rotation": [-15, -15, -45],
				"cubes": [
					{"origin": [-2, 17, -4.75], "size": [2, 1, 0], "uv": [0, 19]}
				]
			},
			{
				"name": "bone118",
				"parent": "bone116",
				"pivot": [0.5, 17.5, -4.75],
				"rotation": [-15, 15, 45],
				"cubes": [
					{"origin": [0, 17, -4.75], "size": [2, 1, 0], "uv": [3, 0]}
				]
			},
			{
				"name": "clothes3",
				"parent": "clothes",
				"pivot": [0, 12.45, -2.5],
				"rotation": [-20, 0, 0],
				"cubes": [
					{"origin": [-2.6, 15.26908, -4.52606], "size": [5.2, 1, 2], "uv": [54, 39]},
					{"origin": [-3.05, 15.51908, -4.97606], "size": [6.1, 1, 2.45], "uv": [28, 18], "inflate": -0.4}
				]
			},
			{
				"name": "bone68",
				"parent": "clothes3",
				"pivot": [0, 12.45, -3.5],
				"rotation": [-30, 0, 0],
				"cubes": [
					{"origin": [-2.6, 14.37837, -5.79813], "size": [5.2, 1, 2.25], "uv": [54, 36]}
				]
			},
			{
				"name": "bone71",
				"parent": "clothes3",
				"pivot": [-2, 15.96126, -3.87178],
				"rotation": [-10, 0, -10],
				"cubes": [
					{"origin": [-2.33682, 15.56323, -4.8693], "size": [1, 3.25, 1], "uv": [8, 54], "inflate": -0.3}
				]
			},
			{
				"name": "bone73",
				"parent": "clothes3",
				"pivot": [2, 15.96126, -3.87178],
				"rotation": [-10, 0, 10],
				"cubes": [
					{"origin": [1.33682, 15.56323, -4.8693], "size": [1, 3.25, 1], "uv": [0, 54], "inflate": -0.3}
				]
			},
			{
				"name": "bone74",
				"parent": "clothes3",
				"pivot": [0, 12.45, -2.5]
			},
			{
				"name": "bone75",
				"parent": "bone74",
				"pivot": [-0.25, 14.9112, -4.26459],
				"rotation": [-5, -5, -30],
				"cubes": [
					{"origin": [-0.56175, 15.06364, -5.21573], "size": [1.5, 1.25, 1], "uv": [79, 23], "inflate": -0.4}
				]
			},
			{
				"name": "bone76",
				"parent": "bone74",
				"pivot": [0.25, 14.9112, -4.26459],
				"rotation": [-5, 5, 30],
				"cubes": [
					{"origin": [-0.93825, 15.06364, -5.21573], "size": [1.5, 1.25, 1], "uv": [79, 13], "inflate": -0.4}
				]
			},
			{
				"name": "clothes4",
				"parent": "clothes",
				"pivot": [0, 10.5, 0]
			},
			{
				"name": "bone77",
				"parent": "clothes4",
				"pivot": [0, 10.5, 0],
				"cubes": [
					{"origin": [-0.45, 12.15, 0.65], "size": [1, 2.45, 1.699], "uv": [89, 0]},
					{"origin": [-0.535, 13.635, 1.8], "size": [1.07, 1, 1], "uv": [79, 9], "inflate": -0.4}
				]
			},
			{
				"name": "bone85",
				"parent": "bone77",
				"pivot": [-3.1, 13.5, 0],
				"rotation": [0, 0, 7],
				"cubes": [
					{"origin": [-3.22187, 12.49255, -2.35], "size": [2.95, 2.5, 4.7], "uv": [0, 54]},
					{"origin": [-3.67187, 13.99255, -2.8], "size": [3.85, 1, 5.6], "uv": [12, 43], "inflate": -0.4}
				]
			},
			{
				"name": "bone86",
				"parent": "bone77",
				"pivot": [3.1, 13.5, 0],
				"rotation": [0, 0, -7],
				"cubes": [
					{"origin": [0.27187, 12.49255, -2.35], "size": [2.95, 2.5, 4.7], "uv": [53, 0]},
					{"origin": [-0.17813, 13.99255, -2.8], "size": [3.85, 1, 5.6], "uv": [41, 30], "inflate": -0.4}
				]
			},
			{
				"name": "bone78",
				"parent": "clothes4",
				"pivot": [0, 11.4, 0]
			},
			{
				"name": "bone79",
				"parent": "bone78",
				"pivot": [0, 12.9, -2.5],
				"rotation": [0, 0, -25],
				"cubes": [
					{"origin": [-0.57738, 13.30631, -3], "size": [2, 1, 1], "uv": [70, 28], "inflate": -0.4}
				]
			},
			{
				"name": "bone80",
				"parent": "bone78",
				"pivot": [0, 12.9, -2.5],
				"rotation": [0, 0, 25],
				"cubes": [
					{"origin": [-1.42262, 13.30631, -3], "size": [2, 1, 1], "uv": [70, 26], "inflate": -0.4}
				]
			},
			{
				"name": "bone81",
				"parent": "clothes4",
				"pivot": [0, 10.5, 0]
			},
			{
				"name": "bone82",
				"parent": "bone81",
				"pivot": [0, 12, -2.5],
				"rotation": [0, 0, -25],
				"cubes": [
					{"origin": [-0.57738, 12.40631, -3], "size": [2, 1, 1], "uv": [70, 70], "inflate": -0.4}
				]
			},
			{
				"name": "bone83",
				"parent": "bone81",
				"pivot": [0, 12, -2.5],
				"rotation": [0, 0, 25],
				"cubes": [
					{"origin": [-1.42262, 12.40631, -3], "size": [2, 1, 1], "uv": [44, 70], "inflate": -0.4}
				]
			},
			{
				"name": "bone88",
				"parent": "clothes4",
				"pivot": [0, 14.5, 2.1],
				"rotation": [0, 0, -43],
				"cubes": [
					{"origin": [0.182, 12.73135, 1.6], "size": [1.1, 6, 1], "uv": [62, 69], "inflate": -0.3}
				]
			},
			{
				"name": "bone89",
				"parent": "clothes4",
				"pivot": [0, 14.5, 2.1],
				"rotation": [0, 0, 43],
				"cubes": [
					{"origin": [-1.282, 12.73135, 1.6], "size": [1.1, 6, 1], "uv": [68, 33], "inflate": -0.3}
				]
			},
			{
				"name": "clothes5",
				"parent": "clothes",
				"pivot": [0, 10.5, 0]
			},
			{
				"name": "bone84",
				"parent": "clothes5",
				"pivot": [-0.05, 11.5, 0],
				"rotation": [0, 0, 25],
				"cubes": [
					{"origin": [-3.47162, 7.40631, -2.3], "size": [2.55, 5, 4.6], "uv": [49, 8]},
					{"origin": [-3.47262, 6.90631, -1.05], "size": [2.55, 5.5, 2.1], "uv": [38, 63]}
				]
			},
			{
				"name": "bone90",
				"parent": "bone84",
				"pivot": [-0.58054, 10.13238, -2],
				"rotation": [-15, 0, 0],
				"cubes": [
					{"origin": [-3.50315, 7.25781, -2.53457], "size": [3.3, 4, 2.35], "uv": [52, 59]}
				]
			},
			{
				"name": "bone91",
				"parent": "bone84",
				"pivot": [-0.58054, 10.13238, 2],
				"rotation": [15, 0, 0],
				"cubes": [
					{"origin": [-3.50315, 7.25781, 0.18457], "size": [3.3, 4, 2.35], "uv": [10, 58]}
				]
			},
			{
				"name": "bone87",
				"parent": "clothes5",
				"pivot": [0.05, 11.5, 0],
				"rotation": [0, 0, -25],
				"cubes": [
					{"origin": [0.92162, 7.40631, -2.3], "size": [2.55, 5, 4.6], "uv": [12, 49]},
					{"origin": [0.92262, 6.90631, -1.05], "size": [2.55, 5.5, 2.1], "uv": [62, 62]}
				]
			},
			{
				"name": "bone92",
				"parent": "bone87",
				"pivot": [0.58054, 10.13238, -2],
				"rotation": [-15, 0, 0],
				"cubes": [
					{"origin": [0.20315, 7.25781, -2.53457], "size": [3.3, 4, 2.35], "uv": [57, 6]}
				]
			},
			{
				"name": "bone93",
				"parent": "bone87",
				"pivot": [0.58054, 10.13238, 2],
				"rotation": [15, 0, 0],
				"cubes": [
					{"origin": [0.20315, 7.25781, 0.18457], "size": [3.3, 4, 2.35], "uv": [42, 57]}
				]
			},
			{
				"name": "bone94",
				"parent": "clothes5",
				"pivot": [0, 10.5, 0],
				"cubes": [
					{"origin": [-3.05, 8.25, -2.299], "size": [5.55, 4.25, 4.598], "uv": [20, 35]}
				]
			},
			{
				"name": "bone95",
				"parent": "bone94",
				"pivot": [1.51946, 10.48238, 2],
				"rotation": [15, 0, 0],
				"cubes": [
					{"origin": [-1.8, 7.69831, 0.70882], "size": [3.55, 4, 1.85], "uv": [64, 56]}
				]
			},
			{
				"name": "bone96",
				"parent": "bone94",
				"pivot": [1.51946, 10.48238, -2],
				"rotation": [-15, 0, 0],
				"cubes": [
					{"origin": [-1.8, 7.69831, -2.55882], "size": [3.55, 4, 1.85], "uv": [23, 43]}
				]
			},
			{
				"name": "clothes6",
				"parent": "clothes",
				"pivot": [0, -0.75, -0.7],
				"rotation": [-15, 0, 0]
			},
			{
				"name": "bone97",
				"parent": "clothes6",
				"pivot": [0, 9.75, -0.7],
				"cubes": [
					{"origin": [-2.75, 6.21593, -5.95882], "size": [5.5, 5.5, 1], "uv": [52, 27], "inflate": -0.2}
				]
			},
			{
				"name": "bone98",
				"parent": "clothes6",
				"pivot": [-2.55, 10.55, -5.5],
				"rotation": [0, 0, 15],
				"cubes": [
					{"origin": [-3, 8.18301, -5.95782], "size": [1.5, 3.5, 1], "uv": [52, 44], "inflate": -0.2}
				]
			},
			{
				"name": "bone99",
				"parent": "bone98",
				"pivot": [-2.55, 7.45, -5.5],
				"rotation": [0, 0, -36],
				"cubes": [
					{"origin": [-2.40384, 5.95177, -5.95782], "size": [1.5, 2.6, 1], "uv": [78, 20], "inflate": -0.2}
				]
			},
			{
				"name": "bone102",
				"parent": "bone99",
				"pivot": [-2.55, 5.25, -5.5],
				"rotation": [0, 0, -50],
				"cubes": [
					{"origin": [-1.8367, 2.66447, -5.95782], "size": [1.5, 3.1, 1], "uv": [12, 49], "inflate": -0.2}
				]
			},
			{
				"name": "bone100",
				"parent": "clothes6",
				"pivot": [2.55, 10.55, -5.5],
				"rotation": [0, 0, -15],
				"cubes": [
					{"origin": [1.5, 8.18301, -5.95782], "size": [1.5, 3.5, 1], "uv": [20, 49], "inflate": -0.2}
				]
			},
			{
				"name": "bone101",
				"parent": "bone100",
				"pivot": [2.55, 7.45, -5.5],
				"rotation": [0, 0, 36],
				"cubes": [
					{"origin": [0.90384, 5.95177, -5.95782], "size": [1.5, 2.6, 1], "uv": [73, 78], "inflate": -0.2}
				]
			},
			{
				"name": "bone103",
				"parent": "bone101",
				"pivot": [2.55, 5.25, -5.5],
				"rotation": [0, 0, 50],
				"cubes": [
					{"origin": [0.3367, 2.66447, -5.95782], "size": [1.5, 3.1, 1], "uv": [38, 38], "inflate": -0.2}
				]
			},
			{
				"name": "bone104",
				"parent": "clothes6",
				"pivot": [-1.25, 9.34166, 0.4941],
				"rotation": [35, 0, 10],
				"cubes": [
					{"origin": [-2.91773, 6.26933, 0.3277], "size": [2.5, 7, 1], "uv": [64, 42], "inflate": -0.3}
				]
			},
			{
				"name": "bone105",
				"parent": "clothes6",
				"pivot": [1.25, 9.34166, 0.4941],
				"rotation": [35, 0, -10],
				"cubes": [
					{"origin": [0.41773, 6.26933, 0.3277], "size": [2.5, 7, 1], "uv": [64, 25], "inflate": -0.3}
				]
			},
			{
				"name": "legRight",
				"pivot": [-2, 9, 0],
				"cubes": [
					{"origin": [-3.499, 1, -1.5], "size": [3, 9, 3], "uv": [0, 42]},
					{"origin": [-3.749, 0, -1.75], "size": [3.5, 1, 3.5], "uv": [30, 57]}
				]
			},
			{
				"name": "bone107",
				"parent": "legRight",
				"pivot": [-2, 8, 0]
			},
			{
				"name": "bone106",
				"parent": "bone107",
				"pivot": [-3.5, 5.125, 1.5],
				"rotation": [-5, 0, -5],
				"cubes": [
					{"origin": [-3.5, 5, 0], "size": [1.5, 1.75, 1.5], "uv": [79, 5]}
				]
			},
			{
				"name": "bone108",
				"parent": "bone107",
				"pivot": [-0.5, 5.125, 1.5],
				"rotation": [-5, 0, 5],
				"cubes": [
					{"origin": [-2, 5, 0], "size": [1.5, 1.75, 1.5], "uv": [79, 0]}
				]
			},
			{
				"name": "bone109",
				"parent": "bone107",
				"pivot": [-3.5, 5.125, -1.5],
				"rotation": [5, 0, -5],
				"cubes": [
					{"origin": [-3.5, 5, -1.5], "size": [1.5, 1.75, 1.5], "uv": [69, 79]}
				]
			},
			{
				"name": "bone110",
				"parent": "bone107",
				"pivot": [-0.5, 5.125, -1.5],
				"rotation": [5, 0, 5],
				"cubes": [
					{"origin": [-2, 5, -1.5], "size": [1.5, 1.75, 1.5], "uv": [61, 79]}
				]
			},
			{
				"name": "legLeft",
				"pivot": [2, 9, 0],
				"cubes": [
					{"origin": [0.499, 1, -1.5], "size": [3, 9, 3], "uv": [41, 0]},
					{"origin": [0.249, 0, -1.75], "size": [3.5, 1, 3.5], "uv": [16, 24]}
				]
			},
			{
				"name": "bone111",
				"parent": "legLeft",
				"pivot": [2, 8, 0]
			},
			{
				"name": "bone112",
				"parent": "bone111",
				"pivot": [3.5, 5.125, 1.5],
				"rotation": [-5, 0, 5],
				"cubes": [
					{"origin": [2, 5, 0], "size": [1.5, 1.75, 1.5], "uv": [45, 79]}
				]
			},
			{
				"name": "bone113",
				"parent": "bone111",
				"pivot": [0.5, 5.125, 1.5],
				"rotation": [-5, 0, -5],
				"cubes": [
					{"origin": [0.5, 5, 0], "size": [1.5, 1.75, 1.5], "uv": [41, 79]}
				]
			},
			{
				"name": "bone114",
				"parent": "bone111",
				"pivot": [3.5, 5.125, -1.5],
				"rotation": [5, 0, 5],
				"cubes": [
					{"origin": [2, 5, -1.5], "size": [1.5, 1.75, 1.5], "uv": [35, 79]}
				]
			},
			{
				"name": "bone115",
				"parent": "bone111",
				"pivot": [0.5, 5.125, -1.5],
				"rotation": [5, 0, -5],
				"cubes": [
					{"origin": [0.5, 5, -1.5], "size": [1.5, 1.75, 1.5], "uv": [8, 79]}
				]
			}
		]
	}
}