{
	"format_version": "1.10.0",
	"geometry.model": {
		"texturewidth": 128,
		"textureheight": 128,
		"visible_bounds_width": 3,
		"visible_bounds_height": 2,
		"visible_bounds_offset": [0, 0, 0],
		"bones": [
			{
				"name": "head",
				"pivot": [0, 18, 0],
				"cubes": [
					{"origin": [-4, 20, -4], "size": [8, 8, 8], "uv": [0, 16]},
					{"origin": [-3.5, 20.5, -4.5], "size": [7, 7, 9], "uv": [0, 0]},
					{"origin": [-4.5, 20.5, -3.5], "size": [9, 7, 7], "uv": [25, 25]},
					{"origin": [-3.5, 23.5, -3.5], "size": [7, 5, 7], "uv": [25, 9]}
				]
			},
			{
				"name": "blink",
				"parent": "head",
				"pivot": [0, 18, 0],
				"cubes": [
					{"origin": [-4, 20, -4.001], "size": [8, 8, 0], "uv": [18, 57]}
				]
			},
			{
				"name": "jiao",
				"parent": "head",
				"pivot": [0, 17.5, 0]
			},
			{
				"name": "jiao1",
				"parent": "jiao",
				"pivot": [0.5625, 13.4375, 12.125],
				"rotation": [40, 0, -5],
				"cubes": [
					{"origin": [-1.07569, 33.52626, 8.03068], "size": [1, 3, 1], "uv": [40, 71]}
				]
			},
			{
				"name": "bone18",
				"parent": "jiao1",
				"pivot": [-0.25, 35, 6.75],
				"rotation": [-10, 0, 0],
				"cubes": [
					{"origin": [-1.07569, 32.72546, 7.74619], "size": [1, 4, 1], "uv": [69, 36]}
				]
			},
			{
				"name": "bone19",
				"parent": "jiao1",
				"pivot": [-0.25, 35, 6.75],
				"rotation": [-30, 0, 0],
				"cubes": [
					{"origin": [-1.07569, 36.96212, 7.09597], "size": [1, 3, 0.5], "uv": [94, 1]}
				]
			},
			{
				"name": "bone20",
				"parent": "jiao1",
				"pivot": [-0.75, 37.3, 8.65],
				"rotation": [-20, 0, 0],
				"cubes": [
					{"origin": [-1.07569, 36.23038, 8.83599], "size": [1, 3, 0.5], "uv": [94, 1]}
				]
			},
			{
				"name": "jiao2",
				"parent": "jiao",
				"pivot": [-0.5625, 13.4375, 12.125],
				"rotation": [40, 0, 5],
				"cubes": [
					{"origin": [0.07569, 33.52626, 8.03068], "size": [1, 3, 1], "uv": [36, 71]}
				]
			},
			{
				"name": "bone22",
				"parent": "jiao2",
				"pivot": [0.25, 35, 6.75],
				"rotation": [-10, 0, 0],
				"cubes": [
					{"origin": [0.07569, 32.72546, 7.74619], "size": [1, 4, 1], "uv": [20, 69]}
				]
			},
			{
				"name": "bone23",
				"parent": "jiao2",
				"pivot": [0.25, 35, 6.75],
				"rotation": [-30, 0, 0],
				"cubes": [
					{"origin": [0.07569, 36.96212, 7.09597], "size": [1, 3, 0.5], "uv": [94, 1]}
				]
			},
			{
				"name": "bone24",
				"parent": "jiao2",
				"pivot": [0.75, 37.3, 8.65],
				"rotation": [-20, 0, 0],
				"cubes": [
					{"origin": [0.07569, 36.23038, 8.83599], "size": [1, 3, 0.5], "uv": [96, 2]}
				]
			},
			{
				"name": "hair",
				"parent": "head",
				"pivot": [0, 18, 0]
			},
			{
				"name": "hair4",
				"parent": "hair",
				"pivot": [0, 18, 0]
			},
			{
				"name": "hair2",
				"parent": "hair4",
				"pivot": [-3.525, 17.5, -3.625],
				"rotation": [-10, 0, 10],
				"cubes": [
					{"origin": [-4.7473, 16.93969, -4.59202], "size": [1.5, 5, 1.5], "uv": [16, 69]}
				]
			},
			{
				"name": "hair3",
				"parent": "hair4",
				"pivot": [3.525, 17.5, -3.625],
				"rotation": [-10, 0, -10],
				"cubes": [
					{"origin": [3.2473, 16.93969, -4.59202], "size": [1.5, 5, 1.5], "uv": [58, 67]}
				]
			},
			{
				"name": "hair5",
				"parent": "hair",
				"pivot": [-2.75, 22, 2.5],
				"rotation": [-80, 0, -40]
			},
			{
				"name": "bone17",
				"parent": "hair5",
				"pivot": [1, 19, -5.25],
				"cubes": [
					{"origin": [-1.71442, 23.26604, -1.00881], "size": [1.75, 1.25, 1.25], "uv": [74, 64]}
				]
			},
			{
				"name": "bone21",
				"parent": "hair5",
				"pivot": [-3, 23.5, 1.75],
				"rotation": [0, 25, 0],
				"cubes": [
					{"origin": [-1.19722, 23.26604, 0.92586], "size": [1.75, 1.25, 3.5], "uv": [67, 50]}
				]
			},
			{
				"name": "hair6",
				"parent": "hair",
				"pivot": [2.75, 22, 2.5],
				"rotation": [-80, 0, 40]
			},
			{
				"name": "bone25",
				"parent": "hair6",
				"pivot": [-1, 19, -5.25],
				"cubes": [
					{"origin": [-0.03558, 23.26604, -1.00881], "size": [1.75, 1.25, 1.25], "uv": [74, 60]}
				]
			},
			{
				"name": "bone26",
				"parent": "hair6",
				"pivot": [3, 23.5, 1.75],
				"rotation": [0, -25, 0],
				"cubes": [
					{"origin": [-0.55278, 23.26604, 0.92586], "size": [1.75, 1.25, 3.5], "uv": [67, 46]}
				]
			},
			{
				"name": "hair7",
				"parent": "hair",
				"pivot": [-0.2, 22.75, 5.5],
				"rotation": [10, 0, 10]
			},
			{
				"name": "bone27",
				"parent": "hair7",
				"pivot": [-0.2, 18, -2],
				"cubes": [
					{"origin": [-1.2973, 19.93969, 5.09202], "size": [1.5, 7, 1.25], "uv": [54, 67]},
					{"origin": [-2.4473, 17.28969, 5.09202], "size": [3.8, 3, 1.25], "uv": [46, 67]}
				]
			},
			{
				"name": "bone28",
				"parent": "hair7",
				"pivot": [0.55, 25, 5.5],
				"rotation": [0, 0, -10],
				"cubes": [
					{"origin": [-0.9552, 20.22053, 5.09202], "size": [1.5, 6.75, 1.25], "uv": [50, 24]}
				]
			},
			{
				"name": "bone29",
				"parent": "hair7",
				"pivot": [-0.95, 25, 5.5],
				"rotation": [0, 0, 12],
				"cubes": [
					{"origin": [-1.44299, 20.0751, 5.09202], "size": [1.25, 6.75, 1.25], "uv": [21, 32]}
				]
			},
			{
				"name": "bone30",
				"parent": "hair7",
				"pivot": [-0.3, 15.36736, 5.80152],
				"rotation": [-10, 3, 15],
				"cubes": [
					{"origin": [-2.02763, 14.71066, 4.63332], "size": [1.8, 3, 1.25], "uv": [32, 71]}
				]
			},
			{
				"name": "bone31",
				"parent": "bone30",
				"pivot": [0.62662, 12.90234, 5.64987],
				"rotation": [0, 0, 18],
				"cubes": [
					{"origin": [-2.54462, 14.35818, 4.63332], "size": [1.8, 3.15, 1.25], "uv": [70, 63]}
				]
			},
			{
				"name": "bone32",
				"parent": "bone30",
				"pivot": [-2.02338, 14.90234, 5.64987],
				"rotation": [0, 0, -10],
				"cubes": [
					{"origin": [-2.54967, 13.65839, 4.63332], "size": [1.3, 3.25, 1.25], "uv": [70, 41]}
				]
			},
			{
				"name": "bone33",
				"parent": "bone30",
				"pivot": [0.62662, 12.90234, 5.39987],
				"rotation": [0, 0, 25],
				"cubes": [
					{"origin": [-1.91192, 10.68524, 4.63332], "size": [1, 3.5, 1.25], "uv": [70, 70]}
				]
			},
			{
				"name": "bone34",
				"parent": "bone33",
				"pivot": [-0.41253, 9.54971, 5.39987],
				"rotation": [0, 0, -14],
				"cubes": [
					{"origin": [-1.56217, 11.1484, 4.63332], "size": [1, 3.5, 1.25], "uv": [28, 70]}
				]
			},
			{
				"name": "bone35",
				"parent": "bone33",
				"pivot": [1.62662, 15.90234, 5.39987]
			},
			{
				"name": "bone36",
				"parent": "bone35",
				"pivot": [-0.37338, 9.40234, 5.39987],
				"rotation": [0, 0, -25],
				"cubes": [
					{"origin": [-1.22773, 9.21569, 4.63332], "size": [1, 2, 1.25], "uv": [8, 74]}
				]
			},
			{
				"name": "fashi",
				"parent": "head",
				"pivot": [0, 18, 0],
				"cubes": [
					{"origin": [-1, 23.25, 3.75], "size": [2, 2.25, 2.25], "uv": [67, 11]}
				]
			},
			{
				"name": "bone38",
				"parent": "fashi",
				"pivot": [0, 23.5, 5.5],
				"rotation": [10, 0, 0],
				"cubes": [
					{"origin": [-0.5, 24.21962, 5.3473], "size": [1, 2, 1], "uv": [4, 74]}
				]
			},
			{
				"name": "bone37",
				"parent": "fashi",
				"pivot": [0, 18, -1]
			},
			{
				"name": "bone39",
				"parent": "bone37",
				"pivot": [-8.25, 13.625, 1.75],
				"rotation": [0, 0, 50],
				"cubes": [
					{"origin": [-11.53209, 24.53558, 4], "size": [7.75, 3, 1], "uv": [0, 58], "inflate": -0.25}
				]
			},
			{
				"name": "bone40",
				"parent": "bone39",
				"pivot": [-9.75, 26, 4.4],
				"rotation": [0, 0, -25],
				"cubes": [
					{"origin": [-10.84524, 25.06262, 3.9], "size": [6.25, 3, 1], "uv": [61, 24], "inflate": -0.25}
				]
			},
			{
				"name": "bone41",
				"parent": "bone37",
				"pivot": [8.25, 13.625, 1.75],
				"rotation": [0, 0, -50],
				"cubes": [
					{"origin": [3.78209, 24.53558, 4], "size": [7.75, 3, 1], "uv": [12, 49], "inflate": -0.25}
				]
			},
			{
				"name": "bone42",
				"parent": "bone41",
				"pivot": [9.75, 26, 4.4],
				"rotation": [0, 0, 25],
				"cubes": [
					{"origin": [4.59524, 25.06262, 3.9], "size": [6.25, 3, 1], "uv": [32, 21], "inflate": -0.25}
				]
			},
			{
				"name": "bone43",
				"parent": "fashi",
				"pivot": [0.95, 15.5, 5.4],
				"rotation": [5, 0, -8],
				"cubes": [
					{"origin": [0.72835, 10.473, 5.57262], "size": [1, 14, 0], "uv": [36, 57]}
				]
			},
			{
				"name": "bone44",
				"parent": "bone43",
				"pivot": [-1.03054, 15.77835, 5.4],
				"rotation": [0, 0, 17],
				"cubes": [
					{"origin": [-1.8412, 10.74652, 5.57262], "size": [1, 14, 0], "uv": [34, 57]}
				]
			},
			{
				"name": "ear",
				"parent": "head",
				"pivot": [0, 18, 0]
			},
			{
				"name": "ear2",
				"parent": "ear",
				"pivot": [-4.625, 11, -0.25],
				"rotation": [0, 0, 10],
				"cubes": [
					{"origin": [-9.0973, 23.46962, -1], "size": [2.5, 1, 1], "uv": [63, 36]}
				]
			},
			{
				"name": "bone45",
				"parent": "ear2",
				"pivot": [-8.75, 21.5, -0.5],
				"rotation": [0, 0, 20],
				"cubes": [
					{"origin": [-9.75, 23.23205, -1], "size": [2.75, 1, 1], "uv": [62, 59]}
				]
			},
			{
				"name": "ear3",
				"parent": "ear",
				"pivot": [4.625, 11, -0.25],
				"rotation": [0, 0, -10],
				"cubes": [
					{"origin": [6.5973, 23.46962, -1], "size": [2.5, 1, 1], "uv": [61, 46]}
				]
			},
			{
				"name": "bone46",
				"parent": "ear3",
				"pivot": [8.75, 21.5, -0.5],
				"rotation": [0, 0, -20],
				"cubes": [
					{"origin": [7, 23.23205, -1], "size": [2.75, 1, 1], "uv": [59, 55]}
				]
			},
			{
				"name": "bone51",
				"parent": "head",
				"pivot": [0, 18, 0]
			},
			{
				"name": "armRight",
				"pivot": [-2, 17.5, 0],
				"rotation": [0, 0, 25],
				"cubes": [
					{"origin": [-4.84524, 10.31262, -1], "size": [2, 8, 2], "uv": [62, 62]},
					{"origin": [-5.09524, 11.31262, -1.25], "size": [2.5, 5, 2.5], "uv": [82, 0]},
					{"origin": [-5.34524, 14.31262, -1.5], "size": [3, 1, 3], "uv": [16, 65]}
				]
			},
			{
				"name": "bone47",
				"parent": "armRight",
				"pivot": [-0.10307, 3.69885, 1.25],
				"rotation": [5, 0, -5],
				"cubes": [
					{"origin": [-4.6216, 6.1915, 1.6638], "size": [3.5, 9, 1], "uv": [8, 62], "inflate": -0.25}
				]
			},
			{
				"name": "bone48",
				"parent": "bone47",
				"pivot": [-3.16857, 13.07842, 2.1],
				"rotation": [0, 0, 20],
				"cubes": [
					{"origin": [-4.72069, 6.59463, 1.7638], "size": [3.25, 8.25, 1], "uv": [64, 0], "inflate": -0.25}
				]
			},
			{
				"name": "bone102",
				"parent": "armRight",
				"pivot": [-4.24279, 9.52956, 0.125],
				"rotation": [0, 0, 25],
				"cubes": [
					{"origin": [-7.13209, 10.78558, -1.25], "size": [1.35, 3, 2.5], "uv": [80, 16]}
				]
			},
			{
				"name": "bone103",
				"parent": "armRight",
				"pivot": [-2, 17.5, 0]
			},
			{
				"name": "bone104",
				"parent": "bone103",
				"pivot": [-4.5707, 12.6209, 0.5],
				"rotation": [15, -5, 10],
				"cubes": [
					{"origin": [-6.21349, 13.67751, 0.5206], "size": [1, 1, 1], "uv": [27, 74]}
				]
			},
			{
				"name": "bone105",
				"parent": "bone103",
				"pivot": [-4.48007, 12.66316, -0.5],
				"rotation": [-15, 5, 10],
				"cubes": [
					{"origin": [-6.12286, 13.71977, -1.5206], "size": [1, 1, 1], "uv": [23, 74]}
				]
			},
			{
				"name": "armLeft",
				"pivot": [2, 17.5, 0],
				"rotation": [0, 0, -25],
				"cubes": [
					{"origin": [2.84524, 10.31262, -1], "size": [2, 8, 2], "uv": [0, 62]},
					{"origin": [2.59524, 11.31262, -1.25], "size": [2.5, 5, 2.5], "uv": [81, 40]},
					{"origin": [2.34524, 14.31262, -1.5], "size": [3, 1, 3], "uv": [63, 32]}
				]
			},
			{
				"name": "bone49",
				"parent": "armLeft",
				"pivot": [0.10307, 3.69885, 1.25],
				"rotation": [5, 0, 5],
				"cubes": [
					{"origin": [1.1216, 6.1915, 1.6638], "size": [3.5, 9, 1], "uv": [59, 11], "inflate": -0.25}
				]
			},
			{
				"name": "bone50",
				"parent": "bone49",
				"pivot": [3.16857, 13.07842, 2.1],
				"rotation": [0, 0, -20],
				"cubes": [
					{"origin": [1.47069, 6.59463, 1.7638], "size": [3.25, 8.25, 1], "uv": [0, 0], "inflate": -0.25}
				]
			},
			{
				"name": "bone106",
				"parent": "armLeft",
				"pivot": [4.24279, 9.52956, 0.125],
				"rotation": [0, 0, -25],
				"cubes": [
					{"origin": [5.78209, 10.78558, -1.25], "size": [1.35, 3, 2.5], "uv": [80, 58]}
				]
			},
			{
				"name": "bone107",
				"parent": "armLeft",
				"pivot": [2, 17.5, 0]
			},
			{
				"name": "bone108",
				"parent": "bone107",
				"pivot": [4.5707, 12.6209, 0.5],
				"rotation": [15, 5, -10],
				"cubes": [
					{"origin": [5.21349, 13.67751, 0.5206], "size": [1, 1, 1], "uv": [73, 69]}
				]
			},
			{
				"name": "bone109",
				"parent": "bone107",
				"pivot": [4.48007, 12.66316, -0.5],
				"rotation": [-15, -5, -10],
				"cubes": [
					{"origin": [5.12286, 13.71977, -1.5206], "size": [1, 1, 1], "uv": [73, 62]}
				]
			},
			{
				"name": "body",
				"pivot": [0, 10.5, 0],
				"cubes": [
					{"origin": [-3, 13.999, -3], "size": [6, 6, 6], "uv": [43, 43]},
					{"origin": [-3.25, 15.75, -3.25], "size": [6.5, 2.25, 6.5], "uv": [46, 3]},
					{"origin": [-3.5, 13.25, -3.5], "size": [7, 2.5, 7], "uv": [0, 32]},
					{"origin": [-3.75, 10.5, -3.75], "size": [7.5, 2.75, 7.5], "uv": [23, 0]}
				]
			},
			{
				"name": "chest",
				"parent": "body",
				"pivot": [0, 14.8, -3],
				"rotation": [-20, 0, 0],
				"cubes": [
					{"origin": [-2.5, 16.67939, -4.68404], "size": [5, 1, 1], "uv": [50, 0]}
				]
			},
			{
				"name": "decoration",
				"parent": "chest",
				"pivot": [0, 8.8342, -0.90603]
			},
			{
				"name": "bone52",
				"parent": "decoration",
				"pivot": [0, 16.3342, -4.40603],
				"rotation": [-10, 15, -20],
				"cubes": [
					{"origin": [0.68913, 17.05808, -4.79969], "size": [2, 1, 0], "uv": [4, 23]}
				]
			},
			{
				"name": "bone54",
				"parent": "decoration",
				"pivot": [0, 16.3342, -4.40603],
				"rotation": [-10, -15, 20],
				"cubes": [
					{"origin": [-2.68913, 17.05808, -4.79969], "size": [2, 1, 0], "uv": [0, 23]}
				]
			},
			{
				"name": "bone56",
				"parent": "decoration",
				"pivot": [0, 15.3342, -4.40603],
				"rotation": [-10, 0, -20],
				"cubes": [
					{"origin": [0.48479, 14.95304, -5.13555], "size": [1, 3, 0], "uv": [34, 49]}
				]
			},
			{
				"name": "bone57",
				"parent": "decoration",
				"pivot": [0, 15.3342, -4.40603],
				"rotation": [-10, 0, 20],
				"cubes": [
					{"origin": [-1.48479, 14.95304, -5.13555], "size": [1, 3, 0], "uv": [42, 39]}
				]
			},
			{
				"name": "bone58",
				"parent": "chest",
				"pivot": [-0.5, -0.7, -0.5],
				"rotation": [-20, 0, 0],
				"cubes": [
					{"origin": [-2.5, 15.13995, -10.71784], "size": [5, 1, 1], "uv": [34, 47]}
				]
			},
			{
				"name": "bone59",
				"parent": "chest",
				"pivot": [0, 14.8, -4],
				"rotation": [-30, 0, 0],
				"cubes": [
					{"origin": [-2.5, 16.08558, -5.53209], "size": [5, 1, 1], "uv": [46, 11]}
				]
			},
			{
				"name": "clothes",
				"parent": "body",
				"pivot": [0, 10.5, 0],
				"cubes": [
					{"origin": [-3.6, 14.5, -3.6], "size": [7.2, 1.75, 7.2], "uv": [0, 41]},
					{"origin": [-3.95, 14.8, -3.95], "size": [7.9, 1, 7.9], "uv": [21, 39], "inflate": -0.25}
				]
			},
			{
				"name": "bone53",
				"parent": "clothes",
				"pivot": [-2.875, 14.25, 0],
				"rotation": [0, 0, 40],
				"cubes": [
					{"origin": [-5.50825, 16.95196, -3.15], "size": [3.25, 3, 6.3], "uv": [51, 33]}
				]
			},
			{
				"name": "bone55",
				"parent": "clothes",
				"pivot": [0.625, 16.5, 0],
				"rotation": [0, 0, -40],
				"cubes": [
					{"origin": [0.28558, 16.03209, -3.15], "size": [3.25, 3, 6.3], "uv": [0, 49]}
				]
			},
			{
				"name": "bone60",
				"parent": "clothes",
				"pivot": [-0.5, 10.5, 0]
			},
			{
				"name": "bone61",
				"parent": "bone60",
				"pivot": [1.5, 12.75, -3.5],
				"rotation": [-10, 0, -20],
				"cubes": [
					{"origin": [1.68404, 14.10083, -4.32635], "size": [1, 1, 1], "uv": [74, 53]}
				]
			},
			{
				"name": "bone62",
				"parent": "bone60",
				"pivot": [0.5, 12.75, -3.4],
				"rotation": [-10, 0, 20],
				"cubes": [
					{"origin": [-0.68404, 14.10083, -4.22635], "size": [1, 1, 1], "uv": [74, 42]}
				]
			},
			{
				"name": "bone63",
				"parent": "bone60",
				"pivot": [-2.0375, 5.875, -2.05],
				"rotation": [-5, -5, 30],
				"cubes": [
					{"origin": [-4.84619, 11.98306, -4.66413], "size": [1.75, 3, 1], "uv": [24, 70], "inflate": -0.25}
				]
			},
			{
				"name": "bone64",
				"parent": "bone63",
				"pivot": [-3.475, 11.75, -3.85],
				"rotation": [0, 0, 20],
				"cubes": [
					{"origin": [-5.87886, 12.03782, -4.41413], "size": [1.75, 2.5, 1], "uv": [73, 39], "inflate": -0.25}
				]
			},
			{
				"name": "bone65",
				"parent": "bone60",
				"pivot": [4.0375, 5.875, -2.05],
				"rotation": [-5, 5, -30],
				"cubes": [
					{"origin": [5.09619, 11.98306, -4.66413], "size": [1.75, 3, 1], "uv": [30, 65], "inflate": -0.25}
				]
			},
			{
				"name": "bone66",
				"parent": "bone65",
				"pivot": [5.475, 11.75, -3.85],
				"rotation": [0, 0, -20],
				"cubes": [
					{"origin": [6.12886, 12.03782, -4.41413], "size": [1.75, 2.5, 1], "uv": [73, 36], "inflate": -0.25}
				]
			},
			{
				"name": "bone67",
				"parent": "bone60",
				"pivot": [0.25, 9.25, -3.95],
				"rotation": [-5, 0, 15],
				"cubes": [
					{"origin": [-0.76764, 8.6745, -4.11837], "size": [1, 5, 0], "uv": [16, 58]}
				]
			},
			{
				"name": "bone68",
				"parent": "bone60",
				"pivot": [1.75, 9.25, -3.95],
				"rotation": [-5, 0, -15],
				"cubes": [
					{"origin": [1.76764, 8.6745, -4.11837], "size": [1, 5, 0], "uv": [54, 24]}
				]
			},
			{
				"name": "bone69",
				"parent": "clothes",
				"pivot": [0, 10.5, 0],
				"cubes": [
					{"origin": [-1.35, 9.5, -3.75], "size": [2.7, 1.75, 7.5], "uv": [50, 24]},
					{"origin": [-1.35, 9.65, -4.05], "size": [2.7, 1, 8.1], "uv": [92, 7], "inflate": -0.25}
				]
			},
			{
				"name": "bone70",
				"parent": "bone69",
				"pivot": [-2.9, 9.45, 0],
				"rotation": [0, 0, 15],
				"cubes": [
					{"origin": [-4.66764, 9.88185, -3.8], "size": [3.25, 3, 7.6], "uv": [21, 47]}
				]
			},
			{
				"name": "bone71",
				"parent": "bone69",
				"pivot": [2.9, 9.45, 0],
				"rotation": [0, 0, -15],
				"cubes": [
					{"origin": [1.41764, 9.88185, -3.8], "size": [3.25, 3, 7.6], "uv": [46, 14]}
				]
			},
			{
				"name": "bone72",
				"parent": "clothes",
				"pivot": [0, 10.5, 0]
			},
			{
				"name": "bone73",
				"parent": "bone72",
				"pivot": [0, 13.5, 3.75],
				"rotation": [10, 0, 0],
				"cubes": [
					{"origin": [-0.5, 14.96962, 3.5973], "size": [1, 1, 1.1], "uv": [74, 27]}
				]
			},
			{
				"name": "bone81",
				"parent": "bone73",
				"pivot": [-0.7, 14.3, 3.85],
				"rotation": [0, 0, 40],
				"cubes": [
					{"origin": [-2.96604, 15.05881, 3.7973], "size": [2, 1.25, 1], "uv": [0, 46], "inflate": -0.25}
				]
			},
			{
				"name": "bone82",
				"parent": "bone81",
				"pivot": [-2.7, 13.55, 4.05],
				"rotation": [0, 0, 55],
				"cubes": [
					{"origin": [-5.0143, 13.22585, 3.7473], "size": [1.25, 2, 1], "uv": [72, 45], "inflate": -0.25}
				]
			},
			{
				"name": "bone83",
				"parent": "bone82",
				"pivot": [-2.80218, 13.64752, 4.05],
				"rotation": [0, 0, 40],
				"cubes": [
					{"origin": [-4.44491, 12.00479, 3.6973], "size": [2, 1.25, 1], "uv": [42, 43], "inflate": -0.25}
				]
			},
			{
				"name": "bone84",
				"parent": "bone83",
				"pivot": [-1.30218, 13.64752, 4.05],
				"rotation": [0, 0, 35],
				"cubes": [
					{"origin": [-2.6442, 11.45782, 3.6473], "size": [1.25, 2, 1], "uv": [72, 32], "inflate": -0.25}
				]
			},
			{
				"name": "bone85",
				"parent": "bone84",
				"pivot": [-1.30218, 15.14752, 4.05],
				"rotation": [0, 0, 50],
				"cubes": [
					{"origin": [-1.78614, 12.6387, 3.5973], "size": [2, 1.25, 1], "uv": [0, 37], "inflate": -0.25}
				]
			},
			{
				"name": "bone86",
				"parent": "bone85",
				"pivot": [-2.80218, 15.14752, 4.05],
				"rotation": [5, 0, 30],
				"cubes": [
					{"origin": [-1.20135, 12.69616, 3.48726], "size": [1.25, 2, 1], "uv": [72, 6], "inflate": -0.25}
				]
			},
			{
				"name": "bone87",
				"parent": "bone86",
				"pivot": [-2.80218, 13.64752, 3.85],
				"rotation": [0, -5, 65],
				"cubes": [
					{"origin": [-1.6147, 14.77854, 3.3126], "size": [2, 1.25, 1], "uv": [23, 5], "inflate": -0.25}
				]
			},
			{
				"name": "bone74",
				"parent": "bone73",
				"pivot": [0.7, 14.3, 3.85],
				"rotation": [0, 0, -40],
				"cubes": [
					{"origin": [0.96604, 15.05881, 3.7973], "size": [2, 1.25, 1], "uv": [47, 55], "inflate": -0.25}
				]
			},
			{
				"name": "bone75",
				"parent": "bone74",
				"pivot": [2.7, 13.55, 4.05],
				"rotation": [0, 0, -55],
				"cubes": [
					{"origin": [3.7643, 13.22585, 3.7473], "size": [1.25, 2, 1], "uv": [73, 21], "inflate": -0.25}
				]
			},
			{
				"name": "bone76",
				"parent": "bone75",
				"pivot": [2.80218, 13.64752, 4.05],
				"rotation": [0, 0, -40],
				"cubes": [
					{"origin": [2.44491, 12.00479, 3.6973], "size": [2, 1.25, 1], "uv": [12, 53], "inflate": -0.25}
				]
			},
			{
				"name": "bone77",
				"parent": "bone76",
				"pivot": [1.30218, 13.64752, 4.05],
				"rotation": [0, 0, -35],
				"cubes": [
					{"origin": [1.3942, 11.45782, 3.6473], "size": [1.25, 2, 1], "uv": [73, 73], "inflate": -0.25}
				]
			},
			{
				"name": "bone78",
				"parent": "bone77",
				"pivot": [1.30218, 15.14752, 4.05],
				"rotation": [0, 0, -50],
				"cubes": [
					{"origin": [-0.21386, 12.6387, 3.5973], "size": [2, 1.25, 1], "uv": [0, 53], "inflate": -0.25}
				]
			},
			{
				"name": "bone79",
				"parent": "bone78",
				"pivot": [2.80218, 15.14752, 4.05],
				"rotation": [5, 0, -30],
				"cubes": [
					{"origin": [-0.04865, 12.69616, 3.48726], "size": [1.25, 2, 1], "uv": [72, 50], "inflate": -0.25}
				]
			},
			{
				"name": "bone80",
				"parent": "bone79",
				"pivot": [2.80218, 13.64752, 3.85],
				"rotation": [0, 5, -65],
				"cubes": [
					{"origin": [-0.3853, 14.77854, 3.3126], "size": [2, 1.25, 1], "uv": [46, 13], "inflate": -0.25}
				]
			},
			{
				"name": "bone88",
				"parent": "clothes",
				"pivot": [0, 10.5, 0.75]
			},
			{
				"name": "bone89",
				"parent": "bone88",
				"pivot": [-1.3125, 6.125, 2.825],
				"rotation": [10, 0, 15],
				"cubes": [
					{"origin": [-3.26764, 13.1525, 4.78546], "size": [1.25, 2, 1], "uv": [72, 3], "inflate": -0.25}
				]
			},
			{
				"name": "bone90",
				"parent": "bone89",
				"pivot": [-1.725, 11.5, 5.2],
				"rotation": [0, 0, 10],
				"cubes": [
					{"origin": [-3.59014, 11.53371, 4.73546], "size": [1.25, 2, 1], "uv": [72, 0], "inflate": -0.25}
				]
			},
			{
				"name": "bone91",
				"parent": "bone90",
				"pivot": [-1.75, 10, 4.9],
				"rotation": [0, 0, -165],
				"cubes": [
					{"origin": [-0.72683, 8.24451, 4.68546], "size": [1.25, 2, 1], "uv": [65, 72], "inflate": -0.25},
					{"origin": [-0.82683, 9.74451, 4.58546], "size": [1.45, 1.35, 1.2], "uv": [74, 14], "inflate": -0.25}
				]
			},
			{
				"name": "bone92",
				"parent": "bone91",
				"pivot": [-1.50897, 12.98205, 4.85],
				"rotation": [0, 0, -15],
				"cubes": [
					{"origin": [-1.29383, 10.19834, 4.68546], "size": [1.25, 1.75, 1], "uv": [68, 74], "inflate": -0.25}
				]
			},
			{
				"name": "bone93",
				"parent": "bone88",
				"pivot": [1.3125, 6.125, 2.825],
				"rotation": [10, 0, -15],
				"cubes": [
					{"origin": [2.01764, 13.1525, 4.78546], "size": [1.25, 2, 1], "uv": [61, 72], "inflate": -0.25}
				]
			},
			{
				"name": "bone94",
				"parent": "bone93",
				"pivot": [1.725, 11.5, 5.2],
				"rotation": [0, 0, -10],
				"cubes": [
					{"origin": [2.34014, 11.53371, 4.73546], "size": [1.25, 2, 1], "uv": [67, 15], "inflate": -0.25}
				]
			},
			{
				"name": "bone95",
				"parent": "bone94",
				"pivot": [1.75, 10, 4.9],
				"rotation": [0, 0, 165],
				"cubes": [
					{"origin": [-0.52317, 8.24451, 4.68546], "size": [1.25, 2, 1], "uv": [39, 49], "inflate": -0.25},
					{"origin": [-0.62317, 9.74451, 4.58546], "size": [1.45, 1.35, 1.2], "uv": [57, 74], "inflate": -0.25}
				]
			},
			{
				"name": "bone96",
				"parent": "bone95",
				"pivot": [1.50897, 12.98205, 4.85],
				"rotation": [0, 0, 15],
				"cubes": [
					{"origin": [0.04383, 10.19834, 4.68546], "size": [1.25, 1.75, 1], "uv": [51, 74], "inflate": -0.25}
				]
			},
			{
				"name": "bone97",
				"parent": "clothes",
				"pivot": [0, 10.5, 0]
			},
			{
				"name": "bone98",
				"parent": "bone97",
				"pivot": [2.75, 5.375, 2.125],
				"rotation": [5, 0, -35],
				"cubes": [
					{"origin": [4.89715, 11.38207, 3.89279], "size": [2, 4, 1], "uv": [21, 41], "inflate": -0.25}
				]
			},
			{
				"name": "bone99",
				"parent": "bone98",
				"pivot": [5.5, 13.5, 4.4],
				"rotation": [0, 0, -20],
				"cubes": [
					{"origin": [5.38617, 11.39129, 3.79279], "size": [2, 3.5, 1], "uv": [68, 59], "inflate": -0.25}
				]
			},
			{
				"name": "bone100",
				"parent": "bone97",
				"pivot": [-2.75, 5.375, 2.125],
				"rotation": [5, 0, 35],
				"cubes": [
					{"origin": [-6.89715, 11.38207, 3.89279], "size": [2, 4, 1], "uv": [0, 41], "inflate": -0.25}
				]
			},
			{
				"name": "bone101",
				"parent": "bone100",
				"pivot": [-5.5, 13.5, 4.4],
				"rotation": [0, 0, 20],
				"cubes": [
					{"origin": [-7.38617, 11.39129, 3.79279], "size": [2, 3.5, 1], "uv": [0, 49], "inflate": -0.25}
				]
			},
			{
				"name": "legLeft",
				"pivot": [2, 9, 0],
				"cubes": [
					{"origin": [0.499, 2, -1.5], "size": [3, 9, 3], "uv": [50, 55]},
					{"origin": [0.15, 6.7, -1.85], "size": [3.7, 1, 3.7], "uv": [0, 78], "inflate": -0.3}
				]
			},
			{
				"name": "shose2",
				"parent": "legLeft",
				"pivot": [2, 2, -1.5],
				"cubes": [
					{"origin": [0.249, 0.8, -1.75], "size": [3.5, 1.2, 3.5], "uv": [61, 42]}
				]
			},
			{
				"name": "bone113",
				"parent": "shose2",
				"pivot": [1.65, 2.25, -1.4],
				"rotation": [-15, 0, 0],
				"cubes": [
					{"origin": [1.15, 1.5, -1.9], "size": [1, 1.25, 1], "uv": [73, 11], "inflate": -0.3}
				]
			},
			{
				"name": "bone114",
				"parent": "shose2",
				"pivot": [2.5, 0.5, 0],
				"rotation": [0, 25, 0],
				"cubes": [
					{"origin": [2, -0.25, -1.5], "size": [1, 1.5, 3], "uv": [25, 66], "inflate": -0.25}
				]
			},
			{
				"name": "bone115",
				"parent": "shose2",
				"pivot": [1.5, 0.5, 0],
				"rotation": [0, -25, 0],
				"cubes": [
					{"origin": [1, -0.25, -1.5], "size": [1, 1.5, 3], "uv": [34, 49], "inflate": -0.25}
				]
			},
			{
				"name": "legRight",
				"pivot": [-2, 9, 0],
				"cubes": [
					{"origin": [-3.499, 2, -1.5], "size": [3, 9, 3], "uv": [38, 55]},
					{"origin": [-3.85, 6.7, -1.85], "size": [3.7, 1, 3.7], "uv": [0, 87], "inflate": -0.3}
				]
			},
			{
				"name": "shose",
				"parent": "legRight",
				"pivot": [-2, 2, -1.5],
				"cubes": [
					{"origin": [-3.749, 0.8, -1.75], "size": [3.5, 1.2, 3.5], "uv": [62, 55]}
				]
			},
			{
				"name": "bone110",
				"parent": "shose",
				"pivot": [-1.65, 2.25, -1.4],
				"rotation": [-15, 0, 0],
				"cubes": [
					{"origin": [-2.15, 1.5, -1.9], "size": [1, 1.25, 1], "uv": [73, 58], "inflate": -0.3}
				]
			},
			{
				"name": "bone111",
				"parent": "shose",
				"pivot": [-2.5, 0.5, 0],
				"rotation": [0, -25, 0],
				"cubes": [
					{"origin": [-3, -0.25, -1.5], "size": [1, 1.5, 3], "uv": [38, 67], "inflate": -0.25}
				]
			},
			{
				"name": "bone112",
				"parent": "shose",
				"pivot": [-1.5, 0.5, 0],
				"rotation": [0, 25, 0],
				"cubes": [
					{"origin": [-2, -0.25, -1.5], "size": [1, 1.5, 3], "uv": [66, 18], "inflate": -0.25}
				]
			},
			{
				"name": "bone116",
				"parent": "legRight",
				"pivot": [-2, 9, 0],
				"cubes": [
					{"origin": [-3.85, 6.25, -1.85], "size": [3.7, 1, 3.7], "uv": [90, 32], "inflate": -0.25}
				]
			},
			{
				"name": "bone117",
				"parent": "bone116",
				"pivot": [-2.25, 6.5, -1.55],
				"rotation": [-25, 0, 15],
				"cubes": [
					{"origin": [-2.75, 6, -2.05], "size": [1, 1, 1], "uv": [66, 47], "inflate": -0.2}
				]
			},
			{
				"name": "bone118",
				"parent": "bone116",
				"pivot": [-1.65, 6.5, -1.55],
				"rotation": [-25, 0, -15],
				"cubes": [
					{"origin": [-2.15, 6, -2.05], "size": [1, 1, 1], "uv": [28, 21], "inflate": -0.2}
				]
			},
			{
				"name": "katana",
				"pivot": [3.5, 20.25, -15],
				"rotation": [-95, 0, 70]
			},
			{
				"name": "bone15",
				"parent": "katana",
				"pivot": [-2.2, 30.45, -15],
				"cubes": [
					{"origin": [12.5, 41.35, -14.9], "size": [1.6, 3.5, 1.1], "uv": [48, 71], "inflate": -0.4},
					{"origin": [12.5, 44.05, -14.9], "size": [1, 1.9, 1.1], "uv": [48, 71], "inflate": -0.4},
					{"origin": [12.7, 44.05, -14.9], "size": [1, 1.6, 1.1], "uv": [48, 71], "inflate": -0.4},
					{"origin": [12.9, 44.05, -14.9], "size": [1, 1.2, 1.1], "uv": [48, 71], "inflate": -0.4}
				]
			},
			{
				"name": "bone119",
				"parent": "bone15",
				"pivot": [12.9, 45.55, -14.35],
				"rotation": [0, 0, -30],
				"cubes": [
					{"origin": [12.5, 44.05, -14.9], "size": [1, 1.9, 1.1], "uv": [48, 71], "inflate": -0.4}
				]
			},
			{
				"name": "bone120",
				"parent": "bone119",
				"pivot": [13.1, 44.45, -14.35],
				"rotation": [0, 0, 15],
				"cubes": [
					{"origin": [12.5, 43.75, -14.9], "size": [1, 1.1, 1.1], "uv": [48, 71], "inflate": -0.4}
				]
			},
			{
				"name": "bone14",
				"parent": "bone15",
				"pivot": [13.8, 39.75, -14.37],
				"rotation": [0, 0, 5],
				"cubes": [
					{"origin": [12.32569, 38.64239, -14.9], "size": [1.6, 3.5, 1.1], "uv": [71, 15], "inflate": -0.4}
				]
			},
			{
				"name": "bone13",
				"parent": "bone14",
				"pivot": [13.8, 37.05, -14.4],
				"rotation": [0, 0, 5],
				"cubes": [
					{"origin": [12.1527, 35.91962, -14.9], "size": [1.6, 3.5, 1.1], "uv": [71, 28], "inflate": -0.4}
				]
			},
			{
				"name": "bone12",
				"parent": "bone13",
				"pivot": [13.8, 34.35, -14.4],
				"rotation": [0, 0, 5],
				"cubes": [
					{"origin": [11.98236, 33.18185, -14.9], "size": [1.6, 3.5, 1.1], "uv": [71, 54], "inflate": -0.4}
				]
			},
			{
				"name": "bone11",
				"parent": "bone12",
				"pivot": [13.8, 31.65, -14.4],
				"rotation": [0, 0, 5],
				"cubes": [
					{"origin": [11.81596, 30.42939, -14.9], "size": [1.6, 3.5, 1.1], "uv": [0, 72], "inflate": -0.4}
				]
			},
			{
				"name": "bone",
				"parent": "bone11",
				"pivot": [13.8, 29, -14.3],
				"rotation": [0, 0, 5],
				"cubes": [
					{"origin": [11.85476, 28.81262, -14.95], "size": [1.2, 2, 1.2], "uv": [19, 74]},
					{"origin": [11.95476, 28.06262, -14.85], "size": [1, 1.25, 1], "uv": [38, 75]},
					{"origin": [11.10476, 29.31262, -15.85], "size": [2.7, 1, 1], "uv": [10, 72], "inflate": -0.25},
					{"origin": [11.10476, 29.31262, -13.85], "size": [2.7, 1, 1], "uv": [70, 67], "inflate": -0.25},
					{"origin": [11.50476, 29.21262, -15.35], "size": [1.9, 1, 2], "uv": [24, 21], "inflate": -0.25},
					{"origin": [10.00476, 29.11262, -14.85], "size": [4.9, 1, 1], "uv": [61, 28], "inflate": -0.25}
				]
			},
			{
				"name": "bone10",
				"parent": "bone",
				"pivot": [13.8, 26.35, -14.35],
				"rotation": [0, 0, 5],
				"cubes": [
					{"origin": [11.8, 25.48205, -14.85], "size": [1, 2.5, 1], "uv": [12, 74]},
					{"origin": [11.7, 24.98205, -14.95], "size": [1.2, 1.5, 1.2], "uv": [74, 71], "inflate": -0.25}
				]
			},
			{
				"name": "bone5",
				"parent": "bone",
				"pivot": [-2.2, 20.25, -15]
			},
			{
				"name": "bone4",
				"parent": "bone5",
				"pivot": [12.2, 28, -13.1],
				"rotation": [0, -25, 0],
				"cubes": [
					{"origin": [9.43396, 29.31262, -13.49279], "size": [2.25, 1, 1], "uv": [71, 19], "inflate": -0.25}
				]
			},
			{
				"name": "bone3",
				"parent": "bone5",
				"pivot": [10.6, 28, -14.6],
				"cubes": [
					{"origin": [9.50476, 29.31262, -15.1], "size": [1, 1, 1.5], "uv": [34, 75], "inflate": -0.25}
				]
			},
			{
				"name": "bone2",
				"parent": "bone5",
				"pivot": [12.2, 28, -15.6],
				"rotation": [0, 25, 0],
				"cubes": [
					{"origin": [9.43396, 29.31262, -16.20721], "size": [2.25, 1, 1], "uv": [4, 72], "inflate": -0.25}
				]
			},
			{
				"name": "bone6",
				"parent": "bone",
				"pivot": [28.8, 20.25, -15]
			},
			{
				"name": "bone7",
				"parent": "bone6",
				"pivot": [14.4, 28, -13.1],
				"rotation": [0, 25, 0],
				"cubes": [
					{"origin": [13.38396, 29.31262, -14.20721], "size": [2.25, 1, 1], "uv": [70, 9], "inflate": -0.25}
				]
			},
			{
				"name": "bone8",
				"parent": "bone6",
				"pivot": [16, 28, -14.6],
				"cubes": [
					{"origin": [14.40476, 29.31262, -15.1], "size": [1, 1, 1.5], "uv": [30, 75], "inflate": -0.25}
				]
			},
			{
				"name": "bone9",
				"parent": "bone6",
				"pivot": [14.4, 28, -15.6],
				"rotation": [0, -25, 0],
				"cubes": [
					{"origin": [13.38396, 29.31262, -15.49279], "size": [2.25, 1, 1], "uv": [66, 22], "inflate": -0.25}
				]
			},
			{
				"name": "bone16",
				"parent": "katana",
				"pivot": [13.6, 42.45, -14.4],
				"rotation": [0, 0, -5],
				"cubes": [
					{"origin": [13, 44.45, -14.6], "size": [1, 2.75, 0.5], "uv": [0, 97]}
				]
			},
			{
				"name": "bone121",
				"parent": "bone16",
				"pivot": [14, 44.45, -14.35],
				"rotation": [0, 0, 5],
				"cubes": [
					{"origin": [13, 41.7, -14.6], "size": [1, 2.75, 0.5], "uv": [0, 96]}
				]
			},
			{
				"name": "bone122",
				"parent": "bone121",
				"pivot": [14, 41.7, -14.35],
				"rotation": [0, 0, 5],
				"cubes": [
					{"origin": [13, 38.95, -14.6], "size": [1, 2.75, 0.5], "uv": [0, 103]}
				]
			},
			{
				"name": "bone123",
				"parent": "bone122",
				"pivot": [14, 38.95, -14.35],
				"rotation": [0, 0, 5],
				"cubes": [
					{"origin": [13, 36.2, -14.6], "size": [1, 2.75, 0.5], "uv": [0, 97]}
				]
			},
			{
				"name": "bone124",
				"parent": "bone123",
				"pivot": [14, 36.2, -14.35],
				"rotation": [0, 0, 5],
				"cubes": [
					{"origin": [13, 33.45, -14.6], "size": [1, 2.75, 0.5], "uv": [0, 103]}
				]
			},
			{
				"name": "bone125",
				"parent": "bone124",
				"pivot": [14, 33.45, -14.35],
				"rotation": [0, 0, 6],
				"cubes": [
					{"origin": [13, 30.7, -14.6], "size": [1, 2.75, 0.5], "uv": [0, 103]}
				]
			}
		]
	}
}