{"format_version":"1.10.0","geometry.model":{"texturewidth":128,"textureheight":128,"visible_bounds_width":3,"visible_bounds_height":3,"visible_bounds_offset":[0,0,0],"bones":[{"name":"head","pivot":[0,18,0]},{"name":"head2","parent":"head","pivot":[0,18,0],"cubes":[{"origin":[-4,18,-4],"size":[8,12,8],"uv":[0,0]},{"origin":[-2,24,-8],"size":[4,4,4],"uv":[24,0]},{"origin":[1,30,-2],"size":[3,3,3],"uv":[55,56]},{"origin":[-4,30,-2],"size":[3,3,3],"uv":[24,56]},{"origin":[-5,29.5,-2],"size":[1,1,3],"uv":[17,31]}]},{"name":"bone33","parent":"head","pivot":[-4.5,29,-0.5],"rotation":[0,0,10],"cubes":[{"origin":[-6,29,-1.5],"size":[1,2,2],"uv":[34,40]}]},{"name":"bone34","parent":"bone33","pivot":[-4.5,29,-0.5],"rotation":[15,-10,0],"cubes":[{"origin":[-5.5,28,0],"size":[1,3,3],"uv":[59,0]}]},{"name":"bone35","parent":"bone33","pivot":[-4.5,29,-0.5],"rotation":[-15,10,0],"cubes":[{"origin":[-5.5,28,-4],"size":[1,3,3],"uv":[56,40]}]},{"name":"bone36","parent":"bone33","pivot":[-4.5,29,-0.5],"rotation":[-15,10,15],"cubes":[{"origin":[-5.5,25,-2],"size":[0,4,1],"uv":[2,30]}]},{"name":"bone38","parent":"bone36","pivot":[-5.5,25,-1.5],"rotation":[0,0,-20],"cubes":[{"origin":[-5.5,23,-2],"size":[0,2,1],"uv":[0,19]}]},{"name":"bone37","parent":"bone33","pivot":[-4.5,29,-0.5],"rotation":[10,-10,15],"cubes":[{"origin":[-5.5,25,-1],"size":[0,4,1],"uv":[0,30]}]},{"name":"bone39","parent":"bone37","pivot":[-5.5,25,-0.5],"rotation":[0,0,-20],"cubes":[{"origin":[-5.5,22,-1],"size":[0,3,1],"uv":[24,24]}]},{"name":"armRight","pivot":[-3,17.5,0],"rotation":[0,0,25],"cubes":[{"origin":[-5,8.5,-1],"size":[2,8,2],"uv":[44,59]},{"origin":[-5.5,13.5,-1.5],"size":[3,4,3],"uv":[46,52]}]},{"name":"armBondRight","parent":"armRight","pivot":[-7,31.5,0]},{"name":"bone","parent":"armBondRight","pivot":[-4,14,0],"rotation":[0,0,-20]},{"name":"bone2","parent":"armBondRight","pivot":[-4,14,0],"rotation":[0,0,20]},{"name":"armBondRight2","parent":"armRight","pivot":[-7,29.5,0]},{"name":"bone3","parent":"armBondRight2","pivot":[-4,12,0],"rotation":[0,0,-20]},{"name":"bone4","parent":"armBondRight2","pivot":[-4,12,0],"rotation":[0,0,20]},{"name":"armBondRight3","parent":"armRight","pivot":[-7,27.5,0]},{"name":"bone7","parent":"armBondRight3","pivot":[-4,10,0],"rotation":[0,0,-20]},{"name":"bone8","parent":"armBondRight3","pivot":[-4,10,0],"rotation":[0,0,20]},{"name":"armLeft","pivot":[3,17.5,0],"rotation":[0,0,-25],"cubes":[{"origin":[3,8.5,-1],"size":[2,8,2],"uv":[36,59]},{"origin":[2.5,13.5,-1.5],"size":[3,4,3],"uv":[0,54]}]},{"name":"armBondLeft","parent":"armLeft","pivot":[-7,27.5,0]},{"name":"bone9","parent":"armBondLeft","pivot":[-4,10,0],"rotation":[0,0,-20]},{"name":"bone10","parent":"armBondLeft","pivot":[-4,10,0],"rotation":[0,0,20]},{"name":"armBondLeft2","parent":"armLeft","pivot":[-7,25.5,0]},{"name":"bone11","parent":"armBondLeft2","pivot":[-4,8,0],"rotation":[0,0,-20]},{"name":"bone12","parent":"armBondLeft2","pivot":[-4,8,0],"rotation":[0,0,20]},{"name":"armBondLeft3","parent":"armLeft","pivot":[-7,23.5,0]},{"name":"bone13","parent":"armBondLeft3","pivot":[-4,6,0],"rotation":[0,0,-20]},{"name":"bone14","parent":"armBondLeft3","pivot":[-4,6,0],"rotation":[0,0,20]},{"name":"body","pivot":[0,10.5,0],"cubes":[{"origin":[-3,11,-2.5],"size":[6,7,5],"uv":[0,31]},{"origin":[-2.999,9,-3.001],"size":[6,2,6],"uv":[16,38]}]},{"name":"bodyBand","parent":"body","pivot":[0,11,-2]},{"name":"bone15","parent":"bodyBand","pivot":[0,15.5,0],"rotation":[0,0,-20]},{"name":"bone16","parent":"bodyBand","pivot":[0,15.5,0],"rotation":[0,0,20]},{"name":"coat","parent":"body","pivot":[0,10.5,0],"cubes":[{"origin":[-3.5,12.001,-3],"size":[7,6,6],"uv":[26,26]},{"origin":[-3.5,9,-3.5],"size":[7,3,7],"uv":[25,13]},{"origin":[-3.5,14,-4],"size":[7,3,1],"uv":[18,52]},{"origin":[-4,8.5,-4],"size":[8,3,8],"uv":[0,20]}]},{"name":"decoration2","parent":"coat","pivot":[0,9.5,0]},{"name":"bone5","parent":"decoration2","pivot":[0,17,0],"rotation":[0,0,45]},{"name":"bone6","parent":"decoration2","pivot":[0,17,0],"rotation":[0,0,-45]},{"name":"qzz","parent":"coat","pivot":[0,0,0]},{"name":"qz","parent":"qzz","pivot":[0,0,0]},{"name":"bone42","parent":"qz","pivot":[0.5,0,0],"rotation":[0,-10,0]},{"name":"bone41","parent":"bone42","pivot":[-3.5,10.5,0.5],"rotation":[0,0,-15],"cubes":[{"origin":[-8,10,-1],"size":[8,0,2],"uv":[51,20]}]},{"name":"bone43","parent":"qz","pivot":[0.5,0,0],"rotation":[0,10,0]},{"name":"bone44","parent":"bone43","pivot":[-3.5,10.5,0.5],"rotation":[0,0,-15],"cubes":[{"origin":[-8,10,-1],"size":[8,0,2],"uv":[50,35]}]},{"name":"qunzi","parent":"qz","pivot":[0,1,0]},{"name":"bone40","parent":"qunzi","pivot":[-3.5,10.5,0.5],"rotation":[0,0,-20],"cubes":[{"origin":[-8,10,-1],"size":[8,0,2],"uv":[0,52]}]},{"name":"qunzi2","parent":"qz","pivot":[0,1,0],"rotation":[0,-20,0]},{"name":"bone45","parent":"qunzi2","pivot":[-3.5,10.5,0.5],"rotation":[0,0,-20],"cubes":[{"origin":[-8,10,-1],"size":[8,0,2],"uv":[50,33]}]},{"name":"qunzi3","parent":"qz","pivot":[0,1,0],"rotation":[0,20,0]},{"name":"bone46","parent":"qunzi3","pivot":[-3.5,10.5,0.5],"rotation":[0,0,-20],"cubes":[{"origin":[-8,10,-1],"size":[8,0,2],"uv":[50,31]}]},{"name":"qz2","parent":"qzz","pivot":[0,0,0],"rotation":[0,-90,0]},{"name":"bone47","parent":"qz2","pivot":[0.5,0,0],"rotation":[0,-10,0]},{"name":"bone48","parent":"bone47","pivot":[-3.5,10.5,0.5],"rotation":[0,0,-15],"cubes":[{"origin":[-8,10,-1],"size":[8,0,2],"uv":[50,10]}]},{"name":"bone49","parent":"qz2","pivot":[0.5,0,0],"rotation":[0,10,0]},{"name":"bone50","parent":"bone49","pivot":[-3.5,10.5,0.5],"rotation":[0,0,-15],"cubes":[{"origin":[-8,10,-1],"size":[8,0,2],"uv":[50,8]}]},{"name":"qunzi4","parent":"qz2","pivot":[0,1,0]},{"name":"bone51","parent":"qunzi4","pivot":[-3.5,10.5,0.5],"rotation":[0,0,-20],"cubes":[{"origin":[-8,10,-1],"size":[8,0,2],"uv":[48,50]}]},{"name":"qunzi5","parent":"qz2","pivot":[0,1,0],"rotation":[0,-20,0]},{"name":"bone52","parent":"qunzi5","pivot":[-3.5,10.5,0.5],"rotation":[0,0,-20],"cubes":[{"origin":[-8,10,-1],"size":[8,0,2],"uv":[32,50]}]},{"name":"qunzi6","parent":"qz2","pivot":[0,1,0],"rotation":[0,20,0]},{"name":"bone53","parent":"qunzi6","pivot":[-3.5,10.5,0.5],"rotation":[0,0,-20],"cubes":[{"origin":[-8,10,-1],"size":[8,0,2],"uv":[16,50]}]},{"name":"qz3","parent":"qzz","pivot":[0,0,0],"rotation":[0,90,0]},{"name":"bone54","parent":"qz3","pivot":[0.5,0,0],"rotation":[0,-10,0]},{"name":"bone55","parent":"bone54","pivot":[-3.5,10.5,0.5],"rotation":[0,0,-15],"cubes":[{"origin":[-8,10,-1],"size":[8,0,2],"uv":[0,50]}]},{"name":"bone56","parent":"qz3","pivot":[0.5,0,0],"rotation":[0,10,0]},{"name":"bone57","parent":"bone56","pivot":[-3.5,10.5,0.5],"rotation":[0,0,-15],"cubes":[{"origin":[-8,10,-1],"size":[8,0,2],"uv":[48,38]}]},{"name":"qunzi7","parent":"qz3","pivot":[0,1,0]},{"name":"bone58","parent":"qunzi7","pivot":[-3.5,10.5,0.5],"rotation":[0,0,-20],"cubes":[{"origin":[-8,10,-1],"size":[8,0,2],"uv":[48,48]}]},{"name":"qunzi8","parent":"qz3","pivot":[0,1,0],"rotation":[0,-20,0]},{"name":"bone59","parent":"qunzi8","pivot":[-3.5,10.5,0.5],"rotation":[0,0,-20],"cubes":[{"origin":[-8,10,-1],"size":[8,0,2],"uv":[32,48]}]},{"name":"qunzi9","parent":"qz3","pivot":[0,1,0],"rotation":[0,20,0]},{"name":"bone60","parent":"qunzi9","pivot":[-3.5,10.5,0.5],"rotation":[0,0,-20],"cubes":[{"origin":[-8,10,-1],"size":[8,0,2],"uv":[16,48]}]},{"name":"qz4","parent":"qzz","pivot":[0,0,0],"rotation":[0,180,0]},{"name":"bone61","parent":"qz4","pivot":[0.5,0,0],"rotation":[0,-10,0]},{"name":"bone62","parent":"bone61","pivot":[-3.5,10.5,0.5],"rotation":[0,0,-15],"cubes":[{"origin":[-8,10,-1],"size":[8,0,2],"uv":[0,48]}]},{"name":"bone63","parent":"qz4","pivot":[0.5,0,0],"rotation":[0,10,0]},{"name":"bone64","parent":"bone63","pivot":[-3.5,10.5,0.5],"rotation":[0,0,-15],"cubes":[{"origin":[-8,10,-1],"size":[8,0,2],"uv":[16,46]}]},{"name":"qunzi10","parent":"qz4","pivot":[0,1,0]},{"name":"bone65","parent":"qunzi10","pivot":[-3.5,10.5,0.5],"rotation":[0,0,-20],"cubes":[{"origin":[-8,10,-1],"size":[8,0,2],"uv":[0,46]}]},{"name":"qunzi11","parent":"qz4","pivot":[0,1,0],"rotation":[0,-20,0]},{"name":"bone66","parent":"qunzi11","pivot":[-3.5,10.5,0.5],"rotation":[0,0,-20],"cubes":[{"origin":[-8,10,-1],"size":[8,0,2],"uv":[44,29]}]},{"name":"qunzi12","parent":"qz4","pivot":[0,1,0],"rotation":[0,20,0]},{"name":"bone67","parent":"qunzi12","pivot":[-3.5,10.5,0.5],"rotation":[0,0,-20],"cubes":[{"origin":[-8,10,-1],"size":[8,0,2],"uv":[44,27]}]},{"name":"qz5","parent":"qzz","pivot":[0,0,0],"rotation":[0,-135,0]},{"name":"bone68","parent":"qz5","pivot":[0.5,0,0],"rotation":[0,-10,0]},{"name":"bone69","parent":"bone68","pivot":[-3.5,10.5,0.5],"rotation":[0,0,-15],"cubes":[{"origin":[-8,10,-1],"size":[8,0,2],"uv":[44,25]}]},{"name":"bone70","parent":"qz5","pivot":[0.5,0,0],"rotation":[0,10,0]},{"name":"bone71","parent":"bone70","pivot":[-3.5,10.5,0.5],"rotation":[0,0,-15],"cubes":[{"origin":[-8,10,-1],"size":[8,0,2],"uv":[44,18]}]},{"name":"qunzi13","parent":"qz5","pivot":[0,1,0]},{"name":"bone72","parent":"qunzi13","pivot":[-3.5,10.5,0.5],"rotation":[0,0,-20],"cubes":[{"origin":[-8,10,-1],"size":[8,0,2],"uv":[44,16]}]},{"name":"qunzi14","parent":"qz5","pivot":[0,1,0],"rotation":[0,-20,0]},{"name":"bone73","parent":"qunzi14","pivot":[-3.5,10.5,0.5],"rotation":[0,0,-20]},{"name":"qunzi15","parent":"qz5","pivot":[0,1,0],"rotation":[0,20,0]},{"name":"bone74","parent":"qunzi15","pivot":[-3.5,10.5,0.5],"rotation":[0,0,-20]},{"name":"qz6","parent":"qzz","pivot":[0,0,0],"rotation":[0,-50,0]},{"name":"bone75","parent":"qz6","pivot":[0.5,0,0],"rotation":[0,-10,0]},{"name":"bone76","parent":"bone75","pivot":[-3.5,10.5,0.5],"rotation":[0,0,-15],"cubes":[{"origin":[-8,10,-1],"size":[8,0,2],"uv":[44,14]}]},{"name":"bone77","parent":"qz6","pivot":[0.5,0,0],"rotation":[0,10,0]},{"name":"bone78","parent":"bone77","pivot":[-3.5,10.5,0.5],"rotation":[0,0,-15],"cubes":[{"origin":[-8,10,-1],"size":[8,0,2],"uv":[44,12]}]},{"name":"qunzi16","parent":"qz6","pivot":[0,1,0]},{"name":"bone79","parent":"qunzi16","pivot":[-3.5,10.5,0.5],"rotation":[0,0,-20],"cubes":[{"origin":[-8,10,-1],"size":[8,0,2],"uv":[41,6]}]},{"name":"qunzi17","parent":"qz6","pivot":[0,1,0],"rotation":[0,-20,0]},{"name":"bone80","parent":"qunzi17","pivot":[-3.5,10.5,0.5],"rotation":[0,0,-20]},{"name":"qunzi18","parent":"qz6","pivot":[0,1,0],"rotation":[0,20,0]},{"name":"bone81","parent":"qunzi18","pivot":[-3.5,10.5,0.5],"rotation":[0,0,-20]},{"name":"qz7","parent":"qzz","pivot":[0,0,0],"rotation":[0,45,0]},{"name":"bone82","parent":"qz7","pivot":[0.5,0,0],"rotation":[0,-10,0]},{"name":"bone83","parent":"bone82","pivot":[-3.5,10.5,0.5],"rotation":[0,0,-15],"cubes":[{"origin":[-8,10,-1],"size":[8,0,2],"uv":[41,4]}]},{"name":"bone84","parent":"qz7","pivot":[0.5,0,0],"rotation":[0,10,0]},{"name":"bone85","parent":"bone84","pivot":[-3.5,10.5,0.5],"rotation":[0,0,-15],"cubes":[{"origin":[-8,10,-1],"size":[8,0,2],"uv":[41,2]}]},{"name":"qunzi19","parent":"qz7","pivot":[0,1,0]},{"name":"bone86","parent":"qunzi19","pivot":[-3.5,10.5,0.5],"rotation":[0,0,-20],"cubes":[{"origin":[-8,10,-1],"size":[8,0,2],"uv":[41,0]}]},{"name":"qunzi20","parent":"qz7","pivot":[0,1,0],"rotation":[0,-20,0]},{"name":"bone87","parent":"qunzi20","pivot":[-3.5,10.5,0.5],"rotation":[0,0,-20]},{"name":"qunzi21","parent":"qz7","pivot":[0,1,0],"rotation":[0,20,0]},{"name":"bone88","parent":"qunzi21","pivot":[-3.5,10.5,0.5],"rotation":[0,0,-20]},{"name":"qz8","parent":"qzz","pivot":[0,0,0],"rotation":[0,135,0]},{"name":"bone89","parent":"qz8","pivot":[0.5,0,0],"rotation":[0,-10,0]},{"name":"bone90","parent":"bone89","pivot":[-3.5,10.5,0.5],"rotation":[0,0,-15],"cubes":[{"origin":[-8,10,-1],"size":[8,0,2],"uv":[38,23]}]},{"name":"bone91","parent":"qz8","pivot":[0.5,0,0],"rotation":[0,10,0]},{"name":"bone92","parent":"bone91","pivot":[-3.5,10.5,0.5],"rotation":[0,0,-15],"cubes":[{"origin":[-8,10,-1],"size":[8,0,2],"uv":[32,38]}]},{"name":"qunzi22","parent":"qz8","pivot":[0,1,0]},{"name":"bone93","parent":"qunzi22","pivot":[-3.5,10.5,0.5],"rotation":[0,0,-20],"cubes":[{"origin":[-8,10,-1],"size":[8,0,2],"uv":[22,23]}]},{"name":"qunzi23","parent":"qz8","pivot":[0,1,0],"rotation":[0,-20,0]},{"name":"bone94","parent":"qunzi23","pivot":[-3.5,10.5,0.5],"rotation":[0,0,-20]},{"name":"qunzi24","parent":"qz8","pivot":[0,1,0],"rotation":[0,20,0]},{"name":"bone95","parent":"qunzi24","pivot":[-3.5,10.5,0.5],"rotation":[0,0,-20]},{"name":"daoqiao","parent":"body","pivot":[0,10.5,0],"rotation":[5,-5,10],"cubes":[{"origin":[-5,9.5,-4],"size":[1,3,9],"uv":[32,0]}]},{"name":"legLeft","pivot":[2,9,0],"cubes":[{"origin":[0.499,5,-1.5],"size":[3,4,3],"uv":[12,56]},{"origin":[1,0,-0.5],"size":[2,5,2],"uv":[0,20]}]},{"name":"legBandLeft","parent":"legLeft","pivot":[2,5,0]},{"name":"bone17","parent":"legBandLeft","pivot":[2,5,0],"rotation":[0,0,-24]},{"name":"bone18","parent":"legBandLeft","pivot":[2,5,0],"rotation":[0,0,24]},{"name":"legBandLeft2","parent":"legLeft","pivot":[2,4,0]},{"name":"bone19","parent":"legBandLeft2","pivot":[2,4,0],"rotation":[0,0,-24]},{"name":"bone20","parent":"legBandLeft2","pivot":[2,4,0],"rotation":[0,0,24]},{"name":"legBandLeft3","parent":"legLeft","pivot":[2,3,0]},{"name":"bone21","parent":"legBandLeft3","pivot":[2,3,0],"rotation":[0,0,-24]},{"name":"bone22","parent":"legBandLeft3","pivot":[2,3,0],"rotation":[0,0,24]},{"name":"legBandLeft4","parent":"legLeft","pivot":[2,2,0]},{"name":"bone23","parent":"legBandLeft4","pivot":[2,2,0],"rotation":[0,0,-24]},{"name":"bone24","parent":"legBandLeft4","pivot":[2,2,0],"rotation":[0,0,24]},{"name":"legRight","pivot":[-2,9,0],"cubes":[{"origin":[-3.499,5,-1.5],"size":[3,4,3],"uv":[34,52]},{"origin":[-3,0,-0.5],"size":[2,5,2],"uv":[0,0]}]},{"name":"legBandRight","parent":"legRight","pivot":[-2,5,0]},{"name":"bone25","parent":"legBandRight","pivot":[-2,5,0],"rotation":[0,0,-24]},{"name":"bone26","parent":"legBandRight","pivot":[-2,5,0],"rotation":[0,0,24]},{"name":"legBandRight2","parent":"legRight","pivot":[-2,4,0]},{"name":"bone27","parent":"legBandRight2","pivot":[-2,4,0],"rotation":[0,0,-24]},{"name":"bone28","parent":"legBandRight2","pivot":[-2,4,0],"rotation":[0,0,24]},{"name":"legBandRight3","parent":"legRight","pivot":[-2,3,0]},{"name":"bone29","parent":"legBandRight3","pivot":[-2,3,0],"rotation":[0,0,-24]},{"name":"bone30","parent":"legBandRight3","pivot":[-2,3,0],"rotation":[0,0,24]},{"name":"legBandRight4","parent":"legRight","pivot":[-2,2,0]},{"name":"bone31","parent":"legBandRight4","pivot":[-2,2,0],"rotation":[0,0,-24]},{"name":"bone32","parent":"legBandRight4","pivot":[-2,2,0],"rotation":[0,0,24]}]}}