{"format_version":"1.10.0","geometry.model":{"texturewidth":128,"textureheight":128,"visible_bounds_width":3,"visible_bounds_height":2,"visible_bounds_offset":[0,0,0],"bones":[{"name":"head","pivot":[0,18,0],"cubes":[{"origin":[-4,17.9,-4],"size":[8,8,8],"uv":[0,14]},{"origin":[-4,17.9,-4.001],"size":[8,8,0],"uv":[49,32]}]},{"name":"blink","parent":"head","pivot":[0,0,0]},{"name":"eye","parent":"blink","pivot":[0,0,0],"cubes":[{"origin":[1,18.9,-4.1],"size":[3,3,0],"uv":[11,60]},{"origin":[-1,18.9,-4.1],"size":[-3,3,0],"uv":[11,60]}]},{"name":"hair","parent":"head","pivot":[0,18,4]},{"name":"bone39","parent":"hair","pivot":[-0.5,18,3.5],"rotation":[0,90,0]},{"name":"bone7","parent":"bone39","pivot":[-0.5,18,3.5],"cubes":[{"origin":[-1.5,18,7.5],"size":[4,8,1],"uv":[0,0]},{"origin":[-1.5,12,7.5],"size":[2,6,1],"uv":[58,56]},{"origin":[-1.5,12,-0.5],"size":[2,6,1],"uv":[0,57]},{"origin":[-2.5,12,-0.5],"size":[1,6,9],"uv":[34,17]},{"origin":[5.5,15,7.5],"size":[2,6,1],"uv":[0,14]},{"origin":[5.5,15,-0.5],"size":[2,6,1],"uv":[0,14]},{"origin":[2.5,19,-1],"size":[1,3,1],"uv":[49,59]},{"origin":[2.5,19,8],"size":[1,3,1],"uv":[49,59]},{"origin":[2.5,21,7.5],"size":[5,4,1],"uv":[30,42]}]},{"name":"bone8","parent":"bone39","pivot":[-0.5,18,3.5],"cubes":[{"origin":[-1.5,18,-0.5],"size":[4,8,1],"uv":[0,0]},{"origin":[2.5,21,-0.5],"size":[5,4,1],"uv":[30,42]},{"origin":[6.5,22,0.5],"size":[1,2,1],"uv":[24,17]},{"origin":[6.5,21,2.5],"size":[1,3,1],"uv":[8,9]},{"origin":[6.5,22,3.5],"size":[1,2,1],"uv":[24,17]},{"origin":[6.5,22,6.5],"size":[1,2,1],"uv":[24,17]},{"origin":[6.5,24,0.5],"size":[1,2,7],"uv":[0,45]},{"origin":[-0.5,26,0.5],"size":[7,1,7],"uv":[28,34]}]},{"name":"bone40","parent":"bone39","pivot":[0,18,0],"rotation":[0,0,5],"cubes":[{"origin":[-2.4,17,0],"size":[1,9,8],"uv":[20,42]}]},{"name":"headdressLeftTop","parent":"head","pivot":[-1,24.5,4.5],"rotation":[0,10,15]},{"name":"headdressLeftTop2","parent":"head","pivot":[-1,24.5,4.5],"rotation":[0,5,-20]},{"name":"headdressRightTop","parent":"head","pivot":[1,24.5,4.5],"rotation":[0,-10,-15]},{"name":"headdressRightTop2","parent":"head","pivot":[1,24.5,4.5],"rotation":[0,-5,20]},{"name":"headdressMiddle","parent":"head","pivot":[0,25,4.5]},{"name":"hairBack","parent":"head","pivot":[0,24,6],"rotation":[20,0,0]},{"name":"armRight","pivot":[-3,17.5,0],"rotation":[0,0,25],"cubes":[{"origin":[-5,9.499,-1],"size":[2,8,2],"uv":[38,53]}]},{"name":"bone3","parent":"armRight","pivot":[0,0,-0.5],"cubes":[{"origin":[-5.5,14.5,-1.5],"size":[3,3,3],"uv":[21,34]}]},{"name":"bone","parent":"bone3","pivot":[0,0,0],"rotation":[-21,0,0]},{"name":"bone2","parent":"bone3","pivot":[0,0,0],"rotation":[21,0,0]},{"name":"armLeft","pivot":[3,17.5,0],"rotation":[0,0,-25],"cubes":[{"origin":[3,9.499,-1],"size":[2,8,2],"uv":[38,53]}]},{"name":"bone4","parent":"armLeft","pivot":[8,0,-0.5],"cubes":[{"origin":[2.5,14.5,-1.5],"size":[3,3,3],"uv":[21,34]}]},{"name":"bone5","parent":"bone4","pivot":[8,0,0],"rotation":[-21,0,0]},{"name":"bone6","parent":"bone4","pivot":[8,0,0],"rotation":[21,0,0]},{"name":"body","pivot":[0,10.5,0],"cubes":[{"origin":[-3,13.001,-3],"size":[6,5,6],"uv":[39,0]},{"origin":[-0.75,16.001,-3.5],"size":[1.5,1,1],"uv":[0,11]},{"origin":[-2.5,12,-2.5],"size":[5,6,5],"uv":[38,42]},{"origin":[-3,11,-3],"size":[6,1,6],"uv":[45,17]}]},{"name":"bone15","parent":"body","pivot":[-1.5,0,-1.5],"rotation":[5,0,0],"cubes":[{"origin":[-3.5,7,-2.5],"size":[7,4,7],"uv":[0,34]}]},{"name":"bone9","parent":"body","pivot":[-0.5,0,-2.5],"rotation":[10,0,0],"cubes":[{"origin":[-6.5,6,-5.5],"size":[13,1,13],"uv":[0,0]}]},{"name":"bone12","parent":"body","pivot":[-0.5,0,-2.5],"rotation":[10,0,0],"cubes":[{"origin":[6.5,5.5,-5.5],"size":[1,2,13],"uv":[19,19]},{"origin":[-7.5,5.5,-5.5],"size":[1,2,13],"uv":[19,19]},{"origin":[-7.5,5.5,-6.5],"size":[15,2,1],"uv":[24,14]},{"origin":[-7.5,5.5,7.5],"size":[15,2,1],"uv":[24,14]}]},{"name":"decoration","parent":"body","pivot":[0,10.5,0]},{"name":"bone10","parent":"decoration","pivot":[0,17,-4],"rotation":[0,0,40],"cubes":[{"origin":[-3,16,-3.2],"size":[3,1,1],"uv":[0,9],"mirror":true}]},{"name":"bone11","parent":"decoration","pivot":[0,17,-4],"rotation":[0,0,-40],"cubes":[{"origin":[0,16,-3.2],"size":[3,1,1],"uv":[0,9]}]},{"name":"bone13","parent":"decoration","pivot":[0.5,16,-3],"rotation":[0,0,-27]},{"name":"bone14","parent":"decoration","pivot":[-0.5,16,-3],"rotation":[0,0,27]},{"name":"legLeft","pivot":[2,9,0]},{"name":"legRight","pivot":[-2,9,0]}]}}