{
  "pack_name": "{pack.mcty.name}",
  "author": ["jaoshingan"],
  "description": ["{pack.mcty.desc.1}", "{pack.mcty.desc.2}"],
  "version": "1.0.1",
  "date": "2020-01-24",
  "icon": "mcty:textures/icon.png",
  "model_list": [
    {
      "model_id": "mcty:anran",
      "description": ["{model.mcty.anran.desc}"]
    },
    {
      "model_id": "mcty:tangyuan",
      "description": ["{model.mcty.tangyuan.desc}"]
    },
    {
      "model_id": "mcty:yezi",
      "description": ["{model.mcty.yezi.desc}"]
    },
    {
      "model_id": "mcty:ningmeng",
      "description": ["{model.mcty.ningmeng.desc}"]
    }
  ]
}
