{
	"pack_name": "{maid_pack.mahoraba.name}",
	"description": [
		"{maid_pack.mahoraba.desc.1}",
		"{maid_pack.mahoraba.desc.2}",
		"{maid_pack.mahoraba.desc.3}"
	],
	"date": "2020-08-03",
	"icon": "mahoraba:textures/maid_icon.png",
	"version": "1.0.0",
	"model_list": [
		{
			"model_id": "mahoraba:aoba_kozue",
			"description": [
				"{model.mahoraba.aoba_kozue.desc}"
			],
			"animation": [
				"touhou_little_maid:animation/maid/default/head/default.js",
				"touhou_little_maid:animation/maid/default/head/beg.js",
				"touhou_little_maid:animation/maid/default/head/music_shake.js",
				"touhou_little_maid:animation/maid/default/arm/default.js",
				"touhou_little_maid:animation/maid/default/arm/swing.js",
				"touhou_little_maid:animation/maid/default/leg/default.js",
				"touhou_little_maid:animation/maid/default/sit/default.js",
				"touhou_little_maid:animation/maid/default/head/blink.js",
				"touhou_little_maid:animation/maid/default/sit/skirt_rotation.js"
			]
		},
		{
			"model_id": "mahoraba:akasaka_saki",
			"description": [
				"{model.mahoraba.akasaka_saki.desc}"
			],
			"animation": [
				"touhou_little_maid:animation/maid/default/head/default.js",
				"touhou_little_maid:animation/maid/default/head/beg.js",
				"touhou_little_maid:animation/maid/default/head/music_shake.js",
				"touhou_little_maid:animation/maid/default/arm/default.js",
				"touhou_little_maid:animation/maid/default/arm/swing.js",
				"touhou_little_maid:animation/maid/default/leg/default.js",
				"touhou_little_maid:animation/maid/default/sit/default.js",
				"touhou_little_maid:animation/maid/default/head/blink.js",
				"touhou_little_maid:animation/maid/default/sit/skirt_rotation.js"
			]
		},
		{
			"model_id": "mahoraba:kanazawa_nanako",
			"description": [
				"{model.mahoraba.kanazawa_nanako.desc}"
			],
			"animation": [
				"touhou_little_maid:animation/maid/default/head/default.js",
				"touhou_little_maid:animation/maid/default/head/beg.js",
				"touhou_little_maid:animation/maid/default/head/music_shake.js",
				"touhou_little_maid:animation/maid/default/arm/default.js",
				"touhou_little_maid:animation/maid/default/arm/swing.js",
				"touhou_little_maid:animation/maid/default/leg/default.js",
				"touhou_little_maid:animation/maid/default/sit/default.js",
				"touhou_little_maid:animation/maid/default/head/blink.js",
				"touhou_little_maid:animation/maid/default/sit/skirt_rotation.js"
			]
		},
		{
			"model_id": "mahoraba:midorikawa_chiyuri",
			"description": [
				"{model.mahoraba.midorikawa_chiyuri.desc}"
			],
			"animation": [
				"touhou_little_maid:animation/maid/default/head/default.js",
				"touhou_little_maid:animation/maid/default/head/beg.js",
				"touhou_little_maid:animation/maid/default/head/music_shake.js",
				"touhou_little_maid:animation/maid/default/arm/default.js",
				"touhou_little_maid:animation/maid/default/arm/swing.js",
				"touhou_little_maid:animation/maid/default/leg/default.js",
				"touhou_little_maid:animation/maid/default/sit/default.js",
				"touhou_little_maid:animation/maid/default/head/blink.js",
				"touhou_little_maid:animation/maid/default/sit/skirt_rotation.js"
			]
		},
		{
			"model_id": "mahoraba:konno_natsume",
			"description": [
				"{model.mahoraba.konno_natsume.desc}"
			],
			"animation": [
				"touhou_little_maid:animation/maid/default/head/default.js",
				"touhou_little_maid:animation/maid/default/head/beg.js",
				"touhou_little_maid:animation/maid/default/head/music_shake.js",
				"touhou_little_maid:animation/maid/default/arm/default.js",
				"touhou_little_maid:animation/maid/default/arm/swing.js",
				"touhou_little_maid:animation/maid/default/leg/default.js",
				"touhou_little_maid:animation/maid/default/sit/default.js",
				"touhou_little_maid:animation/maid/default/head/blink.js",
				"touhou_little_maid:animation/maid/default/sit/skirt_rotation.js"
			]
		}
	]
}