{
  "pack_name": "{maid_pack.yqnuannuancun.name}",
  "author": ["云雀"],
  "date": "2020-05-03",
  "version": "1.0.0",
  "icon": "yqnuannuancun:textures/maid_icon.png",
  "model_list": [{
      "model_id": "yqnuannuancun:yunquemiao",
      "animation": ["yqnuannuancun:animation/cat.default.js"],
      "show_custom_head": false
    },
    {
      "model_id": "yqnuannuancun:zhanhunmao",
      "animation": ["yqnuannuancun:animation/cat.default.js"],
      "show_custom_head": false
    },
    {
      "model_id": "yqnuannuancun:sishenmao",
      "animation": ["yqnuannuancun:animation/cat.default.js"],
      "show_custom_head": false
    },
    {
      "model_id": "yqnuannuancun:qisimao",
      "animation": ["yqnuannuancun:animation/cat.default.js"],
      "show_custom_head": false
    },
    {
      "model_id": "yqnuannuancun:xiaoxiaoyuan",
      "animation": ["yqnuannuancun:animation/xiaoxiaoyuan.default.js"],
      "show_backpack": false,
      "can_hold_trolley": false,
      "can_hold_vehicle": false,
      "can_riding_broom": false,
      "show_custom_head": false
    },
    {
      "model_id": "yqnuannuancun:suicongmiao",
      "animation": ["yqnuannuancun:animation/cat.default.js"],
      "show_custom_head": false
    }
  ]
}
