{
	"format_version": "1.10.0",
	"geometry.model": {
		"texturewidth": 64,
		"textureheight": 64,
		"visible_bounds_width": 2,
		"visible_bounds_height": 2,
		"visible_bounds_offset": [0, 1, 0],
		"bones": [
			{
				"name": "head",
				"pivot": [-0.064, 18.43243, 0],
				"cubes": [
					{"origin": [-4.064, 18.43243, -4], "size": [8, 8, 8], "uv": [0, 0]}
				]
			},
			{
				"name": "blink",
				"parent": "head",
				"pivot": [-0.064, 0.43243, 0],
				"cubes": [
					{"origin": [-4.064, 18.43243, -4.001], "size": [8, 8, 0], "uv": [32, 8]}
				]
			},
			{
				"name": "headleave7",
				"parent": "head",
				"pivot": [0.23478, 26.03273, 0]
			},
			{
				"name": "headleave4",
				"parent": "headleave7",
				"pivot": [5.18478, 17.28273, -2.5],
				"rotation": [0, 0, -19]
			},
			{
				"name": "headleave3",
				"parent": "headleave4",
				"pivot": [5.18478, 17.28273, -2.5],
				"rotation": [0, 0, 15],
				"cubes": [
					{"origin": [2.79689, 15.18273, -3.83984], "size": [1.57658, 7.89189, 1], "uv": [4, 46]}
				]
			},
			{
				"name": "headleave6",
				"parent": "headleave4",
				"pivot": [-2.91522, 18.08273, -3.5],
				"rotation": [0, 0, -5]
			},
			{
				"name": "headleave10",
				"parent": "headleave4",
				"pivot": [-2.91522, 18.08273, -3.5]
			},
			{
				"name": "headleave11",
				"parent": "headleave4",
				"pivot": [-2.41522, 15.98273, -3.5],
				"rotation": [0, 0, 22],
				"cubes": [
					{"origin": [1.90388, 16.76666, -3.85586], "size": [1.46446, 3, 1], "uv": [4, 49]}
				]
			},
			{
				"name": "headleave5",
				"parent": "headleave7",
				"pivot": [-5.18478, 17.28273, -2.5],
				"rotation": [0, 0, 19]
			},
			{
				"name": "headleave8",
				"parent": "headleave5",
				"pivot": [-5.18478, 17.28273, -2.5],
				"rotation": [0, 0, -15],
				"cubes": [
					{"origin": [-4.37347, 15.18273, -3.83984], "size": [1.57658, 7.89189, 1], "uv": [4, 46], "mirror": true}
				]
			},
			{
				"name": "headleave14",
				"parent": "headleave5",
				"pivot": [2.91522, 18.08273, -3.5],
				"rotation": [0, 0, 5]
			},
			{
				"name": "headleave15",
				"parent": "headleave5",
				"pivot": [2.91522, 18.08273, -3.5]
			},
			{
				"name": "headleave16",
				"parent": "headleave5",
				"pivot": [2.41522, 15.98273, -3.5],
				"rotation": [0, 0, -22],
				"cubes": [
					{"origin": [-3.36834, 16.76666, -3.85586], "size": [1.46446, 3, 1], "uv": [4, 49], "mirror": true}
				]
			},
			{
				"name": "headleave17",
				"parent": "headleave5",
				"pivot": [2.41522, 15.98273, -3.5],
				"rotation": [0, 0, -22]
			},
			{
				"name": "headleave2",
				"parent": "head",
				"pivot": [0.23478, 26.03273, 0.24024],
				"rotation": [-10, 0, 0]
			},
			{
				"name": "headleave9",
				"parent": "headleave2",
				"pivot": [-2.41522, 15.98273, -3.25976],
				"rotation": [8, 0, 0],
				"cubes": [
					{"origin": [2.93478, 15.98273, 4.49024], "size": [1, 8.9, 1], "uv": [14, 50]}
				]
			},
			{
				"name": "headleave20",
				"parent": "headleave2",
				"pivot": [-2.41522, 15.98273, -3.25976],
				"rotation": [14, 5, 10],
				"cubes": [
					{"origin": [-4.78836, 6.4465, 5.0254], "size": [1, 8.9, 1], "uv": [13, 49]}
				]
			},
			{
				"name": "headleave30",
				"parent": "headleave2",
				"pivot": [-2.41522, 15.98273, -3.25976],
				"rotation": [17, 5, -10],
				"cubes": [
					{"origin": [2.35115, 4.83578, 4.54523], "size": [1, 8.9, 1], "uv": [14, 50]}
				]
			},
			{
				"name": "headleave24",
				"parent": "headleave2",
				"pivot": [-2.41522, 15.98273, -3.25976],
				"rotation": [19, 5, 7],
				"cubes": [
					{"origin": [-3.78505, 4.71109, 4.67527], "size": [1, 9.9, 1], "uv": [13, 49]}
				]
			},
			{
				"name": "headleave29",
				"parent": "headleave2",
				"pivot": [-2.41522, 15.98273, -3.25976],
				"rotation": [16, 5, -7],
				"cubes": [
					{"origin": [1.44917, 4.54047, 5.04403], "size": [1, 9.9, 1], "uv": [14, 50]}
				]
			},
			{
				"name": "headleave25",
				"parent": "headleave2",
				"pivot": [-2.41522, 15.98273, -3.25976],
				"rotation": [10, 5, 7],
				"cubes": [
					{"origin": [-2.86869, 5.56505, 5.31577], "size": [1, 10.9, 1], "uv": [13, 50]}
				]
			},
			{
				"name": "headleave26",
				"parent": "headleave2",
				"pivot": [-2.41522, 15.98273, -3.25976],
				"rotation": [17, 5, 4],
				"cubes": [
					{"origin": [-1.79056, 4.12155, 5.38846], "size": [1, 10.9, 1], "uv": [14, 50]}
				]
			},
			{
				"name": "headleave28",
				"parent": "headleave2",
				"pivot": [-2.41522, 15.98273, -3.25976],
				"rotation": [16, 5, -4],
				"cubes": [
					{"origin": [0.35973, 3.62612, 5.43926], "size": [1, 10.9, 1], "uv": [14, 50]}
				]
			},
			{
				"name": "headleave27",
				"parent": "headleave2",
				"pivot": [-2.41522, 15.98273, -3.25976],
				"rotation": [14, 5, 2],
				"cubes": [
					{"origin": [-0.7787, 4.52735, 5.69159], "size": [1, 10.9, 1], "uv": [14, 50]}
				]
			},
			{
				"name": "headleave18",
				"parent": "headleave2",
				"pivot": [-2.41522, 15.98273, -3.25976],
				"rotation": [11, 0, 0],
				"cubes": [
					{"origin": [2.03478, 15.78273, 4.89024], "size": [1, 8.9, 1], "uv": [14, 50]},
					{"origin": [-2.92522, 15.78273, 4.89024], "size": [1, 8.9, 1], "uv": [13, 50]}
				]
			},
			{
				"name": "headleave19",
				"parent": "headleave2",
				"pivot": [-2.41522, 15.98273, -3.25976],
				"rotation": [13, 0, 0],
				"cubes": [
					{"origin": [1.03478, 15.28273, 5.29024], "size": [1, 8.9, 1], "uv": [14, 50]},
					{"origin": [-1.97322, 15.28273, 5.29024], "size": [1, 8.9, 1], "uv": [13, 50]},
					{"origin": [-1.97322, 15.28273, 5.29024], "size": [1, 8.9, 1], "uv": [14, 50]},
					{"origin": [-3.86122, 15.28273, 5.29024], "size": [1, 8.9, 1], "uv": [14, 50]}
				]
			},
			{
				"name": "headleave21",
				"parent": "headleave2",
				"pivot": [-2.41522, 15.98273, -3.25976],
				"rotation": [15, 0, 0],
				"cubes": [
					{"origin": [0.03478, 14.89873, 5.48224], "size": [1, 8.9, 1], "uv": [14, 50]},
					{"origin": [-0.95722, 14.80273, 5.32224], "size": [1, 8.9, 1], "uv": [14, 50]}
				]
			},
			{
				"name": "head2",
				"parent": "head",
				"pivot": [0.23478, 26.03273, 0]
			},
			{
				"name": "headleave46",
				"parent": "head2",
				"pivot": [0.23478, 26.03273, 0]
			},
			{
				"name": "headleave37",
				"parent": "headleave46",
				"pivot": [4.19824, 17.08173, 11.00732],
				"rotation": [0, 0, -6],
				"cubes": [
					{"origin": [3.68982, 18.19726, 0.11011], "size": [1.18318, 7.48649, 0.91091], "uv": [14, 50]}
				]
			},
			{
				"name": "headleave42",
				"parent": "headleave46",
				"pivot": [4.19824, 17.08173, 11.00732],
				"rotation": [0, 0, -6],
				"cubes": [
					{"origin": [3.65685, 15.49714, 1.02102], "size": [1.18318, 10.48649, 0.91091], "uv": [14, 50]}
				]
			},
			{
				"name": "headleave43",
				"parent": "headleave46",
				"pivot": [4.19824, 17.08173, 11.00732],
				"rotation": [0, 0, -4],
				"cubes": [
					{"origin": [3.42352, 11.62363, 1.93193], "size": [1.18318, 14.48649, 0.91091], "uv": [14, 48]}
				]
			},
			{
				"name": "headleave44",
				"parent": "headleave46",
				"pivot": [4.19824, 17.08173, 11.00732],
				"rotation": [5, 0, -5],
				"cubes": [
					{"origin": [3.29322, 10.35858, 3.66583], "size": [1.18318, 16.48649, 0.91091], "uv": [14, 47]}
				]
			},
			{
				"name": "headleave45",
				"parent": "headleave46",
				"pivot": [4.19824, 17.08173, 11.00732],
				"rotation": [3, 0, -5],
				"cubes": [
					{"origin": [3.42502, 11.05748, 2.83304], "size": [1.18318, 15.48649, 0.91091], "uv": [14, 47]}
				]
			},
			{
				"name": "headleave47",
				"parent": "head2",
				"pivot": [-0.23478, 26.03273, 0]
			},
			{
				"name": "headleave48",
				"parent": "headleave47",
				"pivot": [-4.19824, 17.08173, 11.00732],
				"rotation": [0, 0, 8],
				"cubes": [
					{"origin": [-5.25659, 18.17435, 0.11011], "size": [1.18318, 7.48649, 0.91091], "uv": [14, 50], "mirror": true}
				]
			},
			{
				"name": "headleave49",
				"parent": "headleave47",
				"pivot": [-4.19824, 17.08173, 11.00732],
				"rotation": [0, 0, 7],
				"cubes": [
					{"origin": [-5.29972, 15.40282, 1.02102], "size": [1.18318, 10.48649, 0.91091], "uv": [14, 50], "mirror": true}
				]
			},
			{
				"name": "headleave50",
				"parent": "headleave47",
				"pivot": [-4.19824, 17.08173, 11.00732],
				"rotation": [0, 0, 3],
				"cubes": [
					{"origin": [-4.66952, 11.60131, 1.93193], "size": [1.18318, 14.48649, 0.91091], "uv": [14, 48], "mirror": true}
				]
			},
			{
				"name": "headleave51",
				"parent": "headleave47",
				"pivot": [-4.19824, 17.08173, 11.00732],
				"rotation": [5, 0, 3],
				"cubes": [
					{"origin": [-4.04352, 10.36612, 3.66649], "size": [1.18318, 16.48649, 0.91091], "uv": [14, 47], "mirror": true}
				]
			},
			{
				"name": "headleave52",
				"parent": "headleave47",
				"pivot": [-4.19824, 17.08173, 11.00732],
				"rotation": [3, 0, 4],
				"cubes": [
					{"origin": [-4.67061, 11.0341, 2.83181], "size": [1.18318, 15.48649, 0.91091], "uv": [14, 47], "mirror": true}
				]
			},
			{
				"name": "headleave12",
				"parent": "head",
				"pivot": [-0.064, 18.43243, 0]
			},
			{
				"name": "headleave13",
				"parent": "headleave12",
				"pivot": [-0.064, 18.43243, 0]
			},
			{
				"name": "headleave22",
				"parent": "headleave13",
				"pivot": [-0.064, 18.43243, 0],
				"rotation": [0, 0, -62],
				"cubes": [
					{"origin": [1.12169, 22.72, -3.42342], "size": [4, 3, 1.91091], "uv": [55, 9]}
				]
			},
			{
				"name": "headleave31",
				"parent": "headleave13",
				"pivot": [-0.064, 18.43243, 0],
				"rotation": [0, 0, 7],
				"cubes": [
					{"origin": [-7.47448, 21.31869, -3.35618], "size": [2.96797, 1.55856, 1.81481], "uv": [54, 13]}
				]
			},
			{
				"name": "headleave23",
				"parent": "headleave13",
				"pivot": [3.12169, 28.24002, -1.90741],
				"rotation": [0, 0, -15],
				"cubes": [
					{"origin": [-8.28351, 25.04324, -3.34016], "size": [2.1992, 2.75075, 1.71872], "uv": [54, 15]}
				]
			},
			{
				"name": "headleave32",
				"parent": "headleave13",
				"pivot": [3.12169, 28.24002, -1.90741],
				"rotation": [0, 0, 35],
				"cubes": [
					{"origin": [-3.86775, 19.21643, -3.35618], "size": [1.62262, 2.75075, 1.73473], "uv": [55, 18]}
				]
			},
			{
				"name": "headleave33",
				"parent": "headleave13",
				"pivot": [3.12169, 28.24002, -1.90741],
				"rotation": [0, 0, -5],
				"cubes": [
					{"origin": [-6.26463, 26.9545, -3.34016], "size": [1.27027, 0.97297, 1.71872], "uv": [54, 10]}
				]
			},
			{
				"name": "headleave34",
				"parent": "headleave12",
				"pivot": [0.064, 18.43243, 0]
			},
			{
				"name": "headleave35",
				"parent": "headleave34",
				"pivot": [0.064, 18.43243, 0],
				"rotation": [0, 0, 62],
				"cubes": [
					{"origin": [-5.12169, 22.72, -3.42342], "size": [4, 3, 1.91091], "uv": [55, 9], "mirror": true}
				]
			},
			{
				"name": "armLeft",
				"pivot": [3, 17.5, 0],
				"rotation": [0, 0, -25],
				"cubes": [
					{"origin": [1.94294, 9.5, -1], "size": [2, 8, 2], "uv": [0, 35]}
				]
			},
			{
				"name": "armRight",
				"pivot": [-3, 17.5, 0],
				"rotation": [0, 0, 25],
				"cubes": [
					{"origin": [-4.05506, 9.5, -1], "size": [2, 8, 2], "uv": [39, 39]}
				]
			},
			{
				"name": "body",
				"pivot": [0, 10.5, 0],
				"cubes": [
					{"origin": [-2.88163, 11, -2.5], "size": [5.47107, 1.25, 5], "uv": [19, 27]},
					{"origin": [-3.47422, 8.088, -2.53181], "size": [7, 3, 5], "uv": [24, 16]},
					{"origin": [-2.9, 11, -2.5], "size": [5.7, 7, 5], "uv": [19, 22]},
					{"origin": [-1.55666, 11, -1.81131], "size": [2.93323, 8.44144, 3.15816], "uv": [25, 23]}
				]
			},
			{
				"name": "collar",
				"parent": "body",
				"pivot": [0, 11.5, 0]
			},
			{
				"name": "collar2",
				"parent": "collar",
				"pivot": [0, 11.5, 0],
				"cubes": [
					{"origin": [-2.07808, 17.40991, -2.7027], "size": [4, 1, 5], "uv": [46, 58]}
				]
			},
			{
				"name": "skirt",
				"parent": "body",
				"pivot": [0.12813, 0, 0]
			},
			{
				"name": "tail",
				"parent": "body",
				"pivot": [0, 10.5, 0]
			},
			{
				"name": "legLeft",
				"pivot": [2, 9, 0],
				"cubes": [
					{"origin": [0.33985, 0, -1.5], "size": [3, 9, 3], "uv": [27, 34]}
				]
			},
			{
				"name": "legRight",
				"pivot": [-2, 9, 0],
				"cubes": [
					{"origin": [-3.35585, 0, -1.5], "size": [3, 9, 3], "uv": [15, 34]}
				]
			}
		]
	}
}