{
	"format_version": "1.10.0",
	"geometry.model": {
		"texturewidth": 64,
		"textureheight": 64,
		"visible_bounds_width": 2,
		"visible_bounds_height": 2,
		"visible_bounds_offset": [0, 1, 0],
		"bones": [
			{
				"name": "head",
				"pivot": [-0.064, 18, 0],
				"cubes": [
					{"origin": [-4.064, 18, -4], "size": [8, 8, 8], "uv": [0, 0]}
				]
			},
			{
				"name": "blink",
				"parent": "head",
				"pivot": [-0.064, 0, 0],
				"cubes": [
					{"origin": [-4.064, 18, -4.001], "size": [8, 8, 0], "uv": [32, 8]},
					{"origin": [-2.15309, 19.94494, -4.05205], "size": [0.19219, 1.13714, 0.18318], "uv": [61, 0]}
				]
			},
			{
				"name": "headleave2",
				"parent": "head",
				"pivot": [0.23478, 25.6003, 0]
			},
			{
				"name": "headleave4",
				"parent": "headleave2",
				"pivot": [5.18478, 16.8503, -2.5]
			},
			{
				"name": "headleave3",
				"parent": "headleave4",
				"pivot": [5.18478, 16.8503, -2.5],
				"rotation": [0, 0, 15],
				"cubes": [
					{"origin": [2.1082, 14.7503, -3.83984], "size": [1.57658, 7.89189, 1], "uv": [4, 46]}
				]
			},
			{
				"name": "headleave38",
				"parent": "headleave4",
				"pivot": [5.18478, 16.8503, -2.5],
				"rotation": [-10, 0, 15],
				"cubes": [
					{"origin": [2.1082, 14.72319, -3.47002], "size": [1.57658, 7.89189, 1], "uv": [4, 46]}
				]
			},
			{
				"name": "headleave39",
				"parent": "headleave4",
				"pivot": [5.18478, 16.8503, -2.5],
				"rotation": [-20, 0, 15],
				"cubes": [
					{"origin": [2.1082, 14.76071, -3.1011], "size": [1.57658, 7.89189, 1], "uv": [4, 46]}
				]
			},
			{
				"name": "headleave6",
				"parent": "headleave4",
				"pivot": [-2.91522, 17.6503, -3.5],
				"rotation": [0, 0, -5],
				"cubes": [
					{"origin": [2.4016, 13.73549, -3.96797], "size": [0.61562, 2.79179, 1], "uv": [61, 55]}
				]
			},
			{
				"name": "headleave10",
				"parent": "headleave4",
				"pivot": [-2.91522, 17.6503, -3.5],
				"cubes": [
					{"origin": [1.96916, 13.39915, -4], "size": [0.61562, 2.79179, 1], "uv": [61, 55]}
				]
			},
			{
				"name": "headleave11",
				"parent": "headleave4",
				"pivot": [-2.41522, 15.5503, -3.5],
				"rotation": [0, 0, 22],
				"cubes": [
					{"origin": [1.22032, 16.2503, -3.85586], "size": [1.46446, 3, 1], "uv": [4, 49]},
					{"origin": [1.26836, 14.2503, -3.98398], "size": [0.72773, 3, 1], "uv": [62, 54]}
				]
			},
			{
				"name": "headleave7",
				"parent": "headleave4",
				"pivot": [-2.41522, 15.5503, -3.5],
				"rotation": [0, 0, 22],
				"cubes": [
					{"origin": [1.17227, 15.70776, -3.98398], "size": [0.72773, 3, 1], "uv": [62, 54]}
				]
			},
			{
				"name": "headleave5",
				"parent": "headleave2",
				"pivot": [-5.18478, 16.8503, -2.5]
			},
			{
				"name": "headleave8",
				"parent": "headleave5",
				"pivot": [-5.18478, 16.8503, -2.5],
				"rotation": [0, 0, -15],
				"cubes": [
					{"origin": [-3.80854, 14.78346, -3.83984], "size": [1.57658, 7.89189, 1], "uv": [4, 46], "mirror": true}
				]
			},
			{
				"name": "headleave12",
				"parent": "headleave5",
				"pivot": [2.91522, 17.6503, -3.5],
				"rotation": [0, 0, 5],
				"cubes": [
					{"origin": [-3.01721, 13.73549, -3.96797], "size": [0.61562, 2.79179, 1], "uv": [61, 55], "mirror": true}
				]
			},
			{
				"name": "headleave13",
				"parent": "headleave5",
				"pivot": [2.91522, 17.6503, -3.5],
				"cubes": [
					{"origin": [-2.58478, 13.39915, -4], "size": [0.61562, 2.79179, 1], "uv": [61, 55], "mirror": true}
				]
			},
			{
				"name": "headleave14",
				"parent": "headleave5",
				"pivot": [2.41522, 15.5503, -3.5],
				"rotation": [0, 0, -22],
				"cubes": [
					{"origin": [-2.68478, 16.2503, -3.85586], "size": [1.46446, 3, 1], "uv": [4, 49], "mirror": true},
					{"origin": [-1.99609, 14.2503, -3.98398], "size": [0.72773, 3, 1], "uv": [62, 54], "mirror": true}
				]
			},
			{
				"name": "headleave15",
				"parent": "headleave5",
				"pivot": [2.41522, 15.5503, -3.5],
				"rotation": [0, 0, -22],
				"cubes": [
					{"origin": [-1.9, 15.70776, -3.98398], "size": [0.72773, 3, 1], "uv": [62, 54], "mirror": true}
				]
			},
			{
				"name": "headleave40",
				"parent": "headleave5",
				"pivot": [-5.18478, 16.8503, -2.5],
				"rotation": [-10, 0, -15],
				"cubes": [
					{"origin": [-3.80854, 14.75585, -3.47577], "size": [1.57658, 7.89189, 1], "uv": [4, 46], "mirror": true}
				]
			},
			{
				"name": "headleave41",
				"parent": "headleave5",
				"pivot": [-5.18478, 16.8503, -2.5],
				"rotation": [-20, 0, -15],
				"cubes": [
					{"origin": [-3.80854, 14.79188, -3.11244], "size": [1.57658, 7.89189, 1], "uv": [4, 46], "mirror": true}
				]
			},
			{
				"name": "headleave9",
				"parent": "headleave2",
				"pivot": [-2.41522, 15.5503, -3.5],
				"rotation": [8, 0, 0],
				"cubes": [
					{"origin": [2.93478, 15.5503, 4.25], "size": [1, 8.9, 1], "uv": [14, 50]}
				]
			},
			{
				"name": "headleave20",
				"parent": "headleave2",
				"pivot": [-2.41522, 15.5503, -3.5],
				"rotation": [14, 5, 10],
				"cubes": [
					{"origin": [-4.78836, 6.01407, 4.78516], "size": [1, 8.9, 1], "uv": [13, 49]}
				]
			},
			{
				"name": "headleave30",
				"parent": "headleave2",
				"pivot": [-2.41522, 15.5503, -3.5],
				"rotation": [17, 5, -10],
				"cubes": [
					{"origin": [2.35115, 4.40335, 4.30499], "size": [1, 8.9, 1], "uv": [14, 50]}
				]
			},
			{
				"name": "headleave24",
				"parent": "headleave2",
				"pivot": [-2.41522, 15.5503, -3.5],
				"rotation": [19, 5, 7],
				"cubes": [
					{"origin": [-3.78505, 4.27866, 4.43503], "size": [1, 9.9, 1], "uv": [13, 49]}
				]
			},
			{
				"name": "headleave29",
				"parent": "headleave2",
				"pivot": [-2.41522, 15.5503, -3.5],
				"rotation": [16, 5, -7],
				"cubes": [
					{"origin": [1.44917, 4.10804, 4.80379], "size": [1, 9.9, 1], "uv": [14, 50]}
				]
			},
			{
				"name": "headleave25",
				"parent": "headleave2",
				"pivot": [-2.41522, 15.5503, -3.5],
				"rotation": [10, 5, 7],
				"cubes": [
					{"origin": [-2.86869, 5.13262, 5.07553], "size": [1, 10.9, 1], "uv": [13, 50]}
				]
			},
			{
				"name": "headleave26",
				"parent": "headleave2",
				"pivot": [-2.41522, 15.5503, -3.5],
				"rotation": [17, 5, 4],
				"cubes": [
					{"origin": [-1.79056, 3.68912, 5.14822], "size": [1, 10.9, 1], "uv": [14, 50]}
				]
			},
			{
				"name": "headleave28",
				"parent": "headleave2",
				"pivot": [-2.41522, 15.5503, -3.5],
				"rotation": [16, 5, -4],
				"cubes": [
					{"origin": [0.35973, 3.19369, 5.19902], "size": [1, 10.9, 1], "uv": [14, 50]}
				]
			},
			{
				"name": "headleave27",
				"parent": "headleave2",
				"pivot": [-2.41522, 15.5503, -3.5],
				"rotation": [14, 5, 2],
				"cubes": [
					{"origin": [-0.7787, 4.09492, 5.45135], "size": [1, 10.9, 1], "uv": [14, 50]}
				]
			},
			{
				"name": "headleave18",
				"parent": "headleave2",
				"pivot": [-2.41522, 15.5503, -3.5],
				"rotation": [11, 0, 0],
				"cubes": [
					{"origin": [2.03478, 15.3503, 4.65], "size": [1, 8.9, 1], "uv": [14, 50]},
					{"origin": [-2.92522, 15.3503, 4.65], "size": [1, 8.9, 1], "uv": [13, 50]}
				]
			},
			{
				"name": "headleave19",
				"parent": "headleave2",
				"pivot": [-2.41522, 15.5503, -3.5],
				"rotation": [13, 0, 0],
				"cubes": [
					{"origin": [1.03478, 14.8503, 5.05], "size": [1, 8.9, 1], "uv": [14, 50]},
					{"origin": [-1.97322, 14.8503, 5.05], "size": [1, 8.9, 1], "uv": [13, 50]},
					{"origin": [-1.97322, 14.8503, 5.05], "size": [1, 8.9, 1], "uv": [14, 50]},
					{"origin": [-3.86122, 14.8503, 5.05], "size": [1, 8.9, 1], "uv": [14, 50]}
				]
			},
			{
				"name": "headleave21",
				"parent": "headleave2",
				"pivot": [-2.41522, 15.5503, -3.5],
				"rotation": [15, 0, 0],
				"cubes": [
					{"origin": [0.03478, 14.4663, 5.242], "size": [1, 8.9, 1], "uv": [14, 50]},
					{"origin": [-0.95722, 14.3703, 5.082], "size": [1, 8.9, 1], "uv": [14, 50]}
				]
			},
			{
				"name": "head2",
				"parent": "head",
				"pivot": [0.23478, 25.6003, 0]
			},
			{
				"name": "headleave16",
				"parent": "head2",
				"pivot": [6.23478, 24.6003, -0.5],
				"rotation": [0, 0, -40],
				"cubes": [
					{"origin": [2.966, 23.21308, -3.88989], "size": [1.82382, 3.3023, 4], "uv": [1, 46]}
				]
			},
			{
				"name": "headleave36",
				"parent": "head2",
				"pivot": [6.23478, 24.6003, -0.5],
				"rotation": [0, 0, -25],
				"cubes": [
					{"origin": [2.966, 23.21308, -3.88989], "size": [1.82382, 3.3023, 4], "uv": [0, 45]}
				]
			},
			{
				"name": "headleave34",
				"parent": "head2",
				"pivot": [-6.23478, 24.6003, -0.5],
				"rotation": [0, 0, 35],
				"cubes": [
					{"origin": [-4.78983, 23.21308, -3.88989], "size": [1.82382, 3.3023, 4], "uv": [1, 46], "mirror": true}
				]
			},
			{
				"name": "headleave22",
				"parent": "head2",
				"pivot": [6.23478, 24.6003, -0.5],
				"rotation": [-45, 0, -35],
				"cubes": [
					{"origin": [3.60664, 21.22238, -1.9161], "size": [1.18318, 2.85385, 2.91091], "uv": [3, 47]}
				]
			},
			{
				"name": "headleave35",
				"parent": "head2",
				"pivot": [-6.23478, 24.6003, -0.5],
				"rotation": [-45, 0, 30],
				"cubes": [
					{"origin": [-4.78983, 21.22238, -1.9161], "size": [1.18318, 2.85385, 2.91091], "uv": [4, 48], "mirror": true}
				]
			},
			{
				"name": "headleave31",
				"parent": "head2",
				"pivot": [2.6957, 26, -2.23123],
				"rotation": [15, 0, 0]
			},
			{
				"name": "headleave17",
				"parent": "headleave31",
				"pivot": [0.23478, 25.6003, 0],
				"cubes": [
					{"origin": [3.21476, 23.78773, -3], "size": [1, 5, 1], "uv": [1, 57]}
				]
			},
			{
				"name": "headleave23",
				"parent": "headleave17",
				"pivot": [0.23478, 25.6003, 0],
				"rotation": [0, 0, 40],
				"cubes": [
					{"origin": [0.23478, 25.6003, -3], "size": [1, 5, 1], "uv": [1, 57]},
					{"origin": [1.22777, 25.6003, -2.82382], "size": [1, 3.54254, 0.82382], "uv": [7, 61]},
					{"origin": [1.22777, 25.6003, -2.56757], "size": [1, 3.54254, 0.61562], "uv": [1, 60]}
				]
			},
			{
				"name": "headleave32",
				"parent": "headleave31",
				"pivot": [-0.23478, 25.6003, 0],
				"cubes": [
					{"origin": [-4.21476, 23.78773, -3], "size": [1, 5, 1], "uv": [1, 57], "mirror": true}
				]
			},
			{
				"name": "headleave33",
				"parent": "headleave32",
				"pivot": [-0.23478, 25.6003, 0],
				"rotation": [0, 0, -40],
				"cubes": [
					{"origin": [-1.23478, 25.6003, -3], "size": [1, 5, 1], "uv": [1, 57], "mirror": true},
					{"origin": [-2.22777, 25.6003, -2.82382], "size": [1, 3.54254, 0.82382], "uv": [7, 61], "mirror": true},
					{"origin": [-2.22777, 25.6003, -2.56757], "size": [1, 3.54254, 0.61562], "uv": [2, 59], "mirror": true}
				]
			},
			{
				"name": "headleave46",
				"parent": "head2",
				"pivot": [0.23478, 25.6003, 0]
			},
			{
				"name": "headleave37",
				"parent": "headleave46",
				"pivot": [4.19824, 16.6493, 11.00732],
				"rotation": [0, 0, -20],
				"cubes": [
					{"origin": [6.04181, 17.71963, 0.11011], "size": [1.18318, 7.48649, 0.91091], "uv": [14, 50]}
				]
			},
			{
				"name": "headleave42",
				"parent": "headleave46",
				"pivot": [4.19824, 16.6493, 11.00732],
				"rotation": [0, 0, -15],
				"cubes": [
					{"origin": [5.28452, 14.95087, 1.02102], "size": [1.18318, 10.48649, 0.91091], "uv": [14, 50]}
				]
			},
			{
				"name": "headleave43",
				"parent": "headleave46",
				"pivot": [4.19824, 16.6493, 11.00732],
				"rotation": [0, 0, -10],
				"cubes": [
					{"origin": [4.50996, 11.11523, 1.93193], "size": [1.18318, 14.48649, 0.91091], "uv": [14, 48]}
				]
			},
			{
				"name": "headleave44",
				"parent": "headleave46",
				"pivot": [4.19824, 16.6493, 11.00732],
				"rotation": [5, 0, -5],
				"cubes": [
					{"origin": [3.72401, 9.8886, 3.66255], "size": [1.18318, 16.48649, 0.91091], "uv": [14, 47]}
				]
			},
			{
				"name": "headleave45",
				"parent": "headleave46",
				"pivot": [4.19824, 16.6493, 11.00732],
				"rotation": [3, 0, -10],
				"cubes": [
					{"origin": [4.50996, 10.53026, 2.82807], "size": [1.18318, 15.48649, 0.91091], "uv": [14, 47]}
				]
			},
			{
				"name": "headleave47",
				"parent": "head2",
				"pivot": [-0.23478, 25.6003, 0]
			},
			{
				"name": "headleave48",
				"parent": "headleave47",
				"pivot": [-4.19824, 16.6493, 11.00732],
				"rotation": [0, 0, 20],
				"cubes": [
					{"origin": [-7.225, 17.71963, 0.11011], "size": [1.18318, 7.48649, 0.91091], "uv": [14, 50], "mirror": true}
				]
			},
			{
				"name": "headleave49",
				"parent": "headleave47",
				"pivot": [-4.19824, 16.6493, 11.00732],
				"rotation": [0, 0, 15],
				"cubes": [
					{"origin": [-6.4677, 14.95087, 1.02102], "size": [1.18318, 10.48649, 0.91091], "uv": [14, 50], "mirror": true}
				]
			},
			{
				"name": "headleave50",
				"parent": "headleave47",
				"pivot": [-4.19824, 16.6493, 11.00732],
				"rotation": [0, 0, 10],
				"cubes": [
					{"origin": [-5.69314, 11.11523, 1.93193], "size": [1.18318, 14.48649, 0.91091], "uv": [14, 48], "mirror": true}
				]
			},
			{
				"name": "headleave51",
				"parent": "headleave47",
				"pivot": [-4.19824, 16.6493, 11.00732],
				"rotation": [5, 0, 5],
				"cubes": [
					{"origin": [-4.9072, 9.8886, 3.66255], "size": [1.18318, 16.48649, 0.91091], "uv": [14, 47], "mirror": true}
				]
			},
			{
				"name": "headleave52",
				"parent": "headleave47",
				"pivot": [-4.19824, 16.6493, 11.00732],
				"rotation": [3, 0, 10],
				"cubes": [
					{"origin": [-5.69314, 10.53026, 2.82807], "size": [1.18318, 15.48649, 0.91091], "uv": [14, 47], "mirror": true}
				]
			},
			{
				"name": "helmet",
				"parent": "head",
				"pivot": [-0.25626, 0.67267, -0.0961],
				"rotation": [0, 180, 0]
			},
			{
				"name": "helmet2",
				"parent": "helmet",
				"pivot": [-0.25626, 11.17267, -0.0961],
				"rotation": [0, 0, 45],
				"cubes": [
					{"origin": [-4.12786, 14.97711, 2.83408], "size": [1.14414, 3.01602, 1.04805], "uv": [46, 25]},
					{"origin": [-4.09583, 17.97711, -3.16592], "size": [0.79179, 0.28829, 7], "uv": [45, 27]}
				]
			},
			{
				"name": "helmet3",
				"parent": "helmet",
				"pivot": [-0.25626, 11.17267, -0.0961],
				"rotation": [0, 0, -45],
				"cubes": [
					{"origin": [2.20058, 15.24774, 2.83408], "size": [1.12813, 3.08008, 1.04805], "uv": [46, 25]},
					{"origin": [2.63301, 18.29579, -3.16592], "size": [0.58358, 0.28829, 7], "uv": [45, 27]}
				]
			},
			{
				"name": "helmet4",
				"parent": "helmet",
				"pivot": [-0.25626, 11.17267, -0.0961],
				"rotation": [0, 0, -90],
				"cubes": [
					{"origin": [4.36088, 10.42554, 2.83408], "size": [1.16016, 1.8969, 1], "uv": [45, 26]},
					{"origin": [4.52104, 10.56968, 2.83408], "size": [3, 1.65666, 1.04805], "uv": [45, 24]},
					{"origin": [6.49101, 8.27238, 2.83408], "size": [1.03003, 2.2973, 1.04805], "uv": [45, 24]},
					{"origin": [6.53906, 12.22634, 2.83408], "size": [0.98198, 2.26527, 1.04805], "uv": [45, 24]},
					{"origin": [5.81834, 9.6888, 2.83408], "size": [1.06206, 3.41842, 1], "uv": [45, 24]},
					{"origin": [6.64236, 8.44836, -3.16592], "size": [0.67968, 5.85986, 1], "uv": [45, 24]}
				]
			},
			{
				"name": "helmet5",
				"parent": "helmet",
				"pivot": [0.04805, 11.22072, -0.01602],
				"rotation": [0, 0, -5]
			},
			{
				"name": "helmet18",
				"parent": "helmet5",
				"pivot": [0.04805, 11.22072, -0.01602],
				"rotation": [0, 0, -20],
				"cubes": [
					{"origin": [2.14661, 15.79081, 3.86611], "size": [0.15115, 0.5035, 0.04805], "uv": [59, 38]}
				]
			},
			{
				"name": "helmet19",
				"parent": "helmet5",
				"pivot": [0.04805, 11.22072, -0.01602],
				"rotation": [0, 0, 20],
				"cubes": [
					{"origin": [-1.60175, 16.00916, 3.86611], "size": [0.15115, 0.5035, 0.04805], "uv": [59, 38]}
				]
			},
			{
				"name": "helmet20",
				"parent": "helmet5",
				"pivot": [0.04805, 11.22072, -0.01602],
				"cubes": [
					{"origin": [0.3077, 16.46249, 3.86611], "size": [0.11912, 0.07107, 0.04805], "uv": [59, 38]},
					{"origin": [0.13152, 16.22225, 3.86611], "size": [0.47147, 0.07107, 0.04805], "uv": [59, 38]},
					{"origin": [0.3077, 16.27029, 3.86611], "size": [0.11912, 0.48749, 0.04805], "uv": [59, 38]}
				]
			},
			{
				"name": "helmet6",
				"parent": "helmet",
				"pivot": [-1.64965, 11.28478, -0.01602],
				"rotation": [0, 0, 5]
			},
			{
				"name": "helmet21",
				"parent": "helmet6",
				"pivot": [-1.64965, 11.28478, -0.01602],
				"rotation": [0, 0, -20],
				"cubes": [
					{"origin": [0.44891, 15.85487, 3.86611], "size": [0.15115, 0.5035, 0.04805], "uv": [59, 38]}
				]
			},
			{
				"name": "helmet22",
				"parent": "helmet6",
				"pivot": [-1.64965, 11.28478, -0.01602],
				"rotation": [0, 0, 20],
				"cubes": [
					{"origin": [-3.29944, 16.07322, 3.86611], "size": [0.15115, 0.5035, 0.04805], "uv": [59, 38]}
				]
			},
			{
				"name": "helmet23",
				"parent": "helmet6",
				"pivot": [-1.64965, 11.28478, -0.01602],
				"cubes": [
					{"origin": [-1.39, 16.52655, 3.86611], "size": [0.11912, 0.07107, 0.04805], "uv": [59, 38]},
					{"origin": [-1.56618, 16.28631, 3.86611], "size": [0.47147, 0.07107, 0.04805], "uv": [59, 38]},
					{"origin": [-1.39, 16.33436, 3.86611], "size": [0.11912, 0.48749, 0.04805], "uv": [59, 38]}
				]
			},
			{
				"name": "helmet7",
				"parent": "helmet",
				"pivot": [-0.16016, 22.97347, -0.01602],
				"rotation": [0, 0, 180]
			},
			{
				"name": "helmet24",
				"parent": "helmet7",
				"pivot": [-0.16016, 22.97347, -0.01602],
				"rotation": [0, 0, -20],
				"cubes": [
					{"origin": [1.9384, 27.54356, 3.86611], "size": [0.15115, 0.5035, 0.04805], "uv": [59, 38]}
				]
			},
			{
				"name": "helmet25",
				"parent": "helmet7",
				"pivot": [-0.16016, 22.97347, -0.01602],
				"rotation": [0, 0, 20],
				"cubes": [
					{"origin": [-1.80996, 27.76191, 3.86611], "size": [0.15115, 0.5035, 0.04805], "uv": [59, 38]}
				]
			},
			{
				"name": "helmet26",
				"parent": "helmet7",
				"pivot": [-0.16016, 22.97347, -0.01602],
				"cubes": [
					{"origin": [0.09949, 28.21524, 3.86611], "size": [0.11912, 0.07107, 0.04805], "uv": [59, 38]},
					{"origin": [-0.07669, 27.975, 3.86611], "size": [0.47147, 0.07107, 0.04805], "uv": [59, 38]},
					{"origin": [0.09949, 28.02305, 3.86611], "size": [0.11912, 0.48749, 0.04805], "uv": [59, 38]}
				]
			},
			{
				"name": "helmet8",
				"parent": "helmet",
				"pivot": [-0.56056, 22.90941, -0.01602],
				"rotation": [0, 0, 170]
			},
			{
				"name": "helmet27",
				"parent": "helmet8",
				"pivot": [-0.56056, 22.90941, -0.01602],
				"rotation": [0, 0, -20],
				"cubes": [
					{"origin": [1.30192, 27.46588, 3.86611], "size": [0.15115, 0.5035, 0.04805], "uv": [59, 38]}
				]
			},
			{
				"name": "helmet28",
				"parent": "helmet8",
				"pivot": [-0.56056, 22.90941, -0.01602],
				"rotation": [0, 0, 20],
				"cubes": [
					{"origin": [-2.38245, 27.53567, 3.86611], "size": [0.15115, 0.5035, 0.04805], "uv": [59, 38]}
				]
			},
			{
				"name": "helmet29",
				"parent": "helmet8",
				"pivot": [-0.56056, 22.90941, -0.01602],
				"cubes": [
					{"origin": [-0.5181, 28.05764, 3.86611], "size": [0.11912, 0.07107, 0.04805], "uv": [59, 38]},
					{"origin": [-0.69427, 27.8174, 3.86611], "size": [0.47147, 0.07107, 0.04805], "uv": [59, 38]},
					{"origin": [-0.5181, 27.86544, 3.86611], "size": [0.11912, 0.48749, 0.04805], "uv": [59, 38]}
				]
			},
			{
				"name": "helmet9",
				"parent": "helmet",
				"pivot": [-0.41642, 22.90941, -0.01602],
				"rotation": [0, 0, -170]
			},
			{
				"name": "helmet30",
				"parent": "helmet9",
				"pivot": [-0.41642, 22.90941, -0.01602],
				"rotation": [0, 0, 20],
				"cubes": [
					{"origin": [-2.43005, 27.46588, 3.86611], "size": [0.15115, 0.5035, 0.04805], "uv": [59, 38], "mirror": true}
				]
			},
			{
				"name": "helmet31",
				"parent": "helmet9",
				"pivot": [-0.41642, 22.90941, -0.01602],
				"rotation": [0, 0, -20],
				"cubes": [
					{"origin": [1.25432, 27.53567, 3.86611], "size": [0.15115, 0.5035, 0.04805], "uv": [59, 38], "mirror": true}
				]
			},
			{
				"name": "helmet32",
				"parent": "helmet9",
				"pivot": [-0.41642, 22.90941, -0.01602],
				"cubes": [
					{"origin": [-0.578, 28.05764, 3.86611], "size": [0.11912, 0.07107, 0.04805], "uv": [59, 38], "mirror": true},
					{"origin": [-0.75417, 27.8174, 3.86611], "size": [0.47147, 0.07107, 0.04805], "uv": [59, 38], "mirror": true},
					{"origin": [-0.578, 27.86544, 3.86611], "size": [0.11912, 0.48749, 0.04805], "uv": [59, 38], "mirror": true}
				]
			},
			{
				"name": "helmet10",
				"parent": "helmet",
				"pivot": [-0.27227, 22.90941, -0.01602],
				"rotation": [0, 0, -160]
			},
			{
				"name": "helmet33",
				"parent": "helmet10",
				"pivot": [-0.27227, 22.90941, -0.01602],
				"rotation": [0, 0, 20],
				"cubes": [
					{"origin": [-2.2859, 27.46588, 3.86611], "size": [0.15115, 0.5035, 0.04805], "uv": [59, 38], "mirror": true}
				]
			},
			{
				"name": "helmet34",
				"parent": "helmet10",
				"pivot": [-0.27227, 22.90941, -0.01602],
				"rotation": [0, 0, -20],
				"cubes": [
					{"origin": [1.39847, 27.53567, 3.86611], "size": [0.15115, 0.5035, 0.04805], "uv": [59, 38], "mirror": true}
				]
			},
			{
				"name": "helmet35",
				"parent": "helmet10",
				"pivot": [-0.27227, 22.90941, -0.01602],
				"cubes": [
					{"origin": [-0.43385, 28.05764, 3.86611], "size": [0.11912, 0.07107, 0.04805], "uv": [59, 38], "mirror": true},
					{"origin": [-0.61003, 27.8174, 3.86611], "size": [0.47147, 0.07107, 0.04805], "uv": [59, 38], "mirror": true},
					{"origin": [-0.43385, 27.86544, 3.86611], "size": [0.11912, 0.48749, 0.04805], "uv": [59, 38], "mirror": true}
				]
			},
			{
				"name": "helmet11",
				"parent": "helmet",
				"pivot": [-0.7047, 22.90941, -0.01602],
				"rotation": [0, 0, 160]
			},
			{
				"name": "helmet36",
				"parent": "helmet11",
				"pivot": [-0.7047, 22.90941, -0.01602],
				"rotation": [0, 0, -20],
				"cubes": [
					{"origin": [1.15778, 27.46588, 3.86611], "size": [0.15115, 0.5035, 0.04805], "uv": [59, 38]}
				]
			},
			{
				"name": "helmet37",
				"parent": "helmet11",
				"pivot": [-0.7047, 22.90941, -0.01602],
				"rotation": [0, 0, 20],
				"cubes": [
					{"origin": [-2.5266, 27.53567, 3.86611], "size": [0.15115, 0.5035, 0.04805], "uv": [59, 38]}
				]
			},
			{
				"name": "helmet38",
				"parent": "helmet11",
				"pivot": [-0.7047, 22.90941, -0.01602],
				"cubes": [
					{"origin": [-0.66224, 28.05764, 3.86611], "size": [0.11912, 0.07107, 0.04805], "uv": [59, 38]},
					{"origin": [-0.83842, 27.8174, 3.86611], "size": [0.47147, 0.07107, 0.04805], "uv": [59, 38]},
					{"origin": [-0.66224, 27.86544, 3.86611], "size": [0.11912, 0.48749, 0.04805], "uv": [59, 38]}
				]
			},
			{
				"name": "helmet12",
				"parent": "helmet",
				"pivot": [-13.56807, 7.57583, -0.0961],
				"rotation": [0, 0, 40]
			},
			{
				"name": "helmet39",
				"parent": "helmet12",
				"pivot": [-15.89039, 18.79655, -0.01602],
				"rotation": [0, 0, -20],
				"cubes": [
					{"origin": [-9.41434, 19.95426, 3.86611], "size": [0.15115, 0.5035, 0.04805], "uv": [59, 38]}
				]
			},
			{
				"name": "helmet40",
				"parent": "helmet12",
				"pivot": [-15.89039, 18.79655, -0.01602],
				"rotation": [0, 0, 20],
				"cubes": [
					{"origin": [-11.99341, 23.78475, 3.86611], "size": [0.15115, 0.5035, 0.04805], "uv": [59, 38]}
				]
			},
			{
				"name": "helmet41",
				"parent": "helmet12",
				"pivot": [-15.89039, 18.79655, -0.01602],
				"cubes": [
					{"origin": [-10.35015, 22.55315, 3.86611], "size": [0.11912, 0.07107, 0.04805], "uv": [59, 38]},
					{"origin": [-10.52632, 22.08868, 3.86611], "size": [0.47147, 0.07107, 0.04805], "uv": [59, 38]},
					{"origin": [-10.35015, 22.13673, 3.86611], "size": [0.11912, 0.48749, 0.04805], "uv": [59, 38]}
				]
			},
			{
				"name": "helmet13",
				"parent": "helmet",
				"pivot": [-14.86612, 9.16567, -0.0961],
				"rotation": [0, 0, 45]
			},
			{
				"name": "helmet42",
				"parent": "helmet13",
				"pivot": [-17.18844, 20.38639, -0.01602],
				"rotation": [0, 0, -20],
				"cubes": [
					{"origin": [-10.71239, 21.5441, 3.86611], "size": [0.15115, 0.5035, 0.04805], "uv": [59, 38]}
				]
			},
			{
				"name": "helmet43",
				"parent": "helmet13",
				"pivot": [-17.18844, 20.38639, -0.01602],
				"rotation": [0, 0, 20],
				"cubes": [
					{"origin": [-13.29145, 25.37459, 3.86611], "size": [0.15115, 0.5035, 0.04805], "uv": [59, 38]}
				]
			},
			{
				"name": "helmet44",
				"parent": "helmet13",
				"pivot": [-17.18844, 20.38639, -0.01602],
				"cubes": [
					{"origin": [-11.6482, 24.14299, 3.86611], "size": [0.11912, 0.07107, 0.04805], "uv": [59, 38]},
					{"origin": [-11.82437, 23.67852, 3.86611], "size": [0.47147, 0.07107, 0.04805], "uv": [59, 38]},
					{"origin": [-11.6482, 23.72657, 3.86611], "size": [0.11912, 0.48749, 0.04805], "uv": [59, 38]}
				]
			},
			{
				"name": "helmet14",
				"parent": "helmet",
				"pivot": [-16.25951, 12.35285, -0.0961],
				"rotation": [0, 0, 55]
			},
			{
				"name": "helmet45",
				"parent": "helmet14",
				"pivot": [-18.58183, 23.57357, -0.01602],
				"rotation": [0, 0, -20],
				"cubes": [
					{"origin": [-12.10578, 24.3469, 3.86611], "size": [0.15115, 0.88789, 0.04805], "uv": [59, 38]},
					{"origin": [-12.24993, 24.39495, 3.86611], "size": [0.15115, 0.5996, 0.04805], "uv": [59, 38]},
					{"origin": [-12.39407, 24.45902, 3.86611], "size": [0.15115, 0.37538, 0.04805], "uv": [59, 38]},
					{"origin": [-12.53821, 24.49105, 3.86611], "size": [0.15115, 0.1992, 0.04805], "uv": [59, 38]}
				]
			},
			{
				"name": "helmet46",
				"parent": "helmet14",
				"pivot": [-18.58183, 23.57357, -0.01602],
				"rotation": [0, 0, 20],
				"cubes": [
					{"origin": [-14.68485, 28.17739, 3.86611], "size": [0.15115, 0.88789, 0.04805], "uv": [59, 38]}
				]
			},
			{
				"name": "helmet47",
				"parent": "helmet14",
				"pivot": [-18.58183, 23.57357, -0.01602],
				"rotation": [0, 0, 1],
				"cubes": [
					{"origin": [-13.39385, 26.59462, 3.86611], "size": [0.96797, 0.07107, 0.04805], "uv": [59, 38]}
				]
			},
			{
				"name": "helmet15",
				"parent": "helmet",
				"pivot": [15.29855, 12.35285, -0.0961],
				"rotation": [0, 0, -55]
			},
			{
				"name": "helmet48",
				"parent": "helmet15",
				"pivot": [17.62087, 23.57357, -0.01602],
				"rotation": [0, 0, 20],
				"cubes": [
					{"origin": [10.99367, 24.3469, 3.86611], "size": [0.15115, 0.88789, 0.04805], "uv": [59, 38], "mirror": true},
					{"origin": [11.13781, 24.39495, 3.86611], "size": [0.15115, 0.5996, 0.04805], "uv": [59, 38], "mirror": true},
					{"origin": [11.28196, 24.45902, 3.86611], "size": [0.15115, 0.37538, 0.04805], "uv": [59, 38], "mirror": true},
					{"origin": [11.4261, 24.49105, 3.86611], "size": [0.15115, 0.1992, 0.04805], "uv": [59, 38], "mirror": true}
				]
			},
			{
				"name": "helmet49",
				"parent": "helmet15",
				"pivot": [17.62087, 23.57357, -0.01602],
				"rotation": [0, 0, -20],
				"cubes": [
					{"origin": [13.57273, 28.17739, 3.86611], "size": [0.15115, 0.88789, 0.04805], "uv": [59, 38], "mirror": true}
				]
			},
			{
				"name": "helmet50",
				"parent": "helmet15",
				"pivot": [17.62087, 23.57357, -0.01602],
				"rotation": [0, 0, -1],
				"cubes": [
					{"origin": [11.46492, 26.59462, 3.86611], "size": [0.96797, 0.07107, 0.04805], "uv": [59, 38], "mirror": true}
				]
			},
			{
				"name": "helmet16",
				"parent": "helmet",
				"pivot": [13.88914, 9.16567, -0.0961],
				"rotation": [0, 0, -45]
			},
			{
				"name": "helmet51",
				"parent": "helmet16",
				"pivot": [16.21146, 20.38639, -0.01602],
				"rotation": [0, 0, 20],
				"cubes": [
					{"origin": [9.58426, 21.5441, 3.86611], "size": [0.15115, 0.5035, 0.04805], "uv": [59, 38], "mirror": true}
				]
			},
			{
				"name": "helmet52",
				"parent": "helmet16",
				"pivot": [16.21146, 20.38639, -0.01602],
				"rotation": [0, 0, -20],
				"cubes": [
					{"origin": [12.16333, 25.37459, 3.86611], "size": [0.15115, 0.5035, 0.04805], "uv": [59, 38], "mirror": true}
				]
			},
			{
				"name": "helmet53",
				"parent": "helmet16",
				"pivot": [16.21146, 20.38639, -0.01602],
				"cubes": [
					{"origin": [10.5521, 24.14299, 3.86611], "size": [0.11912, 0.07107, 0.04805], "uv": [59, 38], "mirror": true},
					{"origin": [10.37592, 23.67852, 3.86611], "size": [0.47147, 0.07107, 0.04805], "uv": [59, 38], "mirror": true},
					{"origin": [10.5521, 23.72657, 3.86611], "size": [0.11912, 0.48749, 0.04805], "uv": [59, 38], "mirror": true}
				]
			},
			{
				"name": "helmet17",
				"parent": "helmet",
				"pivot": [12.57508, 7.57583, -0.0961],
				"rotation": [0, 0, -40]
			},
			{
				"name": "helmet54",
				"parent": "helmet17",
				"pivot": [14.8974, 18.79655, -0.01602],
				"rotation": [0, 0, 20],
				"cubes": [
					{"origin": [8.2702, 19.95426, 3.86611], "size": [0.15115, 0.5035, 0.04805], "uv": [59, 38], "mirror": true}
				]
			},
			{
				"name": "helmet55",
				"parent": "helmet17",
				"pivot": [14.8974, 18.79655, -0.01602],
				"rotation": [0, 0, -20],
				"cubes": [
					{"origin": [10.84926, 23.78475, 3.86611], "size": [0.15115, 0.5035, 0.04805], "uv": [59, 38], "mirror": true}
				]
			},
			{
				"name": "helmet56",
				"parent": "helmet17",
				"pivot": [14.8974, 18.79655, -0.01602],
				"cubes": [
					{"origin": [9.23803, 22.55315, 3.86611], "size": [0.11912, 0.07107, 0.04805], "uv": [59, 38], "mirror": true},
					{"origin": [9.06186, 22.08868, 3.86611], "size": [0.47147, 0.07107, 0.04805], "uv": [59, 38], "mirror": true},
					{"origin": [9.23803, 22.13673, 3.86611], "size": [0.11912, 0.48749, 0.04805], "uv": [59, 38], "mirror": true}
				]
			},
			{
				"name": "helmet57",
				"parent": "helmet",
				"pivot": [1.4034, 19.70145, 3.55155]
			},
			{
				"name": "sinFloat",
				"parent": "helmet57",
				"pivot": [1.52052, 19.90966, 4.03203],
				"cubes": [
					{"origin": [1.0961, 19.45245, 4.19219], "size": [5, 3, 0], "uv": [21, 47], "mirror": true}
				]
			},
			{
				"name": "helmet58",
				"parent": "helmet57",
				"pivot": [0.33634, 0, 0],
				"cubes": [
					{"origin": [0.57658, 18.95596, 4.03203], "size": [1, 2, 0], "uv": [41, 50], "mirror": true}
				]
			},
			{
				"name": "headleave53",
				"parent": "head",
				"pivot": [0.064, 17.72773, -0.56056],
				"rotation": [-5, 0, 0],
				"cubes": [
					{"origin": [-2.78685, 24.40641, -4.77277], "size": [5.66066, 1.03203, 0.79179], "uv": [5, 48], "mirror": true}
				]
			},
			{
				"name": "headleave54",
				"parent": "headleave53",
				"pivot": [0.064, 17.72773, -0.56056]
			},
			{
				"name": "headleave55",
				"parent": "headleave54",
				"pivot": [0.064, 17.72773, -0.56056],
				"rotation": [0, 0, -10],
				"cubes": [
					{"origin": [0.29479, 20.74977, -4.78879], "size": [0.61562, 4.13914, 0.67968], "uv": [13, 49], "mirror": true}
				]
			},
			{
				"name": "headleave57",
				"parent": "headleave54",
				"pivot": [0.064, 17.72773, -0.56056],
				"rotation": [0, 0, -10],
				"cubes": [
					{"origin": [0.71121, 20.15717, -4.78879], "size": [0.61562, 4.23524, 0.67968], "uv": [13, 49], "mirror": true}
				]
			},
			{
				"name": "headleave58",
				"parent": "headleave54",
				"pivot": [0.064, 17.72773, -0.56056],
				"rotation": [0, 0, -20],
				"cubes": [
					{"origin": [1.76827, 20.84586, -4.78879], "size": [0.61562, 3.72272, 0.67968], "uv": [13, 49], "mirror": true}
				]
			},
			{
				"name": "headleave61",
				"parent": "headleave54",
				"pivot": [0.064, 17.72773, -0.56056],
				"rotation": [0, 0, -17],
				"cubes": [
					{"origin": [1.36787, 20.47749, -4.78879], "size": [0.61562, 4.09109, 0.67968], "uv": [13, 49], "mirror": true}
				]
			},
			{
				"name": "headleave73",
				"parent": "headleave54",
				"pivot": [0.064, 17.72773, -0.56056],
				"rotation": [0, 0, 3],
				"cubes": [
					{"origin": [-0.04154, 21.61463, -4.91692], "size": [0.08709, 0.95195, 0.75976], "uv": [32, 60], "mirror": true}
				]
			},
			{
				"name": "headleave74",
				"parent": "headleave54",
				"pivot": [0.064, 17.72773, -0.56056],
				"rotation": [0, 0, -17],
				"cubes": [
					{"origin": [1.61456, 21.32912, -4.91692], "size": [0.08709, 0.95195, 0.75976], "uv": [32, 60], "mirror": true}
				]
			},
			{
				"name": "headleave68",
				"parent": "headleave54",
				"pivot": [0.064, 17.72773, -0.56056],
				"rotation": [0, 0, -27],
				"cubes": [
					{"origin": [1.68819, 20.07709, -4.91692], "size": [0.72773, 1.59259, 0.75976], "uv": [32, 60], "mirror": true}
				]
			},
			{
				"name": "headleave67",
				"parent": "headleave54",
				"pivot": [0.064, 17.72773, -0.56056],
				"rotation": [0, 0, -37],
				"cubes": [
					{"origin": [2.66736, 20.02786, -4.91692], "size": [0.5035, 1.16016, 0.75976], "uv": [32, 60], "mirror": true}
				]
			},
			{
				"name": "headleave75",
				"parent": "headleave54",
				"pivot": [0.064, 17.72773, -0.56056],
				"rotation": [0, 0, -37],
				"cubes": [
					{"origin": [3.1158, 21.0689, -4.91692], "size": [0.24725, 0.11912, 0.75976], "uv": [32, 60], "mirror": true}
				]
			},
			{
				"name": "headleave76",
				"parent": "headleave54",
				"pivot": [0.064, 17.72773, -0.56056],
				"rotation": [0, 0, -52],
				"cubes": [
					{"origin": [4.1154, 20.10119, -4.91692], "size": [0.24725, 0.11912, 0.75976], "uv": [32, 60], "mirror": true}
				]
			},
			{
				"name": "headleave77",
				"parent": "headleave54",
				"pivot": [0.064, 17.72773, -0.56056],
				"rotation": [0, 0, -107],
				"cubes": [
					{"origin": [3.18554, 15.56785, -4.91692], "size": [1.28829, 0.18318, 0.75976], "uv": [32, 60], "mirror": true},
					{"origin": [3.05741, 15.67996, -4.91692], "size": [1.28829, 0.26326, 0.75976], "uv": [32, 60], "mirror": true}
				]
			},
			{
				"name": "headleave78",
				"parent": "headleave54",
				"pivot": [0.064, 17.72773, -0.56056],
				"rotation": [0, 0, -97],
				"cubes": [
					{"origin": [3.63399, 16.33662, -4.91692], "size": [1.46446, 0.11912, 0.75976], "uv": [32, 60], "mirror": true}
				]
			},
			{
				"name": "headleave63",
				"parent": "headleave54",
				"pivot": [0.064, 17.72773, -0.56056],
				"rotation": [0, 0, -6],
				"cubes": [
					{"origin": [0.503, 20.09311, -4.91692], "size": [0.61562, 1.75275, 0.75976], "uv": [32, 60], "mirror": true}
				]
			},
			{
				"name": "headleave64",
				"parent": "headleave54",
				"pivot": [0.064, 17.72773, -0.56056],
				"rotation": [0, 0, 4],
				"cubes": [
					{"origin": [-0.44194, 20.76578, -4.91692], "size": [0.47147, 1.56056, 0.75976], "uv": [32, 60], "mirror": true}
				]
			},
			{
				"name": "headleave65",
				"parent": "headleave54",
				"pivot": [0.064, 17.72773, -0.56056],
				"rotation": [0, 0, -21],
				"cubes": [
					{"origin": [0.8894, 20.69496, -4.91692], "size": [0.43944, 1.52853, 0.75976], "uv": [32, 60], "mirror": true}
				]
			},
			{
				"name": "headleave80",
				"parent": "headleave54",
				"pivot": [0.064, 17.72773, -0.56056],
				"rotation": [0, 0, -36],
				"cubes": [
					{"origin": [1.62925, 18.8517, -4.91692], "size": [0.43944, 1.52853, 0.75976], "uv": [32, 60], "mirror": true}
				]
			},
			{
				"name": "headleave62",
				"parent": "headleave54",
				"pivot": [0.064, 17.72773, -0.56056],
				"rotation": [0, 0, 4],
				"cubes": [
					{"origin": [0.43777, 19.87733, -4.91692], "size": [0.43944, 1.52853, 0.75976], "uv": [32, 60], "mirror": true}
				]
			},
			{
				"name": "headleave71",
				"parent": "headleave54",
				"pivot": [0.064, 17.72773, -0.56056],
				"rotation": [0, 0, -21],
				"cubes": [
					{"origin": [1.09761, 20.69496, -4.91692], "size": [0.34334, 1.8008, 0.75976], "uv": [32, 60], "mirror": true}
				]
			},
			{
				"name": "headleave79",
				"parent": "headleave54",
				"pivot": [0.064, 17.72773, -0.56056],
				"rotation": [0, 0, -21],
				"cubes": [
					{"origin": [1.24175, 20.9352, -4.91692], "size": [0.1992, 1.8008, 0.75976], "uv": [32, 60], "mirror": true}
				]
			},
			{
				"name": "headleave66",
				"parent": "headleave54",
				"pivot": [0.064, 17.72773, -0.56056],
				"rotation": [0, 0, 9],
				"cubes": [
					{"origin": [-1.46907, 22.03387, -4.91692], "size": [0.18318, 1.14414, 0.75976], "uv": [32, 60], "mirror": true}
				]
			},
			{
				"name": "headleave70",
				"parent": "headleave54",
				"pivot": [0.064, 17.72773, -0.56056],
				"rotation": [0, 0, -16],
				"cubes": [
					{"origin": [0.95633, 22.53801, -4.91692], "size": [0.1992, 0.6957, 0.75976], "uv": [32, 60], "mirror": true}
				]
			},
			{
				"name": "headleave72",
				"parent": "headleave54",
				"pivot": [0.064, 17.72773, -0.56056],
				"rotation": [0, 0, -36],
				"cubes": [
					{"origin": [2.38757, 21.24702, -4.91692], "size": [0.37538, 0.6957, 0.75976], "uv": [32, 60], "mirror": true}
				]
			},
			{
				"name": "headleave59",
				"parent": "headleave54",
				"pivot": [0.064, 17.72773, -0.56056],
				"rotation": [0, 0, -15],
				"cubes": [
					{"origin": [1.76827, 21.13415, -4.78879], "size": [0.61562, 3.81882, 0.67968], "uv": [13, 49], "mirror": true}
				]
			},
			{
				"name": "headleave60",
				"parent": "headleave54",
				"pivot": [0.064, 17.72773, -0.56056],
				"rotation": [0, 0, -20],
				"cubes": [
					{"origin": [2.58508, 21.67869, -4.78879], "size": [0.80781, 2.64965, 0.67968], "uv": [13, 49], "mirror": true}
				]
			},
			{
				"name": "headleave86",
				"parent": "headleave54",
				"pivot": [0.064, 17.72773, -0.56056],
				"rotation": [0, 0, -40],
				"cubes": [
					{"origin": [3.83433, 19.51653, -4.78879], "size": [1.46446, 2.96997, 0.67968], "uv": [13, 49], "mirror": true}
				]
			},
			{
				"name": "headleave87",
				"parent": "headleave54",
				"pivot": [0.064, 17.72773, -0.56056],
				"rotation": [0, 0, -70],
				"cubes": [
					{"origin": [4.22361, 15.27059, -4.78879], "size": [1.4004, 2.12112, 0.67968], "uv": [13, 49], "mirror": true}
				]
			},
			{
				"name": "headleave88",
				"parent": "headleave54",
				"pivot": [0.064, 17.72773, -0.56056],
				"rotation": [0, 0, -25],
				"cubes": [
					{"origin": [4.62002, 19.33475, -4.78879], "size": [0.67968, 3.83483, 0.67968], "uv": [13, 49], "mirror": true}
				]
			},
			{
				"name": "headleave90",
				"parent": "headleave54",
				"pivot": [0.064, 17.72773, -0.56056],
				"rotation": [0, 0, -25],
				"cubes": [
					{"origin": [5.24464, 18.91834, -4.78879], "size": [0.67968, 4.58759, 0.67968], "uv": [13, 49], "mirror": true}
				]
			},
			{
				"name": "headleave89",
				"parent": "headleave54",
				"pivot": [0.064, 17.72773, -0.56056],
				"rotation": [0, 0, -45],
				"cubes": [
					{"origin": [5.069, 18.74844, -4.78879], "size": [1.27227, 3.64264, 0.67968], "uv": [13, 49], "mirror": true}
				]
			},
			{
				"name": "headleave56",
				"parent": "headleave54",
				"pivot": [0.064, 17.72773, -0.56056],
				"rotation": [0, 0, -5],
				"cubes": [
					{"origin": [-0.4789, 21.28894, -4.78879], "size": [0.56757, 4.02703, 0.67968], "uv": [13, 49], "mirror": true}
				]
			},
			{
				"name": "headleave69",
				"parent": "headleave54",
				"pivot": [0.064, 17.72773, -0.56056],
				"rotation": [0, 0, 5],
				"cubes": [
					{"origin": [-1.76018, 21.96161, -4.78879], "size": [0.66366, 3.08208, 0.67968], "uv": [13, 49], "mirror": true}
				]
			},
			{
				"name": "headleave81",
				"parent": "headleave54",
				"pivot": [0.064, 17.72773, -0.56056],
				"rotation": [0, 0, 35],
				"cubes": [
					{"origin": [-5.53996, 20.87252, -4.78879], "size": [1.04805, 2.44144, 0.67968], "uv": [13, 49], "mirror": true}
				]
			},
			{
				"name": "headleave83",
				"parent": "headleave54",
				"pivot": [0.064, 17.72773, -0.56056],
				"rotation": [0, 0, 25],
				"cubes": [
					{"origin": [-5.16898, 20.17549, -4.78879], "size": [0.85586, 3.24224, 0.67968], "uv": [13, 49], "mirror": true}
				]
			},
			{
				"name": "headleave84",
				"parent": "headleave54",
				"pivot": [0.064, 17.72773, -0.56056],
				"rotation": [0, 0, 25],
				"cubes": [
					{"origin": [-5.82564, 20.91223, -4.78879], "size": [0.96797, 2.6016, 0.67968], "uv": [13, 49], "mirror": true}
				]
			},
			{
				"name": "headleave82",
				"parent": "headleave54",
				"pivot": [0.064, 17.72773, -0.56056],
				"rotation": [0, 0, 20],
				"cubes": [
					{"origin": [-4.42296, 20.46303, -4.78879], "size": [0.85586, 2.55355, 0.67968], "uv": [13, 49], "mirror": true}
				]
			},
			{
				"name": "headleave85",
				"parent": "headleave54",
				"pivot": [0.064, 17.72773, -0.56056],
				"rotation": [0, 0, 20],
				"cubes": [
					{"origin": [-4.53508, 19.66223, -4.78879], "size": [0.75976, 2.55355, 0.67968], "uv": [13, 49], "mirror": true}
				]
			},
			{
				"name": "headleave91",
				"parent": "head",
				"pivot": [-0.064, 18, 0]
			},
			{
				"name": "headleave92",
				"parent": "headleave91",
				"pivot": [-0.064, 18, 0],
				"cubes": [
					{"origin": [-2.15309, 17.93594, -4.05205], "size": [0.19219, 1.01602, 0.18318], "uv": [61, 0]},
					{"origin": [-2.15309, 20.96997, -4.05205], "size": [0.19219, 1.31331, 0.18318], "uv": [61, 0]}
				]
			},
			{
				"name": "armLeft",
				"pivot": [3, 17.5, 0],
				"rotation": [0, 0, -25],
				"cubes": [
					{"origin": [3, 9.5, -1], "size": [2, 8, 2], "uv": [0, 35]}
				]
			},
			{
				"name": "armLeft2",
				"parent": "armLeft",
				"pivot": [3, 17.5, 0]
			},
			{
				"name": "armRight7",
				"parent": "armLeft2",
				"pivot": [3, 17.5, 0],
				"cubes": [
					{"origin": [4.97497, 12.5, -1], "size": [0.61562, 5.47147, 2], "uv": [46, 0], "mirror": true},
					{"origin": [2.63575, 12.5, -1.08423], "size": [0.61562, 5.47147, 2], "uv": [46, 0], "mirror": true},
					{"origin": [2.54515, 15.0966, -1.12176], "size": [0.6957, 0.68268, 2], "uv": [52, 29], "mirror": true},
					{"origin": [2.54515, 16.93644, -1.12176], "size": [0.6957, 0.68268, 2], "uv": [52, 29], "mirror": true},
					{"origin": [4.99682, 16.93644, -1.0262], "size": [0.6957, 0.68268, 2], "uv": [52, 29], "mirror": true},
					{"origin": [4.99682, 15.0966, -1.0262], "size": [0.6957, 0.68268, 2], "uv": [52, 29], "mirror": true}
				]
			},
			{
				"name": "armRight8",
				"parent": "armLeft2",
				"pivot": [3, 17.5, 0],
				"rotation": [0, 90, 0],
				"cubes": [
					{"origin": [3.90392, 12.5, 0.07105], "size": [0.61562, 5.47147, 2], "uv": [46, 0], "mirror": true},
					{"origin": [1.56469, 12.5, 0.15528], "size": [0.61562, 5.47147, 2], "uv": [46, 0], "mirror": true},
					{"origin": [1.56469, 12.5, 0.15528], "size": [0.61562, 5.47147, 2], "uv": [46, 0], "mirror": true},
					{"origin": [3.90392, 16.95245, 0.07105], "size": [0.74374, 0.66667, 2], "uv": [49, 28], "mirror": true},
					{"origin": [3.90392, 15.11261, 0.07105], "size": [0.74374, 0.66667, 2], "uv": [49, 28], "mirror": true},
					{"origin": [1.5003, 16.95245, 0.16661], "size": [0.74374, 0.66667, 2], "uv": [49, 28], "mirror": true},
					{"origin": [1.5003, 15.11261, 0.16661], "size": [0.74374, 0.66667, 2], "uv": [49, 28], "mirror": true}
				]
			},
			{
				"name": "armRight9",
				"parent": "armLeft2",
				"pivot": [3, 17.5, 0],
				"rotation": [0, 45, 0],
				"cubes": [
					{"origin": [4.92332, 12.5, 0.38998], "size": [0.61562, 5.47147, 0.73473], "uv": [49, 2], "mirror": true},
					{"origin": [3.5091, 12.5, -1.02423], "size": [0.61562, 5.47147, 0.73473], "uv": [49, 2], "mirror": true},
					{"origin": [2.09489, 12.5, 0.38998], "size": [0.61562, 5.47147, 0.73473], "uv": [49, 2], "mirror": true},
					{"origin": [3.5091, 12.5, 1.8042], "size": [0.61562, 5.47147, 0.73473], "uv": [49, 2], "mirror": true},
					{"origin": [3.47157, 16.95245, -1.11483], "size": [0.74374, 0.66667, 0.78278], "uv": [52, 29], "mirror": true},
					{"origin": [3.47157, 15.11261, -1.11483], "size": [0.74374, 0.66667, 0.78278], "uv": [52, 29], "mirror": true},
					{"origin": [2.05736, 16.93644, 0.29938], "size": [0.64765, 0.68268, 0.87888], "uv": [53, 29], "mirror": true},
					{"origin": [2.05736, 15.0966, 0.29938], "size": [0.64765, 0.68268, 0.87888], "uv": [53, 29], "mirror": true},
					{"origin": [3.47157, 16.95245, 1.80969], "size": [0.74374, 0.66667, 0.78278], "uv": [52, 29], "mirror": true},
					{"origin": [3.47157, 15.11261, 1.80969], "size": [0.74374, 0.66667, 0.78278], "uv": [52, 29], "mirror": true},
					{"origin": [4.98188, 16.93644, 0.29938], "size": [0.64765, 0.68268, 0.87888], "uv": [53, 29], "mirror": true},
					{"origin": [4.98188, 15.0966, 0.29938], "size": [0.64765, 0.68268, 0.87888], "uv": [53, 29], "mirror": true}
				]
			},
			{
				"name": "bone2",
				"parent": "armLeft2",
				"pivot": [3, 17.5, 0],
				"cubes": [
					{"origin": [3.14915, 17.51301, -1], "size": [2.44144, 0.45846, 2.06406], "uv": [24, 56], "mirror": true}
				]
			},
			{
				"name": "armRight",
				"pivot": [-3, 17.5, 0],
				"rotation": [0, 0, 25],
				"cubes": [
					{"origin": [-5, 9.5, -1], "size": [2, 8, 2], "uv": [39, 39]}
				]
			},
			{
				"name": "armRight2",
				"parent": "armRight",
				"pivot": [-3, 17.5, 0]
			},
			{
				"name": "armRight3",
				"parent": "armRight2",
				"pivot": [-3, 17.5, 0],
				"cubes": [
					{"origin": [-5.59059, 12.5, -1], "size": [0.61562, 5.47147, 2], "uv": [46, 0]},
					{"origin": [-3.25136, 12.5, -1.08423], "size": [0.61562, 5.47147, 2], "uv": [46, 0]},
					{"origin": [-3.24084, 15.0966, -1.12176], "size": [0.6957, 0.68268, 2], "uv": [52, 29]},
					{"origin": [-3.24084, 16.93644, -1.12176], "size": [0.6957, 0.68268, 2], "uv": [52, 29]},
					{"origin": [-5.69252, 16.93644, -1.0262], "size": [0.6957, 0.68268, 2], "uv": [52, 29]},
					{"origin": [-5.69252, 15.0966, -1.0262], "size": [0.6957, 0.68268, 2], "uv": [52, 29]}
				]
			},
			{
				"name": "armRight5",
				"parent": "armRight2",
				"pivot": [-3, 17.5, 0],
				"rotation": [0, -90, 0],
				"cubes": [
					{"origin": [-4.51954, 12.5, 0.07105], "size": [0.61562, 5.47147, 2], "uv": [46, 0]},
					{"origin": [-2.18031, 12.5, 0.15528], "size": [0.61562, 5.47147, 2], "uv": [46, 0]},
					{"origin": [-2.18031, 12.5, 0.15528], "size": [0.61562, 5.47147, 2], "uv": [46, 0]},
					{"origin": [-4.64766, 16.95245, 0.07105], "size": [0.74374, 0.66667, 2], "uv": [49, 28]},
					{"origin": [-4.64766, 15.11261, 0.07105], "size": [0.74374, 0.66667, 2], "uv": [49, 28]},
					{"origin": [-2.24404, 16.95245, 0.16661], "size": [0.74374, 0.66667, 2], "uv": [49, 28]},
					{"origin": [-2.24404, 15.11261, 0.16661], "size": [0.74374, 0.66667, 2], "uv": [49, 28]}
				]
			},
			{
				"name": "armRight4",
				"parent": "armRight2",
				"pivot": [-3, 17.5, 0],
				"rotation": [0, -45, 0],
				"cubes": [
					{"origin": [-5.53893, 12.5, 0.38998], "size": [0.61562, 5.47147, 0.73473], "uv": [49, 2]},
					{"origin": [-4.12472, 12.5, -1.02423], "size": [0.61562, 5.47147, 0.73473], "uv": [49, 2]},
					{"origin": [-2.7105, 12.5, 0.38998], "size": [0.61562, 5.47147, 0.73473], "uv": [49, 2]},
					{"origin": [-4.12472, 12.5, 1.8042], "size": [0.61562, 5.47147, 0.73473], "uv": [49, 2]},
					{"origin": [-4.21532, 16.95245, -1.11483], "size": [0.74374, 0.66667, 0.78278], "uv": [52, 29]},
					{"origin": [-4.21532, 15.11261, -1.11483], "size": [0.74374, 0.66667, 0.78278], "uv": [52, 29]},
					{"origin": [-2.70501, 16.93644, 0.29938], "size": [0.64765, 0.68268, 0.87888], "uv": [53, 29]},
					{"origin": [-2.70501, 15.0966, 0.29938], "size": [0.64765, 0.68268, 0.87888], "uv": [53, 29]},
					{"origin": [-4.21532, 16.95245, 1.80969], "size": [0.74374, 0.66667, 0.78278], "uv": [52, 29]},
					{"origin": [-4.21532, 15.11261, 1.80969], "size": [0.74374, 0.66667, 0.78278], "uv": [52, 29]},
					{"origin": [-5.62953, 16.93644, 0.29938], "size": [0.64765, 0.68268, 0.87888], "uv": [53, 29]},
					{"origin": [-5.62953, 15.0966, 0.29938], "size": [0.64765, 0.68268, 0.87888], "uv": [53, 29]}
				]
			},
			{
				"name": "bone3",
				"parent": "armRight2",
				"pivot": [-3, 17.5, 0],
				"cubes": [
					{"origin": [-5.59059, 17.51301, -1], "size": [2.44144, 0.45846, 2.06406], "uv": [25, 56]}
				]
			},
			{
				"name": "body",
				"pivot": [0, 10.5, 0],
				"cubes": [
					{"origin": [-2.88163, 11, -2.5], "size": [5.47107, 1.25, 5], "uv": [19, 27]},
					{"origin": [-3.63438, 8.088, -2.724], "size": [7, 3, 5], "uv": [24, 16]},
					{"origin": [-2.9, 11, -2.5], "size": [5.7, 7, 5], "uv": [19, 22]},
					{"origin": [-3.132, 11.0961, -2.996], "size": [6, 7, 5.74374], "uv": [1, 16]}
				]
			},
			{
				"name": "collar",
				"parent": "body",
				"pivot": [0, 11.5, 0]
			},
			{
				"name": "suit",
				"parent": "body",
				"pivot": [0, 10.5, 0]
			},
			{
				"name": "suit2",
				"parent": "suit",
				"pivot": [-0.5, 19, 0.5],
				"rotation": [0, 0, 60],
				"cubes": [
					{"origin": [2.45884, 17.065, -3.08408], "size": [1, 1.97497, 1], "uv": [29, 52]}
				]
			},
			{
				"name": "suit4",
				"parent": "suit",
				"pivot": [-0.5, 19, 0.5],
				"cubes": [
					{"origin": [-1.86752, 15.59153, -3.08408], "size": [3.43443, 2.51952, 1], "uv": [26, 50]},
					{"origin": [-0.87452, 15.67161, -3.08408], "size": [1.41642, 2.43944, 1], "uv": [26, 50]}
				]
			},
			{
				"name": "suit3",
				"parent": "suit",
				"pivot": [0.5, 19, 0.5],
				"rotation": [0, 0, -60],
				"cubes": [
					{"origin": [-3.65518, 17.40507, -3.08408], "size": [1, 1.91091, 1], "uv": [29, 52], "mirror": true}
				]
			},
			{
				"name": "skirt",
				"parent": "body",
				"pivot": [0.12813, 0, 0]
			},
			{
				"name": "skirt13",
				"parent": "skirt",
				"pivot": [0.12813, 0, 0]
			},
			{
				"name": "skirt2",
				"parent": "skirt13",
				"pivot": [-1.87187, 12.00951, -3.62913],
				"cubes": [
					{"origin": [-2.87187, 6.75676, -3.88889], "size": [2, 10.50551, 0.51952], "uv": [47, 2]}
				]
			},
			{
				"name": "skirt42",
				"parent": "skirt13",
				"pivot": [-1.87187, 12.00951, -3.62913]
			},
			{
				"name": "skirt45",
				"parent": "skirt42",
				"pivot": [-1.87187, 12.00951, -3.62913],
				"cubes": [
					{"origin": [-3.4004, 8.7017, -4.47948], "size": [2, 2.50551, 1.11011], "uv": [44, 16]}
				]
			},
			{
				"name": "skirt43",
				"parent": "skirt42",
				"pivot": [-1.87187, 12.00951, -3.62913],
				"cubes": [
					{"origin": [-3.4004, 10.3033, -4.66066], "size": [2, 0.9039, 0.18118], "uv": [51, 18]}
				]
			},
			{
				"name": "skirt44",
				"parent": "skirt42",
				"pivot": [-1.87187, 12.00951, -3.62913],
				"cubes": [
					{"origin": [-2.61562, 10.33534, -4.75676], "size": [0.35035, 0.34334, 0.18118], "uv": [60, 40]}
				]
			},
			{
				"name": "skirt46",
				"parent": "skirt42",
				"pivot": [-1.87187, 12.00951, -3.62913],
				"cubes": [
					{"origin": [-2.56757, 8.71772, -4.56456], "size": [0.27027, 1.99299, 0.18118], "uv": [60, 44]}
				]
			},
			{
				"name": "skirt47",
				"parent": "skirt13",
				"pivot": [1.87187, 12.00951, -3.62913]
			},
			{
				"name": "skirt48",
				"parent": "skirt47",
				"pivot": [1.87187, 12.00951, -3.62913],
				"cubes": [
					{"origin": [1.22422, 8.7017, -4.47948], "size": [2, 2.50551, 1.11011], "uv": [44, 16], "mirror": true}
				]
			},
			{
				"name": "skirt49",
				"parent": "skirt47",
				"pivot": [1.87187, 12.00951, -3.62913],
				"cubes": [
					{"origin": [1.22422, 10.3033, -4.66066], "size": [2, 0.9039, 0.18118], "uv": [51, 18], "mirror": true}
				]
			},
			{
				"name": "skirt50",
				"parent": "skirt47",
				"pivot": [1.87187, 12.00951, -3.62913],
				"cubes": [
					{"origin": [2.08909, 10.33534, -4.75676], "size": [0.35035, 0.34334, 0.18118], "uv": [60, 40], "mirror": true}
				]
			},
			{
				"name": "skirt51",
				"parent": "skirt47",
				"pivot": [1.87187, 12.00951, -3.62913],
				"cubes": [
					{"origin": [2.12112, 8.71772, -4.56456], "size": [0.27027, 1.99299, 0.18118], "uv": [60, 44], "mirror": true}
				]
			},
			{
				"name": "skirt10",
				"parent": "skirt13",
				"pivot": [-1.87187, 12.00951, -3.62913],
				"cubes": [
					{"origin": [-3.02404, 6.9009, 2.47847], "size": [2, 10.36136, 0.51952], "uv": [45, 1]},
					{"origin": [-1.02404, 6.9009, 2.47847], "size": [2, 10.36136, 0.51952], "uv": [45, 1]},
					{"origin": [0.97596, 6.9009, 2.47847], "size": [2, 10.36136, 0.51952], "uv": [45, 1]}
				]
			},
			{
				"name": "skirt6",
				"parent": "skirt13",
				"pivot": [0.12813, 0, 0],
				"rotation": [0, 90, 0],
				"cubes": [
					{"origin": [1.4975, 11.06507, -3.51952], "size": [2, 6.1972, 0.51952], "uv": [45, 1]},
					{"origin": [-0.5025, 11.06507, -3.51952], "size": [2, 6.1972, 0.51952], "uv": [45, 1]},
					{"origin": [-2.5025, 11.06507, -3.51952], "size": [2, 6.1972, 0.51952], "uv": [45, 1]}
				]
			},
			{
				"name": "skirt7",
				"parent": "skirt13",
				"pivot": [0.12813, 0, 0],
				"rotation": [0, 45, 0],
				"cubes": [
					{"origin": [0.06998, 11.14515, -4.87118], "size": [0.68669, 6.11712, 0.51952], "uv": [45, 2]}
				]
			},
			{
				"name": "skirt9",
				"parent": "skirt13",
				"pivot": [0.12813, 0, 0],
				"rotation": [0, 45, 0],
				"cubes": [
					{"origin": [-4.22068, 11.14515, -0.62854], "size": [0.68669, 6.11712, 0.51952], "uv": [45, 2]}
				]
			},
			{
				"name": "skirt3",
				"parent": "skirt13",
				"pivot": [-1.87187, 12.76226, -3.62913],
				"rotation": [0, 0, 15],
				"cubes": [
					{"origin": [-3.02959, 9.28066, -3.88889], "size": [2, 4.17918, 0.51952], "uv": [45, 2]}
				]
			},
			{
				"name": "skirt12",
				"parent": "skirt13",
				"pivot": [-1.87187, 12.76226, -3.62913],
				"rotation": [0, 0, 15],
				"cubes": [
					{"origin": [-3.02959, 9.28066, 2.5015], "size": [2, 4.17918, 0.51952], "uv": [45, 2]}
				]
			},
			{
				"name": "skirt8",
				"parent": "skirt13",
				"pivot": [-1.87187, 12.76226, -3.62913],
				"rotation": [0, 90, 20],
				"cubes": [
					{"origin": [-3.61211, 9.19301, -4.99852], "size": [2, 4.17918, 0.51952], "uv": [45, 2]},
					{"origin": [-5.61211, 9.19301, -4.99852], "size": [2, 4.17918, 0.51952], "uv": [45, 2]},
					{"origin": [-8.47698, 9.19301, -4.99852], "size": [2.86486, 4.17918, 0.51952], "uv": [45, 2]}
				]
			},
			{
				"name": "skirt11",
				"parent": "skirt13",
				"pivot": [-1.87187, 12.76226, -3.62913],
				"rotation": [0, 90, 0],
				"cubes": [
					{"origin": [-3.61211, 6.89864, -6.13669], "size": [2, 2.97798, 0.51952], "uv": [45, 2]},
					{"origin": [-5.61211, 6.89864, -6.13669], "size": [2, 2.97798, 0.51952], "uv": [45, 2]},
					{"origin": [-8.47698, 6.89864, -6.13669], "size": [2.86486, 2.97798, 0.51952], "uv": [45, 2]}
				]
			},
			{
				"name": "skirt4",
				"parent": "skirt13",
				"pivot": [-1.87187, 12.76226, -3.62913],
				"cubes": [
					{"origin": [-3.89125, 6.88112, 2.51752], "size": [2, 2.81782, 0.51952], "uv": [45, 2]},
					{"origin": [-3.89125, 6.88112, -3.88889], "size": [2, 2.81782, 0.51952], "uv": [45, 2]}
				]
			},
			{
				"name": "skirt5",
				"parent": "skirt13",
				"pivot": [-1.87187, 12.76226, -3.62913],
				"rotation": [0, 0, 10],
				"cubes": [
					{"origin": [-2.8402, 6.59578, -3.88889], "size": [2.99099, 0.52252, 0.51952], "uv": [44, 5]}
				]
			},
			{
				"name": "skirt14",
				"parent": "skirt",
				"pivot": [-0.17618, 0, 0]
			},
			{
				"name": "skirt15",
				"parent": "skirt14",
				"pivot": [1.82382, 12.00951, -3.62913],
				"cubes": [
					{"origin": [0.82382, 6.75676, -3.88889], "size": [2, 10.50551, 0.51952], "uv": [48, 1], "mirror": true}
				]
			},
			{
				"name": "skirt16",
				"parent": "skirt14",
				"pivot": [1.82382, 12.00951, -3.62913],
				"cubes": [
					{"origin": [0.97599, 6.9009, 2.47847], "size": [2, 10.36136, 0.51952], "uv": [45, 1], "mirror": true},
					{"origin": [-1.02401, 6.9009, 2.47847], "size": [2, 10.36136, 0.51952], "uv": [45, 1], "mirror": true},
					{"origin": [-3.02401, 6.9009, 2.47847], "size": [2, 10.36136, 0.51952], "uv": [45, 1], "mirror": true}
				]
			},
			{
				"name": "skirt17",
				"parent": "skirt14",
				"pivot": [-0.17618, 0, 0],
				"rotation": [0, -90, 0],
				"cubes": [
					{"origin": [-3.54555, 11.06507, -3.51952], "size": [2, 6.1972, 0.51952], "uv": [45, 1], "mirror": true},
					{"origin": [-1.54555, 11.06507, -3.51952], "size": [2, 6.1972, 0.51952], "uv": [45, 1], "mirror": true},
					{"origin": [0.45445, 11.06507, -3.51952], "size": [2, 6.1972, 0.51952], "uv": [45, 1], "mirror": true}
				]
			},
			{
				"name": "skirt18",
				"parent": "skirt14",
				"pivot": [-0.17618, 0, 0],
				"rotation": [0, -45, 0],
				"cubes": [
					{"origin": [-0.80472, 11.14515, -4.87118], "size": [0.68669, 6.11712, 0.51952], "uv": [45, 2], "mirror": true}
				]
			},
			{
				"name": "skirt19",
				"parent": "skirt14",
				"pivot": [-0.17618, 0, 0],
				"rotation": [0, -45, 0],
				"cubes": [
					{"origin": [3.48595, 11.14515, -0.62854], "size": [0.68669, 6.11712, 0.51952], "uv": [45, 2], "mirror": true}
				]
			},
			{
				"name": "skirt20",
				"parent": "skirt14",
				"pivot": [1.82382, 12.76226, -3.62913],
				"rotation": [0, 0, -15],
				"cubes": [
					{"origin": [0.98154, 9.28066, -3.88889], "size": [2, 4.17918, 0.51952], "uv": [45, 2], "mirror": true}
				]
			},
			{
				"name": "skirt21",
				"parent": "skirt14",
				"pivot": [1.82382, 12.76226, -3.62913],
				"rotation": [0, 0, -15],
				"cubes": [
					{"origin": [0.98154, 9.28066, 2.5015], "size": [2, 4.17918, 0.51952], "uv": [45, 2], "mirror": true}
				]
			},
			{
				"name": "skirt22",
				"parent": "skirt14",
				"pivot": [1.82382, 12.76226, -3.62913],
				"rotation": [0, -90, -20],
				"cubes": [
					{"origin": [1.56406, 9.19301, -4.99852], "size": [2, 4.17918, 0.51952], "uv": [45, 2], "mirror": true},
					{"origin": [3.56406, 9.19301, -4.99852], "size": [2, 4.17918, 0.51952], "uv": [45, 2], "mirror": true},
					{"origin": [5.56406, 9.19301, -4.99852], "size": [2.86486, 4.17918, 0.51952], "uv": [45, 2], "mirror": true}
				]
			},
			{
				"name": "skirt23",
				"parent": "skirt14",
				"pivot": [1.82382, 12.76226, -3.62913],
				"rotation": [0, -90, 0],
				"cubes": [
					{"origin": [1.56406, 6.89864, -6.13669], "size": [2, 2.97798, 0.51952], "uv": [45, 2], "mirror": true},
					{"origin": [3.56406, 6.89864, -6.13669], "size": [2, 2.97798, 0.51952], "uv": [45, 2], "mirror": true},
					{"origin": [5.56406, 6.89864, -6.13669], "size": [2.86486, 2.97798, 0.51952], "uv": [45, 2], "mirror": true}
				]
			},
			{
				"name": "skirt24",
				"parent": "skirt14",
				"pivot": [1.82382, 12.76226, -3.62913],
				"cubes": [
					{"origin": [1.8432, 6.88112, 2.51752], "size": [2, 2.81782, 0.51952], "uv": [45, 2], "mirror": true},
					{"origin": [1.8432, 6.88112, -3.88889], "size": [2, 2.81782, 0.51952], "uv": [45, 2], "mirror": true}
				]
			},
			{
				"name": "skirt25",
				"parent": "skirt14",
				"pivot": [1.82382, 12.76226, -3.62913],
				"rotation": [0, 0, -10],
				"cubes": [
					{"origin": [-0.19884, 6.59578, -3.88889], "size": [2.99099, 0.52252, 0.51952], "uv": [44, 5], "mirror": true}
				]
			},
			{
				"name": "skirt26",
				"parent": "skirt",
				"pivot": [0.12813, 0, 0]
			},
			{
				"name": "skirt27",
				"parent": "skirt26",
				"pivot": [1.82382, 16.72623, -3.62913],
				"rotation": [155, -5, -25],
				"cubes": [
					{"origin": [1.124, 15.98723, -3.5839], "size": [2.87888, 1.40841, 0.51952], "uv": [45, 5], "mirror": true}
				]
			},
			{
				"name": "skirt31",
				"parent": "skirt26",
				"pivot": [1.82382, 16.72623, -3.62913],
				"rotation": [155, -5, -25],
				"cubes": [
					{"origin": [0.89978, 15.98723, -3.63195], "size": [3.00701, 2.001, 0.51952], "uv": [52, 6], "mirror": true}
				]
			},
			{
				"name": "skirt38",
				"parent": "skirt26",
				"pivot": [1.82382, 16.72623, -3.62913],
				"rotation": [155, -5, -25]
			},
			{
				"name": "skirt39",
				"parent": "skirt38",
				"pivot": [3.47635, 17.78052, -3.13195],
				"cubes": [
					{"origin": [3.41429, 17.71696, -3.23154], "size": [0.12412, 0.11111, 0.1992], "uv": [54, 41], "mirror": true},
					{"origin": [3.41429, 17.5568, -3.23154], "size": [0.12412, 0.12713, 0.1992], "uv": [54, 41], "mirror": true}
				]
			},
			{
				"name": "skirt40",
				"parent": "skirt38",
				"pivot": [3.47635, 17.78052, -3.13195],
				"rotation": [0, 0, 45],
				"cubes": [
					{"origin": [3.47529, 17.74223, -3.23154], "size": [0.12412, 0.11111, 0.1992], "uv": [54, 41], "mirror": true},
					{"origin": [3.39521, 17.66215, -3.23154], "size": [0.10811, 0.11111, 0.1992], "uv": [54, 41], "mirror": true},
					{"origin": [3.55537, 17.66215, -3.23154], "size": [0.12412, 0.0951, 0.1992], "uv": [54, 41], "mirror": true},
					{"origin": [3.47529, 17.58207, -3.23154], "size": [0.12412, 0.12713, 0.1992], "uv": [54, 41], "mirror": true}
				]
			},
			{
				"name": "skirt41",
				"parent": "skirt38",
				"pivot": [3.47635, 17.78052, -3.13195],
				"rotation": [0, 0, 90],
				"cubes": [
					{"origin": [3.50056, 17.80323, -3.23154], "size": [0.12412, 0.11111, 0.1992], "uv": [54, 41], "mirror": true},
					{"origin": [3.50056, 17.64307, -3.23154], "size": [0.12412, 0.12713, 0.1992], "uv": [54, 41], "mirror": true}
				]
			},
			{
				"name": "skirt28",
				"parent": "skirt26",
				"pivot": [1.82382, 16.72623, -3.62913],
				"rotation": [0, -90, -20],
				"cubes": [
					{"origin": [1.81497, 16.34944, -5.72978], "size": [2.37538, 1.47247, 0.51952], "uv": [45, 3], "mirror": true},
					{"origin": [4.19035, 16.34944, -5.72978], "size": [2.37538, 1.47247, 0.51952], "uv": [45, 3], "mirror": true},
					{"origin": [6.56573, 16.34944, -5.72978], "size": [1.89489, 1.47247, 0.51952], "uv": [45, 3], "mirror": true}
				]
			},
			{
				"name": "skirt29",
				"parent": "skirt26",
				"pivot": [1.82382, 16.72623, -3.62913],
				"rotation": [0, 0, -20],
				"cubes": [
					{"origin": [1.5491, 16.34944, 2.6393], "size": [2.37538, 1.47247, 0.51952], "uv": [45, 3], "mirror": true}
				]
			},
			{
				"name": "skirt30",
				"parent": "skirt26",
				"pivot": [1.82382, 16.72623, -3.62913],
				"cubes": [
					{"origin": [-1.44961, 16.2782, 2.6393], "size": [3.14414, 1.47247, 0.51952], "uv": [44, 3], "mirror": true}
				]
			},
			{
				"name": "skirt32",
				"parent": "skirt",
				"pivot": [-0.24024, 0, 0]
			},
			{
				"name": "skirt33",
				"parent": "skirt32",
				"pivot": [-1.93594, 16.72623, -3.62913],
				"rotation": [155, 5, 25],
				"cubes": [
					{"origin": [-4.11499, 15.98723, -3.5839], "size": [2.87888, 1.40841, 0.51952], "uv": [45, 5]}
				]
			},
			{
				"name": "skirt34",
				"parent": "skirt32",
				"pivot": [-1.93594, 16.72623, -3.62913],
				"rotation": [155, 5, 25],
				"cubes": [
					{"origin": [-4.0189, 15.98723, -3.63195], "size": [3.00701, 2.001, 0.51952], "uv": [52, 6]}
				]
			},
			{
				"name": "skirt35",
				"parent": "skirt32",
				"pivot": [-1.93594, 16.72623, -3.62913],
				"rotation": [0, 90, 20],
				"cubes": [
					{"origin": [-4.30246, 16.34944, -5.72978], "size": [2.37538, 1.47247, 0.51952], "uv": [45, 3]},
					{"origin": [-6.67784, 16.34944, -5.72978], "size": [2.37538, 1.47247, 0.51952], "uv": [45, 3]},
					{"origin": [-8.57273, 16.34944, -5.72978], "size": [1.89489, 1.47247, 0.51952], "uv": [45, 3]}
				]
			},
			{
				"name": "skirt36",
				"parent": "skirt32",
				"pivot": [-1.93594, 16.72623, -3.62913],
				"rotation": [0, 0, 20],
				"cubes": [
					{"origin": [-4.03659, 16.34944, 2.6393], "size": [2.37538, 1.47247, 0.51952], "uv": [45, 3]}
				]
			},
			{
				"name": "skirt37",
				"parent": "skirt32",
				"pivot": [-1.93594, 16.72623, -3.62913],
				"cubes": [
					{"origin": [-1.80665, 16.2782, 2.6393], "size": [3.14414, 1.47247, 0.51952], "uv": [44, 3]}
				]
			},
			{
				"name": "tail",
				"parent": "body",
				"pivot": [0, 10.5, 0]
			},
			{
				"name": "tail2",
				"parent": "tail",
				"pivot": [-0.5, 8.77778, 2.85435],
				"rotation": [-10, 0, 0],
				"cubes": [
					{"origin": [-0.98398, 8.27778, 2.70671], "size": [1.72072, 1.4004, 1.75275], "uv": [53, 59], "inflate": 1}
				]
			},
			{
				"name": "tail3",
				"parent": "tail",
				"pivot": [-0.5, 8.77778, 2.85435],
				"rotation": [45, 0, 0],
				"cubes": [
					{"origin": [-1.06406, 7.57307, 2.8028], "size": [1.92893, 1, 1.75275], "uv": [53, 59], "inflate": 1}
				]
			},
			{
				"name": "tail4",
				"parent": "tail",
				"pivot": [-0.5, 8.77778, 2.85435],
				"rotation": [40, 0, 0],
				"cubes": [
					{"origin": [-1.16717, 7.55706, 2.57858], "size": [2.0961, 0.77578, 2.11211], "uv": [52, 58], "inflate": 1}
				]
			},
			{
				"name": "tail5",
				"parent": "tail",
				"pivot": [-0.5, 8.77778, 2.85435],
				"rotation": [35, 0, 0],
				"cubes": [
					{"origin": [-1.24725, 7.27077, 2.46647], "size": [2.27928, 0.75776, 2.37538], "uv": [53, 58], "inflate": 1}
				]
			},
			{
				"name": "tail6",
				"parent": "tail",
				"pivot": [-0.5, 8.77778, 2.85435],
				"rotation": [25, 0, 0],
				"cubes": [
					{"origin": [-1.35936, 6.93443, 2.53053], "size": [2.5996, 0.75776, 2.6957], "uv": [53, 58], "inflate": 1}
				]
			},
			{
				"name": "tail7",
				"parent": "tail",
				"pivot": [-0.5, 8.77778, 2.85435],
				"rotation": [15, 0, 0],
				"cubes": [
					{"origin": [-1.56757, 6.00536, 2.68188], "size": [3.06406, 1.35035, 2.95195], "uv": [50, 58], "inflate": 1}
				]
			},
			{
				"name": "tail8",
				"parent": "tail",
				"pivot": [-0.5, 8.77778, 2.85435],
				"rotation": [5, 0, 0],
				"cubes": [
					{"origin": [-1.42342, 3.36997, 3.21717], "size": [3, 3, 3], "uv": [52, 57], "inflate": 1}
				]
			},
			{
				"name": "tail9",
				"parent": "tail",
				"pivot": [-0.5, 8.77778, 2.85435],
				"cubes": [
					{"origin": [-1.35936, 2.69229, 3.69766], "size": [2.91992, 1.33433, 2.67968], "uv": [24, 60], "inflate": 1}
				]
			},
			{
				"name": "tail10",
				"parent": "tail",
				"pivot": [-0.5, 8.77778, 2.85435],
				"rotation": [0, 0, -10],
				"cubes": [
					{"origin": [-2.16315, 1.80663, 4.14611], "size": [1.94294, 0.69369, 1.87888], "uv": [29, 61], "inflate": 1}
				]
			},
			{
				"name": "tail12",
				"parent": "tail",
				"pivot": [-0.5, 8.77778, 2.85435],
				"rotation": [0, 0, -15],
				"cubes": [
					{"origin": [-2.50207, 1.2759, 4.38635], "size": [1.52653, 0.69369, 1.44645], "uv": [28, 61], "inflate": 1}
				]
			},
			{
				"name": "tail13",
				"parent": "tail",
				"pivot": [-0.5, 8.77778, 2.85435],
				"rotation": [0, 0, -20],
				"cubes": [
					{"origin": [-2.55161, 2.61029, 4.56252], "size": [0.94995, 0.69369, 1.07808], "uv": [28, 62], "inflate": 1}
				]
			},
			{
				"name": "tail14",
				"parent": "tail",
				"pivot": [-0.5, 8.77778, 2.85435],
				"rotation": [0, 0, -20],
				"cubes": [
					{"origin": [-2.74215, 0.91033, 4.88284], "size": [0.48549, 0.48548, 0.53354], "uv": [29, 61], "inflate": 1}
				]
			},
			{
				"name": "tail15",
				"parent": "tail",
				"pivot": [-0.5, 8.77778, 2.85435],
				"rotation": [0, 0, -20],
				"cubes": [
					{"origin": [-2.56097, 0.60602, 5.1441], "size": [0, 0.48548, 0], "uv": [28, 62], "inflate": 1}
				]
			},
			{
				"name": "tail16",
				"parent": "tail",
				"pivot": [-0.5, 8.77778, 2.85435],
				"rotation": [0, 0, -20],
				"cubes": [
					{"origin": [-3.35276, -0.68226, 4.32729], "size": [1.54454, 0.54054, 1.56056], "uv": [28, 62]}
				]
			},
			{
				"name": "tail11",
				"parent": "tail",
				"pivot": [-0.5, 8.77778, 2.85435],
				"rotation": [0, 0, -5],
				"cubes": [
					{"origin": [-1.61319, 2.96756, 3.80977], "size": [2.43944, 0.69369, 2.35936], "uv": [21, 62], "inflate": 1}
				]
			},
			{
				"name": "legLeft",
				"pivot": [2, 9, 0],
				"cubes": [
					{"origin": [0.48399, 0, -1.5], "size": [3, 9, 3], "uv": [27, 34]}
				]
			},
			{
				"name": "legRight",
				"pivot": [-2, 9, 0],
				"cubes": [
					{"origin": [-3.51601, 0, -1.5], "size": [3, 9, 3], "uv": [15, 34]}
				]
			},
			{
				"name": "-helmet",
				"pivot": [-0.33634, 0, 0],
				"rotation": [0, 180, 0]
			},
			{
				"name": "-helmet2",
				"parent": "-helmet",
				"pivot": [-0.33634, 10.5, 0],
				"rotation": [0, 0, 45],
				"cubes": [
					{"origin": [-4.19192, 14.30444, 2.18018], "size": [0.9039, 3.4965, 1], "uv": [46, 25]},
					{"origin": [-4.25599, 17.30444, -3.43544], "size": [0.96797, 0.51251, 6.61562], "uv": [45, 27]}
				]
			},
			{
				"name": "-helmet3",
				"parent": "-helmet",
				"pivot": [-0.33634, 10.5, 0],
				"rotation": [0, 0, -45],
				"cubes": [
					{"origin": [2.29667, 14.62311, 2.18018], "size": [1, 3.48048, 1], "uv": [46, 25]},
					{"origin": [2.29667, 17.62311, -3.43544], "size": [1, 0.48048, 6.61562], "uv": [45, 27]}
				]
			},
			{
				"name": "-helmet4",
				"parent": "-helmet",
				"pivot": [-0.33634, 10.5, 0],
				"rotation": [0, 0, -90],
				"cubes": [
					{"origin": [4.44096, 9.89701, 2.18018], "size": [1, 1.65666, 1], "uv": [45, 26]},
					{"origin": [4.44096, 9.89701, 2.18018], "size": [3.16016, 1.65666, 1], "uv": [45, 24]},
					{"origin": [6.41093, 8.11222, 2.18018], "size": [1.19019, 1.78478, 1], "uv": [45, 24]},
					{"origin": [6.45898, 11.55366, 2.18018], "size": [1.14214, 1.73674, 1], "uv": [45, 24]},
					{"origin": [5.73826, 9.01613, 2.18018], "size": [1.06206, 3.41842, 1], "uv": [45, 24]},
					{"origin": [6.56228, 7.77569, -3.43544], "size": [0.67968, 5.85986, 0.61562], "uv": [45, 24]}
				]
			},
			{
				"name": "-helmet5",
				"parent": "-helmet",
				"pivot": [-0.03203, 10.54805, 0.08008],
				"rotation": [0, 0, -5]
			},
			{
				"name": "-helmet6",
				"parent": "-helmet5",
				"pivot": [-0.03203, 10.54805, 0.08008],
				"rotation": [0, 0, -20],
				"cubes": [
					{"origin": [2.06653, 15.11813, 3.21221], "size": [0.15115, 0.5035, 0.04805], "uv": [59, 38]}
				]
			},
			{
				"name": "-helmet7",
				"parent": "-helmet5",
				"pivot": [-0.03203, 10.54805, 0.08008],
				"rotation": [0, 0, 20],
				"cubes": [
					{"origin": [-1.68183, 15.33648, 3.21221], "size": [0.15115, 0.5035, 0.04805], "uv": [59, 38]}
				]
			},
			{
				"name": "-helmet8",
				"parent": "-helmet5",
				"pivot": [-0.03203, 10.54805, 0.08008],
				"cubes": [
					{"origin": [0.22762, 15.78981, 3.21221], "size": [0.11912, 0.07107, 0.04805], "uv": [59, 38]},
					{"origin": [0.05144, 15.54957, 3.21221], "size": [0.47147, 0.07107, 0.04805], "uv": [59, 38]},
					{"origin": [0.22762, 15.59762, 3.21221], "size": [0.11912, 0.48749, 0.04805], "uv": [59, 38]}
				]
			},
			{
				"name": "-helmet9",
				"parent": "-helmet",
				"pivot": [-1.72973, 10.61211, 0.08008],
				"rotation": [0, 0, 5]
			},
			{
				"name": "suit39",
				"parent": "-helmet9",
				"pivot": [-1.72973, 10.61211, 0.08008],
				"rotation": [0, 0, -20],
				"cubes": [
					{"origin": [0.36883, 15.1822, 3.21221], "size": [0.15115, 0.5035, 0.04805], "uv": [59, 38]}
				]
			},
			{
				"name": "suit40",
				"parent": "-helmet9",
				"pivot": [-1.72973, 10.61211, 0.08008],
				"rotation": [0, 0, 20],
				"cubes": [
					{"origin": [-3.37952, 15.40055, 3.21221], "size": [0.15115, 0.5035, 0.04805], "uv": [59, 38]}
				]
			},
			{
				"name": "suit41",
				"parent": "-helmet9",
				"pivot": [-1.72973, 10.61211, 0.08008],
				"cubes": [
					{"origin": [-1.47008, 15.85388, 3.21221], "size": [0.11912, 0.07107, 0.04805], "uv": [59, 38]},
					{"origin": [-1.64626, 15.61364, 3.21221], "size": [0.47147, 0.07107, 0.04805], "uv": [59, 38]},
					{"origin": [-1.47008, 15.66168, 3.21221], "size": [0.11912, 0.48749, 0.04805], "uv": [59, 38]}
				]
			},
			{
				"name": "-helmet10",
				"parent": "-helmet",
				"pivot": [-0.24024, 22.3008, 0.08008],
				"rotation": [0, 0, 180]
			},
			{
				"name": "-helmet11",
				"parent": "-helmet10",
				"pivot": [-0.24024, 22.3008, 0.08008],
				"rotation": [0, 0, -20],
				"cubes": [
					{"origin": [1.85832, 26.87089, 3.21221], "size": [0.15115, 0.5035, 0.04805], "uv": [59, 38]}
				]
			},
			{
				"name": "-helmet12",
				"parent": "-helmet10",
				"pivot": [-0.24024, 22.3008, 0.08008],
				"rotation": [0, 0, 20],
				"cubes": [
					{"origin": [-1.89004, 27.08924, 3.21221], "size": [0.15115, 0.5035, 0.04805], "uv": [59, 38]}
				]
			},
			{
				"name": "-helmet13",
				"parent": "-helmet10",
				"pivot": [-0.24024, 22.3008, 0.08008],
				"cubes": [
					{"origin": [0.01941, 27.54257, 3.21221], "size": [0.11912, 0.07107, 0.04805], "uv": [59, 38]},
					{"origin": [-0.15677, 27.30233, 3.21221], "size": [0.47147, 0.07107, 0.04805], "uv": [59, 38]},
					{"origin": [0.01941, 27.35037, 3.21221], "size": [0.11912, 0.48749, 0.04805], "uv": [59, 38]}
				]
			},
			{
				"name": "-helmet14",
				"parent": "-helmet",
				"pivot": [-0.64064, 22.23674, 0.08008],
				"rotation": [0, 0, 170]
			},
			{
				"name": "-helmet15",
				"parent": "-helmet14",
				"pivot": [-0.64064, 22.23674, 0.08008],
				"rotation": [0, 0, -20],
				"cubes": [
					{"origin": [1.22184, 26.79321, 3.21221], "size": [0.15115, 0.5035, 0.04805], "uv": [59, 38]}
				]
			},
			{
				"name": "-helmet16",
				"parent": "-helmet14",
				"pivot": [-0.64064, 22.23674, 0.08008],
				"rotation": [0, 0, 20],
				"cubes": [
					{"origin": [-2.46253, 26.86299, 3.21221], "size": [0.15115, 0.5035, 0.04805], "uv": [59, 38]}
				]
			},
			{
				"name": "-helmet17",
				"parent": "-helmet14",
				"pivot": [-0.64064, 22.23674, 0.08008],
				"cubes": [
					{"origin": [-0.59818, 27.38496, 3.21221], "size": [0.11912, 0.07107, 0.04805], "uv": [59, 38]},
					{"origin": [-0.77435, 27.14472, 3.21221], "size": [0.47147, 0.07107, 0.04805], "uv": [59, 38]},
					{"origin": [-0.59818, 27.19277, 3.21221], "size": [0.11912, 0.48749, 0.04805], "uv": [59, 38]}
				]
			},
			{
				"name": "-helmet21",
				"parent": "-helmet",
				"pivot": [-0.4965, 22.23674, 0.08008],
				"rotation": [0, 0, -170]
			},
			{
				"name": "-helmet18",
				"parent": "-helmet21",
				"pivot": [-0.4965, 22.23674, 0.08008],
				"rotation": [0, 0, 20],
				"cubes": [
					{"origin": [-2.51013, 26.79321, 3.21221], "size": [0.15115, 0.5035, 0.04805], "uv": [59, 38], "mirror": true}
				]
			},
			{
				"name": "-helmet19",
				"parent": "-helmet21",
				"pivot": [-0.4965, 22.23674, 0.08008],
				"rotation": [0, 0, -20],
				"cubes": [
					{"origin": [1.17424, 26.86299, 3.21221], "size": [0.15115, 0.5035, 0.04805], "uv": [59, 38], "mirror": true}
				]
			},
			{
				"name": "-helmet20",
				"parent": "-helmet21",
				"pivot": [-0.4965, 22.23674, 0.08008],
				"cubes": [
					{"origin": [-0.65808, 27.38496, 3.21221], "size": [0.11912, 0.07107, 0.04805], "uv": [59, 38], "mirror": true},
					{"origin": [-0.83425, 27.14472, 3.21221], "size": [0.47147, 0.07107, 0.04805], "uv": [59, 38], "mirror": true},
					{"origin": [-0.65808, 27.19277, 3.21221], "size": [0.11912, 0.48749, 0.04805], "uv": [59, 38], "mirror": true}
				]
			},
			{
				"name": "-helmet23",
				"parent": "-helmet",
				"pivot": [-0.35235, 22.23674, 0.08008],
				"rotation": [0, 0, -160]
			},
			{
				"name": "-helmet22",
				"parent": "-helmet23",
				"pivot": [-0.35235, 22.23674, 0.08008],
				"rotation": [0, 0, 20],
				"cubes": [
					{"origin": [-2.36598, 26.79321, 3.21221], "size": [0.15115, 0.5035, 0.04805], "uv": [59, 38], "mirror": true}
				]
			},
			{
				"name": "-helmet24",
				"parent": "-helmet23",
				"pivot": [-0.35235, 22.23674, 0.08008],
				"rotation": [0, 0, -20],
				"cubes": [
					{"origin": [1.31839, 26.86299, 3.21221], "size": [0.15115, 0.5035, 0.04805], "uv": [59, 38], "mirror": true}
				]
			},
			{
				"name": "-helmet25",
				"parent": "-helmet23",
				"pivot": [-0.35235, 22.23674, 0.08008],
				"cubes": [
					{"origin": [-0.51393, 27.38496, 3.21221], "size": [0.11912, 0.07107, 0.04805], "uv": [59, 38], "mirror": true},
					{"origin": [-0.69011, 27.14472, 3.21221], "size": [0.47147, 0.07107, 0.04805], "uv": [59, 38], "mirror": true},
					{"origin": [-0.51393, 27.19277, 3.21221], "size": [0.11912, 0.48749, 0.04805], "uv": [59, 38], "mirror": true}
				]
			},
			{
				"name": "-helmet26",
				"parent": "-helmet",
				"pivot": [-0.78478, 22.23674, 0.08008],
				"rotation": [0, 0, 160]
			},
			{
				"name": "-helmet28",
				"parent": "-helmet26",
				"pivot": [-0.78478, 22.23674, 0.08008],
				"rotation": [0, 0, -20],
				"cubes": [
					{"origin": [1.0777, 26.79321, 3.21221], "size": [0.15115, 0.5035, 0.04805], "uv": [59, 38]}
				]
			},
			{
				"name": "-helmet29",
				"parent": "-helmet26",
				"pivot": [-0.78478, 22.23674, 0.08008],
				"rotation": [0, 0, 20],
				"cubes": [
					{"origin": [-2.60668, 26.86299, 3.21221], "size": [0.15115, 0.5035, 0.04805], "uv": [59, 38]}
				]
			},
			{
				"name": "-helmet30",
				"parent": "-helmet26",
				"pivot": [-0.78478, 22.23674, 0.08008],
				"cubes": [
					{"origin": [-0.74232, 27.38496, 3.21221], "size": [0.11912, 0.07107, 0.04805], "uv": [59, 38]},
					{"origin": [-0.9185, 27.14472, 3.21221], "size": [0.47147, 0.07107, 0.04805], "uv": [59, 38]},
					{"origin": [-0.74232, 27.19277, 3.21221], "size": [0.11912, 0.48749, 0.04805], "uv": [59, 38]}
				]
			},
			{
				"name": "-helmet27",
				"parent": "-helmet",
				"pivot": [-13.64815, 6.90315, 0],
				"rotation": [0, 0, 40]
			},
			{
				"name": "-helmet31",
				"parent": "-helmet27",
				"pivot": [-15.97047, 18.12387, 0.08008],
				"rotation": [0, 0, -20],
				"cubes": [
					{"origin": [-9.49442, 19.28159, 3.21221], "size": [0.15115, 0.5035, 0.04805], "uv": [59, 38]}
				]
			},
			{
				"name": "-helmet32",
				"parent": "-helmet27",
				"pivot": [-15.97047, 18.12387, 0.08008],
				"rotation": [0, 0, 20],
				"cubes": [
					{"origin": [-12.07349, 23.11208, 3.21221], "size": [0.15115, 0.5035, 0.04805], "uv": [59, 38]}
				]
			},
			{
				"name": "-helmet33",
				"parent": "-helmet27",
				"pivot": [-15.97047, 18.12387, 0.08008],
				"cubes": [
					{"origin": [-10.43023, 21.88047, 3.21221], "size": [0.11912, 0.07107, 0.04805], "uv": [59, 38]},
					{"origin": [-10.6064, 21.41601, 3.21221], "size": [0.47147, 0.07107, 0.04805], "uv": [59, 38]},
					{"origin": [-10.43023, 21.46406, 3.21221], "size": [0.11912, 0.48749, 0.04805], "uv": [59, 38]}
				]
			},
			{
				"name": "-helmet34",
				"parent": "-helmet",
				"pivot": [-14.9462, 8.49299, 0],
				"rotation": [0, 0, 45]
			},
			{
				"name": "-helmet35",
				"parent": "-helmet34",
				"pivot": [-17.26852, 19.71371, 0.08008],
				"rotation": [0, 0, -20],
				"cubes": [
					{"origin": [-10.79247, 20.87143, 3.21221], "size": [0.15115, 0.5035, 0.04805], "uv": [59, 38]}
				]
			},
			{
				"name": "-helmet36",
				"parent": "-helmet34",
				"pivot": [-17.26852, 19.71371, 0.08008],
				"rotation": [0, 0, 20],
				"cubes": [
					{"origin": [-13.37153, 24.70192, 3.21221], "size": [0.15115, 0.5035, 0.04805], "uv": [59, 38]}
				]
			},
			{
				"name": "-helmet37",
				"parent": "-helmet34",
				"pivot": [-17.26852, 19.71371, 0.08008],
				"cubes": [
					{"origin": [-11.72828, 23.47031, 3.21221], "size": [0.11912, 0.07107, 0.04805], "uv": [59, 38]},
					{"origin": [-11.90445, 23.00585, 3.21221], "size": [0.47147, 0.07107, 0.04805], "uv": [59, 38]},
					{"origin": [-11.72828, 23.0539, 3.21221], "size": [0.11912, 0.48749, 0.04805], "uv": [59, 38]}
				]
			},
			{
				"name": "-helmet38",
				"parent": "-helmet",
				"pivot": [-16.33959, 11.68018, 0],
				"rotation": [0, 0, 55]
			},
			{
				"name": "-helmet39",
				"parent": "-helmet38",
				"pivot": [-18.66191, 22.9009, 0.08008],
				"rotation": [0, 0, -20],
				"cubes": [
					{"origin": [-12.18586, 23.67423, 3.21221], "size": [0.15115, 0.88789, 0.04805], "uv": [59, 38]},
					{"origin": [-12.33001, 23.72228, 3.21221], "size": [0.15115, 0.5996, 0.04805], "uv": [59, 38]},
					{"origin": [-12.47415, 23.78634, 3.21221], "size": [0.15115, 0.37538, 0.04805], "uv": [59, 38]},
					{"origin": [-12.61829, 23.81838, 3.21221], "size": [0.15115, 0.1992, 0.04805], "uv": [59, 38]}
				]
			},
			{
				"name": "-helmet40",
				"parent": "-helmet38",
				"pivot": [-18.66191, 22.9009, 0.08008],
				"rotation": [0, 0, 20],
				"cubes": [
					{"origin": [-14.76493, 27.50472, 3.21221], "size": [0.15115, 0.88789, 0.04805], "uv": [59, 38]}
				]
			},
			{
				"name": "-helmet41",
				"parent": "-helmet38",
				"pivot": [-18.66191, 22.9009, 0.08008],
				"rotation": [0, 0, 1],
				"cubes": [
					{"origin": [-13.47393, 25.92195, 3.21221], "size": [0.96797, 0.07107, 0.04805], "uv": [59, 38]}
				]
			},
			{
				"name": "-helmet42",
				"parent": "-helmet",
				"pivot": [15.21847, 11.68018, 0],
				"rotation": [0, 0, -55]
			},
			{
				"name": "-helmet43",
				"parent": "-helmet42",
				"pivot": [17.54079, 22.9009, 0.08008],
				"rotation": [0, 0, 20],
				"cubes": [
					{"origin": [10.91359, 23.67423, 3.21221], "size": [0.15115, 0.88789, 0.04805], "uv": [59, 38], "mirror": true},
					{"origin": [11.05773, 23.72228, 3.21221], "size": [0.15115, 0.5996, 0.04805], "uv": [59, 38], "mirror": true},
					{"origin": [11.20188, 23.78634, 3.21221], "size": [0.15115, 0.37538, 0.04805], "uv": [59, 38], "mirror": true},
					{"origin": [11.34602, 23.81838, 3.21221], "size": [0.15115, 0.1992, 0.04805], "uv": [59, 38], "mirror": true}
				]
			},
			{
				"name": "-helmet44",
				"parent": "-helmet42",
				"pivot": [17.54079, 22.9009, 0.08008],
				"rotation": [0, 0, -20],
				"cubes": [
					{"origin": [13.49265, 27.50472, 3.21221], "size": [0.15115, 0.88789, 0.04805], "uv": [59, 38], "mirror": true}
				]
			},
			{
				"name": "-helmet45",
				"parent": "-helmet42",
				"pivot": [17.54079, 22.9009, 0.08008],
				"rotation": [0, 0, -1],
				"cubes": [
					{"origin": [11.38484, 25.92195, 3.21221], "size": [0.96797, 0.07107, 0.04805], "uv": [59, 38], "mirror": true}
				]
			},
			{
				"name": "-helmet46",
				"parent": "-helmet",
				"pivot": [13.80906, 8.49299, 0],
				"rotation": [0, 0, -45]
			},
			{
				"name": "-helmet47",
				"parent": "-helmet46",
				"pivot": [16.13138, 19.71371, 0.08008],
				"rotation": [0, 0, 20],
				"cubes": [
					{"origin": [9.50418, 20.87143, 3.21221], "size": [0.15115, 0.5035, 0.04805], "uv": [59, 38], "mirror": true}
				]
			},
			{
				"name": "-helmet48",
				"parent": "-helmet46",
				"pivot": [16.13138, 19.71371, 0.08008],
				"rotation": [0, 0, -20],
				"cubes": [
					{"origin": [12.08325, 24.70192, 3.21221], "size": [0.15115, 0.5035, 0.04805], "uv": [59, 38], "mirror": true}
				]
			},
			{
				"name": "-helmet49",
				"parent": "-helmet46",
				"pivot": [16.13138, 19.71371, 0.08008],
				"cubes": [
					{"origin": [10.47202, 23.47031, 3.21221], "size": [0.11912, 0.07107, 0.04805], "uv": [59, 38], "mirror": true},
					{"origin": [10.29584, 23.00585, 3.21221], "size": [0.47147, 0.07107, 0.04805], "uv": [59, 38], "mirror": true},
					{"origin": [10.47202, 23.0539, 3.21221], "size": [0.11912, 0.48749, 0.04805], "uv": [59, 38], "mirror": true}
				]
			},
			{
				"name": "-helmet50",
				"parent": "-helmet",
				"pivot": [12.49499, 6.90315, 0],
				"rotation": [0, 0, -40]
			},
			{
				"name": "-helmet51",
				"parent": "-helmet50",
				"pivot": [14.81732, 18.12387, 0.08008],
				"rotation": [0, 0, 20],
				"cubes": [
					{"origin": [8.19012, 19.28159, 3.21221], "size": [0.15115, 0.5035, 0.04805], "uv": [59, 38], "mirror": true}
				]
			},
			{
				"name": "-helmet52",
				"parent": "-helmet50",
				"pivot": [14.81732, 18.12387, 0.08008],
				"rotation": [0, 0, -20],
				"cubes": [
					{"origin": [10.76918, 23.11208, 3.21221], "size": [0.15115, 0.5035, 0.04805], "uv": [59, 38], "mirror": true}
				]
			},
			{
				"name": "-helmet53",
				"parent": "-helmet50",
				"pivot": [14.81732, 18.12387, 0.08008],
				"cubes": [
					{"origin": [9.15795, 21.88047, 3.21221], "size": [0.11912, 0.07107, 0.04805], "uv": [59, 38], "mirror": true},
					{"origin": [8.98178, 21.41601, 3.21221], "size": [0.47147, 0.07107, 0.04805], "uv": [59, 38], "mirror": true},
					{"origin": [9.15795, 21.46406, 3.21221], "size": [0.11912, 0.48749, 0.04805], "uv": [59, 38], "mirror": true}
				]
			}
		]
	}
}