{
	"format_version": "1.10.0",
	"geometry.model": {
		"texturewidth": 64,
		"textureheight": 64,
		"visible_bounds_width": 2,
		"visible_bounds_height": 2,
		"visible_bounds_offset": [0, 1, 0],
		"bones": [
			{
				"name": "head",
				"pivot": [-0.064, 18, 0],
				"cubes": [
					{"origin": [-4.064, 18, -4], "size": [8, 8, 8], "uv": [0, 0]}
				]
			},
			{
				"name": "blink",
				"parent": "head",
				"pivot": [-0.064, 0, 0],
				"cubes": [
					{"origin": [-4.064, 18, -4.001], "size": [8, 8, 0], "uv": [32, 8]}
				]
			},
			{
				"name": "helmet",
				"parent": "head",
				"pivot": [-0.064, 18, 0]
			},
			{
				"name": "sinFloat",
				"parent": "helmet",
				"pivot": [7.46353, 17.26326, -3.28328],
				"rotation": [-20, -65, 0]
			},
			{
				"name": "helmet31",
				"parent": "sinFloat",
				"pivot": [7.46353, 17.26326, -3.28328],
				"rotation": [-20, 0, 0],
				"cubes": [
					{"origin": [7.70659, 27.11581, -7.61104], "size": [1, 2, 1], "uv": [58, 22]}
				]
			},
			{
				"name": "helmet35",
				"parent": "sinFloat",
				"pivot": [7.46353, 17.26326, -3.28328],
				"rotation": [-20, 0, 0],
				"cubes": [
					{"origin": [8.01089, 25.27397, -7.30673], "size": [0.39139, 3.10511, 0.39139], "uv": [47, 25]}
				]
			},
			{
				"name": "helmet36",
				"parent": "sinFloat",
				"pivot": [7.46353, 17.26326, -3.28328],
				"rotation": [-22, 0, 10],
				"cubes": [
					{"origin": [5.80728, 25.59799, -7.68097], "size": [0.39139, 2, 0.39139], "uv": [56, 11]}
				]
			},
			{
				"name": "helmet38",
				"parent": "sinFloat",
				"pivot": [7.59153, 17.26326, -3.28328],
				"rotation": [-22, 0, -10],
				"cubes": [
					{"origin": [10.14234, 25.51615, -7.47966], "size": [0.39139, 2, 0.39139], "uv": [56, 11], "mirror": true}
				]
			},
			{
				"name": "helmet37",
				"parent": "sinFloat",
				"pivot": [7.46353, 17.26326, -3.28328],
				"rotation": [-10, 0, 0],
				"cubes": [
					{"origin": [7.99488, 26.33331, -5.22627], "size": [0.39139, 2, 0.39139], "uv": [56, 11]}
				]
			},
			{
				"name": "helmet39",
				"parent": "sinFloat",
				"pivot": [7.46353, 17.26326, -3.28328],
				"rotation": [-30, 0, 0],
				"cubes": [
					{"origin": [7.99488, 25.00129, -9.21321], "size": [0.39139, 2, 0.39139], "uv": [56, 11]}
				]
			},
			{
				"name": "helmet33",
				"parent": "sinFloat",
				"pivot": [7.46353, 17.26326, -3.28328],
				"rotation": [-35, 0, 0],
				"cubes": [
					{"origin": [6.07295, 25.69171, -9.80111], "size": [4.17117, 1.11912, 0.35936], "uv": [41, 21]},
					{"origin": [6.45734, 25.69171, -9.89721], "size": [0.13514, 1.11912, 0.45546], "uv": [43, 20]},
					{"origin": [6.88977, 25.69171, -9.89721], "size": [0.13514, 1.11912, 0.45546], "uv": [43, 20]},
					{"origin": [7.3222, 25.69171, -9.89721], "size": [0.13514, 1.11912, 0.45546], "uv": [43, 20]},
					{"origin": [8.93982, 25.69171, -9.89721], "size": [0.13514, 1.11912, 0.45546], "uv": [43, 20]},
					{"origin": [9.74062, 25.69171, -9.89721], "size": [0.13514, 1.11912, 0.45546], "uv": [43, 20]},
					{"origin": [9.34022, 25.69171, -9.89721], "size": [0.13514, 1.11912, 0.45546], "uv": [43, 20]},
					{"origin": [6.07295, 26.23626, -9.94525], "size": [4.17117, 0.09409, 0.40741], "uv": [41, 22]}
				]
			},
			{
				"name": "helmet34",
				"parent": "sinFloat",
				"pivot": [7.46353, 17.26326, -3.28328],
				"rotation": [-35, 0, 0],
				"cubes": [
					{"origin": [6.20108, 25.80382, -9.85817], "size": [3.93093, 0.92693, 0.35235], "uv": [42, 25]}
				]
			},
			{
				"name": "headleave3",
				"parent": "head",
				"pivot": [-5.18478, 16.8503, -2.5],
				"rotation": [0, 0, -5],
				"cubes": [
					{"origin": [3.01744, 14.76266, -3.98398], "size": [1, 3, 1], "uv": [60, 0], "mirror": true}
				]
			},
			{
				"name": "headleave6",
				"parent": "head",
				"pivot": [2.41522, 15.5503, -3.5],
				"rotation": [0, 0, 5],
				"cubes": [
					{"origin": [2.69245, 15.21487, -3.98398], "size": [1, 3, 1], "uv": [60, 0], "mirror": true}
				]
			},
			{
				"name": "headleave4",
				"parent": "head",
				"pivot": [5.18478, 16.8503, -2.5],
				"rotation": [0, 0, 5],
				"cubes": [
					{"origin": [-4.16104, 14.7501, -3.98398], "size": [1, 3, 1], "uv": [60, 0]}
				]
			},
			{
				"name": "headleave5",
				"parent": "head",
				"pivot": [-2.41522, 15.5503, -3.5],
				"rotation": [0, 0, -5],
				"cubes": [
					{"origin": [-3.83605, 15.22743, -3.98398], "size": [1, 3, 1], "uv": [60, 0]}
				]
			},
			{
				"name": "headleave7",
				"parent": "head",
				"pivot": [-0.064, 18.81682, -1.26527],
				"rotation": [-10, 0, 0]
			},
			{
				"name": "headleave21",
				"parent": "headleave7",
				"pivot": [-2.41522, 16.36712, -4.76527],
				"rotation": [15, 0, 0],
				"cubes": [
					{"origin": [0.03478, 15.30051, 4.09746], "size": [1, 8.9, 1], "uv": [52, 7]},
					{"origin": [-0.95722, 15.20451, 3.93746], "size": [1, 8.9, 1], "uv": [52, 7]}
				]
			},
			{
				"name": "headleave19",
				"parent": "headleave7",
				"pivot": [-2.41522, 16.36712, -4.76527],
				"rotation": [13, 0, 0],
				"cubes": [
					{"origin": [1.03478, 15.68871, 3.90478], "size": [1, 8.9, 1], "uv": [52, 7]},
					{"origin": [-1.97322, 15.68871, 3.90478], "size": [1, 8.9, 1], "uv": [52, 7]},
					{"origin": [-1.97322, 15.66712, 3.78473], "size": [1, 8.9, 1], "uv": [57, 54]},
					{"origin": [-3.86122, 15.68871, 3.90478], "size": [1, 8.9, 1], "uv": [52, 7]}
				]
			},
			{
				"name": "headleave18",
				"parent": "headleave7",
				"pivot": [-2.41522, 16.36712, -4.76527],
				"rotation": [11, 0, 0],
				"cubes": [
					{"origin": [2.03478, 16.19289, 3.50396], "size": [1, 8.9, 1], "uv": [52, 7]},
					{"origin": [-2.92522, 16.19289, 3.50396], "size": [1, 8.9, 1], "uv": [52, 7]}
				]
			},
			{
				"name": "headleave9",
				"parent": "headleave7",
				"pivot": [-2.41522, 16.36712, -4.76527],
				"rotation": [8, 0, 0],
				"cubes": [
					{"origin": [2.93478, 16.39909, 3.10244], "size": [1, 8.9, 1], "uv": [52, 7]}
				]
			},
			{
				"name": "headleave8",
				"parent": "head",
				"pivot": [1.18525, 19.12112, 0],
				"rotation": [0, -90, -10]
			},
			{
				"name": "headleave10",
				"parent": "headleave8",
				"pivot": [-1.16597, 16.67142, -3.5],
				"rotation": [15, 0, 0],
				"cubes": [
					{"origin": [1.28403, 15.60482, 5.36273], "size": [1, 8.9, 1], "uv": [52, 7]},
					{"origin": [0.29203, 15.50882, 5.20273], "size": [1, 8.9, 1], "uv": [52, 7]}
				]
			},
			{
				"name": "headleave11",
				"parent": "headleave8",
				"pivot": [-1.16597, 16.67142, -3.5],
				"rotation": [13, 0, 0],
				"cubes": [
					{"origin": [2.28403, 15.99302, 5.17005], "size": [1, 8.9, 1], "uv": [52, 7]},
					{"origin": [-0.72397, 15.99302, 5.17005], "size": [1, 8.9, 1], "uv": [52, 7]},
					{"origin": [-0.72397, 15.97142, 5.05], "size": [1, 8.9, 1], "uv": [57, 54]},
					{"origin": [-2.61197, 15.99302, 5.17005], "size": [1, 8.9, 1], "uv": [60, 7]}
				]
			},
			{
				"name": "headleave12",
				"parent": "headleave8",
				"pivot": [-1.16597, 16.67142, -3.5],
				"rotation": [11, 0, 0],
				"cubes": [
					{"origin": [3.28403, 16.16086, 4.76922], "size": [1, 8.9, 1], "uv": [52, 7]},
					{"origin": [-1.67597, 16.305, 4.76922], "size": [1, 8.9, 1], "uv": [52, 7]}
				]
			},
			{
				"name": "headleave13",
				"parent": "headleave8",
				"pivot": [-1.16597, 16.67142, -3.5],
				"rotation": [8, 0, 0],
				"cubes": [
					{"origin": [4.18403, 16.7034, 4.36771], "size": [1, 8.9, 1], "uv": [52, 7]}
				]
			},
			{
				"name": "headleave14",
				"parent": "head",
				"pivot": [-1.36143, 19.02503, 0],
				"rotation": [0, 90, 10]
			},
			{
				"name": "headleave15",
				"parent": "headleave14",
				"pivot": [0.98979, 16.57533, -3.5],
				"rotation": [15, 0, 0],
				"cubes": [
					{"origin": [-2.46021, 15.50872, 5.36273], "size": [1, 8.9, 1], "uv": [52, 7], "mirror": true},
					{"origin": [-1.46821, 15.41272, 5.41094], "size": [1, 8.9, 1], "uv": [52, 7], "mirror": true}
				]
			},
			{
				"name": "headleave16",
				"parent": "headleave14",
				"pivot": [0.98979, 16.57533, -3.5],
				"rotation": [13, 0, 0],
				"cubes": [
					{"origin": [-3.46021, 15.89692, 5.17005], "size": [1, 8.9, 1], "uv": [52, 7], "mirror": true},
					{"origin": [-0.45221, 15.89692, 5.17005], "size": [1, 8.9, 1], "uv": [52, 7], "mirror": true},
					{"origin": [-0.45221, 15.87533, 5.05], "size": [1, 8.9, 1], "uv": [57, 54], "mirror": true},
					{"origin": [1.43579, 15.89692, 5.17005], "size": [1, 8.9, 1], "uv": [60, 7], "mirror": true}
				]
			},
			{
				"name": "headleave17",
				"parent": "headleave14",
				"pivot": [0.98979, 16.57533, -3.5],
				"rotation": [11, 0, 0],
				"cubes": [
					{"origin": [-4.46021, 16.06476, 4.76922], "size": [1, 8.9, 1], "uv": [52, 7], "mirror": true},
					{"origin": [0.49979, 16.20891, 4.76922], "size": [1, 8.9, 1], "uv": [52, 7], "mirror": true}
				]
			},
			{
				"name": "headleave20",
				"parent": "headleave14",
				"pivot": [0.98979, 16.57533, -3.5],
				"rotation": [8, 0, 0],
				"cubes": [
					{"origin": [-5.36021, 16.6073, 4.36771], "size": [1, 8.9, 1], "uv": [52, 7], "mirror": true}
				]
			},
			{
				"name": "ahoge",
				"parent": "head",
				"pivot": [-0.40047, 25.57558, -0.28829],
				"rotation": [-37, 10, 0],
				"cubes": [
					{"origin": [-1.75282, 25.54455, -0.27227], "size": [3, 3, 0], "uv": [42, 2]}
				]
			},
			{
				"name": "headleave",
				"parent": "head",
				"pivot": [-0.064, 17.80781, -0.48048],
				"rotation": [-5, 0, 0]
			},
			{
				"name": "headleave2",
				"parent": "headleave",
				"pivot": [-0.064, 17.80781, -0.48048],
				"cubes": [
					{"origin": [-3.64758, 24.53453, -4.75676], "size": [7, 1, 0.63163], "uv": [41, 50]}
				]
			},
			{
				"name": "headleave22",
				"parent": "headleave2",
				"pivot": [-0.064, 17.80781, -0.48048]
			},
			{
				"name": "headleave23",
				"parent": "headleave22",
				"pivot": [-0.064, 17.80781, -0.48048],
				"cubes": [
					{"origin": [-3.64758, 24.53453, -4.75676], "size": [4, 1, 0.63163], "uv": [41, 50]}
				]
			},
			{
				"name": "headleave24",
				"parent": "headleave22",
				"pivot": [-0.064, 17.80781, -0.48048],
				"rotation": [0, 0, -70],
				"cubes": [
					{"origin": [4.17229, 22.36952, -4.75676], "size": [1.7988, 1.44845, 0.63163], "uv": [41, 50]}
				]
			},
			{
				"name": "headleave25",
				"parent": "headleave22",
				"pivot": [-0.064, 17.80781, -0.48048],
				"rotation": [0, 0, -95],
				"cubes": [
					{"origin": [3.20328, 20.46453, -4.75676], "size": [3.11211, 1, 0.63163], "uv": [41, 50]}
				]
			},
			{
				"name": "headleave26",
				"parent": "headleave22",
				"pivot": [-0.064, 17.80781, -0.48048],
				"rotation": [0, 0, -70],
				"cubes": [
					{"origin": [1.77438, 21.59643, -4.75676], "size": [4.37738, 1, 0.63163], "uv": [41, 50]}
				]
			},
			{
				"name": "headleave27",
				"parent": "headleave22",
				"pivot": [-0.064, 17.80781, -0.48048],
				"rotation": [0, 0, -80],
				"cubes": [
					{"origin": [5.73033, 19.54638, -4.75676], "size": [1.12613, 1, 0.63163], "uv": [41, 50]}
				]
			},
			{
				"name": "headleave29",
				"parent": "headleave22",
				"pivot": [-0.064, 17.80781, -0.48048],
				"rotation": [0, 0, -100],
				"cubes": [
					{"origin": [4.20458, 17.67432, -4.75676], "size": [1.08709, 1, 0.63163], "uv": [41, 50]}
				]
			},
			{
				"name": "headleave30",
				"parent": "headleave22",
				"pivot": [-0.064, 17.80781, -0.48048],
				"rotation": [0, 0, -130],
				"cubes": [
					{"origin": [2.97887, 15.42394, -4.75676], "size": [1.08709, 1, 0.63163], "uv": [41, 50]}
				]
			},
			{
				"name": "headleave31",
				"parent": "headleave22",
				"pivot": [-0.064, 17.80781, -0.48048],
				"rotation": [0, 0, 180],
				"cubes": [
					{"origin": [0.017, 13.5873, -4.75676], "size": [0.81481, 1, 0.63163], "uv": [41, 50]}
				]
			},
			{
				"name": "headleave36",
				"parent": "headleave22",
				"pivot": [-0.064, 17.80781, -0.48048],
				"rotation": [0, 0, 140],
				"cubes": [
					{"origin": [-1.57399, 14.76494, -4.75676], "size": [0.12613, 0.6957, 0.63163], "uv": [41, 50]}
				]
			},
			{
				"name": "headleave37",
				"parent": "headleave22",
				"pivot": [-0.064, 17.80781, -0.48048],
				"rotation": [0, 0, 150],
				"cubes": [
					{"origin": [-1.14347, 14.53839, -4.75676], "size": [0.12613, 0.6957, 0.63163], "uv": [41, 50]}
				]
			},
			{
				"name": "headleave38",
				"parent": "headleave22",
				"pivot": [-0.064, 17.80781, -0.48048],
				"rotation": [0, 0, 125],
				"cubes": [
					{"origin": [-2.4728, 15.38724, -4.75676], "size": [0.12613, 0.6957, 0.63163], "uv": [41, 50]}
				]
			},
			{
				"name": "headleave39",
				"parent": "headleave22",
				"pivot": [-0.064, 17.80781, -0.48048],
				"rotation": [0, 0, 145],
				"cubes": [
					{"origin": [-1.73759, 14.6674, -4.75676], "size": [0.12613, 0.6957, 0.63163], "uv": [41, 50]}
				]
			},
			{
				"name": "headleave32",
				"parent": "headleave22",
				"pivot": [-0.064, 17.80781, -0.48048],
				"rotation": [0, 0, 125],
				"cubes": [
					{"origin": [-4.06303, 14.25361, -4.75676], "size": [1.53554, 1.64064, 0.63163], "uv": [41, 50]}
				]
			},
			{
				"name": "headleave33",
				"parent": "headleave22",
				"pivot": [-0.064, 17.80781, -0.48048],
				"rotation": [0, 0, 110],
				"cubes": [
					{"origin": [-5.31693, 15.99448, -4.75676], "size": [0.89489, 1, 0.63163], "uv": [41, 50]}
				]
			},
			{
				"name": "headleave35",
				"parent": "headleave22",
				"pivot": [-0.064, 17.80781, -0.48048],
				"rotation": [0, 0, 75],
				"cubes": [
					{"origin": [-7.26279, 18.52029, -4.75676], "size": [1.66366, 1.91291, 0.63163], "uv": [41, 50]}
				]
			},
			{
				"name": "headleave40",
				"parent": "headleave22",
				"pivot": [-0.064, 17.80781, -0.48048],
				"rotation": [0, 0, 105],
				"cubes": [
					{"origin": [-7.59913, 16.74251, -4.61261], "size": [2.46446, 1.41642, 0.63163], "uv": [41, 50]}
				]
			},
			{
				"name": "headleave42",
				"parent": "headleave22",
				"pivot": [-0.064, 17.80781, -0.48048],
				"rotation": [0, 0, 95],
				"cubes": [
					{"origin": [-7.46112, 19.03411, -4.61261], "size": [2.46446, 1.41642, 0.63163], "uv": [41, 50]}
				]
			},
			{
				"name": "headleave41",
				"parent": "headleave22",
				"pivot": [-0.064, 17.80781, -0.48048],
				"rotation": [0, 0, 80],
				"cubes": [
					{"origin": [-7.08009, 21.67421, -4.75676], "size": [2.96096, 0.83984, 0.63163], "uv": [41, 50]}
				]
			},
			{
				"name": "headleave34",
				"parent": "headleave22",
				"pivot": [-0.064, 17.80781, -0.48048],
				"rotation": [0, 0, 95],
				"cubes": [
					{"origin": [-6.16326, 17.38175, -4.75676], "size": [0.81481, 1, 0.63163], "uv": [41, 50]}
				]
			},
			{
				"name": "headleave28",
				"parent": "headleave22",
				"pivot": [-0.064, 17.80781, -0.48048],
				"rotation": [0, 0, -85],
				"cubes": [
					{"origin": [4.88491, 17.95787, -4.75676], "size": [1.06206, 2.07307, 0.63163], "uv": [41, 50]}
				]
			},
			{
				"name": "armLeft",
				"pivot": [3, 17.5, 0],
				"rotation": [0, 0, -25],
				"cubes": [
					{"origin": [3, 9.5, -1.0961], "size": [2, 8, 2], "uv": [0, 42]}
				]
			},
			{
				"name": "armLeft4",
				"parent": "armLeft",
				"pivot": [3, 17.5, 0]
			},
			{
				"name": "armLeft3",
				"parent": "armLeft4",
				"pivot": [3, 15.11361, 0]
			},
			{
				"name": "armRight13",
				"parent": "armLeft3",
				"pivot": [3, 15.11361, 0],
				"cubes": [
					{"origin": [4.97497, 10.11361, -1], "size": [0.61562, 2.62062, 2], "uv": [53, 54], "mirror": true},
					{"origin": [2.63575, 10.11361, -1.08423], "size": [0.61562, 2.62062, 2], "uv": [53, 54], "mirror": true}
				]
			},
			{
				"name": "armRight14",
				"parent": "armLeft3",
				"pivot": [3, 15.11361, 0],
				"rotation": [0, 90, 0],
				"cubes": [
					{"origin": [3.90392, 10.11361, 0.07105], "size": [0.61562, 2.62062, 2], "uv": [53, 54], "mirror": true},
					{"origin": [1.56469, 10.11361, 0.15528], "size": [0.61562, 2.62062, 2], "uv": [53, 54], "mirror": true},
					{"origin": [1.56469, 10.11361, 0.15528], "size": [0.61562, 2.62062, 2], "uv": [53, 54], "mirror": true}
				]
			},
			{
				"name": "armRight15",
				"parent": "armLeft3",
				"pivot": [3, 15.11361, 0],
				"rotation": [0, 45, 0],
				"cubes": [
					{"origin": [4.92332, 10.11361, 0.38998], "size": [0.61562, 2.62062, 0.73473], "uv": [53, 54], "mirror": true},
					{"origin": [3.5091, 10.11361, -1.02423], "size": [0.61562, 2.62062, 0.73473], "uv": [53, 54], "mirror": true},
					{"origin": [2.09489, 10.11361, 0.38998], "size": [0.61562, 2.62062, 0.73473], "uv": [53, 54], "mirror": true},
					{"origin": [3.5091, 10.11361, 1.8042], "size": [0.61562, 2.62062, 0.73473], "uv": [53, 54], "mirror": true}
				]
			},
			{
				"name": "bone5",
				"parent": "armLeft3",
				"pivot": [3, 15.11361, 0],
				"cubes": [
					{"origin": [3.14915, 15.12662, -1], "size": [2.44144, 0, 2.06406], "uv": [53, 54], "mirror": true}
				]
			},
			{
				"name": "armLeft2",
				"parent": "armLeft4",
				"pivot": [3, 17.5, 0]
			},
			{
				"name": "armRight7",
				"parent": "armLeft2",
				"pivot": [3, 17.5, 0],
				"cubes": [
					{"origin": [4.97497, 12.5, -1], "size": [0.61562, 5.47147, 2], "uv": [56, 53], "mirror": true},
					{"origin": [2.63575, 12.5, -1.08423], "size": [0.61562, 5.47147, 2], "uv": [56, 53], "mirror": true}
				]
			},
			{
				"name": "armRight8",
				"parent": "armLeft2",
				"pivot": [3, 17.5, 0],
				"rotation": [0, 90, 0],
				"cubes": [
					{"origin": [3.90392, 12.5, 0.07105], "size": [0.61562, 5.47147, 2], "uv": [56, 53], "mirror": true},
					{"origin": [1.56469, 12.5, 0.15528], "size": [0.61562, 5.47147, 2], "uv": [56, 53], "mirror": true},
					{"origin": [1.56469, 12.5, 0.15528], "size": [0.61562, 5.47147, 2], "uv": [56, 53], "mirror": true}
				]
			},
			{
				"name": "armRight9",
				"parent": "armLeft2",
				"pivot": [3, 17.5, 0],
				"rotation": [0, 45, 0],
				"cubes": [
					{"origin": [4.92332, 12.5, 0.38998], "size": [0.61562, 5.47147, 0.73473], "uv": [56, 53], "mirror": true},
					{"origin": [3.5091, 12.5, -1.02423], "size": [0.61562, 5.47147, 0.73473], "uv": [56, 53], "mirror": true},
					{"origin": [2.09489, 12.5, 0.38998], "size": [0.61562, 5.47147, 0.73473], "uv": [56, 53], "mirror": true},
					{"origin": [3.5091, 12.5, 1.8042], "size": [0.61562, 5.47147, 0.73473], "uv": [56, 53], "mirror": true}
				]
			},
			{
				"name": "armRight16",
				"parent": "armLeft2",
				"pivot": [3, 17.5, 0],
				"cubes": [
					{"origin": [3.14915, 17.51301, -1], "size": [2.44144, 0.45846, 2.06406], "uv": [56, 53], "mirror": true}
				]
			},
			{
				"name": "armRight",
				"pivot": [-3, 17.5, 0],
				"rotation": [0, 0, 25],
				"cubes": [
					{"origin": [-5, 9.5, -0.96096], "size": [2, 8, 2], "uv": [8, 42]}
				]
			},
			{
				"name": "armRight17",
				"parent": "armRight",
				"pivot": [-3, 17.5, 0]
			},
			{
				"name": "armRight6",
				"parent": "armRight17",
				"pivot": [-3, 15.30581, 0]
			},
			{
				"name": "armRight10",
				"parent": "armRight6",
				"pivot": [-3, 15.30581, 0],
				"cubes": [
					{"origin": [-5.59059, 10.30581, -1], "size": [0.61562, 2.25225, 2], "uv": [48, 52]},
					{"origin": [-3.25136, 10.30581, -1.08423], "size": [0.61562, 2.25225, 2], "uv": [48, 52]}
				]
			},
			{
				"name": "armRight11",
				"parent": "armRight6",
				"pivot": [-3, 15.30581, 0],
				"rotation": [0, -90, 0],
				"cubes": [
					{"origin": [-4.51954, 10.30581, 0.07105], "size": [0.61562, 2.25225, 2], "uv": [48, 52]},
					{"origin": [-2.18031, 10.30581, 0.15528], "size": [0.61562, 2.25225, 2], "uv": [48, 52]},
					{"origin": [-2.18031, 10.30581, 0.15528], "size": [0.61562, 2.25225, 2], "uv": [48, 52]}
				]
			},
			{
				"name": "armRight12",
				"parent": "armRight6",
				"pivot": [-3, 15.30581, 0],
				"rotation": [0, -45, 0],
				"cubes": [
					{"origin": [-5.53893, 10.30581, 0.38998], "size": [0.61562, 2.25225, 0.73473], "uv": [48, 52]},
					{"origin": [-4.12472, 10.30581, -1.02423], "size": [0.61562, 2.25225, 0.73473], "uv": [48, 52]},
					{"origin": [-2.7105, 10.30581, 0.38998], "size": [0.61562, 2.25225, 0.73473], "uv": [48, 52]},
					{"origin": [-4.12472, 10.30581, 1.8042], "size": [0.61562, 2.25225, 0.73473], "uv": [48, 52]}
				]
			},
			{
				"name": "bone4",
				"parent": "armRight6",
				"pivot": [-3, 15.30581, 0],
				"cubes": [
					{"origin": [-5.59059, 15.31882, -1], "size": [2.44144, 0.08008, 2.06406], "uv": [48, 52]}
				]
			},
			{
				"name": "armRight2",
				"parent": "armRight17",
				"pivot": [-3, 17.5, 0]
			},
			{
				"name": "armRight3",
				"parent": "armRight2",
				"pivot": [-3, 17.5, 0],
				"cubes": [
					{"origin": [-5.59059, 12.5, -1], "size": [0.61562, 5.47147, 2], "uv": [52, 54]},
					{"origin": [-3.25136, 12.5, -1.08423], "size": [0.61562, 5.47147, 2], "uv": [52, 54]}
				]
			},
			{
				"name": "armRight5",
				"parent": "armRight2",
				"pivot": [-3, 17.5, 0],
				"rotation": [0, -90, 0],
				"cubes": [
					{"origin": [-4.51954, 12.5, 0.07105], "size": [0.61562, 5.47147, 2], "uv": [52, 54]},
					{"origin": [-2.18031, 12.5, 0.15528], "size": [0.61562, 5.47147, 2], "uv": [52, 54]},
					{"origin": [-2.18031, 12.5, 0.15528], "size": [0.61562, 5.47147, 2], "uv": [52, 54]}
				]
			},
			{
				"name": "armRight4",
				"parent": "armRight2",
				"pivot": [-3, 17.5, 0],
				"rotation": [0, -45, 0],
				"cubes": [
					{"origin": [-5.53893, 12.5, 0.38998], "size": [0.61562, 5.47147, 0.73473], "uv": [52, 54]},
					{"origin": [-4.12472, 12.5, -1.02423], "size": [0.61562, 5.47147, 0.73473], "uv": [52, 54]},
					{"origin": [-2.7105, 12.5, 0.38998], "size": [0.61562, 5.47147, 0.73473], "uv": [52, 54]},
					{"origin": [-4.12472, 12.5, 1.8042], "size": [0.61562, 5.47147, 0.73473], "uv": [52, 54]}
				]
			},
			{
				"name": "bone3",
				"parent": "armRight2",
				"pivot": [-3, 17.5, 0],
				"cubes": [
					{"origin": [-5.59059, 17.51301, -1], "size": [2.44144, 0.45846, 2.06406], "uv": [52, 54]}
				]
			},
			{
				"name": "body",
				"pivot": [0, 10.5, 0],
				"cubes": [
					{"origin": [-3.31406, 11, -2.5], "size": [6.4, 1.25, 5], "uv": [0, 28]},
					{"origin": [-4.00975, 8.088, -2.57986], "size": [8, 3, 5], "uv": [0, 34]},
					{"origin": [-2.55235, 11, -2.5], "size": [5, 7, 5], "uv": [0, 16]}
				]
			},
			{
				"name": "collar",
				"parent": "body",
				"pivot": [0, 11.5, 0]
			},
			{
				"name": "suit",
				"parent": "body",
				"pivot": [0, 10.5, 0]
			},
			{
				"name": "skirt",
				"parent": "body",
				"pivot": [0.12813, 0, 0.4004]
			},
			{
				"name": "skirt13",
				"parent": "skirt",
				"pivot": [0.12813, 0, 0.4004]
			},
			{
				"name": "skirt2",
				"parent": "skirt13",
				"pivot": [-1.87187, 12.00951, -3.22873],
				"cubes": [
					{"origin": [-3.57657, 6.75676, -3.48849], "size": [2, 10.50551, 0.51952], "uv": [52, 50]}
				]
			},
			{
				"name": "skirt10",
				"parent": "skirt13",
				"pivot": [-1.87187, 12.00951, -3.22873],
				"cubes": [
					{"origin": [-3.72874, 6.9009, 3.07106], "size": [2, 10.36136, 0.51952], "uv": [52, 50]},
					{"origin": [-1.65467, 6.9009, 3.27827], "size": [2.51652, 10.36136, 0.51952], "uv": [52, 50]},
					{"origin": [-3.17119, 6.9009, 3.27827], "size": [1.51652, 10.36136, 0.51952], "uv": [52, 50]},
					{"origin": [0.86185, 6.9009, 3.27827], "size": [2.51652, 10.36136, 0.51952], "uv": [52, 50]}
				]
			},
			{
				"name": "skirt6",
				"parent": "skirt13",
				"pivot": [0.12813, 0, 0.4004],
				"rotation": [0, 90, 0],
				"cubes": [
					{"origin": [1.4975, 11.06507, -3.82382], "size": [2, 6.1972, 0.51952], "uv": [52, 50]},
					{"origin": [-0.5025, 11.06507, -3.82382], "size": [2, 6.1972, 0.51952], "uv": [52, 50]},
					{"origin": [-2.5025, 11.06507, -3.82382], "size": [2, 6.1972, 0.51952], "uv": [52, 50]}
				]
			},
			{
				"name": "skirt7",
				"parent": "skirt13",
				"pivot": [0.12813, 0, 0.4004],
				"rotation": [0, 45, 0],
				"cubes": [
					{"origin": [-0.42832, 11.14515, -4.96908], "size": [0.68669, 6.11712, 0.51952], "uv": [52, 50]}
				]
			},
			{
				"name": "skirt9",
				"parent": "skirt13",
				"pivot": [0.12813, 0, 0.4004],
				"rotation": [0, 45, 0],
				"cubes": [
					{"origin": [-4.71898, 11.14515, -0.72644], "size": [0.68669, 6.11712, 0.51952], "uv": [52, 50]}
				]
			},
			{
				"name": "skirt3",
				"parent": "skirt13",
				"pivot": [-1.87187, 12.76226, -3.22873],
				"rotation": [0, 0, 15],
				"cubes": [
					{"origin": [-3.71028, 9.09827, -3.48849], "size": [2, 4.17918, 0.51952], "uv": [52, 50]}
				]
			},
			{
				"name": "skirt12",
				"parent": "skirt13",
				"pivot": [-1.87187, 12.76226, -3.22873],
				"rotation": [0, 0, 15],
				"cubes": [
					{"origin": [-3.71028, 9.09827, 3.09409], "size": [2, 4.17918, 0.51952], "uv": [52, 50]}
				]
			},
			{
				"name": "skirt8",
				"parent": "skirt13",
				"pivot": [-1.87187, 12.76226, -3.22873],
				"rotation": [0, 90, 20],
				"cubes": [
					{"origin": [-3.61211, 8.95199, -5.26033], "size": [2, 4.17918, 0.51952], "uv": [52, 50]},
					{"origin": [-5.61211, 8.95199, -5.26033], "size": [2, 4.17918, 0.51952], "uv": [52, 50]},
					{"origin": [-8.47698, 8.95199, -5.26033], "size": [2.86486, 4.17918, 0.51952], "uv": [52, 50]}
				]
			},
			{
				"name": "skirt11",
				"parent": "skirt13",
				"pivot": [-1.87187, 12.76226, -3.22873],
				"rotation": [0, 90, 0],
				"cubes": [
					{"origin": [-3.61211, 6.89864, -6.44099], "size": [2, 2.97798, 0.51952], "uv": [52, 50]},
					{"origin": [-5.61211, 6.89864, -6.44099], "size": [2, 2.97798, 0.51952], "uv": [52, 50]},
					{"origin": [-8.47698, 6.89864, -6.44099], "size": [2.86486, 2.97798, 0.51952], "uv": [52, 50]}
				]
			},
			{
				"name": "skirt4",
				"parent": "skirt13",
				"pivot": [-1.87187, 12.76226, -3.22873],
				"cubes": [
					{"origin": [-4.59595, 6.88112, 3.11011], "size": [2, 2.81782, 0.51952], "uv": [52, 50]},
					{"origin": [-4.59595, 6.88112, -3.48849], "size": [2, 2.81782, 0.51952], "uv": [52, 50]}
				]
			},
			{
				"name": "skirt5",
				"parent": "skirt13",
				"pivot": [-1.87187, 12.76226, -3.22873],
				"rotation": [0, 0, 10],
				"cubes": [
					{"origin": [-3.5342, 6.47341, -3.48849], "size": [2.99099, 0.52252, 0.51952], "uv": [52, 50]}
				]
			},
			{
				"name": "skirt14",
				"parent": "skirt",
				"pivot": [-0.17618, 0, 0.4004]
			},
			{
				"name": "skirt15",
				"parent": "skirt14",
				"pivot": [1.82382, 12.00951, -3.22873],
				"cubes": [
					{"origin": [1.51251, 6.75676, -3.48849], "size": [2, 10.50551, 0.51952], "uv": [52, 50], "mirror": true}
				]
			},
			{
				"name": "skirt16",
				"parent": "skirt14",
				"pivot": [1.82382, 12.00951, -3.22873],
				"cubes": [
					{"origin": [1.66468, 6.9009, 3.07106], "size": [2, 10.36136, 0.51952], "uv": [52, 50], "mirror": true}
				]
			},
			{
				"name": "skirt17",
				"parent": "skirt14",
				"pivot": [-0.17618, 0, 0.4004],
				"rotation": [0, -90, 0],
				"cubes": [
					{"origin": [-3.54555, 11.06507, -3.80781], "size": [2, 6.1972, 0.51952], "uv": [52, 50], "mirror": true},
					{"origin": [-1.54555, 11.06507, -3.80781], "size": [2, 6.1972, 0.51952], "uv": [52, 50], "mirror": true},
					{"origin": [0.45445, 11.06507, -3.80781], "size": [2, 6.1972, 0.51952], "uv": [52, 50], "mirror": true}
				]
			},
			{
				"name": "skirt18",
				"parent": "skirt14",
				"pivot": [-0.17618, 0, 0.4004],
				"rotation": [0, -45, 0],
				"cubes": [
					{"origin": [-0.31774, 11.14515, -4.95776], "size": [0.68669, 6.11712, 0.51952], "uv": [52, 50], "mirror": true}
				]
			},
			{
				"name": "skirt19",
				"parent": "skirt14",
				"pivot": [-0.17618, 0, 0.4004],
				"rotation": [0, -45, 0],
				"cubes": [
					{"origin": [3.97293, 11.14515, -0.71512], "size": [0.68669, 6.11712, 0.51952], "uv": [52, 50], "mirror": true}
				]
			},
			{
				"name": "skirt20",
				"parent": "skirt14",
				"pivot": [1.82382, 12.76226, -3.22873],
				"rotation": [0, 0, -15],
				"cubes": [
					{"origin": [1.64676, 9.10241, -3.48849], "size": [2, 4.17918, 0.51952], "uv": [52, 50], "mirror": true}
				]
			},
			{
				"name": "skirt21",
				"parent": "skirt14",
				"pivot": [1.82382, 12.76226, -3.22873],
				"rotation": [0, 0, -15],
				"cubes": [
					{"origin": [1.64676, 9.10241, 3.09409], "size": [2, 4.17918, 0.51952], "uv": [52, 50], "mirror": true}
				]
			},
			{
				"name": "skirt22",
				"parent": "skirt14",
				"pivot": [1.82382, 12.76226, -3.22873],
				"rotation": [0, -90, -20],
				"cubes": [
					{"origin": [1.56406, 8.95746, -5.24528], "size": [2, 4.17918, 0.51952], "uv": [52, 50], "mirror": true},
					{"origin": [3.56406, 8.95746, -5.24528], "size": [2, 4.17918, 0.51952], "uv": [52, 50], "mirror": true},
					{"origin": [5.56406, 8.95746, -5.24528], "size": [2.86486, 4.17918, 0.51952], "uv": [52, 50], "mirror": true}
				]
			},
			{
				"name": "skirt23",
				"parent": "skirt14",
				"pivot": [1.82382, 12.76226, -3.22873],
				"rotation": [0, -90, 0],
				"cubes": [
					{"origin": [1.56406, 6.89864, -6.42498], "size": [2, 2.97798, 0.51251], "uv": [53, 57], "mirror": true},
					{"origin": [3.56406, 6.89864, -6.42498], "size": [2, 2.97798, 0.51952], "uv": [52, 50], "mirror": true},
					{"origin": [5.56406, 6.89864, -6.42498], "size": [2.86486, 2.97798, 0.51952], "uv": [52, 50], "mirror": true}
				]
			},
			{
				"name": "skirt24",
				"parent": "skirt14",
				"pivot": [1.82382, 12.76226, -3.22873],
				"cubes": [
					{"origin": [2.53189, 6.88112, 3.11011], "size": [2, 2.81782, 0.51952], "uv": [52, 50], "mirror": true},
					{"origin": [2.53189, 6.88112, -3.48849], "size": [2, 2.81782, 0.51952], "uv": [52, 50], "mirror": true}
				]
			},
			{
				"name": "skirt25",
				"parent": "skirt14",
				"pivot": [1.82382, 12.76226, -3.22873],
				"rotation": [0, 0, -10],
				"cubes": [
					{"origin": [0.47939, 6.47619, -3.48849], "size": [2.99099, 0.52252, 0.51952], "uv": [52, 50], "mirror": true}
				]
			},
			{
				"name": "skirt26",
				"parent": "skirt",
				"pivot": [0.12813, 0, 0.4004]
			},
			{
				"name": "skirt27",
				"parent": "skirt26",
				"pivot": [1.82382, 16.72623, -3.22873],
				"rotation": [155, -5, -25]
			},
			{
				"name": "skirt31",
				"parent": "skirt26",
				"pivot": [1.82382, 16.72623, -3.22873],
				"rotation": [155, -5, -25],
				"cubes": [
					{"origin": [1.52157, 16.274, -3.30525], "size": [3.00701, 2.001, 0.51952], "uv": [52, 50], "mirror": true}
				]
			},
			{
				"name": "skirt28",
				"parent": "skirt26",
				"pivot": [1.82382, 16.72623, -3.22873],
				"rotation": [0, -90, -20],
				"cubes": [
					{"origin": [1.81497, 16.11389, -5.97654], "size": [2.37538, 1.47247, 0.51952], "uv": [52, 50], "mirror": true},
					{"origin": [4.19035, 16.34944, -5.32938], "size": [2.37538, 1.47247, 0.51952], "uv": [52, 50], "mirror": true},
					{"origin": [6.56573, 16.11389, -5.97654], "size": [1.89489, 1.47247, 0.51952], "uv": [52, 50], "mirror": true}
				]
			},
			{
				"name": "skirt29",
				"parent": "skirt26",
				"pivot": [1.82382, 16.72623, -3.22873],
				"rotation": [0, 0, -20],
				"cubes": [
					{"origin": [2.19626, 16.11389, 3.0397], "size": [2.37538, 1.47247, 0.51952], "uv": [52, 50], "mirror": true}
				]
			},
			{
				"name": "skirt30",
				"parent": "skirt26",
				"pivot": [1.82382, 16.72623, -3.22873],
				"cubes": [
					{"origin": [-0.76092, 16.2782, 3.0397], "size": [3.14414, 1.47247, 0.51952], "uv": [52, 50], "mirror": true}
				]
			},
			{
				"name": "skirt32",
				"parent": "skirt",
				"pivot": [-0.24024, 0, 0.4004]
			},
			{
				"name": "skirt33",
				"parent": "skirt32",
				"pivot": [-1.93594, 16.72623, -3.22873],
				"rotation": [155, 5, 25]
			},
			{
				"name": "skirt34",
				"parent": "skirt32",
				"pivot": [-1.93594, 16.72623, -3.22873],
				"rotation": [155, 5, 25],
				"cubes": [
					{"origin": [-4.65515, 16.28067, -3.30696], "size": [3.00701, 2.001, 0.51952], "uv": [52, 50]}
				]
			},
			{
				"name": "skirt35",
				"parent": "skirt32",
				"pivot": [-1.93594, 16.72623, -3.22873],
				"rotation": [0, 90, 20],
				"cubes": [
					{"origin": [-4.30246, 16.10842, -5.99159], "size": [2.37538, 1.47247, 0.51952], "uv": [52, 50]},
					{"origin": [-6.67784, 16.34944, -5.32938], "size": [2.37538, 1.47247, 0.51952], "uv": [52, 50]},
					{"origin": [-8.57273, 16.10842, -5.99159], "size": [1.89489, 1.47247, 0.51952], "uv": [52, 50]}
				]
			},
			{
				"name": "skirt36",
				"parent": "skirt32",
				"pivot": [-1.93594, 16.72623, -3.22873],
				"rotation": [0, 0, 20],
				"cubes": [
					{"origin": [-4.6988, 16.10842, 3.0397], "size": [2.37538, 1.47247, 0.51952], "uv": [52, 50]}
				]
			},
			{
				"name": "skirt37",
				"parent": "skirt32",
				"pivot": [-1.93594, 16.72623, -3.22873],
				"cubes": [
					{"origin": [-1.11796, 16.2782, 3.0397], "size": [3.14414, 1.47247, 0.51952], "uv": [52, 50]},
					{"origin": [-2.63948, 16.2782, 3.0397], "size": [3.14414, 1.47247, 0.51952], "uv": [52, 50]}
				]
			},
			{
				"name": "legLeft",
				"pivot": [2, 9, 0],
				"cubes": [
					{"origin": [0.06757, 0, -1.35586], "size": [3, 9, 3], "uv": [12, 52]}
				]
			},
			{
				"name": "legRight",
				"pivot": [-2, 9, 0],
				"cubes": [
					{"origin": [-3.37187, 0, -1.35586], "size": [3, 9, 3], "uv": [0, 52]}
				]
			}
		]
	}
}