{
	"format_version": "1.10.0",
	"geometry.model": {
		"texturewidth": 64,
		"textureheight": 64,
		"visible_bounds_width": 3,
		"visible_bounds_height": 2,
		"visible_bounds_offset": [0, 1, 0],
		"bones": [
			{
				"name": "head",
				"pivot": [-0.064, 18, 0],
				"cubes": [
					{"origin": [-4.064, 18, -4], "size": [8, 8, 8], "uv": [0, 0]}
				]
			},
			{
				"name": "blink",
				"parent": "head",
				"pivot": [-0.064, 0, 0],
				"cubes": [
					{"origin": [-4.064, 18, -4.001], "size": [8, 8, 0], "uv": [32, 8]}
				]
			},
			{
				"name": "headleave2",
				"parent": "head",
				"pivot": [0.23478, 25.6003, 0]
			},
			{
				"name": "headleave5",
				"parent": "headleave2",
				"pivot": [-5.18478, 16.8503, -2.5]
			},
			{
				"name": "headleave8",
				"parent": "headleave5",
				"pivot": [-5.18478, 16.8503, -2.5],
				"rotation": [0, 0, 5],
				"cubes": [
					{"origin": [-4.63602, 17.39119, -3.83984], "size": [1.57658, 5.34534, 1], "uv": [4, 46], "mirror": true}
				]
			},
			{
				"name": "headleave12",
				"parent": "headleave5",
				"pivot": [2.91522, 17.6503, -3.5],
				"rotation": [0, 0, 5],
				"cubes": [
					{"origin": [-4.51019, 15.18044, -3.93594], "size": [0.61562, 2.79179, 1], "uv": [13, 53], "mirror": true}
				]
			},
			{
				"name": "headleave13",
				"parent": "headleave5",
				"pivot": [2.91522, 17.6503, -3.5],
				"cubes": [
					{"origin": [-3.94614, 14.96872, -3.96797], "size": [0.61562, 2.79179, 1], "uv": [13, 53], "mirror": true}
				]
			},
			{
				"name": "headleave14",
				"parent": "headleave5",
				"pivot": [2.41522, 15.5503, -3.5],
				"rotation": [0, 0, -22],
				"cubes": [
					{"origin": [-2.67035, 16.21555, -3.95195], "size": [0.72773, 3, 1], "uv": [14, 55], "mirror": true}
				]
			},
			{
				"name": "headleave15",
				"parent": "headleave5",
				"pivot": [2.41522, 15.5503, -3.5],
				"rotation": [0, 0, -22],
				"cubes": [
					{"origin": [-2.57426, 17.67301, -3.95195], "size": [0.72773, 3, 1], "uv": [13, 53], "mirror": true}
				]
			},
			{
				"name": "headleave40",
				"parent": "headleave5",
				"pivot": [-5.18478, 16.8503, -2.5],
				"rotation": [-10, 0, -10],
				"cubes": [
					{"origin": [-3.80854, 17.49459, -3.47577], "size": [1.57658, 5.15315, 1], "uv": [4, 46], "mirror": true}
				]
			},
			{
				"name": "headleave41",
				"parent": "headleave5",
				"pivot": [-5.18478, 16.8503, -2.5],
				"rotation": [-20, 0, -10],
				"cubes": [
					{"origin": [-3.80854, 19.80489, -3.11244], "size": [1.57658, 2.87888, 1], "uv": [4, 46], "mirror": true}
				]
			},
			{
				"name": "headleave9",
				"parent": "headleave2",
				"pivot": [-2.41522, 15.5503, -3.5],
				"rotation": [8, 0, 0],
				"cubes": [
					{"origin": [2.93478, 15.5503, 4.25], "size": [1, 8.9, 1], "uv": [14, 50]}
				]
			},
			{
				"name": "headleave18",
				"parent": "headleave2",
				"pivot": [-2.41522, 15.5503, -3.5],
				"rotation": [11, 0, 0],
				"cubes": [
					{"origin": [2.03478, 15.3503, 4.65], "size": [1, 8.9, 1], "uv": [14, 50]},
					{"origin": [-2.92522, 15.3503, 4.65], "size": [1, 8.9, 1], "uv": [13, 50]}
				]
			},
			{
				"name": "headleave19",
				"parent": "headleave2",
				"pivot": [-2.41522, 15.5503, -3.5],
				"rotation": [13, 0, 0],
				"cubes": [
					{"origin": [-1.97322, 14.8503, 5.05], "size": [1, 8.9, 1], "uv": [13, 50]},
					{"origin": [-1.97322, 14.8503, 5.05], "size": [1, 8.9, 1], "uv": [14, 50]},
					{"origin": [-3.86122, 14.8503, 5.05], "size": [1, 8.9, 1], "uv": [14, 50]}
				]
			},
			{
				"name": "headleave20",
				"parent": "headleave2",
				"pivot": [-2.41522, 15.5503, -3.5],
				"rotation": [0, -90, 5],
				"cubes": [
					{"origin": [4.06482, 16.53198, -1.77282], "size": [1, 8.9, 1], "uv": [13, 50]},
					{"origin": [4.06482, 16.53198, -1.77282], "size": [1, 8.9, 1], "uv": [14, 50]},
					{"origin": [2.17682, 16.53198, -1.77282], "size": [1, 8.9, 1], "uv": [14, 50]}
				]
			},
			{
				"name": "headleave26",
				"parent": "headleave2",
				"pivot": [2.41522, 15.5503, -3.5],
				"rotation": [0, 90, -5],
				"cubes": [
					{"origin": [-5.06482, 16.53198, -1.77282], "size": [1, 8.9, 1], "uv": [13, 50], "mirror": true},
					{"origin": [-5.06482, 16.53198, -1.77282], "size": [1, 8.9, 1], "uv": [14, 50], "mirror": true},
					{"origin": [-3.17682, 16.53198, -1.77282], "size": [1, 8.9, 1], "uv": [14, 50], "mirror": true}
				]
			},
			{
				"name": "headleave24",
				"parent": "headleave2",
				"pivot": [-2.41522, 15.5503, -3.5],
				"rotation": [0, -90, 10],
				"cubes": [
					{"origin": [3.10386, 16.53198, -1.11617], "size": [1, 8.9, 1], "uv": [13, 50]},
					{"origin": [3.10386, 16.53198, -1.11617], "size": [1, 8.9, 1], "uv": [14, 50]},
					{"origin": [1.21586, 16.53198, -1.11617], "size": [1, 8.9, 1], "uv": [14, 50]}
				]
			},
			{
				"name": "headleave25",
				"parent": "headleave2",
				"pivot": [2.41522, 15.5503, -3.5],
				"rotation": [0, 90, -10],
				"cubes": [
					{"origin": [-4.10386, 16.53198, -1.11617], "size": [1, 8.9, 1], "uv": [13, 50], "mirror": true},
					{"origin": [-4.10386, 16.53198, -1.11617], "size": [1, 8.9, 1], "uv": [14, 50], "mirror": true},
					{"origin": [-2.21586, 16.53198, -1.11617], "size": [1, 8.9, 1], "uv": [14, 50], "mirror": true}
				]
			},
			{
				"name": "headleave21",
				"parent": "headleave2",
				"pivot": [-2.41522, 15.5503, -3.5],
				"rotation": [15, 0, 0],
				"cubes": [
					{"origin": [0.03478, 14.4663, 5.242], "size": [1, 8.9, 1], "uv": [14, 50]},
					{"origin": [-0.95722, 14.3703, 5.082], "size": [1, 8.9, 1], "uv": [14, 50]}
				]
			},
			{
				"name": "headleave31",
				"parent": "head",
				"pivot": [-0.23478, 25.6003, 0]
			},
			{
				"name": "headleave32",
				"parent": "headleave31",
				"pivot": [5.18478, 16.8503, -2.5]
			},
			{
				"name": "headleave33",
				"parent": "headleave32",
				"pivot": [5.18478, 16.8503, -2.5],
				"rotation": [0, 0, -5],
				"cubes": [
					{"origin": [3.04342, 17.39119, -3.83984], "size": [1.57658, 5.34534, 1], "uv": [4, 46]}
				]
			},
			{
				"name": "headleave36",
				"parent": "headleave32",
				"pivot": [-2.91522, 17.6503, -3.5],
				"rotation": [0, 0, -5],
				"cubes": [
					{"origin": [3.89457, 15.18044, -3.93594], "size": [0.61562, 2.79179, 1], "uv": [14, 55]}
				]
			},
			{
				"name": "headleave37",
				"parent": "headleave32",
				"pivot": [-2.91522, 17.6503, -3.5],
				"cubes": [
					{"origin": [3.33052, 14.96872, -3.96797], "size": [0.61562, 2.79179, 1], "uv": [14, 55]}
				]
			},
			{
				"name": "headleave38",
				"parent": "headleave32",
				"pivot": [-2.41522, 15.5503, -3.5],
				"rotation": [0, 0, 22],
				"cubes": [
					{"origin": [1.94262, 16.21555, -3.95195], "size": [0.72773, 3, 1], "uv": [14, 55]}
				]
			},
			{
				"name": "headleave39",
				"parent": "headleave32",
				"pivot": [-2.41522, 15.5503, -3.5],
				"rotation": [0, 0, 22],
				"cubes": [
					{"origin": [1.84653, 17.67301, -3.95195], "size": [0.72773, 3, 1], "uv": [14, 55]}
				]
			},
			{
				"name": "headleave42",
				"parent": "headleave32",
				"pivot": [5.18478, 16.8503, -2.5],
				"rotation": [-10, 0, 10],
				"cubes": [
					{"origin": [2.23196, 17.49459, -3.47577], "size": [1.57658, 5.15315, 1], "uv": [4, 46]}
				]
			},
			{
				"name": "headleave43",
				"parent": "headleave32",
				"pivot": [5.18478, 16.8503, -2.5],
				"rotation": [-20, 0, 10],
				"cubes": [
					{"origin": [2.23196, 19.80489, -3.11244], "size": [1.57658, 2.87888, 1], "uv": [4, 46]}
				]
			},
			{
				"name": "headleave44",
				"parent": "headleave31",
				"pivot": [2.41522, 15.5503, -3.5],
				"rotation": [8, 0, 0],
				"cubes": [
					{"origin": [-3.93478, 15.5503, 4.25], "size": [1, 8.9, 1], "uv": [14, 50], "mirror": true}
				]
			},
			{
				"name": "headleave45",
				"parent": "headleave31",
				"pivot": [2.41522, 15.5503, -3.5],
				"rotation": [14, -5, -10]
			},
			{
				"name": "headleave46",
				"parent": "headleave31",
				"pivot": [2.41522, 15.5503, -3.5],
				"rotation": [17, -5, 10]
			},
			{
				"name": "headleave47",
				"parent": "headleave31",
				"pivot": [2.41522, 15.5503, -3.5],
				"rotation": [19, -5, -7]
			},
			{
				"name": "headleave48",
				"parent": "headleave31",
				"pivot": [2.41522, 15.5503, -3.5],
				"rotation": [16, -5, 7]
			},
			{
				"name": "headleave49",
				"parent": "headleave31",
				"pivot": [2.41522, 15.5503, -3.5],
				"rotation": [10, -5, -7]
			},
			{
				"name": "headleave50",
				"parent": "headleave31",
				"pivot": [2.41522, 15.5503, -3.5],
				"rotation": [17, -5, -4]
			},
			{
				"name": "headleave51",
				"parent": "headleave31",
				"pivot": [2.41522, 15.5503, -3.5],
				"rotation": [16, -5, 4]
			},
			{
				"name": "headleave52",
				"parent": "headleave31",
				"pivot": [2.41522, 15.5503, -3.5],
				"rotation": [14, -5, -2]
			},
			{
				"name": "headleave53",
				"parent": "headleave31",
				"pivot": [2.41522, 15.5503, -3.5],
				"rotation": [11, 0, 0],
				"cubes": [
					{"origin": [-3.03478, 15.3503, 4.65], "size": [1, 8.9, 1], "uv": [14, 50], "mirror": true},
					{"origin": [1.92522, 15.3503, 4.65], "size": [1, 8.9, 1], "uv": [13, 50], "mirror": true}
				]
			},
			{
				"name": "headleave54",
				"parent": "headleave31",
				"pivot": [2.41522, 15.5503, -3.5],
				"rotation": [13, 0, 0],
				"cubes": [
					{"origin": [-2.03478, 14.8503, 5.05], "size": [1, 8.9, 1], "uv": [14, 50], "mirror": true},
					{"origin": [0.97322, 14.8503, 5.05], "size": [1, 8.9, 1], "uv": [13, 50], "mirror": true},
					{"origin": [0.97322, 14.8503, 5.05], "size": [1, 8.9, 1], "uv": [14, 50], "mirror": true},
					{"origin": [2.86122, 14.8503, 5.05], "size": [1, 8.9, 1], "uv": [14, 50], "mirror": true}
				]
			},
			{
				"name": "headleave55",
				"parent": "headleave31",
				"pivot": [2.41522, 15.5503, -3.5],
				"rotation": [15, 0, 0],
				"cubes": [
					{"origin": [-1.03478, 14.4663, 5.242], "size": [1, 8.9, 1], "uv": [14, 50], "mirror": true},
					{"origin": [-0.04278, 14.3703, 5.082], "size": [1, 8.9, 1], "uv": [14, 50], "mirror": true}
				]
			},
			{
				"name": "head2",
				"parent": "head",
				"pivot": [0.23478, 25.6003, 0]
			},
			{
				"name": "headleave17",
				"parent": "head2",
				"pivot": [-6.23478, 24.6003, -0.5],
				"rotation": [0, 0, 25],
				"cubes": [
					{"origin": [-4.47619, 23.67742, -3.88989], "size": [1.82382, 3.3023, 4], "uv": [0, 45], "mirror": true}
				]
			},
			{
				"name": "headleave34",
				"parent": "head2",
				"pivot": [-6.23478, 24.6003, -0.5],
				"rotation": [0, 0, 35],
				"cubes": [
					{"origin": [-4.5616, 23.72482, -3.88989], "size": [2.36836, 3.3023, 4], "uv": [1, 46], "mirror": true}
				]
			},
			{
				"name": "headleave3",
				"parent": "head2",
				"pivot": [-6.23478, 24.6003, -0.5],
				"rotation": [0, 0, 50],
				"cubes": [
					{"origin": [-4.36549, 23.76646, -3.88989], "size": [2.36836, 3.3023, 4], "uv": [1, 46], "mirror": true}
				]
			},
			{
				"name": "headleave22",
				"parent": "head2",
				"pivot": [6.23478, 24.6003, -0.5],
				"rotation": [-45, 0, -35]
			},
			{
				"name": "headleave35",
				"parent": "head2",
				"pivot": [-6.23478, 24.6003, -0.5],
				"rotation": [-45, 0, 57],
				"cubes": [
					{"origin": [-4.19057, 21.87413, -2.56786], "size": [1.51952, 2.85385, 2.91091], "uv": [4, 48], "mirror": true}
				]
			},
			{
				"name": "headleave4",
				"parent": "head2",
				"pivot": [-6.23478, 24.6003, -0.5],
				"rotation": [-45, 0, 77],
				"cubes": [
					{"origin": [-3.56393, 23.14865, -3.84238], "size": [1.51952, 2.85385, 2.91091], "uv": [4, 48], "mirror": true}
				]
			},
			{
				"name": "head3",
				"parent": "head",
				"pivot": [-0.23478, 25.6003, 0]
			},
			{
				"name": "headleave6",
				"parent": "head3",
				"pivot": [6.23478, 24.6003, -0.5],
				"rotation": [0, 0, -25],
				"cubes": [
					{"origin": [2.65237, 23.67742, -3.88989], "size": [1.82382, 3.3023, 4], "uv": [0, 45]}
				]
			},
			{
				"name": "headleave7",
				"parent": "head3",
				"pivot": [6.23478, 24.6003, -0.5],
				"rotation": [0, 0, -35],
				"cubes": [
					{"origin": [2.19323, 23.72482, -3.88989], "size": [2.36836, 3.3023, 4], "uv": [1, 46]}
				]
			},
			{
				"name": "headleave10",
				"parent": "head3",
				"pivot": [6.23478, 24.6003, -0.5],
				"rotation": [0, 0, -50],
				"cubes": [
					{"origin": [1.99712, 23.76646, -3.88989], "size": [2.36836, 3.3023, 4], "uv": [1, 46]}
				]
			},
			{
				"name": "headleave11",
				"parent": "head3",
				"pivot": [-6.23478, 24.6003, -0.5],
				"rotation": [-45, 0, 35]
			},
			{
				"name": "headleave16",
				"parent": "head3",
				"pivot": [6.23478, 24.6003, -0.5],
				"rotation": [-45, 0, -57],
				"cubes": [
					{"origin": [2.67106, 21.87413, -2.56786], "size": [1.51952, 2.85385, 2.91091], "uv": [4, 48]}
				]
			},
			{
				"name": "headleave23",
				"parent": "head3",
				"pivot": [6.23478, 24.6003, -0.5],
				"rotation": [-45, 0, -77],
				"cubes": [
					{"origin": [2.04442, 23.14865, -3.84238], "size": [1.51952, 2.85385, 2.91091], "uv": [4, 48]}
				]
			},
			{
				"name": "ahoge",
				"parent": "head",
				"pivot": [-0.064, 18, 0]
			},
			{
				"name": "ahoge2",
				"parent": "ahoge",
				"pivot": [0.02159, 25.86637, 0],
				"rotation": [0, 0, -30],
				"cubes": [
					{"origin": [-1.38232, 25.71171, 0], "size": [3, 3, 0], "uv": [51, 46]}
				]
			},
			{
				"name": "headleave",
				"parent": "head",
				"pivot": [0, 17.63163, -0.48048],
				"rotation": [-5, 0, 0],
				"cubes": [
					{"origin": [-3.54955, 24.47848, -4.74074], "size": [7, 1, 1], "uv": [16, 10]}
				]
			},
			{
				"name": "headleave27",
				"parent": "headleave",
				"pivot": [-2.69069, 18.27227, 0.67267],
				"rotation": [0, 0, 9]
			},
			{
				"name": "headleave28",
				"parent": "headleave27",
				"pivot": [-2.69069, 18.27227, 0.67267],
				"cubes": [
					{"origin": [-4.66627, 22.50966, -4.74074], "size": [1.27227, 2.74575, 1], "uv": [19, 10]}
				]
			},
			{
				"name": "headleave29",
				"parent": "headleave27",
				"pivot": [-3.86336, 23.2968, -4.28879],
				"rotation": [0, 0, 13],
				"cubes": [
					{"origin": [-4.12276, 21.57181, -4.74074], "size": [1.06406, 3.56256, 1], "uv": [19, 10]}
				]
			},
			{
				"name": "headleave30",
				"parent": "headleave27",
				"pivot": [-3.86336, 23.2968, -4.28879],
				"rotation": [0, 0, 13],
				"cubes": [
					{"origin": [-3.70634, 20.94718, -4.74074], "size": [1.06406, 3.56256, 1], "uv": [19, 10]}
				]
			},
			{
				"name": "headleave56",
				"parent": "headleave27",
				"pivot": [-3.86336, 23.2968, -4.28879],
				"rotation": [0, 0, -27],
				"cubes": [
					{"origin": [-2.04068, 19.84208, -4.74074], "size": [1.27227, 4.28328, 1], "uv": [4, 11]}
				]
			},
			{
				"name": "headleave57",
				"parent": "headleave27",
				"pivot": [-3.86336, 23.2968, -4.28879],
				"rotation": [0, 0, -32],
				"cubes": [
					{"origin": [-0.95159, 19.21745, -4.74074], "size": [1.27227, 4.28328, 1], "uv": [26, 10]}
				]
			},
			{
				"name": "headleave58",
				"parent": "headleave27",
				"pivot": [-3.86336, 23.2968, -4.28879],
				"rotation": [0, 0, -37],
				"cubes": [
					{"origin": [1.09846, 19.74598, -4.74074], "size": [0.87187, 2.21722, 1], "uv": [26, 10]}
				]
			},
			{
				"name": "headleave59",
				"parent": "headleave27",
				"pivot": [-3.86336, 23.2968, -4.28879],
				"rotation": [0, 0, -37],
				"cubes": [
					{"origin": [1.98288, 20.92978, -4.74074], "size": [0.87187, 1.12813, 1], "uv": [26, 10]}
				]
			},
			{
				"name": "headleave60",
				"parent": "headleave27",
				"pivot": [-3.86336, 23.2968, -4.28879],
				"rotation": [0, 0, -37],
				"cubes": [
					{"origin": [0.15352, 18.22446, -4.74074], "size": [1.11211, 4.36336, 1], "uv": [26, 10]}
				]
			},
			{
				"name": "headleave67",
				"parent": "headleave27",
				"pivot": [-3.86336, 23.2968, -4.28879],
				"rotation": [0, 0, -22],
				"cubes": [
					{"origin": [-2.87351, 20.35459, -4.74074], "size": [1.22422, 4.28328, 1], "uv": [19, 10]}
				]
			},
			{
				"name": "armLeft",
				"pivot": [3, 17.5, 0],
				"rotation": [0, 0, -25],
				"cubes": [
					{"origin": [3, 9.5, -1], "size": [2, 8, 2], "uv": [0, 35]}
				]
			},
			{
				"name": "armLeft2",
				"parent": "armLeft",
				"pivot": [3, 17.5, 0]
			},
			{
				"name": "armRight7",
				"parent": "armLeft2",
				"pivot": [3, 17.5, 0],
				"cubes": [
					{"origin": [4.97497, 12.5, -1], "size": [0.61562, 5.47147, 2], "uv": [46, 0], "mirror": true},
					{"origin": [2.63575, 12.5, -1.08423], "size": [0.61562, 5.47147, 2], "uv": [46, 0], "mirror": true}
				]
			},
			{
				"name": "armRight8",
				"parent": "armLeft2",
				"pivot": [3, 17.5, 0],
				"rotation": [0, 90, 0],
				"cubes": [
					{"origin": [3.90392, 12.5, 0.07105], "size": [0.61562, 5.47147, 2], "uv": [46, 0], "mirror": true},
					{"origin": [1.56469, 12.5, 0.15528], "size": [0.61562, 5.47147, 2], "uv": [46, 0], "mirror": true},
					{"origin": [1.56469, 12.5, 0.15528], "size": [0.61562, 5.47147, 2], "uv": [46, 0], "mirror": true}
				]
			},
			{
				"name": "armRight9",
				"parent": "armLeft2",
				"pivot": [3, 17.5, 0],
				"rotation": [0, 45, 0],
				"cubes": [
					{"origin": [4.92332, 12.5, 0.38998], "size": [0.61562, 5.47147, 0.73473], "uv": [49, 2], "mirror": true},
					{"origin": [3.5091, 12.5, -1.02423], "size": [0.61562, 5.47147, 0.73473], "uv": [49, 2], "mirror": true},
					{"origin": [2.09489, 12.5, 0.38998], "size": [0.61562, 5.47147, 0.73473], "uv": [49, 2], "mirror": true},
					{"origin": [3.5091, 12.5, 1.8042], "size": [0.61562, 5.47147, 0.73473], "uv": [49, 2], "mirror": true}
				]
			},
			{
				"name": "armRight16",
				"parent": "armLeft2",
				"pivot": [3, 17.5, 0],
				"cubes": [
					{"origin": [3.14915, 17.51301, -1], "size": [2.44144, 0.45846, 2.06406], "uv": [24, 56], "mirror": true}
				]
			},
			{
				"name": "armLeft3",
				"parent": "armLeft",
				"pivot": [3, 15.11361, 0]
			},
			{
				"name": "armRight13",
				"parent": "armLeft3",
				"pivot": [3, 15.11361, 0],
				"cubes": [
					{"origin": [4.97497, 10.11361, -1], "size": [0.61562, 2.62062, 2], "uv": [46, 0], "mirror": true},
					{"origin": [2.63575, 10.11361, -1.08423], "size": [0.61562, 2.62062, 2], "uv": [46, 0], "mirror": true}
				]
			},
			{
				"name": "armRight14",
				"parent": "armLeft3",
				"pivot": [3, 15.11361, 0],
				"rotation": [0, 90, 0],
				"cubes": [
					{"origin": [3.90392, 10.11361, 0.07105], "size": [0.61562, 2.62062, 2], "uv": [46, 0], "mirror": true},
					{"origin": [1.56469, 10.11361, 0.15528], "size": [0.61562, 2.62062, 2], "uv": [46, 0], "mirror": true},
					{"origin": [1.56469, 10.11361, 0.15528], "size": [0.61562, 2.62062, 2], "uv": [46, 0], "mirror": true}
				]
			},
			{
				"name": "armRight15",
				"parent": "armLeft3",
				"pivot": [3, 15.11361, 0],
				"rotation": [0, 45, 0],
				"cubes": [
					{"origin": [4.92332, 10.11361, 0.38998], "size": [0.61562, 2.62062, 0.73473], "uv": [49, 2], "mirror": true},
					{"origin": [3.5091, 10.11361, -1.02423], "size": [0.61562, 2.62062, 0.73473], "uv": [49, 2], "mirror": true},
					{"origin": [2.09489, 10.11361, 0.38998], "size": [0.61562, 2.62062, 0.73473], "uv": [49, 2], "mirror": true},
					{"origin": [3.5091, 10.11361, 1.8042], "size": [0.61562, 2.62062, 0.73473], "uv": [49, 2], "mirror": true}
				]
			},
			{
				"name": "bone5",
				"parent": "armLeft3",
				"pivot": [3, 15.11361, 0],
				"cubes": [
					{"origin": [3.14915, 15.12662, -1], "size": [2.44144, 0, 2.06406], "uv": [24, 56], "mirror": true}
				]
			},
			{
				"name": "armRight",
				"pivot": [-3, 17.5, 0],
				"rotation": [0, 0, 25],
				"cubes": [
					{"origin": [-5, 9.5, -1], "size": [2, 8, 2], "uv": [39, 39]}
				]
			},
			{
				"name": "armRight2",
				"parent": "armRight",
				"pivot": [-3, 17.5, 0]
			},
			{
				"name": "armRight3",
				"parent": "armRight2",
				"pivot": [-3, 17.5, 0],
				"cubes": [
					{"origin": [-5.59059, 12.5, -1], "size": [0.61562, 5.47147, 2], "uv": [46, 0]},
					{"origin": [-3.25136, 12.5, -1.08423], "size": [0.61562, 5.47147, 2], "uv": [46, 0]}
				]
			},
			{
				"name": "armRight5",
				"parent": "armRight2",
				"pivot": [-3, 17.5, 0],
				"rotation": [0, -90, 0],
				"cubes": [
					{"origin": [-4.51954, 12.5, 0.07105], "size": [0.61562, 5.47147, 2], "uv": [46, 0]},
					{"origin": [-2.18031, 12.5, 0.15528], "size": [0.61562, 5.47147, 2], "uv": [46, 0]},
					{"origin": [-2.18031, 12.5, 0.15528], "size": [0.61562, 5.47147, 2], "uv": [46, 0]}
				]
			},
			{
				"name": "armRight4",
				"parent": "armRight2",
				"pivot": [-3, 17.5, 0],
				"rotation": [0, -45, 0],
				"cubes": [
					{"origin": [-5.53893, 12.5, 0.38998], "size": [0.61562, 5.47147, 0.73473], "uv": [49, 2]},
					{"origin": [-4.12472, 12.5, -1.02423], "size": [0.61562, 5.47147, 0.73473], "uv": [49, 2]},
					{"origin": [-2.7105, 12.5, 0.38998], "size": [0.61562, 5.47147, 0.73473], "uv": [49, 2]},
					{"origin": [-4.12472, 12.5, 1.8042], "size": [0.61562, 5.47147, 0.73473], "uv": [49, 2]}
				]
			},
			{
				"name": "bone3",
				"parent": "armRight2",
				"pivot": [-3, 17.5, 0],
				"cubes": [
					{"origin": [-5.59059, 17.51301, -1], "size": [2.44144, 0.45846, 2.06406], "uv": [25, 56]}
				]
			},
			{
				"name": "armRight6",
				"parent": "armRight",
				"pivot": [-3, 15.30581, 0]
			},
			{
				"name": "armRight10",
				"parent": "armRight6",
				"pivot": [-3, 15.30581, 0],
				"cubes": [
					{"origin": [-5.59059, 10.30581, -1], "size": [0.61562, 2.25225, 2], "uv": [46, 0]},
					{"origin": [-3.25136, 10.30581, -1.08423], "size": [0.61562, 2.25225, 2], "uv": [46, 0]}
				]
			},
			{
				"name": "armRight11",
				"parent": "armRight6",
				"pivot": [-3, 15.30581, 0],
				"rotation": [0, -90, 0],
				"cubes": [
					{"origin": [-4.51954, 10.30581, 0.07105], "size": [0.61562, 2.25225, 2], "uv": [46, 0]},
					{"origin": [-2.18031, 10.30581, 0.15528], "size": [0.61562, 2.25225, 2], "uv": [46, 0]},
					{"origin": [-2.18031, 10.30581, 0.15528], "size": [0.61562, 2.25225, 2], "uv": [46, 0]}
				]
			},
			{
				"name": "armRight12",
				"parent": "armRight6",
				"pivot": [-3, 15.30581, 0],
				"rotation": [0, -45, 0],
				"cubes": [
					{"origin": [-5.53893, 10.30581, 0.38998], "size": [0.61562, 2.25225, 0.73473], "uv": [49, 2]},
					{"origin": [-4.12472, 10.30581, -1.02423], "size": [0.61562, 2.25225, 0.73473], "uv": [49, 2]},
					{"origin": [-2.7105, 10.30581, 0.38998], "size": [0.61562, 2.25225, 0.73473], "uv": [49, 2]},
					{"origin": [-4.12472, 10.30581, 1.8042], "size": [0.61562, 2.25225, 0.73473], "uv": [49, 2]}
				]
			},
			{
				"name": "bone4",
				"parent": "armRight6",
				"pivot": [-3, 15.30581, 0],
				"cubes": [
					{"origin": [-5.59059, 15.31882, -1], "size": [2.44144, 0.08008, 2.06406], "uv": [25, 56]}
				]
			},
			{
				"name": "body",
				"pivot": [0, 10.5, 0],
				"cubes": [
					{"origin": [-2.88163, 11, -2.5], "size": [5.47107, 1.25, 5], "uv": [19, 27]},
					{"origin": [-3.63438, 8.088, -2.57986], "size": [7, 3, 5], "uv": [24, 16]},
					{"origin": [-2.9, 11, -2.5], "size": [5.7, 7, 5], "uv": [19, 22]},
					{"origin": [-3.132, 11.0961, -2.996], "size": [6, 7, 5.74374], "uv": [1, 16]}
				]
			},
			{
				"name": "collar",
				"parent": "body",
				"pivot": [0, 11.5, 0]
			},
			{
				"name": "suit",
				"parent": "body",
				"pivot": [0, 10.5, 0]
			},
			{
				"name": "suit2",
				"parent": "suit",
				"pivot": [-0.5, 19, 0.5],
				"rotation": [0, 0, 60]
			},
			{
				"name": "suit4",
				"parent": "suit",
				"pivot": [-0.5, 19, 0.5],
				"cubes": [
					{"origin": [-1.86752, 17.20915, -3.08408], "size": [3.43443, 2.51952, 1], "uv": [26, 50]},
					{"origin": [-0.87452, 16.39233, -3.08408], "size": [1.41642, 2.43944, 1], "uv": [26, 50]}
				]
			},
			{
				"name": "suit5",
				"parent": "suit",
				"pivot": [-0.5, 19, 0.5],
				"rotation": [0, 0, -35],
				"cubes": [
					{"origin": [-1.14222, 16.26631, -3.08408], "size": [1.28828, 1.54254, 1], "uv": [26, 50]}
				]
			},
			{
				"name": "suit6",
				"parent": "suit",
				"pivot": [-0.49808, 16.38093, -2.76026],
				"rotation": [1, 0, -75],
				"cubes": [
					{"origin": [0.36328, 14.50455, -3.26026], "size": [1.28828, 0.22923, 1], "uv": [53, 39]}
				]
			},
			{
				"name": "suit7",
				"parent": "suit",
				"pivot": [0.49808, 16.38093, -2.76026],
				"rotation": [1, 0, 50],
				"cubes": [
					{"origin": [-1.07914, 15.04509, -3.25082], "size": [1.28828, 0.22923, 1], "uv": [53, 39], "mirror": true}
				]
			},
			{
				"name": "suit9",
				"parent": "suit",
				"pivot": [-0.49808, 16.38093, -2.76026],
				"rotation": [1, 0, -50]
			},
			{
				"name": "suit10",
				"parent": "suit9",
				"pivot": [-0.49808, 16.38093, -2.76026],
				"rotation": [0, 0, 50],
				"cubes": [
					{"origin": [-0.73109, 15.73823, -3.22743], "size": [1.44844, 0.22923, 1], "uv": [53, 39]}
				]
			},
			{
				"name": "suit20",
				"parent": "suit9",
				"pivot": [-0.49808, 16.38093, -2.76026],
				"cubes": [
					{"origin": [-0.20915, 15.04509, -3.25082], "size": [1.28828, 0.22923, 1], "uv": [53, 39]}
				]
			},
			{
				"name": "suit11",
				"parent": "suit",
				"pivot": [-0.49808, 16.38093, -2.76026],
				"rotation": [-20, 0, 0],
				"cubes": [
					{"origin": [-0.26662, 15.4019, -3.16337], "size": [0.43944, 0.86987, 1.27227], "uv": [48, 51]}
				]
			},
			{
				"name": "suit14",
				"parent": "suit",
				"pivot": [-0.04691, 15.83683, -2.52723],
				"rotation": [-20, 0, -35],
				"cubes": [
					{"origin": [-0.42678, 15.4019, -3.2915], "size": [0.43944, 0.86987, 1.27227], "uv": [48, 51]}
				]
			},
			{
				"name": "suit15",
				"parent": "suit",
				"pivot": [0.04691, 15.83683, -2.52723],
				"rotation": [-20, 0, 35],
				"cubes": [
					{"origin": [-0.01265, 15.4019, -3.2915], "size": [0.43944, 0.86987, 1.27227], "uv": [48, 51], "mirror": true}
				]
			},
			{
				"name": "suit12",
				"parent": "suit",
				"pivot": [-0.49808, 16.38093, -2.76026],
				"rotation": [-20, 0, 0],
				"cubes": [
					{"origin": [-0.5389, 15.19369, -3.54775], "size": [1.01601, 0.35736, 2.02503], "uv": [46, 55]}
				]
			},
			{
				"name": "suit13",
				"parent": "suit",
				"pivot": [-0.49808, 16.38093, -2.76026],
				"rotation": [-20, 0, 0],
				"cubes": [
					{"origin": [-0.68304, 14.08858, -3.65987], "size": [1.3043, 1.11011, 1.25626], "uv": [49, 56]}
				]
			},
			{
				"name": "suit21",
				"parent": "suit",
				"pivot": [-0.49808, 16.38093, -2.76026],
				"rotation": [-20, 0, 0],
				"cubes": [
					{"origin": [0.02167, 14.55305, -3.73995], "size": [0.64764, 0.06907, 1.33634], "uv": [54, 39]}
				]
			},
			{
				"name": "suit22",
				"parent": "suit",
				"pivot": [0.49808, 16.38093, -2.76026],
				"rotation": [-20, 0, 0],
				"cubes": [
					{"origin": [-0.66931, 14.88938, -3.73995], "size": [0.64764, 0.06907, 1.33634], "uv": [54, 39], "mirror": true}
				]
			},
			{
				"name": "suit23",
				"parent": "suit",
				"pivot": [0.49808, 16.38093, -2.76026],
				"rotation": [-20, 0, 0],
				"cubes": [
					{"origin": [-0.66931, 14.20069, -3.73995], "size": [0.64764, 0.06907, 1.33634], "uv": [54, 39], "mirror": true}
				]
			},
			{
				"name": "suit24",
				"parent": "suit",
				"pivot": [0.49808, 16.38093, -2.76026],
				"rotation": [-20, 0, 0],
				"cubes": [
					{"origin": [-0.09273, 13.78428, -3.65987], "size": [0.64764, 0.06907, 1.19219], "uv": [54, 39], "mirror": true}
				]
			},
			{
				"name": "suit25",
				"parent": "suit",
				"pivot": [0.49808, 16.38093, -2.76026],
				"rotation": [-20, 0, 0],
				"cubes": [
					{"origin": [-0.14078, 15.27377, -3.5958], "size": [0.64764, 0.06907, 1.19219], "uv": [54, 39], "mirror": true}
				]
			},
			{
				"name": "suit16",
				"parent": "suit",
				"pivot": [-0.49808, 16.38093, -2.76026],
				"rotation": [-20, 0, 0],
				"cubes": [
					{"origin": [-0.58694, 13.66516, -3.57979], "size": [1.09609, 0.62062, 1.06406], "uv": [49, 56]}
				]
			},
			{
				"name": "suit17",
				"parent": "suit",
				"pivot": [-0.49808, 16.38093, -2.76026],
				"rotation": [-20, 0, 0],
				"cubes": [
					{"origin": [-0.5389, 13.47297, -3.48369], "size": [0.98398, 0.3964, 0.83984], "uv": [49, 56]}
				]
			},
			{
				"name": "suit18",
				"parent": "suit",
				"pivot": [-0.49808, 16.38093, -2.76026],
				"rotation": [-20, 0, 0],
				"cubes": [
					{"origin": [-0.47483, 13.29679, -3.27548], "size": [0.83984, 0.57257, 0.55155], "uv": [49, 56]}
				]
			},
			{
				"name": "suit19",
				"parent": "suit",
				"pivot": [-0.49808, 16.38093, -2.76026],
				"rotation": [-10, -10, -45],
				"cubes": [
					{"origin": [-2.64458, 13.65904, -3.39724], "size": [0.58358, 0.60461, 0.35936], "uv": [49, 56]}
				]
			},
			{
				"name": "suit8",
				"parent": "suit",
				"pivot": [0.49808, 16.38093, -2.76026],
				"rotation": [1, 0, 75],
				"cubes": [
					{"origin": [-1.65157, 14.50455, -3.26026], "size": [1.28828, 0.22923, 1], "uv": [53, 39], "mirror": true}
				]
			},
			{
				"name": "suit3",
				"parent": "suit",
				"pivot": [-0.5, 19, 0.5],
				"rotation": [0, 0, 35],
				"cubes": [
					{"origin": [-0.59938, 16.64911, -3.08408], "size": [1.28828, 1.54254, 1], "uv": [26, 50]}
				]
			},
			{
				"name": "skirt",
				"parent": "body",
				"pivot": [0.12813, 0, 0.4004]
			},
			{
				"name": "skirt13",
				"parent": "skirt",
				"pivot": [0.12813, 0, 0.4004]
			},
			{
				"name": "skirt2",
				"parent": "skirt13",
				"pivot": [-1.87187, 12.00951, -3.22873],
				"cubes": [
					{"origin": [-3.57657, 6.75676, -3.48849], "size": [2, 10.50551, 0.51952], "uv": [47, 2]}
				]
			},
			{
				"name": "skirt10",
				"parent": "skirt13",
				"pivot": [-1.87187, 12.00951, -3.22873],
				"cubes": [
					{"origin": [-3.72874, 6.9009, 3.07106], "size": [2, 10.36136, 0.51952], "uv": [54, 3]},
					{"origin": [-1.65467, 6.9009, 3.27827], "size": [2.51652, 10.36136, 0.51952], "uv": [55, 1]},
					{"origin": [-3.17119, 6.9009, 3.27827], "size": [1.51652, 10.36136, 0.51952], "uv": [55, 1]},
					{"origin": [0.86185, 6.9009, 3.27827], "size": [2.51652, 10.36136, 0.51952], "uv": [55, 1]}
				]
			},
			{
				"name": "skirt6",
				"parent": "skirt13",
				"pivot": [0.12813, 0, 0.4004],
				"rotation": [0, 90, 0],
				"cubes": [
					{"origin": [1.4975, 11.06507, -3.82382], "size": [2, 6.1972, 0.51952], "uv": [45, 1]},
					{"origin": [-0.5025, 11.06507, -3.82382], "size": [2, 6.1972, 0.51952], "uv": [45, 1]},
					{"origin": [-2.5025, 11.06507, -3.82382], "size": [2, 6.1972, 0.51952], "uv": [45, 1]}
				]
			},
			{
				"name": "skirt7",
				"parent": "skirt13",
				"pivot": [0.12813, 0, 0.4004],
				"rotation": [0, 45, 0],
				"cubes": [
					{"origin": [-0.42832, 11.14515, -4.96908], "size": [0.68669, 6.11712, 0.51952], "uv": [45, 2]}
				]
			},
			{
				"name": "skirt9",
				"parent": "skirt13",
				"pivot": [0.12813, 0, 0.4004],
				"rotation": [0, 45, 0],
				"cubes": [
					{"origin": [-4.71898, 11.14515, -0.72644], "size": [0.68669, 6.11712, 0.51952], "uv": [45, 2]}
				]
			},
			{
				"name": "skirt3",
				"parent": "skirt13",
				"pivot": [-1.87187, 12.76226, -3.22873],
				"rotation": [0, 0, 15],
				"cubes": [
					{"origin": [-3.71028, 9.09827, -3.48849], "size": [2, 4.17918, 0.51952], "uv": [45, 2]}
				]
			},
			{
				"name": "skirt12",
				"parent": "skirt13",
				"pivot": [-1.87187, 12.76226, -3.22873],
				"rotation": [0, 0, 15],
				"cubes": [
					{"origin": [-3.71028, 9.09827, 3.09409], "size": [2, 4.17918, 0.51952], "uv": [45, 2]}
				]
			},
			{
				"name": "skirt8",
				"parent": "skirt13",
				"pivot": [-1.87187, 12.76226, -3.22873],
				"rotation": [0, 90, 20],
				"cubes": [
					{"origin": [-3.61211, 8.95199, -5.26033], "size": [2, 4.17918, 0.51952], "uv": [45, 2]},
					{"origin": [-5.61211, 8.95199, -5.26033], "size": [2, 4.17918, 0.51952], "uv": [45, 2]},
					{"origin": [-8.47698, 8.95199, -5.26033], "size": [2.86486, 4.17918, 0.51952], "uv": [45, 2]}
				]
			},
			{
				"name": "skirt11",
				"parent": "skirt13",
				"pivot": [-1.87187, 12.76226, -3.22873],
				"rotation": [0, 90, 0],
				"cubes": [
					{"origin": [-3.61211, 6.89864, -6.44099], "size": [2, 2.97798, 0.51952], "uv": [45, 2]},
					{"origin": [-5.61211, 6.89864, -6.44099], "size": [2, 2.97798, 0.51952], "uv": [45, 2]},
					{"origin": [-8.47698, 6.89864, -6.44099], "size": [2.86486, 2.97798, 0.51952], "uv": [45, 2]}
				]
			},
			{
				"name": "skirt4",
				"parent": "skirt13",
				"pivot": [-1.87187, 12.76226, -3.22873],
				"cubes": [
					{"origin": [-4.59595, 6.88112, 3.11011], "size": [2, 2.81782, 0.51952], "uv": [52, 4]},
					{"origin": [-4.59595, 6.88112, -3.48849], "size": [2, 2.81782, 0.51952], "uv": [45, 2]}
				]
			},
			{
				"name": "skirt5",
				"parent": "skirt13",
				"pivot": [-1.87187, 12.76226, -3.22873],
				"rotation": [0, 0, 10],
				"cubes": [
					{"origin": [-3.5342, 6.47341, -3.48849], "size": [2.99099, 0.52252, 0.51952], "uv": [44, 5]}
				]
			},
			{
				"name": "skirt14",
				"parent": "skirt",
				"pivot": [-0.17618, 0, 0.4004]
			},
			{
				"name": "skirt15",
				"parent": "skirt14",
				"pivot": [1.82382, 12.00951, -3.22873],
				"cubes": [
					{"origin": [1.51251, 6.75676, -3.48849], "size": [2, 10.50551, 0.51952], "uv": [48, 1], "mirror": true}
				]
			},
			{
				"name": "skirt16",
				"parent": "skirt14",
				"pivot": [1.82382, 12.00951, -3.22873],
				"cubes": [
					{"origin": [1.66468, 6.9009, 3.07106], "size": [2, 10.36136, 0.51952], "uv": [56, 1], "mirror": true}
				]
			},
			{
				"name": "skirt17",
				"parent": "skirt14",
				"pivot": [-0.17618, 0, 0.4004],
				"rotation": [0, -90, 0],
				"cubes": [
					{"origin": [-3.54555, 11.06507, -3.80781], "size": [2, 6.1972, 0.51952], "uv": [45, 1], "mirror": true},
					{"origin": [-1.54555, 11.06507, -3.80781], "size": [2, 6.1972, 0.51952], "uv": [45, 1], "mirror": true},
					{"origin": [0.45445, 11.06507, -3.80781], "size": [2, 6.1972, 0.51952], "uv": [45, 1], "mirror": true}
				]
			},
			{
				"name": "skirt18",
				"parent": "skirt14",
				"pivot": [-0.17618, 0, 0.4004],
				"rotation": [0, -45, 0],
				"cubes": [
					{"origin": [-0.31774, 11.14515, -4.95776], "size": [0.68669, 6.11712, 0.51952], "uv": [45, 2], "mirror": true}
				]
			},
			{
				"name": "skirt19",
				"parent": "skirt14",
				"pivot": [-0.17618, 0, 0.4004],
				"rotation": [0, -45, 0],
				"cubes": [
					{"origin": [3.97293, 11.14515, -0.71512], "size": [0.68669, 6.11712, 0.51952], "uv": [45, 2], "mirror": true}
				]
			},
			{
				"name": "skirt20",
				"parent": "skirt14",
				"pivot": [1.82382, 12.76226, -3.22873],
				"rotation": [0, 0, -15],
				"cubes": [
					{"origin": [1.64676, 9.10241, -3.48849], "size": [2, 4.17918, 0.51952], "uv": [45, 2], "mirror": true}
				]
			},
			{
				"name": "skirt21",
				"parent": "skirt14",
				"pivot": [1.82382, 12.76226, -3.22873],
				"rotation": [0, 0, -15],
				"cubes": [
					{"origin": [1.64676, 9.10241, 3.09409], "size": [2, 4.17918, 0.51952], "uv": [45, 2], "mirror": true}
				]
			},
			{
				"name": "skirt22",
				"parent": "skirt14",
				"pivot": [1.82382, 12.76226, -3.22873],
				"rotation": [0, -90, -20],
				"cubes": [
					{"origin": [1.56406, 8.95746, -5.24528], "size": [2, 4.17918, 0.51952], "uv": [45, 2], "mirror": true},
					{"origin": [3.56406, 8.95746, -5.24528], "size": [2, 4.17918, 0.51952], "uv": [45, 2], "mirror": true},
					{"origin": [5.56406, 8.95746, -5.24528], "size": [2.86486, 4.17918, 0.51952], "uv": [45, 2], "mirror": true}
				]
			},
			{
				"name": "skirt23",
				"parent": "skirt14",
				"pivot": [1.82382, 12.76226, -3.22873],
				"rotation": [0, -90, 0],
				"cubes": [
					{"origin": [1.56406, 6.89864, -6.42498], "size": [2, 2.97798, 0.60861], "uv": [52, 4], "mirror": true},
					{"origin": [3.56406, 6.89864, -6.42498], "size": [2, 2.97798, 0.51952], "uv": [45, 2], "mirror": true},
					{"origin": [5.56406, 6.89864, -6.42498], "size": [2.86486, 2.97798, 0.51952], "uv": [45, 2], "mirror": true}
				]
			},
			{
				"name": "skirt24",
				"parent": "skirt14",
				"pivot": [1.82382, 12.76226, -3.22873],
				"cubes": [
					{"origin": [2.53189, 6.88112, 3.11011], "size": [2, 2.81782, 0.51952], "uv": [45, 2], "mirror": true},
					{"origin": [2.53189, 6.88112, -3.48849], "size": [2, 2.81782, 0.51952], "uv": [45, 2], "mirror": true}
				]
			},
			{
				"name": "skirt25",
				"parent": "skirt14",
				"pivot": [1.82382, 12.76226, -3.22873],
				"rotation": [0, 0, -10],
				"cubes": [
					{"origin": [0.47939, 6.47619, -3.48849], "size": [2.99099, 0.52252, 0.51952], "uv": [44, 5], "mirror": true}
				]
			},
			{
				"name": "skirt26",
				"parent": "skirt",
				"pivot": [0.12813, 0, 0.4004]
			},
			{
				"name": "skirt27",
				"parent": "skirt26",
				"pivot": [1.82382, 16.72623, -3.22873],
				"rotation": [155, -5, -25]
			},
			{
				"name": "skirt31",
				"parent": "skirt26",
				"pivot": [1.82382, 16.72623, -3.22873],
				"rotation": [155, -5, -25],
				"cubes": [
					{"origin": [1.52157, 16.274, -3.30525], "size": [3.00701, 2.001, 0.51952], "uv": [52, 6], "mirror": true}
				]
			},
			{
				"name": "skirt28",
				"parent": "skirt26",
				"pivot": [1.82382, 16.72623, -3.22873],
				"rotation": [0, -90, -20],
				"cubes": [
					{"origin": [1.81497, 16.11389, -5.97654], "size": [2.37538, 1.47247, 0.51952], "uv": [45, 3], "mirror": true},
					{"origin": [4.19035, 16.34944, -5.32938], "size": [2.37538, 1.47247, 0.51952], "uv": [45, 3], "mirror": true},
					{"origin": [6.56573, 16.11389, -5.97654], "size": [1.89489, 1.47247, 0.51952], "uv": [45, 3], "mirror": true}
				]
			},
			{
				"name": "skirt29",
				"parent": "skirt26",
				"pivot": [1.82382, 16.72623, -3.22873],
				"rotation": [0, 0, -20],
				"cubes": [
					{"origin": [2.19626, 16.11389, 3.0397], "size": [2.37538, 1.47247, 0.51952], "uv": [45, 3], "mirror": true}
				]
			},
			{
				"name": "skirt30",
				"parent": "skirt26",
				"pivot": [1.82382, 16.72623, -3.22873],
				"cubes": [
					{"origin": [-0.76092, 16.2782, 3.0397], "size": [3.14414, 1.47247, 0.51952], "uv": [44, 3], "mirror": true}
				]
			},
			{
				"name": "skirt32",
				"parent": "skirt",
				"pivot": [-0.24024, 0, 0.4004]
			},
			{
				"name": "skirt33",
				"parent": "skirt32",
				"pivot": [-1.93594, 16.72623, -3.22873],
				"rotation": [155, 5, 25]
			},
			{
				"name": "skirt34",
				"parent": "skirt32",
				"pivot": [-1.93594, 16.72623, -3.22873],
				"rotation": [155, 5, 25],
				"cubes": [
					{"origin": [-4.65515, 16.28067, -3.30696], "size": [3.00701, 2.001, 0.51952], "uv": [52, 6]}
				]
			},
			{
				"name": "skirt35",
				"parent": "skirt32",
				"pivot": [-1.93594, 16.72623, -3.22873],
				"rotation": [0, 90, 20],
				"cubes": [
					{"origin": [-4.30246, 16.10842, -5.99159], "size": [2.37538, 1.47247, 0.51952], "uv": [45, 3]},
					{"origin": [-6.67784, 16.34944, -5.32938], "size": [2.37538, 1.47247, 0.51952], "uv": [45, 3]},
					{"origin": [-8.57273, 16.10842, -5.99159], "size": [1.89489, 1.47247, 0.51952], "uv": [45, 3]}
				]
			},
			{
				"name": "skirt36",
				"parent": "skirt32",
				"pivot": [-1.93594, 16.72623, -3.22873],
				"rotation": [0, 0, 20],
				"cubes": [
					{"origin": [-4.6988, 16.10842, 3.0397], "size": [2.37538, 1.47247, 0.51952], "uv": [45, 3]}
				]
			},
			{
				"name": "skirt37",
				"parent": "skirt32",
				"pivot": [-1.93594, 16.72623, -3.22873],
				"cubes": [
					{"origin": [-1.11796, 16.2782, 3.0397], "size": [3.14414, 1.47247, 0.51952], "uv": [44, 3]},
					{"origin": [-2.63948, 16.2782, 3.0397], "size": [3.14414, 1.47247, 0.51952], "uv": [44, 3]}
				]
			},
			{
				"name": "legLeft",
				"pivot": [2, 9, 0],
				"cubes": [
					{"origin": [0.48399, 0, -1.5], "size": [3, 9, 3], "uv": [27, 34]}
				]
			},
			{
				"name": "legRight",
				"pivot": [-2, 9, 0],
				"cubes": [
					{"origin": [-3.51601, 0, -1.5], "size": [3, 9, 3], "uv": [15, 34]}
				]
			},
			{
				"name": "chestPlate",
				"pivot": [0.4965, 1.45746, 0]
			},
			{
				"name": "chestPlate2",
				"parent": "chestPlate",
				"pivot": [0.4965, 1.45746, 0]
			},
			{
				"name": "chestPlate3",
				"parent": "chestPlate2",
				"pivot": [0.4965, 1.45746, 0],
				"rotation": [-35, 0, 0],
				"cubes": [
					{"origin": [13.4965, 0.3103, -3.6383], "size": [4, 1, 2], "uv": [43, 26]}
				]
			},
			{
				"name": "chestPlate7",
				"parent": "chestPlate2",
				"pivot": [0.4965, 1.45746, 0],
				"rotation": [-55, 0, 0],
				"cubes": [
					{"origin": [13.4965, -0.86489, -5.02654], "size": [4, 1, 2], "uv": [43, 26]}
				]
			},
			{
				"name": "chestPlate4",
				"parent": "chestPlate2",
				"pivot": [0.4965, 1.45746, 0],
				"rotation": [-65, 0, 0],
				"cubes": [
					{"origin": [13.4965, -1.70245, -6.5469], "size": [4, 1, 2], "uv": [43, 26]}
				]
			},
			{
				"name": "chestPlate5",
				"parent": "chestPlate2",
				"pivot": [0.4965, 1.45746, 0],
				"rotation": [-90, 0, 0],
				"cubes": [
					{"origin": [12.82141, -3.21756, -7.36793], "size": [5.43944, 1.80781, 0.83083], "uv": [43, 26]},
					{"origin": [12.54914, -5.21756, -6.67924], "size": [6, 2, 2], "uv": [43, 26]},
					{"origin": [12.82141, -5.02537, -7.36793], "size": [5.43944, 1.80781, 0.94294], "uv": [43, 26]},
					{"origin": [12.82141, -1.40975, -7.36793], "size": [5.43944, 1.80781, 0.7988], "uv": [43, 26]}
				]
			},
			{
				"name": "chestPlate6",
				"parent": "chestPlate2",
				"pivot": [0.4965, 1.45746, 0],
				"cubes": [
					{"origin": [13.4965, 1.45746, -2], "size": [4, 1, 7], "uv": [42, 25]}
				]
			},
			{
				"name": "chestPlate18",
				"parent": "chestPlate2",
				"pivot": [0.4965, 1.45746, 0],
				"rotation": [-90, 0, 0],
				"cubes": [
					{"origin": [13.4965, 7.45746, -7], "size": [4, 1, 7], "uv": [42, 25]},
					{"origin": [10.4965, 7.45746, -7], "size": [3, 1, 7], "uv": [42, 25]},
					{"origin": [17.4965, 7.45746, -7], "size": [3, 1, 7], "uv": [42, 25]},
					{"origin": [13.4965, 6.45746, -7], "size": [4, 1, 7], "uv": [42, 25]},
					{"origin": [13.4965, 6.45746, -7], "size": [4, 1, 7], "uv": [42, 25]},
					{"origin": [17.4965, 6.45746, -7], "size": [3, 1, 7], "uv": [42, 25]},
					{"origin": [10.4965, 6.45746, -7], "size": [3, 1, 7], "uv": [42, 25]},
					{"origin": [17.4965, 8.45746, -7], "size": [3, 1, 7], "uv": [42, 25]},
					{"origin": [13.4965, 8.45746, -7], "size": [4, 1, 7], "uv": [42, 25]},
					{"origin": [10.4965, 8.45746, -7], "size": [3, 1, 7], "uv": [42, 25]},
					{"origin": [17.4965, 7.45746, -14], "size": [3, 1, 7], "uv": [42, 25]},
					{"origin": [17.4965, 6.45746, -14], "size": [3, 1, 7], "uv": [42, 25]},
					{"origin": [17.4965, 8.45746, -14], "size": [3, 1, 7], "uv": [42, 25]},
					{"origin": [13.4965, 8.45746, -14], "size": [4, 1, 7], "uv": [42, 25]},
					{"origin": [13.4965, 7.45746, -14], "size": [4, 1, 7], "uv": [42, 25]},
					{"origin": [13.4965, 6.45746, -14], "size": [4, 1, 7], "uv": [42, 25]},
					{"origin": [10.4965, 8.45746, -14], "size": [3, 1, 7], "uv": [42, 25]},
					{"origin": [10.4965, 7.45746, -14], "size": [3, 1, 7], "uv": [42, 25]},
					{"origin": [10.4965, 6.45746, -14], "size": [3, 1, 7], "uv": [42, 25]},
					{"origin": [17.4965, 7.45746, -7], "size": [3, 1, 7], "uv": [42, 25]},
					{"origin": [17.4965, 5.45746, -14], "size": [3, 1, 7], "uv": [42, 25]},
					{"origin": [13.4965, 5.45746, -14], "size": [4, 1, 7], "uv": [42, 25]},
					{"origin": [10.4965, 5.45746, -14], "size": [3, 1, 7], "uv": [42, 25]},
					{"origin": [13.4965, 5.45746, -7], "size": [4, 1, 7], "uv": [42, 25]},
					{"origin": [10.4965, 5.45746, -7], "size": [3, 1, 7], "uv": [42, 25]},
					{"origin": [17.4965, 5.45746, -7], "size": [3, 1, 7], "uv": [42, 25]},
					{"origin": [10.4965, 5.45746, -14], "size": [3, 1, 7], "uv": [42, 25]},
					{"origin": [15.85085, 7.45746, -14.65666], "size": [1.64565, 1, 1.05806], "uv": [58, 44]},
					{"origin": [13.4965, 6.45746, -14], "size": [4, 1, 7], "uv": [42, 25]},
					{"origin": [13.67267, 7.45746, -14.65666], "size": [1.64565, 1, 1.05806], "uv": [58, 44]}
				]
			},
			{
				"name": "chestPlate8",
				"parent": "chestPlate2",
				"pivot": [0.4965, 1.45746, 0],
				"rotation": [0, 0, -35],
				"cubes": [
					{"origin": [14.42208, -8.29334, -2], "size": [2, 1, 7], "uv": [44, 25]}
				]
			},
			{
				"name": "chestPlate13",
				"parent": "chestPlate2",
				"pivot": [0.4965, 1.45746, 0],
				"rotation": [0, 0, 35],
				"cubes": [
					{"origin": [9.14547, 8.91395, -2], "size": [2, 1, 7], "uv": [44, 25], "mirror": true}
				]
			},
			{
				"name": "chestPlate9",
				"parent": "chestPlate2",
				"pivot": [0.4965, 1.45746, 0],
				"rotation": [0, 0, -50],
				"cubes": [
					{"origin": [13.35574, -12.08294, -2], "size": [2, 1, 7], "uv": [42, 25]}
				]
			},
			{
				"name": "chestPlate14",
				"parent": "chestPlate2",
				"pivot": [0.4965, 1.45746, 0],
				"rotation": [0, 0, 50],
				"cubes": [
					{"origin": [4.92088, 10.8984, -2], "size": [2, 1, 7], "uv": [42, 25], "mirror": true}
				]
			},
			{
				"name": "chestPlate10",
				"parent": "chestPlate2",
				"pivot": [0.4965, 1.45746, 0],
				"rotation": [0, 0, -90],
				"cubes": [
					{"origin": [3.17574, -18.46642, -2], "size": [2, 1, 7], "uv": [42, 25]}
				]
			},
			{
				"name": "chestPlate15",
				"parent": "chestPlate2",
				"pivot": [0.4965, 1.45746, 0],
				"rotation": [0, 0, 90],
				"cubes": [
					{"origin": [-4.18275, 11.53358, -2], "size": [2, 1, 7], "uv": [42, 25], "mirror": true}
				]
			},
			{
				"name": "chestPlate16",
				"parent": "chestPlate2",
				"pivot": [0.4965, 1.45746, 0],
				"rotation": [0, 0, 90],
				"cubes": [
					{"origin": [-6.18275, 10.63886, -3], "size": [2, 2, 8], "uv": [42, 25], "mirror": true},
					{"origin": [-6.87143, 10.94316, -2.82382], "size": [0.78278, 1.6957, 7.82382], "uv": [42, 25], "mirror": true}
				]
			},
			{
				"name": "chestPlate11",
				"parent": "chestPlate2",
				"pivot": [0.4965, 1.45746, 0],
				"rotation": [0, 0, -90],
				"cubes": [
					{"origin": [5.17574, -19.46642, -3], "size": [2, 2, 8], "uv": [43, 25]},
					{"origin": [6.88945, -19.16212, -2.6957], "size": [0.97497, 1.6957, 7.6957], "uv": [43, 25]},
					{"origin": [6.9375, -17.46642, -2.6957], "size": [0.92693, 1.6957, 7.6957], "uv": [43, 25]},
					{"origin": [7.10467, -15.77073, -2.6957], "size": [0.75976, 1.6957, 7.6957], "uv": [43, 25]},
					{"origin": [7.49806, -14.07503, -2.6957], "size": [0.36637, 1.6957, 7.6957], "uv": [43, 25]},
					{"origin": [7.25782, -12.37933, -2.6957], "size": [0.60661, 1.6957, 7.6957], "uv": [43, 25]},
					{"origin": [7.06563, -10.68364, -2.6957], "size": [0.7988, 1.6957, 7.6957], "uv": [43, 25]}
				]
			},
			{
				"name": "chestPlate12",
				"parent": "chestPlate2",
				"pivot": [0.4965, 1.45746, 0],
				"rotation": [-38, 0, -90],
				"cubes": [
					{"origin": [5.17574, -16.87777, 5.85433], "size": [2, 2, 4.66366], "uv": [42, 25]},
					{"origin": [6.95352, -14.87777, 5.85433], "size": [0.91091, 1.61562, 4.66366], "uv": [42, 25]},
					{"origin": [5.17574, -16.87777, 5.85433], "size": [2, 2, 4.66366], "uv": [42, 25]},
					{"origin": [6.87344, -16.49338, 5.85433], "size": [0.99099, 1.61562, 4.66366], "uv": [42, 25]}
				]
			},
			{
				"name": "chestPlate19",
				"parent": "chestPlate2",
				"pivot": [0.4965, 1.45746, 0],
				"rotation": [-38, 0, -90]
			},
			{
				"name": "chestPlate21",
				"parent": "chestPlate19",
				"pivot": [4.17574, -14.9741, 8.35851],
				"rotation": [0, 0, 15],
				"cubes": [
					{"origin": [3.27107, -15.19824, 6.02668], "size": [2, 1, 4.66366], "uv": [42, 25]}
				]
			},
			{
				"name": "chestPlate24",
				"parent": "chestPlate2",
				"pivot": [-0.4965, 1.45746, 0],
				"rotation": [-38, 0, 90]
			},
			{
				"name": "chestPlate25",
				"parent": "chestPlate24",
				"pivot": [-4.17574, -14.9741, 8.35851],
				"rotation": [0, 0, -15],
				"cubes": [
					{"origin": [1.14622, 8.4378, -13.05199], "size": [2, 1, 4.66366], "uv": [42, 25], "mirror": true}
				]
			},
			{
				"name": "chestPlate20",
				"parent": "chestPlate2",
				"pivot": [0.4965, 1.45746, 0],
				"rotation": [-38, 0, -90]
			},
			{
				"name": "chestPlate22",
				"parent": "chestPlate20",
				"pivot": [2.17574, -14.9741, 8.35851],
				"rotation": [0, 0, 25],
				"cubes": [
					{"origin": [1.14063, -14.42579, 6.69525], "size": [2, 1, 3.51051], "uv": [42, 25]}
				]
			},
			{
				"name": "chestPlate23",
				"parent": "chestPlate20",
				"pivot": [2.17574, -14.9741, 8.35851],
				"rotation": [0, 0, 60],
				"cubes": [
					{"origin": [-0.78102, -14.95373, 7.59922], "size": [2, 1, 2.08509], "uv": [42, 25]}
				]
			},
			{
				"name": "chestPlate26",
				"parent": "chestPlate2",
				"pivot": [-0.4965, 1.45746, 0],
				"rotation": [-38, 0, 90]
			},
			{
				"name": "chestPlate27",
				"parent": "chestPlate26",
				"pivot": [-2.17574, -14.9741, 8.35851],
				"rotation": [0, 0, -25],
				"cubes": [
					{"origin": [7.18089, 7.70879, -12.38594], "size": [2, 1, 3.51051], "uv": [42, 25], "mirror": true}
				]
			},
			{
				"name": "chestPlate28",
				"parent": "chestPlate26",
				"pivot": [-2.17574, -14.9741, 8.35851],
				"rotation": [0, 0, -60],
				"cubes": [
					{"origin": [19.93179, -2.74233, -11.48197], "size": [2, 1, 2.08509], "uv": [42, 25], "mirror": true}
				]
			},
			{
				"name": "chestPlate17",
				"parent": "chestPlate2",
				"pivot": [0.4965, 1.45746, 0],
				"rotation": [-38, 0, 90],
				"cubes": [
					{"origin": [-6.18275, 6.84552, -12.68033], "size": [2, 2, 4.66366], "uv": [42, 25], "mirror": true},
					{"origin": [-6.87143, 7.19787, -12.68033], "size": [0.91091, 1.64765, 4.66366], "uv": [42, 25], "mirror": true},
					{"origin": [-6.87143, 8.84552, -12.68033], "size": [0.73473, 1.64765, 4.66366], "uv": [42, 25], "mirror": true}
				]
			}
		]
	}
}