{
	"format_version": "1.10.0",
	"geometry.model": {
		"texturewidth": 64,
		"textureheight": 64,
		"visible_bounds_width": 2,
		"visible_bounds_height": 2,
		"visible_bounds_offset": [0, 1, 0],
		"bones": [
			{
				"name": "head",
				"pivot": [-0.064, 18, 0],
				"cubes": [
					{"origin": [-4.064, 18, -4], "size": [8, 8, 8], "uv": [0, 0]}
				]
			},
			{
				"name": "blink",
				"parent": "head",
				"pivot": [-0.064, 0, 0],
				"cubes": [
					{"origin": [-4.064, 18, -4.001], "size": [8, 8, 0], "uv": [32, 8]}
				]
			},
			{
				"name": "headleave3",
				"parent": "head",
				"pivot": [-5.18478, 16.8503, -2.5],
				"rotation": [0, 0, -5],
				"cubes": [
					{"origin": [3.15145, 16.29435, -3.98398], "size": [1, 3, 1], "uv": [60, 0], "mirror": true}
				]
			},
			{
				"name": "headleave6",
				"parent": "head",
				"pivot": [2.41522, 15.5503, -3.5],
				"rotation": [0, 0, 5],
				"cubes": [
					{"origin": [2.55844, 14.06688, -3.98398], "size": [1.3043, 5.67968, 1], "uv": [60, 0], "mirror": true}
				]
			},
			{
				"name": "headleave4",
				"parent": "head",
				"pivot": [5.18478, 16.8503, -2.5],
				"rotation": [0, 0, 5],
				"cubes": [
					{"origin": [-4.28807, 16.20201, -3.98398], "size": [1, 3, 1], "uv": [60, 0]}
				]
			},
			{
				"name": "headleave5",
				"parent": "head",
				"pivot": [-2.41522, 15.5503, -3.5],
				"rotation": [0, 0, -5],
				"cubes": [
					{"origin": [-4.02934, 14.08675, -3.98398], "size": [1.32032, 5.59259, 1], "uv": [60, 0]}
				]
			},
			{
				"name": "headleave7",
				"parent": "head",
				"pivot": [-0.064, 18.81682, -1.26527],
				"rotation": [-10, 0, 0]
			},
			{
				"name": "headleave21",
				"parent": "headleave7",
				"pivot": [-2.41522, 16.36712, -4.76527],
				"rotation": [15, 0, 0],
				"cubes": [
					{"origin": [0.03478, 13.30051, 4.09746], "size": [1, 10.9, 1], "uv": [52, 7]},
					{"origin": [-0.95722, 13.20451, 3.93746], "size": [1, 10.9, 1], "uv": [52, 7]}
				]
			},
			{
				"name": "headleave19",
				"parent": "headleave7",
				"pivot": [-2.41522, 16.36712, -4.76527],
				"rotation": [13, 0, 0],
				"cubes": [
					{"origin": [1.03478, 14.05508, 3.90478], "size": [1, 10.53363, 1], "uv": [52, 7]},
					{"origin": [-1.97322, 13.84687, 3.90478], "size": [1, 10.74184, 1], "uv": [52, 7]},
					{"origin": [-0.54779, 15.66712, 3.78473], "size": [1, 8.9, 1], "uv": [60, 4]},
					{"origin": [-3.86122, 14.95197, 3.90478], "size": [1, 9.63674, 1], "uv": [52, 7]}
				]
			},
			{
				"name": "headleave18",
				"parent": "headleave7",
				"pivot": [-2.41522, 16.36712, -4.76527],
				"rotation": [11, 0, 0],
				"cubes": [
					{"origin": [2.03478, 14.7034, 3.50396], "size": [1, 10.38949, 1], "uv": [52, 7]},
					{"origin": [-2.92522, 14.78348, 3.50396], "size": [1, 10.30941, 1], "uv": [52, 7]}
				]
			},
			{
				"name": "headleave9",
				"parent": "headleave7",
				"pivot": [-2.41522, 16.36712, -4.76527],
				"rotation": [8, 0, 0],
				"cubes": [
					{"origin": [2.93478, 15.79048, 3.10244], "size": [1, 9.50861, 1], "uv": [52, 7]}
				]
			},
			{
				"name": "headleave8",
				"parent": "head",
				"pivot": [1.18525, 19.12112, 0],
				"rotation": [0, -90, -10]
			},
			{
				"name": "headleave10",
				"parent": "headleave8",
				"pivot": [-1.16597, 16.67142, -3.5],
				"rotation": [15, 0, 0],
				"cubes": [
					{"origin": [1.28403, 14.29151, 5.36273], "size": [1, 10.21331, 1], "uv": [52, 7]}
				]
			},
			{
				"name": "headleave11",
				"parent": "headleave8",
				"pivot": [-1.16597, 16.67142, -3.5],
				"rotation": [13, 0, 0],
				"cubes": [
					{"origin": [2.28403, 14.18321, 5.17005], "size": [1, 10.70981, 1], "uv": [52, 7]},
					{"origin": [-0.72397, 15.44848, 5.17005], "size": [1, 9.44454, 1], "uv": [52, 7]},
					{"origin": [-0.72397, 16.04602, 3.62653], "size": [1, 8.9, 1], "uv": [57, 54]},
					{"origin": [-2.77213, 15.99302, 5.17005], "size": [1.16016, 8.9, 1], "uv": [60, 7]},
					{"origin": [0.26902, 14.72775, 5.17005], "size": [1, 10.16527, 1], "uv": [52, 7]}
				]
			},
			{
				"name": "headleave12",
				"parent": "headleave8",
				"pivot": [-1.16597, 16.67142, -3.5],
				"rotation": [11, 0, 0],
				"cubes": [
					{"origin": [3.28403, 14.92763, 4.76922], "size": [1, 10.13323, 1], "uv": [52, 7]},
					{"origin": [-1.67597, 16.03273, 4.76922], "size": [1, 9.17227, 1], "uv": [52, 7]}
				]
			},
			{
				"name": "headleave13",
				"parent": "headleave8",
				"pivot": [-1.16597, 16.67142, -3.5],
				"rotation": [8, 0, 0],
				"cubes": [
					{"origin": [4.18403, 15.98268, 4.36771], "size": [1, 9.62072, 0.87187], "uv": [52, 7]}
				]
			},
			{
				"name": "headleave14",
				"parent": "head",
				"pivot": [-1.36143, 19.02503, 0],
				"rotation": [0, 90, 10]
			},
			{
				"name": "headleave15",
				"parent": "headleave14",
				"pivot": [0.98979, 16.57533, -3.5],
				"rotation": [15, 0, 0],
				"cubes": [
					{"origin": [-2.46021, 14.90011, 5.36273], "size": [1, 9.50861, 1], "uv": [52, 7], "mirror": true},
					{"origin": [-1.43518, 15.12434, 5.36273], "size": [1, 9.28438, 1], "uv": [52, 7], "mirror": true}
				]
			},
			{
				"name": "headleave16",
				"parent": "headleave14",
				"pivot": [0.98979, 16.57533, -3.5],
				"rotation": [13, 0, 0],
				"cubes": [
					{"origin": [-3.46021, 14.51954, 5.17005], "size": [1, 10.27738, 1], "uv": [52, 7], "mirror": true},
					{"origin": [-0.45221, 15.06409, 5.17005], "size": [1, 9.73283, 1], "uv": [52, 7], "mirror": true},
					{"origin": [0.30054, 15.80073, 5.3043], "size": [1, 8.9, 1], "uv": [60, 0], "mirror": true},
					{"origin": [1.43579, 15.89692, 5.17005], "size": [1.17618, 8.9, 1], "uv": [60, 7], "mirror": true}
				]
			},
			{
				"name": "headleave17",
				"parent": "headleave14",
				"pivot": [0.98979, 16.57533, -3.5],
				"rotation": [11, 0, 0],
				"cubes": [
					{"origin": [-4.46021, 16.06476, 4.76922], "size": [1, 8.9, 1], "uv": [52, 7], "mirror": true},
					{"origin": [0.49979, 15.11982, 4.76922], "size": [1, 9.98909, 1], "uv": [52, 7], "mirror": true}
				]
			},
			{
				"name": "headleave20",
				"parent": "headleave14",
				"pivot": [0.98979, 16.57533, -3.5],
				"rotation": [8, 0, 0],
				"cubes": [
					{"origin": [-5.36021, 15.32602, 4.36771], "size": [1, 10.18128, 1], "uv": [52, 7], "mirror": true}
				]
			},
			{
				"name": "headleave",
				"parent": "head",
				"pivot": [-0.064, 18, 0]
			},
			{
				"name": "headleave22",
				"parent": "headleave",
				"pivot": [-0.064, 18, 0]
			},
			{
				"name": "headleave23",
				"parent": "headleave22",
				"pivot": [-0.064, 18, 0],
				"rotation": [-15, 0, -20],
				"cubes": [
					{"origin": [-0.6348, 25.06478, -2.7556], "size": [2.21522, 3.97598, 1], "uv": [56, 4]},
					{"origin": [-0.29846, 25.06478, -2.85169], "size": [1.49449, 3.97598, 0.32733], "uv": [58, 32]}
				]
			},
			{
				"name": "headleave24",
				"parent": "headleave22",
				"pivot": [-0.064, 18, 0],
				"rotation": [-30, 0, -30],
				"cubes": [
					{"origin": [1.31594, 27.55436, -5.29006], "size": [2.18318, 4.97598, 1], "uv": [56, 4]},
					{"origin": [1.65228, 27.55436, -5.48225], "size": [1.49449, 4.63964, 0.72773], "uv": [58, 33]}
				]
			},
			{
				"name": "headleave25",
				"parent": "headleave",
				"pivot": [-0.01608, 18, 0]
			},
			{
				"name": "headleave26",
				"parent": "headleave25",
				"pivot": [-0.01608, 18, 0],
				"rotation": [-15, 0, 20],
				"cubes": [
					{"origin": [-1.6605, 25.06478, -2.7556], "size": [2.21522, 3.97598, 1], "uv": [56, 4], "mirror": true},
					{"origin": [-1.27611, 25.06478, -2.85169], "size": [1.49449, 3.97598, 0.32733], "uv": [58, 32], "mirror": true}
				]
			},
			{
				"name": "headleave27",
				"parent": "headleave25",
				"pivot": [-0.01608, 18, 0],
				"rotation": [-30, 0, 30],
				"cubes": [
					{"origin": [-3.57921, 27.55436, -5.29006], "size": [2.18318, 4.97598, 1], "uv": [56, 4], "mirror": true},
					{"origin": [-3.22685, 27.55436, -5.48225], "size": [1.49449, 4.63964, 0.72773], "uv": [58, 33], "mirror": true}
				]
			},
			{
				"name": "headleave2",
				"parent": "head",
				"pivot": [-0.064, 17.79179, -0.54454],
				"rotation": [-5, 0, 0],
				"cubes": [
					{"origin": [-3.53547, 24.5025, -4.8048], "size": [7, 1, 0.64765], "uv": [49, 6]}
				]
			},
			{
				"name": "headleave28",
				"parent": "headleave2",
				"pivot": [-0.064, 17.79179, -0.54454]
			},
			{
				"name": "headleave29",
				"parent": "headleave28",
				"pivot": [-0.064, 17.79179, -0.54454],
				"rotation": [0, 0, -70],
				"cubes": [
					{"origin": [2.99438, 22.89933, -4.8048], "size": [3, 0.79179, 0.64765], "uv": [49, 6]}
				]
			},
			{
				"name": "headleave30",
				"parent": "headleave28",
				"pivot": [-0.064, 17.79179, -0.54454],
				"rotation": [0, 0, -74],
				"cubes": [
					{"origin": [2.71278, 22.73706, -4.8048], "size": [3.60861, 0.51952, 0.64765], "uv": [49, 6]}
				]
			},
			{
				"name": "headleave31",
				"parent": "headleave28",
				"pivot": [-0.064, 17.79179, -0.54454],
				"rotation": [0, 0, -79],
				"cubes": [
					{"origin": [2.35689, 22.06745, -4.8048], "size": [4.32933, 0.61562, 0.64765], "uv": [49, 6]}
				]
			},
			{
				"name": "headleave32",
				"parent": "headleave28",
				"pivot": [-0.064, 17.79179, -0.54454],
				"rotation": [0, 0, -84],
				"cubes": [
					{"origin": [2, 21.28196, -4.8048], "size": [5.05005, 0.61562, 0.64765], "uv": [49, 6]}
				]
			},
			{
				"name": "headleave33",
				"parent": "headleave28",
				"pivot": [-0.064, 17.79179, -0.54454],
				"rotation": [0, 0, -69],
				"cubes": [
					{"origin": [1.02635, 21.69724, -4.8048], "size": [2.02302, 0.61562, 0.64765], "uv": [49, 6]}
				]
			},
			{
				"name": "headleave34",
				"parent": "headleave28",
				"pivot": [-0.064, 17.79179, -0.54454],
				"rotation": [0, 0, -54],
				"cubes": [
					{"origin": [1.77315, 22.34899, -4.8048], "size": [0.74174, 1.4004, 0.64765], "uv": [49, 6]}
				]
			},
			{
				"name": "headleave35",
				"parent": "headleave28",
				"pivot": [-0.064, 17.79179, -0.54454],
				"rotation": [0, 0, -49],
				"cubes": [
					{"origin": [2.05424, 22.55407, -4.8048], "size": [0.74174, 1.52853, 0.64765], "uv": [49, 6]}
				]
			},
			{
				"name": "headleave36",
				"parent": "headleave28",
				"pivot": [-0.064, 17.79179, -0.54454],
				"rotation": [0, 0, -59],
				"cubes": [
					{"origin": [3.57949, 21.98509, -4.8048], "size": [0.74174, 1.61562, 0.64765], "uv": [49, 6]}
				]
			},
			{
				"name": "headleave37",
				"parent": "headleave28",
				"pivot": [-0.064, 17.79179, -0.54454],
				"rotation": [0, 0, -69],
				"cubes": [
					{"origin": [4.98277, 21.1599, -4.8048], "size": [0.96597, 1.8008, 0.64765], "uv": [49, 6]}
				]
			},
			{
				"name": "headleave38",
				"parent": "headleave28",
				"pivot": [-0.064, 17.79179, -0.54454],
				"rotation": [0, 0, -95],
				"cubes": [
					{"origin": [5.85072, 16.6707, -4.8048], "size": [0.96597, 1.51251, 0.64765], "uv": [49, 6]}
				]
			},
			{
				"name": "headleave39",
				"parent": "headleave28",
				"pivot": [-0.064, 17.79179, -0.54454],
				"rotation": [0, 0, -75],
				"cubes": [
					{"origin": [4.61321, 19.24067, -4.8048], "size": [1.65465, 1.27227, 0.64765], "uv": [49, 6]}
				]
			},
			{
				"name": "headleave40",
				"parent": "headleave28",
				"pivot": [-0.064, 17.79179, -0.54454],
				"rotation": [0, 0, -100],
				"cubes": [
					{"origin": [3.73441, 17.82587, -4.8048], "size": [1.28629, 0.37538, 0.64765], "uv": [49, 6]}
				]
			},
			{
				"name": "headleave59",
				"parent": "headleave28",
				"pivot": [-0.064, 17.79179, -0.54454],
				"rotation": [0, 0, -100],
				"cubes": [
					{"origin": [3.30197, 18.13017, -4.8048], "size": [2.02302, 0.15115, 0.64765], "uv": [49, 6]}
				]
			},
			{
				"name": "headleave45",
				"parent": "headleave28",
				"pivot": [-0.064, 17.79179, -0.54454],
				"rotation": [0, 0, -85],
				"cubes": [
					{"origin": [3.0997, 18.98982, -4.8048], "size": [2.02302, 0.15115, 0.64765], "uv": [49, 6]}
				]
			},
			{
				"name": "headleave41",
				"parent": "headleave28",
				"pivot": [-0.064, 17.79179, -0.54454],
				"rotation": [0, 0, -110],
				"cubes": [
					{"origin": [3.66334, 15.72136, -4.8048], "size": [1.57457, 1.62462, 0.64765], "uv": [49, 6]}
				]
			},
			{
				"name": "headleave42",
				"parent": "headleave28",
				"pivot": [-0.064, 17.79179, -0.54454],
				"rotation": [0, 0, -150],
				"cubes": [
					{"origin": [1.05928, 14.51254, -4.8048], "size": [1.46246, 0.51952, 0.64765], "uv": [49, 6]}
				]
			},
			{
				"name": "headleave47",
				"parent": "headleave28",
				"pivot": [-0.064, 17.79179, -0.54454],
				"rotation": [0, 0, -175],
				"cubes": [
					{"origin": [-0.70442, 14.46404, -4.8048], "size": [0.56557, 0.31131, 0.64765], "uv": [49, 6]}
				]
			},
			{
				"name": "headleave43",
				"parent": "headleave28",
				"pivot": [-0.064, 17.79179, -0.54454],
				"rotation": [0, 0, -65],
				"cubes": [
					{"origin": [3.30067, 18.62499, -4.8048], "size": [1.19019, 1.4965, 0.64765], "uv": [49, 6]}
				]
			},
			{
				"name": "headleave46",
				"parent": "headleave28",
				"pivot": [-0.064, 17.79179, -0.54454],
				"rotation": [0, 0, -40],
				"cubes": [
					{"origin": [2.52179, 19.4719, -4.8048], "size": [0.35736, 0.75976, 0.64765], "uv": [49, 6]}
				]
			},
			{
				"name": "headleave44",
				"parent": "headleave28",
				"pivot": [-0.064, 17.79179, -0.54454],
				"rotation": [0, 0, -100],
				"cubes": [
					{"origin": [4.14503, 15.86175, -4.8048], "size": [2.45546, 1.3043, 0.64765], "uv": [49, 6]}
				]
			},
			{
				"name": "headleave48",
				"parent": "headleave28",
				"pivot": [-0.064, 17.79179, -0.54454],
				"rotation": [0, 0, -110],
				"cubes": [
					{"origin": [3.75567, 14.5406, -4.8048], "size": [2.45546, 0.23123, 0.64765], "uv": [49, 6]}
				]
			},
			{
				"name": "headleave50",
				"parent": "headleave28",
				"pivot": [-0.064, 17.79179, -0.54454],
				"rotation": [0, 0, -110],
				"cubes": [
					{"origin": [4.44436, 14.33239, -4.8048], "size": [1.76677, 0.26326, 0.64765], "uv": [49, 6]}
				]
			},
			{
				"name": "headleave51",
				"parent": "headleave28",
				"pivot": [-0.064, 17.79179, -0.54454],
				"rotation": [0, 0, -110],
				"cubes": [
					{"origin": [4.96388, 14.07613, -4.8048], "size": [1.24725, 0.40741, 0.64765], "uv": [49, 6]}
				]
			},
			{
				"name": "headleave49",
				"parent": "headleave28",
				"pivot": [-0.064, 17.79179, -0.54454],
				"rotation": [0, 0, -90],
				"cubes": [
					{"origin": [4.63729, 16.04307, -4.8048], "size": [2.45546, 0.23123, 0.64765], "uv": [49, 6]}
				]
			},
			{
				"name": "headleave52",
				"parent": "headleave28",
				"pivot": [-0.064, 17.79179, -0.54454],
				"rotation": [0, 0, -120],
				"cubes": [
					{"origin": [2.63529, 12.32736, -4.8048], "size": [2.47147, 1.17618, 0.64765], "uv": [49, 6]}
				]
			},
			{
				"name": "headleave57",
				"parent": "headleave28",
				"pivot": [-0.064, 17.79179, -0.54454],
				"rotation": [0, 0, -120],
				"cubes": [
					{"origin": [2.63529, 11.94297, -4.8048], "size": [2.47147, 0.58358, 0.64765], "uv": [49, 6]}
				]
			},
			{
				"name": "headleave58",
				"parent": "headleave28",
				"pivot": [-0.064, 17.79179, -0.54454],
				"rotation": [0, 0, -120],
				"cubes": [
					{"origin": [3.63529, 11.62265, -4.8048], "size": [1.47147, 0.58358, 0.64765], "uv": [49, 6]}
				]
			},
			{
				"name": "headleave55",
				"parent": "headleave28",
				"pivot": [-0.064, 17.79179, -0.54454],
				"rotation": [0, 0, -120],
				"cubes": [
					{"origin": [2.0427, 12.67971, -4.8048], "size": [2.58358, 0.51952, 0.64765], "uv": [49, 6]}
				]
			},
			{
				"name": "headleave56",
				"parent": "headleave28",
				"pivot": [-0.064, 17.79179, -0.54454],
				"rotation": [0, 0, -120],
				"cubes": [
					{"origin": [1.46612, 12.40744, -4.8048], "size": [1.95896, 0.39139, 0.64765], "uv": [49, 6]}
				]
			},
			{
				"name": "headleave53",
				"parent": "headleave28",
				"pivot": [-0.064, 17.79179, -0.54454],
				"rotation": [0, 0, -145],
				"cubes": [
					{"origin": [-1.13261, 12.53331, -4.8048], "size": [1.7027, 0.23123, 0.64765], "uv": [49, 6]}
				]
			},
			{
				"name": "headleave54",
				"parent": "headleave28",
				"pivot": [-0.064, 17.79179, -0.54454],
				"rotation": [0, 0, -95],
				"cubes": [
					{"origin": [3.28481, 13.60466, -4.8048], "size": [4.02503, 0.34334, 0.64765], "uv": [49, 6]}
				]
			},
			{
				"name": "armLeft",
				"pivot": [3, 17.5, 0],
				"rotation": [0, 0, -25],
				"cubes": [
					{"origin": [1.86286, 9.78829, -1.0961], "size": [2, 8, 2], "uv": [0, 42]}
				]
			},
			{
				"name": "armLeft4",
				"parent": "armLeft",
				"pivot": [1.73473, 18.42893, 0]
			},
			{
				"name": "armLeft3",
				"parent": "armLeft4",
				"pivot": [1.73473, 16.04254, 0]
			},
			{
				"name": "armRight13",
				"parent": "armLeft3",
				"pivot": [1.73473, 16.04254, 0],
				"cubes": [
					{"origin": [3.7097, 11.04254, -1], "size": [0.61562, 2.62062, 2], "uv": [53, 54], "mirror": true},
					{"origin": [1.37048, 11.04254, -1.08423], "size": [0.61562, 2.62062, 2], "uv": [53, 54], "mirror": true}
				]
			},
			{
				"name": "armRight14",
				"parent": "armLeft3",
				"pivot": [1.73473, 16.04254, 0],
				"rotation": [0, 90, 0],
				"cubes": [
					{"origin": [2.63865, 11.04254, 0.07105], "size": [0.61562, 2.62062, 2], "uv": [53, 54], "mirror": true},
					{"origin": [0.29942, 11.04254, 0.15528], "size": [0.61562, 2.62062, 2], "uv": [53, 54], "mirror": true},
					{"origin": [0.29942, 11.04254, 0.15528], "size": [0.61562, 2.62062, 2], "uv": [53, 54], "mirror": true}
				]
			},
			{
				"name": "armRight15",
				"parent": "armLeft3",
				"pivot": [1.73473, 16.04254, 0],
				"rotation": [0, 45, 0],
				"cubes": [
					{"origin": [3.65805, 11.04254, 0.38998], "size": [0.61562, 2.62062, 0.73473], "uv": [53, 54], "mirror": true},
					{"origin": [2.24383, 11.04254, -1.02423], "size": [0.61562, 2.62062, 0.73473], "uv": [53, 54], "mirror": true},
					{"origin": [0.82962, 11.04254, 0.38998], "size": [0.61562, 2.62062, 0.73473], "uv": [53, 54], "mirror": true},
					{"origin": [2.24383, 11.04254, 1.8042], "size": [0.61562, 2.62062, 0.73473], "uv": [53, 54], "mirror": true}
				]
			},
			{
				"name": "bone5",
				"parent": "armLeft3",
				"pivot": [1.73473, 16.04254, 0],
				"cubes": [
					{"origin": [1.88388, 16.05555, -1], "size": [2.44144, 0, 2.06406], "uv": [53, 54], "mirror": true}
				]
			},
			{
				"name": "armLeft2",
				"parent": "armLeft4",
				"pivot": [1.73473, 18.42893, 0]
			},
			{
				"name": "armRight7",
				"parent": "armLeft2",
				"pivot": [1.73473, 18.42893, 0],
				"cubes": [
					{"origin": [3.7097, 13.42893, -1], "size": [0.61562, 5.47147, 2], "uv": [56, 53], "mirror": true},
					{"origin": [1.37048, 13.42893, -1.08423], "size": [0.61562, 5.47147, 2], "uv": [56, 53], "mirror": true}
				]
			},
			{
				"name": "armRight8",
				"parent": "armLeft2",
				"pivot": [1.73473, 18.42893, 0],
				"rotation": [0, 90, 0],
				"cubes": [
					{"origin": [2.63865, 13.42893, 0.07105], "size": [0.61562, 5.47147, 2], "uv": [56, 53], "mirror": true},
					{"origin": [0.29942, 13.42893, 0.15528], "size": [0.61562, 5.47147, 2], "uv": [56, 53], "mirror": true},
					{"origin": [0.29942, 13.42893, 0.15528], "size": [0.61562, 5.47147, 2], "uv": [56, 53], "mirror": true}
				]
			},
			{
				"name": "armRight9",
				"parent": "armLeft2",
				"pivot": [1.73473, 18.42893, 0],
				"rotation": [0, 45, 0],
				"cubes": [
					{"origin": [3.65805, 13.42893, 0.38998], "size": [0.61562, 5.47147, 0.73473], "uv": [56, 53], "mirror": true},
					{"origin": [2.24383, 13.42893, -1.02423], "size": [0.61562, 5.47147, 0.73473], "uv": [56, 53], "mirror": true},
					{"origin": [0.82962, 13.42893, 0.38998], "size": [0.61562, 5.47147, 0.73473], "uv": [56, 53], "mirror": true},
					{"origin": [2.24383, 13.42893, 1.8042], "size": [0.61562, 5.47147, 0.73473], "uv": [56, 53], "mirror": true}
				]
			},
			{
				"name": "armRight16",
				"parent": "armLeft2",
				"pivot": [1.73473, 18.42893, 0],
				"cubes": [
					{"origin": [1.88388, 18.44194, -1], "size": [2.44144, 0.45846, 2.06406], "uv": [56, 53], "mirror": true}
				]
			},
			{
				"name": "armRight",
				"pivot": [-3, 17.5, 0],
				"rotation": [0, 0, 25],
				"cubes": [
					{"origin": [-4.16717, 9.61211, -0.96096], "size": [2, 8, 2], "uv": [8, 42]}
				]
			},
			{
				"name": "armRight17",
				"parent": "armRight",
				"pivot": [-1.99099, 17.9004, 0]
			},
			{
				"name": "armRight6",
				"parent": "armRight17",
				"pivot": [-1.99099, 15.70621, 0]
			},
			{
				"name": "armRight10",
				"parent": "armRight6",
				"pivot": [-1.99099, 15.70621, 0],
				"cubes": [
					{"origin": [-4.58158, 10.70621, -1], "size": [0.61562, 2.25225, 2], "uv": [48, 52]},
					{"origin": [-2.24235, 10.70621, -1.08423], "size": [0.61562, 2.25225, 2], "uv": [48, 52]}
				]
			},
			{
				"name": "armRight11",
				"parent": "armRight6",
				"pivot": [-1.99099, 15.70621, 0],
				"rotation": [0, -90, 0],
				"cubes": [
					{"origin": [-3.51053, 10.70621, 0.07105], "size": [0.61562, 2.25225, 2], "uv": [48, 52]},
					{"origin": [-1.1713, 10.70621, 0.15528], "size": [0.61562, 2.25225, 2], "uv": [48, 52]},
					{"origin": [-1.1713, 10.70621, 0.15528], "size": [0.61562, 2.25225, 2], "uv": [48, 52]}
				]
			},
			{
				"name": "armRight12",
				"parent": "armRight6",
				"pivot": [-1.99099, 15.70621, 0],
				"rotation": [0, -45, 0],
				"cubes": [
					{"origin": [-4.52992, 10.70621, 0.38998], "size": [0.61562, 2.25225, 0.73473], "uv": [48, 52]},
					{"origin": [-3.11571, 10.70621, -1.02423], "size": [0.61562, 2.25225, 0.73473], "uv": [48, 52]},
					{"origin": [-1.70149, 10.70621, 0.38998], "size": [0.61562, 2.25225, 0.73473], "uv": [48, 52]},
					{"origin": [-3.11571, 10.70621, 1.8042], "size": [0.61562, 2.25225, 0.73473], "uv": [48, 52]}
				]
			},
			{
				"name": "bone4",
				"parent": "armRight6",
				"pivot": [-1.99099, 15.70621, 0],
				"cubes": [
					{"origin": [-4.58158, 15.71922, -1], "size": [2.44144, 0.08008, 2.06406], "uv": [48, 52]}
				]
			},
			{
				"name": "armRight2",
				"parent": "armRight17",
				"pivot": [-1.99099, 17.9004, 0]
			},
			{
				"name": "armRight3",
				"parent": "armRight2",
				"pivot": [-1.99099, 17.9004, 0],
				"cubes": [
					{"origin": [-4.58158, 12.9004, -1], "size": [0.61562, 5.47147, 2], "uv": [52, 54]},
					{"origin": [-2.24235, 12.9004, -1.08423], "size": [0.61562, 5.47147, 2], "uv": [52, 54]}
				]
			},
			{
				"name": "armRight5",
				"parent": "armRight2",
				"pivot": [-1.99099, 17.9004, 0],
				"rotation": [0, -90, 0],
				"cubes": [
					{"origin": [-3.51053, 12.9004, 0.07105], "size": [0.61562, 5.47147, 2], "uv": [52, 54]},
					{"origin": [-1.1713, 12.9004, 0.15528], "size": [0.61562, 5.47147, 2], "uv": [52, 54]},
					{"origin": [-1.1713, 12.9004, 0.15528], "size": [0.61562, 5.47147, 2], "uv": [52, 54]}
				]
			},
			{
				"name": "armRight4",
				"parent": "armRight2",
				"pivot": [-1.99099, 17.9004, 0],
				"rotation": [0, -45, 0],
				"cubes": [
					{"origin": [-4.52992, 12.9004, 0.38998], "size": [0.61562, 5.47147, 0.73473], "uv": [52, 54]},
					{"origin": [-3.11571, 12.9004, -1.02423], "size": [0.61562, 5.47147, 0.73473], "uv": [52, 54]},
					{"origin": [-1.70149, 12.9004, 0.38998], "size": [0.61562, 5.47147, 0.73473], "uv": [52, 54]},
					{"origin": [-3.11571, 12.9004, 1.8042], "size": [0.61562, 5.47147, 0.73473], "uv": [52, 54]}
				]
			},
			{
				"name": "bone3",
				"parent": "armRight2",
				"pivot": [-1.99099, 17.9004, 0],
				"cubes": [
					{"origin": [-4.58158, 17.91341, -1], "size": [2.44144, 0.45846, 2.06406], "uv": [52, 54]}
				]
			},
			{
				"name": "body",
				"pivot": [0, 10.5, 0],
				"cubes": [
					{"origin": [-3.73748, 8.10402, -2.57986], "size": [7.24725, 3, 5.20821], "uv": [0, 34]},
					{"origin": [-2.87267, 11, -1.5], "size": [5.51251, 7, 4], "uv": [0, 16]}
				]
			},
			{
				"name": "collar",
				"parent": "body",
				"pivot": [0, 11.5, 0]
			},
			{
				"name": "collar2",
				"parent": "collar",
				"pivot": [0, 11.5, 0]
			},
			{
				"name": "collar3",
				"parent": "collar2",
				"pivot": [0, 11.5, 0],
				"rotation": [0, 0, -50],
				"cubes": [
					{"origin": [2.48549, 15.08238, -2.998], "size": [1.63163, 2.5035, 0.47147], "uv": [60, 33]}
				]
			},
			{
				"name": "collar4",
				"parent": "collar2",
				"pivot": [0, 11.5, 0],
				"rotation": [0, 0, 50],
				"cubes": [
					{"origin": [-4.26125, 14.91061, -2.998], "size": [1.63163, 2.5035, 0.47147], "uv": [60, 33], "mirror": true}
				]
			},
			{
				"name": "collar5",
				"parent": "collar2",
				"pivot": [0, 11.5, 0],
				"cubes": [
					{"origin": [-3.34034, 11.53703, -2.59059], "size": [6.46847, 6.46647, 5.3013], "uv": [42, 30], "mirror": true}
				]
			},
			{
				"name": "suit",
				"parent": "body",
				"pivot": [0.11211, 10.5, 0]
			},
			{
				"name": "skirt",
				"parent": "body",
				"pivot": [0.12813, 0, 0.4004]
			},
			{
				"name": "skirt13",
				"parent": "skirt",
				"pivot": [0.12813, 0, 0.4004]
			},
			{
				"name": "skirt2",
				"parent": "skirt13",
				"pivot": [-1.87187, 12.00951, -3.22873],
				"cubes": [
					{"origin": [-3.57657, 6.75676, -3.48849], "size": [2.84885, 9.94495, 0.51952], "uv": [52, 50]}
				]
			},
			{
				"name": "skirt10",
				"parent": "skirt13",
				"pivot": [-1.87187, 12.00951, -3.22873],
				"cubes": [
					{"origin": [-3.72874, 6.9009, 3.07106], "size": [2, 10.36136, 0.51952], "uv": [52, 50]},
					{"origin": [-1.65467, 6.9009, 3.27827], "size": [2.51652, 10.36136, 0.51952], "uv": [52, 50]},
					{"origin": [-3.17119, 6.9009, 3.27827], "size": [1.51652, 10.36136, 0.51952], "uv": [52, 50]},
					{"origin": [0.86185, 6.9009, 3.27827], "size": [2.51652, 10.36136, 0.51952], "uv": [52, 50]}
				]
			},
			{
				"name": "skirt6",
				"parent": "skirt13",
				"pivot": [0.12813, 0, 0.4004],
				"rotation": [0, 90, 0],
				"cubes": [
					{"origin": [1.4975, 11.06507, -3.82382], "size": [2, 6.1972, 0.51952], "uv": [52, 50]},
					{"origin": [-0.5025, 11.06507, -3.82382], "size": [2, 6.1972, 0.51952], "uv": [52, 50]},
					{"origin": [-2.5025, 11.06507, -3.82382], "size": [2, 6.1972, 0.51952], "uv": [52, 50]}
				]
			},
			{
				"name": "skirt7",
				"parent": "skirt13",
				"pivot": [0.12813, 0, 0.4004],
				"rotation": [0, 45, 0],
				"cubes": [
					{"origin": [-0.42832, 11.14515, -4.96908], "size": [0.68669, 6.11712, 0.51952], "uv": [52, 50]}
				]
			},
			{
				"name": "skirt9",
				"parent": "skirt13",
				"pivot": [0.12813, 0, 0.4004],
				"rotation": [0, 45, 0],
				"cubes": [
					{"origin": [-4.71898, 11.14515, -0.72644], "size": [0.68669, 6.11712, 0.51952], "uv": [52, 50]}
				]
			},
			{
				"name": "skirt3",
				"parent": "skirt13",
				"pivot": [-1.87187, 12.76226, -3.22873],
				"rotation": [0, 0, 15],
				"cubes": [
					{"origin": [-3.71028, 9.09827, -3.48849], "size": [2, 4.17918, 0.51952], "uv": [52, 50]}
				]
			},
			{
				"name": "skirt12",
				"parent": "skirt13",
				"pivot": [-1.87187, 12.76226, -3.22873],
				"rotation": [0, 0, 15],
				"cubes": [
					{"origin": [-3.71028, 9.09827, 3.09409], "size": [2, 4.17918, 0.51952], "uv": [52, 50]}
				]
			},
			{
				"name": "skirt8",
				"parent": "skirt13",
				"pivot": [-1.87187, 12.76226, -3.22873],
				"rotation": [0, 90, 20],
				"cubes": [
					{"origin": [-3.61211, 8.95199, -5.26033], "size": [2, 4.17918, 0.51952], "uv": [52, 50]},
					{"origin": [-5.61211, 8.95199, -5.26033], "size": [2, 4.17918, 0.51952], "uv": [52, 50]},
					{"origin": [-8.47698, 8.95199, -5.26033], "size": [2.86486, 4.17918, 0.51952], "uv": [52, 50]}
				]
			},
			{
				"name": "skirt11",
				"parent": "skirt13",
				"pivot": [-1.87187, 12.76226, -3.22873],
				"rotation": [0, 90, 0],
				"cubes": [
					{"origin": [-3.61211, 6.89864, -6.44099], "size": [2, 2.97798, 0.51952], "uv": [52, 50]},
					{"origin": [-5.61211, 6.89864, -6.44099], "size": [2, 2.97798, 0.51952], "uv": [52, 50]},
					{"origin": [-8.47698, 6.89864, -6.44099], "size": [2.86486, 2.97798, 0.51952], "uv": [52, 50]}
				]
			},
			{
				"name": "skirt4",
				"parent": "skirt13",
				"pivot": [-1.87187, 12.76226, -3.22873],
				"cubes": [
					{"origin": [-4.59595, 6.88112, 3.11011], "size": [2, 2.81782, 0.51952], "uv": [52, 50]},
					{"origin": [-4.59595, 6.88112, -3.48849], "size": [2, 2.81782, 0.51952], "uv": [52, 50]}
				]
			},
			{
				"name": "skirt5",
				"parent": "skirt13",
				"pivot": [-1.87187, 12.76226, -3.22873],
				"rotation": [0, 0, 10],
				"cubes": [
					{"origin": [-3.5342, 6.47341, -3.48849], "size": [3.82382, 0.63463, 0.51952], "uv": [52, 50]}
				]
			},
			{
				"name": "skirt14",
				"parent": "skirt",
				"pivot": [-0.17618, 0, 0.4004]
			},
			{
				"name": "skirt15",
				"parent": "skirt14",
				"pivot": [1.82382, 12.00951, -3.22873],
				"cubes": [
					{"origin": [0.72773, 6.75676, -3.48849], "size": [2.78478, 9.78479, 0.51952], "uv": [52, 50], "mirror": true}
				]
			},
			{
				"name": "skirt16",
				"parent": "skirt14",
				"pivot": [1.82382, 12.00951, -3.22873],
				"cubes": [
					{"origin": [1.66468, 6.9009, 3.07106], "size": [2, 10.36136, 0.51952], "uv": [52, 50], "mirror": true}
				]
			},
			{
				"name": "skirt17",
				"parent": "skirt14",
				"pivot": [-0.17618, 0, 0.4004],
				"rotation": [0, -90, 0],
				"cubes": [
					{"origin": [-3.54555, 11.06507, -3.80781], "size": [2, 6.1972, 0.51952], "uv": [52, 50], "mirror": true},
					{"origin": [-1.54555, 11.06507, -3.80781], "size": [2, 6.1972, 0.51952], "uv": [52, 50], "mirror": true},
					{"origin": [0.45445, 11.06507, -3.80781], "size": [2, 6.1972, 0.51952], "uv": [52, 50], "mirror": true}
				]
			},
			{
				"name": "skirt18",
				"parent": "skirt14",
				"pivot": [-0.17618, 0, 0.4004],
				"rotation": [0, -45, 0],
				"cubes": [
					{"origin": [-0.31774, 11.14515, -4.95776], "size": [0.68669, 6.11712, 0.51952], "uv": [52, 50], "mirror": true}
				]
			},
			{
				"name": "skirt19",
				"parent": "skirt14",
				"pivot": [-0.17618, 0, 0.4004],
				"rotation": [0, -45, 0],
				"cubes": [
					{"origin": [3.97293, 11.14515, -0.71512], "size": [0.68669, 6.11712, 0.51952], "uv": [52, 50], "mirror": true}
				]
			},
			{
				"name": "skirt20",
				"parent": "skirt14",
				"pivot": [1.82382, 12.76226, -3.22873],
				"rotation": [0, 0, -15],
				"cubes": [
					{"origin": [1.64676, 9.10241, -3.48849], "size": [2, 4.17918, 0.51952], "uv": [52, 50], "mirror": true}
				]
			},
			{
				"name": "skirt21",
				"parent": "skirt14",
				"pivot": [1.82382, 12.76226, -3.22873],
				"rotation": [0, 0, -15],
				"cubes": [
					{"origin": [1.64676, 9.10241, 3.09409], "size": [2, 4.17918, 0.51952], "uv": [52, 50], "mirror": true}
				]
			},
			{
				"name": "skirt22",
				"parent": "skirt14",
				"pivot": [1.82382, 12.76226, -3.22873],
				"rotation": [0, -90, -20],
				"cubes": [
					{"origin": [1.56406, 8.95746, -5.24528], "size": [2, 4.17918, 0.51952], "uv": [52, 50], "mirror": true},
					{"origin": [3.56406, 8.95746, -5.24528], "size": [2, 4.17918, 0.51952], "uv": [52, 50], "mirror": true},
					{"origin": [5.56406, 8.95746, -5.24528], "size": [2.86486, 4.17918, 0.51952], "uv": [52, 50], "mirror": true}
				]
			},
			{
				"name": "skirt23",
				"parent": "skirt14",
				"pivot": [1.82382, 12.76226, -3.22873],
				"rotation": [0, -90, 0],
				"cubes": [
					{"origin": [1.56406, 6.89864, -6.42498], "size": [2, 2.97798, 0.51251], "uv": [53, 57], "mirror": true},
					{"origin": [3.56406, 6.89864, -6.42498], "size": [2, 2.97798, 0.51952], "uv": [52, 50], "mirror": true},
					{"origin": [5.56406, 6.89864, -6.42498], "size": [2.86486, 2.97798, 0.51952], "uv": [52, 50], "mirror": true}
				]
			},
			{
				"name": "skirt24",
				"parent": "skirt14",
				"pivot": [1.82382, 12.76226, -3.22873],
				"cubes": [
					{"origin": [2.53189, 6.88112, 3.11011], "size": [2, 2.81782, 0.51952], "uv": [52, 50], "mirror": true},
					{"origin": [2.53189, 6.88112, -3.48849], "size": [2, 2.81782, 0.51952], "uv": [52, 50], "mirror": true}
				]
			},
			{
				"name": "skirt25",
				"parent": "skirt14",
				"pivot": [1.82382, 12.76226, -3.22873],
				"rotation": [0, 0, -10],
				"cubes": [
					{"origin": [-0.32141, 6.47619, -3.48849], "size": [3.79179, 0.6026, 0.51952], "uv": [52, 50], "mirror": true}
				]
			},
			{
				"name": "skirt26",
				"parent": "skirt",
				"pivot": [0.12813, 0, 0.4004]
			},
			{
				"name": "skirt27",
				"parent": "skirt26",
				"pivot": [1.82382, 16.72623, -3.22873],
				"rotation": [155, -5, -25]
			},
			{
				"name": "skirt31",
				"parent": "skirt26",
				"pivot": [1.82382, 16.72623, -3.22873],
				"rotation": [155, -5, -25],
				"cubes": [
					{"origin": [0.60866, 16.274, -3.30525], "size": [3.91992, 2.001, 0.51952], "uv": [52, 50], "mirror": true}
				]
			},
			{
				"name": "skirt28",
				"parent": "skirt26",
				"pivot": [1.82382, 16.72623, -3.22873],
				"rotation": [0, -90, -20],
				"cubes": [
					{"origin": [1.81497, 16.11389, -5.97654], "size": [2.37538, 1.47247, 0.51952], "uv": [52, 50], "mirror": true},
					{"origin": [4.19035, 16.34944, -5.32938], "size": [2.37538, 1.47247, 0.51952], "uv": [52, 50], "mirror": true},
					{"origin": [6.56573, 16.11389, -5.97654], "size": [1.89489, 1.47247, 0.51952], "uv": [52, 50], "mirror": true}
				]
			},
			{
				"name": "skirt29",
				"parent": "skirt26",
				"pivot": [1.82382, 16.72623, -3.22873],
				"rotation": [0, 0, -20],
				"cubes": [
					{"origin": [2.19626, 16.11389, 3.0397], "size": [2.37538, 1.47247, 0.51952], "uv": [52, 50], "mirror": true}
				]
			},
			{
				"name": "skirt30",
				"parent": "skirt26",
				"pivot": [1.82382, 16.72623, -3.22873],
				"cubes": [
					{"origin": [-0.76092, 16.2782, 3.0397], "size": [3.14414, 1.47247, 0.51952], "uv": [52, 50], "mirror": true}
				]
			},
			{
				"name": "skirt32",
				"parent": "skirt",
				"pivot": [-0.24024, 0, 0.4004]
			},
			{
				"name": "skirt33",
				"parent": "skirt32",
				"pivot": [-1.93594, 16.72623, -3.22873],
				"rotation": [155, 5, 25]
			},
			{
				"name": "skirt34",
				"parent": "skirt32",
				"pivot": [-1.93594, 16.72623, -3.22873],
				"rotation": [155, 5, 25],
				"cubes": [
					{"origin": [-4.65515, 16.28067, -3.30696], "size": [4, 2.001, 0.51952], "uv": [52, 50]}
				]
			},
			{
				"name": "skirt35",
				"parent": "skirt32",
				"pivot": [-1.93594, 16.72623, -3.22873],
				"rotation": [0, 90, 20],
				"cubes": [
					{"origin": [-4.30246, 16.10842, -5.99159], "size": [2.37538, 1.47247, 0.51952], "uv": [52, 50]},
					{"origin": [-6.67784, 16.34944, -5.32938], "size": [2.37538, 1.47247, 0.51952], "uv": [52, 50]},
					{"origin": [-8.57273, 16.10842, -5.99159], "size": [1.89489, 1.47247, 0.51952], "uv": [52, 50]}
				]
			},
			{
				"name": "skirt36",
				"parent": "skirt32",
				"pivot": [-1.93594, 16.72623, -3.22873],
				"rotation": [0, 0, 20],
				"cubes": [
					{"origin": [-4.6988, 16.10842, 3.0397], "size": [2.37538, 1.47247, 0.51952], "uv": [52, 50]}
				]
			},
			{
				"name": "skirt37",
				"parent": "skirt32",
				"pivot": [-1.93594, 16.72623, -3.22873],
				"cubes": [
					{"origin": [-1.11796, 16.2782, 3.0397], "size": [3.14414, 1.47247, 0.51952], "uv": [52, 50]},
					{"origin": [-2.63948, 16.2782, 3.0397], "size": [3.14414, 1.47247, 0.51952], "uv": [52, 50]}
				]
			},
			{
				"name": "legLeft",
				"pivot": [2, 9, 0],
				"cubes": [
					{"origin": [0.33984, 0, -1.37188], "size": [3, 9.43243, 3], "uv": [12, 52]}
				]
			},
			{
				"name": "legRight",
				"pivot": [-2, 9, 0],
				"cubes": [
					{"origin": [-3.37187, 0, -1.37188], "size": [3, 9.43243, 3], "uv": [0, 52]}
				]
			}
		]
	}
}