{
	"format_version": "1.10.0",
	"geometry.model": {
		"texturewidth": 64,
		"textureheight": 64,
		"visible_bounds_width": 2,
		"visible_bounds_height": 2,
		"visible_bounds_offset": [0, 1, 0],
		"bones": [
			{
				"name": "head",
				"pivot": [-0.064, 18, 0],
				"cubes": [
					{"origin": [-4.064, 18, -4], "size": [8, 8, 8], "uv": [0, 0]}
				]
			},
			{
				"name": "blink",
				"parent": "head",
				"pivot": [-0.064, 0, 0],
				"cubes": [
					{"origin": [-4.064, 18, -4.001], "size": [8, 8, 0], "uv": [32, 8]}
				]
			},
			{
				"name": "headleave9",
				"parent": "head",
				"pivot": [-0.064, 15.85385, 1.34535],
				"rotation": [15, 0, 0]
			},
			{
				"name": "headleave18",
				"parent": "headleave9",
				"pivot": [-0.064, 15.85385, 1.34535],
				"rotation": [0, 0, -25],
				"cubes": [
					{"origin": [-0.30829, 16.79479, 5.34535], "size": [1, 8, 1], "uv": [3, 45]}
				]
			},
			{
				"name": "headleave24",
				"parent": "headleave9",
				"pivot": [-0.064, 15.85385, 1.34535],
				"rotation": [0, 0, -20],
				"cubes": [
					{"origin": [-0.30829, 16.79479, 5.34535], "size": [1, 8, 1], "uv": [3, 45]}
				]
			},
			{
				"name": "headleave26",
				"parent": "headleave9",
				"pivot": [-0.064, 15.85385, 1.34535],
				"rotation": [0, 0, -15],
				"cubes": [
					{"origin": [-0.30829, 16.79479, 5.34535], "size": [1, 8, 1], "uv": [3, 45]}
				]
			},
			{
				"name": "headleave28",
				"parent": "headleave9",
				"pivot": [-0.064, 15.85385, 1.34535],
				"rotation": [0, 0, -10],
				"cubes": [
					{"origin": [-0.30829, 16.79479, 5.34535], "size": [1, 8, 1], "uv": [3, 45]}
				]
			},
			{
				"name": "headleave30",
				"parent": "headleave9",
				"pivot": [-0.064, 15.85385, 1.34535],
				"rotation": [0, 0, -5],
				"cubes": [
					{"origin": [-0.30829, 16.79479, 5.34535], "size": [1, 8, 1], "uv": [3, 45]}
				]
			},
			{
				"name": "headleave20",
				"parent": "headleave9",
				"pivot": [-0.064, 15.85385, 1.34535],
				"rotation": [0, 0, 25],
				"cubes": [
					{"origin": [-0.81971, 16.79479, 5.34535], "size": [1, 8, 1], "uv": [3, 55]}
				]
			},
			{
				"name": "headleave53",
				"parent": "headleave9",
				"pivot": [-0.064, 15.85385, 1.34535],
				"rotation": [0, 0, 25],
				"cubes": [
					{"origin": [-0.81971, 16.79479, 5.34535], "size": [1, 8, 1], "uv": [3, 55]}
				]
			},
			{
				"name": "headleave31",
				"parent": "headleave9",
				"pivot": [-0.064, 15.85385, 1.34535],
				"cubes": [
					{"origin": [-0.81971, 16.79479, 5.34535], "size": [1, 8, 1], "uv": [3, 55]}
				]
			},
			{
				"name": "headleave21",
				"parent": "headleave9",
				"pivot": [-0.064, 15.85385, 1.34535],
				"rotation": [0, 0, 20],
				"cubes": [
					{"origin": [-0.81971, 16.79479, 5.34535], "size": [1, 8, 1], "uv": [3, 55]}
				]
			},
			{
				"name": "headleave25",
				"parent": "headleave9",
				"pivot": [-0.064, 15.85385, 1.34535],
				"rotation": [0, 0, 15],
				"cubes": [
					{"origin": [-0.81971, 16.79479, 5.34535], "size": [1, 8, 1], "uv": [3, 55]}
				]
			},
			{
				"name": "headleave27",
				"parent": "headleave9",
				"pivot": [-0.064, 15.85385, 1.34535],
				"rotation": [0, 0, 10],
				"cubes": [
					{"origin": [-0.81971, 16.79479, 5.34535], "size": [1, 8, 1], "uv": [3, 55]}
				]
			},
			{
				"name": "headleave29",
				"parent": "headleave9",
				"pivot": [-0.064, 15.85385, 1.34535],
				"rotation": [0, 0, 5],
				"cubes": [
					{"origin": [-0.81971, 16.79479, 5.34535], "size": [1, 8, 1], "uv": [3, 55]}
				]
			},
			{
				"name": "headleave44",
				"parent": "head",
				"pivot": [0.70477, 15.85385, 1.34535],
				"rotation": [0, 0, -30]
			},
			{
				"name": "headleave46",
				"parent": "headleave44",
				"pivot": [0.70477, 15.85385, 1.34535],
				"rotation": [0, 0, -15],
				"cubes": [
					{"origin": [1.84502, 15.01696, 4.9561], "size": [0.31131, 3, 1], "uv": [9, 21]}
				]
			},
			{
				"name": "headleave48",
				"parent": "headleave44",
				"pivot": [0.70477, 15.85385, 1.34535],
				"rotation": [0, 0, -5],
				"cubes": [
					{"origin": [1.76951, 14.83017, 4.9561], "size": [0.42342, 3, 1], "uv": [9, 21]}
				]
			},
			{
				"name": "headleave47",
				"parent": "headleave44",
				"pivot": [0.70477, 15.85385, 1.34535],
				"rotation": [0, 0, -25],
				"cubes": [
					{"origin": [1.70769, 14.796, 5.37252], "size": [0.43944, 3, 0.58358], "uv": [9, 21]}
				]
			},
			{
				"name": "headleave54",
				"parent": "headleave44",
				"pivot": [0.70477, 15.85385, 1.34535],
				"rotation": [10, 0, -25],
				"cubes": [
					{"origin": [1.83581, 13.96584, 5.22331], "size": [0.53554, 3, 1], "uv": [9, 21]}
				]
			},
			{
				"name": "headleave56",
				"parent": "headleave44",
				"pivot": [0.70477, 15.85385, 1.34535],
				"rotation": [-10, 0, -25],
				"cubes": [
					{"origin": [1.80378, 15.56714, 5.52578], "size": [0.34334, 3, 0.02302], "uv": [9, 21]}
				]
			},
			{
				"name": "headleave55",
				"parent": "headleave44",
				"pivot": [0.70477, 15.85385, 1.34535],
				"rotation": [-10, 0, -25],
				"cubes": [
					{"origin": [1.62761, 12.74807, 5.99128], "size": [0.51952, 3, 0.58358], "uv": [9, 21]}
				]
			},
			{
				"name": "headleave57",
				"parent": "headleave44",
				"pivot": [0.70477, 15.85385, 1.34535],
				"rotation": [10, 0, -25],
				"cubes": [
					{"origin": [0.69868, 10.46376, 5.25755], "size": [1, 4.26527, 0.78478], "uv": [9, 21]}
				]
			},
			{
				"name": "headleave68",
				"parent": "headleave44",
				"pivot": [0.70477, 15.85385, 1.34535],
				"rotation": [10, 0, 0],
				"cubes": [
					{"origin": [0.53852, 14.85215, 5.25755], "size": [1, 4.26527, 0.78478], "uv": [9, 21]}
				]
			},
			{
				"name": "headleave49",
				"parent": "headleave44",
				"pivot": [0.70477, 15.85385, 1.34535],
				"rotation": [0, 0, -15],
				"cubes": [
					{"origin": [2.05582, 12.29803, 5.38854], "size": [1, 3, 0.56757], "uv": [9, 21]}
				]
			},
			{
				"name": "headleave58",
				"parent": "headleave44",
				"pivot": [0.70477, 15.85385, 1.34535],
				"rotation": [0, 0, -50],
				"cubes": [
					{"origin": [2.58435, 12.1699, 5.13228], "size": [0.43944, 4.72973, 0.43944], "uv": [45, 26]}
				]
			},
			{
				"name": "headleave62",
				"parent": "headleave44",
				"pivot": [0.70477, 15.85385, 1.34535],
				"rotation": [10, 0, -20],
				"cubes": [
					{"origin": [2.01561, 9.34127, 5.98498], "size": [0.2953, 7.49349, 0.26326], "uv": [46, 27]}
				]
			},
			{
				"name": "headleave63",
				"parent": "headleave44",
				"pivot": [0.70477, 15.85385, 1.34535],
				"rotation": [10, 0, -15],
				"cubes": [
					{"origin": [1.66326, 10.06199, 6.11311], "size": [0.2953, 6.5005, 0.26326], "uv": [57, 27]}
				]
			},
			{
				"name": "headleave66",
				"parent": "headleave44",
				"pivot": [0.70477, 15.85385, 1.34535],
				"rotation": [10, 0, -10],
				"cubes": [
					{"origin": [1.26286, 10.33427, 6.11311], "size": [0.2953, 6.5005, 0.26326], "uv": [47, 26]}
				]
			},
			{
				"name": "headleave64",
				"parent": "headleave44",
				"pivot": [0.70477, 15.85385, 1.34535],
				"rotation": [10, 15, -25],
				"cubes": [
					{"origin": [0.76229, 9.95331, 5.96578], "size": [0.2953, 6.5005, 0.26326], "uv": [57, 27]}
				]
			},
			{
				"name": "headleave65",
				"parent": "headleave44",
				"pivot": [0.70477, 15.85385, 1.34535],
				"rotation": [10, 15, -25],
				"cubes": [
					{"origin": [1.14667, 10.1455, 5.96578], "size": [0.2953, 6.5005, 0.26326], "uv": [48, 26]}
				]
			},
			{
				"name": "headleave59",
				"parent": "headleave44",
				"pivot": [0.70477, 15.85385, 1.34535],
				"rotation": [0, 0, -45],
				"cubes": [
					{"origin": [2.42419, 11.41715, 5.18033], "size": [0.43944, 5.43443, 0.42342], "uv": [56, 26]}
				]
			},
			{
				"name": "headleave61",
				"parent": "headleave44",
				"pivot": [0.70477, 15.85385, 1.34535],
				"rotation": [0, -5, -30],
				"cubes": [
					{"origin": [2.19996, 9.28702, 5.00415], "size": [0.43944, 7.22823, 0.47147], "uv": [56, 26]}
				]
			},
			{
				"name": "headleave60",
				"parent": "headleave44",
				"pivot": [0.70477, 15.85385, 1.34535],
				"rotation": [0, 0, -35],
				"cubes": [
					{"origin": [2.19996, 10.40814, 5.10025], "size": [0.43944, 6.71572, 0.39139], "uv": [46, 26]}
				]
			},
			{
				"name": "headleave67",
				"parent": "headleave44",
				"pivot": [0.70477, 15.85385, 1.34535],
				"cubes": [
					{"origin": [0.99876, 11.28902, 5.70886], "size": [0.43944, 6.71572, 0.39139], "uv": [46, 26]}
				]
			},
			{
				"name": "headleave69",
				"parent": "headleave44",
				"pivot": [0.70477, 15.85385, 1.34535],
				"rotation": [0, 0, 10],
				"cubes": [
					{"origin": [0.69446, 11.89763, 5.59675], "size": [0.43944, 5.85085, 0.39139], "uv": [58, 26]}
				]
			},
			{
				"name": "headleave51",
				"parent": "headleave44",
				"pivot": [0.70477, 15.85385, 1.34535],
				"rotation": [0, 0, -30],
				"cubes": [
					{"origin": [1.05324, 10.80051, 5.40455], "size": [1, 3, 0.55155], "uv": [9, 21]}
				]
			},
			{
				"name": "headleave52",
				"parent": "headleave44",
				"pivot": [0.70477, 15.85385, 1.34535],
				"rotation": [0, 0, -40],
				"cubes": [
					{"origin": [1.43551, 12.15788, 5.10025], "size": [0.1992, 3, 0.85586], "uv": [9, 21]}
				]
			},
			{
				"name": "headleave50",
				"parent": "headleave44",
				"pivot": [0.70477, 15.85385, 1.34535],
				"rotation": [0, 0, -40],
				"cubes": [
					{"origin": [1.7608, 11.58574, 5.18033], "size": [0.83984, 5.14615, 0.1992], "uv": [9, 21]}
				]
			},
			{
				"name": "headleave2",
				"parent": "head",
				"pivot": [0.23478, 25.6003, 0]
			},
			{
				"name": "headleave5",
				"parent": "headleave2",
				"pivot": [-5.18478, 16.8503, -2.5]
			},
			{
				"name": "headleave8",
				"parent": "headleave5",
				"pivot": [-5.18478, 16.8503, -2.5],
				"rotation": [0, 0, 5],
				"cubes": [
					{"origin": [-4.63602, 17.39119, -3.83984], "size": [1.57658, 5.34534, 1], "uv": [12, 48], "mirror": true}
				]
			},
			{
				"name": "headleave12",
				"parent": "headleave5",
				"pivot": [2.91522, 17.6503, -3.5],
				"rotation": [0, 0, 5],
				"cubes": [
					{"origin": [-4.51019, 15.18044, -4.11212], "size": [0.61562, 2.79179, 1], "uv": [45, 27], "mirror": true}
				]
			},
			{
				"name": "headleave13",
				"parent": "headleave5",
				"pivot": [2.91522, 17.6503, -3.5],
				"cubes": [
					{"origin": [-3.94614, 14.96872, -4.14415], "size": [0.61562, 2.79179, 1], "uv": [45, 27], "mirror": true}
				]
			},
			{
				"name": "headleave14",
				"parent": "headleave5",
				"pivot": [2.41522, 15.5503, -3.5],
				"rotation": [0, 0, -22],
				"cubes": [
					{"origin": [-2.67035, 16.21555, -3.95195], "size": [0.72773, 3, 1], "uv": [45, 27], "mirror": true}
				]
			},
			{
				"name": "headleave15",
				"parent": "headleave5",
				"pivot": [2.41522, 15.5503, -3.5],
				"rotation": [0, 0, -22],
				"cubes": [
					{"origin": [-2.57426, 17.67301, -4.12813], "size": [0.72773, 3, 1], "uv": [45, 27], "mirror": true}
				]
			},
			{
				"name": "headleave40",
				"parent": "headleave5",
				"pivot": [-5.18478, 16.8503, -2.5],
				"rotation": [-10, 0, -10],
				"cubes": [
					{"origin": [-3.80854, 17.49459, -3.47577], "size": [1.57658, 5.15315, 1], "uv": [4, 46], "mirror": true}
				]
			},
			{
				"name": "headleave41",
				"parent": "headleave5",
				"pivot": [-5.18478, 16.8503, -2.5],
				"rotation": [-20, 0, -10],
				"cubes": [
					{"origin": [-3.80854, 19.80489, -3.11244], "size": [1.57658, 2.87888, 1], "uv": [4, 46], "mirror": true}
				]
			},
			{
				"name": "headleave19",
				"parent": "head",
				"pivot": [-0.23478, 25.6003, 0]
			},
			{
				"name": "headleave32",
				"parent": "headleave19",
				"pivot": [5.18478, 16.8503, -2.5]
			},
			{
				"name": "headleave33",
				"parent": "headleave32",
				"pivot": [5.18478, 16.8503, -2.5],
				"rotation": [0, 0, -5],
				"cubes": [
					{"origin": [3.04342, 17.39119, -3.83984], "size": [1.57658, 5.34534, 1], "uv": [20, 9]}
				]
			},
			{
				"name": "headleave36",
				"parent": "headleave32",
				"pivot": [-2.91522, 17.6503, -3.5],
				"rotation": [0, 0, -5],
				"cubes": [
					{"origin": [3.89457, 15.18044, -4.01602], "size": [0.61562, 2.79179, 1], "uv": [56, 27]}
				]
			},
			{
				"name": "headleave37",
				"parent": "headleave32",
				"pivot": [-2.91522, 17.6503, -3.5],
				"cubes": [
					{"origin": [3.33052, 14.96872, -4.04805], "size": [0.61562, 2.79179, 1], "uv": [56, 27]}
				]
			},
			{
				"name": "headleave38",
				"parent": "headleave32",
				"pivot": [-2.41522, 15.5503, -3.5],
				"rotation": [0, 0, 22],
				"cubes": [
					{"origin": [1.94262, 16.21555, -4.03203], "size": [0.72773, 3, 1], "uv": [56, 27]}
				]
			},
			{
				"name": "headleave39",
				"parent": "headleave32",
				"pivot": [-2.41522, 15.5503, -3.5],
				"rotation": [0, 0, 22],
				"cubes": [
					{"origin": [1.84653, 17.67301, -4.03203], "size": [0.72773, 3, 1], "uv": [56, 27]}
				]
			},
			{
				"name": "headleave42",
				"parent": "headleave32",
				"pivot": [5.18478, 16.8503, -2.5],
				"rotation": [-10, 0, 10],
				"cubes": [
					{"origin": [2.23196, 17.49459, -3.47577], "size": [1.57658, 5.15315, 1], "uv": [4, 56]}
				]
			},
			{
				"name": "headleave43",
				"parent": "headleave32",
				"pivot": [5.18478, 16.8503, -2.5],
				"rotation": [-20, 0, 10],
				"cubes": [
					{"origin": [2.23196, 19.80489, -3.11244], "size": [1.57658, 2.87888, 1], "uv": [4, 57]}
				]
			},
			{
				"name": "headleave45",
				"parent": "headleave19",
				"pivot": [2.41522, 15.5503, -3.5]
			},
			{
				"name": "head2",
				"parent": "head",
				"pivot": [0.52307, 26.0968, 0]
			},
			{
				"name": "headleave17",
				"parent": "head2",
				"pivot": [-5.94649, 25.0968, -0.5],
				"rotation": [0, 0, 25],
				"cubes": [
					{"origin": [-4.1879, 24.17392, -3.88989], "size": [1.82382, 1.97297, 4], "uv": [0, 45], "mirror": true}
				]
			},
			{
				"name": "headleave34",
				"parent": "head2",
				"pivot": [-5.94649, 25.0968, -0.5],
				"rotation": [0, 0, 35],
				"cubes": [
					{"origin": [-4.27331, 24.22132, -3.88989], "size": [2.36836, 2.3023, 4], "uv": [1, 46], "mirror": true}
				]
			},
			{
				"name": "headleave3",
				"parent": "head2",
				"pivot": [-5.94649, 25.0968, -0.5],
				"rotation": [0, 0, 50],
				"cubes": [
					{"origin": [-4.0772, 24.26296, -3.88989], "size": [2.36836, 3.3023, 4], "uv": [1, 46], "mirror": true}
				]
			},
			{
				"name": "headleave22",
				"parent": "head2",
				"pivot": [6.52307, 25.0968, -0.5],
				"rotation": [-45, 0, -35]
			},
			{
				"name": "headleave35",
				"parent": "head2",
				"pivot": [-5.94649, 25.0968, -0.5],
				"rotation": [-45, 0, 57],
				"cubes": [
					{"origin": [-3.90228, 22.37063, -2.56786], "size": [1.51952, 2.85385, 2.91091], "uv": [4, 48], "mirror": true}
				]
			},
			{
				"name": "headleave4",
				"parent": "head2",
				"pivot": [-5.94649, 25.0968, -0.5],
				"rotation": [-45, 0, 77],
				"cubes": [
					{"origin": [-3.27564, 23.64515, -3.84238], "size": [1.51952, 2.85385, 2.91091], "uv": [4, 48], "mirror": true}
				]
			},
			{
				"name": "head3",
				"parent": "head",
				"pivot": [-0.82737, 26.14484, 0]
			},
			{
				"name": "headleave6",
				"parent": "head3",
				"pivot": [5.64219, 25.14484, -0.5],
				"rotation": [0, 0, -25],
				"cubes": [
					{"origin": [2.05978, 24.22196, -3.88989], "size": [1.82382, 1.44444, 4], "uv": [0, 45]}
				]
			},
			{
				"name": "headleave7",
				"parent": "head3",
				"pivot": [5.64219, 25.14484, -0.5],
				"rotation": [0, 0, -35],
				"cubes": [
					{"origin": [1.60064, 24.26936, -3.88989], "size": [2.36836, 2.16516, 4], "uv": [1, 57]}
				]
			},
			{
				"name": "headleave10",
				"parent": "head3",
				"pivot": [5.64219, 25.14484, -0.5],
				"rotation": [0, 0, -50],
				"cubes": [
					{"origin": [1.40453, 24.311, -3.88989], "size": [2.36836, 3.3023, 4], "uv": [1, 56]}
				]
			},
			{
				"name": "headleave11",
				"parent": "head3",
				"pivot": [-6.82737, 25.14484, -0.5],
				"rotation": [-45, 0, 35]
			},
			{
				"name": "headleave16",
				"parent": "head3",
				"pivot": [5.64219, 25.14484, -0.5],
				"rotation": [-45, 0, -57],
				"cubes": [
					{"origin": [2.07847, 22.41867, -2.56786], "size": [1.51952, 2.85385, 2.91091], "uv": [1, 59]}
				]
			},
			{
				"name": "headleave23",
				"parent": "head3",
				"pivot": [5.64219, 25.14484, -0.5],
				"rotation": [-45, 0, -77],
				"cubes": [
					{"origin": [1.45183, 23.69319, -3.84238], "size": [1.51952, 2.85385, 2.91091], "uv": [1, 58]}
				]
			},
			{
				"name": "ahoge",
				"parent": "head",
				"pivot": [-0.064, 18, 0]
			},
			{
				"name": "ahoge2",
				"parent": "ahoge",
				"pivot": [0.02159, 25.86637, 0],
				"rotation": [0, 0, -30],
				"cubes": [
					{"origin": [-1.38232, 25.71171, 0], "size": [3, 3, 0], "uv": [51, 46]}
				]
			},
			{
				"name": "helmet",
				"parent": "head",
				"pivot": [-0.064, 18, 0]
			},
			{
				"name": "helmet2",
				"parent": "helmet",
				"pivot": [-0.37892, 25.6003, 0],
				"cubes": [
					{"origin": [-4.3589, 23.78773, -3], "size": [1, 5, 1], "uv": [43, 52], "mirror": true}
				]
			},
			{
				"name": "helmet5",
				"parent": "helmet2",
				"pivot": [-0.37892, 25.6003, 0],
				"rotation": [0, 0, -40],
				"cubes": [
					{"origin": [-1.37892, 25.6003, -3], "size": [1, 5, 1], "uv": [43, 52], "mirror": true},
					{"origin": [-2.37191, 25.6003, -2.82382], "size": [1, 3.54254, 0.82382], "uv": [16, 20], "mirror": true},
					{"origin": [-2.37191, 25.6003, -2.56757], "size": [1, 3.54254, 0.61562], "uv": [43, 52], "mirror": true}
				]
			},
			{
				"name": "helmet3",
				"parent": "helmet",
				"pivot": [0.09064, 25.6003, 0],
				"cubes": [
					{"origin": [3.07062, 23.78773, -3], "size": [1, 5, 1], "uv": [43, 52]}
				]
			},
			{
				"name": "helmet4",
				"parent": "helmet3",
				"pivot": [0.09064, 25.6003, 0],
				"rotation": [0, 0, 40],
				"cubes": [
					{"origin": [0.09064, 25.6003, -3], "size": [1, 5, 1], "uv": [43, 52]},
					{"origin": [1.08363, 25.6003, -2.82382], "size": [1, 3.54254, 0.82382], "uv": [9, 22]},
					{"origin": [1.08363, 25.6003, -2.56757], "size": [1, 3.54254, 0.61562], "uv": [43, 52]}
				]
			},
			{
				"name": "headleave",
				"parent": "head",
				"pivot": [-0.064, 17.48749, -0.52853],
				"rotation": [0, -5, -90],
				"cubes": [
					{"origin": [6.75182, 14.32232, -4.94895], "size": [1, 6.36637, 1], "uv": [11, 18]}
				]
			},
			{
				"name": "headleave70",
				"parent": "headleave",
				"pivot": [-0.064, 17.48749, -0.52853]
			},
			{
				"name": "headleave71",
				"parent": "headleave70",
				"pivot": [-0.064, 17.48749, -0.52853],
				"rotation": [0, 0, -75],
				"cubes": [
					{"origin": [4.051, 10.76652, -4.94895], "size": [1, 2.78979, 1], "uv": [11, 18]}
				]
			},
			{
				"name": "headleave72",
				"parent": "headleave70",
				"pivot": [-0.064, 17.48749, -0.52853],
				"rotation": [0, 0, -100],
				"cubes": [
					{"origin": [2.45493, 11.76294, -4.94895], "size": [0.45546, 1.89289, 1], "uv": [11, 18]}
				]
			},
			{
				"name": "headleave73",
				"parent": "headleave70",
				"pivot": [-0.064, 17.48749, -0.52853],
				"rotation": [0, 0, -50],
				"cubes": [
					{"origin": [4.49035, 15.06126, -4.94895], "size": [0.58358, 1.89289, 1], "uv": [11, 18]}
				]
			},
			{
				"name": "headleave74",
				"parent": "headleave70",
				"pivot": [-0.064, 17.48749, -0.52853],
				"rotation": [0, 0, -60],
				"cubes": [
					{"origin": [3.99985, 13.05501, -4.94895], "size": [1.41642, 1.25225, 1], "uv": [11, 18]}
				]
			},
			{
				"name": "headleave76",
				"parent": "headleave70",
				"pivot": [-0.064, 17.48749, -0.52853],
				"rotation": [0, 0, -60],
				"cubes": [
					{"origin": [4.35221, 14.06402, -4.94895], "size": [1.16016, 1.25225, 1], "uv": [11, 18]}
				]
			},
			{
				"name": "headleave75",
				"parent": "headleave70",
				"pivot": [-0.064, 17.48749, -0.52853],
				"rotation": [0, 0, -75],
				"cubes": [
					{"origin": [2.71417, 10.90199, -4.94895], "size": [1.27227, 1.25225, 1], "uv": [11, 18]}
				]
			},
			{
				"name": "headleave78",
				"parent": "headleave70",
				"pivot": [-0.064, 17.48749, -0.52853],
				"cubes": [
					{"origin": [5.00446, 18.15725, -4.64464], "size": [1.27227, 1.25225, 1], "uv": [11, 18]}
				]
			},
			{
				"name": "headleave77",
				"parent": "headleave70",
				"pivot": [-0.064, 17.48749, -0.52853],
				"rotation": [0, 0, -110],
				"cubes": [
					{"origin": [-3.14809, 12.20226, -4.94895], "size": [1.75275, 1.15616, 1], "uv": [11, 18]}
				]
			},
			{
				"name": "headleave86",
				"parent": "headleave70",
				"pivot": [-0.064, 17.48749, -0.52853],
				"rotation": [0, 0, -110],
				"cubes": [
					{"origin": [-2.79574, 10.15221, -4.94895], "size": [1.57658, 2.46947, 1], "uv": [11, 18]}
				]
			},
			{
				"name": "headleave79",
				"parent": "headleave70",
				"pivot": [-0.064, 17.48749, -0.52853],
				"rotation": [0, 0, -140],
				"cubes": [
					{"origin": [-3.61014, 13.75506, -4.94895], "size": [0, 2.46947, 1], "uv": [11, 18]}
				]
			},
			{
				"name": "headleave93",
				"parent": "headleave70",
				"pivot": [-0.064, 17.48749, -0.52853],
				"rotation": [0, 0, -140],
				"cubes": [
					{"origin": [-3.33787, 14.21953, -5.04505], "size": [0.07107, 2.11712, 1], "uv": [44, 28]}
				]
			},
			{
				"name": "headleave94",
				"parent": "headleave70",
				"pivot": [-0.064, 17.48749, -0.52853],
				"rotation": [0, 0, -120],
				"cubes": [
					{"origin": [-2.10322, 11.29427, -5.04505], "size": [0.13514, 2.03704, 1], "uv": [46, 28]}
				]
			},
			{
				"name": "headleave95",
				"parent": "headleave70",
				"pivot": [-0.064, 17.48749, -0.52853],
				"rotation": [0, 0, -130],
				"cubes": [
					{"origin": [-3.1768, 11.77584, -5.04505], "size": [0.11912, 2.00501, 1], "uv": [44, 28]}
				]
			},
			{
				"name": "headleave92",
				"parent": "headleave70",
				"pivot": [-0.064, 17.48749, -0.52853],
				"rotation": [0, 0, -130],
				"cubes": [
					{"origin": [-3.16078, 13.63895, -5.04505], "size": [0.1031, 2.11712, 1], "uv": [45, 28]}
				]
			},
			{
				"name": "headleave96",
				"parent": "headleave70",
				"pivot": [-0.064, 17.48749, -0.52853],
				"rotation": [0, 0, -130],
				"cubes": [
					{"origin": [-3.12875, 12.98229, -5.04505], "size": [0.31131, 1.66867, 1], "uv": [45, 28]}
				]
			},
			{
				"name": "headleave123",
				"parent": "headleave70",
				"pivot": [-0.064, 17.48749, -0.52853],
				"rotation": [0, 0, -130],
				"cubes": [
					{"origin": [-3.12875, 12.75807, -5.04505], "size": [0.21522, 0.67568, 1], "uv": [45, 28]}
				]
			},
			{
				"name": "headleave124",
				"parent": "headleave70",
				"pivot": [-0.064, 17.48749, -0.52853],
				"rotation": [0, 0, -130],
				"cubes": [
					{"origin": [-3.12875, 12.34165, -5.04505], "size": [0.21522, 1.09209, 1], "uv": [45, 28]}
				]
			},
			{
				"name": "headleave116",
				"parent": "headleave70",
				"pivot": [-0.064, 17.48749, -0.52853],
				"rotation": [0, 0, -130],
				"cubes": [
					{"origin": [-3.12875, 13.54285, -5.04505], "size": [0.42342, 0.35536, 1], "uv": [45, 28]}
				]
			},
			{
				"name": "headleave121",
				"parent": "headleave70",
				"pivot": [-0.064, 17.48749, -0.52853],
				"rotation": [0, 0, -130],
				"cubes": [
					{"origin": [-3.12875, 13.54285, -5.04505], "size": [0.42342, 0.35536, 1], "uv": [45, 28]}
				]
			},
			{
				"name": "headleave119",
				"parent": "headleave70",
				"pivot": [-0.064, 17.48749, -0.52853],
				"rotation": [0, 0, -130],
				"cubes": [
					{"origin": [-3.12875, 14.53585, -5.04505], "size": [0.15115, 0.94795, 1], "uv": [45, 28]}
				]
			},
			{
				"name": "headleave120",
				"parent": "headleave70",
				"pivot": [-0.064, 17.48749, -0.52853],
				"rotation": [0, 0, -130],
				"cubes": [
					{"origin": [-3.12875, 14.53585, -5.04505], "size": [0.26326, 0.27528, 1], "uv": [45, 28]}
				]
			},
			{
				"name": "headleave122",
				"parent": "headleave70",
				"pivot": [-0.064, 17.48749, -0.52853],
				"rotation": [0, 0, -130],
				"cubes": [
					{"origin": [-3.00062, 14.53585, -5.04505], "size": [0.07107, 0.5956, 1], "uv": [45, 28]}
				]
			},
			{
				"name": "headleave118",
				"parent": "headleave70",
				"pivot": [-0.064, 17.48749, -0.52853],
				"rotation": [0, 0, -130],
				"cubes": [
					{"origin": [-2.87249, 13.79911, -5.04505], "size": [0.08709, 0.62763, 1], "uv": [45, 28]}
				]
			},
			{
				"name": "headleave117",
				"parent": "headleave70",
				"pivot": [-0.064, 17.48749, -0.52853],
				"rotation": [0, 0, -130],
				"cubes": [
					{"origin": [-2.93656, 13.86317, -5.04505], "size": [0.1992, 0.30731, 1], "uv": [45, 28]}
				]
			},
			{
				"name": "headleave81",
				"parent": "headleave70",
				"pivot": [-0.064, 17.48749, -0.52853],
				"rotation": [0, 0, -145],
				"cubes": [
					{"origin": [-4.33086, 15.18049, -4.94895], "size": [0.07107, 2.46947, 1], "uv": [11, 18]}
				]
			},
			{
				"name": "headleave97",
				"parent": "headleave70",
				"pivot": [-0.064, 17.48749, -0.52853],
				"rotation": [0, 0, -145],
				"cubes": [
					{"origin": [-4.33086, 15.43674, -5.04505], "size": [0.27928, 2.34134, 1], "uv": [56, 30]}
				]
			},
			{
				"name": "headleave100",
				"parent": "headleave70",
				"pivot": [-0.064, 17.48749, -0.52853],
				"rotation": [0, 0, -140],
				"cubes": [
					{"origin": [-4.34101, 15.0881, -5.04505], "size": [0.27928, 2.34134, 1], "uv": [56, 30]}
				]
			},
			{
				"name": "headleave98",
				"parent": "headleave70",
				"pivot": [-0.064, 17.48749, -0.52853],
				"rotation": [0, 0, -130],
				"cubes": [
					{"origin": [-3.53609, 12.58167, -5.04505], "size": [0.15115, 1.89289, 1], "uv": [56, 30]}
				]
			},
			{
				"name": "headleave99",
				"parent": "headleave70",
				"pivot": [-0.064, 17.48749, -0.52853],
				"rotation": [0, 0, -140],
				"cubes": [
					{"origin": [-4.33328, 13.28137, -5.04505], "size": [0.15115, 1.89289, 1], "uv": [56, 30]}
				]
			},
			{
				"name": "headleave101",
				"parent": "headleave70",
				"pivot": [-0.064, 17.48749, -0.52853],
				"rotation": [0, 0, -140],
				"cubes": [
					{"origin": [-4.28523, 14.6107, -5.04505], "size": [0.31131, 0.56356, 1], "uv": [56, 30]}
				]
			},
			{
				"name": "headleave102",
				"parent": "headleave70",
				"pivot": [-0.064, 17.48749, -0.52853],
				"rotation": [0, 0, -140],
				"cubes": [
					{"origin": [-4.28523, 14.17826, -5.04505], "size": [0.21522, 0.996, 1], "uv": [56, 30]}
				]
			},
			{
				"name": "headleave83",
				"parent": "headleave70",
				"pivot": [-0.064, 17.48749, -0.52853],
				"rotation": [0, 0, -150],
				"cubes": [
					{"origin": [-4.81134, 17.03835, -4.94895], "size": [0.27928, 2.46947, 1], "uv": [11, 18]}
				]
			},
			{
				"name": "headleave84",
				"parent": "headleave70",
				"pivot": [-0.064, 17.48749, -0.52853],
				"rotation": [0, 0, -120],
				"cubes": [
					{"origin": [-5.18548, 14.53815, -4.94895], "size": [0.27928, 2.32533, 1], "uv": [11, 18]}
				]
			},
			{
				"name": "headleave88",
				"parent": "headleave70",
				"pivot": [-0.064, 17.48749, -0.52853],
				"rotation": [0, 0, -100],
				"cubes": [
					{"origin": [-4.53828, 10.34004, -4.94895], "size": [0.93594, 3.95896, 1], "uv": [11, 18]}
				]
			},
			{
				"name": "headleave85",
				"parent": "headleave70",
				"pivot": [-0.064, 17.48749, -0.52853],
				"rotation": [0, 0, -100],
				"cubes": [
					{"origin": [-3.70223, 10.42173, -4.94895], "size": [2.61762, 3.23824, 1], "uv": [11, 18]}
				]
			},
			{
				"name": "headleave89",
				"parent": "headleave70",
				"pivot": [-0.064, 17.48749, -0.52853],
				"rotation": [0, 0, -100],
				"cubes": [
					{"origin": [-3.9745, 12.58389, -4.94895], "size": [1.28829, 1.57257, 1], "uv": [11, 18]}
				]
			},
			{
				"name": "headleave90",
				"parent": "headleave70",
				"pivot": [-0.064, 17.48749, -0.52853],
				"rotation": [0, 0, -100],
				"cubes": [
					{"origin": [-4.11865, 13.91322, -4.94895], "size": [0.6957, 0.56356, 1], "uv": [11, 18]}
				]
			},
			{
				"name": "headleave91",
				"parent": "headleave70",
				"pivot": [-0.064, 17.48749, -0.52853],
				"rotation": [0, 0, -100],
				"cubes": [
					{"origin": [-4.19873, 14.04135, -4.94895], "size": [0.39139, 0.73974, 1], "uv": [11, 18]}
				]
			},
			{
				"name": "headleave82",
				"parent": "headleave70",
				"pivot": [-0.064, 17.48749, -0.52853],
				"rotation": [0, 0, -115],
				"cubes": [
					{"origin": [-3.84044, 13.02529, -4.94895], "size": [0.27928, 2.46947, 1], "uv": [11, 18]}
				]
			},
			{
				"name": "headleave103",
				"parent": "headleave70",
				"pivot": [-0.064, 17.48749, -0.52853],
				"rotation": [0, 0, -135],
				"cubes": [
					{"origin": [-4.38481, 15.06021, -5.07708], "size": [0.34334, 2.02102, 1], "uv": [45, 30]}
				]
			},
			{
				"name": "headleave107",
				"parent": "headleave70",
				"pivot": [-0.064, 17.48749, -0.52853],
				"rotation": [0, 0, -120],
				"cubes": [
					{"origin": [-4.14413, 14.04461, -5.09309], "size": [0.34334, 2.02102, 1], "uv": [57, 29]}
				]
			},
			{
				"name": "headleave110",
				"parent": "headleave70",
				"pivot": [-0.064, 17.48749, -0.52853],
				"rotation": [0, 0, -115],
				"cubes": [
					{"origin": [-3.97265, 13.69442, -5.09309], "size": [0.31131, 2.02102, 1], "uv": [57, 29]}
				]
			},
			{
				"name": "headleave111",
				"parent": "headleave70",
				"pivot": [-0.064, 17.48749, -0.52853],
				"rotation": [0, 0, -135],
				"cubes": [
					{"origin": [-5.17385, 15.74447, -5.06106], "size": [0.1992, 2.02102, 1], "uv": [46, 28]}
				]
			},
			{
				"name": "headleave114",
				"parent": "headleave70",
				"pivot": [-0.064, 17.48749, -0.52853],
				"rotation": [0, 0, -130],
				"cubes": [
					{"origin": [-5.14748, 15.39468, -5.06106], "size": [0.1992, 1.76476, 1], "uv": [46, 28]}
				]
			},
			{
				"name": "headleave115",
				"parent": "headleave70",
				"pivot": [-0.064, 17.48749, -0.52853],
				"rotation": [0, 0, -130],
				"cubes": [
					{"origin": [-5.48381, 15.89118, -5.06106], "size": [0.1992, 1.06006, 1], "uv": [55, 29]}
				]
			},
			{
				"name": "headleave125",
				"parent": "headleave70",
				"pivot": [-0.064, 17.48749, -0.52853],
				"rotation": [0, 0, -115],
				"cubes": [
					{"origin": [-4.89277, 13.67846, -5.06106], "size": [0.1992, 0.91592, 1], "uv": [55, 29]}
				]
			},
			{
				"name": "headleave128",
				"parent": "headleave70",
				"pivot": [-0.064, 17.48749, -0.52853],
				"rotation": [0, 0, -115],
				"cubes": [
					{"origin": [-4.96897, 13.72348, -5.06106], "size": [0.1992, 0.91592, 1], "uv": [55, 29]}
				]
			},
			{
				"name": "headleave126",
				"parent": "headleave70",
				"pivot": [-0.064, 17.48749, -0.52853],
				"rotation": [0, 0, -105],
				"cubes": [
					{"origin": [-4.16101, 12.0165, -5.06106], "size": [0.1992, 0.91592, 1], "uv": [55, 29]}
				]
			},
			{
				"name": "headleave127",
				"parent": "headleave70",
				"pivot": [-0.064, 17.48749, -0.52853],
				"rotation": [0, 0, -110],
				"cubes": [
					{"origin": [-4.62225, 12.39439, -5.06106], "size": [0.1992, 0.91592, 1], "uv": [55, 29]}
				]
			},
			{
				"name": "headleave112",
				"parent": "headleave70",
				"pivot": [-0.064, 17.48749, -0.52853],
				"rotation": [0, 0, -105],
				"cubes": [
					{"origin": [-3.64444, 11.50164, -5.06106], "size": [0.1992, 2.02102, 1], "uv": [46, 28]}
				]
			},
			{
				"name": "headleave113",
				"parent": "headleave70",
				"pivot": [-0.064, 17.48749, -0.52853],
				"rotation": [0, 0, -110],
				"cubes": [
					{"origin": [-4.15251, 11.83647, -5.06106], "size": [0.1992, 2.02102, 1], "uv": [46, 28]}
				]
			},
			{
				"name": "headleave108",
				"parent": "headleave70",
				"pivot": [-0.064, 17.48749, -0.52853],
				"rotation": [0, 0, -105],
				"cubes": [
					{"origin": [-3.09369, 11.17375, -5.09309], "size": [0.31131, 2.02102, 1], "uv": [57, 29]}
				]
			},
			{
				"name": "headleave109",
				"parent": "headleave70",
				"pivot": [-0.064, 17.48749, -0.52853],
				"rotation": [0, 0, -110],
				"cubes": [
					{"origin": [-3.63244, 11.46183, -5.09309], "size": [0.31131, 2.02102, 1], "uv": [57, 29]}
				]
			},
			{
				"name": "headleave104",
				"parent": "headleave70",
				"pivot": [-0.064, 17.48749, -0.52853],
				"rotation": [0, 0, -125],
				"cubes": [
					{"origin": [-3.7107, 12.08108, -5.07708], "size": [0.15115, 2.32533, 1], "uv": [45, 30]}
				]
			},
			{
				"name": "headleave105",
				"parent": "headleave70",
				"pivot": [-0.064, 17.48749, -0.52853],
				"rotation": [0, 0, -130],
				"cubes": [
					{"origin": [-4.16802, 12.41949, -5.07708], "size": [0.15115, 2.32533, 1], "uv": [45, 30]}
				]
			},
			{
				"name": "headleave106",
				"parent": "headleave70",
				"pivot": [-0.064, 17.48749, -0.52853],
				"rotation": [0, 0, -130],
				"cubes": [
					{"origin": [-4.16802, 14.30938, -5.07708], "size": [0.26326, 0.43544, 1], "uv": [45, 30]}
				]
			},
			{
				"name": "headleave87",
				"parent": "headleave70",
				"pivot": [-0.064, 17.48749, -0.52853],
				"rotation": [0, 0, -115],
				"cubes": [
					{"origin": [-3.84044, 13.90617, -4.94895], "size": [0.5996, 1.01201, 1], "uv": [11, 18]}
				]
			},
			{
				"name": "headleave80",
				"parent": "headleave70",
				"pivot": [-0.064, 17.48749, -0.52853],
				"rotation": [0, 0, -110],
				"cubes": [
					{"origin": [-2.50357, 12.1512, -4.94895], "size": [0.27928, 2.46947, 1], "uv": [11, 18]}
				]
			},
			{
				"name": "armLeft",
				"pivot": [3, 17.5, 0],
				"rotation": [0, 0, -25],
				"cubes": [
					{"origin": [3, 9.5, -1], "size": [2, 8, 2], "uv": [0, 35]}
				]
			},
			{
				"name": "armLeft2",
				"parent": "armLeft",
				"pivot": [3, 17.5, 0]
			},
			{
				"name": "armRight7",
				"parent": "armLeft2",
				"pivot": [3, 17.5, 0],
				"cubes": [
					{"origin": [4.97497, 12.5, -1], "size": [0.61562, 5.47147, 2], "uv": [46, 0], "mirror": true},
					{"origin": [2.63575, 12.5, -1.08423], "size": [0.61562, 5.47147, 2], "uv": [46, 0], "mirror": true}
				]
			},
			{
				"name": "armRight8",
				"parent": "armLeft2",
				"pivot": [3, 17.5, 0],
				"rotation": [0, 90, 0],
				"cubes": [
					{"origin": [3.90392, 12.5, 0.07105], "size": [0.61562, 5.47147, 2], "uv": [46, 0], "mirror": true},
					{"origin": [1.56469, 12.5, 0.15528], "size": [0.61562, 5.47147, 2], "uv": [46, 0], "mirror": true},
					{"origin": [1.56469, 12.5, 0.15528], "size": [0.61562, 5.47147, 2], "uv": [46, 0], "mirror": true}
				]
			},
			{
				"name": "armRight9",
				"parent": "armLeft2",
				"pivot": [3, 17.5, 0],
				"rotation": [0, 45, 0],
				"cubes": [
					{"origin": [4.92332, 12.5, 0.38998], "size": [0.61562, 5.47147, 0.73473], "uv": [49, 2], "mirror": true},
					{"origin": [3.5091, 12.5, -1.02423], "size": [0.61562, 5.47147, 0.73473], "uv": [49, 2], "mirror": true},
					{"origin": [2.09489, 12.5, 0.38998], "size": [0.61562, 5.47147, 0.73473], "uv": [49, 2], "mirror": true},
					{"origin": [3.5091, 12.5, 1.8042], "size": [0.61562, 5.47147, 0.73473], "uv": [49, 2], "mirror": true}
				]
			},
			{
				"name": "armRight16",
				"parent": "armLeft2",
				"pivot": [3, 17.5, 0],
				"cubes": [
					{"origin": [3.14915, 17.51301, -1], "size": [2.44144, 0.45846, 2.06406], "uv": [24, 56], "mirror": true}
				]
			},
			{
				"name": "armLeft3",
				"parent": "armLeft",
				"pivot": [3, 15.11361, 0]
			},
			{
				"name": "armRight13",
				"parent": "armLeft3",
				"pivot": [3, 15.11361, 0],
				"cubes": [
					{"origin": [4.97497, 10.11361, -1], "size": [0.61562, 2.62062, 2], "uv": [46, 0], "mirror": true},
					{"origin": [2.63575, 10.11361, -1.08423], "size": [0.61562, 2.62062, 2], "uv": [46, 0], "mirror": true}
				]
			},
			{
				"name": "armRight14",
				"parent": "armLeft3",
				"pivot": [3, 15.11361, 0],
				"rotation": [0, 90, 0],
				"cubes": [
					{"origin": [3.90392, 10.11361, 0.07105], "size": [0.61562, 2.62062, 2], "uv": [46, 0], "mirror": true},
					{"origin": [1.56469, 10.11361, 0.15528], "size": [0.61562, 2.62062, 2], "uv": [46, 0], "mirror": true},
					{"origin": [1.56469, 10.11361, 0.15528], "size": [0.61562, 2.62062, 2], "uv": [46, 0], "mirror": true}
				]
			},
			{
				"name": "armRight15",
				"parent": "armLeft3",
				"pivot": [3, 15.11361, 0],
				"rotation": [0, 45, 0],
				"cubes": [
					{"origin": [4.92332, 10.11361, 0.38998], "size": [0.61562, 2.62062, 0.73473], "uv": [49, 2], "mirror": true},
					{"origin": [3.5091, 10.11361, -1.02423], "size": [0.61562, 2.62062, 0.73473], "uv": [49, 2], "mirror": true},
					{"origin": [2.09489, 10.11361, 0.38998], "size": [0.61562, 2.62062, 0.73473], "uv": [49, 2], "mirror": true},
					{"origin": [3.5091, 10.11361, 1.8042], "size": [0.61562, 2.62062, 0.73473], "uv": [49, 2], "mirror": true}
				]
			},
			{
				"name": "bone5",
				"parent": "armLeft3",
				"pivot": [3, 15.11361, 0],
				"cubes": [
					{"origin": [3.14915, 15.12662, -1], "size": [2.44144, 0, 2.06406], "uv": [24, 56], "mirror": true}
				]
			},
			{
				"name": "armRight",
				"pivot": [-3, 17.5, 0],
				"rotation": [0, 0, 25],
				"cubes": [
					{"origin": [-5, 9.5, -1], "size": [2, 8, 2], "uv": [39, 39]}
				]
			},
			{
				"name": "armRight2",
				"parent": "armRight",
				"pivot": [-3, 17.5, 0]
			},
			{
				"name": "armRight3",
				"parent": "armRight2",
				"pivot": [-3, 17.5, 0],
				"cubes": [
					{"origin": [-5.59059, 12.5, -1], "size": [0.61562, 5.47147, 2], "uv": [46, 0]},
					{"origin": [-3.25136, 12.5, -1.08423], "size": [0.61562, 5.47147, 2], "uv": [46, 0]}
				]
			},
			{
				"name": "armRight5",
				"parent": "armRight2",
				"pivot": [-3, 17.5, 0],
				"rotation": [0, -90, 0],
				"cubes": [
					{"origin": [-4.51954, 12.5, 0.07105], "size": [0.61562, 5.47147, 2], "uv": [46, 0]},
					{"origin": [-2.18031, 12.5, 0.15528], "size": [0.61562, 5.47147, 2], "uv": [46, 0]},
					{"origin": [-2.18031, 12.5, 0.15528], "size": [0.61562, 5.47147, 2], "uv": [46, 0]}
				]
			},
			{
				"name": "armRight4",
				"parent": "armRight2",
				"pivot": [-3, 17.5, 0],
				"rotation": [0, -45, 0],
				"cubes": [
					{"origin": [-5.53893, 12.5, 0.38998], "size": [0.61562, 5.47147, 0.73473], "uv": [49, 2]},
					{"origin": [-4.12472, 12.5, -1.02423], "size": [0.61562, 5.47147, 0.73473], "uv": [49, 2]},
					{"origin": [-2.7105, 12.5, 0.38998], "size": [0.61562, 5.47147, 0.73473], "uv": [49, 2]},
					{"origin": [-4.12472, 12.5, 1.8042], "size": [0.61562, 5.47147, 0.73473], "uv": [49, 2]}
				]
			},
			{
				"name": "bone3",
				"parent": "armRight2",
				"pivot": [-3, 17.5, 0],
				"cubes": [
					{"origin": [-5.59059, 17.51301, -1], "size": [2.44144, 0.45846, 2.06406], "uv": [25, 56]}
				]
			},
			{
				"name": "armRight6",
				"parent": "armRight",
				"pivot": [-3, 15.30581, 0]
			},
			{
				"name": "armRight10",
				"parent": "armRight6",
				"pivot": [-3, 15.30581, 0],
				"cubes": [
					{"origin": [-5.59059, 10.30581, -1], "size": [0.61562, 2.25225, 2], "uv": [46, 0]},
					{"origin": [-3.25136, 10.30581, -1.08423], "size": [0.61562, 2.25225, 2], "uv": [46, 0]}
				]
			},
			{
				"name": "armRight11",
				"parent": "armRight6",
				"pivot": [-3, 15.30581, 0],
				"rotation": [0, -90, 0],
				"cubes": [
					{"origin": [-4.51954, 10.30581, 0.07105], "size": [0.61562, 2.25225, 2], "uv": [46, 0]},
					{"origin": [-2.18031, 10.30581, 0.15528], "size": [0.61562, 2.25225, 2], "uv": [46, 0]},
					{"origin": [-2.18031, 10.30581, 0.15528], "size": [0.61562, 2.25225, 2], "uv": [46, 0]}
				]
			},
			{
				"name": "armRight12",
				"parent": "armRight6",
				"pivot": [-3, 15.30581, 0],
				"rotation": [0, -45, 0],
				"cubes": [
					{"origin": [-5.53893, 10.30581, 0.38998], "size": [0.61562, 2.25225, 0.73473], "uv": [49, 2]},
					{"origin": [-4.12472, 10.30581, -1.02423], "size": [0.61562, 2.25225, 0.73473], "uv": [49, 2]},
					{"origin": [-2.7105, 10.30581, 0.38998], "size": [0.61562, 2.25225, 0.73473], "uv": [49, 2]},
					{"origin": [-4.12472, 10.30581, 1.8042], "size": [0.61562, 2.25225, 0.73473], "uv": [49, 2]}
				]
			},
			{
				"name": "bone4",
				"parent": "armRight6",
				"pivot": [-3, 15.30581, 0],
				"cubes": [
					{"origin": [-5.59059, 15.31882, -1], "size": [2.44144, 0.08008, 2.06406], "uv": [25, 56]}
				]
			},
			{
				"name": "body",
				"pivot": [0, 10.5, 0],
				"cubes": [
					{"origin": [-2.88163, 11, -2.5], "size": [5.47107, 1.25, 5], "uv": [19, 27]},
					{"origin": [-3.63438, 8.088, -2.57986], "size": [7, 3, 5], "uv": [24, 16]},
					{"origin": [-2.9, 11, -2.5], "size": [5.7, 7, 5], "uv": [19, 22]},
					{"origin": [-3.132, 11.0961, -2.996], "size": [6, 7, 5.74374], "uv": [1, 16]}
				]
			},
			{
				"name": "collar",
				"parent": "body",
				"pivot": [0, 11.5, 0]
			},
			{
				"name": "suit",
				"parent": "body",
				"pivot": [0, 10.5, 0]
			},
			{
				"name": "suit2",
				"parent": "suit",
				"pivot": [-0.5, 19, 0.5],
				"rotation": [0, 0, 60]
			},
			{
				"name": "suit4",
				"parent": "suit",
				"pivot": [-0.5, 19, 0.5],
				"cubes": [
					{"origin": [-1.86752, 17.20915, -3.08408], "size": [3.43443, 2.51952, 1], "uv": [26, 50]},
					{"origin": [-0.87452, 16.39233, -3.08408], "size": [1.41642, 2.43944, 1], "uv": [26, 50]}
				]
			},
			{
				"name": "suit5",
				"parent": "suit",
				"pivot": [-0.5, 19, 0.5],
				"rotation": [0, 0, -35],
				"cubes": [
					{"origin": [-1.14222, 16.26631, -3.08408], "size": [1.28828, 1.54254, 1], "uv": [26, 50]}
				]
			},
			{
				"name": "suit3",
				"parent": "suit",
				"pivot": [-0.5, 19, 0.5],
				"rotation": [0, 0, 35],
				"cubes": [
					{"origin": [-0.59938, 16.64911, -3.08408], "size": [1.28828, 1.54254, 1], "uv": [26, 50]}
				]
			},
			{
				"name": "skirt",
				"parent": "body",
				"pivot": [0.12813, 0, 0.4004]
			},
			{
				"name": "skirt13",
				"parent": "skirt",
				"pivot": [0.12813, 0, 0.4004]
			},
			{
				"name": "skirt2",
				"parent": "skirt13",
				"pivot": [-1.87187, 12.00951, -3.22873],
				"cubes": [
					{"origin": [-3.57657, 6.75676, -3.48849], "size": [2, 10.50551, 0.51952], "uv": [47, 2]}
				]
			},
			{
				"name": "skirt10",
				"parent": "skirt13",
				"pivot": [-1.87187, 12.00951, -3.22873],
				"cubes": [
					{"origin": [-3.72874, 6.9009, 3.07106], "size": [2, 10.36136, 0.51952], "uv": [54, 3]},
					{"origin": [-3.17119, 6.9009, 3.37436], "size": [1.51652, 10.36136, 0.51952], "uv": [55, 2]},
					{"origin": [0.86185, 6.9009, 3.37436], "size": [2.51652, 10.36136, 0.51952], "uv": [54, 2]},
					{"origin": [-1.65467, 6.9009, 3.37436], "size": [2.51652, 10.36136, 0.51952], "uv": [55, 2]}
				]
			},
			{
				"name": "skirt6",
				"parent": "skirt13",
				"pivot": [0.12813, 0, 0.4004],
				"rotation": [0, 90, 0],
				"cubes": [
					{"origin": [1.4975, 11.06507, -3.82382], "size": [2, 6.1972, 0.51952], "uv": [45, 1]},
					{"origin": [-0.5025, 11.06507, -3.82382], "size": [2, 6.1972, 0.51952], "uv": [45, 1]},
					{"origin": [-2.5025, 11.06507, -3.82382], "size": [2, 6.1972, 0.51952], "uv": [45, 1]}
				]
			},
			{
				"name": "skirt7",
				"parent": "skirt13",
				"pivot": [0.12813, 0, 0.4004],
				"rotation": [0, 45, 0],
				"cubes": [
					{"origin": [-0.42832, 11.14515, -4.96908], "size": [0.68669, 6.11712, 0.51952], "uv": [45, 2]}
				]
			},
			{
				"name": "skirt9",
				"parent": "skirt13",
				"pivot": [0.12813, 0, 0.4004],
				"rotation": [0, 45, 0],
				"cubes": [
					{"origin": [-4.71898, 11.14515, -0.72644], "size": [0.68669, 6.11712, 0.51952], "uv": [45, 2]}
				]
			},
			{
				"name": "skirt3",
				"parent": "skirt13",
				"pivot": [-1.87187, 12.76226, -3.22873],
				"rotation": [0, 0, 15],
				"cubes": [
					{"origin": [-3.71028, 9.09827, -3.48849], "size": [2, 4.17918, 0.51952], "uv": [45, 2]}
				]
			},
			{
				"name": "skirt12",
				"parent": "skirt13",
				"pivot": [-1.87187, 12.76226, -3.22873],
				"rotation": [0, 0, 15],
				"cubes": [
					{"origin": [-3.71028, 9.09827, 3.09409], "size": [2, 4.17918, 0.51952], "uv": [45, 2]}
				]
			},
			{
				"name": "skirt8",
				"parent": "skirt13",
				"pivot": [-1.87187, 12.76226, -3.22873],
				"rotation": [0, 90, 20],
				"cubes": [
					{"origin": [-3.61211, 8.95199, -5.26033], "size": [2, 4.17918, 0.51952], "uv": [45, 2]},
					{"origin": [-5.61211, 8.95199, -5.26033], "size": [2, 4.17918, 0.51952], "uv": [45, 2]},
					{"origin": [-8.47698, 8.95199, -5.26033], "size": [2.86486, 4.17918, 0.51952], "uv": [45, 2]}
				]
			},
			{
				"name": "skirt11",
				"parent": "skirt13",
				"pivot": [-1.87187, 12.76226, -3.22873],
				"rotation": [0, 90, 0],
				"cubes": [
					{"origin": [-3.61211, 6.89864, -6.44099], "size": [2, 2.97798, 0.51952], "uv": [45, 2]},
					{"origin": [-5.61211, 6.89864, -6.44099], "size": [2, 2.97798, 0.51952], "uv": [45, 2]},
					{"origin": [-8.47698, 6.89864, -6.44099], "size": [2.86486, 2.97798, 0.51952], "uv": [45, 2]}
				]
			},
			{
				"name": "skirt4",
				"parent": "skirt13",
				"pivot": [-1.87187, 12.76226, -3.22873],
				"cubes": [
					{"origin": [-4.59595, 6.88112, 3.11011], "size": [2, 2.81782, 0.51952], "uv": [52, 4]},
					{"origin": [-4.59595, 6.88112, -3.48849], "size": [2, 2.81782, 0.51952], "uv": [45, 2]}
				]
			},
			{
				"name": "skirt5",
				"parent": "skirt13",
				"pivot": [-1.87187, 12.76226, -3.22873],
				"rotation": [0, 0, 10],
				"cubes": [
					{"origin": [-3.5342, 6.47341, -3.48849], "size": [2.99099, 0.52252, 0.51952], "uv": [44, 5]}
				]
			},
			{
				"name": "skirt14",
				"parent": "skirt",
				"pivot": [-0.17618, 0, 0.4004]
			},
			{
				"name": "skirt15",
				"parent": "skirt14",
				"pivot": [1.82382, 12.00951, -3.22873],
				"cubes": [
					{"origin": [1.51251, 6.75676, -3.48849], "size": [2, 10.50551, 0.51952], "uv": [48, 1], "mirror": true}
				]
			},
			{
				"name": "skirt16",
				"parent": "skirt14",
				"pivot": [1.82382, 12.00951, -3.22873],
				"cubes": [
					{"origin": [1.66468, 6.9009, 2.87887], "size": [2, 10.36136, 0.51952], "uv": [56, 1], "mirror": true}
				]
			},
			{
				"name": "skirt17",
				"parent": "skirt14",
				"pivot": [-0.17618, 0, 0.4004],
				"rotation": [0, -90, 0],
				"cubes": [
					{"origin": [-3.54555, 11.06507, -3.80781], "size": [2, 6.1972, 0.51952], "uv": [45, 1], "mirror": true},
					{"origin": [-1.54555, 11.06507, -3.80781], "size": [2, 6.1972, 0.51952], "uv": [45, 1], "mirror": true},
					{"origin": [0.45445, 11.06507, -3.80781], "size": [2, 6.1972, 0.51952], "uv": [45, 1], "mirror": true}
				]
			},
			{
				"name": "skirt18",
				"parent": "skirt14",
				"pivot": [-0.17618, 0, 0.4004],
				"rotation": [0, -45, 0],
				"cubes": [
					{"origin": [-0.31774, 11.14515, -4.95776], "size": [0.68669, 6.11712, 0.51952], "uv": [45, 2], "mirror": true}
				]
			},
			{
				"name": "skirt19",
				"parent": "skirt14",
				"pivot": [-0.17618, 0, 0.4004],
				"rotation": [0, -45, 0],
				"cubes": [
					{"origin": [3.97293, 11.14515, -0.71512], "size": [0.68669, 6.11712, 0.51952], "uv": [45, 2], "mirror": true}
				]
			},
			{
				"name": "skirt20",
				"parent": "skirt14",
				"pivot": [1.82382, 12.76226, -3.22873],
				"rotation": [0, 0, -15],
				"cubes": [
					{"origin": [1.64676, 9.10241, -3.48849], "size": [2, 4.17918, 0.51952], "uv": [45, 2], "mirror": true}
				]
			},
			{
				"name": "skirt21",
				"parent": "skirt14",
				"pivot": [1.82382, 12.76226, -3.22873],
				"rotation": [0, 0, -15],
				"cubes": [
					{"origin": [1.64676, 9.10241, 3.09409], "size": [2, 4.17918, 0.51952], "uv": [45, 2], "mirror": true}
				]
			},
			{
				"name": "skirt22",
				"parent": "skirt14",
				"pivot": [1.82382, 12.76226, -3.22873],
				"rotation": [0, -90, -20],
				"cubes": [
					{"origin": [1.56406, 8.95746, -5.24528], "size": [2, 4.17918, 0.51952], "uv": [45, 2], "mirror": true},
					{"origin": [3.56406, 8.95746, -5.24528], "size": [2, 4.17918, 0.51952], "uv": [45, 2], "mirror": true},
					{"origin": [5.56406, 8.95746, -5.24528], "size": [2.86486, 4.17918, 0.51952], "uv": [45, 2], "mirror": true}
				]
			},
			{
				"name": "skirt23",
				"parent": "skirt14",
				"pivot": [1.82382, 12.76226, -3.22873],
				"rotation": [0, -90, 0],
				"cubes": [
					{"origin": [1.56406, 6.89864, -6.42498], "size": [2, 2.97798, 0], "uv": [45, 2], "mirror": true},
					{"origin": [3.56406, 6.89864, -6.42498], "size": [2, 2.97798, 0.51952], "uv": [45, 2], "mirror": true},
					{"origin": [5.56406, 6.89864, -6.42498], "size": [2.86486, 2.97798, 0.51952], "uv": [45, 2], "mirror": true}
				]
			},
			{
				"name": "skirt24",
				"parent": "skirt14",
				"pivot": [1.82382, 12.76226, -3.22873],
				"cubes": [
					{"origin": [2.53189, 6.88112, 3.11011], "size": [2, 2.81782, 0.51952], "uv": [45, 2], "mirror": true},
					{"origin": [2.53189, 6.88112, -3.48849], "size": [2, 2.81782, 0.51952], "uv": [45, 2], "mirror": true}
				]
			},
			{
				"name": "skirt25",
				"parent": "skirt14",
				"pivot": [1.82382, 12.76226, -3.22873],
				"rotation": [0, 0, -10],
				"cubes": [
					{"origin": [0.47939, 6.47619, -3.48849], "size": [2.99099, 0.52252, 0.51952], "uv": [44, 5], "mirror": true}
				]
			},
			{
				"name": "skirt26",
				"parent": "skirt",
				"pivot": [0.12813, 0, 0.4004]
			},
			{
				"name": "skirt27",
				"parent": "skirt26",
				"pivot": [1.82382, 16.72623, -3.22873],
				"rotation": [155, -5, -25]
			},
			{
				"name": "skirt31",
				"parent": "skirt26",
				"pivot": [1.82382, 16.72623, -3.22873],
				"rotation": [155, -5, -25],
				"cubes": [
					{"origin": [1.52157, 16.274, -3.30525], "size": [3.00701, 2.001, 0.51952], "uv": [52, 6], "mirror": true}
				]
			},
			{
				"name": "skirt28",
				"parent": "skirt26",
				"pivot": [1.82382, 16.72623, -3.22873],
				"rotation": [0, -90, -20],
				"cubes": [
					{"origin": [1.81497, 16.11389, -5.97654], "size": [2.37538, 1.47247, 0.51952], "uv": [45, 3], "mirror": true},
					{"origin": [4.19035, 16.34944, -5.32938], "size": [2.37538, 1.47247, 0.51952], "uv": [45, 3], "mirror": true},
					{"origin": [6.56573, 16.11389, -5.97654], "size": [1.89489, 1.47247, 0.51952], "uv": [45, 3], "mirror": true}
				]
			},
			{
				"name": "skirt29",
				"parent": "skirt26",
				"pivot": [1.82382, 16.72623, -3.22873],
				"rotation": [0, 0, -20],
				"cubes": [
					{"origin": [2.19626, 16.11389, 3.0397], "size": [2.37538, 1.47247, 0.51952], "uv": [45, 3], "mirror": true}
				]
			},
			{
				"name": "skirt30",
				"parent": "skirt26",
				"pivot": [1.82382, 16.72623, -3.22873],
				"cubes": [
					{"origin": [-0.76092, 16.2782, 3.0397], "size": [3.14414, 1.47247, 0.51952], "uv": [44, 3], "mirror": true}
				]
			},
			{
				"name": "skirt32",
				"parent": "skirt",
				"pivot": [-0.24024, 0, 0.4004]
			},
			{
				"name": "skirt33",
				"parent": "skirt32",
				"pivot": [-1.93594, 16.72623, -3.22873],
				"rotation": [155, 5, 25]
			},
			{
				"name": "skirt34",
				"parent": "skirt32",
				"pivot": [-1.93594, 16.72623, -3.22873],
				"rotation": [155, 5, 25],
				"cubes": [
					{"origin": [-4.65515, 16.28067, -3.30696], "size": [3.00701, 2.001, 0.51952], "uv": [52, 6]}
				]
			},
			{
				"name": "skirt35",
				"parent": "skirt32",
				"pivot": [-1.93594, 16.72623, -3.22873],
				"rotation": [0, 90, 20],
				"cubes": [
					{"origin": [-4.30246, 16.10842, -5.99159], "size": [2.37538, 1.47247, 0.51952], "uv": [45, 3]},
					{"origin": [-6.67784, 16.34944, -5.32938], "size": [2.37538, 1.47247, 0.51952], "uv": [45, 3]},
					{"origin": [-8.57273, 16.10842, -5.99159], "size": [1.89489, 1.47247, 0.51952], "uv": [45, 3]}
				]
			},
			{
				"name": "skirt36",
				"parent": "skirt32",
				"pivot": [-1.93594, 16.72623, -3.22873],
				"rotation": [0, 0, 20],
				"cubes": [
					{"origin": [-4.6988, 16.10842, 3.0397], "size": [2.37538, 1.47247, 0.51952], "uv": [45, 3]}
				]
			},
			{
				"name": "skirt37",
				"parent": "skirt32",
				"pivot": [-1.93594, 16.72623, -3.22873],
				"cubes": [
					{"origin": [-1.11796, 16.2782, 3.0397], "size": [3.14414, 1.47247, 0.51952], "uv": [44, 3]},
					{"origin": [-2.63948, 16.2782, 3.0397], "size": [3.14414, 1.47247, 0.51952], "uv": [44, 3]}
				]
			},
			{
				"name": "tail",
				"parent": "body",
				"pivot": [0, 10.5, 0]
			},
			{
				"name": "chestPlate",
				"parent": "tail",
				"pivot": [0, 10.5, 0]
			},
			{
				"name": "tail2",
				"parent": "chestPlate",
				"pivot": [-0.5, 8.77778, 2.85435],
				"rotation": [-10, 0, 0],
				"cubes": [
					{"origin": [-0.98398, 8.27778, 2.70671], "size": [1.72072, 1.4004, 1.75275], "uv": [45, 53], "inflate": 1}
				]
			},
			{
				"name": "tail3",
				"parent": "chestPlate",
				"pivot": [-0.5, 8.77778, 2.85435],
				"rotation": [45, 0, 0],
				"cubes": [
					{"origin": [-1.06406, 7.57307, 2.8028], "size": [1.92893, 1, 1.75275], "uv": [46, 54], "inflate": 1}
				]
			},
			{
				"name": "tail4",
				"parent": "chestPlate",
				"pivot": [-0.5, 8.77778, 2.85435],
				"rotation": [40, 0, 0],
				"cubes": [
					{"origin": [-1.16717, 7.55706, 2.57858], "size": [2.0961, 0.77578, 2.11211], "uv": [46, 54], "inflate": 1}
				]
			},
			{
				"name": "tail5",
				"parent": "chestPlate",
				"pivot": [-0.5, 8.77778, 2.85435],
				"rotation": [35, 0, 0],
				"cubes": [
					{"origin": [-1.24725, 7.27077, 2.46647], "size": [2.27928, 0.75776, 2.37538], "uv": [45, 55], "inflate": 1}
				]
			},
			{
				"name": "tail6",
				"parent": "chestPlate",
				"pivot": [-0.5, 8.77778, 2.85435],
				"rotation": [25, 0, 0],
				"cubes": [
					{"origin": [-1.35936, 6.93443, 2.53053], "size": [2.5996, 0.75776, 2.6957], "uv": [45, 54], "inflate": 1}
				]
			},
			{
				"name": "tail7",
				"parent": "chestPlate",
				"pivot": [-0.5, 8.77778, 2.85435],
				"rotation": [15, 0, 0],
				"cubes": [
					{"origin": [-1.56757, 6.00536, 2.68188], "size": [3.06406, 1.35035, 2.95195], "uv": [44, 53], "inflate": 1}
				]
			},
			{
				"name": "tail8",
				"parent": "chestPlate",
				"pivot": [-0.5, 8.77778, 2.85435],
				"rotation": [5, 0, 0],
				"cubes": [
					{"origin": [-1.42342, 3.36997, 3.21717], "size": [3, 3, 3], "uv": [51, 58], "inflate": 1}
				]
			},
			{
				"name": "tail9",
				"parent": "chestPlate",
				"pivot": [-0.5, 8.77778, 2.85435],
				"cubes": [
					{"origin": [-1.35936, 2.69229, 3.69766], "size": [2.91992, 1.33433, 2.67968], "uv": [42, 60], "inflate": 1}
				]
			},
			{
				"name": "tail10",
				"parent": "chestPlate",
				"pivot": [-0.5, 8.77778, 2.85435],
				"rotation": [0, 0, -10],
				"cubes": [
					{"origin": [-2.16315, 1.80663, 4.14611], "size": [1.94294, 0.69369, 1.87888], "uv": [42, 61], "inflate": 1}
				]
			},
			{
				"name": "tail12",
				"parent": "chestPlate",
				"pivot": [-0.5, 8.77778, 2.85435],
				"rotation": [0, 0, -15],
				"cubes": [
					{"origin": [-2.50207, 1.2759, 4.38635], "size": [1.52653, 0.69369, 1.44645], "uv": [43, 61], "inflate": 1}
				]
			},
			{
				"name": "tail13",
				"parent": "chestPlate",
				"pivot": [-0.5, 8.77778, 2.85435],
				"rotation": [0, 0, -20],
				"cubes": [
					{"origin": [-2.55161, 2.61029, 4.56252], "size": [0.94995, 0.69369, 1.07808], "uv": [56, 61], "inflate": 1}
				]
			},
			{
				"name": "tail14",
				"parent": "chestPlate",
				"pivot": [-0.5, 8.77778, 2.85435],
				"rotation": [0, 0, -20],
				"cubes": [
					{"origin": [-2.74215, 0.91033, 4.88284], "size": [0.48549, 0.48548, 0.53354], "uv": [46, 61], "inflate": 1}
				]
			},
			{
				"name": "tail15",
				"parent": "chestPlate",
				"pivot": [-0.5, 8.77778, 2.85435],
				"rotation": [0, 0, -20],
				"cubes": [
					{"origin": [-2.56097, 0.60602, 5.1441], "size": [0, 0.48548, 0], "uv": [45, 61], "inflate": 1}
				]
			},
			{
				"name": "tail16",
				"parent": "chestPlate",
				"pivot": [-0.5, 8.77778, 2.85435],
				"rotation": [0, 0, -20],
				"cubes": [
					{"origin": [-3.35276, -0.68226, 4.32729], "size": [1.54454, 0.54054, 1.56056], "uv": [45, 62]}
				]
			},
			{
				"name": "tail11",
				"parent": "chestPlate",
				"pivot": [-0.5, 8.77778, 2.85435],
				"rotation": [0, 0, -5],
				"cubes": [
					{"origin": [-1.61319, 2.96756, 3.80977], "size": [2.43944, 0.69369, 2.35936], "uv": [56, 61], "inflate": 1}
				]
			},
			{
				"name": "legLeft",
				"pivot": [2, 9, 0],
				"cubes": [
					{"origin": [0.48399, 0, -1.5], "size": [3, 9, 3], "uv": [27, 34]}
				]
			},
			{
				"name": "legRight",
				"pivot": [-2, 9, 0],
				"cubes": [
					{"origin": [-3.51601, 0, -1.5], "size": [3, 9, 3], "uv": [15, 34]}
				]
			},
			{
				"name": "bone2",
				"pivot": [0, 0, 0]
			}
		]
	}
}