{
	"format_version": "1.10.0",
	"geometry.model": {
		"texturewidth": 64,
		"textureheight": 64,
		"visible_bounds_width": 2,
		"visible_bounds_height": 2,
		"visible_bounds_offset": [0, 1, 0],
		"bones": [
			{
				"name": "head",
				"pivot": [-0.1601, 18, 0],
				"cubes": [
					{"origin": [-4.1601, 18, -4], "size": [8, 8, 8], "uv": [0, 0]}
				]
			},
			{
				"name": "blink",
				"parent": "head",
				"pivot": [-0.1601, 0, 0],
				"cubes": [
					{"origin": [-4.1601, 18, -4.001], "size": [8, 8, 0], "uv": [32, 8]}
				]
			},
			{
				"name": "headleave2",
				"parent": "head",
				"pivot": [0.13868, 25.6003, 0]
			},
			{
				"name": "headleave4",
				"parent": "headleave2",
				"pivot": [5.08868, 16.8503, -2.38789],
				"rotation": [0, 0, -15]
			},
			{
				"name": "headleave3",
				"parent": "headleave4",
				"pivot": [5.08868, 16.8503, -2.38789],
				"rotation": [0, 0, 15],
				"cubes": [
					{"origin": [2.22031, 14.7503, -3.88789], "size": [1.57658, 7.89189, 1], "uv": [4, 46]}
				]
			},
			{
				"name": "headleave38",
				"parent": "headleave4",
				"pivot": [5.08868, 16.8503, -2.38789],
				"rotation": [-10, 0, 15],
				"cubes": [
					{"origin": [2.22031, 14.69538, -3.51563], "size": [1.57658, 7.89189, 1], "uv": [4, 46]}
				]
			},
			{
				"name": "headleave39",
				"parent": "headleave4",
				"pivot": [5.08868, 16.8503, -2.38789],
				"rotation": [-20, 0, 15],
				"cubes": [
					{"origin": [2.22031, 14.70593, -3.13949], "size": [1.57658, 7.89189, 1], "uv": [4, 46]}
				]
			},
			{
				"name": "headleave6",
				"parent": "headleave4",
				"pivot": [2.61331, 15.13139, -3.35586],
				"rotation": [0, 0, 25],
				"cubes": [
					{"origin": [2.51055, 13.77164, -4.01602], "size": [0.61562, 2.79179, 1], "uv": [61, 55]}
				]
			},
			{
				"name": "headleave10",
				"parent": "headleave4",
				"pivot": [2.18087, 14.79505, -3.38789],
				"rotation": [0, 0, 25],
				"cubes": [
					{"origin": [2.07811, 13.4353, -4.04805], "size": [0.61562, 2.79179, 1], "uv": [61, 55]}
				]
			},
			{
				"name": "headleave11",
				"parent": "headleave4",
				"pivot": [-2.51132, 15.5503, -3.38789],
				"rotation": [0, 0, 22],
				"cubes": [
					{"origin": [1.33088, 16.27567, -3.90391], "size": [1.46446, 3, 1], "uv": [4, 49]},
					{"origin": [1.37892, 14.27567, -4.03203], "size": [0.72773, 3, 1], "uv": [62, 54]}
				]
			},
			{
				"name": "headleave7",
				"parent": "headleave4",
				"pivot": [-2.51132, 15.5503, -3.38789],
				"rotation": [0, 0, 22],
				"cubes": [
					{"origin": [1.28283, 15.73313, -4.03203], "size": [0.72773, 3, 1], "uv": [62, 54]}
				]
			},
			{
				"name": "headleave5",
				"parent": "headleave2",
				"pivot": [-5.48908, 16.8503, -2.64414],
				"rotation": [0, 0, 15]
			},
			{
				"name": "headleave8",
				"parent": "headleave5",
				"pivot": [-5.48908, 16.8503, -2.64414],
				"rotation": [0, 0, -15],
				"cubes": [
					{"origin": [-4.11284, 14.78346, -3.98398], "size": [1.57658, 7.89189, 1], "uv": [4, 46], "mirror": true}
				]
			},
			{
				"name": "headleave12",
				"parent": "headleave5",
				"pivot": [-3.0137, 15.13139, -3.61211],
				"rotation": [0, 0, -25],
				"cubes": [
					{"origin": [-3.32151, 13.73549, -4.11211], "size": [0.61562, 2.79179, 1], "uv": [61, 55], "mirror": true}
				]
			},
			{
				"name": "headleave13",
				"parent": "headleave5",
				"pivot": [-2.58127, 14.79505, -3.64414],
				"rotation": [0, 0, -25],
				"cubes": [
					{"origin": [-2.88908, 13.39915, -4.14414], "size": [0.61562, 2.79179, 1], "uv": [61, 55], "mirror": true}
				]
			},
			{
				"name": "headleave14",
				"parent": "headleave5",
				"pivot": [2.11092, 15.5503, -3.64414],
				"rotation": [0, 0, -22],
				"cubes": [
					{"origin": [-2.98908, 16.2503, -4], "size": [1.46446, 3, 1], "uv": [4, 49], "mirror": true},
					{"origin": [-2.30039, 14.2503, -4.12812], "size": [0.72773, 3, 1], "uv": [62, 54], "mirror": true}
				]
			},
			{
				"name": "headleave15",
				"parent": "headleave5",
				"pivot": [2.11092, 15.5503, -3.64414],
				"rotation": [0, 0, -22],
				"cubes": [
					{"origin": [-2.2043, 15.70776, -4.12812], "size": [0.72773, 3, 1], "uv": [62, 54], "mirror": true}
				]
			},
			{
				"name": "headleave40",
				"parent": "headleave5",
				"pivot": [-5.48908, 16.8503, -2.64414],
				"rotation": [-10, 0, -15],
				"cubes": [
					{"origin": [-4.11284, 14.75585, -3.61991], "size": [1.57658, 7.89189, 1], "uv": [4, 46], "mirror": true}
				]
			},
			{
				"name": "headleave41",
				"parent": "headleave5",
				"pivot": [-5.48908, 16.8503, -2.64414],
				"rotation": [-20, 0, -15],
				"cubes": [
					{"origin": [-4.11284, 14.79188, -3.25658], "size": [1.57658, 7.89189, 1], "uv": [4, 46], "mirror": true}
				]
			},
			{
				"name": "headleave9",
				"parent": "headleave2",
				"pivot": [-2.51132, 15.5503, -3.5],
				"rotation": [8, 0, 0],
				"cubes": [
					{"origin": [2.83868, 15.5503, 4.25], "size": [1, 8.9, 1], "uv": [14, 50]}
				]
			},
			{
				"name": "headleave20",
				"parent": "headleave2",
				"pivot": [-2.51132, 15.5503, -3.5],
				"rotation": [14, 5, 10],
				"cubes": [
					{"origin": [-4.88446, 6.01407, 4.78516], "size": [1, 8.9, 1], "uv": [13, 49]}
				]
			},
			{
				"name": "headleave30",
				"parent": "headleave2",
				"pivot": [-2.51132, 15.5503, -3.5],
				"rotation": [17, 5, -10],
				"cubes": [
					{"origin": [2.25505, 4.40335, 4.30499], "size": [1, 8.9, 1], "uv": [14, 50]}
				]
			},
			{
				"name": "headleave24",
				"parent": "headleave2",
				"pivot": [-2.51132, 15.5503, -3.5],
				"rotation": [19, 5, 7],
				"cubes": [
					{"origin": [-3.88115, 4.27866, 4.43503], "size": [1, 9.9, 1], "uv": [13, 49]}
				]
			},
			{
				"name": "headleave29",
				"parent": "headleave2",
				"pivot": [-2.51132, 15.5503, -3.5],
				"rotation": [16, 5, -7],
				"cubes": [
					{"origin": [1.35307, 4.10804, 4.80379], "size": [1, 9.9, 1], "uv": [14, 50]}
				]
			},
			{
				"name": "headleave25",
				"parent": "headleave2",
				"pivot": [-2.51132, 15.5503, -3.5],
				"rotation": [10, 5, 7],
				"cubes": [
					{"origin": [-2.96479, 5.13262, 5.07553], "size": [1, 10.9, 1], "uv": [13, 50]}
				]
			},
			{
				"name": "headleave26",
				"parent": "headleave2",
				"pivot": [-2.51132, 15.5503, -3.5],
				"rotation": [17, 5, 4],
				"cubes": [
					{"origin": [-1.88666, 3.68912, 5.14822], "size": [1, 10.9, 1], "uv": [14, 50]}
				]
			},
			{
				"name": "headleave28",
				"parent": "headleave2",
				"pivot": [-2.51132, 15.5503, -3.5],
				"rotation": [16, 5, -4],
				"cubes": [
					{"origin": [0.26363, 3.19369, 5.19902], "size": [1, 10.9, 1], "uv": [14, 50]}
				]
			},
			{
				"name": "headleave27",
				"parent": "headleave2",
				"pivot": [-2.51132, 15.5503, -3.5],
				"rotation": [14, 5, 2],
				"cubes": [
					{"origin": [-0.8748, 4.09492, 5.45135], "size": [1, 10.9, 1], "uv": [14, 50]}
				]
			},
			{
				"name": "headleave18",
				"parent": "headleave2",
				"pivot": [-2.51132, 15.5503, -3.5],
				"rotation": [11, 0, 0],
				"cubes": [
					{"origin": [1.93868, 15.3503, 4.65], "size": [1, 8.9, 1], "uv": [14, 50]},
					{"origin": [-3.02132, 15.3503, 4.65], "size": [1, 8.9, 1], "uv": [13, 50]}
				]
			},
			{
				"name": "headleave19",
				"parent": "headleave2",
				"pivot": [-2.51132, 15.5503, -3.5],
				"rotation": [13, 0, 0],
				"cubes": [
					{"origin": [0.93868, 14.8503, 5.05], "size": [1, 8.9, 1], "uv": [14, 50]},
					{"origin": [-2.06932, 14.8503, 5.05], "size": [1, 8.9, 1], "uv": [13, 50]},
					{"origin": [-2.06932, 14.8503, 5.05], "size": [1, 8.9, 1], "uv": [14, 50]},
					{"origin": [-3.95732, 14.8503, 5.05], "size": [1, 8.9, 1], "uv": [14, 50]}
				]
			},
			{
				"name": "headleave21",
				"parent": "headleave2",
				"pivot": [-2.51132, 15.5503, -3.5],
				"rotation": [15, 0, 0],
				"cubes": [
					{"origin": [-0.06132, 14.4663, 5.242], "size": [1, 8.9, 1], "uv": [14, 50]},
					{"origin": [-1.05332, 14.3703, 5.082], "size": [1, 8.9, 1], "uv": [14, 50]}
				]
			},
			{
				"name": "head2",
				"parent": "head",
				"pivot": [0.13868, 25.6003, 0]
			},
			{
				"name": "headleave16",
				"parent": "head2",
				"pivot": [6.13868, 24.6003, -0.5],
				"rotation": [0, 0, -40]
			},
			{
				"name": "headleave36",
				"parent": "head2",
				"pivot": [6.13868, 24.6003, -0.5],
				"rotation": [0, 0, -25]
			},
			{
				"name": "headleave34",
				"parent": "head2",
				"pivot": [-6.33088, 24.6003, -0.5],
				"rotation": [0, 0, 35]
			},
			{
				"name": "headleave22",
				"parent": "head2",
				"pivot": [6.13868, 24.6003, -0.5],
				"rotation": [-45, 0, -35]
			},
			{
				"name": "headleave35",
				"parent": "head2",
				"pivot": [-6.33088, 24.6003, -0.5],
				"rotation": [-45, 0, 30]
			},
			{
				"name": "headleave46",
				"parent": "head2",
				"pivot": [0.13868, 25.6003, 0]
			},
			{
				"name": "headleave37",
				"parent": "headleave46",
				"pivot": [4.10214, 16.6493, 11.00732],
				"rotation": [0, 0, -20]
			},
			{
				"name": "headleave42",
				"parent": "headleave46",
				"pivot": [4.10214, 16.6493, 11.00732],
				"rotation": [0, 0, -15]
			},
			{
				"name": "headleave43",
				"parent": "headleave46",
				"pivot": [4.10214, 16.6493, 11.00732],
				"rotation": [0, 0, -10]
			},
			{
				"name": "headleave44",
				"parent": "headleave46",
				"pivot": [4.10214, 16.6493, 11.00732],
				"rotation": [5, 0, -5]
			},
			{
				"name": "headleave45",
				"parent": "headleave46",
				"pivot": [4.10214, 16.6493, 11.00732],
				"rotation": [3, 0, -10]
			},
			{
				"name": "headleave47",
				"parent": "head2",
				"pivot": [-0.33088, 25.6003, 0]
			},
			{
				"name": "headleave48",
				"parent": "headleave47",
				"pivot": [-4.29434, 16.6493, 11.00732],
				"rotation": [0, 0, 20]
			},
			{
				"name": "headleave49",
				"parent": "headleave47",
				"pivot": [-4.29434, 16.6493, 11.00732],
				"rotation": [0, 0, 15]
			},
			{
				"name": "headleave50",
				"parent": "headleave47",
				"pivot": [-4.29434, 16.6493, 11.00732],
				"rotation": [0, 0, 10]
			},
			{
				"name": "headleave51",
				"parent": "headleave47",
				"pivot": [-4.29434, 16.6493, 11.00732],
				"rotation": [5, 0, 5]
			},
			{
				"name": "headleave52",
				"parent": "headleave47",
				"pivot": [-4.29434, 16.6493, 11.00732],
				"rotation": [3, 0, 10]
			},
			{
				"name": "-helmet",
				"parent": "head",
				"pivot": [-0.1601, 18, 0]
			},
			{
				"name": "-helmet2",
				"parent": "-helmet",
				"pivot": [-0.1601, 18, 0],
				"rotation": [0, 0, 10],
				"cubes": [
					{"origin": [-5.79218, 23.53147, -4.43243], "size": [9, 2, 0], "uv": [21, 49]}
				]
			},
			{
				"name": "-helmet3",
				"parent": "-helmet",
				"pivot": [-0.1601, 18, 0],
				"rotation": [0, 0, -50],
				"cubes": [
					{"origin": [1.37249, 25.44661, -5.43243], "size": [3, 1, 1], "uv": [19, 61]}
				]
			},
			{
				"name": "-helmet4",
				"parent": "-helmet",
				"pivot": [-8.7916, 18.95898, -4.93243],
				"rotation": [0, 0, 70],
				"cubes": [
					{"origin": [-14.51957, 26.44398, -5.43243], "size": [3, 1, 1], "uv": [19, 61]}
				]
			},
			{
				"name": "-helmet5",
				"parent": "-helmet",
				"pivot": [-0.1601, 18, 0],
				"rotation": [0, 0, 10],
				"cubes": [
					{"origin": [-5.84275, 23.05056, -5.43243], "size": [3, 1, 1], "uv": [19, 61]},
					{"origin": [-5.4904, 23.3869, -5.43243], "size": [1.55856, 1.76877, 1], "uv": [19, 61]}
				]
			},
			{
				"name": "-helmet6",
				"parent": "-helmet",
				"pivot": [-0.1601, 18, 0],
				"rotation": [0, 0, 10],
				"cubes": [
					{"origin": [-4.92984, 24.20371, -5.65666], "size": [0.45345, 1.54454, 1.56056], "uv": [28, 58]}
				]
			},
			{
				"name": "-helmet7",
				"parent": "-helmet",
				"pivot": [-0.1601, 18, 0],
				"rotation": [0, 0, 10],
				"cubes": [
					{"origin": [-4.92984, 23.46698, -5.57658], "size": [0.45345, 0.35936, 1.56056], "uv": [28, 58]}
				]
			},
			{
				"name": "-helmet8",
				"parent": "-helmet",
				"pivot": [0.8399, 18, 0],
				"rotation": [0, -90, 10],
				"cubes": [
					{"origin": [-3.59253, 23.35782, -2.38411], "size": [9, 2, 0], "uv": [21, 49]}
				]
			},
			{
				"name": "-helmet9",
				"parent": "-helmet",
				"pivot": [0.8399, 18, 0],
				"rotation": [0, 180, 10],
				"cubes": [
					{"origin": [-1.5432, 23.35782, -4.56857], "size": [9, 2, 0], "uv": [21, 49]}
				]
			},
			{
				"name": "-helmet10",
				"parent": "-helmet",
				"pivot": [0.8399, 18, 0],
				"rotation": [0, 90, 10],
				"cubes": [
					{"origin": [-3.72866, 23.35782, -6.61689], "size": [9, 2, 0], "uv": [21, 49]}
				]
			},
			{
				"name": "-helmet11",
				"parent": "-helmet",
				"pivot": [0.8399, 18, 0],
				"rotation": [0, 0, 35],
				"cubes": [
					{"origin": [-6.4315, 16.47836, -0.16244], "size": [0.34334, 2, 0.26326], "uv": [34, 60]}
				]
			},
			{
				"name": "-helmet12",
				"parent": "-helmet",
				"pivot": [0.8399, 18, 0],
				"rotation": [0, 0, 35],
				"cubes": [
					{"origin": [-7.55431, 14.56353, -0.70698], "size": [2.13714, 2.01602, 1.27227], "uv": [31, 51]},
					{"origin": [-6.4492, 14.19516, -0.70698], "size": [1.59259, 2.22422, 1.27227], "uv": [31, 51]},
					{"origin": [-7.55431, 14.65963, -0.70698], "size": [0.5996, 2.41642, 1.27227], "uv": [31, 51]},
					{"origin": [-7.81056, 16.29326, -0.70698], "size": [0.75976, 0.7988, 1.27227], "uv": [32, 52]},
					{"origin": [-7.55431, 14.51548, -0.70698], "size": [0.5035, 2, 1.27227], "uv": [31, 51]},
					{"origin": [-7.53829, 15.8288, -0.70698], "size": [1.03203, 0.59059, 1.27227], "uv": [32, 52]},
					{"origin": [-7.55431, 14.51548, -0.70698], "size": [2.13714, 1.75976, 1.27227], "uv": [31, 51]},
					{"origin": [-5.16792, 14.035, -0.70698], "size": [0.31131, 2.51251, 1.27227], "uv": [31, 51]},
					{"origin": [-5.66442, 15.07604, -0.45073], "size": [1.41642, 1.32733, 0.71171], "uv": [59, 39]}
				]
			},
			{
				"name": "-helmet13",
				"parent": "-helmet",
				"pivot": [-7.60018, 18.76618, -0.07085],
				"cubes": [
					{"origin": [-8.03487, 19.25767, -0.70698], "size": [1.13714, 0.7027, 1.27227], "uv": [32, 52]}
				]
			},
			{
				"name": "-helmet14",
				"parent": "-helmet",
				"pivot": [0.8399, 18, 0],
				"cubes": [
					{"origin": [-8.44706, 17.0724, -0.70698], "size": [1.13714, 1.71171, 1.27227], "uv": [32, 52]}
				]
			},
			{
				"name": "-helmet15",
				"parent": "-helmet",
				"pivot": [-7.91149, 17.11586, -0.07085],
				"rotation": [0, 0, -75],
				"cubes": [
					{"origin": [-8.09209, 16.24656, -0.70698], "size": [0.19219, 1.37538, 1.27227], "uv": [32, 52]}
				]
			},
			{
				"name": "-helmet16",
				"parent": "-helmet",
				"pivot": [-7.99599, 16.98229, -0.07085],
				"rotation": [0, 0, -5],
				"cubes": [
					{"origin": [-7.68058, 16.83639, -0.70698], "size": [0.59259, 0.51051, 1.27227], "uv": [32, 52]}
				]
			},
			{
				"name": "-helmet17",
				"parent": "-helmet",
				"pivot": [-7.99599, 16.98229, -0.07085],
				"rotation": [0, 0, 5],
				"cubes": [
					{"origin": [-7.68559, 17.40726, -0.70698], "size": [0.52853, 0.46246, 1.27227], "uv": [32, 52]}
				]
			},
			{
				"name": "-helmet18",
				"parent": "-helmet",
				"pivot": [-7.99599, 16.98229, -0.07085],
				"rotation": [0, 0, 15],
				"cubes": [
					{"origin": [-7.84441, 17.91014, -0.70698], "size": [0.52853, 0.46246, 1.27227], "uv": [32, 52]}
				]
			},
			{
				"name": "-helmet19",
				"parent": "-helmet",
				"pivot": [-7.99599, 16.98229, -0.07085],
				"rotation": [0, 0, 25],
				"cubes": [
					{"origin": [-8.08814, 18.3778, -0.70698], "size": [0.52853, 0.46246, 1.27227], "uv": [32, 52]}
				]
			},
			{
				"name": "-helmet20",
				"parent": "-helmet",
				"pivot": [-7.99599, 16.98229, -0.07085],
				"rotation": [0, 0, 35],
				"cubes": [
					{"origin": [-8.50547, 19.2585, -0.70698], "size": [0.52853, 0.46246, 1.27227], "uv": [32, 52]},
					{"origin": [-8.40937, 18.79604, -0.70698], "size": [0.52853, 0.46246, 1.27227], "uv": [32, 52]}
				]
			},
			{
				"name": "-helmet21",
				"parent": "-helmet",
				"pivot": [-7.60018, 18.76618, -0.07085],
				"rotation": [0, 0, 35],
				"cubes": [
					{"origin": [-8.30419, 18.29512, -0.70698], "size": [1.13714, 1.67968, 1.27227], "uv": [32, 52]}
				]
			},
			{
				"name": "-helmet22",
				"parent": "-helmet",
				"pivot": [-7.60018, 18.76618, -0.07085],
				"rotation": [0, 0, 35],
				"cubes": [
					{"origin": [-6.94255, 19.98367, -0.86715], "size": [0.17618, 0.63864, 1.27227], "uv": [59, 40]}
				]
			},
			{
				"name": "-helmet23",
				"parent": "-helmet",
				"pivot": [-7.60018, 18.76618, -0.07085],
				"rotation": [0, 0, 5],
				"cubes": [
					{"origin": [-6.86219, 19.39094, -0.83511], "size": [0.17618, 0.63864, 1.27227], "uv": [54, 39]},
					{"origin": [-6.73406, 19.39094, -0.83511], "size": [0.17618, 0.63864, 1.27227], "uv": [54, 39]},
					{"origin": [-6.58992, 19.42297, -0.83511], "size": [0.17618, 0.63864, 1.27227], "uv": [54, 39]}
				]
			},
			{
				"name": "-helmet24",
				"parent": "-helmet",
				"pivot": [-7.60018, 18.76618, -0.07085],
				"rotation": [0, 0, 35],
				"cubes": [
					{"origin": [-7.59276, 20.22931, -0.83511], "size": [0.17618, 0.67067, 1.27227], "uv": [55, 39]},
					{"origin": [-7.27244, 20.22931, -0.77105], "size": [0.17618, 0.63864, 1.27227], "uv": [55, 39]},
					{"origin": [-7.27244, 20.21329, -0.83511], "size": [0.17618, 0.63864, 1.27227], "uv": [55, 39]},
					{"origin": [-7.41658, 20.22931, -0.83511], "size": [0.17618, 0.68669, 1.27227], "uv": [55, 39]},
					{"origin": [-7.25642, 20.05313, -0.83511], "size": [0.17618, 0.63864, 1.27227], "uv": [55, 39]},
					{"origin": [-7.12829, 20.13321, -0.77105], "size": [0.17618, 0.63864, 1.27227], "uv": [55, 39]},
					{"origin": [-7.08025, 19.95704, -0.83511], "size": [0.17618, 0.63864, 1.27227], "uv": [55, 39]}
				]
			},
			{
				"name": "-helmet25",
				"parent": "-helmet",
				"pivot": [-7.60018, 18.76618, -0.07085],
				"rotation": [0, 0, 35],
				"cubes": [
					{"origin": [-8.30818, 19.98367, -0.86715], "size": [0.17618, 0.63864, 1.27227], "uv": [59, 40]}
				]
			},
			{
				"name": "-helmet26",
				"parent": "-helmet",
				"pivot": [-7.60018, 18.76618, -0.07085],
				"rotation": [-90, 0, 35],
				"cubes": [
					{"origin": [-8.67325, 19.24416, -2.56852], "size": [0.03203, 0.15816, 1.76877], "uv": [31, 60]},
					{"origin": [-8.67325, 19.086, -2.56852], "size": [0.03203, 0.15816, 1.76877], "uv": [31, 60]},
					{"origin": [-8.67325, 18.92784, -2.56852], "size": [0.03203, 0.15816, 1.76877], "uv": [22, 61]},
					{"origin": [-8.67325, 18.76968, -2.56852], "size": [0.03203, 0.15816, 1.76877], "uv": [22, 61]},
					{"origin": [-8.67325, 18.92784, -2.56852], "size": [0.03203, 0.15816, 1.76877], "uv": [31, 60]},
					{"origin": [-8.67325, 19.086, -2.56852], "size": [0.03203, 0.15816, 1.76877], "uv": [23, 61]},
					{"origin": [-8.67325, 18.61152, -2.56852], "size": [0.03203, 0.15816, 1.76877], "uv": [31, 61]},
					{"origin": [-8.67325, 18.45337, -2.56852], "size": [0.03203, 0.15816, 1.76877], "uv": [21, 61]},
					{"origin": [-8.67325, 18.29521, -2.56852], "size": [0.03203, 0.15816, 1.76877], "uv": [31, 60]},
					{"origin": [-8.67325, 18.13705, -2.56852], "size": [0.03203, 0.15816, 1.76877], "uv": [22, 60]}
				]
			},
			{
				"name": "-helmet27",
				"parent": "-helmet",
				"pivot": [-7.60018, 18.76618, -0.07085],
				"rotation": [0, 0, 35],
				"cubes": [
					{"origin": [-8.77377, 19.995, -0.37065], "size": [0.60861, 0.71872, 0.61562], "uv": [40, 54]},
					{"origin": [-8.83783, 20.41142, -0.37065], "size": [0.67267, 0.3023, 0.61562], "uv": [40, 54]}
				]
			},
			{
				"name": "-helmet28",
				"parent": "-helmet",
				"pivot": [-7.60018, 18.76618, -0.07085],
				"rotation": [0, 0, 10],
				"cubes": [
					{"origin": [-8.14324, 20.38109, -0.37065], "size": [0.27227, 0.67067, 0.61562], "uv": [40, 54]}
				]
			},
			{
				"name": "-helmet29",
				"parent": "-helmet",
				"pivot": [-7.60018, 18.76618, -0.07085],
				"rotation": [0, 0, -10],
				"cubes": [
					{"origin": [-5.87428, 19.48907, -0.86715], "size": [0.17618, 0.63864, 1.27227], "uv": [59, 40]}
				]
			},
			{
				"name": "-helmet30",
				"parent": "-helmet",
				"pivot": [-7.60018, 18.76618, -0.07085],
				"rotation": [0, 0, -10],
				"cubes": [
					{"origin": [-7.23992, 19.48907, -0.86715], "size": [0.17618, 0.63864, 1.27227], "uv": [59, 40]}
				]
			},
			{
				"name": "-helmet31",
				"parent": "-helmet",
				"pivot": [-5.71198, 19.86036, -0.23101],
				"rotation": [0, 0, 80],
				"cubes": [
					{"origin": [-6.77542, 18.62269, -0.86715], "size": [0.17618, 0.63864, 1.27227], "uv": [59, 40]}
				]
			},
			{
				"name": "-helmet32",
				"parent": "-helmet",
				"pivot": [-5.71198, 19.86036, -0.23101],
				"rotation": [0, 0, -20],
				"cubes": [
					{"origin": [-6.13478, 21.79386, -0.78706], "size": [0.17618, 0.55856, 1.4004], "uv": [59, 39]}
				]
			},
			{
				"name": "-helmet33",
				"parent": "-helmet",
				"pivot": [-5.71198, 19.86036, -0.23101],
				"rotation": [0, 0, -5],
				"cubes": [
					{"origin": [-6.37502, 21.69776, -0.78706], "size": [0.17618, 0.55856, 1.4004], "uv": [59, 39]}
				]
			},
			{
				"name": "-helmet34",
				"parent": "-helmet",
				"pivot": [-5.71198, 19.86036, -0.23101],
				"rotation": [0, 0, -40],
				"cubes": [
					{"origin": [-5.44799, 21.2633, -0.78706], "size": [0.17618, 0.55856, 1.4004], "uv": [59, 39]}
				]
			},
			{
				"name": "-helmet35",
				"parent": "-helmet",
				"pivot": [-5.71198, 19.86036, -0.23101],
				"rotation": [0, 0, -30],
				"cubes": [
					{"origin": [-5.53638, 21.24727, -0.78706], "size": [0.17618, 0.55856, 1.4004], "uv": [59, 39]}
				]
			},
			{
				"name": "-helmet36",
				"parent": "-helmet",
				"pivot": [-5.71198, 19.86036, -0.23101],
				"rotation": [0, 0, -30],
				"cubes": [
					{"origin": [-5.69562, 21.00154, -0.78706], "size": [0.17618, 0.36637, 1.4004], "uv": [59, 39]}
				]
			},
			{
				"name": "-helmet37",
				"parent": "-helmet",
				"pivot": [-5.71198, 19.86036, -0.23101],
				"rotation": [0, 0, -20],
				"cubes": [
					{"origin": [-5.78256, 20.92092, -0.78706], "size": [0.17618, 0.36637, 1.4004], "uv": [59, 39]}
				]
			},
			{
				"name": "-helmet38",
				"parent": "-helmet",
				"pivot": [-5.60753, 21.18473, -0.08686],
				"rotation": [0, 0, 20],
				"cubes": [
					{"origin": [-6.17933, 20.41917, -1.33161], "size": [0.17618, 0.36637, 1.94494], "uv": [59, 39]}
				]
			},
			{
				"name": "-helmet39",
				"parent": "-helmet",
				"pivot": [-5.60753, 21.18473, -0.08686],
				"rotation": [0, 0, 20],
				"cubes": [
					{"origin": [-6.02972, 20.41845, -0.78706], "size": [0.17618, 0.36637, 1.4004], "uv": [59, 39]}
				]
			},
			{
				"name": "-helmet40",
				"parent": "-helmet",
				"pivot": [-5.71198, 19.86036, -0.23101],
				"rotation": [0, 0, -25],
				"cubes": [
					{"origin": [-5.75085, 20.93809, -0.70698], "size": [0.4965, 0.76677, 1.25626], "uv": [33, 52]}
				]
			},
			{
				"name": "-helmet41",
				"parent": "-helmet",
				"pivot": [-5.71198, 19.86036, -0.23101],
				"rotation": [0, 0, 80],
				"cubes": [
					{"origin": [-5.40979, 18.62269, -0.86715], "size": [0.17618, 0.63864, 1.27227], "uv": [59, 40]}
				]
			},
			{
				"name": "-helmet42",
				"parent": "-helmet",
				"pivot": [-7.60018, 18.76618, -0.07085],
				"rotation": [0, 0, -55],
				"cubes": [
					{"origin": [-5.46864, 18.38395, -0.86715], "size": [0.17618, 0.63864, 1.27227], "uv": [59, 40]}
				]
			},
			{
				"name": "-helmet43",
				"parent": "-helmet",
				"pivot": [-7.60018, 18.76618, -0.07085],
				"rotation": [0, 0, -55],
				"cubes": [
					{"origin": [-6.85029, 18.38395, -0.86715], "size": [0.19219, 0.63864, 1.27227], "uv": [59, 40]}
				]
			},
			{
				"name": "-helmet44",
				"parent": "-helmet",
				"pivot": [-7.60018, 18.76618, -0.07085],
				"rotation": [0, 0, -55],
				"cubes": [
					{"origin": [-6.4126, 18.5247, -0.86715], "size": [0.19219, 0.28629, 1.27227], "uv": [54, 39]}
				]
			},
			{
				"name": "-helmet45",
				"parent": "-helmet",
				"pivot": [-7.60018, 18.76618, -0.07085],
				"rotation": [0, 0, -55],
				"cubes": [
					{"origin": [-5.89762, 18.5247, -0.86715], "size": [0.4004, 0.28629, 1.27227], "uv": [54, 39]}
				]
			},
			{
				"name": "-helmet46",
				"parent": "-helmet",
				"pivot": [-6.36981, 18.70327, -0.23101],
				"rotation": [0, 0, -10],
				"cubes": [
					{"origin": [-6.76251, 19.85031, -0.86715], "size": [0.0961, 0.28629, 1.27227], "uv": [54, 39]}
				]
			},
			{
				"name": "-helmet47",
				"parent": "-helmet",
				"pivot": [-6.36981, 18.70327, -0.23101],
				"rotation": [0, 0, 35],
				"cubes": [
					{"origin": [-7.661, 19.4391, -0.86715], "size": [0.0961, 0.43043, 1.27227], "uv": [54, 39]},
					{"origin": [-7.5683, 19.36979, -0.86715], "size": [0.32032, 0.43043, 1.27227], "uv": [54, 39]}
				]
			},
			{
				"name": "-helmet48",
				"parent": "-helmet",
				"pivot": [-6.36981, 18.70327, -0.23101],
				"rotation": [0, 0, 80],
				"cubes": [
					{"origin": [-8.26182, 18.51301, -0.8191], "size": [0.35235, 0.52653, 1.22422], "uv": [54, 39]}
				]
			},
			{
				"name": "-helmet49",
				"parent": "-helmet",
				"pivot": [-6.36981, 18.70327, -0.23101],
				"rotation": [0, 0, 80],
				"cubes": [
					{"origin": [-8.26182, 18.2087, -0.8191], "size": [1.16917, 0.31832, 1.22422], "uv": [59, 45]},
					{"origin": [-8.11768, 17.98448, -0.8191], "size": [0.88088, 0.54254, 1.22422], "uv": [59, 45]}
				]
			},
			{
				"name": "-helmet50",
				"parent": "-helmet",
				"pivot": [-7.60018, 18.76618, -0.07085],
				"rotation": [0, 0, -40],
				"cubes": [
					{"origin": [-7.45472, 18.52125, -0.83511], "size": [0.0961, 0.46246, 1.27227], "uv": [59, 40]}
				]
			},
			{
				"name": "-helmet51",
				"parent": "-helmet",
				"pivot": [-7.60018, 18.76618, -0.07085],
				"rotation": [0, 0, -90],
				"cubes": [
					{"origin": [-7.71013, 19.05848, -0.73902], "size": [0.0961, 0.59059, 1.41642], "uv": [59, 40]}
				]
			},
			{
				"name": "-helmet52",
				"parent": "-helmet",
				"pivot": [-7.60018, 18.76618, -0.07085],
				"rotation": [0, 0, -90],
				"cubes": [
					{"origin": [-7.56599, 18.99442, -0.73902], "size": [0.0961, 0.65465, 1.41642], "uv": [59, 40]}
				]
			},
			{
				"name": "-helmet53",
				"parent": "-helmet",
				"pivot": [-7.60018, 18.76618, -0.07085],
				"rotation": [0, 0, -40],
				"cubes": [
					{"origin": [-7.64691, 18.45719, -0.83511], "size": [0.0961, 0.46246, 1.27227], "uv": [59, 40]}
				]
			},
			{
				"name": "-helmet54",
				"parent": "-helmet",
				"pivot": [-7.60018, 18.76618, -0.07085],
				"rotation": [0, 0, -55],
				"cubes": [
					{"origin": [-7.8553, 18.38395, -0.86715], "size": [0.0961, 0.63864, 1.27227], "uv": [32, 55]}
				]
			},
			{
				"name": "-helmet55",
				"parent": "-helmet",
				"pivot": [-7.60018, 18.76618, -0.07085],
				"rotation": [0, 0, -40],
				"cubes": [
					{"origin": [-7.08635, 18.61735, -0.83511], "size": [0.0961, 0.46246, 1.27227], "uv": [59, 40]}
				]
			},
			{
				"name": "-helmet56",
				"parent": "-helmet",
				"pivot": [-7.60018, 18.76618, -0.07085],
				"rotation": [0, 0, -40],
				"cubes": [
					{"origin": [-6.31758, 18.84158, -0.89918], "size": [0.0961, 0.46246, 1.27227], "uv": [59, 40]}
				]
			},
			{
				"name": "-helmet57",
				"parent": "-helmet",
				"pivot": [-7.60018, 18.76618, -0.07085],
				"rotation": [0, 0, -40],
				"cubes": [
					{"origin": [-6.18945, 18.87361, -0.89918], "size": [0.0961, 0.46246, 1.27227], "uv": [59, 40]}
				]
			},
			{
				"name": "-helmet58",
				"parent": "-helmet",
				"pivot": [-7.60018, 18.76618, -0.07085],
				"rotation": [0, 0, -40],
				"cubes": [
					{"origin": [-6.06133, 18.90564, -0.89918], "size": [0.0961, 0.46246, 1.27227], "uv": [59, 40]}
				]
			},
			{
				"name": "-helmet59",
				"parent": "-helmet",
				"pivot": [-7.60018, 18.76618, -0.07085],
				"rotation": [0, 0, -40],
				"cubes": [
					{"origin": [-5.91718, 19.08182, -0.89918], "size": [0.0961, 0.31832, 1.27227], "uv": [59, 40]}
				]
			},
			{
				"name": "-helmet60",
				"parent": "-helmet",
				"pivot": [-7.60018, 18.76618, -0.07085],
				"rotation": [0, 0, -40],
				"cubes": [
					{"origin": [-5.77304, 19.12986, -0.89918], "size": [0.0961, 0.31832, 1.27227], "uv": [59, 40]},
					{"origin": [-5.62889, 19.1619, -0.89918], "size": [0.0961, 0.31832, 1.27227], "uv": [59, 40]}
				]
			},
			{
				"name": "-helmet61",
				"parent": "-helmet",
				"pivot": [-7.60018, 18.76618, -0.07085],
				"rotation": [0, 0, -145],
				"cubes": [
					{"origin": [-7.43987, 18.01629, -0.86715], "size": [0.0961, 0.46246, 1.27227], "uv": [32, 54]},
					{"origin": [-7.43987, 18.47875, -0.86715], "size": [0.0961, 0.46246, 1.27227], "uv": [32, 54]},
					{"origin": [-7.98241, 18.00027, -0.86715], "size": [0.0961, 0.46246, 1.27227], "uv": [32, 54]},
					{"origin": [-7.98241, 18.46273, -0.86715], "size": [0.0961, 0.46246, 1.27227], "uv": [32, 54]}
				]
			},
			{
				"name": "-helmet62",
				"parent": "-helmet",
				"pivot": [-7.60018, 18.76618, -0.07085],
				"rotation": [0, 0, -40],
				"cubes": [
					{"origin": [-7.27854, 18.5693, -0.83511], "size": [0.0961, 0.46246, 1.27227], "uv": [59, 40]}
				]
			},
			{
				"name": "-helmet63",
				"parent": "-helmet",
				"pivot": [0.8399, 18, 0],
				"rotation": [0, 0, 25],
				"cubes": [
					{"origin": [-6.24318, 19.67414, -0.16244], "size": [0.34334, 2, 0.26326], "uv": [34, 60]}
				]
			},
			{
				"name": "helmet",
				"parent": "head",
				"pivot": [-0.1601, 18, 0]
			},
			{
				"name": "helmet14",
				"parent": "helmet",
				"pivot": [0.30437, 17.55155, 0],
				"rotation": [0, 0, -5]
			},
			{
				"name": "helmet2",
				"parent": "helmet14",
				"pivot": [-10.19563, 19.05155, 0]
			},
			{
				"name": "helmet4",
				"parent": "helmet2",
				"pivot": [-10.19563, 19.05155, 0],
				"rotation": [45, -90, 0],
				"cubes": [
					{"origin": [-14.93988, 28.69253, -7.50358], "size": [1, 3.64765, 1.27928], "uv": [49, 0]}
				]
			},
			{
				"name": "helmet3",
				"parent": "helmet14",
				"pivot": [-10.19563, 19.05155, 0],
				"rotation": [45, -90, 40],
				"cubes": [
					{"origin": [-14.93988, 31.26018, 0.44903], "size": [1, 0.98198, 1], "uv": [42, 1]}
				]
			},
			{
				"name": "helmet9",
				"parent": "helmet14",
				"pivot": [-10.19563, 19.05155, 0],
				"rotation": [45, -90, -30],
				"cubes": [
					{"origin": [-14.93988, 24.28874, -11.2109], "size": [1, 0.98198, 1], "uv": [42, 1]}
				]
			},
			{
				"name": "helmet10",
				"parent": "helmet14",
				"pivot": [-10.19563, 19.05155, 0],
				"rotation": [45, -90, -5],
				"cubes": [
					{"origin": [-14.93988, 29.00334, -6.92118], "size": [1, 7.14815, 0.2953], "uv": [49, 0]},
					{"origin": [-14.93988, 29.00334, -7.62588], "size": [1, 4.45746, 1], "uv": [49, 0]},
					{"origin": [-14.63557, 29.00334, -7.77003], "size": [0.6957, 7.14815, 1.14414], "uv": [49, 0]}
				]
			},
			{
				"name": "helmet11",
				"parent": "helmet14",
				"pivot": [-10.19563, 19.05155, 0],
				"rotation": [45, -90, 10],
				"cubes": [
					{"origin": [-14.93988, 37.28373, -2.30165], "size": [1, 2.56757, 0.32733], "uv": [49, 0]},
					{"origin": [-14.61255, 37.28373, -2.79815], "size": [0.67267, 1.43043, 0.82382], "uv": [49, 0]}
				]
			},
			{
				"name": "helmet12",
				"parent": "helmet14",
				"pivot": [-10.19563, 19.05155, 0],
				"rotation": [45, -90, -20],
				"cubes": [
					{"origin": [-14.93988, 32.32925, -12.40703], "size": [1, 3.57658, 0.31131], "uv": [49, 0]},
					{"origin": [-14.63557, 32.32925, -12.40703], "size": [0.6957, 2.15115, 0.98398], "uv": [49, 0]},
					{"origin": [-14.52346, 32.32925, -12.40703], "size": [0.58358, 3.04805, 0.61562], "uv": [49, 0]}
				]
			},
			{
				"name": "helmet13",
				"parent": "helmet14",
				"pivot": [-10.19563, 36.40161, -15.42761],
				"rotation": [45, -90, 20],
				"cubes": [
					{"origin": [0.48773, 43.63898, -32.1217], "size": [1, 3.57658, 0.31131], "uv": [49, 0]},
					{"origin": [0.80805, 45.68903, -32.1217], "size": [0.67968, 1.52653, 0.96797], "uv": [49, 0]}
				]
			},
			{
				"name": "helmet5",
				"parent": "helmet14",
				"pivot": [-10.19563, 19.05155, 0],
				"rotation": [45, -90, 20],
				"cubes": [
					{"origin": [-14.93988, 31.60025, -4.08951], "size": [1, 0.98198, 1], "uv": [42, 1]}
				]
			},
			{
				"name": "helmet7",
				"parent": "helmet14",
				"pivot": [-10.19563, 19.05155, 0],
				"rotation": [45, -90, -15],
				"cubes": [
					{"origin": [-14.93988, 27.75359, -11.10116], "size": [1, 1.49449, 1], "uv": [49, 0]}
				]
			},
			{
				"name": "helmet8",
				"parent": "helmet14",
				"pivot": [-10.19563, 19.05155, 0],
				"rotation": [45, -90, -35],
				"cubes": [
					{"origin": [-14.93988, 24.83634, -13.9191], "size": [1, 1.49449, 1], "uv": [49, 0]}
				]
			},
			{
				"name": "helmet6",
				"parent": "helmet14",
				"pivot": [-10.19563, 19.05155, 0],
				"rotation": [45, -90, -30],
				"cubes": [
					{"origin": [-14.93988, 27.4291, -13.23551], "size": [1, 1.86286, 1], "uv": [49, 0]}
				]
			},
			{
				"name": "helmet15",
				"parent": "helmet",
				"pivot": [-0.6407, 17.55155, 0],
				"rotation": [0, 0, 5]
			},
			{
				"name": "helmet16",
				"parent": "helmet15",
				"pivot": [9.8593, 19.05155, 0]
			},
			{
				"name": "helmet17",
				"parent": "helmet16",
				"pivot": [9.8593, 19.05155, 0],
				"rotation": [45, 90, 0],
				"cubes": [
					{"origin": [13.60354, 28.69253, -7.50358], "size": [1, 3.64765, 1.27928], "uv": [57, 1], "mirror": true},
					{"origin": [13.60354, 28.69253, -6.78286], "size": [1, 4.56056, 0.52653], "uv": [57, 1], "mirror": true}
				]
			},
			{
				"name": "helmet18",
				"parent": "helmet15",
				"pivot": [9.8593, 19.05155, 0],
				"rotation": [45, 90, -40],
				"cubes": [
					{"origin": [13.60354, 31.26018, 0.44903], "size": [1, 0.98198, 1], "uv": [57, 1], "mirror": true}
				]
			},
			{
				"name": "helmet19",
				"parent": "helmet15",
				"pivot": [9.8593, 19.05155, 0],
				"rotation": [45, 90, 30],
				"cubes": [
					{"origin": [13.60354, 24.28874, -11.2109], "size": [1, 0.98198, 1], "uv": [57, 1], "mirror": true}
				]
			},
			{
				"name": "helmet20",
				"parent": "helmet15",
				"pivot": [9.8593, 19.05155, 0],
				"rotation": [45, 90, 5],
				"cubes": [
					{"origin": [13.60354, 29.00334, -7.19345], "size": [1, 8.36537, 0.56757], "uv": [57, 1], "mirror": true},
					{"origin": [13.60354, 29.00334, -7.44971], "size": [1, 4.45746, 0.82382], "uv": [57, 1], "mirror": true}
				]
			},
			{
				"name": "helmet21",
				"parent": "helmet15",
				"pivot": [9.8593, 19.05155, 0],
				"rotation": [45, 90, 5],
				"cubes": [
					{"origin": [13.60354, 36.88322, -7.33759], "size": [1, 1.43043, 0.85586], "uv": [57, 1], "mirror": true}
				]
			},
			{
				"name": "helmet24",
				"parent": "helmet15",
				"pivot": [9.8593, 19.05155, 0],
				"rotation": [45, 90, -20],
				"cubes": [
					{"origin": [13.60354, 31.60025, -4.08951], "size": [1, 0.98198, 1], "uv": [57, 1], "mirror": true}
				]
			},
			{
				"name": "helmet25",
				"parent": "helmet15",
				"pivot": [9.8593, 19.05155, 0],
				"rotation": [45, 90, 15],
				"cubes": [
					{"origin": [13.60354, 27.75359, -11.10116], "size": [1, 1.49449, 1], "uv": [57, 1], "mirror": true}
				]
			},
			{
				"name": "helmet26",
				"parent": "helmet15",
				"pivot": [9.8593, 19.05155, 0],
				"rotation": [45, 90, 35],
				"cubes": [
					{"origin": [13.60354, 24.83634, -13.9191], "size": [1, 1.49449, 1], "uv": [57, 1], "mirror": true}
				]
			},
			{
				"name": "helmet27",
				"parent": "helmet15",
				"pivot": [9.8593, 19.05155, 0],
				"rotation": [45, 90, 45],
				"cubes": [
					{"origin": [13.60354, 23.80321, -14.97167], "size": [1, 1.87888, 0.58358], "uv": [57, 1], "mirror": true}
				]
			},
			{
				"name": "armLeft",
				"pivot": [3, 17.5, 0],
				"rotation": [0, 0, -25],
				"cubes": [
					{"origin": [3, 9.5, -0.49449], "size": [2, 8, 2], "uv": [0, 35]}
				]
			},
			{
				"name": "chestPlateLeft",
				"parent": "armLeft",
				"pivot": [3, 17.5, 0]
			},
			{
				"name": "chestPlateLeft2",
				"parent": "chestPlateLeft",
				"pivot": [3, 17.5, 0],
				"cubes": [
					{"origin": [2.60861, 14.77227, -1.02302], "size": [3, 3, 3], "uv": [51, 54]}
				]
			},
			{
				"name": "chestPlateLeft16",
				"parent": "chestPlateLeft",
				"pivot": [3, 17.5, 0],
				"cubes": [
					{"origin": [3.35235, 12.47998, -1.02302], "size": [2, 1, 3], "uv": [51, 54]}
				]
			},
			{
				"name": "chestPlateLeft17",
				"parent": "chestPlateLeft",
				"pivot": [3, 17.5, 0],
				"cubes": [
					{"origin": [3.35235, 11.00651, -1.02302], "size": [2, 1, 3], "uv": [51, 54]}
				]
			},
			{
				"name": "chestPlateLeft3",
				"parent": "chestPlateLeft",
				"pivot": [3, 17.5, 0],
				"rotation": [0, 0, -50],
				"cubes": [
					{"origin": [3.00901, 15.58709, -1.02302], "size": [2, 1, 3], "uv": [51, 54]}
				]
			},
			{
				"name": "chestPlateLeft9",
				"parent": "chestPlateLeft",
				"pivot": [3, 17.5, 0],
				"rotation": [0, -45, -50],
				"cubes": [
					{"origin": [3.81852, 15.58709, -2.02265], "size": [2, 1, 2], "uv": [51, 54]}
				]
			},
			{
				"name": "chestPlateLeft4",
				"parent": "chestPlateLeft",
				"pivot": [3, 17.5, 0],
				"rotation": [0, 0, -10],
				"cubes": [
					{"origin": [3.98599, 15.73123, -1.02302], "size": [2, 1, 3], "uv": [51, 54]}
				]
			},
			{
				"name": "chestPlateLeft10",
				"parent": "chestPlateLeft",
				"pivot": [3, 17.5, 0],
				"rotation": [0, 0, 10],
				"cubes": [
					{"origin": [4.36115, 15.10405, -1.02302], "size": [2, 1, 3], "uv": [51, 54]}
				]
			},
			{
				"name": "chestPlateLeft14",
				"parent": "chestPlateLeft",
				"pivot": [3, 17.5, 0],
				"rotation": [0, 0, -25],
				"cubes": [
					{"origin": [2.21141, 13.92539, -1.02302], "size": [2, 1, 3], "uv": [51, 54]}
				]
			},
			{
				"name": "chestPlateLeft15",
				"parent": "chestPlateLeft",
				"pivot": [3, 17.5, 0],
				"rotation": [0, 0, 40],
				"cubes": [
					{"origin": [3.90642, 15.27461, -1.02302], "size": [2, 1, 3], "uv": [51, 54]}
				]
			},
			{
				"name": "chestPlateLeft11",
				"parent": "chestPlateLeft",
				"pivot": [3, 17.5, 0],
				"rotation": [0, 0, -20],
				"cubes": [
					{"origin": [4.71287, 13.74447, -1.02302], "size": [1, 1, 3], "uv": [51, 54]}
				]
			},
			{
				"name": "chestPlateLeft5",
				"parent": "chestPlateLeft",
				"pivot": [3, 17.5, 0],
				"rotation": [0, 0, -40],
				"cubes": [
					{"origin": [4.70156, 14.47521, -1.02302], "size": [2, 1, 3], "uv": [51, 54]}
				]
			},
			{
				"name": "chestPlateLeft6",
				"parent": "chestPlateLeft",
				"pivot": [3, 17.5, 0],
				"rotation": [0, 0, -5],
				"cubes": [
					{"origin": [7.19351, 16.96451, -1.02302], "size": [1, 1, 3], "uv": [51, 54]}
				]
			},
			{
				"name": "chestPlateLeft7",
				"parent": "chestPlateLeft",
				"pivot": [3, 17.5, 0],
				"rotation": [0, -45, -5],
				"cubes": [
					{"origin": [5.94898, 16.96451, -4.39575], "size": [2, 1, 1], "uv": [51, 54]}
				]
			},
			{
				"name": "chestPlateLeft12",
				"parent": "chestPlateLeft",
				"pivot": [3, 17.5, 0],
				"rotation": [0, -45, -15],
				"cubes": [
					{"origin": [4.41905, 13.99521, -2.86582], "size": [2, 1, 1], "uv": [51, 54]}
				]
			},
			{
				"name": "chestPlateLeft13",
				"parent": "chestPlateLeft",
				"pivot": [3, 17.5, 0],
				"rotation": [0, -45, -15],
				"cubes": [
					{"origin": [5.41905, 13.99521, -2.86582], "size": [1, 1, 2], "uv": [51, 54]}
				]
			},
			{
				"name": "chestPlateLeft8",
				"parent": "chestPlateLeft",
				"pivot": [3, 17.5, 0],
				"rotation": [0, -45, -5],
				"cubes": [
					{"origin": [6.94898, 16.96451, -4.39575], "size": [1, 1, 2], "uv": [51, 54]}
				]
			},
			{
				"name": "armRight",
				"pivot": [-3, 17.5, 0],
				"rotation": [0, 0, 25],
				"cubes": [
					{"origin": [-5, 9.5, -0.58358], "size": [2, 8, 2], "uv": [39, 39]}
				]
			},
			{
				"name": "chestPlateRight",
				"parent": "armRight",
				"pivot": [-3, 17.5, 0]
			},
			{
				"name": "chestPlateRight2",
				"parent": "chestPlateRight",
				"pivot": [-3, 17.5, 0],
				"cubes": [
					{"origin": [-5.60861, 14.77227, -1.02302], "size": [3, 3, 3], "uv": [51, 54], "mirror": true}
				]
			},
			{
				"name": "chestPlateRight3",
				"parent": "chestPlateRight",
				"pivot": [-3, 17.5, 0],
				"cubes": [
					{"origin": [-5.35235, 12.47998, -1.02302], "size": [2, 1, 3], "uv": [51, 54], "mirror": true}
				]
			},
			{
				"name": "chestPlateRight4",
				"parent": "chestPlateRight",
				"pivot": [-3, 17.5, 0],
				"cubes": [
					{"origin": [-5.35235, 11.00651, -1.02302], "size": [2, 1, 3], "uv": [51, 54], "mirror": true}
				]
			},
			{
				"name": "chestPlateRight5",
				"parent": "chestPlateRight",
				"pivot": [-3, 17.5, 0],
				"rotation": [0, 0, 50],
				"cubes": [
					{"origin": [-5.00901, 15.58709, -1.02302], "size": [2, 1, 3], "uv": [51, 54], "mirror": true}
				]
			},
			{
				"name": "chestPlateRight6",
				"parent": "chestPlateRight",
				"pivot": [-3, 17.5, 0],
				"rotation": [0, 45, 50],
				"cubes": [
					{"origin": [-5.81852, 15.58709, -2.02265], "size": [2, 1, 2], "uv": [51, 54], "mirror": true}
				]
			},
			{
				"name": "chestPlateRight7",
				"parent": "chestPlateRight",
				"pivot": [-3, 17.5, 0],
				"rotation": [0, 0, 10],
				"cubes": [
					{"origin": [-5.98599, 15.73123, -1.02302], "size": [2, 1, 3], "uv": [51, 54], "mirror": true}
				]
			},
			{
				"name": "chestPlateRight8",
				"parent": "chestPlateRight",
				"pivot": [-3, 17.5, 0],
				"rotation": [0, 0, -10],
				"cubes": [
					{"origin": [-6.36115, 15.10405, -1.02302], "size": [2, 1, 3], "uv": [51, 54], "mirror": true}
				]
			},
			{
				"name": "chestPlateRight9",
				"parent": "chestPlateRight",
				"pivot": [-3, 17.5, 0],
				"rotation": [0, 0, 25],
				"cubes": [
					{"origin": [-4.21141, 13.92539, -1.02302], "size": [2, 1, 3], "uv": [51, 54], "mirror": true}
				]
			},
			{
				"name": "chestPlateRight10",
				"parent": "chestPlateRight",
				"pivot": [-3, 17.5, 0],
				"rotation": [0, 0, -40],
				"cubes": [
					{"origin": [-5.90642, 15.27461, -1.02302], "size": [2, 1, 3], "uv": [51, 54], "mirror": true}
				]
			},
			{
				"name": "chestPlateRight11",
				"parent": "chestPlateRight",
				"pivot": [-3, 17.5, 0],
				"rotation": [0, 0, 20],
				"cubes": [
					{"origin": [-5.71287, 13.74447, -1.02302], "size": [1, 1, 3], "uv": [51, 54], "mirror": true}
				]
			},
			{
				"name": "chestPlateRight12",
				"parent": "chestPlateRight",
				"pivot": [-3, 17.5, 0],
				"rotation": [0, 0, 40],
				"cubes": [
					{"origin": [-6.70156, 14.47521, -1.02302], "size": [2, 1, 3], "uv": [51, 54], "mirror": true}
				]
			},
			{
				"name": "chestPlateRight13",
				"parent": "chestPlateRight",
				"pivot": [-3, 17.5, 0],
				"rotation": [0, 0, 5],
				"cubes": [
					{"origin": [-8.19351, 16.96451, -1.02302], "size": [1, 1, 3], "uv": [51, 54], "mirror": true}
				]
			},
			{
				"name": "chestPlateRight14",
				"parent": "chestPlateRight",
				"pivot": [-3, 17.5, 0],
				"rotation": [0, 45, 5],
				"cubes": [
					{"origin": [-7.94898, 16.96451, -4.39575], "size": [2, 1, 1], "uv": [51, 54], "mirror": true}
				]
			},
			{
				"name": "chestPlateRight15",
				"parent": "chestPlateRight",
				"pivot": [-3, 17.5, 0],
				"rotation": [0, 45, 15],
				"cubes": [
					{"origin": [-6.41905, 13.99521, -2.86582], "size": [2, 1, 1], "uv": [51, 54], "mirror": true}
				]
			},
			{
				"name": "chestPlateRight16",
				"parent": "chestPlateRight",
				"pivot": [-3, 17.5, 0],
				"rotation": [0, 45, 15],
				"cubes": [
					{"origin": [-6.41905, 13.99521, -2.86582], "size": [1, 1, 2], "uv": [51, 54], "mirror": true}
				]
			},
			{
				"name": "chestPlateRight17",
				"parent": "chestPlateRight",
				"pivot": [-3, 17.5, 0],
				"rotation": [0, 45, 5],
				"cubes": [
					{"origin": [-7.94898, 16.96451, -4.39575], "size": [1, 1, 2], "uv": [51, 54], "mirror": true}
				]
			},
			{
				"name": "body",
				"pivot": [0, 10.5, 0],
				"cubes": [
					{"origin": [-3.60235, 8.088, -2.16344], "size": [7, 3, 5], "uv": [24, 16]},
					{"origin": [-3.132, 11.0961, -2.21122], "size": [6, 7, 5], "uv": [1, 16]}
				]
			},
			{
				"name": "body2",
				"parent": "body",
				"pivot": [0, 11.5, 0]
			},
			{
				"name": "body3",
				"parent": "body2",
				"pivot": [0, 11.5, 0]
			},
			{
				"name": "suit",
				"parent": "body",
				"pivot": [0, 10.5, 0]
			},
			{
				"name": "suit2",
				"parent": "suit",
				"pivot": [-0.5, 19, 0.5],
				"rotation": [0, 0, 60],
				"cubes": [
					{"origin": [-1.5, 19, 0.5], "size": [1, 1, 1], "uv": [0, 0]}
				]
			},
			{
				"name": "suit4",
				"parent": "suit",
				"pivot": [-0.5, 19, 0.5]
			},
			{
				"name": "suit3",
				"parent": "suit",
				"pivot": [0.5, 19, 0.5],
				"rotation": [0, 0, -60]
			},
			{
				"name": "legRight",
				"pivot": [-2.06807, 9, 0.22422],
				"cubes": [
					{"origin": [-3.56806, 0, -1.03554], "size": [3, 9, 3], "uv": [27, 34]}
				]
			},
			{
				"name": "leggingsRight",
				"parent": "legRight",
				"pivot": [2, 9, 0]
			},
			{
				"name": "leggingsRight2",
				"parent": "leggingsRight",
				"pivot": [2, 9, 0],
				"rotation": [0, 0, -30],
				"cubes": [
					{"origin": [-2.8623, 7.92993, -1.73674], "size": [2, 1, 4], "uv": [47, 55]}
				]
			},
			{
				"name": "leggingsRight3",
				"parent": "leggingsRight",
				"pivot": [2, 9, 0],
				"rotation": [0, 0, -30],
				"cubes": [
					{"origin": [-4.22366, 5.41541, -1.73674], "size": [2, 1, 4], "uv": [47, 55]}
				]
			},
			{
				"name": "leggingsRight4",
				"parent": "leggingsRight",
				"pivot": [2, 9, 0],
				"cubes": [
					{"origin": [-3.98306, -0.01526, -1.73674], "size": [4, 3.27928, 4], "uv": [47, 55]},
					{"origin": [-0.98306, -0.01526, -1.73674], "size": [1, 3.93594, 4], "uv": [47, 55]}
				]
			},
			{
				"name": "leggingsRight5",
				"parent": "leggingsRight",
				"pivot": [2, 9, 0],
				"rotation": [0, 0, -30],
				"cubes": [
					{"origin": [-4.65609, 8.44244, -1.73674], "size": [2, 1, 4], "uv": [47, 55]}
				]
			},
			{
				"name": "leggingsLeft12",
				"parent": "leggingsRight",
				"pivot": [2, 9, 0],
				"rotation": [0, 0, -30],
				"cubes": [
					{"origin": [-6.04948, 6.02402, -1.73674], "size": [2, 1, 4], "uv": [47, 55]}
				]
			},
			{
				"name": "legLeft",
				"pivot": [1.90791, 9, 0.51251],
				"cubes": [
					{"origin": [0.19971, 0, -1.16366], "size": [3, 9, 3], "uv": [15, 34]}
				]
			},
			{
				"name": "leggingsLeft",
				"parent": "legLeft",
				"pivot": [5.71572, 9, 0]
			},
			{
				"name": "leggingsLeft2",
				"parent": "leggingsLeft",
				"pivot": [5.71572, 9, 0],
				"rotation": [0, 0, -30],
				"cubes": [
					{"origin": [0.81182, 7.95395, -1.73674], "size": [2, 1, 4], "uv": [47, 55]}
				]
			},
			{
				"name": "leggingsLeft5",
				"parent": "leggingsLeft",
				"pivot": [5.71572, 9, 0],
				"rotation": [0, 0, -30],
				"cubes": [
					{"origin": [-0.54955, 5.43944, -1.73674], "size": [2, 1, 4], "uv": [47, 55]}
				]
			},
			{
				"name": "leggingsLeft6",
				"parent": "leggingsLeft",
				"pivot": [5.71572, 9, 0],
				"cubes": [
					{"origin": [-0.31539, -0.01526, -1.73674], "size": [4, 3.27928, 4], "uv": [47, 55]},
					{"origin": [2.68461, -0.01526, -1.73674], "size": [1, 3.93594, 4], "uv": [47, 55]}
				]
			},
			{
				"name": "leggingsLeft3",
				"parent": "leggingsLeft",
				"pivot": [5.71572, 9, 0],
				"rotation": [0, 0, -30],
				"cubes": [
					{"origin": [-0.98198, 8.46647, -1.73674], "size": [2, 1, 4], "uv": [47, 55]}
				]
			},
			{
				"name": "leggingsLeft4",
				"parent": "leggingsLeft",
				"pivot": [5.71572, 9, 0],
				"rotation": [0, 0, -30],
				"cubes": [
					{"origin": [-2.37537, 6.04805, -1.73674], "size": [2, 1, 4], "uv": [47, 55]}
				]
			},
			{
				"name": "chestPlateMiddle",
				"pivot": [0, 0, 0]
			},
			{
				"name": "chestPlateMiddle2",
				"parent": "chestPlateMiddle",
				"pivot": [0, 0, 0]
			},
			{
				"name": "chestPlateMiddle3",
				"parent": "chestPlateMiddle2",
				"pivot": [0, 0, 0],
				"cubes": [
					{"origin": [-2.98398, 15, -2.72573], "size": [6, 3, 1], "uv": [48, 57]}
				]
			},
			{
				"name": "chestPlateMiddle9",
				"parent": "chestPlateMiddle2",
				"pivot": [0, 0, 0],
				"cubes": [
					{"origin": [-3.52227, 7.94386, -3.16344], "size": [7, 3.27227, 1], "uv": [48, 57]}
				]
			},
			{
				"name": "chestPlateMiddle12",
				"parent": "chestPlateMiddle2",
				"pivot": [0, 0, 0],
				"cubes": [
					{"origin": [-3.52227, 7.94386, 2.92365], "size": [7, 3.27227, 1], "uv": [48, 57]}
				]
			},
			{
				"name": "chestPlateMiddle10",
				"parent": "chestPlateMiddle2",
				"pivot": [0, 0, 0],
				"rotation": [0, -90, 0],
				"cubes": [
					{"origin": [-3.16344, 7.94386, -3.47773], "size": [7, 3.27227, 1], "uv": [48, 57]}
				]
			},
			{
				"name": "chestPlateMiddle11",
				"parent": "chestPlateMiddle2",
				"pivot": [0, 0, 0],
				"rotation": [0, -90, 0],
				"cubes": [
					{"origin": [-3.16344, 7.94386, 2.66641], "size": [7, 3.27227, 1], "uv": [48, 57]}
				]
			},
			{
				"name": "chestPlateMiddle8",
				"parent": "chestPlateMiddle2",
				"pivot": [0, 0, 0],
				"cubes": [
					{"origin": [-2.98398, 15, 2.25526], "size": [6, 3, 1], "uv": [48, 57]}
				]
			},
			{
				"name": "chestPlateMiddle6",
				"parent": "chestPlateMiddle2",
				"pivot": [0, 0, 0],
				"rotation": [0, -90, 0],
				"cubes": [
					{"origin": [-2.72573, 15, -2.88789], "size": [6, 3, 1], "uv": [48, 57]}
				]
			},
			{
				"name": "chestPlateMiddle7",
				"parent": "chestPlateMiddle2",
				"pivot": [0, 0, 0],
				"rotation": [0, -90, 0],
				"cubes": [
					{"origin": [-2.72573, 15, 2.20821], "size": [6, 3, 1], "uv": [48, 57]}
				]
			},
			{
				"name": "chestPlateMiddle4",
				"parent": "chestPlateMiddle2",
				"pivot": [0, 0, 0],
				"rotation": [0, 0, 45],
				"cubes": [
					{"origin": [-12.7166, 8.49661, -2.72573], "size": [4, 3, 1], "uv": [50, 56]}
				]
			},
			{
				"name": "chestPlateMiddle5",
				"parent": "chestPlateMiddle2",
				"pivot": [0, 0, 0],
				"rotation": [0, 0, -45],
				"cubes": [
					{"origin": [8.49661, 8.7166, -2.72573], "size": [4, 3, 1], "uv": [50, 57]}
				]
			}
		]
	}
}