{
	"format_version": "1.10.0",
	"geometry.model": {
		"texturewidth": 64,
		"textureheight": 64,
		"visible_bounds_width": 1,
		"visible_bounds_height": 2,
		"visible_bounds_offset": [0, 1, 0],
		"bones": [
			{
				"name": "head",
				"pivot": [-0.064, 18, 0],
				"cubes": [
					{"origin": [-4.064, 18, -4], "size": [8, 8, 8], "uv": [0, 0]}
				]
			},
			{
				"name": "blink",
				"parent": "head",
				"pivot": [-0.064, 0, 0],
				"cubes": [
					{"origin": [-4.064, 18, -4.001], "size": [8, 8, 0], "uv": [32, 8]}
				]
			},
			{
				"name": "headleave2",
				"parent": "head",
				"pivot": [0.23478, 25.6003, 0]
			},
			{
				"name": "headleave4",
				"parent": "headleave2",
				"pivot": [6.16176, 18.38784, -2.5]
			},
			{
				"name": "headleave6",
				"parent": "headleave4",
				"pivot": [6.16176, 18.38784, -2.5]
			},
			{
				"name": "headleave7",
				"parent": "headleave4",
				"pivot": [-1.93824, 19.18784, -3.5],
				"rotation": [0, 0, -5],
				"cubes": [
					{"origin": [3.12329, 15.29536, -3.80781], "size": [0.61562, 2.79179, 1], "uv": [61, 55]}
				]
			},
			{
				"name": "headleave10",
				"parent": "headleave4",
				"pivot": [-1.93824, 19.18784, -3.5],
				"cubes": [
					{"origin": [2.68988, 14.93669, -3.83984], "size": [0.61562, 2.79179, 1], "uv": [61, 55]}
				]
			},
			{
				"name": "headleave11",
				"parent": "headleave4",
				"pivot": [-1.43824, 17.08784, -3.5],
				"rotation": [0, 0, 22],
				"cubes": [
					{"origin": [1.9597, 17.69184, -3.77578], "size": [1.46446, 3, 1], "uv": [4, 49]},
					{"origin": [2.00774, 15.69184, -3.82382], "size": [0.72773, 3, 1], "uv": [62, 54]}
				]
			},
			{
				"name": "headleave22",
				"parent": "headleave4",
				"pivot": [-1.43824, 17.08784, -3.5],
				"cubes": [
					{"origin": [2.95572, 18.60792, -3.77578], "size": [1.46446, 4.47347, 1], "uv": [6, 47]}
				]
			},
			{
				"name": "headleave38",
				"parent": "headleave4",
				"pivot": [-1.43824, 17.08784, -3.5],
				"rotation": [0, 0, 22],
				"cubes": [
					{"origin": [1.91165, 17.1493, -3.82382], "size": [0.72773, 3, 1], "uv": [62, 54]}
				]
			},
			{
				"name": "headleave39",
				"parent": "headleave4",
				"pivot": [6.16176, 18.38784, -2.5],
				"rotation": [-10, 0, -5]
			},
			{
				"name": "headleave55",
				"parent": "headleave4",
				"pivot": [6.16176, 18.38784, -2.5],
				"rotation": [-20, 0, -10]
			},
			{
				"name": "headleave3",
				"parent": "headleave2",
				"pivot": [-6.16176, 18.38784, -2.5]
			},
			{
				"name": "headleave5",
				"parent": "headleave3",
				"pivot": [-6.16176, 18.38784, -2.5]
			},
			{
				"name": "headleave8",
				"parent": "headleave3",
				"pivot": [1.93824, 19.18784, -3.5],
				"rotation": [0, 0, 5],
				"cubes": [
					{"origin": [-3.73891, 15.29536, -3.80781], "size": [0.61562, 2.79179, 1], "uv": [61, 55], "mirror": true}
				]
			},
			{
				"name": "headleave12",
				"parent": "headleave3",
				"pivot": [1.93824, 19.18784, -3.5],
				"cubes": [
					{"origin": [-3.3055, 14.93669, -3.83984], "size": [0.61562, 2.79179, 1], "uv": [61, 55], "mirror": true}
				]
			},
			{
				"name": "headleave13",
				"parent": "headleave3",
				"pivot": [1.43824, 17.08784, -3.5],
				"rotation": [0, 0, -22],
				"cubes": [
					{"origin": [-3.42416, 17.69184, -3.77578], "size": [1.46446, 3, 1], "uv": [4, 49], "mirror": true},
					{"origin": [-2.73547, 15.69184, -3.82382], "size": [0.72773, 3, 1], "uv": [62, 54], "mirror": true}
				]
			},
			{
				"name": "headleave14",
				"parent": "headleave3",
				"pivot": [1.43824, 17.08784, -3.5],
				"cubes": [
					{"origin": [-4.42018, 18.60792, -3.77578], "size": [1.46446, 4.47347, 1], "uv": [6, 47], "mirror": true}
				]
			},
			{
				"name": "headleave15",
				"parent": "headleave3",
				"pivot": [1.43824, 17.08784, -3.5],
				"rotation": [0, 0, -22],
				"cubes": [
					{"origin": [-2.63938, 17.1493, -3.82382], "size": [0.72773, 3, 1], "uv": [62, 54], "mirror": true}
				]
			},
			{
				"name": "headleave40",
				"parent": "headleave3",
				"pivot": [-6.16176, 18.38784, -2.5],
				"rotation": [-10, 0, 5]
			},
			{
				"name": "headleave41",
				"parent": "headleave3",
				"pivot": [-6.16176, 18.38784, -2.5],
				"rotation": [-20, 0, 10]
			},
			{
				"name": "headleave9",
				"parent": "headleave2",
				"pivot": [-2.41522, 15.5503, -3.5],
				"rotation": [8, 0, 0],
				"cubes": [
					{"origin": [2.93478, 15.5503, 4.25], "size": [1, 8.9, 1], "uv": [14, 50]}
				]
			},
			{
				"name": "headleave20",
				"parent": "headleave2",
				"pivot": [-2.41522, 15.5503, -3.5],
				"rotation": [14, 5, 10]
			},
			{
				"name": "headleave30",
				"parent": "headleave2",
				"pivot": [-2.41522, 15.5503, -3.5],
				"rotation": [17, 5, -10]
			},
			{
				"name": "headleave24",
				"parent": "headleave2",
				"pivot": [-2.41522, 15.5503, -3.5],
				"rotation": [19, 5, 7]
			},
			{
				"name": "headleave29",
				"parent": "headleave2",
				"pivot": [-2.41522, 15.5503, -3.5],
				"rotation": [16, 5, -7]
			},
			{
				"name": "headleave25",
				"parent": "headleave2",
				"pivot": [-2.41522, 15.5503, -3.5],
				"rotation": [10, 5, 7]
			},
			{
				"name": "headleave26",
				"parent": "headleave2",
				"pivot": [-2.41522, 15.5503, -3.5],
				"rotation": [17, 5, 4]
			},
			{
				"name": "headleave28",
				"parent": "headleave2",
				"pivot": [-2.41522, 15.5503, -3.5],
				"rotation": [16, 5, -4]
			},
			{
				"name": "headleave27",
				"parent": "headleave2",
				"pivot": [-2.41522, 15.5503, -3.5],
				"rotation": [14, 5, 2]
			},
			{
				"name": "headleave18",
				"parent": "headleave2",
				"pivot": [-2.41522, 15.5503, -3.5],
				"rotation": [11, 0, 0],
				"cubes": [
					{"origin": [2.03478, 15.3503, 4.65], "size": [1, 8.9, 1], "uv": [14, 50]},
					{"origin": [-2.92522, 15.3503, 4.65], "size": [1, 8.9, 1], "uv": [13, 50]}
				]
			},
			{
				"name": "headleave19",
				"parent": "headleave2",
				"pivot": [-2.41522, 15.5503, -3.5],
				"rotation": [13, 0, 0],
				"cubes": [
					{"origin": [1.03478, 14.8503, 5.05], "size": [1, 8.9, 1], "uv": [14, 50]},
					{"origin": [-1.97322, 14.8503, 5.05], "size": [1, 8.9, 1], "uv": [13, 50]},
					{"origin": [-1.97322, 14.8503, 5.05], "size": [1, 8.9, 1], "uv": [14, 50]},
					{"origin": [-3.86122, 14.8503, 5.05], "size": [1, 8.9, 1], "uv": [13, 49]}
				]
			},
			{
				"name": "headleave21",
				"parent": "headleave2",
				"pivot": [-2.41522, 15.5503, -3.5],
				"rotation": [15, 0, 0],
				"cubes": [
					{"origin": [0.03478, 14.4663, 5.242], "size": [1, 8.9, 1], "uv": [14, 50]},
					{"origin": [-0.95722, 14.3703, 5.082], "size": [1, 8.9, 1], "uv": [14, 50]}
				]
			},
			{
				"name": "head2",
				"parent": "head",
				"pivot": [0.23478, 25.6003, 0]
			},
			{
				"name": "headleave16",
				"parent": "head2",
				"pivot": [6.23478, 24.6003, -0.5],
				"rotation": [0, 0, -40],
				"cubes": [
					{"origin": [2.17272, 23.4696, -3.88989], "size": [2.56056, 3.3023, 4], "uv": [1, 46]}
				]
			},
			{
				"name": "headleave54",
				"parent": "head2",
				"pivot": [-6.23478, 24.6003, -0.5],
				"rotation": [0, 0, 40],
				"cubes": [
					{"origin": [-4.6739, 23.49851, -3.80981], "size": [2.41641, 3.3023, 4], "uv": [1, 46], "mirror": true}
				]
			},
			{
				"name": "headleave36",
				"parent": "head2",
				"pivot": [6.23478, 24.6003, -0.5],
				"rotation": [0, 0, -25],
				"cubes": [
					{"origin": [2.84499, 23.44623, -3.88989], "size": [1.82382, 3.3023, 4], "uv": [0, 45]}
				]
			},
			{
				"name": "headleave53",
				"parent": "head2",
				"pivot": [-6.23478, 24.6003, -0.5],
				"rotation": [0, 0, 25],
				"cubes": [
					{"origin": [-4.60398, 23.45879, -3.88989], "size": [1.82382, 3.3023, 4], "uv": [0, 45], "mirror": true}
				]
			},
			{
				"name": "headleave34",
				"parent": "head2",
				"pivot": [-6.23478, 24.6003, -0.5],
				"rotation": [0, 0, 35]
			},
			{
				"name": "headleave35",
				"parent": "head2",
				"pivot": [-6.23478, 24.6003, -0.5],
				"rotation": [-45, 0, 30]
			},
			{
				"name": "headleave31",
				"parent": "head2",
				"pivot": [3.04805, 25.05506, -2.23123],
				"rotation": [-10, 0, 0]
			},
			{
				"name": "headleave58",
				"parent": "head2",
				"pivot": [-3.04805, 25.05506, -2.23123],
				"rotation": [-10, 0, 0]
			},
			{
				"name": "headleave59",
				"parent": "headleave58",
				"pivot": [-1.03049, 25.39209, 0],
				"rotation": [0, 0, 20]
			},
			{
				"name": "headleave60",
				"parent": "headleave59",
				"pivot": [-1.03049, 25.39209, 0],
				"rotation": [0, 0, 30],
				"cubes": [
					{"origin": [0.82189, 27.89787, -2.98888], "size": [0.5996, 4.74374, 1], "uv": [1, 57]},
					{"origin": [1.3849, 26.61173, -2.89278], "size": [1.11211, 4.54254, 0.48048], "uv": [7, 60]},
					{"origin": [1.3849, 26.61173, -2.35725], "size": [1.11211, 5.98398, 0.36837], "uv": [2, 58]}
				]
			},
			{
				"name": "headleave61",
				"parent": "headleave59",
				"pivot": [-1.03049, 25.39209, 0],
				"rotation": [0, 0, 30],
				"cubes": [
					{"origin": [2.45173, 25.98913, -2.98888], "size": [0.63163, 6.72973, 1], "uv": [1, 57]}
				]
			},
			{
				"name": "headleave62",
				"parent": "headleave59",
				"pivot": [-1.03049, 25.39209, 0],
				"rotation": [0, 0, 30],
				"cubes": [
					{"origin": [1.3849, 30.57769, -2.89278], "size": [1.11211, 1.89289, 0.48048], "uv": [7, 61]}
				]
			},
			{
				"name": "headleave63",
				"parent": "headleave59",
				"pivot": [-1.03049, 25.39209, 0],
				"rotation": [0, 0, -90],
				"cubes": [
					{"origin": [3.51379, 18.65462, -2.98888], "size": [0.80781, 1.50851, 1.03204], "uv": [2, 60]}
				]
			},
			{
				"name": "headleave64",
				"parent": "headleave59",
				"pivot": [-1.03049, 25.39209, 0],
				"rotation": [0, 0, -25],
				"cubes": [
					{"origin": [6.52305, 26.22468, -2.98888], "size": [0.80781, 1.15615, 1.03204], "uv": [1, 60]}
				]
			},
			{
				"name": "headleave17",
				"parent": "headleave58",
				"pivot": [1.03049, 25.39209, 0],
				"rotation": [0, 0, -20]
			},
			{
				"name": "headleave23",
				"parent": "headleave17",
				"pivot": [1.03049, 25.39209, 0],
				"rotation": [0, 0, -30],
				"cubes": [
					{"origin": [-1.41119, 27.8856, -2.98888], "size": [0.5996, 4.74374, 1], "uv": [1, 57], "mirror": true},
					{"origin": [-2.48671, 26.59946, -2.89278], "size": [1.11211, 4.54254, 0.24024], "uv": [8, 60], "mirror": true},
					{"origin": [-2.48671, 26.59946, -2.18608], "size": [1.11211, 5.98398, 0.23123], "uv": [2, 58], "mirror": true}
				]
			},
			{
				"name": "headleave32",
				"parent": "headleave17",
				"pivot": [1.03049, 25.39209, 0],
				"rotation": [0, 0, -30],
				"cubes": [
					{"origin": [-3.07307, 25.97686, -2.98888], "size": [0.63163, 6.72973, 1.02302], "uv": [1, 57], "mirror": true}
				]
			},
			{
				"name": "headleave33",
				"parent": "headleave17",
				"pivot": [1.03049, 25.39209, 0],
				"rotation": [0, 0, -30],
				"cubes": [
					{"origin": [-2.48671, 30.56542, -2.89278], "size": [1.11211, 1.89289, 0.24024], "uv": [8, 60], "mirror": true}
				]
			},
			{
				"name": "headleave56",
				"parent": "headleave17",
				"pivot": [1.03049, 25.39209, 0],
				"rotation": [0, 0, 90],
				"cubes": [
					{"origin": [-4.31612, 18.66967, -2.98888], "size": [0.80781, 1.50851, 1.03204], "uv": [2, 59], "mirror": true}
				]
			},
			{
				"name": "headleave57",
				"parent": "headleave17",
				"pivot": [1.03049, 25.39209, 0],
				"rotation": [0, 0, 25],
				"cubes": [
					{"origin": [-7.3149, 26.22608, -2.98888], "size": [0.80781, 1.15615, 1.03204], "uv": [2, 59], "mirror": true}
				]
			},
			{
				"name": "headleave46",
				"parent": "head2",
				"pivot": [0.23478, 25.6003, 0]
			},
			{
				"name": "headleave37",
				"parent": "headleave46",
				"pivot": [4.19824, 16.6493, 11.00732],
				"rotation": [0, 0, -20]
			},
			{
				"name": "headleave42",
				"parent": "headleave46",
				"pivot": [4.19824, 16.6493, 11.00732],
				"rotation": [0, 0, -15]
			},
			{
				"name": "headleave43",
				"parent": "headleave46",
				"pivot": [4.19824, 16.6493, 11.00732],
				"rotation": [0, 0, -10]
			},
			{
				"name": "headleave44",
				"parent": "headleave46",
				"pivot": [4.19824, 16.6493, 11.00732],
				"rotation": [5, 0, -5]
			},
			{
				"name": "headleave45",
				"parent": "headleave46",
				"pivot": [4.19824, 16.6493, 11.00732],
				"rotation": [3, 0, -10]
			},
			{
				"name": "headleave47",
				"parent": "head2",
				"pivot": [-0.23478, 25.6003, 0]
			},
			{
				"name": "headleave48",
				"parent": "headleave47",
				"pivot": [-4.19824, 16.6493, 11.00732],
				"rotation": [0, 0, 20]
			},
			{
				"name": "headleave49",
				"parent": "headleave47",
				"pivot": [-4.19824, 16.6493, 11.00732],
				"rotation": [0, 0, 15]
			},
			{
				"name": "headleave50",
				"parent": "headleave47",
				"pivot": [-4.19824, 16.6493, 11.00732],
				"rotation": [0, 0, 10]
			},
			{
				"name": "headleave51",
				"parent": "headleave47",
				"pivot": [-4.19824, 16.6493, 11.00732],
				"rotation": [5, 0, 5]
			},
			{
				"name": "headleave52",
				"parent": "headleave47",
				"pivot": [-4.19824, 16.6493, 11.00732],
				"rotation": [3, 0, 10]
			},
			{
				"name": "ahoge",
				"parent": "head",
				"pivot": [-0.01608, 25.43243, -0.8969]
			},
			{
				"name": "ahoge2",
				"parent": "ahoge",
				"pivot": [-0.01608, 25.43243, -0.8969],
				"rotation": [-20, 0, 35],
				"cubes": [
					{"origin": [-1.92899, 25.26126, -1.04805], "size": [2, 2, 0], "uv": [48, 37], "mirror": true}
				]
			},
			{
				"name": "armLeft",
				"pivot": [3, 17.5, 0],
				"rotation": [0, 0, -25],
				"cubes": [
					{"origin": [3, 9.5, -1], "size": [2, 8, 2], "uv": [0, 35]}
				]
			},
			{
				"name": "armLeft2",
				"parent": "armLeft",
				"pivot": [3, 17.5, 0]
			},
			{
				"name": "armRight7",
				"parent": "armLeft2",
				"pivot": [3, 17.5, 0],
				"cubes": [
					{"origin": [4.97497, 12.5, -1], "size": [0.61562, 5.47147, 2], "uv": [48, 1], "mirror": true},
					{"origin": [2.63575, 12.5, -1.08423], "size": [0.61562, 5.47147, 2], "uv": [46, 0], "mirror": true},
					{"origin": [3.54054, 12.5, -0.51952], "size": [2.16917, 5.58358, 1.1031], "uv": [55, 37], "mirror": true}
				]
			},
			{
				"name": "armRight8",
				"parent": "armLeft2",
				"pivot": [3, 17.5, 0],
				"rotation": [0, 90, 0],
				"cubes": [
					{"origin": [3.90392, 12.5, 0.07105], "size": [0.61562, 5.47147, 2], "uv": [46, 0], "mirror": true},
					{"origin": [1.56469, 12.5, 0.15528], "size": [0.61562, 5.47147, 2], "uv": [46, 0], "mirror": true},
					{"origin": [1.56469, 12.5, 0.15528], "size": [0.61562, 5.47147, 2], "uv": [46, 0], "mirror": true}
				]
			},
			{
				"name": "armRight9",
				"parent": "armLeft2",
				"pivot": [3, 17.5, 0],
				"rotation": [0, 45, 0],
				"cubes": [
					{"origin": [4.92332, 12.5, 0.38998], "size": [0.61562, 5.47147, 0.73473], "uv": [49, 2], "mirror": true},
					{"origin": [3.5091, 12.5, -1.02423], "size": [0.61562, 5.47147, 0.73473], "uv": [49, 2], "mirror": true},
					{"origin": [2.09489, 12.5, 0.38998], "size": [0.61562, 5.47147, 0.73473], "uv": [49, 2], "mirror": true},
					{"origin": [3.5091, 12.5, 1.8042], "size": [0.61562, 5.47147, 0.73473], "uv": [49, 2], "mirror": true}
				]
			},
			{
				"name": "bone2",
				"parent": "armLeft2",
				"pivot": [3, 17.5, 0],
				"cubes": [
					{"origin": [3.14915, 17.51301, -1], "size": [2.44144, 0.45846, 2.06406], "uv": [24, 56], "mirror": true}
				]
			},
			{
				"name": "armLeft3",
				"parent": "armLeft",
				"pivot": [3, 15.12963, 0]
			},
			{
				"name": "armRight10",
				"parent": "armLeft3",
				"pivot": [3, 15.12963, 0],
				"cubes": [
					{"origin": [4.97497, 10.12963, -1], "size": [0.61562, 5.47147, 2], "uv": [50, 1], "mirror": true},
					{"origin": [2.63575, 10.12963, -1.08423], "size": [0.61562, 5.47147, 2], "uv": [46, 0], "mirror": true},
					{"origin": [5.59059, 10.24775, -0.51952], "size": [0.11912, 5.47147, 1.1031], "uv": [59, 40], "mirror": true}
				]
			},
			{
				"name": "armRight2",
				"parent": "armLeft3",
				"pivot": [3, 15.12963, 0],
				"cubes": [
					{"origin": [4.97497, 10.12963, -1], "size": [0.61562, 5.47147, 2], "uv": [50, 1], "mirror": true},
					{"origin": [2.63575, 10.12963, -1.08423], "size": [0.61562, 5.47147, 2], "uv": [46, 0], "mirror": true},
					{"origin": [5.04605, 10.03954, -0.51952], "size": [0.66367, 5.67968, 1.1031], "uv": [59, 40], "mirror": true}
				]
			},
			{
				"name": "armRight11",
				"parent": "armLeft3",
				"pivot": [3, 15.12963, 0],
				"rotation": [0, 90, 0],
				"cubes": [
					{"origin": [3.90392, 10.12963, 0.07105], "size": [0.61562, 5.47147, 2], "uv": [46, 0], "mirror": true},
					{"origin": [1.56469, 10.12963, 0.15528], "size": [0.61562, 5.47147, 2], "uv": [46, 0], "mirror": true},
					{"origin": [1.56469, 10.12963, 0.15528], "size": [0.61562, 5.47147, 2], "uv": [46, 0], "mirror": true}
				]
			},
			{
				"name": "armRight12",
				"parent": "armLeft3",
				"pivot": [3, 15.12963, 0],
				"rotation": [0, 45, 0],
				"cubes": [
					{"origin": [4.92332, 10.12963, 0.38998], "size": [0.61562, 5.47147, 0.73473], "uv": [49, 2], "mirror": true},
					{"origin": [3.5091, 10.12963, -1.02423], "size": [0.61562, 5.47147, 0.73473], "uv": [49, 2], "mirror": true},
					{"origin": [2.09489, 10.12963, 0.38998], "size": [0.61562, 5.47147, 0.73473], "uv": [49, 2], "mirror": true},
					{"origin": [3.5091, 10.12963, 1.8042], "size": [0.61562, 5.47147, 0.73473], "uv": [49, 2], "mirror": true}
				]
			},
			{
				"name": "armRight",
				"pivot": [-3, 17.5, 0],
				"rotation": [0, 0, 25],
				"cubes": [
					{"origin": [-5, 9.5, -1], "size": [2, 8, 2], "uv": [39, 39]}
				]
			},
			{
				"name": "armRight16",
				"parent": "armRight",
				"pivot": [-3, 17.5, 0]
			},
			{
				"name": "armRight3",
				"parent": "armRight16",
				"pivot": [-3, 17.5, 0],
				"cubes": [
					{"origin": [-5.59059, 12.5, -1], "size": [0.61562, 5.47147, 2], "uv": [48, 1]},
					{"origin": [-3.25137, 12.5, -1.08423], "size": [0.61562, 5.47147, 2], "uv": [46, 0]},
					{"origin": [-5.70971, 12.5, -0.51952], "size": [2.32933, 5.55155, 1.1031], "uv": [55, 39]}
				]
			},
			{
				"name": "armRight4",
				"parent": "armRight16",
				"pivot": [-3, 17.5, 0],
				"rotation": [0, -90, 0],
				"cubes": [
					{"origin": [-4.51954, 12.5, 0.07105], "size": [0.61562, 5.47147, 2], "uv": [46, 0]},
					{"origin": [-2.18031, 12.5, 0.15528], "size": [0.61562, 5.47147, 2], "uv": [46, 0]},
					{"origin": [-2.18031, 12.5, 0.15528], "size": [0.61562, 5.47147, 2], "uv": [46, 0]}
				]
			},
			{
				"name": "armRight5",
				"parent": "armRight16",
				"pivot": [-3, 17.5, 0],
				"rotation": [0, -45, 0],
				"cubes": [
					{"origin": [-5.53894, 12.5, 0.38998], "size": [0.61562, 5.47147, 0.73473], "uv": [49, 2]},
					{"origin": [-4.12472, 12.5, -1.02423], "size": [0.61562, 5.47147, 0.73473], "uv": [49, 2]},
					{"origin": [-2.71051, 12.5, 0.38998], "size": [0.61562, 5.47147, 0.73473], "uv": [49, 2]},
					{"origin": [-4.12472, 12.5, 1.8042], "size": [0.61562, 5.47147, 0.73473], "uv": [49, 2]}
				]
			},
			{
				"name": "bone3",
				"parent": "armRight16",
				"pivot": [-3, 17.5, 0],
				"cubes": [
					{"origin": [-5.59059, 17.51301, -1], "size": [2.44144, 0.45846, 2.06406], "uv": [24, 56]}
				]
			},
			{
				"name": "armRight17",
				"parent": "armRight",
				"pivot": [-3, 15.12963, 0]
			},
			{
				"name": "armRight6",
				"parent": "armRight17",
				"pivot": [-3, 15.12963, 0],
				"cubes": [
					{"origin": [-5.59059, 10.12963, -1], "size": [0.61562, 5.47147, 2], "uv": [50, 1]},
					{"origin": [-3.25137, 10.12963, -1.08423], "size": [0.61562, 5.47147, 2], "uv": [46, 0]},
					{"origin": [-5.70971, 10.07157, -0.51952], "size": [0.71172, 5.64765, 1.1031], "uv": [59, 40]}
				]
			},
			{
				"name": "armRight13",
				"parent": "armRight17",
				"pivot": [-3, 15.12963, 0],
				"cubes": [
					{"origin": [-5.59059, 10.12963, -1], "size": [0.61562, 5.47147, 2], "uv": [50, 1]},
					{"origin": [-3.25137, 10.12963, -1.08423], "size": [0.61562, 5.47147, 2], "uv": [46, 0]},
					{"origin": [-5.70971, 10.24775, -0.51952], "size": [0.11912, 5.47147, 1.1031], "uv": [59, 40]}
				]
			},
			{
				"name": "armRight14",
				"parent": "armRight17",
				"pivot": [-3, 15.12963, 0],
				"rotation": [0, -90, 0],
				"cubes": [
					{"origin": [-4.51954, 10.12963, 0.07105], "size": [0.61562, 5.47147, 2], "uv": [46, 0]},
					{"origin": [-2.18031, 10.12963, 0.15528], "size": [0.61562, 5.47147, 2], "uv": [46, 0]},
					{"origin": [-2.18031, 10.12963, 0.15528], "size": [0.61562, 5.47147, 2], "uv": [46, 0]}
				]
			},
			{
				"name": "armRight15",
				"parent": "armRight17",
				"pivot": [-3, 15.12963, 0],
				"rotation": [0, -45, 0],
				"cubes": [
					{"origin": [-5.53894, 10.12963, 0.38998], "size": [0.61562, 5.47147, 0.73473], "uv": [49, 2]},
					{"origin": [-4.12472, 10.12963, -1.02423], "size": [0.61562, 5.47147, 0.73473], "uv": [49, 2]},
					{"origin": [-2.71051, 10.12963, 0.38998], "size": [0.61562, 5.47147, 0.73473], "uv": [49, 2]},
					{"origin": [-4.12472, 10.12963, 1.8042], "size": [0.61562, 5.47147, 0.73473], "uv": [49, 2]}
				]
			},
			{
				"name": "body",
				"pivot": [0, 10.5, 0],
				"cubes": [
					{"origin": [-2.88163, 11, -2.5], "size": [5.47107, 1.25, 5], "uv": [19, 27]},
					{"origin": [-3.53828, 8.088, -2.724], "size": [7, 3, 5], "uv": [24, 16]},
					{"origin": [-2.9, 11, -2.5], "size": [5.7, 7, 5], "uv": [19, 22]},
					{"origin": [-3.132, 11.0961, -2.996], "size": [6, 7, 5.74374], "uv": [1, 16]}
				]
			},
			{
				"name": "collar",
				"parent": "body",
				"pivot": [0, 11.5, 0]
			},
			{
				"name": "suit",
				"parent": "body",
				"pivot": [0, 12.34184, 0]
			},
			{
				"name": "skirt",
				"parent": "body",
				"pivot": [0.12813, 0, 0.46446]
			},
			{
				"name": "skirt13",
				"parent": "skirt",
				"pivot": [0.12813, 0, 0.46446]
			},
			{
				"name": "skirt2",
				"parent": "skirt13",
				"pivot": [-1.87187, 12.00951, -3.16467],
				"cubes": [
					{"origin": [-2.87187, 6.75676, -3.42443], "size": [2, 10.23324, 0.51952], "uv": [51, 2]}
				]
			},
			{
				"name": "skirt40",
				"parent": "skirt13",
				"pivot": [-1.87187, 12.00951, -3.16467],
				"rotation": [0, 0, 20],
				"cubes": [
					{"origin": [-2.82382, 8.02203, -3.61662], "size": [0.91091, 2.86587, 0.51952], "uv": [62, 23]}
				]
			},
			{
				"name": "skirt41",
				"parent": "skirt13",
				"pivot": [1.87187, 12.00951, -3.16467],
				"rotation": [0, 0, -20],
				"cubes": [
					{"origin": [1.91291, 8.02203, -3.61662], "size": [0.91091, 2.86587, 0.51952], "uv": [62, 23], "mirror": true}
				]
			},
			{
				"name": "skirt10",
				"parent": "skirt13",
				"pivot": [-1.87187, 12.00951, -3.16467],
				"cubes": [
					{"origin": [-3.02404, 6.9009, 3.10309], "size": [2, 10.36136, 0.51952], "uv": [51, 1]},
					{"origin": [-1.02404, 6.9009, 3.08708], "size": [2, 10.36136, 0.51952], "uv": [53, 2]},
					{"origin": [0.97596, 6.9009, 3.10309], "size": [2, 10.36136, 0.51952], "uv": [52, 1]}
				]
			},
			{
				"name": "skirt6",
				"parent": "skirt13",
				"pivot": [0.12813, 0, 0.46446],
				"rotation": [0, 90, 0],
				"cubes": [
					{"origin": [1.4975, 11.06507, -3.05506], "size": [2, 6.1972, 0.51952], "uv": [45, 1]},
					{"origin": [-0.5025, 11.06507, -3.05506], "size": [2, 6.1972, 0.51952], "uv": [45, 1]},
					{"origin": [-2.5025, 11.06507, -3.05506], "size": [2, 6.1972, 0.51952], "uv": [45, 1]}
				]
			},
			{
				"name": "skirt7",
				"parent": "skirt13",
				"pivot": [0.12813, 0, 0.46446],
				"rotation": [0, 45, 0],
				"cubes": [
					{"origin": [0.06998, 11.14515, -4.40672], "size": [0.68669, 6.11712, 0.51952], "uv": [45, 2]}
				]
			},
			{
				"name": "skirt9",
				"parent": "skirt13",
				"pivot": [0.12813, 0, 0.46446],
				"rotation": [0, 45, 0],
				"cubes": [
					{"origin": [-4.22068, 11.14515, -0.16408], "size": [0.68669, 6.11712, 0.51952], "uv": [45, 2]}
				]
			},
			{
				"name": "skirt3",
				"parent": "skirt13",
				"pivot": [-1.87187, 12.76226, -3.16467],
				"rotation": [0, 0, 15],
				"cubes": [
					{"origin": [-3.02959, 9.28066, -3.42443], "size": [2, 4.17918, 0.51952], "uv": [45, 2]}
				]
			},
			{
				"name": "skirt12",
				"parent": "skirt13",
				"pivot": [-1.87187, 12.76226, -3.16467],
				"rotation": [0, 0, 15],
				"cubes": [
					{"origin": [-3.02959, 9.28066, 2.96596], "size": [2, 4.17918, 0.51952], "uv": [45, 2]}
				]
			},
			{
				"name": "skirt8",
				"parent": "skirt13",
				"pivot": [-1.87187, 12.76226, -3.16467],
				"rotation": [0, 90, 20],
				"cubes": [
					{"origin": [-3.61211, 9.19301, -4.53406], "size": [2, 4.17918, 0.51952], "uv": [45, 2]},
					{"origin": [-5.61211, 9.19301, -4.53406], "size": [2, 4.17918, 0.51952], "uv": [45, 2]},
					{"origin": [-8.47698, 9.19301, -4.53406], "size": [2.86486, 4.17918, 0.51952], "uv": [45, 2]}
				]
			},
			{
				"name": "skirt11",
				"parent": "skirt13",
				"pivot": [-1.87187, 12.76226, -3.16467],
				"rotation": [0, 90, 0],
				"cubes": [
					{"origin": [-3.61211, 6.89864, -5.67223], "size": [2, 2.97798, 0.51952], "uv": [45, 2]},
					{"origin": [-5.61211, 6.89864, -5.67223], "size": [2, 2.97798, 0.51952], "uv": [45, 2]},
					{"origin": [-8.47698, 6.89864, -5.67223], "size": [2.86486, 2.97798, 0.51952], "uv": [45, 2]}
				]
			},
			{
				"name": "skirt4",
				"parent": "skirt13",
				"pivot": [-1.87187, 12.76226, -3.16467],
				"cubes": [
					{"origin": [-3.89125, 6.88112, 2.98198], "size": [2, 2.81782, 0.51952], "uv": [45, 2]},
					{"origin": [-3.89125, 6.88112, -3.42443], "size": [2, 2.81782, 0.51952], "uv": [45, 2]}
				]
			},
			{
				"name": "skirt5",
				"parent": "skirt13",
				"pivot": [-1.87187, 12.76226, -3.16467],
				"rotation": [0, 0, 10],
				"cubes": [
					{"origin": [-2.8402, 6.59578, -3.42443], "size": [2.99099, 0.52252, 0.51952], "uv": [44, 5]}
				]
			},
			{
				"name": "skirt14",
				"parent": "skirt",
				"pivot": [-0.17618, 0, 0.46446]
			},
			{
				"name": "skirt15",
				"parent": "skirt14",
				"pivot": [1.82382, 12.00951, -3.16467],
				"cubes": [
					{"origin": [0.82382, 6.75676, -3.42443], "size": [2, 10.13714, 0.51952], "uv": [48, 1], "mirror": true},
					{"origin": [-1.06607, 6.30831, -3.42443], "size": [2, 10.50551, 0.51952], "uv": [48, 1], "mirror": true},
					{"origin": [-1.06607, 6.30831, -3.42443], "size": [2, 10.50551, 0.51952], "uv": [48, 1], "mirror": true},
					{"origin": [-0.6977, 14.38038, -3.52052], "size": [0.17417, 1.71272, 0.18318], "uv": [60, 38], "mirror": true},
					{"origin": [0.42743, 14.38038, -3.52052], "size": [0.17417, 1.71272, 0.18318], "uv": [60, 38]},
					{"origin": [0.41142, 14.02803, -3.52052], "size": [0.20621, 0.35136, 0.18318], "uv": [60, 32]},
					{"origin": [-0.71372, 14.02803, -3.52052], "size": [0.20621, 0.35136, 0.18318], "uv": [60, 32], "mirror": true}
				]
			},
			{
				"name": "skirt16",
				"parent": "skirt14",
				"pivot": [1.82382, 12.00951, -3.16467],
				"cubes": [
					{"origin": [0.97599, 6.9009, 2.94293], "size": [2, 10.36136, 0.51952], "uv": [45, 1], "mirror": true},
					{"origin": [-1.02401, 6.9009, 2.94293], "size": [2, 10.36136, 0.51952], "uv": [45, 1], "mirror": true},
					{"origin": [-3.02401, 6.9009, 2.94293], "size": [2, 10.36136, 0.51952], "uv": [45, 1], "mirror": true}
				]
			},
			{
				"name": "skirt17",
				"parent": "skirt14",
				"pivot": [-0.17618, 0, 0.46446],
				"rotation": [0, -90, 0],
				"cubes": [
					{"origin": [-3.54555, 11.06507, -3.05506], "size": [2, 6.1972, 0.51952], "uv": [45, 1], "mirror": true},
					{"origin": [-1.54555, 11.06507, -3.05506], "size": [2, 6.1972, 0.51952], "uv": [45, 1], "mirror": true},
					{"origin": [0.45445, 11.06507, -3.05506], "size": [2, 6.1972, 0.51952], "uv": [45, 1], "mirror": true}
				]
			},
			{
				"name": "skirt18",
				"parent": "skirt14",
				"pivot": [-0.17618, 0, 0.46446],
				"rotation": [0, -45, 0],
				"cubes": [
					{"origin": [-0.80472, 11.14515, -4.40672], "size": [0.68669, 6.11712, 0.51952], "uv": [45, 2], "mirror": true}
				]
			},
			{
				"name": "skirt19",
				"parent": "skirt14",
				"pivot": [-0.17618, 0, 0.46446],
				"rotation": [0, -45, 0],
				"cubes": [
					{"origin": [3.48595, 11.14515, -0.16408], "size": [0.68669, 6.11712, 0.51952], "uv": [45, 2], "mirror": true}
				]
			},
			{
				"name": "skirt20",
				"parent": "skirt14",
				"pivot": [1.82382, 12.76226, -3.16467],
				"rotation": [0, 0, -15],
				"cubes": [
					{"origin": [0.98154, 9.28066, -3.42443], "size": [2, 4.17918, 0.51952], "uv": [45, 2], "mirror": true}
				]
			},
			{
				"name": "skirt21",
				"parent": "skirt14",
				"pivot": [1.82382, 12.76226, -3.16467],
				"rotation": [0, 0, -15],
				"cubes": [
					{"origin": [0.98154, 9.28066, 2.96596], "size": [2, 4.17918, 0.51952], "uv": [45, 2], "mirror": true}
				]
			},
			{
				"name": "skirt22",
				"parent": "skirt14",
				"pivot": [1.82382, 12.76226, -3.16467],
				"rotation": [0, -90, -20],
				"cubes": [
					{"origin": [1.56406, 9.19301, -4.53406], "size": [2, 4.17918, 0.51952], "uv": [45, 2], "mirror": true},
					{"origin": [3.56406, 9.19301, -4.53406], "size": [2, 4.17918, 0.51952], "uv": [45, 2], "mirror": true},
					{"origin": [5.56406, 9.19301, -4.53406], "size": [2.86486, 4.17918, 0.51952], "uv": [45, 2], "mirror": true}
				]
			},
			{
				"name": "skirt23",
				"parent": "skirt14",
				"pivot": [1.82382, 12.76226, -3.16467],
				"rotation": [0, -90, 0],
				"cubes": [
					{"origin": [1.56406, 6.89864, -5.67223], "size": [2, 2.97798, 0.51952], "uv": [45, 2], "mirror": true},
					{"origin": [3.56406, 6.89864, -5.67223], "size": [2, 2.97798, 0.51952], "uv": [45, 2], "mirror": true},
					{"origin": [5.56406, 6.89864, -5.67223], "size": [2.86486, 2.97798, 0.51952], "uv": [45, 2], "mirror": true}
				]
			},
			{
				"name": "skirt24",
				"parent": "skirt14",
				"pivot": [1.82382, 12.76226, -3.16467],
				"cubes": [
					{"origin": [1.8432, 6.88112, 2.98198], "size": [2, 2.81782, 0.51952], "uv": [45, 2], "mirror": true},
					{"origin": [1.8432, 6.88112, -3.42443], "size": [2, 2.81782, 0.51952], "uv": [45, 2], "mirror": true}
				]
			},
			{
				"name": "skirt25",
				"parent": "skirt14",
				"pivot": [1.82382, 12.76226, -3.16467],
				"rotation": [0, 0, -10],
				"cubes": [
					{"origin": [-0.19884, 6.59578, -3.42443], "size": [2.99099, 0.52252, 0.51952], "uv": [44, 5], "mirror": true}
				]
			},
			{
				"name": "skirt26",
				"parent": "skirt",
				"pivot": [0.12813, 0, 0.46446]
			},
			{
				"name": "skirt27",
				"parent": "skirt26",
				"pivot": [1.82382, 16.72623, -3.16467],
				"rotation": [155, -5, -25],
				"cubes": [
					{"origin": [1.124, 15.98723, -3.11944], "size": [2.87888, 1.40841, 0.51952], "uv": [55, 41], "mirror": true}
				]
			},
			{
				"name": "skirt31",
				"parent": "skirt26",
				"pivot": [1.82382, 16.72623, -3.16467],
				"rotation": [155, -5, -25]
			},
			{
				"name": "skirt28",
				"parent": "skirt26",
				"pivot": [1.82382, 16.72623, -3.16467],
				"rotation": [0, -90, -20],
				"cubes": [
					{"origin": [1.81497, 16.34944, -5.26532], "size": [2.37538, 1.47247, 0.51952], "uv": [56, 40], "mirror": true},
					{"origin": [4.19035, 16.34944, -5.26532], "size": [2.37538, 1.47247, 0.51952], "uv": [56, 40], "mirror": true},
					{"origin": [6.56573, 16.34944, -5.26532], "size": [1.89489, 1.47247, 0.51952], "uv": [56, 40], "mirror": true}
				]
			},
			{
				"name": "skirt29",
				"parent": "skirt26",
				"pivot": [1.82382, 16.72623, -3.16467],
				"rotation": [0, 0, -20],
				"cubes": [
					{"origin": [1.5491, 16.34944, 3.10376], "size": [2.37538, 1.47247, 0.51952], "uv": [56, 40], "mirror": true}
				]
			},
			{
				"name": "skirt30",
				"parent": "skirt26",
				"pivot": [1.82382, 16.72623, -3.16467],
				"cubes": [
					{"origin": [-1.44961, 16.2782, 3.10376], "size": [3.14414, 1.47247, 0.51952], "uv": [56, 40], "mirror": true}
				]
			},
			{
				"name": "skirt32",
				"parent": "skirt",
				"pivot": [-0.24024, 0, 0.46446]
			},
			{
				"name": "skirt33",
				"parent": "skirt32",
				"pivot": [-1.93594, 16.72623, -3.16467],
				"rotation": [155, 5, 25],
				"cubes": [
					{"origin": [-4.11499, 15.98723, -3.11944], "size": [2.87888, 1.40841, 0.51952], "uv": [55, 41]}
				]
			},
			{
				"name": "skirt38",
				"parent": "skirt32",
				"pivot": [-1.93594, 16.72623, -3.16467],
				"rotation": [155, 5, 15],
				"cubes": [
					{"origin": [-1.30928, 16.08369, -3.15735], "size": [1.21321, 1.40841, 0.51952], "uv": [58, 39]}
				]
			},
			{
				"name": "skirt39",
				"parent": "skirt32",
				"pivot": [1.93594, 16.72623, -3.16467],
				"rotation": [155, -5, -15],
				"cubes": [
					{"origin": [-0.01182, 16.0534, -3.15364], "size": [1.21321, 1.40841, 0.51952], "uv": [58, 39], "mirror": true}
				]
			},
			{
				"name": "skirt34",
				"parent": "skirt32",
				"pivot": [-1.93594, 16.72623, -3.16467],
				"rotation": [155, 5, 25]
			},
			{
				"name": "skirt35",
				"parent": "skirt32",
				"pivot": [-1.93594, 16.72623, -3.16467],
				"rotation": [0, 90, 20],
				"cubes": [
					{"origin": [-4.30246, 16.34944, -5.26532], "size": [2.37538, 1.47247, 0.51952], "uv": [56, 40]},
					{"origin": [-6.67784, 16.34944, -5.26532], "size": [2.37538, 1.47247, 0.51952], "uv": [56, 40]},
					{"origin": [-8.57273, 16.34944, -5.26532], "size": [1.89489, 1.47247, 0.51952], "uv": [56, 40]}
				]
			},
			{
				"name": "skirt36",
				"parent": "skirt32",
				"pivot": [-1.93594, 16.72623, -3.16467],
				"rotation": [0, 0, 20],
				"cubes": [
					{"origin": [-4.03659, 16.34944, 3.10376], "size": [2.37538, 1.47247, 0.51952], "uv": [56, 41]}
				]
			},
			{
				"name": "skirt37",
				"parent": "skirt32",
				"pivot": [-1.93594, 16.72623, -3.16467],
				"cubes": [
					{"origin": [-1.80665, 16.2782, 3.10376], "size": [3.14414, 1.47247, 0.51952], "uv": [55, 40]}
				]
			},
			{
				"name": "tail",
				"parent": "body",
				"pivot": [0.01602, 7.37688, 3.21922],
				"cubes": [
					{"origin": [-1.11912, 8.0976, 2.2032], "size": [2, 2, 2], "uv": [54, 56]}
				]
			},
			{
				"name": "body2",
				"pivot": [-0.33634, 0, 0],
				"rotation": [0, 180, 0]
			},
			{
				"name": "-helmet2",
				"parent": "body2",
				"pivot": [-0.33634, 10.5, 0],
				"rotation": [0, 0, 45],
				"cubes": [
					{"origin": [-4.19192, 14.30444, 2.18018], "size": [0.9039, 3.4965, 1], "uv": [46, 25]}
				]
			},
			{
				"name": "-helmet3",
				"parent": "body2",
				"pivot": [-0.33634, 10.5, 0],
				"rotation": [0, 0, -45],
				"cubes": [
					{"origin": [2.29667, 14.62311, 2.18018], "size": [1, 3.48048, 1], "uv": [46, 25]}
				]
			},
			{
				"name": "-helmet4",
				"parent": "body2",
				"pivot": [-0.33634, 10.5, 0],
				"rotation": [0, 0, -90],
				"cubes": [
					{"origin": [4.44096, 9.89701, 2.18018], "size": [1, 1.65666, 1], "uv": [45, 26]},
					{"origin": [4.44096, 9.89701, 2.18018], "size": [3.16016, 1.65666, 1], "uv": [45, 24]},
					{"origin": [6.41093, 8.11222, 2.18018], "size": [1.19019, 1.78478, 1], "uv": [45, 24]},
					{"origin": [6.45898, 11.55366, 2.18018], "size": [1.14214, 1.73674, 1], "uv": [45, 24]},
					{"origin": [5.73826, 9.01613, 2.18018], "size": [1.06206, 3.41842, 1], "uv": [49, 28]}
				]
			},
			{
				"name": "legLeft",
				"pivot": [2, 9, 0],
				"cubes": [
					{"origin": [0.24375, 0, -1.5], "size": [3, 9, 3], "uv": [27, 34]}
				]
			},
			{
				"name": "legRight",
				"pivot": [-2, 9, 0],
				"cubes": [
					{"origin": [-3.51601, 0, -1.5], "size": [3, 9, 3], "uv": [15, 34]}
				]
			}
		]
	}
}