{
	"format_version": "1.10.0",
	"geometry.model": {
		"texturewidth": 64,
		"textureheight": 64,
		"visible_bounds_width": 2,
		"visible_bounds_height": 2,
		"visible_bounds_offset": [0, 1, 0],
		"bones": [
			{
				"name": "head",
				"pivot": [-0.064, 18, 0],
				"cubes": [
					{"origin": [-4.064, 18, -4], "size": [8, 8, 8], "uv": [0, 0]}
				]
			},
			{
				"name": "blink",
				"parent": "head",
				"pivot": [-0.064, 0, 0],
				"cubes": [
					{"origin": [-4.064, 18, -4.001], "size": [8, 8, 0], "uv": [32, 8]}
				]
			},
			{
				"name": "helmet",
				"parent": "head",
				"pivot": [-0.064, 18, 0]
			},
			{
				"name": "headleave2",
				"parent": "helmet",
				"pivot": [2.95632, 25.1, -0.60861],
				"rotation": [0, 0, -40]
			},
			{
				"name": "headleave",
				"parent": "headleave2",
				"pivot": [2.95632, 25.1, -0.60861],
				"rotation": [0, 0, 60],
				"cubes": [
					{"origin": [3.05199, 20.80652, -1.38163], "size": [2, 7.31532, 1.5], "uv": [1, 49]}
				]
			},
			{
				"name": "headleave14",
				"parent": "headleave2",
				"pivot": [2.95632, 25.1, -0.60861],
				"rotation": [0, 0, -175],
				"cubes": [
					{"origin": [3.146, 26.50975, -1.12538], "size": [1.55155, 3.53554, 1.0035], "uv": [2, 51]}
				]
			},
			{
				"name": "headleave15",
				"parent": "headleave2",
				"pivot": [2.95632, 25.1, -0.60861],
				"rotation": [0, 0, -145],
				"cubes": [
					{"origin": [0.76764, 29.38949, -0.96522], "size": [1.23123, 1.61361, 0.68318], "uv": [2, 51]}
				]
			},
			{
				"name": "headleave16",
				"parent": "headleave2",
				"pivot": [2.95632, 25.1, -0.60861],
				"rotation": [0, 0, -175],
				"cubes": [
					{"origin": [4.00763, 30.69096, -0.82107], "size": [1.07107, 1.06907, 0.39489], "uv": [2, 51]}
				]
			},
			{
				"name": "headleave17",
				"parent": "headleave2",
				"pivot": [2.95632, 25.1, -0.60861],
				"rotation": [0, 0, 140],
				"cubes": [
					{"origin": [8.40906, 28.33323, -0.82107], "size": [0.76677, 0.73273, 0.39489], "uv": [2, 51]}
				]
			},
			{
				"name": "headleave11",
				"parent": "headleave2",
				"pivot": [2.95632, 25.1, -0.60861],
				"rotation": [0, 0, 75],
				"cubes": [
					{"origin": [2.26662, 24.04363, -1.38163], "size": [2, 4, 1.5], "uv": [1, 52]}
				]
			},
			{
				"name": "headleave10",
				"parent": "headleave2",
				"pivot": [2.95632, 25.1, -0.60861],
				"rotation": [0, 0, 20],
				"cubes": [
					{"origin": [4.98457, 26.06779, -1.17342], "size": [1.51952, 2.81481, 1.06757], "uv": [1, 51]}
				]
			},
			{
				"name": "headleave12",
				"parent": "headleave2",
				"pivot": [2.95632, 25.1, -0.60861],
				"rotation": [0, 0, 75],
				"cubes": [
					{"origin": [1.02115, 28.93106, -0.98123], "size": [0.89489, 3.07107, 0.61912], "uv": [2, 50]}
				]
			},
			{
				"name": "headleave13",
				"parent": "headleave2",
				"pivot": [2.95632, 25.1, -0.60861],
				"rotation": [0, 0, 120],
				"cubes": [
					{"origin": [-3.26642, 28.62433, -0.98123], "size": [0.60661, 0.62062, 0.61912], "uv": [4, 54]}
				]
			},
			{
				"name": "headleave33",
				"parent": "helmet",
				"pivot": [-0.064, 18, 0],
				"rotation": [0, 0, -25]
			},
			{
				"name": "headleave34",
				"parent": "headleave33",
				"pivot": [-0.064, 18, 0],
				"cubes": [
					{"origin": [-0.41835, 25.71171, -1], "size": [1, 7, 0.75], "uv": [18, 49]}
				]
			},
			{
				"name": "headleave35",
				"parent": "headleave34",
				"pivot": [-0.064, 18, 0],
				"rotation": [0, 0, -40],
				"cubes": [
					{"origin": [9.14336, 28.85481, -1], "size": [0.74374, 0.64765, 0.75], "uv": [18, 51]}
				]
			},
			{
				"name": "headleave36",
				"parent": "headleave33",
				"pivot": [-0.064, 16.84685, 0],
				"rotation": [0, 0, -10],
				"cubes": [
					{"origin": [0.54581, 23.00361, -1], "size": [1, 7, 1], "uv": [17, 49]}
				]
			},
			{
				"name": "headleave37",
				"parent": "headleave36",
				"pivot": [-0.064, 16.84685, 0],
				"rotation": [0, 0, -40],
				"cubes": [
					{"origin": [8.88244, 25.89074, -1], "size": [0.74374, 0.64765, 1], "uv": [18, 51]}
				]
			},
			{
				"name": "headleave38",
				"parent": "headleave33",
				"pivot": [2.89896, 15.18118, 0],
				"rotation": [0, 0, -25],
				"cubes": [
					{"origin": [3.06309, 21.65451, -1], "size": [1, 7, 1.25], "uv": [17, 49]}
				]
			},
			{
				"name": "headleave39",
				"parent": "headleave38",
				"pivot": [2.89896, 15.18118, 0],
				"rotation": [0, 0, -40],
				"cubes": [
					{"origin": [11.70748, 24.75407, -1], "size": [0.74374, 0.64765, 1.25], "uv": [18, 51]}
				]
			},
			{
				"name": "headleave40",
				"parent": "headleave33",
				"pivot": [8.12018, 29.45145, 0],
				"rotation": [0, 0, -125],
				"cubes": [
					{"origin": [9.04614, 37.88854, -1], "size": [1, 7.04805, 1.5], "uv": [17, 49]}
				]
			},
			{
				"name": "headleave41",
				"parent": "headleave40",
				"pivot": [8.12018, 29.45145, 0],
				"rotation": [0, 0, -40],
				"cubes": [
					{"origin": [18.80546, 40.07578, -1], "size": [0.74374, 0.64765, 1.5], "uv": [17, 51]}
				]
			},
			{
				"name": "headleave42",
				"parent": "headleave33",
				"pivot": [8.12018, 31.1972, 0],
				"rotation": [0, 0, -135],
				"cubes": [
					{"origin": [9.13235, 40.63158, -1], "size": [1, 6.04805, 1.75], "uv": [17, 49]}
				]
			},
			{
				"name": "headleave43",
				"parent": "headleave42",
				"pivot": [8.12018, 31.1972, 0],
				"rotation": [0, 0, -40],
				"cubes": [
					{"origin": [18.86976, 41.76403, -1], "size": [0.74374, 0.64765, 1.75], "uv": [17, 51]}
				]
			},
			{
				"name": "head2",
				"parent": "helmet",
				"pivot": [0.23478, 25.6003, 0],
				"rotation": [0, 0, 45]
			},
			{
				"name": "sinFloat41",
				"parent": "head2",
				"pivot": [-2, 9, 0]
			},
			{
				"name": "sinFloat42",
				"parent": "sinFloat41",
				"pivot": [-2.87583, 25.21942, -0.7973],
				"cubes": [
					{"origin": [-3.37583, 24.71942, -1.2973], "size": [1, 1, 1], "uv": [10, 48]}
				]
			},
			{
				"name": "sinFloat43",
				"parent": "sinFloat41",
				"pivot": [-2.87583, 25.21942, -0.7973],
				"rotation": [0, 0, -5],
				"cubes": [
					{"origin": [-3.37583, 24.71942, -1.2973], "size": [1, 1, 1], "uv": [10, 48]}
				]
			},
			{
				"name": "sinFloat44",
				"parent": "sinFloat41",
				"pivot": [-2.87583, 25.21942, -0.7973],
				"rotation": [0, 0, -10],
				"cubes": [
					{"origin": [-3.37583, 24.71942, -1.2973], "size": [1, 1, 1], "uv": [10, 48]}
				]
			},
			{
				"name": "sinFloat45",
				"parent": "sinFloat41",
				"pivot": [-2.87583, 25.21942, -0.7973],
				"rotation": [0, 0, -15],
				"cubes": [
					{"origin": [-3.37583, 24.71942, -1.2973], "size": [1, 1, 1], "uv": [10, 48]}
				]
			},
			{
				"name": "sinFloat46",
				"parent": "sinFloat41",
				"pivot": [-2.87583, 25.21942, -0.7973],
				"rotation": [0, 0, -20],
				"cubes": [
					{"origin": [-3.37583, 24.71942, -1.2973], "size": [1, 1, 1], "uv": [10, 48]}
				]
			},
			{
				"name": "sinFloat47",
				"parent": "sinFloat41",
				"pivot": [-2.87583, 25.21942, -0.7973],
				"rotation": [0, 0, -25],
				"cubes": [
					{"origin": [-3.37583, 24.71942, -1.2973], "size": [1, 1, 1], "uv": [10, 48]}
				]
			},
			{
				"name": "sinFloat48",
				"parent": "sinFloat41",
				"pivot": [-2.87583, 25.21942, -0.7973],
				"rotation": [0, 0, -30],
				"cubes": [
					{"origin": [-3.37583, 24.71942, -1.2973], "size": [1, 1, 1], "uv": [10, 48]}
				]
			},
			{
				"name": "sinFloat49",
				"parent": "sinFloat41",
				"pivot": [-2.87583, 25.21942, -0.7973],
				"rotation": [0, 0, -35],
				"cubes": [
					{"origin": [-3.37583, 24.71942, -1.2973], "size": [1, 1, 1], "uv": [10, 48]}
				]
			},
			{
				"name": "sinFloat50",
				"parent": "sinFloat41",
				"pivot": [-2.87583, 25.21942, -0.7973],
				"rotation": [0, 0, -40],
				"cubes": [
					{"origin": [-3.37583, 24.71942, -1.2973], "size": [1, 1, 1], "uv": [10, 48]}
				]
			},
			{
				"name": "sinFloat51",
				"parent": "sinFloat41",
				"pivot": [-2.87583, 25.21942, -0.7973],
				"rotation": [0, -90, -45],
				"cubes": [
					{"origin": [-3.37583, 24.71942, -1.2973], "size": [1, 1, 1], "uv": [10, 48]}
				]
			},
			{
				"name": "sinFloat52",
				"parent": "sinFloat41",
				"pivot": [-2.87583, 25.21942, -0.7973],
				"rotation": [0, 0, -50],
				"cubes": [
					{"origin": [-3.37583, 24.71942, -1.2973], "size": [1, 1, 1], "uv": [10, 48]}
				]
			},
			{
				"name": "sinFloat53",
				"parent": "sinFloat41",
				"pivot": [-2.87583, 25.21942, -0.7973],
				"rotation": [0, 0, -55],
				"cubes": [
					{"origin": [-3.37583, 24.71942, -1.2973], "size": [1, 1, 1], "uv": [10, 48]}
				]
			},
			{
				"name": "sinFloat54",
				"parent": "sinFloat41",
				"pivot": [-2.87583, 25.21942, -0.7973],
				"rotation": [0, 0, -60],
				"cubes": [
					{"origin": [-3.37583, 24.71942, -1.2973], "size": [1, 1, 1], "uv": [10, 48]}
				]
			},
			{
				"name": "sinFloat55",
				"parent": "sinFloat41",
				"pivot": [-2.87583, 25.21942, -0.7973],
				"rotation": [0, 0, -65],
				"cubes": [
					{"origin": [-3.37583, 24.71942, -1.2973], "size": [1, 1, 1], "uv": [10, 48]}
				]
			},
			{
				"name": "sinFloat56",
				"parent": "sinFloat41",
				"pivot": [-2.87583, 25.21942, -0.7973],
				"rotation": [0, 0, -70],
				"cubes": [
					{"origin": [-3.37583, 24.71942, -1.2973], "size": [1, 1, 1], "uv": [10, 48]}
				]
			},
			{
				"name": "sinFloat57",
				"parent": "sinFloat41",
				"pivot": [-2.87583, 25.21942, -0.7973],
				"rotation": [0, 0, -75],
				"cubes": [
					{"origin": [-3.37583, 24.71942, -1.2973], "size": [1, 1, 1], "uv": [10, 48]}
				]
			},
			{
				"name": "sinFloat58",
				"parent": "sinFloat41",
				"pivot": [-2.87583, 25.21942, -0.7973],
				"rotation": [0, 0, -80],
				"cubes": [
					{"origin": [-3.37583, 24.71942, -1.2973], "size": [1, 1, 1], "uv": [10, 48]}
				]
			},
			{
				"name": "sinFloat59",
				"parent": "sinFloat41",
				"pivot": [-2.87583, 25.21942, -0.7973],
				"rotation": [0, 0, -85],
				"cubes": [
					{"origin": [-3.37583, 24.71942, -1.2973], "size": [1, 1, 1], "uv": [10, 48]}
				]
			},
			{
				"name": "sinFloat60",
				"parent": "sinFloat41",
				"pivot": [-2.87583, 25.21942, -0.7973],
				"rotation": [0, 0, -90],
				"cubes": [
					{"origin": [-3.37583, 24.71942, -1.2973], "size": [1, 1, 1], "uv": [10, 48]}
				]
			},
			{
				"name": "sinFloat21",
				"parent": "head2",
				"pivot": [-0.2492, 27.86206, -0.92543]
			},
			{
				"name": "sinFloat22",
				"parent": "sinFloat21",
				"pivot": [-0.2492, 27.86206, -0.92543],
				"cubes": [
					{"origin": [-0.7492, 27.36206, -1.42543], "size": [1, 1, 1], "uv": [10, 51]}
				]
			},
			{
				"name": "sinFloat23",
				"parent": "sinFloat21",
				"pivot": [-0.2492, 27.86206, -0.92543],
				"rotation": [0, 0, -5],
				"cubes": [
					{"origin": [-0.7492, 27.36206, -1.42543], "size": [1, 1, 1], "uv": [10, 51]}
				]
			},
			{
				"name": "sinFloat24",
				"parent": "sinFloat21",
				"pivot": [-0.2492, 27.86206, -0.92543],
				"rotation": [0, 0, -10],
				"cubes": [
					{"origin": [-0.7492, 27.36206, -1.42543], "size": [1, 1, 1], "uv": [10, 51]}
				]
			},
			{
				"name": "sinFloat25",
				"parent": "sinFloat21",
				"pivot": [-0.2492, 27.86206, -0.92543],
				"rotation": [0, 0, -15],
				"cubes": [
					{"origin": [-0.7492, 27.36206, -1.42543], "size": [1, 1, 1], "uv": [10, 51]}
				]
			},
			{
				"name": "sinFloat26",
				"parent": "sinFloat21",
				"pivot": [-0.2492, 27.86206, -0.92543],
				"rotation": [0, 0, -20],
				"cubes": [
					{"origin": [-0.7492, 27.36206, -1.42543], "size": [1, 1, 1], "uv": [10, 51]}
				]
			},
			{
				"name": "sinFloat27",
				"parent": "sinFloat21",
				"pivot": [-0.2492, 27.86206, -0.92543],
				"rotation": [0, 0, -25],
				"cubes": [
					{"origin": [-0.7492, 27.36206, -1.42543], "size": [1, 1, 1], "uv": [10, 51]}
				]
			},
			{
				"name": "sinFloat28",
				"parent": "sinFloat21",
				"pivot": [-0.2492, 27.86206, -0.92543],
				"rotation": [0, 0, -30],
				"cubes": [
					{"origin": [-0.7492, 27.36206, -1.42543], "size": [1, 1, 1], "uv": [10, 51]}
				]
			},
			{
				"name": "sinFloat29",
				"parent": "sinFloat21",
				"pivot": [-0.2492, 27.86206, -0.92543],
				"rotation": [0, 0, -35],
				"cubes": [
					{"origin": [-0.7492, 27.36206, -1.42543], "size": [1, 1, 1], "uv": [10, 51]}
				]
			},
			{
				"name": "sinFloat30",
				"parent": "sinFloat21",
				"pivot": [-0.2492, 27.86206, -0.92543],
				"rotation": [0, 0, -40],
				"cubes": [
					{"origin": [-0.7492, 27.36206, -1.42543], "size": [1, 1, 1], "uv": [10, 51]}
				]
			},
			{
				"name": "sinFloat31",
				"parent": "sinFloat21",
				"pivot": [-0.2492, 27.86206, -0.92543],
				"rotation": [0, 0, -45],
				"cubes": [
					{"origin": [-0.7492, 27.36206, -1.42543], "size": [1, 1, 1], "uv": [10, 51]}
				]
			},
			{
				"name": "sinFloat32",
				"parent": "sinFloat21",
				"pivot": [-0.2492, 27.86206, -0.92543],
				"rotation": [0, 0, -50],
				"cubes": [
					{"origin": [-0.7492, 27.36206, -1.42543], "size": [1, 1, 1], "uv": [10, 51]}
				]
			},
			{
				"name": "sinFloat33",
				"parent": "sinFloat21",
				"pivot": [-0.2492, 27.86206, -0.92543],
				"rotation": [0, 0, -55],
				"cubes": [
					{"origin": [-0.7492, 27.36206, -1.42543], "size": [1, 1, 1], "uv": [10, 51]}
				]
			},
			{
				"name": "sinFloat34",
				"parent": "sinFloat21",
				"pivot": [-0.2492, 27.86206, -0.92543],
				"rotation": [0, 0, -60],
				"cubes": [
					{"origin": [-0.7492, 27.36206, -1.42543], "size": [1, 1, 1], "uv": [10, 51]}
				]
			},
			{
				"name": "sinFloat35",
				"parent": "sinFloat21",
				"pivot": [-0.2492, 27.86206, -0.92543],
				"rotation": [0, 0, -65],
				"cubes": [
					{"origin": [-0.7492, 27.36206, -1.42543], "size": [1, 1, 1], "uv": [10, 51]}
				]
			},
			{
				"name": "sinFloat36",
				"parent": "sinFloat21",
				"pivot": [-0.2492, 27.86206, -0.92543],
				"rotation": [0, 0, -70],
				"cubes": [
					{"origin": [-0.7492, 27.36206, -1.42543], "size": [1, 1, 1], "uv": [10, 51]}
				]
			},
			{
				"name": "sinFloat37",
				"parent": "sinFloat21",
				"pivot": [-0.2492, 27.86206, -0.92543],
				"rotation": [0, 0, -75],
				"cubes": [
					{"origin": [-0.7492, 27.36206, -1.42543], "size": [1, 1, 1], "uv": [10, 51]}
				]
			},
			{
				"name": "sinFloat38",
				"parent": "sinFloat21",
				"pivot": [-0.2492, 27.86206, -0.92543],
				"rotation": [0, 0, -80],
				"cubes": [
					{"origin": [-0.7492, 27.36206, -1.42543], "size": [1, 1, 1], "uv": [10, 51]}
				]
			},
			{
				"name": "sinFloat39",
				"parent": "sinFloat21",
				"pivot": [-0.2492, 27.86206, -0.92543],
				"rotation": [0, 0, -85],
				"cubes": [
					{"origin": [-0.7492, 27.36206, -1.42543], "size": [1, 1, 1], "uv": [10, 51]}
				]
			},
			{
				"name": "sinFloat40",
				"parent": "sinFloat21",
				"pivot": [-0.2492, 27.86206, -0.92543],
				"rotation": [0, 0, -90],
				"cubes": [
					{"origin": [-0.7492, 27.36206, -1.42543], "size": [1, 1, 1], "uv": [10, 51]}
				]
			},
			{
				"name": "headleave3",
				"parent": "head",
				"pivot": [5.18478, 16.8503, -2.5],
				"rotation": [0, 0, 15],
				"cubes": [
					{"origin": [2.68478, 14.7503, -4], "size": [1, 4, 1], "uv": [60, 9]}
				]
			},
			{
				"name": "headleave4",
				"parent": "head",
				"pivot": [5.18478, 16.8503, -2.5],
				"rotation": [0, 0, -15],
				"cubes": [
					{"origin": [-3.41522, 17.6503, -4], "size": [1, 4, 1], "uv": [59, 21]}
				]
			},
			{
				"name": "headleave5",
				"parent": "head",
				"pivot": [-2.41522, 15.5503, -3.5],
				"rotation": [0, 0, -25],
				"cubes": [
					{"origin": [-3.21522, 14.0503, -4], "size": [1, 3, 1], "uv": [59, 21]},
					{"origin": [-3.21522, 12.2503, -4], "size": [1, 3, 1], "uv": [59, 21]}
				]
			},
			{
				"name": "headleave6",
				"parent": "head",
				"pivot": [-2.91522, 17.6503, -3.5],
				"rotation": [0, 0, -15],
				"cubes": [
					{"origin": [1.58478, 12.5503, -4], "size": [1, 3, 1], "uv": [59, 9]}
				]
			},
			{
				"name": "headleave7",
				"parent": "head",
				"pivot": [-2.41522, 15.5503, -3.5],
				"rotation": [0, 0, 25],
				"cubes": [
					{"origin": [1.68478, 16.2503, -4], "size": [1, 3, 1], "uv": [59, 10]},
					{"origin": [1.68478, 14.2503, -4], "size": [1, 3, 1], "uv": [60, 11]}
				]
			},
			{
				"name": "headleave8",
				"parent": "head",
				"pivot": [-2.91522, 17.6503, -3.5],
				"rotation": [0, 0, 15],
				"cubes": [
					{"origin": [-2.91522, 14.0503, -4], "size": [1, 3, 1], "uv": [59, 21]}
				]
			},
			{
				"name": "headleave9",
				"parent": "head",
				"pivot": [-2.41522, 15.5503, -3.5],
				"rotation": [8, 0, 0],
				"cubes": [
					{"origin": [2.93478, 15.5503, 4.25], "size": [1, 8.9, 1], "uv": [46, 54]}
				]
			},
			{
				"name": "headleave20",
				"parent": "head",
				"pivot": [-2.41522, 15.5503, -3.5],
				"rotation": [14, 5, 10],
				"cubes": [
					{"origin": [-4.78836, 6.01407, 4.78516], "size": [1, 8.9, 1], "uv": [59, 54]}
				]
			},
			{
				"name": "headleave30",
				"parent": "head",
				"pivot": [-2.41522, 15.5503, -3.5],
				"rotation": [17, 5, -10],
				"cubes": [
					{"origin": [2.35115, 4.40335, 4.30499], "size": [1, 8.9, 1], "uv": [46, 54]}
				]
			},
			{
				"name": "headleave24",
				"parent": "head",
				"pivot": [-2.41522, 15.5503, -3.5],
				"rotation": [19, 5, 7],
				"cubes": [
					{"origin": [-3.78505, 5.27866, 4.43503], "size": [1, 8.9, 1], "uv": [59, 54]}
				]
			},
			{
				"name": "headleave29",
				"parent": "head",
				"pivot": [-2.41522, 15.5503, -3.5],
				"rotation": [16, 5, -7],
				"cubes": [
					{"origin": [1.44917, 5.10804, 4.80379], "size": [1, 8.9, 1], "uv": [46, 54]}
				]
			},
			{
				"name": "headleave25",
				"parent": "head",
				"pivot": [-2.41522, 15.5503, -3.5],
				"rotation": [10, 5, 7],
				"cubes": [
					{"origin": [-2.86869, 7.13262, 5.07553], "size": [1, 8.9, 1], "uv": [59, 54]}
				]
			},
			{
				"name": "headleave26",
				"parent": "head",
				"pivot": [-2.41522, 15.5503, -3.5],
				"rotation": [17, 5, 4],
				"cubes": [
					{"origin": [-1.79056, 5.68912, 5.14822], "size": [1, 8.9, 1], "uv": [60, 54]}
				]
			},
			{
				"name": "headleave28",
				"parent": "head",
				"pivot": [-2.41522, 15.5503, -3.5],
				"rotation": [16, 5, -4],
				"cubes": [
					{"origin": [0.35973, 5.19369, 5.19902], "size": [1, 8.9, 1], "uv": [46, 54]}
				]
			},
			{
				"name": "headleave27",
				"parent": "head",
				"pivot": [-2.41522, 15.5503, -3.5],
				"rotation": [14, 5, 2],
				"cubes": [
					{"origin": [-0.7787, 6.09492, 5.45135], "size": [1, 8.9, 1], "uv": [46, 54]}
				]
			},
			{
				"name": "headleave18",
				"parent": "head",
				"pivot": [-2.41522, 15.5503, -3.5],
				"rotation": [11, 0, 0],
				"cubes": [
					{"origin": [2.03478, 15.3503, 4.65], "size": [1, 8.9, 1], "uv": [46, 54]},
					{"origin": [-2.92522, 15.3503, 4.65], "size": [1, 8.9, 1], "uv": [59, 54]}
				]
			},
			{
				"name": "headleave19",
				"parent": "head",
				"pivot": [-2.41522, 15.5503, -3.5],
				"rotation": [13, 0, 0],
				"cubes": [
					{"origin": [1.03478, 14.8503, 5.05], "size": [1, 8.9, 1], "uv": [46, 54]},
					{"origin": [-1.97322, 14.8503, 5.05], "size": [1, 8.9, 1], "uv": [59, 54]},
					{"origin": [-1.97322, 14.8503, 5.05], "size": [1, 8.9, 1], "uv": [57, 54]},
					{"origin": [-3.86122, 14.8503, 5.05], "size": [1, 8.9, 1], "uv": [59, 54]}
				]
			},
			{
				"name": "headleave21",
				"parent": "head",
				"pivot": [-2.41522, 15.5503, -3.5],
				"rotation": [15, 0, 0],
				"cubes": [
					{"origin": [0.03478, 14.4663, 5.242], "size": [1, 8.9, 1], "uv": [46, 54]},
					{"origin": [-0.95722, 14.3703, 5.082], "size": [1, 8.9, 1], "uv": [59, 54]}
				]
			},
			{
				"name": "headleave22",
				"parent": "head",
				"pivot": [-0.064, 18, 0]
			},
			{
				"name": "headleave23",
				"parent": "headleave22",
				"pivot": [-0.064, 17.21522, -0.8008],
				"rotation": [-5, 0, 0]
			},
			{
				"name": "headleave31",
				"parent": "headleave23",
				"pivot": [-0.064, 17.21522, -0.8008]
			},
			{
				"name": "headleave32",
				"parent": "headleave31",
				"pivot": [0.47704, 23.46496, -4.65716],
				"cubes": [
					{"origin": [-3.59453, 24.27828, -4.997], "size": [3.54655, 1.19219, 0.45546], "uv": [0, 10]}
				]
			},
			{
				"name": "headleave44",
				"parent": "headleave31",
				"pivot": [-1.31675, 24.61812, -4.76927],
				"rotation": [0, 0, -103],
				"cubes": [
					{"origin": [-2.87964, 23.30542, -4.997], "size": [1.60861, 0.67968, 0.45546], "uv": [0, 10]}
				]
			},
			{
				"name": "headleave45",
				"parent": "headleave31",
				"pivot": [-1.31675, 24.61812, -4.76927],
				"rotation": [0, 0, -88],
				"cubes": [
					{"origin": [-4.09525, 22.94564, -4.997], "size": [1.60861, 0.67968, 0.45546], "uv": [0, 10]}
				]
			},
			{
				"name": "headleave46",
				"parent": "headleave31",
				"pivot": [-1.31675, 24.61812, -4.76927],
				"rotation": [0, 0, -78],
				"cubes": [
					{"origin": [-4.68253, 22.48857, -4.997], "size": [0.91992, 0.67968, 0.45546], "uv": [0, 10]}
				]
			},
			{
				"name": "headleave47",
				"parent": "headleave31",
				"pivot": [-1.31675, 24.61812, -4.76927],
				"rotation": [0, 0, -143],
				"cubes": [
					{"origin": [-4.66922, 26.78458, -4.997], "size": [1.06406, 0.40741, 0.45546], "uv": [0, 10]}
				]
			},
			{
				"name": "headleave48",
				"parent": "headleave31",
				"pivot": [-3.66131, 26.3083, -4.76927],
				"rotation": [0, 0, -108],
				"cubes": [
					{"origin": [-9.34414, 24.20442, -4.997], "size": [1.27227, 1.19219, 0.45546], "uv": [0, 10]}
				]
			},
			{
				"name": "headleave49",
				"parent": "headleave31",
				"pivot": [-3.66131, 26.3083, -4.76927],
				"rotation": [0, 0, -93],
				"cubes": [
					{"origin": [-7.68562, 23.09394, -4.997], "size": [1.27227, 1.19219, 0.45546], "uv": [0, 10]}
				]
			},
			{
				"name": "headleave50",
				"parent": "headleave31",
				"pivot": [-3.66131, 26.3083, -4.76927],
				"rotation": [0, 0, -83],
				"cubes": [
					{"origin": [-6.02039, 22.74288, -4.997], "size": [1.27227, 1.0961, 0.45546], "uv": [0, 10]}
				]
			},
			{
				"name": "headleave51",
				"parent": "headleave31",
				"pivot": [-3.66131, 26.3083, -4.76927],
				"rotation": [0, 0, -73],
				"cubes": [
					{"origin": [-5.68405, 23.59173, -4.997], "size": [1.27227, 0.2953, 0.45546], "uv": [0, 10]},
					{"origin": [-6.2054, 23.76055, -4.997], "size": [1.27227, 2.02503, 0.45546], "uv": [0, 10]}
				]
			},
			{
				"name": "headleave52",
				"parent": "headleave31",
				"pivot": [-3.66131, 26.3083, -4.76927],
				"rotation": [0, 0, -83],
				"cubes": [
					{"origin": [-6.88158, 23.97976, -4.997], "size": [0.80781, 0.2953, 0.45546], "uv": [0, 10]},
					{"origin": [-7.0542, 26.00308, -4.997], "size": [0.80781, 0.2953, 0.45546], "uv": [0, 10]}
				]
			},
			{
				"name": "headleave53",
				"parent": "headleave31",
				"pivot": [-3.66131, 26.3083, -4.76927],
				"rotation": [0, 0, -68],
				"cubes": [
					{"origin": [-6.94496, 23.22563, -4.997], "size": [0.77578, 0.2953, 0.45546], "uv": [0, 10]},
					{"origin": [-6.93602, 23.42758, -4.997], "size": [0.77578, 1.99299, 0.45546], "uv": [0, 10]},
					{"origin": [-6.26335, 23.42758, -4.997], "size": [0.77578, 1.99299, 0.45546], "uv": [0, 10]},
					{"origin": [-7.38447, 23.42758, -4.997], "size": [0.77578, 1.99299, 0.45546], "uv": [0, 10]}
				]
			},
			{
				"name": "headleave54",
				"parent": "headleave31",
				"pivot": [-3.66131, 26.3083, -4.76927],
				"rotation": [0, 0, -53],
				"cubes": [
					{"origin": [-7.00318, 22.4808, -4.997], "size": [0.96797, 0.2953, 0.45546], "uv": [0, 10]}
				]
			},
			{
				"name": "headleave55",
				"parent": "headleave31",
				"pivot": [-3.66131, 26.3083, -4.76927],
				"rotation": [0, 0, -38],
				"cubes": [
					{"origin": [-6.86665, 21.74628, -4.997], "size": [0.96797, 0.2953, 0.45546], "uv": [0, 10]}
				]
			},
			{
				"name": "headleave58",
				"parent": "headleave31",
				"pivot": [-0.064, 17.21522, -0.8008]
			},
			{
				"name": "headleave56",
				"parent": "headleave58",
				"pivot": [-3.66131, 26.3083, -4.76927],
				"rotation": [0, 0, -38],
				"cubes": [
					{"origin": [-7.74758, 22.65803, -4.997], "size": [0.96797, 1.08008, 0.45546], "uv": [0, 10]}
				]
			},
			{
				"name": "headleave61",
				"parent": "headleave58",
				"pivot": [-3.66131, 26.3083, -4.76927],
				"rotation": [0, 0, -38],
				"cubes": [
					{"origin": [-7.15499, 22.09747, -4.997], "size": [0.77578, 1.27227, 0.45546], "uv": [0, 10]}
				]
			},
			{
				"name": "headleave62",
				"parent": "headleave58",
				"pivot": [-3.66131, 26.3083, -4.76927],
				"rotation": [0, 0, -38],
				"cubes": [
					{"origin": [-8.18001, 23.09046, -4.997], "size": [1.8008, 0.40741, 0.45546], "uv": [0, 10]}
				]
			},
			{
				"name": "headleave59",
				"parent": "headleave58",
				"pivot": [-3.66131, 26.3083, -4.76927],
				"rotation": [0, 0, -38],
				"cubes": [
					{"origin": [-8.71555, 23.44282, -4.997], "size": [0.96797, 0.2953, 0.45546], "uv": [0, 10]}
				]
			},
			{
				"name": "headleave60",
				"parent": "headleave58",
				"pivot": [-3.66131, 26.3083, -4.76927],
				"rotation": [0, 0, 2],
				"cubes": [
					{"origin": [-5.69118, 20.86441, -4.997], "size": [2.6977, 0.2953, 0.45546], "uv": [0, 10]}
				]
			},
			{
				"name": "headleave57",
				"parent": "headleave58",
				"pivot": [-3.66131, 26.3083, -4.76927],
				"rotation": [0, 0, -53],
				"cubes": [
					{"origin": [-7.415, 22.58577, -4.997], "size": [0.96797, 2.05706, 0.45546], "uv": [0, 10]}
				]
			},
			{
				"name": "headleave63",
				"parent": "headleave23",
				"pivot": [-0.27221, 17.21522, -8.6967],
				"rotation": [0, 180, 0]
			},
			{
				"name": "headleave64",
				"parent": "headleave63",
				"pivot": [0.26883, 23.46496, -12.55305],
				"cubes": [
					{"origin": [-3.80274, 24.27828, -12.89289], "size": [3.54655, 1.19219, 0.45546], "uv": [20, 14]}
				]
			},
			{
				"name": "headleave65",
				"parent": "headleave63",
				"pivot": [-1.52496, 24.61812, -12.66517],
				"rotation": [0, 0, -103],
				"cubes": [
					{"origin": [-3.08785, 23.30542, -12.89289], "size": [1.60861, 0.67968, 0.45546], "uv": [20, 14]}
				]
			},
			{
				"name": "headleave66",
				"parent": "headleave63",
				"pivot": [-1.52496, 24.61812, -12.66517],
				"rotation": [0, 0, -88],
				"cubes": [
					{"origin": [-4.30345, 22.94564, -12.89289], "size": [1.60861, 0.67968, 0.45546], "uv": [20, 14]}
				]
			},
			{
				"name": "headleave67",
				"parent": "headleave63",
				"pivot": [-1.52496, 24.61812, -12.66517],
				"rotation": [0, 0, -78],
				"cubes": [
					{"origin": [-4.89074, 22.48857, -12.89289], "size": [0.91992, 0.67968, 0.45546], "uv": [20, 14]}
				]
			},
			{
				"name": "headleave68",
				"parent": "headleave63",
				"pivot": [-1.52496, 24.61812, -12.66517],
				"rotation": [0, 0, -143],
				"cubes": [
					{"origin": [-4.87742, 26.78458, -12.89289], "size": [1.06406, 0.40741, 0.45546], "uv": [20, 14]}
				]
			},
			{
				"name": "headleave69",
				"parent": "headleave63",
				"pivot": [-3.86952, 26.3083, -12.66517],
				"rotation": [0, 0, -108],
				"cubes": [
					{"origin": [-9.55235, 24.20442, -12.89289], "size": [1.27227, 1.19219, 0.45546], "uv": [20, 14]}
				]
			},
			{
				"name": "headleave70",
				"parent": "headleave63",
				"pivot": [-3.86952, 26.3083, -12.66517],
				"rotation": [0, 0, -93],
				"cubes": [
					{"origin": [-7.89382, 23.09394, -12.89289], "size": [1.27227, 1.19219, 0.45546], "uv": [20, 14]}
				]
			},
			{
				"name": "headleave71",
				"parent": "headleave63",
				"pivot": [-3.86952, 26.3083, -12.66517],
				"rotation": [0, 0, -83],
				"cubes": [
					{"origin": [-6.2286, 22.74288, -12.89289], "size": [1.27227, 1.0961, 0.45546], "uv": [20, 14]}
				]
			},
			{
				"name": "headleave72",
				"parent": "headleave63",
				"pivot": [-3.86952, 26.3083, -12.66517],
				"rotation": [0, 0, -73],
				"cubes": [
					{"origin": [-5.89226, 23.59173, -12.89289], "size": [1.27227, 0.2953, 0.45546], "uv": [20, 14]},
					{"origin": [-6.41361, 23.76055, -12.89289], "size": [1.27227, 2.02503, 0.45546], "uv": [20, 14]}
				]
			},
			{
				"name": "headleave73",
				"parent": "headleave63",
				"pivot": [-3.86952, 26.3083, -12.66517],
				"rotation": [0, 0, -83],
				"cubes": [
					{"origin": [-7.08979, 23.97976, -12.89289], "size": [0.80781, 0.2953, 0.45546], "uv": [20, 14]},
					{"origin": [-7.26241, 26.00308, -12.89289], "size": [0.80781, 0.2953, 0.45546], "uv": [20, 14]}
				]
			},
			{
				"name": "headleave74",
				"parent": "headleave63",
				"pivot": [-3.86952, 26.3083, -12.66517],
				"rotation": [0, 0, -68],
				"cubes": [
					{"origin": [-7.15317, 23.22563, -12.89289], "size": [0.77578, 0.2953, 0.45546], "uv": [20, 14]},
					{"origin": [-7.14423, 23.42758, -12.89289], "size": [0.77578, 1.99299, 0.45546], "uv": [20, 14]},
					{"origin": [-6.47156, 23.42758, -12.89289], "size": [0.77578, 1.99299, 0.45546], "uv": [20, 14]},
					{"origin": [-7.59268, 23.42758, -12.89289], "size": [0.77578, 1.99299, 0.45546], "uv": [20, 14]}
				]
			},
			{
				"name": "headleave75",
				"parent": "headleave63",
				"pivot": [-3.86952, 26.3083, -12.66517],
				"rotation": [0, 0, -53],
				"cubes": [
					{"origin": [-7.21139, 22.4808, -12.89289], "size": [0.96797, 0.2953, 0.45546], "uv": [20, 14]}
				]
			},
			{
				"name": "headleave76",
				"parent": "headleave63",
				"pivot": [-3.86952, 26.3083, -12.66517],
				"rotation": [0, 0, -38],
				"cubes": [
					{"origin": [-7.07486, 21.74628, -12.89289], "size": [0.96797, 0.2953, 0.45546], "uv": [20, 14]}
				]
			},
			{
				"name": "headleave77",
				"parent": "headleave63",
				"pivot": [-0.27221, 17.21522, -8.6967]
			},
			{
				"name": "headleave78",
				"parent": "headleave77",
				"pivot": [-3.86952, 26.3083, -12.66517],
				"rotation": [0, 0, -38],
				"cubes": [
					{"origin": [-7.95579, 22.65803, -12.89289], "size": [0.96797, 1.08008, 0.45546], "uv": [20, 14]}
				]
			},
			{
				"name": "headleave79",
				"parent": "headleave77",
				"pivot": [-3.86952, 26.3083, -12.66517],
				"rotation": [0, 0, -38],
				"cubes": [
					{"origin": [-7.3632, 22.09747, -12.89289], "size": [0.77578, 1.27227, 0.45546], "uv": [20, 14]}
				]
			},
			{
				"name": "headleave80",
				"parent": "headleave77",
				"pivot": [-3.86952, 26.3083, -12.66517],
				"rotation": [0, 0, -38],
				"cubes": [
					{"origin": [-8.38822, 23.09046, -12.89289], "size": [1.8008, 0.40741, 0.45546], "uv": [20, 14]}
				]
			},
			{
				"name": "headleave81",
				"parent": "headleave77",
				"pivot": [-3.86952, 26.3083, -12.66517],
				"rotation": [0, 0, -38],
				"cubes": [
					{"origin": [-8.92376, 23.44282, -12.89289], "size": [0.96797, 0.2953, 0.45546], "uv": [20, 14]}
				]
			},
			{
				"name": "headleave82",
				"parent": "headleave77",
				"pivot": [-3.86952, 26.3083, -12.66517],
				"rotation": [0, 0, 2],
				"cubes": [
					{"origin": [-5.89939, 20.86441, -12.89289], "size": [2.6977, 0.2953, 0.45546], "uv": [20, 14]}
				]
			},
			{
				"name": "headleave83",
				"parent": "headleave77",
				"pivot": [-3.86952, 26.3083, -12.66517],
				"rotation": [0, 0, -53],
				"cubes": [
					{"origin": [-7.62321, 22.58577, -12.89289], "size": [0.96797, 2.05706, 0.45546], "uv": [20, 14]}
				]
			},
			{
				"name": "armLeft",
				"pivot": [3, 17.5, 0],
				"rotation": [0, 0, -25],
				"cubes": [
					{"origin": [3, 9.5, -1], "size": [2, 8, 2], "uv": [0, 35]}
				]
			},
			{
				"name": "armRight",
				"pivot": [-3, 17.5, 0],
				"rotation": [0, 0, 25],
				"cubes": [
					{"origin": [-5, 9.5, -1], "size": [2, 8, 2], "uv": [39, 37]}
				]
			},
			{
				"name": "body",
				"pivot": [0, 10.5, 0],
				"cubes": [
					{"origin": [-3.25, 11, -2.5], "size": [6.4, 1.25, 5], "uv": [19, 27]},
					{"origin": [-4.0578, 8.088, -2.724], "size": [8, 3, 5], "uv": [18, 16]},
					{"origin": [-2.9, 11, -2.5], "size": [5.7, 7, 5], "uv": [19, 22]}
				]
			},
			{
				"name": "collar",
				"parent": "body",
				"pivot": [0, 11.5, 0]
			},
			{
				"name": "collar2",
				"parent": "collar",
				"pivot": [-2, 18, 0],
				"rotation": [0, 0, 25],
				"cubes": [
					{"origin": [-2.27447, 17.80463, -3.125], "size": [2, 1, 1], "uv": [0, 27]}
				]
			},
			{
				"name": "collar3",
				"parent": "collar",
				"pivot": [2, 18, 0],
				"rotation": [0, 0, -25],
				"cubes": [
					{"origin": [0.10029, 17.88585, -3.125], "size": [2, 1, 1], "uv": [24, 3]}
				]
			},
			{
				"name": "suit",
				"parent": "body",
				"pivot": [0, 10.5, 0],
				"cubes": [
					{"origin": [-3.132, 15.0961, -2.996], "size": [6, 3, 6], "uv": [0, 16]}
				]
			},
			{
				"name": "suit2",
				"parent": "suit",
				"pivot": [-3, 13, 0],
				"rotation": [0, 0, 20],
				"cubes": [
					{"origin": [-1.14385, 16.38011, -3], "size": [3, 0.85, 6], "uv": [36, 0]}
				]
			},
			{
				"name": "suit3",
				"parent": "suit",
				"pivot": [3, 13, 0],
				"rotation": [0, 0, -20],
				"cubes": [
					{"origin": [-2.04357, 16.44833, -3], "size": [3, 0.85, 6], "uv": [0, 58]}
				]
			},
			{
				"name": "skirt",
				"parent": "body",
				"pivot": [0, 0, 0]
			},
			{
				"name": "skirt2",
				"parent": "skirt",
				"pivot": [0, 12, 0],
				"cubes": [
					{"origin": [-1.26406, 13.89579, -2.99118], "size": [2.3, 3.4965, 1], "uv": [47, 31]},
					{"origin": [-1.26406, 14.39229, 1.94085], "size": [2.3, 3, 1], "uv": [47, 31]}
				]
			},
			{
				"name": "skirt3",
				"parent": "skirt",
				"pivot": [0, 12, 0],
				"rotation": [0, 0, -45],
				"cubes": [
					{"origin": [0.4467, 13.39922, -2.99118], "size": [1.7, 0.83514, 1], "uv": [9, 61]}
				]
			},
			{
				"name": "skirt4",
				"parent": "skirt",
				"pivot": [0, 12, 0],
				"rotation": [0, 0, -45],
				"cubes": [
					{"origin": [1.20588, 12.60801, -2.99118], "size": [0.86717, 1.61992, 1], "uv": [47, 31]}
				]
			},
			{
				"name": "skirt6",
				"parent": "skirt",
				"pivot": [0, 12, 0],
				"rotation": [0, 0, -100],
				"cubes": [
					{"origin": [-3.17548, 8.00327, -3.55115], "size": [2, 9.02503, 7], "uv": [24, 47]},
					{"origin": [-2.9144, 11.20352, -3.93515], "size": [1.456, 2.336, 0.632], "uv": [10, 60]},
					{"origin": [-2.75437, 11.39549, -3.99915], "size": [1.136, 1.856, 0.696], "uv": [38, 56]},
					{"origin": [-2.32239, 12.53147, -4.03115], "size": [0.208, 0.96, 0.728], "uv": [62, 45]}
				]
			},
			{
				"name": "skirt7",
				"parent": "skirt",
				"pivot": [0, 12, 0]
			},
			{
				"name": "skirt5",
				"parent": "skirt7",
				"pivot": [0, 12, 0],
				"rotation": [0, 0, 45],
				"cubes": [
					{"origin": [-4.3106, 13.06958, -3.06094], "size": [1, 3.10511, 1.78478], "uv": [27, 3]}
				]
			},
			{
				"name": "skirt13",
				"parent": "skirt7",
				"pivot": [0, 12, 0],
				"rotation": [0, 0, -45],
				"cubes": [
					{"origin": [3.1747, 14.20548, -3.15703], "size": [1, 2.10511, 1.78478], "uv": [31, 4]}
				]
			},
			{
				"name": "skirt16",
				"parent": "skirt7",
				"pivot": [0, 12, 0],
				"rotation": [0, 0, 45],
				"cubes": [
					{"origin": [-2.20548, 12.45197, -3.04492], "size": [1, 3.72272, 1.78478], "uv": [31, 4]}
				]
			},
			{
				"name": "skirt18",
				"parent": "skirt7",
				"pivot": [0, 12, 0],
				"rotation": [0, 0, 45],
				"cubes": [
					{"origin": [-1.0024, 8.22986, -2.80915], "size": [0.58358, 1.78478, 1.78478], "uv": [31, 4]}
				]
			},
			{
				"name": "skirt14",
				"parent": "skirt7",
				"pivot": [0, 12, 0],
				"rotation": [0, 0, -45],
				"cubes": [
					{"origin": [2.06258, 14.20548, -3.0289], "size": [1.11211, 1.10511, 1.78478], "uv": [29, 30]}
				]
			},
			{
				"name": "skirt10",
				"parent": "skirt7",
				"pivot": [0, 12, 0],
				"rotation": [0, 0, -45],
				"cubes": [
					{"origin": [1.06958, 13.20549, -3.06094], "size": [1, 3.10511, 1.78478], "uv": [27, 3]}
				]
			},
			{
				"name": "skirt11",
				"parent": "skirt7",
				"pivot": [0, 12, 0],
				"cubes": [
					{"origin": [0.31811, 13.83975, -3.01289], "size": [1, 1.18318, 1.78478], "uv": [27, 3]}
				]
			},
			{
				"name": "skirt17",
				"parent": "skirt7",
				"pivot": [0, 12, 0],
				"cubes": [
					{"origin": [-1.26747, 13.83975, -3.04492], "size": [1, 1.18318, 1.78478], "uv": [31, 5]}
				]
			},
			{
				"name": "skirt12",
				"parent": "skirt7",
				"pivot": [0, 12, 0],
				"rotation": [0, 0, 45],
				"cubes": [
					{"origin": [-1.36885, 12.42514, -3.06094], "size": [1, 1.80781, 1.78478], "uv": [27, 3]}
				]
			},
			{
				"name": "skirt8",
				"parent": "skirt",
				"pivot": [0, 12, 0],
				"rotation": [0, 0, -10],
				"cubes": [
					{"origin": [-0.28264, 11.49077, -2.55915], "size": [0.2, 0.4, 0.2], "uv": [41, 55]}
				]
			},
			{
				"name": "bone18",
				"parent": "skirt8",
				"pivot": [0, 12, 0],
				"rotation": [0, 0, 20],
				"cubes": [
					{"origin": [-0.11736, 11.19077, -2.55915], "size": [0.2, 0.3, 0.2], "uv": [40, 54]}
				]
			},
			{
				"name": "skirt9",
				"parent": "skirt",
				"pivot": [0, 12, 0],
				"cubes": [
					{"origin": [1.5, 10.89229, -2.80915], "size": [0.6, 4.2, 0.2], "uv": [51, 40]},
					{"origin": [-2.3, 10.89229, -2.80915], "size": [0.6, 4.2, 0.2], "uv": [58, 40]},
					{"origin": [-2.3, 10.89229, 2.49085], "size": [0.6, 4.2, 0.2], "uv": [56, 41]},
					{"origin": [1.5, 10.89229, 2.69085], "size": [0.6, 4.2, 0.2], "uv": [51, 40]}
				]
			},
			{
				"name": "skirt15",
				"parent": "skirt",
				"pivot": [0, 12, 0],
				"rotation": [-35, 180, 0]
			},
			{
				"name": "legLeft",
				"pivot": [2, 9, 0],
				"cubes": [
					{"origin": [0.35586, 0, -1.5], "size": [3, 9, 3], "uv": [27, 34]}
				]
			},
			{
				"name": "legRight",
				"pivot": [-2, 9, 0],
				"cubes": [
					{"origin": [-3.64414, 0, -1.5], "size": [3, 9, 3], "uv": [15, 34]}
				]
			}
		]
	}
}