{
	"format_version": "1.10.0",
	"geometry.model": {
		"texturewidth": 64,
		"textureheight": 64,
		"visible_bounds_width": 1,
		"visible_bounds_height": 2,
		"visible_bounds_offset": [0, 1, 0],
		"bones": [
			{
				"name": "head",
				"pivot": [-0.064, 18, 0],
				"cubes": [
					{"origin": [-4.064, 18, -4], "size": [8, 8, 8], "uv": [0, 0]}
				]
			},
			{
				"name": "blink",
				"parent": "head",
				"pivot": [-0.064, 0, 0],
				"cubes": [
					{"origin": [-4.064, 18, -4.001], "size": [8, 8, 0], "uv": [32, 8]}
				]
			},
			{
				"name": "headleave6",
				"parent": "head",
				"pivot": [-0.064, 18, 0]
			},
			{
				"name": "headleave5",
				"parent": "headleave6",
				"pivot": [-0.064, 18, 0]
			},
			{
				"name": "headleave2",
				"parent": "headleave5",
				"pivot": [-5.18478, 16.8503, -2.5],
				"rotation": [0, 0, -2],
				"cubes": [
					{"origin": [2.80451, 17.272, -3.91992], "size": [1.38438, 6.66767, 1], "uv": [60, 0], "mirror": true}
				]
			},
			{
				"name": "headleave4",
				"parent": "headleave5",
				"pivot": [-5.18478, 16.8503, -2.5],
				"rotation": [0, 0, 11],
				"cubes": [
					{"origin": [2.46694, 15.55859, -3.91992], "size": [0.79179, 4.04104, 1], "uv": [60, 0], "mirror": true}
				]
			},
			{
				"name": "headleave3",
				"parent": "headleave5",
				"pivot": [-5.18478, 16.8503, -2.5],
				"rotation": [0, 0, 11],
				"cubes": [
					{"origin": [2.46694, 16.39142, -3.91992], "size": [1.38438, 3, 1], "uv": [60, 0], "mirror": true}
				]
			},
			{
				"name": "headleave7",
				"parent": "headleave6",
				"pivot": [-0.14421, 18.0961, 0]
			},
			{
				"name": "headleave8",
				"parent": "headleave7",
				"pivot": [4.97657, 16.9464, -2.5],
				"rotation": [0, 0, 2],
				"cubes": [
					{"origin": [-4.42913, 17.36809, -3.91992], "size": [1.38438, 6.66767, 1], "uv": [60, 0]}
				]
			},
			{
				"name": "headleave9",
				"parent": "headleave7",
				"pivot": [4.97657, 16.9464, -2.5],
				"rotation": [0, 0, -11],
				"cubes": [
					{"origin": [-3.49897, 15.65469, -3.91992], "size": [0.79179, 4.04104, 1], "uv": [60, 0]}
				]
			},
			{
				"name": "headleave10",
				"parent": "headleave7",
				"pivot": [4.97657, 16.9464, -2.5],
				"rotation": [0, 0, -11],
				"cubes": [
					{"origin": [-4.09156, 16.48752, -3.91992], "size": [1.38438, 3, 1], "uv": [60, 0]}
				]
			},
			{
				"name": "headleave32",
				"parent": "headleave6",
				"pivot": [-0.064, 18, 0]
			},
			{
				"name": "headleave11",
				"parent": "headleave32",
				"pivot": [-0.064, 18, 0]
			},
			{
				"name": "headleave13",
				"parent": "headleave11",
				"pivot": [-0.064, 18, 0]
			},
			{
				"name": "headleave12",
				"parent": "headleave13",
				"pivot": [-5.18478, 16.8503, -2.5],
				"cubes": [
					{"origin": [3.94728, 21.62224, -2.91992], "size": [0.42342, 0.78478, 7.07007], "uv": [50, 2], "mirror": true}
				]
			},
			{
				"name": "headleave14",
				"parent": "headleave13",
				"pivot": [-5.18478, 16.8503, -2.5],
				"cubes": [
					{"origin": [3.76409, 20.83746, -2.91992], "size": [0.42342, 0.78478, 7.07007], "uv": [50, 2], "mirror": true}
				]
			},
			{
				"name": "headleave15",
				"parent": "headleave13",
				"pivot": [-5.18478, 16.8503, -2.5],
				"cubes": [
					{"origin": [3.76409, 22.40703, -2.91992], "size": [0.42342, 0.78478, 7.07007], "uv": [50, 2], "mirror": true}
				]
			},
			{
				"name": "headleave16",
				"parent": "headleave11",
				"pivot": [-0.064, 18, 0]
			},
			{
				"name": "headleave17",
				"parent": "headleave16",
				"pivot": [-5.18478, 16.8503, -2.5],
				"cubes": [
					{"origin": [3.94728, 23.22385, -2.91992], "size": [0.42342, 0.78478, 7.07007], "uv": [50, 2], "mirror": true}
				]
			},
			{
				"name": "headleave18",
				"parent": "headleave16",
				"pivot": [-5.18478, 16.8503, -2.5],
				"cubes": [
					{"origin": [3.76409, 22.43906, -2.91992], "size": [0.42342, 0.78478, 7.07007], "uv": [50, 2], "mirror": true}
				]
			},
			{
				"name": "headleave19",
				"parent": "headleave16",
				"pivot": [-5.18478, 16.8503, -2.5],
				"cubes": [
					{"origin": [3.76409, 24.00863, -2.91992], "size": [0.42342, 0.78478, 7.07007], "uv": [50, 2], "mirror": true}
				]
			},
			{
				"name": "headleave28",
				"parent": "headleave11",
				"pivot": [-0.064, 18, 0],
				"rotation": [-10, 0, 0]
			},
			{
				"name": "headleave29",
				"parent": "headleave28",
				"pivot": [-5.18478, 16.8503, -2.5],
				"cubes": [
					{"origin": [3.94728, 23.72034, -3.99299], "size": [0.42342, 0.78478, 7.07007], "uv": [50, 2], "mirror": true}
				]
			},
			{
				"name": "headleave30",
				"parent": "headleave28",
				"pivot": [-5.18478, 16.8503, -2.5],
				"cubes": [
					{"origin": [3.76409, 22.93556, -3.99299], "size": [0.42342, 0.78478, 7.07007], "uv": [50, 2], "mirror": true}
				]
			},
			{
				"name": "headleave31",
				"parent": "headleave28",
				"pivot": [-5.18478, 16.8503, -2.5],
				"cubes": [
					{"origin": [3.76409, 24.50513, -3.99299], "size": [0.42342, 0.78478, 7.07007], "uv": [50, 2], "mirror": true}
				]
			},
			{
				"name": "headleave20",
				"parent": "headleave11",
				"pivot": [-0.064, 18, 0]
			},
			{
				"name": "headleave21",
				"parent": "headleave20",
				"pivot": [-5.18478, 16.8503, -2.5],
				"cubes": [
					{"origin": [3.94728, 20.08471, -2.91992], "size": [0.42342, 0.78478, 7.07007], "uv": [50, 2], "mirror": true}
				]
			},
			{
				"name": "headleave22",
				"parent": "headleave20",
				"pivot": [-5.18478, 16.8503, -2.5],
				"cubes": [
					{"origin": [3.76409, 19.29992, -2.91992], "size": [0.42342, 0.78478, 7.07007], "uv": [50, 2], "mirror": true}
				]
			},
			{
				"name": "headleave23",
				"parent": "headleave20",
				"pivot": [-5.18478, 16.8503, -2.5],
				"cubes": [
					{"origin": [3.76409, 20.86949, -2.91992], "size": [0.42342, 0.78478, 7.07007], "uv": [50, 2], "mirror": true}
				]
			},
			{
				"name": "headleave24",
				"parent": "headleave11",
				"pivot": [-0.064, 18, 0],
				"rotation": [10, 0, 0]
			},
			{
				"name": "headleave25",
				"parent": "headleave24",
				"pivot": [-5.18478, 16.8503, -2.5],
				"cubes": [
					{"origin": [3.94728, 19.13608, -2.53302], "size": [0.42342, 0.78478, 7.07007], "uv": [50, 2], "mirror": true}
				]
			},
			{
				"name": "headleave26",
				"parent": "headleave24",
				"pivot": [-5.18478, 16.8503, -2.5],
				"cubes": [
					{"origin": [3.76409, 18.3513, -2.53302], "size": [0.42342, 0.78478, 7.07007], "uv": [50, 2], "mirror": true}
				]
			},
			{
				"name": "headleave27",
				"parent": "headleave24",
				"pivot": [-5.18478, 16.8503, -2.5],
				"cubes": [
					{"origin": [3.76409, 19.92087, -2.53302], "size": [0.42342, 0.78478, 7.07007], "uv": [50, 2], "mirror": true}
				]
			},
			{
				"name": "headleave54",
				"parent": "headleave32",
				"pivot": [0.064, 18, 0]
			},
			{
				"name": "headleave55",
				"parent": "headleave54",
				"pivot": [0.064, 18, 0]
			},
			{
				"name": "headleave56",
				"parent": "headleave55",
				"pivot": [5.18478, 16.8503, -2.5],
				"cubes": [
					{"origin": [-4.3707, 21.62224, -2.91992], "size": [0.42342, 0.78478, 7.07007], "uv": [50, 2]}
				]
			},
			{
				"name": "headleave57",
				"parent": "headleave55",
				"pivot": [5.18478, 16.8503, -2.5],
				"cubes": [
					{"origin": [-4.18752, 20.83746, -2.91992], "size": [0.42342, 0.78478, 7.07007], "uv": [50, 2]}
				]
			},
			{
				"name": "headleave58",
				"parent": "headleave55",
				"pivot": [5.18478, 16.8503, -2.5],
				"cubes": [
					{"origin": [-4.18752, 22.40703, -2.91992], "size": [0.42342, 0.78478, 7.07007], "uv": [50, 2]}
				]
			},
			{
				"name": "headleave59",
				"parent": "headleave54",
				"pivot": [0.064, 18, 0]
			},
			{
				"name": "headleave60",
				"parent": "headleave59",
				"pivot": [5.18478, 16.8503, -2.5],
				"cubes": [
					{"origin": [-4.3707, 23.22385, -2.91992], "size": [0.42342, 0.78478, 7.07007], "uv": [50, 2]}
				]
			},
			{
				"name": "headleave61",
				"parent": "headleave59",
				"pivot": [5.18478, 16.8503, -2.5],
				"cubes": [
					{"origin": [-4.18752, 22.43906, -2.91992], "size": [0.42342, 0.78478, 7.07007], "uv": [50, 2]}
				]
			},
			{
				"name": "headleave62",
				"parent": "headleave59",
				"pivot": [5.18478, 16.8503, -2.5],
				"cubes": [
					{"origin": [-4.18752, 24.00863, -2.91992], "size": [0.42342, 0.78478, 7.07007], "uv": [50, 2]}
				]
			},
			{
				"name": "headleave63",
				"parent": "headleave54",
				"pivot": [0.064, 18, 0],
				"rotation": [-10, 0, 0]
			},
			{
				"name": "headleave64",
				"parent": "headleave63",
				"pivot": [5.18478, 16.8503, -2.5],
				"cubes": [
					{"origin": [-4.3707, 23.72034, -3.99299], "size": [0.42342, 0.78478, 7.07007], "uv": [50, 2]}
				]
			},
			{
				"name": "headleave65",
				"parent": "headleave63",
				"pivot": [5.18478, 16.8503, -2.5],
				"cubes": [
					{"origin": [-4.18752, 22.93556, -3.99299], "size": [0.42342, 0.78478, 7.07007], "uv": [50, 2]}
				]
			},
			{
				"name": "headleave66",
				"parent": "headleave63",
				"pivot": [5.18478, 16.8503, -2.5],
				"cubes": [
					{"origin": [-4.18752, 24.50513, -3.99299], "size": [0.42342, 0.78478, 7.07007], "uv": [50, 2]}
				]
			},
			{
				"name": "headleave67",
				"parent": "headleave54",
				"pivot": [0.064, 18, 0]
			},
			{
				"name": "headleave68",
				"parent": "headleave67",
				"pivot": [5.18478, 16.8503, -2.5],
				"cubes": [
					{"origin": [-4.3707, 20.08471, -2.91992], "size": [0.42342, 0.78478, 7.07007], "uv": [50, 2]}
				]
			},
			{
				"name": "headleave69",
				"parent": "headleave67",
				"pivot": [5.18478, 16.8503, -2.5],
				"cubes": [
					{"origin": [-4.18752, 19.29992, -2.91992], "size": [0.42342, 0.78478, 7.07007], "uv": [50, 2]}
				]
			},
			{
				"name": "headleave70",
				"parent": "headleave67",
				"pivot": [5.18478, 16.8503, -2.5],
				"cubes": [
					{"origin": [-4.18752, 20.86949, -2.91992], "size": [0.42342, 0.78478, 7.07007], "uv": [50, 2]}
				]
			},
			{
				"name": "headleave71",
				"parent": "headleave54",
				"pivot": [0.064, 18, 0],
				"rotation": [10, 0, 0]
			},
			{
				"name": "headleave72",
				"parent": "headleave71",
				"pivot": [5.18478, 16.8503, -2.5],
				"cubes": [
					{"origin": [-4.3707, 19.13608, -2.53302], "size": [0.42342, 0.78478, 7.07007], "uv": [50, 2]}
				]
			},
			{
				"name": "headleave73",
				"parent": "headleave71",
				"pivot": [5.18478, 16.8503, -2.5],
				"cubes": [
					{"origin": [-4.18752, 18.3513, -2.53302], "size": [0.42342, 0.78478, 7.07007], "uv": [50, 2]}
				]
			},
			{
				"name": "headleave74",
				"parent": "headleave71",
				"pivot": [5.18478, 16.8503, -2.5],
				"cubes": [
					{"origin": [-4.18752, 19.92087, -2.53302], "size": [0.42342, 0.78478, 7.07007], "uv": [50, 2]}
				]
			},
			{
				"name": "headleave33",
				"parent": "headleave32",
				"pivot": [0.064, 18, 0],
				"rotation": [0, 90, 0]
			},
			{
				"name": "headleave34",
				"parent": "headleave33",
				"pivot": [0.064, 18, 0]
			},
			{
				"name": "headleave35",
				"parent": "headleave34",
				"pivot": [5.18478, 16.8503, -2.5],
				"cubes": [
					{"origin": [-4.43477, 21.62224, -4.2012], "size": [0.42342, 0.78478, 8.35135], "uv": [50, 2]}
				]
			},
			{
				"name": "headleave36",
				"parent": "headleave34",
				"pivot": [5.18478, 16.8503, -2.5],
				"cubes": [
					{"origin": [-4.25158, 20.83746, -4.2012], "size": [0.42342, 0.78478, 8.35135], "uv": [50, 2]}
				]
			},
			{
				"name": "headleave37",
				"parent": "headleave34",
				"pivot": [5.18478, 16.8503, -2.5],
				"cubes": [
					{"origin": [-4.25158, 22.40703, -4.2012], "size": [0.42342, 0.78478, 8.35135], "uv": [50, 2]}
				]
			},
			{
				"name": "headleave38",
				"parent": "headleave33",
				"pivot": [0.064, 18, 0]
			},
			{
				"name": "headleave39",
				"parent": "headleave38",
				"pivot": [5.18478, 16.8503, -2.5],
				"cubes": [
					{"origin": [-4.43477, 23.22385, -4.2012], "size": [0.42342, 0.78478, 8.35135], "uv": [50, 2]}
				]
			},
			{
				"name": "headleave40",
				"parent": "headleave38",
				"pivot": [5.18478, 16.8503, -2.5],
				"cubes": [
					{"origin": [-4.25158, 22.43906, -4.2012], "size": [0.42342, 0.78478, 8.35135], "uv": [50, 2]}
				]
			},
			{
				"name": "headleave41",
				"parent": "headleave38",
				"pivot": [5.18478, 16.8503, -2.5],
				"cubes": [
					{"origin": [-4.25158, 24.00863, -4.2012], "size": [0.42342, 0.78478, 8.35135], "uv": [50, 2]}
				]
			},
			{
				"name": "headleave46",
				"parent": "headleave33",
				"pivot": [0.064, 18, 0]
			},
			{
				"name": "headleave47",
				"parent": "headleave46",
				"pivot": [5.18478, 16.8503, -2.5],
				"cubes": [
					{"origin": [-4.43477, 20.08471, -4.2012], "size": [0.42342, 0.78478, 8.35135], "uv": [50, 2]}
				]
			},
			{
				"name": "headleave48",
				"parent": "headleave46",
				"pivot": [5.18478, 16.8503, -2.5],
				"cubes": [
					{"origin": [-4.25158, 19.29992, -4.2012], "size": [0.42342, 0.78478, 8.35135], "uv": [50, 2]}
				]
			},
			{
				"name": "headleave49",
				"parent": "headleave46",
				"pivot": [5.18478, 16.8503, -2.5],
				"cubes": [
					{"origin": [-4.25158, 20.86949, -4.2012], "size": [0.42342, 0.78478, 8.35135], "uv": [50, 2]}
				]
			},
			{
				"name": "headleave42",
				"parent": "headleave6",
				"pivot": [-0.064, 18, 0]
			},
			{
				"name": "headleave43",
				"parent": "headleave42",
				"pivot": [-0.064, 18, 0]
			},
			{
				"name": "headleave44",
				"parent": "headleave43",
				"pivot": [-0.064, 18, 0],
				"rotation": [-5, 0, 0],
				"cubes": [
					{"origin": [-2.44138, 19.85786, 2.08208], "size": [5, 5, 3], "uv": [48, 2]}
				]
			},
			{
				"name": "headleave78",
				"parent": "headleave43",
				"pivot": [-0.064, 18, 0],
				"rotation": [-5, 0, 0],
				"cubes": [
					{"origin": [-2.95389, 23.95796, 2.08208], "size": [5.8008, 0.53153, 3.22422], "uv": [48, 2]}
				]
			},
			{
				"name": "headleave86",
				"parent": "headleave43",
				"pivot": [-0.064, 18, 0],
				"rotation": [-5, 0, 0],
				"cubes": [
					{"origin": [-2.95389, 23.38138, 2.24224], "size": [5.8008, 0.53153, 3.22422], "uv": [48, 2]}
				]
			},
			{
				"name": "headleave87",
				"parent": "headleave43",
				"pivot": [-0.064, 18, 0],
				"rotation": [-5, 0, 0],
				"cubes": [
					{"origin": [-2.95389, 22.26026, 2.24224], "size": [5.8008, 0.53153, 3.22422], "uv": [48, 2]}
				]
			},
			{
				"name": "headleave88",
				"parent": "headleave43",
				"pivot": [-0.064, 18, 0],
				"rotation": [-5, 0, 0],
				"cubes": [
					{"origin": [-2.95389, 21.07508, 2.24224], "size": [5.8008, 0.53153, 3.22422], "uv": [48, 2]}
				]
			},
			{
				"name": "headleave89",
				"parent": "headleave43",
				"pivot": [-0.064, 18, 0],
				"rotation": [-5, 0, 0],
				"cubes": [
					{"origin": [-2.95389, 20.37037, 2.24224], "size": [5.8008, 0.53153, 3.22422], "uv": [48, 2]}
				]
			},
			{
				"name": "headleave79",
				"parent": "headleave43",
				"pivot": [-0.064, 18, 0],
				"rotation": [-5, 0, 0],
				"cubes": [
					{"origin": [-2.95389, 22.86887, 2.08208], "size": [5.8008, 0.53153, 3.22422], "uv": [48, 2]}
				]
			},
			{
				"name": "headleave80",
				"parent": "headleave43",
				"pivot": [-0.064, 18, 0],
				"rotation": [-5, 0, 0],
				"cubes": [
					{"origin": [-2.95389, 21.71572, 2.08208], "size": [5.8008, 0.53153, 3.22422], "uv": [48, 2]},
					{"origin": [-2.95389, 20.62663, 2.08208], "size": [5.8008, 0.53153, 3.22422], "uv": [48, 2]},
					{"origin": [-2.95389, 19.95395, 2.08208], "size": [5.8008, 0.53153, 3.22422], "uv": [48, 2]}
				]
			},
			{
				"name": "headleave45",
				"parent": "headleave43",
				"pivot": [-0.064, 18, 0],
				"rotation": [-5, 0, 0],
				"cubes": [
					{"origin": [-1.88983, 20.27427, 3.05906], "size": [4, 4, 3], "uv": [48, 2]}
				]
			},
			{
				"name": "headleave50",
				"parent": "headleave43",
				"pivot": [-0.064, 18, 0],
				"rotation": [-5, 0, 0],
				"cubes": [
					{"origin": [-2.27421, 23.33333, 2.77077], "size": [4.73674, 0.63664, 3.52853], "uv": [50, 4]}
				]
			},
			{
				"name": "headleave77",
				"parent": "headleave43",
				"pivot": [-0.064, 18, 0],
				"rotation": [-5, 0, 0],
				"cubes": [
					{"origin": [-2.27421, 22.91692, 2.69069], "size": [4.73674, 0.63664, 3.52853], "uv": [48, 2]}
				]
			},
			{
				"name": "headleave84",
				"parent": "headleave43",
				"pivot": [-0.064, 18, 0],
				"rotation": [-5, 0, 0],
				"cubes": [
					{"origin": [-2.27421, 21.82783, 2.69069], "size": [4.73674, 0.63664, 3.52853], "uv": [48, 2]}
				]
			},
			{
				"name": "headleave85",
				"parent": "headleave43",
				"pivot": [-0.064, 18, 0],
				"rotation": [-5, 0, 0],
				"cubes": [
					{"origin": [-2.27421, 20.70671, 2.69069], "size": [4.73674, 0.63664, 3.52853], "uv": [48, 2]}
				]
			},
			{
				"name": "headleave51",
				"parent": "headleave43",
				"pivot": [-0.064, 18, 0],
				"rotation": [-5, 0, 0],
				"cubes": [
					{"origin": [-2.27421, 22.38839, 2.77077], "size": [4.73674, 0.63664, 3.52853], "uv": [50, 14]}
				]
			},
			{
				"name": "headleave52",
				"parent": "headleave43",
				"pivot": [-0.064, 18, 0],
				"rotation": [-5, 0, 0],
				"cubes": [
					{"origin": [-2.27421, 21.31532, 2.77077], "size": [4.73674, 0.63664, 3.52853], "uv": [50, 8]}
				]
			},
			{
				"name": "headleave53",
				"parent": "headleave43",
				"pivot": [-0.064, 18, 0],
				"rotation": [-5, 0, 0],
				"cubes": [
					{"origin": [-2.27421, 20.38639, 2.77077], "size": [4.73674, 0.63664, 3.52853], "uv": [50, 7]}
				]
			},
			{
				"name": "headleave75",
				"parent": "headleave43",
				"pivot": [-0.064, 18, 0],
				"rotation": [-5, 0, 0]
			},
			{
				"name": "headleave76",
				"parent": "headleave43",
				"pivot": [-0.064, 18, 0],
				"rotation": [-5, 0, 0]
			},
			{
				"name": "headleave81",
				"parent": "head",
				"pivot": [-0.064, 18, 0]
			},
			{
				"name": "headleave82",
				"parent": "headleave81",
				"pivot": [0.35242, 17.48749, 0],
				"rotation": [-10, 0, -5]
			},
			{
				"name": "headleave83",
				"parent": "headleave82",
				"pivot": [0.35242, 17.48749, 0],
				"rotation": [0, 0, -40],
				"cubes": [
					{"origin": [4.43789, 23.92366, -3.29637], "size": [0.53554, 4, 1], "uv": [54, 12]},
					{"origin": [4.43789, 23.92366, -3.29637], "size": [0.53554, 4, 1], "uv": [54, 12]}
				]
			},
			{
				"name": "headleave90",
				"parent": "headleave82",
				"pivot": [0.35242, 17.48749, 0],
				"cubes": [
					{"origin": [-3.22617, 24.10815, -2.71979], "size": [1.8969, 2.54254, 0.42342], "uv": [54, 12]}
				]
			},
			{
				"name": "headleave92",
				"parent": "headleave82",
				"pivot": [0.35242, 17.48749, 0],
				"cubes": [
					{"origin": [-3.22617, 25.16521, -2.71979], "size": [1.27227, 2.15816, 0.42342], "uv": [54, 12]}
				]
			},
			{
				"name": "headleave93",
				"parent": "headleave82",
				"pivot": [0.35242, 17.48749, 0],
				"cubes": [
					{"origin": [-3.22617, 25.4535, -2.71979], "size": [1.08008, 2.15816, 0.42342], "uv": [54, 12]}
				]
			},
			{
				"name": "headleave94",
				"parent": "headleave82",
				"pivot": [0.35242, 17.48749, 0],
				"cubes": [
					{"origin": [-3.05, 25.4535, -3.00808], "size": [0.9039, 2.15816, 0.42342], "uv": [60, 22]}
				]
			},
			{
				"name": "headleave95",
				"parent": "headleave82",
				"pivot": [0.35242, 17.48749, 0],
				"cubes": [
					{"origin": [-2.58553, 24.73278, -3.00808], "size": [1.08008, 2.15816, 0.42342], "uv": [60, 22]}
				]
			},
			{
				"name": "headleave96",
				"parent": "headleave82",
				"pivot": [0.35242, 17.48749, 0],
				"cubes": [
					{"origin": [-2.24919, 24.26831, -3.00808], "size": [1.08008, 2.15816, 0.42342], "uv": [60, 22]}
				]
			},
			{
				"name": "headleave91",
				"parent": "headleave82",
				"pivot": [0.35242, 17.48749, 0],
				"cubes": [
					{"origin": [-3.22617, 24.10815, -3.29637], "size": [0.48749, 4, 1], "uv": [54, 12]}
				]
			},
			{
				"name": "headleave97",
				"parent": "headleave81",
				"pivot": [-0.35242, 17.48749, 0],
				"rotation": [-10, 0, 5]
			},
			{
				"name": "headleave98",
				"parent": "headleave97",
				"pivot": [-0.35242, 17.48749, 0],
				"rotation": [0, 0, 40],
				"cubes": [
					{"origin": [-4.97343, 23.92366, -3.29637], "size": [0.53554, 4, 1], "uv": [54, 12], "mirror": true},
					{"origin": [-4.97343, 23.92366, -3.29637], "size": [0.53554, 4, 1], "uv": [54, 12], "mirror": true}
				]
			},
			{
				"name": "headleave99",
				"parent": "headleave97",
				"pivot": [-0.35242, 17.48749, 0],
				"cubes": [
					{"origin": [1.32927, 24.10815, -2.71979], "size": [1.8969, 2.54254, 0.42342], "uv": [54, 12], "mirror": true}
				]
			},
			{
				"name": "headleave100",
				"parent": "headleave97",
				"pivot": [-0.35242, 17.48749, 0],
				"cubes": [
					{"origin": [1.9539, 25.16521, -2.71979], "size": [1.27227, 2.15816, 0.42342], "uv": [54, 12], "mirror": true}
				]
			},
			{
				"name": "headleave101",
				"parent": "headleave97",
				"pivot": [-0.35242, 17.48749, 0],
				"cubes": [
					{"origin": [2.14609, 25.4535, -2.71979], "size": [1.08008, 2.15816, 0.42342], "uv": [54, 12], "mirror": true}
				]
			},
			{
				"name": "headleave102",
				"parent": "headleave97",
				"pivot": [-0.35242, 17.48749, 0],
				"cubes": [
					{"origin": [2.14609, 25.4535, -3.00808], "size": [0.91992, 2.15816, 0.42342], "uv": [60, 22], "mirror": true}
				]
			},
			{
				"name": "headleave103",
				"parent": "headleave97",
				"pivot": [-0.35242, 17.48749, 0],
				"cubes": [
					{"origin": [1.50545, 24.73278, -3.00808], "size": [1.08008, 2.15816, 0.42342], "uv": [60, 22], "mirror": true}
				]
			},
			{
				"name": "headleave104",
				"parent": "headleave97",
				"pivot": [-0.35242, 17.48749, 0],
				"cubes": [
					{"origin": [1.16911, 24.26831, -3.00808], "size": [1.08008, 2.15816, 0.42342], "uv": [60, 22], "mirror": true}
				]
			},
			{
				"name": "headleave105",
				"parent": "headleave97",
				"pivot": [-0.35242, 17.48749, 0],
				"cubes": [
					{"origin": [2.73868, 24.10815, -3.29637], "size": [0.48749, 4, 1], "uv": [54, 12], "mirror": true}
				]
			},
			{
				"name": "headleave106",
				"parent": "head",
				"pivot": [-0.064, 18, 0]
			},
			{
				"name": "headleave107",
				"parent": "headleave106",
				"pivot": [2.11067, 15.88939, -3.92042],
				"rotation": [0, 0, 25],
				"cubes": [
					{"origin": [-0.23117, 22.4044, -4.18018], "size": [1.54454, 0.1992, 1.41642], "uv": [58, 29]}
				]
			},
			{
				"name": "headleave108",
				"parent": "headleave106",
				"pivot": [2.11067, 15.88939, -3.92042],
				"rotation": [0, 0, -25],
				"cubes": [
					{"origin": [5.35842, 21.23524, -4.18018], "size": [1.54454, 0.1992, 1.41642], "uv": [58, 29]}
				]
			},
			{
				"name": "armLeft",
				"pivot": [1.97497, 17.5, 0],
				"rotation": [0, 0, -25],
				"cubes": [
					{"origin": [1.97497, 9.5, -1.0961], "size": [2, 8, 2], "uv": [0, 42]}
				]
			},
			{
				"name": "armLeft4",
				"parent": "armLeft",
				"pivot": [1.97497, 17.5, 0]
			},
			{
				"name": "armLeft3",
				"parent": "armLeft4",
				"pivot": [1.97497, 15.11361, 0]
			},
			{
				"name": "armRight13",
				"parent": "armLeft3",
				"pivot": [1.97497, 15.11361, 0],
				"cubes": [
					{"origin": [3.94994, 10.11361, -1], "size": [0.61562, 2.62062, 2], "uv": [53, 54], "mirror": true},
					{"origin": [1.61072, 10.11361, -1.08423], "size": [0.61562, 2.62062, 2], "uv": [53, 54], "mirror": true}
				]
			},
			{
				"name": "armRight14",
				"parent": "armLeft3",
				"pivot": [1.97497, 15.11361, 0],
				"rotation": [0, 90, 0],
				"cubes": [
					{"origin": [2.87889, 10.11361, 0.07105], "size": [0.61562, 2.62062, 2], "uv": [53, 54], "mirror": true},
					{"origin": [0.53966, 10.11361, 0.15528], "size": [0.61562, 2.62062, 2], "uv": [53, 54], "mirror": true},
					{"origin": [0.53966, 10.11361, 0.15528], "size": [0.61562, 2.62062, 2], "uv": [53, 54], "mirror": true}
				]
			},
			{
				"name": "armRight15",
				"parent": "armLeft3",
				"pivot": [1.97497, 15.11361, 0],
				"rotation": [0, 45, 0],
				"cubes": [
					{"origin": [3.89829, 10.11361, 0.38998], "size": [0.61562, 2.62062, 0.73473], "uv": [53, 54], "mirror": true},
					{"origin": [2.48407, 10.11361, -1.02423], "size": [0.61562, 2.62062, 0.73473], "uv": [53, 54], "mirror": true},
					{"origin": [1.06986, 10.11361, 0.38998], "size": [0.61562, 2.62062, 0.73473], "uv": [53, 54], "mirror": true},
					{"origin": [2.48407, 10.11361, 1.8042], "size": [0.61562, 2.62062, 0.73473], "uv": [53, 54], "mirror": true}
				]
			},
			{
				"name": "bone5",
				"parent": "armLeft3",
				"pivot": [1.97497, 15.11361, 0],
				"cubes": [
					{"origin": [2.12412, 15.12662, -1], "size": [2.44144, 0, 2.06406], "uv": [53, 54], "mirror": true}
				]
			},
			{
				"name": "armLeft2",
				"parent": "armLeft4",
				"pivot": [1.97497, 17.5, 0]
			},
			{
				"name": "armRight7",
				"parent": "armLeft2",
				"pivot": [1.97497, 17.5, 0],
				"cubes": [
					{"origin": [3.94994, 12.5, -1], "size": [0.61562, 5.47147, 2], "uv": [56, 53], "mirror": true},
					{"origin": [1.61072, 12.5, -1.08423], "size": [0.61562, 5.47147, 2], "uv": [56, 53], "mirror": true}
				]
			},
			{
				"name": "armRight8",
				"parent": "armLeft2",
				"pivot": [1.97497, 17.5, 0],
				"rotation": [0, 90, 0],
				"cubes": [
					{"origin": [2.87889, 12.5, 0.07105], "size": [0.61562, 5.47147, 2], "uv": [56, 53], "mirror": true},
					{"origin": [0.53966, 12.5, 0.15528], "size": [0.61562, 5.47147, 2], "uv": [56, 53], "mirror": true},
					{"origin": [0.53966, 12.5, 0.15528], "size": [0.61562, 5.47147, 2], "uv": [56, 53], "mirror": true}
				]
			},
			{
				"name": "armRight9",
				"parent": "armLeft2",
				"pivot": [1.97497, 17.5, 0],
				"rotation": [0, 45, 0],
				"cubes": [
					{"origin": [3.89829, 12.5, 0.38998], "size": [0.61562, 5.47147, 0.73473], "uv": [56, 53], "mirror": true},
					{"origin": [2.48407, 12.5, -1.02423], "size": [0.61562, 5.47147, 0.73473], "uv": [56, 53], "mirror": true},
					{"origin": [1.06986, 12.5, 0.38998], "size": [0.61562, 5.47147, 0.73473], "uv": [56, 53], "mirror": true},
					{"origin": [2.48407, 12.5, 1.8042], "size": [0.61562, 5.47147, 0.73473], "uv": [56, 53], "mirror": true}
				]
			},
			{
				"name": "armRight16",
				"parent": "armLeft2",
				"pivot": [1.97497, 17.5, 0],
				"cubes": [
					{"origin": [2.12412, 17.51301, -1], "size": [2.44144, 0.45846, 2.06406], "uv": [56, 53], "mirror": true}
				]
			},
			{
				"name": "armRight",
				"pivot": [-2.34334, 17.5, 0],
				"rotation": [0, 0, 25],
				"cubes": [
					{"origin": [-4.34334, 9.5, -0.96096], "size": [2, 8, 2], "uv": [8, 42]}
				]
			},
			{
				"name": "armRight17",
				"parent": "armRight",
				"pivot": [-2.34334, 17.5, 0]
			},
			{
				"name": "armRight6",
				"parent": "armRight17",
				"pivot": [-2.34334, 15.30581, 0]
			},
			{
				"name": "armRight10",
				"parent": "armRight6",
				"pivot": [-2.34334, 15.30581, 0],
				"cubes": [
					{"origin": [-4.93393, 10.30581, -1], "size": [0.61562, 2.25225, 2], "uv": [48, 52]},
					{"origin": [-2.5947, 10.30581, -1.08423], "size": [0.61562, 2.25225, 2], "uv": [48, 52]}
				]
			},
			{
				"name": "armRight11",
				"parent": "armRight6",
				"pivot": [-2.34334, 15.30581, 0],
				"rotation": [0, -90, 0],
				"cubes": [
					{"origin": [-3.86288, 10.30581, 0.07105], "size": [0.61562, 2.25225, 2], "uv": [48, 52]},
					{"origin": [-1.52365, 10.30581, 0.15528], "size": [0.61562, 2.25225, 2], "uv": [48, 52]},
					{"origin": [-1.52365, 10.30581, 0.15528], "size": [0.61562, 2.25225, 2], "uv": [48, 52]}
				]
			},
			{
				"name": "armRight12",
				"parent": "armRight6",
				"pivot": [-2.34334, 15.30581, 0],
				"rotation": [0, -45, 0],
				"cubes": [
					{"origin": [-4.88227, 10.30581, 0.38998], "size": [0.61562, 2.25225, 0.73473], "uv": [48, 52]},
					{"origin": [-3.46806, 10.30581, -1.02423], "size": [0.61562, 2.25225, 0.73473], "uv": [48, 52]},
					{"origin": [-2.05384, 10.30581, 0.38998], "size": [0.61562, 2.25225, 0.73473], "uv": [48, 52]},
					{"origin": [-3.46806, 10.30581, 1.8042], "size": [0.61562, 2.25225, 0.73473], "uv": [48, 52]}
				]
			},
			{
				"name": "bone4",
				"parent": "armRight6",
				"pivot": [-2.34334, 15.30581, 0],
				"cubes": [
					{"origin": [-4.93393, 15.31882, -1], "size": [2.44144, 0.08008, 2.06406], "uv": [48, 52]}
				]
			},
			{
				"name": "armRight2",
				"parent": "armRight17",
				"pivot": [-2.34334, 17.5, 0]
			},
			{
				"name": "armRight3",
				"parent": "armRight2",
				"pivot": [-2.34334, 17.5, 0],
				"cubes": [
					{"origin": [-4.93393, 12.5, -1], "size": [0.61562, 5.47147, 2], "uv": [52, 54]},
					{"origin": [-2.5947, 12.5, -1.08423], "size": [0.61562, 5.47147, 2], "uv": [52, 54]}
				]
			},
			{
				"name": "armRight5",
				"parent": "armRight2",
				"pivot": [-2.34334, 17.5, 0],
				"rotation": [0, -90, 0],
				"cubes": [
					{"origin": [-3.86288, 12.5, 0.07105], "size": [0.61562, 5.47147, 2], "uv": [52, 54]},
					{"origin": [-1.52365, 12.5, 0.15528], "size": [0.61562, 5.47147, 2], "uv": [52, 54]},
					{"origin": [-1.52365, 12.5, 0.15528], "size": [0.61562, 5.47147, 2], "uv": [52, 54]}
				]
			},
			{
				"name": "armRight4",
				"parent": "armRight2",
				"pivot": [-2.34334, 17.5, 0],
				"rotation": [0, -45, 0],
				"cubes": [
					{"origin": [-4.88227, 12.5, 0.38998], "size": [0.61562, 5.47147, 0.73473], "uv": [52, 54]},
					{"origin": [-3.46806, 12.5, -1.02423], "size": [0.61562, 5.47147, 0.73473], "uv": [52, 54]},
					{"origin": [-2.05384, 12.5, 0.38998], "size": [0.61562, 5.47147, 0.73473], "uv": [52, 54]},
					{"origin": [-3.46806, 12.5, 1.8042], "size": [0.61562, 5.47147, 0.73473], "uv": [52, 54]}
				]
			},
			{
				"name": "bone3",
				"parent": "armRight2",
				"pivot": [-2.34334, 17.5, 0],
				"cubes": [
					{"origin": [-4.93393, 17.51301, -1], "size": [2.44144, 0.45846, 2.06406], "uv": [52, 54]}
				]
			},
			{
				"name": "body",
				"pivot": [0, 10.5, 0],
				"cubes": [
					{"origin": [-3.41016, 11, -2.5], "size": [6.59219, 1.89064, 5], "uv": [0, 28]},
					{"origin": [-4.00975, 8.088, -2.57986], "size": [7.74374, 3, 5], "uv": [0, 34]},
					{"origin": [-2.94374, 11, -2.5], "size": [5.6957, 7, 5], "uv": [0, 16]}
				]
			},
			{
				"name": "collar",
				"parent": "body",
				"pivot": [0, 11.5, 0]
			},
			{
				"name": "suit",
				"parent": "body",
				"pivot": [0, 10.5, 0]
			},
			{
				"name": "skirt",
				"parent": "body",
				"pivot": [0.12813, 0, 0.4004]
			},
			{
				"name": "skirt13",
				"parent": "skirt",
				"pivot": [0.12813, 0, 0.4004]
			},
			{
				"name": "skirt2",
				"parent": "skirt13",
				"pivot": [-1.87187, 12.00951, -3.22873],
				"cubes": [
					{"origin": [-3.57657, 6.75676, -3.48849], "size": [2.84885, 9.94495, 0.51952], "uv": [52, 50]}
				]
			},
			{
				"name": "skirt10",
				"parent": "skirt13",
				"pivot": [-1.87187, 12.00951, -3.22873],
				"cubes": [
					{"origin": [-3.72874, 6.9009, 3.07106], "size": [2, 10.36136, 0.51952], "uv": [52, 50]},
					{"origin": [-1.65467, 6.9009, 3.27827], "size": [2.51652, 10.36136, 0.51952], "uv": [52, 50]},
					{"origin": [-3.17119, 6.9009, 3.27827], "size": [1.51652, 10.36136, 0.51952], "uv": [52, 50]},
					{"origin": [0.86185, 6.9009, 3.27827], "size": [2.51652, 10.36136, 0.51952], "uv": [52, 50]}
				]
			},
			{
				"name": "skirt6",
				"parent": "skirt13",
				"pivot": [0.12813, 0, 0.4004],
				"rotation": [0, 90, 0],
				"cubes": [
					{"origin": [1.4975, 11.06507, -3.82382], "size": [2, 6.1972, 0.51952], "uv": [52, 50]},
					{"origin": [-0.5025, 11.06507, -3.82382], "size": [2, 6.1972, 0.51952], "uv": [52, 50]},
					{"origin": [-2.5025, 11.06507, -3.82382], "size": [2, 6.1972, 0.51952], "uv": [52, 50]}
				]
			},
			{
				"name": "skirt7",
				"parent": "skirt13",
				"pivot": [0.12813, 0, 0.4004],
				"rotation": [0, 45, 0],
				"cubes": [
					{"origin": [-0.42832, 11.14515, -4.96908], "size": [0.68669, 6.11712, 0.51952], "uv": [52, 50]}
				]
			},
			{
				"name": "skirt9",
				"parent": "skirt13",
				"pivot": [0.12813, 0, 0.4004],
				"rotation": [0, 45, 0],
				"cubes": [
					{"origin": [-4.71898, 11.14515, -0.72644], "size": [0.68669, 6.11712, 0.51952], "uv": [52, 50]}
				]
			},
			{
				"name": "skirt3",
				"parent": "skirt13",
				"pivot": [-1.87187, 12.76226, -3.22873],
				"rotation": [0, 0, 15],
				"cubes": [
					{"origin": [-3.71028, 9.09827, -3.48849], "size": [2, 4.17918, 0.51952], "uv": [52, 50]}
				]
			},
			{
				"name": "skirt12",
				"parent": "skirt13",
				"pivot": [-1.87187, 12.76226, -3.22873],
				"rotation": [0, 0, 15],
				"cubes": [
					{"origin": [-3.71028, 9.09827, 3.09409], "size": [2, 4.17918, 0.51952], "uv": [52, 50]}
				]
			},
			{
				"name": "skirt8",
				"parent": "skirt13",
				"pivot": [-1.87187, 12.76226, -3.22873],
				"rotation": [0, 90, 20],
				"cubes": [
					{"origin": [-3.61211, 8.95199, -5.26033], "size": [2, 4.17918, 0.51952], "uv": [52, 50]},
					{"origin": [-5.61211, 8.95199, -5.26033], "size": [2, 4.17918, 0.51952], "uv": [52, 50]},
					{"origin": [-8.47698, 8.95199, -5.26033], "size": [2.86486, 4.17918, 0.51952], "uv": [52, 50]}
				]
			},
			{
				"name": "skirt11",
				"parent": "skirt13",
				"pivot": [-1.87187, 12.76226, -3.22873],
				"rotation": [0, 90, 0],
				"cubes": [
					{"origin": [-3.61211, 6.89864, -6.44099], "size": [2, 2.97798, 0.51952], "uv": [52, 50]},
					{"origin": [-5.61211, 6.89864, -6.44099], "size": [2, 2.97798, 0.51952], "uv": [52, 50]},
					{"origin": [-8.47698, 6.89864, -6.44099], "size": [2.86486, 2.97798, 0.51952], "uv": [52, 50]}
				]
			},
			{
				"name": "skirt4",
				"parent": "skirt13",
				"pivot": [-1.87187, 12.76226, -3.22873],
				"cubes": [
					{"origin": [-4.59595, 6.88112, 3.11011], "size": [2, 2.81782, 0.51952], "uv": [52, 50]},
					{"origin": [-4.59595, 6.88112, -3.48849], "size": [2, 2.81782, 0.51952], "uv": [52, 50]}
				]
			},
			{
				"name": "skirt5",
				"parent": "skirt13",
				"pivot": [-1.87187, 12.76226, -3.22873],
				"rotation": [0, 0, 10],
				"cubes": [
					{"origin": [-3.5342, 6.47341, -3.48849], "size": [3.82382, 0.63463, 0.51952], "uv": [52, 50]}
				]
			},
			{
				"name": "skirt14",
				"parent": "skirt",
				"pivot": [-0.17618, 0, 0.4004]
			},
			{
				"name": "skirt15",
				"parent": "skirt14",
				"pivot": [1.82382, 12.00951, -3.22873],
				"cubes": [
					{"origin": [0.72773, 6.75676, -3.48849], "size": [2.78478, 9.78479, 0.51952], "uv": [52, 50], "mirror": true}
				]
			},
			{
				"name": "skirt16",
				"parent": "skirt14",
				"pivot": [1.82382, 12.00951, -3.22873],
				"cubes": [
					{"origin": [1.66468, 6.9009, 3.07106], "size": [2, 10.36136, 0.51952], "uv": [52, 50], "mirror": true}
				]
			},
			{
				"name": "skirt17",
				"parent": "skirt14",
				"pivot": [-0.17618, 0, 0.4004],
				"rotation": [0, -90, 0],
				"cubes": [
					{"origin": [-3.54555, 11.06507, -3.80781], "size": [2, 6.1972, 0.51952], "uv": [52, 50], "mirror": true},
					{"origin": [-1.54555, 11.06507, -3.80781], "size": [2, 6.1972, 0.51952], "uv": [52, 50], "mirror": true},
					{"origin": [0.45445, 11.06507, -3.80781], "size": [2, 6.1972, 0.51952], "uv": [52, 50], "mirror": true}
				]
			},
			{
				"name": "skirt18",
				"parent": "skirt14",
				"pivot": [-0.17618, 0, 0.4004],
				"rotation": [0, -45, 0],
				"cubes": [
					{"origin": [-0.31774, 11.14515, -4.95776], "size": [0.68669, 6.11712, 0.51952], "uv": [52, 50], "mirror": true}
				]
			},
			{
				"name": "skirt19",
				"parent": "skirt14",
				"pivot": [-0.17618, 0, 0.4004],
				"rotation": [0, -45, 0],
				"cubes": [
					{"origin": [3.97293, 11.14515, -0.71512], "size": [0.68669, 6.11712, 0.51952], "uv": [52, 50], "mirror": true}
				]
			},
			{
				"name": "skirt20",
				"parent": "skirt14",
				"pivot": [1.82382, 12.76226, -3.22873],
				"rotation": [0, 0, -15],
				"cubes": [
					{"origin": [1.64676, 9.10241, -3.48849], "size": [2, 4.17918, 0.51952], "uv": [52, 50], "mirror": true}
				]
			},
			{
				"name": "skirt21",
				"parent": "skirt14",
				"pivot": [1.82382, 12.76226, -3.22873],
				"rotation": [0, 0, -15],
				"cubes": [
					{"origin": [1.64676, 9.10241, 3.09409], "size": [2, 4.17918, 0.51952], "uv": [52, 50], "mirror": true}
				]
			},
			{
				"name": "skirt22",
				"parent": "skirt14",
				"pivot": [1.82382, 12.76226, -3.22873],
				"rotation": [0, -90, -20],
				"cubes": [
					{"origin": [1.56406, 8.95746, -5.24528], "size": [2, 4.17918, 0.51952], "uv": [52, 50], "mirror": true},
					{"origin": [3.56406, 8.95746, -5.24528], "size": [2, 4.17918, 0.51952], "uv": [52, 50], "mirror": true},
					{"origin": [5.56406, 8.95746, -5.24528], "size": [2.86486, 4.17918, 0.51952], "uv": [52, 50], "mirror": true}
				]
			},
			{
				"name": "skirt23",
				"parent": "skirt14",
				"pivot": [1.82382, 12.76226, -3.22873],
				"rotation": [0, -90, 0],
				"cubes": [
					{"origin": [1.56406, 6.89864, -6.42498], "size": [2, 2.97798, 0.51251], "uv": [53, 57], "mirror": true},
					{"origin": [3.56406, 6.89864, -6.42498], "size": [2, 2.97798, 0.51952], "uv": [52, 50], "mirror": true},
					{"origin": [5.56406, 6.89864, -6.42498], "size": [2.86486, 2.97798, 0.51952], "uv": [52, 50], "mirror": true}
				]
			},
			{
				"name": "skirt24",
				"parent": "skirt14",
				"pivot": [1.82382, 12.76226, -3.22873],
				"cubes": [
					{"origin": [2.53189, 6.88112, 3.11011], "size": [2, 2.81782, 0.51952], "uv": [52, 50], "mirror": true},
					{"origin": [2.53189, 6.88112, -3.48849], "size": [2, 2.81782, 0.51952], "uv": [52, 50], "mirror": true}
				]
			},
			{
				"name": "skirt25",
				"parent": "skirt14",
				"pivot": [1.82382, 12.76226, -3.22873],
				"rotation": [0, 0, -10],
				"cubes": [
					{"origin": [-0.32141, 6.47619, -3.48849], "size": [3.79179, 0.6026, 0.51952], "uv": [52, 50], "mirror": true}
				]
			},
			{
				"name": "skirt26",
				"parent": "skirt",
				"pivot": [0.12813, 0, 0.4004]
			},
			{
				"name": "skirt27",
				"parent": "skirt26",
				"pivot": [1.82382, 16.72623, -3.22873],
				"rotation": [155, -5, -25]
			},
			{
				"name": "skirt31",
				"parent": "skirt26",
				"pivot": [1.82382, 16.72623, -3.22873],
				"rotation": [155, -5, -25],
				"cubes": [
					{"origin": [0.60866, 16.274, -3.30525], "size": [3.91992, 2.001, 0.51952], "uv": [52, 50], "mirror": true}
				]
			},
			{
				"name": "skirt28",
				"parent": "skirt26",
				"pivot": [1.82382, 16.72623, -3.22873],
				"rotation": [0, -90, -20],
				"cubes": [
					{"origin": [1.81497, 16.11389, -5.97654], "size": [2.37538, 1.47247, 0.51952], "uv": [52, 50], "mirror": true},
					{"origin": [4.19035, 16.34944, -5.32938], "size": [2.37538, 1.47247, 0.51952], "uv": [52, 50], "mirror": true},
					{"origin": [6.56573, 16.11389, -5.97654], "size": [1.89489, 1.47247, 0.51952], "uv": [52, 50], "mirror": true}
				]
			},
			{
				"name": "skirt29",
				"parent": "skirt26",
				"pivot": [1.82382, 16.72623, -3.22873],
				"rotation": [0, 0, -20],
				"cubes": [
					{"origin": [2.19626, 16.11389, 3.0397], "size": [2.37538, 1.47247, 0.51952], "uv": [52, 50], "mirror": true}
				]
			},
			{
				"name": "skirt30",
				"parent": "skirt26",
				"pivot": [1.82382, 16.72623, -3.22873],
				"cubes": [
					{"origin": [-0.76092, 16.2782, 3.0397], "size": [3.14414, 1.47247, 0.51952], "uv": [52, 50], "mirror": true}
				]
			},
			{
				"name": "skirt32",
				"parent": "skirt",
				"pivot": [-0.24024, 0, 0.4004]
			},
			{
				"name": "skirt33",
				"parent": "skirt32",
				"pivot": [-1.93594, 16.72623, -3.22873],
				"rotation": [155, 5, 25]
			},
			{
				"name": "skirt34",
				"parent": "skirt32",
				"pivot": [-1.93594, 16.72623, -3.22873],
				"rotation": [155, 5, 25],
				"cubes": [
					{"origin": [-4.65515, 16.28067, -3.30696], "size": [4, 2.001, 0.51952], "uv": [52, 50]}
				]
			},
			{
				"name": "skirt35",
				"parent": "skirt32",
				"pivot": [-1.93594, 16.72623, -3.22873],
				"rotation": [0, 90, 20],
				"cubes": [
					{"origin": [-4.30246, 16.10842, -5.99159], "size": [2.37538, 1.47247, 0.51952], "uv": [52, 50]},
					{"origin": [-6.67784, 16.34944, -5.32938], "size": [2.37538, 1.47247, 0.51952], "uv": [52, 50]},
					{"origin": [-8.57273, 16.10842, -5.99159], "size": [1.89489, 1.47247, 0.51952], "uv": [52, 50]}
				]
			},
			{
				"name": "skirt36",
				"parent": "skirt32",
				"pivot": [-1.93594, 16.72623, -3.22873],
				"rotation": [0, 0, 20],
				"cubes": [
					{"origin": [-4.6988, 16.10842, 3.0397], "size": [2.37538, 1.47247, 0.51952], "uv": [52, 50]}
				]
			},
			{
				"name": "skirt37",
				"parent": "skirt32",
				"pivot": [-1.93594, 16.72623, -3.22873],
				"cubes": [
					{"origin": [-1.11796, 16.2782, 3.0397], "size": [3.14414, 1.47247, 0.51952], "uv": [52, 50]},
					{"origin": [-2.63948, 16.2782, 3.0397], "size": [3.14414, 1.47247, 0.51952], "uv": [52, 50]}
				]
			},
			{
				"name": "legLeft",
				"pivot": [2, 9, 0],
				"cubes": [
					{"origin": [0.17968, 0, -1.35586], "size": [3, 9, 3], "uv": [12, 52]}
				]
			},
			{
				"name": "legRight",
				"pivot": [-2, 9, 0],
				"cubes": [
					{"origin": [-3.37187, 0, -1.35586], "size": [3, 9, 3], "uv": [0, 52]}
				]
			}
		]
	}
}