{
	"format_version": "1.10.0",
	"geometry.model": {
		"texturewidth": 64,
		"textureheight": 64,
		"visible_bounds_width": 2,
		"visible_bounds_height": 2,
		"visible_bounds_offset": [0, 1, 0],
		"bones": [
			{
				"name": "head",
				"pivot": [-0.064, 18.45145, 0],
				"cubes": [
					{"origin": [-4.064, 18.45145, -4], "size": [8, 8, 8], "uv": [0, 0]}
				]
			},
			{
				"name": "blink",
				"parent": "head",
				"pivot": [-0.064, 0.45145, 0],
				"cubes": [
					{"origin": [-4.064, 18.45145, -4.001], "size": [8, 8, 0], "uv": [32, 8]}
				]
			},
			{
				"name": "helmet",
				"parent": "head",
				"pivot": [-0.064, 18.16316, 0]
			},
			{
				"name": "helmet2",
				"parent": "helmet",
				"pivot": [-0.11205, 18.16316, 0]
			},
			{
				"name": "helmet3",
				"parent": "helmet2",
				"pivot": [-0.11205, 18.16316, 0],
				"cubes": [
					{"origin": [-1.11205, 19.36436, -4.4044], "size": [2.04104, 0.31131, 1], "uv": [30, 58]}
				]
			},
			{
				"name": "helmet6",
				"parent": "helmet2",
				"pivot": [-0.11205, 18.16316, 0],
				"cubes": [
					{"origin": [-3.25819, 18.93193, -4.4044], "size": [2.37738, 0.31131, 1], "uv": [30, 58]}
				]
			},
			{
				"name": "helmet7",
				"parent": "helmet2",
				"pivot": [-0.11205, 18.16316, 0],
				"cubes": [
					{"origin": [0.76183, 18.93193, -4.4044], "size": [2.37738, 0.31131, 1], "uv": [30, 58]}
				]
			},
			{
				"name": "helmet4",
				"parent": "helmet2",
				"pivot": [-0.11205, 18.16316, 0],
				"rotation": [0, 0, -90],
				"cubes": [
					{"origin": [0.6407, 18.85886, -4.4044], "size": [1.76877, 0.31131, 1], "uv": [30, 58]}
				]
			},
			{
				"name": "helmet5",
				"parent": "helmet2",
				"pivot": [-0.11205, 18.16316, 0],
				"rotation": [0, 0, -90],
				"cubes": [
					{"origin": [0.6407, 17.11311, -4.4044], "size": [1.76877, 0.31131, 1], "uv": [30, 58]}
				]
			},
			{
				"name": "helmet8",
				"parent": "helmet2",
				"pivot": [-0.11205, 18.16316, 0],
				"rotation": [0, 0, -90],
				"cubes": [
					{"origin": [0.6407, 14.79079, -4.4044], "size": [1.76877, 0.31131, 1], "uv": [30, 58]}
				]
			},
			{
				"name": "helmet9",
				"parent": "helmet2",
				"pivot": [-0.11205, 18.16316, 0],
				"rotation": [0, 0, -90],
				"cubes": [
					{"origin": [0.6407, 21.14915, -4.4044], "size": [1.76877, 0.31131, 1], "uv": [30, 58]}
				]
			},
			{
				"name": "headleave3",
				"parent": "head",
				"pivot": [-5.18478, 17.30175, -2.5],
				"rotation": [0, 0, -5],
				"cubes": [
					{"origin": [3.15145, 16.7458, -3.98398], "size": [1, 3, 1], "uv": [60, 0], "mirror": true}
				]
			},
			{
				"name": "headleave6",
				"parent": "head",
				"pivot": [2.41522, 16.00175, -3.5],
				"rotation": [0, 0, 5],
				"cubes": [
					{"origin": [2.55844, 17.19801, -3.98398], "size": [1, 3, 1], "uv": [60, 0], "mirror": true}
				]
			},
			{
				"name": "headleave4",
				"parent": "head",
				"pivot": [5.18478, 17.30175, -2.5],
				"rotation": [0, 0, 5],
				"cubes": [
					{"origin": [-4.28807, 16.65346, -3.98398], "size": [1, 3, 1], "uv": [60, 0]}
				]
			},
			{
				"name": "headleave5",
				"parent": "head",
				"pivot": [-2.41522, 16.00175, -3.5],
				"rotation": [0, 0, -5],
				"cubes": [
					{"origin": [-3.70902, 17.13079, -3.98398], "size": [1, 3, 1], "uv": [60, 0]}
				]
			},
			{
				"name": "headleave7",
				"parent": "head",
				"pivot": [-0.064, 19.26827, -1.26527],
				"rotation": [-10, 0, 0]
			},
			{
				"name": "headleave21",
				"parent": "headleave7",
				"pivot": [-2.41522, 16.81857, -4.76527],
				"rotation": [15, 0, 0],
				"cubes": [
					{"origin": [0.03478, 15.75196, 4.09746], "size": [1, 8.9, 1], "uv": [52, 7]},
					{"origin": [-0.95722, 15.65596, 3.93746], "size": [1, 8.9, 1], "uv": [52, 7]}
				]
			},
			{
				"name": "headleave19",
				"parent": "headleave7",
				"pivot": [-2.41522, 16.81857, -4.76527],
				"rotation": [13, 0, 0],
				"cubes": [
					{"origin": [1.03478, 16.14016, 3.90478], "size": [1, 8.9, 1], "uv": [52, 7]},
					{"origin": [-1.97322, 16.14016, 3.90478], "size": [1, 8.9, 1], "uv": [52, 7]},
					{"origin": [-1.97322, 16.11857, 3.78473], "size": [1, 8.9, 1], "uv": [57, 54]},
					{"origin": [-3.86122, 16.14016, 3.90478], "size": [1, 8.9, 1], "uv": [52, 7]}
				]
			},
			{
				"name": "headleave18",
				"parent": "headleave7",
				"pivot": [-2.41522, 16.81857, -4.76527],
				"rotation": [11, 0, 0],
				"cubes": [
					{"origin": [2.03478, 16.64434, 3.50396], "size": [1, 8.9, 1], "uv": [52, 7]},
					{"origin": [-2.92522, 16.64434, 3.50396], "size": [1, 8.9, 1], "uv": [52, 7]}
				]
			},
			{
				"name": "headleave9",
				"parent": "headleave7",
				"pivot": [-2.41522, 16.81857, -4.76527],
				"rotation": [8, 0, 0],
				"cubes": [
					{"origin": [2.93478, 16.85054, 3.10244], "size": [1, 8.9, 1], "uv": [52, 7]}
				]
			},
			{
				"name": "headleave8",
				"parent": "head",
				"pivot": [1.18525, 19.57257, 0],
				"rotation": [0, -90, -10]
			},
			{
				"name": "headleave10",
				"parent": "headleave8",
				"pivot": [-1.16597, 17.12287, -3.5],
				"rotation": [15, 0, 0],
				"cubes": [
					{"origin": [1.28403, 16.05627, 5.36273], "size": [1, 8.9, 1], "uv": [52, 7]}
				]
			},
			{
				"name": "headleave11",
				"parent": "headleave8",
				"pivot": [-1.16597, 17.12287, -3.5],
				"rotation": [13, 0, 0],
				"cubes": [
					{"origin": [2.28403, 16.44447, 5.17005], "size": [1, 8.9, 1], "uv": [52, 7]},
					{"origin": [-0.72397, 16.44447, 5.17005], "size": [1, 8.9, 1], "uv": [52, 7]},
					{"origin": [-0.72397, 16.42287, 5.05], "size": [1, 8.9, 1], "uv": [57, 54]},
					{"origin": [-2.61197, 16.44447, 5.17005], "size": [1, 8.9, 1], "uv": [60, 7]}
				]
			},
			{
				"name": "headleave12",
				"parent": "headleave8",
				"pivot": [-1.16597, 17.12287, -3.5],
				"rotation": [11, 0, 0],
				"cubes": [
					{"origin": [3.28403, 16.61231, 4.76922], "size": [1, 8.9, 1], "uv": [52, 7]},
					{"origin": [-1.67597, 16.75645, 4.76922], "size": [1, 8.9, 1], "uv": [52, 7]}
				]
			},
			{
				"name": "headleave13",
				"parent": "headleave8",
				"pivot": [-1.16597, 17.12287, -3.5],
				"rotation": [8, 0, 0],
				"cubes": [
					{"origin": [4.18403, 17.15485, 4.36771], "size": [1, 8.9, 1], "uv": [52, 7]}
				]
			},
			{
				"name": "headleave14",
				"parent": "head",
				"pivot": [-1.36143, 19.47648, 0],
				"rotation": [0, 90, 10]
			},
			{
				"name": "headleave15",
				"parent": "headleave14",
				"pivot": [0.98979, 17.02678, -3.5],
				"rotation": [15, 0, 0],
				"cubes": [
					{"origin": [-2.46021, 15.96017, 5.36273], "size": [1, 8.9, 1], "uv": [52, 7], "mirror": true}
				]
			},
			{
				"name": "headleave16",
				"parent": "headleave14",
				"pivot": [0.98979, 17.02678, -3.5],
				"rotation": [13, 0, 0],
				"cubes": [
					{"origin": [-3.46021, 16.34837, 5.17005], "size": [1, 8.9, 1], "uv": [52, 7], "mirror": true},
					{"origin": [-0.45221, 16.34837, 5.17005], "size": [1, 8.9, 1], "uv": [52, 7], "mirror": true},
					{"origin": [-0.45221, 16.32678, 5.05], "size": [1, 8.9, 1], "uv": [57, 54], "mirror": true},
					{"origin": [1.43579, 16.34837, 5.17005], "size": [1, 8.9, 1], "uv": [60, 7], "mirror": true}
				]
			},
			{
				"name": "headleave17",
				"parent": "headleave14",
				"pivot": [0.98979, 17.02678, -3.5],
				"rotation": [11, 0, 0],
				"cubes": [
					{"origin": [-4.46021, 16.51621, 4.76922], "size": [1, 8.9, 1], "uv": [52, 7], "mirror": true},
					{"origin": [0.49979, 16.66036, 4.76922], "size": [1, 8.9, 1], "uv": [52, 7], "mirror": true}
				]
			},
			{
				"name": "headleave20",
				"parent": "headleave14",
				"pivot": [0.98979, 17.02678, -3.5],
				"rotation": [8, 0, 0],
				"cubes": [
					{"origin": [-5.36021, 17.05875, 4.36771], "size": [1, 8.9, 1], "uv": [52, 7], "mirror": true}
				]
			},
			{
				"name": "ahoge",
				"parent": "head",
				"pivot": [-0.40047, 26.02703, -0.28829],
				"rotation": [-37, 10, 0],
				"cubes": [
					{"origin": [-1.75282, 25.996, -0.27227], "size": [3, 3, 0], "uv": [42, 2]}
				]
			},
			{
				"name": "headleave2",
				"parent": "head",
				"pivot": [-0.064, 18.45145, 0]
			},
			{
				"name": "headleave22",
				"parent": "headleave2",
				"pivot": [0.17624, 18.08308, -1.98599],
				"rotation": [0, -25, -5]
			},
			{
				"name": "headleave23",
				"parent": "headleave22",
				"pivot": [0.17624, 18.08308, -1.98599],
				"rotation": [0, 0, -25]
			},
			{
				"name": "headleave27",
				"parent": "headleave22",
				"pivot": [0.17624, 18.08308, -1.98599],
				"rotation": [0, 0, -25],
				"cubes": [
					{"origin": [4.14087, 17.27627, -2.34865], "size": [2, 1.46446, 0.15115], "uv": [58, 24]}
				]
			},
			{
				"name": "headleave33",
				"parent": "headleave22",
				"pivot": [0.17624, 18.08308, -1.98599],
				"rotation": [45, 85, 0],
				"cubes": [
					{"origin": [0.69504, 16.0114, 2.30517], "size": [0.64765, 1, 0.98398], "uv": [59, 34]}
				]
			},
			{
				"name": "headleave34",
				"parent": "headleave22",
				"pivot": [0.17624, 18.08308, -1.98599],
				"rotation": [5, 85, 0],
				"cubes": [
					{"origin": [0.69504, 19.33447, 2.63288], "size": [0.64765, 0.11912, 1], "uv": [59, 34]}
				]
			},
			{
				"name": "headleave38",
				"parent": "headleave22",
				"pivot": [0.17624, 18.08308, -1.98599],
				"rotation": [-5, 85, 0],
				"cubes": [
					{"origin": [0.69504, 20.03865, 2.35932], "size": [0.64765, 0.11912, 0.6957], "uv": [59, 34]}
				]
			},
			{
				"name": "headleave39",
				"parent": "headleave22",
				"pivot": [0.17624, 18.08308, -1.98599],
				"rotation": [-5, 85, 0],
				"cubes": [
					{"origin": [0.63098, 20.75461, 2.60809], "size": [0.64765, 0.07107, 0.6957], "uv": [59, 34]}
				]
			},
			{
				"name": "headleave41",
				"parent": "headleave22",
				"pivot": [0.17624, 18.08308, -1.98599],
				"rotation": [-5, 85, 0],
				"cubes": [
					{"origin": [0.63098, 21.02689, 2.49598], "size": [0.64765, 0.07107, 0.67968], "uv": [59, 34]}
				]
			},
			{
				"name": "headleave35",
				"parent": "headleave22",
				"pivot": [0.17624, 18.08308, -1.98599],
				"rotation": [5, 85, 0],
				"cubes": [
					{"origin": [0.50285, 19.66595, 2.88641], "size": [0.83984, 0.08709, 1], "uv": [59, 34]}
				]
			},
			{
				"name": "headleave40",
				"parent": "headleave22",
				"pivot": [0.17624, 18.08308, -1.98599],
				"rotation": [5, 85, 0],
				"cubes": [
					{"origin": [0.69504, 19.5218, 2.71024], "size": [0.64765, 0.03904, 1], "uv": [59, 34]}
				]
			},
			{
				"name": "headleave36",
				"parent": "headleave22",
				"pivot": [0.17624, 18.08308, -1.98599],
				"rotation": [5, 85, 0],
				"cubes": [
					{"origin": [0.58293, 19.98627, 3.01454], "size": [0.6957, 0.1031, 1], "uv": [59, 34]}
				]
			},
			{
				"name": "headleave37",
				"parent": "headleave22",
				"pivot": [0.17624, 18.08308, -1.98599],
				"rotation": [5, 85, 0],
				"cubes": [
					{"origin": [0.47082, 20.29057, 2.63016], "size": [0.82382, 0.11912, 0.98398], "uv": [59, 34]}
				]
			},
			{
				"name": "headleave31",
				"parent": "headleave22",
				"pivot": [0.17624, 18.08308, -1.98599],
				"rotation": [0, 0, -25],
				"cubes": [
					{"origin": [4.1616, 17.19892, -2.26857], "size": [2, 1.46446, 0.47147], "uv": [59, 14]}
				]
			},
			{
				"name": "headleave24",
				"parent": "headleave22",
				"pivot": [0.17624, 18.08308, -1.98599],
				"rotation": [0, 0, -40],
				"cubes": [
					{"origin": [5.72881, 15.76, -2.34865], "size": [2.75976, 0.80781, 0.18318], "uv": [58, 24]}
				]
			},
			{
				"name": "headleave29",
				"parent": "headleave22",
				"pivot": [0.17624, 18.08308, -1.98599],
				"rotation": [0, 0, -40],
				"cubes": [
					{"origin": [5.72881, 15.67992, -2.26857], "size": [2.74374, 1.0961, 0.47147], "uv": [57, 10]}
				]
			},
			{
				"name": "headleave30",
				"parent": "headleave22",
				"pivot": [0.17624, 18.08308, -1.98599],
				"rotation": [0, 0, -40],
				"cubes": [
					{"origin": [5.72881, 15.67992, -2.26857], "size": [2.07107, 1.52853, 0.47147], "uv": [57, 10]}
				]
			},
			{
				"name": "headleave28",
				"parent": "headleave22",
				"pivot": [0.17624, 18.08308, -1.98599],
				"rotation": [0, 0, -40],
				"cubes": [
					{"origin": [5.72881, 16.40064, -2.34865], "size": [1.67067, 0.85586, 0.16717], "uv": [58, 24]}
				]
			},
			{
				"name": "headleave25",
				"parent": "headleave22",
				"pivot": [0.17624, 18.08308, -1.98599],
				"rotation": [0, 0, -10],
				"cubes": [
					{"origin": [5.76855, 20.30591, -2.7971], "size": [2, 1, 1], "uv": [52, 7]}
				]
			},
			{
				"name": "headleave32",
				"parent": "headleave22",
				"pivot": [0.17624, 18.08308, -1.98599],
				"cubes": [
					{"origin": [7.09357, 21.57534, -2.7971], "size": [1, 1, 1], "uv": [52, 7]}
				]
			},
			{
				"name": "headleave26",
				"parent": "headleave22",
				"pivot": [0.17624, 18.08308, -1.98599],
				"rotation": [0, 0, -35],
				"cubes": [
					{"origin": [3.60662, 17.64054, -2.7971], "size": [3, 1, 1], "uv": [51, 15]}
				]
			},
			{
				"name": "headleave42",
				"parent": "headleave2",
				"pivot": [-0.17624, 18.08308, -1.98599],
				"rotation": [0, 25, 5]
			},
			{
				"name": "headleave43",
				"parent": "headleave42",
				"pivot": [-0.17624, 18.08308, -1.98599],
				"rotation": [0, 0, 25]
			},
			{
				"name": "headleave44",
				"parent": "headleave42",
				"pivot": [-0.17624, 18.08308, -1.98599],
				"rotation": [0, 0, 25],
				"cubes": [
					{"origin": [-6.14087, 17.27627, -2.34865], "size": [2, 1.46446, 0.15115], "uv": [58, 24], "mirror": true}
				]
			},
			{
				"name": "headleave45",
				"parent": "headleave42",
				"pivot": [-0.17624, 18.08308, -1.98599],
				"rotation": [45, -85, 0],
				"cubes": [
					{"origin": [-1.34269, 16.0114, 2.30517], "size": [0.64765, 1, 0.98398], "uv": [59, 34], "mirror": true}
				]
			},
			{
				"name": "headleave46",
				"parent": "headleave42",
				"pivot": [-0.17624, 18.08308, -1.98599],
				"rotation": [5, -85, 0],
				"cubes": [
					{"origin": [-1.34269, 19.33447, 2.63288], "size": [0.64765, 0.11912, 1], "uv": [59, 34], "mirror": true}
				]
			},
			{
				"name": "headleave47",
				"parent": "headleave42",
				"pivot": [-0.17624, 18.08308, -1.98599],
				"rotation": [-5, -85, 0],
				"cubes": [
					{"origin": [-1.34269, 20.03865, 2.35932], "size": [0.64765, 0.11912, 0.6957], "uv": [59, 34], "mirror": true}
				]
			},
			{
				"name": "headleave48",
				"parent": "headleave42",
				"pivot": [-0.17624, 18.08308, -1.98599],
				"rotation": [-5, -85, 0],
				"cubes": [
					{"origin": [-1.27863, 20.75461, 2.60809], "size": [0.64765, 0.07107, 0.6957], "uv": [59, 34], "mirror": true}
				]
			},
			{
				"name": "headleave49",
				"parent": "headleave42",
				"pivot": [-0.17624, 18.08308, -1.98599],
				"rotation": [-5, -85, 0],
				"cubes": [
					{"origin": [-1.27863, 21.02689, 2.49598], "size": [0.64765, 0.07107, 0.67968], "uv": [59, 34], "mirror": true}
				]
			},
			{
				"name": "headleave50",
				"parent": "headleave42",
				"pivot": [-0.17624, 18.08308, -1.98599],
				"rotation": [5, -85, 0],
				"cubes": [
					{"origin": [-1.34269, 19.66595, 2.88641], "size": [0.83984, 0.08709, 1], "uv": [59, 34], "mirror": true}
				]
			},
			{
				"name": "headleave51",
				"parent": "headleave42",
				"pivot": [-0.17624, 18.08308, -1.98599],
				"rotation": [5, -85, 0],
				"cubes": [
					{"origin": [-1.34269, 19.5218, 2.71024], "size": [0.64765, 0.03904, 1], "uv": [59, 34], "mirror": true}
				]
			},
			{
				"name": "headleave52",
				"parent": "headleave42",
				"pivot": [-0.17624, 18.08308, -1.98599],
				"rotation": [5, -85, 0],
				"cubes": [
					{"origin": [-1.27863, 19.98627, 3.01454], "size": [0.6957, 0.1031, 1], "uv": [59, 34], "mirror": true}
				]
			},
			{
				"name": "headleave53",
				"parent": "headleave42",
				"pivot": [-0.17624, 18.08308, -1.98599],
				"rotation": [5, -85, 0],
				"cubes": [
					{"origin": [-1.29464, 20.29057, 2.63016], "size": [0.82382, 0.11912, 0.98398], "uv": [59, 34], "mirror": true}
				]
			},
			{
				"name": "headleave54",
				"parent": "headleave42",
				"pivot": [-0.17624, 18.08308, -1.98599],
				"rotation": [0, 0, 25],
				"cubes": [
					{"origin": [-6.1616, 17.19892, -2.26857], "size": [2, 1.46446, 0.47147], "uv": [59, 14], "mirror": true}
				]
			},
			{
				"name": "headleave55",
				"parent": "headleave42",
				"pivot": [-0.17624, 18.08308, -1.98599],
				"rotation": [0, 0, 40],
				"cubes": [
					{"origin": [-8.48857, 15.76, -2.34865], "size": [2.75976, 0.80781, 0.18318], "uv": [58, 24], "mirror": true}
				]
			},
			{
				"name": "headleave56",
				"parent": "headleave42",
				"pivot": [-0.17624, 18.08308, -1.98599],
				"rotation": [0, 0, 40],
				"cubes": [
					{"origin": [-8.47256, 15.67992, -2.26857], "size": [2.74374, 1.0961, 0.47147], "uv": [57, 10], "mirror": true}
				]
			},
			{
				"name": "headleave57",
				"parent": "headleave42",
				"pivot": [-0.17624, 18.08308, -1.98599],
				"rotation": [0, 0, 40],
				"cubes": [
					{"origin": [-7.79988, 15.67992, -2.26857], "size": [2.07107, 1.52853, 0.47147], "uv": [57, 10], "mirror": true}
				]
			},
			{
				"name": "headleave58",
				"parent": "headleave42",
				"pivot": [-0.17624, 18.08308, -1.98599],
				"rotation": [0, 0, 40],
				"cubes": [
					{"origin": [-7.39948, 16.40064, -2.34865], "size": [1.67067, 0.85586, 0.16717], "uv": [58, 24], "mirror": true}
				]
			},
			{
				"name": "headleave59",
				"parent": "headleave42",
				"pivot": [-0.17624, 18.08308, -1.98599],
				"rotation": [0, 0, 10],
				"cubes": [
					{"origin": [-7.76855, 20.30591, -2.7971], "size": [2, 1, 1], "uv": [52, 7], "mirror": true}
				]
			},
			{
				"name": "headleave60",
				"parent": "headleave42",
				"pivot": [-0.17624, 18.08308, -1.98599],
				"cubes": [
					{"origin": [-8.09357, 21.57534, -2.7971], "size": [1, 1, 1], "uv": [52, 7], "mirror": true}
				]
			},
			{
				"name": "headleave61",
				"parent": "headleave42",
				"pivot": [-0.17624, 18.08308, -1.98599],
				"rotation": [0, 0, 35],
				"cubes": [
					{"origin": [-6.60662, 17.64054, -2.7971], "size": [3, 1, 1], "uv": [51, 15], "mirror": true}
				]
			},
			{
				"name": "headleave62",
				"parent": "head",
				"pivot": [-0.064, 18.45145, -0.57658],
				"rotation": [-5, 0, 0],
				"cubes": [
					{"origin": [-3.01795, 25.13113, -4.78879], "size": [6.14114, 1, 0.40741], "uv": [50, 10]}
				]
			},
			{
				"name": "headleave63",
				"parent": "headleave62",
				"pivot": [-0.064, 18.45145, -0.57658]
			},
			{
				"name": "headleave64",
				"parent": "headleave63",
				"pivot": [-0.064, 18.45145, -0.57658],
				"rotation": [0, 0, 15],
				"cubes": [
					{"origin": [-2.32927, 21.77778, -4.78879], "size": [1.20821, 4.04805, 0.35936], "uv": [54, 7]}
				]
			},
			{
				"name": "headleave72",
				"parent": "headleave63",
				"pivot": [-0.064, 18.45145, -0.57658],
				"rotation": [0, 0, 25],
				"cubes": [
					{"origin": [-4.23517, 20.68869, -4.78879], "size": [0.95195, 4.04805, 0.35936], "uv": [54, 7]}
				]
			},
			{
				"name": "headleave74",
				"parent": "headleave63",
				"pivot": [-0.064, 18.45145, -0.57658],
				"rotation": [0, 0, 15],
				"cubes": [
					{"origin": [-4.89183, 20.65666, -4.78879], "size": [0.95195, 4.46446, 0.35936], "uv": [54, 7]}
				]
			},
			{
				"name": "headleave73",
				"parent": "headleave63",
				"pivot": [-0.064, 18.45145, -0.57658],
				"rotation": [0, 0, 20],
				"cubes": [
					{"origin": [-4.6676, 20.68869, -4.78879], "size": [0.95195, 4.04805, 0.35936], "uv": [54, 7]}
				]
			},
			{
				"name": "headleave67",
				"parent": "headleave63",
				"pivot": [-0.06811, 22.00848, -4.60911],
				"rotation": [0, 0, -30],
				"cubes": [
					{"origin": [-1.0889, 22.44748, -4.78879], "size": [0.82382, 0.41241, 0.35936], "uv": [54, 7]}
				]
			},
			{
				"name": "headleave68",
				"parent": "headleave63",
				"pivot": [-0.06811, 22.00848, -4.60911],
				"rotation": [0, 0, -40],
				"cubes": [
					{"origin": [-0.70451, 22.27131, -4.78879], "size": [0.58358, 0.28428, 0.35936], "uv": [54, 7]}
				]
			},
			{
				"name": "headleave65",
				"parent": "headleave63",
				"pivot": [-0.064, 18.45145, -0.57658],
				"rotation": [0, 0, 5],
				"cubes": [
					{"origin": [-0.39133, 21.56957, -4.78879], "size": [0.34334, 4.44845, 0.35936], "uv": [54, 7]}
				]
			},
			{
				"name": "headleave66",
				"parent": "headleave63",
				"pivot": [-0.064, 18.45145, -0.57658],
				"rotation": [0, 0, 2],
				"cubes": [
					{"origin": [0.20127, 21.76176, -4.78879], "size": [0.48749, 4.25626, 0.35936], "uv": [54, 7]}
				]
			},
			{
				"name": "headleave70",
				"parent": "headleave63",
				"pivot": [-0.064, 18.45145, -0.57658],
				"rotation": [0, 0, -10],
				"cubes": [
					{"origin": [1.93099, 21.84184, -4.78879], "size": [0.80781, 3.80781, 0.35936], "uv": [54, 7]}
				]
			},
			{
				"name": "headleave69",
				"parent": "headleave63",
				"pivot": [-0.064, 18.45145, -0.57658],
				"rotation": [0, 0, -13],
				"cubes": [
					{"origin": [3.74729, 20.78252, -4.78879], "size": [1.01602, 4.38438, 0.35936], "uv": [54, 7]}
				]
			},
			{
				"name": "headleave71",
				"parent": "headleave63",
				"pivot": [-0.064, 18.45145, -0.57658],
				"rotation": [0, 0, -13],
				"cubes": [
					{"origin": [2.99454, 21.27901, -4.78879], "size": [0.87187, 4.03203, 0.35936], "uv": [54, 7]}
				]
			},
			{
				"name": "buoz",
				"parent": "head",
				"pivot": [-0.064, 18.45145, 0],
				"cubes": [
					{"origin": [-1.71165, 16.14114, -1.12813], "size": [3, 3.31031, 2], "uv": [5, 16]}
				]
			},
			{
				"name": "armLeft",
				"pivot": [3, 17.5, 0],
				"rotation": [0, 0, -25],
				"cubes": [
					{"origin": [1.86286, 9.78829, -1.0961], "size": [2, 8, 2], "uv": [0, 42]}
				]
			},
			{
				"name": "armLeft2",
				"parent": "armLeft",
				"pivot": [3, 17.5, 0],
				"cubes": [
					{"origin": [1.75976, 11.04555, -1.21522], "size": [2.26326, 6.75275, 2.21522], "uv": [43, 55]},
					{"origin": [1.64765, 10.68619, -1.27928], "size": [2.47147, 1, 2.39139], "uv": [43, 26]}
				]
			},
			{
				"name": "armRight",
				"pivot": [-3, 17.5, 0],
				"rotation": [0, 0, 25],
				"cubes": [
					{"origin": [-4.16717, 9.61211, -0.96096], "size": [2, 8, 2], "uv": [8, 42]}
				]
			},
			{
				"name": "armRight2",
				"parent": "armRight",
				"pivot": [3, 17.5, 0],
				"cubes": [
					{"origin": [-4.24024, 10.94945, -1.03904], "size": [2.26326, 6.75275, 2.21522], "uv": [43, 55]},
					{"origin": [-4.35235, 10.59009, -1.1031], "size": [2.47147, 1, 2.39139], "uv": [43, 26]}
				]
			},
			{
				"name": "body",
				"pivot": [0, 10.5, 0],
				"cubes": [
					{"origin": [-3.31406, 11, -2.5], "size": [6.38398, 1.25, 5], "uv": [0, 28]},
					{"origin": [-3.73748, 9.17709, -2.57986], "size": [7.24725, 3, 5], "uv": [0, 34]},
					{"origin": [-2.87267, 11, -2.5], "size": [5.51251, 7, 5], "uv": [0, 16]}
				]
			},
			{
				"name": "collar",
				"parent": "body",
				"pivot": [0, 11.5, 0]
			},
			{
				"name": "suit",
				"parent": "body",
				"pivot": [0.11211, 10.5, 0]
			},
			{
				"name": "suit3",
				"parent": "suit",
				"pivot": [0.11211, 10.5, 0]
			},
			{
				"name": "suit2",
				"parent": "suit3",
				"pivot": [0.11211, 10.5, 0],
				"rotation": [0, 0, 15],
				"cubes": [
					{"origin": [-4.72973, 16.03453, -3.05906], "size": [2.87187, 1.1992, 0.56757], "uv": [58, 43]}
				]
			},
			{
				"name": "suit4",
				"parent": "suit3",
				"pivot": [0.11211, 10.5, 0],
				"rotation": [0, 0, -15],
				"cubes": [
					{"origin": [1.77508, 16.12538, -3.05906], "size": [2.87187, 1.1992, 0.5996], "uv": [59, 43], "mirror": true}
				]
			},
			{
				"name": "suit9",
				"parent": "suit3",
				"pivot": [0.11211, 10.5, 0],
				"rotation": [0, 0, -30],
				"cubes": [
					{"origin": [2.02977, 14.25689, -3.17117], "size": [4.34535, 0.55856, 0.48749], "uv": [45, 42], "mirror": true}
				]
			},
			{
				"name": "suit14",
				"parent": "suit3",
				"pivot": [0.11211, 10.5, 0],
				"cubes": [
					{"origin": [2.5583, 11.1658, -2.91491], "size": [0.94995, 5.98799, 0.48749], "uv": [45, 48], "mirror": true}
				]
			},
			{
				"name": "suit23",
				"parent": "suit3",
				"pivot": [0.11211, 10.5, 0],
				"cubes": [
					{"origin": [2.5583, 10.95759, -2.91491], "size": [0.94995, 6.1962, 5.74074], "uv": [41, 48], "mirror": true}
				]
			},
			{
				"name": "suit26",
				"parent": "suit3",
				"pivot": [0.11211, 10.5, 0],
				"cubes": [
					{"origin": [2.5583, 7.27391, -2.91491], "size": [0.94995, 6.1962, 5.74074], "uv": [41, 48], "mirror": true}
				]
			},
			{
				"name": "suit28",
				"parent": "suit3",
				"pivot": [0.11211, 10.5, 0],
				"cubes": [
					{"origin": [-3.75201, 6.93757, -2.91491], "size": [0.94995, 6.1962, 5.74074], "uv": [41, 48], "mirror": true}
				]
			},
			{
				"name": "suit27",
				"parent": "suit3",
				"pivot": [0.11211, 10.5, 0],
				"rotation": [0, -90, 0],
				"cubes": [
					{"origin": [1.98799, 6.93757, -3.39614], "size": [0.94995, 6.1962, 7.23023], "uv": [40, 48], "mirror": true}
				]
			},
			{
				"name": "suit29",
				"parent": "suit3",
				"pivot": [0.11211, 10.5, 0],
				"rotation": [0, -90, 0],
				"cubes": [
					{"origin": [-2.8028, 6.93757, -3.41416], "size": [0.94995, 6.1962, 7.23023], "uv": [40, 48], "mirror": true}
				]
			},
			{
				"name": "suit30",
				"parent": "suit3",
				"pivot": [0.11211, 10.5, 0],
				"rotation": [0, -90, 0],
				"cubes": [
					{"origin": [-3.04304, 6.85749, -3.5583], "size": [1.12012, 1.03904, 7.55055], "uv": [38, 26], "mirror": true}
				]
			},
			{
				"name": "suit32",
				"parent": "suit3",
				"pivot": [0.11211, 10.5, 0],
				"rotation": [0, -90, 0],
				"cubes": [
					{"origin": [1.97698, 6.85749, -3.5583], "size": [1.12012, 1.03904, 7.55055], "uv": [39, 24], "mirror": true}
				]
			},
			{
				"name": "suit31",
				"parent": "suit3",
				"pivot": [0.11211, 10.5, 0],
				"cubes": [
					{"origin": [-3.88014, 6.85749, -3.15516], "size": [1.12012, 1.03904, 6.15716], "uv": [29, 27], "mirror": true}
				]
			},
			{
				"name": "suit33",
				"parent": "suit3",
				"pivot": [0.11211, 10.5, 0],
				"cubes": [
					{"origin": [2.59834, 6.85749, -3.15516], "size": [1.12012, 1.03904, 6.15716], "uv": [39, 28], "mirror": true}
				]
			},
			{
				"name": "suit25",
				"parent": "suit3",
				"pivot": [0.11211, 10.5, 0],
				"cubes": [
					{"origin": [-3.71998, 10.95759, -2.91491], "size": [0.94995, 6.1962, 5.74074], "uv": [41, 48], "mirror": true}
				]
			},
			{
				"name": "suit24",
				"parent": "suit3",
				"pivot": [0.11211, 10.5, 0],
				"rotation": [0, -90, 0],
				"cubes": [
					{"origin": [1.98799, 10.95759, -3.39614], "size": [0.94995, 6.1962, 7.1982], "uv": [40, 50], "mirror": true}
				]
			},
			{
				"name": "suit15",
				"parent": "suit3",
				"pivot": [0.11211, 10.5, 0],
				"cubes": [
					{"origin": [1.73648, 10.95759, -2.91491], "size": [0.82182, 5.28328, 0.48749], "uv": [45, 48], "mirror": true}
				]
			},
			{
				"name": "suit16",
				"parent": "suit3",
				"pivot": [0.11211, 10.5, 0],
				"cubes": [
					{"origin": [0.91466, 10.95759, -2.91491], "size": [0.82182, 4.85085, 0.48749], "uv": [45, 48], "mirror": true}
				]
			},
			{
				"name": "suit17",
				"parent": "suit3",
				"pivot": [0.11211, 10.5, 0],
				"cubes": [
					{"origin": [0.09284, 10.95759, -2.91491], "size": [0.82182, 4.35435, 0.48749], "uv": [45, 48], "mirror": true}
				]
			},
			{
				"name": "suit18",
				"parent": "suit3",
				"pivot": [0.11211, 10.5, 0],
				"cubes": [
					{"origin": [-0.72899, 10.95759, -2.91491], "size": [0.82182, 4.35435, 0.48749], "uv": [45, 48], "mirror": true}
				]
			},
			{
				"name": "suit19",
				"parent": "suit3",
				"pivot": [0.11211, 10.5, 0],
				"cubes": [
					{"origin": [-1.55081, 10.95759, -2.91491], "size": [0.82182, 4.56256, 0.48749], "uv": [45, 48], "mirror": true}
				]
			},
			{
				"name": "suit20",
				"parent": "suit3",
				"pivot": [0.11211, 10.5, 0],
				"cubes": [
					{"origin": [-2.37263, 10.95759, -2.91491], "size": [0.82182, 5.01101, 0.48749], "uv": [45, 48], "mirror": true}
				]
			},
			{
				"name": "suit21",
				"parent": "suit3",
				"pivot": [0.11211, 10.5, 0],
				"cubes": [
					{"origin": [-3.19445, 10.95759, -2.91491], "size": [0.82182, 5.61962, 0.48749], "uv": [45, 48], "mirror": true}
				]
			},
			{
				"name": "suit22",
				"parent": "suit3",
				"pivot": [0.11211, 10.5, 0],
				"cubes": [
					{"origin": [-3.66392, 10.95759, -2.91491], "size": [0.46947, 6.004, 0.48749], "uv": [45, 48], "mirror": true}
				]
			},
			{
				"name": "suit11",
				"parent": "suit3",
				"pivot": [0.11211, 10.5, 0],
				"rotation": [0, -90, 0],
				"cubes": [
					{"origin": [-3.05906, 16.88507, -3.54548], "size": [6.12312, 0.47848, 0.48749], "uv": [40, 42], "mirror": true}
				]
			},
			{
				"name": "suit13",
				"parent": "suit3",
				"pivot": [0.11211, 10.5, 0],
				"rotation": [0, -90, 0],
				"cubes": [
					{"origin": [-3.05906, 16.87706, 3.37116], "size": [6.12312, 0.49449, 0.48749], "uv": [40, 42], "mirror": true}
				]
			},
			{
				"name": "suit12",
				"parent": "suit3",
				"pivot": [0.11211, 10.5, 0],
				"cubes": [
					{"origin": [-3.53954, 16.88507, 2.46053], "size": [6.93994, 0.44645, 0.48749], "uv": [42, 42], "mirror": true}
				]
			},
			{
				"name": "suit10",
				"parent": "suit3",
				"pivot": [0.11211, 10.5, 0],
				"rotation": [0, 0, 30],
				"cubes": [
					{"origin": [-6.38607, 14.03789, -3.17117], "size": [4.2012, 0.59059, 0.48749], "uv": [45, 42]}
				]
			},
			{
				"name": "suit5",
				"parent": "suit3",
				"pivot": [0.11211, 10.5, 0],
				"cubes": [
					{"origin": [-3.28598, 11.00025, -2.78679], "size": [6.55556, 6.48448, 0.1031], "uv": [41, 21], "mirror": true}
				]
			},
			{
				"name": "suit6",
				"parent": "suit3",
				"pivot": [0.11211, 10.5, 0],
				"rotation": [0, -90, 0],
				"cubes": [
					{"origin": [-2.67467, 11.00025, 2.91261], "size": [5.45045, 7.14114, 0.67968], "uv": [43, 23], "mirror": true}
				]
			},
			{
				"name": "suit8",
				"parent": "suit3",
				"pivot": [0.11211, 10.5, 0],
				"rotation": [0, -90, 0],
				"cubes": [
					{"origin": [-2.56256, 11.00025, -3.31762], "size": [5.33834, 7.09309, 0.91992], "uv": [43, 23], "mirror": true}
				]
			},
			{
				"name": "suit7",
				"parent": "suit3",
				"pivot": [0.11211, 10.5, 0],
				"rotation": [0, 180, 0],
				"cubes": [
					{"origin": [-3.23754, 11.00025, -2.7027], "size": [6.7958, 7.06106, 0.2953], "uv": [42, 25], "mirror": true}
				]
			},
			{
				"name": "skirt",
				"parent": "body",
				"pivot": [0.12813, 0, 0.4004]
			},
			{
				"name": "legLeft",
				"pivot": [2, 9, 0],
				"cubes": [
					{"origin": [0.06757, 0, -1.35586], "size": [3, 9, 3], "uv": [12, 52]}
				]
			},
			{
				"name": "legRight",
				"pivot": [-2, 9, 0],
				"cubes": [
					{"origin": [-3.37187, 0, -1.35586], "size": [3, 9, 3], "uv": [0, 52]}
				]
			}
		]
	}
}