{
	"format_version": "1.10.0",
	"geometry.model": {
		"texturewidth": 64,
		"textureheight": 64,
		"visible_bounds_width": 2,
		"visible_bounds_height": 2,
		"visible_bounds_offset": [0, 1, 0],
		"bones": [
			{
				"name": "head",
				"pivot": [-0.064, 18, 0],
				"cubes": [
					{"origin": [-4.064, 18, -4], "size": [8, 8, 8], "uv": [0, 0]}
				]
			},
			{
				"name": "blink",
				"parent": "head",
				"pivot": [-0.064, 0, 0],
				"cubes": [
					{"origin": [-4.064, 18, -4.001], "size": [8, 8, 0], "uv": [32, 8]}
				]
			},
			{
				"name": "headleave3",
				"parent": "head",
				"pivot": [5.18478, 16.8503, -2.5],
				"rotation": [0, 0, 15],
				"cubes": [
					{"origin": [2.68099, 15.63762, -4], "size": [1, 2, 1], "uv": [59, 4]}
				]
			},
			{
				"name": "headleave4",
				"parent": "head",
				"pivot": [5.18478, 16.8503, -2.5],
				"rotation": [0, 0, -15],
				"cubes": [
					{"origin": [-3.45129, 18.35459, -4], "size": [1, 2, 1], "uv": [59, 4]}
				]
			},
			{
				"name": "headleave5",
				"parent": "head",
				"pivot": [-2.41522, 15.5503, -3.5],
				"cubes": [
					{"origin": [-3.58044, 14.32697, -4], "size": [1, 2, 1], "uv": [58, 4]}
				]
			},
			{
				"name": "headleave7",
				"parent": "head",
				"pivot": [-2.41522, 15.5503, -3.5],
				"cubes": [
					{"origin": [2.45244, 14.32697, -4], "size": [1, 2, 1], "uv": [58, 4]}
				]
			},
			{
				"name": "headleave27",
				"parent": "head",
				"pivot": [-2.41522, 15.5503, -3.5],
				"rotation": [14, 5, -23],
				"cubes": [
					{"origin": [-0.63431, 6.9598, 5.76247], "size": [2, 8.9, 2], "uv": [56, 0]}
				]
			},
			{
				"name": "headleave21",
				"parent": "head",
				"pivot": [-2.41522, 15.5503, -3.5],
				"rotation": [15, 0, 0],
				"cubes": [
					{"origin": [-1.09335, 16.50838, 5.78917], "size": [2, 8.9, 2], "uv": [56, 0]}
				]
			},
			{
				"name": "headleave6",
				"parent": "head",
				"pivot": [-2.41522, 15.5503, -3.5],
				"cubes": [
					{"origin": [-1.09335, 25.90213, 2.7089], "size": [2, 2.09219, 2.14414], "uv": [59, 4]}
				]
			},
			{
				"name": "headleave8",
				"parent": "head",
				"pivot": [-2.41522, 15.5503, -3.5],
				"rotation": [-15, 0, 0],
				"cubes": [
					{"origin": [-1.09335, 27.08509, -0.72341], "size": [2, 2.09219, 2.14414], "uv": [59, 4]}
				]
			},
			{
				"name": "headleave9",
				"parent": "head",
				"pivot": [-0.064, 18, 0]
			},
			{
				"name": "headleave10",
				"parent": "headleave9",
				"pivot": [0.65672, 18.22422, 0],
				"rotation": [0, 0, -5]
			},
			{
				"name": "headleave11",
				"parent": "headleave10",
				"pivot": [0.65672, 18.22422, 0],
				"cubes": [
					{"origin": [-0.61422, 25.72927, 2.20821], "size": [2.58558, 1, 3.22622], "uv": [54, 10]}
				]
			},
			{
				"name": "headleave20",
				"parent": "headleave10",
				"pivot": [0.65672, 18.22422, 0],
				"rotation": [0, 0, -15],
				"cubes": [
					{"origin": [1.19329, 26.91044, 1.40741], "size": [0.27928, 0.02302, 0.11912], "uv": [53, 8]},
					{"origin": [1.88198, 26.86239, 1.40741], "size": [0.27928, 0.02302, 0.11912], "uv": [53, 8]}
				]
			},
			{
				"name": "headleave12",
				"parent": "headleave10",
				"pivot": [0.65672, 18.22422, 0],
				"rotation": [0, 0, -15],
				"cubes": [
					{"origin": [1.20931, 26.87841, 1.40741], "size": [0.23123, 0.02302, 0.11912], "uv": [53, 8]},
					{"origin": [1.898, 26.83036, 1.40741], "size": [0.23123, 0.02302, 0.11912], "uv": [53, 8]}
				]
			},
			{
				"name": "headleave34",
				"parent": "headleave10",
				"pivot": [0.65672, 18.22422, 0],
				"rotation": [0, 0, -15],
				"cubes": [
					{"origin": [1.19329, 26.84637, 1.40741], "size": [0.26326, 0.02302, 0.11912], "uv": [53, 8]},
					{"origin": [1.88198, 26.79833, 1.40741], "size": [0.26326, 0.02302, 0.11912], "uv": [53, 8]}
				]
			},
			{
				"name": "headleave33",
				"parent": "headleave10",
				"pivot": [-5.15259, 24.18869, 1.46697],
				"rotation": [0, 0, 110],
				"cubes": [
					{"origin": [-8.97467, 27.67146, 1.40741], "size": [0.11912, 0.02302, 0.11912], "uv": [52, 4]},
					{"origin": [-9.05424, 27.7988, 1.40741], "size": [0.11912, 0.02302, 0.11912], "uv": [52, 4]}
				]
			},
			{
				"name": "headleave32",
				"parent": "headleave10",
				"pivot": [0.65672, 18.22422, 0],
				"rotation": [0, 0, 40],
				"cubes": [
					{"origin": [-5.71649, 23.72457, 1.40741], "size": [0.11912, 0.02302, 0.11912], "uv": [52, 4]},
					{"origin": [-5.63909, 23.83742, 1.40741], "size": [0.13514, 0.02302, 0.11912], "uv": [52, 4]}
				]
			},
			{
				"name": "headleave13",
				"parent": "headleave10",
				"pivot": [4.09829, 27.27935, 1.55506],
				"rotation": [0, 0, -55],
				"cubes": [
					{"origin": [1.12457, 30.74465, 1.53554], "size": [0.05506, 1.12813, 0.23123], "uv": [58, 11]},
					{"origin": [1.04449, 31.81772, 1.53554], "size": [0.13514, 0.05506, 0.23123], "uv": [58, 11]},
					{"origin": [1.0605, 30.74465, 1.72773], "size": [0.11912, 1.12813, 0.03904], "uv": [58, 11]},
					{"origin": [1.0605, 30.74465, 1.64765], "size": [0.1031, 1.11211, 0.03904], "uv": [53, 11]},
					{"origin": [1.01246, 31.72162, 1.53554], "size": [0.16717, 0.05506, 0.23123], "uv": [58, 11]},
					{"origin": [1.12457, 30.74465, 1.53554], "size": [0.05506, 1.12813, 0.23123], "uv": [58, 11]},
					{"origin": [1.12457, 30.74465, 1.53554], "size": [0.05506, 1.12813, 0.23123], "uv": [58, 11]},
					{"origin": [0.94839, 31.60951, 1.53554], "size": [0.1992, 0.05506, 0.23123], "uv": [58, 11]},
					{"origin": [0.86831, 31.48138, 1.53554], "size": [0.27928, 0.05506, 0.23123], "uv": [58, 11]},
					{"origin": [0.8523, 31.33724, 1.53554], "size": [0.27928, 0.05506, 0.23123], "uv": [58, 11]}
				]
			},
			{
				"name": "headleave14",
				"parent": "headleave10",
				"pivot": [4.09829, 27.27935, 1.55506],
				"rotation": [0, 0, -25],
				"cubes": [
					{"origin": [-0.8431, 29.259, 1.53554], "size": [0.05506, 0.47147, 0.23123], "uv": [58, 11]},
					{"origin": [-0.8431, 29.259, 1.73473], "size": [0.13514, 0.47147, 0.03203], "uv": [58, 11]},
					{"origin": [-0.82708, 29.27502, 1.65465], "size": [0.11912, 0.45546, 0.03203], "uv": [52, 12]}
				]
			},
			{
				"name": "headleave15",
				"parent": "headleave10",
				"pivot": [4.09829, 27.27935, 1.55506],
				"rotation": [0, 0, -60],
				"cubes": [
					{"origin": [1.18603, 31.37589, 1.53554], "size": [0.05506, 0.35936, 0.23123], "uv": [58, 11]}
				]
			},
			{
				"name": "headleave16",
				"parent": "headleave10",
				"pivot": [4.09829, 27.27935, 1.55506],
				"rotation": [0, 0, -60],
				"cubes": [
					{"origin": [1.18603, 31.37589, 1.71872], "size": [0.26326, 0.35936, 0.04805], "uv": [58, 11]},
					{"origin": [1.18603, 31.37589, 1.65465], "size": [0.26326, 0.35936, 0.04805], "uv": [53, 12]}
				]
			},
			{
				"name": "headleave17",
				"parent": "headleave10",
				"pivot": [4.09829, 27.27935, 1.55506],
				"rotation": [0, 0, -60],
				"cubes": [
					{"origin": [1.34619, 31.69621, 1.71872], "size": [0.1031, 0.1992, 0.04805], "uv": [58, 11]}
				]
			},
			{
				"name": "headleave18",
				"parent": "headleave10",
				"pivot": [4.09829, 27.27935, 1.55506],
				"rotation": [0, 0, -60],
				"cubes": [
					{"origin": [1.34619, 31.69621, 1.62262], "size": [0.1031, 0.1992, 0.04805], "uv": [51, 11]}
				]
			},
			{
				"name": "headleave19",
				"parent": "headleave9",
				"pivot": [0.064, 18, 0],
				"rotation": [0, 0, -30]
			},
			{
				"name": "headleave22",
				"parent": "headleave19",
				"pivot": [0.064, 18, 0],
				"rotation": [0, 0, 15],
				"cubes": [
					{"origin": [0.34977, 26.11621, 1.43944], "size": [1.20821, 1.12813, 1.24024], "uv": [58, 11], "mirror": true}
				]
			},
			{
				"name": "headleave23",
				"parent": "headleave19",
				"pivot": [-3.37757, 27.05512, 1.55506],
				"rotation": [0, 0, 55],
				"cubes": [
					{"origin": [0.96762, 31.82578, 1.53554], "size": [0.05506, 1.12813, 0.23123], "uv": [58, 11], "mirror": true},
					{"origin": [0.96762, 32.89885, 1.53554], "size": [0.13514, 0.05506, 0.23123], "uv": [58, 11], "mirror": true},
					{"origin": [0.96762, 31.82578, 1.72773], "size": [0.11912, 1.12813, 0.03904], "uv": [58, 11], "mirror": true},
					{"origin": [0.98364, 31.82578, 1.64765], "size": [0.1031, 1.0961, 0.03904], "uv": [53, 11], "mirror": true},
					{"origin": [0.96762, 32.80276, 1.53554], "size": [0.16717, 0.05506, 0.23123], "uv": [58, 11], "mirror": true},
					{"origin": [0.96762, 31.82578, 1.53554], "size": [0.05506, 1.12813, 0.23123], "uv": [58, 11], "mirror": true},
					{"origin": [0.96762, 31.82578, 1.53554], "size": [0.05506, 1.12813, 0.23123], "uv": [58, 11], "mirror": true},
					{"origin": [0.99965, 32.69064, 1.53554], "size": [0.1992, 0.05506, 0.23123], "uv": [58, 11], "mirror": true},
					{"origin": [0.99965, 32.56252, 1.53554], "size": [0.27928, 0.05506, 0.23123], "uv": [58, 11], "mirror": true},
					{"origin": [1.01567, 32.41837, 1.53554], "size": [0.27928, 0.05506, 0.23123], "uv": [58, 11], "mirror": true}
				]
			},
			{
				"name": "headleave24",
				"parent": "headleave19",
				"pivot": [-3.37757, 27.05512, 1.55506],
				"rotation": [0, 0, 25],
				"cubes": [
					{"origin": [3.39685, 29.45199, 1.53554], "size": [0.05506, 0.47147, 0.23123], "uv": [58, 11], "mirror": true},
					{"origin": [3.31677, 29.45199, 1.73473], "size": [0.13514, 0.47147, 0.03203], "uv": [58, 11], "mirror": true},
					{"origin": [3.31677, 29.468, 1.65465], "size": [0.11912, 0.45546, 0.03203], "uv": [52, 12], "mirror": true}
				]
			},
			{
				"name": "headleave25",
				"parent": "headleave19",
				"pivot": [-3.37757, 27.05512, 1.55506],
				"rotation": [0, 0, 60],
				"cubes": [
					{"origin": [0.78697, 32.57638, 1.53554], "size": [0.05506, 0.35936, 0.23123], "uv": [58, 11], "mirror": true}
				]
			},
			{
				"name": "headleave26",
				"parent": "headleave19",
				"pivot": [-3.37757, 27.05512, 1.55506],
				"rotation": [0, 0, 60],
				"cubes": [
					{"origin": [0.57876, 32.57638, 1.71872], "size": [0.26326, 0.35936, 0.04805], "uv": [58, 11], "mirror": true},
					{"origin": [0.57876, 32.57638, 1.65465], "size": [0.26326, 0.35936, 0.04805], "uv": [53, 12], "mirror": true}
				]
			},
			{
				"name": "headleave28",
				"parent": "headleave19",
				"pivot": [-3.37757, 27.05512, 1.55506],
				"rotation": [0, 0, 60],
				"cubes": [
					{"origin": [0.57876, 32.8967, 1.71872], "size": [0.1031, 0.1992, 0.04805], "uv": [58, 11], "mirror": true}
				]
			},
			{
				"name": "headleave29",
				"parent": "headleave19",
				"pivot": [-3.37757, 27.05512, 1.55506],
				"rotation": [0, 0, 60],
				"cubes": [
					{"origin": [0.57876, 32.8967, 1.62262], "size": [0.1031, 0.1992, 0.04805], "uv": [51, 11], "mirror": true}
				]
			},
			{
				"name": "helmet",
				"parent": "head",
				"pivot": [0, 18, 1.34535]
			},
			{
				"name": "helmet2",
				"parent": "helmet",
				"pivot": [0, 18, 1.34535]
			},
			{
				"name": "helmet3",
				"parent": "helmet2",
				"pivot": [0, 18, 1.34535],
				"cubes": [
					{"origin": [-0.67968, 19.79379, -4.24425], "size": [1.48048, 0.2953, 0.40741], "uv": [61, 25]}
				]
			},
			{
				"name": "helmet4",
				"parent": "helmet2",
				"pivot": [0.01251, 19.78128, -3.28778],
				"rotation": [0, 0, -90],
				"cubes": [
					{"origin": [-0.36263, 18.90658, -4.24425], "size": [1.35235, 0.2953, 0.40741], "uv": [61, 25]},
					{"origin": [-0.36263, 23.34529, -4.24425], "size": [1.35235, 0.2953, 0.40741], "uv": [61, 25]}
				]
			},
			{
				"name": "helmet5",
				"parent": "helmet2",
				"pivot": [0.01251, 19.78128, -3.28778],
				"rotation": [0, 0, -90],
				"cubes": [
					{"origin": [-0.36263, 15.937, -4.24425], "size": [1.35235, 0.2953, 0.40741], "uv": [61, 25]},
					{"origin": [-0.36263, 20.37572, -4.24425], "size": [1.35235, 0.2953, 0.40741], "uv": [61, 25]},
					{"origin": [0.51825, 15.68075, -4.24425], "size": [0.47147, 0.55155, 5.11612], "uv": [51, 19]},
					{"origin": [0.51825, 23.32039, -4.24425], "size": [0.47147, 0.55155, 5.11612], "uv": [46, 20]}
				]
			},
			{
				"name": "helmet6",
				"parent": "helmet2",
				"pivot": [0.01251, 19.78128, -3.28778],
				"rotation": [0, 0, -45],
				"cubes": [
					{"origin": [1.11321, 19.76727, -4.24425], "size": [1.35235, 0.2953, 0.40741], "uv": [61, 25]},
					{"origin": [-2.02543, 22.90592, -4.24425], "size": [1.35235, 0.2953, 0.40741], "uv": [61, 25]}
				]
			},
			{
				"name": "helmet7",
				"parent": "helmet2",
				"pivot": [0.01251, 19.78128, -3.28778],
				"rotation": [0, 0, -45],
				"cubes": [
					{"origin": [1.11321, 16.7977, -4.24425], "size": [1.35235, 0.2953, 0.40741], "uv": [61, 25]},
					{"origin": [-2.02543, 19.93635, -4.24425], "size": [1.35235, 0.2953, 0.40741], "uv": [61, 25]}
				]
			},
			{
				"name": "helmet8",
				"parent": "helmet2",
				"pivot": [0.01251, 19.78128, -3.28778],
				"cubes": [
					{"origin": [1.54818, 21.41946, -4.24425], "size": [1.35235, 0.2953, 0.40741], "uv": [61, 25]},
					{"origin": [-2.89053, 21.41946, -4.24425], "size": [1.35235, 0.2953, 0.40741], "uv": [61, 25]}
				]
			},
			{
				"name": "helmet9",
				"parent": "helmet2",
				"pivot": [0.01251, 19.78128, -3.28778],
				"cubes": [
					{"origin": [1.54818, 18.44988, -4.24425], "size": [1.35235, 0.2953, 0.40741], "uv": [61, 25]},
					{"origin": [-2.89053, 18.44988, -4.24425], "size": [1.35235, 0.2953, 0.40741], "uv": [61, 25]}
				]
			},
			{
				"name": "helmet10",
				"parent": "helmet2",
				"pivot": [0.01251, 19.78128, -3.28778],
				"rotation": [0, 0, 45],
				"cubes": [
					{"origin": [0.68748, 19.92572, -4.24425], "size": [1.35235, 0.2953, 0.40741], "uv": [61, 25]},
					{"origin": [-2.45116, 16.78708, -4.24425], "size": [1.35235, 0.2953, 0.40741], "uv": [61, 25]}
				]
			},
			{
				"name": "helmet11",
				"parent": "helmet2",
				"pivot": [0.01251, 19.78128, -3.28778],
				"rotation": [0, 0, 45],
				"cubes": [
					{"origin": [0.68748, 22.89529, -4.24425], "size": [1.35235, 0.2953, 0.40741], "uv": [61, 25]},
					{"origin": [-2.45116, 19.75665, -4.24425], "size": [1.35235, 0.2953, 0.40741], "uv": [61, 25]}
				]
			},
			{
				"name": "headleave",
				"parent": "head",
				"pivot": [0, 17.63163, -0.48048],
				"rotation": [-5, 0, 0],
				"cubes": [
					{"origin": [-3.54955, 24.47848, -4.74074], "size": [7, 1, 1], "uv": [16, 10]}
				]
			},
			{
				"name": "headleave2",
				"parent": "headleave",
				"pivot": [-2.69069, 18.27227, 0.67267],
				"rotation": [0, 0, 9]
			},
			{
				"name": "headleave38",
				"parent": "headleave2",
				"pivot": [-3.86336, 23.2968, -4.28879],
				"rotation": [0, 0, -13],
				"cubes": [
					{"origin": [1.0344, 17.80804, -4.74074], "size": [0.87187, 7.03804, 1], "uv": [59, 1]}
				]
			},
			{
				"name": "headleave30",
				"parent": "headleave2",
				"pivot": [-3.86336, 23.2968, -4.28879],
				"rotation": [0, 0, -13],
				"cubes": [
					{"origin": [0.31368, 18.30454, -4.74074], "size": [0.87187, 6.54154, 1], "uv": [59, 2]}
				]
			},
			{
				"name": "headleave31",
				"parent": "headleave2",
				"pivot": [-3.86336, 23.2968, -4.28879],
				"rotation": [0, 0, -13],
				"cubes": [
					{"origin": [-0.15079, 18.84908, -4.74074], "size": [0.87187, 5.997, 1], "uv": [59, 2]}
				]
			},
			{
				"name": "headleave39",
				"parent": "headleave2",
				"pivot": [-3.86336, 23.2968, -4.28879],
				"rotation": [0, 0, -11],
				"cubes": [
					{"origin": [1.87809, 17.85005, -4.74074], "size": [0.74374, 7.27828, 1], "uv": [59, 1]}
				]
			},
			{
				"name": "headleave35",
				"parent": "headleave2",
				"pivot": [-3.86336, 23.2968, -4.28879],
				"rotation": [0, 0, -64],
				"cubes": [
					{"origin": [-5.09881, 15.54474, -4.74074], "size": [0.39139, 1.54455, 1], "uv": [59, 1]}
				]
			},
			{
				"name": "headleave41",
				"parent": "headleave2",
				"pivot": [-3.86336, 23.2968, -4.28879],
				"rotation": [0, 0, -114],
				"cubes": [
					{"origin": [-10.59592, 18.21223, -4.74074], "size": [0.39139, 1.04805, 1], "uv": [59, 1]}
				]
			},
			{
				"name": "headleave37",
				"parent": "headleave2",
				"pivot": [-3.86336, 23.2968, -4.28879],
				"rotation": [0, 0, -34],
				"cubes": [
					{"origin": [-2.3578, 18.7546, -4.74074], "size": [1.48048, 1.54455, 1], "uv": [57, 5]}
				]
			},
			{
				"name": "headleave40",
				"parent": "headleave2",
				"pivot": [-3.86336, 23.2968, -4.28879],
				"rotation": [0, 0, -19],
				"cubes": [
					{"origin": [-1.63325, 20.79096, -4.74074], "size": [1.65665, 1.54455, 1], "uv": [59, 4]}
				]
			},
			{
				"name": "headleave44",
				"parent": "headleave2",
				"pivot": [-3.86336, 23.2968, -4.28879],
				"rotation": [0, 0, -29],
				"cubes": [
					{"origin": [-2.03349, 21.64854, -4.74074], "size": [1.99299, 2.21722, 1], "uv": [59, 4]}
				]
			},
			{
				"name": "headleave48",
				"parent": "headleave2",
				"pivot": [-3.86336, 23.2968, -4.28879],
				"rotation": [0, 0, -49],
				"cubes": [
					{"origin": [-2.2417, 21.64854, -4.74074], "size": [0.39139, 2.21722, 1], "uv": [59, 4]}
				]
			},
			{
				"name": "headleave45",
				"parent": "headleave2",
				"pivot": [-3.86336, 23.2968, -4.28879],
				"rotation": [0, 0, 11],
				"cubes": [
					{"origin": [-4.44469, 23.0691, -4.74074], "size": [1.38438, 1.8008, 1], "uv": [59, 4]}
				]
			},
			{
				"name": "headleave46",
				"parent": "headleave2",
				"pivot": [-3.86336, 23.2968, -4.28879],
				"rotation": [0, 0, 6],
				"cubes": [
					{"origin": [-4.00212, 21.22212, -4.74074], "size": [0.91992, 1.8008, 1], "uv": [59, 4]}
				]
			},
			{
				"name": "headleave47",
				"parent": "headleave2",
				"pivot": [-3.86336, 23.2968, -4.28879],
				"rotation": [0, 0, 1],
				"cubes": [
					{"origin": [-3.80153, 19.36113, -4.74074], "size": [0.53553, 1.8008, 1], "uv": [59, 4]}
				]
			},
			{
				"name": "headleave49",
				"parent": "headleave2",
				"pivot": [-3.86336, 23.2968, -4.28879],
				"rotation": [0, 0, -4],
				"cubes": [
					{"origin": [-4.52769, 21.77611, -4.74074], "size": [0.26326, 3.53053, 1], "uv": [59, 4]}
				]
			},
			{
				"name": "headleave50",
				"parent": "headleave2",
				"pivot": [-3.86336, 23.2968, -4.28879],
				"rotation": [0, 0, -9],
				"cubes": [
					{"origin": [-4.6577, 19.38234, -4.74074], "size": [0.53553, 2.45746, 1], "uv": [59, 4]}
				]
			},
			{
				"name": "headleave42",
				"parent": "headleave2",
				"pivot": [-3.86336, 23.2968, -4.28879],
				"rotation": [0, 0, -4],
				"cubes": [
					{"origin": [-1.57404, 21.87682, -4.79378], "size": [0.15115, 1.68869, 1], "uv": [59, 1]}
				]
			},
			{
				"name": "headleave43",
				"parent": "headleave2",
				"pivot": [-3.86336, 23.2968, -4.28879],
				"rotation": [0, 0, -9],
				"cubes": [
					{"origin": [-1.70651, 21.6827, -4.79378], "size": [0.15115, 1.68869, 1], "uv": [59, 1]}
				]
			},
			{
				"name": "headleave36",
				"parent": "headleave2",
				"pivot": [-3.86336, 23.2968, -4.28879],
				"rotation": [0, 0, -54],
				"cubes": [
					{"origin": [-4.00212, 16.96905, -4.74074], "size": [1.33633, 1.54455, 1], "uv": [59, 4]}
				]
			},
			{
				"name": "armLeft",
				"pivot": [3, 17.5, 0],
				"rotation": [0, 0, -25],
				"cubes": [
					{"origin": [3, 9.5, -0.85586], "size": [2, 8, 1.85586], "uv": [8, 28]}
				]
			},
			{
				"name": "armLeft2",
				"parent": "armLeft",
				"pivot": [5.1041, 17.5, 0]
			},
			{
				"name": "armLeft3",
				"parent": "armLeft2",
				"pivot": [5.1041, 17.5, 0],
				"cubes": [
					{"origin": [2.92092, 9.45495, -1.16717], "size": [2.26326, 2.27027, 2.27928], "uv": [50, 50]}
				]
			},
			{
				"name": "armLeft4",
				"parent": "armLeft2",
				"pivot": [5.1041, 17.5, 0],
				"rotation": [0, 0, -15],
				"cubes": [
					{"origin": [1.6883, 12.88088, -1.11912], "size": [2.24725, 0.31632, 2.1992], "uv": [48, 29], "mirror": true}
				]
			},
			{
				"name": "armLeft5",
				"parent": "armLeft2",
				"pivot": [5.1041, 17.5, 0],
				"rotation": [0, 0, 20],
				"cubes": [
					{"origin": [5.06707, 10.84835, -1.24725], "size": [2.58358, 0.31632, 2.45546], "uv": [47, 32]}
				]
			},
			{
				"name": "armLeft9",
				"parent": "armLeft2",
				"pivot": [5.1041, 17.5, 0],
				"cubes": [
					{"origin": [5.19713, 9.95905, 0.91491], "size": [0.13313, 0.71672, 0.29329], "uv": [49, 35]}
				]
			},
			{
				"name": "armLeft6",
				"parent": "armLeft2",
				"pivot": [5.1041, 17.5, 0],
				"cubes": [
					{"origin": [2.8916, 12.73582, -1.11912], "size": [2.27928, 0.31632, 2.1992], "uv": [49, 34]}
				]
			},
			{
				"name": "armLeft8",
				"parent": "armLeft2",
				"pivot": [5.1041, 17.5, 0],
				"rotation": [0, 0, -20],
				"cubes": [
					{"origin": [3.48043, 12.40465, 0.77077], "size": [0.16517, 0.89289, 0.30931], "uv": [53, 34]}
				]
			},
			{
				"name": "armLeft7",
				"parent": "armLeft2",
				"pivot": [5.1041, 17.5, 0],
				"cubes": [
					{"origin": [2.92092, 14.5, -1.16717], "size": [2.26326, 3.05506, 2.27928], "uv": [51, 50]}
				]
			},
			{
				"name": "armRight",
				"pivot": [-3, 17.5, 0],
				"rotation": [0, 0, 25],
				"cubes": [
					{"origin": [-5, 9.5, -1], "size": [2, 7.95195, 2], "uv": [0, 28]}
				]
			},
			{
				"name": "armRight2",
				"parent": "armRight",
				"pivot": [-3, 17.5, 0]
			},
			{
				"name": "armRight3",
				"parent": "armRight2",
				"pivot": [-3, 17.5, 0],
				"cubes": [
					{"origin": [-5.18318, 9.45495, -1.16717], "size": [2.26326, 3.05506, 2.27928], "uv": [50, 50]}
				]
			},
			{
				"name": "armRight5",
				"parent": "armRight2",
				"pivot": [-3, 17.5, 0],
				"cubes": [
					{"origin": [-5.24725, 10.20771, -1.27928], "size": [2.37538, 0.31632, 2.48749], "uv": [49, 33]},
					{"origin": [-3.18118, 11.18468, -1.27928], "size": [0.30931, 0.31632, 2.48749], "uv": [51, 32]}
				]
			},
			{
				"name": "armRight9",
				"parent": "armRight2",
				"pivot": [-3, 17.5, 0],
				"rotation": [20, 0, 0],
				"cubes": [
					{"origin": [-5.24725, 9.62259, -1.39973], "size": [0.37337, 0.90891, 0.14915], "uv": [54, 34]}
				]
			},
			{
				"name": "armRight8",
				"parent": "armRight2",
				"pivot": [-3, 17.5, 0],
				"rotation": [0, 0, -25],
				"cubes": [
					{"origin": [-7.98487, 11.81103, -1.27928], "size": [2.34334, 0.31632, 2.48749], "uv": [50, 33]}
				]
			},
			{
				"name": "armRight6",
				"parent": "armRight2",
				"pivot": [-3, 17.5, 0],
				"cubes": [
					{"origin": [-5.21522, 12.43393, -1.27928], "size": [2.34334, 0.31632, 2.48749], "uv": [51, 31]}
				]
			},
			{
				"name": "armRight7",
				"parent": "armRight2",
				"pivot": [-3, 17.5, 0],
				"rotation": [10, 0, 5],
				"cubes": [
					{"origin": [-4.79282, 11.67551, 0.18553], "size": [0.32533, 0.76476, 0.14915], "uv": [50, 35]}
				]
			},
			{
				"name": "armRight4",
				"parent": "armRight2",
				"pivot": [-3, 17.5, 0],
				"cubes": [
					{"origin": [-5.18318, 14.5, -1.16717], "size": [2.26326, 3.05506, 2.27928], "uv": [50, 48]}
				]
			},
			{
				"name": "body",
				"pivot": [0, 10.5, 0],
				"cubes": [
					{"origin": [-3.25, 11, -2.5], "size": [6.4, 1.5453, 5], "uv": [0, 26]},
					{"origin": [-3.57031, 8.34426, -2.51579], "size": [7, 3, 5], "uv": [0, 44]},
					{"origin": [-2.9, 11, -2.5], "size": [5.7, 7, 5], "uv": [0, 16]},
					{"origin": [-3.25, 11.11211, -2.46797], "size": [6.4, 1.43318, 4.96797], "uv": [0, 38]}
				]
			},
			{
				"name": "collar",
				"parent": "body",
				"pivot": [0, 11.5, 0]
			},
			{
				"name": "suit",
				"parent": "body",
				"pivot": [0, 10.5, 0]
			},
			{
				"name": "suit2",
				"parent": "suit",
				"pivot": [-3, 13, 0]
			},
			{
				"name": "suit4",
				"parent": "suit2",
				"pivot": [-3, 13, 0],
				"rotation": [0, 0, -15],
				"cubes": [
					{"origin": [-0.44062, 15.4154, -2.75475], "size": [0.55155, 2.18519, 0.34334], "uv": [54, 35]}
				]
			},
			{
				"name": "suit8",
				"parent": "suit2",
				"pivot": [-3, 13, 0],
				"cubes": [
					{"origin": [-0.17217, 11.94995, -2.59459], "size": [0.10611, 0.47147, 0.13814], "uv": [0, 0]}
				]
			},
			{
				"name": "suit17",
				"parent": "suit2",
				"pivot": [-3, 13, 0],
				"cubes": [
					{"origin": [-3.05506, 13.82382, -2.59459], "size": [6, 0.47147, 5.2953], "uv": [41, 31]}
				]
			},
			{
				"name": "suit9",
				"parent": "suit2",
				"pivot": [-3, 13, 0],
				"cubes": [
					{"origin": [-3.02302, 14.3043, -2.51451], "size": [5.9039, 1.08008, 5.13514], "uv": [40, 51]}
				]
			},
			{
				"name": "suit10",
				"parent": "suit2",
				"pivot": [-3, 13, 0],
				"cubes": [
					{"origin": [-0.01201, 14.3043, -2.53053], "size": [2.89289, 1.68869, 5.32733], "uv": [52, 49]}
				]
			},
			{
				"name": "suit13",
				"parent": "suit2",
				"pivot": [-3, 13, 0],
				"cubes": [
					{"origin": [-2.87888, 14.3043, -2.51451], "size": [2.89289, 1.68869, 5.18318], "uv": [52, 49]}
				]
			},
			{
				"name": "suit11",
				"parent": "suit2",
				"pivot": [-3, 13, 0],
				"cubes": [
					{"origin": [0.94895, 14.3043, -2.51451], "size": [1.93193, 3.69069, 5.16717], "uv": [47, 47]}
				]
			},
			{
				"name": "suit12",
				"parent": "suit2",
				"pivot": [-3, 13, 0],
				"cubes": [
					{"origin": [-3.00701, 14.3043, -2.51451], "size": [1.83584, 3.69069, 5.16717], "uv": [52, 49]}
				]
			},
			{
				"name": "suit15",
				"parent": "suit2",
				"pivot": [-3, 13, 0],
				"cubes": [
					{"origin": [-3.00701, 17.71572, -2.54655], "size": [1.8038, 0.39139, 5.1992], "uv": [45, 47]}
				]
			},
			{
				"name": "suit16",
				"parent": "suit2",
				"pivot": [-3, 13, 0],
				"cubes": [
					{"origin": [1.14114, 17.71572, -2.51451], "size": [1.72372, 0.39139, 5.16717], "uv": [52, 49]}
				]
			},
			{
				"name": "suit14",
				"parent": "suit2",
				"pivot": [-3, 13, 0],
				"cubes": [
					{"origin": [-3.00701, 14.3043, 1.76176], "size": [4.31832, 3.69069, 0.89089], "uv": [52, 49]}
				]
			},
			{
				"name": "suit5",
				"parent": "suit2",
				"pivot": [3, 13, 0],
				"rotation": [0, 0, 15],
				"cubes": [
					{"origin": [-0.32751, 15.35737, -2.75475], "size": [0.55155, 2.18519, 0.34334], "uv": [55, 32], "mirror": true}
				]
			},
			{
				"name": "suit6",
				"parent": "suit2",
				"pivot": [3, 13, 0],
				"rotation": [0, 0, 120],
				"cubes": [
					{"origin": [1.93075, 7.90565, -2.75475], "size": [0.55155, 1.19219, 0.34334], "uv": [54, 34], "mirror": true}
				]
			},
			{
				"name": "suit7",
				"parent": "suit2",
				"pivot": [-3, 13, 0],
				"rotation": [0, 0, -120],
				"cubes": [
					{"origin": [-2.37019, 8.09984, -2.75475], "size": [0.55155, 1.19219, 0.34334], "uv": [51, 32]}
				]
			},
			{
				"name": "suit3",
				"parent": "suit",
				"pivot": [3, 13, 0],
				"rotation": [0, 0, -20]
			},
			{
				"name": "skirt",
				"parent": "body",
				"pivot": [0, 0, 0]
			},
			{
				"name": "skirt2",
				"parent": "skirt",
				"pivot": [0, -0.86486, 0]
			},
			{
				"name": "skirt3",
				"parent": "skirt2",
				"pivot": [0, -0.86486, 0],
				"rotation": [0, 0, 65],
				"cubes": [
					{"origin": [-10.07007, 3.91591, -2.65265], "size": [1.12813, 3.3934, 0.42342], "uv": [48, 32]}
				]
			},
			{
				"name": "skirt29",
				"parent": "skirt2",
				"pivot": [0, -0.86486, 0],
				"rotation": [0, 0, 65],
				"cubes": [
					{"origin": [-9.33333, 3.8038, -2.54054], "size": [0.83984, 2.99299, 0.42342], "uv": [58, 53]}
				]
			},
			{
				"name": "skirt30",
				"parent": "skirt2",
				"pivot": [0, -0.86486, 0],
				"rotation": [0, 0, -65],
				"cubes": [
					{"origin": [8.49349, 3.8038, -2.54054], "size": [0.83984, 2.99299, 0.42342], "uv": [58, 53], "mirror": true}
				]
			},
			{
				"name": "skirt8",
				"parent": "skirt2",
				"pivot": [0, -0.86486, 0],
				"cubes": [
					{"origin": [-0.80454, 9.25981, -2.67568], "size": [1.41642, 1.42342, 0.42342], "uv": [51, 3]}
				]
			},
			{
				"name": "skirt9",
				"parent": "skirt2",
				"pivot": [0, -0.86486, 0],
				"cubes": [
					{"origin": [-0.74048, 9.32387, -2.83584], "size": [1.28829, 1.2953, 0.6957], "uv": [58, 12]}
				]
			},
			{
				"name": "skirt25",
				"parent": "skirt2",
				"pivot": [0, -0.86486, 0],
				"cubes": [
					{"origin": [-0.26, 9.452, -2.91592], "size": [0.32733, 0.04605, 0.6957], "uv": [51, 4]}
				]
			},
			{
				"name": "skirt26",
				"parent": "skirt2",
				"pivot": [0, -0.86486, 0],
				"rotation": [0, 0, -30],
				"cubes": [
					{"origin": [5.21674, 8.03614, -2.91592], "size": [0.32733, 0.04605, 0.6957], "uv": [51, 4]}
				]
			},
			{
				"name": "skirt27",
				"parent": "skirt2",
				"pivot": [0, -0.86486, 0],
				"rotation": [0, 0, 30],
				"cubes": [
					{"origin": [-5.71093, 7.9398, -2.91592], "size": [0.32733, 0.04605, 0.6957], "uv": [51, 4], "mirror": true}
				]
			},
			{
				"name": "skirt18",
				"parent": "skirt2",
				"pivot": [10.15415, 12.06006, 0.0961],
				"rotation": [0, 0, -100]
			},
			{
				"name": "skirt14",
				"parent": "skirt18",
				"pivot": [10.15415, 12.06006, 0.0961],
				"rotation": [0, 0, -20],
				"cubes": [
					{"origin": [13.38916, 22.29252, -2.96396], "size": [0.26326, 0.15816, 0.80781], "uv": [51, 8], "mirror": true},
					{"origin": [13.42119, 22.32455, -2.96396], "size": [0.23123, 0.12613, 0.80781], "uv": [51, 8], "mirror": true}
				]
			},
			{
				"name": "skirt15",
				"parent": "skirt18",
				"pivot": [10.15415, 12.06006, 0.0961],
				"rotation": [0, 0, 20],
				"cubes": [
					{"origin": [6.15502, 22.14225, -2.96396], "size": [0.23123, 0.12613, 0.80781], "uv": [51, 8]},
					{"origin": [6.15502, 22.14225, -2.96396], "size": [0.23123, 0.12613, 0.80781], "uv": [51, 8]}
				]
			},
			{
				"name": "skirt16",
				"parent": "skirt18",
				"pivot": [10.15415, 12.06006, 0.0961],
				"rotation": [0, 0, -20],
				"cubes": [
					{"origin": [13.59832, 22.17592, -2.96396], "size": [0.23123, 0.12613, 0.80781], "uv": [51, 8]},
					{"origin": [13.56629, 22.12787, -2.96396], "size": [0.26326, 0.17417, 0.80781], "uv": [51, 8]}
				]
			},
			{
				"name": "skirt24",
				"parent": "skirt18",
				"pivot": [10.15415, 12.06006, 0.0961],
				"rotation": [0, 0, 20],
				"cubes": [
					{"origin": [6.16689, 21.95169, -2.96396], "size": [0.13513, 0.44644, 0.80781], "uv": [51, 8]}
				]
			},
			{
				"name": "skirt17",
				"parent": "skirt18",
				"pivot": [10.15415, 12.06006, 0.0961],
				"rotation": [0, 0, 20],
				"cubes": [
					{"origin": [6.05896, 22.02312, -2.96396], "size": [0.23123, 0.12613, 0.80781], "uv": [51, 8], "mirror": true},
					{"origin": [6.05896, 21.95906, -2.96396], "size": [0.23123, 0.19019, 0.80781], "uv": [51, 8], "mirror": true}
				]
			},
			{
				"name": "skirt19",
				"parent": "skirt2",
				"pivot": [0.01602, -0.86486, 0.08008]
			},
			{
				"name": "skirt20",
				"parent": "skirt19",
				"pivot": [0.01602, -0.86486, 0.08008],
				"rotation": [0, 0, 20],
				"cubes": [
					{"origin": [-3.48225, 9.39963, -2.97998], "size": [0.23123, 0.12613, 0.80781], "uv": [51, 8]},
					{"origin": [-3.48225, 9.39963, -2.97998], "size": [0.23123, 0.12613, 0.80781], "uv": [51, 8]}
				]
			},
			{
				"name": "skirt21",
				"parent": "skirt19",
				"pivot": [0.01602, -0.86486, 0.08008],
				"rotation": [0, 0, -20],
				"cubes": [
					{"origin": [3.78392, 9.21732, -2.97998], "size": [0.23123, 0.12613, 0.80781], "uv": [51, 8], "mirror": true},
					{"origin": [3.78392, 9.21732, -2.97998], "size": [0.23123, 0.12613, 0.80781], "uv": [51, 8], "mirror": true}
				]
			},
			{
				"name": "skirt22",
				"parent": "skirt19",
				"pivot": [0.01602, -0.86486, 0.08008],
				"rotation": [0, 0, 20],
				"cubes": [
					{"origin": [-3.65938, 9.25099, -2.97998], "size": [0.23123, 0.12613, 0.80781], "uv": [51, 8], "mirror": true},
					{"origin": [-3.65938, 9.25099, -2.97998], "size": [0.23123, 0.12613, 0.80781], "uv": [51, 8], "mirror": true}
				]
			},
			{
				"name": "skirt23",
				"parent": "skirt19",
				"pivot": [0.01602, -0.86486, 0.08008],
				"rotation": [0, 0, -20],
				"cubes": [
					{"origin": [3.87998, 9.0982, -2.97998], "size": [0.23123, 0.12613, 0.80781], "uv": [51, 8]},
					{"origin": [3.87998, 9.0982, -2.97998], "size": [0.23123, 0.12613, 0.80781], "uv": [51, 8]}
				]
			},
			{
				"name": "skirt10",
				"parent": "skirt2",
				"pivot": [0, -0.86486, 0],
				"rotation": [0, 0, -45],
				"cubes": [
					{"origin": [7.75229, 6.81553, -2.83584], "size": [1.28829, 0.19019, 0.6957], "uv": [58, 12]}
				]
			},
			{
				"name": "skirt12",
				"parent": "skirt2",
				"pivot": [0, -0.86486, 0],
				"rotation": [0, 0, 45],
				"cubes": [
					{"origin": [-9.16516, 6.69096, -2.94795], "size": [1.28829, 0.19019, 0.6957], "uv": [58, 12], "mirror": true}
				]
			},
			{
				"name": "skirt11",
				"parent": "skirt2",
				"pivot": [0, -0.86486, 0],
				"rotation": [0, 0, -60],
				"cubes": [
					{"origin": [9.43208, 4.21396, -2.94795], "size": [1.28829, 0.19019, 0.6957], "uv": [58, 12]}
				]
			},
			{
				"name": "skirt13",
				"parent": "skirt2",
				"pivot": [0, -0.86486, 0],
				"rotation": [0, 0, 60],
				"cubes": [
					{"origin": [-10.80845, 4.06138, -2.94795], "size": [1.28829, 0.19019, 0.6957], "uv": [58, 12], "mirror": true}
				]
			},
			{
				"name": "skirt7",
				"parent": "skirt2",
				"pivot": [0, -0.86486, 0],
				"rotation": [0, 0, -65],
				"cubes": [
					{"origin": [8.87088, 4.06368, -2.65265], "size": [1.16016, 3.32933, 0.42342], "uv": [50, 33], "mirror": true}
				]
			},
			{
				"name": "skirt4",
				"parent": "skirt2",
				"pivot": [0, -0.86486, 0],
				"rotation": [0, 0, 90],
				"cubes": [
					{"origin": [-12.58114, 2.28766, -2.65265], "size": [0.98398, 0.4965, 5.29229], "uv": [47, 32]}
				]
			},
			{
				"name": "skirt6",
				"parent": "skirt2",
				"pivot": [0, -0.86486, 0],
				"rotation": [0, 0, 90],
				"cubes": [
					{"origin": [-12.58114, -4.60624, -2.65265], "size": [1.01602, 0.4965, 5.38839], "uv": [45, 31]}
				]
			},
			{
				"name": "skirt28",
				"parent": "skirt2",
				"pivot": [0, -0.86486, 0],
				"rotation": [0, 0, 90],
				"cubes": [
					{"origin": [-11.8444, -4.43006, -2.49249], "size": [0.75976, 0.35235, 5.03604], "uv": [49, 50]}
				]
			},
			{
				"name": "skirt5",
				"parent": "skirt2",
				"pivot": [0, -0.86486, 0],
				"rotation": [0, 90, 0],
				"cubes": [
					{"origin": [-2.72673, 10.77133, -3.24488], "size": [0.26326, 0.94494, 6.86186], "uv": [46, 32]}
				]
			},
			{
				"name": "legLeft",
				"pivot": [2, 9, 0],
				"cubes": [
					{"origin": [0.1957, 0, -1.51602], "size": [3, 9, 3], "uv": [12, 52]}
				]
			},
			{
				"name": "legLeft2",
				"parent": "legLeft",
				"pivot": [2, 9, 0]
			},
			{
				"name": "legLeft3",
				"parent": "legLeft2",
				"pivot": [-2, 9, 0],
				"rotation": [0, 0, -25],
				"cubes": [
					{"origin": [-1.4004, 5.1972, -1.73674], "size": [3.67267, 0.5035, 3.27928], "uv": [46, 33]}
				]
			},
			{
				"name": "legLeft4",
				"parent": "legLeft2",
				"pivot": [-2, 9, 0],
				"cubes": [
					{"origin": [0.0467, 7.35903, -1.73674], "size": [3.43243, 0.5035, 3.27928], "uv": [46, 32]}
				]
			},
			{
				"name": "legLeft5",
				"parent": "legLeft2",
				"pivot": [-2, 9, 0],
				"rotation": [30, 0, 0],
				"cubes": [
					{"origin": [2.86551, 6.05146, 0.53091], "size": [0.61361, 1.19219, 0.23624], "uv": [52, 34]}
				]
			},
			{
				"name": "legRight",
				"pivot": [-2, 9, 0],
				"cubes": [
					{"origin": [-3.35585, 0, -1.41992], "size": [3, 9, 3], "uv": [0, 52]}
				]
			},
			{
				"name": "legRight6",
				"parent": "legRight",
				"pivot": [2, 9, 0]
			},
			{
				"name": "legRight7",
				"parent": "legRight6",
				"pivot": [2, 9, 0],
				"rotation": [0, 0, 25],
				"cubes": [
					{"origin": [-1.44845, 3.03504, -1.54254], "size": [3.54454, 0.5035, 3.27928], "uv": [46, 32]}
				]
			},
			{
				"name": "legRight8",
				"parent": "legRight6",
				"pivot": [2, 9, 0],
				"rotation": [20, 0, 25],
				"cubes": [
					{"origin": [-1.44845, 2.38602, -0.45615], "size": [0.51752, 0.88789, 0.22022], "uv": [52, 35]}
				]
			}
		]
	}
}