{
	"format_version": "1.10.0",
	"geometry.model": {
		"texturewidth": 128,
		"textureheight": 128,
		"visible_bounds_width": 6,
		"visible_bounds_height": 4,
		"visible_bounds_offset": [0, 1, 0],
		"bones": [
			{
				"name": "head",
				"pivot": [0, 18, 0],
				"cubes": [
					{"origin": [-4, 18, -4], "size": [8, 8, 8], "uv": [35, 50]}
				]
			},
			{
				"name": "blink",
				"parent": "head",
				"pivot": [0, 18, 0],
				"cubes": [
					{"origin": [-4, 17.975, -4.001], "size": [8, 8.025, 0], "uv": [90, 65]}
				]
			},
			{
				"name": "hair",
				"parent": "head",
				"pivot": [0, 18, 0],
				"cubes": [
					{"origin": [2.25, 22, -5], "size": [0.75, 1, 1], "uv": [38, 50]},
					{"origin": [-2.95, 22, -5], "size": [0.75, 1, 1], "uv": [28, 50]},
					{"origin": [2, 23, -5], "size": [1.25, 1, 1], "uv": [52, 86]},
					{"origin": [-3.25, 23, -5], "size": [1.25, 1, 1], "uv": [0, 69]},
					{"origin": [3.25, 21, -5], "size": [0.75, 3, 1], "uv": [46, 91]},
					{"origin": [-4, 21, -5], "size": [0.75, 3, 1], "uv": [20, 80]},
					{"origin": [4, 21, -5], "size": [1, 3, 1], "uv": [99, 40]},
					{"origin": [3.85, 17.1, -4.9], "size": [0.875, 0.975, 0.9], "uv": [52, 67]},
					{"origin": [-4.75, 17.1, -4.85], "size": [0.875, 0.925, 0.85], "uv": [52, 67]},
					{"origin": [4, 18, -5], "size": [1, 3, 1], "uv": [74, 98]},
					{"origin": [-5, 18, -5], "size": [1, 3, 1], "uv": [83, 80]},
					{"origin": [0.275, 21, -5], "size": [1, 1, 1], "uv": [0, 84]},
					{"origin": [-1.225, 21, -5], "size": [1, 1, 1], "uv": [70, 50]},
					{"origin": [-2, 22, -5], "size": [4, 2, 1], "uv": [46, 82]},
					{"origin": [-5, 21, -5], "size": [1, 3, 1], "uv": [58, 75]},
					{"origin": [-5, 24, -5], "size": [10, 1, 1], "uv": [0, 90]},
					{"origin": [-5, 18, -2], "size": [10, 7, 7], "uv": [0, 50]},
					{"origin": [-5, 13, 4.5], "size": [10, 5, 0.75], "uv": [83, 87]},
					{"origin": [-2.75, 12, 4.25], "size": [4.75, 1, 0.75], "uv": [22, 69]},
					{"origin": [-2, 11, 4.25], "size": [3.5, 1, 0.75], "uv": [0, 54]},
					{"origin": [2.75, 12, 4.25], "size": [2, 1, 0.75], "uv": [60, 56]},
					{"origin": [-4.75, 11.5, 4.25], "size": [1.5, 1.5, 0.75], "uv": [60, 50]},
					{"origin": [-4, 10.75, 4.25], "size": [1.5, 0.75, 0.75], "uv": [3, 56]},
					{"origin": [-3, 10.25, 4.25], "size": [1.25, 0.5, 0.75], "uv": [0, 56]},
					{"origin": [2.75, 11, 4.25], "size": [1, 1, 0.75], "uv": [22, 65]},
					{"origin": [-1, 10.25, 4.25], "size": [1.5, 0.75, 0.75], "uv": [22, 90]},
					{"origin": [-5, 17, 1.5], "size": [10, 1, 3], "uv": [83, 60]},
					{"origin": [-5, 16, 1.5], "size": [10, 1, 3], "uv": [77, 75]},
					{"origin": [4.25, 14, 3.25], "size": [0.75, 2, 1.25], "uv": [99, 45]},
					{"origin": [-5, 14, 3.25], "size": [0.75, 2, 1.25], "uv": [46, 96]},
					{"origin": [4, 19, -3], "size": [1, 1, 1], "uv": [56, 71]},
					{"origin": [-5, 19, -3], "size": [1, 1, 1], "uv": [51, 71]},
					{"origin": [-5, 20, -4], "size": [1, 5, 2], "uv": [86, 93]},
					{"origin": [4, 20, -4], "size": [1, 5, 2], "uv": [79, 93]}
				]
			},
			{
				"name": "bone74",
				"parent": "hair",
				"pivot": [-1.85, 17.5, 4.625],
				"rotation": [-40, 0, 0]
			},
			{
				"name": "bone76",
				"parent": "hair",
				"pivot": [-4.5, 17.55, 4.5],
				"rotation": [-17.5, 47.5, -30]
			},
			{
				"name": "bone75",
				"parent": "hair",
				"pivot": [4.5, 17.5, 4.5],
				"rotation": [-27.5, 47.5, 0]
			},
			{
				"name": "bone78",
				"parent": "hair",
				"pivot": [-4.875, 17.5, 0.625],
				"rotation": [0, 0, -27.5]
			},
			{
				"name": "bone77",
				"parent": "hair",
				"pivot": [4.75, 17.5, 0.375],
				"rotation": [0, 0, 37.5]
			},
			{
				"name": "bone73",
				"parent": "hair",
				"pivot": [1.875, 17.5, 4.625],
				"rotation": [-37.5, 0, 0]
			},
			{
				"name": "bone84",
				"parent": "hair",
				"pivot": [-3, 2, 6.75],
				"rotation": [0, 0, 87.5]
			},
			{
				"name": "bone85",
				"parent": "bone84",
				"pivot": [-3, 3, 6.75],
				"rotation": [0, 0, -23.17264],
				"cubes": [
					{"origin": [-13.45235, 4.65184, 1.05], "size": [1, 0.25, 0.7], "uv": [87, 65]}
				]
			},
			{
				"name": "bone86",
				"parent": "bone84",
				"pivot": [-3.91895, 2.60666, 6.75],
				"rotation": [0, 0, -43.1659],
				"cubes": [
					{"origin": [-13.23685, 7.39079, 1.05], "size": [1, 0.25, 0.7], "uv": [87, 65]}
				]
			},
			{
				"name": "bone87",
				"parent": "bone84",
				"pivot": [-4.64844, 1.92244, 6.75],
				"rotation": [0, 0, -41.2822],
				"cubes": [
					{"origin": [-14.11911, 6.43057, 1.05], "size": [1, 0.25, 0.7], "uv": [87, 65]}
				]
			},
			{
				"name": "bone88",
				"parent": "bone84",
				"pivot": [-5.3999, 1.26267, 6.75],
				"rotation": [0, 0, -13.67056],
				"cubes": [
					{"origin": [-15.99526, 1.33142, 1.05], "size": [1, 0.25, 0.7], "uv": [87, 65]}
				]
			},
			{
				"name": "bone89",
				"parent": "bone84",
				"pivot": [-6.37158, 1.02633, 6.75],
				"rotation": [0, 0, 30.71776],
				"cubes": [
					{"origin": [-14.27666, -5.63666, 1.05], "size": [1, 0.25, 0.7], "uv": [87, 65]}
				]
			},
			{
				"name": "bone90",
				"parent": "bone84",
				"pivot": [-7.23096, 1.53695, 6.75],
				"rotation": [0, 0, 44.16682],
				"cubes": [
					{"origin": [-13.39699, -6.54931, 1.05], "size": [1, 0.25, 0.7], "uv": [87, 65]}
				]
			},
			{
				"name": "bone91",
				"parent": "bone84",
				"pivot": [-7.94824, 2.23367, 6.75],
				"rotation": [0, 0, 38.24982],
				"cubes": [
					{"origin": [-14.92035, -5.27695, 1.05], "size": [1, 0.25, 0.7], "uv": [87, 65]}
				]
			},
			{
				"name": "bone105",
				"parent": "bone84",
				"pivot": [-8.7334, 2.85264, 6.75],
				"rotation": [0, 0, 2.75895],
				"cubes": [
					{"origin": [-18.9564, 0.20467, 1.05], "size": [1, 0.25, 0.7], "uv": [87, 65]}
				]
			},
			{
				"name": "bone106",
				"parent": "hair",
				"pivot": [-4.575, 2.25, 7.3],
				"rotation": [0, 0, 100]
			},
			{
				"name": "bone107",
				"parent": "bone106",
				"pivot": [-4.575, 3.25, 7.3],
				"rotation": [0, 0, -23.17264]
			},
			{
				"name": "bone108",
				"parent": "bone106",
				"pivot": [-5.49395, 2.85666, 7.3],
				"rotation": [0, 0, -75.6659],
				"cubes": [
					{"origin": [-12.43007, 10.81523, 1.25], "size": [1, 0.25, 0.5], "uv": [83, 61]}
				]
			},
			{
				"name": "bone109",
				"parent": "bone106",
				"pivot": [-6.22344, 2.17244, 7.3],
				"rotation": [0, 0, -41.2822],
				"cubes": [
					{"origin": [-16.44248, 4.85627, 1.25], "size": [1, 0.25, 0.5], "uv": [83, 61]}
				]
			},
			{
				"name": "bone110",
				"parent": "bone106",
				"pivot": [-6.9749, 1.51267, 7.3],
				"rotation": [0, 0, -13.67056],
				"cubes": [
					{"origin": [-17.38788, -0.38197, 1.25], "size": [1, 0.25, 0.5], "uv": [83, 61]}
				]
			},
			{
				"name": "bone111",
				"parent": "bone106",
				"pivot": [-7.94658, 1.27633, 7.3],
				"rotation": [0, 0, 30.71776],
				"cubes": [
					{"origin": [-14.3479, -6.66215, 1.25], "size": [1, 0.25, 0.5], "uv": [83, 61]}
				]
			},
			{
				"name": "bone112",
				"parent": "bone106",
				"pivot": [-8.80596, 1.78695, 7.3],
				"rotation": [0, 0, 44.16682],
				"cubes": [
					{"origin": [-13.21282, -7.19008, 1.25], "size": [1, 0.25, 0.5], "uv": [83, 61]}
				]
			},
			{
				"name": "bone113",
				"parent": "bone106",
				"pivot": [-9.52324, 2.48367, 7.3],
				"rotation": [0, 0, 38.24982],
				"cubes": [
					{"origin": [-14.83737, -6.09432, 1.25], "size": [1, 0.25, 0.5], "uv": [83, 61]}
				]
			},
			{
				"name": "bone114",
				"parent": "bone106",
				"pivot": [-10.3084, 3.10264, 7.3],
				"rotation": [0, 0, 2.75895],
				"cubes": [
					{"origin": [-19.80115, -1.37697, 1.25], "size": [1, 0.25, 0.5], "uv": [83, 61]}
				]
			},
			{
				"name": "bone115",
				"parent": "hair",
				"pivot": [3, 2, 6.75],
				"rotation": [0, 0, -87.5]
			},
			{
				"name": "bone116",
				"parent": "bone115",
				"pivot": [3, 3, 6.75],
				"rotation": [0, 0, 23.17264],
				"cubes": [
					{"origin": [12.45235, 4.65184, 1.05], "size": [1, 0.25, 0.7], "uv": [61, 80]}
				]
			},
			{
				"name": "bone117",
				"parent": "bone115",
				"pivot": [3.91895, 2.60666, 6.75],
				"rotation": [0, 0, 43.1659],
				"cubes": [
					{"origin": [12.23685, 7.39079, 1.05], "size": [1, 0.25, 0.7], "uv": [61, 80]}
				]
			},
			{
				"name": "bone118",
				"parent": "bone115",
				"pivot": [4.64844, 1.92244, 6.75],
				"rotation": [0, 0, 41.2822],
				"cubes": [
					{"origin": [13.11911, 6.43057, 1.05], "size": [1, 0.25, 0.7], "uv": [61, 80]}
				]
			},
			{
				"name": "bone119",
				"parent": "bone115",
				"pivot": [5.3999, 1.26267, 6.75],
				"rotation": [0, 0, 13.67056],
				"cubes": [
					{"origin": [14.99526, 1.33142, 1.05], "size": [1, 0.25, 0.7], "uv": [61, 80]}
				]
			},
			{
				"name": "bone120",
				"parent": "bone115",
				"pivot": [6.37158, 1.02633, 6.75],
				"rotation": [0, 0, -30.71776],
				"cubes": [
					{"origin": [13.27666, -5.63666, 1.05], "size": [1, 0.25, 0.7], "uv": [61, 80]}
				]
			},
			{
				"name": "bone121",
				"parent": "bone115",
				"pivot": [7.23096, 1.53695, 6.75],
				"rotation": [0, 0, -44.16682],
				"cubes": [
					{"origin": [12.39699, -6.54931, 1.05], "size": [1, 0.25, 0.7], "uv": [61, 80]}
				]
			},
			{
				"name": "bone122",
				"parent": "bone115",
				"pivot": [7.94824, 2.23367, 6.75],
				"rotation": [0, 0, -38.24982],
				"cubes": [
					{"origin": [13.92035, -5.27695, 1.05], "size": [1, 0.25, 0.7], "uv": [61, 80]}
				]
			},
			{
				"name": "bone123",
				"parent": "bone115",
				"pivot": [8.7334, 2.85264, 6.75],
				"rotation": [0, 0, -2.75895],
				"cubes": [
					{"origin": [17.9564, 0.20467, 1.05], "size": [1, 0.25, 0.7], "uv": [61, 80]}
				]
			},
			{
				"name": "bone124",
				"parent": "hair",
				"pivot": [4.575, 2.25, 7.3],
				"rotation": [0, 0, -100]
			},
			{
				"name": "bone125",
				"parent": "bone124",
				"pivot": [4.575, 3.25, 7.3],
				"rotation": [0, 0, 23.17264]
			},
			{
				"name": "bone126",
				"parent": "bone124",
				"pivot": [5.49395, 2.85666, 7.3],
				"rotation": [0, 0, 75.6659],
				"cubes": [
					{"origin": [11.43007, 10.81523, 1.25], "size": [1, 0.25, 0.5], "uv": [3, 69]}
				]
			},
			{
				"name": "bone127",
				"parent": "bone124",
				"pivot": [6.22344, 2.17244, 7.3],
				"rotation": [0, 0, 41.2822],
				"cubes": [
					{"origin": [15.44248, 4.85627, 1.25], "size": [1, 0.25, 0.5], "uv": [3, 69]}
				]
			},
			{
				"name": "bone128",
				"parent": "bone124",
				"pivot": [6.9749, 1.51267, 7.3],
				"rotation": [0, 0, 13.67056],
				"cubes": [
					{"origin": [16.38788, -0.38197, 1.25], "size": [1, 0.25, 0.5], "uv": [3, 69]}
				]
			},
			{
				"name": "bone129",
				"parent": "bone124",
				"pivot": [7.94658, 1.27633, 7.3],
				"rotation": [0, 0, -30.71776],
				"cubes": [
					{"origin": [13.3479, -6.66215, 1.25], "size": [1, 0.25, 0.5], "uv": [3, 69]}
				]
			},
			{
				"name": "bone130",
				"parent": "bone124",
				"pivot": [8.80596, 1.78695, 7.3],
				"rotation": [0, 0, -44.16682],
				"cubes": [
					{"origin": [12.21282, -7.19008, 1.25], "size": [1, 0.25, 0.5], "uv": [3, 69]}
				]
			},
			{
				"name": "bone131",
				"parent": "bone124",
				"pivot": [9.52324, 2.48367, 7.3],
				"rotation": [0, 0, -38.24982],
				"cubes": [
					{"origin": [13.83737, -6.09432, 1.25], "size": [1, 0.25, 0.5], "uv": [3, 69]}
				]
			},
			{
				"name": "bone132",
				"parent": "bone124",
				"pivot": [10.3084, 3.10264, 7.3],
				"rotation": [0, 0, -2.75895],
				"cubes": [
					{"origin": [18.80115, -1.37697, 1.25], "size": [1, 0.25, 0.5], "uv": [3, 69]}
				]
			},
			{
				"name": "headset",
				"parent": "head",
				"pivot": [0, 18, 0],
				"cubes": [
					{"origin": [-5.65, 21.825, 0.1], "size": [11.35, 1.925, 0.75], "uv": [90, 50]},
					{"origin": [-8.124, 17.125, -3], "size": [7, 7, 7], "uv": [29, 67], "inflate": -2.3}
				]
			},
			{
				"name": "bone134",
				"parent": "headset",
				"pivot": [0, 0, 0],
				"cubes": [
					{"origin": [5.75, 20.525, 0.325], "size": [0.45, 0.25, 0.35], "uv": [108, 6]}
				]
			},
			{
				"name": "bone92",
				"parent": "bone134",
				"pivot": [6, 16, -4],
				"rotation": [127.5, 120, -135]
			},
			{
				"name": "bone93",
				"parent": "bone92",
				"pivot": [22.97757, 31.43755, -1.327],
				"rotation": [0, 0, 76.34497],
				"cubes": [
					{"origin": [36.40435, 11.5156, -7.07343], "size": [1, 0.25, 0.25], "uv": [107, 6]}
				]
			},
			{
				"name": "bone81",
				"parent": "bone93",
				"pivot": [24.93696, 27.98276, -0.46328],
				"rotation": [-2.5, 180, 20],
				"cubes": [
					{"origin": [6.62579, 16.88861, 6.22786], "size": [1.075, 0.425, 0.525], "uv": [107, 9]}
				]
			},
			{
				"name": "bone94",
				"parent": "bone92",
				"pivot": [22.74149, 32.40932, -1.327],
				"rotation": [0, 0, 55.33489],
				"cubes": [
					{"origin": [28.15611, 8.62274, -7.07343], "size": [1, 0.25, 0.25], "uv": [107, 6]}
				]
			},
			{
				"name": "bone95",
				"parent": "bone92",
				"pivot": [22.17264, 33.23191, -1.327],
				"rotation": [0, 0, 43.1154],
				"cubes": [
					{"origin": [22.46024, 8.62088, -7.07343], "size": [1, 0.25, 0.25], "uv": [107, 6]}
				]
			},
			{
				"name": "bone96",
				"parent": "bone92",
				"pivot": [21.44266, 33.91538, -1.327],
				"rotation": [0, 0, 35.82613],
				"cubes": [
					{"origin": [18.62896, 9.33786, -7.07343], "size": [1, 0.25, 0.25], "uv": [107, 6]}
				]
			},
			{
				"name": "bone97",
				"parent": "bone92",
				"pivot": [20.63211, 34.50053, -1.327],
				"rotation": [0, 0, 31.05849],
				"cubes": [
					{"origin": [15.8027, 10.15793, -7.07343], "size": [1, 0.25, 0.25], "uv": [107, 6]}
				]
			},
			{
				"name": "bone98",
				"parent": "bone92",
				"pivot": [19.77567, 35.01633, -1.327],
				"rotation": [0, 0, 27.68923],
				"cubes": [
					{"origin": [13.53694, 10.94043, -7.07343], "size": [1, 0.25, 0.25], "uv": [107, 6]}
				]
			},
			{
				"name": "bone99",
				"parent": "bone92",
				"pivot": [18.88993, 35.48114, -1.327],
				"rotation": [0, 0, 25.16856],
				"cubes": [
					{"origin": [11.6084, 11.65869, -7.07343], "size": [1, 0.25, 0.25], "uv": [107, 6]}
				]
			},
			{
				"name": "bone100",
				"parent": "bone92",
				"pivot": [17.98465, 35.90652, -1.327],
				"rotation": [0, 0, 23.20192],
				"cubes": [
					{"origin": [9.89788, 12.31353, -7.07343], "size": [1, 0.25, 0.25], "uv": [107, 6]}
				]
			},
			{
				"name": "bone101",
				"parent": "bone92",
				"pivot": [17.06571, 36.30042, -1.327],
				"rotation": [0, 0, 21.61692],
				"cubes": [
					{"origin": [8.33598, 12.91238, -7.07343], "size": [1, 0.25, 0.25], "uv": [107, 6]}
				]
			},
			{
				"name": "bone102",
				"parent": "bone92",
				"pivot": [16.13602, 36.66882, -1.327],
				"rotation": [0, 0, 20.3068]
			},
			{
				"name": "bone103",
				"parent": "bone92",
				"pivot": [15.19852, 37.01574, -1.327],
				"rotation": [0, 0, 19.20181]
			},
			{
				"name": "bone104",
				"parent": "bone92",
				"pivot": [14.25418, 37.34463, -1.327],
				"rotation": [0, 0, 18.25441]
			},
			{
				"name": "bone82",
				"parent": "headset",
				"pivot": [-5.1125, 24, 0.375],
				"rotation": [0, 0, 45],
				"cubes": [
					{"origin": [-5.31579, 23.44315, 0.1], "size": [0.675, 1.5, 0.75], "uv": [100, 50]}
				]
			},
			{
				"name": "bone83",
				"parent": "headset",
				"pivot": [5.1375, 24, 0.375],
				"rotation": [0, 0, -40],
				"cubes": [
					{"origin": [4.7327, 23.44692, 0.1], "size": [0.675, 1.225, 0.75], "uv": [101, 50]}
				]
			},
			{
				"name": "v",
				"parent": "headset",
				"pivot": [-10.75, 0, 0]
			},
			{
				"name": "bone79",
				"parent": "headset",
				"pivot": [0, 0.325, 0.45],
				"cubes": [
					{"origin": [5.25, 21.825, 1.45], "size": [0.25, 0.25, 1.225], "uv": [72, 55]},
					{"origin": [5.25, 22.05, 1.8], "size": [0.25, 0.25, 1.25], "uv": [32, 69]},
					{"origin": [5.25, 21.575, 1.7], "size": [0.25, 0.25, 0.6], "uv": [34, 65]}
				]
			},
			{
				"name": "bone80",
				"parent": "headset",
				"pivot": [-5.35, 21.94167, 2.1625],
				"cubes": [
					{"origin": [-5.475, 21.825, 1.45], "size": [0.25, 0.25, 1.225], "uv": [65, 56]},
					{"origin": [-5.475, 22.05, 1.8], "size": [0.25, 0.25, 1.25], "uv": [32, 65]},
					{"origin": [-5.475, 21.575, 1.7], "size": [0.25, 0.25, 0.6], "uv": [0, 50]}
				]
			},
			{
				"name": "bone72",
				"parent": "headset",
				"pivot": [18, 0, 0],
				"cubes": [
					{"origin": [1.125, 17.125, -3], "size": [7, 7, 7], "uv": [0, 65], "inflate": -2.3}
				]
			},
			{
				"name": "bone133",
				"parent": "bone72",
				"pivot": [12.625, 20.625, -3],
				"rotation": [0, -90, 0],
				"cubes": [
					{"origin": [9.625, 13.4, -2.51], "size": [13, 13, 0], "uv": [0, 103], "inflate": -6.3},
					{"origin": [9.625, 13.375, 9.15], "size": [13, 13, 0], "uv": [0, 103], "inflate": -6.3, "mirror": true}
				]
			},
			{
				"name": "armRight",
				"pivot": [-3, 17.5, 0],
				"rotation": [0, 0, 25],
				"cubes": [
					{"origin": [-4, 9.5, -1], "size": [2, 8, 2], "uv": [59, 91]},
					{"origin": [-4.05, 9.4, -1.05], "size": [2.1, 5.9, 2.1], "uv": [9, 93]}
				]
			},
			{
				"name": "armRightPositioningBone",
				"parent": "armRight",
				"pivot": [-3, 10.5, 0]
			},
			{
				"name": "armLeft",
				"pivot": [3, 17.5, 0],
				"rotation": [0, 0, -25],
				"cubes": [
					{"origin": [1.9, 9.4, -1.1], "size": [2.125, 5.9, 2.2], "uv": [0, 93]},
					{"origin": [2, 9.5, -1], "size": [2, 8, 2], "uv": [50, 89]}
				]
			},
			{
				"name": "body",
				"pivot": [0, 10.5, 0],
				"cubes": [
					{"origin": [-3.025, 8.999, -3], "size": [6.05, 9, 6], "uv": [58, 75]},
					{"origin": [-3.75, 7.999, -4.5], "size": [7.25, 2, 7.5], "uv": [68, 50]},
					{"origin": [-3.5, 9.749, -3.75], "size": [6.75, 2.25, 7.25], "uv": [0, 80]},
					{"origin": [-3.1, 17.499, -3.025], "size": [6.2, 0.625, 6.075], "uv": [83, 80]},
					{"origin": [2, 8.149, -4.55], "size": [0.25, 0.6, 0], "uv": [108, 18]},
					{"origin": [2.5, 8.149, -4.55], "size": [0.25, 0.6, 0], "uv": [108, 18]},
					{"origin": [3, 8.149, -4.55], "size": [0.25, 0.6, 0], "uv": [108, 18]}
				]
			},
			{
				"name": "zipper",
				"parent": "body",
				"pivot": [0, 0, 0],
				"cubes": [
					{"origin": [-0.075, 8.999, -3.025], "size": [0.125, 7.7, 0.025], "uv": [112, 0]},
					{"origin": [-0.075, 8.999, -3.775], "size": [0.125, 2.975, 0.025], "uv": [113, 1]},
					{"origin": [-0.075, 11.949, -3.775], "size": [0.125, 0.075, 0.8], "uv": [113, 3]},
					{"origin": [-0.075, 7.999, -4.525], "size": [0.125, 2, 0.025], "uv": [113, 0]},
					{"origin": [-0.075, 9.999, -4.525], "size": [0.125, 0.025, 0.8], "uv": [112, 0]}
				]
			},
			{
				"name": "bob",
				"parent": "body",
				"pivot": [0.2, 14.999, -2.75],
				"rotation": [-40, 0, 0],
				"cubes": [
					{"origin": [-3, 13.999, -3.75], "size": [6, 2, 2], "uv": [90, 52]},
					{"origin": [-0.075, 13.974, -3.8], "size": [0.125, 2.025, 2.05], "uv": [111, 0]}
				]
			},
			{
				"name": "sittingRotationSkirt",
				"parent": "body",
				"pivot": [0, 10.5, 0],
				"cubes": [
					{"origin": [-3.15, 7, -2.325], "size": [6.45, 2, 4.575], "uv": [27, 82]}
				]
			},
			{
				"name": "skirt",
				"parent": "sittingRotationSkirt",
				"pivot": [0, 3.275, 0]
			},
			{
				"name": "bone18",
				"parent": "skirt",
				"pivot": [0, 3.275, 0]
			},
			{
				"name": "bone19",
				"parent": "bone18",
				"pivot": [0, 3.275, 5.62074],
				"rotation": [18, 0, 0]
			},
			{
				"name": "bone20",
				"parent": "bone19",
				"pivot": [0, 3.275, 5.62074],
				"rotation": [0, -26.56505, 0],
				"cubes": [
					{"origin": [-1.1382, 6.82394, 4.84435], "size": [2, 2.7, 1], "uv": [99, 36]}
				]
			},
			{
				"name": "bone21",
				"parent": "skirt",
				"pivot": [0, 3.275, 0],
				"rotation": [0, -22.5, 0]
			},
			{
				"name": "bone22",
				"parent": "bone21",
				"pivot": [0, 3.275, 5.62074],
				"rotation": [18, 0, 0]
			},
			{
				"name": "bone23",
				"parent": "bone22",
				"pivot": [0, 3.275, 5.62074],
				"rotation": [0, -26.56505, 0],
				"cubes": [
					{"origin": [-1.1382, 6.82394, 4.84435], "size": [2, 2.7, 1], "uv": [99, 32]}
				]
			},
			{
				"name": "bone24",
				"parent": "skirt",
				"pivot": [0, 3.275, 0],
				"rotation": [0, -45, 0]
			},
			{
				"name": "bone25",
				"parent": "bone24",
				"pivot": [0, 3.275, 5.62074],
				"rotation": [18, 0, 0]
			},
			{
				"name": "bone26",
				"parent": "bone25",
				"pivot": [0, 3.275, 5.62074],
				"rotation": [0, -26.56505, 0],
				"cubes": [
					{"origin": [-1.1382, 6.82394, 4.84435], "size": [2, 2.7, 1], "uv": [99, 28]}
				]
			},
			{
				"name": "bone27",
				"parent": "skirt",
				"pivot": [0, 3.275, 0],
				"rotation": [0, -67.5, 0]
			},
			{
				"name": "bone28",
				"parent": "bone27",
				"pivot": [0, 3.275, 5.62074],
				"rotation": [18, 0, 0]
			},
			{
				"name": "bone29",
				"parent": "bone28",
				"pivot": [0, 3.275, 5.62074],
				"rotation": [0, -26.56505, 0],
				"cubes": [
					{"origin": [-1.1382, 6.82394, 4.84435], "size": [2, 2.7, 1], "uv": [99, 24]}
				]
			},
			{
				"name": "bone30",
				"parent": "skirt",
				"pivot": [0, 3.275, 0],
				"rotation": [0, -90, 0]
			},
			{
				"name": "bone31",
				"parent": "bone30",
				"pivot": [0, 3.275, 5.62074],
				"rotation": [18, 0, 0]
			},
			{
				"name": "bone32",
				"parent": "bone31",
				"pivot": [0, 3.275, 5.62074],
				"rotation": [0, -26.56505, 0],
				"cubes": [
					{"origin": [-1.1382, 6.82394, 4.84435], "size": [2, 2.7, 1], "uv": [99, 20]}
				]
			},
			{
				"name": "bone33",
				"parent": "skirt",
				"pivot": [0, 3.275, 0],
				"rotation": [0, -112.5, 0]
			},
			{
				"name": "bone34",
				"parent": "bone33",
				"pivot": [0, 3.275, 5.62074],
				"rotation": [18, 0, 0]
			},
			{
				"name": "bone35",
				"parent": "bone34",
				"pivot": [0, 3.275, 5.62074],
				"rotation": [0, -26.56505, 0],
				"cubes": [
					{"origin": [-1.1382, 6.82394, 4.84435], "size": [2, 2.7, 1], "uv": [99, 16]}
				]
			},
			{
				"name": "bone36",
				"parent": "skirt",
				"pivot": [0, 3.275, 0],
				"rotation": [0, -135, 0]
			},
			{
				"name": "bone37",
				"parent": "bone36",
				"pivot": [0, 3.275, 5.62074],
				"rotation": [18, 0, 0]
			},
			{
				"name": "bone38",
				"parent": "bone37",
				"pivot": [0, 3.275, 5.62074],
				"rotation": [0, -26.56505, 0],
				"cubes": [
					{"origin": [-1.1382, 6.82394, 4.84435], "size": [2, 2.7, 1], "uv": [99, 12]}
				]
			},
			{
				"name": "bone39",
				"parent": "skirt",
				"pivot": [0, 3.275, 0],
				"rotation": [0, -157.5, 0]
			},
			{
				"name": "bone40",
				"parent": "bone39",
				"pivot": [0, 3.275, 5.62074],
				"rotation": [18, 0, 0]
			},
			{
				"name": "bone41",
				"parent": "bone40",
				"pivot": [0, 3.275, 5.62074],
				"rotation": [0, -26.56505, 0],
				"cubes": [
					{"origin": [-1.1382, 6.82394, 4.84435], "size": [2, 2.7, 1], "uv": [99, 8]}
				]
			},
			{
				"name": "bone42",
				"parent": "skirt",
				"pivot": [0, 3.275, 0],
				"rotation": [0, -180, 0]
			},
			{
				"name": "bone43",
				"parent": "bone42",
				"pivot": [0, 3.275, 5.62074],
				"rotation": [18, 0, 0]
			},
			{
				"name": "bone44",
				"parent": "bone43",
				"pivot": [0, 3.275, 5.62074],
				"rotation": [0, -26.56505, 0],
				"cubes": [
					{"origin": [-1.1382, 6.82394, 4.84435], "size": [2, 2.7, 1], "uv": [99, 4]}
				]
			},
			{
				"name": "bone45",
				"parent": "skirt",
				"pivot": [0, 3.275, 0],
				"rotation": [0, -202.5, 0]
			},
			{
				"name": "bone46",
				"parent": "bone45",
				"pivot": [0, 3.275, 5.62074],
				"rotation": [18, 0, 0]
			},
			{
				"name": "bone47",
				"parent": "bone46",
				"pivot": [0, 3.275, 5.62074],
				"rotation": [0, -26.56505, 0],
				"cubes": [
					{"origin": [-1.1382, 6.82394, 4.84435], "size": [2, 2.7, 1], "uv": [99, 0]}
				]
			},
			{
				"name": "bone48",
				"parent": "skirt",
				"pivot": [0, 3.275, 0],
				"rotation": [0, -225, 0]
			},
			{
				"name": "bone49",
				"parent": "bone48",
				"pivot": [0, 3.275, 5.62074],
				"rotation": [18, 0, 0]
			},
			{
				"name": "bone50",
				"parent": "bone49",
				"pivot": [0, 3.275, 5.62074],
				"rotation": [0, -26.56505, 0],
				"cubes": [
					{"origin": [-1.1382, 6.82394, 4.84435], "size": [2, 2.7, 1], "uv": [93, 97]},
					{"origin": [0.3618, 7.32394, 5.85], "size": [0.5, 0.5, 0], "uv": [108, 14]},
					{"origin": [-0.1382, 6.82394, 5.85], "size": [0.5, 0.5, 0], "uv": [108, 14]},
					{"origin": [-0.1382, 7.82394, 5.85], "size": [0.5, 0.5, 0], "uv": [108, 14]},
					{"origin": [-0.6382, 7.32394, 5.85], "size": [0.5, 0.5, 0], "uv": [108, 14]}
				]
			},
			{
				"name": "bone51",
				"parent": "skirt",
				"pivot": [0, 3.275, 0],
				"rotation": [0, -247.5, 0]
			},
			{
				"name": "bone52",
				"parent": "bone51",
				"pivot": [0, 3.275, 5.62074],
				"rotation": [18, 0, 0]
			},
			{
				"name": "bone53",
				"parent": "bone52",
				"pivot": [0, 3.275, 5.62074],
				"rotation": [0, -26.56505, 0],
				"cubes": [
					{"origin": [-1.1382, 6.82394, 4.84435], "size": [2, 2.7, 1], "uv": [68, 95]}
				]
			},
			{
				"name": "bone54",
				"parent": "skirt",
				"pivot": [0, 3.275, 0],
				"rotation": [0, -270, 0]
			},
			{
				"name": "bone55",
				"parent": "bone54",
				"pivot": [0, 3.275, 5.62074],
				"rotation": [18, 0, 0]
			},
			{
				"name": "bone56",
				"parent": "bone55",
				"pivot": [0, 3.275, 5.62074],
				"rotation": [0, -26.56505, 0],
				"cubes": [
					{"origin": [-1.1382, 6.82394, 4.84435], "size": [2, 2.7, 1], "uv": [93, 93]}
				]
			},
			{
				"name": "bone57",
				"parent": "skirt",
				"pivot": [0, 3.275, 0],
				"rotation": [0, -292.5, 0]
			},
			{
				"name": "bone58",
				"parent": "bone57",
				"pivot": [0, 3.275, 5.62074],
				"rotation": [18, 0, 0]
			},
			{
				"name": "bone59",
				"parent": "bone58",
				"pivot": [0, 3.275, 5.62074],
				"rotation": [0, -26.56505, 0],
				"cubes": [
					{"origin": [-1.1382, 6.82394, 4.84435], "size": [2, 2.7, 1], "uv": [0, 80]}
				]
			},
			{
				"name": "bone60",
				"parent": "skirt",
				"pivot": [0, 3.275, 0],
				"rotation": [0, -315, 0]
			},
			{
				"name": "bone61",
				"parent": "bone60",
				"pivot": [0, 3.275, 5.62074],
				"rotation": [18, 0, 0]
			},
			{
				"name": "bone62",
				"parent": "bone61",
				"pivot": [0, 3.275, 5.62074],
				"rotation": [0, -26.56505, 0],
				"cubes": [
					{"origin": [-1.1382, 6.82394, 4.84435], "size": [2, 2.7, 1], "uv": [0, 65]}
				]
			},
			{
				"name": "bone63",
				"parent": "skirt",
				"pivot": [0, 3.275, 0],
				"rotation": [0, -337.5, 0]
			},
			{
				"name": "bone64",
				"parent": "bone63",
				"pivot": [0, 3.275, 5.62074],
				"rotation": [18, 0, 0]
			},
			{
				"name": "bone65",
				"parent": "bone64",
				"pivot": [0, 3.275, 5.62074],
				"rotation": [0, -26.56505, 0],
				"cubes": [
					{"origin": [-1.1382, 6.82394, 4.84435], "size": [2, 2.7, 1], "uv": [0, 50]}
				]
			},
			{
				"name": "bigflower",
				"parent": "body",
				"pivot": [-2.5, 10.5, -4.3],
				"rotation": [-10, 0, 0],
				"cubes": [
					{"origin": [-6, 7, -7.6], "size": [7, 7, 7], "uv": [61, 60], "inflate": -3},
					{"origin": [-3, 9, -4.525], "size": [1, 3, 0.85], "uv": [68, 99]},
					{"origin": [-4, 10, -4.525], "size": [3, 1, 0.75], "uv": [35, 56]},
					{"origin": [-2.95, 7.95, -4.575], "size": [0, 0, 0], "uv": [0, 65]}
				]
			},
			{
				"name": "bone",
				"parent": "bigflower",
				"pivot": [-3.25, 9.975, -4.15],
				"rotation": [0, 0, -20],
				"cubes": [
					{"origin": [-3.25, 9.95, -4.625], "size": [0.5, 0.025, 0.05], "uv": [115, 4]}
				]
			},
			{
				"name": "bone71",
				"parent": "bigflower",
				"pivot": [-3.25, 9.5, -4.6],
				"rotation": [0, 0, -87.5],
				"cubes": [
					{"origin": [-27.75, -15, -28.56], "size": [49, 49, 0], "uv": [0, 0], "inflate": -24}
				]
			},
			{
				"name": "bone70",
				"parent": "bigflower",
				"pivot": [-1.8375, 10.86967, -4.45824],
				"rotation": [-12.5, 0, 0],
				"cubes": [
					{"origin": [-2, 10.79884, -4.58324], "size": [0.325, 0.125, 0.025], "uv": [6, 56]},
					{"origin": [-1.95, 10.92384, -4.58324], "size": [0.35, 0.15, 0.025], "uv": [40, 50]},
					{"origin": [-2, 10.69884, -4.58324], "size": [0.25, 0.1, 0.025], "uv": [38, 50]}
				]
			},
			{
				"name": "hood",
				"parent": "body",
				"pivot": [6.25, 19.4, -3.5],
				"rotation": [-35, 0, 0]
			},
			{
				"name": "bone2",
				"parent": "hood",
				"pivot": [6.25, 21.4, -3.5],
				"rotation": [0, 0, -13.40951]
			},
			{
				"name": "bone3",
				"parent": "hood",
				"pivot": [5.27734, 21.16811, -3.5],
				"rotation": [0, 0, -32.50876]
			},
			{
				"name": "bone4",
				"parent": "hood",
				"pivot": [4.43408, 20.63071, -3.5],
				"rotation": [0, 0, -41.47154]
			},
			{
				"name": "bone5",
				"parent": "hood",
				"pivot": [3.68506, 19.96869, -3.5],
				"rotation": [0, 0, -44.67347]
			},
			{
				"name": "bone6",
				"parent": "hood",
				"pivot": [2.97412, 19.26581, -3.5],
				"rotation": [0, 0, -43.96202]
			},
			{
				"name": "bone7",
				"parent": "hood",
				"pivot": [2.25439, 18.5717, -3.5],
				"rotation": [0, 0, -38.93518],
				"cubes": [
					{"origin": [1.25439, 18.5717, -3], "size": [1, 0.225, 1.5], "uv": [30, 91]}
				]
			},
			{
				"name": "bone8",
				"parent": "hood",
				"pivot": [1.47656, 17.94328, -3.5],
				"rotation": [0, 0, -26.68454],
				"cubes": [
					{"origin": [0.47656, 17.94328, -3], "size": [1, 0.225, 1.5], "uv": [46, 86]}
				]
			},
			{
				"name": "bone9",
				"parent": "hood",
				"pivot": [0.58301, 17.49417, -3.5],
				"rotation": [0, 0, -3.31634],
				"cubes": [
					{"origin": [-0.41699, 17.49417, -3], "size": [1, 0.225, 1.5], "uv": [27, 86]},
					{"origin": [-0.41699, 17.49, -3], "size": [0.75, 0, 0.52], "uv": [108, 2]},
					{"origin": [-0.06699, 17.44417, -3], "size": [0.125, 0.075, 1.5], "uv": [111, 0]}
				]
			},
			{
				"name": "zip",
				"parent": "bone9",
				"pivot": [0.08301, 17.60667, -2.25],
				"rotation": [-60, 5, 0],
				"cubes": [
					{"origin": [-0.07472, 16.86564, -2.54793], "size": [0.3, 0.05, 0.55], "uv": [113, 5]}
				]
			},
			{
				"name": "bone10",
				"parent": "hood",
				"pivot": [-0.41504, 17.43634, -3.5],
				"rotation": [0, 0, 22.12117],
				"cubes": [
					{"origin": [-1.41504, 17.43634, -3], "size": [1, 0.225, 1.5], "uv": [83, 65]},
					{"origin": [-0.71504, 17.43, -2.475], "size": [0.3, 0, 1.1], "uv": [107, 1]}
				]
			},
			{
				"name": "bone11",
				"parent": "hood",
				"pivot": [-1.3418, 17.81306, -3.5],
				"rotation": [0, 0, 36.83842],
				"cubes": [
					{"origin": [-2.3418, 17.81306, -3], "size": [1, 0.225, 1.5], "uv": [23, 80]}
				]
			},
			{
				"name": "bone12",
				"parent": "hood",
				"pivot": [-2.14209, 18.41259, -3.5],
				"rotation": [0, 0, 43.21192]
			},
			{
				"name": "bone13",
				"parent": "hood",
				"pivot": [-2.87061, 19.097, -3.5],
				"rotation": [0, 0, 44.84077]
			},
			{
				"name": "bone14",
				"parent": "hood",
				"pivot": [-3.57959, 19.80205, -3.5],
				"rotation": [0, 0, 42.64884]
			},
			{
				"name": "bone15",
				"parent": "hood",
				"pivot": [-4.31494, 20.4794, -3.5],
				"rotation": [0, 0, 35.38312]
			},
			{
				"name": "bone16",
				"parent": "hood",
				"pivot": [-5.13037, 21.05854, -3.5],
				"rotation": [0, 0, 19.08133]
			},
			{
				"name": "bone17",
				"parent": "hood",
				"pivot": [-6.07568, 21.38553, -3.5],
				"rotation": [0, 0, -7.1845]
			},
			{
				"name": "legLeft",
				"pivot": [2, 9, 0],
				"cubes": [
					{"origin": [0.124, 0, -1.5], "size": [3, 8.9, 3], "uv": [33, 91]},
					{"origin": [0.074, -0.05, -1.6], "size": [3.125, 2.1, 3.175], "uv": [60, 50]},
					{"origin": [0.049, 2.05, -1.6], "size": [3.2, 0.85, 3.2], "uv": [68, 91]},
					{"origin": [0.049, 6.2, -1.6], "size": [3.125, 0.35, 3.175], "uv": [22, 65]}
				]
			},
			{
				"name": "flower2",
				"parent": "legLeft",
				"pivot": [3.275, 0, 0],
				"cubes": [
					{"origin": [1.575, 2.05, -1.675], "size": [0.2, 0.2, 0.075], "uv": [28, 50]}
				]
			},
			{
				"name": "bone68",
				"parent": "flower2",
				"pivot": [1.2, 2.15, -1.625],
				"rotation": [0, 0, 32.5],
				"cubes": [
					{"origin": [0.82, 2.26715, -1.65], "size": [1.75, 0.2, 0.05], "uv": [78, 91]}
				]
			},
			{
				"name": "bone69",
				"parent": "flower2",
				"pivot": [2.35, 2.15, -1.625],
				"rotation": [0, 0, -32.5],
				"cubes": [
					{"origin": [0.81132, 2.37461, -1.65], "size": [1.75, 0.2, 0.05], "uv": [66, 91]}
				]
			},
			{
				"name": "legRight",
				"pivot": [-2, 9, 0],
				"cubes": [
					{"origin": [-3.149, 0, -1.5], "size": [3, 8.9, 3], "uv": [20, 91]},
					{"origin": [-3.226, -0.05, -1.6], "size": [3.125, 2.1, 3.175], "uv": [28, 50]},
					{"origin": [-3.276, 2.05, -1.6], "size": [3.2, 0.85, 3.2], "uv": [20, 82]}
				]
			},
			{
				"name": "flower",
				"parent": "legRight",
				"pivot": [0, 0, 0],
				"cubes": [
					{"origin": [-1.7, 2.05, -1.675], "size": [0.2, 0.2, 0.075], "uv": [6, 50]}
				]
			},
			{
				"name": "bone66",
				"parent": "flower",
				"pivot": [-2.075, 2.15, -1.625],
				"rotation": [0, 0, 32.5],
				"cubes": [
					{"origin": [-2.455, 2.26715, -1.65], "size": [1.75, 0.2, 0.05], "uv": [43, 91]}
				]
			},
			{
				"name": "bone67",
				"parent": "flower",
				"pivot": [-0.925, 2.15, -1.625],
				"rotation": [0, 0, -32.5],
				"cubes": [
					{"origin": [-2.46368, 2.37461, -1.65], "size": [1.75, 0.2, 0.05], "uv": [90, 74]}
				]
			},
			{
				"name": "tail",
				"pivot": [0, 9.125, 4.25],
				"rotation": [20, 0, -180],
				"cubes": [
					{"origin": [-1, 8.5, 2.75], "size": [2, 1.25, 2.725], "uv": [51, 67]}
				]
			},
			{
				"name": "backpackPositioningBone",
				"pivot": [0, 15, 0]
			}
		]
	}
}