{
	"format_version": "1.10.0",
	"geometry.model": {
		"texturewidth": 128,
		"textureheight": 128,
		"visible_bounds_width": 3,
		"visible_bounds_height": 4,
		"visible_bounds_offset": [0, 1, 0],
		"bones": [
			{
				"name": "head",
				"pivot": [0, 18, 0],
				"cubes": [
					{"origin": [-4, 18, -4], "size": [8, 8, 8], "uv": [0, 0]}
				]
			},
			{
				"name": "hair",
				"parent": "head",
				"pivot": [0, 0, 0],
				"cubes": [
					{"origin": [-4.1, 17.05, -4.3], "size": [8.2, 9, 8.3], "uv": [32, 0], "mirror": true}
				]
			},
			{
				"name": "blink",
				"parent": "head",
				"pivot": [0, 18, 0.025],
				"cubes": [
					{"origin": [-4, 18, -4.001], "size": [8, 8, 0], "uv": [111, 1]}
				]
			},
			{
				"name": "armRight",
				"pivot": [-3, 17.5, 0],
				"rotation": [0, 0, 25],
				"cubes": [
					{"origin": [-5, 8.5, -1], "size": [2, 8, 2], "uv": [8, 42]},
					{"origin": [-5.5, 10.45, -1.5], "size": [3, 7.05, 3], "uv": [0, 28]},
					{"origin": [-5.325, 9.45, -1.25], "size": [2.625, 1.05, 2.5], "uv": [0, 38]},
					{"origin": [-5.51273, 13.2161, -3.025], "size": [3, 2.375, 6.15], "uv": [0, 53]}
				]
			},
			{
				"name": "bone56",
				"parent": "armRight",
				"pivot": [0, 0, 0]
			},
			{
				"name": "bone57",
				"parent": "armRight",
				"pivot": [3.02027, 15.57711, 0.05],
				"rotation": [0, 0, 130]
			},
			{
				"name": "armLeft",
				"pivot": [3, 17.5, 0],
				"rotation": [0, 0, -25],
				"cubes": [
					{"origin": [2.5, 10.475, -1.5], "size": [3, 7.025, 3], "uv": [12, 28]},
					{"origin": [2.7, 9.475, -1.275], "size": [2.475, 1.025, 2.6], "uv": [0, 38]},
					{"origin": [3, 8.5, -1], "size": [2, 8, 2], "uv": [0, 42]},
					{"origin": [2.55364, 13.20016, -3.025], "size": [3, 2.375, 6.15], "uv": [0, 53]}
				]
			},
			{
				"name": "bone55",
				"parent": "armLeft",
				"pivot": [4, 13.4875, 0]
			},
			{
				"name": "body",
				"pivot": [0, 10.5, 0],
				"cubes": [
					{"origin": [-3, 11.999, -3], "size": [6, 6, 6], "uv": [0, 16]},
					{"origin": [-4.25, 10, -3.725], "size": [8.225, 1.625, 7.475], "uv": [24, 22]},
					{"origin": [-3.725, 11.15, -3.05], "size": [7.15, 2.3, 6.2], "uv": [24, 30]},
					{"origin": [-2.425, 13.4, 2.95], "size": [4.925, 1.725, 1.5], "uv": [55, 23]},
					{"origin": [-2.275, 12.825, 2.95], "size": [4.625, 0.575, 1.275], "uv": [55, 26]},
					{"origin": [-3.3, 7.999, -2], "size": [6.9, 2, 4], "uv": [28, 39]}
				]
			},
			{
				"name": "jackethat",
				"parent": "body",
				"pivot": [0.1625, 15.25, 4.225],
				"rotation": [55.25, 0, 0]
			},
			{
				"name": "zip",
				"parent": "body",
				"pivot": [-0.2, 13.3875, -2.625],
				"rotation": [-20, 0, 0],
				"cubes": [
					{"origin": [-0.65, 12.49854, -3.30862], "size": [1, 1.325, 1], "uv": [12, 78]}
				]
			},
			{
				"name": "ribbon",
				"parent": "body",
				"pivot": [0, 15.95, 8.85],
				"cubes": [
					{"origin": [-0.375, 16.6, -3.575], "size": [1, 1.125, 1.325], "uv": [0, 80]}
				]
			},
			{
				"name": "bone53",
				"parent": "ribbon",
				"pivot": [0.375, 15.025, -3.125],
				"rotation": [0, 0, 5],
				"cubes": [
					{"origin": [-1.73077, 14.55707, -3.125], "size": [1.2, 2.25, 1], "uv": [6, 77]}
				]
			},
			{
				"name": "bone54",
				"parent": "bone53",
				"pivot": [0.5375, 15.65, -2.625],
				"rotation": [0, 0, -10],
				"cubes": [
					{"origin": [0.44072, 14.68502, -3.125], "size": [1.125, 2.25, 1], "uv": [6, 77]}
				]
			},
			{
				"name": "bone",
				"parent": "ribbon",
				"pivot": [-0.95, 16.35, -3.275],
				"rotation": [0, 0, -18.75],
				"cubes": [
					{"origin": [-2.5875, 16.16316, -3.4], "size": [1.825, 1.9, 1.45], "uv": [0, 77]}
				]
			},
			{
				"name": "bone50",
				"parent": "bone",
				"pivot": [-0.95, 16.35, -3.275],
				"rotation": [0, 0, -30],
				"cubes": [
					{"origin": [-1.0625, 16.20514, -3.275], "size": [1.225, 1, 1], "uv": [0, 83]}
				]
			},
			{
				"name": "cube",
				"parent": "bone50",
				"pivot": [-0.13441, 17.53505, -2.775],
				"rotation": [0, 0, 70],
				"cubes": [
					{"origin": [-0.26592, 16.81024, -3.275], "size": [1.225, 1, 1], "uv": [0, 83]}
				]
			},
			{
				"name": "bone51",
				"parent": "ribbon",
				"pivot": [0.95, 16.35, -3.275],
				"rotation": [0, 0, 18.75],
				"cubes": [
					{"origin": [0.7625, 16.13816, -3.35], "size": [1.875, 1.95, 1.4], "uv": [0, 77], "mirror": true}
				]
			},
			{
				"name": "bone52",
				"parent": "bone51",
				"pivot": [0.95, 16.35, -3.275],
				"rotation": [0, 0, 30],
				"cubes": [
					{"origin": [-0.1625, 16.20514, -3.275], "size": [1.225, 1, 1], "uv": [0, 83], "mirror": true}
				]
			},
			{
				"name": "cube2",
				"parent": "bone52",
				"pivot": [0.13441, 17.53505, -2.775],
				"rotation": [0, 0, -71.25],
				"cubes": [
					{"origin": [-0.95908, 16.81024, -3.275], "size": [1.225, 1, 1], "uv": [0, 83], "mirror": true}
				]
			},
			{
				"name": "clothes",
				"parent": "body",
				"pivot": [3.02027, 13.82711, 0.05],
				"rotation": [0, 0, -25],
				"cubes": [
					{"origin": [-1.01723, 12.86461, -3.025], "size": [5.125, 2.375, 6.05], "uv": [19, 63]}
				]
			},
			{
				"name": "bone58",
				"parent": "clothes",
				"pivot": [-1.10343, 14.753, 0.05],
				"rotation": [0, 0, -130],
				"cubes": [
					{"origin": [-3.09093, 13.2905, -3.025], "size": [5.125, 2.375, 6.05], "uv": [19, 55]}
				]
			},
			{
				"name": "sittingRotationSkirt",
				"parent": "body",
				"pivot": [0, 12, 0]
			},
			{
				"name": "skirt",
				"parent": "sittingRotationSkirt",
				"pivot": [0, 3.275, 0]
			},
			{
				"name": "bone2",
				"parent": "skirt",
				"pivot": [0, 3.275, 0]
			},
			{
				"name": "bone3",
				"parent": "bone2",
				"pivot": [0, 3.275, 5.62074],
				"rotation": [18, 0, 0]
			},
			{
				"name": "bone4",
				"parent": "bone3",
				"pivot": [0, 3.275, 5.62074],
				"rotation": [0, -26.56505, 0],
				"cubes": [
					{"origin": [-1, 6.775, 5.12074], "size": [2, 3.7, 1], "uv": [0, 73]}
				]
			},
			{
				"name": "bone5",
				"parent": "skirt",
				"pivot": [0, 3.275, 0],
				"rotation": [0, -22.5, 0]
			},
			{
				"name": "bone6",
				"parent": "bone5",
				"pivot": [0, 3.275, 5.62074],
				"rotation": [18, 0, 0]
			},
			{
				"name": "bone7",
				"parent": "bone6",
				"pivot": [0, 3.275, 5.62074],
				"rotation": [0, -26.56505, 0],
				"cubes": [
					{"origin": [-1, 6.775, 5.12074], "size": [2, 3.7, 1], "uv": [0, 73]}
				]
			},
			{
				"name": "bone8",
				"parent": "skirt",
				"pivot": [0, 3.275, 0],
				"rotation": [0, -45, 0]
			},
			{
				"name": "bone9",
				"parent": "bone8",
				"pivot": [0, 3.275, 5.62074],
				"rotation": [18, 0, 0]
			},
			{
				"name": "bone10",
				"parent": "bone9",
				"pivot": [0, 3.275, 5.62074],
				"rotation": [0, -26.56505, 0],
				"cubes": [
					{"origin": [-1, 6.775, 5.12074], "size": [2, 3.7, 1], "uv": [0, 73]}
				]
			},
			{
				"name": "bone11",
				"parent": "skirt",
				"pivot": [0, 3.275, 0],
				"rotation": [0, -67.5, 0]
			},
			{
				"name": "bone12",
				"parent": "bone11",
				"pivot": [0, 3.275, 5.62074],
				"rotation": [18, 0, 0]
			},
			{
				"name": "bone13",
				"parent": "bone12",
				"pivot": [0, 3.275, 5.62074],
				"rotation": [0, -26.56505, 0],
				"cubes": [
					{"origin": [-1, 6.775, 5.12074], "size": [2, 3.7, 1], "uv": [0, 73]}
				]
			},
			{
				"name": "bone14",
				"parent": "skirt",
				"pivot": [0, 3.275, 0],
				"rotation": [0, -90, 0]
			},
			{
				"name": "bone15",
				"parent": "bone14",
				"pivot": [0, 3.275, 5.62074],
				"rotation": [18, 0, 0]
			},
			{
				"name": "bone16",
				"parent": "bone15",
				"pivot": [0, 3.275, 5.62074],
				"rotation": [0, -26.56505, 0],
				"cubes": [
					{"origin": [-1, 6.775, 5.12074], "size": [2, 3.7, 1], "uv": [0, 73]}
				]
			},
			{
				"name": "bone17",
				"parent": "skirt",
				"pivot": [0, 3.275, 0],
				"rotation": [0, -112.5, 0]
			},
			{
				"name": "bone18",
				"parent": "bone17",
				"pivot": [0, 3.275, 5.62074],
				"rotation": [18, 0, 0]
			},
			{
				"name": "bone19",
				"parent": "bone18",
				"pivot": [0, 3.275, 5.62074],
				"rotation": [0, -26.56505, 0],
				"cubes": [
					{"origin": [-1, 6.775, 5.12074], "size": [2, 3.7, 1], "uv": [0, 73]}
				]
			},
			{
				"name": "bone20",
				"parent": "skirt",
				"pivot": [0, 3.275, 0],
				"rotation": [0, -135, 0]
			},
			{
				"name": "bone21",
				"parent": "bone20",
				"pivot": [0, 3.275, 5.62074],
				"rotation": [18, 0, 0]
			},
			{
				"name": "bone22",
				"parent": "bone21",
				"pivot": [0, 3.275, 5.62074],
				"rotation": [0, -26.56505, 0],
				"cubes": [
					{"origin": [-1, 6.775, 5.12074], "size": [2, 3.7, 1], "uv": [0, 73]}
				]
			},
			{
				"name": "bone23",
				"parent": "skirt",
				"pivot": [0, 3.275, 0],
				"rotation": [0, -157.5, 0]
			},
			{
				"name": "bone24",
				"parent": "bone23",
				"pivot": [0, 3.275, 5.62074],
				"rotation": [18, 0, 0]
			},
			{
				"name": "bone25",
				"parent": "bone24",
				"pivot": [0, 3.275, 5.62074],
				"rotation": [0, -26.56505, 0],
				"cubes": [
					{"origin": [-1, 6.775, 5.12074], "size": [2, 3.7, 1], "uv": [0, 73]}
				]
			},
			{
				"name": "bone26",
				"parent": "skirt",
				"pivot": [0, 3.275, 0],
				"rotation": [0, -180, 0]
			},
			{
				"name": "bone27",
				"parent": "bone26",
				"pivot": [0, 3.275, 5.62074],
				"rotation": [18, 0, 0]
			},
			{
				"name": "bone28",
				"parent": "bone27",
				"pivot": [0, 3.275, 5.62074],
				"rotation": [0, -26.56505, 0],
				"cubes": [
					{"origin": [-1, 6.775, 5.12074], "size": [2, 3.7, 1], "uv": [0, 73]}
				]
			},
			{
				"name": "bone29",
				"parent": "skirt",
				"pivot": [0, 3.275, 0],
				"rotation": [0, -202.5, 0]
			},
			{
				"name": "bone30",
				"parent": "bone29",
				"pivot": [0, 3.275, 5.62074],
				"rotation": [18, 0, 0]
			},
			{
				"name": "bone31",
				"parent": "bone30",
				"pivot": [0, 3.275, 5.62074],
				"rotation": [0, -26.56505, 0],
				"cubes": [
					{"origin": [-1, 6.775, 5.12074], "size": [2, 3.7, 1], "uv": [0, 73]}
				]
			},
			{
				"name": "bone32",
				"parent": "skirt",
				"pivot": [0, 3.275, 0],
				"rotation": [0, -225, 0]
			},
			{
				"name": "bone33",
				"parent": "bone32",
				"pivot": [0, 3.275, 5.62074],
				"rotation": [18, 0, 0]
			},
			{
				"name": "bone34",
				"parent": "bone33",
				"pivot": [0, 3.275, 5.62074],
				"rotation": [0, -26.56505, 0],
				"cubes": [
					{"origin": [-1, 6.775, 5.12074], "size": [2, 3.7, 1], "uv": [0, 73]}
				]
			},
			{
				"name": "bone35",
				"parent": "skirt",
				"pivot": [0, 3.275, 0],
				"rotation": [0, -247.5, 0]
			},
			{
				"name": "bone36",
				"parent": "bone35",
				"pivot": [0, 3.275, 5.62074],
				"rotation": [18, 0, 0]
			},
			{
				"name": "bone37",
				"parent": "bone36",
				"pivot": [0, 3.275, 5.62074],
				"rotation": [0, -26.56505, 0],
				"cubes": [
					{"origin": [-1, 6.775, 5.12074], "size": [2, 3.7, 1], "uv": [0, 73]}
				]
			},
			{
				"name": "bone38",
				"parent": "skirt",
				"pivot": [0, 3.275, 0],
				"rotation": [0, -270, 0]
			},
			{
				"name": "bone39",
				"parent": "bone38",
				"pivot": [0, 3.275, 5.62074],
				"rotation": [18, 0, 0]
			},
			{
				"name": "bone40",
				"parent": "bone39",
				"pivot": [0, 3.275, 5.62074],
				"rotation": [0, -26.56505, 0],
				"cubes": [
					{"origin": [-1, 6.775, 5.12074], "size": [2, 3.7, 1], "uv": [0, 73]}
				]
			},
			{
				"name": "bone41",
				"parent": "skirt",
				"pivot": [0, 3.275, 0],
				"rotation": [0, -292.5, 0]
			},
			{
				"name": "bone42",
				"parent": "bone41",
				"pivot": [0, 3.275, 5.62074],
				"rotation": [18, 0, 0]
			},
			{
				"name": "bone43",
				"parent": "bone42",
				"pivot": [0, 3.275, 5.62074],
				"rotation": [0, -26.56505, 0],
				"cubes": [
					{"origin": [-1, 6.775, 5.12074], "size": [2, 3.7, 1], "uv": [0, 73]}
				]
			},
			{
				"name": "bone44",
				"parent": "skirt",
				"pivot": [0, 3.275, 0],
				"rotation": [0, -315, 0]
			},
			{
				"name": "bone45",
				"parent": "bone44",
				"pivot": [0, 3.275, 5.62074],
				"rotation": [18, 0, 0]
			},
			{
				"name": "bone46",
				"parent": "bone45",
				"pivot": [0, 3.275, 5.62074],
				"rotation": [0, -26.56505, 0],
				"cubes": [
					{"origin": [-1, 6.775, 5.12074], "size": [2, 3.7, 1], "uv": [0, 73]}
				]
			},
			{
				"name": "bone47",
				"parent": "skirt",
				"pivot": [0, 3.275, 0],
				"rotation": [0, -337.5, 0]
			},
			{
				"name": "bone48",
				"parent": "bone47",
				"pivot": [0, 3.275, 5.62074],
				"rotation": [18, 0, 0]
			},
			{
				"name": "bone49",
				"parent": "bone48",
				"pivot": [0, 3.275, 5.62074],
				"rotation": [0, -26.56505, 0],
				"cubes": [
					{"origin": [-1, 6.775, 5.12074], "size": [2, 3.7, 1], "uv": [0, 73]}
				]
			},
			{
				"name": "legLeft",
				"pivot": [2, 9, 0],
				"cubes": [
					{"origin": [0.499, 0, -1.5], "size": [3, 9, 3], "uv": [0, 61]}
				]
			},
			{
				"name": "legRight",
				"pivot": [-2, 9, 0],
				"cubes": [
					{"origin": [-3.499, 0, -1.5], "size": [3, 9, 3], "uv": [0, 61]}
				]
			}
		]
	}
}