{
	"format_version": "1.10.0",
	"geometry.model": {
		"texturewidth": 128,
		"textureheight": 128,
		"visible_bounds_width": 4,
		"visible_bounds_height": 7,
		"visible_bounds_offset": [0, 1.5, 0],
		"bones": [
			{
				"name": "head",
				"pivot": [0, 45, 0],
				"cubes": [
					{"origin": [-4, 45, -4], "size": [8, 8, 8], "uv": [0, 0], "inflate": 2}
				]
			},
			{
				"name": "hat",
				"parent": "head",
				"pivot": [0, 27, 0],
				"cubes": [
					{"origin": [-7, 53, -12], "size": [13, 1, 1], "uv": [71, 108]},
					{"origin": [-7, 53, 11], "size": [13, 1, 1], "uv": [71, 108]},
					{"origin": [-11, 53, -11], "size": [22, 1, 1], "uv": [71, 108]},
					{"origin": [-11, 53, 10], "size": [22, 1, 1], "uv": [71, 108]},
					{"origin": [-13, 53, -10], "size": [26, 1, 20], "uv": [0, 107]},
					{"origin": [13, 53, -7], "size": [1, 1, 14], "uv": [0, 107]},
					{"origin": [-14, 53, -7], "size": [1, 1, 14], "uv": [0, 107]},
					{"origin": [14, 53, -4], "size": [1, 1, 8], "uv": [0, 107]},
					{"origin": [-15, 53, -4], "size": [1, 1, 8], "uv": [0, 107]},
					{"origin": [15, 53, -2], "size": [1, 1, 4], "uv": [0, 107]},
					{"origin": [-16, 53, -2], "size": [1, 1, 4], "uv": [0, 107]},
					{"origin": [-8, 54, -7], "size": [16, 3, 14], "uv": [0, 87]},
					{"origin": [-7, 54, 7], "size": [14, 3, 1], "uv": [70, 102]},
					{"origin": [-7, 54, -8], "size": [14, 3, 1], "uv": [70, 102]},
					{"origin": [-6, 57, 6], "size": [12, 2, 1], "uv": [70, 97]},
					{"origin": [-6, 57, -7], "size": [12, 2, 1], "uv": [70, 92]},
					{"origin": [-7, 57, -6], "size": [14, 2, 12], "uv": [70, 114]}
				]
			},
			{
				"name": "ribbon",
				"parent": "hat",
				"pivot": [0, 27, 0],
				"cubes": [
					{"origin": [-7, 54, -9], "size": [14, 1, 1], "uv": [93, 17]},
					{"origin": [-7, 54, 8], "size": [14, 1, 1], "uv": [96, 0]},
					{"origin": [-8, 54, -8], "size": [1, 1, 1], "uv": [124, 17]},
					{"origin": [7, 54, -8], "size": [1, 1, 1], "uv": [124, 17]},
					{"origin": [7, 54, 7], "size": [1, 1, 1], "uv": [124, 17]},
					{"origin": [-8, 54, 7], "size": [1, 1, 1], "uv": [124, 17]}
				]
			},
			{
				"name": "bone",
				"parent": "ribbon",
				"pivot": [0.5, 54.5, 8.5],
				"cubes": [
					{"origin": [8, 54, -7], "size": [1, 1, 14], "uv": [96, 0]},
					{"origin": [8, 54, -3.4], "size": [1.3, 1.075, 1], "uv": [124, 20]},
					{"origin": [-9, 54, -7], "size": [1, 1, 14], "uv": [96, 0]}
				]
			},
			{
				"name": "bone2",
				"parent": "bone",
				"pivot": [10.0375, 54.3375, -3.275],
				"rotation": [0, 20, 0],
				"cubes": [
					{"origin": [9.075, 54, -3.775], "size": [2.375, 1, 1], "uv": [122, 24]}
				]
			},
			{
				"name": "bone4",
				"parent": "bone2",
				"pivot": [9.69548, 54.3375, -2.33531],
				"rotation": [0, -55, 0],
				"cubes": [
					{"origin": [8.73298, 54, -2.83531], "size": [2.375, 1, 1], "uv": [113, 24]}
				]
			},
			{
				"name": "bone3",
				"parent": "bone",
				"pivot": [19.2, 53.325, -14.2],
				"cubes": [
					{"origin": [15.6, 49, -2.2], "size": [1, 5.25, 1], "uv": [121, 38]},
					{"origin": [14.7, 44.825, -4.2], "size": [1, 9.45, 1], "uv": [126, 26]},
					{"origin": [11.2, 53.975, -4.2], "size": [4.5, 0.8, 1], "uv": [126, 26]},
					{"origin": [11, 53.975, -2.2], "size": [4.7, 0.8, 1], "uv": [126, 26]}
				]
			},
			{
				"name": "bone5",
				"parent": "bone",
				"pivot": [19.2, 53.325, -12.2],
				"cubes": [
					{"origin": [15.35, 49, -4.2], "size": [1, 5.25, 1], "uv": [121, 38]},
					{"origin": [14.95, 44.825, -2.2], "size": [1, 9.45, 1], "uv": [121, 26]}
				]
			},
			{
				"name": "blink",
				"parent": "head",
				"pivot": [0, 45, 0],
				"cubes": [
					{"origin": [-4, 45, -4.001], "size": [8, 8, 1], "uv": [1, 19], "inflate": 2}
				]
			},
			{
				"name": "hair",
				"parent": "head",
				"pivot": [0, 45, 0],
				"cubes": [
					{"origin": [-4.1, 31, -4.375], "size": [8.2, 22, 8.475], "uv": [96, 60], "inflate": 2}
				]
			},
			{
				"name": "armRight",
				"pivot": [-6, 41.5, 0],
				"rotation": [0, 0, 25],
				"cubes": [
					{"origin": [-9.02845, 27.60692, -1], "size": [2, 12.725, 2], "uv": [2, 35], "inflate": 2}
				]
			},
			{
				"name": "armRightPositioningBone",
				"parent": "armRight",
				"pivot": [-8, 27.5, -2]
			},
			{
				"name": "armLeft",
				"pivot": [7, 41.5, 0],
				"rotation": [0, 0, -25],
				"cubes": [
					{"origin": [8.02845, 27.60691, -1], "size": [2, 13.4, 2], "uv": [12, 34], "inflate": 2}
				]
			},
			{
				"name": "armLeftPositioningBone",
				"parent": "armLeft",
				"pivot": [9, 26.5, -2]
			},
			{
				"name": "body",
				"pivot": [0, 10.5, 0],
				"cubes": [
					{"origin": [-3, 36.999, -3], "size": [6, 4, 6], "uv": [35, 51], "inflate": 2},
					{"origin": [-3.5, 29, -4.1], "size": [7, 7.525, 7.5], "uv": [72, 30], "inflate": 2},
					{"origin": [-3.575, 35.175, -7.025], "size": [7.05, 2.35, 2.425], "uv": [74, 23], "inflate": 1},
					{"origin": [-4, 24.1, -4.6], "size": [8, 0.9, 8], "uv": [34, 22], "inflate": 3},
					{"origin": [-6.5, 13, -6.5], "size": [13, 6, 12], "uv": [34, 0], "inflate": 2}
				]
			},
			{
				"name": "bone6",
				"parent": "body",
				"pivot": [-0.0375, 35.95, -4.2875],
				"rotation": [-60, 0, 0],
				"cubes": [
					{"origin": [-3.4, 35.1625, -7.08409], "size": [6.725, 1.5, 3.125], "uv": [34, 35], "inflate": 1}
				]
			},
			{
				"name": "strip",
				"parent": "body",
				"pivot": [1.2, 27, -0.675],
				"cubes": [
					{"origin": [3.7, 37, -5.625], "size": [1, 6, 10.9], "uv": [72, 45]},
					{"origin": [-4.775, 37, -5.625], "size": [1, 6, 10.9], "uv": [72, 45]}
				]
			},
			{
				"name": "legLeft",
				"pivot": [4, 17, 0],
				"cubes": [
					{"origin": [2.824, 2, -1.5], "size": [1.8, 16, 3], "uv": [1, 54], "inflate": 2}
				]
			},
			{
				"name": "legRight",
				"pivot": [-4, 17, 0],
				"cubes": [
					{"origin": [-4.774, 2, -1.5], "size": [1.8, 16, 3], "uv": [10, 54], "inflate": 2}
				]
			},
			{
				"name": "backpackPositioningBone",
				"pivot": [0, 38, 5]
			}
		]
	}
}