{
	"format_version": "1.10.0",
	"geometry.model": {
		"texturewidth": 128,
		"textureheight": 128,
		"visible_bounds_width": 6,
		"visible_bounds_height": 4,
		"visible_bounds_offset": [0, 1, 0],
		"bones": [
			{
				"name": "head",
				"pivot": [0, 18, 0],
				"cubes": [
					{"origin": [-4, 18, -4], "size": [8, 8, 8], "uv": [0, 16]}
				]
			},
			{
				"name": "blink",
				"parent": "head",
				"pivot": [0, 18, 0],
				"cubes": [
					{"origin": [-4, 18, -4.001], "size": [8, 8, 0], "uv": [22, 41]}
				]
			},
			{
				"name": "hair",
				"parent": "head",
				"pivot": [0, 18, 0],
				"cubes": [
					{"origin": [2.25, 22, -5], "size": [0.75, 1, 1], "uv": [126, 126]},
					{"origin": [2, 23, -5], "size": [1.25, 1, 1], "uv": [9, 42]},
					{"origin": [3.25, 21, -5], "size": [0.75, 3, 1], "uv": [126, 124]},
					{"origin": [4, 21, -5], "size": [1, 3, 1], "uv": [45, 54]},
					{"origin": [3.85, 17.1, -4.9], "size": [0.875, 0.975, 0.9], "uv": [121, 127]},
					{"origin": [-4.75, 17.1, -4.85], "size": [0.875, 0.925, 0.85], "uv": [116, 127]},
					{"origin": [4, 18, -5], "size": [1, 3, 1], "uv": [16, 54]},
					{"origin": [-5, 18, -5], "size": [1, 3, 1], "uv": [49, 54]},
					{"origin": [0, 21, -5], "size": [1, 1, 1], "uv": [18, 42]},
					{"origin": [-2, 22, -5], "size": [4, 2, 1], "uv": [50, 9]},
					{"origin": [-5, 21, -5], "size": [1, 3, 1], "uv": [53, 54]},
					{"origin": [-4, 21.75, -5], "size": [1, 2.25, 1], "uv": [53, 54]},
					{"origin": [-5, 24, -5], "size": [10, 1, 1], "uv": [0, 40]},
					{"origin": [-5, 18, -2], "size": [10, 7, 7], "uv": [0, 0]},
					{"origin": [4, 20, -3], "size": [1, 1, 1], "uv": [1, 8]},
					{"origin": [-5, 20, -3], "size": [1, 1, 1], "uv": [1, 8]},
					{"origin": [-5, 21, -4], "size": [1, 4, 2], "uv": [21, 8]},
					{"origin": [4, 21, -4], "size": [1, 4, 2], "uv": [21, 8]}
				]
			},
			{
				"name": "bone74",
				"parent": "hair",
				"pivot": [-1.85, 17.5, 4.625],
				"rotation": [-40, 0, 0],
				"cubes": [
					{"origin": [-2.975, 17.5, 4], "size": [2.25, 0.5, 1.75], "uv": [108, 126]}
				]
			},
			{
				"name": "bone76",
				"parent": "hair",
				"pivot": [-4.5, 17.55, 4.5],
				"rotation": [-17.5, 47.5, -30],
				"cubes": [
					{"origin": [-5.5, 17.55, 3.75], "size": [1.75, 0.5, 1.5], "uv": [108, 126]}
				]
			},
			{
				"name": "bone75",
				"parent": "hair",
				"pivot": [4.5, 17.5, 4.5],
				"rotation": [-27.5, 47.5, 0],
				"cubes": [
					{"origin": [3.75, 17.75, 3.75], "size": [1.5, 0.5, 1.5], "uv": [111, 126]}
				]
			},
			{
				"name": "bone78",
				"parent": "hair",
				"pivot": [-4.875, 17.5, 0.625],
				"rotation": [0, 0, -27.5],
				"cubes": [
					{"origin": [-5.5, 17.5, -0.5], "size": [1.25, 0.5, 2.25], "uv": [107, 125]}
				]
			},
			{
				"name": "bone77",
				"parent": "hair",
				"pivot": [4.75, 17.5, 0.375],
				"rotation": [0, 0, 37.5],
				"cubes": [
					{"origin": [4.25, 17.5, -0.5], "size": [1, 0.5, 1.75], "uv": [104, 125]}
				]
			},
			{
				"name": "bone73",
				"parent": "hair",
				"pivot": [1.875, 17.5, 4.625],
				"rotation": [-37.5, 0, 0],
				"cubes": [
					{"origin": [0.75, 17.5, 4], "size": [2.25, 0.5, 1.75], "uv": [112, 126]}
				]
			},
			{
				"name": "headset",
				"parent": "head",
				"pivot": [0, 18, 0],
				"cubes": [
					{"origin": [-5.55, 21.5, 0], "size": [11.15, 2.25, 0.925], "uv": [0, 121]},
					{"origin": [-8.125, 17.125, -3], "size": [7, 7, 7], "uv": [65, 20], "inflate": -2.3},
					{"origin": [5.25, 20.525, 0.325], "size": [0.45, 0.25, 0.35], "uv": [0, 117]}
				]
			},
			{
				"name": "bone82",
				"parent": "headset",
				"pivot": [-5.1125, 24, 0.375],
				"rotation": [0, 0, 45],
				"cubes": [
					{"origin": [-5.24508, 23.51386, 0], "size": [0.425, 1.075, 0.925], "uv": [0, 0]}
				]
			},
			{
				"name": "bone83",
				"parent": "headset",
				"pivot": [5.1375, 24, 0.375],
				"rotation": [0, 0, -40],
				"cubes": [
					{"origin": [4.8311, 23.5112, 0], "size": [0.5, 0.975, 0.925], "uv": [120, 17]}
				]
			},
			{
				"name": "v",
				"parent": "headset",
				"pivot": [-11.025, 0.325, 0.45],
				"cubes": [
					{"origin": [-5.775, 21.825, 1.425], "size": [0.25, 0.25, 1.175], "uv": [119, 16]},
					{"origin": [-5.775, 22.075, 1.8], "size": [0.25, 0.25, 1.1], "uv": [119, 16]},
					{"origin": [-5.775, 21.575, 1.7], "size": [0.25, 0.25, 0.75], "uv": [120, 17]}
				]
			},
			{
				"name": "bone79",
				"parent": "headset",
				"pivot": [0.275, 0.35, 0.45],
				"cubes": [
					{"origin": [5.525, 21.85, 1.425], "size": [0.25, 0.25, 1.175], "uv": [119, 16]},
					{"origin": [5.525, 22.1, 1.8], "size": [0.25, 0.25, 1.1], "uv": [118, 16]},
					{"origin": [5.525, 21.6, 1.7], "size": [0.25, 0.25, 0.75], "uv": [120, 17]}
				]
			},
			{
				"name": "bone72",
				"parent": "headset",
				"pivot": [18, 0, 0],
				"cubes": [
					{"origin": [1.125, 17.125, -3], "size": [7, 7, 7], "uv": [65, 20], "inflate": -2.3, "mirror": true}
				]
			},
			{
				"name": "bone92",
				"parent": "headset",
				"pivot": [6, 16, -4],
				"rotation": [105, 120, -167.5]
			},
			{
				"name": "bone93",
				"parent": "bone92",
				"pivot": [22.97757, 31.43755, -1.327],
				"rotation": [0, 0, 76.34497],
				"cubes": [
					{"origin": [36.10465, 12.59832, -8.13467], "size": [1, 0.25, 0.25], "uv": [0, 119]}
				]
			},
			{
				"name": "bone81",
				"parent": "bone93",
				"pivot": [24.93696, 27.98276, -0.46328],
				"rotation": [-2.5, 180, 20],
				"cubes": [
					{"origin": [7.27772, 17.84895, 7.24818], "size": [1.075, 0.425, 0.525], "uv": [41, 128]}
				]
			},
			{
				"name": "bone94",
				"parent": "bone92",
				"pivot": [22.74149, 32.40932, -1.327],
				"rotation": [0, 0, 55.33489],
				"cubes": [
					{"origin": [28.26453, 9.74093, -8.13467], "size": [1, 0.25, 0.25], "uv": [0, 119]}
				]
			},
			{
				"name": "bone95",
				"parent": "bone92",
				"pivot": [22.17264, 33.23191, -1.327],
				"rotation": [0, 0, 43.1154],
				"cubes": [
					{"origin": [22.80288, 9.69079, -8.13467], "size": [1, 0.25, 0.25], "uv": [0, 119]}
				]
			},
			{
				"name": "bone96",
				"parent": "bone92",
				"pivot": [21.44266, 33.91538, -1.327],
				"rotation": [0, 0, 35.82613],
				"cubes": [
					{"origin": [19.10457, 10.35565, -8.13467], "size": [1, 0.25, 0.25], "uv": [0, 119]}
				]
			},
			{
				"name": "bone97",
				"parent": "bone92",
				"pivot": [20.63211, 34.50053, -1.327],
				"rotation": [0, 0, 31.05849],
				"cubes": [
					{"origin": [16.36126, 11.13267, -8.13467], "size": [1, 0.25, 0.25], "uv": [0, 119]}
				]
			},
			{
				"name": "bone98",
				"parent": "bone92",
				"pivot": [19.77567, 35.01633, -1.327],
				"rotation": [0, 0, 27.68923],
				"cubes": [
					{"origin": [14.15182, 11.88065, -8.13467], "size": [1, 0.25, 0.25], "uv": [0, 119]}
				]
			},
			{
				"name": "bone99",
				"parent": "bone92",
				"pivot": [18.88993, 35.48114, -1.327],
				"rotation": [0, 0, 25.16856],
				"cubes": [
					{"origin": [12.26404, 12.57096, -8.13467], "size": [1, 0.25, 0.25], "uv": [0, 119]}
				]
			},
			{
				"name": "bone100",
				"parent": "bone92",
				"pivot": [17.98465, 35.90652, -1.327],
				"rotation": [0, 0, 23.20192],
				"cubes": [
					{"origin": [10.58444, 13.20276, -8.13467], "size": [1, 0.25, 0.25], "uv": [0, 119]}
				]
			},
			{
				"name": "bone101",
				"parent": "bone92",
				"pivot": [17.06571, 36.30042, -1.327],
				"rotation": [0, 0, 21.61692],
				"cubes": [
					{"origin": [9.04687, 13.78228, -8.13467], "size": [1, 0.25, 0.25], "uv": [0, 119]}
				]
			},
			{
				"name": "bone102",
				"parent": "bone92",
				"pivot": [16.13602, 36.66882, -1.327],
				"rotation": [0, 0, 20.3068]
			},
			{
				"name": "bone103",
				"parent": "bone92",
				"pivot": [15.19852, 37.01574, -1.327],
				"rotation": [0, 0, 19.20181]
			},
			{
				"name": "bone104",
				"parent": "bone92",
				"pivot": [14.25418, 37.34463, -1.327],
				"rotation": [0, 0, 18.25441]
			},
			{
				"name": "armRight",
				"pivot": [-3, 17.5, 0],
				"rotation": [0, 0, 25],
				"cubes": [
					{"origin": [-4, 9.5, -1], "size": [2, 8, 2], "uv": [20, 49]},
					{"origin": [-4.05, 9.4, -1.05], "size": [2.1, 5.9, 2.1], "uv": [50, 0]}
				]
			},
			{
				"name": "armRightPositioningBone",
				"parent": "armRight",
				"pivot": [-3, 10.5, 0]
			},
			{
				"name": "armLeft",
				"pivot": [3, 17.5, 0],
				"rotation": [0, 0, -25],
				"cubes": [
					{"origin": [1.9, 9.4, -1.1], "size": [2.125, 5.9, 2.2], "uv": [0, 16]},
					{"origin": [2, 9.5, -1], "size": [2, 8, 2], "uv": [12, 42]}
				]
			},
			{
				"name": "body",
				"pivot": [0, 10.5, 0],
				"cubes": [
					{"origin": [-3.025, 8.999, -3], "size": [6.05, 9, 6], "uv": [26, 26]},
					{"origin": [-3, 15.999, 3], "size": [6, 2, 1.2], "uv": [88, 125]},
					{"origin": [-2, 14.999, 3], "size": [4, 1, 1], "uv": [32, 24]},
					{"origin": [-3.75, 7.999, -4.5], "size": [7.25, 2, 7.5], "uv": [73, 0]},
					{"origin": [-3.5, 9.749, -3.75], "size": [6.75, 2.25, 7.25], "uv": [31, 9]},
					{"origin": [-3.1, 17.499, -3.025], "size": [6.2, 0.625, 6.025], "uv": [39, 122]}
				]
			},
			{
				"name": "zipper",
				"parent": "body",
				"pivot": [0, 0, 0],
				"cubes": [
					{"origin": [-0.075, 8.999, -3.025], "size": [0.125, 7.7, 0.025], "uv": [69, 52]},
					{"origin": [-0.075, 8.999, -3.775], "size": [0.125, 2.975, 0.025], "uv": [69, 54]},
					{"origin": [-0.075, 11.949, -3.775], "size": [0.125, 0.075, 0.8], "uv": [70, 56]},
					{"origin": [-0.075, 7.999, -4.525], "size": [0.125, 2, 0.025], "uv": [70, 54]},
					{"origin": [-0.075, 9.999, -4.525], "size": [0.125, 0.025, 0.8], "uv": [70, 54]}
				]
			},
			{
				"name": "bob",
				"parent": "body",
				"pivot": [0.2, 14.999, -2.75],
				"rotation": [-40, 0, 0],
				"cubes": [
					{"origin": [-3, 13.999, -3.75], "size": [6, 2, 2], "uv": [44, 28]},
					{"origin": [-0.075, 13.974, -3.8], "size": [0.125, 2.025, 2.05], "uv": [68, 54]}
				]
			},
			{
				"name": "sittingRotationSkirt",
				"parent": "body",
				"pivot": [0, 10.5, 0],
				"cubes": [
					{"origin": [-3.15, 7, -2.8], "size": [6.3, 2, 5.75], "uv": [0, 32]}
				]
			},
			{
				"name": "skirt",
				"parent": "sittingRotationSkirt",
				"pivot": [0, 3.275, 0]
			},
			{
				"name": "bone18",
				"parent": "skirt",
				"pivot": [0, 3.275, 0]
			},
			{
				"name": "bone19",
				"parent": "bone18",
				"pivot": [0, 3.275, 5.62074],
				"rotation": [18, 0, 0]
			},
			{
				"name": "bone20",
				"parent": "bone19",
				"pivot": [0, 3.275, 5.62074],
				"rotation": [0, -26.56505, 0],
				"cubes": [
					{"origin": [-1.1382, 6.82394, 4.84435], "size": [2, 2.7, 1], "uv": [58, 119]}
				]
			},
			{
				"name": "bone21",
				"parent": "skirt",
				"pivot": [0, 3.275, 0],
				"rotation": [0, -22.5, 0]
			},
			{
				"name": "bone22",
				"parent": "bone21",
				"pivot": [0, 3.275, 5.62074],
				"rotation": [18, 0, 0]
			},
			{
				"name": "bone23",
				"parent": "bone22",
				"pivot": [0, 3.275, 5.62074],
				"rotation": [0, -26.56505, 0],
				"cubes": [
					{"origin": [-1.1382, 6.82394, 4.84435], "size": [2, 2.7, 1], "uv": [58, 119]}
				]
			},
			{
				"name": "bone24",
				"parent": "skirt",
				"pivot": [0, 3.275, 0],
				"rotation": [0, -45, 0]
			},
			{
				"name": "bone25",
				"parent": "bone24",
				"pivot": [0, 3.275, 5.62074],
				"rotation": [18, 0, 0]
			},
			{
				"name": "bone26",
				"parent": "bone25",
				"pivot": [0, 3.275, 5.62074],
				"rotation": [0, -26.56505, 0],
				"cubes": [
					{"origin": [-1.1382, 6.82394, 4.84435], "size": [2, 2.7, 1], "uv": [58, 119]}
				]
			},
			{
				"name": "bone27",
				"parent": "skirt",
				"pivot": [0, 3.275, 0],
				"rotation": [0, -67.5, 0]
			},
			{
				"name": "bone28",
				"parent": "bone27",
				"pivot": [0, 3.275, 5.62074],
				"rotation": [18, 0, 0]
			},
			{
				"name": "bone29",
				"parent": "bone28",
				"pivot": [0, 3.275, 5.62074],
				"rotation": [0, -26.56505, 0],
				"cubes": [
					{"origin": [-1.1382, 6.82394, 4.84435], "size": [2, 2.7, 1], "uv": [58, 119]}
				]
			},
			{
				"name": "bone30",
				"parent": "skirt",
				"pivot": [0, 3.275, 0],
				"rotation": [0, -90, 0]
			},
			{
				"name": "bone31",
				"parent": "bone30",
				"pivot": [0, 3.275, 5.62074],
				"rotation": [18, 0, 0]
			},
			{
				"name": "bone32",
				"parent": "bone31",
				"pivot": [0, 3.275, 5.62074],
				"rotation": [0, -26.56505, 0],
				"cubes": [
					{"origin": [-1.1382, 6.82394, 4.84435], "size": [2, 2.7, 1], "uv": [58, 119]}
				]
			},
			{
				"name": "bone33",
				"parent": "skirt",
				"pivot": [0, 3.275, 0],
				"rotation": [0, -112.5, 0]
			},
			{
				"name": "bone34",
				"parent": "bone33",
				"pivot": [0, 3.275, 5.62074],
				"rotation": [18, 0, 0]
			},
			{
				"name": "bone35",
				"parent": "bone34",
				"pivot": [0, 3.275, 5.62074],
				"rotation": [0, -26.56505, 0],
				"cubes": [
					{"origin": [-1.1382, 6.82394, 4.84435], "size": [2, 2.7, 1], "uv": [58, 119]}
				]
			},
			{
				"name": "bone36",
				"parent": "skirt",
				"pivot": [0, 3.275, 0],
				"rotation": [0, -135, 0]
			},
			{
				"name": "bone37",
				"parent": "bone36",
				"pivot": [0, 3.275, 5.62074],
				"rotation": [18, 0, 0]
			},
			{
				"name": "bone38",
				"parent": "bone37",
				"pivot": [0, 3.275, 5.62074],
				"rotation": [0, -26.56505, 0],
				"cubes": [
					{"origin": [-1.1382, 6.82394, 4.84435], "size": [2, 2.7, 1], "uv": [58, 119]}
				]
			},
			{
				"name": "bone39",
				"parent": "skirt",
				"pivot": [0, 3.275, 0],
				"rotation": [0, -157.5, 0]
			},
			{
				"name": "bone40",
				"parent": "bone39",
				"pivot": [0, 3.275, 5.62074],
				"rotation": [18, 0, 0]
			},
			{
				"name": "bone41",
				"parent": "bone40",
				"pivot": [0, 3.275, 5.62074],
				"rotation": [0, -26.56505, 0],
				"cubes": [
					{"origin": [-1.1382, 6.82394, 4.84435], "size": [2, 2.7, 1], "uv": [58, 119]}
				]
			},
			{
				"name": "bone42",
				"parent": "skirt",
				"pivot": [0, 3.275, 0],
				"rotation": [0, -180, 0]
			},
			{
				"name": "bone43",
				"parent": "bone42",
				"pivot": [0, 3.275, 5.62074],
				"rotation": [18, 0, 0]
			},
			{
				"name": "bone44",
				"parent": "bone43",
				"pivot": [0, 3.275, 5.62074],
				"rotation": [0, -26.56505, 0],
				"cubes": [
					{"origin": [-1.1382, 6.82394, 4.84435], "size": [2, 2.7, 1], "uv": [58, 119]}
				]
			},
			{
				"name": "bone45",
				"parent": "skirt",
				"pivot": [0, 3.275, 0],
				"rotation": [0, -202.5, 0]
			},
			{
				"name": "bone46",
				"parent": "bone45",
				"pivot": [0, 3.275, 5.62074],
				"rotation": [18, 0, 0]
			},
			{
				"name": "bone47",
				"parent": "bone46",
				"pivot": [0, 3.275, 5.62074],
				"rotation": [0, -26.56505, 0],
				"cubes": [
					{"origin": [-1.1382, 6.82394, 4.84435], "size": [2, 2.7, 1], "uv": [58, 119]}
				]
			},
			{
				"name": "bone48",
				"parent": "skirt",
				"pivot": [0, 3.275, 0],
				"rotation": [0, -225, 0]
			},
			{
				"name": "bone49",
				"parent": "bone48",
				"pivot": [0, 3.275, 5.62074],
				"rotation": [18, 0, 0]
			},
			{
				"name": "bone50",
				"parent": "bone49",
				"pivot": [0, 3.275, 5.62074],
				"rotation": [0, -26.56505, 0],
				"cubes": [
					{"origin": [-1.1382, 6.82394, 4.84435], "size": [2, 2.7, 1], "uv": [118, 20]},
					{"origin": [0.3618, 7.27394, 5.85], "size": [0.5, 0.45, 0], "uv": [118, 27]},
					{"origin": [-0.6382, 7.27394, 5.85], "size": [0.5, 0.45, 0], "uv": [118, 27]},
					{"origin": [-0.1382, 6.82394, 5.85], "size": [0.5, 0.45, 0], "uv": [118, 27]},
					{"origin": [-0.1382, 7.72394, 5.85], "size": [0.5, 0.45, 0], "uv": [118, 27]}
				]
			},
			{
				"name": "bone51",
				"parent": "skirt",
				"pivot": [0, 3.275, 0],
				"rotation": [0, -247.5, 0]
			},
			{
				"name": "bone52",
				"parent": "bone51",
				"pivot": [0, 3.275, 5.62074],
				"rotation": [18, 0, 0]
			},
			{
				"name": "bone53",
				"parent": "bone52",
				"pivot": [0, 3.275, 5.62074],
				"rotation": [0, -26.56505, 0],
				"cubes": [
					{"origin": [-1.1382, 6.82394, 4.84435], "size": [2, 2.7, 1], "uv": [58, 119]}
				]
			},
			{
				"name": "bone54",
				"parent": "skirt",
				"pivot": [0, 3.275, 0],
				"rotation": [0, -270, 0]
			},
			{
				"name": "bone55",
				"parent": "bone54",
				"pivot": [0, 3.275, 5.62074],
				"rotation": [18, 0, 0]
			},
			{
				"name": "bone56",
				"parent": "bone55",
				"pivot": [0, 3.275, 5.62074],
				"rotation": [0, -26.56505, 0],
				"cubes": [
					{"origin": [-1.1382, 6.82394, 4.84435], "size": [2, 2.7, 1], "uv": [58, 119]}
				]
			},
			{
				"name": "bone57",
				"parent": "skirt",
				"pivot": [0, 3.275, 0],
				"rotation": [0, -292.5, 0]
			},
			{
				"name": "bone58",
				"parent": "bone57",
				"pivot": [0, 3.275, 5.62074],
				"rotation": [18, 0, 0]
			},
			{
				"name": "bone59",
				"parent": "bone58",
				"pivot": [0, 3.275, 5.62074],
				"rotation": [0, -26.56505, 0],
				"cubes": [
					{"origin": [-1.1382, 6.82394, 4.84435], "size": [2, 2.7, 1], "uv": [58, 119]}
				]
			},
			{
				"name": "bone60",
				"parent": "skirt",
				"pivot": [0, 3.275, 0],
				"rotation": [0, -315, 0]
			},
			{
				"name": "bone61",
				"parent": "bone60",
				"pivot": [0, 3.275, 5.62074],
				"rotation": [18, 0, 0]
			},
			{
				"name": "bone62",
				"parent": "bone61",
				"pivot": [0, 3.275, 5.62074],
				"rotation": [0, -26.56505, 0],
				"cubes": [
					{"origin": [-1.1382, 6.82394, 4.84435], "size": [2, 2.7, 1], "uv": [58, 119]}
				]
			},
			{
				"name": "bone63",
				"parent": "skirt",
				"pivot": [0, 3.275, 0],
				"rotation": [0, -337.5, 0]
			},
			{
				"name": "bone64",
				"parent": "bone63",
				"pivot": [0, 3.275, 5.62074],
				"rotation": [18, 0, 0]
			},
			{
				"name": "bone65",
				"parent": "bone64",
				"pivot": [0, 3.275, 5.62074],
				"rotation": [0, -26.56505, 0],
				"cubes": [
					{"origin": [-1.1382, 6.82394, 4.84435], "size": [2, 2.7, 1], "uv": [58, 119]}
				]
			},
			{
				"name": "bigflower",
				"parent": "body",
				"pivot": [-2.5, 10.5, -4.3],
				"rotation": [-10, 0, 0],
				"cubes": [
					{"origin": [-6, 7, -7.6], "size": [7, 7, 7], "uv": [65, 36], "inflate": -3},
					{"origin": [-3, 9, -4.525], "size": [1, 3, 0.85], "uv": [120, 10]},
					{"origin": [-4, 10, -4.525], "size": [3, 1, 0.75], "uv": [24, 17]},
					{"origin": [-2.95, 7.95, -4.575], "size": [0, 0, 0], "uv": [88, 19]}
				]
			},
			{
				"name": "bone",
				"parent": "bigflower",
				"pivot": [-3.25, 9.975, -4.15],
				"rotation": [0, 0, -20],
				"cubes": [
					{"origin": [-3.25, 9.95, -4.6], "size": [0.5, 0.025, 0.05], "uv": [32, 81]}
				]
			},
			{
				"name": "bone71",
				"parent": "bigflower",
				"pivot": [-3.25, 9.5, -4.6],
				"rotation": [0, 0, -87.5],
				"cubes": [
					{"origin": [-27.75, -15, -28.56], "size": [49, 49, 0], "uv": [0, 62], "inflate": -24}
				]
			},
			{
				"name": "bone70",
				"parent": "bigflower",
				"pivot": [-1.8375, 10.86967, -4.43324],
				"cubes": [
					{"origin": [-2, 10.79884, -4.55824], "size": [0.325, 0.125, 0.025], "uv": [0, 0]},
					{"origin": [-1.95, 10.92384, -4.55824], "size": [0.35, 0.15, 0.025], "uv": [0, 0]},
					{"origin": [-2, 10.69884, -4.55824], "size": [0.25, 0.1, 0.025], "uv": [0, 0]}
				]
			},
			{
				"name": "hood",
				"parent": "body",
				"pivot": [6.25, 19.4, -3.5],
				"rotation": [-35, 0, 0]
			},
			{
				"name": "bone2",
				"parent": "hood",
				"pivot": [6.25, 21.4, -3.5],
				"rotation": [0, 0, -13.40951]
			},
			{
				"name": "bone3",
				"parent": "hood",
				"pivot": [5.27734, 21.16811, -3.5],
				"rotation": [0, 0, -32.50876]
			},
			{
				"name": "bone4",
				"parent": "hood",
				"pivot": [4.43408, 20.63071, -3.5],
				"rotation": [0, 0, -41.47154]
			},
			{
				"name": "bone5",
				"parent": "hood",
				"pivot": [3.68506, 19.96869, -3.5],
				"rotation": [0, 0, -44.67347]
			},
			{
				"name": "bone6",
				"parent": "hood",
				"pivot": [2.97412, 19.26581, -3.5],
				"rotation": [0, 0, -43.96202]
			},
			{
				"name": "bone7",
				"parent": "hood",
				"pivot": [2.25439, 18.5717, -3.5],
				"rotation": [0, 0, -38.93518],
				"cubes": [
					{"origin": [1.25439, 18.5717, -3], "size": [1, 0.225, 1.5], "uv": [33, 127]}
				]
			},
			{
				"name": "bone8",
				"parent": "hood",
				"pivot": [1.47656, 17.94328, -3.5],
				"rotation": [0, 0, -26.68454],
				"cubes": [
					{"origin": [0.47656, 17.94328, -3], "size": [1, 0.225, 1.5], "uv": [33, 127]}
				]
			},
			{
				"name": "bone9",
				"parent": "hood",
				"pivot": [0.58301, 17.49417, -3.5],
				"rotation": [0, 0, -3.31634],
				"cubes": [
					{"origin": [-0.41699, 17.49417, -3], "size": [1, 0.225, 1.5], "uv": [33, 127]},
					{"origin": [-0.06699, 17.44417, -3], "size": [0.125, 0.075, 1.5], "uv": [68, 55]}
				]
			},
			{
				"name": "zip",
				"parent": "bone9",
				"pivot": [0.08301, 17.60667, -2.25],
				"rotation": [-60, 5, 0],
				"cubes": [
					{"origin": [-0.07472, 16.86564, -2.54793], "size": [0.3, 0.05, 0.55], "uv": [127, 11]}
				]
			},
			{
				"name": "bone10",
				"parent": "hood",
				"pivot": [-0.41504, 17.43634, -3.5],
				"rotation": [0, 0, 22.12117],
				"cubes": [
					{"origin": [-1.41504, 17.43634, -3], "size": [1, 0.225, 1.5], "uv": [33, 127]}
				]
			},
			{
				"name": "bone11",
				"parent": "hood",
				"pivot": [-1.3418, 17.81306, -3.5],
				"rotation": [0, 0, 36.83842],
				"cubes": [
					{"origin": [-2.3418, 17.81306, -3], "size": [1, 0.225, 1.5], "uv": [33, 127]}
				]
			},
			{
				"name": "bone12",
				"parent": "hood",
				"pivot": [-2.14209, 18.41259, -3.5],
				"rotation": [0, 0, 43.21192]
			},
			{
				"name": "bone13",
				"parent": "hood",
				"pivot": [-2.87061, 19.097, -3.5],
				"rotation": [0, 0, 44.84077]
			},
			{
				"name": "bone14",
				"parent": "hood",
				"pivot": [-3.57959, 19.80205, -3.5],
				"rotation": [0, 0, 42.64884]
			},
			{
				"name": "bone15",
				"parent": "hood",
				"pivot": [-4.31494, 20.4794, -3.5],
				"rotation": [0, 0, 35.38312]
			},
			{
				"name": "bone16",
				"parent": "hood",
				"pivot": [-5.13037, 21.05854, -3.5],
				"rotation": [0, 0, 19.08133]
			},
			{
				"name": "bone17",
				"parent": "hood",
				"pivot": [-6.07568, 21.38553, -3.5],
				"rotation": [0, 0, -7.1845]
			},
			{
				"name": "bone80",
				"parent": "body",
				"pivot": [2.625, 8.375, -4.525],
				"cubes": [
					{"origin": [2, 8.125, -4.525], "size": [0.25, 0.5, 0], "uv": [83, 3]},
					{"origin": [2.5, 8.125, -4.525], "size": [0.25, 0.5, 0], "uv": [83, 3]},
					{"origin": [3, 8.125, -4.525], "size": [0.25, 0.5, 0], "uv": [84, 3]}
				]
			},
			{
				"name": "legLeft",
				"pivot": [2, 9, 0],
				"cubes": [
					{"origin": [0.124, 0, -1.5], "size": [3, 8.9, 3], "uv": [0, 42]},
					{"origin": [0.074, -0.05, -1.6], "size": [3.125, 2.1, 3.175], "uv": [47, 49]},
					{"origin": [0.049, 2.05, -1.6], "size": [3.2, 0.85, 3.2], "uv": [116, 0]}
				]
			},
			{
				"name": "flower2",
				"parent": "legLeft",
				"pivot": [3.275, 0, 0],
				"cubes": [
					{"origin": [1.575, 2.05, -1.675], "size": [0.2, 0.2, 0.075], "uv": [37, 118]}
				]
			},
			{
				"name": "bone68",
				"parent": "flower2",
				"pivot": [1.2, 2.15, -1.625],
				"rotation": [0, 0, 32.5],
				"cubes": [
					{"origin": [0.82, 2.26715, -1.65], "size": [1.75, 0.2, 0.05], "uv": [120, 6]}
				]
			},
			{
				"name": "bone69",
				"parent": "flower2",
				"pivot": [2.35, 2.15, -1.625],
				"rotation": [0, 0, -32.5],
				"cubes": [
					{"origin": [0.81132, 2.37461, -1.65], "size": [1.75, 0.2, 0.05], "uv": [120, 5]}
				]
			},
			{
				"name": "legRight",
				"pivot": [-2, 9, 0],
				"cubes": [
					{"origin": [-3.149, 0, -1.5], "size": [3, 8.9, 3], "uv": [38, 41]},
					{"origin": [-3.226, -0.05, -1.6], "size": [3.125, 2.1, 3.175], "uv": [28, 49]},
					{"origin": [-3.276, 2.05, -1.6], "size": [3.2, 0.85, 3.2], "uv": [0, 3]},
					{"origin": [-3.226, 6.2, -1.6], "size": [3.125, 0.35, 3.175], "uv": [115, 33]}
				]
			},
			{
				"name": "flower",
				"parent": "legRight",
				"pivot": [0, 0, 0],
				"cubes": [
					{"origin": [-1.7, 2.05, -1.675], "size": [0.2, 0.2, 0.075], "uv": [37, 118]}
				]
			},
			{
				"name": "bone66",
				"parent": "flower",
				"pivot": [-2.075, 2.15, -1.625],
				"rotation": [0, 0, 32.5],
				"cubes": [
					{"origin": [-2.455, 2.26715, -1.65], "size": [1.75, 0.2, 0.05], "uv": [120, 6]}
				]
			},
			{
				"name": "bone67",
				"parent": "flower",
				"pivot": [-0.925, 2.15, -1.625],
				"rotation": [0, 0, -32.5],
				"cubes": [
					{"origin": [-2.46368, 2.37461, -1.65], "size": [1.75, 0.2, 0.05], "uv": [120, 6]}
				]
			},
			{
				"name": "tail",
				"pivot": [0, 9.125, 4.25],
				"rotation": [20, 0, -180],
				"cubes": [
					{"origin": [-1, 8.5, 2.75], "size": [2, 1.25, 2.725], "uv": [18, 32]}
				]
			},
			{
				"name": "backpackPositioningBone",
				"pivot": [0, 15, -0.25]
			}
		]
	}
}