{
	"format_version": "1.10.0",
	"geometry.model": {
		"texturewidth": 128,
		"textureheight": 128,
		"visible_bounds_width": 4,
		"visible_bounds_height": 5,
		"visible_bounds_offset": [0, 0, 0],
		"bones": [
			{
				"name": "unknown_bone",
				"pivot": [0, 0, 0],
				"cubes": [
					{"origin": [-10, 0, -8], "size": [20, 6, 16], "uv": [0, 34]},
					{"origin": [10, 0, -8], "size": [6.825, 12.45, 16], "uv": [0, 0]},
					{"origin": [17.875, 27.1, -5.525], "size": [0.225, 2.775, 2.575], "uv": [87, 55]},
					{"origin": [-16.825, 0, -8], "size": [6.825, 12.45, 16], "uv": [0, 0]},
					{"origin": [11.975, 13.4, -8], "size": [2.85, 0.75, 15.75], "uv": [0, 0]},
					{"origin": [-14.85, 13.4, -8], "size": [2.85, 0.75, 15.75], "uv": [75, 0]},
					{"origin": [11.05, 12.4, -8], "size": [4.75, 1, 15.75], "uv": [71, 0]},
					{"origin": [-15.775, 12.4, -8], "size": [4.75, 1, 15.75], "uv": [71, 0]}
				]
			},
			{
				"name": "bone",
				"pivot": [9.5, 9, 0],
				"rotation": [0, 0, 17.5],
				"cubes": [
					{"origin": [8.93942, 5.44068, -8], "size": [2, 7, 15.95], "uv": [94, 74]}
				]
			},
			{
				"name": "bone2",
				"parent": "bone",
				"pivot": [-5.18473, 3.70021, 0],
				"rotation": [0, 0, -35],
				"cubes": [
					{"origin": [-9.57591, 1.77282, -8], "size": [1.9, 7, 16], "uv": [94, 74]}
				]
			},
			{
				"name": "s",
				"pivot": [16.75, 12.975, -8]
			},
			{
				"name": "bone4",
				"parent": "s",
				"pivot": [16.75, 12.975, -8],
				"rotation": [0, 0, 44.38746],
				"cubes": [
					{"origin": [15.77083, 11.67352, -8], "size": [1.375, 1, 14.35], "uv": [98, 54]},
					{"origin": [-3.39901, -7.09076, -8], "size": [1.375, 1, 14.35], "uv": [98, 54]}
				]
			},
			{
				"name": "bone5",
				"parent": "s",
				"pivot": [16.03516, 13.67472, -8],
				"rotation": [0, 0, 40.3098],
				"cubes": [
					{"origin": [15.03449, 12.37252, -8], "size": [1, 1, 14.35], "uv": [98, 54]},
					{"origin": [-5.42112, -4.98112, -8], "size": [1, 1, 14.35], "uv": [98, 54]}
				]
			},
			{
				"name": "bone6",
				"parent": "s",
				"pivot": [15.27246, 14.32176, -8],
				"rotation": [0, 0, 29.78802],
				"cubes": [
					{"origin": [14.21662, 13.02476, -8], "size": [1, 1, 14.35], "uv": [98, 54]},
					{"origin": [-9.06397, -0.3017, -8], "size": [1, 1, 14.35], "uv": [98, 54]}
				]
			},
			{
				"name": "bone7",
				"parent": "s",
				"pivot": [14.4043, 14.81872, -8],
				"rotation": [0, 0, 8.44873],
				"cubes": [
					{"origin": [13.24421, 13.5624, -8], "size": [1, 1, 14.35], "uv": [98, 54]},
					{"origin": [-13.28967, 9.62116, -8], "size": [1, 1, 14.35], "uv": [98, 54]}
				]
			},
			{
				"name": "bone8",
				"parent": "s",
				"pivot": [13.41504, 14.96566, -8],
				"rotation": [0, 0, -18.01402],
				"cubes": [
					{"origin": [12.15751, 13.80753, -8], "size": [1, 1, 14.35], "uv": [98, 54]},
					{"origin": [-13.35255, 22.10316, -8], "size": [1, 1, 14.35], "uv": [98, 54]}
				]
			},
			{
				"name": "bone9",
				"parent": "s",
				"pivot": [12.46387, 14.65635, -8],
				"rotation": [0, 0, -34.85666],
				"cubes": [
					{"origin": [11.17157, 13.57962, -8], "size": [1, 1, 14.35], "uv": [98, 54]},
					{"origin": [-10.84061, 28.91079, -8], "size": [1, 1, 14.35], "uv": [98, 54]}
				]
			},
			{
				"name": "bone10",
				"parent": "s",
				"pivot": [11.64355, 14.08501, -8],
				"rotation": [0, 0, -42.43863],
				"cubes": [
					{"origin": [10.34369, 13.04752, -8], "size": [1, 1, 14.35], "uv": [98, 54]},
					{"origin": [-9.45318, 31.14904, -8], "size": [1, 1, 14.35], "uv": [98, 54]}
				]
			},
			{
				"name": "bone11",
				"parent": "s",
				"pivot": [10.90527, 13.40996, -8],
				"rotation": [0, 0, -44.82459],
				"cubes": [
					{"origin": [9.60411, 12.38498, -8], "size": [1, 1, 14.35], "uv": [98, 54]},
					{"origin": [-9.42202, 31.29496, -8], "size": [1, 1, 14.35], "uv": [98, 54]}
				]
			},
			{
				"name": "bone12",
				"parent": "s",
				"pivot": [10.19629, 12.7053, -8],
				"rotation": [0, 0, -43.37989]
			},
			{
				"name": "bone13",
				"parent": "s",
				"pivot": [9.46973, 12.01871, -8],
				"rotation": [0, 0, -37.28532]
			},
			{
				"name": "bone14",
				"parent": "s",
				"pivot": [8.67383, 11.41272, -8],
				"rotation": [0, 0, -23.07726]
			},
			{
				"name": "bone15",
				"parent": "s",
				"pivot": [7.75391, 11.02077, -8],
				"rotation": [0, 0, 2.00679]
			},
			{
				"name": "bone16",
				"parent": "s",
				"pivot": [6.75488, 11.05577, -8],
				"rotation": [0, 0, 25.84074]
			},
			{
				"name": "bone17",
				"parent": "s",
				"pivot": [5.85449, 11.49183, -8],
				"rotation": [0, 0, 38.55721]
			},
			{
				"name": "bone18",
				"parent": "s",
				"pivot": [5.07227, 12.11532, -8],
				"rotation": [0, 0, 43.83538]
			},
			{
				"name": "r",
				"parent": "s",
				"pivot": [4.35059, 12.80824, -8],
				"rotation": [0, 0, 44.72211]
			},
			{
				"name": "bone3",
				"pivot": [0, 0, 16],
				"rotation": [-15, 0, 0],
				"cubes": [
					{"origin": [-16.8, -2.07055, 2.52259], "size": [33.625, 11.5, 5.75], "uv": [0, 58]},
					{"origin": [-16.85, 9.41092, 2.97174], "size": [33.675, 2.225, 5.225], "uv": [0, 58]}
				]
			},
			{
				"name": "r2",
				"pivot": [-18, 29.825, 10.775],
				"rotation": [90, 0, -90]
			},
			{
				"name": "bone33",
				"parent": "r2",
				"pivot": [-18, 29.825, 10.775],
				"rotation": [0, 0, 76.34497],
				"cubes": [
					{"origin": [-22.14744, 16.11887, -21.65], "size": [1.525, 2.825, 28.8], "uv": [0, 0]},
					{"origin": [-22.14744, 16.11887, 7.15], "size": [1.525, 2.825, 0.85], "uv": [0, 0]},
					{"origin": [-22.14744, 16.11887, -22.475], "size": [1.525, 2.825, 0.825], "uv": [0, 0]}
				]
			},
			{
				"name": "bone34",
				"parent": "r2",
				"pivot": [-18.23608, 30.79677, 10.775],
				"rotation": [0, 0, 55.33489],
				"cubes": [
					{"origin": [-26.07551, 18.94251, -22.025], "size": [1, 2.825, 29.25], "uv": [0, 0]}
				]
			},
			{
				"name": "bone35",
				"parent": "r2",
				"pivot": [-18.80493, 31.61936, 10.775],
				"rotation": [0, 0, 43.1154],
				"cubes": [
					{"origin": [-28.40051, 21.41728, -22.025], "size": [1, 2.825, 29.25], "uv": [0, 0]}
				]
			},
			{
				"name": "bone48",
				"parent": "r2",
				"pivot": [-19.53491, 32.30283, 10.775],
				"rotation": [0, 0, 35.82613],
				"cubes": [
					{"origin": [-29.99702, 23.25097, -22.025], "size": [1, 2.825, 29.25], "uv": [0, 0]}
				]
			},
			{
				"name": "bone49",
				"parent": "r2",
				"pivot": [-20.34546, 32.88798, 10.775],
				"rotation": [0, 0, 31.05849],
				"cubes": [
					{"origin": [-31.29237, 24.64411, -22.025], "size": [1, 2.825, 29.25], "uv": [0, 0]}
				]
			},
			{
				"name": "bone50",
				"parent": "r2",
				"pivot": [-21.2019, 33.40377, 10.775],
				"rotation": [0, 0, 27.68923],
				"cubes": [
					{"origin": [-32.4501, 25.75386, -22.025], "size": [1, 2.825, 29.25], "uv": [0, 0]}
				]
			},
			{
				"name": "bone51",
				"parent": "r2",
				"pivot": [-22.08765, 33.86859, 10.775],
				"rotation": [0, 0, 25.16856],
				"cubes": [
					{"origin": [-33.53812, 26.67405, -22.025], "size": [1, 2.825, 29.25], "uv": [0, 0]}
				]
			},
			{
				"name": "bone52",
				"parent": "r2",
				"pivot": [-22.99292, 34.29397, 10.775],
				"rotation": [0, 0, 23.20192],
				"cubes": [
					{"origin": [-34.58719, 27.46064, -22.025], "size": [1, 2.825, 29.25], "uv": [0, 0]}
				]
			},
			{
				"name": "bone53",
				"parent": "r2",
				"pivot": [-23.91187, 34.68787, 10.775],
				"rotation": [0, 0, 21.61692]
			},
			{
				"name": "bone54",
				"parent": "r2",
				"pivot": [-24.84155, 35.05627, 10.775],
				"rotation": [0, 0, 20.3068]
			},
			{
				"name": "bone55",
				"parent": "r2",
				"pivot": [-25.77905, 35.40319, 10.775],
				"rotation": [0, 0, 19.20181]
			},
			{
				"name": "bone56",
				"parent": "r2",
				"pivot": [-26.72339, 35.73208, 10.775],
				"rotation": [0, 0, 18.25441]
			},
			{
				"name": "r4",
				"pivot": [18, 29.825, 10.775],
				"rotation": [-90.30189, 39.24943, 89.72042]
			},
			{
				"name": "bone19",
				"parent": "r4",
				"pivot": [18, 29.825, 10.775],
				"rotation": [0, 0, -88.59497],
				"cubes": [
					{"origin": [25.43111, 18.56858, 14.37777], "size": [0.95, 2.825, 28.8], "uv": [0, 0], "mirror": true},
					{"origin": [25.35611, 18.56858, 43.17777], "size": [1.025, 2.825, 0.825], "uv": [0, 0], "mirror": true},
					{"origin": [25.31919, 18.45499, 13.55305], "size": [1, 2.95, 0.825], "uv": [0, 0], "mirror": true}
				]
			},
			{
				"name": "bone32",
				"parent": "r4",
				"pivot": [18.23608, 30.79677, 10.775],
				"rotation": [0, 0, -55.33489],
				"cubes": [
					{"origin": [28.93431, 25.15933, 14.00277], "size": [1, 2.825, 29.25], "uv": [0, 0], "mirror": true}
				]
			},
			{
				"name": "bone57",
				"parent": "r4",
				"pivot": [18.80493, 31.61936, 10.775],
				"rotation": [0, 0, -43.1154],
				"cubes": [
					{"origin": [29.85605, 28.31, 14.00277], "size": [1, 2.825, 29.25], "uv": [0, 0], "mirror": true}
				]
			},
			{
				"name": "bone59",
				"parent": "r4",
				"pivot": [19.53491, 32.30283, 10.775],
				"rotation": [0, 0, -35.82613],
				"cubes": [
					{"origin": [30.55817, 30.39954, 14.00277], "size": [1, 2.825, 29.25], "uv": [0, 0], "mirror": true}
				]
			},
			{
				"name": "bone60",
				"parent": "r4",
				"pivot": [20.34546, 32.88798, 10.775],
				"rotation": [0, 0, -31.05849],
				"cubes": [
					{"origin": [31.25397, 31.8977, 14.00277], "size": [1, 2.825, 29.25], "uv": [0, 0], "mirror": true}
				]
			},
			{
				"name": "bone61",
				"parent": "r4",
				"pivot": [21.2019, 33.40377, 10.775],
				"rotation": [0, 0, -27.68923],
				"cubes": [
					{"origin": [31.98373, 33.05142, 14.00277], "size": [1, 2.825, 29.25], "uv": [0, 0], "mirror": true}
				]
			},
			{
				"name": "bone62",
				"parent": "r4",
				"pivot": [22.08765, 33.86859, 10.775],
				"rotation": [0, 0, -25.16856],
				"cubes": [
					{"origin": [32.7503, 33.98802, 14.00277], "size": [1, 2.825, 29.25], "uv": [0, 0], "mirror": true}
				]
			},
			{
				"name": "bone63",
				"parent": "r4",
				"pivot": [22.99292, 34.29397, 10.775],
				"rotation": [0, 0, -23.20192],
				"cubes": [
					{"origin": [33.54824, 34.77759, 14.00277], "size": [1, 2.825, 29.25], "uv": [0, 0], "mirror": true}
				]
			},
			{
				"name": "bone64",
				"parent": "r4",
				"pivot": [23.91187, 34.68787, 10.775],
				"rotation": [0, 0, -21.61692]
			},
			{
				"name": "bone65",
				"parent": "r4",
				"pivot": [24.84155, 35.05627, 10.775],
				"rotation": [0, 0, -20.3068]
			},
			{
				"name": "bone66",
				"parent": "r4",
				"pivot": [25.77905, 35.40319, 10.775],
				"rotation": [0, 0, -19.20181]
			},
			{
				"name": "bone67",
				"parent": "r4",
				"pivot": [26.72339, 35.73208, 10.775],
				"rotation": [0, 0, -18.25441]
			},
			{
				"name": "r3",
				"pivot": [-18, 37.825, 10.775],
				"rotation": [4.09026, -15.08554, -113.91549]
			},
			{
				"name": "bone20",
				"parent": "r3",
				"pivot": [-18, 37.825, 10.775],
				"rotation": [0, 0, 76.34497]
			},
			{
				"name": "bone21",
				"parent": "r3",
				"pivot": [-18.23608, 38.79677, 10.775],
				"rotation": [0, 0, 55.33489],
				"cubes": [
					{"origin": [-32.96516, 23.78597, 14.51258], "size": [1, 2.625, 2.525], "uv": [122, 9]}
				]
			},
			{
				"name": "bone22",
				"parent": "r3",
				"pivot": [-18.80493, 39.61936, 10.775],
				"rotation": [0, 0, 43.1154],
				"cubes": [
					{"origin": [-35.81804, 27.7922, 14.01258], "size": [1, 2.75, 3.55], "uv": [122, 9]}
				]
			},
			{
				"name": "bone23",
				"parent": "r3",
				"pivot": [-19.53491, 40.30283, 10.775],
				"rotation": [0, 0, 35.82613],
				"cubes": [
					{"origin": [-37.57031, 30.58076, 13.58758], "size": [1, 2.75, 4.175], "uv": [122, 9]}
				]
			},
			{
				"name": "bone24",
				"parent": "r3",
				"pivot": [-20.34546, 40.88798, 10.775],
				"rotation": [0, 0, 31.05849],
				"cubes": [
					{"origin": [-38.9014, 32.90593, 13.26258], "size": [1, 2.45, 4.7], "uv": [122, 9]}
				]
			},
			{
				"name": "bone25",
				"parent": "r3",
				"pivot": [-21.2019, 41.40377, 10.775],
				"rotation": [0, 0, 27.68923],
				"cubes": [
					{"origin": [-40.05262, 34.16306, 13.06258], "size": [1, 2.75, 5], "uv": [122, 9]}
				]
			},
			{
				"name": "bone26",
				"parent": "r3",
				"pivot": [-22.08765, 41.86859, 10.775],
				"rotation": [0, 0, 25.16856]
			},
			{
				"name": "bone27",
				"parent": "r3",
				"pivot": [-22.99292, 42.29397, 10.775],
				"rotation": [0, 0, 23.20192]
			},
			{
				"name": "bone28",
				"parent": "r3",
				"pivot": [-23.91187, 42.68787, 10.775],
				"rotation": [0, 0, 21.61692]
			},
			{
				"name": "bone29",
				"parent": "r3",
				"pivot": [-24.84155, 43.05627, 10.775],
				"rotation": [0, 0, 20.3068]
			},
			{
				"name": "bone30",
				"parent": "r3",
				"pivot": [-25.77905, 43.40319, 10.775],
				"rotation": [0, 0, 19.20181]
			},
			{
				"name": "bone31",
				"parent": "r3",
				"pivot": [-26.72339, 43.73208, 10.775],
				"rotation": [0, 0, 18.25441]
			},
			{
				"name": "r5",
				"pivot": [18, 37.825, 10.775],
				"rotation": [4.09026, 15.08554, 113.91549]
			},
			{
				"name": "bone36",
				"parent": "r5",
				"pivot": [18, 37.825, 10.775],
				"rotation": [0, 0, -76.34497]
			},
			{
				"name": "bone37",
				"parent": "r5",
				"pivot": [18.23608, 38.79677, 10.775],
				"rotation": [0, 0, -55.33489],
				"cubes": [
					{"origin": [31.96516, 23.78597, 14.51258], "size": [1, 2.625, 2.525], "uv": [122, 0], "mirror": true}
				]
			},
			{
				"name": "bone38",
				"parent": "r5",
				"pivot": [18.80493, 39.61936, 10.775],
				"rotation": [0, 0, -43.1154],
				"cubes": [
					{"origin": [34.81804, 27.7922, 14.01258], "size": [1, 2.75, 3.55], "uv": [122, 0], "mirror": true}
				]
			},
			{
				"name": "bone39",
				"parent": "r5",
				"pivot": [19.53491, 40.30283, 10.775],
				"rotation": [0, 0, -35.82613],
				"cubes": [
					{"origin": [36.57031, 30.58076, 13.58758], "size": [1.3, 2.75, 4.175], "uv": [122, 0], "mirror": true}
				]
			},
			{
				"name": "bone40",
				"parent": "r5",
				"pivot": [20.34546, 40.88798, 10.775],
				"rotation": [0, 0, -31.05849],
				"cubes": [
					{"origin": [38.2014, 33.25593, 13.18758], "size": [0.7, 2.1, 4.775], "uv": [122, 0], "mirror": true}
				]
			},
			{
				"name": "bone41",
				"parent": "r5",
				"pivot": [21.2019, 41.40377, 10.775],
				"rotation": [0, 0, -27.68923],
				"cubes": [
					{"origin": [39.05262, 34.16306, 13.13758], "size": [1, 2.75, 4.925], "uv": [122, 0], "mirror": true}
				]
			},
			{
				"name": "bone42",
				"parent": "r5",
				"pivot": [22.08765, 41.86859, 10.775],
				"rotation": [0, 0, -25.16856]
			},
			{
				"name": "bone43",
				"parent": "r5",
				"pivot": [22.99292, 42.29397, 10.775],
				"rotation": [0, 0, -23.20192]
			},
			{
				"name": "bone44",
				"parent": "r5",
				"pivot": [23.91187, 42.68787, 10.775],
				"rotation": [0, 0, -21.61692]
			},
			{
				"name": "bone45",
				"parent": "r5",
				"pivot": [24.84155, 43.05627, 10.775],
				"rotation": [0, 0, -20.3068]
			},
			{
				"name": "bone46",
				"parent": "r5",
				"pivot": [25.77905, 43.40319, 10.775],
				"rotation": [0, 0, -19.20181]
			},
			{
				"name": "bone47",
				"parent": "r5",
				"pivot": [26.72339, 43.73208, 10.775],
				"rotation": [0, 0, -18.25441]
			},
			{
				"name": "bone86",
				"pivot": [0, 0, 0]
			},
			{
				"name": "bone58",
				"parent": "bone86",
				"pivot": [0.0125, 31.375, 17.5],
				"rotation": [-35, 0, 0]
			},
			{
				"name": "bone68",
				"parent": "bone58",
				"pivot": [0.0125, 31.375, 17.5],
				"cubes": [
					{"origin": [-16.8, 30.08404, 17.52868], "size": [33.625, 1.5, 0.4], "uv": [0, 82]},
					{"origin": [-16.8, 29.51063, 17.93018], "size": [33.625, 1.5, 0.4], "uv": [0, 82]},
					{"origin": [-16.8, 28.93723, 18.33169], "size": [33.625, 1.5, 0.4], "uv": [0, 82]},
					{"origin": [-16.8, 28.36382, 18.73319], "size": [33.625, 1.5, 0.4], "uv": [0, 82]},
					{"origin": [-16.8, 27.79041, 19.13469], "size": [33.625, 1.5, 0.4], "uv": [0, 82]},
					{"origin": [-16.8, 27.21701, 19.5362], "size": [33.625, 1.5, 0.4], "uv": [0, 82]},
					{"origin": [-16.8, 26.6436, 19.9377], "size": [33.625, 1.5, 0.4], "uv": [0, 82]}
				]
			},
			{
				"name": "bone69",
				"parent": "bone58",
				"pivot": [0.0125, 27.38163, 20.29619],
				"cubes": [
					{"origin": [-16.8, 26.09067, 20.32487], "size": [33.625, 1.5, 0.4], "uv": [0, 82]},
					{"origin": [-16.8, 25.51727, 20.72637], "size": [33.625, 1.5, 0.4], "uv": [0, 82]},
					{"origin": [-16.8, 24.94386, 21.12787], "size": [33.625, 1.5, 0.4], "uv": [0, 82]},
					{"origin": [-16.8, 24.37045, 21.52938], "size": [33.625, 1.5, 0.4], "uv": [0, 82]},
					{"origin": [-16.8, 23.79705, 21.93088], "size": [33.625, 1.5, 0.4], "uv": [0, 82]},
					{"origin": [-16.8, 23.22364, 22.33238], "size": [33.625, 1.5, 0.4], "uv": [0, 82]},
					{"origin": [-16.8, 22.65024, 22.73389], "size": [33.625, 1.5, 0.4], "uv": [0, 82]}
				]
			},
			{
				"name": "bone70",
				"parent": "bone58",
				"pivot": [0.0125, 23.38827, 23.09237],
				"cubes": [
					{"origin": [-16.8, 22.09731, 23.12105], "size": [33.625, 1.5, 0.4], "uv": [0, 82]},
					{"origin": [-16.8, 21.5239, 23.52255], "size": [33.625, 1.5, 0.4], "uv": [0, 82]},
					{"origin": [-16.8, 20.95049, 23.92406], "size": [33.625, 1.5, 0.4], "uv": [0, 82]},
					{"origin": [-16.8, 20.37709, 24.32556], "size": [33.625, 1.5, 0.4], "uv": [0, 82]},
					{"origin": [-16.8, 19.80368, 24.72706], "size": [33.625, 1.5, 0.4], "uv": [0, 82]},
					{"origin": [-16.8, 19.23028, 25.12857], "size": [33.625, 1.5, 0.4], "uv": [0, 82]},
					{"origin": [-16.8, 18.65687, 25.53007], "size": [33.625, 1.5, 0.4], "uv": [0, 82]}
				]
			},
			{
				"name": "bone71",
				"parent": "bone58",
				"pivot": [0.0125, 19.41538, 25.87422],
				"cubes": [
					{"origin": [-16.8, 18.12442, 25.9029], "size": [33.625, 1.5, 0.4], "uv": [0, 82]},
					{"origin": [-16.8, 17.55101, 26.3044], "size": [33.625, 1.5, 0.4], "uv": [0, 82]},
					{"origin": [-16.8, 16.97761, 26.7059], "size": [33.625, 1.5, 0.4], "uv": [0, 82]},
					{"origin": [-16.8, 16.4042, 27.10741], "size": [33.625, 1.5, 0.4], "uv": [0, 82]},
					{"origin": [-16.8, 15.83079, 27.50891], "size": [33.625, 1.5, 0.4], "uv": [0, 82]},
					{"origin": [-16.8, 15.25739, 27.91041], "size": [33.625, 1.5, 0.4], "uv": [0, 82]},
					{"origin": [-16.8, 14.68398, 28.31192], "size": [33.625, 1.5, 0.4], "uv": [0, 82]}
				]
			},
			{
				"name": "bone210",
				"pivot": [0, 0, 0],
				"cubes": [
					{"origin": [-16.8, 0, 17.825], "size": [35.775, 31.5, 1], "uv": [0, 97]},
					{"origin": [17.975, 0.05, -8.175], "size": [1, 31.45, 26], "uv": [76, 71]}
				]
			},
			{
				"name": "bone209",
				"parent": "bone210",
				"pivot": [15.6, 28.65, -4.25],
				"rotation": [0, 0, 15],
				"cubes": [
					{"origin": [17.45685, 28.71764, -4.55], "size": [0.3, 0.9, 0.6], "uv": [1, 93]}
				]
			}
		]
	}
}