{
	"format_version": "1.10.0",
	"geometry.model": {
		"texturewidth": 128,
		"textureheight": 128,
		"visible_bounds_width": 3,
		"visible_bounds_height": 4,
		"visible_bounds_offset": [0, 1, 0],
		"bones": [
			{
				"name": "head",
				"pivot": [0, 18, 0],
				"cubes": [
					{"origin": [-4, 18, -4], "size": [8, 8, 8.05], "uv": [0, 0]}
				]
			},
			{
				"name": "blink",
				"parent": "head",
				"pivot": [0, 18, 0],
				"cubes": [
					{"origin": [-4, 18, -4.001], "size": [8, 8, 0], "uv": [0, 17]}
				]
			},
			{
				"name": "hair",
				"parent": "head",
				"pivot": [0, 18, 0],
				"cubes": [
					{"origin": [-4.05, 14, -4.35], "size": [8.1, 12.5, 8.35], "uv": [85, 11]}
				]
			},
			{
				"name": "striphairleft1",
				"parent": "hair",
				"pivot": [2.425, 12, -5.475],
				"rotation": [120, 150, -75]
			},
			{
				"name": "hairleft1",
				"parent": "striphairleft1",
				"pivot": [-0.32505, 12.67351, -5.54973],
				"rotation": [0, 0, 35],
				"cubes": [
					{"origin": [-2.11095, 11.80829, -6.3279], "size": [3, 1, 1], "uv": [120, 0]},
					{"origin": [-0.13893, 13.83002, -6.3279], "size": [3, 1, 1], "uv": [120, 3]}
				]
			},
			{
				"name": "hairleft2",
				"parent": "striphairleft1",
				"pivot": [0.09995, 13.07351, -5.54973],
				"rotation": [0, 0, -55],
				"cubes": [
					{"origin": [-2.92942, 13.97994, -6.3279], "size": [2.575, 1, 1], "uv": [120, 9]},
					{"origin": [-1.31835, 11.98745, -6.3279], "size": [3, 1.025, 1], "uv": [120, 12]}
				]
			},
			{
				"name": "striphairright1",
				"parent": "hair",
				"pivot": [-2.3, 12, -5.85],
				"rotation": [120, -150, 75]
			},
			{
				"name": "hairright3",
				"parent": "striphairright1",
				"pivot": [0.45005, 12.67351, -5.92473],
				"rotation": [0, 0, -35],
				"cubes": [
					{"origin": [-0.76405, 11.80829, -6.7029], "size": [3, 1, 1], "uv": [120, 0], "mirror": true},
					{"origin": [-2.73607, 13.83002, -6.7029], "size": [3, 1, 1], "uv": [120, 3], "mirror": true}
				]
			},
			{
				"name": "hairright4",
				"parent": "striphairright1",
				"pivot": [0.02505, 13.07351, -5.92473],
				"rotation": [0, 0, 55],
				"cubes": [
					{"origin": [0.47942, 13.97994, -6.7029], "size": [2.7, 1, 1], "uv": [120, 9], "mirror": true},
					{"origin": [-1.55665, 11.98745, -6.7029], "size": [3, 1.025, 1], "uv": [120, 12], "mirror": true}
				]
			},
			{
				"name": "striphairright2",
				"parent": "hair",
				"pivot": [-5.3, 15, -1.6],
				"rotation": [180, 180, 100]
			},
			{
				"name": "hairright2",
				"parent": "striphairright2",
				"pivot": [-2.54995, 15.67351, -1.67473],
				"rotation": [0, 0, -35],
				"cubes": [
					{"origin": [-3.76405, 14.80829, -2.4529], "size": [3, 1, 1.25], "uv": [120, 0], "mirror": true},
					{"origin": [-5.73607, 16.83002, -2.4529], "size": [3, 1, 1.25], "uv": [120, 3], "mirror": true}
				]
			},
			{
				"name": "hairright5",
				"parent": "striphairright2",
				"pivot": [-2.97495, 16.07351, -1.67473],
				"rotation": [0, 0, 55],
				"cubes": [
					{"origin": [-2.52058, 16.97994, -2.4529], "size": [2.7, 1, 1.25], "uv": [120, 9], "mirror": true},
					{"origin": [-4.55665, 14.98745, -2.4529], "size": [3, 1.025, 1.25], "uv": [120, 12], "mirror": true}
				]
			},
			{
				"name": "striphairleft2",
				"parent": "hair",
				"pivot": [5.3, 15, -1.6],
				"rotation": [180, -180, -100]
			},
			{
				"name": "hairleft8",
				"parent": "striphairleft2",
				"pivot": [2.54995, 15.67351, -1.67473],
				"rotation": [0, 0, 35],
				"cubes": [
					{"origin": [0.76405, 14.80829, -2.4529], "size": [3, 1, 1.25], "uv": [120, 0]},
					{"origin": [2.73607, 16.83002, -2.4529], "size": [3, 1, 1.25], "uv": [120, 3]}
				]
			},
			{
				"name": "hairleft9",
				"parent": "striphairleft2",
				"pivot": [2.97495, 16.07351, -1.67473],
				"rotation": [0, 0, -55],
				"cubes": [
					{"origin": [-0.17942, 16.97994, -2.4529], "size": [2.7, 1, 1.25], "uv": [120, 9]},
					{"origin": [1.55665, 14.98745, -2.4529], "size": [3, 1.025, 1.25], "uv": [120, 12]}
				]
			},
			{
				"name": "striphairright3",
				"parent": "hair",
				"pivot": [-5.3, 12, 2.4],
				"rotation": [180, 180, 100]
			},
			{
				"name": "hairright6",
				"parent": "striphairright3",
				"pivot": [-2.54995, 12.67351, 2.32527],
				"rotation": [0, 0, -35],
				"cubes": [
					{"origin": [-3.76405, 11.80829, 1.5471], "size": [3, 1, 1.25], "uv": [120, 0], "mirror": true},
					{"origin": [-5.73607, 13.83002, 1.5471], "size": [3, 1, 1.25], "uv": [120, 3], "mirror": true}
				]
			},
			{
				"name": "hairright7",
				"parent": "striphairright3",
				"pivot": [-2.97495, 13.07351, 2.32527],
				"rotation": [0, 0, 55],
				"cubes": [
					{"origin": [-2.52058, 13.97994, 1.5471], "size": [2.7, 1, 1.25], "uv": [120, 9], "mirror": true},
					{"origin": [-4.55665, 11.98745, 1.5471], "size": [3, 1.025, 1.25], "uv": [120, 12], "mirror": true}
				]
			},
			{
				"name": "striphairleft3",
				"parent": "hair",
				"pivot": [5.3, 12, 2.4],
				"rotation": [180, -180, -100]
			},
			{
				"name": "hairleft8",
				"parent": "striphairleft3",
				"pivot": [2.54995, 12.67351, 2.32527],
				"rotation": [0, 0, 35],
				"cubes": [
					{"origin": [0.76405, 11.80829, 1.5471], "size": [3, 1, 1.25], "uv": [120, 0]},
					{"origin": [2.73607, 13.83002, 1.5471], "size": [3, 1, 1.25], "uv": [120, 3]}
				]
			},
			{
				"name": "hairleft9",
				"parent": "striphairleft3",
				"pivot": [2.97495, 13.07351, 2.32527],
				"rotation": [0, 0, -55],
				"cubes": [
					{"origin": [-0.17942, 13.97994, 1.5471], "size": [2.7, 1, 1.25], "uv": [120, 9]},
					{"origin": [1.55665, 11.98745, 1.5471], "size": [3, 1.025, 1.25], "uv": [120, 12]}
				]
			},
			{
				"name": "striphairback1",
				"parent": "hair",
				"pivot": [6.325, 9.15, 4.4],
				"rotation": [90, -180, -90]
			},
			{
				"name": "hairleft3",
				"parent": "striphairback1",
				"pivot": [3.57495, 9.82351, 4.32527],
				"rotation": [0, 0, 35],
				"cubes": [
					{"origin": [1.81405, 8.95829, 6.5471], "size": [2.975, 1, 1.25], "uv": [121, 15]},
					{"origin": [3.78607, 10.98002, 6.5471], "size": [2.975, 1, 1.25], "uv": [121, 21]}
				]
			},
			{
				"name": "hairleft4",
				"parent": "striphairback1",
				"pivot": [3.99995, 10.22351, 4.32527],
				"rotation": [0, 0, -55],
				"cubes": [
					{"origin": [0.87058, 11.12994, 6.5471], "size": [2.675, 1, 1.25], "uv": [121, 6]},
					{"origin": [2.60665, 9.13745, 6.5471], "size": [2.975, 1.025, 1.25], "uv": [121, 18]}
				]
			},
			{
				"name": "striphairback3",
				"parent": "hair",
				"pivot": [4.325, 10.15, 4.4],
				"rotation": [90, -180, -90]
			},
			{
				"name": "hairleft7",
				"parent": "striphairback3",
				"pivot": [1.57495, 10.82351, 4.32527],
				"rotation": [0, 0, 35],
				"cubes": [
					{"origin": [-0.18595, 9.95829, 6.5471], "size": [2.975, 1, 1.25], "uv": [121, 15]},
					{"origin": [1.78607, 11.98002, 6.5471], "size": [2.975, 1, 1.25], "uv": [121, 21]}
				]
			},
			{
				"name": "hairleft10",
				"parent": "striphairback3",
				"pivot": [1.99995, 11.22351, 4.32527],
				"rotation": [0, 0, -55],
				"cubes": [
					{"origin": [-1.12942, 12.12994, 6.5471], "size": [2.675, 1, 1.25], "uv": [121, 6]},
					{"origin": [0.60665, 10.13745, 6.5471], "size": [2.975, 1.025, 1.25], "uv": [121, 18]}
				]
			},
			{
				"name": "striphairback4",
				"parent": "hair",
				"pivot": [2.325, 10.15, 4.4],
				"rotation": [90, -180, -90]
			},
			{
				"name": "hairleft11",
				"parent": "striphairback4",
				"pivot": [-0.42505, 10.82351, 4.32527],
				"rotation": [0, 0, 35],
				"cubes": [
					{"origin": [-2.18595, 9.95829, 6.5471], "size": [2.975, 1, 1.25], "uv": [121, 15]},
					{"origin": [-0.21393, 11.98002, 6.5471], "size": [2.975, 1, 1.25], "uv": [121, 21]}
				]
			},
			{
				"name": "hairleft12",
				"parent": "striphairback4",
				"pivot": [-0.00005, 11.22351, 4.32527],
				"rotation": [0, 0, -55],
				"cubes": [
					{"origin": [-3.12942, 12.12994, 6.5471], "size": [2.675, 1, 1.25], "uv": [121, 6]},
					{"origin": [-1.39335, 10.13745, 6.5471], "size": [2.975, 1.025, 1.25], "uv": [121, 18]}
				]
			},
			{
				"name": "striphairback5",
				"parent": "hair",
				"pivot": [0.825, 9.15, 4.4],
				"rotation": [90, -180, -90]
			},
			{
				"name": "hairleft13",
				"parent": "striphairback5",
				"pivot": [-1.92505, 9.82351, 4.32527],
				"rotation": [0, 0, 35],
				"cubes": [
					{"origin": [-3.68595, 8.95829, 6.5471], "size": [2.975, 1, 1.25], "uv": [121, 15]},
					{"origin": [-1.71393, 10.98002, 6.5471], "size": [2.975, 1, 1.25], "uv": [121, 21]}
				]
			},
			{
				"name": "hairleft14",
				"parent": "striphairback5",
				"pivot": [-1.50005, 10.22351, 4.32527],
				"rotation": [0, 0, -55],
				"cubes": [
					{"origin": [-4.62942, 11.12994, 6.5471], "size": [2.675, 1, 1.25], "uv": [121, 6]},
					{"origin": [-2.89335, 9.13745, 6.5471], "size": [2.975, 1.025, 1.25], "uv": [121, 18]}
				]
			},
			{
				"name": "striphairback6",
				"parent": "hair",
				"pivot": [3.825, 12.15, 6.4],
				"rotation": [90, -155, -90]
			},
			{
				"name": "hairleft15",
				"parent": "striphairback6",
				"pivot": [1.07495, 12.82351, 6.32527],
				"rotation": [0, 0, 35],
				"cubes": [
					{"origin": [-0.68595, 11.95829, 8.5471], "size": [2.975, 1, 1.25], "uv": [121, 15]},
					{"origin": [1.28607, 13.98002, 8.5471], "size": [2.975, 1, 1.25], "uv": [121, 21]}
				]
			},
			{
				"name": "hairleft16",
				"parent": "striphairback6",
				"pivot": [1.49995, 13.22351, 6.32527],
				"rotation": [0, 0, -55],
				"cubes": [
					{"origin": [-1.62942, 14.12994, 8.5471], "size": [2.675, 1, 1.25], "uv": [121, 6]},
					{"origin": [0.10665, 12.13745, 8.5471], "size": [2.975, 1.025, 1.25], "uv": [121, 18]}
				]
			},
			{
				"name": "striphairback8",
				"parent": "hair",
				"pivot": [1.075, 11.65, 6.4],
				"rotation": [90, -155, -90]
			},
			{
				"name": "hairleft19",
				"parent": "striphairback8",
				"pivot": [-1.67505, 12.32351, 6.32527],
				"rotation": [0, 0, 35],
				"cubes": [
					{"origin": [-3.43595, 11.45829, 8.5471], "size": [2.975, 1, 1.25], "uv": [121, 15]},
					{"origin": [-1.46393, 13.48002, 8.5471], "size": [2.975, 1, 1.25], "uv": [121, 21]}
				]
			},
			{
				"name": "hairleft20",
				"parent": "striphairback8",
				"pivot": [-1.25005, 12.72351, 6.32527],
				"rotation": [0, 0, -55],
				"cubes": [
					{"origin": [-4.37942, 13.62994, 8.5471], "size": [2.675, 1, 1.25], "uv": [121, 6]},
					{"origin": [-2.64335, 11.63745, 8.5471], "size": [2.975, 1.025, 1.25], "uv": [121, 18]}
				]
			},
			{
				"name": "striphairback7",
				"parent": "hair",
				"pivot": [5.325, 10.9, 6.4],
				"rotation": [90, -155, -90]
			},
			{
				"name": "hairleft17",
				"parent": "striphairback7",
				"pivot": [2.57495, 11.57351, 6.32527],
				"rotation": [0, 0, 35],
				"cubes": [
					{"origin": [0.81405, 10.70829, 8.5471], "size": [2.975, 1, 1.25], "uv": [121, 15]},
					{"origin": [2.78607, 12.73002, 8.5471], "size": [2.975, 1, 1.25], "uv": [121, 21]}
				]
			},
			{
				"name": "hairleft18",
				"parent": "striphairback7",
				"pivot": [2.99995, 11.97351, 6.32527],
				"rotation": [0, 0, -55],
				"cubes": [
					{"origin": [-0.12942, 12.87994, 8.5471], "size": [2.675, 1, 1.25], "uv": [121, 6]},
					{"origin": [1.60665, 10.88745, 8.5471], "size": [2.975, 1.025, 1.25], "uv": [121, 18]}
				]
			},
			{
				"name": "striphairback2",
				"parent": "hair",
				"pivot": [-0.8, 9.15, 4.4],
				"rotation": [90, -180, -90]
			},
			{
				"name": "hairleft5",
				"parent": "striphairback2",
				"pivot": [-3.55005, 9.82351, 4.32527],
				"rotation": [0, 0, 35],
				"cubes": [
					{"origin": [-5.21095, 8.95829, 6.5471], "size": [2.875, 1, 1.25], "uv": [121, 15]},
					{"origin": [-3.23893, 10.98002, 6.5471], "size": [2.875, 1, 1.25], "uv": [120, 21]}
				]
			},
			{
				"name": "hairleft6",
				"parent": "striphairback2",
				"pivot": [-3.12505, 10.22351, 4.32527],
				"rotation": [0, 0, -55],
				"cubes": [
					{"origin": [-6.15442, 11.12994, 6.5471], "size": [2.575, 1, 1.25], "uv": [121, 6]},
					{"origin": [-4.41835, 9.13745, 6.5471], "size": [2.875, 1.025, 1.25], "uv": [121, 18]}
				]
			},
			{
				"name": "ribbon",
				"parent": "head",
				"pivot": [0, 23, 5],
				"cubes": [
					{"origin": [2.475, 23.325, -6], "size": [1, 1, 1], "uv": [26, 23]}
				]
			},
			{
				"name": "ribbonstrip",
				"parent": "ribbon",
				"pivot": [-1, 23.5, -5.25],
				"rotation": [0, 0, -25],
				"cubes": [
					{"origin": [2.87166, 21.52377, -5.75803], "size": [1.5, 1, 1], "uv": [26, 26]}
				]
			},
			{
				"name": "bone5",
				"parent": "ribbonstrip",
				"pivot": [0.58324, 23.19782, -5],
				"rotation": [0, 40, 0],
				"cubes": [
					{"origin": [2.97259, 21.52377, -3.14553], "size": [1, 1.125, 1.25], "uv": [26, 29]}
				]
			},
			{
				"name": "ribbonstrip2",
				"parent": "ribbon",
				"pivot": [-0.75, 23.875, -5.25],
				"rotation": [0, 0, 20],
				"cubes": [
					{"origin": [2.98917, 24.56674, -5.75803], "size": [1.5, 1, 1], "uv": [26, 32]}
				]
			},
			{
				"name": "bone6",
				"parent": "ribbonstrip2",
				"pivot": [0.83324, 23.57282, -5],
				"rotation": [0, 40, 0],
				"cubes": [
					{"origin": [3.12109, 24.56674, -3.2307], "size": [1, 1.125, 1.25], "uv": [26, 20]}
				]
			},
			{
				"name": "helmet",
				"parent": "head",
				"pivot": [0, 0, 0]
			},
			{
				"name": "bamboo",
				"parent": "helmet",
				"pivot": [0, 0, 0],
				"cubes": [
					{"origin": [-2.5, 17.5, -5], "size": [5, 1.25, 1], "uv": [53, 80]},
					{"origin": [-3.125, 17.625, -4.425], "size": [1, 1, 1.575], "uv": [53, 82]},
					{"origin": [1.875, 17.625, -4.425], "size": [1.3, 1, 1.575], "uv": [58, 82]}
				]
			},
			{
				"name": "armRight",
				"pivot": [-3, 17.5, 0],
				"rotation": [0, 0, 25],
				"cubes": [
					{"origin": [-5, 8.5, -1], "size": [2, 8.975, 2], "uv": [13, 27]},
					{"origin": [-5.075, 9.5, -1.175], "size": [4.575, 8, 2.35], "uv": [0, 27]}
				]
			},
			{
				"name": "chestPlateRight",
				"parent": "armRight",
				"pivot": [-3, 17.5, 0],
				"cubes": [
					{"origin": [-5.15, 9.325, -1.25], "size": [4.75, 8.2, 2.5], "uv": [0, 51]}
				]
			},
			{
				"name": "armLeft",
				"pivot": [3, 17.5, 0],
				"rotation": [0, 0, -25],
				"cubes": [
					{"origin": [0.5, 9.5, -1.15], "size": [4.55, 8, 2.325], "uv": [0, 38]},
					{"origin": [3, 8.5, -1], "size": [2, 8, 2], "uv": [13, 38]}
				]
			},
			{
				"name": "chestPlateLeft",
				"parent": "armLeft",
				"pivot": [3, 17.5, 0],
				"cubes": [
					{"origin": [0.5, 9.375, -1.2], "size": [4.625, 8.15, 2.45], "uv": [13, 51]}
				]
			},
			{
				"name": "body",
				"pivot": [0, 10.5, 0],
				"cubes": [
					{"origin": [-3, 9.999, -3], "size": [6, 8, 6], "uv": [33, 2]},
					{"origin": [-3.25, 10, -3.3], "size": [6.5, 3, 6.55], "uv": [59, 1]},
					{"origin": [-3.35, 11, -3.425], "size": [6.725, 1, 6.775], "uv": [85, 2]},
					{"origin": [-2.575, 13, -3.3], "size": [5.225, 1, 1], "uv": [71, 23]},
					{"origin": [-3.325, 7.999, -2], "size": [6.7, 1.875, 4], "uv": [59, 11]}
				]
			},
			{
				"name": "clothes",
				"parent": "body",
				"pivot": [0, 0, 0]
			},
			{
				"name": "upperkimonoright",
				"parent": "clothes",
				"pivot": [0.9125, 14.9641, 1.35],
				"rotation": [0, 0, 50],
				"cubes": [
					{"origin": [-3.725, 14.3141, -3.15], "size": [3.725, 1.15, 6.35], "uv": [33, 18]}
				]
			},
			{
				"name": "upperkimonomiddleright",
				"parent": "upperkimonoright",
				"pivot": [-0.83173, 12.06623, 0],
				"rotation": [0, 0, -50],
				"cubes": [
					{"origin": [-1.60673, 10.62873, -3.1], "size": [1.8, 5.05, 6.275], "uv": [33, 27]},
					{"origin": [0.09327, 10.62873, -3.1], "size": [1.1, 3.625, 6.275], "uv": [33, 40]},
					{"origin": [0.59327, 14.12873, -1.875], "size": [2.6, 1.55, 5.05], "uv": [33, 51]}
				]
			},
			{
				"name": "upperkimonoleft",
				"parent": "clothes",
				"pivot": [2, 14.999, 0],
				"rotation": [0, 0, -55],
				"cubes": [
					{"origin": [-2.625, 16.4641, -3.25], "size": [7.325, 1, 6.475], "uv": [33, 60]},
					{"origin": [-1.925, 14.4641, -3.2], "size": [4.625, 2, 6.4], "uv": [33, 69]}
				]
			},
			{
				"name": "upperkimonomiddleleft",
				"parent": "upperkimonoleft",
				"pivot": [1.1625, 16.4641, 0],
				"rotation": [0, 0, 55],
				"cubes": [
					{"origin": [2, 14, -3.225], "size": [2.05, 5.325, 6.425], "uv": [33, 79]}
				]
			},
			{
				"name": "legLeft",
				"pivot": [2, 9, 0]
			},
			{
				"name": "_bootsLeft",
				"parent": "legLeft",
				"pivot": [2, 9, 0],
				"cubes": [
					{"origin": [0.249, 0, -1.5], "size": [3, 9, 3], "uv": [0, 62]}
				]
			},
			{
				"name": "bootsLeft",
				"parent": "legLeft",
				"pivot": [0, 0, 0],
				"cubes": [
					{"origin": [0.226, 0, -1.85], "size": [3.025, 1.25, 3.4], "uv": [0, 75]},
					{"origin": [0.226, 0, -1.85], "size": [3.025, 1.25, 3.4], "uv": [0, 75]},
					{"origin": [0.249, 1, -1.5], "size": [3, 8, 3], "uv": [13, 63]},
					{"origin": [0.249, 1, -1.75], "size": [3, 1, 1], "uv": [43, 118]},
					{"origin": [0.226, 3, -1.6], "size": [3.05, 2.25, 3.15], "uv": [0, 116]},
					{"origin": [0.226, 6, -1.6], "size": [3.05, 1.25, 3.15], "uv": [0, 122]},
					{"origin": [0.226, 8, -1.6], "size": [3.05, 1.25, 3.15], "uv": [29, 116]}
				]
			},
			{
				"name": "legRight",
				"pivot": [-2, 9, 0]
			},
			{
				"name": "_bootsRight",
				"parent": "legRight",
				"pivot": [-2, 9, 0],
				"cubes": [
					{"origin": [-3.249, 0, -1.5], "size": [3, 9, 3], "uv": [0, 80]}
				]
			},
			{
				"name": "bootsRight",
				"parent": "legRight",
				"pivot": [0, 0, 0],
				"cubes": [
					{"origin": [-3.249, 1, -1.5], "size": [3, 8, 3], "uv": [13, 81]},
					{"origin": [-3.274, 0, -1.85], "size": [3.05, 1.25, 3.4], "uv": [13, 75]},
					{"origin": [-3.274, 3, -1.6], "size": [3.05, 2.25, 3.15], "uv": [14, 116]},
					{"origin": [-3.274, 6, -1.6], "size": [3.05, 1.25, 3.15], "uv": [14, 122]},
					{"origin": [-3.274, 8, -1.6], "size": [3.05, 1.25, 3.15], "uv": [29, 122]},
					{"origin": [-3.251, 1, -1.75], "size": [3, 1, 1], "uv": [43, 118]}
				]
			},
			{
				"name": "chestPlate",
				"pivot": [0, 0, 0],
				"cubes": [
					{"origin": [-3.95, 2.999, -3.45], "size": [8.125, 15, 6.825], "uv": [0, 94]}
				]
			},
			{
				"name": "_sittingHiddenSkirt",
				"pivot": [0, 9.75, 1],
				"rotation": [-62.5, 0, 0]
			},
			{
				"name": "lowerkimonoleft2",
				"parent": "_sittingHiddenSkirt",
				"pivot": [0, 7.75, 1],
				"rotation": [0, 0, 75],
				"cubes": [
					{"origin": [-2.88927, 5.51635, 2.50774], "size": [4.775, 1, 1], "uv": [33, 92]},
					{"origin": [-2.86427, 5.51635, -1.86726], "size": [4.75, 1, 1], "uv": [33, 96]}
				]
			},
			{
				"name": "bone7",
				"parent": "lowerkimonoleft2",
				"pivot": [3.14057, 6.64721, 0.9625],
				"rotation": [0, 0, -45],
				"cubes": [
					{"origin": [1.41838, 6.79008, 2.50774], "size": [4.85, 1, 1], "uv": [33, 100]},
					{"origin": [1.41838, 6.79008, -1.86726], "size": [4.85, 1, 1], "uv": [33, 104]}
				]
			},
			{
				"name": "bone8",
				"parent": "bone7",
				"pivot": [7.22449, 7.35366, 0.775],
				"rotation": [0, 0, -28.25],
				"cubes": [
					{"origin": [6.13525, 7.31268, -1.86726], "size": [1.125, 1.05, 5.375], "uv": [33, 108]}
				]
			},
			{
				"name": "lowerkimonoright2",
				"parent": "_sittingHiddenSkirt",
				"pivot": [0, -0.25, 1],
				"cubes": [
					{"origin": [-3.6, 6.44698, -1.74226], "size": [5.35, 3.5, 5.125], "uv": [54, 40]},
					{"origin": [-3.5, 4.02198, -1.74226], "size": [2.225, 2.45, 5.125], "uv": [54, 31]}
				]
			},
			{
				"name": "bone9",
				"parent": "lowerkimonoright2",
				"pivot": [-0.69625, 4.61785, -1.725],
				"rotation": [0, 0, -25.5],
				"cubes": [
					{"origin": [-3.46378, 4.3146, -1.79226], "size": [3.275, 1.05, 0.925], "uv": [64, 28]},
					{"origin": [-3.46378, 4.3146, 2.50774], "size": [3.275, 1.05, 0.925], "uv": [46, 28]}
				]
			},
			{
				"name": "bone10",
				"parent": "lowerkimonoright2",
				"pivot": [-0.69625, 4.61785, -1.725],
				"cubes": [
					{"origin": [-3.98862, 3.15268, -1.79226], "size": [0.925, 1.05, 5.225], "uv": [54, 18]}
				]
			},
			{
				"name": "lowerkimonoleftmiddle2",
				"parent": "_sittingHiddenSkirt",
				"pivot": [0, -0.25, 1],
				"cubes": [
					{"origin": [-1.95, 6.44698, -1.81726], "size": [5.35, 3.5, 5.3], "uv": [55, 68]},
					{"origin": [-0.975, 5.12198, -1.81726], "size": [4.275, 1.35, 5.3], "uv": [63, 60]},
					{"origin": [0.775, 4.02198, -1.81726], "size": [2.525, 1.1, 5.3], "uv": [54, 51]}
				]
			},
			{
				"name": "bone11",
				"parent": "_sittingHiddenSkirt",
				"pivot": [0, 7.87622, -0.49824],
				"rotation": [-27.5, 0, 0],
				"cubes": [
					{"origin": [-3.375, 9.87622, -0.49824], "size": [6.775, 2.675, 2.5], "uv": [33, 2]}
				]
			},
			{
				"name": "sittingHiddenSkirt",
				"pivot": [0, 0, 0]
			},
			{
				"name": "lowerkimonoleftmiddle",
				"parent": "sittingHiddenSkirt",
				"pivot": [0, 0, 0],
				"cubes": [
					{"origin": [-1.85, 6.499, -3.175], "size": [5.35, 3.5, 6.3], "uv": [55, 68]},
					{"origin": [-0.875, 5.174, -3.175], "size": [4.275, 1.35, 6.3], "uv": [63, 60]},
					{"origin": [0.875, 4.074, -3.175], "size": [2.525, 1.1, 6.3], "uv": [54, 51]}
				]
			},
			{
				"name": "lowerkimonoright",
				"parent": "sittingHiddenSkirt",
				"pivot": [0, 0, 0],
				"cubes": [
					{"origin": [-3.5, 6.499, -3.1], "size": [5.35, 3.5, 6.125], "uv": [54, 40]},
					{"origin": [-3.4, 4.074, -3.1], "size": [2.225, 2.45, 6.125], "uv": [54, 31]}
				]
			},
			{
				"name": "bone3",
				"parent": "lowerkimonoright",
				"pivot": [-0.69625, 4.86785, -2.725],
				"rotation": [0, 0, -25.5],
				"cubes": [
					{"origin": [-3.45875, 4.34285, -3.15], "size": [3.275, 1.05, 0.925], "uv": [64, 28]},
					{"origin": [-3.45875, 4.34285, 2.15], "size": [3.275, 1.05, 0.925], "uv": [46, 28]}
				]
			},
			{
				"name": "bone4",
				"parent": "lowerkimonoright",
				"pivot": [-0.69625, 4.86785, -2.725],
				"cubes": [
					{"origin": [-3.88862, 3.2047, -3.15], "size": [0.925, 1.05, 6.225], "uv": [54, 18]}
				]
			},
			{
				"name": "lowerkimonoleft",
				"parent": "sittingHiddenSkirt",
				"pivot": [0, 8, 0],
				"rotation": [0, 0, 75],
				"cubes": [
					{"origin": [-2.67215, 5.8117, 2.15], "size": [4.775, 1, 1], "uv": [33, 92]},
					{"origin": [-2.64715, 5.8117, -3.225], "size": [4.75, 1, 1], "uv": [33, 96]}
				]
			},
			{
				"name": "bone",
				"parent": "lowerkimonoleft",
				"pivot": [3.14057, 6.89721, -0.0375],
				"rotation": [0, 0, -45],
				"cubes": [
					{"origin": [1.60397, 6.91862, 2.15], "size": [4.85, 1, 1], "uv": [33, 100]},
					{"origin": [1.60397, 6.91862, -3.225], "size": [4.85, 1, 1], "uv": [33, 104]}
				]
			},
			{
				"name": "bone2",
				"parent": "bone",
				"pivot": [7.22449, 7.60366, -0.225],
				"rotation": [0, 0, -28.25],
				"cubes": [
					{"origin": [6.24125, 7.36785, -3.225], "size": [1.125, 1.05, 6.375], "uv": [33, 108]}
				]
			}
		]
	}
}