{
	"format_version": "1.10.0",
	"geometry.model": {
		"texturewidth": 128,
		"textureheight": 128,
		"visible_bounds_width": 3,
		"visible_bounds_height": 4,
		"visible_bounds_offset": [0, 1, 0],
		"bones": [
			{
				"name": "head",
				"pivot": [0, 18, 0],
				"cubes": [
					{"origin": [-4, 18, -4], "size": [8, 8, 8], "uv": [0, 0]}
				]
			},
			{
				"name": "blink",
				"parent": "head",
				"pivot": [0, 18, 0],
				"cubes": [
					{"origin": [-4, 18, -4.001], "size": [8, 8, 0], "uv": [0, 17]}
				]
			},
			{
				"name": "hair",
				"parent": "head",
				"pivot": [0, 0, 0],
				"cubes": [
					{"origin": [-4.1, 17.05, -4.2], "size": [8.2, 9.05, 8.3], "uv": [53, 0]}
				]
			},
			{
				"name": "armRight",
				"pivot": [-3, 17.5, 0],
				"rotation": [0, 0, 25],
				"cubes": [
					{"origin": [-5, 8.5, -1], "size": [2, 8, 2], "uv": [0, 33]},
					{"origin": [-5.5, 13.5, -1.5], "size": [3, 4, 3], "uv": [0, 26]}
				]
			},
			{
				"name": "armLeft",
				"pivot": [3, 17.5, 0],
				"rotation": [0, 0, -25],
				"cubes": [
					{"origin": [2.5, 13.5, -1.5], "size": [3, 4, 3], "uv": [12, 26]},
					{"origin": [3, 8.5, -1], "size": [2, 8, 2], "uv": [9, 33]}
				]
			},
			{
				"name": "body",
				"pivot": [0, 10.5, 0],
				"cubes": [
					{"origin": [-3, 11.999, -3], "size": [6, 6, 6], "uv": [56, 16]},
					{"origin": [-3.5, 10, -3.5], "size": [7, 2, 7], "uv": [28, 16]},
					{"origin": [-3.6, 7.249, -1.675], "size": [7.2, 2.75, 3.35], "uv": [0, 88]}
				]
			},
			{
				"name": "schoolbadge",
				"parent": "body",
				"pivot": [0, 0, 0],
				"cubes": [
					{"origin": [1.2, 15.1, -3.05], "size": [0.6, 0.8, 0.1], "uv": [12, 82]},
					{"origin": [1.1, 15.1, -3.05], "size": [0.8, 0.7, 0.1], "uv": [17, 83]}
				]
			},
			{
				"name": "sittingRotationSkirt",
				"parent": "body",
				"pivot": [0, 11, 0]
			},
			{
				"name": "skirt",
				"parent": "sittingRotationSkirt",
				"pivot": [0, 8, 0]
			},
			{
				"name": "bone2",
				"parent": "skirt",
				"pivot": [0, 8, 0]
			},
			{
				"name": "bone3",
				"parent": "bone2",
				"pivot": [0, 8, 4.86624],
				"rotation": [30, 0, 0]
			},
			{
				"name": "bone4",
				"parent": "bone3",
				"pivot": [0, 8, 4.86624],
				"rotation": [0, -18.43495, 0],
				"cubes": [
					{"origin": [-1.57906, 7.56699, 4.12907], "size": [3, 3, 1], "uv": [0, 82]}
				]
			},
			{
				"name": "bone5",
				"parent": "skirt",
				"pivot": [0, 8, 0],
				"rotation": [0, -36, 0]
			},
			{
				"name": "bone6",
				"parent": "bone5",
				"pivot": [0, 8, 4.86624],
				"rotation": [30, 0, 0]
			},
			{
				"name": "bone7",
				"parent": "bone6",
				"pivot": [0, 8, 4.86624],
				"rotation": [0, -18.43495, 0],
				"cubes": [
					{"origin": [-1.57906, 7.56699, 4.12907], "size": [3, 3, 1], "uv": [0, 82]}
				]
			},
			{
				"name": "bone8",
				"parent": "skirt",
				"pivot": [0, 8, 0],
				"rotation": [0, -72, 0]
			},
			{
				"name": "bone9",
				"parent": "bone8",
				"pivot": [0, 8, 4.86624],
				"rotation": [30, 0, 0]
			},
			{
				"name": "bone10",
				"parent": "bone9",
				"pivot": [0, 8, 4.86624],
				"rotation": [0, -18.43495, 0],
				"cubes": [
					{"origin": [-1.57906, 7.56699, 4.12907], "size": [3, 3, 1], "uv": [0, 82]}
				]
			},
			{
				"name": "bone11",
				"parent": "skirt",
				"pivot": [0, 8, 0],
				"rotation": [0, -108, 0]
			},
			{
				"name": "bone12",
				"parent": "bone11",
				"pivot": [0, 8, 4.86624],
				"rotation": [30, 0, 0]
			},
			{
				"name": "bone13",
				"parent": "bone12",
				"pivot": [0, 8, 4.86624],
				"rotation": [0, -18.43495, 0],
				"cubes": [
					{"origin": [-1.57906, 7.56699, 4.12907], "size": [3, 3, 1.1], "uv": [0, 82]}
				]
			},
			{
				"name": "bone14",
				"parent": "skirt",
				"pivot": [0, 8, 0],
				"rotation": [0, -144, 0]
			},
			{
				"name": "bone15",
				"parent": "bone14",
				"pivot": [0, 8, 4.86624],
				"rotation": [30, 0, 0]
			},
			{
				"name": "bone16",
				"parent": "bone15",
				"pivot": [0, 8, 4.86624],
				"rotation": [0, -18.43495, 0],
				"cubes": [
					{"origin": [-1.57906, 7.56699, 4.12907], "size": [3, 3, 1], "uv": [0, 82]}
				]
			},
			{
				"name": "bone17",
				"parent": "skirt",
				"pivot": [0, 8, 0],
				"rotation": [0, -180, 0]
			},
			{
				"name": "bone18",
				"parent": "bone17",
				"pivot": [0, 8, 4.86624],
				"rotation": [30, 0, 0]
			},
			{
				"name": "bone19",
				"parent": "bone18",
				"pivot": [0, 8, 4.86624],
				"rotation": [0, -18.43495, 0],
				"cubes": [
					{"origin": [-1.57906, 7.56699, 4.12907], "size": [3, 3, 1], "uv": [0, 82]}
				]
			},
			{
				"name": "bone20",
				"parent": "skirt",
				"pivot": [0, 8, 0],
				"rotation": [0, -216, 0]
			},
			{
				"name": "bone21",
				"parent": "bone20",
				"pivot": [0, 8, 4.86624],
				"rotation": [30, 0, 0]
			},
			{
				"name": "bone22",
				"parent": "bone21",
				"pivot": [0, 8, 4.86624],
				"rotation": [0, -18.43495, 0],
				"cubes": [
					{"origin": [-1.57906, 7.56699, 4.12907], "size": [3, 3, 1], "uv": [0, 82]}
				]
			},
			{
				"name": "bone23",
				"parent": "skirt",
				"pivot": [0, 8, 0],
				"rotation": [0, -252, 0]
			},
			{
				"name": "bone24",
				"parent": "bone23",
				"pivot": [0, 8, 4.86624],
				"rotation": [30, 0, 0]
			},
			{
				"name": "bone25",
				"parent": "bone24",
				"pivot": [0, 8, 4.86624],
				"rotation": [0, -18.43495, 0],
				"cubes": [
					{"origin": [-1.57906, 7.56699, 4.12907], "size": [3, 3, 1], "uv": [0, 82]}
				]
			},
			{
				"name": "bone26",
				"parent": "skirt",
				"pivot": [0, 8, 0],
				"rotation": [0, -288, 0]
			},
			{
				"name": "bone27",
				"parent": "bone26",
				"pivot": [0, 8, 4.86624],
				"rotation": [30, 0, 0]
			},
			{
				"name": "bone28",
				"parent": "bone27",
				"pivot": [0, 8, 4.86624],
				"rotation": [0, -18.43495, 0],
				"cubes": [
					{"origin": [-1.57906, 7.56699, 4.12907], "size": [3, 3, 1], "uv": [0, 82]}
				]
			},
			{
				"name": "bone29",
				"parent": "skirt",
				"pivot": [0, 8, 0],
				"rotation": [0, -324, 0]
			},
			{
				"name": "bone30",
				"parent": "bone29",
				"pivot": [0, 8, 4.86624],
				"rotation": [30, 0, 0]
			},
			{
				"name": "bone31",
				"parent": "bone30",
				"pivot": [0, 8, 4.86624],
				"rotation": [0, -18.43495, 0],
				"cubes": [
					{"origin": [-1.57906, 7.56699, 4.12907], "size": [3, 3, 1], "uv": [0, 82]}
				]
			},
			{
				"name": "legLeft",
				"pivot": [2, 9, 0],
				"cubes": [
					{"origin": [0.499, 0, -1.5], "size": [3, 9, 3], "uv": [13, 44]},
					{"origin": [0.249, 1, -1.525], "size": [3.5, 1.5, 3.275], "uv": [16, 64]},
					{"origin": [0.349, 2.5, -1.525], "size": [3.3, 2.7, 3.175], "uv": [16, 70]}
				]
			},
			{
				"name": "shoeleft",
				"parent": "legLeft",
				"pivot": [0, 0, 0],
				"cubes": [
					{"origin": [0.449, -0.1, -2.5], "size": [3.1, 1.1, 4.05], "uv": [16, 57]}
				]
			},
			{
				"name": "bone32",
				"parent": "shoeleft",
				"pivot": [1.999, 1, -1.5],
				"rotation": [-35, 0, 0],
				"cubes": [
					{"origin": [0.699, 0.5, -2], "size": [2.6, 1, 1], "uv": [17, 76]}
				]
			},
			{
				"name": "legRight",
				"pivot": [-2, 9, 0],
				"cubes": [
					{"origin": [-3.499, 0, -1.5], "size": [3, 9, 3], "uv": [0, 44]},
					{"origin": [-3.751, 1, -1.525], "size": [3.5, 1.5, 3.275], "uv": [0, 64]},
					{"origin": [-3.651, 2.5, -1.525], "size": [3.3, 2.7, 3.175], "uv": [0, 70]}
				]
			},
			{
				"name": "shoeright",
				"parent": "legRight",
				"pivot": [-4, 0, 0],
				"cubes": [
					{"origin": [-3.551, -0.1, -2.5], "size": [3.1, 1.1, 4.05], "uv": [0, 57]}
				]
			},
			{
				"name": "bone33",
				"parent": "shoeright",
				"pivot": [-2.001, 1, -1.5],
				"rotation": [-35, 0, 0],
				"cubes": [
					{"origin": [-3.301, 0.5, -2], "size": [2.6, 1, 1], "uv": [1, 76]}
				]
			}
		]
	}
}