{
	"format_version": "1.10.0",
	"geometry.model": {
		"texturewidth": 128,
		"textureheight": 128,
		"visible_bounds_width": 4,
		"visible_bounds_height": 4.5,
		"visible_bounds_offset": [0, 0.75, 0],
		"bones": [
			{
				"name": "bb_main",
				"pivot": [0, 0, 0],
				"cubes": [
					{"origin": [-9, -0.05, -17], "size": [20, 0.225, 33], "uv": [0, 70]},
					{"origin": [-9, 0.075, 16], "size": [7, 0.1, 7], "uv": [0, 75]}
				]
			},
			{
				"name": "chair",
				"pivot": [0, 2.275, -15],
				"rotation": [-90, 0, -180]
			},
			{
				"name": "head1",
				"parent": "chair",
				"pivot": [0, 26.275, -15],
				"rotation": [-28.5, 0.25, 0]
			},
			{
				"name": "bone5",
				"parent": "head1",
				"pivot": [0, 30.275, -15],
				"rotation": [0, 180, 0],
				"cubes": [
					{"origin": [-4, 26.275, -19], "size": [8, 8, 8], "uv": [0, 0]}
				]
			},
			{
				"name": "ahoge1",
				"parent": "head1",
				"pivot": [-0.08871, 34.25202, -19.65194],
				"rotation": [0, -157.5, 0]
			},
			{
				"name": "ahogeinner",
				"parent": "ahoge1",
				"pivot": [-0.08871, 34.25202, -19.65194],
				"rotation": [-95, -35, 70],
				"cubes": [
					{"origin": [-0.52743, 33.6562, -20.11109], "size": [1, 1, 1], "uv": [82, 7]}
				]
			},
			{
				"name": "bone7",
				"parent": "ahogeinner",
				"pivot": [0.47491, 34.49946, -18.53729],
				"rotation": [0, 5, 0],
				"cubes": [
					{"origin": [0.11831, 34.20346, -20.30513], "size": [1, 1, 4], "uv": [67, 17]}
				]
			},
			{
				"name": "bone6",
				"parent": "ahogeinner",
				"pivot": [1.47491, 34.49946, -19.53729],
				"rotation": [0, -55, 0],
				"cubes": [
					{"origin": [0.69567, 34.17034, -22.70739], "size": [1, 1, 5], "uv": [68, 1]},
					{"origin": [1.69567, 34.17034, -21.70739], "size": [1, 1, 2], "uv": [67, 8]},
					{"origin": [1.69567, 34.17034, -19.70739], "size": [2, 1, 2], "uv": [67, 13]},
					{"origin": [0.66655, 33.92101, -23.46607], "size": [1, 1, 3], "uv": [80, 1]}
				]
			},
			{
				"name": "body1",
				"parent": "chair",
				"pivot": [0, 26.275, -15],
				"rotation": [0, 180, 0],
				"cubes": [
					{"origin": [-4, 14.275, -17], "size": [8, 12, 4], "uv": [0, 17]}
				]
			},
			{
				"name": "armRight1",
				"parent": "chair",
				"pivot": [-5.325, 24.275, -15],
				"rotation": [0, 180, 5],
				"cubes": [
					{"origin": [-6.65, 14.275, -17], "size": [4, 12, 4], "uv": [0, 34]}
				]
			},
			{
				"name": "armLeft1",
				"parent": "chair",
				"pivot": [5.125, 24.275, -15],
				"rotation": [179.75, 180, -5],
				"cubes": [
					{"origin": [2.25, 14.275, -17], "size": [4, 12, 4], "uv": [17, 34]}
				]
			},
			{
				"name": "legRight1",
				"parent": "chair",
				"pivot": [-1.9, 14.275, -15],
				"rotation": [1, 180, 0],
				"cubes": [
					{"origin": [-3.95236, 2.27614, -17.10471], "size": [4, 12, 4], "uv": [0, 52]}
				]
			},
			{
				"name": "legLeft1",
				"parent": "chair",
				"pivot": [1.9, 14.275, -15],
				"rotation": [1, -180, 0],
				"cubes": [
					{"origin": [-0.04764, 2.27614, -17.10471], "size": [4, 12, 4], "uv": [0, 52], "mirror": true}
				]
			}
		]
	}
}