{
	"format_version": "1.10.0",
	"geometry.model": {
		"texturewidth": 128,
		"textureheight": 128,
		"visible_bounds_width": 3,
		"visible_bounds_height": 4.5,
		"visible_bounds_offset": [0, 0.75, 0],
		"bones": [
			{
				"name": "head",
				"pivot": [0, 24, 0],
				"rotation": [-1, 177.75, 0]
			},
			{
				"name": "bone5",
				"parent": "head",
				"pivot": [0, 28, 0],
				"rotation": [0, 180, 0],
				"cubes": [
					{"origin": [-4, 24, -4], "size": [8, 8, 8], "uv": [0, 0]}
				]
			},
			{
				"name": "blink",
				"parent": "head",
				"pivot": [0, 24, 0],
				"cubes": [
					{"origin": [-4, 24, 3.01], "size": [8, 8, 1], "uv": [34, 0]}
				]
			},
			{
				"name": "ahoge",
				"parent": "head",
				"pivot": [-0.08871, 31.97702, -4.65194],
				"rotation": [0, -157.5, 0]
			},
			{
				"name": "ahogeinner",
				"parent": "ahoge",
				"pivot": [-0.08871, 31.97702, -4.65194],
				"rotation": [-95, -35, 70],
				"cubes": [
					{"origin": [-0.52743, 31.3812, -5.11109], "size": [1, 1, 1], "uv": [82, 7]}
				]
			},
			{
				"name": "bone7",
				"parent": "ahogeinner",
				"pivot": [0.47491, 32.22446, -3.53729],
				"rotation": [0, 5, 0],
				"cubes": [
					{"origin": [0.11831, 31.92846, -5.30513], "size": [1, 1, 4], "uv": [67, 17]}
				]
			},
			{
				"name": "bone6",
				"parent": "ahogeinner",
				"pivot": [1.47491, 32.22446, -4.53729],
				"rotation": [0, -55, 0],
				"cubes": [
					{"origin": [0.69567, 31.89534, -7.70739], "size": [1, 1, 5], "uv": [68, 1]},
					{"origin": [1.69567, 31.89534, -6.70739], "size": [1, 1, 2], "uv": [67, 8]},
					{"origin": [1.69567, 31.89534, -4.70739], "size": [2, 1, 2], "uv": [67, 13]},
					{"origin": [0.66655, 31.64601, -8.46607], "size": [1, 1, 3], "uv": [80, 1]}
				]
			},
			{
				"name": "body",
				"pivot": [0, 24, 0],
				"rotation": [0, 180, 0],
				"cubes": [
					{"origin": [-4, 12, -2], "size": [8, 12, 4], "uv": [0, 17]}
				]
			},
			{
				"name": "chestPlate",
				"parent": "body",
				"pivot": [0, 18, 0],
				"cubes": [
					{"origin": [-4, 12, -2.025], "size": [8, 12, 4.125], "uv": [0, 70], "inflate": 0.25}
				]
			},
			{
				"name": "_chestPlate",
				"parent": "body",
				"pivot": [0, 22, 0]
			},
			{
				"name": "tie",
				"parent": "_chestPlate",
				"pivot": [0, 0, -0.775],
				"cubes": [
					{"origin": [-0.425, 20.975, 1.425], "size": [1, 2, 1], "uv": [56, 1]},
					{"origin": [-1.425, 14, 1.3], "size": [3, 7, 1], "uv": [56, 1]}
				]
			},
			{
				"name": "bone2",
				"parent": "tie",
				"pivot": [-0.425, 21.675, 1.3],
				"rotation": [0, 0, 55],
				"cubes": [
					{"origin": [-0.69312, 21.89998, 1.3], "size": [2, 1, 1], "uv": [56, 1]}
				]
			},
			{
				"name": "bone3",
				"parent": "bone2",
				"pivot": [6.28842, 16.95365, 1.8],
				"rotation": [0, 0, -15],
				"cubes": [
					{"origin": [5.19308, 16.7295, 1.3], "size": [2, 1, 1], "uv": [56, 1]}
				]
			},
			{
				"name": "bone",
				"parent": "tie",
				"pivot": [-0.425, 21.675, 1.3],
				"rotation": [0, 0, 125],
				"cubes": [
					{"origin": [-1.28528, 21.2934, 1.3], "size": [2, 1, 1], "uv": [56, 1]}
				]
			},
			{
				"name": "bone4",
				"parent": "bone",
				"pivot": [5.71484, 27.2155, 1.8],
				"rotation": [0, 0, 15],
				"cubes": [
					{"origin": [4.6195, 26.43965, 1.3], "size": [2, 1, 1], "uv": [56, 1]}
				]
			},
			{
				"name": "armRight",
				"pivot": [-5.325, 22, 0],
				"rotation": [0, 180, 5],
				"cubes": [
					{"origin": [-6.65, 12, -2], "size": [4, 12, 4], "uv": [0, 34]}
				]
			},
			{
				"name": "chestPlateRight",
				"parent": "armRight",
				"pivot": [-4.64182, 19.20482, 0],
				"rotation": [0, -5, 0],
				"cubes": [
					{"origin": [-6.64182, 14.20482, -2], "size": [4, 10, 4], "uv": [18, 88], "inflate": 0.25}
				]
			},
			{
				"name": "armRightPositioningBone",
				"parent": "armRight",
				"pivot": [-5.325, 22, 0]
			},
			{
				"name": "armLeft",
				"pivot": [5.125, 22, 0],
				"rotation": [-0.25, 180, -5],
				"cubes": [
					{"origin": [2.25, 12, -2], "size": [4, 12, 4], "uv": [17, 34]}
				]
			},
			{
				"name": "chestPlateLeft",
				"parent": "armLeft",
				"pivot": [3.79315, 19.19174, -0.00068],
				"cubes": [
					{"origin": [2.29125, 14.23532, -2.00087], "size": [4, 10, 4], "uv": [0, 88], "inflate": 0.25}
				]
			},
			{
				"name": "armLeftPositioningBone",
				"parent": "armLeft",
				"pivot": [5.125, 22, 0]
			},
			{
				"name": "legRight",
				"pivot": [-1.9, 12, 0],
				"rotation": [1, 180, 0],
				"cubes": [
					{"origin": [-3.95236, 0.00114, -2.10471], "size": [4, 12, 4], "uv": [0, 52]}
				]
			},
			{
				"name": "leggingsRight",
				"parent": "legRight",
				"pivot": [-1.69, 6.00087, -0.15001],
				"rotation": [-1.25, 0, 0],
				"cubes": [
					{"origin": [-3.865, 0.00098, -2.12501], "size": [4, 12, 4], "uv": [18, 106], "inflate": 0.25}
				]
			},
			{
				"name": "bootsRight",
				"parent": "legRight",
				"pivot": [0.35, 0, 0],
				"cubes": [
					{"origin": [-4.2, 4.15, -2.65], "size": [5.1, 1, 5.275], "uv": [44, 28]}
				]
			},
			{
				"name": "legLeft",
				"pivot": [1.9, 12, 0],
				"rotation": [1, -180, 0],
				"cubes": [
					{"origin": [-0.04764, 0.00114, -2.10471], "size": [4, 12, 4], "uv": [0, 52], "mirror": true}
				]
			},
			{
				"name": "leggingsLeft",
				"parent": "legLeft",
				"pivot": [1.70001, 11.99738, 0.04996],
				"rotation": [-1.25, 0, 0],
				"mirror": true,
				"cubes": [
					{"origin": [-0.135, -0.00219, -1.97503], "size": [4, 12, 4], "uv": [18, 106], "inflate": 0.25}
				]
			},
			{
				"name": "bootsLeft",
				"parent": "legLeft",
				"pivot": [-0.35, 0, 0],
				"mirror": true,
				"cubes": [
					{"origin": [-0.9, 4.15, -2.65], "size": [5.1, 1, 5.275], "uv": [44, 28]}
				]
			}
		]
	}
}