{
	"format_version": "1.10.0",
	"geometry.model": {
		"texturewidth": 128,
		"textureheight": 128,
		"visible_bounds_width": 3,
		"visible_bounds_height": 4,
		"visible_bounds_offset": [0, 1, 0],
		"bones": [
			{
				"name": "head",
				"pivot": [0, 18, 0]
			},
			{
				"name": "earright",
				"parent": "head",
				"pivot": [-3.3125, 28, -2.8875]
			},
			{
				"name": "bone52",
				"parent": "earright",
				"pivot": [-3.3125, 27.25, -2.1375],
				"rotation": [17.5, -10, -27.5],
				"cubes": [
					{"origin": [-1.32552, 25.77221, -3.30794], "size": [0.175, 4, 0.6], "uv": [0, 71]},
					{"origin": [-2.57552, 29.52221, -3.30794], "size": [1.375, 0.25, 0.6], "uv": [0, 73]}
				]
			},
			{
				"name": "bone64",
				"parent": "bone52",
				"pivot": [-3.3125, 27.25, -2.1375],
				"rotation": [7.5, 0, -10],
				"cubes": [
					{"origin": [-1.85052, 25.77221, -3.30794], "size": [0.45, 1.95, 0.6], "uv": [6, 66]}
				]
			},
			{
				"name": "bone65",
				"parent": "bone52",
				"pivot": [-3.3125, 27.25, -2.2125],
				"rotation": [25, 0, -10],
				"cubes": [
					{"origin": [-2.15052, 25.77221, -3.38294], "size": [0.325, 2.025, 0.6], "uv": [7, 66]}
				]
			},
			{
				"name": "bone66",
				"parent": "bone52",
				"pivot": [-3.3875, 27.25, -2.4125],
				"rotation": [25, -7.5, -10],
				"cubes": [
					{"origin": [-2.52552, 25.77221, -3.58294], "size": [0.3, 1.775, 0.6], "uv": [6, 66]}
				]
			},
			{
				"name": "bone54",
				"parent": "bone52",
				"pivot": [-3.3125, 27.25, -2.1375],
				"rotation": [0, 0, 27.5],
				"cubes": [
					{"origin": [-3.82342, 26.57753, -3.30794], "size": [0.375, 3.25, 0.6], "uv": [0, 71]}
				]
			},
			{
				"name": "bone57",
				"parent": "bone54",
				"pivot": [-3.3125, 29.25, -2.1375],
				"rotation": [20, 0, 0]
			},
			{
				"name": "bone68",
				"parent": "bone57",
				"pivot": [-3.3125, 29.25, -2.1375],
				"rotation": [0, 0, -10],
				"cubes": [
					{"origin": [-2.82342, 28.57753, -2.98294], "size": [0.375, 1.5, 0.275], "uv": [7, 66]}
				]
			},
			{
				"name": "bone61",
				"parent": "bone57",
				"pivot": [-2.68978, 28.38852, -3.39752],
				"rotation": [7.5, 0, 0],
				"cubes": [
					{"origin": [-2.58554, 27.9072, -3.46998], "size": [0.375, 1.5, 0.275], "uv": [7, 66]}
				]
			},
			{
				"name": "bone67",
				"parent": "bone61",
				"pivot": [-2.71478, 28.38852, -3.49752],
				"rotation": [0, 0, 5],
				"cubes": [
					{"origin": [-2.61054, 27.9322, -3.19498], "size": [0.4, 1.5, 0.275], "uv": [6, 66]}
				]
			},
			{
				"name": "bone59",
				"parent": "bone54",
				"pivot": [-3.3125, 28.75, -2.3125],
				"rotation": [20, 0, -5],
				"cubes": [
					{"origin": [-2.82342, 28.07753, -3.15794], "size": [0.325, 1.5, 0.275], "uv": [6, 67]},
					{"origin": [-3.0598, 26.94325, -3.72356], "size": [0.425, 1.5, 0.275], "uv": [6, 67]}
				]
			},
			{
				"name": "bone60",
				"parent": "bone54",
				"pivot": [-3.1375, 27.75, -2.2625],
				"rotation": [20, 0, -12.5]
			},
			{
				"name": "bone58",
				"parent": "bone54",
				"pivot": [-3.4875, 28.575, -2.1125],
				"rotation": [27.5, 0, -35],
				"cubes": [
					{"origin": [-3.04842, 27.90253, -2.95794], "size": [0.425, 1.5, 0.275], "uv": [7, 66]}
				]
			},
			{
				"name": "bone62",
				"parent": "bone58",
				"pivot": [-3.15839, 28.18048, -3.34874],
				"rotation": [0, 0, -5],
				"cubes": [
					{"origin": [-3.3301, 26.92901, -3.54827], "size": [0.45, 2.175, 0.35], "uv": [6, 66]},
					{"origin": [-3.75702, 26.80606, -3.62084], "size": [0.45, 1.825, 0.35], "uv": [7, 66]}
				]
			},
			{
				"name": "bone63",
				"parent": "bone62",
				"pivot": [-3.15839, 27.63048, -3.34874],
				"rotation": [-7.5, 0, 0]
			},
			{
				"name": "bone55",
				"parent": "earright",
				"pivot": [-3.3125, 27.25, -1.6125],
				"rotation": [17.5, -10, -27.5],
				"cubes": [
					{"origin": [-2.57552, 25.77221, -2.68294], "size": [1.25, 4, 0.5], "uv": [0, 65]},
					{"origin": [-2.57552, 25.77221, -2.70794], "size": [1.25, 4, 0], "uv": [5, 75]}
				]
			},
			{
				"name": "bone56",
				"parent": "bone55",
				"pivot": [-3.3125, 27.25, -1.6125],
				"rotation": [0, 0, 27.5],
				"cubes": [
					{"origin": [-3.82342, 26.57753, -2.68294], "size": [1.375, 3.25, 0.5], "uv": [0, 66]},
					{"origin": [-3.82342, 26.57753, -2.70794], "size": [1.375, 3.25, 0], "uv": [5, 75]}
				]
			},
			{
				"name": "earleft",
				"parent": "head",
				"pivot": [3.3125, 28, -2.8875]
			},
			{
				"name": "bone69",
				"parent": "earleft",
				"pivot": [3.3125, 27.25, -2.1375],
				"rotation": [17.5, 10, 27.5],
				"cubes": [
					{"origin": [1.15052, 25.77221, -3.30794], "size": [0.175, 4, 0.6], "uv": [0, 71]},
					{"origin": [1.20052, 29.52221, -3.30794], "size": [1.375, 0.25, 0.6], "uv": [0, 73]}
				]
			},
			{
				"name": "bone70",
				"parent": "bone69",
				"pivot": [3.3125, 27.25, -2.1375],
				"rotation": [7.5, 0, 10],
				"cubes": [
					{"origin": [1.40052, 25.77221, -3.30794], "size": [0.45, 1.95, 0.6], "uv": [7, 66]}
				]
			},
			{
				"name": "bone71",
				"parent": "bone69",
				"pivot": [3.3125, 27.25, -2.2125],
				"rotation": [25, 0, 10],
				"cubes": [
					{"origin": [1.82552, 25.77221, -3.38294], "size": [0.325, 2.025, 0.6], "uv": [6, 66]}
				]
			},
			{
				"name": "bone72",
				"parent": "bone69",
				"pivot": [3.3875, 27.25, -2.4125],
				"rotation": [25, 7.5, 10],
				"cubes": [
					{"origin": [2.22552, 25.77221, -3.58294], "size": [0.3, 1.775, 0.6], "uv": [7, 67]}
				]
			},
			{
				"name": "bone73",
				"parent": "bone69",
				"pivot": [3.3125, 27.25, -2.1375],
				"rotation": [0, 0, -27.5],
				"cubes": [
					{"origin": [3.44842, 26.57753, -3.30794], "size": [0.375, 3.25, 0.6], "uv": [0, 71]}
				]
			},
			{
				"name": "bone74",
				"parent": "bone73",
				"pivot": [3.3125, 29.25, -2.1375],
				"rotation": [20, 0, 0]
			},
			{
				"name": "bone75",
				"parent": "bone74",
				"pivot": [3.3125, 29.25, -2.1375],
				"rotation": [0, 0, 10],
				"cubes": [
					{"origin": [2.44842, 28.57753, -2.98294], "size": [0.375, 1.5, 0.275], "uv": [6, 67]}
				]
			},
			{
				"name": "bone76",
				"parent": "bone74",
				"pivot": [2.68978, 28.38852, -3.39752],
				"rotation": [7.5, 0, 0],
				"cubes": [
					{"origin": [2.21054, 27.9072, -3.46998], "size": [0.375, 1.5, 0.275], "uv": [7, 67]}
				]
			},
			{
				"name": "bone77",
				"parent": "bone76",
				"pivot": [2.71478, 28.38852, -3.49752],
				"rotation": [0, 0, -5],
				"cubes": [
					{"origin": [2.21054, 27.9322, -3.19498], "size": [0.4, 1.5, 0.275], "uv": [7, 67]}
				]
			},
			{
				"name": "bone78",
				"parent": "bone73",
				"pivot": [3.3125, 28.75, -2.3125],
				"rotation": [20, 0, 5],
				"cubes": [
					{"origin": [2.49842, 28.07753, -3.15794], "size": [0.325, 1.5, 0.275], "uv": [6, 66]},
					{"origin": [2.6348, 26.94325, -3.72356], "size": [0.425, 1.5, 0.275], "uv": [6, 67]}
				]
			},
			{
				"name": "bone79",
				"parent": "bone73",
				"pivot": [3.1375, 27.75, -2.2625],
				"rotation": [20, 0, 12.5]
			},
			{
				"name": "bone80",
				"parent": "bone73",
				"pivot": [3.4875, 28.575, -2.1125],
				"rotation": [27.5, 0, 35],
				"cubes": [
					{"origin": [2.62342, 27.90253, -2.95794], "size": [0.425, 1.5, 0.275], "uv": [6, 66]}
				]
			},
			{
				"name": "bone81",
				"parent": "bone80",
				"pivot": [3.15839, 28.18048, -3.34874],
				"rotation": [0, 0, 5],
				"cubes": [
					{"origin": [2.8801, 26.92901, -3.54827], "size": [0.45, 2.175, 0.35], "uv": [6, 66]},
					{"origin": [3.30702, 26.80606, -3.62084], "size": [0.45, 1.825, 0.35], "uv": [6, 68]}
				]
			},
			{
				"name": "bone82",
				"parent": "bone81",
				"pivot": [3.15839, 27.63048, -3.34874],
				"rotation": [-7.5, 0, 0]
			},
			{
				"name": "bone83",
				"parent": "earleft",
				"pivot": [3.3125, 27.25, -1.6125],
				"rotation": [17.5, 10, 27.5],
				"cubes": [
					{"origin": [1.32552, 25.77221, -2.68294], "size": [1.25, 4, 0.5], "uv": [0, 65]},
					{"origin": [1.32552, 25.77221, -2.70794], "size": [1.25, 4, 0], "uv": [5, 75]}
				]
			},
			{
				"name": "bone84",
				"parent": "bone83",
				"pivot": [3.3125, 27.25, -1.6125],
				"rotation": [0, 0, -27.5],
				"cubes": [
					{"origin": [2.44842, 26.57753, -2.68294], "size": [1.375, 3.25, 0.5], "uv": [35, 23]},
					{"origin": [2.44842, 26.57753, -2.70794], "size": [1.375, 3.25, 0], "uv": [5, 76]}
				]
			},
			{
				"name": "hat",
				"parent": "head",
				"pivot": [0, 27.625, 1.5],
				"rotation": [-15, 0, 0],
				"cubes": [
					{"origin": [-5.05, 25.05, -1.75], "size": [10.1, 1.675, 7.525], "uv": [0, 26]}
				]
			},
			{
				"name": "hat2",
				"parent": "head",
				"pivot": [0, 27.625, 1.5],
				"rotation": [-15, 0, 0],
				"cubes": [
					{"origin": [-5.15, 25.65, -2], "size": [10.3, 2.075, 7.975], "uv": [0, 17]}
				]
			},
			{
				"name": "blink",
				"parent": "head",
				"pivot": [0, 18, 0],
				"cubes": [
					{"origin": [-4, 18, -4.001], "size": [8, 8, 0], "uv": [39, 21]}
				]
			},
			{
				"name": "hair",
				"parent": "head",
				"pivot": [0, 18, 0],
				"cubes": [
					{"origin": [4, 21, -4], "size": [1, 5, 2], "uv": [6, 54]},
					{"origin": [4, 19, -3], "size": [0.8, 2, 1], "uv": [0, 85]},
					{"origin": [-4.75, 19, -3], "size": [1.55, 2, 1], "uv": [0, 85]},
					{"origin": [4, 19.2, -2.825], "size": [1.025, 1.175, 0.825], "uv": [0, 72]},
					{"origin": [-5, 21, -4], "size": [1, 5, 2], "uv": [0, 54]},
					{"origin": [-4, 18, -4], "size": [8, 9, 8], "uv": [0, 0]},
					{"origin": [-4.5, 17, -4.75], "size": [1, 4.75, 0.975], "uv": [60, 0]},
					{"origin": [-2.75, 24, -5], "size": [5.5, 2, 1], "uv": [27, 26]},
					{"origin": [-2, 23, -5], "size": [4, 1, 1], "uv": [32, 9]},
					{"origin": [-1, 22.25, -5], "size": [2, 0.75, 1], "uv": [0, 7]},
					{"origin": [-5, 21, -5], "size": [2.25, 5, 1], "uv": [0, 26]},
					{"origin": [2.75, 21, -5], "size": [2.25, 5, 1], "uv": [0, 17]},
					{"origin": [3.5, 17, -4.75], "size": [1, 4.75, 0.975], "uv": [59, 38]},
					{"origin": [-5, 17.75, -2], "size": [1, 8.25, 6], "uv": [0, 35]},
					{"origin": [-5, 17.75, 4], "size": [10, 8.25, 1], "uv": [32, 0]},
					{"origin": [4, 17.75, -2], "size": [1, 8.25, 6], "uv": [14, 35]}
				]
			},
			{
				"name": "PonyTailLeft",
				"parent": "hair",
				"pivot": [9.275, 11.45, 0],
				"rotation": [0, 0, 42.5]
			},
			{
				"name": "bone86",
				"parent": "PonyTailLeft",
				"pivot": [9.275, 11.45, 0],
				"rotation": [0, 0, 76.34497],
				"cubes": [
					{"origin": [8.15, 11, 0.1], "size": [1.125, 0.725, 1.775], "uv": [17, 69]}
				]
			},
			{
				"name": "bone87",
				"parent": "PonyTailLeft",
				"pivot": [9.03892, 12.42177, 0],
				"rotation": [0, 0, 55.33489],
				"cubes": [
					{"origin": [7.88892, 11.97177, -0.325], "size": [1.15, 1.1, 2.5], "uv": [17, 69]}
				]
			},
			{
				"name": "bone88",
				"parent": "PonyTailLeft",
				"pivot": [8.47007, 13.24436, 0],
				"rotation": [0, 0, 43.1154],
				"cubes": [
					{"origin": [7.47007, 12.79436, -0.675], "size": [1, 1.3, 3.15], "uv": [15, 68]}
				]
			},
			{
				"name": "bone89",
				"parent": "PonyTailLeft",
				"pivot": [7.74009, 13.92783, 0],
				"rotation": [0, 0, 35.82613],
				"cubes": [
					{"origin": [6.74009, 13.47783, -0.475], "size": [1.075, 1.125, 2.75], "uv": [17, 69]}
				]
			},
			{
				"name": "bone90",
				"parent": "PonyTailLeft",
				"pivot": [6.92954, 14.51298, 0],
				"rotation": [0, 0, 31.05849],
				"cubes": [
					{"origin": [5.92954, 14.06298, -0.3], "size": [1.05, 0.975, 2.425], "uv": [17, 69]}
				]
			},
			{
				"name": "bone91",
				"parent": "PonyTailLeft",
				"pivot": [6.0731, 15.02877, 0],
				"rotation": [0, 0, 27.68923],
				"cubes": [
					{"origin": [5.0731, 14.57877, -0.125], "size": [1, 0.675, 2.1], "uv": [8, 68]}
				]
			},
			{
				"name": "bone92",
				"parent": "PonyTailLeft",
				"pivot": [5.18735, 15.49359, 0],
				"rotation": [0, 0, 25.16856],
				"cubes": [
					{"origin": [4.18735, 15.04359, -0.05], "size": [1, 0.55, 1.95], "uv": [8, 68]}
				]
			},
			{
				"name": "bone93",
				"parent": "PonyTailLeft",
				"pivot": [4.28208, 15.91897, 0],
				"rotation": [0, 0, 23.20192],
				"cubes": [
					{"origin": [3.28208, 15.46897, 0], "size": [1, 0.45, 1.85], "uv": [8, 68]}
				]
			},
			{
				"name": "bone94",
				"parent": "PonyTailLeft",
				"pivot": [3.36313, 16.31287, 0],
				"rotation": [0, 0, 21.61692],
				"cubes": [
					{"origin": [2.36313, 15.86287, 0], "size": [1, 0.45, 1.85], "uv": [8, 68]}
				]
			},
			{
				"name": "bone95",
				"parent": "PonyTailLeft",
				"pivot": [2.43345, 16.68127, 0],
				"rotation": [0, 0, 20.3068],
				"cubes": [
					{"origin": [1.43345, 16.23127, 0], "size": [1, 0.45, 1.85], "uv": [8, 68]}
				]
			},
			{
				"name": "bone96",
				"parent": "PonyTailLeft",
				"pivot": [1.49595, 17.02819, 0],
				"rotation": [0, 0, 19.20181],
				"cubes": [
					{"origin": [0.49595, 16.57819, 0], "size": [1, 0.45, 1.85], "uv": [8, 68]}
				]
			},
			{
				"name": "bone97",
				"parent": "PonyTailLeft",
				"pivot": [0.55161, 17.35708, 0],
				"rotation": [0, 0, 18.25441],
				"cubes": [
					{"origin": [-3.04839, 16.90708, 0.15], "size": [3.6, 0.45, 1.625], "uv": [15, 65]},
					{"origin": [-3.37339, 16.88208, 0.075], "size": [0.35, 0.65, 1.8], "uv": [10, 65]}
				]
			},
			{
				"name": "PonyTailRight",
				"parent": "hair",
				"pivot": [-9.275, 11.45, 0],
				"rotation": [0, 0, -42.5]
			},
			{
				"name": "bone85",
				"parent": "PonyTailRight",
				"pivot": [-9.275, 11.45, 0],
				"rotation": [0, 0, -76.34497],
				"cubes": [
					{"origin": [-9.275, 11, 0.1], "size": [1.125, 0.725, 1.775], "uv": [18, 70]}
				]
			},
			{
				"name": "bone98",
				"parent": "PonyTailRight",
				"pivot": [-9.03892, 12.42177, 0],
				"rotation": [0, 0, -55.33489],
				"cubes": [
					{"origin": [-9.03892, 11.97177, -0.325], "size": [1.15, 1.1, 2.5], "uv": [16, 68]}
				]
			},
			{
				"name": "bone99",
				"parent": "PonyTailRight",
				"pivot": [-8.47007, 13.24436, 0],
				"rotation": [0, 0, -43.1154],
				"cubes": [
					{"origin": [-8.47007, 12.79436, -0.675], "size": [1, 1.3, 3.15], "uv": [15, 68]}
				]
			},
			{
				"name": "bone100",
				"parent": "PonyTailRight",
				"pivot": [-7.74009, 13.92783, 0],
				"rotation": [0, 0, -35.82613],
				"cubes": [
					{"origin": [-7.81509, 13.47783, -0.475], "size": [1.075, 1.125, 2.75], "uv": [16, 68]}
				]
			},
			{
				"name": "bone101",
				"parent": "PonyTailRight",
				"pivot": [-6.92954, 14.51298, 0],
				"rotation": [0, 0, -31.05849],
				"cubes": [
					{"origin": [-6.97954, 14.06298, -0.3], "size": [1.05, 0.975, 2.425], "uv": [17, 68]}
				]
			},
			{
				"name": "bone102",
				"parent": "PonyTailRight",
				"pivot": [-6.0731, 15.02877, 0],
				"rotation": [0, 0, -27.68923],
				"cubes": [
					{"origin": [-6.0731, 14.57877, -0.125], "size": [1, 0.675, 2.1], "uv": [8, 68]}
				]
			},
			{
				"name": "bone103",
				"parent": "PonyTailRight",
				"pivot": [-5.18735, 15.49359, 0],
				"rotation": [0, 0, -25.16856],
				"cubes": [
					{"origin": [-5.18735, 15.04359, -0.05], "size": [1, 0.55, 1.95], "uv": [9, 68]}
				]
			},
			{
				"name": "bone104",
				"parent": "PonyTailRight",
				"pivot": [-4.28208, 15.91897, 0],
				"rotation": [0, 0, -23.20192],
				"cubes": [
					{"origin": [-4.28208, 15.46897, 0], "size": [1, 0.45, 1.85], "uv": [9, 68]}
				]
			},
			{
				"name": "bone105",
				"parent": "PonyTailRight",
				"pivot": [-3.36313, 16.31287, 0],
				"rotation": [0, 0, -21.61692],
				"cubes": [
					{"origin": [-3.36313, 15.86287, 0], "size": [1, 0.45, 1.85], "uv": [9, 68]}
				]
			},
			{
				"name": "bone106",
				"parent": "PonyTailRight",
				"pivot": [-2.43345, 16.68127, 0],
				"rotation": [0, 0, -20.3068],
				"cubes": [
					{"origin": [-2.43345, 16.23127, 0], "size": [1, 0.45, 1.85], "uv": [8, 68]}
				]
			},
			{
				"name": "bone107",
				"parent": "PonyTailRight",
				"pivot": [-1.49595, 17.02819, 0],
				"rotation": [0, 0, -19.20181],
				"cubes": [
					{"origin": [-1.49595, 16.57819, 0], "size": [1, 0.45, 1.85], "uv": [9, 69]}
				]
			},
			{
				"name": "bone108",
				"parent": "PonyTailRight",
				"pivot": [-0.55161, 17.35708, 0],
				"rotation": [0, 0, -18.25441],
				"cubes": [
					{"origin": [-0.55161, 16.90708, 0.15], "size": [3.6, 0.45, 1.625], "uv": [15, 65]},
					{"origin": [3.02339, 16.88208, 0.075], "size": [0.35, 0.65, 1.8], "uv": [10, 65]}
				]
			},
			{
				"name": "ribbonhairLeft",
				"parent": "head",
				"pivot": [0, 0, 0]
			},
			{
				"name": "bone109",
				"parent": "ribbonhairLeft",
				"pivot": [0, 0, -0.175]
			},
			{
				"name": "bone128",
				"parent": "bone109",
				"pivot": [20, -9, 0.975],
				"rotation": [15, 0, 84]
			},
			{
				"name": "bone129",
				"parent": "bone128",
				"pivot": [20, -9, 0.975],
				"rotation": [0, 0, -51.82436],
				"cubes": [
					{"origin": [-10.15717, 12.01722, -2.06661], "size": [1, 0.125, 0.5], "uv": [0, 74]}
				]
			},
			{
				"name": "bone130",
				"parent": "bone128",
				"pivot": [20.61816, -8.21377, 0.975],
				"rotation": [0, 0, -26.37667],
				"cubes": [
					{"origin": [-15.69763, -2.20595, -2.21661], "size": [1, 0.125, 0.725], "uv": [0, 74]}
				]
			},
			{
				"name": "bone131",
				"parent": "bone128",
				"pivot": [21.51367, -7.76969, 0.975],
				"rotation": [0, 0, -19.6721],
				"cubes": [
					{"origin": [-15.26978, -6.04368, -2.26661], "size": [1, 0.125, 0.85], "uv": [0, 74]}
				]
			},
			{
				"name": "bone132",
				"parent": "bone128",
				"pivot": [22.45508, -7.43313, 0.975],
				"rotation": [0, 0, -16.32206],
				"cubes": [
					{"origin": [-14.37368, -7.85976, -2.34161], "size": [1, 0.125, 1], "uv": [0, 74]}
				]
			},
			{
				"name": "bone133",
				"parent": "bone128",
				"pivot": [23.41504, -7.15202, 0.975],
				"rotation": [0, 0, -14.23455],
				"cubes": [
					{"origin": [-13.37829, -8.91997, -2.34161], "size": [1, 0.125, 1], "uv": [0, 74]}
				]
			},
			{
				"name": "bone134",
				"parent": "bone128",
				"pivot": [24.38477, -6.90602, 0.975],
				"rotation": [0, 0, -12.77835],
				"cubes": [
					{"origin": [-12.35493, -9.60845, -2.34161], "size": [1, 0.125, 1], "uv": [0, 74]}
				]
			},
			{
				"name": "bone135",
				"parent": "bone128",
				"pivot": [25.36035, -6.68476, 0.975],
				"rotation": [0, 0, -11.68981],
				"cubes": [
					{"origin": [-11.32375, -10.0847, -2.34161], "size": [1, 0.125, 1], "uv": [0, 74]}
				]
			},
			{
				"name": "bone136",
				"parent": "bone109",
				"pivot": [19.775, -9, -0.525],
				"rotation": [-37.5, 0, 84]
			},
			{
				"name": "bone137",
				"parent": "bone136",
				"pivot": [19.775, -9, -0.525],
				"rotation": [0, 0, -51.82436],
				"cubes": [
					{"origin": [-8.06584, 13.9134, 6.96607], "size": [1, 0.05, 0.475], "uv": [0, 74]}
				]
			},
			{
				"name": "bone138",
				"parent": "bone136",
				"pivot": [20.39316, -8.21377, -0.525],
				"rotation": [0, 0, -26.37667],
				"cubes": [
					{"origin": [-14.61357, 0.43384, 6.89107], "size": [1, 0.125, 0.675], "uv": [0, 74]}
				]
			},
			{
				"name": "bone139",
				"parent": "bone136",
				"pivot": [21.28867, -7.76969, -0.525],
				"rotation": [0, 0, -19.6721],
				"cubes": [
					{"origin": [-14.50287, -3.26911, 6.81607], "size": [1, 0.125, 0.85], "uv": [0, 74]}
				]
			},
			{
				"name": "bone140",
				"parent": "bone136",
				"pivot": [22.23008, -7.43313, -0.525],
				"rotation": [0, 0, -16.32206],
				"cubes": [
					{"origin": [-13.7706, -5.03197, 6.74107], "size": [1, 0.125, 1], "uv": [0, 74]}
				]
			},
			{
				"name": "bone141",
				"parent": "bone136",
				"pivot": [23.19004, -7.15202, -0.525],
				"rotation": [0, 0, -14.23455],
				"cubes": [
					{"origin": [-12.87876, -6.06389, 6.74107], "size": [1, 0.125, 1], "uv": [0, 74]}
				]
			},
			{
				"name": "bone142",
				"parent": "bone136",
				"pivot": [24.15977, -6.90602, -0.525],
				"rotation": [0, 0, -12.77835],
				"cubes": [
					{"origin": [-11.92822, -6.73489, 6.74107], "size": [1, 0.125, 1], "uv": [0, 74]}
				]
			},
			{
				"name": "bone143",
				"parent": "bone136",
				"pivot": [25.13535, -6.68476, -0.525],
				"rotation": [0, 0, -11.68981],
				"cubes": [
					{"origin": [-10.95174, -7.19926, 6.74107], "size": [1, 0.125, 1], "uv": [0, 74]}
				]
			},
			{
				"name": "bone144",
				"parent": "ribbonhairLeft",
				"pivot": [11, 0, -0.9],
				"rotation": [0, 0, -25]
			},
			{
				"name": "bone145",
				"parent": "bone144",
				"pivot": [41, 0.1, -0.85],
				"rotation": [17.5, -172.5, -52.5]
			},
			{
				"name": "bone146",
				"parent": "bone145",
				"pivot": [48, 24.1, 2.15],
				"rotation": [0, 0, -62.5]
			},
			{
				"name": "bone147",
				"parent": "bone146",
				"pivot": [48, 24.1, 2.15],
				"rotation": [0, 0, -51.82436],
				"cubes": [
					{"origin": [60.50613, 31.08666, 7.2262], "size": [0.325, 0, 0.55], "uv": [2, 73]}
				]
			},
			{
				"name": "bone148",
				"parent": "bone146",
				"pivot": [48.61816, 24.88623, 2.15],
				"rotation": [0, 0, -26.37667],
				"cubes": [
					{"origin": [56.29933, 36.27871, 7.2262], "size": [0.275, 0, 0.55], "uv": [2, 73]}
				]
			},
			{
				"name": "bone149",
				"parent": "bone146",
				"pivot": [49.51367, 25.33031, 2.15],
				"rotation": [0, 0, -19.6721],
				"cubes": [
					{"origin": [55.09262, 37.45707, 7.2262], "size": [0.925, 0, 0.55], "uv": [2, 73]}
				]
			},
			{
				"name": "bone150",
				"parent": "bone145",
				"pivot": [34, 24.1, 2.15],
				"rotation": [0, 0, 62.5]
			},
			{
				"name": "bone151",
				"parent": "bone150",
				"pivot": [34, 24.1, 2.15],
				"rotation": [0, 0, 51.82436],
				"cubes": [
					{"origin": [24.89136, 22.85162, 7.2262], "size": [0.325, 0, 0.55], "uv": [2, 73]}
				]
			},
			{
				"name": "bone152",
				"parent": "bone150",
				"pivot": [33.38184, 24.88623, 2.15],
				"rotation": [0, 0, 26.37667],
				"cubes": [
					{"origin": [25.2485, 27.24315, 7.2262], "size": [0.275, 0, 0.55], "uv": [2, 73]}
				]
			},
			{
				"name": "bone153",
				"parent": "bone150",
				"pivot": [32.48633, 25.33031, 2.15],
				"rotation": [0, 0, 19.6721],
				"cubes": [
					{"origin": [24.75151, 28.50398, 7.2262], "size": [0.925, 0, 0.55], "uv": [2, 73]}
				]
			},
			{
				"name": "bone154",
				"parent": "bone144",
				"pivot": [41.3, 0.125, -9.05],
				"rotation": [-37.5, -170, -67.5]
			},
			{
				"name": "bone155",
				"parent": "bone154",
				"pivot": [48.3, 24.125, -6.05],
				"rotation": [0, 0, -62.5]
			},
			{
				"name": "bone156",
				"parent": "bone155",
				"pivot": [48.3, 24.125, -6.05],
				"rotation": [0, 0, -51.82436],
				"cubes": [
					{"origin": [49.43655, 43.93504, -38.70617], "size": [0.325, 0, 0.525], "uv": [2, 73]}
				]
			},
			{
				"name": "bone157",
				"parent": "bone155",
				"pivot": [48.91816, 24.91123, -6.05],
				"rotation": [0, 0, -26.37667],
				"cubes": [
					{"origin": [40.82282, 42.99759, -38.70617], "size": [0.275, 0, 0.525], "uv": [2, 73]}
				]
			},
			{
				"name": "bone158",
				"parent": "bone155",
				"pivot": [49.81367, 25.35531, -6.05],
				"rotation": [0, 0, -19.6721],
				"cubes": [
					{"origin": [38.94249, 42.28826, -38.70617], "size": [0.925, 0, 0.525], "uv": [2, 73]}
				]
			},
			{
				"name": "bone159",
				"parent": "bone154",
				"pivot": [34.3, 24.125, -6.05],
				"rotation": [0, 0, 62.5]
			},
			{
				"name": "bone160",
				"parent": "bone159",
				"pivot": [34.3, 24.125, -6.05],
				"rotation": [0, 0, 51.82436],
				"cubes": [
					{"origin": [42.3291, 22.93938, -38.70617], "size": [0.325, 0, 0.525], "uv": [2, 73]}
				]
			},
			{
				"name": "bone161",
				"parent": "bone159",
				"pivot": [33.68184, 24.91123, -6.05],
				"rotation": [0, 0, 26.37667],
				"cubes": [
					{"origin": [41.05047, 19.96096, -38.70617], "size": [0.275, 0, 0.525], "uv": [2, 73]}
				]
			},
			{
				"name": "bone162",
				"parent": "bone159",
				"pivot": [32.78633, 25.35531, -6.05],
				"rotation": [0, 0, 19.6721],
				"cubes": [
					{"origin": [39.59436, 19.46191, -38.70617], "size": [0.925, 0, 0.525], "uv": [2, 73]}
				]
			},
			{
				"name": "ribbonhairRight",
				"parent": "head",
				"pivot": [0, 0, 0]
			},
			{
				"name": "bone112",
				"parent": "ribbonhairRight",
				"pivot": [0, 0, -0.175]
			},
			{
				"name": "bone113",
				"parent": "bone112",
				"pivot": [-20, -9, 0.975],
				"rotation": [15, 0, -84]
			},
			{
				"name": "bone114",
				"parent": "bone113",
				"pivot": [-20, -9, 0.975],
				"rotation": [0, 0, 51.82436],
				"cubes": [
					{"origin": [9.15717, 12.01722, -2.06661], "size": [1, 0.125, 0.5], "uv": [0, 74]}
				]
			},
			{
				"name": "bone115",
				"parent": "bone113",
				"pivot": [-20.61816, -8.21377, 0.975],
				"rotation": [0, 0, 26.37667],
				"cubes": [
					{"origin": [14.69763, -2.20595, -2.21661], "size": [1, 0.125, 0.725], "uv": [0, 74]}
				]
			},
			{
				"name": "bone116",
				"parent": "bone113",
				"pivot": [-21.51367, -7.76969, 0.975],
				"rotation": [0, 0, 19.6721],
				"cubes": [
					{"origin": [14.26978, -6.04368, -2.26661], "size": [1, 0.125, 0.85], "uv": [0, 74]}
				]
			},
			{
				"name": "bone117",
				"parent": "bone113",
				"pivot": [-22.45508, -7.43313, 0.975],
				"rotation": [0, 0, 16.32206],
				"cubes": [
					{"origin": [13.37368, -7.85976, -2.34161], "size": [1, 0.125, 1], "uv": [0, 74]}
				]
			},
			{
				"name": "bone118",
				"parent": "bone113",
				"pivot": [-23.41504, -7.15202, 0.975],
				"rotation": [0, 0, 14.23455],
				"cubes": [
					{"origin": [12.37829, -8.91997, -2.34161], "size": [1, 0.125, 1], "uv": [0, 74]}
				]
			},
			{
				"name": "bone119",
				"parent": "bone113",
				"pivot": [-24.38477, -6.90602, 0.975],
				"rotation": [0, 0, 12.77835],
				"cubes": [
					{"origin": [11.35493, -9.60845, -2.34161], "size": [1, 0.125, 1], "uv": [0, 74]}
				]
			},
			{
				"name": "bone120",
				"parent": "bone113",
				"pivot": [-25.36035, -6.68476, 0.975],
				"rotation": [0, 0, 11.68981],
				"cubes": [
					{"origin": [10.32375, -10.0847, -2.34161], "size": [1, 0.125, 1], "uv": [0, 74]}
				]
			},
			{
				"name": "bone121",
				"parent": "bone112",
				"pivot": [-19.775, -9, -0.525],
				"rotation": [-37.5, 0, -84]
			},
			{
				"name": "bone122",
				"parent": "bone121",
				"pivot": [-19.775, -9, -0.525],
				"rotation": [0, 0, 51.82436],
				"cubes": [
					{"origin": [7.06584, 13.9134, 6.96607], "size": [1, 0.05, 0.475], "uv": [0, 74]}
				]
			},
			{
				"name": "bone123",
				"parent": "bone121",
				"pivot": [-20.39316, -8.21377, -0.525],
				"rotation": [0, 0, 26.37667],
				"cubes": [
					{"origin": [13.61357, 0.43384, 6.89107], "size": [1, 0.125, 0.675], "uv": [0, 74]}
				]
			},
			{
				"name": "bone124",
				"parent": "bone121",
				"pivot": [-21.28867, -7.76969, -0.525],
				"rotation": [0, 0, 19.6721],
				"cubes": [
					{"origin": [13.50287, -3.26911, 6.81607], "size": [1, 0.125, 0.85], "uv": [0, 74]}
				]
			},
			{
				"name": "bone125",
				"parent": "bone121",
				"pivot": [-22.23008, -7.43313, -0.525],
				"rotation": [0, 0, 16.32206],
				"cubes": [
					{"origin": [12.7706, -5.03197, 6.74107], "size": [1, 0.125, 1], "uv": [0, 74]}
				]
			},
			{
				"name": "bone126",
				"parent": "bone121",
				"pivot": [-23.19004, -7.15202, -0.525],
				"rotation": [0, 0, 14.23455],
				"cubes": [
					{"origin": [11.87876, -6.06389, 6.74107], "size": [1, 0.125, 1], "uv": [0, 74]}
				]
			},
			{
				"name": "bone127",
				"parent": "bone121",
				"pivot": [-24.15977, -6.90602, -0.525],
				"rotation": [0, 0, 12.77835],
				"cubes": [
					{"origin": [10.92822, -6.73489, 6.74107], "size": [1, 0.125, 1], "uv": [0, 74]}
				]
			},
			{
				"name": "bone163",
				"parent": "bone121",
				"pivot": [-25.13535, -6.68476, -0.525],
				"rotation": [0, 0, 11.68981],
				"cubes": [
					{"origin": [9.95174, -7.19926, 6.74107], "size": [1, 0.125, 1], "uv": [0, 74]}
				]
			},
			{
				"name": "bone164",
				"parent": "ribbonhairRight",
				"pivot": [-11, 0, -0.9],
				"rotation": [0, 0, 25]
			},
			{
				"name": "bone165",
				"parent": "bone164",
				"pivot": [-41, 0.1, -0.85],
				"rotation": [17.5, 172.5, 52.5]
			},
			{
				"name": "bone166",
				"parent": "bone165",
				"pivot": [-48, 24.1, 2.15],
				"rotation": [0, 0, 62.5]
			},
			{
				"name": "bone167",
				"parent": "bone166",
				"pivot": [-48, 24.1, 2.15],
				"rotation": [0, 0, 51.82436],
				"cubes": [
					{"origin": [-60.83113, 31.08666, 7.2262], "size": [0.325, 0, 0.55], "uv": [0, 74]}
				]
			},
			{
				"name": "bone168",
				"parent": "bone166",
				"pivot": [-48.61816, 24.88623, 2.15],
				"rotation": [0, 0, 26.37667],
				"cubes": [
					{"origin": [-56.57433, 36.27871, 7.2262], "size": [0.275, 0, 0.55], "uv": [0, 74]}
				]
			},
			{
				"name": "bone169",
				"parent": "bone166",
				"pivot": [-49.51367, 25.33031, 2.15],
				"rotation": [0, 0, 19.6721],
				"cubes": [
					{"origin": [-56.01762, 37.45707, 7.2262], "size": [0.925, 0, 0.55], "uv": [0, 74]}
				]
			},
			{
				"name": "bone170",
				"parent": "bone165",
				"pivot": [-34, 24.1, 2.15],
				"rotation": [0, 0, -62.5]
			},
			{
				"name": "bone171",
				"parent": "bone170",
				"pivot": [-34, 24.1, 2.15],
				"rotation": [0, 0, -51.82436],
				"cubes": [
					{"origin": [-25.21636, 22.85162, 7.2262], "size": [0.325, 0, 0.55], "uv": [0, 74]}
				]
			},
			{
				"name": "bone172",
				"parent": "bone170",
				"pivot": [-33.38184, 24.88623, 2.15],
				"rotation": [0, 0, -26.37667],
				"cubes": [
					{"origin": [-25.5235, 27.24315, 7.2262], "size": [0.275, 0, 0.55], "uv": [0, 74]}
				]
			},
			{
				"name": "bone173",
				"parent": "bone170",
				"pivot": [-32.48633, 25.33031, 2.15],
				"rotation": [0, 0, -19.6721],
				"cubes": [
					{"origin": [-25.67651, 28.50398, 7.2262], "size": [0.925, 0, 0.55], "uv": [0, 74]}
				]
			},
			{
				"name": "bone174",
				"parent": "bone164",
				"pivot": [-41.3, 0.125, -9.05],
				"rotation": [-37.5, 170, 67.5]
			},
			{
				"name": "bone175",
				"parent": "bone174",
				"pivot": [-48.3, 24.125, -6.05],
				"rotation": [0, 0, 62.5]
			},
			{
				"name": "bone176",
				"parent": "bone175",
				"pivot": [-48.3, 24.125, -6.05],
				"rotation": [0, 0, 51.82436],
				"cubes": [
					{"origin": [-49.76155, 43.93504, -38.70617], "size": [0.325, 0, 0.525], "uv": [0, 74]}
				]
			},
			{
				"name": "bone177",
				"parent": "bone175",
				"pivot": [-48.91816, 24.91123, -6.05],
				"rotation": [0, 0, 26.37667],
				"cubes": [
					{"origin": [-41.09782, 42.99759, -38.70617], "size": [0.275, 0, 0.525], "uv": [0, 74]}
				]
			},
			{
				"name": "bone178",
				"parent": "bone175",
				"pivot": [-49.81367, 25.35531, -6.05],
				"rotation": [0, 0, 19.6721],
				"cubes": [
					{"origin": [-39.86749, 42.28826, -38.70617], "size": [0.925, 0, 0.525], "uv": [0, 74]}
				]
			},
			{
				"name": "bone179",
				"parent": "bone174",
				"pivot": [-34.3, 24.125, -6.05],
				"rotation": [0, 0, -62.5]
			},
			{
				"name": "bone180",
				"parent": "bone179",
				"pivot": [-34.3, 24.125, -6.05],
				"rotation": [0, 0, -51.82436],
				"cubes": [
					{"origin": [-42.6541, 22.93938, -38.70617], "size": [0.325, 0, 0.525], "uv": [0, 74]}
				]
			},
			{
				"name": "bone181",
				"parent": "bone179",
				"pivot": [-33.68184, 24.91123, -6.05],
				"rotation": [0, 0, -26.37667],
				"cubes": [
					{"origin": [-41.32547, 19.96096, -38.70617], "size": [0.275, 0, 0.525], "uv": [0, 74]}
				]
			},
			{
				"name": "bone182",
				"parent": "bone179",
				"pivot": [-32.78633, 25.35531, -6.05],
				"rotation": [0, 0, -19.6721],
				"cubes": [
					{"origin": [-40.51936, 19.46191, -38.70617], "size": [0.925, 0, 0.525], "uv": [0, 74]}
				]
			},
			{
				"name": "mic",
				"parent": "head",
				"pivot": [0, 0, 0.3],
				"cubes": [
					{"origin": [5, 19.6, -2.575], "size": [0.45, 0.25, 0.35], "uv": [1, 73]}
				]
			},
			{
				"name": "bone197",
				"parent": "mic",
				"pivot": [7.225, 19.125, 0.05],
				"rotation": [127.5, 120, -135]
			},
			{
				"name": "bone198",
				"parent": "bone197",
				"pivot": [24.20257, 34.56255, 2.723],
				"rotation": [0, 0, 76.34497],
				"cubes": [
					{"origin": [41.00463, 17.06217, -0.9854], "size": [1, 0.25, 0.25], "uv": [1, 73]}
				]
			},
			{
				"name": "bone199",
				"parent": "bone198",
				"pivot": [26.16196, 31.10776, 3.58672],
				"rotation": [-2.5, 180, 20],
				"cubes": [
					{"origin": [5.50729, 23.35139, 8.09216], "size": [1.075, 0.425, 0.525], "uv": [1, 73]}
				]
			},
			{
				"name": "bone200",
				"parent": "bone197",
				"pivot": [23.96649, 35.53432, 2.723],
				"rotation": [0, 0, 55.33489],
				"cubes": [
					{"origin": [33.4002, 12.79818, -0.9854], "size": [1, 0.25, 0.25], "uv": [1, 73]}
				]
			},
			{
				"name": "bone201",
				"parent": "bone197",
				"pivot": [23.39764, 36.35691, 2.723],
				"rotation": [0, 0, 43.1154],
				"cubes": [
					{"origin": [27.83561, 11.92184, -0.9854], "size": [1, 0.25, 0.25], "uv": [1, 73]}
				]
			},
			{
				"name": "bone202",
				"parent": "bone197",
				"pivot": [22.66766, 37.04038, 2.723],
				"rotation": [0, 0, 35.82613],
				"cubes": [
					{"origin": [23.99311, 12.11081, -0.9854], "size": [1, 0.25, 0.25], "uv": [1, 73]}
				]
			},
			{
				"name": "bone203",
				"parent": "bone197",
				"pivot": [21.85711, 37.62553, 2.723],
				"rotation": [0, 0, 31.05849],
				"cubes": [
					{"origin": [21.12327, 12.58807, -0.9854], "size": [1, 0.25, 0.25], "uv": [1, 73]}
				]
			},
			{
				"name": "bone196",
				"parent": "mic",
				"pivot": [-3.5, 3.5, -11],
				"rotation": [0, -90, 0],
				"cubes": [
					{"origin": [1.6, 16.35, -22.55], "size": [7, 7, 0], "uv": [0, 90], "inflate": -3}
				]
			},
			{
				"name": "armRight",
				"pivot": [-3, 17.5, 0],
				"rotation": [0, 0, 25],
				"cubes": [
					{"origin": [-5, 8.5, -1], "size": [2, 8, 2], "uv": [48, 51]},
					{"origin": [-5.5, 11.5, -1.5], "size": [3, 6, 3], "uv": [50, 41]},
					{"origin": [-6, 9.75, -2], "size": [4, 1.75, 4], "uv": [0, 49]}
				]
			},
			{
				"name": "armLeft",
				"pivot": [3, 17.5, 0],
				"rotation": [0, 0, -25],
				"cubes": [
					{"origin": [2.5, 11.5, -1.5], "size": [3, 6, 3], "uv": [16, 49]},
					{"origin": [2, 9.75, -2], "size": [4, 1.75, 4], "uv": [46, 29]},
					{"origin": [3, 8.5, -1], "size": [2, 8, 2], "uv": [40, 51]}
				]
			},
			{
				"name": "body",
				"pivot": [0, 10.5, 0],
				"cubes": [
					{"origin": [-3, 8.999, -3], "size": [6, 9, 6], "uv": [28, 29]},
					{"origin": [-2.725, 8.999, -3.025], "size": [0.05, 9, 0.025], "uv": [30, 75]},
					{"origin": [2.725, 8.999, -3.025], "size": [0.05, 9, 0.025], "uv": [30, 75]},
					{"origin": [-2.025, 12.849, -3.05], "size": [0.6, 0.6, 0.05], "uv": [20, 76]},
					{"origin": [1.475, 12.849, -3.05], "size": [0.6, 0.6, 0.05], "uv": [20, 76]},
					{"origin": [-0.30689, 16.55589, -3.21318], "size": [0.65, 0.725, 0.25], "uv": [7, 67]},
					{"origin": [-3.25, 10.425, -3.25], "size": [6.5, 0.575, 6.525], "uv": [25, 66]},
					{"origin": [-0.475, 10.775, -3.275], "size": [0.275, 0.075, 0.025], "uv": [35, 76]},
					{"origin": [-0.475, 10.6, -3.275], "size": [0.075, 0.25, 0.025], "uv": [35, 76]},
					{"origin": [0.425, 10.6, -3.275], "size": [0.075, 0.25, 0.025], "uv": [35, 76]},
					{"origin": [-0.475, 10.525, -3.275], "size": [0.975, 0.075, 0.025], "uv": [35, 76]},
					{"origin": [-1.25, 11, -3.325], "size": [2.5, 0.5, 6.6], "uv": [49, 66]},
					{"origin": [-3.5, 9.75, -3.325], "size": [2.25, 1.75, 6.6], "uv": [48, 3]},
					{"origin": [1.25, 9.75, -3.325], "size": [2.25, 1.75, 6.6], "uv": [40, 44]}
				]
			},
			{
				"name": "bone190",
				"parent": "body",
				"pivot": [-2.5, 17.224, -3.0125],
				"cubes": [
					{"origin": [-2.675, 16.424, -3.05], "size": [0.925, 1.575, 0.05], "uv": [17, 76]}
				]
			},
			{
				"name": "bone192",
				"parent": "body",
				"pivot": [2.2, 17.224, -3.0125],
				"cubes": [
					{"origin": [1.8, 16.424, -3.05], "size": [0.925, 1.575, 0.05], "uv": [17, 76]}
				]
			},
			{
				"name": "bobs",
				"parent": "body",
				"pivot": [0, 15.499, -2.925],
				"rotation": [-39.25, 0, 0],
				"cubes": [
					{"origin": [-3, 14.4926, -3.58318], "size": [6, 1.7, 1.425], "uv": [51, 16]},
					{"origin": [2.725, 14.4676, -3.60818], "size": [0.05, 1.725, 1.45], "uv": [30, 75]},
					{"origin": [-2.725, 14.4676, -3.60818], "size": [0.05, 1.725, 1.45], "uv": [30, 75]},
					{"origin": [-1.95, 15.7176, -3.5932], "size": [3.375, 0.475, 0.015], "uv": [23, 76]},
					{"origin": [-2, 14.4426, -3.50818], "size": [0.575, 0.075, 0.575], "uv": [20, 76]},
					{"origin": [1.4, 14.4426, -3.50818], "size": [0.575, 0.075, 0.525], "uv": [20, 76]},
					{"origin": [1.725, 15.1426, -3.63318], "size": [0.8, 0.275, 0.05], "uv": [0, 79]},
					{"origin": [1.725, 14.5426, -3.63318], "size": [0.8, 0.6, 0.05], "uv": [44, 72]}
				]
			},
			{
				"name": "bone191",
				"parent": "bobs",
				"pivot": [-2.5375, 15.3426, -3.62068],
				"rotation": [0, 0, -70],
				"cubes": [
					{"origin": [-2.03733, 12.81176, -3.60915], "size": [0.7, 2.85, 0.05], "uv": [17, 75]}
				]
			},
			{
				"name": "bone193",
				"parent": "bobs",
				"pivot": [2.5375, 15.3426, -3.62068],
				"rotation": [0, 0, 70],
				"cubes": [
					{"origin": [1.33733, 12.81176, -3.63415], "size": [0.8, 2.85, 0.1], "uv": [17, 76], "mirror": true}
				]
			},
			{
				"name": "bone194",
				"parent": "bobs",
				"pivot": [1.84983, 11.79926, -3.52165],
				"rotation": [0, 0, 82.5],
				"cubes": [
					{"origin": [-1.91694, 7.7415, -3.63415], "size": [0.5, 2.65, 0.1], "uv": [17, 76], "mirror": true}
				]
			},
			{
				"name": "bone50",
				"parent": "bobs",
				"pivot": [0, 15.274, -3.8375],
				"rotation": [0, 0, -45],
				"cubes": [
					{"origin": [-0.36311, 14.93589, -3.73318], "size": [1, 0.95, 0.1], "uv": [6, 68]},
					{"origin": [-0.31311, 14.98589, -3.75818], "size": [0.125, 0.9, 0], "uv": [10, 76]},
					{"origin": [-0.31311, 14.98589, -3.75818], "size": [0.95, 0.1, 0], "uv": [10, 76]}
				]
			},
			{
				"name": "bone51",
				"parent": "bone50",
				"pivot": [0.76189, 15.41089, -3.64568],
				"rotation": [0, 0, 17.5],
				"cubes": [
					{"origin": [0.48552, 14.92029, -3.73318], "size": [0.3, 1.175, 0.15], "uv": [6, 66]}
				]
			},
			{
				"name": "bone53",
				"parent": "bone50",
				"pivot": [0.76189, 15.41089, -3.64568],
				"rotation": [0, 0, 75],
				"cubes": [
					{"origin": [0.01191, 14.44717, -3.73318], "size": [0.25, 1.175, 0.15], "uv": [7, 66]}
				]
			},
			{
				"name": "collar",
				"parent": "body",
				"pivot": [-1, 17.499, -3.05],
				"rotation": [-10, 0, 37.5],
				"cubes": [
					{"origin": [-2.25, 16.999, -3.05], "size": [1.8, 1, 0], "uv": [36, 11]},
					{"origin": [-0.45, 16.999, -3.055], "size": [0.2, 0.8, 0], "uv": [13, 76]}
				]
			},
			{
				"name": "collar2",
				"parent": "body",
				"pivot": [1, 17.499, -3.05],
				"rotation": [-10, 0, -37.5],
				"cubes": [
					{"origin": [0.475, 16.999, -3.05], "size": [1.775, 1, 0], "uv": [29, 32]},
					{"origin": [0.25, 16.999, -3.055], "size": [0.225, 1, 0], "uv": [13, 76]}
				]
			},
			{
				"name": "sittingRotationSkirt",
				"parent": "body",
				"pivot": [0, 10.5, 0]
			},
			{
				"name": "bone",
				"parent": "sittingRotationSkirt",
				"pivot": [0, 6, 0]
			},
			{
				"name": "bone2",
				"parent": "bone",
				"pivot": [0, 6, 0]
			},
			{
				"name": "bone3",
				"parent": "bone2",
				"pivot": [0, 6, 7.10973],
				"rotation": [45, 0, 0]
			},
			{
				"name": "bone4",
				"parent": "bone3",
				"pivot": [0, 6, 7.10973],
				"rotation": [0, -45, 0],
				"cubes": [
					{"origin": [-1, 8, 7.68473], "size": [1.625, 4, 0], "uv": [42, 61]},
					{"origin": [-1, 7.9, 7.63473], "size": [1.6, 4.1, 0.025], "uv": [0, 77]},
					{"origin": [0.625, 8, 6.10973], "size": [0, 4, 1.575], "uv": [32, 55]},
					{"origin": [0.55, 7.9, 6.10973], "size": [0.05, 4.1, 1.525], "uv": [0, 77]}
				]
			},
			{
				"name": "bone5",
				"parent": "bone",
				"pivot": [0, 6, 0],
				"rotation": [0, -22.5, 0]
			},
			{
				"name": "bone6",
				"parent": "bone5",
				"pivot": [0, 6, 7.10973],
				"rotation": [45, 0, 0]
			},
			{
				"name": "bone7",
				"parent": "bone6",
				"pivot": [0, 6, 7.10973],
				"rotation": [0, -45, 0],
				"cubes": [
					{"origin": [-1, 8, 7.65973], "size": [1.625, 4, 0.025], "uv": [40, 61]},
					{"origin": [-1, 7.9, 7.63473], "size": [1.6, 4.1, 0.025], "uv": [0, 77]},
					{"origin": [0.625, 8, 6.10973], "size": [0, 4, 1.575], "uv": [30, 55]},
					{"origin": [0.55, 7.9, 6.10973], "size": [0.05, 4.1, 1.525], "uv": [0, 77]}
				]
			},
			{
				"name": "bone8",
				"parent": "bone",
				"pivot": [0, 6, 0],
				"rotation": [0, -45, 0]
			},
			{
				"name": "bone9",
				"parent": "bone8",
				"pivot": [0, 6, 7.10973],
				"rotation": [45, 0, 0]
			},
			{
				"name": "bone10",
				"parent": "bone9",
				"pivot": [0, 6, 7.10973],
				"rotation": [0, -45, 0],
				"cubes": [
					{"origin": [-1, 8, 7.68473], "size": [1.625, 4, 0], "uv": [61, 38]},
					{"origin": [-1, 7.9, 7.63473], "size": [1.6, 4.1, 0.025], "uv": [0, 77]},
					{"origin": [0.625, 8, 6.10973], "size": [0, 4, 1.575], "uv": [28, 55]},
					{"origin": [0.55, 7.9, 6.10973], "size": [0.05, 4.1, 1.525], "uv": [0, 77]}
				]
			},
			{
				"name": "bone11",
				"parent": "bone",
				"pivot": [0, 6, 0],
				"rotation": [0, -67.5, 0]
			},
			{
				"name": "bone12",
				"parent": "bone11",
				"pivot": [0, 6, 7.10973],
				"rotation": [45, 0, 0]
			},
			{
				"name": "bone13",
				"parent": "bone12",
				"pivot": [0, 6, 7.10973],
				"rotation": [0, -45, 0],
				"cubes": [
					{"origin": [-1, 8, 7.68473], "size": [1.625, 4, 0], "uv": [60, 58]},
					{"origin": [0.625, 8, 6.10973], "size": [0, 4, 1.575], "uv": [14, 53]}
				]
			},
			{
				"name": "bone14",
				"parent": "bone",
				"pivot": [0, 6, 0],
				"rotation": [0, -90, 0]
			},
			{
				"name": "bone15",
				"parent": "bone14",
				"pivot": [0, 6, 7.10973],
				"rotation": [45, 0, 0]
			},
			{
				"name": "bone16",
				"parent": "bone15",
				"pivot": [0, 6, 7.10973],
				"rotation": [0, -45, 0],
				"cubes": [
					{"origin": [-1, 8, 7.68473], "size": [1.625, 4, 0], "uv": [60, 54]},
					{"origin": [0.625, 8, 6.10973], "size": [0, 4, 1.575], "uv": [12, 53]}
				]
			},
			{
				"name": "bone17",
				"parent": "bone",
				"pivot": [0, 6, 0],
				"rotation": [0, -112.5, 0]
			},
			{
				"name": "bone18",
				"parent": "bone17",
				"pivot": [0, 6, 7.10973],
				"rotation": [45, 0, 0]
			},
			{
				"name": "bone19",
				"parent": "bone18",
				"pivot": [0, 6, 7.10973],
				"rotation": [0, -45, 0],
				"cubes": [
					{"origin": [-1, 8, 7.68473], "size": [1.625, 4, 0], "uv": [60, 50]},
					{"origin": [0.625, 8, 6.10973], "size": [0, 4, 1.575], "uv": [48, 28]}
				]
			},
			{
				"name": "bone20",
				"parent": "bone",
				"pivot": [0, 6, 0],
				"rotation": [0, -135, 0]
			},
			{
				"name": "bone21",
				"parent": "bone20",
				"pivot": [0, 6, 7.10973],
				"rotation": [45, 0, 0]
			},
			{
				"name": "bone22",
				"parent": "bone21",
				"pivot": [0, 6, 7.10973],
				"rotation": [0, -45, 0],
				"cubes": [
					{"origin": [-1, 8, 7.68473], "size": [1.625, 4, 0], "uv": [38, 60]},
					{"origin": [-1, 7.875, 7.60973], "size": [1.6, 4.125, 0.05], "uv": [0, 77]},
					{"origin": [0.625, 8, 6.10973], "size": [0, 4, 1.575], "uv": [14, 48]},
					{"origin": [0.575, 7.875, 6.10973], "size": [0.025, 4.125, 1.575], "uv": [0, 77]}
				]
			},
			{
				"name": "bone23",
				"parent": "bone",
				"pivot": [0, 6, 0],
				"rotation": [0, -157.5, 0]
			},
			{
				"name": "bone24",
				"parent": "bone23",
				"pivot": [0, 6, 7.10973],
				"rotation": [45, 0, 0]
			},
			{
				"name": "bone25",
				"parent": "bone24",
				"pivot": [0, 6, 7.10973],
				"rotation": [0, -45, 0],
				"cubes": [
					{"origin": [-1, 8, 7.68473], "size": [1.625, 4, 0], "uv": [36, 60]},
					{"origin": [-1, 7.875, 7.60973], "size": [1.6, 4.125, 0.05], "uv": [0, 77]},
					{"origin": [0.625, 8, 6.10973], "size": [0, 4, 1.575], "uv": [2, 48]},
					{"origin": [0.575, 7.875, 6.10973], "size": [0.025, 4.125, 1.575], "uv": [0, 77]}
				]
			},
			{
				"name": "bone26",
				"parent": "bone",
				"pivot": [0, 6, 0],
				"rotation": [0, -180, 0]
			},
			{
				"name": "bone27",
				"parent": "bone26",
				"pivot": [0, 6, 7.10973],
				"rotation": [45, 0, 0]
			},
			{
				"name": "bone28",
				"parent": "bone27",
				"pivot": [0, 6, 7.10973],
				"rotation": [0, -45, 0],
				"cubes": [
					{"origin": [-1, 8, 7.68473], "size": [1.625, 4, 0], "uv": [60, 34]},
					{"origin": [-1, 7.875, 7.60973], "size": [1.6, 4.125, 0.05], "uv": [0, 77]},
					{"origin": [0.625, 8, 6.10973], "size": [0, 4, 1.575], "uv": [12, 48]},
					{"origin": [0.575, 7.875, 6.10973], "size": [0.025, 4.125, 1.575], "uv": [0, 77]}
				]
			},
			{
				"name": "bone29",
				"parent": "bone",
				"pivot": [0, 6, 0],
				"rotation": [0, -202.5, 0]
			},
			{
				"name": "bone30",
				"parent": "bone29",
				"pivot": [0, 6, 7.10973],
				"rotation": [45, 0, 0]
			},
			{
				"name": "bone31",
				"parent": "bone30",
				"pivot": [0, 6, 7.10973],
				"rotation": [0, -45, 0],
				"cubes": [
					{"origin": [0.625, 8, 6.10973], "size": [0, 4, 1.575], "uv": [14, 57]},
					{"origin": [0.575, 7.875, 6.10973], "size": [0.025, 4.125, 1.575], "uv": [0, 77]},
					{"origin": [-1, 8, 7.68473], "size": [1.625, 4, 0], "uv": [58, 54]},
					{"origin": [-1, 7.875, 7.60973], "size": [1.6, 4.125, 0.05], "uv": [0, 77]}
				]
			},
			{
				"name": "bone195",
				"parent": "bone31",
				"pivot": [0, 6, 7.10973],
				"cubes": [
					{"origin": [0.63, 8, 6.10973], "size": [0, 0.525, 0.525], "uv": [0, 79]},
					{"origin": [0.63, 9.05, 6.10973], "size": [0, 0.525, 0.525], "uv": [0, 79]},
					{"origin": [0.63, 10.1, 6.10973], "size": [0, 0.525, 0.525], "uv": [31, 82]},
					{"origin": [0.63, 8.525, 6.63473], "size": [0, 0.525, 0.525], "uv": [0, 79]},
					{"origin": [0.63, 9.575, 6.63473], "size": [0, 0.525, 0.525], "uv": [31, 82]},
					{"origin": [0.63, 10.625, 6.63473], "size": [0, 0.525, 0.525], "uv": [35, 80]},
					{"origin": [0.63, 8, 7.15973], "size": [0, 0.525, 0.525], "uv": [0, 79]},
					{"origin": [0.63, 9.05, 7.15973], "size": [0, 0.525, 0.525], "uv": [0, 79]},
					{"origin": [0.63, 10.1, 7.15973], "size": [0, 0.525, 0.525], "uv": [30, 82]}
				]
			},
			{
				"name": "bone32",
				"parent": "bone",
				"pivot": [0, 6, 0],
				"rotation": [0, -225, 0]
			},
			{
				"name": "bone33",
				"parent": "bone32",
				"pivot": [0, 6, 7.10973],
				"rotation": [45, 0, 0]
			},
			{
				"name": "bone34",
				"parent": "bone33",
				"pivot": [0, 6, 7.10973],
				"rotation": [0, -45, 0],
				"cubes": [
					{"origin": [-1, 8, 7.68473], "size": [1.625, 4, 0], "uv": [34, 60]},
					{"origin": [-1, 7.875, 7.60973], "size": [1.6, 4.125, 0.05], "uv": [0, 77]},
					{"origin": [0.625, 8, 6.10973], "size": [0, 4, 1.575], "uv": [12, 57]},
					{"origin": [0.575, 7.875, 6.10973], "size": [0.025, 4.125, 1.575], "uv": [0, 77]}
				]
			},
			{
				"name": "bone35",
				"parent": "bone",
				"pivot": [0, 6, 0],
				"rotation": [0, -247.5, 0]
			},
			{
				"name": "bone36",
				"parent": "bone35",
				"pivot": [0, 6, 7.10973],
				"rotation": [45, 0, 0]
			},
			{
				"name": "bone37",
				"parent": "bone36",
				"pivot": [0, 6, 7.10973],
				"rotation": [0, -45, 0],
				"cubes": [
					{"origin": [-1, 8, 7.68473], "size": [1.625, 4, 0], "uv": [32, 60]},
					{"origin": [0.625, 8, 6.10973], "size": [0, 4, 1.575], "uv": [56, 53]}
				]
			},
			{
				"name": "bone38",
				"parent": "bone",
				"pivot": [0, 6, 0],
				"rotation": [0, -270, 0]
			},
			{
				"name": "bone39",
				"parent": "bone38",
				"pivot": [0, 6, 7.10973],
				"rotation": [45, 0, 0]
			},
			{
				"name": "bone40",
				"parent": "bone39",
				"pivot": [0, 6, 7.10973],
				"rotation": [0, -45, 0],
				"cubes": [
					{"origin": [-1, 8, 7.68473], "size": [1.625, 4, 0], "uv": [30, 60]},
					{"origin": [0.625, 8, 6.10973], "size": [0, 4, 1.575], "uv": [56, 49]}
				]
			},
			{
				"name": "bone41",
				"parent": "bone",
				"pivot": [0, 6, 0],
				"rotation": [0, -292.5, 0]
			},
			{
				"name": "bone42",
				"parent": "bone41",
				"pivot": [0, 6, 7.10973],
				"rotation": [45, 0, 0]
			},
			{
				"name": "bone43",
				"parent": "bone42",
				"pivot": [0, 6, 7.10973],
				"rotation": [0, -45, 0],
				"cubes": [
					{"origin": [-1, 8, 7.68473], "size": [1.625, 4, 0], "uv": [28, 60]},
					{"origin": [0.625, 8, 6.10973], "size": [0, 4, 1.575], "uv": [38, 55]}
				]
			},
			{
				"name": "bone44",
				"parent": "bone",
				"pivot": [0, 6, 0],
				"rotation": [0, -315, 0]
			},
			{
				"name": "bone45",
				"parent": "bone44",
				"pivot": [0, 6, 7.10973],
				"rotation": [45, 0, 0]
			},
			{
				"name": "bone46",
				"parent": "bone45",
				"pivot": [0, 6, 7.10973],
				"rotation": [0, -45, 0],
				"cubes": [
					{"origin": [-1, 8, 7.68473], "size": [1.625, 4, 0], "uv": [60, 26]},
					{"origin": [-1, 7.9, 7.63473], "size": [1.625, 4.1, 0.025], "uv": [0, 77]},
					{"origin": [0.625, 8, 6.10973], "size": [0, 4, 1.575], "uv": [36, 55]},
					{"origin": [0.55, 7.9, 6.10973], "size": [0.05, 4.1, 1.525], "uv": [0, 77]}
				]
			},
			{
				"name": "bone47",
				"parent": "bone",
				"pivot": [0, 6, 0],
				"rotation": [0, -337.5, 0]
			},
			{
				"name": "bone48",
				"parent": "bone47",
				"pivot": [0, 6, 7.10973],
				"rotation": [45, 0, 0]
			},
			{
				"name": "bone49",
				"parent": "bone48",
				"pivot": [0, 6, 7.10973],
				"rotation": [0, -45, 0],
				"cubes": [
					{"origin": [-1, 8, 7.68473], "size": [1.625, 4, 0], "uv": [60, 4]},
					{"origin": [-1, 7.9, 7.63473], "size": [1.6, 4.1, 0.025], "uv": [0, 77]},
					{"origin": [0.625, 8, 6.10973], "size": [0, 4, 1.575], "uv": [34, 55]},
					{"origin": [0.55, 7.9, 6.10973], "size": [0.05, 4.1, 1.525], "uv": [0, 77]}
				]
			},
			{
				"name": "legLeft",
				"pivot": [2, 9, 0],
				"cubes": [
					{"origin": [0.499, 0, -1.5], "size": [3, 9, 3], "uv": [28, 44]}
				]
			},
			{
				"name": "legRight",
				"pivot": [-2, 9, 0],
				"cubes": [
					{"origin": [-3.499, 0, -1.5], "size": [3, 9, 3], "uv": [39, 9]}
				]
			},
			{
				"name": "tail",
				"pivot": [0, 10, 3]
			},
			{
				"name": "1",
				"parent": "tail",
				"pivot": [0, 8, 4],
				"rotation": [20, 0, 0],
				"cubes": [
					{"origin": [-1, 9, 4], "size": [2, 2.4, 2], "uv": [55, 22]}
				]
			},
			{
				"name": "bone110",
				"parent": "tail",
				"pivot": [-4, 2, -4],
				"rotation": [0, -90, 0]
			},
			{
				"name": "bone111",
				"parent": "bone110",
				"pivot": [0, 0, -4],
				"rotation": [0, 0, 76.34497],
				"cubes": [
					{"origin": [-3.41029, 11.7249, -9.15], "size": [1.225, 1.475, 2.225], "uv": [32, 14]}
				]
			},
			{
				"name": "bone183",
				"parent": "bone110",
				"pivot": [-0.23608, 0.97177, -4],
				"rotation": [0, 0, 55.33489],
				"cubes": [
					{"origin": [0.43837, 12.08759, -9.325], "size": [1.925, 2.375, 2.575], "uv": [26, 4]}
				]
			},
			{
				"name": "bone184",
				"parent": "bone110",
				"pivot": [-0.80493, 1.79436, -4],
				"rotation": [0, 0, 43.1154],
				"cubes": [
					{"origin": [2.09918, 11.89613, -9.5], "size": [1.625, 2.9, 3], "uv": [0, 0]}
				]
			},
			{
				"name": "bone185",
				"parent": "bone110",
				"pivot": [-1.53491, 2.47783, -4],
				"rotation": [0, 0, 35.82613]
			},
			{
				"name": "bone186",
				"parent": "bone110",
				"pivot": [-2.34546, 3.06298, -4],
				"rotation": [0, 0, 31.05849],
				"cubes": [
					{"origin": [1.12584, 11.60522, -9.8], "size": [4.075, 3.85, 3.65], "uv": [51, 10]}
				]
			},
			{
				"name": "bone187",
				"parent": "bone110",
				"pivot": [-3.2019, 3.57877, -4],
				"rotation": [0, 0, 27.68923]
			},
			{
				"name": "bone188",
				"parent": "bone110",
				"pivot": [-4.08765, 4.04359, -4],
				"rotation": [0, 0, 25.16856]
			},
			{
				"name": "bone189",
				"parent": "bone110",
				"pivot": [-4.99292, 4.46897, -4],
				"rotation": [0, 0, 23.20192],
				"cubes": [
					{"origin": [0.91072, 12.43836, -9.175], "size": [3.3, 3, 2.375], "uv": [8, 35]}
				]
			}
		]
	}
}