{
	"format_version": "1.10.0",
	"geometry.model": {
		"texturewidth": 128,
		"textureheight": 128,
		"visible_bounds_width": 3,
		"visible_bounds_height": 4,
		"visible_bounds_offset": [0, 1, 0],
		"bones": [
			{
				"name": "head",
				"pivot": [0, 18, 0],
				"cubes": [
					{"origin": [-4, 18, -4], "size": [8, 8, 8], "uv": [0, 0]},
					{"origin": [-4.25, 12, -4.25], "size": [8.5, 14.225, 8.5], "uv": [54, 19]}
				]
			},
			{
				"name": "blink",
				"parent": "head",
				"pivot": [0, 18, 0],
				"cubes": [
					{"origin": [-4, 18, -4.001], "size": [8, 8, 0], "uv": [63, 0]}
				]
			},
			{
				"name": "hairstrip2",
				"parent": "head",
				"pivot": [-2.6, 19, -3.475],
				"rotation": [180, 0, 90]
			},
			{
				"name": "bone46",
				"parent": "hairstrip2",
				"pivot": [-2.6, 19, -3.475],
				"rotation": [0, 0, -42.3452]
			},
			{
				"name": "bone55",
				"parent": "hairstrip2",
				"pivot": [-1.86074, 19.67374, -3.475],
				"rotation": [0, 0, -18.64244],
				"cubes": [
					{"origin": [-1.85735, 19.60278, -4.475], "size": [1, 0.575, 1.75], "uv": [45, 53], "mirror": true}
				]
			},
			{
				"name": "bone56",
				"parent": "hairstrip2",
				"pivot": [-0.91348, 19.99331, -3.475],
				"rotation": [0, 0, 27.21644],
				"cubes": [
					{"origin": [-1.20205, 19.97108, -4.475], "size": [1.3, 0.55, 1.75], "uv": [45, 53], "mirror": true}
				]
			},
			{
				"name": "bone57",
				"parent": "hairstrip2",
				"pivot": [-0.02383, 19.53577, -3.475],
				"rotation": [0, 0, 43.77284],
				"cubes": [
					{"origin": [-0.20653, 19.51772, -4.475], "size": [1.2, 0.55, 1.7], "uv": [45, 53], "mirror": true}
				]
			},
			{
				"name": "bone58",
				"parent": "hairstrip2",
				"pivot": [0.69834, 18.84389, -3.475],
				"rotation": [0, 0, 39.92381],
				"cubes": [
					{"origin": [0.71438, 18.82472, -4.475], "size": [1, 0.55, 1.675], "uv": [45, 53], "mirror": true}
				]
			},
			{
				"name": "bone59",
				"parent": "hairstrip2",
				"pivot": [1.46494, 18.20237, -3.475],
				"rotation": [0, 0, 8.31171],
				"cubes": [
					{"origin": [1.46855, 18.17763, -4.475], "size": [1, 0.275, 1.675], "uv": [45, 53], "mirror": true}
				]
			},
			{
				"name": "bone60",
				"parent": "hairstrip2",
				"pivot": [2.4542, 18.05785, -3.475],
				"rotation": [0, 0, -33.73058],
				"cubes": [
					{"origin": [2.44032, 18.03706, -4.475], "size": [1, 0.225, 1.6], "uv": [45, 53], "mirror": true}
				]
			},
			{
				"name": "bone61",
				"parent": "hairstrip2",
				"pivot": [3.28623, 18.61339, -3.475],
				"rotation": [0, 0, -44.36508],
				"cubes": [
					{"origin": [3.26875, 18.59552, -4.475], "size": [1, 0.225, 1.525], "uv": [45, 53], "mirror": true}
				]
			},
			{
				"name": "hairstrip3",
				"parent": "head",
				"pivot": [2.525, 19, -3.475],
				"rotation": [180, 0, -90]
			},
			{
				"name": "bone62",
				"parent": "hairstrip3",
				"pivot": [2.525, 19, -3.475],
				"rotation": [0, 0, 42.3452]
			},
			{
				"name": "bone63",
				"parent": "hairstrip3",
				"pivot": [1.78574, 19.67374, -3.475],
				"rotation": [0, 0, 18.64244],
				"cubes": [
					{"origin": [0.77436, 19.62647, -4.475], "size": [1, 0.825, 1.75], "uv": [45, 53]}
				]
			},
			{
				"name": "bone64",
				"parent": "hairstrip3",
				"pivot": [0.83848, 19.99331, -3.475],
				"rotation": [0, 0, -27.21644],
				"cubes": [
					{"origin": [-0.16152, 19.99331, -4.475], "size": [1.55, 0.55, 1.75], "uv": [45, 53]}
				]
			},
			{
				"name": "bone65",
				"parent": "hairstrip3",
				"pivot": [-0.05117, 19.53577, -3.475],
				"rotation": [0, 0, -43.77284],
				"cubes": [
					{"origin": [-1.05117, 19.53577, -4.475], "size": [1.2, 0.55, 1.7], "uv": [45, 53]}
				]
			},
			{
				"name": "bone66",
				"parent": "hairstrip3",
				"pivot": [-0.77334, 18.84389, -3.475],
				"rotation": [0, 0, -39.92381],
				"cubes": [
					{"origin": [-1.77334, 18.84389, -4.475], "size": [1, 0.55, 1.675], "uv": [45, 53]}
				]
			},
			{
				"name": "bone67",
				"parent": "hairstrip3",
				"pivot": [-1.53994, 18.20237, -3.475],
				"rotation": [0, 0, -8.31171],
				"cubes": [
					{"origin": [-2.53994, 18.20237, -4.475], "size": [1, 0.275, 1.675], "uv": [45, 53]}
				]
			},
			{
				"name": "bone68",
				"parent": "hairstrip3",
				"pivot": [-2.5292, 18.05785, -3.475],
				"rotation": [0, 0, 33.73058],
				"cubes": [
					{"origin": [-3.5292, 18.05785, -4.475], "size": [1, 0.225, 1.6], "uv": [45, 53]}
				]
			},
			{
				"name": "bone69",
				"parent": "hairstrip3",
				"pivot": [-3.36123, 18.61339, -3.475],
				"rotation": [0, 0, 44.36508],
				"cubes": [
					{"origin": [-4.36123, 18.61339, -4.475], "size": [1, 0.225, 1.525], "uv": [45, 53]}
				]
			},
			{
				"name": "armRight",
				"pivot": [-3, 17.5, 0],
				"rotation": [0, 0, 25],
				"cubes": [
					{"origin": [-5, 8.5, -1], "size": [2, 8, 2], "uv": [0, 20]},
					{"origin": [-5.5, 13, -1.5], "size": [3, 4.5, 3], "uv": [12, 23]},
					{"origin": [-5.6, 13, -1.6], "size": [3.2, 0.5, 3.2], "uv": [18, 65]},
					{"origin": [-5.6, 12.5, -1.6], "size": [3.2, 0.5, 3.2], "uv": [18, 73]},
					{"origin": [-5.6, 12, -1.6], "size": [3.2, 0.5, 3.2], "uv": [18, 65]}
				]
			},
			{
				"name": "armLeft",
				"pivot": [3, 17.5, 0],
				"rotation": [0, 0, -25],
				"cubes": [
					{"origin": [2.5, 13, -1.5], "size": [3, 4.5, 3], "uv": [12, 34]},
					{"origin": [2.4, 13, -1.7], "size": [3.2, 0.5, 3.3], "uv": [0, 65]},
					{"origin": [2.4, 12.5, -1.7], "size": [3.2, 0.5, 3.3], "uv": [0, 73]},
					{"origin": [2.4, 12, -1.7], "size": [3.2, 0.5, 3.3], "uv": [0, 65]},
					{"origin": [3, 8.5, -1], "size": [2, 8, 2], "uv": [0, 31]}
				]
			},
			{
				"name": "body",
				"pivot": [0, 10.5, 0],
				"cubes": [
					{"origin": [-3.05, 10.249, -3.025], "size": [6.1, 7.75, 6.025], "uv": [36, 0]},
					{"origin": [-2.25, 8.999, -1.575], "size": [4.475, 1.2, 3.275], "uv": [42, 69]},
					{"origin": [-0.5, 13.824, -3.525], "size": [1, 0.25, 1], "uv": [45, 21]},
					{"origin": [-0.5, 14.074, -3.525], "size": [1, 0.25, 1], "uv": [44, 33]},
					{"origin": [-0.5, 14.324, -3.525], "size": [1, 0.25, 1], "uv": [44, 26]},
					{"origin": [-1.05, 15.774, -3.2], "size": [2.025, 1.4, 1], "uv": [43, 38]},
					{"origin": [-1.05, 16.524, -3.225], "size": [2.025, 0.4, 1], "uv": [34, 55]}
				]
			},
			{
				"name": "bone43",
				"parent": "body",
				"pivot": [0.5, 12.574, -2.9375],
				"rotation": [0, 0, 40]
			},
			{
				"name": "bone44",
				"parent": "body",
				"pivot": [-0.2, 13.3365, -3.025],
				"rotation": [-15, 0, 8.25],
				"cubes": [
					{"origin": [-0.55, 11.799, -3.525], "size": [0.725, 2.05, 0.475], "uv": [29, 53]}
				]
			},
			{
				"name": "bone45",
				"parent": "body",
				"pivot": [0.3, 13.3365, -3.025],
				"rotation": [-15, 0, -26.75],
				"cubes": [
					{"origin": [-0.15, 11.799, -3.375], "size": [0.825, 2.05, 0.275], "uv": [48, 25]}
				]
			},
			{
				"name": "bone38",
				"parent": "body",
				"pivot": [-1.5, 16.749, -2.2625],
				"rotation": [170, 0, 60],
				"cubes": [
					{"origin": [-3.5, 16.19691, -1.54544], "size": [2.5, 1.55, 0.4], "uv": [29, 39]},
					{"origin": [-0.62296, 16.36377, -1.44552], "size": [2.125, 0.75, 0.25], "uv": [29, 44]},
					{"origin": [-3.39976, 16.51225, -1.51288], "size": [3.625, 1.225, 0.3], "uv": [29, 44]}
				]
			},
			{
				"name": "bone82",
				"parent": "bone38",
				"pivot": [0.43954, 16.73877, -1.32052],
				"rotation": [0, 0, 45],
				"cubes": [
					{"origin": [-0.41803, 16.54328, -1.46288], "size": [0.925, 0.75, 0.25], "uv": [38, 29]}
				]
			},
			{
				"name": "bone40",
				"parent": "bone38",
				"pivot": [-0.375, 17.12191, -1.27044],
				"rotation": [0, 0, 5],
				"cubes": [
					{"origin": [-1.167, 16.14595, -1.54544], "size": [1.35, 1.15, 0.4], "uv": [29, 48]}
				]
			},
			{
				"name": "bone41",
				"parent": "bone38",
				"pivot": [-0.375, 17.12191, -1.27044],
				"rotation": [0, 0, 20]
			},
			{
				"name": "bone39",
				"parent": "body",
				"pivot": [1.5, 16.999, -2.2625],
				"rotation": [170, 0, -60],
				"cubes": [
					{"origin": [0.78349, 16.57001, -1.31715], "size": [2.5, 1.6, 0.15], "uv": [29, 26], "mirror": true},
					{"origin": [-1.24689, 16.72456, -1.49005], "size": [1.675, 0.8, 0.275], "uv": [29, 29], "mirror": true},
					{"origin": [-0.44689, 16.72456, -1.56505], "size": [3.65, 1.375, 0.35], "uv": [29, 33], "mirror": true}
				]
			},
			{
				"name": "bone42",
				"parent": "bone39",
				"pivot": [0.43152, 17.12481, -1.67609],
				"rotation": [0, 0, -5],
				"cubes": [
					{"origin": [-0.35598, 16.54981, -1.56359], "size": [1.425, 1.15, 0.375], "uv": [36, 0], "mirror": true}
				]
			},
			{
				"name": "bone83",
				"parent": "bone39",
				"pivot": [-0.40939, 17.12456, -1.35255],
				"rotation": [0, 0, -45],
				"cubes": [
					{"origin": [-1.42148, 17.19051, -1.49005], "size": [1.675, 0.65, 0.275], "uv": [37, 28], "mirror": true}
				]
			},
			{
				"name": "bone",
				"parent": "body",
				"pivot": [0, 16.574, 3.4],
				"rotation": [15, 0, 0],
				"cubes": [
					{"origin": [-3, 15.074, 3.325], "size": [6, 3, 0.075], "uv": [29, 20]}
				]
			},
			{
				"name": "sittingRotationSkirt",
				"parent": "body",
				"pivot": [0, 11, 0]
			},
			{
				"name": "skirt",
				"parent": "sittingRotationSkirt",
				"pivot": [0, 8, 0]
			},
			{
				"name": "bone2",
				"parent": "skirt",
				"pivot": [0, 8, 0]
			},
			{
				"name": "bone3",
				"parent": "bone2",
				"pivot": [0, 8, 3.73322],
				"rotation": [20, 0, 0]
			},
			{
				"name": "bone4",
				"parent": "bone3",
				"pivot": [0, 8, 3.73322],
				"rotation": [0, -1.4321, 0],
				"cubes": [
					{"origin": [-0.775, 5.575, 3.05822], "size": [2.15, 4.725, 0.7], "uv": [0, 59]}
				]
			},
			{
				"name": "bone5",
				"parent": "skirt",
				"pivot": [0, 8, 0],
				"rotation": [0, -30, 0]
			},
			{
				"name": "bone6",
				"parent": "bone5",
				"pivot": [0, 8, 3.73322],
				"rotation": [20, 0, 0]
			},
			{
				"name": "bone7",
				"parent": "bone6",
				"pivot": [0, 8, 3.73322],
				"rotation": [0, -1.4321, 0],
				"cubes": [
					{"origin": [-0.775, 5.575, 3.05822], "size": [2.15, 4.725, 0.7], "uv": [0, 59]}
				]
			},
			{
				"name": "bone8",
				"parent": "skirt",
				"pivot": [0, 8, 0],
				"rotation": [0, -60, 0]
			},
			{
				"name": "bone9",
				"parent": "bone8",
				"pivot": [0, 8, 3.73322],
				"rotation": [20, 0, 0]
			},
			{
				"name": "bone10",
				"parent": "bone9",
				"pivot": [0, 8, 3.73322],
				"rotation": [0, -1.4321, 0],
				"cubes": [
					{"origin": [-0.775, 5.575, 3.05822], "size": [2.15, 4.725, 0.7], "uv": [0, 59]}
				]
			},
			{
				"name": "bone11",
				"parent": "skirt",
				"pivot": [0, 8, 0],
				"rotation": [0, -90, 0]
			},
			{
				"name": "bone12",
				"parent": "bone11",
				"pivot": [0, 8, 3.73322],
				"rotation": [20, 0, 0]
			},
			{
				"name": "bone13",
				"parent": "bone12",
				"pivot": [0, 8, 3.73322],
				"rotation": [0, -1.4321, 0],
				"cubes": [
					{"origin": [-0.775, 5.575, 3.05822], "size": [2.15, 4.725, 0.7], "uv": [0, 59]}
				]
			},
			{
				"name": "bone14",
				"parent": "skirt",
				"pivot": [0, 8, 0],
				"rotation": [0, -120, 0]
			},
			{
				"name": "bone15",
				"parent": "bone14",
				"pivot": [0, 8, 3.73322],
				"rotation": [20, 0, 0]
			},
			{
				"name": "bone16",
				"parent": "bone15",
				"pivot": [0, 8, 3.73322],
				"rotation": [0, -1.4321, 0],
				"cubes": [
					{"origin": [-0.775, 5.575, 3.05822], "size": [2.15, 4.725, 0.7], "uv": [0, 59]}
				]
			},
			{
				"name": "bone17",
				"parent": "skirt",
				"pivot": [0, 8, 0],
				"rotation": [0, -150, 0]
			},
			{
				"name": "bone18",
				"parent": "bone17",
				"pivot": [0, 8, 3.73322],
				"rotation": [20, 0, 0]
			},
			{
				"name": "bone19",
				"parent": "bone18",
				"pivot": [0, 8, 3.73322],
				"rotation": [0, -1.4321, 0],
				"cubes": [
					{"origin": [-0.775, 5.575, 3.05822], "size": [2.15, 4.725, 0.7], "uv": [0, 59]}
				]
			},
			{
				"name": "bone20",
				"parent": "skirt",
				"pivot": [0, 8, 0],
				"rotation": [0, -180, 0]
			},
			{
				"name": "bone21",
				"parent": "bone20",
				"pivot": [0, 8, 3.73322],
				"rotation": [20, 0, 0]
			},
			{
				"name": "bone22",
				"parent": "bone21",
				"pivot": [0, 8, 3.73322],
				"rotation": [0, -1.4321, 0],
				"cubes": [
					{"origin": [-0.775, 5.575, 3.05822], "size": [2.15, 4.725, 0.7], "uv": [0, 59]}
				]
			},
			{
				"name": "bone23",
				"parent": "skirt",
				"pivot": [0, 8, 0],
				"rotation": [0, -210, 0]
			},
			{
				"name": "bone24",
				"parent": "bone23",
				"pivot": [0, 8, 3.73322],
				"rotation": [20, 0, 0]
			},
			{
				"name": "bone25",
				"parent": "bone24",
				"pivot": [0, 8, 3.73322],
				"rotation": [0, -1.4321, 0],
				"cubes": [
					{"origin": [-0.775, 5.575, 3.05822], "size": [2.15, 4.725, 0.7], "uv": [0, 59]}
				]
			},
			{
				"name": "bone26",
				"parent": "skirt",
				"pivot": [0, 8, 0],
				"rotation": [0, -240, 0]
			},
			{
				"name": "bone27",
				"parent": "bone26",
				"pivot": [0, 8, 3.73322],
				"rotation": [20, 0, 0]
			},
			{
				"name": "bone28",
				"parent": "bone27",
				"pivot": [0, 8, 3.73322],
				"rotation": [0, -1.4321, 0],
				"cubes": [
					{"origin": [-0.775, 5.575, 3.05822], "size": [2.15, 4.725, 0.7], "uv": [0, 59]}
				]
			},
			{
				"name": "bone29",
				"parent": "skirt",
				"pivot": [0, 8, 0],
				"rotation": [0, -270, 0]
			},
			{
				"name": "bone30",
				"parent": "bone29",
				"pivot": [0, 8, 3.73322],
				"rotation": [20, 0, 0]
			},
			{
				"name": "bone31",
				"parent": "bone30",
				"pivot": [0, 8, 3.73322],
				"rotation": [0, -1.4321, 0],
				"cubes": [
					{"origin": [-0.775, 5.575, 3.05822], "size": [2.15, 4.725, 0.7], "uv": [0, 59]}
				]
			},
			{
				"name": "bone32",
				"parent": "skirt",
				"pivot": [0, 8, 0],
				"rotation": [0, -300, 0]
			},
			{
				"name": "bone33",
				"parent": "bone32",
				"pivot": [0, 8, 3.73322],
				"rotation": [20, 0, 0]
			},
			{
				"name": "bone34",
				"parent": "bone33",
				"pivot": [0, 8, 3.73322],
				"rotation": [0, -1.4321, 0],
				"cubes": [
					{"origin": [-0.775, 5.575, 3.05822], "size": [2.15, 4.725, 0.7], "uv": [0, 59]}
				]
			},
			{
				"name": "bone35",
				"parent": "skirt",
				"pivot": [0, 8, 0],
				"rotation": [0, -330, 0]
			},
			{
				"name": "bone36",
				"parent": "bone35",
				"pivot": [0, 8, 3.73322],
				"rotation": [20, 0, 0]
			},
			{
				"name": "bone37",
				"parent": "bone36",
				"pivot": [0, 8, 3.73322],
				"rotation": [0, -1.4321, 0],
				"cubes": [
					{"origin": [-0.775, 5.575, 3.05822], "size": [2.15, 4.725, 0.7], "uv": [0, 59]}
				]
			},
			{
				"name": "legLeft",
				"pivot": [2, 9, 0],
				"cubes": [
					{"origin": [0.249, 0, -1.5], "size": [2.75, 9, 3], "uv": [0, 43]}
				]
			},
			{
				"name": "legRight",
				"pivot": [-2, 9, 0],
				"cubes": [
					{"origin": [-2.999, 0, -1.5], "size": [2.75, 9, 3], "uv": [13, 43]}
				]
			}
		]
	}
}