{
	"format_version": "1.10.0",
	"geometry.model": {
		"texturewidth": 128,
		"textureheight": 128,
		"visible_bounds_width": 3,
		"visible_bounds_height": 3.75,
		"visible_bounds_offset": [0, 1.125, 0],
		"bones": [
			{
				"name": "head",
				"pivot": [0, 17, 0],
				"cubes": [
					{"origin": [-4, 17, -4], "size": [8, 8, 8], "uv": [0, 0]}
				]
			},
			{
				"name": "hair",
				"parent": "head",
				"pivot": [0, 17, 0],
				"cubes": [
					{"origin": [-4.5, 17.5, -5], "size": [1.5, 5.55, 3.25], "uv": [0, 16]},
					{"origin": [3, 17.5, -5], "size": [1.5, 5.55, 3.25], "uv": [0, 0]},
					{"origin": [-4.25, 19.675, -4.675], "size": [1.25, 5.375, 7.675], "uv": [25, 9]},
					{"origin": [-3.25, 24.675, -1.8], "size": [6.25, 0.375, 4.8], "uv": [8, 4]},
					{"origin": [3, 19.675, -4.55], "size": [1.25, 5.375, 7.55], "uv": [24, 25]},
					{"origin": [-3, 22.3, -5.175], "size": [1.75, 2.75, 3.425], "uv": [33, 48]},
					{"origin": [1.25, 22.275, -5.175], "size": [1.75, 2.775, 3.425], "uv": [25, 48]},
					{"origin": [-1.25, 23.05, -5.175], "size": [2.5, 2, 3.425], "uv": [38, 44]},
					{"origin": [-1, 22.25, -5.175], "size": [2, 1, 3.425], "uv": [44, 33]}
				]
			},
			{
				"name": "bone",
				"parent": "hair",
				"pivot": [-6.25, 18.275, 1.5],
				"rotation": [20, 0, 50],
				"cubes": [
					{"origin": [-5.32933, 18.40065, 1.40761], "size": [0.5, 2.55, 1.25], "uv": [5, 0]}
				]
			},
			{
				"name": "bone3",
				"parent": "bone",
				"pivot": [-4.95433, 18.17565, 1.65761],
				"rotation": [35, 0, 0],
				"cubes": [
					{"origin": [-5.22933, 17.78639, 0.28082], "size": [0.4, 0.675, 2.325], "uv": [8, 72]}
				]
			},
			{
				"name": "bone102",
				"parent": "hair",
				"pivot": [6.25, 18.275, 1.5],
				"rotation": [20, 0, -50],
				"cubes": [
					{"origin": [4.82933, 18.40065, 1.40761], "size": [0.5, 2.55, 1.25], "uv": [0, 0]}
				]
			},
			{
				"name": "bone103",
				"parent": "bone102",
				"pivot": [4.95433, 18.17565, 1.65761],
				"rotation": [35, 0, 0],
				"cubes": [
					{"origin": [4.82933, 17.78639, 0.28082], "size": [0.4, 0.675, 2.325], "uv": [8, 72]}
				]
			},
			{
				"name": "bone14",
				"parent": "hair",
				"pivot": [-4.025, 19.7375, 2.375],
				"rotation": [-30, -45, 10],
				"cubes": [
					{"origin": [-4.65, 18.425, 0.575], "size": [2.5, 2.625, 3.6], "uv": [41, 14]}
				]
			},
			{
				"name": "bone97",
				"parent": "bone14",
				"pivot": [-1.31618, 20.33566, 6.99962],
				"rotation": [30, 10, 0],
				"cubes": [
					{"origin": [-3.82691, 20.64739, 3.24251], "size": [1.7, 2.025, 3.525], "uv": [45, 37]}
				]
			},
			{
				"name": "bone98",
				"parent": "bone97",
				"pivot": [-2.97691, 22.03489, 7.38001],
				"rotation": [15, 0, 0],
				"cubes": [
					{"origin": [-3.57691, 21.73419, 6.20338], "size": [1.2, 1.075, 2.025], "uv": [7, 72]}
				]
			},
			{
				"name": "bone104",
				"parent": "hair",
				"pivot": [-3.55, 21.4125, 7.35],
				"rotation": [0, -20, -180],
				"cubes": [
					{"origin": [-6.19232, 22.63229, 3.24575], "size": [2.15, 2.2, 3.15], "uv": [37, 34]}
				]
			},
			{
				"name": "bone105",
				"parent": "bone104",
				"pivot": [-0.84118, 22.01066, 11.97462],
				"rotation": [30, 10, 0],
				"cubes": [
					{"origin": [-4.93427, 25.92945, 6.87371], "size": [1.35, 1.6, 3.075], "uv": [49, 25]}
				]
			},
			{
				"name": "bone106",
				"parent": "bone105",
				"pivot": [-2.50191, 23.70989, 12.35501],
				"rotation": [15, 0, 0],
				"cubes": [
					{"origin": [-4.68427, 27.11159, 10.65865], "size": [0.85, 0.8, 1.575], "uv": [0, 0]}
				]
			},
			{
				"name": "bone118",
				"parent": "bone104",
				"pivot": [-1.96086, 22.01066, 10.36021],
				"rotation": [30, 20, 0],
				"cubes": [
					{"origin": [-6.05396, 25.92945, 5.2593], "size": [1.35, 1.6, 3.075], "uv": [41, 49]}
				]
			},
			{
				"name": "bone119",
				"parent": "bone118",
				"pivot": [-3.62159, 23.70989, 10.7406],
				"rotation": [15, 0, 0],
				"cubes": [
					{"origin": [-5.80396, 27.11159, 9.04424], "size": [0.85, 0.8, 1.575], "uv": [0, 0]}
				]
			},
			{
				"name": "bone120",
				"parent": "bone104",
				"pivot": [-0.25076, 18.01066, 15.05867],
				"rotation": [10, -25, -180],
				"cubes": [
					{"origin": [1.49033, 15.2505, 2.82076], "size": [1.35, 1.6, 3.075], "uv": [48, 11]}
				]
			},
			{
				"name": "bone121",
				"parent": "bone120",
				"pivot": [-1.91149, 19.70989, 15.43907],
				"rotation": [15, 0, 0],
				"cubes": [
					{"origin": [1.74033, 18.50742, 5.12025], "size": [0.85, 0.8, 1.575], "uv": [9, 73]}
				]
			},
			{
				"name": "bone110",
				"parent": "bone104",
				"pivot": [-1.67041, 21.21066, 10.2811],
				"rotation": [50, 10, -10],
				"cubes": [
					{"origin": [-5.20415, 27.65892, 8.55374], "size": [1.35, 1.6, 3.075], "uv": [49, 21]}
				]
			},
			{
				"name": "bone111",
				"parent": "bone110",
				"pivot": [-3.33113, 22.90989, 10.66149],
				"rotation": [15, 0, 0],
				"cubes": [
					{"origin": [-4.95415, 27.88174, 12.87841], "size": [0.85, 0.8, 1.575], "uv": [0, 0]}
				]
			},
			{
				"name": "bone107",
				"parent": "hair",
				"pivot": [0.35, 21.4125, 6.35],
				"rotation": [0, 0, -160],
				"cubes": [
					{"origin": [-2.51732, 22.03229, 2.24575], "size": [2.375, 2.8, 3.6], "uv": [18, 25]}
				]
			},
			{
				"name": "bone108",
				"parent": "bone107",
				"pivot": [3.05882, 22.01066, 10.97462],
				"rotation": [30, 10, 0],
				"cubes": [
					{"origin": [-1.25927, 25.32945, 5.87371], "size": [1.575, 2.2, 3.525], "uv": [13, 44]}
				]
			},
			{
				"name": "bone109",
				"parent": "bone108",
				"pivot": [1.39809, 23.70989, 11.35501],
				"rotation": [15, 0, 0],
				"cubes": [
					{"origin": [-1.00927, 26.43659, 9.65865], "size": [1.075, 1.475, 2.025], "uv": [58, 16]}
				]
			},
			{
				"name": "bone122",
				"parent": "hair",
				"pivot": [0.35, 20.4125, 6.35],
				"rotation": [0, 0, -17.5],
				"cubes": [
					{"origin": [-2.51732, 21.03229, 2.24575], "size": [2.375, 2.8, 3.6], "uv": [18, 25]}
				]
			},
			{
				"name": "bone123",
				"parent": "bone122",
				"pivot": [3.05882, 21.01066, 10.97462],
				"rotation": [30, 10, 0],
				"cubes": [
					{"origin": [-1.25927, 24.32945, 5.87371], "size": [1.575, 2.2, 3.525], "uv": [13, 44]}
				]
			},
			{
				"name": "bone124",
				"parent": "bone123",
				"pivot": [1.39809, 22.70989, 11.35501],
				"rotation": [15, 0, 0],
				"cubes": [
					{"origin": [-1.00927, 25.43659, 9.65865], "size": [1.075, 1.475, 2.025], "uv": [58, 16]}
				]
			},
			{
				"name": "bone125",
				"parent": "hair",
				"pivot": [0.6, 24.9125, 6.35],
				"rotation": [0, 0, -180],
				"cubes": [
					{"origin": [-2.26732, 25.53229, 2.24575], "size": [2.375, 2.8, 3.6], "uv": [18, 25]}
				]
			},
			{
				"name": "bone126",
				"parent": "bone125",
				"pivot": [3.30882, 25.51066, 10.97462],
				"rotation": [30, 10, 0],
				"cubes": [
					{"origin": [-1.00927, 28.82945, 5.87371], "size": [1.575, 2.2, 3.525], "uv": [13, 44]}
				]
			},
			{
				"name": "bone127",
				"parent": "bone126",
				"pivot": [1.64809, 27.20989, 11.35501],
				"rotation": [15, 0, 0],
				"cubes": [
					{"origin": [-0.75927, 29.93659, 9.65865], "size": [1.075, 1.475, 2.025], "uv": [58, 16]}
				]
			},
			{
				"name": "bone128",
				"parent": "hair",
				"pivot": [-2.4, 23.9125, 6.35],
				"rotation": [0, 0, 150],
				"cubes": [
					{"origin": [-5.26732, 24.53229, 2.24575], "size": [2.375, 2.8, 3.6], "uv": [18, 25]}
				]
			},
			{
				"name": "bone129",
				"parent": "bone128",
				"pivot": [0.30882, 24.51066, 10.97462],
				"rotation": [30, 10, 0],
				"cubes": [
					{"origin": [-4.00927, 27.82945, 5.87371], "size": [1.575, 2.2, 3.525], "uv": [13, 44]}
				]
			},
			{
				"name": "bone130",
				"parent": "bone129",
				"pivot": [-1.35191, 26.20989, 11.35501],
				"rotation": [15, 0, 0],
				"cubes": [
					{"origin": [-3.75927, 28.93659, 9.65865], "size": [1.075, 1.475, 2.025], "uv": [58, 16]}
				]
			},
			{
				"name": "bone112",
				"parent": "hair",
				"pivot": [12.55, 31, 5.075],
				"rotation": [0, 0, -145]
			},
			{
				"name": "bone113",
				"parent": "bone112",
				"pivot": [17.78256, 47.90639, 8.44962],
				"rotation": [30, 10, 0],
				"cubes": [
					{"origin": [14.17054, 50.27617, 3.96956], "size": [1.375, 1.125, 2.5], "uv": [30, 48]}
				]
			},
			{
				"name": "bone114",
				"parent": "bone113",
				"pivot": [16.12183, 49.60562, 8.83001],
				"rotation": [15, 0, 0],
				"cubes": [
					{"origin": [14.42054, 51.52025, 6.84765], "size": [0.875, 0.4, 1], "uv": [0, 0]}
				]
			},
			{
				"name": "bone115",
				"parent": "hair",
				"pivot": [1.55, 19.9125, 5.075],
				"rotation": [0, 0, -145]
			},
			{
				"name": "bone116",
				"parent": "bone115",
				"pivot": [2.48158, 16.94675, 8.44962],
				"rotation": [40, 10, 40],
				"cubes": [
					{"origin": [-2.64322, 19.83993, 3.96373], "size": [1.375, 1.125, 2.5], "uv": [25, 25]}
				]
			},
			{
				"name": "bone117",
				"parent": "bone116",
				"pivot": [0.82086, 18.64598, 8.83001],
				"rotation": [15, 0, 0],
				"cubes": [
					{"origin": [-2.39322, 21.06769, 6.97749], "size": [0.875, 0.4, 1], "uv": [9, 73]}
				]
			},
			{
				"name": "bone99",
				"parent": "hair",
				"pivot": [4.025, 19.7375, 2.375],
				"rotation": [-30, 45, -10],
				"cubes": [
					{"origin": [2.15, 18.425, 0.575], "size": [2.5, 2.625, 3.6], "uv": [38, 39]}
				]
			},
			{
				"name": "bone100",
				"parent": "bone99",
				"pivot": [1.31618, 20.33566, 6.99962],
				"rotation": [30, -10, 0],
				"cubes": [
					{"origin": [2.12691, 20.64739, 3.24251], "size": [1.7, 2.025, 3.525], "uv": [45, 0]}
				]
			},
			{
				"name": "bone101",
				"parent": "bone100",
				"pivot": [2.97691, 22.03489, 7.38001],
				"rotation": [15, 0, 0],
				"cubes": [
					{"origin": [2.37691, 21.73419, 6.20338], "size": [1.2, 1.075, 2.025], "uv": [7, 72]}
				]
			},
			{
				"name": "fronthair",
				"parent": "hair",
				"pivot": [1, 22, -4.75]
			},
			{
				"name": "middleside",
				"parent": "hair",
				"pivot": [-3, 16, -4.75],
				"rotation": [-5, 0, 0],
				"cubes": [
					{"origin": [-4.35, 15.72345, -5.108], "size": [1.35, 1.875, 2.25], "uv": [62, 34]},
					{"origin": [3, 15.72345, -5.108], "size": [1.35, 1.875, 2.25], "uv": [61, 5]}
				]
			},
			{
				"name": "thirdside",
				"parent": "hair",
				"pivot": [-3, 15.75, -4.5],
				"rotation": [-10, 0, 0],
				"cubes": [
					{"origin": [-4, 14.23527, -5.09714], "size": [1, 1.725, 1.5], "uv": [63, 41]},
					{"origin": [3, 14.23527, -5.09714], "size": [1, 1.725, 1.5], "uv": [28, 37]}
				]
			},
			{
				"name": "endside",
				"parent": "hair",
				"pivot": [-2.75, 15.5, -4.5],
				"rotation": [-10, 0, 0],
				"cubes": [
					{"origin": [-4, 13.35097, -5.23915], "size": [1, 1, 1], "uv": [63, 39]},
					{"origin": [3, 13.35097, -5.23915], "size": [1, 1, 1], "uv": [6, 38]},
					{"origin": [-4, 12.35097, -5.48915], "size": [1, 1, 0.75], "uv": [7, 69]},
					{"origin": [3, 12.35097, -5.48915], "size": [1, 1, 0.75], "uv": [7, 69]}
				]
			},
			{
				"name": "blink",
				"parent": "head",
				"pivot": [0, 20.25, 0],
				"cubes": [
					{"origin": [-3, 17, -4.001], "size": [7, 7, 1], "uv": [33, 21]}
				]
			},
			{
				"name": "wingLeft",
				"parent": "head",
				"pivot": [-3, 25, -1.5]
			},
			{
				"name": "wingleft2",
				"parent": "wingLeft",
				"pivot": [-4.47924, 24.4, -2.05877],
				"rotation": [0, 10, -45],
				"cubes": [
					{"origin": [-5.47924, 23.9, -2.55877], "size": [2.5, 1, 1], "uv": [63, 10]}
				]
			},
			{
				"name": "wingleft3",
				"parent": "wingLeft",
				"pivot": [-4.47924, 24.4, -2.05877],
				"rotation": [0, 10, -15],
				"cubes": [
					{"origin": [-6.35152, 24.41598, -2.53625], "size": [3, 1, 1], "uv": [58, 8]}
				]
			},
			{
				"name": "wingleft4",
				"parent": "wingLeft",
				"pivot": [-4.47924, 24.4, -2.05877],
				"rotation": [0, 10, -5],
				"cubes": [
					{"origin": [-7.86963, 24.59419, -2.53944], "size": [4.5, 1, 1], "uv": [45, 5]}
				]
			},
			{
				"name": "wingLL",
				"parent": "wingLeft",
				"pivot": [-3, 25.5, -1.375],
				"rotation": [50, 0, 0]
			},
			{
				"name": "wingleft7",
				"parent": "wingLL",
				"pivot": [-5.10424, 25.4, -1.93377],
				"rotation": [0, 10, 33.5],
				"cubes": [
					{"origin": [-13.30185, 25.92925, -2.46861], "size": [9, 1.25, 1], "uv": [34, 8]}
				]
			},
			{
				"name": "wingleft6",
				"parent": "wingLL",
				"pivot": [-5.10424, 25.4, -1.93377],
				"rotation": [0, 10, 18.5],
				"cubes": [
					{"origin": [-10.90026, 25.83368, -2.3978], "size": [7, 1, 1], "uv": [34, 12]}
				]
			},
			{
				"name": "wingleft5",
				"parent": "wingLL",
				"pivot": [-5.02924, 24.4, -1.93377],
				"rotation": [0, 10, 5],
				"cubes": [
					{"origin": [-9.3834, 25.62055, -2.36397], "size": [5.75, 1, 1], "uv": [41, 19]}
				]
			},
			{
				"name": "wingRight",
				"parent": "head",
				"pivot": [3, 25, -1.5]
			},
			{
				"name": "wingright8",
				"parent": "wingRight",
				"pivot": [4.47924, 24.4, -2.05877],
				"rotation": [0, -10, 45],
				"cubes": [
					{"origin": [2.97924, 23.9, -2.55877], "size": [2.5, 1, 1], "uv": [24, 30]}
				]
			},
			{
				"name": "wingright9",
				"parent": "wingRight",
				"pivot": [4.47924, 24.4, -2.05877],
				"rotation": [0, -10, 15],
				"cubes": [
					{"origin": [3.35152, 24.41598, -2.53625], "size": [3, 1, 1], "uv": [57, 14]}
				]
			},
			{
				"name": "wingright10",
				"parent": "wingRight",
				"pivot": [4.47924, 24.4, -2.05877],
				"rotation": [0, -10, 5],
				"cubes": [
					{"origin": [3.36963, 24.59419, -2.53944], "size": [4.5, 1, 1], "uv": [34, 14]}
				]
			},
			{
				"name": "wingRR",
				"parent": "wingRight",
				"pivot": [3, 25.5, -1.375],
				"rotation": [50, 0, 0]
			},
			{
				"name": "wingright1",
				"parent": "wingRR",
				"pivot": [5.10424, 25.4, -1.93377],
				"rotation": [0, -10, -33.5],
				"cubes": [
					{"origin": [4.30185, 25.92925, -2.46861], "size": [9, 1.25, 1], "uv": [33, 29]}
				]
			},
			{
				"name": "wingright13",
				"parent": "wingRR",
				"pivot": [5.10424, 25.4, -1.93377],
				"rotation": [0, -10, -18.5],
				"cubes": [
					{"origin": [3.90026, 25.83368, -2.3978], "size": [7, 1, 1], "uv": [34, 10]}
				]
			},
			{
				"name": "wingright14",
				"parent": "wingRR",
				"pivot": [5.02924, 24.4, -1.93377],
				"rotation": [0, -10, -5],
				"cubes": [
					{"origin": [3.6334, 25.62055, -2.36397], "size": [5.75, 1, 1], "uv": [40, 31]}
				]
			},
			{
				"name": "body",
				"pivot": [0, 10.5, 0],
				"cubes": [
					{"origin": [-3.5, 9.324, -3.5], "size": [7, 1, 7], "uv": [24, 0]},
					{"origin": [-3, 9.999, -3], "size": [6, 7, 6], "uv": [0, 25]},
					{"origin": [-4.25, 16.5, -4.25], "size": [8.5, 1.25, 8.5], "uv": [0, 16]}
				]
			},
			{
				"name": "ribbon",
				"parent": "body",
				"pivot": [0.625, 14.149, -14.25]
			},
			{
				"name": "bone8",
				"parent": "ribbon",
				"pivot": [-0.5, 16.699, -5],
				"rotation": [0, 0, 30],
				"cubes": [
					{"origin": [-0.8799, 15.55701, -3.875], "size": [1, 1, 1], "uv": [63, 37]}
				]
			},
			{
				"name": "bone9",
				"parent": "ribbon",
				"pivot": [-0.5, 16.274, -5],
				"rotation": [0, 0, -70],
				"cubes": [
					{"origin": [-2.60542, 15.8366, -3.875], "size": [2.25, 1, 1], "uv": [62, 16]}
				]
			},
			{
				"name": "bone10",
				"parent": "ribbon",
				"pivot": [-0.625, 14.149, -14.25]
			},
			{
				"name": "bone11",
				"parent": "bone10",
				"pivot": [-0.625, 14.149, -14.25]
			},
			{
				"name": "bone12",
				"parent": "bone10",
				"pivot": [0.5, 16.274, -5],
				"rotation": [0, 0, 75],
				"cubes": [
					{"origin": [0.37364, 15.7493, -3.875], "size": [2.5, 1, 1], "uv": [38, 49]}
				]
			},
			{
				"name": "bone13",
				"parent": "bone10",
				"pivot": [0.5, 16.699, -5],
				"rotation": [0, 0, -30],
				"cubes": [
					{"origin": [-0.19282, 15.599, -3.875], "size": [1, 1, 1], "uv": [4, 52]}
				]
			},
			{
				"name": "buttons",
				"parent": "body",
				"pivot": [-0.25, 12.75, -4.25],
				"cubes": [
					{"origin": [-0.575, 13.25, -3.125], "size": [1, 1, 1], "uv": [14, 49]},
					{"origin": [-0.575, 15.125, -3.125], "size": [1, 1, 1], "uv": [48, 15]},
					{"origin": [-0.575, 11.375, -3.1], "size": [1, 1, 1], "uv": [23, 48]},
					{"origin": [-0.575, 9.525, -3.8], "size": [1, 1, 1], "uv": [6, 47]}
				]
			},
			{
				"name": "bone2",
				"parent": "body",
				"pivot": [0, 0, 1.75],
				"rotation": [10, 0, 0]
			},
			{
				"name": "sittingRotationSkirt",
				"parent": "body",
				"pivot": [0, 11, 0]
			},
			{
				"name": "skirt",
				"parent": "sittingRotationSkirt",
				"pivot": [0, 4.825, 0]
			},
			{
				"name": "bone15",
				"parent": "skirt",
				"pivot": [0, 4.825, 0]
			},
			{
				"name": "bone16",
				"parent": "bone15",
				"pivot": [0, 4.825, 6.34069],
				"rotation": [40, 0, 0]
			},
			{
				"name": "bone17",
				"parent": "bone16",
				"pivot": [0, 4.825, 6.34069],
				"rotation": [0, -26.56505, 0],
				"cubes": [
					{"origin": [-1, 6.075, 5.84069], "size": [2, 4.825, 1], "uv": [0, 58]}
				]
			},
			{
				"name": "bone22",
				"parent": "skirt",
				"pivot": [0, 4.825, 0],
				"rotation": [0, -20, 0]
			},
			{
				"name": "bone23",
				"parent": "bone22",
				"pivot": [0, 4.825, 6.34069],
				"rotation": [40, 0, 0]
			},
			{
				"name": "bone24",
				"parent": "bone23",
				"pivot": [0, 4.825, 6.34069],
				"rotation": [0, -26.56505, 0],
				"cubes": [
					{"origin": [-1, 6.075, 5.84069], "size": [2, 4.825, 1], "uv": [57, 24]}
				]
			},
			{
				"name": "bone25",
				"parent": "skirt",
				"pivot": [0, 4.825, 0],
				"rotation": [0, -40, 0]
			},
			{
				"name": "bone26",
				"parent": "bone25",
				"pivot": [0, 4.825, 6.34069],
				"rotation": [40, 0, 0]
			},
			{
				"name": "bone27",
				"parent": "bone26",
				"pivot": [0, 4.825, 6.34069],
				"rotation": [0, -26.56505, 0],
				"cubes": [
					{"origin": [-1, 6.075, 5.84069], "size": [2, 4.825, 1], "uv": [57, 19]}
				]
			},
			{
				"name": "bone28",
				"parent": "skirt",
				"pivot": [0, 4.825, 0],
				"rotation": [0, -60, 0]
			},
			{
				"name": "bone29",
				"parent": "bone28",
				"pivot": [0, 4.825, 6.34069],
				"rotation": [40, 0, 0]
			},
			{
				"name": "bone30",
				"parent": "bone29",
				"pivot": [0, 4.825, 6.34069],
				"rotation": [0, -26.56505, 0],
				"cubes": [
					{"origin": [-1, 6.075, 5.84069], "size": [2, 4.825, 1], "uv": [52, 57]}
				]
			},
			{
				"name": "bone31",
				"parent": "skirt",
				"pivot": [0, 4.825, 0],
				"rotation": [0, -80, 0]
			},
			{
				"name": "bone32",
				"parent": "bone31",
				"pivot": [0, 4.825, 6.34069],
				"rotation": [40, 0, 0]
			},
			{
				"name": "bone33",
				"parent": "bone32",
				"pivot": [0, 4.825, 6.34069],
				"rotation": [0, -26.56505, 0],
				"cubes": [
					{"origin": [-1, 6.075, 5.84069], "size": [2, 4.825, 1], "uv": [42, 57]}
				]
			},
			{
				"name": "bone34",
				"parent": "skirt",
				"pivot": [0, 4.825, 0],
				"rotation": [0, -100, 0]
			},
			{
				"name": "bone35",
				"parent": "bone34",
				"pivot": [0, 4.825, 6.34069],
				"rotation": [40, 0, 0]
			},
			{
				"name": "bone36",
				"parent": "bone35",
				"pivot": [0, 4.825, 6.34069],
				"rotation": [0, -26.56505, 0],
				"cubes": [
					{"origin": [-1, 6.075, 5.84069], "size": [2, 4.825, 1], "uv": [18, 55]}
				]
			},
			{
				"name": "bone37",
				"parent": "skirt",
				"pivot": [0, 4.825, 0],
				"rotation": [0, -120, 0]
			},
			{
				"name": "bone38",
				"parent": "bone37",
				"pivot": [0, 4.825, 6.34069],
				"rotation": [40, 0, 0]
			},
			{
				"name": "bone39",
				"parent": "bone38",
				"pivot": [0, 4.825, 6.34069],
				"rotation": [0, -26.56505, 0],
				"cubes": [
					{"origin": [-1, 6.075, 5.84069], "size": [2, 4.825, 1], "uv": [54, 46]}
				]
			},
			{
				"name": "bone40",
				"parent": "skirt",
				"pivot": [0, 4.825, 0],
				"rotation": [0, -140, 0]
			},
			{
				"name": "bone41",
				"parent": "bone40",
				"pivot": [0, 4.825, 6.34069],
				"rotation": [40, 0, 0]
			},
			{
				"name": "bone42",
				"parent": "bone41",
				"pivot": [0, 4.825, 6.34069],
				"rotation": [0, -26.56505, 0],
				"cubes": [
					{"origin": [-1, 6.075, 5.84069], "size": [2, 4.825, 1], "uv": [54, 41]}
				]
			},
			{
				"name": "bone43",
				"parent": "skirt",
				"pivot": [0, 4.825, 0],
				"rotation": [0, -160, 0]
			},
			{
				"name": "bone44",
				"parent": "bone43",
				"pivot": [0, 4.825, 6.34069],
				"rotation": [40, 0, 0]
			},
			{
				"name": "bone45",
				"parent": "bone44",
				"pivot": [0, 4.825, 6.34069],
				"rotation": [0, -26.56505, 0],
				"cubes": [
					{"origin": [-1, 6.075, 5.84069], "size": [2, 4.825, 1], "uv": [6, 54]}
				]
			},
			{
				"name": "bone46",
				"parent": "skirt",
				"pivot": [0, 4.825, 0],
				"rotation": [0, -180, 0]
			},
			{
				"name": "bone47",
				"parent": "bone46",
				"pivot": [0, 4.825, 6.34069],
				"rotation": [40, 0, 0]
			},
			{
				"name": "bone48",
				"parent": "bone47",
				"pivot": [0, 4.825, 6.34069],
				"rotation": [0, -26.56505, 0],
				"cubes": [
					{"origin": [-1, 6.075, 5.84069], "size": [2, 4.825, 1], "uv": [53, 36]}
				]
			},
			{
				"name": "bone49",
				"parent": "skirt",
				"pivot": [0, 4.825, 0],
				"rotation": [0, -200, 0]
			},
			{
				"name": "bone50",
				"parent": "bone49",
				"pivot": [0, 4.825, 6.34069],
				"rotation": [40, 0, 0]
			},
			{
				"name": "bone51",
				"parent": "bone50",
				"pivot": [0, 4.825, 6.34069],
				"rotation": [0, -26.56505, 0],
				"cubes": [
					{"origin": [-1, 6.075, 5.84069], "size": [2, 4.825, 1], "uv": [53, 9]}
				]
			},
			{
				"name": "bone52",
				"parent": "skirt",
				"pivot": [0, 4.825, 0],
				"rotation": [0, -220, 0]
			},
			{
				"name": "bone53",
				"parent": "bone52",
				"pivot": [0, 4.825, 6.34069],
				"rotation": [40, 0, 0]
			},
			{
				"name": "bone54",
				"parent": "bone53",
				"pivot": [0, 4.825, 6.34069],
				"rotation": [0, -26.56505, 0],
				"cubes": [
					{"origin": [-1, 6.075, 5.84069], "size": [2, 4.825, 1], "uv": [53, 0]}
				]
			},
			{
				"name": "bone55",
				"parent": "skirt",
				"pivot": [0, 4.825, 0],
				"rotation": [0, -240, 0]
			},
			{
				"name": "bone56",
				"parent": "bone55",
				"pivot": [0, 4.825, 6.34069],
				"rotation": [40, 0, 0]
			},
			{
				"name": "bone57",
				"parent": "bone56",
				"pivot": [0, 4.825, 6.34069],
				"rotation": [0, -26.56505, 0],
				"cubes": [
					{"origin": [-1, 6.075, 5.84069], "size": [2, 4.825, 1], "uv": [37, 53]}
				]
			},
			{
				"name": "bone58",
				"parent": "skirt",
				"pivot": [0, 4.825, 0],
				"rotation": [0, -260, 0]
			},
			{
				"name": "bone59",
				"parent": "bone58",
				"pivot": [0, 4.825, 6.34069],
				"rotation": [40, 0, 0]
			},
			{
				"name": "bone60",
				"parent": "bone59",
				"pivot": [0, 4.825, 6.34069],
				"rotation": [0, -26.56505, 0],
				"cubes": [
					{"origin": [-1, 6.075, 5.84069], "size": [2, 4.825, 1], "uv": [31, 53]}
				]
			},
			{
				"name": "bone61",
				"parent": "skirt",
				"pivot": [0, 4.825, 0],
				"rotation": [0, -280, 0]
			},
			{
				"name": "bone63",
				"parent": "bone61",
				"pivot": [0, 4.825, 6.34069],
				"rotation": [40, 0, 0]
			},
			{
				"name": "bone64",
				"parent": "bone63",
				"pivot": [0, 4.825, 6.34069],
				"rotation": [0, -26.56505, 0],
				"cubes": [
					{"origin": [-1, 6.075, 5.84069], "size": [2, 4.825, 1], "uv": [25, 53]}
				]
			},
			{
				"name": "bone65",
				"parent": "skirt",
				"pivot": [0, 4.825, 0],
				"rotation": [0, -300, 0]
			},
			{
				"name": "bone66",
				"parent": "bone65",
				"pivot": [0, 4.825, 6.34069],
				"rotation": [40, 0, 0]
			},
			{
				"name": "bone67",
				"parent": "bone66",
				"pivot": [0, 4.825, 6.34069],
				"rotation": [0, -26.56505, 0],
				"cubes": [
					{"origin": [-1, 6.075, 5.84069], "size": [2, 4.825, 1], "uv": [52, 30]}
				]
			},
			{
				"name": "bone68",
				"parent": "skirt",
				"pivot": [0, 4.825, 0],
				"rotation": [0, -320, 0]
			},
			{
				"name": "bone69",
				"parent": "bone68",
				"pivot": [0, 4.825, 6.34069],
				"rotation": [40, 0, 0]
			},
			{
				"name": "bone70",
				"parent": "bone69",
				"pivot": [0, 4.825, 6.34069],
				"rotation": [0, -26.56505, 0],
				"cubes": [
					{"origin": [-1, 6.075, 5.84069], "size": [2, 4.825, 1], "uv": [52, 15]}
				]
			},
			{
				"name": "bone92",
				"parent": "skirt",
				"pivot": [0, 4.825, 0],
				"rotation": [0, -340, 0]
			},
			{
				"name": "bone95",
				"parent": "bone92",
				"pivot": [0, 4.825, 6.34069],
				"rotation": [40, 0, 0]
			},
			{
				"name": "bone96",
				"parent": "bone95",
				"pivot": [0, 4.825, 6.34069],
				"rotation": [0, -26.56505, 0],
				"cubes": [
					{"origin": [-1, 6.075, 5.84069], "size": [2, 4.825, 1], "uv": [52, 52]}
				]
			},
			{
				"name": "armLeft",
				"pivot": [2.75, 17.5, 0],
				"rotation": [0, 0, -25],
				"cubes": [
					{"origin": [2.25, 9.25, -1], "size": [2, 7.225, 2], "uv": [8, 38]},
					{"origin": [1.875, 9.25, -1.25], "size": [2.875, 3.75, 2.5], "uv": [46, 42]},
					{"origin": [2.25, 8.25, -1], "size": [2, 1, 2], "uv": [53, 5]},
					{"origin": [2.5, 7.775, -0.75], "size": [1.5, 1.975, 1.5], "uv": [18, 44]}
				]
			},
			{
				"name": "armLeftPositioningBone",
				"parent": "armLeft",
				"pivot": [3.25, 9, 0]
			},
			{
				"name": "armRight",
				"pivot": [-2.75, 17.5, 0],
				"rotation": [0, 0, 25],
				"cubes": [
					{"origin": [-4.25, 9.25, -1], "size": [2, 7.175, 2], "uv": [0, 38]},
					{"origin": [-4.75, 9.25, -1.25], "size": [2.75, 3.75, 2.5], "uv": [46, 47]},
					{"origin": [-4, 7.75, -0.75], "size": [1.5, 1.975, 1.5], "uv": [14, 38]},
					{"origin": [-4.23676, 8.25946, -1], "size": [2, 1, 2], "uv": [24, 21]}
				]
			},
			{
				"name": "armRightPositioningBone",
				"parent": "armRight",
				"pivot": [-3.25, 9, 0],
				"rotation": [0, -9, 0]
			},
			{
				"name": "legLeft",
				"pivot": [2, 9.75, -0.25],
				"cubes": [
					{"origin": [0.499, 0, -1.25], "size": [2.25, 9.75, 2.5], "uv": [30, 37]}
				]
			},
			{
				"name": "legRight",
				"pivot": [-1.624, 9.75, 0],
				"cubes": [
					{"origin": [-2.749, 0, -1.25], "size": [2.25, 9.75, 2.5], "uv": [22, 37]}
				]
			},
			{
				"name": "tail",
				"pivot": [0, 9.25, 4.25],
				"rotation": [-30, 0, 0]
			},
			{
				"name": "tailright",
				"parent": "tail",
				"pivot": [0, 0.85561, 0.72944]
			},
			{
				"name": "bone80",
				"parent": "tailright",
				"pivot": [0.75, 3.35561, 0.47944],
				"rotation": [-25, 0, -20],
				"cubes": [
					{"origin": [-0.68551, 12.24408, 0.47944], "size": [1.5, 5.25, 1.525], "uv": [0, 69]}
				]
			},
			{
				"name": "bone81",
				"parent": "bone80",
				"pivot": [0.75, 3.35561, 0.47944],
				"rotation": [0, 0, 15],
				"cubes": [
					{"origin": [-4.2959, 10.39079, 0.47944], "size": [1.5, 6.25, 1.25], "uv": [59, 0]}
				]
			},
			{
				"name": "bone82",
				"parent": "bone80",
				"pivot": [7.75, 5.60561, 0.47944],
				"rotation": [0, 0, -15],
				"cubes": [
					{"origin": [2.62778, 12.63404, 0.47944], "size": [1.5, 6.25, 1.25], "uv": [15, 59]}
				]
			},
			{
				"name": "bone19",
				"parent": "tailright",
				"pivot": [-0.75, 3.35561, 0.47944],
				"rotation": [-25, 0, 20],
				"cubes": [
					{"origin": [-0.81449, 10.24409, 0.47944], "size": [1.5, 7.25, 1.5], "uv": [48, 52]}
				]
			},
			{
				"name": "bone20",
				"parent": "bone19",
				"pivot": [-0.75, 3.35561, 0.47944],
				"rotation": [0, 0, -15],
				"cubes": [
					{"origin": [2.7959, 10.39079, 0.47944], "size": [1.5, 6.25, 1.25], "uv": [6, 59]}
				]
			},
			{
				"name": "bone21",
				"parent": "bone19",
				"pivot": [-7.75, 5.60561, 0.47944],
				"rotation": [0, 0, 15],
				"cubes": [
					{"origin": [-4.12778, 12.63404, 0.47944], "size": [1.5, 6.25, 1.25], "uv": [58, 51]}
				]
			},
			{
				"name": "bone83",
				"parent": "tailright",
				"pivot": [4.25, 5.60561, 0.47944],
				"rotation": [-25, 0, -55],
				"cubes": [
					{"origin": [2.75, 13.60461, 0.47944], "size": [1.25, 6.75, 1.75], "uv": [58, 29]}
				]
			},
			{
				"name": "bone84",
				"parent": "bone83",
				"pivot": [4.25, 5.60561, 0.47944],
				"rotation": [0, 0, 15],
				"cubes": [
					{"origin": [-1.01621, 14.46382, 0.47944], "size": [1.25, 5, 1.25], "uv": [62, 28]}
				]
			},
			{
				"name": "bone85",
				"parent": "bone83",
				"pivot": [11.25, 7.85561, 0.47944],
				"rotation": [0, 0, -15],
				"cubes": [
					{"origin": [6.23202, 15.05515, 0.47944], "size": [1.25, 6.75, 1.25], "uv": [58, 58]}
				]
			},
			{
				"name": "bone86",
				"parent": "tailright",
				"pivot": [5.5, 8.85561, 0.47944],
				"rotation": [-25, 0, -85],
				"cubes": [
					{"origin": [4.1011, 16.70965, 0.47944], "size": [1, 5.75, 1.5], "uv": [62, 62]}
				]
			},
			{
				"name": "bone87",
				"parent": "bone86",
				"pivot": [5.5, 8.85561, 0.47944],
				"rotation": [0, 0, 15],
				"cubes": [
					{"origin": [0.62778, 15.88404, 0.47944], "size": [1, 5.75, 1.25], "uv": [52, 62]}
				]
			},
			{
				"name": "bone88",
				"parent": "bone86",
				"pivot": [12.5, 11.10561, 0.47944],
				"rotation": [0, 0, -15],
				"cubes": [
					{"origin": [7.29185, 18.23774, 0.47944], "size": [1, 5.75, 1.25], "uv": [44, 62]}
				]
			},
			{
				"name": "bone89",
				"parent": "tailright",
				"pivot": [5.5, 13.85561, -0.27056],
				"rotation": [-25, 0, -125],
				"cubes": [
					{"origin": [4.25, 21.85461, -0.27056], "size": [1, 5.75, 2], "uv": [19, 48]}
				]
			},
			{
				"name": "bone90",
				"parent": "bone89",
				"pivot": [5.5, 13.85561, -0.27056],
				"rotation": [0, 0, 15],
				"cubes": [
					{"origin": [0.73409, 22.3126, -0.27056], "size": [1, 4.5, 1.75], "uv": [63, 23]}
				]
			},
			{
				"name": "bone91",
				"parent": "bone89",
				"pivot": [12.5, 16.10561, -0.27056],
				"rotation": [0, 0, -15],
				"cubes": [
					{"origin": [7.4732, 24.83923, -0.27056], "size": [1, 4.25, 1.75], "uv": [63, 18]}
				]
			},
			{
				"name": "tailleft",
				"parent": "tail",
				"pivot": [0, 0.85561, 0.72944]
			},
			{
				"name": "bone71",
				"parent": "tailleft",
				"pivot": [-4.25, 5.60561, 0.47944],
				"rotation": [-25, 0, 55],
				"cubes": [
					{"origin": [-4.07584, 13.16675, 0.47944], "size": [1.25, 6.75, 1.5], "uv": [36, 58]}
				]
			},
			{
				"name": "bone72",
				"parent": "bone71",
				"pivot": [0.24722, 16.00904, 1.10444],
				"rotation": [0, 0, -25],
				"cubes": [
					{"origin": [-2.13645, 17.09936, 0.47944], "size": [1.25, 3.75, 1.25], "uv": [43, 53]}
				]
			},
			{
				"name": "bone73",
				"parent": "bone71",
				"pivot": [-11.25, 7.85561, 0.47944],
				"rotation": [0, 0, 15],
				"cubes": [
					{"origin": [-7.44195, 14.61259, 0.47944], "size": [1.25, 6.75, 1.25], "uv": [32, 58]}
				]
			},
			{
				"name": "bone74",
				"parent": "tailleft",
				"pivot": [-5.5, 8.85561, 0.47944],
				"rotation": [-25, 0, 85],
				"cubes": [
					{"origin": [-5.25, 16.85461, 0.47944], "size": [1, 5.75, 1.5], "uv": [40, 62]}
				]
			},
			{
				"name": "bone75",
				"parent": "bone74",
				"pivot": [-5.5, 8.85561, 0.47944],
				"rotation": [0, 0, -15],
				"cubes": [
					{"origin": [-1.73409, 16.0626, 0.47944], "size": [1, 5.75, 1.25], "uv": [60, 42]}
				]
			},
			{
				"name": "bone76",
				"parent": "bone74",
				"pivot": [-12.5, 11.10561, 0.47944],
				"rotation": [0, 0, 15],
				"cubes": [
					{"origin": [-8.4732, 18.33923, 0.47944], "size": [1, 5.75, 1.25], "uv": [48, 60]}
				]
			},
			{
				"name": "bone77",
				"parent": "tailleft",
				"pivot": [-5.5, 13.85561, -0.27056],
				"rotation": [-25, 0, 125],
				"cubes": [
					{"origin": [-5.25, 21.85461, -0.27056], "size": [1, 5.75, 2], "uv": [8, 47]}
				]
			},
			{
				"name": "bone78",
				"parent": "bone77",
				"pivot": [-5.5, 13.85561, -0.27056],
				"rotation": [0, 0, -15],
				"cubes": [
					{"origin": [-1.73409, 22.0626, -0.27056], "size": [1, 4.75, 1.75], "uv": [63, 0]}
				]
			},
			{
				"name": "bone79",
				"parent": "bone77",
				"pivot": [-12.5, 16.10561, -0.27056],
				"rotation": [0, 0, 15],
				"cubes": [
					{"origin": [-8.4732, 24.58923, -0.27056], "size": [1, 4.5, 1.75], "uv": [0, 63]}
				]
			},
			{
				"name": "tailmiddlemiddle",
				"parent": "tail",
				"pivot": [-0.5, 1.85561, 0.47944],
				"rotation": [-25, 0, 0],
				"cubes": [
					{"origin": [-0.5, 9.85461, 0.47944], "size": [1.5, 4.5, 2.125], "uv": [12, 52]}
				]
			},
			{
				"name": "bone93",
				"parent": "tailmiddlemiddle",
				"pivot": [-0.5, 1.85561, 0.47944],
				"rotation": [0, 0, -15],
				"cubes": [
					{"origin": [2.68387, 9.04049, 0.47944], "size": [1.5, 4.5, 2], "uv": [0, 52]}
				]
			},
			{
				"name": "bone94",
				"parent": "tailmiddlemiddle",
				"pivot": [-7.5, 4.10561, 0.47944],
				"rotation": [0, 0, 15],
				"cubes": [
					{"origin": [-3.39116, 11.31712, 0.72944], "size": [1.5, 4.5, 1.75], "uv": [62, 56]}
				]
			},
			{
				"name": "tailmiddlemiddle2",
				"parent": "tail",
				"pivot": [10.5, 11.01452, 1.12391],
				"rotation": [-25, 0, -40],
				"cubes": [
					{"origin": [0.25, 16.33426, 1.31854], "size": [1.5, 5, 2], "uv": [24, 0]}
				]
			},
			{
				"name": "bone4",
				"parent": "tailmiddlemiddle2",
				"pivot": [0.25, 8.83526, 1.06854],
				"rotation": [0, 0, -15],
				"cubes": [
					{"origin": [3.43387, 15.52014, 1.31854], "size": [1.5, 5, 1.75], "uv": [19, 60]}
				]
			},
			{
				"name": "bone5",
				"parent": "tailmiddlemiddle2",
				"pivot": [-6.75, 11.08526, 1.06854],
				"rotation": [0, 0, 15],
				"cubes": [
					{"origin": [-2.64116, 17.79677, 1.56854], "size": [1.5, 5, 1.5], "uv": [59, 36]}
				]
			},
			{
				"name": "tailmiddlemiddle3",
				"parent": "tail",
				"pivot": [-10, 10.74, 2.14843],
				"rotation": [-25, 0, 40],
				"cubes": [
					{"origin": [-1.42646, 16.31735, 1.07566], "size": [1.5, 4.5, 2.25], "uv": [16, 38]}
				]
			},
			{
				"name": "bone6",
				"parent": "tailmiddlemiddle3",
				"pivot": [0.25, 8.56074, 2.09306],
				"rotation": [0, 0, 15],
				"cubes": [
					{"origin": [-4.54158, 15.46582, 1.07566], "size": [1.5, 4.5, 2], "uv": [0, 25]}
				]
			},
			{
				"name": "bone7",
				"parent": "tailmiddlemiddle3",
				"pivot": [7.25, 10.81074, 2.09306],
				"rotation": [0, 0, -15],
				"cubes": [
					{"origin": [1.40798, 17.83379, 1.32566], "size": [1.5, 4.5, 1.75], "uv": [62, 51]}
				]
			},
			{
				"name": "tailtop",
				"parent": "tail",
				"pivot": [-0.5, 3.85561, 0.47944],
				"rotation": [-25, 0, 0],
				"cubes": [
					{"origin": [-0.5, 11.85461, 0.47944], "size": [1.5, 6.25, 1.5], "uv": [28, 58]}
				]
			},
			{
				"name": "boner",
				"parent": "tailtop",
				"pivot": [-0.5, 10.85561, 0.47944],
				"rotation": [0, 0, -15],
				"cubes": [
					{"origin": [1.31049, 11.12256, 0.47944], "size": [1.5, 6.25, 1.25], "uv": [24, 58]}
				]
			},
			{
				"name": "bone18",
				"parent": "boner",
				"pivot": [-2.31173, 4.09413, 0.47944]
			},
			{
				"name": "bone62",
				"parent": "tailtop",
				"pivot": [-7.5, 6.10561, 0.47944],
				"rotation": [0, 0, 15],
				"cubes": [
					{"origin": [-3.84409, 13.25749, 0.47944], "size": [1.5, 6.25, 1.25], "uv": [11, 58]}
				]
			}
		]
	}
}