{
  "pack_name": "{pack.snownee.name}",
  "author": ["Succinum", "Pajinyi", "Tian_mi"],
  "description": ["{pack.snownee.desc}"],
  "version": "1.0.0",
  "date": "2019-07-27",
  "icon": "snownee:textures/snownee_icon.png",
  "model_list": [
    {
      "model_id": "snownee:nyaruko",
      "description": ["{model.snownee.nyaruko.desc}"]
    }, {
      "model_id": "snownee:shirakami_fubuki"
    }, {
      "model_id": "snownee:exusiai"
    }, {
      "model_id": "snownee:joan_of_arc"
    }, {
      "model_id": "snownee:cuora"
    }, {
      "model_id": "snownee:karen_aijo"
    }, {
      "model_id": "snownee:nana_daiba"
    }, {
      "name": "Answer",
      "model_id": "snownee:answer"
    }
  ]
}