{
	"pack_name": "{pack.hayaterz.chair.name}",
	"author": ["Re绘ろ本"],
	"date": "2021-6-26",
	"description": ["{pack.hayaterz.chair.desc}"],
	"icon": "hayaterz:textures/search.png",
	"version": "1.2.3",
	"model_list": [
		{
			"model_id": "hayaterz:interviewcouch",
			"description": ["{model.hayaterz.interviewcouch.desc}"],
			"render_item_scale": 0.5,
			"mounted_height": 4.3,
			"animation": []
		},
		{
			"model_id": "hayaterz:orga_itsuka_chair",
			"description": ["{model.hayaterz.orga_itsuka_chair.desc}"],
			"render_item_scale": 0.5,
			"mounted_height": 3.3,
			"animation": []
		}
	]
}