{
	"format_version": "1.10.0",
	"geometry.model": {
		"texturewidth": 64,
		"textureheight": 64,
		"visible_bounds_width": 3,
		"visible_bounds_height": 4,
		"visible_bounds_offset": [0, 1, 0],
		"bones": [
			{
				"name": "head",
				"pivot": [0, 18, 0],
				"cubes": [
					{"origin": [-4, 18, -4], "size": [8, 8, 8], "uv": [0, 0]}
				]
			},
			{
				"name": "blink",
				"parent": "head",
				"pivot": [0, 18, 0],
				"cubes": [
					{"origin": [-4, 18, -4.001], "size": [8, 8, 0], "uv": [24, 0]}
				]
			},
			{
				"name": "hair",
				"parent": "head",
				"pivot": [0, 0, 0]
			},
			{
				"name": "bone92",
				"parent": "hair",
				"pivot": [0, 18, 4],
				"rotation": [30, 0, 0],
				"cubes": [
					{"origin": [0, 15, 4], "size": [1, 3, 0], "uv": [34, 58]},
					{"origin": [-1, 15, 4], "size": [1, 3, 0], "uv": [20, 58]}
				]
			},
			{
				"name": "bone101",
				"parent": "bone92",
				"pivot": [0, 15, 4],
				"rotation": [-10, 0, 0],
				"cubes": [
					{"origin": [-1, 13, 4], "size": [1, 2, 0], "uv": [28, 40]},
					{"origin": [0, 13, 4], "size": [1, 2, 0], "uv": [38, 8]}
				]
			},
			{
				"name": "bone105",
				"parent": "bone101",
				"pivot": [0, 13, 4],
				"rotation": [-15, 0, 0],
				"cubes": [
					{"origin": [-1, 12, 4], "size": [1, 1, 0], "uv": [0, 42]},
					{"origin": [0, 12, 4], "size": [1, 1, 0], "uv": [34, 41]}
				]
			},
			{
				"name": "bone93",
				"parent": "hair",
				"pivot": [0, 18, 4],
				"rotation": [25, 0, 0],
				"cubes": [
					{"origin": [1, 15, 4], "size": [1, 3, 0], "uv": [20, 55]},
					{"origin": [-2, 15, 4], "size": [1, 3, 0], "uv": [48, 54]}
				]
			},
			{
				"name": "bone102",
				"parent": "bone93",
				"pivot": [0, 15, 4],
				"rotation": [-10, 0, 0],
				"cubes": [
					{"origin": [-2, 13, 4], "size": [1, 2, 0], "uv": [36, 36]},
					{"origin": [1, 13, 4], "size": [1, 2, 0], "uv": [35, 18]}
				]
			},
			{
				"name": "bone106",
				"parent": "bone102",
				"pivot": [0, 13, 4],
				"rotation": [-15, 0, 0],
				"cubes": [
					{"origin": [-2, 12, 4], "size": [1, 1, 0], "uv": [40, 1]},
					{"origin": [1, 12, 4], "size": [1, 1, 0], "uv": [40, 0]}
				]
			},
			{
				"name": "bone94",
				"parent": "hair",
				"pivot": [0, 18, 4],
				"rotation": [20, 0, 0],
				"cubes": [
					{"origin": [2, 15, 4], "size": [1, 3, 0], "uv": [50, 49]},
					{"origin": [-3, 15, 4], "size": [1, 3, 0], "uv": [40, 46]}
				]
			},
			{
				"name": "bone103",
				"parent": "bone94",
				"pivot": [0, 15, 4],
				"rotation": [-10, 0, 0],
				"cubes": [
					{"origin": [2, 13, 4], "size": [1, 2, 0], "uv": [34, 30]},
					{"origin": [-3, 13, 4], "size": [1, 2, 0], "uv": [33, 18]}
				]
			},
			{
				"name": "bone107",
				"parent": "bone103",
				"pivot": [0, 13, 4],
				"rotation": [-15, 0, 0],
				"cubes": [
					{"origin": [2, 12, 4], "size": [1, 1, 0], "uv": [34, 40]},
					{"origin": [-3, 12, 4], "size": [1, 1, 0], "uv": [28, 31]}
				]
			},
			{
				"name": "bone95",
				"parent": "hair",
				"pivot": [0, 18, 4],
				"rotation": [15, 0, 0],
				"cubes": [
					{"origin": [3, 15, 4], "size": [1, 3, 0], "uv": [21, 30]},
					{"origin": [-4, 15, 4], "size": [1, 3, 0], "uv": [0, 30]}
				]
			},
			{
				"name": "bone104",
				"parent": "bone95",
				"pivot": [0, 15, 4],
				"rotation": [-10, 0, 0],
				"cubes": [
					{"origin": [3, 13, 4], "size": [1, 2, 0], "uv": [32, 8]},
					{"origin": [-4, 13, 4], "size": [1, 2, 0], "uv": [31, 18]}
				]
			},
			{
				"name": "bone108",
				"parent": "bone104",
				"pivot": [0, 13, 4],
				"rotation": [-15, 0, 0],
				"cubes": [
					{"origin": [3, 12, 4], "size": [1, 1, 0], "uv": [6, 0]},
					{"origin": [-4, 12, 4], "size": [1, 1, 0], "uv": [0, 0]}
				]
			},
			{
				"name": "bone96",
				"parent": "hair",
				"pivot": [4, 18, 4],
				"rotation": [0, 0, -15],
				"cubes": [
					{"origin": [4, 15, 3], "size": [0, 3, 1], "uv": [24, 22]}
				]
			},
			{
				"name": "bone109",
				"parent": "bone96",
				"pivot": [4, 15, 4],
				"rotation": [0, 0, 10],
				"cubes": [
					{"origin": [4, 14, 3], "size": [0, 1, 1], "uv": [27, 29]}
				]
			},
			{
				"name": "bone111",
				"parent": "bone109",
				"pivot": [4, 14, 4],
				"rotation": [0, 0, 15],
				"cubes": [
					{"origin": [4, 13, 3], "size": [0, 1, 1], "uv": [23, 29]}
				]
			},
			{
				"name": "bone97",
				"parent": "hair",
				"pivot": [4, 18, 4],
				"rotation": [0, 0, -20],
				"cubes": [
					{"origin": [4, 16, 2], "size": [0, 2, 1], "uv": [6, 2]}
				]
			},
			{
				"name": "bone113",
				"parent": "bone97",
				"pivot": [4, 16, 4],
				"rotation": [0, 0, 10],
				"cubes": [
					{"origin": [4, 15, 2], "size": [0, 1, 1], "uv": [17, 19]}
				]
			},
			{
				"name": "bone114",
				"parent": "bone113",
				"pivot": [4, 15, 4],
				"rotation": [0, 0, 15],
				"cubes": [
					{"origin": [4, 14, 2], "size": [0, 1, 1], "uv": [15, 19]}
				]
			},
			{
				"name": "bone98",
				"parent": "hair",
				"pivot": [-4, 18, 4],
				"rotation": [0, 0, 15],
				"cubes": [
					{"origin": [-4, 15, 3], "size": [0, 3, 1], "uv": [24, 19]}
				]
			},
			{
				"name": "bone110",
				"parent": "bone98",
				"pivot": [-4, 15, 4],
				"rotation": [0, 0, -10],
				"cubes": [
					{"origin": [-4, 14, 3], "size": [0, 1, 1], "uv": [2, 19]}
				]
			},
			{
				"name": "bone112",
				"parent": "bone110",
				"pivot": [-4, 14, 4],
				"rotation": [0, 0, -15],
				"cubes": [
					{"origin": [-4, 13, 3], "size": [0, 1, 1], "uv": [0, 19]}
				]
			},
			{
				"name": "bone99",
				"parent": "hair",
				"pivot": [-4, 18, 4],
				"rotation": [0, 0, 20],
				"cubes": [
					{"origin": [-4, 16, 2], "size": [0, 2, 1], "uv": [0, 2]}
				]
			},
			{
				"name": "bone115",
				"parent": "bone99",
				"pivot": [-4, 16, 4],
				"rotation": [0, 0, -10],
				"cubes": [
					{"origin": [-4, 15, 2], "size": [0, 1, 1], "uv": [6, 0]}
				]
			},
			{
				"name": "bone116",
				"parent": "bone115",
				"pivot": [-4, 15, 4],
				"rotation": [0, 0, -15],
				"cubes": [
					{"origin": [-4, 14, 2], "size": [0, 1, 1], "uv": [0, 0]}
				]
			},
			{
				"name": "armRight",
				"pivot": [-3, 17.5, 0],
				"rotation": [0, 0, 25],
				"cubes": [
					{"origin": [-5, 8.5, -1], "size": [2, 8, 2], "uv": [52, 0]},
					{"origin": [-5.125, 9.5, -1.125], "size": [2.25, 8, 2.25], "uv": [8, 52]},
					{"origin": [-5.25, 9.5, -1.25], "size": [2.5, 1, 2.5], "uv": [0, 3]}
				]
			},
			{
				"name": "armLeft",
				"pivot": [3, 17.5, 0],
				"rotation": [0, 0, -25],
				"cubes": [
					{"origin": [2.875, 9.5, -1.125], "size": [2.25, 8, 2.25], "uv": [0, 52]},
					{"origin": [3, 8.5, -1], "size": [2, 8, 2], "uv": [50, 50]},
					{"origin": [2.75, 9.5, -1.25], "size": [2.5, 1, 2.5], "uv": [0, 0]}
				]
			},
			{
				"name": "body",
				"pivot": [0, 10.5, 0],
				"cubes": [
					{"origin": [-3, 13.499, -3], "size": [6, 4.5, 6], "uv": [20, 20]},
					{"origin": [-2.5, 8.998, -2.5], "size": [5, 9, 5], "uv": [0, 16]}
				]
			},
			{
				"name": "collar",
				"parent": "body",
				"pivot": [0, 27.5, 0]
			},
			{
				"name": "bone49",
				"parent": "collar",
				"pivot": [0, 17, 0],
				"cubes": [
					{"origin": [-3.125, 17.499, 3.125], "size": [6.25, 1, 0], "uv": [15, 19]}
				]
			},
			{
				"name": "bone50",
				"parent": "collar",
				"pivot": [0, 17, 0],
				"rotation": [0, -90, 0],
				"cubes": [
					{"origin": [-3.125, 17.499, 3.125], "size": [6.25, 1, 0], "uv": [15, 18]}
				]
			},
			{
				"name": "bone51",
				"parent": "collar",
				"pivot": [0, 17, 0],
				"rotation": [0, -180, 0],
				"cubes": [
					{"origin": [-3.125, 17.499, 3.125], "size": [6.25, 1, 0], "uv": [15, 17]}
				]
			},
			{
				"name": "bone52",
				"parent": "collar",
				"pivot": [0, 17, 0],
				"rotation": [0, -270, 0],
				"cubes": [
					{"origin": [-3.125, 17.499, 3.125], "size": [6.25, 1, 0], "uv": [15, 16]}
				]
			},
			{
				"name": "tie",
				"parent": "body",
				"pivot": [0, 10.5, 0]
			},
			{
				"name": "mid",
				"parent": "tie",
				"pivot": [0, 10.5, 0],
				"cubes": [
					{"origin": [-0.5, 14.5, -3.5], "size": [1, 3.5, 1], "uv": [24, 45]}
				]
			},
			{
				"name": "left",
				"parent": "tie",
				"pivot": [-0.5, 14.5, -3.5],
				"rotation": [0, 0, 22.5],
				"cubes": [
					{"origin": [-1.5, 14.5, -3.5], "size": [1, 2.5, 1], "uv": [16, 58]}
				]
			},
			{
				"name": "right",
				"parent": "tie",
				"pivot": [0.5, 14.5, -3.5],
				"rotation": [0, 0, -22.5],
				"cubes": [
					{"origin": [0.5, 14.5, -3.5], "size": [1, 2.5, 1], "uv": [46, 57]}
				]
			},
			{
				"name": "sittingRotationSkirt",
				"parent": "body",
				"pivot": [0, 10.5, 0]
			},
			{
				"name": "skirt",
				"parent": "sittingRotationSkirt",
				"pivot": [0, 16, 0]
			},
			{
				"name": "bone",
				"parent": "skirt",
				"pivot": [0, 0.5, 0]
			},
			{
				"name": "bone2",
				"parent": "bone",
				"pivot": [0, 0.5, 7.10973],
				"rotation": [23, 0, 0]
			},
			{
				"name": "bone3",
				"parent": "bone2",
				"pivot": [0, 0.5, 7.10973],
				"rotation": [0, -45, 0],
				"cubes": [
					{"origin": [-1, 5.5, 6.10973], "size": [2, 8, 2], "uv": [22, 50]}
				]
			},
			{
				"name": "bone4",
				"parent": "skirt",
				"pivot": [0, 0.5, 0],
				"rotation": [0, -22.5, 0]
			},
			{
				"name": "bone5",
				"parent": "bone4",
				"pivot": [0, 0.5, 7.10973],
				"rotation": [23, 0, 0]
			},
			{
				"name": "bone6",
				"parent": "bone5",
				"pivot": [0, 0.5, 7.10973],
				"rotation": [0, -45, 0],
				"cubes": [
					{"origin": [-1, 5.5, 6.10973], "size": [2, 8, 2], "uv": [48, 36]}
				]
			},
			{
				"name": "bone7",
				"parent": "skirt",
				"pivot": [0, 0.5, 0],
				"rotation": [0, -45, 0]
			},
			{
				"name": "bone8",
				"parent": "bone7",
				"pivot": [0, 0.5, 7.10973],
				"rotation": [23, 0, 0]
			},
			{
				"name": "bone9",
				"parent": "bone8",
				"pivot": [0, 0.5, 7.10973],
				"rotation": [0, -45, 0],
				"cubes": [
					{"origin": [-1, 5.5, 6.10973], "size": [2, 8, 2], "uv": [34, 48]}
				]
			},
			{
				"name": "bone10",
				"parent": "skirt",
				"pivot": [0, 0.5, 0],
				"rotation": [0, -67.5, 0]
			},
			{
				"name": "bone11",
				"parent": "bone10",
				"pivot": [0, 0.5, 7.10973],
				"rotation": [23, 0, 0]
			},
			{
				"name": "bone12",
				"parent": "bone11",
				"pivot": [0, 0.5, 7.10973],
				"rotation": [0, -45, 0],
				"cubes": [
					{"origin": [-1, 5.5, 6.10973], "size": [2, 8, 2], "uv": [46, 18]}
				]
			},
			{
				"name": "bone13",
				"parent": "skirt",
				"pivot": [0, 0.5, 0],
				"rotation": [0, -90, 0]
			},
			{
				"name": "bone14",
				"parent": "bone13",
				"pivot": [0, 0.5, 7.10973],
				"rotation": [23, 0, 0]
			},
			{
				"name": "bone15",
				"parent": "bone14",
				"pivot": [0, 0.5, 7.10973],
				"rotation": [0, -45, 0],
				"cubes": [
					{"origin": [-1, 5.5, 6.10973], "size": [2, 8, 2], "uv": [46, 8]}
				]
			},
			{
				"name": "bone16",
				"parent": "skirt",
				"pivot": [0, 0.5, 0],
				"rotation": [0, -112.5, 0]
			},
			{
				"name": "bone17",
				"parent": "bone16",
				"pivot": [0, 0.5, 7.10973],
				"rotation": [23, 0, 0]
			},
			{
				"name": "bone18",
				"parent": "bone17",
				"pivot": [0, 0.5, 7.10973],
				"rotation": [0, -45, 0],
				"cubes": [
					{"origin": [-1, 5.5, 6.10973], "size": [2, 8, 2], "uv": [42, 44]}
				]
			},
			{
				"name": "bone19",
				"parent": "skirt",
				"pivot": [0, 0.5, 0],
				"rotation": [0, -135, 0]
			},
			{
				"name": "bone20",
				"parent": "bone19",
				"pivot": [0, 0.5, 7.10973],
				"rotation": [23, 0, 0]
			},
			{
				"name": "bone21",
				"parent": "bone20",
				"pivot": [0, 0.5, 7.10973],
				"rotation": [0, -45, 0],
				"cubes": [
					{"origin": [-1, 5.5, 6.10973], "size": [2, 8, 2], "uv": [42, 28]}
				]
			},
			{
				"name": "bone22",
				"parent": "skirt",
				"pivot": [0, 0.5, 0],
				"rotation": [0, -157.5, 0]
			},
			{
				"name": "bone23",
				"parent": "bone22",
				"pivot": [0, 0.5, 7.10973],
				"rotation": [23, 0, 0]
			},
			{
				"name": "bone24",
				"parent": "bone23",
				"pivot": [0, 0.5, 7.10973],
				"rotation": [0, -45, 0],
				"cubes": [
					{"origin": [-1, 5.5, 6.10973], "size": [2, 8, 2], "uv": [16, 42]}
				]
			},
			{
				"name": "bone25",
				"parent": "skirt",
				"pivot": [0, 0.5, 0],
				"rotation": [0, -180, 0]
			},
			{
				"name": "bone26",
				"parent": "bone25",
				"pivot": [0, 0.5, 7.10973],
				"rotation": [23, 0, 0]
			},
			{
				"name": "bone27",
				"parent": "bone26",
				"pivot": [0, 0.5, 7.10973],
				"rotation": [0, -45, 0],
				"cubes": [
					{"origin": [-1, 5.5, 6.10973], "size": [2, 8, 2], "uv": [8, 42]}
				]
			},
			{
				"name": "bone28",
				"parent": "skirt",
				"pivot": [0, 0.5, 0],
				"rotation": [0, -202.5, 0]
			},
			{
				"name": "bone29",
				"parent": "bone28",
				"pivot": [0, 0.5, 7.10973],
				"rotation": [23, 0, 0]
			},
			{
				"name": "bone30",
				"parent": "bone29",
				"pivot": [0, 0.5, 7.10973],
				"rotation": [0, -45, 0],
				"cubes": [
					{"origin": [-1, 5.5, 6.10973], "size": [2, 8, 2], "uv": [0, 42]}
				]
			},
			{
				"name": "bone31",
				"parent": "skirt",
				"pivot": [0, 0.5, 0],
				"rotation": [0, -225, 0]
			},
			{
				"name": "bone32",
				"parent": "bone31",
				"pivot": [0, 0.5, 7.10973],
				"rotation": [23, 0, 0]
			},
			{
				"name": "bone33",
				"parent": "bone32",
				"pivot": [0, 0.5, 7.10973],
				"rotation": [0, -45, 0],
				"cubes": [
					{"origin": [-1, 5.5, 6.10973], "size": [2, 8, 2], "uv": [40, 0]}
				]
			},
			{
				"name": "bone34",
				"parent": "skirt",
				"pivot": [0, 0.5, 0],
				"rotation": [0, -247.5, 0]
			},
			{
				"name": "bone35",
				"parent": "bone34",
				"pivot": [0, 0.5, 7.10973],
				"rotation": [23, 0, 0]
			},
			{
				"name": "bone36",
				"parent": "bone35",
				"pivot": [0, 0.5, 7.10973],
				"rotation": [0, -45, 0],
				"cubes": [
					{"origin": [-1, 5.5, 6.10973], "size": [2, 8, 2], "uv": [28, 40]}
				]
			},
			{
				"name": "bone37",
				"parent": "skirt",
				"pivot": [0, 0.5, 0],
				"rotation": [0, -270, 0]
			},
			{
				"name": "bone38",
				"parent": "bone37",
				"pivot": [0, 0.5, 7.10973],
				"rotation": [23, 0, 0]
			},
			{
				"name": "bone39",
				"parent": "bone38",
				"pivot": [0, 0.5, 7.10973],
				"rotation": [0, -45, 0],
				"cubes": [
					{"origin": [-1, 5.5, 6.10973], "size": [2, 8, 2], "uv": [38, 16]}
				]
			},
			{
				"name": "bone40",
				"parent": "skirt",
				"pivot": [0, 0.5, 0],
				"rotation": [0, -292.5, 0]
			},
			{
				"name": "bone41",
				"parent": "bone40",
				"pivot": [0, 0.5, 7.10973],
				"rotation": [23, 0, 0]
			},
			{
				"name": "bone42",
				"parent": "bone41",
				"pivot": [0, 0.5, 7.10973],
				"rotation": [0, -45, 0],
				"cubes": [
					{"origin": [-1, 5.5, 6.10973], "size": [2, 8, 2], "uv": [36, 36]}
				]
			},
			{
				"name": "bone43",
				"parent": "skirt",
				"pivot": [0, 0.5, 0],
				"rotation": [0, -315, 0]
			},
			{
				"name": "bone44",
				"parent": "bone43",
				"pivot": [0, 0.5, 7.10973],
				"rotation": [23, 0, 0]
			},
			{
				"name": "bone45",
				"parent": "bone44",
				"pivot": [0, 0.5, 7.10973],
				"rotation": [0, -45, 0],
				"cubes": [
					{"origin": [-1, 5.5, 6.10973], "size": [2, 8, 2], "uv": [32, 8]}
				]
			},
			{
				"name": "bone46",
				"parent": "skirt",
				"pivot": [0, 0.5, 0],
				"rotation": [0, -337.5, 0]
			},
			{
				"name": "bone47",
				"parent": "bone46",
				"pivot": [0, 0.5, 7.10973],
				"rotation": [23, 0, 0]
			},
			{
				"name": "bone48",
				"parent": "bone47",
				"pivot": [0, 0.5, 7.10973],
				"rotation": [0, -45, 0],
				"cubes": [
					{"origin": [-1, 5.5, 6.10973], "size": [2, 8, 2], "uv": [28, 30]}
				]
			},
			{
				"name": "legLeft",
				"pivot": [2, 9, 0],
				"cubes": [
					{"origin": [0.499, 0, -1.5], "size": [3, 9, 3], "uv": [12, 30]}
				]
			},
			{
				"name": "legRight",
				"pivot": [-2, 9, 0],
				"cubes": [
					{"origin": [-3.499, 0, -1.5], "size": [3, 9, 3], "uv": [0, 30]}
				]
			},
			{
				"name": "sasimonoShow",
				"pivot": [0, 0, 0]
			},
			{
				"name": "bone100",
				"parent": "sasimonoShow",
				"pivot": [1, 2, 2],
				"rotation": [-7.5, 0, -17.5]
			},
			{
				"name": "bone53",
				"parent": "bone100",
				"pivot": [1, 2, 2],
				"cubes": [
					{"origin": [-4.25, 9, 1.75], "size": [1, 14, 1], "uv": [24, 30]}
				]
			},
			{
				"name": "bone54",
				"parent": "bone100",
				"pivot": [-3.75, 23, 2.25],
				"rotation": [62.5, 0, 0],
				"cubes": [
					{"origin": [-6.25, 23, 2.25], "size": [3.5, 3.75, 0], "uv": [54, 25]}
				]
			},
			{
				"name": "bone55",
				"parent": "bone100",
				"pivot": [-3.75, 23, 2.25],
				"rotation": [62.5, 45, 0],
				"cubes": [
					{"origin": [-6.25, 23, 2.25], "size": [3.5, 3.75, 0], "uv": [54, 22]}
				]
			},
			{
				"name": "bone56",
				"parent": "bone100",
				"pivot": [-3.75, 23, 2.25],
				"rotation": [62.5, 90, 0],
				"cubes": [
					{"origin": [-6.25, 23, 2.25], "size": [3.5, 3.75, 0], "uv": [54, 19]}
				]
			},
			{
				"name": "bone57",
				"parent": "bone100",
				"pivot": [-3.75, 23, 2.25],
				"rotation": [62.5, 135, 0],
				"cubes": [
					{"origin": [-6.25, 23, 2.25], "size": [3.5, 3.75, 0], "uv": [54, 16]}
				]
			},
			{
				"name": "bone58",
				"parent": "bone100",
				"pivot": [-3.75, 23, 2.25],
				"rotation": [62.5, 180, 0],
				"cubes": [
					{"origin": [-6.25, 23, 2.25], "size": [3.5, 3.75, 0], "uv": [54, 13]}
				]
			},
			{
				"name": "bone59",
				"parent": "bone100",
				"pivot": [-3.75, 23, 2.25],
				"rotation": [62.5, -135, 0],
				"cubes": [
					{"origin": [-6.25, 23, 2.25], "size": [3.5, 3.75, 0], "uv": [54, 10]}
				]
			},
			{
				"name": "bone60",
				"parent": "bone100",
				"pivot": [-3.75, 23, 2.25],
				"rotation": [62.5, -90, 0],
				"cubes": [
					{"origin": [-6.25, 23, 2.25], "size": [3.5, 3.75, 0], "uv": [42, 54]}
				]
			},
			{
				"name": "bone61",
				"parent": "bone100",
				"pivot": [-3.75, 23, 2.25],
				"rotation": [62.5, -45, 0],
				"cubes": [
					{"origin": [-6.25, 23, 2.25], "size": [3.5, 3.75, 0], "uv": [16, 52]}
				]
			},
			{
				"name": "bone62",
				"parent": "bone100",
				"pivot": [-3.75, 23, 2.25],
				"rotation": [75, -15, 0],
				"cubes": [
					{"origin": [-6.25, 23, 2.25], "size": [3.5, 3.75, 0], "uv": [50, 46]}
				]
			},
			{
				"name": "bone63",
				"parent": "bone100",
				"pivot": [-3.75, 23, 2.25],
				"rotation": [75, 30, 0],
				"cubes": [
					{"origin": [-6.25, 23, 2.25], "size": [3.5, 3.75, 0], "uv": [50, 31]}
				]
			},
			{
				"name": "bone64",
				"parent": "bone100",
				"pivot": [-3.75, 23, 2.25],
				"rotation": [75, 75, 0],
				"cubes": [
					{"origin": [-6.25, 23, 2.25], "size": [3.5, 3.75, 0], "uv": [50, 28]}
				]
			},
			{
				"name": "bone65",
				"parent": "bone100",
				"pivot": [-3.75, 23, 2.25],
				"rotation": [75, 120, 0],
				"cubes": [
					{"origin": [-6.25, 23, 2.25], "size": [3.5, 3.75, 0], "uv": [40, 13]}
				]
			},
			{
				"name": "bone66",
				"parent": "bone100",
				"pivot": [-3.75, 23, 2.25],
				"rotation": [75, 165, 0],
				"cubes": [
					{"origin": [-6.25, 23, 2.25], "size": [3.5, 3.75, 0], "uv": [40, 10]}
				]
			},
			{
				"name": "bone67",
				"parent": "bone100",
				"pivot": [-3.75, 23, 2.25],
				"rotation": [75, -150, 0],
				"cubes": [
					{"origin": [-6.25, 23, 2.25], "size": [3.5, 3.75, 0], "uv": [36, 33]}
				]
			},
			{
				"name": "bone68",
				"parent": "bone100",
				"pivot": [-3.75, 23, 2.25],
				"rotation": [75, -105, 0],
				"cubes": [
					{"origin": [-6.25, 23, 2.25], "size": [3.5, 3.75, 0], "uv": [36, 30]}
				]
			},
			{
				"name": "bone69",
				"parent": "bone100",
				"pivot": [-3.75, 23, 2.25],
				"rotation": [75, -60, 0],
				"cubes": [
					{"origin": [-6.25, 23, 2.25], "size": [3.5, 3.75, 0], "uv": [9, 30]}
				]
			},
			{
				"name": "bone70",
				"parent": "bone100",
				"pivot": [-3.75, 23, 2.25],
				"rotation": [48.75, 0, 0],
				"cubes": [
					{"origin": [-5.75, 23, 2.25], "size": [2.75, 3.25, 0], "uv": [42, 57]}
				]
			},
			{
				"name": "bone71",
				"parent": "bone100",
				"pivot": [-3.75, 23, 2.25],
				"rotation": [48.75, 60, 0],
				"cubes": [
					{"origin": [-5.75, 23, 2.25], "size": [2.75, 3.25, 0], "uv": [56, 49]}
				]
			},
			{
				"name": "bone72",
				"parent": "bone100",
				"pivot": [-3.75, 23, 2.25],
				"rotation": [48.75, 120, 0],
				"cubes": [
					{"origin": [-5.75, 23, 2.25], "size": [2.75, 3.25, 0], "uv": [56, 46]}
				]
			},
			{
				"name": "bone73",
				"parent": "bone100",
				"pivot": [-3.75, 23, 2.25],
				"rotation": [48.75, 180, 0],
				"cubes": [
					{"origin": [-5.75, 23, 2.25], "size": [2.75, 3.25, 0], "uv": [56, 43]}
				]
			},
			{
				"name": "bone74",
				"parent": "bone100",
				"pivot": [-3.75, 23, 2.25],
				"rotation": [48.75, -120, 0],
				"cubes": [
					{"origin": [-5.75, 23, 2.25], "size": [2.75, 3.25, 0], "uv": [56, 40]}
				]
			},
			{
				"name": "bone75",
				"parent": "bone100",
				"pivot": [-3.75, 23, 2.25],
				"rotation": [48.75, -60, 0],
				"cubes": [
					{"origin": [-5.75, 23, 2.25], "size": [2.75, 3.25, 0], "uv": [48, 0]}
				]
			},
			{
				"name": "bone76",
				"parent": "bone100",
				"pivot": [-3.75, 23, 2.25],
				"rotation": [52.5, -12.5, 0],
				"cubes": [
					{"origin": [-5.75, 23, 2.25], "size": [2.75, 3.25, 0], "uv": [56, 37]}
				]
			},
			{
				"name": "bone77",
				"parent": "bone100",
				"pivot": [-3.75, 23, 2.25],
				"rotation": [52.5, 47.5, 0],
				"cubes": [
					{"origin": [-5.75, 23, 2.25], "size": [2.75, 3.25, 0], "uv": [56, 31]}
				]
			},
			{
				"name": "bone78",
				"parent": "bone100",
				"pivot": [-3.75, 23, 2.25],
				"rotation": [52.5, 107.5, 0],
				"cubes": [
					{"origin": [-5.75, 23, 2.25], "size": [2.75, 3.25, 0], "uv": [56, 28]}
				]
			},
			{
				"name": "bone79",
				"parent": "bone100",
				"pivot": [-3.75, 23, 2.25],
				"rotation": [52.5, 167.5, 0],
				"cubes": [
					{"origin": [-5.75, 23, 2.25], "size": [2.75, 3.25, 0], "uv": [30, 56]}
				]
			},
			{
				"name": "bone80",
				"parent": "bone100",
				"pivot": [-3.75, 23, 2.25],
				"rotation": [52.5, -132.5, 0],
				"cubes": [
					{"origin": [-5.75, 23, 2.25], "size": [2.75, 3.25, 0], "uv": [16, 55]}
				]
			},
			{
				"name": "bone81",
				"parent": "bone100",
				"pivot": [-3.75, 23, 2.25],
				"rotation": [52.5, -72.5, 0],
				"cubes": [
					{"origin": [-5.75, 23, 2.25], "size": [2.75, 3.25, 0], "uv": [54, 34]}
				]
			},
			{
				"name": "bone82",
				"parent": "bone100",
				"pivot": [-3.875, 23, 2.25],
				"rotation": [37.5, -22.5, 0],
				"cubes": [
					{"origin": [-5.25, 23, 2.25], "size": [2, 3, 0], "uv": [30, 53]}
				]
			},
			{
				"name": "bone83",
				"parent": "bone100",
				"pivot": [-3.875, 23, 2.25],
				"rotation": [37.5, 97.5, 0],
				"cubes": [
					{"origin": [-5.25, 23, 2.25], "size": [2, 3, 0], "uv": [30, 50]}
				]
			},
			{
				"name": "bone84",
				"parent": "bone100",
				"pivot": [-3.875, 23, 2.25],
				"rotation": [37.5, -142.5, 0],
				"cubes": [
					{"origin": [-5.25, 23, 2.25], "size": [2, 3, 0], "uv": [48, 3]}
				]
			},
			{
				"name": "bone85",
				"parent": "bone100",
				"pivot": [-3.875, 23, 2.25],
				"rotation": [22.5, 0, 0],
				"cubes": [
					{"origin": [-5.25, 23, 2.25], "size": [2, 2.875, 0], "uv": [20, 20]}
				]
			},
			{
				"name": "bone86",
				"parent": "bone100",
				"pivot": [-3.875, 23, 2.25],
				"rotation": [22.5, 120, 0],
				"cubes": [
					{"origin": [-5.25, 23, 2.25], "size": [2, 2.875, 0], "uv": [4, 6]}
				]
			},
			{
				"name": "bone87",
				"parent": "bone100",
				"pivot": [-3.875, 23, 2.25],
				"rotation": [22.5, -120, 0],
				"cubes": [
					{"origin": [-5.25, 23, 2.25], "size": [2, 2.875, 0], "uv": [0, 6]}
				]
			},
			{
				"name": "bone88",
				"parent": "bone100",
				"pivot": [-3.5088, 11.92172, 2.20672],
				"rotation": [0, 0, -20],
				"cubes": [
					{"origin": [-4.75, 14, 2.25], "size": [2, 4, 0], "uv": [44, 38]}
				]
			},
			{
				"name": "bone89",
				"parent": "bone100",
				"pivot": [-2.12983, 14.60932, 1.85289],
				"rotation": [0, 0, 20],
				"cubes": [
					{"origin": [-4.5, 16, 2.25], "size": [2, 4, 0], "uv": [27, 16]}
				]
			},
			{
				"name": "bone90",
				"parent": "bone100",
				"pivot": [-3.78593, 14.37999, 2.13524],
				"rotation": [-20, 0, 0],
				"cubes": [
					{"origin": [-3.75, 15, 1.75], "size": [0, 4, 2], "uv": [20, 20]}
				]
			},
			{
				"name": "bone91",
				"parent": "bone100",
				"pivot": [-3.66138, 16.25701, 0.62734],
				"rotation": [20, 0, 0],
				"cubes": [
					{"origin": [-3.75, 17, 0.75], "size": [0, 4, 2], "uv": [0, 14]}
				]
			}
		]
	}
}