{
	"format_version": "1.10.0",
	"geometry.model": {
		"texturewidth": 128,
		"textureheight": 128,
		"visible_bounds_width": 3,
		"visible_bounds_height": 4,
		"visible_bounds_offset": [0, 1, 0],
		"bones": [
			{
				"name": "head",
				"pivot": [0, 18, 0],
				"cubes": [
					{"origin": [-4, 18, -4], "size": [8, 8, 8], "uv": [0, 17]},
					{"origin": [-4, 17, -4], "size": [8, 9, 8], "uv": [0, 0], "inflate": 0.2}
				]
			},
			{
				"name": "blink",
				"parent": "head",
				"pivot": [0, 18, -4],
				"cubes": [
					{"origin": [-4, 18, -4.001], "size": [8, 8, 0], "uv": [24, 48]}
				]
			},
			{
				"name": "bone37",
				"parent": "head",
				"pivot": [0, 18, 0]
			},
			{
				"name": "bone38",
				"parent": "bone37",
				"pivot": [2.4, 19.2, 3.4],
				"rotation": [17.5, 0, -27.5],
				"cubes": [
					{"origin": [1.4, 14.2, 2.4], "size": [2, 5, 2], "uv": [64, 64], "inflate": -0.3}
				]
			},
			{
				"name": "bone39",
				"parent": "bone38",
				"pivot": [2.82073, 14.64254, 3.40423],
				"rotation": [-11.5, 0, 14.5],
				"cubes": [
					{"origin": [1.42679, 10.01454, 2.39961], "size": [2, 5, 2], "uv": [16, 63], "inflate": -0.3}
				]
			},
			{
				"name": "bone40",
				"parent": "bone39",
				"pivot": [2.5454, 10.3276, 3.33197],
				"rotation": [-8.5, 0, 19],
				"cubes": [
					{"origin": [1.40787, 5.88715, 2.36934], "size": [2, 5, 2], "uv": [8, 63], "inflate": -0.3}
				]
			},
			{
				"name": "bone41",
				"parent": "bone38",
				"pivot": [4.8, 34.75, 6.9]
			},
			{
				"name": "bone42",
				"parent": "bone41",
				"pivot": [2.4, 15.55, 3.5]
			},
			{
				"name": "bone43",
				"parent": "bone42",
				"pivot": [2.4, 15.55, 4.72474],
				"rotation": [70, 0, 0]
			},
			{
				"name": "bone44",
				"parent": "bone43",
				"pivot": [2.4, 15.55, 4.72474],
				"rotation": [0, -45, 0],
				"cubes": [
					{"origin": [1.9, 15.55, 4.22474], "size": [1, 1, 1], "uv": [33, 0]}
				]
			},
			{
				"name": "bone45",
				"parent": "bone41",
				"pivot": [2.4, 15.55, 3.5],
				"rotation": [0, -60, 0]
			},
			{
				"name": "bone46",
				"parent": "bone45",
				"pivot": [2.4, 15.55, 4.72474],
				"rotation": [70, 0, 0]
			},
			{
				"name": "bone47",
				"parent": "bone46",
				"pivot": [2.4, 15.55, 4.72474],
				"rotation": [0, -45, 0],
				"cubes": [
					{"origin": [1.9, 15.55, 4.22474], "size": [1, 1, 1], "uv": [20, 33]}
				]
			},
			{
				"name": "bone48",
				"parent": "bone41",
				"pivot": [2.4, 15.55, 3.5],
				"rotation": [0, -120, 0]
			},
			{
				"name": "bone49",
				"parent": "bone48",
				"pivot": [2.4, 15.55, 4.72474],
				"rotation": [70, 0, 0]
			},
			{
				"name": "bone50",
				"parent": "bone49",
				"pivot": [2.4, 15.55, 4.72474],
				"rotation": [0, -45, 0],
				"cubes": [
					{"origin": [1.9, 15.55, 4.22474], "size": [1, 1, 1], "uv": [16, 33]}
				]
			},
			{
				"name": "bone51",
				"parent": "bone41",
				"pivot": [2.4, 15.55, 3.5],
				"rotation": [0, -180, 0]
			},
			{
				"name": "bone52",
				"parent": "bone51",
				"pivot": [2.4, 15.55, 4.72474],
				"rotation": [70, 0, 0]
			},
			{
				"name": "bone53",
				"parent": "bone52",
				"pivot": [2.4, 15.55, 4.72474],
				"rotation": [0, -45, 0],
				"cubes": [
					{"origin": [1.9, 15.55, 4.22474], "size": [1, 1, 1], "uv": [12, 33]}
				]
			},
			{
				"name": "bone54",
				"parent": "bone41",
				"pivot": [2.4, 15.55, 3.5],
				"rotation": [0, -240, 0]
			},
			{
				"name": "bone55",
				"parent": "bone54",
				"pivot": [2.4, 15.55, 4.72474],
				"rotation": [70, 0, 0]
			},
			{
				"name": "bone56",
				"parent": "bone55",
				"pivot": [2.4, 15.55, 4.72474],
				"rotation": [0, -45, 0],
				"cubes": [
					{"origin": [1.9, 15.55, 4.22474], "size": [1, 1, 1], "uv": [0, 33]}
				]
			},
			{
				"name": "bone57",
				"parent": "bone41",
				"pivot": [2.4, 15.55, 3.5],
				"rotation": [0, -300, 0]
			},
			{
				"name": "bone58",
				"parent": "bone57",
				"pivot": [2.4, 15.55, 4.72474],
				"rotation": [70, 0, 0]
			},
			{
				"name": "bone59",
				"parent": "bone58",
				"pivot": [2.4, 15.55, 4.72474],
				"rotation": [0, -45, 0],
				"cubes": [
					{"origin": [1.9, 15.55, 4.22474], "size": [1, 1, 1], "uv": [29, 4]}
				]
			},
			{
				"name": "bone61",
				"parent": "bone38",
				"pivot": [2.4, 18.45, 2.9]
			},
			{
				"name": "bone60",
				"parent": "bone61",
				"pivot": [2.4, 16.75, 2.9],
				"rotation": [0, 0, 5],
				"cubes": [
					{"origin": [2.5, 15.35, 3], "size": [3.2, 1.9, 1], "uv": [0, 77], "inflate": -0.3}
				]
			},
			{
				"name": "bone62",
				"parent": "bone61",
				"pivot": [2.5774, 16.66192, 3.07223],
				"rotation": [0, 0, 37.5],
				"cubes": [
					{"origin": [2.67989, 15.36932, 2.72024], "size": [3.6, 1.9, 1], "uv": [0, 81], "inflate": -0.3}
				]
			},
			{
				"name": "bone63",
				"parent": "bone37",
				"pivot": [-2.4, 19.2, 3.4],
				"rotation": [17.5, 0, 27.5],
				"cubes": [
					{"origin": [-3.4, 14.2, 2.4], "size": [2, 5, 2], "uv": [64, 64], "inflate": -0.3, "mirror": true}
				]
			},
			{
				"name": "bone64",
				"parent": "bone63",
				"pivot": [-2.82073, 14.64254, 3.40423],
				"rotation": [-11.5, 0, -14.5],
				"cubes": [
					{"origin": [-3.42679, 10.01454, 2.39961], "size": [2, 5, 2], "uv": [16, 63], "inflate": -0.3, "mirror": true}
				]
			},
			{
				"name": "bone65",
				"parent": "bone64",
				"pivot": [-2.5454, 10.3276, 3.33197],
				"rotation": [-8.5, 0, -19],
				"cubes": [
					{"origin": [-3.40787, 5.88715, 2.36934], "size": [2, 5, 2], "uv": [8, 63], "inflate": -0.3, "mirror": true}
				]
			},
			{
				"name": "bone66",
				"parent": "bone63",
				"pivot": [-4.8, 34.75, 6.9]
			},
			{
				"name": "bone67",
				"parent": "bone66",
				"pivot": [-2.4, 15.55, 3.5]
			},
			{
				"name": "bone68",
				"parent": "bone67",
				"pivot": [-2.4, 15.55, 4.72474],
				"rotation": [70, 0, 0]
			},
			{
				"name": "bone69",
				"parent": "bone68",
				"pivot": [-2.4, 15.55, 4.72474],
				"rotation": [0, 45, 0],
				"cubes": [
					{"origin": [-2.9, 15.55, 4.22474], "size": [1, 1, 1], "uv": [33, 0], "mirror": true}
				]
			},
			{
				"name": "bone70",
				"parent": "bone66",
				"pivot": [-2.4, 15.55, 3.5],
				"rotation": [0, 60, 0]
			},
			{
				"name": "bone71",
				"parent": "bone70",
				"pivot": [-2.4, 15.55, 4.72474],
				"rotation": [70, 0, 0]
			},
			{
				"name": "bone72",
				"parent": "bone71",
				"pivot": [-2.4, 15.55, 4.72474],
				"rotation": [0, 45, 0],
				"cubes": [
					{"origin": [-2.9, 15.55, 4.22474], "size": [1, 1, 1], "uv": [20, 33], "mirror": true}
				]
			},
			{
				"name": "bone73",
				"parent": "bone66",
				"pivot": [-2.4, 15.55, 3.5],
				"rotation": [0, 120, 0]
			},
			{
				"name": "bone74",
				"parent": "bone73",
				"pivot": [-2.4, 15.55, 4.72474],
				"rotation": [70, 0, 0]
			},
			{
				"name": "bone75",
				"parent": "bone74",
				"pivot": [-2.4, 15.55, 4.72474],
				"rotation": [0, 45, 0],
				"cubes": [
					{"origin": [-2.9, 15.55, 4.22474], "size": [1, 1, 1], "uv": [16, 33], "mirror": true}
				]
			},
			{
				"name": "bone76",
				"parent": "bone66",
				"pivot": [-2.4, 15.55, 3.5],
				"rotation": [0, 180, 0]
			},
			{
				"name": "bone77",
				"parent": "bone76",
				"pivot": [-2.4, 15.55, 4.72474],
				"rotation": [70, 0, 0]
			},
			{
				"name": "bone78",
				"parent": "bone77",
				"pivot": [-2.4, 15.55, 4.72474],
				"rotation": [0, 45, 0],
				"cubes": [
					{"origin": [-2.9, 15.55, 4.22474], "size": [1, 1, 1], "uv": [12, 33], "mirror": true}
				]
			},
			{
				"name": "bone79",
				"parent": "bone66",
				"pivot": [-2.4, 15.55, 3.5],
				"rotation": [0, 240, 0]
			},
			{
				"name": "bone80",
				"parent": "bone79",
				"pivot": [-2.4, 15.55, 4.72474],
				"rotation": [70, 0, 0]
			},
			{
				"name": "bone81",
				"parent": "bone80",
				"pivot": [-2.4, 15.55, 4.72474],
				"rotation": [0, 45, 0],
				"cubes": [
					{"origin": [-2.9, 15.55, 4.22474], "size": [1, 1, 1], "uv": [0, 33], "mirror": true}
				]
			},
			{
				"name": "bone82",
				"parent": "bone66",
				"pivot": [-2.4, 15.55, 3.5],
				"rotation": [0, 300, 0]
			},
			{
				"name": "bone83",
				"parent": "bone82",
				"pivot": [-2.4, 15.55, 4.72474],
				"rotation": [70, 0, 0]
			},
			{
				"name": "bone84",
				"parent": "bone83",
				"pivot": [-2.4, 15.55, 4.72474],
				"rotation": [0, 45, 0],
				"cubes": [
					{"origin": [-2.9, 15.55, 4.22474], "size": [1, 1, 1], "uv": [29, 4], "mirror": true}
				]
			},
			{
				"name": "bone85",
				"parent": "bone63",
				"pivot": [-2.4, 18.45, 2.9]
			},
			{
				"name": "bone86",
				"parent": "bone85",
				"pivot": [-2.4, 16.75, 2.9],
				"rotation": [0, 0, -5],
				"cubes": [
					{"origin": [-5.7, 15.35, 3], "size": [3.2, 1.9, 1], "uv": [0, 77], "inflate": -0.3, "mirror": true}
				]
			},
			{
				"name": "bone87",
				"parent": "bone85",
				"pivot": [-2.5774, 16.66192, 3.07223],
				"rotation": [0, 0, -37.5],
				"cubes": [
					{"origin": [-6.27989, 15.36932, 2.72024], "size": [3.6, 1.9, 1], "uv": [0, 81], "inflate": -0.3, "mirror": true}
				]
			},
			{
				"name": "helmet",
				"parent": "head",
				"pivot": [0, 18, 0]
			},
			{
				"name": "bone88",
				"parent": "helmet",
				"pivot": [0.72201, 26.4657, 0.1],
				"rotation": [0, 0, 8],
				"cubes": [
					{"origin": [-4.07799, 25.5657, -4.4], "size": [9, 1, 9], "uv": [23, 24], "inflate": 0.1},
					{"origin": [-2.07799, 26.8657, -2.4], "size": [5, 1, 5], "uv": [30, 34], "inflate": 0.1},
					{"origin": [-3.17799, 26.2657, -3.5], "size": [7, 1, 7], "uv": [25, 15], "inflate": 0.1},
					{"origin": [-1.07799, 27.3657, -1.4], "size": [3, 1, 3], "uv": [24, 0], "inflate": 0.1}
				]
			},
			{
				"name": "_helmet",
				"parent": "head",
				"pivot": [0, 26, 0]
			},
			{
				"name": "ahoge",
				"parent": "_helmet",
				"pivot": [0, 26, 0],
				"cubes": [
					{"origin": [-4, 26, 0], "size": [8, 8, 0], "uv": [36, 40]}
				]
			},
			{
				"name": "armRight",
				"pivot": [-3, 17.5, 0],
				"rotation": [0, 0, 25],
				"cubes": [
					{"origin": [-5, 8.5, -1], "size": [2, 8, 2], "uv": [0, 53]},
					{"origin": [-5.5, 9.5, -1.5], "size": [3, 8, 3], "uv": [50, 20], "inflate": -0.2},
					{"origin": [-5.5, 13.5, -1.5], "size": [3, 4, 3], "uv": [52, 52], "inflate": -0.1}
				]
			},
			{
				"name": "armLeft",
				"pivot": [3, 17.5, 0],
				"rotation": [0, 0, -25],
				"cubes": [
					{"origin": [2.5, 9.5, -1.5], "size": [3, 8, 3], "uv": [40, 48], "inflate": -0.2},
					{"origin": [2.5, 13.5, -1.5], "size": [3, 4, 3], "uv": [52, 34], "inflate": -0.1},
					{"origin": [3, 8.5, -1], "size": [2, 8, 2], "uv": [52, 41]}
				]
			},
			{
				"name": "body",
				"pivot": [0, 10.5, 0],
				"cubes": [
					{"origin": [-3, 8.999, -3], "size": [6, 9, 6], "uv": [32, 0]}
				]
			},
			{
				"name": "sittingRotationSkirt",
				"parent": "body",
				"pivot": [0, 11.75, 0]
			},
			{
				"name": "bone",
				"parent": "sittingRotationSkirt",
				"pivot": [0, 4, 0]
			},
			{
				"name": "bone2",
				"parent": "bone",
				"pivot": [0, 4, 5.27792],
				"rotation": [23, 0, 0]
			},
			{
				"name": "bone3",
				"parent": "bone2",
				"pivot": [0, 4, 5.27792],
				"rotation": [0, -45, 0],
				"cubes": [
					{"origin": [-1, 6, 4.27792], "size": [2, 7, 2], "uv": [62, 25]}
				]
			},
			{
				"name": "bone4",
				"parent": "sittingRotationSkirt",
				"pivot": [0, 4, 0],
				"rotation": [0, -30, 0]
			},
			{
				"name": "bone5",
				"parent": "bone4",
				"pivot": [0, 4, 5.27792],
				"rotation": [23, 0, 0]
			},
			{
				"name": "bone6",
				"parent": "bone5",
				"pivot": [0, 4, 5.27792],
				"rotation": [0, -45, 0],
				"cubes": [
					{"origin": [-1, 6, 4.27792], "size": [2, 7, 2], "uv": [62, 16]}
				]
			},
			{
				"name": "bone7",
				"parent": "sittingRotationSkirt",
				"pivot": [0, 4, 0],
				"rotation": [0, -60, 0]
			},
			{
				"name": "bone8",
				"parent": "bone7",
				"pivot": [0, 4, 5.27792],
				"rotation": [23, 0, 0]
			},
			{
				"name": "bone9",
				"parent": "bone8",
				"pivot": [0, 4, 5.27792],
				"rotation": [0, -45, 0],
				"cubes": [
					{"origin": [-1, 6, 4.27792], "size": [2, 7, 2], "uv": [60, 41]}
				]
			},
			{
				"name": "bone10",
				"parent": "sittingRotationSkirt",
				"pivot": [0, 4, 0],
				"rotation": [0, -90, 0]
			},
			{
				"name": "bone11",
				"parent": "bone10",
				"pivot": [0, 4, 5.27792],
				"rotation": [23, 0, 0]
			},
			{
				"name": "bone12",
				"parent": "bone11",
				"pivot": [0, 4, 5.27792],
				"rotation": [0, -45, 0],
				"cubes": [
					{"origin": [-1, 6, 4.27792], "size": [2, 7, 2], "uv": [56, 59]}
				]
			},
			{
				"name": "bone13",
				"parent": "sittingRotationSkirt",
				"pivot": [0, 4, 0],
				"rotation": [0, -120, 0]
			},
			{
				"name": "bone14",
				"parent": "bone13",
				"pivot": [0, 4, 5.27792],
				"rotation": [23, 0, 0]
			},
			{
				"name": "bone15",
				"parent": "bone14",
				"pivot": [0, 4, 5.27792],
				"rotation": [0, -45, 0],
				"cubes": [
					{"origin": [-1, 6, 4.27792], "size": [2, 7, 2], "uv": [48, 59]}
				]
			},
			{
				"name": "bone16",
				"parent": "sittingRotationSkirt",
				"pivot": [0, 4, 0],
				"rotation": [0, -150, 0]
			},
			{
				"name": "bone17",
				"parent": "bone16",
				"pivot": [0, 4, 5.27792],
				"rotation": [23, 0, 0]
			},
			{
				"name": "bone18",
				"parent": "bone17",
				"pivot": [0, 4, 5.27792],
				"rotation": [0, -45, 0],
				"cubes": [
					{"origin": [-1, 6, 4.27792], "size": [2, 7, 2], "uv": [40, 59]}
				]
			},
			{
				"name": "bone19",
				"parent": "sittingRotationSkirt",
				"pivot": [0, 4, 0],
				"rotation": [0, -180, 0]
			},
			{
				"name": "bone20",
				"parent": "bone19",
				"pivot": [0, 4, 5.27792],
				"rotation": [23, 0, 0]
			},
			{
				"name": "bone21",
				"parent": "bone20",
				"pivot": [0, 4, 5.27792],
				"rotation": [0, -45, 0],
				"cubes": [
					{"origin": [-1, 6, 4.27792], "size": [2, 7, 2], "uv": [56, 9]}
				]
			},
			{
				"name": "bone22",
				"parent": "sittingRotationSkirt",
				"pivot": [0, 4, 0],
				"rotation": [0, -210, 0]
			},
			{
				"name": "bone23",
				"parent": "bone22",
				"pivot": [0, 4, 5.27792],
				"rotation": [23, 0, 0]
			},
			{
				"name": "bone24",
				"parent": "bone23",
				"pivot": [0, 4, 5.27792],
				"rotation": [0, -45, 0],
				"cubes": [
					{"origin": [-1, 6, 4.27792], "size": [2, 7, 2], "uv": [56, 0]}
				]
			},
			{
				"name": "bone25",
				"parent": "sittingRotationSkirt",
				"pivot": [0, 4, 0],
				"rotation": [0, -240, 0]
			},
			{
				"name": "bone26",
				"parent": "bone25",
				"pivot": [0, 4, 5.27792],
				"rotation": [23, 0, 0]
			},
			{
				"name": "bone27",
				"parent": "bone26",
				"pivot": [0, 4, 5.27792],
				"rotation": [0, -45, 0],
				"cubes": [
					{"origin": [-1, 6, 4.27792], "size": [2, 7, 2], "uv": [32, 56]}
				]
			},
			{
				"name": "bone28",
				"parent": "sittingRotationSkirt",
				"pivot": [0, 4, 0],
				"rotation": [0, -270, 0]
			},
			{
				"name": "bone29",
				"parent": "bone28",
				"pivot": [0, 4, 5.27792],
				"rotation": [23, 0, 0]
			},
			{
				"name": "bone30",
				"parent": "bone29",
				"pivot": [0, 4, 5.27792],
				"rotation": [0, -45, 0],
				"cubes": [
					{"origin": [-1, 6, 4.27792], "size": [2, 7, 2], "uv": [24, 56]}
				]
			},
			{
				"name": "bone31",
				"parent": "sittingRotationSkirt",
				"pivot": [0, 4, 0],
				"rotation": [0, -300, 0]
			},
			{
				"name": "bone32",
				"parent": "bone31",
				"pivot": [0, 4, 5.27792],
				"rotation": [23, 0, 0]
			},
			{
				"name": "bone33",
				"parent": "bone32",
				"pivot": [0, 4, 5.27792],
				"rotation": [0, -45, 0],
				"cubes": [
					{"origin": [-1, 6, 4.27792], "size": [2, 7, 2], "uv": [16, 54]}
				]
			},
			{
				"name": "bone34",
				"parent": "sittingRotationSkirt",
				"pivot": [0, 4, 0],
				"rotation": [0, -330, 0]
			},
			{
				"name": "bone35",
				"parent": "bone34",
				"pivot": [0, 4, 5.27792],
				"rotation": [23, 0, 0]
			},
			{
				"name": "bone36",
				"parent": "bone35",
				"pivot": [0, 4, 5.27792],
				"rotation": [0, -45, 0],
				"cubes": [
					{"origin": [-1, 6, 4.27792], "size": [2, 7, 2], "uv": [8, 54]}
				]
			},
			{
				"name": "bone159",
				"parent": "body",
				"pivot": [0, 10.5, 0]
			},
			{
				"name": "bone158",
				"parent": "bone159",
				"pivot": [0.5, 17.5, -2.45],
				"rotation": [0, 0, 22.5],
				"cubes": [
					{"origin": [0.09239, 16.53827, -2.95], "size": [3, 2, 6], "uv": [0, 33], "inflate": 0.1}
				]
			},
			{
				"name": "bone157",
				"parent": "bone159",
				"pivot": [-0.5, 17.5, -2.45],
				"rotation": [0, 0, -22.5],
				"cubes": [
					{"origin": [-3.09239, 16.53827, -2.95], "size": [3, 2, 6], "uv": [18, 34], "inflate": 0.1}
				]
			},
			{
				"name": "bone160",
				"parent": "body",
				"pivot": [0, 10.7, 0.1]
			},
			{
				"name": "bone161",
				"parent": "bone160",
				"pivot": [0, 16.7, -3],
				"rotation": [-2.5, 0, 15],
				"cubes": [
					{"origin": [-0.9, 13.7, -3], "size": [1, 3, 0], "uv": [4, 33]}
				]
			},
			{
				"name": "bone162",
				"parent": "bone160",
				"pivot": [0, 16.7, -3],
				"rotation": [-2.5, 0, -15],
				"cubes": [
					{"origin": [-0.1, 13.7, -3], "size": [1, 3, 0], "uv": [24, 0]}
				]
			},
			{
				"name": "bone163",
				"parent": "body",
				"pivot": [0.3, 10.7, 0.1],
				"cubes": [
					{"origin": [-0.45, 13.65, -3.25], "size": [1, 1, 1], "uv": [0, 88], "inflate": -0.1}
				]
			},
			{
				"name": "bone166",
				"parent": "bone163",
				"pivot": [0.05, 12.55456, -2.90209],
				"rotation": [-10, 0, 0],
				"cubes": [
					{"origin": [-0.45, 12.05456, -3.40209], "size": [1, 1, 1], "uv": [0, 88], "inflate": -0.1}
				]
			},
			{
				"name": "bone164",
				"parent": "bone163",
				"pivot": [0.05, 10.83126, -3.76548],
				"rotation": [-25, 0, 0],
				"cubes": [
					{"origin": [-0.45, 10.33126, -4.06548], "size": [1, 1, 1], "uv": [0, 88], "inflate": -0.1}
				]
			},
			{
				"name": "bone165",
				"parent": "bone163",
				"pivot": [0.05, 9.01865, -4.61071],
				"rotation": [-25, 0, 0],
				"cubes": [
					{"origin": [-0.45, 8.51865, -4.81071], "size": [1, 1, 1], "uv": [0, 88], "inflate": -0.1}
				]
			},
			{
				"name": "legLeft",
				"pivot": [2, 9, 0],
				"cubes": [
					{"origin": [0.499, 0, -1.5], "size": [3, 9, 3], "uv": [12, 42]}
				]
			},
			{
				"name": "bone89",
				"parent": "legLeft",
				"pivot": [0, 9.75, 0]
			},
			{
				"name": "bone90",
				"parent": "bone89",
				"pivot": [-2, 0.75, 0]
			},
			{
				"name": "bone91",
				"parent": "bone90",
				"pivot": [-2, 0.75, 1.98526],
				"rotation": [10, 0, 0],
				"cubes": [
					{"origin": [-3, 2.57891, 1.98526], "size": [2, 1, 0], "uv": [16, 36]}
				]
			},
			{
				"name": "bone92",
				"parent": "bone91",
				"pivot": [-3, 0.57891, 1.98526],
				"rotation": [0, 0, 9.85108],
				"cubes": [
					{"origin": [-4, 2.57891, 1.98426], "size": [1, 1, 0], "uv": [12, 37]}
				]
			},
			{
				"name": "bone93",
				"parent": "bone91",
				"pivot": [-1, 0.57891, 1.98526],
				"rotation": [0, 0, -9.85108],
				"cubes": [
					{"origin": [-1, 2.57891, 1.98626], "size": [1, 1, 0], "uv": [4, 37]}
				]
			},
			{
				"name": "bone94",
				"parent": "bone89",
				"pivot": [-2, 0.75, 0],
				"rotation": [0, -90, 0]
			},
			{
				"name": "bone95",
				"parent": "bone94",
				"pivot": [-2, 0.75, 1.98526],
				"rotation": [10, 0, 0],
				"cubes": [
					{"origin": [-3, 2.57891, 1.98526], "size": [2, 1, 0], "uv": [12, 36]}
				]
			},
			{
				"name": "bone96",
				"parent": "bone95",
				"pivot": [-3, 0.57891, 1.98526],
				"rotation": [0, 0, 9.85108],
				"cubes": [
					{"origin": [-4, 2.57891, 1.98426], "size": [1, 1, 0], "uv": [2, 37]}
				]
			},
			{
				"name": "bone97",
				"parent": "bone95",
				"pivot": [-1, 0.57891, 1.98526],
				"rotation": [0, 0, -9.85108],
				"cubes": [
					{"origin": [-1, 2.57891, 1.98626], "size": [1, 1, 0], "uv": [0, 37]}
				]
			},
			{
				"name": "bone98",
				"parent": "bone89",
				"pivot": [-2, 0.75, 0],
				"rotation": [0, -180, 0]
			},
			{
				"name": "bone99",
				"parent": "bone98",
				"pivot": [-2, 0.75, 1.98526],
				"rotation": [10, 0, 0],
				"cubes": [
					{"origin": [-3, 2.57891, 1.98526], "size": [2, 1, 0], "uv": [0, 36]}
				]
			},
			{
				"name": "bone100",
				"parent": "bone99",
				"pivot": [-3, 0.57891, 1.98526],
				"rotation": [0, 0, 9.85108],
				"cubes": [
					{"origin": [-4, 2.57891, 1.98426], "size": [1, 1, 0], "uv": [36, 23]}
				]
			},
			{
				"name": "bone101",
				"parent": "bone99",
				"pivot": [-1, 0.57891, 1.98526],
				"rotation": [0, 0, -9.85108],
				"cubes": [
					{"origin": [-1, 2.57891, 1.98626], "size": [1, 1, 0], "uv": [36, 4]}
				]
			},
			{
				"name": "bone102",
				"parent": "bone89",
				"pivot": [-2, 0.75, 0],
				"rotation": [0, -270, 0]
			},
			{
				"name": "bone103",
				"parent": "bone102",
				"pivot": [-2, 0.75, 1.98526],
				"rotation": [10, 0, 0],
				"cubes": [
					{"origin": [-3, 2.57891, 1.98526], "size": [2, 1, 0], "uv": [30, 35]}
				]
			},
			{
				"name": "bone104",
				"parent": "bone103",
				"pivot": [-3, 0.57891, 1.98526],
				"rotation": [0, 0, 9.85108],
				"cubes": [
					{"origin": [-4, 2.57891, 1.98426], "size": [1, 1, 0], "uv": [36, 3]}
				]
			},
			{
				"name": "bone105",
				"parent": "bone103",
				"pivot": [-1, 0.57891, 1.98526],
				"rotation": [0, 0, -9.85108],
				"cubes": [
					{"origin": [-1, 2.57891, 1.98626], "size": [1, 1, 0], "uv": [36, 0]}
				]
			},
			{
				"name": "bone106",
				"parent": "legLeft",
				"pivot": [0, 9.25, 0]
			},
			{
				"name": "bone107",
				"parent": "bone106",
				"pivot": [-2, 0.25, 0]
			},
			{
				"name": "bone108",
				"parent": "bone107",
				"pivot": [-2, 0.25, 1.98526],
				"rotation": [10, 0, 0],
				"cubes": [
					{"origin": [-3, 2.07891, 1.98526], "size": [2, 1, 0], "uv": [20, 35]}
				]
			},
			{
				"name": "bone109",
				"parent": "bone108",
				"pivot": [-3, 0.07891, 1.98526],
				"rotation": [0, 0, 9.85108],
				"cubes": [
					{"origin": [-4, 2.07891, 1.98426], "size": [1, 1, 0], "uv": [32, 36]}
				]
			},
			{
				"name": "bone110",
				"parent": "bone108",
				"pivot": [-1, 0.07891, 1.98526],
				"rotation": [0, 0, -9.85108],
				"cubes": [
					{"origin": [-1, 2.07891, 1.98626], "size": [1, 1, 0], "uv": [30, 36]}
				]
			},
			{
				"name": "bone111",
				"parent": "bone106",
				"pivot": [-2, 0.25, 0],
				"rotation": [0, -90, 0]
			},
			{
				"name": "bone112",
				"parent": "bone111",
				"pivot": [-2, 0.25, 1.98526],
				"rotation": [10, 0, 0],
				"cubes": [
					{"origin": [-3, 2.07891, 1.98526], "size": [2, 1, 0], "uv": [16, 35]}
				]
			},
			{
				"name": "bone113",
				"parent": "bone112",
				"pivot": [-3, 0.07891, 1.98526],
				"rotation": [0, 0, 9.85108],
				"cubes": [
					{"origin": [-4, 2.07891, 1.98426], "size": [1, 1, 0], "uv": [22, 36]}
				]
			},
			{
				"name": "bone114",
				"parent": "bone112",
				"pivot": [-1, 0.07891, 1.98526],
				"rotation": [0, 0, -9.85108],
				"cubes": [
					{"origin": [-1, 2.07891, 1.98626], "size": [1, 1, 0], "uv": [20, 36]}
				]
			},
			{
				"name": "bone115",
				"parent": "bone106",
				"pivot": [-2, 0.25, 0],
				"rotation": [0, -180, 0]
			},
			{
				"name": "bone116",
				"parent": "bone115",
				"pivot": [-2, 0.25, 1.98526],
				"rotation": [10, 0, 0],
				"cubes": [
					{"origin": [-3, 2.07891, 1.98526], "size": [2, 1, 0], "uv": [12, 35]}
				]
			},
			{
				"name": "bone117",
				"parent": "bone116",
				"pivot": [-3, 0.07891, 1.98526],
				"rotation": [0, 0, 9.85108],
				"cubes": [
					{"origin": [-4, 2.07891, 1.98426], "size": [1, 1, 0], "uv": [4, 36]}
				]
			},
			{
				"name": "bone118",
				"parent": "bone116",
				"pivot": [-1, 0.07891, 1.98526],
				"rotation": [0, 0, -9.85108],
				"cubes": [
					{"origin": [-1, 2.07891, 1.98626], "size": [1, 1, 0], "uv": [19, 33]}
				]
			},
			{
				"name": "bone119",
				"parent": "bone106",
				"pivot": [-2, 0.25, 0],
				"rotation": [0, -270, 0]
			},
			{
				"name": "bone120",
				"parent": "bone119",
				"pivot": [-2, 0.25, 1.98526],
				"rotation": [10, 0, 0],
				"cubes": [
					{"origin": [-3, 2.07891, 1.98526], "size": [2, 1, 0], "uv": [0, 35]}
				]
			},
			{
				"name": "bone121",
				"parent": "bone120",
				"pivot": [-3, 0.07891, 1.98526],
				"rotation": [0, 0, 9.85108],
				"cubes": [
					{"origin": [-4, 2.07891, 1.98426], "size": [1, 1, 0], "uv": [15, 33]}
				]
			},
			{
				"name": "bone122",
				"parent": "bone120",
				"pivot": [-1, 0.07891, 1.98526],
				"rotation": [0, 0, -9.85108],
				"cubes": [
					{"origin": [-1, 2.07891, 1.98626], "size": [1, 1, 0], "uv": [30, 24]}
				]
			},
			{
				"name": "legRight",
				"pivot": [-2, 9, 0],
				"cubes": [
					{"origin": [-3.499, 0, -1.5], "size": [3, 9, 3], "uv": [0, 41]}
				]
			},
			{
				"name": "bone123",
				"parent": "legRight",
				"pivot": [0, 9.75, 0]
			},
			{
				"name": "bone124",
				"parent": "bone123",
				"pivot": [2, 0.75, 0]
			},
			{
				"name": "bone125",
				"parent": "bone124",
				"pivot": [2, 0.75, 1.98526],
				"rotation": [10, 0, 0],
				"cubes": [
					{"origin": [1, 2.57891, 1.98526], "size": [2, 1, 0], "uv": [30, 34]}
				]
			},
			{
				"name": "bone126",
				"parent": "bone125",
				"pivot": [3, 0.57891, 1.98526],
				"rotation": [0, 0, -9.85108],
				"cubes": [
					{"origin": [3, 2.57891, 1.98426], "size": [1, 1, 0], "uv": [30, 20]}
				]
			},
			{
				"name": "bone127",
				"parent": "bone125",
				"pivot": [1, 0.57891, 1.98526],
				"rotation": [0, 0, 9.85108],
				"cubes": [
					{"origin": [0, 2.57891, 1.98626], "size": [1, 1, 0], "uv": [30, 18]}
				]
			},
			{
				"name": "bone128",
				"parent": "bone123",
				"pivot": [2, 0.75, 0],
				"rotation": [0, 90, 0]
			},
			{
				"name": "bone129",
				"parent": "bone128",
				"pivot": [2, 0.75, 1.98526],
				"rotation": [10, 0, 0],
				"cubes": [
					{"origin": [1, 2.57891, 1.98526], "size": [2, 1, 0], "uv": [33, 5]}
				]
			},
			{
				"name": "bone130",
				"parent": "bone129",
				"pivot": [3, 0.57891, 1.98526],
				"rotation": [0, 0, -9.85108],
				"cubes": [
					{"origin": [3, 2.57891, 1.98426], "size": [1, 1, 0], "uv": [30, 6]}
				]
			},
			{
				"name": "bone131",
				"parent": "bone129",
				"pivot": [1, 0.57891, 1.98526],
				"rotation": [0, 0, 9.85108],
				"cubes": [
					{"origin": [0, 2.57891, 1.98626], "size": [1, 1, 0], "uv": [27, 5]}
				]
			},
			{
				"name": "bone132",
				"parent": "bone123",
				"pivot": [2, 0.75, 0],
				"rotation": [0, 180, 0]
			},
			{
				"name": "bone133",
				"parent": "bone132",
				"pivot": [2, 0.75, 1.98526],
				"rotation": [10, 0, 0],
				"cubes": [
					{"origin": [1, 2.57891, 1.98526], "size": [2, 1, 0], "uv": [33, 2]}
				]
			},
			{
				"name": "bone134",
				"parent": "bone133",
				"pivot": [3, 0.57891, 1.98526],
				"rotation": [0, 0, -9.85108],
				"cubes": [
					{"origin": [3, 2.57891, 1.98426], "size": [1, 1, 0], "uv": [24, 21]}
				]
			},
			{
				"name": "bone135",
				"parent": "bone133",
				"pivot": [1, 0.57891, 1.98526],
				"rotation": [0, 0, 9.85108],
				"cubes": [
					{"origin": [0, 2.57891, 1.98626], "size": [1, 1, 0], "uv": [24, 7]}
				]
			},
			{
				"name": "bone136",
				"parent": "bone123",
				"pivot": [2, 0.75, 0],
				"rotation": [0, 270, 0]
			},
			{
				"name": "bone137",
				"parent": "bone136",
				"pivot": [2, 0.75, 1.98526],
				"rotation": [10, 0, 0],
				"cubes": [
					{"origin": [1, 2.57891, 1.98526], "size": [2, 1, 0], "uv": [32, 23]}
				]
			},
			{
				"name": "bone138",
				"parent": "bone137",
				"pivot": [3, 0.57891, 1.98526],
				"rotation": [0, 0, -9.85108],
				"cubes": [
					{"origin": [3, 2.57891, 1.98426], "size": [1, 1, 0], "uv": [6, 24]}
				]
			},
			{
				"name": "bone139",
				"parent": "bone137",
				"pivot": [1, 0.57891, 1.98526],
				"rotation": [0, 0, 9.85108],
				"cubes": [
					{"origin": [0, 2.57891, 1.98626], "size": [1, 1, 0], "uv": [6, 18]}
				]
			},
			{
				"name": "bone140",
				"parent": "legRight",
				"pivot": [0, 9.25, 0]
			},
			{
				"name": "bone141",
				"parent": "bone140",
				"pivot": [2, 0.25, 0]
			},
			{
				"name": "bone142",
				"parent": "bone141",
				"pivot": [2, 0.25, 1.98526],
				"rotation": [10, 0, 0],
				"cubes": [
					{"origin": [1, 2.07891, 1.98526], "size": [2, 1, 0], "uv": [32, 4]}
				]
			},
			{
				"name": "bone143",
				"parent": "bone142",
				"pivot": [3, 0.07891, 1.98526],
				"rotation": [0, 0, -9.85108],
				"cubes": [
					{"origin": [3, 2.07891, 1.98426], "size": [1, 1, 0], "uv": [0, 18]}
				]
			},
			{
				"name": "bone144",
				"parent": "bone142",
				"pivot": [1, 0.07891, 1.98526],
				"rotation": [0, 0, 9.85108],
				"cubes": [
					{"origin": [0, 2.07891, 1.98626], "size": [1, 1, 0], "uv": [6, 17]}
				]
			},
			{
				"name": "bone145",
				"parent": "bone140",
				"pivot": [2, 0.25, 0],
				"rotation": [0, 90, 0]
			},
			{
				"name": "bone146",
				"parent": "bone145",
				"pivot": [2, 0.25, 1.98526],
				"rotation": [10, 0, 0],
				"cubes": [
					{"origin": [1, 2.07891, 1.98526], "size": [2, 1, 0], "uv": [28, 23]}
				]
			},
			{
				"name": "bone147",
				"parent": "bone146",
				"pivot": [3, 0.07891, 1.98526],
				"rotation": [0, 0, -9.85108],
				"cubes": [
					{"origin": [3, 2.07891, 1.98426], "size": [1, 1, 0], "uv": [0, 17]}
				]
			},
			{
				"name": "bone148",
				"parent": "bone146",
				"pivot": [1, 0.07891, 1.98526],
				"rotation": [0, 0, 9.85108],
				"cubes": [
					{"origin": [0, 2.07891, 1.98626], "size": [1, 1, 0], "uv": [6, 7]}
				]
			},
			{
				"name": "bone149",
				"parent": "bone140",
				"pivot": [2, 0.25, 0],
				"rotation": [0, 180, 0]
			},
			{
				"name": "bone150",
				"parent": "bone149",
				"pivot": [2, 0.25, 1.98526],
				"rotation": [10, 0, 0],
				"cubes": [
					{"origin": [1, 2.07891, 1.98526], "size": [2, 1, 0], "uv": [27, 17]}
				]
			},
			{
				"name": "bone151",
				"parent": "bone150",
				"pivot": [3, 0.07891, 1.98526],
				"rotation": [0, 0, -9.85108],
				"cubes": [
					{"origin": [3, 2.07891, 1.98426], "size": [1, 1, 0], "uv": [6, 1]}
				]
			},
			{
				"name": "bone152",
				"parent": "bone150",
				"pivot": [1, 0.07891, 1.98526],
				"rotation": [0, 0, 9.85108],
				"cubes": [
					{"origin": [0, 2.07891, 1.98626], "size": [1, 1, 0], "uv": [6, 0]}
				]
			},
			{
				"name": "bone153",
				"parent": "bone140",
				"pivot": [2, 0.25, 0],
				"rotation": [0, 270, 0]
			},
			{
				"name": "bone154",
				"parent": "bone153",
				"pivot": [2, 0.25, 1.98526],
				"rotation": [10, 0, 0],
				"cubes": [
					{"origin": [1, 2.07891, 1.98526], "size": [2, 1, 0], "uv": [24, 23]}
				]
			},
			{
				"name": "bone155",
				"parent": "bone154",
				"pivot": [3, 0.07891, 1.98526],
				"rotation": [0, 0, -9.85108],
				"cubes": [
					{"origin": [3, 2.07891, 1.98426], "size": [1, 1, 0], "uv": [0, 1]}
				]
			},
			{
				"name": "bone156",
				"parent": "bone154",
				"pivot": [1, 0.07891, 1.98526],
				"rotation": [0, 0, 9.85108],
				"cubes": [
					{"origin": [0, 2.07891, 1.98626], "size": [1, 1, 0], "uv": [0, 0]}
				]
			}
		]
	}
}