{
	"format_version": "1.10.0",
	"geometry.model": {
		"texturewidth": 128,
		"textureheight": 128,
		"visible_bounds_width": 3,
		"visible_bounds_height": 4,
		"visible_bounds_offset": [0, 1, 0],
		"bones": [
			{
				"name": "head",
				"pivot": [0, 18, 0],
				"cubes": [
					{"origin": [-4, 18, -4], "size": [8, 8, 8], "uv": [32, 32]},
					{"origin": [-4, 18, -4], "size": [8, 8, 8], "uv": [0, 32], "inflate": 0.2}
				]
			},
			{
				"name": "blink",
				"parent": "head",
				"pivot": [0, 18, 0],
				"cubes": [
					{"origin": [-4, 18, -4.001], "size": [8, 8, 0], "uv": [0, 0]}
				]
			},
			{
				"name": "hair",
				"parent": "head",
				"pivot": [0, 18, 0]
			},
			{
				"name": "bone49",
				"parent": "hair",
				"pivot": [0, 18, -4],
				"rotation": [-5, 0, 0],
				"cubes": [
					{"origin": [-4, 14, -4], "size": [1, 4, 0], "uv": [6, 32]},
					{"origin": [3, 14, -4], "size": [1, 4, 0], "uv": [4, 32]}
				]
			},
			{
				"name": "bone50",
				"parent": "hair",
				"pivot": [4, 18, -3],
				"rotation": [0, 0, -5],
				"cubes": [
					{"origin": [4, 14, -4], "size": [0, 4, 1], "uv": [2, 11]}
				]
			},
			{
				"name": "bone51",
				"parent": "bone50",
				"pivot": [0, 18, 0],
				"rotation": [0, 0, 5],
				"cubes": [
					{"origin": [4.3334, 12.36384, -4], "size": [0, 2, 1], "uv": [2, 35]}
				]
			},
			{
				"name": "bone52",
				"parent": "bone50",
				"pivot": [0, 18, 0],
				"rotation": [0, 0, 10],
				"cubes": [
					{"origin": [4.80814, 10.76289, -4], "size": [0, 2, 1], "uv": [0, 35]}
				]
			},
			{
				"name": "bone53",
				"parent": "hair",
				"pivot": [4, 18, -2],
				"rotation": [0, 0, -10],
				"cubes": [
					{"origin": [4, 14, -3], "size": [0, 4, 1], "uv": [0, 11]}
				]
			},
			{
				"name": "bone54",
				"parent": "bone53",
				"pivot": [0, 18, 1],
				"rotation": [0, 0, 5],
				"cubes": [
					{"origin": [4.3334, 12.36384, -3], "size": [0, 2, 1], "uv": [34, 31]}
				]
			},
			{
				"name": "bone55",
				"parent": "bone53",
				"pivot": [0, 18, 1],
				"rotation": [0, 0, 10],
				"cubes": [
					{"origin": [4.80814, 10.76289, -3], "size": [0, 2, 1], "uv": [34, 34]}
				]
			},
			{
				"name": "bone56",
				"parent": "hair",
				"pivot": [4, 18, 3],
				"rotation": [0, 0, -10],
				"cubes": [
					{"origin": [4, 14, 2], "size": [0, 4, 1], "uv": [10, 10]}
				]
			},
			{
				"name": "bone57",
				"parent": "bone56",
				"pivot": [0, 18, 6],
				"rotation": [0, 0, 5],
				"cubes": [
					{"origin": [4.3334, 12.36384, 2], "size": [0, 2, 1], "uv": [32, 34]}
				]
			},
			{
				"name": "bone58",
				"parent": "bone56",
				"pivot": [0, 18, 6],
				"rotation": [0, 0, 10],
				"cubes": [
					{"origin": [4.80814, 10.76289, 2], "size": [0, 2, 1], "uv": [30, 33]}
				]
			},
			{
				"name": "bone59",
				"parent": "hair",
				"pivot": [4, 18, 4],
				"rotation": [0, 0, -15],
				"cubes": [
					{"origin": [4, 14, 3], "size": [0, 4, 1], "uv": [8, 8]}
				]
			},
			{
				"name": "bone60",
				"parent": "bone59",
				"pivot": [0, 18, 7],
				"rotation": [0, 0, 5],
				"cubes": [
					{"origin": [4.3334, 12.36384, 3], "size": [0, 2, 1], "uv": [28, 33]}
				]
			},
			{
				"name": "bone61",
				"parent": "bone59",
				"pivot": [0, 18, 7],
				"rotation": [0, 0, 10],
				"cubes": [
					{"origin": [4.80814, 10.76289, 3], "size": [0, 2, 1], "uv": [26, 33]}
				]
			},
			{
				"name": "bone62",
				"parent": "hair",
				"pivot": [-4, 18, -3],
				"rotation": [0, 0, 5],
				"cubes": [
					{"origin": [-4, 14, -4], "size": [0, 4, 1], "uv": [6, 7]}
				]
			},
			{
				"name": "bone63",
				"parent": "bone62",
				"pivot": [0, 18, 0],
				"rotation": [0, 0, -10],
				"cubes": [
					{"origin": [-4.63382, 12.75536, -4], "size": [0, 2, 1], "uv": [24, 33]}
				]
			},
			{
				"name": "bone64",
				"parent": "bone62",
				"pivot": [0, 18, 0],
				"rotation": [0, 0, -15],
				"cubes": [
					{"origin": [-5.07329, 11.17918, -4], "size": [0, 2, 1], "uv": [32, 32]}
				]
			},
			{
				"name": "bone65",
				"parent": "hair",
				"pivot": [-4, 18, -2],
				"rotation": [0, 0, 10],
				"cubes": [
					{"origin": [-4, 14, -3], "size": [0, 4, 1], "uv": [4, 7]}
				]
			},
			{
				"name": "bone66",
				"parent": "bone65",
				"pivot": [0, 18, 1],
				"rotation": [0, 0, -10],
				"cubes": [
					{"origin": [-4.63382, 12.75536, -3], "size": [0, 2, 1], "uv": [30, 31]}
				]
			},
			{
				"name": "bone67",
				"parent": "bone65",
				"pivot": [0, 18, 1],
				"rotation": [0, 0, -15],
				"cubes": [
					{"origin": [-5.07329, 11.17918, -3], "size": [0, 2, 1], "uv": [28, 31]}
				]
			},
			{
				"name": "bone68",
				"parent": "hair",
				"pivot": [-4, 18, 3],
				"rotation": [0, 0, 10],
				"cubes": [
					{"origin": [-4, 14, 2], "size": [0, 4, 1], "uv": [2, 7]}
				]
			},
			{
				"name": "bone69",
				"parent": "bone68",
				"pivot": [0, 18, 6],
				"rotation": [0, 0, -10],
				"cubes": [
					{"origin": [-4.63382, 12.75536, 2], "size": [0, 2, 1], "uv": [26, 31]}
				]
			},
			{
				"name": "bone70",
				"parent": "bone68",
				"pivot": [0, 18, 6],
				"rotation": [0, 0, -15],
				"cubes": [
					{"origin": [-5.07329, 11.17918, 2], "size": [0, 2, 1], "uv": [24, 31]}
				]
			},
			{
				"name": "bone71",
				"parent": "hair",
				"pivot": [-4, 18, 4],
				"rotation": [0, 0, 15],
				"cubes": [
					{"origin": [-4, 14, 3], "size": [0, 4, 1], "uv": [0, 7]}
				]
			},
			{
				"name": "bone72",
				"parent": "bone71",
				"pivot": [0, 18, 7],
				"rotation": [0, 0, -10],
				"cubes": [
					{"origin": [-4.63382, 12.75536, 3], "size": [0, 2, 1], "uv": [8, 12]}
				]
			},
			{
				"name": "bone73",
				"parent": "bone71",
				"pivot": [0, 18, 7],
				"rotation": [0, 0, -15],
				"cubes": [
					{"origin": [-5.07329, 11.17918, 3], "size": [0, 2, 1], "uv": [10, 7]}
				]
			},
			{
				"name": "bone74",
				"parent": "hair",
				"pivot": [4, 18, 4],
				"rotation": [25, 0, 0],
				"cubes": [
					{"origin": [3, 14, 4], "size": [1, 4, 0], "uv": [2, 32]}
				]
			},
			{
				"name": "bone75",
				"parent": "bone74",
				"pivot": [0, 18, 0],
				"rotation": [-10, 0, 0],
				"cubes": [
					{"origin": [3, 12.75536, 4.63382], "size": [1, 2, 0], "uv": [24, 38]}
				]
			},
			{
				"name": "bone76",
				"parent": "bone74",
				"pivot": [0, 18, 0],
				"rotation": [-20, 0, 0],
				"cubes": [
					{"origin": [3, 11.63987, 5.47413], "size": [1, 2, 0], "uv": [6, 38]}
				]
			},
			{
				"name": "bone77",
				"parent": "hair",
				"pivot": [3, 18, 4],
				"rotation": [20, 0, 0],
				"cubes": [
					{"origin": [2, 14, 4], "size": [1, 4, 0], "uv": [0, 32]}
				]
			},
			{
				"name": "bone78",
				"parent": "bone77",
				"pivot": [-1, 18, 0],
				"rotation": [-10, 0, 0],
				"cubes": [
					{"origin": [2, 12.75536, 4.63382], "size": [1, 2, 0], "uv": [4, 38]}
				]
			},
			{
				"name": "bone79",
				"parent": "bone77",
				"pivot": [-1, 18, 0],
				"rotation": [-20, 0, 0],
				"cubes": [
					{"origin": [2, 11.63987, 5.47413], "size": [1, 2, 0], "uv": [2, 38]}
				]
			},
			{
				"name": "bone80",
				"parent": "hair",
				"pivot": [2, 18, 4],
				"rotation": [15, 0, 0],
				"cubes": [
					{"origin": [1, 14, 4], "size": [1, 4, 0], "uv": [14, 12]}
				]
			},
			{
				"name": "bone81",
				"parent": "bone80",
				"pivot": [-2, 18, 0],
				"rotation": [-10, 0, 0],
				"cubes": [
					{"origin": [1, 12.75536, 4.63382], "size": [1, 2, 0], "uv": [0, 38]}
				]
			},
			{
				"name": "bone82",
				"parent": "bone80",
				"pivot": [-2, 18, 0],
				"rotation": [-20, 0, 0],
				"cubes": [
					{"origin": [1, 11.63987, 5.47413], "size": [1, 2, 0], "uv": [34, 37]}
				]
			},
			{
				"name": "bone83",
				"parent": "hair",
				"pivot": [1, 18, 4],
				"rotation": [11, 0, 0],
				"cubes": [
					{"origin": [0, 14, 4], "size": [1, 4, 0], "uv": [14, 8]}
				]
			},
			{
				"name": "bone84",
				"parent": "bone83",
				"pivot": [-3, 18, 0],
				"rotation": [-10, 0, 0],
				"cubes": [
					{"origin": [0, 12.75536, 4.63382], "size": [1, 2, 0], "uv": [32, 37]}
				]
			},
			{
				"name": "bone85",
				"parent": "bone83",
				"pivot": [-3, 18, 0],
				"rotation": [-20, 0, 0],
				"cubes": [
					{"origin": [0, 11.63987, 5.47413], "size": [1, 2, 0], "uv": [36, 34]}
				]
			},
			{
				"name": "bone86",
				"parent": "hair",
				"pivot": [0, 18, 4],
				"rotation": [14, 0, 0],
				"cubes": [
					{"origin": [-1, 14, 4], "size": [1, 4, 0], "uv": [12, 8]}
				]
			},
			{
				"name": "bone87",
				"parent": "bone86",
				"pivot": [-4, 18, 0],
				"rotation": [-10, 0, 0],
				"cubes": [
					{"origin": [-1, 12.75536, 4.63382], "size": [1, 2, 0], "uv": [36, 32]}
				]
			},
			{
				"name": "bone88",
				"parent": "bone86",
				"pivot": [-4, 18, 0],
				"rotation": [-20, 0, 0],
				"cubes": [
					{"origin": [-1, 11.63987, 5.47413], "size": [1, 2, 0], "uv": [36, 36]}
				]
			},
			{
				"name": "bone89",
				"parent": "hair",
				"pivot": [-1, 18, 4],
				"rotation": [18, 0, 0],
				"cubes": [
					{"origin": [-2, 14, 4], "size": [1, 4, 0], "uv": [12, 12]}
				]
			},
			{
				"name": "bone90",
				"parent": "bone89",
				"pivot": [-5, 18, 0],
				"rotation": [-10, 0, 0],
				"cubes": [
					{"origin": [-2, 12.75536, 4.63382], "size": [1, 2, 0], "uv": [30, 36]}
				]
			},
			{
				"name": "bone91",
				"parent": "bone89",
				"pivot": [-5, 18, 0],
				"rotation": [-20, 0, 0],
				"cubes": [
					{"origin": [-2, 11.63987, 5.47413], "size": [1, 2, 0], "uv": [28, 36]}
				]
			},
			{
				"name": "bone92",
				"parent": "hair",
				"pivot": [-2, 18, 4],
				"rotation": [22, 0, 0],
				"cubes": [
					{"origin": [-3, 14, 4], "size": [1, 4, 0], "uv": [6, 12]}
				]
			},
			{
				"name": "bone93",
				"parent": "bone92",
				"pivot": [-6, 18, 0],
				"rotation": [-10, 0, 0],
				"cubes": [
					{"origin": [-3, 12.75536, 4.63382], "size": [1, 2, 0], "uv": [26, 36]}
				]
			},
			{
				"name": "bone94",
				"parent": "bone92",
				"pivot": [-6, 18, 0],
				"rotation": [-20, 0, 0],
				"cubes": [
					{"origin": [-3, 11.63987, 5.47413], "size": [1, 2, 0], "uv": [24, 36]}
				]
			},
			{
				"name": "bone95",
				"parent": "hair",
				"pivot": [-3, 18, 4],
				"rotation": [25, 0, 0],
				"cubes": [
					{"origin": [-4, 14, 4], "size": [1, 4, 0], "uv": [4, 12]}
				]
			},
			{
				"name": "bone96",
				"parent": "bone95",
				"pivot": [-7, 18, 0],
				"rotation": [-10, 0, 0],
				"cubes": [
					{"origin": [-4, 12.75536, 4.63382], "size": [1, 2, 0], "uv": [6, 36]}
				]
			},
			{
				"name": "bone97",
				"parent": "bone95",
				"pivot": [-7, 18, 0],
				"rotation": [-20, 0, 0],
				"cubes": [
					{"origin": [-4, 11.63987, 5.47413], "size": [1, 2, 0], "uv": [4, 36]}
				]
			},
			{
				"name": "armRight",
				"pivot": [-3, 17.5, 0],
				"rotation": [0, 0, 25],
				"cubes": [
					{"origin": [-5, 8.5, -1], "size": [2, 8, 2], "uv": [8, 63]},
					{"origin": [-5.5, 10.5, -1.5], "size": [3, 7, 3], "uv": [60, 0]}
				]
			},
			{
				"name": "armLeft",
				"pivot": [3, 17.5, 0],
				"rotation": [0, 0, -25],
				"cubes": [
					{"origin": [2.5, 9.5, -1.5], "size": [3, 8, 3], "uv": [60, 60]},
					{"origin": [3, 8.5, -1], "size": [2, 8, 2], "uv": [62, 30]}
				]
			},
			{
				"name": "body",
				"pivot": [0, 10.5, 0],
				"cubes": [
					{"origin": [-3, 8.999, -3], "size": [6, 9, 6], "uv": [0, 48]},
					{"origin": [-3, 10.999, -3], "size": [6, 7, 6], "uv": [24, 48], "inflate": 0.2}
				]
			},
			{
				"name": "bone17",
				"parent": "body",
				"pivot": [0, 15.19956, -0.61218],
				"rotation": [-104, 0, 0],
				"cubes": [
					{"origin": [-8, 6.19956, -8.71218], "size": [16, 16, 16], "uv": [0, 0], "inflate": -6}
				]
			},
			{
				"name": "sittingRotationSkirt",
				"parent": "body",
				"pivot": [0, 11.5, 0]
			},
			{
				"name": "bone",
				"parent": "sittingRotationSkirt",
				"pivot": [0, 1, 0]
			},
			{
				"name": "bone2",
				"parent": "bone",
				"pivot": [0, 1, 3.99245],
				"rotation": [5, 0, 0],
				"cubes": [
					{"origin": [-2, 2.82635, 3.99245], "size": [4, 10, 0], "uv": [0, 63]}
				]
			},
			{
				"name": "bone3",
				"parent": "bone2",
				"pivot": [-2, 0.82635, 3.99245],
				"rotation": [0, 0, 4.98107],
				"cubes": [
					{"origin": [-4, 2.82635, 3.99145], "size": [2, 10, 0], "uv": [56, 68]}
				]
			},
			{
				"name": "bone4",
				"parent": "bone2",
				"pivot": [2, 0.82635, 3.99245],
				"rotation": [0, 0, -4.98107],
				"cubes": [
					{"origin": [2, 2.82635, 3.99345], "size": [2, 10, 0], "uv": [52, 68]}
				]
			},
			{
				"name": "bone5",
				"parent": "sittingRotationSkirt",
				"pivot": [0, 1, 0],
				"rotation": [0, -90, 0]
			},
			{
				"name": "bone6",
				"parent": "bone5",
				"pivot": [0, 1, 3.99245],
				"rotation": [5, 0, 0],
				"cubes": [
					{"origin": [-2, 2.82635, 3.99245], "size": [4, 10, 0], "uv": [40, 61]}
				]
			},
			{
				"name": "bone7",
				"parent": "bone6",
				"pivot": [-2, 0.82635, 3.99245],
				"rotation": [0, 0, 4.98107],
				"cubes": [
					{"origin": [-4, 2.82635, 3.99145], "size": [2, 10, 0], "uv": [48, 68]}
				]
			},
			{
				"name": "bone8",
				"parent": "bone6",
				"pivot": [2, 0.82635, 3.99245],
				"rotation": [0, 0, -4.98107],
				"cubes": [
					{"origin": [2, 2.82635, 3.99345], "size": [2, 10, 0], "uv": [64, 40]}
				]
			},
			{
				"name": "bone9",
				"parent": "sittingRotationSkirt",
				"pivot": [0, 1, 0],
				"rotation": [0, -180, 0]
			},
			{
				"name": "bone10",
				"parent": "bone9",
				"pivot": [0, 1, 3.99245],
				"rotation": [5, 0, 0],
				"cubes": [
					{"origin": [-2, 2.82635, 3.99245], "size": [4, 10, 0], "uv": [32, 61]}
				]
			},
			{
				"name": "bone11",
				"parent": "bone10",
				"pivot": [-2, 0.82635, 3.99245],
				"rotation": [0, 0, 4.98107],
				"cubes": [
					{"origin": [-4, 2.82635, 3.99145], "size": [2, 10, 0], "uv": [64, 20]}
				]
			},
			{
				"name": "bone12",
				"parent": "bone10",
				"pivot": [2, 0.82635, 3.99245],
				"rotation": [0, 0, -4.98107],
				"cubes": [
					{"origin": [2, 2.82635, 3.99345], "size": [2, 10, 0], "uv": [64, 10]}
				]
			},
			{
				"name": "bone13",
				"parent": "sittingRotationSkirt",
				"pivot": [0, 1, 0],
				"rotation": [0, -270, 0]
			},
			{
				"name": "bone14",
				"parent": "bone13",
				"pivot": [0, 1, 3.99245],
				"rotation": [5, 0, 0],
				"cubes": [
					{"origin": [-2, 2.82635, 3.99245], "size": [4, 10, 0], "uv": [24, 61]}
				]
			},
			{
				"name": "bone15",
				"parent": "bone14",
				"pivot": [-2, 0.82635, 3.99245],
				"rotation": [0, 0, 4.98107],
				"cubes": [
					{"origin": [-4, 2.82635, 3.99145], "size": [2, 10, 0], "uv": [20, 63]}
				]
			},
			{
				"name": "bone16",
				"parent": "bone14",
				"pivot": [2, 0.82635, 3.99245],
				"rotation": [0, 0, -4.98107],
				"cubes": [
					{"origin": [2, 2.82635, 3.99345], "size": [2, 10, 0], "uv": [16, 63]}
				]
			},
			{
				"name": "chest",
				"parent": "body",
				"pivot": [0, 16.25, -0.25],
				"rotation": [75, 0, 0],
				"cubes": [
					{"origin": [-3, 15.25, -2.75], "size": [6, 4, 4], "uv": [48, 48]}
				]
			},
			{
				"name": "legLeft",
				"pivot": [1.5, 9, 0],
				"cubes": [
					{"origin": [-0.001, 0, -1.5], "size": [3, 9, 3], "uv": [48, 56]}
				]
			},
			{
				"name": "legRight",
				"pivot": [-1.5, 9, 0],
				"cubes": [
					{"origin": [-2.999, 0, -1.5], "size": [3, 9, 3], "uv": [48, 0]}
				]
			}
		]
	}
}