{
	"format_version": "1.10.0",
	"geometry.model": {
		"texturewidth": 64,
		"textureheight": 64,
		"visible_bounds_width": 3,
		"visible_bounds_height": 4,
		"visible_bounds_offset": [0, 1, 0],
		"bones": [
			{
				"name": "head",
				"pivot": [0, 18, 0],
				"cubes": [
					{"origin": [-4, 18, -4], "size": [8, 8, 8], "uv": [0, 16]},
					{"origin": [-4, 18, -4], "size": [8, 8, 8], "uv": [0, 0], "inflate": 0.25}
				]
			},
			{
				"name": "blink",
				"parent": "head",
				"pivot": [0, 18, 0],
				"cubes": [
					{"origin": [-4, 18, -4.001], "size": [8, 8, 0], "uv": [32, 7]}
				]
			},
			{
				"name": "armRight",
				"pivot": [-3, 17.5, 0],
				"rotation": [0, 0, 25],
				"cubes": [
					{"origin": [-5, 8.5, -1], "size": [2, 8, 2], "uv": [8, 44]},
					{"origin": [-5.5, 9.5, -1.5], "size": [3, 8, 3], "uv": [36, 40], "inflate": -0.2}
				]
			},
			{
				"name": "armLeft",
				"pivot": [3, 17.5, 0],
				"rotation": [0, 0, -25],
				"cubes": [
					{"origin": [2.5, 9.5, -1.5], "size": [3, 8, 3], "uv": [24, 40], "inflate": -0.2},
					{"origin": [3, 8.5, -1], "size": [2, 8, 2], "uv": [0, 44]}
				]
			},
			{
				"name": "body",
				"pivot": [0, 10.5, 0],
				"cubes": [
					{"origin": [-3.5, 9.999, -2.5], "size": [7, 8, 5], "uv": [27, 27]},
					{"origin": [-3.5, 7.499, -2], "size": [7, 3, 4], "uv": [24, 0], "inflate": -0.1},
					{"origin": [-3.5, 9.499, -2], "size": [7, 1, 4], "uv": [24, 16], "inflate": -0.02}
				]
			},
			{
				"name": "bone3",
				"parent": "body",
				"pivot": [0.4, 16.6, -2.6],
				"rotation": [-10, 0, 10]
			},
			{
				"name": "bone2",
				"parent": "bone3",
				"pivot": [0.4, 16.1, -2.6],
				"rotation": [0, 0, -5],
				"cubes": [
					{"origin": [-0.10029, 15.09565, -3.1], "size": [1, 2, 1], "uv": [0, 0], "inflate": -0.3}
				]
			},
			{
				"name": "bone",
				"parent": "bone3",
				"pivot": [0.1, 16.1, -2.6],
				"rotation": [0, 0, 5],
				"cubes": [
					{"origin": [-0.3001, 15.10436, -3.1], "size": [1, 2, 1], "uv": [0, 3], "inflate": -0.3}
				]
			},
			{
				"name": "legLeft",
				"pivot": [2, 9, 0],
				"cubes": [
					{"origin": [0.249, 0, -1.5], "size": [3, 9, 3], "uv": [12, 32]},
					{"origin": [0.249, 6, -1.5], "size": [3, 3, 3], "uv": [43, 18], "inflate": 0.2}
				]
			},
			{
				"name": "legRight",
				"pivot": [-2, 9, 0],
				"cubes": [
					{"origin": [-3.249, 0, -1.5], "size": [3, 9, 3], "uv": [0, 32]},
					{"origin": [-3.249, 6, -1.5], "size": [3, 3, 3], "uv": [32, 21], "inflate": 0.2}
				]
			}
		]
	}
}