{
	"format_version": "1.10.0",
	"geometry.model": {
		"texturewidth": 128,
		"textureheight": 128,
		"visible_bounds_width": 3,
		"visible_bounds_height": 4,
		"visible_bounds_offset": [0, 1, 0],
		"bones": [
			{
				"name": "head",
				"pivot": [0, 18, 0],
				"cubes": [
					{"origin": [-4, 18, -4], "size": [8, 8, 8], "uv": [48, 32]},
					{"origin": [-4, 18, -4], "size": [8, 8, 8], "uv": [48, 0], "inflate": 0.2}
				]
			},
			{
				"name": "blink",
				"parent": "head",
				"pivot": [0, 18, 0],
				"cubes": [
					{"origin": [-4, 18, -4.001], "size": [8, 8, 0], "uv": [24, 64]}
				]
			},
			{
				"name": "hair",
				"parent": "head",
				"pivot": [0, 18.8, 3.6],
				"rotation": [22.5, 0, 0]
			},
			{
				"name": "bone35",
				"parent": "hair",
				"pivot": [0, 18.3, 3.6],
				"cubes": [
					{"origin": [-1, 7.8, 2.6], "size": [2, 12, 2], "uv": [32, 72], "inflate": -0.3}
				]
			},
			{
				"name": "bone36",
				"parent": "hair",
				"pivot": [0.25, 18.3, 3.6],
				"rotation": [-5, 0, -5],
				"cubes": [
					{"origin": [-0.75, 7.8, 2.6], "size": [2, 12, 2], "uv": [24, 72], "inflate": -0.3}
				]
			},
			{
				"name": "bone37",
				"parent": "hair",
				"pivot": [0, 18.3, 3.6],
				"rotation": [-5, 0, 5],
				"cubes": [
					{"origin": [-1.24905, 7.77829, 2.6019], "size": [2, 12, 2], "uv": [52, 71], "inflate": -0.3}
				]
			},
			{
				"name": "bone38",
				"parent": "hair",
				"pivot": [0, 18.8, 3.6],
				"cubes": [
					{"origin": [-1.5, 16.58007, 2.50463], "size": [3, 1, 2], "uv": [0, 12], "inflate": -0.1}
				]
			},
			{
				"name": "bone39",
				"parent": "head",
				"pivot": [-3.8, 18.1, -3.4],
				"rotation": [-8.57722, 70.13416, -3.30105]
			},
			{
				"name": "bone41",
				"parent": "bone39",
				"pivot": [-3.62927, 16.65932, -3.5999],
				"rotation": [-7.5, 0, 0],
				"cubes": [
					{"origin": [-4.12927, 15.18476, -3.60325], "size": [1, 3, 0], "uv": [9, 32]}
				]
			},
			{
				"name": "bone42",
				"parent": "bone39",
				"pivot": [-3.62927, 13.65932, -3.5999],
				"rotation": [15, 0, 0],
				"cubes": [
					{"origin": [-4.12927, 12.19568, -3.3909], "size": [1, 3, 0], "uv": [0, 32]}
				]
			},
			{
				"name": "bone43",
				"parent": "bone39",
				"pivot": [-3.62927, 10.65932, -3.5999],
				"rotation": [-10, 0, 0],
				"cubes": [
					{"origin": [-4.12927, 10.37599, -3.31196], "size": [1, 2, 0], "uv": [10, 14]}
				]
			},
			{
				"name": "bone40",
				"parent": "head",
				"pivot": [3.8, 18.1, -3.4],
				"rotation": [-8.57722, -70.13416, 3.30105]
			},
			{
				"name": "bone44",
				"parent": "bone40",
				"pivot": [3.62927, 16.65932, -3.5999],
				"rotation": [-7.5, 0, 0],
				"cubes": [
					{"origin": [3.12927, 15.18476, -3.60325], "size": [1, 3, 0], "uv": [9, 0]}
				]
			},
			{
				"name": "bone45",
				"parent": "bone40",
				"pivot": [3.62927, 13.65932, -3.5999],
				"rotation": [15, 0, 0],
				"cubes": [
					{"origin": [3.12927, 12.19568, -3.3909], "size": [1, 3, 0], "uv": [0, 0]}
				]
			},
			{
				"name": "bone46",
				"parent": "bone40",
				"pivot": [3.62927, 10.65932, -3.5999],
				"rotation": [-10, 0, 0],
				"cubes": [
					{"origin": [3.12927, 10.37599, -3.31196], "size": [1, 2, 0], "uv": [0, 12]}
				]
			},
			{
				"name": "bone47",
				"parent": "head",
				"pivot": [0, 18.3, 0.8],
				"cubes": [
					{"origin": [-8, 12.3, -8.5], "size": [16, 16, 16], "uv": [0, 32], "inflate": -4.25}
				]
			},
			{
				"name": "armRight",
				"pivot": [-3, 17.5, 0],
				"rotation": [0, 0, 25],
				"cubes": [
					{"origin": [-5, 8.5, -1], "size": [2, 8, 2], "uv": [74, 48]},
					{"origin": [-5.5, 9.5, -1.5], "size": [3, 8, 3], "uv": [64, 16], "inflate": -0.2}
				]
			},
			{
				"name": "armLeft",
				"pivot": [3, 17.5, 0],
				"rotation": [0, 0, -25],
				"cubes": [
					{"origin": [2.5, 9.5, -1.5], "size": [3, 8, 3], "uv": [40, 64], "inflate": -0.2},
					{"origin": [3, 8.5, -1], "size": [2, 8, 2], "uv": [70, 73]}
				]
			},
			{
				"name": "body",
				"pivot": [0, 10.5, 0],
				"cubes": [
					{"origin": [-3, 8.999, -3], "size": [6, 9, 6], "uv": [0, 64]},
					{"origin": [-3, 8.999, -3], "size": [6, 9, 6], "uv": [58, 58], "inflate": 0.1},
					{"origin": [-8, 7.899, -9.8], "size": [16, 16, 16], "uv": [0, 0], "inflate": -6.65}
				]
			},
			{
				"name": "sittingRotationSkirt",
				"parent": "body",
				"pivot": [0, 12, -0.5]
			},
			{
				"name": "bone17",
				"parent": "sittingRotationSkirt",
				"pivot": [0, 15.5, 0]
			},
			{
				"name": "bone",
				"parent": "bone17",
				"pivot": [0, 5, 0]
			},
			{
				"name": "bone2",
				"parent": "bone",
				"pivot": [0, 5, 4.47051],
				"rotation": [10, 0, 0],
				"cubes": [
					{"origin": [-2.5, 5.65782, 4.47051], "size": [5, 8, 0], "uv": [60, 73]}
				]
			},
			{
				"name": "bone3",
				"parent": "bone2",
				"pivot": [-2.5, 4.65782, 4.47051],
				"rotation": [0, 0, 9.85108],
				"cubes": [
					{"origin": [-4.5, 5.65782, 4.46951], "size": [2, 8, 0], "uv": [52, 32]}
				]
			},
			{
				"name": "bone4",
				"parent": "bone2",
				"pivot": [2.5, 4.65782, 4.47051],
				"rotation": [0, 0, -9.85108],
				"cubes": [
					{"origin": [2.5, 5.65782, 4.47151], "size": [2, 8, 0], "uv": [52, 0]}
				]
			},
			{
				"name": "bone13",
				"parent": "bone17",
				"pivot": [0, 5, 0],
				"rotation": [0, -270, 0]
			},
			{
				"name": "bone14",
				"parent": "bone13",
				"pivot": [0, 5, 4.47051],
				"rotation": [10, 0, 0],
				"cubes": [
					{"origin": [-2.5, 5.65782, 4.47051], "size": [5, 8, 0], "uv": [64, 48]}
				]
			},
			{
				"name": "bone15",
				"parent": "bone14",
				"pivot": [-2.5, 4.65782, 4.47051],
				"rotation": [0, 0, 9.85108],
				"cubes": [
					{"origin": [-4.5, 5.65782, 4.46951], "size": [2, 8, 0], "uv": [12, 8]}
				]
			},
			{
				"name": "bone16",
				"parent": "bone14",
				"pivot": [2.5, 4.65782, 4.47051],
				"rotation": [0, 0, -9.85108],
				"cubes": [
					{"origin": [2.5, 5.65782, 4.47151], "size": [2, 8, 0], "uv": [12, 0]}
				]
			},
			{
				"name": "bone9",
				"parent": "bone17",
				"pivot": [0, 5, 0],
				"rotation": [0, -180, 0]
			},
			{
				"name": "bone10",
				"parent": "bone9",
				"pivot": [0, 5, 4.47051],
				"rotation": [10, 0, 0],
				"cubes": [
					{"origin": [-2.5, 5.65782, 4.47051], "size": [5, 8, 0], "uv": [72, 0]}
				]
			},
			{
				"name": "bone11",
				"parent": "bone10",
				"pivot": [-2.5, 4.65782, 4.47051],
				"rotation": [0, 0, 9.85108],
				"cubes": [
					{"origin": [-4.5, 5.65782, 4.46951], "size": [2, 8, 0], "uv": [12, 40]}
				]
			},
			{
				"name": "bone12",
				"parent": "bone10",
				"pivot": [2.5, 4.65782, 4.47051],
				"rotation": [0, 0, -9.85108],
				"cubes": [
					{"origin": [2.5, 5.65782, 4.47151], "size": [2, 8, 0], "uv": [12, 32]}
				]
			},
			{
				"name": "bone5",
				"parent": "bone17",
				"pivot": [0, 5, 0],
				"rotation": [0, -90, 0]
			},
			{
				"name": "bone6",
				"parent": "bone5",
				"pivot": [0, 5, 4.47051],
				"rotation": [10, 0, 0],
				"cubes": [
					{"origin": [-2.5, 5.65782, 4.47051], "size": [5, 8, 0], "uv": [72, 27]}
				]
			},
			{
				"name": "bone7",
				"parent": "bone6",
				"pivot": [-2.5, 4.65782, 4.47051],
				"rotation": [0, 0, 9.85108],
				"cubes": [
					{"origin": [-4.5, 5.65782, 4.46951], "size": [2, 8, 0], "uv": [48, 32]}
				]
			},
			{
				"name": "bone8",
				"parent": "bone6",
				"pivot": [2.5, 4.65782, 4.47051],
				"rotation": [0, 0, -9.85108],
				"cubes": [
					{"origin": [2.5, 5.65782, 4.47151], "size": [2, 8, 0], "uv": [48, 0]}
				]
			},
			{
				"name": "bone18",
				"parent": "sittingRotationSkirt",
				"pivot": [0, 19.9, 0]
			},
			{
				"name": "bone19",
				"parent": "bone18",
				"pivot": [0, 4.4, 0]
			},
			{
				"name": "bone20",
				"parent": "bone19",
				"pivot": [0, 4.4, 4.47051],
				"rotation": [10, 0, 0],
				"cubes": [
					{"origin": [-2.5, 5.05782, 4.47051], "size": [5, 2, 0], "uv": [72, 35]}
				]
			},
			{
				"name": "bone21",
				"parent": "bone20",
				"pivot": [-2.5, 4.05782, 4.47051],
				"rotation": [0, 0, 9.85108],
				"cubes": [
					{"origin": [-4.5, 5.05782, 4.46951], "size": [2, 2, 0], "uv": [0, 66]}
				]
			},
			{
				"name": "bone22",
				"parent": "bone20",
				"pivot": [2.5, 4.05782, 4.47051],
				"rotation": [0, 0, -9.85108],
				"cubes": [
					{"origin": [2.5, 5.05782, 4.47151], "size": [2, 2, 0], "uv": [64, 29]}
				]
			},
			{
				"name": "bone23",
				"parent": "bone18",
				"pivot": [0, 4.4, 0],
				"rotation": [0, -90, 0]
			},
			{
				"name": "bone24",
				"parent": "bone23",
				"pivot": [0, 4.4, 4.47051],
				"rotation": [10, 0, 0],
				"cubes": [
					{"origin": [-2.5, 5.05782, 4.47051], "size": [5, 2, 0], "uv": [64, 56]}
				]
			},
			{
				"name": "bone25",
				"parent": "bone24",
				"pivot": [-2.5, 4.05782, 4.47051],
				"rotation": [0, 0, 9.85108],
				"cubes": [
					{"origin": [-4.5, 5.05782, 4.46951], "size": [2, 2, 0], "uv": [64, 27]}
				]
			},
			{
				"name": "bone26",
				"parent": "bone24",
				"pivot": [2.5, 4.05782, 4.47051],
				"rotation": [0, 0, -9.85108],
				"cubes": [
					{"origin": [2.5, 5.05782, 4.47151], "size": [2, 2, 0], "uv": [53, 64]}
				]
			},
			{
				"name": "bone27",
				"parent": "bone18",
				"pivot": [0, 4.4, 0],
				"rotation": [0, -180, 0]
			},
			{
				"name": "bone28",
				"parent": "bone27",
				"pivot": [0, 4.4, 4.47051],
				"rotation": [10, 0, 0],
				"cubes": [
					{"origin": [-2.5, 5.05782, 4.47051], "size": [5, 2, 0], "uv": [0, 46]}
				]
			},
			{
				"name": "bone29",
				"parent": "bone28",
				"pivot": [-2.5, 4.05782, 4.47051],
				"rotation": [0, 0, 9.85108],
				"cubes": [
					{"origin": [-4.5, 5.05782, 4.46951], "size": [2, 2, 0], "uv": [49, 64]}
				]
			},
			{
				"name": "bone30",
				"parent": "bone28",
				"pivot": [2.5, 4.05782, 4.47051],
				"rotation": [0, 0, -9.85108],
				"cubes": [
					{"origin": [2.5, 5.05782, 4.47151], "size": [2, 2, 0], "uv": [18, 64]}
				]
			},
			{
				"name": "bone31",
				"parent": "bone18",
				"pivot": [0, 4.4, 0],
				"rotation": [0, -270, 0]
			},
			{
				"name": "bone32",
				"parent": "bone31",
				"pivot": [0, 4.4, 4.47051],
				"rotation": [10, 0, 0],
				"cubes": [
					{"origin": [-2.5, 5.05782, 4.47051], "size": [5, 2, 0], "uv": [0, 44]}
				]
			},
			{
				"name": "bone33",
				"parent": "bone32",
				"pivot": [-2.5, 4.05782, 4.47051],
				"rotation": [0, 0, 9.85108],
				"cubes": [
					{"origin": [-4.5, 5.05782, 4.46951], "size": [2, 2, 0], "uv": [0, 64]}
				]
			},
			{
				"name": "bone34",
				"parent": "bone32",
				"pivot": [2.5, 4.05782, 4.47051],
				"rotation": [0, 0, -9.85108],
				"cubes": [
					{"origin": [2.5, 5.05782, 4.47151], "size": [2, 2, 0], "uv": [8, 12]}
				]
			},
			{
				"name": "legLeft",
				"pivot": [1.75, 9, 0],
				"cubes": [
					{"origin": [0.249, 0, -1.5], "size": [3, 9, 3], "uv": [0, 32]}
				]
			},
			{
				"name": "legRight",
				"pivot": [-1.75, 9, 0],
				"cubes": [
					{"origin": [-3.249, 0, -1.5], "size": [3, 9, 3], "uv": [0, 0]}
				]
			}
		]
	}
}