{
	"format_version": "1.10.0",
	"geometry.model": {
		"texturewidth": 64,
		"textureheight": 64,
		"visible_bounds_width": 3,
		"visible_bounds_height": 4,
		"visible_bounds_offset": [0, 1, 0],
		"bones": [
			{
				"name": "head",
				"pivot": [0, 18, 0],
				"cubes": [
					{"origin": [-4, 18, -4], "size": [8, 8, 8], "uv": [0, 16]},
					{"origin": [-4, 18, -4], "size": [8, 8, 8], "uv": [0, 0], "inflate": 0.2}
				]
			},
			{
				"name": "blink",
				"parent": "head",
				"pivot": [0, 18, 0],
				"cubes": [
					{"origin": [-4, 18, -4.001], "size": [8, 8, 0], "uv": [0, 42]}
				]
			},
			{
				"name": "hair",
				"parent": "head",
				"pivot": [0, 18, 0]
			},
			{
				"name": "bone50",
				"parent": "hair",
				"pivot": [4, 18, -3],
				"rotation": [0, 180, -2.5],
				"cubes": [
					{"origin": [4, 14, -3.5], "size": [0, 4, 1], "uv": [0, 33]}
				]
			},
			{
				"name": "bone51",
				"parent": "bone50",
				"pivot": [0, 18, 0.5],
				"rotation": [0, 0, 5],
				"cubes": [
					{"origin": [4.3334, 12.36384, -3.5], "size": [0, 2, 1], "uv": [22, 41]}
				]
			},
			{
				"name": "bone52",
				"parent": "bone50",
				"pivot": [0, 18, 0.5],
				"rotation": [0, 0, 10],
				"cubes": [
					{"origin": [4.80814, 10.76289, -3.5], "size": [0, 2, 1], "uv": [20, 41]},
					{"origin": [3.89905, 11.45638, -3.5], "size": [2, 1, 1], "uv": [29, 22], "inflate": -0.2}
				]
			},
			{
				"name": "bone56",
				"parent": "hair",
				"pivot": [4, 18, 2.5],
				"rotation": [0, 180, -10],
				"cubes": [
					{"origin": [4, 14, 2], "size": [0, 4, 1], "uv": [24, 31]}
				]
			},
			{
				"name": "bone57",
				"parent": "bone56",
				"pivot": [0, 18, 6],
				"rotation": [0, 0, 5],
				"cubes": [
					{"origin": [4.3334, 12.36384, 2], "size": [0, 2, 1], "uv": [40, 3]}
				]
			},
			{
				"name": "bone58",
				"parent": "bone56",
				"pivot": [0, 18, 6],
				"rotation": [0, 0, 10],
				"cubes": [
					{"origin": [4.80814, 10.76289, 2], "size": [0, 2, 1], "uv": [34, 40]}
				]
			},
			{
				"name": "bone59",
				"parent": "hair",
				"pivot": [4, 18, 3.5],
				"rotation": [0, 180, -15],
				"cubes": [
					{"origin": [4, 14, 3], "size": [0, 4, 1], "uv": [22, 31]}
				]
			},
			{
				"name": "bone60",
				"parent": "bone59",
				"pivot": [0, 18, 7],
				"rotation": [0, 0, 5],
				"cubes": [
					{"origin": [4.3334, 12.36384, 3], "size": [0, 2, 1], "uv": [32, 40]}
				]
			},
			{
				"name": "bone61",
				"parent": "bone59",
				"pivot": [0, 18, 7],
				"rotation": [0, 0, 10],
				"cubes": [
					{"origin": [4.80814, 10.76289, 3], "size": [0, 2, 1], "uv": [30, 40]}
				]
			},
			{
				"name": "bone62",
				"parent": "hair",
				"pivot": [-4, 18, -3],
				"rotation": [0, 180, 2.5],
				"cubes": [
					{"origin": [-4, 14, -3.5], "size": [0, 4, 1], "uv": [20, 31]}
				]
			},
			{
				"name": "bone63",
				"parent": "bone62",
				"pivot": [0, 18, 0.5],
				"rotation": [0, 0, -10],
				"cubes": [
					{"origin": [-4.63382, 12.75536, -3.5], "size": [0, 2, 1], "uv": [38, 3]}
				]
			},
			{
				"name": "bone64",
				"parent": "bone62",
				"pivot": [0, 18, 0.5],
				"rotation": [0, 0, -15],
				"cubes": [
					{"origin": [-5.07329, 11.17918, -3.5], "size": [0, 2, 1], "uv": [36, 3]},
					{"origin": [-6.10095, 11.95638, -3.5], "size": [2, 1, 1], "uv": [0, 32], "inflate": -0.2}
				]
			},
			{
				"name": "bone68",
				"parent": "hair",
				"pivot": [-4, 18, 2.5],
				"rotation": [0, 180, 10],
				"cubes": [
					{"origin": [-4, 14, 2], "size": [0, 4, 1], "uv": [18, 31]}
				]
			},
			{
				"name": "bone69",
				"parent": "bone68",
				"pivot": [0, 18, 6],
				"rotation": [0, 0, -10],
				"cubes": [
					{"origin": [-4.63382, 12.75536, 2], "size": [0, 2, 1], "uv": [22, 35]}
				]
			},
			{
				"name": "bone70",
				"parent": "bone68",
				"pivot": [0, 18, 6],
				"rotation": [0, 0, -15],
				"cubes": [
					{"origin": [-5.07329, 11.17918, 2], "size": [0, 2, 1], "uv": [20, 35]}
				]
			},
			{
				"name": "bone71",
				"parent": "hair",
				"pivot": [-4, 18, 3.5],
				"rotation": [0, 180, 15],
				"cubes": [
					{"origin": [-4, 14, 3], "size": [0, 4, 1], "uv": [24, 15]}
				]
			},
			{
				"name": "bone72",
				"parent": "bone71",
				"pivot": [0, 18, 7],
				"rotation": [0, 0, -10],
				"cubes": [
					{"origin": [-4.63382, 12.75536, 3], "size": [0, 2, 1], "uv": [18, 35]}
				]
			},
			{
				"name": "bone73",
				"parent": "bone71",
				"pivot": [0, 18, 7],
				"rotation": [0, 0, -15],
				"cubes": [
					{"origin": [-5.07329, 11.17918, 3], "size": [0, 2, 1], "uv": [4, 35]}
				]
			},
			{
				"name": "bone2",
				"parent": "hair",
				"pivot": [-3.95, 25.25, 0],
				"rotation": [0, 0, 35],
				"cubes": [
					{"origin": [-3.98468, 23.31126, -0.5], "size": [0, 2, 1], "uv": [2, 35]},
					{"origin": [-4.50295, 23.43779, -1], "size": [1, 1, 2], "uv": [49, 57], "inflate": -0.2}
				]
			},
			{
				"name": "bone3",
				"parent": "bone2",
				"pivot": [0.01532, 27.31126, 3.5],
				"rotation": [0, 0, -15],
				"cubes": [
					{"origin": [-4.88365, 23.48283, -0.5], "size": [0, 1, 1], "uv": [6, 22]}
				]
			},
			{
				"name": "bone4",
				"parent": "bone2",
				"pivot": [0.01532, 27.31126, 3.5],
				"rotation": [0, 0, -25],
				"cubes": [
					{"origin": [-5.47401, 23.39187, -0.5], "size": [0, 1, 1], "uv": [6, 6]}
				]
			},
			{
				"name": "bone74",
				"parent": "hair",
				"pivot": [3.5, 18, 4],
				"rotation": [-15, 180, 0],
				"cubes": [
					{"origin": [3, 14, 4], "size": [1, 4, 0], "uv": [45, 41]}
				]
			},
			{
				"name": "bone75",
				"parent": "bone74",
				"pivot": [0, 18, 0],
				"rotation": [-10, 0, 0],
				"cubes": [
					{"origin": [3, 12.75536, 4.63382], "size": [1, 2, 0], "uv": [16, 49]}
				]
			},
			{
				"name": "bone76",
				"parent": "bone74",
				"pivot": [0, 18, 0],
				"rotation": [-20, 0, 0],
				"cubes": [
					{"origin": [3, 11.63987, 5.47413], "size": [1, 2, 0], "uv": [48, 14]}
				]
			},
			{
				"name": "bone77",
				"parent": "hair",
				"pivot": [2.5, 18, 4],
				"rotation": [-10, 180, 0],
				"cubes": [
					{"origin": [2, 14, 4], "size": [1, 4, 0], "uv": [44, 10]}
				]
			},
			{
				"name": "bone78",
				"parent": "bone77",
				"pivot": [-1, 18, 0],
				"rotation": [-10, 0, 0],
				"cubes": [
					{"origin": [2, 12.75536, 4.63382], "size": [1, 2, 0], "uv": [48, 12]}
				]
			},
			{
				"name": "bone79",
				"parent": "bone77",
				"pivot": [-1, 18, 0],
				"rotation": [-20, 0, 0],
				"cubes": [
					{"origin": [2, 11.63987, 5.47413], "size": [1, 2, 0], "uv": [48, 10]}
				]
			},
			{
				"name": "bone80",
				"parent": "hair",
				"pivot": [1.5, 18, 4],
				"rotation": [-5, 180, 0],
				"cubes": [
					{"origin": [1, 14, 4], "size": [1, 4, 0], "uv": [41, 21]}
				]
			},
			{
				"name": "bone81",
				"parent": "bone80",
				"pivot": [-2, 18, 0],
				"rotation": [-10, 0, 0],
				"cubes": [
					{"origin": [1, 12.75536, 4.63382], "size": [1, 2, 0], "uv": [48, 0]}
				]
			},
			{
				"name": "bone82",
				"parent": "bone80",
				"pivot": [-2, 18, 0],
				"rotation": [-20, 0, 0],
				"cubes": [
					{"origin": [1, 11.63987, 5.47413], "size": [1, 2, 0], "uv": [46, 14]}
				]
			},
			{
				"name": "bone83",
				"parent": "hair",
				"pivot": [0.5, 18, 4],
				"rotation": [-1, 180, 0],
				"cubes": [
					{"origin": [0, 14, 4], "size": [1, 4, 0], "uv": [40, 0]}
				]
			},
			{
				"name": "bone84",
				"parent": "bone83",
				"pivot": [-3, 18, 0],
				"rotation": [-10, 0, 0],
				"cubes": [
					{"origin": [0, 12.75536, 4.63382], "size": [1, 2, 0], "uv": [46, 12]}
				]
			},
			{
				"name": "bone85",
				"parent": "bone83",
				"pivot": [-3, 18, 0],
				"rotation": [-20, 0, 0],
				"cubes": [
					{"origin": [0, 11.63987, 5.47413], "size": [1, 2, 0], "uv": [46, 10]}
				]
			},
			{
				"name": "bone86",
				"parent": "hair",
				"pivot": [-0.5, 18, 4],
				"rotation": [-4, 180, 0],
				"cubes": [
					{"origin": [-1, 14, 4], "size": [1, 4, 0], "uv": [39, 21]}
				]
			},
			{
				"name": "bone87",
				"parent": "bone86",
				"pivot": [-4, 18, 0],
				"rotation": [-10, 0, 0],
				"cubes": [
					{"origin": [-1, 12.75536, 4.63382], "size": [1, 2, 0], "uv": [46, 0]}
				]
			},
			{
				"name": "bone88",
				"parent": "bone86",
				"pivot": [-4, 18, 0],
				"rotation": [-20, 0, 0],
				"cubes": [
					{"origin": [-1, 11.63987, 5.47413], "size": [1, 2, 0], "uv": [45, 21]}
				]
			},
			{
				"name": "bone89",
				"parent": "hair",
				"pivot": [-1.5, 18, 4],
				"rotation": [-8, 180, 0],
				"cubes": [
					{"origin": [-2, 14, 4], "size": [1, 4, 0], "uv": [38, 0]}
				]
			},
			{
				"name": "bone90",
				"parent": "bone89",
				"pivot": [-5, 18, 0],
				"rotation": [-10, 0, 0],
				"cubes": [
					{"origin": [-2, 12.75536, 4.63382], "size": [1, 2, 0], "uv": [45, 45]}
				]
			},
			{
				"name": "bone91",
				"parent": "bone89",
				"pivot": [-5, 18, 0],
				"rotation": [-20, 0, 0],
				"cubes": [
					{"origin": [-2, 11.63987, 5.47413], "size": [1, 2, 0], "uv": [44, 14]}
				]
			},
			{
				"name": "bone92",
				"parent": "hair",
				"pivot": [-2.5, 18, 4],
				"rotation": [-12, 180, 0],
				"cubes": [
					{"origin": [-3, 14, 4], "size": [1, 4, 0], "uv": [36, 0]}
				]
			},
			{
				"name": "bone93",
				"parent": "bone92",
				"pivot": [-6, 18, 0],
				"rotation": [-10, 0, 0],
				"cubes": [
					{"origin": [-3, 12.75536, 4.63382], "size": [1, 2, 0], "uv": [44, 0]}
				]
			},
			{
				"name": "bone94",
				"parent": "bone92",
				"pivot": [-6, 18, 0],
				"rotation": [-20, 0, 0],
				"cubes": [
					{"origin": [-3, 11.63987, 5.47413], "size": [1, 2, 0], "uv": [43, 21]}
				]
			},
			{
				"name": "bone95",
				"parent": "hair",
				"pivot": [-3.5, 18, 4],
				"rotation": [-15, 180, 0],
				"cubes": [
					{"origin": [-4, 14, 4], "size": [1, 4, 0], "uv": [24, 36]}
				]
			},
			{
				"name": "bone96",
				"parent": "bone95",
				"pivot": [-7, 18, 0],
				"rotation": [-10, 0, 0],
				"cubes": [
					{"origin": [-4, 12.75536, 4.63382], "size": [1, 2, 0], "uv": [42, 0]}
				]
			},
			{
				"name": "bone97",
				"parent": "bone95",
				"pivot": [-7, 18, 0],
				"rotation": [-20, 0, 0],
				"cubes": [
					{"origin": [-4, 11.63987, 5.47413], "size": [1, 2, 0], "uv": [42, 42]}
				]
			},
			{
				"name": "armRight",
				"pivot": [-3, 17.5, 0],
				"rotation": [0, 0, 25],
				"cubes": [
					{"origin": [-5, 8.5, -1], "size": [2, 8, 2], "uv": [8, 50]},
					{"origin": [-5.5, 13.5, -1.5], "size": [3, 4, 3], "uv": [48, 0]},
					{"origin": [-5.5, 9.5, -1.5], "size": [3, 8, 3], "uv": [45, 45], "inflate": -0.3}
				]
			},
			{
				"name": "armLeft",
				"pivot": [3, 17.5, 0],
				"rotation": [0, 0, -25],
				"cubes": [
					{"origin": [2.5, 13.5, -1.5], "size": [3, 4, 3], "uv": [47, 38]},
					{"origin": [2.5, 9.5, -1.5], "size": [3, 8, 3], "uv": [44, 21], "inflate": -0.3},
					{"origin": [3, 8.5, -1], "size": [2, 8, 2], "uv": [0, 50]}
				]
			},
			{
				"name": "body",
				"pivot": [0, 10.5, 0],
				"cubes": [
					{"origin": [-3, 8.999, -3], "size": [6, 9, 6], "uv": [26, 26]},
					{"origin": [-3, 12.999, -3], "size": [6, 5, 6], "uv": [26, 10], "inflate": 0.1},
					{"origin": [-3, 13.899, -3], "size": [6, 4, 6], "uv": [0, 32], "inflate": 0.2}
				]
			},
			{
				"name": "bone22",
				"parent": "body",
				"pivot": [0, 10.5, 0]
			},
			{
				"name": "bone21",
				"parent": "bone22",
				"pivot": [0.15, 13.85, 0],
				"rotation": [0, 0, 19.5],
				"cubes": [
					{"origin": [-3.0725, 11.82191, -3], "size": [3, 2, 6], "uv": [36, 2], "inflate": 0.11}
				]
			},
			{
				"name": "bone23",
				"parent": "bone22",
				"pivot": [-0.15, 13.85, 0],
				"rotation": [0, 0, -19.5],
				"cubes": [
					{"origin": [0.0725, 11.82191, -3], "size": [3, 2, 6], "uv": [24, 0], "inflate": 0.11}
				]
			},
			{
				"name": "bone24",
				"parent": "bone22",
				"pivot": [-0.6, 15.5, -3.1],
				"rotation": [0, 0, 45],
				"cubes": [
					{"origin": [-3.52929, 15.28787, -3.11], "size": [3, 1, 0], "uv": [0, 23]}
				]
			},
			{
				"name": "bone25",
				"parent": "bone22",
				"pivot": [0.7, 15.5, -3.1],
				"rotation": [0, 0, -45],
				"cubes": [
					{"origin": [0.55858, 15.35858, -3.11], "size": [3, 1, 0], "uv": [0, 7]}
				]
			},
			{
				"name": "sittingRotationSkirt",
				"parent": "body",
				"pivot": [0, 11.5, 0]
			},
			{
				"name": "bone",
				"parent": "sittingRotationSkirt",
				"pivot": [0, 14.5, 0]
			},
			{
				"name": "bone5",
				"parent": "bone",
				"pivot": [0, 4, 0]
			},
			{
				"name": "bone6",
				"parent": "bone5",
				"pivot": [0, 4, 4.47051],
				"rotation": [10, 0, 0],
				"cubes": [
					{"origin": [-2.5, 5.65782, 4.47051], "size": [5, 7, 0], "uv": [53, 17]}
				]
			},
			{
				"name": "bone7",
				"parent": "bone6",
				"pivot": [-2.5, 3.65782, 4.47051],
				"rotation": [0, 0, 9.85108],
				"cubes": [
					{"origin": [-4.5, 5.65782, 4.46951], "size": [2, 7, 0], "uv": [44, 56]}
				]
			},
			{
				"name": "bone8",
				"parent": "bone6",
				"pivot": [2.5, 3.65782, 4.47051],
				"rotation": [0, 0, -9.85108],
				"cubes": [
					{"origin": [2.5, 5.65782, 4.47151], "size": [2, 7, 0], "uv": [40, 53]}
				]
			},
			{
				"name": "bone9",
				"parent": "bone",
				"pivot": [0, 4, 0],
				"rotation": [0, -90, 0]
			},
			{
				"name": "bone10",
				"parent": "bone9",
				"pivot": [0, 4, 4.47051],
				"rotation": [10, 0, 0],
				"cubes": [
					{"origin": [-2.5, 5.65782, 4.47051], "size": [5, 7, 0], "uv": [26, 53]}
				]
			},
			{
				"name": "bone11",
				"parent": "bone10",
				"pivot": [-2.5, 3.65782, 4.47051],
				"rotation": [0, 0, 9.85108],
				"cubes": [
					{"origin": [-4.5, 5.65782, 4.46951], "size": [2, 7, 0], "uv": [36, 53]}
				]
			},
			{
				"name": "bone12",
				"parent": "bone10",
				"pivot": [2.5, 3.65782, 4.47051],
				"rotation": [0, 0, -9.85108],
				"cubes": [
					{"origin": [2.5, 5.65782, 4.47151], "size": [2, 7, 0], "uv": [16, 42]}
				]
			},
			{
				"name": "bone13",
				"parent": "bone",
				"pivot": [0, 4, 0],
				"rotation": [0, -180, 0]
			},
			{
				"name": "bone14",
				"parent": "bone13",
				"pivot": [0, 4, 4.47051],
				"rotation": [10, 0, 0],
				"cubes": [
					{"origin": [-2.5, 5.65782, 4.47051], "size": [5, 7, 0], "uv": [16, 53]}
				]
			},
			{
				"name": "bone15",
				"parent": "bone14",
				"pivot": [-2.5, 3.65782, 4.47051],
				"rotation": [0, 0, 9.85108],
				"cubes": [
					{"origin": [-4.5, 5.65782, 4.46951], "size": [2, 7, 0], "uv": [4, 16]}
				]
			},
			{
				"name": "bone16",
				"parent": "bone14",
				"pivot": [2.5, 3.65782, 4.47051],
				"rotation": [0, 0, -9.85108],
				"cubes": [
					{"origin": [2.5, 5.65782, 4.47151], "size": [2, 7, 0], "uv": [0, 16]}
				]
			},
			{
				"name": "bone17",
				"parent": "bone",
				"pivot": [0, 4, 0],
				"rotation": [0, -270, 0]
			},
			{
				"name": "bone18",
				"parent": "bone17",
				"pivot": [0, 4, 4.47051],
				"rotation": [10, 0, 0],
				"cubes": [
					{"origin": [-2.5, 5.65782, 4.47051], "size": [5, 7, 0], "uv": [50, 10]}
				]
			},
			{
				"name": "bone19",
				"parent": "bone18",
				"pivot": [-2.5, 3.65782, 4.47051],
				"rotation": [0, 0, 9.85108],
				"cubes": [
					{"origin": [-4.5, 5.65782, 4.46951], "size": [2, 7, 0], "uv": [4, 0]}
				]
			},
			{
				"name": "bone20",
				"parent": "bone18",
				"pivot": [2.5, 3.65782, 4.47051],
				"rotation": [0, 0, -9.85108],
				"cubes": [
					{"origin": [2.5, 5.65782, 4.47151], "size": [2, 7, 0], "uv": [0, 0]}
				]
			},
			{
				"name": "bone26",
				"parent": "body",
				"pivot": [0, 10.5, 0],
				"cubes": [
					{"origin": [1, 15.7, -3.6], "size": [1, 1, 1], "uv": [35, 23], "inflate": -0.3},
					{"origin": [-0.7, 14.9, -3.5], "size": [1, 1, 1], "uv": [2, 34], "inflate": -0.3},
					{"origin": [-0.7, 13.8, -3.5], "size": [1, 1, 1], "uv": [32, 24], "inflate": -0.3},
					{"origin": [1, 14.8, -3.6], "size": [1, 1, 1], "uv": [34, 21], "inflate": -0.3}
				]
			},
			{
				"name": "bone27",
				"parent": "body",
				"pivot": [0, 10.5, 0],
				"cubes": [
					{"origin": [-0.5, 17.2, -3.4], "size": [1, 1, 1], "uv": [32, 8], "inflate": -0.3}
				]
			},
			{
				"name": "bone30",
				"parent": "bone27",
				"pivot": [0.6, 16.5, 3.7]
			},
			{
				"name": "bone29",
				"parent": "bone30",
				"pivot": [-0.4, 17, -2.8],
				"rotation": [0, -5, -82.5],
				"cubes": [
					{"origin": [-1.4, 16.5, -3.3], "size": [2, 1, 1], "uv": [24, 4], "inflate": -0.2}
				]
			},
			{
				"name": "bone28",
				"parent": "bone30",
				"pivot": [-0.7, 17.2, -2.9],
				"rotation": [0, -12.5, -52.5],
				"cubes": [
					{"origin": [-1.7, 16.7, -3.4], "size": [2, 1, 1], "uv": [24, 21], "inflate": -0.2}
				]
			},
			{
				"name": "bone31",
				"parent": "bone27",
				"pivot": [-0.6, 16.5, 3.7]
			},
			{
				"name": "bone32",
				"parent": "bone31",
				"pivot": [0.4, 17, -2.8],
				"rotation": [0, 5, 82.5],
				"cubes": [
					{"origin": [-0.6, 16.5, -3.3], "size": [2, 1, 1], "uv": [24, 2], "inflate": -0.2}
				]
			},
			{
				"name": "bone33",
				"parent": "bone31",
				"pivot": [0.7, 17.2, -2.9],
				"rotation": [0, 12.5, 52.5],
				"cubes": [
					{"origin": [-0.3, 16.7, -3.4], "size": [2, 1, 1], "uv": [24, 0], "inflate": -0.2}
				]
			},
			{
				"name": "legLeft",
				"pivot": [2, 9, 0],
				"cubes": [
					{"origin": [0.499, 0, -1.5], "size": [3, 9, 3], "uv": [33, 41]}
				]
			},
			{
				"name": "legRight",
				"pivot": [-2, 9, 0],
				"cubes": [
					{"origin": [-3.499, 0, -1.5], "size": [3, 9, 3], "uv": [21, 41]}
				]
			}
		]
	}
}