{
	"format_version": "1.10.0",
	"geometry.model": {
		"texturewidth": 128,
		"textureheight": 128,
		"visible_bounds_width": 3,
		"visible_bounds_height": 2,
		"visible_bounds_offset": [0, 0, 0],
		"bones": [
			{
				"name": "head",
				"pivot": [0, 18, 0],
				"cubes": [
					{"origin": [-4, 18, -4], "size": [8, 8, 8], "uv": [0, 0]},
					{"origin": [-4, 18, -4], "size": [8, 8, 8], "uv": [0, 16], "inflate": 0.25}
				]
			},
			{
				"name": "blink",
				"parent": "head",
				"pivot": [0, 18, 0],
				"cubes": [
					{"origin": [-4, 18, -4.001], "size": [8, 8, 0], "uv": [24, 0]}
				]
			},
			{
				"name": "bone66",
				"parent": "head",
				"pivot": [0, 18, 0]
			},
			{
				"name": "bone65",
				"parent": "bone66",
				"pivot": [3.5, 18.1, -3.5],
				"rotation": [-3, 0, -3],
				"cubes": [
					{"origin": [3.19973, 13.07908, -4.19918], "size": [1, 5, 1], "uv": [40, 0]}
				]
			},
			{
				"name": "bone64",
				"parent": "bone66",
				"pivot": [-3.7, 18.1, -3.7],
				"rotation": [-3, 0, 3],
				"cubes": [
					{"origin": [-4.2, 13.1, -4.2], "size": [1, 5, 1], "uv": [38, 53]}
				]
			},
			{
				"name": "bone73",
				"parent": "head",
				"pivot": [0, 17.5, 0]
			},
			{
				"name": "bone70",
				"parent": "bone73",
				"pivot": [0, 16.5, -0.1]
			},
			{
				"name": "bone71",
				"parent": "bone70",
				"pivot": [0, 16.5, -0.1],
				"cubes": [
					{"origin": [3.5, 18, -4.5], "size": [1, 1, 1], "uv": [22, 32], "inflate": -0.1}
				]
			},
			{
				"name": "bone72",
				"parent": "bone70",
				"pivot": [3.7, 18.7, -3.8],
				"rotation": [0, -15, 25],
				"cubes": [
					{"origin": [3.41739, 18.29674, -3.8278], "size": [3, 1, 0], "uv": [32, 8]}
				]
			},
			{
				"name": "bone67",
				"parent": "bone73",
				"pivot": [0, 17.5, 0]
			},
			{
				"name": "bone68",
				"parent": "bone67",
				"pivot": [0, 17.5, 0],
				"cubes": [
					{"origin": [3.5, 19, -4.4], "size": [1, 1, 1], "uv": [32, 24], "inflate": -0.1}
				]
			},
			{
				"name": "bone69",
				"parent": "bone67",
				"pivot": [3.7, 19.7, -3.7],
				"rotation": [0, -15, 25],
				"cubes": [
					{"origin": [3.30396, 19.25448, -3.80094], "size": [3, 1, 0], "uv": [32, 9]}
				]
			},
			{
				"name": "bone74",
				"parent": "head",
				"pivot": [0, 18, 0]
			},
			{
				"name": "bone75",
				"parent": "bone74",
				"pivot": [0, 17, -0.1]
			},
			{
				"name": "bone76",
				"parent": "bone75",
				"pivot": [0, 17, -0.1],
				"cubes": [
					{"origin": [-4.5, 18, -4.5], "size": [1, 1, 1], "uv": [14, 32], "inflate": -0.1}
				]
			},
			{
				"name": "bone77",
				"parent": "bone75",
				"pivot": [-3.7, 19.2, -3.8],
				"rotation": [0, 15, -25],
				"cubes": [
					{"origin": [-6.6215, 18.34358, -3.88249], "size": [3, 1, 0], "uv": [0, 23]}
				]
			},
			{
				"name": "bone78",
				"parent": "bone74",
				"pivot": [0, 18, 0]
			},
			{
				"name": "bone79",
				"parent": "bone78",
				"pivot": [0, 18, 0],
				"cubes": [
					{"origin": [-4.5, 19, -4.4], "size": [1, 1, 1], "uv": [6, 32], "inflate": -0.1}
				]
			},
			{
				"name": "bone80",
				"parent": "bone78",
				"pivot": [-3.7, 20.2, -3.7],
				"rotation": [0, 15, -25],
				"cubes": [
					{"origin": [-6.50807, 19.30132, -3.85563], "size": [3, 1, 0], "uv": [0, 7]}
				]
			},
			{
				"name": "bone29",
				"parent": "head",
				"pivot": [0, 26.7, 3.7],
				"rotation": [7, 0, 0]
			},
			{
				"name": "bone30",
				"parent": "bone29",
				"pivot": [0, 26.7, 3.7],
				"rotation": [3, 0, 0],
				"cubes": [
					{"origin": [-1, 12.7, 3.7], "size": [2, 14, 2], "uv": [16, 32]}
				]
			},
			{
				"name": "bone31",
				"parent": "bone29",
				"pivot": [0, 26.7, 3.7],
				"rotation": [0, 0, -10],
				"cubes": [
					{"origin": [-0.8, 12.7, 3.7], "size": [2, 14, 2], "uv": [8, 32], "inflate": -0.2}
				]
			},
			{
				"name": "bone32",
				"parent": "bone29",
				"pivot": [0, 26.7, 3.7],
				"rotation": [0, 0, 10],
				"cubes": [
					{"origin": [-1.2, 12.7, 3.7], "size": [2, 14, 2], "uv": [0, 32], "inflate": -0.2}
				]
			},
			{
				"name": "armRight",
				"pivot": [-3, 17.5, 0],
				"rotation": [0, 0, 25],
				"cubes": [
					{"origin": [-5, 8.5, -1], "size": [2, 8, 2], "uv": [8, 48]},
					{"origin": [-5.5, 9.5, -1.5], "size": [3, 8, 3], "uv": [47, 21], "inflate": -0.3}
				]
			},
			{
				"name": "armLeft",
				"pivot": [3, 17.5, 0],
				"rotation": [0, 0, -25],
				"cubes": [
					{"origin": [2.5, 9.5, -1.5], "size": [3, 8, 3], "uv": [44, 0], "inflate": -0.3, "mirror": true},
					{"origin": [3, 8.5, -1], "size": [2, 8, 2], "uv": [0, 48]}
				]
			},
			{
				"name": "body",
				"pivot": [0, 10.5, 0],
				"cubes": [
					{"origin": [-3, 9, -3], "size": [6, 9, 6], "uv": [26, 26]},
					{"origin": [-3, 10.2, -3], "size": [6, 8, 6], "uv": [26, 10], "inflate": -0.2},
					{"origin": [-16, -0.75, -16.1], "size": [32, 32, 32], "uv": [0, 64], "inflate": -13}
				]
			},
			{
				"name": "sittingRotationSkirt",
				"parent": "body",
				"pivot": [0, 11.5, 0]
			},
			{
				"name": "bone",
				"parent": "sittingRotationSkirt",
				"pivot": [0, 12, 0]
			},
			{
				"name": "bone2",
				"parent": "bone",
				"pivot": [0, 7.5, 0]
			},
			{
				"name": "bone3",
				"parent": "bone2",
				"pivot": [0, 7.5, 3.88552],
				"rotation": [22, 0, 0]
			},
			{
				"name": "bone4",
				"parent": "bone3",
				"pivot": [0, 7.5, 3.88552],
				"rotation": [0, -45, 0],
				"cubes": [
					{"origin": [-1, 7.5, 2.88552], "size": [2, 5, 2], "uv": [30, 53]}
				]
			},
			{
				"name": "bone5",
				"parent": "bone",
				"pivot": [0, 7.5, 0],
				"rotation": [0, -40, 0]
			},
			{
				"name": "bone6",
				"parent": "bone5",
				"pivot": [0, 7.5, 3.88552],
				"rotation": [22, 0, 0]
			},
			{
				"name": "bone7",
				"parent": "bone6",
				"pivot": [0, 7.5, 3.88552],
				"rotation": [0, -45, 0],
				"cubes": [
					{"origin": [-1, 7.5, 2.88552], "size": [2, 5, 2], "uv": [22, 53]}
				]
			},
			{
				"name": "bone8",
				"parent": "bone",
				"pivot": [0, 7.5, 0],
				"rotation": [0, -80, 0]
			},
			{
				"name": "bone9",
				"parent": "bone8",
				"pivot": [0, 7.5, 3.88552],
				"rotation": [22, 0, 0]
			},
			{
				"name": "bone10",
				"parent": "bone9",
				"pivot": [0, 7.5, 3.88552],
				"rotation": [0, -45, 0],
				"cubes": [
					{"origin": [-1, 7.5, 2.88552], "size": [2, 5, 2], "uv": [50, 32]}
				]
			},
			{
				"name": "bone11",
				"parent": "bone",
				"pivot": [0, 7.5, 0],
				"rotation": [0, -120, 0]
			},
			{
				"name": "bone12",
				"parent": "bone11",
				"pivot": [0, 7.5, 3.88552],
				"rotation": [22, 0, 0]
			},
			{
				"name": "bone13",
				"parent": "bone12",
				"pivot": [0, 7.5, 3.88552],
				"rotation": [0, -45, 0],
				"cubes": [
					{"origin": [-1, 7.5, 2.88552], "size": [2, 5, 2], "uv": [50, 11]}
				]
			},
			{
				"name": "bone14",
				"parent": "bone",
				"pivot": [0, 7.5, 0],
				"rotation": [0, -160, 0]
			},
			{
				"name": "bone15",
				"parent": "bone14",
				"pivot": [0, 7.5, 3.88552],
				"rotation": [22, 0, 0]
			},
			{
				"name": "bone16",
				"parent": "bone15",
				"pivot": [0, 7.5, 3.88552],
				"rotation": [0, -45, 0],
				"cubes": [
					{"origin": [-1, 7.5, 2.88552], "size": [2, 5, 2], "uv": [48, 39]}
				]
			},
			{
				"name": "bone17",
				"parent": "bone",
				"pivot": [0, 7.5, 0],
				"rotation": [0, -200, 0]
			},
			{
				"name": "bone18",
				"parent": "bone17",
				"pivot": [0, 7.5, 3.88552],
				"rotation": [22, 0, 0]
			},
			{
				"name": "bone19",
				"parent": "bone18",
				"pivot": [0, 7.5, 3.88552],
				"rotation": [0, -45, 0],
				"cubes": [
					{"origin": [-1, 7.5, 2.88552], "size": [2, 5, 2], "uv": [48, 48]}
				]
			},
			{
				"name": "bone20",
				"parent": "bone",
				"pivot": [0, 7.5, 0],
				"rotation": [0, -240, 0]
			},
			{
				"name": "bone21",
				"parent": "bone20",
				"pivot": [0, 7.5, 3.88552],
				"rotation": [22, 0, 0]
			},
			{
				"name": "bone22",
				"parent": "bone21",
				"pivot": [0, 7.5, 3.88552],
				"rotation": [0, -45, 0],
				"cubes": [
					{"origin": [-1, 7.5, 2.88552], "size": [2, 5, 2], "uv": [16, 48]}
				]
			},
			{
				"name": "bone23",
				"parent": "bone",
				"pivot": [0, 7.5, 0],
				"rotation": [0, -280, 0]
			},
			{
				"name": "bone24",
				"parent": "bone23",
				"pivot": [0, 7.5, 3.88552],
				"rotation": [22, 0, 0]
			},
			{
				"name": "bone25",
				"parent": "bone24",
				"pivot": [0, 7.5, 3.88552],
				"rotation": [0, -45, 0],
				"cubes": [
					{"origin": [-1, 7.5, 2.88552], "size": [2, 5, 2], "uv": [0, 16]}
				]
			},
			{
				"name": "bone26",
				"parent": "bone",
				"pivot": [0, 7.5, 0],
				"rotation": [0, -320, 0]
			},
			{
				"name": "bone27",
				"parent": "bone26",
				"pivot": [0, 7.5, 3.88552],
				"rotation": [22, 0, 0]
			},
			{
				"name": "bone28",
				"parent": "bone27",
				"pivot": [0, 7.5, 3.88552],
				"rotation": [0, -45, 0],
				"cubes": [
					{"origin": [-1, 7.5, 2.88552], "size": [2, 5, 2], "uv": [0, 0]}
				]
			},
			{
				"name": "legLeft",
				"pivot": [2, 9, 0],
				"cubes": [
					{"origin": [0.249, 0, -1.5], "size": [3, 9, 3], "uv": [36, 41]}
				]
			},
			{
				"name": "legRight",
				"pivot": [-2, 9, 0],
				"cubes": [
					{"origin": [-3.249, 0, -1.5], "size": [3, 9, 3], "uv": [24, 41]}
				]
			}
		]
	}
}