{
	"format_version": "1.10.0",
	"geometry.model": {
		"texturewidth": 128,
		"textureheight": 128,
		"visible_bounds_width": 3,
		"visible_bounds_height": 2,
		"visible_bounds_offset": [0, 0, 0],
		"bones": [
			{
				"name": "head",
				"pivot": [0, 18, 0],
				"cubes": [
					{"origin": [-4, 18, -4], "size": [8, 8, 8], "uv": [0, 0]},
					{"origin": [-4, 18, -4], "size": [8, 8, 8], "uv": [0, 16], "inflate": 0.25}
				]
			},
			{
				"name": "blink",
				"parent": "head",
				"pivot": [0, 18, 0],
				"cubes": [
					{"origin": [-4, 18, -4.001], "size": [8, 8, 0], "uv": [24, 0]}
				]
			},
			{
				"name": "bone63",
				"parent": "head",
				"pivot": [0, 0, 0.2]
			},
			{
				"name": "bone58",
				"parent": "bone63",
				"pivot": [-0.1, 18, 0.2]
			},
			{
				"name": "bone59",
				"parent": "bone58",
				"pivot": [3.38761, 18.45788, 3.6],
				"rotation": [10, 0, -9],
				"cubes": [
					{"origin": [2.88761, 13.05788, 3.1], "size": [1, 6, 1], "uv": [0, 0]}
				]
			},
			{
				"name": "bone60",
				"parent": "bone58",
				"pivot": [2.39507, 18.33601, 3.6],
				"rotation": [12, 0, -7],
				"cubes": [
					{"origin": [1.89507, 10.73601, 3.1], "size": [1, 8, 1], "uv": [0, 58]}
				]
			},
			{
				"name": "bone61",
				"parent": "bone58",
				"pivot": [1.39887, 18.24885, 3.6],
				"rotation": [14, 0, -5],
				"cubes": [
					{"origin": [0.89887, 9.44885, 3.1], "size": [1, 9, 1], "uv": [55, 38]}
				]
			},
			{
				"name": "bone62",
				"parent": "bone58",
				"pivot": [0.4, 18.2, 3.6],
				"rotation": [16, 0, -2],
				"cubes": [
					{"origin": [-0.1, 8.2, 3.1], "size": [1, 10, 1], "uv": [12, 44]}
				]
			},
			{
				"name": "bone57",
				"parent": "bone63",
				"pivot": [0.1, 18, 0.2]
			},
			{
				"name": "bone56",
				"parent": "bone57",
				"pivot": [-3.38761, 18.45788, 3.6],
				"rotation": [10, 0, 9],
				"cubes": [
					{"origin": [-3.88761, 13.05788, 3.1], "size": [1, 6, 1], "uv": [4, 0]}
				]
			},
			{
				"name": "bone55",
				"parent": "bone57",
				"pivot": [-2.39507, 18.33601, 3.6],
				"rotation": [12, 0, 7],
				"cubes": [
					{"origin": [-2.89507, 10.73601, 3.1], "size": [1, 8, 1], "uv": [4, 58]}
				]
			},
			{
				"name": "bone54",
				"parent": "bone57",
				"pivot": [-1.39887, 18.24885, 3.6],
				"rotation": [14, 0, 5],
				"cubes": [
					{"origin": [-1.89887, 9.44885, 3.1], "size": [1, 9, 1], "uv": [44, 57]}
				]
			},
			{
				"name": "bone53",
				"parent": "bone57",
				"pivot": [-0.4, 18.2, 3.6],
				"rotation": [16, 0, 2],
				"cubes": [
					{"origin": [-0.9, 8.2, 3.1], "size": [1, 10, 1], "uv": [16, 44]}
				]
			},
			{
				"name": "bone66",
				"parent": "head",
				"pivot": [0, 18, 0]
			},
			{
				"name": "bone65",
				"parent": "bone66",
				"pivot": [3.5, 18.1, -3.5],
				"rotation": [-3, 0, -3],
				"cubes": [
					{"origin": [3.19973, 13.07908, -4.19918], "size": [1, 5, 1], "uv": [0, 16]}
				]
			},
			{
				"name": "bone64",
				"parent": "bone66",
				"pivot": [-3.7, 18.1, -3.7],
				"rotation": [-3, 0, 3],
				"cubes": [
					{"origin": [-4.2, 13.1, -4.2], "size": [1, 5, 1], "uv": [4, 16]}
				]
			},
			{
				"name": "bone73",
				"parent": "head",
				"pivot": [0, 17.5, 0]
			},
			{
				"name": "bone70",
				"parent": "bone73",
				"pivot": [0, 16.5, -0.1]
			},
			{
				"name": "bone71",
				"parent": "bone70",
				"pivot": [0, 16.5, -0.1],
				"cubes": [
					{"origin": [3.5, 18, -4.5], "size": [1, 1, 1], "uv": [9, 33], "inflate": -0.1}
				]
			},
			{
				"name": "bone72",
				"parent": "bone70",
				"pivot": [3.7, 18.7, -3.8],
				"rotation": [0, -15, 25],
				"cubes": [
					{"origin": [3.41739, 18.29674, -3.8278], "size": [3, 1, 0], "uv": [0, 23]}
				]
			},
			{
				"name": "bone67",
				"parent": "bone73",
				"pivot": [0, 17.5, 0]
			},
			{
				"name": "bone68",
				"parent": "bone67",
				"pivot": [0, 17.5, 0],
				"cubes": [
					{"origin": [3.5, 19, -4.4], "size": [1, 1, 1], "uv": [36, 8], "inflate": -0.1}
				]
			},
			{
				"name": "bone69",
				"parent": "bone67",
				"pivot": [3.7, 19.7, -3.7],
				"rotation": [0, -15, 25],
				"cubes": [
					{"origin": [3.30396, 19.25448, -3.80094], "size": [3, 1, 0], "uv": [9, 32]}
				]
			},
			{
				"name": "bone74",
				"parent": "head",
				"pivot": [0, 18, 0]
			},
			{
				"name": "bone75",
				"parent": "bone74",
				"pivot": [0, 17, -0.1]
			},
			{
				"name": "bone76",
				"parent": "bone75",
				"pivot": [0, 17, -0.1],
				"cubes": [
					{"origin": [-4.5, 18, -4.5], "size": [1, 1, 1], "uv": [32, 8], "inflate": -0.1}
				]
			},
			{
				"name": "bone77",
				"parent": "bone75",
				"pivot": [-3.7, 19.2, -3.8],
				"rotation": [0, 15, -25],
				"cubes": [
					{"origin": [-6.6215, 18.34358, -3.88249], "size": [3, 1, 0], "uv": [0, 22]}
				]
			},
			{
				"name": "bone78",
				"parent": "bone74",
				"pivot": [0, 18, 0]
			},
			{
				"name": "bone79",
				"parent": "bone78",
				"pivot": [0, 18, 0],
				"cubes": [
					{"origin": [-4.5, 19, -4.4], "size": [1, 1, 1], "uv": [21, 32], "inflate": -0.1}
				]
			},
			{
				"name": "bone80",
				"parent": "bone78",
				"pivot": [-3.7, 20.2, -3.7],
				"rotation": [0, 15, -25],
				"cubes": [
					{"origin": [-6.50807, 19.30132, -3.85563], "size": [3, 1, 0], "uv": [0, 7]}
				]
			},
			{
				"name": "armRight",
				"pivot": [-3, 17.5, 0],
				"rotation": [0, 0, 25],
				"cubes": [
					{"origin": [-5.5, 9.1, -1.5], "size": [3, 2, 3], "uv": [0, 44], "inflate": -0.3},
					{"origin": [-5, 8.5, -1], "size": [2, 8, 2], "uv": [41, 41]},
					{"origin": [-5.5, 10.5, -1.5], "size": [3, 7, 3], "uv": [21, 41], "inflate": -0.2}
				]
			},
			{
				"name": "armLeft",
				"pivot": [3, 17.5, 0],
				"rotation": [0, 0, -25],
				"cubes": [
					{"origin": [2.5, 10.5, -1.5], "size": [3, 7, 3], "uv": [40, 0], "inflate": -0.2},
					{"origin": [2.5, 9.1, -1.5], "size": [3, 2, 3], "uv": [44, 10], "inflate": -0.3},
					{"origin": [3, 8.5, -1], "size": [2, 8, 2], "uv": [33, 41]}
				]
			},
			{
				"name": "body",
				"pivot": [0, 10.5, 0],
				"cubes": [
					{"origin": [-3, 9, -3], "size": [6, 9, 6], "uv": [26, 26]},
					{"origin": [-3, 10.2, -3], "size": [6, 8, 6], "uv": [26, 10], "inflate": -0.2}
				]
			},
			{
				"name": "bone52",
				"parent": "body",
				"pivot": [0, 10.1, 0]
			},
			{
				"name": "bone48",
				"parent": "bone52",
				"pivot": [0.4, 15.8, -3.1],
				"rotation": [0, 0, 20]
			},
			{
				"name": "bone49",
				"parent": "bone48",
				"pivot": [-0.1, 16.8, -4.1],
				"cubes": [
					{"origin": [-0.1, 15.8, -3.099], "size": [1, 3, 0], "uv": [24, 35]}
				]
			},
			{
				"name": "bone50",
				"parent": "bone48",
				"pivot": [0.25919, 19.06642, -3.1],
				"rotation": [0, 0, 21],
				"cubes": [
					{"origin": [0.25919, 18.06642, -3.1], "size": [2, 1, 0], "uv": [21, 34]}
				]
			},
			{
				"name": "bone51",
				"parent": "bone48",
				"pivot": [-0.1, 15.8, -3.1],
				"rotation": [0, 0, 30],
				"cubes": [
					{"origin": [-0.25, 16.05981, -3.12], "size": [1, 3, 0], "uv": [0, 32]}
				]
			},
			{
				"name": "bone44",
				"parent": "bone52",
				"pivot": [-0.4, 15.8, -3.1],
				"rotation": [0, 0, -20]
			},
			{
				"name": "bone45",
				"parent": "bone44",
				"pivot": [0.1, 16.8, -4.1],
				"cubes": [
					{"origin": [-0.9, 15.8, -3.099], "size": [1, 3, 0], "uv": [40, 0]}
				]
			},
			{
				"name": "bone47",
				"parent": "bone44",
				"pivot": [-0.25919, 19.06642, -3.1],
				"rotation": [0, 0, -21],
				"cubes": [
					{"origin": [-2.25919, 18.06642, -3.1], "size": [2, 1, 0], "uv": [35, 24]}
				]
			},
			{
				"name": "bone46",
				"parent": "bone44",
				"pivot": [0.1, 15.8, -3.1],
				"rotation": [0, 0, -30],
				"cubes": [
					{"origin": [-0.75, 16.05981, -3.12], "size": [1, 3, 0], "uv": [24, 38]}
				]
			},
			{
				"name": "bone81",
				"parent": "body",
				"pivot": [0, 11, 1.5]
			},
			{
				"name": "bone82",
				"parent": "bone81",
				"pivot": [0, 11, 1.5],
				"cubes": [
					{"origin": [-0.5, 15, -3.5], "size": [1, 1, 1], "uv": [32, 24]}
				]
			},
			{
				"name": "bone87",
				"parent": "bone81",
				"pivot": [0, 11, 1.5]
			},
			{
				"name": "bone85",
				"parent": "bone87",
				"pivot": [-0.2, 15.5, -3],
				"rotation": [0, -15, -25]
			},
			{
				"name": "bone84",
				"parent": "bone85",
				"pivot": [-0.1, 15.5, -3],
				"rotation": [0, 0, 20],
				"cubes": [
					{"origin": [-3.7, 14.5, -3.501], "size": [4, 2, 1], "uv": [54, 24], "inflate": -0.4}
				]
			},
			{
				"name": "bone83",
				"parent": "bone85",
				"pivot": [-0.1, 15.5, -3],
				"cubes": [
					{"origin": [-3.7, 14.5, -3.5], "size": [4, 2, 1], "uv": [56, 12], "inflate": -0.4}
				]
			},
			{
				"name": "bone86",
				"parent": "bone87",
				"pivot": [-0.5, 15.3, -3],
				"rotation": [-10, 0, 25],
				"cubes": [
					{"origin": [-1, 11.8, -3], "size": [1, 4, 0], "uv": [24, 20]}
				]
			},
			{
				"name": "bone88",
				"parent": "bone81",
				"pivot": [0, 11, 1.5]
			},
			{
				"name": "bone89",
				"parent": "bone88",
				"pivot": [0.2, 15.5, -3],
				"rotation": [0, 15, 25]
			},
			{
				"name": "bone90",
				"parent": "bone89",
				"pivot": [0.1, 15.5, -3],
				"rotation": [0, 0, -20],
				"cubes": [
					{"origin": [-0.3, 14.5, -3.501], "size": [4, 2, 1], "uv": [53, 9], "inflate": -0.4}
				]
			},
			{
				"name": "bone91",
				"parent": "bone89",
				"pivot": [0.1, 15.5, -3],
				"cubes": [
					{"origin": [-0.3, 14.5, -3.5], "size": [4, 2, 1], "uv": [51, 48], "inflate": -0.4}
				]
			},
			{
				"name": "bone92",
				"parent": "bone88",
				"pivot": [0.5, 15.3, -3],
				"rotation": [-10, 0, -25],
				"cubes": [
					{"origin": [0, 11.8, -3], "size": [1, 4, 0], "uv": [24, 16]}
				]
			},
			{
				"name": "sittingRotationSkirt",
				"parent": "body",
				"pivot": [0, 12, 0]
			},
			{
				"name": "bone",
				"parent": "sittingRotationSkirt",
				"pivot": [0, 13.5, 0]
			},
			{
				"name": "bone2",
				"parent": "bone",
				"pivot": [0, 7, 0]
			},
			{
				"name": "bone3",
				"parent": "bone2",
				"pivot": [0, 7, 4.89843],
				"rotation": [25, 0, 0]
			},
			{
				"name": "bone4",
				"parent": "bone3",
				"pivot": [0, 7, 4.89843],
				"rotation": [0, -63.43495, 0],
				"cubes": [
					{"origin": [-0.5, 7, 3.89843], "size": [1, 7, 2], "uv": [12, 55]}
				]
			},
			{
				"name": "bone5",
				"parent": "bone",
				"pivot": [0, 7, 0],
				"rotation": [0, -25.71429, 0]
			},
			{
				"name": "bone6",
				"parent": "bone5",
				"pivot": [0, 7, 4.89843],
				"rotation": [25, 0, 0]
			},
			{
				"name": "bone7",
				"parent": "bone6",
				"pivot": [0, 7, 4.89843],
				"rotation": [0, -63.43495, 0],
				"cubes": [
					{"origin": [-0.5, 7, 3.89843], "size": [1, 7, 2], "uv": [53, 53]}
				]
			},
			{
				"name": "bone8",
				"parent": "bone",
				"pivot": [0, 7, 0],
				"rotation": [0, -51.42857, 0]
			},
			{
				"name": "bone9",
				"parent": "bone8",
				"pivot": [0, 7, 4.89843],
				"rotation": [25, 0, 0]
			},
			{
				"name": "bone10",
				"parent": "bone9",
				"pivot": [0, 7, 4.89843],
				"rotation": [0, -63.43495, 0],
				"cubes": [
					{"origin": [-0.5, 7, 3.89843], "size": [1, 7, 2], "uv": [52, 29]}
				]
			},
			{
				"name": "bone11",
				"parent": "bone",
				"pivot": [0, 7, 0],
				"rotation": [0, -77.14286, 0]
			},
			{
				"name": "bone12",
				"parent": "bone11",
				"pivot": [0, 7, 4.89843],
				"rotation": [25, 0, 0]
			},
			{
				"name": "bone13",
				"parent": "bone12",
				"pivot": [0, 7, 4.89843],
				"rotation": [0, -63.43495, 0],
				"cubes": [
					{"origin": [-0.5, 7, 3.89843], "size": [1, 7, 2], "uv": [52, 15]}
				]
			},
			{
				"name": "bone14",
				"parent": "bone",
				"pivot": [0, 7, 0],
				"rotation": [0, -102.85714, 0]
			},
			{
				"name": "bone15",
				"parent": "bone14",
				"pivot": [0, 7, 4.89843],
				"rotation": [25, 0, 0]
			},
			{
				"name": "bone16",
				"parent": "bone15",
				"pivot": [0, 7, 4.89843],
				"rotation": [0, -63.43495, 0],
				"cubes": [
					{"origin": [-0.5, 7, 3.89843], "size": [1, 7, 2], "uv": [52, 0]}
				]
			},
			{
				"name": "bone17",
				"parent": "bone",
				"pivot": [0, 7, 0],
				"rotation": [0, -128.57143, 0]
			},
			{
				"name": "bone18",
				"parent": "bone17",
				"pivot": [0, 7, 4.89843],
				"rotation": [25, 0, 0]
			},
			{
				"name": "bone19",
				"parent": "bone18",
				"pivot": [0, 7, 4.89843],
				"rotation": [0, -63.43495, 0],
				"cubes": [
					{"origin": [-0.5, 7, 3.89843], "size": [1, 7, 2], "uv": [38, 51]}
				]
			},
			{
				"name": "bone20",
				"parent": "bone",
				"pivot": [0, 7, 0],
				"rotation": [0, -154.28571, 0]
			},
			{
				"name": "bone21",
				"parent": "bone20",
				"pivot": [0, 7, 4.89843],
				"rotation": [25, 0, 0]
			},
			{
				"name": "bone22",
				"parent": "bone21",
				"pivot": [0, 7, 4.89843],
				"rotation": [0, -63.43495, 0],
				"cubes": [
					{"origin": [-0.5, 7, 3.89843], "size": [1, 7, 2], "uv": [32, 51]}
				]
			},
			{
				"name": "bone23",
				"parent": "bone",
				"pivot": [0, 7, 0],
				"rotation": [0, -180, 0]
			},
			{
				"name": "bone24",
				"parent": "bone23",
				"pivot": [0, 7, 4.89843],
				"rotation": [25, 0, 0]
			},
			{
				"name": "bone25",
				"parent": "bone24",
				"pivot": [0, 7, 4.89843],
				"rotation": [0, -63.43495, 0],
				"cubes": [
					{"origin": [-0.5, 7, 3.89843], "size": [1, 7, 2], "uv": [26, 51]}
				]
			},
			{
				"name": "bone26",
				"parent": "bone",
				"pivot": [0, 7, 0],
				"rotation": [0, -205.71429, 0]
			},
			{
				"name": "bone27",
				"parent": "bone26",
				"pivot": [0, 7, 4.89843],
				"rotation": [25, 0, 0]
			},
			{
				"name": "bone28",
				"parent": "bone27",
				"pivot": [0, 7, 4.89843],
				"rotation": [0, -63.43495, 0],
				"cubes": [
					{"origin": [-0.5, 7, 3.89843], "size": [1, 7, 2], "uv": [20, 51]}
				]
			},
			{
				"name": "bone29",
				"parent": "bone",
				"pivot": [0, 7, 0],
				"rotation": [0, -231.42857, 0]
			},
			{
				"name": "bone30",
				"parent": "bone29",
				"pivot": [0, 7, 4.89843],
				"rotation": [25, 0, 0]
			},
			{
				"name": "bone31",
				"parent": "bone30",
				"pivot": [0, 7, 4.89843],
				"rotation": [0, -63.43495, 0],
				"cubes": [
					{"origin": [-0.5, 7, 3.89843], "size": [1, 7, 2], "uv": [49, 39]}
				]
			},
			{
				"name": "bone32",
				"parent": "bone",
				"pivot": [0, 7, 0],
				"rotation": [0, -257.14286, 0]
			},
			{
				"name": "bone33",
				"parent": "bone32",
				"pivot": [0, 7, 4.89843],
				"rotation": [25, 0, 0]
			},
			{
				"name": "bone34",
				"parent": "bone33",
				"pivot": [0, 7, 4.89843],
				"rotation": [0, -63.43495, 0],
				"cubes": [
					{"origin": [-0.5, 7, 3.89843], "size": [1, 7, 2], "uv": [47, 49]}
				]
			},
			{
				"name": "bone35",
				"parent": "bone",
				"pivot": [0, 7, 0],
				"rotation": [0, -282.85714, 0]
			},
			{
				"name": "bone36",
				"parent": "bone35",
				"pivot": [0, 7, 4.89843],
				"rotation": [25, 0, 0]
			},
			{
				"name": "bone37",
				"parent": "bone36",
				"pivot": [0, 7, 4.89843],
				"rotation": [0, -63.43495, 0],
				"cubes": [
					{"origin": [-0.5, 7, 3.89843], "size": [1, 7, 2], "uv": [6, 49]}
				]
			},
			{
				"name": "bone38",
				"parent": "bone",
				"pivot": [0, 7, 0],
				"rotation": [0, -308.57143, 0]
			},
			{
				"name": "bone39",
				"parent": "bone38",
				"pivot": [0, 7, 4.89843],
				"rotation": [25, 0, 0]
			},
			{
				"name": "bone40",
				"parent": "bone39",
				"pivot": [0, 7, 4.89843],
				"rotation": [0, -63.43495, 0],
				"cubes": [
					{"origin": [-0.5, 7, 3.89843], "size": [1, 7, 2], "uv": [0, 49]}
				]
			},
			{
				"name": "bone41",
				"parent": "bone",
				"pivot": [0, 7, 0],
				"rotation": [0, -334.28571, 0]
			},
			{
				"name": "bone42",
				"parent": "bone41",
				"pivot": [0, 7, 4.89843],
				"rotation": [25, 0, 0]
			},
			{
				"name": "bone43",
				"parent": "bone42",
				"pivot": [0, 7, 4.89843],
				"rotation": [0, -63.43495, 0],
				"cubes": [
					{"origin": [-0.5, 7, 3.89843], "size": [1, 7, 2], "uv": [48, 22]}
				]
			},
			{
				"name": "legLeft",
				"pivot": [2, 9, 0],
				"cubes": [
					{"origin": [0.249, 0, -1.5], "size": [3, 9, 3], "uv": [12, 32]}
				]
			},
			{
				"name": "legRight",
				"pivot": [-2, 9, 0],
				"cubes": [
					{"origin": [-3.249, 0, -1.5], "size": [3, 9, 3], "uv": [0, 32]}
				]
			}
		]
	}
}