{
	"format_version": "1.10.0",
	"geometry.model": {
		"texturewidth": 128,
		"textureheight": 128,
		"visible_bounds_width": 3,
		"visible_bounds_height": 3,
		"visible_bounds_offset": [0, 0, 0],
		"bones": [
			{
				"name": "head",
				"pivot": [0, 18, 0],
				"cubes": [
					{"origin": [-4, 18, -4], "size": [8, 8, 8], "uv": [0, 0]},
					{"origin": [-4, 18, -4], "size": [8, 8, 8], "uv": [0, 16], "inflate": 0.25}
				]
			},
			{
				"name": "blink",
				"parent": "head",
				"pivot": [0, 18, 0],
				"cubes": [
					{"origin": [-4, 18, -4.001], "size": [8, 8, 0], "uv": [0, 32]}
				]
			},
			{
				"name": "bone63",
				"parent": "head",
				"pivot": [0, 0, 0.2]
			},
			{
				"name": "bone58",
				"parent": "bone63",
				"pivot": [-0.1, 18, 0.2]
			},
			{
				"name": "bone59",
				"parent": "bone58",
				"pivot": [3.38761, 18.45788, 3.6],
				"rotation": [10, 0, -9],
				"cubes": [
					{"origin": [2.88761, 13.05788, 3.1], "size": [1, 6, 1], "uv": [0, 0]}
				]
			},
			{
				"name": "bone60",
				"parent": "bone58",
				"pivot": [2.39507, 18.33601, 3.6],
				"rotation": [12, 0, -7],
				"cubes": [
					{"origin": [1.89507, 10.73601, 3.1], "size": [1, 8, 1], "uv": [44, 56]}
				]
			},
			{
				"name": "bone61",
				"parent": "bone58",
				"pivot": [1.39887, 18.24885, 3.6],
				"rotation": [14, 0, -5],
				"cubes": [
					{"origin": [0.89887, 9.44885, 3.1], "size": [1, 9, 1], "uv": [8, 56]}
				]
			},
			{
				"name": "bone62",
				"parent": "bone58",
				"pivot": [0.4, 18.2, 3.6],
				"rotation": [16, 0, -2],
				"cubes": [
					{"origin": [-0.1, 8.2, 3.1], "size": [1, 10, 1], "uv": [0, 56]}
				]
			},
			{
				"name": "bone57",
				"parent": "bone63",
				"pivot": [0.1, 18, 0.2]
			},
			{
				"name": "bone56",
				"parent": "bone57",
				"pivot": [-3.38761, 18.45788, 3.6],
				"rotation": [10, 0, 9],
				"cubes": [
					{"origin": [-3.88761, 13.05788, 3.1], "size": [1, 6, 1], "uv": [4, 0]}
				]
			},
			{
				"name": "bone55",
				"parent": "bone57",
				"pivot": [-2.39507, 18.33601, 3.6],
				"rotation": [12, 0, 7],
				"cubes": [
					{"origin": [-2.89507, 10.73601, 3.1], "size": [1, 8, 1], "uv": [48, 56]}
				]
			},
			{
				"name": "bone54",
				"parent": "bone57",
				"pivot": [-1.39887, 18.24885, 3.6],
				"rotation": [14, 0, 5],
				"cubes": [
					{"origin": [-1.89887, 9.44885, 3.1], "size": [1, 9, 1], "uv": [12, 56]}
				]
			},
			{
				"name": "bone53",
				"parent": "bone57",
				"pivot": [-0.4, 18.2, 3.6],
				"rotation": [16, 0, 2],
				"cubes": [
					{"origin": [-0.9, 8.2, 3.1], "size": [1, 10, 1], "uv": [4, 56]}
				]
			},
			{
				"name": "bone66",
				"parent": "head",
				"pivot": [0, 18, 0]
			},
			{
				"name": "bone65",
				"parent": "bone66",
				"pivot": [3.5, 18.1, -3.5],
				"rotation": [-3, 0, -3],
				"cubes": [
					{"origin": [3.19973, 13.07908, -4.19918], "size": [1, 5, 1], "uv": [0, 16]}
				]
			},
			{
				"name": "bone64",
				"parent": "bone66",
				"pivot": [-3.7, 18.1, -3.7],
				"rotation": [-3, 0, 3],
				"cubes": [
					{"origin": [-4.2, 13.1, -4.2], "size": [1, 5, 1], "uv": [4, 16]}
				]
			},
			{
				"name": "bone73",
				"parent": "head",
				"pivot": [0, 17.5, 0]
			},
			{
				"name": "bone70",
				"parent": "bone73",
				"pivot": [0, 16.5, -0.1]
			},
			{
				"name": "bone71",
				"parent": "bone70",
				"pivot": [0, 16.5, -0.1],
				"cubes": [
					{"origin": [3.5, 18, -4.5], "size": [1, 1, 1], "uv": [24, 5], "inflate": -0.1}
				]
			},
			{
				"name": "bone72",
				"parent": "bone70",
				"pivot": [3.7, 18.7, -3.8],
				"rotation": [0, -15, 25],
				"cubes": [
					{"origin": [3.41739, 18.29674, -3.8278], "size": [3, 1, 0], "uv": [0, 23]}
				]
			},
			{
				"name": "bone67",
				"parent": "bone73",
				"pivot": [0, 17.5, 0]
			},
			{
				"name": "bone68",
				"parent": "bone67",
				"pivot": [0, 17.5, 0],
				"cubes": [
					{"origin": [3.5, 19, -4.4], "size": [1, 1, 1], "uv": [27, 2], "inflate": -0.1}
				]
			},
			{
				"name": "bone69",
				"parent": "bone67",
				"pivot": [3.7, 19.7, -3.7],
				"rotation": [0, -15, 25],
				"cubes": [
					{"origin": [3.30396, 19.25448, -3.80094], "size": [3, 1, 0], "uv": [24, 0]}
				]
			},
			{
				"name": "bone74",
				"parent": "head",
				"pivot": [0, 18, 0]
			},
			{
				"name": "bone75",
				"parent": "bone74",
				"pivot": [0, 17, -0.1]
			},
			{
				"name": "bone76",
				"parent": "bone75",
				"pivot": [0, 17, -0.1],
				"cubes": [
					{"origin": [-4.5, 18, -4.5], "size": [1, 1, 1], "uv": [24, 3], "inflate": -0.1}
				]
			},
			{
				"name": "bone77",
				"parent": "bone75",
				"pivot": [-3.7, 19.2, -3.8],
				"rotation": [0, 15, -25],
				"cubes": [
					{"origin": [-6.6215, 18.34358, -3.88249], "size": [3, 1, 0], "uv": [0, 22]}
				]
			},
			{
				"name": "bone78",
				"parent": "bone74",
				"pivot": [0, 18, 0]
			},
			{
				"name": "bone79",
				"parent": "bone78",
				"pivot": [0, 18, 0],
				"cubes": [
					{"origin": [-4.5, 19, -4.4], "size": [1, 1, 1], "uv": [24, 1], "inflate": -0.1}
				]
			},
			{
				"name": "bone80",
				"parent": "bone78",
				"pivot": [-3.7, 20.2, -3.7],
				"rotation": [0, 15, -25],
				"cubes": [
					{"origin": [-6.50807, 19.30132, -3.85563], "size": [3, 1, 0], "uv": [0, 7]}
				]
			},
			{
				"name": "ahoge",
				"parent": "head",
				"pivot": [0, 25.5, 0],
				"cubes": [
					{"origin": [-16, 17.5, -9], "size": [32, 32, 16], "uv": [0, 69], "inflate": -8}
				]
			},
			{
				"name": "armRight",
				"pivot": [-3, 17.5, 0],
				"rotation": [0, 0, 25],
				"cubes": [
					{"origin": [-5.5, 9.1, -1.5], "size": [3, 2, 3], "uv": [32, 24], "inflate": -0.2},
					{"origin": [-5, 8.5, -1], "size": [2, 8, 2], "uv": [52, 54]},
					{"origin": [-5.5, 10.5, -1.5], "size": [3, 7, 3], "uv": [44, 0], "inflate": -0.2}
				]
			},
			{
				"name": "armLeft",
				"pivot": [3, 17.5, 0],
				"rotation": [0, 0, -25],
				"cubes": [
					{"origin": [2.5, 10.5, -1.5], "size": [3, 7, 3], "uv": [32, 0], "inflate": -0.2},
					{"origin": [2.5, 9.1, -1.5], "size": [3, 2, 3], "uv": [50, 32], "inflate": -0.2},
					{"origin": [3, 8.5, -1], "size": [2, 8, 2], "uv": [48, 22]}
				]
			},
			{
				"name": "body",
				"pivot": [0, 10.5, 0],
				"cubes": [
					{"origin": [-3, 9, -3], "size": [6, 9, 6], "uv": [32, 32]},
					{"origin": [-3, 10.2, -3], "size": [6, 8, 6], "uv": [26, 10], "inflate": -0.2}
				]
			},
			{
				"name": "sittingRotationSkirt",
				"parent": "body",
				"pivot": [0, 10.5, 0]
			},
			{
				"name": "bone",
				"parent": "sittingRotationSkirt",
				"pivot": [0, 9, 0]
			},
			{
				"name": "bone2",
				"parent": "bone",
				"pivot": [0, 9, 3.48091],
				"rotation": [8, 0, 0],
				"cubes": [
					{"origin": [-2.5, 3.72431, 3.48091], "size": [5, 9, 0], "uv": [50, 10]}
				]
			},
			{
				"name": "bone3",
				"parent": "bone2",
				"pivot": [-1.5, 8.72431, 3.48091],
				"rotation": [0, 0, 7.92314],
				"cubes": [
					{"origin": [-3.5, 3.72431, 3.47991], "size": [2, 9, 0], "uv": [40, 56]}
				]
			},
			{
				"name": "bone4",
				"parent": "bone2",
				"pivot": [1.5, 8.72431, 3.48091],
				"rotation": [0, 0, -7.92314],
				"cubes": [
					{"origin": [1.5, 3.72431, 3.48191], "size": [2, 9, 0], "uv": [36, 56]}
				]
			},
			{
				"name": "bone5",
				"parent": "sittingRotationSkirt",
				"pivot": [0, 9, 0],
				"rotation": [0, -90, 0]
			},
			{
				"name": "bone6",
				"parent": "bone5",
				"pivot": [0, 9, 3.48091],
				"rotation": [8, 0, 0],
				"cubes": [
					{"origin": [-2.5, 3.72431, 3.48091], "size": [5, 9, 0], "uv": [44, 47]}
				]
			},
			{
				"name": "bone7",
				"parent": "bone6",
				"pivot": [-1.5, 8.72431, 3.48091],
				"rotation": [0, 0, 7.92314],
				"cubes": [
					{"origin": [-3.5, 3.72431, 3.47991], "size": [2, 9, 0], "uv": [32, 56]}
				]
			},
			{
				"name": "bone8",
				"parent": "bone6",
				"pivot": [1.5, 8.72431, 3.48091],
				"rotation": [0, 0, -7.92314],
				"cubes": [
					{"origin": [1.5, 3.72431, 3.48191], "size": [2, 9, 0], "uv": [28, 56]}
				]
			},
			{
				"name": "bone9",
				"parent": "sittingRotationSkirt",
				"pivot": [0, 9, 0],
				"rotation": [0, -180, 0]
			},
			{
				"name": "bone10",
				"parent": "bone9",
				"pivot": [0, 9, 3.48091],
				"rotation": [8, 0, 0],
				"cubes": [
					{"origin": [-2.5, 3.72431, 3.48091], "size": [5, 9, 0], "uv": [34, 47]}
				]
			},
			{
				"name": "bone11",
				"parent": "bone10",
				"pivot": [-1.5, 8.72431, 3.48091],
				"rotation": [0, 0, 7.92314],
				"cubes": [
					{"origin": [-3.5, 3.72431, 3.47991], "size": [2, 9, 0], "uv": [24, 56]}
				]
			},
			{
				"name": "bone12",
				"parent": "bone10",
				"pivot": [1.5, 8.72431, 3.48091],
				"rotation": [0, 0, -7.92314],
				"cubes": [
					{"origin": [1.5, 3.72431, 3.48191], "size": [2, 9, 0], "uv": [20, 56]}
				]
			},
			{
				"name": "bone13",
				"parent": "sittingRotationSkirt",
				"pivot": [0, 9, 0],
				"rotation": [0, -270, 0]
			},
			{
				"name": "bone14",
				"parent": "bone13",
				"pivot": [0, 9, 3.48091],
				"rotation": [8, 0, 0],
				"cubes": [
					{"origin": [-2.5, 3.72431, 3.48091], "size": [5, 9, 0], "uv": [24, 47]}
				]
			},
			{
				"name": "bone15",
				"parent": "bone14",
				"pivot": [-1.5, 8.72431, 3.48091],
				"rotation": [0, 0, 7.92314],
				"cubes": [
					{"origin": [-3.5, 3.72431, 3.47991], "size": [2, 9, 0], "uv": [16, 56]}
				]
			},
			{
				"name": "bone16",
				"parent": "bone14",
				"pivot": [1.5, 8.72431, 3.48091],
				"rotation": [0, 0, -7.92314],
				"cubes": [
					{"origin": [1.5, 3.72431, 3.48191], "size": [2, 9, 0], "uv": [32, 29]}
				]
			},
			{
				"name": "legLeft",
				"pivot": [2, 9, 0],
				"cubes": [
					{"origin": [0.249, 0, -1.5], "size": [3, 9, 3], "uv": [12, 44]}
				]
			},
			{
				"name": "legRight",
				"pivot": [-2, 9, 0],
				"cubes": [
					{"origin": [-3.249, 0, -1.5], "size": [3, 9, 3], "uv": [0, 44]}
				]
			}
		]
	}
}