{
	"format_version": "1.10.0",
	"geometry.model": {
		"texturewidth": 128,
		"textureheight": 64,
		"visible_bounds_width": 3,
		"visible_bounds_height": 2,
		"visible_bounds_offset": [0, 0, 0],
		"bones": [
			{
				"name": "head",
				"pivot": [0, 18, 0],
				"cubes": [
					{"origin": [-4, 18, -4], "size": [8, 8, 8], "uv": [0, 16]},
					{"origin": [-4, 18, -4], "size": [8, 8, 8], "uv": [0, 0], "inflate": 0.25}
				]
			},
			{
				"name": "blink",
				"parent": "head",
				"pivot": [0, 18, 0],
				"cubes": [
					{"origin": [-4, 18, -4.001], "size": [8, 8, 0], "uv": [16, 41]}
				]
			},
			{
				"name": "bone66",
				"parent": "head",
				"pivot": [0, 18, 0]
			},
			{
				"name": "bone65",
				"parent": "bone66",
				"pivot": [3.5, 18.1, -3.5],
				"rotation": [-3, 0, 1],
				"cubes": [
					{"origin": [3.19973, 13.07908, -4.19918], "size": [1, 5, 1], "uv": [56, 14]}
				]
			},
			{
				"name": "bone64",
				"parent": "bone66",
				"pivot": [-3.7, 18.1, -3.7],
				"rotation": [-3, 0, -1],
				"cubes": [
					{"origin": [-4.2, 13.1, -4.2], "size": [1, 5, 1], "uv": [56, 49]}
				]
			},
			{
				"name": "bone41",
				"parent": "head",
				"pivot": [0, 18, 0]
			},
			{
				"name": "bone42",
				"parent": "bone41",
				"pivot": [0, 18, 0]
			},
			{
				"name": "bone33",
				"parent": "bone42",
				"pivot": [4.7, 27.7, 1.45],
				"rotation": [95.12602, 79.97339, 93.16168]
			},
			{
				"name": "bone34",
				"parent": "bone33",
				"pivot": [4.87402, 26.72258, 1.33011],
				"rotation": [3.5, 0, -2.5],
				"cubes": [
					{"origin": [3.87462, 13.70107, 1.42777], "size": [2, 13, 2], "uv": [40, 41], "inflate": -0.1}
				]
			},
			{
				"name": "bone35",
				"parent": "bone33",
				"pivot": [4.87665, 26.68993, 1.52741],
				"rotation": [8, 0, -5],
				"cubes": [
					{"origin": [4.07665, 16.68993, 1.52741], "size": [2, 10, 2], "uv": [14, 49], "inflate": -0.2}
				]
			},
			{
				"name": "bone36",
				"parent": "bone33",
				"pivot": [4.7, 27.7, 1.45],
				"cubes": [
					{"origin": [3.67402, 10.72258, 1.33011], "size": [2, 16, 2], "uv": [8, 32]}
				]
			},
			{
				"name": "bone37",
				"parent": "bone33",
				"pivot": [4.05, 25.2, 0.85],
				"rotation": [0, 0, 5],
				"cubes": [
					{"origin": [3.05, 23.45, 0.1], "size": [2, 3, 2], "uv": [54, 44]}
				]
			},
			{
				"name": "bone29",
				"parent": "bone42",
				"pivot": [5, 25.05, 1.9],
				"rotation": [2.49534, 0.15257, -3.49668],
				"cubes": [
					{"origin": [4.09981, 24.9939, -0.75], "size": [2, 2, 2], "uv": [38, 56], "inflate": -0.2},
					{"origin": [4.39925, 23.07558, -0.35], "size": [2, 2, 2], "uv": [30, 56], "inflate": -0.2}
				]
			},
			{
				"name": "bone30",
				"parent": "bone29",
				"pivot": [5.57974, 23.46937, 0.6219],
				"rotation": [-4.95744, -0.65182, -7.47178]
			},
			{
				"name": "bone31",
				"parent": "bone30",
				"pivot": [5.28525, 24.97661, 0.6219],
				"rotation": [-1.5, 0, 5],
				"cubes": [
					{"origin": [4.28525, 18.67661, 0.6219], "size": [2, 6, 0], "uv": [56, 0]}
				]
			},
			{
				"name": "bone38",
				"parent": "bone30",
				"pivot": [5.57974, 24.91937, 0.6219],
				"rotation": [-7.5, 0, -8],
				"cubes": [
					{"origin": [4.24572, 20.68662, 0.58334], "size": [2, 4, 0], "uv": [58, 29]}
				]
			},
			{
				"name": "bone43",
				"parent": "bone41",
				"pivot": [0, 18, 0]
			},
			{
				"name": "bone44",
				"parent": "bone43",
				"pivot": [-4.7, 27.7, 1.45],
				"rotation": [95.12602, -79.97339, -93.16168]
			},
			{
				"name": "bone45",
				"parent": "bone44",
				"pivot": [-4.87402, 26.72258, 1.33011],
				"rotation": [3.5, 0, 2.5],
				"cubes": [
					{"origin": [-5.87462, 13.70107, 1.42777], "size": [2, 13, 2], "uv": [32, 41], "inflate": -0.1}
				]
			},
			{
				"name": "bone46",
				"parent": "bone44",
				"pivot": [-4.87665, 26.68993, 1.52741],
				"rotation": [8, 0, 5],
				"cubes": [
					{"origin": [-6.07665, 16.68993, 1.52741], "size": [2, 10, 2], "uv": [48, 48], "inflate": -0.2}
				]
			},
			{
				"name": "bone47",
				"parent": "bone44",
				"pivot": [-4.7, 27.7, 1.45],
				"cubes": [
					{"origin": [-5.67402, 10.72258, 1.33011], "size": [2, 16, 2], "uv": [0, 32]}
				]
			},
			{
				"name": "bone48",
				"parent": "bone44",
				"pivot": [-4.05, 25.2, 0.85],
				"rotation": [0, 0, -5],
				"cubes": [
					{"origin": [-5.05, 23.45, 0.1], "size": [2, 3, 2], "uv": [54, 9]}
				]
			},
			{
				"name": "bone49",
				"parent": "bone43",
				"pivot": [-5, 25.05, 1.9],
				"rotation": [2.49534, -0.15257, 3.49668],
				"cubes": [
					{"origin": [-6.09981, 24.9939, -0.75], "size": [2, 2, 2], "uv": [6, 55], "inflate": -0.2},
					{"origin": [-6.39925, 23.07558, -0.35], "size": [2, 2, 2], "uv": [54, 37], "inflate": -0.2}
				]
			},
			{
				"name": "bone50",
				"parent": "bone49",
				"pivot": [-5.57974, 23.46937, 0.6219],
				"rotation": [-4.95744, 0.65182, 7.47178]
			},
			{
				"name": "bone51",
				"parent": "bone50",
				"pivot": [-5.28525, 24.97661, 0.6219],
				"rotation": [-1.5, 0, -5],
				"cubes": [
					{"origin": [-6.28525, 18.67661, 0.6219], "size": [2, 6, 0], "uv": [56, 56]}
				]
			},
			{
				"name": "bone52",
				"parent": "bone50",
				"pivot": [-5.57974, 24.91937, 0.6219],
				"rotation": [-7.5, 0, 8],
				"cubes": [
					{"origin": [-6.24572, 20.68662, 0.58334], "size": [2, 4, 0], "uv": [58, 20]}
				]
			},
			{
				"name": "ahoge",
				"parent": "head",
				"pivot": [-0.1, 26.3, -0.1]
			},
			{
				"name": "bone53",
				"parent": "ahoge",
				"pivot": [-0.2, 30.25, -0.1],
				"rotation": [34.30233, 23.51171, -9.93724],
				"cubes": [
					{"origin": [-0.68601, 29.76733, -0.58491], "size": [1, 1, 1], "uv": [30, 0], "inflate": -0.3}
				]
			},
			{
				"name": "bone54",
				"parent": "bone53",
				"pivot": [-0.2, 31, -0.1],
				"rotation": [-80, 0, 0],
				"cubes": [
					{"origin": [-0.7, 31, 0.65], "size": [1, 1, 0], "uv": [0, 7]}
				]
			},
			{
				"name": "bone55",
				"parent": "bone53",
				"pivot": [-0.2, 31, -0.1],
				"rotation": [-80, -72, 0],
				"cubes": [
					{"origin": [-0.7, 31, 0.65], "size": [1, 1, 0], "uv": [6, 1]}
				]
			},
			{
				"name": "bone56",
				"parent": "bone53",
				"pivot": [-0.2, 31, -0.1],
				"rotation": [-80, -144, 0],
				"cubes": [
					{"origin": [-0.7, 31, 0.65], "size": [1, 1, 0], "uv": [6, 0]}
				]
			},
			{
				"name": "bone57",
				"parent": "bone53",
				"pivot": [-0.2, 31, -0.1],
				"rotation": [-80, -216, 0],
				"cubes": [
					{"origin": [-0.7, 31, 0.65], "size": [1, 1, 0], "uv": [0, 1]}
				]
			},
			{
				"name": "bone58",
				"parent": "bone53",
				"pivot": [-0.2, 31, -0.1],
				"rotation": [-80, -288, 0],
				"cubes": [
					{"origin": [-0.7, 31, 0.65], "size": [1, 1, 0], "uv": [0, 0]}
				]
			},
			{
				"name": "bone61",
				"parent": "ahoge",
				"pivot": [-0.2, 26, 0],
				"rotation": [0, 0, 7.5]
			},
			{
				"name": "bone60",
				"parent": "bone61",
				"pivot": [-0.2, 27, 0],
				"rotation": [0, 0, -12.5],
				"cubes": [
					{"origin": [-0.46429, 27.65228, -0.5], "size": [1, 3, 1], "uv": [8, 50], "inflate": -0.4}
				]
			},
			{
				"name": "bone59",
				"parent": "bone61",
				"pivot": [-0.2, 17.5, 0],
				"cubes": [
					{"origin": [-0.7, 25.5, -0.5], "size": [1, 3, 1], "uv": [0, 57], "inflate": -0.4}
				]
			},
			{
				"name": "armRight",
				"pivot": [-3, 17.5, 0],
				"rotation": [0, 0, 25],
				"cubes": [
					{"origin": [-5, 8.5, -1], "size": [2, 8, 2], "uv": [22, 49]},
					{"origin": [-5.5, 13.5, -1.5], "size": [3, 4, 3], "uv": [44, 11], "inflate": -0.2},
					{"origin": [-8, 11, -4], "size": [8, 8, 8], "uv": [62, 16], "inflate": -2.69}
				]
			},
			{
				"name": "armLeft",
				"pivot": [3, 17.5, 0],
				"rotation": [0, 0, -25],
				"cubes": [
					{"origin": [2.5, 13.5, -1.5], "size": [3, 4, 3], "uv": [44, 0], "inflate": -0.2},
					{"origin": [3, 8.5, -1], "size": [2, 8, 2], "uv": [44, 22]},
					{"origin": [0, 11, -4], "size": [8, 8, 8], "uv": [62, 0], "inflate": -2.69}
				]
			},
			{
				"name": "body",
				"pivot": [0, 10.5, 0],
				"cubes": [
					{"origin": [-3, 9, -3], "size": [6, 9, 6], "uv": [26, 26], "inflate": -0.1},
					{"origin": [-6, 6.8, -6], "size": [12, 12, 12], "uv": [62, 33], "inflate": -3.09}
				]
			},
			{
				"name": "bone32",
				"parent": "body",
				"pivot": [0, 17, -2.75],
				"rotation": [-12.5, 0, 0]
			},
			{
				"name": "bone39",
				"parent": "bone32",
				"pivot": [-0.25, 17.25, -2.5],
				"rotation": [0, 0, -60],
				"cubes": [
					{"origin": [-2.2, 16.6634, -3], "size": [2, 1, 1], "uv": [38, 24], "inflate": -0.1}
				]
			},
			{
				"name": "bone40",
				"parent": "bone32",
				"pivot": [0.25, 17.25, -2.5],
				"rotation": [0, 0, 60],
				"cubes": [
					{"origin": [0.2, 16.6634, -3], "size": [2, 1, 1], "uv": [32, 24], "inflate": -0.1}
				]
			},
			{
				"name": "sittingRotationSkirt",
				"parent": "body",
				"pivot": [0, 11.5, 0]
			},
			{
				"name": "bone",
				"parent": "sittingRotationSkirt",
				"pivot": [0, 12, 0]
			},
			{
				"name": "bone2",
				"parent": "bone",
				"pivot": [0, 7.5, 0]
			},
			{
				"name": "bone3",
				"parent": "bone2",
				"pivot": [0, 7.5, 3.88552],
				"rotation": [22, 0, 0]
			},
			{
				"name": "bone4",
				"parent": "bone3",
				"pivot": [0, 7.5, 3.88552],
				"rotation": [0, -45, 0],
				"cubes": [
					{"origin": [-1, 7.5, 2.88552], "size": [2, 5, 2], "uv": [52, 22]}
				]
			},
			{
				"name": "bone5",
				"parent": "bone",
				"pivot": [0, 7.5, 0],
				"rotation": [0, -40, 0]
			},
			{
				"name": "bone6",
				"parent": "bone5",
				"pivot": [0, 7.5, 3.88552],
				"rotation": [22, 0, 0]
			},
			{
				"name": "bone7",
				"parent": "bone6",
				"pivot": [0, 7.5, 3.88552],
				"rotation": [0, -45, 0],
				"cubes": [
					{"origin": [-1, 7.5, 2.88552], "size": [2, 5, 2], "uv": [50, 30]}
				]
			},
			{
				"name": "bone8",
				"parent": "bone",
				"pivot": [0, 7.5, 0],
				"rotation": [0, -80, 0]
			},
			{
				"name": "bone9",
				"parent": "bone8",
				"pivot": [0, 7.5, 3.88552],
				"rotation": [22, 0, 0]
			},
			{
				"name": "bone10",
				"parent": "bone9",
				"pivot": [0, 7.5, 3.88552],
				"rotation": [0, -45, 0],
				"cubes": [
					{"origin": [-1, 7.5, 2.88552], "size": [2, 5, 2], "uv": [0, 50]}
				]
			},
			{
				"name": "bone11",
				"parent": "bone",
				"pivot": [0, 7.5, 0],
				"rotation": [0, -120, 0]
			},
			{
				"name": "bone12",
				"parent": "bone11",
				"pivot": [0, 7.5, 3.88552],
				"rotation": [22, 0, 0]
			},
			{
				"name": "bone13",
				"parent": "bone12",
				"pivot": [0, 7.5, 3.88552],
				"rotation": [0, -45, 0],
				"cubes": [
					{"origin": [-1, 7.5, 2.88552], "size": [2, 5, 2], "uv": [48, 39]}
				]
			},
			{
				"name": "bone14",
				"parent": "bone",
				"pivot": [0, 7.5, 0],
				"rotation": [0, -160, 0]
			},
			{
				"name": "bone15",
				"parent": "bone14",
				"pivot": [0, 7.5, 3.88552],
				"rotation": [22, 0, 0]
			},
			{
				"name": "bone16",
				"parent": "bone15",
				"pivot": [0, 7.5, 3.88552],
				"rotation": [0, -45, 0],
				"cubes": [
					{"origin": [-1, 7.5, 2.88552], "size": [2, 5, 2], "uv": [16, 32]}
				]
			},
			{
				"name": "bone17",
				"parent": "bone",
				"pivot": [0, 7.5, 0],
				"rotation": [0, -200, 0]
			},
			{
				"name": "bone18",
				"parent": "bone17",
				"pivot": [0, 7.5, 3.88552],
				"rotation": [22, 0, 0]
			},
			{
				"name": "bone19",
				"parent": "bone18",
				"pivot": [0, 7.5, 3.88552],
				"rotation": [0, -45, 0],
				"cubes": [
					{"origin": [-1, 7.5, 2.88552], "size": [2, 5, 2], "uv": [24, 16]}
				]
			},
			{
				"name": "bone20",
				"parent": "bone",
				"pivot": [0, 7.5, 0],
				"rotation": [0, -240, 0]
			},
			{
				"name": "bone21",
				"parent": "bone20",
				"pivot": [0, 7.5, 3.88552],
				"rotation": [22, 0, 0]
			},
			{
				"name": "bone22",
				"parent": "bone21",
				"pivot": [0, 7.5, 3.88552],
				"rotation": [0, -45, 0],
				"cubes": [
					{"origin": [-1, 7.5, 2.88552], "size": [2, 5, 2], "uv": [24, 0]}
				]
			},
			{
				"name": "bone23",
				"parent": "bone",
				"pivot": [0, 7.5, 0],
				"rotation": [0, -280, 0]
			},
			{
				"name": "bone24",
				"parent": "bone23",
				"pivot": [0, 7.5, 3.88552],
				"rotation": [22, 0, 0]
			},
			{
				"name": "bone25",
				"parent": "bone24",
				"pivot": [0, 7.5, 3.88552],
				"rotation": [0, -45, 0],
				"cubes": [
					{"origin": [-1, 7.5, 2.88552], "size": [2, 5, 2], "uv": [0, 16]}
				]
			},
			{
				"name": "bone26",
				"parent": "bone",
				"pivot": [0, 7.5, 0],
				"rotation": [0, -320, 0]
			},
			{
				"name": "bone27",
				"parent": "bone26",
				"pivot": [0, 7.5, 3.88552],
				"rotation": [22, 0, 0]
			},
			{
				"name": "bone28",
				"parent": "bone27",
				"pivot": [0, 7.5, 3.88552],
				"rotation": [0, -45, 0],
				"cubes": [
					{"origin": [-1, 7.5, 2.88552], "size": [2, 5, 2], "uv": [0, 0]}
				]
			},
			{
				"name": "legLeft",
				"pivot": [2, 9, 0],
				"cubes": [
					{"origin": [0.249, 0, -1.5], "size": [3, 9, 3], "uv": [32, 12]}
				]
			},
			{
				"name": "legRight",
				"pivot": [-2, 9, 0],
				"cubes": [
					{"origin": [-3.249, 0, -1.5], "size": [3, 9, 3], "uv": [32, 0]}
				]
			}
		]
	}
}