{
	"format_version": "1.10.0",
	"geometry.model": {
		"texturewidth": 128,
		"textureheight": 128,
		"visible_bounds_width": 3,
		"visible_bounds_height": 2,
		"visible_bounds_offset": [0, 0, 0],
		"bones": [
			{
				"name": "head",
				"pivot": [0, 18, 0],
				"cubes": [
					{"origin": [-4, 18, -4], "size": [8, 8, 8], "uv": [0, 24]},
					{"origin": [-4, 18, -4], "size": [8, 8, 8], "uv": [24, 32], "inflate": 0.25},
					{"origin": [-16, 2.6, -16.15], "size": [32, 32, 24], "uv": [0, 72], "inflate": -12}
				]
			},
			{
				"name": "blink",
				"parent": "head",
				"pivot": [0, 18, 0],
				"cubes": [
					{"origin": [-4, 18, -4.001], "size": [8, 8, 0], "uv": [48, 7]}
				]
			},
			{
				"name": "bone29",
				"parent": "head",
				"pivot": [5.7, 27.7, 1.45],
				"rotation": [95.12602, 79.97339, 88.16168]
			},
			{
				"name": "bone30",
				"parent": "bone29",
				"pivot": [5.7, 27.7, 1.45],
				"rotation": [3.5, 0, -2.5],
				"cubes": [
					{"origin": [4.7006, 14.67849, 1.54766], "size": [2, 13, 2], "uv": [48, 15], "inflate": -0.1}
				]
			},
			{
				"name": "bone31",
				"parent": "bone29",
				"pivot": [5.70263, 27.66734, 1.6473],
				"rotation": [8, 0, -5],
				"cubes": [
					{"origin": [4.90263, 17.66734, 1.6473], "size": [2, 10, 2], "uv": [54, 28], "inflate": -0.2}
				]
			},
			{
				"name": "bone32",
				"parent": "bone29",
				"pivot": [5.7, 27.7, 1.45],
				"cubes": [
					{"origin": [4.5, 11.7, 1.45], "size": [2, 16, 2], "uv": [24, 48]}
				]
			},
			{
				"name": "bone23",
				"parent": "bone29",
				"pivot": [5.05, 25.2, 0.85],
				"rotation": [0, 0, 5],
				"cubes": [
					{"origin": [4.05, 23.45, -0.9], "size": [2, 3, 3], "uv": [8, 61]}
				]
			},
			{
				"name": "bone19",
				"parent": "head",
				"pivot": [5, 25.05, 1.9],
				"rotation": [0, 0, -3.5],
				"cubes": [
					{"origin": [4, 25, -0.5], "size": [2, 2, 2], "uv": [64, 5], "inflate": -0.2},
					{"origin": [4, 25.4, 1.8], "size": [2, 2, 2], "uv": [62, 33], "inflate": -0.2},
					{"origin": [4, 23.1, -0.1], "size": [2, 2, 2], "uv": [62, 64], "inflate": -0.2},
					{"origin": [4, 23.4, 2.2], "size": [2, 2, 2], "uv": [18, 64], "inflate": -0.2}
				]
			},
			{
				"name": "bone21",
				"parent": "bone19",
				"pivot": [5, 23, 2.2]
			},
			{
				"name": "bone20",
				"parent": "bone21",
				"pivot": [5, 24.45, 2.2],
				"rotation": [-2.5, 0, -2.5],
				"cubes": [
					{"origin": [4, 18.15, 2.2], "size": [2, 6, 0], "uv": [0, 40]}
				]
			},
			{
				"name": "bone25",
				"parent": "bone21",
				"pivot": [4.99319, 24.50176, 2.59658],
				"rotation": [7.5, 0, -2.5],
				"cubes": [
					{"origin": [3.99319, 20.20176, 2.19658], "size": [2, 4, 0], "uv": [18, 40]}
				]
			},
			{
				"name": "bone24",
				"parent": "bone21",
				"pivot": [5, 24.45, 2.2],
				"rotation": [-7.5, 0, -0.5],
				"cubes": [
					{"origin": [4, 20.45, 2.1], "size": [2, 4, 0], "uv": [40, 0]}
				]
			},
			{
				"name": "bone22",
				"parent": "bone21",
				"pivot": [5, 26.45, 2.2],
				"rotation": [5, 0, 0],
				"cubes": [
					{"origin": [4, 18.15, 2], "size": [2, 6, 0], "uv": [24, 24]}
				]
			},
			{
				"name": "hat",
				"parent": "head",
				"pivot": [0, 18, 0]
			},
			{
				"name": "bone33",
				"parent": "hat",
				"pivot": [0, 18, 0]
			},
			{
				"name": "bone28",
				"parent": "bone33",
				"pivot": [3.5, 26.25, -3.01],
				"rotation": [0, 0, 20],
				"cubes": [
					{"origin": [-1.5, 26, -3.01], "size": [5, 2, 0], "uv": [62, 29]}
				]
			},
			{
				"name": "bone27",
				"parent": "bone33",
				"pivot": [-3.5, 26.25, -3.01],
				"rotation": [0, 0, -20],
				"cubes": [
					{"origin": [-3.5, 26, -3], "size": [5, 2, 0], "uv": [62, 31]}
				]
			},
			{
				"name": "bone26",
				"parent": "bone33",
				"pivot": [0, 18, 0],
				"cubes": [
					{"origin": [-3.5, 26, -3], "size": [7, 2, 0], "uv": [60, 27]}
				]
			},
			{
				"name": "bone34",
				"parent": "hat",
				"pivot": [0, 17.5, 0],
				"cubes": [
					{"origin": [-3.5, 25.5, -2.9], "size": [7, 2, 6], "uv": [24, 24]},
					{"origin": [-3, 27.5, -2.9], "size": [6, 1, 6], "uv": [40, 0]}
				]
			},
			{
				"name": "armLeft",
				"pivot": [3, 17.5, 0],
				"rotation": [0, 0, -25],
				"cubes": [
					{"origin": [3, 8.5, -1], "size": [2, 8, 2], "uv": [0, 55]},
					{"origin": [2.5, 14.5, -1.5], "size": [3, 3, 3], "uv": [53, 45], "inflate": -0.2},
					{"origin": [2.5, 11.9, -1.5], "size": [3, 2, 3], "uv": [56, 40], "inflate": -0.2},
					{"origin": [2.5, 13.1, -1.5], "size": [3, 2, 3], "uv": [56, 22]}
				]
			},
			{
				"name": "bone39",
				"parent": "armLeft",
				"pivot": [3, 17.5, 0],
				"cubes": [
					{"origin": [4.32527, 11.10112, -2.3], "size": [2, 3, 3], "uv": [0, 8], "inflate": -1}
				]
			},
			{
				"name": "armRight",
				"pivot": [-3, 17.5, 0],
				"rotation": [0, 0, 25],
				"cubes": [
					{"origin": [-5, 8.5, -1], "size": [2, 8, 2], "uv": [56, 56]},
					{"origin": [-5.5, 14.5, -1.5], "size": [3, 3, 3], "uv": [8, 55], "inflate": -0.2},
					{"origin": [-5.5, 11.9, -1.5], "size": [3, 2, 3], "uv": [56, 51], "inflate": -0.2},
					{"origin": [-5.5, 13.1, -1.5], "size": [3, 2, 3], "uv": [58, 0]}
				]
			},
			{
				"name": "bone40",
				"parent": "armRight",
				"pivot": [-3, 17.5, 0],
				"cubes": [
					{"origin": [-6.32527, 11.10112, -2.3], "size": [2, 3, 3], "uv": [0, 8], "inflate": -1, "mirror": true}
				]
			},
			{
				"name": "body",
				"pivot": [0, 10.5, 0],
				"cubes": [
					{"origin": [-3, 9, -3], "size": [6, 9, 6], "uv": [0, 40]}
				]
			},
			{
				"name": "sittingRotationSkirt",
				"parent": "body",
				"pivot": [0, 11.2, 0]
			},
			{
				"name": "bone",
				"parent": "sittingRotationSkirt",
				"pivot": [0, 7.7, 0]
			},
			{
				"name": "bone2",
				"parent": "bone",
				"pivot": [0, 7.7, 3.47051],
				"rotation": [10, 0, 0],
				"cubes": [
					{"origin": [-2.5, 4.35782, 3.47051], "size": [5, 7, 0], "uv": [42, 60]}
				]
			},
			{
				"name": "bone3",
				"parent": "bone2",
				"pivot": [-1.5, 7.35782, 3.47051],
				"rotation": [0, 0, 9.85108],
				"cubes": [
					{"origin": [-3.5, 4.35782, 3.46951], "size": [2, 7, 0], "uv": [4, 65]}
				]
			},
			{
				"name": "bone4",
				"parent": "bone2",
				"pivot": [1.5, 7.35782, 3.47051],
				"rotation": [0, 0, -9.85108],
				"cubes": [
					{"origin": [1.5, 4.35782, 3.47151], "size": [2, 7, 0], "uv": [0, 65]}
				]
			},
			{
				"name": "bone5",
				"parent": "sittingRotationSkirt",
				"pivot": [0, 7.7, 0],
				"rotation": [0, -90, 0]
			},
			{
				"name": "bone6",
				"parent": "bone5",
				"pivot": [0, 7.7, 3.47051],
				"rotation": [10, 0, 0],
				"cubes": [
					{"origin": [-2.5, 4.35782, 3.47051], "size": [5, 7, 0], "uv": [32, 60]}
				]
			},
			{
				"name": "bone7",
				"parent": "bone6",
				"pivot": [-1.5, 7.35782, 3.47051],
				"rotation": [0, 0, 9.85108],
				"cubes": [
					{"origin": [-3.5, 4.35782, 3.46951], "size": [2, 7, 0], "uv": [64, 56]}
				]
			},
			{
				"name": "bone8",
				"parent": "bone6",
				"pivot": [1.5, 7.35782, 3.47051],
				"rotation": [0, 0, -9.85108],
				"cubes": [
					{"origin": [1.5, 4.35782, 3.47151], "size": [2, 7, 0], "uv": [52, 60]}
				]
			},
			{
				"name": "bone9",
				"parent": "sittingRotationSkirt",
				"pivot": [0, 7.7, 0],
				"rotation": [0, -180, 0]
			},
			{
				"name": "bone10",
				"parent": "bone9",
				"pivot": [0, 7.7, 3.47051],
				"rotation": [10, 0, 0]
			},
			{
				"name": "bone11",
				"parent": "bone10",
				"pivot": [-1.5, 7.35782, 3.47051],
				"rotation": [0, 0, 9.85108],
				"cubes": [
					{"origin": [-3.5, 4.35782, 3.46951], "size": [3.2, 7, 0], "uv": [0, 24]}
				]
			},
			{
				"name": "bone12",
				"parent": "bone10",
				"pivot": [1.5, 7.35782, 3.47051],
				"rotation": [0, 0, -9.85108],
				"cubes": [
					{"origin": [0.2, 4.35782, 3.47151], "size": [3.3, 7, 0], "uv": [2, 0]}
				]
			},
			{
				"name": "bone13",
				"parent": "sittingRotationSkirt",
				"pivot": [0, 7.7, 0],
				"rotation": [0, -270, 0]
			},
			{
				"name": "bone14",
				"parent": "bone13",
				"pivot": [0, 7.7, 3.47051],
				"rotation": [10, 0, 0],
				"cubes": [
					{"origin": [-2.5, 4.35782, 3.47051], "size": [5, 7, 0], "uv": [56, 15]}
				]
			},
			{
				"name": "bone15",
				"parent": "bone14",
				"pivot": [-1.5, 7.35782, 3.47051],
				"rotation": [0, 0, 9.85108],
				"cubes": [
					{"origin": [-3.5, 4.35782, 3.46951], "size": [2, 7, 0], "uv": [20, 55]}
				]
			},
			{
				"name": "bone16",
				"parent": "bone14",
				"pivot": [1.5, 7.35782, 3.47051],
				"rotation": [0, 0, -9.85108],
				"cubes": [
					{"origin": [1.5, 4.35782, 3.47151], "size": [2, 7, 0], "uv": [48, 32]}
				]
			},
			{
				"name": "bone36",
				"parent": "sittingRotationSkirt",
				"pivot": [0.18128, 10.72158, -2.74736],
				"rotation": [-10, 0, 9.5],
				"cubes": [
					{"origin": [-0.31872, 3.72158, -3.24736], "size": [1, 6.3, 1], "uv": [0, 73], "inflate": -0.3}
				]
			},
			{
				"name": "bone38",
				"parent": "sittingRotationSkirt",
				"pivot": [0.5, 11.80487, -2.55635],
				"rotation": [-10, 0, -1],
				"cubes": [
					{"origin": [-0.5, 8.80487, -3.06], "size": [1, 2.3, 1], "uv": [0, 73], "inflate": -0.3}
				]
			},
			{
				"name": "bone37",
				"parent": "sittingRotationSkirt",
				"pivot": [0, 10.85, -2.73],
				"rotation": [-10, 0, -9],
				"cubes": [
					{"origin": [-0.6, 3.75, -3.23], "size": [1, 6.4, 1], "uv": [0, 73], "inflate": -0.3}
				]
			},
			{
				"name": "bone17",
				"parent": "body",
				"pivot": [0, 10.5, -0.1],
				"cubes": [
					{"origin": [-0.5, 16.4, -3.1], "size": [1, 1, 1], "uv": [18, 44]}
				]
			},
			{
				"name": "bone18",
				"parent": "body",
				"pivot": [2.3, 9.1, -0.3],
				"cubes": [
					{"origin": [0.8, 15.2, -3.4], "size": [2, 1, 1], "uv": [40, 4], "inflate": -0.25}
				]
			},
			{
				"name": "bone35",
				"parent": "body",
				"pivot": [0.5, 10.15, 0.7],
				"cubes": [
					{"origin": [-0.5, 10.15, -3.33], "size": [1, 8, 1], "uv": [0, 73], "inflate": -0.3}
				]
			},
			{
				"name": "legLeft",
				"pivot": [2, 9, 0],
				"cubes": [
					{"origin": [0.249, 0, -1.5], "size": [3, 9, 3], "uv": [44, 48]}
				]
			},
			{
				"name": "legRight",
				"pivot": [-2, 9, 0],
				"cubes": [
					{"origin": [-3.249, 0, -1.5], "size": [3, 9, 3], "uv": [32, 48]}
				]
			}
		]
	}
}