{
	"format_version": "1.10.0",
	"geometry.model": {
		"texturewidth": 128,
		"textureheight": 128,
		"visible_bounds_width": 3,
		"visible_bounds_height": 2.5,
		"visible_bounds_offset": [0, 0.75, 0],
		"bones": [
			{
				"name": "LegRight",
				"pivot": [-2, 9, 0.4],
				"rotation": [0, 20, 8]
			},
			{
				"name": "bone",
				"parent": "LegRight",
				"pivot": [-2.2, 9, 0.4],
				"rotation": [-27, 0, 0],
				"cubes": [
					{"origin": [-4.2, 5.99, -0.6], "size": [2, 4, 2], "uv": [38, 122]},
					{"origin": [-2.7, 8, -0.1], "size": [1, 2, 1], "uv": [39, 125]},
					{"origin": [-4.4, 8.7, 0.6], "size": [2, 1, 1], "uv": [32, 126], "inflate": 0.1},
					{"origin": [-4.7, 7, -0.6], "size": [1, 3, 2], "uv": [32, 123], "inflate": 0.1}
				]
			},
			{
				"name": "bone2",
				"parent": "bone",
				"pivot": [-3.2, 8.6, -1.1],
				"rotation": [0, 0, 124],
				"cubes": [
					{"origin": [-4.2, 7.1, -1.6], "size": [2, 3, 1], "uv": [46, 124], "inflate": -0.2}
				]
			},
			{
				"name": "DownLegR",
				"parent": "LegRight",
				"pivot": [-2.2, 7.5, -1.7],
				"rotation": [42, 0, 0],
				"cubes": [
					{"origin": [-4.7, 5.6, -4], "size": [1, 1, 2], "uv": [15, 119], "inflate": 0.1},
					{"origin": [-2.7, 5.6, -4], "size": [1, 1, 2], "uv": [15, 119], "inflate": 0.1},
					{"origin": [-3.7, 5.6, -4.2], "size": [1, 3, 2], "uv": [20, 123], "inflate": 0.1},
					{"origin": [-3.7, 6, -4.2], "size": [1, 3, 2], "uv": [26, 123]},
					{"origin": [-4.7, 6.8, -3], "size": [1, 1, 1], "uv": [15, 120], "inflate": 0.1},
					{"origin": [-2.7, 6.8, -3], "size": [1, 1, 1], "uv": [15, 120], "inflate": 0.1},
					{"origin": [-4.2, 2, -3.7], "size": [2, 4, 3], "uv": [0, 111], "inflate": -0.05},
					{"origin": [-4.7, 3, -0.7], "size": [3, 3, 1], "uv": [0, 107], "inflate": -0.2},
					{"origin": [-4.9, 3, -3.7], "size": [1, 3, 3], "uv": [14, 116]},
					{"origin": [-2.5, 3, -3.7], "size": [1, 3, 3], "uv": [14, 116]}
				]
			},
			{
				"name": "bone29",
				"parent": "DownLegR",
				"pivot": [-3.2, 1.5, -0.2],
				"rotation": [-32, 0, 0],
				"cubes": [
					{"origin": [-4.7, 1.30066, -1.64645], "size": [3, 2, 1], "uv": [0, 107], "inflate": -0.2}
				]
			},
			{
				"name": "bone19",
				"parent": "DownLegR",
				"pivot": [-4.7, 4.6, -2.2],
				"rotation": [-24, 0, 0],
				"cubes": [
					{"origin": [-5.2, 2.6, -2.7], "size": [1, 3, 2], "uv": [10, 113]}
				]
			},
			{
				"name": "bone27",
				"parent": "DownLegR",
				"pivot": [-1.7, 4.6, -2.2],
				"rotation": [-24, 0, 0],
				"cubes": [
					{"origin": [-2.2, 2.6, -2.7], "size": [1, 3, 2], "uv": [10, 113]}
				]
			},
			{
				"name": "bone26",
				"parent": "DownLegR",
				"pivot": [-4.7, 6.6, 0.8],
				"rotation": [-54, 0, 0],
				"cubes": [
					{"origin": [-4.85, 3.97977, -1.73874], "size": [1, 1, 2], "uv": [15, 119]},
					{"origin": [-4.85, 1.27977, -0.03874], "size": [1, 2, 3], "uv": [14, 117]}
				]
			},
			{
				"name": "bone28",
				"parent": "DownLegR",
				"pivot": [-1.7, 6.6, 0.8],
				"rotation": [-54, 0, 0],
				"cubes": [
					{"origin": [-2.55, 3.97977, -1.73874], "size": [1, 1, 2], "uv": [15, 119]},
					{"origin": [-2.55, 1.27977, -0.03874], "size": [1, 2, 3], "uv": [14, 117]}
				]
			},
			{
				"name": "FootR",
				"parent": "LegRight",
				"pivot": [-3, 1.5, 1.2],
				"rotation": [2, 0, -7],
				"cubes": [
					{"origin": [-4, 0.7, 2.5], "size": [2, 1, 1], "uv": [2, 120], "inflate": 0.15},
					{"origin": [-4, -0.1, 2.5], "size": [2, 1, 1], "uv": [2, 120], "inflate": 0.1},
					{"origin": [-4, 0, -0.3], "size": [2, 3, 3], "uv": [0, 112]}
				]
			},
			{
				"name": "bone25",
				"parent": "FootR",
				"pivot": [-3, 1.5, 2.7],
				"rotation": [18, 0, 0],
				"cubes": [
					{"origin": [-4, 1.7, 2.5], "size": [2, 1, 1], "uv": [2, 120], "inflate": 0.2}
				]
			},
			{
				"name": "bone23",
				"parent": "FootR",
				"pivot": [-4, 0.3, -3.4],
				"rotation": [0, -9, 0],
				"cubes": [
					{"origin": [-4, -0.2, -3.4], "size": [1, 1, 3], "uv": [0, 118]},
					{"origin": [-4, -0.2, -0.4], "size": [1, 2, 2], "uv": [8, 118]}
				]
			},
			{
				"name": "bone24",
				"parent": "FootR",
				"pivot": [-2, 0.3, -3.4],
				"rotation": [0, 9, 0],
				"cubes": [
					{"origin": [-3, -0.2, -3.4], "size": [1, 1, 3], "uv": [0, 118]},
					{"origin": [-3, -0.2, -0.4], "size": [1, 2, 2], "uv": [8, 118]}
				]
			},
			{
				"name": "bone20",
				"parent": "FootR",
				"pivot": [-3, 1.3, -1.3],
				"rotation": [24, 0, 0],
				"cubes": [
					{"origin": [-4, 0.8, -4.3], "size": [2, 1, 5], "uv": [0, 122], "inflate": -0.1},
					{"origin": [-4, 0, -2.3], "size": [2, 1, 3], "uv": [2, 124], "inflate": -0.1}
				]
			},
			{
				"name": "bone21",
				"parent": "bone20",
				"pivot": [-3, 1.4, -0.3],
				"rotation": [-15, 0, 0],
				"cubes": [
					{"origin": [-3.5, 0.9, -1.3], "size": [1, 1, 2], "uv": [14, 125], "inflate": 0.2}
				]
			},
			{
				"name": "bone22",
				"parent": "bone20",
				"pivot": [-3, 2.5, -0.1],
				"rotation": [51, 0, 0],
				"cubes": [
					{"origin": [-3.5, 2, -1.1], "size": [1, 1, 2], "uv": [14, 122], "inflate": -0.1}
				]
			},
			{
				"name": "LegLeft",
				"pivot": [2, 9, 0.4],
				"rotation": [0, -20, -8]
			},
			{
				"name": "bone10",
				"parent": "LegLeft",
				"pivot": [2.2, 9, 0.4],
				"rotation": [-27, 0, 0],
				"cubes": [
					{"origin": [2.2, 5.99, -0.6], "size": [2, 4, 2], "uv": [38, 122], "mirror": true},
					{"origin": [1.7, 8, -0.1], "size": [1, 2, 1], "uv": [39, 125], "mirror": true},
					{"origin": [2.4, 8.7, 0.6], "size": [2, 1, 1], "uv": [32, 126], "inflate": 0.1, "mirror": true},
					{"origin": [3.7, 7, -0.6], "size": [1, 3, 2], "uv": [32, 123], "inflate": 0.1, "mirror": true}
				]
			},
			{
				"name": "bone13",
				"parent": "bone10",
				"pivot": [3.2, 8.6, -1.1],
				"rotation": [0, 0, -124],
				"cubes": [
					{"origin": [2.2, 7.1, -1.6], "size": [2, 3, 1], "uv": [46, 124], "inflate": -0.2, "mirror": true}
				]
			},
			{
				"name": "DownLegL",
				"parent": "LegLeft",
				"pivot": [2.2, 7.5, -1.7],
				"rotation": [42, 0, 0],
				"cubes": [
					{"origin": [3.7, 5.6, -4], "size": [1, 1, 2], "uv": [15, 119], "inflate": 0.1, "mirror": true},
					{"origin": [1.7, 5.6, -4], "size": [1, 1, 2], "uv": [15, 119], "inflate": 0.1, "mirror": true},
					{"origin": [2.7, 5.6, -4.2], "size": [1, 3, 2], "uv": [20, 123], "inflate": 0.1, "mirror": true},
					{"origin": [2.7, 6, -4.2], "size": [1, 3, 2], "uv": [26, 123], "mirror": true},
					{"origin": [3.7, 6.8, -3], "size": [1, 1, 1], "uv": [15, 120], "inflate": 0.1, "mirror": true},
					{"origin": [1.7, 6.8, -3], "size": [1, 1, 1], "uv": [15, 120], "inflate": 0.1, "mirror": true},
					{"origin": [2.2, 2, -3.7], "size": [2, 4, 3], "uv": [0, 111], "inflate": -0.05, "mirror": true},
					{"origin": [1.7, 3, -0.7], "size": [3, 3, 1], "uv": [0, 107], "inflate": -0.2, "mirror": true},
					{"origin": [3.9, 3, -3.7], "size": [1, 3, 3], "uv": [14, 116], "mirror": true},
					{"origin": [1.5, 3, -3.7], "size": [1, 3, 3], "uv": [14, 116], "mirror": true}
				]
			},
			{
				"name": "bone14",
				"parent": "DownLegL",
				"pivot": [3.2, 1.5, -0.2],
				"rotation": [-32, 0, 0],
				"cubes": [
					{"origin": [1.7, 1.30066, -1.64645], "size": [3, 2, 1], "uv": [0, 107], "inflate": -0.2, "mirror": true}
				]
			},
			{
				"name": "bone30",
				"parent": "DownLegL",
				"pivot": [4.7, 4.6, -2.2],
				"rotation": [-24, 0, 0],
				"cubes": [
					{"origin": [4.2, 2.6, -2.7], "size": [1, 3, 2], "uv": [10, 113], "mirror": true}
				]
			},
			{
				"name": "bone31",
				"parent": "DownLegL",
				"pivot": [1.7, 4.6, -2.2],
				"rotation": [-24, 0, 0],
				"cubes": [
					{"origin": [1.2, 2.6, -2.7], "size": [1, 3, 2], "uv": [10, 113], "mirror": true}
				]
			},
			{
				"name": "bone32",
				"parent": "DownLegL",
				"pivot": [4.7, 6.6, 0.8],
				"rotation": [-54, 0, 0],
				"cubes": [
					{"origin": [3.85, 3.97977, -1.73874], "size": [1, 1, 2], "uv": [15, 119], "mirror": true},
					{"origin": [3.85, 1.27977, -0.03874], "size": [1, 2, 3], "uv": [14, 117], "mirror": true}
				]
			},
			{
				"name": "bone33",
				"parent": "DownLegL",
				"pivot": [1.7, 6.6, 0.8],
				"rotation": [-54, 0, 0],
				"cubes": [
					{"origin": [1.55, 3.97977, -1.73874], "size": [1, 1, 2], "uv": [15, 119], "mirror": true},
					{"origin": [1.55, 1.27977, -0.03874], "size": [1, 2, 3], "uv": [14, 117], "mirror": true}
				]
			},
			{
				"name": "FootL",
				"parent": "LegLeft",
				"pivot": [3, 1.5, 1.2],
				"rotation": [2, 0, 7],
				"cubes": [
					{"origin": [2, 0.7, 2.5], "size": [2, 1, 1], "uv": [2, 120], "inflate": 0.15, "mirror": true},
					{"origin": [2, -0.1, 2.5], "size": [2, 1, 1], "uv": [2, 120], "inflate": 0.1, "mirror": true},
					{"origin": [2, 0, -0.3], "size": [2, 3, 3], "uv": [0, 112], "mirror": true}
				]
			},
			{
				"name": "bone34",
				"parent": "FootL",
				"pivot": [3, 1.5, 2.7],
				"rotation": [18, 0, 0],
				"cubes": [
					{"origin": [2, 1.7, 2.5], "size": [2, 1, 1], "uv": [2, 120], "inflate": 0.2, "mirror": true}
				]
			},
			{
				"name": "bone35",
				"parent": "FootL",
				"pivot": [4, 0.3, -3.4],
				"rotation": [0, 9, 0],
				"cubes": [
					{"origin": [3, -0.2, -3.4], "size": [1, 1, 3], "uv": [0, 118], "mirror": true},
					{"origin": [3, -0.2, -0.4], "size": [1, 2, 2], "uv": [8, 118], "mirror": true}
				]
			},
			{
				"name": "bone36",
				"parent": "FootL",
				"pivot": [2, 0.3, -3.4],
				"rotation": [0, -9, 0],
				"cubes": [
					{"origin": [2, -0.2, -3.4], "size": [1, 1, 3], "uv": [0, 118], "mirror": true},
					{"origin": [2, -0.2, -0.4], "size": [1, 2, 2], "uv": [8, 118], "mirror": true}
				]
			},
			{
				"name": "bone37",
				"parent": "FootL",
				"pivot": [3, 1.3, -1.3],
				"rotation": [24, 0, 0],
				"cubes": [
					{"origin": [2, 0.8, -4.3], "size": [2, 1, 5], "uv": [0, 122], "inflate": -0.1, "mirror": true},
					{"origin": [2, 0, -2.3], "size": [2, 1, 3], "uv": [2, 124], "inflate": -0.1, "mirror": true}
				]
			},
			{
				"name": "bone38",
				"parent": "bone37",
				"pivot": [3, 1.4, -0.3],
				"rotation": [-15, 0, 0],
				"cubes": [
					{"origin": [2.5, 0.9, -1.3], "size": [1, 1, 2], "uv": [14, 125], "inflate": 0.2, "mirror": true}
				]
			},
			{
				"name": "bone39",
				"parent": "bone37",
				"pivot": [3, 2.5, -0.1],
				"rotation": [51, 0, 0],
				"cubes": [
					{"origin": [2.5, 2, -1.1], "size": [1, 1, 2], "uv": [14, 122], "inflate": -0.1, "mirror": true}
				]
			},
			{
				"name": "Body",
				"pivot": [0, 8, 0],
				"cubes": [
					{"origin": [-3, 12.3, 2.2], "size": [6, 2, 6], "uv": [76, 120]},
					{"origin": [-3, 14.8, 2.2], "size": [6, 2, 6], "uv": [76, 111]},
					{"origin": [-3.5, 15.3, 6.7], "size": [7, 1, 2], "uv": [79, 103], "inflate": -0.4},
					{"origin": [-3.5, 12.8, 6.7], "size": [7, 1, 2], "uv": [79, 107], "inflate": -0.4},
					{"origin": [-4.5, 14, -1], "size": [9, 3, 4], "uv": [17, 81]},
					{"origin": [-5.5, 14.5, -0.5], "size": [1, 2, 2], "uv": [25, 82]},
					{"origin": [4.5, 14.5, -0.5], "size": [1, 2, 2], "uv": [26, 83]}
				]
			},
			{
				"name": "bone3",
				"parent": "Body",
				"pivot": [0, 8.5, 1.3],
				"rotation": [59, 0, 0],
				"cubes": [
					{"origin": [-1, 8.5, 0.3], "size": [2, 3, 2], "uv": [0, 98]},
					{"origin": [-1, 11.1, 1.2], "size": [2, 1, 1], "uv": [0, 96], "inflate": 0.2},
					{"origin": [-3.5, 11, 3.8], "size": [7, 4, 3], "uv": [108, 73]},
					{"origin": [-0.5, 10.1, 0.8], "size": [1, 3, 1], "uv": [10, 99]}
				]
			},
			{
				"name": "bone4",
				"parent": "Body",
				"pivot": [0, 8, 0.8],
				"rotation": [-25, 0, 0],
				"cubes": [
					{"origin": [-1, 8, -0.2], "size": [2, 3, 2], "uv": [0, 98]},
					{"origin": [-2, 8.5, -0.2], "size": [4, 1, 1], "uv": [0, 114]}
				]
			},
			{
				"name": "bone5",
				"parent": "Body",
				"pivot": [0, 10.6, 1.9],
				"rotation": [-53, 0, 0],
				"cubes": [
					{"origin": [-1, 10.6, 0.9], "size": [2, 4, 2], "uv": [0, 98]}
				]
			},
			{
				"name": "bone6",
				"parent": "Body",
				"pivot": [-0.5, 10.8, -2],
				"rotation": [21, 0, 0],
				"cubes": [
					{"origin": [-1, 10.8, -3], "size": [2, 3, 3], "uv": [8, 98]}
				]
			},
			{
				"name": "bone11",
				"parent": "Body",
				"pivot": [3.3, 19.8, 5.5],
				"rotation": [29, 12, 0],
				"cubes": [
					{"origin": [2.3, 18.8, 3], "size": [2, 2, 6], "uv": [112, 102], "inflate": -0.3}
				]
			},
			{
				"name": "bone12",
				"parent": "Body",
				"pivot": [-3.3, 19.8, 5.5],
				"rotation": [29, -12, 0],
				"cubes": [
					{"origin": [-4.3, 18.8, 3], "size": [2, 2, 6], "uv": [112, 102], "inflate": -0.3}
				]
			},
			{
				"name": "bone7",
				"parent": "Body",
				"pivot": [-0.5, 16.8, -5],
				"rotation": [-74, 0, 0],
				"cubes": [
					{"origin": [-1.5, 17.8, -6], "size": [3, 5, 1], "uv": [57, 84]},
					{"origin": [-1.5, 15.9, -5.8], "size": [3, 2, 1], "uv": [116, 84], "inflate": -0.1},
					{"origin": [-4, 20.3, -5], "size": [3, 5, 3], "uv": [82, 72]},
					{"origin": [1, 20.3, -5], "size": [3, 5, 3], "uv": [95, 72]},
					{"origin": [-2, 16.3, -5], "size": [4, 4, 4], "uv": [0, 80]},
					{"origin": [-0.5, 17.1, -3.5], "size": [1, 1, 1], "uv": [0, 88], "inflate": 0.9},
					{"origin": [-0.5, 16.8, -3.5], "size": [1, 1, 1], "uv": [0, 90], "inflate": 0.7},
					{"origin": [-0.5, 16.1, -3.5], "size": [1, 1, 1], "uv": [0, 88], "inflate": 0.1}
				]
			},
			{
				"name": "bone61",
				"parent": "bone7",
				"pivot": [-2.5, 16.9, -5.3],
				"rotation": [0, 40, 0],
				"cubes": [
					{"origin": [-3.31, 15.95, -4.99935], "size": [2, 7, 1], "uv": [112, 88], "inflate": -0.1}
				]
			},
			{
				"name": "bone62",
				"parent": "bone7",
				"pivot": [2.5, 16.9, -5.3],
				"rotation": [0, -40, 0],
				"cubes": [
					{"origin": [1.31, 15.95, -4.99935], "size": [2, 7, 1], "uv": [122, 88], "inflate": -0.1}
				]
			},
			{
				"name": "bone8",
				"parent": "Body",
				"pivot": [-0.5, 18.5, 0.5],
				"rotation": [-84, 0, 0],
				"cubes": [
					{"origin": [-2.5, 18.1, -0.4], "size": [5, 5, 1], "uv": [66, 84]},
					{"origin": [-1.5, 18.5, -0.5], "size": [3, 6, 3], "uv": [44, 82]}
				]
			},
			{
				"name": "bone9",
				"parent": "Body",
				"pivot": [1.5, 13, 0.5],
				"rotation": [0, 0, -24],
				"cubes": [
					{"origin": [-3, 11.5, -1.5], "size": [2, 4, 4], "uv": [96, 85]},
					{"origin": [-2, 12.5, -2.5], "size": [1, 3, 1], "uv": [104, 85]}
				]
			},
			{
				"name": "bone63",
				"parent": "Body",
				"pivot": [-1.5, 13, 0.5],
				"rotation": [0, 0, 24],
				"cubes": [
					{"origin": [1, 11.5, -1.5], "size": [2, 4, 4], "uv": [96, 85], "mirror": true},
					{"origin": [1, 12.5, -2.5], "size": [1, 3, 1], "uv": [104, 85]}
				]
			},
			{
				"name": "ArmRight",
				"pivot": [-5, 15.5, 1],
				"cubes": [
					{"origin": [-9, 14.5, -1], "size": [4, 3, 3], "uv": [32, 108]},
					{"origin": [-9, 16, -2.01], "size": [4, 2, 1], "uv": [50, 107], "inflate": -0.1},
					{"origin": [-8.5, 15.5, 1.99], "size": [3, 2, 1], "uv": [50, 114], "inflate": -0.1},
					{"origin": [-10, 17.56569, -1.44431], "size": [5, 1, 3], "uv": [50, 110], "inflate": -0.1}
				]
			},
			{
				"name": "bone48",
				"parent": "ArmRight",
				"pivot": [-11.6, 17.7, 3.3],
				"rotation": [42.5, -51, -45],
				"cubes": [
					{"origin": [-12.6, 16.7, 0.3], "size": [2, 2, 6], "uv": [112, 111], "inflate": -0.3}
				]
			},
			{
				"name": "bone49",
				"parent": "ArmRight",
				"pivot": [-11.6, 15, 3.2],
				"rotation": [22.5, -58.5, -35],
				"cubes": [
					{"origin": [-12.6, 14, 0.2], "size": [2, 2, 6], "uv": [112, 120], "inflate": -0.3}
				]
			},
			{
				"name": "bone47",
				"parent": "ArmRight",
				"pivot": [-7, 18, -1.51],
				"rotation": [-45, 0, 0],
				"cubes": [
					{"origin": [-9, 17.54645, -1.82213], "size": [4, 1, 1], "uv": [50, 107], "inflate": -0.1}
				]
			},
			{
				"name": "bone46",
				"parent": "ArmRight",
				"pivot": [-6.8, 15.8, -1.5],
				"rotation": [0, 0, 22],
				"cubes": [
					{"origin": [-8.3, 14.8, -2], "size": [3, 2, 1], "uv": [50, 104], "inflate": -0.1},
					{"origin": [-7.3, 13.8, 2], "size": [2, 3, 1], "uv": [50, 117], "inflate": -0.1}
				]
			},
			{
				"name": "bone45",
				"parent": "ArmRight",
				"pivot": [-6.2, 14, 0.5],
				"rotation": [0, 0, -15],
				"cubes": [
					{"origin": [-7.7, 13, -1], "size": [3, 2, 3], "uv": [33, 108], "inflate": -0.2}
				]
			},
			{
				"name": "bone15",
				"parent": "ArmRight",
				"pivot": [-7.8, 15.4, 0.5],
				"rotation": [24, 0, -45],
				"cubes": [
					{"origin": [-11.50711, 13.75403, -0.78761], "size": [4, 2, 2], "uv": [20, 109]}
				]
			},
			{
				"name": "DownArmR",
				"parent": "ArmRight",
				"pivot": [-9.7, 12.5, 0.5],
				"rotation": [-17.5, 32, -5],
				"cubes": [
					{"origin": [-11.87391, 5.93602, -0.04449], "size": [1, 1, 1], "uv": [44, 102]},
					{"origin": [-10.07391, 5.63602, -1.74449], "size": [2, 6, 2], "uv": [32, 99]},
					{"origin": [-11.37391, 11.23602, -1.94449], "size": [2, 2, 1], "uv": [50, 100]},
					{"origin": [-12.37391, 5.63602, -1.74449], "size": [2, 6, 2], "uv": [41, 99]},
					{"origin": [-11.77391, 5.53602, -1.24449], "size": [3, 7, 3], "uv": [20, 98]},
					{"origin": [-10.77391, 11.53602, -0.24449], "size": [1, 2, 1], "uv": [57, 100]}
				]
			},
			{
				"name": "bone17",
				"parent": "DownArmR",
				"pivot": [-9.27391, 4.83602, -0.74449],
				"rotation": [27, 0, -9],
				"cubes": [
					{"origin": [-9.77391, 3.73602, -1.24449], "size": [1, 2, 1], "uv": [27, 101]}
				]
			},
			{
				"name": "bone42",
				"parent": "DownArmR",
				"pivot": [-10.97391, 4.83602, -0.74449],
				"rotation": [27, 0, -9],
				"cubes": [
					{"origin": [-11.47391, 3.73602, -1.24449], "size": [1, 2, 1], "uv": [27, 101]}
				]
			},
			{
				"name": "bone18",
				"parent": "DownArmR",
				"pivot": [-9.27391, 4.33602, 0.65551],
				"rotation": [-58, 0, -9],
				"cubes": [
					{"origin": [-9.77391, 3.13602, 0.15551], "size": [1, 2, 1], "uv": [27, 101]}
				]
			},
			{
				"name": "bone41",
				"parent": "DownArmR",
				"pivot": [-10.97391, 4.33602, 0.65551],
				"rotation": [-58, 0, -9],
				"cubes": [
					{"origin": [-11.47391, 3.13602, 0.15551], "size": [1, 2, 1], "uv": [27, 101]}
				]
			},
			{
				"name": "bone43",
				"parent": "DownArmR",
				"pivot": [-8.97391, 5.63602, 1.75551],
				"rotation": [27, 0, 0],
				"cubes": [
					{"origin": [-9.47391, 5.53602, 1.25551], "size": [1, 1, 1], "uv": [27, 101], "inflate": 0.1}
				]
			},
			{
				"name": "bone44",
				"parent": "DownArmR",
				"pivot": [-8.97391, 4.63602, 1.75551],
				"rotation": [-14, 0, 0],
				"cubes": [
					{"origin": [-9.47391, 4.53602, 1.25551], "size": [1, 1, 1], "uv": [27, 101], "inflate": 0.1}
				]
			},
			{
				"name": "ArmRight2",
				"pivot": [5, 15.5, 1],
				"cubes": [
					{"origin": [5, 14.5, -1], "size": [4, 3, 3], "uv": [32, 108], "mirror": true},
					{"origin": [5, 16, -2.01], "size": [4, 2, 1], "uv": [50, 107], "inflate": -0.1, "mirror": true},
					{"origin": [5.5, 15.5, 1.99], "size": [3, 2, 1], "uv": [50, 114], "inflate": -0.1, "mirror": true},
					{"origin": [5, 17.56569, -1.44431], "size": [5, 1, 3], "uv": [50, 110], "inflate": -0.1, "mirror": true}
				]
			},
			{
				"name": "bone16",
				"parent": "ArmRight2",
				"pivot": [11.6, 17.7, 3.3],
				"rotation": [42.5, 51, 45],
				"cubes": [
					{"origin": [10.6, 16.7, 0.3], "size": [2, 2, 6], "uv": [112, 111], "inflate": -0.3, "mirror": true}
				]
			},
			{
				"name": "bone40",
				"parent": "ArmRight2",
				"pivot": [11.6, 15, 3.2],
				"rotation": [22.5, 58.5, 35],
				"cubes": [
					{"origin": [10.6, 14, 0.2], "size": [2, 2, 6], "uv": [112, 120], "inflate": -0.3, "mirror": true}
				]
			},
			{
				"name": "bone50",
				"parent": "ArmRight2",
				"pivot": [7, 18, -1.51],
				"rotation": [-45, 0, 0],
				"cubes": [
					{"origin": [5, 17.54645, -1.82213], "size": [4, 1, 1], "uv": [50, 107], "inflate": -0.1, "mirror": true}
				]
			},
			{
				"name": "bone51",
				"parent": "ArmRight2",
				"pivot": [6.8, 15.8, -1.5],
				"rotation": [0, 0, -22],
				"cubes": [
					{"origin": [5.3, 14.8, -2], "size": [3, 2, 1], "uv": [50, 104], "inflate": -0.1, "mirror": true},
					{"origin": [5.3, 13.8, 2], "size": [2, 3, 1], "uv": [50, 117], "inflate": -0.1, "mirror": true}
				]
			},
			{
				"name": "bone52",
				"parent": "ArmRight2",
				"pivot": [6.2, 14, 0.5],
				"rotation": [0, 0, 15],
				"cubes": [
					{"origin": [4.7, 13, -1], "size": [3, 2, 3], "uv": [33, 108], "inflate": -0.2, "mirror": true}
				]
			},
			{
				"name": "bone53",
				"parent": "ArmRight2",
				"pivot": [7.8, 15.4, 0.5],
				"rotation": [24, 0, 45],
				"cubes": [
					{"origin": [7.50711, 13.75403, -0.78761], "size": [4, 2, 2], "uv": [20, 109], "mirror": true}
				]
			},
			{
				"name": "DownArmL",
				"parent": "ArmRight2",
				"pivot": [9.7, 12.5, 0.5],
				"rotation": [-17.5, -32, 5],
				"cubes": [
					{"origin": [10.87391, 5.93602, -0.04449], "size": [1, 1, 1], "uv": [44, 102], "mirror": true},
					{"origin": [8.07391, 5.63602, -1.74449], "size": [2, 6, 2], "uv": [32, 99], "mirror": true},
					{"origin": [9.37391, 11.23602, -1.94449], "size": [2, 2, 1], "uv": [50, 100], "mirror": true},
					{"origin": [10.37391, 5.63602, -1.74449], "size": [2, 6, 2], "uv": [41, 99], "mirror": true},
					{"origin": [8.77391, 5.53602, -1.24449], "size": [3, 7, 3], "uv": [20, 98], "mirror": true},
					{"origin": [9.77391, 11.53602, -0.24449], "size": [1, 2, 1], "uv": [57, 100], "mirror": true}
				]
			},
			{
				"name": "bone54",
				"parent": "DownArmL",
				"pivot": [9.27391, 4.83602, -0.74449],
				"rotation": [27, 0, 9],
				"cubes": [
					{"origin": [8.77391, 3.73602, -1.24449], "size": [1, 2, 1], "uv": [27, 101], "mirror": true}
				]
			},
			{
				"name": "bone55",
				"parent": "DownArmL",
				"pivot": [10.97391, 4.83602, -0.74449],
				"rotation": [27, 0, 9],
				"cubes": [
					{"origin": [10.47391, 3.73602, -1.24449], "size": [1, 2, 1], "uv": [27, 101], "mirror": true}
				]
			},
			{
				"name": "bone56",
				"parent": "DownArmL",
				"pivot": [9.27391, 4.33602, 0.65551],
				"rotation": [-58, 0, 9],
				"cubes": [
					{"origin": [8.77391, 3.13602, 0.15551], "size": [1, 2, 1], "uv": [27, 101], "mirror": true}
				]
			},
			{
				"name": "bone57",
				"parent": "DownArmL",
				"pivot": [10.97391, 4.33602, 0.65551],
				"rotation": [-58, 0, 9],
				"cubes": [
					{"origin": [10.47391, 3.13602, 0.15551], "size": [1, 2, 1], "uv": [27, 101], "mirror": true}
				]
			},
			{
				"name": "bone58",
				"parent": "DownArmL",
				"pivot": [8.97391, 5.63602, 1.75551],
				"rotation": [27, 0, 0],
				"cubes": [
					{"origin": [8.47391, 5.53602, 1.25551], "size": [1, 1, 1], "uv": [27, 101], "inflate": 0.1, "mirror": true}
				]
			},
			{
				"name": "bone59",
				"parent": "DownArmL",
				"pivot": [8.97391, 4.63602, 1.75551],
				"rotation": [-14, 0, 0],
				"cubes": [
					{"origin": [8.47391, 4.53602, 1.25551], "size": [1, 1, 1], "uv": [27, 101], "inflate": 0.1, "mirror": true}
				]
			}
		]
	}
}