{
  "format_version": "1.10.0",
  "geometry.model": {
    "texturewidth": 128,
    "textureheight": 128,
    "visible_bounds_width": 1,
    "visible_bounds_height": 2,
    "visible_bounds_offset": [0, 1, 0],
    "bones": [
      {
        "name": "head",
        "pivot": [0, 18, 0],
        "cubes": []
      },
      {
        "name": "eye",
        "parent": "head",
        "pivot": [0, 18, 0],
        "cubes": [
          {
            "origin": [-3, 19.5, -3.501],
            "size": [2, 2, 0],
            "uv": [0, 123]
          },
          {
            "origin": [1, 19.5, -3.501],
            "size": [2, 2, 0],
            "uv": [0, 126]
          }
        ]
      },
      {
        "name": "bone100",
        "parent": "eye",
        "pivot": [0, 18, 0],
        "rotation": [15, 0, 0],
        "cubes": [
          {
            "origin": [1, 21.62687, -2.47584],
            "size": [2, 1, 0],
            "uv": [44, 218]
          },
          {
            "origin": [-3, 21.62687, -2.47584],
            "size": [2, 1, 0],
            "uv": [44, 216]
          }
        ]
      },
      {
        "name": "blink",
        "parent": "head",
        "pivot": [0, 18, 0],
        "cubes": [
          {
            "origin": [-3, 19.5, -3.502],
            "size": [2, 2, 0],
            "uv": [123, 124]
          },
          {
            "origin": [1, 19.5, -3.502],
            "size": [2, 2, 0],
            "uv": [124, 126]
          }
        ]
      },
      {
        "name": "hairUpper",
        "parent": "head",
        "pivot": [0, 0, 0],
        "cubes": [
          {
            "origin": [-3.5, 18.5, -3.5],
            "size": [7, 7, 7],
            "uv": [56, 0]
          }
        ]
      },
      {
        "name": "ahoge",
        "parent": "head",
        "pivot": [0, 26, 0],
        "cubes": []
      },
      {
        "name": "bone2",
        "parent": "ahoge",
        "pivot": [0, 26, 0],
        "cubes": []
      },
      {
        "name": "bone3",
        "parent": "bone2",
        "pivot": [0, 26, 0],
        "rotation": [0, -90, 0],
        "cubes": [
          {
            "origin": [-7, 24.7, 0],
            "size": [9, 8, 0],
            "uv": [0, 0]
          }
        ]
      },
      {
        "name": "hair1",
        "parent": "head",
        "pivot": [0, 18, 0],
        "rotation": [-15, -20, -11],
        "cubes": [
          {
            "origin": [2.8, 16, -3.2],
            "size": [0.7, 6, 1.5],
            "uv": [37, 0]
          }
        ]
      },
      {
        "name": "hair2",
        "parent": "head",
        "pivot": [0, 18, 0],
        "rotation": [-4, -20, -1],
        "cubes": [
          {
            "origin": [2.99836, 13.9003, -3.39243],
            "size": [0.5, 4, 1],
            "uv": [28, 0]
          }
        ]
      },
      {
        "name": "hair3",
        "parent": "head",
        "pivot": [0, 18, 0],
        "rotation": [-23, 21, 6],
        "cubes": [
          {
            "origin": [-3.5, 16, -3],
            "size": [0.7, 6, 1.5],
            "uv": [34, 0]
          }
        ]
      },
      {
        "name": "hair4",
        "parent": "head",
        "pivot": [0, 18, 0],
        "rotation": [-5, 19, -1],
        "cubes": [
          {
            "origin": [-3.5, 14.2, -3.2],
            "size": [0.5, 4, 1],
            "uv": [31, 0]
          }
        ]
      },
      {
        "name": "hair5",
        "parent": "head",
        "pivot": [0, 18, 0],
        "cubes": [
          {
            "origin": [-4, 25.7, -4],
            "size": [8, 0, 8],
            "uv": [50, 64]
          },
          {
            "origin": [4, 19, -4],
            "size": [0, 6.7, 8],
            "uv": [27, 17]
          },
          {
            "origin": [-4, 19, -4],
            "size": [8, 6.7, 0],
            "uv": [0, 12]
          },
          {
            "origin": [-4, 19, -4],
            "size": [0, 6.7, 8],
            "uv": [85, 0]
          },
          {
            "origin": [-4, 19, 4],
            "size": [8, 6.7, 0],
            "uv": [112, 0]
          }
        ]
      },
      {
        "name": "hair6",
        "parent": "head",
        "pivot": [0, 18, 0],
        "rotation": [9, 0, 0],
        "cubes": [
          {
            "origin": [-4, 7, 4.6],
            "size": [8, 15, 0],
            "uv": [40, 0]
          }
        ]
      },
      {
        "name": "hair7",
        "parent": "head",
        "pivot": [0, 18, 0],
        "cubes": [
          {
            "origin": [3, 16, -4],
            "size": [1, 4, 0],
            "uv": [126, 10]
          },
          {
            "origin": [-4, 16, -4],
            "size": [1, 4, 0],
            "uv": [126, 14]
          }
        ]
      },
      {
        "name": "armRight",
        "pivot": [-3, 17.5, 0],
        "rotation": [0, 0, 25],
        "cubes": [
          {
            "origin": [-5, 9.5, -1],
            "size": [2, 7, 2],
            "uv": [96, 76]
          },
          {
            "origin": [-4, 16.5, -1],
            "size": [1, 1, 2],
            "uv": [97, 65]
          }
        ]
      },
      {
        "name": "bone50",
        "parent": "armRight",
        "pivot": [0, 0, 0],
        "rotation": [0, 0, 45],
        "cubes": [
          {
            "origin": [-15.2028, 8.13173, -1],
            "size": [1, 1.414, 2],
            "uv": [97, 69]
          }
        ]
      },
      {
        "name": "armLeft",
        "pivot": [3, 17.5, 0],
        "rotation": [0, 0, -25],
        "cubes": [
          {
            "origin": [3, 9.5, -1],
            "size": [2, 7, 2],
            "uv": [96, 76]
          },
          {
            "origin": [3, 16.5, -1],
            "size": [1, 1, 2],
            "uv": [97, 65]
          }
        ]
      },
      {
        "name": "bone49",
        "parent": "armLeft",
        "pivot": [0, 0, 0],
        "rotation": [0, 0, -45],
        "cubes": [
          {
            "origin": [14.2028, 8.13173, -1],
            "size": [1, 1.414, 2],
            "uv": [97, 69]
          }
        ]
      },
      {
        "name": "armDecorationLeft",
        "parent": "armLeft",
        "pivot": [5, 15, 0],
        "rotation": [15, 0, -20]
      },
      {
        "name": "body",
        "pivot": [0, 10.5, 0],
        "cubes": [
          {
            "origin": [-3, 10, -2.001],
            "size": [6, 9, 4],
            "uv": [0, 31]
          },
          {
            "origin": [-2, 11.5, -1.25],
            "size": [4, 8, 2.25],
            "uv": [25, 35]
          },
          {
            "origin": [-4, 8, -2.5],
            "size": [8, 2, 5.2],
            "uv": [0, 59]
          },
          {
            "origin": [-3.5, 9.5, -2.25],
            "size": [7, 2, 4.5],
            "uv": [0, 83]
          },
          {
            "origin": [-5, 6.4, -3],
            "size": [10, 2, 6],
            "uv": [0, 72]
          }
        ]
      },
      {
        "name": "bone",
        "parent": "body",
        "pivot": [-0.5, 0, 0.5],
        "rotation": [0, 0, 25]
      },
      {
        "name": "bone4",
        "parent": "body",
        "pivot": [-0.5, 0, 0.5],
        "rotation": [0, 0, -25]
      },
      {
        "name": "legLeft",
        "pivot": [2, 9, 0],
        "cubes": [
          {
            "origin": [0.5, 0, -1.5],
            "size": [3, 9, 3],
            "uv": [80, 74]
          }
        ]
      },
      {
        "name": "bone55",
        "parent": "legLeft",
        "pivot": [0, 0, 0],
        "rotation": [0, 0, -5],
        "cubes": [
          {
            "origin": [2.93868, 5.77346, -2],
            "size": [2, 2, 4],
            "uv": [48, 114]
          }
        ]
      },
      {
        "name": "bone54",
        "parent": "legLeft",
        "pivot": [0, 0, 0],
        "rotation": [0, 0, 5],
        "cubes": [
          {
            "origin": [-0.45581, 6.16566, -2],
            "size": [2, 2, 4],
            "uv": [104, 98]
          }
        ]
      },
      {
        "name": "legRight",
        "pivot": [-2, 9, 0],
        "cubes": [
          {
            "origin": [-3.5, 0, -1.5],
            "size": [3, 9, 3],
            "uv": [56, 74]
          }
        ]
      },
      {
        "name": "bone51",
        "parent": "legRight",
        "pivot": [0, 0, 0],
        "rotation": [0, 0, 5],
        "cubes": [
          {
            "origin": [-4.93868, 5.77346, -2],
            "size": [2, 2, 4],
            "uv": [24, 114]
          }
        ]
      },
      {
        "name": "bone52",
        "parent": "legRight",
        "pivot": [0, 0, 0],
        "rotation": [0, 0, -5],
        "cubes": [
          {
            "origin": [-1.54419, 6.16566, -2],
            "size": [2, 2, 4],
            "uv": [0, 114]
          }
        ]
      },
      {
        "name": "wingLeft",
        "pivot": [0, 0, 0]
      },
      {
        "name": "wingRight",
        "pivot": [0, 0, 0]
      }
    ]
  }
}