{
  "format_version": "1.10.0",
  "geometry.model": {
    "texturewidth": 128,
    "textureheight": 128,
    "visible_bounds_width": 2,
    "visible_bounds_height": 1,
    "visible_bounds_offset": [0, 0.5, 0],
    "bones": [
      {
        "name": "monitor",
        "pivot": [0, 2.5, 0.66667],
        "cubes": [
          {
            "origin": [-4, 0, -2.6],
            "size": [8, 0.3, 4],
            "uv": [13, 5]
          },
          {
            "origin": [-1, 0.27715, -0.10394],
            "size": [2, 3.9, 1],
            "uv": [32, 0]
          }
        ]
      },
      {
        "name": "support",
        "parent": "monitor",
        "pivot": [0, 4, 1],
        "rotation": [40, 0, 0],
        "cubes": [
          {
            "origin": [-1, 4.20252, 0.03425],
            "size": [2, 1.5, 1],
            "uv": [15, 0]
          }
        ]
      },
      {
        "name": "support2",
        "parent": "support",
        "pivot": [-0.5, 3, 1.16667],
        "rotation": [-40, 0, 0],
        "cubes": [
          {
            "origin": [-2, 4.2, -1.63333],
            "size": [4, 2, 1],
            "uv": [0, 0]
          }
        ]
      },
      {
        "name": "screen",
        "parent": "monitor",
        "pivot": [0, 2.5, 0.66667],
        "cubes": [
          {
            "origin": [-7, 2.6, -1.03333],
            "size": [14, 8, 0.2],
            "uv": [71, 0]
          },
          {
            "origin": [6.9, 2.6, -1.13333],
            "size": [0.2, 8.1, 0.3],
            "uv": [37, 1]
          },
          {
            "origin": [-7.1, 2.6, -1.13333],
            "size": [0.2, 8.1, 0.3],
            "uv": [32, 1]
          },
          {
            "origin": [-6.9, 2.6, -1.13333],
            "size": [13.8, 0.1, 0.1],
            "uv": [10, 3]
          },
          {
            "origin": [-6.9, 10.5, -1.13333],
            "size": [13.8, 0.2, 0.3],
            "uv": [9, 4]
          }
        ]
      },
      {
        "name": "logo",
        "parent": "monitor",
        "pivot": [0, 2.5, 0.66667]
      },
      {
        "name": "D",
        "parent": "logo",
        "pivot": [0, 2.5, 0.66667],
        "cubes": [
          {
            "origin": [1.6, 6.8, -0.83333],
            "size": [0.1, 1, 0.1],
            "uv": [27, 18]
          },
          {
            "origin": [1.1, 6.9, -0.83333],
            "size": [0.1, 0.1, 0.1],
            "uv": [28, 19]
          },
          {
            "origin": [1.2, 6.8, -0.83333],
            "size": [0.4, 0.1, 0.1],
            "uv": [27, 19]
          },
          {
            "origin": [1, 7, -0.83333],
            "size": [0.1, 0.6, 0.1],
            "uv": [28, 19]
          },
          {
            "origin": [1.1, 7.6, -0.83333],
            "size": [0.1, 0.1, 0.1],
            "uv": [28, 20]
          },
          {
            "origin": [1.2, 7.7, -0.83333],
            "size": [0.4, 0.1, 0.1],
            "uv": [27, 19]
          }
        ]
      },
      {
        "name": "E",
        "parent": "logo",
        "pivot": [0, 2.5, 0.66667],
        "cubes": [
          {
            "origin": [0.7, 6.8, -0.73333],
            "size": [0.1, 1, 0.1],
            "uv": [30, 18]
          },
          {
            "origin": [0.2, 7.6, -0.73333],
            "size": [0.6, 0.2, 0.1],
            "uv": [31, 18]
          },
          {
            "origin": [0.2, 6.8, -0.73333],
            "size": [0.6, 0.2, 0.1],
            "uv": [30, 21]
          },
          {
            "origin": [0.4, 7.2, -0.73333],
            "size": [0.3, 0.2, 0.1],
            "uv": [32, 20]
          }
        ]
      },
      {
        "name": "L",
        "parent": "logo",
        "pivot": [0, 2.5, 0.66667],
        "cubes": [
          {
            "origin": [-0.3, 6.8, -0.83333],
            "size": [0.2, 1, 0.2],
            "uv": [31, 19]
          },
          {
            "origin": [-0.9, 6.8, -0.83333],
            "size": [0.7, 0.2, 0.2],
            "uv": [31, 20]
          }
        ]
      },
      {
        "name": "L2",
        "parent": "logo",
        "pivot": [0, 2.5, 0.66667],
        "cubes": [
          {
            "origin": [-1.2, 6.8, -0.83333],
            "size": [0.2, 1, 0.2],
            "uv": [29, 21]
          },
          {
            "origin": [-1.7, 6.8, -0.83333],
            "size": [0.6, 0.2, 0.2],
            "uv": [30, 20]
          }
        ]
      }
    ]
  }
}