{
  "format_version": "1.10.0",
  "geometry.model": {
    "texturewidth": 128,
    "textureheight": 128,
    "visible_bounds_width": 2,
    "visible_bounds_height": 2,
    "visible_bounds_offset": [0, 1, 0],
    "bones": [
      {
        "name": "head",
        "pivot": [0, 18, -0.6]
      },
      {
        "name": "eye",
        "parent": "head",
        "pivot": [0, 18, -0.6],
        "cubes": [
          {
            "origin": [-3, 19.5, -4.101],
            "size": [2, 2, 0],
            "uv": [0, 123]
          },
          {
            "origin": [1, 19.5, -4.101],
            "size": [2, 2, 0],
            "uv": [0, 126]
          }
        ]
      },
      {
        "name": "bone100",
        "parent": "eye",
        "pivot": [0, 18, -0.6],
        "rotation": [15, 0, 0],
        "cubes": [
          {
            "origin": [1, 21.62687, -3.07584],
            "size": [2, 1, 0.1],
            "uv": [34, 92]
          },
          {
            "origin": [-3, 21.62687, -3.07584],
            "size": [2, 1, 0.1],
            "uv": [34, 92]
          }
        ]
      },
      {
        "name": "blink",
        "parent": "head",
        "pivot": [0, 18, -0.6],
        "cubes": [
          {
            "origin": [-3, 19.5, -4.102],
            "size": [2, 2, 0],
            "uv": [123, 124]
          },
          {
            "origin": [1, 19.5, -4.102],
            "size": [2, 2, 0],
            "uv": [124, 126]
          }
        ]
      },
      {
        "name": "hairUpper",
        "parent": "head",
        "pivot": [0, 0, -0.6],
        "cubes": [
          {
            "origin": [-3.5, 18.5, -4.1],
            "size": [7, 7, 7],
            "uv": [56, 0]
          }
        ]
      },
      {
        "name": "ahoge",
        "parent": "head",
        "pivot": [-2, 28, -2.1],
        "rotation": [0, 35, 0],
        "cubes": [
          {
            "origin": [-2, 26, -3.6],
            "size": [0, 4, 3],
            "uv": [0, 0]
          }
        ]
      },
      {
        "name": "hair5",
        "parent": "head",
        "pivot": [0, 18, -0.6],
        "cubes": [
          {
            "origin": [-4, 26, -4.6],
            "size": [8, 0, 8],
            "uv": [94, 6]
          },
          {
            "origin": [4, 19, -4.6],
            "size": [0, 7, 8],
            "uv": [86, 23]
          },
          {
            "origin": [-4, 19, -4.6],
            "size": [8, 7, 0],
            "uv": [0, 12]
          },
          {
            "origin": [-4, 19, -4.6],
            "size": [0, 7, 8],
            "uv": [86, 40]
          },
          {
            "origin": [-4, 19, 3.4],
            "size": [8, 7, 0],
            "uv": [110, 22]
          },
          {
            "origin": [-1, 22.6, 3.4],
            "size": [2, 2, 1],
            "uv": [63, 0]
          },
          {
            "origin": [-2, 22.2, 4.1],
            "size": [4, 3, 2],
            "uv": [12, 3]
          },
          {
            "origin": [-1.8, 22.5, 4.3],
            "size": [3.6, 2.5, 2],
            "uv": [12, 3]
          }
        ]
      },
      {
        "name": "hair6",
        "parent": "hair5",
        "pivot": [0.5, 22.3, 5.6],
        "rotation": [5, 0, 0],
        "cubes": [
          {
            "origin": [0, 19.3, 5.1],
            "size": [1, 3, 1],
            "uv": [29, 4]
          }
        ]
      },
      {
        "name": "6.2",
        "parent": "hair6",
        "pivot": [0.5, 19.3, 5.6],
        "rotation": [-2, 0, 0],
        "cubes": [
          {
            "origin": [0, 16.4, 5.1],
            "size": [1, 3, 1],
            "uv": [29, 4]
          }
        ]
      },
      {
        "name": "hair7",
        "parent": "hair5",
        "pivot": [-0.5, 22.3, 5.6],
        "rotation": [2, 0, 0],
        "cubes": [
          {
            "origin": [-1, 19.3, 5.1],
            "size": [1, 3, 1],
            "uv": [29, 4]
          }
        ]
      },
      {
        "name": "hair7.2",
        "parent": "hair7",
        "pivot": [-0.5, 19.3, 5.6],
        "rotation": [3, 0, 0],
        "cubes": [
          {
            "origin": [-1, 16.4, 5.1],
            "size": [1, 3, 1],
            "uv": [29, 4]
          }
        ]
      },
      {
        "name": "hair8",
        "parent": "hair5",
        "pivot": [-1.5, 22.3, 5.5],
        "rotation": [5, -9, 0],
        "cubes": [
          {
            "origin": [-1.9, 19.3, 5],
            "size": [1, 3, 1],
            "uv": [29, 4]
          }
        ]
      },
      {
        "name": "hair8.2",
        "parent": "hair8",
        "pivot": [-1.4, 19.3, 5.5],
        "rotation": [4, 0, 0],
        "cubes": [
          {
            "origin": [-1.9, 16.4, 5],
            "size": [1, 3, 1],
            "uv": [29, 4]
          }
        ]
      },
      {
        "name": "hair9",
        "parent": "hair5",
        "pivot": [1.3, 22.3, 5.5],
        "rotation": [5, 13, 0],
        "cubes": [
          {
            "origin": [0.9, 19.3, 5],
            "size": [1, 3, 1],
            "uv": [29, 4]
          }
        ]
      },
      {
        "name": "hair9.3",
        "parent": "hair9",
        "pivot": [1.4, 19.3, 5.5],
        "rotation": [-4, 0, 0],
        "cubes": [
          {
            "origin": [0.9, 16.4, 5],
            "size": [1, 3, 1],
            "uv": [29, 4]
          }
        ]
      },
      {
        "name": "bow",
        "parent": "hair5",
        "pivot": [0, 18, -0.6],
        "cubes": [
          {
            "origin": [-3, 24.5, 3.4],
            "size": [2, 2, 1],
            "uv": [21, 12]
          },
          {
            "origin": [1, 24.5, 3.4],
            "size": [2, 2, 1],
            "uv": [21, 12]
          },
          {
            "origin": [-1.5, 23.6, 3.4],
            "size": [3, 2, 1],
            "uv": [21, 15]
          }
        ]
      },
      {
        "name": "5",
        "parent": "bow",
        "pivot": [-1, 22.6, 3.9],
        "rotation": [0, 0, 10],
        "cubes": [
          {
            "origin": [-1.7, 21.6, 3.4],
            "size": [1, 2, 1],
            "uv": [22, 15]
          }
        ]
      },
      {
        "name": "4",
        "parent": "bow",
        "pivot": [1, 23.6, 3.9],
        "rotation": [0, 0, -10],
        "cubes": [
          {
            "origin": [0.5, 21.6, 3.4],
            "size": [1, 2, 1],
            "uv": [23, 15]
          }
        ]
      },
      {
        "name": "hair10",
        "parent": "head",
        "pivot": [0, 18, 0]
      },
      {
        "name": "hair10.1",
        "parent": "hair10",
        "pivot": [-0.5, 19.3, 2.9],
        "rotation": [3, 0, 0],
        "cubes": [
          {
            "origin": [-1, 15.3, 2.4],
            "size": [1, 4, 1],
            "uv": [119, 23]
          }
        ]
      },
      {
        "name": "10.1.2",
        "parent": "hair10.1",
        "pivot": [-0.5, 15.3, 2.9],
        "rotation": [5, 0, 0],
        "cubes": [
          {
            "origin": [-1, 11.4, 2.4],
            "size": [1, 4, 1],
            "uv": [119, 23]
          }
        ]
      },
      {
        "name": "10.1.2.2",
        "parent": "10.1.2",
        "pivot": [-0.5, 11.4, 2.9],
        "rotation": [-5, 0, 0],
        "cubes": [
          {
            "origin": [-1, 7.5, 2.4],
            "size": [1, 4, 1],
            "uv": [119, 23]
          }
        ]
      },
      {
        "name": "hair10.2",
        "parent": "hair10",
        "pivot": [-1.6, 19.3, 2.9],
        "rotation": [6, 0, 2],
        "cubes": [
          {
            "origin": [-2.1, 15.3, 2.4],
            "size": [1, 4, 1],
            "uv": [119, 23]
          }
        ]
      },
      {
        "name": "10.2.2",
        "parent": "hair10.2",
        "pivot": [-1.6, 15.3, 2.9],
        "rotation": [-5, 0, 0],
        "cubes": [
          {
            "origin": [-2.1, 11.4, 2.4],
            "size": [1, 4, 1],
            "uv": [119, 23]
          }
        ]
      },
      {
        "name": "10.2.2.2",
        "parent": "10.2.2",
        "pivot": [-1.6, 11.4, 2.9],
        "rotation": [6, 0, 0],
        "cubes": [
          {
            "origin": [-2.1, 7.5, 2.4],
            "size": [1, 4, 1],
            "uv": [119, 23]
          }
        ]
      },
      {
        "name": "hair10.3",
        "parent": "hair10",
        "pivot": [-2.6, 19.3, 2.9],
        "rotation": [5, -5, 5],
        "cubes": [
          {
            "origin": [-3.1, 15.3, 2.4],
            "size": [1, 4, 1],
            "uv": [119, 23]
          }
        ]
      },
      {
        "name": "10.3.2",
        "parent": "hair10.3",
        "pivot": [-2.6, 15.3, 2.9],
        "rotation": [5, 0, 0],
        "cubes": [
          {
            "origin": [-3.1, 11.4, 2.4],
            "size": [1, 4, 1],
            "uv": [119, 23]
          }
        ]
      },
      {
        "name": "10.3.2.2",
        "parent": "10.3.2",
        "pivot": [-2.6, 11.4, 2.9],
        "rotation": [-5, 0, 0],
        "cubes": [
          {
            "origin": [-3.1, 7.5, 2.4],
            "size": [1, 4, 1],
            "uv": [119, 23]
          }
        ]
      },
      {
        "name": "hair10.4",
        "parent": "hair10",
        "pivot": [0.6, 19.3, 2.9],
        "rotation": [1, 0, -2],
        "cubes": [
          {
            "origin": [0.1, 15.3, 2.4],
            "size": [1, 4, 1],
            "uv": [119, 23]
          }
        ]
      },
      {
        "name": "10.4.2",
        "parent": "hair10.4",
        "pivot": [0.6, 15.3, 2.9],
        "rotation": [3, 0, 0],
        "cubes": [
          {
            "origin": [0.1, 11.4, 2.4],
            "size": [1, 4, 1],
            "uv": [119, 23]
          }
        ]
      },
      {
        "name": "10..4.2.2",
        "parent": "10.4.2",
        "pivot": [0.6, 11.4, 2.9],
        "rotation": [-3, 0, 0],
        "cubes": [
          {
            "origin": [0.1, 7.5, 2.4],
            "size": [1, 4, 1],
            "uv": [119, 23]
          }
        ]
      },
      {
        "name": "hair10.5",
        "parent": "hair10",
        "pivot": [1.7, 19.3, 2.9],
        "rotation": [3, 0, -4],
        "cubes": [
          {
            "origin": [1.2, 15.3, 2.4],
            "size": [1, 4, 1],
            "uv": [119, 23]
          }
        ]
      },
      {
        "name": "10.5.2",
        "parent": "hair10.5",
        "pivot": [1.7, 15.3, 2.9],
        "rotation": [2, 0, 0],
        "cubes": [
          {
            "origin": [1.2, 11.4, 2.4],
            "size": [1, 4, 1],
            "uv": [119, 23]
          }
        ]
      },
      {
        "name": "10.5.2.2",
        "parent": "10.5.2",
        "pivot": [1.7, 11.4, 2.9],
        "rotation": [3, 0, 0],
        "cubes": [
          {
            "origin": [1.2, 7.5, 2.4],
            "size": [1, 4, 1],
            "uv": [119, 23]
          }
        ]
      },
      {
        "name": "hair10.8",
        "parent": "hair10",
        "pivot": [2.9, 19.3, 2.9],
        "rotation": [3, 5, -5],
        "cubes": [
          {
            "origin": [2.4, 15.3, 2.4],
            "size": [1, 4, 1],
            "uv": [119, 23]
          }
        ]
      },
      {
        "name": "10.5.4",
        "parent": "hair10.8",
        "pivot": [2.9, 15.3, 2.9],
        "rotation": [-3, 0, 0],
        "cubes": [
          {
            "origin": [2.4, 11.4, 2.4],
            "size": [1, 4, 1],
            "uv": [119, 23]
          }
        ]
      },
      {
        "name": "10.5.4.2",
        "parent": "10.5.4",
        "pivot": [2.9, 11.4, 2.9],
        "rotation": [11, 0, 0],
        "cubes": [
          {
            "origin": [2.4, 7.5, 2.4],
            "size": [1, 4, 1],
            "uv": [119, 23]
          }
        ]
      },
      {
        "name": "hair11",
        "parent": "hair10",
        "pivot": [0, 18, 0],
        "cubes": [
          {
            "origin": [3.1, 18.4, -4.7],
            "size": [1, 6, 1],
            "uv": [104, 7]
          },
          {
            "origin": [-4.1, 18.4, -4.7],
            "size": [1, 6, 1],
            "uv": [104, 7]
          }
        ]
      },
      {
        "name": "hair11.3",
        "parent": "hair11",
        "pivot": [-3.6, 18.4, -4.2],
        "rotation": [0, 0, 5],
        "cubes": [
          {
            "origin": [-4.1, 13.5, -4.7],
            "size": [1, 5, 1],
            "uv": [102, 8]
          }
        ]
      },
      {
        "name": "hair11.4",
        "parent": "hair11",
        "pivot": [3.6, 18.4, -4.2],
        "rotation": [0, 0, -5],
        "cubes": [
          {
            "origin": [3.1, 13.5, -4.7],
            "size": [1, 5, 1],
            "uv": [105, 8]
          }
        ]
      },
      {
        "name": "armRight",
        "pivot": [-3, 17.5, -0.1],
        "rotation": [0, 0, 25],
        "cubes": [
          {
            "origin": [-5, 9.5, -1.6],
            "size": [2, 7, 2],
            "uv": [96, 76]
          },
          {
            "origin": [-4.08076, 16.4, -1.6],
            "size": [1.08076, 1.01924, 2],
            "uv": [97, 65]
          }
        ]
      },
      {
        "name": "bone50",
        "parent": "armRight",
        "pivot": [0, 0, -0.1],
        "rotation": [0, 0, 45],
        "cubes": [
          {
            "origin": [-15.2028, 8.13173, -1.6],
            "size": [1.3, 1.3, 2],
            "uv": [97, 57]
          }
        ]
      },
      {
        "name": "armLeft",
        "pivot": [3, 17.5, -0.6],
        "rotation": [0, 0, -25],
        "cubes": [
          {
            "origin": [2.9, 9.5, -1.6],
            "size": [2, 7, 2],
            "uv": [96, 76]
          },
          {
            "origin": [2.9, 16.4, -1.6],
            "size": [1.1, 1, 2],
            "uv": [97, 65]
          }
        ]
      },
      {
        "name": "bone49",
        "parent": "armLeft",
        "pivot": [0, 0, -0.6],
        "rotation": [0, 0, -45],
        "cubes": [
          {
            "origin": [13.8, 8.2, -1.6],
            "size": [1.33209, 1.27523, 2],
            "uv": [97, 61]
          }
        ]
      },
      {
        "name": "armDecorationLeft",
        "parent": "armLeft",
        "pivot": [5, 15, -0.6],
        "rotation": [15, 0, -20]
      },
      {
        "name": "body",
        "pivot": [0, 10.5, 0]
      },
      {
        "name": "skirt",
        "parent": "body",
        "pivot": [0, 8.5, 0],
        "cubes": [
          {
            "origin": [-3.5, 8.5, -3],
            "size": [7, 3, 5],
            "uv": [48, 24]
          },
          {
            "origin": [-4.5, 4, -4],
            "size": [9, 5, 7],
            "uv": [49, 34]
          }
        ]
      },
      {
        "name": "bone",
        "parent": "body",
        "pivot": [0, 10.5, 0]
      },
      {
        "name": "bone4",
        "parent": "bone",
        "pivot": [0, 10.5, 0],
        "cubes": [
          {
            "origin": [-3, 10, -2.5],
            "size": [6, 9, 4],
            "uv": [0, 31]
          },
          {
            "origin": [-3, 9, -2.5],
            "size": [6, 1, 4],
            "uv": [108, 64]
          }
        ]
      },
      {
        "name": "button",
        "parent": "body",
        "pivot": [0, 10.5, 0],
        "cubes": [
          {
            "origin": [-1.9, 14.1, -2.6],
            "size": [0.8, 0.8, 1],
            "uv": [0, 48]
          },
          {
            "origin": [-1.9, 12.1, -2.6],
            "size": [0.8, 0.8, 1],
            "uv": [0, 48]
          },
          {
            "origin": [1.1, 14.1, -2.6],
            "size": [0.8, 0.8, 1],
            "uv": [0, 48]
          },
          {
            "origin": [1.1, 12.1, -2.6],
            "size": [0.8, 0.8, 1],
            "uv": [0, 48]
          }
        ]
      },
      {
        "name": "bow3",
        "parent": "body",
        "pivot": [0, 0, 0],
        "cubes": [
          {
            "origin": [-0.6, 15.5, -2.8],
            "size": [1, 1, 1.1],
            "uv": [124, 70]
          },
          {
            "origin": [0, 15.75, -2.7],
            "size": [1, 1, 0.1],
            "uv": [124, 70]
          },
          {
            "origin": [-1.2, 15.75, -2.7],
            "size": [1, 1, 0.2],
            "uv": [124, 70]
          },
          {
            "origin": [0.2, 14.85, -2.7],
            "size": [0.4, 1, 0.1],
            "uv": [124, 71]
          },
          {
            "origin": [-0.9, 14.85, -2.7],
            "size": [0.4, 1, 0.1],
            "uv": [124, 71]
          }
        ]
      },
      {
        "name": "legLeft",
        "pivot": [2, 9, -0.4],
        "cubes": [
          {
            "origin": [0.5, 0, -2],
            "size": [3, 9, 3],
            "uv": [80, 74]
          }
        ]
      },
      {
        "name": "bone55",
        "parent": "legLeft",
        "pivot": [0, 0, -0.4],
        "rotation": [0, 0, -5],
        "cubes": [
          {
            "origin": [2.6, 5, -2.5],
            "size": [1.9, 3, 4],
            "uv": [48, 114]
          }
        ]
      },
      {
        "name": "bone54",
        "parent": "legLeft",
        "pivot": [0, 0, -0.4],
        "rotation": [0, 0, 5],
        "cubes": [
          {
            "origin": [-0.5, 5.3, -2.4],
            "size": [2, 3, 4],
            "uv": [104, 98]
          }
        ]
      },
      {
        "name": "legRight",
        "pivot": [-2, 9, 0],
        "cubes": [
          {
            "origin": [-3.5, 0, -2],
            "size": [3, 9, 3],
            "uv": [56, 74]
          }
        ]
      },
      {
        "name": "bone51",
        "parent": "legRight",
        "pivot": [0, 0, 0],
        "rotation": [0, 0, 5],
        "cubes": [
          {
            "origin": [-4.5, 5, -2.5],
            "size": [2, 3, 4],
            "uv": [24, 114]
          }
        ]
      },
      {
        "name": "bone52",
        "parent": "legRight",
        "pivot": [0, 0, 0],
        "rotation": [0, 0, -5],
        "cubes": [
          {
            "origin": [-1.5, 5.3, -2.3],
            "size": [2, 3, 4],
            "uv": [0, 114]
          }
        ]
      }
    ]
  }
}