{
  "format_version": "1.10.0",
  "geometry.model": {
    "texturewidth": 64,
    "textureheight": 64,
    "visible_bounds_width": 2,
    "visible_bounds_height": 1,
    "visible_bounds_offset": [0, 0.5, 0],
    "bones": [
      {
        "name": "head",
        "pivot": [0, 10, 0],
        "cubes": [
          {
            "origin": [-3, 9, -3],
            "size": [6, 6, 6],
            "uv": [22, 6],
            "inflate": -1
          },
          {
            "origin": [-3, 9, -3],
            "size": [6, 6, 6],
            "uv": [0, 0],
            "inflate": -0.8
          }
        ]
      },
      {
        "name": "blink",
        "parent": "head",
        "pivot": [0, 0, 0],
        "cubes": [
          {
            "origin": [-3, 9, -3.001],
            "size": [6, 6, 6],
            "uv": [0, 52],
            "inflate": -1
          }
        ]
      },
      {
        "name": "helmet",
        "parent": "head",
        "pivot": [0, 0, 0],
        "cubes": [
          {
            "origin": [-3, 9, -3],
            "size": [6, 6, 6],
            "uv": [0, 20],
            "inflate": -0.75
          }
        ]
      },
      {
        "name": "bone",
        "parent": "head",
        "pivot": [-2, -1, -4.375],
        "rotation": [30, 0, 0]
      },
      {
        "name": "bone2",
        "parent": "bone",
        "pivot": [0, 8.25, 8.375],
        "rotation": [0, -20, 0],
        "cubes": [
          {
            "origin": [0, 6.75, 7.875],
            "size": [3, 3, 1],
            "uv": [16, 40]
          }
        ]
      },
      {
        "name": "bone3",
        "parent": "bone",
        "pivot": [0, 8.25, 8.375],
        "rotation": [0, 20, 0],
        "cubes": [
          {
            "origin": [-3, 6.75, 7.875],
            "size": [3, 3, 1],
            "uv": [38, 32]
          }
        ]
      },
      {
        "name": "bone4",
        "parent": "bone",
        "pivot": [0, 8, 9.125],
        "rotation": [0, 0, 45]
      },
      {
        "name": "legLeft",
        "pivot": [1, 5, 0],
        "cubes": [
          {
            "origin": [0, 0, -1],
            "size": [2, 5, 2],
            "uv": [0, 39]
          }
        ]
      },
      {
        "name": "leggingsLeft",
        "parent": "legLeft",
        "pivot": [0, 0, 0],
        "cubes": [
          {
            "origin": [0, 0, -1],
            "size": [2, 5, 2],
            "uv": [8, 39],
            "inflate": 0.1
          }
        ]
      },
      {
        "name": "body",
        "pivot": [0, 0, 0],
        "cubes": [
          {
            "origin": [-2, 6, -1.5],
            "size": [4, 4, 3],
            "uv": [0, 32]
          },
          {
            "origin": [-3, 4, -2],
            "size": [6, 2, 4],
            "uv": [18, 0]
          },
          {
            "origin": [-4, 2, -3],
            "size": [8, 2, 6],
            "uv": [0, 12]
          }
        ]
      },
      {
        "name": "bone12",
        "parent": "body",
        "pivot": [0, 6, 2],
        "rotation": [5, 0, 0]
      },
      {
        "name": "bone9",
        "parent": "bone12",
        "pivot": [0, 0, 0]
      },
      {
        "name": "bone6",
        "parent": "bone9",
        "pivot": [0, 6, 2],
        "rotation": [5, 0, 60],
        "cubes": [
          {
            "origin": [-2, 4, 2],
            "size": [2, 2, 0],
            "uv": [0, 2]
          }
        ]
      },
      {
        "name": "bone7",
        "parent": "bone6",
        "pivot": [0, 6, 2],
        "rotation": [-15, -5, 5],
        "cubes": [
          {
            "origin": [0, 6, 2],
            "size": [2, 1, 0],
            "uv": [0, 5]
          }
        ]
      },
      {
        "name": "bone8",
        "parent": "bone12",
        "pivot": [0, 0, 0]
      },
      {
        "name": "bone10",
        "parent": "bone8",
        "pivot": [0, 6, 2],
        "rotation": [5, 0, -60],
        "cubes": [
          {
            "origin": [0, 4, 2],
            "size": [2, 2, 0],
            "uv": [0, 0]
          }
        ]
      },
      {
        "name": "bone11",
        "parent": "bone10",
        "pivot": [0, 6, 2],
        "rotation": [-15, 5, -5],
        "cubes": [
          {
            "origin": [-2, 6, 2],
            "size": [2, 1, 0],
            "uv": [0, 4]
          }
        ]
      },
      {
        "name": "bone5",
        "parent": "body",
        "pivot": [0, 6, -2],
        "rotation": [-27, 0, 0],
        "cubes": [
          {
            "origin": [-3, 3, -2],
            "size": [6, 3, 0],
            "uv": [34, 0]
          }
        ]
      },
      {
        "name": "chestPlate",
        "parent": "body",
        "pivot": [0, 0, 0],
        "cubes": [
          {
            "origin": [-2, 6, -1.5],
            "size": [4, 4, 3],
            "uv": [24, 26],
            "inflate": 0.15
          }
        ]
      },
      {
        "name": "legRight",
        "pivot": [-1, 5, 0],
        "cubes": [
          {
            "origin": [-2, 0, -1],
            "size": [2, 5, 2],
            "uv": [36, 38]
          }
        ]
      },
      {
        "name": "leggingsRight",
        "parent": "legRight",
        "pivot": [0, 0, 0],
        "cubes": [
          {
            "origin": [-2, 0, -1],
            "size": [2, 5, 2],
            "uv": [38, 25],
            "inflate": 0.1
          }
        ]
      },
      {
        "name": "armLeft",
        "pivot": [2, 9, 0],
        "cubes": [
          {
            "origin": [1.75, 5.25, -1],
            "size": [2, 5, 2],
            "uv": [34, 18],
            "inflate": -0.25
          }
        ]
      },
      {
        "name": "armLeftPositioningBone",
        "parent": "armLeft",
        "pivot": [3, 7, 0]
      },
      {
        "name": "chestPlateLeft",
        "parent": "armLeft",
        "pivot": [0, 0, 0],
        "cubes": [
          {
            "origin": [1.75, 5.25, -1],
            "size": [2, 5, 2],
            "uv": [30, 33],
            "inflate": -0.2
          }
        ]
      },
      {
        "name": "armRight",
        "pivot": [-2, 9, 0],
        "cubes": [
          {
            "origin": [-3.75, 5.25, -1],
            "size": [2, 5, 2],
            "uv": [22, 33],
            "inflate": -0.25
          }
        ]
      },
      {
        "name": "armRightPositioningBone",
        "parent": "armRight",
        "pivot": [-3, 7, 0]
      },
      {
        "name": "chestPlateRight",
        "parent": "armRight",
        "pivot": [0, 0, 0],
        "cubes": [
          {
            "origin": [-3.75, 5.25, -1],
            "size": [2, 5, 2],
            "uv": [14, 32],
            "inflate": -0.2
          }
        ]
      },
      {
        "name": "backpackPositioningBone",
        "pivot": [0, 9, 0]
      }
    ]
  }
}