{
	"format_version": "1.10.0",
	"geometry.model": {
		"texturewidth": 64,
		"textureheight": 64,
		"visible_bounds_width": 2,
		"visible_bounds_height": 2,
		"visible_bounds_offset": [0, 1, 0],
		"bones": [
			{
				"name": "head",
				"pivot": [-0.064, 18, 0],
				"cubes": [
					{"origin": [-4.064, 18, -4], "size": [8, 8, 8], "uv": [0, 0]}
				]
			},
			{
				"name": "blink",
				"parent": "head",
				"pivot": [-0.064, 0, 0],
				"cubes": [
					{"origin": [-4.064, 18, -4.001], "size": [8, 8, 0], "uv": [32, 8]}
				]
			},
			{
				"name": "headleave",
				"parent": "head",
				"pivot": [2.636, 25.1, 0],
				"rotation": [0, 0, 15]
			},
			{
				"name": "headleave2",
				"parent": "head",
				"pivot": [2.636, 25.1, 0],
				"rotation": [0, 0, -45]
			},
			{
				"name": "headleave3",
				"parent": "head",
				"pivot": [5.18478, 16.8503, -2.5],
				"rotation": [0, 0, 15],
				"cubes": [
					{"origin": [2.68478, 14.7503, -4], "size": [1, 4, 1], "uv": [59, 21]}
				]
			},
			{
				"name": "headleave4",
				"parent": "head",
				"pivot": [5.18478, 16.8503, -2.5],
				"rotation": [0, 0, -15],
				"cubes": [
					{"origin": [-3.41522, 17.6503, -4], "size": [1, 4, 1], "uv": [59, 21]}
				]
			},
			{
				"name": "headleave5",
				"parent": "head",
				"pivot": [-2.41522, 15.5503, -3.5],
				"rotation": [0, 0, -25],
				"cubes": [
					{"origin": [-3.21522, 14.0503, -4], "size": [1, 3, 1], "uv": [59, 21]},
					{"origin": [-3.21522, 12.2503, -4], "size": [1, 3, 1], "uv": [59, 21]}
				]
			},
			{
				"name": "headleave6",
				"parent": "head",
				"pivot": [-2.91522, 17.6503, -3.5],
				"rotation": [0, 0, -15],
				"cubes": [
					{"origin": [1.58478, 12.5503, -4], "size": [1, 3, 1], "uv": [59, 21]}
				]
			},
			{
				"name": "headleave7",
				"parent": "head",
				"pivot": [-2.41522, 15.5503, -3.5],
				"rotation": [0, 0, 25],
				"cubes": [
					{"origin": [1.68478, 16.2503, -4], "size": [1, 3, 1], "uv": [59, 21]},
					{"origin": [1.68478, 14.2503, -4], "size": [1, 3, 1], "uv": [59, 21]}
				]
			},
			{
				"name": "headleave8",
				"parent": "head",
				"pivot": [-2.91522, 17.6503, -3.5],
				"rotation": [0, 0, 15],
				"cubes": [
					{"origin": [-2.91522, 14.0503, -4], "size": [1, 3, 1], "uv": [59, 21]}
				]
			},
			{
				"name": "headleave9",
				"parent": "head",
				"pivot": [-2.41522, 15.5503, -3.5],
				"rotation": [8, 0, 0],
				"cubes": [
					{"origin": [2.93478, 15.5503, 4.25], "size": [1, 8.9, 1], "uv": [46, 54]}
				]
			},
			{
				"name": "headleave20",
				"parent": "head",
				"pivot": [-2.41522, 15.5503, -3.5],
				"rotation": [29, 5, 10],
				"cubes": [
					{"origin": [-4.78836, 3.46955, 4.24173], "size": [1, 8.9, 1], "uv": [46, 54]}
				]
			},
			{
				"name": "headleave30",
				"parent": "head",
				"pivot": [-2.41522, 15.5503, -3.5],
				"rotation": [37, 5, -10],
				"cubes": [
					{"origin": [2.35115, 1.86939, 3.06579], "size": [1, 8.9, 1], "uv": [46, 54]}
				]
			},
			{
				"name": "headleave31",
				"parent": "head",
				"pivot": [-2.41522, 15.5503, -3.5],
				"rotation": [40, 5, -10],
				"cubes": [
					{"origin": [4.08599, 1.37859, 2.58583], "size": [1, 8.9, 1], "uv": [46, 54]}
				]
			},
			{
				"name": "headleave32",
				"parent": "head",
				"pivot": [-2.41522, 15.5503, -3.5],
				"rotation": [28, 5, 10],
				"cubes": [
					{"origin": [-6.10194, 3.81745, 3.70216], "size": [1, 8.9, 1], "uv": [46, 54]}
				]
			},
			{
				"name": "headleave24",
				"parent": "head",
				"pivot": [-2.41522, 15.5503, -3.5],
				"rotation": [39, 5, 7],
				"cubes": [
					{"origin": [-3.78505, 2.64744, 3.48737], "size": [1, 8.9, 1], "uv": [46, 54]}
				]
			},
			{
				"name": "headleave29",
				"parent": "head",
				"pivot": [-2.41522, 15.5503, -3.5],
				"rotation": [36, 5, -7],
				"cubes": [
					{"origin": [1.44917, 2.36099, 3.77553], "size": [1, 8.9, 1], "uv": [46, 54]}
				]
			},
			{
				"name": "headleave25",
				"parent": "head",
				"pivot": [-2.41522, 15.5503, -3.5],
				"rotation": [35, 5, 7],
				"cubes": [
					{"origin": [-2.86869, 2.83909, 4.18485], "size": [1, 8.9, 1], "uv": [46, 54]}
				]
			},
			{
				"name": "headleave26",
				"parent": "head",
				"pivot": [-2.41522, 15.5503, -3.5],
				"rotation": [42, 5, 4],
				"cubes": [
					{"origin": [-1.79056, 1.71785, 3.74221], "size": [1, 8.9, 1], "uv": [46, 54]}
				]
			},
			{
				"name": "headleave28",
				"parent": "head",
				"pivot": [-2.41522, 15.5503, -3.5],
				"rotation": [31, 5, -4],
				"cubes": [
					{"origin": [0.35973, 2.99185, 4.52561], "size": [1, 8.9, 1], "uv": [46, 54]}
				]
			},
			{
				"name": "headleave27",
				"parent": "head",
				"pivot": [-2.41522, 15.5503, -3.5],
				"rotation": [39, 5, 2],
				"cubes": [
					{"origin": [-0.7787, 2.05912, 4.23582], "size": [1, 8.9, 1], "uv": [46, 54]}
				]
			},
			{
				"name": "headleave22",
				"parent": "head",
				"pivot": [-6.88601, 20.90059, 5.01383],
				"rotation": [11, -11, 6],
				"cubes": [
					{"origin": [-4.95401, 17.37859, 3.39383], "size": [1, 8.9, 1], "uv": [46, 54]}
				]
			},
			{
				"name": "headleave23",
				"parent": "head",
				"pivot": [-6.88601, 20.90059, 5.01383],
				"rotation": [6, 11, -6],
				"cubes": [
					{"origin": [3.87799, 15.42659, 5.46583], "size": [1, 8.9, 1], "uv": [46, 54], "mirror": true}
				]
			},
			{
				"name": "headleave18",
				"parent": "head",
				"pivot": [-2.41522, 15.5503, -3.5],
				"rotation": [11, 0, 0],
				"cubes": [
					{"origin": [2.03478, 15.3503, 4.65], "size": [1, 8.9, 1], "uv": [46, 54]},
					{"origin": [-2.92522, 15.3503, 4.65], "size": [1, 8.9, 1], "uv": [46, 54]}
				]
			},
			{
				"name": "headleave19",
				"parent": "head",
				"pivot": [-2.41522, 15.5503, -3.5],
				"rotation": [13, 0, 0],
				"cubes": [
					{"origin": [1.03478, 14.8503, 5.05], "size": [1, 8.9, 1], "uv": [46, 54]},
					{"origin": [-1.97322, 14.8503, 5.05], "size": [1, 8.9, 1], "uv": [46, 54]},
					{"origin": [-1.97322, 14.8503, 5.05], "size": [1, 8.9, 1], "uv": [46, 54]},
					{"origin": [-3.86122, 14.8503, 5.05], "size": [1, 8.9, 1], "uv": [46, 54]}
				]
			},
			{
				"name": "headleave21",
				"parent": "head",
				"pivot": [-2.41522, 15.5503, -3.5],
				"rotation": [15, 0, 0],
				"cubes": [
					{"origin": [0.03478, 14.4663, 5.242], "size": [1, 8.9, 1], "uv": [46, 54]},
					{"origin": [-0.95722, 14.3703, 5.082], "size": [1, 8.9, 1], "uv": [46, 54]}
				]
			},
			{
				"name": "headleave16",
				"parent": "head",
				"pivot": [-2.41522, 15.5503, -3.5],
				"rotation": [20, -85, 65],
				"cubes": [
					{"origin": [-4.36522, 14.20633, 6.0158], "size": [9, 9, 3], "uv": [0, 47]},
					{"origin": [-4.36522, 14.20633, 6.0158], "size": [9, 9, 3], "uv": [0, 47]}
				]
			},
			{
				"name": "headleave51",
				"parent": "headleave16",
				"pivot": [-1.9988, 15.5503, -3.56406]
			},
			{
				"name": "headleave10",
				"parent": "headleave51",
				"pivot": [-1.9988, 15.5503, -3.56406],
				"rotation": [-45, 0, 0],
				"cubes": [
					{"origin": [-4.43305, 26.32962, -0.05558], "size": [0.776, 1.032, 1], "uv": [57, 57]}
				]
			},
			{
				"name": "headleave12",
				"parent": "headleave51",
				"pivot": [-1.9988, 15.5503, -3.56406],
				"rotation": [-90, 0, 0],
				"cubes": [
					{"origin": [-4.43305, 25.64393, -9.72795], "size": [0.776, 1.032, 1], "uv": [57, 57]},
					{"origin": [-4.43305, 27.09015, -9.72795], "size": [0.776, 1.032, 1], "uv": [57, 57]}
				]
			},
			{
				"name": "headleave11",
				"parent": "headleave51",
				"pivot": [-1.9988, 15.5503, -3.56406],
				"rotation": [45, 0, 0],
				"cubes": [
					{"origin": [-4.43305, 11.74892, 7.95436], "size": [0.776, 1.032, 1], "uv": [55, 58]},
					{"origin": [-4.43305, 10.30271, 7.95436], "size": [0.776, 1.032, 1], "uv": [55, 58]},
					{"origin": [-4.43305, 11.04492, 7.95436], "size": [0.776, 1, 1], "uv": [55, 58]}
				]
			},
			{
				"name": "headleave14",
				"parent": "headleave51",
				"pivot": [-1.9988, 15.5503, -3.56406],
				"rotation": [-45, 0, 0],
				"cubes": [
					{"origin": [-4.43305, 27.77583, -0.05558], "size": [0.776, 1.032, 1], "uv": [55, 58]}
				]
			},
			{
				"name": "headleave15",
				"parent": "headleave51",
				"pivot": [-1.9988, 15.5503, -3.56406],
				"rotation": [-45, 0, 0],
				"cubes": [
					{"origin": [-4.59187, 26.35021, -0.08004], "size": [0.776, 0.136, 1], "uv": [50, 10]},
					{"origin": [-4.59187, 28.62843, -0.08004], "size": [0.776, 0.136, 1], "uv": [50, 10]}
				]
			},
			{
				"name": "headleave34",
				"parent": "headleave51",
				"pivot": [-1.9988, 15.5503, -3.56406],
				"cubes": [
					{"origin": [-4.59187, 22.29452, 7.24331], "size": [0.776, 0.136, 1], "uv": [50, 10]},
					{"origin": [-4.59187, 20.01631, 7.24331], "size": [0.776, 0.136, 1], "uv": [50, 10]}
				]
			},
			{
				"name": "headleave17",
				"parent": "headleave51",
				"pivot": [-1.9988, 15.5503, -3.56406],
				"rotation": [-90, 0, 0],
				"cubes": [
					{"origin": [-4.59187, 25.65057, -9.73718], "size": [0.776, 0.136, 1], "uv": [50, 10]},
					{"origin": [-4.59187, 27.92878, -9.73718], "size": [0.776, 0.136, 1], "uv": [50, 10]}
				]
			},
			{
				"name": "headleave33",
				"parent": "headleave51",
				"pivot": [-1.9988, 15.5503, -3.56406],
				"rotation": [-135, 0, 0],
				"cubes": [
					{"origin": [-4.59187, 20.60543, -16.07108], "size": [0.776, 0.136, 1], "uv": [50, 10]},
					{"origin": [-4.59187, 18.32721, -16.07108], "size": [0.776, 0.136, 1], "uv": [50, 10]}
				]
			},
			{
				"name": "headleave13",
				"parent": "headleave51",
				"pivot": [-1.9988, 15.5503, -3.56406],
				"rotation": [-90, 0, 0],
				"cubes": [
					{"origin": [-4.43305, 26.38304, -10.46705], "size": [0.776, 1, 1.032], "uv": [55, 58]},
					{"origin": [-4.43305, 26.38304, -9.02084], "size": [0.776, 1, 1.032], "uv": [55, 58]}
				]
			},
			{
				"name": "headleave52",
				"parent": "headleave16",
				"pivot": [-1.88669, 15.5503, -3.56406]
			},
			{
				"name": "headleave35",
				"parent": "headleave52",
				"pivot": [-1.88669, 15.5503, -3.56406],
				"rotation": [-20, 0, 0],
				"cubes": [
					{"origin": [-4.47976, 25.16926, 5.83356], "size": [0.776, 0.296, 0.104], "uv": [50, 10]}
				]
			},
			{
				"name": "headleave37",
				"parent": "headleave52",
				"pivot": [-1.88669, 15.5503, -3.56406],
				"rotation": [20, 0, 0],
				"cubes": [
					{"origin": [-4.47976, 16.32739, 9.72514], "size": [0.776, 0.296, 0.104], "uv": [50, 10]}
				]
			},
			{
				"name": "headleave47",
				"parent": "headleave52",
				"pivot": [-1.88669, 15.5503, -3.56406],
				"rotation": [10, 0, 0],
				"cubes": [
					{"origin": [-4.47976, 18.64417, 9.21317], "size": [0.776, 0.296, 0.104], "uv": [50, 10]},
					{"origin": [-4.47976, 18.86817, 9.08517], "size": [0.776, 0.136, 0.104], "uv": [50, 10]}
				]
			},
			{
				"name": "headleave50",
				"parent": "headleave52",
				"pivot": [-1.88669, 15.5503, -3.56406],
				"rotation": [-10, 0, 0],
				"cubes": [
					{"origin": [-4.47976, 23.3658, 7.23737], "size": [0.776, 0.296, 0.104], "uv": [50, 10]},
					{"origin": [-4.47976, 23.3018, 7.10937], "size": [0.776, 0.136, 0.104], "uv": [50, 10]}
				]
			},
			{
				"name": "headleave38",
				"parent": "headleave52",
				"pivot": [-1.88669, 15.5503, -3.56406],
				"rotation": [-25, 0, 0],
				"cubes": [
					{"origin": [-4.47976, 25.27421, 5.25288], "size": [0.776, 0.296, 0.104], "uv": [50, 10]}
				]
			},
			{
				"name": "headleave43",
				"parent": "headleave52",
				"pivot": [-1.88669, 15.5503, -3.56406],
				"rotation": [25, 0, 0],
				"cubes": [
					{"origin": [-4.47976, 15.84257, 10.06153], "size": [0.776, 0.296, 0.104], "uv": [50, 10]}
				]
			},
			{
				"name": "headleave39",
				"parent": "headleave52",
				"pivot": [-1.88669, 15.5503, -3.56406],
				"rotation": [-60, 0, 0],
				"cubes": [
					{"origin": [-4.47976, 28.3365, -1.93786], "size": [0.776, 0.296, 0.104], "uv": [50, 10]}
				]
			},
			{
				"name": "headleave48",
				"parent": "headleave52",
				"pivot": [-1.88669, 15.5503, -3.56406],
				"rotation": [-50, 0, 0],
				"cubes": [
					{"origin": [-4.47976, 27.98872, 0.09318], "size": [0.776, 0.264, 0.104], "uv": [50, 10]},
					{"origin": [-4.47976, 28.14872, -0.16282], "size": [0.776, 0.104, 0.104], "uv": [50, 10]}
				]
			},
			{
				"name": "headleave49",
				"parent": "headleave52",
				"pivot": [-1.88669, 15.5503, -3.56406],
				"rotation": [50, 0, 0],
				"cubes": [
					{"origin": [-4.47976, 10.16167, 8.80942], "size": [0.776, 0.264, 0.104], "uv": [50, 10]},
					{"origin": [-4.47976, 10.16167, 8.55342], "size": [0.776, 0.104, 0.104], "uv": [50, 10]}
				]
			},
			{
				"name": "headleave44",
				"parent": "headleave52",
				"pivot": [-1.88669, 15.5503, -3.56406],
				"rotation": [60, 0, 0],
				"cubes": [
					{"origin": [-4.47976, 8.15721, 7.91598], "size": [0.776, 0.296, 0.104], "uv": [50, 10]}
				]
			},
			{
				"name": "headleave40",
				"parent": "headleave52",
				"pivot": [-1.88669, 15.5503, -3.56406],
				"rotation": [-110, 0, 0],
				"cubes": [
					{"origin": [-4.47976, 24.79541, -12.55574], "size": [0.776, 0.232, 0.104], "uv": [50, 10]},
					{"origin": [-4.47976, 24.79853, -12.35071], "size": [0.776, 0.296, 0.104], "uv": [50, 10]},
					{"origin": [-4.47976, 24.76341, -12.87574], "size": [0.776, 0.104, 0.168], "uv": [50, 10]}
				]
			},
			{
				"name": "headleave45",
				"parent": "headleave52",
				"pivot": [-1.88669, 15.5503, -3.56406],
				"rotation": [110, 0, 0],
				"cubes": [
					{"origin": [-4.47976, 2.11449, -1.65867], "size": [0.776, 0.296, 0.104], "uv": [50, 10]},
					{"origin": [-4.47976, 2.18217, -1.86738], "size": [0.776, 0.232, 0.104], "uv": [50, 10]},
					{"origin": [-4.47976, 2.33183, -2.10907], "size": [0.776, 0.12, 0.104], "uv": [50, 10]}
				]
			},
			{
				"name": "headleave42",
				"parent": "headleave52",
				"pivot": [-1.88669, 15.5503, -3.56406],
				"rotation": [-150, 0, 0],
				"cubes": [
					{"origin": [-4.47976, 16.30358, -16.25278], "size": [0.776, 0.744, 0.104], "uv": [50, 10]},
					{"origin": [-4.47976, 16.39958, -16.41906], "size": [0.776, 0.52, 0.104], "uv": [50, 10]},
					{"origin": [-4.47976, 16.49558, -16.61734], "size": [0.776, 0.232, 0.136], "uv": [50, 10]}
				]
			},
			{
				"name": "headleave46",
				"parent": "headleave52",
				"pivot": [-1.88669, 15.5503, -3.56406],
				"rotation": [150, 0, 0],
				"cubes": [
					{"origin": [-4.47976, 4.19419, -10.56078], "size": [0.776, 0.744, 0.104], "uv": [50, 10]},
					{"origin": [-4.47976, 4.32219, -10.72706], "size": [0.776, 0.52, 0.104], "uv": [50, 10]},
					{"origin": [-4.47976, 4.51419, -10.92534], "size": [0.776, 0.232, 0.136], "uv": [50, 10]}
				]
			},
			{
				"name": "headleave41",
				"parent": "headleave52",
				"pivot": [-1.88669, 15.5503, -3.56406],
				"cubes": [
					{"origin": [-4.47976, 21.1903, 7.71126], "size": [0.776, 0.104, 0.104], "uv": [50, 10]},
					{"origin": [-4.47976, 21.1903, 7.90326], "size": [0.776, 0.104, 0.104], "uv": [50, 10]},
					{"origin": [-4.47976, 21.1903, 8.09526], "size": [0.776, 0.104, 0.104], "uv": [50, 10]}
				]
			},
			{
				"name": "headleave36",
				"parent": "headleave52",
				"pivot": [-1.88669, 15.5503, -3.56406],
				"rotation": [-90, 0, 0],
				"cubes": [
					{"origin": [-4.47976, 27.48078, -9.38518], "size": [0.776, 0.584, 0.264], "uv": [50, 10]}
				]
			},
			{
				"name": "headleave53",
				"parent": "headleave16",
				"pivot": [-1.93474, 20.97973, -2.58008],
				"rotation": [-120, 0, 0]
			},
			{
				"name": "headleave54",
				"parent": "headleave53",
				"pivot": [-1.93474, 20.97973, -2.58008],
				"rotation": [-20, 0, 0],
				"cubes": [
					{"origin": [-4.52781, 27.86144, -9.8761], "size": [0.776, 0.296, 0.104], "uv": [50, 10]}
				]
			},
			{
				"name": "headleave55",
				"parent": "headleave53",
				"pivot": [-1.93474, 20.97973, -2.58008],
				"rotation": [20, 0, 0],
				"cubes": [
					{"origin": [-4.52781, 30.39043, -3.83842], "size": [0.776, 0.296, 0.104], "uv": [50, 10]}
				]
			},
			{
				"name": "headleave56",
				"parent": "headleave53",
				"pivot": [-1.93474, 20.97973, -2.58008],
				"rotation": [10, 0, 0],
				"cubes": [
					{"origin": [-4.52781, 30.0499, -5.62858], "size": [0.776, 0.296, 0.104], "uv": [50, 10]},
					{"origin": [-4.52781, 30.2739, -5.75658], "size": [0.776, 0.136, 0.104], "uv": [50, 10]}
				]
			},
			{
				"name": "headleave57",
				"parent": "headleave53",
				"pivot": [-1.93474, 20.97973, -2.58008],
				"rotation": [-10, 0, 0],
				"cubes": [
					{"origin": [-4.52781, 28.99839, -8.694], "size": [0.776, 0.296, 0.104], "uv": [50, 10]},
					{"origin": [-4.52781, 28.93439, -8.822], "size": [0.776, 0.136, 0.104], "uv": [50, 10]}
				]
			},
			{
				"name": "headleave58",
				"parent": "headleave53",
				"pivot": [-1.93474, 20.97973, -2.58008],
				"rotation": [-25, 0, 0],
				"cubes": [
					{"origin": [-4.52781, 26.52186, -10.15469], "size": [0.776, 0.296, 0.104], "uv": [50, 10]}
				]
			},
			{
				"name": "headleave59",
				"parent": "headleave53",
				"pivot": [-1.93474, 20.97973, -2.58008],
				"rotation": [25, 0, 0],
				"cubes": [
					{"origin": [-4.52781, 31.14067, -2.6942], "size": [0.776, 0.296, 0.104], "uv": [50, 10]}
				]
			},
			{
				"name": "headleave60",
				"parent": "headleave53",
				"pivot": [-1.93474, 20.97973, -2.58008],
				"rotation": [-60, 0, 0],
				"cubes": [
					{"origin": [-4.52781, 20.93861, -11.98248], "size": [0.776, 0.296, 0.104], "uv": [50, 10]}
				]
			},
			{
				"name": "headleave61",
				"parent": "headleave53",
				"pivot": [-1.93474, 20.97973, -2.58008],
				"rotation": [-50, 0, 0],
				"cubes": [
					{"origin": [-4.52781, 22.7008, -12.01133], "size": [0.776, 0.264, 0.104], "uv": [50, 10]},
					{"origin": [-4.52781, 22.8608, -12.26733], "size": [0.776, 0.104, 0.104], "uv": [50, 10]}
				]
			},
			{
				"name": "headleave62",
				"parent": "headleave53",
				"pivot": [-1.93474, 20.97973, -2.58008],
				"rotation": [50, 0, 0],
				"cubes": [
					{"origin": [-4.52781, 30.3418, 1.51167], "size": [0.776, 0.264, 0.104], "uv": [50, 10]},
					{"origin": [-4.52781, 30.3418, 1.25567], "size": [0.776, 0.104, 0.104], "uv": [50, 10]}
				]
			},
			{
				"name": "headleave63",
				"parent": "headleave53",
				"pivot": [-1.93474, 20.97973, -2.58008],
				"rotation": [60, 0, 0],
				"cubes": [
					{"origin": [-4.52781, 29.55136, 3.30548], "size": [0.776, 0.296, 0.104], "uv": [50, 10]}
				]
			},
			{
				"name": "headleave64",
				"parent": "headleave53",
				"pivot": [-1.93474, 20.97973, -2.58008],
				"rotation": [-110, 0, 0],
				"cubes": [
					{"origin": [-4.52781, 13.5312, -8.83451], "size": [0.776, 0.232, 0.104], "uv": [50, 10]},
					{"origin": [-4.52781, 13.53431, -8.62948], "size": [0.776, 0.296, 0.104], "uv": [50, 10]},
					{"origin": [-4.52781, 13.4992, -9.15451], "size": [0.776, 0.104, 0.168], "uv": [50, 10]}
				]
			},
			{
				"name": "headleave65",
				"parent": "headleave53",
				"pivot": [-1.93474, 20.97973, -2.58008],
				"rotation": [110, 0, 0],
				"cubes": [
					{"origin": [-4.52781, 22.09146, 7.95893], "size": [0.776, 0.296, 0.104], "uv": [50, 10]},
					{"origin": [-4.52781, 22.15914, 7.75022], "size": [0.776, 0.232, 0.104], "uv": [50, 10]},
					{"origin": [-4.52781, 22.3088, 7.50853], "size": [0.776, 0.12, 0.104], "uv": [50, 10]}
				]
			},
			{
				"name": "headleave66",
				"parent": "headleave53",
				"pivot": [-1.93474, 20.97973, -2.58008],
				"rotation": [-150, 0, 0],
				"cubes": [
					{"origin": [-4.52781, 10.7044, -2.44148], "size": [0.776, 0.744, 0.104], "uv": [50, 10]},
					{"origin": [-4.52781, 10.8004, -2.60776], "size": [0.776, 0.52, 0.104], "uv": [50, 10]},
					{"origin": [-4.52781, 10.8964, -2.80603], "size": [0.776, 0.232, 0.136], "uv": [50, 10]}
				]
			},
			{
				"name": "headleave67",
				"parent": "headleave53",
				"pivot": [-1.93474, 20.97973, -2.58008],
				"rotation": [150, 0, 0],
				"cubes": [
					{"origin": [-4.52781, 15.2181, 6.38791], "size": [0.776, 0.744, 0.104], "uv": [50, 10]},
					{"origin": [-4.52781, 15.3461, 6.22164], "size": [0.776, 0.52, 0.104], "uv": [50, 10]},
					{"origin": [-4.52781, 15.5381, 6.02336], "size": [0.776, 0.232, 0.136], "uv": [50, 10]}
				]
			},
			{
				"name": "headleave68",
				"parent": "headleave53",
				"pivot": [-1.93474, 20.97973, -2.58008],
				"cubes": [
					{"origin": [-4.52781, 29.75712, -7.92784], "size": [0.776, 0.104, 0.104], "uv": [50, 10]},
					{"origin": [-4.52781, 29.75712, -7.73584], "size": [0.776, 0.104, 0.104], "uv": [50, 10]},
					{"origin": [-4.52781, 29.75712, -7.54384], "size": [0.776, 0.104, 0.104], "uv": [50, 10]}
				]
			},
			{
				"name": "headleave69",
				"parent": "headleave53",
				"pivot": [-1.93474, 20.97973, -2.58008],
				"rotation": [-90, 0, 0],
				"cubes": [
					{"origin": [-4.52781, 16.28712, -11.53859], "size": [0.776, 0.47189, 0.264], "uv": [50, 10]}
				]
			},
			{
				"name": "headleave70",
				"parent": "headleave16",
				"pivot": [-1.88669, 20.91567, -2.58008],
				"rotation": [120, 0, 0]
			},
			{
				"name": "headleave71",
				"parent": "headleave70",
				"pivot": [-1.88669, 20.91567, -2.58008],
				"rotation": [-20, 0, 0],
				"cubes": [
					{"origin": [-4.48094, 11.10407, -3.28808], "size": [0.776, 0.296, 0.104], "uv": [50, 10]}
				]
			},
			{
				"name": "headleave72",
				"parent": "headleave70",
				"pivot": [-1.88669, 20.91567, -2.58008],
				"rotation": [20, 0, 0],
				"cubes": [
					{"origin": [-4.48094, 13.30385, -9.52195], "size": [0.776, 0.296, 0.104], "uv": [50, 10]}
				]
			},
			{
				"name": "headleave73",
				"parent": "headleave70",
				"pivot": [-1.88669, 20.91567, -2.58008],
				"rotation": [10, 0, 0],
				"cubes": [
					{"origin": [-4.47976, 12.2166, -8.24364], "size": [0.776, 0.296, 0.104], "uv": [50, 10]},
					{"origin": [-4.48094, 12.45899, -8.39784], "size": [0.776, 0.136, 0.104], "uv": [50, 10]}
				]
			},
			{
				"name": "headleave74",
				"parent": "headleave70",
				"pivot": [-1.88669, 20.91567, -2.58008],
				"rotation": [-10, 0, 0],
				"cubes": [
					{"origin": [-4.48094, 11.35063, -5.10482], "size": [0.776, 0.296, 0.104], "uv": [50, 10]},
					{"origin": [-4.48094, 11.28663, -5.23282], "size": [0.776, 0.136, 0.104], "uv": [50, 10]}
				]
			},
			{
				"name": "headleave75",
				"parent": "headleave70",
				"pivot": [-1.88669, 20.91567, -2.58008],
				"rotation": [-25, 0, 0],
				"cubes": [
					{"origin": [-4.48094, 10.4022, -2.13682], "size": [0.776, 0.296, 0.104], "uv": [50, 10]}
				]
			},
			{
				"name": "headleave76",
				"parent": "headleave70",
				"pivot": [-1.88669, 20.91567, -2.58008],
				"rotation": [25, 0, 0],
				"cubes": [
					{"origin": [-4.48094, 14.61421, -9.83971], "size": [0.776, 0.296, 0.104], "uv": [50, 10]}
				]
			},
			{
				"name": "headleave77",
				"parent": "headleave70",
				"pivot": [-1.88669, 20.91567, -2.58008],
				"rotation": [-60, 0, 0],
				"cubes": [
					{"origin": [-4.48094, 12.32144, 3.79449], "size": [0.776, 0.296, 0.104], "uv": [50, 10]}
				]
			},
			{
				"name": "headleave78",
				"parent": "headleave70",
				"pivot": [-1.88669, 20.91567, -2.58008],
				"rotation": [-50, 0, 0],
				"cubes": [
					{"origin": [-4.48094, 11.47392, 2.04072], "size": [0.776, 0.264, 0.104], "uv": [50, 10]},
					{"origin": [-4.48094, 11.63392, 1.78472], "size": [0.776, 0.104, 0.104], "uv": [50, 10]}
				]
			},
			{
				"name": "headleave79",
				"parent": "headleave70",
				"pivot": [-1.88669, 20.91567, -2.58008],
				"rotation": [50, 0, 0],
				"cubes": [
					{"origin": [-4.48094, 18.37757, -11.92167], "size": [0.776, 0.264, 0.104], "uv": [50, 10]},
					{"origin": [-4.48094, 18.37757, -12.17767], "size": [0.776, 0.104, 0.104], "uv": [50, 10]}
				]
			},
			{
				"name": "headleave80",
				"parent": "headleave70",
				"pivot": [-1.88669, 20.91567, -2.58008],
				"rotation": [60, 0, 0],
				"cubes": [
					{"origin": [-4.48094, 20.10059, -11.99022], "size": [0.776, 0.296, 0.104], "uv": [50, 10]}
				]
			},
			{
				"name": "headleave81",
				"parent": "headleave70",
				"pivot": [-1.88669, 20.91567, -2.58008],
				"rotation": [-110, 0, 0],
				"cubes": [
					{"origin": [-4.48094, 20.05516, 7.8588], "size": [0.776, 0.232, 0.104], "uv": [50, 10]},
					{"origin": [-4.48094, 20.05827, 8.06383], "size": [0.776, 0.296, 0.104], "uv": [50, 10]},
					{"origin": [-4.48094, 20.02316, 7.5388], "size": [0.776, 0.104, 0.168], "uv": [50, 10]}
				]
			},
			{
				"name": "headleave82",
				"parent": "headleave70",
				"pivot": [-1.88669, 20.91567, -2.58008],
				"rotation": [110, 0, 0],
				"cubes": [
					{"origin": [-4.48094, 27.71093, -9.06358], "size": [0.776, 0.296, 0.104], "uv": [50, 10]},
					{"origin": [-4.48094, 27.77861, -9.2723], "size": [0.776, 0.232, 0.104], "uv": [50, 10]},
					{"origin": [-4.48094, 27.92827, -9.51399], "size": [0.776, 0.12, 0.104], "uv": [50, 10]}
				]
			},
			{
				"name": "headleave83",
				"parent": "headleave70",
				"pivot": [-1.88669, 20.91567, -2.58008],
				"rotation": [-150, 0, 0],
				"cubes": [
					{"origin": [-4.48094, 26.41731, 6.11163], "size": [0.776, 0.744, 0.104], "uv": [50, 10]},
					{"origin": [-4.48094, 26.51331, 5.94536], "size": [0.776, 0.52, 0.104], "uv": [50, 10]},
					{"origin": [-4.48094, 26.60931, 5.74708], "size": [0.776, 0.232, 0.136], "uv": [50, 10]}
				]
			},
			{
				"name": "headleave84",
				"parent": "headleave70",
				"pivot": [-1.88669, 20.91567, -2.58008],
				"rotation": [150, 0, 0],
				"cubes": [
					{"origin": [-4.48094, 30.44973, -2.99879], "size": [0.776, 0.744, 0.104], "uv": [50, 10]},
					{"origin": [-4.48094, 30.57773, -3.16507], "size": [0.776, 0.52, 0.104], "uv": [50, 10]},
					{"origin": [-4.48094, 30.76973, -3.36334], "size": [0.776, 0.232, 0.136], "uv": [50, 10]}
				]
			},
			{
				"name": "headleave85",
				"parent": "headleave70",
				"pivot": [-1.88669, 20.91567, -2.58008],
				"cubes": [
					{"origin": [-4.48094, 11.75324, -7.44657], "size": [0.776, 0.104, 0.104], "uv": [50, 10]},
					{"origin": [-4.48094, 11.75324, -7.25457], "size": [0.776, 0.104, 0.104], "uv": [50, 10]},
					{"origin": [-4.48094, 11.75324, -7.06257], "size": [0.776, 0.104, 0.104], "uv": [50, 10]}
				]
			},
			{
				"name": "headleave86",
				"parent": "headleave70",
				"pivot": [-1.88669, 20.91567, -2.58008],
				"rotation": [-90, 0, 0],
				"cubes": [
					{"origin": [-4.48094, 16.70433, 6.40122], "size": [0.776, 0.47189, 0.264], "uv": [50, 10]}
				]
			},
			{
				"name": "head2",
				"parent": "head",
				"pivot": [0.23478, 25.6003, 0],
				"rotation": [0, 0, 45],
				"cubes": [
					{"origin": [-1.46522, 17.4003, -1.5], "size": [1, 4, 3], "uv": [56, 9]}
				]
			},
			{
				"name": "head3",
				"parent": "head",
				"pivot": [0.23478, 25.6003, 0],
				"rotation": [0, 0, -45],
				"cubes": [
					{"origin": [0.43478, 17.7003, -1.5], "size": [1, 4, 3], "uv": [56, 1]}
				]
			},
			{
				"name": "armLeft",
				"pivot": [3, 17.5, 0],
				"rotation": [0, 0, -25],
				"cubes": [
					{"origin": [3, 9.5, -1], "size": [2, 8, 2], "uv": [0, 35]}
				]
			},
			{
				"name": "armRight",
				"pivot": [-3, 17.5, 0],
				"rotation": [0, 0, 25],
				"cubes": [
					{"origin": [-5, 9.5, -1], "size": [2, 8, 2], "uv": [39, 39]},
					{"origin": [-5.65, 12.772, -1.904], "size": [3, 4, 4], "uv": [43, 23]},
					{"origin": [-5.65, 12.772, -2.16], "size": [3, 4, 4], "uv": [43, 23]}
				]
			},
			{
				"name": "armRight2",
				"parent": "armRight",
				"pivot": [-3, 17.5, 0.064],
				"rotation": [30, 0, 0],
				"cubes": [
					{"origin": [-5.688, 14.764, 0.48199], "size": [0.36, 0.872, 0.296], "uv": [51, 9]}
				]
			},
			{
				"name": "armRight3",
				"parent": "armRight2",
				"pivot": [-3, 17.5, 0.064],
				"rotation": [-122, 0, 0]
			},
			{
				"name": "bone28",
				"parent": "armRight3",
				"pivot": [-3, 17.5, 0.064]
			},
			{
				"name": "bone29",
				"parent": "bone28",
				"pivot": [-3, 17.5, 0.064],
				"cubes": [
					{"origin": [-5.688, 18.53451, 1.60483], "size": [0.36, 0.736, 0.296], "uv": [51, 9]},
					{"origin": [-5.688, 18.53451, 2.34083], "size": [0.36, 0.928, 0.296], "uv": [51, 9]},
					{"origin": [-5.688, 17.51051, 2.34083], "size": [0.36, 0.832, 0.296], "uv": [51, 9]},
					{"origin": [-5.688, 15.52664, 1.90065], "size": [0.36, 1.632, 0.296], "uv": [51, 9]}
				]
			},
			{
				"name": "armRight4",
				"parent": "armRight2",
				"pivot": [-3, 17.5, 0.064],
				"rotation": [149, 0, 0],
				"cubes": [
					{"origin": [-5.688, 18.71517, 1.10967], "size": [0.36, 2.4, 0.296], "uv": [51, 9]},
					{"origin": [-5.688, 19.80038, -0.74631], "size": [0.36, 1.28, 0.296], "uv": [51, 9]},
					{"origin": [-5.688, 19.80038, -0.13831], "size": [0.36, 0.704, 0.296], "uv": [51, 9]},
					{"origin": [-5.688, 19.06438, -1.51431], "size": [0.36, 1.856, 0.296], "uv": [51, 9]}
				]
			},
			{
				"name": "armRight5",
				"parent": "armRight2",
				"pivot": [-3, 17.5, 0.064],
				"rotation": [-165, 0, 0],
				"cubes": [
					{"origin": [-5.688, 20.41441, 1.36964], "size": [0.36, 0.576, 0.296], "uv": [51, 9]}
				]
			},
			{
				"name": "armRight6",
				"parent": "armRight2",
				"pivot": [-3, 17.5, 0.064],
				"rotation": [-165, 0, 0],
				"cubes": [
					{"origin": [-5.688, 18.67731, 0.63784], "size": [0.36, 0.832, 0.296], "uv": [51, 9]}
				]
			},
			{
				"name": "armRight7",
				"parent": "armRight2",
				"pivot": [-3, 17.5, 0.064],
				"rotation": [95, 0, 0],
				"cubes": [
					{"origin": [-5.688, 17.87639, -1.47164], "size": [0.36, 0.832, 0.296], "uv": [51, 9]}
				]
			},
			{
				"name": "armRight8",
				"parent": "armRight2",
				"pivot": [-3, 17.5, 0.064],
				"rotation": [95, 0, 0],
				"cubes": [
					{"origin": [-5.688, 18.18942, -1.89937], "size": [0.36, 0.384, 0.296], "uv": [51, 9]},
					{"origin": [-5.688, 18.87036, -2.58175], "size": [0.36, 0.48, 0.296], "uv": [51, 9]}
				]
			},
			{
				"name": "armRight9",
				"parent": "armRight2",
				"pivot": [-3, 17.5, 0.064],
				"cubes": [
					{"origin": [-5.688, 14.876, -2.15257], "size": [0.36, 1.512, 0.296], "uv": [51, 9]}
				]
			},
			{
				"name": "armRight10",
				"parent": "armRight2",
				"pivot": [-3, 17.5, 0.064],
				"rotation": [-65, 0, 0],
				"cubes": [
					{"origin": [-5.688, 13.70514, 0.08552], "size": [0.36, 1.384, 0.296], "uv": [51, 9]}
				]
			},
			{
				"name": "body",
				"pivot": [0, 10.5, 0],
				"cubes": [
					{"origin": [-3.25, 11, -2.5], "size": [6.4, 1.25, 5], "uv": [19, 27]},
					{"origin": [-3.75, 8.088, -2.724], "size": [7.5, 2.9, 5.576], "uv": [18, 16]},
					{"origin": [-2.9, 11, -2.5], "size": [5.7, 7, 5], "uv": [19, 22]}
				]
			},
			{
				"name": "collar",
				"parent": "body",
				"pivot": [0, 11.5, 0]
			},
			{
				"name": "collar2",
				"parent": "collar",
				"pivot": [-2, 18, 0],
				"rotation": [0, 0, 25],
				"cubes": [
					{"origin": [-2.18738, 17.84524, -3.125], "size": [2, 1, 1], "uv": [0, 27]}
				]
			},
			{
				"name": "collar3",
				"parent": "collar",
				"pivot": [2, 18, 0],
				"rotation": [0, 0, -25],
				"cubes": [
					{"origin": [0.18738, 17.84524, -3.125], "size": [2, 1, 1], "uv": [24, 3]}
				]
			},
			{
				"name": "suit",
				"parent": "body",
				"pivot": [0, 10.5, 0],
				"cubes": [
					{"origin": [-3.132, 13, -2.996], "size": [6, 5, 6], "uv": [0, 16]}
				]
			},
			{
				"name": "suit2",
				"parent": "suit",
				"pivot": [-3, 13, 0],
				"rotation": [0, 0, 20],
				"cubes": [
					{"origin": [-1.32176, 16.42094, -3], "size": [3, 0.85, 6], "uv": [37, 0]}
				]
			},
			{
				"name": "suit3",
				"parent": "suit",
				"pivot": [3, 13, 0],
				"rotation": [0, 0, -20],
				"cubes": [
					{"origin": [-1.96832, 16.42094, -3], "size": [3, 0.85, 6], "uv": [38, 0]}
				]
			},
			{
				"name": "skirt",
				"parent": "body",
				"pivot": [0, 0, 0]
			},
			{
				"name": "skirt2",
				"parent": "skirt",
				"pivot": [0, 12, 0],
				"cubes": [
					{"origin": [-1.2, 14.39229, -2.95915], "size": [2.3, 3, 1], "uv": [47, 31]},
					{"origin": [-1.2, 14.39229, 1.94085], "size": [2.3, 3, 1], "uv": [47, 31]}
				]
			},
			{
				"name": "skirt3",
				"parent": "skirt",
				"pivot": [0, 12, 0],
				"rotation": [0, 0, -45],
				"cubes": [
					{"origin": [0.8, 12.89229, -2.95915], "size": [1.7, 1.7, 1], "uv": [47, 31]},
					{"origin": [0.8, 12.89229, 1.94085], "size": [1.7, 1.7, 1], "uv": [47, 31]}
				]
			},
			{
				"name": "skirt4",
				"parent": "skirt",
				"pivot": [0, 12, 0],
				"cubes": [
					{"origin": [-1.3, 14.29229, -3.15915], "size": [0.1, 3.2, 0.2], "uv": [62, 44]},
					{"origin": [-1.3, 14.29229, 2.84085], "size": [0.1, 3.7, 0.2], "uv": [64, 44]},
					{"origin": [1, 14.29229, 2.84085], "size": [0.1, 3.7, 0.2], "uv": [64, 44]}
				]
			},
			{
				"name": "skirt5",
				"parent": "skirt",
				"pivot": [0, 12, 0],
				"cubes": [
					{"origin": [1, 14.39229, -3.15915], "size": [0.1, 3.2, 0.2], "uv": [62, 44]}
				]
			},
			{
				"name": "skirt6",
				"parent": "skirt",
				"pivot": [0, 12, 0],
				"rotation": [0, 0, -100],
				"cubes": [
					{"origin": [-3.8962, 8.4357, -3.55115], "size": [2, 8, 7], "uv": [25, 49]},
					{"origin": [-3.5442, 11.1237, -3.93515], "size": [1.456, 2.336, 0.632], "uv": [61, 45]},
					{"origin": [-3.4162, 11.3477, -3.99915], "size": [1.136, 1.856, 0.696], "uv": [55, 46]},
					{"origin": [-2.9682, 12.4997, -4.03115], "size": [0.208, 0.96, 0.728], "uv": [62, 45]}
				]
			},
			{
				"name": "skirt7",
				"parent": "skirt",
				"pivot": [0, 12, 0],
				"rotation": [0, 0, -155]
			},
			{
				"name": "skirt8",
				"parent": "skirt",
				"pivot": [0, 12, 0],
				"rotation": [0, 0, -10],
				"cubes": [
					{"origin": [-0.28264, 11.49077, -2.55915], "size": [0.2, 0.4, 0.2], "uv": [58, 45]}
				]
			},
			{
				"name": "bone18",
				"parent": "skirt8",
				"pivot": [0, 12, 0],
				"rotation": [0, 0, 20],
				"cubes": [
					{"origin": [-0.11736, 11.19077, -2.55915], "size": [0.2, 0.3, 0.2], "uv": [58, 45]}
				]
			},
			{
				"name": "skirt9",
				"parent": "skirt",
				"pivot": [0, 12, 0],
				"cubes": [
					{"origin": [1.5, 10.89229, -2.80915], "size": [0.6, 4.2, 0.2], "uv": [59, 43]},
					{"origin": [-2.3, 10.89229, -2.80915], "size": [0.6, 4.2, 0.2], "uv": [59, 43]},
					{"origin": [-2.3, 10.89229, 2.49085], "size": [0.6, 4.2, 0.2], "uv": [59, 43]},
					{"origin": [1.5, 10.89229, 2.69085], "size": [0.6, 4.2, 0.2], "uv": [59, 43]}
				]
			},
			{
				"name": "skirt10",
				"parent": "skirt",
				"pivot": [0, 12, 0],
				"rotation": [0, 0, 45],
				"cubes": [
					{"origin": [-0.9845, 12.69871, -3.15915], "size": [0.1, 1.7, 0.2], "uv": [62, 44]},
					{"origin": [-1, 12.79229, 2.84085], "size": [0.1, 1.7, 0.2], "uv": [64, 44]}
				]
			},
			{
				"name": "skirt11",
				"parent": "skirt",
				"pivot": [0, 12, 0],
				"rotation": [0, 0, -110],
				"cubes": [
					{"origin": [3.2, 12.19229, -3.35915], "size": [0.1, 1.6, 0.2], "uv": [62, 44]},
					{"origin": [3.2, 12.19229, 2.84085], "size": [0.1, 1.6, 0.2], "uv": [63, 44]}
				]
			},
			{
				"name": "skirt12",
				"parent": "skirt",
				"pivot": [0, 12, 0],
				"rotation": [0, 0, 110],
				"cubes": [
					{"origin": [-3.3, 11.89229, -3.16315], "size": [0.1, 1.6, 0.2], "uv": [62, 44]},
					{"origin": [-3.3, 11.89229, 2.89085], "size": [0.1, 1.6, 0.2], "uv": [64, 44]}
				]
			},
			{
				"name": "skirt13",
				"parent": "skirt",
				"pivot": [0, 12, 0],
				"rotation": [0, 0, -45],
				"cubes": [
					{"origin": [0.7, 12.89229, -3.25915], "size": [0.1, 1.6, 0.2], "uv": [62, 44]},
					{"origin": [0.7, 12.89229, 2.84085], "size": [0.1, 1.6, 0.2], "uv": [64, 44]}
				]
			},
			{
				"name": "skirt14",
				"parent": "skirt",
				"pivot": [0, 12, 0],
				"cubes": [
					{"origin": [-0.8, 16.44229, -3.05915], "size": [0.35, 0.35, 0.2], "uv": [61, 24]},
					{"origin": [0.3, 16.44229, -3.05915], "size": [0.35, 0.35, 0.2], "uv": [61, 24]},
					{"origin": [0.3, 15.64229, -3.05915], "size": [0.35, 0.35, 0.2], "uv": [61, 24]},
					{"origin": [-0.8, 15.64229, -3.05915], "size": [0.35, 0.35, 0.2], "uv": [61, 24]},
					{"origin": [-0.8, 14.84229, -3.05915], "size": [0.35, 0.35, 0.2], "uv": [61, 24]},
					{"origin": [0.3, 14.84229, -3.05915], "size": [0.35, 0.35, 0.2], "uv": [61, 24]}
				]
			},
			{
				"name": "skirt15",
				"parent": "skirt",
				"pivot": [0, 12, 0],
				"rotation": [-35, 180, 0]
			},
			{
				"name": "legLeft",
				"pivot": [2, 9, 0],
				"cubes": [
					{"origin": [0.5, 0, -1.5], "size": [3, 9, 3], "uv": [27, 34]},
					{"origin": [0.25, 6.75, -1.75], "size": [3.5, 1, 3.5], "uv": [48, 43]},
					{"origin": [0.25, 5, -1.75], "size": [3.5, 1, 3.5], "uv": [27, 54]},
					{"origin": [1.65, 4.25, -1.75], "size": [0.75, 3, 3.5], "uv": [31, 53]},
					{"origin": [1.782, 5.246, -1.95], "size": [0.45, 0.5, 0.2], "uv": [63, 44]},
					{"origin": [1.782, 6.954, -1.95], "size": [0.45, 0.5, 0.2], "uv": [63, 44]},
					{"origin": [0.25, 6.75, -1.75], "size": [3.5, 1, 3.5], "uv": [27, 54]},
					{"origin": [3.778, 4.702, -1.43], "size": [1.596, 3.4, 2.732], "uv": [48, 16]},
					{"origin": [3.77, 3.942, -1.814], "size": [1.5, 4, 3.5], "uv": [49, 43]},
					{"origin": [5.306, 4.998, -0.31], "size": [0.22, 0.512, 0.556], "uv": [51, 20]},
					{"origin": [5.242, 4.806, -1.27], "size": [0.22, 3.232, 2.412], "uv": [50, 44]}
				]
			},
			{
				"name": "legRight",
				"pivot": [-2, 9, 0],
				"cubes": [
					{"origin": [-3.5, 0, -1.5], "size": [3, 9, 3], "uv": [15, 34]},
					{"origin": [-3.75, 6.5, -1.75], "size": [3.5, 1, 3.5], "uv": [28, 54]},
					{"origin": [-2.25, 6.75, -1.95], "size": [0.45, 0.5, 0.2], "uv": [63, 44]}
				]
			},
			{
				"name": "chestPlate",
				"pivot": [0, 10.5, 0],
				"cubes": [
					{"origin": [-3.24, 16.908, -3.192], "size": [1, 1, 6.192], "uv": [55, 58]},
					{"origin": [2.57057, 17.10283, -3.288], "size": [0.488, 0.776, 2.096], "uv": [55, 58]},
					{"origin": [3.144, 17.536, -1.584], "size": [3.576, 1, 3], "uv": [48, 54]},
					{"origin": [-6.592, 17.632, -1.584], "size": [3.576, 1, 3], "uv": [52, 60], "mirror": true}
				]
			},
			{
				"name": "chestPlateMiddle2",
				"parent": "chestPlate",
				"pivot": [0, 10.5, 0],
				"rotation": [0, 0, -70],
				"cubes": [
					{"origin": [4.792, 12.204, -3.288], "size": [0.296, 1.704, 0.432], "uv": [55, 58]}
				]
			},
			{
				"name": "chestPlateMiddle4",
				"parent": "chestPlate",
				"pivot": [0, 10.5, 0],
				"rotation": [0, 0, 70],
				"cubes": [
					{"origin": [-5.0622, 12.2749, -3.288], "size": [0.296, 1.704, 0.432], "uv": [55, 58]}
				]
			},
			{
				"name": "chestPlateMiddle3",
				"parent": "chestPlate",
				"pivot": [0, 10.5, 0],
				"rotation": [0, 0, -45],
				"cubes": [
					{"origin": [2.904, 15.596, -3.256], "size": [0.296, 1.704, 0.432], "uv": [55, 58]}
				]
			},
			{
				"name": "chestPlateMiddle6",
				"parent": "chestPlate",
				"pivot": [0, 10.5, 0],
				"rotation": [0, 0, -35],
				"cubes": [
					{"origin": [1.336, 15.916, -3.256], "size": [0.296, 1.704, 0.432], "uv": [55, 58]}
				]
			},
			{
				"name": "chestPlateMiddle10",
				"parent": "chestPlate",
				"pivot": [0, 10.5, 0],
				"rotation": [0, 0, 35],
				"cubes": [
					{"origin": [-1.60009, 15.92193, -3.256], "size": [0.296, 1.704, 0.432], "uv": [55, 58]}
				]
			},
			{
				"name": "chestPlateMiddle8",
				"parent": "chestPlate",
				"pivot": [0, 10.5, 0],
				"rotation": [0, 0, -90],
				"cubes": [
					{"origin": [4.212, 9.8542, -3.256], "size": [0.296, 1.288, 0.432], "uv": [55, 58]}
				]
			},
			{
				"name": "chestPlateMiddle7",
				"parent": "chestPlate",
				"pivot": [0, 10.5, 0],
				"rotation": [0, 0, -55],
				"cubes": [
					{"origin": [3.10781, 13.42844, -3.256], "size": [0.296, 1.704, 0.432], "uv": [55, 58]}
				]
			},
			{
				"name": "chestPlateMiddle9",
				"parent": "chestPlate",
				"pivot": [0, 10.5, 0],
				"rotation": [0, 0, 55],
				"cubes": [
					{"origin": [-3.37585, 13.44492, -3.256], "size": [0.296, 1.704, 0.432], "uv": [55, 58]}
				]
			},
			{
				"name": "chestPlateMiddle5",
				"parent": "chestPlate",
				"pivot": [0, 10.5, 0],
				"rotation": [0, 0, 45],
				"cubes": [
					{"origin": [-3.14539, 15.66723, -3.288], "size": [0.296, 1.704, 0.432], "uv": [55, 58]}
				]
			},
			{
				"name": "chestPlateMiddle11",
				"parent": "chestPlate",
				"pivot": [0.152, 0.64, 0],
				"rotation": [21, -16, 3],
				"cubes": [
					{"origin": [-3.20455, 3.2814, 8.51329], "size": [1, 3.976, 0.168], "uv": [62, 45]}
				]
			},
			{
				"name": "chestPlateMiddle12",
				"parent": "chestPlate",
				"pivot": [0.152, 0.64, 0],
				"rotation": [15, -16, 3],
				"cubes": [
					{"origin": [-3.20455, 8.11978, 7.81314], "size": [1, 3.976, 0.168], "uv": [62, 45]}
				]
			},
			{
				"name": "chestPlateMiddle13",
				"parent": "chestPlate",
				"pivot": [0.152, 0.64, 0],
				"rotation": [15, -16, 3],
				"cubes": [
					{"origin": [-3.20455, 11.92778, 7.87714], "size": [1, 3.976, 0.168], "uv": [62, 45]}
				]
			},
			{
				"name": "chestPlateMiddle14",
				"parent": "chestPlate",
				"pivot": [0.152, 0.64, 0],
				"rotation": [0, 0, -90],
				"cubes": [
					{"origin": [16.312, -2.744, -3.192], "size": [1, 5.56, 1], "uv": [37, 51]}
				]
			},
			{
				"name": "chestPlateMiddle15",
				"parent": "chestPlate",
				"pivot": [0.152, 0.64, 0],
				"rotation": [0, 0, -25],
				"cubes": [
					{"origin": [9.47107, 9.2021, -3.192], "size": [1, 5.56, 1], "uv": [37, 51]},
					{"origin": [8.89507, 6.2021, -3.192], "size": [1.576, 5.56, 1], "uv": [37, 51]},
					{"origin": [9.47107, 9.2021, -3.192], "size": [1, 5.56, 1], "uv": [37, 51]},
					{"origin": [9.47107, 9.2021, -3.192], "size": [1, 5.56, 1], "uv": [37, 51]}
				]
			},
			{
				"name": "chestPlateMiddle16",
				"parent": "chestPlate",
				"pivot": [0.152, 0.64, 0],
				"cubes": [
					{"origin": [7.35781, 1.9195, -3.192], "size": [1, 2.776, 1], "uv": [37, 51]},
					{"origin": [8.25381, 1.9515, -3.192], "size": [1, 3.64, 1], "uv": [37, 51]}
				]
			},
			{
				"name": "chestPlateMiddle17",
				"parent": "chestPlate",
				"pivot": [0.152, 0.64, 0],
				"rotation": [15, -10, 0],
				"cubes": [
					{"origin": [-1.63675, 9.23169, 8.05843], "size": [2.504, 6.776, 1], "uv": [29, 51]}
				]
			},
			{
				"name": "chestPlateMiddle18",
				"parent": "chestPlate",
				"pivot": [0.152, 0.64, 0],
				"rotation": [15, -25, 0]
			},
			{
				"name": "chestPlateMiddle19",
				"parent": "chestPlate",
				"pivot": [0.152, 0.64, 0],
				"rotation": [15, -10, -75]
			},
			{
				"name": "chestPlateMiddle20",
				"parent": "chestPlate",
				"pivot": [0.152, 0.64, 0],
				"rotation": [5, -25, -25]
			},
			{
				"name": "chestPlateMiddle21",
				"parent": "chestPlate",
				"pivot": [0.152, 0.64, 0],
				"rotation": [0, -25, 0]
			},
			{
				"name": "chestPlateMiddle22",
				"parent": "chestPlate",
				"pivot": [0.152, 0.64, 0],
				"rotation": [15, -25, 0]
			},
			{
				"name": "chestPlateMiddle23",
				"parent": "chestPlate",
				"pivot": [0.152, 0.64, 0],
				"rotation": [25, -25, 0]
			},
			{
				"name": "chestPlateMiddle24",
				"parent": "chestPlate",
				"pivot": [0.152, 0.64, 0],
				"rotation": [15, -25, 0],
				"cubes": [
					{"origin": [-1.63675, 9.23169, 8.05843], "size": [2.504, 6.776, 1], "uv": [29, 51]}
				]
			},
			{
				"name": "chestPlateMiddle25",
				"parent": "chestPlate",
				"pivot": [0.152, 0.64, 0],
				"rotation": [25, 0, 0],
				"cubes": [
					{"origin": [-1.63675, 4.75219, 9.41274], "size": [1.96, 2.776, 1], "uv": [37, 51]}
				]
			},
			{
				"name": "chestPlateMiddle26",
				"parent": "chestPlate",
				"pivot": [0.152, 0.64, 0],
				"rotation": [25, -10, 0],
				"cubes": [
					{"origin": [-1.63675, 4.75219, 9.41274], "size": [1.96, 2.776, 1], "uv": [37, 51]}
				]
			},
			{
				"name": "chestPlateMiddle27",
				"parent": "chestPlate",
				"pivot": [0.152, 0.64, 0],
				"rotation": [25, -25, 0],
				"cubes": [
					{"origin": [-1.63675, 4.75219, 9.41274], "size": [1.96, 2.776, 1], "uv": [37, 51]}
				]
			},
			{
				"name": "chestPlateMiddle28",
				"parent": "chestPlate",
				"pivot": [0.152, 0.64, 0],
				"rotation": [15, 15, 0],
				"cubes": [
					{"origin": [-1.63675, 3.72187, 8.54047], "size": [1.96, 2.776, 1], "uv": [37, 51]}
				]
			},
			{
				"name": "chestPlateMiddle29",
				"parent": "chestPlate",
				"pivot": [0.152, 0.64, 0],
				"rotation": [15, 5, 0],
				"cubes": [
					{"origin": [-1.63675, 3.72187, 8.54047], "size": [1.96, 2.776, 1], "uv": [37, 51]}
				]
			},
			{
				"name": "chestPlateMiddle30",
				"parent": "chestPlate",
				"pivot": [0.152, 0.64, 0],
				"rotation": [15, -5, 0],
				"cubes": [
					{"origin": [-1.63675, 3.72187, 8.54047], "size": [1.96, 2.776, 1], "uv": [37, 51]}
				]
			},
			{
				"name": "chestPlateMiddle31",
				"parent": "chestPlate",
				"pivot": [0.152, 0.64, 0],
				"rotation": [15, -15, 0],
				"cubes": [
					{"origin": [-1.63675, 3.72187, 8.54047], "size": [1.96, 2.776, 1], "uv": [37, 51]}
				]
			},
			{
				"name": "chestPlateMiddle32",
				"parent": "chestPlate",
				"pivot": [0.152, 0.64, 0],
				"rotation": [15, -25, 0],
				"cubes": [
					{"origin": [-1.63675, 3.72187, 8.54047], "size": [1.96, 2.776, 1], "uv": [37, 51]}
				]
			},
			{
				"name": "chestPlateMiddle33",
				"parent": "chestPlate",
				"pivot": [0.152, 0.64, 0],
				"rotation": [15, -25, 0],
				"cubes": [
					{"origin": [-1.63675, 3.72187, 8.54047], "size": [1, 2.776, 1], "uv": [37, 51]}
				]
			},
			{
				"name": "chestPlateMiddle34",
				"parent": "chestPlate",
				"pivot": [0.152, 0.64, 0],
				"rotation": [180, -80, 0],
				"cubes": [
					{"origin": [7.38181, -4.80611, -2.51559], "size": [1, 2.776, 2.76], "uv": [37, 51]}
				]
			},
			{
				"name": "chestPlateMiddle35",
				"parent": "chestPlate",
				"pivot": [0.152, 0.64, 0],
				"rotation": [180, -95, 0],
				"cubes": [
					{"origin": [7.38181, -4.80611, -2.51559], "size": [1, 2.776, 2.76], "uv": [37, 51]}
				]
			},
			{
				"name": "chestPlateMiddle36",
				"parent": "chestPlate",
				"pivot": [0.152, 0.64, 0],
				"rotation": [180, -110, 0],
				"cubes": [
					{"origin": [7.38181, -4.80611, -2.51559], "size": [1, 2.776, 2.76], "uv": [37, 51]}
				]
			},
			{
				"name": "chestPlateMiddle37",
				"parent": "chestPlate",
				"pivot": [0.152, 0.64, 0],
				"rotation": [180, -110, 0],
				"cubes": [
					{"origin": [7.38181, -4.80611, -2.51559], "size": [1, 2.776, 1], "uv": [37, 51]}
				]
			},
			{
				"name": "chestPlateMiddle38",
				"parent": "chestPlate",
				"pivot": [0.152, 0.64, 0],
				"rotation": [150, -110, 0],
				"cubes": [
					{"origin": [7.38181, -2.93018, -0.84351], "size": [1, 2.776, 2.344], "uv": [33, 50]}
				]
			},
			{
				"name": "chestPlateMiddle39",
				"parent": "chestPlate",
				"pivot": [0.152, 0.64, 0],
				"rotation": [110, -110, 0],
				"cubes": [
					{"origin": [7.38181, -0.51058, -0.13568], "size": [1, 2.776, 3.56], "uv": [30, 51]}
				]
			},
			{
				"name": "chestPlateMiddle40",
				"parent": "chestPlate",
				"pivot": [0.152, 0.64, 0],
				"rotation": [90, -90, 0],
				"cubes": [
					{"origin": [7.39202, -0.78308, -0.68342], "size": [1, 2.776, 3.688], "uv": [31, 52]}
				]
			},
			{
				"name": "chestPlateMiddle41",
				"parent": "chestPlate",
				"pivot": [0.152, 0.64, 0],
				"rotation": [90, -70, 0],
				"cubes": [
					{"origin": [7.39202, -0.78308, -0.68342], "size": [1, 2.776, 4.296], "uv": [29, 51]}
				]
			},
			{
				"name": "chestPlateMiddle42",
				"parent": "chestPlate",
				"pivot": [0.152, 0.64, 0],
				"rotation": [90, -60, 0],
				"cubes": [
					{"origin": [7.39202, -0.78308, -0.68342], "size": [1, 2.776, 1], "uv": [37, 51]}
				]
			},
			{
				"name": "chestPlateMiddle43",
				"parent": "chestPlate",
				"pivot": [0.152, 0.64, 0],
				"rotation": [70, -60, 20],
				"cubes": [
					{"origin": [7.56544, 0.90257, 0.64168], "size": [1, 2.776, 4], "uv": [29, 50]}
				]
			},
			{
				"name": "chestPlateMiddle44",
				"parent": "chestPlate",
				"pivot": [0.152, 0.64, 0],
				"rotation": [80, -45, 20],
				"cubes": [
					{"origin": [7.60689, 0.63937, 1.48444], "size": [1, 2.776, 4], "uv": [29, 50]}
				]
			},
			{
				"name": "chestPlateMiddle45",
				"parent": "chestPlate",
				"pivot": [0.152, 0.64, 0],
				"rotation": [90, -40, 0],
				"cubes": [
					{"origin": [7.39202, -0.78308, -0.68342], "size": [1, 2.776, 1], "uv": [37, 51]}
				]
			},
			{
				"name": "chestPlateMiddle46",
				"parent": "chestPlate",
				"pivot": [0.152, 0.64, 0],
				"rotation": [95, -20, -25],
				"cubes": [
					{"origin": [10.86004, 1.68464, 8.68916], "size": [1, 0.312, 2.12], "uv": [32, 50]}
				]
			},
			{
				"name": "chestPlateMiddle47",
				"parent": "chestPlate",
				"pivot": [0.152, 0.64, 0],
				"rotation": [100, -20, -25],
				"cubes": [
					{"origin": [10.86004, 0.62864, 8.68916], "size": [1, 1.368, 2.984], "uv": [32, 50]}
				]
			},
			{
				"name": "chestPlateMiddle48",
				"parent": "chestPlate",
				"pivot": [0.152, 0.64, 0],
				"rotation": [121, -60, -40],
				"cubes": [
					{"origin": [9.65236, 0.98403, 5.89563], "size": [1, 2.584, 6.976], "uv": [25, 50]}
				]
			},
			{
				"name": "chestPlateMiddle49",
				"parent": "chestPlate",
				"pivot": [0.152, 0.64, 0],
				"rotation": [20, -5, -10],
				"cubes": [
					{"origin": [2.30804, 5.19065, 8.62981], "size": [3, 7.584, 0.976], "uv": [29, 50]}
				]
			},
			{
				"name": "chestPlateMiddle50",
				"parent": "chestPlate",
				"pivot": [0.152, 0.64, 0],
				"rotation": [20, -5, -10],
				"cubes": [
					{"origin": [1.89204, 6.55865, 8.78981], "size": [3, 7.584, 0.976], "uv": [31, 51]}
				]
			},
			{
				"name": "chestPlateMiddle51",
				"parent": "chestPlate",
				"pivot": [0.152, 0.64, 0],
				"rotation": [124, -60, -42],
				"cubes": [
					{"origin": [9.74836, 0.76003, 7.46363], "size": [1, 2.584, 6.976], "uv": [25, 50]}
				]
			},
			{
				"name": "chestPlateMiddle52",
				"parent": "chestPlate",
				"pivot": [0.152, 0.64, 0],
				"rotation": [114, -45, -29],
				"cubes": [
					{"origin": [10.13577, 0.03518, 8.91057], "size": [1, 3.16, 5.48], "uv": [30, 50]}
				]
			},
			{
				"name": "chestPlateMiddle53",
				"parent": "chestPlate",
				"pivot": [0.152, 0.64, 0],
				"rotation": [99, -45, -29],
				"cubes": [
					{"origin": [10.13577, 2.36202, 5.52349], "size": [1, 2.776, 3.24], "uv": [32, 50]}
				]
			},
			{
				"name": "chestPlateMiddle54",
				"parent": "chestPlate",
				"pivot": [0.152, 0.64, 0],
				"rotation": [95, -20, -25],
				"cubes": [
					{"origin": [10.86004, -0.01665, 5.3158], "size": [1, 2.776, 6.44], "uv": [27, 50]}
				]
			},
			{
				"name": "chestPlateMiddle55",
				"parent": "chestPlate",
				"pivot": [0.152, 0.64, 0],
				"rotation": [106, -45, -29],
				"cubes": [
					{"origin": [10.13577, 1.65535, 2.56649], "size": [1, 2.776, 3.464], "uv": [32, 50]}
				]
			},
			{
				"name": "chestPlateMiddle56",
				"parent": "chestPlate",
				"pivot": [0.152, 0.64, 0],
				"rotation": [100, -20, -25],
				"cubes": [
					{"origin": [10.86004, -0.48802, 2.01629], "size": [1, 2.776, 3.464], "uv": [32, 50]}
				]
			},
			{
				"name": "chestPlateMiddle57",
				"parent": "chestPlate",
				"pivot": [0.152, 0.64, 0],
				"rotation": [30, -65, -45],
				"cubes": [
					{"origin": [8.97395, 6.124, -5.58342], "size": [1, 2.776, 2.792], "uv": [32, 50]}
				]
			},
			{
				"name": "chestPlateMiddle58",
				"parent": "chestPlate",
				"pivot": [0.152, 0.64, 0],
				"rotation": [40, -70, -45],
				"cubes": [
					{"origin": [8.76498, 4.78545, -2.62045], "size": [1, 2.776, 3.624], "uv": [32, 50]}
				]
			},
			{
				"name": "chestPlateMiddle59",
				"parent": "chestPlate",
				"pivot": [0.152, 0.64, 0],
				"rotation": [40, -60, -45],
				"cubes": [
					{"origin": [9.59698, 3.66545, -3.86845], "size": [1, 2.776, 2.792], "uv": [32, 50]}
				]
			},
			{
				"name": "chestPlateMiddle60",
				"parent": "chestPlate",
				"pivot": [0.152, 0.64, 0],
				"rotation": [90, -80, 0],
				"cubes": [
					{"origin": [7.33242, 0.54047, 3.26099], "size": [1, 2.776, 3.336], "uv": [32, 50]}
				]
			},
			{
				"name": "chestPlateMiddle61",
				"parent": "chestPlate",
				"pivot": [0.152, 0.64, 0],
				"rotation": [90, -65, 0],
				"cubes": [
					{"origin": [8.06842, 1.24447, 3.26099], "size": [1, 2.776, 3.336], "uv": [32, 50]}
				]
			},
			{
				"name": "chestPlateMiddle62",
				"parent": "chestPlate",
				"pivot": [0.152, 0.64, 0],
				"rotation": [90, -45, 0],
				"cubes": [
					{"origin": [8.68688, 0.76701, 3.00499], "size": [1, 2.776, 3.496], "uv": [32, 50]}
				]
			},
			{
				"name": "chestPlateMiddle63",
				"parent": "chestPlate",
				"pivot": [0.152, 0.64, 0],
				"rotation": [90, -20, 0],
				"cubes": [
					{"origin": [9.04796, -0.7803, 2.9248], "size": [1, 2.776, 3.592], "uv": [32, 50]}
				]
			},
			{
				"name": "chestPlateMiddle64",
				"parent": "chestPlate",
				"pivot": [0.152, 0.64, 0],
				"rotation": [85, -20, 20],
				"cubes": [
					{"origin": [7.56735, -0.799, 2.05542], "size": [1, 2.776, 3.976], "uv": [32, 50]}
				]
			},
			{
				"name": "chestPlateMiddle65",
				"parent": "chestPlate",
				"pivot": [0.152, 0.64, 0],
				"rotation": [90, -20, 0],
				"cubes": [
					{"origin": [7.39202, -0.78308, -0.68342], "size": [1, 2.776, 1], "uv": [37, 51]}
				]
			},
			{
				"name": "chestPlateMiddle66",
				"parent": "chestPlate",
				"pivot": [0.152, 0.64, 0],
				"rotation": [90, 0, 0],
				"cubes": [
					{"origin": [7.35781, -0.90693, -0.68342], "size": [1.672, 2.776, 1], "uv": [37, 51]}
				]
			},
			{
				"name": "chestPlateMiddle67",
				"parent": "chestPlate",
				"pivot": [0.152, 0.64, 0],
				"rotation": [45, -15, -10]
			},
			{
				"name": "chestPlateMiddle68",
				"parent": "chestPlate",
				"pivot": [0.152, 0.64, 0],
				"rotation": [45, 0, 0],
				"cubes": [
					{"origin": [7.35781, 1.02583, -1.35234], "size": [1, 2.776, 1], "uv": [37, 51]},
					{"origin": [8.18981, 1.02583, -1.35234], "size": [1, 2.776, 1], "uv": [37, 51]}
				]
			},
			{
				"name": "chestPlateMiddle69",
				"parent": "chestPlate",
				"pivot": [0.152, 0.64, 0],
				"rotation": [0, 0, -25],
				"cubes": [
					{"origin": [8.30292, 0.84761, -3.192], "size": [2, 5.56, 1], "uv": [37, 51]}
				]
			},
			{
				"name": "chestPlateMiddle70",
				"parent": "chestPlate",
				"pivot": [0.152, 0.64, 0],
				"rotation": [0, -15, -25],
				"cubes": [
					{"origin": [9.18402, 7.9541, -5.70339], "size": [1, 5.56, 1], "uv": [37, 51]},
					{"origin": [9.02402, 2.5141, -5.76739], "size": [1.16, 11, 0], "uv": [37, 51]},
					{"origin": [10.11202, 2.3861, -5.70339], "size": [1, 11.128, 1], "uv": [37, 51]}
				]
			},
			{
				"name": "chestPlateMiddle71",
				"parent": "chestPlate",
				"pivot": [0.152, 0.64, 0],
				"rotation": [0, 0, -25],
				"cubes": [
					{"origin": [8.54307, 9.2021, -3.192], "size": [1, 5.56, 1], "uv": [37, 51]},
					{"origin": [7.87107, 9.2021, -3.192], "size": [1, 5.56, 1], "uv": [37, 51]},
					{"origin": [7.55107, 9.7781, -3.192], "size": [1, 5.56, 1], "uv": [37, 51]}
				]
			},
			{
				"name": "chestPlateMiddle72",
				"parent": "chestPlate",
				"pivot": [16.812, -5.524, -2.692],
				"rotation": [-65, 0, -90],
				"cubes": [
					{"origin": [25.77656, 0.67486, -7.91398], "size": [3.848, 1.08, 1], "uv": [25, 52]}
				]
			},
			{
				"name": "chestPlateMiddle73",
				"parent": "chestPlate",
				"pivot": [16.812, -5.524, -2.692],
				"rotation": [-65, 0, -70],
				"cubes": [
					{"origin": [19.18321, 1.80634, -10.34045], "size": [3.848, 1.08, 1], "uv": [25, 52]}
				]
			},
			{
				"name": "chestPlateMiddle74",
				"parent": "chestPlate",
				"pivot": [16.812, -5.524, -2.692],
				"rotation": [-60, 0, -115],
				"cubes": [
					{"origin": [31.05239, -1.90701, -2.09724], "size": [8.84, 1.08, 1], "uv": [25, 53]}
				]
			},
			{
				"name": "chestPlateMiddle75",
				"parent": "chestPlate",
				"pivot": [16.812, -5.524, -2.692],
				"rotation": [-60, 0, -90],
				"cubes": [
					{"origin": [35.40638, 2.92696, -10.46991], "size": [4.648, 1.08, 0.968], "uv": [27, 53]}
				]
			},
			{
				"name": "chestPlateMiddle76",
				"parent": "chestPlate",
				"pivot": [16.812, -5.524, -2.692],
				"rotation": [60, 0, -90],
				"cubes": [
					{"origin": [32.33438, -1.28355, 6.6277], "size": [7.336, 1.08, 1], "uv": [37, 51]},
					{"origin": [38.67038, -1.47555, 6.6597], "size": [1, 1.08, 1], "uv": [37, 51]},
					{"origin": [37.93438, -1.28355, 6.6277], "size": [1, 1.08, 1], "uv": [37, 51]},
					{"origin": [31.84638, -1.57155, 6.0517], "size": [5.48, 1.08, 1], "uv": [37, 51]}
				]
			},
			{
				"name": "chestPlateMiddle77",
				"parent": "chestPlate",
				"pivot": [16.812, -5.524, -2.692],
				"rotation": [15, 0, 90],
				"cubes": [
					{"origin": [-6.70726, -22.52902, -1.25336], "size": [1.224, 2.776, 1.608], "uv": [37, 51]}
				]
			},
			{
				"name": "chestPlateMiddle78",
				"parent": "chestPlate",
				"pivot": [16.812, -5.524, -2.692],
				"rotation": [0, 0, 90]
			},
			{
				"name": "bone31",
				"parent": "chestPlateMiddle78",
				"pivot": [16.812, -5.524, -2.692],
				"cubes": [
					{"origin": [-6.48326, -25.33666, 2.93143], "size": [1, 0.888, 1], "uv": [37, 51]}
				]
			},
			{
				"name": "chestPlateMiddle79",
				"parent": "chestPlate",
				"pivot": [16.812, -5.524, -2.692],
				"rotation": [-25, 0, 90],
				"cubes": [
					{"origin": [-6.48326, -20.27516, 10.49472], "size": [2.056, 0.888, 1], "uv": [37, 51]}
				]
			},
			{
				"name": "chestPlateMiddle80",
				"parent": "chestPlate",
				"pivot": [16.812, -5.524, -2.692],
				"rotation": [5, 0, 90],
				"cubes": [
					{"origin": [-6.67526, -24.62321, 1.66248], "size": [1.16, 2.776, 1.032], "uv": [26, 51]}
				]
			},
			{
				"name": "chestPlateMiddle81",
				"parent": "chestPlate",
				"pivot": [16.812, -5.524, -2.692],
				"rotation": [25, 0, 100],
				"cubes": [
					{"origin": [-3.8523, -23.44594, -5.38663], "size": [1, 2.776, 1], "uv": [37, 51]},
					{"origin": [-3.8523, -23.44594, -6.37863], "size": [1, 2.776, 1], "uv": [37, 51]}
				]
			},
			{
				"name": "chestPlateMiddle82",
				"parent": "chestPlate",
				"pivot": [16.812, -5.524, -2.692],
				"rotation": [25, -35, 90]
			},
			{
				"name": "chestPlateMiddle83",
				"parent": "chestPlate",
				"pivot": [16.812, -5.524, -2.692],
				"rotation": [25, 0, 100],
				"cubes": [
					{"origin": [-4.0443, -23.44594, -5.38663], "size": [2.568, 2.904, 1], "uv": [37, 51]},
					{"origin": [-3.8523, -23.44594, -6.37863], "size": [1, 2.776, 1], "uv": [37, 51]}
				]
			},
			{
				"name": "chestPlateMiddle84",
				"parent": "chestPlate",
				"pivot": [16.812, -5.524, -2.692],
				"rotation": [15, 0, -80],
				"cubes": [
					{"origin": [36.4763, 8.37038, 1.25718], "size": [1, 2.776, 1], "uv": [37, 51]},
					{"origin": [36.4763, 8.37038, 1.83318], "size": [1, 2.776, 1], "uv": [37, 51]},
					{"origin": [36.4763, 8.37038, 1.12918], "size": [1, 2.776, 1], "uv": [37, 51]},
					{"origin": [35.7083, 8.37038, 1.12918], "size": [1, 2.776, 1], "uv": [37, 51]},
					{"origin": [34.9083, 8.37038, 1.12918], "size": [1, 2.776, 1], "uv": [37, 51]},
					{"origin": [33.9083, 8.37038, 1.12918], "size": [1, 2.776, 1], "uv": [37, 51]}
				]
			},
			{
				"name": "chestPlateMiddle85",
				"parent": "chestPlate",
				"pivot": [16.812, -5.524, -2.692],
				"rotation": [90, 0, -70],
				"cubes": [
					{"origin": [20.54839, -9.41093, 6.49533], "size": [2.664, 3.448, 1], "uv": [27, 50]}
				]
			},
			{
				"name": "chestPlateMiddle86",
				"parent": "chestPlate",
				"pivot": [16.812, -5.524, -2.692],
				"rotation": [25, 0, -90],
				"cubes": [
					{"origin": [24.16439, 0.98907, 0.41533], "size": [5.448, 1.24, 1], "uv": [27, 50]}
				]
			},
			{
				"name": "chestPlateMiddle87",
				"parent": "chestPlate",
				"pivot": [16.812, -5.524, -2.692],
				"rotation": [90, 0, -70],
				"cubes": [
					{"origin": [19.30039, -9.34693, 6.49533], "size": [3.912, 2.36, 1], "uv": [27, 50]}
				]
			},
			{
				"name": "chestPlateMiddle88",
				"parent": "chestPlate",
				"pivot": [16.812, -5.524, -2.692],
				"rotation": [90, 0, -90],
				"cubes": [
					{"origin": [25.71256, -9.35779, 3.75417], "size": [3.912, 3.768, 1], "uv": [27, 50]}
				]
			},
			{
				"name": "chestPlateMiddle89",
				"parent": "chestPlate",
				"pivot": [16.812, -5.524, -2.692],
				"rotation": [90, 0, -115],
				"cubes": [
					{"origin": [31.14839, -9.45379, -2.26461], "size": [7.816, 3.864, 1], "uv": [27, 50]}
				]
			},
			{
				"name": "chestPlateMiddle92",
				"parent": "chestPlate",
				"pivot": [16.812, -5.524, -2.692],
				"rotation": [90, 0, -115],
				"cubes": [
					{"origin": [31.14839, -9.45379, -2.26461], "size": [7.816, 3.864, 1], "uv": [27, 50]}
				]
			},
			{
				"name": "chestPlateMiddle90",
				"parent": "chestPlate",
				"pivot": [16.812, -5.524, -2.692],
				"rotation": [90, 0, -105],
				"cubes": [
					{"origin": [38.55363, -9.45379, 1.57562], "size": [1, 2.776, 1], "uv": [37, 51]}
				]
			},
			{
				"name": "chestPlateMiddle91",
				"parent": "chestPlate",
				"pivot": [16.812, -5.524, -2.692],
				"rotation": [90, 0, -95],
				"cubes": [
					{"origin": [38.46707, -9.45379, 5.45983], "size": [1, 2.776, 1], "uv": [37, 51]}
				]
			},
			{
				"name": "chestPlateMiddle93",
				"parent": "chestPlate",
				"pivot": [16.812, -5.524, -2.692],
				"rotation": [90, 0, -90],
				"cubes": [
					{"origin": [38.67038, -9.45379, 7.40333], "size": [1, 2.776, 1], "uv": [37, 51]}
				]
			},
			{
				"name": "chestPlateMiddle94",
				"parent": "chestPlate",
				"pivot": [0.152, 0.64, 0],
				"rotation": [0, 0, -45],
				"cubes": [
					{"origin": [9.784, 3.272, -3.192], "size": [1, 11, 1], "uv": [37, 51]},
					{"origin": [9.752, 8.936, -3.224], "size": [0.232, 5.176, 1], "uv": [62, 42]},
					{"origin": [9.752, 4.52, -3.224], "size": [0.232, 5.176, 1], "uv": [62, 42]},
					{"origin": [9.72, 3.304, -3.224], "size": [0.232, 5.176, 1], "uv": [62, 42]},
					{"origin": [11.032, 3.8, -3.192], "size": [1, 9, 1], "uv": [37, 51]},
					{"origin": [11.192, 0.232, -2.648], "size": [1, 12.696, 1], "uv": [37, 51]},
					{"origin": [9.784, -2.264, -2.584], "size": [1, 14.648, 1], "uv": [37, 51]},
					{"origin": [10.392, 2.664, -3.192], "size": [1, 11, 1], "uv": [37, 51]}
				]
			},
			{
				"name": "chestPlateMiddle95",
				"parent": "chestPlateMiddle94",
				"pivot": [0.152, 0.64, 0],
				"rotation": [45, 0, 45],
				"cubes": [
					{"origin": [7.15339, 0.98646, -1.37297], "size": [0.232, 2.84, 1], "uv": [62, 42]}
				]
			},
			{
				"name": "chestPlateMiddle96",
				"parent": "chestPlateMiddle94",
				"pivot": [0.152, 0.64, 0],
				"rotation": [90, 0, 45],
				"cubes": [
					{"origin": [7.15339, -0.98418, -0.72585], "size": [0.232, 2.84, 1], "uv": [62, 42]}
				]
			},
			{
				"name": "chestPlateMiddle97",
				"parent": "chestPlateMiddle94",
				"pivot": [0.152, 0.64, 0],
				"rotation": [90, -20, 45],
				"cubes": [
					{"origin": [7.15339, -0.98418, -0.72585], "size": [0.232, 2.84, 1], "uv": [62, 42]}
				]
			},
			{
				"name": "chestPlateMiddle98",
				"parent": "chestPlateMiddle94",
				"pivot": [0.152, 0.64, 0],
				"rotation": [90, -40, 45],
				"cubes": [
					{"origin": [7.15339, -0.98418, -0.72585], "size": [0.232, 2.84, 1], "uv": [62, 42]}
				]
			},
			{
				"name": "chestPlateMiddle99",
				"parent": "chestPlateMiddle94",
				"pivot": [0.152, 0.64, 0],
				"rotation": [90, -80, 45],
				"cubes": [
					{"origin": [7.15339, -0.98418, -0.72585], "size": [0.232, 2.84, 1], "uv": [62, 42]}
				]
			},
			{
				"name": "chestPlateMiddle100",
				"parent": "chestPlateMiddle94",
				"pivot": [0.152, 0.64, 0],
				"rotation": [110, -105, 45],
				"cubes": [
					{"origin": [7.18382, -1.09851, -0.20553], "size": [0.232, 3.384, 1.032], "uv": [62, 42]}
				]
			},
			{
				"name": "chestPlateMiddle101",
				"parent": "chestPlateMiddle94",
				"pivot": [0.152, 0.64, 0],
				"rotation": [150, -115, 45],
				"cubes": [
					{"origin": [7.37288, -2.853, -0.24452], "size": [0.232, 2.936, 1.032], "uv": [62, 42]}
				]
			},
			{
				"name": "chestPlateMiddle102",
				"parent": "chestPlateMiddle94",
				"pivot": [0.152, 0.64, 0],
				"rotation": [180, -120, 45],
				"cubes": [
					{"origin": [7.51608, -5.19876, -1.32147], "size": [0.232, 2.936, 1.032], "uv": [62, 42]}
				]
			},
			{
				"name": "chestPlateMiddle103",
				"parent": "chestPlateMiddle94",
				"pivot": [0.152, 0.64, 0],
				"rotation": [90, -65, 45],
				"cubes": [
					{"origin": [7.18382, -0.7131, -0.72585], "size": [0.232, 2.84, 1], "uv": [62, 42]}
				]
			},
			{
				"name": "chestPlateMiddle104",
				"parent": "chestPlateMiddle94",
				"pivot": [0.152, 0.64, 0],
				"rotation": [0, 0, 45],
				"cubes": [
					{"origin": [7.15339, 1.92233, -3.224], "size": [0.232, 2.84, 1], "uv": [62, 42]}
				]
			},
			{
				"name": "chestPlateMiddle106",
				"parent": "chestPlateMiddle94",
				"pivot": [0.152, 0.64, 0],
				"rotation": [0, 0, 20],
				"cubes": [
					{"origin": [8.21785, 1.31914, -3.224], "size": [0.232, 5.176, 1], "uv": [62, 42]}
				]
			},
			{
				"name": "chestPlateMiddle105",
				"parent": "chestPlate",
				"pivot": [0.152, 0.64, 0],
				"cubes": [
					{"origin": [3.184, 17.184, 1.312], "size": [0.16, 1, 0.2], "uv": [50, 57]},
					{"origin": [3.408, 17.184, 1.312], "size": [0.16, 1, 0.2], "uv": [50, 57]},
					{"origin": [3.64, 17.184, 1.312], "size": [0.16, 1, 0.2], "uv": [50, 57]},
					{"origin": [3.896, 17.184, 1.312], "size": [0.16, 1, 0.2], "uv": [50, 57]},
					{"origin": [4.152, 17.184, 1.312], "size": [0.16, 1, 0.2], "uv": [50, 57]},
					{"origin": [4.408, 17.184, 1.312], "size": [0.16, 1, 0.2], "uv": [50, 57]},
					{"origin": [4.664, 17.184, 1.312], "size": [0.16, 1, 0.2], "uv": [50, 57]},
					{"origin": [4.952, 17.184, 1.312], "size": [0.16, 1, 0.2], "uv": [50, 57]},
					{"origin": [5.208, 17.184, 1.312], "size": [0.16, 1, 0.2], "uv": [50, 57]},
					{"origin": [5.464, 17.184, 1.312], "size": [0.16, 1, 0.2], "uv": [50, 57]},
					{"origin": [5.72, 17.184, 1.312], "size": [0.16, 1, 0.2], "uv": [50, 57]},
					{"origin": [5.976, 17.184, 1.312], "size": [0.16, 1, 0.2], "uv": [50, 57]},
					{"origin": [6.232, 17.184, 1.312], "size": [0.16, 1, 0.2], "uv": [50, 57]},
					{"origin": [6.488, 17.184, 1.312], "size": [0.16, 1, 0.2], "uv": [50, 57]},
					{"origin": [6.648, 17.184, 1.12], "size": [0.16, 1, 0.2], "uv": [50, 57]}
				]
			},
			{
				"name": "chestPlateMiddle107",
				"parent": "chestPlate",
				"pivot": [0.152, 0.64, 0],
				"cubes": [
					{"origin": [3.184, 17.184, -1.632], "size": [0.16, 1, 0.2], "uv": [61, 60]},
					{"origin": [3.408, 17.184, -1.632], "size": [0.16, 1, 0.2], "uv": [61, 60]},
					{"origin": [3.64, 17.184, -1.632], "size": [0.16, 1, 0.2], "uv": [61, 60]},
					{"origin": [3.896, 17.184, -1.632], "size": [0.16, 1, 0.2], "uv": [61, 60]},
					{"origin": [4.152, 17.184, -1.632], "size": [0.16, 1, 0.2], "uv": [61, 60]},
					{"origin": [4.408, 17.184, -1.632], "size": [0.16, 1, 0.2], "uv": [61, 60]},
					{"origin": [4.664, 17.184, -1.632], "size": [0.16, 1, 0.2], "uv": [61, 60]},
					{"origin": [4.952, 17.184, -1.632], "size": [0.16, 1, 0.2], "uv": [61, 60]},
					{"origin": [5.208, 17.184, -1.632], "size": [0.16, 1, 0.2], "uv": [61, 60]},
					{"origin": [5.464, 17.184, -1.632], "size": [0.16, 1, 0.2], "uv": [61, 60]},
					{"origin": [5.72, 17.184, -1.632], "size": [0.16, 1, 0.2], "uv": [61, 60]},
					{"origin": [5.976, 17.184, -1.632], "size": [0.16, 1, 0.2], "uv": [61, 60]},
					{"origin": [6.232, 17.184, -1.632], "size": [0.16, 1, 0.2], "uv": [61, 60]},
					{"origin": [6.488, 17.184, -1.632], "size": [0.16, 1, 0.2], "uv": [61, 60]},
					{"origin": [6.648, 17.184, -1.408], "size": [0.16, 1, 0.2], "uv": [61, 60]},
					{"origin": [6.648, 17.184, -1.088], "size": [0.16, 1, 0.2], "uv": [61, 60]},
					{"origin": [6.648, 17.184, -0.8], "size": [0.16, 1, 0.2], "uv": [61, 60]},
					{"origin": [6.648, 17.184, -0.448], "size": [0.16, 1, 0.2], "uv": [61, 60]},
					{"origin": [6.648, 17.184, -0.16], "size": [0.16, 1, 0.2], "uv": [61, 60]},
					{"origin": [6.648, 17.184, 0.16], "size": [0.16, 1, 0.2], "uv": [61, 60]},
					{"origin": [6.648, 17.184, 0.48], "size": [0.16, 1, 0.2], "uv": [61, 60]},
					{"origin": [6.648, 17.184, 0.8], "size": [0.16, 1, 0.2], "uv": [61, 60]},
					{"origin": [3.184, 17.792, -1.728], "size": [3.488, 0.392, 0.2], "uv": [61, 60]},
					{"origin": [6.672, 17.792, -1.536], "size": [0.224, 0.392, 2.856], "uv": [61, 60]},
					{"origin": [3.184, 17.792, 1.376], "size": [3.488, 0.392, 0.2], "uv": [61, 60]}
				]
			},
			{
				"name": "chestPlateMiddle108",
				"parent": "chestPlate",
				"pivot": [-0.024, 0.736, 0],
				"cubes": [
					{"origin": [-3.216, 17.28, 1.312], "size": [0.16, 1, 0.2], "uv": [50, 57], "mirror": true},
					{"origin": [-3.44, 17.28, 1.312], "size": [0.16, 1, 0.2], "uv": [50, 57], "mirror": true},
					{"origin": [-3.672, 17.28, 1.312], "size": [0.16, 1, 0.2], "uv": [50, 57], "mirror": true},
					{"origin": [-3.928, 17.28, 1.312], "size": [0.16, 1, 0.2], "uv": [50, 57], "mirror": true},
					{"origin": [-4.184, 17.28, 1.312], "size": [0.16, 1, 0.2], "uv": [50, 57], "mirror": true},
					{"origin": [-4.44, 17.28, 1.312], "size": [0.16, 1, 0.2], "uv": [50, 57], "mirror": true},
					{"origin": [-4.696, 17.28, 1.312], "size": [0.16, 1, 0.2], "uv": [50, 57], "mirror": true},
					{"origin": [-4.984, 17.28, 1.312], "size": [0.16, 1, 0.2], "uv": [50, 57], "mirror": true},
					{"origin": [-5.24, 17.28, 1.312], "size": [0.16, 1, 0.2], "uv": [50, 57], "mirror": true},
					{"origin": [-5.496, 17.28, 1.312], "size": [0.16, 1, 0.2], "uv": [50, 57], "mirror": true},
					{"origin": [-5.752, 17.28, 1.312], "size": [0.16, 1, 0.2], "uv": [50, 57], "mirror": true},
					{"origin": [-6.008, 17.28, 1.312], "size": [0.16, 1, 0.2], "uv": [50, 57], "mirror": true},
					{"origin": [-6.264, 17.28, 1.312], "size": [0.16, 1, 0.2], "uv": [50, 57], "mirror": true},
					{"origin": [-6.52, 17.28, 1.312], "size": [0.16, 1, 0.2], "uv": [50, 57], "mirror": true},
					{"origin": [-6.68, 17.28, 1.12], "size": [0.16, 1, 0.2], "uv": [50, 57], "mirror": true}
				]
			},
			{
				"name": "chestPlateMiddle109",
				"parent": "chestPlate",
				"pivot": [-0.024, 0.736, 0],
				"cubes": [
					{"origin": [-3.216, 17.28, -1.632], "size": [0.16, 1, 0.2], "uv": [59, 61], "mirror": true},
					{"origin": [-3.44, 17.28, -1.632], "size": [0.16, 1, 0.2], "uv": [59, 61], "mirror": true},
					{"origin": [-3.672, 17.28, -1.632], "size": [0.16, 1, 0.2], "uv": [59, 61], "mirror": true},
					{"origin": [-3.928, 17.28, -1.632], "size": [0.16, 1, 0.2], "uv": [59, 61], "mirror": true},
					{"origin": [-4.184, 17.28, -1.632], "size": [0.16, 1, 0.2], "uv": [59, 61], "mirror": true},
					{"origin": [-4.44, 17.28, -1.632], "size": [0.16, 1, 0.2], "uv": [59, 61], "mirror": true},
					{"origin": [-4.696, 17.28, -1.632], "size": [0.16, 1, 0.2], "uv": [59, 61], "mirror": true},
					{"origin": [-4.984, 17.28, -1.632], "size": [0.16, 1, 0.2], "uv": [59, 61], "mirror": true},
					{"origin": [-5.24, 17.28, -1.632], "size": [0.16, 1, 0.2], "uv": [59, 61], "mirror": true},
					{"origin": [-5.496, 17.28, -1.632], "size": [0.16, 1, 0.2], "uv": [59, 61], "mirror": true},
					{"origin": [-5.752, 17.28, -1.632], "size": [0.16, 1, 0.2], "uv": [59, 61], "mirror": true},
					{"origin": [-6.008, 17.28, -1.632], "size": [0.16, 1, 0.2], "uv": [59, 61], "mirror": true},
					{"origin": [-6.264, 17.28, -1.632], "size": [0.16, 1, 0.2], "uv": [59, 61], "mirror": true},
					{"origin": [-6.52, 17.28, -1.632], "size": [0.16, 1, 0.2], "uv": [59, 61], "mirror": true},
					{"origin": [-6.68, 17.28, -1.408], "size": [0.16, 1, 0.2], "uv": [59, 61], "mirror": true},
					{"origin": [-6.68, 17.28, -1.088], "size": [0.16, 1, 0.2], "uv": [59, 61], "mirror": true},
					{"origin": [-6.68, 17.28, -0.8], "size": [0.16, 1, 0.2], "uv": [59, 61], "mirror": true},
					{"origin": [-6.68, 17.28, -0.448], "size": [0.16, 1, 0.2], "uv": [59, 61], "mirror": true},
					{"origin": [-6.68, 17.28, -0.16], "size": [0.16, 1, 0.2], "uv": [59, 61], "mirror": true},
					{"origin": [-6.68, 17.28, 0.16], "size": [0.16, 1, 0.2], "uv": [59, 61], "mirror": true},
					{"origin": [-6.68, 17.28, 0.48], "size": [0.16, 1, 0.2], "uv": [59, 61], "mirror": true},
					{"origin": [-6.68, 17.28, 0.8], "size": [0.16, 1, 0.2], "uv": [59, 61], "mirror": true},
					{"origin": [-6.544, 17.888, -1.728], "size": [3.488, 0.392, 0.2], "uv": [59, 61], "mirror": true},
					{"origin": [-6.768, 17.888, -1.536], "size": [0.224, 0.392, 2.856], "uv": [59, 61], "mirror": true},
					{"origin": [-6.544, 17.888, 1.376], "size": [3.488, 0.392, 0.2], "uv": [59, 61], "mirror": true}
				]
			}
		]
	}
}