{
	"format_version": "1.10.0",
	"geometry.model": {
		"texturewidth": 64,
		"textureheight": 64,
		"visible_bounds_width": 2,
		"visible_bounds_height": 2,
		"visible_bounds_offset": [0, 1, 0],
		"bones": [
			{
				"name": "head",
				"pivot": [0, 18, 0],
				"cubes": [
					{"origin": [-4, 18, -4], "size": [8, 8, 8], "uv": [0, 0]}
				]
			},
			{
				"name": "blink",
				"parent": "head",
				"pivot": [0, 0, 0],
				"cubes": [
					{"origin": [-4, 18, -4.001], "size": [8, 8, 0], "uv": [32, 8]}
				]
			},
			{
				"name": "headleave2",
				"parent": "head",
				"pivot": [2.7, 25.1, 0],
				"rotation": [0, 0, -15],
				"cubes": [
					{"origin": [-4.3, 21.1, 1], "size": [0, 3, 3], "uv": [57, 14]},
					{"origin": [-4.3, 21.1, 1], "size": [0, 3, 3], "uv": [57, 14]}
				]
			},
			{
				"name": "head2",
				"parent": "head",
				"pivot": [0, 18, 0],
				"rotation": [0, 0, -20],
				"cubes": [
					{"origin": [-3.75877, 16.36808, -4], "size": [1, 3, 1], "uv": [53, 10]},
					{"origin": [-3.75877, 13.71208, -4], "size": [1, 3, 1], "uv": [53, 10]}
				]
			},
			{
				"name": "head4",
				"parent": "head",
				"pivot": [0, 18, 0],
				"rotation": [0, 0, 15],
				"cubes": [
					{"origin": [-2.32382, 12.28084, -4], "size": [1, 2.8, 1], "uv": [53, 10]}
				]
			},
			{
				"name": "head5",
				"parent": "head",
				"pivot": [0, 18, 0],
				"rotation": [0, 0, -15],
				"cubes": [
					{"origin": [1.32382, 12.28084, -4.001], "size": [1, 2.8, 1], "uv": [53, 10]}
				]
			},
			{
				"name": "head3",
				"parent": "head",
				"pivot": [0, 18, 0],
				"rotation": [0, 0, 20],
				"cubes": [
					{"origin": [2.75877, 16.36808, -4.001], "size": [1, 3, 1], "uv": [53, 10]},
					{"origin": [2.75877, 13.93608, -4.001], "size": [1, 3, 1], "uv": [53, 10]}
				]
			},
			{
				"name": "head6",
				"parent": "head",
				"pivot": [0, 18, 0],
				"cubes": [
					{"origin": [-4.592, 17.24, -4.416], "size": [9, 9, 9], "uv": [11, 46]},
					{"origin": [4.376, 19.264, -4.416], "size": [1, 3, 9], "uv": [11, 46]},
					{"origin": [-5.32, 19.264, -4.416], "size": [1, 3, 9], "uv": [11, 46]}
				]
			},
			{
				"name": "head14",
				"parent": "head",
				"pivot": [0, 18, 0],
				"cubes": [
					{"origin": [3.408, 25.24, -4.416], "size": [1, 1, 8], "uv": [11, 46]},
					{"origin": [-4.592, 25.24, -4.416], "size": [1, 1, 8], "uv": [11, 46]}
				]
			},
			{
				"name": "head8",
				"parent": "head",
				"pivot": [0, 18, 0],
				"rotation": [0, 0, 25],
				"cubes": [
					{"origin": [3.36936, 19.19061, -4.416], "size": [1, 3.544, 9], "uv": [42, 25]}
				]
			},
			{
				"name": "head12",
				"parent": "head",
				"pivot": [0, 18, 0],
				"rotation": [0, 0, -25],
				"cubes": [
					{"origin": [-4.53612, 19.26837, -4.416], "size": [1, 3.544, 9], "uv": [42, 25]}
				]
			},
			{
				"name": "head7",
				"parent": "head",
				"pivot": [0, 18, 0],
				"rotation": [0, 0, -15],
				"cubes": [
					{"origin": [5.39047, 18.81835, -4.416], "size": [1, 6, 9], "uv": [42, 25]}
				]
			},
			{
				"name": "head22",
				"parent": "head",
				"pivot": [0, 18, 0],
				"rotation": [0, 0, -45],
				"cubes": [
					{"origin": [6.75183, 18.99453, -4.416], "size": [1.12813, 2.65265, 9], "uv": [42, 25]}
				]
			},
			{
				"name": "head11",
				"parent": "head",
				"pivot": [0, 18, 0],
				"rotation": [0, 0, 15],
				"cubes": [
					{"origin": [-6.5682, 18.77073, -4.416], "size": [1, 6, 9], "uv": [42, 25]}
				]
			},
			{
				"name": "head23",
				"parent": "head",
				"pivot": [0, 18, 0],
				"rotation": [0, 0, 45],
				"cubes": [
					{"origin": [-7.73737, 18.77073, -4.416], "size": [1, 2.66867, 9], "uv": [42, 25]}
				]
			},
			{
				"name": "head16",
				"parent": "head",
				"pivot": [0, 18, 0]
			},
			{
				"name": "head13",
				"parent": "head16",
				"pivot": [0, 18, 0],
				"rotation": [-1, -15, 110],
				"cubes": [
					{"origin": [-16.55957, 15.80837, 0.40898], "size": [1, 3, 1.904], "uv": [51, 28]}
				]
			},
			{
				"name": "head10",
				"parent": "head16",
				"pivot": [0, 18, 0],
				"rotation": [15, 0, 15],
				"cubes": [
					{"origin": [-0.87487, 25.9801, 0.384], "size": [3, 7.824, 2], "uv": [54, 55]}
				]
			},
			{
				"name": "head9",
				"parent": "head16",
				"pivot": [0, 18, 0],
				"rotation": [15, 0, 5],
				"cubes": [
					{"origin": [0.62913, 25.9801, 0.384], "size": [3, 6, 2], "uv": [53, 56]}
				]
			},
			{
				"name": "head15",
				"parent": "head16",
				"pivot": [0, 18, 0],
				"rotation": [15, -5, 35],
				"cubes": [
					{"origin": [-6.6054, 30.30832, 0.62513], "size": [1, 3, 1.904], "uv": [50, 27]}
				]
			},
			{
				"name": "head17",
				"parent": "head",
				"pivot": [0, 18, 0]
			},
			{
				"name": "head18",
				"parent": "head17",
				"pivot": [0, 18, 0],
				"rotation": [-1, 15, -110],
				"cubes": [
					{"origin": [15.55957, 15.80837, 0.40898], "size": [1, 3, 1.904], "uv": [51, 25], "mirror": true}
				]
			},
			{
				"name": "head19",
				"parent": "head17",
				"pivot": [0, 18, 0],
				"rotation": [15, 0, -15],
				"cubes": [
					{"origin": [-2.12513, 25.9801, 0.384], "size": [3, 7.824, 2], "uv": [54, 55], "mirror": true}
				]
			},
			{
				"name": "head20",
				"parent": "head17",
				"pivot": [0, 18, 0],
				"rotation": [15, 0, -5],
				"cubes": [
					{"origin": [-3.62913, 25.9801, 0.384], "size": [3, 6, 2], "uv": [53, 56], "mirror": true}
				]
			},
			{
				"name": "head21",
				"parent": "head17",
				"pivot": [0, 18, 0],
				"rotation": [15, 5, -35],
				"cubes": [
					{"origin": [5.6054, 30.30832, 0.62513], "size": [1, 3, 1.904], "uv": [51, 28], "mirror": true}
				]
			},
			{
				"name": "headleave",
				"parent": "head",
				"pivot": [0, 17.63163, -0.48048],
				"rotation": [-5, 0, 0],
				"cubes": [
					{"origin": [-3.45045, 24.47848, -4.74074], "size": [7, 1, 1], "uv": [16, 11], "mirror": true}
				]
			},
			{
				"name": "headleave3",
				"parent": "headleave",
				"pivot": [2.69069, 18.27227, 0.67267],
				"rotation": [0, 0, -9]
			},
			{
				"name": "headleave4",
				"parent": "headleave3",
				"pivot": [2.69069, 18.27227, 0.67267],
				"cubes": [
					{"origin": [3.394, 22.50966, -4.74074], "size": [1.27227, 2.74575, 1], "uv": [16, 11], "mirror": true}
				]
			},
			{
				"name": "headleave5",
				"parent": "headleave3",
				"pivot": [3.86336, 23.2968, -4.28879],
				"rotation": [0, 0, -13],
				"cubes": [
					{"origin": [3.0587, 21.57181, -4.74074], "size": [1.06406, 3.56256, 1], "uv": [16, 11], "mirror": true}
				]
			},
			{
				"name": "headleave6",
				"parent": "headleave3",
				"pivot": [3.86336, 23.2968, -4.28879],
				"rotation": [0, 0, -13],
				"cubes": [
					{"origin": [2.64228, 20.94718, -4.74074], "size": [1.06406, 3.56256, 1], "uv": [16, 11], "mirror": true}
				]
			},
			{
				"name": "headleave7",
				"parent": "headleave3",
				"pivot": [3.86336, 23.2968, -4.28879],
				"rotation": [0, 0, 27],
				"cubes": [
					{"origin": [0.76841, 19.84208, -4.74074], "size": [1.27227, 4.28328, 1], "uv": [16, 11], "mirror": true}
				]
			},
			{
				"name": "headleave9",
				"parent": "headleave3",
				"pivot": [3.86336, 23.2968, -4.28879],
				"rotation": [0, 0, 32],
				"cubes": [
					{"origin": [-0.32068, 19.21745, -4.74074], "size": [1.27227, 4.28328, 1], "uv": [16, 11], "mirror": true}
				]
			},
			{
				"name": "headleave10",
				"parent": "headleave3",
				"pivot": [3.86336, 23.2968, -4.28879],
				"rotation": [0, 0, 37],
				"cubes": [
					{"origin": [-1.97033, 19.74598, -4.74074], "size": [0.87187, 2.21722, 1], "uv": [16, 11], "mirror": true}
				]
			},
			{
				"name": "headleave18",
				"parent": "headleave3",
				"pivot": [3.86336, 23.2968, -4.28879],
				"rotation": [0, 0, 37],
				"cubes": [
					{"origin": [-2.85475, 20.92978, -4.74074], "size": [0.87187, 1.12813, 1], "uv": [16, 11], "mirror": true}
				]
			},
			{
				"name": "headleave11",
				"parent": "headleave3",
				"pivot": [3.86336, 23.2968, -4.28879],
				"rotation": [0, 0, 37],
				"cubes": [
					{"origin": [-1.26563, 18.22446, -4.74074], "size": [1.11211, 4.36336, 1], "uv": [16, 11], "mirror": true}
				]
			},
			{
				"name": "headleave12",
				"parent": "headleave3",
				"pivot": [3.86336, 23.2968, -4.28879],
				"rotation": [0, 0, 37],
				"cubes": [
					{"origin": [-0.67304, 18.22446, -4.88489], "size": [0.31131, 2.32933, 0.04805], "uv": [61, 13], "mirror": true}
				]
			},
			{
				"name": "headleave14",
				"parent": "headleave3",
				"pivot": [3.86336, 23.2968, -4.28879],
				"rotation": [0, 0, 31],
				"cubes": [
					{"origin": [0.58558, 19.276, -4.86814], "size": [0.31131, 2.32933, 0.04805], "uv": [61, 13], "mirror": true}
				]
			},
			{
				"name": "headleave16",
				"parent": "headleave3",
				"pivot": [3.86336, 23.2968, -4.28879],
				"rotation": [0, 0, 28],
				"cubes": [
					{"origin": [1.86982, 19.83219, -4.86954], "size": [0.31131, 2.15315, 0.04805], "uv": [61, 13], "mirror": true}
				]
			},
			{
				"name": "headleave19",
				"parent": "headleave3",
				"pivot": [3.86336, 23.2968, -4.28879],
				"rotation": [0, 0, 18],
				"cubes": [
					{"origin": [1.66765, 22.29739, -4.86954], "size": [0.31131, 1.32032, 0.04805], "uv": [61, 13], "mirror": true}
				]
			},
			{
				"name": "headleave15",
				"parent": "headleave3",
				"pivot": [3.86336, 23.2968, -4.28879],
				"rotation": [0, 0, 21],
				"cubes": [
					{"origin": [0.33693, 22.14615, -4.86814], "size": [0.31131, 1.75275, 0.04805], "uv": [61, 13], "mirror": true}
				]
			},
			{
				"name": "headleave13",
				"parent": "headleave3",
				"pivot": [3.86336, 23.2968, -4.28879],
				"rotation": [0, 0, 27],
				"cubes": [
					{"origin": [-1.08517, 21.32914, -4.88489], "size": [0.31131, 2.53754, 0.04805], "uv": [61, 13], "mirror": true}
				]
			},
			{
				"name": "headleave8",
				"parent": "headleave3",
				"pivot": [3.86336, 23.2968, -4.28879],
				"rotation": [0, 0, 22],
				"cubes": [
					{"origin": [1.61725, 20.35459, -4.74074], "size": [1.09609, 4.28328, 1], "uv": [16, 11], "mirror": true}
				]
			},
			{
				"name": "armRight",
				"pivot": [-3, 17.5, 0],
				"rotation": [0, 0, 25],
				"cubes": [
					{"origin": [-5, 9.5, -1], "size": [2, 8, 2], "uv": [25, 19]},
					{"origin": [-5.544, 8.564, -1.512], "size": [3, 9, 3], "uv": [1, 20]}
				]
			},
			{
				"name": "armRight2",
				"parent": "armRight",
				"pivot": [-3, 17.5, 0],
				"rotation": [0, 0, -25],
				"cubes": [
					{"origin": [-5.2786, 17.63314, -1.512], "size": [3, 1, 3], "uv": [50, 33]}
				]
			},
			{
				"name": "armLeft",
				"pivot": [3, 17.5, 0],
				"rotation": [0, 0, -25],
				"cubes": [
					{"origin": [3, 9.5, -1], "size": [2, 8, 2], "uv": [24, 20]},
					{"origin": [2.544, 8.66, -1.512], "size": [3, 9, 3], "uv": [1, 20], "mirror": true}
				]
			},
			{
				"name": "armLeft2",
				"parent": "armLeft",
				"pivot": [-3, 17.5, 0],
				"rotation": [0, 0, 25],
				"cubes": [
					{"origin": [1.67587, 20.25586, -1.512], "size": [3, 1, 3], "uv": [50, 33]}
				]
			},
			{
				"name": "body",
				"pivot": [0, 10.5, 0],
				"cubes": [
					{"origin": [-3.108, 11, -1.788], "size": [6.152, 7, 3.576], "uv": [19, 22]},
					{"origin": [-3.552, 8.608, -2], "size": [7.008, 2, 4], "uv": [18, 16]},
					{"origin": [-3.136, 10, -1.84], "size": [6.208, 2, 3.616], "uv": [30, 16]}
				]
			},
			{
				"name": "skirt",
				"parent": "body",
				"pivot": [0, 10.5, 0],
				"cubes": [
					{"origin": [-3.608, 13.10713, -2.49056], "size": [7.12, 5, 6], "uv": [2, 35]},
					{"origin": [-3.608, 8.10713, -2.49056], "size": [7.12, 5, 6], "uv": [2, 35]},
					{"origin": [-3.608, 7.17913, -2.49056], "size": [7.12, 5, 6], "uv": [2, 35]},
					{"origin": [-1.032, 7.25113, 2.61344], "size": [2.12, 2, 2], "uv": [56, 0]}
				]
			},
			{
				"name": "skirt3",
				"parent": "body",
				"pivot": [0, 10.5, 0],
				"rotation": [0, 0, 10],
				"cubes": [
					{"origin": [-4.94237, 13.75194, -2.48], "size": [1.12, 4, 6], "uv": [15, 36]}
				]
			},
			{
				"name": "skirt5",
				"parent": "body",
				"pivot": [0, 10.5, 0],
				"rotation": [0, 0, -30],
				"cubes": [
					{"origin": [-1.69577, 14.16803, -2.48], "size": [1.12, 2, 6], "uv": [2, 35]}
				]
			},
			{
				"name": "skirt7",
				"parent": "body",
				"pivot": [0, 10.5, 0],
				"rotation": [0, 0, 20],
				"cubes": [
					{"origin": [-4.40132, 9.2388, -2.48], "size": [1.12, 3, 6], "uv": [31, 55]}
				]
			},
			{
				"name": "skirt9",
				"parent": "body",
				"pivot": [0, 10.5, 0],
				"rotation": [0, 0, 15],
				"cubes": [
					{"origin": [-4.4945, 6.6272, -2.48], "size": [1.12, 3, 6], "uv": [30, 55]},
					{"origin": [-3.7905, 6.6272, -2.48], "size": [1.12, 3, 6], "uv": [30, 55]}
				]
			},
			{
				"name": "skirt11",
				"parent": "body",
				"pivot": [0, 10.5, 0],
				"rotation": [0, 0, -70],
				"cubes": [
					{"origin": [-4.24978, 8.99186, -2.576], "size": [1.12, 5.648, 6.192], "uv": [30, 55]}
				]
			},
			{
				"name": "skirt12",
				"parent": "body",
				"pivot": [0, 10.5, 0],
				"rotation": [0, 0, 70],
				"cubes": [
					{"origin": [3.13986, 8.94242, -2.61856], "size": [1.12, 5.68, 6.224], "uv": [30, 55]}
				]
			},
			{
				"name": "skirt10",
				"parent": "body",
				"pivot": [0, 10.5, 0],
				"rotation": [0, 0, -15],
				"cubes": [
					{"origin": [3.35801, 6.61564, -2.49056], "size": [1.12, 3, 6], "uv": [30, 55]},
					{"origin": [2.75001, 6.61564, -2.49056], "size": [1.12, 3, 6], "uv": [30, 55]}
				]
			},
			{
				"name": "skirt8",
				"parent": "body",
				"pivot": [0, 10.5, 0],
				"rotation": [0, 0, -20],
				"cubes": [
					{"origin": [3.26389, 9.22872, -2.49056], "size": [1.12, 3, 6], "uv": [31, 55]}
				]
			},
			{
				"name": "skirt6",
				"parent": "body",
				"pivot": [0, 10.5, 0],
				"rotation": [0, 0, 30],
				"cubes": [
					{"origin": [0.49263, 14.12003, -2.48], "size": [1.12, 2, 6], "uv": [14, 37]}
				]
			},
			{
				"name": "skirt4",
				"parent": "body",
				"pivot": [0, 10.5, 0],
				"rotation": [0, 0, -10],
				"cubes": [
					{"origin": [3.72783, 13.76861, -2.48], "size": [1.12, 4, 6], "uv": [16, 36]}
				]
			},
			{
				"name": "skirt2",
				"parent": "body",
				"pivot": [0, 10.5, 0],
				"cubes": [
					{"origin": [-3.608, 13.5, -2.48], "size": [7.12, 5, 6], "uv": [2, 35]}
				]
			},
			{
				"name": "legLeft",
				"pivot": [2, 9, 0],
				"cubes": [
					{"origin": [0.756, 0, -1.5], "size": [3, 9, 3], "uv": [22, 19]}
				]
			},
			{
				"name": "legLeft2",
				"parent": "legLeft",
				"pivot": [2, 9, 0],
				"rotation": [0, 0, -45],
				"cubes": [
					{"origin": [-3.95475, 10.43082, -2.48], "size": [2, 3, 5.664], "uv": [47, 32]}
				]
			},
			{
				"name": "legLeft4",
				"parent": "legLeft",
				"pivot": [2, 9, 0],
				"cubes": [
					{"origin": [0.544, -0.288, -2.48], "size": [3.456, 8, 4], "uv": [39, 42]}
				]
			},
			{
				"name": "legLeft3",
				"parent": "legLeft",
				"pivot": [2, 9, 0],
				"rotation": [-35, 0, 0],
				"cubes": [
					{"origin": [0.32, 6.04589, -0.19188], "size": [3.68, 3.44, 4], "uv": [39, 42]}
				]
			},
			{
				"name": "legRight",
				"pivot": [-2, 9, 0],
				"cubes": [
					{"origin": [-3.5, 0, -1.5], "size": [3, 9, 3], "uv": [22, 19]}
				]
			},
			{
				"name": "legRight2",
				"parent": "legRight",
				"pivot": [-2, 9, 0],
				"cubes": [
					{"origin": [-4, -0.288, -2.48], "size": [3.616, 8, 4], "uv": [39, 42], "mirror": true}
				]
			},
			{
				"name": "legRight3",
				"parent": "legRight2",
				"pivot": [2, 9, 0],
				"rotation": [-35, 0, 0],
				"cubes": [
					{"origin": [-4, 6.04589, -0.19188], "size": [3.776, 3.44, 4], "uv": [39, 42], "mirror": true}
				]
			},
			{
				"name": "legLeft5",
				"pivot": [2, 9, 0],
				"rotation": [0, 0, 45],
				"cubes": [
					{"origin": [3.12808, 7.58234, -2.61856], "size": [2, 3, 5.664], "uv": [48, 31]}
				]
			}
		]
	}
}