{
  "format_version": "1.10.0",
  "geometry.model": {
    "texturewidth": 64,
    "textureheight": 64,
    "visible_bounds_width": 3,
    "visible_bounds_height": 2,
    "visible_bounds_offset": [0, 1, 0],
    "bones": [
      {
        "name": "head",
        "pivot": [0, 18, 0],
        "cubes": [
          {
            "origin": [-4, 18, -4],
            "size": [8, 8, 8],
            "uv": [0, 0]
          }
        ]
      },
      {
        "name": "blink",
        "parent": "head",
        "pivot": [0, 18, 0],
        "cubes": [
          {
            "origin": [-4, 18, -4.001],
            "size": [8, 8, 0],
            "uv": [18, 42]
          }
        ]
      },
      {
        "name": "ahoge",
        "parent": "head",
        "pivot": [0, 18, 0]
      },
      {
        "name": "hat",
        "parent": "head",
        "pivot": [0, 26, 0],
        "cubes": [
          {
            "origin": [-4, 26.001, -0.5],
            "size": [8, 0, 1],
            "uv": [23, 29]
          }
        ]
      },
      {
        "name": "bone88",
        "parent": "hat",
        "pivot": [0, 26, 0],
        "cubes": [
          {
            "origin": [-1, 26, 1.7321],
            "size": [2, 1, 0],
            "uv": [0, 7]
          }
        ]
      },
      {
        "name": "bone89",
        "parent": "bone88",
        "pivot": [0, 26, 0],
        "rotation": [60, 0, 0],
        "cubes": [
          {
            "origin": [-1, 24.99996, 1.73208],
            "size": [2, 1, 0],
            "uv": [0, 7]
          },
          {
            "origin": [-0.5, 25.99996, 1.73208],
            "size": [1, 1, 0],
            "uv": [6, 0]
          }
        ]
      },
      {
        "name": "bone90",
        "parent": "hat",
        "pivot": [0, 26, 0],
        "rotation": [0, -60, 0],
        "cubes": [
          {
            "origin": [-1, 26, 1.7321],
            "size": [2, 1, 0],
            "uv": [0, 7]
          }
        ]
      },
      {
        "name": "bone91",
        "parent": "bone90",
        "pivot": [0, 26, 0],
        "rotation": [60, 0, 0],
        "cubes": [
          {
            "origin": [-1, 24.99996, 1.73208],
            "size": [2, 1, 0],
            "uv": [0, 7]
          },
          {
            "origin": [-0.5, 25.99996, 1.73208],
            "size": [1, 1, 0],
            "uv": [6, 0]
          }
        ]
      },
      {
        "name": "bone92",
        "parent": "hat",
        "pivot": [0, 26, 0],
        "rotation": [0, -120, 0],
        "cubes": [
          {
            "origin": [-1, 26, 1.7321],
            "size": [2, 1, 0],
            "uv": [0, 7]
          }
        ]
      },
      {
        "name": "bone93",
        "parent": "bone92",
        "pivot": [0, 26, 0],
        "rotation": [60, 0, 0],
        "cubes": [
          {
            "origin": [-1, 24.99996, 1.73208],
            "size": [2, 1, 0],
            "uv": [0, 7]
          },
          {
            "origin": [-0.5, 25.99996, 1.73208],
            "size": [1, 1, 0],
            "uv": [6, 0]
          }
        ]
      },
      {
        "name": "bone94",
        "parent": "hat",
        "pivot": [0, 26, 0],
        "rotation": [0, 180, 0],
        "cubes": [
          {
            "origin": [-1, 26, 1.7321],
            "size": [2, 1, 0],
            "uv": [0, 7]
          }
        ]
      },
      {
        "name": "bone95",
        "parent": "bone94",
        "pivot": [0, 26, 0],
        "rotation": [60, 0, 0],
        "cubes": [
          {
            "origin": [-1, 24.99996, 1.73208],
            "size": [2, 1, 0],
            "uv": [0, 7]
          },
          {
            "origin": [-0.5, 25.99996, 1.73208],
            "size": [1, 1, 0],
            "uv": [6, 0]
          }
        ]
      },
      {
        "name": "bone96",
        "parent": "hat",
        "pivot": [0, 26, 0],
        "rotation": [0, 120, 0],
        "cubes": [
          {
            "origin": [-1, 26, 1.7321],
            "size": [2, 1, 0],
            "uv": [0, 7]
          }
        ]
      },
      {
        "name": "bone97",
        "parent": "bone96",
        "pivot": [0, 26, 0],
        "rotation": [60, 0, 0],
        "cubes": [
          {
            "origin": [-1, 24.99996, 1.73208],
            "size": [2, 1, 0],
            "uv": [0, 7]
          },
          {
            "origin": [-0.5, 25.99996, 1.73208],
            "size": [1, 1, 0],
            "uv": [6, 0]
          }
        ]
      },
      {
        "name": "bone98",
        "parent": "hat",
        "pivot": [0, 26, 0],
        "rotation": [0, 60, 0],
        "cubes": [
          {
            "origin": [-1, 26, 1.7321],
            "size": [2, 1, 0],
            "uv": [0, 7]
          }
        ]
      },
      {
        "name": "bone99",
        "parent": "bone98",
        "pivot": [0, 26, 0],
        "rotation": [60, 0, 0],
        "cubes": [
          {
            "origin": [-1, 24.99996, 1.73208],
            "size": [2, 1, 0],
            "uv": [0, 7]
          },
          {
            "origin": [-0.5, 25.99996, 1.73208],
            "size": [1, 1, 0],
            "uv": [6, 0]
          }
        ]
      },
      {
        "name": "hatRight",
        "parent": "hat",
        "pivot": [0, 26, -0.5]
      },
      {
        "name": "bone100",
        "parent": "hatRight",
        "pivot": [0, 26, -0.5],
        "rotation": [0, 0, -45],
        "cubes": [
          {
            "origin": [-4.82772, 28.82913, -0.5],
            "size": [2, 0, 1],
            "uv": [0, 6],
            "mirror": true
          }
        ]
      },
      {
        "name": "bone101",
        "parent": "hatRight",
        "pivot": [0, 26, -0.5],
        "rotation": [0, 0, 15],
        "cubes": [
          {
            "origin": [-5.86383, 19.23414, -1],
            "size": [2, 2, 2],
            "uv": [0, 0],
            "mirror": true
          },
          {
            "origin": [-4.86383, 21.23414, -0.5],
            "size": [0, 2, 1],
            "uv": [5, 5],
            "mirror": true
          }
        ]
      },
      {
        "name": "bone102",
        "parent": "hatRight",
        "pivot": [-1, 22, -0.5],
        "rotation": [0, 0, 20],
        "cubes": [
          {
            "origin": [-6.86383, 15.23414, -1],
            "size": [2, 2, 2],
            "uv": [0, 0],
            "mirror": true
          },
          {
            "origin": [-6.30916, 17.18904, 0],
            "size": [1, 2, 0],
            "uv": [0, 0],
            "mirror": true
          }
        ]
      },
      {
        "name": "bone103",
        "parent": "hatRight",
        "pivot": [-2, 18, -0.5],
        "rotation": [0, 0, 25],
        "cubes": [
          {
            "origin": [-7.86383, 11.23414, -1],
            "size": [2, 2, 2],
            "uv": [0, 0],
            "mirror": true
          },
          {
            "origin": [-7.30916, 13.18904, 0],
            "size": [1, 2, 0],
            "uv": [0, 0],
            "mirror": true
          }
        ]
      },
      {
        "name": "hatLeft",
        "parent": "hat",
        "pivot": [0, 26, -0.5]
      },
      {
        "name": "bone104",
        "parent": "hatLeft",
        "pivot": [0, 26, -0.5],
        "rotation": [0, 0, 45],
        "cubes": [
          {
            "origin": [2.82772, 28.82913, -0.5],
            "size": [2, 0, 1],
            "uv": [0, 6]
          }
        ]
      },
      {
        "name": "bone105",
        "parent": "hatLeft",
        "pivot": [0, 26, -0.5],
        "rotation": [0, 0, -15],
        "cubes": [
          {
            "origin": [3.86383, 19.23414, -1],
            "size": [2, 2, 2],
            "uv": [0, 0]
          },
          {
            "origin": [4.86383, 21.23414, -0.5],
            "size": [0, 2, 1],
            "uv": [5, 5]
          }
        ]
      },
      {
        "name": "bone106",
        "parent": "hatLeft",
        "pivot": [1, 22, -0.5],
        "rotation": [0, 0, -20],
        "cubes": [
          {
            "origin": [4.86383, 15.23414, -1],
            "size": [2, 2, 2],
            "uv": [0, 0]
          },
          {
            "origin": [5.30916, 17.18904, 0],
            "size": [1, 2, 0],
            "uv": [0, 0]
          }
        ]
      },
      {
        "name": "bone107",
        "parent": "hatLeft",
        "pivot": [2, 18, -0.5],
        "rotation": [0, 0, -25],
        "cubes": [
          {
            "origin": [5.86383, 11.23414, -1],
            "size": [2, 2, 2],
            "uv": [0, 0]
          },
          {
            "origin": [6.30916, 13.18904, 0],
            "size": [1, 2, 0],
            "uv": [0, 0]
          }
        ]
      },
      {
        "name": "armLeft",
        "pivot": [3, 17.5, 0],
        "rotation": [0, 0, -25],
        "cubes": [
          {
            "origin": [3, 8.5, -1],
            "size": [2, 8, 2],
            "uv": [46, 46]
          },
          {
            "origin": [2.5, 14.5, -1.5],
            "size": [3, 3, 3],
            "uv": [44, 39]
          }
        ]
      },
      {
        "name": "chestPlate",
        "parent": "armLeft",
        "pivot": [4, 0, 0]
      },
      {
        "name": "armRight",
        "pivot": [-3, 17.5, 0],
        "rotation": [0, 0, 25],
        "cubes": [
          {
            "origin": [-5, 8.5, -1],
            "size": [2, 8, 2],
            "uv": [46, 46]
          },
          {
            "origin": [-5.5, 14.5, -1.5],
            "size": [3, 3, 3],
            "uv": [42, 27]
          }
        ]
      },
      {
        "name": "body",
        "pivot": [0, 10.5, 0],
        "cubes": [
          {
            "origin": [-3, 14, -3],
            "size": [6, 4, 6],
            "uv": [27, 10]
          },
          {
            "origin": [-2.5, 11.5, -2.5],
            "size": [5, 7, 5],
            "uv": [27, 30]
          },
          {
            "origin": [-3.5, 8, -2],
            "size": [7, 2, 4],
            "uv": [0, 35]
          }
        ]
      },
      {
        "name": "lace1",
        "parent": "body",
        "pivot": [0, 17.5, 0]
      },
      {
        "name": "lacePart1",
        "parent": "lace1",
        "pivot": [0, 8, 0],
        "rotation": [0, 0, 25],
        "cubes": [
          {
            "origin": [-2.83654, 4.76268, -3],
            "size": [0, 2, 7],
            "uv": [24, 20]
          },
          {
            "origin": [-3.83654, 4.76268, 2],
            "size": [1, 2, 1],
            "uv": [40, 27]
          },
          {
            "origin": [-3.83654, 4.76268, 0],
            "size": [1, 2, 1],
            "uv": [40, 27]
          },
          {
            "origin": [-3.83654, 4.76268, -2],
            "size": [1, 2, 1],
            "uv": [40, 27]
          },
          {
            "origin": [-3.83654, 4.76268, -4],
            "size": [1, 2, 1],
            "uv": [40, 27]
          }
        ]
      },
      {
        "name": "lace2",
        "parent": "body",
        "pivot": [0, 17.5, 0],
        "rotation": [0, -90, 0]
      },
      {
        "name": "lacePart2",
        "parent": "lace2",
        "pivot": [0, 8, 0],
        "rotation": [0, 0, 25],
        "cubes": [
          {
            "origin": [-2.83654, 4.76268, -3],
            "size": [0, 2, 7],
            "uv": [24, 20]
          },
          {
            "origin": [-3.83654, 4.76268, 2],
            "size": [1, 2, 1],
            "uv": [40, 27]
          },
          {
            "origin": [-3.83654, 4.76268, 0],
            "size": [1, 2, 1],
            "uv": [40, 27]
          },
          {
            "origin": [-3.83654, 4.76268, -2],
            "size": [1, 2, 1],
            "uv": [40, 27]
          },
          {
            "origin": [-3.83654, 4.76268, -4],
            "size": [1, 2, 1],
            "uv": [40, 27]
          }
        ]
      },
      {
        "name": "lace3",
        "parent": "body",
        "pivot": [0, 17.5, 0],
        "rotation": [0, 180, 0]
      },
      {
        "name": "lacePart3",
        "parent": "lace3",
        "pivot": [0, 8, 0],
        "rotation": [0, 0, 25],
        "cubes": [
          {
            "origin": [-2.83654, 4.76268, -3],
            "size": [0, 2, 7],
            "uv": [24, 20]
          },
          {
            "origin": [-3.83654, 4.76268, 2],
            "size": [1, 2, 1],
            "uv": [40, 27]
          },
          {
            "origin": [-3.83654, 4.76268, 0],
            "size": [1, 2, 1],
            "uv": [40, 27]
          },
          {
            "origin": [-3.83654, 4.76268, -2],
            "size": [1, 2, 1],
            "uv": [40, 27]
          },
          {
            "origin": [-3.83654, 4.76268, -4],
            "size": [1, 2, 1],
            "uv": [40, 27]
          }
        ]
      },
      {
        "name": "lace4",
        "parent": "body",
        "pivot": [0, 17.5, 0],
        "rotation": [0, 90, 0]
      },
      {
        "name": "lacePart4",
        "parent": "lace4",
        "pivot": [0, 8, 0],
        "rotation": [0, 0, 25],
        "cubes": [
          {
            "origin": [-2.83654, 4.76268, -3],
            "size": [0, 2, 7],
            "uv": [24, 20]
          },
          {
            "origin": [-3.83654, 4.76268, 2],
            "size": [1, 2, 1],
            "uv": [40, 27]
          },
          {
            "origin": [-3.83654, 4.76268, 0],
            "size": [1, 2, 1],
            "uv": [40, 27]
          },
          {
            "origin": [-3.83654, 4.76268, -2],
            "size": [1, 2, 1],
            "uv": [40, 27]
          },
          {
            "origin": [-3.83654, 4.76268, -4],
            "size": [1, 2, 1],
            "uv": [40, 27]
          }
        ]
      },
      {
        "name": "bone3",
        "parent": "body",
        "pivot": [0, 17, 0],
        "rotation": [0, 0, -65],
        "cubes": [
          {
            "origin": [-1, 17, -3.5],
            "size": [1, 3, 1],
            "uv": [18, 35],
            "mirror": true
          }
        ]
      },
      {
        "name": "bone4",
        "parent": "body",
        "pivot": [0, 17, 0],
        "rotation": [0, 0, 65],
        "cubes": [
          {
            "origin": [0, 17, -3.5],
            "size": [1, 3, 1],
            "uv": [18, 35]
          }
        ]
      },
      {
        "name": "bone",
        "parent": "body",
        "pivot": [0, 14, 0],
        "rotation": [0, 0, 10],
        "cubes": [
          {
            "origin": [-3, 11, -3.001],
            "size": [3, 3, 6],
            "uv": [0, 41],
            "mirror": true
          }
        ]
      },
      {
        "name": "bone2",
        "parent": "body",
        "pivot": [0, 14, 0],
        "rotation": [0, 0, -10],
        "cubes": [
          {
            "origin": [0, 11, -3.001],
            "size": [3, 3, 6],
            "uv": [0, 41]
          }
        ]
      },
      {
        "name": "skirt",
        "parent": "body",
        "pivot": [-1, 0, -1],
        "cubes": [
          {
            "origin": [-3, 10.5, -3],
            "size": [6, 1, 6],
            "uv": [30, 20]
          },
          {
            "origin": [-3.5, 9.5, -3.5],
            "size": [7, 1, 7],
            "uv": [24, 0]
          },
          {
            "origin": [-4, 8.5, -4],
            "size": [8, 1, 8],
            "uv": [0, 26]
          },
          {
            "origin": [-4.5, 7.5, -4.5],
            "size": [9, 1, 9],
            "uv": [0, 16]
          }
        ]
      },
      {
        "name": "decoration",
        "parent": "body",
        "pivot": [0, 10.5, 0]
      },
      {
        "name": "bone8",
        "parent": "decoration",
        "pivot": [0, 17, 0],
        "rotation": [0, 0, 53],
        "cubes": [
          {
            "origin": [-0.5501, 15.05126, -3.25],
            "size": [0.5, 1, 0],
            "uv": [9, 17],
            "mirror": true
          },
          {
            "origin": [-0.0501, 15.05126, -3.25],
            "size": [0.5, 0.5, 0],
            "uv": [9, 17],
            "mirror": true
          }
        ]
      },
      {
        "name": "bone10",
        "parent": "decoration",
        "pivot": [0, 17, 0],
        "rotation": [0, 0, -53],
        "cubes": [
          {
            "origin": [0.0501, 15.05126, -3.25],
            "size": [0.5, 1, 0],
            "uv": [9, 17]
          },
          {
            "origin": [-0.4499, 15.05126, -3.25],
            "size": [0.5, 0.5, 0],
            "uv": [9, 17]
          }
        ]
      },
      {
        "name": "bone9",
        "parent": "decoration",
        "pivot": [0, 17, 0],
        "rotation": [0, 0, 40],
        "cubes": [
          {
            "origin": [0, 15, -3.25],
            "size": [0.5, 2, 0],
            "uv": [9, 17],
            "mirror": true
          }
        ]
      },
      {
        "name": "bone7",
        "parent": "decoration",
        "pivot": [0, 17, 0],
        "rotation": [0, 0, -40],
        "cubes": [
          {
            "origin": [-0.5, 15, -3.25],
            "size": [0.5, 2, 0],
            "uv": [9, 17]
          }
        ]
      },
      {
        "name": "bone5",
        "parent": "decoration",
        "pivot": [0, 17, 0],
        "rotation": [0, 0, 5],
        "cubes": [
          {
            "origin": [-0.5, 14, -3.25],
            "size": [0.5, 3, 0],
            "uv": [9, 17],
            "mirror": true
          }
        ]
      },
      {
        "name": "bone6",
        "parent": "decoration",
        "pivot": [0, 17, 0],
        "rotation": [0, 0, -5],
        "cubes": [
          {
            "origin": [0, 14, -3.25],
            "size": [0.5, 3, 0],
            "uv": [9, 17]
          }
        ]
      },
      {
        "name": "bone11",
        "parent": "body",
        "pivot": [0, 10.5, 0],
        "cubes": [
          {
            "origin": [2.25, 10.5, -3.5],
            "size": [1.5, 2, 1],
            "uv": [0, 59]
          },
          {
            "origin": [-2, 10.25, -4],
            "size": [4.25, 2.5, 1.5],
            "uv": [35, 56]
          },
          {
            "origin": [-3.5, 10.5, -3.5],
            "size": [1.5, 2, 1],
            "uv": [0, 59]
          },
          {
            "origin": [-4.5, 10, -1],
            "size": [0.5, 2, 2],
            "uv": [18, 55]
          },
          {
            "origin": [4, 10, -1],
            "size": [0.5, 2, 2],
            "uv": [18, 55]
          },
          {
            "origin": [-3, 10.5, 2.5],
            "size": [6, 2, 1],
            "uv": [0, 59]
          },
          {
            "origin": [3, 10.5, -3],
            "size": [1, 2, 6],
            "uv": [14, 54]
          },
          {
            "origin": [-4, 10.5, -3],
            "size": [1, 2, 6],
            "uv": [14, 54]
          }
        ]
      },
      {
        "name": "legLeft",
        "pivot": [2, 9, 0],
        "cubes": [
          {
            "origin": [0.5, -0.001, -1.5],
            "size": [3, 9, 3],
            "uv": [34, 42]
          }
        ]
      },
      {
        "name": "legRight",
        "pivot": [-2, 9, 0],
        "cubes": [
          {
            "origin": [-3.5, 0, -1.5],
            "size": [3, 9, 3],
            "uv": [34, 42]
          }
        ]
      },
      {
        "name": "chestPlateRight",
        "pivot": [-2, 15, 3]
      },
      {
        "name": "chestPlateLeft",
        "pivot": [2, 15, 3]
      }
    ]
  }
}