{
  "format_version": "1.10.0",
  "geometry.model": {
    "texturewidth": 256,
    "textureheight": 256,
    "visible_bounds_width": 5,
    "visible_bounds_height": 5,
    "visible_bounds_offset": [0, 2.5, 0],
    "bones": [
      {
        "name": "main",
        "pivot": [0, 0, 0]
      },
      {
        "name": "head",
        "parent": "main",
        "pivot": [0, 59, 10],
        "cubes": [
          {
            "origin": [-10, 59, -1],
            "size": [20, 1, 14],
            "uv": [28, 93]
          },
          {
            "origin": [-10, 60, 11],
            "size": [3, 4, 1],
            "uv": [64, 159]
          },
          {
            "origin": [-10, 64, -1],
            "size": [20, 1, 14],
            "uv": [28, 93]
          },
          {
            "origin": [-8, 62, 9],
            "size": [1, 1, 2],
            "uv": [83, 108]
          },
          {
            "origin": [-8, 60, 9],
            "size": [1, 1, 2],
            "uv": [83, 108]
          },
          {
            "origin": [-6, 61, 0],
            "size": [2, 2, 1],
            "uv": [77, 108]
          },
          {
            "origin": [-3, 60, -1],
            "size": [2, 4, 1],
            "uv": [70, 70]
          },
          {
            "origin": [-3, 60, 0],
            "size": [6, 4, 1],
            "uv": [118, 44]
          },
          {
            "origin": [1, 60, -1],
            "size": [2, 4, 1],
            "uv": [70, 70]
          },
          {
            "origin": [4, 61, 0],
            "size": [2, 2, 1],
            "uv": [44, 108]
          },
          {
            "origin": [-7, 60, 1],
            "size": [14, 4, 12],
            "uv": [118, 28]
          },
          {
            "origin": [7, 60, 9],
            "size": [1, 1, 2],
            "uv": [83, 108]
          },
          {
            "origin": [7, 62, 9],
            "size": [1, 1, 2],
            "uv": [83, 108]
          },
          {
            "origin": [7, 60, 11],
            "size": [3, 4, 1],
            "uv": [64, 159]
          },
          {
            "origin": [3, 65, 2],
            "size": [4, 9, 4],
            "uv": [0, 70]
          },
          {
            "origin": [-7, 65, 2],
            "size": [4, 9, 4],
            "uv": [0, 70]
          },
          {
            "origin": [-6, 74, 3],
            "size": [2, 1, 2],
            "uv": [36, 108]
          },
          {
            "origin": [4, 74, 3],
            "size": [2, 1, 2],
            "uv": [36, 108]
          },
          {
            "origin": [-4, 59, -3],
            "size": [8, 1, 2],
            "uv": [0, 63]
          },
          {
            "origin": [-4, 64, -3],
            "size": [8, 1, 2],
            "uv": [0, 63]
          },
          {
            "origin": [4, 75, 2],
            "size": [2, 6, 1],
            "uv": [0, 0]
          },
          {
            "origin": [3, 75, 2],
            "size": [1, 6, 4],
            "uv": [0, 130]
          },
          {
            "origin": [-6, 75, 2],
            "size": [2, 6, 1],
            "uv": [0, 0]
          },
          {
            "origin": [-7, 75, 2],
            "size": [1, 6, 4],
            "uv": [0, 130]
          },
          {
            "origin": [-4, 75, 2],
            "size": [1, 6, 4],
            "uv": [0, 130]
          },
          {
            "origin": [-6, 75, 5],
            "size": [2, 6, 1],
            "uv": [0, 0]
          },
          {
            "origin": [4, 75, 5],
            "size": [2, 6, 1],
            "uv": [0, 0]
          },
          {
            "origin": [6, 75, 2],
            "size": [1, 6, 4],
            "uv": [0, 130]
          }
        ]
      },
      {
        "name": "armLeft",
        "parent": "main",
        "pivot": [16, 50, 2],
        "cubes": [
          {
            "origin": [17, 46, -15],
            "size": [12, 1, 26],
            "uv": [66, 66],
            "mirror": true
          },
          {
            "origin": [20, 43, 2],
            "size": [6, 3, 6],
            "uv": [166, 74],
            "mirror": true
          },
          {
            "origin": [18, 30, 1],
            "size": [13, 13, 4],
            "uv": [149, 149],
            "mirror": true
          },
          {
            "origin": [18, 30, 5],
            "size": [14, 13, 6],
            "uv": [34, 140],
            "mirror": true
          },
          {
            "origin": [18, 30, -17],
            "size": [14, 13, 18],
            "uv": [72, 31],
            "mirror": true
          },
          {
            "origin": [26, 32, 11],
            "size": [4, 9, 1],
            "uv": [118, 28],
            "mirror": true
          },
          {
            "origin": [20, 32, 11],
            "size": [4, 9, 1],
            "uv": [118, 28],
            "mirror": true
          },
          {
            "origin": [24, 34, 11],
            "size": [2, 5, 3],
            "uv": [150, 85],
            "mirror": true
          },
          {
            "origin": [26, 33, 12],
            "size": [3, 7, 2],
            "uv": [151, 58],
            "mirror": true
          },
          {
            "origin": [21, 33, 12],
            "size": [3, 7, 2],
            "uv": [151, 58],
            "mirror": true
          },
          {
            "origin": [18, 30, -18],
            "size": [2, 13, 1],
            "uv": [102, 168],
            "mirror": true
          },
          {
            "origin": [30, 30, -18],
            "size": [2, 13, 1],
            "uv": [102, 168],
            "mirror": true
          },
          {
            "origin": [20, 30, -18],
            "size": [10, 2, 1],
            "uv": [70, 84],
            "mirror": true
          },
          {
            "origin": [20, 41, -18],
            "size": [10, 2, 1],
            "uv": [70, 84],
            "mirror": true
          },
          {
            "origin": [22, 37, -18],
            "size": [2, 1, 1],
            "uv": [53, 5],
            "mirror": true
          },
          {
            "origin": [26, 37, -18],
            "size": [2, 1, 1],
            "uv": [53, 5],
            "mirror": true
          },
          {
            "origin": [24, 34, -18],
            "size": [2, 1, 1],
            "uv": [53, 5],
            "mirror": true
          },
          {
            "origin": [31, 30, 1],
            "size": [1, 10, 4],
            "uv": [28, 93],
            "mirror": true
          },
          {
            "origin": [31, 41, 1],
            "size": [1, 2, 4],
            "uv": [62, 0],
            "mirror": true
          },
          {
            "origin": [32, 30, 1],
            "size": [1, 1, 4],
            "uv": [107, 155],
            "mirror": true
          },
          {
            "origin": [32, 34, -12],
            "size": [1, 5, 9],
            "uv": [0, 49],
            "mirror": true
          },
          {
            "origin": [23, 43, -15],
            "size": [3, 1, 1],
            "uv": [76, 90],
            "mirror": true
          },
          {
            "origin": [23, 29, -15],
            "size": [3, 1, 1],
            "uv": [76, 90],
            "mirror": true
          },
          {
            "origin": [16, 47, -14],
            "size": [14, 24, 25],
            "uv": [0, 0],
            "mirror": true
          },
          {
            "origin": [20, 69, 11],
            "size": [6, 3, 1],
            "uv": [98, 62],
            "mirror": true
          },
          {
            "origin": [30, 51, -15],
            "size": [3, 18, 22],
            "uv": [0, 90],
            "mirror": true
          },
          {
            "origin": [33, 51, -14],
            "size": [1, 18, 19],
            "uv": [77, 93],
            "mirror": true
          },
          {
            "origin": [31, 49, -10],
            "size": [2, 2, 4],
            "uv": [139, 19],
            "mirror": true
          },
          {
            "origin": [31, 49, -2],
            "size": [2, 2, 4],
            "uv": [139, 19],
            "mirror": true
          },
          {
            "origin": [32, 68, -13],
            "size": [3, 3, 22],
            "uv": [95, 108],
            "mirror": true
          },
          {
            "origin": [32, 51, 5],
            "size": [3, 17, 4],
            "uv": [0, 90],
            "mirror": true
          },
          {
            "origin": [29, 51, -17],
            "size": [4, 18, 2],
            "uv": [78, 28],
            "mirror": true
          },
          {
            "origin": [28, 64, -17],
            "size": [1, 3, 1],
            "uv": [62, 0],
            "mirror": true
          },
          {
            "origin": [28, 58, -17],
            "size": [1, 3, 1],
            "uv": [62, 0],
            "mirror": true
          },
          {
            "origin": [16, 69, -15],
            "size": [14, 2, 1],
            "uv": [53, 21],
            "mirror": true
          },
          {
            "origin": [16, 47, -15],
            "size": [14, 2, 1],
            "uv": [53, 21],
            "mirror": true
          },
          {
            "origin": [16, 49, -15],
            "size": [2, 20, 1],
            "uv": [16, 0],
            "mirror": true
          },
          {
            "origin": [28, 49, -15],
            "size": [2, 20, 1],
            "uv": [16, 0],
            "mirror": true
          },
          {
            "origin": [19, 60, -16],
            "size": [2, 7, 2],
            "uv": [0, 49],
            "mirror": true
          },
          {
            "origin": [19, 51, -16],
            "size": [2, 7, 2],
            "uv": [0, 49],
            "mirror": true
          },
          {
            "origin": [22, 60, -16],
            "size": [2, 7, 2],
            "uv": [0, 49],
            "mirror": true
          },
          {
            "origin": [22, 51, -16],
            "size": [2, 7, 2],
            "uv": [0, 49],
            "mirror": true
          },
          {
            "origin": [25, 60, -16],
            "size": [2, 7, 2],
            "uv": [0, 49],
            "mirror": true
          },
          {
            "origin": [25, 51, -16],
            "size": [2, 7, 2],
            "uv": [0, 49],
            "mirror": true
          },
          {
            "origin": [17, 71, -15],
            "size": [12, 1, 26],
            "uv": [66, 66],
            "mirror": true
          },
          {
            "origin": [19, 72, -3],
            "size": [8, 4, 10],
            "uv": [152, 85],
            "mirror": true
          },
          {
            "origin": [18, 72, -5],
            "size": [10, 8, 2],
            "uv": [149, 166],
            "mirror": true
          },
          {
            "origin": [25, 72, 7],
            "size": [2, 4, 1],
            "uv": [53, 0],
            "mirror": true
          },
          {
            "origin": [21, 75, 7],
            "size": [4, 1, 1],
            "uv": [10, 66],
            "mirror": true
          },
          {
            "origin": [19, 72, 7],
            "size": [2, 4, 1],
            "uv": [53, 0],
            "mirror": true
          },
          {
            "origin": [20, 76, -3],
            "size": [6, 2, 9],
            "uv": [161, 130],
            "mirror": true
          }
        ]
      },
      {
        "name": "armRight",
        "parent": "main",
        "pivot": [-16, 50, 2],
        "cubes": [
          {
            "origin": [-29, 46, -15],
            "size": [12, 1, 26],
            "uv": [66, 66]
          },
          {
            "origin": [-26, 43, 2],
            "size": [6, 3, 6],
            "uv": [166, 74]
          },
          {
            "origin": [-31, 30, 1],
            "size": [13, 13, 4],
            "uv": [149, 149]
          },
          {
            "origin": [-32, 30, 5],
            "size": [14, 13, 6],
            "uv": [34, 140]
          },
          {
            "origin": [-32, 30, -17],
            "size": [14, 13, 18],
            "uv": [72, 31]
          },
          {
            "origin": [-30, 32, 11],
            "size": [4, 9, 1],
            "uv": [118, 28]
          },
          {
            "origin": [-24, 32, 11],
            "size": [4, 9, 1],
            "uv": [118, 28]
          },
          {
            "origin": [-26, 34, 11],
            "size": [2, 5, 3],
            "uv": [150, 85]
          },
          {
            "origin": [-29, 33, 12],
            "size": [3, 7, 2],
            "uv": [151, 58]
          },
          {
            "origin": [-24, 33, 12],
            "size": [3, 7, 2],
            "uv": [151, 58]
          },
          {
            "origin": [-20, 30, -18],
            "size": [2, 13, 1],
            "uv": [102, 168]
          },
          {
            "origin": [-32, 30, -18],
            "size": [2, 13, 1],
            "uv": [102, 168]
          },
          {
            "origin": [-30, 30, -18],
            "size": [10, 2, 1],
            "uv": [70, 84]
          },
          {
            "origin": [-30, 41, -18],
            "size": [10, 2, 1],
            "uv": [70, 84]
          },
          {
            "origin": [-24, 37, -18],
            "size": [2, 1, 1],
            "uv": [53, 5]
          },
          {
            "origin": [-28, 37, -18],
            "size": [2, 1, 1],
            "uv": [53, 5]
          },
          {
            "origin": [-26, 34, -18],
            "size": [2, 1, 1],
            "uv": [53, 5]
          },
          {
            "origin": [-32, 30, 1],
            "size": [1, 10, 4],
            "uv": [28, 93]
          },
          {
            "origin": [-32, 41, 1],
            "size": [1, 2, 4],
            "uv": [62, 0]
          },
          {
            "origin": [-33, 30, 1],
            "size": [1, 1, 4],
            "uv": [107, 155]
          },
          {
            "origin": [-33, 34, -12],
            "size": [1, 5, 9],
            "uv": [0, 49]
          },
          {
            "origin": [-26, 43, -15],
            "size": [3, 1, 1],
            "uv": [76, 90]
          },
          {
            "origin": [-26, 29, -15],
            "size": [3, 1, 1],
            "uv": [76, 90]
          },
          {
            "origin": [-30, 47, -14],
            "size": [14, 24, 25],
            "uv": [0, 0]
          },
          {
            "origin": [-26, 69, 11],
            "size": [6, 3, 1],
            "uv": [98, 62]
          },
          {
            "origin": [-33, 51, -15],
            "size": [3, 18, 22],
            "uv": [0, 90]
          },
          {
            "origin": [-34, 51, -14],
            "size": [1, 18, 19],
            "uv": [77, 93]
          },
          {
            "origin": [-33, 49, -10],
            "size": [2, 2, 4],
            "uv": [139, 19]
          },
          {
            "origin": [-33, 49, -2],
            "size": [2, 2, 4],
            "uv": [139, 19]
          },
          {
            "origin": [-35, 68, -13],
            "size": [3, 3, 22],
            "uv": [95, 108]
          },
          {
            "origin": [-35, 51, 5],
            "size": [3, 17, 4],
            "uv": [0, 90]
          },
          {
            "origin": [-33, 51, -17],
            "size": [4, 18, 2],
            "uv": [78, 28]
          },
          {
            "origin": [-29, 64, -17],
            "size": [1, 3, 1],
            "uv": [62, 0]
          },
          {
            "origin": [-29, 58, -17],
            "size": [1, 3, 1],
            "uv": [62, 0]
          },
          {
            "origin": [-30, 69, -15],
            "size": [14, 2, 1],
            "uv": [53, 21]
          },
          {
            "origin": [-30, 47, -15],
            "size": [14, 2, 1],
            "uv": [53, 21]
          },
          {
            "origin": [-18, 49, -15],
            "size": [2, 20, 1],
            "uv": [16, 0]
          },
          {
            "origin": [-30, 49, -15],
            "size": [2, 20, 1],
            "uv": [16, 0]
          },
          {
            "origin": [-21, 60, -16],
            "size": [2, 7, 2],
            "uv": [0, 49]
          },
          {
            "origin": [-21, 51, -16],
            "size": [2, 7, 2],
            "uv": [0, 49]
          },
          {
            "origin": [-24, 60, -16],
            "size": [2, 7, 2],
            "uv": [0, 49]
          },
          {
            "origin": [-24, 51, -16],
            "size": [2, 7, 2],
            "uv": [0, 49]
          },
          {
            "origin": [-27, 60, -16],
            "size": [2, 7, 2],
            "uv": [0, 49]
          },
          {
            "origin": [-27, 51, -16],
            "size": [2, 7, 2],
            "uv": [0, 49]
          },
          {
            "origin": [-29, 71, -15],
            "size": [12, 1, 26],
            "uv": [66, 66]
          },
          {
            "origin": [-27, 72, -3],
            "size": [8, 4, 10],
            "uv": [152, 85]
          },
          {
            "origin": [-28, 72, -5],
            "size": [10, 8, 2],
            "uv": [149, 166]
          },
          {
            "origin": [-27, 72, 7],
            "size": [2, 4, 1],
            "uv": [53, 0]
          },
          {
            "origin": [-25, 75, 7],
            "size": [4, 1, 1],
            "uv": [10, 66]
          },
          {
            "origin": [-21, 72, 7],
            "size": [2, 4, 1],
            "uv": [53, 0]
          },
          {
            "origin": [-26, 76, -3],
            "size": [6, 2, 9],
            "uv": [161, 130]
          }
        ]
      },
      {
        "name": "legLeft",
        "parent": "main",
        "pivot": [5, 25, 0],
        "cubes": [
          {
            "origin": [5, 23, -3],
            "size": [3, 5, 5],
            "uv": [167, 11],
            "mirror": true
          },
          {
            "origin": [12, 23, -3],
            "size": [1, 5, 5],
            "uv": [82, 93],
            "mirror": true
          },
          {
            "origin": [8, 22, -4],
            "size": [4, 7, 7],
            "uv": [70, 70],
            "mirror": true
          },
          {
            "origin": [14, 22, -4],
            "size": [1, 7, 1],
            "uv": [38, 93],
            "mirror": true
          },
          {
            "origin": [14, 22, 2],
            "size": [1, 7, 1],
            "uv": [38, 93],
            "mirror": true
          },
          {
            "origin": [14, 22, -3],
            "size": [1, 1, 5],
            "uv": [22, 135],
            "mirror": true
          },
          {
            "origin": [9, 11, -8],
            "size": [8, 14, 13],
            "uv": [123, 93],
            "mirror": true
          },
          {
            "origin": [17, 17, -2],
            "size": [2, 4, 4],
            "uv": [116, 69],
            "mirror": true
          },
          {
            "origin": [19, 10, 3],
            "size": [4, 17, 1],
            "uv": [26, 167],
            "mirror": true
          },
          {
            "origin": [19, 10, -9],
            "size": [5, 17, 12],
            "uv": [0, 130],
            "mirror": true
          },
          {
            "origin": [22, 27, -8],
            "size": [1, 2, 3],
            "uv": [25, 0],
            "mirror": true
          },
          {
            "origin": [23, 26, 3],
            "size": [1, 1, 2],
            "uv": [78, 24],
            "mirror": true
          },
          {
            "origin": [18, 24, 4],
            "size": [2, 2, 2],
            "uv": [16, 21],
            "mirror": true
          },
          {
            "origin": [18, 11, 4],
            "size": [2, 2, 2],
            "uv": [16, 21],
            "mirror": true
          },
          {
            "origin": [23, 10, 3],
            "size": [1, 1, 2],
            "uv": [78, 24],
            "mirror": true
          },
          {
            "origin": [23, 11, 3],
            "size": [1, 4, 1],
            "uv": [88, 87],
            "mirror": true
          },
          {
            "origin": [23, 22, 3],
            "size": [1, 4, 1],
            "uv": [88, 87],
            "mirror": true
          },
          {
            "origin": [23, 22, 4],
            "size": [1, 2, 1],
            "uv": [68, 0],
            "mirror": true
          },
          {
            "origin": [23, 13, 4],
            "size": [1, 2, 1],
            "uv": [68, 0],
            "mirror": true
          },
          {
            "origin": [23, 16, 4],
            "size": [1, 5, 1],
            "uv": [38, 101],
            "mirror": true
          },
          {
            "origin": [22, 10, 4],
            "size": [1, 17, 1],
            "uv": [113, 165],
            "mirror": true
          },
          {
            "origin": [19, 15, 5],
            "size": [5, 7, 1],
            "uv": [65, 108],
            "mirror": true
          },
          {
            "origin": [19, 10, 4],
            "size": [2, 17, 1],
            "uv": [14, 90],
            "mirror": true
          },
          {
            "origin": [8, 10, -14],
            "size": [16, 17, 5],
            "uv": [75, 133],
            "mirror": true
          },
          {
            "origin": [6, 19, -13],
            "size": [2, 3, 1],
            "uv": [12, 70],
            "mirror": true
          },
          {
            "origin": [12, 27, -13],
            "size": [3, 2, 1],
            "uv": [84, 66],
            "mirror": true
          },
          {
            "origin": [20, 10, -15],
            "size": [4, 17, 1],
            "uv": [26, 167],
            "mirror": true
          },
          {
            "origin": [8, 10, -15],
            "size": [12, 3, 1],
            "uv": [72, 62],
            "mirror": true
          },
          {
            "origin": [11, 15, 5],
            "size": [4, 8, 1],
            "uv": [136, 44],
            "mirror": true
          },
          {
            "origin": [11, 23, 6],
            "size": [4, 1, 2],
            "uv": [0, 66],
            "mirror": true
          },
          {
            "origin": [10, 15, 6],
            "size": [1, 8, 2],
            "uv": [77, 170],
            "mirror": true
          },
          {
            "origin": [12, 16, 6],
            "size": [2, 6, 2],
            "uv": [11, 49],
            "mirror": true
          },
          {
            "origin": [15, 15, 6],
            "size": [1, 8, 2],
            "uv": [77, 170],
            "mirror": true
          },
          {
            "origin": [11, 14, 6],
            "size": [4, 1, 2],
            "uv": [0, 66],
            "mirror": true
          },
          {
            "origin": [14, 28, -3],
            "size": [1, 1, 5],
            "uv": [22, 135],
            "mirror": true
          },
          {
            "origin": [13, 22, -4],
            "size": [1, 7, 7],
            "uv": [53, 0],
            "mirror": true
          }
        ]
      },
      {
        "name": "foot",
        "parent": "legLeft",
        "pivot": [0, 0, 0],
        "cubes": [
          {
            "origin": [8, 0, 5],
            "size": [11, 2, 7],
            "uv": [158, 27],
            "mirror": true
          },
          {
            "origin": [8, 2, 5],
            "size": [11, 1, 6],
            "uv": [116, 85],
            "mirror": true
          },
          {
            "origin": [7, 0, -5],
            "size": [13, 4, 10],
            "uv": [136, 44],
            "mirror": true
          },
          {
            "origin": [8, 4, -4],
            "size": [11, 1, 8],
            "uv": [98, 93],
            "mirror": true
          },
          {
            "origin": [15, 3, -17],
            "size": [4, 1, 12],
            "uv": [78, 155],
            "mirror": true
          },
          {
            "origin": [15, 0, -18],
            "size": [4, 3, 13],
            "uv": [151, 58],
            "mirror": true
          },
          {
            "origin": [19, 0, -14],
            "size": [2, 3, 6],
            "uv": [86, 168],
            "mirror": true
          },
          {
            "origin": [19, 0, -8],
            "size": [1, 2, 3],
            "uv": [136, 133],
            "mirror": true
          },
          {
            "origin": [12, 0, -10],
            "size": [3, 4, 5],
            "uv": [51, 170],
            "mirror": true
          },
          {
            "origin": [12, 0, -15],
            "size": [3, 2, 5],
            "uv": [53, 159],
            "mirror": true
          },
          {
            "origin": [8, 3, -17],
            "size": [4, 1, 12],
            "uv": [78, 155],
            "mirror": true
          },
          {
            "origin": [8, 0, -18],
            "size": [4, 3, 13],
            "uv": [151, 58],
            "mirror": true
          },
          {
            "origin": [6, 0, -14],
            "size": [2, 3, 6],
            "uv": [86, 168],
            "mirror": true
          },
          {
            "origin": [7, 0, -8],
            "size": [1, 2, 3],
            "uv": [136, 133],
            "mirror": true
          },
          {
            "origin": [10, 7, -2],
            "size": [6, 4, 4],
            "uv": [36, 167],
            "mirror": true
          },
          {
            "origin": [11, 5, -1],
            "size": [4, 2, 2],
            "uv": [82, 103],
            "mirror": true
          }
        ]
      },
      {
        "name": "legRight",
        "parent": "main",
        "pivot": [-5, 25, 0],
        "cubes": [
          {
            "origin": [-8, 23, -3],
            "size": [3, 5, 5],
            "uv": [167, 11]
          },
          {
            "origin": [-13, 23, -3],
            "size": [1, 5, 5],
            "uv": [82, 93]
          },
          {
            "origin": [-12, 22, -4],
            "size": [4, 7, 7],
            "uv": [70, 70]
          },
          {
            "origin": [-15, 22, -4],
            "size": [1, 7, 1],
            "uv": [38, 93]
          },
          {
            "origin": [-15, 22, 2],
            "size": [1, 7, 1],
            "uv": [38, 93]
          },
          {
            "origin": [-15, 22, -3],
            "size": [1, 1, 5],
            "uv": [22, 135]
          },
          {
            "origin": [-17, 11, -8],
            "size": [8, 14, 13],
            "uv": [123, 93]
          },
          {
            "origin": [-19, 17, -2],
            "size": [2, 4, 4],
            "uv": [116, 69]
          },
          {
            "origin": [-23, 10, 3],
            "size": [4, 17, 1],
            "uv": [26, 167]
          },
          {
            "origin": [-24, 10, -9],
            "size": [5, 17, 12],
            "uv": [0, 130]
          },
          {
            "origin": [-23, 27, -8],
            "size": [1, 2, 3],
            "uv": [25, 0]
          },
          {
            "origin": [-24, 26, 3],
            "size": [1, 1, 2],
            "uv": [78, 24]
          },
          {
            "origin": [-20, 24, 4],
            "size": [2, 2, 2],
            "uv": [16, 21]
          },
          {
            "origin": [-20, 11, 4],
            "size": [2, 2, 2],
            "uv": [16, 21]
          },
          {
            "origin": [-24, 10, 3],
            "size": [1, 1, 2],
            "uv": [78, 24]
          },
          {
            "origin": [-24, 11, 3],
            "size": [1, 4, 1],
            "uv": [88, 87]
          },
          {
            "origin": [-24, 22, 3],
            "size": [1, 4, 1],
            "uv": [88, 87]
          },
          {
            "origin": [-24, 22, 4],
            "size": [1, 2, 1],
            "uv": [68, 0]
          },
          {
            "origin": [-24, 13, 4],
            "size": [1, 2, 1],
            "uv": [68, 0]
          },
          {
            "origin": [-24, 16, 4],
            "size": [1, 5, 1],
            "uv": [38, 101]
          },
          {
            "origin": [-23, 10, 4],
            "size": [1, 17, 1],
            "uv": [113, 165]
          },
          {
            "origin": [-24, 15, 5],
            "size": [5, 7, 1],
            "uv": [65, 108]
          },
          {
            "origin": [-21, 10, 4],
            "size": [2, 17, 1],
            "uv": [14, 90]
          },
          {
            "origin": [-24, 10, -14],
            "size": [16, 17, 5],
            "uv": [75, 133]
          },
          {
            "origin": [-8, 19, -13],
            "size": [2, 3, 1],
            "uv": [12, 70]
          },
          {
            "origin": [-15, 27, -13],
            "size": [3, 2, 1],
            "uv": [84, 66]
          },
          {
            "origin": [-24, 10, -15],
            "size": [4, 17, 1],
            "uv": [26, 167]
          },
          {
            "origin": [-20, 10, -15],
            "size": [12, 3, 1],
            "uv": [72, 62]
          },
          {
            "origin": [-15, 15, 5],
            "size": [4, 8, 1],
            "uv": [136, 44]
          },
          {
            "origin": [-15, 23, 6],
            "size": [4, 1, 2],
            "uv": [0, 66]
          },
          {
            "origin": [-11, 15, 6],
            "size": [1, 8, 2],
            "uv": [77, 170]
          },
          {
            "origin": [-14, 16, 6],
            "size": [2, 6, 2],
            "uv": [11, 49]
          },
          {
            "origin": [-16, 15, 6],
            "size": [1, 8, 2],
            "uv": [77, 170]
          },
          {
            "origin": [-15, 14, 6],
            "size": [4, 1, 2],
            "uv": [0, 66]
          },
          {
            "origin": [-15, 28, -3],
            "size": [1, 1, 5],
            "uv": [22, 135]
          },
          {
            "origin": [-14, 22, -4],
            "size": [1, 7, 7],
            "uv": [53, 0]
          }
        ]
      },
      {
        "name": "foot2",
        "parent": "legRight",
        "pivot": [0, 0, 0],
        "cubes": [
          {
            "origin": [-19, 0, 5],
            "size": [11, 2, 7],
            "uv": [158, 27]
          },
          {
            "origin": [-19, 2, 5],
            "size": [11, 1, 6],
            "uv": [116, 85]
          },
          {
            "origin": [-20, 0, -5],
            "size": [13, 4, 10],
            "uv": [136, 44]
          },
          {
            "origin": [-19, 4, -4],
            "size": [11, 1, 8],
            "uv": [98, 93]
          },
          {
            "origin": [-19, 3, -17],
            "size": [4, 1, 12],
            "uv": [78, 155]
          },
          {
            "origin": [-19, 0, -18],
            "size": [4, 3, 13],
            "uv": [151, 58]
          },
          {
            "origin": [-21, 0, -14],
            "size": [2, 3, 6],
            "uv": [86, 168]
          },
          {
            "origin": [-20, 0, -8],
            "size": [1, 2, 3],
            "uv": [136, 133]
          },
          {
            "origin": [-15, 0, -10],
            "size": [3, 4, 5],
            "uv": [51, 170]
          },
          {
            "origin": [-15, 0, -15],
            "size": [3, 2, 5],
            "uv": [53, 159]
          },
          {
            "origin": [-12, 3, -17],
            "size": [4, 1, 12],
            "uv": [78, 155]
          },
          {
            "origin": [-12, 0, -18],
            "size": [4, 3, 13],
            "uv": [151, 58]
          },
          {
            "origin": [-8, 0, -14],
            "size": [2, 3, 6],
            "uv": [86, 168]
          },
          {
            "origin": [-8, 0, -8],
            "size": [1, 2, 3],
            "uv": [136, 133]
          },
          {
            "origin": [-16, 7, -2],
            "size": [6, 4, 4],
            "uv": [36, 167]
          },
          {
            "origin": [-15, 5, -1],
            "size": [4, 2, 2],
            "uv": [82, 103]
          }
        ]
      },
      {
        "name": "body",
        "parent": "main",
        "pivot": [0, 0, 0],
        "cubes": [
          {
            "origin": [-13, 43, -14],
            "size": [26, 2, 19],
            "uv": [53, 0]
          },
          {
            "origin": [-13, 35, -15],
            "size": [26, 1, 20],
            "uv": [0, 49]
          },
          {
            "origin": [-13, 33, -14],
            "size": [26, 2, 18],
            "uv": [0, 70]
          },
          {
            "origin": [-4, 30, -11],
            "size": [8, 3, 15],
            "uv": [130, 130]
          },
          {
            "origin": [-5, 22, -11],
            "size": [10, 8, 15],
            "uv": [116, 62]
          },
          {
            "origin": [-4, 21, -10],
            "size": [8, 1, 15],
            "uv": [136, 11]
          },
          {
            "origin": [-5, 22, 4],
            "size": [10, 8, 1],
            "uv": [54, 120]
          },
          {
            "origin": [-4, 22, 5],
            "size": [8, 8, 1],
            "uv": [98, 102]
          },
          {
            "origin": [-2, 22, 6],
            "size": [4, 7, 1],
            "uv": [78, 155]
          },
          {
            "origin": [-3, 25, 6],
            "size": [6, 2, 2],
            "uv": [0, 83]
          },
          {
            "origin": [-5, 25, -14],
            "size": [2, 5, 3],
            "uv": [170, 36]
          },
          {
            "origin": [3, 25, -14],
            "size": [2, 5, 3],
            "uv": [67, 170]
          },
          {
            "origin": [-5, 23, -13],
            "size": [2, 2, 2],
            "uv": [28, 108]
          },
          {
            "origin": [3, 23, -13],
            "size": [2, 2, 2],
            "uv": [14, 108]
          },
          {
            "origin": [-13, 39, -14],
            "size": [26, 1, 6],
            "uv": [78, 21]
          },
          {
            "origin": [13, 35, -15],
            "size": [2, 10, 21],
            "uv": [29, 109],
            "mirror": true
          },
          {
            "origin": [-15, 35, -15],
            "size": [2, 10, 21],
            "uv": [29, 109]
          },
          {
            "origin": [-13, 35, 5],
            "size": [26, 10, 1],
            "uv": [124, 0]
          },
          {
            "origin": [-13, 35, -11],
            "size": [26, 9, 1],
            "uv": [123, 120]
          },
          {
            "origin": [-6, 36, 6],
            "size": [12, 23, 4],
            "uv": [117, 148]
          },
          {
            "origin": [-6, 41, 10],
            "size": [12, 18, 1],
            "uv": [0, 159]
          },
          {
            "origin": [-6, 52, 11],
            "size": [12, 7, 1],
            "uv": [124, 11]
          },
          {
            "origin": [-3, 46, 11],
            "size": [6, 6, 1],
            "uv": [116, 62]
          },
          {
            "origin": [-1, 42, 11],
            "size": [2, 4, 1],
            "uv": [85, 70]
          },
          {
            "origin": [4, 48, 11],
            "size": [2, 4, 1],
            "uv": [116, 85]
          },
          {
            "origin": [-6, 48, 11],
            "size": [2, 4, 1],
            "uv": [89, 93]
          },
          {
            "origin": [-6, 42, 11],
            "size": [3, 6, 1],
            "uv": [54, 108]
          },
          {
            "origin": [3, 42, 11],
            "size": [3, 6, 1],
            "uv": [98, 93]
          },
          {
            "origin": [-6, 41, 11],
            "size": [12, 1, 1],
            "uv": [88, 28]
          },
          {
            "origin": [1, 52, 12],
            "size": [5, 4, 1],
            "uv": [112, 133]
          },
          {
            "origin": [-6, 52, 12],
            "size": [5, 4, 1],
            "uv": [112, 133]
          },
          {
            "origin": [3, 42, 12],
            "size": [3, 6, 1],
            "uv": [128, 93]
          },
          {
            "origin": [-6, 42, 12],
            "size": [3, 6, 1],
            "uv": [128, 93]
          },
          {
            "origin": [1, 41, 12],
            "size": [5, 1, 1],
            "uv": [72, 66]
          },
          {
            "origin": [-6, 41, 12],
            "size": [5, 1, 1],
            "uv": [72, 66]
          },
          {
            "origin": [4, 48, 12],
            "size": [2, 4, 1],
            "uv": [116, 102]
          },
          {
            "origin": [-6, 48, 12],
            "size": [2, 4, 1],
            "uv": [116, 102]
          },
          {
            "origin": [1, 46, 12],
            "size": [2, 6, 1],
            "uv": [9, 0]
          },
          {
            "origin": [-3, 46, 12],
            "size": [2, 6, 1],
            "uv": [9, 0]
          },
          {
            "origin": [-6, 57, 12],
            "size": [12, 2, 1],
            "uv": [28, 90]
          },
          {
            "origin": [13, 45, -15],
            "size": [2, 1, 14],
            "uv": [60, 155],
            "mirror": true
          },
          {
            "origin": [-15, 45, -15],
            "size": [2, 1, 14],
            "uv": [60, 155]
          },
          {
            "origin": [-5, 35, -16],
            "size": [10, 10, 2],
            "uv": [165, 99]
          },
          {
            "origin": [-5, 45, -16],
            "size": [10, 1, 7],
            "uv": [26, 159]
          },
          {
            "origin": [-5, 45, -4],
            "size": [1, 3, 9],
            "uv": [54, 108]
          },
          {
            "origin": [4, 45, -4],
            "size": [1, 3, 9],
            "uv": [54, 108]
          },
          {
            "origin": [-4, 45, -5],
            "size": [8, 4, 1],
            "uv": [53, 14]
          },
          {
            "origin": [-5, 34, -15],
            "size": [10, 1, 1],
            "uv": [54, 90]
          },
          {
            "origin": [8, 45, -11],
            "size": [5, 1, 8],
            "uv": [165, 111],
            "mirror": true
          },
          {
            "origin": [-13, 45, -11],
            "size": [5, 1, 8],
            "uv": [165, 111]
          },
          {
            "origin": [9, 45, -1],
            "size": [6, 5, 7],
            "uv": [117, 133],
            "mirror": true
          },
          {
            "origin": [-15, 45, -1],
            "size": [6, 5, 7],
            "uv": [117, 133]
          },
          {
            "origin": [14, 50, -1],
            "size": [1, 4, 7],
            "uv": [98, 155],
            "mirror": true
          },
          {
            "origin": [-15, 50, -1],
            "size": [1, 4, 7],
            "uv": [98, 155]
          },
          {
            "origin": [15, 36, -1],
            "size": [1, 18, 7],
            "uv": [0, 0],
            "mirror": true
          },
          {
            "origin": [-16, 36, -1],
            "size": [1, 18, 7],
            "uv": [0, 0]
          },
          {
            "origin": [11, 50, 1],
            "size": [3, 3, 3],
            "uv": [152, 99],
            "mirror": true
          },
          {
            "origin": [-14, 50, 1],
            "size": [3, 3, 3],
            "uv": [152, 99]
          }
        ]
      }
    ]
  }
}