{
  "format_version": "1.10.0",
  "geometry.model": {
    "texturewidth": 256,
    "textureheight": 256,
    "visible_bounds_width": 9,
    "visible_bounds_height": 3,
    "visible_bounds_offset": [0, 1.5, 0],
    "bones": [
      {
        "name": "xin2",
        "pivot": [-49, 0, 0],
        "cubes": [
          {
            "origin": [-52.5, 0, 6.5],
            "size": [3, 24, 1],
            "uv": [110, 79]
          },
          {
            "origin": [-37.5, 0, 6.5],
            "size": [3, 36, 1],
            "uv": [84, 84]
          },
          {
            "origin": [-28.5, 0, 6.5],
            "size": [3, 24, 1],
            "uv": [110, 79]
          },
          {
            "origin": [-34.5, 33, 6.5],
            "size": [12, 3, 1],
            "uv": [83, 70]
          },
          {
            "origin": [-34.5, 24, 6.5],
            "size": [12, 3, 1],
            "uv": [83, 70]
          },
          {
            "origin": [-61.5, 24, 6.5],
            "size": [21, 3, 1],
            "uv": [74, 41]
          },
          {
            "origin": [-61.5, 15, 6.5],
            "size": [21, 3, 1],
            "uv": [74, 41]
          },
          {
            "origin": [-61.5, 33, 6.5],
            "size": [21, 3, 1],
            "uv": [74, 41]
          },
          {
            "origin": [-58.5, 27, 6.5],
            "size": [3, 6, 1],
            "uv": [54, 111]
          },
          {
            "origin": [-52.5, 36, 6.5],
            "size": [3, 3, 1],
            "uv": [62, 115]
          },
          {
            "origin": [-46.5, 27, 6.5],
            "size": [3, 6, 1],
            "uv": [54, 111]
          }
        ]
      },
      {
        "name": "bone2",
        "parent": "xin2",
        "pivot": [-42, 16.5, 6],
        "rotation": [0, 0, 45],
        "cubes": [
          {
            "origin": [-49.86396, -5.86396, 6.5],
            "size": [3, 16, 1],
            "uv": [10, 111]
          },
          {
            "origin": [-48.36396, 8.63604, 6.5],
            "size": [10, 3, 1],
            "uv": [84, 60]
          }
        ]
      },
      {
        "name": "bao2",
        "pivot": [0, 0, 0],
        "cubes": [
          {
            "origin": [-16.5, 33, 6.5],
            "size": [33, 3, 1],
            "uv": [74, 9]
          },
          {
            "origin": [-19.5, 27, 6.5],
            "size": [3, 9, 1],
            "uv": [36, 111]
          },
          {
            "origin": [16.5, 27, 6.5],
            "size": [3, 9, 1],
            "uv": [36, 111]
          },
          {
            "origin": [-12, 12, 6.5],
            "size": [24, 3, 1],
            "uv": [74, 32]
          },
          {
            "origin": [-12, 24, 6.5],
            "size": [24, 3, 1],
            "uv": [74, 32]
          },
          {
            "origin": [-1.5, 3, 6.5],
            "size": [3, 21, 1],
            "uv": [102, 79]
          },
          {
            "origin": [-1.5, 36, 6.5],
            "size": [3, 3, 1],
            "uv": [62, 115]
          },
          {
            "origin": [-19.5, 0, 6.5],
            "size": [39, 3, 1],
            "uv": [74, 0]
          }
        ]
      },
      {
        "name": "dao2",
        "pivot": [0, 0, 0],
        "cubes": [
          {
            "origin": [28.5, 9, 6.5],
            "size": [33, 3, 1],
            "uv": [74, 9]
          },
          {
            "origin": [28.5, 15, 6.5],
            "size": [33, 3, 1],
            "uv": [74, 9]
          },
          {
            "origin": [55.5, 21, 6.5],
            "size": [3, 15, 1],
            "uv": [18, 111]
          },
          {
            "origin": [28.5, 21, 6.5],
            "size": [27, 3, 1],
            "uv": [74, 18]
          },
          {
            "origin": [28.5, 27, 6.5],
            "size": [27, 3, 1],
            "uv": [74, 18]
          },
          {
            "origin": [28.5, 33, 6.5],
            "size": [27, 3, 1],
            "uv": [74, 18]
          },
          {
            "origin": [40.5, 36, 6.5],
            "size": [3, 3, 1],
            "uv": [62, 115]
          },
          {
            "origin": [25.5, 9, 6.5],
            "size": [3, 27, 1],
            "uv": [102, 102]
          },
          {
            "origin": [52.5, 0, 6.5],
            "size": [9, 3, 1],
            "uv": [84, 64]
          },
          {
            "origin": [22.5, 0, 6.5],
            "size": [3, 6, 1],
            "uv": [54, 111]
          },
          {
            "origin": [34.5, 3, 6.5],
            "size": [3, 6, 1],
            "uv": [54, 111]
          },
          {
            "origin": [46.5, 0, 6.5],
            "size": [3, 6, 1],
            "uv": [54, 111]
          },
          {
            "origin": [58.5, 3, 6.5],
            "size": [3, 6, 1],
            "uv": [54, 111]
          },
          {
            "origin": [25.5, 0, 6.5],
            "size": [21, 3, 1],
            "uv": [74, 41]
          }
        ]
      },
      {
        "name": "xin3",
        "pivot": [-49, 0, 0],
        "cubes": [
          {
            "origin": [-53, -0.5, 7],
            "size": [4, 24, 1],
            "uv": [110, 110]
          },
          {
            "origin": [-38, -0.5, 7],
            "size": [4, 37, 1],
            "uv": [74, 79]
          },
          {
            "origin": [-29, -0.5, 7],
            "size": [4, 24, 1],
            "uv": [110, 110]
          },
          {
            "origin": [-34, 32.5, 7],
            "size": [12, 4, 1],
            "uv": [84, 50]
          },
          {
            "origin": [-34, 23.5, 7],
            "size": [12, 4, 1],
            "uv": [84, 50]
          },
          {
            "origin": [-62, 23.5, 7],
            "size": [22, 4, 1],
            "uv": [74, 36]
          },
          {
            "origin": [-62, 14.5, 7],
            "size": [22, 4, 1],
            "uv": [74, 36]
          },
          {
            "origin": [-62, 32.5, 7],
            "size": [22, 4, 1],
            "uv": [74, 36]
          },
          {
            "origin": [-53, 36.5, 7],
            "size": [4, 3, 1],
            "uv": [62, 111]
          },
          {
            "origin": [-47, 27.5, 7],
            "size": [4, 5, 1],
            "uv": [44, 111]
          },
          {
            "origin": [-59, 27.5, 7],
            "size": [4, 5, 1],
            "uv": [44, 111]
          }
        ]
      },
      {
        "name": "bone3",
        "parent": "xin3",
        "pivot": [-42, 16.5, 6],
        "rotation": [0, 0, 45],
        "cubes": [
          {
            "origin": [-50.364, -6.364, 7],
            "size": [4, 14, 1],
            "uv": [0, 111]
          },
          {
            "origin": [-45.864, 8.136, 7],
            "size": [8, 4, 1],
            "uv": [84, 79]
          }
        ]
      },
      {
        "name": "bao3",
        "pivot": [0, 0, 0],
        "cubes": [
          {
            "origin": [-16, 32.5, 7],
            "size": [32, 4, 1],
            "uv": [74, 13]
          },
          {
            "origin": [-20, 26.5, 7],
            "size": [4, 10, 1],
            "uv": [26, 111]
          },
          {
            "origin": [16, 26.5, 7],
            "size": [4, 10, 1],
            "uv": [26, 111]
          },
          {
            "origin": [-12.5, 11.5, 7],
            "size": [25, 4, 1],
            "uv": [74, 27]
          },
          {
            "origin": [-12.5, 23.5, 7],
            "size": [25, 4, 1],
            "uv": [74, 27]
          },
          {
            "origin": [-2, 3.5, 7],
            "size": [4, 20, 1],
            "uv": [74, 50]
          },
          {
            "origin": [-2, 36.5, 7],
            "size": [4, 3, 1],
            "uv": [110, 50]
          },
          {
            "origin": [-20, -0.5, 7],
            "size": [40, 4, 1],
            "uv": [74, 74]
          }
        ]
      },
      {
        "name": "dao3",
        "pivot": [0, 0, 0],
        "cubes": [
          {
            "origin": [46, -0.5, 7],
            "size": [4, 7, 1],
            "uv": [92, 84]
          },
          {
            "origin": [22, -0.5, 7],
            "size": [4, 7, 1],
            "uv": [92, 84]
          },
          {
            "origin": [34, 3.5, 7],
            "size": [4, 5, 1],
            "uv": [110, 104]
          },
          {
            "origin": [58, 3.5, 7],
            "size": [4, 5, 1],
            "uv": [110, 104]
          },
          {
            "origin": [26, -0.5, 7],
            "size": [20, 4, 1],
            "uv": [74, 45]
          },
          {
            "origin": [29, 8.5, 7],
            "size": [33, 4, 1],
            "uv": [74, 4]
          },
          {
            "origin": [29, 14.5, 7],
            "size": [33, 4, 1],
            "uv": [74, 4]
          },
          {
            "origin": [29, 20.5, 7],
            "size": [26, 4, 1],
            "uv": [74, 22]
          },
          {
            "origin": [29, 26.5, 7],
            "size": [26, 4, 1],
            "uv": [74, 22]
          },
          {
            "origin": [29, 32.5, 7],
            "size": [26, 4, 1],
            "uv": [74, 22]
          },
          {
            "origin": [55, 20.5, 7],
            "size": [4, 16, 1],
            "uv": [109, 54]
          },
          {
            "origin": [25, 8.5, 7],
            "size": [4, 28, 1],
            "uv": [92, 92]
          },
          {
            "origin": [40, 36.5, 7],
            "size": [4, 3, 1],
            "uv": [110, 50]
          },
          {
            "origin": [52, -0.5, 7],
            "size": [10, 4, 1],
            "uv": [84, 55]
          }
        ]
      },
      {
        "name": "bone",
        "pivot": [0, 0, 0],
        "cubes": [
          {
            "origin": [-18.5, 1, 6],
            "size": [37, 37, 0],
            "uv": [0, 74]
          },
          {
            "origin": [-60.5, 1, 6],
            "size": [37, 37, 0],
            "uv": [0, 0]
          },
          {
            "origin": [23.5, 1, 6],
            "size": [37, 37, 0],
            "uv": [0, 37]
          }
        ]
      },
      {
        "name": "star",
        "pivot": [6, 8, 7]
      },
      {
        "name": "star1",
        "parent": "star",
        "pivot": [6, 8, 7]
      },
      {
        "name": "bone4",
        "parent": "star1",
        "pivot": [6, 8, 7],
        "cubes": [
          {
            "origin": [4, 7.5, 7],
            "size": [4, 1, 1],
            "uv": [84, 68]
          }
        ]
      },
      {
        "name": "bone5",
        "parent": "star1",
        "pivot": [6, 8, 7],
        "rotation": [0, 0, -36],
        "cubes": [
          {
            "origin": [3.61803, 6.3244, 7],
            "size": [4, 1, 1],
            "uv": [84, 68]
          }
        ]
      },
      {
        "name": "bone6",
        "parent": "star1",
        "pivot": [6, 8, 7],
        "rotation": [0, 0, 36],
        "cubes": [
          {
            "origin": [4.38197, 6.3244, 7],
            "size": [4, 1, 1],
            "uv": [84, 68]
          }
        ]
      },
      {
        "name": "bone7",
        "parent": "star1",
        "pivot": [6, 8, 7],
        "rotation": [0, 0, -108],
        "cubes": [
          {
            "origin": [3.38197, 7.051, 7],
            "size": [4, 1, 1],
            "uv": [84, 68]
          }
        ]
      },
      {
        "name": "bone8",
        "parent": "star1",
        "pivot": [6, 8, 7],
        "rotation": [0, 0, -72],
        "cubes": [
          {
            "origin": [3.38197, 7.949, 7],
            "size": [4, 1, 1],
            "uv": [84, 68]
          }
        ]
      },
      {
        "name": "star2",
        "parent": "star",
        "pivot": [6, 8, 6]
      },
      {
        "name": "bone9",
        "parent": "star2",
        "pivot": [6, 8, 6],
        "cubes": [
          {
            "origin": [4.5, 7.6, 6.5],
            "size": [3, 0.5, 1],
            "uv": [104, 84]
          }
        ]
      },
      {
        "name": "bone10",
        "parent": "star2",
        "pivot": [6, 8, 6],
        "rotation": [0, 0, -36],
        "cubes": [
          {
            "origin": [4.12536, 6.74695, 6.5],
            "size": [3, 0.5, 1],
            "uv": [104, 84]
          }
        ]
      },
      {
        "name": "bone11",
        "parent": "star2",
        "pivot": [6, 8, 6],
        "rotation": [0, 0, 36],
        "cubes": [
          {
            "origin": [4.87464, 6.74695, 6.5],
            "size": [3, 0.5, 1],
            "uv": [104, 84]
          }
        ]
      },
      {
        "name": "bone12",
        "parent": "star2",
        "pivot": [6, 8, 6],
        "rotation": [0, 0, -72],
        "cubes": [
          {
            "origin": [3.89382, 8.04045, 6.5],
            "size": [3, 0.5, 1],
            "uv": [104, 84]
          }
        ]
      },
      {
        "name": "bone13",
        "parent": "star2",
        "pivot": [6, 8, 6],
        "rotation": [0, 0, -108],
        "cubes": [
          {
            "origin": [3.89382, 7.45955, 6.5],
            "size": [3, 0.5, 1],
            "uv": [104, 84]
          }
        ]
      }
    ]
  }
}