{
  "format_version": "1.10.0",
  "geometry.model": {
    "texturewidth": 128,
    "textureheight": 128,
    "visible_bounds_width": 3,
    "visible_bounds_height": 2,
    "visible_bounds_offset": [0, 1, 0],
    "bones": [
      {
        "name": "head",
        "pivot": [0, 18, 0]
      },
      {
        "name": "eye",
        "parent": "head",
        "pivot": [0, 18, 0],
        "cubes": [
          {
            "origin": [-3, 19.5, -3.501],
            "size": [2, 2, 0],
            "uv": [18, 110]
          },
          {
            "origin": [1, 19.5, -3.501],
            "size": [2, 2, 0],
            "uv": [18, 108]
          }
        ]
      },
      {
        "name": "bone100",
        "parent": "eye",
        "pivot": [0, 18, 0],
        "rotation": [15, 0, 0],
        "cubes": [
          {
            "origin": [1, 21.62687, -2.47584],
            "size": [2, 1, 0],
            "uv": [22, 109]
          },
          {
            "origin": [-3, 21.62687, -2.47584],
            "size": [2, 1, 0],
            "uv": [22, 108]
          }
        ]
      },
      {
        "name": "blink",
        "parent": "head",
        "pivot": [0, 18, 0],
        "cubes": [
          {
            "origin": [-3, 19.5, -3.502],
            "size": [2, 2, 0],
            "uv": [14, 110]
          },
          {
            "origin": [1, 19.5, -3.502],
            "size": [2, 2, 0],
            "uv": [14, 108]
          }
        ]
      },
      {
        "name": "hairUpper",
        "parent": "head",
        "pivot": [0, 0, 0],
        "cubes": [
          {
            "origin": [-3, 19, -4],
            "size": [6, 6, 8],
            "uv": [0, 0]
          },
          {
            "origin": [-3, 25, -3],
            "size": [6, 1, 6],
            "uv": [28, 14]
          },
          {
            "origin": [-4, 19.001, -2.999],
            "size": [8, 6, 6],
            "uv": [0, 14]
          },
          {
            "origin": [-3.5, 18.5, -3.5],
            "size": [7, 7, 7],
            "uv": [28, 0]
          }
        ]
      },
      {
        "name": "hairLower",
        "parent": "head",
        "pivot": [0, 19, 0]
      },
      {
        "name": "bone13",
        "parent": "hairLower",
        "pivot": [-4, 18, -4],
        "rotation": [0, 0, 10],
        "cubes": [
          {
            "origin": [-4.17382, 15.98579, -2.999],
            "size": [1, 3, 1],
            "uv": [8, 90]
          }
        ]
      },
      {
        "name": "ahoge",
        "parent": "head",
        "pivot": [0, 26, 0],
        "cubes": [
          {
            "origin": [-2, 26, 0],
            "size": [4, 4, 0],
            "uv": [24, 75]
          }
        ]
      },
      {
        "name": "braid",
        "parent": "head",
        "pivot": [0, 0, 0]
      },
      {
        "name": "bone6",
        "parent": "braid",
        "pivot": [0, 0, 0],
        "rotation": [35, -45, 0]
      },
      {
        "name": "bone5",
        "parent": "bone6",
        "pivot": [0, 0, 0],
        "rotation": [0, -135, 0],
        "cubes": [
          {
            "origin": [2.8393, 16.40336, -4.8403],
            "size": [0.5, 0.5, 1],
            "uv": [23, 9]
          },
          {
            "origin": [3.0893, 16.90336, -5.0903],
            "size": [0.5, 0.5, 1],
            "uv": [23, 9]
          },
          {
            "origin": [3.3393, 17.40336, -5.3403],
            "size": [0.5, 0.5, 1],
            "uv": [23, 9]
          },
          {
            "origin": [3.5893, 17.90336, -5.5903],
            "size": [0.5, 0.5, 1],
            "uv": [23, 9]
          },
          {
            "origin": [3.3393, 16.40336, -4.3403],
            "size": [0.5, 0.5, 0.5],
            "uv": [23, 9]
          },
          {
            "origin": [3.5893, 16.90336, -4.5903],
            "size": [0.5, 0.5, 0.5],
            "uv": [23, 9]
          },
          {
            "origin": [3.8393, 17.40336, -4.8403],
            "size": [0.5, 0.5, 0.5],
            "uv": [23, 9]
          },
          {
            "origin": [4.0893, 17.90336, -5.0903],
            "size": [0.5, 0.5, 0.5],
            "uv": [23, 9]
          },
          {
            "origin": [3.8393, 18.40336, -5.8403],
            "size": [0.5, 0.5, 1],
            "uv": [23, 9]
          },
          {
            "origin": [4.0893, 18.90336, -6.0903],
            "size": [0.5, 0.5, 1],
            "uv": [23, 9]
          },
          {
            "origin": [4.3393, 19.40336, -6.3403],
            "size": [0.5, 0.5, 1],
            "uv": [23, 9]
          },
          {
            "origin": [4.5893, 19.90336, -6.5903],
            "size": [0.5, 0.5, 1],
            "uv": [23, 9]
          },
          {
            "origin": [4.3393, 18.40336, -5.3403],
            "size": [0.5, 0.5, 0.5],
            "uv": [23, 9]
          },
          {
            "origin": [4.5893, 18.90336, -5.5903],
            "size": [0.5, 0.5, 0.5],
            "uv": [23, 9]
          },
          {
            "origin": [4.8393, 19.40336, -5.8403],
            "size": [0.5, 0.5, 0.5],
            "uv": [23, 9]
          },
          {
            "origin": [5.0893, 19.90336, -6.0903],
            "size": [0.5, 0.5, 0.5],
            "uv": [23, 9]
          },
          {
            "origin": [4.8393, 20.40336, -6.8403],
            "size": [0.5, 0.5, 1],
            "uv": [23, 9]
          },
          {
            "origin": [5.0893, 20.90336, -7.0903],
            "size": [0.5, 0.5, 1],
            "uv": [23, 9]
          },
          {
            "origin": [5.3393, 21.40336, -7.3403],
            "size": [0.5, 0.5, 1],
            "uv": [23, 9]
          },
          {
            "origin": [5.5893, 21.90336, -7.5903],
            "size": [0.5, 0.5, 1],
            "uv": [23, 9]
          },
          {
            "origin": [5.3393, 20.40336, -6.3403],
            "size": [0.5, 0.5, 0.5],
            "uv": [23, 9]
          },
          {
            "origin": [5.5893, 20.90336, -6.5903],
            "size": [0.5, 0.5, 0.5],
            "uv": [23, 9]
          },
          {
            "origin": [5.8393, 21.40336, -6.8403],
            "size": [0.5, 0.5, 0.5],
            "uv": [23, 9]
          },
          {
            "origin": [6.0893, 21.90336, -7.0903],
            "size": [0.5, 0.5, 0.5],
            "uv": [23, 9]
          }
        ]
      },
      {
        "name": "ponytail",
        "parent": "head",
        "pivot": [0, 20, 0],
        "cubes": [
          {
            "origin": [-0.5, 11.84695, 1.925],
            "size": [1, 1, 1],
            "uv": [6, 110]
          }
        ]
      },
      {
        "name": "hairLower3",
        "parent": "ponytail",
        "pivot": [3, 21, 3],
        "rotation": [0, 0, -5]
      },
      {
        "name": "bone29",
        "parent": "hairLower3",
        "pivot": [4, 21, 3],
        "cubes": [
          {
            "origin": [3, 18.001, 2.001],
            "size": [1, 3, 1],
            "uv": [4, 90]
          }
        ]
      },
      {
        "name": "bone21",
        "parent": "hairLower3",
        "pivot": [4, 21, 3],
        "rotation": [0, 0, 40],
        "cubes": [
          {
            "origin": [4.92772, 16.70263, 2.001],
            "size": [1, 2, 1],
            "uv": [4, 101]
          }
        ]
      },
      {
        "name": "bone35",
        "parent": "hairLower3",
        "pivot": [4, 21, 3],
        "rotation": [0, 0, 50],
        "cubes": [
          {
            "origin": [5.64466, 15.10266, 2.001],
            "size": [1, 2, 1],
            "uv": [8, 98]
          }
        ]
      },
      {
        "name": "bone40",
        "parent": "hairLower3",
        "pivot": [4, 21, 3],
        "rotation": [0, 0, 60],
        "cubes": [
          {
            "origin": [6.62855, 13.6515, 2.001],
            "size": [1, 2, 1],
            "uv": [40, 95]
          }
        ]
      },
      {
        "name": "hairLower4",
        "parent": "ponytail",
        "pivot": [3, 21, 3],
        "rotation": [5, 0, 0]
      },
      {
        "name": "bone22",
        "parent": "hairLower4",
        "pivot": [0, 21, 3],
        "cubes": [
          {
            "origin": [2, 18.001, 3.001],
            "size": [1, 3, 1],
            "uv": [0, 90]
          }
        ]
      },
      {
        "name": "bone12",
        "parent": "hairLower4",
        "pivot": [0, 21, 3],
        "rotation": [-10, 0, 25],
        "cubes": [
          {
            "origin": [2.98636, 17.74569, 3.23761],
            "size": [1, 2, 1],
            "uv": [20, 101]
          }
        ]
      },
      {
        "name": "bone30",
        "parent": "hairLower4",
        "pivot": [0, 21, 3],
        "rotation": [-25, 0, 40],
        "cubes": [
          {
            "origin": [3.73563, 17.21758, 3.55244],
            "size": [1, 2, 1],
            "uv": [24, 98]
          }
        ]
      },
      {
        "name": "hairLower5",
        "parent": "ponytail",
        "pivot": [2, 21, 3],
        "rotation": [10, 0, 0]
      },
      {
        "name": "bone33",
        "parent": "hairLower5",
        "pivot": [-1, 20.98478, 3.34862],
        "cubes": [
          {
            "origin": [1, 18.001, 3.001],
            "size": [1, 3, 1],
            "uv": [38, 86]
          }
        ]
      },
      {
        "name": "bone11",
        "parent": "hairLower5",
        "pivot": [-1, 20.98478, 3.34862],
        "rotation": [-20, 0, 10],
        "cubes": [
          {
            "origin": [1.47255, 16.93619, 3.78849],
            "size": [1, 2, 1],
            "uv": [24, 101]
          }
        ]
      },
      {
        "name": "bone27",
        "parent": "hairLower5",
        "pivot": [-1, 20.98478, 3.34862],
        "rotation": [-25, 0, 20],
        "cubes": [
          {
            "origin": [2.16594, 15.68276, 3.85344],
            "size": [1, 2, 1],
            "uv": [32, 98]
          }
        ]
      },
      {
        "name": "bone37",
        "parent": "hairLower5",
        "pivot": [-1, 20.98478, 3.34862],
        "rotation": [-30, 0, 20],
        "cubes": [
          {
            "origin": [2.16594, 13.83409, 4.30982],
            "size": [1, 2, 1],
            "uv": [0, 98]
          }
        ]
      },
      {
        "name": "hairLower6",
        "parent": "ponytail",
        "pivot": [1, 21, 3],
        "rotation": [5, 0, 0]
      },
      {
        "name": "bone38",
        "parent": "hairLower6",
        "pivot": [-2, 21, 5],
        "rotation": [-10, 0, 5],
        "cubes": [
          {
            "origin": [0.24996, 16.14182, 3.48956],
            "size": [1, 2, 1],
            "uv": [0, 105]
          }
        ]
      },
      {
        "name": "bone24",
        "parent": "hairLower6",
        "pivot": [-2, 21, 5],
        "rotation": [-20, 0, 10],
        "cubes": [
          {
            "origin": [0.64686, 14.40995, 4.23794],
            "size": [1, 2, 1],
            "uv": [44, 98]
          }
        ]
      },
      {
        "name": "bone36",
        "parent": "hairLower6",
        "pivot": [-2, 21, 5],
        "rotation": [-25, 0, 0],
        "cubes": [
          {
            "origin": [-0.48282, 12.12559, 4.96536],
            "size": [1, 2, 1],
            "uv": [4, 98]
          }
        ]
      },
      {
        "name": "bone8",
        "parent": "hairLower6",
        "pivot": [-2, 21, 5],
        "cubes": [
          {
            "origin": [0, 18.001, 3.001],
            "size": [1, 3, 1],
            "uv": [10, 86]
          }
        ]
      },
      {
        "name": "hairLower7",
        "parent": "ponytail",
        "pivot": [0, 21, 3],
        "rotation": [10, 0, 0]
      },
      {
        "name": "bone43",
        "parent": "hairLower7",
        "pivot": [-3, 21, 3],
        "cubes": [
          {
            "origin": [-1, 18.001, 3.001],
            "size": [1, 3, 1],
            "uv": [34, 86]
          }
        ]
      },
      {
        "name": "bone9",
        "parent": "hairLower7",
        "pivot": [-3, 21, 3],
        "rotation": [-20, 0, -5],
        "cubes": [
          {
            "origin": [-1.26899, 16.37115, 4.02207],
            "size": [1, 2, 1],
            "uv": [32, 101]
          }
        ]
      },
      {
        "name": "bone25",
        "parent": "hairLower7",
        "pivot": [-3, 21, 3],
        "rotation": [-30, 0, -10],
        "cubes": [
          {
            "origin": [-1.71495, 14.67856, 4.86098],
            "size": [1, 2, 1],
            "uv": [40, 98]
          }
        ]
      },
      {
        "name": "hairLower8",
        "parent": "ponytail",
        "pivot": [-1, 21, 3],
        "rotation": [15, 0, 0]
      },
      {
        "name": "bone48",
        "parent": "hairLower8",
        "pivot": [-4, 21, 3],
        "cubes": [
          {
            "origin": [-2, 18.001, 3.001],
            "size": [1, 3, 1],
            "uv": [30, 86]
          }
        ]
      },
      {
        "name": "bone10",
        "parent": "hairLower8",
        "pivot": [-4, 21, 3],
        "rotation": [-25, 0, -10],
        "cubes": [
          {
            "origin": [-2.55116, 16.43156, 4.30216],
            "size": [1, 2, 1],
            "uv": [28, 101]
          }
        ]
      },
      {
        "name": "bone26",
        "parent": "hairLower8",
        "pivot": [-4, 21, 3],
        "rotation": [-35, 0, -25],
        "cubes": [
          {
            "origin": [-3.92396, 14.73628, 5.17564],
            "size": [1, 2, 1],
            "uv": [36, 98]
          }
        ]
      },
      {
        "name": "bone39",
        "parent": "hairLower8",
        "pivot": [-4, 21, 3],
        "rotation": [-40, 0, -30],
        "cubes": [
          {
            "origin": [-4.53019, 13.05208, 5.69673],
            "size": [1, 2, 1],
            "uv": [44, 95]
          }
        ]
      },
      {
        "name": "hairLower9",
        "parent": "ponytail",
        "pivot": [-2, 21, 3],
        "rotation": [10, 0, 0]
      },
      {
        "name": "bone53",
        "parent": "hairLower9",
        "pivot": [-5, 21, 3],
        "cubes": [
          {
            "origin": [-3, 18.001, 3.001],
            "size": [1, 3, 1],
            "uv": [26, 86]
          }
        ]
      },
      {
        "name": "bone18",
        "parent": "hairLower9",
        "pivot": [-5, 21, 3],
        "rotation": [-20, 0, -25],
        "cubes": [
          {
            "origin": [-4.45482, 15.994, 4.15934],
            "size": [1, 2, 1],
            "uv": [16, 101]
          }
        ]
      },
      {
        "name": "bone28",
        "parent": "hairLower9",
        "pivot": [-5, 21, 3],
        "rotation": [-25, 0, -45],
        "cubes": [
          {
            "origin": [-6.34919, 14.32973, 4.52751],
            "size": [1, 2, 1],
            "uv": [28, 98]
          }
        ]
      },
      {
        "name": "hairLower10",
        "parent": "ponytail",
        "pivot": [-3, 21, 3],
        "rotation": [0, 0, 5]
      },
      {
        "name": "bone58",
        "parent": "hairLower10",
        "pivot": [-14, 20, 1],
        "cubes": [
          {
            "origin": [-4, 18.001, 2.001],
            "size": [1, 3, 1],
            "uv": [22, 86]
          }
        ]
      },
      {
        "name": "bone23",
        "parent": "hairLower10",
        "pivot": [-14, 20, 1],
        "rotation": [0, 0, -40],
        "cubes": [
          {
            "origin": [-7.62449, 10.0408, 2.001],
            "size": [1, 2, 1],
            "uv": [0, 101]
          }
        ]
      },
      {
        "name": "bone31",
        "parent": "hairLower10",
        "pivot": [-14, 20, 1],
        "rotation": [0, 0, -50],
        "cubes": [
          {
            "origin": [-9.45074, 7.08501, 2.001],
            "size": [1, 2, 1],
            "uv": [20, 98]
          }
        ]
      },
      {
        "name": "bone41",
        "parent": "hairLower10",
        "pivot": [-14, 20, 1],
        "rotation": [0, 0, -60],
        "cubes": [
          {
            "origin": [-11.76252, 4.49125, 2.001],
            "size": [1, 2, 1],
            "uv": [36, 95]
          }
        ]
      },
      {
        "name": "hairLower11",
        "parent": "ponytail",
        "pivot": [-3, 21, 3],
        "rotation": [5, 0, 5]
      },
      {
        "name": "bone97",
        "parent": "hairLower11",
        "pivot": [-3, 21, 3],
        "cubes": [
          {
            "origin": [-3.5, 18, 2.5],
            "size": [1, 3, 1],
            "uv": [18, 86]
          }
        ]
      },
      {
        "name": "bone19",
        "parent": "hairLower11",
        "pivot": [-3, 21, 3],
        "rotation": [-15, 0, -40],
        "cubes": [
          {
            "origin": [-5.31139, 17.22003, 2.99458],
            "size": [1, 2, 1],
            "uv": [12, 101]
          }
        ]
      },
      {
        "name": "bone32",
        "parent": "hairLower11",
        "pivot": [-3, 21, 3],
        "rotation": [-15, 0, -50],
        "cubes": [
          {
            "origin": [-5.95499, 15.66507, 2.87533],
            "size": [1, 2, 1],
            "uv": [16, 98]
          }
        ]
      },
      {
        "name": "hairLower12",
        "parent": "ponytail",
        "pivot": [3, 21, 3],
        "rotation": [5, 0, -5]
      },
      {
        "name": "bone102",
        "parent": "hairLower12",
        "pivot": [3, 21, 3],
        "cubes": [
          {
            "origin": [2.5, 18, 2.5],
            "size": [1, 3, 1],
            "uv": [14, 86]
          }
        ]
      },
      {
        "name": "bone20",
        "parent": "hairLower12",
        "pivot": [3, 21, 3],
        "rotation": [-15, 0, 40],
        "cubes": [
          {
            "origin": [4.31139, 17.22003, 2.99458],
            "size": [1, 2, 1],
            "uv": [8, 101]
          }
        ]
      },
      {
        "name": "bone34",
        "parent": "hairLower12",
        "pivot": [3, 21, 3],
        "rotation": [-15, 0, 50],
        "cubes": [
          {
            "origin": [4.95499, 15.66507, 2.87533],
            "size": [1, 2, 1],
            "uv": [12, 98]
          }
        ]
      },
      {
        "name": "bone42",
        "parent": "ponytail",
        "pivot": [0, 0, 0],
        "rotation": [0, 0, 30],
        "cubes": [
          {
            "origin": [-6.49046, 9.50976, 1.92461],
            "size": [1, 1, 1],
            "uv": [26, 104]
          }
        ]
      },
      {
        "name": "bone83",
        "parent": "ponytail",
        "pivot": [0, 0, 0],
        "rotation": [0, 0, 45],
        "cubes": [
          {
            "origin": [-8.76468, 6.76468, 1.92461],
            "size": [1, 1, 1],
            "uv": [22, 106]
          }
        ]
      },
      {
        "name": "bone84",
        "parent": "ponytail",
        "pivot": [0, 0, 0],
        "rotation": [0, 0, 60],
        "cubes": [
          {
            "origin": [-10.25094, 3.52453, 1.92461],
            "size": [1, 1, 1],
            "uv": [22, 104]
          }
        ]
      },
      {
        "name": "bone85",
        "parent": "ponytail",
        "pivot": [0, 0, 0],
        "rotation": [0, 0, 75],
        "cubes": [
          {
            "origin": [-10.84794, 0.01012, 1.92461],
            "size": [1, 1, 1],
            "uv": [18, 106]
          }
        ]
      },
      {
        "name": "bone86",
        "parent": "ponytail",
        "pivot": [0, 0, 0],
        "cubes": [
          {
            "origin": [-3.53906, 9.51499, 1.92461],
            "size": [1, 1, 1],
            "uv": [18, 104]
          }
        ]
      },
      {
        "name": "bone87",
        "parent": "ponytail",
        "pivot": [0, 0, 0],
        "rotation": [0, -15, 0],
        "cubes": [
          {
            "origin": [-3.66152, 9.51499, 2.74093],
            "size": [1, 1, 1],
            "uv": [14, 106]
          }
        ]
      },
      {
        "name": "bone88",
        "parent": "ponytail",
        "pivot": [0, 0, 0],
        "rotation": [0, -30, 0],
        "cubes": [
          {
            "origin": [-3.56853, 9.51499, 3.56114],
            "size": [1, 1, 1],
            "uv": [14, 104]
          }
        ]
      },
      {
        "name": "earRight",
        "parent": "head",
        "pivot": [-2.5, 25, -2],
        "rotation": [20, 0, -15],
        "cubes": [
          {
            "origin": [-4, 25, -2],
            "size": [3, 2, 1],
            "uv": [32, 78]
          },
          {
            "origin": [-3, 26.73205, -2],
            "size": [1, 2, 1],
            "uv": [32, 95]
          }
        ]
      },
      {
        "name": "bone44",
        "parent": "earRight",
        "pivot": [-2, 25, -2],
        "rotation": [0, 0, -30],
        "cubes": [
          {
            "origin": [-1.13397, 26.23205, -2.001],
            "size": [1, 2, 1],
            "uv": [28, 95]
          }
        ]
      },
      {
        "name": "bone45",
        "parent": "earRight",
        "pivot": [-2, 25, -2],
        "rotation": [0, 0, 30],
        "cubes": [
          {
            "origin": [-4.73205, 25.73205, -2.001],
            "size": [1, 2, 1],
            "uv": [24, 95]
          }
        ]
      },
      {
        "name": "earLeft",
        "parent": "head",
        "pivot": [2.5, 25, -2],
        "rotation": [20, 0, 15],
        "cubes": [
          {
            "origin": [1, 25, -2],
            "size": [3, 2, 1],
            "uv": [32, 75]
          },
          {
            "origin": [2, 26.73205, -2],
            "size": [1, 2, 1],
            "uv": [20, 95]
          }
        ]
      },
      {
        "name": "bone46",
        "parent": "earLeft",
        "pivot": [3, 25, -2],
        "rotation": [0, 0, -30],
        "cubes": [
          {
            "origin": [3.86603, 26.23205, -2.001],
            "size": [1, 2, 1],
            "uv": [16, 95]
          }
        ]
      },
      {
        "name": "bone47",
        "parent": "earLeft",
        "pivot": [3, 25, -2],
        "rotation": [0, 0, 30],
        "cubes": [
          {
            "origin": [0.26795, 25.73205, -2.001],
            "size": [1, 2, 1],
            "uv": [12, 95]
          }
        ]
      },
      {
        "name": "hairDecoration",
        "parent": "head",
        "pivot": [0, 12, 2.5],
        "rotation": [0, 30, 0]
      },
      {
        "name": "bone93",
        "parent": "hairDecoration",
        "pivot": [-2, 12, 4],
        "rotation": [0, -5, 0],
        "cubes": [
          {
            "origin": [-6.63915, 11.84695, 2.34303],
            "size": [6, 1, 0],
            "uv": [0, 75]
          }
        ]
      },
      {
        "name": "bone95",
        "parent": "hairDecoration",
        "pivot": [-2, 12, 4],
        "cubes": [
          {
            "origin": [-6.47617, 11.84695, 1.946],
            "size": [0, 1, 1],
            "uv": [26, 108]
          }
        ]
      },
      {
        "name": "bone94",
        "parent": "hairDecoration",
        "pivot": [-2, 12, 4],
        "rotation": [0, 5, 0],
        "cubes": [
          {
            "origin": [-6.36727, 11.84695, 2.55989],
            "size": [6, 1, 0],
            "uv": [8, 72]
          }
        ]
      },
      {
        "name": "hairDecoration2",
        "parent": "head",
        "pivot": [0, 12, 2.5],
        "rotation": [0, -30, 0]
      },
      {
        "name": "bone96",
        "parent": "hairDecoration2",
        "pivot": [2, 12, 4],
        "rotation": [0, 5, 0],
        "cubes": [
          {
            "origin": [0.63915, 11.84695, 2.34303],
            "size": [6, 1, 0],
            "uv": [8, 71]
          }
        ]
      },
      {
        "name": "bone98",
        "parent": "hairDecoration2",
        "pivot": [2, 12, 4],
        "cubes": [
          {
            "origin": [6.47617, 11.84695, 1.946],
            "size": [0, 1, 1],
            "uv": [22, 110]
          }
        ]
      },
      {
        "name": "bone99",
        "parent": "hairDecoration2",
        "pivot": [2, 12, 4],
        "rotation": [0, -5, 0],
        "cubes": [
          {
            "origin": [0.36727, 11.84695, 2.55989],
            "size": [6, 1, 0],
            "uv": [8, 70]
          }
        ]
      },
      {
        "name": "armRight",
        "pivot": [-3, 17.5, 0],
        "rotation": [0, 0, 25],
        "cubes": [
          {
            "origin": [-5, 9.5, -1],
            "size": [2, 7, 2],
            "uv": [0, 66]
          },
          {
            "origin": [-4, 16.5, -1],
            "size": [1, 1, 2],
            "uv": [36, 81]
          },
          {
            "origin": [-5.5, 10.5, -1.5],
            "size": [3, 5, 3],
            "uv": [40, 49]
          }
        ]
      },
      {
        "name": "bone50",
        "parent": "armRight",
        "pivot": [0, 0, 0],
        "rotation": [0, 0, 45],
        "cubes": [
          {
            "origin": [-15.2028, 8.13173, -1],
            "size": [1, 1.414, 2],
            "uv": [24, 81]
          }
        ]
      },
      {
        "name": "armDecorationRight",
        "parent": "armRight",
        "pivot": [-5, 15, 0],
        "rotation": [-15, 0, 20],
        "cubes": [
          {
            "origin": [-5.63986, 12.15924, -0.56031],
            "size": [0, 3, 1],
            "uv": [8, 104]
          }
        ]
      },
      {
        "name": "armDecorationRight2",
        "parent": "armRight",
        "pivot": [-5, 15, 0],
        "rotation": [15, 0, 20],
        "cubes": [
          {
            "origin": [-5.63986, 12.15924, -0.56031],
            "size": [0, 3, 1],
            "uv": [6, 104]
          }
        ]
      },
      {
        "name": "armLeft",
        "pivot": [3, 17.5, 0],
        "rotation": [0, 0, -25],
        "cubes": [
          {
            "origin": [3, 9.5, -1],
            "size": [2, 7, 2],
            "uv": [48, 57]
          },
          {
            "origin": [3, 16.5, -1],
            "size": [1, 1, 2],
            "uv": [0, 86]
          },
          {
            "origin": [2.5, 10.5, -1.5],
            "size": [3, 5, 3],
            "uv": [28, 49]
          }
        ]
      },
      {
        "name": "bone49",
        "parent": "armLeft",
        "pivot": [0, 0, 0],
        "rotation": [0, 0, -45],
        "cubes": [
          {
            "origin": [14.2028, 8.13173, -1],
            "size": [1, 1.414, 2],
            "uv": [30, 81]
          }
        ]
      },
      {
        "name": "armDecorationLeft",
        "parent": "armLeft",
        "pivot": [5, 15, 0],
        "rotation": [15, 0, -20],
        "cubes": [
          {
            "origin": [5.64086, 12.15924, -0.43969],
            "size": [0, 3, 1],
            "uv": [12, 104]
          }
        ]
      },
      {
        "name": "armDecorationLeft2",
        "parent": "armLeft",
        "pivot": [5, 15, 0],
        "rotation": [-15, 0, -20],
        "cubes": [
          {
            "origin": [5.64086, 12.15924, -0.56031],
            "size": [0, 3, 1],
            "uv": [10, 104]
          }
        ]
      },
      {
        "name": "body",
        "pivot": [0, 10.5, 0],
        "cubes": [
          {
            "origin": [-3, 17, -2.001],
            "size": [6, 2, 4],
            "uv": [38, 26]
          },
          {
            "origin": [-2.5, 11.5, -1.5],
            "size": [5, 8, 3],
            "uv": [22, 26]
          },
          {
            "origin": [-4, 8, -2],
            "size": [8, 2, 4],
            "uv": [52, 14]
          },
          {
            "origin": [-3.5, 9.5, -2],
            "size": [7, 2, 4],
            "uv": [0, 26]
          }
        ]
      },
      {
        "name": "clothRight",
        "parent": "body",
        "pivot": [0, 15.5, -2],
        "rotation": [0, 0, 10],
        "cubes": [
          {
            "origin": [-3, 10.5, -2.001],
            "size": [3, 6, 4],
            "uv": [14, 37]
          },
          {
            "origin": [-3, 10.5, 2.001],
            "size": [3, 6, 0],
            "uv": [12, 75]
          }
        ]
      },
      {
        "name": "clothLeft",
        "parent": "body",
        "pivot": [0, 15.5, -2],
        "rotation": [0, 0, -10],
        "cubes": [
          {
            "origin": [0, 10.5, -2.001],
            "size": [3, 6, 4],
            "uv": [0, 37]
          },
          {
            "origin": [0, 10.5, 2.001],
            "size": [3, 6, 0],
            "uv": [18, 75]
          }
        ]
      },
      {
        "name": "chest",
        "parent": "body",
        "pivot": [0, 15.5, -2],
        "rotation": [-20, 0, 0],
        "cubes": [
          {
            "origin": [-2.5, 15.5, -3],
            "size": [5, 1, 1],
            "uv": [8, 68]
          }
        ]
      },
      {
        "name": "decoration",
        "parent": "chest",
        "pivot": [0, 9.5, 0]
      },
      {
        "name": "bone14",
        "parent": "decoration",
        "pivot": [0, 17, -3.5],
        "rotation": [-10, 15, -20],
        "cubes": [
          {
            "origin": [-0.1088, 16.07051, -3.10013],
            "size": [3, 1, 0],
            "uv": [0, 104]
          }
        ]
      },
      {
        "name": "bone2",
        "parent": "decoration",
        "pivot": [0, 17, -3.5],
        "rotation": [-10, 5, -40],
        "cubes": [
          {
            "origin": [0, 16.073, -3.08602],
            "size": [3, 1, 0],
            "uv": [36, 103]
          }
        ]
      },
      {
        "name": "bone15",
        "parent": "decoration",
        "pivot": [0, 17, -3.5],
        "rotation": [-10, -15, 20],
        "cubes": [
          {
            "origin": [-2.8912, 16.07051, -3.10013],
            "size": [3, 1, 0],
            "uv": [36, 102]
          }
        ]
      },
      {
        "name": "bone3",
        "parent": "decoration",
        "pivot": [0, 17, -3.5],
        "rotation": [-10, -5, 40],
        "cubes": [
          {
            "origin": [-3, 16.073, -3.08602],
            "size": [3, 1, 0],
            "uv": [36, 101]
          }
        ]
      },
      {
        "name": "bone16",
        "parent": "decoration",
        "pivot": [0, 16, -3.5],
        "rotation": [-10, 0, -20],
        "cubes": [
          {
            "origin": [-0.158, 12.99841, -3.2492],
            "size": [1, 4, 0],
            "uv": [12, 108]
          }
        ]
      },
      {
        "name": "bone17",
        "parent": "decoration",
        "pivot": [0, 16, -3.5],
        "rotation": [-10, 0, 20],
        "cubes": [
          {
            "origin": [-0.842, 12.99841, -3.2492],
            "size": [1, 4, 0],
            "uv": [10, 108]
          }
        ]
      },
      {
        "name": "bone7",
        "parent": "chest",
        "pivot": [-0.5, 0, 0.5],
        "rotation": [-20, 0, 0],
        "cubes": [
          {
            "origin": [-2.5, 14.30786, -8.43226],
            "size": [5, 1, 1],
            "uv": [8, 66]
          }
        ]
      },
      {
        "name": "bone",
        "parent": "body",
        "pivot": [-0.5, 0, 0.5],
        "rotation": [0, 0, 25],
        "cubes": [
          {
            "origin": [-5.35767, 16.69901, -2],
            "size": [3, 2, 4],
            "uv": [14, 49]
          }
        ]
      },
      {
        "name": "bone4",
        "parent": "body",
        "pivot": [-0.5, 0, 0.5],
        "rotation": [0, 0, -25],
        "cubes": [
          {
            "origin": [2.26398, 16.27639, -2],
            "size": [3, 2, 4],
            "uv": [0, 49]
          }
        ]
      },
      {
        "name": "legLeft",
        "pivot": [2, 9, 0],
        "cubes": [
          {
            "origin": [0.5, 0, -1.5],
            "size": [3, 9, 3],
            "uv": [40, 37]
          }
        ]
      },
      {
        "name": "bone55",
        "parent": "legLeft",
        "pivot": [0, 0, 0],
        "rotation": [0, 0, -5],
        "cubes": [
          {
            "origin": [2.93868, 5.77346, -2],
            "size": [2, 2, 4],
            "uv": [24, 57]
          }
        ]
      },
      {
        "name": "bone54",
        "parent": "legLeft",
        "pivot": [0, 0, 0],
        "rotation": [0, 0, 5],
        "cubes": [
          {
            "origin": [-0.45581, 6.16566, -2],
            "size": [2, 2, 4],
            "uv": [52, 49]
          }
        ]
      },
      {
        "name": "legRight",
        "pivot": [-2, 9, 0],
        "cubes": [
          {
            "origin": [-3.5, 0, -1.5],
            "size": [3, 9, 3],
            "uv": [28, 37]
          }
        ]
      },
      {
        "name": "bone51",
        "parent": "legRight",
        "pivot": [0, 0, 0],
        "rotation": [0, 0, 5],
        "cubes": [
          {
            "origin": [-4.93868, 5.77346, -2],
            "size": [2, 2, 4],
            "uv": [12, 57]
          }
        ]
      },
      {
        "name": "bone52",
        "parent": "legRight",
        "pivot": [0, 0, 0],
        "rotation": [0, 0, -5],
        "cubes": [
          {
            "origin": [-1.54419, 6.16566, -2],
            "size": [2, 2, 4],
            "uv": [0, 57]
          }
        ]
      },
      {
        "name": "wingLeft",
        "pivot": [0, 0, 0]
      },
      {
        "name": "wingRight",
        "pivot": [0, 0, 0]
      },
      {
        "name": "tail",
        "pivot": [0, 10, 2]
      },
      {
        "name": "part1",
        "parent": "tailOffset",
        "pivot": [0, 10.93969, 2.34202]
      },
      {
        "name": "bone60",
        "parent": "part1",
        "pivot": [0, 10.93969, 2.34202],
        "rotation": [-13, 0, 13],
        "cubes": [
          {
            "origin": [-0.55134, 11.32437, 1.76636],
            "size": [1, 2, 1],
            "uv": [36, 90]
          }
        ]
      },
      {
        "name": "bone59",
        "parent": "part1",
        "pivot": [0, 10.93969, 2.34202],
        "rotation": [13, 0, 13],
        "cubes": [
          {
            "origin": [-0.55134, 11.32437, 1.91768],
            "size": [1, 2, 1],
            "uv": [0, 95]
          }
        ]
      },
      {
        "name": "bone57",
        "parent": "part1",
        "pivot": [0, 10.93969, 2.34202],
        "rotation": [13, 0, -13],
        "cubes": [
          {
            "origin": [-0.44866, 11.32437, 1.91768],
            "size": [1, 2, 1],
            "uv": [4, 95]
          }
        ]
      },
      {
        "name": "bone56",
        "parent": "part1",
        "pivot": [0, 10.93969, 2.34202],
        "rotation": [-13, 0, -13],
        "cubes": [
          {
            "origin": [-0.44866, 11.32437, 1.76636],
            "size": [1, 2, 1],
            "uv": [8, 95]
          }
        ]
      },
      {
        "name": "part2",
        "parent": "tailOffset",
        "pivot": [0, 9.93969, 3.34202],
        "rotation": [15, 0, 0]
      },
      {
        "name": "bone61",
        "parent": "part2",
        "pivot": [0, 9.93969, 3.34202],
        "rotation": [-7, 0, -7],
        "cubes": [
          {
            "origin": [-0.63573, 13.19997, 2.96183],
            "size": [1, 4, 1],
            "uv": [20, 81]
          }
        ]
      },
      {
        "name": "bone63",
        "parent": "part2",
        "pivot": [0, 9.93969, 3.34202],
        "rotation": [7, 0, -7],
        "cubes": [
          {
            "origin": [-0.63573, 13.19997, 2.72221],
            "size": [1, 4, 1],
            "uv": [12, 81]
          }
        ]
      },
      {
        "name": "bone64",
        "parent": "part2",
        "pivot": [0, 9.93969, 3.34202],
        "rotation": [7, 0, 7],
        "cubes": [
          {
            "origin": [-0.36427, 13.19997, 2.72221],
            "size": [1, 4, 1],
            "uv": [8, 81]
          }
        ]
      },
      {
        "name": "bone62",
        "parent": "part2",
        "pivot": [0, 9.93969, 3.34202],
        "rotation": [-7, 0, 7],
        "cubes": [
          {
            "origin": [-0.36427, 13.19997, 2.96183],
            "size": [1, 4, 1],
            "uv": [16, 81]
          }
        ]
      },
      {
        "name": "bone65",
        "parent": "part2",
        "pivot": [0, 9.93969, 3.34202],
        "rotation": [-7, 0, 0],
        "cubes": [
          {
            "origin": [-0.5, 13.07032, 3.97675],
            "size": [1, 4, 0],
            "uv": [4, 108]
          }
        ]
      },
      {
        "name": "bone66",
        "parent": "part2",
        "pivot": [0, 9.93969, 3.34202],
        "rotation": [7, 0, 0],
        "cubes": [
          {
            "origin": [-0.5, 13.07032, 2.70629],
            "size": [1, 4, 0],
            "uv": [2, 108]
          }
        ]
      },
      {
        "name": "bone67",
        "parent": "part2",
        "pivot": [0, 9.93969, 3.34202],
        "rotation": [0, 0, -7],
        "cubes": [
          {
            "origin": [-0.63473, 13.07032, 2.84202],
            "size": [0, 4, 1],
            "uv": [34, 90]
          }
        ]
      },
      {
        "name": "bone68",
        "parent": "part2",
        "pivot": [0, 9.93969, 3.34202],
        "rotation": [0, 0, 7],
        "cubes": [
          {
            "origin": [0.63573, 13.07032, 2.84202],
            "size": [0, 4, 1],
            "uv": [32, 90]
          }
        ]
      },
      {
        "name": "bone81",
        "parent": "tailOffset",
        "pivot": [-0.5, 10.93969, 2.84202],
        "rotation": [30, 0, 0],
        "cubes": [
          {
            "origin": [-1.5, 16.19692, 3.03565],
            "size": [3, 2, 3],
            "uv": [36, 57]
          }
        ]
      },
      {
        "name": "part3",
        "parent": "tailOffset",
        "pivot": [0, 24.93969, 2.34202],
        "rotation": [45, 0, 0]
      },
      {
        "name": "bone69",
        "parent": "part3",
        "pivot": [0, 24.93969, 2.34202],
        "rotation": [7, 0, 7],
        "cubes": [
          {
            "origin": [-0.99285, 21.30752, -3.72119],
            "size": [1, 4, 1],
            "uv": [4, 81]
          }
        ]
      },
      {
        "name": "bone70",
        "parent": "part3",
        "pivot": [0, 24.93969, 2.34202],
        "rotation": [-7, 0, 7],
        "cubes": [
          {
            "origin": [-0.99285, 19.8249, -4.66973],
            "size": [1, 4, 1],
            "uv": [0, 81]
          }
        ]
      },
      {
        "name": "bone71",
        "parent": "part3",
        "pivot": [0, 24.93969, 2.34202],
        "rotation": [-7, 0, -7],
        "cubes": [
          {
            "origin": [-0.00715, 19.8249, -4.66973],
            "size": [1, 4, 1],
            "uv": [44, 75]
          }
        ]
      },
      {
        "name": "bone72",
        "parent": "part3",
        "pivot": [0, 24.93969, 2.34202],
        "rotation": [7, 0, -7],
        "cubes": [
          {
            "origin": [-0.00715, 21.30752, -3.72119],
            "size": [1, 4, 1],
            "uv": [40, 75]
          }
        ]
      },
      {
        "name": "bone73",
        "parent": "part3",
        "pivot": [0, 24.93969, 2.34202],
        "rotation": [7, 0, 0],
        "cubes": [
          {
            "origin": [-0.5, 21.45885, -2.70361],
            "size": [1, 4, 0],
            "uv": [0, 108]
          }
        ]
      },
      {
        "name": "bone74",
        "parent": "part3",
        "pivot": [0, 24.93969, 2.34202],
        "rotation": [-7, 0, 0],
        "cubes": [
          {
            "origin": [-0.5, 19.97624, -4.68831],
            "size": [1, 4, 0],
            "uv": [30, 104]
          }
        ]
      },
      {
        "name": "bone75",
        "parent": "part3",
        "pivot": [0, 24.93969, 2.34202],
        "rotation": [0, 0, 7],
        "cubes": [
          {
            "origin": [-0.99185, 20.71754, -4.2408],
            "size": [0, 4, 1],
            "uv": [30, 90]
          }
        ]
      },
      {
        "name": "bone76",
        "parent": "part3",
        "pivot": [0, 24.93969, 2.34202],
        "rotation": [0, 0, -7],
        "cubes": [
          {
            "origin": [0.99285, 20.71754, -4.2408],
            "size": [0, 4, 1],
            "uv": [28, 90]
          }
        ]
      },
      {
        "name": "part4",
        "parent": "tailOffset",
        "pivot": [0, 28.93969, -1.65798],
        "rotation": [60, 0, 0]
      },
      {
        "name": "bone77",
        "parent": "part4",
        "pivot": [0, 28.93969, -1.65798],
        "rotation": [13, 0, -13],
        "cubes": [
          {
            "origin": [-0.98763, 26.09898, -9.87707],
            "size": [1, 2, 1],
            "uv": [24, 90]
          }
        ]
      },
      {
        "name": "bone78",
        "parent": "part4",
        "pivot": [0, 28.93969, -1.65798],
        "rotation": [-13, 0, -13],
        "cubes": [
          {
            "origin": [-0.98763, 22.77194, -8.84991],
            "size": [1, 2, 1],
            "uv": [20, 90]
          }
        ]
      },
      {
        "name": "bone79",
        "parent": "part4",
        "pivot": [0, 28.93969, -1.65798],
        "rotation": [-13, 0, 13],
        "cubes": [
          {
            "origin": [-0.01237, 22.77194, -8.84991],
            "size": [1, 2, 1],
            "uv": [16, 90]
          }
        ]
      },
      {
        "name": "bone80",
        "parent": "part4",
        "pivot": [0, 28.93969, -1.65798],
        "rotation": [13, 0, 13],
        "cubes": [
          {
            "origin": [-0.01237, 26.09898, -9.87707],
            "size": [1, 2, 1],
            "uv": [12, 90]
          }
        ]
      },
      {
        "name": "bone82",
        "parent": "tailOffset",
        "pivot": [0.48384, 10.93969, 2.35454],
        "rotation": [75, 0, 0],
        "cubes": [
          {
            "origin": [-0.5, 18.94915, 10.47559],
            "size": [1, 1, 1],
            "uv": [6, 108]
          }
        ]
      },
      {
        "name": "star",
        "parent": "tailOffset",
        "pivot": [0, 19, -6],
        "rotation": [35, 0, 0],
        "cubes": [
          {
            "origin": [-1.01616, 17.47151, -2.8],
            "size": [2, 0.125, 0.25],
            "uv": [23, 9]
          }
        ]
      },
      {
        "name": "bone89",
        "parent": "star",
        "pivot": [0, 19, -6],
        "rotation": [0, 0, -36],
        "cubes": [
          {
            "origin": [-2.10248, 17.06013, -2.8],
            "size": [2, 0.125, 0.25],
            "uv": [23, 9]
          }
        ]
      },
      {
        "name": "bone90",
        "parent": "star",
        "pivot": [0, 19, -6],
        "rotation": [0, 0, 36],
        "cubes": [
          {
            "origin": [0.07634, 17.04114, -2.8],
            "size": [2, 0.125, 0.25],
            "uv": [23, 9]
          }
        ]
      },
      {
        "name": "bone91",
        "parent": "star",
        "pivot": [0, 19, -6],
        "rotation": [0, 0, -72],
        "cubes": [
          {
            "origin": [-2.76769, 18.76755, -2.8],
            "size": [2, 0.125, 0.25],
            "uv": [23, 9]
          }
        ]
      },
      {
        "name": "bone92",
        "parent": "star",
        "pivot": [0, 19, -6],
        "rotation": [0, 0, 72],
        "cubes": [
          {
            "origin": [0.75771, 18.73682, -2.8],
            "size": [2, 0.125, 0.25],
            "uv": [23, 9]
          }
        ]
      },
      {
        "name": "tailOffset",
        "parent": "tail",
        "pivot": [0, 10, 2],
        "rotation": [-70, 0, 0],
        "cubes": [
          {
            "origin": [-0.5, 8.93969, 1.84202],
            "size": [1, 3, 1],
            "uv": [6, 86]
          }
        ]
      }
    ]
  }
}